 1.88000000000000E+03, -9.14975413700032E-02,  0.00000000000000E+00,  5.29690610708242E-01,  1.00000000000000E-02,  3.82103014138337E+03,  1.96809682975814E+03
 1.88008333300000E+03, -8.48783983857927E-02, -6.00000000000000E-02,  5.30472266132514E-01,  1.90000000000000E-01,  3.87669155203421E+03,  3.33014888446139E+03
 1.88016666700000E+03, -7.83790346715118E-02, -1.95000000000000E-01,  5.31251377967942E-01,  3.70000000000000E-01,  2.64404213273891E+03,  3.64156967503119E+03
 1.88025000000000E+03, -1.18429194616681E-01, -3.25000000000000E-01,  5.32027819800318E-01,  5.50000000000000E-01,  1.92304990143485E+03,  3.33730408792808E+03
 1.88033333300000E+03, -2.04901943843743E-01, -4.30000000000000E-01,  8.45103656323532E-01,  7.30000000000000E-01,  1.24525204513223E+03,  2.81694039927591E+03
 1.88041666700000E+03, -2.43082646048968E-01, -4.67500000000000E-01,  8.46014763078650E-01,  9.10000000000000E-01,  7.53754620750203E+02,  2.06714541772557E+03
 1.88050000000000E+03, -2.30136128209877E-01, -4.30000000000000E-01,  8.46926127846939E-01,  1.09000000000000E+00,  5.03285622777186E+02,  1.50773445356729E+03
 1.88058333300000E+03, -2.11433690652181E-01, -3.97500000000000E-01,  8.47837722595340E-01,  1.27000000000000E+00,  4.20963891519206E+02,  1.30872090531597E+03
 1.88066666700000E+03, -1.88764066583020E-01, -3.62500000000000E-01,  8.48749518958584E-01,  1.45000000000000E+00,  4.16937632108657E+02,  1.27773854469384E+03
 1.88075000000000E+03, -1.55047774853458E-01, -2.90000000000000E-01,  8.49661488236944E-01,  1.63000000000000E+00,  7.79670486754959E+02,  1.49593703013320E+03
 1.88083333300000E+03, -1.14456421626219E-01, -1.85000000000000E-01,  8.53810026914843E-01,  1.81000000000000E+00,  1.65213477688803E+03,  2.07629352211772E+03
 1.88091666700000E+03, -9.11885097991154E-02, -6.25000000000000E-02,  8.54722418719631E-01,  1.99000000000000E+00,  2.17594805313463E+03,  2.35184704905200E+03
 1.88100000000000E+03, -8.45065128845345E-02,  5.75000000000000E-02,  8.55634787106555E-01,  2.17000000000000E+00,  2.19941892229227E+03,  2.23913451373974E+03
 1.88108333300000E+03, -8.10204041892558E-02,  1.90000000000000E-01,  8.56547100779269E-01,  2.35000000000000E+00,  2.46281726585771E+03,  2.97350656365485E+03
 1.88116666700000E+03, -7.85649476948621E-02,  3.12500000000000E-01,  8.57459328087872E-01,  2.53000000000000E+00,  3.58056553598810E+03,  5.21622443362059E+03
 1.88125000000000E+03, -4.62479622937548E-02,  3.42500000000000E-01,  8.58371437026695E-01,  2.71000000000000E+00,  7.29985793445144E+03,  9.46094074625468E+03
 1.88133333300000E+03,  1.33823092545850E-02,  2.60000000000000E-01,  6.11810881360615E-01,  2.89000000000000E+00,  1.25324840573762E+04,  1.45681930368775E+04
 1.88141666700000E+03,  3.91843216331703E-02,  1.42500000000000E-01,  6.12167968938371E-01,  3.07000000000000E+00,  1.46665698661706E+04,  1.67472731134260E+04
 1.88150000000000E+03,  3.67211574750824E-02,  5.25000000000000E-02,  6.12526264452117E-01,  3.25000000000000E+00,  1.43867931466063E+04,  1.60311394989311E+04
 1.88158333300000E+03,  3.99421435442487E-02, -2.75000000000000E-02,  6.12885771710860E-01,  3.43000000000000E+00,  1.37082627388655E+04,  1.42906673237512E+04
 1.88166666700000E+03,  4.70859714214614E-02, -1.32500000000000E-01,  6.13246494530073E-01,  3.61000000000000E+00,  9.64276706763642E+03,  9.60750865990352E+03
 1.88175000000000E+03,  1.21539811860647E-02, -2.85000000000000E-01,  6.13608436731631E-01,  3.79000000000000E+00,  3.98468621669888E+03,  3.97664250476178E+03
 1.88183333300000E+03, -6.79788880418599E-02, -4.12500000000000E-01,  6.42056811473483E-01,  3.97000000000000E+00,  1.96447434601870E+03,  2.10432023310945E+03
 1.88191666700000E+03, -1.11172275799814E-01, -4.42500000000000E-01,  6.42514896631263E-01,  4.15000000000000E+00,  2.05356755069105E+03,  2.16856888184586E+03
 1.88200000000000E+03, -1.18590513545548E-01, -4.02500000000000E-01,  6.42974485618179E-01,  4.33000000000000E+00,  1.38961990244689E+03,  1.52578119957980E+03
 1.88208333300000E+03, -1.30005801722235E-01, -3.00000000000000E-01,  6.43435582435087E-01,  4.51000000000000E+00,  7.14985716917460E+02,  1.01356645516917E+03
 1.88216666700000E+03, -1.40871827227680E-01, -1.85000000000000E-01,  6.43898191079598E-01,  4.69000000000000E+00,  1.06680722274675E+03,  1.19735253607278E+03
 1.88225000000000E+03, -1.68776895701779E-01, -1.65000000000000E-01,  6.44362315545873E-01,  4.87000000000000E+00,  2.37588941307514E+03,  2.15191082582044E+03
 1.88233333300000E+03, -2.14563954600869E-01, -2.42500000000000E-01,  4.64124223160356E-01,  5.05000000000000E+00,  3.47474146639619E+03,  3.18444609838689E+03
 1.88241666700000E+03, -2.37869087897016E-01, -3.35000000000000E-01,  4.64016816969533E-01,  5.23000000000000E+00,  4.02830121933351E+03,  3.62249424379070E+03
 1.88250000000000E+03, -2.36355261013341E-01, -3.92500000000000E-01,  4.63909170034055E-01,  5.41000000000000E+00,  4.57389610306172E+03,  3.99357131435423E+03
 1.88258333300000E+03, -2.29177724415305E-01, -4.17500000000000E-01,  4.63801282159975E-01,  5.59000000000000E+00,  4.36764862315013E+03,  4.17912016277674E+03
 1.88266666700000E+03, -2.18433152069203E-01, -4.22500000000000E-01,  4.63693153156211E-01,  5.77000000000000E+00,  3.15080748819639E+03,  3.48193978832436E+03
 1.88275000000000E+03, -2.35379098421390E-01, -3.97500000000000E-01,  4.63584782834581E-01,  5.95000000000000E+00,  2.30071269351721E+03,  2.66406848959924E+03
 1.88283333300000E+03, -2.83452441640257E-01, -3.60000000000000E-01,  4.72669473231221E-01,  6.13000000000000E+00,  2.66934649912121E+03,  3.30620094523844E+03
 1.88291666700000E+03, -3.10034507929639E-01, -2.97500000000000E-01,  4.72582246664581E-01,  6.31000000000000E+00,  3.29907373403223E+03,  4.34042982675663E+03
 1.88300000000000E+03, -3.14683458470284E-01, -2.55000000000000E-01,  4.72494804582432E-01,  6.49000000000000E+00,  3.44207936000518E+03,  4.09949577161623E+03
 1.88308333300000E+03, -3.22359716618290E-01, -3.17500000000000E-01,  4.72407146636265E-01,  6.67000000000000E+00,  3.84640150560726E+03,  4.03634691668504E+03
 1.88316666700000E+03, -3.31774704709362E-01, -3.75000000000000E-01,  4.72319272478464E-01,  6.85000000000000E+00,  3.85849994827163E+03,  4.03809100027952E+03
 1.88325000000000E+03, -3.75636845998210E-01, -3.62500000000000E-01,  4.72231181762321E-01,  7.03000000000000E+00,  2.78557328548811E+03,  2.87635207228895E+03
 1.88333333300000E+03, -4.50422573686045E-01, -3.27500000000000E-01,  8.17090113664345E-01,  7.21000000000000E+00,  2.26227952012997E+03,  2.24669699267560E+03
 1.88341666700000E+03, -4.85347081473128E-01, -3.30000000000000E-01,  8.15375955497944E-01,  7.39000000000000E+00,  2.33677382197597E+03,  2.33364190253585E+03
 1.88350000000000E+03, -4.79179722654422E-01, -4.07500000000000E-01,  8.13664530535806E-01,  7.57000000000000E+00,  2.45706042265140E+03,  2.70897092493904E+03
 1.88358333300000E+03, -4.65489239801778E-01, -4.65000000000000E-01,  8.11956271527963E-01,  7.75000000000000E+00,  3.43130683084877E+03,  4.13371916900526E+03
 1.88366666700000E+03, -4.44850659734205E-01, -5.02500000000000E-01,  8.10251616967617E-01,  7.93000000000000E+00,  4.06294613721723E+03,  4.72088277401579E+03
 1.88375000000000E+03, -4.33348334449640E-01, -5.42500000000000E-01,  8.08551011069738E-01,  8.11000000000000E+00,  3.55981175712260E+03,  4.01332297141340E+03
 1.88383333300000E+03, -4.40318663065336E-01, -5.17500000000000E-01,  8.17205965730253E-01,  8.29000000000000E+00,  3.18699496537060E+03,  3.81417189514922E+03
 1.88391666700000E+03, -4.46218618421312E-01, -4.77500000000000E-01,  8.15491638435785E-01,  8.47000000000000E+00,  2.56606265738517E+03,  3.07398451533265E+03
 1.88400000000000E+03, -4.46230618961534E-01, -5.27500000000000E-01,  8.13780015327694E-01,  8.65000000000000E+00,  1.29391061064387E+03,  1.42889476471664E+03
 1.88408333300000E+03, -4.47414092732381E-01, -6.52500000000000E-01,  8.12071528767441E-01,  8.82999999999999E+00,  1.03400452951078E+03,  1.03706022690253E+03
 1.88416666700000E+03, -4.47096734949589E-01, -6.85000000000000E-01,  8.10366616861016E-01,  9.00999999999999E+00,  2.49648175438924E+03,  2.43276297796994E+03
 1.88425000000000E+03, -3.99340530774431E-01, -5.47500000000000E-01,  8.08665723437699E-01,  9.18999999999999E+00,  3.91778349610601E+03,  3.82574233895622E+03
 1.88433333300000E+03, -3.10761891678427E-01, -3.47500000000000E-01,  7.43743768019552E-01,  9.36999999999999E+00,  4.21366171253965E+03,  4.05750851580676E+03
 1.88441666700000E+03, -2.76037106259818E-01, -2.85000000000000E-01,  7.42819802818554E-01,  9.54999999999999E+00,  4.50027137310543E+03,  4.20993007476551E+03
 1.88450000000000E+03, -2.86971984393349E-01, -3.32500000000000E-01,  7.41926565178675E-01,  9.72999999999999E+00,  4.40522012255482E+03,  4.15382562921501E+03
 1.88458333300000E+03, -2.92003364614761E-01, -3.05000000000000E-01,  7.41064684608272E-01,  9.90999999999999E+00,  2.82552581363088E+03,  2.66342733721618E+03
 1.88466666700000E+03, -2.92012629046972E-01, -3.22500000000000E-01,  7.40234790787403E-01,  1.00900000000000E+01,  1.48817238750148E+03,  1.29474187251257E+03
 1.88475000000000E+03, -2.97219024595794E-01, -4.45000000000000E-01,  7.39437513341167E-01,  1.02700000000000E+01,  1.30822637346460E+03,  1.10691320420482E+03
 1.88483333300000E+03, -3.13023166413000E-01, -4.80000000000000E-01,  7.36827451438645E-01,  1.04500000000000E+01,  9.88851675158512E+02,  8.71089702099866E+02
 1.88491666700000E+03, -3.28417101054688E-01, -3.65000000000000E-01,  7.36189376911193E-01,  1.06300000000000E+01,  6.96777873034026E+02,  5.97399628773865E+02
 1.88500000000000E+03, -3.42070704533293E-01, -2.57500000000000E-01,  7.35587451169011E-01,  1.08100000000000E+01,  8.95012787553400E+02,  7.55514237500121E+02
 1.88508333300000E+03, -3.58249955024029E-01, -2.82500000000000E-01,  7.35022297348650E-01,  1.09900000000000E+01,  8.57414191167218E+02,  8.21106464074022E+02
 1.88516666700000E+03, -3.73713566876071E-01, -4.05000000000000E-01,  7.34494536624752E-01,  1.11700000000000E+01,  7.36916647661788E+02,  8.21566912750253E+02
 1.88525000000000E+03, -3.46084921045848E-01, -4.97500000000000E-01,  7.34004787936608E-01,  1.13500000000000E+01,  1.15114831125358E+03,  1.23683101824247E+03
 1.88533333300000E+03, -2.71901697433538E-01, -4.80000000000000E-01,  8.48878788258672E-01,  1.15300000000000E+01,  1.46507056007072E+03,  1.63766439616846E+03
 1.88541666700000E+03, -2.27345824440700E-01, -4.05000000000000E-01,  8.49790779707169E-01,  1.17100000000000E+01,  1.35658562978281E+03,  1.67840259548902E+03
 1.88550000000000E+03, -2.14306778470741E-01, -3.00000000000000E-01,  8.50702910890811E-01,  1.18900000000000E+01,  1.58145711810795E+03,  1.87883123325297E+03
 1.88558333300000E+03, -1.95677026738567E-01, -1.75000000000000E-01,  8.51615152385976E-01,  1.20700000000000E+01,  1.75768408284309E+03,  1.94870958529846E+03
 1.88566666700000E+03, -1.72874965139815E-01, -1.07500000000000E-01,  8.52527474427528E-01,  1.22500000000000E+01,  1.31861028299092E+03,  1.48738641465169E+03
 1.88575000000000E+03, -1.21644575236414E-01, -1.02500000000000E-01,  8.53439846906579E-01,  1.24300000000000E+01,  1.07100204422739E+03,  1.18992528200879E+03
 1.88583333300000E+03, -4.73704674090745E-02, -9.00000000000000E-02,  8.63507761604470E-01,  1.26100000000000E+01,  1.01257872540970E+03,  1.00105194108309E+03
 1.88591666700000E+03, -9.10840760425880E-03, -1.75000000000000E-02,  8.64418248019104E-01,  1.27900000000000E+01,  6.10021728467129E+02,  5.10608009883726E+02
 1.88600000000000E+03, -5.32918170719580E-03,  7.50000000000000E-02,  8.65328359727187E-01,  1.29700000000000E+01,  3.26354387458349E+02,  2.27907759987258E+02
 1.88608333300000E+03, -5.00806431948889E-03,  1.20000000000000E-01,  8.66238061560017E-01,  1.31500000000000E+01,  3.29774806699918E+02,  2.52883781087362E+02
 1.88616666700000E+03, -7.32853685699093E-03,  1.67500000000000E-01,  8.67147317972243E-01,  1.33300000000000E+01,  2.73561940197441E+02,  1.77768865562499E+02
 1.88625000000000E+03, -3.02474561243307E-02,  2.20000000000000E-01,  8.68056093039753E-01,  1.35100000000000E+01,  2.13038134078815E+02,  2.47951113963703E+02
 1.88633333300000E+03, -7.19041971585045E-02,  2.25000000000000E-01,  9.47689408752887E-01,  1.36900000000000E+01,  6.12350850290198E+02,  9.91955447285735E+02
 1.88641666700000E+03, -9.40021029078387E-02,  1.65000000000000E-01,  9.46871151150514E-01,  1.38700000000000E+01,  1.42272295323434E+03,  1.89526189041601E+03
 1.88650000000000E+03, -9.39415741236566E-02,  3.50000000000000E-02,  9.46038036114737E-01,  1.40500000000000E+01,  2.03159297990802E+03,  2.39941232780686E+03
 1.88658333300000E+03, -8.82671362273752E-02, -1.07500000000000E-01,  9.45190067242566E-01,  1.42300000000000E+01,  2.72796780011938E+03,  3.26494678169850E+03
 1.88666666700000E+03, -7.85358721686164E-02, -2.27500000000000E-01,  9.44327250684043E-01,  1.44100000000000E+01,  3.55845219254534E+03,  4.08278081583717E+03
 1.88675000000000E+03, -6.68516440515605E-02, -3.27500000000000E-01,  9.43449595187328E-01,  1.45900000000000E+01,  3.47635972792614E+03,  3.59272945872536E+03
 1.88683333300000E+03, -5.76248124141780E-02, -3.70000000000000E-01,  9.48362178892831E-01,  1.47700000000000E+01,  2.73109723792517E+03,  2.72990472118936E+03
 1.88691666700000E+03, -5.64608699605592E-02, -3.95000000000000E-01,  9.47556345090542E-01,  1.49500000000000E+01,  2.20455530789969E+03,  2.39156606615081E+03
 1.88700000000000E+03, -6.24981290389224E-02, -4.22500000000000E-01,  9.46735652774533E-01,  1.51300000000000E+01,  1.64433289683724E+03,  1.96809564185700E+03
 1.88708333300000E+03, -7.16405804487350E-02, -3.82500000000000E-01,  9.45900103441519E-01,  1.53100000000000E+01,  9.94451194076617E+02,  1.47472531418687E+03
 1.88716666700000E+03, -8.29376020542706E-02, -3.15000000000000E-01,  9.45049701103778E-01,  1.54900000000000E+01,  7.90331529676360E+02,  1.46229981033634E+03
 1.88725000000000E+03, -4.59073784807897E-02, -2.57500000000000E-01,  9.44184452333991E-01,  1.56700000000000E+01,  1.08326669936886E+03,  1.79604531032410E+03
 1.88733333300000E+03,  4.43043626917463E-02, -1.65000000000000E-01,  1.18463526569041E+00,  1.58500000000000E+01,  1.26553013206239E+03,  1.77687079110099E+03
 1.88741666700000E+03,  9.16830091804670E-02, -5.00000000000000E-02,  1.18645573221074E+00,  1.60300000000000E+01,  1.13079071515674E+03,  1.52031795224590E+03
 1.88750000000000E+03,  9.44640568859935E-02, -2.50000000000000E-03,  1.18816633872736E+00,  1.62100000000000E+01,  1.11232075657464E+03,  1.58240508863476E+03
 1.88758333300000E+03,  1.00916765959456E-01, -3.50000000000000E-02,  1.18976547342073E+00,  1.63900000000000E+01,  1.02425511754720E+03,  1.45939891896529E+03
 1.88766666700000E+03,  1.08806444531217E-01, -6.50000000000000E-02,  1.19125158394362E+00,  1.65700000000000E+01,  6.34141919368572E+02,  1.05048765737696E+03
 1.88775000000000E+03,  1.15726889994895E-01, -7.00000000000000E-02,  1.19262317993516E+00,  1.67500000000000E+01,  3.91755583379206E+02,  8.80247902713178E+02
 1.88783333300000E+03,  1.19898714730989E-01, -3.75000000000000E-02,  1.19212104691306E+00,  1.69300000000000E+01,  4.00980417794057E+02,  8.14232192945644E+02
 1.88791666700000E+03,  1.17461364388955E-01,  3.75000000000000E-02,  1.19342045394124E+00,  1.71100000000000E+01,  6.16915729592492E+02,  1.02755304838301E+03
 1.88800000000000E+03,  1.08160174733210E-01,  1.00000000000000E-01,  1.19460306459797E+00,  1.72900000000000E+01,  9.85751963010772E+02,  1.53239407212037E+03
 1.88808333300000E+03,  9.54329065888396E-02,  1.55000000000000E-01,  1.19566756318138E+00,  1.74700000000000E+01,  1.15094274057947E+03,  1.74363169842297E+03
 1.88816666700000E+03,  8.23262378315965E-02,  1.60000000000000E-01,  1.19661270513462E+00,  1.76500000000000E+01,  1.15639009789740E+03,  1.80125866080346E+03
 1.88825000000000E+03, -1.05071485879368E-02,  6.25000000000000E-02,  1.19743731957549E+00,  1.78300000000000E+01,  1.11604531297753E+03,  1.84981018459372E+03
 1.88833333300000E+03, -1.77970277822397E-01,  1.00000000000000E-02,  7.86202239431310E-01,  1.80100000000000E+01,  8.60611481967586E+02,  1.56956612871407E+03
 1.88841666700000E+03, -2.51864229876580E-01, -1.50000000000000E-02,  7.84613874847656E-01,  1.81900000000000E+01,  5.18254478326082E+02,  1.09527685050561E+03
 1.88850000000000E+03, -2.35436901355466E-01, -1.12500000000000E-01,  7.83037158194332E-01,  1.83700000000000E+01,  3.73569403853056E+02,  8.98685386997931E+02
 1.88858333300000E+03, -2.14335707505504E-01, -1.57500000000000E-01,  7.81472622574713E-01,  1.85500000000000E+01,  4.81165198961335E+02,  1.03539818194845E+03
 1.88866666700000E+03, -1.90486228243628E-01, -5.50000000000000E-02,  7.79920805967440E-01,  1.87300000000000E+01,  5.54734484411178E+02,  9.20452264537248E+02
 1.88875000000000E+03, -1.61922029481488E-01,  9.50000000000000E-02,  7.78382251147497E-01,  1.89100000000000E+01,  4.90321734818526E+02,  6.40504649865036E+02
 1.88883333300000E+03, -1.36694556474925E-01,  1.02500000000000E-01,  7.59695101178058E-01,  1.90900000000000E+01,  6.70238806285864E+02,  9.45765848086651E+02
 1.88891666700000E+03, -1.32756082277607E-01,  6.25000000000000E-02,  7.58404124860908E-01,  1.92700000000000E+01,  1.02235027120863E+03,  1.40768129508061E+03
 1.88900000000000E+03, -1.45219126319117E-01,  1.22500000000000E-01,  7.57135130571847E-01,  1.94500000000000E+01,  1.20881935244945E+03,  1.48362419355293E+03
 1.88908333300000E+03, -1.61592863439295E-01,  2.27500000000000E-01,  7.55888724212870E-01,  1.96300000000000E+01,  1.52321612361116E+03,  1.73908329194019E+03
 1.88916666700000E+03, -1.81099029334096E-01,  3.12500000000000E-01,  7.54665514506792E-01,  1.98100000000000E+01,  2.01354166869287E+03,  2.16740140434103E+03
 1.88925000000000E+03, -2.17369119409256E-01,  2.65000000000000E-01,  7.53466112841897E-01,  1.99900000000000E+01,  2.11720060231735E+03,  2.15332055065788E+03
 1.88933333300000E+03, -2.65907154987466E-01,  9.25000000000000E-02,  7.86461780106676E-01,  2.01700000000000E+01,  1.90823283928385E+03,  2.07037591134226E+03
 1.88941666700000E+03, -2.94529320352299E-01, -8.00000000000000E-02,  7.87308204301377E-01,  2.03500000000000E+01,  1.85847704879848E+03,  2.39246320385915E+03
 1.88950000000000E+03, -3.03001362753383E-01, -1.82500000000000E-01,  7.88156115976838E-01,  2.05300000000000E+01,  1.67828917783619E+03,  2.40578626378038E+03
 1.88958333300000E+03, -3.05898232287800E-01, -1.87500000000000E-01,  7.89005504247596E-01,  2.07100000000000E+01,  1.19187839319834E+03,  1.88216977093645E+03
 1.88966666700000E+03, -3.05004377015667E-01, -1.72500000000000E-01,  7.89856358035897E-01,  2.08900000000000E+01,  9.07669503554238E+02,  1.56305328386334E+03
 1.88975000000000E+03, -2.93532791874773E-01, -2.37500000000000E-01,  7.90708666069855E-01,  2.10700000000000E+01,  7.84365120559367E+02,  1.25709699167330E+03
 1.88983333300000E+03, -2.75381767862519E-01, -3.57500000000000E-01,  7.87739808866917E-01,  2.12500000000000E+01,  4.96435929175355E+02,  6.62919797692544E+02
 1.88991666700000E+03, -2.73880771496220E-01, -5.07500000000000E-01,  7.88588473854664E-01,  2.14300000000000E+01,  2.59465987084258E+02,  3.42841647470223E+02
 1.89000000000000E+03, -2.88450469331565E-01, -6.32500000000000E-01,  7.89438609820627E-01,  2.16100000000000E+01,  1.76369138564082E+02,  3.27636249595140E+02
 1.89008333300000E+03, -3.06157050920953E-01, -6.32500000000000E-01,  7.90290205588423E-01,  2.17900000000000E+01,  1.46853515871212E+02,  3.37012633863258E+02
 1.89016666700000E+03, -3.22331876637519E-01, -5.92500000000000E-01,  7.91143249786592E-01,  2.19700000000000E+01,  1.63335469343077E+02,  4.19960434584986E+02
 1.89025000000000E+03, -3.68506318366352E-01, -6.17500000000000E-01,  7.91997730846739E-01,  2.21500000000000E+01,  1.61165176098238E+02,  4.85527305789767E+02
 1.89033333300000E+03, -4.46371265726187E-01, -6.47500000000000E-01,  7.31331408204508E-01,  2.23300000000000E+01,  1.48604801561796E+02,  4.86631595559158E+02
 1.89041666700000E+03, -4.86267174870861E-01, -6.82500000000000E-01,  7.31300169304085E-01,  2.25100000000000E+01,  2.01291026086785E+02,  4.83856682096549E+02
 1.89050000000000E+03, -4.85699175837978E-01, -7.70000000000000E-01,  7.31314094104999E-01,  2.26900000000000E+01,  3.43443041058512E+02,  4.79292791634571E+02
 1.89058333300000E+03, -4.78817467701449E-01, -8.17500000000000E-01,  7.31373745050221E-01,  2.28700000000000E+01,  4.97018653398158E+02,  4.72854524788322E+02
 1.89066666700000E+03, -4.67554326631092E-01, -7.40000000000000E-01,  7.31479677943581E-01,  2.30500000000000E+01,  5.83930648044314E+02,  5.21335547946824E+02
 1.89075000000000E+03, -4.56230253027992E-01, -6.35000000000000E-01,  7.31632441595430E-01,  2.32300000000000E+01,  7.29056502191341E+02,  8.20637524641150E+02
 1.89083333300000E+03, -4.49802069856307E-01, -5.87500000000000E-01,  7.31675738874210E-01,  2.34100000000000E+01,  8.69502468706229E+02,  1.25109614232385E+03
 1.89091666700000E+03, -4.50740472044237E-01, -5.60000000000000E-01,  7.31515899182960E-01,  2.35900000000000E+01,  7.73539208959813E+02,  1.40455312683607E+03
 1.89100000000000E+03, -4.57266448515761E-01, -5.25000000000000E-01,  7.31399546126325E-01,  2.37700000000000E+01,  6.28022469274196E+02,  1.35566473593371E+03
 1.89108333300000E+03, -4.66210657068475E-01, -4.10000000000000E-01,  7.31327259554276E-01,  2.39500000000000E+01,  6.62614157202846E+02,  1.37984973005699E+03
 1.89116666700000E+03, -4.74924867229847E-01, -2.07500000000000E-01,  7.31299613682526E-01,  2.41300000000000E+01,  6.77160390087404E+02,  1.28229248102840E+03
 1.89125000000000E+03, -3.95890729791863E-01, -3.00000000000000E-02,  7.31317176753437E-01,  2.43100000000000E+01,  5.54006885347460E+02,  9.76099108374073E+02
 1.89133333300000E+03, -2.29418134533214E-01,  7.50000000000000E-02,  9.38807443147552E-01,  2.44900000000000E+01,  5.78400667085328E+02,  9.52123074549221E+02
 1.89141666700000E+03, -1.46876737613720E-01,  1.07500000000000E-01,  9.38627673253118E-01,  2.46700000000000E+01,  7.49093324376787E+02,  1.15916255966039E+03
 1.89150000000000E+03, -1.45708745441275E-01,  9.00000000000000E-02,  9.38669313065555E-01,  2.48500000000000E+01,  7.21037658429281E+02,  1.08763267790660E+03
 1.89158333300000E+03, -1.38653233642458E-01,  4.00000000000000E-02,  9.38936076335055E-01,  2.50300000000000E+01,  7.22539873106756E+02,  1.11503426005083E+03
 1.89166666700000E+03, -1.27774992684621E-01, -6.00000000000000E-02,  9.39431450777638E-01,  2.52100000000000E+01,  9.70053911887197E+02,  1.36489085852613E+03
 1.89175000000000E+03, -1.17191953864575E-01, -1.95000000000000E-01,  9.40158688604128E-01,  2.53900000000000E+01,  1.06824115847611E+03,  1.30665199347389E+03
 1.89183333300000E+03, -1.10362330427649E-01, -2.77500000000000E-01,  9.40329098948570E-01,  2.55700000000000E+01,  1.05324968479106E+03,  1.26057634448443E+03
 1.89191666700000E+03, -1.08888226780853E-01, -2.37500000000000E-01,  9.41337688219504E-01,  2.57500000000000E+01,  1.11128717139699E+03,  1.37558470566550E+03
 1.89200000000000E+03, -1.12263432080395E-01, -1.15000000000000E-01,  9.42584411779463E-01,  2.59300000000000E+01,  9.57616098206411E+02,  1.14693194757587E+03
 1.89208333300000E+03, -1.18309002978426E-01, -1.00000000000000E-02,  9.44071706911675E-01,  2.61100000000000E+01,  6.51172275723435E+02,  7.66304719483890E+02
 1.89216666700000E+03, -1.23894962603458E-01, -2.25000000000000E-02,  9.45801737056478E-01,  2.62900000000000E+01,  4.52620775755294E+02,  5.44334649073862E+02
 1.89225000000000E+03, -2.14182612220439E-01, -1.52500000000000E-01,  9.47776383116202E-01,  2.64700000000000E+01,  3.28512964807573E+02,  3.68480953572990E+02
 1.89233333300000E+03, -3.82142347916316E-01, -2.85000000000000E-01,  8.34057922809016E-01,  2.66500000000000E+01,  2.85083091518682E+02,  2.55758944843709E+02
 1.89241666700000E+03, -4.44064808787835E-01, -3.62500000000000E-01,  8.37480810889243E-01,  2.68300000000000E+01,  3.41380413421517E+02,  2.91629217159765E+02
 1.89250000000000E+03, -4.02729401497178E-01, -4.05000000000000E-01,  8.40954888538704E-01,  2.70100000000000E+01,  4.25373567173280E+02,  4.48533743480497E+02
 1.89258333300000E+03, -3.51408006720263E-01, -4.00000000000000E-01,  8.44479477652097E-01,  2.71900000000000E+01,  4.51727276780632E+02,  5.44135238601920E+02
 1.89266666700000E+03, -2.93191523907594E-01, -3.95000000000000E-01,  8.48053867509807E-01,  2.73700000000000E+01,  3.80971608011600E+02,  5.00094432940000E+02
 1.89275000000000E+03, -1.82465646913021E-01, -4.05000000000000E-01,  8.51677314505252E-01,  2.75500000000000E+01,  3.25108318917529E+02,  5.34385135484911E+02
 1.89283333300000E+03, -4.07151669277972E-02, -3.50000000000000E-01,  8.92734030105656E-01,  2.77300000000000E+01,  3.56938417529485E+02,  7.40677801648407E+02
 1.89291666700000E+03,  1.03965209663062E-02, -2.37500000000000E-01,  8.96859695433374E-01,  2.79100000000000E+01,  3.94718205738081E+02,  9.34769261843195E+02
 1.89300000000000E+03, -1.36586121893633E-02, -1.75000000000000E-01,  9.01022184110109E-01,  2.80900000000000E+01,  3.96991396166374E+02,  9.78122557841086E+02
 1.89308333300000E+03, -4.29325656607620E-02, -2.05000000000000E-01,  9.05220287526758E-01,  2.82700000000000E+01,  3.87717029326030E+02,  9.52645956891631E+02
 1.89316666700000E+03, -7.60893157257475E-02, -2.40000000000000E-01,  9.09452762087132E-01,  2.84500000000000E+01,  3.46611084707081E+02,  8.71658813720011E+02
 1.89325000000000E+03, -1.52760598046613E-01, -2.42500000000000E-01,  9.13718329219291E-01,  2.86300000000000E+01,  2.51871103799024E+02,  6.54246224947695E+02
 1.89333333300000E+03, -2.62651250560106E-01, -1.90000000000000E-01,  6.52639030564452E-01,  2.88100000000000E+01,  1.50336206833233E+02,  4.54361739584539E+02
 1.89341666700000E+03, -3.16443233212090E-01, -8.00000000000000E-02,  6.53131605248330E-01,  2.89900000000000E+01,  1.02910640108138E+02,  3.77937011128183E+02
 1.89350000000000E+03, -3.19170140448217E-01, -2.50000000000000E-03,  6.53625771872207E-01,  2.91700000000000E+01,  1.72519281887176E+02,  4.50808309318993E+02
 1.89358333300000E+03, -3.16303420582158E-01, -4.00000000000000E-02,  6.54121534309240E-01,  2.93500000000000E+01,  3.11957924505698E+02,  6.53020650602992E+02
 1.89366666700000E+03, -3.09600031422417E-01, -1.35000000000000E-01,  6.54618896423877E-01,  2.95300000000000E+01,  3.82029928902001E+02,  7.08060272662285E+02
 1.89375000000000E+03, -2.90280364774642E-01, -1.67500000000000E-01,  6.55117862071568E-01,  2.97100000000000E+01,  4.55504255855846E+02,  6.90554570802923E+02
 1.89383333300000E+03, -2.62205828270809E-01, -1.70000000000000E-01,  6.48348611055489E-01,  2.98900000000000E+01,  5.51578369193412E+02,  7.53053869939988E+02
 1.89391666700000E+03, -2.52574225583411E-01, -2.62500000000000E-01,  6.48827267438221E-01,  3.00700000000000E+01,  5.33540377063795E+02,  7.00457188126645E+02
 1.89400000000000E+03, -2.60860703380670E-01, -4.45000000000000E-01,  6.49307481147564E-01,  3.02500000000000E+01,  5.44423818753728E+02,  7.40910767669484E+02
 1.89408333300000E+03, -2.72246535731939E-01, -6.25000000000000E-01,  6.49789256121976E-01,  3.04300000000000E+01,  6.09360379085950E+02,  8.84732229174184E+02
 1.89416666700000E+03, -2.81915328646348E-01, -7.40000000000000E-01,  6.50272596293561E-01,  3.06100000000000E+01,  5.23868601331789E+02,  7.64940453249672E+02
 1.89425000000000E+03, -3.51843992021085E-01, -7.65000000000000E-01,  6.50757505587817E-01,  3.07900000000000E+01,  4.07289742053528E+02,  6.28968972854013E+02
 1.89433333300000E+03, -4.87549016891108E-01, -7.80000000000000E-01,  8.26261091641011E-01,  3.09700000000000E+01,  3.39074173194540E+02,  5.81650733292984E+02
 1.89441666700000E+03, -5.61692431166397E-01, -8.05000000000000E-01,  8.24539426507159E-01,  3.11500000000000E+01,  1.92741894542843E+02,  3.67717486290029E+02
 1.89450000000000E+03, -5.67491136538016E-01, -7.67500000000000E-01,  8.22818284242067E-01,  3.13300000000000E+01,  6.25002237225874E+01,  1.92740486994668E+02
 1.89458333300000E+03, -5.65683557323557E-01, -7.25000000000000E-01,  8.21098066705550E-01,  3.15100000000000E+01,  4.73550817640441E+01,  1.81033284178594E+02
 1.89466666700000E+03, -5.59526486684339E-01, -7.02500000000000E-01,  8.19379181573548E-01,  3.16900000000000E+01,  6.30150935571157E+01,  1.78098781395179E+02
 1.89475000000000E+03, -5.34680327074092E-01, -6.60000000000000E-01,  8.17662042329519E-01,  3.18700000000000E+01,  6.50403599503505E+01,  1.92215191919888E+02
 1.89483333300000E+03, -4.96695947584603E-01, -5.72500000000000E-01,  8.34140852820926E-01,  3.20500000000000E+01,  7.40317974373221E+01,  1.83554027043014E+02
 1.89491666700000E+03, -4.88728962365076E-01, -4.32500000000000E-01,  8.32421763735554E-01,  3.22300000000000E+01,  7.43805344236977E+01,  1.13001698567327E+02
 1.89500000000000E+03, -5.07164210030133E-01, -3.27500000000000E-01,  8.30701431704601E-01,  3.24100000000000E+01,  8.23049916644073E+01,  1.62688458002867E+02
 1.89508333300000E+03, -5.26891935099265E-01, -3.17500000000000E-01,  8.28980231904884E-01,  3.25900000000000E+01,  1.77047472548718E+02,  3.71761406456994E+02
 1.89516666700000E+03, -5.44378942281246E-01, -3.97500000000000E-01,  8.27258545341243E-01,  3.27700000000000E+01,  3.42566424285923E+02,  6.36329346853835E+02
 1.89525000000000E+03, -5.45009239815567E-01, -5.22500000000000E-01,  8.25536758847656E-01,  3.29500000000000E+01,  5.54917316760699E+02,  1.14208105232929E+03
 1.89533333300000E+03, -5.24713602026916E-01, -5.77500000000000E-01,  1.11131519427126E+00,  3.31300000000000E+01,  7.89383207585862E+02,  1.76066172278067E+03
 1.89541666700000E+03, -5.02988227050538E-01, -5.27500000000000E-01,  1.10710283573890E+00,  3.33100000000000E+01,  8.60520435718239E+02,  1.90117598381551E+03
 1.89550000000000E+03, -4.83171049347096E-01, -4.37500000000000E-01,  1.10283475468055E+00,  3.34900000000000E+01,  7.71635053119314E+02,  1.70550401459961E+03
 1.89558333300000E+03, -4.58849879426618E-01, -2.97500000000000E-01,  1.09851535830383E+00,  3.36700000000000E+01,  6.62288112006888E+02,  1.49249192498576E+03
 1.89566666700000E+03, -4.34555100604968E-01, -1.25000000000000E-01,  1.09414917608895E+00,  3.38500000000000E+01,  4.41502693793209E+02,  9.53848226402800E+02
 1.89575000000000E+03, -4.18304941933257E-01,  0.00000000000000E+00,  1.08974085751378E+00,  3.40300000000000E+01,  1.99861340641797E+02,  3.34038903983325E+02
 1.89583333300000E+03, -4.11412870970978E-01,  6.00000000000000E-02,  1.09324630335270E+00,  3.42100000000000E+01,  1.52520858480318E+02,  1.50585921714415E+02
 1.89591666700000E+03, -4.09156536602395E-01,  5.00000000000000E-02,  1.08882991022091E+00,  3.43900000000000E+01,  1.66917767648064E+02,  1.50757096088805E+02
 1.89600000000000E+03, -4.15090391329041E-01, -3.00000000000000E-02,  1.08437714193741E+00,  3.45700000000000E+01,  1.27830776826311E+02,  1.09938162576848E+02
 1.89608333300000E+03, -4.32986008222940E-01, -1.17500000000000E-01,  1.07989290359970E+00,  3.47500000000000E+01,  1.40091940359005E+02,  1.98638492973872E+02
 1.89616666700000E+03, -4.59095655626837E-01, -1.30000000000000E-01,  1.07538221164182E+00,  3.49300000000000E+01,  2.02174322606439E+02,  3.49276011173071E+02
 1.89625000000000E+03, -4.21977599607896E-01, -6.75000000000000E-02,  1.07085019069546E+00,  3.51100000000000E+01,  2.03003690775375E+02,  3.61125697832579E+02
 1.89633333300000E+03, -3.02389831281315E-01,  1.00000000000000E-02,  1.15740992374766E+00,  3.52900000000000E+01,  1.68152053385247E+02,  3.89530010877204E+02
 1.89641666700000E+03, -2.15062276181929E-01,  3.00000000000000E-02,  1.16033164444234E+00,  3.54700000000000E+01,  2.10076706826188E+02,  5.76399222089625E+02
 1.89650000000000E+03, -1.74781717850289E-01, -1.25000000000000E-02,  1.16316478729643E+00,  3.56500000000000E+01,  2.61699550515754E+02,  6.24842737775979E+02
 1.89658333300000E+03, -1.31500738594929E-01, -2.75000000000000E-02,  1.16590724295411E+00,  3.58300000000000E+01,  2.31695858816367E+02,  4.80351357426575E+02
 1.89666666700000E+03, -8.80885565427620E-02,  1.75000000000000E-02,  1.16855693462315E+00,  3.60100000000000E+01,  2.18863199236447E+02,  4.42911310761137E+02
 1.89675000000000E+03, -2.81498662512445E-02,  8.75000000000000E-02,  1.17111182036752E+00,  3.61900000000000E+01,  2.40308124361541E+02,  3.98934687372932E+02
 1.89683333300000E+03,  3.96527854096509E-02,  1.20000000000000E-01,  1.18859695762396E+00,  3.63700000000000E+01,  1.85322131750838E+02,  1.86635019967273E+02
 1.89691666700000E+03,  6.69408799169973E-02,  6.00000000000000E-02,  1.19016657183603E+00,  3.65500000000000E+01,  1.16034550511042E+02,  1.19196108336408E+02
 1.89700000000000E+03,  6.06268638284111E-02, -2.00000000000000E-02,  1.19162276456295E+00,  3.67300000000000E+01,  1.57990381544483E+02,  3.10600753390731E+02
 1.89708333300000E+03,  5.00679391606401E-02, -2.50000000000000E-03,  1.19296406213259E+00,  3.69100000000000E+01,  2.19431254508884E+02,  4.50735611177664E+02
 1.89716666700000E+03,  3.73823838221271E-02,  6.25000000000000E-02,  1.19418905604397E+00,  3.70900000000000E+01,  2.25334722026475E+02,  5.01393594316166E+02
 1.89725000000000E+03, -2.93600902078966E-02,  2.50000000000000E-02,  1.19529640549563E+00,  3.72700000000000E+01,  2.59709055850725E+02,  5.74381953055658E+02
 1.89733333300000E+03, -1.47324818725084E-01, -6.25000000000000E-02,  9.69757012257703E-01,  3.74500000000000E+01,  2.83163044457803E+02,  5.06965757955459E+02
 1.89741666700000E+03, -2.06904409670312E-01, -7.75000000000000E-02,  9.69894863798255E-01,  3.76300000000000E+01,  3.13312781745067E+02,  4.12801713128777E+02
 1.89750000000000E+03, -2.07199844531593E-01, -5.50000000000000E-02,  9.70021766971834E-01,  3.78100000000000E+01,  4.72945396024815E+02,  5.09555409033371E+02
 1.89758333300000E+03, -2.01666428565844E-01, -5.50000000000000E-02,  9.70137636962393E-01,  3.79900000000000E+01,  5.90928028554695E+02,  5.49233139910326E+02
 1.89766666700000E+03, -1.91939343918605E-01, -5.75000000000000E-02,  9.70242389228493E-01,  3.81700000000000E+01,  5.98803036962572E+02,  5.53713911127092E+02
 1.89775000000000E+03, -1.82320659181831E-01, -8.75000000000000E-02,  9.70335939522233E-01,  3.83500000000000E+01,  6.93774897313100E+02,  7.01331850480389E+02
 1.89783333300000E+03, -1.77020512325206E-01, -1.80000000000000E-01,  9.70636263040817E-01,  3.85300000000000E+01,  7.44296149295147E+02,  7.00659410512611E+02
 1.89791666700000E+03, -1.77228519529521E-01, -2.30000000000000E-01,  9.70659458931769E-01,  3.87100000000000E+01,  6.38643909516046E+02,  5.65186496682642E+02
 1.89800000000000E+03, -1.82083239805641E-01, -2.30000000000000E-01,  9.70670863346843E-01,  3.88900000000000E+01,  6.57204230650667E+02,  6.23395548675763E+02
 1.89808333300000E+03, -1.89621333730906E-01, -2.17500000000000E-01,  9.70670395163311E-01,  3.90700000000000E+01,  8.32517122462155E+02,  7.92771354033567E+02
 1.89816666700000E+03, -1.99786700906661E-01, -2.05000000000000E-01,  9.70657973740036E-01,  3.92500000000000E+01,  8.69378932888513E+02,  8.22336673532647E+02
 1.89825000000000E+03, -2.06303333654605E-01, -2.57500000000000E-01,  9.70633518939840E-01,  3.94299999999999E+01,  7.48490151409019E+02,  7.35197266982477E+02
 1.89833333300000E+03, -2.04491895143586E-01, -2.65000000000000E-01,  9.31822772876793E-01,  3.96099999999999E+01,  6.73607713272335E+02,  7.32902875197197E+02
 1.89841666700000E+03, -2.02598588872139E-01, -1.87500000000000E-01,  9.36237650173814E-01,  3.97899999999999E+01,  5.92326719052883E+02,  7.13830730616145E+02
 1.89850000000000E+03, -1.99192086479208E-01, -1.62500000000000E-01,  9.40676965058380E-01,  3.99699999999999E+01,  3.87994644549503E+02,  5.05969315830047E+02
 1.89858333300000E+03, -1.88485112567737E-01, -1.90000000000000E-01,  9.45139190794238E-01,  4.01499999999999E+01,  2.25999469445063E+02,  3.37614168197404E+02
 1.89866666700000E+03, -1.74724931863077E-01, -1.92500000000000E-01,  9.49622766704290E-01,  4.03299999999999E+01,  2.01497655253159E+02,  3.06705076845045E+02
 1.89875000000000E+03, -1.67144603247771E-01, -1.75000000000000E-01,  9.54126098423007E-01,  4.05099999999999E+01,  1.81702478181436E+02,  2.40200978852722E+02
 1.89883333300000E+03, -1.69271748852670E-01, -1.97500000000000E-01,  9.27679460366282E-01,  4.06899999999999E+01,  1.24985335331482E+02,  1.35600473047861E+02
 1.89891666700000E+03, -1.74113018255187E-01, -2.40000000000000E-01,  9.32069901882666E-01,  4.08699999999999E+01,  1.10070879554903E+02,  1.08494301976130E+02
 1.89900000000000E+03, -1.78395739005714E-01, -3.15000000000000E-01,  9.36486190690660E-01,  4.10499999999999E+01,  1.59965852915150E+02,  1.86202904094715E+02
 1.89908333300000E+03, -1.82705641099007E-01, -3.85000000000000E-01,  9.40926832295237E-01,  4.12299999999999E+01,  1.88923354054038E+02,  2.40270583708149E+02
 1.89916666700000E+03, -1.84782116420570E-01, -3.42500000000000E-01,  9.45390298048896E-01,  4.14099999999999E+01,  1.57203965838480E+02,  2.04719351978034E+02
 1.89925000000000E+03, -1.89039478771613E-01, -2.12500000000000E-01,  9.49875025376684E-01,  4.15899999999999E+01,  1.48312375292631E+02,  1.81323966445808E+02
 1.89933333300000E+03, -1.99133819915627E-01, -1.20000000000000E-01,  9.39416185721698E-01,  4.17699999999999E+01,  2.03499588345958E+02,  2.35364323579579E+02
 1.89941666700000E+03, -2.05545691885436E-01, -1.60000000000000E-01,  9.40137563081915E-01,  4.19499999999999E+01,  2.73083828822853E+02,  3.52191951393699E+02
 1.89950000000000E+03, -2.03453876676359E-01, -1.72500000000000E-01,  9.41093738720252E-01,  4.21299999999999E+01,  3.07405536979194E+02,  4.27102458433376E+02
 1.89958333300000E+03, -1.95342724278317E-01, -9.75000000000000E-02,  9.42287472370652E-01,  4.23099999999999E+01,  3.97898749052663E+02,  5.43513020051018E+02
 1.89966666700000E+03, -1.82953202003841E-01, -2.50000000000000E-03,  9.43721260803140E-01,  4.24899999999999E+01,  6.26303801780701E+02,  8.67139823375383E+02
 1.89975000000000E+03, -1.70415337822665E-01,  1.37500000000000E-01,  9.45397328898243E-01,  4.26699999999999E+01,  7.64790356560973E+02,  1.01633657967553E+03
 1.89983333300000E+03, -1.61938943139865E-01,  2.37500000000000E-01,  9.46779914845887E-01,  4.28499999999999E+01,  7.08710777381925E+02,  8.28905523720973E+02
 1.89991666700000E+03, -1.59410930782897E-01,  2.75000000000000E-01,  9.48880167513463E-01,  4.30299999999999E+01,  6.76440479908501E+02,  7.65347288222374E+02
 1.90000000000000E+03, -1.62409940558947E-01,  2.62500000000000E-01,  9.51227323249622E-01,  4.32099999999999E+01,  6.20218158866870E+02,  7.34096437041463E+02
 1.90008333300000E+03, -1.69296029283533E-01,  2.00000000000000E-01,  9.53822516661108E-01,  4.33899999999999E+01,  4.07699241702527E+02,  4.55475696747929E+02
 1.90016666700000E+03, -1.78826706953655E-01,  1.10000000000000E-01,  9.56666571104833E-01,  4.35699999999999E+01,  2.65108146693638E+02,  3.09646456525685E+02
 1.90025000000000E+03, -1.49053785466581E-01, -2.50000000000000E-03,  9.59759991116030E-01,  4.37499999999999E+01,  3.21882105881729E+02,  4.95444105777449E+02
 1.90033333300000E+03, -7.66570633331361E-02, -1.20000000000000E-01,  1.19976746938613E+00,  4.39299999999999E+01,  3.76952773421763E+02,  6.39686170170473E+02
 1.90041666700000E+03, -3.97072869922911E-02, -1.95000000000000E-01,  1.19961372270412E+00,  4.41099999999999E+01,  3.42376640340244E+02,  6.02352030227563E+02
 1.90050000000000E+03, -3.70213584408135E-02, -2.05000000000000E-01,  1.19933269015616E+00,  4.42899999999999E+01,  3.25374530433400E+02,  6.27476621909432E+02
 1.90058333300000E+03, -2.79042403957902E-02, -1.87500000000000E-01,  1.19892406010905E+00,  4.44699999999999E+01,  2.91993102648772E+02,  6.63149246329464E+02
 1.90066666700000E+03, -1.40408423447396E-02, -1.85000000000000E-01,  1.19838762118549E+00,  4.46499999999999E+01,  1.81204716420433E+02,  5.41252776948716E+02
 1.90075000000000E+03,  5.53271219495317E-03, -2.12500000000000E-01,  1.19772326455023E+00,  4.48299999999999E+01,  1.19401447775392E+02,  4.51123650433231E+02
 1.90083333300000E+03,  2.47535086409062E-02, -2.00000000000000E-01,  1.18865616392454E+00,  4.50099999999999E+01,  1.80223586714688E+02,  5.87998779576385E+02
 1.90091666700000E+03,  2.91784929832102E-02, -1.22500000000000E-01,  1.18691367109185E+00,  4.51899999999999E+01,  3.39653342717689E+02,  9.66217702768521E+02
 1.90100000000000E+03,  1.96888235555278E-02,  2.75000000000000E-02,  1.18504776382228E+00,  4.53699999999999E+01,  5.31971382829407E+02,  1.31039953544576E+03
 1.90108333300000E+03,  4.20079647876913E-03,  1.77500000000000E-01,  1.18305953681919E+00,  4.55499999999999E+01,  6.16042984323068E+02,  1.32366962557255E+03
 1.90116666700000E+03, -1.53526286547812E-02,  1.82500000000000E-01,  1.18095020960117E+00,  4.57299999999999E+01,  6.02096887633164E+02,  1.23680873442460E+03
 1.90125000000000E+03, -7.43334554075624E-02,  1.22500000000000E-01,  1.17872112796798E+00,  4.59099999999999E+01,  5.44336473315386E+02,  1.09680724306215E+03
 1.90133333300000E+03, -1.65332380885793E-01,  4.75000000000000E-02,  9.45602009424368E-01,  4.60899999999999E+01,  3.66130688817368E+02,  6.48734754472087E+02
 1.90141666700000E+03, -2.06996247363252E-01, -9.50000000000000E-02,  9.50087703381129E-01,  4.62699999999999E+01,  1.57096693756320E+02,  2.20002064286770E+02
 1.90150000000000E+03, -2.04038326528213E-01, -2.15000000000000E-01,  9.54592986313582E-01,  4.64499999999999E+01,  8.19458303679626E+01,  1.21757801321580E+02
 1.90158333300000E+03, -2.00139861482915E-01, -2.90000000000000E-01,  9.59116227011601E-01,  4.66299999999999E+01,  1.09184239147251E+02,  1.30739184614977E+02
 1.90166666700000E+03, -1.98960309718952E-01, -3.60000000000000E-01,  9.63655761205180E-01,  4.68099999999999E+01,  1.51066076710429E+02,  1.13160430399817E+02
 1.90175000000000E+03, -1.95668279315624E-01, -3.82500000000000E-01,  9.68209891911026E-01,  4.69899999999999E+01,  1.63801548461116E+02,  1.28000377789526E+02
 1.90183333300000E+03, -1.91030072977315E-01, -3.62500000000000E-01,  9.64537768947732E-01,  4.71699999999999E+01,  1.61710467912220E+02,  1.98640743855186E+02
 1.90191666700000E+03, -2.03695073565364E-01, -3.42500000000000E-01,  9.69094530894918E-01,  4.73499999999999E+01,  1.64985184677389E+02,  2.39790233955222E+02
 1.90200000000000E+03, -2.37251046090357E-01, -3.10000000000000E-01,  9.73663820993756E-01,  4.75299999999999E+01,  1.32832099971599E+02,  2.12648337815965E+02
 1.90208333300000E+03, -2.83295717424603E-01, -2.30000000000000E-01,  9.78243871861275E-01,  4.77099999999999E+01,  9.23142005931988E+01,  2.37436644968063E+02
 1.90216666700000E+03, -3.40362318063099E-01, -2.02500000000000E-01,  9.82832884723384E-01,  4.78899999999999E+01,  1.13244577030509E+02,  2.99204778243719E+02
 1.90225000000000E+03, -3.40409350719690E-01, -2.70000000000000E-01,  9.87429029898468E-01,  4.80699999999999E+01,  1.56624251162641E+02,  3.28395463211592E+02
 1.90233333300000E+03, -2.61684060720217E-01, -3.47500000000000E-01,  9.57701048785622E-01,  4.82499999999999E+01,  1.67640637027939E+02,  3.62377320238554E+02
 1.90241666700000E+03, -2.15074396133975E-01, -4.70000000000000E-01,  9.55156690647160E-01,  4.84299999999999E+01,  1.63199304139857E+02,  3.64059064871708E+02
 1.90250000000000E+03, -2.14561823162448E-01, -5.27500000000000E-01,  9.52772660590550E-01,  4.86099999999999E+01,  1.49401797032542E+02,  3.24847874862078E+02
 1.90258333300000E+03, -2.09384070704238E-01, -4.12500000000000E-01,  9.50554673382535E-01,  4.87899999999999E+01,  1.27640330379484E+02,  3.31736283753874E+02
 1.90266666700000E+03, -2.01003266893848E-01, -2.87500000000000E-01,  9.48508337643864E-01,  4.89699999999999E+01,  1.30353084864031E+02,  3.95434093314982E+02
 1.90275000000000E+03, -1.91173094831775E-01, -2.90000000000000E-01,  9.46639146398082E-01,  4.91499999999999E+01,  1.58630455764543E+02,  4.55305746288725E+02
 1.90283333300000E+03, -1.83341812855753E-01, -3.40000000000000E-01,  9.51465684779319E-01,  4.93299999999999E+01,  2.12639712381691E+02,  5.42824599859575E+02
 1.90291666700000E+03, -1.83071636745636E-01, -2.90000000000000E-01,  9.49346576128327E-01,  4.95099999999999E+01,  2.62988429509323E+02,  6.08219730597208E+02
 1.90300000000000E+03, -1.89954471102465E-01, -1.70000000000000E-01,  9.47402319482713E-01,  4.96899999999999E+01,  2.55510897533314E+02,  5.29645455954190E+02
 1.90308333300000E+03, -1.99817731774304E-01, -2.25000000000000E-01,  9.45638336458493E-01,  4.98699999999999E+01,  3.23778999897852E+02,  6.14668800270858E+02
 1.90316666700000E+03, -2.09169802791497E-01, -3.95000000000000E-01,  9.44059917978119E-01,  5.00499999999999E+01,  5.02021910127466E+02,  9.52102424176387E+02
 1.90325000000000E+03, -2.21590815632460E-01, -3.65000000000000E-01,  9.42672214631258E-01,  5.02299999999999E+01,  5.75980423547223E+02,  1.09581741782916E+03
 1.90333333300000E+03, -2.44150683901631E-01, -3.15000000000000E-01,  9.68938385098592E-01,  5.04099999999999E+01,  6.74656311966223E+02,  1.25675146690344E+03
 1.90341666700000E+03, -2.73640740125879E-01, -4.00000000000000E-01,  9.72926546788946E-01,  5.05899999999999E+01,  9.47236051810313E+02,  1.63793686336287E+03
 1.90350000000000E+03, -3.06287788632152E-01, -5.22500000000000E-01,  9.77162101531560E-01,  5.07699999999999E+01,  1.06912178264408E+03,  1.64309904968110E+03
 1.90358333300000E+03, -3.43450199441877E-01, -6.47500000000000E-01,  9.81643647153030E-01,  5.09499999999999E+01,  9.94449975753886E+02,  1.34597181714486E+03
 1.90366666700000E+03, -3.87362942205958E-01, -6.90000000000000E-01,  9.86369421527902E-01,  5.11299999999999E+01,  9.59283252788384E+02,  1.24464880262001E+03
 1.90375000000000E+03, -4.62552243462005E-01, -6.35000000000000E-01,  9.91337297918060E-01,  5.13099999999999E+01,  8.40268620655707E+02,  1.05626082072968E+03
 1.90383333300000E+03, -5.69806996505268E-01, -5.92500000000000E-01,  1.00262689999593E+00,  5.14899999999999E+01,  5.71014576475154E+02,  6.88089393666744E+02
 1.90391666700000E+03, -6.62052628514634E-01, -6.30000000000000E-01,  1.00833110971424E+00,  5.16699999999999E+01,  3.54989878907136E+02,  5.74678364403525E+02
 1.90400000000000E+03, -7.30130089379226E-01, -6.90000000000000E-01,  1.01426475384901E+00,  5.18499999999999E+01,  2.39779325259223E+02,  6.57048706703056E+02
 1.90408333300000E+03, -7.85320009809613E-01, -7.52500000000000E-01,  1.02042378671912E+00,  5.20299999999999E+01,  1.69885121225455E+02,  6.36414083688654E+02
 1.90416666700000E+03, -8.21462167502138E-01, -8.22500000000000E-01,  1.02680378084029E+00,  5.22099999999999E+01,  1.53865405133350E+02,  6.19471429237159E+02
 1.90425000000000E+03, -7.68480766729641E-01, -8.62500000000000E-01,  1.03339992617617E+00,  5.23899999999999E+01,  1.52283355671143E+02,  6.45276898541066E+02
 1.90433333300000E+03, -6.37876719599949E-01, -8.67500000000000E-01,  1.10775389201802E+00,  5.25699999999999E+01,  1.25521248844713E+02,  5.16630561690677E+02
 1.90441666700000E+03, -5.81637197564485E-01, -8.00000000000000E-01,  1.11169084622439E+00,  5.27499999999999E+01,  1.07270624620053E+02,  3.17250057483539E+02
 1.90450000000000E+03, -5.93622898801817E-01, -6.42500000000000E-01,  1.11557137585367E+00,  5.29299999999999E+01,  8.51987247721213E+01,  2.20796558087364E+02
 1.90458333300000E+03, -5.95290515558078E-01, -5.52500000000000E-01,  1.11939313722582E+00,  5.31099999999999E+01,  8.21427489894200E+01,  2.55126459268263E+02
 1.90466666700000E+03, -5.87335885741725E-01, -5.57500000000000E-01,  1.12315379041917E+00,  5.32899999999999E+01,  1.76240368470514E+02,  4.56633578041261E+02
 1.90475000000000E+03, -5.48425654532205E-01, -4.77500000000000E-01,  1.12685100105009E+00,  5.34699999999999E+01,  2.60933437485426E+02,  6.25759330120455E+02
 1.90483333300000E+03, -4.77175595133541E-01, -3.35000000000000E-01,  1.14359033205935E+00,  5.36499999999999E+01,  2.59080914553947E+02,  6.20789280544074E+02
 1.90491666700000E+03, -4.20601655377780E-01, -2.75000000000000E-01,  1.14687523184804E+00,  5.38299999999999E+01,  2.74579599583821E+02,  6.22200303542765E+02
 1.90500000000000E+03, -3.85385146745614E-01, -2.75000000000000E-01,  1.15008114261884E+00,  5.40099999999999E+01,  2.66847481596553E+02,  5.58640964704077E+02
 1.90508333300000E+03, -3.51588389121063E-01, -3.52500000000000E-01,  1.15320583841289E+00,  5.41899999999999E+01,  1.87682191675990E+02,  3.31045679210772E+02
 1.90516666700000E+03, -3.18027462695992E-01, -4.77500000000000E-01,  1.15624711613818E+00,  5.43699999999999E+01,  1.44721288999013E+02,  1.56300741852949E+02
 1.90525000000000E+03, -3.50455985549698E-01, -4.85000000000000E-01,  1.15920279772272E+00,  5.45499999999999E+01,  1.41699503529124E+02,  1.06811370762801E+02
 1.90533333300000E+03, -4.55393242536793E-01, -4.40000000000000E-01,  1.07878600576661E+00,  5.47299999999999E+01,  1.28755417645152E+02,  8.66441767034269E+01
 1.90541666700000E+03, -5.07647184346210E-01, -4.37500000000000E-01,  1.08305258546528E+00,  5.49099999999999E+01,  1.27701523084776E+02,  1.14449140719463E+02
 1.90550000000000E+03, -5.01718469977877E-01, -4.10000000000000E-01,  1.08727912500868E+00,  5.50899999999999E+01,  1.43324368876463E+02,  2.31647876895642E+02
 1.90558333300000E+03, -4.97245523761510E-01, -3.97500000000000E-01,  1.09146330078483E+00,  5.52699999999999E+01,  1.68185480766574E+02,  3.48612347947521E+02
 1.90566666700000E+03, -4.94061399018776E-01, -4.25000000000000E-01,  1.09560278164529E+00,  5.54499999999999E+01,  2.19278364381700E+02,  4.23020844308934E+02
 1.90575000000000E+03, -4.87739299880847E-01, -4.52500000000000E-01,  1.09969523038998E+00,  5.56299999999999E+01,  2.88321901640465E+02,  4.90813370297226E+02
 1.90583333300000E+03, -4.73800983310033E-01, -5.22500000000000E-01,  1.07744627446924E+00,  5.58099999999999E+01,  3.10150412690099E+02,  4.73396491221183E+02
 1.90591666700000E+03, -4.60404978462331E-01, -4.80000000000000E-01,  1.08172487896634E+00,  5.59899999999999E+01,  2.77824421282683E+02,  4.04683260654975E+02
 1.90600000000000E+03, -4.57860177588822E-01, -3.00000000000000E-01,  1.08596416689677E+00,  5.61699999999999E+01,  2.38937498074460E+02,  3.82585233544383E+02
 1.90608333300000E+03, -4.66764493500256E-01, -2.15000000000000E-01,  1.09016181729857E+00,  5.63499999999999E+01,  1.64524874251959E+02,  3.41184950027929E+02
 1.90616666700000E+03, -4.85877175742706E-01, -1.95000000000000E-01,  1.09431550121854E+00,  5.65299999999999E+01,  7.91616289864404E+01,  3.48025424838287E+02
 1.90625000000000E+03, -4.15486349955549E-01, -2.05000000000000E-01,  1.09842288318375E+00,  5.67099999999999E+01,  6.25048829353050E+01,  4.31285853235540E+02
 1.90633333300000E+03, -2.20924477602488E-01, -1.85000000000000E-01,  1.16925984584520E+00,  5.68899999999999E+01,  6.15732559519537E+01,  4.02444370510767E+02
 1.90641666700000E+03, -7.74075285199903E-02, -6.75000000000000E-02,  1.17848196756095E+00,  5.70699999999999E+01,  4.12997907310232E+01,  3.21012804692523E+02
 1.90650000000000E+03, -3.90253354701801E-02, -4.00000000000000E-02,  1.18776385495921E+00,  5.72499999999999E+01,  6.25124720436072E+01,  3.17186339513840E+02
 1.90658333300000E+03, -5.06390590049430E-02, -1.15000000000000E-01,  1.19709407448519E+00,  5.74299999999999E+01,  9.93359632871251E+01,  2.88005181705835E+02
 1.90666666700000E+03, -1.08526730015671E-01, -1.57500000000000E-01,  1.20646096202127E+00,  5.76099999999999E+01,  1.01855734384884E+02,  2.13031522823889E+02
 1.90675000000000E+03, -1.60070909554134E-01, -1.47500000000000E-01,  1.21585263921377E+00,  5.77899999999999E+01,  1.07650100667382E+02,  1.83165625753941E+02
 1.90683333300000E+03, -1.88453492512002E-01, -1.35000000000000E-01,  1.21225377083561E+00,  5.79699999999999E+01,  1.16640451048026E+02,  2.06517398033838E+02
 1.90691666700000E+03, -2.60697767042770E-01, -1.85000000000000E-01,  1.22165473167023E+00,  5.81499999999999E+01,  8.99943064076631E+01,  2.20349953108254E+02
 1.90700000000000E+03, -3.64623545253218E-01, -3.10000000000000E-01,  1.23106086530511E+00,  5.83299999999999E+01,  6.28032047593329E+01,  2.25133146076487E+02
 1.90708333300000E+03, -4.43662012668836E-01, -4.70000000000000E-01,  1.24045981612593E+00,  5.85099999999999E+01,  5.27168595280028E+01,  2.41815219176122E+02
 1.90716666700000E+03, -4.84594130942609E-01, -5.57500000000000E-01,  1.24983908032279E+00,  5.86899999999999E+01,  6.61039019778866E+01,  2.34424556831276E+02
 1.90725000000000E+03, -4.85976967409754E-01, -5.70000000000000E-01,  1.25918602603018E+00,  5.88699999999999E+01,  1.53953353832030E+02,  2.66562513343873E+02
 1.90733333300000E+03, -4.80766349810385E-01, -5.77500000000000E-01,  1.14672811262474E+00,  5.90499999999999E+01,  2.36666657293758E+02,  3.12158123134138E+02
 1.90741666700000E+03, -5.03713704438374E-01, -5.67500000000000E-01,  1.14321223963004E+00,  5.92299999999999E+01,  2.39582555896938E+02,  2.88910548238292E+02
 1.90750000000000E+03, -5.37374616690668E-01, -5.55000000000000E-01,  1.13960615082910E+00,  5.94099999999999E+01,  2.58257049204324E+02,  3.47868953827110E+02
 1.90758333300000E+03, -5.59300622427555E-01, -4.72500000000000E-01,  1.13591305600933E+00,  5.95899999999999E+01,  2.63716760672710E+02,  4.40519142374364E+02
 1.90766666700000E+03, -5.70483707885806E-01, -3.30000000000000E-01,  1.13213629933806E+00,  5.97699999999999E+01,  1.68857914271080E+02,  3.77711803136507E+02
 1.90775000000000E+03, -5.64903643469212E-01, -3.35000000000000E-01,  1.12827935876794E+00,  5.99499999999999E+01,  9.65717043696775E+01,  3.29400107029961E+02
 1.90783333300000E+03, -5.41670816441121E-01, -4.77500000000000E-01,  1.10844899915748E+00,  6.01299999999999E+01,  1.50490336608061E+02,  4.83969258308750E+02
 1.90791666700000E+03, -5.19132510227935E-01, -5.65000000000000E-01,  1.10419817083863E+00,  6.03099999999999E+01,  2.45932189305377E+02,  7.18748551452595E+02
 1.90800000000000E+03, -5.05728158150697E-01, -5.72500000000000E-01,  1.09989461194426E+00,  6.04899999999999E+01,  2.84682252408327E+02,  8.32145315748693E+02
 1.90808333300000E+03, -4.97958604662813E-01, -6.22500000000000E-01,  1.09554281329802E+00,  6.06699999999999E+01,  2.85595006374250E+02,  8.28883943541260E+02
 1.90816666700000E+03, -4.98887431829967E-01, -7.27500000000000E-01,  1.09114738646647E+00,  6.08499999999999E+01,  2.84708197491314E+02,  7.83153655716226E+02
 1.90825000000000E+03, -4.51387591005836E-01, -7.25000000000000E-01,  1.08671306134752E+00,  6.10299999999999E+01,  2.50854857279770E+02,  6.27402317820086E+02
 1.90833333300000E+03, -3.52316687355783E-01, -5.82500000000000E-01,  8.57579521733771E-01,  6.12099999999999E+01,  2.01106296447489E+02,  3.80110047300135E+02
 1.90841666700000E+03, -3.16155569177453E-01, -4.80000000000000E-01,  8.55912892213885E-01,  6.13899999999999E+01,  2.27763758123412E+02,  2.40504907065717E+02
 1.90850000000000E+03, -3.36625452664003E-01, -4.62500000000000E-01,  8.54240427269639E-01,  6.15699999999999E+01,  3.89073572212389E+02,  4.08486737504427E+02
 1.90858333300000E+03, -3.50415119681942E-01, -4.60000000000000E-01,  8.52562422635461E-01,  6.17499999999999E+01,  5.79550633041871E+02,  7.58766463290924E+02
 1.90866666700000E+03, -3.60854840358534E-01, -4.50000000000000E-01,  8.50879179678245E-01,  6.19299999999999E+01,  6.23388874980604E+02,  8.75560049223867E+02
 1.90875000000000E+03, -3.87138653880168E-01, -3.70000000000000E-01,  8.49191005421358E-01,  6.21099999999999E+01,  5.74598725961185E+02,  8.04839090486739E+02
 1.90883333300000E+03, -4.30854442398698E-01, -2.57500000000000E-01,  8.43047230489396E-01,  6.22899999999999E+01,  5.09746253279512E+02,  7.94901557441111E+02
 1.90891666700000E+03, -4.64080387442649E-01, -2.27500000000000E-01,  8.41340429777352E-01,  6.24699999999999E+01,  3.41009090502375E+02,  6.07148523506918E+02
 1.90900000000000E+03, -4.87648411537431E-01, -2.92500000000000E-01,  8.39630528710261E-01,  6.26499999999999E+01,  1.61274253688843E+02,  2.57109332862542E+02
 1.90908333300000E+03, -5.14378518327461E-01, -3.65000000000000E-01,  8.37917872247374E-01,  6.28299999999999E+01,  1.18916003567933E+02,  1.35492913085679E+02
 1.90916666700000E+03, -5.41915162555533E-01, -3.55000000000000E-01,  8.36202811139500E-01,  6.30099999999999E+01,  1.88979351802289E+02,  2.66429681882809E+02
 1.90925000000000E+03, -5.23798121989295E-01, -2.67500000000000E-01,  8.34485701939831E-01,  6.31899999999999E+01,  3.32815947192183E+02,  4.56181347718002E+02
 1.90933333300000E+03, -4.57166649853884E-01, -2.35000000000000E-01,  7.44586996047029E-01,  6.33699999999999E+01,  4.40790462335911E+02,  5.49453742201057E+02
 1.90941666700000E+03, -4.28694961318892E-01, -3.55000000000000E-01,  7.43636349565201E-01,  6.35499999999999E+01,  4.42831825275447E+02,  5.73505582059723E+02
 1.90950000000000E+03, -4.38435023527069E-01, -4.30000000000000E-01,  7.42715873594361E-01,  6.37299999999999E+01,  4.24540402956126E+02,  6.20930953337076E+02
 1.90958333300000E+03, -4.42529015538558E-01, -3.75000000000000E-01,  7.41826197305903E-01,  6.39099999999999E+01,  3.76368535571034E+02,  5.67286019719398E+02
 1.90966666700000E+03, -4.42997606830773E-01, -3.47500000000000E-01,  7.40967950239187E-01,  6.40899999999999E+01,  2.83121278129915E+02,  4.50690161972590E+02
 1.90975000000000E+03, -4.02266535989021E-01, -3.55000000000000E-01,  7.40141762079574E-01,  6.42699999999999E+01,  2.83816223146433E+02,  4.55632894047059E+02
 1.90983333300000E+03, -3.23771438040140E-01, -2.90000000000000E-01,  7.53946365489797E-01,  6.44499999999999E+01,  4.51805562687060E+02,  5.64670197204682E+02
 1.90991666700000E+03, -2.92552280079986E-01, -1.97500000000000E-01,  7.52761473868567E-01,  6.46299999999999E+01,  6.44706351713475E+02,  6.41228883156938E+02
 1.91000000000000E+03, -3.08423067725789E-01, -2.60000000000000E-01,  7.51601371907693E-01,  6.48099999999999E+01,  7.02956090198277E+02,  6.08164423652644E+02
 1.91008333300000E+03, -3.27632467808917E-01, -4.45000000000000E-01,  7.50466677158313E-01,  6.49900000000000E+01,  7.11086488486426E+02,  6.75106772160944E+02
 1.91016666700000E+03, -3.49628022780240E-01, -5.67500000000000E-01,  7.49358009238538E-01,  6.51700000000000E+01,  7.34599542333455E+02,  8.74517873680443E+02
 1.91025000000000E+03, -3.43892728037915E-01, -5.87500000000000E-01,  7.48275989655825E-01,  6.53500000000000E+01,  6.29481606232256E+02,  8.97192701424989E+02
 1.91033333300000E+03, -3.09120878503947E-01, -6.25000000000000E-01,  9.69583811320346E-01,  6.55300000000000E+01,  4.51669536806260E+02,  8.62873575692668E+02
 1.91041666700000E+03, -3.07696533626023E-01, -6.95000000000000E-01,  9.73613158091625E-01,  6.57100000000000E+01,  3.64298908887277E+02,  8.96262357182165E+02
 1.91050000000000E+03, -3.41287731439145E-01, -7.12500000000000E-01,  9.77889689674220E-01,  6.58900000000000E+01,  2.77327148928686E+02,  7.16543339690955E+02
 1.91058333300000E+03, -3.79682643509918E-01, -6.27500000000000E-01,  9.82411944433143E-01,  6.60700000000000E+01,  1.39375194274010E+02,  4.24437227309295E+02
 1.91066666700000E+03, -4.24242412845791E-01, -4.60000000000000E-01,  9.87178099974643E-01,  6.62500000000000E+01,  6.51903578532312E+01,  3.04106504752709E+02
 1.91075000000000E+03, -4.36148994286116E-01, -3.05000000000000E-01,  9.92185968563992E-01,  6.64300000000000E+01,  7.39031345239796E+01,  2.78198461649541E+02
 1.91083333300000E+03, -4.14226889328897E-01, -2.45000000000000E-01,  9.85046652576258E-01,  6.66100000000000E+01,  9.50367311555732E+01,  2.45291754074086E+02
 1.91091666700000E+03, -4.38824836389308E-01, -3.22500000000000E-01,  9.89948237069432E-01,  6.67900000000000E+01,  1.00355697520379E+02,  2.27936977280919E+02
 1.91100000000000E+03, -5.13213272065081E-01, -4.42500000000000E-01,  9.95090150736054E-01,  6.69700000000000E+01,  9.96231384961838E+01,  2.23288249706834E+02
 1.91108333300000E+03, -5.95459612324526E-01, -5.62500000000000E-01,  1.00046962826215E+00,  6.71500000000000E+01,  8.81090697587149E+01,  1.80926756773271E+02
 1.91116666700000E+03, -6.79807682318458E-01, -6.50000000000000E-01,  1.00608352952973E+00,  6.73300000000000E+01,  6.02130721450029E+01,  9.95238848874580E+01
 1.91125000000000E+03, -6.43103594790433E-01, -6.47500000000000E-01,  1.01192833686445E+00,  6.75100000000000E+01,  5.70763319763760E+01,  6.64198450262204E+01
 1.91133333300000E+03, -4.61976373014186E-01, -6.57500000000000E-01,  7.49854920780594E-01,  6.76900000000001E+01,  1.26577338096025E+02,  1.18130377158043E+02
 1.91141666700000E+03, -3.53331249007961E-01, -6.82500000000000E-01,  7.51298126807805E-01,  6.78700000000001E+01,  2.24096123764737E+02,  2.02147485052987E+02
 1.91150000000000E+03, -3.38090885275005E-01, -6.25000000000000E-01,  7.52798586605355E-01,  6.80500000000001E+01,  2.68531712145362E+02,  2.38432073174417E+02
 1.91158333300000E+03, -3.17997226012842E-01, -5.02500000000000E-01,  7.54356519346775E-01,  6.82300000000001E+01,  2.85203183181034E+02,  2.35318831305614E+02
 1.91166666700000E+03, -2.96314718689209E-01, -3.87500000000000E-01,  7.55972125814057E-01,  6.84100000000001E+01,  2.87454447559671E+02,  2.61618312874131E+02
 1.91175000000000E+03, -2.81060267644566E-01, -3.72500000000000E-01,  7.57645587942076E-01,  6.85900000000001E+01,  2.17292197296994E+02,  2.45554003925789E+02
 1.91183333300000E+03, -2.79746509583365E-01, -4.45000000000000E-01,  7.75767126235324E-01,  6.87700000000001E+01,  1.28689305618951E+02,  1.60634425535984E+02
 1.91191666700000E+03, -2.92934079191712E-01, -4.75000000000000E-01,  7.78036117326688E-01,  6.89500000000001E+01,  8.68132400479390E+01,  1.37044460607948E+02
 1.91200000000000E+03, -3.16105410013227E-01, -4.22500000000000E-01,  7.80363577125869E-01,  6.91300000000001E+01,  5.87710465951960E+01,  1.92636737218988E+02
 1.91208333300000E+03, -3.45227806670031E-01, -3.82500000000000E-01,  7.82749421015478E-01,  6.93100000000001E+01,  4.94483023988472E+01,  2.30585837200949E+02
 1.91216666700000E+03, -3.78730470257525E-01, -4.15000000000000E-01,  7.85193539544285E-01,  6.94900000000001E+01,  5.78057133490006E+01,  2.19517618435191E+02
 1.91225000000000E+03, -4.58770825326697E-01, -4.45000000000000E-01,  7.87695797986838E-01,  6.96700000000001E+01,  5.04064349113289E+01,  2.25285121143085E+02
 1.91233333300000E+03, -5.76452451829600E-01, -4.42500000000000E-01,  4.80157296787630E-01,  6.98500000000001E+01,  4.86553834917377E+01,  2.37790244709142E+02
 1.91241666700000E+03, -6.36054915416177E-01, -4.35000000000000E-01,  4.80908374597717E-01,  7.00300000000001E+01,  6.63302652784020E+01,  1.75721970687280E+02
 1.91250000000000E+03, -6.41176475575364E-01, -4.85000000000000E-01,  4.81662053183126E-01,  7.02100000000002E+01,  6.93177153107301E+01,  1.07854357736476E+02
 1.91258333300000E+03, -6.40108615071659E-01, -5.32500000000000E-01,  4.82418286752382E-01,  7.03900000000002E+01,  6.13789383355633E+01,  9.64517243199888E+01
 1.91266666700000E+03, -6.35895601666688E-01, -4.97500000000000E-01,  4.83177028533610E-01,  7.05700000000002E+01,  9.17346677162220E+01,  9.31129439136948E+01
 1.91275000000000E+03, -6.25641083775195E-01, -4.70000000000000E-01,  4.83938230764258E-01,  7.07500000000002E+01,  1.28514807231155E+02,  1.07384173074947E+02
 1.91283333300000E+03, -6.11263086058183E-01, -4.95000000000000E-01,  4.81737321517332E-01,  7.09300000000002E+01,  1.11107580376275E+02,  1.46403965340536E+02
 1.91291666700000E+03, -6.08867969143308E-01, -6.35000000000000E-01,  4.82493807222986E-01,  7.11100000000002E+01,  9.46248080216557E+01,  1.68980342747371E+02
 1.91300000000000E+03, -6.18693691239530E-01, -7.40000000000000E-01,  4.83252796424211E-01,  7.12900000000002E+01,  9.96301917291918E+01,  1.64971462468550E+02
 1.91308333300000E+03, -6.31317006750446E-01, -7.02500000000000E-01,  4.84014241259135E-01,  7.14700000000002E+01,  7.77093613800251E+01,  1.62937838913916E+02
 1.91316666700000E+03, -6.48238965976997E-01, -7.47500000000000E-01,  4.84778092863865E-01,  7.16500000000002E+01,  6.43677449655280E+01,  1.75385014387052E+02
 1.91325000000000E+03, -6.21058527790072E-01, -8.45000000000000E-01,  4.85544301362144E-01,  7.18300000000002E+01,  7.51866744475062E+01,  1.61031115016441E+02
 1.91333333300000E+03, -5.40672380359758E-01, -8.77500000000000E-01,  4.01241791848458E-01,  7.20100000000002E+01,  7.83999501828054E+01,  1.21525458187507E+02
 1.91341666700000E+03, -4.98853535865832E-01, -8.55000000000000E-01,  4.01173810546875E-01,  7.21900000000002E+01,  9.64306771265347E+01,  1.26538866901445E+02
 1.91350000000000E+03, -4.98247538971962E-01, -7.87500000000000E-01,  4.01107083793500E-01,  7.23700000000002E+01,  1.36669699855901E+02,  1.96943800938568E+02
 1.91358333300000E+03, -4.91937917598338E-01, -7.52500000000000E-01,  4.01041623107066E-01,  7.25500000000002E+01,  1.70866957301217E+02,  2.68519273915109E+02
 1.91366666700000E+03, -4.81562087388156E-01, -7.30000000000000E-01,  4.00977440065388E-01,  7.27300000000002E+01,  2.17100192819031E+02,  3.14832136493035E+02
 1.91375000000000E+03, -4.71207008875552E-01, -6.67500000000000E-01,  4.00914546305342E-01,  7.29100000000003E+01,  3.26827714077106E+02,  4.44276111620801E+02
 1.91383333300000E+03, -4.64893403054256E-01, -5.82500000000000E-01,  4.00434340101015E-01,  7.30900000000003E+01,  4.40726182574195E+02,  6.13500566253498E+02
 1.91391666700000E+03, -4.64004688930304E-01, -4.70000000000000E-01,  4.00494821137897E-01,  7.32700000000003E+01,  4.51863176155230E+02,  6.14044980657458E+02
 1.91400000000000E+03, -4.67949599324757E-01, -4.32500000000000E-01,  4.00557564167665E-01,  7.34500000000003E+01,  4.23276469364541E+02,  5.31813987678676E+02
 1.91408333300000E+03, -4.74840585241907E-01, -5.65000000000000E-01,  4.00622584507808E-01,  7.36300000000003E+01,  3.89603137341494E+02,  4.80871957139537E+02
 1.91416666700000E+03, -4.81162945209492E-01, -7.05000000000000E-01,  4.00689897508425E-01,  7.38100000000003E+01,  2.66993224909483E+02,  3.50847909332889E+02
 1.91425000000000E+03, -4.76350643643208E-01, -6.75000000000000E-01,  4.00759518551369E-01,  7.39900000000003E+01,  1.33322515815673E+02,  2.05787924290636E+02
 1.91433333300000E+03, -4.65205582783183E-01, -5.82500000000000E-01,  7.42666117841812E-01,  7.41700000000003E+01,  8.02132459035745E+01,  1.39038766340293E+02
 1.91441666700000E+03, -4.67796544585788E-01, -6.10000000000000E-01,  7.41778154397882E-01,  7.43500000000003E+01,  5.31947460370853E+01,  1.15842413398397E+02
 1.91450000000000E+03, -4.77654075689105E-01, -6.80000000000000E-01,  7.40921654818773E-01,  7.45300000000003E+01,  5.02554355471500E+01,  1.58015833036841E+02
 1.91458333300000E+03, -4.81558538335469E-01, -6.52500000000000E-01,  7.40097248791332E-01,  7.47100000000003E+01,  7.28294271866478E+01,  2.05706360657349E+02
 1.91466666700000E+03, -4.81442128365374E-01, -5.10000000000000E-01,  7.39305565908467E-01,  7.48900000000003E+01,  7.19555045764258E+01,  2.00892859820598E+02
 1.91475000000000E+03, -4.60788012547376E-01, -3.47500000000000E-01,  7.38547235436227E-01,  7.50700000000003E+01,  8.09354589700070E+01,  2.52865092150879E+02
 1.91483333300000E+03, -4.23796016648512E-01, -2.92500000000000E-01,  7.43967383725027E-01,  7.52500000000003E+01,  1.28458544558024E+02,  3.62645679852916E+02
 1.91491666700000E+03, -4.13918071317483E-01, -2.92500000000000E-01,  7.43036221915741E-01,  7.54300000000003E+01,  1.55871133326468E+02,  3.79132612294452E+02
 1.91500000000000E+03, -4.30155950788899E-01, -2.50000000000000E-01,  7.42135638390207E-01,  7.56100000000004E+01,  1.71612113064212E+02,  3.68041039531380E+02
 1.91508333300000E+03, -4.49212406927496E-01, -1.65000000000000E-01,  7.41266262583371E-01,  7.57900000000004E+01,  2.39829731771869E+02,  4.83332704534426E+02
 1.91516666700000E+03, -4.70300075975738E-01, -5.50000000000000E-02,  7.40428724154870E-01,  7.59700000000004E+01,  2.96487547808259E+02,  5.44446456413445E+02
 1.91525000000000E+03, -3.39199479570942E-01,  7.25000000000000E-02,  7.39623652763630E-01,  7.61500000000004E+01,  2.67797706819437E+02,  4.30845239967684E+02
 1.91533333300000E+03, -5.00485317085605E-02,  2.00000000000000E-01,  5.85469476216140E-01,  7.63300000000004E+01,  2.21519545966721E+02,  3.50829738893627E+02
 1.91541666700000E+03,  9.48099184799077E-02,  2.85000000000000E-01,  5.85736951654648E-01,  7.65100000000004E+01,  1.90331623620240E+02,  3.12564835550704E+02
 1.91550000000000E+03,  9.37119587085897E-02,  3.07500000000000E-01,  5.86005339500357E-01,  7.66900000000004E+01,  1.36554419492999E+02,  2.05354996429457E+02
 1.91558333300000E+03,  9.82483603566227E-02,  2.82500000000000E-01,  5.86274642867909E-01,  7.68700000000004E+01,  8.66601427975003E+01,  1.16655048856706E+02
 1.91566666700000E+03,  1.06668141146104E-01,  1.90000000000000E-01,  5.86544864880855E-01,  7.70500000000004E+01,  8.16920533132353E+01,  1.03232113265947E+02
 1.91575000000000E+03,  3.13426071478561E-02,  4.50000000000000E-02,  5.86816008671658E-01,  7.72300000000004E+01,  1.11135578151566E+02,  1.53322586899346E+02
 1.91583333300000E+03, -1.31816191037415E-01, -5.50000000000000E-02,  6.23252290410312E-01,  7.74100000000004E+01,  1.25644011984957E+02,  1.91419164188072E+02
 1.91591666700000E+03, -2.17396103900995E-01, -1.10000000000000E-01,  6.23647926721278E-01,  7.75900000000004E+01,  1.05923502048115E+02,  1.58396212216832E+02
 1.91600000000000E+03, -2.24629641815255E-01, -1.85000000000000E-01,  6.24044889625704E-01,  7.77700000000004E+01,  9.76881153277797E+01,  1.66563284232162E+02
 1.91608333300000E+03, -2.34879634906554E-01, -3.10000000000000E-01,  6.24443183093334E-01,  7.79500000000004E+01,  9.92760897409372E+01,  1.96829944550772E+02
 1.91616666700000E+03, -2.46244921135531E-01, -4.12500000000000E-01,  6.24842811097674E-01,  7.81300000000005E+01,  8.70880106392414E+01,  1.58312926436594E+02
 1.91625000000000E+03, -2.04684155384705E-01, -3.90000000000000E-01,  6.25243777615882E-01,  7.83100000000005E+01,  1.21068442502192E+02,  1.70786301956217E+02
 1.91633333300000E+03, -1.06561058481789E-01, -3.25000000000000E-01,  3.38735936749332E-03,  7.84900000000005E+01,  2.08988947379197E+02,  2.58307269921725E+02
 1.91641666700000E+03, -5.37524697365618E-02, -2.90000000000000E-01,  5.14765719696903E-03,  7.86700000000005E+01,  2.66180863872154E+02,  2.97576589838623E+02
 1.91650000000000E+03, -4.67906296598274E-02, -2.62500000000000E-01,  6.98675730340408E-03,  7.88500000000005E+01,  2.98515702113417E+02,  2.84158657686966E+02
 1.91658333300000E+03, -3.44439330640708E-02, -2.50000000000000E-01,  8.90365192433251E-03,  7.90300000000005E+01,  3.40444046846515E+02,  2.83759947000896E+02
 1.91666666700000E+03, -1.93482386419650E-02, -2.77500000000000E-01,  1.08972689142457E-02,  7.92100000000005E+01,  3.20187605893640E+02,  2.79748264766136E+02
 1.91675000000000E+03, -6.92985731868371E-03, -3.67500000000000E-01,  1.29664712021320E-02,  7.93900000000005E+01,  2.42881597869898E+02,  2.04671731171740E+02
 1.91683333300000E+03,  2.25916412427835E-04, -4.55000000000000E-01,  1.16918760757830E-02,  7.95700000000005E+01,  2.00830997312365E+02,  1.12587889260318E+02
 1.91691666700000E+03,  2.89347762400755E-03, -4.52500000000000E-01,  1.37901093587345E-02,  7.97500000000005E+01,  1.65490886866585E+02,  1.03032624025447E+02
 1.91700000000000E+03,  5.50682232679223E-04, -4.35000000000000E-01,  1.59622407427409E-02,  7.99300000000005E+01,  1.24117383163437E+02,  1.45329582971411E+02
 1.91708333300000E+03, -6.47157668593285E-03, -4.72500000000000E-01,  1.82069761312719E-02,  8.01100000000005E+01,  1.45129325099791E+02,  1.80550639407232E+02
 1.91716666700000E+03, -2.10162489015793E-02, -4.60000000000000E-01,  2.05229549617045E-02,  8.02900000000005E+01,  1.83786170513102E+02,  2.00961558203995E+02
 1.91725000000000E+03, -6.58546986420674E-02, -3.75000000000000E-01,  2.29087498448712E-02,  8.04700000000005E+01,  1.77873808615237E+02,  2.16726914572510E+02
 1.91733333300000E+03, -1.45278339994958E-01, -3.30000000000000E-01,  2.10213985565973E-01,  8.06500000000005E+01,  1.66874182137122E+02,  2.20589933427069E+02
 1.91741666700000E+03, -2.23072617825903E-01, -3.32500000000000E-01,  2.06130342537795E-01,  8.08300000000006E+01,  1.54849831237386E+02,  1.71934644742585E+02
 1.91750000000000E+03, -2.83766040417976E-01, -3.60000000000000E-01,  2.02049809862998E-01,  8.10100000000006E+01,  1.01679540479890E+02,  9.28950932951084E+01
 1.91758333300000E+03, -3.32780648232847E-01, -3.97500000000000E-01,  1.97973381982994E-01,  8.11900000000006E+01,  7.60562899379512E+01,  8.96736164869261E+01
 1.91766666700000E+03, -3.67571914533254E-01, -4.47500000000000E-01,  1.93902065839999E-01,  8.13700000000006E+01,  1.73083131942906E+02,  2.06552962129873E+02
 1.91775000000000E+03, -3.67713241662010E-01, -5.40000000000000E-01,  1.89836880683143E-01,  8.15500000000006E+01,  3.04038213669928E+02,  3.72980461980667E+02
 1.91783333300000E+03, -3.37594142912230E-01, -4.37500000000000E-01,  1.37187052951816E-01,  8.17300000000006E+01,  4.10006809860956E+02,  5.52309487553234E+02
 1.91791666700000E+03, -3.25107033523871E-01, -1.12500000000000E-01,  1.33325912068810E-01,  8.19100000000006E+01,  5.84348144741803E+02,  7.65557256482583E+02
 1.91800000000000E+03, -3.38948718569125E-01,  2.50000000000000E-02,  1.29487757218054E-01,  8.20900000000006E+01,  7.09302312558649E+02,  8.99960532633383E+02
 1.91808333300000E+03, -3.61392485817230E-01, -1.17500000000000E-01,  1.25673770197104E-01,  8.22700000000006E+01,  6.30355735266484E+02,  8.36241856674412E+02
 1.91816666700000E+03, -3.91087762940866E-01, -3.32500000000000E-01,  1.21885139883437E-01,  8.24500000000006E+01,  4.95218190834578E+02,  6.74725186781131E+02
 1.91825000000000E+03, -3.87289257329683E-01, -4.67500000000000E-01,  1.18123061811526E-01,  8.26300000000006E+01,  3.77554477003729E+02,  5.18460813319704E+02
 1.91833333300000E+03, -3.37298159928262E-01, -4.90000000000000E-01,  5.32700417393038E-01,  8.28100000000006E+01,  2.19493741434504E+02,  3.68944851362531E+02
 1.91841666700000E+03, -3.07795828595693E-01, -4.57500000000000E-01,  5.32790422826099E-01,  8.29900000000006E+01,  1.32362552927653E+02,  2.80192091211779E+02
 1.91850000000000E+03, -3.04792692006336E-01, -4.35000000000000E-01,  5.32880721883638E-01,  8.31700000000006E+01,  1.87913806232526E+02,  2.93054864313118E+02
 1.91858333300000E+03, -2.96101716142866E-01, -4.55000000000000E-01,  5.32971315573623E-01,  8.33500000000006E+01,  2.81695647896795E+02,  3.38167706376471E+02
 1.91866666700000E+03, -2.83438470573624E-01, -4.85000000000000E-01,  5.33062204907691E-01,  8.35300000000007E+01,  3.62272508544781E+02,  3.78077967985395E+02
 1.91875000000000E+03, -3.01492753719091E-01, -4.52500000000000E-01,  5.33153390901152E-01,  8.37100000000007E+01,  4.66102744723518E+02,  4.89575850560389E+02
 1.91883333300000E+03, -3.54538197599646E-01, -4.02500000000000E-01,  5.27147468842492E-01,  8.38900000000007E+01,  5.50300061063856E+02,  6.25847828639288E+02
 1.91891666700000E+03, -3.83169793910592E-01, -3.17500000000000E-01,  5.27219460060869E-01,  8.40700000000007E+01,  5.51433082132167E+02,  6.81083482201526E+02
 1.91900000000000E+03, -3.86473744725298E-01, -1.35000000000000E-01,  5.27291683491198E-01,  8.42500000000007E+01,  5.27984438114501E+02,  7.54531346165111E+02
 1.91908333300000E+03, -3.92746531542978E-01,  0.00000000000000E+00,  5.27364139919250E-01,  8.44300000000007E+01,  4.93851557058793E+02,  8.17168132154464E+02
 1.91916666700000E+03, -3.99068442223710E-01,  5.00000000000000E-03,  5.27436830133622E-01,  8.46100000000007E+01,  3.86135938268064E+02,  7.29490638654824E+02
 1.91925000000000E+03, -3.92904950706261E-01, -7.75000000000000E-02,  5.27509754925751E-01,  8.47900000000007E+01,  2.58163126188200E+02,  6.49267537885858E+02
 1.91933333300000E+03, -3.73813248943681E-01, -1.90000000000000E-01,  1.41376365846711E-01,  8.49700000000007E+01,  1.75936197538145E+02,  6.71118155061845E+02
 1.91941666700000E+03, -3.63390746599625E-01, -3.45000000000000E-01,  1.37491746922614E-01,  8.51500000000007E+01,  1.32423856337859E+02,  6.60376560124857E+02
 1.91950000000000E+03, -3.63081476542799E-01, -4.75000000000000E-01,  1.33628847669558E-01,  8.53300000000007E+01,  1.54820774874097E+02,  6.34153001266589E+02
 1.91958333300000E+03, -3.63332627578199E-01, -4.25000000000000E-01,  1.29788841790071E-01,  8.55100000000007E+01,  2.69161292579228E+02,  6.85796212179557E+02
 1.91966666700000E+03, -3.66268330264062E-01, -2.82500000000000E-01,  1.25972910507205E-01,  8.56900000000007E+01,  4.23541245659017E+02,  7.64709836708567E+02
 1.91975000000000E+03, -3.62244514228572E-01, -2.07500000000000E-01,  1.22182242156606E-01,  8.58700000000007E+01,  5.22103069333579E+02,  7.65282648500095E+02
 1.91983333300000E+03, -3.43686845362404E-01, -2.57500000000000E-01,  1.46752586823909E-01,  8.60500000000008E+01,  5.25297564301344E+02,  6.86287553052303E+02
 1.91991666700000E+03, -3.28765643740950E-01, -4.30000000000000E-01,  1.42839997482767E-01,  8.62300000000008E+01,  4.58274346218135E+02,  5.97935020264358E+02
 1.92000000000000E+03, -3.27629400187162E-01, -6.02500000000000E-01,  1.38947526516377E-01,  8.64100000000008E+01,  3.37724761974915E+02,  5.19940432544193E+02
 1.92008333300000E+03, -3.35235565873513E-01, -6.50000000000000E-01,  1.35076336642487E-01,  8.65900000000008E+01,  2.11975931144935E+02,  4.82817865234413E+02
 1.92016666700000E+03, -3.50774850441279E-01, -6.10000000000000E-01,  1.31227598637974E-01,  8.67700000000008E+01,  1.57169980233735E+02,  5.20550743036978E+02
 1.92025000000000E+03, -3.63557587366147E-01, -5.95000000000000E-01,  1.27402490949810E-01,  8.69500000000008E+01,  1.88677822566666E+02,  5.91512696573172E+02
 1.92033333300000E+03, -3.65973312017518E-01, -5.97500000000000E-01,  1.36808756859665E-01,  8.71300000000008E+01,  2.87239703720428E+02,  6.62566944316999E+02
 1.92041666700000E+03, -3.72305243861028E-01, -6.15000000000000E-01,  1.31670349542569E-01,  8.73100000000008E+01,  4.17177407178577E+02,  7.15074753522152E+02
 1.92050000000000E+03, -3.88672752710666E-01, -6.12500000000000E-01,  1.26377840590832E-01,  8.74900000000008E+01,  5.10178398724550E+02,  6.86023684866544E+02
 1.92058333300000E+03, -4.09780632117499E-01, -5.07500000000000E-01,  1.20934340905047E-01,  8.76700000000008E+01,  5.47504988220339E+02,  5.56565347021903E+02
 1.92066666700000E+03, -4.34241701234710E-01, -3.90000000000000E-01,  1.15343183309122E-01,  8.78500000000008E+01,  5.75476775104468E+02,  4.69977086817562E+02
 1.92075000000000E+03, -4.71480907310992E-01, -3.67500000000000E-01,  1.09607922982166E-01,  8.80300000000008E+01,  5.94711496119913E+02,  5.01488032071791E+02
 1.92083333300000E+03, -5.18464500581727E-01, -4.57500000000000E-01,  9.70779502725449E-02,  8.82100000000008E+01,  6.15721393582368E+02,  4.98039484690182E+02
 1.92091666700000E+03, -5.46828744737072E-01, -5.32500000000000E-01,  9.09202456308691E-02,  8.83900000000008E+01,  7.38037918831268E+02,  5.30211302112830E+02
 1.92100000000000E+03, -5.48269859254712E-01, -5.32500000000000E-01,  8.38819398761139E-02,  8.85700000000008E+01,  9.18311647762325E+02,  7.43729077016267E+02
 1.92108333300000E+03, -5.26415033355826E-01, -6.12500000000000E-01,  7.67371372574153E-02,  8.87500000000009E+01,  9.90982852364046E+02,  9.02784037704496E+02
 1.92116666700000E+03, -5.03722635216853E-01, -6.82500000000000E-01,  6.94949880762501E-02,  8.89300000000009E+01,  9.79255016502176E+02,  9.27776733094589E+02
 1.92125000000000E+03, -5.18284156960981E-01, -6.55000000000000E-01,  7.14998753007315E-02,  8.91100000000009E+01,  8.97527720872591E+02,  9.29035025925282E+02
 1.92133333300000E+03, -5.57848057949656E-01, -6.50000000000000E-01,  7.74944105233845E-02,  8.92900000000009E+01,  6.53828105604872E+02,  7.81342548388478E+02
 1.92141666700000E+03, -5.85474396096537E-01, -5.07500000000000E-01,  8.35301972090690E-02,  8.94700000000009E+01,  3.75023909823794E+02,  5.18943982354166E+02
 1.92150000000000E+03, -5.88137429434644E-01, -3.20000000000000E-01,  8.95897715402579E-02,  8.96500000000009E+01,  2.14968115665907E+02,  3.32125684348350E+02
 1.92158333300000E+03, -5.66414440177732E-01, -3.80000000000000E-01,  9.56559149872430E-02,  8.98300000000009E+01,  1.12995981116910E+02,  1.90668694545551E+02
 1.92166666700000E+03, -4.96753614056497E-01, -4.05000000000000E-01,  1.01711686780942E-01,  9.00100000000009E+01,  4.46453565579970E+01,  7.95168746619008E+01
 1.92175000000000E+03, -3.94466808865719E-01, -3.12500000000000E-01,  1.25463028151783E-01,  9.01900000000009E+01,  6.72771447295325E+01,  1.36812122448883E+02
 1.92183333300000E+03, -3.36320462189506E-01, -3.27500000000000E-01,  1.31225315621354E-01,  9.03700000000009E+01,  1.49852357167530E+02,  3.31575218848380E+02
 1.92191666700000E+03, -3.28100452570927E-01, -3.52500000000000E-01,  1.36883149071443E-01,  9.05500000000009E+01,  2.01599280374360E+02,  4.38684912117835E+02
 1.92200000000000E+03, -3.37365038583770E-01, -3.82500000000000E-01,  1.42422310284020E-01,  9.07300000000009E+01,  2.07309308633076E+02,  4.52030153999173E+02
 1.92208333300000E+03, -3.59522846271506E-01, -5.15000000000000E-01,  1.47829063202321E-01,  9.09100000000009E+01,  2.01171490991357E+02,  4.74371513900792E+02
 1.92216666700000E+03, -3.78279132782449E-01, -6.57500000000000E-01,  1.53090172419037E-01,  9.10900000000009E+01,  1.58211610959712E+02,  3.91367102020927E+02
 1.92225000000000E+03, -4.04852642244733E-01, -6.85000000000000E-01,  1.93833129164426E-01,  9.12700000000009E+01,  7.91309194574464E+01,  2.37870079337935E+02
 1.92233333300000E+03, -4.51098805777130E-01, -6.62500000000000E-01,  1.81306528008072E-01,  9.14500000000010E+01,  3.68601581222120E+01,  2.19745781064719E+02
 1.92241666700000E+03, -4.63596279161954E-01, -6.95000000000000E-01,  1.69019889550157E-01,  9.16300000000010E+01,  4.92619702020857E+01,  2.98405855346832E+02
 1.92250000000000E+03, -4.23421402454352E-01, -7.12500000000000E-01,  1.56996885462860E-01,  9.18100000000010E+01,  6.39826572386577E+01,  3.55983491074229E+02
 1.92258333300000E+03, -3.75175858851653E-01, -7.12500000000000E-01,  1.45260133117394E-01,  9.19900000000010E+01,  7.04188908803924E+01,  3.68784671537511E+02
 1.92266666700000E+03, -3.50542053247522E-01, -6.82500000000000E-01,  1.33831150200398E-01,  9.21700000000010E+01,  1.22017027218109E+02,  3.69067718811468E+02
 1.92275000000000E+03, -3.61916301809421E-01, -5.10000000000000E-01,  1.26613641971511E-01,  9.23500000000010E+01,  1.98492428348293E+02,  3.71884352240932E+02
 1.92283333300000E+03, -4.10472510100978E-01, -3.60000000000000E-01,  1.15735312869156E-01,  9.25300000000010E+01,  2.28452282181588E+02,  3.23832904550129E+02
 1.92291666700000E+03, -4.77798607528007E-01, -4.30000000000000E-01,  1.05216105668773E-01,  9.27100000000010E+01,  2.52597604301163E+02,  3.35183474793693E+02
 1.92300000000000E+03, -5.33202476412975E-01, -6.15000000000000E-01,  9.50732157088736E-02,  9.28900000000010E+01,  2.87663801771200E+02,  4.63053757824362E+02
 1.92308333300000E+03, -5.52618029195381E-01, -7.22500000000000E-01,  8.53225870942895E-02,  9.30700000000010E+01,  2.63786586618682E+02,  5.08091082940637E+02
 1.92316666700000E+03, -5.65137381386164E-01, -7.55000000000000E-01,  7.59788926094205E-02,  9.32500000000010E+01,  2.21074686386630E+02,  4.87411022602607E+02
 1.92325000000000E+03, -6.04075333507182E-01, -7.50000000000000E-01, -2.42612119966175E-01,  9.34300000000010E+01,  2.20161083956408E+02,  5.12902771015612E+02
 1.92333333300000E+03, -6.33126049944307E-01, -6.80000000000000E-01, -2.39168181406288E-01,  9.36100000000010E+01,  2.12568746601928E+02,  4.72814225557447E+02
 1.92341666700000E+03, -6.35177933910687E-01, -6.37500000000000E-01, -2.35474722505638E-01,  9.37900000000010E+01,  2.07149843533382E+02,  3.66961773565545E+02
 1.92350000000000E+03, -6.22527267903801E-01, -6.27500000000000E-01, -2.31537722287788E-01,  9.39700000000011E+01,  2.91976891779348E+02,  3.40715935937823E+02
 1.92358333300000E+03, -5.93730729454470E-01, -6.30000000000000E-01, -2.27363455595609E-01,  9.41500000000011E+01,  4.15682458663860E+02,  3.96157707705188E+02
 1.92366666700000E+03, -5.16144650354698E-01, -5.90000000000000E-01, -2.22958476611772E-01,  9.43300000000011E+01,  4.57938822567399E+02,  4.43943367780753E+02
 1.92375000000000E+03, -3.88476197695167E-01, -4.25000000000000E-01, -2.08150332631102E-01,  9.45100000000011E+01,  4.74497883754538E+02,  4.58713174373856E+02
 1.92383333300000E+03, -2.82034607874582E-01, -2.15000000000000E-01, -2.02882380191455E-01,  9.46900000000011E+01,  4.78690335534692E+02,  4.28041443278743E+02
 1.92391666700000E+03, -2.11519719579303E-01, -5.75000000000000E-02, -1.97420517910196E-01,  9.48700000000011E+01,  3.73438950678190E+02,  3.69671537887763E+02
 1.92400000000000E+03, -1.54268972737858E-01, -6.00000000000000E-02, -1.91772638159365E-01,  9.50500000000011E+01,  3.00219731743435E+02,  3.77877515891382E+02
 1.92408333300000E+03, -1.14513740051892E-01, -1.17500000000000E-01, -1.85946796538849E-01,  9.52300000000011E+01,  3.65794917875569E+02,  4.35118621990666E+02
 1.92416666700000E+03, -2.05153831942837E-01, -4.00000000000000E-02, -1.79951195788063E-01,  9.54100000000011E+01,  4.39140481010747E+02,  4.88372471587251E+02
 1.92425000000000E+03, -4.17972544398531E-01,  1.50000000000000E-02, -2.55759881582612E-01,  9.55900000000011E+01,  5.42646692507123E+02,  6.21920810016952E+02
 1.92433333300000E+03, -5.18850511074419E-01, -6.75000000000000E-02, -2.57632457301819E-01,  9.57700000000011E+01,  6.52563038829344E+02,  7.75294867225951E+02
 1.92441666700000E+03, -5.05826837319117E-01, -1.67500000000000E-01, -2.59217889876022E-01,  9.59500000000011E+01,  5.91773240479666E+02,  7.85862724457642E+02
 1.92450000000000E+03, -4.90607480848760E-01, -2.70000000000000E-01, -2.60513856698363E-01,  9.61300000000011E+01,  4.57662207924734E+02,  7.20761951825419E+02
 1.92458333300000E+03, -4.71952361430658E-01, -4.02500000000000E-01, -2.61518581588824E-01,  9.63100000000011E+01,  3.74741814277799E+02,  6.58678277094773E+02
 1.92466666700000E+03, -4.56608225092099E-01, -4.82500000000000E-01, -2.62230826607723E-01,  9.64900000000011E+01,  2.62462519496151E+02,  5.40366505799486E+02
 1.92475000000000E+03, -4.46533296351699E-01, -4.85000000000000E-01, -2.61006040626176E-01,  9.66700000000012E+01,  1.68221102009582E+02,  3.95000776164484E+02
 1.92483333300000E+03, -4.34274704643440E-01, -4.67500000000000E-01, -2.61878142737092E-01,  9.68500000000012E+01,  1.77075187985755E+02,  3.43181079919152E+02
 1.92491666700000E+03, -4.24966710160056E-01, -5.05000000000000E-01, -2.62457378304718E-01,  9.70300000000012E+01,  2.12189822409620E+02,  4.27579669491078E+02
 1.92500000000000E+03, -4.25755245048954E-01, -6.62500000000000E-01, -2.62743275642326E-01,  9.72100000000012E+01,  2.20243128131741E+02,  5.66119623435713E+02
 1.92508333300000E+03, -4.33364384115315E-01, -8.02500000000000E-01, -2.62735877840004E-01,  9.73900000000012E+01,  2.38371526594531E+02,  7.13447302091648E+02
 1.92516666700000E+03, -4.45198706755197E-01, -7.70000000000000E-01, -2.62435731939554E-01,  9.75700000000012E+01,  3.13049290671363E+02,  9.20724190727040E+02
 1.92525000000000E+03, -4.53889590238787E-01, -6.22500000000000E-01,  1.81526721576698E-01,  9.77500000000012E+01,  4.47865489931448E+02,  1.11614058818796E+03
 1.92533333300000E+03, -4.47724876035497E-01, -5.10000000000000E-01,  1.85408680728984E-01,  9.79300000000012E+01,  5.59336251395891E+02,  1.14194709625110E+03
 1.92541666700000E+03, -4.26814541216166E-01, -5.37500000000000E-01,  1.89057577974908E-01,  9.81100000000012E+01,  5.97366406630417E+02,  1.01750946435191E+03
 1.92550000000000E+03, -3.95735248397702E-01, -5.82500000000000E-01,  1.92465350481805E-01,  9.82900000000012E+01,  5.95530016479913E+02,  8.43359809101778E+02
 1.92558333300000E+03, -3.56673020924664E-01, -5.12500000000000E-01,  1.95624537352828E-01,  9.84700000000012E+01,  5.07418696164558E+02,  6.14524240816479E+02
 1.92566666700000E+03, -2.93913190976664E-01, -3.30000000000000E-01,  1.98528281639185E-01,  9.86500000000012E+01,  3.34213846470067E+02,  3.92618281307234E+02
 1.92575000000000E+03, -2.12809807017718E-01, -1.57500000000000E-01,  2.06274243358003E-01,  9.88300000000012E+01,  2.15788788246729E+02,  3.08319939112060E+02
 1.92583333300000E+03, -1.59560095903970E-01,  2.49999999999999E-03,  2.08008441532593E-01,  9.90100000000012E+01,  1.62135723165803E+02,  3.48427555810867E+02
 1.92591666700000E+03, -1.36912665731251E-01,  2.42500000000000E-01,  2.09460823655163E-01,  9.91900000000012E+01,  1.68716956137446E+02,  5.42979519434021E+02
 1.92600000000000E+03, -1.23657794780469E-01,  3.70000000000000E-01,  2.10628320284274E-01,  9.93700000000013E+01,  2.88241555257039E+02,  8.76484963982758E+02
 1.92608333300000E+03, -1.14156231136768E-01,  3.12500000000000E-01,  2.11508443685700E-01,  9.95500000000013E+01,  3.69070913099227E+02,  1.08035173075056E+03
 1.92616666700000E+03, -9.14657668514306E-02,  2.15000000000000E-01,  2.12099280304053E-01,  9.97300000000013E+01,  4.04042056488700E+02,  1.22756275227042E+03
 1.92625000000000E+03, -5.90497514309694E-02,  1.65000000000000E-01,  2.46875966305072E-02,  9.99100000000013E+01,  6.11817310876330E+02,  1.62829171825082E+03
 1.92633333300000E+03, -4.76879024291558E-02,  1.62500000000000E-01,  1.70206076059565E-02,  1.00090000000001E+02,  8.72870830111486E+02,  2.06905247424900E+03
 1.92641666700000E+03, -6.04270235526925E-02,  2.00000000000000E-01,  9.32873330763738E-03,  1.00270000000001E+02,  1.04213218990848E+03,  2.37173285908180E+03
 1.92650000000000E+03, -7.90716100147791E-02,  2.32500000000000E-01,  1.62079466268725E-03,  1.00450000000001E+02,  1.27836328680351E+03,  2.74905251610655E+03
 1.92658333300000E+03, -9.18922980496257E-02,  1.77500000000000E-01, -6.09448599122603E-03,  1.00630000000001E+02,  1.46160610822332E+03,  2.96119924502765E+03
 1.92666666700000E+03, -9.12390333222777E-02,  1.57500000000000E-01, -1.38084957353771E-02,  1.00810000000001E+02,  1.32532282099793E+03,  2.64049795034779E+03
 1.92675000000000E+03, -8.21003424296767E-02,  1.30000000000000E-01, -9.84987544025762E-03,  1.00990000000001E+02,  1.05907898471866E+03,  2.11813217178517E+03
 1.92683333300000E+03, -7.21617413567229E-02,  2.50000000000000E-03, -1.75601857493571E-02,  1.01170000000001E+02,  8.73975910863545E+02,  1.64607428622859E+03
 1.92691666700000E+03, -5.56466598408976E-02, -2.50000000000000E-02, -2.52566444440569E-02,  1.01350000000001E+02,  6.44179717796959E+02,  1.08870492250506E+03
 1.92700000000000E+03, -2.69397636301450E-02, -5.00000000000000E-03, -3.29309547240945E-02,  1.01530000000001E+02,  4.50077454561598E+02,  7.39924031357557E+02
 1.92708333300000E+03,  1.04721096971887E-02, -7.25000000000000E-02, -4.05749634259712E-02,  1.01710000000001E+02,  4.89152795934805E+02,  7.95052577123154E+02
 1.92716666700000E+03,  2.10225569677280E-02, -1.32500000000000E-01, -4.81806698109509E-02,  1.01890000000001E+02,  5.42854072097138E+02,  8.44938825839043E+02
 1.92725000000000E+03, -1.24783473235232E-02, -7.50000000000000E-02, -5.07667164531481E-01,  1.02070000000001E+02,  4.45571820928274E+02,  7.79492093020704E+02
 1.92733333300000E+03, -4.30933407663811E-02,  8.50000000000000E-02, -5.09622243023910E-01,  1.02250000000001E+02,  3.58662455855088E+02,  7.42138662095276E+02
 1.92741666700000E+03, -5.38142223131326E-02,  1.77500000000000E-01, -5.11008007610519E-01,  1.02430000000001E+02,  2.80429824048120E+02,  6.34129745850820E+02
 1.92750000000000E+03, -5.74947755356146E-02,  1.32500000000000E-01, -5.11812383263523E-01,  1.02610000000001E+02,  1.77580070954566E+02,  5.11941466577972E+02
 1.92758333300000E+03, -5.31769159582001E-02,  6.75000000000000E-02, -5.12025702217205E-01,  1.02790000000001E+02,  1.41563621297553E+02,  4.46619138068304E+02
 1.92766666700000E+03, -3.99010051708809E-02,  1.12500000000000E-01, -5.11640689842426E-01,  1.02970000000001E+02,  1.32322461031306E+02,  3.52396849592060E+02
 1.92775000000000E+03, -2.05699818269328E-02,  2.35000000000000E-01, -5.08486512394733E-01,  1.03150000000001E+02,  1.43535371372789E+02,  2.99376387516354E+02
 1.92783333300000E+03, -5.74858890387673E-03,  2.97500000000000E-01, -5.06112019853857E-01,  1.03330000000001E+02,  1.90628823291139E+02,  2.82054249797720E+02
 1.92791666700000E+03, -1.71758365584496E-03,  2.60000000000000E-01, -5.03134429696142E-01,  1.03510000000001E+02,  1.67895465879193E+02,  2.09215562527981E+02
 1.92800000000000E+03, -9.49493389468531E-03,  7.00000000000000E-02, -4.99558549346216E-01,  1.03690000000001E+02,  1.17953779443835E+02,  1.44196391691375E+02
 1.92808333300000E+03, -3.13515639596028E-02, -1.92500000000000E-01, -4.95391304929466E-01,  1.03870000000001E+02,  1.22655989868818E+02,  1.32381787689162E+02
 1.92816666700000E+03, -5.46701578118682E-02, -3.27500000000000E-01, -4.90641672298940E-01,  1.04050000000001E+02,  1.03215349677115E+02,  1.50960888384921E+02
 1.92825000000000E+03, -6.35044318926353E-02, -3.10000000000000E-01, -5.12029100377789E-01,  1.04230000000001E+02,  5.88375182963859E+01,  1.50652371345681E+02
 1.92833333300000E+03, -6.48137086565273E-02, -1.77500000000000E-01, -5.11785483206121E-01,  1.04410000000001E+02,  4.42850141383421E+01,  1.04634785315272E+02
 1.92841666700000E+03, -6.33445396505893E-02, -5.00000000000000E-02, -5.10939573154518E-01,  1.04590000000001E+02,  3.55894574174740E+01,  6.69667079512301E+01
 1.92850000000000E+03, -5.47042403313957E-02, -1.25000000000000E-02, -5.09488257310143E-01,  1.04770000000001E+02,  4.26143865463394E+01,  9.93643754373347E+01
 1.92858333300000E+03, -3.99320041581741E-02,  1.75000000000000E-02, -5.07430732260265E-01,  1.04950000000001E+02,  1.33571247626769E+02,  2.11732587934048E+02
 1.92866666700000E+03, -2.80800082316672E-02,  2.00000000000000E-02, -5.04768458869894E-01,  1.05130000000001E+02,  3.57590375494559E+02,  4.16529120651257E+02
 1.92875000000000E+03, -2.26164734912477E-02, -1.12500000000000E-01, -5.10279572928062E-01,  1.05310000000001E+02,  6.23650744549679E+02,  7.85249092212116E+02
 1.92883333300000E+03, -1.49748733666040E-02, -2.72500000000000E-01, -5.08520887768001E-01,  1.05490000000001E+02,  7.77758122109199E+02,  1.19093061458352E+03
 1.92891666700000E+03, -8.29057058445190E-03, -2.95000000000000E-01, -5.06156454160128E-01,  1.05670000000001E+02,  8.48827326889140E+02,  1.38589442343551E+03
 1.92900000000000E+03, -1.03166852360566E-02, -2.27500000000000E-01, -5.03188861257070E-01,  1.05850000000002E+02,  8.47653497916580E+02,  1.43034555648759E+03
 1.92908333300000E+03, -2.11025408955834E-02, -1.82500000000000E-01, -4.99622880696986E-01,  1.06030000000002E+02,  6.84979137132746E+02,  1.35886800799217E+03
 1.92916666700000E+03, -1.71101502235263E-01, -1.82500000000000E-01, -4.95465403914976E-01,  1.06210000000002E+02,  5.29739977714917E+02,  1.08090168661220E+03
 1.92925000000000E+03, -4.41859258245181E-01, -2.70000000000000E-01, -2.24349520388869E-01,  1.06390000000002E+02,  5.27842062894850E+02,  7.98799364977602E+02
 1.92933333300000E+03, -5.47229887327133E-01, -4.25000000000000E-01, -2.19789371016583E-01,  1.06570000000002E+02,  5.05972857600922E+02,  6.22821233516577E+02
 1.92941666700000E+03, -4.94110215485643E-01, -4.27500000000000E-01, -2.15010172657015E-01,  1.06750000000002E+02,  4.43762087405692E+02,  4.56325560909830E+02
 1.92950000000000E+03, -4.26957585883628E-01, -3.12500000000000E-01, -2.10019148721010E-01,  1.06930000000002E+02,  4.40861792169340E+02,  3.75212555677989E+02
 1.92958333300000E+03, -3.49006199741991E-01, -2.75000000000000E-01, -2.04823740900480E-01,  1.07110000000002E+02,  3.76767113562523E+02,  3.33604376696402E+02
 1.92966666700000E+03, -3.32560416128096E-01, -2.22500000000000E-01, -1.99431592689213E-01,  1.07290000000002E+02,  2.41513192982902E+02,  2.34095316744228E+02
 1.92975000000000E+03, -3.83880286743658E-01, -1.90000000000000E-01, -2.13724756577108E-01,  1.07470000000002E+02,  2.13728189611078E+02,  2.39028005352474E+02
 1.92983333300000E+03, -3.73261060576948E-01, -2.85000000000000E-01, -2.08679541746744E-01,  1.07650000000002E+02,  2.93212566254164E+02,  3.84189423834484E+02
 1.92991666700000E+03, -3.00836402333217E-01, -3.52500000000000E-01, -2.03431923630583E-01,  1.07830000000002E+02,  3.72758011853286E+02,  5.59101656845663E+02
 1.93000000000000E+03, -2.34834308224765E-01, -3.77500000000000E-01, -1.97989595801439E-01,  1.08010000000002E+02,  4.74024305912484E+02,  7.95732516233495E+02
 1.93008333300000E+03, -1.79410183275949E-01, -3.97500000000000E-01, -1.92360432968354E-01,  1.08190000000002E+02,  6.19989113389286E+02,  1.06178049218082E+03
 1.93016666700000E+03, -1.39803373818634E-01, -3.82500000000000E-01, -1.86552474727594E-01,  1.08370000000002E+02,  6.95935728100086E+02,  1.15977279785754E+03
 1.93025000000000E+03, -1.22442584995816E-01, -4.22500000000000E-01, -1.05785377219730E-02,  1.08550000000002E+02,  6.45818114937463E+02,  1.04206693225850E+03
 1.93033333300000E+03, -1.23519475833216E-01, -5.00000000000000E-01, -1.41553798718489E-02,  1.08730000000002E+02,  5.58773829262105E+02,  8.25200451562945E+02
 1.93041666700000E+03, -1.25661190858029E-01, -5.12500000000000E-01, -1.80476011293645E-02,  1.08910000000002E+02,  4.70393626438962E+02,  5.68599406990212E+02
 1.93050000000000E+03, -1.17128344377316E-01, -4.05000000000000E-01, -2.22398919710083E-02,  1.09090000000002E+02,  3.81579898891297E+02,  3.82079349106925E+02
 1.93058333300000E+03, -9.58243763987811E-02, -1.90000000000000E-01, -2.67165121713992E-02,  1.09270000000002E+02,  3.39773017701027E+02,  3.18907739975921E+02
 1.93066666700000E+03, -3.69823378708349E-02,  3.75000000000000E-02, -3.14613363027724E-02,  1.09450000000002E+02,  3.50220185745914E+02,  3.14770907358347E+02
 1.93075000000000E+03,  5.20865251794024E-02,  2.02500000000000E-01, -5.30338101799911E-02,  1.09630000000002E+02,  3.81407386466520E+02,  4.15780738326183E+02
 1.93083333300000E+03,  1.06877802786761E-01,  2.42500000000000E-01, -5.88748513734897E-02,  1.09810000000002E+02,  3.85213433013202E+02,  5.07816621878776E+02
 1.93091666700000E+03,  1.16780406521545E-01,  1.90000000000000E-01, -6.48810128019929E-02,  1.09990000000002E+02,  3.32139875355639E+02,  4.22500146935097E+02
 1.93100000000000E+03,  1.03395019034396E-01,  1.52500000000000E-01, -7.10347111626690E-02,  1.10170000000002E+02,  2.64166745847668E+02,  3.35521247863509E+02
 1.93108333300000E+03,  7.08093950313767E-02,  1.82500000000000E-01, -7.73183266030507E-02,  1.10350000000002E+02,  2.05979284251382E+02,  3.08078169801423E+02
 1.93116666700000E+03,  7.32493451471409E-02,  3.02500000000000E-01, -8.37142425371339E-02,  1.10530000000002E+02,  1.47372998718632E+02,  1.98360663797069E+02
 1.93125000000000E+03,  1.25674508276066E-01,  4.27500000000000E-01, -9.22948467502512E-01,  1.10710000000002E+02,  1.04051880139306E+02,  1.01719577398249E+02
 1.93133333300000E+03,  1.47876565665795E-01,  5.02500000000000E-01, -9.18791676698402E-01,  1.10890000000002E+02,  8.64876532806037E+01,  1.02664543028642E+02
 1.93141666700000E+03,  1.26357505143558E-01,  4.82500000000000E-01, -9.13533777056322E-01,  1.11070000000002E+02,  9.18384296714807E+01,  1.20853506697143E+02
 1.93150000000000E+03,  9.07258087690210E-02,  3.10000000000000E-01, -9.07185253968404E-01,  1.11250000000002E+02,  1.38584378717992E+02,  2.27514413725316E+02
 1.93158333300000E+03,  3.85821329604922E-02,  1.32500000000000E-01, -8.99763042598181E-01,  1.11430000000002E+02,  2.35768923566559E+02,  4.79517173141850E+02
 1.93166666700000E+03, -4.94913213097061E-02,  1.00000000000000E-01, -8.91290295262655E-01,  1.11610000000002E+02,  3.38223087533090E+02,  6.70805162917225E+02
 1.93175000000000E+03, -1.61006878336652E-01,  1.35000000000000E-01, -8.73187187238798E-01,  1.11790000000002E+02,  4.24227273475510E+02,  7.34381220870211E+02
 1.93183333300000E+03, -2.25799539816055E-01,  1.55000000000000E-01, -8.61919556241479E-01,  1.11970000000002E+02,  5.16163495248109E+02,  8.53814488123085E+02
 1.93191666700000E+03, -2.22655956539351E-01,  1.27500000000000E-01, -8.49742345595877E-01,  1.12150000000002E+02,  5.66228754790661E+02,  9.27029787629617E+02
 1.93200000000000E+03, -1.81300090297911E-01,  9.00000000000000E-02, -8.36704499993082E-01,  1.12330000000002E+02,  5.35317890834158E+02,  7.76834731213422E+02
 1.93208333300000E+03, -1.41316090546742E-01,  2.02500000000000E-01, -8.22859271139082E-01,  1.12510000000002E+02,  4.87452987320418E+02,  6.46577077534702E+02
 1.93216666700000E+03, -2.31714181197154E-02,  3.32500000000000E-01, -8.08263820321689E-01,  1.12690000000002E+02,  4.48207806224214E+02,  6.65340840526523E+02
 1.93225000000000E+03,  2.36123114832001E-01,  2.92500000000000E-01, -7.21011277356252E-01,  1.12870000000002E+02,  3.79508748629937E+02,  6.29848793407168E+02
 1.93233333300000E+03,  4.25593858818279E-01,  2.17500000000000E-01, -7.03191352544536E-01,  1.13050000000002E+02,  2.94105518896799E+02,  5.04602678229865E+02
 1.93241666700000E+03,  3.91271297822989E-01,  1.32500000000000E-01, -6.85117199234100E-01,  1.13230000000002E+02,  2.34429316323026E+02,  3.86995631044935E+02
 1.93250000000000E+03,  2.09530634694542E-01,  1.25000000000000E-02, -6.66862075449204E-01,  1.13410000000002E+02,  1.95125115860360E+02,  2.97085713616627E+02
 1.93258333300000E+03,  1.71754583695126E-02,  2.75000000000000E-02, -6.48499208618958E-01,  1.13590000000002E+02,  1.50183104006799E+02,  2.03868898224377E+02
 1.93266666700000E+03,  2.47023470129525E-02,  1.35000000000000E-01, -6.30101395264336E-01,  1.13770000000002E+02,  1.12441914468361E+02,  9.79078228468785E+01
 1.93275000000000E+03,  1.64777601499757E-01,  1.45000000000000E-01, -6.74306381683236E-01,  1.13950000000002E+02,  9.26113341399596E+01,  4.39222020467964E+01
 1.93283333300000E+03,  1.16327587063371E-01,  7.00000000000000E-02, -6.55978533498634E-01,  1.14130000000002E+02,  7.16096974425308E+01,  5.49868902049819E+01
 1.93291666700000E+03, -3.77131393750697E-02, -3.25000000000000E-02, -6.37586198373555E-01,  1.14310000000002E+02,  5.70586840572141E+01,  8.14114028587487E+01
 1.93300000000000E+03, -1.14614148806881E-01, -3.75000000000000E-02, -6.19201733301514E-01,  1.14490000000002E+02,  7.33475019471267E+01,  1.38871071217578E+02
 1.93308333300000E+03, -1.73935019688651E-01,  8.25000000000000E-02, -6.00896454070084E-01,  1.14670000000002E+02,  1.02342206529164E+02,  2.17692861997683E+02
 1.93316666700000E+03, -1.06221085624082E-01,  1.72500000000000E-01, -5.82740272148863E-01,  1.14850000000002E+02,  1.07243913213643E+02,  2.41130180117698E+02
 1.93325000000000E+03,  1.02181732279230E-01,  2.15000000000000E-01, -3.56953093664216E-01,  1.15030000000002E+02,  1.01832695431530E+02,  2.20861737438929E+02
 1.93333333300000E+03,  1.60905806826037E-01,  1.80000000000000E-01, -3.45367033353504E-01,  1.15210000000002E+02,  9.97446663242893E+01,  2.10636751793504E+02
 1.93341666700000E+03,  7.69926353715874E-02,  1.02500000000000E-01, -3.33587683255734E-01,  1.15390000000002E+02,  8.03675446077577E+01,  1.99280141728908E+02
 1.93350000000000E+03,  1.37574916903778E-02,  6.50000000000000E-02, -3.21644904724412E-01,  1.15570000000002E+02,  1.06592495482199E+02,  2.30877266091000E+02
 1.93358333300000E+03, -3.33021696986010E-02,  1.50000000000000E-02, -3.09568695823539E-01,  1.15750000000002E+02,  2.08239076314604E+02,  3.37385819354327E+02
 1.93366666700000E+03, -3.94269642394600E-02, -5.00000000000000E-03, -2.97389092589938E-01,  1.15930000000002E+02,  2.69360804477155E+02,  4.06900059188954E+02
 1.93375000000000E+03, -8.44009401694698E-03, -1.50000000000000E-02, -3.16810811353160E-01,  1.16110000000002E+02,  2.94292083729391E+02,  4.05383340109254E+02
 1.93383333300000E+03, -2.33547912626873E-02, -1.27500000000000E-01, -3.04689483375156E-01,  1.16290000000002E+02,  3.41131342822688E+02,  3.76843865313358E+02
 1.93391666700000E+03, -1.04670715646859E-01, -2.90000000000000E-01, -2.92476809048672E-01,  1.16470000000002E+02,  3.08283529208218E+02,  2.69410322000883E+02
 1.93400000000000E+03, -2.27057040071380E-01, -4.27500000000000E-01, -2.80202716210602E-01,  1.16650000000002E+02,  2.06925691443533E+02,  1.41577480136357E+02
 1.93408333300000E+03, -3.80839113897931E-01, -5.47500000000000E-01, -2.67896944069607E-01,  1.16830000000002E+02,  1.57335718085595E+02,  1.24651842175453E+02
 1.93416666700000E+03, -4.77297784881188E-01, -5.50000000000000E-01, -2.55588953817137E-01,  1.17010000000002E+02,  1.24745011794018E+02,  1.76722998829076E+02
 1.93425000000000E+03, -4.45535435894716E-01, -4.35000000000000E-01, -4.60861676017844E-01,  1.17190000000002E+02,  8.44269289902183E+01,  2.58327938832733E+02
 1.93433333300000E+03, -3.60140904451591E-01, -3.17500000000000E-01, -4.67338899464949E-01,  1.17370000000002E+02,  9.42869914001234E+01,  3.65241434078119E+02
 1.93441666700000E+03, -2.78719803848042E-01, -2.12500000000000E-01, -4.73497803356277E-01,  1.17550000000002E+02,  1.24945360353610E+02,  4.04932645052559E+02
 1.93450000000000E+03, -1.97609789126239E-01, -1.97500000000000E-01, -4.79303517545497E-01,  1.17730000000002E+02,  1.41314787197434E+02,  3.73592536848531E+02
 1.93458333300000E+03, -1.29231718443420E-01, -2.12500000000000E-01, -4.84723171475003E-01,  1.17910000000002E+02,  1.78380447778592E+02,  3.41216877805819E+02
 1.93466666700000E+03, -7.16609954810095E-02, -1.55000000000000E-01, -4.89725982355475E-01,  1.18090000000002E+02,  2.15727507981167E+02,  2.82787744699184E+02
 1.93475000000000E+03, -2.41156846816669E-02, -1.07500000000000E-01, -5.02789346459954E-01,  1.18270000000002E+02,  2.30357370140422E+02,  2.20449608092458E+02
 1.93483333300000E+03, -3.92634424357432E-03, -1.15000000000000E-01, -5.05726374029069E-01,  1.18450000000002E+02,  2.97444983091654E+02,  2.65688462072228E+02
 1.93491666700000E+03, -7.18348308704243E-03, -8.75000000000000E-02, -5.08121743925433E-01,  1.18630000000002E+02,  4.03010659810572E+02,  3.65119114323916E+02
 1.93500000000000E+03, -1.71747552855544E-02, -6.50000000000000E-02, -5.09959062991958E-01,  1.18810000000002E+02,  4.40735056170378E+02,  4.08897402760659E+02
 1.93508333300000E+03, -3.29701164577739E-02, -2.05000000000000E-01, -5.11224347589574E-01,  1.18990000000002E+02,  4.64265687630773E+02,  5.48821212808929E+02
 1.93516666700000E+03, -2.05298999869146E-02, -3.15000000000000E-01, -5.11906026061147E-01,  1.19170000000002E+02,  5.37186254361342E+02,  8.58612678373057E+02
 1.93525000000000E+03,  3.57024328431957E-02, -1.90000000000000E-01, -9.64735287794850E-01,  1.19350000000002E+02,  5.66917182757850E+02,  1.07491240659881E+03
 1.93533333300000E+03,  8.85597663389330E-02, -3.25000000000000E-02, -9.44391310978455E-01,  1.19530000000002E+02,  5.61728284272376E+02,  1.13532482015277E+03
 1.93541666700000E+03,  1.06910387825348E-01, -3.50000000000000E-02, -9.24472328349061E-01,  1.19710000000002E+02,  6.12667982226028E+02,  1.21462506819950E+03
 1.93550000000000E+03,  4.78997449959406E-02, -1.40000000000000E-01, -9.05103439488853E-01,  1.19890000000002E+02,  6.53156396820931E+02,  1.21579543796638E+03
 1.93558333300000E+03, -8.92785592535988E-02, -2.05000000000000E-01, -8.86403096687390E-01,  1.20070000000002E+02,  6.40289473968112E+02,  1.05935189193869E+03
 1.93566666700000E+03, -1.92710656501648E-01, -2.12500000000000E-01, -8.68482262993354E-01,  1.20250000000002E+02,  7.03313843992071E+02,  1.04858850740171E+03
 1.93575000000000E+03, -1.85173760820432E-01, -2.52500000000000E-01, -8.38569925613561E-01,  1.20430000000002E+02,  8.49867129535136E+02,  1.31319062674898E+03
 1.93583333300000E+03, -1.28636676477585E-01, -2.30000000000000E-01, -8.23345316685297E-01,  1.20610000000002E+02,  9.03330026257367E+02,  1.52884318084317E+03
 1.93591666700000E+03, -1.15148584252738E-01, -5.25000000000000E-02, -8.09241073340743E-01,  1.20790000000002E+02,  8.48016045801058E+02,  1.54560859084384E+03
 1.93600000000000E+03, -1.60974107672200E-01,  1.55000000000000E-01, -7.96323310524739E-01,  1.20970000000002E+02,  7.79968641755164E+02,  1.50262302661458E+03
 1.93608333300000E+03, -2.32221555779011E-01,  3.12500000000000E-01, -7.84647539524093E-01,  1.21150000000002E+02,  6.31338457433981E+02,  1.32832944009772E+03
 1.93616666700000E+03, -2.41690230644942E-01,  3.95000000000000E-01, -7.74258448996490E-01,  1.21330000000002E+02,  3.96931607181135E+02,  9.79432827676281E+02
 1.93625000000000E+03, -1.52974717789583E-01,  3.62500000000000E-01, -8.82185363222690E-01,  1.21510000000002E+02,  2.42941642477202E+02,  7.02331953499829E+02
 1.93633333300000E+03, -5.42127253386374E-02,  3.05000000000000E-01, -8.90337269121361E-01,  1.21690000000002E+02,  1.90461893897990E+02,  5.48498130888260E+02
 1.93641666700000E+03,  1.53584493050708E-02,  3.00000000000000E-01, -8.97893510272951E-01,  1.21870000000002E+02,  1.56771144312961E+02,  3.94145472302002E+02
 1.93650000000000E+03,  7.40760462766619E-02,  2.35000000000000E-01, -9.04776735909615E-01,  1.22050000000002E+02,  1.36366186093897E+02,  2.90874273864731E+02
 1.93658333300000E+03,  1.19275233727918E-01,  1.42500000000000E-01, -9.10915097552155E-01,  1.22230000000002E+02,  1.06608862031626E+02,  2.37471702111158E+02
 1.93666666700000E+03,  1.35958940194370E-01,  1.27500000000000E-01, -9.16242613565662E-01,  1.22410000000002E+02,  6.42215927113278E+01,  1.69313915132618E+02
 1.93675000000000E+03,  1.34296213208724E-01,  1.00000000000000E-01, -9.05539964228481E-01,  1.22590000000002E+02,  6.35190655383231E+01,  1.62996082027179E+02
 1.93683333300000E+03,  1.51043554786414E-01,  5.50000000000000E-02, -9.11586108408484E-01,  1.22770000000002E+02,  8.20955815120097E+01,  2.46848746623757E+02
 1.93691666700000E+03,  1.72253258835071E-01,  7.00000000000000E-02, -9.16814034869592E-01,  1.22950000000002E+02,  8.00907132514984E+01,  3.71598119257853E+02
 1.93700000000000E+03,  1.75736616120202E-01,  1.55000000000000E-01, -9.21164691470977E-01,  1.23130000000002E+02,  9.30278613598515E+01,  5.27383015196507E+02
 1.93708333300000E+03,  1.68035738889893E-01,  2.72500000000000E-01, -9.24585503148187E-01,  1.23310000000002E+02,  1.25671820790541E+02,  6.54273120091274E+02
 1.93716666700000E+03,  1.54531061392845E-01,  2.95000000000000E-01, -9.27030582830263E-01,  1.23490000000002E+02,  1.44373913389750E+02,  6.83387297678630E+02
 1.93725000000000E+03,  1.50958941128734E-01,  2.05000000000000E-01, -3.41041562822952E-01,  1.23670000000002E+02,  1.43135680871837E+02,  6.18533451714780E+02
 1.93733333300000E+03,  1.73176479438567E-01,  2.35000000000000E-01, -3.46107249762294E-01,  1.23850000000002E+02,  1.20533456447250E+02,  4.68021924523291E+02
 1.93741666700000E+03,  2.14599443873044E-01,  4.05000000000000E-01, -3.51636642257151E-01,  1.24030000000002E+02,  9.73556896856830E+01,  2.69223670358512E+02
 1.93750000000000E+03,  2.62857435183859E-01,  4.62500000000000E-01, -3.57584279328784E-01,  1.24210000000002E+02,  8.85782945797248E+01,  1.10197375355218E+02
 1.93758333300000E+03,  3.08382468617537E-01,  4.40000000000000E-01, -3.63903697467073E-01,  1.24390000000002E+02,  6.72012286610208E+01,  3.32203216091357E+01
 1.93766666700000E+03,  3.37890603692333E-01,  4.17500000000000E-01, -3.70547654546161E-01,  1.24570000000002E+02,  4.70688871935748E+01,  1.77796541875064E+01
 1.93775000000000E+03,  3.51589159398498E-01,  4.12500000000000E-01, -3.67663800503520E-01,  1.24750000000002E+02,  5.66207728315731E+01,  4.09059390529228E+01
 1.93783333300000E+03,  3.54853577689108E-01,  5.50000000000000E-01, -3.74471784031909E-01,  1.24930000000002E+02,  1.08865353583302E+02,  1.05714987282155E+02
 1.93791666700000E+03,  3.32878931109174E-01,  6.50000000000000E-01, -3.81529025497016E-01,  1.25110000000002E+02,  2.31961019272267E+02,  1.82106817498798E+02
 1.93800000000000E+03,  2.71333958134935E-01,  5.20000000000000E-01, -3.88787288935146E-01,  1.25290000000002E+02,  3.71307916261010E+02,  2.13693771334102E+02
 1.93808333300000E+03,  1.70063873809589E-01,  3.52500000000000E-01, -3.96198332881075E-01,  1.25470000000002E+02,  4.75273602744838E+02,  2.60203030499315E+02
 1.93816666700000E+03,  1.02636867485104E-01,  3.07500000000000E-01, -4.03714115709726E-01,  1.25650000000002E+02,  5.97473193064464E+02,  3.79251109351366E+02
 1.93825000000000E+03,  1.20412190047499E-01,  3.02500000000000E-01, -9.27708885462951E-01,  1.25830000000002E+02,  6.81859963245853E+02,  4.56522785187349E+02
 1.93833333300000E+03,  1.41104070524340E-01,  2.52500000000000E-01, -9.28735805892041E-01,  1.26010000000002E+02,  6.44860609634559E+02,  4.51763966048311E+02
 1.93841666700000E+03,  1.36101207850071E-01,  2.00000000000000E-01, -9.28705310111847E-01,  1.26190000000002E+02,  6.08247368823347E+02,  4.93397782494414E+02
 1.93850000000000E+03,  1.38508525861781E-01,  1.70000000000000E-01, -9.27595086803457E-01,  1.26370000000002E+02,  6.30479456306022E+02,  5.71660159638670E+02
 1.93858333300000E+03,  1.48220905650914E-01,  1.45000000000000E-01, -9.25389862920924E-01,  1.26550000000002E+02,  5.91602300062618E+02,  5.61417992703260E+02
 1.93866666700000E+03,  1.54879369035857E-01,  1.52500000000000E-01, -9.22081358216112E-01,  1.26730000000002E+02,  5.01120413872468E+02,  5.08207566376363E+02
 1.93875000000000E+03,  1.42542383340612E-01,  2.05000000000000E-01, -9.11380055756163E-01,  1.26910000000002E+02,  4.47944184730079E+02,  4.87112444232953E+02
 1.93883333300000E+03,  1.04211600271436E-01,  1.95000000000000E-01, -9.04643915153985E-01,  1.27090000000002E+02,  3.78914556558432E+02,  4.24482258320130E+02
 1.93891666700000E+03,  3.69145138520868E-02,  5.25000000000000E-02, -8.96841693382533E-01,  1.27270000000002E+02,  2.59478737544095E+02,  2.95519153447989E+02
 1.93900000000000E+03, -5.56576987523202E-02, -7.75000000000000E-02, -8.87998711050381E-01,  1.27450000000002E+02,  1.64476091285138E+02,  1.65972592057585E+02
 1.93908333300000E+03, -1.54752656911429E-01, -1.75000000000000E-01, -8.78146138508071E-01,  1.27630000000002E+02,  1.16934494513390E+02,  1.17004262342756E+02
 1.93916666700000E+03, -1.51097824969291E-01, -2.75000000000000E-01, -8.67320691305380E-01,  1.27810000000002E+02,  9.43977313232129E+01,  2.31751785139131E+02
 1.93925000000000E+03, -2.07313828596053E-02, -2.52500000000000E-01, -1.13057925744224E+00,  1.27990000000002E+02,  8.89038710021805E+01,  4.07051914186727E+02
 1.93933333300000E+03,  3.60007661386175E-02, -1.35000000000000E-01, -1.11197871352311E+00,  1.28170000000002E+02,  9.36678213780969E+01,  4.85387741009922E+02
 1.93941666700000E+03, -2.65887738307635E-02, -7.50000000000000E-03, -1.09265613509704E+00,  1.28350000000002E+02,  1.16810610807400E+02,  5.27399959860534E+02
 1.93950000000000E+03, -4.11600319071251E-02,  4.25000000000000E-02, -1.07275045217770E+00,  1.28530000000002E+02,  1.29938991037711E+02,  5.34114290615754E+02
 1.93958333300000E+03,  8.55096550455284E-02,  1.75000000000000E-02, -1.05240331172495E+00,  1.28710000000002E+02,  1.05701627584248E+02,  4.11006148539902E+02
 1.93966666700000E+03,  2.57506744061059E-01,  7.50000000000000E-03, -1.03175778864635E+00,  1.28890000000002E+02,  8.94336448261024E+01,  2.76141830431670E+02
 1.93975000000000E+03,  2.95499776146796E-01, -1.02500000000000E-01, -1.00015253138234E+00,  1.29070000000002E+02,  1.10786368351458E+02,  3.02119233614089E+02
 1.93983333300000E+03,  1.97604990745855E-01, -1.75000000000000E-01, -9.79387440343547E-01,  1.29250000000002E+02,  1.79981750423321E+02,  4.42163498989739E+02
 1.93991666700000E+03,  1.23875011268434E-01, -1.50000000000000E-02, -9.58820561237157E-01,  1.29430000000002E+02,  2.72329742870351E+02,  4.96295823761975E+02
 1.94000000000000E+03,  1.35261134412230E-01,  1.27500000000000E-01, -9.38586186232819E-01,  1.29610000000002E+02,  3.03644486459176E+02,  4.51015018999616E+02
 1.94008333300000E+03,  1.33798767347582E-01,  1.40000000000000E-01, -9.18813584725681E-01,  1.29790000000002E+02,  2.89086219260986E+02,  4.57642552770138E+02
 1.94016666700000E+03,  3.71559965706922E-02,  1.45000000000000E-01, -8.99626026795246E-01,  1.29970000000002E+02,  2.72260253678118E+02,  4.21175932434649E+02
 1.94025000000000E+03, -6.23547520128669E-02,  1.52500000000000E-01, -8.83089290770908E-01,  1.30150000000002E+02,  2.00971987388890E+02,  2.61470824311114E+02
 1.94033333300000E+03, -4.95546918831855E-02,  1.30000000000000E-01, -8.91180931515715E-01,  1.30330000000002E+02,  1.15010178707579E+02,  1.88234005024949E+02
 1.94041666700000E+03,  2.08802723310694E-02,  1.30000000000000E-01, -8.98668326417850E-01,  1.30510000000002E+02,  1.06232360169402E+02,  2.35329291141912E+02
 1.94050000000000E+03,  7.93970828952295E-02,  6.00000000000000E-02, -9.05474698203276E-01,  1.30690000000002E+02,  1.21848296374997E+02,  2.22284206027774E+02
 1.94058333300000E+03,  1.24291867670986E-01, -6.00000000000000E-02, -9.11528813459437E-01,  1.30870000000002E+02,  1.05992558958799E+02,  1.57087050085600E+02
 1.94066666700000E+03,  1.52199229399042E-01,  3.00000000000000E-02, -9.16765341975150E-01,  1.31050000000002E+02,  1.26457425177195E+02,  1.73021408754950E+02
 1.94075000000000E+03,  1.67713134350598E-01,  1.87500000000000E-01, -9.13431625115047E-01,  1.31230000000002E+02,  2.09390511485180E+02,  2.37335679902982E+02
 1.94083333300000E+03,  1.82111168978046E-01,  2.27500000000000E-01, -9.18371933498720E-01,  1.31410000000002E+02,  2.65357197241779E+02,  2.38556149977281E+02
 1.94091666700000E+03,  1.90601710926463E-01,  2.82500000000000E-01, -9.22416626791914E-01,  1.31590000000002E+02,  2.76111727613387E+02,  2.52630317475228E+02
 1.94100000000000E+03,  1.88259725988015E-01,  3.90000000000000E-01, -9.25515349327148E-01,  1.31770000000002E+02,  3.04829357881082E+02,  3.32406802879600E+02
 1.94108333300000E+03,  1.77964625452078E-01,  4.25000000000000E-01, -9.27624493013698E-01,  1.31950000000002E+02,  3.04458675975716E+02,  3.53266878921717E+02
 1.94116666700000E+03,  4.50249500083611E-02,  3.80000000000000E-01, -9.28707342354361E-01,  1.32130000000002E+02,  2.23405188498140E+02,  3.38324046406339E+02
 1.94125000000000E+03, -1.45829364981465E-01,  2.70000000000000E-01, -4.23213919258154E-01,  1.32310000000003E+02,  1.52330079662836E+02,  3.66996370813079E+02
 1.94133333300000E+03, -1.02236236639454E-01,  8.50000000000000E-02, -4.10599425349427E-01,  1.32490000000003E+02,  1.48214511827911E+02,  3.58853368298165E+02
 1.94141666700000E+03,  9.51420439368139E-02, -3.25000000000000E-02, -3.98758045130771E-01,  1.32670000000003E+02,  1.50988219240364E+02,  2.99274188852138E+02
 1.94150000000000E+03,  2.36231482137989E-01, -2.25000000000000E-02, -3.87717717524271E-01,  1.32850000000003E+02,  1.26483770640604E+02,  2.40357911571218E+02
 1.94158333300000E+03,  3.07904768321574E-01,  2.00000000000000E-02, -3.77502129591950E-01,  1.33030000000003E+02,  1.09102039435199E+02,  1.79591168571292E+02
 1.94166666700000E+03,  3.26362226959290E-01,  1.12500000000000E-01, -3.68130688467054E-01,  1.33210000000003E+02,  1.10349965724114E+02,  1.23945740170957E+02
 1.94175000000000E+03,  3.11064851675776E-01,  2.82500000000000E-01, -3.60786264910296E-01,  1.33390000000003E+02,  9.90793435862547E+01,  8.33091820035710E+01
 1.94183333300000E+03,  2.72008349087292E-01,  3.67500000000000E-01, -3.53018896167128E-01,  1.33570000000003E+02,  7.73388981056433E+01,  7.66497662069083E+01
 1.94191666700000E+03,  2.20383107000740E-01,  2.97500000000000E-01, -3.46127575589748E-01,  1.33750000000003E+02,  8.35845184655807E+01,  1.38615716175719E+02
 1.94200000000000E+03,  1.69902408210598E-01,  2.30000000000000E-01, -3.40115341590076E-01,  1.33930000000003E+02,  1.21315722912914E+02,  2.31881448681357E+02
 1.94208333300000E+03,  1.28633055117294E-01,  2.62500000000000E-01, -3.34981121072741E-01,  1.34110000000003E+02,  1.64267669212931E+02,  2.74672896877536E+02
 1.94216666700000E+03,  1.19005028204469E-01,  3.02500000000000E-01, -3.30719821203795E-01,  1.34290000000003E+02,  2.17700557751540E+02,  2.88890317876623E+02
 1.94225000000000E+03,  1.41213952859208E-01,  3.15000000000000E-01, -9.28686407483666E-01,  1.34470000000003E+02,  2.79429527915238E+02,  2.99604187065528E+02
 1.94233333300000E+03,  1.52991140270222E-01,  3.10000000000000E-01, -9.27540984910941E-01,  1.34650000000003E+02,  2.98071900498791E+02,  2.36233372321261E+02
 1.94241666700000E+03,  1.50611124363245E-01,  1.95000000000000E-01, -9.25300185055371E-01,  1.34830000000003E+02,  2.59296727054678E+02,  1.53067697982858E+02
 1.94250000000000E+03,  1.51497678346040E-01,  7.75000000000000E-02, -9.21955952486406E-01,  1.35010000000003E+02,  2.02968205100186E+02,  1.21857880904186E+02
 1.94258333300000E+03,  1.51636119006683E-01,  1.12500000000000E-01, -9.17507132257716E-01,  1.35190000000003E+02,  1.85132451155204E+02,  1.04403941080212E+02
 1.94266666700000E+03,  1.28496013535102E-01,  1.52500000000000E-01, -9.11959338550832E-01,  1.35370000000003E+02,  2.42077458902390E+02,  1.80890154351295E+02
 1.94275000000000E+03,  6.53252513954519E-02,  1.42500000000000E-01, -8.98736938626117E-01,  1.35550000000003E+02,  3.01562377113221E+02,  3.13678238040590E+02
 1.94283333300000E+03, -2.03780009578340E-02,  1.37500000000000E-01, -8.90131744596235E-01,  1.35730000000003E+02,  3.06473554964187E+02,  3.19355489707723E+02
 1.94291666700000E+03, -1.12328909741539E-01,  8.50000000000000E-02, -8.80509258079107E-01,  1.35910000000003E+02,  3.04045243845646E+02,  2.87575085236619E+02
 1.94300000000000E+03, -1.93357107377571E-01, -2.50000000000000E-02, -8.69904942487052E-01,  1.36090000000003E+02,  2.65358167118507E+02,  2.84125993806066E+02
 1.94308333300000E+03, -2.30927306466663E-01, -1.97500000000000E-01, -8.58359554503245E-01,  1.36270000000003E+02,  1.59738923215217E+02,  1.82941915437369E+02
 1.94316666700000E+03, -2.36518663052023E-01, -3.55000000000000E-01, -8.45918795815096E-01,  1.36450000000003E+02,  7.23153251393084E+01,  5.14587255521101E+01
 1.94325000000000E+03, -2.49042045708287E-01, -3.55000000000000E-01, -8.54522316243350E-01,  1.36630000000003E+02,  6.20654875136915E+01,  3.33683145092765E+01
 1.94333333300000E+03, -2.50559993853710E-01, -3.15000000000000E-01, -8.63962897828788E-01,  1.36810000000003E+02,  1.13690314673025E+02,  9.76703444331066E+01
 1.94341666700000E+03, -2.12534944228107E-01, -3.30000000000000E-01, -8.73073203881582E-01,  1.36990000000003E+02,  1.40406099765611E+02,  1.33703779804055E+02
 1.94350000000000E+03, -1.41408779350785E-01, -2.52500000000000E-01, -8.81761842279760E-01,  1.37170000000003E+02,  1.14613827541591E+02,  1.29559455977421E+02
 1.94358333300000E+03, -5.28986098535689E-02, -8.50000000000000E-02, -8.89941521788928E-01,  1.37350000000003E+02,  1.34665657589331E+02,  1.45104992321702E+02
 1.94366666700000E+03,  3.06646135290132E-02,  4.25000000000000E-02, -8.97529557923452E-01,  1.37530000000003E+02,  1.56628478709778E+02,  1.32384321455342E+02
 1.94375000000000E+03,  9.62374011794609E-02,  5.25000000000000E-02, -9.02260815296758E-01,  1.37710000000003E+02,  1.13775376748598E+02,  1.01529396809743E+02
 1.94383333300000E+03,  1.45829840797337E-01, -2.50000000000000E-03, -9.08688580502942E-01,  1.37890000000003E+02,  1.31790682459448E+02,  1.53019545279870E+02
 1.94391666700000E+03,  1.76341220481155E-01, -2.50000000000000E-03, -9.14329709865936E-01,  1.38070000000003E+02,  2.15489325097100E+02,  2.38078501562963E+02
 1.94400000000000E+03,  1.86315856256080E-01,  1.75000000000000E-02, -9.19122035284259E-01,  1.38250000000003E+02,  2.56913828473845E+02,  3.17349835573606E+02
 1.94408333300000E+03,  1.82625578024853E-01,  1.42500000000000E-01, -9.23009742840148E-01,  1.38430000000003E+02,  2.72918986184365E+02,  4.07364148670602E+02
 1.94416666700000E+03,  1.30654049318796E-01,  3.77500000000000E-01, -9.25943608297328E-01,  1.38610000000003E+02,  2.67824031436747E+02,  4.71831101157501E+02
 1.94425000000000E+03,  8.54306052372940E-02,  4.50000000000000E-01, -4.06179464785731E-01,  1.38790000000003E+02,  2.09855195970223E+02,  4.95925720159611E+02
 1.94433333300000E+03,  1.62552321495878E-01,  3.70000000000000E-01, -3.94627901523265E-01,  1.38970000000003E+02,  1.26904836701269E+02,  4.45455307208834E+02
 1.94441666700000E+03,  2.75579297379987E-01,  2.67500000000000E-01, -3.83886544959571E-01,  1.39150000000003E+02,  5.83051014597593E+01,  3.53950515996683E+02
 1.94450000000000E+03,  3.21471017141382E-01,  1.92500000000000E-01, -3.73977519642823E-01,  1.39330000000003E+02,  2.39926340753015E+01,  3.04427870920217E+02
 1.94458333300000E+03,  3.18740223109270E-01,  1.82500000000000E-01, -3.64918665553899E-01,  1.39510000000003E+02,  1.78859554272370E+01,  2.37577643086086E+02
 1.94466666700000E+03,  3.13024109804459E-01,  2.07500000000000E-01, -3.56723540444853E-01,  1.39690000000003E+02,  2.25056328303296E+01,  1.47536457774758E+02
 1.94475000000000E+03,  3.20212038001389E-01,  2.52500000000000E-01, -3.62455116019430E-01,  1.39870000000003E+02,  3.00382454029157E+01,  1.39215960477151E+02
 1.94483333300000E+03,  2.99542015213792E-01,  2.60000000000000E-01, -3.54512144468850E-01,  1.40050000000003E+02,  3.88257260208099E+01,  1.73226512784022E+02
 1.94491666700000E+03,  2.50316066889479E-01,  2.22500000000000E-01, -3.47444105526883E-01,  1.40230000000003E+02,  6.11678841863042E+01,  1.47072580508595E+02
 1.94500000000000E+03,  1.99376840486462E-01,  2.17500000000000E-01, -3.41254874704174E-01,  1.40410000000003E+02,  9.68737135192830E+01,  1.34735544141796E+02
 1.94508333300000E+03,  1.53624409222580E-01,  1.90000000000000E-01, -3.35944199710525E-01,  1.40590000000003E+02,  1.13737034713252E+02,  2.26762841038034E+02
 1.94516666700000E+03,  1.29757939943684E-01,  1.57500000000000E-01, -3.31507788624372E-01,  1.40770000000003E+02,  1.06810734184148E+02,  2.91752957856733E+02
 1.94525000000000E+03,  1.23395622459480E-01,  1.87500000000000E-01, -3.36500246430795E-01,  1.40950000000003E+02,  9.49032555768035E+01,  2.66312723689349E+02
 1.94533333300000E+03,  1.03725768296399E-01,  1.87500000000000E-01, -3.31965406546146E-01,  1.41130000000003E+02,  6.45991236562205E+01,  2.74173524890413E+02
 1.94541666700000E+03,  7.65824890525574E-02,  1.52500000000000E-01, -3.28297727364590E-01,  1.41310000000003E+02,  7.71701915233417E+01,  3.10722249195294E+02
 1.94550000000000E+03,  6.07297202003021E-02,  8.00000000000000E-02, -3.25485595008530E-01,  1.41490000000003E+02,  2.27218553162280E+02,  3.46328956195106E+02
 1.94558333300000E+03,  5.61288639478900E-02, -1.00000000000000E-02, -3.23513704599810E-01,  1.41670000000003E+02,  3.91445823276430E+02,  3.89465211999928E+02
 1.94566666700000E+03,  6.06863829832493E-02,  2.50000000000000E-02, -3.22363210035662E-01,  1.41850000000003E+02,  4.35293730952869E+02,  3.93744236655518E+02
 1.94575000000000E+03,  7.04623722620024E-02,  1.70000000000000E-01, -3.22289785599417E-01,  1.42030000000003E+02,  4.38405734951503E+02,  3.91923589723222E+02
 1.94583333300000E+03,  8.12727123440211E-02,  2.75000000000000E-01, -3.23311466021581E-01,  1.42210000000003E+02,  3.92461247686735E+02,  3.42294176468331E+02
 1.94591666700000E+03,  9.05703055111653E-02,  2.87500000000000E-01, -3.25053614861984E-01,  1.42390000000003E+02,  2.26544441134506E+02,  2.23033396423679E+02
 1.94600000000000E+03,  9.89566911305168E-02,  2.57500000000000E-01, -3.27482844713852E-01,  1.42570000000003E+02,  6.63906263591954E+01,  1.58291315751746E+02
 1.94608333300000E+03,  1.10550930506625E-01,  1.70000000000000E-01, -3.30563313680759E-01,  1.42750000000003E+02,  3.41681210290652E+01,  1.42453886948307E+02
 1.94616666700000E+03,  5.86807202727436E-02,  7.50000000000000E-02, -3.34256939390042E-01,  1.42930000000003E+02,  8.41272929000174E+01,  2.65752240922462E+02
 1.94625000000000E+03, -6.17938433839295E-02,  1.75000000000000E-02, -8.04104396220854E-01,  1.43110000000003E+02,  1.23665441446407E+02,  5.25453471276319E+02
 1.94633333300000E+03, -1.25342200022690E-01, -1.15000000000000E-01, -8.13682120881697E-01,  1.43290000000003E+02,  1.54901693682462E+02,  6.10123832510299E+02
 1.94641666700000E+03, -1.43392197773807E-01, -2.77500000000000E-01, -8.23445752350753E-01,  1.43470000000003E+02,  2.34448083990447E+02,  6.09890255830600E+02
 1.94650000000000E+03, -1.80449919668041E-01, -3.40000000000000E-01, -8.33292270834534E-01,  1.43650000000003E+02,  2.87717059031801E+02,  6.63339235884598E+02
 1.94658333300000E+03, -2.17988685748619E-01, -2.67500000000000E-01, -8.43119522859205E-01,  1.43830000000003E+02,  2.53163731404597E+02,  5.30660562533062E+02
 1.94666666700000E+03, -2.23819716212101E-01, -1.25000000000000E-01, -8.52826915101156E-01,  1.44010000000003E+02,  2.28653849067891E+02,  3.37227575416268E+02
 1.94675000000000E+03, -1.76384185767321E-01, -8.50000000000000E-02, -8.72342836489856E-01,  1.44190000000003E+02,  2.42735878170684E+02,  3.82050551520148E+02
 1.94683333300000E+03, -9.64775794126486E-02, -1.72500000000000E-01, -8.81069292479712E-01,  1.44370000000003E+02,  2.80901458041028E+02,  6.50463903149523E+02
 1.94691666700000E+03, -1.27265771738304E-02, -2.80000000000000E-01, -8.89293761344519E-01,  1.44550000000003E+02,  3.95070440123858E+02,  1.01000159956677E+03
 1.94700000000000E+03,  6.08809443452195E-02, -3.25000000000000E-01, -8.96933163954314E-01,  1.44730000000003E+02,  5.39180035152583E+02,  1.23366550908859E+03
 1.94708333300000E+03,  1.15507817774343E-01, -2.05000000000000E-01, -9.03909453130404E-01,  1.44910000000003E+02,  6.23918500968269E+02,  1.22502206083773E+03
 1.94716666700000E+03,  7.37997892488767E-02, -5.25000000000000E-02, -9.10150032269184E-01,  1.45090000000003E+02,  6.24136335282284E+02,  1.07181964004020E+03
 1.94725000000000E+03, -7.83761871343381E-02, -1.00000000000000E-01, -7.46714715773806E-01,  1.45270000000003E+02,  5.09994547775065E+02,  7.50414180848505E+02
 1.94733333300000E+03, -1.98907328651928E-01, -2.57500000000000E-01, -7.51351984776809E-01,  1.45450000000003E+02,  3.36494630931851E+02,  3.85200545817893E+02
 1.94741666700000E+03, -2.54951089024914E-01, -3.50000000000000E-01, -7.56931816245463E-01,  1.45630000000003E+02,  2.36852098202858E+02,  2.61413086847084E+02
 1.94750000000000E+03, -2.88618042549175E-01, -3.20000000000000E-01, -7.63370580240170E-01,  1.45810000000003E+02,  2.06319323952681E+02,  3.48042194469484E+02
 1.94758333300000E+03, -2.89623253451866E-01, -2.80000000000000E-01, -7.70579564224092E-01,  1.45990000000003E+02,  1.74039651594274E+02,  4.29174966289873E+02
 1.94766666700000E+03, -2.72470004211294E-01, -3.45000000000000E-01, -7.78465726096774E-01,  1.46170000000003E+02,  1.69813360986930E+02,  4.49988773354490E+02
 1.94775000000000E+03, -2.52291838002671E-01, -3.05000000000000E-01, -7.75024657367456E-01,  1.46350000000003E+02,  1.81655165896001E+02,  4.20783380296317E+02
 1.94783333300000E+03, -2.14026475639011E-01, -1.32500000000000E-01, -7.83255721567339E-01,  1.46530000000003E+02,  1.24360527945656E+02,  3.25006747405317E+02
 1.94791666700000E+03, -1.59905801742931E-01, -5.00000000000000E-03, -7.92010654386505E-01,  1.46710000000003E+02,  6.72505739386930E+01,  2.31555693916705E+02
 1.94800000000000E+03, -1.13877982240143E-01,  6.00000000000000E-02, -8.01188800869927E-01,  1.46890000000003E+02,  1.62440663359872E+02,  2.30614314849458E+02
 1.94808333300000E+03, -9.06511251354258E-02,  9.75000000000000E-02, -8.10687922239666E-01,  1.47070000000003E+02,  3.28743114152290E+02,  2.91081861503062E+02
 1.94816666700000E+03, -6.24145422041537E-02,  9.00000000000000E-02, -8.20404954940011E-01,  1.47250000000003E+02,  3.72377563486301E+02,  3.27880124404383E+02
 1.94825000000000E+03, -1.53595020236546E-02, -2.00000000000000E-02, -5.03951878064405E-01,  1.47430000000003E+02,  3.70757211872360E+02,  3.25592214779815E+02
 1.94833333300000E+03,  3.75344270144544E-03, -3.75000000000000E-02, -5.00528197834203E-01,  1.47610000000003E+02,  4.55057007538481E+02,  3.55775055305032E+02
 1.94841666700000E+03, -8.50944281028317E-03,  2.75000000000000E-02, -4.96511187204302E-01,  1.47790000000003E+02,  4.50941886415724E+02,  4.08056360270169E+02
 1.94850000000000E+03, -2.95270293822560E-02, -4.75000000000000E-02, -4.91909305504461E-01,  1.47970000000003E+02,  3.20649264812321E+02,  4.62054077826012E+02
 1.94858333300000E+03, -6.32221762006548E-02, -1.65000000000000E-01, -4.86733006691102E-01,  1.48150000000003E+02,  3.31030888829323E+02,  6.35591292240327E+02
 1.94866666700000E+03, -7.12467673744424E-02, -1.82500000000000E-01, -4.80994660698568E-01,  1.48330000000003E+02,  4.18559940929184E+02,  8.13827493194884E+02
 1.94875000000000E+03, -4.42762390836253E-02, -8.50000000000000E-02, -4.90155739411697E-01,  1.48510000000003E+02,  3.42068950924041E+02,  7.98044802117869E+02
 1.94883333300000E+03, -5.80105303547189E-02,  1.50000000000000E-02, -4.84780489339949E-01,  1.48690000000003E+02,  2.38987085538566E+02,  7.32424382158988E+02
 1.94891666700000E+03, -1.26373636218688E-01, -4.00000000000000E-02, -4.78847976979177E-01,  1.48870000000003E+02,  2.32661658125090E+02,  6.51967873917265E+02
 1.94900000000000E+03, -2.14671487437800E-01, -1.57500000000000E-01, -4.72373027742327E-01,  1.49050000000003E+02,  1.94762918309834E+02,  4.38147226100102E+02
 1.94908333300000E+03, -3.08798032332125E-01, -2.12500000000000E-01, -4.65372179599417E-01,  1.49230000000003E+02,  1.29875376268518E+02,  2.54139578689730E+02
 1.94916666700000E+03, -2.78441460386151E-01, -2.30000000000000E-01, -4.57863589838621E-01,  1.49410000000003E+02,  1.27711591287109E+02,  2.12363868493092E+02
 1.94925000000000E+03, -1.06612881571374E-01, -2.67500000000000E-01, -5.11535726774532E-01,  1.49590000000003E+02,  1.36163347319254E+02,  1.65980367350087E+02
 1.94933333300000E+03, -1.35177152801965E-02, -3.42500000000000E-01, -5.12006319640660E-01,  1.49770000000003E+02,  1.06400984605898E+02,  1.00803525190002E+02
 1.94941666700000E+03, -1.48308175441779E-02, -3.17500000000000E-01, -5.11881442362690E-01,  1.49950000000003E+02,  8.16857095085461E+01,  1.00905516309749E+02
 1.94950000000000E+03, -8.93315270946914E-03, -1.92500000000000E-01, -5.11155166334474E-01,  1.50130000000003E+02,  6.34252151449986E+01,  1.04248284792985E+02
 1.94958333300000E+03,  4.61848546024743E-03, -7.25000000000000E-02, -5.09823916433882E-01,  1.50310000000003E+02,  5.92595808949397E+01,  1.79077124220396E+02
 1.94966666700000E+03,  2.03884354768755E-02,  2.75000000000000E-02, -5.07886435094649E-01,  1.50490000000003E+02,  1.78458684265070E+02,  4.91439470785231E+02
 1.94975000000000E+03,  2.41416061777894E-02,  3.75000000000000E-02, -4.95475333867320E-01,  1.50670000000003E+02,  3.95457716007570E+02,  8.26613987645863E+02
 1.94983333300000E+03,  3.82804650152622E-03, -1.00000000000000E-02, -4.90736591795778E-01,  1.50850000000003E+02,  5.36617632227531E+02,  9.34381825132752E+02
 1.94991666700000E+03, -4.27242871448338E-02, -3.25000000000000E-02, -4.85426188032727E-01,  1.51030000000003E+02,  6.10888930289444E+02,  9.43972732266942E+02
 1.95000000000000E+03, -1.12933598857493E-01, -1.45000000000000E-01, -4.79556933578689E-01,  1.51210000000003E+02,  6.79701015757032E+02,  8.66039659715733E+02
 1.95008333300000E+03, -2.02021791845108E-01, -3.07500000000000E-01, -4.73143451431982E-01,  1.51390000000003E+02,  6.30249804289168E+02,  5.83305653789640E+02
 1.95016666700000E+03, -2.55679778555782E-01, -3.02500000000000E-01, -4.66202087618081E-01,  1.51570000000003E+02,  4.48413945093697E+02,  2.99521452642229E+02
 1.95025000000000E+03, -2.24924582515701E-01, -2.10000000000000E-01, -7.55136917930801E-01,  1.51750000000003E+02,  3.03625068059224E+02,  2.18032247892031E+02
 1.95033333300000E+03, -1.57882881006096E-01, -1.85000000000000E-01, -7.49229772768303E-01,  1.51930000000003E+02,  2.41004880549987E+02,  2.33668506570944E+02
 1.95041666700000E+03, -9.70517360467924E-02, -1.72500000000000E-01, -7.44676583054063E-01,  1.52110000000003E+02,  1.66664396536457E+02,  2.13970282925583E+02
 1.95050000000000E+03, -4.27050778704819E-02, -1.62500000000000E-01, -7.41464265066077E-01,  1.52290000000003E+02,  9.83230913444861E+01,  2.13669867359879E+02
 1.95058333300000E+03, -2.17910217802168E-03, -1.40000000000000E-01, -7.39569576976554E-01,  1.52470000000003E+02,  1.15177713546614E+02,  2.90666019567773E+02
 1.95066666700000E+03,  1.40710353261026E-02, -1.15000000000000E-01, -7.38959510732408E-01,  1.52650000000003E+02,  1.63203329737011E+02,  3.37425220006965E+02
 1.95075000000000E+03,  8.24872690659083E-04, -1.27500000000000E-01, -7.40855119259264E-01,  1.52830000000003E+02,  1.71759839792887E+02,  3.27067248371191E+02
 1.95083333300000E+03, -3.50933617639355E-02, -4.50000000000000E-02, -7.43535735246117E-01,  1.53010000000003E+02,  1.88223658982705E+02,  3.49383199614158E+02
 1.95091666700000E+03, -8.69825136253377E-02,  8.25000000000000E-02, -7.47298540549966E-01,  1.53190000000003E+02,  2.24892356995954E+02,  3.78755133186783E+02
 1.95100000000000E+03, -1.47569644125627E-01,  3.25000000000000E-02, -7.52071304269147E-01,  1.53370000000003E+02,  2.14010799034890E+02,  3.79867303150995E+02
 1.95108333300000E+03, -2.07432309419850E-01, -8.75000000000000E-02, -7.57775364224120E-01,  1.53550000000003E+02,  1.75141979578454E+02,  4.06134451161001E+02
 1.95116666700000E+03, -2.49920700156733E-01, -3.50000000000000E-02, -7.64326341286479E-01,  1.53730000000003E+02,  1.64103990914362E+02,  4.83104779795840E+02
 1.95125000000000E+03, -2.53786986809631E-01,  1.02500000000000E-01, -7.76539826868529E-01,  1.53910000000003E+02,  1.70334011310423E+02,  5.55529711398133E+02
 1.95133333300000E+03, -2.20399023514339E-01,  1.55000000000000E-01, -7.84877809889622E-01,  1.54090000000003E+02,  2.30466282755032E+02,  5.79704600588438E+02
 1.95141666700000E+03, -1.69137173098270E-01,  2.22500000000000E-01, -7.93720741977117E-01,  1.54270000000003E+02,  3.31182529562300E+02,  5.49477051941955E+02
 1.95150000000000E+03, -1.19437169690678E-01,  2.97500000000000E-01, -8.02967609216614E-01,  1.54450000000003E+02,  3.54796112031523E+02,  4.70136798380789E+02
 1.95158333300000E+03, -8.86145617772233E-02,  2.40000000000000E-01, -8.12515958577072E-01,  1.54630000000003E+02,  3.39672593314665E+02,  4.18240650992319E+02
 1.95166666700000E+03, -7.31222196788638E-02,  1.47500000000000E-01, -8.22262654667890E-01,  1.54810000000003E+02,  3.34730382005968E+02,  3.64888516136976E+02
 1.95175000000000E+03, -6.17546192698111E-02,  7.50000000000000E-02, -8.13807406884747E-01,  1.54990000000003E+02,  2.72912297636318E+02,  2.75927393919923E+02
 1.95183333300000E+03, -6.92867649208482E-02, -1.00000000000000E-02, -8.23572766471634E-01,  1.55170000000003E+02,  2.50332795629805E+02,  3.99776191215507E+02
 1.95191666700000E+03, -1.05499838700171E-01, -1.45000000000000E-01, -8.33419685111617E-01,  1.55350000000003E+02,  3.28022198371739E+02,  6.93995257747116E+02
 1.95200000000000E+03, -1.52708387068394E-01, -2.60000000000000E-01, -8.43246025135481E-01,  1.55530000000003E+02,  3.80746021098057E+02,  7.82888975205918E+02
 1.95208333300000E+03, -1.87606243418010E-01, -1.82500000000000E-01, -8.52951217812953E-01,  1.55710000000003E+02,  3.88055966974535E+02,  7.57852275113090E+02
 1.95216666700000E+03, -1.53032337332218E-01, -3.75000000000000E-02, -8.62436927533756E-01,  1.55890000000003E+02,  3.45941753815221E+02,  7.56897849820438E+02
 1.95225000000000E+03, -5.38521040355915E-02,  4.75000000000000E-02, -4.90566971827019E-01,  1.56070000000003E+02,  2.24486786075185E+02,  5.49907080208874E+02
 1.95233333300000E+03,  5.48268460603638E-03,  1.45000000000000E-01, -4.95042552969223E-01,  1.56250000000003E+02,  1.23420211575718E+02,  2.37657840078239E+02
 1.95241666700000E+03,  1.47583636898737E-02,  2.15000000000000E-01, -4.99041848334661E-01,  1.56430000000003E+02,  1.12387014571382E+02,  1.33183740040608E+02
 1.95250000000000E+03,  1.94920599077054E-02,  1.95000000000000E-01, -5.02541170345959E-01,  1.56610000000003E+02,  1.82729541415453E+02,  2.22740072461087E+02
 1.95258333300000E+03,  2.40999192566638E-02,  2.15000000000000E-01, -5.05519171469700E-01,  1.56790000000003E+02,  3.07590877196675E+02,  3.91504310702187E+02
 1.95266666700000E+03,  3.43600647733036E-02,  2.90000000000000E-01, -5.07956877308044E-01,  1.56970000000003E+02,  4.22647579276632E+02,  6.07235479125402E+02
 1.95275000000000E+03,  4.88426607791026E-02,  2.92500000000000E-01, -5.03971203483296E-01,  1.57150000000003E+02,  5.18441409121783E+02,  8.48938273197992E+02
 1.95283333300000E+03,  5.56436842115734E-02,  3.42500000000000E-01, -5.06703923766507E-01,  1.57330000000003E+02,  6.03995333148468E+02,  1.04690280775991E+03
 1.95291666700000E+03,  5.17391567415207E-02,  4.60000000000000E-01, -5.08888456340622E-01,  1.57510000000003E+02,  6.53658638052351E+02,  1.11355843264473E+03
 1.95300000000000E+03,  4.23238417424268E-02,  4.70000000000000E-01, -5.10509325271059E-01,  1.57690000000003E+02,  6.82473379247321E+02,  1.02960441544879E+03
 1.95308333300000E+03,  3.09053611835472E-02,  3.10000000000000E-01, -5.11553466207017E-01,  1.57870000000003E+02,  6.73182095488488E+02,  8.33149139192439E+02
 1.95316666700000E+03,  2.64218920776265E-02,  1.27500000000000E-01, -5.12010225230732E-01,  1.58050000000003E+02,  5.82355519981977E+02,  6.25706185790130E+02
 1.95325000000000E+03,  2.79515940504211E-02,  1.07500000000000E-01, -5.05670159864710E-01,  1.58230000000003E+02,  4.90589980621911E+02,  5.07741250371880E+02
 1.95333333300000E+03,  2.11389853523319E-02,  1.32500000000000E-01, -5.08077090312958E-01,  1.58410000000003E+02,  4.77794061207369E+02,  4.83607925726913E+02
 1.95341666700000E+03,  9.52722796904074E-03,  1.37500000000000E-01, -5.09926289688797E-01,  1.58590000000003E+02,  4.72728148458611E+02,  5.18563082632468E+02
 1.95350000000000E+03,  4.75296641560834E-03,  1.82500000000000E-01, -5.11203723655895E-01,  1.58770000000004E+02,  4.51037740846136E+02,  6.13547822384592E+02
 1.95358333300000E+03,  8.63463745170985E-03,  2.15000000000000E-01, -5.11897769905766E-01,  1.58950000000004E+02,  4.62437793881904E+02,  6.77646717224989E+02
 1.95366666700000E+03,  2.44439709154029E-02,  2.00000000000000E-01, -5.11999211425842E-01,  1.59130000000004E+02,  4.34376785769151E+02,  5.70376451464726E+02
 1.95375000000000E+03,  4.87750379081402E-02,  1.70000000000000E-01, -5.06929216861123E-01,  1.59310000000004E+02,  3.50734668233923E+02,  5.54255603126231E+02
 1.95383333300000E+03,  6.60258068463153E-02,  1.62500000000000E-01, -5.04142154415373E-01,  1.59490000000004E+02,  3.34846188334226E+02,  9.26299761826902E+02
 1.95391666700000E+03,  6.84201357553690E-02,  1.50000000000000E-01, -5.00755047391348E-01,  1.59670000000004E+02,  3.98515987097590E+02,  1.33684472151839E+03
 1.95400000000000E+03,  5.55648133160967E-02,  6.25000000000000E-02, -4.96774158294774E-01,  1.59850000000004E+02,  4.77954786956142E+02,  1.50130951182930E+03
 1.95408333300000E+03,  2.38125263288326E-02, -1.00000000000000E-01, -4.92207821837071E-01,  1.60030000000004E+02,  5.20917458605766E+02,  1.60081925184350E+03
 1.95416666700000E+03, -6.61874531627482E-02, -2.75000000000000E-01, -4.87066372004001E-01,  1.60210000000004E+02,  5.00052879070470E+02,  1.54953043527587E+03
 1.95425000000000E+03, -1.80291941121155E-01, -2.82500000000000E-01, -7.77199298230241E-01,  1.60390000000004E+02,  4.79934044834919E+02,  1.14841504903520E+03
 1.95433333300000E+03, -2.01440870339513E-01, -8.00000000000000E-02, -7.85582249123724E-01,  1.60570000000004E+02,  4.68306641267252E+02,  6.72204861786855E+02
 1.95441666700000E+03, -1.49882241153148E-01, -1.50000000000000E-02, -7.94461973682010E-01,  1.60750000000004E+02,  4.39135199967891E+02,  4.84791820298842E+02
 1.95450000000000E+03, -1.01263499027379E-01, -1.17500000000000E-01, -8.03737311843791E-01,  1.60930000000004E+02,  4.43700138958674E+02,  4.99071349893501E+02
 1.95458333300000E+03, -7.27489002417748E-02, -1.70000000000000E-01, -8.13305726663669E-01,  1.61110000000004E+02,  4.19581005339846E+02,  4.32148223158579E+02
 1.95466666700000E+03, -8.33468397865397E-02, -2.27500000000000E-01, -8.23064060025879E-01,  1.61290000000004E+02,  3.11242674653450E+02,  3.41296342358544E+02
 1.95475000000000E+03, -1.27191666718287E-01, -2.60000000000000E-01, -8.40132475352357E-01,  1.61470000000004E+02,  2.39801265344629E+02,  3.74541092772646E+02
 1.95483333300000E+03, -1.63684520839662E-01, -2.40000000000000E-01, -8.49886935213389E-01,  1.61650000000004E+02,  2.32795222248004E+02,  3.76789788907740E+02
 1.95491666700000E+03, -1.70026893536340E-01, -1.70000000000000E-01, -8.59452873277567E-01,  1.61830000000004E+02,  2.30338623472106E+02,  3.27167699958205E+02
 1.95500000000000E+03, -1.45046961545416E-01, -1.25000000000000E-02, -8.68733841911822E-01,  1.62010000000004E+02,  2.56739749154472E+02,  4.05128800688932E+02
 1.95508333300000E+03, -9.14866428961692E-02,  4.75000000000000E-02, -8.77636667540107E-01,  1.62190000000004E+02,  2.76525873573033E+02,  5.37046529853731E+02
 1.95516666700000E+03,  2.05118718144224E-02, -5.00000000000000E-03, -8.86072018600273E-01,  1.62370000000004E+02,  2.21029610176943E+02,  5.61469044428887E+02
 1.95525000000000E+03,  1.58538428446922E-01, -4.50000000000000E-02, -9.21365792698953E-01,  1.62550000000004E+02,  1.45106327331050E+02,  4.94094543552334E+02
 1.95533333300000E+03,  2.14052110947065E-01, -6.50000000000000E-02, -9.24736969785353E-01,  1.62730000000004E+02,  9.66305282761975E+01,  4.22543192412807E+02
 1.95541666700000E+03,  2.08884706624576E-01, -5.00000000000000E-03, -9.27130216286269E-01,  1.62910000000004E+02,  8.51885438763844E+01,  3.74709403359481E+02
 1.95550000000000E+03,  2.08714118534851E-01,  1.00000000000000E-01, -9.28506854051346E-01,  1.63090000000004E+02,  2.01971685346921E+02,  3.59465517269171E+02
 1.95558333300000E+03,  2.15602095041182E-01,  1.55000000000000E-01, -9.28835171478327E-01,  1.63270000000004E+02,  4.21381225433016E+02,  4.25883886221527E+02
 1.95566666700000E+03,  2.26968581466565E-01,  1.75000000000000E-01, -9.28090485474733E-01,  1.63450000000004E+02,  5.52245290022096E+02,  5.38932712139877E+02
 1.95575000000000E+03,  2.38122461530375E-01,  2.57500000000000E-01, -9.28853779340374E-01,  1.63630000000004E+02,  5.76532576361215E+02,  5.84098431026139E+02
 1.95583333300000E+03,  2.46513580694372E-01,  3.52500000000000E-01, -9.28270730275065E-01,  1.63810000000004E+02,  6.00912631232963E+02,  5.42236335953290E+02
 1.95591666700000E+03,  2.50622295014586E-01,  3.55000000000000E-01, -9.26599227255189E-01,  1.63990000000004E+02,  6.36735983759579E+02,  5.96932194296239E+02
 1.95600000000000E+03,  2.49198779001222E-01,  3.20000000000000E-01, -9.23827599438889E-01,  1.64170000000004E+02,  6.83538587589447E+02,  8.82684624526891E+02
 1.95608333300000E+03,  2.42096228817380E-01,  2.02500000000000E-01, -9.19951128460573E-01,  1.64350000000004E+02,  7.31049511688728E+02,  1.15955438661356E+03
 1.95616666700000E+03,  2.58330906510618E-01,  4.00000000000000E-02, -9.14971938198226E-01,  1.64530000000004E+02,  7.51667729051560E+02,  1.24227429556265E+03
 1.95625000000000E+03,  2.87882347354179E-01, -8.25000000000000E-02, -3.54372715141608E-01,  1.64710000000004E+02,  7.18509026464397E+02,  1.24284024471553E+03
 1.95633333300000E+03,  2.67028116875602E-01, -2.57500000000000E-01, -3.47320994865982E-01,  1.64890000000004E+02,  5.61655023558872E+02,  1.09322875615665E+03
 1.95641666700000E+03,  2.15085318280674E-01, -3.70000000000000E-01, -3.41148115436846E-01,  1.65070000000004E+02,  3.23487737084562E+02,  7.10500428832795E+02
 1.95650000000000E+03,  1.78072645475424E-01, -3.07500000000000E-01, -3.35853748588297E-01,  1.65250000000004E+02,  1.58482919796999E+02,  3.59132390547139E+02
 1.95658333300000E+03,  1.57477309520208E-01, -2.40000000000000E-01, -3.31433528231178E-01,  1.65430000000004E+02,  1.09626566692852E+02,  2.50128944011043E+02
 1.95666666700000E+03,  1.58269912547112E-01, -2.00000000000000E-01, -3.27879156395243E-01,  1.65610000000004E+02,  1.20736304304597E+02,  2.71059123171819E+02
 1.95675000000000E+03,  1.70764606395440E-01, -1.17500000000000E-01, -3.31284467883958E-01,  1.65790000000004E+02,  1.37041944500238E+02,  2.60492298081641E+02
 1.95683333300000E+03,  1.69780955356913E-01, -4.25000000000000E-02, -3.27762398793293E-01,  1.65970000000004E+02,  1.63481471017067E+02,  2.29599009589131E+02
 1.95691666700000E+03,  1.56032584581949E-01, -7.75000000000000E-02, -3.25093543545062E-01,  1.66150000000004E+02,  2.34186984066493E+02,  2.38349017975155E+02
 1.95700000000000E+03,  1.41037375870366E-01, -2.90000000000000E-01, -3.23261987469787E-01,  1.66330000000004E+02,  3.04271188048483E+02,  2.43535052077487E+02
 1.95708333300000E+03,  1.25454477355125E-01, -4.00000000000000E-01, -3.22248301322880E-01,  1.66510000000004E+02,  3.46897483310911E+02,  2.26570901430102E+02
 1.95716666700000E+03, -1.53520535681802E-02, -3.12500000000000E-01, -3.22029706150290E-01,  1.66690000000004E+02,  4.34192226478992E+02,  2.53924035998810E+02
 1.95725000000000E+03, -2.83797574287563E-01, -3.10000000000000E-01, -4.53758902197534E-01,  1.66870000000004E+02,  5.74168645321968E+02,  3.59804584788925E+02
 1.95733333300000E+03, -3.94712510146933E-01, -2.87500000000000E-01, -4.39551496475270E-01,  1.67050000000004E+02,  6.52775039300765E+02,  4.88446322220232E+02
 1.95741666700000E+03, -2.83350920533910E-01, -1.47500000000000E-01, -4.26040422595779E-01,  1.67230000000004E+02,  6.29391347012183E+02,  5.44094921633715E+02
 1.95750000000000E+03, -8.38676870524135E-02, -5.00000000000000E-03, -4.13262826819795E-01,  1.67410000000004E+02,  5.90127217758623E+02,  5.54450934447726E+02
 1.95758333300000E+03,  1.30634710450744E-01,  1.32500000000000E-01, -4.01251748325705E-01,  1.67590000000004E+02,  5.27688424874064E+02,  5.47090859266708E+02
 1.95766666700000E+03,  2.98667762493530E-01,  2.32500000000000E-01, -3.90036039584480E-01,  1.67770000000004E+02,  3.98047207564044E+02,  4.42937983489680E+02
 1.95775000000000E+03,  3.77098815594540E-01,  2.70000000000000E-01, -3.64465982577533E-01,  1.67950000000004E+02,  3.05105295637423E+02,  3.42046901282039E+02
 1.95783333300000E+03,  3.65436118132406E-01,  2.37500000000000E-01, -3.56316583995039E-01,  1.68130000000004E+02,  2.95140999375654E+02,  3.40983460262299E+02
 1.95791666700000E+03,  3.14146065008105E-01,  2.05000000000000E-01, -3.49040585688645E-01,  1.68310000000004E+02,  2.93216986137871E+02,  3.36293513822495E+02
 1.95800000000000E+03,  2.60718442669697E-01,  3.32500000000000E-01, -3.42642852832042E-01,  1.68490000000004E+02,  2.68959243469401E+02,  3.19599527397026E+02
 1.95808333300000E+03,  2.12164125485699E-01,  6.20000000000000E-01, -3.37124104567369E-01,  1.68670000000004E+02,  2.07870945539862E+02,  2.86909522832267E+02
 1.95816666700000E+03,  1.94869896509774E-01,  8.50000000000000E-01, -3.32480997881198E-01,  1.68850000000004E+02,  1.37179887273910E+02,  1.90427770981482E+02
 1.95825000000000E+03,  2.14607786894462E-01,  8.67500000000000E-01, -9.21719759072625E-01,  1.69030000000004E+02,  1.10233602860377E+02,  1.26309730359480E+02
 1.95833333300000E+03,  2.26126362969265E-01,  7.80000000000000E-01, -9.25001709311744E-01,  1.69210000000004E+02,  9.11855447012905E+01,  1.42808711242845E+02
 1.95841666700000E+03,  2.21910569055544E-01,  6.50000000000000E-01, -9.27301836552182E-01,  1.69390000000004E+02,  7.34034802738008E+01,  1.90710528706743E+02
 1.95850000000000E+03,  2.22670004886016E-01,  4.37500000000000E-01, -9.28582107326092E-01,  1.69570000000004E+02,  1.26943643782945E+02,  3.20973046434680E+02
 1.95858333300000E+03,  2.30307379351053E-01,  2.95000000000000E-01, -9.28811462496106E-01,  1.69750000000004E+02,  2.45642188504099E+02,  5.71309087966024E+02
 1.95866666700000E+03,  2.43962656109406E-01,  2.25000000000000E-01, -9.27965874795374E-01,  1.69930000000004E+02,  3.57410976351949E+02,  8.02257047976491E+02
 1.95875000000000E+03,  2.58613753506616E-01,  1.52500000000000E-01, -9.23857621378589E-01,  1.70110000000004E+02,  4.38643001912031E+02,  8.76155069089966E+02
 1.95883333300000E+03,  2.64768534995367E-01,  1.62500000000000E-01, -9.19991145417016E-01,  1.70290000000004E+02,  4.96006682005970E+02,  8.22032349352313E+02
 1.95891666700000E+03,  2.54067538529356E-01,  2.17500000000000E-01, -9.15021900710078E-01,  1.70470000000004E+02,  4.84294584035028E+02,  6.79112426231877E+02
 1.95900000000000E+03,  2.20804266042900E-01,  2.62500000000000E-01, -9.08958643175800E-01,  1.70650000000004E+02,  3.77132473515416E+02,  4.36887822819393E+02
 1.95908333300000E+03,  1.65074849580250E-01,  1.92500000000000E-01, -9.01816633949180E-01,  1.70830000000004E+02,  2.71098090297692E+02,  2.20158846814366E+02
 1.95916666700000E+03,  8.20705684092954E-02,  7.50000000000000E-03, -8.93617415697467E-01,  1.71010000000004E+02,  2.45221174648118E+02,  1.73160974366142E+02
 1.95925000000000E+03, -1.44109209105298E-02, -1.17500000000000E-01, -6.14893608134298E-01,  1.71190000000004E+02,  2.22417536798625E+02,  1.93456873938076E+02
 1.95933333300000E+03, -1.01626858718208E-01, -1.92500000000000E-01, -5.96617117985409E-01,  1.71370000000004E+02,  1.68174302017029E+02,  1.96848227830676E+02
 1.95941666700000E+03, -1.89284261731224E-01, -2.42500000000000E-01, -5.78505900264312E-01,  1.71550000000004E+02,  2.16174008246299E+02,  3.16432029605663E+02
 1.95950000000000E+03, -2.43843299274654E-01, -2.60000000000000E-01, -5.60627657192017E-01,  1.71730000000004E+02,  3.47181102709928E+02,  4.91700747834143E+02
 1.95958333300000E+03, -2.00430130694810E-01, -2.45000000000000E-01, -5.43047939744986E-01,  1.71910000000004E+02,  3.73069089473719E+02,  5.34137063425275E+02
 1.95966666700000E+03, -9.61760959309801E-02, -1.97500000000000E-01, -5.25829845287144E-01,  1.72090000000004E+02,  3.67949582546162E+02,  5.84077154856751E+02
 1.95975000000000E+03, -2.62611847013433E-03, -1.87500000000000E-01, -5.21515470746428E-01,  1.72270000000004E+02,  4.46700467049115E+02,  7.05464571349148E+02
 1.95983333300000E+03,  5.18225012001376E-02, -2.07500000000000E-01, -5.04835968023219E-01,  1.72450000000004E+02,  4.33500876686490E+02,  6.63112123199625E+02
 1.95991666700000E+03,  6.63571674385569E-03, -1.82500000000000E-01, -4.88649904907676E-01,  1.72630000000004E+02,  3.01658315368443E+02,  5.19211342579986E+02
 1.96000000000000E+03, -1.45778405966997E-01, -4.75000000000000E-02, -4.73010563854735E-01,  1.72810000000004E+02,  2.26307676918319E+02,  4.49067753266944E+02
 1.96008333300000E+03, -3.05692353355618E-01,  1.22500000000000E-01, -4.57967734209802E-01,  1.72990000000004E+02,  1.85205970856623E+02,  3.48475475548244E+02
 1.96016666700000E+03, -3.93405272116462E-01,  1.77500000000000E-01, -4.43567529320043E-01,  1.73170000000004E+02,  1.30346504864284E+02,  2.33211552065431E+02
 1.96025000000000E+03, -4.12087760163353E-01,  1.82500000000000E-01, -4.45446975281364E-01,  1.73350000000004E+02,  1.31352693529018E+02,  2.00578585914207E+02
 1.96033333300000E+03, -3.92047933127625E-01,  1.92500000000000E-01, -4.52499394687150E-01,  1.73530000000004E+02,  1.68610398537640E+02,  1.75393380435010E+02
 1.96041666700000E+03, -3.41991982422400E-01,  1.37500000000000E-01, -4.59318012920716E-01,  1.73710000000004E+02,  1.98156183617455E+02,  1.58071521026928E+02
 1.96050000000000E+03, -2.67677961321542E-01,  7.75000000000000E-02, -4.65863869583507E-01,  1.73890000000004E+02,  2.46034274998903E+02,  1.82597701119072E+02
 1.96058333300000E+03, -1.80807313261089E-01,  3.25000000000000E-02, -4.72099768383783E-01,  1.74070000000004E+02,  2.76796986409119E+02,  1.58257474042857E+02
 1.96066666700000E+03, -1.01026850186103E-01, -1.50000000000000E-02, -4.77990389211146E-01,  1.74250000000004E+02,  2.69084254830283E+02,  1.37470867177236E+02
 1.96075000000000E+03, -3.76444395274890E-02,  7.50000000000000E-03, -4.80933471636200E-01,  1.74430000000004E+02,  3.28492432407531E+02,  2.80493290012034E+02
 1.96083333300000E+03,  1.80194839241148E-02,  4.25000000000000E-02, -4.86234039255636E-01,  1.74610000000004E+02,  4.53733201719749E+02,  4.65617269004620E+02
 1.96091666700000E+03,  6.11088718438511E-02,  5.00000000000000E-03, -4.91109148284489E-01,  1.74790000000004E+02,  5.07489580050531E+02,  5.14015808737539E+02
 1.96100000000000E+03,  8.42002486717319E-02, -4.25000000000000E-02, -4.95530828833749E-01,  1.74970000000004E+02,  4.97575787727735E+02,  5.09070809114636E+02
 1.96108333300000E+03,  9.22373377316780E-02, -4.00000000000000E-02, -4.99473360316481E-01,  1.75150000000004E+02,  4.74704480777705E+02,  4.65593133321137E+02
 1.96116666700000E+03,  8.92244163822541E-02,  3.50000000000000E-02, -5.02913324273120E-01,  1.75330000000004E+02,  3.68804198930078E+02,  2.89089491593114E+02
 1.96125000000000E+03,  8.27654991199113E-02,  1.40000000000000E-01, -4.97207431965305E-01,  1.75510000000004E+02,  2.03905825464052E+02,  8.98619290747304E+01
 1.96133333300000E+03,  8.07496240731478E-02,  1.32500000000000E-01, -5.00946506791933E-01,  1.75690000000004E+02,  1.25005662972910E+02,  5.75636741325749E+01
 1.96141666700000E+03,  7.93104219061080E-02,  3.00000000000000E-02, -5.04174083707071E-01,  1.75870000000004E+02,  1.59374685919388E+02,  2.11014379016903E+02
 1.96150000000000E+03,  7.51592641518109E-02,  1.25000000000000E-02, -5.06870060163310E-01,  1.76050000000004E+02,  2.03715521331757E+02,  3.71137318474035E+02
 1.96158333300000E+03,  7.30021090397838E-02,  3.25000000000000E-02, -5.09016720046478E-01,  1.76230000000004E+02,  2.10553357501930E+02,  4.03477078757492E+02
 1.96166666700000E+03,  7.47794247602217E-02, -3.50000000000000E-02, -5.10598751281617E-01,  1.76410000000004E+02,  2.08243252373115E+02,  4.04114066005749E+02
 1.96175000000000E+03,  7.98353363081796E-02, -9.25000000000000E-02, -5.12031708430112E-01,  1.76590000000004E+02,  1.73350126563017E+02,  3.80482725234708E+02
 1.96183333300000E+03,  8.89420638905232E-02,  5.00000000000000E-03, -5.11735139600187E-01,  1.76770000000004E+02,  9.47104509318682E+01,  2.29701765770120E+02
 1.96191666700000E+03,  9.94698719565777E-02,  1.75000000000000E-01, -5.10835909350558E-01,  1.76950000000004E+02,  4.40354344386627E+01,  9.83903607215032E+01
 1.96200000000000E+03,  1.06850110934603E-01,  2.07500000000000E-01, -5.09331110146049E-01,  1.77130000000004E+02,  3.96673316451798E+01,  1.11144064401487E+02
 1.96208333300000E+03,  1.09524412946234E-01,  2.17500000000000E-01, -5.07220140266227E-01,  1.77310000000004E+02,  3.99090994552266E+01,  1.39940932894157E+02
 1.96216666700000E+03,  1.75910453563913E-01,  3.00000000000000E-01, -5.04504657922204E-01,  1.77490000000004E+02,  3.77474753979763E+01,  1.34746857312015E+02
 1.96225000000000E+03,  2.83169353354754E-01,  3.22500000000000E-01, -3.88634809842255E-01,  1.77670000000004E+02,  3.95510086727528E+01,  1.43416805813881E+02
 1.96233333300000E+03,  2.65843490335489E-01,  2.60000000000000E-01, -3.96043170043027E-01,  1.77850000000004E+02,  3.90759304853013E+01,  1.34112714681539E+02
 1.96241666700000E+03,  1.39379604747757E-01,  1.85000000000000E-01, -4.03557263601814E-01,  1.78030000000004E+02,  4.30251171930157E+01,  1.13290245374098E+02
 1.96250000000000E+03,  1.99466724395677E-03,  1.92500000000000E-01, -4.11129437497204E-01,  1.78210000000004E+02,  8.83601875952124E+01,  1.60750917523290E+02
 1.96258333300000E+03, -1.28456934780096E-01,  1.82500000000000E-01, -4.18712625685729E-01,  1.78390000000004E+02,  1.63394458303567E+02,  2.38721845480179E+02
 1.96266666700000E+03, -2.29421785108676E-01,  1.12500000000000E-01, -4.26260533659671E-01,  1.78570000000004E+02,  1.94835353479992E+02,  2.51098840754585E+02
 1.96275000000000E+03, -2.94945869037961E-01,  1.37500000000000E-01, -4.30999509588316E-01,  1.78750000000004E+02,  1.86755545941592E+02,  2.33812625303120E+02
 1.96283333300000E+03, -3.38188255729135E-01,  2.97500000000000E-01, -4.38392816174446E-01,  1.78930000000004E+02,  1.72245196874100E+02,  2.07254156540204E+02
 1.96291666700000E+03, -3.54644459630493E-01,  4.70000000000000E-01, -4.45633915529707E-01,  1.79110000000004E+02,  1.22006014846584E+02,  1.28069202278314E+02
 1.96300000000000E+03, -3.36377751734314E-01,  5.35000000000000E-01, -4.52680734777275E-01,  1.79290000000004E+02,  6.46551885994879E+01,  7.14136278389891E+01
 1.96308333300000E+03, -2.89870425738399E-01,  4.80000000000000E-01, -4.59492713251645E-01,  1.79470000000004E+02,  6.14844510738252E+01,  1.00241473478303E+02
 1.96316666700000E+03, -1.36826017862409E-01,  4.02500000000000E-01, -4.66030935141311E-01,  1.79650000000004E+02,  8.96733244104975E+01,  1.49809684373826E+02
 1.96325000000000E+03,  9.69723352096832E-02,  3.30000000000000E-01, -7.38880031677230E-02,  1.79830000000004E+02,  1.21318272685682E+02,  1.97070467304501E+02
 1.96333333300000E+03,  2.06050160660059E-01,  2.02500000000000E-01, -6.57134663666930E-02,  1.80010000000004E+02,  1.51981472272924E+02,  2.36224883168607E+02
 1.96341666700000E+03,  1.92821733824934E-01,  1.32500000000000E-01, -5.79487982031230E-02,  1.80190000000004E+02,  1.51868456411828E+02,  2.28951501511889E+02
 1.96350000000000E+03,  1.63583377375211E-01,  1.45000000000000E-01, -5.06053273151662E-02,  1.80370000000004E+02,  1.39891796004650E+02,  2.65111667989387E+02
 1.96358333300000E+03,  1.30452803127184E-01,  9.75000000000000E-02, -4.36931324925937E-02,  1.80550000000004E+02,  1.78951401810847E+02,  4.19653857684548E+02
 1.96366666700000E+03,  1.04982845403444E-01,  5.00000000000000E-03, -3.72210400942087E-02,  1.80730000000004E+02,  2.49966752478433E+02,  5.57655489623045E+02
 1.96375000000000E+03,  8.84851518535295E-02,  1.75000000000000E-02, -3.38538256171760E-02,  1.80910000000004E+02,  3.04834040712957E+02,  6.31392594631589E+02
 1.96383333300000E+03,  7.16332864396341E-02,  8.75000000000000E-02, -2.80782550580130E-02,  1.81090000000004E+02,  3.65179896434287E+02,  7.32674212399508E+02
 1.96391666700000E+03,  5.43664134811548E-02,  8.50000000000000E-02, -2.27596402062312E-02,  1.81270000000004E+02,  4.25071911488231E+02,  7.69560604721968E+02
 1.96400000000000E+03,  4.13313938450617E-02,  1.25000000000000E-01, -1.79023941072410E-02,  1.81450000000004E+02,  4.31053220194978E+02,  6.48441466854130E+02
 1.96408333300000E+03,  3.08117417321024E-02,  2.35000000000000E-01, -1.35097097694169E-02,  1.81630000000004E+02,  4.01973382432368E+02,  5.14492448339875E+02
 1.96416666700000E+03,  3.06154206793483E-02,  1.82500000000000E-01, -9.58357620850251E-03,  1.81810000000004E+02,  3.89350871288457E+02,  4.70902970530259E+02
 1.96425000000000E+03,  4.18108185014910E-02,  2.75000000000000E-02,  3.73524120703055E-03,  1.81990000000004E+02,  3.72582256694679E+02,  4.36328934890476E+02
 1.96433333300000E+03,  4.53170151460038E-02,  2.50000000000000E-02,  2.43638771318077E-03,  1.82170000000004E+02,  3.15894929327896E+02,  3.45381115930009E+02
 1.96441666700000E+03,  4.13263033631486E-02,  4.00000000000000E-02,  7.39245826714146E-04,  1.82350000000004E+02,  2.40828098850974E+02,  2.63845818893653E+02
 1.96450000000000E+03,  4.11987785798954E-02, -6.25000000000000E-02, -1.34458325762490E-03,  1.82530000000004E+02,  1.68864625755082E+02,  2.41165123549751E+02
 1.96458333300000E+03,  4.53317587499667E-02, -1.80000000000000E-01, -3.80278611775775E-03,  1.82710000000004E+02,  9.30000944798977E+01,  1.91374347538665E+02
 1.96466666700000E+03,  5.13472424917146E-02, -2.42500000000000E-01, -6.62238132676882E-03,  1.82890000000004E+02,  2.94002906034024E+01,  1.03688590541660E+02
 1.96475000000000E+03,  5.76137760064991E-02, -2.12500000000000E-01, -1.33928202007807E-02,  1.83070000000004E+02,  6.91956513838548E+00,  7.41018198861568E+01
 1.96483333300000E+03,  6.45873512308384E-02, -1.55000000000000E-01, -1.72213575991828E-02,  1.83250000000004E+02,  2.60212428376477E+01,  7.40062106137208E+01
 1.96491666700000E+03,  7.12985870529954E-02, -2.07500000000000E-01, -2.13531527228653E-02,  1.83430000000004E+02,  4.93876028013015E+01,  5.10111019362732E+01
 1.96500000000000E+03,  7.84071428368147E-02, -2.90000000000000E-01, -2.57725502809517E-02,  1.83610000000004E+02,  5.51458004763295E+01,  6.21009309294992E+01
 1.96508333300000E+03,  8.65631428125577E-02, -2.47500000000000E-01, -3.04635004298112E-02,  1.83790000000004E+02,  8.57756842928044E+01,  1.38760340948925E+02
 1.96516666700000E+03,  3.10997892370855E-02, -1.72500000000000E-01, -3.54096040941163E-02,  1.83970000000004E+02,  1.35727869368961E+02,  2.15748729421693E+02
 1.96525000000000E+03, -1.29843526085186E-01, -1.75000000000000E-01, -2.76839348294080E-01,  1.84150000000004E+02,  1.37321775754047E+02,  2.32859035977007E+02
 1.96533333300000E+03, -3.06191469974558E-01, -2.20000000000000E-01, -2.64530056641365E-01,  1.84330000000004E+02,  1.13056476547834E+02,  2.29767929964049E+02
 1.96541666700000E+03, -4.31599449741397E-01, -2.42500000000000E-01, -2.52226543786480E-01,  1.84510000000004E+02,  1.16045334761672E+02,  2.48697631697832E+02
 1.96550000000000E+03, -4.87579492840926E-01, -2.20000000000000E-01, -2.39957792600323E-01,  1.84690000000004E+02,  1.30449488628949E+02,  2.78134653544651E+02
 1.96558333300000E+03, -4.49309311423397E-01, -1.80000000000000E-01, -2.27752317031579E-01,  1.84870000000004E+02,  1.38166177816397E+02,  3.22059649787624E+02
 1.96566666700000E+03, -2.71050728231284E-01, -1.35000000000000E-01, -2.15638083959737E-01,  1.85050000000005E+02,  1.43973326463810E+02,  3.55753555227164E+02
 1.96575000000000E+03, -4.07696599406096E-02, -1.02500000000000E-01, -1.76895823386538E-01,  1.85230000000005E+02,  1.56016300409918E+02,  3.54542749044867E+02
 1.96583333300000E+03,  2.90515434639939E-02, -6.75000000000000E-02, -1.65471723777967E-01,  1.85410000000005E+02,  1.54928318648934E+02,  3.30247658525361E+02
 1.96591666700000E+03, -4.22811234913577E-02, -2.25000000000000E-02, -1.54274601097360E-01,  1.85590000000005E+02,  1.10290453012434E+02,  2.43080884292767E+02
 1.96600000000000E+03, -1.28847552955728E-01,  8.50000000000000E-02, -1.43327448951183E-01,  1.85770000000005E+02,  5.88004886962235E+01,  1.14614037787775E+02
 1.96608333300000E+03, -1.88876678100232E-01,  2.87500000000000E-01, -1.32652265134749E-01,  1.85950000000005E+02,  3.99693662235341E+01,  6.37448517422403E+01
 1.96616666700000E+03, -1.47148390242159E-01,  4.37500000000000E-01, -1.22270007378718E-01,  1.86130000000005E+02,  2.97502999605502E+01,  7.90713572488388E+01
 1.96625000000000E+03, -5.30083664289199E-02,  4.57500000000000E-01, -2.94859408209952E-01,  1.86310000000005E+02,  2.74523495593614E+01,  1.03833442732774E+02
 1.96633333300000E+03, -8.62372770369842E-02,  3.77500000000000E-01, -2.82594930869088E-01,  1.86490000000005E+02,  7.19512194671629E+01,  2.18322540341361E+02
 1.96641666700000E+03, -2.28247125015515E-01,  2.62500000000000E-01, -2.70293005367730E-01,  1.86670000000005E+02,  1.74977672403153E+02,  4.18245701514211E+02
 1.96650000000000E+03, -3.64850529654930E-01,  1.50000000000000E-01, -2.57983153861463E-01,  1.86850000000005E+02,  2.93122096627364E+02,  5.54597309822208E+02
 1.96658333300000E+03, -4.50906087054735E-01,  7.00000000000000E-02, -2.45694550837431E-01,  1.87030000000005E+02,  3.71404844257191E+02,  6.07896576344853E+02
 1.96666666700000E+03, -4.74247579875838E-01,  6.75000000000000E-02, -2.33455939696428E-01,  1.87210000000005E+02,  3.99938229692821E+02,  6.08159710487072E+02
 1.96675000000000E+03, -4.59486400573511E-01,  1.55000000000000E-01, -2.39152444894347E-01,  1.87390000000005E+02,  3.67536255664663E+02,  4.80244700464330E+02
 1.96683333300000E+03, -4.02995016143558E-01,  2.60000000000000E-01, -2.26952119749177E-01,  1.87570000000005E+02,  2.64876130931634E+02,  2.82057194310665E+02
 1.96691666700000E+03, -2.88916240225186E-01,  2.67500000000000E-01, -2.14844856262867E-01,  1.87750000000005E+02,  1.48142401031126E+02,  1.59049393769765E+02
 1.96700000000000E+03, -1.44994618324737E-01,  1.80000000000000E-01, -2.02857956465450E-01,  1.87930000000005E+02,  7.24101024563519E+01,  9.10396666626564E+01
 1.96708333300000E+03, -2.13155288640680E-02,  2.25000000000000E-02, -1.91018025963887E-01,  1.88110000000005E+02,  3.84563743914918E+01,  4.30883378156094E+01
 1.96716666700000E+03, -2.37370055075154E-02, -6.25000000000000E-02, -1.79350907732652E-01,  1.88290000000005E+02,  2.67599233139878E+01,  3.58619708902406E+01
 1.96725000000000E+03, -1.65952347300799E-01, -5.25000000000000E-02,  5.89407323620347E-02,  1.88470000000005E+02,  1.85970416687325E+01,  3.72689362631902E+01
 1.96733333300000E+03, -2.88635108960018E-01, -1.20000000000000E-01,  6.47881168339245E-02,  1.88650000000005E+02,  1.44343479324451E+01,  2.88425299676756E+01
 1.96741666700000E+03, -3.49179534891744E-01, -1.95000000000000E-01,  7.07146406368016E-02,  1.88830000000005E+02,  2.92872158046245E+01,  2.75063092343835E+01
 1.96750000000000E+03, -3.92892220600332E-01, -2.27500000000000E-01,  7.67024320919335E-02,  1.89010000000005E+02,  5.80669661230084E+01,  2.88742486014953E+01
 1.96758333300000E+03, -4.16792611572854E-01, -2.35000000000000E-01,  8.27337907923511E-02,  1.89190000000005E+02,  8.64562453793146E+01,  3.01959820313640E+01
 1.96766666700000E+03, -4.02204843905768E-01, -1.80000000000000E-01,  8.87912231222812E-02,  1.89370000000005E+02,  1.41767410087874E+02,  7.72867547395852E+01
 1.96775000000000E+03, -3.43954812852962E-01, -1.87500000000000E-01,  1.06530262220440E-01,  1.89550000000005E+02,  2.32821598952380E+02,  1.85300411369976E+02
 1.96783333300000E+03, -2.82173111313679E-01, -2.57500000000000E-01,  1.12525737744423E-01,  1.89730000000005E+02,  2.89637338229361E+02,  2.75548455830399E+02
 1.96791666700000E+03, -2.37539991091549E-01, -2.72500000000000E-01,  1.18465162516819E-01,  1.89910000000005E+02,  2.87112954355703E+02,  3.33808876321851E+02
 1.96800000000000E+03, -2.06116820866846E-01, -2.35000000000000E-01,  1.24332920409929E-01,  1.90090000000005E+02,  2.80619061751992E+02,  4.49870891903419E+02
 1.96808333300000E+03, -1.91653070120146E-01, -1.45000000000000E-01,  1.30113807785369E-01,  1.90270000000005E+02,  3.02634966391809E+02,  6.45436505672586E+02
 1.96816666700000E+03, -1.33583083400796E-01, -8.50000000000000E-02,  1.35793057044959E-01,  1.90450000000005E+02,  3.31908008798432E+02,  8.15319609988597E+02
 1.96825000000000E+03, -1.89617839829387E-02, -9.25000000000000E-02,  2.11457023743861E-01,  1.90630000000005E+02,  3.22826267361116E+02,  8.58261797927789E+02
 1.96833333300000E+03,  4.38890408628182E-02, -1.35000000000000E-01,  2.12067857215009E-01,  1.90810000000005E+02,  3.07406863819256E+02,  8.31431713215853E+02
 1.96841666700000E+03,  5.07036527055017E-02, -1.95000000000000E-01,  2.12388131027308E-01,  1.90990000000005E+02,  3.33943861878916E+02,  7.78662253178315E+02
 1.96850000000000E+03,  5.62469106649854E-02, -1.92500000000000E-01,  2.12417015647690E-01,  1.91170000000005E+02,  3.03998946586760E+02,  5.88275469784593E+02
 1.96858333300000E+03,  6.08054786953113E-02, -1.35000000000000E-01,  2.12154228424837E-01,  1.91350000000005E+02,  1.87496569743086E+02,  3.22236183921634E+02
 1.96866666700000E+03,  7.02453669077016E-02, -4.75000000000000E-02,  2.11600022643739E-01,  1.91530000000005E+02,  1.20601041177641E+02,  1.88084020652430E+02
 1.96875000000000E+03,  8.47862762850001E-02,  7.00000000000000E-02,  2.12434299744212E-01,  1.91710000000005E+02,  1.12426981711996E+02,  1.56594747726834E+02
 1.96883333300000E+03,  9.01862267300141E-02,  1.77500000000000E-01,  2.12348397036353E-01,  1.91890000000005E+02,  7.88873858744726E+01,  1.06941460413198E+02
 1.96891666700000E+03,  8.09171355218751E-02,  2.90000000000000E-01,  2.11970858844703E-01,  1.92070000000005E+02,  3.53743425819735E+01,  6.15233146863189E+01
 1.96900000000000E+03,  6.20170456409857E-02,  4.70000000000000E-01,  2.11302146210924E-01,  1.92250000000005E+02,  3.84267412884852E+01,  1.14975625187412E+02
 1.96908333300000E+03,  3.92143478927278E-02,  7.60000000000000E-01,  2.10343239615108E-01,  1.92430000000005E+02,  1.23120718927240E+02,  2.98682906220064E+02
 1.96916666700000E+03,  3.83787915885234E-02,  9.60000000000000E-01,  2.09095626308087E-01,  1.92610000000005E+02,  2.52751499279742E+02,  4.98452971286457E+02
 1.96925000000000E+03,  6.18740063883096E-02,  8.85000000000000E-01, -6.51306322542374E-03,  1.92790000000005E+02,  3.54456374592273E+02,  6.20731036291137E+02
 1.96933333300000E+03,  7.06372262765956E-02,  6.67500000000000E-01, -9.66797465619851E-03,  1.92970000000005E+02,  4.40310372727143E+02,  7.07400118139928E+02
 1.96941666700000E+03,  6.56157656111903E-02,  4.65000000000000E-01, -1.31570193497597E-02,  1.93150000000005E+02,  5.20122404568194E+02,  7.64634971796995E+02
 1.96950000000000E+03,  6.88179837883041E-02,  3.72500000000000E-01, -1.69655006650632E-02,  1.93330000000005E+02,  5.12137014805396E+02,  7.12759997261027E+02
 1.96958333300000E+03,  8.19501791406100E-02,  3.35000000000000E-01, -2.10782333030138E-02,  1.93510000000005E+02,  4.00754176268360E+02,  5.56716296760606E+02
 1.96966666700000E+03,  1.22766347919192E-01,  2.62500000000000E-01, -2.54795889406973E-02,  1.93690000000005E+02,  2.86418256896813E+02,  4.24754661807595E+02
 1.96975000000000E+03,  1.91329151732722E-01,  2.37500000000000E-01, -4.22778532525668E-02,  1.93870000000005E+02,  2.00351985367631E+02,  3.39880990880739E+02
 1.96983333300000E+03,  2.47020034059310E-01,  3.22500000000000E-01, -4.77502639214509E-02,  1.94050000000005E+02,  1.16889780368479E+02,  2.13251101433407E+02
 1.96991666700000E+03,  2.78658650440676E-01,  4.65000000000000E-01, -5.34215217384156E-02,  1.94230000000005E+02,  7.83789157676798E+01,  1.02834922907423E+02
 1.97000000000000E+03,  2.96353160486684E-01,  5.90000000000000E-01, -5.92742304257813E-02,  1.94410000000005E+02,  8.41501779237668E+01,  9.71953769992141E+01
 1.97008333300000E+03,  2.95454123802341E-01,  6.87500000000000E-01, -6.52908775129907E-02,  1.94590000000005E+02,  8.29634762254228E+01,  1.28323536458890E+02
 1.97016666700000E+03,  2.30468923411392E-01,  7.45000000000000E-01, -7.14538759663574E-02,  1.94770000000005E+02,  8.17357791550288E+01,  1.41706679935802E+02
 1.97025000000000E+03,  1.20881668500759E-01,  6.75000000000000E-01, -1.68067463451551E-01,  1.94950000000005E+02,  9.61238952367553E+01,  1.73760716638624E+02
 1.97033333300000E+03,  7.04120025842777E-02,  4.85000000000000E-01, -1.74296013806397E-01,  1.95130000000005E+02,  1.43971036532262E+02,  2.33517957009491E+02
 1.97041666700000E+03,  6.08253879539935E-02,  2.40000000000000E-01, -1.80399081368874E-01,  1.95310000000005E+02,  2.07548659509124E+02,  2.49529281295064E+02
 1.97050000000000E+03,  3.40406197026785E-02,  2.75000000000000E-02, -1.86363424629303E-01,  1.95490000000005E+02,  2.29121199565741E+02,  2.09575020855732E+02
 1.97058333300000E+03, -6.31851617961203E-03, -7.25000000000000E-02, -1.92176283504209E-01,  1.95670000000005E+02,  2.37720226595707E+02,  2.34306550016209E+02
 1.97066666700000E+03, -2.46530037422795E-02, -9.25000000000000E-02, -1.97825395021451E-01,  1.95850000000005E+02,  2.33705028380981E+02,  3.00025238221708E+02
 1.97075000000000E+03, -1.63888275110013E-02, -6.50000000000000E-02, -1.92798770356890E-01,  1.96030000000005E+02,  1.78230867334717E+02,  2.87944921943250E+02
 1.97083333300000E+03, -4.47918481934999E-02, -1.75000000000000E-02, -1.98429356709315E-01,  1.96210000000005E+02,  1.88831636236945E+02,  3.35502804102849E+02
 1.97091666700000E+03, -1.13668848913916E-01,  3.50000000000000E-02, -2.03883197466639E-01,  1.96390000000005E+02,  3.29596844434433E+02,  5.35066092035915E+02
 1.97100000000000E+03, -1.88779524050345E-01,  5.00000000000000E-02, -2.09149122804912E-01,  1.96570000000005E+02,  4.83836455160951E+02,  6.95347828805027E+02
 1.97108333300000E+03, -2.63013373008260E-01, -3.50000000000000E-02, -2.14216499498204E-01,  1.96750000000005E+02,  6.19356063115819E+02,  7.79405231573621E+02
 1.97116666700000E+03, -2.39041388784195E-01, -1.82500000000000E-01, -2.19075240695019E-01,  1.96930000000005E+02,  7.63911230455587E+02,  9.31947342962697E+02
 1.97125000000000E+03, -1.46697065832598E-01, -3.30000000000000E-01,  2.06402252744109E-01,  1.97110000000005E+02,  8.33062012209967E+02,  1.08377693389175E+03
 1.97133333300000E+03, -1.82340290197138E-01, -4.70000000000000E-01,  1.93663093677605E-01,  1.97290000000005E+02,  7.60590392509527E+02,  1.05830296791050E+03
 1.97141666700000E+03, -2.72249574596099E-01, -5.37500000000000E-01,  1.81139559724957E-01,  1.97470000000005E+02,  6.19444719576159E+02,  8.90642484368321E+02
 1.97150000000000E+03, -2.78734806804765E-01, -4.95000000000000E-01,  1.68856313765280E-01,  1.97650000000005E+02,  4.78258781024184E+02,  7.06660039601569E+02
 1.97158333300000E+03, -2.33481867239211E-01, -4.15000000000000E-01,  1.56837013605947E-01,  1.97830000000005E+02,  3.11010048092732E+02,  4.87723304083434E+02
 1.97166666700000E+03, -2.01976135081015E-01, -3.05000000000000E-01,  1.45104262112513E-01,  1.98010000000005E+02,  1.41883363946387E+02,  2.27325541683846E+02
 1.97175000000000E+03, -2.30601452995921E-01, -1.95000000000000E-01,  1.17343313982305E-01,  1.98190000000005E+02,  5.23865436066101E+01,  6.79489952400611E+01
 1.97183333300000E+03, -2.93263780419597E-01, -1.87500000000000E-01,  1.06769155857960E-01,  1.98370000000005E+02,  2.86554665358532E+01,  5.61511862595137E+01
 1.97191666700000E+03, -3.46562237001500E-01, -2.55000000000000E-01,  9.65688169028781E-02,  1.98550000000005E+02,  1.78694498751352E+01,  7.01322065264689E+01
 1.97200000000000E+03, -3.68010417793874E-01, -3.07500000000000E-01,  8.67584301424259E-02,  1.98730000000005E+02,  2.39978137756779E+01,  6.54684239341276E+01
 1.97208333300000E+03, -3.45040273477816E-01, -3.82500000000000E-01,  7.73528600164771E-02,  1.98910000000005E+02,  5.15860904655955E+01,  6.79325409795451E+01
 1.97216666700000E+03, -2.69366642441578E-01, -4.22500000000000E-01,  6.83656859501699E-02,  1.99090000000005E+02,  9.13139989272441E+01,  5.42427801649298E+01
 1.97225000000000E+03, -2.12586184777222E-01, -3.95000000000000E-01,  1.97260273880531E-01,  1.99270000000005E+02,  1.46949340933511E+02,  6.47336790859370E+01
 1.97233333300000E+03, -2.44242512008598E-01, -3.95000000000000E-01,  1.84672950972626E-01,  1.99450000000005E+02,  2.20568893601966E+02,  1.58890107169329E+02
 1.97241666700000E+03, -2.74922687701424E-01, -3.90000000000000E-01,  1.72319011541564E-01,  1.99630000000005E+02,  2.97805963419836E+02,  3.06574224944695E+02
 1.97250000000000E+03, -2.41714648883430E-01, -3.97500000000000E-01,  1.60222404109853E-01,  1.99810000000005E+02,  3.41770484216811E+02,  4.87931411898069E+02
 1.97258333300000E+03, -1.89113635095893E-01, -4.02500000000000E-01,  1.48406035959721E-01,  1.99990000000005E+02,  3.25529379745983E+02,  6.29099863916360E+02
 1.97266666700000E+03, -1.68221136662891E-01, -2.95000000000000E-01,  1.36891726518256E-01,  2.00170000000005E+02,  2.69894821603065E+02,  6.16105049219893E+02
 1.97275000000000E+03, -1.69311469573813E-01, -1.45000000000000E-01,  1.57594076339392E-01,  2.00350000000005E+02,  1.97467025965341E+02,  5.09054837934713E+02
 1.97283333300000E+03, -1.47114583655803E-01, -1.57500000000000E-01,  1.45842424956121E-01,  2.00530000000005E+02,  1.14175795604272E+02,  3.86658006015678E+02
 1.97291666700000E+03, -1.33848280366472E-01, -2.85000000000000E-01,  1.34397489193772E-01,  2.00710000000005E+02,  5.61823390167163E+01,  2.25777326874880E+02
 1.97300000000000E+03, -1.69171049043587E-01, -3.22500000000000E-01,  1.23279704404743E-01,  2.00890000000005E+02,  5.34107132711781E+01,  9.66621372048812E+01
 1.97308333300000E+03, -2.40300476268463E-01, -3.07500000000000E-01,  1.12508330841833E-01,  2.01070000000005E+02,  8.39030571175454E+01,  7.12385387677576E+01
 1.97316666700000E+03, -2.61876844061399E-01, -2.82500000000000E-01,  1.02101421645670E-01,  2.01250000000005E+02,  1.12515746148862E+02,  8.59827589281974E+01
 1.97325000000000E+03, -1.97110183486971E-01, -1.65000000000000E-01,  1.44426305863353E-01,  2.01430000000005E+02,  1.42057469116404E+02,  1.02515801537528E+02
 1.97333333300000E+03, -1.52946231780779E-01, -4.50000000000000E-02,  1.38629565121150E-01,  2.01610000000005E+02,  2.00582856360328E+02,  1.68678662624174E+02
 1.97341666700000E+03, -1.59805577939734E-01, -3.75000000000000E-02,  1.32652545552250E-01,  2.01790000000005E+02,  2.49640860065243E+02,  2.90271478456847E+02
 1.97350000000000E+03, -1.77790156499508E-01, -8.25000000000000E-02,  1.26503635543915E-01,  2.01970000000005E+02,  2.36249883047160E+02,  3.77891737084809E+02
 1.97358333300000E+03, -2.03278563219780E-01, -1.32500000000000E-01,  1.20191375096725E-01,  2.02150000000005E+02,  2.11427784180958E+02,  4.02476708338336E+02
 1.97366666700000E+03, -2.16986612097150E-01, -1.85000000000000E-01,  1.13724438874872E-01,  2.02330000000005E+02,  1.92255035468521E+02,  4.24945684076195E+02
 1.97375000000000E+03, -2.18389606083769E-01, -2.27500000000000E-01,  1.15871859060646E-01,  2.02510000000005E+02,  1.27169650247892E+02,  4.09601678407104E+02
 1.97383333300000E+03, -2.40696259450635E-01, -2.05000000000000E-01,  1.09306130696395E-01,  2.02690000000005E+02,  7.76653299818815E+01,  3.51131986530287E+02
 1.97391666700000E+03, -2.82620303260585E-01, -1.77500000000000E-01,  1.02600472354040E-01,  2.02870000000005E+02,  1.14103677765841E+02,  3.79391428918666E+02
 1.97400000000000E+03, -3.20703109830197E-01, -2.92500000000000E-01,  9.57638369211138E-02,  2.03050000000005E+02,  1.63075009924464E+02,  4.60796624777686E+02
 1.97408333300000E+03, -3.44528513163421E-01, -5.07500000000000E-01,  8.88052517108520E-02,  2.03230000000005E+02,  1.69289057099917E+02,  4.45939644947615E+02
 1.97416666700000E+03, -3.62042748645002E-01, -7.65000000000000E-01,  8.17338026874405E-02,  2.03410000000005E+02,  1.65879920018686E+02,  3.75185272535730E+02
 1.97425000000000E+03, -3.87098168674215E-01, -9.50000000000000E-01, -2.45946405700690E-01,  2.03590000000005E+02,  1.48964773151503E+02,  3.11400861260971E+02
 1.97433333300000E+03, -4.09769492197417E-01, -8.70000000000000E-01, -2.42769954302545E-01,  2.03770000000005E+02,  1.41074908763726E+02,  2.58926050400919E+02
 1.97441666700000E+03, -4.20710615340190E-01, -6.52500000000000E-01, -2.39338053699768E-01,  2.03950000000005E+02,  2.20606497756034E+02,  3.24261641130227E+02
 1.97450000000000E+03, -4.18823737326699E-01, -5.00000000000000E-01, -2.35656355419610E-01,  2.04130000000005E+02,  3.26414601623897E+02,  4.58811213604449E+02
 1.97458333300000E+03, -3.99977175793670E-01, -4.45000000000000E-01, -2.31730823974715E-01,  2.04310000000005E+02,  4.11266591156597E+02,  5.53758525240618E+02
 1.97466666700000E+03, -3.80562165839568E-01, -4.62500000000000E-01, -2.27567720480545E-01,  2.04490000000005E+02,  5.84488665078936E+02,  7.60795452496663E+02
 1.97475000000000E+03, -3.72634053665394E-01, -4.82500000000000E-01, -2.33108493703978E-01,  2.04670000000005E+02,  7.33920651215993E+02,  9.68671630309541E+02
 1.97483333300000E+03, -3.55096109783790E-01, -4.97500000000000E-01, -2.29026400219145E-01,  2.04850000000005E+02,  6.71506073882261E+02,  8.85066398097654E+02
 1.97491666700000E+03, -3.21274626559294E-01, -4.42500000000000E-01, -2.24710994898170E-01,  2.05030000000005E+02,  5.54043684827856E+02,  7.32061922359480E+02
 1.97500000000000E+03, -2.79255726351626E-01, -3.50000000000000E-01, -2.20168993756999E-01,  2.05210000000005E+02,  4.85944445663349E+02,  6.83248642920137E+02
 1.97508333300000E+03, -2.30132313838580E-01, -3.87500000000000E-01, -2.15407365539556E-01,  2.05390000000005E+02,  3.44875128535178E+02,  5.04758494430546E+02
 1.97516666700000E+03, -1.48234707983407E-01, -4.60000000000000E-01, -2.10433315154466E-01,  2.05570000000005E+02,  1.77085072597284E+02,  2.56152894619310E+02
 1.97525000000000E+03, -6.87822145282876E-02, -5.22500000000000E-01,  4.77786623382764E-02,  2.05750000000005E+02,  1.49781912545885E+02,  2.22887137674392E+02
 1.97533333300000E+03, -8.36419194377013E-02, -5.62500000000000E-01,  5.34186165195536E-02,  2.05930000000005E+02,  2.91250911849444E+02,  3.99217695540352E+02
 1.97541666700000E+03, -1.57857054306484E-01, -4.45000000000000E-01,  5.91730922635843E-02,  2.06110000000005E+02,  4.47720847287387E+02,  5.68732101477207E+02
 1.97550000000000E+03, -2.23166379562671E-01, -2.77500000000000E-01,  6.50239904075391E-02,  2.06290000000005E+02,  4.82276708980656E+02,  6.08372727120049E+02
 1.97558333300000E+03, -2.73458103516879E-01, -2.10000000000000E-01,  7.09533095378488E-02,  2.06470000000005E+02,  4.66682747600290E+02,  6.03794430216456E+02
 1.97566666700000E+03, -3.06176310594987E-01, -2.42500000000000E-01,  7.69431841330080E-02,  2.06650000000005E+02,  4.28776968824047E+02,  5.60990333834746E+02
 1.97575000000000E+03, -3.14350182925010E-01, -3.12500000000000E-01,  9.12410655772022E-02,  2.06830000000005E+02,  2.77730002389077E+02,  3.62586618547424E+02
 1.97583333300000E+03, -2.94166997356862E-01, -3.35000000000000E-01,  9.73060514593108E-02,  2.07010000000005E+02,  1.06402901549933E+02,  1.46181852116512E+02
 1.97591666700000E+03, -2.59068028559856E-01, -3.02500000000000E-01,  1.03356106538811E-01,  2.07190000000005E+02,  4.58645076726951E+01,  8.16316678025335E+01
 1.97600000000000E+03, -2.21915412717241E-01, -3.35000000000000E-01,  1.09374688005562E-01,  2.07370000000005E+02,  3.82092063042994E+01,  5.98169406531363E+01
 1.97608333300000E+03, -1.86281364984467E-01, -5.17500000000000E-01,  1.15345599030722E-01,  2.07550000000005E+02,  4.40741413794852E+01,  7.38968345383730E+01
 1.97616666700000E+03, -2.08004432357922E-01, -6.90000000000000E-01,  1.21253016282779E-01,  2.07730000000005E+02,  1.01292914281565E+02,  2.41717408673599E+02
 1.97625000000000E+03, -2.91249166229747E-01, -7.30000000000000E-01,  8.97937435370122E-02,  2.07910000000005E+02,  1.67153879709637E+02,  3.94372470373048E+02
 1.97633333300000E+03, -3.26235722887087E-01, -7.07500000000000E-01,  9.58598118284003E-02,  2.08090000000005E+02,  1.86939299295814E+02,  4.03946094869532E+02
 1.97641666700000E+03, -2.99240349781687E-01, -5.85000000000000E-01,  1.01914944004375E-01,  2.08270000000005E+02,  1.86203962699861E+02,  4.29645795436860E+02
 1.97650000000000E+03, -2.58165206717215E-01, -3.15000000000000E-01,  1.07942518947416E-01,  2.08450000000005E+02,  1.70627451896578E+02,  4.16416523323929E+02
 1.97658333300000E+03, -2.08078674249378E-01, -2.25000000000000E-02,  1.13926254727938E-01,  2.08630000000005E+02,  1.16780392320699E+02,  2.54373194877462E+02
 1.97666666700000E+03, -1.73338155723971E-01,  1.32500000000000E-01,  1.19850236490099E-01,  2.08810000000005E+02,  5.75857272854159E+01,  1.24405564452723E+02
 1.97675000000000E+03, -1.58851456417182E-01,  1.35000000000000E-01,  1.14794288221936E-01,  2.08990000000005E+02,  4.95040329755060E+01,  1.00026300625449E+02
 1.97683333300000E+03, -1.33044275290892E-01, -1.25000000000000E-02,  1.20708249068294E-01,  2.09170000000005E+02,  1.03232091594438E+02,  1.30160543853663E+02
 1.97691666700000E+03, -1.02783429453041E-01, -1.82500000000000E-01,  1.26544705205400E-01,  2.09350000000005E+02,  1.72454170549623E+02,  2.04376244068110E+02
 1.97700000000000E+03, -9.00137571643886E-02, -2.07500000000000E-01,  1.32288616301184E-01,  2.09530000000005E+02,  2.08137904471869E+02,  2.26744406798326E+02
 1.97708333300000E+03, -9.42475917369356E-02, -1.75000000000000E-01,  1.37925386613207E-01,  2.09710000000005E+02,  2.18672019952187E+02,  2.08244288877244E+02
 1.97716666700000E+03, -1.15015972199305E-01, -1.32500000000000E-01,  1.43440886351215E-01,  2.09890000000005E+02,  2.22756699056481E+02,  2.23567880687468E+02
 1.97725000000000E+03, -1.31272481291364E-01, -9.00000000000000E-02,  1.92325877762183E-01,  2.10070000000005E+02,  1.97418100201826E+02,  1.80019664878928E+02
 1.97733333300000E+03, -1.16527884444737E-01, -4.50000000000000E-02,  1.95495746541796E-01,  2.10250000000005E+02,  1.56312091283867E+02,  8.54496219490455E+01
 1.97741666700000E+03, -8.11433976447822E-02, -2.75000000000000E-02,  1.98410451155125E-01,  2.10430000000005E+02,  1.58159105254377E+02,  5.87311869167933E+01
 1.97750000000000E+03, -4.08627607010762E-02, -1.27500000000000E-01,  2.01063713683847E-01,  2.10610000000005E+02,  1.75839148624476E+02,  8.50346402029384E+01
 1.97758333300000E+03,  3.43726906690688E-03, -2.35000000000000E-01,  2.03449860374279E-01,  2.10790000000005E+02,  1.53966166882900E+02,  1.26561708728872E+02
 1.97766666700000E+03,  3.86966009805456E-02, -2.50000000000000E-01,  2.05563819923637E-01,  2.10970000000005E+02,  1.25679779358707E+02,  1.69342077328335E+02
 1.97775000000000E+03,  6.11293610431426E-02, -2.45000000000000E-01,  2.04933628220205E-01,  2.11150000000005E+02,  1.06115299987771E+02,  2.00290999832604E+02
 1.97783333300000E+03,  8.74052019895155E-02, -2.27500000000000E-01,  2.06857708035873E-01,  2.11330000000005E+02,  7.97812330813909E+01,  2.41693537551737E+02
 1.97791666700000E+03,  1.14450443910698E-01, -1.12500000000000E-01,  2.08502398740522E-01,  2.11510000000006E+02,  7.02412059142300E+01,  2.80097079999363E+02
 1.97800000000000E+03,  1.31838476201445E-01,  6.75000000000000E-02,  2.09864230895116E-01,  2.11690000000006E+02,  9.69147025726757E+01,  3.08954289544154E+02
 1.97808333300000E+03,  1.43383597593056E-01,  1.90000000000000E-01,  2.10940321334342E-01,  2.11870000000006E+02,  1.81038242111366E+02,  3.80164140208017E+02
 1.97816666700000E+03,  1.27507636420741E-01,  2.40000000000000E-01,  2.11728366303891E-01,  2.12050000000006E+02,  2.83584060324302E+02,  4.57538516763551E+02
 1.97825000000000E+03,  7.33788714043629E-02,  2.12500000000000E-01,  2.06446220365381E-01,  2.12230000000006E+02,  3.09696145617174E+02,  4.52121638070157E+02
 1.97833333300000E+03,  2.08575492462244E-02,  7.00000000000000E-02,  2.04449652734262E-01,  2.12410000000006E+02,  2.86366213202243E+02,  4.05452101542560E+02
 1.97841666700000E+03, -1.70405798445920E-02, -1.32500000000000E-01,  2.02173824148508E-01,  2.12590000000006E+02,  2.74679281559872E+02,  3.77883609472005E+02
 1.97850000000000E+03, -5.19343931317863E-02, -2.82500000000000E-01,  1.99622386443896E-01,  2.12770000000006E+02,  2.70304068340992E+02,  3.62053029554767E+02
 1.97858333300000E+03, -8.10603946354278E-02, -3.00000000000000E-01,  1.96799416294163E-01,  2.12950000000006E+02,  2.89922321919373E+02,  3.52814382618834E+02
 1.97866666700000E+03, -1.02385470876937E-01, -1.67500000000000E-01,  1.93709399165097E-01,  2.13130000000006E+02,  3.20841468907979E+02,  3.35506178854584E+02
 1.97875000000000E+03, -1.19459598876517E-01, -1.00000000000000E-02,  1.91303128276436E-01,  2.13310000000006E+02,  3.51428477462114E+02,  3.25584064959875E+02
 1.97883333300000E+03, -1.39063283125295E-01, -2.25000000000000E-02,  1.87764000531035E-01,  2.13490000000006E+02,  3.72351435640879E+02,  2.99223094264937E+02
 1.97891666700000E+03, -1.60477947838921E-01, -5.00000000000000E-02,  1.83971994444260E-01,  2.13670000000006E+02,  3.01986841861853E+02,  2.03318528101489E+02
 1.97900000000000E+03, -1.78848516353628E-01,  1.07500000000000E-01,  1.79932972001518E-01,  2.13850000000006E+02,  1.79235393338357E+02,  1.26196267322834E+02
 1.97908333300000E+03, -1.90584217085012E-01,  2.20000000000000E-01,  1.75653124284292E-01,  2.14030000000006E+02,  1.20559541253871E+02,  1.18863608137551E+02
 1.97916666700000E+03, -1.04398588800144E-01,  2.17500000000000E-01,  1.71138954048750E-01,  2.14210000000006E+02,  9.16698741816009E+01,  1.08557326736527E+02
 1.97925000000000E+03,  7.50928014494305E-02,  2.70000000000000E-01, -1.05366690192770E-02,  2.14390000000006E+02,  6.22681284305237E+01,  9.13578178759989E+01
 1.97933333300000E+03,  1.63800333165783E-01,  3.52500000000000E-01, -8.62920726009197E-03,  2.14570000000006E+02,  6.63396189569024E+01,  8.57922500373545E+01
 1.97941666700000E+03,  1.65061824981118E-01,  3.67500000000000E-01, -6.35672449170501E-03,  2.14750000000006E+02,  8.16982040323824E+01,  9.66866218626661E+01
 1.97950000000000E+03,  1.73203637836209E-01,  2.65000000000000E-01, -3.73368304275048E-03,  2.14930000000006E+02,  9.36857510590003E+01,  1.40161426209202E+02
 1.97958333300000E+03,  1.89245555214284E-01,  1.35000000000000E-01, -7.75114421379336E-04,  2.15110000000006E+02,  1.07769687187201E+02,  1.74515319772639E+02
 1.97966666700000E+03,  2.11514783952021E-01,  9.50000000000000E-02,  2.50342883245845E-03,  2.15290000000006E+02,  1.10726391749796E+02,  1.82733751241100E+02
 1.97975000000000E+03,  2.34475123636428E-01,  1.02500000000000E-01,  6.79445301117320E-03,  2.15470000000006E+02,  1.09385865391043E+02,  1.84937133655086E+02
 1.97983333300000E+03,  2.51416729702350E-01,  1.45000000000000E-01,  1.07168022297140E-02,  2.15650000000006E+02,  1.08202352440491E+02,  1.51786542685497E+02
 1.97991666700000E+03,  2.58523263284023E-01,  2.57500000000000E-01,  1.49066114155360E-02,  2.15830000000006E+02,  9.13756906396307E+01,  9.02887995245511E+01
 1.98000000000000E+03,  2.54574018512950E-01,  3.67500000000000E-01,  1.93466679443985E-02,  2.16010000000006E+02,  6.77430786129448E+01,  5.83968986281623E+01
 1.98008333300000E+03,  2.40012506670417E-01,  3.47500000000000E-01,  2.40194861625754E-02,  2.16190000000006E+02,  5.65972197676660E+01,  7.89516396778344E+01
 1.98016666700000E+03,  1.82456624097979E-01,  3.27500000000000E-01,  2.89073539462807E-02,  2.16370000000006E+02,  5.04168344412247E+01,  1.07428918669242E+02
 1.98025000000000E+03,  9.90415726435578E-02,  5.00000000000000E-01,  2.05196818067190E-01,  2.16550000000006E+02,  4.49456488294779E+01,  1.04883475541796E+02
 1.98033333300000E+03,  7.57420306097217E-02,  6.12500000000000E-01,  2.07085151281643E-01,  2.16730000000006E+02,  5.33894220150333E+01,  1.11720273899214E+02
 1.98041666700000E+03,  1.00356167650181E-01,  4.60000000000000E-01,  2.08693615723782E-01,  2.16910000000006E+02,  6.83453897281620E+01,  1.18938653483631E+02
 1.98050000000000E+03,  1.25653316290907E-01,  2.85000000000000E-01,  2.10018817767022E-01,  2.17090000000006E+02,  7.29816578940583E+01,  8.51862029487349E+01
 1.98058333300000E+03,  1.51950974768684E-01,  2.45000000000000E-01,  2.11057949231166E-01,  2.17270000000006E+02,  8.86632157675856E+01,  5.95545021214850E+01
 1.98066666700000E+03,  1.74333054426226E-01,  1.90000000000000E-01,  2.11808780392246E-01,  2.17450000000006E+02,  1.37440809492701E+02,  6.77066522326865E+01
 1.98075000000000E+03,  1.90542844794269E-01,  8.50000000000000E-02,  2.11562218809040E-01,  2.17630000000006E+02,  1.76106535610577E+02,  8.49924196386645E+01
 1.98083333300000E+03,  2.03970250929062E-01,  2.25000000000000E-02,  2.12131538280915E-01,  2.17810000000006E+02,  1.74025341842148E+02,  9.69735764219992E+01
 1.98091666700000E+03,  2.10803038161690E-01,  6.50000000000000E-02,  2.12410145439716E-01,  2.17990000000006E+02,  1.81184247707961E+02,  1.24618184140893E+02
 1.98100000000000E+03,  2.07126950749476E-01,  1.70000000000000E-01,  2.12397289665303E-01,  2.18170000000006E+02,  2.04595309265654E+02,  2.31752553664515E+02
 1.98108333300000E+03,  1.92548826852187E-01,  2.97500000000000E-01,  2.12092765700679E-01,  2.18350000000006E+02,  1.93959601981515E+02,  3.61195678789234E+02
 1.98116666700000E+03,  1.80822579750804E-01,  4.25000000000000E-01,  2.11496902595942E-01,  2.18530000000006E+02,  1.71995638198932E+02,  3.91050412526519E+02
 1.98125000000000E+03,  1.85713510568166E-01,  4.10000000000000E-01, -5.29583107930788E-03,  2.18710000000006E+02,  1.69131314078690E+02,  3.69294868867728E+02
 1.98133333300000E+03,  1.93894257360184E-01,  3.10000000000000E-01, -2.52986876191469E-03,  2.18890000000006E+02,  1.54042511943044E+02,  3.45758207097777E+02
 1.98141666700000E+03,  2.00526415059317E-01,  2.17500000000000E-01,  5.65143009590978E-04,  2.19070000000006E+02,  1.22638285262454E+02,  2.76107135304670E+02
 1.98150000000000E+03,  2.13186651446104E-01,  1.42500000000000E-01,  3.97344704472579E-03,  2.19250000000006E+02,  9.14094674507457E+01,  2.18731294340051E+02
 1.98158333300000E+03,  2.31460391715981E-01,  1.17500000000000E-01,  7.67883358746651E-03,  2.19430000000006E+02,  6.99337428487168E+01,  2.53000113816221E+02
 1.98166666700000E+03,  2.52033978655032E-01,  1.02500000000000E-01,  1.16646883938296E-02,  2.19610000000006E+02,  8.99822470883994E+01,  3.45928110937762E+02
 1.98175000000000E+03,  2.67540267876140E-01,  8.75000000000000E-02,  1.86496108586274E-02,  2.19790000000006E+02,  1.45446177544773E+02,  4.24255462132552E+02
 1.98183333300000E+03,  2.69500904319930E-01,  1.42500000000000E-01,  2.32878484503851E-02,  2.19970000000006E+02,  1.81829786911216E+02,  4.24544457011685E+02
 1.98191666700000E+03,  2.54021369615822E-01,  2.15000000000000E-01,  2.81438670781887E-02,  2.20150000000006E+02,  2.02796053890023E+02,  3.52375748663478E+02
 1.98200000000000E+03,  2.21101671784049E-01,  1.45000000000000E-01,  3.31997988098180E-02,  2.20330000000006E+02,  2.43962789007947E+02,  2.66032904099964E+02
 1.98208333300000E+03,  1.73378585093804E-01, -5.00000000000000E-03,  3.84376334062553E-02,  2.20510000000006E+02,  2.57475368079982E+02,  1.78217711477557E+02
 1.98216666700000E+03,  5.74050532539794E-02, -9.25000000000000E-02,  4.38392627476025E-02,  2.20690000000006E+02,  2.34198378308097E+02,  1.24715556290361E+02
 1.98225000000000E+03, -8.03017123688926E-02, -1.05000000000000E-01,  4.66203128326851E-01,  2.20870000000006E+02,  2.97221790485137E+02,  1.91293995956997E+02
 1.98233333300000E+03, -9.03316774861572E-02, -9.25000000000000E-02,  4.55392752415749E-01,  2.21050000000006E+02,  4.24311667271291E+02,  3.42348637270328E+02
 1.98241666700000E+03, -4.15721122810976E-02, -1.50000000000000E-01,  4.44197971077146E-01,  2.21230000000006E+02,  4.47410379082428E+02,  4.44485787239490E+02
 1.98250000000000E+03, -4.94411421079406E-02, -2.47500000000000E-01,  4.32646539729348E-01,  2.21410000000006E+02,  4.08092248210835E+02,  4.81119709015743E+02
 1.98258333300000E+03, -9.93082241726613E-02, -2.87500000000000E-01,  4.20767038979715E-01,  2.21590000000006E+02,  3.97043266918617E+02,  4.89845094861764E+02
 1.98266666700000E+03, -1.48643219242372E-01, -3.00000000000000E-01,  4.08588762105747E-01,  2.21770000000006E+02,  3.03293469128088E+02,  4.00716816589903E+02
 1.98275000000000E+03, -1.73290717839320E-01, -3.55000000000000E-01,  4.05904610931275E-01,  2.21950000000006E+02,  1.32514875845539E+02,  2.34963071256844E+02
 1.98283333300000E+03, -1.80564774199510E-01, -4.40000000000000E-01,  3.93403003325239E-01,  2.22130000000006E+02,  8.61591534048102E+01,  2.03036224309767E+02
 1.98291666700000E+03, -1.57489021813126E-01, -4.55000000000000E-01,  3.80669556092971E-01,  2.22310000000006E+02,  1.63517305047000E+02,  3.57597948053900E+02
 1.98300000000000E+03, -1.02130243076163E-01, -3.10000000000000E-01,  3.67735100160880E-01,  2.22490000000006E+02,  2.27540981129549E+02,  5.75874385960390E+02
 1.98308333300000E+03, -4.75556181804188E-02,  1.00000000000000E-02,  3.54630714244709E-01,  2.22670000000006E+02,  3.60924509112325E+02,  8.99632049481119E+02
 1.98316666700000E+03, -2.34023383916594E-02,  3.27500000000000E-01,  3.41387618840491E-01,  2.22850000000006E+02,  5.83999181471267E+02,  1.31247808322198E+03
 1.98325000000000E+03, -4.62962663962654E-02,  3.77500000000000E-01,  4.30312379994751E-01,  2.23030000000006E+02,  7.00278007963989E+02,  1.52638320105140E+03
 1.98333333300000E+03, -1.11534787973387E-01,  2.85000000000000E-01,  4.18371188483568E-01,  2.23210000000006E+02,  7.65287171866601E+02,  1.49813520136581E+03
 1.98341666700000E+03, -1.81094986536894E-01,  2.75000000000000E-01,  4.06137113722625E-01,  2.23390000000006E+02,  8.64029865195979E+02,  1.42286111484937E+03
 1.98350000000000E+03, -2.10635916909769E-01,  2.05000000000000E-01,  3.93640155635463E-01,  2.23570000000006E+02,  8.01111908073597E+02,  1.23059113315407E+03
 1.98358333300000E+03, -1.82430784918002E-01,  1.75000000000000E-02,  3.80910781639704E-01,  2.23750000000006E+02,  6.45639895262908E+02,  9.25376211972828E+02
 1.98366666700000E+03, -1.36160396917714E-01, -1.25000000000000E-01,  3.67979816977533E-01,  2.23930000000006E+02,  5.86675302756979E+02,  7.59780967222575E+02
 1.98375000000000E+03, -1.00391218635155E-01, -1.07500000000000E-01,  3.72222309765723E-01,  2.24110000000006E+02,  4.87768308920637E+02,  7.08267641071651E+02
 1.98383333300000E+03, -4.81290827276677E-02,  4.50000000000000E-02,  3.59173078656171E-01,  2.24290000000006E+02,  3.28212059132889E+02,  5.83105852637589E+02
 1.98391666700000E+03, -5.27049119534820E-04,  1.15000000000000E-01,  3.45974347740181E-01,  2.24470000000006E+02,  2.39421582961042E+02,  4.36988285253792E+02
 1.98400000000000E+03,  8.31010420839114E-03, -1.75000000000000E-02,  3.32657374000230E-01,  2.24650000000006E+02,  1.84700845325657E+02,  3.68953790516102E+02
 1.98408333300000E+03,  2.20154265848232E-03, -1.37500000000000E-01,  3.19253385952135E-01,  2.24830000000006E+02,  1.35562645476689E+02,  3.16102336901124E+02
 1.98416666700000E+03, -2.75268762988135E-02, -1.47500000000000E-01,  3.05793484334836E-01,  2.25010000000006E+02,  1.12791062920590E+02,  2.22327724027740E+02
 1.98425000000000E+03, -1.05233995547449E-01, -1.60000000000000E-01,  6.47117080791050E-02,  2.25190000000006E+02,  1.08012076254383E+02,  1.55296253457453E+02
 1.98433333300000E+03, -1.84022029615012E-01, -2.20000000000000E-01,  7.06373198972005E-02,  2.25370000000006E+02,  1.09480972214862E+02,  1.39753692409884E+02
 1.98441666700000E+03, -2.31410323572255E-01, -3.12500000000000E-01,  7.66244302141800E-02,  2.25550000000006E+02,  1.07105875424706E+02,  1.07775993954930E+02
 1.98450000000000E+03, -2.54132294522124E-01, -3.37500000000000E-01,  8.26553361705970E-02,  2.25730000000006E+02,  1.40566181736685E+02,  6.89163882047796E+01
 1.98458333300000E+03, -2.51268390066148E-01, -2.87500000000000E-01,  8.87125412462945E-02,  2.25910000000006E+02,  1.93217214194917E+02,  6.80719488960275E+01
 1.98466666700000E+03, -2.35463947495725E-01, -3.12500000000000E-01,  9.47787893912777E-02,  2.26090000000006E+02,  1.97820006520661E+02,  7.94868723324099E+01
 1.98475000000000E+03, -2.24761913555868E-01, -4.20000000000000E-01,  8.34253315474685E-02,  2.26270000000006E+02,  1.95767010449053E+02,  8.74671105226168E+01
 1.98483333300000E+03, -2.17843239741932E-01, -4.77500000000000E-01,  8.94846409745505E-02,  2.26450000000006E+02,  2.00288993227082E+02,  1.06897852250924E+02
 1.98491666700000E+03, -2.03859355860592E-01, -4.72500000000000E-01,  9.55508156773775E-02,  2.26630000000006E+02,  1.56663263534068E+02,  1.40554298032153E+02
 1.98500000000000E+03, -1.80280763742001E-01, -4.32500000000000E-01,  1.01606909804465E-01,  2.26810000000006E+02,  1.05774555821418E+02,  1.88697392114192E+02
 1.98508333300000E+03, -1.49105538985246E-01, -4.47500000000000E-01,  1.07636285728708E-01,  2.26990000000006E+02,  1.24854711192143E+02,  2.95526066961155E+02
 1.98516666700000E+03, -9.49501050560460E-02, -5.65000000000000E-01,  1.13622643548559E-01,  2.27170000000006E+02,  1.87647145313585E+02,  4.57899169918355E+02
 1.98525000000000E+03, -5.92959077707426E-02, -6.55000000000000E-01,  1.97078701960960E-01,  2.27350000000006E+02,  2.01999411271819E+02,  5.25987696615597E+02
 1.98533333300000E+03, -9.54317264922983E-02, -5.87500000000000E-01,  1.84494543731298E-01,  2.27530000000006E+02,  1.83401689765356E+02,  4.85423962993266E+02
 1.98541666700000E+03, -1.24727568676991E-01, -3.37500000000000E-01,  1.72144118631367E-01,  2.27710000000006E+02,  1.96768403370367E+02,  4.71021678590392E+02
 1.98550000000000E+03, -9.28467146648290E-02, -1.20000000000000E-01,  1.60051360640195E-01,  2.27890000000006E+02,  1.80155893148773E+02,  4.12318856671647E+02
 1.98558333300000E+03, -4.20963008364797E-02, -9.25000000000000E-02,  1.48239161797708E-01,  2.28070000000006E+02,  1.17212098555941E+02,  2.57252344120956E+02
 1.98566666700000E+03, -4.59474407605147E-02, -1.35000000000000E-01,  1.36729325654956E-01,  2.28250000000006E+02,  9.33984326844090E+01,  1.61847936997339E+02
 1.98575000000000E+03, -1.23965038827566E-01, -1.30000000000000E-01,  1.05702640252056E-01,  2.28430000000006E+02,  8.92350421238723E+01,  1.38422120575687E+02
 1.98583333300000E+03, -1.89595091882080E-01, -1.37500000000000E-01,  9.55416805017274E-02,  2.28610000000006E+02,  6.79980777251393E+01,  8.52073430811445E+01
 1.98591666700000E+03, -2.00972344184418E-01, -3.00000000000000E-01,  8.57722604166494E-02,  2.28790000000006E+02,  7.14658636993772E+01,  3.51469960242781E+01
 1.98600000000000E+03, -1.71678542550724E-01, -5.30000000000000E-01,  7.64091129733243E-02,  2.28970000000006E+02,  9.52095895717216E+01,  2.62952848381609E+01
 1.98608333300000E+03, -1.05915672187034E-01, -6.22500000000000E-01,  6.74656846849994E-02,  2.29150000000006E+02,  1.10252050410651E+02,  2.74110301744527E+01
 1.98616666700000E+03, -1.08167192637960E-01, -6.22500000000000E-01,  5.89541238251584E-02,  2.29330000000006E+02,  1.22992259498432E+02,  2.53832543720799E+01
 1.98625000000000E+03, -2.30115317616444E-01, -6.07500000000000E-01,  8.31085001347919E-01,  2.29510000000006E+02,  1.21806048026112E+02,  1.87586060584887E+01
 1.98633333300000E+03, -2.91448807436815E-01, -5.77500000000000E-01,  8.15195342248877E-01,  2.29690000000006E+02,  1.02735841975924E+02,  1.09279084353529E+01
 1.98641666700000E+03, -1.98617280164672E-01, -5.25000000000000E-01,  7.98813029013285E-01,  2.29870000000006E+02,  1.15198874982064E+02,  1.16176143900893E+01
 1.98650000000000E+03, -5.50674595633516E-02, -4.40000000000000E-01,  7.82010544151170E-01,  2.30050000000006E+02,  1.76959745334234E+02,  2.96814937619839E+01
 1.98658333300000E+03,  9.90872320606216E-03, -2.90000000000000E-01,  7.64861577879449E-01,  2.30230000000006E+02,  2.25967130489515E+02,  6.41522702502729E+01
 1.98666666700000E+03, -7.89198645155497E-02, -1.32500000000000E-01,  7.47440586315585E-01,  2.30410000000006E+02,  2.31940268737827E+02,  1.02199853766218E+02
 1.98675000000000E+03, -2.62037047961550E-01, -2.40000000000000E-01,  7.28041805430165E-01,  2.30590000000006E+02,  2.32380781969349E+02,  1.48221480326722E+02
 1.98683333300000E+03, -3.88993757017767E-01, -5.22500000000000E-01,  7.10292822682054E-01,  2.30770000000006E+02,  2.14955794709233E+02,  2.04461199713088E+02
 1.98691666700000E+03, -3.71247388627050E-01, -5.75000000000000E-01,  6.92502903557043E-01,  2.30950000000006E+02,  1.50090360986347E+02,  2.72779704826638E+02
 1.98700000000000E+03, -2.43639423339975E-01, -3.75000000000000E-01,  6.74745216738407E-01,  2.31130000000006E+02,  1.03050460768097E+02,  3.52469087356398E+02
 1.98708333300000E+03, -9.75116003469005E-02, -1.10000000000000E-01,  6.57091603679292E-01,  2.31310000000006E+02,  1.06274533317266E+02,  4.00226622915851E+02
 1.98716666700000E+03, -2.75771794882873E-02,  1.50000000000000E-01,  6.39612214225998E-01,  2.31490000000006E+02,  1.14687450901773E+02,  4.55220794452767E+02
 1.98725000000000E+03, -2.04411056346399E-02,  3.12500000000000E-01,  6.52952530794915E-01,  2.31670000000006E+02,  1.64065344941615E+02,  6.26488182384972E+02
 1.98733333300000E+03,  3.04465573401278E-02,  4.22500000000000E-01,  6.35524219260623E-01,  2.31850000000006E+02,  2.57085715596683E+02,  8.02063220590531E+02
 1.98741666700000E+03,  1.40828941006283E-01,  5.22500000000000E-01,  6.18353969681201E-01,  2.32030000000006E+02,  2.89184625392201E+02,  8.05657221900910E+02
 1.98750000000000E+03,  2.85343359275670E-01,  5.35000000000000E-01,  6.01506931465866E-01,  2.32210000000006E+02,  2.69618217269629E+02,  7.31466066508922E+02
 1.98758333300000E+03,  4.33895565568046E-01,  5.00000000000000E-01,  5.85045520818453E-01,  2.32390000000006E+02,  2.50046504041674E+02,  6.47709525595286E+02
 1.98766666700000E+03,  5.05878806043381E-01,  4.52500000000000E-01,  5.69029145614998E-01,  2.32570000000006E+02,  1.91113456211865E+02,  4.46962625050376E+02
 1.98775000000000E+03,  5.17374326229701E-01,  4.15000000000000E-01,  5.86315680596588E-01,  2.32750000000006E+02,  1.11595855359701E+02,  2.02389509441564E+02
 1.98783333300000E+03,  5.25772708991203E-01,  4.22500000000000E-01,  5.70262489012759E-01,  2.32930000000006E+02,  6.79996480160227E+01,  9.77342132273398E+01
 1.98791666700000E+03,  4.46133099858590E-01,  3.87500000000000E-01,  5.54706219225051E-01,  2.33110000000006E+02,  6.50092404318268E+01,  1.04508757342863E+02
 1.98800000000000E+03,  2.28352454048485E-01,  2.00000000000000E-01,  5.39699812269018E-01,  2.33290000000006E+02,  8.67647146070717E+01,  9.54292830033418E+01
 1.98808333300000E+03, -3.65308329457506E-02,  9.50000000000000E-02,  5.25292534760639E-01,  2.33470000000006E+02,  9.84775126519192E+01,  6.52103404612349E+01
 1.98816666700000E+03, -4.61934312595699E-02,  2.25000000000000E-01,  5.11529799654199E-01,  2.33650000000006E+02,  9.82607354643359E+01,  5.75096039190784E+01
 1.98825000000000E+03,  2.24648927134807E-01,  3.30000000000000E-01,  5.51275434942073E-01,  2.33830000000006E+02,  1.03188393796316E+02,  7.60769734192280E+01
 1.98833333300000E+03,  3.24469739736614E-01,  3.25000000000000E-01,  5.45968818983715E-01,  2.34010000000006E+02,  1.09895021932732E+02,  1.20522633267264E+02
 1.98841666700000E+03,  2.11621313239376E-01,  3.10000000000000E-01,  5.40062089130022E-01,  2.34190000000006E+02,  1.37511175702482E+02,  1.61691930677541E+02
 1.98850000000000E+03,  8.53448154430098E-02,  2.27500000000000E-01,  5.33567482778322E-01,  2.34370000000006E+02,  1.54623961676625E+02,  1.71798403761518E+02
 1.98858333300000E+03, -4.15274076887238E-02,  9.75000000000000E-02,  5.26499176804415E-01,  2.34550000000006E+02,  1.26437291609941E+02,  1.73709630890466E+02
 1.98866666700000E+03, -8.68596534338179E-02, -1.25000000000000E-02,  5.18873197576466E-01,  2.34730000000006E+02,  1.26749273161627E+02,  1.71013034551105E+02
 1.98875000000000E+03, -5.76336252474556E-02, -1.42500000000000E-01,  5.27879122971293E-01,  2.34910000000006E+02,  1.63404013593139E+02,  1.57499844744265E+02
 1.98883333300000E+03, -1.08935706417080E-01, -2.22500000000000E-01,  5.20357293068499E-01,  2.35090000000006E+02,  1.71985172612765E+02,  1.68572357445584E+02
 1.98891666700000E+03, -2.24683960228674E-01, -2.77500000000000E-01,  5.12292078669224E-01,  2.35270000000006E+02,  1.95899852210120E+02,  2.43014683949690E+02
 1.98900000000000E+03, -3.03450950866304E-01, -3.87500000000000E-01,  5.03702612345626E-01,  2.35450000000006E+02,  2.62074462618893E+02,  3.57297027032817E+02
 1.98908333300000E+03, -3.24172047517744E-01, -5.10000000000000E-01,  4.94609601092664E-01,  2.35630000000006E+02,  2.89497370331580E+02,  4.49839696467760E+02
 1.98916666700000E+03, -2.55282002788207E-01, -6.72500000000000E-01,  4.85035222109767E-01,  2.35810000000006E+02,  2.55296726813607E+02,  5.73661823587921E+02
 1.98925000000000E+03, -1.38846474055338E-01, -7.75000000000000E-01,  4.08117189017328E-01,  2.35990000000006E+02,  2.27300573111333E+02,  7.78113915457935E+02
 1.98933333300000E+03, -7.66392533277530E-02, -5.95000000000000E-01,  4.11744395917220E-01,  2.36170000000006E+02,  2.29905666202881E+02,  8.90320840984623E+02
 1.98941666700000E+03, -5.56541190007535E-02, -1.87500000000000E-01,  4.15922041670697E-01,  2.36350000000006E+02,  2.37090451570627E+02,  8.29557573945793E+02
 1.98950000000000E+03, -2.55453057572000E-02,  1.80000000000000E-01,  4.20607190163807E-01,  2.36530000000006E+02,  2.64390735486052E+02,  7.29984218240819E+02
 1.98958333300000E+03,  1.34503255730396E-02,  2.72500000000000E-01,  4.25755320691338E-01,  2.36710000000006E+02,  3.31309617792343E+02,  5.90271186394982E+02
 1.98966666700000E+03,  5.41754054736209E-02,  1.57500000000000E-01,  4.31320562734277E-01,  2.36890000000006E+02,  3.93238053364045E+02,  4.02370763892008E+02
 1.98975000000000E+03,  7.89443119317713E-02,  6.50000000000000E-02,  4.43189973025957E-01,  2.37070000000006E+02,  4.02810495890437E+02,  2.96257110611980E+02
 1.98983333300000E+03,  7.28792564118587E-02,  6.50000000000000E-02,  4.49708664859858E-01,  2.37250000000006E+02,  3.69803988485705E+02,  2.78255472827352E+02
 1.98991666700000E+03,  3.61461705381831E-02,  8.00000000000000E-02,  4.56454642530015E-01,  2.37430000000006E+02,  3.27509000221694E+02,  2.74387820924199E+02
 1.99000000000000E+03, -2.58456959478118E-02, -1.00000000000000E-02,  4.63378774361912E-01,  2.37610000000006E+02,  2.68315238210971E+02,  2.44364555212195E+02
 1.99008333300000E+03, -1.12192154800107E-01, -8.00000000000000E-02,  4.70431939148350E-01,  2.37790000000007E+02,  1.78604499169558E+02,  1.80718908543018E+02
 1.99016666700000E+03, -1.91249461861272E-01, -3.00000000000000E-02,  4.77565239626114E-01,  2.37970000000007E+02,  1.06840071113671E+02,  1.69841252788747E+02
 1.99025000000000E+03, -2.14497639475650E-01,  5.25000000000000E-02,  7.32386339307295E-01,  2.38150000000007E+02,  7.33760431243012E+01,  2.19976597660875E+02
 1.99033333300000E+03, -1.88658399882602E-01,  7.50000000000000E-02,  7.34681941955620E-01,  2.38330000000007E+02,  4.77908955566768E+01,  2.43031058917046E+02
 1.99041666700000E+03, -1.39561379440627E-01,  3.75000000000000E-02,  7.38189105588132E-01,  2.38510000000007E+02,  4.37771109430408E+01,  2.55602307820325E+02
 1.99050000000000E+03, -7.23686179555002E-02,  1.00000000000000E-01,  7.42846404215166E-01,  2.38690000000007E+02,  7.12273167923088E+01,  2.45215489589526E+02
 1.99058333300000E+03,  3.20485466810096E-03,  2.65000000000000E-01,  7.48584605954993E-01,  2.38870000000007E+02,  1.42324634770702E+02,  1.81256759247821E+02
 1.99066666700000E+03,  7.13682493700553E-02,  3.77500000000000E-01,  7.55327351073530E-01,  2.39050000000007E+02,  2.88050582548096E+02,  1.72252774458968E+02
 1.99075000000000E+03,  1.17737723561301E-01,  3.87500000000000E-01,  7.61688604505534E-01,  2.39230000000007E+02,  4.40493093408815E+02,  2.26559776325571E+02
 1.99083333300000E+03,  1.25714182450257E-01,  3.10000000000000E-01,  7.70057396520371E-01,  2.39410000000007E+02,  5.25293771984875E+02,  2.53550103734072E+02
 1.99091666700000E+03,  8.08926370030714E-02,  1.32500000000000E-01,  7.79181623807952E-01,  2.39590000000007E+02,  5.40746483358045E+02,  2.67980794691165E+02
 1.99100000000000E+03, -1.19053859521378E-02, -5.50000000000000E-02,  7.88964435855080E-01,  2.39770000000007E+02,  4.68600204827506E+02,  2.56926417615338E+02
 1.99108333300000E+03, -1.25561535069412E-01, -1.45000000000000E-01,  7.99305526488719E-01,  2.39950000000007E+02,  3.66983928348052E+02,  2.55609890309031E+02
 1.99116666700000E+03, -1.83334244569758E-01, -2.35000000000000E-01,  8.10101930532506E-01,  2.40130000000007E+02,  3.19742209830221E+02,  3.82871556515125E+02
 1.99125000000000E+03, -1.70512817449887E-01, -3.55000000000000E-01,  7.37166726168189E-01,  2.40310000000007E+02,  2.98880720421952E+02,  5.80321679523358E+02
 1.99133333300000E+03, -1.78164005005270E-01, -4.15000000000000E-01,  7.33847178259213E-01,  2.40490000000007E+02,  3.04491136762328E+02,  7.50431419081246E+02
 1.99141666700000E+03, -2.08207025488518E-01, -4.17500000000000E-01,  7.31899239668560E-01,  2.40670000000007E+02,  3.24237585300576E+02,  8.40403054439887E+02
 1.99150000000000E+03, -2.14834664892226E-01, -3.75000000000000E-01,  7.31301012257210E-01,  2.40850000000007E+02,  2.81379886555348E+02,  7.56029793481899E+02
 1.99158333300000E+03, -1.97790345152118E-01, -2.77500000000000E-01,  7.32020469954213E-01,  2.41030000000007E+02,  2.14519341629504E+02,  5.76049832677707E+02
 1.99166666700000E+03, -1.71031127561364E-01, -1.70000000000000E-01,  7.34015911090500E-01,  2.41210000000007E+02,  1.83125959209965E+02,  4.16570358474460E+02
 1.99175000000000E+03, -1.43116933892019E-01, -1.27500000000000E-01,  7.33704199081618E-01,  2.41390000000007E+02,  1.83894443352408E+02,  3.16800247253585E+02
 1.99183333300000E+03, -9.91333066612153E-02, -1.47500000000000E-01,  7.36777557750400E-01,  2.41570000000007E+02,  2.42515287913772E+02,  4.35379868066154E+02
 1.99191666700000E+03, -3.87852254444733E-02, -1.27500000000000E-01,  7.41024321210558E-01,  2.41750000000007E+02,  3.20334700262635E+02,  6.87569405751946E+02
 1.99200000000000E+03,  2.50365517086018E-02, -3.50000000000000E-02,  7.46378019195111E-01,  2.41930000000007E+02,  3.48756623297948E+02,  7.69000637254772E+02
 1.99208333300000E+03,  8.25446260674425E-02, -2.50000000000000E-02,  7.52764802531130E-01,  2.42110000000007E+02,  3.39579325342667E+02,  7.19542852258103E+02
 1.99216666700000E+03,  1.49135774277397E-01, -1.52500000000000E-01,  7.60104145014436E-01,  2.42290000000007E+02,  2.96842064838370E+02,  6.33857181804476E+02
 1.99225000000000E+03,  1.81283717032529E-01, -2.35000000000000E-01,  8.70467458496685E-01,  2.42470000000007E+02,  2.22345845868741E+02,  4.32971157070341E+02
 1.99233333300000E+03,  8.14632785120535E-02, -1.90000000000000E-01,  8.56229362377683E-01,  2.42650000000007E+02,  1.47774260664550E+02,  1.96679958602507E+02
 1.99241666700000E+03, -9.53801771560102E-02, -1.02500000000000E-01,  8.41314867438106E-01,  2.42830000000007E+02,  8.91635182489974E+01,  7.32648783155249E+01
 1.99250000000000E+03, -2.10641407549728E-01, -9.00000000000000E-02,  8.25791056668888E-01,  2.43010000000007E+02,  6.10787307170040E+01,  7.81308826247430E+01
 1.99258333300000E+03, -1.92239440273541E-01, -1.70000000000000E-01,  8.09727413805027E-01,  2.43190000000007E+02,  5.54242039186530E+01,  1.09961802577281E+02
 1.99266666700000E+03, -9.72297495274136E-02, -1.77500000000000E-01,  7.93195374467131E-01,  2.43370000000007E+02,  4.66655476513176E+01,  9.63596424189927E+01
 1.99275000000000E+03, -1.80992642474611E-03, -1.57500000000000E-01,  7.92650426120804E-01,  2.43550000000007E+02,  5.67564986842241E+01,  1.01383332143692E+02
 1.99283333300000E+03,  9.34058484482853E-02, -2.22500000000000E-01,  7.75711300806225E-01,  2.43730000000007E+02,  1.14166768461038E+02,  1.40898330386258E+02
 1.99291666700000E+03,  1.00273941238593E-01, -2.52500000000000E-01,  7.58453135833306E-01,  2.43910000000007E+02,  1.77267107135192E+02,  1.67591736712578E+02
 1.99300000000000E+03, -4.26888539510557E-02, -2.45000000000000E-01,  7.40950559896884E-01,  2.44090000000007E+02,  2.00166449270021E+02,  2.07173265245458E+02
 1.99308333300000E+03, -2.34640092914370E-01, -2.45000000000000E-01,  7.23278374848030E-01,  2.44270000000007E+02,  2.46750317901481E+02,  3.26273666388809E+02
 1.99316666700000E+03, -2.35921810280222E-01, -1.95000000000000E-01,  7.05511134891208E-01,  2.44450000000007E+02,  3.57536538025739E+02,  5.86966561667313E+02
 1.99325000000000E+03, -8.07482987883582E-02, -1.02500000000000E-01,  8.54290530295295E-01,  2.44630000000007E+02,  4.27557273901126E+02,  8.73010745223268E+02
 1.99333333300000E+03, -9.57092448825261E-02, -2.00000000000000E-02,  8.39291384376744E-01,  2.44810000000007E+02,  4.32894889006706E+02,  9.83848068390841E+02
 1.99341666700000E+03, -1.99485487630127E-01, -1.75000000000000E-02,  8.23692001475439E-01,  2.44990000000007E+02,  4.47628112203578E+02,  9.63546567818286E+02
 1.99350000000000E+03, -1.67221209485060E-01, -9.50000000000000E-02,  8.07562149781200E-01,  2.45170000000007E+02,  4.15021251740851E+02,  8.56138486251768E+02
 1.99358333300000E+03, -2.76648774293308E-02, -1.27500000000000E-01,  7.90973489867463E-01,  2.45350000000007E+02,  2.83300223125900E+02,  5.97876855339598E+02
 1.99366666700000E+03,  6.85842199455491E-02, -1.20000000000000E-01,  7.73999126548406E-01,  2.45530000000007E+02,  1.51833066534673E+02,  3.35228033970681E+02
 1.99375000000000E+03, -9.27279744650965E-03, -1.80000000000000E-01,  7.43805914070497E-01,  2.45710000000007E+02,  1.22034882334918E+02,  2.40340997142201E+02
 1.99383333300000E+03, -1.89402361631962E-01, -3.05000000000000E-01,  7.26156186652867E-01,  2.45890000000007E+02,  1.95855721443414E+02,  2.90753466827458E+02
 1.99391666700000E+03, -3.05332119521087E-01, -4.37500000000000E-01,  7.08399333155472E-01,  2.46070000000007E+02,  2.83947311043637E+02,  3.76449784522879E+02
 1.99400000000000E+03, -2.78171360667764E-01, -5.50000000000000E-01,  6.90609385566173E-01,  2.46250000000007E+02,  3.23185808741309E+02,  3.84017097741556E+02
 1.99408333300000E+03, -1.47625128857879E-01, -6.02500000000000E-01,  6.72859389127662E-01,  2.46430000000007E+02,  3.31900479988485E+02,  3.65373640236668E+02
 1.99416666700000E+03, -2.49709025697775E-02, -5.67500000000000E-01,  6.55221022192834E-01,  2.46610000000007E+02,  3.08764593419990E+02,  4.61988314524682E+02
 1.99425000000000E+03, -5.25070772710110E-03, -5.05000000000000E-01,  7.86450595442001E-01,  2.46790000000007E+02,  2.96286975912991E+02,  6.75214384966003E+02
 1.99433333300000E+03, -8.26403018424839E-02, -4.72500000000000E-01,  7.96661044704340E-01,  2.46970000000007E+02,  3.64226549596845E+02,  9.63175425948702E+02
 1.99441666700000E+03, -1.72434883165566E-01, -4.37500000000000E-01,  8.07352877649225E-01,  2.47150000000007E+02,  4.46495683656836E+02,  1.25345365937712E+03
 1.99450000000000E+03, -2.08965131894144E-01, -3.75000000000000E-01,  8.18421658998446E-01,  2.47330000000007E+02,  4.99081752900605E+02,  1.37453960699200E+03
 1.99458333300000E+03, -1.66736495070955E-01, -3.02500000000000E-01,  8.29761680698054E-01,  2.47510000000007E+02,  5.33045116590860E+02,  1.24413719529542E+03
 1.99466666700000E+03, -6.32766332043833E-02, -2.12500000000000E-01,  8.41266740699705E-01,  2.47690000000007E+02,  4.53401473404291E+02,  9.31187066209769E+02
 1.99475000000000E+03,  6.60629131605887E-02, -1.07500000000000E-01,  8.49254307448820E-01,  2.47870000000007E+02,  2.89666528525210E+02,  5.45174272111340E+02
 1.99483333300000E+03,  2.03139896456611E-01, -6.75000000000000E-02,  8.60797939354880E-01,  2.48050000000007E+02,  2.03989723373243E+02,  2.35273071550087E+02
 1.99491666700000E+03,  3.11180178371607E-01, -8.50000000000000E-02,  8.72224238423435E-01,  2.48230000000007E+02,  2.00154008778370E+02,  1.12745229201882E+02
 1.99500000000000E+03,  3.56204489595946E-01, -6.75000000000000E-02,  8.83431589135968E-01,  2.48410000000007E+02,  2.46994427060191E+02,  1.22694587761761E+02
 1.99508333300000E+03,  3.38623608667485E-01, -4.50000000000000E-02,  8.94321231017112E-01,  2.48590000000007E+02,  3.15998128405787E+02,  1.43291838925858E+02
 1.99516666700000E+03,  3.13855694229877E-01, -7.50000000000000E-03,  9.04797880143457E-01,  2.48770000000007E+02,  3.19521323611240E+02,  1.44706022231611E+02
 1.99525000000000E+03,  3.19077268115771E-01,  1.17500000000000E-01,  8.87959579051041E-01,  2.48950000000007E+02,  2.96599139349845E+02,  1.53275143784247E+02
 1.99533333300000E+03,  3.02794413000466E-01,  2.97500000000000E-01,  8.98690485097398E-01,  2.49130000000007E+02,  2.83452950172384E+02,  1.67805953713107E+02
 1.99541666700000E+03,  2.54091729489161E-01,  4.60000000000000E-01,  9.08970311303195E-01,  2.49310000000007E+02,  2.25563208722776E+02,  1.94358499403014E+02
 1.99550000000000E+03,  2.12653074377256E-01,  5.57500000000000E-01,  9.18709660836933E-01,  2.49490000000007E+02,  1.66752641795231E+02,  2.71444003844604E+02
 1.99558333300000E+03,  1.96149503825911E-01,  5.40000000000000E-01,  9.27823940183769E-01,  2.49670000000007E+02,  1.72451364425234E+02,  4.35672843858942E+02
 1.99566666700000E+03,  2.05538388944937E-01,  4.40000000000000E-01,  9.36233831548262E-01,  2.49850000000007E+02,  2.98498502002783E+02,  6.77148906988039E+02
 1.99575000000000E+03,  2.27117846719520E-01,  4.12500000000000E-01,  9.40734047058063E-01,  2.50030000000007E+02,  5.28404460855035E+02,  9.19048927552327E+02
 1.99583333300000E+03,  2.45427787052167E-01,  4.65000000000000E-01,  9.47886203801411E-01,  2.50210000000007E+02,  7.03341716949692E+02,  1.11577242709884E+03
 1.99591666700000E+03,  2.50413753770320E-01,  5.47500000000000E-01,  9.54156751383562E-01,  2.50390000000007E+02,  8.42702843031250E+02,  1.27480478011418E+03
 1.99600000000000E+03,  2.40447272201982E-01,  5.87500000000000E-01,  9.59488358293218E-01,  2.50570000000007E+02,  1.00435480958872E+03,  1.33323873607633E+03
 1.99608333300000E+03,  2.21933591531732E-01,  4.40000000000000E-01,  9.63830495318812E-01,  2.50750000000007E+02,  9.90580557104112E+02,  1.23920994579615E+03
 1.99616666700000E+03,  1.76857847843061E-01,  2.87500000000000E-01,  9.67139626067484E-01,  2.50930000000007E+02,  7.96804727063135E+02,  1.08531471920804E+03
 1.99625000000000E+03,  1.48520647434885E-01,  3.00000000000000E-01,  8.50886791203689E-01,  2.51110000000007E+02,  6.75922989805511E+02,  9.77950724769568E+02
 1.99633333300000E+03,  2.15522627579374E-01,  3.02500000000000E-01,  8.62420111512641E-01,  2.51290000000007E+02,  6.64333933969531E+02,  9.25239173581341E+02
 1.99641666700000E+03,  3.08482304567922E-01,  2.10000000000000E-01,  8.73821608437674E-01,  2.51470000000007E+02,  6.16221196023184E+02,  8.68607477151746E+02
 1.99650000000000E+03,  3.44322039867498E-01,  9.75000000000000E-02,  8.84990030309572E-01,  2.51650000000007E+02,  5.08723218922827E+02,  7.53353491589686E+02
 1.99658333300000E+03,  3.32935344680566E-01,  5.25000000000000E-02,  8.95827070561223E-01,  2.51830000000007E+02,  4.57409325099846E+02,  6.33408032252614E+02
 1.99666666700000E+03,  3.07711391534026E-01,  8.75000000000000E-02,  9.06237983701043E-01,  2.52010000000007E+02,  4.49681260847841E+02,  5.63243354122185E+02
 1.99675000000000E+03,  2.87167967112665E-01,  8.50000000000000E-02,  9.08206528884522E-01,  2.52190000000007E+02,  3.63227114723956E+02,  4.69523180327949E+02
 1.99683333300000E+03,  2.61512687785825E-01,  7.00000000000000E-02,  9.17990011008237E-01,  2.52370000000007E+02,  2.65241471276018E+02,  3.59233557147126E+02
 1.99691666700000E+03,  2.38483295336306E-01,  1.55000000000000E-01,  9.27154675704887E-01,  2.52550000000007E+02,  2.47005018251148E+02,  3.33098912854166E+02
 1.99700000000000E+03,  2.29748567486827E-01,  2.75000000000000E-01,  9.35620788504261E-01,  2.52730000000007E+02,  2.33388645144122E+02,  3.41000385509613E+02
 1.99708333300000E+03,  2.28683197966463E-01,  2.85000000000000E-01,  9.43314284117841E-01,  2.52910000000007E+02,  1.80311833153159E+02,  2.80197407007394E+02
 1.99716666700000E+03,  2.14773615799348E-01,  2.27500000000000E-01,  9.50167144397801E-01,  2.53090000000007E+02,  1.17074399982106E+02,  1.84950975423552E+02
 1.99725000000000E+03,  2.16866314358550E-01,  2.80000000000000E-01,  8.57444704940518E-01,  2.53270000000007E+02,  8.70611337515528E+01,  1.33922649389375E+02
 1.99733333300000E+03,  2.77740416970958E-01,  4.17500000000000E-01,  8.68915759662091E-01,  2.53450000000007E+02,  9.69652130027601E+01,  1.30435727687477E+02
 1.99741666700000E+03,  3.37181115927382E-01,  4.62500000000000E-01,  8.80197183941266E-01,  2.53630000000007E+02,  7.91802393626549E+01,  1.22412760743474E+02
 1.99750000000000E+03,  3.43352492962031E-01,  3.45000000000000E-01,  8.91189320242806E-01,  2.53810000000007E+02,  3.75682180690773E+01,  1.21886077104531E+02
 1.99758333300000E+03,  3.16620964479620E-01,  2.30000000000000E-01,  9.01795810687341E-01,  2.53990000000007E+02,  7.67785015315316E+01,  2.41991130543873E+02
 1.99766666700000E+03,  2.79936121654258E-01,  3.17500000000000E-01,  9.11924190131459E-01,  2.54170000000007E+02,  2.44484763746432E+02,  4.87429493208073E+02
 1.99775000000000E+03,  2.53566839459564E-01,  5.05000000000000E-01,  9.26682403774235E-01,  2.54350000000007E+02,  4.63416222706050E+02,  7.12971231654844E+02
 1.99783333300000E+03,  2.49044281835854E-01,  5.47500000000000E-01,  9.35187730854018E-01,  2.54530000000007E+02,  6.14511498565878E+02,  8.47249159776242E+02
 1.99791666700000E+03,  2.55764156267509E-01,  4.72500000000000E-01,  9.42924244928440E-01,  2.54710000000007E+02,  6.70299831123747E+02,  8.53433724306146E+02
 1.99800000000000E+03,  2.59331725433791E-01,  5.17500000000000E-01,  9.49823596313562E-01,  2.54890000000007E+02,  6.69101977038722E+02,  7.19537497455498E+02
 1.99808333300000E+03,  2.56354347087079E-01,  6.80000000000000E-01,  9.55823793488096E-01,  2.55070000000007E+02,  6.27402181070971E+02,  5.88609521332510E+02
 1.99816666700000E+03,  2.79798343528703E-01,  7.15000000000000E-01,  9.60869481649683E-01,  2.55250000000007E+02,  5.55329882489016E+02,  5.49745340123181E+02
 1.99825000000000E+03,  3.20994842301544E-01,  6.30000000000000E-01,  8.93802077381553E-01,  2.55430000000007E+02,  5.06682485553480E+02,  6.19915421071346E+02
 1.99833333300000E+03,  3.08033847328069E-01,  6.07500000000000E-01,  9.04300887259833E-01,  2.55610000000007E+02,  5.87560266759671E+02,  8.86142646281023E+02
 1.99841666700000E+03,  2.59808120627364E-01,  6.17500000000000E-01,  9.14299798776702E-01,  2.55790000000007E+02,  7.66286399524755E+02,  1.20899931666470E+03
 1.99850000000000E+03,  2.31899596782475E-01,  6.12500000000000E-01,  9.23711946162837E-01,  2.55970000000007E+02,  8.35761506914034E+02,  1.31616882720417E+03
 1.99858333300000E+03,  2.29245346263695E-01,  6.02500000000000E-01,  9.32455527863157E-01,  2.56150000000007E+02,  7.65782309695025E+02,  1.24688771275420E+03
 1.99866666700000E+03,  2.42366594269811E-01,  5.45000000000000E-01,  9.40454252993354E-01,  2.56330000000007E+02,  6.81552828646918E+02,  1.11226835772193E+03
 1.99875000000000E+03,  2.59407772792043E-01,  4.80000000000000E-01,  9.41277474829731E-01,  2.56510000000007E+02,  5.46296889900879E+02,  8.69348035090509E+02
 1.99883333300000E+03,  2.74038621984974E-01,  4.10000000000000E-01,  9.48368173087045E-01,  2.56690000000007E+02,  3.29648521050779E+02,  5.87147854794016E+02
 1.99891666700000E+03,  2.79843232269481E-01,  2.27500000000000E-01,  9.54572909123177E-01,  2.56870000000007E+02,  2.05894945034069E+02,  4.76362903333335E+02
 1.99900000000000E+03,  2.73542254575904E-01, -2.75000000000000E-02,  9.59834834037387E-01,  2.57050000000007E+02,  2.88920598950969E+02,  6.39153351463290E+02
 1.99908333300000E+03,  2.58948295056165E-01, -1.82500000000000E-01,  9.64103916677304E-01,  2.57230000000007E+02,  4.46318836897933E+02,  8.88124455694362E+02
 1.99916666700000E+03,  1.78512683903999E-01, -1.97500000000000E-01,  9.67337130450717E-01,  2.57410000000007E+02,  5.26990834776239E+02,  9.95645880778658E+02
 1.99925000000000E+03,  6.85009155144081E-02, -9.50000000000000E-02,  4.72125955436343E-01,  2.57590000000007E+02,  5.31261107156812E+02,  9.91717278821852E+02
 1.99933333300000E+03,  7.95430690563751E-02,  6.00000000000000E-02,  4.61484544481376E-01,  2.57770000000007E+02,  4.61031245409621E+02,  8.76894446626121E+02
 1.99941666700000E+03,  1.57740161358100E-01,  1.45000000000000E-01,  4.51657056570553E-01,  2.57950000000007E+02,  2.93243402609851E+02,  5.75844119211564E+02
 1.99950000000000E+03,  1.95952958441343E-01,  2.07500000000000E-01,  4.42662485606149E-01,  2.58130000000007E+02,  1.13526201108619E+02,  2.35943569407927E+02
 1.99958333300000E+03,  2.00953254481203E-01,  3.07500000000000E-01,  4.34515418110045E-01,  2.58310000000007E+02,  3.60385194898867E+01,  7.10653204768325E+01
 1.99966666700000E+03,  1.92169982232531E-01,  3.37500000000000E-01,  4.27226054177654E-01,  2.58490000000007E+02,  5.26670277128308E+01,  1.31759190923360E+02
 1.99975000000000E+03,  1.79449409949288E-01,  2.52500000000000E-01,  4.24971228670638E-01,  2.58670000000007E+02,  7.25006082996924E+01,  2.83122922810065E+02
 1.99983333300000E+03,  1.54368888758502E-01,  1.95000000000000E-01,  4.18836047119172E-01,  2.58850000000007E+02,  7.94786312269812E+01,  3.56718867844027E+02
 1.99991666700000E+03,  1.20707663035876E-01,  1.22500000000000E-01,  4.13565584719926E-01,  2.59030000000007E+02,  1.23037969058315E+02,  3.75697332603177E+02
 2.00000000000000E+03,  8.93608033384441E-02, -4.75000000000000E-02,  4.09155832996929E-01,  2.59210000000007E+02,  1.77476788548595E+02,  4.02947826951844E+02
 2.00008333300000E+03,  6.23133867383516E-02, -8.00000000000000E-02,  4.05598726951697E-01,  2.59390000000007E+02,  2.06323678371872E+02,  3.70366652589653E+02
 2.00016666700000E+03,  6.17877818635077E-02,  2.50000000000000E-03,  4.02882270449902E-01,  2.59570000000007E+02,  2.19244570870541E+02,  2.71939218991550E+02
 2.00025000000000E+03,  1.28335012344816E-01, -5.00000000000000E-03,  8.49318826927221E-01,  2.59750000000007E+02,  2.07101462720692E+02,  2.10297742602787E+02
 2.00033333300000E+03,  2.46033854652418E-01, -7.25000000000000E-02,  8.60862090572940E-01,  2.59930000000007E+02,  1.93518668027053E+02,  2.07822103138830E+02
 2.00041666700000E+03,  3.46202036850384E-01, -9.25000000000000E-02,  8.72287447900885E-01,  2.60110000000007E+02,  1.88135023558688E+02,  1.85178544153469E+02
 2.00050000000000E+03,  3.91708899443750E-01,  2.50000000000000E-03,  8.83493297522593E-01,  2.60290000000007E+02,  1.47509529576444E+02,  1.17130655786717E+02
 2.00058333300000E+03,  3.88930841725815E-01,  8.25000000000000E-02,  8.94380896665879E-01,  2.60470000000007E+02,  1.14012324923106E+02,  7.69570269802795E+01
 2.00066666700000E+03,  3.53937551771150E-01,  4.75000000000000E-02,  9.04854982466102E-01,  2.60650000000007E+02,  1.23441085215747E+02,  9.33814442868728E+01
 2.00075000000000E+03,  3.13443122306793E-01, -2.50000000000000E-02,  9.21356917956768E-01,  2.60830000000007E+02,  1.11935693145605E+02,  1.18674628719304E+02
 2.00083333300000E+03,  2.95912603022638E-01, -1.07500000000000E-01,  9.30279591912588E-01,  2.61010000000007E+02,  8.73235379439486E+01,  1.30341641355612E+02
 2.00091666700000E+03,  2.97265464929237E-01, -1.57500000000000E-01,  9.38476440794657E-01,  2.61190000000007E+02,  9.37535310682543E+01,  1.29639155699545E+02
 2.00100000000000E+03,  3.00717473122188E-01, -1.50000000000000E-01,  9.45875530232833E-01,  2.61370000000007E+02,  9.58049084042628E+01,  1.15852516966027E+02
 2.00108333300000E+03,  3.02004084014354E-01, -7.00000000000000E-02,  9.52411096389902E-01,  2.61550000000007E+02,  1.03560975277974E+02,  9.26494333462867E+01
 2.00116666700000E+03,  1.41487557462863E-01,  5.00000000000000E-02,  9.58023854750724E-01,  2.61730000000007E+02,  1.74903235344801E+02,  9.09071318917549E+01
 2.00125000000000E+03, -1.61442641472528E-01,  7.75000000000000E-02,  1.03335419788878E+00,  2.61910000000007E+02,  2.67639670526129E+02,  1.48978415483800E+02
 2.00133333300000E+03, -2.23704929814061E-01,  1.02500000000000E-01,  1.01417165744686E+00,  2.62090000000007E+02,  3.20081294537766E+02,  2.46905966171893E+02
 2.00141666700000E+03, -2.38183129059330E-02,  2.10000000000000E-01,  9.94694225518394E-01,  2.62270000000007E+02,  3.61049401749299E+02,  3.84019331825256E+02
 2.00150000000000E+03,  1.74169067638363E-01,  2.95000000000000E-01,  9.75066534992348E-01,  2.62450000000007E+02,  4.04650072495726E+02,  5.98849183192723E+02
 2.00158333300000E+03,  2.71860542035555E-01,  3.72500000000000E-01,  9.55432348247751E-01,  2.62630000000007E+02,  4.20695199056052E+02,  7.97801029438787E+02
 2.00166666700000E+03,  3.04226738348654E-01,  4.60000000000000E-01,  9.35933321437230E-01,  2.62810000000007E+02,  3.95528439624730E+02,  8.25634118636318E+02
 2.00175000000000E+03,  3.56392812012496E-01,  5.22500000000000E-01,  9.14507682882260E-01,  2.62990000000007E+02,  3.54503557862697E+02,  7.72533237241319E+02
 2.00183333300000E+03,  4.24226023655457E-01,  5.95000000000000E-01,  8.95745198188213E-01,  2.63170000000007E+02,  3.81453402129490E+02,  8.22136574181126E+02
 2.00191666700000E+03,  4.19053121493252E-01,  6.80000000000000E-01,  8.77533133593883E-01,  2.63350000000007E+02,  4.60421296633105E+02,  8.67601802802342E+02
 2.00200000000000E+03,  2.90996689774569E-01,  6.87500000000000E-01,  8.59992711548879E-01,  2.63530000000007E+02,  4.71350466858539E+02,  8.35255784631044E+02
 2.00208333300000E+03,  9.80152626152917E-02,  5.52500000000000E-01,  8.43237704589977E-01,  2.63710000000007E+02,  4.79719169898913E+02,  9.08105686976834E+02
 2.00216666700000E+03,  4.06944095988321E-02,  3.12500000000000E-01,  8.27373632362646E-01,  2.63890000000007E+02,  5.61857454848980E+02,  9.86039673622654E+02
 2.00225000000000E+03,  1.44245341943884E-01,  3.50000000000000E-02,  7.74104339126481E-01,  2.64070000000007E+02,  5.60530670745942E+02,  8.13441288680398E+02
 2.00233333300000E+03,  1.57500702702516E-01, -1.32500000000000E-01,  7.83539242844985E-01,  2.64250000000008E+02,  4.53293382750062E+02,  5.57448723887486E+02
 2.00241666700000E+03,  5.32731138279096E-02, -1.27500000000000E-01,  7.93587656028475E-01,  2.64430000000008E+02,  4.07899510484153E+02,  4.06660328693479E+02
 2.00250000000000E+03, -4.28413823891227E-02, -7.50000000000000E-02,  8.04147968763293E-01,  2.64610000000008E+02,  3.86604911374463E+02,  2.48597160218828E+02
 2.00258333300000E+03, -9.06521086291048E-02, -2.25000000000000E-02,  8.15116273039270E-01,  2.64790000000008E+02,  2.87687480400306E+02,  1.27249805992247E+02
 2.00266666700000E+03, -9.09248366147791E-02,  1.12500000000000E-01,  8.26387155377122E-01,  2.64970000000008E+02,  2.24159236094655E+02,  1.67225418837870E+02
 2.00275000000000E+03, -7.68403536419621E-02,  2.52500000000000E-01,  8.16352258787510E-01,  2.65150000000008E+02,  2.71607688911298E+02,  2.43108187477564E+02
 2.00283333300000E+03, -3.55992577606312E-02,  2.50000000000000E-01,  8.27650144147871E-01,  2.65330000000008E+02,  3.28486613795309E+02,  2.88149311165559E+02
 2.00291666700000E+03,  6.13393763127358E-02,  2.22500000000000E-01,  8.39132699044059E-01,  2.65510000000008E+02,  3.45477753313072E+02,  3.64060427808528E+02
 2.00300000000000E+03,  1.96586103386090E-01,  1.85000000000000E-01,  8.50693883356532E-01,  2.65690000000008E+02,  3.57360829031254E+02,  4.04494769985534E+02
 2.00308333300000E+03,  3.31948558464288E-01,  7.75000000000000E-02,  8.62228529961633E-01,  2.65870000000008E+02,  3.66603156207043E+02,  3.89976679820659E+02
 2.00316666700000E+03,  3.32019230549127E-01,  2.00000000000000E-02,  8.73633063372704E-01,  2.66050000000008E+02,  3.44375261912697E+02,  3.76812415764616E+02
 2.00325000000000E+03,  1.74604113470104E-01,  2.50000000000000E-02,  3.99690019919486E-01,  2.66230000000008E+02,  2.64954585022687E+02,  3.02084049385116E+02
 2.00333333300000E+03,  7.51478212360058E-02,  8.50000000000000E-02,  3.99693433398406E-01,  2.66410000000008E+02,  1.74840730958598E+02,  2.01185496681761E+02
 2.00341666700000E+03,  6.94980813036616E-02,  2.15000000000000E-01,  4.00441859992283E-01,  2.66590000000008E+02,  1.48778453684753E+02,  1.97948143820611E+02
 2.00350000000000E+03,  7.49375915372481E-02,  3.82500000000000E-01,  4.01904863947667E-01,  2.66770000000008E+02,  1.45941175482980E+02,  2.23509827672134E+02
 2.00358333300000E+03,  9.19428578690340E-02,  5.50000000000000E-01,  4.04049207947675E-01,  2.66950000000008E+02,  1.05047906286376E+02,  2.30114000083554E+02
 2.00366666700000E+03,  1.11822838469903E-01,  6.77500000000000E-01,  4.06839067325705E-01,  2.67130000000008E+02,  7.00859235866439E+01,  2.96417282215712E+02
 2.00375000000000E+03,  1.29813046939486E-01,  6.85000000000000E-01,  4.06547376098728E-01,  2.67310000000008E+02,  7.84624541336354E+01,  3.83510635066002E+02
 2.00383333300000E+03,  1.53746738642947E-01,  5.62500000000000E-01,  4.09888579062012E-01,  2.67490000000008E+02,  9.53517645767768E+01,  4.03353148716116E+02
 2.00391666700000E+03,  1.84751209494368E-01,  4.90000000000000E-01,  4.13800690761907E-01,  2.67670000000008E+02,  1.07229145593061E+02,  3.78038954776938E+02
 2.00400000000000E+03,  2.17305763379350E-01,  5.00000000000000E-01,  4.18241640498064E-01,  2.67850000000008E+02,  1.58455981924503E+02,  3.54463398750963E+02
 2.00408333300000E+03,  2.45202543130902E-01,  4.70000000000000E-01,  4.23167657818700E-01,  2.68030000000008E+02,  2.60419227896109E+02,  3.59754128514742E+02
 2.00416666700000E+03,  2.77428475003299E-01,  4.22500000000000E-01,  4.28533506890259E-01,  2.68210000000008E+02,  3.62650526724417E+02,  4.67868812402254E+02
 2.00425000000000E+03,  3.16000351483442E-01,  3.62500000000000E-01,  9.46269566714014E-01,  2.68390000000008E+02,  4.27278005827565E+02,  6.68890200649773E+02
 2.00433333300000E+03,  3.34896871318493E-01,  2.67500000000000E-01,  9.52754360120247E-01,  2.68570000000008E+02,  4.38267203658820E+02,  8.03675183247370E+02
 2.00441666700000E+03,  3.35007115308807E-01,  2.92500000000000E-01,  9.58313185632938E-01,  2.68750000000008E+02,  3.88943212790978E+02,  8.14537456237733E+02
 2.00450000000000E+03,  3.32621035931714E-01,  4.67500000000000E-01,  9.62893883728819E-01,  2.68930000000008E+02,  2.94038638283613E+02,  7.39344216343935E+02
 2.00458333300000E+03,  3.30992045558352E-01,  6.02500000000000E-01,  9.66451247226733E-01,  2.69110000000008E+02,  1.89730133286958E+02,  5.78856994424237E+02
 2.00466666700000E+03,  3.32780933927229E-01,  6.20000000000000E-01,  9.68947172659826E-01,  2.69290000000008E+02,  1.36679530317972E+02,  4.09216933901592E+02
 2.00475000000000E+03,  3.39098431137657E-01,  6.15000000000000E-01,  9.70426289119159E-01,  2.69470000000008E+02,  1.66186576606152E+02,  3.39301218829108E+02
 2.00483333300000E+03,  3.48938148192462E-01,  6.02500000000000E-01,  9.69109032014448E-01,  2.69650000000008E+02,  2.49047179858502E+02,  3.90305027455280E+02
 2.00491666700000E+03,  3.57388010709914E-01,  5.37500000000000E-01,  9.66648526562831E-01,  2.69830000000008E+02,  3.28925746865728E+02,  4.81692137126649E+02
 2.00500000000000E+03,  3.60895214042583E-01,  4.57500000000000E-01,  9.63045638583199E-01,  2.70010000000008E+02,  3.50137835167160E+02,  4.78797789672645E+02
 2.00508333300000E+03,  3.61946110230407E-01,  4.75000000000000E-01,  9.58308156713888E-01,  2.70190000000008E+02,  3.17184379616023E+02,  3.87705141339851E+02
 2.00516666700000E+03,  4.02233290194568E-01,  6.37500000000000E-01,  9.52450602241782E-01,  2.70370000000008E+02,  2.58427468930754E+02,  3.14018789829017E+02
 2.00525000000000E+03,  4.86894384986075E-01,  8.27500000000000E-01,  1.17941460298841E+00,  2.70550000000008E+02,  1.70590845024822E+02,  2.48454004202511E+02
 2.00533333300000E+03,  5.37231903697574E-01,  9.37500000000000E-01,  1.18662197440520E+00,  2.70730000000008E+02,  1.00379765778350E+02,  1.83282551243875E+02
 2.00541666700000E+03,  5.38619971985061E-01,  9.22500000000000E-01,  1.19232929146556E+00,  2.70910000000008E+02,  8.87028869309901E+01,  1.68165378698876E+02
 2.00550000000000E+03,  5.30255592261223E-01,  8.35000000000000E-01,  1.19646308784188E+00,  2.71090000000008E+02,  9.09547880967865E+01,  1.76329873779675E+02
 2.00558333300000E+03,  5.26556177842502E-01,  7.62500000000000E-01,  1.19896651665659E+00,  2.71270000000008E+02,  8.68178133570359E+01,  1.75921046959434E+02
 2.00566666700000E+03,  5.34370655913178E-01,  6.85000000000000E-01,  1.19979954399442E+00,  2.71450000000008E+02,  9.19732260041133E+01,  2.05609724357411E+02
 2.00575000000000E+03,  5.52341492821987E-01,  5.52500000000000E-01,  1.19866253778409E+00,  2.71630000000008E+02,  1.05472456769286E+02,  2.89229377659043E+02
 2.00583333300000E+03,  5.72515438209056E-01,  4.72500000000000E-01,  1.19584674254522E+00,  2.71810000000008E+02,  1.30333842108569E+02,  3.72258211826986E+02
 2.00591666700000E+03,  5.83146161474140E-01,  4.77500000000000E-01,  1.19134362285790E+00,  2.71990000000008E+02,  1.58952451609961E+02,  4.17529555513742E+02
 2.00600000000000E+03,  5.69663411467787E-01,  3.90000000000000E-01,  1.18518137345568E+00,  2.72170000000008E+02,  1.77193514779165E+02,  4.35447476091323E+02
 2.00608333300000E+03,  5.15850678541041E-01,  2.42500000000000E-01,  1.17740344862745E+00,  2.72350000000008E+02,  1.79162891604689E+02,  3.71966107994864E+02
 2.00616666700000E+03,  3.64915786304992E-01,  2.40000000000000E-01,  1.16806782403068E+00,  2.72530000000008E+02,  1.51866609585430E+02,  2.37163300722741E+02
 2.00625000000000E+03,  2.21615229274641E-01,  3.57500000000000E-01,  9.93611410577742E-01,  2.72710000000008E+02,  1.04547558098050E+02,  1.39091654926439E+02
 2.00633333300000E+03,  2.59484182219643E-01,  4.47500000000000E-01,  9.73979619513968E-01,  2.72890000000008E+02,  7.47027112083843E+01,  1.00199561590468E+02
 2.00641666700000E+03,  3.40171323354705E-01,  4.57500000000000E-01,  9.54349231972438E-01,  2.73070000000008E+02,  6.84914716376797E+01,  1.24159279705840E+02
 2.00650000000000E+03,  3.59182010852355E-01,  4.42500000000000E-01,  9.34861752558112E-01,  2.73250000000008E+02,  6.01324506496806E+01,  1.96986525264966E+02
 2.00658333300000E+03,  4.04610103103184E-01,  5.27500000000000E-01,  9.15655331492984E-01,  2.73430000000008E+02,  4.71011438848444E+01,  2.39106596997465E+02
 2.00666666700000E+03,  4.51587196311820E-01,  6.62500000000000E-01,  8.96863644023241E-01,  2.73610000000008E+02,  5.80529436440889E+01,  2.42617092297249E+02
 2.00675000000000E+03,  4.68295309069166E-01,  7.20000000000000E-01,  9.13517226559121E-01,  2.73790000000008E+02,  1.22210102005244E+02,  2.42506741153393E+02
 2.00683333300000E+03,  5.01773092411802E-01,  6.57500000000000E-01,  8.94780351792512E-01,  2.73970000000008E+02,  2.06409450606652E+02,  2.21592911287008E+02
 2.00691666700000E+03,  4.89796465104107E-01,  5.27500000000000E-01,  8.76600391791015E-01,  2.74150000000008E+02,  2.48454472366849E+02,  1.85777962735516E+02
 2.00700000000000E+03,  3.55546177558627E-01,  4.87500000000000E-01,  8.59098201597422E-01,  2.74330000000008E+02,  2.97532712196887E+02,  2.18202530153618E+02
 2.00708333300000E+03,  1.61471767171217E-01,  4.77500000000000E-01,  8.42387142259993E-01,  2.74510000000008E+02,  3.75128103027753E+02,  3.32980235245366E+02
 2.00716666700000E+03,  8.46141867077571E-02,  4.05000000000000E-01,  8.26572282509828E-01,  2.74690000000008E+02,  3.57910085006419E+02,  4.01865573422433E+02
 2.00725000000000E+03,  1.93695630824624E-01,  3.35000000000000E-01,  7.85609816347711E-01,  2.74870000000008E+02,  2.61612033808944E+02,  3.75873327938981E+02
 2.00733333300000E+03,  2.90079947161571E-01,  2.45000000000000E-01,  7.68528213841121E-01,  2.75050000000008E+02,  2.08859048790630E+02,  3.29462331189612E+02
 2.00741666700000E+03,  2.24828038241920E-01,  1.55000000000000E-01,  7.51158733971873E-01,  2.75230000000008E+02,  1.88855995919821E+02,  2.78355946694186E+02
 2.00750000000000E+03,  4.95645036094741E-02,  8.75000000000000E-02,  7.33576129763601E-01,  2.75410000000008E+02,  1.84045427691579E+02,  2.32724494774182E+02
 2.00758333300000E+03, -1.03936722451464E-01,  5.50000000000000E-02,  7.15855150015379E-01,  2.75590000000008E+02,  1.98082823033219E+02,  2.61281135777340E+02
 2.00766666700000E+03, -1.54470504646917E-01,  1.17500000000000E-01,  6.98070123501131E-01,  2.75770000000008E+02,  2.60977671061260E+02,  4.10591824846745E+02
 2.00775000000000E+03, -1.09097880690572E-01,  2.07500000000000E-01,  6.96111918800716E-01,  2.75950000000008E+02,  4.19249779995378E+02,  6.39082221874723E+02
 2.00783333300000E+03,  1.92376377065705E-02,  2.02500000000000E-01,  6.78341835002989E-01,  2.76130000000008E+02,  5.06232139252644E+02,  7.68970208556929E+02
 2.00791666700000E+03,  1.78662231684256E-01,  1.40000000000000E-01,  6.60661374818529E-01,  2.76310000000008E+02,  4.28281072804991E+02,  7.16825456620610E+02
 2.00800000000000E+03,  3.05963250321165E-01,  1.37500000000000E-01,  6.43141059851499E-01,  2.76490000000008E+02,  3.72299543045641E+02,  6.06619854416114E+02
 2.00808333300000E+03,  4.12544445939949E-01,  1.92500000000000E-01,  6.25849443249211E-01,  2.76670000000008E+02,  3.23903426050389E+02,  4.52845860843182E+02
 2.00816666700000E+03,  3.89035778135259E-01,  2.02500000000000E-01,  6.08852780600584E-01,  2.76850000000008E+02,  1.77439589437635E+02,  2.38095825289716E+02
 2.00825000000000E+03,  2.10327713291274E-01,  1.82500000000000E-01,  7.34830306817976E-01,  2.77030000000008E+02,  1.00169785967125E+02,  1.15736866013767E+02
 2.00833333300000E+03,  1.35367196520431E-01,  2.60000000000000E-01,  7.38397020931802E-01,  2.77210000000008E+02,  1.66916521126039E+02,  1.48428314407819E+02
 2.00841666700000E+03,  1.93725567892501E-01,  3.77500000000000E-01,  7.43110559479948E-01,  2.77390000000008E+02,  2.25987098553614E+02,  2.23736337654421E+02
 2.00850000000000E+03,  2.60856154038212E-01,  4.35000000000000E-01,  7.48901314492462E-01,  2.77570000000008E+02,  2.29049835444086E+02,  2.68254284214300E+02
 2.00858333300000E+03,  3.24799794496659E-01,  4.80000000000000E-01,  7.55692585362359E-01,  2.77750000000008E+02,  2.26435762843809E+02,  3.09340770183122E+02
 2.00866666700000E+03,  3.60378898002498E-01,  5.05000000000000E-01,  7.63401294779622E-01,  2.77930000000008E+02,  2.02841944548497E+02,  3.51844330329055E+02
 2.00875000000000E+03,  3.39834240283758E-01,  4.25000000000000E-01,  7.77159482469395E-01,  2.78110000000008E+02,  1.48754343915754E+02,  3.46587520277392E+02
 2.00883333300000E+03,  2.66413680928766E-01,  3.07500000000000E-01,  7.86808956821277E-01,  2.78290000000008E+02,  1.12652320354370E+02,  2.95857726223520E+02
 2.00891666700000E+03,  1.68051063672545E-01,  2.15000000000000E-01,  7.97038543363112E-01,  2.78470000000008E+02,  1.14191396298481E+02,  2.47075352994725E+02
 2.00900000000000E+03,  8.08149839039669E-02,  7.50000000000001E-03,  8.07745781745127E-01,  2.78650000000008E+02,  1.35475729339128E+02,  2.02171684976307E+02
 2.00908333300000E+03,  4.03225147400378E-02, -2.52500000000000E-01,  8.18826177157888E-01,  2.78830000000008E+02,  1.48075507026493E+02,  1.52684182121586E+02
 2.00916666700000E+03,  3.92934800915431E-02, -3.40000000000000E-01,  8.30173990309535E-01,  2.79010000000008E+02,  1.57494912351849E+02,  1.82345520221901E+02
 2.00925000000000E+03,  5.86862872234998E-02, -2.97500000000000E-01,  1.12781491921991E+00,  2.79190000000008E+02,  2.11145906954341E+02,  3.23659902061829E+02
 2.00933333300000E+03,  1.29094964002027E-01, -1.80000000000000E-01,  1.14066827922678E+00,  2.79370000000008E+02,  2.58752070798625E+02,  4.23714157903620E+02
 2.00941666700000E+03,  2.60202141323886E-01,  8.00000000000000E-02,  1.15258205687472E+00,  2.79550000000008E+02,  2.45182865073027E+02,  4.25409432243275E+02
 2.00950000000000E+03,  4.08521542529194E-01,  3.40000000000000E-01,  1.16341177034806E+00,  2.79730000000008E+02,  2.42048226010497E+02,  4.28712634868256E+02
 2.00958333300000E+03,  5.32236901482843E-01,  4.05000000000000E-01,  1.17302625047062E+00,  2.79910000000008E+02,  2.27933474466281E+02,  3.84375173367205E+02
 2.00966666700000E+03,  6.11559062654624E-01,  4.35000000000000E-01,  1.18130866190775E+00,  2.80090000000008E+02,  1.42228011184772E+02,  2.27074099782307E+02
 2.00975000000000E+03,  6.46042205509924E-01,  5.30000000000000E-01,  1.18840886332493E+00,  2.80270000000008E+02,  8.16795129944622E+01,  1.13268737628395E+02
 2.00983333300000E+03,  6.47891814035004E-01,  5.47500000000000E-01,  1.19367347147122E+00,  2.80450000000008E+02,  9.38253264181530E+01,  1.35924922445276E+02
 2.00991666700000E+03,  6.33835191576367E-01,  5.97500000000000E-01,  1.19734661303221E+00,  2.80630000000008E+02,  1.16091050224405E+02,  1.78853078758362E+02
 2.01000000000000E+03,  6.16924920936793E-01,  8.02500000000000E-01,  1.19937623159077E+00,  2.80810000000008E+02,  1.47099389200478E+02,  2.09852872021583E+02
 2.01008333300000E+03,  6.09354628026499E-01,  1.05250000000000E+00,  1.19972710759366E+00,  2.80990000000008E+02,  2.26625535302876E+02,  3.38433725851245E+02
 2.01016666700000E+03,  6.09305667003090E-01,  1.25250000000000E+00,  1.19838083448693E+00,  2.81170000000008E+02,  3.28058246340440E+02,  5.55883563629625E+02
 2.01025000000000E+03,  6.11277189318256E-01,  1.35500000000000E+00,  1.17902465232083E+00,  2.81350000000008E+02,  3.68165299712328E+02,  7.24583010212280E+02
 2.01033333300000E+03,  6.18904030311224E-01,  1.30250000000000E+00,  1.18630330478394E+00,  2.81530000000008E+02,  3.37962117798509E+02,  8.05430678097508E+02
 2.01041666700000E+03,  6.19690695628945E-01,  1.14500000000000E+00,  1.19208592153479E+00,  2.81710000000008E+02,  2.93268432416800E+02,  8.20429630430208E+02
 2.01050000000000E+03,  6.10332841880810E-01,  1.02500000000000E+00,  1.19629823042265E+00,  2.81890000000008E+02,  2.40924744830428E+02,  7.44168033945975E+02
 2.01058333300000E+03,  6.06092096107164E-01,  9.25000000000000E-01,  1.19888256483934E+00,  2.82070000000008E+02,  1.95746097026583E+02,  6.24538197307650E+02
 2.01066666700000E+03,  6.13206597242315E-01,  8.10000000000000E-01,  1.19979806565259E+00,  2.82250000000008E+02,  2.18564580769681E+02,  5.81530818112167E+02
 2.01075000000000E+03,  6.27475591364609E-01,  7.47500000000000E-01,  1.19969910152633E+00,  2.82430000000008E+02,  3.24471852946777E+02,  6.38135561310015E+02
 2.01083333300000E+03,  6.43048100034174E-01,  7.82500000000000E-01,  1.19943491078250E+00,  2.82610000000008E+02,  4.20582315292118E+02,  6.85255719716082E+02
 2.01091666700000E+03,  6.58330814045379E-01,  8.97500000000000E-01,  1.19747101657436E+00,  2.82790000000008E+02,  4.12367444347611E+02,  6.49788646715279E+02
 2.01100000000000E+03,  6.68899624379145E-01,  8.57500000000000E-01,  1.19381159974938E+00,  2.82970000000008E+02,  3.51573892316290E+02,  5.51956699622898E+02
 2.01108333300000E+03,  6.64771076814938E-01,  6.10000000000000E-01,  1.18847696395368E+00,  2.83150000000008E+02,  2.84153321032835E+02,  3.79967412781735E+02
 2.01116666700000E+03,  5.59616291383275E-01,  4.20000000000000E-01,  1.18150299479137E+00,  2.83330000000008E+02,  1.68899373151845E+02,  1.81600202008253E+02
 2.01125000000000E+03,  3.85211726958263E-01,  3.70000000000000E-01,  7.44681536144023E-01,  2.83510000000008E+02,  7.80613649943776E+01,  9.06010968612033E+01
 2.01133333300000E+03,  3.35450068125823E-01,  4.35000000000000E-01,  7.50770503569119E-01,  2.83690000000008E+02,  8.36528373210602E+01,  9.82760194406028E+01
 2.01141666700000E+03,  3.79894168881127E-01,  5.05000000000000E-01,  7.57836528846413E-01,  2.83870000000008E+02,  1.02241784108651E+02,  1.11963587596507E+02
 2.01150000000000E+03,  3.99151529807760E-01,  4.85000000000000E-01,  7.65794824420723E-01,  2.84050000000008E+02,  9.59683592017993E+01,  1.28915433096837E+02
 2.01158333300000E+03,  3.80769446660411E-01,  4.42500000000000E-01,  7.74555191752435E-01,  2.84230000000008E+02,  9.82549976112167E+01,  1.43317577686535E+02
 2.01166666700000E+03,  3.37304933331344E-01,  4.12500000000000E-01,  7.84022794453822E-01,  2.84410000000008E+02,  9.60854890132397E+01,  1.24594808723640E+02
 2.01175000000000E+03,  2.79211053437947E-01,  3.62500000000000E-01,  7.88351076799571E-01,  2.84590000000008E+02,  9.10089763360148E+01,  1.28638587712941E+02
 2.01183333300000E+03,  1.95161146113368E-01,  2.72500000000000E-01,  7.98661059349040E-01,  2.84770000000008E+02,  1.07235256921081E+02,  1.75865815599503E+02
 2.01191666700000E+03,  1.13914561489050E-01,  2.07500000000000E-01,  8.09432693330857E-01,  2.84950000000008E+02,  1.29424330573029E+02,  1.81575048140832E+02
 2.01200000000000E+03,  8.53818144860906E-02,  1.32500000000000E-01,  8.20561240750025E-01,  2.85130000000008E+02,  1.31723159080006E+02,  1.57413238844214E+02
 2.01208333300000E+03,  1.30310257339253E-01, -3.50000000000000E-02,  8.31940840039678E-01,  2.85310000000008E+02,  1.24368428757387E+02,  1.63882100855797E+02
 2.01216666700000E+03,  1.63983842698451E-01, -1.77500000000000E-01,  8.43465282035132E-01,  2.85490000000008E+02,  1.29771396225137E+02,  1.88191862546345E+02
 2.01225000000000E+03,  7.26833730804489E-02, -1.27500000000000E-01,  1.06518318142611E+00,  2.85670000000008E+02,  1.34483709990032E+02,  2.35633394611982E+02
 2.01233333300000E+03, -7.47084888923186E-02,  8.00000000000000E-02,  1.04684235573877E+00,  2.85850000000008E+02,  1.19301388673129E+02,  2.79485625668215E+02
 2.01241666700000E+03, -1.21586166638576E-01,  2.52500000000000E-01,  1.02796001039623E+00,  2.86030000000008E+02,  1.08936916735429E+02,  2.81885175564636E+02
 2.01250000000000E+03,  1.11129633798469E-03,  3.57500000000000E-01,  1.00867927572186E+00,  2.86210000000008E+02,  1.13219880908988E+02,  2.60423164618526E+02
 2.01258333300000E+03,  2.26260319193563E-01,  5.15000000000000E-01,  9.89144624586387E-01,  2.86390000000008E+02,  9.80377359899637E+01,  1.98241213000890E+02
 2.01266666700000E+03,  4.04402166860679E-01,  6.85000000000000E-01,  9.69500571385657E-01,  2.86570000000008E+02,  8.00041205366304E+01,  1.49243936498440E+02
 2.01275000000000E+03,  4.80638084370702E-01,  7.57500000000000E-01,  9.35833411408793E-01,  2.86750000000008E+02,  9.67206918191124E+01,  1.68311636871958E+02
 2.01283333300000E+03,  5.31967744148264E-01,  7.07500000000000E-01,  9.16609671157471E-01,  2.86930000000008E+02,  1.21377040293976E+02,  2.01514411021397E+02
 2.01291666700000E+03,  5.94068665812616E-01,  5.72500000000000E-01,  8.97794084391962E-01,  2.87110000000008E+02,  1.46039644297271E+02,  3.25519441079746E+02
 2.01300000000000E+03,  5.94358168501536E-01,  4.57500000000000E-01,  8.79515100389593E-01,  2.87290000000008E+02,  1.79565216647582E+02,  5.13733145307141E+02
 2.01308333300000E+03,  4.77916232824365E-01,  4.85000000000000E-01,  8.61894711904284E-01,  2.87470000000008E+02,  1.88535002280743E+02,  5.47564651300220E+02
 2.01316666700000E+03,  4.34710804267391E-01,  5.82500000000000E-01,  8.45047555942360E-01,  2.87650000000008E+02,  1.77668685746386E+02,  5.01097222449880E+02
 2.01325000000000E+03,  5.65966225834535E-01,  6.00000000000000E-01,  1.18481697094029E+00,  2.87830000000008E+02,  1.96956698550523E+02,  5.17935517586731E+02
 2.01333333300000E+03,  6.13657213962037E-01,  5.32500000000000E-01,  1.17695664478780E+00,  2.88010000000008E+02,  2.62546500681730E+02,  5.00658969098704E+02
 2.01341666700000E+03,  5.12797591763028E-01,  4.05000000000000E-01,  1.16754200906007E+00,  2.88190000000008E+02,  3.10895865591743E+02,  4.17908249404556E+02
 2.01350000000000E+03,  3.77016322580282E-01,  3.90000000000000E-01,  1.15664538898799E+00,  2.88370000000008E+02,  3.03396068138845E+02,  4.24062044636535E+02
 2.01358333300000E+03,  2.43766390527522E-01,  5.17500000000000E-01,  1.14435176158837E+00,  2.88550000000008E+02,  3.24885155868986E+02,  5.84395264626644E+02
 2.01366666700000E+03,  1.62030826233561E-01,  6.10000000000000E-01,  1.13075769683770E+00,  2.88730000000008E+02,  3.51991864055783E+02,  6.68746057733728E+02
 2.01375000000000E+03,  1.55128892220193E-01,  5.62500000000000E-01,  1.12203750908673E+00,  2.88910000000008E+02,  2.72836983427181E+02,  5.75004011696441E+02
 2.01383333300000E+03,  2.00297212236616E-01,  3.92500000000000E-01,  1.10659042378020E+00,  2.89090000000008E+02,  1.87404954900450E+02,  4.97622097933945E+02
 2.01391666700000E+03,  2.33458113303982E-01,  2.47500000000000E-01,  1.09013974783496E+00,  2.89270000000008E+02,  1.74822045068061E+02,  4.04645956486180E+02
 2.01400000000000E+03,  1.81688613806619E-01,  1.12500000000000E-01,  1.07281391782557E+00,  2.89450000000008E+02,  1.28942402167684E+02,  2.11773453309829E+02
 2.01408333300000E+03,  4.82911362904395E-02, -9.50000000000000E-02,  1.05474727705594E+00,  2.89630000000008E+02,  6.08868897799866E+01,  9.61991182263938E+01
 2.01416666700000E+03, -5.07150681973406E-02, -2.47500000000000E-01,  1.03607874338351E+00,  2.89810000000008E+02,  6.07724647461324E+01,  1.34835615944932E+02
 2.01425000000000E+03,  4.54587952964168E-03, -2.07500000000000E-01,  1.01539988692070E+00,  2.89990000000008E+02,  7.58431192440273E+01,  2.02732516687648E+02
 2.01433333300000E+03,  1.98203606732547E-01, -9.50000000000000E-02,  9.95936875939507E-01,  2.90170000000008E+02,  6.02060339809864E+01,  2.14940130583532E+02
 2.01441666700000E+03,  3.92366586536216E-01, -5.00000000000000E-03,  9.76314435941739E-01,  2.90350000000008E+02,  1.32668386958943E+02,  2.73380458440285E+02
 2.01450000000000E+03,  4.84426348416178E-01,  1.15000000000000E-01,  9.56676421805903E-01,  2.90530000000008E+02,  3.11813973114564E+02,  4.42038508813552E+02
 2.01458333300000E+03,  5.06685442076648E-01,  2.77500000000000E-01,  9.37164659212197E-01,  2.90710000000009E+02,  4.13124019668896E+02,  5.78871394163717E+02
 2.01466666700000E+03,  5.29933804038466E-01,  4.52500000000000E-01,  9.17917756768309E-01,  2.90890000000009E+02,  4.49031105485841E+02,  6.68675529401224E+02
 2.01475000000000E+03,  5.77932189641826E-01,  4.95000000000000E-01,  9.14312644879724E-01,  2.91070000000009E+02,  5.28563870715079E+02,  7.62053934375701E+02
 2.01483333300000E+03,  6.36111104079249E-01,  4.00000000000000E-01,  8.95555173373136E-01,  2.91250000000009E+02,  5.29655644647603E+02,  8.33357074211746E+02
 2.01491666700000E+03,  6.29099720490073E-01,  3.00000000000000E-01,  8.77349401694611E-01,  2.91430000000009E+02,  4.36438932025693E+02,  8.99871821526794E+02
 2.01500000000000E+03,  5.03029175751494E-01,  1.97500000000000E-01,  8.59816480170148E-01,  2.91610000000009E+02,  3.88027054833209E+02,  8.21855017676917E+02
 2.01508333300000E+03,  3.11730677925099E-01,  7.00000000000000E-02,  8.43070100517801E-01,  2.91790000000009E+02,  4.09123703370248E+02,  6.71287299907012E+02
 2.01516666700000E+03,  1.77207310791609E-01, -8.75000000000000E-02,  8.27215693784714E-01,  2.91970000000009E+02,  4.87707422230848E+02,  7.48738314314328E+02
 2.01525000000000E+03,  1.50727053403203E-01, -1.27500000000000E-01,  7.31323913082370E-01,  2.92150000000009E+02,  5.37733520250392E+02,  7.71447872543499E+02
 2.01533333300000E+03,  1.66621531460397E-01, -3.75000000000000E-02,  7.31726071758265E-01,  2.92330000000009E+02,  4.91936158017746E+02,  5.39581292666810E+02
 2.01541666700000E+03,  1.91863523688063E-01,  2.50000000000000E-02,  7.33415229969601E-01,  2.92510000000009E+02,  4.41314453794185E+02,  4.29401543893861E+02
 2.01550000000000E+03,  2.39192771567256E-01,  1.70000000000000E-01,  7.36342705348935E-01,  2.92690000000009E+02,  3.72745776736973E+02,  3.97887806791261E+02
 2.01558333300000E+03,  3.05686609148509E-01,  4.35000000000000E-01,  7.40451084144503E-01,  2.92870000000009E+02,  2.25201089896168E+02,  2.04534951655102E+02
 2.01566666700000E+03,  3.85702123086297E-01,  7.00000000000000E-01,  7.45674833287800E-01,  2.93050000000009E+02,  1.28793991156173E+02,  1.08063289473904E+02
 2.01575000000000E+03,  4.64217253488471E-01,  7.67500000000000E-01,  7.53042135753403E-01,  2.93230000000009E+02,  1.93736760681556E+02,  3.18537944846955E+02
 2.01583333300000E+03,  5.16781997548362E-01,  5.82500000000000E-01,  7.60418014629176E-01,  2.93410000000009E+02,  3.29728077726519E+02,  6.10482984948852E+02
 2.01591666700000E+03,  5.26414375410313E-01,  4.57500000000000E-01,  7.68656392293476E-01,  2.93590000000009E+02,  4.16789080542667E+02,  7.45003259059224E+02
 2.01600000000000E+03,  4.86039918553941E-01,  4.67500000000000E-01,  7.77665423187678E-01,  2.93770000000009E+02,  4.58349616593010E+02,  7.69048312195782E+02
 2.01608333300000E+03,  3.98482832599688E-01,  4.47500000000000E-01,  7.87348887449716E-01,  2.93950000000009E+02,  4.59624175221947E+02,  7.24848295239841E+02
 2.01616666700000E+03,  2.86348262678933E-01,  3.87500000000000E-01,  7.97606981558126E-01,  2.94130000000009E+02,  3.69418363616425E+02,  5.21780386451175E+02
 2.01625000000000E+03,  2.62263406370363E-01,  3.52500000000000E-01,  1.00013584558375E+00,  2.94310000000009E+02,  2.30235240661830E+02,  2.69059202357659E+02
 2.01633333300000E+03,  3.84824943598417E-01,  3.67500000000000E-01,  9.80535473008035E-01,  2.94490000000009E+02,  1.62615559938124E+02,  2.04375440338213E+02
 2.01641666700000E+03,  5.00353929584683E-01,  3.82500000000000E-01,  9.60888756285284E-01,  2.94670000000009E+02,  2.14183344193253E+02,  3.19996896400848E+02
 2.01650000000000E+03,  5.30247851203701E-01,  4.05000000000000E-01,  9.41338059008541E-01,  2.94850000000009E+02,  2.92523166964038E+02,  4.25102344495856E+02
 2.01658333300000E+03,  5.62041878323874E-01,  4.35000000000000E-01,  9.22022778109279E-01,  2.95030000000009E+02,  3.06416409166932E+02,  4.50183226348170E+02
 2.01666666700000E+03,  6.03497526382573E-01,  4.55000000000000E-01,  9.03078202114298E-01,  2.95210000000009E+02,  3.08350383818253E+02,  4.35612259624259E+02
 2.01675000000000E+03,  5.52333744926267E-01,  4.87500000000000E-01,  8.63719843759997E-01,  2.95390000000009E+02,  2.91757768434459E+02,  3.60700864718432E+02
 2.01683333300000E+03,  3.92532743812419E-01,  4.97500000000000E-01,  8.46785905041207E-01,  2.95570000000009E+02,  1.90307183110895E+02,  2.55439547727848E+02
 2.01691666700000E+03,  2.43656760818188E-01,  4.97500000000000E-01,  8.30720838209652E-01,  2.95750000000009E+02,  9.38898815575437E+01,  1.89047844643929E+02
 2.01700000000000E+03,  2.03650944527595E-01,  4.32500000000000E-01,  8.15623190642935E-01,  2.95930000000009E+02,  6.05344351807903E+01,  1.46351684904284E+02
 2.01708333300000E+03,  2.72505834438165E-01,  2.70000000000000E-01,  8.01582052462326E-01,  2.96110000000009E+02,  6.09848956078537E+01,  1.96796524595995E+02
 2.01716666700000E+03,  3.49780418038465E-01,  2.40000000000000E-01,  7.88676514155175E-01,  2.96290000000009E+02,  1.08259105937368E+02,  3.35942667350092E+02
 2.01725000000000E+03,  3.74643898772303E-01,  4.12500000000000E-01,  7.41347578010648E-01,  2.96470000000009E+02,  1.46412504497771E+02,  3.71499179796814E+02
 2.01733333300000E+03,  4.09044236582046E-01,  5.57500000000000E-01,  7.46772524139990E-01,  2.96650000000009E+02,  1.44630141845796E+02,  3.30821632885390E+02
 2.01741666700000E+03,  4.67279043420545E-01,  5.95000000000000E-01,  7.53225386934014E-01,  2.96830000000009E+02,  1.67579689577513E+02,  3.29838060873495E+02
 2.01750000000000E+03,  5.10127955807212E-01,  6.17500000000000E-01,  7.60625220827400E-01,  2.97010000000009E+02,  1.78317226901479E+02,  2.67926699345834E+02
 2.01758333300000E+03,  5.21502776582035E-01,  6.15000000000000E-01,  7.68885187008228E-01,  2.97190000000009E+02,  1.26436814419148E+02,  1.38035137582131E+02
 2.01766666700000E+03,  5.18995323055188E-01,  5.40000000000000E-01,  7.77913314118447E-01,  2.97370000000009E+02,  1.01474235597933E+02,  1.28372902603485E+02
 2.01775000000000E+03,  5.14672298070103E-01,  4.87500000000000E-01,  7.73746281244365E-01,  2.97550000000009E+02,  1.54958246186483E+02,  2.59171917408307E+02
 2.01783333300000E+03,  4.66679127390505E-01,  5.12500000000000E-01,  7.83154952780667E-01,  2.97730000000009E+02,  1.86969115083445E+02,  3.26006012551497E+02
 2.01791666700000E+03,  3.70255299303568E-01,  4.72500000000000E-01,  7.93181082028480E-01,  2.97910000000009E+02,  1.60733157582423E+02,  3.13233306128009E+02
 2.01800000000000E+03,  2.69774633680687E-01,  2.52500000000000E-01,  8.03723166006988E-01,  2.98090000000009E+02,  1.76554632406990E+02,  3.60286741330667E+02
 2.01808333300000E+03,  2.06879015035829E-01,  3.00000000000000E-02,  8.14677372262787E-01,  2.98270000000009E+02,  2.27272405370068E+02,  3.61317312274330E+02
 2.01816666700000E+03,  2.24185357926730E-01, -5.50000000000000E-02,  8.25938331770477E-01,  2.98450000000009E+02,  2.52439622526981E+02,  2.57896014180952E+02
 2.01825000000000E+03,  2.44096085673048E-01, -1.80000000000000E-01,  5.21003793634992E-01,  2.98630000000009E+02,  3.19600558497147E+02,  2.59466142046877E+02
 2.01833333300000E+03,  1.72455176126553E-01, -3.62500000000000E-01,  5.07447088455326E-01,  2.98810000000009E+02,  4.09100132537427E+02,  3.66372951337287E+02
 2.01841666700000E+03,  1.24882530887455E-01, -3.92500000000000E-01,  4.94588198723342E-01,  2.98990000000009E+02,  4.00560438421175E+02,  3.64042010881105E+02
 2.01850000000000E+03,  1.88735062885753E-01, -2.22500000000000E-01,  4.82463103756287E-01,  2.99170000000009E+02,  3.56394560750180E+02,  3.21110619792565E+02
 2.01858333300000E+03,  3.11110784344548E-01,  3.50000000000000E-02,  4.71103516306224E-01,  2.99350000000009E+02,  4.02842635287568E+02,  4.64677206045899E+02
 2.01866666700000E+03,  4.19943194391245E-01,  2.40000000000000E-01,  4.60536811549198E-01,  2.99530000000009E+02,  4.77851742835634E+02,  6.60068182388545E+02
 2.01875000000000E+03,  4.89284111818993E-01,  2.25000000000000E-01,  4.60097280658464E-01,  2.99710000000009E+02,  4.94905926383064E+02,  7.03835010327282E+02
 2.01883333300000E+03,  5.47987921944803E-01,  5.75000000000000E-02,  4.50382250647588E-01,  2.99890000000009E+02,  5.10852742950035E+02,  7.69384399739219E+02
 2.01891666700000E+03,  5.80055723702730E-01, -2.50000000000000E-03,  4.41502383953368E-01,  3.00070000000009E+02,  5.11039883998888E+02,  8.41989144464884E+02
 2.01900000000000E+03,  5.65782752683290E-01,  6.50000000000000E-02,  4.33471667761593E-01,  3.00250000000009E+02,  3.90251486332687E+02,  6.72253733075084E+02
 2.01908333300000E+03,  5.25990803634917E-01,  9.25000000000000E-02,  4.26299707388104E-01,  3.00430000000009E+02,  2.31955286185498E+02,  4.32146888308966E+02
 2.01916666700000E+03,  4.84370999175185E-01,  3.50000000000000E-02,  4.19991771857488E-01,  3.00610000000009E+02,  1.64402123926006E+02,  3.08060991672874E+02
 2.01925000000000E+03,  4.10462446660012E-01,  2.25000000000000E-02,  8.50052322819316E-01,  3.00790000000009E+02,  1.57752800545834E+02,  2.16831010287039E+02
 2.01933333300000E+03,  2.84420916642946E-01,  1.30000000000000E-01,  8.34873946282693E-01,  3.00970000000009E+02,  2.00999469162816E+02,  2.26720029529901E+02
 2.01941666700000E+03,  2.14183105022510E-01,  2.72500000000000E-01,  8.19115131027472E-01,  3.01150000000009E+02,  2.61487447085699E+02,  3.16963607785510E+02
 2.01950000000000E+03,  2.84065077659937E-01,  3.65000000000000E-01,  8.02846234154723E-01,  3.01330000000009E+02,  2.48109705950450E+02,  3.29068989784890E+02
 2.01958333300000E+03,  4.34642612039616E-01,  4.45000000000000E-01,  7.86139376365072E-01,  3.01510000000009E+02,  2.23409262114434E+02,  3.25774123187896E+02
 2.01966666700000E+03,  4.28214497501440E-01,  5.00000000000000E-01,  7.69067994543455E-01,  3.01690000000009E+02,  2.43617723472718E+02,  3.27896946291395E+02
 2.01975000000000E+03,  2.17993834348790E-01,  4.27500000000000E-01,  7.15193783865306E-01,  3.01870000000009E+02,  2.08681199158049E+02,  2.31007521187539E+02
 2.01983333300000E+03,  1.28645039040710E-01,  3.02500000000000E-01,  6.97407798602209E-01,  3.02050000000009E+02,  1.36057652310484E+02,  1.74523856994087E+02
 2.01991666700000E+03,  2.43156255124832E-01,  2.52500000000000E-01,  6.79633988225436E-01,  3.02230000000009E+02,  1.37108358889277E+02,  3.34158916027289E+02
 2.02000000000000E+03,  3.99104167508460E-01,  3.12500000000000E-01,  6.61944597288970E-01,  3.02410000000009E+02,  1.59712436967825E+02,  5.23818838836358E+02
 2.02008333300000E+03,  5.24125252501428E-01,  4.95000000000000E-01,  6.44410277361820E-01,  3.02590000000009E+02,  1.29930292319750E+02,  5.63311002373415E+02
 2.02016666700000E+03,  5.59499884764336E-01,  6.45000000000000E-01,  6.27099736331030E-01,  3.02770000000009E+02,  1.04567221017819E+02,  5.61043891723093E+02
 2.02025000000000E+03,  5.45203516980770E-01,  6.22500000000000E-01,  9.83632979480728E-01,  3.02950000000009E+02,  1.01514144908523E+02,  5.08210206839741E+02
 2.02033333300000E+03,  5.80010281656078E-01,  5.95000000000000E-01,  9.63984056411890E-01,  3.03130000000009E+02,  7.05743456110161E+01,  3.07313126914678E+02
 2.02041666700000E+03,  6.13211056136054E-01,  6.52500000000000E-01,  9.44408870631576E-01,  3.03310000000009E+02,  3.00786125317493E+01,  9.69450915778823E+01
 2.02050000000000E+03,  6.31558340343198E-01,  6.52500000000000E-01,  9.25047364286551E-01,  3.03490000000009E+02,  2.37165885823602E+01,  2.77931291818503E+01
 2.02058333300000E+03,  6.92914476785374E-01,  5.87500000000000E-01,  9.06035546974711E-01,  3.03670000000009E+02,  3.79111883041634E+01,  5.87039540720513E+01
 2.02066666700000E+03,  7.08452081159851E-01,  5.60000000000000E-01,  8.87504409085207E-01,  3.03850000000009E+02,  4.15599882236257E+01,  8.15582631315657E+01
 2.02075000000000E+03,  5.81562591940667E-01,  5.32500000000000E-01,  8.56363317744042E-01,  3.04030000000009E+02,  4.12697044571830E+01,  7.22068283380528E+01
 2.02083333300000E+03,  3.96803907532231E-01,  4.62500000000000E-01,  8.39789075068349E-01,  3.04210000000009E+02,  6.83080570296898E+01,  9.21365606176327E+01
 2.02091666700000E+03,  2.86607577834327E-01,  4.57500000000000E-01,  8.24127054768701E-01,  3.04390000000009E+02,  1.14284025096444E+02,  1.35028719685652E+02
 2.02100000000000E+03,  2.95503638076511E-01,  4.77500000000000E-01,  8.09471824046621E-01,  3.04570000000009E+02,  1.42737185728401E+02,  1.68097439954604E+02
 2.02108333300000E+03,  3.92800613627866E-01,  3.70000000000000E-01,  7.95908248558165E-01,  3.04750000000009E+02,  1.56117356619885E+02,  2.18931629696658E+02
 2.02116666700000E+03,  4.14308596827003E-01,  2.52500000000000E-01,  7.83510991676108E-01,  3.04930000000009E+02,  1.63474376965779E+02,  2.55058344578239E+02
 2.02125000000000E+03,  3.18136352717523E-01,  2.55000000000000E-01,  8.20091833843101E-01,  3.05110000000009E+02,  1.43539708431595E+02,  2.40426650084966E+02
 2.02133333300000E+03,  3.24397168279754E-01,  2.35000000000000E-01,  8.03852004634660E-01,  3.05290000000009E+02,  1.09611517412213E+02,  2.19569945906632E+02
 2.02141666700000E+03,  4.60818084117295E-01,  1.92500000000000E-01,  7.87169772551374E-01,  3.05470000000009E+02,  1.06683069479642E+02,  2.00014752791940E+02
 2.02150000000000E+03,  5.54309081219938E-01,  2.25000000000000E-01,  7.70118506933491E-01,  3.05650000000009E+02,  1.39326221465521E+02,  1.84953614933166E+02
 2.02158333300000E+03,  5.14532124724324E-01,  3.27500000000000E-01,  7.52772476963697E-01,  3.05830000000009E+02,  1.96957291881428E+02,  2.34569131226339E+02
 2.02166666700000E+03,  4.78809293261970E-01,  4.50000000000000E-01,  7.35206414672642E-01,  3.06010000000009E+02,  2.52893670453833E+02,  3.13286901197251E+02
 2.02175000000000E+03,  5.31107839171750E-01,  4.70000000000000E-01,  7.59972763373643E-01,  3.06190000000009E+02,  2.53462924429527E+02,  3.09068205421737E+02
 2.02183333300000E+03,  4.62064986344095E-01,  4.40000000000000E-01,  7.42488570725541E-01,  3.06370000000009E+02,  2.16572831895712E+02,  2.73115277013810E+02
 2.02191666700000E+03,  2.70836903064999E-01,  4.87500000000000E-01,  7.24828233283331E-01,  3.06550000000009E+02,  1.83855491902427E+02,  2.72976810914615E+02
 2.02200000000000E+03,  1.57970791100756E-01,  5.62500000000000E-01,  7.07066343382931E-01,  3.06730000000009E+02,  1.30765455986611E+02,  2.26501400143578E+02
 2.02208333300000E+03,  1.93875855730884E-01,  4.57500000000000E-01,  6.89276872607778E-01,  3.06910000000009E+02,  7.14525497849414E+01,  1.86350998524175E+02
 2.02216666700000E+03,  3.33841397626442E-01,  1.92500000000000E-01,  6.71532776728801E-01,  3.07090000000009E+02,  5.40070011574986E+01,  2.54375541897933E+02
 2.02225000000000E+03,  4.43998052163492E-01,  1.25000000000000E-01,  1.89010296318538E-01,  3.07270000000009E+02,  5.54862642274160E+01,  3.24188782107896E+02
 2.02233333300000E+03,  4.61642275088148E-01,  3.00000000000000E-01,  1.76572707493670E-01,  3.07450000000009E+02,  4.90057734108741E+01,  3.08832150080690E+02
 2.02241666700000E+03,  4.72992151883323E-01,  4.05000000000000E-01,  1.64384265966225E-01,  3.07630000000009E+02,  8.63877304539163E+01,  2.83905667920092E+02
 2.02250000000000E+03,  5.18465702495820E-01,  3.97500000000000E-01,  1.52468245401833E-01,  3.07810000000009E+02,  1.69569015012195E+02,  2.98562350871009E+02
 2.02258333300000E+03,  5.57646942353023E-01,  4.70000000000000E-01,  1.40846847251508E-01,  3.07990000000009E+02,  1.94570966487356E+02,  2.61066659898189E+02
 2.02266666700000E+03,  5.80037388937378E-01,  5.52500000000000E-01,  1.29541157110639E-01,  3.08170000000009E+02,  2.02649616397731E+02,  2.14238965184516E+02
 2.02275000000000E+03,  5.85218378391516E-01,  4.87500000000000E-01,  1.30829554955894E-01,  3.08350000000009E+02,  2.93179036450531E+02,  3.24390397591697E+02
 2.02283333300000E+03,  5.53689108663520E-01,  4.07500000000000E-01,  1.19819776455366E-01,  3.08530000000009E+02,  3.29290398567557E+02,  4.24899445943370E+02
 2.02291666700000E+03,  4.88576802144477E-01,  4.35000000000000E-01,  1.09162275939362E-01,  3.08710000000009E+02,  2.58085409223622E+02,  3.62126949300520E+02
 2.02300000000000E+03,  4.22734244896380E-01,  4.07500000000000E-01,  9.88747171368091E-02,  3.08890000000009E+02,  2.31431035975409E+02,  3.22210362819737E+02
 2.02308333300000E+03,  3.88817575050206E-01,  3.87500000000000E-01,  8.89735213007583E-02,  3.09070000000009E+02,  2.33237100472649E+02,  2.89471521472562E+02
 2.02316666700000E+03,  5.59337426755162E-01,  5.70000000000000E-01,  7.94738454720034E-02,  3.09250000000009E+02,  1.72628559643938E+02,  1.45511932570068E+02
 2.02325000000000E+03,  9.08561650549858E-01,  8.10000000000000E-01,  5.59037152949276E-01,  3.09430000000009E+02,  9.49015364306223E+01,  5.58930837287928E+01
 2.02333333300000E+03,  1.08676840318224E+00,  1.06750000000000E+00,  5.62444632077734E-01,  3.09610000000009E+02,  1.10694005950950E+02,  1.40749143573525E+02
 2.02341666700000E+03,  1.09544758487487E+00,  1.31750000000000E+00,  5.65332136784796E-01,  3.09790000000009E+02,  2.25347343866304E+02,  2.81983522368844E+02
 2.02350000000000E+03,  1.10629005911583E+00,  1.39750000000000E+00,  5.67677622097226E-01,  3.09970000000009E+02,  2.64298560833336E+02,  3.42102381337464E+02
 2.02358333300000E+03,  1.11876516068016E+00,  1.39000000000000E+00,  5.69461494678734E-01,  3.10150000000009E+02,  2.24751310908486E+02,  3.64690001179993E+02
 2.02366666700000E+03,  1.13064640273182E+00,  1.38500000000000E+00,  5.70666639161074E-01,  3.10330000000009E+02,  2.56113416935024E+02,  3.91135376551784E+02
 2.02375000000000E+03,  1.14550735124896E+00,  1.29000000000000E+00,  5.69811039252798E-01,  3.10510000000009E+02,  2.69451463650577E+02,  3.75022589996512E+02
 2.02383333300000E+03,  1.15839361673949E+00,  1.16750000000000E+00,  5.68109980266526E-01,  3.10690000000009E+02,  2.37165192530084E+02,  4.94897309938326E+02
 2.02391666700000E+03,  1.15864530100505E+00,  1.21250000000000E+00,  5.65780059578637E-01,  3.10870000000009E+02,  2.72168253560471E+02,  7.34080233640906E+02
 2.02400000000000E+03,  1.14153908171056E+00,  1.40000000000000E+00,  5.62820804584696E-01,  3.11050000000009E+02,  2.94986140586327E+02,  7.76823563749039E+02
 2.02408333300000E+03,  1.10650937960023E+00,  1.49000000000000E+00,  5.59234090635329E-01,  3.11230000000009E+02,  2.71055433710847E+02,  7.65420355988804E+02
 2.02416666700000E+03,  1.01010228693307E+00,  1.40750000000000E+00,  5.55024086390884E-01,  3.11410000000009E+02,  2.57463279166883E+02,  7.94958205855391E+02
 2.02425000000000E+03,  8.80041643361408E-01,  1.35750000000000E+00,  8.74127049254403E-01,  3.11590000000009E+02,  2.03816876905181E+02,  5.76181949653504E+02
 2.02433333300000E+03,  8.23028075300194E-01,  1.38000000000000E+00,  8.85287790775128E-01,  3.11770000000009E+02,  1.30769837361599E+02,  2.84546755387927E+02
 2.02441666700000E+03,  8.01958074405417E-01,  1.31250000000000E+00,  8.96114539821037E-01,  3.11950000000009E+02,  1.07925038174584E+02,  2.18549063647466E+02
 2.02450000000000E+03,  7.60724472412838E-01,  1.18750000000000E+00,  9.06512655343833E-01,  3.12130000000009E+02,  1.00623641153206E+02,  1.93094075693934E+02
 2.02458333300000E+03,  7.26318304097813E-01,  1.11000000000000E+00,  9.16391647328892E-01,  3.12310000000009E+02,  7.03715579280136E+01,  9.14731687048576E+01
 2.02466666700000E+03,  7.14061979943859E-01,  1.06000000000000E+00,  9.25665706862776E-01,  3.12490000000009E+02,  5.15838695819434E+01,  9.94924307895560E+01
 2.02475000000000E+03,  7.23521904190207E-01,  1.02000000000000E+00,  9.42088276418024E-01,  3.12670000000009E+02,  8.84082400932596E+01,  2.71719816410830E+02
 2.02483333300000E+03,  7.39447652386055E-01,  9.75000000000000E-01,  9.49085742943490E-01,  3.12850000000009E+02,  1.40762145911643E+02,  4.09850017531117E+02
 2.02491666700000E+03,  7.46731794480807E-01,  8.72500000000000E-01,  9.55190752299588E-01,  3.13030000000009E+02,  2.88309621988132E+02,  9.15590463209204E+02
 2.02500000000000E+03,  7.43727613576544E-01,  6.90000000000000E-01,  9.60347185151498E-01,  3.13210000000009E+02,  3.00220725259791E+02,  7.36969313150159E+02
