 1.96200547580006E+03	-1.12657452993331E-01
 1.96200821370009E+03	-1.09739930622134E-01
 1.96201095160012E+03	-7.48630255596048E-02
 1.96201368950015E+03	-7.45912704015664E-03
 1.96201642740018E+03	 8.77800733771826E-02
 1.96201916530022E+03	 1.95531313290216E-01
 1.96202190320025E+03	 2.86779106128628E-01
 1.96202464110028E+03	 3.25920187196477E-01
 1.96202737900031E+03	 2.88151322778425E-01
 1.96203011690034E+03	 1.76282707695679E-01
 1.96203285480037E+03	 2.25214901136348E-02
 1.96203559270040E+03	-1.28118550227613E-01
 1.96203833060043E+03	-2.39383535693190E-01
 1.96204106850046E+03	-2.93761792755307E-01
 1.96204380640049E+03	-2.88861512387905E-01
 1.96204654430052E+03	-2.31876650926429E-01
 1.96204928220055E+03	-1.40215546157941E-01
 1.96205202010058E+03	-4.26370227858740E-02
 1.96205475800062E+03	 2.90998986609545E-02
 1.96205749590065E+03	 5.69419387472250E-02
 1.96206023380068E+03	 4.74405218012415E-02
 1.96206297170071E+03	 2.43467846819587E-02
 1.96206570960074E+03	 7.57917892143894E-03
 1.96206844750077E+03	-1.84810090504519E-03
 1.96207118540080E+03	-1.68023596377751E-02
 1.96207392330083E+03	-4.61283323907134E-02
 1.96207666120086E+03	-8.36044832335590E-02
 1.96207939910089E+03	-1.12950457479354E-01
 1.96208213700092E+03	-1.19499735406919E-01
 1.96208487490095E+03	-9.55991388627767E-02
 1.96208761280098E+03	-3.87422743889853E-02
 1.96209035070101E+03	 4.93861748439738E-02
 1.96209308860105E+03	 1.58380853288779E-01
 1.96209582650108E+03	 2.63749373764642E-01
 1.96209856440111E+03	 3.29586410969154E-01
 1.96210130230114E+03	 3.23352005499624E-01
 1.96210404020117E+03	 2.35565188500181E-01
 1.96210677810120E+03	 8.89985505933640E-02
 1.96210951600123E+03	-7.21393203169805E-02
 1.96211225390126E+03	-2.04925277769060E-01
 1.96211499180129E+03	-2.83846143117659E-01
 1.96211772970132E+03	-3.01404359426805E-01
 1.96212046760135E+03	-2.61580349322951E-01
 1.96212320550138E+03	-1.77988592082985E-01
 1.96212594340141E+03	-7.61433022531023E-02
 1.96212868130145E+03	 1.06813218564972E-02
 1.96213141920148E+03	 5.64290197774636E-02
 1.96213415710151E+03	 5.76987065505893E-02
 1.96213689500154E+03	 3.40086291528157E-02
 1.96213963290157E+03	 1.00003854232407E-02
 1.96214237080160E+03	-4.61297712224869E-03
 1.96214510870163E+03	-1.83076989218234E-02
 1.96214784660166E+03	-4.29400427199289E-02
 1.96215058450169E+03	-7.83141049538313E-02
 1.96215332240172E+03	-1.11291922725849E-01
 1.96215606030175E+03	-1.26213224345881E-01
 1.96215879820178E+03	-1.13027770628729E-01
 1.96216153610181E+03	-6.73399361806573E-02
 1.96216427400185E+03	 1.15525652481301E-02
 1.96216701190188E+03	 1.17681206399495E-01
 1.96216974980191E+03	 2.31956638426107E-01
 1.96217248770194E+03	 3.20708135520804E-01
 1.96217522560197E+03	 3.46416095389067E-01
 1.96217796350200E+03	 2.87962048568615E-01
 1.96218070140203E+03	 1.56266748261948E-01
 1.96218343930206E+03	-9.00510521251149E-03
 1.96218617720209E+03	-1.60423326205658E-01
 1.96218891510212E+03	-2.64036237500362E-01
 1.96219165300215E+03	-3.05834251204058E-01
 1.96219439090218E+03	-2.86099240230822E-01
 1.96219712880221E+03	-2.14880025697384E-01
 1.96219986670224E+03	-1.13692584015716E-01
 1.96220260460228E+03	-1.49805082865959E-02
 1.96220534250231E+03	 4.94130448996851E-02
 1.96220808040234E+03	 6.58067861236269E-02
 1.96221081830237E+03	 4.63151743786503E-02
 1.96221355620240E+03	 1.68954009046103E-02
 1.96221629410243E+03	-4.64908666413869E-03
 1.96221903200246E+03	-1.99671307972228E-02
 1.96222176990249E+03	-4.11515806089064E-02
 1.96222450780252E+03	-7.34311611829081E-02
 1.96222724570255E+03	-1.08170376043981E-01
 1.96222998360258E+03	-1.30081808341884E-01
 1.96223272150261E+03	-1.27046662977434E-01
 1.96223545940264E+03	-9.27323704024662E-02
 1.96223819730268E+03	-2.45246353456029E-02
 1.96224093520271E+03	 7.53086553782690E-02
 1.96224367310274E+03	 1.93307903429952E-01
 1.96224641100277E+03	 3.00071476506702E-01
 1.96224914890280E+03	 3.56156599613174E-01
 1.96225188680283E+03	 3.30588958911571E-01
 1.96225462470286E+03	 2.21108502818557E-01
 1.96225736260289E+03	 5.91546177313718E-02
 1.96226010050292E+03	-1.06457633196556E-01
 1.96226283840295E+03	-2.33834254017397E-01
 1.96226557630298E+03	-3.01123091018550E-01
 1.96226831420301E+03	-3.03957071650040E-01
 1.96227105210304E+03	-2.48955105879671E-01
 1.96227379000308E+03	-1.53438632722083E-01
 1.96227652790311E+03	-4.71642630902838E-02
 1.96227926580314E+03	 3.48673835468326E-02
 1.96228200370317E+03	 6.95768472106740E-02
 1.96228474160320E+03	 5.94188906944209E-02
 1.96228747950323E+03	 2.79166969876329E-02
 1.96229021740326E+03	-9.59558107080434E-04
 1.96229295530329E+03	-2.05868088596527E-02
 1.96229569320332E+03	-4.03174423014645E-02
 1.96229843110335E+03	-6.92749128822598E-02
 1.96230116900338E+03	-1.04106869872000E-01
 1.96230390690341E+03	-1.31410958275845E-01
 1.96230664480344E+03	-1.37672498564048E-01
 1.96230938270347E+03	-1.14589873734738E-01
 1.96231212060351E+03	-5.79146282218652E-02
 1.96231485850354E+03	 3.29753107663863E-02
 1.96231759640357E+03	 1.49914513899117E-01
 1.96232033430360E+03	 2.69126618846062E-01
 1.96232307220363E+03	 3.52230251415064E-01
 1.96232581010366E+03	 3.61074145494504E-01
 1.96232854800369E+03	 2.80173098539684E-01
 1.96233128590372E+03	 1.29599701644195E-01
 1.96233402380375E+03	-4.42405517835326E-02
 1.96233676170378E+03	-1.93113787880123E-01
 1.96233949960381E+03	-2.86431702423335E-01
 1.96234223750384E+03	-3.13860331853619E-01
 1.96234497540387E+03	-2.78399172903136E-01
 1.96234771330391E+03	-1.93337368269821E-01
 1.96235045120394E+03	-8.45363511510826E-02
 1.96235318910397E+03	 1.24855497021105E-02
 1.96235592700400E+03	 6.71366260926393E-02
 1.96235866490403E+03	 7.11469565878490E-02
 1.96236140280406E+03	 4.20458035566399E-02
 1.96236414070409E+03	 6.98410400865455E-03
 1.96236687860412E+03	-1.89623933848210E-02
 1.96236961650415E+03	-3.96921277386361E-02
 1.96237235440418E+03	-6.59291565677669E-02
 1.96237509230421E+03	-9.95959288793729E-02
 1.96237783020424E+03	-1.30595445755156E-01
 1.96238056810427E+03	-1.45030839242798E-01
 1.96238330600431E+03	-1.32743548270948E-01
 1.96238604390434E+03	-8.79483129388057E-02
 1.96238878180437E+03	-7.86025099195550E-03
 1.96239151970440E+03	 1.03912360998415E-01
 1.96239425760443E+03	 2.29830828394078E-01
 1.96239699550446E+03	 3.35150229542965E-01
 1.96239973340449E+03	 3.77772902914344E-01
 1.96240247130452E+03	 3.30249421958669E-01
 1.96240520920455E+03	 1.99117551631039E-01
 1.96240794710458E+03	 2.43351936007557E-02
 1.96241068500461E+03	-1.42234690021903E-01
 1.96241342290464E+03	-2.61163895049634E-01
 1.96241616080467E+03	-3.14703343462487E-01
 1.96241889870471E+03	-3.01581953658043E-01
 1.96242163660474E+03	-2.31309204264879E-01
 1.96242437450477E+03	-1.25299758788750E-01
 1.96242711240480E+03	-1.72960900415621E-02
 1.96242985030483E+03	 5.71485714970798E-02
 1.96243258820486E+03	 7.92538395595777E-02
 1.96243532610489E+03	 5.76779556328367E-02
 1.96243806400492E+03	 1.91194566302971E-02
 1.96244080190495E+03	-1.40601980083764E-02
 1.96244353980498E+03	-3.83075566658997E-02
 1.96244627770501E+03	-6.31985568617545E-02
 1.96244901560504E+03	-9.50365052949297E-02
 1.96245175350507E+03	-1.28091738087679E-01
 1.96245449140510E+03	-1.49348865595509E-01
 1.96245722930514E+03	-1.47158433289063E-01
 1.96245996720517E+03	-1.14193007487856E-01
 1.96246270510520E+03	-4.60416494805108E-02
 1.96246544300523E+03	 5.73030505903581E-02
 1.96246818090526E+03	 1.84454558690556E-01
 1.96247091880529E+03	 3.06213797117289E-01
 1.96247365670532E+03	 3.79913195031003E-01
 1.96247639460535E+03	 3.68546486948280E-01
 1.96247913250538E+03	 2.64235230880368E-01
 1.96248187040541E+03	 9.67158747072382E-02
 1.96248460830544E+03	-8.21497345037087E-02
 1.96248734620547E+03	-2.25049085049454E-01
 1.96249008410550E+03	-3.05579087288738E-01
 1.96249282200554E+03	-3.17086617947094E-01
 1.96249555990557E+03	-2.65371166721361E-01
 1.96249829780560E+03	-1.67372151032772E-01
 1.96250103570563E+03	-5.33589818390003E-02
 1.96250377360566E+03	 3.89608125122438E-02
 1.96250651150569E+03	 8.16853672639828E-02
 1.96250924940572E+03	 7.27865748776334E-02
 1.96251198730575E+03	 3.47420567598540E-02
 1.96251472520578E+03	-5.19396452397989E-03
 1.96251746310581E+03	-3.50961461943139E-02
 1.96252020100584E+03	-6.06015456795305E-02
 1.96252293890587E+03	-9.06625484549357E-02
 1.96252567680590E+03	-1.24375354569439E-01
 1.96252841470594E+03	-1.50946289145242E-01
 1.96253115260597E+03	-1.57912994514907E-01
 1.96253389050600E+03	-1.36415488641864E-01
 1.96253662840603E+03	-8.07247218576380E-02
 1.96253936630606E+03	 1.18316987844223E-02
 1.96254210420609E+03	 1.35375836960869E-01
 1.96254484210612E+03	 2.67356052231545E-01
 1.96254758000615E+03	 3.67653873075855E-01
 1.96255031790618E+03	 3.92947123444312E-01
 1.96255305580621E+03	 3.21486851492540E-01
 1.96255579370624E+03	 1.69785967633261E-01
 1.96255853160627E+03	-1.44787316998914E-02
 1.96256126950630E+03	-1.78246330000546E-01
 1.96256400740633E+03	-2.85809991880899E-01
 1.96256674530637E+03	-3.23715788624031E-01
 1.96256948320640E+03	-2.93727851437783E-01
 1.96257222110643E+03	-2.08565918017241E-01
 1.96257495900646E+03	-9.40310926246016E-02
 1.96257769690649E+03	 1.26741196806790E-02
 1.96258043480652E+03	 7.68197151454927E-02
 1.96258317270655E+03	 8.51472282002752E-02
 1.96258591060658E+03	 5.25372530782497E-02
 1.96258864850661E+03	 7.82934088984253E-03
 1.96259138640664E+03	-2.90464693407236E-02
 1.96259412430667E+03	-5.74077888502304E-02
 1.96259686220670E+03	-8.64854864950364E-02
 1.96259960010673E+03	-1.19884667048487E-01
 1.96260233800677E+03	-1.50218992387722E-01
 1.96260507590680E+03	-1.65185475949575E-01
 1.96260781380683E+03	-1.54542942253857E-01
 1.96261055170686E+03	-1.11356250988356E-01
 1.96261328960689E+03	-3.10897593157389E-02
 1.96261602750692E+03	 8.48877619055475E-02
 1.96261876540695E+03	 2.20950334386124E-01
 1.96262150330698E+03	 3.42048758575631E-01
 1.96262424120701E+03	 4.02202269401798E-01
 1.96262697910704E+03	 3.67707390053622E-01
 1.96262971700707E+03	 2.40048239900156E-01
 1.96263245490710E+03	 5.84736816121094E-02
 1.96263519280713E+03	-1.21453731163206E-01
 1.96263793070717E+03	-2.55006728326433E-01
 1.96264066860720E+03	-3.20491179965636E-01
 1.96264340650723E+03	-3.14820187776861E-01
 1.96264614440726E+03	-2.46746250042619E-01
 1.96264888230729E+03	-1.37259937620527E-01
 1.96265162020732E+03	-2.08784280651528E-02
 1.96265435810735E+03	 6.36547167034407E-02
 1.96265709600738E+03	 9.25919892887609E-02
 1.96265983390741E+03	 7.06944339162319E-02
 1.96266257180744E+03	 2.46186274848532E-02
 1.96266530970747E+03	-1.93715311559455E-02
 1.96266804760750E+03	-5.27216920183938E-02
 1.96267078550753E+03	-8.22615016021690E-02
 1.96267352340756E+03	-1.14956792177686E-01
 1.96267626130760E+03	-1.47610849469749E-01
 1.96267899920763E+03	-1.69244344236328E-01
 1.96268173710766E+03	-1.68629174921171E-01
 1.96268447500769E+03	-1.37632146816132E-01
 1.96268721290772E+03	-7.04123097229976E-02
 1.96268995080775E+03	 3.50400108997657E-02
 1.96269268870778E+03	 1.69581861644461E-01
 1.96269542660781E+03	 3.04922511497640E-01
 1.96269816450784E+03	 3.96040423957321E-01
 1.96270090240787E+03	 4.00317757570740E-01
 1.96270364030790E+03	 3.03872801339481E-01
 1.96270637820793E+03	 1.33774825728150E-01
 1.96270911610796E+03	-5.60006695972627E-02
 1.96271185400800E+03	-2.13154237004909E-01
 1.96271459190803E+03	-3.06663830443618E-01
 1.96271732980806E+03	-3.27340223851994E-01
 1.96272006770809E+03	-2.79950578160515E-01
 1.96272280560812E+03	-1.80802176489489E-01
 1.96272554350815E+03	-6.02298463228901E-02
 1.96272828140818E+03	 4.19193813798237E-02
 1.96273101930821E+03	 9.32607883655563E-02
 1.96273375720824E+03	 8.70912691209142E-02
 1.96273649510827E+03	 4.41798704827545E-02
 1.96273923300830E+03	-5.66553923784664E-03
 1.96274197090833E+03	-4.56057147655174E-02
 1.96274470880836E+03	-7.74945240351873E-02
 1.96274744670840E+03	-1.09764954585198E-01
 1.96275018460843E+03	-1.43571705797464E-01
 1.96275292250846E+03	-1.70437783731378E-01
 1.96275566040849E+03	-1.78829936178474E-01
 1.96275839830852E+03	-1.59446906740175E-01
 1.96276113620855E+03	-1.05438076742886E-01
 1.96276387410858E+03	-1.24714380014844E-02
 1.96276661200861E+03	 1.15823070834900E-01
 1.96276934990864E+03	 2.58675829111164E-01
 1.96277208780867E+03	 3.75177933784504E-01
 1.96277482570870E+03	 4.17564855057160E-01
 1.96277756360873E+03	 3.57790989242496E-01
 1.96278030150876E+03	 2.08003775618807E-01
 1.96278303940880E+03	 1.61021259257733E-02
 1.96278577730883E+03	-1.60714578223011E-01
 1.96278851520886E+03	-2.81747932386473E-01
 1.96279125310889E+03	-3.30226945834062E-01
 1.96279399100892E+03	-3.06462341905037E-01
 1.96279672890895E+03	-2.22402836425671E-01
 1.96279946680898E+03	-1.03436104055168E-01
 1.96280220470901E+03	 1.20990457665016E-02
 1.96280494260904E+03	 8.58170622239809E-02
 1.96280768050907E+03	 9.95250558425262E-02
 1.96281041840910E+03	 6.49767566610063E-02
 1.96281315630913E+03	 1.19754435252045E-02
 1.96281589420916E+03	-3.52296992029869E-02
 1.96281863210919E+03	-7.14814195831024E-02
 1.96282137000923E+03	-1.04269071793098E-01
 1.96282410790926E+03	-1.38503191509712E-01
 1.96282684580929E+03	-1.69176487474438E-01
 1.96282958370932E+03	-1.85387258705178E-01
 1.96283232160935E+03	-1.76844947975522E-01
 1.96283505950938E+03	-1.35777651182019E-01
 1.96283779740941E+03	-5.63603827914408E-02
 1.96284053530944E+03	 6.20367848298875E-02
 1.96284327320947E+03	 2.06046299004124E-01
 1.96284601110950E+03	 3.41229150338747E-01
 1.96284874900953E+03	 4.18684849588598E-01
 1.96285148690956E+03	 3.98800695004352E-01
 1.96285422480959E+03	 2.77469986715576E-01
 1.96285696270963E+03	 9.21772374695416E-02
 1.96285970060966E+03	-9.87277500252250E-02
 1.96286243850969E+03	-2.45583766834060E-01
 1.96286517640972E+03	-3.22661160767578E-01
 1.96286791430975E+03	-3.24842160999767E-01
 1.96287065220978E+03	-2.59942493748398E-01
 1.96287339010981E+03	-1.48265159749506E-01
 1.96287612800984E+03	-2.46237286285453E-02
 1.96287886590987E+03	 6.96006627350706E-02
 1.96288160380990E+03	 1.05961198941640E-01
 1.96288434170993E+03	 8.50667126970881E-02
 1.96288707960996E+03	 3.28900474501479E-02
 1.96288981750999E+03	-2.10264010896954E-02
 1.96289255541003E+03	-6.33994567698559E-02
 1.96289529331006E+03	-9.81915975809623E-02
 1.96289803121009E+03	-1.32698141482867E-01
 1.96290076911012E+03	-1.65905080208824E-01
 1.96290350701015E+03	-1.88619229809263E-01
 1.96290624491018E+03	-1.89981282482823E-01
 1.96290898281021E+03	-1.61289970172701E-01
 1.96291172071024E+03	-9.57546163653638E-02
 1.96291445861027E+03	 1.02273186595685E-02
 1.96291719651030E+03	 1.49855865937397E-01
 1.96291993441033E+03	 2.96528989789585E-01
 1.96292267231036E+03	 4.03967444428255E-01
 1.96292541021039E+03	 4.24645207284937E-01
 1.96292814811042E+03	 3.38493212865979E-01
 1.96293088601046E+03	 1.68975127140698E-01
 1.96293362391049E+03	-2.88863070510270E-02
 1.96293636181052E+03	-1.98425711348629E-01
 1.96293909971055E+03	-3.04076097190633E-01
 1.96294183761058E+03	-3.33928151373941E-01
 1.96294457551061E+03	-2.91539348805766E-01
 1.96294731341064E+03	-1.92389897264769E-01
 1.96295005131067E+03	-6.64986343474593E-02
 1.96295278921070E+03	 4.47005857949895E-02
 1.96295552711073E+03	 1.04766296758378E-01
 1.96295826501076E+03	 1.02297030853831E-01
 1.96296100291079E+03	 5.58592341731451E-02
 1.96296374081082E+03	-2.83016408997601E-03
 1.96296647871086E+03	-5.24288096093250E-02
 1.96296921661089E+03	-9.10284768111881E-02
 1.96297195451092E+03	-1.26282969742279E-01
 1.96297469241095E+03	-1.61060249481603E-01
 1.96297743031098E+03	-1.88909351427869E-01
 1.96298016821101E+03	-1.99094754484055E-01
 1.96298290611104E+03	-1.82018317873134E-01
 1.96298564401107E+03	-1.30157721439028E-01
 1.96298838191110E+03	-3.80488891589646E-02
 1.96299111981113E+03	 9.27757864606910E-02
 1.96299385771116E+03	 2.43891919638057E-01
 1.96299659561119E+03	 3.74712051079192E-01
 1.96299933351122E+03	 4.34028860884240E-01
 1.96300207141126E+03	 3.87715463358197E-01
 1.96300480931129E+03	 2.42852508856366E-01
 1.96300754721132E+03	 4.64411870404327E-02
 1.96301028511135E+03	-1.41041647390400E-01
 1.96301302301138E+03	-2.74194849241276E-01
 1.96301576091141E+03	-3.32822677753389E-01
 1.96301849881144E+03	-3.15603362452952E-01
 1.96302123671147E+03	-2.33559471776698E-01
 1.96302397461150E+03	-1.11384625867243E-01
 1.96302671251153E+03	 1.19420400129301E-02
 1.96302945041156E+03	 9.48956852825075E-02
 1.96303218831159E+03	 1.14536655180198E-01
 1.96303492621162E+03	 7.91890658058487E-02
 1.96303766411165E+03	 1.90239870294893E-02
 1.96304040201169E+03	-3.78958618129485E-02
 1.96304313991172E+03	-8.21005322173531E-02
 1.96304587781175E+03	-1.19174492066224E-01
 1.96304861571178E+03	-1.55017521019389E-01
 1.96305135361181E+03	-1.86689157536157E-01
 1.96305409151184E+03	-2.04492623712689E-01
 1.96305682941187E+03	-1.98133670518377E-01
 1.96305956731190E+03	-1.59382659138604E-01
 1.96306230521193E+03	-8.17110654153593E-02
 1.96306504311196E+03	 3.71353441335213E-02
 1.96306778101199E+03	 1.86339108273031E-01
 1.96307051891202E+03	 3.33081436957407E-01
 1.96307325681205E+03	 4.26739789897185E-01
 1.96307599471209E+03	 4.22407849028755E-01
 1.96307873261212E+03	 3.10024892100743E-01
 1.96308147051215E+03	 1.24258500169437E-01
 1.96308420841218E+03	-7.48024237010564E-02
 1.96308694631221E+03	-2.33097170100570E-01
 1.96308968421224E+03	-3.20884205816246E-01
 1.96309242211227E+03	-3.30849529544954E-01
 1.96309516001230E+03	-2.69730450628558E-01
 1.96309789791233E+03	-1.56946791808775E-01
 1.96310063581236E+03	-2.72052890180560E-02
 1.96310337371239E+03	 7.60122161069713E-02
 1.96310611161242E+03	 1.19913631890361E-01
 1.96310884951245E+03	 1.00861672616600E-01
 1.96311158741249E+03	 4.36594301993282E-02
 1.96311432531252E+03	-1.94177487997603E-02
 1.96311706321255E+03	-7.06442953148636E-02
 1.96311980111258E+03	-1.11062716655175E-01
 1.96312253901261E+03	-1.48032775915661E-01
 1.96312527691264E+03	-1.82409198873528E-01
 1.96312801481267E+03	-2.06541613312663E-01
 1.96313075271270E+03	-2.09892429846143E-01
 1.96313349061273E+03	-1.83473232039320E-01
 1.96313622851276E+03	-1.20127206393978E-01
 1.96313896641279E+03	-1.52075782484156E-02
 1.96314170431282E+03	 1.26828286868016E-01
 1.96314444221285E+03	 2.81872288638604E-01
 1.96314718011289E+03	 4.03661930119796E-01
 1.96314991801292E+03	 4.40732686342335E-01
 1.96315265591295E+03	 3.66870301473909E-01
 1.96315539381298E+03	 2.01073371115944E-01
 1.96315813171301E+03	-1.73613009391640E-03
 1.96316086961304E+03	-1.81308124017922E-01
 1.96316360751307E+03	-2.97739828667945E-01
 1.96316634541310E+03	-3.36285068935535E-01
 1.96316908331313E+03	-2.99148696156919E-01
 1.96317182121316E+03	-2.00845384506058E-01
 1.96317455911319E+03	-7.07802071644207E-02
 1.96317729701322E+03	 4.85233525360357E-02
 1.96318003491325E+03	 1.17027204338409E-01
 1.96318277281328E+03	 1.18737159708354E-01
 1.96318551071332E+03	 6.96863361733281E-02
 1.96318824861335E+03	 2.97395301753037E-03
 1.96319098651338E+03	-5.59342310161721E-02
 1.96319372441341E+03	-1.01428712792116E-01
 1.96319646231344E+03	-1.40188117229090E-01
 1.96319920021347E+03	-1.76496625929064E-01
 1.96320193811350E+03	-2.05658433080221E-01
 1.96320467601353E+03	-2.17610515824608E-01
 1.96320741391356E+03	-2.02628369717439E-01
 1.96321015181359E+03	-1.53046353204363E-01
 1.96321288971362E+03	-6.29262434245681E-02
 1.96321562761365E+03	 6.80184936385319E-02
 1.96321836551368E+03	 2.24232999813916E-01
 1.96322110341372E+03	 3.66673296133981E-01
 1.96322384131375E+03	 4.41924920649306E-01
 1.96322657921378E+03	 4.10250329437647E-01
 1.96322931711381E+03	 2.73111342874972E-01
 1.96323205501384E+03	 7.54770302463921E-02
 1.96323479291387E+03	-1.19891796554560E-01
 1.96323753081390E+03	-2.63327075907615E-01
 1.96324026871393E+03	-3.31189359351384E-01
 1.96324300661396E+03	-3.20383348642612E-01
 1.96324574451399E+03	-2.40893830917816E-01
 1.96324848241402E+03	-1.16519235444404E-01
 1.96325122031405E+03	 1.35356506734102E-02
 1.96325395821408E+03	 1.05107236394023E-01
 1.96325669611412E+03	 1.30781233640545E-01
 1.96325943401415E+03	 9.53007569753870E-02
 1.96326217191418E+03	 2.87515189101477E-02
 1.96326490981421E+03	-3.74217347790716E-02
 1.96326764771424E+03	-8.96019793871815E-02
 1.96327038561427E+03	-1.31353651349953E-01
 1.96327312351430E+03	-1.69301773292606E-01
 1.96327586141433E+03	-2.02292703320167E-01
 1.96327859931436E+03	-2.21650900638172E-01
 1.96328133721439E+03	-2.17140504917749E-01
 1.96328407511442E+03	-1.80507872396289E-01
 1.96328681301445E+03	-1.05217902897072E-01
 1.96328955091448E+03	 1.20948711254614E-02
 1.96329228881451E+03	 1.63365185930423E-01
 1.96329502671455E+03	 3.18443133562034E-01
 1.96329776461458E+03	 4.26366412610065E-01
 1.96330050251461E+03	 4.37808479568162E-01
 1.96330324041464E+03	 3.36596637814914E-01
 1.96330597831467E+03	 1.53587232126830E-01
 1.96330871621470E+03	-5.05266769257996E-02
 1.96331145411473E+03	-2.17964126489654E-01
 1.96331419201476E+03	-3.15105077360670E-01
 1.96331692991479E+03	-3.32323562992906E-01
 1.96331966781482E+03	-2.75170658441567E-01
 1.96332240571485E+03	-1.62054109170211E-01
 1.96332514361488E+03	-2.72626186967021E-02
 1.96332788151491E+03	 8.41014762136688E-02
 1.96333061941495E+03	 1.35289093516130E-01
 1.96333335731498E+03	 1.18445336969243E-01
 1.96333609521501E+03	 5.68679126499962E-02
 1.96333883311504E+03	-1.48714849757912E-02
 1.96334157101507E+03	-7.48554064230265E-02
 1.96334430891510E+03	-1.21176499902174E-01
 1.96334704681513E+03	-1.61040476891880E-01
 1.96334978471516E+03	-1.96897192400107E-01
 1.96335252261519E+03	-2.22417963506205E-01
 1.96335526051522E+03	-2.27353961113714E-01
 1.96335799841525E+03	-2.02746143979614E-01
 1.96336073631528E+03	-1.41741740198172E-01
 1.96336347421531E+03	-3.93316249075764E-02
 1.96336621211535E+03	 1.02246055597198E-01
 1.96336895001538E+03	 2.62154308103485E-01
 1.96337168791541E+03	 3.95540617227522E-01
 1.96337442581544E+03	 4.48205580354588E-01
 1.96337716371547E+03	 3.88071888761993E-01
 1.96337990161550E+03	 2.28942092426442E-01
 1.96338263951553E+03	 2.44629152003688E-02
 1.96338537741556E+03	-1.62437440633193E-01
 1.96338811531559E+03	-2.87854267163438E-01
 1.96339085321562E+03	-3.34155099039907E-01
 1.96339359111565E+03	-3.02080369944038E-01
 1.96339632901568E+03	-2.05091294587582E-01
 1.96339906691571E+03	-7.17704459098400E-02
 1.96340180481574E+03	 5.46818303134200E-02
 1.96340454271578E+03	 1.31076365991216E-01
 1.96340728061581E+03	 1.37013060551760E-01
 1.96341001851584E+03	 8.58010947840296E-02
 1.96341275641587E+03	 1.15262399863343E-02
 1.96341549431590E+03	-5.65289859217098E-02
 1.96341823221593E+03	-1.09105643178241E-01
 1.96342097011596E+03	-1.51742342589035E-01
 1.96342370801599E+03	-1.89883958105263E-01
 1.96342644591602E+03	-2.20350285258999E-01
 1.96342918381605E+03	-2.33643396396713E-01
 1.96343192171608E+03	-2.20106392122356E-01
 1.96343465961611E+03	-1.72520346943688E-01
 1.96343739751614E+03	-8.52465695412647E-02
 1.96344013541618E+03	 4.34038792748718E-02
 1.96344287331621E+03	 2.01187080438784E-01
 1.96344561121624E+03	 3.51871485989765E-01
 1.96344834911627E+03	 4.41258277415088E-01
 1.96345108701630E+03	 4.24718954296499E-01
 1.96345382491633E+03	 2.97731880023785E-01
 1.96345656281636E+03	 1.02142009769508E-01
 1.96345930071639E+03	-9.80872125019632E-02
 1.96346203861642E+03	-2.49584901848857E-01
 1.96346477651645E+03	-3.25336265132846E-01
 1.96346751441648E+03	-3.20368478911780E-01
 1.96347025231651E+03	-2.43553209889617E-01
 1.96347299021654E+03	-1.17668556217521E-01
 1.96347572811658E+03	 1.81725454575553E-02
 1.96347846601661E+03	 1.17612572282926E-01
 1.96348120391664E+03	 1.49068529967201E-01
 1.96348394181667E+03	 1.13665140596313E-01
 1.96348667971670E+03	 4.10872057782731E-02
 1.96348941761673E+03	-3.41671363377788E-02
 1.96349215551676E+03	-9.44562407995630E-02
 1.96349489341679E+03	-1.41216930742877E-01
 1.96349763131682E+03	-1.81569594565349E-01
 1.96350036921685E+03	-2.15904043683261E-01
 1.96350310711688E+03	-2.36407131857398E-01
 1.96350584501691E+03	-2.32982226841383E-01
 1.96350858291694E+03	-1.97825952609564E-01
 1.96351132081698E+03	-1.25184790233229E-01
 1.96351405871701E+03	-1.12306351412708E-02
 1.96351679661704E+03	 1.38804675658636E-01
 1.96351953451707E+03	 2.98466468928931E-01
 1.96352227241710E+03	 4.17958525579922E-01
 1.96352501031713E+03	 4.44638857822672E-01
 1.96352774821716E+03	 3.56292212725154E-01
 1.96353048611719E+03	 1.79081311332168E-01
 1.96353322401722E+03	-2.68658565349117E-02
 1.96353596191725E+03	-2.00843485973691E-01
 1.96353869981728E+03	-3.05590626853428E-01
 1.96354143771731E+03	-3.29104276278771E-01
 1.96354417561734E+03	-2.75669790081600E-01
 1.96354691351737E+03	-1.62611944309256E-01
 1.96354965141741E+03	-2.35859349545354E-02
 1.96355238931744E+03	 9.50810348763675E-02
 1.96355512721747E+03	 1.53058125591553E-01
 1.96355786511750E+03	 1.38377478164910E-01
 1.96356060301753E+03	 7.26238279773458E-02
 1.96356334091756E+03	-7.65010198190396E-03
 1.96356607881759E+03	-7.65105833509518E-02
 1.96356881671762E+03	-1.29049211561003E-01
 1.96357155461765E+03	-1.72117337106382E-01
 1.96357429251768E+03	-2.09521913299359E-01
 1.96357703041771E+03	-2.36066662518895E-01
 1.96357976831774E+03	-2.41778931405301E-01
 1.96358250621777E+03	-2.18071580875681E-01
 1.96358524411781E+03	-1.59130887264513E-01
 1.96358798201784E+03	-6.03865920914749E-02
 1.96359071991787E+03	 7.78792150246998E-02
 1.96359345781790E+03	 2.38796699404023E-01
 1.96359619571793E+03	 3.80367868499624E-01
 1.96359893361796E+03	 4.47051200045949E-01
 1.96360167151799E+03	 4.01431306711057E-01
 1.96360440941802E+03	 2.51557027941907E-01
 1.96360714731805E+03	 4.86556464932242E-02
 1.96360988521808E+03	-1.42659425179855E-01
 1.96361262311811E+03	-2.74927726341139E-01
 1.96361536101814E+03	-3.27649903802154E-01
 1.96361809891817E+03	-3.00019273103528E-01
 1.96362083681821E+03	-2.04396236030320E-01
 1.96362357471824E+03	-6.84153976480635E-02
 1.96362631261827E+03	 6.43598844843015E-02
 1.96362905051830E+03	 1.47981629025677E-01
 1.96363178841833E+03	 1.57862750445448E-01
 1.96363452631836E+03	 1.04501954126184E-01
 1.96363726421839E+03	 2.27016263260303E-02
 1.96364000211842E+03	-5.46458773200695E-02
 1.96364274001845E+03	-1.14632495237648E-01
 1.96364547791848E+03	-1.61487221343779E-01
 1.96364821581851E+03	-2.01586764500322E-01
 1.96365095371854E+03	-2.33062482973371E-01
 1.96365369161857E+03	-2.46899954904701E-01
 1.96365642951860E+03	-2.33722902463546E-01
 1.96365916741864E+03	-1.87390462763090E-01
 1.96366190531867E+03	-1.03431398162013E-01
 1.96366464321870E+03	 2.06890546046087E-02
 1.96366738111873E+03	 1.76355686457346E-01
 1.96367011901876E+03	 3.31397649658042E-01
 1.96367285691879E+03	 4.32382208130045E-01
 1.96367559481882E+03	 4.30740894061547E-01
 1.96367833271885E+03	 3.15822245557993E-01
 1.96368107061888E+03	 1.25353767129715E-01
 1.96368380851891E+03	-7.66193324431138E-02
 1.96368654641894E+03	-2.33694010733115E-01
 1.96368928431897E+03	-3.15635044627454E-01
 1.96369202221900E+03	-3.15526697060332E-01
 1.96369476011904E+03	-2.41080654325007E-01
 1.96369749801907E+03	-1.13994163267884E-01
 1.96370023591910E+03	 2.69301339439510E-02
 1.96370297381913E+03	 1.33503335290777E-01
 1.96370571171916E+03	 1.70267729729464E-01
 1.96370844961919E+03	 1.34761539500956E-01
 1.96371118751922E+03	 5.60690112960619E-02
 1.96371392541925E+03	-2.84729280170367E-02
 1.96371666331928E+03	-9.72416664457612E-02
 1.96371940121931E+03	-1.49406934870440E-01
 1.96372213911934E+03	-1.92364586739613E-01
 1.96372487701937E+03	-2.27837770423882E-01
 1.96372761491940E+03	-2.48748731259896E-01
 1.96373035281944E+03	-2.45239830835710E-01
 1.96373309071947E+03	-2.10456216415637E-01
 1.96373582861950E+03	-1.40279859903638E-01
 1.96373856651953E+03	-3.11932698064040E-02
 1.96374130441956E+03	 1.14339817489795E-01
 1.96374404231959E+03	 2.74502365271722E-01
 1.96374678021962E+03	 4.02224771460689E-01
 1.96374951811965E+03	 4.42848038637816E-01
 1.96375225601968E+03	 3.68423897244393E-01
 1.96375499391971E+03	 1.99701198401046E-01
 1.96375773181974E+03	-4.90590665225935E-03
 1.96376046971977E+03	-1.82646031758073E-01
 1.96376320761980E+03	-2.92952895265251E-01
 1.96376594551983E+03	-3.21435813774641E-01
 1.96376868341987E+03	-2.71059778221112E-01
 1.96377142131990E+03	-1.58040942744603E-01
 1.96377415921993E+03	-1.52732055291022E-02
 1.96377689711996E+03	 1.09989470715599E-01
 1.96377963501999E+03	 1.74159448358222E-01
 1.96378237292002E+03	 1.61289242418191E-01
 1.96378511082005E+03	 9.11361443395480E-02
 1.96378784872008E+03	 2.03430592574760E-03
 1.96379058662011E+03	-7.61427454720946E-02
 1.96379332452014E+03	-1.35374883774269E-01
 1.96379606242017E+03	-1.81945825823648E-01
 1.96379880032020E+03	-2.20805158237051E-01
 1.96380153822023E+03	-2.47734846821251E-01
 1.96380427612027E+03	-2.53049254692101E-01
 1.96380701402030E+03	-2.28890132272541E-01
 1.96380975192033E+03	-1.71256810866299E-01
 1.96381248982036E+03	-7.69174207598894E-02
 1.96381522772039E+03	 5.53894377087916E-02
 1.96381796562042E+03	 2.13325537305345E-01
 1.96382070352045E+03	 3.59171268243157E-01
 1.96382344142048E+03	 4.37570018839932E-01
 1.96382617932051E+03	 4.06528293999816E-01
 1.96382891722054E+03	 2.67995476182109E-01
 1.96383165512057E+03	 6.97224117988759E-02
 1.96383439302060E+03	-1.23028823207089E-01
 1.96383713092063E+03	-2.59785772472289E-01
 1.96383986882067E+03	-3.17273633519264E-01
 1.96384260672070E+03	-2.93086354118515E-01
 1.96384534462073E+03	-1.98466313191789E-01
 1.96384808252076E+03	-6.00438917569326E-02
 1.96385082042079E+03	 7.84694262803229E-02
 1.96385355832082E+03	 1.68680710983951E-01
 1.96385629622085E+03	 1.82022696203572E-01
 1.96385903412088E+03	 1.26157751581432E-01
 1.96386177202091E+03	 3.64394029022571E-02
 1.96386450992094E+03	-5.07277089414121E-02
 1.96386724782097E+03	-1.18703238834728E-01
 1.96386998572100E+03	-1.70197633629019E-01
 1.96387272362103E+03	-2.12297049014948E-01
 1.96387546152107E+03	-2.44273275488491E-01
 1.96387819942110E+03	-2.57543207928325E-01
 1.96388093732113E+03	-2.43236719371805E-01
 1.96388367522116E+03	-1.96940354582074E-01
 1.96388641312119E+03	-1.16284944256016E-01
 1.96388915102122E+03	 1.41905524180626E-03
 1.96389188892125E+03	 1.51343761745290E-01
 1.96389462682128E+03	 3.06537966746021E-01
 1.96389736472131E+03	 4.15945803566602E-01
 1.96390010262134E+03	 4.28212243961323E-01
 1.96390284052137E+03	 3.26649966824071E-01
 1.96390557842140E+03	 1.44027961651951E-01
 1.96390831632143E+03	-5.66361668058112E-02
 1.96391105422146E+03	-2.16659164563959E-01
 1.96391379212150E+03	-3.02825997576017E-01
 1.96391653002153E+03	-3.06256227494395E-01
 1.96391926792156E+03	-2.33477612752370E-01
 1.96392200582159E+03	-1.05094926107203E-01
 1.96392474372162E+03	 4.05291464036574E-02
 1.96392748162165E+03	 1.53643146367353E-01
 1.96393021952168E+03	 1.95160804173032E-01
 1.96393295742171E+03	 1.59088873036504E-01
 1.96393569532174E+03	 7.37931472295521E-02
 1.96393843322177E+03	-2.06574432480272E-02
 1.96394117112180E+03	-9.86027617268313E-02
 1.96394390902183E+03	-1.56740509971794E-01
 1.96394664692186E+03	-2.02505579375930E-01
 1.96394938482190E+03	-2.38767905864868E-01
 1.96395212272193E+03	-2.59091576512980E-01
 1.96395486062196E+03	-2.53973999118801E-01
 1.96395759852199E+03	-2.18012180737429E-01
 1.96396033642202E+03	-1.49612968003321E-01
 1.96396307432205E+03	-4.64489130130365E-02
 1.96396581222208E+03	 9.15539603701872E-02
 1.96396855012211E+03	 2.48015381716972E-01
 1.96397128802214E+03	 3.80133881780465E-01
 1.96397402592217E+03	 4.32677443412171E-01
 1.96397676382220E+03	 3.72516458060904E-01
 1.96397950172223E+03	 2.14472223453434E-01
 1.96398223962226E+03	 1.41722647429540E-02
 1.96398497752230E+03	-1.64513164312580E-01
 1.96398771542233E+03	-2.78137625146668E-01
 1.96399045332236E+03	-3.09972463025423E-01
 1.96399319122239E+03	-2.61632643531611E-01
 1.96399592912242E+03	-1.48231836270906E-01
 1.96399866702245E+03	-1.84579766309670E-03
 1.96400140492248E+03	 1.29546985067176E-01
 1.96400414282251E+03	 1.99352833854814E-01
 1.96400688072254E+03	 1.87763555462246E-01
 1.96400961862257E+03	 1.12645181485653E-01
 1.96401235652260E+03	 1.40080936601353E-02
 1.96401509442263E+03	-7.43039540647147E-02
 1.96401783232266E+03	-1.40961003295365E-01
 1.96402057022269E+03	-1.91423246946181E-01
 1.96402330812273E+03	-2.31575372829738E-01
 1.96402604602276E+03	-2.58056053274398E-01
 1.96402878392279E+03	-2.61500299576860E-01
 1.96403152182282E+03	-2.35136418322319E-01
 1.96403425972285E+03	-1.77560220028364E-01
 1.96403699762288E+03	-8.78481109382568E-02
 1.96403973552291E+03	 3.62414692118395E-02
 1.96404247342294E+03	 1.87289606034419E-01
 1.96404521132297E+03	 3.33184859548162E-01
 1.96404794922300E+03	 4.20353445758749E-01
 1.96405068712303E+03	 4.03199137435971E-01
 1.96405342502306E+03	 2.77467685685085E-01
 1.96405616292309E+03	 8.65184000482673E-02
 1.96405890082313E+03	-1.04772056829785E-01
 1.96406163872316E+03	-2.43541971148203E-01
 1.96406437662319E+03	-3.03907798659127E-01
 1.96406711452322E+03	-2.81847219633811E-01
 1.96406985242325E+03	-1.87489139905476E-01
 1.96407259032328E+03	-4.64538486552249E-02
 1.96407532822331E+03	 9.75273281122890E-02
 1.96407806612334E+03	 1.93841703221513E-01
 1.96408080402337E+03	 2.10101508840322E-01
 1.96408354192340E+03	 1.51122317905259E-01
 1.96408627982343E+03	 5.27140482828292E-02
 1.96408901772346E+03	-4.52017623346899E-02
 1.96409175562349E+03	-1.22067579860737E-01
 1.96409449352353E+03	-1.78798224578657E-01
 1.96409723142356E+03	-2.22951292032431E-01
 1.96409996932359E+03	-2.54792870326800E-01
 1.96410270722362E+03	-2.66147543653170E-01
 1.96410544512365E+03	-2.48880295618868E-01
 1.96410818302368E+03	-2.00946143203992E-01
 1.96411092092371E+03	-1.23045818266074E-01
 1.96411365882374E+03	-1.31463028309976E-02
 1.96411639672377E+03	 1.27683540421390E-01
 1.96411913462380E+03	 2.78715344959330E-01
 1.96412187252383E+03	 3.92868271000245E-01
 1.96412461042386E+03	 4.17316133481509E-01
 1.96412734832389E+03	 3.29680520139767E-01
 1.96413008622392E+03	 1.57130891489737E-01
 1.96413282412396E+03	-3.93882080040562E-02
 1.96413556202399E+03	-1.99716564062242E-01
 1.96413829992402E+03	-2.87982414595471E-01
 1.96414103782405E+03	-2.93369533014444E-01
 1.96414377572408E+03	-2.21218552323510E-01
 1.96414651362411E+03	-9.10621859068677E-02
 1.96414925152414E+03	 5.92370550499363E-02
 1.96415198942417E+03	 1.78543285332991E-01
 1.96415472732420E+03	 2.24316776126332E-01
 1.96415746522423E+03	 1.87068506773085E-01
 1.96416020312426E+03	 9.43677780029675E-02
 1.96416294102429E+03	-1.10050777268466E-02
 1.96416567892432E+03	-9.91900612795318E-02
 1.96416841682436E+03	-1.64118701086693E-01
 1.96417115472439E+03	-2.12987137350528E-01
 1.96417389262442E+03	-2.49635627819208E-01
 1.96417663052445E+03	-2.68206929173625E-01
 1.96417936842448E+03	-2.59680142177634E-01
 1.96418210632451E+03	-2.20591110362366E-01
 1.96418484422454E+03	-1.52761294829264E-01
 1.96418758212457E+03	-5.60121480513027E-02
 1.96419032002460E+03	 7.18634377694961E-02
 1.96419305792463E+03	 2.20524231974130E-01
 1.96419579582466E+03	 3.52883660106112E-01
 1.96419853372469E+03	 4.14668138902409E-01
 1.96420127162472E+03	 3.68349280310771E-01
 1.96420400952476E+03	 2.22548494005388E-01
 1.96420674742479E+03	 2.91635042857236E-02
 1.96420948532482E+03	-1.47750214709353E-01
 1.96421222322485E+03	-2.62368041564270E-01
 1.96421496112488E+03	-2.95739098952743E-01
 1.96421769902491E+03	-2.48127047500741E-01
 1.96422043692494E+03	-1.33569110664208E-01
 1.96422317482497E+03	 1.66849976918569E-02
 1.96422591272500E+03	 1.54052777392466E-01
 1.96422865062503E+03	 2.29101463886286E-01
 1.96423138852506E+03	 2.18231998202230E-01
 1.96423412642509E+03	 1.37361172973674E-01
 1.96423686432512E+03	 2.81311768947498E-02
 1.96423960222516E+03	-7.15152242218685E-02
 1.96424234012519E+03	-1.46637868520243E-01
 1.96424507802522E+03	-2.01550884008207E-01
 1.96424781592525E+03	-2.42855510324667E-01
 1.96425055382528E+03	-2.67951507826303E-01
 1.96425329172531E+03	-2.67846848132540E-01
 1.96425602962534E+03	-2.37198536929042E-01
 1.96425876752537E+03	-1.77958287114982E-01
 1.96426150542540E+03	-9.25156517057284E-02
 1.96426424332543E+03	 2.16458292802131E-02
 1.96426698122546E+03	 1.62201113051715E-01
 1.96426971912549E+03	 3.03811343508215E-01
 1.96427245702552E+03	 3.96283876230086E-01
 1.96427519492555E+03	 3.91577397564388E-01
 1.96427793282559E+03	 2.79388088564223E-01
 1.96428067072562E+03	 9.79591908840150E-02
 1.96428340862565E+03	-8.92015425025224E-02
 1.96428614652568E+03	-2.27520865909656E-01
 1.96428888442571E+03	-2.88748851125117E-01
 1.96429162232574E+03	-2.67272005158832E-01
 1.96429436022577E+03	-1.72126597230772E-01
 1.96429709812580E+03	-2.79467813885380E-02
 1.96429983602583E+03	 1.21579671750014E-01
 1.96430257392586E+03	 2.23760731447957E-01
 1.96430531182589E+03	 2.42477582916196E-01
 1.96430804972592E+03	 1.79661657927723E-01
 1.96431078762595E+03	 7.15136142486791E-02
 1.96431352552599E+03	-3.84436081383802E-02
 1.96431626342602E+03	-1.25445631677150E-01
 1.96431900132605E+03	-1.88247052954741E-01
 1.96432173922608E+03	-2.34603125025324E-01
 1.96432447712611E+03	-2.65642332960691E-01
 1.96432721502614E+03	-2.73597503970707E-01
 1.96432995292617E+03	-2.51289566326341E-01
 1.96433269082620E+03	-1.99645507798301E-01
 1.96433542872623E+03	-1.23397273172741E-01
 1.96433816662626E+03	-2.20755845381082E-02
 1.96434090452629E+03	 1.06777700288590E-01
 1.96434364242632E+03	 2.49444360652595E-01
 1.96434638032635E+03	 3.64328038045590E-01
 1.96434911822639E+03	 3.98556194444197E-01
 1.96435185612642E+03	 3.24650086997663E-01
 1.96435459402645E+03	 1.63776003988995E-01
 1.96435733192648E+03	-2.61252511453188E-02
 1.96436006982651E+03	-1.84236215107222E-01
 1.96436280772654E+03	-2.72425689259847E-01
 1.96436554562657E+03	-2.78027715539006E-01
 1.96436828352660E+03	-2.05213964143585E-01
 1.96437102142663E+03	-7.24816022421675E-02
 1.96437375932666E+03	 8.28228900358316E-02
 1.96437649722669E+03	 2.08282083388593E-01
 1.96437923512672E+03	 2.57997306402738E-01
 1.96438197302675E+03	 2.18965342421328E-01
 1.96438471092678E+03	 1.17876158511424E-01
 1.96438744882682E+03	 2.53283248894565E-04
 1.96439018672685E+03	-9.95855462442856E-02
 1.96439292462688E+03	-1.72411214164599E-01
 1.96439566252691E+03	-2.24842689979740E-01
 1.96439840042694E+03	-2.61510060551834E-01
 1.96440113832697E+03	-2.77095862351066E-01
 1.96440387622700E+03	-2.63189932132209E-01
 1.96440661412703E+03	-2.18713752642782E-01
 1.96440935202706E+03	-1.49753453226598E-01
 1.96441208992709E+03	-5.92815565446216E-02
 1.96441482782712E+03	 5.64665458072189E-02
 1.96441756572715E+03	 1.93550489135852E-01
 1.96442030362718E+03	 3.21876519432042E-01
 1.96442304152722E+03	 3.89681173529486E-01
 1.96442577942725E+03	 3.56023498384213E-01
 1.96442851732728E+03	 2.23314351986864E-01
 1.96443125522731E+03	 3.89555744245293E-02
 1.96443399312734E+03	-1.33709551886943E-01
 1.96443673102737E+03	-2.47038117769940E-01
 1.96443946892740E+03	-2.80041208911072E-01
 1.96444220682743E+03	-2.31662997794427E-01
 1.96444494472746E+03	-1.14900614930890E-01
 1.96444768262749E+03	 3.98055514352533E-02
 1.96445042052752E+03	 1.83331455316598E-01
 1.96445315842755E+03	 2.63492558344428E-01
 1.96445589632758E+03	 2.52896232749400E-01
 1.96445863422762E+03	 1.65415516644435E-01
 1.96446137212765E+03	 4.42991712697410E-02
 1.96446411002768E+03	-6.82071020793405E-02
 1.96446684792771E+03	-1.53150167527017E-01
 1.96446958582774E+03	-2.13293976234816E-01
 1.96447232372777E+03	-2.55711078960677E-01
 1.96447506162780E+03	-2.78484127891580E-01
 1.96447779952783E+03	-2.73058623321700E-01
 1.96448053742786E+03	-2.35828799927394E-01
 1.96448327532789E+03	-1.72800714621464E-01
 1.96448601322792E+03	-9.06735882704170E-02
 1.96448875112795E+03	 1.25180524406055E-02
 1.96449148902798E+03	 1.39480971327419E-01
 1.96449422692801E+03	 2.72583258840818E-01
 1.96449696482805E+03	 3.66536975868990E-01
 1.96449970272808E+03	 3.72147767116151E-01
 1.96450244062811E+03	 2.73473894285513E-01
 1.96450517852814E+03	 1.03146118701124E-01
 1.96450791642817E+03	-7.75826764324878E-02
 1.96451065432820E+03	-2.13130878426692E-01
 1.96451339222823E+03	-2.73195103997960E-01
 1.96451613012826E+03	-2.50643431480323E-01
 1.96451886802829E+03	-1.53453419851431E-01
 1.96452160592832E+03	-5.30663116246512E-03
 1.96452434382835E+03	 1.50179070478343E-01
 1.96452708172838E+03	 2.58304120973754E-01
 1.96452981962841E+03	 2.79227921236957E-01
 1.96453255752845E+03	 2.11898351539522E-01
 1.96453529542848E+03	 9.28256166574789E-02
 1.96453803332851E+03	-3.07357434426189E-02
 1.96454077122854E+03	-1.29432354263476E-01
 1.96454350912857E+03	-1.99399186791003E-01
 1.96454624702860E+03	-2.48264963817397E-01
 1.96454898492863E+03	-2.77892286702598E-01
 1.96455172282866E+03	-2.80940856475718E-01
 1.96455446072869E+03	-2.51387239527598E-01
 1.96455719862872E+03	-1.93664756921013E-01
 1.96455993652875E+03	-1.17445503068248E-01
 1.96456267442878E+03	-2.47910900747481E-02
 1.96456541232881E+03	 8.98458167494266E-02
 1.96456815022885E+03	 2.20279620280738E-01
 1.96457088812888E+03	 3.31743968411208E-01
 1.96457362602891E+03	 3.72790077965652E-01
 1.96457636392894E+03	 3.11652451625427E-01
 1.96457910182897E+03	 1.63349586616554E-01
 1.96458183972900E+03	-1.79525829806074E-02
 1.96458457762903E+03	-1.71577425178689E-01
 1.96458731552906E+03	-2.57591049086690E-01
 1.96459005342909E+03	-2.61623887619864E-01
 1.96459279132912E+03	-1.86719791869401E-01
 1.96459552922915E+03	-5.03788605201414E-02
 1.96459826712918E+03	 1.10567839226872E-01
 1.96460100502921E+03	 2.42474070599456E-01
 1.96460374292925E+03	 2.96100048456729E-01
 1.96460648082928E+03	 2.54831699951810E-01
 1.96460921872931E+03	 1.44349472663337E-01
 1.96461195662934E+03	 1.29625785444664E-02
 1.96461469452937E+03	-1.00224553747081E-01
 1.96461743242940E+03	-1.82330260641238E-01
 1.96462017032943E+03	-2.38986740977455E-01
 1.96462290822946E+03	-2.75417921275559E-01
 1.96462564612949E+03	-2.86824776741210E-01
 1.96462838402952E+03	-2.65530151255063E-01
 1.96463112192955E+03	-2.13222825767951E-01
 1.96463385982958E+03	-1.41019863276795E-01
 1.96463659772961E+03	-5.60444067455845E-02
 1.96463933562964E+03	 4.62971976706425E-02
 1.96464207352968E+03	 1.68558157862677E-01
 1.96464481142971E+03	 2.88679273252158E-01
 1.96464754932974E+03	 3.58905392719849E-01
 1.96465028722977E+03	 3.36028415848886E-01
 1.96465302512980E+03	 2.16501018990828E-01
 1.96465576302983E+03	 4.26762303888795E-02
 1.96465850092986E+03	-1.23633576949736E-01
 1.96466123882989E+03	-2.33560209763717E-01
 1.96466397672992E+03	-2.64326137368595E-01
 1.96466671462995E+03	-2.13624606216895E-01
 1.96466945252998E+03	-9.34517270580638E-02
 1.96467219043001E+03	 6.65445623149383E-02
 1.96467492833004E+03	 2.16733192217700E-01
 1.96467766623008E+03	 3.02201875321607E-01
 1.96468040413011E+03	 2.91678461160831E-01
 1.96468314203014E+03	 1.96825565910633E-01
 1.96468587993017E+03	 6.24477971489992E-02
 1.96468861783020E+03	-6.46619927870235E-02
 1.96469135573023E+03	-1.61046960677139E-01
 1.96469409363026E+03	-2.27431687290131E-01
 1.96469683153029E+03	-2.71077852836583E-01
 1.96469956943032E+03	-2.90682681144432E-01
 1.96470230733035E+03	-2.78199287600911E-01
 1.96470504523038E+03	-2.32015766087336E-01
 1.96470778313041E+03	-1.62790998830105E-01
 1.96471052103044E+03	-8.24714057792989E-02
 1.96471325893048E+03	 9.44634723471299E-03
 1.96471599683051E+03	 1.20395855289080E-01
 1.96471873473054E+03	 2.41104050734232E-01
 1.96472147263057E+03	 3.32561142430608E-01
 1.96472421053060E+03	 3.45784516759852E-01
 1.96472694843063E+03	 2.59842822423975E-01
 1.96472968633066E+03	 1.01507284546088E-01
 1.96473242423069E+03	-7.09713528024625E-02
 1.96473516213072E+03	-2.01698566197548E-01
 1.96473790003075E+03	-2.58689376410644E-01
 1.96474063793078E+03	-2.33416111507828E-01
 1.96474337583081E+03	-1.32842462907890E-01
 1.96474611373084E+03	 2.02781859378878E-02
 1.96474885163087E+03	 1.82418180662887E-01
 1.96475158953091E+03	 2.96899588229182E-01
 1.96475432743094E+03	 3.20092399461144E-01
 1.96475706533097E+03	 2.47774691318095E-01
 1.96475980323100E+03	 1.16626796871098E-01
 1.96476254113103E+03	-2.22312234473857E-02
 1.96476527903106E+03	-1.34408220747775E-01
 1.96476801693109E+03	-2.12871214468906E-01
 1.96477075483112E+03	-2.64741338492169E-01
 1.96477349273115E+03	-2.92482973173709E-01
 1.96477623063118E+03	-2.89213879342740E-01
 1.96477896853121E+03	-2.50232411669165E-01
 1.96478170643124E+03	-1.83911760587305E-01
 1.96478444433127E+03	-1.05670494610967E-01
 1.96478718223131E+03	-2.10805070802761E-02
 1.96478992013134E+03	 7.78667710930713E-02
 1.96479265803137E+03	 1.92743818342943E-01
 1.96479539593140E+03	 2.96727206397109E-01
 1.96479813383143E+03	 3.41234902708058E-01
 1.96480087173146E+03	 2.91208670646828E-01
 1.96480360963148E+03	 1.55635400558843E-01
 1.96480634753152E+03	-1.56719490906430E-02
 1.96480908543155E+03	-1.62916276882902E-01
 1.96481182333158E+03	-2.44856457006840E-01
 1.96481456123161E+03	-2.45623173838568E-01
 1.96481729913164E+03	-1.67197481298367E-01
 1.96482003703167E+03	-2.61107296192326E-02
 1.96482277493171E+03	 1.41332608564317E-01
 1.96482551283174E+03	 2.80291853972846E-01
 1.96482825073177E+03	 3.38143410145186E-01
 1.96483098863180E+03	 2.94476003507864E-01
 1.96483372653183E+03	 1.73747099340423E-01
 1.96483646443186E+03	 2.70599943192416E-02
 1.96483920233189E+03	-1.01329814082207E-01
 1.96484194023192E+03	-1.94315369568089E-01
 1.96484467813195E+03	-2.56061239161794E-01
 1.96484741603198E+03	-2.92167374849321E-01
 1.96485015393201E+03	-2.98344405144641E-01
 1.96485289183204E+03	-2.67755821114266E-01
 1.96485562973207E+03	-2.05150677957410E-01
 1.96485836763211E+03	-1.27313961045803E-01
 1.96486110553214E+03	-4.64620519245611E-02
 1.96486384343217E+03	 4.19811709395911E-02
 1.96486658133220E+03	 1.46876918407374E-01
 1.96486931923223E+03	 2.54951705570724E-01
 1.96487205713226E+03	 3.23828285391347E-01
 1.96487479503229E+03	 3.09275977485447E-01
 1.96487753293232E+03	 2.02284690894395E-01
 1.96488027083235E+03	 3.98385887630551E-02
 1.96488300873238E+03	-1.18483816512110E-01
 1.96488574663241E+03	-2.23186633922585E-01
 1.96488848453244E+03	-2.50009066392274E-01
 1.96489122243247E+03	-1.95499672564530E-01
 1.96489396033250E+03	-7.06891732223454E-02
 1.96489669823254E+03	 9.55728455543563E-02
 1.96489943613257E+03	 2.53188367585492E-01
 1.96490217403260E+03	 3.44504471880693E-01
 1.96490491193263E+03	 3.34202960288508E-01
 1.96490764983266E+03	 2.31471951762928E-01
 1.96491038773269E+03	 8.25529051356030E-02
 1.96491312563272E+03	-6.09720473613186E-02
 1.96491586353275E+03	-1.70590937582013E-01
 1.96491860143278E+03	-2.44423167195220E-01
 1.96492133933281E+03	-2.89597476787631E-01
 1.96492407723284E+03	-3.05362790462982E-01
 1.96492681513287E+03	-2.84250650328077E-01
 1.96492955303290E+03	-2.26832021145785E-01
 1.96493229093294E+03	-1.48879504300283E-01
 1.96493502883297E+03	-6.84101811637927E-02
 1.96493776673300E+03	 1.26696101336714E-02
 1.96494050463303E+03	 1.05986347410228E-01
 1.96494324253306E+03	 2.10961010100867E-01
 1.96494598043309E+03	 2.96016082549860E-01
 1.96494871833312E+03	 3.13746795218423E-01
 1.96495145623315E+03	 2.39075925303806E-01
 1.96495419413318E+03	 9.29187206353559E-02
 1.96495693203321E+03	-7.00544627352854E-02
 1.96495966993324E+03	-1.94290868240214E-01
 1.96496240783327E+03	-2.46537521567330E-01
 1.96496514573330E+03	-2.17041533016656E-01
 1.96496788363334E+03	-1.11806405568980E-01
 1.96497062153337E+03	 4.73436924623905E-02
 1.96497335943340E+03	 2.17017025788026E-01
 1.96497609733343E+03	 3.38576747637794E-01
 1.96497883523346E+03	 3.64474797027003E-01
 1.96498157313349E+03	 2.87034370393458E-01
 1.96498431103352E+03	 1.42872171356219E-01
 1.96498704893355E+03	-1.29335642641645E-02
 1.96498978683358E+03	-1.40474995574809E-01
 1.96499252473361E+03	-2.28932255157739E-01
 1.96499526263364E+03	-2.84483613830296E-01
 1.96499800053367E+03	-3.10055777238599E-01
 1.96500073843370E+03	-2.99265354114247E-01
 1.96500347633373E+03	-2.48855955574265E-01
 1.96500621423377E+03	-1.71445213760549E-01
 1.96500895213380E+03	-8.88512634117877E-02
 1.96501169003383E+03	-1.10909535908017E-02
 1.96501442793386E+03	 7.15217711615835E-02
 1.96501716583389E+03	 1.68235167860563E-01
 1.96501990373392E+03	 2.60993736546576E-01
 1.96502264163395E+03	 3.05423368236582E-01
 1.96502537953398E+03	 2.64288589223999E-01
 1.96502811743401E+03	 1.40901966957905E-01
 1.96503085533404E+03	-1.96438659205156E-02
 1.96503359323407E+03	-1.59077824103478E-01
 1.96503633113410E+03	-2.35361535396771E-01
 1.96503906903413E+03	-2.31380074721619E-01
 1.96504180693417E+03	-1.48139956587787E-01
 1.96504454483420E+03	-1.21209247010254E-03
 1.96504728273423E+03	 1.73675112291746E-01
 1.96505002063426E+03	 3.20537936110545E-01
 1.96505275853429E+03	 3.83292354205692E-01
 1.96505549643432E+03	 3.37456113668673E-01
 1.96505823433435E+03	 2.05941432197802E-01
 1.96506097223438E+03	 4.25770524133053E-02
 1.96506371013441E+03	-1.02873511021903E-01
 1.96506644803444E+03	-2.08452690438159E-01
 1.96506918593447E+03	-2.76315538358989E-01
 1.96507192383450E+03	-3.12198139889573E-01
 1.96507466173453E+03	-3.12322762404032E-01
 1.96507739963457E+03	-2.70782253067306E-01
 1.96508013753460E+03	-1.95571719230203E-01
 1.96508287543463E+03	-1.09609595377918E-01
 1.96508561333466E+03	-3.10326489299287E-02
 1.96508835123469E+03	 4.38028339859477E-02
 1.96509108913472E+03	 1.29615390809982E-01
 1.96509382703475E+03	 2.22342701835359E-01
 1.96509656493478E+03	 2.86157151546377E-01
 1.96509930283481E+03	 2.77078643191375E-01
 1.96510204073484E+03	 1.81332400983954E-01
 1.96510477863487E+03	 3.04470089863748E-02
 1.96510751653490E+03	-1.18793056384082E-01
 1.96511025443493E+03	-2.16837899582886E-01
 1.96511299233496E+03	-2.38290770609686E-01
 1.96511573023500E+03	-1.78697436659175E-01
 1.96511846813503E+03	-4.81506360819703E-02
 1.96512120603506E+03	 1.25346915336904E-01
 1.96512394393509E+03	 2.91309834560954E-01
 1.96512668183512E+03	 3.89328567789104E-01
 1.96512941973515E+03	 3.79807503643585E-01
 1.96513215763518E+03	 2.69086522746865E-01
 1.96513489553521E+03	 1.04620328012908E-01
 1.96513763343524E+03	-5.70249548500641E-02
 1.96514037133527E+03	-1.81707107029556E-01
 1.96514310923530E+03	-2.64317072811860E-01
 1.96514584713533E+03	-3.11493056402844E-01
 1.96514858503536E+03	-3.22977696771884E-01
 1.96515132293540E+03	-2.91951245937559E-01
 1.96515406083543E+03	-2.21278894381397E-01
 1.96515679873546E+03	-1.32138841801706E-01
 1.96515953663549E+03	-4.92740981546144E-02
 1.96516227453552E+03	 2.20742392552423E-02
 1.96516501243555E+03	 9.69971174645752E-02
 1.96516775033558E+03	 1.83616797279342E-01
 1.96517048823561E+03	 2.58667252127499E-01
 1.96517322613564E+03	 2.77614807632853E-01
 1.96517596403567E+03	 2.12217722339342E-01
 1.96517870193570E+03	 7.77700485721265E-02
 1.96518143983573E+03	-7.50318115436436E-02
 1.96518417773576E+03	-1.91562166793713E-01
 1.96518691563580E+03	-2.37735378578954E-01
 1.96518965353583E+03	-2.02785982864129E-01
 1.96519239143586E+03	-9.18178536557199E-02
 1.96519512933589E+03	 7.43134079139523E-02
 1.96519786723592E+03	 2.52452379564628E-01
 1.96520060513595E+03	 3.82049920833052E-01
 1.96520334303598E+03	 4.11477175760644E-01
 1.96520608093601E+03	 3.29220663674546E-01
 1.96520881883604E+03	 1.71479560730731E-01
 1.96521155673607E+03	-2.70166422358333E-03
 1.96521429463610E+03	-1.47432552653492E-01
 1.96521703253613E+03	-2.47445165484934E-01
 1.96521977043616E+03	-3.07496198495989E-01
 1.96522250833620E+03	-3.30829555698609E-01
 1.96522524623623E+03	-3.11611450525053E-01
 1.96522798413626E+03	-2.48107959175269E-01
 1.96523072203629E+03	-1.57336635792083E-01
 1.96523345993632E+03	-6.79700485767099E-02
 1.96523619783635E+03	 4.70081050856634E-03
 1.96523893573638E+03	 7.11507311195001E-02
 1.96524167363641E+03	 1.47926895137358E-01
 1.96524441153644E+03	 2.26243439040336E-01
 1.96524714943647E+03	 2.67104506091781E-01
 1.96524988733650E+03	 2.32264975076123E-01
 1.96525262523653E+03	 1.19922292383939E-01
 1.96525536313656E+03	-2.97080130720388E-02
 1.96525810103659E+03	-1.60411431482679E-01
 1.96526083893663E+03	-2.29852916393828E-01
 1.96526357683666E+03	-2.19965538461047E-01
 1.96526631473669E+03	-1.30891050361761E-01
 1.96526905263672E+03	 2.27785900982508E-02
 1.96527179053675E+03	 2.06001340367267E-01
 1.96527452843678E+03	 3.61754737728488E-01
 1.96527726633681E+03	 4.30418427187874E-01
 1.96528000423684E+03	 3.83093837320004E-01
 1.96528274213687E+03	 2.40704372415545E-01
 1.96528548003690E+03	 5.96217099653868E-02
 1.96528821793693E+03	-1.04578766276811E-01
 1.96529095583696E+03	-2.24447646719753E-01
 1.96529369373699E+03	-2.99546155220332E-01
 1.96529643163703E+03	-3.35489344113140E-01
 1.96529916953706E+03	-3.29025113361400E-01
 1.96530190743709E+03	-2.75245951286178E-01
 1.96530464533712E+03	-1.85461679337045E-01
 1.96530738323715E+03	-8.89852984058631E-02
 1.96531012113718E+03	-1.05295738529853E-02
 1.96531285903721E+03	 5.16938793099085E-02
 1.96531559693724E+03	 1.17580308519535E-01
 1.96531833483727E+03	 1.92367056487603E-01
 1.96532107273730E+03	 2.47694470642491E-01
 1.96532381063733E+03	 2.41061608046132E-01
 1.96532654853736E+03	 1.54773691405861E-01
 1.96532928643739E+03	 1.50317297596157E-02
 1.96533202433743E+03	-1.24577494899754E-01
 1.96533476223746E+03	-2.14975490225141E-01
 1.96533750013749E+03	-2.30002970846952E-01
 1.96534023803752E+03	-1.64376657773283E-01
 1.96534297593755E+03	-2.72678482026217E-02
 1.96534571383758E+03	 1.54273749847545E-01
 1.96534845173761E+03	 3.29525853173898E-01
 1.96535118963764E+03	 4.35341364587545E-01
 1.96535392753767E+03	 4.27578532827519E-01
 1.96535666543770E+03	 3.09247635980975E-01
 1.96535940333773E+03	 1.28662020033882E-01
 1.96536214123776E+03	-5.25248175321820E-02
 1.96536487913779E+03	-1.93984371111965E-01
 1.96536761703782E+03	-2.86725388177819E-01
 1.96537035493786E+03	-3.36512206504516E-01
 1.96537309283789E+03	-3.43530266346399E-01
 1.96537583073792E+03	-3.01680668166113E-01
 1.96537856863795E+03	-2.16154506885464E-01
 1.96538130653798E+03	-1.13638405386243E-01
 1.96538404443801E+03	-2.60423559298098E-02
 1.96538678233804E+03	 3.72172993294001E-02
 1.96538952023807E+03	 9.38250289390028E-02
 1.96539225813810E+03	 1.60297312420134E-01
 1.96539499603813E+03	 2.22248580966941E-01
 1.96539773393816E+03	 2.39168336405960E-01
 1.96540047183819E+03	 1.80701847421894E-01
 1.96540320973822E+03	 5.69507576455701E-02
 1.96540594763826E+03	-8.55718053109412E-02
 1.96540868553829E+03	-1.93662670537502E-01
 1.96541142343832E+03	-2.32841180802300E-01
 1.96541416133835E+03	-1.91576585000318E-01
 1.96541689923838E+03	-7.41397203792870E-02
 1.96541963713841E+03	 9.96680103630647E-02
 1.96542237503844E+03	 2.87107026376917E-01
 1.96542511293847E+03	 4.25827217721047E-01
 1.96542785083850E+03	 4.59957759085551E-01
 1.96543058873853E+03	 3.73686128130980E-01
 1.96543332663856E+03	 2.02306881332203E-01
 1.96543606453859E+03	 8.71643389207283E-03
 1.96543880243862E+03	-1.54804872617596E-01
 1.96544154033866E+03	-2.67872563147635E-01
 1.96544427823869E+03	-3.33315906282933E-01
 1.96544701613872E+03	-3.54549210029395E-01
 1.96544975403875E+03	-3.26351694013746E-01
 1.96545249193878E+03	-2.48545753211953E-01
 1.96545522983881E+03	-1.42547032461474E-01
 1.96545796773884E+03	-4.41065856997480E-02
 1.96546070563887E+03	 2.55436020172467E-02
 1.96546344353890E+03	 7.67348491978622E-02
 1.96546618143893E+03	 1.32677968372452E-01
 1.96546891933896E+03	 1.94024121334529E-01
 1.96547165723899E+03	 2.28100063371830E-01
 1.96547439513902E+03	 1.96799347028033E-01
 1.96547713303905E+03	 9.39121416947523E-02
 1.96547987093909E+03	-4.51865172351970E-02
 1.96548260883912E+03	-1.66741320584802E-01
 1.96548534673915E+03	-2.28591521799629E-01
 1.96548808463918E+03	-2.12039709595858E-01
 1.96549082253921E+03	-1.16492788279708E-01
 1.96549356043924E+03	 4.44840596794544E-02
 1.96549629833927E+03	 2.36722579183678E-01
 1.96549903623930E+03	 4.02351900935008E-01
 1.96550177413933E+03	 4.78179822014278E-01
 1.96550451203936E+03	 4.30502781796562E-01
 1.96550724993939E+03	 2.77692201069111E-01
 1.96550998783942E+03	 7.83387397634857E-02
 1.96551272573945E+03	-1.05964102365118E-01
 1.96551546363949E+03	-2.41659213418003E-01
 1.96551820153952E+03	-3.25111038535042E-01
 1.96552093943955E+03	-3.61546430636006E-01
 1.96552367733958E+03	-3.48267234061795E-01
 1.96552641523961E+03	-2.81422269402361E-01
 1.96552915313964E+03	-1.75588576525758E-01
 1.96553189103967E+03	-6.65123593769667E-02
 1.96553462893970E+03	 1.40792226954919E-02
 1.96553736683973E+03	 6.52514256491420E-02
 1.96554010473976E+03	 1.11218865850055E-01
 1.96554284263979E+03	 1.66284294645829E-01
 1.96554558053982E+03	 2.10185810464108E-01
 1.96554831843985E+03	 2.03018718180324E-01
 1.96555105633989E+03	 1.24095237856540E-01
 1.96555379423992E+03	-5.40277436148774E-03
 1.96555653213995E+03	-1.35333684636415E-01
 1.96555927003998E+03	-2.17550256776596E-01
 1.96556200794001E+03	-2.25515425616543E-01
 1.96556474584004E+03	-1.53318742460885E-01
 1.96556748374007E+03	-9.21654181382912E-03
 1.96557022164010E+03	 1.80866509382139E-01
 1.96557295954013E+03	 3.66218480916562E-01
 1.96557569744016E+03	 4.81048194714909E-01
 1.96557843534019E+03	 4.76398621539013E-01
 1.96558117324022E+03	 3.51377669929662E-01
 1.96558391114025E+03	 1.54657398377146E-01
 1.96558664904029E+03	-4.70483027204101E-02
 1.96558938694032E+03	-2.06732498689021E-01
 1.96559212484035E+03	-3.10868956110110E-01
 1.96559486274038E+03	-3.63951289808915E-01
 1.96559760064041E+03	-3.66566205784607E-01
 1.96560033854044E+03	-3.13413978451652E-01
 1.96560307644047E+03	-2.11970160490628E-01
 1.96560581434050E+03	-9.43388669450713E-02
 1.96560855224053E+03	 2.06835683985763E-04
 1.96561129014056E+03	 5.73765609708159E-02
 1.96561402804059E+03	 9.64977242158256E-02
 1.96561676594062E+03	 1.41896677900633E-01
 1.96561950384065E+03	 1.88316117394288E-01
 1.96562224174068E+03	 2.00225388611916E-01
 1.96562497964072E+03	 1.46210132098316E-01
 1.96562771754075E+03	 3.17530825453787E-02
 1.96563045544078E+03	-1.00856119359391E-01
 1.96563319334081E+03	-2.00232006391196E-01
 1.96563593124084E+03	-2.31922961507593E-01
 1.96563866914087E+03	-1.83907948186807E-01
 1.96564140704090E+03	-5.96991169535971E-02
 1.96564414494093E+03	 1.22089744485177E-01
 1.96564688284096E+03	 3.19410633531887E-01
 1.96564962074099E+03	 4.68323376533174E-01
 1.96565235864102E+03	 5.08597013561263E-01
 1.96565509654105E+03	 4.19605934309845E-01
 1.96565783444108E+03	 2.35120374280234E-01
 1.96566057234112E+03	 2.16226164865878E-02
 1.96566331024115E+03	-1.61913154403887E-01
 1.96566604814118E+03	-2.89348226053071E-01
 1.96566878604121E+03	-3.61070045351601E-01
 1.96567152394124E+03	-3.80518421822515E-01
 1.96567426184127E+03	-3.43164058378146E-01
 1.96567699974130E+03	-2.50384532124582E-01
 1.96567973764133E+03	-1.27840098374488E-01
 1.96568247554136E+03	-1.83389726331880E-02
 1.96568521344139E+03	 5.04860404116347E-02
 1.96568795134142E+03	 8.79113573600053E-02
 1.96569068924145E+03	 1.22972128159731E-01
 1.96569342714148E+03	 1.65604011800039E-01
 1.96569616504152E+03	 1.90139927899886E-01
 1.96569890294155E+03	 1.59676710597605E-01
 1.96570164084158E+03	 6.43939223091824E-02
 1.96570437874161E+03	-6.49744217993379E-02
 1.96570711664164E+03	-1.77406817775554E-01
 1.96570985454167E+03	-2.31344120348615E-01
 1.96571259244170E+03	-2.07797985792866E-01
 1.96571533034173E+03	-1.05591114118412E-01
 1.96571806824176E+03	 6.28120033222490E-02
 1.96572080614179E+03	 2.64389461163122E-01
 1.96572354404182E+03	 4.40725646655311E-01
 1.96572628194185E+03	 5.25102752315292E-01
 1.96572901984188E+03	 4.78618518133672E-01
 1.96573175774191E+03	 3.16425185068431E-01
 1.96573449564195E+03	 9.88504309677753E-02
 1.96573723354198E+03	-1.06425788732232E-01
 1.96573997144201E+03	-2.59190669737371E-01
 1.96574270934204E+03	-3.52016079518765E-01
 1.96574544724207E+03	-3.89470155215340E-01
 1.96574818514210E+03	-3.69451690099480E-01
 1.96575092304213E+03	-2.89215863123451E-01
 1.96575366094216E+03	-1.66455118691606E-01
 1.96575639884219E+03	-4.31653951718044E-02
 1.96575913674222E+03	 4.17187733091916E-02
 1.96576187464225E+03	 8.37842618920261E-02
 1.96576461254228E+03	 1.10595301554487E-01
 1.96576735044231E+03	 1.45000519180197E-01
 1.96577008834235E+03	 1.75165944842834E-01
 1.96577282624238E+03	 1.64736060240828E-01
 1.96577556414241E+03	 9.09753720170847E-02
 1.96577830204244E+03	-2.95088362576333E-02
 1.96578103994247E+03	-1.50123981870422E-01
 1.96578377784250E+03	-2.24039470702664E-01
 1.96578651574253E+03	-2.24725083081622E-01
 1.96578925364256E+03	-1.45871338437727E-01
 1.96579199154259E+03	 5.17847067559772E-03
 1.96579472944262E+03	 2.03862578438868E-01
 1.96579746734265E+03	 3.99841194731346E-01
 1.96580020524268E+03	 5.24883902718661E-01
 1.96580294314271E+03	 5.24992289936588E-01
 1.96580568104275E+03	 3.94736704536175E-01
 1.96580841894278E+03	 1.82501025570760E-01
 1.96581115684281E+03	-4.01295854400684E-02
 1.96581389474284E+03	-2.19085261120293E-01
 1.96581663264287E+03	-3.35685717467084E-01
 1.96581937054290E+03	-3.92755158392607E-01
 1.96582210844293E+03	-3.91248781060062E-01
 1.96582484634296E+03	-3.26753903704299E-01
 1.96582758424299E+03	-2.08929448140680E-01
 1.96583032214302E+03	-7.50242800201617E-02
 1.96583306004305E+03	 2.83846461498372E-02
 1.96583579794308E+03	 8.16196950194394E-02
 1.96583853584311E+03	 1.04686581741224E-01
 1.96584127374314E+03	 1.28915171895400E-01
 1.96584401164318E+03	 1.58117096360247E-01
 1.96584674954321E+03	 1.62468506423371E-01
 1.96584948744324E+03	 1.10489730905374E-01
 1.96585222534327E+03	 3.70862659743991E-03
 1.96585496324330E+03	-1.19705916726042E-01
 1.96585770114333E+03	-2.10480424400936E-01
 1.96586043904336E+03	-2.34592009978336E-01
 1.96586317694339E+03	-1.79827381406168E-01
 1.96586591484342E+03	-4.90275877785759E-02
 1.96586865274345E+03	 1.40556200353800E-01
 1.96587139064348E+03	 3.47947107629869E-01
 1.96587412854351E+03	 5.07954483345685E-01
 1.96587686644354E+03	 5.55955956230586E-01
 1.96587960434358E+03	 4.65986394788462E-01
 1.96588234224361E+03	 2.69553206530255E-01
 1.96588508014364E+03	 3.62870128667692E-02
 1.96588781804367E+03	-1.67984525024417E-01
 1.96589055594370E+03	-3.10799839288324E-01
 1.96589329384373E+03	-3.89599893543473E-01
 1.96589603174376E+03	-4.07707382381085E-01
 1.96589876964379E+03	-3.61377162495672E-01
 1.96590150754382E+03	-2.53516949550177E-01
 1.96590424544385E+03	-1.13745237673647E-01
 1.96590698334388E+03	 8.33306570813241E-03
 1.96590972124391E+03	 7.84575161596140E-02
 1.96591245914394E+03	 1.04017323549275E-01
 1.96591519704398E+03	 1.18894217241650E-01
 1.96591793494401E+03	 1.41873069821386E-01
 1.96592067284404E+03	 1.54704262163103E-01
 1.96592341074407E+03	 1.22618472280893E-01
 1.96592614864410E+03	 3.30116099441865E-02
 1.96592888654413E+03	-8.76994913094575E-02
 1.96593162444416E+03	-1.91383678373871E-01
 1.96593436234419E+03	-2.37459712568840E-01
 1.96593710024422E+03	-2.06999087459289E-01
 1.96593983814425E+03	-9.84153333631516E-02
 1.96594257604428E+03	 7.70179360487013E-02
 1.96594531394431E+03	 2.87781056661326E-01
 1.96594805184434E+03	 4.75349490352028E-01
 1.96595078974438E+03	 5.69647544094843E-01
 1.96595352764441E+03	 5.26220897021040E-01
 1.96595626554444E+03	 3.56259435555492E-01
 1.96595900344447E+03	 1.21182886441907E-01
 1.96596174134450E+03	-1.05345971678094E-01
 1.96596447924453E+03	-2.76019765112475E-01
 1.96596721714456E+03	-3.79054653332396E-01
 1.96596995504459E+03	-4.18090040385691E-01
 1.96597269294462E+03	-3.91675103297173E-01
 1.96597543084465E+03	-2.98220585109532E-01
 1.96597816874468E+03	-1.58298528848753E-01
 1.96598090664471E+03	-1.97681399363667E-02
 1.96598364454474E+03	 7.12875913735433E-02
 1.96598638244477E+03	 1.06378533094566E-01
 1.96598912034481E+03	 1.15403454999480E-01
 1.96599185824484E+03	 1.29007374751942E-01
 1.96599459614487E+03	 1.43827813528572E-01
 1.96599733404490E+03	 1.27813807618421E-01
 1.96600007194493E+03	 5.70894523192560E-02
 1.96600280984496E+03	-5.57795283648022E-02
 1.96600554774499E+03	-1.67731476454130E-01
 1.96600828564502E+03	-2.33562254926479E-01
 1.96601102354505E+03	-2.27125667084591E-01
 1.96601376144508E+03	-1.41968494824040E-01
 1.96601649934511E+03	 1.54707996245094E-02
 1.96601923724514E+03	 2.22287661967114E-01
 1.96602197514517E+03	 4.28998346550858E-01
 1.96602471304521E+03	 5.65281036863455E-01
 1.96602745094524E+03	 5.71959493150187E-01
 1.96603018884527E+03	 4.38408392933274E-01
 1.96603292674530E+03	 2.11940313429645E-01
 1.96603566464533E+03	-3.13627324211308E-02
 1.96603840254536E+03	-2.30131592040641E-01
 1.96604114044539E+03	-3.59978772369293E-01
 1.96604387834542E+03	-4.21668146726291E-01
 1.96604661624545E+03	-4.16493881538208E-01
 1.96604935414548E+03	-3.41027189772614E-01
 1.96605209204551E+03	-2.06966740445903E-01
 1.96605482994554E+03	-5.62783262515066E-02
 1.96605756784557E+03	 5.74599966839351E-02
 1.96606030574561E+03	 1.08880798252876E-01
 1.96606304364564E+03	 1.17749388167987E-01
 1.96606578154567E+03	 1.21436981816315E-01
 1.96606851944570E+03	 1.32493567466977E-01
 1.96607125734573E+03	 1.27287389768146E-01
 1.96607399524576E+03	 7.51615364542906E-02
 1.96607673314579E+03	-2.56086743506682E-02
 1.96607947104582E+03	-1.40761821787285E-01
 1.96608220894585E+03	-2.23337138779059E-01
 1.96608494684588E+03	-2.40110204182827E-01
 1.96608768474591E+03	-1.78994696237031E-01
 1.96609042264594E+03	-4.22710091248102E-02
 1.96609316054597E+03	 1.54374532789116E-01
 1.96609589844600E+03	 3.71516336975947E-01
 1.96609863634604E+03	 5.43202252097754E-01
 1.96610137424607E+03	 6.00517072931916E-01
 1.96610411214610E+03	 5.11664188020847E-01
 1.96610685004613E+03	 3.05056692469579E-01
 1.96610958794616E+03	 5.28554156993602E-02
 1.96611232584619E+03	-1.72278750951931E-01
 1.96611506374622E+03	-3.31098759203060E-01
 1.96611780164625E+03	-4.17621069854113E-01
 1.96612053954628E+03	-4.34907085061946E-01
 1.96612327744631E+03	-3.80096342210052E-01
 1.96612601534634E+03	-2.57588132372056E-01
 1.96612875324637E+03	-1.00568408295703E-01
 1.96613149114640E+03	 3.50348636403674E-02
 1.96613422904644E+03	 1.08344007017666E-01
 1.96613696694647E+03	 1.24153429458860E-01
 1.96613970484650E+03	 1.20143744225760E-01
 1.96614244274653E+03	 1.23285313990091E-01
 1.96614518064656E+03	 1.22896353468935E-01
 1.96614791854659E+03	 8.71058288486838E-02
 1.96615065644662E+03	 1.33232682445313E-03
 1.96615339434665E+03	-1.11917201596316E-01
 1.96615613224668E+03	-2.07457367333661E-01
 1.96615887014671E+03	-2.46008718820935E-01
 1.96616160804674E+03	-2.09061007689359E-01
 1.96616434594677E+03	-9.48248887025126E-02
 1.96616708384680E+03	 8.67068944223895E-02
 1.96616982174684E+03	 3.05943859771375E-01
 1.96617255964687E+03	 5.04828916172324E-01
 1.96617529754690E+03	 6.10252617126149E-01
 1.96617803544693E+03	 5.71944851762772E-01
 1.96618077334696E+03	 3.96352576887832E-01
 1.96618351124699E+03	 1.45186204024088E-01
 1.96618624914702E+03	-1.02210587083316E-01
 1.96618898704705E+03	-2.91144479835613E-01
 1.96619172494708E+03	-4.04969991989918E-01
 1.96619446284711E+03	-4.46129110219168E-01
 1.96619720074714E+03	-4.13875374588238E-01
 1.96619993864717E+03	-3.07825479204845E-01
 1.96620267654720E+03	-1.51136054018093E-01
 1.96620541444723E+03	 3.02522083346418E-03
 1.96620815234727E+03	 1.01722291215414E-01
 1.96621089024730E+03	 1.31972090336884E-01
 1.96621362814733E+03	 1.25009733058388E-01
 1.96621636604736E+03	 1.18363138050859E-01
 1.96621910394739E+03	 1.16931867060085E-01
 1.96622184184742E+03	 9.35148206251399E-02
 1.96622457974745E+03	 2.39215344750137E-02
 1.96622731764748E+03	-8.27479042763167E-02
 1.96623005554751E+03	-1.86848957934367E-01
 1.96623279344754E+03	-2.45043063147875E-01
 1.96623553134757E+03	-2.31934204599310E-01
 1.96623826924760E+03	-1.41211388443954E-01
 1.96624100714763E+03	 2.15613804892483E-02
 1.96624374504767E+03	 2.35468808071511E-01
 1.96624648294770E+03	 4.52485421107807E-01
 1.96624922084773E+03	 6.00712423367572E-01
 1.96625195874776E+03	 6.15795477159151E-01
 1.96625469664779E+03	 4.81280035885866E-01
 1.96625743454782E+03	 2.42510469986536E-01
 1.96626017244785E+03	-2.05074693889770E-02
 1.96626291034788E+03	-2.39052850433194E-01
 1.96626564824791E+03	-3.82574649437995E-01
 1.96626838614794E+03	-4.49401185875343E-01
 1.96627112404797E+03	-4.41129193320853E-01
 1.96627386194800E+03	-3.55413607380172E-01
 1.96627659984803E+03	-2.05823655957444E-01
 1.96627933774807E+03	-3.84961626902242E-02
 1.96628207564810E+03	 8.65048860837956E-02
 1.96628481354813E+03	 1.38034760877918E-01
 1.96628755144816E+03	 1.34793960852028E-01
 1.96629028934819E+03	 1.19146481560417E-01
 1.96629302724822E+03	 1.11830920458739E-01
 1.96629576514825E+03	 9.56604234678070E-02
 1.96629850304828E+03	 4.15522590207082E-02
 1.96630124094831E+03	-5.47753221150994E-02
 1.96630397884834E+03	-1.62678659278199E-01
 1.96630671674837E+03	-2.37629410013883E-01
 1.96630945464840E+03	-2.47539950455361E-01
 1.96631219254843E+03	-1.80791889599322E-01
 1.96631493044847E+03	-3.92514355105316E-02
 1.96631766834850E+03	 1.63167377721715E-01
 1.96632040624853E+03	 3.89156542059558E-01
 1.96632314414856E+03	 5.72651089875340E-01
 1.96632588204859E+03	 6.40710318033920E-01
 1.96632861994862E+03	 5.55300096893337E-01
 1.96633135784865E+03	 3.40851267490450E-01
 1.96633409574868E+03	 7.12581928101120E-02
 1.96633683364871E+03	-1.74213598099755E-01
 1.96633957154874E+03	-3.49209520186493E-01
 1.96634230944877E+03	-4.43886353662839E-01
 1.96634504734880E+03	-4.60891736645784E-01
 1.96634778524883E+03	-3.98346508577742E-01
 1.96635052314886E+03	-2.62096445366295E-01
 1.96635326104890E+03	-8.84331089251076E-02
 1.96635599894893E+03	 6.10380370995592E-02
 1.96635873684896E+03	 1.39053289918346E-01
 1.96636147474899E+03	 1.47258484035497E-01
 1.96636421264902E+03	 1.26079900188274E-01
 1.96636695054905E+03	 1.09845670974118E-01
 1.96636968844908E+03	 9.53617384128989E-02
 1.96637242634911E+03	 5.42406547684255E-02
 1.96637516424914E+03	-2.93300377540300E-02
 1.96637790214917E+03	-1.36301348593808E-01
 1.96638064004920E+03	-2.24408526077118E-01
 1.96638337794923E+03	-2.55948134843555E-01
 1.96638611584926E+03	-2.13193072050679E-01
 1.96638885374930E+03	-9.43978875881778E-02
 1.96639159164933E+03	 9.17931743959686E-02
 1.96639432954936E+03	 3.18194320545104E-01
 1.96639706744939E+03	 5.27929577997141E-01
 1.96639980534942E+03	 6.45363673218825E-01
 1.96640254324945E+03	 6.14286575282554E-01
 1.96640528114948E+03	 4.35631467251599E-01
 1.96640801904951E+03	 1.70460067517883E-01
 1.96641075694954E+03	-9.67202053386574E-02
 1.96641349484957E+03	-3.03720424089578E-01
 1.96641623274960E+03	-4.28608730656473E-01
 1.96641897064963E+03	-4.72362189784632E-01
 1.96642170854966E+03	-4.34979296447112E-01
 1.96642444644970E+03	-3.17331362773406E-01
 1.96642718434973E+03	-1.44830379901435E-01
 1.96642992224976E+03	 2.47260123926748E-02
 1.96643266014979E+03	 1.32046951749773E-01
 1.96643539804982E+03	 1.59430467235891E-01
 1.96643813594985E+03	 1.38518605147221E-01
 1.96644087384988E+03	 1.12713933798602E-01
 1.96644361174991E+03	 9.47642377015529E-02
 1.96644634964994E+03	 6.26602592204692E-02
 1.96644908754997E+03	-7.38717105704033E-03
 1.96645182545000E+03	-1.09164212862146E-01
 1.96645456335003E+03	-2.06261610694964E-01
 1.96645730125006E+03	-2.57383415611662E-01
 1.96646003915009E+03	-2.38237865306971E-01
 1.96646277705013E+03	-1.42977873271670E-01
 1.96646551495016E+03	 2.36348442728214E-02
 1.96646825285019E+03	 2.43016889357117E-01
 1.96647099075022E+03	 4.69306019323468E-01
 1.96647372865025E+03	 6.29720804644796E-01
 1.96647646655028E+03	 6.54907876110610E-01
 1.96647920445031E+03	 5.22027384198789E-01
 1.96648194235034E+03	 2.73478464039933E-01
 1.96648468025037E+03	-7.58333135236182E-03
 1.96648741815040E+03	-2.45245724560509E-01
 1.96649015605043E+03	-4.02464237901295E-01
 1.96649289395046E+03	-4.74780509300597E-01
 1.96649563185049E+03	-4.64038603527429E-01
 1.96649836975053E+03	-3.69069363649581E-01
 1.96650110765056E+03	-2.05131821787427E-01
 1.96650384555059E+03	-2.19114279067218E-02
 1.96650658345062E+03	 1.14724345577393E-01
 1.96650932135065E+03	 1.67966800184556E-01
 1.96651205925068E+03	 1.54755249131888E-01
 1.96651479715071E+03	 1.21377530529929E-01
 1.96651753505074E+03	 9.60535129667031E-02
 1.96652027295077E+03	 6.80881655945454E-02
 1.96652301085080E+03	 1.05741907465008E-02
 1.96652574875083E+03	-8.26739985618391E-02
 1.96652848665086E+03	-1.84296823467362E-01
 1.96653122455089E+03	-2.52252348700093E-01
 1.96653396245093E+03	-2.55897779101238E-01
 1.96653670035096E+03	-1.84447000461994E-01
 1.96653943825099E+03	-3.95497515994131E-02
 1.96654217615102E+03	 1.66836631688280E-01
 1.96654491405105E+03	 4.00148810640717E-01
 1.96654765195108E+03	 5.95015843806206E-01
 1.96655038985111E+03	 6.74939437609399E-01
 1.96655312775114E+03	 5.95380881168352E-01
 1.96655586565117E+03	 3.75890346924493E-01
 1.96655860355120E+03	 9.11349167079515E-02
 1.96656134145123E+03	-1.73471328366651E-01
 1.96656407935126E+03	-3.64316076088381E-01
 1.96656681725129E+03	-4.67321269192241E-01
 1.96656955515132E+03	-4.84553859117482E-01
 1.96657229305136E+03	-4.15194101760051E-01
 1.96657503095139E+03	-2.66485371086084E-01
 1.96657776885142E+03	-7.73252962724488E-02
 1.96658050675145E+03	 8.57707345848434E-02
 1.96658324465148E+03	 1.69572499768561E-01
 1.96658598255151E+03	 1.72189798834526E-01
 1.96658872045154E+03	 1.35791295957138E-01
 1.96659145835157E+03	 1.01138920905857E-01
 1.96659419625160E+03	 7.22599482589597E-02
 1.96659693415163E+03	 2.46607484166262E-02
 1.96659967205166E+03	-5.80426298941026E-02
 1.96660240995169E+03	-1.59796585481612E-01
 1.96660514785172E+03	-2.41172945505424E-01
 1.96660788575176E+03	-2.66273988474122E-01
 1.96661062365179E+03	-2.18526897890558E-01
 1.96661336155182E+03	-9.65273380810133E-02
 1.96661609945185E+03	 9.24481170486523E-02
 1.96661883735188E+03	 3.24110829665532E-01
 1.96662157525191E+03	 5.43601307447287E-01
 1.96662431315194E+03	 6.73467422570834E-01
 1.96662705105197E+03	 6.51622089852096E-01
 1.96662978895200E+03	 4.72777292212534E-01
 1.96663252685203E+03	 1.96299339845973E-01
 1.96663526475206E+03	-8.88782112799027E-02
 1.96663800265209E+03	-3.13171008141046E-01
 1.96664074055212E+03	-4.49041493522602E-01
 1.96664347845216E+03	-4.95737772883358E-01
 1.96664621635219E+03	-4.54016408278955E-01
 1.96664895425222E+03	-3.26043720369362E-01
 1.96665169215225E+03	-1.39145687963760E-01
 1.96665443005228E+03	 4.50042169010441E-02
 1.96665716795231E+03	 1.61415960458198E-01
 1.96665990585234E+03	 1.87623682182132E-01
 1.96666264375237E+03	 1.54854798211306E-01
 1.96666538165240E+03	 1.11350022276754E-01
 1.96666811955243E+03	 7.71446187670227E-02
 1.96667085745246E+03	 3.55821036071867E-02
 1.96667359535249E+03	-3.61335713565483E-02
 1.96667633325252E+03	-1.34123474255729E-01
 1.96667907115256E+03	-2.24990251521539E-01
 1.96668180905259E+03	-2.69605919022183E-01
 1.96668454695262E+03	-2.45124865685457E-01
 1.96668728485265E+03	-1.46526275838782E-01
 1.96669002275268E+03	 2.20950523897816E-02
 1.96669276065271E+03	 2.44806933769441E-01
 1.96669549855274E+03	 4.78690800378562E-01
 1.96669823645277E+03	 6.50958022075663E-01
 1.96670097435280E+03	 6.87651124829295E-01
 1.96670371225283E+03	 5.59121970805038E-01
 1.96670645015286E+03	 3.03811874165315E-01
 1.96670918805289E+03	 7.06271872495415E-03
 1.96671192595292E+03	-2.48415023271566E-01
 1.96671466385295E+03	-4.18907553082437E-01
 1.96671740175299E+03	-4.96854363899833E-01
 1.96672013965302E+03	-4.84263491533564E-01
 1.96672287755305E+03	-3.81214105308635E-01
 1.96672561545308E+03	-2.04472779001258E-01
 1.96672835335311E+03	-6.61547553159610E-03
 1.96673109125314E+03	 1.41484571635924E-01
 1.96673382915317E+03	 1.97640942044988E-01
 1.96673656705320E+03	 1.76482591677865E-01
 1.96673930495323E+03	 1.27190113464188E-01
 1.96674204285326E+03	 8.46645286472890E-02
 1.96674478075329E+03	 4.45826649795200E-02
 1.96674751865332E+03	-1.73349311985090E-02
 1.96675025655335E+03	-1.08591624795850E-01
 1.96675299445339E+03	-2.04763125300824E-01
 1.96675573235342E+03	-2.66298149003214E-01
 1.96675847025345E+03	-2.64278538726317E-01
 1.96676120815348E+03	-1.89139333224039E-01
 1.96676394605351E+03	-4.25779788367299E-02
 1.96676668395354E+03	 1.65533870066945E-01
 1.96676942185357E+03	 4.04030147532306E-01
 1.96677215975360E+03	 6.09184354421199E-01
 1.96677489765363E+03	 7.01630740769385E-01
 1.96677763555366E+03	 6.30249255052960E-01
 1.96678037345369E+03	 4.08854630212434E-01
 1.96678311135372E+03	 1.11789999362799E-01
 1.96678584925375E+03	-1.70072357917304E-01
 1.96678858715379E+03	-3.75910245568215E-01
 1.96679132505382E+03	-4.87115193545289E-01
 1.96679406295385E+03	-5.04990784568692E-01
 1.96679680085388E+03	-4.29823254620590E-01
 1.96679953875391E+03	-2.70200590356453E-01
 1.96680227665394E+03	-6.71191869212854E-02
 1.96680501455397E+03	 1.08833338790040E-01
 1.96680775245400E+03	 1.99025867372795E-01
 1.96681049035403E+03	 1.97809406819936E-01
 1.96681322825406E+03	 1.48185764877118E-01
 1.96681596615409E+03	 9.63959501782117E-02
 1.96681870405412E+03	 5.32881624653274E-02
 1.96682144195415E+03	-1.48450190217201E-03
 1.96682417985418E+03	-8.43192627252599E-02
 1.96682691775422E+03	-1.81712603412804E-01
 1.96682965565425E+03	-2.56950827192713E-01
 1.96683239355428E+03	-2.76133009044926E-01
 1.96683513145431E+03	-2.24217226715704E-01
 1.96683786935434E+03	-1.00496619018153E-01
 1.96684060725437E+03	 8.90629791793453E-02
 1.96684334515440E+03	 3.23540501606662E-01
 1.96684608305443E+03	 5.51021814361229E-01
 1.96684882095446E+03	 6.93152470047645E-01
 1.96685155885449E+03	 6.82259341303052E-01
 1.96685429675452E+03	 5.06247046430005E-01
 1.96685703465455E+03	 2.21675930006574E-01
 1.96685977255458E+03	-7.90428421037178E-02
 1.96686251045462E+03	-3.19258687857690E-01
 1.96686524835465E+03	-4.65638655957412E-01
 1.96686798625468E+03	-5.15449337774348E-01
 1.96687072415471E+03	-4.70181615219800E-01
 1.96687346205474E+03	-3.33321789292673E-01
 1.96687619995477E+03	-1.33774189219877E-01
 1.96687893785480E+03	 6.36955327712887E-02
 1.96688167575483E+03	 1.89160745971935E-01
 1.96688441365486E+03	 2.15507022720682E-01
 1.96688715155489E+03	 1.72859565367592E-01
 1.96688988945492E+03	 1.13292077004973E-01
 1.96689262735495E+03	 6.34802127468707E-02
 1.96689536525498E+03	 1.21335195572417E-02
 1.96689810315502E+03	-6.20845884637932E-02
 1.96690084105505E+03	-1.57130113836300E-01
 1.96690357895508E+03	-2.42376681997520E-01
 1.96690631685511E+03	-2.80948644208958E-01
 1.96690905475514E+03	-2.51775726405725E-01
 1.96691179265517E+03	-1.51069400203063E-01
 1.96691453055520E+03	 1.75231890267147E-02
 1.96691726845523E+03	 2.40978701165895E-01
 1.96692000635526E+03	 4.80140014333036E-01
 1.96692274425529E+03	 6.63254954001493E-01
 1.96692548215532E+03	 7.12398904689523E-01
 1.96692822005535E+03	 5.90880519285270E-01
 1.96693095795538E+03	 3.32189833056541E-01
 1.96693369585541E+03	 2.27290672483573E-02
 1.96693643375545E+03	-2.48625963802725E-01
 1.96693917165548E+03	-4.31494280727418E-01
 1.96694190955551E+03	-5.14949894317081E-01
 1.96694464745554E+03	-5.01051167313892E-01
 1.96694738535557E+03	-3.91168864469729E-01
 1.96695012325560E+03	-2.03400331853297E-01
 1.96695286115563E+03	 7.44541983921312E-03
 1.96695559905566E+03	 1.66350072175506E-01
 1.96695833695569E+03	 2.26172769946232E-01
 1.96696107485572E+03	 1.98836744735949E-01
 1.96696381275575E+03	 1.35470085421336E-01
 1.96696655065578E+03	 7.68250554359257E-02
 1.96696928855581E+03	 2.47099062248198E-02
 1.96697202645585E+03	-4.22102653285530E-02
 1.96697476435588E+03	-1.32252895952914E-01
 1.96697750225591E+03	-2.23589528309092E-01
 1.96698024015594E+03	-2.79129529595176E-01
 1.96698297805597E+03	-2.71932731945883E-01
 1.96698571595600E+03	-1.94067695052161E-01
 1.96698845385603E+03	-4.76229944977293E-02
 1.96699119175606E+03	 1.59655162611935E-01
 1.96699392965609E+03	 4.00632542426929E-01
 1.96699666755612E+03	 6.14292620254884E-01
 1.96699940545615E+03	 7.19322695397544E-01
 1.96700214335618E+03	 6.58180490816323E-01
 1.96700488125621E+03	 4.38194220947900E-01
 1.96700761915625E+03	 1.32193823358166E-01
 1.96701035705628E+03	-1.64405773446651E-01
 1.96701309495631E+03	-3.83836330854875E-01
 1.96701583285634E+03	-5.02764806371048E-01
 1.96701857075637E+03	-5.21539771398071E-01
 1.96702130865640E+03	-4.41561513034652E-01
 1.96702404655643E+03	-2.72704797067386E-01
 1.96702678445646E+03	-5.75746305810669E-02
 1.96702952235649E+03	 1.30028448893355E-01
 1.96703226025652E+03	 2.26738424697321E-01
 1.96703499815655E+03	 2.23077390794269E-01
 1.96703773605658E+03	 1.62097311398948E-01
 1.96704047395661E+03	 9.45921245939355E-02
 1.96704321185665E+03	 3.77518923228217E-02
 1.96704594975668E+03	-2.45003981296898E-02
 1.96704868765671E+03	-1.08122506686908E-01
 1.96705142555674E+03	-2.01754668363061E-01
 1.96705416345677E+03	-2.71256730749419E-01
 1.96705690135680E+03	-2.84882624693446E-01
 1.96705963925683E+03	-2.29500605148832E-01
 1.96706237715686E+03	-1.05521990087425E-01
 1.96706511505689E+03	 8.22388181782205E-02
 1.96706785295692E+03	 3.16632671041119E-01
 1.96707059085695E+03	 5.49672686216859E-01
 1.96707332875698E+03	 7.03211397774509E-01
 1.96707606665701E+03	 7.04539385563477E-01
 1.96707880455704E+03	 5.34347490328155E-01
 1.96708154245708E+03	 2.45271521803221E-01
 1.96708428035711E+03	-6.79322676835572E-02
 1.96708701825714E+03	-3.22111710336703E-01
 1.96708975615717E+03	-4.78100754202961E-01
 1.96709249405720E+03	-5.30958657612192E-01
 1.96709523195723E+03	-4.82849289587590E-01
 1.96709796985726E+03	-3.38584318077339E-01
 1.96710070775729E+03	-1.28330555976661E-01
 1.96710344565732E+03	 8.08268840261504E-02
 1.96710618355735E+03	 2.14844608684340E-01
 1.96710892145738E+03	 2.42207484350812E-01
 1.96711165935741E+03	 1.91399196758359E-01
 1.96711439725744E+03	 1.17402741078536E-01
 1.96711713515748E+03	 5.28598887214728E-02
 1.96711987305751E+03	-8.24799411294088E-03
 1.96712261095754E+03	-8.54485323461014E-02
 1.96712534885757E+03	-1.78099705722076E-01
 1.96712808675760E+03	-2.58108565139042E-01
 1.96713082465763E+03	-2.90905278498409E-01
 1.96713356255766E+03	-2.57509219909153E-01
 1.96713630045769E+03	-1.55812897926048E-01
 1.96713903835772E+03	 1.06639351341683E-02
 1.96714177625775E+03	 2.31962895983056E-01
 1.96714451415778E+03	 4.73495708632132E-01
 1.96714725205781E+03	 6.65730153108615E-01
 1.96714998995784E+03	 7.27665224015909E-01
 1.96715272785788E+03	 6.15569330352450E-01
 1.96715546575791E+03	 3.57069482045728E-01
 1.96715820365794E+03	 3.83837467620718E-02
 1.96716094155797E+03	-2.46309831790906E-01
 1.96716367945800E+03	-4.40160310160908E-01
 1.96716641735803E+03	-5.28685915493118E-01
 1.96716915525806E+03	-5.13858951371523E-01
 1.96717189315809E+03	-3.98352891211072E-01
 1.96717463105812E+03	-2.01430304256193E-01
 1.96717736895815E+03	 2.04934186699920E-02
 1.96718010685818E+03	 1.89130450305159E-01
 1.96718284475821E+03	 2.52906884880343E-01
 1.96718558265824E+03	 2.20795098191925E-01
 1.96718832055827E+03	 1.45047830407632E-01
 1.96719105845831E+03	 7.14662971414805E-02
 1.96719379635834E+03	 7.67878313327506E-03
 1.96719653425837E+03	-6.45022053371396E-02
 1.96719927215840E+03	-1.53793489912525E-01
 1.96720201005843E+03	-2.40652204100687E-01
 1.96720474795846E+03	-2.90398361365016E-01
 1.96720748585849E+03	-2.78297191567555E-01
 1.96721022375852E+03	-1.98481861422427E-01
 1.96721296165855E+03	-5.38624500157383E-02
 1.96721569955858E+03	 1.49858923376576E-01
 1.96721843745861E+03	 3.90146949122782E-01
 1.96722117535864E+03	 6.09833202034390E-01
 1.96722391325867E+03	 7.26800222144608E-01
 1.96722665115871E+03	 6.77513334124766E-01
 1.96722938905874E+03	 4.62228986816731E-01
 1.96723212695877E+03	 1.51039791926064E-01
 1.96723486485880E+03	-1.57209839555927E-01
 1.96723760275883E+03	-3.88291449083779E-01
 1.96724034065886E+03	-5.14076559234961E-01
 1.96724307855889E+03	-5.33773783393861E-01
 1.96724581645892E+03	-4.49869033447725E-01
 1.96724855435895E+03	-2.73462452865347E-01
 1.96725129225898E+03	-4.83144014764552E-02
 1.96725403015901E+03	 1.49400596639101E-01
 1.96725676805904E+03	 2.52303211524155E-01
 1.96725950595907E+03	 2.47149753047335E-01
 1.96726224385911E+03	 1.76406033381743E-01
 1.96726498175914E+03	 9.45717037984687E-02
 1.96726771965917E+03	 2.46753529306105E-02
 1.96727045755920E+03	-4.50627894399352E-02
 1.96727319545923E+03	-1.29809375165715E-01
 1.96727593335926E+03	-2.19996799044562E-01
 1.96727867125929E+03	-2.83915701475006E-01
 1.96728140915932E+03	-2.92104431878405E-01
 1.96728414705935E+03	-2.33717400645174E-01
 1.96728688495938E+03	-1.10768605463161E-01
 1.96728962285941E+03	 7.27957329949092E-02
 1.96729236075944E+03	 3.03890882215576E-01
 1.96729509865947E+03	 5.39440515029595E-01
 1.96729783655950E+03	 7.02779994696165E-01
 1.96730057445954E+03	 7.16987318604254E-01
 1.96730331235957E+03	 5.55366960447982E-01
 1.96730605025960E+03	 2.65569196068035E-01
 1.96730878815963E+03	-5.65757991489179E-02
 1.96731152605966E+03	-3.22204591316086E-01
 1.96731426395969E+03	-4.86449372196476E-01
 1.96731700185972E+03	-5.41984281131794E-01
 1.96731973975975E+03	-4.91556536016457E-01
 1.96732247765978E+03	-3.41290086755695E-01
 1.96732521555981E+03	-1.22329316597743E-01
 1.96732795345984E+03	 9.66498144925573E-02
 1.96733069135987E+03	 2.38318900307827E-01
 1.96733342925990E+03	 2.67110971165936E-01
 1.96733616715994E+03	 2.09480737652702E-01
 1.96733890505997E+03	 1.22517142231989E-01
 1.96734164296000E+03	 4.41808110337025E-02
 1.96734438086003E+03	-2.64333568635605E-02
 1.96734711876006E+03	-1.06794984829775E-01
 1.96734985666009E+03	-1.97306810183134E-01
 1.96735259456012E+03	-2.72192659226669E-01
 1.96735533246015E+03	-2.99220002964255E-01
 1.96735807036018E+03	-2.61792648736959E-01
 1.96736080826021E+03	-1.59969034849064E-01
 1.96736354616024E+03	 2.42682327723119E-03
 1.96736628406027E+03	 2.18518531779702E-01
 1.96736902196030E+03	 4.59028988780046E-01
 1.96737175986034E+03	 6.57924815030292E-01
 1.96737449776037E+03	 7.32266497031773E-01
 1.96737723566040E+03	 6.31562074330482E-01
 1.96737997356043E+03	 3.76811531599681E-01
 1.96738271146046E+03	 5.27457378768525E-02
 1.96738544936049E+03	-2.42220251962915E-01
 1.96738818726052E+03	-4.45164177980204E-01
 1.96739092516055E+03	-5.37953744709832E-01
 1.96739366306058E+03	-5.22332816032818E-01
 1.96739640096061E+03	-4.02261244460130E-01
 1.96739913886064E+03	-1.98018319441976E-01
 1.96740187676067E+03	 3.29465098957865E-02
 1.96740461466070E+03	 2.09925022805798E-01
 1.96740735256074E+03	 2.77490731123177E-01
 1.96741009046077E+03	 2.41558165517891E-01
 1.96741282836080E+03	 1.54828674343457E-01
 1.96741556626083E+03	 6.74267023762258E-02
 1.96741830416086E+03	-7.53273844841132E-03
 1.96742104206089E+03	-8.49728985144064E-02
 1.96742377996092E+03	-1.73683659147621E-01
 1.96742651786095E+03	-2.56141981781411E-01
 1.96742925576098E+03	-3.00021054008368E-01
 1.96743199366101E+03	-2.82991623377169E-01
 1.96743473156104E+03	-2.01691497637203E-01
 1.96743746946107E+03	-6.03695738150970E-02
 1.96744020736110E+03	 1.37087500574356E-01
 1.96744294526113E+03	 3.73191276070669E-01
 1.96744568316117E+03	 5.95776701614935E-01
 1.96744842106120E+03	 7.23257347940496E-01
 1.96745115896123E+03	 6.86825314000435E-01
 1.96745389686126E+03	 4.79304298806013E-01
 1.96745663476129E+03	 1.66859338667810E-01
 1.96745937266132E+03	-1.49499950005086E-01
 1.96746211056135E+03	-3.89783472815083E-01
 1.96746484846138E+03	-5.21137880817240E-01
 1.96746758636141E+03	-5.41475732160560E-01
 1.96747032426144E+03	-4.54314387085915E-01
 1.96747306216147E+03	-2.71918674120284E-01
 1.96747580006150E+03	-3.88028764373014E-02
 1.96747853796153E+03	 1.67268869349849E-01
 1.96748127586157E+03	 2.75639545933818E-01
 1.96748401376160E+03	 2.69471155063046E-01
 1.96748675166163E+03	 1.90162276156158E-01
 1.96748948956166E+03	 9.51892055740762E-02
 1.96749222746169E+03	 1.29415334495631E-02
 1.96749496536172E+03	-6.40944467457301E-02
 1.96749770326175E+03	-1.50032358021613E-01
 1.96750044116178E+03	-2.36810008887573E-01
 1.96750317906181E+03	-2.95018717811564E-01
 1.96750591696184E+03	-2.97585341143598E-01
 1.96750865486187E+03	-2.36313157367165E-01
 1.96751139276190E+03	-1.15358821994006E-01
 1.96751413066193E+03	 6.17792143022208E-02
 1.96751686856197E+03	 2.86218027938722E-01
 1.96751960646200E+03	 5.20716607083621E-01
 1.96752234436203E+03	 6.91489164143340E-01
 1.96752508226206E+03	 7.18494140951689E-01
 1.96752782016209E+03	 5.67754135141745E-01
 1.96753055806212E+03	 2.81000450192567E-01
 1.96753329596215E+03	-4.62107680853523E-02
 1.96753603386218E+03	-3.20293100454482E-01
 1.96753877176221E+03	-4.90985267189838E-01
 1.96754150966224E+03	-5.48470098606002E-01
 1.96754424756227E+03	-4.95977536335086E-01
 1.96754698546230E+03	-3.40918534956340E-01
 1.96754972336233E+03	-1.15169832481437E-01
 1.96755246126236E+03	 1.11660790232650E-01
 1.96755519916240E+03	 2.59764059719104E-01
 1.96755793706243E+03	 2.89937344071708E-01
 1.96756067496246E+03	 2.26363934834795E-01
 1.96756341286249E+03	 1.27581859150957E-01
 1.96756615076252E+03	 3.62966244491509E-02
 1.96756888866255E+03	-4.34622200157952E-02
 1.96757162656258E+03	-1.26935645700296E-01
 1.96757436446261E+03	-2.15292092089451E-01
 1.96757710236264E+03	-2.84890331543030E-01
 1.96757984026267E+03	-3.05851973899666E-01
 1.96758257816270E+03	-2.64232968180959E-01
 1.96758531606273E+03	-1.62765134044145E-01
 1.96758805396276E+03	-6.12042869406123E-03
 1.96759079186280E+03	 2.01753904062220E-01
 1.96759352976283E+03	 4.37511563785385E-01
 1.96759626766286E+03	 6.39933032746434E-01
 1.96759900556289E+03	 7.25497409593152E-01
 1.96760174346292E+03	 6.37531258984238E-01
 1.96760448136295E+03	 3.89854089393401E-01
 1.96760721926297E+03	 6.44194705358747E-02
 1.96760995716301E+03	-2.37341422660746E-01
 1.96761269506304E+03	-4.47027771923606E-01
 1.96761543296307E+03	-5.42877272706188E-01
 1.96761817086310E+03	-5.26279315068390E-01
 1.96762090876313E+03	-4.02447153249508E-01
 1.96762364666316E+03	-1.92551087471279E-01
 1.96762638456320E+03	 4.54264292766698E-02
 1.96762912246323E+03	 2.29145508631957E-01
 1.96763186036326E+03	 2.99928716013774E-01
 1.96763459826329E+03	 2.60643796870417E-01
 1.96763733616332E+03	 1.63922653854857E-01
 1.96764007406335E+03	 6.36017650083048E-02
 1.96764281196338E+03	-2.20268770678057E-02
 1.96764554986341E+03	-1.04560094056313E-01
 1.96764828776344E+03	-1.92615913546847E-01
 1.96765102566347E+03	-2.70480433014164E-01
 1.96765376356350E+03	-3.08125582599470E-01
 1.96765650146353E+03	-2.85797089362779E-01
 1.96765923936356E+03	-2.03070954947649E-01
 1.96766197726359E+03	-6.61291533649980E-02
 1.96766471516363E+03	 1.22565117672691E-01
 1.96766745306366E+03	 3.50850007201097E-01
 1.96767019096369E+03	 5.72671080439602E-01
 1.96767292886372E+03	 7.08454163416830E-01
 1.96767566676375E+03	 6.85124175426236E-01
 1.96767840466378E+03	 4.87982882468093E-01
 1.96768114256381E+03	 1.78184841754701E-01
 1.96768388046384E+03	-1.42448127596913E-01
 1.96768661836387E+03	-3.89050009357641E-01
 1.96768935626390E+03	-5.24264767116114E-01
 1.96769209416393E+03	-5.44605588304838E-01
 1.96769483206396E+03	-4.54557571600825E-01
 1.96769756996399E+03	-2.67496215643072E-01
 1.96770030786403E+03	-2.83500515362704E-02
 1.96770304576406E+03	 1.84230854169028E-01
 1.96770578366409E+03	 2.97023860172958E-01
 1.96770852156412E+03	 2.89846556447714E-01
 1.96771125946415E+03	 2.02700515099527E-01
 1.96771399736418E+03	 9.54537886056359E-02
 1.96771673526421E+03	 1.44807821973402E-03
 1.96771947316424E+03	-8.26160298458309E-02
 1.96772221106427E+03	-1.69610095818255E-01
 1.96772494896430E+03	-2.52760063124676E-01
 1.96772768686433E+03	-3.04852048671536E-01
 1.96773042476436E+03	-3.01281491923797E-01
 1.96773316266439E+03	-2.36835932275332E-01
 1.96773590056443E+03	-1.18392718185802E-01
 1.96773863846446E+03	 5.04385187242563E-02
 1.96774137636449E+03	 2.64923365262790E-01
 1.96774411426452E+03	 4.94458771960510E-01
 1.96774685216455E+03	 6.69591099908936E-01
 1.96774959006458E+03	 7.08494153364537E-01
 1.96775232796461E+03	 5.70316001455378E-01
 1.96775506586464E+03	 2.90129842393543E-01
 1.96775780376467E+03	-3.81341385295167E-02
 1.96776054166470E+03	-3.17308355191749E-01
 1.96776327956473E+03	-4.92219070029004E-01
 1.96776601746476E+03	-5.50543989038803E-01
 1.96776875536479E+03	-4.95904851443927E-01
 1.96777149326483E+03	-3.36970860476628E-01
 1.96777423116486E+03	-1.06151007806448E-01
 1.96777696906489E+03	 1.26586915460381E-01
 1.96777970696492E+03	 2.79695906824964E-01
 1.96778244486495E+03	 3.10785637067608E-01
 1.96778518276498E+03	 2.41653023154151E-01
 1.96778792066501E+03	 1.31786603429404E-01
 1.96779065856504E+03	 2.81717373701341E-02
 1.96779339646507E+03	-6.03861663573226E-02
 1.96779613436510E+03	-1.46781304806560E-01
 1.96779887226513E+03	-2.32743564949959E-01
 1.96780161016516E+03	-2.96629716781428E-01
 1.96780434806519E+03	-3.10923426264198E-01
 1.96780708596522E+03	-2.64563223014745E-01
 1.96780982386526E+03	-1.63463319342732E-01
 1.96781256176529E+03	-1.37877318011354E-02
 1.96781529966532E+03	 1.83103487006896E-01
 1.96781803756535E+03	 4.10236881282024E-01
 1.96782077546538E+03	 6.12487716867423E-01
 1.96782351336541E+03	 7.07280485607256E-01
 1.96782625126544E+03	 6.32638274490411E-01
 1.96782898916547E+03	 3.94908794860463E-01
 1.96783172706550E+03	 7.20667319333082E-02
 1.96783446496553E+03	-2.32756408471280E-01
 1.96783720286556E+03	-4.46446303910750E-01
 1.96783994076559E+03	-5.43758821290008E-01
 1.96784267866562E+03	-5.25641639216842E-01
 1.96784541656566E+03	-3.98524516493608E-01
 1.96784815446569E+03	-1.84369552353648E-01
 1.96785089236572E+03	 5.87277649161215E-02
 1.96785363026575E+03	 2.47497838866280E-01
 1.96785636816578E+03	 3.20598473721214E-01
 1.96785910606581E+03	 2.77951548714956E-01
 1.96786184396584E+03	 1.71756357369644E-01
 1.96786458186587E+03	 5.90893952101597E-02
 1.96786731976590E+03	-3.68275496277587E-02
 1.96787005766593E+03	-1.24224696094857E-01
 1.96787279556596E+03	-2.11372403848507E-01
 1.96787553346599E+03	-2.84216093888035E-01
 1.96787827136602E+03	-3.14983398157449E-01
 1.96788100926606E+03	-2.86628858618320E-01
 1.96788374716609E+03	-2.02073007844372E-01
 1.96788648506612E+03	-7.00809007295693E-02
 1.96788922296615E+03	 1.07749971357848E-01
 1.96789196086618E+03	 3.24655390970366E-01
 1.96789469876621E+03	 5.41681353168607E-01
 1.96789743666624E+03	 6.82826531367212E-01
 1.96790017456627E+03	 6.72015213258248E-01
 1.96790291246630E+03	 4.87239343425145E-01
 1.96790565036633E+03	 1.83736986615155E-01
 1.96790838826636E+03	-1.37227713671574E-01
 1.96791112616639E+03	-3.86945454755490E-01
 1.96791386406642E+03	-5.23930685867501E-01
 1.96791660196645E+03	-5.43266899971007E-01
 1.96791933986649E+03	-4.50350140559281E-01
 1.96792207776652E+03	-2.59623702647799E-01
 1.96792481566655E+03	-1.61561961046882E-02
 1.96792755356658E+03	 2.01121509252078E-01
 1.96793029146661E+03	 3.17076100955758E-01
 1.96793302936664E+03	 3.08474181750354E-01
 1.96793576726667E+03	 2.13724844841231E-01
 1.96793850516670E+03	 9.46581851278995E-02
 1.96794124306673E+03	-1.07394345116141E-02
 1.96794398096676E+03	-1.01589511488477E-01
 1.96794671886679E+03	-1.89384487419556E-01
 1.96794945676682E+03	-2.68489904681428E-01
 1.96795219466685E+03	-3.13813575782027E-01
 1.96795493256689E+03	-3.03275897329634E-01
 1.96795767046692E+03	-2.34939483134464E-01
 1.96796040836695E+03	-1.18991927697410E-01
 1.96796314626698E+03	 4.01614468450512E-02
 1.96796588416701E+03	 2.41668195477423E-01
 1.96796862206704E+03	 4.62183049417055E-01
 1.96797135996707E+03	 6.38020292581254E-01
 1.96797409786710E+03	 6.87095694163286E-01
 1.96797683576713E+03	 5.62396023253615E-01
 1.96797957366716E+03	 2.91846403650324E-01
 1.96798231156719E+03	-3.35293705938938E-02
 1.96798504946722E+03	-3.14221367126200E-01
 1.96798778736725E+03	-4.90780217761063E-01
 1.96799052526729E+03	-5.48470450329653E-01
 1.96799326316732E+03	-4.91242695946272E-01
 1.96799600106735E+03	-3.28999004475550E-01
 1.96799873896738E+03	-9.45256415762817E-02
 1.96800147686741E+03	 1.42324968884813E-01
 1.96800421476744E+03	 2.98923107212627E-01
 1.96800695266747E+03	 3.30133382635884E-01
 1.96800969056750E+03	 2.55350503231640E-01
 1.96801242846753E+03	 1.34669463286769E-01
 1.96801516636756E+03	 1.90219924873095E-02
 1.96801790426759E+03	-7.81142114686788E-02
 1.96802064216762E+03	-1.67193225329276E-01
 1.96802338006765E+03	-2.50368291581493E-01
 1.96802611796768E+03	-3.07908104635904E-01
 1.96802885586772E+03	-3.14661762991268E-01
 1.96803159376775E+03	-2.62631849211064E-01
 1.96803433166778E+03	-1.61398132753342E-01
 1.96803706956781E+03	-1.93364698057716E-02
 1.96803980746784E+03	 1.64245664148812E-01
 1.96804254536787E+03	 3.78966571024386E-01
 1.96804528326790E+03	 5.76968309622398E-01
 1.96804802116793E+03	 6.78248865496010E-01
 1.96805075906796E+03	 6.16680375566309E-01
 1.96805349696799E+03	 3.91142481396611E-01
 1.96805623486802E+03	 7.45883448681224E-02
 1.96805897276805E+03	-2.29492843392955E-01
 1.96806171066808E+03	-4.44176348931575E-01
 1.96806444856812E+03	-5.41014334822075E-01
 1.96806718646815E+03	-5.20481424500403E-01
 1.96806992436818E+03	-3.90192655595258E-01
 1.96807266226821E+03	-1.72827855453479E-01
 1.96807540016824E+03	 7.37417489681256E-02
 1.96807813806827E+03	 2.65913540092207E-01
 1.96808087596830E+03	 3.40216378256443E-01
 1.96808361386833E+03	 2.93781070933790E-01
 1.96808635176836E+03	 1.78148073173778E-01
 1.96808908966839E+03	 5.33105113899724E-02
 1.96809182756842E+03	-5.27348486869988E-02
 1.96809456546845E+03	-1.44801888834964E-01
 1.96809730336848E+03	-2.30689894446548E-01
 1.96810004126852E+03	-2.97915611676137E-01
 1.96810277916855E+03	-3.20936963913749E-01
 1.96810551706858E+03	-2.85510060334861E-01
 1.96810825496861E+03	-1.98254757579352E-01
 1.96811099286864E+03	-7.11930749430568E-02
 1.96811373076867E+03	 9.42337533380817E-02
 1.96811646866870E+03	 2.96495349293930E-01
 1.96811920656873E+03	 5.04544253301821E-01
 1.96812194446876E+03	 6.47513456214693E-01
 1.96812468236879E+03	 6.47803881725297E-01
 1.96812742026882E+03	 4.76617276548349E-01
 1.96813015816885E+03	 1.82602772191848E-01
 1.96813289606888E+03	-1.34847345132323E-01
 1.96813563396892E+03	-3.84310054893740E-01
 1.96813837186895E+03	-5.20682465510735E-01
 1.96814110976898E+03	-5.37673145586224E-01
 1.96814384766901E+03	-4.41550632562578E-01
 1.96814658556904E+03	-2.47793471980743E-01
 1.96814932346907E+03	-1.39751083424369E-03
 1.96815206136910E+03	 2.18923157806016E-01
 1.96815479926913E+03	 3.36693493456943E-01
 1.96815753716916E+03	 3.25926952261265E-01
 1.96816027506919E+03	 2.23349057417454E-01
 1.96816301296922E+03	 9.24722225178520E-02
 1.96816575086925E+03	-2.42581768233649E-02
 1.96816848876928E+03	-1.21775258015899E-01
 1.96817122666931E+03	-2.10083786969503E-01
 1.96817396456935E+03	-2.84603217051037E-01
 1.96817670246938E+03	-3.22328084074261E-01
 1.96817944036941E+03	-3.03736429209030E-01
 1.96818217826944E+03	-2.30393748523932E-01
 1.96818491616947E+03	-1.16365104923301E-01
 1.96818765406950E+03	 3.23663481595571E-02
 1.96819039196953E+03	 2.18345175824364E-01
 1.96819312986956E+03	 4.25870357275783E-01
 1.96819586776959E+03	 5.98362892471244E-01
 1.96819860566962E+03	 6.55129425955049E-01
 1.96820134356965E+03	 5.43992554865710E-01
 1.96820408146968E+03	 2.85524032968028E-01
 1.96820681936971E+03	-3.32989129924845E-02
 1.96820955726975E+03	-3.11898254719545E-01
 1.96821229516978E+03	-4.87314112593801E-01
 1.96821503306981E+03	-5.42598926374394E-01
 1.96821777096984E+03	-4.82008521361198E-01
 1.96822050886987E+03	-3.16656531770516E-01
 1.96822324676990E+03	-7.95889575674930E-02
 1.96822598466993E+03	 1.59836244432650E-01
 1.96822872256996E+03	 3.18453451189370E-01
 1.96823146046999E+03	 3.48781923966784E-01
 1.96823419837002E+03	 2.67859149515566E-01
 1.96823693627005E+03	 1.36177445871149E-01
 1.96823967417008E+03	 8.42069426064398E-03
 1.96824241207011E+03	-9.72825197673049E-02
 1.96824514997015E+03	-1.88849920878967E-01
 1.96824788787018E+03	-2.68772839252394E-01
 1.96825062577021E+03	-3.19198433069588E-01
 1.96825336367024E+03	-3.17343568491901E-01
 1.96825610157027E+03	-2.58396163512699E-01
 1.96825883947030E+03	-1.56027727039168E-01
 1.96826157737033E+03	-2.15846697420336E-02
 1.96826431527036E+03	 1.46965343062132E-01
 1.96826705317039E+03	 3.45798258708926E-01
 1.96826979107042E+03	 5.35314745466911E-01
 1.96827252897045E+03	 6.39734823970162E-01
 1.96827526687048E+03	 5.90158616719693E-01
 1.96827800477051E+03	 3.78305754307839E-01
 1.96828074267054E+03	 7.12806282178492E-02
 1.96828348057058E+03	-2.28372551180548E-01
 1.96828621847061E+03	-4.40917749311882E-01
 1.96828895637064E+03	-5.35103237438833E-01
 1.96829169427067E+03	-5.10963257882462E-01
 1.96829443217070E+03	-3.77274974075262E-01
 1.96829717007073E+03	-1.57377981296604E-01
 1.96829990797076E+03	 9.13432277671143E-02
 1.96830264587079E+03	 2.85434728379109E-01
 1.96830538377082E+03	 3.59750045853992E-01
 1.96830812167085E+03	 3.08795421521921E-01
 1.96831085957088E+03	 1.83331118218380E-01
 1.96831359747091E+03	 4.60854100261384E-02
 1.96831633537094E+03	-7.02141473978514E-02
 1.96831907327098E+03	-1.66877614874901E-01
 1.96832181117101E+03	-2.51142206417358E-01
 1.96832454907104E+03	-3.12065780252398E-01
 1.96832728697107E+03	-3.26332989735204E-01
 1.96833002487110E+03	-2.82548825186969E-01
 1.96833276277113E+03	-1.91310856811324E-01
 1.96833550067116E+03	-6.85560385995311E-02
 1.96833823857119E+03	 8.35999402923381E-02
 1.96834097647122E+03	 2.68454642109451E-01
 1.96834371437125E+03	 4.63434285370566E-01
 1.96834645227128E+03	 6.04285620120883E-01
 1.96834919017131E+03	 6.13505316453933E-01
 1.96835192807134E+03	 4.56313232426940E-01
 1.96835466597138E+03	 1.74367425685796E-01
 1.96835740387141E+03	-1.36005784060538E-01
 1.96836014177144E+03	-3.81843004751975E-01
 1.96836287967147E+03	-5.15053851407284E-01
 1.96836561757150E+03	-5.28113872659731E-01
 1.96836835547153E+03	-4.28146994492993E-01
 1.96837109337156E+03	-2.31636094302953E-01
 1.96837383127159E+03	 1.66606689162911E-02
 1.96837656917162E+03	 2.38636841374930E-01
 1.96837930707165E+03	 3.56935844744436E-01
 1.96838204497168E+03	 3.43079073270083E-01
 1.96838478287171E+03	 2.32080699229410E-01
 1.96838752077174E+03	 8.89844632833300E-02
 1.96839025867177E+03	-3.93629125232541E-02
 1.96839299657181E+03	-1.43624382688131E-01
 1.96839573447184E+03	-2.32212503343049E-01
 1.96839847237187E+03	-3.01566927086389E-01
 1.96840121027190E+03	-3.30774042785749E-01
 1.96840394817193E+03	-3.02879263234451E-01
 1.96840668607196E+03	-2.23099104429621E-01
 1.96840942397199E+03	-1.09883569996988E-01
 1.96841216187202E+03	 2.83674756298993E-02
 1.96841489977205E+03	 1.96906526051565E-01
 1.96841763767208E+03	 3.87796107085477E-01
 1.96842037557211E+03	 5.52730364855826E-01
 1.96842311347214E+03	 6.14096414317604E-01
 1.96842585137217E+03	 5.15788406315307E-01
 1.96842858927221E+03	 2.71115864424975E-01
 1.96843132717224E+03	-3.79365683991449E-02
 1.96843406507227E+03	-3.10973602688586E-01
 1.96843680297230E+03	-4.82384317626585E-01
 1.96843954087233E+03	-5.33312697523616E-01
 1.96844227877236E+03	-4.68337056343387E-01
 1.96844501667239E+03	-2.99758021898043E-01
 1.96844775457242E+03	-6.07846454764346E-02
 1.96845049247245E+03	 1.80012672608572E-01
 1.96845323037248E+03	 3.39359441832715E-01
 1.96845596827251E+03	 3.67750791717973E-01
 1.96845870617254E+03	 2.79927249442487E-01
 1.96846144407257E+03	 1.36670154068366E-01
 1.96846418197261E+03	-3.64738786281332E-03
 1.96846691987264E+03	-1.18168576216687E-01
 1.96846965777267E+03	-2.12150068122779E-01
 1.96847239567270E+03	-2.88371433336877E-01
 1.96847513357273E+03	-3.30874628848245E-01
 1.96847787147276E+03	-3.19248576514337E-01
 1.96848060937279E+03	-2.51919246621692E-01
 1.96848334727282E+03	-1.46988331738636E-01
 1.96848608517285E+03	-1.95254386701927E-02
 1.96848882307288E+03	 1.32982749211191E-01
 1.96849156097291E+03	 3.12972792895343E-01
 1.96849429887294E+03	 4.89856054069147E-01
 1.96849703677297E+03	 5.93658741601665E-01
 1.96849977467301E+03	 5.54247517451890E-01
 1.96850251257304E+03	 3.56778929226334E-01
 1.96850525047307E+03	 6.19329896801464E-02
 1.96850798837310E+03	-2.29896045794816E-01
 1.96851072627313E+03	-4.37211935811167E-01
 1.96851346417316E+03	-5.26463788580400E-01
 1.96851620207319E+03	-4.97340499456766E-01
 1.96851893997322E+03	-3.59760043299839E-01
 1.96852167787325E+03	-1.37662421061241E-01
 1.96852441577328E+03	 1.12259922325288E-01
 1.96852715367331E+03	 3.07068686924230E-01
 1.96852989157334E+03	 3.80287265057041E-01
 1.96853262947337E+03	 3.23930569561435E-01
 1.96853536737340E+03	 1.87918580820763E-01
 1.96853810527344E+03	 3.76526398405448E-02
 1.96854084317347E+03	-8.93373792706223E-02
 1.96854358107350E+03	-1.90709846975748E-01
 1.96854631897353E+03	-2.73059147844024E-01
 1.96854905687356E+03	-3.27002674780099E-01
 1.96855179477359E+03	-3.31472127121826E-01
 1.96855453267362E+03	-2.77921558302320E-01
 1.96855727057365E+03	-1.81106688182471E-01
 1.96856000847368E+03	-6.14784779242771E-02
 1.96856274637371E+03	 7.72650481462785E-02
 1.96856548427374E+03	 2.42614649095205E-01
 1.96856822217377E+03	 4.20760662762889E-01
 1.96857096007380E+03	 5.55382743280056E-01
 1.96857369797384E+03	 5.70753675045314E-01
 1.96857643587387E+03	 4.27166855312687E-01
 1.96857917377390E+03	 1.59170722842430E-01
 1.96858191167393E+03	-1.40999133980897E-01
 1.96858464957396E+03	-3.80006320929848E-01
 1.96858738747399E+03	-5.07493480555396E-01
 1.96859012537402E+03	-5.14924964742243E-01
 1.96859286327405E+03	-4.10278494076634E-01
 1.96859560117408E+03	-2.10995246392855E-01
 1.96859833907411E+03	 3.85437580192924E-02
 1.96860107697414E+03	 2.61134999502699E-01
 1.96860381487417E+03	 3.78877479260167E-01
 1.96860655277420E+03	 3.60985363355599E-01
 1.96860929067424E+03	 2.40748415053012E-01
 1.96861202857427E+03	 8.46838695225103E-02
 1.96861476647430E+03	-5.58985884216795E-02
 1.96861750437433E+03	-1.67223187991632E-01
 1.96862024227436E+03	-2.55985890139234E-01
 1.96862298017439E+03	-3.19649160146417E-01
 1.96862571807442E+03	-3.39434579636433E-01
 1.96862845597445E+03	-3.00943793423819E-01
 1.96863119387448E+03	-2.13100982384607E-01
 1.96863393177451E+03	-9.91528535263535E-02
 1.96863666967454E+03	 2.92376627977844E-02
 1.96863940757457E+03	 1.79170477977238E-01
 1.96864214547460E+03	 3.50310834274256E-01
 1.96864488337463E+03	 5.03557047207903E-01
 1.96864762127467E+03	 5.66021956960778E-01
 1.96865035917470E+03	 4.79082330574319E-01
 1.96865309707473E+03	 2.49160780649624E-01
 1.96865583497476E+03	-4.74683782790853E-02
 1.96865857287479E+03	-3.11770296954907E-01
 1.96866131077482E+03	-4.76401250713299E-01
 1.96866404867485E+03	-5.20988632013545E-01
 1.96866678657488E+03	-4.50484672647066E-01
 1.96866952447491E+03	-2.78334033957098E-01
 1.96867226237494E+03	-3.78085067113645E-02
 1.96867500027497E+03	 2.03536235940548E-01
 1.96867773817500E+03	 3.62622616766041E-01
 1.96868047607503E+03	 3.88134494633575E-01
 1.96868321397507E+03	 2.92542609271133E-01
 1.96868595187510E+03	 1.36864375692355E-01
 1.96868868977513E+03	-1.67926357918257E-02
 1.96869142767516E+03	-1.40662764215182E-01
 1.96869416557519E+03	-2.37166758872438E-01
 1.96869690347522E+03	-3.09337213768538E-01
 1.96869964137525E+03	-3.43169162993286E-01
 1.96870237927528E+03	-3.20632174964149E-01
 1.96870511717531E+03	-2.43370891807268E-01
 1.96870785507534E+03	-1.34142124183416E-01
 1.96871059297537E+03	-1.24375792403639E-02
 1.96871333087540E+03	 1.23778306564362E-01
 1.96871606877543E+03	 2.82654120748725E-01
 1.96871880667547E+03	 4.43082867010172E-01
 1.96872154457550E+03	 5.42336988817769E-01
 1.96872428247553E+03	 5.10670043194445E-01
 1.96872702037556E+03	 3.27524025296211E-01
 1.96872975827559E+03	 4.68443652058495E-02
 1.96873249617562E+03	-2.34188598525820E-01
 1.96873523407565E+03	-4.33380592043680E-01
 1.96873797197568E+03	-5.15469299935802E-01
 1.96874070987571E+03	-4.79946122548362E-01
 1.96874344777574E+03	-3.37837097269562E-01
 1.96874618567577E+03	-1.13597743387262E-01
 1.96874892357580E+03	 1.36945883636780E-01
 1.96875166147583E+03	 3.31634001273230E-01
 1.96875439937586E+03	 4.02879314646005E-01
 1.96875713727590E+03	 3.40262415093554E-01
 1.96875987517593E+03	 1.92813332061137E-01
 1.96876261307596E+03	 2.86274595971348E-02
 1.96876535097599E+03	-1.09784573314464E-01
 1.96876808887602E+03	-2.16206015285681E-01
 1.96877082677605E+03	-2.96494773443826E-01
 1.96877356467608E+03	-3.42880360942964E-01
 1.96877630257611E+03	-3.36584911434913E-01
 1.96877904047614E+03	-2.71866369799227E-01
 1.96878177837617E+03	-1.67706457051492E-01
 1.96878451627620E+03	-4.95699223075496E-02
 1.96878725417623E+03	 7.63302346312324E-02
 1.96878999207626E+03	 2.20846525292488E-01
 1.96879272997630E+03	 3.78930767488184E-01
 1.96879546787633E+03	 5.03288777817681E-01
 1.96879820577636E+03	 5.21627609059725E-01
 1.96880094367639E+03	 3.90558154293331E-01
 1.96880368157642E+03	 1.37674830019284E-01
 1.96880641947645E+03	-1.49702059075410E-01
 1.96880915737648E+03	-3.78982873051646E-01
 1.96881189527651E+03	-4.98325780736437E-01
 1.96881463317654E+03	-4.98471968814656E-01
 1.96881737107657E+03	-3.88254666627139E-01
 1.96882010897660E+03	-1.85990178507037E-01
 1.96882284687663E+03	 6.44606857457381E-02
 1.96882558477666E+03	 2.87017992758805E-01
 1.96882832267670E+03	 4.03446773241816E-01
 1.96883106057673E+03	 3.80729462334464E-01
 1.96883379847676E+03	 2.50382183572957E-01
 1.96883653637679E+03	 8.03844670068646E-02
 1.96883927427682E+03	-7.33332468932443E-02
 1.96884201217685E+03	-1.92296243016689E-01
 1.96884475007688E+03	-2.81318009511595E-01
 1.96884748797691E+03	-3.38902643029108E-01
 1.96885022587694E+03	-3.48481929192756E-01
 1.96885296377697E+03	-2.98184983511496E-01
 1.96885570167700E+03	-2.00604070216335E-01
 1.96885843957703E+03	-8.40692946548361E-02
 1.96886117747706E+03	 3.56908896793640E-02
 1.96886391537710E+03	 1.66638813369310E-01
 1.96886665327713E+03	 3.15610093580683E-01
 1.96886939117716E+03	 4.53358105785195E-01
 1.96887212907719E+03	 5.13242677160698E-01
 1.96887486697722E+03	 4.35636032756200E-01
 1.96887760487725E+03	 2.20700659307339E-01
 1.96888034277728E+03	-6.14754694095892E-02
 1.96888308067731E+03	-3.14285408724570E-01
 1.96888581857734E+03	-4.69596318093057E-01
 1.96888855647737E+03	-5.05980344594844E-01
 1.96889129437740E+03	-4.28836832775439E-01
 1.96889403227743E+03	-2.52674053390633E-01
 1.96889677017746E+03	-1.06936216220181E-02
 1.96889950807749E+03	 2.30752793201058E-01
 1.96890224597753E+03	 3.88978723634665E-01
 1.96890498387756E+03	 4.10941242333247E-01
 1.96890772177759E+03	 3.06789833240959E-01
 1.96891045967762E+03	 1.37728183534147E-01
 1.96891319757765E+03	-3.02846943533043E-02
 1.96891593547768E+03	-1.64298496772761E-01
 1.96891867337771E+03	-2.63657233133804E-01
 1.96892141127774E+03	-3.31602713245642E-01
 1.96892414917777E+03	-3.56169828294365E-01
 1.96892688707780E+03	-3.21722503337025E-01
 1.96892962497783E+03	-2.33034698589656E-01
 1.96893236287786E+03	-1.17612850828765E-01
 1.96893510077789E+03	 2.81457665524528E-05
 1.96893783867793E+03	 1.20441793439159E-01
 1.96894057657796E+03	 2.56718970817754E-01
 1.96894331447799E+03	 3.97404080943615E-01
 1.96894605237802E+03	 4.88244686832799E-01
 1.96894879027805E+03	 4.61503062450451E-01
 1.96895152817808E+03	 2.91953660853413E-01
 1.96895426607811E+03	 2.67555485954074E-02
 1.96895700397814E+03	-2.41020523294761E-01
 1.96895974187817E+03	-4.29520933831159E-01
 1.96896247977820E+03	-5.02418955604545E-01
 1.96896521767823E+03	-4.59195209511660E-01
 1.96896795557826E+03	-3.11923363832660E-01
 1.96897069347829E+03	-8.54376110080898E-02
 1.96897343137833E+03	 1.65477259679793E-01
 1.96897616927836E+03	 3.59619678030228E-01
 1.96897890717839E+03	 4.28379883008297E-01
 1.96898164507842E+03	 3.58849475919719E-01
 1.96898438297845E+03	 1.99076785006182E-01
 1.96898712087848E+03	 1.99084367151343E-02
 1.96898985877851E+03	-1.30901265846970E-01
 1.96899259667854E+03	-2.42955376012892E-01
 1.96899533457857E+03	-3.21246208867674E-01
 1.96899807247860E+03	-3.59682367698139E-01
 1.96900081037863E+03	-3.41838130626447E-01
 1.96900354827866E+03	-2.64689653186476E-01
 1.96900628617869E+03	-1.51394451638220E-01
 1.96900902407872E+03	-3.27991021785292E-02
 1.96901176197876E+03	 8.14650969135779E-02
 1.96901449987879E+03	 2.04630665294999E-01
 1.96901723777882E+03	 3.40120286536331E-01
 1.96901997567885E+03	 4.50485772464434E-01
 1.96902271357888E+03	 4.68426231041220E-01
 1.96902545147891E+03	 3.48234394159630E-01
 1.96902818937894E+03	 1.10952365875337E-01
 1.96903092727897E+03	-1.61626284215208E-01
 1.96903366517900E+03	-3.78699157745024E-01
 1.96903640307903E+03	-4.87756848855029E-01
 1.96903914097906E+03	-4.79154869716404E-01
 1.96904187887909E+03	-3.62572690101134E-01
 1.96904461677912E+03	-1.57059018696099E-01
 1.96904735467916E+03	 9.42236345535252E-02
 1.96905009257919E+03	 3.16493615995339E-01
 1.96905283047922E+03	 4.31274466961365E-01
 1.96905556837925E+03	 4.03261190516455E-01
 1.96905830627928E+03	 2.62063669901837E-01
 1.96906104417931E+03	 7.71062996139906E-02
 1.96906378207934E+03	-9.08416829013016E-02
 1.96906651997937E+03	-2.18261493312880E-01
 1.96906925787940E+03	-3.07859229088117E-01
 1.96907199577943E+03	-3.59191819246278E-01
 1.96907473367946E+03	-3.57995909423765E-01
 1.96907747157949E+03	-2.94884902521608E-01
 1.96908020947952E+03	-1.85986279655157E-01
 1.96908294737956E+03	-6.48562355089173E-02
 1.96908568527959E+03	 4.79997845447733E-02
 1.96908842317962E+03	 1.60352046765764E-01
 1.96909116107965E+03	 2.85530229321751E-01
 1.96909389897968E+03	 4.04489709149593E-01
 1.96909663687971E+03	 4.58167115716541E-01
 1.96909937477974E+03	 3.87468871939233E-01
 1.96910211267977E+03	 1.87128459652807E-01
 1.96910485057980E+03	-7.91913564186438E-02
 1.96910758847983E+03	-3.18244489361902E-01
 1.96911032637986E+03	-4.62048941165125E-01
 1.96911306427989E+03	-4.88632264695499E-01
 1.96911580217992E+03	-4.03922139269062E-01
 1.96911854007995E+03	-2.23354577165953E-01
 1.96912127797999E+03	 2.01327616338251E-02
 1.96912401588002E+03	 2.61576085338777E-01
 1.96912675378005E+03	 4.18783357199058E-01
 1.96912949168008E+03	 4.36934405543917E-01
 1.96913222958011E+03	 3.23690492000466E-01
 1.96913496748014E+03	 1.40341531575741E-01
 1.96913770538017E+03	-4.31600156477882E-02
 1.96914044328020E+03	-1.88329349558367E-01
 1.96914318118023E+03	-2.91118655521690E-01
 1.96914591908026E+03	-3.54902392614389E-01
 1.96914865698029E+03	-3.69851410310230E-01
 1.96915139488032E+03	-3.22740675212987E-01
 1.96915413278035E+03	-2.21321140631040E-01
 1.96915687068039E+03	-9.78068519048082E-02
 1.96915960858042E+03	 1.77960873822424E-02
 1.96916234648045E+03	 1.23565030441901E-01
 1.96916508438048E+03	 2.36586831637278E-01
 1.96916782228051E+03	 3.54926826834437E-01
 1.96917056018054E+03	 4.33775632508474E-01
 1.96917329808057E+03	 4.08952128993813E-01
 1.96917603598060E+03	 2.51746818999429E-01
 1.96917877388063E+03	 2.71584091639519E-03
 1.96918151178066E+03	-2.49894227205318E-01
 1.96918424968069E+03	-4.25557957150420E-01
 1.96918698758072E+03	-4.87567114163459E-01
 1.96918972548075E+03	-4.35602390348900E-01
 1.96919246338079E+03	-2.82682770708709E-01
 1.96919520128082E+03	-5.38092242570464E-02
 1.96919793918085E+03	 1.97482315174097E-01
 1.96920067708088E+03	 3.91074140618525E-01
 1.96920341498091E+03	 4.57299466485743E-01
 1.96920615288094E+03	 3.80571802638720E-01
 1.96920889078097E+03	 2.07775834334538E-01
 1.96921162868100E+03	 1.25496982023286E-02
 1.96921436658103E+03	-1.51796115024530E-01
 1.96921710448106E+03	-2.70302159667396E-01
 1.96921984238109E+03	-3.46910586023911E-01
 1.96922258028112E+03	-3.77266126183083E-01
 1.96922531818115E+03	-3.47365472208796E-01
 1.96922805608119E+03	-2.56783096211994E-01
 1.96923079398122E+03	-1.32687880748082E-01
 1.96923353188125E+03	-1.15235059114006E-02
 1.96923626978128E+03	 9.28359553175692E-02
 1.96923900768131E+03	 1.94925441450081E-01
 1.96924174558134E+03	 3.06083560646732E-01
 1.96924448348137E+03	 3.99226980618013E-01
 1.96924722138140E+03	 4.13437427436456E-01
 1.96924995928143E+03	 3.02103758638118E-01
 1.96925269718146E+03	 8.03228213372032E-02
 1.96925543508149E+03	-1.76038695626073E-01
 1.96925817298152E+03	-3.78904364633137E-01
 1.96926091088155E+03	-4.75923144832500E-01
 1.96926364878158E+03	-4.57434844682619E-01
 1.96926638668162E+03	-3.33933044823861E-01
 1.96926912458165E+03	-1.24979449508278E-01
 1.96927186248168E+03	 1.27203122384594E-01
 1.96927460038171E+03	 3.49293183956141E-01
 1.96927733828174E+03	 4.62568561377653E-01
 1.96928007618177E+03	 4.29243214644086E-01
 1.96928281408180E+03	 2.76767283696854E-01
 1.96928555198183E+03	 7.59324502476695E-02
 1.96928828988186E+03	-1.07421135249811E-01
 1.96929102778189E+03	-2.44319502944245E-01
 1.96929376568192E+03	-3.35066140259485E-01
 1.96929650358195E+03	-3.80248572303071E-01
 1.96929924148198E+03	-3.68004866416457E-01
 1.96930197938202E+03	-2.91376479679862E-01
 1.96930471728205E+03	-1.69809287786263E-01
 1.96930745518208E+03	-4.20772060517692E-02
 1.96931019308211E+03	 6.59548127143675E-02
 1.96931293098214E+03	 1.60797584586772E-01
 1.96931566888217E+03	 2.61396092830638E-01
 1.96931840678220E+03	 3.58947072792840E-01
 1.96932114468223E+03	 4.03050904342321E-01
 1.96932388258226E+03	 3.36641166801825E-01
 1.96932662048229E+03	 1.50002709331339E-01
 1.96932935838232E+03	-9.96466434258347E-02
 1.96933209628235E+03	-3.23206427782538E-01
 1.96933483418238E+03	-4.53756555667926E-01
 1.96933757208242E+03	-4.69320107003719E-01
 1.96934030998245E+03	-3.76430892459117E-01
 1.96934304788248E+03	-1.91249685685431E-01
 1.96934578578251E+03	 5.38263193772089E-02
 1.96934852368254E+03	 2.95432203079868E-01
 1.96935126158257E+03	 4.51913089176957E-01
 1.96935399948260E+03	 4.66495357434529E-01
 1.96935673738263E+03	 3.44046681189928E-01
 1.96935947528266E+03	 1.45744185098618E-01
 1.96936221318269E+03	-5.43522970924923E-02
 1.96936495108272E+03	-2.11832782534353E-01
 1.96936768898275E+03	-3.18869535640344E-01
 1.96937042688278E+03	-3.78837666292483E-01
 1.96937316478281E+03	-3.84125382054296E-01
 1.96937590268285E+03	-3.23931968829743E-01
 1.96937864058288E+03	-2.08779860830822E-01
 1.96938137848291E+03	-7.54164440650140E-02
 1.96938411638294E+03	 4.03495110431914E-02
 1.96938685428297E+03	 1.33186842012927E-01
 1.96938959218300E+03	 2.23108245661892E-01
 1.96939233008303E+03	 3.17288225192524E-01
 1.96939506798306E+03	 3.81036328626841E-01
 1.96939780588309E+03	 3.55136554067552E-01
 1.96940054378312E+03	 2.08651303516311E-01
 1.96940328168315E+03	-2.40815594658554E-02
 1.96940601958318E+03	-2.60171375129814E-01
 1.96940875748321E+03	-4.21335249408805E-01
 1.96941149538325E+03	-4.71179863758628E-01
 1.96941423328328E+03	-4.09808070343921E-01
 1.96941697118331E+03	-2.51032208937656E-01
 1.96941970908334E+03	-1.97187538411361E-02
 1.96942244698337E+03	 2.32113289467800E-01
 1.96942518488340E+03	 4.25536165160817E-01
 1.96942792278343E+03	 4.89691631908307E-01
 1.96943066068346E+03	 4.05985519163742E-01
 1.96943339858349E+03	 2.19828780796300E-01
 1.96943613648352E+03	 7.62006659189686E-03
 1.96943887438355E+03	-1.71457072750953E-01
 1.96944161228358E+03	-2.97437140697174E-01
 1.96944435018361E+03	-3.72957425111113E-01
 1.96944708808365E+03	-3.95419089348162E-01
 1.96944982598368E+03	-3.53305062566777E-01
 1.96945256388371E+03	-2.48639629394611E-01
 1.96945530178374E+03	-1.12335646251520E-01
 1.96945803968377E+03	 1.35123749646648E-02
 1.96946077758380E+03	 1.10082717208782E-01
 1.96946351548383E+03	 1.92095818182717E-01
 1.96946625338386E+03	 2.78024435118956E-01
 1.96946899128389E+03	 3.51359472044719E-01
 1.96947172918392E+03	 3.58736113121693E-01
 1.96947446708395E+03	 2.54036322164331E-01
 1.96947720498398E+03	 4.71762608233222E-02
 1.96947994288401E+03	-1.92105320078126E-01
 1.96948268078404E+03	-3.79279247599072E-01
 1.96948541868408E+03	-4.62964257233522E-01
 1.96948815658411E+03	-4.33871181131575E-01
 1.96949089448414E+03	-3.03246578797303E-01
 1.96949363238417E+03	-9.08619273218005E-02
 1.96949637028420E+03	 1.62324348777738E-01
 1.96949910818423E+03	 3.84633581654817E-01
 1.96950184608426E+03	 4.97029583552904E-01
 1.96950458398429E+03	 4.58924591691546E-01
 1.96950732188432E+03	 2.95211809323479E-01
 1.96951005978435E+03	 7.78630715085281E-02
 1.96951279768438E+03	-1.22017300239681E-01
 1.96951553558441E+03	-2.69553957702712E-01
 1.96951827348444E+03	-3.62279784248716E-01
 1.96952101138448E+03	-4.01732365718438E-01
 1.96952374928451E+03	-3.78527326967339E-01
 1.96952648718454E+03	-2.88062983330006E-01
 1.96952922508457E+03	-1.52815945323167E-01
 1.96953196298460E+03	-1.66221446415066E-02
 1.96953470088463E+03	 8.88670028320717E-02
 1.96953743878466E+03	 1.67875656570917E-01
 1.96954017668469E+03	 2.43933011206818E-01
 1.96954291458472E+03	 3.18222533469439E-01
 1.96954565248475E+03	 3.49817993028269E-01
 1.96954839038478E+03	 2.85063920280315E-01
 1.96955112828481E+03	 1.10868426024334E-01
 1.96955386618484E+03	-1.21822964374065E-01
 1.96955660408488E+03	-3.28685792364723E-01
 1.96955934198491E+03	-4.44721573799968E-01
 1.96956207988494E+03	-4.48499449506969E-01
 1.96956481778497E+03	-3.47226735839759E-01
 1.96956755568500E+03	-1.57517248622255E-01
 1.96957029358503E+03	 8.91422857584484E-02
 1.96957303148506E+03	 3.31251936951543E-01
 1.96957576938509E+03	 4.87713340571843E-01
 1.96957850728512E+03	 4.99523048105998E-01
 1.96958124518515E+03	 3.68306294636439E-01
 1.96958398308518E+03	 1.54790899665283E-01
 1.96958672098521E+03	-6.28249448937714E-02
 1.96958945888524E+03	-2.33818324901760E-01
 1.96959219678528E+03	-3.46132894260479E-01
 1.96959493468531E+03	-4.02939182126868E-01
 1.96959767258534E+03	-3.98883068912770E-01
 1.96960041048537E+03	-3.25587214081577E-01
 1.96960314838540E+03	-1.96096908596661E-01
 1.96960588628543E+03	-5.13985606748457E-02
 1.96960862418546E+03	 6.67531186678343E-02
 1.96961136208549E+03	 1.48791538794951E-01
 1.96961409998552E+03	 2.16517007995836E-01
 1.96961683788555E+03	 2.85552797790606E-01
 1.96961957578558E+03	 3.31697736540642E-01
 1.96962231368561E+03	 3.01916997630714E-01
 1.96962505158564E+03	 1.64310665402638E-01
 1.96962778948567E+03	-5.24559892613318E-02
 1.96963052738571E+03	-2.71202892629158E-01
 1.96963326528574E+03	-4.16712377884246E-01
 1.96963600318577E+03	-4.53594189551898E-01
 1.96963874108580E+03	-3.82596683910471E-01
 1.96964147898583E+03	-2.18125155220535E-01
 1.96964421688586E+03	 1.54807588513290E-02
 1.96964695478589E+03	 2.68066452804835E-01
 1.96964969268592E+03	 4.62016861890369E-01
 1.96965243058595E+03	 5.25084192070398E-01
 1.96965516848598E+03	 4.35209417815203E-01
 1.96965790638601E+03	 2.35868660632665E-01
 1.96966064428604E+03	 6.06849613777294E-03
 1.96966338218607E+03	-1.88865655692758E-01
 1.96966612008611E+03	-3.23485368794290E-01
 1.96966885798614E+03	-3.98792083039465E-01
 1.96967159588617E+03	-4.13901209211303E-01
 1.96967433378620E+03	-3.59820406291519E-01
 1.96967707168623E+03	-2.40849950732510E-01
 1.96967980958626E+03	-9.12919970772329E-02
 1.96968254748629E+03	 4.12141650297161E-02
 1.96968528538632E+03	 1.32344397035132E-01
 1.96968802328635E+03	 1.95902722231832E-01
 1.96969076118638E+03	 2.56534082940163E-01
 1.96969349908641E+03	 3.08211446204221E-01
 1.96969623698644E+03	 3.06037097067853E-01
 1.96969897488647E+03	 2.05704936810199E-01
 1.96970171278651E+03	 1.28217506830390E-02
 1.96970445068654E+03	-2.09022667909184E-01
 1.96970718858657E+03	-3.79539005368022E-01
 1.96970992648660E+03	-4.49089857712765E-01
 1.96971266438663E+03	-4.09146297962737E-01
 1.96971540228666E+03	-2.71618707158497E-01
 1.96971814018669E+03	-5.61068698643265E-02
 1.96972087808672E+03	 1.98111117311815E-01
 1.96972361598675E+03	 4.21232834703093E-01
 1.96972635388678E+03	 5.33817131335133E-01
 1.96972909178681E+03	 4.92055602413596E-01
 1.96973182968684E+03	 3.17739324023169E-01
 1.96973456758687E+03	 8.36841101215570E-02
 1.96973730548690E+03	-1.33642377379455E-01
 1.96974004338694E+03	-2.93023799968800E-01
 1.96974278128697E+03	-3.88790296564693E-01
 1.96974551918700E+03	-4.23270824958307E-01
 1.96974825708703E+03	-3.89590251107459E-01
 1.96975099498706E+03	-2.85412227567322E-01
 1.96975373288709E+03	-1.35899783616676E-01
 1.96975647078712E+03	 1.03405286629689E-02
 1.96975920868715E+03	 1.15615168011896E-01
 1.96976194658718E+03	 1.80921503922248E-01
 1.96976468448721E+03	 2.33243809953781E-01
 1.96976742238724E+03	 2.83230992589055E-01
 1.96977016028727E+03	 2.99944193932163E-01
 1.96977289818730E+03	 2.34360293570636E-01
 1.96977563608734E+03	 7.11170383353771E-02
 1.96977837398737E+03	-1.44779522798646E-01
 1.96978111188740E+03	-3.34255799424550E-01
 1.96978384978743E+03	-4.35022127942887E-01
 1.96978658768746E+03	-4.26735986789751E-01
 1.96978932558749E+03	-3.17333028561539E-01
 1.96979206348752E+03	-1.23549501725779E-01
 1.96979480138755E+03	 1.24498715168116E-01
 1.96979753928758E+03	 3.67517654418437E-01
 1.96980027718761E+03	 5.25002065681040E-01
 1.96980301508764E+03	 5.35382740597798E-01
 1.96980575298767E+03	 3.96464968975004E-01
 1.96980849088770E+03	 1.68029788837194E-01
 1.96981122878774E+03	-6.76895330888070E-02
 1.96981396668777E+03	-2.53323686032100E-01
 1.96981670458780E+03	-3.72102905499942E-01
 1.96981944248783E+03	-4.26705590646445E-01
 1.96982218038786E+03	-4.14009842114694E-01
 1.96982491828789E+03	-3.28032831897238E-01
 1.96982765618792E+03	-1.84059654985051E-01
 1.96983039408795E+03	-2.69182484640051E-02
 1.96983313198798E+03	 9.57174686095267E-02
 1.96983586988801E+03	 1.69359112834738E-01
 1.96983860778804E+03	 2.16443566154016E-01
 1.96984134568807E+03	 2.60176464894722E-01
 1.96984408358810E+03	 2.86912874389042E-01
 1.96984682148813E+03	 2.50782572624133E-01
 1.96984955938817E+03	 1.20141108222085E-01
 1.96985229728820E+03	-8.13556539419204E-02
 1.96985503518823E+03	-2.82426838934405E-01
 1.96985777308826E+03	-4.11634899702130E-01
 1.96986051098829E+03	-4.35250664267029E-01
 1.96986324888832E+03	-3.54885286706610E-01
 1.96986598678835E+03	-1.85298688683892E-01
 1.96986872468838E+03	 5.01673774326484E-02
 1.96987146258841E+03	 3.03656646931531E-01
 1.96987420048844E+03	 4.99040245560322E-01
 1.96987693838847E+03	 5.62465832713103E-01
 1.96987967628850E+03	 4.67856843533473E-01
 1.96988241418853E+03	 2.56138322800022E-01
 1.96988515208857E+03	 8.60982204417715E-03
 1.96988788998860E+03	-2.03095798654831E-01
 1.96989062788863E+03	-3.47575898438372E-01
 1.96989336578866E+03	-4.23794023905148E-01
 1.96989610368869E+03	-4.32455062924034E-01
 1.96989884158872E+03	-3.67084999593284E-01
 1.96990157948875E+03	-2.34061852249784E-01
 1.96990431738878E+03	-7.06523888616790E-02
 1.96990705528881E+03	 7.02158666051191E-02
 1.96990979318884E+03	 1.58332732645347E-01
 1.96991253108887E+03	 2.05549092529110E-01
 1.96991526898890E+03	 2.41592326527100E-01
 1.96991800688893E+03	 2.70545441622100E-01
 1.96992074478897E+03	 2.56611259892640E-01
 1.96992348268900E+03	 1.58483291886270E-01
 1.96992622058903E+03	-2.16144617216238E-02
 1.96992895848906E+03	-2.26106102781004E-01
 1.96993169638909E+03	-3.79498195323243E-01
 1.96993443428912E+03	-4.34611366836835E-01
 1.96993717218915E+03	-3.84055319245100E-01
 1.96993991008918E+03	-2.40294667072455E-01
 1.96994264798921E+03	-2.23162076206545E-02
 1.96994538588924E+03	 2.32783499755511E-01
 1.96994812378927E+03	 4.57385430451793E-01
 1.96995086168930E+03	 5.71576396793539E-01
 1.96995359958933E+03	 5.27855398187769E-01
 1.96995633748937E+03	 3.44234319296768E-01
 1.96995907538940E+03	 9.38631433534084E-02
 1.96996181328943E+03	-1.41474153300653E-01
 1.96996455118946E+03	-3.13836764642782E-01
 1.96996728908949E+03	-4.13876819582702E-01
 1.96997002698952E+03	-4.44467293285699E-01
 1.96997276488955E+03	-4.01208197593584E-01
 1.96997550278958E+03	-2.83909559784952E-01
 1.96997824068961E+03	-1.20033435306119E-01
 1.96998097858964E+03	 3.74537543096124E-02
 1.96998371648967E+03	 1.44738982953311E-01
 1.96998645438970E+03	 1.98780053268302E-01
 1.96998919228973E+03	 2.28845118987931E-01
 1.96999193018976E+03	 2.54298830152610E-01
 1.96999466808980E+03	 2.54404453377074E-01
 1.96999740598983E+03	 1.85787709614629E-01
 1.97000014388986E+03	 3.19021524807510E-02
 1.97000288178989E+03	-1.67728682795504E-01
 1.97000561968992E+03	-3.39604519396665E-01
 1.97000835758995E+03	-4.24839242563098E-01
 1.97001109548998E+03	-4.04694028785055E-01
 1.97001383339001E+03	-2.87876971339117E-01
 1.97001657129004E+03	-9.08776410974703E-02
 1.97001930919007E+03	 1.58092332612728E-01
 1.97002204709010E+03	 4.02369635236836E-01
 1.97002478499013E+03	 5.62136038502282E-01
 1.97002752289016E+03	 5.72913613598213E-01
 1.97003026079020E+03	 4.28016261294130E-01
 1.97003299869023E+03	 1.85615135463050E-01
 1.97003573659026E+03	-6.83010319259994E-02
 1.97003847449029E+03	-2.69491762806773E-01
 1.97004121239032E+03	-3.95988750292757E-01
 1.97004395029035E+03	-4.49611281497100E-01
 1.97004668819038E+03	-4.29360379527065E-01
 1.97004942609041E+03	-3.31577710371169E-01
 1.97005216399044E+03	-1.73477942736398E-01
 1.97005490189047E+03	-3.24877654851860E-03
 1.97005763979050E+03	 1.25708273402455E-01
 1.97006037769053E+03	 1.93464618068655E-01
 1.97006311559056E+03	 2.21983343516083E-01
 1.97006585349060E+03	 2.41030196651604E-01
 1.97006859139063E+03	 2.47296077795990E-01
 1.97007132929066E+03	 2.02798814498667E-01
 1.97007406719069E+03	 7.72668030135669E-02
 1.97007680509072E+03	-1.09918400253664E-01
 1.97007954299075E+03	-2.93413417028619E-01
 1.97008228089078E+03	-4.06154162920781E-01
 1.97008501879081E+03	-4.16678563280755E-01
 1.97008775669084E+03	-3.27666281337344E-01
 1.97009049459087E+03	-1.53973765600914E-01
 1.97009323249090E+03	 8.25794027105510E-02
 1.97009597039093E+03	 3.36949684587979E-01
 1.97009870829096E+03	 5.34747028323413E-01
 1.97010144619099E+03	 6.00335789082269E-01
 1.97010418409103E+03	 5.03022934088797E-01
 1.97010692199106E+03	 2.80427610464309E-01
 1.97010965989109E+03	 1.56390504034585E-02
 1.97011239779112E+03	-2.13392380911542E-01
 1.97011513569115E+03	-3.68891224267172E-01
 1.97011787359118E+03	-4.47328144836843E-01
 1.97012061149121E+03	-4.50780252004099E-01
 1.97012334939124E+03	-3.75224759746021E-01
 1.97012608729127E+03	-2.28894934561749E-01
 1.97012882519130E+03	-5.15448967735641E-02
 1.97013156309133E+03	 9.90026682133949E-02
 1.97013430099136E+03	 1.86452620941673E-01
 1.97013703889139E+03	 2.19776963917478E-01
 1.97013977679143E+03	 2.32624351437914E-01
 1.97014251469146E+03	 2.38569672110249E-01
 1.97014525259149E+03	 2.11260454136106E-01
 1.97014799049152E+03	 1.13401903444734E-01
 1.97015072839155E+03	-5.52339629024178E-02
 1.97015346629158E+03	-2.42822440613048E-01
 1.97015620419161E+03	-3.79081315217745E-01
 1.97015894209164E+03	-4.19921701273243E-01
 1.97016167999167E+03	-3.59446641816166E-01
 1.97016441789170E+03	-2.10557285445190E-01
 1.97016715579173E+03	 8.84448931403806E-03
 1.97016989369176E+03	 2.64410576831325E-01
 1.97017263159179E+03	 4.91099424303898E-01
 1.97017536949183E+03	 6.08529669105995E-01
 1.97017810739186E+03	 5.65040623507661E-01
 1.97018084529189E+03	 3.74092453850392E-01
 1.97018358319192E+03	 1.08480136686028E-01
 1.97018632109195E+03	-1.44932164014932E-01
 1.97018905899198E+03	-3.31204607673293E-01
 1.97019179689201E+03	-4.36825652485877E-01
 1.97019453479204E+03	-4.64878454611365E-01
 1.97019727269207E+03	-4.13324513647280E-01
 1.97020001059210E+03	-2.83968172738092E-01
 1.97020274849213E+03	-1.06153133439105E-01
 1.97020548639216E+03	 6.33055800621925E-02
 1.97020822429219E+03	 1.74577009192079E-01
 1.97021096219222E+03	 2.19928353737379E-01
 1.97021370009226E+03	 2.29754992880060E-01
 1.97021643799229E+03	 2.31206850650536E-01
 1.97021917589232E+03	 2.13675296154844E-01
 1.97022191379235E+03	 1.40215180176281E-01
 1.97022465169238E+03	-5.88950265217920E-03
 1.97022738959241E+03	-1.90056079739745E-01
 1.97023012749244E+03	-3.44535612565039E-01
 1.97023286539247E+03	-4.14430013356812E-01
 1.97023560329250E+03	-3.83074138350038E-01
 1.97023834119253E+03	-2.59986040133904E-01
 1.97024107909256E+03	-6.10291931601348E-02
 1.97024381699259E+03	 1.88065558451417E-01
 1.97024655489262E+03	 4.33770700109941E-01
 1.97024929279266E+03	 5.97141478829857E-01
 1.97025203069269E+03	 6.10500810679785E-01
 1.97025476859272E+03	 4.61958143183795E-01
 1.97025750649275E+03	 2.07262239087310E-01
 1.97026024439278E+03	-6.43258357543463E-02
 1.97026298229281E+03	-2.81629852183046E-01
 1.97026572019284E+03	-4.17041739388129E-01
 1.97026845809287E+03	-4.71091590430971E-01
 1.97027119599290E+03	-4.44703073127210E-01
 1.97027393389293E+03	-3.36422560551659E-01
 1.97027667179296E+03	-1.65064386849628E-01
 1.97027940969299E+03	 1.83701410117634E-02
 1.97028214759302E+03	 1.55098471970753E-01
 1.97028488549306E+03	 2.19422351976582E-01
 1.97028762339309E+03	 2.31812691550525E-01
 1.97029036129312E+03	 2.27473673244744E-01
 1.97029309919315E+03	 2.12953372990771E-01
 1.97029583709318E+03	 1.58606909093278E-01
 1.97029857499321E+03	 3.65066861847483E-02
 1.97030131289324E+03	-1.37480043207366E-01
 1.97030405079327E+03	-3.03856408930430E-01
 1.97030678869330E+03	-4.00393769908245E-01
 1.97030952659333E+03	-3.98430222706374E-01
 1.97031226449336E+03	-3.01903359425603E-01
 1.97031500239339E+03	-1.25511207117115E-01
 1.97031774029342E+03	 1.10990680413612E-01
 1.97032047819346E+03	 3.65947558956823E-01
 1.97032321609349E+03	 5.67059340041708E-01
 1.97032595399352E+03	 6.36818684255727E-01
 1.97032869189355E+03	 5.39333175582299E-01
 1.97033142979358E+03	 3.08059740844404E-01
 1.97033416769361E+03	 2.71787350727212E-02
 1.97033690559364E+03	-2.19230330881732E-01
 1.97033964349367E+03	-3.86703644540571E-01
 1.97034238139370E+03	-4.68741261242474E-01
 1.97034511929373E+03	-4.68486089017087E-01
 1.97034785719376E+03	-3.84231141808968E-01
 1.97035059509379E+03	-2.25820624229146E-01
 1.97035333299382E+03	-3.49840718749325E-02
 1.97035607089385E+03	 1.26073098960164E-01
 1.97035880879389E+03	 2.14964034216372E-01
 1.97036154669392E+03	 2.37008659130866E-01
 1.97036428459395E+03	 2.28603716498491E-01
 1.97036702249398E+03	 2.11996547033401E-01
 1.97036976039401E+03	 1.70339348658918E-01
 1.97037249829404E+03	 7.11508051457185E-02
 1.97037523619407E+03	-8.73636959721274E-02
 1.97037797409410E+03	-2.58773470561673E-01
 1.97038071199413E+03	-3.78283480537806E-01
 1.97038344989416E+03	-4.05426727815640E-01
 1.97038618779419E+03	-3.36118227042120E-01
 1.97038892569422E+03	-1.83584414308352E-01
 1.97039166359425E+03	 3.58239623233589E-02
 1.97039440149429E+03	 2.91108644855698E-01
 1.97039713939432E+03	 5.20288241990445E-01
 1.97039987729435E+03	 6.42630483376464E-01
 1.97040261519438E+03	 6.01917783778774E-01
 1.97040535309441E+03	 4.06244741357109E-01
 1.97040809099444E+03	 1.27198213104033E-01
 1.97041082889446E+03	-1.43730465420015E-01
 1.97041356679450E+03	-3.44486553586276E-01
 1.97041630469453E+03	-4.56940107537561E-01
 1.97041904259456E+03	-4.83980075037856E-01
 1.97042178049459E+03	-4.25733694930794E-01
 1.97042451839462E+03	-2.85813903167302E-01
 1.97042725629465E+03	-9.50128644765517E-02
 1.97042999419469E+03	 8.65966980370256E-02
 1.97043273209472E+03	 2.03441672651459E-01
 1.97043546999475E+03	 2.42638185178629E-01
 1.97043820789478E+03	 2.34623244379064E-01
 1.97044094579481E+03	 2.13276880449353E-01
 1.97044368369484E+03	 1.77780231248330E-01
 1.97044642159487E+03	 9.81424204113115E-02
 1.97044915949490E+03	-4.16255365807145E-02
 1.97045189739493E+03	-2.11297963268586E-01
 1.97045463529496E+03	-3.48925007799013E-01
 1.97045737319499E+03	-4.04057372779766E-01
 1.97046011109502E+03	-3.62510894635464E-01
 1.97046284899505E+03	-2.34649308312600E-01
 1.97046558689508E+03	-3.53524949084962E-02
 1.97046832479512E+03	 2.12710001838331E-01
 1.97047106269515E+03	 4.59716616796726E-01
 1.97047380059518E+03	 6.27901318718163E-01
 1.97047653849521E+03	 6.46210315907831E-01
 1.97047927639524E+03	 4.96859164490062E-01
 1.97048201429527E+03	 2.32249275559260E-01
 1.97048475219530E+03	-5.57804024570287E-02
 1.97048749009533E+03	-2.89255466776613E-01
 1.97049022799536E+03	-4.34578289398507E-01
 1.97049296589539E+03	-4.90525111754797E-01
 1.97049570379542E+03	-4.59657090965128E-01
 1.97049844169545E+03	-3.42555322951748E-01
 1.97050117959548E+03	-1.59294461080031E-01
 1.97050391749552E+03	 3.68996594080973E-02
 1.97050665539555E+03	 1.82350707359468E-01
 1.97050939329558E+03	 2.45465074689103E-01
 1.97051213119561E+03	 2.44343564133973E-01
 1.97051486909564E+03	 2.18469307773781E-01
 1.97051760699567E+03	 1.83552459976542E-01
 1.97052034489570E+03	 1.18460394653687E-01
 1.97052308279573E+03	-1.60297517306200E-03
 1.97052582069576E+03	-1.63547043636471E-01
 1.97052855859579E+03	-3.13528062953544E-01
 1.97053129649582E+03	-3.94479604192188E-01
 1.97053403439585E+03	-3.80981840220995E-01
 1.97053677229588E+03	-2.78398931362437E-01
 1.97053951019592E+03	-1.01043022786968E-01
 1.97054224809595E+03	 1.33912012286261E-01
 1.97054498599598E+03	 3.88808145128886E-01
 1.97054772389601E+03	 5.93892611656179E-01
 1.97055046179604E+03	 6.69837378911060E-01
 1.97055319969607E+03	 5.75052770033857E-01
 1.97055593759610E+03	 3.37930539188961E-01
 1.97055867549613E+03	 4.28628853472301E-02
 1.97056141339616E+03	-2.20355853847813E-01
 1.97056415129619E+03	-4.00408358743771E-01
 1.97056688919622E+03	-4.87362375996820E-01
 1.97056962709625E+03	-4.85047860886297E-01
 1.97057236499628E+03	-3.93873064620420E-01
 1.97057510289632E+03	-2.25034482955887E-01
 1.97057784079635E+03	-2.17103038735508E-02
 1.97058057869638E+03	 1.50122467636399E-01
 1.97058331659641E+03	 2.42171872011975E-01
 1.97058605449644E+03	 2.55521552494579E-01
 1.97058879239647E+03	 2.28192160450515E-01
 1.97059153029650E+03	 1.90137963152790E-01
 1.97059426819653E+03	 1.33811408015770E-01
 1.97059700609656E+03	 3.21130629341172E-02
 1.97059974399659E+03	-1.17524730077471E-01
 1.97060248189662E+03	-2.73651135201342E-01
 1.97060521979665E+03	-3.77103085748767E-01
 1.97060795769668E+03	-3.91451114664210E-01
 1.97061069559671E+03	-3.14693287325114E-01
 1.97061343349675E+03	-1.60290836337178E-01
 1.97061617139678E+03	 5.73779484454800E-02
 1.97061890929681E+03	 3.11260770592663E-01
 1.97062164719684E+03	 5.42997016175420E-01
 1.97062438509687E+03	 6.71766863590752E-01
 1.97062712299690E+03	 6.36533601240992E-01
 1.97062986089693E+03	 4.39237971067083E-01
 1.97063259879696E+03	 1.49277991642704E-01
 1.97063533669699E+03	-1.37905838305687E-01
 1.97063807459702E+03	-3.53226824647301E-01
 1.97064081249705E+03	-4.73557396383419E-01
 1.97064355039708E+03	-5.01145095679054E-01
 1.97064628829711E+03	-4.38014969592063E-01
 1.97064902619715E+03	-2.89376112192560E-01
 1.97065176409718E+03	-8.70373920104059E-02
 1.97065450199721E+03	 1.06317445568952E-01
 1.97065723989724E+03	 2.29812553639156E-01
 1.97065997779727E+03	 2.65165157391145E-01
 1.97066271569730E+03	 2.41893974241611E-01
 1.97066545359733E+03	 1.99492303029593E-01
 1.97066819149736E+03	 1.46366855287430E-01
 1.97067092939739E+03	 5.97461864966615E-02
 1.97067366729742E+03	-7.48923745209620E-02
 1.97067640519745E+03	-2.31098064671194E-01
 1.97067914309748E+03	-3.52658532679084E-01
 1.97068188099751E+03	-3.93903281120496E-01
 1.97068461889755E+03	-3.43458979270555E-01
 1.97068735679758E+03	-2.12573034596298E-01
 1.97069009469761E+03	-1.48383877181978E-02
 1.97069283259764E+03	 2.30676941126951E-01
 1.97069557049767E+03	 4.78465876441389E-01
 1.97069830839770E+03	 6.52378734962429E-01
 1.97070104629773E+03	 6.77974510034062E-01
 1.97070378419776E+03	 5.30980531590538E-01
 1.97070652209779E+03	 2.59468176697988E-01
 1.97070925999782E+03	-4.30376135900844E-02
 1.97071199789785E+03	-2.92130440313730E-01
 1.97071473579788E+03	-4.48009171928225E-01
 1.97071747369791E+03	-5.07233665286169E-01
 1.97072021159794E+03	-4.73651096798189E-01
 1.97072294949798E+03	-3.49666245829661E-01
 1.97072568739801E+03	-1.56280134605518E-01
 1.97072842529804E+03	 5.16644745413491E-02
 1.97073116319807E+03	 2.06205817010086E-01
 1.97073390109810E+03	 2.69940126424773E-01
 1.97073663899813E+03	 2.57903944708884E-01
 1.97073937689816E+03	 2.12726597509582E-01
 1.97074211479819E+03	 1.58422384979374E-01
 1.97074485269822E+03	 8.22868521715768E-02
 1.97074759059825E+03	-3.67671262144705E-02
 1.97075032849828E+03	-1.87755305429775E-01
 1.97075306639831E+03	-3.22223466824428E-01
 1.97075580429834E+03	-3.88462607521431E-01
 1.97075854219838E+03	-3.64632055753875E-01
 1.97076128009841E+03	-2.57665915937507E-01
 1.97076401799844E+03	-8.13129866094527E-02
 1.97076675589847E+03	 1.50284718885187E-01
 1.97076949379850E+03	 4.04067442462666E-01
 1.97077223169853E+03	 6.13387587834841E-01
 1.97077496959856E+03	 6.97324660300568E-01
 1.97077770749859E+03	 6.08247052758581E-01
 1.97078044539862E+03	 3.68599084078327E-01
 1.97078318329865E+03	 6.19603506857960E-02
 1.97078592119868E+03	-2.16808043183038E-01
 1.97078865909871E+03	-4.09558198379271E-01
 1.97079139699874E+03	-5.02521616315239E-01
 1.97079413489878E+03	-4.99791746656993E-01
 1.97079687279881E+03	-4.03640254489186E-01
 1.97079961069884E+03	-2.26356642389464E-01
 1.97080234859887E+03	-1.20492819245251E-02
 1.97080508649890E+03	 1.70217691580393E-01
 1.97080782439893E+03	 2.66620393131397E-01
 1.97081056229896E+03	 2.73639646311312E-01
 1.97081330019899E+03	 2.29904479542923E-01
 1.97081603809902E+03	 1.72027909537525E-01
 1.97081877599905E+03	 1.01328568322870E-01
 1.97082151389908E+03	-3.58510170250770E-03
 1.97082425179911E+03	-1.45391824379200E-01
 1.97082698969914E+03	-2.87189375807098E-01
 1.97082972759917E+03	-3.75475957727033E-01
 1.97083246549921E+03	-3.78151295559530E-01
 1.97083520339924E+03	-2.95510249368953E-01
 1.97083794129927E+03	-1.41191017237139E-01
 1.97084067919930E+03	 7.27394874916607E-02
 1.97084341709933E+03	 3.23721392306835E-01
 1.97084615499936E+03	 5.57630574866467E-01
 1.97084889289939E+03	 6.93987489246572E-01
 1.97085163079942E+03	 6.66866631541074E-01
 1.97085436869945E+03	 4.71364639592173E-01
 1.97085710659948E+03	 1.73636410940260E-01
 1.97085984449951E+03	-1.27817859251148E-01
 1.97086258239954E+03	-3.57186092182718E-01
 1.97086532029957E+03	-4.86080759806135E-01
 1.97086805819961E+03	-5.15652928893471E-01
 1.97087079609964E+03	-4.49505672191941E-01
 1.97087353399967E+03	-2.94219528331829E-01
 1.97087627189970E+03	-8.22108161097463E-02
 1.97087900979973E+03	 1.21900136493543E-01
 1.97088174769976E+03	 2.52519495039304E-01
 1.97088448559979E+03	 2.85942877067184E-01
 1.97088722349982E+03	 2.49985505306277E-01
 1.97088996139985E+03	 1.88642219991409E-01
 1.97089269929988E+03	 1.18806528299440E-01
 1.97089543719991E+03	 2.49424229444156E-02
 1.97089817509994E+03	-1.05453044485583E-01
 1.97090091299997E+03	-2.49166262725373E-01
 1.97090365090001E+03	-3.55578352570444E-01
 1.97090638880004E+03	-3.83997508701452E-01
 1.97090912670007E+03	-3.26102728393095E-01
 1.97091186460010E+03	-1.94067718472010E-01
 1.97091460250013E+03	 2.22547342895714E-05
 1.97091734040016E+03	 2.41155794024114E-01
 1.97092007830019E+03	 4.88751536242857E-01
 1.97092281620022E+03	 6.68844565719240E-01
 1.97092555410025E+03	 7.03804480187181E-01
 1.97092829200028E+03	 5.62440785042761E-01
 1.97093102990031E+03	 2.87521290718538E-01
 1.97093376780034E+03	-2.67976807943834E-02
 1.97093650570037E+03	-2.90279578864437E-01
 1.97093924360041E+03	-4.56876728745398E-01
 1.97094198150044E+03	-5.20511194791671E-01
 1.97094471940047E+03	-4.85925608031167E-01
 1.97094745730050E+03	-3.57113458095161E-01
 1.97095019520053E+03	-1.55692858081010E-01
 1.97095293310056E+03	 6.24746337682365E-02
 1.97095567100059E+03	 2.25844743822126E-01
 1.97095840890062E+03	 2.91496234445902E-01
 1.97096114680065E+03	 2.70925155038323E-01
 1.97096388470068E+03	 2.08864217777312E-01
 1.97096662260071E+03	 1.36673830892323E-01
 1.97096936050074E+03	 4.97653628087919E-02
 1.97097209840077E+03	-6.88843342629998E-02
 1.97097483630080E+03	-2.09833520528346E-01
 1.97097757420084E+03	-3.29718950647991E-01
 1.97098031210087E+03	-3.82264065484357E-01
 1.97098305000090E+03	-3.49431880310014E-01
 1.97098578790093E+03	-2.39840131692585E-01
 1.97098852580096E+03	-6.65647364434141E-02
 1.97099126370099E+03	 1.59626624194009E-01
 1.97099400160102E+03	 4.10824542559202E-01
 1.97099673950105E+03	 6.24125399720519E-01
 1.97099947740108E+03	 7.17443260389939E-01
 1.97100221530111E+03	 6.36972438435072E-01
 1.97100495320114E+03	 3.98420597235972E-01
 1.97100769110117E+03	 8.34380586802116E-02
 1.97101042900120E+03	-2.08915787734479E-01
 1.97101316690124E+03	-4.13896439094271E-01
 1.97101590480127E+03	-5.13591370045899E-01
 1.97101864270130E+03	-5.11922145582993E-01
 1.97102138060133E+03	-4.12742065210636E-01
 1.97102411850136E+03	-2.29192172216406E-01
 1.97102685640139E+03	-5.82704374710899E-03
 1.97102959430142E+03	 1.85928781628097E-01
 1.97103233220145E+03	 2.87262035836855E-01
 1.97103507010148E+03	 2.89918669791435E-01
 1.97103780800151E+03	 2.32282450896109E-01
 1.97104054590154E+03	 1.56561905814695E-01
 1.97104328380157E+03	 7.23263977780537E-02
 1.97104602170160E+03	-3.60172828112290E-02
 1.97104875960164E+03	-1.70757990065993E-01
 1.97105149750167E+03	-2.99132759225432E-01
 1.97105423540170E+03	-3.73236803737575E-01
 1.97105697330173E+03	-3.65465831596329E-01
 1.97105971120176E+03	-2.78560516248824E-01
 1.97106244910179E+03	-1.26318771276561E-01
 1.97106518700182E+03	 8.17284868479773E-02
 1.97106792490185E+03	 3.27965940356923E-01
 1.97107066280188E+03	 5.63143457365333E-01
 1.97107340070191E+03	 7.07715168935451E-01
 1.97107613860194E+03	 6.91032719179416E-01
 1.97107887650197E+03	 5.00826252419116E-01
 1.97108161440200E+03	 1.98945428676695E-01
 1.97108435230203E+03	-1.14117061352226E-01
 1.97108709020207E+03	-3.56360255347969E-01
 1.97108982810210E+03	-4.94023675055167E-01
 1.97109256600213E+03	-5.26735022496853E-01
 1.97109530390216E+03	-4.59329827178379E-01
 1.97109804180219E+03	-2.99542076645667E-01
 1.97110077970222E+03	-8.00323624514205E-02
 1.97110351760225E+03	 1.33312480218580E-01
 1.97110625550228E+03	 2.70883070194599E-01
 1.97110899340231E+03	 3.03755003401672E-01
 1.97111173130234E+03	 2.57467675748978E-01
 1.97111446920237E+03	 1.79476035208238E-01
 1.97111720710240E+03	 9.43079273883921E-02
 1.97111994500243E+03	-6.54353160538062E-03
 1.97112268290247E+03	-1.33208616140863E-01
 1.97112542080250E+03	-2.65254306910830E-01
 1.97112815870253E+03	-3.57459020425782E-01
 1.97113089660256E+03	-3.74187624694797E-01
 1.97113363450259E+03	-3.10318391574342E-01
 1.97113637240262E+03	-1.78998754059070E-01
 1.97113911030265E+03	 9.31018957994720E-03
 1.97114184820268E+03	 2.43982714474173E-01
 1.97114458610271E+03	 4.89935480375770E-01
 1.97114732400274E+03	 6.76070093715505E-01
 1.97115006190277E+03	 7.21996031663924E-01
 1.97115279980280E+03	 5.89399821809124E-01
 1.97115553770283E+03	 3.14852672051068E-01
 1.97115827560287E+03	-8.02363378639722E-03
 1.97116101350290E+03	-2.83986980477424E-01
 1.97116375140293E+03	-4.60892285382216E-01
 1.97116648930296E+03	-5.29678772899395E-01
 1.97116922720299E+03	-4.95585046895879E-01
 1.97117196510302E+03	-3.63955223747694E-01
 1.97117470300305E+03	-1.56760937739234E-01
 1.97117744090308E+03	 6.96757377162509E-02
 1.97118017880311E+03	 2.40991597495323E-01
 1.97118291670314E+03	 3.09231384328461E-01
 1.97118565460317E+03	 2.82112211045436E-01
 1.97118839250320E+03	 2.05573104188212E-01
 1.97119113040323E+03	 1.17329405986384E-01
 1.97119386830326E+03	 2.04124537956147E-02
 1.97119660620330E+03	-9.80005591782995E-02
 1.97119934410333E+03	-2.29581754603430E-01
 1.97120208200336E+03	-3.35759917299831E-01
 1.97120481990339E+03	-3.75663449641077E-01
 1.97120755780342E+03	-3.35169754228180E-01
 1.97121029570345E+03	-2.24660061940717E-01
 1.97121303360348E+03	-5.65072433786053E-02
 1.97121577150351E+03	 1.62097003518548E-01
 1.97121850940354E+03	 4.08852339312290E-01
 1.97122124730357E+03	 6.25286985282124E-01
 1.97122398520360E+03	 7.28777659240856E-01
 1.97122672310363E+03	 6.59468462500029E-01
 1.97122946100366E+03	 4.25703272241721E-01
 1.97123219890370E+03	 1.06058199036967E-01
 1.97123493680373E+03	-1.97265669207381E-01
 1.97123767470376E+03	-4.13378143138796E-01
 1.97124041260379E+03	-5.20040860030515E-01
 1.97124315050382E+03	-5.20588660043920E-01
 1.97124588840385E+03	-4.20168167326667E-01
 1.97124862630388E+03	-2.32567594321099E-01
 1.97125136420391E+03	-2.36498948824380E-03
 1.97125410210394E+03	 1.97387772730763E-01
 1.97125684000397E+03	 3.03570773000181E-01
 1.97125957790400E+03	 3.03298202052141E-01
 1.97126231580403E+03	 2.34057408983297E-01
 1.97126505370406E+03	 1.42639665113795E-01
 1.97126779160410E+03	 4.61263948771785E-02
 1.97127052950413E+03	-6.53990466500828E-02
 1.97127326740416E+03	-1.93511104893341E-01
 1.97127600530419E+03	-3.09232143919246E-01
 1.97127874320422E+03	-3.70122125962365E-01
 1.97128148110425E+03	-3.53120796234259E-01
 1.97128421900428E+03	-2.63494460717603E-01
 1.97128695690431E+03	-1.15227186733919E-01
 1.97128969480434E+03	 8.47733667972567E-02
 1.97129243270437E+03	 3.24153622642669E-01
 1.97129517060440E+03	 5.59155954076508E-01
 1.97129790850443E+03	 7.11910355487126E-01
 1.97130064640446E+03	 7.07470612895914E-01
 1.97130338430450E+03	 5.25905023195498E-01
 1.97130612220453E+03	 2.23757683130458E-01
 1.97130886010456E+03	-9.76818834086242E-02
 1.97131159800459E+03	-3.50978283690651E-01
 1.97131433590462E+03	-4.97054243016645E-01
 1.97131707380465E+03	-5.33646908042267E-01
 1.97131981170468E+03	-4.66478863383394E-01
 1.97132254960471E+03	-3.04244892541615E-01
 1.97132528750474E+03	-7.95550928543354E-02
 1.97132802540477E+03	 1.41068822603478E-01
 1.97133076330480E+03	 2.84785045116427E-01
 1.97133350120483E+03	 3.17857969443877E-01
 1.97133623910486E+03	 2.63213239248428E-01
 1.97133897700489E+03	 1.70851459173596E-01
 1.97134171490493E+03	 7.20338012967051E-02
 1.97134445280496E+03	-3.51049577809309E-02
 1.97134719070499E+03	-1.58168102143766E-01
 1.97134992860502E+03	-2.79154591876119E-01
 1.97135266650505E+03	-3.58021745584781E-01
 1.97135540440508E+03	-3.64161525838275E-01
 1.97135814230511E+03	-2.95702745137913E-01
 1.97136088020514E+03	-1.66816725120967E-01
 1.97136361810517E+03	 1.36591001713179E-02
 1.97136635600520E+03	 2.39654654877891E-01
 1.97136909390523E+03	 4.82074569883040E-01
 1.97137183180526E+03	 6.73450292721301E-01
 1.97137456970529E+03	 7.31294195616448E-01
 1.97137730760533E+03	 6.10232239767341E-01
 1.97138004550536E+03	 3.39894077626613E-01
 1.97138278340539E+03	 1.21512100445707E-02
 1.97138552130542E+03	-2.73765867702686E-01
 1.97138825920545E+03	-4.59961943723604E-01
 1.97139099710548E+03	-5.34151630174515E-01
 1.97139373500551E+03	-5.01688512561184E-01
 1.97139647290554E+03	-3.69045146040372E-01
 1.97139921080557E+03	-1.58346945094503E-01
 1.97140194870560E+03	 7.41126042400896E-02
 1.97140468660563E+03	 2.51935811081395E-01
 1.97140742450566E+03	 3.22776322726991E-01
 1.97141016240569E+03	 2.90572728945274E-01
 1.97141290030573E+03	 2.01760540620787E-01
 1.97141563820576E+03	 9.94502217092172E-02
 1.97141837610579E+03	-6.33134635706620E-03
 1.97142111400582E+03	-1.24268443823298E-01
 1.97142385190585E+03	-2.46868331013092E-01
 1.97142658980588E+03	-3.40082001188195E-01
 1.97142932770591E+03	-3.68334278777429E-01
 1.97143206560594E+03	-3.21418678264595E-01
 1.97143480350597E+03	-2.11522522213417E-01
 1.97143754140600E+03	-5.03688787780603E-02
 1.97144027930603E+03	 1.58464449246982E-01
 1.97144301720606E+03	 3.98611215898046E-01
 1.97144575510609E+03	 6.16727336378648E-01
 1.97144849300612E+03	 7.30464113542992E-01
 1.97145123090616E+03	 6.74318388093743E-01
 1.97145396880619E+03	 4.48863301626783E-01
 1.97145670670622E+03	 1.28494756404036E-01
 1.97145944460625E+03	-1.82642902820522E-01
 1.97146218250628E+03	-4.08171379987170E-01
 1.97146492040631E+03	-5.21489039801593E-01
 1.97146765830634E+03	-5.24976487001525E-01
 1.97147039620637E+03	-4.24798805376611E-01
 1.97147313410640E+03	-2.35238965164055E-01
 1.97147587200643E+03	-5.59898842097809E-04
 1.97147860990646E+03	 2.05260841562118E-01
 1.97148134780649E+03	 3.15579095724796E-01
 1.97148408570652E+03	 3.13197342314115E-01
 1.97148682360656E+03	 2.34279768273521E-01
 1.97148956150659E+03	 1.29294296738874E-01
 1.97149229940662E+03	 2.20349964222196E-02
 1.97149503730665E+03	-9.20342853244385E-02
 1.97149777520668E+03	-2.13624271065354E-01
 1.97150051310671E+03	-3.17267860653168E-01
 1.97150325100674E+03	-3.65815105605579E-01
 1.97150598890677E+03	-3.40691034652555E-01
 1.97150872680680E+03	-2.49697026423361E-01
 1.97151146470683E+03	-1.07071734655006E-01
 1.97151420260686E+03	 8.28380128062835E-02
 1.97151694050689E+03	 3.13089992067160E-01
 1.97151967840692E+03	 5.45974620434526E-01
 1.97152241630696E+03	 7.06156014974352E-01
 1.97152515420699E+03	 7.15075859952852E-01
 1.97152789210702E+03	 5.45114684604633E-01
 1.97153063000705E+03	 2.46638047716638E-01
 1.97153336790708E+03	-7.95337063533636E-02
 1.97153610580711E+03	-3.41476124499152E-01
 1.97153884370714E+03	-4.95026893925078E-01
 1.97154158160717E+03	-5.35748462448371E-01
 1.97154431950720E+03	-4.69926043740210E-01
 1.97154705740723E+03	-3.07060856945658E-01
 1.97154979530726E+03	-7.95022735442864E-02
 1.97155253320729E+03	 1.46154477242700E-01
 1.97155527110732E+03	 2.94654990315196E-01
 1.97155800900735E+03	 3.28034509412968E-01
 1.97156074690739E+03	 2.66501901945497E-01
 1.97156348480742E+03	 1.61857149228028E-01
 1.97156622270745E+03	 5.12076734102918E-02
 1.97156896060748E+03	-6.11869840035816E-02
 1.97157169850751E+03	-1.80428661744411E-01
 1.97157443640754E+03	-2.90720534634880E-01
 1.97157717430757E+03	-3.56983684777719E-01
 1.97157991220760E+03	-3.53518298506861E-01
 1.97158265010763E+03	-2.81663136275563E-01
 1.97158538800766E+03	-1.56662594317435E-01
 1.97158812590769E+03	 1.41488857951399E-02
 1.97159086380772E+03	 2.29245625246521E-01
 1.97159360170775E+03	 4.65886951023458E-01
 1.97159633960779E+03	 6.61036585825617E-01
 1.97159907750782E+03	 7.30988355516221E-01
 1.97160181540785E+03	 6.23660199859891E-01
 1.97160455330788E+03	 3.61200036540512E-01
 1.97160729120791E+03	 3.25275154837628E-02
 1.97161002910794E+03	-2.60306057290424E-01
 1.97161276700797E+03	-4.54192928003264E-01
 1.97161550490800E+03	-5.33501322110554E-01
 1.97161824280803E+03	-5.03357941938336E-01
 1.97162098070806E+03	-3.71169829609120E-01
 1.97162371860809E+03	-1.59090434160017E-01
 1.97162645650812E+03	 7.70118883715461E-02
 1.97162919440815E+03	 2.59468527627896E-01
 1.97163193230819E+03	 3.32299984747617E-01
 1.97163467020822E+03	 2.95885546410442E-01
 1.97163740810825E+03	 1.96655987136137E-01
 1.97164014600828E+03	 8.22431870238125E-02
 1.97164288390831E+03	-3.10238693831597E-02
 1.97164562180834E+03	-1.47915354090994E-01
 1.97164835970837E+03	-2.61643141111610E-01
 1.97165109760840E+03	-3.42460120065998E-01
 1.97165383550843E+03	-3.59920054257710E-01
 1.97165657340846E+03	-3.07635441476765E-01
 1.97165931130849E+03	-1.99602956603284E-01
 1.97166204920852E+03	-4.70294549850509E-02
 1.97166478710855E+03	 1.49984324563599E-01
 1.97166752500859E+03	 3.81164713925484E-01
 1.97167026290862E+03	 5.98953498888107E-01
 1.97167300080865E+03	 7.22238141518055E-01
 1.97167573870868E+03	 6.80551453473745E-01
 1.97167847660871E+03	 4.66550737093857E-01
 1.97168121450874E+03	 1.49447645039317E-01
 1.97168395240877E+03	-1.65956774314442E-01
 1.97168669030880E+03	-3.98637404446746E-01
 1.97168942820883E+03	-5.17743341769973E-01
 1.97169216610886E+03	-5.24399426836105E-01
 1.97169490400889E+03	-4.25540383266051E-01
 1.97169764190892E+03	-2.35849353529418E-01
 1.97170037980895E+03	 9.66242357745953E-04
 1.97170311770898E+03	 2.10638694811699E-01
 1.97170585560902E+03	 3.23833135395763E-01
 1.97170859350905E+03	 3.19540199837968E-01
 1.97171133140908E+03	 2.32397878417643E-01
 1.97171406930911E+03	 1.15791401331436E-01
 1.97171680720914E+03	-5.72603670313311E-04
 1.97171954510917E+03	-1.16271127497050E-01
 1.97172228300920E+03	-2.31158872198560E-01
 1.97172502090923E+03	-3.23094173549948E-01
 1.97172775880926E+03	-3.60022209754622E-01
 1.97173049670929E+03	-3.27703712056609E-01
 1.97173323460932E+03	-2.36416630342498E-01
 1.97173597250935E+03	-1.00759083113595E-01
 1.97173871040938E+03	 7.72696394382726E-02
 1.97174144830942E+03	 2.96098925634159E-01
 1.97174418620945E+03	 5.24517232130820E-01
 1.97174692410948E+03	 6.90652629992940E-01
 1.97174966200951E+03	 7.13262221321684E-01
 1.97175239990954E+03	 5.57304646723111E-01
 1.97175513780957E+03	 2.66276428640956E-01
 1.97175787570960E+03	-6.07476484607923E-02
 1.97176061360963E+03	-3.28453286568964E-01
 1.97176335150966E+03	-4.87995546044565E-01
 1.97176608940969E+03	-5.32575347649741E-01
 1.97176882730972E+03	-4.68750079020492E-01
 1.97177156520975E+03	-3.06714924698025E-01
 1.97177430310978E+03	-7.84382087068863E-02
 1.97177704100982E+03	 1.49878004612119E-01
 1.97177977890985E+03	 3.01377006622761E-01
 1.97178251680988E+03	 3.34571526543950E-01
 1.97178525470991E+03	 2.67063371874145E-01
 1.97178799260994E+03	 1.51894085226194E-01
 1.97179073050997E+03	 3.11971074922891E-02
 1.97179346841000E+03	-8.52326355668582E-02
 1.97179620631003E+03	-2.00166761388894E-01
 1.97179894421006E+03	-2.99902760411852E-01
 1.97180168211009E+03	-3.54131097976611E-01
 1.97180442001012E+03	-3.41871698562024E-01
 1.97180715791015E+03	-2.67549264734910E-01
 1.97180989581018E+03	-1.47525232234359E-01
 1.97181263371021E+03	 1.21338290039214E-02
 1.97181537161025E+03	 2.14244354120416E-01
 1.97181810951028E+03	 4.42629602133269E-01
 1.97182084741031E+03	 6.39478915663591E-01
 1.97182358531034E+03	 7.20926124058408E-01
 1.97182632321037E+03	 6.28825067011580E-01
 1.97182906111040E+03	 3.77547679937562E-01
 1.97183179901043E+03	 5.19343306634690E-02
 1.97183453691046E+03	-2.44412502166090E-01
 1.97183727481049E+03	-4.43882239492018E-01
 1.97184001271052E+03	-5.27502211920067E-01
 1.97184275061055E+03	-4.99882153611429E-01
 1.97184548851058E+03	-3.69201102152834E-01
 1.97184822641061E+03	-1.57587436020551E-01
 1.97185096431065E+03	 7.98069353776868E-02
 1.97185370221068E+03	 2.64746814756867E-01
 1.97185644011071E+03	 3.38439113978992E-01
 1.97185917801074E+03	 2.98101591734813E-01
 1.97186191591077E+03	 1.89865612082094E-01
 1.97186465381080E+03	 6.51356210276060E-02
 1.97186739171083E+03	-5.41618914873222E-02
 1.97187012961086E+03	-1.69222830315660E-01
 1.97187286751089E+03	-2.73962902276692E-01
 1.97187560541092E+03	-3.42774511941037E-01
 1.97187834331095E+03	-3.50133777373905E-01
 1.97188108121098E+03	-2.93290454794350E-01
 1.97188381911101E+03	-1.88014631418467E-01
 1.97188655701105E+03	-4.52021315453060E-02
 1.97188929491108E+03	 1.38212777981543E-01
 1.97189203281111E+03	 3.58018385652498E-01
 1.97189477071114E+03	 5.73017473326459E-01
 1.97189750861117E+03	 7.04398277461855E-01
 1.97190024651120E+03	 6.77674002994522E-01
 1.97190298441123E+03	 4.77725644696606E-01
 1.97190572231126E+03	 1.67731940061876E-01
 1.97190846021129E+03	-1.48168898332182E-01
 1.97191119811132E+03	-3.85298826681654E-01
 1.97191393601135E+03	-5.08821006834214E-01
 1.97191667391138E+03	-5.18379711207494E-01
 1.97191941181141E+03	-4.21460677743817E-01
 1.97192214971144E+03	-2.33105088461333E-01
 1.97192488761148E+03	 3.67595048766800E-03
 1.97192762551151E+03	 2.14867501668200E-01
 1.97193036341154E+03	 3.29277448291855E-01
 1.97193310131157E+03	 3.22711534858021E-01
 1.97193583921160E+03	 2.28278142875734E-01
 1.97193857711163E+03	 1.01686495694349E-01
 1.97194131501166E+03	-2.21936954359255E-02
 1.97194405291169E+03	-1.38471803890899E-01
 1.97194679081172E+03	-2.46277597685531E-01
 1.97194952871175E+03	-3.26695195939296E-01
 1.97195226661178E+03	-3.52565347562221E-01
 1.97195500451181E+03	-3.13762246887733E-01
 1.97195774241184E+03	-2.22920243751499E-01
 1.97196048031188E+03	-9.51304711430757E-02
 1.97196321821191E+03	 6.96000137659460E-02
 1.97196595611194E+03	 2.74833484016314E-01
 1.97196869401197E+03	 4.96163856972318E-01
 1.97197143191200E+03	 6.66133472861774E-01
 1.97197416981203E+03	 7.01947931937133E-01
 1.97197690771206E+03	 5.61703907170658E-01
 1.97197964561209E+03	 2.81561815747707E-01
 1.97198238351212E+03	-4.23794777357776E-02
 1.97198512141215E+03	-3.12626804258989E-01
 1.97198785931218E+03	-4.76212520051817E-01
 1.97199059721221E+03	-5.23893169314130E-01
 1.97199333511224E+03	-4.62247275055631E-01
 1.97199607301228E+03	-3.02086887186045E-01
 1.97199881091231E+03	-7.49611624580845E-02
 1.97200154881234E+03	 1.53680395457946E-01
 1.97200428671237E+03	 3.06136797068753E-01
 1.97200702461240E+03	 3.38171255579186E-01
 1.97200976251243E+03	 2.65058038781142E-01
 1.97201250041246E+03	 1.40707883150705E-01
 1.97201523831249E+03	 1.15646160998541E-02
 1.97201797621252E+03	-1.07647033936874E-01
 1.97202071411255E+03	-2.17639201751422E-01
 1.97202345201258E+03	-3.06792777228754E-01
 1.97202618991261E+03	-3.49401256627277E-01
 1.97202892781264E+03	-3.28964987883573E-01
 1.97203166571268E+03	-2.52799680150836E-01
 1.97203440361271E+03	-1.38419140074924E-01
 1.97203714151274E+03	 9.04110506371353E-03
 1.97203987941277E+03	 1.96348636843028E-01
 1.97204261731280E+03	 4.13917509320897E-01
 1.97204535521283E+03	 6.09898001573012E-01
 1.97204809311286E+03	 7.01454334168270E-01
 1.97205083101289E+03	 6.25293506671462E-01
 1.97205356891292E+03	 3.87987100033301E-01
 1.97205630681295E+03	 6.92945292046895E-02
 1.97205904471298E+03	-2.26952655828740E-01
 1.97206178261301E+03	-4.29498206158754E-01
 1.97206452051304E+03	-5.16161511776036E-01
 1.97206725841307E+03	-4.90803082150638E-01
 1.97206999631311E+03	-3.62237675738206E-01
 1.97207273421314E+03	-1.52574597784991E-01
 1.97207547211317E+03	 8.39377638617187E-02
 1.97207821001320E+03	 2.69113069238952E-01
 1.97208094791323E+03	 3.42169497898132E-01
 1.97208368581326E+03	 2.97683358644044E-01
 1.97208642371329E+03	 1.81373205801157E-01
 1.97208916161332E+03	 4.78109009732149E-02
 1.97209189951335E+03	-7.61450063618181E-02
 1.97209463741338E+03	-1.88517458465003E-01
 1.97209737531341E+03	-2.84021554757615E-01
 1.97210011321344E+03	-3.41080077642822E-01
 1.97210285111347E+03	-3.38861093557699E-01
 1.97210558901351E+03	-2.78002346654402E-01
 1.97210832691354E+03	-1.75975250492573E-01
 1.97211106481357E+03	-4.36290218748337E-02
 1.97211380271360E+03	 1.24795727204771E-01
 1.97211654061363E+03	 3.30918433010109E-01
 1.97211927851366E+03	 5.40353953700255E-01
 1.97212201641369E+03	 6.77705204818031E-01
 1.97212475431372E+03	 6.65635722486575E-01
 1.97212749221375E+03	 4.81678674143064E-01
 1.97213023011378E+03	 1.82327719157153E-01
 1.97213296801381E+03	-1.30241875176611E-01
 1.97213570591384E+03	-3.68810280859776E-01
 1.97213844381387E+03	-4.94958989849280E-01
 1.97214118171391E+03	-5.06708605462414E-01
 1.97214391961394E+03	-4.11904947381061E-01
 1.97214665751397E+03	-2.25941922220622E-01
 1.97214939541400E+03	 8.91920732474506E-03
 1.97215213331403E+03	 2.19352466202491E-01
 1.97215487121406E+03	 3.33094206922760E-01
 1.97215760911409E+03	 3.23456835956507E-01
 1.97216034701412E+03	 2.22170717775816E-01
 1.97216308491415E+03	 8.68386910288339E-02
 1.97216582281418E+03	-4.31677768758335E-02
 1.97216856071421E+03	-1.58996683035748E-01
 1.97217129861424E+03	-2.59261754761608E-01
 1.97217403651427E+03	-3.28240017925101E-01
 1.97217677441430E+03	-3.43471197975321E-01
 1.97217951231434E+03	-2.98666576124596E-01
 1.97218225021437E+03	-2.08645016885147E-01
 1.97218498811440E+03	-8.91446781466374E-02
 1.97218772601443E+03	 6.13389884653699E-02
 1.97219046391446E+03	 2.51065585767480E-01
 1.97219320181449E+03	 4.62570540590344E-01
 1.97219593971452E+03	 6.33728518531766E-01
 1.97219867761455E+03	 6.81483579949705E-01
 1.97220141551458E+03	 5.57908703074350E-01
 1.97220415341461E+03	 2.91610462552974E-01
 1.97220689131464E+03	-2.54227376879956E-02
 1.97220962921467E+03	-2.94797944770970E-01
 1.97221236711470E+03	-4.60123866698343E-01
 1.97221510501474E+03	-5.09735354751686E-01
 1.97221784291477E+03	-4.50020880524507E-01
 1.97222058081480E+03	-2.92353342796768E-01
 1.97222331871483E+03	-6.78868511138457E-02
 1.97222605661486E+03	 1.58935125576507E-01
 1.97222879451489E+03	 3.10239151739449E-01
 1.97223153241492E+03	 3.39817196836569E-01
 1.97223427031495E+03	 2.61006689051445E-01
 1.97223700821498E+03	 1.28375365540867E-01
 1.97223974611501E+03	-7.91420347249204E-03
 1.97224248401504E+03	-1.28779092268346E-01
 1.97224522191507E+03	-2.33188826848358E-01
 1.97224795981510E+03	-3.11663042088979E-01
 1.97225069771514E+03	-3.42956241723146E-01
 1.97225343561517E+03	-3.14775039480315E-01
 1.97225617351520E+03	-2.37075819781375E-01
 1.97225891141523E+03	-1.28549932698760E-01
 1.97226164931526E+03	 6.17695671905894E-03
 1.97226438721529E+03	 1.77256815793113E-01
 1.97226712511532E+03	 3.81524568311251E-01
 1.97226986301535E+03	 5.73723010333456E-01
 1.97227260091538E+03	 6.73313242334536E-01
 1.97227533881541E+03	 6.13012240125061E-01
 1.97227807671544E+03	 3.91844276590946E-01
 1.97228081461547E+03	 8.36535751663286E-02
 1.97228355251550E+03	-2.08825612702285E-01
 1.97228629041553E+03	-4.11667377215989E-01
 1.97228902831557E+03	-4.99739147649409E-01
 1.97229176621560E+03	-4.75980021690013E-01
 1.97229450411563E+03	-3.49719964058942E-01
 1.97229724201566E+03	-1.43091139734202E-01
 1.97229997991569E+03	 9.06590654057956E-02
 1.97230271781572E+03	 2.73902434524278E-01
 1.97230545571575E+03	 3.44645907049868E-01
 1.97230819361578E+03	 2.95401100744510E-01
 1.97231093151581E+03	 1.71496776648806E-01
 1.97231366941584E+03	 3.02088250828486E-02
 1.97231640731587E+03	-9.72601842705416E-02
 1.97231914521590E+03	-2.06167683326195E-01
 1.97232188311593E+03	-2.92175359774773E-01
 1.97232462101597E+03	-3.37663376860532E-01
 1.97232735891600E+03	-3.26246770028974E-01
 1.97233009681603E+03	-2.61652712457283E-01
 1.97233283471606E+03	-1.62951781591285E-01
 1.97233557261609E+03	-4.12563351551536E-02
 1.97233831051612E+03	 1.11271339024164E-01
 1.97234104841615E+03	 3.01650793900065E-01
 1.97234378631618E+03	 5.02602007274350E-01
 1.97234652421621E+03	 6.43249430408553E-01
 1.97234926211624E+03	 6.44754426095992E-01
 1.97235200001627E+03	 4.78007816605273E-01
 1.97235473791630E+03	 1.92391146145366E-01
 1.97235747581633E+03	-1.13115947866698E-01
 1.97236021371637E+03	-3.49942654119999E-01
 1.97236295161640E+03	-4.76621332634292E-01
 1.97236568951643E+03	-4.89489322487924E-01
 1.97236842741646E+03	-3.96583715631889E-01
 1.97237116531649E+03	-2.13660571478893E-01
 1.97237390321652E+03	 1.77589195521413E-02
 1.97237664111655E+03	 2.25366854143167E-01
 1.97237937901658E+03	 3.36527292226663E-01
 1.97238211691661E+03	 3.22750484756767E-01
 1.97238485481664E+03	 2.14635982535283E-01
 1.97238759271667E+03	 7.13890300386064E-02
 1.97239033061670E+03	-6.36693135011868E-02
 1.97239306851673E+03	-1.78195923999065E-01
 1.97239580641677E+03	-2.70522536521637E-01
 1.97239854431680E+03	-3.28122185205249E-01
 1.97240128221683E+03	-3.33038828893507E-01
 1.97240402011686E+03	-2.82507431501945E-01
 1.97240675801689E+03	-1.93320554817535E-01
 1.97240949591692E+03	-8.20304214126144E-02
 1.97241223381695E+03	 5.37951681831607E-02
 1.97241497171698E+03	 2.26493084792373E-01
 1.97241770961701E+03	 4.25485455423023E-01
 1.97242044751704E+03	 5.94814293725588E-01
 1.97242318541707E+03	 6.52552217731843E-01
 1.97242592331710E+03	 5.45834717664834E-01
 1.97242866121713E+03	 2.95757990236442E-01
 1.97243139911716E+03	-1.07961889076182E-02
 1.97243413701720E+03	-2.75838367318350E-01
 1.97243687491723E+03	-4.40369579486350E-01
 1.97243961281726E+03	-4.90429647225902E-01
 1.97244235071729E+03	-4.32044420848085E-01
 1.97244508861732E+03	-2.77095100115173E-01
 1.97244782651735E+03	-5.63987350732595E-02
 1.97245056441738E+03	 1.66769305983287E-01
 1.97245330231741E+03	 3.14927236410748E-01
 1.97245604021744E+03	 3.40622199457561E-01
 1.97245877811747E+03	 2.55689522497505E-01
 1.97246151601750E+03	 1.15258578588666E-01
 1.97246425391753E+03	-2.72564729528214E-02
 1.97246699181756E+03	-1.48912442487038E-01
 1.97246972971760E+03	-2.47244174721200E-01
 1.97247246761763E+03	-3.14988936559272E-01
 1.97247520551766E+03	-3.35230723382524E-01
 1.97247794341769E+03	-2.99585180704020E-01
 1.97248068131772E+03	-2.20360643309668E-01
 1.97248341921775E+03	-1.17441553269359E-01
 1.97248615711778E+03	 4.57064908486233E-03
 1.97248889501781E+03	 1.58490884863928E-01
 1.97249163291784E+03	 3.47203946961364E-01
 1.97249437081787E+03	 5.32532868743138E-01
 1.97249710871790E+03	 6.37518862635016E-01
 1.97249984661793E+03	 5.92239404035800E-01
 1.97250258451796E+03	 3.88695043126810E-01
 1.97250532241800E+03	 9.41800140070811E-02
 1.97250806031803E+03	-1.90953117621428E-01
 1.97251079821806E+03	-3.91171875126771E-01
 1.97251353611809E+03	-4.78762847300952E-01
 1.97251627401812E+03	-4.55632650902398E-01
 1.97251901191815E+03	-3.31510408005786E-01
 1.97252174981818E+03	-1.28601166595055E-01
 1.97252448771821E+03	 1.00881899405174E-01
 1.97252722561824E+03	 2.80268067871140E-01
 1.97252996351827E+03	 3.47039654234275E-01
 1.97253270141830E+03	 2.92209665980373E-01
 1.97253543931833E+03	 1.60818271098521E-01
 1.97253817721836E+03	 1.25030116441325E-02
 1.97254091511839E+03	-1.17676673279494E-01
 1.97254365301843E+03	-2.22575054319643E-01
 1.97254639091846E+03	-2.98948297396911E-01
 1.97254912881849E+03	-3.33069982569835E-01
 1.97255186671852E+03	-3.12745237935145E-01
 1.97255460461855E+03	-2.44460411334330E-01
 1.97255734251858E+03	-1.48761200094980E-01
 1.97256008041861E+03	-3.73639049923485E-02
 1.97256281831864E+03	 9.89151884147727E-02
 1.97256555621867E+03	 2.71874076606219E-01
 1.97256829411870E+03	 4.61446843817308E-01
 1.97257103201873E+03	 6.02323509099526E-01
 1.97257376991876E+03	 6.15631721192919E-01
 1.97257650781879E+03	 4.66576809739078E-01
 1.97257924571883E+03	 1.97243445871218E-01
 1.97258198361886E+03	-9.77059460621323E-02
 1.97258472151889E+03	-3.29580286792368E-01
 1.97258745941892E+03	-4.54507043309247E-01
 1.97259019731895E+03	-4.67164394104827E-01
 1.97259293521898E+03	-3.75629073565250E-01
 1.97259567311901E+03	-1.96020239491243E-01
 1.97259841101904E+03	 3.08388761040550E-02
 1.97260114891907E+03	 2.33892716770803E-01
 1.97260388681910E+03	 3.40719492548995E-01
 1.97260662471913E+03	 3.21657752949630E-01
 1.97260936261916E+03	 2.06452391562032E-01
 1.97261210051919E+03	 5.57189210206454E-02
 1.97261483841923E+03	-8.37110744893749E-02
 1.97261757631926E+03	-1.96396331042358E-01
 1.97262031421929E+03	-2.80591813006123E-01
 1.97262305211932E+03	-3.26966678469671E-01
 1.97262579001935E+03	-3.21867210446887E-01
 1.97262852791938E+03	-2.65715701011567E-01
 1.97263126581941E+03	-1.77042556530712E-01
 1.97263400371944E+03	-7.33875763774242E-02
 1.97263674161947E+03	 4.79472157826525E-02
 1.97263947951950E+03	 2.02591869077161E-01
 1.97264221741953E+03	 3.86599137302096E-01
 1.97264495531956E+03	 5.50883640753829E-01
 1.97264769321959E+03	 6.16075214692427E-01
 1.97265043111962E+03	 5.25663651540818E-01
 1.97265316901966E+03	 2.93538803337558E-01
 1.97265590691969E+03	 6.53879652039915E-04
 1.97265864481972E+03	-2.56688107296383E-01
 1.97266138271975E+03	-4.17786999050967E-01
 1.97266412061978E+03	-4.66614014278499E-01
 1.97266685851981E+03	-4.08698056722029E-01
 1.97266959641984E+03	-2.56363494289138E-01
 1.97267233431987E+03	-4.01509394464887E-02
 1.97267507221990E+03	 1.77927256849304E-01
 1.97267781011993E+03	 3.21229187045446E-01
 1.97268054801996E+03	 3.41684289569119E-01
 1.97268328591999E+03	 2.50036785175850E-01
 1.97268602382002E+03	 1.01944009008281E-01
 1.97268876172006E+03	-4.62875134528411E-02
 1.97269149962009E+03	-1.68252392170399E-01
 1.97269423752012E+03	-2.60298718805282E-01
 1.97269697542015E+03	-3.17436327871081E-01
 1.97269971332018E+03	-3.26936068460116E-01
 1.97270245122021E+03	-2.84009040699504E-01
 1.97270518912024E+03	-2.03004795269317E-01
 1.97270792702027E+03	-1.05008347647975E-01
 1.97271066492030E+03	 4.87439245796591E-03
 1.97271340282033E+03	 1.41272530391063E-01
 1.97271614072036E+03	 3.12553394365400E-01
 1.97271887862039E+03	 4.87930569152539E-01
 1.97272161652042E+03	 5.95264947140540E-01
 1.97272435442046E+03	 5.63483523793871E-01
 1.97272709232049E+03	 3.78337718445340E-01
 1.97272983022052E+03	 1.00159553687551E-01
 1.97273256812055E+03	-1.74277666802064E-01
 1.97273530602058E+03	-3.68949314577531E-01
 1.97273804392061E+03	-4.54035542320825E-01
 1.97274078182064E+03	-4.30361542003432E-01
 1.97274351972067E+03	-3.07935706522226E-01
 1.97274625762070E+03	-1.09067205339762E-01
 1.97274899552073E+03	 1.15064979142388E-01
 1.97275173342076E+03	 2.89045594963292E-01
 1.97275447132079E+03	 3.50397381195178E-01
 1.97275720922082E+03	 2.89128348509750E-01
 1.97275994712086E+03	 1.50105357868032E-01
 1.97276268502089E+03	-4.92922132362758E-03
 1.97276542292092E+03	-1.37437607953554E-01
 1.97276816082095E+03	-2.38145957189760E-01
 1.97277089872098E+03	-3.05002301034636E-01
 1.97277363662101E+03	-3.28085478401397E-01
 1.97277637452104E+03	-2.99118486803025E-01
 1.97277911242107E+03	-2.26999912201738E-01
 1.97278185032110E+03	-1.33613068397314E-01
 1.97278458822113E+03	-3.16353532901300E-02
 1.97278732612116E+03	 8.86433955966266E-02
 1.97279006402119E+03	 2.43004997403470E-01
 1.97279280192122E+03	 4.18504616298453E-01
 1.97279553982125E+03	 5.56325619651948E-01
 1.97279827772129E+03	 5.79088546584143E-01
 1.97280101562132E+03	 4.47483948022998E-01
 1.97280375352135E+03	 1.96363673008809E-01
 1.97280649142138E+03	-8.48977309876040E-02
 1.97280922932141E+03	-3.08716777571433E-01
 1.97281196722144E+03	-4.29550305278723E-01
 1.97281470512147E+03	-4.40523581579121E-01
 1.97281744302150E+03	-3.49616548020334E-01
 1.97282018092153E+03	-1.73284509640031E-01
 1.97282291882156E+03	 4.83050417722927E-02
 1.97282565672159E+03	 2.45509740628232E-01
 1.97282839462162E+03	 3.46582975472755E-01
 1.97283113252165E+03	 3.21211484095994E-01
 1.97283387042169E+03	 1.98524550647527E-01
 1.97283660832172E+03	 4.04044513933045E-02
 1.97283934622175E+03	-1.03144517612314E-01
 1.97284208412178E+03	-2.13870344423064E-01
 1.97284482202181E+03	-2.90078384070151E-01
 1.97284755992184E+03	-3.25589115962834E-01
 1.97285029782187E+03	-3.10827150108595E-01
 1.97285303572190E+03	-2.49052667269944E-01
 1.97285577362193E+03	-1.60285724591240E-01
 1.97285851152196E+03	-6.32268537987171E-02
 1.97286124942199E+03	 4.43759720512854E-02
 1.97286398732202E+03	 1.80525034837554E-01
 1.97286672522205E+03	 3.47444529017715E-01
 1.97286946312209E+03	 5.03455564555629E-01
 1.97287220102212E+03	 5.73148021459640E-01
 1.97287493892215E+03	 4.97810816929182E-01
 1.97287767682218E+03	 2.84679719544299E-01
 1.97288041472221E+03	 8.16104268263539E-03
 1.97288315262224E+03	-2.38345478145958E-01
 1.97288589052227E+03	-3.93403496456808E-01
 1.97288862842230E+03	-4.39233800411849E-01
 1.97289136632233E+03	-3.80773503187360E-01
 1.97289410422236E+03	-2.30701554070076E-01
 1.97289684212239E+03	-1.93169129802489E-02
 1.97289958002242E+03	 1.92688031222375E-01
 1.97290231792245E+03	 3.29847853784997E-01
 1.97290505582248E+03	 3.43968252173157E-01
 1.97290779372252E+03	 2.45028498493727E-01
 1.97291053162255E+03	 8.91821761351156E-02
 1.97291326952258E+03	-6.46532272247334E-02
 1.97291600742261E+03	-1.86897275333863E-01
 1.97291874532264E+03	-2.72857677965460E-01
 1.97292148322267E+03	-3.19801600301539E-01
 1.97292422112270E+03	-3.19007135182428E-01
 1.97292695902273E+03	-2.68952647470386E-01
 1.97292969692276E+03	-1.85709733982282E-01
 1.97293243482279E+03	-9.15640332205666E-02
 1.97293517272282E+03	 7.32547372283223E-03
 1.97293791062285E+03	 1.26458467002121E-01
 1.97294064852288E+03	 2.78934132848213E-01
 1.97294338642292E+03	 4.41463071900625E-01
 1.97294612432295E+03	 5.47861922726356E-01
 1.97294886222298E+03	 5.27471778041077E-01
 1.97295160012301E+03	 3.60789068069842E-01
 1.97295433802304E+03	 1.01008116840188E-01
 1.97295707592307E+03	-1.59744301919911E-01
 1.97295981382310E+03	-3.46076374034140E-01
 1.97296255172313E+03	-4.26622031081831E-01
 1.97296528962316E+03	-4.01138547008262E-01
 1.97296802752319E+03	-2.79786500644832E-01
 1.97297076542322E+03	-8.49704488848356E-02
 1.97297350332325E+03	 1.33162901106758E-01
 1.97297624122328E+03	 3.00668042649446E-01
 1.97297897912332E+03	 3.55535354420576E-01
 1.97298171702335E+03	 2.87138798882570E-01
 1.97298445492338E+03	 1.40238939896619E-01
 1.97298719282341E+03	-2.15331182712174E-02
 1.97298993072344E+03	-1.56438649477630E-01
 1.97299266862347E+03	-2.53234475483480E-01
 1.97299540652350E+03	-3.11062191424307E-01
 1.97299814442353E+03	-3.23659150154696E-01
 1.97300088232356E+03	-2.86370613654539E-01
 1.97300362022359E+03	-2.10154715874737E-01
 1.97300635812362E+03	-1.18087746094525E-01
 1.97300909602365E+03	-2.41654245536834E-02
 1.97301183392368E+03	 8.09757029871021E-02
 1.97301457182371E+03	 2.16158797342921E-01
 1.97301730972375E+03	 3.75255370137127E-01
 1.97302004762378E+03	 5.06703917068228E-01
 1.97302278552381E+03	 5.36135148441093E-01
 1.97302552342384E+03	 4.21060784875775E-01
 1.97302826132387E+03	 1.89408268327465E-01
 1.97303099922390E+03	-7.55200876744587E-02
 1.97303373712393E+03	-2.88427296562166E-01
 1.97303647502396E+03	-4.02895585367011E-01
 1.97303921292399E+03	-4.10680799105164E-01
 1.97304195082402E+03	-3.19546109950466E-01
 1.97304468872405E+03	-1.46215747348840E-01
 1.97304742662408E+03	 6.97845730279543E-02
 1.97305016452411E+03	 2.60339343614943E-01
 1.97305290242415E+03	 3.54713226947551E-01
 1.97305564032418E+03	 3.22315310333554E-01
 1.97305837822421E+03	 1.91802915721627E-01
 1.97306111612424E+03	 2.61760089567142E-02
 1.97306385402427E+03	-1.21649927993343E-01
 1.97306659192430E+03	-2.30780971491495E-01
 1.97306932982433E+03	-2.99583273278257E-01
 1.97307206772436E+03	-3.24899893722054E-01
 1.97307480562439E+03	-3.00969946609188E-01
 1.97307754352442E+03	-2.33534278185617E-01
 1.97308028142445E+03	-1.43851364637633E-01
 1.97308301932448E+03	-5.19463696571990E-02
 1.97308575722451E+03	 4.32563111487642E-02
 1.97308849512455E+03	 1.61106852809538E-01
 1.97309123302458E+03	 3.09345402180425E-01
 1.97309397092461E+03	 4.54026735657856E-01
 1.97309670882464E+03	 5.25012192239254E-01
 1.97309944672467E+03	 4.62925851818732E-01
 1.97310218462470E+03	 2.69125436924223E-01
 1.97310492252473E+03	 1.10773715379607E-02
 1.97310766042476E+03	-2.21826301681655E-01
 1.97311039832479E+03	-3.68398224516110E-01
 1.97311313622482E+03	-4.09504961113677E-01
 1.97311587412485E+03	-3.49438239366121E-01
 1.97311861202488E+03	-2.01115356131876E-01
 1.97312134992491E+03	 5.41900687807348E-03
 1.97312408782495E+03	 2.10840702165535E-01
 1.97312682572498E+03	 3.41099954845198E-01
 1.97312956362501E+03	 3.48221274911140E-01
 1.97313230152504E+03	 2.41611916168948E-01
 1.97313503942507E+03	 7.78347024133329E-02
 1.97313777732510E+03	-8.18246819873862E-02
 1.97314051522513E+03	-2.04791418347704E-01
 1.97314325312516E+03	-2.85350221935310E-01
 1.97314599102519E+03	-3.22901416252908E-01
 1.97314872892522E+03	-3.12488132270073E-01
 1.97315146682525E+03	-2.55511002047035E-01
 1.97315420472528E+03	-1.69445293166258E-01
 1.97315694262531E+03	-7.77675477755447E-02
 1.97315968052534E+03	 1.17675725470027E-02
 1.97316241842538E+03	 1.14529570351114E-01
 1.97316515632541E+03	 2.47436877332351E-01
 1.97316789422544E+03	 3.94581504868850E-01
 1.97317063212547E+03	 4.96710921729512E-01
 1.97317337002550E+03	 4.85151075296317E-01
 1.97317610792553E+03	 3.36313562914624E-01
 1.97317884582556E+03	 9.63199253712020E-02
 1.97318158372559E+03	-1.48246092314131E-01
 1.97318432162562E+03	-3.23715479287455E-01
 1.97318705952565E+03	-3.97797419609409E-01
 1.97318979742568E+03	-3.69254999237579E-01
 1.97319253532571E+03	-2.48268116457597E-01
 1.97319527322574E+03	-5.72751224160988E-02
 1.97319801112578E+03	 1.54632923654344E-01
 1.97320074902581E+03	 3.15134144703158E-01
 1.97320348692584E+03	 3.62974086478517E-01
 1.97320622482587E+03	 2.87106655296198E-01
 1.97320896272590E+03	 1.32151003218070E-01
 1.97321170062593E+03	-3.65967807186671E-02
 1.97321443852595E+03	-1.74394247085279E-01
 1.97321717642599E+03	-2.68058632374789E-01
 1.97321991432602E+03	-3.17797712992336E-01
 1.97322265222605E+03	-3.20771838596459E-01
 1.97322539012608E+03	-2.75619477338004E-01
 1.97322812802611E+03	-1.95006241094398E-01
 1.97323086592614E+03	-1.03052002277342E-01
 1.97323360382618E+03	-1.54088591288758E-02
 1.97323634172621E+03	 7.60511188763983E-02
 1.97323907962624E+03	 1.92134898328284E-01
 1.97324181752627E+03	 3.33013618858685E-01
 1.97324455542630E+03	 4.54932616566943E-01
 1.97324729332633E+03	 4.87970434761960E-01
 1.97325003122636E+03	 3.87901785024948E-01
 1.97325276912639E+03	 1.76265594688425E-01
 1.97325550702642E+03	-7.02776223925405E-02
 1.97325824492645E+03	-2.69799476287921E-01
 1.97326098282648E+03	-3.75830011959594E-01
 1.97326372072651E+03	-3.79006217780990E-01
 1.97326645862654E+03	-2.86774064768420E-01
 1.97326919652657E+03	-1.16014786217074E-01
 1.97327193442661E+03	 9.44230359385462E-02
 1.97327467232664E+03	 2.78044360240698E-01
 1.97327741022667E+03	 3.65348158969182E-01
 1.97328014812670E+03	 3.25676183362265E-01
 1.97328288602673E+03	 1.87217308304112E-01
 1.97328562392676E+03	 1.38829705770108E-02
 1.97328836182679E+03	-1.38719888756874E-01
 1.97329109972682E+03	-2.47109084936153E-01
 1.97329383762685E+03	-3.09581777181688E-01
 1.97329657552688E+03	-3.25760517068528E-01
 1.97329931342691E+03	-2.93378544731198E-01
 1.97330205132694E+03	-2.20293923810477E-01
 1.97330478922697E+03	-1.28754001863188E-01
 1.97330752712701E+03	-4.02508468914324E-02
 1.97331026502704E+03	 4.44003424191574E-02
 1.97331300292707E+03	 1.44810097671498E-01
 1.97331574082710E+03	 2.73399367148853E-01
 1.97331847872713E+03	 4.04050222646690E-01
 1.97332121662716E+03	 4.73051104001141E-01
 1.97332395452719E+03	 4.21918650610784E-01
 1.97332669242722E+03	 2.47094828894034E-01
 1.97332943032725E+03	 8.94979104841522E-03
 1.97333216822728E+03	-2.08080031312344E-01
 1.97333490612731E+03	-3.44017849315457E-01
 1.97333764402734E+03	-3.78829620211469E-01
 1.97334038192737E+03	-3.16149613894928E-01
 1.97334311982741E+03	-1.68991435987827E-01
 1.97334585772744E+03	 3.29272799843599E-02
 1.97334859562747E+03	 2.31716041033866E-01
 1.97335133352750E+03	 3.54903803569483E-01
 1.97335407142753E+03	 3.54922858250941E-01
 1.97335680932756E+03	 2.40636745834399E-01
 1.97335954722759E+03	 6.88267002509715E-02
 1.97336228512762E+03	-9.71008319821987E-02
 1.97336502302765E+03	-2.21669652773524E-01
 1.97336776092768E+03	-2.98019720815587E-01
 1.97337049882771E+03	-3.27425444144100E-01
 1.97337323672774E+03	-3.08369460969717E-01
 1.97337597462777E+03	-2.44808867733672E-01
 1.97337871252780E+03	-1.55309683499642E-01
 1.97338145042784E+03	-6.45135013212287E-02
 1.97338418832787E+03	 1.77220814814329E-02
 1.97338692622790E+03	 1.05621832732024E-01
 1.97338966412793E+03	 2.18879797071337E-01
 1.97339240202796E+03	 3.48624029443749E-01
 1.97339513992799E+03	 4.43294778497388E-01
 1.97339787782802E+03	 4.37706208267520E-01
 1.97340061572805E+03	 3.05475613671380E-01
 1.97340335362808E+03	 8.59476895166390E-02
 1.97340609152811E+03	-1.40528759314391E-01
 1.97340882942814E+03	-3.03014805919936E-01
 1.97341156732817E+03	-3.68946047930791E-01
 1.97341430522820E+03	-3.36218702503801E-01
 1.97341704312824E+03	-2.14897809122516E-01
 1.97341978102827E+03	-2.73368263621235E-02
 1.97342251892830E+03	 1.78497865554058E-01
 1.97342525682833E+03	 3.32027255884857E-01
 1.97342799472836E+03	 3.72911338736217E-01
 1.97343073262839E+03	 2.89725144926273E-01
 1.97343347052842E+03	 1.26769281213392E-01
 1.97343620842845E+03	-4.92729436970669E-02
 1.97343894632848E+03	-1.90803931719596E-01
 1.97344168422851E+03	-2.82606690291342E-01
 1.97344442212854E+03	-3.25681472730571E-01
 1.97344716002857E+03	-3.20266281639929E-01
 1.97344989792860E+03	-2.67921369432886E-01
 1.97345263582864E+03	-1.82671082020955E-01
 1.97345537372867E+03	-8.95227865973201E-02
 1.97345811162870E+03	-6.08120870889781E-03
 1.97346084952873E+03	 7.36840955495378E-02
 1.97346358742876E+03	 1.71432660444705E-01
 1.97346632532879E+03	 2.92917875423222E-01
 1.97346906322882E+03	 4.02498536534793E-01
 1.97347180112885E+03	 4.35989187366383E-01
 1.97347453902888E+03	 3.48906415939341E-01
 1.97347727692891E+03	 1.57132970150457E-01
 1.97348001482894E+03	-6.96494843344429E-02
 1.97348275272897E+03	-2.53820709896693E-01
 1.97348549062900E+03	-3.49666724979576E-01
 1.97348822852904E+03	-3.47006933252241E-01
 1.97349096642907E+03	-2.52892003830389E-01
 1.97349370432910E+03	-8.42060453745784E-02
 1.97349644222913E+03	 1.20976631040048E-01
 1.97349918012916E+03	 2.97880095291131E-01
 1.97350191802919E+03	 3.78368715437488E-01
 1.97350465592922E+03	 3.31763066195025E-01
 1.97350739382925E+03	 1.85619902010938E-01
 1.97351013172928E+03	 4.45540348482609E-03
 1.97351286962931E+03	-1.53649723610253E-01
 1.97351560752934E+03	-2.62582439274143E-01
 1.97351834542937E+03	-3.20295573920888E-01
 1.97352108332940E+03	-3.28816458735596E-01
 1.97352382122943E+03	-2.88983656353297E-01
 1.97352655912947E+03	-2.10402529792811E-01
 1.97352929702950E+03	-1.16062032855471E-01
 1.97353203492953E+03	-2.90260183735367E-02
 1.97353477282956E+03	 4.73396492359066E-02
 1.97353751072959E+03	 1.31802429448708E-01
 1.97354024862962E+03	 2.40477526192781E-01
 1.97354298652965E+03	 3.54919496023330E-01
 1.97354572442968E+03	 4.18784717926381E-01
 1.97354846232971E+03	 3.75985975016699E-01
 1.97355120022974E+03	 2.19147120945031E-01
 1.97355393812977E+03	 1.61970553369348E-03
 1.97355667602980E+03	-1.97869731855715E-01
 1.97355941392983E+03	-3.21447171764374E-01
 1.97356215182987E+03	-3.48661980487950E-01
 1.97356488972990E+03	-2.82517438832293E-01
 1.97356762762993E+03	-1.35961570552792E-01
 1.97357036552996E+03	 6.17519608565166E-02
 1.97357310342999E+03	 2.54269117883595E-01
 1.97357584133002E+03	 3.70810493903985E-01
 1.97357857923005E+03	 3.64264732455857E-01
 1.97358131713008E+03	 2.42803421092589E-01
 1.97358405503011E+03	 6.30966575280647E-02
 1.97358679293014E+03	-1.09622909976157E-01
 1.97358953083017E+03	-2.37013750548503E-01
 1.97359226873020E+03	-3.10818245825279E-01
 1.97359500663023E+03	-3.33781273972881E-01
 1.97359774453027E+03	-3.07404229980286E-01
 1.97360048243030E+03	-2.37810993951660E-01
 1.97360322033033E+03	-1.44352303332154E-01
 1.97360595823036E+03	-5.27831843188140E-02
 1.97360869613039E+03	 2.44960151091817E-02
 1.97361143403042E+03	 9.95856514774780E-02
 1.97361417193045E+03	 1.93822278025659E-01
 1.97361690983048E+03	 3.04800852841949E-01
 1.97361964773051E+03	 3.89160991707265E-01
 1.97362238563054E+03	 3.86567359750194E-01
 1.97362512353057E+03	 2.69187582090654E-01
 1.97362786143060E+03	 7.00918539931162E-02
 1.97363059933063E+03	-1.37070900522997E-01
 1.97363333723066E+03	-2.84971196840490E-01
 1.97363607513070E+03	-3.41415591213626E-01
 1.97363881303073E+03	-3.03602605302131E-01
 1.97364155093076E+03	-1.81352305294678E-01
 1.97364428883079E+03	 3.23941294558165E-03
 1.97364702673082E+03	 2.03458232160089E-01
 1.97364976463085E+03	 3.50578361175689E-01
 1.97365250253088E+03	 3.85228255448557E-01
 1.97365524043091E+03	 2.95475834910396E-01
 1.97365797833094E+03	 1.24961770785386E-01
 1.97366071623097E+03	-5.86144647755010E-02
 1.97366345413100E+03	-2.04938298976807E-01
 1.97366619203103E+03	-2.96560642289940E-01
 1.97366892993106E+03	-3.34855125851013E-01
 1.97367166783110E+03	-3.22673752566822E-01
 1.97367440573113E+03	-2.64080120800928E-01
 1.97367714363116E+03	-1.74113001680208E-01
 1.97367988153119E+03	-7.84996699788755E-02
 1.97368261943122E+03	 2.97268996036596E-03
 1.97368535733125E+03	 7.34478772418034E-02
 1.97368809523128E+03	 1.54283152518334E-01
 1.97369083313131E+03	 2.55921472954528E-01
 1.97369357103134E+03	 3.50875226424084E-01
 1.97369630893137E+03	 3.81769317521594E-01
 1.97369904683140E+03	 3.05303223125090E-01
 1.97370178473143E+03	 1.32586728473882E-01
 1.97370452263146E+03	-7.37789470603709E-02
 1.97370726053150E+03	-2.41240564483977E-01
 1.97370999843153E+03	-3.25591934055248E-01
 1.97371273633156E+03	-3.16165145832586E-01
 1.97371547423159E+03	-2.19560631601862E-01
 1.97371821213162E+03	-5.24764215435835E-02
 1.97372095003165E+03	 1.47950582065001E-01
 1.97372368793168E+03	 3.18788596196625E-01
 1.97372642583171E+03	 3.93334601300967E-01
 1.97372916373174E+03	 3.40786854040427E-01
 1.97373190163177E+03	 1.87731912933999E-01
 1.97373463953180E+03	-1.14724457615012E-03
 1.97373737743183E+03	-1.65552271697974E-01
 1.97374011533186E+03	-2.76632359787450E-01
 1.97374285323189E+03	-3.31588138691820E-01
 1.97374559113193E+03	-3.34343637624317E-01
 1.97374832903196E+03	-2.88381441651948E-01
 1.97375106693199E+03	-2.04678276180757E-01
 1.97375380483202E+03	-1.06718276277762E-01
 1.97375654273205E+03	-1.91875143885024E-02
 1.97375928063208E+03	 5.14321388540853E-02
 1.97376201853211E+03	 1.21999225610322E-01
 1.97376475643214E+03	 2.11226482682675E-01
 1.97376749433217E+03	 3.07938746555861E-01
 1.97377023223220E+03	 3.63838306598889E-01
 1.97377297013223E+03	 3.26608356891674E-01
 1.97377570803226E+03	 1.86225121769220E-01
 1.97377844593229E+03	-1.06856047538365E-02
 1.97378118383233E+03	-1.91642934902765E-01
 1.97378392173236E+03	-3.01655865504106E-01
 1.97378665963239E+03	-3.20340817021776E-01
 1.97378939753242E+03	-2.50128340457022E-01
 1.97379213543245E+03	-1.03727073199202E-01
 1.97379487333248E+03	 9.02710075044297E-02
 1.97379761123251E+03	 2.77202503685438E-01
 1.97380034913254E+03	 3.88070661384299E-01
 1.97380308703257E+03	 3.76155438722986E-01
 1.97380582493260E+03	 2.48619800911986E-01
 1.97380856283263E+03	 6.15364776191492E-02
 1.97381130073266E+03	-1.18414333465341E-01
 1.97381403863269E+03	-2.50043591463327E-01
 1.97381677653273E+03	-3.23337058753537E-01
 1.97381951443276E+03	-3.41969533050065E-01
 1.97382225233279E+03	-3.09944405653219E-01
 1.97382499023282E+03	-2.35139146837725E-01
 1.97382772813285E+03	-1.37390719985721E-01
 1.97383046603288E+03	-4.34799565361086E-02
 1.97383320393291E+03	 3.13096609168330E-02
 1.97383594183294E+03	 9.60611870754038E-02
 1.97383867973297E+03	 1.72583197226818E-01
 1.97384141763300E+03	 2.64167167428789E-01
 1.97384415553303E+03	 3.35876460420045E-01
 1.97384689343306E+03	 3.33379798572008E-01
 1.97384963133309E+03	 2.28720880042391E-01
 1.97385236923313E+03	 4.93639848753021E-02
 1.97385510713316E+03	-1.37973154950165E-01
 1.97385784503319E+03	-2.70285021172423E-01
 1.97386058293322E+03	-3.16350252717232E-01
 1.97386332083325E+03	-2.72864900468851E-01
 1.97386605873328E+03	-1.49282722784824E-01
 1.97386879663331E+03	 3.27760965507463E-02
 1.97387153453334E+03	 2.28040393799618E-01
 1.97387427243337E+03	 3.69763192782510E-01
 1.97387701033340E+03	 3.99522303667019E-01
 1.97387974823343E+03	 3.04602613941479E-01
 1.97388248613346E+03	 1.27476418792539E-01
 1.97388522403349E+03	-6.36331596117991E-02
 1.97388796193352E+03	-2.15862802593849E-01
 1.97389069983356E+03	-3.09264825266207E-01
 1.97389343773359E+03	-3.45040105948974E-01
 1.97389617563362E+03	-3.28077901714050E-01
 1.97389891353365E+03	-2.64481373066313E-01
 1.97390165143368E+03	-1.69965834193963E-01
 1.97390438933371E+03	-7.07946957838224E-02
 1.97390712723374E+03	 1.09221269785130E-02
 1.97390986513377E+03	 7.47716177278109E-02
 1.97391260303380E+03	 1.40687511285304E-01
 1.97391534093383E+03	 2.22775013324066E-01
 1.97391807883386E+03	 3.01470540938139E-01
 1.97392081673389E+03	 3.27017728716141E-01
 1.97392355463392E+03	 2.58626752432167E-01
 1.97392629253396E+03	 1.03610555425720E-01
 1.97392903043399E+03	-8.23905525308341E-02
 1.97393176833402E+03	-2.32443300998705E-01
 1.97393450623405E+03	-3.04506678963320E-01
 1.97393724413408E+03	-2.87760375901771E-01
 1.97393998203411E+03	-1.88321256180995E-01
 1.97394271993414E+03	-2.24877759553531E-02
 1.97394545783417E+03	 1.73766901882605E-01
 1.97394819573420E+03	 3.39523332349503E-01
 1.97395093363423E+03	 4.09547065764725E-01
 1.97395367153426E+03	 3.52697539835119E-01
 1.97395640943429E+03	 1.94091435316299E-01
 1.97395914733432E+03	-2.00582401068894E-03
 1.97396188523436E+03	-1.73409452621406E-01
 1.97396462313439E+03	-2.88400343853614E-01
 1.97396736103442E+03	-3.42915486172338E-01
 1.97397009893445E+03	-3.42147610974238E-01
 1.97397283683448E+03	-2.91694449483686E-01
 1.97397557473451E+03	-2.03525395706184E-01
 1.97397831263454E+03	-1.01373654952215E-01
 1.97398105053457E+03	-1.15289448903107E-02
 1.97398378843460E+03	 5.59775543589548E-02
 1.97398652633463E+03	 1.15123727093363E-01
 1.97398926423466E+03	 1.86066528779504E-01
 1.97399200213469E+03	 2.64271488313209E-01
 1.97399474003472E+03	 3.09870957248501E-01
 1.97399747793475E+03	 2.75494548478309E-01
 1.97400021583479E+03	 1.49644517345654E-01
 1.97400295373482E+03	-2.73063236916697E-02
 1.97400569163485E+03	-1.89431526069242E-01
 1.97400842953488E+03	-2.85257730129658E-01
 1.97401116743491E+03	-2.94921285127840E-01
 1.97401390533494E+03	-2.20360537576306E-01
 1.97401664323497E+03	-7.38675048048543E-02
 1.97401938113500E+03	 1.16877069144803E-01
 1.97402211903503E+03	 2.99113759395774E-01
 1.97402485693506E+03	 4.05726163487352E-01
 1.97402759483509E+03	 3.90244535209782E-01
 1.97403033273512E+03	 2.58364906707435E-01
 1.97403307063515E+03	 6.49200335826043E-02
 1.97403580853519E+03	-1.22452711477231E-01
 1.97403854643522E+03	-2.59758395734534E-01
 1.97404128433525E+03	-3.34798671749288E-01
 1.97404402223528E+03	-3.51523730248950E-01
 1.97404676013531E+03	-3.15836465240638E-01
 1.97404949803534E+03	-2.36936408312547E-01
 1.97405223593537E+03	-1.34858243621017E-01
 1.97405497383540E+03	-3.72778636194304E-02
 1.97405771173543E+03	 3.74244915266805E-02
 1.97406044963546E+03	 9.45592536681058E-02
 1.97406318753549E+03	 1.55259320145769E-01
 1.97406592543552E+03	 2.27581133960407E-01
 1.97406866333555E+03	 2.84947398767964E-01
 1.97407140123559E+03	 2.79921276459324E-01
 1.97407413913562E+03	 1.85656027019181E-01
 1.97407687703565E+03	 2.47916595463347E-02
 1.97407961493568E+03	-1.42894188022703E-01
 1.97408235283571E+03	-2.59246175070014E-01
 1.97408509073574E+03	-2.94540457673202E-01
 1.97408782863577E+03	-2.45174505380494E-01
 1.97409056653580E+03	-1.20126834667117E-01
 1.97409330443583E+03	 5.97096096337708E-02
 1.97409604233586E+03	 2.50760452181919E-01
 1.97409878023589E+03	 3.88419440058935E-01
 1.97410151813592E+03	 4.15159869666085E-01
 1.97410425603595E+03	 3.17097451279844E-01
 1.97410699393598E+03	 1.34876956171361E-01
 1.97410973183602E+03	-6.33832307642529E-02
 1.97411246973605E+03	-2.22507367994492E-01
 1.97411520763608E+03	-3.19757326700313E-01
 1.97411794553611E+03	-3.55520485788899E-01
 1.97412068343614E+03	-3.36050986336508E-01
 1.97412342133617E+03	-2.68990726269579E-01
 1.97412615923620E+03	-1.70404826764583E-01
 1.97412889713623E+03	-6.68916261433572E-02
 1.97413163503626E+03	 1.70825581101643E-02
 1.97413437293629E+03	 7.70379782732776E-02
 1.97413711083632E+03	 1.30457356660021E-01
 1.97413984873635E+03	 1.94000950197483E-01
 1.97414258663638E+03	 2.55547847918707E-01
 1.97414532453642E+03	 2.73469210742867E-01
 1.97414806243645E+03	 2.10632228012986E-01
 1.97415080033648E+03	 7.15566016730967E-02
 1.97415353823651E+03	-9.47687825259187E-02
 1.97415627613654E+03	-2.27369258778339E-01
 1.97415901403657E+03	-2.86902984888914E-01
 1.97416175193660E+03	-2.62713528678296E-01
 1.97416448983663E+03	-1.60419314979033E-01
 1.97416722773666E+03	 4.30697131457402E-03
 1.97416996563669E+03	 1.96936929940497E-01
 1.97417270353672E+03	 3.58786373819584E-01
 1.97417544143675E+03	 4.26128530684544E-01
 1.97417817933678E+03	 3.67195783991860E-01
 1.97418091723682E+03	 2.05004554498704E-01
 1.97418365513685E+03	 2.67337146345938E-03
 1.97418639303688E+03	-1.76161791094562E-01
 1.97418913093691E+03	-2.96803747007668E-01
 1.97419186883694E+03	-3.53351195341166E-01
 1.97419460673697E+03	-3.51543449187253E-01
 1.97419734463700E+03	-2.98509886999009E-01
 1.97420008253703E+03	-2.06838028475594E-01
 1.97420282043706E+03	-1.00267287612918E-01
 1.97420555833709E+03	-6.59559354107656E-03
 1.97420829623712E+03	 6.03249150782062E-02
 1.97421103413715E+03	 1.10768066105639E-01
 1.97421377203718E+03	 1.65187737468589E-01
 1.97421650993722E+03	 2.24872655810731E-01
 1.97421924783725E+03	 2.58466584647952E-01
 1.97422198573728E+03	 2.24468427026814E-01
 1.97422472363731E+03	 1.11013288021690E-01
 1.97422746153734E+03	-4.71748915506492E-02
 1.97423019943737E+03	-1.90815469510796E-01
 1.97423293733740E+03	-2.72421418340102E-01
 1.97423567523743E+03	-2.73045506784743E-01
 1.97423841313746E+03	-1.94226444159102E-01
 1.97424115103749E+03	-4.76674586012495E-02
 1.97424388893752E+03	 1.40150183245353E-01
 1.97424662683755E+03	 3.18645240343079E-01
 1.97424936473758E+03	 4.22712749428948E-01
 1.97425210263761E+03	 4.05960996384895E-01
 1.97425484053765E+03	 2.72061374377045E-01
 1.97425757843768E+03	 7.38256235103867E-02
 1.97426031633771E+03	-1.20769505567699E-01
 1.97426305423774E+03	-2.65029048924992E-01
 1.97426579213777E+03	-3.44120032706121E-01
 1.97426853003780E+03	-3.61533719642637E-01
 1.97427126793783E+03	-3.24403356929212E-01
 1.97427400583786E+03	-2.42810298521416E-01
 1.97427674373789E+03	-1.36714183371135E-01
 1.97427948163792E+03	-3.45115370969134E-02
 1.97428221953795E+03	 4.22513476347906E-02
 1.97428495743798E+03	 9.45382455670503E-02
 1.97428769533801E+03	 1.41744626450549E-01
 1.97429043323805E+03	 1.95654781398473E-01
 1.97429317113808E+03	 2.37713769937003E-01
 1.97429590903811E+03	 2.27971674615400E-01
 1.97429864693814E+03	 1.41766523760742E-01
 1.97430138483817E+03	-2.25204092568115E-03
 1.97430412273820E+03	-1.51061057252673E-01
 1.97430686063823E+03	-2.51686158102861E-01
 1.97430959853826E+03	-2.76327393987129E-01
 1.97431233643829E+03	-2.21280303415860E-01
 1.97431507433832E+03	-9.49546386316240E-02
 1.97431781223835E+03	 8.27542741670544E-02
 1.97432055013838E+03	 2.70278105256399E-01
 1.97432328803841E+03	 4.05366176625613E-01
 1.97432602593845E+03	 4.31339605688080E-01
 1.97432876383848E+03	 3.32697646267956E-01
 1.97433150173851E+03	 1.47480864659394E-01
 1.97433423963854E+03	-5.70610471138448E-02
 1.97433697753857E+03	-2.23775955501325E-01
 1.97433971543860E+03	-3.26864580663296E-01
 1.97434245333863E+03	-3.65206846708580E-01
 1.97434519123866E+03	-3.45680019302068E-01
 1.97434792913869E+03	-2.76940210047094E-01
 1.97435066703872E+03	-1.75094515644886E-01
 1.97435340493875E+03	-6.68620266486196E-02
 1.97435614283878E+03	 2.10141384905507E-02
 1.97435888073881E+03	 7.96683200600658E-02
 1.97436161863884E+03	 1.23255466042694E-01
 1.97436435653888E+03	 1.69868342253798E-01
 1.97436709443891E+03	 2.14134348665135E-01
 1.97436983233894E+03	 2.22750981195552E-01
 1.97437257023897E+03	 1.63153545714844E-01
 1.97437530813900E+03	 3.80337649653525E-02
 1.97437804603903E+03	-1.09815942091093E-01
 1.97438078393906E+03	-2.25512850340820E-01
 1.97438352183909E+03	-2.72808607423786E-01
 1.97438625973912E+03	-2.41489631725553E-01
 1.97438899763915E+03	-1.36676268781273E-01
 1.97439173553918E+03	 2.68106741424140E-02
 1.97439447343921E+03	 2.16210110581737E-01
 1.97439721133924E+03	 3.75356551800587E-01
 1.97439994923928E+03	 4.42106287559181E-01
 1.97440268713931E+03	 3.83755464811534E-01
 1.97440542503934E+03	 2.20504497329664E-01
 1.97440816293937E+03	 1.34679019486212E-02
 1.97441090083940E+03	-1.72825052747195E-01
 1.97441363873943E+03	-3.00652995918332E-01
 1.97441637663946E+03	-3.61684703438694E-01
 1.97441911453949E+03	-3.61423470407062E-01
 1.97442185243952E+03	-3.07910447260943E-01
 1.97442459033955E+03	-2.13990536961770E-01
 1.97442732823958E+03	-1.03177149282943E-01
 1.97443006613961E+03	-4.60604706735836E-03
 1.97443280403964E+03	 6.39562562860305E-02
 1.97443554193968E+03	 1.08449893259345E-01
 1.97443827983971E+03	 1.48549978580168E-01
 1.97444101773974E+03	 1.90419018456855E-01
 1.97444375563977E+03	 2.11005642063066E-01
 1.97444649353980E+03	 1.75313229051297E-01
 1.97444923143983E+03	 7.20870857475972E-02
 1.97445196933986E+03	-6.89184463875619E-02
 1.97445470723989E+03	-1.94968357404622E-01
 1.97445744513992E+03	-2.62859752368666E-01
 1.97446018303995E+03	-2.54884447543174E-01
 1.97446292093998E+03	-1.72277461579329E-01
 1.97446565884001E+03	-2.59947900687629E-02
 1.97446839674004E+03	 1.58992410713609E-01
 1.97447113464007E+03	 3.34611936611844E-01
 1.97447387254011E+03	 4.37957264375233E-01
 1.97447661044014E+03	 4.22558599287249E-01
 1.97447934834017E+03	 2.89458655120150E-01
 1.97448208624020E+03	 8.85617728781497E-02
 1.97448482414023E+03	-1.12563847976586E-01
 1.97448756204026E+03	-2.64728001062735E-01
 1.97449029994029E+03	-3.50037082816835E-01
 1.97449303784032E+03	-3.70749606311822E-01
 1.97449577574035E+03	-3.34517550987016E-01
 1.97449851364038E+03	-2.51867224212651E-01
 1.97450125154041E+03	-1.42434960078912E-01
 1.97450398944044E+03	-3.51273981683948E-02
 1.97450672734047E+03	 4.54220765099149E-02
 1.97450946524051E+03	 9.54684283897252E-02
 1.97451220314054E+03	 1.31753102599503E-01
 1.97451494104057E+03	 1.68711362694675E-01
 1.97451767894060E+03	 1.95239008566780E-01
 1.97452041684063E+03	 1.79156653959404E-01
 1.97452315474066E+03	 9.88526599730972E-02
 1.97452589264069E+03	-3.01887636059013E-02
 1.97452863054072E+03	-1.61360527311358E-01
 1.97453136844075E+03	-2.47013816761774E-01
 1.97453410634078E+03	-2.61587928278739E-01
 1.97453684424081E+03	-2.01454027203021E-01
 1.97453958214084E+03	-7.43782973239666E-02
 1.97454232004087E+03	 1.01014516410713E-01
 1.97454505794091E+03	 2.85514864897465E-01
 1.97454779584094E+03	 4.19506174523160E-01
 1.97455053374097E+03	 4.47155538607905E-01
 1.97455327164100E+03	 3.50892933663396E-01
 1.97455600954103E+03	 1.65306637728723E-01
 1.97455874744106E+03	-4.41075222355315E-02
 1.97456148534109E+03	-2.18679071743407E-01
 1.97456422324112E+03	-3.29342679546438E-01
 1.97456696114115E+03	-3.72768706653238E-01
 1.97456969904118E+03	-3.55677047308117E-01
 1.97457243694121E+03	-2.87205311906309E-01
 1.97457517484124E+03	-1.83223026180853E-01
 1.97457791274127E+03	-7.03532490491156E-02
 1.97458065064131E+03	 2.25709972994790E-02
 1.97458338854134E+03	 8.21845262878533E-02
 1.97458612644137E+03	 1.18635273371544E-01
 1.97458886434140E+03	 1.50378007450304E-01
 1.97459160224143E+03	 1.77936862579329E-01
 1.97459434014146E+03	 1.76238426767771E-01
 1.97459707804149E+03	 1.17928683102747E-01
 1.97459981594152E+03	 4.73971662105318E-03
 1.97460255384155E+03	-1.26183902597300E-01
 1.97460529174158E+03	-2.26003626917128E-01
 1.97460802964161E+03	-2.61816671261827E-01
 1.97461076754164E+03	-2.24082234220774E-01
 1.97461350544167E+03	-1.17436310135024E-01
 1.97461624334170E+03	 4.43646334442863E-02
 1.97461898124174E+03	 2.30673811787956E-01
 1.97462171914177E+03	 3.88187761246182E-01
 1.97462445704180E+03	 4.56486163512510E-01
 1.97462719494183E+03	 4.01651658973525E-01
 1.97462993284186E+03	 2.40322427547813E-01
 1.97463267074189E+03	 3.06548057387099E-02
 1.97463540864192E+03	-1.62616110409891E-01
 1.97463814654195E+03	-2.98799724937586E-01
 1.97464088444198E+03	-3.66573158032225E-01
 1.97464362234201E+03	-3.70397452392822E-01
 1.97464636024204E+03	-3.18589358880838E-01
 1.97464909814207E+03	-2.23914342231814E-01
 1.97465183604210E+03	-1.09449003984914E-01
 1.97465457394214E+03	-5.43388643129985E-03
 1.97465731184217E+03	 6.65353250420650E-02
 1.97466004974220E+03	 1.07659759719095E-01
 1.97466278764223E+03	 1.35892685381709E-01
 1.97466552554226E+03	 1.61255324066317E-01
 1.97466826344229E+03	 1.68543622858513E-01
 1.97467100134232E+03	 1.29602124468947E-01
 1.97467373924235E+03	 3.45859430433958E-02
 1.97467647714238E+03	-9.10223855707712E-02
 1.97467921504241E+03	-2.00779533802361E-01
 1.97468195294244E+03	-2.55903199055492E-01
 1.97468469084247E+03	-2.40165166225604E-01
 1.97468742874250E+03	-1.54590611574717E-01
 1.97469016664254E+03	-9.25271529574047E-03
 1.97469290454257E+03	 1.72701701782563E-01
 1.97469564244260E+03	 3.46086784517726E-01
 1.97469838034263E+03	 4.50453459938946E-01
 1.97470111824266E+03	 4.39159320892330E-01
 1.97470385614269E+03	 3.10026515572010E-01
 1.97470659404272E+03	 1.09104844669811E-01
 1.97470933194275E+03	-9.73141526925269E-02
 1.97471206984278E+03	-2.57874794664517E-01
 1.97471480774281E+03	-3.51266371664260E-01
 1.97471754564284E+03	-3.77743084105242E-01
 1.97472028354287E+03	-3.44747117648841E-01
 1.97472302144290E+03	-2.62827980565676E-01
 1.97472575934293E+03	-1.51084694349539E-01
 1.97472849724297E+03	-3.87022039391876E-02
 1.97473123514300E+03	 4.68153182860017E-02
 1.97473397304303E+03	 9.68768531620356E-02
 1.97473671094306E+03	 1.24846412547036E-01
 1.97473944884309E+03	 1.46761958693769E-01
 1.97474218674312E+03	 1.58218727231329E-01
 1.97474492464315E+03	 1.34795838397623E-01
 1.97474766254318E+03	 5.85564507451527E-02
 1.97475040044321E+03	-5.74190548694048E-02
 1.97475313834324E+03	-1.72494963505877E-01
 1.97475587624327E+03	-2.44329035434222E-01
 1.97475861414330E+03	-2.49803730905346E-01
 1.97476135204333E+03	-1.85517859590163E-01
 1.97476408994337E+03	-5.85422256479384E-02
 1.97476682784340E+03	 1.14027004339431E-01
 1.97476956574343E+03	 2.95718352577372E-01
 1.97477230364346E+03	 4.29895095552498E-01
 1.97477504154349E+03	 4.61648699643881E-01
 1.97477777944352E+03	 3.70938214800379E-01
 1.97478051734355E+03	 1.88034581182502E-01
 1.97478325524358E+03	-2.43000751807946E-02
 1.97478599314361E+03	-2.06468546037642E-01
 1.97478873104364E+03	-3.26039400223853E-01
 1.97479146894367E+03	-3.76807543388379E-01
 1.97479420684370E+03	-3.64547631954560E-01
 1.97479694474373E+03	-2.98352592743469E-01
 1.97479968264377E+03	-1.93611571782268E-01
 1.97480242054380E+03	-7.66463331623382E-02
 1.97480515844383E+03	 2.18964638707970E-02
 1.97480789634386E+03	 8.42409920526520E-02
 1.97481063424389E+03	 1.16077226348992E-01
 1.97481337214392E+03	 1.35265653690787E-01
 1.97481611004395E+03	 1.47284184180567E-01
 1.97481884794398E+03	 1.34930855933714E-01
 1.97482158584401E+03	 7.64261313124221E-02
 1.97482432374404E+03	-2.67310574186845E-02
 1.97482706164407E+03	-1.42453906967670E-01
 1.97482979954410E+03	-2.27753897252520E-01
 1.97483253744413E+03	-2.53193306078116E-01
 1.97483527534416E+03	-2.10080813438909E-01
 1.97483801324420E+03	-1.02595435836349E-01
 1.97484075114423E+03	 5.67553867660841E-02
 1.97484348904426E+03	 2.39790220893985E-01
 1.97484622694429E+03	 3.96463306456495E-01
 1.97484896484432E+03	 4.68304337015104E-01
 1.97485170274435E+03	 4.19987059030920E-01
 1.97485444064438E+03	 2.63869995948901E-01
 1.97485717854441E+03	 5.41411721792795E-02
 1.97485991644444E+03	-1.45070702823549E-01
 1.97486265434447E+03	-2.90290925412868E-01
 1.97486539224450E+03	-3.66716914915344E-01
 1.97486813014453E+03	-3.76974177690830E-01
 1.97487086804456E+03	-3.29021703539021E-01
 1.97487360594460E+03	-2.35240585774489E-01
 1.97487634384463E+03	-1.18092563518208E-01
 1.97487908174466E+03	-8.64759150589391E-03
 1.97488181964469E+03	 6.79174994061573E-02
 1.97488455754472E+03	 1.07895778772782E-01
 1.97488729544475E+03	 1.26757248403570E-01
 1.97489003334478E+03	 1.37369526640649E-01
 1.97489277124481E+03	 1.31720839534680E-01
 1.97489550914484E+03	 8.85477619973005E-02
 1.97489824704487E+03	 7.74051706014037E-06
 1.97490098494490E+03	-1.12022412272979E-01
 1.97490372284493E+03	-2.07027011196249E-01
 1.97490646074496E+03	-2.50640353095932E-01
 1.97490919864500E+03	-2.28274689242161E-01
 1.97491193654503E+03	-1.40835357083499E-01
 1.97491467444506E+03	 2.59034405969585E-03
 1.97491741234509E+03	 1.80977123456653E-01
 1.97492015024512E+03	 3.52433260351867E-01
 1.97492288814515E+03	 4.59305982305961E-01
 1.97492562604518E+03	 4.54786586145892E-01
 1.97492836394521E+03	 3.32955641721289E-01
 1.97493110184524E+03	 1.35052525837179E-01
 1.97493383974527E+03	-7.48747841879695E-02
 1.97493657764530E+03	-2.43775666885373E-01
 1.97493931554533E+03	-3.46674781588117E-01
 1.97494205344536E+03	-3.81092888366118E-01
 1.97494479134540E+03	-3.53541443789492E-01
 1.97494752924543E+03	-2.74195615902008E-01
 1.97495026714546E+03	-1.61445195652899E-01
 1.97495300504549E+03	-4.45190859243718E-02
 1.97495574294552E+03	 4.65377029213240E-02
 1.97495848084555E+03	 9.83702352054620E-02
 1.97496121874558E+03	 1.20466106090755E-01
 1.97496395664561E+03	 1.29508924833147E-01
 1.97496669454564E+03	 1.26926916314972E-01
 1.97496943244567E+03	 9.57842811971629E-02
 1.97497217034570E+03	 2.21928746118387E-02
 1.97497490824573E+03	-8.25141444308083E-02
 1.97497764614576E+03	-1.83170136938890E-01
 1.97498038404579E+03	-2.42588374021825E-01
 1.97498312194583E+03	-2.40196267902928E-01
 1.97498585984586E+03	-1.72945664090584E-01
 1.97498859774589E+03	-4.71885277297570E-02
 1.97499133564592E+03	 1.21732313814332E-01
 1.97499407354595E+03	 3.00468156946546E-01
 1.97499681144598E+03	 4.35770512386312E-01
 1.97499954934601E+03	 4.73839888114857E-01
 1.97500228724604E+03	 3.91866914836030E-01
 1.97500502514607E+03	 2.14981370753836E-01
 1.97500776304610E+03	 2.17361105141097E-03
 1.97501050094613E+03	-1.86757838933406E-01
 1.97501323884616E+03	-3.16051391254180E-01
 1.97501597674619E+03	-3.76037937314485E-01
 1.97501871464623E+03	-3.70781743284629E-01
 1.97502145254626E+03	-3.08823588343392E-01
 1.97502419044629E+03	-2.04871210101663E-01
 1.97502692834632E+03	-8.47656292630637E-02
 1.97502966624635E+03	 1.93721815962274E-02
 1.97503240414638E+03	 8.56272988282196E-02
 1.97503514204641E+03	 1.15020574062367E-01
 1.97503787994644E+03	 1.24025864389877E-01
 1.97504061784647E+03	 1.22108016470643E-01
 1.97504335574650E+03	 9.93700903595503E-02
 1.97504609364653E+03	 3.97042067516080E-02
 1.97504883154656E+03	-5.50665332103080E-02
 1.97505156944659E+03	-1.57327837466357E-01
 1.97505430734663E+03	-2.29640244213419E-01
 1.97505704524666E+03	-2.46036680653930E-01
 1.97505978314669E+03	-1.98801222975712E-01
 1.97506252104672E+03	-9.16992964773977E-02
 1.97506525894675E+03	 6.41533203981578E-02
 1.97506799684678E+03	 2.43372748292519E-01
 1.97507073474681E+03	 3.99604374416638E-01
 1.97507347264684E+03	 4.76652671472552E-01
 1.97507621054687E+03	 4.37711919753804E-01
 1.97507894844690E+03	 2.90231393296743E-01
 1.97508168634693E+03	 8.34130603657142E-02
 1.97508442424696E+03	-1.20141677682573E-01
 1.97508716214699E+03	-2.74508583614067E-01
 1.97508990004702E+03	-3.61029614933619E-01
 1.97509263794706E+03	-3.79749190659875E-01
 1.97509537584709E+03	-3.37655035107186E-01
 1.97509811374712E+03	-2.46474931197992E-01
 1.97510085164715E+03	-1.27919090982377E-01
 1.97510358954718E+03	-1.35932969491436E-02
 1.97510632744721E+03	 6.81265617844898E-02
 1.97510906534724E+03	 1.08685405718455E-01
 1.97511180324727E+03	 1.20522048024831E-01
 1.97511454114730E+03	 1.18403189027275E-01
 1.97511727904733E+03	 1.00719401196282E-01
 1.97512001694736E+03	 5.28969980679519E-02
 1.97512275484739E+03	-3.05276452948120E-02
 1.97512549274742E+03	-1.30687707069296E-01
 1.97512823064746E+03	-2.12564598774564E-01
 1.97513096854749E+03	-2.46092612704495E-01
 1.97513370644752E+03	-2.18412979396579E-01
 1.97513644434755E+03	-1.30398866455804E-01
 1.97513918224758E+03	 9.90905139194876E-03
 1.97514192014761E+03	 1.83865487108289E-01
 1.97514465804764E+03	 3.53289748334729E-01
 1.97514739594767E+03	 4.63742426465765E-01
 1.97515013384770E+03	 4.68385543170794E-01
 1.97515287174773E+03	 3.57162509775645E-01
 1.97515560964776E+03	 1.65593524066168E-01
 1.97515834754779E+03	-4.55512675056126E-02
 1.97516108544782E+03	-2.22142389774280E-01
 1.97516382334786E+03	-3.35433487838879E-01
 1.97516656124789E+03	-3.79562591697790E-01
 1.97516929914792E+03	-3.59420038459928E-01
 1.97517203704795E+03	-2.84439014175429E-01
 1.97517477494798E+03	-1.72173769425081E-01
 1.97517751284801E+03	-5.16786070024327E-02
 1.97518025074804E+03	 4.48723677970039E-02
 1.97518298864807E+03	 9.96390530284913E-02
 1.97518572654810E+03	 1.17969779410120E-01
 1.97518846444813E+03	 1.16377853601328E-01
 1.97519120234816E+03	 1.01208784334010E-01
 1.97519394024819E+03	 6.25264365557529E-02
 1.97519667814822E+03	-9.37389382073787E-03
 1.97519941604825E+03	-1.04380238300301E-01
 1.97520215394829E+03	-1.92277397715138E-01
 1.97520489184832E+03	-2.40786149885634E-01
 1.97520762974835E+03	-2.31894498510672E-01
 1.97521036764838E+03	-1.63009258673967E-01
 1.97521310554841E+03	-3.97744348816873E-02
 1.97521584344844E+03	 1.24393722221599E-01
 1.97521858134847E+03	 2.99634771026668E-01
 1.97522131924850E+03	 4.36546461804661E-01
 1.97522405714853E+03	 4.82744613374515E-01
 1.97522679504856E+03	 4.12503540331148E-01
 1.97522953294859E+03	 2.45087463392217E-01
 1.97523227084862E+03	 3.46629132373726E-02
 1.97523500874865E+03	-1.59618396815659E-01
 1.97523774664869E+03	-2.98858634959494E-01
 1.97524048454872E+03	-3.69450334610006E-01
 1.97524322244875E+03	-3.73033693443269E-01
 1.97524596034878E+03	-3.17118415605914E-01
 1.97524869824881E+03	-2.15571997845016E-01
 1.97525143614884E+03	-9.36119169939610E-02
 1.97525417404887E+03	 1.55394512706899E-02
 1.97525691194890E+03	 8.62497715724961E-02
 1.97525964984893E+03	 1.14891656363733E-01
 1.97526238774896E+03	 1.15956283768343E-01
 1.97526512564899E+03	 1.01965974246843E-01
 1.97526786354902E+03	 6.96138481063907E-02
 1.97527060144905E+03	 8.32510385625949E-03
 1.97527333934909E+03	-7.93733968992993E-02
 1.97527607724912E+03	-1.69795296196646E-01
 1.97527881514915E+03	-2.30681487631497E-01
 1.97528155304918E+03	-2.39450999404551E-01
 1.97528429094921E+03	-1.89445623892512E-01
 1.97528702884924E+03	-8.40803470331668E-02
 1.97528976674927E+03	 6.70075164243217E-02
 1.97529250464930E+03	 2.41520427441098E-01
 1.97529524254933E+03	 3.97244798075258E-01
 1.97529798044936E+03	 4.80683808932987E-01
 1.97530071834939E+03	 4.53639331695735E-01
 1.97530345624942E+03	 3.18164782195754E-01
 1.97530619414945E+03	 1.17503811884393E-01
 1.97530893204949E+03	-8.82723874577811E-02
 1.97531166994952E+03	-2.51282669729516E-01
 1.97531440784955E+03	-3.48782546064898E-01
 1.97531714574958E+03	-3.77570629893168E-01
 1.97531988364961E+03	-3.43085593030749E-01
 1.97532262154964E+03	-2.56169274879469E-01
 1.97532535944967E+03	-1.37688671299841E-01
 1.97532809734970E+03	-1.94964984969523E-02
 1.97533083524973E+03	 6.73121027399569E-02
 1.97533357314976E+03	 1.09598890652693E-01
 1.97533631104979E+03	 1.16449402861741E-01
 1.97533904894982E+03	 1.03696725384640E-01
 1.97534178684985E+03	 7.52728082246165E-02
 1.97534452474988E+03	 2.28852391153572E-02
 1.97534726264992E+03	-5.63796691008926E-02
 1.97535000054995E+03	-1.46163901966684E-01
 1.97535273844998E+03	-2.16487498246233E-01
 1.97535547635001E+03	-2.41385868571724E-01
 1.97535821425004E+03	-2.09758687787241E-01
 1.97536095215007E+03	-1.22535948222333E-01
 1.97536369005010E+03	 1.32974274950284E-02
 1.97536642795013E+03	 1.81674059036008E-01
 1.97536916585016E+03	 3.48524225266649E-01
 1.97537190375019E+03	 4.63105562793658E-01
 1.97537464165022E+03	 4.78836738701049E-01
 1.97537737955025E+03	 3.81301003547854E-01
 1.97538011745028E+03	 1.99494707688873E-01
 1.97538285535032E+03	-1.01510616289078E-02
 1.97538559325035E+03	-1.93182809664272E-01
 1.97538833115038E+03	-3.17141933524382E-01
 1.97539106905041E+03	-3.72248922765375E-01
 1.97539380695044E+03	-3.61135769425805E-01
 1.97539654485047E+03	-2.92159396478926E-01
 1.97539928275050E+03	-1.81956195106558E-01
 1.97540202065053E+03	-5.92171627677917E-02
 1.97540475855056E+03	 4.22137734666973E-02
 1.97540749645059E+03	 1.00451959422214E-01
 1.97541023435062E+03	 1.16672410656522E-01
 1.97541297225065E+03	 1.06576056894646E-01
 1.97541571015068E+03	 8.05206426768584E-02
 1.97541844805072E+03	 3.49300121134398E-02
 1.97542118595075E+03	-3.57927429761901E-02
 1.97542392385078E+03	-1.22370095441610E-01
 1.97542666175081E+03	-1.99038470992158E-01
 1.97542939965084E+03	-2.38115480487742E-01
 1.97543213755087E+03	-2.24098569036191E-01
 1.97543487545090E+03	-1.54933791747752E-01
 1.97543761335093E+03	-3.56082549027929E-02
 1.97544035125096E+03	 1.22492633904355E-01
 1.97544308915099E+03	 2.93315766813128E-01
 1.97544582705102E+03	 4.31791425566722E-01
 1.97544856495105E+03	 4.87381852221394E-01
 1.97545130285108E+03	 4.31481898207657E-01
 1.97545404075111E+03	 2.76920650484547E-01
 1.97545677865115E+03	 7.20253409888254E-02
 1.97545951655118E+03	-1.25647316377805E-01
 1.97546225445121E+03	-2.74426947763323E-01
 1.97546499235124E+03	-3.56439929497151E-01
 1.97546773025127E+03	-3.70268754085588E-01
 1.97547046815130E+03	-3.21950998403246E-01
 1.97547320605133E+03	-2.24393776387341E-01
 1.97547594395136E+03	-1.02089962015680E-01
 1.97547868185139E+03	 1.10156760867165E-02
 1.97548141975142E+03	 8.61056716687168E-02
 1.97548415765145E+03	 1.15133272411799E-01
 1.97548689555148E+03	 1.10220435212745E-01
 1.97548963345151E+03	 8.61040217733542E-02
 1.97549237135155E+03	 4.52654351976843E-02
 1.97549510925158E+03	-1.76670417836773E-02
 1.97549784715161E+03	-9.92520959057971E-02
 1.97550058505164E+03	-1.79250459423378E-01
 1.97550332295167E+03	-2.30181416906655E-01
 1.97550606085170E+03	-2.32700589266401E-01
 1.97550879875173E+03	-1.81255990824502E-01
 1.97551153665176E+03	-7.89992247954944E-02
 1.97551427455179E+03	 6.59293602453070E-02
 1.97551701245182E+03	 2.34538680413522E-01
 1.97551975035185E+03	 3.89195001075903E-01
 1.97552248825188E+03	 4.79612849840403E-01
 1.97552522615191E+03	 4.66466966834739E-01
 1.97552796405195E+03	 3.46119854010649E-01
 1.97553070195198E+03	 1.54986028186711E-01
 1.97553343985201E+03	-5.04412175209817E-02
 1.97553617775204E+03	-2.20971434837097E-01
 1.97553891565207E+03	-3.29713104453926E-01
 1.97554165355210E+03	-3.69667246129463E-01
 1.97554439145213E+03	-3.44198156460335E-01
 1.97554712935216E+03	-2.63063807487758E-01
 1.97554986725219E+03	-1.46239296580644E-01
 1.97555260515222E+03	-2.55579743951993E-02
 1.97555534305225E+03	 6.57051458581975E-02
 1.97555808095228E+03	 1.10262904011559E-01
 1.97556081885231E+03	 1.13744946355601E-01
 1.97556355675234E+03	 9.23658631618136E-02
 1.97556629465238E+03	 5.47255450992641E-02
 1.97556903255241E+03	-1.74669661570825E-03
 1.97557177045244E+03	-7.74229325989747E-02
 1.97557450835247E+03	-1.58056519839109E-01
 1.97557724625250E+03	-2.18250079288764E-01
 1.97557998415253E+03	-2.35888080204888E-01
 1.97558272205256E+03	-2.01613875708360E-01
 1.97558545995259E+03	-1.16509085099748E-01
 1.97558819785262E+03	 1.34466599625039E-02
 1.97559093575265E+03	 1.74880142266159E-01
 1.97559367365268E+03	 3.38185758179454E-01
 1.97559641155271E+03	 4.56846946249762E-01
 1.97559914945274E+03	 4.84978945956596E-01
 1.97560188735278E+03	 4.03791699732637E-01
 1.97560462525281E+03	 2.35113006365645E-01
 1.97560736315284E+03	 2.99953741227388E-02
 1.97561010105287E+03	-1.57658112235181E-01
 1.97561283895290E+03	-2.91915191198518E-01
 1.97561557685293E+03	-3.58690312773289E-01
 1.97561831475296E+03	-3.57797081488798E-01
 1.97562105265299E+03	-2.96218976390354E-01
 1.97562379055302E+03	-1.89630582028790E-01
 1.97562652845305E+03	-6.62084961713690E-02
 1.97562926635308E+03	 3.90086464816940E-02
 1.97563200425311E+03	 1.00652593575582E-01
 1.97563474215314E+03	 1.15896399273495E-01
 1.97563748005318E+03	 9.91747301005456E-02
 1.97564021795321E+03	 6.40119976547884E-02
 1.97564295585324E+03	 1.24576937327304E-02
 1.97564569375327E+03	-5.72219514779192E-02
 1.97564843165330E+03	-1.36329500645773E-01
 1.97565116955333E+03	-2.03092925194828E-01
 1.97565390745336E+03	-2.34083331314827E-01
 1.97565664535339E+03	-2.16209492901947E-01
 1.97565938325342E+03	-1.48030053819964E-01
 1.97566212115345E+03	-3.39712672099254E-02
 1.97566485905348E+03	 1.16631866939927E-01
 1.97566759695351E+03	 2.81777501352234E-01
 1.97567033485354E+03	 4.21213923882659E-01
 1.97567307275358E+03	 4.86796149330930E-01
 1.97567581065361E+03	 4.47283977058586E-01
 1.97567854855364E+03	 3.08706840740625E-01
 1.97568128645367E+03	 1.12629376920632E-01
 1.97568402435370E+03	-8.60003723958544E-02
 1.97568676225373E+03	-2.43273288385699E-01
 1.97568950015376E+03	-3.36895268706918E-01
 1.97569223805379E+03	-3.61866809362546E-01
 1.97569497595382E+03	-3.22361530267437E-01
 1.97569771385385E+03	-2.30239565271540E-01
 1.97570045175388E+03	-1.09209077558406E-01
 1.97570318965391E+03	 6.42589798734164E-03
 1.97570592755394E+03	 8.52645535410169E-02
 1.97570866545397E+03	 1.15241774232707E-01
 1.97571140335401E+03	 1.05928312479496E-01
 1.97571414125404E+03	 7.35530583829613E-02
 1.97571687915407E+03	 2.55545315361033E-02
 1.97571961705410E+03	-3.87050454088929E-02
 1.97572235495413E+03	-1.14804837369807E-01
 1.97572509285416E+03	-1.85545384397688E-01
 1.97572783075419E+03	-2.27816351263663E-01
 1.97573056865422E+03	-2.25319119808960E-01
 1.97573330655425E+03	-1.73632975836541E-01
 1.97573604445428E+03	-7.57605535918861E-02
 1.97573878235431E+03	 6.15946527859818E-02
 1.97574152025434E+03	 2.22874601979391E-01
 1.97574425815437E+03	 3.75420478500961E-01
 1.97574699605441E+03	 4.72737472667316E-01
 1.97574973395444E+03	 4.74823495386387E-01
 1.97575247185447E+03	 3.72286250233916E-01
 1.97575520975450E+03	 1.93998723028922E-01
 1.97575794765453E+03	-8.16877035168967E-03
 1.97576068555456E+03	-1.84503062195573E-01
 1.97576342345459E+03	-3.04092697729440E-01
 1.97576616135462E+03	-3.55733189527858E-01
 1.97576889925465E+03	-3.40261075755275E-01
 1.97577163715468E+03	-2.66186507265737E-01
 1.97577437505471E+03	-1.52580948781791E-01
 1.97577711295474E+03	-3.10259211219676E-02
 1.97577985085477E+03	 6.35872452386871E-02
 1.97578258875481E+03	 1.10383394820896E-01
 1.97578532665484E+03	 1.11631005105385E-01
 1.97578806455487E+03	 8.34049205412192E-02
 1.97579080245490E+03	 3.81359221751465E-02
 1.97579354035493E+03	-2.16780770279634E-02
 1.97579627825496E+03	-9.40172187316448E-02
 1.97579901615499E+03	-1.66447883286664E-01
 1.97580175405502E+03	-2.17722175905408E-01
 1.97580449195505E+03	-2.29293551023125E-01
 1.97580722985508E+03	-1.93504506702635E-01
 1.97580996775511E+03	-1.11692921021333E-01
 1.97581270565514E+03	 1.10510315784009E-02
 1.97581544355517E+03	 1.64063672604221E-01
 1.97581818145520E+03	 3.22477395014587E-01
 1.97582091935524E+03	 4.44544245912263E-01
 1.97582365725527E+03	 4.85661022225247E-01
 1.97582639515530E+03	 4.22886256330921E-01
 1.97582913305533E+03	 2.70446931195777E-01
 1.97583187095536E+03	 7.30550384402612E-02
 1.97583460885539E+03	-1.16898467808061E-01
 1.97583734675542E+03	-2.60429595450542E-01
 1.97584008465545E+03	-3.38932370622854E-01
 1.97584282255548E+03	-3.48945262394798E-01
 1.97584556045551E+03	-2.95824759240613E-01
 1.97584829835554E+03	-1.94270933925608E-01
 1.97585103625557E+03	-7.18341553946521E-02
 1.97585377415560E+03	 3.57170860231751E-02
 1.97585651205564E+03	 1.00168940071933E-01
 1.97585924995567E+03	 1.15034014787922E-01
 1.97586198785570E+03	 9.32119837646288E-02
 1.97586472575573E+03	 5.06429181074685E-02
 1.97586746365576E+03	-5.77055549901122E-03
 1.97587020155579E+03	-7.42636631776162E-02
 1.97587293945582E+03	-1.46577204837540E-01
 1.97587567735585E+03	-2.04520686870390E-01
 1.97587841525588E+03	-2.28566339422004E-01
 1.97588115315591E+03	-2.07907209111192E-01
 1.97588389105594E+03	-1.41783140080120E-01
 1.97588662895597E+03	-3.42033776456601E-02
 1.97588936685600E+03	 1.07469369298188E-01
 1.97589210475604E+03	 2.65424343957796E-01
 1.97589484265607E+03	 4.04676581865890E-01
 1.97589758055610E+03	 4.80112698628656E-01
 1.97590031845613E+03	 4.58318001498924E-01
 1.97590305635616E+03	 3.38405256040637E-01
 1.97590579425619E+03	 1.54404099640921E-01
 1.97590853215622E+03	-4.23787880023714E-02
 1.97591127005625E+03	-2.06486526005443E-01
 1.97591400795628E+03	-3.11243170993584E-01
 1.97591674585631E+03	-3.47681645417005E-01
 1.97591948375634E+03	-3.17783935767650E-01
 1.97592222165637E+03	-2.32306133748495E-01
 1.97592495955640E+03	-1.14147548305631E-01
 1.97592769745643E+03	 2.36046479780989E-03
 1.97593043535647E+03	 8.38663590619467E-02
 1.97593317325650E+03	 1.14816783291144E-01
 1.97593591115653E+03	 1.02233542054145E-01
 1.97593864905656E+03	 6.32533819071183E-02
 1.97594138695659E+03	 9.46063985416998E-03
 1.97594412485662E+03	-5.56016509413161E-02
 1.97594686275665E+03	-1.26579633672220E-01
 1.97594960065668E+03	-1.88977536312977E-01
 1.97595233855671E+03	-2.23660003770542E-01
 1.97595507645674E+03	-2.17162019890226E-01
 1.97595781435677E+03	-1.66205010576764E-01
 1.97596055225680E+03	-7.37861274322002E-02
 1.97596329015683E+03	 5.46821118057796E-02
 1.97596602805687E+03	 2.07084678303781E-01
 1.97596876595690E+03	 3.56052398080485E-01
 1.97597150385693E+03	 4.59493878579584E-01
 1.97597424175696E+03	 4.77357231207800E-01
 1.97597697965699E+03	 3.94690602097731E-01
 1.97597971755702E+03	 2.32326783870451E-01
 1.97598245545705E+03	 3.65271186681430E-02
 1.97598519335708E+03	-1.43368088475596E-01
 1.97598793125711E+03	-2.72748687671790E-01
 1.97599066915714E+03	-3.35968487050372E-01
 1.97599340705717E+03	-3.30977187151336E-01
 1.97599614495720E+03	-2.64909516360482E-01
 1.97599888285723E+03	-1.55950909402161E-01
 1.97600162075727E+03	-3.52375518880145E-02
 1.97600435865730E+03	 6.12804155075939E-02
 1.97600709655733E+03	 1.09782434530368E-01
 1.97600983445736E+03	 1.09433803749999E-01
 1.97601257235739E+03	 7.58115445181167E-02
 1.97601531025742E+03	 2.44134776477163E-02
 1.97601804815744E+03	-3.78851545180832E-02
 1.97602078605748E+03	-1.06918294137818E-01
 1.97602352395751E+03	-1.71849791993427E-01
 1.97602626185754E+03	-2.15181499831367E-01
 1.97602899975757E+03	-2.21647322006655E-01
 1.97603173765760E+03	-1.85227004544861E-01
 1.97603447555763E+03	-1.07631526186768E-01
 1.97603721345767E+03	 6.75459666971756E-03
 1.97603995135770E+03	 1.49875701722906E-01
 1.97604268925773E+03	 3.01763356659921E-01
 1.97604542715776E+03	 4.25955616488340E-01
 1.97604816505779E+03	 4.79837286964663E-01
 1.97605090295782E+03	 4.36783069165583E-01
 1.97605364085785E+03	 3.03245108316752E-01
 1.97605637875788E+03	 1.16771275795338E-01
 1.97605911665791E+03	-7.27632354575974E-02
 1.97606185455794E+03	-2.23918106292266E-01
 1.97606459245797E+03	-3.13547560133716E-01
 1.97606733035800E+03	-3.34588271785042E-01
 1.97607006825803E+03	-2.90570224300831E-01
 1.97607280615806E+03	-1.95231472017670E-01
 1.97607554405810E+03	-7.54209877386003E-02
 1.97607828195813E+03	 3.27976843495748E-02
 1.97608101985816E+03	 9.90384121165142E-02
 1.97608375775819E+03	 1.13622096047610E-01
 1.97608649565822E+03	 8.78120036094987E-02
 1.97608923355825E+03	 3.93281174183296E-02
 1.97609197145828E+03	-2.08347393155727E-02
 1.97609470935831E+03	-8.78455349075204E-02
 1.97609744725834E+03	-1.53824254931897E-01
 1.97610018515837E+03	-2.03801566840223E-01
 1.97610292305840E+03	-2.21805609455088E-01
 1.97610566095843E+03	-1.99172314985549E-01
 1.97610839885846E+03	-1.35890951572704E-01
 1.97611113675850E+03	-3.57452132851060E-02
 1.97611387465853E+03	 9.56897954591120E-02
 1.97611661255856E+03	 2.44802814201990E-01
 1.97611935045859E+03	 3.82246580864951E-01
 1.97612208835862E+03	 4.66634966972970E-01
 1.97612482625865E+03	 4.63047978495163E-01
 1.97612756415868E+03	 3.63843355238465E-01
 1.97613030205871E+03	 1.94952628020682E-01
 1.97613303995874E+03	 3.04625407522067E-03
 1.97613577785877E+03	-1.65691836091196E-01
 1.97613851575880E+03	-2.80444282312761E-01
 1.97614125365883E+03	-3.28056190343759E-01
 1.97614399155886E+03	-3.08072360126790E-01
 1.97614672945890E+03	-2.30116300908293E-01
 1.97614946735893E+03	-1.16283579978638E-01
 1.97615220525896E+03	-6.41520463176629E-04
 1.97615494315899E+03	 8.21366419062579E-02
 1.97615768105902E+03	 1.13622217187467E-01
 1.97616041895905E+03	 9.84422888494300E-02
 1.97616315685908E+03	 5.41985057528387E-02
 1.97616589475911E+03	-4.13157872052134E-03
 1.97616863265914E+03	-6.94073777513721E-02
 1.97617137055917E+03	-1.35459151268225E-01
 1.97617410845920E+03	-1.90217104333285E-01
 1.97617684635923E+03	-2.18147927748338E-01
 1.97617958425926E+03	-2.08401766464754E-01
 1.97618232215929E+03	-1.58845761856776E-01
 1.97618506005933E+03	-7.26430711098040E-02
 1.97618779795936E+03	 4.58504081891989E-02
 1.97619053585939E+03	 1.87836612936089E-01
 1.97619327375942E+03	 3.31432111440150E-01
 1.97619601165945E+03	 4.39551858530484E-01
 1.97619874955948E+03	 4.72873504296905E-01
 1.97620148745951E+03	 4.11353010481187E-01
 1.97620422535954E+03	 2.67547422377407E-01
 1.97620696325957E+03	 8.12447089415084E-02
 1.97620970115960E+03	-9.95484152981959E-02
 1.97621243905963E+03	-2.37031404847212E-01
 1.97621517695966E+03	-3.11072882472299E-01
 1.97621791485969E+03	-3.16493947455850E-01
 1.97622065275973E+03	-2.58968653996557E-01
 1.97622339065976E+03	-1.55836498036919E-01
 1.97622612855979E+03	-3.76346581339118E-02
 1.97622886645982E+03	 5.91547704284043E-02
 1.97623160435985E+03	 1.08445531160593E-01
 1.97623434225988E+03	 1.06678683532473E-01
 1.97623708015991E+03	 6.87239689083217E-02
 1.97623981805994E+03	 1.24795388497280E-02
 1.97624255595997E+03	-5.14816091857681E-02
 1.97624529386000E+03	-1.17140471666757E-01
 1.97624803176003E+03	-1.75100494747250E-01
 1.97625076966006E+03	-2.11247869009318E-01
 1.97625350756009E+03	-2.13313056136934E-01
 1.97625624546013E+03	-1.76842914097660E-01
 1.97625898336016E+03	-1.04050261445522E-01
 1.97626172126019E+03	 1.13607129644350E-03
 1.97626445916022E+03	 1.33039112366636E-01
 1.97626719706025E+03	 2.76606191871955E-01
 1.97626993496028E+03	 4.01107534697701E-01
 1.97627267286031E+03	 4.66705724341795E-01
 1.97627541076034E+03	 4.43798365803352E-01
 1.97627814866037E+03	 3.31181516335866E-01
 1.97628088656040E+03	 1.58614864124959E-01
 1.97628362446043E+03	-2.75311356487567E-02
 1.97628636236046E+03	-1.84103910308230E-01
 1.97628910026049E+03	-2.83603569623293E-01
 1.97629183816053E+03	-3.15192236771603E-01
 1.97629457606056E+03	-2.80440947605809E-01
 1.97629731396059E+03	-1.92159889540443E-01
 1.97630005186062E+03	-7.64535442516318E-02
 1.97630278976065E+03	 3.07099308330290E-02
 1.97630552766068E+03	 9.74422632267873E-02
 1.97630826556071E+03	 1.11421366412713E-01
 1.97631100346074E+03	 8.23103487799437E-02
 1.97631374136077E+03	 2.90954585958468E-02
 1.97631647926080E+03	-3.38450408076089E-02
 1.97631921716083E+03	-9.90624646532287E-02
 1.97632195506086E+03	-1.59043748835457E-01
 1.97632469296089E+03	-2.01720392186493E-01
 1.97632743086092E+03	-2.14346944348270E-01
 1.97633016876096E+03	-1.90256719155244E-01
 1.97633290666099E+03	-1.30257751496437E-01
 1.97633564456102E+03	-3.81429717318537E-02
 1.97633838246105E+03	 8.20058263549454E-02
 1.97634112036108E+03	 2.20630829441854E-01
 1.97634385826111E+03	 3.54272225062343E-01
 1.97634659616114E+03	 4.45976408578889E-01
 1.97634933406117E+03	 4.60170776375396E-01
 1.97635207196120E+03	 3.82913857668313E-01
 1.97635480986123E+03	 2.31737948124199E-01
 1.97635754776126E+03	 4.77837153680351E-02
 1.97636028566129E+03	-1.22946518213427E-01
 1.97636302356132E+03	-2.45931115669636E-01
 1.97636576146136E+03	-3.03791840385433E-01
 1.97636849936139E+03	-2.93490962287116E-01
 1.97637123726142E+03	-2.23521345337149E-01
 1.97637397516145E+03	-1.15202694483366E-01
 1.97637671306148E+03	-2.09273283732993E-03
 1.97637945096151E+03	 8.04095052181750E-02
 1.97638218886154E+03	 1.11648620377506E-01
 1.97638492676157E+03	 9.41222581838290E-02
 1.97638766466160E+03	 4.55847352287949E-02
 1.97639040256163E+03	-1.62599270505237E-02
 1.97639314046166E+03	-8.12379805344402E-02
 1.97639587836169E+03	-1.42507679516544E-01
 1.97639861626172E+03	-1.90185276515063E-01
 1.97640135416176E+03	-2.11990663247566E-01
 1.97640409206179E+03	-1.99473908101541E-01
 1.97640682996182E+03	-1.51647763803457E-01
 1.97640956786185E+03	-7.20360769156378E-02
 1.97641230576188E+03	 3.57423084074850E-02
 1.97641504366191E+03	 1.65931146261836E-01
 1.97641778156194E+03	 3.02173540779175E-01
 1.97642051946197E+03	 4.12933120001143E-01
 1.97642325736200E+03	 4.60508108199509E-01
 1.97642599526203E+03	 4.20496364300637E-01
 1.97642873316206E+03	 2.97244428930896E-01
 1.97643147106209E+03	 1.23387235598098E-01
 1.97643420896212E+03	-5.53725918263705E-02
 1.97643694686215E+03	-1.98717049270334E-01
 1.97643968476219E+03	-2.82188492817407E-01
 1.97644242266222E+03	-2.97374378648233E-01
 1.97644516056225E+03	-2.48453074567184E-01
 1.97644789846228E+03	-1.51975602359790E-01
 1.97645063636231E+03	-3.77648026088658E-02
 1.97645337426234E+03	 5.76418851642114E-02
 1.97645611216237E+03	 1.06566935757805E-01
 1.97645885006240E+03	 1.03179661714154E-01
 1.97646158796243E+03	 6.15555182153933E-02
 1.97646432586246E+03	 1.43443886845123E-03
 1.97646706376249E+03	-6.35391984391389E-02
 1.97646980166252E+03	-1.25786508698116E-01
 1.97647253956255E+03	-1.77219586492862E-01
 1.97647527746259E+03	-2.06770808914864E-01
 1.97647801536262E+03	-2.04894515432612E-01
 1.97648075326265E+03	-1.68631482861717E-01
 1.97648349116268E+03	-1.00833216452744E-01
 1.97648622906271E+03	-5.28157621275525E-03
 1.97648896696274E+03	 1.14364599242641E-01
 1.97649170486277E+03	 2.47813593606853E-01
 1.97649444276280E+03	 3.70394017951721E-01
 1.97649718066283E+03	 4.45868120387733E-01
 1.97649991856286E+03	 4.42576546847715E-01
 1.97650265646289E+03	 3.52088670285697E-01
 1.97650539436292E+03	 1.96006628241513E-01
 1.97650813226295E+03	 1.62850634628738E-02
 1.97651087016299E+03	-1.43064502305951E-01
 1.97651360806302E+03	-2.50574491612164E-01
 1.97651634596305E+03	-2.91629551153380E-01
 1.97651908386308E+03	-2.65788776302623E-01
 1.97652182176311E+03	-1.84988820637216E-01
 1.97652455966314E+03	-7.45735424819050E-02
 1.97652729756317E+03	 2.99203128520159E-02
 1.97653003546320E+03	 9.57347962397933E-02
 1.97653277336323E+03	 1.08484681740850E-01
 1.97653551126326E+03	 7.63682666655822E-02
 1.97653824916329E+03	 1.92405425456621E-02
 1.97654098706332E+03	-4.57637093989196E-02
 1.97654372496335E+03	-1.08996307701233E-01
 1.97654646286338E+03	-1.63307148884200E-01
 1.97654920076342E+03	-1.99231729739035E-01
 1.97655193866345E+03	-2.06938719353951E-01
 1.97655467656348E+03	-1.81614674910335E-01
 1.97655741446351E+03	-1.24954955186299E-01
 1.97656015236354E+03	-4.10305536842280E-02
 1.97656289026357E+03	 6.71709189098629E-02
 1.97656562816360E+03	 1.93829295176704E-01
 1.97656836606363E+03	 3.21459175271463E-01
 1.97657110396366E+03	 4.18198570516307E-01
 1.97657384186369E+03	 4.48815453558825E-01
 1.97657657976372E+03	 3.93814756112724E-01
 1.97657931766375E+03	 2.62330525455084E-01
 1.97658205556378E+03	 8.92451536718721E-02
 1.97658479346382E+03	-8.05638433962977E-02
 1.97658753136385E+03	-2.09483601468722E-01
 1.97659026926388E+03	-2.76069208965263E-01
 1.97659300716391E+03	-2.74669029542685E-01
 1.97659574506394E+03	-2.12680626356143E-01
 1.97659848296397E+03	-1.10692756811284E-01
 1.97660122086400E+03	-1.55603577713388E-03
 1.97660395876403E+03	 7.91425553962416E-02
 1.97660669666406E+03	 1.09159571065421E-01
 1.97660943456409E+03	 8.91930057554820E-02
 1.97661217246412E+03	 3.69463644601934E-02
 1.97661491036415E+03	-2.77160197173618E-02
 1.97661764826418E+03	-9.20918176024935E-02
 1.97662038616422E+03	-1.48794956796633E-01
 1.97662312406425E+03	-1.89900012526431E-01
 1.97662586196428E+03	-2.06049984762543E-01
 1.97662859986431E+03	-1.90986861363658E-01
 1.97663133776434E+03	-1.44865259414597E-01
 1.97663407566437E+03	-7.17784859794626E-02
 1.97663681356440E+03	 2.49975734000287E-02
 1.97663955146443E+03	 1.42320515449488E-01
 1.97664228936446E+03	 2.69214853971141E-01
 1.97664502726449E+03	 3.80120560174301E-01
 1.97664776516452E+03	 4.39904041987190E-01
 1.97665050306455E+03	 4.20779501701592E-01
 1.97665324096458E+03	 3.19268744741010E-01
 1.97665597886462E+03	 1.60415113485951E-01
 1.97665871676465E+03	-1.33012613790601E-02
 1.97666145466468E+03	-1.59845216478839E-01
 1.97666419256471E+03	-2.50788985550618E-01
 1.97666693046474E+03	-2.74529006494792E-01
 1.97666966836477E+03	-2.33769619982268E-01
 1.97667240626480E+03	-1.44344108753544E-01
 1.97667514416483E+03	-3.52810121787826E-02
 1.97667788206486E+03	 5.72382179640574E-02
 1.97668061996489E+03	 1.04575052072108E-01
 1.97668335786492E+03	 9.91034521257416E-02
 1.97668609576495E+03	 5.41047784415061E-02
 1.97668883366498E+03	-9.29122462676025E-03
 1.97669157156501E+03	-7.49112081990896E-02
 1.97669430946505E+03	-1.33866212912987E-01
 1.97669704736508E+03	-1.79240074653382E-01
 1.97669978526511E+03	-2.02687335754828E-01
 1.97670252316514E+03	-1.97125423781453E-01
 1.97670526106517E+03	-1.61014036025862E-01
 1.97670799896520E+03	-9.79808533259324E-02
 1.97671073686523E+03	-1.20143035367728E-02
 1.97671347476526E+03	 9.47595939658888E-02
 1.97671621266529E+03	 2.16466424166605E-01
 1.97671895056532E+03	 3.34652948539459E-01
 1.97672168846535E+03	 4.17474350547023E-01
 1.97672442636538E+03	 4.32302561900360E-01
 1.97672716426541E+03	 3.64216710316153E-01
 1.97672990216545E+03	 2.26588211532780E-01
 1.97673264006548E+03	 5.61857802677668E-02
 1.97673537796551E+03	-1.03031597863428E-01
 1.97673811586554E+03	-2.16195480571014E-01
 1.97674085376557E+03	-2.65083589630524E-01
 1.97674359166560E+03	-2.47277041027030E-01
 1.97674632956563E+03	-1.73912041434819E-01
 1.97674906746566E+03	-6.95771042159454E-02
 1.97675180536569E+03	 3.08977626622897E-02
 1.97675454326572E+03	 9.44499832728407E-02
 1.97675728116575E+03	 1.05194180629254E-01
 1.97676001906578E+03	 7.00537293067861E-02
 1.97676275696581E+03	 9.45345700780622E-03
 1.97676549486585E+03	-5.72431444595388E-02
 1.97676823276588E+03	-1.18537426120100E-01
 1.97677097066591E+03	-1.67609149707624E-01
 1.97677370856594E+03	-1.97303643939134E-01
 1.97677644646597E+03	-2.00404265682949E-01
 1.97677918436600E+03	-1.73809183685751E-01
 1.97678192226603E+03	-1.20163680387146E-01
 1.97678466016606E+03	-4.41051056607221E-02
 1.97678739806609E+03	 5.19833470280421E-02
 1.97679013596612E+03	 1.65529732453950E-01
 1.97679287386615E+03	 2.84912835333270E-01
 1.97679561176618E+03	 3.83915853366593E-01
 1.97679834966621E+03	 4.28722126077664E-01
 1.97680108756624E+03	 3.95291399890552E-01
 1.97680382546628E+03	 2.84683354272345E-01
 1.97680656336631E+03	 1.25014893211420E-01
 1.97680930126634E+03	-4.08793726154867E-02
 1.97681203916637E+03	-1.73048576752615E-01
 1.97681477706640E+03	-2.46322471020603E-01
 1.97681751496643E+03	-2.52523192285729E-01
 1.97682025286646E+03	-1.98022620745403E-01
 1.97682299076649E+03	-1.02734599470153E-01
 1.97682572866652E+03	 1.34728361539107E-03
 1.97682846656655E+03	 7.89082310217883E-02
 1.97683120446658E+03	 1.06703170808904E-01
 1.97683394236661E+03	 8.39755894003449E-02
 1.97683668026664E+03	 2.82521427859708E-02
 1.97683941816668E+03	-3.89061226562282E-02
 1.97684215606671E+03	-1.02682990538959E-01
 1.97684489396674E+03	-1.55221419326584E-01
 1.97684763186677E+03	-1.90311485044903E-01
 1.97685036976680E+03	-2.01197509564982E-01
 1.97685310766683E+03	-1.83612022328894E-01
 1.97685584556686E+03	-1.38841046039501E-01
 1.97685858346689E+03	-7.17570578411363E-02
 1.97686132136692E+03	 1.42572204129343E-02
 1.97686405926695E+03	 1.18100823907988E-01
 1.97686679716698E+03	 2.33829105140124E-01
 1.97686953506701E+03	 3.42119992414404E-01
 1.97687227296704E+03	 4.11346743415193E-01
 1.97687501086708E+03	 4.11507260502753E-01
 1.97687774876711E+03	 3.32001598441576E-01
 1.97688048666714E+03	 1.90125712199252E-01
 1.97688322456717E+03	 2.43321202227557E-02
 1.97688596246720E+03	-1.22505735846332E-01
 1.97688870036723E+03	-2.18522233619916E-01
 1.97689143826726E+03	-2.49111906440942E-01
 1.97689417616729E+03	-2.15584817339836E-01
 1.97689691406732E+03	-1.33135540153030E-01
 1.97689965196735E+03	-2.99488477683461E-02
 1.97690238986738E+03	 5.84857742139373E-02
 1.97690512776741E+03	 1.03121238127950E-01
 1.97690786566744E+03	 9.49875661181853E-02
 1.97691060356747E+03	 4.66178338329886E-02
 1.97691334146751E+03	-1.98272685604085E-02
 1.97691607936754E+03	-8.60857719414242E-02
 1.97691881726757E+03	-1.42130382660943E-01
 1.97692155516760E+03	-1.82042348627013E-01
 1.97692429306763E+03	-1.99871747392546E-01
 1.97692703096766E+03	-1.90746253465950E-01
 1.97692976886769E+03	-1.54465792125012E-01
 1.97693250676772E+03	-9.55618963754434E-02
 1.97693524466775E+03	-1.86076307474175E-02
 1.97693798256778E+03	 7.52117133907965E-02
 1.97694072046781E+03	 1.83902628938062E-01
 1.97694345836784E+03	 2.95185158282242E-01
 1.97694619626787E+03	 3.82307562429373E-01
 1.97694893416791E+03	 4.12867009162614E-01
 1.97695167206794E+03	 3.66468106743149E-01
 1.97695440996797E+03	 2.48495523645350E-01
 1.97695714786800E+03	 8.99576999385265E-02
 1.97695988576803E+03	-6.61515427785588E-02
 1.97696262366806E+03	-1.82275078352738E-01
 1.97696536156809E+03	-2.36916890130734E-01
 1.97696809946812E+03	-2.25800264142726E-01
 1.97697083736815E+03	-1.59348894332867E-01
 1.97697357526818E+03	-6.14155622134082E-02
 1.97697631316821E+03	 3.40891364411368E-02
 1.97697905106824E+03	 9.42721521613903E-02
 1.97698178896827E+03	 1.02249831288871E-01
 1.97698452686831E+03	 6.38676949499159E-02
 1.97698726476834E+03	-1.07197882185529E-04
 1.97699000266837E+03	-6.85073092323141E-02
 1.97699274056840E+03	-1.28235881494273E-01
 1.97699547846843E+03	-1.72707881020382E-01
 1.97699821636846E+03	-1.96764770529395E-01
 1.97700095426849E+03	-1.95509583851526E-01
 1.97700369216852E+03	-1.67410864074971E-01
 1.97700643006855E+03	-1.16113042773625E-01
 1.97700916796858E+03	-4.71085644241781E-02
 1.97701190586861E+03	 3.72674131886114E-02
 1.97701464376864E+03	 1.37038600016715E-01
 1.97701738166867E+03	 2.46118933851633E-01
 1.97702011956871E+03	 3.44328612687716E-01
 1.97702285746874E+03	 4.00352729093261E-01
 1.97702559536877E+03	 3.86827650508688E-01
 1.97702833326880E+03	 2.97382008605940E-01
 1.97703107116883E+03	 1.53122031463822E-01
 1.97703380906886E+03	-5.99491379297567E-03
 1.97703654696889E+03	-1.38526429076369E-01
 1.97703928486892E+03	-2.16080233053540E-01
 1.97704202276895E+03	-2.28152872176360E-01
 1.97704476066898E+03	-1.80190546603240E-01
 1.97704749856901E+03	-9.14916239367388E-02
 1.97705023646904E+03	 6.91375234142489E-03
 1.97705297436907E+03	 8.03522333353648E-02
 1.97705571226910E+03	 1.05075098285843E-01
 1.97705845016914E+03	 7.91835316658287E-02
 1.97706118806917E+03	 1.99406876282412E-02
 1.97706392596920E+03	-4.97672543016122E-02
 1.97706666386923E+03	-1.13318013859886E-01
 1.97706940176926E+03	-1.62372792636547E-01
 1.97707213966929E+03	-1.92153439890318E-01
 1.97707487756932E+03	-1.98178752141690E-01
 1.97707761546935E+03	-1.77973182787986E-01
 1.97708035336938E+03	-1.33932066247828E-01
 1.97708309126941E+03	-7.19018642540385E-02
 1.97708582916944E+03	 4.14864700190184E-03
 1.97708856706947E+03	 9.44650560325544E-02
 1.97709130496950E+03	 1.97573578229796E-01
 1.97709404286954E+03	 3.00443656658464E-01
 1.97709678076957E+03	 3.75815682703601E-01
 1.97709951866960E+03	 3.92766022529837E-01
 1.97710225656963E+03	 3.34564678381405E-01
 1.97710499446966E+03	 2.10907586450267E-01
 1.97710773236969E+03	 5.55805116670594E-02
 1.97711047026972E+03	-8.86077928877248E-02
 1.97711320816975E+03	-1.87027277459111E-01
 1.97711594606978E+03	-2.22391865433643E-01
 1.97711868396981E+03	-1.94749336164884E-01
 1.97712142186984E+03	-1.18735174824956E-01
 1.97712415976987E+03	-2.16635002299906E-02
 1.97712689766990E+03	 6.19249680649538E-02
 1.97712963556994E+03	 1.03023202338807E-01
 1.97713237346997E+03	 9.16990903230873E-02
 1.97713511137000E+03	 3.97842494638403E-02
 1.97713784927003E+03	-2.98193856736752E-02
 1.97714058717006E+03	-9.70952652729939E-02
 1.97714332507009E+03	-1.50947864601276E-01
 1.97714606297012E+03	-1.86217372326266E-01
 1.97714880087015E+03	-1.99002355355181E-01
 1.97715153877018E+03	-1.86388946188546E-01
 1.97715427667021E+03	-1.49431272561863E-01
 1.97715701457024E+03	-9.36708152520383E-02
 1.97715975247027E+03	-2.46427776872144E-02
 1.97716249037030E+03	 5.67388141682140E-02
 1.97716522827033E+03	 1.51644733845548E-01
 1.97716796617037E+03	 2.53694938753486E-01
 1.97717070407040E+03	 3.41776813382427E-01
 1.97717344197043E+03	 3.84938400050711E-01
 1.97717617987046E+03	 3.58553831331746E-01
 1.97717891777049E+03	 2.60578294777195E-01
 1.97718165567052E+03	 1.15920623463659E-01
 1.97718439357055E+03	-3.42483310378678E-02
 1.97718713147058E+03	-1.50494826755765E-01
 1.97718986937061E+03	-2.08520492574401E-01
 1.97719260727064E+03	-2.02386870428408E-01
 1.97719534517067E+03	-1.41899865253873E-01
 1.97719808307070E+03	-5.02005878748167E-02
 1.97720082097073E+03	 3.98734402933074E-02
 1.97720355887077E+03	 9.59668571938624E-02
 1.97720629677080E+03	 1.00601368804489E-01
 1.97720903467083E+03	 5.87025028171153E-02
 1.97721177257086E+03	-8.81140397442722E-03
 1.97721451047089E+03	-7.92994917286423E-02
 1.97721724837092E+03	-1.38208367849683E-01
 1.97721998627095E+03	-1.79007557331920E-01
 1.97722272417098E+03	-1.98180635751500E-01
 1.97722546207101E+03	-1.92849116370211E-01
 1.97722819997104E+03	-1.62907189328348E-01
 1.97723093787107E+03	-1.13026400267429E-01
 1.97723367577110E+03	-4.98221403336517E-02
 1.97723641367113E+03	 2.38279030912015E-02
 1.97723915157117E+03	 1.09753234542652E-01
 1.97724188947120E+03	 2.06850807680423E-01
 1.97724462737123E+03	 3.01161959508321E-01
 1.97724736527126E+03	 3.64897566367468E-01
 1.97725010317129E+03	 3.68737862421328E-01
 1.97725284107132E+03	 2.99814175567934E-01
 1.97725557897135E+03	 1.72258468360907E-01
 1.97725831687138E+03	 2.24506205978965E-02
 1.97726105477141E+03	-1.07562976480678E-01
 1.97726379267144E+03	-1.86798312260395E-01
 1.97726653057147E+03	-2.02722927656687E-01
 1.97726926847150E+03	-1.59978086603746E-01
 1.97727200637153E+03	-7.72988579546901E-02
 1.97727474427156E+03	 1.53198212259311E-02
 1.97727748217160E+03	 8.41196688600748E-02
 1.97728022007163E+03	 1.05230846533193E-01
 1.97728295797166E+03	 7.58480420279917E-02
 1.97728569587169E+03	 1.28821770312913E-02
 1.97728843377172E+03	-5.97567953031466E-02
 1.97729117167175E+03	-1.23838755123615E-01
 1.97729390957178E+03	-1.70429370755473E-01
 1.97729664747181E+03	-1.95836154438841E-01
 1.97729938537184E+03	-1.97506308047394E-01
 1.97730212327187E+03	-1.74554773112232E-01
 1.97730486117190E+03	-1.30447406347132E-01
 1.97730759907193E+03	-7.21684293904646E-02
 1.97731033697196E+03	-4.75000567348903E-03
 1.97731307487200E+03	 7.26173583492007E-02
 1.97731581277203E+03	 1.62175519062027E-01
 1.97731855067206E+03	 2.57004489107185E-01
 1.97732128857209E+03	 3.34928206138837E-01
 1.97732402647212E+03	 3.65446392609229E-01
 1.97732676437215E+03	 3.26927553068775E-01
 1.97732950227218E+03	 2.21914034873145E-01
 1.97733224017221E+03	 7.90893068972425E-02
 1.97733497807224E+03	-5.96762181771005E-02
 1.97733771597227E+03	-1.57758588827452E-01
 1.97734045387230E+03	-1.95619179162776E-01
 1.97734319177233E+03	-1.72214711973911E-01
 1.97734592967236E+03	-1.01690675355773E-01
 1.97734866757240E+03	-1.04743639175122E-02
 1.97735140547243E+03	 6.80237617969099E-02
 1.97735414337246E+03	 1.05165845134293E-01
 1.97735688127249E+03	 9.03333922430283E-02
 1.97735961917252E+03	 3.46607233112974E-02
 1.97736235707255E+03	-3.84615361677898E-02
 1.97736509497258E+03	-1.07499549237078E-01
 1.97736783287261E+03	-1.60247636222907E-01
 1.97737057077264E+03	-1.91982996475143E-01
 1.97737330867267E+03	-2.00468607091089E-01
 1.97737604657270E+03	-1.84490072595054E-01
 1.97737878447273E+03	-1.46258539670675E-01
 1.97738152237276E+03	-9.23991645110522E-02
 1.97738426027280E+03	-2.97593069562288E-02
 1.97738699817283E+03	 4.03099615874817E-02
 1.97738973607286E+03	 1.21276147693473E-01
 1.97739247397289E+03	 2.12152056492989E-01
 1.97739521187292E+03	 2.97806218805988E-01
 1.97739794977295E+03	 3.49917069019173E-01
 1.97740068767298E+03	 3.41031200900288E-01
 1.97740342557301E+03	 2.62515976297031E-01
 1.97740616347304E+03	 1.33095219138746E-01
 1.97740890137307E+03	-8.63802551235225E-03
 1.97741163927310E+03	-1.22235449599846E-01
 1.97741437717313E+03	-1.81171639811740E-01
 1.97741711507316E+03	-1.78100170383649E-01
 1.97741985297319E+03	-1.22298589707087E-01
 1.97742259087323E+03	-3.62117156064608E-02
 1.97742532877326E+03	 4.85008536383610E-02
 1.97742806667329E+03	 1.00279020714255E-01
 1.97743080457332E+03	 1.01328808600523E-01
 1.97743354247335E+03	 5.57332051208702E-02
 1.97743628037338E+03	-1.56310949398861E-02
 1.97743901827341E+03	-8.89078663952086E-02
 1.97744175617344E+03	-1.48117750237873E-01
 1.97744449407347E+03	-1.86504035151362E-01
 1.97744723197350E+03	-2.01780945009437E-01
 1.97744996987353E+03	-1.92769967956184E-01
 1.97745270777356E+03	-1.60638445957685E-01
 1.97745544567359E+03	-1.11085378470177E-01
 1.97745818357363E+03	-5.20755132622384E-02
 1.97746092147366E+03	 1.23836589365788E-02
 1.97746365937369E+03	 8.50398615028619E-02
 1.97746639727372E+03	 1.69012886227133E-01
 1.97746913517375E+03	 2.56512198216447E-01
 1.97747187307378E+03	 3.24166513294160E-01
 1.97747461097381E+03	 3.42133176246249E-01
 1.97747734887384E+03	 2.92218684584665E-01
 1.97748008677387E+03	 1.81894969369907E-01
 1.97748282467390E+03	 4.34346232284252E-02
 1.97748556257393E+03	-8.13896323899603E-02
 1.97748830047396E+03	-1.59717308709218E-01
 1.97749103837399E+03	-1.77354547659444E-01
 1.97749377627403E+03	-1.38264967445850E-01
 1.97749651417406E+03	-6.06518718272524E-02
 1.97749925207409E+03	 2.65761104730262E-02
 1.97750198997412E+03	 9.07587380103582E-02
 1.97750472787415E+03	 1.08157282060987E-01
 1.97750746577418E+03	 7.51848465637258E-02
 1.97751020367421E+03	 8.26848320961959E-03
 1.97751294157424E+03	-6.79198376032594E-02
 1.97751567947427E+03	-1.33642129509790E-01
 1.97751841737430E+03	-1.79145433322323E-01
 1.97752115527433E+03	-2.01399371655917E-01
 1.97752389317436E+03	-1.99401002430093E-01
 1.97752663107439E+03	-1.73645431934221E-01
 1.97752936897442E+03	-1.28609914529986E-01
 1.97753210687446E+03	-7.25354929549469E-02
 1.97753484477449E+03	-1.19606784225308E-02
 1.97753758267452E+03	 5.36617198065601E-02
 1.97754032057455E+03	 1.29370643785009E-01
 1.97754305847458E+03	 2.13934329144705E-01
 1.97754579637461E+03	 2.90778866378322E-01
 1.97754853427464E+03	 3.31141687825570E-01
 1.97755127217467E+03	 3.09885665025096E-01
 1.97755401007470E+03	 2.23117274461772E-01
 1.97755674797473E+03	 9.42046414842383E-02
 1.97755948587476E+03	-3.67182725129288E-02
 1.97756222377479E+03	-1.31854061796926E-01
 1.97756496167482E+03	-1.69914203375913E-01
 1.97756769957486E+03	-1.48957069407952E-01
 1.97757043747489E+03	-8.26832774915771E-02
 1.97757317537492E+03	 3.38764725928594E-03
 1.97757591327495E+03	 7.70938911190156E-02
 1.97757865117498E+03	 1.10373151062674E-01
 1.97758138907501E+03	 9.20656790155641E-02
 1.97758412697504E+03	 3.25315674691794E-02
 1.97758686487507E+03	-4.46019419875547E-02
 1.97758960277510E+03	-1.16446268990926E-01
 1.97759234067513E+03	-1.69535041558180E-01
 1.97759507857516E+03	-1.99166876227480E-01
 1.97759781647519E+03	-2.04334294374052E-01
 1.97760055437522E+03	-1.85247715745531E-01
 1.97760329227526E+03	-1.45164063645823E-01
 1.97760603017529E+03	-9.18259097927063E-02
 1.97760876807532E+03	-3.36903238491246E-02
 1.97761150597535E+03	 2.67507379776407E-02
 1.97761424387538E+03	 9.42865937464162E-02
 1.97761698177541E+03	 1.72597012859881E-01
 1.97761971967544E+03	 2.52636715358259E-01
 1.97762245757547E+03	 3.09774880910307E-01
 1.97762519547550E+03	 3.15212238788221E-01
 1.97762793337553E+03	 2.54804249428262E-01
 1.97763067127556E+03	 1.41255807203517E-01
 1.97763340917559E+03	 9.96586470605469E-03
 1.97763614707562E+03	-9.84664880459339E-02
 1.97763888497565E+03	-1.55929257548257E-01
 1.97764162287569E+03	-1.53956882153628E-01
 1.97764436077572E+03	-1.01368646515327E-01
 1.97764709867575E+03	-1.99044765060554E-02
 1.97764983657578E+03	 6.00265352327867E-02
 1.97765257447581E+03	 1.07813614851706E-01
 1.97765531237584E+03	 1.05488552860287E-01
 1.97765805027587E+03	 5.62570567141251E-02
 1.97766078817590E+03	-1.92792159276828E-02
 1.97766352607593E+03	-9.62644657261550E-02
 1.97766626397596E+03	-1.57227153910002E-01
 1.97766900187599E+03	-1.94800603819634E-01
 1.97767173977602E+03	-2.07448876397648E-01
 1.97767447767605E+03	-1.95347087019416E-01
 1.97767721557609E+03	-1.60771542952777E-01
 1.97767995347612E+03	-1.10418020723388E-01
 1.97768269137615E+03	-5.37689899240314E-02
 1.97768542927618E+03	 3.49212704790798E-03
 1.97768816717621E+03	 6.40950416109192E-02
 1.97769090507624E+03	 1.34447401247893E-01
 1.97769364297627E+03	 2.12627138783426E-01
 1.97769638087630E+03	 2.80383201227900E-01
 1.97769911877633E+03	 3.08767096696105E-01
 1.97770185667636E+03	 2.75603709594281E-01
 1.97770459457639E+03	 1.82271725008329E-01
 1.97770733247642E+03	 5.65967819592827E-02
 1.97771007037645E+03	-6.07455156097784E-02
 1.97771280827649E+03	-1.35775003753124E-01
 1.97771554617652E+03	-1.53046767404849E-01
 1.97771828407655E+03	-1.15964878570316E-01
 1.97772102197658E+03	-4.21975494829296E-02
 1.97772375987661E+03	 4.04814165666665E-02
 1.97772649777664E+03	 1.00617041322505E-01
 1.97772923567667E+03	 1.14722811723404E-01
 1.97773197357670E+03	 7.84224246246253E-02
 1.97773471147673E+03	 7.44866672933458E-03
 1.97773744937676E+03	-7.30225784185007E-02
 1.97774018727679E+03	-1.41771015340070E-01
 1.97774292517682E+03	-1.87899148872503E-01
 1.97774566307685E+03	-2.08530346253765E-01
 1.97774840097689E+03	-2.03789230965268E-01
 1.97775113887692E+03	-1.75325836721610E-01
 1.97775387677695E+03	-1.28547878724254E-01
 1.97775661467698E+03	-7.30186302450140E-02
 1.97775935257701E+03	-1.71622012438902E-02
 1.97776209047704E+03	 3.84850172786393E-02
 1.97776482837707E+03	 1.00723354917861E-01
 1.97776756627710E+03	 1.73358935948973E-01
 1.97777030417713E+03	 2.45704076658674E-01
 1.97777304207716E+03	 2.91942284052260E-01
 1.97777577997719E+03	 2.84914876073836E-01
 1.97777851787722E+03	 2.15234617691041E-01
 1.97778125577725E+03	 1.00963773542278E-01
 1.97778399367728E+03	-2.01875499822582E-02
 1.97778673157732E+03	-1.10074083097129E-01
 1.97778946947735E+03	-1.46200841456341E-01
 1.97779220737738E+03	-1.25923346087161E-01
 1.97779494527741E+03	-6.25053788589854E-02
 1.97779768317744E+03	 1.94842997784671E-02
 1.97780042107747E+03	 8.92073973152914E-02
 1.97780315897750E+03	 1.19270766117627E-01
 1.97780589687753E+03	 9.79779637474257E-02
 1.97780863477756E+03	 3.47278251184513E-02
 1.97781137267759E+03	-4.69045920661652E-02
 1.97781411057762E+03	-1.22795516703568E-01
 1.97781684847765E+03	-1.77975305356035E-01
 1.97781958637768E+03	-2.07254451396519E-01
 1.97782232427772E+03	-2.10359547582751E-01
 1.97782506217775E+03	-1.88627283983640E-01
 1.97782780007778E+03	-1.46233278304659E-01
 1.97783053797781E+03	-9.20280479204084E-02
 1.97783327587784E+03	-3.63038655379002E-02
 1.97783601377787E+03	 1.66498187985367E-02
 1.97783875167790E+03	 7.19145183445777E-02
 1.97784148957793E+03	 1.36925289690585E-01
 1.97784422747796E+03	 2.08578162999075E-01
 1.97784696537799E+03	 2.66813341596874E-01
 1.97784970327802E+03	 2.82964056163571E-01
 1.97785244117805E+03	 2.38619546560096E-01
 1.97785517907808E+03	 1.40862060177879E-01
 1.97785791697812E+03	 2.14399022933357E-02
 1.97786065487815E+03	-7.97205659696385E-02
 1.97786339277818E+03	-1.33588285947095E-01
 1.97786613067821E+03	-1.30879773094796E-01
 1.97786886857824E+03	-7.99940253333186E-02
 1.97787160647827E+03	-1.91855569220547E-03
 1.97787434437830E+03	 7.42493958842020E-02
 1.97787708227833E+03	 1.18917116959042E-01
 1.97787982017836E+03	 1.13948453635785E-01
 1.97788255807839E+03	 6.15060471045520E-02
 1.97788529597842E+03	-1.83914005929604E-02
 1.97788803387845E+03	-1.00098616057658E-01
 1.97789077177848E+03	-1.64514865296387E-01
 1.97789350967851E+03	-2.03185584268063E-01
 1.97789624757855E+03	-2.14768776277629E-01
 1.97789898547858E+03	-2.00409600979586E-01
 1.97790172337861E+03	-1.63313783146889E-01
 1.97790446127864E+03	-1.11112044058268E-01
 1.97790719917867E+03	-5.49044665158334E-02
 1.97790993707870E+03	-2.52190538341995E-03
 1.97791267497873E+03	 4.78150852155990E-02
 1.97791541287876E+03	 1.04739430584316E-01
 1.97791815077879E+03	 1.71661855526488E-01
 1.97792088867882E+03	 2.35923724830509E-01
 1.97792362657885E+03	 2.70795065793882E-01
 1.97792636447888E+03	 2.51557048859828E-01
 1.97792910237891E+03	 1.74272643474183E-01
 1.97793184027895E+03	 6.21745588489369E-02
 1.97793457817898E+03	-4.58932903384539E-02
 1.97793731607901E+03	-1.15589383395688E-01
 1.97794005397904E+03	-1.30643711109842E-01
 1.97794279187907E+03	-9.39960576957423E-02
 1.97794552977910E+03	-2.27292969800025E-02
 1.97794826767913E+03	 5.65831009901146E-02
 1.97795100557916E+03	 1.13745998660186E-01
 1.97795374347919E+03	 1.25528515515281E-01
 1.97795648137922E+03	 8.66176871097901E-02
 1.97795921927925E+03	 1.17361261114685E-02
 1.97796195717928E+03	-7.37279528281074E-02
 1.97796469507931E+03	-1.47056715659130E-01
 1.97796743297935E+03	-1.95798060339224E-01
 1.97797017087938E+03	-2.16636909740392E-01
 1.97797290877941E+03	-2.10350852240010E-01
 1.97797564667944E+03	-1.79498589428572E-01
 1.97797838457947E+03	-1.30315819865703E-01
 1.97798112247950E+03	-7.36965135680840E-02
 1.97798386037953E+03	-2.02432989141554E-02
 1.97798659827956E+03	 2.76544505654909E-02
 1.97798933617959E+03	 7.74603623524526E-02
 1.97799207407962E+03	 1.37171306569963E-01
 1.97799481197965E+03	 2.02018356527712E-01
 1.97799754987968E+03	 2.50170216258099E-01
 1.97800028777971E+03	 2.53938894664295E-01
 1.97800302567974E+03	 1.99550945934165E-01
 1.97800576357978E+03	 9.99788452195700E-02
 1.97800850147981E+03	-1.00449123423594E-02
 1.97801123937984E+03	-9.28192362447650E-02
 1.97801397727987E+03	-1.25195757167931E-01
 1.97801671517990E+03	-1.04009578728498E-01
 1.97801945307993E+03	-4.20489985729275E-02
 1.97802219097996E+03	 3.71490339128875E-02
 1.97802492887999E+03	 1.04125494844187E-01
 1.97802766678002E+03	 1.32159167923200E-01
 1.97803040468005E+03	 1.08886792113254E-01
 1.97803314258008E+03	 4.24326490492726E-02
 1.97803588048011E+03	-4.40393015618097E-02
 1.97803861838014E+03	-1.25284628588677E-01
 1.97804135628018E+03	-1.84523903337615E-01
 1.97804409418021E+03	-2.15485840862418E-01
 1.97804683208024E+03	-2.18069923820262E-01
 1.97804956998027E+03	-1.94408806071977E-01
 1.97805230788030E+03	-1.49452468145879E-01
 1.97805504578033E+03	-9.31076358032975E-02
 1.97805778368036E+03	-3.76430606389910E-02
 1.97806052158039E+03	 1.02821975865974E-02
 1.97806325948042E+03	 5.50130091249833E-02
 1.97806599738045E+03	 1.06688706645339E-01
 1.97806873528048E+03	 1.67758556724946E-01
 1.97807147318051E+03	 2.23389945976212E-01
 1.97807421108054E+03	 2.46447663896096E-01
 1.97807694898058E+03	 2.15599118260580E-01
 1.97807968688061E+03	 1.32895211455571E-01
 1.97808242478064E+03	 2.61444634905884E-02
 1.97808516268067E+03	-6.61492504350649E-02
 1.97808790058070E+03	-1.14696613151507E-01
 1.97809063848073E+03	-1.09690684520284E-01
 1.97809337638076E+03	-5.91077371543530E-02
 1.97809611428079E+03	 1.69149467321902E-02
 1.97809885218082E+03	 9.06643833392194E-02
 1.97810159008085E+03	 1.33576305120661E-01
 1.97810432798088E+03	 1.27235000669514E-01
 1.97810706588091E+03	 7.24596365557910E-02
 1.97810980378094E+03	-1.17219800382902E-02
 1.97811254168098E+03	-9.91177197312589E-02
 1.97811527958101E+03	-1.68825497619985E-01
 1.97811801748104E+03	-2.10750527348123E-01
 1.97812075538107E+03	-2.23114941015841E-01
 1.97812349328110E+03	-2.07605305812806E-01
 1.97812623118113E+03	-1.68157747377694E-01
 1.97812896908116E+03	-1.13247035912808E-01
 1.97813170698119E+03	-5.56185527463896E-02
 1.97813444488122E+03	-5.62183379012703E-03
 1.97813718278125E+03	 3.66942184258535E-02
 1.97813992068128E+03	 8.10527611075471E-02
 1.97814265858131E+03	 1.35453464132332E-01
 1.97814539648134E+03	 1.93050746365569E-01
 1.97814813438137E+03	 2.30500350742915E-01
 1.97815087228141E+03	 2.21996134741128E-01
 1.97815361018144E+03	 1.59221670627157E-01
 1.97815634808147E+03	 6.08547480932829E-02
 1.97815908598150E+03	-3.67137579275915E-02
 1.97816182388153E+03	-9.95068040937560E-02
 1.97816456178156E+03	-1.10848045563257E-01
 1.97816729968159E+03	-7.32767805494142E-02
 1.97817003758162E+03	-3.18653948196557E-03
 1.97817277548165E+03	 7.41496176649172E-02
 1.97817551338168E+03	 1.29826379446747E-01
 1.97817825128171E+03	 1.40780233331325E-01
 1.97818098918174E+03	 1.00484292806010E-01
 1.97818372708177E+03	 2.22152930786212E-02
 1.97818646498181E+03	-6.87852463572109E-02
 1.97818920288184E+03	-1.48285935205309E-01
 1.97819194078187E+03	-2.01815302125700E-01
 1.97819467868190E+03	-2.24953626795664E-01
 1.97819741658193E+03	-2.18599441452569E-01
 1.97820015448196E+03	-1.85946341513226E-01
 1.97820289238199E+03	-1.33934673500134E-01
 1.97820563028202E+03	-7.47422252979684E-02
 1.97820836818205E+03	-2.13425866493629E-02
 1.97821110608208E+03	 2.13448764809231E-02
 1.97821384398211E+03	 6.03434791636513E-02
 1.97821658188214E+03	 1.06840934396107E-01
 1.97821931978217E+03	 1.61770094301787E-01
 1.97822205768221E+03	 2.08107816822142E-01
 1.97822479558224E+03	 2.19063347345072E-01
 1.97822753348227E+03	 1.77685606092140E-01
 1.97823027138230E+03	 9.22525077662801E-02
 1.97823300928233E+03	-5.88940882672498E-03
 1.97823574718236E+03	-8.02106004501631E-02
 1.97823848508239E+03	-1.07445966977790E-01
 1.97824122298242E+03	-8.40689966237735E-02
 1.97824396088245E+03	-2.23037744073504E-02
 1.97824669878248E+03	 5.54750239930237E-02
 1.97824943668251E+03	 1.21249650247482E-01
 1.97825217458254E+03	 1.48913853337666E-01
 1.97825491248257E+03	 1.25193929712494E-01
 1.97825765038260E+03	 5.64990038740482E-02
 1.97826038828264E+03	-3.48725490284793E-02
 1.97826312618267E+03	-1.22705288147692E-01
 1.97826586408270E+03	-1.88076940921598E-01
 1.97826860198273E+03	-2.22976556063140E-01
 1.97827133988276E+03	-2.26850195892775E-01
 1.97827407778279E+03	-2.02257154675971E-01
 1.97827681568282E+03	-1.54758002200480E-01
 1.97827955358285E+03	-9.52251918028296E-02
 1.97828229148288E+03	-3.79563876987533E-02
 1.97828502938291E+03	 7.56062822427130E-03
 1.97828776728294E+03	 4.39583998624410E-02
 1.97829050518297E+03	 8.29440697676015E-02
 1.97829324308300E+03	 1.31912212953274E-01
 1.97829598098304E+03	 1.81663856411860E-01
 1.97829871888307E+03	 2.07850703166598E-01
 1.97830145678310E+03	 1.87590812905414E-01
 1.97830419468313E+03	 1.18646531924151E-01
 1.97830693258316E+03	 2.47616316457779E-02
 1.97830967048319E+03	-5.76337074385288E-02
 1.97831240838322E+03	-9.96181544490698E-02
 1.97831514628325E+03	-9.11352881315631E-02
 1.97831788418328E+03	-3.96940261625366E-02
 1.97832062208331E+03	 3.55716151152664E-02
 1.97832335998334E+03	 1.08436057171411E-01
 1.97832609788337E+03	 1.51347497473163E-01
 1.97832883578340E+03	 1.45411368698231E-01
 1.97833157368344E+03	 8.96809345858638E-02
 1.97833431158347E+03	 1.67164547660665E-03
 1.97833704948350E+03	-9.21882801422709E-02
 1.97833978738353E+03	-1.69030224537184E-01
 1.97834252528356E+03	-2.16522415110672E-01
 1.97834526318359E+03	-2.31756342214001E-01
 1.97834800108362E+03	-2.16480916746005E-01
 1.97835073898365E+03	-1.75139061101176E-01
 1.97835347688368E+03	-1.16932134475301E-01
 1.97835621478371E+03	-5.62080239404648E-02
 1.97835895268374E+03	-6.08957781051865E-03
 1.97836169058377E+03	 3.07651936056463E-02
 1.97836442848380E+03	 6.40190297790363E-02
 1.97836716638383E+03	 1.05348799039829E-01
 1.97836990428387E+03	 1.53688025150104E-01
 1.97837264218390E+03	 1.90039258767101E-01
 1.97837538008393E+03	 1.88913743457827E-01
 1.97837811798396E+03	 1.38654630827980E-01
 1.97838085588399E+03	 5.35875653025435E-02
 1.97838359378402E+03	-3.28426411155571E-02
 1.97838633168405E+03	-8.76894551576780E-02
 1.97838906958408E+03	-9.42643590852238E-02
 1.97839180748411E+03	-5.47362384172781E-02
 1.97839454538414E+03	 1.53479419502436E-02
 1.97839728328417E+03	 9.21622792017553E-02
 1.97840002118420E+03	 1.48125516924355E-01
 1.97840275908423E+03	 1.60196977810163E-01
 1.97840549698427E+03	 1.20253539302327E-01
 1.97840823488430E+03	 3.95711373250315E-02
 1.97841097278433E+03	-5.72085060263462E-02
 1.97841371068436E+03	-1.44366173957605E-01
 1.97841644858439E+03	-2.04930099229249E-01
 1.97841918648442E+03	-2.32654843678061E-01
 1.97842192438445E+03	-2.27970098695213E-01
 1.97842466228448E+03	-1.94396423363852E-01
 1.97842740018451E+03	-1.39434223171025E-01
 1.97843013808454E+03	-7.64473565060958E-02
 1.97843287598457E+03	-2.08663565341016E-02
 1.97843561388460E+03	 1.93060288666442E-02
 1.97843835178463E+03	 4.95971886904689E-02
 1.97844108968467E+03	 8.32842785073231E-02
 1.97844382758470E+03	 1.26553548652976E-01
 1.97844656548473E+03	 1.67767404800873E-01
 1.97844930338476E+03	 1.82330120038686E-01
 1.97845204128479E+03	 1.51358929324791E-01
 1.97845477918482E+03	 7.89771087890294E-02
 1.97845751708485E+03	-7.11498776546637E-03
 1.97846025498488E+03	-7.21982498817351E-02
 1.97846299288491E+03	-9.33905583945292E-02
 1.97846573078494E+03	-6.69342551707852E-02
 1.97846846868497E+03	-4.35446117270522E-03
 1.97847120658500E+03	 7.33202861129497E-02
 1.97847394448503E+03	 1.39604084703268E-01
 1.97847668238507E+03	 1.68925153347918E-01
 1.97847942028510E+03	 1.46776681252262E-01
 1.97848215818513E+03	 7.72998364914300E-02
 1.97848489608516E+03	-1.86365930487807E-02
 1.97848763398519E+03	-1.14069008202255E-01
 1.97849037188522E+03	-1.87616638664598E-01
 1.97849310978525E+03	-2.28836451125663E-01
 1.97849584768528E+03	-2.36037327886503E-01
 1.97849858558531E+03	-2.11791293668762E-01
 1.97850132348534E+03	-1.62082602006667E-01
 1.97850406138537E+03	-9.86241900362957E-02
 1.97850679928540E+03	-3.77075255326684E-02
 1.97850953718543E+03	 8.02356568999742E-03
 1.97851227508546E+03	 3.86119575811184E-02
 1.97851501298550E+03	 6.61663480371558E-02
 1.97851775088553E+03	 1.02234400264940E-01
 1.97852048878556E+03	 1.43399466381661E-01
 1.97852322668559E+03	 1.69161815994363E-01
 1.97852596458562E+03	 1.56425455803620E-01
 1.97852870248565E+03	 9.95112349701057E-02
 1.97853144038568E+03	 1.81260784252634E-02
 1.97853417828571E+03	-5.39091012026958E-02
 1.97853691618574E+03	-8.86105368995610E-02
 1.97853965408577E+03	-7.59173707162265E-02
 1.97854239198580E+03	-2.27894380646223E-02
 1.97854512988583E+03	 5.28474742229070E-02
 1.97854786778586E+03	 1.26402636713729E-01
 1.97855060568590E+03	 1.71327034362888E-01
 1.97855334358593E+03	 1.68000205796985E-01
 1.97855608148596E+03	 1.13193397116597E-01
 1.97855881938599E+03	 2.22757969224046E-02
 1.97856155728602E+03	-7.84960305370959E-02
 1.97856429518605E+03	-1.64173715095456E-01
 1.97856703308608E+03	-2.19586303798143E-01
 1.97856977098611E+03	-2.39952790761018E-01
 1.97857250888614E+03	-2.26553701584544E-01
 1.97857524678617E+03	-1.84084741628460E-01
 1.97857798468620E+03	-1.22331112023569E-01
 1.97858072258623E+03	-5.71348549381985E-02
 1.97858346048626E+03	-4.52235778337531E-03
 1.97858619838630E+03	 2.95895964281681E-02
 1.97858893628633E+03	 5.36908538259917E-02
 1.97859167418636E+03	 8.21035131797666E-02
 1.97859441208639E+03	 1.19264270496854E-01
 1.97859714998642E+03	 1.51244914508674E-01
 1.97859988788645E+03	 1.54166476889855E-01
 1.97860262578648E+03	 1.14117389160051E-01
 1.97860536368651E+03	 4.14132103356839E-02
 1.97860810158654E+03	-3.38045859275195E-02
 1.97861083948657E+03	-8.02049584663986E-02
 1.97861357738660E+03	-8.14442619281296E-02
 1.97861631528663E+03	-3.93209385343126E-02
 1.97861905318666E+03	 3.16664761669541E-02
 1.97862179108669E+03	 1.09336651583531E-01
 1.97862452898673E+03	 1.67496292112193E-01
 1.97862726688676E+03	 1.82967538224062E-01
 1.97863000478679E+03	 1.45582260443044E-01
 1.97863274268682E+03	 6.39581698210634E-02
 1.97863548058685E+03	-3.84255236252374E-02
 1.97863821848688E+03	-1.34470179063948E-01
 1.97864095638691E+03	-2.04251950041445E-01
 1.97864369428694E+03	-2.38952582183018E-01
 1.97864643218697E+03	-2.37891715577459E-01
 1.97864917008700E+03	-2.04569317777590E-01
 1.97865190798703E+03	-1.46877860536264E-01
 1.97865464588706E+03	-7.92237796363681E-02
 1.97865738378709E+03	-1.94744117940477E-02
 1.97866012168713E+03	 2.08757306097055E-02
 1.97866285958716E+03	 4.48972099034268E-02
 1.97866559748719E+03	 6.68073453188502E-02
 1.97866833538722E+03	 9.73963973972241E-02
 1.97867107328725E+03	 1.30731409306580E-01
 1.97867381118728E+03	 1.45530614155955E-01
 1.97867654908731E+03	 1.22203420238242E-01
 1.97867928698734E+03	 6.13648946968242E-02
 1.97868202488737E+03	-1.30473475872832E-02
 1.97868476278740E+03	-6.86576334230116E-02
 1.97868750068743E+03	-8.34137702519515E-02
 1.97869023858746E+03	-5.34292257210705E-02
 1.97869297648749E+03	 1.06394772644817E-02
 1.97869571438753E+03	 8.93423342439750E-02
 1.97869845228756E+03	 1.57860098537509E-01
 1.97870119018759E+03	 1.91088411836481E-01
 1.97870392808762E+03	 1.72930287857353E-01
 1.97870666598765E+03	 1.04625023356992E-01
 1.97870940388768E+03	 4.93872765323463E-03
 1.97871214178771E+03	-9.87446072198473E-02
 1.97871487968774E+03	-1.82334674832669E-01
 1.97871761758777E+03	-2.32268282505084E-01
 1.97872035548780E+03	-2.44992348871201E-01
 1.97872309338783E+03	-2.22631310741152E-01
 1.97872583128786E+03	-1.71378383590350E-01
 1.97872856918789E+03	-1.03629842564920E-01
 1.97873130708792E+03	-3.75532052468405E-02
 1.97873404498796E+03	 1.08661210854116E-02
 1.97873678288799E+03	 3.83385242816305E-02
 1.97873952078802E+03	 5.62316377677022E-02
 1.97874225868805E+03	 7.93132764387357E-02
 1.97874499658808E+03	 1.09847256750250E-01
 1.97874773448811E+03	 1.32015410359858E-01
 1.97875047238814E+03	 1.23748564498025E-01
 1.97875321028817E+03	 7.68295469141620E-02
 1.97875594818820E+03	 7.09189964398321E-03
 1.97875868608823E+03	-5.46622175078371E-02
 1.97876142398826E+03	-8.18822566740715E-02
 1.97876416188829E+03	-6.47145777998869E-02
 1.97876689978832E+03	-9.46188336854371E-03
 1.97876963768836E+03	 6.74033900299972E-02
 1.97877237558839E+03	 1.43121967540198E-01
 1.97877511348842E+03	 1.92173413098174E-01
 1.97877785138845E+03	 1.93962338590628E-01
 1.97878058928848E+03	 1.42410584229803E-01
 1.97878332718851E+03	 5.00119951419258E-02
 1.97878606508854E+03	-5.76712846054839E-02
 1.97878880298857E+03	-1.53593688432742E-01
 1.97879154088860E+03	-2.19183550760383E-01
 1.97879427878863E+03	-2.47026089329909E-01
 1.97879701668866E+03	-2.37356283566094E-01
 1.97879975458869E+03	-1.94833286182675E-01
 1.97880249248872E+03	-1.29657680747735E-01
 1.97880523038876E+03	-5.89977498974274E-02
 1.97880796828879E+03	-1.78814999754890E-03
 1.97881070618882E+03	 3.23011594912873E-02
 1.97881344408885E+03	 4.95607587855165E-02
 1.97881618198888E+03	 6.58568991699564E-02
 1.97881891988891E+03	 9.06367298098885E-02
 1.97882165778893E+03	 1.15508215543141E-01
 1.97882439568897E+03	 1.19332940729831E-01
 1.97882713358900E+03	 8.70238820744749E-02
 1.97882987148903E+03	 2.53381714282491E-02
 1.97883260938906E+03	-3.91067475761459E-02
 1.97883534728909E+03	-7.70832753119343E-02
 1.97883808518912E+03	-7.29035820733571E-02
 1.97884082308916E+03	-2.79733588907036E-02
 1.97884356098919E+03	 4.44879870494174E-02
 1.97884629888922E+03	 1.24186353440917E-01
 1.97884903678925E+03	 1.86428508215254E-01
 1.97885177468928E+03	 2.07765774772371E-01
 1.97885451258931E+03	 1.75519115704122E-01
 1.97885725048934E+03	 9.49210601571144E-02
 1.97885998838937E+03	-1.23853008705267E-02
 1.97886272628940E+03	-1.18147903729239E-01
 1.97886546418943E+03	-1.99117134889791E-01
 1.97886820208946E+03	-2.43167049682256E-01
 1.97887093998949E+03	-2.47829654067380E-01
 1.97887367788952E+03	-2.16195231525043E-01
 1.97887641578955E+03	-1.56353801713478E-01
 1.97887915368959E+03	-8.35695879785361E-02
 1.97888189158962E+03	-1.80249627827072E-02
 1.97888462948965E+03	 2.50429860961379E-02
 1.97888736738968E+03	 4.54203856245827E-02
 1.97889010528971E+03	 5.71203184808952E-02
 1.97889284318974E+03	 7.47260263689362E-02
 1.97889558108977E+03	 9.80722512761059E-02
 1.97889831898980E+03	 1.10094714383173E-01
 1.97890105688983E+03	 9.16435177260669E-02
 1.97890379478986E+03	 4.05384565276544E-02
 1.97890653268989E+03	-2.30289900344118E-02
 1.97890927058992E+03	-6.94421206404859E-02
 1.97891200848995E+03	-7.78606384077687E-02
 1.97891474638999E+03	-4.43463512712005E-02
 1.97891748429002E+03	 2.15007207408766E-02
 1.97892022219005E+03	 1.02076223841013E-01
 1.97892296009008E+03	 1.74413179469533E-01
 1.97892569799011E+03	 2.13854667386839E-01
 1.97892843589014E+03	 2.02373051216728E-01
 1.97893117379017E+03	 1.37636368523541E-01
 1.97893391169020E+03	 3.55425842083416E-02
 1.97893664959023E+03	-7.65577450273875E-02
 1.97893938749026E+03	-1.71724732247483E-01
 1.97894212539029E+03	-2.32637569154953E-01
 1.97894486329032E+03	-2.53141720310591E-01
 1.97894760119035E+03	-2.34411848756490E-01
 1.97895033909039E+03	-1.82603819478733E-01
 1.97895307699042E+03	-1.10609796321308E-01
 1.97895581489045E+03	-3.82796467485257E-02
 1.97895855279048E+03	 1.50188112846711E-02
 1.97896129069051E+03	 4.20823448040763E-02
 1.97896402859054E+03	 5.24675608188577E-02
 1.97896676649057E+03	 6.31372753852294E-02
 1.97896950439060E+03	 8.17036605074297E-02
 1.97897224229063E+03	 9.76142549062034E-02
 1.97897498019066E+03	 9.09253092488182E-02
 1.97897771809069E+03	 5.17947451340051E-02
 1.97898045599072E+03	-7.54052487693936E-03
 1.97898319389075E+03	-5.95762906831786E-02
 1.97898593179078E+03	-7.96038715161569E-02
 1.97898866969082E+03	-5.81530050259025E-02
 1.97899140759085E+03	-7.49297335171425E-04
 1.97899414549088E+03	 7.78541998064119E-02
 1.97899688339091E+03	 1.56970370218300E-01
 1.97899962129094E+03	 2.12190791212540E-01
 1.97900235919097E+03	 2.21741409688960E-01
 1.97900509709100E+03	 1.76129726516265E-01
 1.97900783499103E+03	 8.41837994075566E-02
 1.97901057289106E+03	-2.98702521797793E-02
 1.97901331079109E+03	-1.37006034414907E-01
 1.97901604869112E+03	-2.14780345332363E-01
 1.97901878659115E+03	-2.52401154583601E-01
 1.97902152449118E+03	-2.48448203848773E-01
 1.97902426239122E+03	-2.07218050159536E-01
 1.97902700029125E+03	-1.39131478017145E-01
 1.97902973819128E+03	-6.24616951568285E-02
 1.97903247609131E+03	 1.06534258453238E-03
 1.97903521399134E+03	 3.77028250250364E-02
 1.97903795189137E+03	 5.06428410489810E-02
 1.97904068979140E+03	 5.61776588599828E-02
 1.97904342769143E+03	 6.80907476753652E-02
 1.97904616559146E+03	 8.37356465117039E-02
 1.97904890349149E+03	 8.56462708717813E-02
 1.97905164139152E+03	 5.85840771345767E-02
 1.97905437929155E+03	 6.27617356687801E-03
 1.97905711719158E+03	-4.82736357605266E-02
 1.97905985509162E+03	-7.83211705179879E-02
 1.97906259299165E+03	-6.90926638335976E-02
 1.97906533089168E+03	-2.15664328854601E-02
 1.97906806879171E+03	 5.25555395479723E-02
 1.97907080669174E+03	 1.35139419965406E-01
 1.97907354459177E+03	 2.03161461432024E-01
 1.97907628249180E+03	 2.32833696059483E-01
 1.97907902039183E+03	 2.08539406972986E-01
 1.97908175829186E+03	 1.31377410732578E-01
 1.97908449619189E+03	 2.03853335069756E-02
 1.97908723409192E+03	-9.53993591213438E-02
 1.97908997199195E+03	-1.89154022608346E-01
 1.97909270989198E+03	-2.44768209885890E-01
 1.97909544779201E+03	-2.57297255899597E-01
 1.97909818569205E+03	-2.28995495859318E-01
 1.97910092359208E+03	-1.67927520769677E-01
 1.97910366149211E+03	-8.99933054142855E-02
 1.97910639939214E+03	-1.74742022646039E-02
 1.97910913729217E+03	 3.05619737006253E-02
 1.97911187519220E+03	 4.99529604012017E-02
 1.97911461309223E+03	 5.34182555475080E-02
 1.97911735099226E+03	 5.84074708562999E-02
 1.97912008889229E+03	 7.03460014637976E-02
 1.97912282679232E+03	 7.70524199677984E-02
 1.97912556469235E+03	 6.08449540522777E-02
 1.97912830259238E+03	 1.74868848318539E-02
 1.97913104049241E+03	-3.64430187238199E-02
 1.97913377839245E+03	-7.43794565192200E-02
 1.97913651629248E+03	-7.70018938593314E-02
 1.97913925419251E+03	-4.03770591092438E-02
 1.97914199209254E+03	 2.71378020451173E-02
 1.97914472999257E+03	 1.10064167564276E-01
 1.97914746789260E+03	 1.87519922106734E-01
 1.97915020579263E+03	 2.35349323524134E-01
 1.97915294369266E+03	 2.33323198036944E-01
 1.97915568159269E+03	 1.74890873705928E-01
 1.97915841949272E+03	 7.22578683858616E-02
 1.97916115739275E+03	-4.78454099192733E-02
 1.97916389529278E+03	-1.55641101716715E-01
 1.97916663319281E+03	-2.29514269751415E-01
 1.97916937109285E+03	-2.59990562926644E-01
 1.97917210899288E+03	-2.46763855518792E-01
 1.97917484689291E+03	-1.95674623534309E-01
 1.97917758479294E+03	-1.19894945267446E-01
 1.97918032269297E+03	-4.06955023258327E-02
 1.97918306059300E+03	 1.92744563546132E-02
 1.97918579849303E+03	 4.84972883704367E-02
 1.97918853639306E+03	 5.37649329501154E-02
 1.97919127429309E+03	 5.31693334173499E-02
 1.97919401219312E+03	 5.91404554171210E-02
 1.97919675009315E+03	 6.67212191903827E-02
 1.97919948799318E+03	 5.90122569746751E-02
 1.97920222589321E+03	 2.54249115398446E-02
 1.97920496379325E+03	-2.50372690025438E-02
 1.97920770169328E+03	-6.83193030451599E-02
 1.97921043959331E+03	-8.18671794363888E-02
 1.97921317749334E+03	-5.67338210766233E-02
 1.97921591539337E+03	 2.44822686198550E-03
 1.97921865329340E+03	 8.29073836499442E-02
 1.97922139119343E+03	 1.66298470674360E-01
 1.97922412909346E+03	 2.29478722456819E-01
 1.97922686699349E+03	 2.49381424672927E-01
 1.97922960489352E+03	 2.12598297663342E-01
 1.97923234279355E+03	 1.23488916115264E-01
 1.97923508069358E+03	 4.19575671688291E-03
 1.97923781859361E+03	-1.14551565007818E-01
 1.97924055649364E+03	-2.06107563884450E-01
 1.97924329439368E+03	-2.55621979068480E-01
 1.97924603229371E+03	-2.59400572959010E-01
 1.97924877019374E+03	-2.21019341374095E-01
 1.97925150809377E+03	-1.50898093913982E-01
 1.97925424599380E+03	-6.81472803909892E-02
 1.97925698389383E+03	 2.94650343474074E-03
 1.97925972179386E+03	 4.44141692206414E-02
 1.97926245969389E+03	 5.56110297923638E-02
 1.97926519759392E+03	 5.21716424476060E-02
 1.97926793549395E+03	 5.14041759537855E-02
 1.97927067339398E+03	 5.63718059073026E-02
 1.97927341129401E+03	 5.39891028120250E-02
 1.97927614919404E+03	 2.97914267193041E-02
 1.97927888709408E+03	-1.49541806732222E-02
 1.97928162499411E+03	-6.08281424135356E-02
 1.97928436289414E+03	-8.38363216484211E-02
 1.97928710079417E+03	-7.03199807140711E-02
 1.97928983869420E+03	-2.07934999019163E-02
 1.97929257659423E+03	 5.47799911397527E-02
 1.97929531449426E+03	 1.40707140669879E-01
 1.97929805239429E+03	 2.15858747478136E-01
 1.97930079029432E+03	 2.56136049293653E-01
 1.97930352819435E+03	 2.42655468964013E-01
 1.97930626609438E+03	 1.71671968095783E-01
 1.97930900399441E+03	 5.87848383529631E-02
 1.97931174189444E+03	-6.67029530948646E-02
 1.97931447979448E+03	-1.74317286073797E-01
 1.97931721769451E+03	-2.43394069937846E-01
 1.97931995559454E+03	-2.65845492996139E-01
 1.97932269349457E+03	-2.42639011041527E-01
 1.97932543139460E+03	-1.81564283043842E-01
 1.97932816929463E+03	-9.89030960553522E-02
 1.97933090719466E+03	-1.87357991836725E-02
 1.97933364509469E+03	 3.61117131437657E-02
 1.97933638299472E+03	 5.70505896080073E-02
 1.97933912089475E+03	 5.45188748739047E-02
 1.97934185879478E+03	 4.78415050319358E-02
 1.97934459669481E+03	 4.76461170658985E-02
 1.97934733459484E+03	 4.70529885555681E-02
 1.97935007249487E+03	 3.07181549263146E-02
 1.97935281039491E+03	-6.92710512710979E-03
 1.97935554829494E+03	-5.26884785883311E-02
 1.97935828619497E+03	-8.32223766332176E-02
 1.97936102409500E+03	-8.09560312278869E-02
 1.97936376199503E+03	-4.20016878648939E-02
 1.97936649989506E+03	 2.66897734748644E-02
 1.97936923779509E+03	 1.12031252722288E-01
 1.97937197569512E+03	 1.95490754665626E-01
 1.97937471359515E+03	 2.53557948744401E-01
 1.97937745149518E+03	 2.63650937244749E-01
 1.97938018939521E+03	 2.14439608230234E-01
 1.97938292729524E+03	 1.13602880928793E-01
 1.97938566519527E+03	-1.34584789626044E-02
 1.97938840309531E+03	-1.34321595623762E-01
 1.97939114099534E+03	-2.22691071111006E-01
 1.97939387889537E+03	-2.65118222949005E-01
 1.97939661679540E+03	-2.59278298104894E-01
 1.97939935469543E+03	-2.10392485888344E-01
 1.97940209259546E+03	-1.31672578384256E-01
 1.97940483049549E+03	-4.54912950484860E-02
 1.97940756839552E+03	 2.24547419452387E-02
 1.97941030629555E+03	 5.61231727466525E-02
 1.97941304419558E+03	 5.87413187766276E-02
 1.97941578209561E+03	 4.84765507032495E-02
 1.97941851999564E+03	 4.18897726426568E-02
 1.97942125789567E+03	 3.97037237662757E-02
 1.97942399579571E+03	 2.87774394784285E-02
 1.97942673369574E+03	-1.42105229071343E-03
 1.97942947159577E+03	-4.47023069711603E-02
 1.97943220949580E+03	-8.04933426340344E-02
 1.97943494739583E+03	-8.86079040523582E-02
 1.97943768529586E+03	-6.07256431202325E-02
 1.97944042319589E+03	-4.89760220658261E-04
 1.97944316109592E+03	 8.15395429523606E-02
 1.97944589899595E+03	 1.69633933025358E-01
 1.97944863689598E+03	 2.42141416993373E-01
 1.97945137479601E+03	 2.74715529401250E-01
 1.97945411269604E+03	 2.49657306365677E-01
 1.97945685059607E+03	 1.66103969209022E-01
 1.97945958849610E+03	 4.32908321010517E-02
 1.97946232639614E+03	-8.68005508534595E-02
 1.97946506429617E+03	-1.93174648960852E-01
 1.97946780219620E+03	-2.56352236385854E-01
 1.97947054009623E+03	-2.69769041958942E-01
 1.97947327799626E+03	-2.35902957742437E-01
 1.97947601589629E+03	-1.64930545908076E-01
 1.97947875379632E+03	-7.64951557245525E-02
 1.97948149169635E+03	 2.88742552719779E-03
 1.97948422959638E+03	 5.10579124258614E-02
 1.97948696749641E+03	 6.29831601710609E-02
 1.97948970539644E+03	 5.26399655389908E-02
 1.97949244329647E+03	 3.99630943190319E-02
 1.97949518119650E+03	 3.34703460227471E-02
 1.97949791909654E+03	 2.49316491899744E-02
 1.97950065699657E+03	 1.44790349353306E-03
 1.97950339489660E+03	-3.75984250057175E-02
 1.97950613279663E+03	-7.62421007255646E-02
 1.97950887069666E+03	-9.33932958545284E-02
 1.97951160859669E+03	-7.66497684723021E-02
 1.97951434649672E+03	-2.60331783736514E-02
 1.97951708439675E+03	 5.04113173147092E-02
 1.97951982229678E+03	 1.39688559282679E-01
 1.97952256019681E+03	 2.22831773178997E-01
 1.97952529809684E+03	 2.75578220561488E-01
 1.97952803599687E+03	 2.75600957795998E-01
 1.97953077389690E+03	 2.13706346181635E-01
 1.97953351179694E+03	 1.01206656596678E-01
 1.97953624969697E+03	-3.29939530751871E-02
 1.97953898759700E+03	-1.54891092451319E-01
 1.97954172549703E+03	-2.38853298691538E-01
 1.97954446339706E+03	-2.73045578454267E-01
 1.97954720129709E+03	-2.56693429786418E-01
 1.97954993919712E+03	-1.97043240765237E-01
 1.97955267709715E+03	-1.10481550361448E-01
 1.97955541499718E+03	-2.25184835601821E-02
 1.97955815289721E+03	 4.04859104961772E-02
 1.97956089079724E+03	 6.52365909411258E-02
 1.97956362869727E+03	 5.90447399226447E-02
 1.97956636659730E+03	 4.21095158535161E-02
 1.97956910449734E+03	 2.97017682505017E-02
 1.97957184239737E+03	 2.04228834491797E-02
 1.97957458029740E+03	 1.95339302462449E-03
 1.97957731819743E+03	-3.19343761572832E-02
 1.97958005609746E+03	-7.11342636272404E-02
 1.97958279399749E+03	-9.55807114072613E-02
 1.97958553189752E+03	-8.95952285631586E-02
 1.97958826979755E+03	-4.93647328448508E-02
 1.97959100769758E+03	 1.96868554518835E-02
 1.97959374559761E+03	 1.07083593637266E-01
 1.97959648349764E+03	 1.96917627791324E-01
 1.97959922139767E+03	 2.66563475176512E-01
 1.97960195929770E+03	 2.91097063001942E-01
 1.97960469719773E+03	 2.54000943934023E-01
 1.97960743509777E+03	 1.57644140351792E-01
 1.97961017299780E+03	 2.52931573463910E-02
 1.97961291089783E+03	-1.08372525920873E-01
 1.97961564879786E+03	-2.12182851993576E-01
 1.97961838669789E+03	-2.68168819945300E-01
 1.97962112459792E+03	-2.71471406821649E-01
 1.97962386249795E+03	-2.26375400848130E-01
 1.97962660039798E+03	-1.45876647154922E-01
 1.97962933829801E+03	-5.30886799260687E-02
 1.97963207619804E+03	 2.35959506644684E-02
 1.97963481409807E+03	 6.35907611101619E-02
 1.97963755199810E+03	 6.59414250534749E-02
 1.97964028989813E+03	 4.79012573612708E-02
 1.97964302779817E+03	 2.93699380267672E-02
 1.97964576569820E+03	 1.66135948493397E-02
 1.97964850359823E+03	 7.47679458391202E-04
 1.97965124149826E+03	-2.80082583606900E-02
 1.97965397939829E+03	-6.58360800229602E-02
 1.97965671729832E+03	-9.55753692723322E-02
 1.97965945519835E+03	-9.95228974738826E-02
 1.97966219309838E+03	-7.00536446763340E-02
 1.97966493099841E+03	-9.75905708077267E-03
 1.97966766889844E+03	 7.31806396358271E-02
 1.97967040679847E+03	 1.65903060008991E-01
 1.97967314469850E+03	 2.48532851262088E-01
 1.97967588259853E+03	 2.95609276642185E-01
 1.97967862049857E+03	 2.84952950935312E-01
 1.97968135839860E+03	 2.09841188636400E-01
 1.97968409629863E+03	 8.57483348158710E-02
 1.97968683419866E+03	-5.47116756507043E-02
 1.97968957209869E+03	-1.76259026725555E-01
 1.97969230999872E+03	-2.54369808629932E-01
 1.97969504789875E+03	-2.79072546989244E-01
 1.97969778579878E+03	-2.51369025271455E-01
 1.97970052369881E+03	-1.80939467119585E-01
 1.97970326159884E+03	-8.76332129108348E-02
 1.97970599949887E+03	 2.17795034811953E-04
 1.97970873739890E+03	 5.64633083995239E-02
 1.97971147529893E+03	 7.13321962434652E-02
 1.97971421319896E+03	 5.62715681060315E-02
 1.97971695109900E+03	 3.29139745624084E-02
 1.97971968899903E+03	 1.47974049658421E-02
 1.97972242689906E+03	-1.20607888465938E-03
 1.97972516479909E+03	-2.57966210906404E-02
 1.97972790269912E+03	-6.09295088106185E-02
 1.97973064059915E+03	-9.38874532447223E-02
 1.97973337849918E+03	-1.06534644338575E-01
 1.97973611639921E+03	-8.78080985364028E-02
 1.97973885429924E+03	-3.72242408480014E-02
 1.97974159219927E+03	 3.92022997057942E-02
 1.97974433009930E+03	 1.31376212587702E-01
 1.97974706799933E+03	 2.22780663720291E-01
 1.97974980589936E+03	 2.89262177512363E-01
 1.97975254379940E+03	 3.05072253783835E-01
 1.97975528169943E+03	 2.55136591793758E-01
 1.97975801959946E+03	 1.45675020499223E-01
 1.97976075749949E+03	 4.40950861835636E-03
 1.97976349539952E+03	-1.31460661889285E-01
 1.97976623329955E+03	-2.31117740469350E-01
 1.97976897119958E+03	-2.78478387168777E-01
 1.97977170909961E+03	-2.70592894706064E-01
 1.97977444699964E+03	-2.13890654829132E-01
 1.97977718489967E+03	-1.24576247645647E-01
 1.97977992279970E+03	-2.91715442203948E-02
 1.97978266069973E+03	 4.27858443387121E-02
 1.97978539859976E+03	 7.32152591430867E-02
 1.97978813649980E+03	 6.56307063164129E-02
 1.97979087439983E+03	 4.01489810179190E-02
 1.97979361229986E+03	 1.60054940325851E-02
 1.97979635019989E+03	-2.75425150062877E-03
 1.97979908809992E+03	-2.49326788983395E-02
 1.97980182599995E+03	-5.68259568891117E-02
 1.97980456389998E+03	-9.10812052955710E-02
 1.97980730180001E+03	-1.10868192643935E-01
 1.97981003970004E+03	-1.02470861261011E-01
 1.97981277760007E+03	-6.21729644032496E-02
 1.97981551550010E+03	 6.18816834260047E-03
 1.97981825340013E+03	 9.48895606550984E-02
 1.97982099130016E+03	 1.90898797595925E-01
 1.97982372920019E+03	 2.72801404088379E-01
 1.97982646710023E+03	 3.13532349317705E-01
 1.97982920500026E+03	 2.91192021099139E-01
 1.97983194290029E+03	 2.02173455262161E-01
 1.97983468080032E+03	 6.67523605125706E-02
 1.97983741870035E+03	-7.87147506052243E-02
 1.97984015660038E+03	-1.98209769484670E-01
 1.97984289450041E+03	-2.68846312116973E-01
 1.97984563240044E+03	-2.82769454151719E-01
 1.97984837030047E+03	-2.43015147745280E-01
 1.97985110820050E+03	-1.62105769323197E-01
 1.97985384610053E+03	-6.35120363717639E-02
 1.97985658400056E+03	 2.21224789870613E-02
 1.97985932190059E+03	 6.98274764357201E-02
 1.97986205980063E+03	 7.40510037926398E-02
 1.97986479770066E+03	 5.02546430504211E-02
 1.97986753560069E+03	 2.08363195673084E-02
 1.97987027350072E+03	-2.71292018178727E-03
 1.97987301140075E+03	-2.47341398486102E-02
 1.97987574930078E+03	-5.36929228880670E-02
 1.97987848720081E+03	-8.77075286778478E-02
 1.97988122510084E+03	-1.12880391496166E-01
 1.97988396300087E+03	-1.14016668869878E-01
 1.97988670090090E+03	-8.42232382679234E-02
 1.97988943880093E+03	-2.50229863154048E-02
 1.97989217670096E+03	 5.78637111433929E-02
 1.97989491460099E+03	 1.54628619853367E-01
 1.97989765250103E+03	 2.47497484579374E-01
 1.97990039040106E+03	 3.10224050119380E-01
 1.97990312830109E+03	 3.16191309795415E-01
 1.97990586620112E+03	 2.52361994260859E-01
 1.97990860410115E+03	 1.29622080475589E-01
 1.97991134200118E+03	-1.95463104382188E-02
 1.97991407990121E+03	-1.55871880371952E-01
 1.97991681780124E+03	-2.49560697857456E-01
 1.97991955570127E+03	-2.86790972638940E-01
 1.97992229360130E+03	-2.66732695517075E-01
 1.97992503150133E+03	-1.98320644380054E-01
 1.97992776940136E+03	-1.01279499277167E-01
 1.97993050730139E+03	-5.28908856638927E-03
 1.97993324520143E+03	 5.98542470641643E-02
 1.97993598310146E+03	 7.94966952374216E-02
 1.97993872100149E+03	 6.18476080587220E-02
 1.97994145890152E+03	 2.93344912318534E-02
 1.97994419680155E+03	-4.73843180662306E-05
 1.97994693470158E+03	-2.42827264049818E-02
 1.97994967260161E+03	-5.14081092701292E-02
 1.97995241050164E+03	-8.42272634412288E-02
 1.97995514840167E+03	-1.13015026184326E-01
 1.97995788630170E+03	-1.22548857648654E-01
 1.97996062420173E+03	-1.03133262907578E-01
 1.97996336210176E+03	-5.37900568652685E-02
 1.97996610000179E+03	 2.15217380456754E-02
 1.97996883790182E+03	 1.15718042984978E-01
 1.97997157580186E+03	 2.15007537883809E-01
 1.97997431370189E+03	 2.95738918119295E-01
 1.97997705160192E+03	 3.28992737932172E-01
 1.97997978950195E+03	 2.93614429104921E-01
 1.97998252740198E+03	 1.90033272232630E-01
 1.97998526530201E+03	 4.39276223153919E-02
 1.97998800320204E+03	-1.04853526021267E-01
 1.97999074110207E+03	-2.20307398660329E-01
 1.97999347900210E+03	-2.81738850236908E-01
 1.97999621690213E+03	-2.83638523622488E-01
 1.97999895480216E+03	-2.31356688090317E-01
 1.98000169270219E+03	-1.40637121004254E-01
 1.98000443060222E+03	-3.85729313718604E-02
 1.98000716850226E+03	 4.25813319726239E-02
 1.98000990640229E+03	 8.00681778626615E-02
 1.98001264430232E+03	 7.31297142631967E-02
 1.98001538220235E+03	 4.09385488669057E-02
 1.98001812010238E+03	 5.95413936590258E-03
 1.98002085800241E+03	-2.25490816832858E-02
 1.98002359590244E+03	-4.95530836401612E-02
 1.98002633380247E+03	-8.09361106868691E-02
 1.98002907170250E+03	-1.11754142757083E-01
 1.98003180960253E+03	-1.28290890217129E-01
 1.98003454750256E+03	-1.18790429607721E-01
 1.98003728540259E+03	-7.96528584365587E-02
 1.98004002330262E+03	-1.31443370877713E-02
 1.98004276120266E+03	 7.57992830919269E-02
 1.98004549910269E+03	 1.77213563189115E-01
 1.98004823700272E+03	 2.71286542362552E-01
 1.98005097490275E+03	 3.29215944281765E-01
 1.98005371280278E+03	 3.23785222473654E-01
 1.98005645070281E+03	 2.44926894551868E-01
 1.98005918860284E+03	 1.09071568864959E-01
 1.98006192650287E+03	-4.64951103284347E-02
 1.98006466440290E+03	-1.81165610947485E-01
 1.98006740230293E+03	-2.66918120742981E-01
 1.98007014020296E+03	-2.92523426998059E-01
 1.98007287810299E+03	-2.59480538161756E-01
 1.98007561600302E+03	-1.79595630129048E-01
 1.98007835390305E+03	-7.63151145655390E-02
 1.98008109180309E+03	 1.79725095983844E-02
 1.98008382970312E+03	 7.42288976405496E-02
 1.98008656760315E+03	 8.20932791818969E-02
 1.98008930550318E+03	 5.45080133055153E-02
 1.98009204340321E+03	 1.55386370982190E-02
 1.98009478130324E+03	-1.85486347722122E-02
 1.98009751920327E+03	-4.74534510724501E-02
 1.98010025710330E+03	-7.79043629132606E-02
 1.98010299500333E+03	-1.09555749716241E-01
 1.98010573290336E+03	-1.31568004635468E-01
 1.98010847080339E+03	-1.31203334965096E-01
 1.98011120870342E+03	-1.02309601862240E-01
 1.98011394660345E+03	-4.53782883779308E-02
 1.98011668450349E+03	 3.62982783544129E-02
 1.98011942240352E+03	 1.36057663613776E-01
 1.98012216030355E+03	 2.38558112667600E-01
 1.98012489820358E+03	 3.17253663293188E-01
 1.98012763610361E+03	 3.41395019994215E-01
 1.98013037400364E+03	 2.91416144593347E-01
 1.98013311190367E+03	 1.72874912864093E-01
 1.98013584980370E+03	 1.72522340464533E-02
 1.98013858770373E+03	-1.32703394595664E-01
 1.98014132560376E+03	-2.41913956862693E-01
 1.98014406350379E+03	-2.92386782750004E-01
 1.98014680140382E+03	-2.81148683369389E-01
 1.98014953930385E+03	-2.16160305972355E-01
 1.98015227720389E+03	-1.16709092200969E-01
 1.98015501510392E+03	-1.33318872278213E-02
 1.98015775300395E+03	 6.09863113098675E-02
 1.98016049090398E+03	 8.67565721715347E-02
 1.98016322880401E+03	 6.84288375154575E-02
 1.98016596670404E+03	 2.84010041298182E-02
 1.98016870460407E+03	-1.15076176047187E-02
 1.98017144250410E+03	-4.42654422576617E-02
 1.98017418040413E+03	-7.49444436057112E-02
 1.98017691830416E+03	-1.06784875585730E-01
 1.98017965620419E+03	-1.32775435199608E-01
 1.98018239410422E+03	-1.40494476910514E-01
 1.98018513200425E+03	-1.21594994658893E-01
 1.98018786990428E+03	-7.46427503811600E-02
 1.98019060780432E+03	-1.61903078389555E-03
 1.98019334570435E+03	 9.33931954515696E-02
 1.98019608360438E+03	 1.99555012233754E-01
 1.98019882150441E+03	 2.94208387311203E-01
 1.98020155940444E+03	 3.45753410645075E-01
 1.98020429730447E+03	 3.27032900093106E-01
 1.98020703520450E+03	 2.32156191335376E-01
 1.98020977310453E+03	 8.38705031806001E-02
 1.98021251100456E+03	-7.60575163075577E-02
 1.98021524890459E+03	-2.06669405502926E-01
 1.98021798680462E+03	-2.82456512653097E-01
 1.98022072470465E+03	-2.95037195136325E-01
 1.98022346260468E+03	-2.48448817302590E-01
 1.98022620050472E+03	-1.57722244059668E-01
 1.98022893840475E+03	-5.00891613415046E-02
 1.98023167630478E+03	 4.00057487019188E-02
 1.98023441420481E+03	 8.53985474893420E-02
 1.98023715210484E+03	 8.07850449209563E-02
 1.98023989000487E+03	 4.36670786825036E-02
 1.98024262790490E+03	-1.01502599062703E-03
 1.98024536580493E+03	-3.91009634058306E-02
 1.98024810370496E+03	-7.16164933421756E-02
 1.98025084160499E+03	-1.03648353525914E-01
 1.98025357950502E+03	-1.32332369611930E-01
 1.98025631740505E+03	-1.46889398342854E-01
 1.98025905530508E+03	-1.37462730881578E-01
 1.98026179320512E+03	-1.00589613152647E-01
 1.98026453110515E+03	-3.70643151727123E-02
 1.98026726900518E+03	 5.08668385947507E-02
 1.98027000690521E+03	 1.56404493543890E-01
 1.98027274480524E+03	 2.61763753477788E-01
 1.98027548270527E+03	 3.37003962451894E-01
 1.98027822060530E+03	 3.49944608041930E-01
 1.98028095850533E+03	 2.83809243199684E-01
 1.98028369640536E+03	 1.50389933713825E-01
 1.98028643430539E+03	-1.29761983816304E-02
 1.98028917220542E+03	-1.61575272921342E-01
 1.98029191010545E+03	-2.62226781383538E-01
 1.98029464800548E+03	-3.00053899171135E-01
 1.98029738590552E+03	-2.74772024314161E-01
 1.98030012380555E+03	-1.97259431387531E-01
 1.98030286170558E+03	-9.05850971951123E-02
 1.98030559960561E+03	 1.16462531197189E-02
 1.98030833750564E+03	 7.67625063978510E-02
 1.98031107540567E+03	 8.95747073249519E-02
 1.98031381330570E+03	 5.99529727230332E-02
 1.98031655120573E+03	 1.28633307029895E-02
 1.98031928910576E+03	-3.11758690482322E-02
 1.98032202700579E+03	-6.72770919383420E-02
 1.98032476490582E+03	-1.00145483046884E-01
 1.98032750280585E+03	-1.30624498655463E-01
 1.98033024070588E+03	-1.50697580150956E-01
 1.98033297860591E+03	-1.49972894359362E-01
 1.98033571650595E+03	-1.23026656400791E-01
 1.98033845440598E+03	-6.94142233675455E-02
 1.98034119230601E+03	 9.84074670776443E-03
 1.98034393020604E+03	 1.11184541043799E-01
 1.98034666810607E+03	 2.22008489388868E-01
 1.98034940600610E+03	 3.16086803050661E-01
 1.98035214390613E+03	 3.59114303281544E-01
 1.98035488180616E+03	 3.25064062713083E-01
 1.98035761970619E+03	 2.13572278270673E-01
 1.98036035760622E+03	 5.41944359410129E-02
 1.98036309550625E+03	-1.07555870946029E-01
 1.98036583340628E+03	-2.31517840711018E-01
 1.98036857130631E+03	-2.95347649713048E-01
 1.98037130920635E+03	-2.93678711663232E-01
 1.98037404710638E+03	-2.33303461406721E-01
 1.98037678500641E+03	-1.32798857231607E-01
 1.98037952290644E+03	-2.30810825647928E-02
 1.98038226080647E+03	 6.02034396378579E-02
 1.98038499870650E+03	 9.29420236266296E-02
 1.98038773660653E+03	 7.54956597286457E-02
 1.98039047450656E+03	 2.95282966538084E-02
 1.98039321240659E+03	-1.99608702459810E-02
 1.98039595030662E+03	-6.11694111730570E-02
 1.98039868820665E+03	-9.60462574645808E-02
 1.98040142610668E+03	-1.27941877756925E-01
 1.98040416400671E+03	-1.52281575958495E-01
 1.98040690190675E+03	-1.59281806523019E-01
 1.98040963980678E+03	-1.41887416801582E-01
 1.98041237770681E+03	-9.82768452624224E-02
 1.98041511560684E+03	-2.86427091642433E-02
 1.98041785350687E+03	 6.57769201483139E-02
 1.98042059140690E+03	 1.77235963703185E-01
 1.98042332930693E+03	 2.84624845642980E-01
 1.98042606720696E+03	 3.54383404976187E-01
 1.98042880510699E+03	 3.53731026719650E-01
 1.98043154300702E+03	 2.70147857104329E-01
 1.98043428090705E+03	 1.22592995469583E-01
 1.98043701880708E+03	-4.61299129122776E-02
 1.98043975670711E+03	-1.90554253105326E-01
 1.98044249460714E+03	-2.80328432180150E-01
 1.98044523250718E+03	-3.03972969440701E-01
 1.98044797040721E+03	-2.64019490275031E-01
 1.98045070830724E+03	-1.74576878023759E-01
 1.98045344620727E+03	-6.26209927614688E-02
 1.98045618410730E+03	 3.57624998049165E-02
 1.98045892200733E+03	 8.93951217837819E-02
 1.98046165990736E+03	 8.83392903777916E-02
 1.98046439780739E+03	 4.78603476033936E-02
 1.98046713570742E+03	-5.31217522540240E-03
 1.98046987360745E+03	-5.25457728389849E-02
 1.98047261150748E+03	-9.09059282553904E-02
 1.98047534940751E+03	-1.24421933828534E-01
 1.98047808730754E+03	-1.52013554344384E-01
 1.98048082520758E+03	-1.65629856314309E-01
 1.98048356310761E+03	-1.57208123157960E-01
 1.98048630100764E+03	-1.23447978776839E-01
 1.98048903890767E+03	-6.38574191694591E-02
 1.98049177680770E+03	 2.17618147342990E-02
 1.98049451470773E+03	 1.29744102197325E-01
 1.98049725260776E+03	 2.44749514582550E-01
 1.98049999050779E+03	 3.36466998457064E-01
 1.98050272840782E+03	 3.68397671007078E-01
 1.98050546630785E+03	 3.17082104455367E-01
 1.98050820420788E+03	 1.88997539767972E-01
 1.98051094210791E+03	 2.05745833015429E-02
 1.98051368000794E+03	-1.40049505436522E-01
 1.98051641790798E+03	-2.54707402050926E-01
 1.98051915580801E+03	-3.04718079245699E-01
 1.98052189370804E+03	-2.87819241866625E-01
 1.98052463160807E+03	-2.13792571012651E-01
 1.98052736950810E+03	-1.05028430130918E-01
 1.98053010740813E+03	 4.16291772804149E-03
 1.98053284530816E+03	 7.79816336991030E-02
 1.98053558320819E+03	 9.65534301303791E-02
 1.98053832110822E+03	 6.63042330183133E-02
 1.98054105900825E+03	 1.24397199730693E-02
 1.98054379690828E+03	-4.08070548557678E-02
 1.98054653480831E+03	-8.41195824601484E-02
 1.98054927270834E+03	-1.20008967900685E-01
 1.98055201060837E+03	-1.50222029147380E-01
 1.98055474850841E+03	-1.69322389545791E-01
 1.98055748640844E+03	-1.69111901122459E-01
 1.98056022430847E+03	-1.44867089687842E-01
 1.98056296220850E+03	-9.53600486537619E-02
 1.98056570010853E+03	-1.96396205049403E-02
 1.98056843800856E+03	 8.16585434005358E-02
 1.98057117590859E+03	 1.98889045307351E-01
 1.98057391380862E+03	 3.06862894659614E-01
 1.98057665170865E+03	 3.68552435726988E-01
 1.98057938960868E+03	 3.51840657794463E-01
 1.98058212750871E+03	 2.50043875663988E-01
 1.98058486540874E+03	 8.98685003219522E-02
 1.98058760330877E+03	-8.12785997787802E-02
 1.98059034120881E+03	-2.18558611632711E-01
 1.98059307910884E+03	-2.95242244231062E-01
 1.98059581700887E+03	-3.03389690417967E-01
 1.98059855490890E+03	-2.48474261651179E-01
 1.98060129280893E+03	-1.48145005856184E-01
 1.98060403070896E+03	-3.32670687336129E-02
 1.98060676860899E+03	 5.84006521299505E-02
 1.98060950650902E+03	 9.84546886548350E-02
 1.98061224440905E+03	 8.30169159297979E-02
 1.98061498230908E+03	 3.24597293407106E-02
 1.98061772020911E+03	-2.56389107125519E-02
 1.98062045810914E+03	-7.50138865313965E-02
 1.98062319600917E+03	-1.14440844101420E-01
 1.98062593390921E+03	-1.47135303887261E-01
 1.98062867180924E+03	-1.70699993195328E-01
 1.98063140970927E+03	-1.77797239271400E-01
 1.98063414760930E+03	-1.62580204400434E-01
 1.98063688550933E+03	-1.22938331369222E-01
 1.98063962340936E+03	-5.75758148453575E-02
 1.98064236130939E+03	 3.47968913544961E-02
 1.98064509920942E+03	 1.49546107980524E-01
 1.98064783710945E+03	 2.67687059995005E-01
 1.98065057500948E+03	 3.54619027485065E-01
 1.98065331290951E+03	 3.72619888632264E-01
 1.98065605080954E+03	 3.02487652150778E-01
 1.98065878870957E+03	 1.58621959314759E-01
 1.98066152660961E+03	-1.61171548517945E-02
 1.98066426450964E+03	-1.72395635342193E-01
 1.98066700240967E+03	-2.75159051638048E-01
 1.98066974030970E+03	-3.09697843432338E-01
 1.98067247820973E+03	-2.76892012977443E-01
 1.98067521610976E+03	-1.89772514329763E-01
 1.98067795400979E+03	-7.47288699589346E-02
 1.98068069190982E+03	 3.10392666556070E-02
 1.98068342980985E+03	 9.28027998667677E-02
 1.98068616770988E+03	 9.60609446852671E-02
 1.98068890560991E+03	 5.34450914526630E-02
 1.98069164350994E+03	-7.12330820147600E-03
 1.98069438140997E+03	-6.29663011944311E-02
 1.98069711931000E+03	-1.07270549723883E-01
 1.98069985721004E+03	-1.42831115515388E-01
 1.98070259511007E+03	-1.70097268574637E-01
 1.98070533301010E+03	-1.83525674440909E-01
 1.98070807091013E+03	-1.76713180301819E-01
 1.98071080881016E+03	-1.46553410502672E-01
 1.98071354671019E+03	-9.15359000484907E-02
 1.98071628461022E+03	-9.41528480903277E-03
 1.98071902251025E+03	 9.90912136659767E-02
 1.98072176041028E+03	 2.21457294509821E-01
 1.98072449831031E+03	 3.27896833244089E-01
 1.98072723621034E+03	 3.78512692913325E-01
 1.98072997411037E+03	 3.43481495506727E-01
 1.98073271201040E+03	 2.23454876155194E-01
 1.98073544991044E+03	 5.29731637129552E-02
 1.98073818781047E+03	-1.17248410703400E-01
 1.98074092571050E+03	-2.44409648894976E-01
 1.98074366361053E+03	-3.05987096342031E-01
 1.98074640151056E+03	-2.97603150102905E-01
 1.98074913941059E+03	-2.27822235553948E-01
 1.98075187731062E+03	-1.18123497485613E-01
 1.98075461521065E+03	-3.06709118988794E-03
 1.98075735311068E+03	 7.89461608353514E-02
 1.98076009101071E+03	 1.03618469336523E-01
 1.98076282891074E+03	 7.37285527783125E-02
 1.98076556681077E+03	 1.41940732335349E-02
 1.98076830471080E+03	-4.75361598643222E-02
 1.98077104261084E+03	-9.79252708940269E-02
 1.98077378051087E+03	-1.37203313403321E-01
 1.98077651841090E+03	-1.67792864481176E-01
 1.98077925631093E+03	-1.86603309055274E-01
 1.98078199421096E+03	-1.87454750208163E-01
 1.98078473211099E+03	-1.66286722506498E-01
 1.98078747001102E+03	-1.21293390511310E-01
 1.98079020791105E+03	-4.99742056984008E-02
 1.98079294581108E+03	 4.95943283115415E-02
 1.98079568371111E+03	 1.70852933707428E-01
 1.98079842161114E+03	 2.90415319334859E-01
 1.98080115951117E+03	 3.69587024951977E-01
 1.98080389741120E+03	 3.70833452775803E-01
 1.98080663531123E+03	 2.80983862319710E-01
 1.98080937321127E+03	 1.23027265384013E-01
 1.98081211111130E+03	-5.47202104351526E-02
 1.98081484901133E+03	-2.03325471501849E-01
 1.98081758691136E+03	-2.91780561531360E-01
 1.98082032481139E+03	-3.09464648801965E-01
 1.98082306271142E+03	-2.60425689331140E-01
 1.98082580061145E+03	-1.61231606675211E-01
 1.98082853851148E+03	-4.23405824788135E-02
 1.98083127641151E+03	 5.68994783939289E-02
 1.98083401431154E+03	 1.04197914424383E-01
 1.98083675221157E+03	 9.14369741602215E-02
 1.98083949011160E+03	 3.72946560829577E-02
 1.98084222801163E+03	-2.85882063170365E-02
 1.98084496591167E+03	-8.57993135767340E-02
 1.98084770381170E+03	-1.29955594657031E-01
 1.98085044171173E+03	-1.63957291491227E-01
 1.98085317961176E+03	-1.87352244299961E-01
 1.98085591751179E+03	-1.95045358057406E-01
 1.98085865541182E+03	-1.82298373414587E-01
 1.98086139331185E+03	-1.46836463575313E-01
 1.98086413121188E+03	-8.62786550116291E-02
 1.98086686911191E+03	 2.71014569257107E-03
 1.98086960701194E+03	 1.18480065133435E-01
 1.98087234491197E+03	 2.44721608011491E-01
 1.98087508281200E+03	 3.46865940236969E-01
 1.98087782071203E+03	 3.83213112381646E-01
 1.98088055861207E+03	 3.28100749379823E-01
 1.98088329651210E+03	 1.90732152673542E-01
 1.98088603441213E+03	 1.29968752774231E-02
 1.98088877231216E+03	-1.52701700086934E-01
 1.98089151021219E+03	-2.66902816211676E-01
 1.98089424811222E+03	-3.11626465587300E-01
 1.98089698601225E+03	-2.86001419037048E-01
 1.98089972391228E+03	-2.01879776813825E-01
 1.98090246181231E+03	-8.48146369548116E-02
 1.98090519971234E+03	 2.73462319003956E-02
 1.98090793761237E+03	 9.68063687633938E-02
 1.98091067551240E+03	 1.04686018565828E-01
 1.98091341341243E+03	 6.07420497253084E-02
 1.98091615131246E+03	-6.38837489501188E-03
 1.98091888921250E+03	-7.03707089015812E-02
 1.98092162711253E+03	-1.20629217165844E-01
 1.98092436501256E+03	-1.58607932015264E-01
 1.98092710291259E+03	-1.86071012881153E-01
 1.98092984081262E+03	-1.99765856845645E-01
 1.98093257871265E+03	-1.94799479270284E-01
 1.98093531661268E+03	-1.68298270538878E-01
 1.98093805451271E+03	-1.18073204726102E-01
 1.98094079241274E+03	-4.03762090776343E-02
 1.98094353031277E+03	 6.66691812879394E-02
 1.98094626821280E+03	 1.93628719093281E-01
 1.98094900611283E+03	 3.12211054031138E-01
 1.98095174401286E+03	 3.80277150718610E-01
 1.98095448191290E+03	 3.62250312629450E-01
 1.98095721981293E+03	 2.52648335979428E-01
 1.98095995771296E+03	 8.31665151662202E-02
 1.98096269561299E+03	-9.38643483675835E-02
 1.98096543351302E+03	-2.31524466372091E-01
 1.98096817141305E+03	-3.03522230449679E-01
 1.98097090931308E+03	-3.03281486910576E-01
 1.98097364721311E+03	-2.38074384302900E-01
 1.98097638511314E+03	-1.28311587889651E-01
 1.98097912301317E+03	-8.43051586779906E-03
 1.98098186091320E+03	 8.10658747213155E-02
 1.98098459881323E+03	 1.11785899486863E-01
 1.98098733671326E+03	 8.27980747238234E-02
 1.98099007461330E+03	 1.83458625288826E-02
 1.98099281251333E+03	-5.13258828313260E-02
 1.98099555041336E+03	-1.08666557890589E-01
 1.98099828831339E+03	-1.51581877765827E-01
 1.98100102621342E+03	-1.82986969195386E-01
 1.98100376411345E+03	-2.01920080251597E-01
 1.98100650201348E+03	-2.04036522661689E-01
 1.98100923991351E+03	-1.85897777231225E-01
 1.98101197781354E+03	-1.45369023588241E-01
 1.98101471571357E+03	-7.89452169687781E-02
 1.98101745361360E+03	 1.73259152516661E-02
 1.98102019151363E+03	 1.39956083479403E-01
 1.98102292941366E+03	 2.68124258892680E-01
 1.98102566731370E+03	 3.62696013670852E-01
 1.98102840521373E+03	 3.81671755484720E-01
 1.98103114311376E+03	 3.05478116375818E-01
 1.98103388101379E+03	 1.52623879637881E-01
 1.98103661891382E+03	-2.87097153860715E-02
 1.98103935681385E+03	-1.86225240005138E-01
 1.98104209471388E+03	-2.84872045075815E-01
 1.98104483261391E+03	-3.11308927361612E-01
 1.98104757051394E+03	-2.68092400456161E-01
 1.98105030841397E+03	-1.70619350385123E-01
 1.98105304631400E+03	-4.86755949864787E-02
 1.98105578421403E+03	 5.72601406397361E-02
 1.98105852211406E+03	 1.11431268278593E-01
 1.98106126001409E+03	 1.01587136748437E-01
 1.98106399791413E+03	 4.44525859984572E-02
 1.98106673581416E+03	-2.86734856454771E-02
 1.98106947371419E+03	-9.35061694222491E-02
 1.98107221161422E+03	-1.42536243914905E-01
 1.98107494951425E+03	-1.78207443335622E-01
 1.98107768741428E+03	-2.01807164931868E-01
 1.98108042531431E+03	-2.10282371219217E-01
 1.98108316321434E+03	-1.99897107841550E-01
 1.98108590111437E+03	-1.68358206926266E-01
 1.98108863901440E+03	-1.12690705097777E-01
 1.98109137691443E+03	-2.81533283114178E-02
 1.98109411481446E+03	 8.62933674179880E-02
 1.98109685271449E+03	 2.17493247513863E-01
 1.98109959061453E+03	 3.32076477913646E-01
 1.98110232851456E+03	 3.85571009131967E-01
 1.98110506641459E+03	 3.46351642148988E-01
 1.98110780431462E+03	 2.17962839052084E-01
 1.98111054221465E+03	 4.03049363407286E-02
 1.98111328011468E+03	-1.32062845726331E-01
 1.98111601801471E+03	-2.55706768873530E-01
 1.98111875591474E+03	-3.09421994742850E-01
 1.98112149381477E+03	-2.90527635637508E-01
 1.98112423171480E+03	-2.09645221590972E-01
 1.98112696961483E+03	-9.13268460774142E-02
 1.98112970751486E+03	 2.63083791050073E-02
 1.98113244541489E+03	 1.02850526589801E-01
 1.98113518331493E+03	 1.15288778136401E-01
 1.98113792121496E+03	 7.03939419274672E-02
 1.98114065911499E+03	-2.82813984806858E-03
 1.98114339701502E+03	-7.46987033369239E-02
 1.98114613491505E+03	-1.30982333898411E-01
 1.98114887281508E+03	-1.71679327829937E-01
 1.98115161071511E+03	-1.99682902144118E-01
 1.98115434861514E+03	-2.13826939913549E-01
 1.98115708651517E+03	-2.10576241460480E-01
 1.98115982441520E+03	-1.87335574930237E-01
 1.98116256231523E+03	-1.41634735992351E-01
 1.98116530021526E+03	-6.88989274450590E-02
 1.98116803811529E+03	 3.48136457888959E-02
 1.98117077601532E+03	 1.63313216464359E-01
 1.98117351391536E+03	 2.90788918588138E-01
 1.98117625181539E+03	 3.74198693798267E-01
 1.98117898971542E+03	 3.73095526377213E-01
 1.98118172761545E+03	 2.75782512473915E-01
 1.98118446551548E+03	 1.10235790465588E-01
 1.98118720341551E+03	-7.06284563916749E-02
 1.98118994131554E+03	-2.16415215474276E-01
 1.98119267921557E+03	-2.97241785793742E-01
 1.98119541711560E+03	-3.04299607032316E-01
 1.98119815501563E+03	-2.43531306481933E-01
 1.98120089291566E+03	-1.34193601376671E-01
 1.98120363081569E+03	-1.03266802889046E-02
 1.98120636871572E+03	 8.58958093747880E-02
 1.98120910661576E+03	 1.22333615712116E-01
 1.98121184451579E+03	 9.43809850015551E-02
 1.98121458241582E+03	 2.53522150908779E-02
 1.98121732031585E+03	-5.20279234086662E-02
 1.98122005821588E+03	-1.16354850712183E-01
 1.98122279611591E+03	-1.63167823884880E-01
 1.98122553401594E+03	-1.95713579657242E-01
 1.98122827191597E+03	-2.14960918406801E-01
 1.98123100981600E+03	-2.18221263920298E-01
 1.98123374771603E+03	-2.02637671915058E-01
 1.98123648561606E+03	-1.66027558804710E-01
 1.98123922351609E+03	-1.04526216213508E-01
 1.98124196141612E+03	-1.28465137398124E-02
 1.98124469931616E+03	 1.08419096869139E-01
 1.98124743721619E+03	 2.41720990275843E-01
 1.98125017511622E+03	 3.48820645951770E-01
 1.98125291301625E+03	 3.84447983490395E-01
 1.98125565091628E+03	 3.22969290464602E-01
 1.98125838881631E+03	 1.77799275781911E-01
 1.98126112671634E+03	-4.06697139085926E-03
 1.98126386461637E+03	-1.67806768563528E-01
 1.98126660251640E+03	-2.74676584058733E-01
 1.98126934041643E+03	-3.08638700181638E-01
 1.98127207831646E+03	-2.70724649021563E-01
 1.98127481621649E+03	-1.75124729875724E-01
 1.98127755411652E+03	-5.07807191119730E-02
 1.98128029201655E+03	 6.10636099789446E-02
 1.98128302991659E+03	 1.21577015982593E-01
 1.98128576781662E+03	 1.14541049000010E-01
 1.98128850571665E+03	 5.45858202903873E-02
 1.98129124361668E+03	-2.56181094200748E-02
 1.98129398151671E+03	-9.81110913066860E-02
 1.98129671941674E+03	-1.52263834016349E-01
 1.98129945731677E+03	-1.89929765650721E-01
 1.98130219521680E+03	-2.13948439941476E-01
 1.98130493311683E+03	-2.23119159555035E-01
 1.98130767101686E+03	-2.14603206421064E-01
 1.98131040891689E+03	-1.86249806907054E-01
 1.98131314681692E+03	-1.35049093146327E-01
 1.98131588471695E+03	-5.56329748165714E-02
 1.98131862261699E+03	 5.52595873666661E-02
 1.98132136051702E+03	 1.87989099227581E-01
 1.98132409841705E+03	 3.11582364514742E-01
 1.98132683631708E+03	 3.80189362489919E-01
 1.98132957421711E+03	 3.56981528068747E-01
 1.98133231211714E+03	 2.39586729148546E-01
 1.98133505001717E+03	 6.49578952642825E-02
 1.98133778791720E+03	-1.11173966733962E-01
 1.98134052581723E+03	-2.41949711854755E-01
 1.98134326371726E+03	-3.03064405064029E-01
 1.98134600161729E+03	-2.90004238027592E-01
 1.98134873951732E+03	-2.12146779918162E-01
 1.98135147741735E+03	-9.29578781527121E-02
 1.98135421531739E+03	 2.94460677304970E-02
 1.98135695321742E+03	 1.12427943402972E-01
 1.98135969111745E+03	 1.29107031264765E-01
 1.98136242901748E+03	 8.32458686346815E-02
 1.98136516691751E+03	 3.99080259980505E-03
 1.98136790481754E+03	-7.58488460380395E-02
 1.98137064271757E+03	-1.38425913598388E-01
 1.98137338061760E+03	-1.82190287727523E-01
 1.98137611851763E+03	-2.10988509642952E-01
 1.98137885641766E+03	-2.25550993360308E-01
 1.98138159431769E+03	-2.23553538937180E-01
 1.98138433221772E+03	-2.02730580914356E-01
 1.98138707011775E+03	-1.60768259351771E-01
 1.98138980801779E+03	-9.30496364870229E-02
 1.98139254591782E+03	 5.73681245991692E-03
 1.98139528381785E+03	 1.32643994324944E-01
 1.98139802171788E+03	 2.65283300325827E-01
 1.98140075961791E+03	 3.61167087920114E-01
 1.98140349751794E+03	 3.76099855505214E-01
 1.98140623541797E+03	 2.92329766074660E-01
 1.98140897331800E+03	 1.33367094490177E-01
 1.98141171121803E+03	-4.83344170968857E-02
 1.98141444911806E+03	-1.99649113182644E-01
 1.98141718701809E+03	-2.87372562924513E-01
 1.98141992491812E+03	-3.00474952374687E-01
 1.98142266281815E+03	-2.43560027067646E-01
 1.98142540071818E+03	-1.34704946224123E-01
 1.98142813861822E+03	-7.37734274869834E-03
 1.98143087651825E+03	 9.49169356006381E-02
 1.98143361441828E+03	 1.36604198998590E-01
 1.98143635231831E+03	 1.09492113782841E-01
 1.98143909021834E+03	 3.58157513493354E-02
 1.98144182811837E+03	-4.94267650092707E-02
 1.98144456601840E+03	-1.21057237366233E-01
 1.98144730391843E+03	-1.72167461997211E-01
 1.98145004181846E+03	-2.06169563302845E-01
 1.98145277971849E+03	-2.25776503378469E-01
 1.98145551761852E+03	-2.29787175347947E-01
 1.98145825551855E+03	-2.15889534664026E-01
 1.98146099341858E+03	-1.82154166269308E-01
 1.98146373131862E+03	-1.25076723191734E-01
 1.98146646921865E+03	-3.88751194914904E-02
 1.98146920711868E+03	 7.84063439717941E-02
 1.98147194501871E+03	 2.13089277789362E-01
 1.98147468291874E+03	 3.29207905291215E-01
 1.98147742081877E+03	 3.79607560660500E-01
 1.98148015871880E+03	 3.33188072974909E-01
 1.98148289661883E+03	 1.97841307703142E-01
 1.98148563451886E+03	 1.83696605776509E-02
 1.98148837241889E+03	-1.48788104891298E-01
 1.98149111031892E+03	-2.61642939561633E-01
 1.98149384821895E+03	-3.01543743749801E-01
 1.98149658611898E+03	-2.67989037659254E-01
 1.98149932401902E+03	-1.73967539369460E-01
 1.98150206191905E+03	-4.74901515411014E-02
 1.98150479981908E+03	 6.96960504066773E-02
 1.98150753771911E+03	 1.36010076077918E-01
 1.98151027561914E+03	 1.31440619344527E-01
 1.98151301351917E+03	 6.84600532743650E-02
 1.98151575141920E+03	-1.90683200598152E-02
 1.98151848931923E+03	-9.96115913194006E-02
 1.98152122721926E+03	-1.59362985291840E-01
 1.98152396511929E+03	-1.99425635615528E-01
 1.98152670301932E+03	-2.24006342257512E-01
 1.98152944091935E+03	-2.33579470049998E-01
 1.98153217881938E+03	-2.26104736109951E-01
 1.98153491671941E+03	-1.99742267851384E-01
 1.98153765461945E+03	-1.52051293947172E-01
 1.98154039251948E+03	-7.79311917183551E-02
 1.98154313041951E+03	 2.74624864044334E-02
 1.98154586831954E+03	 1.58219522457571E-01
 1.98154860621957E+03	 2.86925812299679E-01
 1.98155134411960E+03	 3.67872868210880E-01
 1.98155408201963E+03	 3.60023889327467E-01
 1.98155681991966E+03	 2.55058088688962E-01
 1.98155955781969E+03	 8.61322615097186E-02
 1.98156229571972E+03	-9.08596276130550E-02
 1.98156503361975E+03	-2.26270972055156E-01
 1.98156777151978E+03	-2.92894959840157E-01
 1.98157050941981E+03	-2.84393029840663E-01
 1.98157324731985E+03	-2.08911466504549E-01
 1.98157598521988E+03	-8.88090107890587E-02
 1.98157872311991E+03	 3.79734105611419E-02
 1.98158146101994E+03	 1.26866689927549E-01
 1.98158419891997E+03	 1.47350706517650E-01
 1.98158693682000E+03	 1.00201098252545E-01
 1.98158967472003E+03	 1.45691125555170E-02
 1.98159241262006E+03	-7.37161361882006E-02
 1.98159515052009E+03	-1.43159861256363E-01
 1.98159788842012E+03	-1.90505254472683E-01
 1.98160062632015E+03	-2.20362778164649E-01
 1.98160336422018E+03	-2.35178402788396E-01
 1.98160610212021E+03	-2.33702155663052E-01
 1.98160884002025E+03	-2.14052998243905E-01
 1.98161157792028E+03	-1.74532398180585E-01
 1.98161431582031E+03	-1.11345939823766E-01
 1.98161705372034E+03	-1.86593212052928E-02
 1.98161979162037E+03	 1.03647497746767E-01
 1.98162252952040E+03	 2.37448672040221E-01
 1.98162526742042E+03	 3.42317245021654E-01
 1.98162800532046E+03	 3.71625318036920E-01
 1.98163074322049E+03	 3.01969086958737E-01
 1.98163348112052E+03	 1.51814625746947E-01
 1.98163621902055E+03	-2.78625719135773E-02
 1.98163895692058E+03	-1.82018732258456E-01
 1.98164169482061E+03	-2.74479406901622E-01
 1.98164443272064E+03	-2.92048244721714E-01
 1.98164717062068E+03	-2.38000243651699E-01
 1.98164990852071E+03	-1.29250421145793E-01
 1.98165264642074E+03	 1.39404082993537E-03
 1.98165538432077E+03	 1.09331353806079E-01
 1.98165812222080E+03	 1.55805026910809E-01
 1.98166086012083E+03	 1.29128689251223E-01
 1.98166359802086E+03	 5.03749137994914E-02
 1.98166633592089E+03	-4.32938472434042E-02
 1.98166907382092E+03	-1.22909838256065E-01
 1.98167181172095E+03	-1.78964561035985E-01
 1.98167454962098E+03	-2.14834579456220E-01
 1.98167728752101E+03	-2.34789408108652E-01
 1.98168002542104E+03	-2.38958273797989E-01
 1.98168276332108E+03	-2.25542144306440E-01
 1.98168550122111E+03	-1.93172323445916E-01
 1.98168823912114E+03	-1.39471915279900E-01
 1.98169097702117E+03	-5.91241846602193E-02
 1.98169371492120E+03	 5.18516603771598E-02
 1.98169645282123E+03	 1.84097882451618E-01
 1.98169919072126E+03	 3.05269278572167E-01
 1.98170192862129E+03	 3.67844563276838E-01
 1.98170466652132E+03	 3.36085264174108E-01
 1.98170740442135E+03	 2.12144835178962E-01
 1.98171014232138E+03	 3.77205502969958E-02
 1.98171288022141E+03	-1.30071853839925E-01
 1.98171561812144E+03	-2.46526008937632E-01
 1.98171835602148E+03	-2.90518454038286E-01
 1.98172109392151E+03	-2.60028458101461E-01
 1.98172383182154E+03	-1.66873803063157E-01
 1.98172656972157E+03	-3.81144213771911E-02
 1.98172930762160E+03	 8.41610911022781E-02
 1.98173204552163E+03	 1.55859249017452E-01
 1.98173478342166E+03	 1.53318483717843E-01
 1.98173752132169E+03	 8.68240736039999E-02
 1.98174025922172E+03	-8.66618205477952E-03
 1.98174299712175E+03	-9.80490777476410E-02
 1.98174573502178E+03	-1.64193922126285E-01
 1.98174847292181E+03	-2.07235931298096E-01
 1.98175121082184E+03	-2.32546342885839E-01
 1.98175394872188E+03	-2.42105301506187E-01
 1.98175668662191E+03	-2.34580282630415E-01
 1.98175942452194E+03	-2.08611011819085E-01
 1.98176216242197E+03	-1.62950035936329E-01
 1.98176490032200E+03	-9.37422284403885E-02
 1.98176763822203E+03	 4.64391764751218E-03
 1.98177037612206E+03	 1.30061775449359E-01
 1.98177311402209E+03	 2.59719769876778E-01
 1.98177585192212E+03	 3.49626959582589E-01
 1.98177858982215E+03	 3.55732378667029E-01
 1.98178132772218E+03	 2.63971492099532E-01
 1.98178406562221E+03	 1.03009881599025E-01
 1.98178680352224E+03	-7.20832063475546E-02
 1.98178954142227E+03	-2.09576891584317E-01
 1.98179227932231E+03	-2.79629921582151E-01
 1.98179501722234E+03	-2.74118711100416E-01
 1.98179775512237E+03	-1.99986686832604E-01
 1.98180049302240E+03	-7.85089255315729E-02
 1.98180323092243E+03	 5.26352950681268E-02
 1.98180596882246E+03	 1.47142051933499E-01
 1.98180870672249E+03	 1.71019151998279E-01
 1.98181144462252E+03	 1.22074390695306E-01
 1.98181418252255E+03	 2.93826697718183E-02
 1.98181692042258E+03	-6.82283919214860E-02
 1.98181965832261E+03	-1.45482607700106E-01
 1.98182239622264E+03	-1.97181531220030E-01
 1.98182513412267E+03	-2.28470895064408E-01
 1.98182787202271E+03	-2.43329216263398E-01
 1.98183060992274E+03	-2.41454035062700E-01
 1.98183334782277E+03	-2.21403937734103E-01
 1.98183608572280E+03	-1.82556767065068E-01
 1.98183882362283E+03	-1.22852706023383E-01
 1.98184156152286E+03	-3.69085499145409E-02
 1.98184429942289E+03	 7.81036334278545E-02
 1.98184703732292E+03	 2.09007883065450E-01
 1.98184977522295E+03	 3.18920907570520E-01
 1.98185251312298E+03	 3.60239217604385E-01
 1.98185525102301E+03	 3.04545077214706E-01
 1.98185798892304E+03	 1.64884181103003E-01
 1.98186072682307E+03	-1.01819362728098E-02
 1.98186346472311E+03	-1.64538040430345E-01
 1.98186620262314E+03	-2.59463600513932E-01
 1.98186894052317E+03	-2.79695758646656E-01
 1.98187167842320E+03	-2.27205791134669E-01
 1.98187441632323E+03	-1.17789012464112E-01
 1.98187715422326E+03	 1.64296948770488E-02
 1.98187989212329E+03	 1.29893292018519E-01
 1.98188263002332E+03	 1.80829218351938E-01
 1.98188536792335E+03	 1.54113350604764E-01
 1.98188810582338E+03	 6.95945182334503E-02
 1.98189084372341E+03	-3.34396683869462E-02
 1.98189358162344E+03	-1.22119633174683E-01
 1.98189631952347E+03	-1.84089765016216E-01
 1.98189905742350E+03	-2.22427922586996E-01
 1.98190179532354E+03	-2.42754038419440E-01
 1.98190453322357E+03	-2.46378128452098E-01
 1.98190727112360E+03	-2.31985916612646E-01
 1.98191000902363E+03	-1.99070049063910E-01
 1.98191274692366E+03	-1.47164614852668E-01
 1.98191548482369E+03	-7.24663278959494E-02
 1.98191822272372E+03	 3.03393467857046E-02
 1.98192096062375E+03	 1.56478109742196E-01
 1.98192369852378E+03	 2.78475403698047E-01
 1.98192643642381E+03	 3.50027508541478E-01
 1.98192917432384E+03	 3.31791919865607E-01
 1.98193191222387E+03	 2.20200015892807E-01
 1.98193465012390E+03	 5.30710641160513E-02
 1.98193738802394E+03	-1.12730183917274E-01
 1.98194012592397E+03	-2.30370804418788E-01
 1.98194286382400E+03	-2.76454118105255E-01
 1.98194560172403E+03	-2.47476197489360E-01
 1.98194833962406E+03	-1.54127210152768E-01
 1.98195107752409E+03	-2.25392030149596E-02
 1.98195381542412E+03	 1.04937162529057E-01
 1.98195655332415E+03	 1.81840597854381E-01
 1.98195929122418E+03	 1.80938123457948E-01
 1.98196202912421E+03	 1.10286568176438E-01
 1.98196476702424E+03	 5.88190278636778E-03
 1.98196750492427E+03	-9.35217164414027E-02
 1.98197024282430E+03	-1.67222828073517E-01
 1.98197298072434E+03	-2.14088174420549E-01
 1.98197571862437E+03	-2.40410820694283E-01
 1.98197845652440E+03	-2.49506291043954E-01
 1.98198119442443E+03	-2.40665926129496E-01
 1.98198393232446E+03	-2.13169570941719E-01
 1.98198667022449E+03	-1.67581488049978E-01
 1.98198940812452E+03	-1.02317305749144E-01
 1.98199214602455E+03	-1.18911973560646E-02
 1.98199488392458E+03	 1.05151856295868E-01
 1.98199762182461E+03	 2.31548103167591E-01
 1.98200035972464E+03	 3.26584460646285E-01
 1.98200309762467E+03	 3.44542179492207E-01
 1.98200583552470E+03	 2.66054986017329E-01
 1.98200857342474E+03	 1.14793203926747E-01
 1.98201131132477E+03	-5.59199368873753E-02
 1.98201404922480E+03	-1.93010349823657E-01
 1.98201678712483E+03	-2.64334370976798E-01
 1.98201952502486E+03	-2.60058144643711E-01
 1.98202226292489E+03	-1.85959894515951E-01
 1.98202500082492E+03	-6.22772528718106E-02
 1.98202773872495E+03	 7.35964117853056E-02
 1.98203047662498E+03	 1.73730460270300E-01
 1.98203321452501E+03	 2.00746543843379E-01
 1.98203595242504E+03	 1.49460499267748E-01
 1.98203869032507E+03	 4.87988416079557E-02
 1.98204142822510E+03	-5.93728067599948E-02
 1.98204416612513E+03	-1.45767144454542E-01
 1.98204690402517E+03	-2.02911579187443E-01
 1.98204964192520E+03	-2.36195622532941E-01
 1.98205237982523E+03	-2.50930978209604E-01
 1.98205511772526E+03	-2.47642411397452E-01
 1.98205785562529E+03	-2.25378697298683E-01
 1.98206059352532E+03	-1.85036997554932E-01
 1.98206333142535E+03	-1.27215175955066E-01
 1.98206606932538E+03	-4.80490757965195E-02
 1.98206880722541E+03	 5.74549119087033E-02
 1.98207154512544E+03	 1.81560112432203E-01
 1.98207428302547E+03	 2.92314762058069E-01
 1.98207702092550E+03	 3.42675901951785E-01
 1.98207975882553E+03	 3.00064873854400E-01
 1.98208249672557E+03	 1.71957099054296E-01
 1.98208523462560E+03	 3.68930637805951E-03
 1.98208797252563E+03	-1.48396928759111E-01
 1.98209071042566E+03	-2.43518905351583E-01
 1.98209344832569E+03	-2.64495824052087E-01
 1.98209618622572E+03	-2.12034710501867E-01
 1.98209892412575E+03	-1.00862336089302E-01
 1.98210166202578E+03	 3.75616982533590E-02
 1.98210439992581E+03	 1.56790496304627E-01
 1.98210713782584E+03	 2.12114666299449E-01
 1.98210987572587E+03	 1.84961203975736E-01
 1.98211261362590E+03	 9.38699472527166E-02
 1.98211535152593E+03	-1.97551249256122E-02
 1.98211808942597E+03	-1.18950285228612E-01
 1.98212082732600E+03	-1.88163178382361E-01
 1.98212356522603E+03	-2.29826034220992E-01
 1.98212630312606E+03	-2.50666348866315E-01
 1.98212904102609E+03	-2.53025684646512E-01
 1.98213177892612E+03	-2.36046677192245E-01
 1.98213451682615E+03	-2.00362785727436E-01
 1.98213725472618E+03	-1.48186008365656E-01
 1.98213999262621E+03	-7.83228032752414E-02
 1.98214273052624E+03	 1.50333539990716E-02
 1.98214546842627E+03	 1.31741745985521E-01
 1.98214820632630E+03	 2.50286137314986E-01
 1.98215094422633E+03	 3.27160098094006E-01
 1.98215368212636E+03	 3.20617723419275E-01
 1.98215642002640E+03	 2.21623165409211E-01
 1.98215915792643E+03	 6.35231739941363E-02
 1.98216189582646E+03	-9.79439922298568E-02
 1.98216463372649E+03	-2.14450812516271E-01
 1.98216737162652E+03	-2.60584090132751E-01
 1.98217010952655E+03	-2.31418697838016E-01
 1.98217284742658E+03	-1.36563772574353E-01
 1.98217558532661E+03	-1.26435713976845E-03
 1.98217832322664E+03	 1.31891696656869E-01
 1.98218106112667E+03	 2.14137978622358E-01
 1.98218379902670E+03	 2.14667244459476E-01
 1.98218653692673E+03	 1.39213210304722E-01
 1.98218927482676E+03	 2.47498425304185E-02
 1.98219201272680E+03	-8.61830391295869E-02
 1.98219475062683E+03	-1.68969742834633E-01
 1.98219748852686E+03	-2.20809387864054E-01
 1.98220022642689E+03	-2.48614876351301E-01
 1.98220296432692E+03	-2.56854360280600E-01
 1.98220570222695E+03	-2.45362276820956E-01
 1.98220844012698E+03	-2.14201701519975E-01
 1.98221117802701E+03	-1.66333644477580E-01
 1.98221391592704E+03	-1.03475056417495E-01
 1.98221665382707E+03	-2.13229772118628E-02
 1.98221939172710E+03	 8.48149106652792E-02
 1.98222212962713E+03	 2.03898443955917E-01
 1.98222486752716E+03	 2.99963799838593E-01
 1.98222760542720E+03	 3.27066626529460E-01
 1.98223034332723E+03	 2.61204575671113E-01
 1.98223308122726E+03	 1.20767003159012E-01
 1.98223581912729E+03	-4.34812164246069E-02
 1.98223855702732E+03	-1.77871504799961E-01
 1.98224129492735E+03	-2.48346965926555E-01
 1.98224403282738E+03	-2.43477855416797E-01
 1.98224677072741E+03	-1.67921454235665E-01
 1.98224950862744E+03	-4.09267466950053E-02
 1.98225224652747E+03	 1.00391877263799E-01
 1.98225498442750E+03	 2.06518402249956E-01
 1.98225772232753E+03	 2.36689690652358E-01
 1.98226046022756E+03	 1.82630649631377E-01
 1.98226319812759E+03	 7.30098742855693E-02
 1.98226593602763E+03	-4.72087754183982E-02
 1.98226867392766E+03	-1.44418657075235E-01
 1.98227141182769E+03	-2.08436709603797E-01
 1.98227414972772E+03	-2.44524223390815E-01
 1.98227688762775E+03	-2.59096128247405E-01
 1.98227962552778E+03	-2.53384991175630E-01
 1.98228236342781E+03	-2.26969967122859E-01
 1.98228510132784E+03	-1.82671299564729E-01
 1.98228783922787E+03	-1.24638347035314E-01
 1.98229057712790E+03	-5.16462430252556E-02
 1.98229331502793E+03	 4.27523054406484E-02
 1.98229605292796E+03	 1.56518102015394E-01
 1.98229879082799E+03	 2.63855125123686E-01
 1.98230152872803E+03	 3.19828129711098E-01
 1.98230426662806E+03	 2.88731712135801E-01
 1.98230700452809E+03	 1.72558341189926E-01
 1.98230974242812E+03	 1.27723639070978E-02
 1.98231248032815E+03	-1.34865044519529E-01
 1.98231521822818E+03	-2.28036665052370E-01
 1.98231795612821E+03	-2.47842818459640E-01
 1.98232069402824E+03	-1.93782623881625E-01
 1.98232343192827E+03	-7.95610932151114E-02
 1.98232616982830E+03	 6.40008863581288E-02
 1.98232890772833E+03	 1.89586998293921E-01
 1.98233164562836E+03	 2.49554092884550E-01
 1.98233438352839E+03	 2.21783255012195E-01
 1.98233712142843E+03	 1.23353966200772E-01
 1.98233985932846E+03	-2.23808366935809E-03
 1.98234259722849E+03	-1.13692800988677E-01
 1.98234533512852E+03	-1.91814269527989E-01
 1.98234807302855E+03	-2.37946193229366E-01
 1.98235081092858E+03	-2.59628829971675E-01
 1.98235354882861E+03	-2.60078310942735E-01
 1.98235628672864E+03	-2.38862519781327E-01
 1.98235902462867E+03	-1.97999274755931E-01
 1.98236176252870E+03	-1.43093259512388E-01
 1.98236450042873E+03	-7.66582817044548E-02
 1.98236723832876E+03	 6.64210264436259E-03
 1.98236997622879E+03	 1.11125360461292E-01
 1.98237271412883E+03	 2.22101831616076E-01
 1.98237545202886E+03	 3.00364285525077E-01
 1.98237818992889E+03	 3.03078416745236E-01
 1.98238092782892E+03	 2.16225832725781E-01
 1.98238366572895E+03	 6.82930502543569E-02
 1.98238640362898E+03	-8.68918163666912E-02
 1.98238914152901E+03	-2.00154614103619E-01
 1.98239187942904E+03	-2.44375922717812E-01
 1.98239461732907E+03	-2.13301867754623E-01
 1.98239735522910E+03	-1.15504616080245E-01
 1.98240009312913E+03	 2.46234679136715E-02
 1.98240283102916E+03	 1.64261536558997E-01
 1.98240556892919E+03	 2.52342312197630E-01
 1.98240830682922E+03	 2.54396208377572E-01
 1.98241104472926E+03	 1.73653234092930E-01
 1.98241378262929E+03	 4.79540856900413E-02
 1.98241652052932E+03	-7.62272937826597E-02
 1.98241925842935E+03	-1.69939396751394E-01
 1.98242199632938E+03	-2.28212495359869E-01
 1.98242473422941E+03	-2.58204590066026E-01
 1.98242747212944E+03	-2.65331339769563E-01
 1.98243021002947E+03	-2.49888495694249E-01
 1.98243294792950E+03	-2.12838587387913E-01
 1.98243568582953E+03	-1.60062191857508E-01
 1.98243842372956E+03	-9.75661267449441E-02
 1.98244116162959E+03	-2.33289254522780E-02
 1.98244389952962E+03	 7.00204530652113E-02
 1.98244663742966E+03	 1.78111775404161E-01
 1.98244937532969E+03	 2.71041985698767E-01
 1.98245211322972E+03	 3.04113483983218E-01
 1.98245485112975E+03	 2.49547857861721E-01
 1.98245758902978E+03	 1.20399325318680E-01
 1.98246032692981E+03	-3.57923365239017E-02
 1.98246306482984E+03	-1.65488119972273E-01
 1.98246580272987E+03	-2.33152137810984E-01
 1.98246854062990E+03	-2.25915829730318E-01
 1.98247127852993E+03	-1.47366491639491E-01
 1.98247401642996E+03	-1.57986283833110E-02
 1.98247675432999E+03	 1.31947235725704E-01
 1.98247949223002E+03	 2.44776505109194E-01
 1.98248223013006E+03	 2.78469335127285E-01
 1.98248496803009E+03	 2.21466390335225E-01
 1.98248770593012E+03	 1.01988505545210E-01
 1.98249044383015E+03	-3.18675928536985E-02
 1.98249318173018E+03	-1.41819772764514E-01
 1.98249591963021E+03	-2.14441922592037E-01
 1.98249865753024E+03	-2.54406263104784E-01
 1.98250139543027E+03	-2.68959910876384E-01
 1.98250413333030E+03	-2.59919764614349E-01
 1.98250687123033E+03	-2.27419516725644E-01
 1.98250960913036E+03	-1.76545682813409E-01
 1.98251234703039E+03	-1.15819920000771E-01
 1.98251508493042E+03	-4.77781998131815E-02
 1.98251782283045E+03	 3.46262141501055E-02
 1.98252056073049E+03	 1.35059569273262E-01
 1.98252329863052E+03	 2.34880959339559E-01
 1.98252603653055E+03	 2.92748309802020E-01
 1.98252877443058E+03	 2.70996453584477E-01
 1.98253151233061E+03	 1.66453680551005E-01
 1.98253425023064E+03	 1.62556429542750E-02
 1.98253698813067E+03	-1.25149530008589E-01
 1.98253972603070E+03	-2.14460762575337E-01
 1.98254246393073E+03	-2.31307323444759E-01
 1.98254520183076E+03	-1.74056905819884E-01
 1.98254793973079E+03	-5.54256536692466E-02
 1.98255067763082E+03	 9.43965353074130E-02
 1.98255341553085E+03	 2.27235832369888E-01
 1.98255615343089E+03	 2.92466253146191E-01
 1.98255889133092E+03	 2.64235609286875E-01
 1.98256162923095E+03	 1.57912045659957E-01
 1.98256436713098E+03	 1.89950951681791E-02
 1.98256710503101E+03	-1.06626917501081E-01
 1.98256984293104E+03	-1.95590065588130E-01
 1.98257258083107E+03	-2.47610285576912E-01
 1.98257531873110E+03	-2.70685220982260E-01
 1.98257805663113E+03	-2.68735183362044E-01
 1.98258079453116E+03	-2.41714464766322E-01
 1.98258353243119E+03	-1.93218631941572E-01
 1.98258627033122E+03	-1.32870545170810E-01
 1.98258900823125E+03	-6.79365674793821E-02
 1.98259174613129E+03	 5.41052596705152E-03
 1.98259448403132E+03	 9.55487439336735E-02
 1.98259722193135E+03	 1.95218857402962E-01
 1.98259995983138E+03	 2.70864608233161E-01
 1.98260269773141E+03	 2.79929369669388E-01
 1.98260543563144E+03	 2.04100440812154E-01
 1.98260817353147E+03	 6.68370927816007E-02
 1.98261091143150E+03	-8.06004856507141E-02
 1.98261364933153E+03	-1.88827530187926E-01
 1.98261638723156E+03	-2.29373382454711E-01
 1.98261912513159E+03	-1.94781391619758E-01
 1.98262186303162E+03	-9.26253836030303E-02
 1.98262460093165E+03	 5.35485009944654E-02
 1.98262733883168E+03	 2.00706065290787E-01
 1.98263007673172E+03	 2.95458263197731E-01
 1.98263281463175E+03	 2.99510482350428E-01
 1.98263555253178E+03	 2.13302021881666E-01
 1.98263829043181E+03	 7.53349105330633E-02
 1.98264102833184E+03	-6.38665630074562E-02
 1.98264376623187E+03	-1.70546259940466E-01
 1.98264650413190E+03	-2.36972052936595E-01
 1.98264924203193E+03	-2.70095480556324E-01
 1.98265197993196E+03	-2.76046706520122E-01
 1.98265471783199E+03	-2.55497785594145E-01
 1.98265745573202E+03	-2.10391900992782E-01
 1.98266019363205E+03	-1.49961041192318E-01
 1.98266293153208E+03	-8.53969111720454E-02
 1.98266566943212E+03	-1.80656730018882E-02
 1.98266840733215E+03	 6.13542345936955E-02
 1.98267114523218E+03	 1.55335296385220E-01
 1.98267388313221E+03	 2.41122819807469E-01
 1.98267662103224E+03	 2.76696553587608E-01
 1.98267935893227E+03	 2.31510675102747E-01
 1.98268209683230E+03	 1.13457380599007E-01
 1.98268483473233E+03	-3.36432611208280E-02
 1.98268757263236E+03	-1.57049364539838E-01
 1.98269031053239E+03	-2.20208444786798E-01
 1.98269304843242E+03	-2.09012450077266E-01
 1.98269578633245E+03	-1.26037662344296E-01
 1.98269852423248E+03	 1.13696944954690E-02
 1.98270126213252E+03	 1.66671602910564E-01
 1.98270400003255E+03	 2.87205291772468E-01
 1.98270673793258E+03	 3.25172816492362E-01
 1.98270947583261E+03	 2.65437536243735E-01
 1.98271221373264E+03	 1.35468479806579E-01
 1.98271495163267E+03	-1.35426263289574E-02
 1.98271768953270E+03	-1.38274033206413E-01
 1.98272042743273E+03	-2.21448530642780E-01
 1.98272316533276E+03	-2.66602636774828E-01
 1.98272590323279E+03	-2.81499890395903E-01
 1.98272864113282E+03	-2.68412413058719E-01
 1.98273137903285E+03	-2.28033064364382E-01
 1.98273411693288E+03	-1.67977375680857E-01
 1.98273685483292E+03	-1.01841859317248E-01
 1.98273959273295E+03	-3.69873110621313E-02
 1.98274233063298E+03	 3.32785878279651E-02
 1.98274506853301E+03	 1.18084229952139E-01
 1.98274780643304E+03	 2.06669675993307E-01
 1.98275054433307E+03	 2.62636867899082E-01
 1.98275328223310E+03	 2.47599298566378E-01
 1.98275602013313E+03	 1.53746963927498E-01
 1.98275875803316E+03	 1.36353520745848E-02
 1.98276149593319E+03	-1.20228030197810E-01
 1.98276423383322E+03	-2.04108028444042E-01
 1.98276697173325E+03	-2.16453011995615E-01
 1.98276970963328E+03	-1.54598270528378E-01
 1.98277244753331E+03	-3.02840158515586E-02
 1.98277518543335E+03	 1.26966950757403E-01
 1.98277792333338E+03	 2.68165134116091E-01
 1.98278066123341E+03	 3.39634123010996E-01
 1.98278339913344E+03	 3.11520581390894E-01
 1.98278613703347E+03	 1.97109701807689E-01
 1.98278887493350E+03	 4.37111489570664E-02
 1.98279161283353E+03	-9.79823135200788E-02
 1.98279435073356E+03	-1.99867937043752E-01
 1.98279708863359E+03	-2.59410460802598E-01
 1.98279982653362E+03	-2.84649339129946E-01
 1.98280256443365E+03	-2.80024553873977E-01
 1.98280530233368E+03	-2.45830492347508E-01
 1.98280804023371E+03	-1.87372144249443E-01
 1.98281077813375E+03	-1.18790569694118E-01
 1.98281351603378E+03	-5.30394191214641E-02
 1.98281625393381E+03	 1.11387012484372E-02
 1.98281899183384E+03	 8.55841120463058E-02
 1.98282172973387E+03	 1.70779430358367E-01
 1.98282446763390E+03	 2.39955273340336E-01
 1.98282720553393E+03	 2.52178921247510E-01
 1.98282994343396E+03	 1.85691438549921E-01
 1.98283268133399E+03	 5.89749314195294E-02
 1.98283541923402E+03	-7.97856896991002E-02
 1.98283815713405E+03	-1.81591125632474E-01
 1.98284089503408E+03	-2.17005599647639E-01
 1.98284363293411E+03	-1.77529467198198E-01
 1.98284637083415E+03	-6.97706038935461E-02
 1.98284910873418E+03	 8.36092657620637E-02
 1.98285184663421E+03	 2.39432390016699E-01
 1.98285458453424E+03	 3.41981025992761E-01
 1.98285732243427E+03	 3.48921598052153E-01
 1.98286006033430E+03	 2.57503291705548E-01
 1.98286279823433E+03	 1.06556320562534E-01
 1.98286553613436E+03	-4.93067167964967E-02
 1.98286827403439E+03	-1.71048641933026E-01
 1.98287101193442E+03	-2.47511196522647E-01
 1.98287374983445E+03	-2.84917656003603E-01
 1.98287648773448E+03	-2.89852973396105E-01
 1.98287922563451E+03	-2.63279086338813E-01
 1.98288196353454E+03	-2.08161423347065E-01
 1.98288470143458E+03	-1.37398475410429E-01
 1.98288743933461E+03	-6.81160626342990E-02
 1.98289017723464E+03	-6.11919397505359E-03
 1.98289291513467E+03	 5.90077773064891E-02
 1.98289565303470E+03	 1.36474754072735E-01
 1.98289839093473E+03	 2.11487962467121E-01
 1.98290112883476E+03	 2.46020507348291E-01
 1.98290386673479E+03	 2.07856816131935E-01
 1.98290660463482E+03	 1.00104491041139E-01
 1.98290934253485E+03	-3.74458097803494E-02
 1.98291208043488E+03	-1.53432606771732E-01
 1.98291481833491E+03	-2.10757311545401E-01
 1.98291755623494E+03	-1.94309565119261E-01
 1.98292029413498E+03	-1.05723209580115E-01
 1.98292303203501E+03	 3.86344428275249E-02
 1.98292576993504E+03	 2.02618154816247E-01
 1.98292850783507E+03	 3.32050989068271E-01
 1.98293124573510E+03	 3.75419662288286E-01
 1.98293398363513E+03	 3.13626745847370E-01
 1.98293672153516E+03	 1.72950345078459E-01
 1.98293945943519E+03	 7.52507955405968E-03
 1.98294219733522E+03	-1.33960119136289E-01
 1.98294493523525E+03	-2.29725119066369E-01
 1.98294767313528E+03	-2.81552851526596E-01
 1.98295041103531E+03	-2.97367365243625E-01
 1.98295314893534E+03	-2.79764711454491E-01
 1.98295588683538E+03	-2.29982701072401E-01
 1.98295862473541E+03	-1.58332756958880E-01
 1.98296136263544E+03	-8.40278390112336E-02
 1.98296410053547E+03	-2.01971352966255E-02
 1.98296683843550E+03	 3.84998439030884E-02
 1.98296957633553E+03	 1.06178114473135E-01
 1.98297231423556E+03	 1.80380283603650E-01
 1.98297505213559E+03	 2.30802060405766E-01
 1.98297779003562E+03	 2.19575782013594E-01
 1.98298052793565E+03	 1.34944226296643E-01
 1.98298326583568E+03	 4.83283226367948E-03
 1.98298600373571E+03	-1.20691672165197E-01
 1.98298874163574E+03	-1.97984780253689E-01
 1.98299147953577E+03	-2.04635997497716E-01
 1.98299421743581E+03	-1.37070690959811E-01
 1.98299695533584E+03	-6.04353066034075E-03
 1.98299969323587E+03	 1.59689150752006E-01
 1.98300243113590E+03	 3.10430564883614E-01
 1.98300516903593E+03	 3.89407387010238E-01
 1.98300790693596E+03	 3.62439837321213E-01
 1.98301064483599E+03	 2.40232005766298E-01
 1.98301338273602E+03	 7.15713252565564E-02
 1.98301612063605E+03	-8.79094766014108E-02
 1.98301885853608E+03	-2.04791006190862E-01
 1.98302159643611E+03	-2.73602563597479E-01
 1.98302433433614E+03	-3.01959359052129E-01
 1.98302707223617E+03	-2.94627718156418E-01
 1.98302981013621E+03	-2.52192627047993E-01
 1.98303254803624E+03	-1.81732194388124E-01
 1.98303528593627E+03	-1.02249211942989E-01
 1.98303802383630E+03	-3.31514302238524E-02
 1.98304076173633E+03	 2.32309221974794E-02
 1.98304349963636E+03	 8.14415558246071E-02
 1.98304623753639E+03	 1.49716846997766E-01
 1.98304897543642E+03	 2.08941889281741E-01
 1.98305171333645E+03	 2.21062095789689E-01
 1.98305445123648E+03	 1.61822503476008E-01
 1.98305718913651E+03	 4.49736135542800E-02
 1.98305992703654E+03	-8.47200366293455E-02
 1.98306266493657E+03	-1.79176289909382E-01
 1.98306540283661E+03	-2.08395218046649E-01
 1.98306814073664E+03	-1.63025398343239E-01
 1.98307087863667E+03	-4.87360129893539E-02
 1.98307361653670E+03	 1.12789360850545E-01
 1.98307635443673E+03	 2.78379210057391E-01
 1.98307909233676E+03	 3.90035057387455E-01
 1.98308183023679E+03	 4.01152876541774E-01
 1.98308456813682E+03	 3.05289400777399E-01
 1.98308730603685E+03	 1.41121980198602E-01
 1.98309004393688E+03	-3.27294862458190E-02
 1.98309278183691E+03	-1.71506605512623E-01
 1.98309551973694E+03	-2.59923020646153E-01
 1.98309825763697E+03	-3.02898088077737E-01
 1.98310099553701E+03	-3.07193111823960E-01
 1.98310373343704E+03	-2.73978721228287E-01
 1.98310647133707E+03	-2.07245514365806E-01
 1.98310920923710E+03	-1.23737946499603E-01
 1.98311194713713E+03	-4.70719295950130E-02
 1.98311468503716E+03	 1.15779410003693E-02
 1.98311742293719E+03	 6.27923983756490E-02
 1.98312016083722E+03	 1.22152382904873E-01
 1.98312289873725E+03	 1.83330250950836E-01
 1.98312563663728E+03	 2.13427535644599E-01
 1.98312837453731E+03	 1.79677710772899E-01
 1.98313111243734E+03	 8.09457315237575E-02
 1.98313385033737E+03	-4.71347927525172E-02
 1.98313658823740E+03	-1.55061750181796E-01
 1.98313932613744E+03	-2.05648753667521E-01
 1.98314206403747E+03	-1.83050897284883E-01
 1.98314480193750E+03	-8.80396263037396E-02
 1.98314753983753E+03	 6.40677456043167E-02
 1.98315027773756E+03	 2.37691805767144E-01
 1.98315301563759E+03	 3.77276825243606E-01
 1.98315575353762E+03	 4.27481164195642E-01
 1.98315849143765E+03	 3.64796090152987E-01
 1.98316122933768E+03	 2.13729364415736E-01
 1.98316396723771E+03	 3.10603031966449E-02
 1.98316670513774E+03	-1.28908144578404E-01
 1.98316944303777E+03	-2.39236259783427E-01
 1.98317218093780E+03	-2.99288224142706E-01
 1.98317491883784E+03	-3.16764444886940E-01
 1.98317765673787E+03	-2.94459790259221E-01
 1.98318039463790E+03	-2.34129871362129E-01
 1.98318313253793E+03	-1.48845214865060E-01
 1.98318587043796E+03	-6.37812149323963E-02
 1.98318860833799E+03	 1.40170402336662E-03
 1.98319134623802E+03	 4.97159586612962E-02
 1.98319408413805E+03	 9.95939418187077E-02
 1.98319682203808E+03	 1.56989526026441E-01
 1.98319955993811E+03	 1.98588121341745E-01
 1.98320229783814E+03	 1.88212210390001E-01
 1.98320503573817E+03	 1.10958502731256E-01
 1.98320777363820E+03	-9.74581189591641E-03
 1.98321051153824E+03	-1.26636616798553E-01
 1.98321324943827E+03	-1.96638678159742E-01
 1.98321598733830E+03	-1.96824147960509E-01
 1.98321872523833E+03	-1.22854366440669E-01
 1.98322146313836E+03	 1.55323616679019E-02
 1.98322420103839E+03	 1.90520752075029E-01
 1.98322693893842E+03	 3.51912639900811E-01
 1.98322967683845E+03	 4.39854064519312E-01
 1.98323241473848E+03	 4.15490335969405E-01
 1.98323515263851E+03	 2.86329941911911E-01
 1.98323789053854E+03	 1.02147782764481E-01
 1.98324062843857E+03	-7.64685380920473E-02
 1.98324336633860E+03	-2.10241258653601E-01
 1.98324610423863E+03	-2.90050723777301E-01
 1.98324884213867E+03	-3.22588491115723E-01
 1.98325158003870E+03	-3.12755261315090E-01
 1.98325431793873E+03	-2.61382767058604E-01
 1.98325705583876E+03	-1.77319044660613E-01
 1.98325979373879E+03	-8.45947073777679E-02
 1.98326253163882E+03	-9.62069925552497E-03
 1.98326526953885E+03	 4.07765104388757E-02
 1.98326800743888E+03	 8.29792520808228E-02
 1.98327074533891E+03	 1.32705774142253E-01
 1.98327348323894E+03	 1.79062093821655E-01
 1.98327622113897E+03	 1.87968739347942E-01
 1.98327895903900E+03	 1.33661912842581E-01
 1.98328169693903E+03	 2.55645526220197E-02
 1.98328443483907E+03	-9.51642156654481E-02
 1.98328717273910E+03	-1.81808974199437E-01
 1.98328991063913E+03	-2.04205207416281E-01
 1.98329264853916E+03	-1.52368553708214E-01
 1.98329538643919E+03	-3.10551034647229E-02
 1.98329812433922E+03	 1.39182665856658E-01
 1.98330086223925E+03	 3.15431234970903E-01
 1.98330360013928E+03	 4.37552884229607E-01
 1.98330633803931E+03	 4.54464979668517E-01
 1.98330907593934E+03	 3.55450803713722E-01
 1.98331181383937E+03	 1.78401497637223E-01
 1.98331455173940E+03	-1.42869728626954E-02
 1.98331728963943E+03	-1.71774571958551E-01
 1.98332002753947E+03	-2.73944582374077E-01
 1.98332276543950E+03	-3.23806264473315E-01
 1.98332550333953E+03	-3.28012796033491E-01
 1.98332824123956E+03	-2.87877794268439E-01
 1.98333097913959E+03	-2.08388458262671E-01
 1.98333371703962E+03	-1.10170802265303E-01
 1.98333645493965E+03	-2.36576346345483E-02
 1.98333919283968E+03	 3.38575225172031E-02
 1.98334193073971E+03	 7.21831365905440E-02
 1.98334466863974E+03	 1.12681209880866E-01
 1.98334740653977E+03	 1.57678870584243E-01
 1.98335014443980E+03	 1.80308186959118E-01
 1.98335288233983E+03	 1.48323529602347E-01
 1.98335562023986E+03	 5.70020903127106E-02
 1.98335835813990E+03	-6.21428363046435E-02
 1.98336109603993E+03	-1.61833137377826E-01
 1.98336383393996E+03	-2.05223270003733E-01
 1.98336657183999E+03	-1.76023892335033E-01
 1.98336930974002E+03	-7.42384599544747E-02
 1.98337204764005E+03	 8.59747515926102E-02
 1.98337478554008E+03	 2.69870037876793E-01
 1.98337752344011E+03	 4.20761395768096E-01
 1.98338026134014E+03	 4.79432707929296E-01
 1.98338299924017E+03	 4.17481787090172E-01
 1.98338573714020E+03	 2.56937444817667E-01
 1.98338847504023E+03	 5.67605345874997E-02
 1.98339121294026E+03	-1.23005472786619E-01
 1.98339395084030E+03	-2.49641789925751E-01
 1.98339668874033E+03	-3.19411267739100E-01
 1.98339942664036E+03	-3.39394546191731E-01
 1.98340216454039E+03	-3.12477377355109E-01
 1.98340490244042E+03	-2.40903507298130E-01
 1.98340764034045E+03	-1.40464136799605E-01
 1.98341037824048E+03	-4.24266133935068E-02
 1.98341311614051E+03	 2.64849897370739E-02
 1.98341585404054E+03	 6.60657221581194E-02
 1.98341859194057E+03	 9.82564206732679E-02
 1.98342132984060E+03	 1.37233189331597E-01
 1.98342406774063E+03	 1.67280744990221E-01
 1.98342680564066E+03	 1.54951064063637E-01
 1.98342954354070E+03	 8.30447249539511E-02
 1.98343228144073E+03	-2.92292774976586E-02
 1.98343501934076E+03	-1.37634299577651E-01
 1.98343775724079E+03	-2.00081736324573E-01
 1.98344049514082E+03	-1.93475440495619E-01
 1.98344323304085E+03	-1.12882235633865E-01
 1.98344597094088E+03	 3.30220021267665E-02
 1.98344870884091E+03	 2.17615639157976E-01
 1.98345144674094E+03	 3.90524873485465E-01
 1.98345418464097E+03	 4.88933857504376E-01
 1.98345692254100E+03	 4.68983666947227E-01
 1.98345966044103E+03	 3.34281792481408E-01
 1.98346239834106E+03	 1.34938309152795E-01
 1.98346513624110E+03	-6.36413818396729E-02
 1.98346787414113E+03	-2.15858321364300E-01
 1.98347061204116E+03	-3.08236874277366E-01
 1.98347334994119E+03	-3.46033127778752E-01
 1.98347608784122E+03	-3.34103438483241E-01
 1.98347882574125E+03	-2.73499407387207E-01
 1.98348156364128E+03	-1.74777831269833E-01
 1.98348430154131E+03	-6.69790271814477E-02
 1.98348703944134E+03	 1.61862100951231E-02
 1.98348977734137E+03	 6.26555728402938E-02
 1.98349251524140E+03	 8.97427882223594E-02
 1.98349525314143E+03	 1.20129270805515E-01
 1.98349799104146E+03	 1.51398126950536E-01
 1.98350072894149E+03	 1.54334357641047E-01
 1.98350346684153E+03	 1.02625190271505E-01
 1.98350620474156E+03	 1.88148476738520E-03
 1.98350894264159E+03	-1.10383087797491E-01
 1.98351168054162E+03	-1.89178309008430E-01
 1.98351441844165E+03	-2.04559586851592E-01
 1.98351715634168E+03	-1.46152499498595E-01
 1.98351989424171E+03	-1.78306200951098E-02
 1.98352263214174E+03	 1.61192272192025E-01
 1.98352537004177E+03	 3.48625990517031E-01
 1.98352810794180E+03	 4.82461235605694E-01
 1.98353084584183E+03	 5.06996277642774E-01
 1.98353358374186E+03	 4.06618239419665E-01
 1.98353632164189E+03	 2.17657997419896E-01
 1.98353905954193E+03	 5.88670459540738E-03
 1.98354179744196E+03	-1.71532874525824E-01
 1.98354453534199E+03	-2.88991082394368E-01
 1.98354727324202E+03	-3.46976751703944E-01
 1.98355001114205E+03	-3.51758047197116E-01
 1.98355274904208E+03	-3.04752140354680E-01
 1.98355548694211E+03	-2.11894978379282E-01
 1.98355822484214E+03	-9.75904389793724E-02
 1.98356096274217E+03	 8.32489322219006E-04
 1.98356370064220E+03	 5.94411340082470E-02
 1.98356643854223E+03	 8.63906331076807E-02
 1.98356917644226E+03	 1.08064047720855E-01
 1.98357191434229E+03	 1.35330431009170E-01
 1.98357465224233E+03	 1.47990116344694E-01
 1.98357739014236E+03	 1.15283503233290E-01
 1.98358012804239E+03	 2.96115686793798E-02
 1.98358286594242E+03	-8.14608196966149E-02
 1.98358560384245E+03	-1.73130286721973E-01
 1.98358834174248E+03	-2.09278652489920E-01
 1.98359107964251E+03	-1.73477379136243E-01
 1.98359381754254E+03	-6.50755980228049E-02
 1.98359655544257E+03	 1.03065127148868E-01
 1.98359929334260E+03	 2.97396853221036E-01
 1.98360203124263E+03	 4.60487598493246E-01
 1.98360476914266E+03	 5.29308978390817E-01
 1.98360750704269E+03	 4.70095860603042E-01
 1.98361024494272E+03	 3.01586599355398E-01
 1.98361298284276E+03	 8.42906282063148E-02
 1.98361572074279E+03	-1.16034134087801E-01
 1.98361845864282E+03	-2.60349001293351E-01
 1.98362119654285E+03	-3.41147308909443E-01
 1.98362393444288E+03	-3.64498437467304E-01
 1.98362667234291E+03	-3.33298113770922E-01
 1.98362941024294E+03	-2.50258387933720E-01
 1.98363214814297E+03	-1.33763058252332E-01
 1.98363488604300E+03	-2.10814689645309E-02
 1.98363762394303E+03	 5.37281926830056E-02
 1.98364036184306E+03	 8.64992830787837E-02
 1.98364309974309E+03	 1.01795267715885E-01
 1.98364583764312E+03	 1.21564616347717E-01
 1.98364857554316E+03	 1.38006125466499E-01
 1.98365131344319E+03	 1.21260849702452E-01
 1.98365405134322E+03	 5.26725813788794E-02
 1.98365678924325E+03	-5.23812418981241E-02
 1.98365952714328E+03	-1.52791554442092E-01
 1.98366226504331E+03	-2.07804492716269E-01
 1.98366500294334E+03	-1.94502710222636E-01
 1.98366774084337E+03	-1.07553269333951E-01
 1.98367047874340E+03	 4.54805531974357E-02
 1.98367321664343E+03	 2.39494112562662E-01
 1.98367595454346E+03	 4.24394693481418E-01
 1.98367869244349E+03	 5.34659957388798E-01
 1.98368143034352E+03	 5.21163276095178E-01
 1.98368416824356E+03	 3.82853202157110E-01
 1.98368690614359E+03	 1.69371584477286E-01
 1.98368964404362E+03	-4.93685541705629E-02
 1.98369238194365E+03	-2.21102568897909E-01
 1.98369511984368E+03	-3.27334632610186E-01
 1.98369785774371E+03	-3.71381942449909E-01
 1.98370059564374E+03	-3.57900581932676E-01
 1.98370333354377E+03	-2.88162411658299E-01
 1.98370607144380E+03	-1.74328944733521E-01
 1.98370880934383E+03	-5.02571251676063E-02
 1.98371154724386E+03	 4.30120020153967E-02
 1.98371428514389E+03	 8.76545791021896E-02
 1.98371702304392E+03	 1.01029745479893E-01
 1.98371976094395E+03	 1.12070066181040E-01
 1.98372249884399E+03	 1.26796994661746E-01
 1.98372523674402E+03	 1.21512053616435E-01
 1.98372797464405E+03	 7.02306036934196E-02
 1.98373071254408E+03	-2.46719691886104E-02
 1.98373345044411E+03	-1.29247141449949E-01
 1.98373618834414E+03	-2.00496806613997E-01
 1.98373892624417E+03	-2.09056279991955E-01
 1.98374166414420E+03	-1.44425956000921E-01
 1.98374440204423E+03	-9.64270618272719E-03
 1.98374713994426E+03	 1.77667340839649E-01
 1.98374987784429E+03	 3.76316027474913E-01
 1.98375261574432E+03	 5.22839970667780E-01
 1.98375535364435E+03	 5.56889563304262E-01
 1.98375809154439E+03	 4.57337745016514E-01
 1.98376082944442E+03	 2.58066381995280E-01
 1.98376356734445E+03	 2.76442220991526E-02
 1.98376630524448E+03	-1.70354985055321E-01
 1.98376904314451E+03	-3.04244588668213E-01
 1.98377178104454E+03	-3.71404271410637E-01
 1.98377451894457E+03	-3.77458524774299E-01
 1.98377725684460E+03	-3.23922247028926E-01
 1.98377999474463E+03	-2.17627266842930E-01
 1.98378273264466E+03	-8.65293779355386E-02
 1.98378547054469E+03	 2.53117525981628E-02
 1.98378820844472E+03	 8.70605971610169E-02
 1.98379094634475E+03	 1.04450612650882E-01
 1.98379368424479E+03	 1.08018598357892E-01
 1.98379642214482E+03	 1.16798264678980E-01
 1.98379916004485E+03	 1.17623988258732E-01
 1.98380189794488E+03	 8.20361779024368E-02
 1.98380463584491E+03	 2.74304254241638E-04
 1.98380737374494E+03	-1.03773964509603E-01
 1.98381011164497E+03	-1.87926209040858E-01
 1.98381284954500E+03	-2.17129373477529E-01
 1.98381558744503E+03	-1.75131127055468E-01
 1.98381832534506E+03	-6.07666329155934E-02
 1.98382106324509E+03	 1.14549328177275E-01
 1.98382380114512E+03	 3.18916680172073E-01
 1.98382653904515E+03	 4.94688880174000E-01
 1.98382927694519E+03	 5.75232556951624E-01
 1.98383201484522E+03	 5.21012321741131E-01
 1.98383475274525E+03	 3.46600531044220E-01
 1.98383749064528E+03	 1.13260984192815E-01
 1.98384022854531E+03	-1.07736280597580E-01
 1.98384296644534E+03	-2.70608914684517E-01
 1.98384570434537E+03	-3.63457602439087E-01
 1.98384844224540E+03	-3.90967060400615E-01
 1.98385118014543E+03	-3.55993917763652E-01
 1.98385391804546E+03	-2.61719093965888E-01
 1.98385665594549E+03	-1.28921087358164E-01
 1.98385939384552E+03	-5.77689289304078E-04
 1.98386213174555E+03	 8.19186359252536E-02
 1.98386486964558E+03	 1.09882538907028E-01
 1.98386760754562E+03	 1.09600857419540E-01
 1.98387034544565E+03	 1.10137418807793E-01
 1.98387308334568E+03	 1.11640736167123E-01
 1.98387582124571E+03	 8.84932755170537E-02
 1.98387855914574E+03	 2.13605457145110E-02
 1.98388129704577E+03	-7.77621619000698E-02
 1.98388403494580E+03	-1.70888726531803E-01
 1.98388677284583E+03	-2.18877879056826E-01
 1.98388951074586E+03	-1.99330058374762E-01
 1.98389224864589E+03	-1.06736202189533E-01
 1.98389498654592E+03	 5.24910881939953E-02
 1.98389772444595E+03	 2.55140798912916E-01
 1.98390046234598E+03	 4.51987819904689E-01
 1.98390320024602E+03	 5.75221195753369E-01
 1.98390593814605E+03	 5.70296384339095E-01
 1.98390867604608E+03	 4.30740460823659E-01
 1.98391141394611E+03	 2.04796621649841E-01
 1.98391415184614E+03	-3.36083905168682E-02
 1.98391688974617E+03	-2.25352440159285E-01
 1.98391962764620E+03	-3.46332513552250E-01
 1.98392236554623E+03	-3.97449705495734E-01
 1.98392510344626E+03	-3.83030531034532E-01
 1.98392784134629E+03	-3.04600237691976E-01
 1.98393057924632E+03	-1.75796095317248E-01
 1.98393331714635E+03	-3.49476920661199E-02
 1.98393605504638E+03	 6.98000696791223E-02
 1.98393879294642E+03	 1.14573684317229E-01
 1.98394153084645E+03	 1.15968784799107E-01
 1.98394426874648E+03	 1.08326815920149E-01
 1.98394700664651E+03	 1.05811011049971E-01
 1.98394974454654E+03	 9.06476050469707E-02
 1.98395248244657E+03	 3.79339771361706E-02
 1.98395522034660E+03	-5.25993089561720E-02
 1.98395795824663E+03	-1.50398074610037E-01
 1.98396069614666E+03	-2.14638457461192E-01
 1.98396343404669E+03	-2.16866144391055E-01
 1.98396617194672E+03	-1.46743217812651E-01
 1.98396890984675E+03	-6.54465219478942E-03
 1.98397164774678E+03	 1.87959825336536E-01
 1.98397438564681E+03	 3.97263709159025E-01
 1.98397712354685E+03	 5.57029588772917E-01
 1.98397986144688E+03	 6.02383281662177E-01
 1.98398259934691E+03	 5.06122396593942E-01
 1.98398533724694E+03	 2.98714209086712E-01
 1.98398807514697E+03	 5.07752928427761E-02
 1.98399081304700E+03	-1.67800588211097E-01
 1.98399355094703E+03	-3.18780131641984E-01
 1.98399628884706E+03	-3.95889777464982E-01
 1.98399902674709E+03	-4.03875010038597E-01
 1.98400176464712E+03	-3.44376849321074E-01
 1.98400450254715E+03	-2.25077705756740E-01
 1.98400724044718E+03	-7.71636811118797E-02
 1.98400997834721E+03	 4.89615610689091E-02
 1.98401271624725E+03	 1.15555847773667E-01
 1.98401545414728E+03	 1.25316485437044E-01
 1.98401819204731E+03	 1.12023368933820E-01
 1.98402092994734E+03	 1.02286923858723E-01
 1.98402366784737E+03	 9.00851714145007E-02
 1.98402640574740E+03	 4.98963311824473E-02
 1.98402914364743E+03	-2.95283744336037E-02
 1.98403188154746E+03	-1.27645090300660E-01
 1.98403461944749E+03	-2.04949674939873E-01
 1.98403735734752E+03	-2.27741885945800E-01
 1.98404009524755E+03	-1.80268711990969E-01
 1.98404283314758E+03	-6.10281784917222E-02
 1.98404557104761E+03	 1.20151787703097E-01
 1.98404830894765E+03	 3.33533974696554E-01
 1.98405104684768E+03	 5.21934860391092E-01
 1.98405378474771E+03	 6.15497769902525E-01
 1.98405652264774E+03	 5.68623020273661E-01
 1.98405926054777E+03	 3.90825656000057E-01
 1.98406199844780E+03	 1.43188690853879E-01
 1.98406473634783E+03	-9.78991629651455E-02
 1.98406747424786E+03	-2.79639280942795E-01
 1.98407021214789E+03	-3.85189603753758E-01
 1.98407295004792E+03	-4.17503537407260E-01
 1.98407568794795E+03	-3.79378839523414E-01
 1.98407842584798E+03	-2.74491620364184E-01
 1.98408116374801E+03	-1.25771181514141E-01
 1.98408390164804E+03	 1.85610446529918E-02
 1.98408663954808E+03	 1.10032748035887E-01
 1.98408937744811E+03	 1.35091903883973E-01
 1.98409211534814E+03	 1.20892559778534E-01
 1.98409485324817E+03	 1.02813234952350E-01
 1.98409759114820E+03	 8.87452765831986E-02
 1.98410032904823E+03	 5.77520133576752E-02
 1.98410306694826E+03	-9.49788329444125E-03
 1.98410580484829E+03	-1.03919617762357E-01
 1.98410854274832E+03	-1.90564780252080E-01
 1.98411128064835E+03	-2.32116794302574E-01
 1.98411401854838E+03	-2.07021785079329E-01
 1.98411675644841E+03	-1.09852484532129E-01
 1.98411949434844E+03	 5.41347933162451E-02
 1.98412223224848E+03	 2.64026019926208E-01
 1.98412497014851E+03	 4.72166380467744E-01
 1.98412770804854E+03	 6.09052273480169E-01
 1.98413044594857E+03	 6.14729079603582E-01
 1.98413318384860E+03	 4.76589296964471E-01
 1.98413592174863E+03	 2.40455043878397E-01
 1.98413865964866E+03	-1.64114313567261E-02
 1.98414139754869E+03	-2.28019834968173E-01
 1.98414413544872E+03	-3.64181624267829E-01
 1.98414687334875E+03	-4.22944800417287E-01
 1.98414961124878E+03	-4.08200645510084E-01
 1.98415234914881E+03	-3.21791846786358E-01
 1.98415508704884E+03	-1.78694501899684E-01
 1.98415782494888E+03	-2.12508513649112E-02
 1.98416056284891E+03	 9.57425454353171E-02
 1.98416330074894E+03	 1.42312414535436E-01
 1.98416603864897E+03	 1.33600898297757E-01
 1.98416877654900E+03	 1.08450842942073E-01
 1.98417151444903E+03	 8.86661176606800E-02
 1.98417425234906E+03	 6.25773886935988E-02
 1.98417699024909E+03	 6.97218640172029E-03
 1.98417972814912E+03	-8.04979635708836E-02
 1.98418246604915E+03	-1.72442732966228E-01
 1.98418520394918E+03	-2.30321480389443E-01
 1.98418794184921E+03	-2.26889998523715E-01
 1.98419067974924E+03	-1.52282599101685E-01
 1.98419341764928E+03	-8.13243417294116E-03
 1.98419615554931E+03	 1.91907264209728E-01
 1.98419889344934E+03	 4.10668287754606E-01
 1.98420163134937E+03	 5.83682677211368E-01
 1.98420436924940E+03	 6.41861057170962E-01
 1.98420710714943E+03	 5.51475890530947E-01
 1.98420984504946E+03	 3.38584375498172E-01
 1.98421258294949E+03	 7.49440843158419E-02
 1.98421532084952E+03	-1.63520299212172E-01
 1.98421805874955E+03	-3.31705660337604E-01
 1.98422079664958E+03	-4.19205777677337E-01
 1.98422353454961E+03	-4.29674681290442E-01
 1.98422627244964E+03	-3.64934946701674E-01
 1.98422901034967E+03	-2.33489627038542E-01
 1.98423174824971E+03	-6.93694369566283E-02
 1.98423448614974E+03	 7.12452602754426E-02
 1.98423722404977E+03	 1.43941853886973E-01
 1.98423996194980E+03	 1.47943079050349E-01
 1.98424269984983E+03	 1.19376283547693E-01
 1.98424543774986E+03	 9.16934788166629E-02
 1.98424817564989E+03	 6.59051466493117E-02
 1.98425091354992E+03	 1.98839585207332E-02
 1.98425365144995E+03	-5.85073113402491E-02
 1.98425638934998E+03	-1.51707330207656E-01
 1.98425912725001E+03	-2.22877530034745E-01
 1.98426186515004E+03	-2.39910781113236E-01
 1.98426460305007E+03	-1.87883688113936E-01
 1.98426734095011E+03	-6.51816362034388E-02
 1.98427007885014E+03	 1.20057371500050E-01
 1.98427281675017E+03	 3.40808041242768E-01
 1.98427555465020E+03	 5.41160368694052E-01
 1.98427829255023E+03	 6.48610427136345E-01
 1.98428103045026E+03	 6.11362859297908E-01
 1.98428376835029E+03	 4.33022883441336E-01
 1.98428650625032E+03	 1.73447210327144E-01
 1.98428924415035E+03	-8.64472760218454E-02
 1.98429198205038E+03	-2.86753241250992E-01
 1.98429471995041E+03	-4.05234167179859E-01
 1.98429745785044E+03	-4.42797015811852E-01
 1.98430019575047E+03	-4.02180716965746E-01
 1.98430293365051E+03	-2.87607120403045E-01
 1.98430567155054E+03	-1.23890040158869E-01
 1.98430840945057E+03	 3.60979369812055E-02
 1.98431114735060E+03	 1.37277270315661E-01
 1.98431388525063E+03	 1.61090566989546E-01
 1.98431662315066E+03	 1.34790348965489E-01
 1.98431936105069E+03	 9.91915165789555E-02
 1.98432209895072E+03	 6.95306690063711E-02
 1.98432483685075E+03	 2.97929703881319E-02
 1.98432757475078E+03	-3.87855922636879E-02
 1.98433031265081E+03	-1.29570331465965E-01
 1.98433305055084E+03	-2.10509623608742E-01
 1.98433578845087E+03	-2.46266042175665E-01
 1.98433852635090E+03	-2.16447541390992E-01
 1.98434126425094E+03	-1.16007069210087E-01
 1.98434400215097E+03	 5.09055661021068E-02
 1.98434674005100E+03	 2.66069446377363E-01
 1.98434947795103E+03	 4.84193697780570E-01
 1.98435221585106E+03	 6.34860455694084E-01
 1.98435495375109E+03	 6.52910230215565E-01
 1.98435769165112E+03	 5.18994219748611E-01
 1.98436042955115E+03	 2.75442999955359E-01
 1.98436316745118E+03	 2.00109979146547E-03
 1.98436590535121E+03	-2.28665256021387E-01
 1.98436864325124E+03	-3.79940673379382E-01
 1.98437138115127E+03	-4.46634808113161E-01
 1.98437411905130E+03	-4.32113538405151E-01
 1.98437685695134E+03	-3.38622945823214E-01
 1.98437959485137E+03	-1.82345982015092E-01
 1.98438233275140E+03	-9.10177948863774E-03
 1.98438507065143E+03	 1.20292331391381E-01
 1.98438780855146E+03	 1.69930236659252E-01
 1.98439054645149E+03	 1.52954620295413E-01
 1.98439328435152E+03	 1.11797596647298E-01
 1.98439602225155E+03	 7.52605028148464E-02
 1.98439876015158E+03	 3.77629501414053E-02
 1.98440149805161E+03	-2.17597368605657E-02
 1.98440423595164E+03	-1.07222272800323E-01
 1.98440697385167E+03	-1.94136471305505E-01
 1.98440971175170E+03	-2.46294864984722E-01
 1.98441244965174E+03	-2.37933669216545E-01
 1.98441518755177E+03	-1.59995994719056E-01
 1.98441792545180E+03	-1.36557710478295E-02
 1.98442066335183E+03	 1.89768409315763E-01
 1.98442340125186E+03	 4.16146439694710E-01
 1.98442613915189E+03	 6.01775500251831E-01
 1.98442887705191E+03	 6.73871863261554E-01
 1.98443161495195E+03	 5.91897937197557E-01
 1.98443435285198E+03	 3.76529061595873E-01
 1.98443709075201E+03	 9.96251317621291E-02
 1.98443982865204E+03	-1.57355943575543E-01
 1.98444256655207E+03	-3.42292409798600E-01
 1.98444530445210E+03	-4.40248944478907E-01
 1.98444804235213E+03	-4.53595154661448E-01
 1.98445078025217E+03	-3.84404473435976E-01
 1.98445351815220E+03	-2.41987821497224E-01
 1.98445625605223E+03	-6.28025218801852E-02
 1.98445899395226E+03	 9.18912078090539E-02
 1.98446173185229E+03	 1.71447961700136E-01
 1.98446446975232E+03	 1.71356758830027E-01
 1.98446720765235E+03	 1.29259670202347E-01
 1.98446994555238E+03	 8.46341944371822E-02
 1.98447268345241E+03	 4.52405557150617E-02
 1.98447542135244E+03	-7.36586647675336E-03
 1.98447815925247E+03	-8.57027200994946E-02
 1.98448089715250E+03	-1.74830589181096E-01
 1.98448363505253E+03	-2.40513320256265E-01
 1.98448637295257E+03	-2.52434884397915E-01
 1.98448911085260E+03	-1.96839292844367E-01
 1.98449184875263E+03	-7.22825826108825E-02
 1.98449458665266E+03	 1.14823769854970E-01
 1.98449732455269E+03	 3.40711017284061E-01
 1.98450006245272E+03	 5.51661123683243E-01
 1.98450280035275E+03	 6.73302436926108E-01
 1.98450553825278E+03	 6.47719918452360E-01
 1.98450827615281E+03	 4.71853418530960E-01
 1.98451101405284E+03	 2.03217372035002E-01
 1.98451375195287E+03	-7.35268007103810E-02
 1.98451648985290E+03	-2.91473715887787E-01
 1.98451922775293E+03	-4.22662427658261E-01
 1.98452196565297E+03	-4.65673505805854E-01
 1.98452470355300E+03	-4.23193710342998E-01
 1.98452744145303E+03	-3.00057843197949E-01
 1.98453017935306E+03	-1.22695707793861E-01
 1.98453291725309E+03	 5.20407661522307E-02
 1.98453565515312E+03	 1.63105020221731E-01
 1.98453839305315E+03	 1.86986561947701E-01
 1.98454113095318E+03	 1.50384929822093E-01
 1.98454386885321E+03	 9.86578291314654E-02
 1.98454660675324E+03	 5.38591686417536E-02
 1.98454934465327E+03	 4.96868054741254E-03
 1.98455208255330E+03	-6.57684286910955E-02
 1.98455482045333E+03	-1.53743161655624E-01
 1.98455755835337E+03	-2.29627324958854E-01
 1.98456029625340E+03	-2.60169338544485E-01
 1.98456303415343E+03	-2.26443755740722E-01
 1.98456577205346E+03	-1.24128318097324E-01
 1.98456850995349E+03	 4.36050960419756E-02
 1.98457124785352E+03	 2.61578624968241E-01
 1.98457398575355E+03	 4.87714430744515E-01
 1.98457672365358E+03	 6.51633466512967E-01
 1.98457946155361E+03	 6.83405211822098E-01
 1.98458219945364E+03	 5.56496076641445E-01
 1.98458493735367E+03	 3.08678082784186E-01
 1.98458767525370E+03	 2.11697407324579E-02
 1.98459041315373E+03	-2.27095382901689E-01
 1.98459315105376E+03	-3.92895840313197E-01
 1.98459588895380E+03	-4.67480902103716E-01
 1.98459862685383E+03	-4.53607120513142E-01
 1.98460136475386E+03	-3.54018367369510E-01
 1.98460410265389E+03	-1.85985202434945E-01
 1.98460684055392E+03	 1.76776065039420E-03
 1.98460957845395E+03	 1.43156108485848E-01
 1.98461231635398E+03	 1.96688055911956E-01
 1.98461505425401E+03	 1.73113671121989E-01
 1.98461779215404E+03	 1.17589146694464E-01
 1.98462053005407E+03	 6.51932273635391E-02
 1.98462326795410E+03	 1.62693034892423E-02
 1.98462600585413E+03	-4.77818000606813E-02
 1.98462874375416E+03	-1.31998075929580E-01
 1.98463148165420E+03	-2.14524760488448E-01
 1.98463421955423E+03	-2.61493203951333E-01
 1.98463695745426E+03	-2.48863404379649E-01
 1.98463969535429E+03	-1.68751580896062E-01
 1.98464243325432E+03	-2.21338299973582E-02
 1.98464517115435E+03	 1.82146423310829E-01
 1.98464790905438E+03	 4.13698231978774E-01
 1.98465064695441E+03	 6.10608575376601E-01
 1.98465338485444E+03	 6.97146333875677E-01
 1.98465612275447E+03	 6.25893433355130E-01
 1.98465886065450E+03	 4.11253565861772E-01
 1.98466159855453E+03	 1.24054054342464E-01
 1.98466433645456E+03	-1.49420403011745E-01
 1.98466707435460E+03	-3.50077262240532E-01
 1.98466981225463E+03	-4.58156701023650E-01
 1.98467255015466E+03	-4.74568128926073E-01
 1.98467528805469E+03	-4.01704064188949E-01
 1.98467802595472E+03	-2.49684613190717E-01
 1.98468076385475E+03	-5.69717035216881E-02
 1.98468350175478E+03	 1.10866594158282E-01
 1.98468623965481E+03	 1.97541033727321E-01
 1.98468897755484E+03	 1.94714536788320E-01
 1.98469171545487E+03	 1.40809417790971E-01
 1.98469445335490E+03	 8.04946386797818E-02
 1.98469719125493E+03	 2.78826558205350E-02
 1.98469992915496E+03	-3.16421313248575E-02
 1.98470266705499E+03	-1.10567162298016E-01
 1.98470540495503E+03	-1.96236781209718E-01
 1.98470814285506E+03	-2.56922124231531E-01
 1.98471088075509E+03	-2.64259941094967E-01
 1.98471361865512E+03	-2.06006776146116E-01
 1.98471635655515E+03	-8.12406667231159E-02
 1.98471909445518E+03	 1.05294111384826E-01
 1.98472183235521E+03	 3.33581767108992E-01
 1.98472457025524E+03	 5.53086822260992E-01
 1.98472730815527E+03	 6.88549638498138E-01
 1.98473004605530E+03	 6.76255825724937E-01
 1.98473278395533E+03	 5.05880443124085E-01
 1.98473552185536E+03	 2.31458104450096E-01
 1.98473825975539E+03	-5.95663261261031E-02
 1.98474099765543E+03	-2.93617831070835E-01
 1.98474373555546E+03	-4.36824397088326E-01
 1.98474647345549E+03	-4.85201432944941E-01
 1.98474921135552E+03	-4.41384798903786E-01
 1.98475194925555E+03	-3.10895626719854E-01
 1.98475468715558E+03	-1.21524273363934E-01
 1.98475742505561E+03	 6.66020199241926E-02
 1.98476016295564E+03	 1.87220495144046E-01
 1.98476290085567E+03	 2.12079359537203E-01
 1.98476563875570E+03	 1.66806721187369E-01
 1.98476837665573E+03	 1.00448635713216E-01
 1.98477111455576E+03	 4.12805086377268E-02
 1.98477385245579E+03	-1.67780556921565E-02
 1.98477659035583E+03	-9.01451194129795E-02
 1.98477932825586E+03	-1.75864705295650E-01
 1.98478206615589E+03	-2.47146466733169E-01
 1.98478480405592E+03	-2.72893772188374E-01
 1.98478754195595E+03	-2.35941321953080E-01
 1.98479027985598E+03	-1.33085833855568E-01
 1.98479301775601E+03	 3.32498697713768E-02
 1.98479575565604E+03	 2.51193411465119E-01
 1.98479849355607E+03	 4.82740299222125E-01
 1.98480123145610E+03	 6.58657580878934E-01
 1.98480396935613E+03	 7.04926515467267E-01
 1.98480670725616E+03	 5.87602087794354E-01
 1.98480944515619E+03	 3.38891940833322E-01
 1.98481218305622E+03	 4.03572058593998E-02
 1.98481492095626E+03	-2.23428626621794E-01
 1.98481765885629E+03	-4.02641574516987E-01
 1.98482039675632E+03	-4.84725227149145E-01
 1.98482313465635E+03	-4.71743571989012E-01
 1.98482587255638E+03	-3.67027701776001E-01
 1.98482861045641E+03	-1.88832778741341E-01
 1.98483134835644E+03	 1.17822990833500E-02
 1.98483408625647E+03	 1.64285354133034E-01
 1.98483682415650E+03	 2.22080531836456E-01
 1.98483956205653E+03	 1.93280223008862E-01
 1.98484229995656E+03	 1.24986759648568E-01
 1.98484503785659E+03	 5.78213997398189E-02
 1.98484777575662E+03	-2.21162645907665E-03
 1.98485051365666E+03	-7.10461352427591E-02
 1.98485325155669E+03	-1.54476883337277E-01
 1.98485598945672E+03	-2.33025924389634E-01
 1.98485872735675E+03	-2.75138704939170E-01
 1.98486146525678E+03	-2.58717734837200E-01
 1.98486420315681E+03	-1.77443978029963E-01
 1.98486694105684E+03	-3.24489562516044E-02
 1.98486967895687E+03	 1.69926729339567E-01
 1.98487241685690E+03	 4.03685791484053E-01
 1.98487515475693E+03	 6.09823462778153E-01
 1.98487789265696E+03	 7.10635847417355E-01
 1.98488063055699E+03	 6.52010498895427E-01
 1.98488336845702E+03	 4.41332327770871E-01
 1.98488610635706E+03	 1.47211556115423E-01
 1.98488884425709E+03	-1.40142535954446E-01
 1.98489158215712E+03	-3.54925561935131E-01
 1.98489432005715E+03	-4.72377126138350E-01
 1.98489705795718E+03	-4.91790533946504E-01
 1.98489979585721E+03	-4.15932887818535E-01
 1.98490253375724E+03	-2.55743768744505E-01
 1.98490527165727E+03	-5.12866654610502E-02
 1.98490800955730E+03	 1.28358203686906E-01
 1.98491074745733E+03	 2.21943768831490E-01
 1.98491348535736E+03	 2.17357712944497E-01
 1.98491622325739E+03	 1.53188981127035E-01
 1.98491896115742E+03	 7.85015722508241E-02
 1.98492169905746E+03	 1.33062182123030E-02
 1.98492443695749E+03	-5.31438970753347E-02
 1.98492717485752E+03	-1.32987890443265E-01
 1.98492991275755E+03	-2.15553074873147E-01
 1.98493265065758E+03	-2.71507120224166E-01
 1.98493538855761E+03	-2.74570616781781E-01
 1.98493812645764E+03	-2.14363130436786E-01
 1.98494086435767E+03	-9.09095187481706E-02
 1.98494360225770E+03	 9.25312134381436E-02
 1.98494634015773E+03	 3.20097954252058E-01
 1.98494907805776E+03	 5.45454764334499E-01
 1.98495181595779E+03	 6.93616662278127E-01
 1.98495455385782E+03	 6.95660189057058E-01
 1.98495729175785E+03	 5.33609169335458E-01
 1.98496002965789E+03	 2.56916438087974E-01
 1.98496276755792E+03	-4.52985865023625E-02
 1.98496550545795E+03	-2.93340669687642E-01
 1.98496824335798E+03	-4.47402011829448E-01
 1.98497098125801E+03	-5.00745868021603E-01
 1.98497371915804E+03	-4.55947006054595E-01
 1.98497645705807E+03	-3.19283080931145E-01
 1.98497919495810E+03	-1.19673408960528E-01
 1.98498193285813E+03	 8.01742591976122E-02
 1.98498467075816E+03	 2.09586067550604E-01
 1.98498740865819E+03	 2.35901685471135E-01
 1.98499014655822E+03	 1.83295878272973E-01
 1.98499288445825E+03	 1.03731442274893E-01
 1.98499562235829E+03	 3.11009122385811E-02
 1.98499836025832E+03	-3.58722065822325E-02
 1.98500109815835E+03	-1.12038675798364E-01
 1.98500383605838E+03	-1.95782338433092E-01
 1.98500657395841E+03	-2.62669394008016E-01
 1.98500931185844E+03	-2.83799006056275E-01
 1.98501204975847E+03	-2.44047039344882E-01
 1.98501478765850E+03	-1.41772471579641E-01
 1.98501752555853E+03	 2.10048127928639E-02
 1.98502026345856E+03	 2.35852074378323E-01
 1.98502300135859E+03	 4.69658498126219E-01
 1.98502573925862E+03	 6.55564644482719E-01
 1.98502847715865E+03	 7.16401441057507E-01
 1.98503121505869E+03	 6.10849053248861E-01
 1.98503395295872E+03	 3.64667988671312E-01
 1.98503669085875E+03	 5.85527727314373E-02
 1.98503942875878E+03	-2.18117669591547E-01
 1.98504216665881E+03	-4.09116608569567E-01
 1.98504490455884E+03	-4.97929424406781E-01
 1.98504764245887E+03	-4.85846678961855E-01
 1.98505038035890E+03	-3.76862265152399E-01
 1.98505311825893E+03	-1.90130473382856E-01
 1.98505585615896E+03	 2.14972143750184E-02
 1.98505859405899E+03	 1.83873264208985E-01
 1.98506133195902E+03	 2.45865414179925E-01
 1.98506406985905E+03	 2.12836725824989E-01
 1.98506680775908E+03	 1.33173123992536E-01
 1.98506954565912E+03	 5.23433367067271E-02
 1.98507228355915E+03	-1.82952739187316E-02
 1.98507502145918E+03	-9.18995382183207E-02
 1.98507775935921E+03	-1.74729054734397E-01
 1.98508049725924E+03	-2.49452180932469E-01
 1.98508323515927E+03	-2.86785643600796E-01
 1.98508597305930E+03	-2.66769654420769E-01
 1.98508871095933E+03	-1.85064823685046E-01
 1.98509144885936E+03	-4.34106824676749E-02
 1.98509418675939E+03	 1.54238046569365E-01
 1.98509692465942E+03	 3.86834512173876E-01
 1.98509966255945E+03	 5.99447626089838E-01
 1.98510240045948E+03	 7.13588778520422E-01
 1.98510513835952E+03	 6.68924016781607E-01
 1.98510787625955E+03	 4.65274593788163E-01
 1.98511061415958E+03	 1.67856583466851E-01
 1.98511335205961E+03	-1.30265528118792E-01
 1.98511608995964E+03	-3.57048734260152E-01
 1.98511882785967E+03	-4.82692460764599E-01
 1.98512156575970E+03	-5.04747402385156E-01
 1.98512430365973E+03	-4.26393590633633E-01
 1.98512704155976E+03	-2.59405247099981E-01
 1.98512977945979E+03	-4.50805678522848E-02
 1.98513251735982E+03	 1.44763249310900E-01
 1.98513525525985E+03	 2.44652094091172E-01
 1.98513799315988E+03	 2.38862544132868E-01
 1.98514073105992E+03	 1.65668112686018E-01
 1.98514346895995E+03	 7.78140213797618E-02
 1.98514620685998E+03	 7.53928960436027E-04
 1.98514894476001E+03	-7.24171042556060E-02
 1.98515168266004E+03	-1.53251478576958E-01
 1.98515442056007E+03	-2.32804709583972E-01
 1.98515715846010E+03	-2.84028197292226E-01
 1.98515989636013E+03	-2.82831248265243E-01
 1.98516263426016E+03	-2.21047217067432E-01
 1.98516537216019E+03	-1.00145500102547E-01
 1.98516811006022E+03	 7.77748422641907E-02
 1.98517084796025E+03	 3.01268410805676E-01
 1.98517358586028E+03	 5.29187932003706E-01
 1.98517632376031E+03	 6.88135685814370E-01
 1.98517906166035E+03	 7.04849495058620E-01
 1.98518179956038E+03	 5.53578587968191E-01
 1.98518453746041E+03	 2.78190916206673E-01
 1.98518727536044E+03	-3.17314201268062E-02
 1.98519001326047E+03	-2.91131952824486E-01
 1.98519275116050E+03	-4.54417184803062E-01
 1.98519548906053E+03	-5.11978191194558E-01
 1.98519822696056E+03	-4.66309506354144E-01
 1.98520096486059E+03	-3.24507360040241E-01
 1.98520370276062E+03	-1.16419586000220E-01
 1.98520644066065E+03	 9.33178243728477E-02
 1.98520917856068E+03	 2.30428739544086E-01
 1.98521191646071E+03	 2.58257232246940E-01
 1.98521465436075E+03	 1.99272762583281E-01
 1.98521739226078E+03	 1.07697578090909E-01
 1.98522013016081E+03	 2.24804142789405E-02
 1.98522286806084E+03	-5.30216696411355E-02
 1.98522560596087E+03	-1.31934714391761E-01
 1.98522834386090E+03	-2.13729579730425E-01
 1.98523108176093E+03	-2.76164624870352E-01
 1.98523381966096E+03	-2.92555139525128E-01
 1.98523655756099E+03	-2.50082791106234E-01
 1.98523929546102E+03	-1.49154952557878E-01
 1.98524203336105E+03	 8.13857603532976E-03
 1.98524477126108E+03	 2.16773908886134E-01
 1.98524750916111E+03	 4.49258605152123E-01
 1.98525024706115E+03	 6.42406418000631E-01
 1.98525298496118E+03	 7.17079353662213E-01
 1.98525572286121E+03	 6.24916769988297E-01
 1.98525846076124E+03	 3.84534553973430E-01
 1.98526119866127E+03	 7.45312683136763E-02
 1.98526393656130E+03	-2.11921933680367E-01
 1.98526667446133E+03	-4.12594779604741E-01
 1.98526941236136E+03	-5.06971454411090E-01
 1.98527215026139E+03	-4.95500482602169E-01
 1.98527488816142E+03	-3.82898478318789E-01
 1.98527762606145E+03	-1.89151865090358E-01
 1.98528036396148E+03	 3.15856641101715E-02
 1.98528310186151E+03	 2.02352527084603E-01
 1.98528583976155E+03	 2.68087466126625E-01
 1.98528857766158E+03	 2.31404247083604E-01
 1.98529131556161E+03	 1.41440921664724E-01
 1.98529405346164E+03	 4.79026326286751E-02
 1.98529679136167E+03	-3.28028800298332E-02
 1.98529952926170E+03	-1.10998604058454E-01
 1.98530226716173E+03	-1.93183243696337E-01
 1.98530500506176E+03	-2.63976158605332E-01
 1.98530774296179E+03	-2.96314501669692E-01
 1.98531048086182E+03	-2.72546823603544E-01
 1.98531321876185E+03	-1.90742421367303E-01
 1.98531595666188E+03	-5.38000357572938E-02
 1.98531869456191E+03	 1.36425352637104E-01
 1.98532143246194E+03	 3.64245229692651E-01
 1.98532417036198E+03	 5.79957293906467E-01
 1.98532690826201E+03	 7.05657556156428E-01
 1.98532964616204E+03	 6.75563680861550E-01
 1.98533238406207E+03	 4.81644110681717E-01
 1.98533512196210E+03	 1.84616175172168E-01
 1.98533785986213E+03	-1.20791927728479E-01
 1.98534059776216E+03	-3.56974969479498E-01
 1.98534333566219E+03	-4.89202149300803E-01
 1.98534607356222E+03	-5.13199871106101E-01
 1.98534881146225E+03	-4.32586305979730E-01
 1.98535154936228E+03	-2.59989109790251E-01
 1.98535428726231E+03	-3.76222918530164E-02
 1.98535702516234E+03	 1.60679846930327E-01
 1.98535976306238E+03	 2.65945213338174E-01
 1.98536250096241E+03	 2.59083509542605E-01
 1.98536523886244E+03	 1.77701806239656E-01
 1.98536797676247E+03	 7.76277266610219E-02
 1.98537071466250E+03	-1.06510017667291E-02
 1.98537345256253E+03	-9.02505330131690E-02
 1.98537619046256E+03	-1.71959660724274E-01
 1.98537892836259E+03	-2.48356567651151E-01
 1.98538166626262E+03	-2.94572115182187E-01
 1.98538440416265E+03	-2.88785518922464E-01
 1.98538714206268E+03	-2.25385724210879E-01
 1.98538987996271E+03	-1.07848658458335E-01
 1.98539261786274E+03	 6.24063598914732E-02
 1.98539535576278E+03	 2.78428407611994E-01
 1.98539809366281E+03	 5.05159974883755E-01
 1.98540083156284E+03	 6.72203973471518E-01
 1.98540356946287E+03	 7.03100486645973E-01
 1.98540630736290E+03	 5.64501520930413E-01
 1.98540904526293E+03	 2.93850746055745E-01
 1.98541178316296E+03	-2.00632100053983E-02
 1.98541452106299E+03	-2.87763191272614E-01
 1.98541725896302E+03	-4.58198805399098E-01
 1.98541999686305E+03	-5.18853145465390E-01
 1.98542273476308E+03	-4.72123032637196E-01
 1.98542547266311E+03	-3.25977616861478E-01
 1.98542821056314E+03	-1.11028552338655E-01
 1.98543094846317E+03	 1.06745537417959E-01
 1.98543368636321E+03	 2.50236779406157E-01
 1.98543642426324E+03	 2.79246810509707E-01
 1.98543916216327E+03	 2.14402507427187E-01
 1.98544190006330E+03	 1.11660699085875E-01
 1.98544463796333E+03	 1.45503090732143E-02
 1.98544737586336E+03	-6.90989244841420E-02
 1.98545011376339E+03	-1.50576827769497E-01
 1.98545285166342E+03	-2.30244350769279E-01
 1.98545558956345E+03	-2.87913369028385E-01
 1.98545832746348E+03	-2.99120804591686E-01
 1.98546106536351E+03	-2.53595290844765E-01
 1.98546380326354E+03	-1.54308072927478E-01
 1.98546654116357E+03	-4.01750649574872E-03
 1.98546927906361E+03	 1.95437247654337E-01
 1.98547201696364E+03	 4.22754808847578E-01
 1.98547475486367E+03	 6.19733519638662E-01
 1.98547749276370E+03	 7.06659577014870E-01
 1.98548023066373E+03	 6.28779372464843E-01
 1.98548296856376E+03	 3.97108654889944E-01
 1.98548570646379E+03	 8.69673053651657E-02
 1.98548844436382E+03	-2.05828233102399E-01
 1.98549118226385E+03	-4.13632822820838E-01
 1.98549392016388E+03	-5.12010093056211E-01
 1.98549665806391E+03	-5.00526022054631E-01
 1.98549939596394E+03	-3.84669117560003E-01
 1.98550213386397E+03	-1.85210488746181E-01
 1.98550487176401E+03	 4.28188750562161E-02
 1.98550760966404E+03	 2.20379435186534E-01
 1.98551034756407E+03	 2.89086343688270E-01
 1.98551308546410E+03	 2.48888741032288E-01
 1.98551582336413E+03	 1.49279357444730E-01
 1.98551856126416E+03	 4.37038589489003E-02
 1.98552129916419E+03	-4.66345022204744E-02
 1.98552403706422E+03	-1.29188653903425E-01
 1.98552677496425E+03	-2.10523739351400E-01
 1.98552951286428E+03	-2.77054758112515E-01
 1.98553225076431E+03	-3.03888012261136E-01
 1.98553498866434E+03	-2.75822946688282E-01
 1.98553772656437E+03	-1.93765580489661E-01
 1.98554046446440E+03	-6.24124780581768E-02
 1.98554320236444E+03	 1.18012314782060E-01
 1.98554594026447E+03	 3.37391030401049E-01
 1.98554867816450E+03	 5.52330061788130E-01
 1.98555141606453E+03	 6.87009831408751E-01
 1.98555415396456E+03	 6.71265295861912E-01
 1.98555689186459E+03	 4.89219589438137E-01
 1.98555962976462E+03	 1.96126559153246E-01
 1.98556236766465E+03	-1.12876327026484E-01
 1.98556510556468E+03	-3.55474521554874E-01
 1.98556784346471E+03	-4.92272060835887E-01
 1.98557058136474E+03	-5.17152056479345E-01
 1.98557331926477E+03	-4.34193389799420E-01
 1.98557605716480E+03	-2.56900736594927E-01
 1.98557879506484E+03	-2.81392369878483E-02
 1.98558153296487E+03	 1.76879878761640E-01
 1.98558427086490E+03	 2.86374933585919E-01
 1.98558700876493E+03	 2.78178346413212E-01
 1.98558974666496E+03	 1.88999391621196E-01
 1.98559248456499E+03	 7.72823999648317E-02
 1.98559522246502E+03	-2.17755372311917E-02
 1.98559796036505E+03	-1.07543202395243E-01
 1.98560069826508E+03	-1.89908998314795E-01
 1.98560343616511E+03	-2.62816106896718E-01
 1.98560617406514E+03	-3.03486713132905E-01
 1.98560891196517E+03	-2.92427862665577E-01
 1.98561164986520E+03	-2.26903094276551E-01
 1.98561438776524E+03	-1.13002915137112E-01
 1.98561712566527E+03	 4.78992420065861E-02
 1.98561986356530E+03	 2.53211056178006E-01
 1.98562260146533E+03	 4.74716062200204E-01
 1.98562533936536E+03	 6.46467917889749E-01
 1.98562807726539E+03	 6.90188846405665E-01
 1.98563081516542E+03	 5.65430917982387E-01
 1.98563355306545E+03	 3.02597548696937E-01
 1.98563629096548E+03	-1.15486024446852E-02
 1.98563902886551E+03	-2.84188072252340E-01
 1.98564176676554E+03	-4.59313445371298E-01
 1.98564450466557E+03	-5.21563533089596E-01
 1.98564724256560E+03	-4.73236886755799E-01
 1.98564998046564E+03	-3.23226301107350E-01
 1.98565271836567E+03	-1.02779706624242E-01
 1.98565545626570E+03	 1.21286028879316E-01
 1.98565819416573E+03	 2.69731115575019E-01
 1.98566093206576E+03	 2.99270344867242E-01
 1.98566366996579E+03	 2.28642086816991E-01
 1.98566640786582E+03	 1.15149121430251E-01
 1.98566914576585E+03	 6.53797228189659E-03
 1.98567188366588E+03	-8.50026679576121E-02
 1.98567462156591E+03	-1.68832739931452E-01
 1.98567735946594E+03	-2.46053553408226E-01
 1.98568009736597E+03	-2.98422923665345E-01
 1.98568283526600E+03	-3.03693755051109E-01
 1.98568557316603E+03	-2.54348994068743E-01
 1.98568831106607E+03	-1.56447087333773E-01
 1.98569104896610E+03	-1.41254844520500E-02
 1.98569378686613E+03	 1.73528281195711E-01
 1.98569652476616E+03	 3.91772700260730E-01
 1.98569926266619E+03	 5.88644059420681E-01
 1.98570200056622E+03	 6.85404987591364E-01
 1.98570473846625E+03	 6.21864564739333E-01
 1.98570747636628E+03	 4.01268883211313E-01
 1.98571021426631E+03	 9.45923313732948E-02
 1.98571295216634E+03	-2.00925751075003E-01
 1.98571569006637E+03	-4.12979668730816E-01
 1.98571842796640E+03	-5.13424424496328E-01
 1.98572116586643E+03	-5.00948448231123E-01
 1.98572390376647E+03	-3.81859021668408E-01
 1.98572664166650E+03	-1.77683859738134E-01
 1.98572937956653E+03	 5.60221703688429E-02
 1.98573211746656E+03	 2.38788909142045E-01
 1.98573485536659E+03	 3.09475014300169E-01
 1.98573759326662E+03	 2.65502655331537E-01
 1.98574033116665E+03	 1.56445675235059E-01
 1.98574306906668E+03	 3.91259637245890E-02
 1.98574580696671E+03	-6.06313529536246E-02
 1.98574854486674E+03	-1.47361461385083E-01
 1.98575128276677E+03	-2.27560190095382E-01
 1.98575402066680E+03	-2.89323680189838E-01
 1.98575675856683E+03	-3.09881046465201E-01
 1.98575949646687E+03	-2.76591369617243E-01
 1.98576223436690E+03	-1.93603298377161E-01
 1.98576497226693E+03	-6.81141323013159E-02
 1.98576771016696E+03	 1.00632914264359E-01
 1.98577044806699E+03	 3.08071165000532E-01
 1.98577318596702E+03	 5.18053028626753E-01
 1.98577592386705E+03	 6.58406075381067E-01
 1.98577866176708E+03	 6.55909264902675E-01
 1.98578139966711E+03	 4.87166475592317E-01
 1.98578413756714E+03	 2.01205320588264E-01
 1.98578687546717E+03	-1.07677219576900E-01
 1.98578961336720E+03	-3.53446047301846E-01
 1.98579235126723E+03	-4.92455741158214E-01
 1.98579508916726E+03	-5.16805386989287E-01
 1.98579782706730E+03	-4.31067105798602E-01
 1.98580056496733E+03	-2.49651997022546E-01
 1.98580330286736E+03	-1.58657353055078E-02
 1.98580604076739E+03	 1.94250185605887E-01
 1.98580877866742E+03	 3.06721347909611E-01
 1.98581151656745E+03	 2.96602191991451E-01
 1.98581425446748E+03	 1.99570333335674E-01
 1.98581699236751E+03	 7.63570011161552E-02
 1.98581973026754E+03	-3.33467748526654E-02
 1.98582246816757E+03	-1.25159593098459E-01
 1.98582520606760E+03	-2.07950206625439E-01
 1.98582794396763E+03	-2.76911962853003E-01
 1.98583068186766E+03	-3.11291306820447E-01
 1.98583341976770E+03	-2.93956580400507E-01
 1.98583615766773E+03	-2.25324338202204E-01
 1.98583889556776E+03	-1.14725668840508E-01
 1.98584163346779E+03	 3.57408643496506E-02
 1.98584437136782E+03	 2.27472977872826E-01
 1.98584710926785E+03	 4.39639356929980E-01
 1.98584984716788E+03	 6.12156671820827E-01
 1.98585258506791E+03	 6.66494037583108E-01
 1.98585532296794E+03	 5.55916644517898E-01
 1.98585806086797E+03	 3.03441843435083E-01
 1.98586079876800E+03	-7.33283857737048E-03
 1.98586353666803E+03	-2.81406574054311E-01
 1.98586627456806E+03	-4.58466206737635E-01
 1.98586901246810E+03	-5.20478708536320E-01
 1.98587175036813E+03	-4.69675587664590E-01
 1.98587448826816E+03	-3.15924386711762E-01
 1.98587722616819E+03	-9.10154617140990E-02
 1.98587996406822E+03	 1.37814601311748E-01
 1.98588270196825E+03	 2.89800553351189E-01
 1.98588543986828E+03	 3.18993205489805E-01
 1.98588817776831E+03	 2.42256877314114E-01
 1.98589091566834E+03	 1.17976971333289E-01
 1.98589365356837E+03	-2.11772675544084E-03
 1.98589639146840E+03	-1.01517106261117E-01
 1.98589912936843E+03	-1.87548592932538E-01
 1.98590186726846E+03	-2.61939700933253E-01
 1.98590460516849E+03	-3.08319969026157E-01
 1.98590734306853E+03	-3.06643697179031E-01
 1.98591008096856E+03	-2.52309130297928E-01
 1.98591281886859E+03	-1.54964355435132E-01
 1.98591555676862E+03	-2.09203777617757E-02
 1.98591829466865E+03	 1.52846039753319E-01
 1.98592103256868E+03	 3.58277083604059E-01
 1.98592377046871E+03	 5.50769334036236E-01
 1.98592650836874E+03	 6.54202646548198E-01
 1.98592924626877E+03	 6.04181406726791E-01
 1.98593198416880E+03	 3.96323067017366E-01
 1.98593472206883E+03	 9.63689042722067E-02
 1.98593745996886E+03	-1.98251626777239E-01
 1.98594019786889E+03	-4.11456507087356E-01
 1.98594293576893E+03	-5.11734006689008E-01
 1.98594567366896E+03	-4.96959456735044E-01
 1.98594841156899E+03	-3.74310859853943E-01
 1.98595114946902E+03	-1.66059749105336E-01
 1.98595388736905E+03	 7.19998867173679E-02
 1.98595662526908E+03	 2.58512908876403E-01
 1.98595936316911E+03	 3.30079721521799E-01
 1.98596210106914E+03	 2.81750476271886E-01
 1.98596483896917E+03	 1.63007351421650E-01
 1.98596757686920E+03	 3.38164152277418E-02
 1.98597031476923E+03	-7.54460722345727E-02
 1.98597305266926E+03	-1.66310603969593E-01
 1.98597579056929E+03	-2.45087164658777E-01
 1.98597852846933E+03	-3.01477170165910E-01
 1.98598126636936E+03	-3.14794828012806E-01
 1.98598400426939E+03	-2.75027062522373E-01
 1.98598674216942E+03	-1.89923341948684E-01
 1.98598948006945E+03	-6.99141933360610E-02
 1.98599221796948E+03	 8.59253494797489E-02
 1.98599495586951E+03	 2.78307061535056E-01
 1.98599769376954E+03	 4.79061190070339E-01
 1.98600043166957E+03	 6.21209148883806E-01
 1.98600316956960E+03	 6.30006865605582E-01
 1.98600590746963E+03	 4.75181620129850E-01
 1.98600864536966E+03	 1.99022567751900E-01
 1.98601138326969E+03	-1.06190991907975E-01
 1.98601412116973E+03	-3.51778045246026E-01
 1.98601685906976E+03	-4.90395153767873E-01
 1.98601959696979E+03	-5.12504091618767E-01
 1.98602233486982E+03	-4.23222371125196E-01
 1.98602507276985E+03	-2.37900089208947E-01
 1.98602781066988E+03	-1.19047314958362E-04
 1.98603054856991E+03	 2.13699068795760E-01
 1.98603328646994E+03	 3.27909671429272E-01
 1.98603602436997E+03	 3.15062316855062E-01
 1.98603876227000E+03	 2.09734260593097E-01
 1.98604150017003E+03	 7.47368402427991E-02
 1.98604423807006E+03	-4.58400381920788E-02
 1.98604697597009E+03	-1.43792652970533E-01
 1.98604971387012E+03	-2.26846336407006E-01
 1.98605245177016E+03	-2.91364742367735E-01
 1.98605518967019E+03	-3.18575401821095E-01
 1.98605792757022E+03	-2.93715361217923E-01
 1.98606066547025E+03	-2.20572293946384E-01
 1.98606340337028E+03	-1.12325435547527E-01
 1.98606614127031E+03	 2.73258099971327E-02
 1.98606887917034E+03	 2.03168442067915E-01
 1.98607161707037E+03	 4.02047351534569E-01
 1.98607435497040E+03	 5.71038467352741E-01
 1.98607709287043E+03	 6.33034639746607E-01
 1.98607983077046E+03	 5.36113556725253E-01
 1.98608256867049E+03	 2.95857627754108E-01
 1.98608530657052E+03	-8.28408329933681E-03
 1.98608804447056E+03	-2.80312909824729E-01
 1.98609078237059E+03	-4.56383072680617E-01
 1.98609352027062E+03	-5.16071548458424E-01
 1.98609625817065E+03	-4.61615506467574E-01
 1.98609899607068E+03	-3.03908493448094E-01
 1.98610173397071E+03	-7.52127800678491E-02
 1.98610447187074E+03	 1.57153664466465E-01
 1.98610720977077E+03	 3.11400368721399E-01
 1.98610994767080E+03	 3.39272422214234E-01
 1.98611268557083E+03	 2.55797310326820E-01
 1.98611542347086E+03	 1.20279849131812E-01
 1.98611816137089E+03	-1.16786186263358E-02
 1.98612089927092E+03	-1.19189328342907E-01
 1.98612363717096E+03	-2.07411981798681E-01
 1.98612637507099E+03	-2.78608206298798E-01
 1.98612911297102E+03	-3.18238172832710E-01
 1.98613185087105E+03	-3.08435800780996E-01
 1.98613458877108E+03	-2.47616626192463E-01
 1.98613732667111E+03	-1.49466495325970E-01
 1.98614006457114E+03	-2.33073874512748E-02
 1.98614280247117E+03	 1.35166455270002E-01
 1.98614554037120E+03	 3.24435527781361E-01
 1.98614827827123E+03	 5.08179761021959E-01
 1.98615101617126E+03	 6.14543118682625E-01
 1.98615375407129E+03	 5.76380423392241E-01
 1.98615649197132E+03	 3.82132463854803E-01
 1.98615922987135E+03	 9.16478440276587E-02
 1.98616196777139E+03	-1.98633507808995E-01
 1.98616470567142E+03	-4.09824421765068E-01
 1.98616744357145E+03	-5.07507576205583E-01
 1.98617018147148E+03	-4.88875803041806E-01
 1.98617291937151E+03	-3.62036838449738E-01
 1.98617565727154E+03	-1.49997998937448E-01
 1.98617839517157E+03	 9.14360994491725E-02
 1.98618113307160E+03	 2.80467003863960E-01
 1.98618387097163E+03	 3.51841984397067E-01
 1.98618660887166E+03	 2.98372998921724E-01
 1.98618934677169E+03	 1.69343749255290E-01
 1.98619208467172E+03	 2.77496941646402E-02
 1.98619482257175E+03	-9.14408721773582E-02
 1.98619756047179E+03	-1.86605796004467E-01
 1.98620029837182E+03	-2.63753940619899E-01
 1.98620303627185E+03	-3.14149894830363E-01
 1.98620577417188E+03	-3.19166547064691E-01
 1.98620851207191E+03	-2.71440554349850E-01
 1.98621124997194E+03	-1.82605720701762E-01
 1.98621398787197E+03	-6.70441971200962E-02
 1.98621672577200E+03	 7.53982320479948E-02
 1.98621946367203E+03	 2.50185289510332E-01
 1.98622220157206E+03	 4.37600642769610E-01
 1.98622493947209E+03	 5.77307645458250E-01
 1.98622767737212E+03	 5.94704747752076E-01
 1.98623041527215E+03	 4.53574590548053E-01
 1.98623315317219E+03	 1.89234329692715E-01
 1.98623589107222E+03	-1.09099676263774E-01
 1.98623862897225E+03	-3.51208237062460E-01
 1.98624136687228E+03	-4.86713706482340E-01
 1.98624410477231E+03	-5.04675252994883E-01
 1.98624684267234E+03	-4.10830462927134E-01
 1.98624958057237E+03	-2.21495020977327E-01
 1.98625231847240E+03	 1.96080128729845E-02
 1.98625505637243E+03	 2.36037911771751E-01
 1.98625779427246E+03	 3.50894068252905E-01
 1.98626053217249E+03	 3.34433257046588E-01
 1.98626327007252E+03	 2.20088197217891E-01
 1.98626600797255E+03	 7.26390976198063E-02
 1.98626874587258E+03	-5.94034077753526E-02
 1.98627148377262E+03	-1.63855696237480E-01
 1.98627422167265E+03	-2.47151285809931E-01
 1.98627695957268E+03	-3.06769173504260E-01
 1.98627969747271E+03	-3.25899810259562E-01
 1.98628243537274E+03	-2.92129768421062E-01
 1.98628517327277E+03	-2.12757072185088E-01
 1.98628791117280E+03	-1.05357312004839E-01
 1.98629064907283E+03	 2.38353564763025E-02
 1.98629338697286E+03	 1.82185386016161E-01
 1.98629612487289E+03	 3.64223916303220E-01
 1.98629886277292E+03	 5.25293266601659E-01
 1.98630160067295E+03	 5.91414403013620E-01
 1.98630433857298E+03	 5.06810331516284E-01
 1.98630707647302E+03	 2.79879224415141E-01
 1.98630981437305E+03	-1.48585231073637E-02
 1.98631255227308E+03	-2.81555644458528E-01
 1.98631529017311E+03	-4.53693397447402E-01
 1.98631802807314E+03	-5.08841823521448E-01
 1.98632076597317E+03	-4.49359626420826E-01
 1.98632350387320E+03	-2.87210620405001E-01
 1.98632624177323E+03	-5.50634091995984E-02
 1.98632897967326E+03	 1.79956736124799E-01
 1.98633171757329E+03	 3.35425276646276E-01
 1.98633445547332E+03	 3.61047995339427E-01
 1.98633719337335E+03	 2.70033577246175E-01
 1.98633993127338E+03	 1.22505674062303E-01
 1.98634266917342E+03	-2.20625078364299E-02
 1.98634540707345E+03	-1.38244441472712E-01
 1.98634814497348E+03	-2.28845252749212E-01
 1.98635088287351E+03	-2.96576005823075E-01
 1.98635362077354E+03	-3.28717004749201E-01
 1.98635635867357E+03	-3.09555036457257E-01
 1.98635909657360E+03	-2.40555969056203E-01
 1.98636183447363E+03	-1.39803364441959E-01
 1.98636457237366E+03	-2.04603140746355E-02
 1.98636731027369E+03	 1.22084869637150E-01
 1.98637004817372E+03	 2.92433369265024E-01
 1.98637278607375E+03	 4.63216818627629E-01
 1.98637552397378E+03	 5.68410573290524E-01
 1.98637826187382E+03	 5.39724567659762E-01
 1.98638099977385E+03	 3.59161267635827E-01
 1.98638373767388E+03	 8.02733764054877E-02
 1.98638647557391E+03	-2.02561206905219E-01
 1.98638921347394E+03	-4.08663902943567E-01
 1.98639195137397E+03	-5.01273869425483E-01
 1.98639468927400E+03	-4.77096209134996E-01
 1.98639742717403E+03	-3.45228953463402E-01
 1.98640016507406E+03	-1.29393845072699E-01
 1.98640290297409E+03	 1.14787909237279E-01
 1.98640564087412E+03	 3.05420443060219E-01
 1.98640837877415E+03	 3.75693083101863E-01
 1.98641111667418E+03	 3.16253674480026E-01
 1.98641385457421E+03	 1.76102799551121E-01
 1.98641659247425E+03	 2.12385946331948E-02
 1.98641933037428E+03	-1.08630560419078E-01
 1.98642206827431E+03	-2.08506500907801E-01
 1.98642480617434E+03	-2.83965585955161E-01
 1.98642754407437E+03	-3.27819901490435E-01
 1.98643028197440E+03	-3.23487999677305E-01
 1.98643301987443E+03	-2.66229047654274E-01
 1.98643575777446E+03	-1.71745876501715E-01
 1.98643849567449E+03	-5.90288402261814E-02
 1.98644123357452E+03	 7.02912375177613E-02
 1.98644397147455E+03	 2.25670473381743E-01
 1.98644670937458E+03	 3.96033344996520E-01
 1.98644944727461E+03	 5.28957690148783E-01
 1.98645218517465E+03	 5.51697691012392E-01
 1.98645492307468E+03	 4.23262482122820E-01
 1.98645766097471E+03	 1.72046720535287E-01
 1.98646039887474E+03	-1.16665713492920E-01
 1.98646313677477E+03	-3.52209566993836E-01
 1.98646587467480E+03	-4.81920923711695E-01
 1.98646861257483E+03	-4.93771187768477E-01
 1.98647135047486E+03	-3.94210126065888E-01
 1.98647408837489E+03	-2.00523244192441E-01
 1.98647682627492E+03	 4.35554401761774E-02
 1.98647956417495E+03	 2.61856231629066E-01
 1.98648230207498E+03	 3.76523404509851E-01
 1.98648503997501E+03	 3.55640965469849E-01
 1.98648777787505E+03	 2.31431877486257E-01
 1.98649051577508E+03	 7.05900037389432E-02
 1.98649325367511E+03	-7.38318856888788E-02
 1.98649599157514E+03	-1.85420960531089E-01
 1.98649872947517E+03	-2.69128723543023E-01
 1.98650146737520E+03	-3.23507375981458E-01
 1.98650420527523E+03	-3.33716493386168E-01
 1.98650694317526E+03	-2.89648138453631E-01
 1.98650968107529E+03	-2.02157225483750E-01
 1.98651241897532E+03	-9.36644617453154E-02
 1.98651515687535E+03	 2.61248485710488E-02
 1.98651789477538E+03	 1.66170276943063E-01
 1.98652063267541E+03	 3.28412366635241E-01
 1.98652337057544E+03	 4.77318252098985E-01
 1.98652610847548E+03	 5.43681727822465E-01
 1.98652884637551E+03	 4.69366727898343E-01
 1.98653158427554E+03	 2.56115846217502E-01
 1.98653432217557E+03	-2.70292753290917E-02
 1.98653706007560E+03	-2.85440672497388E-01
 1.98653979797563E+03	-4.50836698854459E-01
 1.98654253587566E+03	-4.99249546155590E-01
 1.98654527377569E+03	-4.33312072792263E-01
 1.98654801167572E+03	-2.66081446197336E-01
 1.98655074957575E+03	-3.05463638035752E-02
 1.98655348747578E+03	 2.06595519192594E-01
 1.98655622537581E+03	 3.62574917552527E-01
 1.98655896327584E+03	 3.85212523741885E-01
 1.98656170117588E+03	 2.85854536388947E-01
 1.98656443907591E+03	 1.25359197146321E-01
 1.98656717697594E+03	-3.28500269113676E-02
 1.98656991487597E+03	-1.58552496997017E-01
 1.98657265277600E+03	-2.51946737014797E-01
 1.98657539067603E+03	-3.16100579604144E-01
 1.98657812857606E+03	-3.40129438880346E-01
 1.98658086647609E+03	-3.10444248205462E-01
 1.98658360437612E+03	-2.31520535398804E-01
 1.98658634227615E+03	-1.26082202590175E-01
 1.98658908017618E+03	-1.19027891809628E-02
 1.98659181807621E+03	 1.14864379804573E-01
 1.98659455597624E+03	 2.64270711897591E-01
 1.98659729387628E+03	 4.18277195036651E-01
 1.98660003177631E+03	 5.18098734275810E-01
 1.98660276967634E+03	 4.95971116289399E-01
 1.98660550757637E+03	 3.28436756283398E-01
 1.98660824547640E+03	 6.26108992347861E-02
 1.98661098337643E+03	-2.10117094754904E-01
 1.98661372127646E+03	-4.08293184644902E-01
 1.98661645917649E+03	-4.93453241255840E-01
 1.98661919707652E+03	-4.62064032196702E-01
 1.98662193497655E+03	-3.24263624704493E-01
 1.98662467287658E+03	-1.04429330971825E-01
 1.98662741077661E+03	 1.42190055669674E-01
 1.98663014867664E+03	 3.33869426950118E-01
 1.98663288657667E+03	 4.02417693703939E-01
 1.98663562447671E+03	 3.36297873870402E-01
 1.98663836237674E+03	 1.84116438553405E-01
 1.98664110027677E+03	 1.48950277237976E-02
 1.98664383817680E+03	-1.26679807178925E-01
 1.98664657607683E+03	-2.31928782180149E-01
 1.98664931397686E+03	-3.05832102685413E-01
 1.98665205187689E+03	-3.42749997218961E-01
 1.98665478977692E+03	-3.28148193489926E-01
 1.98665752767695E+03	-2.59833556020633E-01
 1.98666026557698E+03	-1.57646646372094E-01
 1.98666300347701E+03	-4.57353197901817E-02
 1.98666574137704E+03	 7.14547709693949E-02
 1.98666847927707E+03	 2.06420209268529E-01
 1.98667121717711E+03	 3.56616136871489E-01
 1.98667395507714E+03	 4.78568877024944E-01
 1.98667669297717E+03	 5.03062272314358E-01
 1.98667943087720E+03	 3.85675392306337E-01
 1.98668216877723E+03	 1.48194254102605E-01
 1.98668490667726E+03	-1.28698932812033E-01
 1.98668764457729E+03	-3.54929716068005E-01
 1.98669038247732E+03	-4.76350828390775E-01
 1.98669312037735E+03	-4.80226777161110E-01
 1.98669585827738E+03	-3.73817435881301E-01
 1.98669859617741E+03	-1.75338483801446E-01
 1.98670133407744E+03	 7.16216196716105E-02
 1.98670407197747E+03	 2.91409608098326E-01
 1.98670680987751E+03	 4.05407515200452E-01
 1.98670954777754E+03	 3.79530475189472E-01
 1.98671228567757E+03	 2.44659642427267E-01
 1.98671502357760E+03	 6.93556127221878E-02
 1.98671776147763E+03	-8.85953611841295E-02
 1.98672049937766E+03	-2.08214073079159E-01
 1.98672323727769E+03	-2.92724465268584E-01
 1.98672597517772E+03	-3.41708469566263E-01
 1.98672871307775E+03	-3.42322234864826E-01
 1.98673145097778E+03	-2.86698590492125E-01
 1.98673418887781E+03	-1.89196935229411E-01
 1.98673692677784E+03	-7.73989393354301E-02
 1.98673966467787E+03	 3.46381809807945E-02
 1.98674240257791E+03	 1.56371791943405E-01
 1.98674514047794E+03	 2.96604971523255E-01
 1.98674787837797E+03	 4.29499521072770E-01
 1.98675061627800E+03	 4.92126502126550E-01
 1.98675335417803E+03	 4.25568914094745E-01
 1.98675609207806E+03	 2.25678301047138E-01
 1.98675882997809E+03	-4.42967268184325E-02
 1.98676156787812E+03	-2.91900710128602E-01
 1.98676430577815E+03	-4.48016651746435E-01
 1.98676704367818E+03	-4.87674704955412E-01
 1.98676978157821E+03	-4.13958990818610E-01
 1.98677251947824E+03	-2.41003422048808E-01
 1.98677525737827E+03	-1.98036238564484E-03
 1.98677799527830E+03	 2.37067526508238E-01
 1.98678073317834E+03	 3.93230690541241E-01
 1.98678347107837E+03	 4.12475918077309E-01
 1.98678620897840E+03	 3.04143153172880E-01
 1.98678894687843E+03	 1.29706936701490E-01
 1.98679168477846E+03	-4.33419740180530E-02
 1.98679442267849E+03	-1.79651181371184E-01
 1.98679716057852E+03	-2.76488132696130E-01
 1.98679989847855E+03	-3.37160846164437E-01
 1.98680263637858E+03	-3.52651805724390E-01
 1.98680537427861E+03	-3.11468495491025E-01
 1.98680811217864E+03	-2.20983484000824E-01
 1.98681085007867E+03	-1.08666378844900E-01
 1.98681358797870E+03	 2.44015389139582E-03
 1.98681632587874E+03	 1.14314975855980E-01
 1.98681906377877E+03	 2.41575745677767E-01
 1.98682180167880E+03	 3.75586491711824E-01
 1.98682453957883E+03	 4.65985321146336E-01
 1.98682727747886E+03	 4.47185795152014E-01
 1.98683001537889E+03	 2.91426601509726E-01
 1.98683275327892E+03	 3.94898243361472E-02
 1.98683549117895E+03	-2.20982485196857E-01
 1.98683822907898E+03	-4.08746114299456E-01
 1.98684096697901E+03	-4.84327992879990E-01
 1.98684370487904E+03	-4.44246262870738E-01
 1.98684644277907E+03	-2.99701962065516E-01
 1.98684918067910E+03	-7.56052263134204E-02
 1.98685191857914E+03	 1.73384988667385E-01
 1.98685465647917E+03	 3.65931027193685E-01
 1.98685739437920E+03	 4.32524165107060E-01
 1.98686013227923E+03	 3.59299986379638E-01
 1.98686287017926E+03	 1.94285545118745E-01
 1.98686560807929E+03	 9.54631017826859E-03
 1.98686834597932E+03	-1.44953271950042E-01
 1.98687108387935E+03	-2.56468172726932E-01
 1.98687382177938E+03	-3.29172143908494E-01
 1.98687655967941E+03	-3.58977128493208E-01
 1.98687929757944E+03	-3.33411054027434E-01
 1.98688203547947E+03	-2.52711854733282E-01
 1.98688477337950E+03	-1.40803269933925E-01
 1.98688751127953E+03	-2.73956292954588E-02
 1.98689024917957E+03	 7.92667015183627E-02
 1.98689298707960E+03	 1.93631899235295E-01
 1.98689572497963E+03	 3.21291426133333E-01
 1.98689846287966E+03	 4.28472206255801E-01
 1.98690120077969E+03	 4.51042267925189E-01
 1.98690393867972E+03	 3.42590848193810E-01
 1.98690667657975E+03	 1.18836280251051E-01
 1.98690941447978E+03	-1.44603995958943E-01
 1.98691215237981E+03	-3.59199599726862E-01
 1.98691489027984E+03	-4.70150631146048E-01
 1.98691762817987E+03	-4.64444259510363E-01
 1.98692036607990E+03	-3.50239660188522E-01
 1.98692310397993E+03	-1.46576863647852E-01
 1.98692584187997E+03	 1.03316101736340E-01
 1.98692857978000E+03	 3.24535224290716E-01
 1.98693131768003E+03	 4.37800687117600E-01
 1.98693405558006E+03	 4.06733163524974E-01
 1.98693679348009E+03	 2.60632491182618E-01
 1.98693953138012E+03	 6.98362504030268E-02
 1.98694226928015E+03	-1.02914026960181E-01
 1.98694500718018E+03	-2.31661695850344E-01
 1.98694774508021E+03	-3.17593165088749E-01
 1.98695048298024E+03	-3.61259004866043E-01
 1.98695322088027E+03	-3.51853783354490E-01
 1.98695595878030E+03	-2.83671187522418E-01
 1.98695869668033E+03	-1.74426190101242E-01
 1.98696143458037E+03	-5.70221438249132E-02
 1.98696417248040E+03	 4.93599420952529E-02
 1.98696691038043E+03	 1.53526478070890E-01
 1.98696964828046E+03	 2.70362779506287E-01
 1.98697238618049E+03	 3.83989157943147E-01
 1.98697512408052E+03	 4.39051461302311E-01
 1.98697786198055E+03	 3.77431230353492E-01
 1.98698059988058E+03	 1.90033388032928E-01
 1.98698333778061E+03	-6.57778693278791E-02
 1.98698607568064E+03	-3.00538849178668E-01
 1.98698881358067E+03	-4.45214628589942E-01
 1.98699155148070E+03	-4.74415255852151E-01
 1.98699428938073E+03	-3.91863204331670E-01
 1.98699702728076E+03	-2.12694606881235E-01
 1.98699976518080E+03	 2.99495025280243E-02
 1.98700250308083E+03	 2.70935440904882E-01
 1.98700524098086E+03	 4.27358570597724E-01
 1.98700797888089E+03	 4.43241052923697E-01
 1.98701071678092E+03	 3.25643588441903E-01
 1.98701345468095E+03	 1.36455637339831E-01
 1.98701619258098E+03	-5.26565971647915E-02
 1.98701893048101E+03	-2.00816470771876E-01
 1.98702166838104E+03	-3.01963185627011E-01
 1.98702440628107E+03	-3.59488528961951E-01
 1.98702714418110E+03	-3.66278295999720E-01
 1.98702988208113E+03	-3.12911599121232E-01
 1.98703261998116E+03	-2.09481311673893E-01
 1.98703535788120E+03	-8.81628652588260E-02
 1.98703809578123E+03	 2.22239187790764E-02
 1.98704083368126E+03	 1.20718801986856E-01
 1.98704357158129E+03	 2.25461974464736E-01
 1.98704630948132E+03	 3.36999215004798E-01
 1.98704904738135E+03	 4.14304709396573E-01
 1.98705178528138E+03	 3.95524773787708E-01
 1.98705452318141E+03	 2.49859221054219E-01
 1.98705726108144E+03	 1.20750665942391E-02
 1.98705999898147E+03	-2.34517798316691E-01
 1.98706273688150E+03	-4.09815018099409E-01
 1.98706547478153E+03	-4.74059871989249E-01
 1.98706821268156E+03	-4.24136129016158E-01
 1.98707095058160E+03	-2.72288897552029E-01
 1.98707368848163E+03	-4.37513381863066E-02
 1.98707642638166E+03	 2.07685818947276E-01
 1.98707916428169E+03	 4.01269473771516E-01
 1.98708190218172E+03	 4.66135849277312E-01
 1.98708464008175E+03	 3.85813709833884E-01
 1.98708737798178E+03	 2.07449272818715E-01
 1.98709011588181E+03	 6.12057414961528E-03
 1.98709285378184E+03	-1.62606575980740E-01
 1.98709559168187E+03	-2.81468500193704E-01
 1.98709832958190E+03	-3.53563922747045E-01
 1.98710106748193E+03	-3.76346171516493E-01
 1.98710380538196E+03	-3.39429156599060E-01
 1.98710654328200E+03	-2.45331877804163E-01
 1.98710928118203E+03	-1.21886769820518E-01
 1.98711201908206E+03	-4.60305500268950E-03
 1.98711475698209E+03	 9.35939264117783E-02
 1.98711749488212E+03	 1.87941235658341E-01
 1.98712023278215E+03	 2.91520722207329E-01
 1.98712297068218E+03	 3.80708483097255E-01
 1.98712570858221E+03	 3.97825121272803E-01
 1.98712844648224E+03	 2.95930966793738E-01
 1.98713118438227E+03	 8.53953690855256E-02
 1.98713392228230E+03	-1.63495597335884E-01
 1.98713666018233E+03	-3.64607491975716E-01
 1.98713939808236E+03	-4.63322248590852E-01
 1.98714213598239E+03	-4.46810049944602E-01
 1.98714487388243E+03	-3.24196548605135E-01
 1.98714761178246E+03	-1.15156502265649E-01
 1.98715034968249E+03	 1.37743690336145E-01
 1.98715308758252E+03	 3.60603509012709E-01
 1.98715582548255E+03	 4.73514475288356E-01
 1.98715856338258E+03	 4.37548080673260E-01
 1.98716130128261E+03	 2.80045782182227E-01
 1.98716403918264E+03	 7.29401734768466E-02
 1.98716677708267E+03	-1.15866156362881E-01
 1.98716951498270E+03	-2.54978048686401E-01
 1.98717225288273E+03	-3.43166540678159E-01
 1.98717499078276E+03	-3.81854381312751E-01
 1.98717772868279E+03	-3.62319211637583E-01
 1.98718046658283E+03	-2.80925240260700E-01
 1.98718320448286E+03	-1.58507728341638E-01
 1.98718594238289E+03	-3.32885824980656E-02
 1.98718868028292E+03	 6.98068890013346E-02
 1.98719141818295E+03	 1.57798048350205E-01
 1.98719415608298E+03	 2.50689365203450E-01
 1.98719689398301E+03	 3.42521532681560E-01
 1.98719963188304E+03	 3.86557304737201E-01
 1.98720236978307E+03	 3.26982787172536E-01
 1.98720510768310E+03	 1.50818054914946E-01
 1.98720784558313E+03	-9.03519396303680E-02
 1.98721058348316E+03	-3.10733096474979E-01
 1.98721332138319E+03	-4.42257442983687E-01
 1.98721605928323E+03	-4.59722835904416E-01
 1.98721879718326E+03	-3.67673960544983E-01
 1.98722153508329E+03	-1.82103885775043E-01
 1.98722427298332E+03	 6.41927444850919E-02
 1.98722701088335E+03	 3.07303739954745E-01
 1.98722974878338E+03	 4.64447338850663E-01
 1.98723248668340E+03	 4.77503095183309E-01
 1.98723522458344E+03	 3.50834948274728E-01
 1.98723796248347E+03	 1.46420522598986E-01
 1.98724070038350E+03	-5.98499138224284E-02
 1.98724343828353E+03	-2.21163974649924E-01
 1.98724617618356E+03	-3.27670597538413E-01
 1.98724891408359E+03	-3.82634535358036E-01
 1.98725165198362E+03	-3.80868405250676E-01
 1.98725438988366E+03	-3.14998814713552E-01
 1.98725712778369E+03	-1.97609856270565E-01
 1.98725986568372E+03	-6.54017057984528E-02
 1.98726260358375E+03	 4.66975471062296E-02
 1.98726534148378E+03	 1.33806165166623E-01
 1.98726807938381E+03	 2.16444642069866E-01
 1.98727081728384E+03	 3.03851846308752E-01
 1.98727355518387E+03	 3.64954453785155E-01
 1.98727629308390E+03	 3.43023871128418E-01
 1.98727903098393E+03	 2.05524521107225E-01
 1.98728176888396E+03	-1.83018466318781E-02
 1.98728450678399E+03	-2.49893962101533E-01
 1.98728724468402E+03	-4.11144343952457E-01
 1.98728998258406E+03	-4.62747252397107E-01
 1.98729272048409E+03	-4.02276286862392E-01
 1.98729545838412E+03	-2.42950243977631E-01
 1.98729819628415E+03	-1.00140376192417E-02
 1.98730093418418E+03	 2.43975543315698E-01
 1.98730367208421E+03	 4.39061649939268E-01
 1.98730640998424E+03	 5.02914048186955E-01
 1.98730914788427E+03	 4.16039270346634E-01
 1.98731188578430E+03	 2.24254779984249E-01
 1.98731462368433E+03	 5.51887176393037E-03
 1.98731736158436E+03	-1.78699227364602E-01
 1.98732009948439E+03	-3.06116761360449E-01
 1.98732283738442E+03	-3.78423486573663E-01
 1.98732557528446E+03	-3.94570573840305E-01
 1.98732831318449E+03	-3.46280867840257E-01
 1.98733105108452E+03	-2.38179653880590E-01
 1.98733378898455E+03	-1.01725929000807E-01
 1.98733652688458E+03	 2.17141795256419E-02
 1.98733926478461E+03	 1.13798433109586E-01
 1.98734200268464E+03	 1.89379885610387E-01
 1.98734474058467E+03	 2.68179554226399E-01
 1.98734747848470E+03	 3.36866500806660E-01
 1.98735021638473E+03	 3.45346241814197E-01
 1.98735295428476E+03	 2.47561494186129E-01
 1.98735569218479E+03	 4.93742548095879E-02
 1.98735843008482E+03	-1.84350830537903E-01
 1.98736116798486E+03	-3.70615770151413E-01
 1.98736390588489E+03	-4.55801163270053E-01
 1.98736664378492E+03	-4.27734499277414E-01
 1.98736938168495E+03	-2.96544549200512E-01
 1.98737211958498E+03	-8.22593540161952E-02
 1.98737485748501E+03	 1.73622308120241E-01
 1.98737759538504E+03	 3.98510689688614E-01
 1.98738033328507E+03	 5.11868201695233E-01
 1.98738307118510E+03	 4.71849345117482E-01
 1.98738580908513E+03	 3.03307564877784E-01
 1.98738854698516E+03	 7.94537067019473E-02
 1.98739128488519E+03	-1.26508978241617E-01
 1.98739402278522E+03	-2.77269107766015E-01
 1.98739676068525E+03	-3.68740595158902E-01
 1.98739949858529E+03	-4.03069203436557E-01
 1.98740223648532E+03	-3.73646858925047E-01
 1.98740497438535E+03	-2.78809432459427E-01
 1.98740771228538E+03	-1.42205945593429E-01
 1.98741045018541E+03	-7.21403089168137E-03
 1.98741318808544E+03	 9.50561392300971E-02
 1.98741592598547E+03	 1.68771793909080E-01
 1.98741866388550E+03	 2.37968854314770E-01
 1.98742140178553E+03	 3.06290186908684E-01
 1.98742413968556E+03	 3.36372812672346E-01
 1.98742687758559E+03	 2.76076339683631E-01
 1.98742961548562E+03	 1.09652285936154E-01
 1.98743235338565E+03	-1.16826112618160E-01
 1.98743509128569E+03	-3.21771286090353E-01
 1.98743782918572E+03	-4.38915785572511E-01
 1.98744056708575E+03	-4.43860033973668E-01
 1.98744330498578E+03	-3.42142110729521E-01
 1.98744604288581E+03	-1.50392585616351E-01
 1.98744878078584E+03	 9.93650778445909E-02
 1.98745151868587E+03	 3.44836270004749E-01
 1.98745425658590E+03	 5.03488698669036E-01
 1.98745699448593E+03	 5.14782656059306E-01
 1.98745973238596E+03	 3.79825245643846E-01
 1.98746247028599E+03	 1.60199622893819E-01
 1.98746520818602E+03	-6.40404136060606E-02
 1.98746794608605E+03	-2.39759870489741E-01
 1.98747068398609E+03	-3.52807693635141E-01
 1.98747342188612E+03	-4.06045663888637E-01
 1.98747615978615E+03	-3.96204061220721E-01
 1.98747889768618E+03	-3.17927253244938E-01
 1.98748163558621E+03	-1.86021924182348E-01
 1.98748437348624E+03	-4.14045080822609E-02
 1.98748711138627E+03	 7.47461561116696E-02
 1.98748984928630E+03	 1.52780145446189E-01
 1.98749258718633E+03	 2.14419779457128E-01
 1.98749532508636E+03	 2.76882012822746E-01
 1.98749806298639E+03	 3.19359414604441E-01
 1.98750080088642E+03	 2.91427656225555E-01
 1.98750353878645E+03	 1.60092946312953E-01
 1.98750627668648E+03	-5.03131658030399E-02
 1.98750901458652E+03	-2.66238978365628E-01
 1.98751175248655E+03	-4.12344560770735E-01
 1.98751449038658E+03	-4.50498658466982E-01
 1.98751722828661E+03	-3.79286859496071E-01
 1.98751996618664E+03	-2.12778528420941E-01
 1.98752270408667E+03	 2.41838712891387E-02
 1.98752544198670E+03	 2.80746167709924E-01
 1.98752817988673E+03	 4.78007010647108E-01
 1.98753091778676E+03	 5.42021050697684E-01
 1.98753365568679E+03	 4.49739559052033E-01
 1.98753639358682E+03	 2.45042295284410E-01
 1.98753913148685E+03	 8.49136732723915E-03
 1.98754186938688E+03	-1.92309581759050E-01
 1.98754460728692E+03	-3.29541262038549E-01
 1.98754734518695E+03	-4.03085067174327E-01
 1.98755008308698E+03	-4.13293966533662E-01
 1.98755282098701E+03	-3.54007794423360E-01
 1.98755555888704E+03	-2.31765042966631E-01
 1.98755829678707E+03	-8.12795430743452E-02
 1.98756103468710E+03	 5.03428539722727E-02
 1.98756377258713E+03	 1.38784773734794E-01
 1.98756651048716E+03	 1.97390959742237E-01
 1.98756924838719E+03	 2.51519222489931E-01
 1.98757198628722E+03	 2.97986423842280E-01
 1.98757472418725E+03	 2.95146816185494E-01
 1.98757746208728E+03	 1.99126495902781E-01
 1.98758019998732E+03	 1.21895701539821E-02
 1.98758293788735E+03	-2.06160004443606E-01
 1.98758567578738E+03	-3.76684682603734E-01
 1.98758841368741E+03	-4.47543000335094E-01
 1.98759115158744E+03	-4.07692648405184E-01
 1.98759388948747E+03	-2.68269821119653E-01
 1.98759662738750E+03	-4.92873628718718E-02
 1.98759936528753E+03	 2.09339306058707E-01
 1.98760210318756E+03	 4.36716973682940E-01
 1.98760484108759E+03	 5.51684322818708E-01
 1.98760757898762E+03	 5.09030131321611E-01
 1.98761031688765E+03	 3.30441068410622E-01
 1.98761305478768E+03	 8.99237169678509E-02
 1.98761579268771E+03	-1.33994558438733E-01
 1.98761853058775E+03	-2.97633612468229E-01
 1.98762126848778E+03	-3.93557818929130E-01
 1.98762400638781E+03	-4.24420331300636E-01
 1.98762674428784E+03	-3.85726098801319E-01
 1.98762948218787E+03	-2.77673311182083E-01
 1.98763222008790E+03	-1.26363927195741E-01
 1.98763495798793E+03	 1.99770390710287E-02
 1.98763769588796E+03	 1.23808500804668E-01
 1.98764043378799E+03	 1.85500386972676E-01
 1.98764317168802E+03	 2.31967824929136E-01
 1.98764590958805E+03	 2.75892750951113E-01
 1.98764864748808E+03	 2.89747482926642E-01
 1.98765138538811E+03	 2.26246675971674E-01
 1.98765412328815E+03	 6.79852455284530E-02
 1.98765686118818E+03	-1.44082995640586E-01
 1.98765959908821E+03	-3.32978306632494E-01
 1.98766233698824E+03	-4.34999191525999E-01
 1.98766507488827E+03	-4.27151836520744E-01
 1.98766781278830E+03	-3.16121508428514E-01
 1.98767055068833E+03	-1.18890819102626E-01
 1.98767328858836E+03	 1.33817205870606E-01
 1.98767602648839E+03	 3.81819728235071E-01
 1.98767876438842E+03	 5.43005643146610E-01
 1.98768150228845E+03	 5.54102067622912E-01
 1.98768424018848E+03	 4.12277792945490E-01
 1.98768697808851E+03	 1.78068537880596E-01
 1.98768971598855E+03	-6.45220780049825E-02
 1.98769245388858E+03	-2.55723186460932E-01
 1.98769519178861E+03	-3.76553549881775E-01
 1.98769792968864E+03	-4.29127178312333E-01
 1.98770066758867E+03	-4.12030451173733E-01
 1.98770340548870E+03	-3.21879904610279E-01
 1.98770614338873E+03	-1.75408137425930E-01
 1.98770888128876E+03	-1.73319411641281E-02
 1.98771161918879E+03	 1.04964305962286E-01
 1.98771435708882E+03	 1.76386191916270E-01
 1.98771709498885E+03	 2.18701887823690E-01
 1.98771983288888E+03	 2.56214555595764E-01
 1.98772257078891E+03	 2.78402817562954E-01
 1.98772530868895E+03	 2.42077731346110E-01
 1.98772804658898E+03	 1.14981195356189E-01
 1.98773078448901E+03	-8.27720096886643E-02
 1.98773352238904E+03	-2.82762072745092E-01
 1.98773626028907E+03	-4.13090027060790E-01
 1.98773899818910E+03	-4.37491397626326E-01
 1.98774173608913E+03	-3.55874692281516E-01
 1.98774447398916E+03	-1.82992154244568E-01
 1.98774721188919E+03	 5.72199151492689E-02
 1.98774994978922E+03	 3.16183513073915E-01
 1.98775268768925E+03	 5.16387882541754E-01
 1.98775542558928E+03	 5.82131574731208E-01
 1.98775816348931E+03	 4.86196289262688E-01
 1.98776090138934E+03	 2.69758602533580E-01
 1.98776363928938E+03	 1.55318415033822E-02
 1.98776637718941E+03	-2.02636369196812E-01
 1.98776911508944E+03	-3.50895273162939E-01
 1.98777185298947E+03	-4.26862523663168E-01
 1.98777459088950E+03	-4.32128919228700E-01
 1.98777732878953E+03	-3.62628216912526E-01
 1.98778006668956E+03	-2.26604211408042E-01
 1.98778280458959E+03	-6.15847036494742E-02
 1.98778554248962E+03	 7.98640150462187E-02
 1.98778828038965E+03	 1.67087355538675E-01
 1.98779101828968E+03	 2.10897052042214E-01
 1.98779375618971E+03	 2.41191535169241E-01
 1.98779649408974E+03	 2.64530497259218E-01
 1.98779923198978E+03	 2.48296146134295E-01
 1.98780196988981E+03	 1.51939311463966E-01
 1.98780470778984E+03	-2.49487463706626E-02
 1.98780744568987E+03	-2.28041674835368E-01
 1.98781018358990E+03	-3.82367484310490E-01
 1.98781292148993E+03	-4.38584924695317E-01
 1.98781565938996E+03	-3.87239335881925E-01
 1.98781839728999E+03	-2.40451392638666E-01
 1.98782113519002E+03	-1.77815782554178E-02
 1.98782387309005E+03	 2.43053044355855E-01
 1.98782661099008E+03	 4.73336148669514E-01
 1.98782934889011E+03	 5.91336142811155E-01
 1.98783208679014E+03	 5.47993374466295E-01
 1.98783482469018E+03	 3.61023418991035E-01
 1.98783756259021E+03	 1.04565216698750E-01
 1.98784030049024E+03	-1.37667662625575E-01
 1.98784303839027E+03	-3.15246838024785E-01
 1.98784577629030E+03	-4.16867876667209E-01
 1.98784851419033E+03	-4.45402902930689E-01
 1.98785125209036E+03	-3.98417983939862E-01
 1.98785398999039E+03	-2.77848887653329E-01
 1.98785672789042E+03	-1.11851794421499E-01
 1.98785946579045E+03	 4.69342289602693E-02
 1.98786220369048E+03	 1.54488402906502E-01
 1.98786494159051E+03	 2.06596608458510E-01
 1.98786767949054E+03	 2.31894810989010E-01
 1.98787041739057E+03	 2.51340526491524E-01
 1.98787315529061E+03	 2.47410110699586E-01
 1.98787589319064E+03	 1.78630840012426E-01
 1.98787863109067E+03	 2.69959737187520E-02
 1.98788136899070E+03	-1.71181466596989E-01
 1.98788410689073E+03	-3.43803330375716E-01
 1.98788684479076E+03	-4.30415510421732E-01
 1.98788958269079E+03	-4.10003557815756E-01
 1.98789232059082E+03	-2.90535993484040E-01
 1.98789505849085E+03	-8.90153916454819E-02
 1.98789779639088E+03	 1.65748518177009E-01
 1.98790053429091E+03	 4.16278648967983E-01
 1.98790327219094E+03	 5.81135663244144E-01
 1.98790601009097E+03	 5.94013893860789E-01
 1.98790874799101E+03	 4.47381248094137E-01
 1.98791148589104E+03	 1.99907448330527E-01
 1.98791422379107E+03	-6.08544907426801E-02
 1.98791696169110E+03	-2.68308643632216E-01
 1.98791969959113E+03	-3.98129798114630E-01
 1.98792243749116E+03	-4.51276848921764E-01
 1.98792517539119E+03	-4.28063138714277E-01
 1.98792791329122E+03	-3.27004448392475E-01
 1.98793065119125E+03	-1.66443971748629E-01
 1.98793338909128E+03	 5.60157613145169E-03
 1.98793612699131E+03	 1.35764811852577E-01
 1.98793886489134E+03	 2.03024249344845E-01
 1.98794160279137E+03	 2.28113562197666E-01
 1.98794434069141E+03	 2.41407701057512E-01
 1.98794707859144E+03	 2.42421543932564E-01
 1.98794981649147E+03	 1.95864679231231E-01
 1.98795255439150E+03	 7.12776190457107E-02
 1.98795529229153E+03	-1.14715158117339E-01
 1.98795803019156E+03	-2.98828788606037E-01
 1.98796076809159E+03	-4.13172189269151E-01
 1.98796350599162E+03	-4.23988818523462E-01
 1.98796624389165E+03	-3.32802914684107E-01
 1.98796898179168E+03	-1.54853947427482E-01
 1.98797171969171E+03	 8.73933793963842E-02
 1.98797445759174E+03	 3.48302752109324E-01
 1.98797719549177E+03	 5.52185549978582E-01
 1.98797993339180E+03	 6.21500453303183E-01
 1.98798267129184E+03	 5.24216467217197E-01
 1.98798540919187E+03	 2.97910093552521E-01
 1.98798814709190E+03	 2.68006558339763E-02
 1.98799088499193E+03	-2.09078375217251E-01
 1.98799362289196E+03	-3.69418603320969E-01
 1.98799636079199E+03	-4.49083134716053E-01
 1.98799909869202E+03	-4.50661396443926E-01
 1.98800183659205E+03	-3.72112450016881E-01
 1.98800457449208E+03	-2.23164188902168E-01
 1.98800731239211E+03	-4.36690716009441E-02
 1.98801005029214E+03	 1.08768106996653E-01
 1.98801278819217E+03	 1.96997403972627E-01
 1.98801552609220E+03	 2.28415145057137E-01
 1.98801826399224E+03	 2.36328286730740E-01
 1.98802100189227E+03	 2.36414153388910E-01
 1.98802373979230E+03	 2.05376413359800E-01
 1.98802647769233E+03	 1.06934799508678E-01
 1.98802921559236E+03	-6.10996157935912E-02
 1.98803195349239E+03	-2.49302576964235E-01
 1.98803469139242E+03	-3.87353853634674E-01
 1.98803742929245E+03	-4.29058853613149E-01
 1.98804016719248E+03	-3.66979429821861E-01
 1.98804290509251E+03	-2.14181209361646E-01
 1.98804564299254E+03	 1.07031773299422E-02
 1.98804838089257E+03	 2.72843625841837E-01
 1.98805111879260E+03	 5.06280269893378E-01
 1.98805385669264E+03	 6.28853893309505E-01
 1.98805659459267E+03	 5.87198163319224E-01
 1.98805933249270E+03	 3.94171082618244E-01
 1.98806207039273E+03	 1.23203747172376E-01
 1.98806480829276E+03	-1.37138517513769E-01
 1.98806754619279E+03	-3.29422622918082E-01
 1.98807028409282E+03	-4.37963145901029E-01
 1.98807302199285E+03	-4.65494331398820E-01
 1.98807575989288E+03	-4.11528078800199E-01
 1.98807849779291E+03	-2.79592472277402E-01
 1.98808123569294E+03	-9.94765815647236E-02
 1.98808397359297E+03	 7.23009079029126E-02
 1.98808671149300E+03	 1.85381912560286E-01
 1.98808944939304E+03	 2.30368857351679E-01
 1.98809218729307E+03	 2.36509239293064E-01
 1.98809492519310E+03	 2.32123522774092E-01
 1.98809766309313E+03	 2.09586399826878E-01
 1.98810040099316E+03	 1.33948338674222E-01
 1.98810313889319E+03	-1.24466544971181E-02
 1.98810587679322E+03	-1.97399647896427E-01
 1.98810861469325E+03	-3.53851082836856E-01
 1.98811135259328E+03	-4.25177317735088E-01
 1.98811409049331E+03	-3.92869658711346E-01
 1.98811682839334E+03	-2.66301022908153E-01
 1.98811956629337E+03	-6.21436754250938E-02
 1.98812230419340E+03	 1.93367538647951E-01
 1.98812504209343E+03	 4.46143067369369E-01
 1.98812777999347E+03	 6.15772223602672E-01
 1.98813051789350E+03	 6.32688615635646E-01
 1.98813325579353E+03	 4.83872761998807E-01
 1.98813599369356E+03	 2.25169761204936E-01
 1.98813873159359E+03	-5.29233668464253E-02
 1.98814146949362E+03	-2.76967259257598E-01
 1.98814420739365E+03	-4.16839318419415E-01
 1.98814694529368E+03	-4.71891400478725E-01
 1.98814968319371E+03	-4.43960789936768E-01
 1.98815242109374E+03	-3.33353501215875E-01
 1.98815515899377E+03	-1.59697833726172E-01
 1.98815789689380E+03	 2.62506373551417E-02
 1.98816063479383E+03	 1.65524607235003E-01
 1.98816337269387E+03	 2.30900476231382E-01
 1.98816611059390E+03	 2.41119755264524E-01
 1.98816884849393E+03	 2.31549445586427E-01
 1.98817158639396E+03	 2.11255831788025E-01
 1.98817432429399E+03	 1.53236610903478E-01
 1.98817706219402E+03	 2.97249896486870E-02
 1.98817980009405E+03	-1.45428314657456E-01
 1.98818253799408E+03	-3.13978938365433E-01
 1.98818527589411E+03	-4.12497392343378E-01
 1.98818801379414E+03	-4.10305919736709E-01
 1.98819075169417E+03	-3.10813773710931E-01
 1.98819348959420E+03	-1.29546609755709E-01
 1.98819622749423E+03	 1.13090209749327E-01
 1.98819896539427E+03	 3.75132487503808E-01
 1.98820170329430E+03	 5.83252032612129E-01
 1.98820444119433E+03	 6.58090477268422E-01
 1.98820717909436E+03	 5.62196778834293E-01
 1.98820991699439E+03	 3.28564255354762E-01
 1.98821265489442E+03	 4.20830217719142E-02
 1.98821539279445E+03	-2.11289853297491E-01
 1.98821813069448E+03	-3.84479467378494E-01
 1.98822086859451E+03	-4.69099255819918E-01
 1.98822360649454E+03	-4.68426815135796E-01
 1.98822634439457E+03	-3.82324091975608E-01
 1.98822908229460E+03	-2.21770811817443E-01
 1.98823182019463E+03	-2.84268587357870E-02
 1.98823455809466E+03	 1.35605677640664E-01
 1.98823729599470E+03	 2.26726688197166E-01
 1.98824003389473E+03	 2.48211890593423E-01
 1.98824277179476E+03	 2.35665890097261E-01
 1.98824550969479E+03	 2.13086460589714E-01
 1.98824824759482E+03	 1.66519485887415E-01
 1.98825098549485E+03	 6.46751445278543E-02
 1.98825372339488E+03	-9.55983141958434E-02
 1.98825646129491E+03	-2.69442121474684E-01
 1.98825919919494E+03	-3.91458387145967E-01
 1.98826193709497E+03	-4.19152696252833E-01
 1.98826467499500E+03	-3.47491376730830E-01
 1.98826741289503E+03	-1.90442887688098E-01
 1.98827015079506E+03	 3.47628915352434E-02
 1.98827288869510E+03	 2.96906354872792E-01
 1.98827562659513E+03	 5.33454866517873E-01
 1.98827836449516E+03	 6.62088952474774E-01
 1.98828110239519E+03	 6.24766447957870E-01
 1.98828384029522E+03	 4.28579603322556E-01
 1.98828657819525E+03	 1.45259576582043E-01
 1.98828931609528E+03	-1.32327440681446E-01
 1.98829205399531E+03	-3.39656461987578E-01
 1.98829479189534E+03	-4.56197274777913E-01
 1.98829752979537E+03	-4.84137365262435E-01
 1.98830026769540E+03	-4.24752438396918E-01
 1.98830300559543E+03	-2.82995399117778E-01
 1.98830574349546E+03	-8.98595359546191E-02
 1.98830848139550E+03	 9.48665403131079E-02
 1.98831121929553E+03	 2.14808228294523E-01
 1.98831395719556E+03	 2.54992904177778E-01
 1.98831669509559E+03	 2.44270716033714E-01
 1.98831943299562E+03	 2.17319793433656E-01
 1.98832217089565E+03	 1.76063630431703E-01
 1.98832490879568E+03	 9.25300614675935E-02
 1.98832764669571E+03	-4.97739136552293E-02
 1.98833038459574E+03	-2.22226501293546E-01
 1.98833312249577E+03	-3.62861287540601E-01
 1.98833586039580E+03	-4.19358454624308E-01
 1.98833859829583E+03	-3.76177731348163E-01
 1.98834133619586E+03	-2.44206967651474E-01
 1.98834407409589E+03	-3.94534535159076E-02
 1.98834681199593E+03	 2.15087739259229E-01
 1.98834954989596E+03	 4.69458989264542E-01
 1.98835228779599E+03	 6.44759044242258E-01
 1.98835502569602E+03	 6.68061828339068E-01
 1.98835776359605E+03	 5.20119325196414E-01
 1.98836050149608E+03	 2.52899011407346E-01
 1.98836323939611E+03	-4.09674459313004E-02
 1.98836597729614E+03	-2.81386515561271E-01
 1.98836871519617E+03	-4.32091537958484E-01
 1.98837145309620E+03	-4.90359545505631E-01
 1.98837419099623E+03	-4.59280090459637E-01
 1.98837692889626E+03	-3.40802107828325E-01
 1.98837966679629E+03	-1.55513224450128E-01
 1.98838240469633E+03	 4.36890116951886E-02
 1.98838514259636E+03	 1.92759449797664E-01
 1.98838788049639E+03	 2.58210532426234E-01
 1.98839061839642E+03	 2.55997533189605E-01
 1.98839335629645E+03	 2.25393330090177E-01
 1.98839609419648E+03	 1.84341101890068E-01
 1.98839883209651E+03	 1.14251307214803E-01
 1.98840156999654E+03	-9.25214078783101E-03
 1.98840430789657E+03	-1.74425605912980E-01
 1.98840704579660E+03	-3.27897958371051E-01
 1.98840978369663E+03	-4.11039211018353E-01
 1.98841252159666E+03	-3.96733916170151E-01
 1.98841525949669E+03	-2.90517440586293E-01
 1.98841799739673E+03	-1.08020358749784E-01
 1.98842073529676E+03	 1.32974599162674E-01
 1.98842347319679E+03	 3.94931629861782E-01
 1.98842621109682E+03	 6.07525972037411E-01
 1.98842894899685E+03	 6.89755172268240E-01
 1.98843168689688E+03	 5.98247054316144E-01
 1.98843442479691E+03	 3.60404639536170E-01
 1.98843716269694E+03	 6.07872982641487E-02
 1.98843990059697E+03	-2.09211640356293E-01
 1.98844263849700E+03	-3.95604031799612E-01
 1.98844537639703E+03	-4.86292697096317E-01
 1.98844811429706E+03	-4.84877717057814E-01
 1.98845085219709E+03	-3.92948818995223E-01
 1.98845359009713E+03	-2.22500163664466E-01
 1.98845632799716E+03	-1.64753380111020E-02
 1.98845906589719E+03	 1.59160202763503E-01
 1.98846180379722E+03	 2.54596822725015E-01
 1.98846454169725E+03	 2.68488886716646E-01
 1.98846727959728E+03	 2.37704355313935E-01
 1.98847001749731E+03	 1.93647941003639E-01
 1.98847275539734E+03	 1.31482415826232E-01
 1.98847549329737E+03	 2.53947227066070E-02
 1.98847823119740E+03	-1.28024495964303E-01
 1.98848096909743E+03	-2.88116890297988E-01
 1.98848370699746E+03	-3.94569838654589E-01
 1.98848644489749E+03	-4.09036150876468E-01
 1.98848918279752E+03	-3.29222390040451E-01
 1.98849192069756E+03	-1.69969791510077E-01
 1.98849465859759E+03	 5.33259444437301E-02
 1.98849739649762E+03	 3.13766149660921E-01
 1.98850013439765E+03	 5.52986455460373E-01
 1.98850287229768E+03	 6.88924386812424E-01
 1.98850561019771E+03	 6.58645799829020E-01
 1.98850834809774E+03	 4.62619582051264E-01
 1.98851108599777E+03	 1.69778073640938E-01
 1.98851382389780E+03	-1.23479446008477E-01
 1.98851656179783E+03	-3.45654411870971E-01
 1.98851929969786E+03	-4.71000002430140E-01
 1.98852203759789E+03	-5.00723021629030E-01
 1.98852477549792E+03	-4.37622027394138E-01
 1.98852751339796E+03	-2.87889615363217E-01
 1.98853025129799E+03	-8.33044404876111E-02
 1.98853298919802E+03	 1.13731926452518E-01
 1.98853572709805E+03	 2.41308776484303E-01
 1.98853846499808E+03	 2.78706812858602E-01
 1.98854120289811E+03	 2.53516945730098E-01
 1.98854394079814E+03	 2.05737323926600E-01
 1.98854667869817E+03	 1.46289491861237E-01
 1.98854941659820E+03	 5.43812119724277E-02
 1.98855215449823E+03	-8.46738605355710E-02
 1.98855489239826E+03	-2.45320507087698E-01
 1.98855763029829E+03	-3.70656211534537E-01
 1.98856036819832E+03	-4.13022128789752E-01
 1.98856310609836E+03	-3.60230967450885E-01
 1.98856584399839E+03	-2.24789601731179E-01
 1.98856858189842E+03	-2.17560640168049E-02
 1.98857131979845E+03	 2.29731220095170E-01
 1.98857405769848E+03	 4.84616827992509E-01
 1.98857679559851E+03	 6.66118204047802E-01
 1.98857953349854E+03	 6.98030018514374E-01
 1.98858227139857E+03	 5.54254432930780E-01
 1.98858500929860E+03	 2.81796441751142E-01
 1.98858774719863E+03	-2.55688215965620E-02
 1.98859048509866E+03	-2.81511760003187E-01
 1.98859322299869E+03	-4.43424216034839E-01
 1.98859596089872E+03	-5.06060588174737E-01
 1.98859869879875E+03	-4.73439021754705E-01
 1.98860143669879E+03	-3.48972149435362E-01
 1.98860417459882E+03	-1.53894280506850E-01
 1.98860691249885E+03	 5.73611444428205E-02
 1.98860965039888E+03	 2.16305921873346E-01
 1.98861238829891E+03	 2.83337263776729E-01
 1.98861512619894E+03	 2.71027418333528E-01
 1.98861786409897E+03	 2.21521360576316E-01
 1.98862060199900E+03	 1.60829584849821E-01
 1.98862333989903E+03	 7.86580019148329E-02
 1.98862607779906E+03	-4.54920921386973E-02
 1.98862881569909E+03	-2.01402896349087E-01
 1.98863155359912E+03	-3.40364021091102E-01
 1.98863429149915E+03	-4.08770131595994E-01
 1.98863702939919E+03	-3.83450938526662E-01
 1.98863976729922E+03	-2.72276316422486E-01
 1.98864250519925E+03	-9.08443337378791E-02
 1.98864524309928E+03	 1.46174832606502E-01
 1.98864798099931E+03	 4.06408204907495E-01
 1.98865071889934E+03	 6.23266513669900E-01
 1.98865345679937E+03	 7.14458149137408E-01
 1.98865619469940E+03	 6.30363594543651E-01
 1.98865893259943E+03	 3.91837943824168E-01
 1.98866167049946E+03	 8.19857954037334E-02
 1.98866440839949E+03	-2.03077053559428E-01
 1.98866714629952E+03	-4.02499269642724E-01
 1.98866988419955E+03	-5.00086832542508E-01
 1.98867262209959E+03	-4.99367238190320E-01
 1.98867535999962E+03	-4.03441289415090E-01
 1.98867809789965E+03	-2.25086424781808E-01
 1.98868083579968E+03	-8.02332294079302E-03
 1.98868357369971E+03	 1.78615658738539E-01
 1.98868631159974E+03	 2.79231918529260E-01
 1.98868904949977E+03	 2.87580566680207E-01
 1.98869178739980E+03	 2.40886759060516E-01
 1.98869452529983E+03	 1.76993467860079E-01
 1.98869726319986E+03	 9.97487210578139E-02
 1.98870000109989E+03	-1.09313787817482E-02
 1.98870273899992E+03	-1.58149761539585E-01
 1.98870547689995E+03	-3.05088031052756E-01
 1.98870821479998E+03	-3.96587547822135E-01
 1.98871095270002E+03	-3.98780563788765E-01
 1.98871369060005E+03	-3.12387491400754E-01
 1.98871642850008E+03	-1.53117010284457E-01
 1.98871916640011E+03	 6.58155862088924E-02
 1.98872190430014E+03	 3.22477135666313E-01
 1.98872464220017E+03	 5.63449846003300E-01
 1.98872738010020E+03	 7.07505960949874E-01
 1.98873011800023E+03	 6.86811645203377E-01
 1.98873285590026E+03	 4.94481917041696E-01
 1.98873559380029E+03	 1.95506329544143E-01
 1.98873833170032E+03	-1.11146676615627E-01
 1.98874106960035E+03	-3.47349335223961E-01
 1.98874380750038E+03	-4.81897972087253E-01
 1.98874654540042E+03	-5.14593110218539E-01
 1.98874928330045E+03	-4.49474029345636E-01
 1.98875202120048E+03	-2.93781885213916E-01
 1.98875475910051E+03	-7.96918227694313E-02
 1.98875749700054E+03	 1.28455017861656E-01
 1.98876023490057E+03	 2.63826416216002E-01
 1.98876297280060E+03	 3.00007218625085E-01
 1.98876571070063E+03	 2.62653604889419E-01
 1.98876844860066E+03	 1.96075227778153E-01
 1.98877118650069E+03	 1.19492844565423E-01
 1.98877392440072E+03	 1.92644679468602E-02
 1.98877666230075E+03	-1.17031909148176E-01
 1.98877940020078E+03	-2.66457205561777E-01
 1.98878213810082E+03	-3.77082550078838E-01
 1.98878487600085E+03	-4.06150675053611E-01
 1.98878761390088E+03	-3.45122423425312E-01
 1.98879035180091E+03	-2.08223818813770E-01
 1.98879308970094E+03	-9.36101669260560E-03
 1.98879582760097E+03	 2.36701221407977E-01
 1.98879856550100E+03	 4.90560284805978E-01
 1.98880130340103E+03	 6.78279445437562E-01
 1.98880404130106E+03	 7.20670680182568E-01
 1.98880677920109E+03	 5.84356148933007E-01
 1.98880951710112E+03	 3.10334886563150E-01
 1.98881225500115E+03	-7.60530572156285E-03
 1.98881499290118E+03	-2.77547398510468E-01
 1.98881773080122E+03	-4.50525931379973E-01
 1.98882046870125E+03	-5.18382174955514E-01
 1.98882320660128E+03	-4.85712115055674E-01
 1.98882594450131E+03	-3.57195192720353E-01
 1.98882868240134E+03	-1.54430285773607E-01
 1.98883142030137E+03	 6.71994875886334E-02
 1.98883415820140E+03	 2.35478675221308E-01
 1.98883689610143E+03	 3.05036254266409E-01
 1.98883963400146E+03	 2.84685860439638E-01
 1.98884237190149E+03	 2.18518725960793E-01
 1.98884510980152E+03	 1.39729307331120E-01
 1.98884784770155E+03	 4.59964176666510E-02
 1.98885058560158E+03	-7.90277459518262E-02
 1.98885332350161E+03	-2.26184366394343E-01
 1.98885606140165E+03	-3.51195328363678E-01
 1.98885879930168E+03	-4.05601553624371E-01
 1.98886153720171E+03	-3.70451581608722E-01
 1.98886427510174E+03	-2.56120633755000E-01
 1.98886701300177E+03	-7.81001700284627E-02
 1.98886975090180E+03	 1.52423074487914E-01
 1.98887248880183E+03	 4.08899486173045E-01
 1.98887522670186E+03	 6.29267312560466E-01
 1.98887796460189E+03	 7.30497709100346E-01
 1.98888070250192E+03	 6.56630858326000E-01
 1.98888344040195E+03	 4.21142648573637E-01
 1.98888617830198E+03	 1.04496469687019E-01
 1.98888891620201E+03	-1.93390114108112E-01
 1.98889165410205E+03	-4.05068705597356E-01
 1.98889439200208E+03	-5.09973280444996E-01
 1.98889712990211E+03	-5.11165181894646E-01
 1.98889986780214E+03	-4.13016588461091E-01
 1.98890260570217E+03	-2.28879390100465E-01
 1.98890534360220E+03	-2.78772332147543E-03
 1.98890808150223E+03	 1.93683880975568E-01
 1.98891081940226E+03	 2.99723896638094E-01
 1.98891355730229E+03	 3.04140065636973E-01
 1.98891629520232E+03	 2.43780751482180E-01
 1.98891903310235E+03	 1.61966475381908E-01
 1.98892177100238E+03	 7.06436713193258E-02
 1.98892450890241E+03	-4.45080713553192E-02
 1.98892724680245E+03	-1.85881281822154E-01
 1.98892998470248E+03	-3.20172974995825E-01
 1.98893272260251E+03	-3.97371401644326E-01
 1.98893546050254E+03	-3.88303359955924E-01
 1.98893819840257E+03	-2.96906281074988E-01
 1.98894093630260E+03	-1.39784034172230E-01
 1.98894367420263E+03	 7.22538474325474E-02
 1.98894641210266E+03	 3.22766099459270E-01
 1.98894915000269E+03	 5.64054289380275E-01
 1.98895188790272E+03	 7.16456699991076E-01
 1.98895462580275E+03	 7.07480177025350E-01
 1.98895736370278E+03	 5.22354522680312E-01
 1.98896010160281E+03	 2.21009300484586E-01
 1.98896283950284E+03	-9.61375993839284E-02
 1.98896557740288E+03	-3.44901266969583E-01
 1.98896831530291E+03	-4.88542233522568E-01
 1.98897105320294E+03	-5.25071428748782E-01
 1.98897379110297E+03	-4.59469179218676E-01
 1.98897652900300E+03	-2.99844610512254E-01
 1.98897926690303E+03	-7.84327766278006E-02
 1.98898200480306E+03	 1.39141830640700E-01
 1.98898474270309E+03	 2.81841367574789E-01
 1.98898748060312E+03	 3.17818541297702E-01
 1.98899021850315E+03	 2.70334087366320E-01
 1.98899295640318E+03	 1.87088106742711E-01
 1.98899569430321E+03	 9.48141488822459E-02
 1.98899843220324E+03	-1.32080566294392E-02
 1.98900117010328E+03	-1.46868958880319E-01
 1.98900390800331E+03	-2.85483415172147E-01
 1.98900664590334E+03	-3.81970281813959E-01
 1.98900938380337E+03	-3.98603940161008E-01
 1.98901212170340E+03	-3.30691537344810E-01
 1.98901485960343E+03	-1.94274053002224E-01
 1.98901759750346E+03	-2.00861998838006E-03
 1.98902033540349E+03	 2.36083891714204E-01
 1.98902307330352E+03	 4.86934273706009E-01
 1.98902581120355E+03	 6.80270431529295E-01
 1.98902854910358E+03	 7.34451966518590E-01
 1.98903128700361E+03	 6.08641415712488E-01
 1.98903402490364E+03	 3.36905593616340E-01
 1.98903676280368E+03	 1.18324263459421E-02
 1.98903950070371E+03	-2.69934347710196E-01
 1.98904223860374E+03	-4.53255503510381E-01
 1.98904497650377E+03	-5.26758857594361E-01
 1.98904771440380E+03	-4.95268340422850E-01
 1.98905045230383E+03	-3.64534169725082E-01
 1.98905319020386E+03	-1.56287551884906E-01
 1.98905592810389E+03	 7.36745583923772E-02
 1.98905866600392E+03	 2.50169070499809E-01
 1.98906140390395E+03	 3.22578281072580E-01
 1.98906414180398E+03	 2.95813306418741E-01
 1.98906687970401E+03	 2.15141115089811E-01
 1.98906961760404E+03	 1.20046581255579E-01
 1.98907235550407E+03	 1.57020197829634E-02
 1.98907509340411E+03	-1.10016602644493E-01
 1.98907783130414E+03	-2.48676561839367E-01
 1.98908056920417E+03	-3.60215959403741E-01
 1.98908330710420E+03	-4.01354610891668E-01
 1.98908604500423E+03	-3.57521190264730E-01
 1.98908878290426E+03	-2.41724107314999E-01
 1.98909152080429E+03	-6.93495822566295E-02
 1.98909425870432E+03	 1.52113601865352E-01
 1.98909699660435E+03	 4.02474413147427E-01
 1.98909973450438E+03	 6.25009892008606E-01
 1.98910247240441E+03	 7.36698084317385E-01
 1.98910521030444E+03	 6.75419932108575E-01
 1.98910794820447E+03	 4.46638592642630E-01
 1.98911068610451E+03	 1.26996980310135E-01
 1.98911342400454E+03	-1.80874922350074E-01
 1.98911616190457E+03	-4.03415302134617E-01
 1.98911889980460E+03	-5.15548898146369E-01
 1.98912163770463E+03	-5.19508928851084E-01
 1.98912437560466E+03	-4.20697605927791E-01
 1.98912711350469E+03	-2.32872300843920E-01
 1.98912985140472E+03	 1.40108245940960E-05
 1.98913258930475E+03	 2.04660130358649E-01
 1.98913532720478E+03	 3.15738979347560E-01
 1.98913806510481E+03	 3.17285087545473E-01
 1.98914080300484E+03	 2.45239803085072E-01
 1.98914354090487E+03	 1.47508199252947E-01
 1.98914627880491E+03	 4.34517725562770E-02
 1.98914901670494E+03	-7.56402815004684E-02
 1.98915175460497E+03	-2.11212654879654E-01
 1.98915449250500E+03	-3.33215630586857E-01
 1.98915723040503E+03	-3.96722958313073E-01
 1.98915996830506E+03	-3.77357666018022E-01
 1.98916270620509E+03	-2.82400502605191E-01
 1.98916544410512E+03	-1.29413876401247E-01
 1.98916818200515E+03	 7.32774257472125E-02
 1.98917091990518E+03	 3.15085716081886E-01
 1.98917365780521E+03	 5.54750225326304E-01
 1.98917639570524E+03	 7.15035446386612E-01
 1.98917913360527E+03	 7.19295917862046E-01
 1.98918187150531E+03	 5.44603144085377E-01
 1.98918460940534E+03	 2.44810015312069E-01
 1.98918734730537E+03	-7.94365317476028E-02
 1.98919008520540E+03	-3.38677030694613E-01
 1.98919282310543E+03	-4.90734683270824E-01
 1.98919556100546E+03	-5.31518735045404E-01
 1.98919829890549E+03	-4.66657341759589E-01
 1.98920103680552E+03	-3.04974590572307E-01
 1.98920377470555E+03	-7.85024187238650E-02
 1.98920651260558E+03	 1.46456016796139E-01
 1.98920925050561E+03	 2.95434422311053E-01
 1.98921198840564E+03	 3.31606480425886E-01
 1.98921472630567E+03	 2.75604446220257E-01
 1.98921746420570E+03	 1.77734580172561E-01
 1.98922020210574E+03	 7.14320090210438E-02
 1.98922294000577E+03	-4.34840723778481E-02
 1.98922567790580E+03	-1.74286223227036E-01
 1.98922841580583E+03	-3.02288630410174E-01
 1.98923115370586E+03	-3.85121396025712E-01
 1.98923389160589E+03	-3.90121453130850E-01
 1.98923662950592E+03	-3.16539834904126E-01
 1.98923936740595E+03	-1.82320257105336E-01
 1.98924210530598E+03	 1.10735759436076E-03
 1.98924484320601E+03	 2.28652362621925E-01
 1.98924758110604E+03	 4.74139088070175E-01
 1.98925031900607E+03	 6.71830686875059E-01
 1.98925305690610E+03	 7.38394205895097E-01
 1.98925579480614E+03	 6.25644089027480E-01
 1.98925853270617E+03	 3.59975571013119E-01
 1.98926127060620E+03	 3.15489435608966E-02
 1.98926400850623E+03	-2.59302483519170E-01
 1.98926674640626E+03	-4.51650072079348E-01
 1.98926948430629E+03	-5.30721777196716E-01
 1.98927222220632E+03	-5.01245775758257E-01
 1.98927496010635E+03	-3.69865514484965E-01
 1.98927769800638E+03	-1.58279224327343E-01
 1.98928043590641E+03	 7.77589305995020E-02
 1.98928317380644E+03	 2.60860566944638E-01
 1.98928591170647E+03	 3.35821702007077E-01
 1.98928864960650E+03	 3.03732303592934E-01
 1.98929138750654E+03	 2.10453347478308E-01
 1.98929412540657E+03	 1.00916177255087E-01
 1.98929686330660E+03	-1.27935745286389E-02
 1.98929960120663E+03	-1.38677535821111E-01
 1.98930233910666E+03	-2.68837756007708E-01
 1.98930507700669E+03	-3.67249069755799E-01
 1.98930781490672E+03	-3.95771826512815E-01
 1.98931055280675E+03	-3.44265754524678E-01
 1.98931329070678E+03	-2.28451390325140E-01
 1.98931602860681E+03	-6.36898130593391E-02
 1.98931876650684E+03	 1.46261181565259E-01
 1.98932150440687E+03	 3.87933371957177E-01
 1.98932424230690E+03	 6.10724562850369E-01
 1.98932698020693E+03	 7.32531304042130E-01
 1.98932971810697E+03	 6.85548718568274E-01
 1.98933245600700E+03	 4.66849279431733E-01
 1.98933519390703E+03	 1.48154149914902E-01
 1.98933793180706E+03	-1.66400656070245E-01
 1.98934066970709E+03	-3.97825677041357E-01
 1.98934340760712E+03	-5.16551600744475E-01
 1.98934614550715E+03	-5.23677459740297E-01
 1.98934888340718E+03	-4.25411171762826E-01
 1.98935162130721E+03	-2.35800503563099E-01
 1.98935435920724E+03	 1.58618987785704E-03
 1.98935709710727E+03	 2.12389541254843E-01
 1.98935983500730E+03	 3.27542693037543E-01
 1.98936257290733E+03	 3.26679424918956E-01
 1.98936531080737E+03	 2.44521787376103E-01
 1.98936804870740E+03	 1.32783984927319E-01
 1.98937078660743E+03	 1.75236279856341E-02
 1.98937352450746E+03	-1.04660954404924E-01
 1.98937626240749E+03	-2.34188391084770E-01
 1.98937900030752E+03	-3.44080743149917E-01
 1.98938173820755E+03	-3.94403350804851E-01
 1.98938447610758E+03	-3.65572494328726E-01
 1.98938721400761E+03	-2.68257438803678E-01
 1.98938995190764E+03	-1.21074372991357E-01
 1.98939268980767E+03	 7.00565889988388E-02
 1.98939542770770E+03	 3.00562238487709E-01
 1.98939816560773E+03	 5.36233061553106E-01
 1.98940090350777E+03	 7.03208450450868E-01
 1.98940364140780E+03	 7.21459583804776E-01
 1.98940637930783E+03	 5.59924535034418E-01
 1.98940911720786E+03	 2.65530547248408E-01
 1.98941185510789E+03	-6.21048328095046E-02
 1.98941459300792E+03	-3.29208284140432E-01
 1.98941733090795E+03	-4.88443333544339E-01
 1.98942006880798E+03	-5.33396873031496E-01
 1.98942280670801E+03	-4.70077412740824E-01
 1.98942554460804E+03	-3.07910910896254E-01
 1.98942828250807E+03	-7.85521861196386E-02
 1.98943102040810E+03	 1.51538957339536E-01
 1.98943375830813E+03	 3.05261572593236E-01
 1.98943649620816E+03	 3.41415116512817E-01
 1.98943923410820E+03	 2.77991827348389E-01
 1.98944197200823E+03	 1.67290714468428E-01
 1.98944470990826E+03	 4.86710920380969E-02
 1.98944744780829E+03	-7.19915076032264E-02
 1.98945018570832E+03	-1.99422903079029E-01
 1.98945292360835E+03	-3.16797386432733E-01
 1.98945566150838E+03	-3.86330763950180E-01
 1.98945839940841E+03	-3.80369192937892E-01
 1.98946113730844E+03	-3.02104997378423E-01
 1.98946387520847E+03	-1.71457716261759E-01
 1.98946661310850E+03	 1.22722531057145E-03
 1.98946935100853E+03	 2.15768220444151E-01
 1.98947208890856E+03	 4.53277453990513E-01
 1.98947482680860E+03	 6.53426343824610E-01
 1.98947756470863E+03	 7.32153143182310E-01
 1.98948030260866E+03	 6.34344524504360E-01
 1.98948304050869E+03	 3.78227657919909E-01
 1.98948577840872E+03	 5.03593151491035E-02
 1.98948851630875E+03	-2.46403865898303E-01
 1.98949125420878E+03	-4.45915931337916E-01
 1.98949399210881E+03	-5.29945237440479E-01
 1.98949673000884E+03	-5.02845299393514E-01
 1.98949946790887E+03	-3.72005503649476E-01
 1.98950220580890E+03	-1.59002544302084E-01
 1.98950494370893E+03	 8.08071368260491E-02
 1.98950768160896E+03	 2.68553769163820E-01
 1.98951041950900E+03	 3.45200205946445E-01
 1.98951315740903E+03	 3.08296866984230E-01
 1.98951589530906E+03	 2.03920242295084E-01
 1.98951863320909E+03	 8.17030347367693E-02
 1.98952137110912E+03	-3.99785609513195E-02
 1.98952410900915E+03	-1.65241110955490E-01
 1.98952684690918E+03	-2.86665712514725E-01
 1.98952958480921E+03	-3.72137590843446E-01
 1.98953232270924E+03	-3.88567046886596E-01
 1.98953506060927E+03	-3.30191954485513E-01
 1.98953779850930E+03	-2.15469360019035E-01
 1.98954053640933E+03	-5.98884536701898E-02
 1.98954327430936E+03	 1.36364900840289E-01
 1.98954601220940E+03	 3.66703189079003E-01
 1.98954875010943E+03	 5.87346399399904E-01
 1.98955148800946E+03	 7.18147027210694E-01
 1.98955422590949E+03	 6.86374732482561E-01
 1.98955696380952E+03	 4.80627435116979E-01
 1.98955970170955E+03	 1.66745353534539E-01
 1.98956243960958E+03	-1.50894978012578E-01
 1.98956517750961E+03	-3.88735995818905E-01
 1.98956791540964E+03	-5.12884241955654E-01
 1.98957065330967E+03	-5.23070232384655E-01
 1.98957339120970E+03	-4.26112061238125E-01
 1.98957612910973E+03	-2.36292477559408E-01
 1.98957886700976E+03	 3.40377553960893E-03
 1.98958160490979E+03	 2.18147229843729E-01
 1.98958434280983E+03	 3.35936952795988E-01
 1.98958708070986E+03	 3.32536625958673E-01
 1.98958981860989E+03	 2.41347986557212E-01
 1.98959255650992E+03	 1.17270268508335E-01
 1.98959529440995E+03	-7.64076585198727E-03
 1.98959803230998E+03	-1.31875193404828E-01
 1.98960077021001E+03	-2.54885410128705E-01
 1.98960350811004E+03	-3.52671640628169E-01
 1.98960624601007E+03	-3.90183318468688E-01
 1.98960898391010E+03	-3.52534786751122E-01
 1.98961172181013E+03	-2.53746446674081E-01
 1.98961445971016E+03	-1.13606406411030E-01
 1.98961719761019E+03	 6.41315506521024E-02
 1.98961993551023E+03	 2.80846601964500E-01
 1.98962267341026E+03	 5.09843121969957E-01
 1.98962541131029E+03	 6.81621417775891E-01
 1.98962814921032E+03	 7.13773635387607E-01
 1.98963088711035E+03	 5.67444235305130E-01
 1.98963362501038E+03	 2.82007382552673E-01
 1.98963636291041E+03	-4.51826481820368E-02
 1.98963910081044E+03	-3.17135459223566E-01
 1.98964183871047E+03	-4.81801492164865E-01
 1.98964457661050E+03	-5.30326547781910E-01
 1.98964731451053E+03	-4.68869345128496E-01
 1.98965005241056E+03	-3.07388151077198E-01
 1.98965279031059E+03	-7.70806928806116E-02
 1.98965552821063E+03	 1.55853042956140E-01
 1.98965826611066E+03	 3.12443047569286E-01
 1.98966100401069E+03	 3.47821430961680E-01
 1.98966374191072E+03	 2.77523810268331E-01
 1.98966647981075E+03	 1.55413381666867E-01
 1.98966921771078E+03	 2.60779087931866E-02
 1.98967195561081E+03	-9.90794877779428E-02
 1.98967469351084E+03	-2.22431055625453E-01
 1.98967743141087E+03	-3.28981882665272E-01
 1.98968016931090E+03	-3.85433605539017E-01
 1.98968290721093E+03	-3.69020398714764E-01
 1.98968564511096E+03	-2.86777554252299E-01
 1.98968838301099E+03	-1.60650563629546E-01
 1.98969112091102E+03	-1.55065267408305E-04
 1.98969385881106E+03	 1.99199314842897E-01
 1.98969659671109E+03	 4.26005351336985E-01
 1.98969933461112E+03	 6.26164798448646E-01
 1.98970207251115E+03	 7.16011677598836E-01
 1.98970481041118E+03	 6.34228204544809E-01
 1.98970754831121E+03	 3.90657298123187E-01
 1.98971028621124E+03	 6.71886600656336E-02
 1.98971302411127E+03	-2.32040886099101E-01
 1.98971576201130E+03	-4.36404347513112E-01
 1.98971849991133E+03	-5.24280064950772E-01
 1.98972123781136E+03	-4.99423146627732E-01
 1.98972397571139E+03	-3.69854896256590E-01
 1.98972671361142E+03	-1.57017287558936E-01
 1.98972945151146E+03	 8.43728872051660E-02
 1.98973218941149E+03	 2.74613820718110E-01
 1.98973492731152E+03	 3.51628491789274E-01
 1.98973766521155E+03	 3.09866875183260E-01
 1.98974040311158E+03	 1.95438117595952E-01
 1.98974314101161E+03	 6.20627784980621E-02
 1.98974587891164E+03	-6.62035023238066E-02
 1.98974861681167E+03	-1.89918971410747E-01
 1.98975135471170E+03	-3.02203887935399E-01
 1.98975409261173E+03	-3.74786942271942E-01
 1.98975683051176E+03	-3.79502469199893E-01
 1.98975956841179E+03	-3.14820141487823E-01
 1.98976230631182E+03	-2.01899206454117E-01
 1.98976504421186E+03	-5.65706383256210E-02
 1.98976778211189E+03	 1.24204440565763E-01
 1.98977052001192E+03	 3.40648924836795E-01
 1.98977325791195E+03	 5.56377450951646E-01
 1.98977599581198E+03	 6.94308443496428E-01
 1.98977873371201E+03	 6.77806367055471E-01
 1.98978147161204E+03	 4.87221659433126E-01
 1.98978420951207E+03	 1.81747974183803E-01
 1.98978694741210E+03	-1.35264972864080E-01
 1.98978968531213E+03	-3.76688887328913E-01
 1.98979242321216E+03	-5.04623496067493E-01
 1.98979516111219E+03	-5.17275655729990E-01
 1.98979789901222E+03	-4.21910255590479E-01
 1.98980063691225E+03	-2.33044077351617E-01
 1.98980337481229E+03	 7.01582994818165E-03
 1.98980611271232E+03	 2.23453633012571E-01
 1.98980885061235E+03	 3.42121093019067E-01
 1.98981158851238E+03	 3.35547463188685E-01
 1.98981432641241E+03	 2.35896204462517E-01
 1.98981706431244E+03	 1.00791965835298E-01
 1.98981980221247E+03	-3.23422068103660E-02
 1.98982254011250E+03	-1.57526873645317E-01
 1.98982527801253E+03	-2.73412615678423E-01
 1.98982801591256E+03	-3.58966574864583E-01
 1.98983075381259E+03	-3.83914484340091E-01
 1.98983349171262E+03	-3.37895948194518E-01
 1.98983622961265E+03	-2.38164552980203E-01
 1.98983896751269E+03	-1.05809217085841E-01
 1.98984170541272E+03	 5.71988889198892E-02
 1.98984444331275E+03	 2.57899259050949E-01
 1.98984718121278E+03	 4.77384185844605E-01
 1.98984991911281E+03	 6.51482195227365E-01
 1.98985265701284E+03	 6.96602026853043E-01
 1.98985539491287E+03	 5.66743965042555E-01
 1.98985813281290E+03	 2.93359762645469E-01
 1.98986087071293E+03	-2.96125858890050E-02
 1.98986360861296E+03	-3.03152743532701E-01
 1.98986634651299E+03	-4.71095204459056E-01
 1.98986908441302E+03	-5.22130325068447E-01
 1.98987182231305E+03	-4.62377990170127E-01
 1.98987456021309E+03	-3.02296247630583E-01
 1.98987729811312E+03	-7.26315375477430E-02
 1.98988003601315E+03	 1.60976730540211E-01
 1.98988277391318E+03	 3.18387440929232E-01
 1.98988551181321E+03	 3.51817571192096E-01
 1.98988824971324E+03	 2.74679211871922E-01
 1.98989098761327E+03	 1.42147502253837E-01
 1.98989372551330E+03	 3.45621668240725E-03
 1.98989646341333E+03	-1.24986299446276E-01
 1.98989920131336E+03	-2.43469555374027E-01
 1.98990193921339E+03	-3.38891025602355E-01
 1.98990467711342E+03	-3.82369533900056E-01
 1.98990741501345E+03	-3.55853834307270E-01
 1.98991015291349E+03	-2.70036555731583E-01
 1.98991289081352E+03	-1.48908476967302E-01
 1.98991562871355E+03	-1.50482422844211E-03
 1.98991836661358E+03	 1.80890314906896E-01
 1.98992110451361E+03	 3.94318359123016E-01
 1.98992384241364E+03	 5.91630990836258E-01
 1.98992658031367E+03	 6.90788369753056E-01
 1.98992931821370E+03	 6.25268128165451E-01
 1.98993205611373E+03	 3.96610402075767E-01
 1.98993479401376E+03	 8.11356329915680E-02
 1.98993753191379E+03	-2.17007857238301E-01
 1.98994026981382E+03	-4.23583161133361E-01
 1.98994300771385E+03	-5.13772885650187E-01
 1.98994574561388E+03	-4.90568512154196E-01
 1.98994848351392E+03	-3.62536804114666E-01
 1.98995122141395E+03	-1.51033399634128E-01
 1.98995395931398E+03	 8.99965618309374E-02
 1.98995669721401E+03	 2.80568157489081E-01
 1.98995943511404E+03	 3.56344729553378E-01
 1.98996217301407E+03	 3.09215882757948E-01
 1.98996491091410E+03	 1.85306644464976E-01
 1.98996764881413E+03	 4.19560082939924E-02
 1.98997038671416E+03	-9.16558191379078E-02
 1.98997312461419E+03	-2.12894449196806E-01
 1.98997586251422E+03	-3.15563058619338E-01
 1.98997860041425E+03	-3.75220792847761E-01
 1.98998133831428E+03	-3.68477460507559E-01
 1.98998407621432E+03	-2.97808055683718E-01
 1.98998681411435E+03	-1.86979847613935E-01
 1.98998955201438E+03	-5.24226585715895E-02
 1.98999228991441E+03	 1.11608388473550E-01
 1.98999502781444E+03	 3.11840886262982E-01
 1.98999776571447E+03	 5.19686712441848E-01
 1.99000050361450E+03	 6.62254079477715E-01
 1.99000324151453E+03	 6.60238527291811E-01
 1.99000597941456E+03	 4.86277162202599E-01
 1.99000871731459E+03	 1.92381030502001E-01
 1.99001145521462E+03	-1.20344362057496E-01
 1.99001419311465E+03	-3.62296520235659E-01
 1.99001693101468E+03	-4.92019824698709E-01
 1.99001966891472E+03	-5.06122872532860E-01
 1.99002240681475E+03	-4.12182380072797E-01
 1.99002514471478E+03	-2.24986770906295E-01
 1.99002788261481E+03	 1.38377563044932E-02
 1.99003062051484E+03	 2.29858094804281E-01
 1.99003335841487E+03	 3.47503122074891E-01
 1.99003609631489E+03	 3.36747574916623E-01
 1.99003883421493E+03	 2.28734524081212E-01
 1.99004157211496E+03	 8.35098569108940E-02
 1.99004431001499E+03	-5.66689972442376E-02
 1.99004704791502E+03	-1.81789284141038E-01
 1.99004978581505E+03	-2.89925891145351E-01
 1.99005252371508E+03	-3.63065584980324E-01
 1.99005526161511E+03	-3.75607945596028E-01
 1.99005799951515E+03	-3.21482593385354E-01
 1.99006073741518E+03	-2.20983828961126E-01
 1.99006347531521E+03	-9.66284170681783E-02
 1.99006621321524E+03	 5.08880010061408E-02
 1.99006895111527E+03	 2.33750726407682E-01
 1.99007168901530E+03	 4.40899313973238E-01
 1.99007442691533E+03	 6.14384028276835E-01
 1.99007716481536E+03	 6.70761400015113E-01
 1.99007990271539E+03	 5.57822002545520E-01
 1.99008264061542E+03	 2.99002533949762E-01
 1.99008537851545E+03	-1.62009182562586E-02
 1.99008811641548E+03	-2.87970627729184E-01
 1.99009085431551E+03	-4.56750185718773E-01
 1.99009359221555E+03	-5.08861845311090E-01
 1.99009633011558E+03	-4.50236996502873E-01
 1.99009906801561E+03	-2.91823107374700E-01
 1.99010180591564E+03	-6.39856459678434E-02
 1.99010454381567E+03	 1.68386568419971E-01
 1.99010728171570E+03	 3.24582686965919E-01
 1.99011001961573E+03	 3.54644485418210E-01
 1.99011275751576E+03	 2.70284080384121E-01
 1.99011549541579E+03	 1.27882437384177E-01
 1.99011823331582E+03	-1.91374526852149E-02
 1.99012097121585E+03	-1.49834282478908E-01
 1.99012370911588E+03	-2.62714182182617E-01
 1.99012644701591E+03	-3.46688279960402E-01
 1.99012918491595E+03	-3.77250354956366E-01
 1.99013192281598E+03	-3.40851143426590E-01
 1.99013466071601E+03	-2.51579660898644E-01
 1.99013739861604E+03	-1.35455103763515E-01
 1.99014013651607E+03	-1.45394324474574E-03
 1.99014287441610E+03	 1.62728502147982E-01
 1.99014561231613E+03	 3.60316233997634E-01
 1.99014835021616E+03	 5.51682861066579E-01
 1.99015108811619E+03	 6.57690178885467E-01
 1.99015382601622E+03	 6.07845278185857E-01
 1.99015656391625E+03	 3.95763342804981E-01
 1.99015930181628E+03	 9.14905095549798E-02
 1.99016203971631E+03	-2.02060654069099E-01
 1.99016477761634E+03	-4.08017826898335E-01
 1.99016751551638E+03	-4.98678096647013E-01
 1.99017025341641E+03	-4.76161847517549E-01
 1.99017299131644E+03	-3.49510792712254E-01
 1.99017572921647E+03	-1.40079872507809E-01
 1.99017846711650E+03	 9.89973586333651E-02
 1.99018120501653E+03	 2.87889324867039E-01
 1.99018394291656E+03	 3.60719134895028E-01
 1.99018668081659E+03	 3.07392866407038E-01
 1.99018941871662E+03	 1.74152498043544E-01
 1.99019215661665E+03	 2.16213720372502E-02
 1.99019489451668E+03	-1.16363566036928E-01
 1.99019763241671E+03	-2.34330348426818E-01
 1.99020037031674E+03	-3.26950640400135E-01
 1.99020310821678E+03	-3.73637666367100E-01
 1.99020584611681E+03	-3.55612326120378E-01
 1.99020858401684E+03	-2.79063363889118E-01
 1.99021132191687E+03	-1.70214785866124E-01
 1.99021405981690E+03	-4.63775048016583E-02
 1.99021679771693E+03	 1.00234954819050E-01
 1.99021953561696E+03	 2.82320308043953E-01
 1.99022227351699E+03	 4.79289883768469E-01
 1.99022501141702E+03	 6.23520928056796E-01
 1.99022774931705E+03	 6.34437104569119E-01
 1.99023048721708E+03	 4.77782015437430E-01
 1.99023322511711E+03	 1.98098174687244E-01
 1.99023596301714E+03	-1.06876543910846E-01
 1.99023870091718E+03	-3.46222724414748E-01
 1.99024143881721E+03	-4.75498631209648E-01
 1.99024417671724E+03	-4.89718758243730E-01
 1.99024691461727E+03	-3.96657641208514E-01
 1.99024965251730E+03	-2.11428198396788E-01
 1.99025239041733E+03	 2.49632316268920E-02
 1.99025512831736E+03	 2.38725583727432E-01
 1.99025786621739E+03	 3.53494069349988E-01
 1.99026060411742E+03	 3.37351426576373E-01
 1.99026334201745E+03	 2.20713194942067E-01
 1.99026607991748E+03	 6.58680228472754E-02
 1.99026881781751E+03	-8.05141316405500E-02
 1.99027155571754E+03	-2.04773922505941E-01
 1.99027429361758E+03	-3.04650058595455E-01
 1.99027703151761E+03	-3.65235720306973E-01
 1.99027976941764E+03	-3.65504245411039E-01
 1.99028250731767E+03	-3.03391727826672E-01
 1.99028524521770E+03	-2.01976170665309E-01
 1.99028798311773E+03	-8.53166035607282E-02
 1.99029072101776E+03	 4.65639037399218E-02
 1.99029345891779E+03	 2.10279163609670E-01
 1.99029619681782E+03	 4.02447121487345E-01
 1.99029893471785E+03	 5.72109737526793E-01
 1.99030167261788E+03	 6.37376367761866E-01
 1.99030441051791E+03	 5.41007927082727E-01
 1.99030714841794E+03	 2.98612411579250E-01
 1.99030988631797E+03	-5.61832823330359E-03
 1.99031262421801E+03	-2.72304989429650E-01
 1.99031536211804E+03	-4.39328636178919E-01
 1.99031810001807E+03	-4.90827241268223E-01
 1.99032083791810E+03	-4.32429620756084E-01
 1.99032357581813E+03	-2.75565301468188E-01
 1.99032631371816E+03	-5.03227194538230E-02
 1.99032905161819E+03	 1.79258609091197E-01
 1.99033178951822E+03	 3.32387796723351E-01
 1.99033452741825E+03	 3.57606929844271E-01
 1.99033726531828E+03	 2.65375591644185E-01
 1.99034000321831E+03	 1.13272639897722E-01
 1.99034274111834E+03	-4.14282457726573E-02
 1.99034547901837E+03	-1.73643380219089E-01
 1.99034821691841E+03	-2.80374127385526E-01
 1.99035095481844E+03	-3.52685678347224E-01
 1.99035369271847E+03	-3.70415944490145E-01
 1.99035643061850E+03	-3.24274891428153E-01
 1.99035916851853E+03	-2.31426178136418E-01
 1.99036190641856E+03	-1.19862529426408E-01
 1.99036464431859E+03	 1.02857492882139E-03
 1.99036738221862E+03	 1.46341780425293E-01
 1.99037012011865E+03	 3.25986906184094E-01
 1.99037285801868E+03	 5.08247872787066E-01
 1.99037559591871E+03	 6.18147367200012E-01
 1.99037833381874E+03	 5.82636778060984E-01
 1.99038107171877E+03	 3.88063558886191E-01
 1.99038380961881E+03	 9.77147890588872E-02
 1.99038654751884E+03	-1.87916867874547E-01
 1.99038928541887E+03	-3.90369472624941E-01
 1.99039202331890E+03	-4.79469778971134E-01
 1.99039476121893E+03	-4.56415397763845E-01
 1.99039749911896E+03	-3.30655146655442E-01
 1.99040023701899E+03	-1.23635939386170E-01
 1.99040297491902E+03	 1.12297986525456E-01
 1.99040571281905E+03	 2.97795342809647E-01
 1.99040845071908E+03	 3.66060354508598E-01
 1.99041118861911E+03	 3.05564445741635E-01
 1.99041392651914E+03	 1.62824416907386E-01
 1.99041666441917E+03	 1.52121252796465E-03
 1.99041940231920E+03	-1.40217527733586E-01
 1.99042214021924E+03	-2.54382608107008E-01
 1.99042487811927E+03	-3.36694200831367E-01
 1.99042761601930E+03	-3.70452433248265E-01
 1.99043035391933E+03	-3.41309206724589E-01
 1.99043309181936E+03	-2.58825570142791E-01
 1.99043582971939E+03	-1.51480521150584E-01
 1.99043856761942E+03	-3.77564272189255E-02
 1.99044130551945E+03	 9.13964116722550E-02
 1.99044404341948E+03	 2.53900465471255E-01
 1.99044678131951E+03	 4.37149105203304E-01
 1.99044951921954E+03	 5.79768786589819E-01
 1.99045225711957E+03	 6.01407453460540E-01
 1.99045499501960E+03	 4.61985547501133E-01
 1.99045773291964E+03	 1.98548071432681E-01
 1.99046047081967E+03	-9.55278012433265E-02
 1.99046320871970E+03	-3.29186265936989E-01
 1.99046594661973E+03	-4.55668102961827E-01
 1.99046868451976E+03	-4.68473803986922E-01
 1.99047142241979E+03	-3.75475333584145E-01
 1.99047416031982E+03	-1.92152592129214E-01
 1.99047689821985E+03	 4.10179129469784E-02
 1.99047963611988E+03	 2.51055492117087E-01
 1.99048237401991E+03	 3.61316573609823E-01
 1.99048511191994E+03	 3.38581170759335E-01
 1.99048784981997E+03	 2.12837692862895E-01
 1.99049058772000E+03	 4.85186180344961E-02
 1.99049332562004E+03	-1.03609325890195E-01
 1.99049606352007E+03	-2.26544476502228E-01
 1.99049880142010E+03	-3.17893323235440E-01
 1.99050153932013E+03	-3.65938093207420E-01
 1.99050427722016E+03	-3.54116865663716E-01
 1.99050701512019E+03	-2.84051973483392E-01
 1.99050975302022E+03	-1.81296388967738E-01
 1.99051249092025E+03	-7.15453681264019E-02
 1.99051522882028E+03	 4.51816735729859E-02
 1.99051796672031E+03	 1.89035712254709E-01
 1.99052070462034E+03	 3.63914281415102E-01
 1.99052344252037E+03	 5.26455310663705E-01
 1.99052618042040E+03	 5.97736339403275E-01
 1.99052891832043E+03	 5.16864033329890E-01
 1.99053165622047E+03	 2.92071612066862E-01
 1.99053439412050E+03	 1.57397346297900E-03
 1.99053713202053E+03	-2.56887574699421E-01
 1.99053986992056E+03	-4.19537022195498E-01
 1.99054260782059E+03	-4.68601716311494E-01
 1.99054534572062E+03	-4.09326412252973E-01
 1.99054808362065E+03	-2.53599802388749E-01
 1.99055082152068E+03	-3.13358252816579E-02
 1.99055355942071E+03	 1.94313207780139E-01
 1.99055629732074E+03	 3.42853933488256E-01
 1.99055903522077E+03	 3.61898501313943E-01
 1.99056177312080E+03	 2.61058883221597E-01
 1.99056451102083E+03	 9.91425314680341E-02
 1.99056724892087E+03	-6.29714692050284E-02
 1.99056998682090E+03	-1.96348889335335E-01
 1.99057272472093E+03	-2.96699607063061E-01
 1.99057546262096E+03	-3.57356915145957E-01
 1.99057820052099E+03	-3.62460000431135E-01
 1.99058093842102E+03	-3.06709195435829E-01
 1.99058367632105E+03	-2.09975645199984E-01
 1.99058641422108E+03	-1.02134217586730E-01
 1.99058915212111E+03	 6.52261297845717E-03
 1.99059189002114E+03	 1.32952997249844E-01
 1.99059462792117E+03	 2.93039435693369E-01
 1.99059736582120E+03	 4.63154847551459E-01
 1.99060010372123E+03	 5.73666958016523E-01
 1.99060284162127E+03	 5.50506591672468E-01
 1.99060557952130E+03	 3.73660414218005E-01
 1.99060831742133E+03	 9.94041181089617E-02
 1.99061105532136E+03	-1.75273482724264E-01
 1.99061379322139E+03	-3.71404749989286E-01
 1.99061653112142E+03	-4.56853167775194E-01
 1.99061926902145E+03	-4.31896216861429E-01
 1.99062200692148E+03	-3.06313784898649E-01
 1.99062474482151E+03	-1.01714085342010E-01
 1.99062748272154E+03	 1.30300310595535E-01
 1.99063022062157E+03	 3.11092102896799E-01
 1.99063295852160E+03	 3.73446549543491E-01
 1.99063569642163E+03	 3.04862988913124E-01
 1.99063843432167E+03	 1.52281205705692E-01
 1.99064117222170E+03	-1.77226009336439E-02
 1.99064391012173E+03	-1.62996103732441E-01
 1.99064664802176E+03	-2.73204084841894E-01
 1.99064938592179E+03	-3.45241889442768E-01
 1.99065212382182E+03	-3.66304241542826E-01
 1.99065486172185E+03	-3.26271903472719E-01
 1.99065759962188E+03	-2.37700609873710E-01
 1.99066033752191E+03	-1.31081326472330E-01
 1.99066307542194E+03	-2.63512431481526E-02
 1.99066581332197E+03	 8.59450433733366E-02
 1.99066855122200E+03	 2.28025673848884E-01
 1.99067128912203E+03	 3.95020600567423E-01
 1.99067402702206E+03	 5.32638135267775E-01
 1.99067676492210E+03	 5.62280925756228E-01
 1.99067950282213E+03	 4.39321215551981E-01
 1.99068224072216E+03	 1.93529538273744E-01
 1.99068497862219E+03	-8.69104937040013E-02
 1.99068771652222E+03	-3.11972958059144E-01
 1.99069045442225E+03	-4.33328055046693E-01
 1.99069319232228E+03	-4.43114883738207E-01
 1.99069593022231E+03	-3.49211600049341E-01
 1.99069866812234E+03	-1.67474554560350E-01
 1.99070140602237E+03	 6.20679960813102E-02
 1.99070414392240E+03	 2.67352070847610E-01
 1.99070688182243E+03	 3.71851340875379E-01
 1.99070961972246E+03	 3.41514594910842E-01
 1.99071235762250E+03	 2.06144780084147E-01
 1.99071509552253E+03	 3.22423893653698E-02
 1.99071783342256E+03	-1.25559883780059E-01
 1.99072057132259E+03	-2.47120350777568E-01
 1.99072330922262E+03	-3.30037338180219E-01
 1.99072604712265E+03	-3.65818559450560E-01
 1.99072878502268E+03	-3.42231019801550E-01
 1.99073152292271E+03	-2.64234331444494E-01
 1.99073426082274E+03	-1.59509665714898E-01
 1.99073699872277E+03	-5.54565570347165E-02
 1.99073973662280E+03	 4.72050356986885E-02
 1.99074247452283E+03	 1.71133132698391E-01
 1.99074521242286E+03	 3.26884830425014E-01
 1.99074795032290E+03	 4.79098952129216E-01
 1.99075068822293E+03	 5.53184077063246E-01
 1.99075342612296E+03	 4.86105134982443E-01
 1.99075616402299E+03	 2.79418945869831E-01
 1.99075890192302E+03	 4.89829698278853E-03
 1.99076163982305E+03	-2.42478903657829E-01
 1.99076437772308E+03	-3.98232881382525E-01
 1.99076711562311E+03	-4.43035053644270E-01
 1.99076985352314E+03	-3.81696308889240E-01
 1.99077259142317E+03	-2.26512264929812E-01
 1.99077532932320E+03	-7.29034111852530E-03
 1.99077806722323E+03	 2.13717737004813E-01
 1.99078080512326E+03	 3.56594242703260E-01
 1.99078354302329E+03	 3.68458332022582E-01
 1.99078628092333E+03	 2.58377676597410E-01
 1.99078901882336E+03	 8.63938586573709E-02
 1.99079175672339E+03	-8.31993276107403E-02
 1.99079449462342E+03	-2.17808535644042E-01
 1.99079723252345E+03	-3.11964877852164E-01
 1.99079997042348E+03	-3.61312362498088E-01
 1.99080270832351E+03	-3.54207985658132E-01
 1.99080544622354E+03	-2.89046606724871E-01
 1.99080818412357E+03	-1.88008513009820E-01
 1.99081092202360E+03	-8.27261100144204E-02
 1.99081365992363E+03	 1.51081106978122E-02
 1.99081639782366E+03	 1.23300150038137E-01
 1.99081913572369E+03	 2.62799118786715E-01
 1.99082187362373E+03	 4.18019615298975E-01
 1.99082461152376E+03	 5.25728690796521E-01
 1.99082734942379E+03	 5.12426748943610E-01
 1.99083008732382E+03	 3.52855863973918E-01
 1.99083282522385E+03	 9.62626817106530E-02
 1.99083556312388E+03	-1.64818070655408E-01
 1.99083830102391E+03	-3.51999514926448E-01
 1.99084103892394E+03	-4.31764142704091E-01
 1.99084377682397E+03	-4.03525116115296E-01
 1.99084651472400E+03	-2.77303258576334E-01
 1.99084925262403E+03	-7.48888015942027E-02
 1.99085199052406E+03	 1.52822104060172E-01
 1.99085472842409E+03	 3.28072676715851E-01
 1.99085746632413E+03	 3.83599304731012E-01
 1.99086020422416E+03	 3.06259365498507E-01
 1.99086294212419E+03	 1.43489842905059E-01
 1.99086568002422E+03	-3.53878106711625E-02
 1.99086841792425E+03	-1.84379510514088E-01
 1.99087115582428E+03	-2.90924687835353E-01
 1.99087389372431E+03	-3.53124621185288E-01
 1.99087663162434E+03	-3.62014668819811E-01
 1.99087936952437E+03	-3.11469009949485E-01
 1.99088210742440E+03	-2.16635054643728E-01
 1.99088484532443E+03	-1.09740974481227E-01
 1.99088758322446E+03	-1.24411714812508E-02
 1.99089032112449E+03	 8.42256588788106E-02
 1.99089305902452E+03	 2.05694843624494E-01
 1.99089579692456E+03	 3.54361010308615E-01
 1.99089853482459E+03	 4.83657844132448E-01
 1.99090127272462E+03	 5.18241218759843E-01
 1.99090401062465E+03	 4.10359823236032E-01
 1.99090674852468E+03	 1.82969049495542E-01
 1.99090948642471E+03	-8.15897567717596E-02
 1.99091222432474E+03	-2.95434006887898E-01
 1.99091496222477E+03	-4.09462963375885E-01
 1.99091770012480E+03	-4.14674109104478E-01
 1.99092043802483E+03	-3.18868987404522E-01
 1.99092317592486E+03	-1.38241049816969E-01
 1.99092591382489E+03	 8.75905750854996E-02
 1.99092865172492E+03	 2.87557132146972E-01
 1.99093138962496E+03	 3.85535636293585E-01
 1.99093412752499E+03	 3.46968021737608E-01
 1.99093686542502E+03	 2.01596833660634E-01
 1.99093960332505E+03	 1.78782464465969E-02
 1.99094234122508E+03	-1.45868862597051E-01
 1.99094507912511E+03	-2.66458564616784E-01
 1.99094781702514E+03	-3.41490655433337E-01
 1.99095055492517E+03	-3.65648409389546E-01
 1.99095329282520E+03	-3.30843837532425E-01
 1.99095603072523E+03	-2.45000226414637E-01
 1.99095876862526E+03	-1.37554510986064E-01
 1.99096150652529E+03	-3.76478449890769E-02
 1.99096424442532E+03	 5.25911972209321E-02
 1.99096698232536E+03	 1.57199327143435E-01
 1.99096972022539E+03	 2.92570094068033E-01
 1.99097245812542E+03	 4.31523889086947E-01
 1.99097519602545E+03	 5.05049969060151E-01
 1.99097793392548E+03	 4.49556366905937E-01
 1.99098067182551E+03	 2.60832281316894E-01
 1.99098340972554E+03	 3.96055840539093E-03
 1.99098614762557E+03	-2.29858742975526E-01
 1.99098888552560E+03	-3.76409733355426E-01
 1.99099162342563E+03	-4.15230866365430E-01
 1.99099436132566E+03	-3.50681603248290E-01
 1.99099709922569E+03	-1.95376005614836E-01
 1.99099983712572E+03	 2.09779242445127E-02
 1.99100257502576E+03	 2.37054392719115E-01
 1.99100531292579E+03	 3.73712681685279E-01
 1.99100805082582E+03	 3.77871943731408E-01
 1.99101078872585E+03	 2.58211480880220E-01
 1.99101352662588E+03	 7.59268362334533E-02
 1.99101626452591E+03	-1.01456632880443E-01
 1.99101900242594E+03	-2.37790721709543E-01
 1.99102174032597E+03	-3.26418111651956E-01
 1.99102447822600E+03	-3.65226113416969E-01
 1.99102721612603E+03	-3.46636329220984E-01
 1.99102995402606E+03	-2.72410797516971E-01
 1.99103269192609E+03	-1.66620929709476E-01
 1.99103542982612E+03	-6.25016573369494E-02
 1.99103816772615E+03	 2.63818787636995E-02
 1.99104090562619E+03	 1.17620652499395E-01
 1.99104364352622E+03	 2.36163036342079E-01
 1.99104638142625E+03	 3.74185467604204E-01
 1.99104911932628E+03	 4.75729239345240E-01
 1.99105185722631E+03	 4.69440786153652E-01
 1.99105459512634E+03	 3.26092508825897E-01
 1.99105733302637E+03	 8.81112375261022E-02
 1.99106007092640E+03	-1.57209343381847E-01
 1.99106280882643E+03	-3.33113448806326E-01
 1.99106554672646E+03	-4.05338073252095E-01
 1.99106828462649E+03	-3.72538611159248E-01
 1.99107102252652E+03	-2.44872112934392E-01
 1.99107376042655E+03	-4.42662795560211E-02
 1.99107649832659E+03	 1.79099692245305E-01
 1.99107923622662E+03	 3.48480322691477E-01
 1.99108197412665E+03	 3.96809424682487E-01
 1.99108471202668E+03	 3.10470349382982E-01
 1.99108744992671E+03	 1.37342736457181E-01
 1.99109018782674E+03	-5.06989585891480E-02
 1.99109292572677E+03	-2.03948287164416E-01
 1.99109566362680E+03	-3.07603424955442E-01
 1.99109840152683E+03	-3.60874727017296E-01
 1.99110113942686E+03	-3.58489421599053E-01
 1.99110387732689E+03	-2.98033039462012E-01
 1.99110661522692E+03	-1.96823686093142E-01
 1.99110935312695E+03	-8.85280068596587E-02
 1.99111209102699E+03	 3.25545335216824E-03
 1.99111482892702E+03	 8.60909413224090E-02
 1.99111756682705E+03	 1.87444117215626E-01
 1.99112030472708E+03	 3.16287530671406E-01
 1.99112304262711E+03	 4.34200862988033E-01
 1.99112578052714E+03	 4.70493767201253E-01
 1.99112851842717E+03	 3.75802581287424E-01
 1.99113125632720E+03	 1.66936358451941E-01
 1.99113399422723E+03	-8.00533127467240E-02
 1.99113673212726E+03	-2.80448527938993E-01
 1.99113947002729E+03	-3.85198917696707E-01
 1.99114220792732E+03	-3.84438116953827E-01
 1.99114494582735E+03	-2.85818784823166E-01
 1.99114768372738E+03	-1.05776125025513E-01
 1.99115042162742E+03	 1.16509299668684E-01
 1.99115315952745E+03	 3.11049076890787E-01
 1.99115589742748E+03	 4.02319674249338E-01
 1.99115863532751E+03	 3.55421310376290E-01
 1.99116137322754E+03	 2.00001170982263E-01
 1.99116411112757E+03	 6.26654921196794E-03
 1.99116684902760E+03	-1.63948443077426E-01
 1.99116958692763E+03	-2.84413669750665E-01
 1.99117232482766E+03	-3.52605361356282E-01
 1.99117506272769E+03	-3.66213690588320E-01
 1.99117780062772E+03	-3.21043167235168E-01
 1.99118053852775E+03	-2.27583683788116E-01
 1.99118327642778E+03	-1.16639407397134E-01
 1.99118601432782E+03	-1.90936869818358E-02
 1.99118875222785E+03	 6.08373348621712E-02
 1.99119149012788E+03	 1.47388198220767E-01
 1.99119422802791E+03	 2.61790332724393E-01
 1.99119696592794E+03	 3.84986943254107E-01
 1.99119970382797E+03	 4.54627348579478E-01
 1.99120244172800E+03	 4.08149759620825E-01
 1.99120517962803E+03	 2.36649872455376E-01
 1.99120791752806E+03	-1.50967600135550E-03
 1.99121065542809E+03	-2.19775851275456E-01
 1.99121339332812E+03	-3.55140756704061E-01
 1.99121613122815E+03	-3.86482780728383E-01
 1.99121886912818E+03	-3.17724910946054E-01
 1.99122160702822E+03	-1.61675047399347E-01
 1.99122434492825E+03	 5.21285239665205E-02
 1.99122708282828E+03	 2.63355208353082E-01
 1.99122982072831E+03	 3.93794961779785E-01
 1.99123255862834E+03	 3.90320711643299E-01
 1.99123529652837E+03	 2.61203892207725E-01
 1.99123803442840E+03	 6.85777745158975E-02
 1.99124077232843E+03	-1.17025842592739E-01
 1.99124351022846E+03	-2.55947231174879E-01
 1.99124624812849E+03	-3.40202933390429E-01
 1.99124898602852E+03	-3.69719532121742E-01
 1.99125172392855E+03	-3.40735827367790E-01
 1.99125446182858E+03	-2.58016467560869E-01
 1.99125719972861E+03	-1.47094671571950E-01
 1.99125993762865E+03	-4.26231493971815E-02
 1.99126267552868E+03	 3.95349569948064E-02
 1.99126541342871E+03	 1.15691308384236E-01
 1.99126815132874E+03	 2.13605002484273E-01
 1.99127088922877E+03	 3.32706233427217E-01
 1.99127362712880E+03	 4.24963603369536E-01
 1.99127636502883E+03	 4.22661975927045E-01
 1.99127910292886E+03	 2.93977536354396E-01
 1.99128184082889E+03	 7.49342947985216E-02
 1.99128457872892E+03	-1.53015212077873E-01
 1.99128731662895E+03	-3.15720002247471E-01
 1.99129005452898E+03	-3.78832301260085E-01
 1.99129279242901E+03	-3.40401410816203E-01
 1.99129553032905E+03	-2.10605088305152E-01
 1.99129826822908E+03	-1.13919227244064E-02
 1.99130100612911E+03	 2.07857323290937E-01
 1.99130374402914E+03	 3.71536056588436E-01
 1.99130648192917E+03	 4.12916624152723E-01
 1.99130921982920E+03	 3.17903163670516E-01
 1.99131195772923E+03	 1.34595252784235E-01
 1.99131469562926E+03	-6.28647547160290E-02
 1.99131743352929E+03	-2.21172194090912E-01
 1.99132017142932E+03	-3.23161540027922E-01
 1.99132290932935E+03	-3.68911351847455E-01
 1.99132564722938E+03	-3.56572925942390E-01
 1.99132838512941E+03	-2.87102824915293E-01
 1.99133112302945E+03	-1.79555843278374E-01
 1.99133386092948E+03	-6.87193798078298E-02
 1.99133659882951E+03	 1.96885972183597E-02
 1.99133933672954E+03	 9.09710875499783E-02
 1.99134207462957E+03	 1.73376916619454E-01
 1.99134481252960E+03	 2.81577551672165E-01
 1.99134755042963E+03	 3.85472470091952E-01
 1.99135028832966E+03	 4.20264049348360E-01
 1.99135302622969E+03	 3.36503976762765E-01
 1.99135576412972E+03	 1.45694540398179E-01
 1.99135850202975E+03	-8.26409387347739E-02
 1.99136123992978E+03	-2.67840908577057E-01
 1.99136397782981E+03	-3.61712413153371E-01
 1.99136671572985E+03	-3.53846650048351E-01
 1.99136945362988E+03	-2.51688701516820E-01
 1.99137219152991E+03	-7.17653424163089E-02
 1.99137492942994E+03	 1.47295223561929E-01
 1.99137766732997E+03	 3.36707271096742E-01
 1.99138040523000E+03	 4.21680741661045E-01
 1.99138314313003E+03	 3.66985628302639E-01
 1.99138588103006E+03	 2.01954276375584E-01
 1.99138861893009E+03	-1.79704763965471E-03
 1.99139135683012E+03	-1.79126334837576E-01
 1.99139409473015E+03	-3.00688122493770E-01
 1.99139683263018E+03	-3.63572242593789E-01
 1.99139957053021E+03	-3.68168915708667E-01
 1.99140230843024E+03	-3.13838955252523E-01
 1.99140504633028E+03	-2.13218786177105E-01
 1.99140778423031E+03	-9.80819074321554E-02
 1.99141052213034E+03	-1.00954339313743E-03
 1.99141326003037E+03	 7.10798460002239E-02
 1.99141599793040E+03	 1.41436423446859E-01
 1.99141873583043E+03	 2.34993441419336E-01
 1.99142147373046E+03	 3.40515364419178E-01
 1.99142421163049E+03	 4.03170231336191E-01
 1.99142694953052E+03	 3.62942552034111E-01
 1.99142968743055E+03	 2.07418049158204E-01
 1.99143242533058E+03	-1.15850207510732E-02
 1.99143516323061E+03	-2.12855917163368E-01
 1.99143790113064E+03	-3.35475209129025E-01
 1.99144063903068E+03	-3.58159970039555E-01
 1.99144337693071E+03	-2.84442335559608E-01
 1.99144611483074E+03	-1.27169043210961E-01
 1.99144885273077E+03	 8.44449360585385E-02
 1.99145159063080E+03	 2.91201648069674E-01
 1.99145432853083E+03	 4.15959428970458E-01
 1.99145706643086E+03	 4.05578898350170E-01
 1.99145980433089E+03	 2.67720937339427E-01
 1.99146254223092E+03	 6.50696665623354E-02
 1.99146528013095E+03	-1.29149823508574E-01
 1.99146801803098E+03	-2.71784621830187E-01
 1.99147075593101E+03	-3.53270702911709E-01
 1.99147349383104E+03	-3.75222721236781E-01
 1.99147623173108E+03	-3.37339996527661E-01
 1.99147896963111E+03	-2.46984306911444E-01
 1.99148170753114E+03	-1.30716361886703E-01
 1.99148444543117E+03	-2.43905533503403E-02
 1.99148718333120E+03	 5.34804347993208E-02
 1.99148992123123E+03	 1.16912906678235E-01
 1.99149265913126E+03	 1.95216039120977E-01
 1.99149539703129E+03	 2.94354446580389E-01
 1.99149813493132E+03	 3.74623039732088E-01
 1.99150087283135E+03	 3.73284618101214E-01
 1.99150361073138E+03	 2.57322772053563E-01
 1.99150634863141E+03	 5.69516533265045E-02
 1.99150908653144E+03	-1.52616471924640E-01
 1.99151182443147E+03	-3.00693566361501E-01
 1.99151456233151E+03	-3.53500414882042E-01
 1.99151730023154E+03	-3.08667161153508E-01
 1.99152003813157E+03	-1.76272021459101E-01
 1.99152277603160E+03	 2.19015903045126E-02
 1.99152551393163E+03	 2.37438831494750E-01
 1.99152825183166E+03	 3.96026574363925E-01
 1.99153098973169E+03	 4.31340327469015E-01
 1.99153372763172E+03	 3.28635232630621E-01
 1.99153646553175E+03	 1.35820068090160E-01
 1.99153920343178E+03	-7.11135441030288E-02
 1.99154194133181E+03	-2.35403954405534E-01
 1.99154467923184E+03	-3.37317782304770E-01
 1.99154741713187E+03	-3.77418198303554E-01
 1.99155015503191E+03	-3.56882642137294E-01
 1.99155289293194E+03	-2.79633958681052E-01
 1.99155563083197E+03	-1.66021124294060E-01
 1.99155836873200E+03	-5.16184777432178E-02
 1.99156110663203E+03	 3.56304793870226E-02
 1.99156384453206E+03	 9.79863260526409E-02
 1.99156658243209E+03	 1.63228672239570E-01
 1.99156932033212E+03	 2.50691691549412E-01
 1.99157205823215E+03	 3.38510767116618E-01
 1.99157479613218E+03	 3.68801103088454E-01
 1.99157753403221E+03	 2.93499798569425E-01
 1.99158027193224E+03	 1.19762184617207E-01
 1.99158300983227E+03	-8.94506760145969E-02
 1.99158574773231E+03	-2.58263818714756E-01
 1.99158848563234E+03	-3.40096594138517E-01
 1.99159122353237E+03	-3.24343535609692E-01
 1.99159396143240E+03	-2.18199303268501E-01
 1.99159669933243E+03	-3.80851827748887E-02
 1.99159943723246E+03	 1.78126130375579E-01
 1.99160217513249E+03	 3.63035256155089E-01
 1.99160491303252E+03	 4.42690275359841E-01
 1.99160765093255E+03	 3.81411001806917E-01
 1.99161038883258E+03	 2.07807720392017E-01
 1.99161312673261E+03	-5.60387931521819E-03
 1.99161586463264E+03	-1.90660410414510E-01
 1.99161860253267E+03	-3.14794142655478E-01
 1.99162134043270E+03	-3.74322256898180E-01
 1.99162407833274E+03	-3.71886550886100E-01
 1.99162681623277E+03	-3.09978280102658E-01
 1.99162955413280E+03	-2.02939813698141E-01
 1.99163229203283E+03	-8.31121305487950E-02
 1.99163502993286E+03	 1.53240278278703E-02
 1.99163776783289E+03	 8.22333936694884E-02
 1.99164050573292E+03	 1.38754085274281E-01
 1.99164324363295E+03	 2.12296668131235E-01
 1.99164598153298E+03	 2.98913728644284E-01
 1.99164871943301E+03	 3.51890411033294E-01
 1.99165145733304E+03	 3.15130591858673E-01
 1.99165419523307E+03	 1.73937944195153E-01
 1.99165693313310E+03	-2.60566152519199E-02
 1.99165967103314E+03	-2.09487230960636E-01
 1.99166240893317E+03	-3.18301583542288E-01
 1.99166514683320E+03	-3.31552032331171E-01
 1.99166788473323E+03	-2.52451325670469E-01
 1.99167062263326E+03	-9.37090140912866E-02
 1.99167336053329E+03	 1.16016161972765E-01
 1.99167609843332E+03	 3.18879445050458E-01
 1.99167883633335E+03	 4.38960664007928E-01
 1.99168157423338E+03	 4.23053777067381E-01
 1.99168431213341E+03	 2.77836279948792E-01
 1.99168705003344E+03	 6.59706135836011E-02
 1.99168978793347E+03	-1.37063168261390E-01
 1.99169252583350E+03	-2.84653449346844E-01
 1.99169526373354E+03	-3.65311192761097E-01
 1.99169800163357E+03	-3.81847698102001E-01
 1.99170073953360E+03	-3.36954276901388E-01
 1.99170347743363E+03	-2.40144759236319E-01
 1.99170621533366E+03	-1.18574420399187E-01
 1.99170895323369E+03	-9.04972845289464E-03
 1.99171169113372E+03	 6.70157140174873E-02
 1.99171442903375E+03	 1.20426939340239E-01
 1.99171716693378E+03	 1.80768167257792E-01
 1.99171990483381E+03	 2.59639460306969E-01
 1.99172264273384E+03	 3.25789228556823E-01
 1.99172538063387E+03	 3.22582642410217E-01
 1.99172811853390E+03	 2.17171466975500E-01
 1.99173085643394E+03	 3.46845140098476E-02
 1.99173359433397E+03	-1.56103071818125E-01
 1.99173633223400E+03	-2.88676129665648E-01
 1.99173907013403E+03	-3.30435999659402E-01
 1.99174180803406E+03	-2.78802229360405E-01
 1.99174454593409E+03	-1.43635231585495E-01
 1.99174728383412E+03	 5.36920580155372E-02
 1.99175002173415E+03	 2.65988808685850E-01
 1.99175275963418E+03	 4.20442263271102E-01
 1.99175549753421E+03	 4.51154951006621E-01
 1.99175823543424E+03	 3.42425417111722E-01
 1.99176097333427E+03	 1.41374637910886E-01
 1.99176371123430E+03	-7.47347316786308E-02
 1.99176644913433E+03	-2.45893571871051E-01
 1.99176918703437E+03	-3.49551074793666E-01
 1.99177192493440E+03	-3.86247261353743E-01
 1.99177466283443E+03	-3.59661591004511E-01
 1.99177740073446E+03	-2.76215954723435E-01
 1.99178013863449E+03	-1.57109060211400E-01
 1.99178287653452E+03	-3.83553526694083E-02
 1.99178561443455E+03	 4.98555985768348E-02
 1.99178835233458E+03	 1.06087871520601E-01
 1.99179109023461E+03	 1.56454845086841E-01
 1.99179382813464E+03	 2.23808143578121E-01
 1.99179656603467E+03	 2.94183158011777E-01
 1.99179930393470E+03	 3.17363836461510E-01
 1.99180204183473E+03	 2.48012011942508E-01
 1.99180477973477E+03	 8.99558707670794E-02
 1.99180751763480E+03	-1.00253822690976E-01
 1.99181025553483E+03	-2.52076170122888E-01
 1.99181299343486E+03	-3.21210207789428E-01
 1.99181573133489E+03	-2.97201750593043E-01
 1.99181846923492E+03	-1.86968730633407E-01
 1.99182120713495E+03	-6.59578066563008E-03
 1.99182394503498E+03	 2.07087413239640E-01
 1.99182668293501E+03	 3.88328810007731E-01
 1.99182942083504E+03	 4.64124338862999E-01
 1.99183215873507E+03	 3.98128522147334E-01
 1.99183489663510E+03	 2.17652835423935E-01
 1.99183763453513E+03	-4.57558510652578E-03
 1.99184037243517E+03	-1.97772967114416E-01
 1.99184311033520E+03	-3.26048031077635E-01
 1.99184584823523E+03	-3.84465225590776E-01
 1.99184858613526E+03	-3.77340660710829E-01
 1.99185132403529E+03	-3.09785452220244E-01
 1.99185406193532E+03	-1.97393616147313E-01
 1.99185679983535E+03	-7.26743961627656E-02
 1.99185953773538E+03	 2.87516073796175E-02
 1.99186227563541E+03	 9.31518540370982E-02
 1.99186501353544E+03	 1.38537096678262E-01
 1.99186775143547E+03	 1.93541464536759E-01
 1.99187048933550E+03	 2.60768963986635E-01
 1.99187322723553E+03	 3.01936467349196E-01
 1.99187596513556E+03	 2.66032332125661E-01
 1.99187870303560E+03	 1.37280587121834E-01
 1.99188144093563E+03	-4.43750530623395E-02
 1.99188417883566E+03	-2.09718210873291E-01
 1.99188691673569E+03	-3.04209189718326E-01
 1.99188965463572E+03	-3.07701621739527E-01
 1.99189239253575E+03	-2.23178864088050E-01
 1.99189513043578E+03	-6.30275823470429E-02
 1.99189786833581E+03	 1.44949726231657E-01
 1.99190060623584E+03	 3.44570385615330E-01
 1.99190334413587E+03	 4.61332513216012E-01
 1.99190608203590E+03	 4.41861302681136E-01
 1.99190881993593E+03	 2.91340095493254E-01
 1.99191155783596E+03	 7.16575220758320E-02
 1.99191429573600E+03	-1.40038913295807E-01
 1.99191703363603E+03	-2.93770716025017E-01
 1.99191977153606E+03	-3.75727588699482E-01
 1.99192250943609E+03	-3.89308725363899E-01
 1.99192524733612E+03	-3.39627450439113E-01
 1.99192798523615E+03	-2.37872943624697E-01
 1.99193072313618E+03	-1.11372303288882E-01
 1.99193346103621E+03	 2.39870591624702E-03
 1.99193619893624E+03	 7.89967466366553E-02
 1.99193893683627E+03	 1.25250048497774E-01
 1.99194167473630E+03	 1.69792329322247E-01
 1.99194441263633E+03	 2.28827223216054E-01
 1.99194715053636E+03	 2.79412805149453E-01
 1.99194988843640E+03	 2.71876817962603E-01
 1.99195262633643E+03	 1.74785338986569E-01
 1.99195536423646E+03	 8.98340507480627E-03
 1.99195810213649E+03	-1.63198945294645E-01
 1.99196084003652E+03	-2.79959449760677E-01
 1.99196357793655E+03	-3.10419899692096E-01
 1.99196631583658E+03	-2.52003965745850E-01
 1.99196905373661E+03	-1.14244472723346E-01
 1.99197179163664E+03	 8.21846939218076E-02
 1.99197452953667E+03	 2.91660226392906E-01
 1.99197726743670E+03	 4.43147602508801E-01
 1.99198000533673E+03	 4.71198689605538E-01
 1.99198274323676E+03	 3.58752021862620E-01
 1.99198548113679E+03	 1.51380410441627E-01
 1.99198821903683E+03	-7.31289947570722E-02
 1.99199095693686E+03	-2.51832562963520E-01
 1.99199369483689E+03	-3.59109893057803E-01
 1.99199643273692E+03	-3.94878515642474E-01
 1.99199917063695E+03	-3.64687442926461E-01
 1.99200190853698E+03	-2.76938544702738E-01
 1.99200464643701E+03	-1.53244193551227E-01
 1.99200738433704E+03	-2.97051292795119E-02
 1.99201012223707E+03	 6.13193822618782E-02
 1.99201286013710E+03	 1.14209215752698E-01
 1.99201559803713E+03	 1.52331977407915E-01
 1.99201833593716E+03	 2.00862244980340E-01
 1.99202107383719E+03	 2.53172060486336E-01
 1.99202381173723E+03	 2.67178154511716E-01
 1.99202654963726E+03	 2.01410467137640E-01
 1.99202928753729E+03	 5.73846392080913E-02
 1.99203202543732E+03	-1.14453220619958E-01
 1.99203476333735E+03	-2.49253577241934E-01
 1.99203750123738E+03	-3.05546955288873E-01
 1.99204023913741E+03	-2.73358707775381E-01
 1.99204297703744E+03	-1.59319684771652E-01
 1.99204571493747E+03	 2.10715365966065E-02
 1.99204845283750E+03	 2.32386609169936E-01
 1.99205119073753E+03	 4.10866352216026E-01
 1.99205392863756E+03	 4.84602232698608E-01
 1.99205666653759E+03	 4.16319690619791E-01
 1.99205940443763E+03	 2.31322493082538E-01
 1.99206214233766E+03	 1.69154825392960E-03
 1.99206488023769E+03	-1.99708273517382E-01
 1.99206761813772E+03	-3.33608878140373E-01
 1.99207035603775E+03	-3.93288295543698E-01
 1.99207309393778E+03	-3.84057275457326E-01
 1.99207583183781E+03	-3.13066598154495E-01
 1.99207856973784E+03	-1.96705832393037E-01
 1.99208130763787E+03	-6.72658461027059E-02
 1.99208404553790E+03	 3.84155423200612E-02
 1.99208678343793E+03	 1.02788613337431E-01
 1.99208952133796E+03	 1.39888425049170E-01
 1.99209225923799E+03	 1.78355679634899E-01
 1.99209499713803E+03	 2.26450502387427E-01
 1.99209773503806E+03	 2.54349233285526E-01
 1.99210047293809E+03	 2.17031128709440E-01
 1.99210321083812E+03	 9.87490605174895E-02
 1.99210594873815E+03	-6.56457237783102E-02
 1.99210868663818E+03	-2.13202637704317E-01
 1.99211142453821E+03	-2.93386848692071E-01
 1.99211416243824E+03	-2.87263780090852E-01
 1.99211690033827E+03	-1.97687704382584E-01
 1.99211963823830E+03	-3.65392891356837E-02
 1.99212237613833E+03	 1.69583706162936E-01
 1.99212511403836E+03	 3.66553720925525E-01
 1.99212785193839E+03	 4.81550497001298E-01
 1.99213058983842E+03	 4.60925905810343E-01
 1.99213332773846E+03	 3.07768106181129E-01
 1.99213606563849E+03	 8.22862576388367E-02
 1.99213880353852E+03	-1.37449808533742E-01
 1.99214154143855E+03	-2.98280288661466E-01
 1.99214427933858E+03	-3.83669907515402E-01
 1.99214701723861E+03	-3.96914390222980E-01
 1.99214975513864E+03	-3.44898786831583E-01
 1.99215249303867E+03	-2.39993484973398E-01
 1.99215523093870E+03	-1.09297272655267E-01
 1.99215796883873E+03	 9.35489765049290E-03
 1.99216070673876E+03	 8.84973814582422E-02
 1.99216344463879E+03	 1.30409368264911E-01
 1.99216618253882E+03	 1.61663038480136E-01
 1.99216892043886E+03	 2.01960490873846E-01
 1.99217165833889E+03	 2.36276096123133E-01
 1.99217439623892E+03	 2.22466077541804E-01
 1.99217713413895E+03	 1.31579085082630E-01
 1.99217987203898E+03	-1.90045612350994E-02
 1.99218260993901E+03	-1.73246373110636E-01
 1.99218534783904E+03	-2.74419381219863E-01
 1.99218808573907E+03	-2.93810262309929E-01
 1.99219082363910E+03	-2.29053063975759E-01
 1.99219356153913E+03	-8.92579028591186E-02
 1.99219629943916E+03	 1.05912298063236E-01
 1.99219903733919E+03	 3.12816898503483E-01
 1.99220177523922E+03	 4.62559094018835E-01
 1.99220451313926E+03	 4.90199758449672E-01
 1.99220725103929E+03	 3.76870799334545E-01
 1.99220998893932E+03	 1.65714307354675E-01
 1.99221272683935E+03	-6.58636939743715E-02
 1.99221546473938E+03	-2.52426759109435E-01
 1.99221820263941E+03	-3.65073978639211E-01
 1.99222094053944E+03	-4.02450885253174E-01
 1.99222367843947E+03	-3.71263379827053E-01
 1.99222641633950E+03	-2.81339983704362E-01
 1.99222915423953E+03	-1.54293181635588E-01
 1.99223189213956E+03	-2.59602276203519E-02
 1.99223463003959E+03	 6.93054004340349E-02
 1.99223736793962E+03	 1.21406797992999E-01
 1.99224010583965E+03	 1.50061244050666E-01
 1.99224284373969E+03	 1.81589657300902E-01
 1.99224558163972E+03	 2.15952985806199E-01
 1.99224831953975E+03	 2.19367159543590E-01
 1.99225105743978E+03	 1.55127539390729E-01
 1.99225379533981E+03	 2.33830847981268E-02
 1.99225653323984E+03	-1.31108201149760E-01
 1.99225927113987E+03	-2.49362841058247E-01
 1.99226200903990E+03	-2.93162002096057E-01
 1.99226474693993E+03	-2.53300941220008E-01
 1.99226748483996E+03	-1.36128165444193E-01
 1.99227022273999E+03	 4.36937887943810E-02
 1.99227296064002E+03	 2.52546725801885E-01
 1.99227569854005E+03	 4.29092569206612E-01
 1.99227843644009E+03	 5.02732397241688E-01
 1.99228117434012E+03	 4.35001845823093E-01
 1.99228391224015E+03	 2.48408106435818E-01
 1.99228665014018E+03	 1.33854670945141E-02
 1.99228938804021E+03	-1.95807808403586E-01
 1.99229212594024E+03	-3.36559810849866E-01
 1.99229486384027E+03	-3.99820011647923E-01
 1.99229760174030E+03	-3.91146875286921E-01
 1.99230033964033E+03	-3.19103189940314E-01
 1.99230307754036E+03	-2.00431930825803E-01
 1.99230581544039E+03	-6.68455368529648E-02
 1.99230855334042E+03	 4.38797492242089E-02
 1.99231129124045E+03	 1.10331839255764E-01
 1.99231402914049E+03	 1.41933710522546E-01
 1.99231676704052E+03	 1.66219198419207E-01
 1.99231950494055E+03	 1.96109635353811E-01
 1.99232224284058E+03	 2.10000779702536E-01
 1.99232498074061E+03	 1.69479986257112E-01
 1.99232771864064E+03	 5.97840702040500E-02
 1.99233045654067E+03	-8.86924336894838E-02
 1.99233319444070E+03	-2.19216342197392E-01
 1.99233593234073E+03	-2.85590085735334E-01
 1.99233867024076E+03	-2.70428085927438E-01
 1.99234140814079E+03	-1.76558935815017E-01
 1.99234414604082E+03	-1.51894227805891E-02
 1.99234688394085E+03	 1.88661219121621E-01
 1.99234962184088E+03	 3.83384937388762E-01
 1.99235235974092E+03	 4.98188425128715E-01
 1.99235509764095E+03	 4.79088648923525E-01
 1.99235783554098E+03	 3.26445132416713E-01
 1.99236057344101E+03	 9.77711077728741E-02
 1.99236331134104E+03	-1.28836550069996E-01
 1.99236604924107E+03	-2.97343795582506E-01
 1.99236878714110E+03	-3.88124045254040E-01
 1.99237152504113E+03	-4.03636589464615E-01
 1.99237426294116E+03	-3.51835252074089E-01
 1.99237700084119E+03	-2.45777923461009E-01
 1.99237973874122E+03	-1.11972974923336E-01
 1.99238247664125E+03	 1.17100005354595E-02
 1.99238521454128E+03	 9.49276961131282E-02
 1.99238795244132E+03	 1.35060693932014E-01
 1.99239069034135E+03	 1.55682321366978E-01
 1.99239342824138E+03	 1.78882232676092E-01
 1.99239616614141E+03	 1.96949438987893E-01
 1.99239890404144E+03	 1.75533305350248E-01
 1.99240164194147E+03	 8.90078384730159E-02
 1.99240437984150E+03	-4.79326426190243E-02
 1.99240711774153E+03	-1.85263920400067E-01
 1.99240985564156E+03	-2.71525842091424E-01
 1.99241259354159E+03	-2.80505789654929E-01
 1.99241533144162E+03	-2.10234650429830E-01
 1.99241806934165E+03	-6.93255998684852E-02
 1.99242080724168E+03	 1.23882321143244E-01
 1.99242354514172E+03	 3.28196997158967E-01
 1.99242628304175E+03	 4.77302321699218E-01
 1.99242902094178E+03	 5.06899903442034E-01
 1.99243175884181E+03	 3.95882791678085E-01
 1.99243449674184E+03	 1.84012203866948E-01
 1.99243723464187E+03	-5.27262396316873E-02
 1.99243997254190E+03	-2.46986945320186E-01
 1.99244271044193E+03	-3.66458787199272E-01
 1.99244544834196E+03	-4.07860139640693E-01
 1.99244818624199E+03	-3.78294337158663E-01
 1.99245092414202E+03	-2.88449859297842E-01
 1.99245366204205E+03	-1.59564268044744E-01
 1.99245639994208E+03	-2.68815870340718E-02
 1.99245913784212E+03	 7.35157045455123E-02
 1.99246187574215E+03	 1.26969552063819E-01
 1.99246461364218E+03	 1.48863213380162E-01
 1.99246735154221E+03	 1.65572864665158E-01
 1.99247008944224E+03	 1.82774132246245E-01
 1.99247282734227E+03	 1.74868460814094E-01
 1.99247556524230E+03	 1.10538610348373E-01
 1.99247830314233E+03	-1.06105569152729E-02
 1.99248104104236E+03	-1.49029614094605E-01
 1.99248377894239E+03	-2.51614190044283E-01
 1.99248651684242E+03	-2.83678054939456E-01
 1.99248925474245E+03	-2.37026774315550E-01
 1.99249199264248E+03	-1.17746286097353E-01
 1.99249473054251E+03	 6.05690390533421E-02
 1.99249746844255E+03	 2.66545069528661E-01
 1.99250020634258E+03	 4.41765285382322E-01
 1.99250294424261E+03	 5.17241981732689E-01
 1.99250568214264E+03	 4.53115007817921E-01
 1.99250842004267E+03	 2.68287342876155E-01
 1.99251115794270E+03	 3.04452849170879E-02
 1.99251389584273E+03	-1.85591773233306E-01
 1.99251663374276E+03	-3.34017842272952E-01
 1.99251937164279E+03	-4.02947885680121E-01
 1.99252210954282E+03	-3.97412441613233E-01
 1.99252484744285E+03	-3.26736033615544E-01
 1.99252758534288E+03	-2.07603432010050E-01
 1.99253032324291E+03	-7.08318831219554E-02
 1.99253306114295E+03	 4.51827836640753E-02
 1.99253579904298E+03	 1.15293882319800E-01
 1.99253853694301E+03	 1.43916845157573E-01
 1.99254127484304E+03	 1.56528799773646E-01
 1.99254401274307E+03	 1.69684807802440E-01
 1.99254675064310E+03	 1.69531872928803E-01
 1.99254948854313E+03	 1.24586613594682E-01
 1.99255222644316E+03	 2.18277069332955E-02
 1.99255496434319E+03	-1.12182330258416E-01
 1.99255770224322E+03	-2.26748376708461E-01
 1.99256044014325E+03	-2.80189499759330E-01
 1.99256317804328E+03	-2.56924066625878E-01
 1.99256591594331E+03	-1.59856796565315E-01
 1.99256865384335E+03	 6.19371024350560E-04
 1.99257139174338E+03	 2.01436786326410E-01
 1.99257412964341E+03	 3.94022401543531E-01
 1.99257686754344E+03	 5.10043767145741E-01
 1.99257960544347E+03	 4.95205366358874E-01
 1.99258234334350E+03	 3.46534103338563E-01
 1.99258508124353E+03	 1.17774498615129E-01
 1.99258781914356E+03	-1.13973263973857E-01
 1.99259055704359E+03	-2.90246495149113E-01
 1.99259329494362E+03	-3.88039106118579E-01
 1.99259603284365E+03	-4.08241383000459E-01
 1.99259877074368E+03	-3.59149716947517E-01
 1.99260150864371E+03	-2.54034074861700E-01
 1.99260424654374E+03	-1.18504209912368E-01
 1.99260698444378E+03	 9.85556733321263E-03
 1.99260972234381E+03	 9.80927786941914E-02
 1.99261246024384E+03	 1.38573575982161E-01
 1.99261519814387E+03	 1.51154949275564E-01
 1.99261793604390E+03	 1.59265130254044E-01
 1.99262067394393E+03	 1.61754411883313E-01
 1.99262341184396E+03	 1.32045529961280E-01
 1.99262614974399E+03	 4.84283775328927E-02
 1.99262888764402E+03	-7.63996020247258E-02
 1.99263162554405E+03	-1.98070390480030E-01
 1.99263436344408E+03	-2.70430488520980E-01
 1.99263710134411E+03	-2.69992993417821E-01
 1.99263983924414E+03	-1.95345767615614E-01
 1.99264257714418E+03	-5.45582026978187E-02
 1.99264531504421E+03	 1.35645149418347E-01
 1.99264805294424E+03	 3.37010879144351E-01
 1.99265079084427E+03	 4.86322931413470E-01
 1.99265352874430E+03	 5.20154584295878E-01
 1.99265626664433E+03	 4.14798947076247E-01
 1.99265900454436E+03	 2.05680805539227E-01
 1.99266174244439E+03	-3.37692304224649E-02
 1.99266448034442E+03	-2.35022896901515E-01
 1.99266721824445E+03	-3.62342985512912E-01
 1.99266995614448E+03	-4.09902709334640E-01
 1.99267269404451E+03	-3.84430530211023E-01
 1.99267543194454E+03	-2.96914979916769E-01
 1.99267816984458E+03	-1.67896768618271E-01
 1.99268090774461E+03	-3.17357497011791E-02
 1.99268364564464E+03	 7.40908536193405E-02
 1.99268638354467E+03	 1.30482330958075E-01
 1.99268912144470E+03	 1.48053212429004E-01
 1.99269185934473E+03	 1.52289620094537E-01
 1.99269459724476E+03	 1.53647270011163E-01
 1.99269733514479E+03	 1.34357786055031E-01
 1.99270007304482E+03	 6.88323339489300E-02
 1.99270281094485E+03	-4.32084478165472E-02
 1.99270554884488E+03	-1.66927956447314E-01
 1.99270828674491E+03	-2.54982817870143E-01
 1.99271102464494E+03	-2.76371410789156E-01
 1.99271376254497E+03	-2.24095093875520E-01
 1.99271650044501E+03	-1.04013401741840E-01
 1.99271923834504E+03	 7.15434366224534E-02
 1.99272197624507E+03	 2.73875783884992E-01
 1.99272471414510E+03	 4.48042902402480E-01
 1.99272745204513E+03	 5.27069295299601E-01
 1.99273018994516E+03	 4.69594391788366E-01
 1.99273292784519E+03	 2.90154670458072E-01
 1.99273566574522E+03	 5.25379198405584E-02
 1.99273840364525E+03	-1.68835662150961E-01
 1.99274114154528E+03	-3.25253161344915E-01
 1.99274387944531E+03	-4.01565480607541E-01
 1.99274661734534E+03	-4.01508423902939E-01
 1.99274935524537E+03	-3.34518881783436E-01
 1.99275209314541E+03	-2.16856174798223E-01
 1.99275483104544E+03	-7.81851347358953E-02
 1.99275756894547E+03	 4.28143051525621E-02
 1.99276030684550E+03	 1.17543396132528E-01
 1.99276304474553E+03	 1.45264318500108E-01
 1.99276578264556E+03	 1.48657230737290E-01
 1.99276852054559E+03	 1.46918081829814E-01
 1.99277125844562E+03	 1.33304020331102E-01
 1.99277399634565E+03	 8.33028934285781E-02
 1.99277673424568E+03	-1.38276853971228E-02
 1.99277947214571E+03	-1.34787784994553E-01
 1.99278221004574E+03	-2.34648749220978E-01
 1.99278494794577E+03	-2.76290460622300E-01
 1.99278768584581E+03	-2.46107897882995E-01
 1.99279042374584E+03	-1.47180559104444E-01
 1.99279316164587E+03	 1.10122487915943E-02
 1.99279589954590E+03	 2.07699652504818E-01
 1.99279863744593E+03	 3.97883968703214E-01
 1.99280137534596E+03	 5.16213098026010E-01
 1.99280411324599E+03	 5.08218284427434E-01
 1.99280685114602E+03	 3.67079446618397E-01
 1.99280958904605E+03	 1.41704018702120E-01
 1.99281232694608E+03	-9.29235585989421E-02
 1.99281506484611E+03	-2.76501882845927E-01
 1.99281780274614E+03	-3.82469088089424E-01
 1.99282054064617E+03	-4.09453550086300E-01
 1.99282327854621E+03	-3.65372301345429E-01
 1.99282601644624E+03	-2.63264579860758E-01
 1.99282875434627E+03	-1.27600051731841E-01
 1.99283149224630E+03	 4.61552124282510E-03
 1.99283423014633E+03	 9.81866797649661E-02
 1.99283696804636E+03	 1.40574048704943E-01
 1.99283970594638E+03	 1.47447892863492E-01
 1.99284244384642E+03	 1.42647927189442E-01
 1.99284518174645E+03	 1.30745511428739E-01
 1.99284791964648E+03	 9.26701537931633E-02
 1.99285065754651E+03	 1.09620127789627E-02
 1.99285339544654E+03	-1.03113992466232E-01
 1.99285613334657E+03	-2.10449327090961E-01
 1.99285887124660E+03	-2.70113018346251E-01
 1.99286160914664E+03	-2.61465626397750E-01
 1.99286434704667E+03	-1.83784301454284E-01
 1.99286708494670E+03	-4.45818693614484E-02
 1.99286982284673E+03	 1.41276977985220E-01
 1.99287256074676E+03	 3.38962018172403E-01
 1.99287529864679E+03	 4.88937224243056E-01
 1.99287803654682E+03	 5.28994841473397E-01
 1.99288077444685E+03	 4.32589020503755E-01
 1.99288351234688E+03	 2.29911243003652E-01
 1.99288625024691E+03	-9.34557248994152E-03
 1.99288898814694E+03	-2.16329130494964E-01
 1.99289172604697E+03	-3.51997770718420E-01
 1.99289446394700E+03	-4.07436906910983E-01
 1.99289720184704E+03	-3.88246410471232E-01
 1.99289993974707E+03	-3.05178182163504E-01
 1.99290267764710E+03	-1.77817089064305E-01
 1.99290541554713E+03	-3.94044094551932E-02
 1.99290815344716E+03	 7.15624440875948E-02
 1.99291089134719E+03	 1.31838370448646E-01
 1.99291362924722E+03	 1.47090388238979E-01
 1.99291636714725E+03	 1.41160705548411E-01
 1.99291910504728E+03	 1.28356400413378E-01
 1.99292184294731E+03	 9.81961446406606E-02
 1.99292458084734E+03	 3.08968213168258E-02
 1.99292731874737E+03	-7.32285777594904E-02
 1.99293005664740E+03	-1.83584122569522E-01
 1.99293279454744E+03	-2.58373214871496E-01
 1.99293553244747E+03	-2.70317347891353E-01
 1.99293827034750E+03	-2.13745902279329E-01
 1.99294100824753E+03	-9.43473040849068E-02
 1.99294374614756E+03	 7.69550295406033E-02
 1.99294648404759E+03	 2.74532977714281E-01
 1.99294922194762E+03	 4.47504432383271E-01
 1.99295195984765E+03	 5.31407947154199E-01
 1.99295469774768E+03	 4.83416899878962E-01
 1.99295743564771E+03	 3.13045929395470E-01
 1.99296017354774E+03	 7.90419594222228E-02
 1.99296291144777E+03	-1.45635377600599E-01
 1.99296564934780E+03	-3.09801214081088E-01
 1.99296838724783E+03	-3.94722982321727E-01
 1.99297112514787E+03	-4.02118027325945E-01
 1.99297386304790E+03	-3.40907079374641E-01
 1.99297660094793E+03	-2.26609482591784E-01
 1.99297933884796E+03	-8.75520436943724E-02
 1.99298207674799E+03	 3.76268676841307E-02
 1.99298481464802E+03	 1.17281936022505E-01
 1.99298755254805E+03	 1.45614038350204E-01
 1.99299029044808E+03	 1.42002329692886E-01
 1.99299302834811E+03	 1.27384764249290E-01
 1.99299576624814E+03	 1.01378002458368E-01
 1.99299850414817E+03	 4.62408877067158E-02
 1.99300124204820E+03	-4.61759629464415E-02
 1.99300397994823E+03	-1.55352594017338E-01
 1.99300671784827E+03	-2.41801174375026E-01
 1.99300945574830E+03	-2.72896445612737E-01
 1.99301219364833E+03	-2.37107807602177E-01
 1.99301493154836E+03	-1.37786358190951E-01
 1.99301766944839E+03	 1.65506243083933E-02
 1.99302040734842E+03	 2.07719724678749E-01
 1.99302314524845E+03	 3.94833321135391E-01
 1.99302588314848E+03	 5.16112228210337E-01
 1.99302862104851E+03	 5.17192527228597E-01
 1.99303135894854E+03	 3.87036083061275E-01
 1.99303409684857E+03	 1.68711471398116E-01
 1.99303683474860E+03	-6.60854241198661E-02
 1.99303957264863E+03	-2.55943855303416E-01
 1.99304231054867E+03	-3.70707497959635E-01
 1.99304504844870E+03	-4.06124508706058E-01
 1.99304778634873E+03	-3.69039112948292E-01
 1.99305052424876E+03	-2.71858658589684E-01
 1.99305326214879E+03	-1.37744697225155E-01
 1.99305600004882E+03	-2.87836877601130E-03
 1.99305873794885E+03	 9.57312485969380E-02
 1.99306147584888E+03	 1.40945585072090E-01
 1.99306421374891E+03	 1.44030587054635E-01
 1.99306695164894E+03	 1.28477571206012E-01
 1.99306968954897E+03	 1.03716880836156E-01
 1.99307242744900E+03	 5.77239604535738E-02
 1.99307516534903E+03	-2.26148305962417E-02
 1.99307790324907E+03	-1.27045609143559E-01
 1.99308064114910E+03	-2.21320167807818E-01
 1.99308337904913E+03	-2.69553614271832E-01
 1.99308611694916E+03	-2.53987188489621E-01
 1.99308885484919E+03	-1.74694566194143E-01
 1.99309159274922E+03	-3.86596315437297E-02
 1.99309433064925E+03	 1.41291658636308E-01
 1.99309706854928E+03	 3.34199212766429E-01
 1.99309980644931E+03	 4.84824230906886E-01
 1.99310254434934E+03	 5.32647397625136E-01
 1.99310528224937E+03	 4.48208307879535E-01
 1.99310802014940E+03	 2.55688345110172E-01
 1.99311075804943E+03	 1.98646504431105E-02
 1.99311349594946E+03	-1.91056480093751E-01
 1.99311623384950E+03	-3.35002308692159E-01
 1.99311897174953E+03	-3.99535790599296E-01
 1.99312170964956E+03	-3.88421272453876E-01
 1.99312444754959E+03	-3.11672471556229E-01
 1.99312718544962E+03	-1.87725441639857E-01
 1.99312992334965E+03	-4.85377807585171E-02
 1.99313266124968E+03	 6.67561101883636E-02
 1.99313539914971E+03	 1.31207913014460E-01
 1.99313813704974E+03	 1.45600092175133E-01
 1.99314087494977E+03	 1.31594915784421E-01
 1.99314361284980E+03	 1.06486486328806E-01
 1.99314635074983E+03	 6.64115024632962E-02
 1.99314908864986E+03	-2.75744946156000E-03
 1.99315182654990E+03	-9.98227042823687E-02
 1.99315456444993E+03	-1.98009220359237E-01
 1.99315730234996E+03	-2.60791531941958E-01
 1.99316004024999E+03	-2.64561411739088E-01
 1.99316277815002E+03	-2.05061976244764E-01
 1.99316551605005E+03	-8.78885096218504E-02
 1.99316825395008E+03	 7.75166524016415E-02
 1.99317099185011E+03	 2.68930935204053E-01
 1.99317372975014E+03	 4.40111968025063E-01
 1.99317646765017E+03	 5.29705899529215E-01
 1.99317920555020E+03	 4.93619557669604E-01
 1.99318194345023E+03	 3.35852417130704E-01
 1.99318468135026E+03	 1.09035438517800E-01
 1.99318741925030E+03	-1.16459159438811E-01
 1.99319015715033E+03	-2.87557629597806E-01
 1.99319289505036E+03	-3.81761420938760E-01
 1.99319563295039E+03	-3.98119511155467E-01
 1.99319837085042E+03	-3.44445236456928E-01
 1.99320110875045E+03	-2.35258315981626E-01
 1.99320384665048E+03	-9.74386118840077E-02
 1.99320658455051E+03	 3.07084400138244E-02
 1.99320932245054E+03	 1.14979412670390E-01
 1.99321206035057E+03	 1.44813162729024E-01
 1.99321479825060E+03	 1.36025288688996E-01
 1.99321753615063E+03	 1.10535872649625E-01
 1.99322027405066E+03	 7.35246162309460E-02
 1.99322301195069E+03	 1.36302125280421E-02
 1.99322574985073E+03	-7.45949890869463E-02
 1.99322848775076E+03	-1.73031681556134E-01
 1.99323122565079E+03	-2.47286341697403E-01
 1.99323396355082E+03	-2.69080612265642E-01
 1.99323670145085E+03	-2.28993758379514E-01
 1.99323943935088E+03	-1.30746766203431E-01
 1.99324217725091E+03	 1.80926836526538E-02
 1.99324491515094E+03	 2.02140077630783E-01
 1.99324765305097E+03	 3.85113753321530E-01
 1.99325039095100E+03	 5.09451688034473E-01
 1.99325312885103E+03	 5.21321474660526E-01
 1.99325586675106E+03	 4.05283149152352E-01
 1.99325860465109E+03	 1.97691344139310E-01
 1.99326134255113E+03	-3.42255404588425E-02
 1.99326408045116E+03	-2.28801251815156E-01
 1.99326681835119E+03	-3.52401215524079E-01
 1.99326955625122E+03	-3.97380321845775E-01
 1.99327229415125E+03	-3.68866612690036E-01
 1.99327503205128E+03	-2.78280258781858E-01
 1.99327776995131E+03	-1.47379369870580E-01
 1.99328050785134E+03	-1.13365162745461E-02
 1.99328324575137E+03	 9.14811406595095E-02
 1.99328598365140E+03	 1.39798818886729E-01
 1.99328872155143E+03	 1.40498261937332E-01
 1.99329145945146E+03	 1.16156241852460E-01
 1.99329419735149E+03	 8.02358896829538E-02
 1.99329693525153E+03	 2.71639078855334E-02
 1.99329967315156E+03	-5.19343006666622E-02
 1.99330241105159E+03	-1.47537888106303E-01
 1.99330514895162E+03	-2.29884087667918E-01
 1.99330788685165E+03	-2.67896531849174E-01
 1.99331062475168E+03	-2.46660614704852E-01
 1.99331336265171E+03	-1.67134260768028E-01
 1.99331610055174E+03	-3.58457994476446E-02
 1.99331883845177E+03	 1.36511414274134E-01
 1.99332157635180E+03	 3.23224794796423E-01
 1.99332431425183E+03	 4.73977313869138E-01
 1.99332705215186E+03	 5.30523803053262E-01
 1.99332979005189E+03	 4.60606616016133E-01
 1.99333252795192E+03	 2.81795835035566E-01
 1.99333526585196E+03	 5.28349237655967E-02
 1.99333800375199E+03	-1.59767313537617E-01
 1.99334074165202E+03	-3.11336937211620E-01
 1.99334347955205E+03	-3.85614873729254E-01
 1.99334621745208E+03	-3.83895764138340E-01
 1.99334895535211E+03	-3.14997564845428E-01
 1.99335169325214E+03	-1.96077147381373E-01
 1.99335443115217E+03	-5.77177975299173E-02
 1.99335716905220E+03	 6.06718233739067E-02
 1.99335990695223E+03	 1.28979666000970E-01
 1.99336264485226E+03	 1.43376405879777E-01
 1.99336538275229E+03	 1.23031775212938E-01
 1.99336812065232E+03	 8.74719153969229E-02
 1.99337085855236E+03	 3.87190844784313E-02
 1.99337359645239E+03	-3.20260710126754E-02
 1.99337633435242E+03	-1.22556336978769E-01
 1.99337907225245E+03	-2.09565834473244E-01
 1.99338181015248E+03	-2.61493506948666E-01
 1.99338454805251E+03	-2.58281446086411E-01
 1.99338728595254E+03	-1.97135467660265E-01
 1.99339002385257E+03	-8.36618615396844E-02
 1.99339276175260E+03	 7.41717669003862E-02
 1.99339549965263E+03	 2.57791565579507E-01
 1.99339823755266E+03	 4.26140128779647E-01
 1.99340097545269E+03	 5.21637061911374E-01
 1.99340371335272E+03	 4.99300485596206E-01
 1.99340645125276E+03	 3.57329284424264E-01
 1.99340918915279E+03	 1.41289012615883E-01
 1.99341192705282E+03	-8.21849266515081E-02
 1.99341466495285E+03	-2.58851276412245E-01
 1.99341740285288E+03	-3.62419559861031E-01
 1.99342014075291E+03	-3.88722440745133E-01
 1.99342287865294E+03	-3.43926848679920E-01
 1.99342561655297E+03	-2.41345671282865E-01
 1.99342835445300E+03	-1.06376864400154E-01
 1.99343109235303E+03	 2.32458167925832E-02
 1.99343383025306E+03	 1.11290328049578E-01
 1.99343656815309E+03	 1.42896876131705E-01
 1.99343930605312E+03	 1.30281570103320E-01
 1.99344204395316E+03	 9.57528657498563E-02
 1.99344478185319E+03	 4.92683347257863E-02
 1.99344751975322E+03	-1.46768081525797E-02
 1.99345025765325E+03	-9.88914829503336E-02
 1.99345299555328E+03	-1.87382216628377E-01
 1.99345573345331E+03	-2.50507435272441E-01
 1.99345847135334E+03	-2.64133139186379E-01
 1.99346120925337E+03	-2.20936454590701E-01
 1.99346394715340E+03	-1.25112075652909E-01
 1.99346668505343E+03	 1.66416674740710E-02
 1.99346942295346E+03	 1.91849611485990E-01
 1.99347216085349E+03	 3.69258868244718E-01
 1.99347489875352E+03	 4.96191154643227E-01
 1.99347763665355E+03	 5.19917789622700E-01
 1.99348037455359E+03	 4.20632780970146E-01
 1.99348311245362E+03	 2.27284053966235E-01
 1.99348585035365E+03	 1.49983712369278E-03
 1.99348858825368E+03	-1.95751514205561E-01
 1.99349132615371E+03	-3.27636865349957E-01
 1.99349406405374E+03	-3.82736955267541E-01
 1.99349680195377E+03	-3.63891293423513E-01
 1.99349953985380E+03	-2.81225367189561E-01
 1.99350227775383E+03	-1.55063970024186E-01
 1.99350501565386E+03	-1.94562213185742E-02
 1.99350775355389E+03	 8.63204331221262E-02
 1.99351049145392E+03	 1.37426697901456E-01
 1.99351322935395E+03	 1.36585762117350E-01
 1.99351596725399E+03	 1.05094121558009E-01
 1.99351870515402E+03	 5.97025795585713E-02
 1.99352144305405E+03	 6.21765308039369E-04
 1.99352418095408E+03	-7.70466041712348E-02
 1.99352691885411E+03	-1.64365215800439E-01
 1.99352965675414E+03	-2.35721599771170E-01
 1.99353239465417E+03	-2.64576564393200E-01
 1.99353513255420E+03	-2.38773166251630E-01
 1.99353787045423E+03	-1.60228481483907E-01
 1.99354060835426E+03	-3.51380587143996E-02
 1.99354334625429E+03	 1.27931230694823E-01
 1.99354608415432E+03	 3.06791182847804E-01
 1.99354882205435E+03	 4.56643281057084E-01
 1.99355155995439E+03	 5.22200840161597E-01
 1.99355429785442E+03	 4.68735430425453E-01
 1.99355703575445E+03	 3.06827729517542E-01
 1.99355977365448E+03	 8.81867592374095E-02
 1.99356251155451E+03	-1.23470322244922E-01
 1.99356524945454E+03	-2.81449470939060E-01
 1.99356798735457E+03	-3.65526620009180E-01
 1.99357072525460E+03	-3.73990500466757E-01
 1.99357346315463E+03	-3.14058254850105E-01
 1.99357620105466E+03	-2.01532196986020E-01
 1.99357893895469E+03	-6.56023511705044E-02
 1.99358167685472E+03	 5.43681132437687E-02
 1.99358441475475E+03	 1.25695232232557E-01
 1.99358715265478E+03	 1.40376200107505E-01
 1.99358989055482E+03	 1.14985419095687E-01
 1.99359262845485E+03	 7.06636548941488E-02
 1.99359536635488E+03	 1.45794905879360E-02
 1.99359810425491E+03	-5.71869854970717E-02
 1.99360084215494E+03	-1.41430653996708E-01
 1.99360358005497E+03	-2.18033673061384E-01
 1.99360631795500E+03	-2.60084889933216E-01
 1.99360905585503E+03	-2.50912708634352E-01
 1.99361179375506E+03	-1.89208487563574E-01
 1.99361453165509E+03	-8.07223507265471E-02
 1.99361726955512E+03	 6.79571435233367E-02
 1.99362000745515E+03	 2.42032109225127E-01
 1.99362274535518E+03	 4.06102820809855E-01
 1.99362548325522E+03	 5.07071483705828E-01
 1.99362822115525E+03	 4.99623196438507E-01
 1.99363095905528E+03	 3.76113592795287E-01
 1.99363369695531E+03	 1.74274997141688E-01
 1.99363643485534E+03	-4.41162621610345E-02
 1.99363917275537E+03	-2.24490562363630E-01
 1.99364191065540E+03	-3.36908065674727E-01
 1.99364464855543E+03	-3.73565337066431E-01
 1.99364738645546E+03	-3.38511952602987E-01
 1.99365012435549E+03	-2.43695257755735E-01
 1.99365286225552E+03	-1.13061194382706E-01
 1.99365560015555E+03	 1.64042355483095E-02
 1.99365833805558E+03	 1.06972505972131E-01
 1.99366107595562E+03	 1.40062700256839E-01
 1.99366381385565E+03	 1.24450912033702E-01
 1.99366655175568E+03	 8.24148062198377E-02
 1.99366928965571E+03	 2.79617062825081E-02
 1.99367202755574E+03	-3.91524473777875E-02
 1.99367476545577E+03	-1.19288082425343E-01
 1.99367750335580E+03	-1.98394928607622E-01
 1.99368024125583E+03	-2.51260527233659E-01
 1.99368297915586E+03	-2.57661845608649E-01
 1.99368571705589E+03	-2.12329237093351E-01
 1.99368845495592E+03	-1.20043970352718E-01
 1.99369119285595E+03	 1.32130128880035E-02
 1.99369393075598E+03	 1.77867413696246E-01
 1.99369666865601E+03	 3.48010643529855E-01
 1.99369940655605E+03	 4.76500668315675E-01
 1.99370214445608E+03	 5.12414174618706E-01
 1.99370488235611E+03	 4.31853593903977E-01
 1.99370762025614E+03	 2.55899017554132E-01
 1.99371035815617E+03	 3.95481087845134E-02
 1.99371309605620E+03	-1.57946349813127E-01
 1.99371583395623E+03	-2.96994641294345E-01
 1.99371857185626E+03	-3.62177469863056E-01
 1.99372130975629E+03	-3.53566372560245E-01
 1.99372404765632E+03	-2.79735164315484E-01
 1.99372678555635E+03	-1.59599892083675E-01
 1.99372952345638E+03	-2.60393048145889E-02
 1.99373226135641E+03	 8.11719264899971E-02
 1.99373499925645E+03	 1.34261408902459E-01
 1.99373773715648E+03	 1.32180962524436E-01
 1.99374047505651E+03	 9.47699778022450E-02
 1.99374321295654E+03	 4.14327099591168E-02
 1.99374595085657E+03	-2.25200691829697E-02
 1.99374868875660E+03	-9.83747710490590E-02
 1.99375142665663E+03	-1.77729295423213E-01
 1.99375416455666E+03	-2.38830217972807E-01
 1.99375690245669E+03	-2.59391431660267E-01
 1.99375964035672E+03	-2.29895299534516E-01
 1.99376237825675E+03	-1.53286264222544E-01
 1.99376511615678E+03	-3.56003567203169E-02
 1.99376785405681E+03	 1.16605198022131E-01
 1.99377059195685E+03	 2.85814237060717E-01
 1.99377332985688E+03	 4.33276401343932E-01
 1.99377606775691E+03	 5.07417442225303E-01
 1.99377880565694E+03	 4.71575625213418E-01
 1.99378154355697E+03	 3.29224805547547E-01
 1.99378428145700E+03	 1.24212750314375E-01
 1.99378701935703E+03	-8.36242236976050E-02
 1.99378975725706E+03	-2.46287793563637E-01
 1.99379249515709E+03	-3.39617320445209E-01
 1.99379523305712E+03	-3.58482254536086E-01
 1.99379797095715E+03	-3.08157149341819E-01
 1.99380070885718E+03	-2.03060926082323E-01
 1.99380344675721E+03	-7.10340387192697E-02
 1.99380618465725E+03	 4.88685309466299E-02
 1.99380892255728E+03	 1.21992758927495E-01
 1.99381166045731E+03	 1.36715513909141E-01
 1.99381439835734E+03	 1.07093640231513E-01
 1.99381713625737E+03	 5.54135811827947E-02
 1.99381987415740E+03	-6.70926637283959E-03
 1.99382261205743E+03	-7.88272809560264E-02
 1.99382534995746E+03	-1.56845095129378E-01
 1.99382808785749E+03	-2.23613198828083E-01
 1.99383082575752E+03	-2.56562897911440E-01
 1.99383356365755E+03	-2.42220274056086E-01
 1.99383630155758E+03	-1.80768442230452E-01
 1.99383903945761E+03	-7.82633153954169E-02
 1.99384177735764E+03	 5.98960621322699E-02
 1.99384451525768E+03	 2.22677778705781E-01
 1.99384725315771E+03	 3.80702117860131E-01
 1.99384999105774E+03	 4.86068320765927E-01
 1.99385272895777E+03	 4.93847156793571E-01
 1.99385546685780E+03	 3.90773100239839E-01
 1.99385820475783E+03	 2.06210626696859E-01
 1.99386094265786E+03	-3.96243506039852E-03
 1.99386368055789E+03	-1.85772951240582E-01
 1.99386641845792E+03	-3.05945287724814E-01
 1.99386915635795E+03	-3.52771701143793E-01
 1.99387189425798E+03	-3.27799598025187E-01
 1.99387463215801E+03	-2.41498249926543E-01
 1.99387737005804E+03	-1.16443745228438E-01
 1.99388010795808E+03	 1.12370870435862E-02
 1.99388284585811E+03	 1.02822568673146E-01
 1.99388558375814E+03	 1.36651362578834E-01
 1.99388832165817E+03	 1.18371777849024E-01
 1.99389105955820E+03	 6.99774816225776E-02
 1.99389379745823E+03	 8.88624859994703E-03
 1.99389653535826E+03	-6.04981630080765E-02
 1.99389927325829E+03	-1.36355057650641E-01
 1.99390201115832E+03	-2.06463884760566E-01
 1.99390474905835E+03	-2.49743485344789E-01
 1.99390748695838E+03	-2.49635557097629E-01
 1.99391022485841E+03	-2.02858981728702E-01
 1.99391296275844E+03	-1.14905137136563E-01
 1.99391570065848E+03	 8.73870951055753E-03
 1.99391843855851E+03	 1.61258499008349E-01
 1.99392117645854E+03	 3.22265361312265E-01
 1.99392391435857E+03	 4.50749596560633E-01
 1.99392665225860E+03	 4.98395064186413E-01
 1.99392939015863E+03	 4.37729966150439E-01
 1.99393212805866E+03	 2.81777744152660E-01
 1.99393486595869E+03	 7.80355318536133E-02
 1.99393760385872E+03	-1.16995652367504E-01
 1.99394034175875E+03	-2.61561060433910E-01
 1.99394307965878E+03	-3.36187401387853E-01
 1.99394581755881E+03	-3.37814363820967E-01
 1.99394855545884E+03	-2.73263379890566E-01
 1.99395129335887E+03	-1.60109274240171E-01
 1.99395403125891E+03	-3.00741580141121E-02
 1.99395676915894E+03	 7.69297873876401E-02
 1.99395950705897E+03	 1.30842736207034E-01
 1.99396224495900E+03	 1.27343454573625E-01
 1.99396498285903E+03	 8.47998915926849E-02
 1.99396772075906E+03	 2.47602589139485E-02
 1.99397045865909E+03	-4.30177086894437E-02
 1.99397319655912E+03	-1.16619948752412E-01
 1.99397593445915E+03	-1.88196775259443E-01
 1.99397867235918E+03	-2.39600376087338E-01
 1.99398141025921E+03	-2.52514407425206E-01
 1.99398414815924E+03	-2.19924667323021E-01
 1.99398688605927E+03	-1.45868466829434E-01
 1.99398962395931E+03	-3.64437118776464E-02
 1.99399236185934E+03	 1.03568876692706E-01
 1.99399509975937E+03	 2.61318451450490E-01
 1.99399783765940E+03	 4.04523358688981E-01
 1.99400057555943E+03	 4.86105425817762E-01
 1.99400331345946E+03	 4.68204457819694E-01
 1.99400605135949E+03	 3.47355926096555E-01
 1.99400878925952E+03	 1.58947708814982E-01
 1.99401152715955E+03	-4.20934780173146E-02
 1.99401426505958E+03	-2.07286679375137E-01
 1.99401700295961E+03	-3.08740151521482E-01
 1.99401974085964E+03	-3.37636444460271E-01
 1.99402247875967E+03	-2.97042729250752E-01
 1.99402521665971E+03	-2.00005778699806E-01
 1.99402795455974E+03	-7.31103420772097E-02
 1.99403069245977E+03	 4.50963955773854E-02
 1.99403343035980E+03	 1.18566669505965E-01
 1.99403616825983E+03	 1.32672996810129E-01
 1.99403890615986E+03	 9.91725876127918E-02
 1.99404164405989E+03	 4.11719525354798E-02
 1.99404438195992E+03	-2.58927559339308E-02
 1.99404711985995E+03	-9.77278575620351E-02
 1.99404985775998E+03	-1.69506062453660E-01
 1.99405259566001E+03	-2.26869385159854E-01
 1.99405533356004E+03	-2.51297322047255E-01
 1.99405807146007E+03	-2.32314405826956E-01
 1.99406080936010E+03	-1.71591723599783E-01
 1.99406354726014E+03	-7.56793146998250E-02
 1.99406628516017E+03	 5.09305279723252E-02
 1.99406902306020E+03	 2.00808467427570E-01
 1.99407176096023E+03	 3.50809322844034E-01
 1.99407449886026E+03	 4.58903267510007E-01
 1.99407723676029E+03	 4.81398737751318E-01
 1.99407997466032E+03	 3.99902669369534E-01
 1.99408271256035E+03	 2.35154327539156E-01
 1.99408545046038E+03	 3.62359840207963E-02
 1.99408818836041E+03	-1.44442517059631E-01
 1.99409092626044E+03	-2.70745128514855E-01
 1.99409366416047E+03	-3.26961151725932E-01
 1.99409640206050E+03	-3.11856517717628E-01
 1.99409913996054E+03	-2.34357063464665E-01
 1.99410187786057E+03	-1.15790391047917E-01
 1.99410461576060E+03	 8.62689250663442E-03
 1.99410735366063E+03	 9.96312351148392E-02
 1.99411009156066E+03	 1.33136844944261E-01
 1.99411282946069E+03	 1.12079995102033E-01
 1.99411556736072E+03	 5.80602272174780E-02
 1.99411830526075E+03	-8.62776407525599E-03
 1.99412104316078E+03	-7.95154417782960E-02
 1.99412378106081E+03	-1.50894756713560E-01
 1.99412651896084E+03	-2.12300264302931E-01
 1.99412925686087E+03	-2.46505794167080E-01
 1.99413199476090E+03	-2.40369855574884E-01
 1.99413473266094E+03	-1.92523753404527E-01
 1.99413747056097E+03	-1.09301622557408E-01
 1.99414020846100E+03	 4.01231528188777E-03
 1.99414294636103E+03	 1.43084371398391E-01
 1.99414568426106E+03	 2.93051176859963E-01
 1.99414842216109E+03	 4.19528434976024E-01
 1.99415116006112E+03	 4.77667019004344E-01
 1.99415389796115E+03	 4.37168728815546E-01
 1.99415663586118E+03	 3.03112420523759E-01
 1.99415937376121E+03	 1.14842060343752E-01
 1.99416211166124E+03	-7.48928554797267E-02
 1.99416484956127E+03	-2.22888016644824E-01
 1.99416758746130E+03	-3.05742035081405E-01
 1.99417032536134E+03	-3.17035455785127E-01
 1.99417306326137E+03	-2.61701753279611E-01
 1.99417580116140E+03	-1.56075412260178E-01
 1.99417853906143E+03	-3.07853660784581E-02
 1.99418127696146E+03	 7.44144614203796E-02
 1.99418401486149E+03	 1.27797485403461E-01
 1.99418675276152E+03	 1.22326614002192E-01
 1.99418949066155E+03	 7.50090886298099E-02
 1.99419222856158E+03	 9.15101921157624E-03
 1.99419496646161E+03	-6.16302442503705E-02
 1.99419770436164E+03	-1.32627565485488E-01
 1.99420044226167E+03	-1.96586633777525E-01
 1.99420318016170E+03	-2.38735344404924E-01
 1.99420591806173E+03	-2.44450273591936E-01
 1.99420865596177E+03	-2.09076507487502E-01
 1.99421139386180E+03	-1.37807505775196E-01
 1.99421413176183E+03	-3.70656813077399E-02
 1.99421686966186E+03	 8.97962017967187E-02
 1.99421960756189E+03	 2.34411910426774E-01
 1.99422234546192E+03	 3.71237461646368E-01
 1.99422508336195E+03	 4.58454473387005E-01
 1.99422782126198E+03	 4.57906328096708E-01
 1.99423055916201E+03	 3.59653858229368E-01
 1.99423329706204E+03	 1.90302035474101E-01
 1.99423603496207E+03	-1.03987278767284E-03
 1.99423877286210E+03	-1.66294416698816E-01
 1.99424151076213E+03	-2.74215074568269E-01
 1.99424424866217E+03	-3.12193182111393E-01
 1.99424698656220E+03	-2.80915712405778E-01
 1.99424972446223E+03	-1.92105235718553E-01
 1.99425246236226E+03	-7.12215296359193E-02
 1.99425520026229E+03	 4.38329506910197E-02
 1.99425793816232E+03	 1.16139756101407E-01
 1.99426067606235E+03	 1.28696220177750E-01
 1.99426341396238E+03	 9.12707030028688E-02
 1.99426615186241E+03	 2.75886354279680E-02
 1.99426888976244E+03	-4.36258749556256E-02
 1.99427162766247E+03	-1.14718335070339E-01
 1.99427436556250E+03	-1.80292912650053E-01
 1.99427710346253E+03	-2.28624389737213E-01
 1.99427984136257E+03	-2.44957467813899E-01
 1.99428257926260E+03	-2.21613131640704E-01
 1.99428531716263E+03	-1.61739214808970E-01
 1.99428805506266E+03	-7.25876048554986E-02
 1.99429079296269E+03	 4.18871943755861E-02
 1.99429353086272E+03	 1.77532603359720E-01
 1.99429626876275E+03	 3.17470386323096E-01
 1.99429900666278E+03	 4.26123497462665E-01
 1.99430174456281E+03	 4.61978918077064E-01
 1.99430448246284E+03	 4.02270106432653E-01
 1.99430722036287E+03	 2.59162976239045E-01
 1.99430995826290E+03	 7.42486017434685E-02
 1.99431269616293E+03	-1.02581537342961E-01
 1.99431543406296E+03	-2.32945705477099E-01
 1.99431817196300E+03	-2.97210030471421E-01
 1.99432090986303E+03	-2.91202737144102E-01
 1.99432364776306E+03	-2.22291774273913E-01
 1.99432638566309E+03	-1.10705133385080E-01
 1.99432912356312E+03	 9.24982761185826E-03
 1.99433186146315E+03	 9.81515939338365E-02
 1.99433459936318E+03	 1.30118840295897E-01
 1.99433733726321E+03	 1.05843381313190E-01
 1.99434007516324E+03	 4.65297373391172E-02
 1.99434281306327E+03	-2.50757448309910E-02
 1.99434555096330E+03	-9.69571972132912E-02
 1.99434828886333E+03	-1.63792501536792E-01
 1.99435102676336E+03	-2.16801826467150E-01
 1.99435376466340E+03	-2.42348386978414E-01
 1.99435650256343E+03	-2.30462110511627E-01
 1.99435924046346E+03	-1.81603046990560E-01
 1.99436197836349E+03	-1.03084143993354E-01
 1.99436471626352E+03	-3.33272616483073E-04
 1.99436745416355E+03	 1.24378020156531E-01
 1.99437019206358E+03	 2.61524652276202E-01
 1.99437292996361E+03	 3.83689930083014E-01
 1.99437566786364E+03	 4.50356071769491E-01
 1.99437840576367E+03	 4.29346193246998E-01
 1.99438114366370E+03	 3.18219648893677E-01
 1.99438388156373E+03	 1.47782236358221E-01
 1.99438661946376E+03	-3.38709420220293E-02
 1.99438935736380E+03	-1.82886932693000E-01
 1.99439209526383E+03	-2.72237845062285E-01
 1.99439483316386E+03	-2.92069734407681E-01
 1.99439757106389E+03	-2.45367385050789E-01
 1.99440030896392E+03	-1.47352014968587E-01
 1.99440304686395E+03	-2.76600957033670E-02
 1.99440578476398E+03	 7.43406640585026E-02
 1.99440852266401E+03	 1.25820833670338E-01
 1.99441126056404E+03	 1.17592952437396E-01
 1.99441399846407E+03	 6.54946937081795E-02
 1.99441673636410E+03	-5.68727531016700E-03
 1.99441947426413E+03	-7.89756764928765E-02
 1.99442221216416E+03	-1.47230505699167E-01
 1.99442495006419E+03	-2.03821869817513E-01
 1.99442768796423E+03	-2.37127139472247E-01
 1.99443042586426E+03	-2.35944073210541E-01
 1.99443316376429E+03	-1.97828309371152E-01
 1.99443590166432E+03	-1.29186769755743E-01
 1.99443863956435E+03	-3.70579008923205E-02
 1.99444137746438E+03	 7.61785633837786E-02
 1.99444411536441E+03	 2.06275161638949E-01
 1.99444685326444E+03	 3.34503608476515E-01
 1.99444959116447E+03	 4.24992507776590E-01
 1.99445232906450E+03	 4.40311361343383E-01
 1.99445506696453E+03	 3.64795712090349E-01
 1.99445780486456E+03	 2.16255149849153E-01
 1.99446054276459E+03	 3.72546925751648E-02
 1.99446328066463E+03	-1.25430837215076E-01
 1.99446601856466E+03	-2.37727584771203E-01
 1.99446875646469E+03	-2.83302770418422E-01
 1.99447149436472E+03	-2.60395042911702E-01
 1.99447423226475E+03	-1.79486072752143E-01
 1.99447697016478E+03	-6.50654383905505E-02
 1.99447970806481E+03	 4.56885608277866E-02
 1.99448244596484E+03	 1.15436811636205E-01
 1.99448518386487E+03	 1.25399152519858E-01
 1.99448792176490E+03	 8.37083615644825E-02
 1.99449065966493E+03	 1.46021881331876E-02
 1.99449339756496E+03	-6.03411679067246E-02
 1.99449613546499E+03	-1.30520624447597E-01
 1.99449887336503E+03	-1.90098587265195E-01
 1.99450161126506E+03	-2.29814105551809E-01
 1.99450434916509E+03	-2.38397078277630E-01
 1.99450708706512E+03	-2.10761951140097E-01
 1.99450982496515E+03	-1.51512718685465E-01
 1.99451256286518E+03	-6.88183457117355E-02
 1.99451530076521E+03	 3.34639868299601E-02
 1.99451803866524E+03	 1.53970959213454E-01
 1.99452077656527E+03	 2.81914242954051E-01
 1.99452351446530E+03	 3.88605993557000E-01
 1.99452625236533E+03	 4.35684040658080E-01
 1.99452899026536E+03	 3.96991974176495E-01
 1.99453172816539E+03	 2.76497979269255E-01
 1.99453446606543E+03	 1.07859852559089E-01
 1.99453720396546E+03	-6.24334411520200E-02
 1.99453994186549E+03	-1.94473095212661E-01
 1.99454267976552E+03	-2.64956758732846E-01
 1.99454541766555E+03	-2.66753283197372E-01
 1.99454815556558E+03	-2.05713101553670E-01
 1.99455089346561E+03	-1.01130747021209E-01
 1.99455363136564E+03	 1.35535829316295E-02
 1.99455636926567E+03	 9.90688786756589E-02
 1.99455910716570E+03	 1.28304976951902E-01
 1.99456184506573E+03	 1.00177899722738E-01
 1.99456458296576E+03	 3.55639892158018E-02
 1.99456732086579E+03	-4.06666460358703E-02
 1.99457005876582E+03	-1.13380136311725E-01
 1.99457279666586E+03	-1.75853925356108E-01
 1.99457553456589E+03	-2.20896037716339E-01
 1.99457827246592E+03	-2.38188513090126E-01
 1.99458101036595E+03	-2.20687972291072E-01
 1.99458374826598E+03	-1.70591028311604E-01
 1.99458648616601E+03	-9.63188198397725E-02
 1.99458922406604E+03	-3.82799225029230E-03
 1.99459196196607E+03	 1.06126446393512E-01
 1.99459469986610E+03	 2.28964055238225E-01
 1.99459743776613E+03	 3.44382540101333E-01
 1.99460017566616E+03	 4.17002639542986E-01
 1.99460291356619E+03	 4.13867605858769E-01
 1.99460565146622E+03	 3.25746974978061E-01
 1.99460838936626E+03	 1.74828020122716E-01
 1.99461112726629E+03	 3.80527030237381E-03
 1.99461386516632E+03	-1.43657429270845E-01
 1.99461660306635E+03	-2.37365097341721E-01
 1.99461934096638E+03	-2.64111504600657E-01
 1.99462207886641E+03	-2.24953751735184E-01
 1.99462481676644E+03	-1.34147025044843E-01
 1.99462755466647E+03	-2.04601074647767E-02
 1.99463029256650E+03	 7.72875047489909E-02
 1.99463303046653E+03	 1.25646990872421E-01
 1.99463576836656E+03	 1.13808113438324E-01
 1.99463850626659E+03	 5.66621694191897E-02
 1.99464124416662E+03	-1.97182485232126E-02
 1.99464398206666E+03	-9.54002149512039E-02
 1.99464671996669E+03	-1.61091589179509E-01
 1.99464945786672E+03	-2.10766368243102E-01
 1.99465219576675E+03	-2.35706488525814E-01
 1.99465493366678E+03	-2.27857430013093E-01
 1.99465767156681E+03	-1.86830802432413E-01
 1.99466040946684E+03	-1.20290567997295E-01
 1.99466314736687E+03	-3.61936100427833E-02
 1.99466588526690E+03	 6.35106318545194E-02
 1.99466862316693E+03	 1.78143041519742E-01
 1.99467136106696E+03	 2.95646739473810E-01
 1.99467409896699E+03	 3.86649115473243E-01
 1.99467683686702E+03	 4.15527682349645E-01
 1.99467957476705E+03	 3.61896537275287E-01
 1.99468231266709E+03	 2.35084282853079E-01
 1.99468505056712E+03	 7.06185043613884E-02
 1.99468778846715E+03	-8.68839444571856E-02
 1.99469052636718E+03	-2.01167733457109E-01
 1.99469326426721E+03	-2.52410053677193E-01
 1.99469600216724E+03	-2.36444119024635E-01
 1.99469874006727E+03	-1.62627522939376E-01
 1.99470147796730E+03	-5.46458791741767E-02
 1.99470421586733E+03	 5.10776118779525E-02
 1.99470695376736E+03	 1.17148278544618E-01
 1.99470969166739E+03	 1.23536933384964E-01
 1.99471242956742E+03	 7.70864821771704E-02
 1.99471516746745E+03	 2.49689407271760E-03
 1.99471790536749E+03	-7.61423419602163E-02
 1.99472064326752E+03	-1.45605135960213E-01
 1.99472338116755E+03	-1.99668307855009E-01
 1.99472611906758E+03	-2.31329681368166E-01
 1.99472885696761E+03	-2.32514900377688E-01
 1.99473159486764E+03	-2.00524831249503E-01
 1.99473433276767E+03	-1.41383979527593E-01
 1.99473707066770E+03	-6.43847279510058E-02
 1.99473980856773E+03	 2.62240679331825E-02
 1.99474254646776E+03	 1.31232148652224E-01
 1.99474528436779E+03	 2.45538887140710E-01
 1.99474802226782E+03	 3.47586953261427E-01
 1.99475076016785E+03	 4.03102279846011E-01
 1.99475349806789E+03	 3.83701112259510E-01
 1.99475623596792E+03	 2.85845858600845E-01
 1.99475897386795E+03	 1.35110396689927E-01
 1.99476171176798E+03	-2.61740262403517E-02
 1.99476444966801E+03	-1.57348634746486E-01
 1.99476718756804E+03	-2.31855010323117E-01
 1.99476992546807E+03	-2.39717213709227E-01
 1.99477266336810E+03	-1.85364127609769E-01
 1.99477540126813E+03	-8.73301616208386E-02
 1.99477813916816E+03	 2.17415373410716E-02
 1.99478087706819E+03	 1.02962281229798E-01
 1.99478361496822E+03	 1.28470738901537E-01
 1.99478635286825E+03	 9.58301366443221E-02
 1.99478909076828E+03	 2.56774487936738E-02
 1.99479182866832E+03	-5.52465363279518E-02
 1.99479456656835E+03	-1.29022834416120E-01
 1.99479730446838E+03	-1.87654071696522E-01
 1.99480004236841E+03	-2.25380686277666E-01
 1.99480278026844E+03	-2.34910315096362E-01
 1.99480551816847E+03	-2.11876064817039E-01
 1.99480825606850E+03	-1.60105906252022E-01
 1.99481099396853E+03	-8.92383046991126E-02
 1.99481373186856E+03	-6.15805162865302E-03
 1.99481646976859E+03	 8.92459279002402E-02
 1.99481920766862E+03	 1.96738165898124E-01
 1.99482194556865E+03	 3.03046760792368E-01
 1.99482468346868E+03	 3.78616822810078E-01
 1.99482742136872E+03	 3.90897182602445E-01
 1.99483015926875E+03	 3.24870548781166E-01
 1.99483289716878E+03	 1.94347198623003E-01
 1.99483563506881E+03	 3.60831006195068E-02
 1.99483837296884E+03	-1.07268086947133E-01
 1.99484111086887E+03	-2.02930875232410E-01
 1.99484384876890E+03	-2.34579819269415E-01
 1.99484658666893E+03	-2.01447661154832E-01
 1.99484932456896E+03	-1.16983832406712E-01
 1.99485206246899E+03	-9.22394612155579E-03
 1.99485480036902E+03	 8.36639762114740E-02
 1.99485753826905E+03	 1.27999782674600E-01
 1.99486027616908E+03	 1.11800858817211E-01
 1.99486301406912E+03	 4.92188209575971E-02
 1.99486575196915E+03	-3.25344151057626E-02
 1.99486848986918E+03	-1.10885265870878E-01
 1.99487122776921E+03	-1.74571559606822E-01
 1.99487396566924E+03	-2.18072847728725E-01
 1.99487670356927E+03	-2.35290342407018E-01
 1.99487944146930E+03	-2.21032036704554E-01
 1.99488217936933E+03	-1.76800509674605E-01
 1.99488491726936E+03	-1.11536204999993E-01
 1.99488765516939E+03	-3.44050554105469E-02
 1.99489039306942E+03	 5.24716431910743E-02
 1.99489313096945E+03	 1.51263150809167E-01
 1.99489586886948E+03	 2.56199386519452E-01
 1.99489860676952E+03	 3.44768259806276E-01
 1.99490134466955E+03	 3.84225649857972E-01
 1.99490408256958E+03	 3.50670396163492E-01
 1.99490682046961E+03	 2.45584486087638E-01
 1.99490955836964E+03	 9.72359323506864E-02
 1.99491229626967E+03	-5.26728385453517E-02
 1.99491503416970E+03	-1.66426952749062E-01
 1.99491777206973E+03	-2.21096996009640E-01
 1.99492050996976E+03	-2.10261670204935E-01
 1.99492324786979E+03	-1.42299788886023E-01
 1.99492598576982E+03	-4.02572467129925E-02
 1.99492872366985E+03	 6.01931739350416E-02
 1.99493146156988E+03	 1.21877779020203E-01
 1.99493419946991E+03	 1.23948707092940E-01
 1.99493693736995E+03	 7.22507902691364E-02
 1.99493967526998E+03	-8.09028416700089E-03
 1.99494241317001E+03	-9.07455151952971E-02
 1.99494515107004E+03	-1.60085414576217E-01
 1.99494788897007E+03	-2.09463284489636E-01
 1.99495062687010E+03	-2.33869723273578E-01
 1.99495336477013E+03	-2.28113305571452E-01
 1.99495610267016E+03	-1.91664326643973E-01
 1.99495884057019E+03	-1.31909381595568E-01
 1.99496157847022E+03	-5.94424877386777E-02
 1.99496431637025E+03	 2.05886972172185E-02
 1.99496705427028E+03	 1.10368629506609E-01
 1.99496979217031E+03	 2.09857257692108E-01
 1.99497253007035E+03	 3.04634619915926E-01
 1.99497526797038E+03	 3.65347878690735E-01
 1.99497800587041E+03	 3.62660097867050E-01
 1.99498074377044E+03	 2.86504724584560E-01
 1.99498348167047E+03	 1.54529707873928E-01
 1.99498621957050E+03	 4.33152262498503E-03
 1.99498895747053E+03	-1.23466756682378E-01
 1.99499169537056E+03	-1.99591390966175E-01
 1.99499443327059E+03	-2.11462719492171E-01
 1.99499717117062E+03	-1.62234639653628E-01
 1.99499990907065E+03	-6.98503281681853E-02
 1.99500264697068E+03	 3.37616727257288E-02
 1.99500538487071E+03	 1.10256011090098E-01
 1.99500812277075E+03	 1.31391778760477E-01
 1.99501086067078E+03	 9.37169602668177E-02
 1.99501359857081E+03	 1.76934952524490E-02
 1.99501633647084E+03	-6.82772433449792E-02
 1.99501907437087E+03	-1.43733396901009E-01
 1.99502181227090E+03	-1.99424870009669E-01
 1.99502455017093E+03	-2.30788890807844E-01
 1.99502728807096E+03	-2.33225838229898E-01
 1.99503002597099E+03	-2.04781436184339E-01
 1.99503276387102E+03	-1.50790726922220E-01
 1.99503550177105E+03	-8.21835075621936E-02
 1.99503823967108E+03	-7.15741718301082E-03
 1.99504097757111E+03	 7.45432846310159E-02
 1.99504371547114E+03	 1.66239481683721E-01
 1.99504645337118E+03	 2.61354544147311E-01
 1.99504919127121E+03	 3.36663083626306E-01
 1.99505192917124E+03	 3.61216889705046E-01
 1.99505466707127E+03	 3.15434885610791E-01
 1.99505740497130E+03	 2.05306945849201E-01
 1.99506014287133E+03	 6.13565618266715E-02
 1.99506288077136E+03	-7.55256690811293E-02
 1.99506561867139E+03	-1.70657811220940E-01
 1.99506835657142E+03	-2.04960278200936E-01
 1.99507109447145E+03	-1.76019498847783E-01
 1.99507383237148E+03	-9.66424280936192E-02
 1.99507657027151E+03	 5.74043796806954E-03
 1.99507930817154E+03	 9.36698898847474E-02
 1.99508204607158E+03	 1.33521831521469E-01
 1.99508478397161E+03	 1.12484585016129E-01
 1.99508752187164E+03	 4.41151994797888E-02
 1.99509025977167E+03	-4.33737927725833E-02
 1.99509299767170E+03	-1.25012538017293E-01
 1.99509573557173E+03	-1.87647277352818E-01
 1.99509847347176E+03	-2.26068598463954E-01
 1.99510121137179E+03	-2.36453006345958E-01
 1.99510394927182E+03	-2.16163244671248E-01
 1.99510668717185E+03	-1.68411735705929E-01
 1.99510942507188E+03	-1.03400088674896E-01
 1.99511216297191E+03	-3.17573203860982E-02
 1.99511490087194E+03	 4.35985075991189E-02
 1.99511763877198E+03	 1.26826056762099E-01
 1.99512037667201E+03	 2.17817062842093E-01
 1.99512311457204E+03	 3.01048404346202E-01
 1.99512585247207E+03	 3.47639721243884E-01
 1.99512859037210E+03	 3.31513748169920E-01
 1.99513132827213E+03	 2.47228630839528E-01
 1.99513406617216E+03	 1.15858102472014E-01
 1.99513680407219E+03	-2.44213007015658E-02
 1.99513954197222E+03	-1.35186730517396E-01
 1.99514227987225E+03	-1.90906193405556E-01
 1.99514501777228E+03	-1.83149971247543E-01
 1.99514775567231E+03	-1.19482126889712E-01
 1.99515049357234E+03	-2.24557845740298E-02
 1.99515323147237E+03	 7.29833588367581E-02
 1.99515596937241E+03	 1.30075674622136E-01
 1.99515870727244E+03	 1.27468743528038E-01
 1.99516144517247E+03	 7.02079778805665E-02
 1.99516418307250E+03	-1.62221730256901E-02
 1.99516692097253E+03	-1.03483764817550E-01
 1.99516965887256E+03	-1.73672336087299E-01
 1.99517239677259E+03	-2.19574303266593E-01
 1.99517513467262E+03	-2.37829222267426E-01
 1.99517787257265E+03	-2.25779410697952E-01
 1.99518061047268E+03	-1.84831125547857E-01
 1.99518334837271E+03	-1.23644611791581E-01
 1.99518608627274E+03	-5.42464641557119E-02
 1.99518882417277E+03	 1.68267457657052E-02
 1.99519156207281E+03	 9.23130141105605E-02
 1.99519429997284E+03	 1.76399674560174E-01
 1.99519703787287E+03	 2.61553773429289E-01
 1.99519977577290E+03	 3.24008966773218E-01
 1.99520251367293E+03	 3.34783271928712E-01
 1.99520525157296E+03	 2.78489027577880E-01
 1.99520798947299E+03	 1.65307848331169E-01
 1.99521072737302E+03	 2.77361638276062E-02
 1.99521346527305E+03	-9.43850528132792E-02
 1.99521620317308E+03	-1.69698313459164E-01
 1.99521894107311E+03	-1.83367657860204E-01
 1.99522167897314E+03	-1.37457750759536E-01
 1.99522441687317E+03	-4.94709707176351E-02
 1.99522715477321E+03	 4.93025499590883E-02
 1.99522989267324E+03	 1.21164184817138E-01
 1.99523263057327E+03	 1.37752992920500E-01
 1.99523536847330E+03	 9.48240127272981E-02
 1.99523810637333E+03	 1.26607836109636E-02
 1.99524084427336E+03	-7.88796734146902E-02
 1.99524358217339E+03	-1.56962776237651E-01
 1.99524632007342E+03	-2.11002309021607E-01
 1.99524905797345E+03	-2.37302868368863E-01
 1.99525179587348E+03	-2.33571113995535E-01
 1.99525453377351E+03	-1.99979787063242E-01
 1.99525727167354E+03	-1.43222376169502E-01
 1.99526000957357E+03	-7.55456654798414E-02
 1.99526274747361E+03	-6.79992636621101E-03
 1.99526548537364E+03	 6.26656895828324E-02
 1.99526822327367E+03	 1.38785048873894E-01
 1.99527096117370E+03	 2.21089845357806E-01
 1.99527369907373E+03	 2.92961628514083E-01
 1.99527643697376E+03	 3.26187448210825E-01
 1.99527917487379E+03	 2.97994932632355E-01
 1.99528191277382E+03	 2.07393769007094E-01
 1.99528465067385E+03	 7.86403044863327E-02
 1.99528738857388E+03	-4.97797697211870E-02
 1.99529012647391E+03	-1.41996348750538E-01
 1.99529286437394E+03	-1.76644595244264E-01
 1.99529560227397E+03	-1.49902178224133E-01
 1.99529834017400E+03	-7.40865417168758E-02
 1.99530107807404E+03	 2.38736506650738E-02
 1.99530381597407E+03	 1.07257817823246E-01
 1.99530655387410E+03	 1.42689772881726E-01
 1.99530929177413E+03	 1.16746853402962E-01
 1.99531202967416E+03	 4.24371870952723E-02
 1.99531476757419E+03	-5.11986311384701E-02
 1.99531750547422E+03	-1.36997088977119E-01
 1.99532024337425E+03	-1.99896318932588E-01
 1.99532298127428E+03	-2.34699949187152E-01
 1.99532571917431E+03	-2.39444084995258E-01
 1.99532845707434E+03	-2.13706264214714E-01
 1.99533119497437E+03	-1.62206760001426E-01
 1.99533393287440E+03	-9.63502032509121E-02
 1.99533667077444E+03	-2.84229075267487E-02
 1.99533940867447E+03	 3.72539102947283E-02
 1.99534214657450E+03	 1.05874726141341E-01
 1.99534488447453E+03	 1.82147845448687E-01
 1.99534762237456E+03	 2.57408861909752E-01
 1.99535036027459E+03	 3.07474058693141E-01
 1.99535309817462E+03	 3.05482572211308E-01
 1.99535583607465E+03	 2.40226206018228E-01
 1.99535857397468E+03	 1.25929926325643E-01
 1.99536131187471E+03	-3.19080720384486E-03
 1.99536404977474E+03	-1.08742028076753E-01
 1.99536678767477E+03	-1.63178338723244E-01
 1.99536952557480E+03	-1.56382119599380E-01
 1.99537226347484E+03	-9.52714928115722E-02
 1.99537500137487E+03	-2.01945077578025E-03
 1.99537773927490E+03	 8.91342234566283E-02
 1.99538047717493E+03	 1.41967671839435E-01
 1.99538321507496E+03	 1.34816048891904E-01
 1.99538595297499E+03	 7.20020276349178E-02
 1.99538869087502E+03	-2.07697026468331E-02
 1.99539142877505E+03	-1.13377879335454E-01
 1.99539416667508E+03	-1.85697707729642E-01
 1.99539690457511E+03	-2.29701085448864E-01
 1.99539964247514E+03	-2.43245186956002E-01
 1.99540238037517E+03	-2.25810088892456E-01
 1.99540511827520E+03	-1.80482678075353E-01
 1.99540785617523E+03	-1.17073939556738E-01
 1.99541059407527E+03	-4.91111299712789E-02
 1.99541333197530E+03	 1.50427758503558E-02
 1.99541606987533E+03	 7.78039697784579E-02
 1.99541880777536E+03	 1.46585129709508E-01
 1.99542154567539E+03	 2.20230814466681E-01
 1.99542428357542E+03	 2.81008008225552E-01
 1.99542702147545E+03	 3.01552160650696E-01
 1.99542975937548E+03	 2.62522645437416E-01
 1.99543249727551E+03	 1.67365135063128E-01
 1.99543523517554E+03	 4.33366180630110E-02
 1.99543797307557E+03	-7.11714093014322E-02
 1.99544071097560E+03	-1.43399854008633E-01
 1.99544344887563E+03	-1.56683137572227E-01
 1.99544618677567E+03	-1.12205372836351E-01
 1.99544892467570E+03	-2.71444441567119E-02
 1.99545166257573E+03	 6.77988287709246E-02
 1.99545440047576E+03	 1.35638424074408E-01
 1.99545713837579E+03	 1.48046746660922E-01
 1.99545987627582E+03	 1.00075646020464E-01
 1.99546261417585E+03	 1.17231567724664E-02
 1.99546535207588E+03	-8.59377142289537E-02
 1.99546808997591E+03	-1.67826495433109E-01
 1.99547082787594E+03	-2.21842857297436E-01
 1.99547356577597E+03	-2.44731557816035E-01
 1.99547630367600E+03	-2.36055804577281E-01
 1.99547904157603E+03	-1.97801468387318E-01
 1.99548177947607E+03	-1.37844850706812E-01
 1.99548451737610E+03	-6.97184147532513E-02
 1.99548725527613E+03	-5.19269185787263E-03
 1.99548999317616E+03	 5.40477256463028E-02
 1.99549273107619E+03	 1.15500341125414E-01
 1.99549546897622E+03	 1.83986915064798E-01
 1.99549820687625E+03	 2.49517321885602E-01
 1.99550094477628E+03	 2.87610450928857E-01
 1.99550368267631E+03	 2.73744257432108E-01
 1.99550642057634E+03	 2.01019511754175E-01
 1.99550915847637E+03	 8.76430687885933E-02
 1.99551189637640E+03	-3.08058402783398E-02
 1.99551463427643E+03	-1.17990312815170E-01
 1.99551737217646E+03	-1.50799973969857E-01
 1.99552011007650E+03	-1.24280695977403E-01
 1.99552284797653E+03	-5.03879629978920E-02
 1.99552558587656E+03	 4.43921618524047E-02
 1.99552832377659E+03	 1.24103084002753E-01
 1.99553106167662E+03	 1.55728314677727E-01
 1.99553379957665E+03	 1.25322314945037E-01
 1.99553653747668E+03	 4.52632716468207E-02
 1.99553927537671E+03	-5.48257184795809E-02
 1.99554201327674E+03	-1.45783856941158E-01
 1.99554475117677E+03	-2.10550407999790E-01
 1.99554748907680E+03	-2.43544336458470E-01
 1.99555022697683E+03	-2.44167113866615E-01
 1.99555296487686E+03	-2.13831513144972E-01
 1.99555570277690E+03	-1.58540246631851E-01
 1.99555844067693E+03	-9.07966438669185E-02
 1.99556117857696E+03	-2.46608520615064E-02
 1.99556391647699E+03	 3.35956837019911E-02
 1.99556665437702E+03	 8.92089058551865E-02
 1.99556939227705E+03	 1.50677361594089E-01
 1.99557213017708E+03	 2.15802559084581E-01
 1.99557486807711E+03	 2.65723936380922E-01
 1.99557760597714E+03	 2.74161829502737E-01
 1.99558034387717E+03	 2.25464327093620E-01
 1.99558308177720E+03	 1.27604047585804E-01
 1.99558581967723E+03	 1.05900271342766E-02
 1.99558855757726E+03	-8.78977101892980E-02
 1.99559129547730E+03	-1.38937658934983E-01
 1.99559403337733E+03	-1.31094379477471E-01
 1.99559677127736E+03	-7.07978277898909E-02
 1.99559950917739E+03	 2.00978699522943E-02
 1.99560224707742E+03	 1.08063008656813E-01
 1.99560498497745E+03	 1.57489940626198E-01
 1.99560772287748E+03	 1.46478800007959E-01
 1.99561046077751E+03	 7.85684980212182E-02
 1.99561319867754E+03	-2.05602264415686E-02
 1.99561593657757E+03	-1.19262172163151E-01
 1.99561867447760E+03	-1.95202418083020E-01
 1.99562141237763E+03	-2.39199242076821E-01
 1.99562415027766E+03	-2.49806845820879E-01
 1.99562688817770E+03	-2.28193190301687E-01
 1.99562962607773E+03	-1.78845086587311E-01
 1.99563236397776E+03	-1.12566550713502E-01
 1.99563510187779E+03	-4.43816623056441E-02
 1.99563783977782E+03	 1.51665102893904E-02
 1.99564057767785E+03	 6.73153349427864E-02
 1.99564331557787E+03	 1.21583992436304E-01
 1.99564605347791E+03	 1.82445758211899E-01
 1.99564879137794E+03	 2.38397838270321E-01
 1.99565152927797E+03	 2.64837100447488E-01
 1.99565426717800E+03	 2.39918806776083E-01
 1.99565700507803E+03	 1.61303639850024E-01
 1.99565974297806E+03	 5.10898180309268E-02
 1.99566248087809E+03	-5.43411632730620E-02
 1.99566521877813E+03	-1.21523424169753E-01
 1.99566795667816E+03	-1.32438123547979E-01
 1.99567069457819E+03	-8.76024859767252E-02
 1.99567343247822E+03	-3.93699101727563E-03
 1.99567617037825E+03	 8.84459824772680E-02
 1.99567890827828E+03	 1.53326788474592E-01
 1.99568164617831E+03	 1.62475709775916E-01
 1.99568438407834E+03	 1.10195533516394E-01
 1.99568712197837E+03	 1.59626517550148E-02
 1.99568985987840E+03	-8.82460116730977E-02
 1.99569259777843E+03	-1.75223141956021E-01
 1.99569533567846E+03	-2.31103719174287E-01
 1.99569807357849E+03	-2.52553076872993E-01
 1.99570081147853E+03	-2.40473038081978E-01
 1.99570354937856E+03	-1.98315770337382E-01
 1.99570628727859E+03	-1.34938227217474E-01
 1.99570902517862E+03	-6.50681124104832E-02
 1.99571176307865E+03	-2.57151766285471E-03
 1.99571450097868E+03	 4.88656380070710E-02
 1.99571723887871E+03	 9.72071860305402E-02
 1.99571997677874E+03	 1.51555201321055E-01
 1.99572271467877E+03	 2.08306698958568E-01
 1.99572545257880E+03	 2.47516557820179E-01
 1.99572819047883E+03	 2.44342698062116E-01
 1.99573092837886E+03	 1.87212328881701E-01
 1.99573366627889E+03	 8.87261108182086E-02
 1.99573640417893E+03	-1.87906044522466E-02
 1.99573914207896E+03	-9.92239260065763E-02
 1.99574187997899E+03	-1.28295383949176E-01
 1.99574461787902E+03	-1.00214238606912E-01
 1.99574735577905E+03	-2.66620813605207E-02
 1.99575009367908E+03	 6.63202824628241E-02
 1.99575283157911E+03	 1.43586583955012E-01
 1.99575556947914E+03	 1.72536137994407E-01
 1.99575830737917E+03	 1.38667817397500E-01
 1.99576104527920E+03	 5.35083804288932E-02
 1.99576378317923E+03	-5.30875803027962E-02
 1.99576652107926E+03	-1.50190359677533E-01
 1.99576925897929E+03	-2.18605509483480E-01
 1.99577199687932E+03	-2.51883838861647E-01
 1.99577473477936E+03	-2.50218859922406E-01
 1.99577747267939E+03	-2.16434399264486E-01
 1.99578021057942E+03	-1.57566401315442E-01
 1.99578294847945E+03	-8.70684810792053E-02
 1.99578568637948E+03	-2.08038280920474E-02
 1.99578842427951E+03	 3.25531376649555E-02
 1.99579116217954E+03	 7.73017257021452E-02
 1.99579390007957E+03	 1.24577209963388E-01
 1.99579663797960E+03	 1.78009599951805E-01
 1.99579937587963E+03	 2.24446849311214E-01
 1.99580211377966E+03	 2.39453656541400E-01
 1.99580485167969E+03	 2.04344894145814E-01
 1.99580758957972E+03	 1.21641669388530E-01
 1.99581032747976E+03	 1.70874598086800E-02
 1.99581306537979E+03	-7.29580187379175E-02
 1.99581580327982E+03	-1.18848331985945E-01
 1.99581854117985E+03	-1.08224999817340E-01
 1.99582127907988E+03	-4.71621341888586E-02
 1.99582401697991E+03	 4.28094150624849E-02
 1.99582675487994E+03	 1.28922312237973E-01
 1.99582949277997E+03	 1.76240162219170E-01
 1.99583223068000E+03	 1.62610287024350E-01
 1.99583496858003E+03	 9.05880689043648E-02
 1.99583770648006E+03	-1.45430417620606E-02
 1.99584044438009E+03	-1.19943929402665E-01
 1.99584318228012E+03	-2.01071298151156E-01
 1.99584592018016E+03	-2.47182024515425E-01
 1.99584865808019E+03	-2.56923456141120E-01
 1.99585139598022E+03	-2.32643944896659E-01
 1.99585413388025E+03	-1.79922181452706E-01
 1.99585687178028E+03	-1.10366285678590E-01
 1.99585960968031E+03	-4.04202292894602E-02
 1.99586234758034E+03	 1.69455479662671E-02
 1.99586508548037E+03	 6.10008781110274E-02
 1.99586782338040E+03	 1.02196616849375E-01
 1.99587056128043E+03	 1.49685563248269E-01
 1.99587329918046E+03	 1.98132213654875E-01
 1.99587603708049E+03	 2.26661445396609E-01
 1.99587877498052E+03	 2.12374312828105E-01
 1.99588151288055E+03	 1.48255285496531E-01
 1.99588425078059E+03	 5.15218194445835E-02
 1.99588698868062E+03	-4.38933680344700E-02
 1.99588972658065E+03	-1.04493016539837E-01
 1.99589246448068E+03	-1.11403010804256E-01
 1.99589520238071E+03	-6.46762112815480E-02
 1.99589794028074E+03	 1.90178824172650E-02
 1.99590067818077E+03	 1.10221041042601E-01
 1.99590341608080E+03	 1.73549398511439E-01
 1.99590615398083E+03	 1.80873667161292E-01
 1.99590889188086E+03	 1.25577483909795E-01
 1.99591162978089E+03	 2.62386172870617E-02
 1.99591436768092E+03	-8.46779264339164E-02
 1.99591710558095E+03	-1.77987680565433E-01
 1.99591984348099E+03	-2.37768539393626E-01
 1.99592258138102E+03	-2.60008514605981E-01
 1.99592531928105E+03	-2.46361685774021E-01
 1.99592805718108E+03	-2.01363576317403E-01
 1.99593079508111E+03	-1.34625905593597E-01
 1.99593353298114E+03	-6.19263609749679E-02
 1.99593627088117E+03	 7.00991799646895E-04
 1.99593900878120E+03	 4.70063428953203E-02
 1.99594174668123E+03	 8.43349831611396E-02
 1.99594448458126E+03	 1.24922116487423E-01
 1.99594722248129E+03	 1.71062988754905E-01
 1.99594996038132E+03	 2.07922235427375E-01
 1.99595269828135E+03	 2.11681625315882E-01
 1.99595543618139E+03	 1.67420981771363E-01
 1.99595817408142E+03	 8.27624748367572E-02
 1.99596091198145E+03	-1.34161337711071E-02
 1.99596364988148E+03	-8.58560924488735E-02
 1.99596638778151E+03	-1.09696312847188E-01
 1.99596912568154E+03	-7.86040566382035E-02
 1.99597186358157E+03	-4.02567649992612E-03
 1.99597460148160E+03	 8.85210562657145E-02
 1.99597733938163E+03	 1.64791975177088E-01
 1.99598007728166E+03	 1.92633077347716E-01
 1.99598281518169E+03	 1.56856164551907E-01
 1.99598555308172E+03	 6.77757971531122E-02
 1.99598829098175E+03	-4.50004893892206E-02
 1.99599102888179E+03	-1.49071317547038E-01
 1.99599376678182E+03	-2.22966163013061E-01
 1.99599650468185E+03	-2.58821199078813E-01
 1.99599924258188E+03	-2.56975151764525E-01
 1.99600198048191E+03	-2.21191193136570E-01
 1.99600471838194E+03	-1.59266240519244E-01
 1.99600745628197E+03	-8.54182025426244E-02
 1.99601019418200E+03	-1.72545763292688E-02
 1.99601293208203E+03	 3.38140354330533E-02
 1.99601566998206E+03	 7.02420089339497E-02
 1.99601840788209E+03	 1.04582654222668E-01
 1.99602114578212E+03	 1.45448901194030E-01
 1.99602388368215E+03	 1.85527690364996E-01
 1.99602662158218E+03	 2.03329343457235E-01
 1.99602935948222E+03	 1.78557259580709E-01
 1.99603209738225E+03	 1.09229409847893E-01
 1.99603483528228E+03	 1.69332353112817E-02
 1.99603757318231E+03	-6.38031542857922E-02
 1.99604031108234E+03	-1.03244570031388E-01
 1.99604304898237E+03	-8.85072499229607E-02
 1.99604578688240E+03	-2.54063020343749E-02
 1.99604852478243E+03	 6.49292912289935E-02
 1.99605126268246E+03	 1.50613884395028E-01
 1.99605400058249E+03	 1.97450103597668E-01
 1.99605673848252E+03	 1.82949070615974E-01
 1.99605947638255E+03	 1.08358058869176E-01
 1.99606221428258E+03	-1.94933839026583E-03
 1.99606495218262E+03	-1.14371810056976E-01
 1.99606769008265E+03	-2.02190045621891E-01
 1.99607042798268E+03	-2.52653965218421E-01
 1.99607316588271E+03	-2.63830205855770E-01
 1.99607590378274E+03	-2.38681983197157E-01
 1.99607864168277E+03	-1.83543151622425E-01
 1.99608137958280E+03	-1.10611660235200E-01
 1.99608411748283E+03	-3.76073919783744E-02
 1.99608685538286E+03	 1.99428817568643E-02
 1.99608959328289E+03	 5.86630246847181E-02
 1.99609233118292E+03	 8.87672117839222E-02
 1.99609506908295E+03	 1.22990690235612E-01
 1.99609780698298E+03	 1.61853232375953E-01
 1.99610054488302E+03	 1.88956107512777E-01
 1.99610328278305E+03	 1.81724838864787E-01
 1.99610602068308E+03	 1.29666652977092E-01
 1.99610875858311E+03	 4.55589879332014E-02
 1.99611149648314E+03	-3.94277962620990E-02
 1.99611423438317E+03	-9.23960761276922E-02
 1.99611697228320E+03	-9.41120981888525E-02
 1.99611971018323E+03	-4.43441033222401E-02
 1.99612244808326E+03	 4.05486990197933E-02
 1.99612518598329E+03	 1.31906758809713E-01
 1.99612792388332E+03	 1.95293269917147E-01
 1.99613066178335E+03	 2.02653197596616E-01
 1.99613339968338E+03	 1.46181592368264E-01
 1.99613613758341E+03	 4.30431052918528E-02
 1.99613887548345E+03	-7.43502046547306E-02
 1.99614161338348E+03	-1.75054545846424E-01
 1.99614435128351E+03	-2.40793543125360E-01
 1.99614708918354E+03	-2.66223716690807E-01
 1.99614982708357E+03	-2.53101235153165E-01
 1.99615256498360E+03	-2.06623764278258E-01
 1.99615530288363E+03	-1.36911598431050E-01
 1.99615804078366E+03	-6.06013263852551E-02
 1.99616077868369E+03	 4.13617846632029E-03
 1.99616351658372E+03	 4.80558771855464E-02
 1.99616625448375E+03	 7.68682732291374E-02
 1.99616899238378E+03	 1.04718619815374E-01
 1.99617173028381E+03	 1.39096345456429E-01
 1.99617446818385E+03	 1.70601406443927E-01
 1.99617720608388E+03	 1.77636887994766E-01
 1.99617994398391E+03	 1.43280179800450E-01
 1.99618268188394E+03	 7.09375293799493E-02
 1.99618541978397E+03	-1.40123881269208E-02
 1.99618815768400E+03	-7.77226645155744E-02
 1.99619089558403E+03	-9.53184551956962E-02
 1.99619363348406E+03	-6.02048054027153E-02
 1.99619637138409E+03	 1.64214256758101E-02
 1.99619910928412E+03	 1.09724092774523E-01
 1.99620184718415E+03	 1.86518017821799E-01
 1.99620458508418E+03	 2.15134255409407E-01
 1.99620732298421E+03	 1.79499943981868E-01
 1.99621006088425E+03	 8.82339373381776E-02
 1.99621279878428E+03	-2.99183022444801E-02
 1.99621553668431E+03	-1.41481389103945E-01
 1.99621827458434E+03	-2.22598769234328E-01
 1.99622101248437E+03	-2.63413002278645E-01
 1.99622375038440E+03	-2.63699629253032E-01
 1.99622648828443E+03	-2.27641183750496E-01
 1.99622922618446E+03	-1.63500785318006E-01
 1.99623196408449E+03	-8.60456793073111E-02
 1.99623470198452E+03	-1.44880595816844E-02
 1.99623743988455E+03	 3.68253307764029E-02
 1.99624017778458E+03	 6.77102598958208E-02
 1.99624291568461E+03	 9.09172967286193E-02
 1.99624565358464E+03	 1.19037911166665E-01
 1.99624839148468E+03	 1.50479537568414E-01
 1.99625112938471E+03	 1.67594330133080E-01
 1.99625386728474E+03	 1.49837768087104E-01
 1.99625660518477E+03	 9.17600998392325E-02
 1.99625934308480E+03	 1.10439942148374E-02
 1.99626208098483E+03	-6.00228256925166E-02
 1.99626481888486E+03	-9.22146530252821E-02
 1.99626755678489E+03	-7.25060949398606E-02
 1.99627029468492E+03	-6.51068425395176E-03
 1.99627303258495E+03	 8.51976114504228E-02
 1.99627577048498E+03	 1.71812791068213E-01
 1.99627850838501E+03	 2.19983310606426E-01
 1.99628124628504E+03	 2.06771515072000E-01
 1.99628398418508E+03	 1.31695120919511E-01
 1.99628672208511E+03	 1.75711853819381E-02
 1.99628945998514E+03	-1.01791830253296E-01
 1.99629219788517E+03	-1.97600256957794E-01
 1.99629493578520E+03	-2.54650952127419E-01
 1.99629767368523E+03	-2.69706693181525E-01
 1.99630041158526E+03	-2.45725433027826E-01
 1.99630314948529E+03	-1.89429478118200E-01
 1.99630588738532E+03	-1.13372925366117E-01
 1.99630862528535E+03	-3.63513612410487E-02
 1.99631136318538E+03	 2.35429544518146E-02
 1.99631410108541E+03	 5.97503809240602E-02
 1.99631683898544E+03	 8.11443099939702E-02
 1.99631957688548E+03	 1.02856963989191E-01
 1.99632231478551E+03	 1.30729931605914E-01
 1.99632505268554E+03	 1.53349206366961E-01
 1.99632779058557E+03	 1.49712236343024E-01
 1.99633052848560E+03	 1.07072142891303E-01
 1.99633326638563E+03	 3.43287826440490E-02
 1.99633600428566E+03	-4.03033332108174E-02
 1.99633874218569E+03	-8.50944949827526E-02
 1.99634148008572E+03	-8.09254125874627E-02
 1.99634421798575E+03	-2.74305962499786E-02
 1.99634695588578E+03	 5.94631684453137E-02
 1.99634969378581E+03	 1.52121737198510E-01
 1.99635243168584E+03	 2.17229360895542E-01
 1.99635516958588E+03	 2.26786093249093E-01
 1.99635790748591E+03	 1.71465747294457E-01
 1.99636064538594E+03	 6.63868968193201E-02
 1.99636338328597E+03	-5.67661250763232E-02
 1.99636612118600E+03	-1.65609065915139E-01
 1.99636885908603E+03	-2.39250147661653E-01
 1.99637159698606E+03	-2.70333552429472E-01
 1.99637433488609E+03	-2.60013837090029E-01
 1.99637707278612E+03	-2.13690365548360E-01
 1.99637981068615E+03	-1.41727952547301E-01
 1.99638254858618E+03	-6.13960410135836E-02
 1.99638528648621E+03	 7.12515966175476E-03
 1.99638802438624E+03	 5.13112148650279E-02
 1.99639076228627E+03	 7.43373455593335E-02
 1.99639350018631E+03	 9.10222253789508E-02
 1.99639623808634E+03	 1.13175200278743E-01
 1.99639897598637E+03	 1.36909644187379E-01
 1.99640171388640E+03	 1.43856241868786E-01
 1.99640445178643E+03	 1.16388385643125E-01
 1.99640718968646E+03	 5.45416834325036E-02
 1.99640992758649E+03	-1.97322842786000E-02
 1.99641266548652E+03	-7.44688838048155E-02
 1.99641540338655E+03	-8.53121325837172E-02
 1.99641814128658E+03	-4.56605495417700E-02
 1.99642087918661E+03	 3.36018848327259E-02
 1.99642361708664E+03	 1.28556321516097E-01
 1.99642635498667E+03	 2.07310086213280E-01
 1.99642909288671E+03	 2.38756048240451E-01
 1.99643183078674E+03	 2.05713091568432E-01
 1.99643456868677E+03	 1.14529299279432E-01
 1.99643730658680E+03	-7.65714173918954E-03
 1.99644004448683E+03	-1.26817709766401E-01
 1.99644278238686E+03	-2.16672525408060E-01
 1.99644552028689E+03	-2.64796176582459E-01
 1.99644825818692E+03	-2.69650075855148E-01
 1.99645099608695E+03	-2.35270214500164E-01
 1.99645373398698E+03	-1.70068341050891E-01
 1.99645647188701E+03	-8.91253086671788E-02
 1.99645920978704E+03	-1.30494036284369E-02
 1.99646194768707E+03	 4.08127665060440E-02
 1.99646468558711E+03	 6.89925750908925E-02
 1.99646742348714E+03	 8.32733482756282E-02
 1.99647016138717E+03	 9.91180219780213E-02
 1.99647289928720E+03	 1.20309043465152E-01
 1.99647563718723E+03	 1.33706042233560E-01
 1.99647837508726E+03	 1.19763716262696E-01
 1.99648111298729E+03	 7.06282599876485E-02
 1.99648385088732E+03	 4.38688668076736E-04
 1.99648658878735E+03	-6.10630691525670E-02
 1.99648932668738E+03	-8.57033858176850E-02
 1.99649206458741E+03	-6.06722250607309E-02
 1.99649480248744E+03	 8.59812050913891E-03
 1.99649754038747E+03	 1.02307680359432E-01
 1.99650027828750E+03	 1.91008451440753E-01
 1.99650301618754E+03	 2.42363194241730E-01
 1.99650575408757E+03	 2.32883137374210E-01
 1.99650849198760E+03	 1.59878150537024E-01
 1.99651122988763E+03	 4.38491423457523E-02
 1.99651396778766E+03	-8.18758094347218E-02
 1.99651670568769E+03	-1.86634508417253E-01
 1.99651944358772E+03	-2.52365775833869E-01
 1.99652218148775E+03	-2.73784488905580E-01
 1.99652491938778E+03	-2.53177282524123E-01
 1.99652765728781E+03	-1.97257343325567E-01
 1.99653039518784E+03	-1.18686161218381E-01
 1.99653313308787E+03	-3.70911079575655E-02
 1.99653587098790E+03	 2.69740526746256E-02
 1.99653860888794E+03	 6.33880604733889E-02
 1.99654134678797E+03	 7.86925316338521E-02
 1.99654408468800E+03	 8.92032115656583E-02
 1.99654682258803E+03	 1.05368160363059E-01
 1.99654956048806E+03	 1.21021924979036E-01
 1.99655229838809E+03	 1.17804585801558E-01
 1.99655503628812E+03	 8.19024986091973E-02
 1.99655777418815E+03	 1.89790547096240E-02
 1.99656051208818E+03	-4.57912410134293E-02
 1.99656324998821E+03	-8.23390946506847E-02
 1.99656598788824E+03	-7.20973110633617E-02
 1.99656872578827E+03	-1.46877754381779E-02
 1.99657146368830E+03	 7.45691290951402E-02
 1.99657420158834E+03	 1.69366572576407E-01
 1.99657693948837E+03	 2.37758761849834E-01
 1.99657967738840E+03	 2.51822924360033E-01
 1.99658241528843E+03	 2.00360240943821E-01
 1.99658515318846E+03	 9.57261383966554E-02
 1.99658789108849E+03	-3.19247407400552E-02
 1.99659062898852E+03	-1.49212385246470E-01
 1.99659336688855E+03	-2.32446545931904E-01
 1.99659610478858E+03	-2.71588293024277E-01
 1.99659884268861E+03	-2.66450673341739E-01
 1.99660158058864E+03	-2.22136689164692E-01
 1.99660431848867E+03	-1.48974728099004E-01
 1.99660705638870E+03	-6.46162025964359E-02
 1.99660979428873E+03	 8.96094491884499E-03
 1.99661253218877E+03	 5.58209941212838E-02
 1.99661527008880E+03	 7.58549173166743E-02
 1.99661800798883E+03	 8.33626760237938E-02
 1.99662074588886E+03	 9.34807998893576E-02
 1.99662348378889E+03	 1.07682745316288E-01
 1.99662622168892E+03	 1.11613309477109E-01
 1.99662895958895E+03	 8.81384543694542E-02
 1.99663169748898E+03	 3.48005016418535E-02
 1.99663443538901E+03	-2.97033159003769E-02
 1.99663717328904E+03	-7.56690920606825E-02
 1.99663991118907E+03	-7.97406081089564E-02
 1.99664264908910E+03	-3.55363918871654E-02
 1.99664538698913E+03	 4.64745578328444E-02
 1.99664812488917E+03	 1.43589795235593E-01
 1.99665086278920E+03	 2.25520333041128E-01
 1.99665360068923E+03	 2.61861289574695E-01
 1.99665633858926E+03	 2.34117675201850E-01
 1.99665907648929E+03	 1.45744362130121E-01
 1.99666181438932E+03	 2.14195111070293E-02
 1.99666455228935E+03	-1.04930081202662E-01
 1.99666729018938E+03	-2.04673907134415E-01
 1.99667002808941E+03	-2.62291205861799E-01
 1.99667276598944E+03	-2.74162842671172E-01
 1.99667550388947E+03	-2.43573797881069E-01
 1.99667824178950E+03	-1.78743698641383E-01
 1.99668097968953E+03	-9.48167198075993E-02
 1.99668371758957E+03	-1.35332432620884E-02
 1.99668645548960E+03	 4.48274533401972E-02
 1.99668919338963E+03	 7.30358020893011E-02
 1.99669193128966E+03	 8.08497079798116E-02
 1.99669466918969E+03	 8.54513985547953E-02
 1.99669740708972E+03	 9.54595858181386E-02
 1.99670014498975E+03	 1.02667164757315E-01
 1.99670288288978E+03	 8.96134784593842E-02
 1.99670562078981E+03	 4.70789345234787E-02
 1.99670835868984E+03	-1.39037763644798E-02
 1.99671109658987E+03	-6.63442872415806E-02
 1.99671383448990E+03	-8.35944888883795E-02
 1.99671657238993E+03	-5.33810282282843E-02
 1.99671931028997E+03	 1.90543703248871E-02
 1.99672204819000E+03	 1.14953213901357E-01
 1.99672478609003E+03	 2.06574949958092E-01
 1.99672752399006E+03	 2.62840613773636E-01
 1.99673026189009E+03	 2.59656823297216E-01
 1.99673299979012E+03	 1.91639881089105E-01
 1.99673573769015E+03	 7.61391351098675E-02
 1.99673847559018E+03	-5.48119332380306E-02
 1.99674121349021E+03	-1.69020158685908E-01
 1.99674395139024E+03	-2.45246244085177E-01
 1.99674668929027E+03	-2.75428397299485E-01
 1.99674942719030E+03	-2.60485754025562E-01
 1.99675216509033E+03	-2.06695285998643E-01
 1.99675490299036E+03	-1.26564548770662E-01
 1.99675764089040E+03	-4.02768557000744E-02
 1.99676037879043E+03	 2.93578593231903E-02
 1.99676311669046E+03	 6.84457496198216E-02
 1.99676585459049E+03	 8.03568999210412E-02
 1.99676859249052E+03	 8.14061701176205E-02
 1.99677133039055E+03	 8.57976788310818E-02
 1.99677406829058E+03	 9.26440807251745E-02
 1.99677680619061E+03	 8.70912420893237E-02
 1.99677954409064E+03	 5.53588518828774E-02
 1.99678228199067E+03	 5.51601230590603E-04
 1.99678501989070E+03	-5.51851259853890E-02
 1.99678775779073E+03	-8.38503445798522E-02
 1.99679049569076E+03	-6.78184707883990E-02
 1.99679323359080E+03	-6.79295647191417E-03
 1.99679597149083E+03	 8.47202111949505E-02
 1.99679870939086E+03	 1.82101091377740E-01
 1.99680144729089E+03	 2.55099023692935E-01
 1.99680418519092E+03	 2.75960839222283E-01
 1.99680692309095E+03	 2.31294323087239E-01
 1.99680966099098E+03	 1.29938841510817E-01
 1.99681239889101E+03	-3.86680656761313E-04
 1.99681513679104E+03	-1.25890341323872E-01
 1.99681787469107E+03	-2.20018377832243E-01
 1.99682061259110E+03	-2.69430823989118E-01
 1.99682335049113E+03	-2.71848832348935E-01
 1.99682608839116E+03	-2.31549816407121E-01
 1.99682882629120E+03	-1.58528476387776E-01
 1.99683156419123E+03	-7.05506204268804E-02
 1.99683430209126E+03	 8.88959094842217E-03
 1.99683703999129E+03	 6.04621640557040E-02
 1.99683977789132E+03	 8.02007133805523E-02
 1.99684251579135E+03	 8.07896385977855E-02
 1.99684525369138E+03	 7.96356534407979E-02
 1.99684799159141E+03	 8.32153671695445E-02
 1.99685072949144E+03	 8.17410069192303E-02
 1.99685346739147E+03	 5.96217974005039E-02
 1.99685620529150E+03	 1.27695592089058E-02
 1.99685894319153E+03	-4.31240007310466E-02
 1.99686168109156E+03	-8.09005097458493E-02
 1.99686441899159E+03	-7.86205747014132E-02
 1.99686715689163E+03	-3.03179555887673E-02
 1.99686989479166E+03	 5.40787539045554E-02
 1.99687263269169E+03	 1.53423387114613E-01
 1.99687537059172E+03	 2.39409029600678E-01
 1.99687810849175E+03	 2.82553839896306E-01
 1.99688084639178E+03	 2.62905364675502E-01
 1.99688358429181E+03	 1.80410071730172E-01
 1.99688632219184E+03	 5.63648997706048E-02
 1.99688906009187E+03	-7.61899482727548E-02
 1.99689179799190E+03	-1.86486731925443E-01
 1.99689453589193E+03	-2.55474197753940E-01
 1.99689727379196E+03	-2.76706115314470E-01
 1.99690001169199E+03	-2.52087930576449E-01
 1.99690274959203E+03	-1.89284819066327E-01
 1.99690548749206E+03	-1.03243811352230E-01
 1.99690822539209E+03	-1.65312763754207E-02
 1.99691096329212E+03	 4.78280671891503E-02
 1.99691370119215E+03	 7.85471042497174E-02
 1.99691643909218E+03	 8.24467552765717E-02
 1.99691917699221E+03	 7.72867858865350E-02
 1.99692191489224E+03	 7.58318805076052E-02
 1.99692465279227E+03	 7.49990867534893E-02
 1.99692739069230E+03	 6.03041269570403E-02
 1.99693012859233E+03	 2.21278769009585E-02
 1.99693286649236E+03	-3.11232257553280E-02
 1.99693560439239E+03	-7.53237456858851E-02
 1.99693834229243E+03	-8.57454521093621E-02
 1.99694108019246E+03	-5.09308854405044E-02
 1.99694381809249E+03	 2.40969900642007E-02
 1.99694655599252E+03	 1.21912805901672E-01
 1.99694929389255E+03	 2.16883764074704E-01
 1.99695203179258E+03	 2.79511591129151E-01
 1.99695476969261E+03	 2.85127777537821E-01
 1.99695750759264E+03	 2.25217270612555E-01
 1.99696024549267E+03	 1.13118429441448E-01
 1.99696298339270E+03	-2.13482902156129E-02
 1.99696572129273E+03	-1.44944572148677E-01
 1.99696845919276E+03	-2.33060236430707E-01
 1.99697119709279E+03	-2.74186095595922E-01
 1.99697393499282E+03	-2.67171817571788E-01
 1.99697667289286E+03	-2.17407550001789E-01
 1.99697941079289E+03	-1.36975096084806E-01
 1.99698214869292E+03	-4.63161924487258E-02
 1.99698488659295E+03	 2.97952178919260E-02
 1.99698762449298E+03	 7.36478679328921E-02
 1.99699036239301E+03	 8.47791396191722E-02
 1.99699310029304E+03	 7.83988282012792E-02
 1.99699583819307E+03	 7.15322121237224E-02
 1.99699857609310E+03	 6.83876550160156E-02
 1.99700131399313E+03	 5.82558275000070E-02
 1.99700405189316E+03	 2.83609880027038E-02
 1.99700678979319E+03	-2.00757545036516E-02
 1.99700952769322E+03	-6.78489798976401E-02
 1.99701226559326E+03	-8.93442823748037E-02
 1.99701500349329E+03	-6.82101244683178E-02
 1.99701774139332E+03	-4.30393905441096E-03
 1.99702047929335E+03	 8.89020260673166E-02
 1.99702321719338E+03	 1.88865082572522E-01
 1.99702595509341E+03	 2.67420765134566E-01
 1.99702869299344E+03	 2.97169141418275E-01
 1.99703143089347E+03	 2.62284828729004E-01
 1.99703416879350E+03	 1.67361916442602E-01
 1.99703690669353E+03	 3.67134565486666E-02
 1.99703964459356E+03	-9.61785544619677E-02
 1.99704238249359E+03	-2.01983691858648E-01
 1.99704512039362E+03	-2.63542077021543E-01
 1.99704785829366E+03	-2.75756306634747E-01
 1.99705059619369E+03	-2.41531287290613E-01
 1.99705333409372E+03	-1.70216925638757E-01
 1.99705607199375E+03	-7.94158733808521E-02
 1.99705880989378E+03	 6.19815815215003E-03
 1.99706154779381E+03	 6.40571783601355E-02
 1.99706428569384E+03	 8.59540602141352E-02
 1.99706702359387E+03	 8.19983480229050E-02
 1.99706976149390E+03	 7.07994440528672E-02
 1.99707249939393E+03	 6.33134297322702E-02
 1.99707523729396E+03	 5.46406329420662E-02
 1.99707797519399E+03	 3.16064015205133E-02
 1.99708071309402E+03	-1.07008199403815E-02
 1.99708345099406E+03	-5.92954842630184E-02
 1.99708618889409E+03	-8.97580152670042E-02
 1.99708892679412E+03	-8.19101101892719E-02
 1.99709166469415E+03	-3.03643375992974E-02
 1.99709440259418E+03	 5.56215234243430E-02
 1.99709714049421E+03	 1.56808428867157E-01
 1.99709987839424E+03	 2.47295369998959E-01
 1.99710261629427E+03	 2.98830575607428E-01
 1.99710535419430E+03	 2.89962797737432E-01
 1.99710809209433E+03	 2.16583504337435E-01
 1.99711082999436E+03	 9.56730064848106E-02
 1.99711356789439E+03	-4.15093044345586E-02
 1.99711630579442E+03	-1.62432543082693E-01
 1.99711904369445E+03	-2.44216367651051E-01
 1.99712178159449E+03	-2.76902920582783E-01
 1.99712451949452E+03	-2.60388440909968E-01
 1.99712725739455E+03	-2.01405824042112E-01
 1.99712999529458E+03	-1.14438539797409E-01
 1.99713273319461E+03	-2.25433790583043E-02
 1.99713547109464E+03	 4.88020740974101E-02
 1.99713820899467E+03	 8.41380735279184E-02
 1.99714094689470E+03	 8.66139255450793E-02
 1.99714368479473E+03	 7.34869549657763E-02
 1.99714642269476E+03	 6.08730207094146E-02
 1.99714916059479E+03	 5.07868439938458E-02
 1.99715189849482E+03	 3.24000559208817E-02
 1.99715463639485E+03	-3.44999668079213E-03
 1.99715737429489E+03	-5.04924156951897E-02
 1.99716011219492E+03	-8.74981354854299E-02
 1.99716285009495E+03	-9.19679155283601E-02
 1.99716558799498E+03	-5.34928519868385E-02
 1.99716832589501E+03	 2.31574954837058E-02
 1.99717106379504E+03	 1.22177648400161E-01
 1.99717380169507E+03	 2.20463810784557E-01
 1.99717653959510E+03	 2.90490293716962E-01
 1.99717927749513E+03	 3.07152146981659E-01
 1.99718201539516E+03	 2.58470054300082E-01
 1.99718475329519E+03	 1.52951474338174E-01
 1.99718749119522E+03	 1.72206267616945E-02
 1.99719022909525E+03	-1.15075169314655E-01
 1.99719296699529E+03	-2.15925944705143E-01
 1.99719570489532E+03	-2.69808717420611E-01
 1.99719844279535E+03	-2.72828561592132E-01
 1.99720118069538E+03	-2.29027382687546E-01
 1.99720391859541E+03	-1.49782945284426E-01
 1.99720665649544E+03	-5.54858435651422E-02
 1.99720939439547E+03	 2.74885915042650E-02
 1.99721213229550E+03	 7.77247437083498E-02
 1.99721487019553E+03	 9.04617762842730E-02
 1.99721760809556E+03	 7.88245309019933E-02
 1.99722034599559E+03	 6.16920433533475E-02
 1.99722308389562E+03	 4.80065474666471E-02
 1.99722582179565E+03	 3.16157194257247E-02
 1.99722855969568E+03	 1.56005117861803E-03
 1.99723129759572E+03	-4.21856993004057E-02
 1.99723403549575E+03	-8.32074123342002E-02
 1.99723677339578E+03	-9.85050272576068E-02
 1.99723951129581E+03	-7.32701541298015E-02
 1.99724224919584E+03	-7.57102559007241E-03
 1.99724498709587E+03	 8.63593552815358E-02
 1.99724772499590E+03	 1.88442547273094E-01
 1.99725046289593E+03	 2.73035270417323E-01
 1.99725320079596E+03	 3.13375738729189E-01
 1.99725593869599E+03	 2.91093476903152E-01
 1.99725867659602E+03	 2.05898383472028E-01
 1.99726141449605E+03	 7.77185861906686E-02
 1.99726415239608E+03	-6.11156009899081E-02
 1.99726689029612E+03	-1.78759014258525E-01
 1.99726962819615E+03	-2.53857237670618E-01
 1.99727236609618E+03	-2.77832068181141E-01
 1.99727510399621E+03	-2.51672663509522E-01
 1.99727784189624E+03	-1.83765901680938E-01
 1.99728057979627E+03	-9.12708819075281E-02
 1.99728331769630E+03	 3.35478964666957E-04
 1.99728605559633E+03	 6.55278863999018E-02
 1.99728879349636E+03	 9.16690346093177E-02
 1.99729153139639E+03	 8.55050110328393E-02
 1.99729426929642E+03	 6.58213113853981E-02
 1.99729700719645E+03	 4.74069032214155E-02
 1.99729974509648E+03	 3.03520230504615E-02
 1.99730248299652E+03	 4.57407575314674E-03
 1.99730522089655E+03	-3.49444978961213E-02
 1.99730795879658E+03	-7.75999653275118E-02
 1.99731069669661E+03	-1.01819373096097E-01
 1.99731343459664E+03	-8.94516279897333E-02
 1.99731617249667E+03	-3.58209480889169E-02
 1.99731891039670E+03	 5.06018343385419E-02
 1.99732164829673E+03	 1.52812213697301E-01
 1.99732438619676E+03	 2.47752667631930E-01
 1.99732712409679E+03	 3.08788496665546E-01
 1.99732986199682E+03	 3.13062909710310E-01
 1.99733259989685E+03	 2.51997397560197E-01
 1.99733533779688E+03	 1.37372047979989E-01
 1.99733807569691E+03	-2.30044450064875E-03
 1.99734081359695E+03	-1.33266253390747E-01
 1.99734355149698E+03	-2.28692112681248E-01
 1.99734628939701E+03	-2.74531238235037E-01
 1.99734902729704E+03	-2.68070351761335E-01
 1.99735176519707E+03	-2.14728963790215E-01
 1.99735450309710E+03	-1.28260977205762E-01
 1.99735724099713E+03	-3.18617847459761E-02
 1.99735997889716E+03	 4.69178949416245E-02
 1.99736271679719E+03	 8.85052922893453E-02
 1.99736545469722E+03	 9.18405490976189E-02
 1.99736819259725E+03	 7.27060037585326E-02
 1.99737093049728E+03	 4.97197310373039E-02
 1.99737366839731E+03	 2.97792892629471E-02
 1.99737640629735E+03	 6.17498068329202E-03
 1.99737914419738E+03	-2.90819842885678E-02
 1.99738188209741E+03	-7.13844019810014E-02
 1.99738461999744E+03	-1.02362675243182E-01
 1.99738735789747E+03	-1.01968608443411E-01
 1.99739009579750E+03	-6.10255949185338E-02
 1.99739283369753E+03	 1.59787388778175E-02
 1.99739557159756E+03	 1.15109570333454E-01
 1.99739830949759E+03	 2.16196964397390E-01
 1.99740104739762E+03	 2.94128283775026E-01
 1.99740378529765E+03	 3.23625176176088E-01
 1.99740652319768E+03	 2.89069235236756E-01
 1.99740926109771E+03	 1.93427005068535E-01
 1.99741199899775E+03	 5.91331360057675E-02
 1.99741473689778E+03	-8.05277434196168E-02
 1.99741747479781E+03	-1.94306340297235E-01
 1.99742021269784E+03	-2.62248528567067E-01
 1.99742295059787E+03	-2.77104769295311E-01
 1.99742568849790E+03	-2.41116224849218E-01
 1.99742842639793E+03	-1.64679869869177E-01
 1.99743116429796E+03	-6.78243798150772E-02
 1.99743390219799E+03	 2.18878533607876E-02
 1.99743664009802E+03	 7.95927049095638E-02
 1.99743937799805E+03	 9.59679965566885E-02
 1.99744211589808E+03	 8.12337410213061E-02
 1.99744485379811E+03	 5.51742310540404E-02
 1.99744759169815E+03	 3.09655190958948E-02
 1.99745032959818E+03	 7.20893470900686E-03
 1.99745306749821E+03	-2.46050698607704E-02
 1.99745580539824E+03	-6.51783118138139E-02
 1.99745854329827E+03	-1.00699962072289E-01
 1.99746128119830E+03	-1.10925295272972E-01
 1.99746401909833E+03	-8.27917696417430E-02
 1.99746675699836E+03	-1.66260709926962E-02
 1.99746949489839E+03	 7.67443810436161E-02
 1.99747223279842E+03	 1.80050399742759E-01
 1.99747497069845E+03	 2.70616547387351E-01
 1.99747770859848E+03	 3.22702786107461E-01
 1.99748044649851E+03	 3.15447848548918E-01
 1.99748318439854E+03	 2.43196547469501E-01
 1.99748592229858E+03	 1.20570824838594E-01
 1.99748866019861E+03	-2.21774262335684E-02
 1.99749139809864E+03	-1.51133523892309E-01
 1.99749413599867E+03	-2.40556589449856E-01
 1.99749687389870E+03	-2.77832584519586E-01
 1.99749961179873E+03	-2.61523188960634E-01
 1.99750234969876E+03	-1.98738998906519E-01
 1.99750508759879E+03	-1.05921833862590E-01
 1.99750782549882E+03	-8.95322914859830E-03
 1.99751056339885E+03	 6.40690235454065E-02
 1.99751330129888E+03	 9.60763722463269E-02
 1.99751603919891E+03	 8.98565090383159E-02
 1.99751877709894E+03	 6.34324030004598E-02
 1.99752151499898E+03	 3.47054296851173E-02
 1.99752425289901E+03	 8.66519973013191E-03
 1.99752699079904E+03	-2.12048902501149E-02
 1.99752972869907E+03	-5.94260054666683E-02
 1.99753246659910E+03	-9.74513031510769E-02
 1.99753520449913E+03	-1.16587019098401E-01
 1.99753794239916E+03	-1.00896146992166E-01
 1.99754068029919E+03	-4.65186383627178E-02
 1.99754341819922E+03	 3.89451504672430E-02
 1.99754615609925E+03	 1.40993265940291E-01
 1.99754889399928E+03	 2.39823698182278E-01
 1.99755163189931E+03	 3.10866988418769E-01
 1.99755436979934E+03	 3.30109035895701E-01
 1.99755710769938E+03	 2.84276339466631E-01
 1.99755984559941E+03	 1.79189153548432E-01
 1.99756258349944E+03	 3.96286438620671E-02
 1.99756532139947E+03	-1.00122990493950E-01
 1.99756805929950E+03	-2.09356993970157E-01
 1.99757079719953E+03	-2.69510210304572E-01
 1.99757353509956E+03	-2.74723727363095E-01
 1.99757627299959E+03	-2.28737358757627E-01
 1.99757901089962E+03	-1.44319824792375E-01
 1.99758174879965E+03	-4.44523693943455E-02
 1.99758448669968E+03	 4.16855620401498E-02
 1.99758722459971E+03	 9.06268542399867E-02
 1.99758996249974E+03	 9.67710185338723E-02
 1.99759270039977E+03	 7.35983227652020E-02
 1.99759543829981E+03	 4.13774059368296E-02
 1.99759817619984E+03	 1.15248088149978E-02
 1.99760091409987E+03	-1.82944714095385E-02
 1.99760365199990E+03	-5.43331543454389E-02
 1.99760638989993E+03	-9.32199195547681E-02
 1.99760912779996E+03	-1.19355573385888E-01
 1.99761186569999E+03	-1.15281008711086E-01
 1.99761460360002E+03	-7.31866876982279E-02
 1.99761734150005E+03	 2.73261277579785E-03
 1.99762007940008E+03	 1.00597135651024E-01
 1.99762281730011E+03	 2.03517622517534E-01
 1.99762555520014E+03	 2.89251791720016E-01
 1.99762829310017E+03	 3.32736752750037E-01
 1.99763103100021E+03	 3.14741718555543E-01
 1.99763376890024E+03	 2.32162580019445E-01
 1.99763650680027E+03	 1.02306544025875E-01
 1.99763924470030E+03	-4.27797035820965E-02
 1.99764198260033E+03	-1.68967322930082E-01
 1.99764472050036E+03	-2.51639694312123E-01
 1.99764745840039E+03	-2.79686739207751E-01
 1.99765019630042E+03	-2.53129999900809E-01
 1.99765293420045E+03	-1.81122885561997E-01
 1.99765567210048E+03	-8.30336375521133E-02
 1.99765841000051E+03	 1.28320772234708E-02
 1.99766114790054E+03	 7.85375543315658E-02
 1.99766388580057E+03	 1.00133981010612E-01
 1.99766662370061E+03	 8.43021479624255E-02
 1.99766936160064E+03	 5.08503435981229E-02
 1.99767209950067E+03	 1.65982736811726E-02
 1.99767483740070E+03	-1.50928766919123E-02
 1.99767757530073E+03	-4.98313101496822E-02
 1.99768031320076E+03	-8.85148772916557E-02
 1.99768305110079E+03	-1.19728993659357E-01
 1.99768578900082E+03	-1.26046878286498E-01
 1.99768852690085E+03	-9.62886977922042E-02
 1.99769126480088E+03	-3.10841472977989E-02
 1.99769400270091E+03	 6.02490242571406E-02
 1.99769674060094E+03	 1.63514269346198E-01
 1.99769947850097E+03	 2.59422157515892E-01
 1.99770221640100E+03	 3.23720540310060E-01
 1.99770495430104E+03	 3.33302816948882E-01
 1.99770769220107E+03	 2.76887346255735E-01
 1.99771043010110E+03	 1.62998289690865E-01
 1.99771316800113E+03	 1.88473183943770E-02
 1.99771590590116E+03	-1.20200462159567E-01
 1.99771864380119E+03	-2.24034309410049E-01
 1.99772138170122E+03	-2.75595400199520E-01
 1.99772411960125E+03	-2.70568238338987E-01
 1.99772685750128E+03	-2.14495380568598E-01
 1.99772959540131E+03	-1.22846976700639E-01
 1.99773233330134E+03	-2.15088257824615E-02
 1.99773507120137E+03	 5.93111611084322E-02
 1.99773780910140E+03	 9.82841567345994E-02
 1.99774054700144E+03	 9.38491373102538E-02
 1.99774328490147E+03	 6.24559435367399E-02
 1.99774602280150E+03	 2.43756401749557E-02
 1.99774876070153E+03	-1.07474316214015E-02
 1.99775149860156E+03	-4.55820161425789E-02
 1.99775423650159E+03	-8.36796347226787E-02
 1.99775697440162E+03	-1.18246203608232E-01
 1.99775971230165E+03	-1.33438116324904E-01
 1.99776245020168E+03	-1.15643540395115E-01
 1.99776518810171E+03	-6.18963897584181E-02
 1.99776792600174E+03	 2.11087678499761E-02
 1.99777066390177E+03	 1.21546978274854E-01
 1.99777340180180E+03	 2.23214674268413E-01
 1.99777613970184E+03	 3.04086463533145E-01
 1.99777887760187E+03	 3.39399243716962E-01
 1.99778161550190E+03	 3.11196179582360E-01
 1.99778435340193E+03	 2.18772806813337E-01
 1.99778709130196E+03	 8.22380888941444E-02
 1.99778982920199E+03	-6.44171302074804E-02
 1.99779256710202E+03	-1.86897493411623E-01
 1.99779530500205E+03	-2.61879578170489E-01
 1.99779804290208E+03	-2.79920855864692E-01
 1.99780078080211E+03	-2.42751227666863E-01
 1.99780351870214E+03	-1.61922293472238E-01
 1.99780625660217E+03	-5.98655744667819E-02
 1.99780899450220E+03	 3.30923746311223E-02
 1.99781173240224E+03	 8.99425775440075E-02
 1.99781447030227E+03	 1.00414721914371E-01
 1.99781720820230E+03	 7.50330078997135E-02
 1.99781994610233E+03	 3.49117776917375E-02
 1.99782268400236E+03	-4.47867959965021E-03
 1.99782542190239E+03	-4.10247264343199E-02
 1.99782815980242E+03	-7.88389580125218E-02
 1.99783089770245E+03	-1.15420738201705E-01
 1.99783363560248E+03	-1.37817507355561E-01
 1.99783637350251E+03	-1.31221054247583E-01
 1.99783911140254E+03	-8.92770538005899E-02
 1.99784184930257E+03	-1.59034065950259E-02
 1.99784458720260E+03	 7.91666621486392E-02
 1.99784732510263E+03	 1.82571245497328E-01
 1.99785006300267E+03	 2.75372373430695E-01
 1.99785280090270E+03	 3.33223643278525E-01
 1.99785553880273E+03	 3.33538021136810E-01
 1.99785827670276E+03	 2.66853581589941E-01
 1.99786101460279E+03	 1.44537466574295E-01
 1.99786375250282E+03	-3.53355342970175E-03
 1.99786649040285E+03	-1.40901942313942E-01
 1.99786922830288E+03	-2.38266660106450E-01
 1.99787196620291E+03	-2.80288909048344E-01
 1.99787470410294E+03	-2.64410932137411E-01
 1.99787744200297E+03	-1.98308986406404E-01
 1.99788017990300E+03	-1.00420602611781E-01
 1.99788291780303E+03	 6.52442807436445E-04
 1.99788565570307E+03	 7.43660871157256E-02
 1.99788839360310E+03	 1.02260207187243E-01
 1.99789113150313E+03	 8.70400587402515E-02
 1.99789386940316E+03	 4.77656980639523E-02
 1.99789660730319E+03	 4.27218587400142E-03
 1.99789934520322E+03	-3.54658558423693E-02
 1.99790208310325E+03	-7.38756278191441E-02
 1.99790482100328E+03	-1.11671440985177E-01
 1.99790755890331E+03	-1.39627429279356E-01
 1.99791029680334E+03	-1.43131303376041E-01
 1.99791303470337E+03	-1.12961124080934E-01
 1.99791577260340E+03	-5.00961213491170E-02
 1.99791851050343E+03	 3.76790244982145E-02
 1.99792124840347E+03	 1.39385457937109E-01
 1.99792398630350E+03	 2.39464942544743E-01
 1.99792672420353E+03	 3.15672713347950E-01
 1.99792946210356E+03	 3.43100889403088E-01
 1.99793220000359E+03	 3.04847186915370E-01
 1.99793493790362E+03	 2.02745085036717E-01
 1.99793767580365E+03	 6.00290798994318E-02
 1.99794041370368E+03	-8.72511002878747E-02
 1.99794315160371E+03	-2.04848851396859E-01
 1.99794588950374E+03	-2.71026570616787E-01
 1.99794862740377E+03	-2.78231899477736E-01
 1.99795136530380E+03	-2.30186962998469E-01
 1.99795410320383E+03	-1.41169826058195E-01
 1.99795684110386E+03	-3.66916448263122E-02
 1.99795957900390E+03	 5.14366308136024E-02
 1.99796231690393E+03	 9.79409949814110E-02
 1.99796505480396E+03	 9.67227462928900E-02
 1.99796779270399E+03	 6.20054932195999E-02
 1.99797053060402E+03	 1.57155649415689E-02
 1.99797326850405E+03	-2.81991517976152E-02
 1.99797600640408E+03	-6.84448755358381E-02
 1.99797874430411E+03	-1.07260704484938E-01
 1.99798148220414E+03	-1.39338079152775E-01
 1.99798422010417E+03	-1.51608659486063E-01
 1.99798695800420E+03	-1.32828710870419E-01
 1.99798969590423E+03	-8.09819483787499E-02
 1.99799243380426E+03	-1.88122721688803E-03
 1.99799517170430E+03	 9.53776277218097E-02
 1.99799790960433E+03	 1.98419808091518E-01
 1.99800064750436E+03	 2.88233587705249E-01
 1.99800338540439E+03	 3.39863128384097E-01
 1.99800612330442E+03	 3.30945294181863E-01
 1.99800886120445E+03	 2.53941600054152E-01
 1.99801159910448E+03	 1.23458884130207E-01
 1.99801433700451E+03	-2.77041591099304E-02
 1.99801707490454E+03	-1.62157566615668E-01
 1.99801981280457E+03	-2.51776795236695E-01
 1.99802255070460E+03	-2.83223199498049E-01
 1.99802528860463E+03	-2.55942985167651E-01
 1.99802802650466E+03	-1.80076630511144E-01
 1.99803076440470E+03	-7.72072842333175E-02
 1.99803350230473E+03	 2.16783482619432E-02
 1.99803624020476E+03	 8.64807024261851E-02
 1.99803897810479E+03	 1.02314588269577E-01
 1.99804171600482E+03	 7.62812336716391E-02
 1.99804445390485E+03	 2.96259306182970E-02
 1.99804719180488E+03	-1.86414888189930E-02
 1.99804992970491E+03	-6.20290289019205E-02
 1.99805266760494E+03	-1.02251711896035E-01
 1.99805540550497E+03	-1.37386815048871E-01
 1.99805814340500E+03	-1.56986734108226E-01
 1.99806088130503E+03	-1.48891316957548E-01
 1.99806361920506E+03	-1.08247345450971E-01
 1.99806635710509E+03	-3.87446319824445E-02
 1.99806909500513E+03	 5.20088075798297E-02
 1.99807183290516E+03	 1.54286832130797E-01
 1.99807457080519E+03	 2.52821485262631E-01
 1.99807730870522E+03	 3.24567562230953E-01
 1.99808004660525E+03	 3.44075241243716E-01
 1.99808278450528E+03	 2.95526523253891E-01
 1.99808552240531E+03	 1.83727012153639E-01
 1.99808826030534E+03	 3.54515227928527E-02
 1.99809099820537E+03	-1.11229519937276E-01
 1.99809373610540E+03	-2.22524350154991E-01
 1.99809647400543E+03	-2.78657929133988E-01
 1.99809921190546E+03	-2.74214254498130E-01
 1.99810194980549E+03	-2.15202648390788E-01
 1.99810468770553E+03	-1.18904304517291E-01
 1.99810742560556E+03	-1.37950868565330E-02
 1.99811016350559E+03	 6.74899299383043E-02
 1.99811290140562E+03	 1.02244830717740E-01
 1.99811563930565E+03	 8.89583217177988E-02
 1.99811837720568E+03	 4.53101286335205E-02
 1.99812111510571E+03	-6.46429934243702E-03
 1.99812385300574E+03	-5.40282711425742E-02
 1.99812659090577E+03	-9.64948010726349E-02
 1.99812932880580E+03	-1.34116122189392E-01
 1.99813206670583E+03	-1.59661679900847E-01
 1.99813480460586E+03	-1.61278913812307E-01
 1.99813754250589E+03	-1.31724452307798E-01
 1.99814028040593E+03	-7.23788872535252E-02
 1.99814301830596E+03	 1.04372975091681E-02
 1.99814575620599E+03	 1.08959966194313E-01
 1.99814849410602E+03	 2.11590032897374E-01
 1.99815123200605E+03	 2.98623066428966E-01
 1.99815396990608E+03	 3.43980411897290E-01
 1.99815670780611E+03	 3.25439478482113E-01
 1.99815944570614E+03	 2.37806663233384E-01
 1.99816218360617E+03	 9.94902141769332E-02
 1.99816492150620E+03	-5.36459828325217E-02
 1.99816765940623E+03	-1.83661264914636E-01
 1.99817039730626E+03	-2.64094706251254E-01
 1.99817313520629E+03	-2.83907868381510E-01
 1.99817587310633E+03	-2.44804554218039E-01
 1.99817861100636E+03	-1.59697984232619E-01
 1.99818134890639E+03	-5.33909569642021E-02
 1.99818408680642E+03	 4.12167993260237E-02
 1.99818682470645E+03	 9.53263837639020E-02
 1.99818956260648E+03	 9.82949046851319E-02
 1.99819230050651E+03	 6.16394217435912E-02
 1.99819503840654E+03	 8.30000897936772E-03
 1.99819777630657E+03	-4.38768598118060E-02
 1.99820051420660E+03	-8.96495002142652E-02
 1.99820325210663E+03	-1.29720138590356E-01
 1.99820599000666E+03	-1.60044195089488E-01
 1.99820872790669E+03	-1.70223711664671E-01
 1.99821146580672E+03	-1.51368565750749E-01
 1.99821420370676E+03	-1.02449156135541E-01
 1.99821694160679E+03	-2.84853415475358E-02
 1.99821967950682E+03	 6.40660470656791E-02
 1.99822241740685E+03	 1.66737940037056E-01
 1.99822515530688E+03	 2.63947265676971E-01
 1.99822789320691E+03	 3.31220654903631E-01
 1.99823063110694E+03	 3.42337450449348E-01
 1.99823336900697E+03	 2.82914759905473E-01
 1.99823610690700E+03	 1.61400322432473E-01
 1.99823884480703E+03	 8.47268443977904E-03
 1.99824158270706E+03	-1.36052714034998E-01
 1.99824432060709E+03	-2.39415011731274E-01
 1.99824705850712E+03	-2.84208804257957E-01
 1.99824979640716E+03	-2.67394292427075E-01
 1.99825253430719E+03	-1.97556461921419E-01
 1.99825527220722E+03	-9.51868193113866E-02
 1.99825801010725E+03	 8.52637015924970E-03
 1.99826074800728E+03	 8.08999686064197E-02
 1.99826348590731E+03	 1.02640443355799E-01
 1.99826622380734E+03	 7.71440267808431E-02
 1.99826896170737E+03	 2.51948194847885E-02
 1.99827169960740E+03	-3.11688258867148E-02
 1.99827443750743E+03	-8.12434406814367E-02
 1.99827717540746E+03	-1.24210353423435E-01
 1.99827991330749E+03	-1.58504067972104E-01
 1.99828265120752E+03	-1.76036353956986E-01
 1.99828538910756E+03	-1.67241507024450E-01
 1.99828812700759E+03	-1.28776752948845E-01
 1.99829086490762E+03	-6.41870751227311E-02
 1.99829360280765E+03	 2.09000002703624E-02
 1.99829634070768E+03	 1.20334516162356E-01
 1.99829907860771E+03	 2.22771123053315E-01
 1.99830181650774E+03	 3.07093360213747E-01
 1.99830455440777E+03	 3.45705467428910E-01
 1.99830729230780E+03	 3.16748358688251E-01
 1.99831003020783E+03	 2.18089865975491E-01
 1.99831276810786E+03	 7.25305278257551E-02
 1.99831550600789E+03	-8.10863909762167E-02
 1.99831824390792E+03	-2.04876151415143E-01
 1.99832098180795E+03	-2.74589642957404E-01
 1.99832371970799E+03	-2.81767907354517E-01
 1.99832645760802E+03	-2.30617601874488E-01
 1.99832919550805E+03	-1.37096036123753E-01
 1.99833193340808E+03	-2.91839719457779E-02
 1.99833467130811E+03	 5.89172717786648E-02
 1.99833740920814E+03	 1.00629439367357E-01
 1.99834014710817E+03	 9.01596559606900E-02
 1.99834288500820E+03	 4.33318651296040E-02
 1.99834562290823E+03	-1.57741334894428E-02
 1.99834836080826E+03	-7.07630957202908E-02
 1.99835109870829E+03	-1.17409616333793E-01
 1.99835383660832E+03	-1.55314441844529E-01
 1.99835657450835E+03	-1.79071786112444E-01
 1.99835931240839E+03	-1.79498002141473E-01
 1.99836205030842E+03	-1.51303553793122E-01
 1.99836478820845E+03	-9.63285057997509E-02
 1.99836752610848E+03	-1.95934211230175E-02
 1.99837026400851E+03	 7.41822037096909E-02
 1.99837300190854E+03	 1.77430100441828E-01
 1.99837573980857E+03	 2.73486036666169E-01
 1.99837847770860E+03	 3.35886462271133E-01
 1.99838121560863E+03	 3.37686614667551E-01
 1.99838395350866E+03	 2.66625560939646E-01
 1.99838669140869E+03	 1.35582874690829E-01
 1.99838942930872E+03	-2.06868318469765E-02
 1.99839216720875E+03	-1.61172078481615E-01
 1.99839490510879E+03	-2.54832258867544E-01
 1.99839764300882E+03	-2.87013949439854E-01
 1.99840038090885E+03	-2.57268115450983E-01
 1.99840311880888E+03	-1.77027195261939E-01
 1.99840585670891E+03	-7.01176692786369E-02
 1.99840859460894E+03	 2.99549397910449E-02
 1.99841133250897E+03	 9.13451374296319E-02
 1.99841407040900E+03	 9.90077620179849E-02
 1.99841680830903E+03	 6.14443518842552E-02
 1.99841954620906E+03	 2.07377654244911E-03
 1.99842228410909E+03	-5.77652375462058E-02
 1.99842502200912E+03	-1.08979999214983E-01
 1.99842775990915E+03	-1.50605287725508E-01
 1.99843049780918E+03	-1.79684918925410E-01
 1.99843323570922E+03	-1.88370373997440E-01
 1.99843597360925E+03	-1.70065658388582E-01
 1.99843871150928E+03	-1.24748580815277E-01
 1.99844144940931E+03	-5.67978558897571E-02
 1.99844418730934E+03	 2.97276620833529E-02
 1.99844692520936E+03	 1.30166862050661E-01
 1.99844966310940E+03	 2.32679767849247E-01
 1.99845240100943E+03	 3.14026522972168E-01
 1.99845513890946E+03	 3.44932298821931E-01
 1.99845787680949E+03	 3.04479002090586E-01
 1.99846061470952E+03	 1.94521930509842E-01
 1.99846335260955E+03	 4.27214667928639E-02
 1.99846609050958E+03	-1.09487915108235E-01
 1.99846882840962E+03	-2.25065857566424E-01
 1.99847156630965E+03	-2.82515118589234E-01
 1.99847430420968E+03	-2.76185991415057E-01
 1.99847704210971E+03	-2.13019067785144E-01
 1.99847978000974E+03	-1.12239705587745E-01
 1.99848251790977E+03	-4.83881550822413E-03
 1.99848525580980E+03	 7.44325822652852E-02
 1.99848799370983E+03	 1.02186068683402E-01
 1.99849073160986E+03	 7.79965293420933E-02
 1.99849346950989E+03	 2.17350262236577E-02
 1.99849620740992E+03	-4.19932982496599E-02
 1.99849894530995E+03	-9.84848195704720E-02
 1.99850168320998E+03	-1.44336131294569E-01
 1.99850442111002E+03	-1.78179758831915E-01
 1.99850715901005E+03	-1.94146758219215E-01
 1.99850989691008E+03	-1.85175810828981E-01
 1.99851263481011E+03	-1.49413536578887E-01
 1.99851537271014E+03	-9.03748517247716E-02
 1.99851811061017E+03	-1.19748667679183E-02
 1.99852084851020E+03	 8.29672562756561E-02
 1.99852358641023E+03	 1.87128524233740E-01
 1.99852632431026E+03	 2.81942771635598E-01
 1.99852906221029E+03	 3.38574059563572E-01
 1.99853180011032E+03	 3.29750020798791E-01
 1.99853453801035E+03	 2.46306095124914E-01
 1.99853727591038E+03	 1.06312062784972E-01
 1.99854001381042E+03	-5.15302848707206E-02
 1.99854275171045E+03	-1.85818327802285E-01
 1.99854548961048E+03	-2.67955906489693E-01
 1.99854822751051E+03	-2.86354433764865E-01
 1.99855096541054E+03	-2.43339502934257E-01
 1.99855370331057E+03	-1.53442084244756E-01
 1.99855644121060E+03	-4.38539927851494E-02
 1.99855917911063E+03	 5.01479662400450E-02
 1.99856191701066E+03	 9.85443739837790E-02
 1.99856465491069E+03	 9.13370800700999E-02
 1.99856739281072E+03	 4.21749840853734E-02
 1.99857013071075E+03	-2.34804373999819E-02
 1.99857286861078E+03	-8.54791310951684E-02
 1.99857560651081E+03	-1.36296513655030E-01
 1.99857834441085E+03	-1.74759034043554E-01
 1.99858108231088E+03	-1.97139731823477E-01
 1.99858382021091E+03	-1.96810798268508E-01
 1.99858655811094E+03	-1.70376236061308E-01
 1.99858929601097E+03	-1.20198400793928E-01
 1.99859203391100E+03	-5.02518543665800E-02
 1.99859477181103E+03	 3.74451705320042E-02
 1.99859750971106E+03	 1.39241224999536E-01
 1.99860024761109E+03	 2.41931023318027E-01
 1.99860298551112E+03	 3.19560752677753E-01
 1.99860572341115E+03	 3.41338419343003E-01
 1.99860846131118E+03	 2.88209199303993E-01
 1.99861119921121E+03	 1.67016496331067E-01
 1.99861393711125E+03	 1.04844350162921E-02
 1.99861667501128E+03	-1.38070534465423E-01
 1.99861941291131E+03	-2.43344725611171E-01
 1.99862215081134E+03	-2.87060148548825E-01
 1.99862488871137E+03	-2.66544833178558E-01
 1.99862762661140E+03	-1.91693290843107E-01
 1.99863036451143E+03	-8.51668766671952E-02
 1.99863310241146E+03	 1.93405077017764E-02
 1.99863584031149E+03	 8.74227985293867E-02
 1.99863857821152E+03	 9.98769583292984E-02
 1.99864131611155E+03	 6.20328304508362E-02
 1.99864405401158E+03	-2.62165147224104E-03
 1.99864679191161E+03	-6.96173065712807E-02
 1.99864952981165E+03	-1.26139033854321E-01
 1.99865226771168E+03	-1.69483618304610E-01
 1.99865500561171E+03	-1.97645315764764E-01
 1.99865774351174E+03	-2.05198263567909E-01
 1.99866048141177E+03	-1.87748598671057E-01
 1.99866321931180E+03	-1.46287911689703E-01
 1.99866595721183E+03	-8.47607060763675E-02
 1.99866869511186E+03	-5.21607666801599E-03
 1.99867143301189E+03	 9.11915094616861E-02
 1.99867417091192E+03	 1.96537699772114E-01
 1.99867690881195E+03	 2.89590679298712E-01
 1.99867964671198E+03	 3.39040878421438E-01
 1.99868238461201E+03	 3.18060271432178E-01
 1.99868512251204E+03	 2.21736382510549E-01
 1.99868786041208E+03	 7.38977500779089E-02
 1.99869059831211E+03	-8.32976385979621E-02
 1.99869333621214E+03	-2.09052314778169E-01
 1.99869607411217E+03	-2.77890066546954E-01
 1.99869881201220E+03	-2.81504340453907E-01
 1.99870154991223E+03	-2.25156276767039E-01
 1.99870428781226E+03	-1.26704493498289E-01
 1.99870702571229E+03	-1.66273615735747E-02
 1.99870976361232E+03	 6.87352450966660E-02
 1.99871250151235E+03	 1.02268452294277E-01
 1.99871523941238E+03	 7.97407443741165E-02
 1.99871797731241E+03	 1.97992012473964E-02
 1.99872071521244E+03	-5.07620895920955E-02
 1.99872345311248E+03	-1.13444630705933E-01
 1.99872619101251E+03	-1.62251526231898E-01
 1.99872892891254E+03	-1.95896038345065E-01
 1.99873166681257E+03	-2.10597497140535E-01
 1.99873440471260E+03	-2.01685427473306E-01
 1.99873714261263E+03	-1.68750329250212E-01
 1.99873988051266E+03	-1.15416191391491E-01
 1.99874261841269E+03	-4.42666197313231E-02
 1.99874535631272E+03	 4.47748312216376E-02
 1.99874809421275E+03	 1.48324168808706E-01
 1.99875083211278E+03	 2.50929699085519E-01
 1.99875357001281E+03	 3.23559127315270E-01
 1.99875630791284E+03	 3.34443203673320E-01
 1.99875904581288E+03	 2.67587894721671E-01
 1.99876178371291E+03	 1.35738731424991E-01
 1.99876452161294E+03	-2.34791668330101E-02
 1.99876725951297E+03	-1.65860558199756E-01
 1.99876999741300E+03	-2.58738233594224E-01
 1.99877273531303E+03	-2.87400574831860E-01
 1.99877547321306E+03	-2.52267019103507E-01
 1.99877821111309E+03	-1.66403436953969E-01
 1.99878094901312E+03	-5.60074815847125E-02
 1.99878368691315E+03	 4.29889142036686E-02
 1.99878642481318E+03	 9.75619118822263E-02
 1.99878916271321E+03	 9.36796678941693E-02
 1.99879190061324E+03	 4.26354938375206E-02
 1.99879463851328E+03	-2.90775850834070E-02
 1.99879737641331E+03	-9.78139016487643E-02
 1.99880011431334E+03	-1.52804579387673E-01
 1.99880285221337E+03	-1.92015203856372E-01
 1.99880559011340E+03	-2.13270781971395E-01
 1.99880832801343E+03	-2.12374591576382E-01
 1.99881106591346E+03	-1.87737723860439E-01
 1.99881380381349E+03	-1.42308583426871E-01
 1.99881654171352E+03	-7.93455998423750E-02
 1.99881927961355E+03	 1.32468302465337E-03
 1.99882201751358E+03	 9.96512975584366E-02
 1.99882475541361E+03	 2.06181232984599E-01
 1.99882749331364E+03	 2.96417039331102E-01
 1.99883023121367E+03	 3.36829208239442E-01
 1.99883296911371E+03	 3.02151221231617E-01
 1.99883570701374E+03	 1.92911826638290E-01
 1.99883844491377E+03	 3.89388097358125E-02
 1.99884118281380E+03	-1.15008969224131E-01
 1.99884392071383E+03	-2.29829169796853E-01
 1.99884665861386E+03	-2.83719613466528E-01
 1.99884939651389E+03	-2.71773951641590E-01
 1.99885213441392E+03	-2.02344560876446E-01
 1.99885487231395E+03	-9.68214542308660E-02
 1.99885761021398E+03	 1.12399547924365E-02
 1.99886034811401E+03	 8.53198317034575E-02
 1.99886308601404E+03	 1.02351828901548E-01
 1.99886582391407E+03	 6.44573550277387E-02
 1.99886856181411E+03	-5.08961452543474E-03
 1.99887129971414E+03	-7.89728008718267E-02
 1.99887403761417E+03	-1.40767098524088E-01
 1.99887677551420E+03	-1.85981776907883E-01
 1.99887951341423E+03	-2.13445280329272E-01
 1.99888225131426E+03	-2.20026956561327E-01
 1.99888498921429E+03	-2.03421612426833E-01
 1.99888772711432E+03	-1.65627419453777E-01
 1.99889046501435E+03	-1.10403391166123E-01
 1.99889320291438E+03	-3.83092029626792E-02
 1.99889594081441E+03	 5.25077424944362E-02
 1.99889867871444E+03	 1.58036802137952E-01
 1.99890141661447E+03	 2.59796379335075E-01
 1.99890415451451E+03	 3.25622831643141E-01
 1.99890689241454E+03	 3.23693823520788E-01
 1.99890963031457E+03	 2.42428202021341E-01
 1.99891236821460E+03	 1.01140364497046E-01
 1.99891510611463E+03	-5.82216070196017E-02
 1.99891784401466E+03	-1.91756671929280E-01
 1.99892058191469E+03	-2.70245088150157E-01
 1.99892331981472E+03	-2.82745930860562E-01
 1.99892605771475E+03	-2.32851373923881E-01
 1.99892879561478E+03	-1.37022245417625E-01
 1.99893153351481E+03	-2.50057821862667E-02
 1.99893427141484E+03	 6.56742680281268E-02
 1.99893700931487E+03	 1.04547409610350E-01
 1.99893974721490E+03	 8.36768310130151E-02
 1.99894248511494E+03	 2.02992924441623E-02
 1.99894522301497E+03	-5.68771209212698E-02
 1.99894796091500E+03	-1.25715719960407E-01
 1.99895069881503E+03	-1.77615657083681E-01
 1.99895343671506E+03	-2.11269451683212E-01
 1.99895617461509E+03	-2.24860002307365E-01
 1.99895891251512E+03	-2.15980651293544E-01
 1.99896165041515E+03	-1.85600910986611E-01
 1.99896438831518E+03	-1.37607315689990E-01
 1.99896712621521E+03	-7.37265200799323E-02
 1.99896986411524E+03	 8.39814294516243E-03
 1.99897260201527E+03	 1.09037193249862E-01
 1.99897533991530E+03	 2.16311617903374E-01
 1.99897807781534E+03	 3.02113373162903E-01
 1.99898081571537E+03	 3.31337374217510E-01
 1.99898355361540E+03	 2.81656659924900E-01
 1.99898629151543E+03	 1.60097342175117E-01
 1.99898902941546E+03	 2.30367360697919E-03
 1.99899176731549E+03	-1.45529416821181E-01
 1.99899450521552E+03	-2.47066084234944E-01
 1.99899724311555E+03	-2.84561487797303E-01
 1.99899998101558E+03	-2.56547877223418E-01
 1.99900271891561E+03	-1.74641442093103E-01
 1.99900545681564E+03	-6.39308007256171E-02
 1.99900819471567E+03	 3.93218584302632E-02
 1.99901093261570E+03	 9.94834113624255E-02
 1.99901367051574E+03	 9.87037459544839E-02
 1.99901640841577E+03	 4.58467949983131E-02
 1.99901914631580E+03	-3.17985926632324E-02
 1.99902188421583E+03	-1.07273570792293E-01
 1.99902462211586E+03	-1.66591245305346E-01
 1.99902736001589E+03	-2.06771584491809E-01
 1.99903009791592E+03	-2.27071580417881E-01
 1.99903283581595E+03	-2.25595142845354E-01
 1.99903557371598E+03	-2.02455764063727E-01
 1.99903831161601E+03	-1.61247429704099E-01
 1.99904104951604E+03	-1.04898833032414E-01
 1.99904378741607E+03	-3.17018197821202E-02
 1.99904652531610E+03	 6.13714985337477E-02
 1.99904926321613E+03	 1.68751910548085E-01
 1.99905200111617E+03	 2.68336130577250E-01
 1.99905473901620E+03	 3.25144113375704E-01
 1.99905747691623E+03	 3.08563979018570E-01
 1.99906021481626E+03	 2.12779324811463E-01
 1.99906295271629E+03	 6.39584608743310E-02
 1.99906569061632E+03	-9.26085509955310E-02
 1.99906842851635E+03	-2.14602627381277E-01
 1.99907116641638E+03	-2.76893958779677E-01
 1.99907390431641E+03	-2.72379535205180E-01
 1.99907664221644E+03	-2.07906402703280E-01
 1.99907938011647E+03	-1.03562495558912E-01
 1.99908211801650E+03	 7.45963988609065E-03
 1.99908485591653E+03	 8.68967854197565E-02
 1.99908759381657E+03	 1.08112344351710E-01
 1.99909033171660E+03	 7.00584147918985E-02
 1.99909306961663E+03	-4.37672451771604E-03
 1.99909580751666E+03	-8.52166814777931E-02
 1.99909854541669E+03	-1.52483230340467E-01
 1.99910128331672E+03	-1.99830254312043E-01
 1.99910402121675E+03	-2.26804146745162E-01
 1.99910675911678E+03	-2.32440683424080E-01
 1.99910949701681E+03	-2.16396653106475E-01
 1.99911223491684E+03	-1.81655943864255E-01
 1.99911497281687E+03	-1.32066169098299E-01
 1.99911771071690E+03	-6.73261032602199E-02
 1.99912044861693E+03	 1.67347233140678E-02
 1.99912318651697E+03	 1.19821893311940E-01
 1.99912592441700E+03	 2.26859999603481E-01
 1.99912866231703E+03	 3.06108307602131E-01
 1.99913140021706E+03	 3.21912815104348E-01
 1.99913413811709E+03	 2.56396821271426E-01
 1.99913687601712E+03	 1.23847196430153E-01
 1.99913961391715E+03	-3.49192357341529E-02
 1.99914235181718E+03	-1.73644798362452E-01
 1.99914508971721E+03	-2.59705354955163E-01
 1.99914782761724E+03	-2.79607548136538E-01
 1.99915056551727E+03	-2.35318534204232E-01
 1.99915330341730E+03	-1.41927061333120E-01
 1.99915604131733E+03	-2.83270284673683E-02
 1.99915877921737E+03	 6.70806085956326E-02
 1.99916151711740E+03	 1.10796838651868E-01
 1.99916425501743E+03	 9.13170830298097E-02
 1.99916699291746E+03	 2.43753987566672E-02
 1.99916973081749E+03	-5.95767582568693E-02
 1.99917246871752E+03	-1.34843052157561E-01
 1.99917520661755E+03	-1.90166678742718E-01
 1.99917794451758E+03	-2.24104129752970E-01
 1.99918068241761E+03	-2.36674458677411E-01
 1.99918342031764E+03	-2.27599974617333E-01
 1.99918615821767E+03	-1.99148781136022E-01
 1.99918889611770E+03	-1.55626399095814E-01
 1.99919163401773E+03	-9.84457790067661E-02
 1.99919437191776E+03	-2.37444821363264E-02
 1.99919710981780E+03	 7.19119141521067E-02
 1.99919984771783E+03	 1.80527706040225E-01
 1.99920258561786E+03	 2.76050999161611E-01
 1.99920532351789E+03	 3.21388654188655E-01
 1.99920806141792E+03	 2.88650204686666E-01
 1.99921079931795E+03	 1.78968531016038E-01
 1.99921353721798E+03	 2.51811616823225E-02
 1.99921627511801E+03	-1.25394240963919E-01
 1.99921901301804E+03	-2.33256910679901E-01
 1.99922175091807E+03	-2.77790375400558E-01
 1.99922448881810E+03	-2.55691859617600E-01
 1.99922722671813E+03	-1.77182359511377E-01
 1.99922996461816E+03	-6.62071329952558E-02
 1.99923270251820E+03	 4.08603678450433E-02
 1.99923544041823E+03	 1.06095400810532E-01
 1.99923817831826E+03	 1.08038999322574E-01
 1.99924091621829E+03	 5.31167811827905E-02
 1.99924365411832E+03	-3.07231381650423E-02
 1.99924639201835E+03	-1.13298499866090E-01
 1.99924912991838E+03	-1.77366734729511E-01
 1.99925186781841E+03	-2.18884795037791E-01
 1.99925460571844E+03	-2.38410866836287E-01
 1.99925734361847E+03	-2.36213722556779E-01
 1.99926008151850E+03	-2.13991768136640E-01
 1.99926281941853E+03	-1.76034172721021E-01
 1.99926555731856E+03	-1.25360444776574E-01
 1.99926829521860E+03	-5.95046341718387E-02
 1.99927103311863E+03	 2.69229986530864E-02
 1.99927377101866E+03	 1.32180848396944E-01
 1.99927650891869E+03	 2.37429355333081E-01
 1.99927924681872E+03	 3.07635422328117E-01
 1.99928198471875E+03	 3.07952428559717E-01
 1.99928472261878E+03	 2.26441426553697E-01
 1.99928746051881E+03	 8.49906516955687E-02
 1.99929019841884E+03	-7.14916344749122E-02
 1.99929293631887E+03	-1.98137182898071E-01
 1.99929567421890E+03	-2.66766837218688E-01
 1.99929841211893E+03	-2.68158403492923E-01
 1.99930115001896E+03	-2.07716874504807E-01
 1.99930388791899E+03	-1.04256988156732E-01
 1.99930662581903E+03	 9.51592011288163E-03
 1.99930936371906E+03	 9.38666864633637E-02
 1.99931210161909E+03	 1.18835865424922E-01
 1.99931483951912E+03	 8.02734481680438E-02
 1.99931757741915E+03	 5.91658738280175E-04
 1.99932031531918E+03	-8.76635296568804E-02
 1.99932305321921E+03	-1.60936040341136E-01
 1.99932579111924E+03	-2.10903055545501E-01
 1.99932852901927E+03	-2.37687575742206E-01
 1.99933126691930E+03	-2.42354921270893E-01
 1.99933400481933E+03	-2.26388223951983E-01
 1.99933674271936E+03	-1.93721684317562E-01
 1.99933948061939E+03	-1.48573636971519E-01
 1.99934221851943E+03	-9.04891475507265E-02
 1.99934495641946E+03	-1.38368461450337E-02
 1.99934769431949E+03	 8.44031203889473E-02
 1.99935043221952E+03	 1.93083594538407E-01
 1.99935317011955E+03	 2.82191086279108E-01
 1.99935590801958E+03	 3.13594016161448E-01
 1.99935864591961E+03	 2.63752803132068E-01
 1.99936138381964E+03	 1.41609956747995E-01
 1.99936412171967E+03	-1.40119279899536E-02
 1.99936685961970E+03	-1.55300874554762E-01
 1.99936959751973E+03	-2.46652059556767E-01
 1.99937233541976E+03	-2.72152324052729E-01
 1.99937507331979E+03	-2.32209191556074E-01
 1.99937781121983E+03	-1.40603699437447E-01
 1.99938054911986E+03	-2.53379912914361E-02
 1.99938328701989E+03	 7.45099273198881E-02
 1.99938602491992E+03	 1.22662225324288E-01
 1.99938876281995E+03	 1.04172823370227E-01
 1.99939150071998E+03	 3.32339643167247E-02
 1.99939423862001E+03	-5.80417600607587E-02
 1.99939697652004E+03	-1.40385670936105E-01
 1.99939971442007E+03	-1.99760474648360E-01
 1.99940245232010E+03	-2.34427749400807E-01
 1.99940519022013E+03	-2.46098058383867E-01
 1.99940792812016E+03	-2.36480391364754E-01
 1.99941066602019E+03	-2.09047427635655E-01
 1.99941340392022E+03	-1.68671799885624E-01
 1.99941614182026E+03	-1.17037094304850E-01
 1.99941887972029E+03	-4.96789614107525E-02
 1.99942161762032E+03	 3.93114751060932E-02
 1.99942435552035E+03	 1.45952836205568E-01
 1.99942709342038E+03	 2.47328125325071E-01
 1.99942983132041E+03	 3.05824477608070E-01
 1.99943256922044E+03	 2.88996472483892E-01
 1.99943530712047E+03	 1.92142934470180E-01
 1.99943804502050E+03	 4.45885098693765E-02
 1.99944078292053E+03	-1.06104931141408E-01
 1.99944352082056E+03	-2.17851670563124E-01
 1.99944625872059E+03	-2.67387154857931E-01
 1.99944899662062E+03	-2.49650090627864E-01
 1.99945173452066E+03	-1.73542916644483E-01
 1.99945447242069E+03	-6.18947924594820E-02
 1.99945721032072E+03	 4.89278031598424E-02
 1.99945994822075E+03	 1.18928604482658E-01
 1.99946268612078E+03	 1.23201386737274E-01
 1.99946542402081E+03	 6.57431728829067E-02
 1.99946816192084E+03	-2.49060656091271E-02
 1.99947089982087E+03	-1.15339830551248E-01
 1.99947363772090E+03	-1.84935990926722E-01
 1.99947637562093E+03	-2.28407877363063E-01
 1.99947911352096E+03	-2.47451901959946E-01
 1.99948185142099E+03	-2.44355081747276E-01
 1.99948458932102E+03	-2.22272588000533E-01
 1.99948732722106E+03	-1.86222759060373E-01
 1.99949006512109E+03	-1.39747790014073E-01
 1.99949280302112E+03	-8.04877885599331E-02
 1.99949554092115E+03	-1.58274186107618E-03
 1.99949827882118E+03	 9.87949975408724E-02
 1.99950101672121E+03	 2.05816973308125E-01
 1.99950375462124E+03	 2.85834494326743E-01
 1.99950649252127E+03	 3.01070533952960E-01
 1.99950923042130E+03	 2.33932495609672E-01
 1.99951196832133E+03	 1.01582277554483E-01
 1.99951470622136E+03	-5.23244796667802E-02
 1.99951744412139E+03	-1.81092237360209E-01
 1.99952018202142E+03	-2.53839541378525E-01
 1.99952291992146E+03	-2.59335924776710E-01
 1.99952565782149E+03	-2.01620755093723E-01
 1.99952839572152E+03	-9.83029430926346E-02
 1.99953113362155E+03	 1.84393615708550E-02
 1.99953387152158E+03	 1.07566079119659E-01
 1.99953660942161E+03	 1.35965495927768E-01
 1.99953934732164E+03	 9.64349624472543E-02
 1.99954208522167E+03	 1.08613485763707E-02
 1.99954482312170E+03	-8.56513556517674E-02
 1.99954756102173E+03	-1.65852972066123E-01
 1.99955029892176E+03	-2.19242416853677E-01
 1.99955303682179E+03	-2.46327052503249E-01
 1.99955577472182E+03	-2.50044443912521E-01
 1.99955851262185E+03	-2.33559084805884E-01
 1.99956125052189E+03	-2.01703767612895E-01
 1.99956398842192E+03	-1.59341088659644E-01
 1.99956672632195E+03	-1.06616202146482E-01
 1.99956946422198E+03	-3.74312157615367E-02
 1.99957220212201E+03	 5.39445026722400E-02
 1.99957494002204E+03	 1.60641304331674E-01
 1.99957767792207E+03	 2.55636424263030E-01
 1.99958041582210E+03	 2.99803134222987E-01
 1.99958315372213E+03	 2.64805285060444E-01
 1.99958589162216E+03	 1.54138797838885E-01
 1.99958862952219E+03	 3.86904295533051E-03
 1.99959136742222E+03	-1.37458543588803E-01
 1.99959410532225E+03	-2.31748698851808E-01
 1.99959684322229E+03	-2.60846214150598E-01
 1.99959958112232E+03	-2.23677103624400E-01
 1.99960231902235E+03	-1.32798236976445E-01
 1.99960505692238E+03	-1.53431257622105E-02
 1.99960779482241E+03	 8.90349997227738E-02
 1.99961053272244E+03	 1.41434384920741E-01
 1.99961327062247E+03	 1.23542741231740E-01
 1.99961600852250E+03	 4.79791936650074E-02
 1.99961874642253E+03	-5.15074374795076E-02
 1.99962148432256E+03	-1.41976882400895E-01
 1.99962422222259E+03	-2.06395688828288E-01
 1.99962696012262E+03	-2.42501410410413E-01
 1.99962969802265E+03	-2.53515747856950E-01
 1.99963243592269E+03	-2.42979581151673E-01
 1.99963517382272E+03	-2.15462230427914E-01
 1.99963791172275E+03	-1.76532838058351E-01
 1.99964064962278E+03	-1.28743160467048E-01
 1.99964338752281E+03	-6.80248262224621E-02
 1.99964612542284E+03	 1.31353703064583E-02
 1.99964886332287E+03	 1.14700633896345E-01
 1.99965160122290E+03	 2.17854859789767E-01
 1.99965433912293E+03	 2.85984395945602E-01
 1.99965707702296E+03	 2.83292936672012E-01
 1.99965981492299E+03	 1.99538550530680E-01
 1.99966255282302E+03	 5.99812768128195E-02
 1.99966529072305E+03	-8.84226104412178E-02
 1.99966802862308E+03	-2.01634340750216E-01
 1.99967076652312E+03	-2.54019543443806E-01
 1.99967350442315E+03	-2.38854712453818E-01
 1.99967624232318E+03	-1.63807474006132E-01
 1.99967898022321E+03	-5.06553445428027E-02
 1.99968171812324E+03	 6.42786553301306E-02
 1.99968445602327E+03	 1.39046743103411E-01
 1.99968719392330E+03	 1.45380346642189E-01
 1.99968993182333E+03	 8.48314776811339E-02
 1.99969266972336E+03	-1.35072575775238E-02
 1.99969540762339E+03	-1.12933288224559E-01
 1.99969814552342E+03	-1.89228041757529E-01
 1.99970088342345E+03	-2.35594250704215E-01
 1.99970362132348E+03	-2.54648809799259E-01
 1.99970635922352E+03	-2.50528692968189E-01
 1.99970909712355E+03	-2.27705514824339E-01
 1.99971183502358E+03	-1.91939630030428E-01
 1.99971457292361E+03	-1.47717339813601E-01
 1.99971731082364E+03	-9.36996753769440E-02
 1.99972004872367E+03	-2.25927302958190E-02
 1.99972278662370E+03	 7.05370900068495E-02
 1.99972552452373E+03	 1.75451834075680E-01
 1.99972826242376E+03	 2.61294351756779E-01
 1.99973100032379E+03	 2.88797255942616E-01
 1.99973373822382E+03	 2.35412070704021E-01
 1.99973647612385E+03	 1.13325836972335E-01
 1.99973921402388E+03	-3.58467581310699E-02
 1.99974195192392E+03	-1.64328394204327E-01
 1.99974468982395E+03	-2.38939725611478E-01
 1.99974742772398E+03	-2.46584168873262E-01
 1.99975016562401E+03	-1.90015786528859E-01
 1.99975290352404E+03	-8.57210829252348E-02
 1.99975564142407E+03	 3.46303577748202E-02
 1.99975837932410E+03	 1.28767539670128E-01
 1.99976111722413E+03	 1.60505351812058E-01
 1.99976385512416E+03	 1.19581778471493E-01
 1.99976659302419E+03	 2.73043036248023E-02
 1.99976933092422E+03	-7.86304234414089E-02
 1.99977206882425E+03	-1.67077662791743E-01
 1.99977480672428E+03	-2.25060832811546E-01
 1.99977754462431E+03	-2.53205102613048E-01
 1.99978028252435E+03	-2.56126300473067E-01
 1.99978302042438E+03	-2.38511050550717E-01
 1.99978575832441E+03	-2.06019882419236E-01
 1.99978849622444E+03	-1.64409471864168E-01
 1.99979123412447E+03	-1.15192685350330E-01
 1.99979397202450E+03	-5.28999770545628E-02
 1.99979670992453E+03	 3.01191870229445E-02
 1.99979944782456E+03	 1.31420718585622E-01
 1.99980218572459E+03	 2.28131063398035E-01
 1.99980492362462E+03	 2.81671705778802E-01
 1.99980766152465E+03	 2.59974179865897E-01
 1.99981039942468E+03	 1.61208445584484E-01
 1.99981313732471E+03	 1.80556549529505E-02
 1.99981587522475E+03	-1.21009033748241E-01
 1.99981861312478E+03	-2.15939222399713E-01
 1.99982135102481E+03	-2.46558029941713E-01
 1.99982408892484E+03	-2.10397063413608E-01
 1.99982682682487E+03	-1.18874361427654E-01
 1.99982956472490E+03	 1.68849267833303E-03
 1.99983230262493E+03	 1.11089010032722E-01
 1.99983504052496E+03	 1.67861833757576E-01
 1.99983777842499E+03	 1.50325393527420E-01
 1.99984051632502E+03	 6.94573208514087E-02
 1.99984325422505E+03	-3.93672801343857E-02
 1.99984599212508E+03	-1.39372524667037E-01
 1.99984873002511E+03	-2.10217910867174E-01
 1.99985146792515E+03	-2.48797439570374E-01
 1.99985420582518E+03	-2.59607885671645E-01
 1.99985694372521E+03	-2.47845165404011E-01
 1.99985968162524E+03	-2.19050773841820E-01
 1.99986241952527E+03	-1.79591693178639E-01
 1.99986515742530E+03	-1.33471496578149E-01
 1.99986789532533E+03	-7.80702842192277E-02
 1.99987063322536E+03	-5.29329385803473E-03
 1.99987337112539E+03	 8.84873340124159E-02
 1.99987610902542E+03	 1.89357476155718E-01
 1.99987884692545E+03	 2.63201575747606E-01
 1.99988158482548E+03	 2.72220321475024E-01
 1.99988432272551E+03	 2.01148984963917E-01
 1.99988706062555E+03	 7.08127865068219E-02
 1.99988979852558E+03	-7.32209955794687E-02
 1.99989253642561E+03	-1.85620043173947E-01
 1.99989527432564E+03	-2.38707436052561E-01
 1.99989801222567E+03	-2.24213542407195E-01
 1.99990075012570E+03	-1.48651314417009E-01
 1.99990348802573E+03	-3.28224306865541E-02
 1.99990622592576E+03	 8.69777477497869E-02
 1.99990896382579E+03	 1.66884241290149E-01
 1.99991170172582E+03	 1.75261191222380E-01
 1.99991443962585E+03	 1.11134710048142E-01
 1.99991717752588E+03	 4.09200098349215E-03
 1.99991991542591E+03	-1.05760094986009E-01
 1.99992265332594E+03	-1.90306190046028E-01
 1.99992539122598E+03	-2.40872199752128E-01
 1.99992812912601E+03	-2.60702283862409E-01
 1.99993086702604E+03	-2.55579234554874E-01
 1.99993360492607E+03	-2.31133995210047E-01
 1.99993634282610E+03	-1.93855303519050E-01
 1.99993908072613E+03	-1.49564297064693E-01
 1.99994181862616E+03	-9.88710371897481E-02
 1.99994455652619E+03	-3.51912057701675E-02
 1.99994729442622E+03	 4.88555695055977E-02
 1.99995003232625E+03	 1.47997601686984E-01
 1.99995277022628E+03	 2.35478797276567E-01
 1.99995550812631E+03	 2.72053640790771E-01
 1.99995824602634E+03	 2.31116449098814E-01
 1.99996098392638E+03	 1.19842396120013E-01
 1.99996372182641E+03	-2.28649438681882E-02
 1.99996645972644E+03	-1.48885191682908E-01
 1.99996919762647E+03	-2.23191499145795E-01
 1.99997193552650E+03	-2.30995499489588E-01
 1.99997467342653E+03	-1.73846034090942E-01
 1.99997741132656E+03	-6.71862837608484E-02
 1.99998014922659E+03	 5.77773122244826E-02
 1.99998288712662E+03	 1.57549614426801E-01
 1.99998562502665E+03	 1.92861523801573E-01
 1.99998836292668E+03	 1.50301693553054E-01
 1.99999110082671E+03	 5.04934958598237E-02
 1.99999383872674E+03	-6.62369782613610E-02
 1.99999657662678E+03	-1.64589324387772E-01
 1.99999931452681E+03	-2.28716506187377E-01
 2.00000205242684E+03	-2.59002933453657E-01
 2.00000479032687E+03	-2.61494636738247E-01
 2.00000752822690E+03	-2.42218853340299E-01
 2.00001026612693E+03	-2.07570256975088E-01
 2.00001300402696E+03	-1.64412101303001E-01
 2.00001574192699E+03	-1.16373488268433E-01
 2.00001847982702E+03	-5.97659220117677E-02
 2.00002121772705E+03	 1.40280755844037E-02
 2.00002395562708E+03	 1.06920326649230E-01
 2.00002669352711E+03	 2.01182419825136E-01
 2.00002943142714E+03	 2.60318705785185E-01
 2.00003216932717E+03	 2.49745384857032E-01
 2.00003490722721E+03	 1.62647039105162E-01
 2.00003764512724E+03	 2.78585304257783E-02
 2.00004038302727E+03	-1.06967767150698E-01
 2.00004312092730E+03	-2.00404283037068E-01
 2.00004585882733E+03	-2.30514165227827E-01
 2.00004859672736E+03	-1.93531494383702E-01
 2.00005133462739E+03	-9.98095312878784E-02
 2.00005407252742E+03	 2.50814500271857E-02
 2.00005681042745E+03	 1.40372908786483E-01
 2.00005954832748E+03	 2.02018418028118E-01
 2.00006228622751E+03	 1.84873140549525E-01
 2.00006502412754E+03	 9.81284721917910E-02
 2.00006776202757E+03	-2.12578141834704E-02
 2.00007049992761E+03	-1.32481587630515E-01
 2.00007323782764E+03	-2.11500194319815E-01
 2.00007597572767E+03	-2.53943317946142E-01
 2.00007871362770E+03	-2.65273044049581E-01
 2.00008145152773E+03	-2.52129705342403E-01
 2.00008418942776E+03	-2.20881953092355E-01
 2.00008692732779E+03	-1.78759642022026E-01
 2.00008966522782E+03	-1.31761760333030E-01
 2.00009240312785E+03	-7.97809433778503E-02
 2.00009514102788E+03	-1.52785320001300E-02
 2.00009787892791E+03	 6.85511944494822E-02
 2.00010061682794E+03	 1.63289843332821E-01
 2.00010335472797E+03	 2.38729636784727E-01
 2.00010609262801E+03	 2.56500863716790E-01
 2.00010883052804E+03	 1.97037325724121E-01
 2.00011156842807E+03	 7.65581193836377E-02
 2.00011430632810E+03	-6.14414552432192E-02
 2.00011704422813E+03	-1.70997407761589E-01
 2.00011978212816E+03	-2.22760161142135E-01
 2.00012252002819E+03	-2.07052743667552E-01
 2.00012525792822E+03	-1.29304338085517E-01
 2.00012799582825E+03	-9.40395080199279E-03
 2.00013073372828E+03	 1.16348308382294E-01
 2.00013347162831E+03	 2.02147491756084E-01
 2.00013620952834E+03	 2.12898884403690E-01
 2.00013894742837E+03	 1.44929498644352E-01
 2.00014168532840E+03	 2.81967051916738E-02
 2.00014442322844E+03	-9.36892924357801E-02
 2.00014716112847E+03	-1.88357064235150E-01
 2.00014989902850E+03	-2.44789672413213E-01
 2.00015263692853E+03	-2.66474625594764E-01
 2.00015537482856E+03	-2.60586214536039E-01
 2.00015811272859E+03	-2.33734826717007E-01
 2.00016085062862E+03	-1.93092704757572E-01
 2.00016358852865E+03	-1.46157057813574E-01
 2.00016632642868E+03	-9.63888048271567E-02
 2.00016906432871E+03	-3.91182383582256E-02
 2.00017180222874E+03	 3.46485216742922E-02
 2.00017454012877E+03	 1.24754652729571E-01
 2.00017727802880E+03	 2.09695155482582E-01
 2.00018001592884E+03	 2.51763035101719E-01
 2.00018275382887E+03	 2.21355637399813E-01
 2.00018549172890E+03	 1.20812646521396E-01
 2.00018822962893E+03	-1.41963285107550E-02
 2.00019096752896E+03	-1.35909658614353E-01
 2.00019370542899E+03	-2.07936082038691E-01
 2.00019644332902E+03	-2.14003669839639E-01
 2.00019918122905E+03	-1.54536216507490E-01
 2.00020191912908E+03	-4.39921030174397E-02
 2.00020465702911E+03	 8.68468167950587E-02
 2.00020739492914E+03	 1.93237121450022E-01
 2.00021013282917E+03	 2.32743869907361E-01
 2.00021287072920E+03	 1.88620089381815E-01
 2.00021560862924E+03	 8.06087231071524E-02
 2.00021834652927E+03	-4.83458056273285E-02
 2.00022108442930E+03	-1.58502617432054E-01
 2.00022382232933E+03	-2.30663429674988E-01
 2.00022656022936E+03	-2.64512482617684E-01
 2.00022929812939E+03	-2.67209107109378E-01
 2.00023203602942E+03	-2.45908876545283E-01
 2.00023477392945E+03	-2.07620960632368E-01
 2.00023751182948E+03	-1.60478345788680E-01
 2.00024024972951E+03	-1.10922593086817E-01
 2.00024298762954E+03	-5.82083551320237E-02
 2.00024572552957E+03	 6.17080604012511E-03
 2.00024846342960E+03	 8.81924701857114E-02
 2.00025120132964E+03	 1.76058342096224E-01
 2.00025393922967E+03	 2.36811623416548E-01
 2.00025667712970E+03	 2.34668091232600E-01
 2.00025941502973E+03	 1.58371355975956E-01
 2.00026215292976E+03	 3.26320773680554E-02
 2.00026489082979E+03	-9.63899412910027E-02
 2.00026762872982E+03	-1.86466121591577E-01
 2.00027036662985E+03	-2.14200057727668E-01
 2.00027310452988E+03	-1.74638512848774E-01
 2.00027584242991E+03	-7.71246670870709E-02
 2.00027858032994E+03	 5.34858954108255E-02
 2.00028131822997E+03	 1.75838289515333E-01
 2.00028405613000E+03	 2.43240276760243E-01
 2.00028679403003E+03	 2.26901897268989E-01
 2.00028953193007E+03	 1.33977825564730E-01
 2.00029226983010E+03	 2.88216910189354E-03
 2.00029500773013E+03	-1.21377535674916E-01
 2.00029774563016E+03	-2.10602135203131E-01
 2.00030048353019E+03	-2.58635732509724E-01
 2.00030322143022E+03	-2.71510060133649E-01
 2.00030595933025E+03	-2.57055134027436E-01
 2.00030869723028E+03	-2.22297689168064E-01
 2.00031143513031E+03	-1.75352547788641E-01
 2.00031417303034E+03	-1.24692319872590E-01
 2.00031691093037E+03	-7.37510809658426E-02
 2.00031964883040E+03	-1.67509283311050E-02
 2.00032238673043E+03	 5.56156152683267E-02
 2.00032512463047E+03	 1.40782165733897E-01
 2.00032786253050E+03	 2.13704123868689E-01
 2.00033060043053E+03	 2.36893112325541E-01
 2.00033333833056E+03	 1.87371577156012E-01
 2.00033607623059E+03	 7.67849853974005E-02
 2.00033881413062E+03	-5.39977303674450E-02
 2.00034155203065E+03	-1.59019048595055E-01
 2.00034428993068E+03	-2.07660154470737E-01
 2.00034702783071E+03	-1.89001629756859E-01
 2.00034976573074E+03	-1.07449361017451E-01
 2.00035250363077E+03	 1.79896252486282E-02
 2.00035524153080E+03	 1.50998945146157E-01
 2.00035797943083E+03	 2.43792582464404E-01
 2.00036071733087E+03	 2.57657262207876E-01
 2.00036345523090E+03	 1.85940928267008E-01
 2.00036619313093E+03	 5.87378352095810E-02
 2.00036893103096E+03	-7.67990938432893E-02
 2.00037166893099E+03	-1.83661130314272E-01
 2.00037440683102E+03	-2.47935072041965E-01
 2.00037714473105E+03	-2.72870789709301E-01
 2.00037988263108E+03	-2.66719059326687E-01
 2.00038262053111E+03	-2.36862522641909E-01
 2.00038535843114E+03	-1.91077773965114E-01
 2.00038809633117E+03	-1.38812638022590E-01
 2.00039083423120E+03	-8.72131750454170E-02
 2.00039357213123E+03	-3.47372777518454E-02
 2.00039631003126E+03	 2.82505582913496E-02
 2.00039904793130E+03	 1.06620862001894E-01
 2.00040178583133E+03	 1.85056876438528E-01
 2.00040452373136E+03	 2.28841102164429E-01
 2.00040726163139E+03	 2.06544588194770E-01
 2.00040999953142E+03	 1.16048766327350E-01
 2.00041273743145E+03	-1.05665411953401E-02
 2.00041547533148E+03	-1.26534803991584E-01
 2.00041821323151E+03	-1.94599882071565E-01
 2.00042095113154E+03	-1.97248400947664E-01
 2.00042368903157E+03	-1.33862470167412E-01
 2.00042642693160E+03	-1.79425370038536E-02
 2.00042916483163E+03	 1.20154225870168E-01
 2.00043190273166E+03	 2.34423245595842E-01
 2.00043464063170E+03	 2.79141994248210E-01
 2.00043737853173E+03	 2.33947227935995E-01
 2.00044011643176E+03	 1.17382565954084E-01
 2.00044285433179E+03	-2.50979838999521E-02
 2.00044559223182E+03	-1.49050237028884E-01
 2.00044833013185E+03	-2.31382816083248E-01
 2.00045106803188E+03	-2.70521925386116E-01
 2.00045380593191E+03	-2.74346279873467E-01
 2.00045654383194E+03	-2.50891322785175E-01
 2.00045928173197E+03	-2.07633920749007E-01
 2.00046201963200E+03	-1.54080816290852E-01
 2.00046475753203E+03	-1.00096740529118E-01
 2.00046749543206E+03	-4.89969595436657E-02
 2.00047023333210E+03	 6.46021208631885E-03
 2.00047297123213E+03	 7.58203266759001E-02
 2.00047570913216E+03	 1.53753173477247E-01
 2.00047844703219E+03	 2.12150759694266E-01
 2.00048118493222E+03	 2.15377787466090E-01
 2.00048392283225E+03	 1.48454126221388E-01
 2.00048666073228E+03	 3.18790227920639E-02
 2.00048939863231E+03	-9.02408736972132E-02
 2.00049213653234E+03	-1.75444046380099E-01
 2.00049487443237E+03	-1.99207854050352E-01
 2.00049761233240E+03	-1.55519363384063E-01
 2.00050035023243E+03	-5.27436415327217E-02
 2.00050308813246E+03	 8.49892963418240E-02
 2.00050582603249E+03	 2.15755185673519E-01
 2.00050856393253E+03	 2.90144165365733E-01
 2.00051130183256E+03	 2.75469291239762E-01
 2.00051403973259E+03	 1.76476274220590E-01
 2.00051677763262E+03	 3.27831979994166E-02
 2.00051951553265E+03	-1.06291438283318E-01
 2.00052225343268E+03	-2.07914393598739E-01
 2.00052499133271E+03	-2.63535576564556E-01
 2.00052772923274E+03	-2.79271807263239E-01
 2.00053046713277E+03	-2.63838743568172E-01
 2.00053320503280E+03	-2.24727743772962E-01
 2.00053594293283E+03	-1.70913965964388E-01
 2.00053868083286E+03	-1.13732582870749E-01
 2.00054141873289E+03	-6.11030608456594E-02
 2.00054415663293E+03	-1.02220655674720E-02
 2.00054689453296E+03	 4.98872585340967E-02
 2.00054963243299E+03	 1.22614531125274E-01
 2.00055237033302E+03	 1.89122067356580E-01
 2.00055510823305E+03	 2.14203908043430E-01
 2.00055784613308E+03	 1.72481914283280E-01
 2.00056058403311E+03	 7.12541006680197E-02
 2.00056332193314E+03	-5.16434526119203E-02
 2.00056605983317E+03	-1.50848613392435E-01
 2.00056879773320E+03	-1.94897624274028E-01
 2.00057153563323E+03	-1.71821375201169E-01
 2.00057427353326E+03	-8.50544799485877E-02
 2.00057701143329E+03	 4.72940463400463E-02
 2.00057974933333E+03	 1.88936093173105E-01
 2.00058248723336E+03	 2.90089301571999E-01
 2.00058522513339E+03	 3.08225268922117E-01
 2.00058796303342E+03	 2.33326734225863E-01
 2.00059070093345E+03	 9.52507335672014E-02
 2.00059343883348E+03	-5.53767454879093E-02
 2.00059617673351E+03	-1.76550801485529E-01
 2.00059891463354E+03	-2.50845718900759E-01
 2.00060165253357E+03	-2.80700462423004E-01
 2.00060439043360E+03	-2.75063537897178E-01
 2.00060712833363E+03	-2.41855369262380E-01
 2.00060986623366E+03	-1.89344030284574E-01
 2.00061260413369E+03	-1.29121334267771E-01
 2.00061534203373E+03	-7.27433299759622E-02
 2.00061807993376E+03	-2.29558511730709E-02
 2.00062081783379E+03	 2.94572185360607E-02
 2.00062355573382E+03	 9.40781133771244E-02
 2.00062629363385E+03	 1.62461542442744E-01
 2.00062903153388E+03	 2.04196003979531E-01
 2.00063176943391E+03	 1.87245852473537E-01
 2.00063450733394E+03	 1.05584080119005E-01
 2.00063724523397E+03	-1.24807717052581E-02
 2.00063998313400E+03	-1.21723721726819E-01
 2.00064272103403E+03	-1.84520963660970E-01
 2.00064545893406E+03	-1.82390499253022E-01
 2.00064819683409E+03	-1.13763455115303E-01
 2.00065093473412E+03	 8.82816277503361E-03
 2.00065367263416E+03	 1.55517359383031E-01
 2.00065641053419E+03	 2.79079937076053E-01
 2.00065914843422E+03	 3.30384810674655E-01
 2.00066188633425E+03	 2.85094266810970E-01
 2.00066462423428E+03	 1.60094064495834E-01
 2.00066736213431E+03	 3.09844900287025E-03
 2.00067010003434E+03	-1.36552833250006E-01
 2.00067283793437E+03	-2.31307325135576E-01
 2.00067557583440E+03	-2.77691275292900E-01
 2.00067831373443E+03	-2.83833257340634E-01
 2.00068105163446E+03	-2.58364760983051E-01
 2.00068378953449E+03	-2.09059813993100E-01
 2.00068652743452E+03	-1.46837790142844E-01
 2.00068926533456E+03	-8.54801468836804E-02
 2.00069200323459E+03	-3.33777392445564E-02
 2.00069474113462E+03	 1.42775711204207E-02
 2.00069747903465E+03	 6.99237206418546E-02
 2.00070021693468E+03	 1.34969494920370E-01
 2.00070295483471E+03	 1.87259350430088E-01
 2.00070569273474E+03	 1.92621649771062E-01
 2.00070843063477E+03	 1.33197013969711E-01
 2.00071116853480E+03	 2.53683360591922E-02
 2.00071390643483E+03	-8.92438235280416E-02
 2.00071664433486E+03	-1.68478552229835E-01
 2.00071938223489E+03	-1.87043733668579E-01
 2.00072212013492E+03	-1.38014774577624E-01
 2.00072485803496E+03	-2.87885665364868E-02
 2.00072759593499E+03	 1.17305848913316E-01
 2.00073033383502E+03	 2.57866782473485E-01
 2.00073307173505E+03	 3.40733003641004E-01
 2.00073580963508E+03	 3.29029332496291E-01
 2.00073854753511E+03	 2.24598104004296E-01
 2.00074128543514E+03	 6.78512010663957E-02
 2.00074402333517E+03	-8.75896180384089E-02
 2.00074676123520E+03	-2.03798867088306E-01
 2.00074949913523E+03	-2.69160922455890E-01
 2.00075223703526E+03	-2.89312308670437E-01
 2.00075497493529E+03	-2.73503819273220E-01
 2.00075771283532E+03	-2.29478867442059E-01
 2.00076045073535E+03	-1.67002478035685E-01
 2.00076318863539E+03	-1.00551601456132E-01
 2.00076592653542E+03	-4.33396952005429E-02
 2.00076866443545E+03	 3.30468426590356E-03
 2.00077140233548E+03	 5.10874826784374E-02
 2.00077414023551E+03	 1.09209267574233E-01
 2.00077687813554E+03	 1.65826413424825E-01
 2.00077961603557E+03	 1.89296441792991E-01
 2.00078235393560E+03	 1.52912604361126E-01
 2.00078509183563E+03	 6.00193338058315E-02
 2.00078782973566E+03	-5.48310847132254E-02
 2.00079056763569E+03	-1.47389383599758E-01
 2.00079330553572E+03	-1.85776623626188E-01
 2.00079604343575E+03	-1.57193712546079E-01
 2.00079878133579E+03	-6.41516565373468E-02
 2.00080151923582E+03	 7.62090035905147E-02
 2.00080425713585E+03	 2.27758215232283E-01
 2.00080699503588E+03	 3.38772318959911E-01
 2.00080973293591E+03	 3.62714816355250E-01
 2.00081247083594E+03	 2.85726877005475E-01
 2.00081520873597E+03	 1.36896353928188E-01
 2.00081794663600E+03	-2.98977855827593E-02
 2.00082068453603E+03	-1.67364395359934E-01
 2.00082342243606E+03	-2.53920126304283E-01
 2.00082616033609E+03	-2.90543846150254E-01
 2.00082889823612E+03	-2.86445819402375E-01
 2.00083163613615E+03	-2.49829333740372E-01
 2.00083437403619E+03	-1.89313375820116E-01
 2.00083711193622E+03	-1.18736297984035E-01
 2.00083984983625E+03	-5.46399974193715E-02
 2.00084258773628E+03	-5.10154963372209E-03
 2.00084532563631E+03	 3.75872997901916E-02
 2.00084806353634E+03	 8.72028720874354E-02
 2.00085080143637E+03	 1.42576265010835E-01
 2.00085353933640E+03	 1.78721996483609E-01
 2.00085627723643E+03	 1.64198498599096E-01
 2.00085901513646E+03	 8.97497079215257E-02
 2.00086175303649E+03	-2.01012620392216E-02
 2.00086449093652E+03	-1.22110174994221E-01
 2.00086722883655E+03	-1.78761092626604E-01
 2.00086996673658E+03	-1.70900491311028E-01
 2.00087270463662E+03	-9.61107499897983E-02
 2.00087544253665E+03	 3.40926847056822E-02
 2.00087818043668E+03	 1.90482890139338E-01
 2.00088091833671E+03	 3.24751216237350E-01
 2.00088365623674E+03	 3.84283178416398E-01
 2.00088639413677E+03	 3.40360848844645E-01
 2.00088913203680E+03	 2.07613476195929E-01
 2.00089186993683E+03	 3.55951846154645E-02
 2.00089460783686E+03	-1.21382324494042E-01
 2.00089734573689E+03	-2.30752296861916E-01
 2.00090008363692E+03	-2.86440287055346E-01
 2.00090282153695E+03	-2.96291548050247E-01
 2.00090555943698E+03	-2.69223218722503E-01
 2.00090829733702E+03	-2.13121780304705E-01
 2.00091103523705E+03	-1.40292727527227E-01
 2.00091377313708E+03	-6.87837488210783E-02
 2.00091651103711E+03	-1.29162452848874E-02
 2.00091924893714E+03	 2.85690220769892E-02
 2.00092198683717E+03	 7.01951085724804E-02
 2.00092472473720E+03	 1.20112667374042E-01
 2.00092746263723E+03	 1.62968412106777E-01
 2.00093020053726E+03	 1.67265527206346E-01
 2.00093293843729E+03	 1.13180179806671E-01
 2.00093567633732E+03	 1.32326041001501E-02
 2.00093841423735E+03	-9.37401802886968E-02
 2.00094115213738E+03	-1.66357004225026E-01
 2.00094389003742E+03	-1.78924435753320E-01
 2.00094662793745E+03	-1.23776085168411E-01
 2.00094936583748E+03	-7.33296138952614E-03
 2.00095210373751E+03	 1.48025710463768E-01
 2.00095484163754E+03	 2.99618302465712E-01
 2.00095757953757E+03	 3.92581534049006E-01
 2.00096031743760E+03	 3.85561503284558E-01
 2.00096305533763E+03	 2.76896475133152E-01
 2.00096579323766E+03	 1.07208298839469E-01
 2.00096853113769E+03	-6.57400263214385E-02
 2.00097126903772E+03	-1.98536170211531E-01
 2.00097400693775E+03	-2.75798305941469E-01
 2.00097674483778E+03	-3.02055212972866E-01
 2.00097948273782E+03	-2.86707522938567E-01
 2.00098222063785E+03	-2.37531010427240E-01
 2.00098495853788E+03	-1.64971426630961E-01
 2.00098769643791E+03	-8.68029515057540E-02
 2.00099043433794E+03	-2.21599328819065E-02
 2.00099317223797E+03	 2.24648997779374E-02
 2.00099591013800E+03	 5.85193218067306E-02
 2.00099864803803E+03	 1.00643224210824E-01
 2.00100138593806E+03	 1.44490101289993E-01
 2.00100412383809E+03	 1.63079542276840E-01
 2.00100686173812E+03	 1.29443757056555E-01
 2.00100959963815E+03	 4.34951364143934E-02
 2.00101233753818E+03	-6.35987050380611E-02
 2.00101507543821E+03	-1.49131272812042E-01
 2.00101781333825E+03	-1.81227534343017E-01
 2.00102055123828E+03	-1.46501815656565E-01
 2.00102328913831E+03	-4.65905772471248E-02
 2.00102602703834E+03	 1.02459409755993E-01
 2.00102876493837E+03	 2.64911093295736E-01
 2.00103150283840E+03	 3.87264706993332E-01
 2.00103424073843E+03	 4.18831612752398E-01
 2.00103697863846E+03	 3.41374867846691E-01
 2.00103971653849E+03	 1.82523906146949E-01
 2.00104245443852E+03	-9.88016067103024E-04
 2.00104519233855E+03	-1.56405007246603E-01
 2.00104793023858E+03	-2.57351533405406E-01
 2.00105066813861E+03	-3.02647399762294E-01
 2.00105340603865E+03	-3.01287214925115E-01
 2.00105614393868E+03	-2.61495677092660E-01
 2.00105888183871E+03	-1.92086812122432E-01
 2.00106161973874E+03	-1.09154863736450E-01
 2.00106435763877E+03	-3.46218851257629E-02
 2.00106709553880E+03	 1.72397817006093E-02
 2.00106983343883E+03	 5.15836880887206E-02
 2.00107257133886E+03	 8.57038971258921E-02
 2.00107530923889E+03	 1.25830243226902E-01
 2.00107804713892E+03	 1.53278099633681E-01
 2.00108078503895E+03	 1.38314570080525E-01
 2.00108352293898E+03	 6.92098136257905E-02
 2.00108626083901E+03	-3.31662201395250E-02
 2.00108899873905E+03	-1.27873998142575E-01
 2.00109173663908E+03	-1.77941984149751E-01
 2.00109447453911E+03	-1.63858055012369E-01
 2.00109721243914E+03	-8.24737320097837E-02
 2.00109995033917E+03	 5.57923988759815E-02
 2.00110268823920E+03	 2.22596842048049E-01
 2.00110542613923E+03	 3.68806252143956E-01
 2.00110816403926E+03	 4.38339163639321E-01
 2.00111090193929E+03	 3.97684489708852E-01
 2.00111363983932E+03	 2.58493087489869E-01
 2.00111637773935E+03	 7.15538089549382E-02
 2.00111911563938E+03	-1.03925701028332E-01
 2.00112185353941E+03	-2.29868086443156E-01
 2.00112459143944E+03	-2.96871694858265E-01
 2.00112732933948E+03	-3.11922598462889E-01
 2.00113006723951E+03	-2.83902598351368E-01
 2.00113280513954E+03	-2.20627412258090E-01
 2.00113554303957E+03	-1.35703835545154E-01
 2.00113828093960E+03	-5.16331983631190E-02
 2.00114101883963E+03	 1.06884589102351E-02
 2.00114375673966E+03	 4.79795545824398E-02
 2.00114649463969E+03	 7.59682179893940E-02
 2.00114923253972E+03	 1.09301100162401E-01
 2.00115197043975E+03	 1.39993922796465E-01
 2.00115470833978E+03	 1.40270809339159E-01
 2.00115744623981E+03	 8.92662247683764E-02
 2.00116018413984E+03	-3.98629905690073E-03
 2.00116292203988E+03	-1.03599074381022E-01
 2.00116565993991E+03	-1.69380718865621E-01
 2.00116839783994E+03	-1.75603413497509E-01
 2.00117113573997E+03	-1.14050974151167E-01
 2.00117387364000E+03	 9.84879184634205E-03
 2.00117661154003E+03	 1.74888277770914E-01
 2.00117934944006E+03	 3.38428761753646E-01
 2.00118208734009E+03	 4.43077239847966E-01
 2.00118482524012E+03	 4.42757011176503E-01
 2.00118756314015E+03	 3.31626358461779E-01
 2.00119030104018E+03	 1.49762101597770E-01
 2.00119303894021E+03	-4.12736778135555E-02
 2.00119577684024E+03	-1.92291397821555E-01
 2.00119851474028E+03	-2.83451247601220E-01
 2.00120125264031E+03	-3.17511533786961E-01
 2.00120399054034E+03	-3.03621315017900E-01
 2.00120672844037E+03	-2.49379449555985E-01
 2.00120946634040E+03	-1.65778394437969E-01
 2.00121220424043E+03	-7.39167160799603E-02
 2.00121494214046E+03	 7.41347217451024E-04
 2.00121768004049E+03	 4.56956379411205E-02
 2.00122041794052E+03	 7.11692562867682E-02
 2.00122315584055E+03	 9.66835508992122E-02
 2.00122589374058E+03	 1.25601762196052E-01
 2.00122863164061E+03	 1.36473297707254E-01
 2.00123136954064E+03	 1.03068115225878E-01
 2.00123410744067E+03	 2.24663630330993E-02
 2.00123684534071E+03	-7.75176530863305E-02
 2.00123958324074E+03	-1.56054520534729E-01
 2.00124232114077E+03	-1.81667080088196E-01
 2.00124505904080E+03	-1.40645735505150E-01
 2.00124779694083E+03	-3.38103684404773E-02
 2.00125053484085E+03	 1.24058672403545E-01
 2.00125327274089E+03	 2.97965614827452E-01
 2.00125601064092E+03	 4.32940699525024E-01
 2.00125874854095E+03	 4.74093519802534E-01
 2.00126148644098E+03	 3.98253735839048E-01
 2.00126422434101E+03	 2.30764573131161E-01
 2.00126696224104E+03	 3.06246373009073E-02
 2.00126970014107E+03	-1.43913051391578E-01
 2.00127243804111E+03	-2.61097326420371E-01
 2.00127517594114E+03	-3.16872595446127E-01
 2.00127791384117E+03	-3.19521140813137E-01
 2.00128065174120E+03	-2.77039818197160E-01
 2.00128338964123E+03	-1.98284276504273E-01
 2.00128612754126E+03	-1.01527387389899E-01
 2.00128886544129E+03	-1.42637237320867E-02
 2.00129160334132E+03	 4.24066915124345E-02
 2.00129434124135E+03	 7.01464765456737E-02
 2.00129707914138E+03	 8.89886105431480E-02
 2.00129981704141E+03	 1.12418475226162E-01
 2.00130255494144E+03	 1.28652494060653E-01
 2.00130529284147E+03	 1.10635866239532E-01
 2.00130803074151E+03	 4.49383061800239E-02
 2.00131076864154E+03	-5.09767603342083E-02
 2.00131350654157E+03	-1.38685327427782E-01
 2.00131624444160E+03	-1.82144831717562E-01
 2.00131898234163E+03	-1.61804604374530E-01
 2.00132172024166E+03	-7.39233727076859E-02
 2.00132445814169E+03	 7.22783627148218E-02
 2.00132719604172E+03	 2.49674976139561E-01
 2.00132993394175E+03	 4.08711857832368E-01
 2.00133267184178E+03	 4.89988416183124E-01
 2.00133540974181E+03	 4.54827072575108E-01
 2.00133814764184E+03	 3.11088120255495E-01
 2.00134088554187E+03	 1.10009672047425E-01
 2.00134362344191E+03	-8.45572493836792E-02
 2.00134636134194E+03	-2.28624385031317E-01
 2.00134909924197E+03	-3.08747395706196E-01
 2.00135183714200E+03	-3.30460998373358E-01
 2.00135457504203E+03	-3.02300019031243E-01
 2.00135731294206E+03	-2.31847143095371E-01
 2.00136005084209E+03	-1.33881776699572E-01
 2.00136278874212E+03	-3.53787348687375E-02
 2.00136552664215E+03	 3.57950212280766E-02
 2.00136826454218E+03	 7.10115259205103E-02
 2.00137100244221E+03	 8.63163682698822E-02
 2.00137374034224E+03	 1.02395546132271E-01
 2.00137647824227E+03	 1.18910416774238E-01
 2.00137921614230E+03	 1.12640610705751E-01
 2.00138195404234E+03	 6.25495976669861E-02
 2.00138469194237E+03	-2.53617728659892E-02
 2.00138742984240E+03	-1.18203726274427E-01
 2.00139016774243E+03	-1.77307762107451E-01
 2.00139290564246E+03	-1.77266207496739E-01
 2.00139564354249E+03	-1.09527390633307E-01
 2.00139838144252E+03	 2.14892468632737E-02
 2.00140111934255E+03	 1.96031976131270E-01
 2.00140385724258E+03	 3.71959790257305E-01
 2.00140659514261E+03	 4.89675939509554E-01
 2.00140933304264E+03	 4.98229924506913E-01
 2.00141207094267E+03	 3.86892357906046E-01
 2.00141480884270E+03	 1.94289556239590E-01
 2.00141754674274E+03	-1.47499260893712E-02
 2.00142028464277E+03	-1.85106479706978E-01
 2.00142302254280E+03	-2.91838361278708E-01
 2.00142576044283E+03	-3.35266118906404E-01
 2.00142849834286E+03	-3.23891386885747E-01
 2.00143123624289E+03	-2.64956896003352E-01
 2.00143397414292E+03	-1.69861722830000E-01
 2.00143671204295E+03	-6.29345233799786E-02
 2.00143944994298E+03	 2.38595909164703E-02
 2.00144218784301E+03	 7.14096271207961E-02
 2.00144492574304E+03	 8.78346140919102E-02
 2.00144766364307E+03	 9.68470101988733E-02
 2.00145040154310E+03	 1.09457928493879E-01
 2.00145313944314E+03	 1.10355251171520E-01
 2.00145587734317E+03	 7.49216100152693E-02
 2.00145861524320E+03	-1.96923426374518E-03
 2.00146135314323E+03	-9.57198923750566E-02
 2.00146409104326E+03	-1.67617248752199E-01
 2.00146682894329E+03	-1.86940009520571E-01
 2.00146956684332E+03	-1.39932341401484E-01
 2.00147230474335E+03	-2.66739250934898E-02
 2.00147504264338E+03	 1.39525912038055E-01
 2.00147778054341E+03	 3.24869309367676E-01
 2.00148051844344E+03	 4.73381891364436E-01
 2.00148325634347E+03	 5.26057472815317E-01
 2.00148599424350E+03	 4.54267275417342E-01
 2.00148873214353E+03	 2.80137036854550E-01
 2.00149147004357E+03	 6.41571096766007E-02
 2.00149420794360E+03	-1.30059770547636E-01
 2.00149694584363E+03	-2.64892367484444E-01
 2.00149968374366E+03	-3.32710453523354E-01
 2.00150242164369E+03	-3.40592222009276E-01
 2.00150515954372E+03	-2.96088887850159E-01
 2.00150789744375E+03	-2.07966843871261E-01
 2.00151063534378E+03	-9.65291225137178E-02
 2.00151337324381E+03	 5.17091634476474E-03
 2.00151611114384E+03	 6.88394349259032E-02
 2.00151884904387E+03	 9.18823978734558E-02
 2.00152158694390E+03	 9.62528916226198E-02
 2.00152432484393E+03	 1.02319654867321E-01
 2.00152706274397E+03	 1.05519223330000E-01
 2.00152980064400E+03	 8.22558539750747E-02
 2.00153253854403E+03	 1.81357838725458E-02
 2.00153527644406E+03	-7.24613798112385E-02
 2.00153801434409E+03	-1.53735904471106E-01
 2.00154075224412E+03	-1.90899472814428E-01
 2.00154349014415E+03	-1.64682669413585E-01
 2.00154622804418E+03	-7.09151134564128E-02
 2.00154896594421E+03	 8.24860488370352E-02
 2.00155170384424E+03	 2.70024341332484E-01
 2.00155444174427E+03	 4.42275969639251E-01
 2.00155717964430E+03	 5.36831805419896E-01
 2.00155991754433E+03	 5.09563019230549E-01
 2.00156265544437E+03	 3.63682762135706E-01
 2.00156539334440E+03	 1.49934432199110E-01
 2.00156813124443E+03	-6.36271595960919E-02
 2.00157086914446E+03	-2.26831680429099E-01
 2.00157360704449E+03	-3.21524328028281E-01
 2.00157634494452E+03	-3.51207236623389E-01
 2.00157908284455E+03	-3.23785093025267E-01
 2.00158182074458E+03	-2.46485307538803E-01
 2.00158455864461E+03	-1.35107157409206E-01
 2.00158729654464E+03	-2.09601829836063E-02
 2.00159003444467E+03	 6.09861971011618E-02
 2.00159277234470E+03	 9.61855392503828E-02
 2.00159551024473E+03	 1.00168942533446E-01
 2.00159824814476E+03	 9.90463498834472E-02
 2.00160098604480E+03	 1.00127231928819E-01
 2.00160372394483E+03	 8.53438923513278E-02
 2.00160646184486E+03	 3.42574709432405E-02
 2.00160919974489E+03	-4.96775498239803E-02
 2.00161193764492E+03	-1.36522904407134E-01
 2.00161467554495E+03	-1.89388315535379E-01
 2.00161741344498E+03	-1.83520117431564E-01
 2.00162015134501E+03	-1.10268594180613E-01
 2.00162288924504E+03	 2.69529245657677E-02
 2.00162562714507E+03	 2.10175031818567E-01
 2.00162836504510E+03	 3.98333518362800E-01
 2.00163110294513E+03	 5.30125862720640E-01
 2.00163384084516E+03	 5.49713319499755E-01
 2.00163657874520E+03	 4.40791215926624E-01
 2.00163931664523E+03	 2.39515902848776E-01
 2.00164205454526E+03	 1.32643506368398E-02
 2.00164479244529E+03	-1.76923128037981E-01
 2.00164753034532E+03	-3.00443164107060E-01
 2.00165026824535E+03	-3.54537153323899E-01
 2.00165300614538E+03	-3.46688875826058E-01
 2.00165574404541E+03	-2.83652725346569E-01
 2.00165848194544E+03	-1.77108607210579E-01
 2.00166121984547E+03	-5.44173820622975E-02
 2.00166395774550E+03	 4.60221274150568E-02
 2.00166669564553E+03	 9.81546215768347E-02
 2.00166943354556E+03	 1.07258929921033E-01
 2.00167217144560E+03	 1.00476205868799E-01
 2.00167490934563E+03	 9.61652095312588E-02
 2.00167764724566E+03	 8.54969706496868E-02
 2.00168038514569E+03	 4.61788269672613E-02
 2.00168312304572E+03	-2.85179435764412E-02
 2.00168586094575E+03	-1.17003594154743E-01
 2.00168859884578E+03	-1.82833322478376E-01
 2.00169133674581E+03	-1.96357354501867E-01
 2.00169407464584E+03	-1.44063255212175E-01
 2.00169681254587E+03	-2.53967092235024E-02
 2.00169955044590E+03	 1.48017852270452E-01
 2.00170228834593E+03	 3.44127322660987E-01
 2.00170502624596E+03	 5.06581407874566E-01
 2.00170776414600E+03	 5.72513062225603E-01
 2.00171050204603E+03	 5.07392510235650E-01
 2.00171323994606E+03	 3.29141134455706E-01
 2.00171597784609E+03	 9.88039333414396E-02
 2.00171871574612E+03	-1.14966186469564E-01
 2.00172145364615E+03	-2.68305476092634E-01
 2.00172419154618E+03	-3.49359878535118E-01
 2.00172692944621E+03	-3.63538321571738E-01
 2.00172966734624E+03	-3.17774860727598E-01
 2.00173240524627E+03	-2.20656237672698E-01
 2.00173514314630E+03	-9.43179463788356E-02
 2.00173788104633E+03	 2.28341449640541E-02
 2.00174061894636E+03	 9.52239565146997E-02
 2.00174335684639E+03	 1.15448142042365E-01
 2.00174609474643E+03	 1.06581796122376E-01
 2.00174883264646E+03	 9.53271332997954E-02
 2.00175157054649E+03	 8.43956183035656E-02
 2.00175430844652E+03	 5.42204599193729E-02
 2.00175704634655E+03	-9.89912362430493E-03
 2.00175978424658E+03	-9.63075599672199E-02
 2.00176252214661E+03	-1.71853484715069E-01
 2.00176526004664E+03	-2.03267134655545E-01
 2.00176799794667E+03	-1.71874674937243E-01
 2.00177073584670E+03	-7.32724275701572E-02
 2.00177347374673E+03	 8.60134740358415E-02
 2.00177621164676E+03	 2.82578487992274E-01
 2.00177894954679E+03	 4.67820623323043E-01
 2.00178168744683E+03	 5.76815329585958E-01
 2.00178442534686E+03	 5.59833375573212E-01
 2.00178716324689E+03	 4.14594448879387E-01
 2.00178990114692E+03	 1.90280982637939E-01
 2.00179263904695E+03	-4.14726807608500E-02
 2.00179537694698E+03	-2.24198057139288E-01
 2.00179811484701E+03	-3.34443631940564E-01
 2.00180085274704E+03	-3.73133025391364E-01
 2.00180359064707E+03	-3.47299808926148E-01
 2.00180632854710E+03	-2.63747805631550E-01
 2.00180906644713E+03	-1.39140903941391E-01
 2.00181180434716E+03	-8.84855488100302E-03
 2.00181454224719E+03	 8.51843852606582E-02
 2.00181728014723E+03	 1.22178948696219E-01
 2.00182001804726E+03	 1.16428473697348E-01
 2.00182275594729E+03	 9.87521167601776E-02
 2.00182549384732E+03	 8.38723520378824E-02
 2.00182823174735E+03	 5.92312470771292E-02
 2.00183096964738E+03	 5.62007052351224E-03
 2.00183370754741E+03	-7.55756983945309E-02
 2.00183644544744E+03	-1.57254049380768E-01
 2.00183918334747E+03	-2.04485704778946E-01
 2.00184192124750E+03	-1.93479275085405E-01
 2.00184465914753E+03	-1.15749356405194E-01
 2.00184739704756E+03	 2.62591869474417E-02
 2.00185013494759E+03	 2.16699193340953E-01
 2.00185287284762E+03	 4.16265128071474E-01
 2.00185561074766E+03	 5.62623298316759E-01
 2.00185834864769E+03	 5.95205705782240E-01
 2.00186108654772E+03	 4.91520767859372E-01
 2.00186382444775E+03	 2.84169914157569E-01
 2.00186656234778E+03	 4.21932583076685E-02
 2.00186930024781E+03	-1.67635061422830E-01
 2.00187203814784E+03	-3.08606776864071E-01
 2.00187477604787E+03	-3.74295875616506E-01
 2.00187751394790E+03	-3.70837452881793E-01
 2.00188025184793E+03	-3.04422055323002E-01
 2.00188298974796E+03	-1.86916447140207E-01
 2.00188572764799E+03	-4.84383871105436E-02
 2.00188846554802E+03	 6.64645127490269E-02
 2.00189120344806E+03	 1.24734045412460E-01
 2.00189394134809E+03	 1.28254631288281E-01
 2.00189667924812E+03	 1.06821063118685E-01
 2.00189941714815E+03	 8.56526176730326E-02
 2.00190215504818E+03	 6.25023859190411E-02
 2.00190489294821E+03	 1.79325656844944E-02
 2.00190763084824E+03	-5.58441146731935E-02
 2.00191036874827E+03	-1.39995747047433E-01
 2.00191310664830E+03	-2.00423754367668E-01
 2.00191584454833E+03	-2.08821159212587E-01
 2.00191858244836E+03	-1.52218864596751E-01
 2.00192132034839E+03	-2.95773133837530E-02
 2.00192405824842E+03	 1.49358763180416E-01
 2.00192679614846E+03	 3.54888123538646E-01
 2.00192953404849E+03	 5.31066222065220E-01
 2.00193227194852E+03	 6.11612038559950E-01
 2.00193500984855E+03	 5.55786200247785E-01
 2.00193774774858E+03	 3.76319737066716E-01
 2.00194048564861E+03	 1.33745349537906E-01
 2.00194322354864E+03	-9.87476088015811E-02
 2.00194596144867E+03	-2.70829737106314E-01
 2.00194869934870E+03	-3.65853422462124E-01
 2.00195143724873E+03	-3.87136014719437E-01
 2.00195417514876E+03	-3.40875809735055E-01
 2.00195691304879E+03	-2.35441454077975E-01
 2.00195965094882E+03	-9.45785987001708E-02
 2.00196238884885E+03	 3.83237386791801E-02
 2.00196512674889E+03	 1.20582956398451E-01
 2.00196786464892E+03	 1.39666590735286E-01
 2.00197060254895E+03	 1.19045768104219E-01
 2.00197334044898E+03	 9.10880945356419E-02
 2.00197607834901E+03	 6.56078411944951E-02
 2.00197881624904E+03	 2.74256599783113E-02
 2.00198155414907E+03	-3.79194841872147E-02
 2.00198429204910E+03	-1.21133852848178E-01
 2.00198702994913E+03	-1.91674506294258E-01
 2.00198976784916E+03	-2.17996595146842E-01
 2.00199250574919E+03	-1.82327747638375E-01
 2.00199524364922E+03	-8.02660683178672E-02
 2.00199798154925E+03	 8.30984851362522E-02
 2.00200071944929E+03	 2.86933164867333E-01
 2.00200345734932E+03	 4.84264201317447E-01
 2.00200619524935E+03	 6.08334399843585E-01
 2.00200893314938E+03	 6.03842401581127E-01
 2.00201167104941E+03	 4.62237462912282E-01
 2.00201440894944E+03	 2.29999446049808E-01
 2.00201714684947E+03	-1.84535469105631E-02
 2.00201988474950E+03	-2.20412874125738E-01
 2.00202262264953E+03	-3.46655406810976E-01
 2.00202536054956E+03	-3.95035156715910E-01
 2.00202809844959E+03	-3.71521429264304E-01
 2.00203083634962E+03	-2.82485159407775E-01
 2.00203357424965E+03	-1.45316052487635E-01
 2.00203631214969E+03	 9.34757767131217E-04
 2.00203905004972E+03	 1.07704156321178E-01
 2.00204178794975E+03	 1.47923838342320E-01
 2.00204452584978E+03	 1.34071388518661E-01
 2.00204726374981E+03	 1.00920683607242E-01
 2.00205000164984E+03	 7.01864684526549E-02
 2.00205273954987E+03	 3.49570478312362E-02
 2.00205547744990E+03	-2.22653884327961E-02
 2.00205821534993E+03	-1.01728092798168E-01
 2.00206095324996E+03	-1.79007445045303E-01
 2.00206369114999E+03	-2.21254737952240E-01
 2.00206642905002E+03	-2.05921648522560E-01
 2.00206916695005E+03	-1.24976773332513E-01
 2.00207190485009E+03	 2.00111153410626E-02
 2.00207464275012E+03	 2.15635614579290E-01
 2.00207738065015E+03	 4.25101156710933E-01
 2.00208011855018E+03	 5.85885114278729E-01
 2.00208285645021E+03	 6.33050698763231E-01
 2.00208559435024E+03	 5.37439786514441E-01
 2.00208833225027E+03	 3.27004845402084E-01
 2.00209107015030E+03	 7.14253481039664E-02
 2.00209380805033E+03	-1.57162566864447E-01
 2.00209654595036E+03	-3.15646360880782E-01
 2.00209928385039E+03	-3.93420527002512E-01
 2.00210202175042E+03	-3.94987268232202E-01
 2.00210475965045E+03	-3.25954458969766E-01
 2.00210749755048E+03	-1.98324483656951E-01
 2.00211023545052E+03	-4.46493841835368E-02
 2.00211297335055E+03	 8.48393578312702E-02
 2.00211571125058E+03	 1.50276645611244E-01
 2.00211844915061E+03	 1.49797335126695E-01
 2.00212118705064E+03	 1.15113844835119E-01
 2.00212392495067E+03	 7.76920898899867E-02
 2.00212666285070E+03	 4.17581788402757E-02
 2.00212940075073E+03	-8.92089271326288E-03
 2.00213213865076E+03	-8.27315461416595E-02
 2.00213487655079E+03	-1.63338012251864E-01
 2.00213761445082E+03	-2.19007503090283E-01
 2.00214035235085E+03	-2.23004151495683E-01
 2.00214309025088E+03	-1.63211903488927E-01
 2.00214582815092E+03	-3.83101997790469E-02
 2.00214856605095E+03	 1.43979863027003E-01
 2.00215130395098E+03	 3.56937066711938E-01
 2.00215404185101E+03	 5.45933693015363E-01
 2.00215677975104E+03	 6.41925258672301E-01
 2.00215951765107E+03	 5.97835566608848E-01
 2.00216225555110E+03	 4.20281079864144E-01
 2.00216499345113E+03	 1.68128320907775E-01
 2.00216773135116E+03	-8.15781368305235E-02
 2.00217046925119E+03	-2.71991150386299E-01
 2.00217320715122E+03	-3.81204840814982E-01
 2.00217594505125E+03	-4.10076011091339E-01
 2.00217868295128E+03	-3.63998904213223E-01
 2.00218142085132E+03	-2.51139932284455E-01
 2.00218415875135E+03	-9.66309903304258E-02
 2.00218689665138E+03	 5.16474145966218E-02
 2.00218963455141E+03	 1.44310108284324E-01
 2.00219237245144E+03	 1.63604329492817E-01
 2.00219511035147E+03	 1.32780322019333E-01
 2.00219784825150E+03	 8.91455034811672E-02
 2.00220058615153E+03	 4.92701080125701E-02
 2.00220332405156E+03	 2.52943029927150E-03
 2.00220606195159E+03	-6.48731984008910E-02
 2.00220879985162E+03	-1.45668129188941E-01
 2.00221153775165E+03	-2.11837714369806E-01
 2.00221427565168E+03	-2.33716682150435E-01
 2.00221701355171E+03	-1.94730323714873E-01
 2.00221975145175E+03	-9.07598036407597E-02
 2.00222248935178E+03	 7.45176710633340E-02
 2.00222522725181E+03	 2.83297329383731E-01
 2.00222796515184E+03	 4.91120385944409E-01
 2.00223070305187E+03	 6.30263980974015E-01
 2.00223344095190E+03	 6.40094532140340E-01
 2.00223617885193E+03	 5.05142992299636E-01
 2.00223891675196E+03	 2.68023756430698E-01
 2.00224165465199E+03	 4.99338696946246E-03
 2.00224439255202E+03	-2.15243822059279E-01
 2.00224713045205E+03	-3.57355419430501E-01
 2.00224986835208E+03	-4.15704642680736E-01
 2.00225260625211E+03	-3.95049067540970E-01
 2.00225534415215E+03	-3.01371648586230E-01
 2.00225808205218E+03	-1.52678664168076E-01
 2.00226081995221E+03	 8.74108848028552E-03
 2.00226355785224E+03	 1.28247686825823E-01
 2.00226629575227E+03	 1.72659357077508E-01
 2.00226903365230E+03	 1.52222596555318E-01
 2.00227177155233E+03	 1.04925237431411E-01
 2.00227450945236E+03	 5.89286472379846E-02
 2.00227724735239E+03	 1.29207517959899E-02
 2.00227998525242E+03	-4.85532631970044E-02
 2.00228272315245E+03	-1.26998828113998E-01
 2.00228546105248E+03	-2.00493616284640E-01
 2.00228819895251E+03	-2.38337442620456E-01
 2.00229093685255E+03	-2.19478690715687E-01
 2.00229367475258E+03	-1.36659325891065E-01
 2.00229641265261E+03	 9.26187863642628E-03
 2.00229915055264E+03	 2.07578091930986E-01
 2.00230188845267E+03	 4.24781873126701E-01
 2.00230462635270E+03	 5.99150044055848E-01
 2.00230736425273E+03	 6.61956748107437E-01
 2.00231010215276E+03	 5.77082508921875E-01
 2.00231284005279E+03	 3.66788454133172E-01
 2.00231557795282E+03	 1.00268020988906E-01
 2.00231831585285E+03	-1.45537397317615E-01
 2.00232105375288E+03	-3.20978418879136E-01
 2.00232379165291E+03	-4.10853658056433E-01
 2.00232652955294E+03	-4.17796071919759E-01
 2.00232926745298E+03	-3.46859625796776E-01
 2.00233200535301E+03	-2.10176333261330E-01
 2.00233474325304E+03	-4.23920257890537E-02
 2.00233748115307E+03	 1.01173658506318E-01
 2.00234021905310E+03	 1.74258198724394E-01
 2.00234295695313E+03	 1.71086461626839E-01
 2.00234569485316E+03	 1.24630966012131E-01
 2.00234843275319E+03	 7.19256841027590E-02
 2.00235117065322E+03	 2.34043427401425E-02
 2.00235390855325E+03	-3.37716964540508E-02
 2.00235664645328E+03	-1.08223364278766E-01
 2.00235938435331E+03	-1.85859851121491E-01
 2.00236212225334E+03	-2.37291571249464E-01
 2.00236486015338E+03	-2.37542807169965E-01
 2.00236759805341E+03	-1.75669877734051E-01
 2.00237033595344E+03	-5.03427274950908E-02
 2.00237307385347E+03	 1.32801568729223E-01
 2.00237581175350E+03	 3.50625556668324E-01
 2.00237854965353E+03	 5.50824035379048E-01
 2.00238128755356E+03	 6.62443145594066E-01
 2.00238402545359E+03	 6.32164782770886E-01
 2.00238676335362E+03	 4.59690337849758E-01
 2.00238950125365E+03	 2.01028998763136E-01
 2.00239223915368E+03	-6.37635252825458E-02
 2.00239497705371E+03	-2.71457438566544E-01
 2.00239771495374E+03	-3.94551205843313E-01
 2.00240045285378E+03	-4.31132069026773E-01
 2.00240319075381E+03	-3.85762483596870E-01
 2.00240592865384E+03	-2.66470180109909E-01
 2.00240866655387E+03	-9.95658510002569E-02
 2.00241140445390E+03	 6.31464858675557E-02
 2.00241414235393E+03	 1.66159189309204E-01
 2.00241688025396E+03	 1.86611367182203E-01
 2.00241961815399E+03	 1.47044967829467E-01
 2.00242235605402E+03	 8.89801121602340E-02
 2.00242509395405E+03	 3.52818404181445E-02
 2.00242783185408E+03	-2.01078656779380E-02
 2.00243056975411E+03	-9.00155010684572E-02
 2.00243330765414E+03	-1.68899743521154E-01
 2.00243604555418E+03	-2.31160812240370E-01
 2.00243878345421E+03	-2.49123965321520E-01
 2.00244152135424E+03	-2.07698349799784E-01
 2.00244425925427E+03	-1.03381275586449E-01
 2.00244699715430E+03	 6.14457101758022E-02
 2.00244973505433E+03	 2.72394330443904E-01
 2.00245247295436E+03	 4.88443765616344E-01
 2.00245521085439E+03	 6.41939229675167E-01
 2.00245794875442E+03	 6.67391245854154E-01
 2.00246068665445E+03	 5.41950874289931E-01
 2.00246342455448E+03	 3.03241435920762E-01
 2.00246616245451E+03	 2.82930247206046E-02
 2.00246890035454E+03	-2.08631027421445E-01
 2.00247163825457E+03	-3.65910476729942E-01
 2.00247437615461E+03	-4.34079124614630E-01
 2.00247711405464E+03	-4.16574239982226E-01
 2.00247985195467E+03	-3.19077281057674E-01
 2.00248258985470E+03	-1.60137243744028E-01
 2.00248532775473E+03	 1.51918966235788E-02
 2.00248806565476E+03	 1.46862927148296E-01
 2.00249080355479E+03	 1.95946354006115E-01
 2.00249354145482E+03	 1.70203890273899E-01
 2.00249627935485E+03	 1.10153500033549E-01
 2.00249901725488E+03	 4.97953006241781E-02
 2.00250175515491E+03	-6.76316652357400E-03
 2.00250449305494E+03	-7.27318315819067E-02
 2.00250723095497E+03	-1.50570330884600E-01
 2.00250996885501E+03	-2.20680042780046E-01
 2.00251270675504E+03	-2.54537764660885E-01
 2.00251544465507E+03	-2.32816608821268E-01
 2.00251818255510E+03	-1.49382277511352E-01
 2.00252092045513E+03	-4.64015920951787E-03
 2.00252365835516E+03	 1.93562797666076E-01
 2.00252639625519E+03	 4.15763543802083E-01
 2.00252913415522E+03	 6.02140305507296E-01
 2.00253187205525E+03	 6.80983704626986E-01
 2.00253460995528E+03	 6.09149726747401E-01
 2.00253734785531E+03	 4.02279747182117E-01
 2.00254008575534E+03	 1.27898123081686E-01
 2.00254282365537E+03	-1.32982209846665E-01
 2.00254556155541E+03	-3.24227069541917E-01
 2.00254829945544E+03	-4.25735923647545E-01
 2.00255103735547E+03	-4.38082884332014E-01
 2.00255377525550E+03	-3.65829775217561E-01
 2.00255651315553E+03	-2.21272463102492E-01
 2.00255925105556E+03	-4.08173363214410E-02
 2.00256198895559E+03	 1.15800756106965E-01
 2.00256472685562E+03	 1.96489956365761E-01
 2.00256746475565E+03	 1.91577290340445E-01
 2.00257020265568E+03	 1.34741750568955E-01
 2.00257294055571E+03	 6.79001357036625E-02
 2.00257567845574E+03	 7.33075169316978E-03
 2.00257841635577E+03	-5.63479557414160E-02
 2.00258115425580E+03	-1.31718736807846E-01
 2.00258389215584E+03	-2.06710277124192E-01
 2.00258663005587E+03	-2.54226449121690E-01
 2.00258936795590E+03	-2.51206202872345E-01
 2.00259210585593E+03	-1.88206519806249E-01
 2.00259484375596E+03	-6.42357313682974E-02
 2.00259758165599E+03	 1.17098978728956E-01
 2.00260031955602E+03	 3.36774606859018E-01
 2.00260305745605E+03	 5.45864812467580E-01
 2.00260579535608E+03	 6.72552027440277E-01
 2.00260853325611E+03	 6.57625037296623E-01
 2.00261127115614E+03	 4.93253400890718E-01
 2.00261400905617E+03	 2.31415466117373E-01
 2.00261674695620E+03	-4.58057269511497E-02
 2.00261948485624E+03	-2.69129332057527E-01
 2.00262222275627E+03	-4.05267572972110E-01
 2.00262496065630E+03	-4.49294925701945E-01
 2.00262769855633E+03	-4.04942496529333E-01
 2.00263043645636E+03	-2.80197880333468E-01
 2.00263317435639E+03	-1.02371352865403E-01
 2.00263591225642E+03	 7.34086904973079E-02
 2.00263865015645E+03	 1.86208227059544E-01
 2.00264138805648E+03	 2.08333408684822E-01
 2.00264412595651E+03	 1.61264816466097E-01
 2.00264686385654E+03	 9.00536541192399E-02
 2.00264960175657E+03	 2.33462192132942E-02
 2.00265233965660E+03	-4.04455471595032E-02
 2.00265507755664E+03	-1.12974739946910E-01
 2.00265781545667E+03	-1.90182833601754E-01
 2.00266055335670E+03	-2.48771818127313E-01
 2.00266329125673E+03	-2.63133106567406E-01
 2.00266602915676E+03	-2.19935490761482E-01
 2.00266876705679E+03	-1.16680337163524E-01
 2.00267150495682E+03	 4.53138880607809E-02
 2.00267424285685E+03	 2.55352044034255E-01
 2.00267698075688E+03	 4.76759854597715E-01
 2.00267971865691E+03	 6.43122192036780E-01
 2.00268245655694E+03	 6.84819943686814E-01
 2.00268519445697E+03	 5.71400641023592E-01
 2.00268793235700E+03	 3.34469332041646E-01
 2.00269067025703E+03	 5.06831722268791E-02
 2.00269340815707E+03	-2.00761273043536E-01
 2.00269614605710E+03	-3.71954268579728E-01
 2.00269888395713E+03	-4.49356218224423E-01
 2.00270162185716E+03	-4.35007557163381E-01
 2.00270435975719E+03	-3.34400262254439E-01
 2.00270709765722E+03	-1.66587119894144E-01
 2.00270983555725E+03	 2.10807915254438E-02
 2.00271257345728E+03	 1.63887850659310E-01
 2.00271531135731E+03	 2.17659009628968E-01
 2.00271804925734E+03	 1.87563227980895E-01
 2.00272078715737E+03	 1.16052657596487E-01
 2.00272352505740E+03	 4.23548694065311E-02
 2.00272626295743E+03	-2.42609554534979E-02
 2.00272900085747E+03	-9.46583617799398E-02
 2.00273173875750E+03	-1.72016252387154E-01
 2.00273447665753E+03	-2.38895014359626E-01
 2.00273721455756E+03	-2.68948760975966E-01
 2.00273995245759E+03	-2.44779381613402E-01
 2.00274269035762E+03	-1.61756845473760E-01
 2.00274542825765E+03	-2.01929986291882E-02
 2.00274816615768E+03	 1.74950459479890E-01
 2.00275090405771E+03	 3.98937058856213E-01
 2.00275364195774E+03	 5.95019494394123E-01
 2.00275637985777E+03	 6.89530287021542E-01
 2.00275911775780E+03	 6.32507180951188E-01
 2.00276185565783E+03	 4.32218691877395E-01
 2.00276459355787E+03	 1.53330125882785E-01
 2.00276733145790E+03	-1.19967024578802E-01
 2.00277006935793E+03	-3.25301406911809E-01
 2.00277280725796E+03	-4.37499252970489E-01
 2.00277554515799E+03	-4.54933511298804E-01
 2.00277828305802E+03	-3.81753767688402E-01
 2.00278102095805E+03	-2.30484615072094E-01
 2.00278375885808E+03	-3.89860317306899E-02
 2.00278649675811E+03	 1.29290812212560E-01
 2.00278923465814E+03	 2.17091195306545E-01
 2.00279197255817E+03	 2.10994707477198E-01
 2.00279471045820E+03	 1.44948908198704E-01
 2.00279744835823E+03	 6.51112044171797E-02
 2.00280018625827E+03	-6.79682169092165E-03
 2.00280292415830E+03	-7.67219749468182E-02
 2.00280566205833E+03	-1.53014902051944E-01
 2.00280839995836E+03	-2.25432146178214E-01
 2.00281113785839E+03	-2.69106854982909E-01
 2.00281387575842E+03	-2.63017293323227E-01
 2.00281661365845E+03	-1.99556072994232E-01
 2.00281935155848E+03	-7.84989818994736E-02
 2.00282208945851E+03	 9.83814015189683E-02
 2.00282482735854E+03	 3.16585303798604E-01
 2.00282756525857E+03	 5.31620899303861E-01
 2.00283030315860E+03	 6.72019632428930E-01
 2.00283304105863E+03	 6.73299803341118E-01
 2.00283577895866E+03	 5.19721214277170E-01
 2.00283851685870E+03	 2.58134579616223E-01
 2.00284125475873E+03	-2.84401416451268E-02
 2.00284399265876E+03	-2.65199216051586E-01
 2.00284673055879E+03	-4.13040779550570E-01
 2.00284946845882E+03	-4.63856890895393E-01
 2.00285220635885E+03	-4.20566017824249E-01
 2.00285494425888E+03	-2.91234855625218E-01
 2.00285768215891E+03	-1.04028208631094E-01
 2.00286042005894E+03	 8.31917964185379E-02
 2.00286315795897E+03	 2.04816475938354E-01
 2.00286589585900E+03	 2.28708924942690E-01
 2.00286863375903E+03	 1.75061641748956E-01
 2.00287137165906E+03	 9.18563687771479E-02
 2.00287410955910E+03	 1.30123631957362E-02
 2.00287684745913E+03	-5.87433352079561E-02
 2.00287958535916E+03	-1.33764500493340E-01
 2.00288232325919E+03	-2.09280247992799E-01
 2.00288506115922E+03	-2.64181296719054E-01
 2.00288779905925E+03	-2.74973147421437E-01
 2.00289053695928E+03	-2.30348049087529E-01
 2.00289327485931E+03	-1.29253151773454E-01
 2.00289601275934E+03	 2.76918796602502E-02
 2.00289875065937E+03	 2.33608364268100E-01
 2.00290148855940E+03	 4.57007917306335E-01
 2.00290422645943E+03	 6.33984274326539E-01
 2.00290696435946E+03	 6.91764727304244E-01
 2.00290970225950E+03	 5.92350294223848E-01
 2.00291244015953E+03	 3.60460491883639E-01
 2.00291517805956E+03	 7.11984806338625E-02
 2.00291791595959E+03	-1.92106817448510E-01
 2.00292065385962E+03	-3.75442223944365E-01
 2.00292339175965E+03	-4.61058268719477E-01
 2.00292612965968E+03	-4.49551416247704E-01
 2.00292886755971E+03	-3.46347366843546E-01
 2.00293160545974E+03	-1.70994394111231E-01
 2.00293434335977E+03	 2.72970196203446E-02
 2.00293708125980E+03	 1.79896631683276E-01
 2.00293981915983E+03	 2.37965992373280E-01
 2.00294255705986E+03	 2.04092949684004E-01
 2.00294529495989E+03	 1.22174067353480E-01
 2.00294803285993E+03	 3.60999851399361E-02
 2.00295077075996E+03	-3.99793234520921E-02
 2.00295350865999E+03	-1.14543615215853E-01
 2.00295624656002E+03	-1.91315420863343E-01
 2.00295898446005E+03	-2.54870397299704E-01
 2.00296172236008E+03	-2.81021797617926E-01
 2.00296446026011E+03	-2.54481006979486E-01
 2.00296719816014E+03	-1.72528635552281E-01
 2.00296993606017E+03	-3.58525775428123E-02
 2.00297267396020E+03	 1.53329955686208E-01
 2.00297541186023E+03	 3.75564327946355E-01
 2.00297814976026E+03	 5.78370478670166E-01
 2.00298088766029E+03	 6.87347923957172E-01
 2.00298362556033E+03	 6.46217256661694E-01
 2.00298636346036E+03	 4.55353589368081E-01
 2.00298910136039E+03	 1.75423260851020E-01
 2.00299183926042E+03	-1.07226279586248E-01
 2.00299457716045E+03	-3.24430960686561E-01
 2.00299731506048E+03	-4.45912807716894E-01
 2.00300005296051E+03	-4.67753422406622E-01
 2.00300279086054E+03	-3.93777882371402E-01
 2.00300552876057E+03	-2.36824697828980E-01
 2.00300826666060E+03	-3.59393393306761E-02
 2.00301100456063E+03	 1.42391470996845E-01
 2.00301374246066E+03	 2.36456744240944E-01
 2.00301648036069E+03	 2.29336764688240E-01
 2.00301921826073E+03	 1.54925320257176E-01
 2.00302195616076E+03	 6.30595018448428E-02
 2.00302469406079E+03	-1.94809097372856E-02
 2.00302743196082E+03	-9.52706106387614E-02
 2.00303016986085E+03	-1.72292651588126E-01
 2.00303290776088E+03	-2.41975493383918E-01
 2.00303564566091E+03	-2.81612732309503E-01
 2.00303838356094E+03	-2.72320203750497E-01
 2.00304112146097E+03	-2.08662661892520E-01
 2.00304385936100E+03	-9.16922627772623E-02
 2.00304659726103E+03	 7.82970306554852E-02
 2.00304933516106E+03	 2.91569523066974E-01
 2.00305207306109E+03	 5.09065915296912E-01
 2.00305481096112E+03	 6.61008497178278E-01
 2.00305754886116E+03	 6.78546319015254E-01
 2.00306028676119E+03	 5.37936580900481E-01
 2.00306302466122E+03	 2.79943570068317E-01
 2.00306576256125E+03	-1.26285821867344E-02
 2.00306850046128E+03	-2.60165702751334E-01
 2.00307123836131E+03	-4.17896922260484E-01
 2.00307397626134E+03	-4.74446290214006E-01
 2.00307671416137E+03	-4.31952968455890E-01
 2.00307945206140E+03	-2.98690995420492E-01
 2.00308218996143E+03	-1.03570432717560E-01
 2.00308492786146E+03	 9.33638275599645E-02
 2.00308766576149E+03	 2.22581599255759E-01
 2.00309040366152E+03	 2.47957757326229E-01
 2.00309314156156E+03	 1.88278796596293E-01
 2.00309587946159E+03	 9.39604355117649E-02
 2.00309861736162E+03	 3.74060620851295E-03
 2.00310135526165E+03	-7.55020906749889E-02
 2.00310409316168E+03	-1.52743197097749E-01
 2.00310683106171E+03	-2.26348413334119E-01
 2.00310956896174E+03	-2.77294895626316E-01
 2.00311230686177E+03	-2.84228437340355E-01
 2.00311504476180E+03	-2.38112672074211E-01
 2.00311778266183E+03	-1.39829407979152E-01
 2.00312052056186E+03	 1.01964535718357E-02
 2.00312325846189E+03	 2.08837231285078E-01
 2.00312599636192E+03	 4.30504043703869E-01
 2.00312873426196E+03	 6.15114937488858E-01
 2.00313147216199E+03	 6.87952879549422E-01
 2.00313421006202E+03	 6.03839464424902E-01
 2.00313694796205E+03	 3.79960015596066E-01
 2.00313968586208E+03	 8.87035594207805E-02
 2.00314242376211E+03	-1.83416825925737E-01
 2.00314516166214E+03	-3.76659738509607E-01
 2.00314789956217E+03	-4.69049313533149E-01
 2.00315063746220E+03	-4.59723952180407E-01
 2.00315337536223E+03	-3.54168629977923E-01
 2.00315611326226E+03	-1.72443908994973E-01
 2.00315885116229E+03	 3.47695824810203E-02
 2.00316158906232E+03	 1.95650218999990E-01
 2.00316432696236E+03	 2.57305074107030E-01
 2.00316706486239E+03	 2.19840147566557E-01
 2.00316980276242E+03	 1.28218838305265E-01
 2.00317254066245E+03	 3.05159021472714E-02
 2.00317527856248E+03	-5.44919501126410E-02
 2.00317801646251E+03	-1.32889140314164E-01
 2.00318075436254E+03	-2.08810102343140E-01
 2.00318349226257E+03	-2.68726228681116E-01
 2.00318623016260E+03	-2.90580450837966E-01
 2.00318896806263E+03	-2.61349635355797E-01
 2.00319170596266E+03	-1.80648046320553E-01
 2.00319444386269E+03	-5.01170238272390E-02
 2.00319718176272E+03	 1.30441123988346E-01
 2.00319991966275E+03	 3.47231520802088E-01
 2.00320265756279E+03	 5.53194806421068E-01
 2.00320539546282E+03	 6.74586078867438E-01
 2.00320813336285E+03	 6.49613235378643E-01
 2.00321087126288E+03	 4.70518811149735E-01
 2.00321360916291E+03	 1.92941488424933E-01
 2.00321634706294E+03	-9.57247316570522E-02
 2.00321908496297E+03	-3.22152864503544E-01
 2.00322182286300E+03	-4.51082458427050E-01
 2.00322456076303E+03	-4.76275172423344E-01
 2.00322729866306E+03	-4.01324014731135E-01
 2.00323003656309E+03	-2.39478713586399E-01
 2.00323277446312E+03	-3.07477197933160E-02
 2.00323551236315E+03	 1.55975524593302E-01
 2.00323825026319E+03	 2.55219506854763E-01
 2.00324098816322E+03	 2.46869098330649E-01
 2.00324372606325E+03	 1.64547172977360E-01
 2.00324646396328E+03	 6.13158085369949E-02
 2.00324920186331E+03	-3.13106799913905E-02
 2.00325193976334E+03	-1.12594824530028E-01
 2.00325467766337E+03	-1.90050764458465E-01
 2.00325741556340E+03	-2.56655466174377E-01
 2.00326015346343E+03	-2.91796137368968E-01
 2.00326289136346E+03	-2.78799492857689E-01
 2.00326562926349E+03	-2.14731313808152E-01
 2.00326836716352E+03	-1.02499441637273E-01
 2.00327110506355E+03	 5.85546853644000E-02
 2.00327384296359E+03	 2.63492730016208E-01
 2.00327658086362E+03	 4.79568128529793E-01
 2.00327931876365E+03	 6.40113192598364E-01
 2.00328205666368E+03	 6.73073676888681E-01
 2.00328479456371E+03	 5.46928867913812E-01
 2.00328753246374E+03	 2.95595629383995E-01
 2.00329027036377E+03	 5.02008779753481E-04
 2.00329300826380E+03	-2.54797361639867E-01
 2.00329574616383E+03	-4.20182209630301E-01
 2.00329848406386E+03	-4.81018903075908E-01
 2.00330122196389E+03	-4.38718859184693E-01
 2.00330395986392E+03	-3.01893974976530E-01
 2.00330669776395E+03	-1.00124744412612E-01
 2.00330943566398E+03	 1.04851139970023E-01
 2.00331217356402E+03	 2.40292585968693E-01
 2.00331491146405E+03	 2.66559357130831E-01
 2.00331764936408E+03	 2.00998354730602E-01
 2.00332038726411E+03	 9.60762845546571E-02
 2.00332312516414E+03	-5.01408479687171E-03
 2.00332586306417E+03	-9.13710425586476E-02
 2.00332860096420E+03	-1.70528393262608E-01
 2.00333133886423E+03	-2.41870690917545E-01
 2.00333407676426E+03	-2.88373912160087E-01
 2.00333681466429E+03	-2.90832320811314E-01
 2.00333955256432E+03	-2.42705800473097E-01
 2.00334229046435E+03	-1.47332958654284E-01
 2.00334502836438E+03	-5.58490938985173E-03
 2.00334776626442E+03	 1.82881650464525E-01
 2.00335050416445E+03	 3.98910390490472E-01
 2.00335324206448E+03	 5.87543908533662E-01
 2.00335597996451E+03	 6.73528110359912E-01
 2.00335871786454E+03	 6.05193627656968E-01
 2.00336145576457E+03	 3.91812359470560E-01
 2.00336419366460E+03	 1.01981421352551E-01
 2.00336693156463E+03	-1.75655484526289E-01
 2.00336966946466E+03	-3.76182378976552E-01
 2.00337240736469E+03	-4.73510045710845E-01
 2.00337514526472E+03	-4.65347011902866E-01
 2.00337788316475E+03	-3.57363216985650E-01
 2.00338062106478E+03	-1.70168090781129E-01
 2.00338335896482E+03	 4.44184925953547E-02
 2.00338609686485E+03	 2.12042429853933E-01
 2.00338883476488E+03	 2.76345992004815E-01
 2.00339157266491E+03	 2.35105448765282E-01
 2.00339431056494E+03	 1.34079928006166E-01
 2.00339704846497E+03	 2.51591397164740E-02
 2.00339978636500E+03	-6.84405053114395E-02
 2.00340252426503E+03	-1.50386129316562E-01
 2.00340526216506E+03	-2.25117737793310E-01
 2.00340800006509E+03	-2.80906392789501E-01
 2.00341073796512E+03	-2.97788551473308E-01
 2.00341347586515E+03	-2.65133714174768E-01
 2.00341621376518E+03	-1.85314223475847E-01
 2.00341895166521E+03	-6.15974453209221E-02
 2.00342168956525E+03	 1.08100167462860E-01
 2.00342442746528E+03	 3.15800182577710E-01
 2.00342716536531E+03	 5.20913958902872E-01
 2.00342990326534E+03	 6.51851445401714E-01
 2.00343264116537E+03	 6.42403482776933E-01
 2.00343537906540E+03	 4.76757024046353E-01
 2.00343811696543E+03	 2.04666605677073E-01
 2.00344085486546E+03	-8.65689354051474E-02
 2.00344359276549E+03	-3.19249121148599E-01
 2.00344633066552E+03	-4.53407777581975E-01
 2.00344906856555E+03	-4.80531493721273E-01
 2.00345180646558E+03	-4.04082011011859E-01
 2.00345454436561E+03	-2.37824363360355E-01
 2.00345728226565E+03	-2.25542031467022E-02
 2.00346002016568E+03	 1.70983065534296E-01
 2.00346275806571E+03	 2.74199619247888E-01
 2.00346549596574E+03	 2.64104222385381E-01
 2.00346823386577E+03	 1.73917590432645E-01
 2.00347097176580E+03	 5.95886675375022E-02
 2.00347370966583E+03	-4.28633245225329E-02
 2.00347644756586E+03	-1.29408594743157E-01
 2.00347918546589E+03	-2.07000012977639E-01
 2.00348192336592E+03	-2.70065376483858E-01
 2.00348466126595E+03	-3.00024313687254E-01
 2.00348739916598E+03	-2.82461859139883E-01
 2.00349013706601E+03	-2.17252175000433E-01
 2.00349287496605E+03	-1.09789373191077E-01
 2.00349561286608E+03	 4.08453157830084E-02
 2.00349835076611E+03	 2.34307658305306E-01
 2.00350108866614E+03	 4.44866681593847E-01
 2.00350382656617E+03	 6.10396846717854E-01
 2.00350656446620E+03	 6.57036208889124E-01
 2.00350930236623E+03	 5.46041693669523E-01
 2.00351204026626E+03	 3.03972173514434E-01
 2.00351477816629E+03	 9.77363769761433E-03
 2.00351751606632E+03	-2.50045359176159E-01
 2.00352025396635E+03	-4.20499902977369E-01
 2.00352299186638E+03	-4.83815134116125E-01
 2.00352572976641E+03	-4.40753413746333E-01
 2.00352846766645E+03	-3.00395095135158E-01
 2.00353120556648E+03	-9.29466518567743E-02
 2.00353394346651E+03	 1.18579511741968E-01
 2.00353668136654E+03	 2.58867600374745E-01
 2.00353941926657E+03	 2.85212709217257E-01
 2.00354215716660E+03	 2.13543241509501E-01
 2.00354489506663E+03	 9.81034837576329E-02
 2.00354763296666E+03	-1.37106096153039E-02
 2.00355037086669E+03	-1.07032994650688E-01
 2.00355310876672E+03	-1.87877909567020E-01
 2.00355584666675E+03	-2.56551000971067E-01
 2.00355858456678E+03	-2.97954938801999E-01
 2.00356132246681E+03	-2.95024054259629E-01
 2.00356406036684E+03	-2.43905577071692E-01
 2.00356679826688E+03	-1.50928302065978E-01
 2.00356953616691E+03	-1.81713656150788E-02
 2.00357227406694E+03	 1.57672970847630E-01
 2.00357501196697E+03	 3.64184921315504E-01
 2.00357774986700E+03	 5.52748158452393E-01
 2.00358048776703E+03	 6.49122322095870E-01
 2.00358322566706E+03	 5.96145852817468E-01
 2.00358596356709E+03	 3.95104227654714E-01
 2.00358870146712E+03	 1.09869232350535E-01
 2.00359143936715E+03	-1.69889902267413E-01
 2.00359417726718E+03	-3.74790831983702E-01
 2.00359691516721E+03	-4.74877323946119E-01
 2.00359965306724E+03	-4.66510185371354E-01
 2.00360239096728E+03	-3.55672756047072E-01
 2.00360512886731E+03	-1.63574099049904E-01
 2.00360786676734E+03	 5.70976666614838E-02
 2.00361060466737E+03	 2.30029491139987E-01
 2.00361334256740E+03	 2.95932350122296E-01
 2.00361608046743E+03	 2.50422000759814E-01
 2.00361881836746E+03	 1.39871645664307E-01
 2.00362155626749E+03	 1.97353575503123E-02
 2.00362429416752E+03	-8.24228706422576E-02
 2.00362703206755E+03	-1.67789331702162E-01
 2.00362976996758E+03	-2.41009320679260E-01
 2.00363250786761E+03	-2.92077367851278E-01
 2.00363524576764E+03	-3.03082937005553E-01
 2.00363798366768E+03	-2.65879824692619E-01
 2.00364072156771E+03	-1.86002797395372E-01
 2.00364345946774E+03	-6.90881952532365E-02
 2.00364619736777E+03	 8.81097642212375E-02
 2.00364893526780E+03	 2.83332063267517E-01
 2.00365167316783E+03	 4.83342673902105E-01
 2.00365441106786E+03	 6.20248572780948E-01
 2.00365714896789E+03	 6.24775028397937E-01
 2.00365988686792E+03	 4.73461627187859E-01
 2.00366262476795E+03	 2.09548643079273E-01
 2.00366536266798E+03	-8.08727214968772E-02
 2.00366810056801E+03	-3.16638661953639E-01
 2.00367083846804E+03	-4.53501993168404E-01
 2.00367357636807E+03	-4.80803229062936E-01
 2.00367631426811E+03	-4.01989327574315E-01
 2.00367905216814E+03	-2.31447524477540E-01
 2.00368179006817E+03	-1.06267862662976E-02
 2.00368452796820E+03	 1.88346219313269E-01
 2.00368726586823E+03	 2.94330838836411E-01
 2.00369000376826E+03	 2.81757255468643E-01
 2.00369274166829E+03	 1.83371405022780E-01
 2.00369547956832E+03	 5.77827694284581E-02
 2.00369821746835E+03	-5.46021502798858E-02
 2.00370095536838E+03	-1.46412036683141E-01
 2.00370369326841E+03	-2.23931437174314E-01
 2.00370643116844E+03	-2.82958142042587E-01
 2.00370916906847E+03	-3.06890042830170E-01
 2.00371190696851E+03	-2.83589262218633E-01
 2.00371464486854E+03	-2.16005911875049E-01
 2.00371738276857E+03	-1.12672878584519E-01
 2.00372012066860E+03	 2.67499005300997E-02
 2.00372285856863E+03	 2.06058871254356E-01
 2.00372559646866E+03	 4.07010651776510E-01
 2.00372833436869E+03	 5.73393699684698E-01
 2.00373107226872E+03	 6.31107275741620E-01
 2.00373381016875E+03	 5.35062240271955E-01
 2.00373654806878E+03	 3.04237926090406E-01
 2.00373928596881E+03	 1.41089183222779E-02
 2.00374202386884E+03	-2.46913666536655E-01
 2.00374476176887E+03	-4.19609433822355E-01
 2.00374749966891E+03	-4.83290093726938E-01
 2.00375023756894E+03	-4.38184973819068E-01
 2.00375297546897E+03	-2.93973170008772E-01
 2.00375571336900E+03	-8.14651636334420E-02
 2.00375845126903E+03	 1.35397973583859E-01
 2.00376118916906E+03	 2.79268420518068E-01
 2.00376392706909E+03	 3.04770270309863E-01
 2.00376666496912E+03	 2.26455526019946E-01
 2.00376940286915E+03	 1.00164853571231E-01
 2.00377214076918E+03	-2.26362526652099E-02
 2.00377487866921E+03	-1.23083464833128E-01
 2.00377761656924E+03	-2.05553973608108E-01
 2.00378035446927E+03	-2.71182609566926E-01
 2.00378309236930E+03	-3.06740808472756E-01
 2.00378583026934E+03	-2.97277937105853E-01
 2.00378856816937E+03	-2.41772540947445E-01
 2.00379130606940E+03	-1.50058530836624E-01
 2.00379404396943E+03	-2.62750900720557E-02
 2.00379678186946E+03	 1.35122467872044E-01
 2.00379951976949E+03	 3.28489382360076E-01
 2.00380225766952E+03	 5.12613085008159E-01
 2.00380499556955E+03	 6.15890064684015E-01
 2.00380773346958E+03	 5.76940083720230E-01
 2.00381047136961E+03	 3.89312144868215E-01
 2.00381320926964E+03	 1.11418743654727E-01
 2.00381594716967E+03	-1.67142134681588E-01
 2.00381868506970E+03	-3.73349364121228E-01
 2.00382142296974E+03	-4.73755008672641E-01
 2.00382416086977E+03	-4.63518213549665E-01
 2.00382689876980E+03	-3.49070553188626E-01
 2.00382963666983E+03	-1.52277812624048E-01
 2.00383237456986E+03	 7.35220560365976E-02
 2.00383511246989E+03	 2.50536979224286E-01
 2.00383785036992E+03	 3.16996779011271E-01
 2.00384058826995E+03	 2.66507348188118E-01
 2.00384332616998E+03	 1.45936210651381E-01
 2.00384606407001E+03	 1.41626174130831E-02
 2.00384880197004E+03	-9.68851244006331E-02
 2.00385153987007E+03	-1.85783653566664E-01
 2.00385427777010E+03	-2.57271126884017E-01
 2.00385701567014E+03	-3.03003986307864E-01
 2.00385975357017E+03	-3.07080828194414E-01
 2.00386249147020E+03	-2.63887925910112E-01
 2.00386522937023E+03	-1.82480253117662E-01
 2.00386796727026E+03	-7.16395546956034E-02
 2.00387070517029E+03	 7.21468454063347E-02
 2.00387344307032E+03	 2.51972764525341E-01
 2.00387618097035E+03	 4.42609716338991E-01
 2.00387891887038E+03	 5.81368848645320E-01
 2.00388165677041E+03	 5.97459239802262E-01
 2.00388439467044E+03	 4.60503565925023E-01
 2.00388713257047E+03	 2.06864055546930E-01
 2.00388987047050E+03	-7.95976626436260E-02
 2.00389260837054E+03	-3.15237530066722E-01
 2.00389534627057E+03	-4.52083282713934E-01
 2.00389808417060E+03	-4.77548303662793E-01
 2.00390082207063E+03	-3.95203535105083E-01
 2.00390355997066E+03	-2.20162515071418E-01
 2.00390629787069E+03	 5.57630559961225E-03
 2.00390903577072E+03	 2.08893701173620E-01
 2.00391177367075E+03	 3.16561324990150E-01
 2.00391451157078E+03	 3.00673324789908E-01
 2.00391724947081E+03	 1.93452692402891E-01
 2.00391998737084E+03	 5.60354446391813E-02
 2.00392272527087E+03	-6.67877879008359E-02
 2.00392546317090E+03	-1.64167269563023E-01
 2.00392820107093E+03	-2.41577337443934E-01
 2.00393093897097E+03	-2.96112180989823E-01
 2.00393367687100E+03	-3.13101012039262E-01
 2.00393641477103E+03	-2.82669841342946E-01
 2.00393915267106E+03	-2.11051768301987E-01
 2.00394189057109E+03	-1.10554685698452E-01
 2.00394462847112E+03	 1.76333972643345E-02
 2.00394736637115E+03	 1.80751701425552E-01
 2.00395010427118E+03	 3.68244695436627E-01
 2.00395284217121E+03	 5.31050842959679E-01
 2.00395558007124E+03	 5.96498598023775E-01
 2.00395831797127E+03	 5.14314510144486E-01
 2.00396105587130E+03	 2.95984127044918E-01
 2.00396379377133E+03	 1.26927183417158E-02
 2.00396653167137E+03	-2.46306023304974E-01
 2.00396926957140E+03	-4.18299658943354E-01
 2.00397200747143E+03	-4.80023594568994E-01
 2.00397474537146E+03	-4.31334661231281E-01
 2.00397748327149E+03	-2.82638337929050E-01
 2.00398022117152E+03	-6.53362433840181E-02
 2.00398295907155E+03	 1.55986460576721E-01
 2.00398569697158E+03	 3.02392365172483E-01
 2.00398843487161E+03	 3.26144651034112E-01
 2.00399117277164E+03	 2.40445496041233E-01
 2.00399391067167E+03	 1.02613310866564E-01
 2.00399664857170E+03	-3.18425486657110E-02
 2.00399938647173E+03	-1.39922444104773E-01
 2.00400212437177E+03	-2.24190187834870E-01
 2.00400486227180E+03	-2.86510328632324E-01
 2.00400760017183E+03	-3.15477053724405E-01
 2.00401033807186E+03	-2.98212949490021E-01
 2.00401307597189E+03	-2.36610880888563E-01
 2.00401581387192E+03	-1.44471333882299E-01
 2.00401855177195E+03	-2.88915877362772E-02
 2.00402128967198E+03	 1.16986973002830E-01
 2.00402402757201E+03	 2.94048936931716E-01
 2.00402676547204E+03	 4.69330034223579E-01
 2.00402950337207E+03	 5.75476895044084E-01
 2.00403224127210E+03	 5.48380095772861E-01
 2.00403497917213E+03	 3.74417552569159E-01
 2.00403771707216E+03	 1.06048434140753E-01
 2.00404045497220E+03	-1.68230741365459E-01
 2.00404319287223E+03	-3.72664869952514E-01
 2.00404593077226E+03	-4.70805957227239E-01
 2.00404866867229E+03	-4.56826060784688E-01
 2.00405140657232E+03	-3.37746832789861E-01
 2.00405414447234E+03	-1.36141704157585E-01
 2.00405688237238E+03	 9.41838558868061E-02
 2.00405962027241E+03	 2.74349166728128E-01
 2.00406235817244E+03	 3.40452225766651E-01
 2.00406509607247E+03	 2.84186683190959E-01
 2.00406783397250E+03	 1.52820058573152E-01
 2.00407057187253E+03	 8.60684901184749E-03
 2.00407330977256E+03	-1.12035144245212E-01
 2.00407604767260E+03	-2.04863790988356E-01
 2.00407878557263E+03	-2.74569893174189E-01
 2.00408152347266E+03	-3.14419140934690E-01
 2.00408426137269E+03	-3.10472983075302E-01
 2.00408699927272E+03	-2.59647716494862E-01
 2.00408973717275E+03	-1.74801308874465E-01
 2.00409247507278E+03	-6.86243386050650E-02
 2.00409521297281E+03	 6.16366903251725E-02
 2.00409795087284E+03	 2.23797286916589E-01
 2.00410068877287E+03	 4.01018807131615E-01
 2.00410342667290E+03	 5.37208154339267E-01
 2.00410616457293E+03	 5.61729259698665E-01
 2.00410890247296E+03	 4.38306357218262E-01
 2.00411164037300E+03	 1.96345668261900E-01
 2.00411437827303E+03	-8.33994114664681E-02
 2.00411711617306E+03	-3.15810095649367E-01
 2.00411985407309E+03	-4.49851756481866E-01
 2.00412259197312E+03	-4.71318344997885E-01
 2.00412532987315E+03	-3.84067868645302E-01
 2.00412806777318E+03	-2.04031408491362E-01
 2.00413080567321E+03	 2.63364254886469E-02
 2.00413354357324E+03	 2.33244129361917E-01
 2.00413628147327E+03	 3.41736062799126E-01
 2.00413901937330E+03	 3.21729564402307E-01
 2.00414175727333E+03	 2.04861810640406E-01
 2.00414449517336E+03	 5.47212669761713E-02
 2.00414723307340E+03	-7.94184331454011E-02
 2.00414997097343E+03	-1.82996923494540E-01
 2.00415270887346E+03	-2.60486181328859E-01
 2.00415544677349E+03	-3.10201160609148E-01
 2.00415818467352E+03	-3.19362674386774E-01
 2.00416092257355E+03	-2.80313587215983E-01
 2.00416366047358E+03	-2.02696521318915E-01
 2.00416639837361E+03	-1.03170954206770E-01
 2.00416913627364E+03	 1.45380241953174E-02
 2.00417187417367E+03	 1.60197025899710E-01
 2.00417461207370E+03	 3.30844808611296E-01
 2.00417734997373E+03	 4.85600510731750E-01
 2.00418008787376E+03	 5.54903581497232E-01
 2.00418282577379E+03	 4.84685054523965E-01
 2.00418556367383E+03	 2.79323929611975E-01
 2.00418830157386E+03	 5.10931837839316E-03
 2.00419103947389E+03	-2.48878065025314E-01
 2.00419377737392E+03	-4.17256103024610E-01
 2.00419651527395E+03	-4.74620766750714E-01
 2.00419925317398E+03	-4.20662530463285E-01
 2.00420199107401E+03	-2.66631029885119E-01
 2.00420472897404E+03	-4.44952639487259E-02
 2.00420746687407E+03	 1.80759371333720E-01
 2.00421020477410E+03	 3.28953054076878E-01
 2.00421294267413E+03	 3.50195547979613E-01
 2.00421568057416E+03	 2.56312842425667E-01
 2.00421841847419E+03	 1.06005501337649E-01
 2.00422115637423E+03	-4.11153729252719E-02
 2.00422389427426E+03	-1.57677039687247E-01
 2.00422663217429E+03	-2.44182529792173E-01
 2.00422937007432E+03	-3.03107257008829E-01
 2.00423210797435E+03	-3.24831544767145E-01
 2.00423484587438E+03	-2.98493824367317E-01
 2.00423758377441E+03	-2.28912057073004E-01
 2.00424032167444E+03	-1.34225291584512E-01
 2.00424305957447E+03	-2.53788668675910E-02
 2.00424579747450E+03	 1.04725960500882E-01
 2.00424853537453E+03	 2.62976657487273E-01
 2.00425127327456E+03	 4.25233158275713E-01
 2.00425401117459E+03	 5.29911175829254E-01
 2.00425674907463E+03	 5.11800754861995E-01
 2.00425948697466E+03	 3.50957174458756E-01
 2.00426222487469E+03	 9.36521076770584E-02
 2.00426496277472E+03	-1.73634333255896E-01
 2.00426770067475E+03	-3.73351870303024E-01
 2.00427043857478E+03	-4.66641139667473E-01
 2.00427317647481E+03	-4.46967712280743E-01
 2.00427591437484E+03	-3.22087108501284E-01
 2.00427865227487E+03	-1.15306745636753E-01
 2.00428139017490E+03	 1.19271761565887E-01
 2.00428412807493E+03	 3.01995385221715E-01
 2.00428686597496E+03	 3.67071126014829E-01
 2.00428960387499E+03	 3.04293511907776E-01
 2.00429234177502E+03	 1.61218575917662E-01
 2.00429507967506E+03	 3.48060685446031E-03
 2.00429781757509E+03	-1.27793281344322E-01
 2.00430055547512E+03	-2.25246857755385E-01
 2.00430329337515E+03	-2.93343149384753E-01
 2.00430603127518E+03	-3.26907559779058E-01
 2.00430876917521E+03	-3.13917546911572E-01
 2.00431150707524E+03	-2.53762545243642E-01
 2.00431424497527E+03	-1.63285300974203E-01
 2.00431698287530E+03	-5.97845139418381E-02
 2.00431972077533E+03	 5.76336069687253E-02
 2.00432245867536E+03	 2.00637967977097E-01
 2.00432519657539E+03	 3.60863472369323E-01
 2.00432793447542E+03	 4.90014793600822E-01
 2.00433067237546E+03	 5.19316547597116E-01
 2.00433341027549E+03	 4.07844235220345E-01
 2.00433614817552E+03	 1.78251730455226E-01
 2.00433888607555E+03	-9.25139693855144E-02
 2.00434162397558E+03	-3.18841115838995E-01
 2.00434436187561E+03	-4.47373621491879E-01
 2.00434709977564E+03	-4.62674102806057E-01
 2.00434983767567E+03	-3.69070578171378E-01
 2.00435257557570E+03	-1.83374304827090E-01
 2.00435531347573E+03	 5.16135369968405E-02
 2.00435805137576E+03	 2.61704663735457E-01
 2.00436078927579E+03	 3.70476075074577E-01
 2.00436352717582E+03	 3.45722113842473E-01
 2.00436626507586E+03	 2.18375392631022E-01
 2.00436900297589E+03	 5.44204382924467E-02
 2.00437174087592E+03	-9.22107440971995E-02
 2.00437447877595E+03	-2.02922695518487E-01
 2.00437721667598E+03	-2.80932304079378E-01
 2.00437995457601E+03	-3.25688945949982E-01
 2.00438269247604E+03	-3.26272806915654E-01
 2.00438543037607E+03	-2.77164031370511E-01
 2.00438816827610E+03	-1.91445511635933E-01
 2.00439090617613E+03	-9.06022056780291E-02
 2.00439364407616E+03	 1.80956805994295E-02
 2.00439638197619E+03	 1.45856414344005E-01
 2.00439911987622E+03	 2.96926521196786E-01
 2.00440185777625E+03	 4.39376099587520E-01
 2.00440459567629E+03	 5.08364088777190E-01
 2.00440733357632E+03	 4.47566102530912E-01
 2.00441007147635E+03	 2.54913404013602E-01
 2.00441280937638E+03	-8.57744833960607E-03
 2.00441554727641E+03	-2.54926773953704E-01
 2.00441828517644E+03	-4.16948444216297E-01
 2.00442102307647E+03	-4.67619982686852E-01
 2.00442376097650E+03	-4.06711419084594E-01
 2.00442649887653E+03	-2.46411476687567E-01
 2.00442923677656E+03	-1.91959296686318E-02
 2.00443197467659E+03	 2.09781929366738E-01
 2.00443471257662E+03	 3.59367252835206E-01
 2.00443745047665E+03	 3.77610863355010E-01
 2.00444018837669E+03	 2.74847853486201E-01
 2.00444292627672E+03	 1.11042680490044E-01
 2.00444566417675E+03	-4.99863472840044E-02
 2.00444840207678E+03	-1.76168716834921E-01
 2.00445113997681E+03	-2.65622987854757E-01
 2.00445387787684E+03	-3.21287071091112E-01
 2.00445661577687E+03	-3.35297478566827E-01
 2.00445935367690E+03	-2.98739018830037E-01
 2.00446209157693E+03	-2.19287635792972E-01
 2.00446482947696E+03	-1.19671880576211E-01
 2.00446756737699E+03	-1.55091573330086E-02
 2.00447030527702E+03	 9.93750996015834E-02
 2.00447304317705E+03	 2.37090529816304E-01
 2.00447578107709E+03	 3.82598451560521E-01
 2.00447851897712E+03	 4.81430827219673E-01
 2.00448125687715E+03	 4.68958315651556E-01
 2.00448399477718E+03	 3.19991163768703E-01
 2.00448673267721E+03	 7.46363198092968E-02
 2.00448947057724E+03	-1.83408753460831E-01
 2.00449220847727E+03	-3.75732700236222E-01
 2.00449494637730E+03	-4.61727571361368E-01
 2.00449768427733E+03	-4.34489911361232E-01
 2.00450042217736E+03	-3.02643865403189E-01
 2.00450316007739E+03	-9.02091348960327E-02
 2.00450589797742E+03	 1.48608728590303E-01
 2.00450863587745E+03	 3.33651181232502E-01
 2.00451137377749E+03	 3.97368686838842E-01
 2.00451411167752E+03	 3.27559307798583E-01
 2.00451684957755E+03	 1.71894253492715E-01
 2.00451958747758E+03	-5.97152840990559E-04
 2.00452232537761E+03	-1.43789304808096E-01
 2.00452506327764E+03	-2.46833024231186E-01
 2.00452780117767E+03	-3.13733720142730E-01
 2.00453053907770E+03	-3.40824050171726E-01
 2.00453327697773E+03	-3.17952878444755E-01
 2.00453601487776E+03	-2.46872872252967E-01
 2.00453875277779E+03	-1.48473412315766E-01
 2.00454149067782E+03	-4.52472957656763E-02
 2.00454422857785E+03	 6.07302574252640E-02
 2.00454696647788E+03	 1.83924057899040E-01
 2.00454970437792E+03	 3.24225258259802E-01
 2.00455244227795E+03	 4.42089761123246E-01
 2.00455518017798E+03	 4.72255486685344E-01
 2.00455791807801E+03	 3.70557148312518E-01
 2.00456065597804E+03	 1.53354461696799E-01
 2.00456339387807E+03	-1.06711772347280E-01
 2.00456613177810E+03	-3.24458241908890E-01
 2.00456886967813E+03	-4.44997710851752E-01
 2.00457160757816E+03	-4.52116029424316E-01
 2.00457434547819E+03	-3.50803666474385E-01
 2.00457708337822E+03	-1.58765906600054E-01
 2.00457982127825E+03	 8.10068915995518E-02
 2.00458255917828E+03	 2.94191598853101E-01
 2.00458529707832E+03	 4.03071435437994E-01
 2.00458803497835E+03	 3.73252188893490E-01
 2.00459077287838E+03	 2.34748106252655E-01
 2.00459351077841E+03	 5.58533210422004E-02
 2.00459624867844E+03	-1.04625699701447E-01
 2.00459898657847E+03	-2.23654413433216E-01
 2.00460172447850E+03	-3.02875914412056E-01
 2.00460446237853E+03	-3.42768490106354E-01
 2.00460720027856E+03	-3.34246951857977E-01
 2.00460993817859E+03	-2.73821723161011E-01
 2.00461267607862E+03	-1.77943712337683E-01
 2.00461541397865E+03	-7.32581432090842E-02
 2.00461815187868E+03	 2.84758810442675E-02
 2.00462088977872E+03	 1.38714776417192E-01
 2.00462362767875E+03	 2.68257815532466E-01
 2.00462636557878E+03	 3.94601765079537E-01
 2.00462910347881E+03	 4.59080799669506E-01
 2.00463184137884E+03	 4.04721909820355E-01
 2.00463457927887E+03	 2.23888956373422E-01
 2.00463731717890E+03	-2.78220531463751E-02
 2.00464005507893E+03	-2.64344167731664E-01
 2.00464279297896E+03	-4.17564565883181E-01
 2.00464553087899E+03	-4.59428291742107E-01
 2.00464826877902E+03	-3.90059239510202E-01
 2.00465100667905E+03	-2.22640311053714E-01
 2.00465374457908E+03	 9.97249665851887E-03
 2.00465648247911E+03	 2.42713291675904E-01
 2.00465922037915E+03	 3.93664010870239E-01
 2.00466195827918E+03	 4.08797164117696E-01
 2.00466469617921E+03	 2.96724167276689E-01
 2.00466743407924E+03	 1.18485211919301E-01
 2.00467017197927E+03	-5.77850632062658E-02
 2.00467290987930E+03	-1.94930532890151E-01
 2.00467564777933E+03	-2.88286673705916E-01
 2.00467838567936E+03	-3.41067188167326E-01
 2.00468112357939E+03	-3.47137668549556E-01
 2.00468386147942E+03	-2.99453061913571E-01
 2.00468659937945E+03	-2.08404087989365E-01
 2.00468933727948E+03	-1.01416679312166E-01
 2.00469207517951E+03	 5.15848718233593E-04
 2.00469481307955E+03	 1.01458125500832E-01
 2.00469755097958E+03	 2.17754201232133E-01
 2.00470028887961E+03	 3.43438964222050E-01
 2.00470302677964E+03	 4.32273982597142E-01
 2.00470576467967E+03	 4.21857112433784E-01
 2.00470850257970E+03	 2.82991540826225E-01
 2.00471124047973E+03	 4.98751449192839E-02
 2.00471397837976E+03	-1.97179007171290E-01
 2.00471671627979E+03	-3.79797464295730E-01
 2.00471945417982E+03	-4.56336977544393E-01
 2.00472219207985E+03	-4.19905594849145E-01
 2.00472492997988E+03	-2.80107126953315E-01
 2.00472766787991E+03	-6.15785240900287E-02
 2.00473040577995E+03	 1.81618337563838E-01
 2.00473314367998E+03	 3.69068215818030E-01
 2.00473588158001E+03	 4.31505018744266E-01
 2.00473861948004E+03	 3.54505103161432E-01
 2.00474135738007E+03	 1.85577622537777E-01
 2.00474409528010E+03	-2.87553986632852E-03
 2.00474683318013E+03	-1.59405959146962E-01
 2.00474957108016E+03	-2.69219695881736E-01
 2.00475230898019E+03	-3.35578918039398E-01
 2.00475504688022E+03	-3.56260885805084E-01
 2.00475778478025E+03	-3.22946150276529E-01
 2.00476052268028E+03	-2.39594674917176E-01
 2.00476326058031E+03	-1.31076058920865E-01
 2.00476599848034E+03	-2.55094295014864E-02
 2.00476873638038E+03	 7.10100862349386E-02
 2.00477147428041E+03	 1.74559622813116E-01
 2.00477421218044E+03	 2.92789503079849E-01
 2.00477695008047E+03	 3.95573734569439E-01
 2.00477968798050E+03	 4.22683038797437E-01
 2.00478242588053E+03	 3.28196746525761E-01
 2.00478516378056E+03	 1.22847733396593E-01
 2.00478790168059E+03	-1.25332221668189E-01
 2.00479063958062E+03	-3.32424810410934E-01
 2.00479337748065E+03	-4.42825317647948E-01
 2.00479611538068E+03	-4.40046858796420E-01
 2.00479885328071E+03	-3.29930592791460E-01
 2.00480159118074E+03	-1.31019855145859E-01
 2.00480432908078E+03	 1.13743000144612E-01
 2.00480706698081E+03	 3.30183494442430E-01
 2.00480980488084E+03	 4.39401036382925E-01
 2.00481254278087E+03	 4.04624179228773E-01
 2.00481528068090E+03	 2.54607281666248E-01
 2.00481801858093E+03	 5.97891430309671E-02
 2.00482075648096E+03	-1.15935208262369E-01
 2.00482349438099E+03	-2.44629748084233E-01
 2.00482623228102E+03	-3.25978303564527E-01
 2.00482897018105E+03	-3.61354413047683E-01
 2.00483170808108E+03	-3.43488514142944E-01
 2.00483444598111E+03	-2.70794925874342E-01
 2.00483718388114E+03	-1.62919827981437E-01
 2.00483992178118E+03	-5.18398722338881E-02
 2.00484265968121E+03	 4.53754443160764E-02
 2.00484539758124E+03	 1.39200090168485E-01
 2.00484813548127E+03	 2.46107432222344E-01
 2.00485087338130E+03	 3.53191523462265E-01
 2.00485361128133E+03	 4.09200749739667E-01
 2.00485634918136E+03	 3.58102665375156E-01
 2.00485908708139E+03	 1.87732263110145E-01
 2.00486182498142E+03	-5.16754149135698E-02
 2.00486456288145E+03	-2.76647580658497E-01
 2.00486730078148E+03	-4.19008247173464E-01
 2.00487003868151E+03	-4.50300784992414E-01
 2.00487277658154E+03	-3.71291533166577E-01
 2.00487551448158E+03	-1.96155560598610E-01
 2.00487825238161E+03	 4.20909401633393E-02
 2.00488099028164E+03	 2.78783030661585E-01
 2.00488372818167E+03	 4.31426210385203E-01
 2.00488646608170E+03	 4.43791151490144E-01
 2.00488920398173E+03	 3.22394608582773E-01
 2.00489194188176E+03	 1.29050804714287E-01
 2.00489467978179E+03	-6.37242915449761E-02
 2.00489741768182E+03	-2.13269595543862E-01
 2.00490015558185E+03	-3.11671518742037E-01
 2.00490289348188E+03	-3.62186589238888E-01
 2.00490563138191E+03	-3.60378932706772E-01
 2.00490836928194E+03	-3.00996111108288E-01
 2.00491110718197E+03	-1.96933477774520E-01
 2.00491384508201E+03	-8.02700624571389E-02
 2.00491658298204E+03	 2.20848185610427E-02
 2.00491932088207E+03	 1.10948211144454E-01
 2.00492205878210E+03	 2.05765658480253E-01
 2.00492479668213E+03	 3.09329830259284E-01
 2.00492753458216E+03	 3.84470039529810E-01
 2.00493027248219E+03	 3.72544579465298E-01
 2.00493301038222E+03	 2.41672509049676E-01
 2.00493574828225E+03	 2.05910536369616E-02
 2.00493848618228E+03	-2.14208803938390E-01
 2.00494122408231E+03	-3.85234284552311E-01
 2.00494396198234E+03	-4.50548458108525E-01
 2.00494669988237E+03	-4.03678783589093E-01
 2.00494943778241E+03	-2.55281446923194E-01
 2.00495217568244E+03	-3.04200743734486E-02
 2.00495491358247E+03	 2.17322461533184E-01
 2.00495765148250E+03	 4.07539608736497E-01
 2.00496038938253E+03	 4.69215504433825E-01
 2.00496312728256E+03	 3.85345758437557E-01
 2.00496586518259E+03	 2.02861925360565E-01
 2.00496860308262E+03	-2.57017063053325E-03
 2.00497134098265E+03	-1.73860386015881E-01
 2.00497407888268E+03	-2.91762995076202E-01
 2.00497681678271E+03	-3.58451954546886E-01
 2.00497955468274E+03	-3.73066871962226E-01
 2.00498229258277E+03	-3.29085684187486E-01
 2.00498503048281E+03	-2.32484767538400E-01
 2.00498776838284E+03	-1.11922715427029E-01
 2.00499050628287E+03	-1.39693478940865E-03
 2.00499324418290E+03	 8.80457459517765E-02
 2.00499598208293E+03	 1.72855712499023E-01
 2.00499871998296E+03	 2.67706749525195E-01
 2.00500145788299E+03	 3.52256329097810E-01
 2.00500419578302E+03	 3.72629535645051E-01
 2.00500693368305E+03	 2.82633255402730E-01
 2.00500967158308E+03	 8.81931270433124E-02
 2.00501240948311E+03	-1.47391047117451E-01
 2.00501514738314E+03	-3.42204803434459E-01
 2.00501788528317E+03	-4.40740864713197E-01
 2.00502062318320E+03	-4.26775325624705E-01
 2.00502336108324E+03	-3.07170612296090E-01
 2.00502609898327E+03	-1.01165257586816E-01
 2.00502883688330E+03	 1.48690359999268E-01
 2.00503157478333E+03	 3.68710112980826E-01
 2.00503431268336E+03	 4.78885647788006E-01
 2.00503705058339E+03	 4.39764772261183E-01
 2.00503978848342E+03	 2.78351037615524E-01
 2.00504252638345E+03	 6.69403283703654E-02
 2.00504526428348E+03	-1.25317969866978E-01
 2.00504800218351E+03	-2.65093968375434E-01
 2.00505074008354E+03	-3.49663950940024E-01
 2.00505347798357E+03	-3.81125079851532E-01
 2.00505621588360E+03	-3.54005030288942E-01
 2.00505895378364E+03	-2.68484961472491E-01
 2.00506169168367E+03	-1.47144628651631E-01
 2.00506442958370E+03	-2.72899616326072E-02
 2.00506716748373E+03	 6.80459887746820E-02
 2.00506990538376E+03	 1.47157523594467E-01
 2.00507264328379E+03	 2.31148878619167E-01
 2.00507538118382E+03	 3.16588984452822E-01
 2.00507811908385E+03	 3.60618526159739E-01
 2.00508085698388E+03	 3.09641060887588E-01
 2.00508359488391E+03	 1.48090703372903E-01
 2.00508633278394E+03	-7.89254485098849E-02
 2.00508907068397E+03	-2.91078641616501E-01
 2.00509180858400E+03	-4.20960221963285E-01
 2.00509454648404E+03	-4.40367971385180E-01
 2.00509728438407E+03	-3.50999734506826E-01
 2.00510002228410E+03	-1.67950690674038E-01
 2.00510276018413E+03	 7.59367262060036E-02
 2.00510549808416E+03	 3.16801391856244E-01
 2.00510823598419E+03	 4.71768139178155E-01
 2.00511097388422E+03	 4.82198832917628E-01
 2.00511371178425E+03	 3.51999482195307E-01
 2.00511644968428E+03	 1.43307965060606E-01
 2.00511918758431E+03	-6.70052289658861E-02
 2.00512192548434E+03	-2.30361078166632E-01
 2.00512466338437E+03	-3.35077449491236E-01
 2.00512740128440E+03	-3.84167764782644E-01
 2.00513013918443E+03	-3.74850975778099E-01
 2.00513287708447E+03	-3.03591717836607E-01
 2.00513561498450E+03	-1.85527313069946E-01
 2.00513835288453E+03	-5.71978435281338E-02
 2.00514109078456E+03	 4.82233557551722E-02
 2.00514382868459E+03	 1.27278511039764E-01
 2.00514656658462E+03	 2.01305486251548E-01
 2.00514930448465E+03	 2.81287217720339E-01
 2.00515204238468E+03	 3.39664415501912E-01
 2.00515478028471E+03	 3.22911318689523E-01
 2.00515751818474E+03	 1.97796627468990E-01
 2.00516025608477E+03	-1.18113518326395E-02
 2.00516299398480E+03	-2.33529994773937E-01
 2.00516573188483E+03	-3.91520536042329E-01
 2.00516846978487E+03	-4.44302186974880E-01
 2.00517120768490E+03	-3.86241883004381E-01
 2.00517394558493E+03	-2.29072072499766E-01
 2.00517668348496E+03	 2.01689569817588E-03
 2.00517942138499E+03	 2.54368870365547E-01
 2.00518215928502E+03	 4.47901859211775E-01
 2.00518489718505E+03	 5.09773670185435E-01
 2.00518763508508E+03	 4.19914454572280E-01
 2.00519037298511E+03	 2.24102102393648E-01
 2.00519311088514E+03	 1.02761666691890E-03
 2.00519584878517E+03	-1.86308105276534E-01
 2.00519858668520E+03	-3.13670093334795E-01
 2.00520132458523E+03	-3.81739787046894E-01
 2.00520406248527E+03	-3.90905647328388E-01
 2.00520680038530E+03	-3.36410661684020E-01
 2.00520953828533E+03	-2.26034172569664E-01
 2.00521227618536E+03	-9.19216014895029E-02
 2.00521501408539E+03	 2.59901070130255E-02
 2.00521775198542E+03	 1.10937698436890E-01
 2.00522048988545E+03	 1.78520261047720E-01
 2.00522322778548E+03	 2.49515516869058E-01
 2.00522596568551E+03	 3.13434880095901E-01
 2.00522870358554E+03	 3.23835389415460E-01
 2.00523144148557E+03	 2.35659858960383E-01
 2.00523417938560E+03	 5.09375940046104E-02
 2.00523691728563E+03	-1.71734066561645E-01
 2.00523965518567E+03	-3.53081444316821E-01
 2.00524239308570E+03	-4.38492164011922E-01
 2.00524513098573E+03	-4.12555626679864E-01
 2.00524786888576E+03	-2.83298522705713E-01
 2.00525060678579E+03	-7.04165753823846E-02
 2.00525334468582E+03	 1.84399239306606E-01
 2.00525608258585E+03	 4.08376699377705E-01
 2.00525882048588E+03	 5.20476422340458E-01
 2.00526155838591E+03	 4.78168663406073E-01
 2.00526429628594E+03	 3.06059010387115E-01
 2.00526703418597E+03	 7.78549574667894E-02
 2.00526977208600E+03	-1.31968954858380E-01
 2.00527250998603E+03	-2.84201536411840E-01
 2.00527524788606E+03	-3.73210105276241E-01
 2.00527798578610E+03	-4.01596032437005E-01
 2.00528072368613E+03	-3.65657013516592E-01
 2.00528346158616E+03	-2.67199978857996E-01
 2.00528619948619E+03	-1.31405418000700E-01
 2.00528893738622E+03	-7.38037906946408E-04
 2.00529167528625E+03	 9.53508143054350E-02
 2.00529441318628E+03	 1.61874929413890E-01
 2.00529715108631E+03	 2.23427424196214E-01
 2.00529988898634E+03	 2.85667122470549E-01
 2.00530262688637E+03	 3.14820906450712E-01
 2.00530536478640E+03	 2.61067298178721E-01
 2.00530810268643E+03	 1.06589875128180E-01
 2.00531084058646E+03	-1.08266979981491E-01
 2.00531357848650E+03	-3.06744067976226E-01
 2.00531631638653E+03	-4.22982800258010E-01
 2.00531905428656E+03	-4.29698240582680E-01
 2.00532179218659E+03	-3.29798245930317E-01
 2.00532453008662E+03	-1.39151411826947E-01
 2.00532726798665E+03	 1.10029847617797E-01
 2.00533000588668E+03	 3.55202464601196E-01
 2.00533274378671E+03	 5.13349832845682E-01
 2.00533548168674E+03	 5.23166199199531E-01
 2.00533821958677E+03	 3.85294784858951E-01
 2.00534095748680E+03	 1.61575885753646E-01
 2.00534369538683E+03	-6.69278476645590E-02
 2.00534643328686E+03	-2.45355335822935E-01
 2.00534917118690E+03	-3.57703803504454E-01
 2.00535190908693E+03	-4.06400688496396E-01
 2.00535464698696E+03	-3.90250042196779E-01
 2.00535738488699E+03	-3.07359120392639E-01
 2.00536012278702E+03	-1.74808399235132E-01
 2.00536286068705E+03	-3.32749712673687E-02
 2.00536559858708E+03	 7.76594482078096E-02
 2.00536833648711E+03	 1.49394972853637E-01
 2.00537107438714E+03	 2.03944762187174E-01
 2.00537381228717E+03	 2.59712207790658E-01
 2.00537655018720E+03	 2.98999633033707E-01
 2.00537928808723E+03	 2.74527994215327E-01
 2.00538202598726E+03	 1.52993426818280E-01
 2.00538476388729E+03	-4.59219483932917E-02
 2.00538750178733E+03	-2.54098548656228E-01
 2.00539023968736E+03	-3.98047446581093E-01
 2.00539297758739E+03	-4.37483397044829E-01
 2.00539571548742E+03	-3.68031755529841E-01
 2.00539845338745E+03	-2.02473064555660E-01
 2.00540119128748E+03	 3.42860918762819E-02
 2.00540392918751E+03	 2.91088809220612E-01
 2.00540666708754E+03	 4.88573623882959E-01
 2.00540940498757E+03	 5.51989142549021E-01
 2.00541214288760E+03	 4.57613399880272E-01
 2.00541488078763E+03	 2.49327847796356E-01
 2.00541761868766E+03	 8.44437065736322E-03
 2.00542035658769E+03	-1.95952022815040E-01
 2.00542309448773E+03	-3.34101073924700E-01
 2.00542583238776E+03	-4.04733416727214E-01
 2.00542857028779E+03	-4.09329230798463E-01
 2.00543130818782E+03	-3.44858074352946E-01
 2.00543404608785E+03	-2.20676952619333E-01
 2.00543678398788E+03	-7.20259230030551E-02
 2.00543952188791E+03	 5.53432085629030E-02
 2.00544225978794E+03	 1.38385188553885E-01
 2.00544499768797E+03	 1.90700732750717E-01
 2.00544773558800E+03	 2.38129710044620E-01
 2.00545047348803E+03	 2.79837201734460E-01
 2.00545321138806E+03	 2.77619081126415E-01
 2.00545594928809E+03	 1.88828009685507E-01
 2.00545868718813E+03	 1.25400695773219E-02
 2.00546142508816E+03	-1.97200131418352E-01
 2.00546416298819E+03	-3.64295670472103E-01
 2.00546690088822E+03	-4.35792347525023E-01
 2.00546963878825E+03	-3.97641978181480E-01
 2.00547237668828E+03	-2.59146746435864E-01
 2.00547511458831E+03	-4.01303519060067E-02
 2.00547785248834E+03	 2.19168735941521E-01
 2.00548059038837E+03	 4.47424450744245E-01
 2.00548332828840E+03	 5.62680940223434E-01
 2.00548606618843E+03	 5.18875801448545E-01
 2.00548880408846E+03	 3.37424126793221E-01
 2.00549154198849E+03	 9.28194139097263E-02
 2.00549427988852E+03	-1.35206619469333E-01
 2.00549701778856E+03	-3.01119537156094E-01
 2.00549975568859E+03	-3.95839984539767E-01
 2.00550249358862E+03	-4.22198789921842E-01
 2.00550523148865E+03	-3.78214676254252E-01
 2.00550796938868E+03	-2.67177951036817E-01
 2.00551070728871E+03	-1.16486248041683E-01
 2.00551344518874E+03	 2.65589994504107E-02
 2.00551618308877E+03	 1.25845325892780E-01
 2.00551892098880E+03	 1.82152426774692E-01
 2.00552165888883E+03	 2.22387352949288E-01
 2.00552439678886E+03	 2.60694543692791E-01
 2.00552713468889E+03	 2.72792487574891E-01
 2.00552987258892E+03	 2.13770215870993E-01
 2.00553261048896E+03	 6.46729929229395E-02
 2.00553534838899E+03	-1.38462981488935E-01
 2.00553808628902E+03	-3.22760808336728E-01
 2.00554082418905E+03	-4.24634509550508E-01
 2.00554356208908E+03	-4.18368362648057E-01
 2.00554629998911E+03	-3.08341190007458E-01
 2.00554903788914E+03	-1.10979915745403E-01
 2.00555177578917E+03	 1.42704660719907E-01
 2.00555451368920E+03	 3.92122616293027E-01
 2.00555725158923E+03	 5.54430542376120E-01
 2.00555998948926E+03	 5.65385869460431E-01
 2.00556272738929E+03	 4.21607838287996E-01
 2.00556546528932E+03	 1.83841457060754E-01
 2.00556820318936E+03	-6.29923543020381E-02
 2.00557094108939E+03	-2.57480310712719E-01
 2.00557367898942E+03	-3.78742924617815E-01
 2.00557641688945E+03	-4.28223145952262E-01
 2.00557915478948E+03	-4.06200508504441E-01
 2.00558189268951E+03	-3.12346090584991E-01
 2.00558463058954E+03	-1.65363791630988E-01
 2.00558736848957E+03	-9.63495801316103E-03
 2.00559010638960E+03	 1.08906138687761E-01
 2.00559284428963E+03	 1.75844587337303E-01
 2.00559558218966E+03	 2.12706244611094E-01
 2.00559832008969E+03	 2.44399310795815E-01
 2.00560105798972E+03	 2.63062217773342E-01
 2.00560379588976E+03	 2.28539326578949E-01
 2.00560653378979E+03	 1.08620071611235E-01
 2.00560927168982E+03	-8.04761893972197E-02
 2.00561200958985E+03	-2.74938739703695E-01
 2.00561474748988E+03	-4.04241144731701E-01
 2.00561748538991E+03	-4.30004631325894E-01
 2.00562022328994E+03	-3.49519950354148E-01
 2.00562296118997E+03	-1.76541083778326E-01
 2.00562569909000E+03	 6.48163219215306E-02
 2.00562843699003E+03	 3.25589109046559E-01
 2.00563117489006E+03	 5.27634599060545E-01
 2.00563391279009E+03	 5.94245198188208E-01
 2.00563665069012E+03	 4.97397782425382E-01
 2.00563938859015E+03	 2.78180448583080E-01
 2.00564212649019E+03	 1.99332685203924E-02
 2.00564486439022E+03	-2.02141148004025E-01
 2.00564760229025E+03	-3.52261154871749E-01
 2.00565034019028E+03	-4.26707247874242E-01
 2.00565307809031E+03	-4.27840404820832E-01
 2.00565581599034E+03	-3.54300658675572E-01
 2.00565855389037E+03	-2.16792759627707E-01
 2.00566129179040E+03	-5.31931937619746E-02
 2.00566402969043E+03	 8.52253702558749E-02
 2.00566676759046E+03	 1.68785539828320E-01
 2.00566950549049E+03	 2.08072150762570E-01
 2.00567224339052E+03	 2.32885644398558E-01
 2.00567498129055E+03	 2.51610548245265E-01
 2.00567771919059E+03	 2.34808683633068E-01
 2.00568045709062E+03	 1.43336225519763E-01
 2.00568319499065E+03	-2.57619245496624E-02
 2.00568593289068E+03	-2.22756968746976E-01
 2.00568867079071E+03	-3.75166878030896E-01
 2.00569140869074E+03	-4.32408568110223E-01
 2.00569414659077E+03	-3.82329499649293E-01
 2.00569688449080E+03	-2.35589081022624E-01
 2.00569962239083E+03	-1.17360423509854E-02
 2.00570236029086E+03	 2.51148129313460E-01
 2.00570509819089E+03	 4.83831677949389E-01
 2.00570783609092E+03	 6.03631703155138E-01
 2.00571057399095E+03	 5.60487122126637E-01
 2.00571331189099E+03	 3.71714638540758E-01
 2.00571604979102E+03	 1.11782330966832E-01
 2.00571878769105E+03	-1.34564805082710E-01
 2.00572152559108E+03	-3.15117079731926E-01
 2.00572426349111E+03	-4.16799843967609E-01
 2.00572700139114E+03	-4.42341302538135E-01
 2.00572973929117E+03	-3.91396727029324E-01
 2.00573247719120E+03	-2.68594754703951E-01
 2.00573521509123E+03	-1.03135668071309E-01
 2.00573795299126E+03	 5.32914592464718E-02
 2.00574069089129E+03	 1.57881199539421E-01
 2.00574342879132E+03	 2.06409998553342E-01
 2.00574616669135E+03	 2.26952077072751E-01
 2.00574890459138E+03	 2.41364845581417E-01
 2.00575164249142E+03	 2.34986969878956E-01
 2.00575438039145E+03	 1.68719173368725E-01
 2.00575711829148E+03	 2.34914259480034E-02
 2.00575985619151E+03	-1.68465467610958E-01
 2.00576259409154E+03	-3.38369986614277E-01
 2.00576533199157E+03	-4.25559461899781E-01
 2.00576806989160E+03	-4.06511021498910E-01
 2.00577080779163E+03	-2.87315020311884E-01
 2.00577354569166E+03	-8.46907061472400E-02
 2.00577628359169E+03	 1.72216302406402E-01
 2.00577902149172E+03	 4.25519952598723E-01
 2.00578175939175E+03	 5.92966716482059E-01
 2.00578449729178E+03	 6.07146750394508E-01
 2.00578723519182E+03	 4.59829431612751E-01
 2.00578997309185E+03	 2.09703890635353E-01
 2.00579271099188E+03	-5.49803597450478E-02
 2.00579544889191E+03	-2.66126439455206E-01
 2.00579818679194E+03	-3.97454416299742E-01
 2.00580092469197E+03	-4.48978034326558E-01
 2.00580366259200E+03	-4.22291583983830E-01
 2.00580640049203E+03	-3.18538596676113E-01
 2.00580913839206E+03	-1.57718194697525E-01
 2.00581187629209E+03	 1.25986883853349E-02
 2.00581461419212E+03	 1.40366248054647E-01
 2.00581735209215E+03	 2.04895933655044E-01
 2.00582008999218E+03	 2.26171324723288E-01
 2.00582282789222E+03	 2.34602670355026E-01
 2.00582556579225E+03	 2.31893754644044E-01
 2.00582830369228E+03	 1.85622026295653E-01
 2.00583104159231E+03	 6.56805027959314E-02
 2.00583377949234E+03	-1.14455629002805E-01
 2.00583651739237E+03	-2.95244545481793E-01
 2.00583925529240E+03	-4.09647046649897E-01
 2.00584199319243E+03	-4.21855294510863E-01
 2.00584473109246E+03	-3.31211856281514E-01
 2.00584746899249E+03	-1.52337079433262E-01
 2.00585020689252E+03	 9.20193697302349E-02
 2.00585294479255E+03	 3.55885440141902E-01
 2.00585568269258E+03	 5.62950106784022E-01
 2.00585842059261E+03	 6.34582896683993E-01
 2.00586115849265E+03	 5.37802020975675E-01
 2.00586389639268E+03	 3.09883729637311E-01
 2.00586663429271E+03	 3.54084789561154E-02
 2.00586937219274E+03	-2.04448584581987E-01
 2.00587211009277E+03	-3.67471786371438E-01
 2.00587484799280E+03	-4.46973250133489E-01
 2.00587758589283E+03	-4.45925986076530E-01
 2.00588032379286E+03	-3.64555176931403E-01
 2.00588306169289E+03	-2.14682765866141E-01
 2.00588579959292E+03	-3.63215503399561E-02
 2.00588853749295E+03	 1.14173917683357E-01
 2.00589127539298E+03	 2.00362215426793E-01
 2.00589401329301E+03	 2.28964563201823E-01
 2.00589675119305E+03	 2.32640304408391E-01
 2.00589948909308E+03	 2.28370616016544E-01
 2.00590222699311E+03	 1.95736936598429E-01
 2.00590496489314E+03	 9.99808842688662E-02
 2.00590770279317E+03	-6.30283810338050E-02
 2.00591044069320E+03	-2.47585397171838E-01
 2.00591317859323E+03	-3.85167340044462E-01
 2.00591591649326E+03	-4.28208898730708E-01
 2.00591865439329E+03	-3.66956809015611E-01
 2.00592139229332E+03	-2.13487969950600E-01
 2.00592413019335E+03	 1.33704859707588E-02
 2.00592686809338E+03	 2.78479235249293E-01
 2.00592960599341E+03	 5.15460848285918E-01
 2.00593234389345E+03	 6.41203499422721E-01
 2.00593508179348E+03	 6.01227504838669E-01
 2.00593781969351E+03	 4.07776721033147E-01
 2.00594055759354E+03	 1.34310064320446E-01
 2.00594329549357E+03	-1.29860266825831E-01
 2.00594603339360E+03	-3.25632397699428E-01
 2.00594877129363E+03	-4.35410679908235E-01
 2.00595150919366E+03	-4.61438009386191E-01
 2.00595424709369E+03	-4.04875833735576E-01
 2.00595698499372E+03	-2.71540091967455E-01
 2.00595972289375E+03	-9.20061827494744E-02
 2.00596246079378E+03	 7.81968772770892E-02
 2.00596519869381E+03	 1.89737909574130E-01
 2.00596793659385E+03	 2.32829629883563E-01
 2.00597067449388E+03	 2.35649043327577E-01
 2.00597341239391E+03	 2.26880367136989E-01
 2.00597615029394E+03	 2.01358865629373E-01
 2.00597888819397E+03	 1.26448038911804E-01
 2.00598162609400E+03	-1.61442833808249E-02
 2.00598436399403E+03	-1.97479160916827E-01
 2.00598710189406E+03	-3.52997401307967E-01
 2.00598983979409E+03	-4.25527408606534E-01
 2.00599257769412E+03	-3.94317465622907E-01
 2.00599531559415E+03	-2.67390223212399E-01
 2.00599805349418E+03	-6.14674417976185E-02
 2.00600079139421E+03	 1.96887577286521E-01
 2.00600352929424E+03	 4.53338669369533E-01
 2.00600626719428E+03	 6.26759505762748E-01
 2.00600900509431E+03	 6.46434439337408E-01
 2.00601174299434E+03	 4.98452457232386E-01
 2.00601448089437E+03	 2.38357241748714E-01
 2.00601721879440E+03	-4.30071782596746E-02
 2.00601995669443E+03	-2.70907805401530E-01
 2.00602269459446E+03	-4.13214958414294E-01
 2.00602543249449E+03	-4.68041514836419E-01
 2.00602817039452E+03	-4.38080183132324E-01
 2.00603090829455E+03	-3.25835416595331E-01
 2.00603364619458E+03	-1.52274966109506E-01
 2.00603638409461E+03	 3.24096354729965E-02
 2.00603912199464E+03	 1.70464572990156E-01
 2.00604185989468E+03	 2.34690928281325E-01
 2.00604459779471E+03	 2.42626047009494E-01
 2.00604733569474E+03	 2.29150451170531E-01
 2.00605007359477E+03	 2.05057450304291E-01
 2.00605281149480E+03	 1.46002230577326E-01
 2.00605554939483E+03	 2.48050414351480E-02
 2.00605828729486E+03	-1.47128906143608E-01
 2.00606102519489E+03	-3.14423471560361E-01
 2.00606376309492E+03	-4.13959738343781E-01
 2.00606650099495E+03	-4.13101164737759E-01
 2.00606923889498E+03	-3.13601150070153E-01
 2.00607197679501E+03	-1.30827611959313E-01
 2.00607471469504E+03	 1.14437236899860E-01
 2.00607745259508E+03	 3.80078166312852E-01
 2.00608019049511E+03	 5.92343888661263E-01
 2.00608292839514E+03	 6.70837478353272E-01
 2.00608566629517E+03	 5.77017216590589E-01
 2.00608840419520E+03	 3.43259282578313E-01
 2.00609114209523E+03	 5.44138836996323E-02
 2.00609387999526E+03	-2.02723301812251E-01
 2.00609661789529E+03	-3.79218270640586E-01
 2.00609935579532E+03	-4.64908853383394E-01
 2.00610209369535E+03	-4.63058703269895E-01
 2.00610483159538E+03	-3.75355976480294E-01
 2.00610756949541E+03	-2.14511466766318E-01
 2.00611030739544E+03	-2.21552640602347E-02
 2.00611304529547E+03	 1.40831441973006E-01
 2.00611578319551E+03	 2.31321923658440E-01
 2.00611852109554E+03	 2.51524821757363E-01
 2.00612125899557E+03	 2.35911717514540E-01
 2.00612399689560E+03	 2.09300224580721E-01
 2.00612673479563E+03	 1.60291370840811E-01
 2.00612947269566E+03	 5.91648954242222E-02
 2.00613221059569E+03	-9.86340200319698E-02
 2.00613494849572E+03	-2.71104885664603E-01
 2.00613768639575E+03	-3.93939659455002E-01
 2.00614042429578E+03	-4.23156086761367E-01
 2.00614316219581E+03	-3.51861373851398E-01
 2.00614590009584E+03	-1.93600744175186E-01
 2.00614863799587E+03	 3.39709612751541E-02
 2.00615137589591E+03	 2.99477679021180E-01
 2.00615411379594E+03	 5.40250327875339E-01
 2.00615685169597E+03	 6.73182003069423E-01
 2.00615958959600E+03	 6.39062599830149E-01
 2.00616232749603E+03	 4.44086971825517E-01
 2.00616506539606E+03	 1.59582670797602E-01
 2.00616780329609E+03	-1.21230119767841E-01
 2.00617054119612E+03	-3.32316455365443E-01
 2.00617327909615E+03	-4.51096986187241E-01
 2.00617601699618E+03	-4.78913041687814E-01
 2.00617875489621E+03	-4.18252829360871E-01
 2.00618149279624E+03	-2.75960610469705E-01
 2.00618423069627E+03	-8.35627332170199E-02
 2.00618696859631E+03	 1.00188125723788E-01
 2.00618970649634E+03	 2.19781554597229E-01
 2.00619244439637E+03	 2.59527768661525E-01
 2.00619518229640E+03	 2.46771136422173E-01
 2.00619792019643E+03	 2.16079540201585E-01
 2.00620065809646E+03	 1.71444750782345E-01
 2.00620339599649E+03	 8.70926844241017E-02
 2.00620613389652E+03	-5.37575567951355E-02
 2.00620887179655E+03	-2.24968158344223E-01
 2.00621160969658E+03	-3.66257364020134E-01
 2.00621434759661E+03	-4.24419939920220E-01
 2.00621708549664E+03	-3.81992099970960E-01
 2.00621982339667E+03	-2.49132418610221E-01
 2.00622256129670E+03	-4.22850465390060E-02
 2.00622529919674E+03	 2.15289692147847E-01
 2.00622803709677E+03	 4.73712325639732E-01
 2.00623077499680E+03	 6.53649514697597E-01
 2.00623351289683E+03	 6.81085331126042E-01
 2.00623625079686E+03	 5.35664343401374E-01
 2.00623898869689E+03	 2.68619514489597E-01
 2.00624172659692E+03	-2.75388472537758E-02
 2.00624446449695E+03	-2.71698107985975E-01
 2.00624720239698E+03	-4.25547717154299E-01
 2.00624994029701E+03	-4.84829722343786E-01
 2.00625267819704E+03	-4.53068431444868E-01
 2.00625541609707E+03	-3.33994408829060E-01
 2.00625815399710E+03	-1.49228744679837E-01
 2.00626089189714E+03	 4.90122695534178E-02
 2.00626362979717E+03	 1.97805089032000E-01
 2.00626636769720E+03	 2.63423102883816E-01
 2.00626910559723E+03	 2.60238371661610E-01
 2.00627184349726E+03	 2.26596829072501E-01
 2.00627458139729E+03	 1.81748296806177E-01
 2.00627731929732E+03	 1.09521054309251E-01
 2.00628005719735E+03	-1.37188351936837E-02
 2.00628279509738E+03	-1.78039548053739E-01
 2.00628553299741E+03	-3.32086496940740E-01
 2.00628827089744E+03	-4.17000715675369E-01
 2.00629100879747E+03	-4.03836999158567E-01
 2.00629374669750E+03	-2.97085424918797E-01
 2.00629648459754E+03	-1.12755221908165E-01
 2.00629922249757E+03	 1.30916878409483E-01
 2.00630196039760E+03	 3.96559180717331E-01
 2.00630469829763E+03	 6.13811040936619E-01
 2.00630743619766E+03	 7.00824821730068E-01
 2.00631017409769E+03	 6.13023530461687E-01
 2.00631291199772E+03	 3.76793228589196E-01
 2.00631564989775E+03	 7.61329913964034E-02
 2.00631838779778E+03	-1.97113143906883E-01
 2.00632112569781E+03	-3.87177736023198E-01
 2.00632386359784E+03	-4.79968313617994E-01
 2.00632660149787E+03	-4.78680836031028E-01
 2.00632933939790E+03	-3.86307228657408E-01
 2.00633207729794E+03	-2.16225660035510E-01
 2.00633481519797E+03	-1.11680348319922E-02
 2.00633755309800E+03	 1.64097986238840E-01
 2.00634029099803E+03	 2.60033886635383E-01
 2.00634302889806E+03	 2.73904287473745E-01
 2.00634576679809E+03	 2.41050983029219E-01
 2.00634850469812E+03	 1.93285547982355E-01
 2.00635124259815E+03	 1.28006710582515E-01
 2.00635398049818E+03	 2.09519811674015E-02
 2.00635671839821E+03	-1.32237580955097E-01
 2.00635945629824E+03	-2.92949934587779E-01
 2.00636219419827E+03	-4.01265936446205E-01
 2.00636493209830E+03	-4.17257513799101E-01
 2.00636766999833E+03	-3.37299272886418E-01
 2.00637040789837E+03	-1.76459687958159E-01
 2.00637314579840E+03	 4.91887885835108E-02
 2.00637588369843E+03	 3.12835380354534E-01
 2.00637862159846E+03	 5.56436167415076E-01
 2.00638135949849E+03	 6.97474962744865E-01
 2.00638409739852E+03	 6.71868036046117E-01
 2.00638683529855E+03	 4.78859073122313E-01
 2.00638957319858E+03	 1.86436699154913E-01
 2.00639231109861E+03	-1.09135402297354E-01
 2.00639504899864E+03	-3.35055354506295E-01
 2.00639778689867E+03	-4.63402163010388E-01
 2.00640052479870E+03	-4.94192114187804E-01
 2.00640326269873E+03	-4.31018080690108E-01
 2.00640600059877E+03	-2.81588264843105E-01
 2.00640873849880E+03	-7.79757799946018E-02
 2.00641147639883E+03	 1.18496878578557E-01
 2.00641421429886E+03	 2.46640139071553E-01
 2.00641695219889E+03	 2.84747719801183E-01
 2.00641969009892E+03	 2.58563510273736E-01
 2.00642242799895E+03	 2.07595630086966E-01
 2.00642516589898E+03	 1.44480843652427E-01
 2.00642790379901E+03	 5.04682231690478E-02
 2.00643064169904E+03	-8.91569387356784E-02
 2.00643337959907E+03	-2.50619331044717E-01
 2.00643611749910E+03	-3.77913736725124E-01
 2.00643885539913E+03	-4.22177698530893E-01
 2.00644159329917E+03	-3.69676076850216E-01
 2.00644433119920E+03	-2.32892943773014E-01
 2.00644706909923E+03	-2.77599120196112E-02
 2.00644980699926E+03	 2.26433102223469E-01
 2.00645254489929E+03	 4.85184517269986E-01
 2.00645528279932E+03	 6.71742877993756E-01
 2.00645802069935E+03	 7.08986273961868E-01
 2.00646075859938E+03	 5.69492752199986E-01
 2.00646349649941E+03	 2.99012592213516E-01
 2.00646623439944E+03	-9.36950581083026E-03
 2.00646897229947E+03	-2.68641616501508E-01
 2.00647171019950E+03	-4.34139015493228E-01
 2.00647444809953E+03	-4.98799490598040E-01
 2.00647718599956E+03	-4.66676850001143E-01
 2.00647992389960E+03	-3.42573608566781E-01
 2.00648266179963E+03	-1.48471816956843E-01
 2.00648539969966E+03	 6.19823567041488E-02
 2.00648813759969E+03	 2.21337001213699E-01
 2.00649087549972E+03	 2.89528505706758E-01
 2.00649361339975E+03	 2.77253836182810E-01
 2.00649635129978E+03	 2.25398811205746E-01
 2.00649908919981E+03	 1.60933509228333E-01
 2.00650182709984E+03	 7.57340408896456E-02
 2.00650456499987E+03	-4.98797795290576E-02
 2.00650730289990E+03	-2.06956900399675E-01
 2.00651004079993E+03	-3.48001660544432E-01
 2.00651277869996E+03	-4.18663174910513E-01
 2.00651551660000E+03	-3.94113818769684E-01
 2.00651825450003E+03	-2.81867611019041E-01
 2.00652099240006E+03	-9.85054120353535E-02
 2.00652373030009E+03	 1.40783265167528E-01
 2.00652646820012E+03	 4.04221699176984E-01
 2.00652920610015E+03	 6.25747667448582E-01
 2.00653194400018E+03	 7.22562159906636E-01
 2.00653468190021E+03	 6.43770512582348E-01
 2.00653741980024E+03	 4.08754834664132E-01
 2.00654015770027E+03	 9.94436037099280E-02
 2.00654289560030E+03	-1.88057419507825E-01
 2.00654563350033E+03	-3.91232150625686E-01
 2.00654837140036E+03	-4.91690737315170E-01
 2.00655110930040E+03	-4.92190596392306E-01
 2.00655384720043E+03	-3.96839725463287E-01
 2.00655658510046E+03	-2.19477730485027E-01
 2.00655932300049E+03	-3.44945699780282E-03
 2.00656206090052E+03	 1.83282386084972E-01
 2.00656479880055E+03	 2.85212642446436E-01
 2.00656753670058E+03	 2.94456558982655E-01
 2.00657027460061E+03	 2.46431703075073E-01
 2.00657301250064E+03	 1.79076194049247E-01
 2.00657575040067E+03	 9.81853925267318E-02
 2.00657848830070E+03	-1.48488868837422E-02
 2.00658122620073E+03	-1.63720502277548E-01
 2.00658396410076E+03	-3.12916802111907E-01
 2.00658670200079E+03	-4.07010655755050E-01
 2.00658943990083E+03	-4.10496190868894E-01
 2.00659217780086E+03	-3.23357385667643E-01
 2.00659491570089E+03	-1.62257139549681E-01
 2.00659765360092E+03	 5.86397145479509E-02
 2.00660039150095E+03	 3.17810673199859E-01
 2.00660312940098E+03	 5.62773517622722E-01
 2.00660586730101E+03	 7.12342239164879E-01
 2.00660860520104E+03	 6.97636388022662E-01
 2.00661134310107E+03	 5.10199132645416E-01
 2.00661408100110E+03	 2.13455671610605E-01
 2.00661681890113E+03	-9.43284345077990E-02
 2.00661955680116E+03	-3.33973134710337E-01
 2.00662229470119E+03	-4.71999998187682E-01
 2.00662503260123E+03	-5.06701516159140E-01
 2.00662777050126E+03	-4.42525794556877E-01
 2.00663050840129E+03	-2.87883681469848E-01
 2.00663324630132E+03	-7.50290838374687E-02
 2.00663598420135E+03	 1.32804753120451E-01
 2.00663872210138E+03	 2.69371388304250E-01
 2.00664146000141E+03	 3.07051938575542E-01
 2.00664419790144E+03	 2.69419016918227E-01
 2.00664693580147E+03	 2.00032066589943E-01
 2.00664967370150E+03	 1.19542714889192E-01
 2.00665241160153E+03	 1.61709354597724E-02
 2.00665514950156E+03	-1.22362397009450E-01
 2.00665788740159E+03	-2.74282434518158E-01
 2.00666062530163E+03	-3.87821366106083E-01
 2.00666336320166E+03	-4.18735161370781E-01
 2.00666610110169E+03	-3.57369897091561E-01
 2.00666883900172E+03	-2.18712352020955E-01
 2.00667157690175E+03	-1.80244956555808E-02
 2.00667431480178E+03	 2.29930863991037E-01
 2.00667705270181E+03	 4.86910786212084E-01
 2.00667979060184E+03	 6.79637516739405E-01
 2.00668252850187E+03	 7.28297028957730E-01
 2.00668526640190E+03	 5.97991815440332E-01
 2.00668800430193E+03	 3.27889172967277E-01
 2.00669074220196E+03	 1.04420504518075E-02
 2.00669348010199E+03	-2.62138476050593E-01
 2.00669621800203E+03	-4.38847386163601E-01
 2.00669895590206E+03	-5.09457049710409E-01
 2.00670169380209E+03	-4.78236154389595E-01
 2.00670443170212E+03	-3.50896688124879E-01
 2.00670716960215E+03	-1.49526727168186E-01
 2.00670990750218E+03	 7.13628724402253E-02
 2.00671264540221E+03	 2.40500720016631E-01
 2.00671538330224E+03	 3.11864540916540E-01
 2.00671812120227E+03	 2.92189259452458E-01
 2.00672085910230E+03	 2.24101049185225E-01
 2.00672359700233E+03	 1.41508443279804E-01
 2.00672633490236E+03	 4.40299128455304E-02
 2.00672907280239E+03	-8.38561455219659E-02
 2.00673181070242E+03	-2.33809392791830E-01
 2.00673454860246E+03	-3.62034180977410E-01
 2.00673728650249E+03	-4.18850571249756E-01
 2.00674002440252E+03	-3.83871325580952E-01
 2.00674276230255E+03	-2.67877242110108E-01
 2.00674550020258E+03	-8.80075738607845E-02
 2.00674823810261E+03	 1.43971075504645E-01
 2.00675097600264E+03	 4.02632938005497E-01
 2.00675371390267E+03	 6.27160086015145E-01
 2.00675645180270E+03	 7.34492609210504E-01
 2.00675918970273E+03	 6.67384643128082E-01
 2.00676192760276E+03	 4.37356696989014E-01
 2.00676466550279E+03	 1.23015117803528E-01
 2.00676740340282E+03	-1.76247903747703E-01
 2.00677014130286E+03	-3.91467730500881E-01
 2.00677287920289E+03	-4.99713336879527E-01
 2.00677561710292E+03	-5.02949158177070E-01
 2.00677835500295E+03	-4.06198679129734E-01
 2.00678109290298E+03	-2.23585310391697E-01
 2.00678383080301E+03	 1.37131453581917E-03
 2.00678656870304E+03	 1.98220072146391E-01
 2.00678930660307E+03	 3.06075296036002E-01
 2.00679204450310E+03	 3.11920844428862E-01
 2.00679478240313E+03	 2.50637070667055E-01
 2.00679752030316E+03	 1.65452911881598E-01
 2.00680025820319E+03	 7.00316131413675E-02
 2.00680299610322E+03	-4.85840690780821E-02
 2.00680573400326E+03	-1.93112688300646E-01
 2.00680847190329E+03	-3.30901979589113E-01
 2.00681120980332E+03	-4.11062767987279E-01
 2.00681394770335E+03	-4.02772186360950E-01
 2.00681668560338E+03	-3.09891080133573E-01
 2.00681942350341E+03	-1.50772170554871E-01
 2.00682216140344E+03	 6.25294208085565E-02
 2.00682489930347E+03	 3.14364431968762E-01
 2.00682763720350E+03	 5.58716608255050E-01
 2.00683037510353E+03	 7.16607920642833E-01
 2.00683311300356E+03	 7.14693322365385E-01
 2.00683585090359E+03	 5.36291840757133E-01
 2.00683858880362E+03	 2.39100796173631E-01
 2.00684132670365E+03	-7.77844716307266E-02
 2.00684406460369E+03	-3.29414055632952E-01
 2.00684680250372E+03	-4.76705597205691E-01
 2.00684954040375E+03	-5.15885801462279E-01
 2.00685227830378E+03	-4.52002203196306E-01
 2.00685501620381E+03	-2.94023255488951E-01
 2.00685775410383E+03	-7.40755397061671E-02
 2.00686049200387E+03	 1.43327711398862E-01
 2.00686322990390E+03	 2.87590734664074E-01
 2.00686596780393E+03	 3.25486019105887E-01
 2.00686870570396E+03	 2.78059081858551E-01
 2.00687144360399E+03	 1.92135896712503E-01
 2.00687418150402E+03	 9.56918052202882E-02
 2.00687691940405E+03	-1.63095857235005E-02
 2.00687965730409E+03	-1.53522736108289E-01
 2.00688239520412E+03	-2.95906117618781E-01
 2.00688513310415E+03	-3.95871063799605E-01
 2.00688787100418E+03	-4.13970052555392E-01
 2.00689060890421E+03	-3.44885655953969E-01
 2.00689334680424E+03	-2.06270874209700E-01
 2.00689608470427E+03	-1.26638089296326E-02
 2.00689882260430E+03	 2.26093828478628E-01
 2.00690156050433E+03	 4.78799439887217E-01
 2.00690429840436E+03	 6.76608705667876E-01
 2.00690703630439E+03	 7.37660313994110E-01
 2.00690977420442E+03	 6.19443246498066E-01
 2.00691251210445E+03	 3.53592373648003E-01
 2.00691525000449E+03	 3.06721743777671E-02
 2.00691798790452E+03	-2.52803379388848E-01
 2.00692072580455E+03	-4.39704455986192E-01
 2.00692346370458E+03	-5.16379854988557E-01
 2.00692620160461E+03	-4.87011560537273E-01
 2.00692893950464E+03	-3.58065629254165E-01
 2.00693167740467E+03	-1.51534906078431E-01
 2.00693441530470E+03	 7.77115205042699E-02
 2.00693715320473E+03	 2.55320049949893E-01
 2.00693989110476E+03	 3.29845713907916E-01
 2.00694262900479E+03	 3.03998039541596E-01
 2.00694536690482E+03	 2.21507391361934E-01
 2.00694810480485E+03	 1.22451130131244E-01
 2.00695084270488E+03	 1.37541724773895E-02
 2.00695358060492E+03	-1.15924374540409E-01
 2.00695631850495E+03	-2.58616898919696E-01
 2.00695905640498E+03	-3.74093296684818E-01
 2.00696179430501E+03	-4.17432753167511E-01
 2.00696453220504E+03	-3.72902530902098E-01
 2.00696727010507E+03	-2.54741705992643E-01
 2.00697000800510E+03	-8.07033569848569E-02
 2.00697274590513E+03	 1.41077741842489E-01
 2.00697548380516E+03	 3.92128992421341E-01
 2.00697822170519E+03	 6.17811473214724E-01
 2.00698095960522E+03	 7.35673823357403E-01
 2.00698369750525E+03	 6.82371507749503E-01
 2.00698643540528E+03	 4.60934625602314E-01
 2.00698917330532E+03	 1.45438120073860E-01
 2.00699191120535E+03	-1.62559668185694E-01
 2.00699464910538E+03	-3.88158388508542E-01
 2.00699738700541E+03	-5.03789662030900E-01
 2.00700012490544E+03	-5.10314758823034E-01
 2.00700286280547E+03	-4.13477750538143E-01
 2.00700560070550E+03	-2.27550936963233E-01
 2.00700833860553E+03	 4.13499945521502E-03
 2.00701107650556E+03	 2.09324782019167E-01
 2.00701381440559E+03	 3.22441127864986E-01
 2.00701655230562E+03	 3.25562079431587E-01
 2.00701929020565E+03	 2.52620567517386E-01
 2.00702202810568E+03	 1.51383926525801E-01
 2.00702476600572E+03	 4.27836663880252E-02
 2.00702750390575E+03	-8.06545945466490E-02
 2.00703024180578E+03	-2.20519958219014E-01
 2.00703297970581E+03	-3.46849493174526E-01
 2.00703571760584E+03	-4.13297041958657E-01
 2.00703845550587E+03	-3.93877295353368E-01
 2.00704119340590E+03	-2.96512641923306E-01
 2.00704393130593E+03	-1.41366885935739E-01
 2.00704666920596E+03	 6.16662479246428E-02
 2.00704940710599E+03	 3.03205897293461E-01
 2.00705214500602E+03	 5.44517086741743E-01
 2.00705488290605E+03	 7.09813287125654E-01
 2.00705762080608E+03	 7.21885387270733E-01
 2.00706035870612E+03	 5.55588484969108E-01
 2.00706309660615E+03	 2.61864534156847E-01
 2.00706583450618E+03	-6.06037489354998E-02
 2.00706857240621E+03	-3.21902794131680E-01
 2.00707131030624E+03	-4.77482101916280E-01
 2.00707404820627E+03	-5.21243930778248E-01
 2.00707678610630E+03	-4.58594591510255E-01
 2.00707952400633E+03	-2.98945554724470E-01
 2.00708226190636E+03	-7.40643703225333E-02
 2.00708499980639E+03	 1.50825097372197E-01
 2.00708773770642E+03	 3.01528678517187E-01
 2.00709047560645E+03	 3.39684612926839E-01
 2.00709321350648E+03	 2.83673851072269E-01
 2.00709595140651E+03	 1.82948067523371E-01
 2.00709868930655E+03	 7.21120529380528E-02
 2.00710142720658E+03	-4.74818310840225E-02
 2.00710416510661E+03	-1.82837199587949E-01
 2.00710690300664E+03	-3.15484106117351E-01
 2.00710964090667E+03	-4.01954475262983E-01
 2.00711237880670E+03	-4.07685678912725E-01
 2.00711511670673E+03	-3.31848816514606E-01
 2.00711785460676E+03	-1.94907561789918E-01
 2.00712059250679E+03	-1.07386101372535E-02
 2.00712333040682E+03	 2.15928089344378E-01
 2.00712606830685E+03	 4.61556075473026E-01
 2.00712880620688E+03	 6.62714529104401E-01
 2.00713154410691E+03	 7.36359790224202E-01
 2.00713428200695E+03	 6.32537884462305E-01
 2.00713701990698E+03	 3.74623526590657E-01
 2.00713975780701E+03	 5.00561284106400E-02
 2.00714249570704E+03	-2.41399403766051E-01
 2.00714523360707E+03	-4.36903243053681E-01
 2.00714797150710E+03	-5.19246496134160E-01
 2.00715070940713E+03	-4.92258875146835E-01
 2.00715344730716E+03	-3.63027318533490E-01
 2.00715618520719E+03	-1.53316301384823E-01
 2.00715892310722E+03	 8.20678027090316E-02
 2.00716166100725E+03	 2.66413718894606E-01
 2.00716439890728E+03	 3.43507820899455E-01
 2.00716713680731E+03	 3.12180108729068E-01
 2.00716987470735E+03	 2.16816048590446E-01
 2.00717261260738E+03	 1.02956961380447E-01
 2.00717535050741E+03	-1.56769837498792E-02
 2.00717808840744E+03	-1.46374584678586E-01
 2.00718082630747E+03	-2.81434328118154E-01
 2.00718356420750E+03	-3.84098844417967E-01
 2.00718630210753E+03	-4.14233654492856E-01
 2.00718904000756E+03	-3.60865133977818E-01
 2.00719177790759E+03	-2.41822628255374E-01
 2.00719451580762E+03	-7.55994798832890E-02
 2.00719725370765E+03	 1.33316657112968E-01
 2.00719999160768E+03	 3.73804336600201E-01
 2.00720272950771E+03	 5.98271696145187E-01
 2.00720546740774E+03	 7.25892444643960E-01
 2.00720820530778E+03	 6.87775304389425E-01
 2.00721094320781E+03	 4.78116781454524E-01
 2.00721368110784E+03	 1.65366926428916E-01
 2.00721641900787E+03	-1.47958980117739E-01
 2.00721915690790E+03	-3.81730841213230E-01
 2.00722189480793E+03	-5.03805584088049E-01
 2.00722463270796E+03	-5.13697189382229E-01
 2.00722737060799E+03	-4.17697548717617E-01
 2.00723010850802E+03	-2.30147387311954E-01
 2.00723284640805E+03	 6.08106017040364E-03
 2.00723558430808E+03	 2.17553751239452E-01
 2.00723832220811E+03	 3.34748885261789E-01
 2.00724106010814E+03	 3.35242046377503E-01
 2.00724379800818E+03	 2.51816430153519E-01
 2.00724653590821E+03	 1.36149898744332E-01
 2.00724927380824E+03	 1.58288101397864E-02
 2.00725201170827E+03	-1.11426765493571E-01
 2.00725474960830E+03	-2.46064041890304E-01
 2.00725748750833E+03	-3.60717454110232E-01
 2.00726022540836E+03	-4.13564952154905E-01
 2.00726296330839E+03	-3.83512641138466E-01
 2.00726570120842E+03	-2.82639367630110E-01
 2.00726843910845E+03	-1.33061505025694E-01
 2.00727117700848E+03	 5.73770645186897E-02
 2.00727391490851E+03	 2.85730164261191E-01
 2.00727665280854E+03	 5.21214596116632E-01
 2.00727939070858E+03	 6.92277170186652E-01
 2.00728212860861E+03	 7.18702632905163E-01
 2.00728486650864E+03	 5.66962671346680E-01
 2.00728760440867E+03	 2.80421326506938E-01
 2.00729034230870E+03	-4.38977693997589E-02
 2.00729308020873E+03	-3.12084666986546E-01
 2.00729581810876E+03	-4.74436751238804E-01
 2.00729855600879E+03	-5.22373794063888E-01
 2.00730129390882E+03	-4.61452505085348E-01
 2.00730403180885E+03	-3.01453667011544E-01
 2.00730676970888E+03	-7.36438401657849E-02
 2.00730950760891E+03	 1.56521317211058E-01
 2.00731224550894E+03	 3.11999076977898E-01
 2.00731498340897E+03	 3.49897033172778E-01
 2.00731772130901E+03	 2.85998756847721E-01
 2.00732045920904E+03	 1.71909851935767E-01
 2.00732319710907E+03	 4.82196552861933E-02
 2.00732593500910E+03	-7.77605272200797E-02
 2.00732867290913E+03	-2.10491698093371E-01
 2.00733141080916E+03	-3.33020285042808E-01
 2.00733414870919E+03	-4.05956231346552E-01
 2.00733688660922E+03	-3.99631878382576E-01
 2.00733962450925E+03	-3.17753027401404E-01
 2.00734236240928E+03	-1.83710078230300E-01
 2.00734510030931E+03	-1.08981446150121E-02
 2.00734783820934E+03	 2.01027134890800E-01
 2.00735057610937E+03	 4.36616006716802E-01
 2.00735331400941E+03	 6.38795891960786E-01
 2.00735605190944E+03	 7.24393319028395E-01
 2.00735878980947E+03	 6.36502956100342E-01
 2.00736152770950E+03	 3.89787922709723E-01
 2.00736426560953E+03	 6.74153389121306E-02
 2.00736700350956E+03	-2.28755272686721E-01
 2.00736974140959E+03	-4.30770938597861E-01
 2.00737247930962E+03	-5.17864259603024E-01
 2.00737521720965E+03	-4.93299314513343E-01
 2.00737795510968E+03	-3.64683074941206E-01
 2.00738069300971E+03	-1.53494710899612E-01
 2.00738343090974E+03	 8.58372466493031E-02
 2.00738616880977E+03	 2.74916043393085E-01
 2.00738890670981E+03	 3.53484175638228E-01
 2.00739164460984E+03	 3.16816777343299E-01
 2.00739438250987E+03	 2.09698430894708E-01
 2.00739712040990E+03	 8.25359168999764E-02
 2.00739985830993E+03	-4.46865255569960E-02
 2.00740259620996E+03	-1.75444038056157E-01
 2.00740533410999E+03	-3.02314364824621E-01
 2.00740807201002E+03	-3.91973079234720E-01
 2.00741080991005E+03	-4.09053289055529E-01
 2.00741354781008E+03	-3.47338952310582E-01
 2.00741628571011E+03	-2.28313357986515E-01
 2.00741902361014E+03	-7.13995911182120E-02
 2.00742176151017E+03	 1.22373386872220E-01
 2.00742449941021E+03	 3.49391627671903E-01
 2.00742723731024E+03	 5.69855624984358E-01
 2.00742997521027E+03	 7.05679289515142E-01
 2.00743271311030E+03	 6.83264023548438E-01
 2.00743545101033E+03	 4.87950094291130E-01
 2.00743818891036E+03	 1.81649304646757E-01
 2.00744092681039E+03	-1.33403209413451E-01
 2.00744366471042E+03	-3.72714055670033E-01
 2.00744640261045E+03	-4.99785230107007E-01
 2.00744914051048E+03	-5.12618277554327E-01
 2.00745187841051E+03	-4.17912390663911E-01
 2.00745461631054E+03	-2.30055221133275E-01
 2.00745735421057E+03	 8.70328178316005E-03
 2.00746009211060E+03	 2.24285668918895E-01
 2.00746283001064E+03	 3.43983192652104E-01
 2.00746556791067E+03	 3.41407011229303E-01
 2.00746830581070E+03	 2.48182532169504E-01
 2.00747104371073E+03	 1.19420406385586E-01
 2.00747378161076E+03	-1.12139768218368E-02
 2.00747651951079E+03	-1.41165258166029E-01
 2.00747925741082E+03	-2.69842928053223E-01
 2.00748199531085E+03	-3.72468400038267E-01
 2.00748473321088E+03	-4.11716001473799E-01
 2.00748747111091E+03	-3.71345623383214E-01
 2.00749020901094E+03	-2.67592841928837E-01
 2.00749294691097E+03	-1.24676122181507E-01
 2.00749568481100E+03	 5.13384770362942E-02
 2.00749842271104E+03	 2.63854508215461E-01
 2.00750116061107E+03	 4.90516965134365E-01
 2.00750389851110E+03	 6.65049072621731E-01
 2.00750663641113E+03	 7.05311068914150E-01
 2.00750937431116E+03	 5.69803516764437E-01
 2.00751211221119E+03	 2.93746833550130E-01
 2.00751485011122E+03	-2.86806941496557E-02
 2.00751758801125E+03	-3.00655195818823E-01
 2.00752032591128E+03	-4.67803531253769E-01
 2.00752306381131E+03	-5.19012520730010E-01
 2.00752580171134E+03	-4.59822754928617E-01
 2.00752853961137E+03	-3.00354114819242E-01
 2.00753127751140E+03	-7.13235884483261E-02
 2.00753401541144E+03	 1.61949179040339E-01
 2.00753675331147E+03	 3.20278975409281E-01
 2.00753949121150E+03	 3.56925312836981E-01
 2.00754222911153E+03	 2.85314762340272E-01
 2.00754496701156E+03	 1.58910392601979E-01
 2.00754770491159E+03	 2.37316408642648E-02
 2.00755044281162E+03	-1.07403194349322E-01
 2.00755318071165E+03	-2.36617780667625E-01
 2.00755591861168E+03	-3.48516998685026E-01
 2.00755865651171E+03	-4.07773437346134E-01
 2.00756139441174E+03	-3.89559403397546E-01
 2.00756413231177E+03	-3.02056733681023E-01
 2.00756687021180E+03	-1.71658265636560E-01
 2.00756960811183E+03	-1.15627067745956E-02
 2.00757234601187E+03	 1.83376284073201E-01
 2.00757508391190E+03	 4.05974276530743E-01
 2.00757782181193E+03	 6.06368673982754E-01
 2.00758055971196E+03	 7.02446255284674E-01
 2.00758329761199E+03	 6.31150226246573E-01
 2.00758603551202E+03	 3.98290214356005E-01
 2.00758877341205E+03	 8.17633739907715E-02
 2.00759151131208E+03	-2.15681753986786E-01
 2.00759424921211E+03	-4.21729944235423E-01
 2.00759698711214E+03	-5.12186250266428E-01
 2.00759972501217E+03	-4.89595715580414E-01
 2.00760246291220E+03	-3.62018812090713E-01
 2.00760520081223E+03	-1.50666468305270E-01
 2.00760793871227E+03	 9.06106632757936E-02
 2.00761067661230E+03	 2.82316936482351E-01
 2.00761341451233E+03	 3.60895302422842E-01
 2.00761615241236E+03	 3.18524229025410E-01
 2.00761889031239E+03	 2.00310504834127E-01
 2.00762162821242E+03	 6.10596177198302E-02
 2.00762436611245E+03	-7.34816854918420E-02
 2.00762710401248E+03	-2.03276916539691E-01
 2.00762984191251E+03	-3.21293884844099E-01
 2.00763257981254E+03	-3.97657687664406E-01
 2.00763531771257E+03	-4.01718373990597E-01
 2.00763805561260E+03	-3.31916935360452E-01
 2.00764079351263E+03	-2.13377968257072E-01
 2.00764353141267E+03	-6.66902232051593E-02
 2.00764626931270E+03	 1.10190880458350E-01
 2.00764900721273E+03	 3.21052809913696E-01
 2.00765174511276E+03	 5.34460276608523E-01
 2.00765448301279E+03	 6.76221941670867E-01
 2.00765722091282E+03	 6.69124182767308E-01
 2.00765995881285E+03	 4.89959633303715E-01
 2.00766269671288E+03	 1.93417589943340E-01
 2.00766543461291E+03	-1.19753333806372E-01
 2.00766817251294E+03	-3.61683545600548E-01
 2.00767091041297E+03	-4.91885091091035E-01
 2.00767364831300E+03	-5.06764975867039E-01
 2.00767638621303E+03	-4.13323355739023E-01
 2.00767912411306E+03	-2.26026572846744E-01
 2.00768186201310E+03	 1.35568805747978E-02
 2.00768459991313E+03	 2.31130557737975E-01
 2.00768733781316E+03	 3.51520757268393E-01
 2.00769007571319E+03	 3.44993591801206E-01
 2.00769281361322E+03	 2.42170181197194E-01
 2.00769555151325E+03	 1.01272393031855E-01
 2.00769828941328E+03	-3.84535826365362E-02
 2.00770102731331E+03	-1.69997041860447E-01
 2.00770376521334E+03	-2.91916386984384E-01
 2.00770650311337E+03	-3.82083693831502E-01
 2.00770924101340E+03	-4.07644083004067E-01
 2.00771197891343E+03	-3.57093793793885E-01
 2.00771471681346E+03	-2.50728995841432E-01
 2.00771745471350E+03	-1.15011416331819E-01
 2.00772019261353E+03	 4.53551944093880E-02
 2.00772293051356E+03	 2.39783827385083E-01
 2.00772566841359E+03	 4.54592355270158E-01
 2.00772840631362E+03	 6.29764545030359E-01
 2.00773114421365E+03	 6.82490029809898E-01
 2.00773388211368E+03	 5.64029404391305E-01
 2.00773662001371E+03	 3.01182344182407E-01
 2.00773935791374E+03	-1.57887276150278E-02
 2.00774209581377E+03	-2.88295193012980E-01
 2.00774483371380E+03	-4.57917596498899E-01
 2.00774757161383E+03	-5.11065247440842E-01
 2.00775030951386E+03	-4.53139619339693E-01
 2.00775304741390E+03	-2.94606003712367E-01
 2.00775578531393E+03	-6.56675561513676E-02
 2.00775852321396E+03	 1.68741342722101E-01
 2.00776126111399E+03	 3.27919521107974E-01
 2.00776399901402E+03	 3.61985125907882E-01
 2.00776673691405E+03	 2.82373873056437E-01
 2.00776947481408E+03	 1.44270566194322E-01
 2.00777221271411E+03	-1.31447070782536E-03
 2.00777495061414E+03	-1.36482523503159E-01
 2.00777768851417E+03	-2.61279129733633E-01
 2.00778042641420E+03	-3.61987204621790E-01
 2.00778316431423E+03	-4.07357761088586E-01
 2.00778590221426E+03	-3.77296212703868E-01
 2.00778864011430E+03	-2.84301871547146E-01
 2.00779137801433E+03	-1.57793260820089E-01
 2.00779411591436E+03	-1.11412073408361E-02
 2.00779685381439E+03	 1.65106198418566E-01
 2.00779959171442E+03	 3.71945651059738E-01
 2.00780232961445E+03	 5.67429893597625E-01
 2.00780506751448E+03	 6.71772334817858E-01
 2.00780780541451E+03	 6.16838273726275E-01
 2.00781054331454E+03	 3.99762060692960E-01
 2.00781328121457E+03	 9.23686818722907E-02
 2.00781601911460E+03	-2.02906820867369E-01
 2.00781875701463E+03	-4.10258637652599E-01
 2.00782149491466E+03	-5.02317798872525E-01
 2.00782423281469E+03	-4.80817258871288E-01
 2.00782697071473E+03	-3.54232237765336E-01
 2.00782970861476E+03	-1.43582330127509E-01
 2.00783244651479E+03	 9.79496965885534E-02
 2.00783518441482E+03	 2.90248295533098E-01
 2.00783792231485E+03	 3.67171069183246E-01
 2.00784066021488E+03	 3.18335204898679E-01
 2.00784339811491E+03	 1.89238018012975E-01
 2.00784613601494E+03	 3.87543769367609E-02
 2.00784887391497E+03	-1.02039738824262E-01
 2.00785161181500E+03	-2.29914506196669E-01
 2.00785434971503E+03	-3.38404764067650E-01
 2.00785708761506E+03	-4.01151910813359E-01
 2.00785982551509E+03	-3.92151311810909E-01
 2.00786256341513E+03	-3.14311725151377E-01
 2.00786530131516E+03	-1.96304874214712E-01
 2.00786803921519E+03	-6.01456875765437E-02
 2.00787077711522E+03	 9.87238798078949E-02
 2.00787351501525E+03	 2.91121164570207E-01
 2.00787625291528E+03	 4.94333300460581E-01
 2.00787899081531E+03	 6.39194733460597E-01
 2.00788172871534E+03	 6.46170173563637E-01
 2.00788446661537E+03	 4.84132413577596E-01
 2.00788720451540E+03	 2.00123661891764E-01
 2.00788994241543E+03	-1.07719082042315E-01
 2.00789268031546E+03	-3.49216425280420E-01
 2.00789541821549E+03	-4.80382808622298E-01
 2.00789815611553E+03	-4.96029202403671E-01
 2.00790089401556E+03	-4.03379309091193E-01
 2.00790363191559E+03	-2.17047071836222E-01
 2.00790636981562E+03	 2.20502345285036E-02
 2.00790910771565E+03	 2.39703913310856E-01
 2.00791184561568E+03	 3.58922860089721E-01
 2.00791458351571E+03	 3.47270441350043E-01
 2.00791732141574E+03	 2.34629221157782E-01
 2.00792005931577E+03	 8.21519010108571E-02
 2.00792279721580E+03	-6.57310293238306E-02
 2.00792553511583E+03	-1.97908672269715E-01
 2.00792827301586E+03	-3.12316883404529E-01
 2.00793101091589E+03	-3.89598208716467E-01
 2.00793374881592E+03	-4.01349778354051E-01
 2.00793648671596E+03	-3.40619684297990E-01
 2.00793922461599E+03	-2.31574563923288E-01
 2.00794196251602E+03	-1.03034998651118E-01
 2.00794470041605E+03	 4.11261342194153E-02
 2.00794743831608E+03	 2.15748789791765E-01
 2.00795017621611E+03	 4.15813781357731E-01
 2.00795291411614E+03	 5.88433798363826E-01
 2.00795565201617E+03	 6.51491673562675E-01
 2.00795838991620E+03	 5.50024674870279E-01
 2.00796112781623E+03	 3.02434377844287E-01
 2.00796386571626E+03	-5.84456122248625E-03
 2.00796660361629E+03	-2.75628930264984E-01
 2.00796934151632E+03	-4.45193230050591E-01
 2.00797207941636E+03	-4.98623590532372E-01
 2.00797481731639E+03	-4.41098768529448E-01
 2.00797755521642E+03	-2.83456976192635E-01
 2.00798029311645E+03	-5.54856376224022E-02
 2.00798303101648E+03	 1.78404771160386E-01
 2.00798576891651E+03	 3.36520093035302E-01
 2.00798850681654E+03	 3.66514463752750E-01
 2.00799124471657E+03	 2.78265622927872E-01
 2.00799398261660E+03	 1.28670526376032E-01
 2.00799672051663E+03	-2.65880547555879E-02
 2.00799945841666E+03	-1.64894639580448E-01
 2.00800219631669E+03	-2.84484573742661E-01
 2.00800493421672E+03	-3.73486439953232E-01
 2.00800767211676E+03	-4.04771733717741E-01
 2.00801041001679E+03	-3.62831597002737E-01
 2.00801314791682E+03	-2.64233260715557E-01
 2.00801588581685E+03	-1.41382155386111E-01
 2.00801862371688E+03	-8.24531770221889E-03
 2.00802136161691E+03	 1.48239696019120E-01
 2.00802409951694E+03	 3.36899565466690E-01
 2.00802683741697E+03	 5.24217327363467E-01
 2.00802957531700E+03	 6.34010518280786E-01
 2.00803231321703E+03	 5.94362943067124E-01
 2.00803505111706E+03	 3.94221900147305E-01
 2.00803778901709E+03	 9.87632345932822E-02
 2.00804052691712E+03	-1.91045527291158E-01
 2.00804326481715E+03	-3.96866389074084E-01
 2.00804600271719E+03	-4.88519326110741E-01
 2.00804874061722E+03	-4.66888472168185E-01
 2.00805147851725E+03	-3.40840158499486E-01
 2.00805421641728E+03	-1.31314677557351E-01
 2.00805695431731E+03	 1.09173158714551E-01
 2.00805969221734E+03	 3.00252079525741E-01
 2.00806243011737E+03	 3.73835937385650E-01
 2.00806516801740E+03	 3.17531440560477E-01
 2.00806790591743E+03	 1.77389351961081E-01
 2.00807064381746E+03	 1.61471254538222E-02
 2.00807338171749E+03	-1.30131166236378E-01
 2.00807611961752E+03	-2.55312785871797E-01
 2.00807885751755E+03	-3.53704072939786E-01
 2.00808159541759E+03	-4.02563428079662E-01
 2.00808433331762E+03	-3.80444773471770E-01
 2.00808707121765E+03	-2.94459187475508E-01
 2.00808980911768E+03	-1.76649016468163E-01
 2.00809254701771E+03	-5.07174202138803E-02
 2.00809528491774E+03	 8.97045002038126E-02
 2.00809802281777E+03	 2.61840301103927E-01
 2.00810076071780E+03	 4.51817422362612E-01
 2.00810349861783E+03	 5.96543362099126E-01
 2.00810623651786E+03	 6.15593325204341E-01
 2.00810897441789E+03	 4.70836515130250E-01
 2.00811171231792E+03	 2.01515640815599E-01
 2.00811445021795E+03	-9.78478204099744E-02
 2.00811718811799E+03	-3.35871388478767E-01
 2.00811992601802E+03	-4.65671507385855E-01
 2.00812266391805E+03	-4.80536608013188E-01
 2.00812540181808E+03	-3.87856151518562E-01
 2.00812813971811E+03	-2.02473956349577E-01
 2.00813087761814E+03	 3.52526089287864E-02
 2.00813361551817E+03	 2.51400849909441E-01
 2.00813635341820E+03	 3.67708460880636E-01
 2.00813909131823E+03	 3.49643989411279E-01
 2.00814182921826E+03	 2.26668373760822E-01
 2.00814456711829E+03	 6.27913675112811E-02
 2.00814730501832E+03	-9.26610847903712E-02
 2.00815004291835E+03	-2.24771274609061E-01
 2.00815278081839E+03	-3.31079241940080E-01
 2.00815551871842E+03	-3.95146244048655E-01
 2.00815825661845E+03	-3.93006322781743E-01
 2.00816099451848E+03	-3.22020120584564E-01
 2.00816373241851E+03	-2.09947703955090E-01
 2.00816647031854E+03	-8.80437468179231E-02
 2.00816920821857E+03	 4.00358583178219E-02
 2.00817194611860E+03	 1.93760561005435E-01
 2.00817468401863E+03	 3.76502206128072E-01
 2.00817742191866E+03	 5.43206557453019E-01
 2.00818015981869E+03	 6.13856864398296E-01
 2.00818289771872E+03	 5.28520915862016E-01
 2.00818563561875E+03	 2.97517507403236E-01
 2.00818837351878E+03	 7.29556562026938E-04
 2.00819111141882E+03	-2.63215994066391E-01
 2.00819384931885E+03	-4.30116989126964E-01
 2.00819658721888E+03	-4.81980474806802E-01
 2.00819932511891E+03	-4.23711855554277E-01
 2.00820206301894E+03	-2.66550947639808E-01
 2.00820480091897E+03	-3.99979223113963E-02
 2.00820753881900E+03	 1.92111704618367E-01
 2.00821027671903E+03	 3.47501160459798E-01
 2.00821301461906E+03	 3.71962215726562E-01
 2.00821575251909E+03	 2.74249767573247E-01
 2.00821849041912E+03	 1.13038491550629E-01
 2.00822122831915E+03	-5.15281291204795E-02
 2.00822396621918E+03	-1.92394408860189E-01
 2.00822670411922E+03	-3.06218816866542E-01
 2.00822944201925E+03	-3.83154185114892E-01
 2.00823217991928E+03	-4.00246611300479E-01
 2.00823491781931E+03	-3.46392783082087E-01
 2.00823765571934E+03	-2.41899500480377E-01
 2.00824039361937E+03	-1.22053377494327E-01
 2.00824313151940E+03	-1.86817017754334E-03
 2.00824586941943E+03	 1.34471158963624E-01
 2.00824860731946E+03	 3.03014419538862E-01
 2.00825134521949E+03	 4.78967763828592E-01
 2.00825408311952E+03	 5.90978281113634E-01
 2.00825682101955E+03	 5.64806861164981E-01
 2.00825955891958E+03	 3.81985199619823E-01
 2.00826229681962E+03	 1.00702761384390E-01
 2.00826503471965E+03	-1.80608840731645E-01
 2.00826777261968E+03	-3.82092119555226E-01
 2.00827051051971E+03	-4.71214103843826E-01
 2.00827324841974E+03	-4.48024546502369E-01
 2.00827598631977E+03	-3.21757626180122E-01
 2.00827872421980E+03	-1.13390340393640E-01
 2.00828146211983E+03	 1.25173297993443E-01
 2.00828420001986E+03	 3.13564299934142E-01
 2.00828693791989E+03	 3.82291243372425E-01
 2.00828967581992E+03	 3.17455968463220E-01
 2.00829241371995E+03	 1.65858223006781E-01
 2.00829515161998E+03	-6.01983723642105E-03
 2.00829788952001E+03	-1.57368016896576E-01
 2.00830062742005E+03	-2.79376168096653E-01
 2.00830336532008E+03	-3.67311448281538E-01
 2.00830610322011E+03	-4.02158245229195E-01
 2.00830884112014E+03	-3.66926589311243E-01
 2.00831157902017E+03	-2.72601621267624E-01
 2.00831431692020E+03	-1.54341855562913E-01
 2.00831705482023E+03	-3.77815343068434E-02
 2.00831979272026E+03	 8.44521917432804E-02
 2.00832253062029E+03	 2.35139961037699E-01
 2.00832526852032E+03	 4.09114684216410E-01
 2.00832800642035E+03	 5.50267387612063E-01
 2.00833074432038E+03	 5.78788174291597E-01
 2.00833348222041E+03	 4.50703008998569E-01
 2.00833622012045E+03	 1.97571737155186E-01
 2.00833895802048E+03	-9.05531261144978E-02
 2.00834169592051E+03	-3.22197698724940E-01
 2.00834443382054E+03	-4.48266892277790E-01
 2.00834717172057E+03	-4.60668967379260E-01
 2.00834990962060E+03	-3.66911545478021E-01
 2.00835264752063E+03	-1.82137301106669E-01
 2.00835538542066E+03	 5.37412464726218E-02
 2.00835812332069E+03	 2.67201041062151E-01
 2.00836086122072E+03	 3.79141360988469E-01
 2.00836359912075E+03	 3.53459437507644E-01
 2.00836633702078E+03	 2.19496572332986E-01
 2.00836907492081E+03	 4.41021962720419E-02
 2.00837181282085E+03	-1.18695844435251E-01
 2.00837455072088E+03	-2.50379507554914E-01
 2.00837728862091E+03	-3.48274923015492E-01
 2.00838002652094E+03	-3.99003385442922E-01
 2.00838276442097E+03	-3.83013140604356E-01
 2.00838550232100E+03	-3.01693385869248E-01
 2.00838824022103E+03	-1.86044841606517E-01
 2.00839097812106E+03	-6.97809606068935E-02
 2.00839371602109E+03	 4.29980189184181E-02
 2.00839645392112E+03	 1.75415611782736E-01
 2.00839919182115E+03	 3.38707715670114E-01
 2.00840192972118E+03	 4.96155589611138E-01
 2.00840466762121E+03	 5.71228205896213E-01
 2.00840740552124E+03	 5.00457162707275E-01
 2.00841014342128E+03	 2.86664751708273E-01
 2.00841288132131E+03	 3.66324919329064E-03
 2.00841561922134E+03	-2.51573616066066E-01
 2.00841835712137E+03	-4.13259195466042E-01
 2.00842109502140E+03	-4.61645856119575E-01
 2.00842383292143E+03	-4.01342433759851E-01
 2.00842657082146E+03	-2.44000301934138E-01
 2.00842930872149E+03	-1.89544005897004E-02
 2.00843204662152E+03	 2.10533007643194E-01
 2.00843478452155E+03	 3.61906808682642E-01
 2.00843752242158E+03	 3.79587992791423E-01
 2.00844026032161E+03	 2.71583016619249E-01
 2.00844299822164E+03	 9.84233720317743E-02
 2.00844573612168E+03	-7.54233636156709E-02
 2.00844847402171E+03	-2.18641912305602E-01
 2.00845121192174E+03	-3.26474997297131E-01
 2.00845394982177E+03	-3.91247763098191E-01
 2.00845668772180E+03	-3.94224395284733E-01
 2.00845942562183E+03	-3.28496978396252E-01
 2.00846216352186E+03	-2.17718838990879E-01
 2.00846490142189E+03	-9.98854214971053E-02
 2.00846763932192E+03	 8.49305938032685E-03
 2.00847037722195E+03	 1.25004928373503E-01
 2.00847311512198E+03	 2.72084292244049E-01
 2.00847585302201E+03	 4.33712361620528E-01
 2.00847859092204E+03	 5.44481856277625E-01
 2.00848132882208E+03	 5.29386032763845E-01
 2.00848406672211E+03	 3.63556423007449E-01
 2.00848680462214E+03	 9.81002550530980E-02
 2.00848954252217E+03	-1.72039915337107E-01
 2.00849228042220E+03	-3.66523301897342E-01
 2.00849501832223E+03	-4.51002520387215E-01
 2.00849775622226E+03	-4.24754441913310E-01
 2.00850049412229E+03	-2.97345590366005E-01
 2.00850323202232E+03	-8.98776573780799E-02
 2.00850596992235E+03	 1.46282167453875E-01
 2.00850870782238E+03	 3.30941789172492E-01
 2.00851144572241E+03	 3.93624146380690E-01
 2.00851418362244E+03	 3.19333577646351E-01
 2.00851692152248E+03	 1.55780550107662E-01
 2.00851965942251E+03	-2.68851871629222E-02
 2.00852239732254E+03	-1.83259959944500E-01
 2.00852513522257E+03	-3.01990228473671E-01
 2.00852787312260E+03	-3.79435547260268E-01
 2.00853061102263E+03	-4.00390846657825E-01
 2.00853334892266E+03	-3.52196857596042E-01
 2.00853608682269E+03	-2.49334235071652E-01
 2.00853882472272E+03	-1.29754037278085E-01
 2.00854156262275E+03	-2.12286448300636E-02
 2.00854430052278E+03	 8.37476794103779E-02
 2.00854703842281E+03	 2.12474220558701E-01
 2.00854977632284E+03	 3.68102629517803E-01
 2.00855251422287E+03	 5.02237601073799E-01
 2.00855525212291E+03	 5.37194195316512E-01
 2.00855799002294E+03	 4.24505924753230E-01
 2.00856072792297E+03	 1.88419748366812E-01
 2.00856346582300E+03	-8.61634743200059E-02
 2.00856620372303E+03	-3.08762649058375E-01
 2.00856894162306E+03	-4.28823540497297E-01
 2.00857167952309E+03	-4.37079855216038E-01
 2.00857441742312E+03	-3.41113474217747E-01
 2.00857715532315E+03	-1.56397357552017E-01
 2.00857989322318E+03	 7.75024561332715E-02
 2.00858263112321E+03	 2.87526342290654E-01
 2.00858536902324E+03	 3.94057847679207E-01
 2.00858810692327E+03	 3.59824179456722E-01
 2.00859084482331E+03	 2.14270040147644E-01
 2.00859358272334E+03	 2.70637356964472E-02
 2.00859632062337E+03	-1.43191849125606E-01
 2.00859905852340E+03	-2.74486753539387E-01
 2.00860179642343E+03	-3.64032255081064E-01
 2.00860453432346E+03	-4.01604671595081E-01
 2.00860727222349E+03	-3.72017701921143E-01
 2.00861001012352E+03	-2.80367095008175E-01
 2.00861274802355E+03	-1.60479361571652E-01
 2.00861548592358E+03	-4.84955313321165E-02
 2.00861822382361E+03	 5.03647591360309E-02
 2.00862096172364E+03	 1.61768787936491E-01
 2.00862369962367E+03	 3.04053299043753E-01
 2.00862643752371E+03	 4.49109829579911E-01
 2.00862917542374E+03	 5.25195417972697E-01
 2.00863191332377E+03	 4.66854885971153E-01
 2.00863465122380E+03	 2.70238163363218E-01
 2.00863738912383E+03	 2.78010327158465E-03
 2.00864012702386E+03	-2.41211488362124E-01
 2.00864286492389E+03	-3.95293681807630E-01
 2.00864560282392E+03	-4.38358941649619E-01
 2.00864834072395E+03	-3.74720813765100E-01
 2.00865107862398E+03	-2.16417969098081E-01
 2.00865381652401E+03	 7.29991607454490E-03
 2.00865655442404E+03	 2.33730629722289E-01
 2.00865929232407E+03	 3.80259152289625E-01
 2.00866203022410E+03	 3.90297888797345E-01
 2.00866476812414E+03	 2.71363712913651E-01
 2.00866750602417E+03	 8.58724155894401E-02
 2.00867024392420E+03	-9.74907978161184E-02
 2.00867298182423E+03	-2.43242523496495E-01
 2.00867571972426E+03	-3.45270729568569E-01
 2.00867845762429E+03	-3.98149073451878E-01
 2.00868119552432E+03	-3.87364066951238E-01
 2.00868393342435E+03	-3.09960738485373E-01
 2.00868667132438E+03	-1.92495315881245E-01
 2.00868940922441E+03	-7.54376086042255E-02
 2.00869214712444E+03	 2.27806217692439E-02
 2.00869488502447E+03	 1.20464452065309E-01
 2.00869762292450E+03	 2.45394777843314E-01
 2.00870036082454E+03	 3.90132408477771E-01
 2.00870309872457E+03	 4.96172862607700E-01
 2.00870583662460E+03	 4.89326728145730E-01
 2.00870857452463E+03	 3.39536255622856E-01
 2.00871131242466E+03	 9.09630175532574E-02
 2.00871405032469E+03	-1.65753585221361E-01
 2.00871678822472E+03	-3.50818589468115E-01
 2.00871952612475E+03	-4.28672956864989E-01
 2.00872226402478E+03	-3.97926501973846E-01
 2.00872500192481E+03	-2.68422766409099E-01
 2.00872773982484E+03	-6.14207664129306E-02
 2.00873047772487E+03	 1.72200265409106E-01
 2.00873321562490E+03	 3.52549389306385E-01
 2.00873595352494E+03	 4.08464495718811E-01
 2.00873869142497E+03	 3.24121378686374E-01
 2.00874142932500E+03	 1.48205756242477E-01
 2.00874416722503E+03	-4.55581209168136E-02
 2.00874690512506E+03	-2.07261424473244E-01
 2.00874964302509E+03	-3.23036321253896E-01
 2.00875238092512E+03	-3.90370894304836E-01
 2.00875511882515E+03	-3.97894910887916E-01
 2.00875785672518E+03	-3.37118577308201E-01
 2.00876059462521E+03	-2.25599442676817E-01
 2.00876333252524E+03	-1.03699617749676E-01
 2.00876607042527E+03	-1.48829722840512E-03
 2.00876880832530E+03	 8.77778274846070E-02
 2.00877154622533E+03	 1.94731774455883E-01
 2.00877428412537E+03	 3.30217664544499E-01
 2.00877702202540E+03	 4.54070173902272E-01
 2.00877975992543E+03	 4.92180742895787E-01
 2.00878249782546E+03	 3.93071429708999E-01
 2.00878523572549E+03	 1.74273518961543E-01
 2.00878797362552E+03	-8.49628301868467E-02
 2.00879071152555E+03	-2.96174904948677E-01
 2.00879344942558E+03	-4.08144609342660E-01
 2.00879618732561E+03	-4.10693946696918E-01
 2.00879892522564E+03	-3.11436635229388E-01
 2.00880166312567E+03	-1.26152215910676E-01
 2.00880440102570E+03	 1.05895435366613E-01
 2.00880713892573E+03	 3.12164393703397E-01
 2.00880987682577E+03	 4.12752137996216E-01
 2.00881261472580E+03	 3.69472798791857E-01
 2.00881535262583E+03	 2.11963641646793E-01
 2.00881809052586E+03	 1.26252244926184E-02
 2.00882082842589E+03	-1.65465754797714E-01
 2.00882356632592E+03	-2.96821506090376E-01
 2.00882630422595E+03	-3.78526056311411E-01
 2.00882904212598E+03	-4.03520858762073E-01
 2.00883178002601E+03	-3.60887409110043E-01
 2.00883451792604E+03	-2.59070854505127E-01
 2.00883725582607E+03	-1.34260573612962E-01
 2.00883999372610E+03	-2.49362319484858E-02
 2.00884273162613E+03	 6.19060153241338E-02
 2.00884546952617E+03	 1.53278811028811E-01
 2.00884820742620E+03	 2.73648993186532E-01
 2.00885094532623E+03	 4.03550822344027E-01
 2.00885368322626E+03	 4.77193418101060E-01
 2.00885642112629E+03	 4.28733708933216E-01
 2.00885915902632E+03	 2.48668749939178E-01
 2.00886189692635E+03	-2.04030622260932E-03
 2.00886463482638E+03	-2.32652745029490E-01
 2.00886737272641E+03	-3.77004874524677E-01
 2.00887011062644E+03	-4.13082337881613E-01
 2.00887284852647E+03	-3.44928694187878E-01
 2.00887558642650E+03	-1.84903055650997E-01
 2.00887832432653E+03	 3.78212097799646E-02
 2.00888106222657E+03	 2.61118879968903E-01
 2.00888380012660E+03	 4.02478015173950E-01
 2.00888653802663E+03	 4.04532051468585E-01
 2.00888927592666E+03	 2.74410642387753E-01
 2.00889201382669E+03	 7.63285928878503E-02
 2.00889475172672E+03	-1.16940326833644E-01
 2.00889748962675E+03	-2.65768234781807E-01
 2.00890022752678E+03	-3.62634164880218E-01
 2.00890296542681E+03	-4.04328763214088E-01
 2.00890570332684E+03	-3.80495510161084E-01
 2.00890844122687E+03	-2.91851190252993E-01
 2.00891117912690E+03	-1.67373242678226E-01
 2.00891391702693E+03	-4.97158652414133E-02
 2.00891665492696E+03	 4.03883053550716E-02
 2.00891939282700E+03	 1.20872680048958E-01
 2.00892213072703E+03	 2.23669631317964E-01
 2.00892486862706E+03	 3.49481425665667E-01
 2.00892760652709E+03	 4.47463439543740E-01
 2.00893034442712E+03	 4.45791318387647E-01
 2.00893308232715E+03	 3.10568151329389E-01
 2.00893582022718E+03	 7.93604641496456E-02
 2.00893855812721E+03	-1.62151775971160E-01
 2.00894129602724E+03	-3.35709793502642E-01
 2.00894403392727E+03	-4.05190318417719E-01
 2.00894677182730E+03	-3.68683600549011E-01
 2.00894950972733E+03	-2.36233467937812E-01
 2.00895224762736E+03	-2.92148853326712E-02
 2.00895498552740E+03	 2.01994607453261E-01
 2.00895772342743E+03	 3.77917412348606E-01
 2.00896046132746E+03	 4.26902081969623E-01
 2.00896319922749E+03	 3.32402957493460E-01
 2.00896593712752E+03	 1.43995067062319E-01
 2.00896867502755E+03	-6.11904056986713E-02
 2.00897141292758E+03	-2.28800428183784E-01
 2.00897415082761E+03	-3.42378359074618E-01
 2.00897688872764E+03	-4.00453680371049E-01
 2.00897962662767E+03	-3.95421324871051E-01
 2.00898236452770E+03	-3.22748208042924E-01
 2.00898510242773E+03	-2.02617487544287E-01
 2.00898784032776E+03	-7.73745816525073E-02
 2.00899057822780E+03	 2.05143484911729E-02
 2.00899331612783E+03	 9.61500158200823E-02
 2.00899605402786E+03	 1.82215751485608E-01
 2.00899879192789E+03	 2.96405043893771E-01
 2.00900152982792E+03	 4.07061713341180E-01
 2.00900426772795E+03	 4.44985578250693E-01
 2.00900700562798E+03	 3.57233060903108E-01
 2.00900974352801E+03	 1.55408586370338E-01
 2.00901248142804E+03	-8.71979163874917E-02
 2.00901521932807E+03	-2.85078660256861E-01
 2.00901795722810E+03	-3.87163142184760E-01
 2.00902069512813E+03	-3.82673474697582E-01
 2.00902343302816E+03	-2.79215805507609E-01
 2.00902617092819E+03	-9.27888585645693E-02
 2.00902890882823E+03	 1.37684581050597E-01
 2.00903164672826E+03	 3.40265218441849E-01
 2.00903438462829E+03	 4.34928859353249E-01
 2.00903712252832E+03	 3.82684312870768E-01
 2.00903986042835E+03	 2.13276810896604E-01
 2.00904259832838E+03	 1.62918503308683E-03
 2.00904533622841E+03	-1.84832031097172E-01
 2.00904807412844E+03	-3.17079187915067E-01
 2.00905081202847E+03	-3.91929929485705E-01
 2.00905354992850E+03	-4.05384110502290E-01
 2.00905628782853E+03	-3.50621400914263E-01
 2.00905902572856E+03	-2.39044050975825E-01
 2.00906176362859E+03	-1.08706083875812E-01
 2.00906450152863E+03	-2.78654549510672E-04
 2.00906723942866E+03	 7.68567166447302E-02
 2.00906997732869E+03	 1.49821279411856E-01
 2.00907271522872E+03	 2.48071159862155E-01
 2.00907545312875E+03	 3.60569799433169E-01
 2.00907819102878E+03	 4.28455303869696E-01
 2.00908092892881E+03	 3.87076339720151E-01
 2.00908366682884E+03	 2.22440726676877E-01
 2.00908640472887E+03	-1.08601846294307E-02
 2.00908914262890E+03	-2.26418141065313E-01
 2.00909188052893E+03	-3.59259834802679E-01
 2.00909461842896E+03	-3.86959420108874E-01
 2.00909735632899E+03	-3.13340234647033E-01
 2.00910009422903E+03	-1.50971732779615E-01
 2.00910283212906E+03	 7.11297225627946E-02
 2.00910557002909E+03	 2.91499477308619E-01
 2.00910830792912E+03	 4.27872272555322E-01
 2.00911104582915E+03	 4.22211993322153E-01
 2.00911378372918E+03	 2.81184052245652E-01
 2.00911652162921E+03	 7.05541959511793E-02
 2.00911925952924E+03	-1.33020963701642E-01
 2.00912199742927E+03	-2.85758170819104E-01
 2.00912473532930E+03	-3.78558288391993E-01
 2.00912747322933E+03	-4.10264663768744E-01
 2.00913021112936E+03	-3.74515993854416E-01
 2.00913294902939E+03	-2.75372962114716E-01
 2.00913568692942E+03	-1.43724839662867E-01
 2.00913842482946E+03	-2.40713623223620E-02
 2.00914116272949E+03	 6.02401988473920E-02
 2.00914390062952E+03	 1.25697899214726E-01
 2.00914663852955E+03	 2.07080250471090E-01
 2.00914937642958E+03	 3.12565915113067E-01
 2.00915211432961E+03	 3.99495000968412E-01
 2.00915485222964E+03	 3.99853186727075E-01
 2.00915759012967E+03	 2.77330731953876E-01
 2.00916032802970E+03	 6.34356861989921E-02
 2.00916306592973E+03	-1.61596788876472E-01
 2.00916580382976E+03	-3.21962987774142E-01
 2.00916854172979E+03	-3.81643292722960E-01
 2.00917127962982E+03	-3.38393014532785E-01
 2.00917401752986E+03	-2.02361775017399E-01
 2.00917675542989E+03	 5.08286708664241E-03
 2.00917949332992E+03	 2.34169822849570E-01
 2.00918223122995E+03	 4.05973381998356E-01
 2.00918496912998E+03	 4.48469642773229E-01
 2.00918770703001E+03	 3.44332079344815E-01
 2.00919044493004E+03	 1.43751591909314E-01
 2.00919318283007E+03	-7.30289019135995E-02
 2.00919592073010E+03	-2.47290076347853E-01
 2.00919865863013E+03	-3.59824548166688E-01
 2.00920139653016E+03	-4.09979141443009E-01
 2.00920413443019E+03	-3.93724425411624E-01
 2.00920687233022E+03	-3.10205142500567E-01
 2.00920961023026E+03	-1.81751580337765E-01
 2.00921234813029E+03	-5.22289632267355E-02
 2.00921508603032E+03	 4.34673906580532E-02
 2.00921782393035E+03	 1.07970177963244E-01
 2.00922056183038E+03	 1.74684014020268E-01
 2.00922329973041E+03	 2.67124779599251E-01
 2.00922603763044E+03	 3.62175048734369E-01
 2.00922877553047E+03	 3.96699761320290E-01
 2.00923151343050E+03	 3.17830960035409E-01
 2.00923425133053E+03	 1.32181447826211E-01
 2.00923698923056E+03	-9.30413202110948E-02
 2.00923972713059E+03	-2.76103227509891E-01
 2.00924246503062E+03	-3.66878286528262E-01
 2.00924520293066E+03	-3.54337266482187E-01
 2.00924794083069E+03	-2.46045966456015E-01
 2.00925067873072E+03	-5.80719944429358E-02
 2.00925341663075E+03	 1.71142917011713E-01
 2.00925615453078E+03	 3.70412821872480E-01
 2.00925889243081E+03	 4.59725569368577E-01
 2.00926163033084E+03	 3.99255611675274E-01
 2.00926436823087E+03	 2.18577411942109E-01
 2.00926710613090E+03	-5.24301366093697E-03
 2.00926984403093E+03	-2.00625790326123E-01
 2.00927258193096E+03	-3.34895867402119E-01
 2.00927531983099E+03	-4.04339250504985E-01
 2.00927805773102E+03	-4.07770516091965E-01
 2.00928079563105E+03	-3.42207626830143E-01
 2.00928353353109E+03	-2.21582020577262E-01
 2.00928627143112E+03	-8.52899601980814E-02
 2.00928900933115E+03	 2.40118538269594E-02
 2.00929174723118E+03	 9.40260203220704E-02
 2.00929448513121E+03	 1.50760121238823E-01
 2.00929722303124E+03	 2.27395028266610E-01
 2.00929996093127E+03	 3.20872022300271E-01
 2.00930269883130E+03	 3.80007478237773E-01
 2.00930543673133E+03	 3.42833054796548E-01
 2.00930817463136E+03	 1.92115763975748E-01
 2.00931091253139E+03	-2.36388498104340E-02
 2.00931365043142E+03	-2.22965150230719E-01
 2.00931638833145E+03	-3.42933321957977E-01
 2.00931912623149E+03	-3.61222729581029E-01
 2.00932186413152E+03	-2.81510163813624E-01
 2.00932460203155E+03	-1.16428180543132E-01
 2.00932733993158E+03	 1.05340937019324E-01
 2.00933007783161E+03	 3.23170567856480E-01
 2.00933281573164E+03	 4.55203583450861E-01
 2.00933555363167E+03	 4.42749590990093E-01
 2.00933829153170E+03	 2.91750964498497E-01
 2.00934102943173E+03	 6.90806316937824E-02
 2.00934376733176E+03	-1.45053035355478E-01
 2.00934650523179E+03	-3.02707150067366E-01
 2.00934924313182E+03	-3.92935818329015E-01
 2.00935198103185E+03	-4.16328007297144E-01
 2.00935471893189E+03	-3.70241494739701E-01
 2.00935745683192E+03	-2.61700508018745E-01
 2.00936019473195E+03	-1.22978228535827E-01
 2.00936293263198E+03	-3.80361621477374E-05
 2.00936567053201E+03	 8.09294693266649E-02
 2.00936840843204E+03	 1.33956218051266E-01
 2.00937114633207E+03	 1.95306252870024E-01
 2.00937388423210E+03	 2.79770213139234E-01
 2.00937662213213E+03	 3.53144527965673E-01
 2.00937936003216E+03	 3.52505254137084E-01
 2.00938209793219E+03	 2.40563840936311E-01
 2.00938483583222E+03	 4.34541266959022E-02
 2.00938757373225E+03	-1.64342704015747E-01
 2.00939031163228E+03	-3.10293692159237E-01
 2.00939304953232E+03	-3.59142769881303E-01
 2.00939578743235E+03	-3.08524221408913E-01
 2.00939852533238E+03	-1.68588325099003E-01
 2.00940126323241E+03	 3.95073590392528E-02
 2.00940400113244E+03	 2.66810532203195E-01
 2.00940673903247E+03	 4.35146434849382E-01
 2.00940947693250E+03	 4.72191435130134E-01
 2.00941221483253E+03	 3.59626722713612E-01
 2.00941495273256E+03	 1.47781762868069E-01
 2.00941769063259E+03	-8.04528217897763E-02
 2.00942042853262E+03	-2.62132535926541E-01
 2.00942316643265E+03	-3.75079226496812E-01
 2.00942590433268E+03	-4.19099004863166E-01
 2.00942864223272E+03	-3.93415398778347E-01
 2.00943138013275E+03	-3.00496921814732E-01
 2.00943411803278E+03	-1.64321025885118E-01
 2.00943685593281E+03	-2.97829740179421E-02
 2.00943959383284E+03	 6.58378412723787E-02
 2.00944233173287E+03	 1.21975428089694E-01
 2.00944506963290E+03	 1.71438844012816E-01
 2.00944780753293E+03	 2.42399297475713E-01
 2.00945054543296E+03	 3.20058547520404E-01
 2.00945328333299E+03	 3.48279991076674E-01
 2.00945602123302E+03	 2.75736884701564E-01
 2.00945875913305E+03	 1.05077743400941E-01
 2.00946149703308E+03	-1.02519576022933E-01
 2.00946423493312E+03	-2.69771305024596E-01
 2.00946697283315E+03	-3.48245436410936E-01
 2.00946971073318E+03	-3.27030083173673E-01
 2.00947244863321E+03	-2.13628409812817E-01
 2.00947518653324E+03	-2.39726832145643E-02
 2.00947792443327E+03	 2.04222539117505E-01
 2.00948066233330E+03	 4.00767531889406E-01
 2.00948340023333E+03	 4.85802655495768E-01
 2.00948613813336E+03	 4.18530274389462E-01
 2.00948887603339E+03	 2.27882764139527E-01
 2.00949161393342E+03	-7.50712817380722E-03
 2.00949435183345E+03	-2.12220110939914E-01
 2.00949708973348E+03	-3.49819978673845E-01
 2.00949982763351E+03	-4.15686551720384E-01
 2.00950256553355E+03	-4.11063875250890E-01
 2.00950530343358E+03	-3.36449008373711E-01
 2.00950804133361E+03	-2.07841200304625E-01
 2.00951077923364E+03	-6.54430101764033E-02
 2.00951351713367E+03	 4.63686745235111E-02
 2.00951625503370E+03	 1.11958009540871E-01
 2.00951899293373E+03	 1.55066712608302E-01
 2.00952173083376E+03	 2.11267467813783E-01
 2.00952446873379E+03	 2.84811869207018E-01
 2.00952720663382E+03	 3.32686945159848E-01
 2.00952994453385E+03	 2.96943903396479E-01
 2.00953268243388E+03	 1.58376284974454E-01
 2.00953542033391E+03	-4.01628899753784E-02
 2.00953815823395E+03	-2.22593916039560E-01
 2.00954089613398E+03	-3.28792773086671E-01
 2.00954363403401E+03	-3.37057328406300E-01
 2.00954637193404E+03	-2.51012621195510E-01
 2.00954910983407E+03	-8.31809463310007E-02
 2.00955184773410E+03	 1.38357929952535E-01
 2.00955458563413E+03	 3.54102300898065E-01
 2.00955732353416E+03	 4.82816876249072E-01
 2.00956006143419E+03	 4.65114821308941E-01
 2.00956279933422E+03	 3.05793347038704E-01
 2.00956553723425E+03	 7.21815066365394E-02
 2.00956827513428E+03	-1.52454193744192E-01
 2.00957101303431E+03	-3.16057560393441E-01
 2.00957375093435E+03	-4.05497479672303E-01
 2.00957648883438E+03	-4.22665481859755E-01
 2.00957922673441E+03	-3.68242575725022E-01
 2.00958196463444E+03	-2.51783535553855E-01
 2.00958470253447E+03	-1.06408991651233E-01
 2.00958744043450E+03	 2.08730451793303E-02
 2.00959017833453E+03	 1.00903486635673E-01
 2.00959291623456E+03	 1.44359193509728E-01
 2.00959565413459E+03	 1.87635175043108E-01
 2.00959839203462E+03	 2.51110652976045E-01
 2.00960112993465E+03	 3.09049423113871E-01
 2.00960386783468E+03	 3.04679282106675E-01
 2.00960660573471E+03	 2.01103559192957E-01
 2.00960934363475E+03	 1.98657506882520E-02
 2.00961208153478E+03	-1.70444837073962E-01
 2.00961481943481E+03	-3.01251304756308E-01
 2.00961755733484E+03	-3.38682689494687E-01
 2.00962029523487E+03	-2.80484153886682E-01
 2.00962303313490E+03	-1.36699620456017E-01
 2.00962577103493E+03	 7.19930237976146E-02
 2.00962850893496E+03	 2.97783843728726E-01
 2.00963124683499E+03	 4.63535128989979E-01
 2.00963398473502E+03	 4.96691544887934E-01
 2.00963672263505E+03	 3.77610654588847E-01
 2.00963946053508E+03	 1.56085792821819E-01
 2.00964219843511E+03	-8.30015754450242E-02
 2.00964493633514E+03	-2.72728428637241E-01
 2.00964767423518E+03	-3.87706458545844E-01
 2.00965041213521E+03	-4.27728308161158E-01
 2.00965315003524E+03	-3.94816522197510E-01
 2.00965588793527E+03	-2.94334026831508E-01
 2.00965862583530E+03	-1.51392572217491E-01
 2.00966136373532E+03	-1.14115788093263E-02
 2.00966410163536E+03	 8.60756866896265E-02
 2.00966683953539E+03	 1.36707525577402E-01
 2.00966957743542E+03	 1.71454234682723E-01
 2.00967231533545E+03	 2.21889951997182E-01
 2.00967505323548E+03	 2.81082340073496E-01
 2.00967779113551E+03	 3.00566861253250E-01
 2.00968052903554E+03	 2.31879310111224E-01
 2.00968326693558E+03	 7.47619076459779E-02
 2.00968600483561E+03	-1.15432446387938E-01
 2.00968874273564E+03	-2.66388725346372E-01
 2.00969148063567E+03	-3.32039220533547E-01
 2.00969421853570E+03	-3.01958500097949E-01
 2.00969695643573E+03	-1.83578237536662E-01
 2.00969969433576E+03	 7.54753350681328E-03
 2.00970243223579E+03	 2.34776503580365E-01
 2.00970517013582E+03	 4.29265538700161E-01
 2.00970790803585E+03	 5.11491068376840E-01
 2.00971064593588E+03	 4.39477673990139E-01
 2.00971338383591E+03	 2.40875312232736E-01
 2.00971612173594E+03	-4.89743403167982E-03
 2.00971885963598E+03	-2.19047561145057E-01
 2.00972159753601E+03	-3.61300671525249E-01
 2.00972433543604E+03	-4.25677326369992E-01
 2.00972707333607E+03	-4.15335874096973E-01
 2.00972981123610E+03	-3.33796742830047E-01
 2.00973254913613E+03	-1.98639679657486E-01
 2.00973528703616E+03	-5.03363923626791E-02
 2.00973802493619E+03	 6.53395332533039E-02
 2.00974076283622E+03	 1.29126231957886E-01
 2.00974350073625E+03	 1.61473649642307E-01
 2.00974623863628E+03	 1.99008336856028E-01
 2.00974897653631E+03	 2.52444863400999E-01
 2.00975171443634E+03	 2.87162221341024E-01
 2.00975445233637E+03	 2.50354523437602E-01
 2.00975719023641E+03	 1.22059406225766E-01
 2.00975992813644E+03	-5.99811617242593E-02
 2.00976266603647E+03	-2.25348865144595E-01
 2.00976540393650E+03	-3.17369151558486E-01
 2.00976814183653E+03	-3.15442235387240E-01
 2.00977087973656E+03	-2.23252232873626E-01
 2.00977361763659E+03	-5.30257763040428E-02
 2.00977635553662E+03	 1.68104365775109E-01
 2.00977909343665E+03	 3.82160561041583E-01
 2.00978183133668E+03	 5.08823499180767E-01
 2.00978456923671E+03	 4.87953754674459E-01
 2.00978730713674E+03	 3.22655329643774E-01
 2.00979004503677E+03	 7.98664012176557E-02
 2.00979278293681E+03	-1.54765493057796E-01
 2.00979552083684E+03	-3.25208817582113E-01
 2.00979825873687E+03	-4.15778100664655E-01
 2.00980099663690E+03	-4.29110912915837E-01
 2.00980373453693E+03	-3.68704496283323E-01
 2.00980647243696E+03	-2.46166329536722E-01
 2.00980921033699E+03	-9.49326221668644E-02
 2.00981194823702E+03	 3.73917944717307E-02
 2.00981468613705E+03	 1.18672466750669E-01
 2.00981742403708E+03	 1.55490685788609E-01
 2.00982016193711E+03	 1.83089534870835E-01
 2.00982289983714E+03	 2.26307613327478E-01
 2.00982563773717E+03	 2.67636134675404E-01
 2.00982837563721E+03	 2.57255399878547E-01
 2.00983111353724E+03	 1.59899589386398E-01
 2.00983385143727E+03	-6.65017111538178E-03
 2.00983658933730E+03	-1.79679635198448E-01
 2.00983932723733E+03	-2.95104209621636E-01
 2.00984206513736E+03	-3.20992656869766E-01
 2.00984480303739E+03	-2.55437451467588E-01
 2.00984754093742E+03	-1.08276445911046E-01
 2.00985027883745E+03	 1.00609349412940E-01
 2.00985301673748E+03	 3.24978300780452E-01
 2.00985575463751E+03	 4.89119373273758E-01
 2.00985849253754E+03	 5.20349015026992E-01
 2.00986123043757E+03	 3.97296117442172E-01
 2.00986396833761E+03	 1.68374630994451E-01
 2.00986670623764E+03	-8.03965384451594E-02
 2.00986944413767E+03	-2.78501010533644E-01
 2.00987218203770E+03	-3.97124525358238E-01
 2.00987491993773E+03	-4.35491410896410E-01
 2.00987765783776E+03	-3.97854602773249E-01
 2.00988039573779E+03	-2.91976820025422E-01
 2.00988313363782E+03	-1.43591752743318E-01
 2.00988587153785E+03	 1.86589554436135E-03
 2.00988860943788E+03	 1.02827654506035E-01
 2.00989134733791E+03	 1.50706890168325E-01
 2.00989408523794E+03	 1.73527244158320E-01
 2.00989682313797E+03	 2.04992139092016E-01
 2.00989956103800E+03	 2.45380235714395E-01
 2.00990229893804E+03	 2.54293143169428E-01
 2.00990503683807E+03	 1.87246100326891E-01
 2.00990777473810E+03	 4.20994474948288E-02
 2.00991051263813E+03	-1.31296461861342E-01
 2.00991325053816E+03	-2.65950263858044E-01
 2.00991598843819E+03	-3.18723387969223E-01
 2.00991872633822E+03	-2.80026143793280E-01
 2.00992146423825E+03	-1.57225067210818E-01
 2.00992420213828E+03	 3.47660823778099E-02
 2.00992694003831E+03	 2.60803184346854E-01
 2.00992967793834E+03	 4.53850803984427E-01
 2.00993241583837E+03	 5.34979697445018E-01
 2.00993515373840E+03	 4.60812000491644E-01
 2.00993789163844E+03	 2.56948982370676E-01
 2.00994062953847E+03	 2.62484230757700E-03
 2.00994336743850E+03	-2.20630700393003E-01
 2.00994610533853E+03	-3.68705715688886E-01
 2.00994884323856E+03	-4.33770009382554E-01
 2.00995158113859E+03	-4.20276800118469E-01
 2.00995431903862E+03	-3.34232070259382E-01
 2.00995705693865E+03	-1.94296832874663E-01
 2.00995979483868E+03	-4.06895698453386E-02
 2.00996253273871E+03	 7.97949081010911E-02
 2.00996527063874E+03	 1.44136517789295E-01
 2.00996800853877E+03	 1.68646218351611E-01
 2.00997074643880E+03	 1.89729621617905E-01
 2.00997348433884E+03	 2.23587942929998E-01
 2.00997622223887E+03	 2.43946736516974E-01
 2.00997896013890E+03	 2.04008533593073E-01
 2.00998169803893E+03	 8.41571923335203E-02
 2.00998443593896E+03	-8.23753968114336E-02
 2.00998717383899E+03	-2.30950886560174E-01
 2.00998991173902E+03	-3.08850201675316E-01
 2.00999264963905E+03	-2.97006515839657E-01
 2.00999538753908E+03	-1.99283508026769E-01
 2.00999812543911E+03	-2.74303231580621E-02
 2.01000086333914E+03	 1.92764248554420E-01
 2.01000360123917E+03	 4.05348557426482E-01
 2.01000633913920E+03	 5.31313134227826E-01
 2.01000907703923E+03	 5.09741407716658E-01
 2.01001181493927E+03	 3.41422466576354E-01
 2.01001455283930E+03	 9.18937669920766E-02
 2.01001729073933E+03	-1.51678848987547E-01
 2.01002002863936E+03	-3.29551166519433E-01
 2.01002276653939E+03	-4.23126965703255E-01
 2.01002550443942E+03	-4.35154100360529E-01
 2.01002824233945E+03	-3.71348563825684E-01
 2.01003098023948E+03	-2.44863507457057E-01
 2.01003371813951E+03	-8.89409059662766E-02
 2.01003645603954E+03	 4.86809762338087E-02
 2.01003919393957E+03	 1.33010761160299E-01
 2.01004193183960E+03	 1.65991427667837E-01
 2.01004466973963E+03	 1.80568179345254E-01
 2.01004740763967E+03	 2.04867601679607E-01
 2.01005014553970E+03	 2.29145319118298E-01
 2.01005288343973E+03	 2.11050699363729E-01
 2.01005562133976E+03	 1.17996879940514E-01
 2.01005835923979E+03	-3.51835430486293E-02
 2.01006109713982E+03	-1.91507299380939E-01
 2.01006383503985E+03	-2.91761888101437E-01
 2.01006657293988E+03	-3.06420526809577E-01
 2.01006931083991E+03	-2.34150511934177E-01
 2.01007204873994E+03	-8.45001624400297E-02
 2.01007478663997E+03	 1.23786389060875E-01
 2.01007752454000E+03	 3.46544124719291E-01
 2.01008026244003E+03	 5.09986952920964E-01
 2.01008300034007E+03	 5.41478716656763E-01
 2.01008573824010E+03	 4.17496187194094E-01
 2.01008847614013E+03	 1.84110051338574E-01
 2.01009121404016E+03	-7.25563340817930E-02
 2.01009395194019E+03	-2.78936712917345E-01
 2.01009668984022E+03	-4.02640178104605E-01
 2.01009942774025E+03	-4.41726525544749E-01
 2.01010216564028E+03	-4.02023639182492E-01
 2.01010490354031E+03	-2.93152854069924E-01
 2.01010764144034E+03	-1.40976268912352E-01
 2.01011037934037E+03	 9.55021031307017E-03
 2.01011311724040E+03	 1.15125470598157E-01
 2.01011585514043E+03	 1.62700735346558E-01
 2.01011859304046E+03	 1.76436613485325E-01
 2.01012133094050E+03	 1.90940108514724E-01
 2.01012406884053E+03	 2.12892391967714E-01
 2.01012680674056E+03	 2.10076178081171E-01
 2.01012954464059E+03	 1.42853492867664E-01
 2.01013228254062E+03	 8.13276830930064E-03
 2.01013502044065E+03	-1.49339733233190E-01
 2.01013775834068E+03	-2.68094775531867E-01
 2.01014049624071E+03	-3.08364866758725E-01
 2.01014323414074E+03	-2.61707717815969E-01
 2.01014597204077E+03	-1.35447400183940E-01
 2.01014870994080E+03	 5.64018842096247E-02
 2.01015144784083E+03	 2.80674217220446E-01
 2.01015418574086E+03	 4.72704874415057E-01
 2.01015692364090E+03	 5.54515587915786E-01
 2.01015966154093E+03	 4.81134369440082E-01
 2.01016239944096E+03	 2.75279318427256E-01
 2.01016513734099E+03	 1.48761177785566E-02
 2.01016787524102E+03	-2.16619706022666E-01
 2.01017061314105E+03	-3.71371056420018E-01
 2.01017335104108E+03	-4.39210724447123E-01
 2.01017608894111E+03	-4.25197969998000E-01
 2.01017882684114E+03	-3.37227551414484E-01
 2.01018156474117E+03	-1.94549884059019E-01
 2.01018430264120E+03	-3.66427844605009E-02
 2.01018704054123E+03	 8.90916314587001E-02
 2.01018977844126E+03	 1.55907353142184E-01
 2.01019251634130E+03	 1.75350323011319E-01
 2.01019525424133E+03	 1.82460718033178E-01
 2.01019799214136E+03	 1.97883337963372E-01
 2.01020073004139E+03	 2.03402551942226E-01
 2.01020346794142E+03	 1.58811727279018E-01
 2.01020620584145E+03	 4.57718661702329E-02
 2.01020894374148E+03	-1.06386141533172E-01
 2.01021168164151E+03	-2.38787687379212E-01
 2.01021441954154E+03	-3.03029786513204E-01
 2.01021715744157E+03	-2.81937689807478E-01
 2.01021989534160E+03	-1.79678629957993E-01
 2.01022263324163E+03	-7.36204023725526E-03
 2.01022537114166E+03	 2.10987442241730E-01
 2.01022810904170E+03	 4.22028144592243E-01
 2.01023084694173E+03	 5.48562582701382E-01
 2.01023358484176E+03	 5.28946927256382E-01
 2.01023632274179E+03	 3.61021291659860E-01
 2.01023906064182E+03	 1.07800621269501E-01
 2.01024179854185E+03	-1.43062803834772E-01
 2.01024453644188E+03	-3.28520840796174E-01
 2.01024727434191E+03	-4.26764857382480E-01
 2.01025001224194E+03	-4.39978329146140E-01
 2.01025275014197E+03	-3.75436490784633E-01
 2.01025548804200E+03	-2.47322882797792E-01
 2.01025822594203E+03	-8.82184833816862E-02
 2.01026096384206E+03	 5.44645808805697E-02
 2.01026370174209E+03	 1.43117414248048E-01
 2.01026643964213E+03	 1.74725846014271E-01
 2.01026917754216E+03	 1.78986410069946E-01
 2.01027191544219E+03	 1.86169092502265E-01
 2.01027465334222E+03	 1.93653091221771E-01
 2.01027739124225E+03	 1.66787260727218E-01
 2.01028012914228E+03	 7.64776947354994E-02
 2.01028286704231E+03	-6.46464983213656E-02
 2.01028560494234E+03	-2.05097051290737E-01
 2.01028834284237E+03	-2.90761635699923E-01
 2.01029108074240E+03	-2.94878361295732E-01
 2.01029381864243E+03	-2.16896728004824E-01
 2.01029655654246E+03	-6.60168471002464E-02
 2.01029929444249E+03	 1.40489195252681E-01
 2.01030203234253E+03	 3.61094755194484E-01
 2.01030477024256E+03	 5.24538977166544E-01
 2.01030750814259E+03	 5.58510200960248E-01
 2.01031024604262E+03	 4.36949559314203E-01
 2.01031298394265E+03	 2.02561452655028E-01
 2.01031572184268E+03	-5.96036516753768E-02
 2.01031845974271E+03	-2.73636284485493E-01
 2.01032119764274E+03	-4.03518528211872E-01
 2.01032393554277E+03	-4.45550996341999E-01
 2.01032667344280E+03	-4.06428146935676E-01
 2.01032941134283E+03	-2.97065744800088E-01
 2.01033214924286E+03	-1.43000678169797E-01
 2.01033488714289E+03	 1.17469698961374E-02
 2.01033762504293E+03	 1.22515059894530E-01
 2.01034036294296E+03	 1.71756881748191E-01
 2.01034310084299E+03	 1.79089050571804E-01
 2.01034583874302E+03	 1.78912051982611E-01
 2.01034857664305E+03	 1.83407850339640E-01
 2.01035131454308E+03	 1.68397876769964E-01
 2.01035405244311E+03	 9.96840103261590E-02
 2.01035679034314E+03	-2.59923212587488E-02
 2.01035952824317E+03	-1.68559065633544E-01
 2.01036226614320E+03	-2.72129239868132E-01
 2.01036500404323E+03	-3.00618858657771E-01
 2.01036774194326E+03	-2.46994210591766E-01
 2.01037047984329E+03	-1.18577032837456E-01
 2.01037321774332E+03	 7.17519783435539E-02
 2.01037595564336E+03	 2.93306328521345E-01
 2.01037869354339E+03	 4.84437030889499E-01
 2.01038143144342E+03	 5.68585224072171E-01
 2.01038416934345E+03	 4.99075461000320E-01
 2.01038690724348E+03	 2.94905874815629E-01
 2.01038964514351E+03	 3.14669066886484E-02
 2.01039238304354E+03	-2.06831111793279E-01
 2.01039512094357E+03	-3.68673676310142E-01
 2.01039785884360E+03	-4.41117207661371E-01
 2.01040059674363E+03	-4.29107138532884E-01
 2.01040333464366E+03	-3.41798296025305E-01
 2.01040607254369E+03	-1.98567205319438E-01
 2.01040881044372E+03	-3.77212296047583E-02
 2.01041154834376E+03	 9.31609772541257E-02
 2.01041428624379E+03	 1.63798558663641E-01
 2.01041702414382E+03	 1.80593972340075E-01
 2.01041976204385E+03	 1.76266581935551E-01
 2.01042249994388E+03	 1.74862882034721E-01
 2.01042523784391E+03	 1.65738733969349E-01
 2.01042797574394E+03	 1.15575152724213E-01
 2.01043071364397E+03	 8.03057106288112E-03
 2.01043345154400E+03	-1.30895971979374E-01
 2.01043618944403E+03	-2.47972678157455E-01
 2.01043892734406E+03	-2.99331823532511E-01
 2.01044166524409E+03	-2.69967784702545E-01
 2.01044440314412E+03	-1.64474269760259E-01
 2.01044714104416E+03	 6.80613772816859E-03
 2.01044987894419E+03	 2.22023900374328E-01
 2.01045261684422E+03	 4.31083700541778E-01
 2.01045535474425E+03	 5.59207519544639E-01
 2.01045809264428E+03	 5.44184266638149E-01
 2.01046083054431E+03	 3.80322360958965E-01
 2.01046356844434E+03	 1.26943294641075E-01
 2.01046630634437E+03	-1.28982723240800E-01
 2.01046904424440E+03	-3.21666729627968E-01
 2.01047178214443E+03	-4.25876718590670E-01
 2.01047452004446E+03	-4.42558973306798E-01
 2.01047725794449E+03	-3.79857379760441E-01
 2.01047999584452E+03	-2.52484277151279E-01
 2.01048273374455E+03	-9.19575678759391E-02
 2.01048547164459E+03	 5.50679323725926E-02
 2.01048820954462E+03	 1.48708726096312E-01
 2.01049094744465E+03	 1.80906695202298E-01
 2.01049368534468E+03	 1.77398040173749E-01
 2.01049642324471E+03	 1.69545475811115E-01
 2.01049916114474E+03	 1.61091383098891E-01
 2.01050189904477E+03	 1.25048810658899E-01
 2.01050463694480E+03	 3.63743745099257E-02
 2.01050737484483E+03	-9.38747173696325E-02
 2.01051011274486E+03	-2.19415901578280E-01
 2.01051285064489E+03	-2.91328952863349E-01
 2.01051558854492E+03	-2.85868429229335E-01
 2.01051832644495E+03	-2.03445927793775E-01
 2.01052106434499E+03	-5.28874387913993E-02
 2.01052380224502E+03	 1.50309068424923E-01
 2.01052654014505E+03	 3.67835383526033E-01
 2.01052927804508E+03	 5.31640574272257E-01
 2.01053201594511E+03	 5.70135187026425E-01
 2.01053475384514E+03	 4.54436417275290E-01
 2.01053749174517E+03	 2.22868506772627E-01
 2.01054022964520E+03	-4.18636908150994E-02
 2.01054296754523E+03	-2.62367832259041E-01
 2.01054570544526E+03	-3.99074850400770E-01
 2.01054844334529E+03	-4.45973187449407E-01
 2.01055118124532E+03	-4.09897105817493E-01
 2.01055391914535E+03	-3.02493201875514E-01
 2.01055665704539E+03	-1.48579450762408E-01
 2.01055939494542E+03	 9.15555559713748E-03
 2.01056213284545E+03	 1.25104445574304E-01
 2.01056487074548E+03	 1.77379778503415E-01
 2.01056760864551E+03	 1.80634049175844E-01
 2.01057034654554E+03	 1.68125097069041E-01
 2.01057308444557E+03	 1.56607027057470E-01
 2.01057582234560E+03	 1.29581258696973E-01
 2.01057856024563E+03	 5.86068377105343E-02
 2.01058129814566E+03	-5.91365165109040E-02
 2.01058403604569E+03	-1.87831425459828E-01
 2.01058677394572E+03	-2.77121079577081E-01
 2.01058951184575E+03	-2.94792055079312E-01
 2.01059224974579E+03	-2.35423337207656E-01
 2.01059498764582E+03	-1.06393545363315E-01
 2.01059772554585E+03	 8.07371216924857E-02
 2.01060046344588E+03	 2.98248003755302E-01
 2.01060320134591E+03	 4.88203892237543E-01
 2.01060593924594E+03	 5.76047373585317E-01
 2.01060867714597E+03	 5.13414393278391E-01
 2.01061141504600E+03	 3.14811242618285E-01
 2.01061415294603E+03	 5.18250985897032E-02
 2.01061689084606E+03	-1.91282307133826E-01
 2.01061962874609E+03	-3.60114268042252E-01
 2.01062236664612E+03	-4.38594107282691E-01
 2.01062510454615E+03	-4.30839393815532E-01
 2.01062784244618E+03	-3.46630459058231E-01
 2.01063058034622E+03	-2.05053975512915E-01
 2.01063331824625E+03	-4.28964569758999E-02
 2.01063605614628E+03	 9.25068016689776E-02
 2.01063879404631E+03	 1.67668654286258E-01
 2.01064153194634E+03	 1.83723038682394E-01
 2.01064426984637E+03	 1.70345409190123E-01
 2.01064700774640E+03	 1.54009125736688E-01
 2.01064974564643E+03	 1.31011059587709E-01
 2.01065248354646E+03	 7.49514044711027E-02
 2.01065522144649E+03	-2.80230918848687E-02
 2.01065795934652E+03	-1.54754776612533E-01
 2.01066069724655E+03	-2.57462697403732E-01
 2.01066343514658E+03	-2.96906179207204E-01
 2.01066617304662E+03	-2.60441417664701E-01
 2.01066891094665E+03	-1.53208198724631E-01
 2.01067164884668E+03	 1.52957551241695E-02
 2.01067438674671E+03	 2.25764883311861E-01
 2.01067712464674E+03	 4.32002975909504E-01
 2.01067986254677E+03	 5.62350165155684E-01
 2.01068260044680E+03	 5.54323348372585E-01
 2.01068533834683E+03	 3.98227723746297E-01
 2.01068807624686E+03	 1.48539266525865E-01
 2.01069081414689E+03	-1.09714780872977E-01
 2.01069355204692E+03	-3.08717782244534E-01
 2.01069628994695E+03	-4.19721532097702E-01
 2.01069902784698E+03	-4.41801169445196E-01
 2.01070176574702E+03	-3.83276469231748E-01
 2.01070450364705E+03	-2.58919219765923E-01
 2.01070724154708E+03	-9.88649912703122E-02
 2.01070997944711E+03	 5.13650202882669E-02
 2.01071271734714E+03	 1.50029866014122E-01
 2.01071545524717E+03	 1.84160715797909E-01
 2.01071819314720E+03	 1.75084751903507E-01
 2.01072093104723E+03	 1.54357973717415E-01
 2.01072366894726E+03	 1.31270568937701E-01
 2.01072640684729E+03	 8.62388532321937E-02
 2.01072914474732E+03	-1.42822505986597E-03
 2.01073188264735E+03	-1.21756709714136E-01
 2.01073462054738E+03	-2.33363622399627E-01
 2.01073735844741E+03	-2.92499915149729E-01
 2.01074009634745E+03	-2.78583999602656E-01
 2.01074283424748E+03	-1.93139071864777E-01
 2.01074557214751E+03	-4.46309526811243E-02
 2.01074831004754E+03	 1.53458741923230E-01
 2.01075104794757E+03	 3.66600301615025E-01
 2.01075378584760E+03	 5.30694805612948E-01
 2.01075652374763E+03	 5.75400580919201E-01
 2.01075926164766E+03	 4.68864964573876E-01
 2.01076199954769E+03	 2.44095743336349E-01
 2.01076473744772E+03	-1.98586580400745E-02
 2.01076747534775E+03	-2.45115452732967E-01
 2.01077021324778E+03	-3.88772062615938E-01
 2.01077295114781E+03	-4.42027622604189E-01
 2.01077568904785E+03	-4.11142384151019E-01
 2.01077842694788E+03	-3.07950394691085E-01
 2.01078116484791E+03	-1.56231685261387E-01
 2.01078390274794E+03	 2.96873421208088E-03
 2.01078664064797E+03	 1.23526337934210E-01
 2.01078937854800E+03	 1.79537195155592E-01
 2.01079211644803E+03	 1.80533650365307E-01
 2.01079485434806E+03	 1.57910716708246E-01
 2.01079759224809E+03	 1.32103455955617E-01
 2.01080033014812E+03	 9.37732250885192E-02
 2.01080306804815E+03	 2.02989779201090E-02
 2.01080580594818E+03	-9.02904754819981E-02
 2.01080854384821E+03	-2.06056929283155E-01
 2.01081128174825E+03	-2.82039412057002E-01
 2.01081401964828E+03	-2.89969862590415E-01
 2.01081675754831E+03	-2.26186793661642E-01
 2.01081949544834E+03	-9.82061729331342E-02
 2.01082223334837E+03	 8.38531637425790E-02
 2.01082497124840E+03	 2.95671762775055E-01
 2.01082770914843E+03	 4.83743682014218E-01
 2.01083044704846E+03	 5.76198900762565E-01
 2.01083318494849E+03	 5.23154587386868E-01
 2.01083592284852E+03	 3.33980743745473E-01
 2.01083866074855E+03	 7.52172504658671E-02
 2.01084139864858E+03	-1.70220668378145E-01
 2.01084413654861E+03	-3.45397712914213E-01
 2.01084687444864E+03	-4.30857962129661E-01
 2.01084961234868E+03	-4.29215397410529E-01
 2.01085235024871E+03	-3.50257250383447E-01
 2.01085508814874E+03	-2.12424305395516E-01
 2.01085782604877E+03	-5.07277026404481E-02
 2.01086056394880E+03	 8.81200245653221E-02
 2.01086330184883E+03	 1.67857012719587E-01
 2.01086603974886E+03	 1.84461336097398E-01
 2.01086877764889E+03	 1.64095935877412E-01
 2.01087151554892E+03	 1.34809320704514E-01
 2.01087425344895E+03	 9.91287666496673E-02
 2.01087699134898E+03	 3.73797905219136E-02
 2.01087972924901E+03	-6.15378379626940E-02
 2.01088246714904E+03	-1.76921172444793E-01
 2.01088520504908E+03	-2.66209567671796E-01
 2.01088794294911E+03	-2.94774976708312E-01
 2.01089068084914E+03	-2.52448939388591E-01
 2.01089341874917E+03	-1.45033715903772E-01
 2.01089615664920E+03	 1.88350081204351E-02
 2.01089889454923E+03	 2.22691656561854E-01
 2.01090163244926E+03	 4.24868928614048E-01
 2.01090437034929E+03	 5.57591095368994E-01
 2.01090710824932E+03	 5.58546287783702E-01
 2.01090984614935E+03	 4.13727226961317E-01
 2.01091258404938E+03	 1.71698510650639E-01
 2.01091532194941E+03	-8.57574352347073E-02
 2.01091805984944E+03	-2.89644449227532E-01
 2.01092079774948E+03	-4.07741736295871E-01
 2.01092353564951E+03	-4.36689598715169E-01
 2.01092627354954E+03	-3.84313270108766E-01
 2.01092901144957E+03	-2.65019142903043E-01
 2.01093174934960E+03	-1.07334841410949E-01
 2.01093448724963E+03	 4.46498245562858E-02
 2.01093722514966E+03	 1.47790895648817E-01
 2.01093996304969E+03	 1.84531432223933E-01
 2.01094270094972E+03	 1.71604782491096E-01
 2.01094543884975E+03	 1.40052821172276E-01
 2.01094817674978E+03	 1.03906184197762E-01
 2.01095091464981E+03	 5.05520471878106E-02
 2.01095365254984E+03	-3.62798114450185E-02
 2.01095639044988E+03	-1.47364514864594E-01
 2.01095912834991E+03	-2.45925576868317E-01
 2.01096186624994E+03	-2.93278476922774E-01
 2.01096460414997E+03	-2.72060926826070E-01
 2.01096734205000E+03	-1.85028055012777E-01
 2.01097007995003E+03	-4.03451043851194E-02
 2.01097281785006E+03	 1.50681691974951E-01
 2.01097555575009E+03	 3.57802705010783E-01
 2.01097829365012E+03	 5.21636515985232E-01
 2.01098103155015E+03	 5.73737785696586E-01
 2.01098376945018E+03	 4.79316016009126E-01
 2.01098650735021E+03	 2.65267016928364E-01
 2.01098924525024E+03	 5.69450013502322E-03
 2.01099198315027E+03	-2.22122019758420E-01
 2.01099472105031E+03	-3.72311609091810E-01
 2.01099745895034E+03	-4.32910207518134E-01
 2.01100019685037E+03	-4.08929963723429E-01
 2.01100293475040E+03	-3.11883043763907E-01
 2.01100567265043E+03	-1.64273779493728E-01
 2.01100841055046E+03	-5.29086693744180E-03
 2.01101114845049E+03	 1.18830566853047E-01
 2.01101388635052E+03	 1.78621595853968E-01
 2.01101662425055E+03	 1.78583486582220E-01
 2.01101936215058E+03	 1.47765107662436E-01
 2.01102210005061E+03	 1.09483696153764E-01
 2.01102483795064E+03	 6.09410642815679E-02
 2.01102757585067E+03	-1.48156622837433E-02
 2.01103031375071E+03	-1.18686902008924E-01
 2.01103305165074E+03	-2.22304069734121E-01
 2.01103578955077E+03	-2.85914917465977E-01
 2.01103852745080E+03	-2.85178543565410E-01
 2.01104126535083E+03	-2.18287642729034E-01
 2.01104400325086E+03	-9.29996269109190E-02
 2.01104674115089E+03	 8.20472621894496E-02
 2.01104947905092E+03	 2.86285229889520E-01
 2.01105221695095E+03	 4.71331231018128E-01
 2.01105495485098E+03	 5.68772288712135E-01
 2.01105769275101E+03	 5.27549437982314E-01
 2.01106043065104E+03	 3.51432812127681E-01
 2.01106316855107E+03	 1.00759334268485E-01
 2.01106590645111E+03	-1.44150066144290E-01
 2.01106864435114E+03	-3.24504764603784E-01
 2.01107138225117E+03	-4.17354167400130E-01
 2.01107412015120E+03	-4.23198820226920E-01
 2.01107685805123E+03	-3.51247021743899E-01
 2.01107959595126E+03	-2.19002334399541E-01
 2.01108233385129E+03	-5.95496677370900E-02
 2.01108507175132E+03	 8.13337627833580E-02
 2.01108780965135E+03	 1.65103610166783E-01
 2.01109054755138E+03	 1.82897640273911E-01
 2.01109328545141E+03	 1.57151391588712E-01
 2.01109602335144E+03	 1.16799900140853E-01
 2.01109876125147E+03	 6.98720563345172E-02
 2.01110149915150E+03	 3.05310548194461E-03
 2.01110423705154E+03	-9.19421982549143E-02
 2.01110697495157E+03	-1.96592044598252E-01
 2.01110971285160E+03	-2.73314189953555E-01
 2.01111245075163E+03	-2.91997296596646E-01
 2.01111518865166E+03	-2.44993434407962E-01
 2.01111792655169E+03	-1.38882486424425E-01
 2.01112066445172E+03	 1.85095648919949E-02
 2.01112340235175E+03	 2.13753501370079E-01
 2.01112614025178E+03	 4.10277941837256E-01
 2.01112887815181E+03	 5.44992864055815E-01
 2.01113161605184E+03	 5.56348789002853E-01
 2.01113435395187E+03	 4.25918200858984E-01
 2.01113709185190E+03	 1.95436907582239E-01
 2.01113982975194E+03	-5.78453906349205E-02
 2.01114256765197E+03	-2.64712394479030E-01
 2.01114530555200E+03	-3.89660519504316E-01
 2.01114804345203E+03	-4.26427714038186E-01
 2.01115078135206E+03	-3.81716836623674E-01
 2.01115351925209E+03	-2.69194187468973E-01
 2.01115625715212E+03	-1.15648915584999E-01
 2.01115899505215E+03	 3.64633247459659E-02
 2.01116173295218E+03	 1.43048591630742E-01
 2.01116447085221E+03	 1.82429198910209E-01
 2.01116720875224E+03	 1.66802464514681E-01
 2.01116994665227E+03	 1.26201032540322E-01
 2.01117268455230E+03	 7.86508583306787E-02
 2.01117542245234E+03	 1.79671876612573E-02
 2.01117816035237E+03	-6.78240489581969E-02
 2.01118089825240E+03	-1.70060867199827E-01
 2.01118363615243E+03	-2.56313255377439E-01
 2.01118637405246E+03	-2.92795945149240E-01
 2.01118911195249E+03	-2.65346446346719E-01
 2.01119184985252E+03	-1.78047328441394E-01
 2.01119458775255E+03	-3.88724682628030E-02
 2.01119732565258E+03	 1.43104441018542E-01
 2.01120006355261E+03	 3.42320714649753E-01
 2.01120280145264E+03	 5.04862738743913E-01
 2.01120553935267E+03	 5.64936779013390E-01
 2.01120827725270E+03	 4.85046688835545E-01
 2.01121101515273E+03	 2.85375991737864E-01
 2.01121375305277E+03	 3.38782947779138E-02
 2.01121649095280E+03	-1.93927450821002E-01
 2.01121922885283E+03	-3.49711536142160E-01
 2.01122196675286E+03	-4.18097200043350E-01
 2.01122470465289E+03	-4.02237109017698E-01
 2.01122744255292E+03	-3.12855100715463E-01
 2.01123018045295E+03	-1.71021311176455E-01
 2.01123291835298E+03	-1.39609986829796E-02
 2.01123565625301E+03	 1.12335007435340E-01
 2.01123839415304E+03	 1.75363998260238E-01
 2.01124113205307E+03	 1.74892561255630E-01
 2.01124386995310E+03	 1.37375506703748E-01
 2.01124660785313E+03	 8.83455979754032E-02
 2.01124934575317E+03	 3.08874556482872E-02
 2.01125208365320E+03	-4.65967367449064E-02
 2.01125482155323E+03	-1.43880554230249E-01
 2.01125755945326E+03	-2.35929921946842E-01
 2.01126029735329E+03	-2.87986816197706E-01
 2.01126303525332E+03	-2.79548408190873E-01
 2.01126577315335E+03	-2.10712846867975E-01
 2.01126851105338E+03	-8.96087559710679E-02
 2.01127124895341E+03	 7.65527580590772E-02
 2.01127398685344E+03	 2.71191454132382E-01
 2.01127672475347E+03	 4.51678362935381E-01
 2.01127946265350E+03	 5.53881810505883E-01
 2.01128220055353E+03	 5.26086499947443E-01
 2.01128493845357E+03	 3.66221817682355E-01
 2.01128767635360E+03	 1.27414728670822E-01
 2.01129041425363E+03	-1.13856839375203E-01
 2.01129315215366E+03	-2.97752610712179E-01
 2.01129589005369E+03	-3.97855588754753E-01
 2.01129862795372E+03	-4.12032640315040E-01
 2.01130136585375E+03	-3.48373475049932E-01
 2.01130410375378E+03	-2.23215758335076E-01
 2.01130684165381E+03	-6.76687511768135E-02
 2.01130957955384E+03	 7.36527486170133E-02
 2.01131231745387E+03	 1.60431011174345E-01
 2.01131505535390E+03	 1.79433612680464E-01
 2.01131779325393E+03	 1.49385284924818E-01
 2.01132053115397E+03	 9.96025163541399E-02
 2.01132326905400E+03	 4.29228279182373E-02
 2.01132600695403E+03	-2.80857505918698E-02
 2.01132874485406E+03	-1.18994836396852E-01
 2.01133148275409E+03	-2.13297080015869E-01
 2.01133422065412E+03	-2.78154567438769E-01
 2.01133695855415E+03	-2.87819991664353E-01
 2.01133969645418E+03	-2.37156921581557E-01
 2.01134243435421E+03	-1.33639666235170E-01
 2.01134517225424E+03	 1.55885081985833E-02
 2.01134791015427E+03	 2.00209997756134E-01
 2.01135064805430E+03	 3.89215390657021E-01
 2.01135338595433E+03	 5.24999988815981E-01
 2.01135612385436E+03	 5.47503309532406E-01
 2.01135886175440E+03	 4.33997187614433E-01
 2.01136159965443E+03	 2.18674238887953E-01
 2.01136433755446E+03	-2.69664512944917E-02
 2.01136707545449E+03	-2.34527817744719E-01
 2.01136981335452E+03	-3.65561282436107E-01
 2.01137255125455E+03	-4.10552535266102E-01
 2.01137528915458E+03	-3.74514805758159E-01
 2.01137802705461E+03	-2.70050886427621E-01
 2.01138076495464E+03	-1.22168565012016E-01
 2.01138350285467E+03	 2.84119479417900E-02
 2.01138624075470E+03	 1.37063726727679E-01
 2.01138897865473E+03	 1.78548576330066E-01
 2.01139171655476E+03	 1.60788892760532E-01
 2.01139445445480E+03	 1.12524263134459E-01
 2.01139719235483E+03	 5.51332092684402E-02
 2.01139993025486E+03	-1.17332971218395E-02
 2.01140266815489E+03	-9.60190448723365E-02
 2.01140540605492E+03	-1.89564488606578E-01
 2.01140814395495E+03	-2.64067988552085E-01
 2.01141088185498E+03	-2.90443431998163E-01
 2.01141361975501E+03	-2.57652605100471E-01
 2.01141635765504E+03	-1.71182228781254E-01
 2.01141909555507E+03	-3.89753563215274E-02
 2.01142183345510E+03	 1.32068907367329E-01
 2.01142457135513E+03	 3.21354675188749E-01
 2.01142730925516E+03	 4.81130141474711E-01
 2.01143004715520E+03	 5.49088671917265E-01
 2.01143278505523E+03	 4.85469093102486E-01
 2.01143552295526E+03	 3.03381269400492E-01
 2.01143826085529E+03	 6.35642546678997E-02
 2.01144099875532E+03	-1.61401014934399E-01
 2.01144373665535E+03	-3.21368565917538E-01
 2.01144647455538E+03	-3.97439345096768E-01
 2.01144921245541E+03	-3.90378902591743E-01
 2.01145195035544E+03	-3.09705746375650E-01
 2.01145468825547E+03	-1.74967971411896E-01
 2.01145742615550E+03	-2.14218966926447E-02
 2.01146016405553E+03	 1.05467179059610E-01
 2.01146290195556E+03	 1.70725195431605E-01
 2.01146563985559E+03	 1.69837162143995E-01
 2.01146837775563E+03	 1.26629482324024E-01
 2.01147111565566E+03	 6.83374406758983E-02
 2.01147385355569E+03	 3.28682308405182E-03
 2.01147659145572E+03	-7.51803032146165E-02
 2.01147932935575E+03	-1.65782714915674E-01
 2.01148206725578E+03	-2.46655546335945E-01
 2.01148480515581E+03	-2.87811905550209E-01
 2.01148754305584E+03	-2.72448916619013E-01
 2.01149028095587E+03	-2.02588500726801E-01
 2.01149301885590E+03	-8.68869268257262E-02
 2.01149575675593E+03	 6.87194952664538E-02
 2.01149849465596E+03	 2.51735149410598E-01
 2.01150123255599E+03	 4.25813833015464E-01
 2.01150397045603E+03	 5.31947556773655E-01
 2.01150670835606E+03	 5.18452655196770E-01
 2.01150944625609E+03	 3.77428517610527E-01
 2.01151218415612E+03	 1.53988215023069E-01
 2.01151492205615E+03	-8.04308199931180E-02
 2.01151765995618E+03	-2.65841207328630E-01
 2.01152039785621E+03	-3.72537554782235E-01
 2.01152313575624E+03	-3.95343590587246E-01
 2.01152587365627E+03	-3.40749684936904E-01
 2.01152861155630E+03	-2.23755790074261E-01
 2.01153134945633E+03	-7.35365274791088E-02
 2.01153408735636E+03	 6.65889527449070E-02
 2.01153682525639E+03	 1.55016211216965E-01
 2.01153956315643E+03	 1.74712319759024E-01
 2.01154230105646E+03	 1.40899967413142E-01
 2.01154503895649E+03	 8.29560796759549E-02
 2.01154777685652E+03	 1.79107678457242E-02
 2.01155051475655E+03	-5.63132059213328E-02
 2.01155325265658E+03	-1.42788701781414E-01
 2.01155599055661E+03	-2.26943436750899E-01
 2.01155872845664E+03	-2.80467448758629E-01
 2.01156146635667E+03	-2.81789810545326E-01
 2.01156420425670E+03	-2.28237200817274E-01
 2.01156694215673E+03	-1.28299496214697E-01
 2.01156968005676E+03	 1.13598474046783E-02
 2.01157241795679E+03	 1.83473449192297E-01
 2.01157515585682E+03	 3.62923898780481E-01
 2.01157789375686E+03	 4.98347761762908E-01
 2.01158063165689E+03	 5.32011458728150E-01
 2.01158336955692E+03	 4.37244875372224E-01
 2.01158610745695E+03	 2.40231403324363E-01
 2.01158884535698E+03	 5.62773324065549E-03
 2.01159158325701E+03	-2.00069091748059E-01
 2.01159432115704E+03	-3.35944908520031E-01
 2.01159705905707E+03	-3.89018346313644E-01
 2.01159979695710E+03	-3.62124198472953E-01
 2.01160253485713E+03	-2.66529675605387E-01
 2.01160527275716E+03	-1.25492391169629E-01
 2.01160801065719E+03	 2.20064628858353E-02
 2.01161074855722E+03	 1.31161725361653E-01
 2.01161348645726E+03	 1.73775451922196E-01
 2.01161622435729E+03	 1.53908184501649E-01
 2.01161896225732E+03	 9.89137625552104E-02
 2.01162170015735E+03	 3.30062337070339E-02
 2.01162443805738E+03	-3.89151916802648E-02
 2.01162717595741E+03	-1.21113705217602E-01
 2.01162991385744E+03	-2.05963324901180E-01
 2.01163265175747E+03	-2.69112436632921E-01
 2.01163538965750E+03	-2.85957278956836E-01
 2.01163812755753E+03	-2.48470400219330E-01
 2.01164086545756E+03	-1.63606592992310E-01
 2.01164360335759E+03	-3.94888611034527E-02
 2.01164634125762E+03	 1.18977790773158E-01
 2.01164907915766E+03	 2.96289788035004E-01
 2.01165181705769E+03	 4.51452698975470E-01
 2.01165455495772E+03	 5.26527001867339E-01
 2.01165729285775E+03	 4.80129660695141E-01
 2.01166003075778E+03	 3.18206204742738E-01
 2.01166276865781E+03	 9.34121102899410E-02
 2.01166550655784E+03	-1.25758489792229E-01
 2.01166824445787E+03	-2.88098387496191E-01
 2.01167098235790E+03	-3.71226224894226E-01
 2.01167372025793E+03	-3.73096843111811E-01
 2.01167645815796E+03	-3.01663247813217E-01
 2.01167919605799E+03	-1.74922734512383E-01
 2.01168193395802E+03	-2.62462603386450E-02
 2.01168467185806E+03	 9.96222693621366E-02
 2.01168740975809E+03	 1.65787438442197E-01
 2.01169014765812E+03	 1.64005812478951E-01
 2.01169288555815E+03	 1.15616732563872E-01
 2.01169562345818E+03	 4.92016414493865E-02
 2.01169836135821E+03	-2.22557403037654E-02
 2.01170109925824E+03	-1.00931694116106E-01
 2.01170383715827E+03	-1.84644101761281E-01
 2.01170657505830E+03	-2.54585926124884E-01
 2.01170931295833E+03	-2.85320535928616E-01
 2.01171205085836E+03	-2.63576684056270E-01
 2.01171478875839E+03	-1.93295313907182E-01
 2.01171752665842E+03	-8.38424537044697E-02
 2.01172026455845E+03	 5.98681536131831E-02
 2.01172300245849E+03	 2.29365538545603E-01
 2.01172574035852E+03	 3.94974258130597E-01
 2.01172847825855E+03	 5.03627827464186E-01
 2.01173121615858E+03	 5.04508190632645E-01
 2.01173395405861E+03	 3.84162130255279E-01
 2.01173669195864E+03	 1.79135125820872E-01
 2.01173942985867E+03	-4.52674814654407E-02
 2.01174216775870E+03	-2.29876355683735E-01
 2.01174490565873E+03	-3.42023620464153E-01
 2.01174764355876E+03	-3.73209935492292E-01
 2.01175038145879E+03	-3.27918708554916E-01
 2.01175311935882E+03	-2.19691394665890E-01
 2.01175585725885E+03	-7.58827308793045E-02
 2.01175859515889E+03	 6.15249213203401E-02
 2.01176133305892E+03	 1.50073946653225E-01
 2.01176407095895E+03	 1.69545102717610E-01
 2.01176680885898E+03	 1.32009400947511E-01
 2.01176954675901E+03	 6.67499079559444E-02
 2.01177228465904E+03	-5.52412924325062E-03
 2.01177502255907E+03	-8.20601499503546E-02
 2.01177776045910E+03	-1.63706481126331E-01
 2.01178049835913E+03	-2.37804219601372E-01
 2.01178323625916E+03	-2.80373160344559E-01
 2.01178597415919E+03	-2.73812685804767E-01
 2.01178871205922E+03	-2.17837968809654E-01
 2.01179144995925E+03	-1.22080995086886E-01
 2.01179418785929E+03	 6.99884841518839E-03
 2.01179692575932E+03	 1.64977242223112E-01
 2.01179966365935E+03	 3.32791879782299E-01
 2.01180240155938E+03	 4.65988163266178E-01
 2.01180513945941E+03	 5.10073317130056E-01
 2.01180787735944E+03	 4.35030036695563E-01
 2.01181061525947E+03	 2.58849521234797E-01
 2.01181335315950E+03	 3.84354155404039E-02
 2.01181609105953E+03	-1.62691468321827E-01
 2.01181882895956E+03	-3.01756636599337E-01
 2.01182156685959E+03	-3.62244582146214E-01
 2.01182430475962E+03	-3.44419940655429E-01
 2.01182704265965E+03	-2.57995659240381E-01
 2.01182978055968E+03	-1.24568540209315E-01
 2.01183251845972E+03	 1.85372244112041E-02
 2.01183525635975E+03	 1.26614877040061E-01
 2.01183799425978E+03	 1.69100709541692E-01
 2.01184073215981E+03	 1.46701528101270E-01
 2.01184347005984E+03	 8.54486744565887E-02
 2.01184620795987E+03	 1.20065328903200E-02
 2.01184894585990E+03	-6.40166040151013E-02
 2.01185168375993E+03	-1.43580212118081E-01
 2.01185442165996E+03	-2.19673226728578E-01
 2.01185715955999E+03	-2.71743754815897E-01
 2.01185989746002E+03	-2.79447885424770E-01
 2.01186263536005E+03	-2.37632088842606E-01
 2.01186537326008E+03	-1.54774512559256E-01
 2.01186811116012E+03	-3.94344175037380E-02
 2.01187084906015E+03	 1.05173073310625E-01
 2.01187358696018E+03	 2.68586343532417E-01
 2.01187632486021E+03	 4.17023545644681E-01
 2.01187906276024E+03	 4.97792701935523E-01
 2.01188180066027E+03	 4.68714166776886E-01
 2.01188453856030E+03	 3.28767444255775E-01
 2.01188727646033E+03	 1.21900155283227E-01
 2.01189001436036E+03	-8.85468056721802E-02
 2.01189275226039E+03	-2.51142215508940E-01
 2.01189549016042E+03	-3.40214167435445E-01
 2.01189822806045E+03	-3.50606318980961E-01
 2.01190096596048E+03	-2.88412856122507E-01
 2.01190370386052E+03	-1.70099726000544E-01
 2.01190644176055E+03	-2.73072693198235E-02
 2.01190917966058E+03	 9.60509508097486E-02
 2.01191191756061E+03	 1.61660732045109E-01
 2.01191465546064E+03	 1.58146837024781E-01
 2.01191739336067E+03	 1.04630089788104E-01
 2.01192013126070E+03	 3.08246422532008E-02
 2.01192286916073E+03	-4.61247230185138E-02
 2.01192560706076E+03	-1.24360860721405E-01
 2.01192834496079E+03	-2.00987010401882E-01
 2.01193108286082E+03	-2.60172251227663E-01
 2.01193382076085E+03	-2.80814147817813E-01
 2.01193655866088E+03	-2.52988267559105E-01
 2.01193929656091E+03	-1.82533995428132E-01
 2.01194203446095E+03	-7.97307733384691E-02
 2.01194477236098E+03	 5.11828231294113E-02
 2.01194751026101E+03	 2.05531997420989E-01
 2.01195024816104E+03	 3.60524218624741E-01
 2.01195298606107E+03	 4.69779984817295E-01
 2.01195572396110E+03	 4.84291559746870E-01
 2.01195846186113E+03	 3.85596883880208E-01
 2.01196119976116E+03	 2.01408243063050E-01
 2.01196393766119E+03	-1.00309370735974E-02
 2.01196667556122E+03	-1.91353741382686E-01
 2.01196941346125E+03	-3.07392182295463E-01
 2.01197215136128E+03	-3.46188127731079E-01
 2.01197488926131E+03	-3.09899514800229E-01
 2.01197762716135E+03	-2.10536416656030E-01
 2.01198036506138E+03	-7.38035067969998E-02
 2.01198310296141E+03	 5.96127640120452E-02
 2.01198584086144E+03	 1.46761674205549E-01
 2.01198857876147E+03	 1.64846377582282E-01
 2.01199131666150E+03	 1.23222313682810E-01
 2.01199405456153E+03	 5.10595250661749E-02
 2.01199679246156E+03	-2.76550041226620E-02
 2.01199953036159E+03	-1.05816975824302E-01
 2.01200226826162E+03	-1.82330980443799E-01
 2.01200500616165E+03	-2.46452100387661E-01
 2.01200774406168E+03	-2.78342062342195E-01
 2.01201048196171E+03	-2.64156011057803E-01
 2.01201321986175E+03	-2.05906059591024E-01
 2.01201595776178E+03	-1.14496165436873E-01
 2.01201869566181E+03	 3.47799399818865E-03
 2.01202143356184E+03	 1.46080273181174E-01
 2.01202417146187E+03	 3.00274115410214E-01
 2.01202690936190E+03	 4.29046711414724E-01
 2.01202964726193E+03	 4.82090036950126E-01
 2.01203238516196E+03	 4.26851517263784E-01
 2.01203512306199E+03	 2.73251954434682E-01
 2.01203786096202E+03	 6.97641291039961E-02
 2.01204059886205E+03	-1.24086261359725E-01
 2.01204333676208E+03	-2.64369047178051E-01
 2.01204607466211E+03	-3.31120714389168E-01
 2.01204881256215E+03	-3.21759261932462E-01
 2.01205155046218E+03	-2.44283381878767E-01
 2.01205428836221E+03	-1.18761681257505E-01
 2.01205702626224E+03	 1.89884971234373E-02
 2.01205976416227E+03	 1.24551683852674E-01
 2.01206250206230E+03	 1.65546924391119E-01
 2.01206523996233E+03	 1.39873680095388E-01
 2.01206797786236E+03	 7.24145787839205E-02
 2.01207071576239E+03	-7.97874743538873E-03
 2.01207345366242E+03	-8.74500782257516E-02
 2.01207619156245E+03	-1.64008754355629E-01
 2.01207892946248E+03	-2.31346625552773E-01
 2.01208166736251E+03	-2.72570389687297E-01
 2.01208440526254E+03	-2.71371318124267E-01
 2.01208714316258E+03	-2.25319132324740E-01
 2.01208988106261E+03	-1.44462569412607E-01
 2.01209261896264E+03	-3.80896440629902E-02
 2.01209535686267E+03	 9.18523343580611E-02
 2.01209809476270E+03	 2.39703039038889E-01
 2.01210083266273E+03	 3.79168002987346E-01
 2.01210357056276E+03	 4.63632280835717E-01
 2.01210630846279E+03	 4.51091490486172E-01
 2.01210904636282E+03	 3.34048972805756E-01
 2.01211178426285E+03	 1.47406153721466E-01
 2.01211452216288E+03	-5.15767517603277E-02
 2.01211726006291E+03	-2.12123377779392E-01
 2.01211999796294E+03	-3.05607253922884E-01
 2.01212273586298E+03	-3.23598940903478E-01
 2.01212547376301E+03	-2.70119571304800E-01
 2.01212821166304E+03	-1.60163414215682E-01
 2.01213094956307E+03	-2.38461292818422E-02
 2.01213368746310E+03	 9.57779971649378E-02
 2.01213642536313E+03	 1.59406490928037E-01
 2.01213916326316E+03	 1.53120845189256E-01
 2.01214190116319E+03	 9.41653595803922E-02
 2.01214463906322E+03	 1.32888950479669E-02
 2.01214737696325E+03	-6.86007806756698E-02
 2.01215011486328E+03	-1.46008587783320E-01
 2.01215285276331E+03	-2.15494243509061E-01
 2.01215559066334E+03	-2.64121847723590E-01
 2.01215832856338E+03	-2.74907053461439E-01
 2.01216106646341E+03	-2.41078346102363E-01
 2.01216380436344E+03	-1.70340055604172E-01
 2.01216654226347E+03	-7.41017014096439E-02
 2.01216928016350E+03	 4.36421419239399E-02
 2.01217201806353E+03	 1.81612540586638E-01
 2.01217475596356E+03	 3.23905985037736E-01
 2.01217749386359E+03	 4.31451963348520E-01
 2.01218023176362E+03	 4.58060432536836E-01
 2.01218296966365E+03	 3.81053270922488E-01
 2.01218570756368E+03	 2.19357290837373E-01
 2.01218844546371E+03	 2.34398675695260E-02
 2.01219118336374E+03	-1.52086773114786E-01
 2.01219392126377E+03	-2.70130791203701E-01
 2.01219665916381E+03	-3.15291415230655E-01
 2.01219939706384E+03	-2.87187467350482E-01
 2.01220213496387E+03	-1.96272832689366E-01
 2.01220487286390E+03	-6.68091175154534E-02
 2.01220761076393E+03	 6.17059646676189E-02
 2.01221034866396E+03	 1.46105207985698E-01
 2.01221308656399E+03	 1.61575835032551E-01
 2.01221582446402E+03	 1.15223592779822E-01
 2.01221856236405E+03	 3.61797956114384E-02
 2.01222130026408E+03	-4.85861050364516E-02
 2.01222403816411E+03	-1.28019022698997E-01
 2.01222677606414E+03	-1.99320834864895E-01
 2.01222951396417E+03	-2.53646644964017E-01
 2.01223225186421E+03	-2.75108542441659E-01
 2.01223498976424E+03	-2.53397426704478E-01
 2.01223772766427E+03	-1.92717938888208E-01
 2.01224046556430E+03	-1.05372685958128E-01
 2.01224320346433E+03	 1.51576189590801E-03
 2.01224594136436E+03	 1.28003333627830E-01
 2.01224867926439E+03	 2.66839327460886E-01
 2.01225141716442E+03	 3.88805539292361E-01
 2.01225415506445E+03	 4.48697408630390E-01
 2.01225689296448E+03	 4.12420460574217E-01
 2.01225963086451E+03	 2.82257154936523E-01
 2.01226236876454E+03	 9.78487488846630E-02
 2.01226510666457E+03	-8.61789708272134E-02
 2.01226784456461E+03	-2.25506935032600E-01
 2.01227058246464E+03	-2.96958606933404E-01
 2.01227332036467E+03	-2.94958701008416E-01
 2.01227605826470E+03	-2.25697788234773E-01
 2.01227879616473E+03	-1.07879812108521E-01
 2.01228153406476E+03	 2.39864576936061E-02
 2.01228427196479E+03	 1.25889132748706E-01
 2.01228700986482E+03	 1.64104709037654E-01
 2.01228974776485E+03	 1.34257735821881E-01
 2.01229248566488E+03	 6.03155662720563E-02
 2.01229522356491E+03	-2.68471955579533E-02
 2.01229796146494E+03	-1.09495108580504E-01
 2.01230069936497E+03	-1.82977584472213E-01
 2.01230343726500E+03	-2.41742986179599E-01
 2.01230617516504E+03	-2.72401702153904E-01
 2.01230891306507E+03	-2.62450120750817E-01
 2.01231165096510E+03	-2.12020243971527E-01
 2.01231438886513E+03	-1.32766472303063E-01
 2.01231712676516E+03	-3.50192807902946E-02
 2.01231986466519E+03	 8.00161052752764E-02
 2.01232260256522E+03	 2.11044378368603E-01
 2.01232534046525E+03	 3.39317430488190E-01
 2.01232807836528E+03	 4.25019524022076E-01
 2.01233081626531E+03	 4.27389757345166E-01
 2.01233355416534E+03	 3.33221010581157E-01
 2.01233629206537E+03	 1.68344702824632E-01
 2.01233902996540E+03	-1.67926789509880E-02
 2.01234176786544E+03	-1.72941042021912E-01
 2.01234450576547E+03	-2.68980661936010E-01
 2.01234724366550E+03	-2.93194018727308E-01
 2.01234998156553E+03	-2.47405873438893E-01
 2.01235271946556E+03	-1.45233634802172E-01
 2.01235545736559E+03	-1.55056055176149E-02
 2.01235819526562E+03	 9.95453143010312E-02
 2.01236093316565E+03	 1.59972812659385E-01
 2.01236367106568E+03	 1.49852044023307E-01
 2.01236640896571E+03	 8.49119232676135E-02
 2.01236914686574E+03	-3.08420787845373E-03
 2.01237188476577E+03	-8.97677059216142E-02
 2.01237462266580E+03	-1.66319076314652E-01
 2.01237736056584E+03	-2.28869728390956E-01
 2.01238009846587E+03	-2.67268321623822E-01
 2.01238283636590E+03	-2.68421953230732E-01
 2.01238557426593E+03	-2.28510135393978E-01
 2.01238831216596E+03	-1.57053557186046E-01
 2.01239105006599E+03	-6.68077413344767E-02
 2.01239378796602E+03	 3.79809400788204E-02
 2.01239652586605E+03	 1.58863972247849E-01
 2.01239926376608E+03	 2.86604713622786E-01
 2.01240200166611E+03	 3.89888838194576E-01
 2.01240473956614E+03	 4.26354739777292E-01
 2.01240747746617E+03	 3.70114211523613E-01
 2.01241021536620E+03	 2.31677994033942E-01
 2.01241295326624E+03	 5.32857132493503E-02
 2.01241569116627E+03	-1.14069476631516E-01
 2.01241842906630E+03	-2.32028378599875E-01
 2.01242116696633E+03	-2.81913326401650E-01
 2.01242390486636E+03	-2.60707226322787E-01
 2.01242664276639E+03	-1.77332942960641E-01
 2.01242938066642E+03	-5.48371810319631E-02
 2.01243211856645E+03	 6.83167480805718E-02
 2.01243485646648E+03	 1.48937766809262E-01
 2.01243759436651E+03	 1.60680520806134E-01
 2.01244033226654E+03	 1.08844790852769E-01
 2.01244307016657E+03	 2.26433601606462E-02
 2.01244580806660E+03	-6.81805676315561E-02
 2.01244854596663E+03	-1.48929929188074E-01
 2.01245128386667E+03	-2.15269323084037E-01
 2.01245402176670E+03	-2.60191307995690E-01
 2.01245675966673E+03	-2.71545346229559E-01
 2.01245949756676E+03	-2.42329602500262E-01
 2.01246223546679E+03	-1.78822642186645E-01
 2.01246497336681E+03	-9.48377960784843E-02
 2.01246771126685E+03	 1.55589814726989E-03
 2.01247044916688E+03	 1.11785766747341E-01
 2.01247318706691E+03	 2.33928866614444E-01
 2.01247592496694E+03	 3.46693310051629E-01
 2.01247866286697E+03	 4.10809783257158E-01
 2.01248140076700E+03	 3.91764419767966E-01
 2.01248413866703E+03	 2.84929656979090E-01
 2.01248687656707E+03	 1.21023100776393E-01
 2.01248961446710E+03	-5.09644542430042E-02
 2.01249235236713E+03	-1.87107955455518E-01
 2.01249509026716E+03	-2.61385876198581E-01
 2.01249782816719E+03	-2.65220160504352E-01
 2.01250056606722E+03	-2.02972180542568E-01
 2.01250330396725E+03	-9.21655494911018E-02
 2.01250604186728E+03	 3.37739865344457E-02
 2.01250877976731E+03	 1.31280223929626E-01
 2.01251151766734E+03	 1.65670542866194E-01
 2.01251425556737E+03	 1.30768575201456E-01
 2.01251699346740E+03	 4.98674735610752E-02
 2.01251973136743E+03	-4.42345249728799E-02
 2.01252246926747E+03	-1.30199958129274E-01
 2.01252520716750E+03	-2.00918582447283E-01
 2.01252794506753E+03	-2.51580219371214E-01
 2.01253068296756E+03	-2.72106693413434E-01
 2.01253342086759E+03	-2.53555847362404E-01
 2.01253615876762E+03	-1.98448758870582E-01
 2.01253889666765E+03	-1.20059581728944E-01
 2.01254163456768E+03	-3.00752543562007E-02
 2.01254437246771E+03	 7.04353325486419E-02
 2.01254711036774E+03	 1.83916554147798E-01
 2.01254984826777E+03	 2.98983141275566E-01
 2.01255258616780E+03	 3.83176169372810E-01
 2.01255532406783E+03	 3.98079681569018E-01
 2.01255806196786E+03	 3.25781939898916E-01
 2.01256079986790E+03	 1.83345941646552E-01
 2.01256353776793E+03	 1.39137313670103E-02
 2.01256627566796E+03	-1.35601352838238E-01
 2.01256901356799E+03	-2.32143005896693E-01
 2.01257175146802E+03	-2.60835895973954E-01
 2.01257448936805E+03	-2.21283804742181E-01
 2.01257722726808E+03	-1.25853313061873E-01
 2.01257996516811E+03	-2.33511310976107E-03
 2.01258270306814E+03	 1.07772372457333E-01
 2.01258544096817E+03	 1.64133482355244E-01
 2.01258817886820E+03	 1.49269086685594E-01
 2.01259091676823E+03	 7.77221388840168E-02
 2.01259365466826E+03	-1.77161587702792E-02
 2.01259639256830E+03	-1.09439221545977E-01
 2.01259913046833E+03	-1.85520726862633E-01
 2.01260186836836E+03	-2.41692769299085E-01
 2.01260460626839E+03	-2.70421626230645E-01
 2.01260734416842E+03	-2.62255083567326E-01
 2.01261008206845E+03	-2.16109824393735E-01
 2.01261281996848E+03	-1.43252531808649E-01
 2.01261555786851E+03	-5.79812082073292E-02
 2.01261829576854E+03	 3.46729008742180E-02
 2.01262103366857E+03	 1.38379909215056E-01
 2.01262377156860E+03	 2.50109314465558E-01
 2.01262650946863E+03	 3.46528727039539E-01
 2.01262924736866E+03	 3.90052288922489E-01
 2.01263198526870E+03	 3.52746908838124E-01
 2.01263472316873E+03	 2.37385996494123E-01
 2.01263746106876E+03	 7.78252931910599E-02
 2.01264019896879E+03	-7.92833144683872E-02
 2.01264293686882E+03	-1.95007822959090E-01
 2.01264567476885E+03	-2.47695312484604E-01
 2.01264841266888E+03	-2.31717444641996E-01
 2.01265115056891E+03	-1.54541955500003E-01
 2.01265388846894E+03	-3.82352965290748E-02
 2.01265662636897E+03	 7.95934377143481E-02
 2.01265936426900E+03	 1.55845719238270E-01
 2.01266210216903E+03	 1.63028658492188E-01
 2.01266484006906E+03	 1.05013043357632E-01
 2.01266757796909E+03	 1.12098135975637E-02
 2.01267031586913E+03	-8.60169252803273E-02
 2.01267305376916E+03	-1.68545352716418E-01
 2.01267579166919E+03	-2.30570200904490E-01
 2.01267852956922E+03	-2.66782862948706E-01
 2.01268126746925E+03	-2.68517637434004E-01
 2.01268400536928E+03	-2.31835898166639E-01
 2.01268674326931E+03	-1.64951801964989E-01
 2.01268948116934E+03	-8.32713829385257E-02
 2.01269221906937E+03	 3.76919080600557E-03
 2.01269495696940E+03	 9.82512926193136E-02
 2.01269769486943E+03	 2.02909563209397E-01
 2.01270043276946E+03	 3.04257784248545E-01
 2.01270317066949E+03	 3.69643766015242E-01
 2.01270590856953E+03	 3.65319479604969E-01
 2.01270864646956E+03	 2.80736583491010E-01
 2.01271138436959E+03	 1.37918122290530E-01
 2.01271412226962E+03	-2.02979001209216E-02
 2.01271686016965E+03	-1.51129510303441E-01
 2.01271959806968E+03	-2.26184601914546E-01
 2.01272233596971E+03	-2.34007425921372E-01
 2.01272507386974E+03	-1.77184396958593E-01
 2.01272781176977E+03	-7.22543427255470E-02
 2.01273054966980E+03	 4.82084580287829E-02
 2.01273328756983E+03	 1.41071856716006E-01
 2.01273602546986E+03	 1.70979858262064E-01
 2.01273876336989E+03	 1.30336389215218E-01
 2.01274150126993E+03	 4.19598603649048E-02
 2.01274423916996E+03	-5.95033123753367E-02
 2.01274697706999E+03	-1.49314598901004E-01
 2.01274971497002E+03	-2.18003071115655E-01
 2.01275245287005E+03	-2.61392106973982E-01
 2.01275519077008E+03	-2.72464484047851E-01
 2.01275792867011E+03	-2.45571613517571E-01
 2.01276066657014E+03	-1.85432621001029E-01
 2.01276340447017E+03	-1.06922433887415E-01
 2.01276614237020E+03	-2.33729661579187E-02
 2.01276888027023E+03	 6.36306645009818E-02
 2.01277161817026E+03	 1.59478835856370E-01
 2.01277435607029E+03	 2.59709993299712E-01
 2.01277709397033E+03	 3.39562912113685E-01
 2.01277983187036E+03	 3.64029909806698E-01
 2.01278256977039E+03	 3.11685495088169E-01
 2.01278530767042E+03	 1.91440264580888E-01
 2.01278804557045E+03	 3.89169567358481E-02
 2.01279078347048E+03	-1.02005910237591E-01
 2.01279352137051E+03	-1.96949334249900E-01
 2.01279625927054E+03	-2.28142904237881E-01
 2.01279899717057E+03	-1.93044187995424E-01
 2.01280173507060E+03	-1.02920892903850E-01
 2.01280447297063E+03	 1.52303433405344E-02
 2.01280721087066E+03	 1.20531162463998E-01
 2.01280994877069E+03	 1.72426886617730E-01
 2.01281268667072E+03	 1.52229655809077E-01
 2.01281542457076E+03	 7.35501697449124E-02
 2.01281816247079E+03	-2.97922890582533E-02
 2.01282090037082E+03	-1.27125397980424E-01
 2.01282363827085E+03	-2.03539292688219E-01
 2.01282637617088E+03	-2.54292107742916E-01
 2.01282911407091E+03	-2.74223275875711E-01
 2.01283185197094E+03	-2.57232645868348E-01
 2.01283458987097E+03	-2.04741522955347E-01
 2.01283732777100E+03	-1.29661224979448E-01
 2.01284006567103E+03	-4.79873716216118E-02
 2.01284280357106E+03	 3.39281734856567E-02
 2.01284554147109E+03	 1.21047964979023E-01
 2.01284827937112E+03	 2.15853873157433E-01
 2.01285101727116E+03	 3.02963990373349E-01
 2.01285375517119E+03	 3.50383892877435E-01
 2.01285649307122E+03	 3.29391008075308E-01
 2.01285923097125E+03	 2.35974688191134E-01
 2.01286196887128E+03	 9.57597425439725E-02
 2.01286470677131E+03	-4.94775890975025E-02
 2.01286744467134E+03	-1.60919361810932E-01
 2.01287018257137E+03	-2.14350820408228E-01
 2.01287292047140E+03	-2.01673715380990E-01
 2.01287565837143E+03	-1.29024142365157E-01
 2.01287839627146E+03	-1.77147568525183E-02
 2.01288113417149E+03	 9.53166286036017E-02
 2.01288387207152E+03	 1.67119687551556E-01
 2.01288660997156E+03	 1.69332584396907E-01
 2.01288934787159E+03	 1.04672751564092E-01
 2.01289208577162E+03	 2.81513669276501E-03
 2.01289482367165E+03	-1.01390775573575E-01
 2.01289756157168E+03	-1.86539092971912E-01
 2.01290029947171E+03	-2.45316347295970E-01
 2.01290303737174E+03	-2.73879923565905E-01
 2.01290577527177E+03	-2.66741246291861E-01
 2.01290851317180E+03	-2.22756748450040E-01
 2.01291125107183E+03	-1.51910774602463E-01
 2.01291398897186E+03	-7.12367833866048E-02
 2.01291672687189E+03	 8.07272768512455E-03
 2.01291946477192E+03	 8.79779793268328E-02
 2.01292220267195E+03	 1.75011390311863E-01
 2.01292494057199E+03	 2.63103464841979E-01
 2.01292767847202E+03	 3.26693843555807E-01
 2.01293041637205E+03	 3.33973134477804E-01
 2.01293315427208E+03	 2.69666702430528E-01
 2.01293589217211E+03	 1.47643290645188E-01
 2.01293863007214E+03	 4.32009680243498E-03
 2.01294136797217E+03	-1.19331667982831E-01
 2.01294410587220E+03	-1.93095746754853E-01
 2.01294684377223E+03	-2.02885306673298E-01
 2.01294958167226E+03	-1.49637464820981E-01
 2.01295231957229E+03	-4.91021446945101E-02
 2.01295505747232E+03	 6.67821749092461E-02
 2.01295779537235E+03	 1.55273796716869E-01
 2.01296053327239E+03	 1.80535874758074E-01
 2.01296327117242E+03	 1.33818679020438E-01
 2.01296600907245E+03	 3.75808531068691E-02
 2.01296874697248E+03	-7.17789602294958E-02
 2.01297148487251E+03	-1.66273150894801E-01
 2.01297422277254E+03	-2.34071615977846E-01
 2.01297696067257E+03	-2.71418307313359E-01
 2.01297969857260E+03	-2.74032760346272E-01
 2.01298243647263E+03	-2.39257511804663E-01
 2.01298517437266E+03	-1.73794280421373E-01
 2.01298791227269E+03	-9.40541704393029E-02
 2.01299065017272E+03	-1.52492045794647E-02
 2.01299338807275E+03	 5.98609479095167E-02
 2.01299612597279E+03	 1.38686387394405E-01
 2.01299886387282E+03	 2.22999333411271E-01
 2.01300160177285E+03	 2.95820390509945E-01
 2.01300433967288E+03	 3.26502715797245E-01
 2.01300707757291E+03	 2.91412203328615E-01
 2.01300981547294E+03	 1.92203323636558E-01
 2.01301255337297E+03	 5.70538241941354E-02
 2.01301529127300E+03	-7.37358560187365E-02
 2.01301802917303E+03	-1.65093835542565E-01
 2.01302076707306E+03	-1.96727361367981E-01
 2.01302350497309E+03	-1.64114198432518E-01
 2.01302624287312E+03	-7.75925884447477E-02
 2.01302898077315E+03	 3.64164993282889E-02
 2.01303171867318E+03	 1.37537538749560E-01
 2.01303445657322E+03	 1.85097908263102E-01
 2.01303719447325E+03	 1.59431057934752E-01
 2.01303993237328E+03	 7.33592779051310E-02
 2.01304267027331E+03	-3.83283601617754E-02
 2.01304540817334E+03	-1.42052074977667E-01
 2.01304814607337E+03	-2.19963389479658E-01
 2.01305088397340E+03	-2.66664502439585E-01
 2.01305362187343E+03	-2.79033179788510E-01
 2.01305635977346E+03	-2.53983443284359E-01
 2.01305909767349E+03	-1.95183174175484E-01
 2.01306183557352E+03	-1.17047208321762E-01
 2.01306457347355E+03	-3.73608255439244E-02
 2.01306731137358E+03	 3.57040351011442E-02
 2.01307004927362E+03	 1.07505938899084E-01
 2.01307278717365E+03	 1.85136215347448E-01
 2.01307552507368E+03	 2.60856016342727E-01
 2.01307826297371E+03	 3.08884655319973E-01
 2.01308100087374E+03	 3.00977788239988E-01
 2.01308373877377E+03	 2.27512866806996E-01
 2.01308647667380E+03	 1.06336157372390E-01
 2.01308921457383E+03	-2.59680421267190E-02
 2.01309195247386E+03	-1.31332007625258E-01
 2.01309469037389E+03	-1.83473196647126E-01
 2.01309742827392E+03	-1.72067445300959E-01
 2.01310016617395E+03	-1.02081998203371E-01
 2.01310290407398E+03	 5.72162122172770E-03
 2.01310564197402E+03	 1.14915834750932E-01
 2.01310837987405E+03	 1.82715646032753E-01
 2.01311111777408E+03	 1.80066299201432E-01
 2.01311385567411E+03	 1.08683768229106E-01
 2.01311659357414E+03	-1.51941483348954E-03
 2.01311933147417E+03	-1.13369039433232E-01
 2.01312206937420E+03	-2.02266380045895E-01
 2.01312480727423E+03	-2.59252288998892E-01
 2.01312754517426E+03	-2.81615498615328E-01
 2.01313028307429E+03	-2.66670688875704E-01
 2.01313302097432E+03	-2.15769647295506E-01
 2.01313575887435E+03	-1.40468207173042E-01
 2.01313849677438E+03	-5.93993937800608E-02
 2.01314123467442E+03	 1.41636840769822E-02
 2.01314397257445E+03	 8.12742016116204E-02
 2.01314671047448E+03	 1.51252084380682E-01
 2.01314944837451E+03	 2.24791142106609E-01
 2.01315218627454E+03	 2.83646430534408E-01
 2.01315492417457E+03	 2.99031491580196E-01
 2.01315766207460E+03	 2.52273627940125E-01
 2.01316039997463E+03	 1.49905211703282E-01
 2.01316313787466E+03	 2.19166264185732E-02
 2.01316587577469E+03	-9.30795492040905E-02
 2.01316861367472E+03	-1.63624274767350E-01
 2.01317135157475E+03	-1.73346294602011E-01
 2.01317408947478E+03	-1.21719888821663E-01
 2.01317682737481E+03	-2.38893564669418E-02
 2.01317956527485E+03	 8.86653230480915E-02
 2.01318230317488E+03	 1.73543528589899E-01
 2.01318504107491E+03	 1.94541784379626E-01
 2.01318777897494E+03	 1.41898414532491E-01
 2.01319051687497E+03	 3.77095373070609E-02
 2.01319325477500E+03	-8.00339590104964E-02
 2.01319599267503E+03	-1.80234266100228E-01
 2.01319873057506E+03	-2.48623619430547E-01
 2.01320146847509E+03	-2.81548475547973E-01
 2.01320420637512E+03	-2.77058640919645E-01
 2.01320694427515E+03	-2.35142871110604E-01
 2.01320968217518E+03	-1.64240626781847E-01
 2.01321242007521E+03	-8.21793786690007E-02
 2.01321515797525E+03	-6.20717849634413E-03
 2.01321789587528E+03	 5.91226584249055E-02
 2.01322063377531E+03	 1.22230123023037E-01
 2.01322337167534E+03	 1.90205380158059E-01
 2.01322610957537E+03	 2.53656696462736E-01
 2.01322884747540E+03	 2.87074415832981E-01
 2.01323158537543E+03	 2.65955772388653E-01
 2.01323432327546E+03	 1.85820614950374E-01
 2.01323706117549E+03	 6.77555019315720E-02
 2.01323979907552E+03	-5.18783015375819E-02
 2.01324253697555E+03	-1.37923259771387E-01
 2.01324527487558E+03	-1.68018492125733E-01
 2.01324801277561E+03	-1.35904945351718E-01
 2.01325075067565E+03	-5.11663946397549E-02
 2.01325348857568E+03	 6.01779476093092E-02
 2.01325622647571E+03	 1.58162322996083E-01
 2.01325896437574E+03	 2.02051016821494E-01
 2.01326170227577E+03	 1.71317231652278E-01
 2.01326444017580E+03	 7.80069460579314E-02
 2.01326717807583E+03	-4.22776994682938E-02
 2.01326991597586E+03	-1.53234909239907E-01
 2.01327265387589E+03	-2.34071708585316E-01
 2.01327539177592E+03	-2.78454246142296E-01
 2.01327812967595E+03	-2.84869491619576E-01
 2.01328086757598E+03	-2.52851058093243E-01
 2.01328360547601E+03	-1.88025179127271E-01
 2.01328634337604E+03	-1.06124045423001E-01
 2.01328908127608E+03	-2.67340337316539E-02
 2.01329181917611E+03	 3.97282930374661E-02
 2.01329455707614E+03	 9.81036441431085E-02
 2.01329729497617E+03	 1.59022775794403E-01
 2.01330003287620E+03	 2.21809091889681E-01
 2.01330277077623E+03	 2.67277164722202E-01
 2.01330550867626E+03	 2.68862551939965E-01
 2.01330824657629E+03	 2.12650613440164E-01
 2.01331098447632E+03	 1.09428182973521E-01
 2.01331372237635E+03	-9.49993370461222E-03
 2.01331646027638E+03	-1.07367320775575E-01
 2.01331919817641E+03	-1.56364950569215E-01
 2.01332193607644E+03	-1.44268682598730E-01
 2.01332467397648E+03	-7.50662186746553E-02
 2.01332741187651E+03	 3.08694143960340E-02
 2.01333014977654E+03	 1.37506981028883E-01
 2.01333288767657E+03	 2.02233172793097E-01
 2.01333562557660E+03	 1.95389158181176E-01
 2.01333836347663E+03	 1.17708813464475E-01
 2.01334110137666E+03	-8.08522994257106E-04
 2.01334383927669E+03	-1.20891741181556E-01
 2.01334657717672E+03	-2.14826580551736E-01
 2.01334931507675E+03	-2.71790570173279E-01
 2.01335205297678E+03	-2.89770107793714E-01
 2.01335479087681E+03	-2.68437682619958E-01
 2.01335752877684E+03	-2.11304414169767E-01
 2.01336026667688E+03	-1.31262949445922E-01
 2.01336300457691E+03	-4.84456335611005E-02
 2.01336574247694E+03	 2.15639330807643E-02
 2.01336848037697E+03	 7.81658968362424E-02
 2.01337121827700E+03	 1.32360254643183E-01
 2.01337395617703E+03	 1.90711607877566E-01
 2.01337669407706E+03	 2.42238627061790E-01
 2.01337943197709E+03	 2.62105391602874E-01
 2.01338216987712E+03	 2.29623334275142E-01
 2.01338490777715E+03	 1.45030281175572E-01
 2.01338764567718E+03	 3.21359614057110E-02
 2.01339038357721E+03	-7.32093812691297E-02
 2.01339312147724E+03	-1.38885767674595E-01
 2.01339585937727E+03	-1.46658002447430E-01
 2.01339859727731E+03	-9.47692191790617E-02
 2.01340133517734E+03	 2.08542023795378E-03
 2.01340407307737E+03	 1.12767524920031E-01
 2.01340681097740E+03	 1.95191477647693E-01
 2.01340954887743E+03	 2.12847170550870E-01
 2.01341228677746E+03	 1.54982754517616E-01
 2.01341502467749E+03	 4.31903365319257E-02
 2.01341776257752E+03	-8.32094765954252E-02
 2.01342050047755E+03	-1.90174673391169E-01
 2.01342323837758E+03	-2.60869479429995E-01
 2.01342597627761E+03	-2.91330717915282E-01
 2.01342871417764E+03	-2.81448182798165E-01
 2.01343145207767E+03	-2.33464998824830E-01
 2.01343418997771E+03	-1.57282503414189E-01
 2.01343692787774E+03	-7.19657727575731E-02
 2.01343966577777E+03	 3.14366381159071E-03
 2.01344240367780E+03	 6.11623943910852E-02
 2.01344514157783E+03	 1.10484744583122E-01
 2.01344787947786E+03	 1.62421187598199E-01
 2.01345061737789E+03	 2.14696145359000E-01
 2.01345335527792E+03	 2.47487006683533E-01
 2.01345609317795E+03	 2.36717736799739E-01
 2.01345883107798E+03	 1.73050362099694E-01
 2.01346156897801E+03	 7.10819263171882E-02
 2.01346430687804E+03	-3.69352617166850E-02
 2.01346704477807E+03	-1.16311924015639E-01
 2.01346978267811E+03	-1.43124652133314E-01
 2.01347252057814E+03	-1.09677552301067E-01
 2.01347525847817E+03	-2.49667929953165E-02
 2.01347799637820E+03	 8.52790676954902E-02
 2.01348073427823E+03	 1.81462649249483E-01
 2.01348347217826E+03	 2.22823094277847E-01
 2.01348621007829E+03	 1.87996381766278E-01
 2.01348894797832E+03	 8.81244879705500E-02
 2.01349168587835E+03	-4.06633838241403E-02
 2.01349442377838E+03	-1.59596957307340E-01
 2.01349716167841E+03	-2.44917459564525E-01
 2.01349989957844E+03	-2.88996662293332E-01
 2.01350263747847E+03	-2.91411628934685E-01
 2.01350537537851E+03	-2.53861180914763E-01
 2.01350811327854E+03	-1.83609939053876E-01
 2.01351085117857E+03	-9.74764096460561E-02
 2.01351358907860E+03	-1.67693228289486E-02
 2.01351632697863E+03	 4.55333300679960E-02
 2.01351906487866E+03	 9.28787658454533E-02
 2.01352180277869E+03	 1.38256670394430E-01
 2.01352454067872E+03	 1.87223562911942E-01
 2.01352727857875E+03	 2.27303111905508E-01
 2.01353001647878E+03	 2.34676498334587E-01
 2.01353275437881E+03	 1.92525594904589E-01
 2.01353549227884E+03	 1.05511844157938E-01
 2.01353823017887E+03	-2.07931608544758E-04
 2.01354096807890E+03	-8.96128263980169E-02
 2.01354370597894E+03	-1.33924963112721E-01
 2.01354644387897E+03	-1.19404335813261E-01
 2.01354918177900E+03	-4.92599690458497E-02
 2.01355191967903E+03	 5.64161813561473E-02
 2.01355465757906E+03	 1.61946416882170E-01
 2.01355739547909E+03	 2.24915650686696E-01
 2.01356013337912E+03	 2.15087927212252E-01
 2.01356287127915E+03	 1.32107054335459E-01
 2.01356560917918E+03	 5.76409961270722E-03
 2.01356834707921E+03	-1.22905268016395E-01
 2.01357108497924E+03	-2.23174272516826E-01
 2.01357382287927E+03	-2.82087684320679E-01
 2.01357656077930E+03	-2.97808555842811E-01
 2.01357929867934E+03	-2.71850047519125E-01
 2.01358203657937E+03	-2.09508536727845E-01
 2.01358477447940E+03	-1.24744737129986E-01
 2.01358751237943E+03	-3.90159333628716E-02
 2.01359025027946E+03	 2.96690874688597E-02
 2.01359298817949E+03	 7.83991790903652E-02
 2.01359572607952E+03	 1.18711795862750E-01
 2.01359846397955E+03	 1.61955825520678E-01
 2.01360120187958E+03	 2.04085262301509E-01
 2.01360393977961E+03	 2.24933096980870E-01
 2.01360667767964E+03	 2.03151895856355E-01
 2.01360941557967E+03	 1.33883085016102E-01
 2.01361215347970E+03	 3.52241623768051E-02
 2.01361489137974E+03	-5.99882832061457E-02
 2.01361762927977E+03	-1.19527945410370E-01
 2.01362036717980E+03	-1.23763115717322E-01
 2.01362310507983E+03	-6.99651881198743E-02
 2.01362584297986E+03	 2.75034072490283E-02
 2.01362858087989E+03	 1.37808747496691E-01
 2.01363131877992E+03	 2.19206772280919E-01
 2.01363405667995E+03	 2.34917400843429E-01
 2.01363679457998E+03	 1.73117642028953E-01
 2.01363953248001E+03	 5.46083038997260E-02
 2.01364227038004E+03	-8.03550907651630E-02
 2.01364500828007E+03	-1.95019569400956E-01
 2.01364774618010E+03	-2.69834293754641E-01
 2.01365048408013E+03	-3.00040147339455E-01
 2.01365322198017E+03	-2.86797552856596E-01
 2.01365595988020E+03	-2.34163945327742E-01
 2.01365869778023E+03	-1.53197603222681E-01
 2.01366143568026E+03	-6.39669411886114E-02
 2.01366417358029E+03	 1.21432389544426E-02
 2.01366691148032E+03	 6.55016034790436E-02
 2.01366964938035E+03	 1.03475558241001E-01
 2.01367238728038E+03	 1.40375299280996E-01
 2.01367512518041E+03	 1.80316403382354E-01
 2.01367786308044E+03	 2.09457215874976E-01
 2.01368060098047E+03	 2.05328673133969E-01
 2.01368333888050E+03	 1.55090388528483E-01
 2.01368607678053E+03	 6.76505389804947E-02
 2.01368881468057E+03	-2.88347740220414E-02
 2.01369155258060E+03	-1.00625089355665E-01
 2.01369429048063E+03	-1.22763764834510E-01
 2.01369702838066E+03	-8.64544181238872E-02
 2.01369976628069E+03	-2.51333879717348E-04
 2.01370250418072E+03	 1.10374268085636E-01
 2.01370524208075E+03	 2.06228900692909E-01
 2.01370797998078E+03	 2.46580277361643E-01
 2.01371071788081E+03	 2.09181345666772E-01
 2.01371345578084E+03	 1.04008827807586E-01
 2.01371619368087E+03	-3.27151794672391E-02
 2.01371893158090E+03	-1.60110011034372E-01
 2.01372166948093E+03	-2.51453545474482E-01
 2.01372440738097E+03	-2.97414513672268E-01
 2.01372714528100E+03	-2.98062205570304E-01
 2.01372988318103E+03	-2.56747050087985E-01
 2.01373262108106E+03	-1.82021484053618E-01
 2.01373535898109E+03	-9.15202301208601E-02
 2.01373809688112E+03	-8.10581638029437E-03
 2.01374083478115E+03	 5.24955793170218E-02
 2.01374357268118E+03	 9.15520391691542E-02
 2.01374631058121E+03	 1.23186254103692E-01
 2.01374904848124E+03	 1.58155304077199E-01
 2.01375178638127E+03	 1.90534474120016E-01
 2.01375452428130E+03	 2.00126186786040E-01
 2.01375726218133E+03	 1.68588537052336E-01
 2.01376000008136E+03	 9.55424659864030E-02
 2.01376273798140E+03	 2.32012816660664E-03
 2.01376547588143E+03	-7.81321987292929E-02
 2.01376821378146E+03	-1.16616515807993E-01
 2.01377095168149E+03	-9.82959817642284E-02
 2.01377368958152E+03	-2.57991643799860E-02
 2.01377642748155E+03	 8.10223976289133E-02
 2.01377916538158E+03	 1.86892534470663E-01
 2.01378190328161E+03	 2.49671944208590E-01
 2.01378464118164E+03	 2.38545028285196E-01
 2.01378737908167E+03	 1.51848615560452E-01
 2.01379011698170E+03	 1.87201294075009E-02
 2.01379285488173E+03	-1.18505899311210E-01
 2.01379559278176E+03	-2.26258480888056E-01
 2.01379833068180E+03	-2.89162859049703E-01
 2.01380106858183E+03	-3.04969199722758E-01
 2.01380380648186E+03	-2.76446769242393E-01
 2.01380654438189E+03	-2.10265584144794E-01
 2.01380928228192E+03	-1.21157396151429E-01
 2.01381202018195E+03	-3.16627500887894E-02
 2.01381475808198E+03	 3.77938225271213E-02
 2.01381749598201E+03	 8.14583361202892E-02
 2.01382023388204E+03	 1.10291398498034E-01
 2.01382297178207E+03	 1.39205381111999E-01
 2.01382570968210E+03	 1.70506502570256E-01
 2.01382844758213E+03	 1.89173924708650E-01
 2.01383118548216E+03	 1.74462920429915E-01
 2.01383392338220E+03	 1.17699704442662E-01
 2.01383666128223E+03	 3.19153368495079E-02
 2.01383939918226E+03	-5.31730047501928E-02
 2.01384213708229E+03	-1.05741043873280E-01
 2.01384487498232E+03	-1.05250586927735E-01
 2.01384761288235E+03	-4.82720133616806E-02
 2.01385035078238E+03	 5.10983694889338E-02
 2.01385308868241E+03	 1.62387691863645E-01
 2.01385582658244E+03	 2.44298772438963E-01
 2.01385856448247E+03	 2.59829143684481E-01
 2.01386130238250E+03	 1.95928974580608E-01
 2.01386404028253E+03	 7.21821057787689E-02
 2.01386677818256E+03	-7.07660531417594E-02
 2.01386951608260E+03	-1.93787969461797E-01
 2.01387225398263E+03	-2.74492488359048E-01
 2.01387499188266E+03	-3.06790580208606E-01
 2.01387772978269E+03	-2.92474676232339E-01
 2.01388046768272E+03	-2.36929282363474E-01
 2.01388320558275E+03	-1.52039897114354E-01
 2.01388594348278E+03	-5.85983623624895E-02
 2.01388868138281E+03	 2.01228933524446E-02
 2.01389141928284E+03	 7.14694191325125E-02
 2.01389415718287E+03	 1.00869904917561E-01
 2.01389689508290E+03	 1.24357513213576E-01
 2.01389963298293E+03	 1.51503884251016E-01
 2.01390237088296E+03	 1.74479695568195E-01
 2.01390510878299E+03	 1.73432818882277E-01
 2.01390784668303E+03	 1.33379428941055E-01
 2.01391058458306E+03	 5.84790949957810E-02
 2.01391332248309E+03	-2.70364247025858E-02
 2.01391606038312E+03	-9.07735711655401E-02
 2.01391879828315E+03	-1.07272521959385E-01
 2.01392153618318E+03	-6.69903568492503E-02
 2.01392427408321E+03	 2.18455323284367E-02
 2.01392701198324E+03	 1.34074630546930E-01
 2.01392974988327E+03	 2.31039337865442E-01
 2.01393248778330E+03	 2.72137630045725E-01
 2.01393522568333E+03	 2.34158828194855E-01
 2.01393796358336E+03	 1.25539387427460E-01
 2.01394070148339E+03	-1.79929758091008E-02
 2.01394343938343E+03	-1.53938151740479E-01
 2.01394617728346E+03	-2.52675961920934E-01
 2.01394891518349E+03	-3.02746256835199E-01
 2.01395165308352E+03	-3.04050729984394E-01
 2.01395439098355E+03	-2.61022003392565E-01
 2.01395712888358E+03	-1.83121642478825E-01
 2.01395986678361E+03	-8.85012467093917E-02
 2.01396260468364E+03	-1.32869374505460E-03
 2.01396534258367E+03	 5.98741047350202E-02
 2.01396808048370E+03	 9.35423079160843E-02
 2.01397081838373E+03	 1.13726149961511E-01
 2.01397355628376E+03	 1.35206347331995E-01
 2.01397629418379E+03	 1.58199586436191E-01
 2.01397903208383E+03	 1.66780891253069E-01
 2.01398176998386E+03	 1.42386480461122E-01
 2.01398450788389E+03	 8.07639147725902E-02
 2.01398724578392E+03	-1.10380983736393E-03
 2.01398998368395E+03	-7.25628406048999E-02
 2.01399272158398E+03	-1.04516446054198E-01
 2.01399545948401E+03	-8.14645272718639E-02
 2.01399819738404E+03	-5.63982188787956E-03
 2.01400093528407E+03	 1.03378099470410E-01
 2.01400367318410E+03	 2.10865745411437E-01
 2.01400641108413E+03	 2.75115074056930E-01
 2.01400914898416E+03	 2.64734779595469E-01
 2.01401188688419E+03	 1.76458548737541E-01
 2.01401462478422E+03	 3.81832172398964E-02
 2.01401736268426E+03	-1.07074188355437E-01
 2.01402010058429E+03	-2.23167712547801E-01
 2.01402283848432E+03	-2.92036538741628E-01
 2.01402557638435E+03	-3.10384237108306E-01
 2.01402831428438E+03	-2.81592096307355E-01
 2.01403105218441E+03	-2.13256211856239E-01
 2.01403379008444E+03	-1.20561744004239E-01
 2.01403652798447E+03	-2.68371743073407E-02
 2.01403926588450E+03	 4.52073613161075E-02
 2.01404200378453E+03	 8.65961761426042E-02
 2.01404474168456E+03	 1.06684918556127E-01
 2.01404747958459E+03	 1.22661430703002E-01
 2.01405021748462E+03	 1.42386830602745E-01
 2.01405295538466E+03	 1.56212684426809E-01
 2.01405569328469E+03	 1.45107659377846E-01
 2.01405843118472E+03	 9.78757605342615E-02
 2.01406116908475E+03	 2.32514433623353E-02
 2.01406390698478E+03	-5.21460860454441E-02
 2.01406664488481E+03	-9.73459835023795E-02
 2.01406938278484E+03	-9.13959554922056E-02
 2.01407212068487E+03	-3.04342473037925E-02
 2.01407485858490E+03	 7.16960855963595E-02
 2.01407759648493E+03	 1.85039214713585E-01
 2.01408033438496E+03	 2.68948216674229E-01
 2.01408307228499E+03	 2.86290394835906E-01
 2.01408581018502E+03	 2.22594599914988E-01
 2.01408854808506E+03	 9.56851175703959E-02
 2.01409128598509E+03	-5.41020624746531E-02
 2.01409402388512E+03	-1.85732581288761E-01
 2.01409676178515E+03	-2.73910180045198E-01
 2.01409949968518E+03	-3.10665590254186E-01
 2.01410223758521E+03	-2.97729657405775E-01
 2.01410497548524E+03	-2.41282136481912E-01
 2.01410771338527E+03	-1.53686014471252E-01
 2.01411045128530E+03	-5.61447326248413E-02
 2.01411318918533E+03	 2.64304135203158E-02
 2.01411592708536E+03	 7.82392886777024E-02
 2.01411866498539E+03	 1.01994059401775E-01
 2.01412140288542E+03	 1.14185036041184E-01
 2.01412414078545E+03	 1.28751648179959E-01
 2.01412687868549E+03	 1.43660380937847E-01
 2.01412961658552E+03	 1.42479515316543E-01
 2.01413235448555E+03	 1.09377712967683E-01
 2.01413509238558E+03	 4.47831349287041E-02
 2.01413783028561E+03	-3.06988744787872E-02
 2.01414056818564E+03	-8.63371332112796E-02
 2.01414330608567E+03	-9.66817666102851E-02
 2.01414604398570E+03	-5.17994883565225E-02
 2.01414878188573E+03	 4.03293500657493E-02
 2.01415151978576E+03	 1.54995558934904E-01
 2.01415425768579E+03	 2.54316591267060E-01
 2.01415699558582E+03	 2.97998090818444E-01
 2.01415973348585E+03	 2.61788282999251E-01
 2.01416247138589E+03	 1.52126339828505E-01
 2.01416520928592E+03	 3.51526487743062E-03
 2.01416794718595E+03	-1.40566303069587E-01
 2.01417068508598E+03	-2.47763998111715E-01
 2.01417342298601E+03	-3.04082133068593E-01
 2.01417616088604E+03	-3.08554786818351E-01
 2.01417889878607E+03	-2.66077539805965E-01
 2.01418163668610E+03	-1.86616809415541E-01
 2.01418437458613E+03	-8.85236196860570E-02
 2.01418711248616E+03	 3.04030224151335E-03
 2.01418985038619E+03	 6.68451796199699E-02
 2.01419258828622E+03	 9.79995370765209E-02
 2.01419532618625E+03	 1.09355984558480E-01
 2.01419806408629E+03	 1.18463511423919E-01
 2.01420080198632E+03	 1.31053811661175E-01
 2.01420353988635E+03	 1.35888125593723E-01
 2.01420627778638E+03	 1.15349777061654E-01
 2.01420901568641E+03	 6.24960651305958E-02
 2.01421175358644E+03	-9.45745541999056E-03
 2.01421449148647E+03	-7.22681706604307E-02
 2.01421722938650E+03	-9.74223376724758E-02
 2.01421996728653E+03	-6.91880677374735E-02
 2.01422270518656E+03	 1.04331018752432E-02
 2.01422544308659E+03	 1.22234954469126E-01
 2.01422818098662E+03	 2.32303397111031E-01
 2.01423091888665E+03	 2.99614221592428E-01
 2.01423365678669E+03	 2.92246273655250E-01
 2.01423639468672E+03	 2.04993069751408E-01
 2.01423913258675E+03	 6.38057047429059E-02
 2.01424187048678E+03	-8.83868545460351E-02
 2.01424460838681E+03	-2.13262454564222E-01
 2.01424734628684E+03	-2.89866185116034E-01
 2.01425008418687E+03	-3.13206284636766E-01
 2.01425282208690E+03	-2.86584179546645E-01
 2.01425555998693E+03	-2.18040706440816E-01
 2.01425829788696E+03	-1.22883507558286E-01
 2.01426103578699E+03	-2.48972342921731E-02
 2.01426377368702E+03	 5.11594422029093E-02
 2.01426651158705E+03	 9.28744992234000E-02
 2.01426924948708E+03	 1.07103632679504E-01
 2.01427198738712E+03	 1.12022024725361E-01
 2.01427472528715E+03	 1.20087512551592E-01
 2.01427746318718E+03	 1.27009283705531E-01
 2.01428020108721E+03	 1.16391238469281E-01
 2.01428293898724E+03	 7.57566745835053E-02
 2.01428567688727E+03	 1.03818810358592E-02
 2.01428841478730E+03	-5.60886782363116E-02
 2.01429115268733E+03	-9.39277639565833E-02
 2.01429389058736E+03	-8.22475561688949E-02
 2.01429662848739E+03	-1.70120219012046E-02
 2.01429936638742E+03	 8.82269873558399E-02
 2.01430210428745E+03	 2.04281685109971E-01
 2.01430484218748E+03	 2.91466131240336E-01
 2.01430758008752E+03	 3.12683195340102E-01
 2.01431031798755E+03	 2.51847720990171E-01
 2.01431305588758E+03	 1.24399242557307E-01
 2.01431579378761E+03	-3.04780694880659E-02
 2.01431853168764E+03	-1.70459633805894E-01
 2.01432126958767E+03	-2.67375890595166E-01
 2.01432400748770E+03	-3.10845672849675E-01
 2.01432674538773E+03	-3.01808764412818E-01
 2.01432948328776E+03	-2.46668202781992E-01
 2.01433222118779E+03	-1.57898594312278E-01
 2.01433495908782E+03	-5.67856245515410E-02
 2.01433769698785E+03	 3.04432948236192E-02
 2.01434043488788E+03	 8.48692506174128E-02
 2.01434317278792E+03	 1.05874786199274E-01
 2.01434591068795E+03	 1.09213418636868E-01
 2.01434864858798E+03	 1.12014287183499E-01
 2.01435138648801E+03	 1.17606778151380E-01
 2.01435412438804E+03	 1.13559428161609E-01
 2.01435686228807E+03	 8.43722563542031E-02
 2.01435960018810E+03	 2.77761306340209E-02
 2.01436233808813E+03	-3.88635182144665E-02
 2.01436507598816E+03	-8.67166450074777E-02
 2.01436781388819E+03	-9.08262024730689E-02
 2.01437055178822E+03	-4.12151229272451E-02
 2.01437328968825E+03	 5.43372651754601E-02
 2.01437602758828E+03	 1.71792113569044E-01
 2.01437876548831E+03	 2.74387717124634E-01
 2.01438150338835E+03	 3.22410161970447E-01
 2.01438424128838E+03	 2.90530320884389E-01
 2.01438697918841E+03	 1.82692615019527E-01
 2.01438971708844E+03	 3.13272839876954E-02
 2.01439245498847E+03	-1.19902968821674E-01
 2.01439519288850E+03	-2.36201568542771E-01
 2.01439793078853E+03	-3.00687788482846E-01
 2.01440066868856E+03	-3.10814809102864E-01
 2.01440340658859E+03	-2.71281582614965E-01
 2.01440614448862E+03	-1.92131788399993E-01
 2.01440888238865E+03	-9.15902455481697E-02
 2.01441162028868E+03	 4.54205016658465E-03
 2.01441435818871E+03	 7.25366455191086E-02
 2.01441709608875E+03	 1.03855566097673E-01
 2.01441983398878E+03	 1.09157893876086E-01
 2.01442257188881E+03	 1.07492956657377E-01
 2.01442530978884E+03	 1.09313509784947E-01
 2.01442804768887E+03	 1.08247825041367E-01
 2.01443078558890E+03	 8.86231587313668E-02
 2.01443352348893E+03	 4.19467469931394E-02
 2.01443626138896E+03	-2.16923962988332E-02
 2.01443899928899E+03	-7.64999071742003E-02
 2.01444173718902E+03	-9.49791577203782E-02
 2.01444447508905E+03	-6.15824851728674E-02
 2.01444721298908E+03	 2.17769719791007E-02
 2.01444995088911E+03	 1.36427004271102E-01
 2.01445268878915E+03	 2.49616193404653E-01
 2.01445542668918E+03	 3.21362379407480E-01
 2.01445816458921E+03	 3.19333646951459E-01
 2.01446090248924E+03	 2.36049626884848E-01
 2.01446364038927E+03	 9.47295606617625E-02
 2.01446637828930E+03	-6.26985038233211E-02
 2.01446911618933E+03	-1.96283182897912E-01
 2.01447185408936E+03	-2.82062817863240E-01
 2.01447459198939E+03	-3.12720255644713E-01
 2.01447732988942E+03	-2.90754062657712E-01
 2.01448006778945E+03	-2.24138184933619E-01
 2.01448280568948E+03	-1.27964111640505E-01
 2.01448554358951E+03	-2.61217081712571E-02
 2.01448828148954E+03	 5.49054702427975E-02
 2.01449101938958E+03	 9.92171346556327E-02
 2.01449375728961E+03	 1.10440510998308E-01
 2.01449649518964E+03	 1.06511050045999E-01
 2.01449923308967E+03	 1.03423857374398E-01
 2.01450197098970E+03	 1.02015689000925E-01
 2.01450470888973E+03	 8.92380550978231E-02
 2.01450744678976E+03	 5.24715802993979E-02
 2.01451018468979E+03	-5.61120511247700E-03
 2.01451292258982E+03	-6.41438261815670E-02
 2.01451566048985E+03	-9.49713612454100E-02
 2.01451839838988E+03	-7.77222305325778E-02
 2.01452113628991E+03	-8.42737367914602E-03
 2.01452387418994E+03	 9.97317623893706E-02
 2.01452661208998E+03	 2.18666380041398E-01
 2.01452934999001E+03	 3.10066805932438E-01
 2.01453208789004E+03	 3.37132037641645E-01
 2.01453482579007E+03	 2.82013865903166E-01
 2.01453756369010E+03	 1.57104694077417E-01
 2.01454030159013E+03	-5.21491479701710E-04
 2.01454303949016E+03	-1.48019786800195E-01
 2.01454577739019E+03	-2.54506817650548E-01
 2.01454851529022E+03	-3.06714344588706E-01
 2.01455125319025E+03	-3.04050646499791E-01
 2.01455399109028E+03	-2.52537730030524E-01
 2.01455672899031E+03	-1.64382774525976E-01
 2.01455946689034E+03	-6.06193463859160E-02
 2.01456220479038E+03	 3.15838686237794E-02
 2.01456494269041E+03	 9.03522593674081E-02
 2.01456768059044E+03	 1.11306925293835E-01
 2.01457041849047E+03	 1.08393093128862E-01
 2.01457315639050E+03	 1.00725255858000E-01
 2.01457589429053E+03	 9.63893671274323E-02
 2.01457863219056E+03	 8.73102016254019E-02
 2.01458137009059E+03	 5.93411831578787E-02
 2.01458410799062E+03	 8.51355612125396E-03
 2.01458684589065E+03	-5.06098190207406E-02
 2.01458958379068E+03	-9.12711525061213E-02
 2.01459232169071E+03	-8.94485587494580E-02
 2.01459505959074E+03	-3.54492673626889E-02
 2.01459779749078E+03	 6.31298469463601E-02
 2.01460053539081E+03	 1.83199599951733E-01
 2.01460327329084E+03	 2.89558644890804E-01
 2.01460601119087E+03	 3.43450530125792E-01
 2.01460874909090E+03	 3.18508579345833E-01
 2.01461148699093E+03	 2.15693354986382E-01
 2.01461422489096E+03	 6.44368671221092E-02
 2.01461696279099E+03	-9.23502890625291E-02
 2.01461970069102E+03	-2.17870044414620E-01
 2.01462243859105E+03	-2.92102210577424E-01
 2.01462517649108E+03	-3.10225057067083E-01
 2.01462791439111E+03	-2.76055731885708E-01
 2.01463065229114E+03	-1.99267478918816E-01
 2.01463339019117E+03	-9.76326891998229E-02
 2.01463612809121E+03	 2.78642797492107E-03
 2.01463886599124E+03	 7.60727496188588E-02
 2.01464160389127E+03	 1.09896769553538E-01
 2.01464434179130E+03	 1.11893394609559E-01
 2.01464707969133E+03	 1.01392337821352E-01
 2.01464981759136E+03	 9.26607083855522E-02
 2.01465255549139E+03	 8.41614281942057E-02
 2.01465529339142E+03	 6.29667923731131E-02
 2.01465803129145E+03	 2.00824338898404E-02
 2.01466076919148E+03	-3.68733040677940E-02
 2.01466350709151E+03	-8.45284430031691E-02
 2.01466624499154E+03	-9.67848148293524E-02
 2.01466898289157E+03	-5.86686545108116E-02
 2.01467172079161E+03	 2.78724544451481E-02
 2.01467445869164E+03	 1.44902270545856E-01
 2.01467719659167E+03	 2.61261302175689E-01
 2.01467993449170E+03	 3.38469393433973E-01
 2.01468267239173E+03	 3.44000196371108E-01
 2.01468541029176E+03	 2.67815974406076E-01
 2.01468814819179E+03	 1.29586808383035E-01
 2.01469088609182E+03	-3.07870321708680E-02
 2.01469362399185E+03	-1.72426307177254E-01
 2.01469636189188E+03	-2.68378465720937E-01
 2.01469909979191E+03	-3.08427387117200E-01
 2.01470183769194E+03	-2.93537893166036E-01
 2.01470457559197E+03	-2.31081900217172E-01
 2.01470731349201E+03	-1.35592574716434E-01
 2.01471005139204E+03	-3.07098172935790E-02
 2.01471278929207E+03	 5.57451899079893E-02
 2.01471552719210E+03	 1.04483169378276E-01
 2.01471826509213E+03	 1.15360595488863E-01
 2.01472100299216E+03	 1.04958810131539E-01
 2.01472374089219E+03	 9.17097019033909E-02
 2.01472647879222E+03	 8.11689893749779E-02
 2.01472921669225E+03	 6.41335894315746E-02
 2.01473195459228E+03	 2.88367507641958E-02
 2.01473469249231E+03	-2.38290243395834E-02
 2.01473743039234E+03	-7.55330246645813E-02
 2.01474016829237E+03	-9.99618404219211E-02
 2.01474290619240E+03	-7.76743067032370E-02
 2.01474564409244E+03	-4.99007300230588E-03
 2.01474838199247E+03	 1.05385211794591E-01
 2.01475111989250E+03	 2.26847588320718E-01
 2.01475385779253E+03	 3.22967840754881E-01
 2.01475659569256E+03	 3.57607107518741E-01
 2.01475933359259E+03	 3.11088625495154E-01
 2.01476207149262E+03	 1.92112366818207E-01
 2.01476480939265E+03	 3.46107846854381E-02
 2.01476754729268E+03	-1.18963289538632E-01
 2.01477028519271E+03	-2.35323092067433E-01
 2.01477302309274E+03	-2.97933771276367E-01
 2.01477576099277E+03	-3.03952219943924E-01
 2.01477849889280E+03	-2.58396117358160E-01
 2.01478123679284E+03	-1.72816574136444E-01
 2.01478397469287E+03	-6.76654606733350E-02
 2.01478671259290E+03	 2.93527575360305E-02
 2.01478945049293E+03	 9.36873310781171E-02
 2.01479218839296E+03	 1.16951525168255E-01
 2.01479492629299E+03	 1.10371677978046E-01
 2.01479766419302E+03	 9.38761246944624E-02
 2.01480040209305E+03	 7.95769377360423E-02
 2.01480313999308E+03	 6.39007895041657E-02
 2.01480587789311E+03	 3.48941342295984E-02
 2.01480861579314E+03	-1.21945947120771E-02
 2.01481135369317E+03	-6.51520441444695E-02
 2.01481409159320E+03	-9.94064360740154E-02
 2.01481682949324E+03	-9.22645761201366E-02
 2.01481956739327E+03	-3.46206967180751E-02
 2.01482230529330E+03	 6.61094849849438E-02
 2.01482504319333E+03	 1.88100085374175E-01
 2.01482778109336E+03	 2.98218337234085E-01
 2.01483051899339E+03	 3.59142989826225E-01
 2.01483325689342E+03	 3.43614240807066E-01
 2.01483599479345E+03	 2.49181164856711E-01
 2.01483873269348E+03	 1.01328690901457E-01
 2.01484147059351E+03	-5.88340715696818E-02
 2.01484420849354E+03	-1.93105883815220E-01
 2.01484694639357E+03	-2.78203205817373E-01
 2.01484968429360E+03	-3.06392453665333E-01
 2.01485242219363E+03	-2.79920048052721E-01
 2.01485516009367E+03	-2.07627398428216E-01
 2.01485789799370E+03	-1.06513517929316E-01
 2.01486063589373E+03	-2.51756950387856E-03
 2.01486337379376E+03	 7.66421812050806E-02
 2.01486611169379E+03	 1.14865584573847E-01
 2.01486884959382E+03	 1.16121072072349E-01
 2.01487158749385E+03	 9.88988816151799E-02
 2.01487432539388E+03	 8.03172210968416E-02
 2.01487706329391E+03	 6.34584453790022E-02
 2.01487980119394E+03	 3.87360495805305E-02
 2.01488253909397E+03	-2.42666749132680E-03
 2.01488527699400E+03	-5.42501655259789E-02
 2.01488801489403E+03	-9.57148164467779E-02
 2.01489075279407E+03	-1.02446046504665E-01
 2.01489349069410E+03	-6.03982223870259E-02
 2.01489622859413E+03	 2.83393507153540E-02
 2.01489896649416E+03	 1.46785990096660E-01
 2.01490170439419E+03	 2.65848320692707E-01
 2.01490444229422E+03	 3.49092933556690E-01
 2.01490718019425E+03	 3.64126852870028E-01
 2.01490991809428E+03	 2.98168078626299E-01
 2.01491265599431E+03	 1.66548988941329E-01
 2.01491539389434E+03	 6.04600072767772E-03
 2.01491813179437E+03	-1.42380889080444E-01
 2.01492086969440E+03	-2.48958933594385E-01
 2.01492360759443E+03	-3.00096231432711E-01
 2.01492634549447E+03	-2.94515641256028E-01
 2.01492908339450E+03	-2.38440830755687E-01
 2.01493182129453E+03	-1.45505500027831E-01
 2.01493455919456E+03	-3.87523908930596E-02
 2.01493729709459E+03	 5.30877162730673E-02
 2.01494003499462E+03	 1.07568894706700E-01
 2.01494277289465E+03	 1.20428514126169E-01
 2.01494551079468E+03	 1.05932690775011E-01
 2.01494824869471E+03	 8.38655614175747E-02
 2.01495098659474E+03	 6.39581916840427E-02
 2.01495372449477E+03	 4.11441979964729E-02
 2.01495646239480E+03	 5.33570641872986E-03
 2.01495920029483E+03	-4.36005283112957E-02
 2.01496193819487E+03	-8.96078072050556E-02
 2.01496467609490E+03	-1.08427045438563E-01
 2.01496741399493E+03	-8.19150661407188E-02
 2.01497015189496E+03	-6.88132396348552E-03
 2.01497288979499E+03	 1.04557107983970E-01
 2.01497562769502E+03	 2.27688609089620E-01
 2.01497836559505E+03	 3.28529446704366E-01
 2.01498110349508E+03	 3.72072965505544E-01
 2.01498384139511E+03	 3.36866591280933E-01
 2.01498657929514E+03	 2.27349531220021E-01
 2.01498931719517E+03	 7.32659498166303E-02
 2.01499205509520E+03	-8.43508049247632E-02
 2.01499479299523E+03	-2.10284158385792E-01
 2.01499753089526E+03	-2.84486415874752E-01
 2.01500026879530E+03	-3.01201313773923E-01
 2.01500300669533E+03	-2.63820557497013E-01
 2.01500574459536E+03	-1.82847536669772E-01
 2.01500848249539E+03	-7.78356491000019E-02
 2.01501122039542E+03	 2.33915154195513E-02
 2.01501395829545E+03	 9.39800446348563E-02
 2.01501669619548E+03	 1.21468571592375E-01
 2.01501943409551E+03	 1.13641142024333E-01
 2.01502217199554E+03	 9.01532297102253E-02
 2.01502490989557E+03	 6.63402256768624E-02
 2.01502764779560E+03	 4.30904347409837E-02
 2.01503038569563E+03	 1.12884762088227E-02
 2.01503312359566E+03	-3.37982558067432E-02
 2.01503586149570E+03	-8.18678987544603E-02
 2.01503859939573E+03	-1.10601567384017E-01
 2.01504133729576E+03	-9.89730047750645E-02
 2.01504407519579E+03	-3.87354580984025E-02
 2.01504681309582E+03	 6.28800473292508E-02
 2.01504955099585E+03	 1.85627105452345E-01
 2.01505228889588E+03	 2.98982714196853E-01
 2.01505502679591E+03	 3.67622752597894E-01
 2.01505776469594E+03	 3.63662825405858E-01
 2.01506050259597E+03	 2.80928042246593E-01
 2.01506324049600E+03	 1.40049167504311E-01
 2.01506597839603E+03	-2.07834863318204E-02
 2.01506871629606E+03	-1.62715825401858E-01
 2.01507145419610E+03	-2.59237010746715E-01
 2.01507419209613E+03	-2.99162687684412E-01
 2.01507692999616E+03	-2.82505272820189E-01
 2.01507966789619E+03	-2.16811082998258E-01
 2.01508240579622E+03	-1.17996172701894E-01
 2.01508514369625E+03	-1.15010656764221E-02
 2.01508788159628E+03	 7.35959341202415E-02
 2.01509061949631E+03	 1.17594709776812E-01
 2.01509335739634E+03	 1.20354542604518E-01
 2.01509609529637E+03	 9.85485924953841E-02
 2.01509883319640E+03	 7.11806891792400E-02
 2.01510157109643E+03	 4.55925131319652E-02
 2.01510430899646E+03	 1.59337152913290E-02
 2.01510704689649E+03	-2.51900843166147E-02
 2.01510978479653E+03	-7.32624552683915E-02
 2.01511252269656E+03	-1.09519334804405E-01
 2.01511526059659E+03	-1.11576823841418E-01
 2.01511799849662E+03	-6.66288086654826E-02
 2.01512073639665E+03	 2.29961742179397E-02
 2.01512347429668E+03	 1.41483006310599E-01
 2.01512621219671E+03	 2.62284202766354E-01
 2.01512895009674E+03	 3.51613168296594E-01
 2.01513168799677E+03	 3.77652068178878E-01
 2.01513442589680E+03	 3.24826281564311E-01
 2.01513716379683E+03	 2.03437111164839E-01
 2.01513990169686E+03	 4.60316103433706E-02
 2.01514263959689E+03	-1.07317061861074E-01
 2.01514537749693E+03	-2.24357283460887E-01
 2.01514811539696E+03	-2.87780654389243E-01
 2.01515085329699E+03	-2.93419266550655E-01
 2.01515359119702E+03	-2.45810674024211E-01
 2.01515632909705E+03	-1.57356243725822E-01
 2.01515906699708E+03	-5.01729940325279E-02
 2.01516180489711E+03	 4.65457609795671E-02
 2.01516454279714E+03	 1.07540354394801E-01
 2.01516728069717E+03	 1.24271990094929E-01
 2.01517001859720E+03	 1.07912808901885E-01
 2.01517275649723E+03	 7.85818479182178E-02
 2.01517549439726E+03	 4.95541551749777E-02
 2.01517823229729E+03	 2.00041977848884E-02
 2.01518097019733E+03	-1.78330908484446E-02
 2.01518370809736E+03	-6.44614496283392E-02
 2.01518644599739E+03	-1.05839593064361E-01
 2.01518918389742E+03	-1.19923310619606E-01
 2.01519192179745E+03	-9.01813416003562E-02
 2.01519465969748E+03	-1.40934541542449E-02
 2.01519739759751E+03	 9.69114052399093E-02
 2.01520013549754E+03	 2.20404236123475E-01
 2.01520287339757E+03	 3.25433763189287E-01
 2.01520561129760E+03	 3.78685310429546E-01
 2.01520834919763E+03	 3.57127529806283E-01
 2.01521108709766E+03	 2.60508500838918E-01
 2.01521382499769E+03	 1.13390981117340E-01
 2.01521656289772E+03	-4.57093385225153E-02
 2.01521930079776E+03	-1.80280792827140E-01
 2.01522203869779E+03	-2.66681877445703E-01
 2.01522477659782E+03	-2.95680284249483E-01
 2.01522751449785E+03	-2.68449572236644E-01
 2.01523025239788E+03	-1.94062255086247E-01
 2.01523299029791E+03	-9.08774780411301E-02
 2.01523572819794E+03	 1.35720215647898E-02
 2.01523846609797E+03	 9.05706324132926E-02
 2.01524120399800E+03	 1.23681162242831E-01
 2.01524394189803E+03	 1.16723728027810E-01
 2.01524667979806E+03	 8.81222115046252E-02
 2.01524941769809E+03	 5.56115744683831E-02
 2.01525215559812E+03	 2.43485806290670E-02
 2.01525489349816E+03	-1.14923694193489E-02
 2.01525763139819E+03	-5.59611074503071E-02
 2.01526036929822E+03	-1.00269440425890E-01
 2.01526310719825E+03	-1.24381684603243E-01
 2.01526584509828E+03	-1.09217123821724E-01
 2.01526858299830E+03	-4.76254790422996E-02
 2.01527132089834E+03	 5.33420712520443E-02
 2.01527405879837E+03	 1.75302496189525E-01
 2.01527679669840E+03	 2.90872709075138E-01
 2.01527953459843E+03	 3.67342698631879E-01
 2.01528227249846E+03	 3.76603935293493E-01
 2.01528501039849E+03	 3.08609713656558E-01
 2.01528774829852E+03	 1.78343045957464E-01
 2.01529048619856E+03	 1.99504423238037E-02
 2.01529322409859E+03	-1.27941412179878E-01
 2.01529596199862E+03	-2.35809374548345E-01
 2.01529869989865E+03	-2.88617361695964E-01
 2.01530143779868E+03	-2.83541259752658E-01
 2.01530417569871E+03	-2.26385293833648E-01
 2.01530691359874E+03	-1.31692743523852E-01
 2.01530965149877E+03	-2.40523290906310E-02
 2.01531238939880E+03	 6.65681773170883E-02
 2.01531512729883E+03	 1.17167294261658E-01
 2.01531786519886E+03	 1.23252452559620E-01
 2.01532060309889E+03	 9.88757200755488E-02
 2.01532334099892E+03	 6.40089137201160E-02
 2.01532607889896E+03	 2.97911754901179E-02
 2.01532881679899E+03	-5.68221719345103E-03
 2.01533155469902E+03	-4.80259905558896E-02
 2.01533429259905E+03	-9.34913566489110E-02
 2.01533703049908E+03	-1.25461754268381E-01
 2.01533976839911E+03	-1.23753021274448E-01
 2.01534250629914E+03	-7.70616918824980E-02
 2.01534524419917E+03	 1.19504459644042E-02
 2.01534798209920E+03	 1.28806055719400E-01
 2.01535071999923E+03	 2.49944284543796E-01
 2.01535345789926E+03	 3.44840377674292E-01
 2.01535619579929E+03	 3.82796729647440E-01
 2.01535893369932E+03	 3.45569404404977E-01
 2.01536167159935E+03	 2.37897739818148E-01
 2.01536440949939E+03	 8.70555080867675E-02
 2.01536714739942E+03	-6.88171932634248E-02
 2.01536988529945E+03	-1.95503379998184E-01
 2.01537262319948E+03	-2.71806935203675E-01
 2.01537536109951E+03	-2.90119162468459E-01
 2.01537809899954E+03	-2.52787680922685E-01
 2.01538083689957E+03	-1.70668337838449E-01
 2.01538357479960E+03	-6.46533350557763E-02
 2.01538631269963E+03	 3.60464196627638E-02
 2.01538905059966E+03	 1.03785007589937E-01
 2.01539178849969E+03	 1.25769677589906E-01
 2.01539452639972E+03	 1.09499528688754E-01
 2.01539726429975E+03	 7.45219184994562E-02
 2.01540000219979E+03	 3.69853180579862E-02
 2.01540274009982E+03	 2.51268550275270E-04
 2.01540547799985E+03	-4.06608784094158E-02
 2.01540821589988E+03	-8.60882221259267E-02
 2.01541095379991E+03	-1.23767884282289E-01
 2.01541369169994E+03	-1.33983971796168E-01
 2.01541642959997E+03	-1.02072870435317E-01
 2.01541916750000E+03	-2.63454577174276E-02
 2.01542190540003E+03	 8.25234768297839E-02
 2.01542464330006E+03	 2.04719436519287E-01
 2.01542738120009E+03	 3.12885505341097E-01
 2.01543011910012E+03	 3.76021210310482E-01
 2.01543285700015E+03	 3.69871630017865E-01
 2.01543559490019E+03	 2.89257525435981E-01
 2.01543833280022E+03	 1.52695841437966E-01
 2.01544107070025E+03	-4.92540492901334E-03
 2.01544380860028E+03	-1.46576886203368E-01
 2.01544654650031E+03	-2.45128837021421E-01
 2.01544928440034E+03	-2.87447954896391E-01
 2.01545202230037E+03	-2.71959392988863E-01
 2.01545476020040E+03	-2.05946787696894E-01
 2.01545749810043E+03	-1.06310245729526E-01
 2.01546023600046E+03	 9.42614884630943E-05
 2.01546297390049E+03	 8.31726595963988E-02
 2.01546571180052E+03	 1.22754924046895E-01
 2.01546844970055E+03	 1.18380208089942E-01
 2.01547118760058E+03	 8.64429300075296E-02
 2.01547392550062E+03	 4.62816084952369E-02
 2.01547666340065E+03	 7.01518509314631E-03
 2.01547940130068E+03	-3.36203055322561E-02
 2.01548213920071E+03	-7.84766161673887E-02
 2.01548487710074E+03	-1.19939894392375E-01
 2.01548761500077E+03	-1.40261207383637E-01
 2.01549035290080E+03	-1.22522613014015E-01
 2.01549309080083E+03	-6.08709067269719E-02
 2.01549582870086E+03	 3.77969143782046E-02
 2.01549856660089E+03	 1.57178163341497E-01
 2.01550130450092E+03	 2.73500007780542E-01
 2.01550404240095E+03	 3.57298317100624E-01
 2.01550678030098E+03	 3.80766774722652E-01
 2.01550951820102E+03	 3.30043299308950E-01
 2.01551225610105E+03	 2.13854735461460E-01
 2.01551499400108E+03	 6.12419758393299E-02
 2.01551773190111E+03	-9.03673723548672E-02
 2.01552046980114E+03	-2.08836279358407E-01
 2.01552320770117E+03	-2.75047211108481E-01
 2.01552594560120E+03	-2.82834296120033E-01
 2.01552868350123E+03	-2.35851887734715E-01
 2.01553142140126E+03	-1.47011967293215E-01
 2.01553415930129E+03	-3.97347597060800E-02
 2.01553689720132E+03	 5.55976860460659E-02
 2.01553963510135E+03	 1.13081771930748E-01
 2.01554237300138E+03	 1.23819853350717E-01
 2.01554511090142E+03	 9.86318432078435E-02
 2.01554784880145E+03	 5.76313079171342E-02
 2.01555058670148E+03	 1.52373696872636E-02
 2.01555332460151E+03	-2.64582366185685E-02
 2.01555606250154E+03	-7.08598334861475E-02
 2.01555880040157E+03	-1.14585605637664E-01
 2.01556153830160E+03	-1.43059949142462E-01
 2.01556427620163E+03	-1.38451684812847E-01
 2.01556701410166E+03	-9.11718204077816E-02
 2.01556975200169E+03	-4.31174770006520E-03
 2.01557248990172E+03	 1.09097061051443E-01
 2.01557522780175E+03	 2.28836124736950E-01
 2.01557796570178E+03	 3.28224068007796E-01
 2.01558070360182E+03	 3.78307612028158E-01
 2.01558344150185E+03	 3.58488138977159E-01
 2.01558617940188E+03	 2.67635728508864E-01
 2.01558891730191E+03	 1.26844581176871E-01
 2.01559165520194E+03	-2.87469779621404E-02
 2.01559439310197E+03	-1.63627253690117E-01
 2.01559713100200E+03	-2.52732701552593E-01
 2.01559986890203E+03	-2.84599084299245E-01
 2.01560260680206E+03	-2.58943039451870E-01
 2.01560534470209E+03	-1.84796473686782E-01
 2.01560808260212E+03	-8.15692283926313E-02
 2.01561082050215E+03	 2.19315415614283E-02
 2.01561355840218E+03	 9.61561315511675E-02
 2.01561629630221E+03	 1.24237949270991E-01
 2.01561903420225E+03	 1.09628318969350E-01
 2.01562177210228E+03	 7.05409446574246E-02
 2.01562451000231E+03	 2.53353555460191E-02
 2.01562724790234E+03	-1.86139641515829E-02
 2.01562998580237E+03	-6.32104988066542E-02
 2.01563272370240E+03	-1.08213037785894E-01
 2.01563546160243E+03	-1.42934816670803E-01
 2.01563819950246E+03	-1.50060705485303E-01
 2.01564093740249E+03	-1.16990626134698E-01
 2.01564367530252E+03	-4.30089412228139E-02
 2.01564641320255E+03	 6.19785290313047E-02
 2.01564915110258E+03	 1.81005735978431E-01
 2.01565188900261E+03	 2.90795636716917E-01
 2.01565462690265E+03	 3.63307672469918E-01
 2.01565736480268E+03	 3.73575309948068E-01
 2.01566010270271E+03	 3.11494583759896E-01
 2.01566284060274E+03	 1.88874450746112E-01
 2.01566557850277E+03	 3.59221933990200E-02
 2.01566831640280E+03	-1.10700401935370E-01
 2.01567105430283E+03	-2.20673536915103E-01
 2.01567379220286E+03	-2.76707243711497E-01
 2.01567653010289E+03	-2.74042220485723E-01
 2.01567926800292E+03	-2.17860108169437E-01
 2.01568200590295E+03	-1.23380123806286E-01
 2.01568474380298E+03	-1.64373527922621E-02
 2.01568748170301E+03	 7.19918066507125E-02
 2.01569021960305E+03	 1.18362764133097E-01
 2.01569295750308E+03	 1.17811703693055E-01
 2.01569569540311E+03	 8.40872978641118E-02
 2.01569843330314E+03	 3.74066689871949E-02
 2.01570117120317E+03	-9.52399207865046E-03
 2.01570390910320E+03	-5.52889607215881E-02
 2.01570664700323E+03	-1.01172389637967E-01
 2.01570938490326E+03	-1.40464108707584E-01
 2.01571212280329E+03	-1.57687525883950E-01
 2.01571486070332E+03	-1.38244490737933E-01
 2.01571759860335E+03	-7.77418321999641E-02
 2.01572033650338E+03	 1.70211279844616E-02
 2.01572307440341E+03	 1.31941239360632E-01
 2.01572581230344E+03	 2.47217352311728E-01
 2.01572855020348E+03	 3.37229207322518E-01
 2.01573128810351E+03	 3.75103869842859E-01
 2.01573402600354E+03	 3.43448778777669E-01
 2.01573676390357E+03	 2.44374883873543E-01
 2.01573950180360E+03	 1.00893499620003E-01
 2.01574223970363E+03	-5.17773918487706E-02
 2.01574497760366E+03	-1.79456213121124E-01
 2.01574771550369E+03	-2.58906506442314E-01
 2.01575045340372E+03	-2.80244930642083E-01
 2.01575319130375E+03	-2.44631539706195E-01
 2.01575592920378E+03	-1.63133313118049E-01
 2.01575866710381E+03	-5.77363496107146E-02
 2.01576140500384E+03	 4.12169053562750E-02
 2.01576414290388E+03	 1.05387844101213E-01
 2.01576688080391E+03	 1.21588193505977E-01
 2.01576961870394E+03	 9.69934005514730E-02
 2.01577235660397E+03	 5.11583213742899E-02
 2.01577509450400E+03	 1.25543174847876E-03
 2.01577783240403E+03	-4.66983257876363E-02
 2.01578057030406E+03	-9.36182514387050E-02
 2.01578330820409E+03	-1.36187533353828E-01
 2.01578604610412E+03	-1.61775736683146E-01
 2.01578878400415E+03	-1.55006388500305E-01
 2.01579152190418E+03	-1.08164923944055E-01
 2.01579425980421E+03	-2.48753545890606E-02
 2.01579699770424E+03	 8.32992474134262E-02
 2.01579973560428E+03	 1.99710800699893E-01
 2.01580247350431E+03	 3.02016907084146E-01
 2.01580521140434E+03	 3.63674595997691E-01
 2.01580794930437E+03	 3.62238808666752E-01
 2.01581068720440E+03	 2.90673862229141E-01
 2.01581342510443E+03	 1.63198511634723E-01
 2.01581616300446E+03	 1.09234587778157E-02
 2.01581890090449E+03	-1.30141014561027E-01
 2.01582163880452E+03	-2.31282042636631E-01
 2.01582437670455E+03	-2.76927951280508E-01
 2.01582711460458E+03	-2.63812955141432E-01
 2.01582985250461E+03	-1.98917564156655E-01
 2.01583259040464E+03	-9.99659225099789E-02
 2.01583532830467E+03	 5.01451959540486E-03
 2.01583806620471E+03	 8.50745524759448E-02
 2.01584080410474E+03	 1.19580856020285E-01
 2.01584354200477E+03	 1.07757360981505E-01
 2.01584627990480E+03	 6.58883389048729E-02
 2.01584901780483E+03	 1.39333749540871E-02
 2.01585175570486E+03	-3.69709250027612E-02
 2.01585449360489E+03	-8.55007032380405E-02
 2.01585723150492E+03	-1.30545041352230E-01
 2.01585996940495E+03	-1.62832441538299E-01
 2.01586270730498E+03	-1.67486588771292E-01
 2.01586544520501E+03	-1.34108294863509E-01
 2.01586818310504E+03	-6.30804987257347E-02
 2.01587092100507E+03	 3.64108208750395E-02
 2.01587365890511E+03	 1.50350522316700E-01
 2.01587639680514E+03	 2.59899830309718E-01
 2.01587913470517E+03	 3.40599358002520E-01
 2.01588187260520E+03	 3.67421259187488E-01
 2.01588461050523E+03	 3.25604775605771E-01
 2.01588734840526E+03	 2.19854186656956E-01
 2.01589008630529E+03	 7.47714325347465E-02
 2.01589282420532E+03	-7.42934889733877E-02
 2.01589556210535E+03	-1.94310486777138E-01
 2.01589830000538E+03	-2.63764782966260E-01
 2.01590103790541E+03	-2.74397299679870E-01
 2.01590377580544E+03	-2.29038379946594E-01
 2.01590651370547E+03	-1.41059529649752E-01
 2.01590925160551E+03	-3.49900792388233E-02
 2.01591198950554E+03	 5.77896480929006E-02
 2.01591472740557E+03	 1.10797826158881E-01
 2.01591746530560E+03	 1.14818030518448E-01
 2.01592020320563E+03	 8.05249462782341E-02
 2.01592294110566E+03	 2.83951915379803E-02
 2.01592567900569E+03	-2.56752610662628E-02
 2.01592841690572E+03	-7.65901779268947E-02
 2.01593115480575E+03	-1.23826316821284E-01
 2.01593389270578E+03	-1.61376310258685E-01
 2.01593663060581E+03	-1.76010558552526E-01
 2.01593936850584E+03	-1.55551350618717E-01
 2.01594210640587E+03	-9.71912821175046E-02
 2.01594484430591E+03	-7.72529274767116E-03
 2.01594758220594E+03	 1.00941154698857E-01
 2.01595032010597E+03	 2.13186830380822E-01
 2.01595305800600E+03	 3.07746899387463E-01
 2.01595579590603E+03	 3.59382249584731E-01
 2.01595853380606E+03	 3.47687376902161E-01
 2.01596127170609E+03	 2.68093460132424E-01
 2.01596400960612E+03	 1.36866087928624E-01
 2.01596674750615E+03	-1.39745656894482E-02
 2.01596948540618E+03	-1.48913420426364E-01
 2.01597222330621E+03	-2.40754732752081E-01
 2.01597496120624E+03	-2.75673821792573E-01
 2.01597769910627E+03	-2.52075886783177E-01
 2.01598043700630E+03	-1.79026616612600E-01
 2.01598317490634E+03	-7.68770880118799E-02
 2.01598591280637E+03	 2.44763158720676E-02
 2.01598865070640E+03	 9.47573474897871E-02
 2.01599138860643E+03	 1.16736082836098E-01
 2.01599412650646E+03	 9.37206827468847E-02
 2.01599686440649E+03	 4.41548266182569E-02
 2.01599960230652E+03	-1.25281409402318E-02
 2.01600234020655E+03	-6.65357654898439E-02
 2.01600507810658E+03	-1.16140592985638E-01
 2.01600781600661E+03	-1.57880295472074E-01
 2.01601055390664E+03	-1.80989371902303E-01
 2.01601329180667E+03	-1.72602157955628E-01
 2.01601602970670E+03	-1.26988236537958E-01
 2.01601876760674E+03	-4.84156816418098E-02
 2.01602150550677E+03	 5.29443108811128E-02
 2.01602424340680E+03	 1.64079819162340E-01
 2.01602698130683E+03	 2.67345800979158E-01
 2.01602971920686E+03	 3.39270180257409E-01
 2.01603245710689E+03	 3.56246119762285E-01
 2.01603519500692E+03	 3.05592983122256E-01
 2.01603793290695E+03	 1.94229345885302E-01
 2.01604067080698E+03	 4.83225996836279E-02
 2.01604340870701E+03	-9.64946369769306E-02
 2.01604614660704E+03	-2.08264956330161E-01
 2.01604888450707E+03	-2.67234234171736E-01
 2.01605162240710E+03	-2.66912254185577E-01
 2.01605436030714E+03	-2.12065110709522E-01
 2.01605709820717E+03	-1.18593004945864E-01
 2.01605983610720E+03	-1.34336894896118E-02
 2.01606257400723E+03	 7.15547881895791E-02
 2.01606531190726E+03	 1.12366786298993E-01
 2.01606804980729E+03	 1.03990595383685E-01
 2.01607078770732E+03	 6.03583642248803E-02
 2.01607352560735E+03	 2.50537777269164E-03
 2.01607626350738E+03	-5.49508886666443E-02
 2.01607900140741E+03	-1.07414530511503E-01
 2.01608173930744E+03	-1.52716383965099E-01
 2.01608447720747E+03	-1.82880471128419E-01
 2.01608721510750E+03	-1.85479334825287E-01
 2.01608995300753E+03	-1.52397356333021E-01
 2.01609269090757E+03	-8.52241588258719E-02
 2.01609542880760E+03	 7.45541765885844E-03
 2.01609816670763E+03	 1.14524776441377E-01
 2.01610090460766E+03	 2.21770032246764E-01
 2.01610364250769E+03	 3.08857187627695E-01
 2.01610638040772E+03	 3.51450707531139E-01
 2.01610911830775E+03	 3.30670256922523E-01
 2.01611185620778E+03	 2.44029083960485E-01
 2.01611459410781E+03	 1.09793468118543E-01
 2.01611733200784E+03	-3.89444699391454E-02
 2.01612006990787E+03	-1.67077848236090E-01
 2.01612280780790E+03	-2.48988580915293E-01
 2.01612554570793E+03	-2.72739262283540E-01
 2.01612828360797E+03	-2.38637264383424E-01
 2.01613102150800E+03	-1.58103720332804E-01
 2.01613375940803E+03	-5.41515245640573E-02
 2.01613649730806E+03	 4.18652631624444E-02
 2.01613923520809E+03	 1.01002011237213E-01
 2.01614197310812E+03	 1.09877024410152E-01
 2.01614471100815E+03	 7.58414176565956E-02
 2.01614744890818E+03	 1.91409091552827E-02
 2.01615018680821E+03	-4.15150362225970E-02
 2.01615292470824E+03	-9.74220930799417E-02
 2.01615566260827E+03	-1.46111542181377E-01
 2.01615840050830E+03	-1.82139594992841E-01
 2.01616113840833E+03	-1.94491839295633E-01
 2.01616387630837E+03	-1.73461221465864E-01
 2.01616661420840E+03	-1.17915728773642E-01
 2.01616935210843E+03	-3.47765039438668E-02
 2.01617209000846E+03	 6.61133644506674E-02
 2.01617482790849E+03	 1.73333334946987E-01
 2.01617756580852E+03	 2.70347733217644E-01
 2.01618030370855E+03	 3.34273662741062E-01
 2.01618304160858E+03	 3.42425085659171E-01
 2.01618577950861E+03	 2.83809703194135E-01
 2.01618851740864E+03	 1.67495818347773E-01
 2.01619125530867E+03	 2.14028834177842E-02
 2.01619399320870E+03	-1.18430610677170E-01
 2.01619673110873E+03	-2.21194201749447E-01
 2.01619946900876E+03	-2.69058697973764E-01
 2.01620220690880E+03	-2.57510440922586E-01
 2.01620494480883E+03	-1.93523041954137E-01
 2.01620768270886E+03	-9.56863321342577E-02
 2.01621042060889E+03	 6.88465614109253E-03
 2.01621315850892E+03	 8.24636062882452E-02
 2.01621589640895E+03	 1.10119439225460E-01
 2.01621863430898E+03	 8.92350022573648E-02
 2.01622137220901E+03	 3.67457386377828E-02
 2.01622411010904E+03	-2.60765102479362E-02
 2.01622684800907E+03	-8.58452628968223E-02
 2.01622958590910E+03	-1.38124007312875E-01
 2.01623232380913E+03	-1.79168124961101E-01
 2.01623506170916E+03	-2.00012196203886E-01
 2.01623779960920E+03	-1.90318591705395E-01
 2.01624053750923E+03	-1.46403844931555E-01
 2.01624327540926E+03	-7.32983547759527E-02
 2.01624601330929E+03	 2.00395994255962E-02
 2.01624875120932E+03	 1.24115716588680E-01
 2.01625148910935E+03	 2.26159001393301E-01
 2.01625422700938E+03	 3.06370512456995E-01
 2.01625696490941E+03	 3.40806753431616E-01
 2.01625970280944E+03	 3.11701977820583E-01
 2.01626244070947E+03	 2.18562106671436E-01
 2.01626517860950E+03	 8.18670546484582E-02
 2.01626791650953E+03	-6.40309612580199E-02
 2.01627065440956E+03	-1.84494329874347E-01
 2.01627339230960E+03	-2.55686939492001E-01
 2.01627613020963E+03	-2.67770888449776E-01
 2.01627886810966E+03	-2.23206426548093E-01
 2.01628160600969E+03	-1.36002614209335E-01
 2.01628434390972E+03	-3.17798207393166E-02
 2.01628708180975E+03	 5.71374503011446E-02
 2.01628981970978E+03	 1.03806958725506E-01
 2.01629255760981E+03	 9.91071966002108E-02
 2.01629529550984E+03	 5.43593180415057E-02
 2.01629803340987E+03	-8.73970850370019E-03
 2.01630077130990E+03	-7.23589452552880E-02
 2.01630350920993E+03	-1.28647046561125E-01
 2.01630624710996E+03	-1.74263110024180E-01
 2.01630898501000E+03	-2.02440645592391E-01
 2.01631172291003E+03	-2.03188472875567E-01
 2.01631446081006E+03	-1.70708288057995E-01
 2.01631719871009E+03	-1.07886481876505E-01
 2.01631993661012E+03	-2.28922891903709E-02
 2.01632267451015E+03	 7.58391617757896E-02
 2.01632541241018E+03	 1.78700363999243E-01
 2.01632815031021E+03	 2.69898151342809E-01
 2.01633088821024E+03	 3.26597688633015E-01
 2.01633362611027E+03	 3.26585470414628E-01
 2.01633636401030E+03	 2.60428472846982E-01
 2.01633910191033E+03	 1.39573726858745E-01
 2.01634183981036E+03	-6.03358225407499E-03
 2.01634457771039E+03	-1.39956432858803E-01
 2.01634731561043E+03	-2.32770772704191E-01
 2.01635005351046E+03	-2.68822438141656E-01
 2.01635279141049E+03	-2.45807380770342E-01
 2.01635552931052E+03	-1.73160897419078E-01
 2.01635826721055E+03	-7.22521942849258E-02
 2.01636100511058E+03	 2.59460678310868E-02
 2.01636374301061E+03	 9.04937275186024E-02
 2.01636648091064E+03	 1.04122383297573E-01
 2.01636921881067E+03	 7.07634554799751E-02
 2.01637195671070E+03	 1.00782850031825E-02
 2.01637469461073E+03	-5.67285446505011E-02
 2.01637743251076E+03	-1.17443461341187E-01
 2.01638017041079E+03	-1.67578977548714E-01
 2.01638290831083E+03	-2.02160884744895E-01
 2.01638564621086E+03	-2.12353097635488E-01
 2.01638838411089E+03	-1.90926206073706E-01
 2.01639112201092E+03	-1.38478452299472E-01
 2.01639385991095E+03	-6.22195486219366E-02
 2.01639659781098E+03	 2.98013988591615E-02
 2.01639933571101E+03	 1.30177790633665E-01
 2.01640207361104E+03	 2.27294606981938E-01
 2.01640481151107E+03	 3.01315203277143E-01
 2.01640754941110E+03	 3.28181860717614E-01
 2.01641028731113E+03	 2.91053567455412E-01
 2.01641302521116E+03	 1.91651433315745E-01
 2.01641576311119E+03	 5.30338070413701E-02
 2.01641850101123E+03	-8.90959272329015E-02
 2.01642123891126E+03	-2.00815200699912E-01
 2.01642397681129E+03	-2.60382724483573E-01
 2.01642671471132E+03	-2.60301260808128E-01
 2.01642945261135E+03	-2.05427945148666E-01
 2.01643219051138E+03	-1.12542975722962E-01
 2.01643492841141E+03	-9.73370670486919E-03
 2.01643766631144E+03	 7.02628039771782E-02
 2.01644040421147E+03	 1.03197068611214E-01
 2.01644314211150E+03	 8.45949048877083E-02
 2.01644588001153E+03	 2.96331676355708E-02
 2.01644861791156E+03	-3.89054222475352E-02
 2.01645135581159E+03	-1.04209062318775E-01
 2.01645409371162E+03	-1.59109835651924E-01
 2.01645683161166E+03	-1.99491693666077E-01
 2.01645956951169E+03	-2.18134699499406E-01
 2.01646230741172E+03	-2.07214308811256E-01
 2.01646504531175E+03	-1.65114271232724E-01
 2.01646778321178E+03	-9.77472386733756E-02
 2.01647052111181E+03	-1.31324005838369E-02
 2.01647325901184E+03	 8.24440705913349E-02
 2.01647599691187E+03	 1.81047677138292E-01
 2.01647873481190E+03	 2.67043553779772E-01
 2.01648147271193E+03	 3.17065987891794E-01
 2.01648421061196E+03	 3.09099524431208E-01
 2.01648694851199E+03	 2.35454245380226E-01
 2.01648968641202E+03	 1.10398560845737E-01
 2.01649242431206E+03	-3.38695131234608E-02
 2.01649516221209E+03	-1.60717201977851E-01
 2.01649790011212E+03	-2.42486903335519E-01
 2.01650063801215E+03	-2.65986619980776E-01
 2.01650337591218E+03	-2.31349895370937E-01
 2.01650611381221E+03	-1.50697003849775E-01
 2.01650885171224E+03	-4.81943016931282E-02
 2.01651158961227E+03	 4.37317477914079E-02
 2.01651432751230E+03	 9.56316698172176E-02
 2.01651706541233E+03	 9.44865147728389E-02
 2.01651980331236E+03	 4.88863893423670E-02
 2.01652254121239E+03	-1.91044800917721E-02
 2.01652527911242E+03	-8.86579893875135E-02
 2.01652801701246E+03	-1.48699119981529E-01
 2.01653075491249E+03	-1.94641835216922E-01
 2.01653349281252E+03	-2.20863250054286E-01
 2.01653623071255E+03	-2.19776924123669E-01
 2.01653896861258E+03	-1.87893465789089E-01
 2.01654170651261E+03	-1.29465606558127E-01
 2.01654444441264E+03	-5.24882823386266E-02
 2.01654718231267E+03	 3.69079635790023E-02
 2.01654992021270E+03	 1.33480166824278E-01
 2.01655265811273E+03	 2.26217463856917E-01
 2.01655539601276E+03	 2.94591986675294E-01
 2.01655813391279E+03	 3.14050802581783E-01
 2.01656087181282E+03	 2.68785289689217E-01
 2.01656360971285E+03	 1.63220090752934E-01
 2.01656634761289E+03	 2.33753535236705E-02
 2.01656908551292E+03	-1.13793663412204E-01
 2.01657182341295E+03	-2.15503606187729E-01
 2.01657456131298E+03	-2.62476804634393E-01
 2.01657729921301E+03	-2.49789261428912E-01
 2.01658003711304E+03	-1.84917430568986E-01
 2.01658277501307E+03	-8.75437765015744E-02
 2.01658551291310E+03	 1.20014434005791E-02
 2.01658825081313E+03	 8.12011681531186E-02
 2.01659098871316E+03	 9.92185799636186E-02
 2.01659372661319E+03	 6.65840194250905E-02
 2.01659646451322E+03	 2.15022284355182E-03
 2.01659920241325E+03	-7.06181243054397E-02
 2.01660194031329E+03	-1.36079374126384E-01
 2.01660467821332E+03	-1.87677351662306E-01
 2.01660741611335E+03	-2.20835863593348E-01
 2.01661015401338E+03	-2.28853295435306E-01
 2.01661289191341E+03	-2.06949093010250E-01
 2.01661562981344E+03	-1.57473147598562E-01
 2.01661836771347E+03	-8.81069157332655E-02
 2.01662110561350E+03	-5.49377612698359E-03
 2.01662384351353E+03	 8.65757842984018E-02
 2.01662658141356E+03	 1.81384066529096E-01
 2.01662931931359E+03	 2.62743004439080E-01
 2.01663205721362E+03	 3.06253857362668E-01
 2.01663479511365E+03	 2.90093273772464E-01
 2.01663753301369E+03	 2.08801124214627E-01
 2.01664027091372E+03	 8.00026352576935E-02
 2.01664300881375E+03	-6.17884502042036E-02
 2.01664574671378E+03	-1.80161226677078E-01
 2.01664848461381E+03	-2.49693748750663E-01
 2.01665122251384E+03	-2.59933246957081E-01
 2.01665396041387E+03	-2.13655480826383E-01
 2.01665669831390E+03	-1.25855013161649E-01
 2.01665943621393E+03	-2.34424957244432E-02
 2.01666217411396E+03	 6.01935750376056E-02
 2.01666491201399E+03	 9.78603060127058E-02
 2.01666764991402E+03	 8.13728634243338E-02
 2.01667038781405E+03	 2.40217860268501E-02
 2.01667312571409E+03	-5.01218855973835E-02
 2.01667586361412E+03	-1.20939838031541E-01
 2.01667860151415E+03	-1.78510148985911E-01
 2.01668133941418E+03	-2.18272455986656E-01
 2.01668407731421E+03	-2.34698368109197E-01
 2.01668681521424E+03	-2.22434979265680E-01
 2.01668955311427E+03	-1.81915803211093E-01
 2.01669229101430E+03	-1.20049266760838E-01
 2.01669502891433E+03	-4.42666470536195E-02
 2.01669776681436E+03	 4.18628290176172E-02
 2.01670050471439E+03	 1.34972139627552E-01
 2.01670324261442E+03	 2.23922939465260E-01
 2.01670598051445E+03	 2.86870621262299E-01
 2.01670871841448E+03	 2.98615695327615E-01
 2.01671145631452E+03	 2.44810910446662E-01
 2.01671419421455E+03	 1.33241028369995E-01
 2.01671693211458E+03	-6.84371163329836E-03
 2.01671967001461E+03	-1.37576121263765E-01
 2.01672240791464E+03	-2.27872120099524E-01
 2.01672514581467E+03	-2.61285042410401E-01
 2.01672788371470E+03	-2.35662932959373E-01
 2.01673062161473E+03	-1.61299552174099E-01
 2.01673335951476E+03	-6.08603763979657E-02
 2.01673609741479E+03	 3.33927539693450E-02
 2.01673883531482E+03	 8.98826342197092E-02
 2.01674157321485E+03	 9.19393288504922E-02
 2.01674431111488E+03	 4.54026817697669E-02
 2.01674704901492E+03	-2.74770742991225E-02
 2.01674978691495E+03	-1.03014173653120E-01
 2.01675252481498E+03	-1.66914402881662E-01
 2.01675526271501E+03	-2.13275467224593E-01
 2.01675800061504E+03	-2.37554099887471E-01
 2.01676073851507E+03	-2.34519373801482E-01
 2.01676347641510E+03	-2.02947125559411E-01
 2.01676621431513E+03	-1.48501912417001E-01
 2.01676895221516E+03	-7.92836307557374E-02
 2.01677169011519E+03	 3.63788303729320E-04
 2.01677442801522E+03	 8.90953195157088E-02
 2.01677716591525E+03	 1.80715949812802E-01
 2.01677990381528E+03	 2.57750054642780E-01
 2.01678264171532E+03	 2.94448094485686E-01
 2.01678537961535E+03	 2.69493368880533E-01
 2.01678811751538E+03	 1.80378540699242E-01
 2.01679085541541E+03	 4.85756928913975E-02
 2.01679359331544E+03	-8.92694630731955E-02
 2.01679633121547E+03	-1.97576017019739E-01
 2.01679906911550E+03	-2.53650911818757E-01
 2.01680180701553E+03	-2.50011375192709E-01
 2.01680454491556E+03	-1.92252554105636E-01
 2.01680728281559E+03	-9.84024662214596E-02
 2.01681002071562E+03	 2.01003606267089E-03
 2.01681275861565E+03	 7.52278660182726E-02
 2.01681549651568E+03	 9.71528478422249E-02
 2.01681823441571E+03	 6.49999325893462E-02
 2.01682097231575E+03	-3.30442658181178E-03
 2.01682371021578E+03	-8.21761504461928E-02
 2.01682644811581E+03	-1.52573125234180E-01
 2.01682918601584E+03	-2.05803131467640E-01
 2.01683192391587E+03	-2.37612320742932E-01
 2.01683466181590E+03	-2.43377324725264E-01
 2.01683739971593E+03	-2.20708444948237E-01
 2.01684013761596E+03	-1.73696223188362E-01
 2.01684287551599E+03	-1.10683015737525E-01
 2.01684561341602E+03	-3.73906775522161E-02
 2.01684835131605E+03	 4.54101111562558E-02
 2.01685108921608E+03	 1.35643082146560E-01
 2.01685382711611E+03	 2.21232854481069E-01
 2.01685656501615E+03	 2.78527792047565E-01
 2.01685930291618E+03	 2.81832593548572E-01
 2.01686204081621E+03	 2.18979690224797E-01
 2.01686477871624E+03	 1.01808816133465E-01
 2.01686751661627E+03	-3.71575577180002E-02
 2.01687025451630E+03	-1.59723665575576E-01
 2.01687299241633E+03	-2.37133792863914E-01
 2.01687573031636E+03	-2.56087821453976E-01
 2.01687846821639E+03	-2.17361932166787E-01
 2.01688120611642E+03	-1.34247636970256E-01
 2.01688394401645E+03	-3.24240195947274E-02
 2.01688668191648E+03	 5.43278731618665E-02
 2.01688941981651E+03	 9.61947608325533E-02
 2.01689215771655E+03	 8.14536443347456E-02
 2.01689489561658E+03	 2.14671110362762E-02
 2.01689763351661E+03	-5.85283610638166E-02
 2.01690037141664E+03	-1.35151911962284E-01
 2.01690310931667E+03	-1.95665330261927E-01
 2.01690584721670E+03	-2.34974353781488E-01
 2.01690858511673E+03	-2.49175573968929E-01
 2.01691132301676E+03	-2.35323343396404E-01
 2.01691406091679E+03	-1.95850307995280E-01
 2.01691679881682E+03	-1.38758018422618E-01
 2.01691953671685E+03	-7.12936162591681E-02
 2.01692227461688E+03	 5.04095989336426E-03
 2.01692501251691E+03	 9.09447819506655E-02
 2.01692775041694E+03	 1.79913132493520E-01
 2.01693048831698E+03	 2.52531683883033E-01
 2.01693322621701E+03	 2.81651898875367E-01
 2.01693596411704E+03	 2.47100242873492E-01
 2.01693870201707E+03	 1.50171516332499E-01
 2.01694143991710E+03	 1.64979150368548E-02
 2.01694417781713E+03	-1.15609585021361E-01
 2.01694691571716E+03	-2.12139337544919E-01
 2.01694965361719E+03	-2.53579169987801E-01
 2.01695239151722E+03	-2.35581873691806E-01
 2.01695512941725E+03	-1.66720765069666E-01
 2.01695786731728E+03	-6.81915402526586E-02
 2.01696060521731E+03	 2.80701348344031E-02
 2.01696334311734E+03	 8.86556043166146E-02
 2.01696608101738E+03	 9.34739723562101E-02
 2.01696881891741E+03	 4.56502583411422E-02
 2.01697155681744E+03	-3.24687037035723E-02
 2.01697429471747E+03	-1.14391444250248E-01
 2.01697703261750E+03	-1.82548371735055E-01
 2.01697977051753E+03	-2.29615916561479E-01
 2.01698250841756E+03	-2.52047195206297E-01
 2.01698524631759E+03	-2.46898027861525E-01
 2.01698798421762E+03	-2.15136292190450E-01
 2.01699072211765E+03	-1.63855641878627E-01
 2.01699346001768E+03	-1.01556279667449E-01
 2.01699619791771E+03	-3.14252032443490E-02
 2.01699893581774E+03	 4.84134469144147E-02
 2.01700167371778E+03	 1.36386191354140E-01
 2.01700441161781E+03	 2.18699121627390E-01
 2.01700714951784E+03	 2.69630335397212E-01
 2.01700988741787E+03	 2.63471622696634E-01
 2.01701262531790E+03	 1.91161518203080E-01
 2.01701536321793E+03	 6.91880711296503E-02
 2.01701810111796E+03	-6.69099256823720E-02
 2.01702083901799E+03	-1.79393905120220E-01
 2.01702357691802E+03	-2.42457741194289E-01
 2.01702631481805E+03	-2.46177360989449E-01
 2.01702905271808E+03	-1.94378403528155E-01
 2.01703179061811E+03	-1.03524733751086E-01
 2.01703452851814E+03	-2.28182278780309E-03
 2.01703726641818E+03	 7.45883877902676E-02
 2.01704000431821E+03	 9.99785332848917E-02
 2.01704274221824E+03	 6.78904655226531E-02
 2.01704548011827E+03	-4.72165918585620E-03
 2.01704821801830E+03	-9.02058213602462E-02
 2.01705095591833E+03	-1.66070468147684E-01
 2.01705369381836E+03	-2.21367340601690E-01
 2.01705643171839E+03	-2.52057703900027E-01
 2.01705916961842E+03	-2.55519013436337E-01
 2.01706190751845E+03	-2.31669517572878E-01
 2.01706464541848E+03	-1.86297646696792E-01
 2.01706738331851E+03	-1.28585323245642E-01
 2.01707012121854E+03	-6.38821314463411E-02
 2.01707285911857E+03	 9.29236130444254E-03
 2.01707559701861E+03	 9.30126750927070E-02
 2.01707833491864E+03	 1.79600938052396E-01
 2.01708107281867E+03	 2.47231159350755E-01
 2.01708381071870E+03	 2.67628725703027E-01
 2.01708654861873E+03	 2.22673613971637E-01
 2.01708928651876E+03	 1.18303783465357E-01
 2.01709202441879E+03	-1.56561748338345E-02
 2.01709476231882E+03	-1.39967440884042E-01
 2.01709750021885E+03	-2.22976859559179E-01
 2.01710023811888E+03	-2.48710692339243E-01
 2.01710297601891E+03	-2.16058947584611E-01
 2.01710571391894E+03	-1.36731602348391E-01
 2.01710845181897E+03	-3.52009861876711E-02
 2.01711118971901E+03	 5.45119120186727E-02
 2.01711392761904E+03	 1.00211998854073E-01
 2.01711666551907E+03	 8.67877551750099E-02
 2.01711940341910E+03	 2.36739537963429E-02
 2.01712214131913E+03	-6.27712187064307E-02
 2.01712487921916E+03	-1.45864033640495E-01
 2.01712761711919E+03	-2.09918334023996E-01
 2.01713035501922E+03	-2.49168832448098E-01
 2.01713309291925E+03	-2.61241814681763E-01
 2.01713583081928E+03	-2.45511827932483E-01
 2.01713856871931E+03	-2.06330175641924E-01
 2.01714130661934E+03	-1.52862620551136E-01
 2.01714404451937E+03	-9.26002143451435E-02
 2.01714678241941E+03	-2.57524295482472E-02
 2.01714952031944E+03	 5.17262562236769E-02
 2.01715225821947E+03	 1.37882736451493E-01
 2.01715499611950E+03	 2.16548507256826E-01
 2.01715773401953E+03	 2.59960816371264E-01
 2.01716047191956E+03	 2.43198062137559E-01
 2.01716320981959E+03	 1.61322484119284E-01
 2.01716594771962E+03	 3.58344248811612E-02
 2.01716868561965E+03	-9.52889718283171E-02
 2.01717142351968E+03	-1.95679897519041E-01
 2.01717416141971E+03	-2.43022568481689E-01
 2.01717689931974E+03	-2.30900266481229E-01
 2.01717963721977E+03	-1.66296598518905E-01
 2.01718237511980E+03	-6.90260570391227E-02
 2.01718511301984E+03	 2.93654021652845E-02
 2.01718785091987E+03	 9.38321488357196E-02
 2.01719058881990E+03	 1.01033983371241E-01
 2.01719332671993E+03	 5.14227574682737E-02
 2.01719606461996E+03	-3.25893200147486E-02
 2.01719880251999E+03	-1.21675269786105E-01
 2.01720154042002E+03	-1.94853319700822E-01
 2.01720427832005E+03	-2.43209448686416E-01
 2.01720701622008E+03	-2.64068501640035E-01
 2.01720975412011E+03	-2.56679090991475E-01
 2.01721249202014E+03	-2.24101800830717E-01
 2.01721522992017E+03	-1.74844170998791E-01
 2.01721796782020E+03	-1.18095290629034E-01
 2.01722070572024E+03	-5.65909426535154E-02
 2.01722344362027E+03	 1.39051756727771E-02
 2.01722618152030E+03	 9.60136000640816E-02
 2.01722891942033E+03	 1.80089672575737E-01
 2.01723165732036E+03	 2.41674692274418E-01
 2.01723439522039E+03	 2.51974458726529E-01
 2.01723713312042E+03	 1.96016900576940E-01
 2.01723987102045E+03	 8.50769405585055E-02
 2.01724260892048E+03	-4.71399299244761E-02
 2.01724534682051E+03	-1.61419616601020E-01
 2.01724808472054E+03	-2.29218793798245E-01
 2.01725082262057E+03	-2.38333272902261E-01
 2.01725356052060E+03	-1.90948587159675E-01
 2.01725629842064E+03	-1.02089995357239E-01
 2.01725903632067E+03	 4.22498484215904E-04
 2.01726177422070E+03	 8.09516108542435E-02
 2.01726451212073E+03	 1.09547552557900E-01
 2.01726725002076E+03	 7.70712162494893E-02
 2.01726998792079E+03	-5.12643774756086E-04
 2.01727272582082E+03	-9.34669901117296E-02
 2.01727546372085E+03	-1.75718282710707E-01
 2.01727820162088E+03	-2.33864294661673E-01
 2.01728093952091E+03	-2.63916986374613E-01
 2.01728367742094E+03	-2.65143839461313E-01
 2.01728641532097E+03	-2.39663908879767E-01
 2.01728915322100E+03	-1.94888706963397E-01
 2.01729189112103E+03	-1.40991897786729E-01
 2.01729462902107E+03	-8.35314616960316E-02
 2.01729736692110E+03	-1.96814696085564E-02
 2.01730010482113E+03	 5.60699751833336E-02
 2.01730284272116E+03	 1.40519163450533E-01
 2.01730558062119E+03	 2.14670939531880E-01
 2.01730831852122E+03	 2.49077121519716E-01
 2.01731105642125E+03	 2.20661012067489E-01
 2.01731379432128E+03	 1.29581772349387E-01
 2.01731653222131E+03	 2.38852207165480E-03
 2.01731927012134E+03	-1.21378521526379E-01
 2.01732200802137E+03	-2.07669413472942E-01
 2.01732474592140E+03	-2.38063103957455E-01
 2.01732748382143E+03	-2.09695053684412E-01
 2.01733022172147E+03	-1.32832524514203E-01
 2.01733295962150E+03	-3.08221153862850E-02
 2.01733569752153E+03	 6.21310257976001E-02
 2.01733843542156E+03	 1.11587790610833E-01
 2.01734117332159E+03	 9.91353734256455E-02
 2.01734391122162E+03	 3.22760610772067E-02
 2.01734664912165E+03	-6.15082344569652E-02
 2.01734938702168E+03	-1.52113968923154E-01
 2.01735212492171E+03	-2.20689853498945E-01
 2.01735486282174E+03	-2.60589539236095E-01
 2.01735760072177E+03	-2.70827129696065E-01
 2.01736033862180E+03	-2.52983544424556E-01
 2.01736307652183E+03	-2.13219522033842E-01
 2.01736581442187E+03	-1.61900488657407E-01
 2.01736855232190E+03	-1.07185388095517E-01
 2.01737129022193E+03	-4.88523438669653E-02
 2.01737402812196E+03	 1.95789226370788E-02
 2.01737676602199E+03	 1.00395780720399E-01
 2.01737950392202E+03	 1.81346057388231E-01
 2.01738224182205E+03	 2.35415960115936E-01
 2.01738497972208E+03	 2.34205320954961E-01
 2.01738771762211E+03	 1.67049704725477E-01
 2.01739045552214E+03	 5.09834302727146E-02
 2.01739319342217E+03	-7.70767409913968E-02
 2.01739593132220E+03	-1.79021105518464E-01
 2.01739866922223E+03	-2.30049905384928E-01
 2.01740140712227E+03	-2.21827637820412E-01
 2.01740414502230E+03	-1.59885542072170E-01
 2.01740688292233E+03	-6.27772976340065E-02
 2.01740962082236E+03	 3.83263647618068E-02
 2.01741235872239E+03	 1.06834151693007E-01
 2.01741509662242E+03	 1.16241897325378E-01
 2.01741783452245E+03	 6.43315169379648E-02
 2.01742057242248E+03	-2.64345573173013E-02
 2.01742331032251E+03	-1.23804369200103E-01
 2.01742604822254E+03	-2.03162780826441E-01
 2.01742878612257E+03	-2.53751117372664E-01
 2.01743152402260E+03	-2.73578618513799E-01
 2.01743426192263E+03	-2.63957785899496E-01
 2.01743699982266E+03	-2.29916151770460E-01
 2.01743973772270E+03	-1.81323114840343E-01
 2.01744247562273E+03	-1.28317191614352E-01
 2.01744521352276E+03	-7.39270747070522E-02
 2.01744795142279E+03	-1.25638629757187E-02
 2.01745068932282E+03	 6.19345315971515E-02
 2.01745342722285E+03	 1.44343610186921E-01
 2.01745616512288E+03	 2.12647773198384E-01
 2.01745890302291E+03	 2.36394824296120E-01
 2.01746164092294E+03	 1.95577783559349E-01
 2.01746437882297E+03	 9.62450058090333E-02
 2.01746711672300E+03	-3.03527856193409E-02
 2.01746985462303E+03	-1.44217206287142E-01
 2.01747259252306E+03	-2.14498630075619E-01
 2.01747533042310E+03	-2.26908608286484E-01
 2.01747806832313E+03	-1.82126259104596E-01
 2.01748080622316E+03	-9.38749830473116E-02
 2.01748354412319E+03	 1.07994283115331E-02
 2.01748628202322E+03	 9.54205939691201E-02
 2.01748901992325E+03	 1.27264125076223E-01
 2.01749175782328E+03	 9.40547204619157E-02
 2.01749449572331E+03	 1.07339422081917E-02
 2.01749723362334E+03	-9.08249116287310E-02
 2.01749997152337E+03	-1.80760576057391E-01
 2.01750270942340E+03	-2.42928747623698E-01
 2.01750544732343E+03	-2.73149271969035E-01
 2.01750818522346E+03	-2.72420544386904E-01
 2.01751092312350E+03	-2.44927168327547E-01
 2.01751366102353E+03	-1.99595122061412E-01
 2.01751639892356E+03	-1.47701421001878E-01
 2.01751913682359E+03	-9.55917477915243E-02
 2.01752187472362E+03	-4.00964982649540E-02
 2.01752461262365E+03	 2.68212430456033E-02
 2.01752735052368E+03	 1.06284721876768E-01
 2.01753008842371E+03	 1.83005229465242E-01
 2.01753282632374E+03	 2.27808930816941E-01
 2.01753556422377E+03	 2.13849391130866E-01
 2.01753830212380E+03	 1.35861159100598E-01
 2.01754104002383E+03	 1.66950550310530E-02
 2.01754377792386E+03	-1.04514344660895E-01
 2.01754651582389E+03	-1.91862361429389E-01
 2.01754925372393E+03	-2.24749965580038E-01
 2.01755199162396E+03	-1.98699134496078E-01
 2.01755472952399E+03	-1.22670950806772E-01
 2.01755746742402E+03	-1.89948383495326E-02
 2.01756020532405E+03	 7.79220650286569E-02
 2.01756294322408E+03	 1.31435352481382E-01
 2.01756568112411E+03	 1.19830393163738E-01
 2.01756841902414E+03	 4.86241562241483E-02
 2.01757115692417E+03	-5.35726700799610E-02
 2.01757389482420E+03	-1.53067573772849E-01
 2.01757663272423E+03	-2.27541069954398E-01
 2.01757937062426E+03	-2.69165732779373E-01
 2.01758210852429E+03	-2.78136865436686E-01
 2.01758484642433E+03	-2.58092495541259E-01
 2.01758758432436E+03	-2.16862902716132E-01
 2.01759032222439E+03	-1.66004833713284E-01
 2.01759306012442E+03	-1.14739294401378E-01
 2.01759579802445E+03	-6.33198735860381E-02
 2.01759853592448E+03	-3.90007536629733E-03
 2.01760127382451E+03	 6.95110299062684E-02
 2.01760401172454E+03	 1.49062493237657E-01
 2.01760674962457E+03	 2.09812263885313E-01
 2.01760948752460E+03	 2.21280582614894E-01
 2.01761222542463E+03	 1.67805029339655E-01
 2.01761496332466E+03	 6.18131082435550E-02
 2.01761770122469E+03	-6.14816197997206E-02
 2.01762043912473E+03	-1.62857526493369E-01
 2.01762317702476E+03	-2.15396113105179E-01
 2.01762591492479E+03	-2.09013127806151E-01
 2.01762865282482E+03	-1.47917756495089E-01
 2.01763139072485E+03	-4.95283894013257E-02
 2.01763412862488E+03	 5.52968713083571E-02
 2.01763686652491E+03	 1.28424928067224E-01
 2.01763960442494E+03	 1.40175985083683E-01
 2.01764234232497E+03	 8.55911930826056E-02
 2.01764508022500E+03	-1.28617642776492E-02
 2.01764781812503E+03	-1.19893199291551E-01
 2.01765055602506E+03	-2.06962430581147E-01
 2.01765329392509E+03	-2.61118011711937E-01
 2.01765603182512E+03	-2.80785376335306E-01
 2.01765876972516E+03	-2.69163783268108E-01
 2.01766150762519E+03	-2.33091108114070E-01
 2.01766424552522E+03	-1.83705261879677E-01
 2.01766698342525E+03	-1.32308535765762E-01
 2.01766972132528E+03	-8.29685695704213E-02
 2.01767245922531E+03	-2.98574892905779E-02
 2.01767519712534E+03	 3.58712377994235E-02
 2.01767793502537E+03	 1.13465657679854E-01
 2.01768067292540E+03	 1.84417379396520E-01
 2.01768341082543E+03	 2.18098133625291E-01
 2.01768614872546E+03	 1.90531652780368E-01
 2.01768888662549E+03	 1.02740637114845E-01
 2.01769162452552E+03	-1.69684763124659E-02
 2.01769436242556E+03	-1.28483339074871E-01
 2.01769710032559E+03	-1.99117646032810E-01
 2.01769983822562E+03	-2.12724399339564E-01
 2.01770257612565E+03	-1.68606575493545E-01
 2.01770531402568E+03	-7.93121482753346E-02
 2.01770805192571E+03	 2.87946902429087E-02
 2.01771078982574E+03	 1.18368201120546E-01
 2.01771352772577E+03	 1.53883110065820E-01
 2.01771626562580E+03	 1.19841856683810E-01
 2.01771900352583E+03	 3.00689811542855E-02
 2.01772174142586E+03	-8.13850357564973E-02
 2.01772447932589E+03	-1.80619406166347E-01
 2.01772721722592E+03	-2.48372045587070E-01
 2.01772995512596E+03	-2.79935148198432E-01
 2.01773269302599E+03	-2.77814371493937E-01
 2.01773543092602E+03	-2.48088181862436E-01
 2.01773816882605E+03	-2.01051106895151E-01
 2.01774090672608E+03	-1.49143102943422E-01
 2.01774364462611E+03	-1.00045754941472E-01
 2.01774638252614E+03	-5.13007838578028E-02
 2.01774912042617E+03	 6.57598559406588E-03
 2.01775185832620E+03	 7.86613521357049E-02
 2.01775459622623E+03	 1.54073003661974E-01
 2.01775733412626E+03	 2.05332568193667E-01
 2.01776007202629E+03	 2.03146101012790E-01
 2.01776280992632E+03	 1.37390896857021E-01
 2.01776554782636E+03	 2.69688262077910E-02
 2.01776828572639E+03	-9.00333238954576E-02
 2.01777102362642E+03	-1.76418536586161E-01
 2.01777376152645E+03	-2.09715681737465E-01
 2.01777649942648E+03	-1.83980562698810E-01
 2.01777923732651E+03	-1.06987743859925E-01
 2.01778197522654E+03	-1.55859683840258E-04
 2.01778471312657E+03	 1.01848110795595E-01
 2.01778745102660E+03	 1.60133229894699E-01
 2.01779018892663E+03	 1.49586299053682E-01
 2.01779292682666E+03	 7.36026616478880E-02
 2.01779566472669E+03	-3.81176007787846E-02
 2.01779840262672E+03	-1.48110554461507E-01
 2.01780114052675E+03	-2.30215559142118E-01
 2.01780387842679E+03	-2.75027576996596E-01
 2.01780661632682E+03	-2.83635477305069E-01
 2.01780935422685E+03	-2.61537417994752E-01
 2.01781209212688E+03	-2.18057796974235E-01
 2.01781483002691E+03	-1.65885823319081E-01
 2.01781756792694E+03	-1.15647021279050E-01
 2.01782030582697E+03	-6.89828897080201E-02
 2.01782304372700E+03	-1.78640655274275E-02
 2.01782578162703E+03	 4.66572448672784E-02
 2.01782851952706E+03	 1.21402414174975E-01
 2.01783125742709E+03	 1.84720616014050E-01
 2.01783399532712E+03	 2.05516101488743E-01
 2.01783673322715E+03	 1.64045202399068E-01
 2.01783947112719E+03	 6.81854442513180E-02
 2.01784220902722E+03	-4.90849493836286E-02
 2.01784494692725E+03	-1.48052979482037E-01
 2.01784768482728E+03	-2.00081953720822E-01
 2.01785042272731E+03	-1.93527112391786E-01
 2.01785316062734E+03	-1.31391364839526E-01
 2.01785589852737E+03	-3.00644701528963E-02
 2.01785863642740E+03	 7.98330532970071E-02
 2.01786137432743E+03	 1.58573145670598E-01
 2.01786411222746E+03	 1.73199170878072E-01
 2.01786685012749E+03	 1.15843860522441E-01
 2.01786958802752E+03	 8.86064459543937E-03
 2.01787232592755E+03	-1.09333935989081E-01
 2.01787506382759E+03	-2.05939992102392E-01
 2.01787780172762E+03	-2.65375809310532E-01
 2.01788053962765E+03	-2.86121288020012E-01
 2.01788327752768E+03	-2.73022194112065E-01
 2.01788601542771E+03	-2.34531521965015E-01
 2.01788875332774E+03	-1.82916570780783E-01
 2.01789149122777E+03	-1.30797113615661E-01
 2.01789422912780E+03	-8.39937819589161E-02
 2.01789696702783E+03	-3.76137114563626E-02
 2.01789970492786E+03	 1.88436044190527E-02
 2.01790244282789E+03	 8.89242244940261E-02
 2.01790518072792E+03	 1.58524370447414E-01
 2.01790791862795E+03	 1.98307579430080E-01
 2.01791065652798E+03	 1.81534295410651E-01
 2.01791339442802E+03	 1.04605413397571E-01
 2.01791613232805E+03	-7.45493013687954E-03
 2.01791887022808E+03	-1.15042763445582E-01
 2.01792160812811E+03	-1.84128131957652E-01
 2.01792434602814E+03	-1.96959204478678E-01
 2.01792708392817E+03	-1.51587877860053E-01
 2.01792982182820E+03	-5.94865203115664E-02
 2.01793255972823E+03	 5.35814952799657E-02
 2.01793529762826E+03	 1.49341755209841E-01
 2.01793803552829E+03	 1.89369849132175E-01
 2.01794077342832E+03	 1.54761750863364E-01
 2.01794351132835E+03	 5.80347047480495E-02
 2.01794624922838E+03	-6.46028674445991E-02
 2.01794898712842E+03	-1.74953988584844E-01
 2.01795172502845E+03	-2.50193096747655E-01
 2.01795446292848E+03	-2.84651222258314E-01
 2.01795720082851E+03	-2.82038173178162E-01
 2.01795993872854E+03	-2.50107138308837E-01
 2.01796267662857E+03	-2.00333425761785E-01
 2.01796541452860E+03	-1.46318967261133E-01
 2.01796815242863E+03	-9.75723512968854E-02
 2.01797089032866E+03	-5.34107343030960E-02
 2.01797362822869E+03	-4.10365696742271E-03
 2.01797636612872E+03	 5.87908059368119E-02
 2.01797910402875E+03	 1.29286809962403E-01
 2.01798184192878E+03	 1.82931125873008E-01
 2.01798457982882E+03	 1.89379272435771E-01
 2.01798731772885E+03	 1.34403804559676E-01
 2.01799005562888E+03	 3.28873812099463E-02
 2.01799279352891E+03	-7.86825397959301E-02
 2.01799553142894E+03	-1.62379110039876E-01
 2.01799826932897E+03	-1.94196335595488E-01
 2.01800100722900E+03	-1.66878825480023E-01
 2.01800374512903E+03	-8.71091555242537E-02
 2.01800648302906E+03	 2.45276849203265E-02
 2.01800922092909E+03	 1.33046590744048E-01
 2.01801195882912E+03	 1.97222725886179E-01
 2.01801469672915E+03	 1.88360440204383E-01
 2.01801743462918E+03	 1.07490170773360E-01
 2.01802017252921E+03	-1.47294335958803E-02
 2.01802291042925E+03	-1.36916484055623E-01
 2.01802564832928E+03	-2.28657240367891E-01
 2.01802838622931E+03	-2.78481386133606E-01
 2.01803112412934E+03	-2.87991148097908E-01
 2.01803386202937E+03	-2.64286858624592E-01
 2.01803659992940E+03	-2.17969747874021E-01
 2.01803933782943E+03	-1.62747299221079E-01
 2.01804207572946E+03	-1.10922499929144E-01
 2.01804481362949E+03	-6.64039520959395E-02
 2.01804755152952E+03	-2.22295695371914E-02
 2.01805028942955E+03	 3.25773575793524E-02
 2.01805302732958E+03	 9.95532470904725E-02
 2.01805576522961E+03	 1.61399711570879E-01
 2.01805850312965E+03	 1.87867023444341E-01
 2.01806124102968E+03	 1.56191408081814E-01
 2.01806397892971E+03	 6.99485844530301E-02
 2.01806671682974E+03	-4.05197293869796E-02
 2.01806945472977E+03	-1.35596800111914E-01
 2.01807219262979E+03	-1.85353341318809E-01
 2.01807493052983E+03	-1.76792130627399E-01
 2.01807766842986E+03	-1.11809560076736E-01
 2.01808040632989E+03	-5.83581763274551E-03
 2.01808314422992E+03	 1.10695677910126E-01
 2.01808588212995E+03	 1.96392857724011E-01
 2.01808862002998E+03	 2.14855758249444E-01
 2.01809135793001E+03	 1.55036632135936E-01
 2.01809409583005E+03	 3.89420699174227E-02
 2.01809683373008E+03	-9.18712580557716E-02
 2.01809957163011E+03	-2.00011616278557E-01
 2.01810230953014E+03	-2.66758190406671E-01
 2.01810504743017E+03	-2.90185486531329E-01
 2.01810778533020E+03	-2.76469139002031E-01
 2.01811052323023E+03	-2.35434689265400E-01
 2.01811326113026E+03	-1.80290557666567E-01
 2.01811599903029E+03	-1.25056508109406E-01
 2.01811873693032E+03	-7.79570642783191E-02
 2.01812147483035E+03	-3.62199486004637E-02
 2.01812421273038E+03	 1.11475465103277E-02
 2.01812695063041E+03	 7.15939865875191E-02
 2.01812968853045E+03	 1.36111080870534E-01
 2.01813242643048E+03	 1.78042443841542E-01
 2.01813516433051E+03	 1.69175311376122E-01
 2.01813790223054E+03	 1.01873023931216E-01
 2.01814064013057E+03	-2.29846585360173E-03
 2.01814337803060E+03	-1.04794166543323E-01
 2.01814611593063E+03	-1.70741210069602E-01
 2.01814885383066E+03	-1.81063497767193E-01
 2.01815159173069E+03	-1.32684498934863E-01
 2.01815432963072E+03	-3.60643245229651E-02
 2.01815706753075E+03	 8.35961020750047E-02
 2.01815980543078E+03	 1.87048762457157E-01
 2.01816254333081E+03	 2.32836335256796E-01
 2.01816528123084E+03	 1.98375327112643E-01
 2.01816801913088E+03	 9.45635991222724E-02
 2.01817075703091E+03	-4.03613331288062E-02
 2.01817349493094E+03	-1.63695350535281E-01
 2.01817623283097E+03	-2.48564750684321E-01
 2.01817897073100E+03	-2.87813370698126E-01
 2.01818170863103E+03	-2.85962377787959E-01
 2.01818444653106E+03	-2.52162608352551E-01
 2.01818718443109E+03	-1.98836811199005E-01
 2.01818992233112E+03	-1.40682274919673E-01
 2.01819266023115E+03	-8.94462988836203E-02
 2.01819539813118E+03	-4.72496868147620E-02
 2.01819813603121E+03	-5.38920297078787E-03
 2.01820087393124E+03	 4.71639935164421E-02
 2.01820361183128E+03	 1.09580005245664E-01
 2.01820634973131E+03	 1.61610690686172E-01
 2.01820908763134E+03	 1.73268569138310E-01
 2.01821182553137E+03	 1.27120483938339E-01
 2.01821456343140E+03	 3.41373192961555E-02
 2.01821730133143E+03	-7.12337330577333E-02
 2.01822003923146E+03	-1.50878684943868E-01
 2.01822277713149E+03	-1.79619240338463E-01
 2.01822551503152E+03	-1.49055377741021E-01
 2.01822825293155E+03	-6.48449780059870E-02
 2.01823099083158E+03	 5.32344140130436E-02
 2.01823372873161E+03	 1.69861711128769E-01
 2.01823646663164E+03	 2.41388864164207E-01
 2.01823920453168E+03	 2.35291908653087E-01
 2.01824194243171E+03	 1.49877072798693E-01
 2.01824468033174E+03	 1.64983270865723E-02
 2.01824741823177E+03	-1.19487570011286E-01
 2.01825015613180E+03	-2.23005284095399E-01
 2.01825289403183E+03	-2.79957937065323E-01
 2.01825563193186E+03	-2.91984477934208E-01
 2.01825836983189E+03	-2.67458047506686E-01
 2.01826110773192E+03	-2.17992577470487E-01
 2.01826384563195E+03	-1.58142575969152E-01
 2.01826658353198E+03	-1.02078296355106E-01
 2.01826932143201E+03	-5.67835731949841E-02
 2.01827205933204E+03	-1.76265758543835E-02
 2.01827479723207E+03	 2.73305273761302E-02
 2.01827753513211E+03	 8.41539477121436E-02
 2.01828027303214E+03	 1.40755773497620E-01
 2.01828301093217E+03	 1.69126761356955E-01
 2.01828574883220E+03	 1.44636058286272E-01
 2.01828848673223E+03	 6.69786961906782E-02
 2.01829122463226E+03	-3.63984626060514E-02
 2.01829396253229E+03	-1.26508233213737E-01
 2.01829670043232E+03	-1.72567684409068E-01
 2.01829943833235E+03	-1.60456856328254E-01
 2.01830217623238E+03	-9.10525837151133E-02
 2.01830491413241E+03	 2.11551258739625E-02
 2.01830765203244E+03	 1.45928237457471E-01
 2.01831038993247E+03	 2.40172537461372E-01
 2.01831312783251E+03	 2.63850914795532E-01
 2.01831586573254E+03	 2.02367077982050E-01
 2.01831860363257E+03	 7.70074325918370E-02
 2.01832134153260E+03	-6.76448805658524E-02
 2.01832407943263E+03	-1.89325119505458E-01
 2.01832681733266E+03	-2.65623160096337E-01
 2.01832955523269E+03	-2.93655564431420E-01
 2.01833229313272E+03	-2.80527052397078E-01
 2.01833503103275E+03	-2.37139739760879E-01
 2.01833776893278E+03	-1.77405511819232E-01
 2.01834050683281E+03	-1.16749260430541E-01
 2.01834324473284E+03	-6.63586577090277E-02
 2.01834598263287E+03	-2.67270976781121E-02
 2.01834872053291E+03	 1.23902142305838E-02
 2.01835145843294E+03	 6.17491817803230E-02
 2.01835419633297E+03	 1.17894705857880E-01
 2.01835693423300E+03	 1.58098175908642E-01
 2.01835967213303E+03	 1.53985615233360E-01
 2.01836241003306E+03	 9.46128283782844E-02
 2.01836514793309E+03	-1.92645932511947E-03
 2.01836788583312E+03	-9.86060315400140E-02
 2.01837062373315E+03	-1.60201979298380E-01
 2.01837336163318E+03	-1.66618758107188E-01
 2.01837609953321E+03	-1.13776982209787E-01
 2.01837883743324E+03	-1.11480119053289E-02
 2.01838157533327E+03	 1.16658577748100E-01
 2.01838431323330E+03	 2.29434939338072E-01
 2.01838705113334E+03	 2.82567775252522E-01
 2.01838978903337E+03	 2.49457153641913E-01
 2.01839252693340E+03	 1.38936548443243E-01
 2.01839526483343E+03	-9.00863691828109E-03
 2.01839800273346E+03	-1.47055549314593E-01
 2.01840074063349E+03	-2.43799672613354E-01
 2.01840347853352E+03	-2.89995751000461E-01
 2.01840621643355E+03	-2.90491708106223E-01
 2.01840895433358E+03	-2.55495157700364E-01
 2.01841169223361E+03	-1.98097377393467E-01
 2.01841443013364E+03	-1.33958226754168E-01
 2.01841716803367E+03	-7.73775844405164E-02
 2.01841990593370E+03	-3.42263771147616E-02
 2.01842264383374E+03	 1.88438989878736E-03
 2.01842538173377E+03	 4.36423486876786E-02
 2.01842811963380E+03	 9.53970878691116E-02
 2.01843085753383E+03	 1.42086396194321E-01
 2.01843359543386E+03	 1.55431928548453E-01
 2.01843633333389E+03	 1.15791078963502E-01
 2.01843907123392E+03	 3.04928094123857E-02
 2.01844180913395E+03	-6.83739957433371E-02
 2.01844454703398E+03	-1.43012038253069E-01
 2.01844728493401E+03	-1.67450368743504E-01
 2.01845002283404E+03	-1.32326631256841E-01
 2.01845276073407E+03	-4.23170783390185E-02
 2.01845549863410E+03	 8.36474351289753E-02
 2.01845823653414E+03	 2.09969929932992E-01
 2.01846097443417E+03	 2.90537124248004E-01
 2.01846371233420E+03	 2.88727137452950E-01
 2.01846645023423E+03	 1.99653401798000E-01
 2.01846918813426E+03	 5.49400392258014E-02
 2.01847192603429E+03	-9.61652260111982E-02
 2.01847466393432E+03	-2.13569151341632E-01
 2.01847740183435E+03	-2.79941663144422E-01
 2.01848013973438E+03	-2.96391517782662E-01
 2.01848287763441E+03	-2.72160304569384E-01
 2.01848561553444E+03	-2.19563584867967E-01
 2.01848835343447E+03	-1.53777821179374E-01
 2.01849109133450E+03	-9.09383304813212E-02
 2.01849382923454E+03	-4.18048496064677E-02
 2.01849656713457E+03	-5.29224508680443E-03
 2.01849930503460E+03	 3.03450261392262E-02
 2.01850204293463E+03	 7.53064653508933E-02
 2.01850478083466E+03	 1.23337337144385E-01
 2.01850751873469E+03	 1.49932833735689E-01
 2.01851025663472E+03	 1.29779752492267E-01
 2.01851299453475E+03	 5.92551550957960E-02
 2.01851573243478E+03	-3.72031488494931E-02
 2.01851847033481E+03	-1.21698585811885E-01
 2.01852120823484E+03	-1.63033407875997E-01
 2.01852394613487E+03	-1.46216596825848E-01
 2.01852668403490E+03	-7.11857856464833E-02
 2.01852942193493E+03	 4.85443377926452E-02
 2.01853215983497E+03	 1.83025917508957E-01
 2.01853489773500E+03	 2.87502314680463E-01
 2.01853763563503E+03	 3.18125223014670E-01
 2.01854037353506E+03	 2.56309396736442E-01
 2.01854311143509E+03	 1.22094084277098E-01
 2.01854584933512E+03	-3.71947524517687E-02
 2.01854858723515E+03	-1.74241540188823E-01
 2.01855132513518E+03	-2.62393819460504E-01
 2.01855406303521E+03	-2.97181163440172E-01
 2.01855680093524E+03	-2.86153606505633E-01
 2.01855953883527E+03	-2.40940886749789E-01
 2.01856227673530E+03	-1.75876725299664E-01
 2.01856501463533E+03	-1.07718254374434E-01
 2.01856775253537E+03	-5.10587486175687E-02
 2.01857049043540E+03	-1.07074125387255E-02
 2.01857322833543E+03	 2.15772552500608E-02
 2.01857596623546E+03	 5.91008893576755E-02
 2.01857870413549E+03	 1.04175047845782E-01
 2.01858144203552E+03	 1.39052974799216E-01
 2.01858417993555E+03	 1.36467863543914E-01
 2.01858691783558E+03	 8.29974342990204E-02
 2.01858965573561E+03	-6.60180247768521E-03
 2.01859239363564E+03	-9.71790283211242E-02
 2.01859513153567E+03	-1.53625627442167E-01
 2.01859786943570E+03	-1.55150565566178E-01
 2.01860060733573E+03	-9.68060836496468E-02
 2.01860334523577E+03	 1.29389389342976E-02
 2.01860608313580E+03	 1.50179127460718E-01
 2.01860882103583E+03	 2.73859343512584E-01
 2.01861155893586E+03	 3.36148506670337E-01
 2.01861429683589E+03	 3.06066920518765E-01
 2.01861703473592E+03	 1.89810916977009E-01
 2.01861977263595E+03	 2.86502318510018E-02
 2.01862251053598E+03	-1.25510802540636E-01
 2.01862524843601E+03	-2.36301997674917E-01
 2.01862798633604E+03	-2.91737899253996E-01
 2.01863072423607E+03	-2.96424962297171E-01
 2.01863346213610E+03	-2.61225256927847E-01
 2.01863620003613E+03	-1.99580760776592E-01
 2.01863893793616E+03	-1.27920661289794E-01
 2.01864167583620E+03	-6.32999147171303E-02
 2.01864441373623E+03	-1.61590441788507E-02
 2.01864715163626E+03	 1.63419504393943E-02
 2.01864988953629E+03	 4.75254396679676E-02
 2.01865262743632E+03	 8.67197440395291E-02
 2.01865536533635E+03	 1.24793339096746E-01
 2.01865810323638E+03	 1.36409615620455E-01
 2.01866084113641E+03	 1.00752010146827E-01
 2.01866357903644E+03	 2.19114627603479E-02
 2.01866631693647E+03	-7.05739647551778E-02
 2.01866905483650E+03	-1.39672105263485E-01
 2.01867179273653E+03	-1.59005592555383E-01
 2.01867453063656E+03	-1.18450632137786E-01
 2.01867726853660E+03	-2.17276193656329E-02
 2.01868000643663E+03	 1.13190074129836E-01
 2.01868274433666E+03	 2.50597506882144E-01
 2.01868548223669E+03	 3.41969912794637E-01
 2.01868822013672E+03	 3.46341135588377E-01
 2.01869095803675E+03	 2.55076327085007E-01
 2.01869369593678E+03	 9.94691962252060E-02
 2.01869643383681E+03	-6.76078259868089E-02
 2.01869917173684E+03	-2.00788114294958E-01
 2.01870190963687E+03	-2.78892360035370E-01
 2.01870464753690E+03	-3.01858733511340E-01
 2.01870738543693E+03	-2.79324037452491E-01
 2.01871012333696E+03	-2.23955196198653E-01
 2.01871286123700E+03	-1.51281913793730E-01
 2.01871559913703E+03	-7.94076351217987E-02
 2.01871833703706E+03	-2.34280115756226E-02
 2.01872107493709E+03	 1.30879196238165E-02
 2.01872381283712E+03	 4.05197024458430E-02
 2.01872655073715E+03	 7.26258608563498E-02
 2.01872928863718E+03	 1.09355804727050E-01
 2.01873202653721E+03	 1.30786938638244E-01
 2.01873476443724E+03	 1.12075731487952E-01
 2.01873750233727E+03	 4.69423096673604E-02
 2.01874024023730E+03	-4.31650514651996E-02
 2.01874297813733E+03	-1.21816977561793E-01
 2.01874571603736E+03	-1.57825350581438E-01
 2.01874845393739E+03	-1.35599627473915E-01
 2.01875119183743E+03	-5.42197836484109E-02
 2.01875392973746E+03	 7.38620062186331E-02
 2.01875666763749E+03	 2.19187526059516E-01
 2.01875940553752E+03	 3.35496811201591E-01
 2.01876214343755E+03	 3.75026895519704E-01
 2.01876488133758E+03	 3.14727516133771E-01
 2.01876761923761E+03	 1.72714704901981E-01
 2.01877035713764E+03	-1.42511499764177E-03
 2.01877309503767E+03	-1.55297269735967E-01
 2.01877583293770E+03	-2.57493549181111E-01
 2.01877857083773E+03	-3.01276823403175E-01
 2.01878130873776E+03	-2.94087412497993E-01
 2.01878404663779E+03	-2.47890179420851E-01
 2.01878678453783E+03	-1.77128161126473E-01
 2.01878952243786E+03	-9.97461923316004E-02
 2.01879226033789E+03	-3.40489859861239E-02
 2.01879499823792E+03	 9.93708693449103E-03
 2.01879773613795E+03	 3.72497981573738E-02
 2.01880047403798E+03	 6.28765057077746E-02
 2.01880321193801E+03	 9.48711239702463E-02
 2.01880594983804E+03	 1.21288486428907E-01
 2.01880868773807E+03	 1.17129514968643E-01
 2.01881142563810E+03	 6.73674778011259E-02
 2.01881416353813E+03	-1.63195041647509E-02
 2.01881690143816E+03	-1.00905632392775E-01
 2.01881963933819E+03	-1.51823334044642E-01
 2.01882237723823E+03	-1.47921717579695E-01
 2.01882511513826E+03	-8.35335803910735E-02
 2.01882785303829E+03	 3.39176651312139E-02
 2.01883059093832E+03	 1.81434290737247E-01
 2.01883332883835E+03	 3.17356158476658E-01
 2.01883606673838E+03	 3.90682772582476E-01
 2.01883880463841E+03	 3.65711394859324E-01
 2.01884154253844E+03	 2.45322530555673E-01
 2.01884428043847E+03	 7.14119072337377E-02
 2.01884701833850E+03	-9.97591598303597E-02
 2.01884975623853E+03	-2.26512532167482E-01
 2.01885249413856E+03	-2.93456065862727E-01
 2.01885523203859E+03	-3.04321576893047E-01
 2.01885796993863E+03	-2.70174060062225E-01
 2.01886070783866E+03	-2.04464449139851E-01
 2.01886344573869E+03	-1.24150879756211E-01
 2.01886618363872E+03	-4.91278762409766E-02
 2.01886892153875E+03	 4.94331283900371E-03
 2.01887165943878E+03	 3.62396531699133E-02
 2.01887439733881E+03	 5.76635805157779E-02
 2.01887713523884E+03	 8.31261191241999E-02
 2.01887987313887E+03	 1.09914262295823E-01
 2.01888261103890E+03	 1.16689284461446E-01
 2.01888534893893E+03	 8.24731187629701E-02
 2.01888808683896E+03	 8.61692680344073E-03
 2.01889082473899E+03	-7.79670309731938E-02
 2.01889356263902E+03	-1.41392767791469E-01
 2.01889630053906E+03	-1.55257674168100E-01
 2.01889903843909E+03	-1.08897129590944E-01
 2.01890177633912E+03	-5.09410527148318E-03
 2.01890451423915E+03	 1.39314802349330E-01
 2.01890725213918E+03	 2.88811047192659E-01
 2.01890999003921E+03	 3.92649775053669E-01
 2.01891272793924E+03	 4.05347926116813E-01
 2.01891546583927E+03	 3.13916240492465E-01
 2.01891820373930E+03	 1.48547434402784E-01
 2.01892094163933E+03	-3.47357870743506E-02
 2.01892367953936E+03	-1.85180916159664E-01
 2.01892641743939E+03	-2.77173272079083E-01
 2.01892915533942E+03	-3.08792590116724E-01
 2.01893189323946E+03	-2.89545111706863E-01
 2.01893463113949E+03	-2.32076273761488E-01
 2.01893736903952E+03	-1.51974754088268E-01
 2.01894010693955E+03	-6.92255174244192E-02
 2.01894284483958E+03	-3.65284790527526E-03
 2.01894558273961E+03	 3.55821688567965E-02
 2.01894832063964E+03	 5.63710381197528E-02
 2.01895105853967E+03	 7.53279320463811E-02
 2.01895379643970E+03	 9.87274139342542E-02
 2.01895653433973E+03	 1.12077690322693E-01
 2.01895927223976E+03	 9.20613310176270E-02
 2.01896201013979E+03	 3.04493024829710E-02
 2.01896474803982E+03	-5.41681448857611E-02
 2.01896748593986E+03	-1.27115964066920E-01
 2.01897022383989E+03	-1.57612426297371E-01
 2.01897296173992E+03	-1.29754732660715E-01
 2.01897569963995E+03	-4.18565555935445E-02
 2.01897843753998E+03	 9.48219601784679E-02
 2.01898117544001E+03	 2.51622514295949E-01
 2.01898391334004E+03	 3.81091270437351E-01
 2.01898665124007E+03	 4.31566393708506E-01
 2.01898938914010E+03	 3.75066991389405E-01
 2.01899212704013E+03	 2.26983267006315E-01
 2.01899486494016E+03	 3.84712037167984E-02
 2.01899760284019E+03	-1.33151079049995E-01
 2.01900034074022E+03	-2.51286840337069E-01
 2.01900307864025E+03	-3.06234410829016E-01
 2.01900581654029E+03	-3.04719583148627E-01
 2.01900855444032E+03	-2.58624811171143E-01
 2.01901129234035E+03	-1.82180046085167E-01
 2.01901403024038E+03	-9.43160510641533E-02
 2.01901676814041E+03	-1.72066815686665E-02
 2.01901950604044E+03	 3.31999908948135E-02
 2.01902224394047E+03	 5.76640603577058E-02
 2.01902498184050E+03	 7.19393630806199E-02
 2.01902771974053E+03	 8.95845518236560E-02
 2.01903045764056E+03	 1.05017514219192E-01
 2.01903319554059E+03	 9.65031321005673E-02
