 1.88000000000000E+03, -6.04713592516701E-01, -4.61538462000000E-01,  5.83271544153018E-01,  1.00000000000000E-02,  3.25575428895683E+04,  1.00339884191203E+04
 1.88008333300000E+03, -5.83881794212839E-01, -4.61538462000000E-01,  5.84057593903904E-01,  1.90000000000000E-01,  2.36603079073821E+04,  7.47789971169604E+03
 1.88016666700000E+03, -5.74319199165834E-01, -4.92307692000000E-01,  5.84832066131035E-01,  3.70000000000000E-01,  1.39049469319760E+04,  8.12132041776049E+03
 1.88025000000000E+03, -5.79685186166078E-01, -1.07692307700000E+00,  5.85594709368024E-01,  5.50000000000000E-01,  8.70934801820927E+03,  8.55189368729802E+03
 1.88033333300000E+03, -5.97156825167062E-01, -9.76923077000000E-01,  9.15706078461424E-01,  7.30000000000000E-01,  4.26749658645823E+03,  7.93845434696576E+03
 1.88041666700000E+03, -6.10738304695627E-01, -8.46153846000000E-01,  9.16682741451547E-01,  9.10000000000000E-01,  3.35354491600404E+03,  8.59619150620799E+03
 1.88050000000000E+03, -6.15349917070914E-01, -1.20769230800000E+00,  9.17657684785178E-01,  1.09000000000000E+00,  4.39381707174046E+03,  8.38860459706811E+03
 1.88058333300000E+03, -6.12061148765094E-01, -1.21538461500000E+00,  9.18630855898189E-01,  1.27000000000000E+00,  4.46299182910440E+03,  5.42446269479927E+03
 1.88066666700000E+03, -6.13990983791369E-01, -1.46923076900000E+00,  9.19602201728798E-01,  1.45000000000000E+00,  4.46063085713279E+03,  3.16494315538642E+03
 1.88075000000000E+03, -6.23768247782787E-01, -1.65384615400000E+00,  9.20571668715549E-01,  1.63000000000000E+00,  5.10876926442386E+03,  3.04561004130843E+03
 1.88083333300000E+03, -6.39253968268851E-01, -1.68461538500000E+00,  9.23419643102895E-01,  1.81000000000000E+00,  4.85147003725180E+03,  2.64694518915905E+03
 1.88091666700000E+03, -6.47506045092714E-01, -1.54615384600000E+00,  9.24381156340108E-01,  1.99000000000000E+00,  4.17537693895292E+03,  2.03636984621973E+03
 1.88100000000000E+03, -6.42727327603692E-01, -1.40000000000000E+00,  9.25340518207541E-01,  2.17000000000000E+00,  4.39050669584300E+03,  3.14448221375771E+03
 1.88108333300000E+03, -6.25276667460875E-01, -1.19230769200000E+00,  9.26297672131009E-01,  2.35000000000000E+00,  4.99501027504275E+03,  6.21564358299314E+03
 1.88116666700000E+03, -5.04256026745275E-01, -1.33076923100000E+00,  9.27252561023583E-01,  2.53000000000000E+00,  1.00683217988503E+04,  1.51510954483972E+04
 1.88125000000000E+03, -2.87634210383810E-01, -1.31538461500000E+00,  9.28205127283869E-01,  2.71000000000000E+00,  2.46579541161664E+04,  3.47162121298051E+04
 1.88133333300000E+03,  2.31675062997282E-02, -8.46153846000000E-01,  8.22998377165124E-01,  2.89000000000000E+00,  3.98386713491607E+04,  5.56259880240343E+04
 1.88141666700000E+03,  2.28429116821271E-01, -7.15384615000000E-01,  8.23965909841670E-01,  3.07000000000000E+00,  4.48437142844485E+04,  6.53870480586273E+04
 1.88150000000000E+03,  3.31530772232680E-01, -4.69230769000000E-01,  8.24934777357537E-01,  3.25000000000000E+00,  4.45310299593530E+04,  6.63269799780370E+04
 1.88158333300000E+03,  3.30259558179106E-01,  3.07692310000000E-02,  8.25904962564053E-01,  3.43000000000000E+00,  4.08698811220254E+04,  5.94126955518882E+04
 1.88166666700000E+03,  3.06546427721797E-01,  3.76923077000000E-01,  8.26876448050057E-01,  3.61000000000000E+00,  2.76954768009800E+04,  4.02849642186854E+04
 1.88175000000000E+03,  2.45557643772399E-01,  4.53846154000000E-01,  8.27849216139528E-01,  3.79000000000000E+00,  1.25231360175402E+04,  1.95745260501401E+04
 1.88183333300000E+03,  1.53140316720350E-01,  5.00000000000000E-01,  8.41153407631129E-01,  3.97000000000000E+00,  6.49967139408922E+03,  1.06097815853940E+04
 1.88191666700000E+03,  6.96992928002679E-02,  4.38461538000000E-01,  8.42142672431437E-01,  4.15000000000000E+00,  5.43922236638305E+03,  9.06915283467288E+03
 1.88200000000000E+03,  2.53367238319231E-02,  4.84615385000000E-01,  8.43132908933452E-01,  4.33000000000000E+00,  3.35029661713069E+03,  7.32238965339651E+03
 1.88208333300000E+03,  1.85500458666274E-02,  4.07692308000000E-01,  8.44124094723130E-01,  4.51000000000000E+00,  1.81684169616657E+03,  6.43432836855705E+03
 1.88216666700000E+03,  4.24930564172323E-02,  6.00000000000000E-01,  8.45116207078379E-01,  4.69000000000000E+00,  1.63801802565280E+03,  6.94192935836628E+03
 1.88225000000000E+03,  8.20595720837137E-02,  7.92307692000000E-01,  8.46109222966512E-01,  4.87000000000000E+00,  1.43822640901837E+03,  6.17410053836702E+03
 1.88233333300000E+03,  1.34407609148236E-01,  9.84615385000000E-01,  4.96201681710122E-01,  5.05000000000000E+00,  1.00951330337017E+03,  4.37909803294439E+03
 1.88241666700000E+03,  1.71619935956260E-01,  7.69230769000000E-01,  4.96218395177496E-01,  5.23000000000000E+00,  8.54956322392731E+02,  4.02398154055478E+03
 1.88250000000000E+03,  1.92937412219475E-01,  6.15384615000000E-01,  4.96235160346717E-01,  5.41000000000000E+00,  1.12611376461410E+03,  4.99556823046173E+03
 1.88258333300000E+03,  1.98916369434636E-01,  7.23076923000000E-01,  4.96251977380207E-01,  5.59000000000000E+00,  1.31934821397674E+03,  5.13825679257633E+03
 1.88266666700000E+03,  1.94274034904653E-01,  4.92307692000000E-01,  4.96268846440909E-01,  5.77000000000000E+00,  1.28620470393798E+03,  5.05537745064416E+03
 1.88275000000000E+03,  1.78207683532599E-01,  3.15384615000000E-01,  4.96285767692298E-01,  5.95000000000000E+00,  2.25295866213732E+03,  6.82562939104874E+03
 1.88283333300000E+03,  1.52446637269328E-01,  5.15384615000000E-01,  5.00442257432644E-01,  6.13000000000000E+00,  4.40959847019640E+03,  8.39559487921467E+03
 1.88291666700000E+03,  1.36808782271454E-01,  4.38461538000000E-01,  5.00472165983068E-01,  6.31000000000000E+00,  5.61163904892256E+03,  7.79474383079203E+03
 1.88300000000000E+03,  1.37290241866674E-01,  2.38461538000000E-01,  5.00502168133075E-01,  6.49000000000000E+00,  5.35209252325693E+03,  7.07604581757556E+03
 1.88308333300000E+03,  1.53026354948665E-01,  2.00000000000000E-01,  5.00532264182912E-01,  6.67000000000000E+00,  5.27331853778823E+03,  6.38053131415201E+03
 1.88316666700000E+03,  1.61317258401973E-01,  9.23076920000000E-02,  5.00562454433831E-01,  6.85000000000000E+00,  5.30555703501276E+03,  5.12017886799876E+03
 1.88325000000000E+03,  1.54369606968005E-01,  1.61538462000000E-01,  5.00592739188090E-01,  7.03000000000000E+00,  4.66467007331481E+03,  5.12208536585307E+03
 1.88333333300000E+03,  1.35337814063148E-01,  2.84615385000000E-01,  8.53909056793452E-01,  7.21000000000000E+00,  4.03321903946428E+03,  6.21767949042914E+03
 1.88341666700000E+03,  1.29330694083022E-01,  2.15384615000000E-01,  8.51761653463980E-01,  7.39000000000000E+00,  4.07703367938243E+03,  7.39555334436941E+03
 1.88350000000000E+03,  1.41082935880704E-01,  3.76923077000000E-01,  8.49606148265178E-01,  7.57000000000000E+00,  4.14147949298626E+03,  8.25043987373155E+03
 1.88358333300000E+03,  1.64285712993047E-01,  3.84615385000000E-01,  8.47442880539384E-01,  7.75000000000000E+00,  3.10761115390895E+03,  7.26369210904495E+03
 1.88366666700000E+03,  1.73270949830055E-01,  3.00000000000000E-01,  8.45272196361094E-01,  7.93000000000000E+00,  1.51747530166468E+03,  5.04799622980966E+03
 1.88375000000000E+03,  1.64962980196366E-01,  3.30769231000000E-01,  8.43094448570630E-01,  8.11000000000000E+00,  7.68219973414796E+02,  3.51852225610394E+03
 1.88383333300000E+03,  1.45913622440044E-01,  2.53846154000000E-01,  8.46562834250667E-01,  8.29000000000000E+00,  5.67039773532602E+02,  2.54504880069060E+03
 1.88391666700000E+03,  1.42674881014388E-01,  2.23076923000000E-01,  8.44389240549164E-01,  8.47000000000000E+00,  3.06441138845150E+02,  1.98750226632764E+03
 1.88400000000000E+03,  1.62328043759211E-01,  1.69230769000000E-01,  8.42208728364796E-01,  8.65000000000000E+00,  2.32936076920235E+02,  2.10281477324026E+03
 1.88408333300000E+03,  1.98078300572898E-01,  4.30769231000000E-01,  8.40021660103515E-01,  8.82999999999999E+00,  2.58895028710771E+02,  2.65322735579003E+03
 1.88416666700000E+03,  2.10131541693658E-01,  4.38461538000000E-01,  8.37828405011865E-01,  9.00999999999999E+00,  2.50596434977350E+02,  3.31156096543089E+03
 1.88425000000000E+03,  1.85132272641563E-01,  6.00000000000000E-01,  8.35629339205343E-01,  9.18999999999999E+00,  3.12083040878702E+02,  3.42460550038441E+03
 1.88433333300000E+03,  1.26477899297056E-01,  3.23076923000000E-01,  6.99838719775432E-01,  9.36999999999999E+00,  4.63615215898839E+02,  3.00754538248338E+03
 1.88441666700000E+03,  8.12958968182884E-02,  3.38461538000000E-01,  6.98530142388580E-01,  9.54999999999999E+00,  7.30744826114463E+02,  2.68759329294528E+03
 1.88450000000000E+03,  5.96668895717677E-02,  2.53846154000000E-01,  6.97258004147929E-01,  9.72999999999999E+00,  9.36361468257219E+02,  2.17147400469810E+03
 1.88458333300000E+03,  5.89001353456201E-02,  6.15384620000000E-02,  6.96023066500461E-01,  9.90999999999999E+00,  9.09212300939483E+02,  1.66439644053936E+03
 1.88466666700000E+03,  5.13275630598818E-02,  6.92307690000000E-02,  6.94826091293561E-01,  1.00900000000000E+01,  8.57209865705731E+02,  2.30552234818912E+03
 1.88475000000000E+03,  3.22095805459397E-02,  6.15384620000000E-02,  6.93667840503384E-01,  1.02700000000000E+01,  9.56168214503651E+02,  3.39291051771526E+03
 1.88483333300000E+03,  6.92767018040093E-03,  9.23076920000000E-02,  6.91081566610961E-01,  1.04500000000000E+01,  9.87458187981144E+02,  3.63249785158005E+03
 1.88491666700000E+03, -1.00860628562932E-02,  2.00000000000000E-01,  6.90059435429614E-01,  1.06300000000000E+01,  8.28229746904009E+02,  3.64975853231148E+03
 1.88500000000000E+03, -1.38896030457363E-02,  1.53846154000000E-01,  6.89079353157632E-01,  1.08100000000000E+01,  7.39987543947899E+02,  3.46673712779658E+03
 1.88508333300000E+03, -9.27765195987173E-03,  7.69230800000000E-03,  6.88142077540575E-01,  1.09900000000000E+01,  7.17044103002415E+02,  2.28706153828620E+03
 1.88516666700000E+03, -5.34793105975333E-02,  8.46153850000000E-02,  6.87248364567799E-01,  1.11700000000000E+01,  5.25368628675491E+02,  1.08310700146348E+03
 1.88525000000000E+03, -1.48965589381795E-01, -4.61538460000000E-02,  6.86398968152002E-01,  1.13500000000000E+01,  3.16882121202184E+02,  8.37805977741153E+02
 1.88533333300000E+03, -2.89777856040033E-01, -2.46153846000000E-01,  9.50617935301617E-01,  1.15300000000000E+01,  2.74160552091541E+02,  1.03474237558100E+03
 1.88541666700000E+03, -3.77177049281406E-01, -2.61538462000000E-01,  9.51490327684711E-01,  1.17100000000000E+01,  3.36905365756155E+02,  1.18899220722774E+03
 1.88550000000000E+03, -4.10569388115272E-01, -4.00000000000000E-01,  9.52358681365522E-01,  1.18900000000000E+01,  5.10654426349292E+02,  1.27773574478045E+03
 1.88558333300000E+03, -3.94128870921329E-01, -3.76923077000000E-01,  9.53222924138043E-01,  1.20700000000000E+01,  8.11351978806872E+02,  1.44332521475185E+03
 1.88566666700000E+03, -3.81958514603366E-01, -3.07692308000000E-01,  9.54082983256019E-01,  1.22500000000000E+01,  1.25892390571754E+03,  2.16165374083473E+03
 1.88575000000000E+03, -3.74141316316018E-01, -4.69230769000000E-01,  9.54938785433093E-01,  1.24300000000000E+01,  1.92437120202689E+03,  3.47042439186068E+03
 1.88583333300000E+03, -3.70634326488225E-01, -6.53846154000000E-01,  9.59541245952104E-01,  1.26100000000000E+01,  2.45011829265936E+03,  4.23497404713731E+03
 1.88591666700000E+03, -3.60960536166683E-01, -4.69230769000000E-01,  9.60367698905089E-01,  1.27900000000000E+01,  2.37785974798826E+03,  4.06139737809676E+03
 1.88600000000000E+03, -3.45495297917372E-01, -5.46153846000000E-01,  9.61189330435419E-01,  1.29700000000000E+01,  2.05250915419615E+03,  3.81598267260555E+03
 1.88608333300000E+03, -3.21934070389060E-01, -3.38461538000000E-01,  9.62006062700743E-01,  1.31500000000000E+01,  1.77115240500010E+03,  3.14195898139264E+03
 1.88616666700000E+03, -2.97174197395982E-01, -5.38461540000000E-02,  9.62817817324610E-01,  1.33300000000000E+01,  1.20382487434487E+03,  1.73793220869244E+03
 1.88625000000000E+03, -2.72591095531023E-01, -1.46153846000000E-01,  9.63624515397642E-01,  1.35100000000000E+01,  6.30408211456801E+02,  9.32940276418002E+02
 1.88633333300000E+03, -2.53396099855399E-01,  0.00000000000000E+00,  9.76797662604843E-01,  1.36900000000000E+01,  5.43098706125186E+02,  9.18492814304114E+02
 1.88641666700000E+03, -2.41526390975297E-01,  7.69230770000000E-02,  9.75823470532454E-01,  1.38700000000000E+01,  5.23739650634234E+02,  7.67083588281806E+02
 1.88650000000000E+03, -2.35741980869347E-01,  3.07692308000000E-01,  9.74831280957469E-01,  1.40500000000000E+01,  2.84975870796583E+02,  6.07498341618103E+02
 1.88658333300000E+03, -2.35741422261680E-01,  3.69230769000000E-01,  9.73821073556547E-01,  1.42300000000000E+01,  1.74843158018677E+02,  7.25622072020538E+02
 1.88666666700000E+03, -2.41386935477630E-01,  2.30769231000000E-01,  9.72792830613495E-01,  1.44100000000000E+01,  2.45588579761979E+02,  9.07095325515578E+02
 1.88675000000000E+03, -2.55954036963140E-01,  5.38461540000000E-02,  9.71746537070309E-01,  1.45900000000000E+01,  2.81652316520555E+02,  1.29849238350878E+03
 1.88683333300000E+03, -2.73679280223695E-01,  1.84615385000000E-01,  9.74086204275255E-01,  1.47700000000000E+01,  2.63562598438754E+02,  1.84752011460636E+03
 1.88691666700000E+03, -2.87411754158726E-01,  1.23076923000000E-01,  9.73062665331597E-01,  1.49500000000000E+01,  2.80478935684503E+02,  1.91827136908336E+03
 1.88700000000000E+03, -2.90600425771971E-01,  3.84615380000000E-02,  9.72021079454853E-01,  1.51300000000000E+01,  4.14098244996172E+02,  1.75602631764208E+03
 1.88708333300000E+03, -2.92463906289914E-01, -1.92307692000000E-01,  9.70961433585191E-01,  1.53100000000000E+01,  6.01479740690547E+02,  2.01914554388312E+03
 1.88716666700000E+03, -3.31130350569520E-01, -4.76923077000000E-01,  9.69883717410726E-01,  1.54900000000000E+01,  7.19388546009681E+02,  2.29863256801788E+03
 1.88725000000000E+03, -4.14238094326185E-01, -6.38461538000000E-01,  9.68787923419692E-01,  1.56700000000000E+01,  8.59934305538481E+02,  2.37549998217514E+03
 1.88733333300000E+03, -5.31075967360199E-01, -7.76923077000000E-01,  1.19152766036645E+00,  1.58500000000000E+01,  9.88029492160108E+02,  2.50644794137718E+03
 1.88741666700000E+03, -6.17004357887963E-01, -1.10769230800000E+00,  1.19367074218610E+00,  1.60300000000000E+01,  8.34023309899274E+02,  2.36104596181642E+03
 1.88750000000000E+03, -6.64438836870022E-01, -1.20769230800000E+00,  1.19568360400728E+00,  1.62100000000000E+01,  6.13118148174543E+02,  1.90079937035089E+03
 1.88758333300000E+03, -6.78887192387721E-01, -1.46153846200000E+00,  1.19756422534123E+00,  1.63900000000000E+01,  8.02381562695398E+02,  1.62821817734777E+03
 1.88766666700000E+03, -6.95070854114329E-01, -1.66153846200000E+00,  1.19931065528966E+00,  1.65700000000000E+01,  1.24287101705532E+03,  1.59826556841878E+03
 1.88775000000000E+03, -7.19105848320581E-01, -1.57692307700000E+00,  1.20092101562844E+00,  1.67500000000000E+01,  1.51254759782174E+03,  1.59466564542439E+03
 1.88783333300000E+03, -7.46762555831259E-01, -1.44615384600000E+00,  1.20139690826443E+00,  1.69300000000000E+01,  1.59173352520295E+03,  1.69492228146075E+03
 1.88791666700000E+03, -7.68242366293283E-01, -1.61538461500000E+00,  1.20282587553673E+00,  1.71100000000000E+01,  1.53265048078072E+03,  1.76290604112118E+03
 1.88800000000000E+03, -7.74471458919387E-01, -1.59230769200000E+00,  1.20411472428432E+00,  1.72900000000000E+01,  1.25685422554890E+03,  1.40834606617426E+03
 1.88808333300000E+03, -7.67032497420766E-01, -1.60000000000000E+00,  1.20526183923228E+00,  1.74700000000000E+01,  9.34941516589728E+02,  1.25478005461076E+03
 1.88816666700000E+03, -6.81481910705406E-01, -1.65384615400000E+00,  1.20626569119155E+00,  1.76500000000000E+01,  8.68993188550312E+02,  2.19421579103163E+03
 1.88825000000000E+03, -5.26049147978438E-01, -1.83846153800000E+00,  1.20712484017751E+00,  1.78300000000000E+01,  1.04721180355128E+03,  3.72715744251810E+03
 1.88833333300000E+03, -3.03761112618045E-01, -1.41538461500000E+00,  6.85579628174636E-01,  1.80100000000000E+01,  1.27829026035920E+03,  4.99394570100830E+03
 1.88841666700000E+03, -1.55759973187060E-01, -1.22307692300000E+00,  6.84822004504832E-01,  1.81900000000000E+01,  1.35151599965974E+03,  5.60721682084463E+03
 1.88850000000000E+03, -8.00894160967645E-02, -9.23076923000000E-01,  6.84110957663367E-01,  1.83700000000000E+01,  1.11163084382347E+03,  5.30182800265398E+03
 1.88858333300000E+03, -7.65676614875477E-02, -7.92307692000000E-01,  6.83447229847911E-01,  1.85500000000000E+01,  7.60172886896167E+02,  4.26782029147243E+03
 1.88866666700000E+03, -8.10463980120745E-02, -6.84615385000000E-01,  6.82831559469360E-01,  1.87300000000000E+01,  5.11366506736140E+02,  3.05923313338897E+03
 1.88875000000000E+03, -9.54595057229423E-02, -4.38461538000000E-01,  6.82264680790832E-01,  1.89100000000000E+01,  2.73168117690634E+02,  2.09971389131139E+03
 1.88883333300000E+03, -1.17143636560908E-01, -3.38461538000000E-01,  6.80253485126724E-01,  1.90900000000000E+01,  1.28888978096626E+02,  1.55641038866924E+03
 1.88891666700000E+03, -1.31239587947643E-01, -9.23076920000000E-02,  6.79982428800043E-01,  1.92700000000000E+01,  2.03924711084677E+02,  1.43606540008566E+03
 1.88900000000000E+03, -1.33692137463915E-01, -1.92307692000000E-01,  6.79764999682416E-01,  1.94500000000000E+01,  2.77962221742997E+02,  1.62234341909867E+03
 1.88908333300000E+03, -1.22900568267906E-01,  5.38461540000000E-02,  6.79601886737694E-01,  1.96300000000000E+01,  3.01646764809589E+02,  1.98447865426897E+03
 1.88916666700000E+03, -4.16609101463523E-02, -7.69230800000000E-03,  6.79493771328539E-01,  1.98100000000000E+01,  5.12955145571459E+02,  2.60426245577584E+03
 1.88925000000000E+03,  1.08348325363795E-01,  3.00000000000000E-01,  6.79441326790797E-01,  1.99900000000000E+01,  7.67284650428995E+02,  3.17031724927477E+03
 1.88933333300000E+03,  3.21262352133385E-01,  6.69230769000000E-01,  7.75690565811157E-01,  2.01700000000000E+01,  7.64395465028455E+02,  3.19177118399681E+03
 1.88941666700000E+03,  4.64642321667020E-01,  7.38461538000000E-01,  7.76572595970023E-01,  2.03500000000000E+01,  6.93154467153604E+02,  2.98652578989781E+03
 1.88950000000000E+03,  5.37790038702103E-01,  8.07692308000000E-01,  7.77456539404955E-01,  2.05300000000000E+01,  6.72884202750193E+02,  2.58081602116484E+03
 1.88958333300000E+03,  5.42485154763117E-01,  6.61538462000000E-01,  7.78342389521584E-01,  2.07100000000000E+01,  5.01683323764656E+02,  1.69534555047525E+03
 1.88966666700000E+03,  5.39924666164516E-01,  8.00000000000000E-01,  7.79230139567102E-01,  2.08900000000000E+01,  3.43691872688050E+02,  1.23701743347829E+03
 1.88975000000000E+03,  5.28481149673919E-01,  9.53846154000000E-01,  7.80119782628541E-01,  2.10700000000000E+01,  3.81419055249030E+02,  1.71302420043984E+03
 1.88983333300000E+03,  5.10460092682003E-01,  7.76923077000000E-01,  7.80890333191942E-01,  2.12500000000000E+01,  4.04884676317306E+02,  2.09818111349499E+03
 1.88991666700000E+03,  4.98819724536431E-01,  8.69230769000000E-01,  7.81783486623892E-01,  2.14300000000000E+01,  3.91790476771229E+02,  1.90251621922064E+03
 1.89000000000000E+03,  5.00405503872332E-01,  8.46153846000000E-01,  7.82678512368101E-01,  2.16100000000000E+01,  4.72704658980819E+02,  1.72872809304246E+03
 1.89008333300000E+03,  5.14064686967553E-01,  1.16153846200000E+00,  7.83575402876326E-01,  2.17900000000000E+01,  6.16004184973852E+02,  1.83820145233153E+03
 1.89016666700000E+03,  4.94570245314823E-01,  1.14615384600000E+00,  7.84474150431645E-01,  2.19700000000000E+01,  8.29005222069746E+02,  1.91321141213544E+03
 1.89025000000000E+03,  4.30723154207196E-01,  1.23846153800000E+00,  7.85374747146659E-01,  2.21500000000000E+01,  1.07919294434699E+03,  1.81610351642268E+03
 1.89033333300000E+03,  3.21754142617370E-01,  1.36923076900000E+00,  7.25591332035658E-01,  2.23300000000000E+01,  1.17491357689326E+03,  1.70852165559404E+03
 1.89041666700000E+03,  2.40025507725576E-01,  1.17692307700000E+00,  7.23795665255002E-01,  2.25100000000000E+01,  1.05464771587612E+03,  1.55964751404009E+03
 1.89050000000000E+03,  1.95087248036967E-01,  9.53846154000000E-01,  7.22024316014274E-01,  2.26900000000000E+01,  8.24689702816000E+02,  1.19137450054193E+03
 1.89058333300000E+03,  1.85976881527166E-01,  8.46153846000000E-01,  7.20278006507458E-01,  2.28700000000000E+01,  5.32110655317948E+02,  8.38934146040623E+02
 1.89066666700000E+03,  1.77719740898379E-01,  8.07692308000000E-01,  7.18557462870562E-01,  2.30500000000000E+01,  2.55991054359887E+02,  8.46757958530005E+02
 1.89075000000000E+03,  1.64277795938525E-01,  5.30769231000000E-01,  7.16863415009164E-01,  2.32300000000000E+01,  1.39002878397453E+02,  1.00032319691579E+03
 1.89083333300000E+03,  1.49883825617542E-01,  3.30769231000000E-01,  7.22020798741574E-01,  2.34100000000000E+01,  1.47903875030165E+02,  1.03442039677915E+03
 1.89091666700000E+03,  1.37676683672198E-01,  6.92307690000000E-02,  7.20274540032189E-01,  2.35900000000000E+01,  1.69114707295973E+02,  1.11493341713364E+03
 1.89100000000000E+03,  1.35279983556497E-01, -2.76923077000000E-01,  7.18554048648594E-01,  2.37700000000000E+01,  2.28758601057864E+02,  1.31919922678769E+03
 1.89108333300000E+03,  1.40192699393643E-01, -3.69230769000000E-01,  7.16860054503726E-01,  2.39500000000000E+01,  3.40514806216235E+02,  1.44157993623092E+03
 1.89116666700000E+03,  8.33364273956313E-02, -3.30769231000000E-01,  7.15193291101636E-01,  2.41300000000000E+01,  4.17445866033611E+02,  1.45548774957895E+03
 1.89125000000000E+03, -4.36823395344946E-02, -3.46153846000000E-01,  7.13554495353671E-01,  2.43100000000000E+01,  4.56282893841800E+02,  1.58069506555844E+03
 1.89133333300000E+03, -2.40863597617546E-01, -3.46153846000000E-01,  9.28614523522989E-01,  2.44900000000000E+01,  4.64853640442340E+02,  1.62490838754246E+03
 1.89141666700000E+03, -3.73837902629507E-01, -4.23076923000000E-01,  9.24612418434698E-01,  2.46700000000000E+01,  3.74478027222392E+02,  1.20130753241135E+03
 1.89150000000000E+03, -4.35270338964641E-01, -3.23076923000000E-01,  9.20769877561294E-01,  2.48500000000000E+01,  3.22964777509978E+02,  8.15544016244849E+02
 1.89158333300000E+03, -4.25160910465830E-01, -4.76923077000000E-01,  9.17094368794089E-01,  2.50300000000000E+01,  4.53893472163442E+02,  1.18109998107639E+03
 1.89166666700000E+03, -4.16404820577745E-01, -6.53846154000000E-01,  9.13593286413643E-01,  2.52100000000000E+01,  5.59593781431035E+02,  1.92685658731584E+03
 1.89175000000000E+03, -4.14677505385992E-01, -6.07692308000000E-01,  9.10273940109508E-01,  2.53900000000000E+01,  5.39564548885315E+02,  2.32943088064138E+03
 1.89183333300000E+03, -4.16942730910825E-01, -6.53846154000000E-01,  9.08259102790528E-01,  2.55700000000000E+01,  5.19131437547251E+02,  2.39983828036614E+03
 1.89191666700000E+03, -4.09731174830803E-01, -7.15384615000000E-01,  9.05252683762034E-01,  2.57500000000000E+01,  4.63887138339746E+02,  2.45183352760878E+03
 1.89200000000000E+03, -3.91094042689921E-01, -4.07692308000000E-01,  9.02446784259005E-01,  2.59300000000000E+01,  3.83480433330356E+02,  2.34015784094787E+03
 1.89208333300000E+03, -3.61560639213018E-01, -2.07692308000000E-01,  8.99848311193788E-01,  2.61100000000000E+01,  3.96848523879658E+02,  1.94622498939379E+03
 1.89216666700000E+03, -3.28103274623694E-01, -5.38461540000000E-02,  8.97464033928192E-01,  2.62900000000000E+01,  4.63234541272208E+02,  1.67284749080082E+03
 1.89225000000000E+03, -2.90762476080373E-01, -4.23076923000000E-01,  8.95300572490377E-01,  2.64700000000000E+01,  5.05013396551510E+02,  1.63286411627964E+03
 1.89233333300000E+03, -2.63839433694114E-01, -4.53846154000000E-01,  8.76917016947241E-01,  2.66500000000000E+01,  4.86058366918341E+02,  1.41373891080174E+03
 1.89241666700000E+03, -2.60513194165552E-01, -5.53846154000000E-01,  8.81845822469709E-01,  2.68300000000000E+01,  3.89802665119169E+02,  9.25789205248086E+02
 1.89250000000000E+03, -2.85758800389606E-01, -8.46153846000000E-01,  8.86813232676563E-01,  2.70100000000000E+01,  3.66405111050123E+02,  5.35617667982443E+02
 1.89258333300000E+03, -3.27550775433356E-01, -8.23076923000000E-01,  8.91817623548400E-01,  2.71900000000000E+01,  5.28398963221922E+02,  4.73802322483291E+02
 1.89266666700000E+03, -3.82178106721056E-01, -7.15384615000000E-01,  8.96857328655798E-01,  2.73700000000000E+01,  6.80144487809386E+02,  5.76951325945452E+02
 1.89275000000000E+03, -4.39650181867767E-01, -6.23076923000000E-01,  9.01930639285696E-01,  2.75500000000000E+01,  6.92296883831181E+02,  6.15176081729218E+02
 1.89283333300000E+03, -4.90801952910144E-01, -6.69230769000000E-01,  9.28349817358634E-01,  2.77300000000000E+01,  6.81878194217366E+02,  6.08448280441625E+02
 1.89291666700000E+03, -5.07640353343073E-01, -7.00000000000000E-01,  9.33589033241142E-01,  2.79100000000000E+01,  5.87519715337621E+02,  6.27733685657043E+02
 1.89300000000000E+03, -4.95160688976566E-01, -5.61538462000000E-01,  9.38848490971801E-01,  2.80900000000000E+01,  3.61323850898554E+02,  7.57658420841694E+02
 1.89308333300000E+03, -4.58427249045890E-01, -7.76923077000000E-01,  9.44126147497082E-01,  2.82700000000000E+01,  2.88589236674948E+02,  1.37714084925375E+03
 1.89316666700000E+03, -3.63728051433166E-01, -6.30769231000000E-01,  9.49419920218466E-01,  2.84500000000000E+01,  3.96946330506602E+02,  2.45302346787083E+03
 1.89325000000000E+03, -2.10338805018569E-01, -7.69230769000000E-01,  9.54727687482168E-01,  2.86300000000000E+01,  4.06808405426198E+02,  3.08859893558072E+03
 1.89333333300000E+03, -9.43835176700671E-03, -7.00000000000000E-01,  7.29097943162429E-01,  2.88100000000000E+01,  3.57134323349938E+02,  3.02640916762848E+03
 1.89341666700000E+03,  1.27457787771225E-01, -5.76923077000000E-01,  7.29865418379586E-01,  2.89900000000000E+01,  3.65532320529411E+02,  2.84129845293240E+03
 1.89350000000000E+03,  2.00321101195131E-01, -4.38461538000000E-01,  7.30634970595328E-01,  2.91700000000000E+01,  3.30803739774357E+02,  2.59430525350937E+03
 1.89358333300000E+03,  2.15136961782031E-01, -3.84615380000000E-02,  7.31406599769079E-01,  2.93500000000000E+01,  2.80754093258296E+02,  2.42822798034367E+03
 1.89366666700000E+03,  2.24083686577109E-01,  3.07692310000000E-02,  7.32180305779275E-01,  2.95300000000000E+01,  3.22098021064115E+02,  2.67818746227325E+03
 1.89375000000000E+03,  2.25045429482506E-01,  2.00000000000000E-01,  7.32956088422292E-01,  2.97100000000000E+01,  3.63567921850217E+02,  2.90305930277570E+03
 1.89383333300000E+03,  2.20111454500146E-01,  1.53846154000000E-01,  7.33586893110442E-01,  2.98900000000000E+01,  3.12429262999466E+02,  2.72556735028162E+03
 1.89391666700000E+03,  2.22414737663212E-01,  4.53846154000000E-01,  7.34366436068100E-01,  3.00700000000000E+01,  2.33525784233294E+02,  2.18763225523862E+03
 1.89400000000000E+03,  2.37879897772472E-01,  7.46153846000000E-01,  7.35148054637323E-01,  3.02500000000000E+01,  1.81303380457939E+02,  1.27359768887554E+03
 1.89408333300000E+03,  2.64051394808738E-01,  7.53846154000000E-01,  7.35931748291818E-01,  3.04300000000000E+01,  1.41887314685277E+02,  4.22231236418972E+02
 1.89416666700000E+03,  2.47440598822237E-01,  6.61538462000000E-01,  7.36717516417964E-01,  3.06100000000000E+01,  1.11962391068120E+02,  1.32140151822678E+02
 1.89425000000000E+03,  1.76582970595199E-01,  2.92307692000000E-01,  7.37505358313699E-01,  3.07900000000000E+01,  1.00604107234262E+02,  1.49334400079169E+02
 1.89433333300000E+03,  5.27062823954116E-02,  4.30769231000000E-01,  6.80840186276691E-01,  3.09700000000000E+01,  1.16842204369038E+02,  1.64088653657794E+02
 1.89441666700000E+03, -3.57344065472434E-02,  6.53846154000000E-01,  6.81279704369859E-01,  3.11500000000000E+01,  2.11003707432660E+02,  4.87560253167612E+02
 1.89450000000000E+03, -7.93236749656122E-02,  3.46153846000000E-01,  6.81780738514868E-01,  3.13300000000000E+01,  4.31607193834460E+02,  1.35895069111609E+03
 1.89458333300000E+03, -8.05591906607441E-02, -6.92307690000000E-02,  6.82343852029130E-01,  3.15100000000000E+01,  6.97039711023045E+02,  2.40395154230745E+03
 1.89466666700000E+03, -8.76413742365029E-02, -2.30769231000000E-01,  6.82969594928263E-01,  3.16900000000000E+01,  9.04751689829085E+02,  3.24616686800118E+03
 1.89475000000000E+03, -1.03025659530927E-01, -4.15384615000000E-01,  6.83658503427778E-01,  3.18700000000000E+01,  1.00694404850069E+03,  3.66002952553470E+03
 1.89483333300000E+03, -1.21175251225908E-01, -5.07692308000000E-01,  6.81423767619281E-01,  3.20500000000000E+01,  9.04822413380248E+02,  3.39127380732722E+03
 1.89491666700000E+03, -1.26933552802134E-01, -4.76923077000000E-01,  6.81943397212267E-01,  3.22300000000000E+01,  6.78687080048699E+02,  2.61761299355150E+03
 1.89500000000000E+03, -1.15802670143820E-01, -6.76923077000000E-01,  6.82525272867734E-01,  3.24100000000000E+01,  5.26472152201061E+02,  1.77739666607656E+03
 1.89508333300000E+03, -9.13631972680566E-02, -8.07692308000000E-01,  6.83169940507152E-01,  3.25900000000000E+01,  3.93061913636976E+02,  1.19838301779476E+03
 1.89516666700000E+03, -9.73268909645608E-02, -8.23076923000000E-01,  6.83877932101144E-01,  3.27700000000000E+01,  2.73559466161389E+02,  1.07117430454068E+03
 1.89525000000000E+03, -1.42689540736427E-01, -7.30769231000000E-01,  6.84649765164610E-01,  3.29500000000000E+01,  2.67630841152094E+02,  1.12126457636550E+03
 1.89533333300000E+03, -2.24271322814475E-01, -5.38461538000000E-01,  8.93869236840002E-01,  3.31300000000000E+01,  2.34174139648835E+02,  1.00224147209290E+03
 1.89541666700000E+03, -2.74280810856545E-01, -7.46153846000000E-01,  8.92102336224571E-01,  3.33100000000000E+01,  1.13912629441694E+02,  7.83060095805685E+02
 1.89550000000000E+03, -2.86470898291619E-01, -8.61538462000000E-01,  8.90573452595747E-01,  3.34900000000000E+01,  5.06871632768133E+01,  5.21675874483147E+02
 1.89558333300000E+03, -2.66118302654391E-01, -6.61538462000000E-01,  8.89288544099788E-01,  3.36700000000000E+01,  3.84165267586308E+01,  2.38607168584517E+02
 1.89566666700000E+03, -2.53505570901227E-01, -8.46153850000000E-02,  8.88253362815937E-01,  3.38500000000000E+01,  3.17458012274894E+01,  1.03230117913966E+02
 1.89575000000000E+03, -2.52686628405184E-01,  3.07692310000000E-02,  8.87473442647388E-01,  3.40300000000000E+01,  8.70644512939238E+01,  1.33265343122798E+02
 1.89583333300000E+03, -2.61023117076634E-01,  1.76923077000000E-01,  8.87100192339973E-01,  3.42100000000000E+01,  1.78268747549908E+02,  2.09238447080327E+02
 1.89591666700000E+03, -2.65207335792496E-01,  8.46153850000000E-02,  8.86756111984332E-01,  3.43900000000000E+01,  2.67535459930425E+02,  4.62976098721383E+02
 1.89600000000000E+03, -2.62379066883944E-01,  2.92307692000000E-01,  8.86680868635709E-01,  3.45700000000000E+01,  4.15982968570220E+02,  1.15568025096345E+03
 1.89608333300000E+03, -2.49820284042406E-01,  2.84615385000000E-01,  8.86879094163742E-01,  3.47500000000000E+01,  5.62703259652087E+02,  2.12784081544638E+03
 1.89616666700000E+03, -1.74795292556411E-01,  3.15384615000000E-01,  8.87355146184157E-01,  3.49300000000000E+01,  5.73052885810802E+02,  2.88691311248090E+03
 1.89625000000000E+03, -3.78595921849825E-02,  1.15384615000000E-01,  8.88113096242207E-01,  3.51100000000000E+01,  4.95660751383030E+02,  3.23838709106190E+03
 1.89633333300000E+03,  1.52102283377971E-01,  2.61538462000000E-01,  1.11118589180190E+00,  3.52900000000000E+01,  4.36281609785409E+02,  3.35626975921058E+03
 1.89641666700000E+03,  2.70986725365924E-01,  4.46153846000000E-01,  1.11565910397438E+00,  3.54700000000000E+01,  4.47854190547386E+02,  3.32910781812413E+03
 1.89650000000000E+03,  3.15250495500608E-01,  3.69230769000000E-01,  1.12006141376454E+00,  3.56500000000000E+01,  5.57818385842968E+02,  3.15695832145536E+03
 1.89658333300000E+03,  2.87705166025907E-01,  5.23076923000000E-01,  1.12438998710443E+00,  3.58300000000000E+01,  6.81399806743364E+02,  2.97793501747202E+03
 1.89666666700000E+03,  2.32836279780883E-01,  5.30769231000000E-01,  1.12864199680755E+00,  3.60100000000000E+01,  7.23195429069981E+02,  2.78092545910352E+03
 1.89675000000000E+03,  1.50740674290070E-01,  6.07692308000000E-01,  1.13281462480763E+00,  3.61900000000000E+01,  6.85185044172777E+02,  2.39379499456613E+03
 1.89683333300000E+03,  4.80256440011994E-02,  4.23076923000000E-01,  1.14873565948153E+00,  3.63700000000000E+01,  5.33246683790152E+02,  1.77113402525961E+03
 1.89691666700000E+03, -3.31111945872428E-02,  1.30769231000000E-01,  1.15246758083071E+00,  3.65500000000000E+01,  2.85546383909835E+02,  1.00852747134410E+03
 1.89700000000000E+03, -8.34648632335763E-02,  1.00000000000000E-01,  1.15610347787696E+00,  3.67300000000000E+01,  1.59310680787080E+02,  5.39780022457940E+02
 1.89708333300000E+03, -1.05313896452070E-01,  3.07692310000000E-02,  1.15964066379052E+00,  3.69100000000000E+01,  2.41232320312442E+02,  6.40375272699917E+02
 1.89716666700000E+03, -1.21007559035204E-01,  1.07692308000000E-01,  1.16307648057125E+00,  3.70900000000000E+01,  3.24107913594251E+02,  8.43684747520806E+02
 1.89725000000000E+03, -1.34435709705116E-01, -4.61538460000000E-02,  1.16640830171037E+00,  3.72700000000000E+01,  3.18412421226907E+02,  8.73462320842858E+02
 1.89733333300000E+03, -1.43994945006653E-01,  1.07692308000000E-01,  9.92938131269901E-01,  3.74500000000000E+01,  3.09409119992519E+02,  9.21908250576384E+02
 1.89741666700000E+03, -1.45575437605922E-01,  2.23076923000000E-01,  9.92326809771580E-01,  3.76300000000000E+01,  2.49226304948604E+02,  8.87566600510212E+02
 1.89750000000000E+03, -1.41683582005902E-01,  1.76923077000000E-01,  9.91698410295419E-01,  3.78100000000000E+01,  1.06596885696334E+02,  6.94980013560244E+02
 1.89758333300000E+03, -1.36104213117864E-01,  3.84615385000000E-01,  9.91052869369006E-01,  3.79900000000000E+01,  1.97534203976322E+01,  5.96868827406517E+02
 1.89766666700000E+03, -1.38986796055704E-01,  2.61538462000000E-01,  9.90390125174550E-01,  3.81700000000000E+01,  3.43285438306275E+01,  5.95459115052052E+02
 1.89775000000000E+03, -1.51947503728189E-01,  3.53846154000000E-01,  9.89710117590450E-01,  3.83500000000000E+01,  6.54665939875072E+01,  5.22732918470818E+02
 1.89783333300000E+03, -1.72571123083639E-01, -7.69230800000000E-03,  9.87671559849849E-01,  3.85300000000000E+01,  1.20687981660943E+02,  7.18154658957233E+02
 1.89791666700000E+03, -1.86658308212476E-01, -1.30769231000000E-01,  9.86924433109279E-01,  3.87100000000000E+01,  2.50317261355259E+02,  1.49541453418382E+03
 1.89800000000000E+03, -1.87162503456710E-01, -4.61538460000000E-02,  9.86159776466657E-01,  3.88900000000000E+01,  3.82188590129013E+02,  2.32062569087754E+03
 1.89808333300000E+03, -1.68467239122541E-01,  1.15384615000000E-01,  9.85377540595244E-01,  3.90700000000000E+01,  4.30974092847883E+02,  2.74537886383371E+03
 1.89816666700000E+03, -1.41170954839821E-01, -5.38461540000000E-02,  9.84577678162392E-01,  3.92500000000000E+01,  4.33511722286735E+02,  2.94627254537587E+03
 1.89825000000000E+03, -1.21653727608936E-01, -2.00000000000000E-01,  9.83760143874843E-01,  3.94299999999999E+01,  4.29663143657525E+02,  2.84384110904683E+03
 1.89833333300000E+03, -1.30338466362496E-01,  3.07692310000000E-02,  8.76423038247314E-01,  3.96099999999999E+01,  4.05402836863511E+02,  2.32058057031105E+03
 1.89841666700000E+03, -1.69226928552792E-01,  1.15384615000000E-01,  8.81347869139572E-01,  3.97899999999999E+01,  3.70301334608791E+02,  1.79325913431109E+03
 1.89850000000000E+03, -2.23324026285342E-01, -3.07692310000000E-02,  8.86311465851496E-01,  3.99699999999999E+01,  3.37125578428736E+02,  1.63325747525549E+03
 1.89858333300000E+03, -2.77290325133348E-01, -2.46153846000000E-01,  8.91312208638848E-01,  4.01499999999999E+01,  3.11984045960279E+02,  1.71606928748007E+03
 1.89866666700000E+03, -3.26406897060213E-01, -5.00000000000000E-01,  8.96348435336396E-01,  4.03299999999999E+01,  2.71084641352095E+02,  1.66581935175589E+03
 1.89875000000000E+03, -3.72029445603525E-01, -4.84615385000000E-01,  9.01418441481108E-01,  4.05099999999999E+01,  1.98949797661416E+02,  1.35237524986235E+03
 1.89883333300000E+03, -4.15645357737011E-01, -7.61538462000000E-01,  8.92240883498376E-01,  4.06899999999999E+01,  2.19080891081713E+02,  1.06654798302086E+03
 1.89891666700000E+03, -4.52902552152566E-01, -5.69230769000000E-01,  8.97283486398904E-01,  4.08699999999999E+01,  3.75504685342787E+02,  1.09594020797403E+03
 1.89900000000000E+03, -4.82264285580089E-01, -3.00000000000000E-01,  9.02359548935169E-01,  4.10499999999999E+01,  5.10793493988796E+02,  1.33294973257433E+03
 1.89908333300000E+03, -4.99166733729757E-01, -3.84615385000000E-01,  9.07467316728230E-01,  4.12299999999999E+01,  5.91390779777409E+02,  1.46740909009291E+03
 1.89916666700000E+03, -5.00818069407677E-01, -3.61538462000000E-01,  9.12604993483267E-01,  4.14099999999999E+01,  6.45767886186668E+02,  1.44401816468824E+03
 1.89925000000000E+03, -4.87462085470771E-01, -4.53846154000000E-01,  9.17770741217834E-01,  4.15899999999999E+01,  5.67671690887217E+02,  1.30051605017900E+03
 1.89933333300000E+03, -4.57515935754794E-01, -3.38461538000000E-01,  9.41066638376308E-01,  4.17699999999999E+01,  3.77453762635468E+02,  9.19409975414539E+02
 1.89941666700000E+03, -4.14944464216427E-01, -4.76923077000000E-01,  9.46932426182457E-01,  4.19499999999999E+01,  2.33151605635287E+02,  4.72649412329220E+02
 1.89950000000000E+03, -3.58982456771445E-01, -3.84615385000000E-01,  9.53092020949629E-01,  4.21299999999999E+01,  1.42862818769561E+02,  2.83449418224651E+02
 1.89958333300000E+03, -2.98350288889404E-01, -5.23076923000000E-01,  9.59542094270681E-01,  4.23099999999999E+01,  5.43627283227829E+01,  2.74717410165042E+02
 1.89966666700000E+03, -2.43410341971620E-01, -5.61538462000000E-01,  9.66278855354560E-01,  4.24899999999999E+01,  3.70277173885154E+01,  2.89677463335607E+02
 1.89975000000000E+03, -2.03668606154271E-01, -3.38461538000000E-01,  9.73298047411357E-01,  4.26699999999999E+01,  1.25858446322875E+02,  3.85068861025048E+02
 1.89983333300000E+03, -1.76435911558063E-01, -2.61538462000000E-01,  9.79566018192309E-01,  4.28499999999999E+01,  2.35641318920666E+02,  5.96625440773482E+02
 1.89991666700000E+03, -1.48769736444992E-01, -2.07692308000000E-01,  9.87097938622318E-01,  4.30299999999999E+01,  3.35134488487757E+02,  8.03814303230782E+02
 1.90000000000000E+03, -1.11298469741019E-01, -3.92307692000000E-01,  9.94897513113950E-01,  4.32099999999999E+01,  4.22536125922603E+02,  8.82328251116517E+02
 1.90008333300000E+03, -6.88749652183111E-02, -5.07692308000000E-01,  1.00295866479678E+00,  4.33899999999999E+01,  4.23882305210567E+02,  8.80506933603015E+02
 1.90016666700000E+03, -6.35981091592029E-02, -1.30769231000000E-01,  1.01127484369005E+00,  4.35699999999999E+01,  3.53317294689888E+02,  8.04973991848046E+02
 1.90025000000000E+03, -1.05478852958788E-01, -2.61538462000000E-01,  1.01983902757127E+00,  4.37499999999999E+01,  2.85103981388208E+02,  5.96265384158327E+02
 1.90033333300000E+03, -1.85923705057646E-01,  6.15384620000000E-02,  1.17483019614019E+00,  4.39299999999999E+01,  2.20318674847989E+02,  5.10338492722651E+02
 1.90041666700000E+03, -2.32320088314669E-01,  1.07692308000000E-01,  1.17157303666350E+00,  4.41099999999999E+01,  2.41411318617825E+02,  9.23850621220062E+02
 1.90050000000000E+03, -2.33746481920082E-01,  1.76923077000000E-01,  1.16818020104301E+00,  4.42899999999999E+01,  3.81507988617983E+02,  1.74370539443217E+03
 1.90058333300000E+03, -1.93644115121828E-01, -1.84615385000000E-01,  1.16465413793542E+00,  4.44699999999999E+01,  4.68072287884103E+02,  2.47403433090217E+03
 1.90066666700000E+03, -1.41985144776348E-01,  7.69230800000000E-03,  1.16099745901336E+00,  4.46499999999999E+01,  4.72400098289585E+02,  2.85265116124761E+03
 1.90075000000000E+03, -8.66430069228025E-02,  2.69230769000000E-01,  1.15721293984714E+00,  4.48299999999999E+01,  4.81059830317654E+02,  2.95404630429314E+03
 1.90083333300000E+03, -2.75911043838295E-02,  7.69230770000000E-02,  1.14403736057584E+00,  4.50099999999999E+01,  4.33078769584347E+02,  2.78421183858697E+03
 1.90091666700000E+03,  2.56222495027348E-02,  1.46153846000000E-01,  1.13974353406531E+00,  4.51899999999999E+01,  3.21630846299349E+02,  2.32038655542246E+03
 1.90100000000000E+03,  8.20615520568947E-02,  2.92307692000000E-01,  1.13533917583585E+00,  4.53699999999999E+01,  2.34157344422076E+02,  1.71581725710797E+03
 1.90108333300000E+03,  1.35560028221554E-01,  4.46153846000000E-01,  1.13082809672017E+00,  4.55499999999999E+01,  1.83210470864141E+02,  1.24459611788364E+03
 1.90116666700000E+03,  1.61408456405415E-01,  5.00000000000000E-01,  1.12621427279398E+00,  4.57299999999999E+01,  1.58204932833751E+02,  9.93118694298110E+02
 1.90125000000000E+03,  1.38803472902382E-01,  4.76923077000000E-01,  1.12150184479273E+00,  4.59099999999999E+01,  2.01161673685871E+02,  7.91586466877202E+02
 1.90133333300000E+03,  6.85282600972728E-02,  3.15384615000000E-01,  8.56412311847272E-01,  4.60899999999999E+01,  3.28909290511039E+02,  8.50408144525323E+02
 1.90141666700000E+03, -4.51546994210987E-03,  1.53846154000000E-01,  8.61159686789735E-01,  4.62699999999999E+01,  4.55486518377013E+02,  1.40899225961870E+03
 1.90150000000000E+03, -6.35151007619361E-02,  3.84615380000000E-02,  8.65952100919835E-01,  4.64499999999999E+01,  5.44294209999477E+02,  1.91666252045790E+03
 1.90158333300000E+03, -1.06874454867729E-01, -1.76923077000000E-01,  8.70788111373689E-01,  4.66299999999999E+01,  6.13782622696491E+02,  2.04965603290347E+03
 1.90166666700000E+03, -1.52989231102712E-01,  1.00000000000000E-01,  8.75666232679917E-01,  4.68099999999999E+01,  5.68383623224237E+02,  2.04687287124071E+03
 1.90175000000000E+03, -2.07617661081388E-01,  0.00000000000000E+00,  8.80584936758439E-01,  4.69899999999999E+01,  4.06433460566832E+02,  1.73063298632458E+03
 1.90183333300000E+03, -2.64605477848927E-01, -3.07692310000000E-02,  8.82277358246995E-01,  4.71699999999999E+01,  2.78116477653082E+02,  1.08300075666939E+03
 1.90191666700000E+03, -3.18679725270317E-01, -2.07692308000000E-01,  8.87248057583169E-01,  4.73499999999999E+01,  1.99997105318227E+02,  6.21114689318118E+02
 1.90200000000000E+03, -3.58955402556509E-01, -5.15384615000000E-01,  8.92255593994253E-01,  4.75299999999999E+01,  1.31316665048861E+02,  5.21651787121838E+02
 1.90208333300000E+03, -3.93095861234980E-01, -7.30769231000000E-01,  8.97298297359137E-01,  4.77099999999999E+01,  9.68614725448739E+01,  5.24439439429917E+02
 1.90216666700000E+03, -4.28767461699116E-01, -9.76923077000000E-01,  9.02374455285605E-01,  4.78899999999999E+01,  9.46396896728554E+01,  4.41677445118236E+02
 1.90225000000000E+03, -4.72063072008744E-01, -1.03076923100000E+00,  9.07482313271719E-01,  4.80699999999999E+01,  1.43162443846007E+02,  5.62827157187887E+02
 1.90233333300000E+03, -5.08342543033130E-01, -1.18461538500000E+00,  9.25968698869397E-01,  4.82499999999999E+01,  2.47395694186916E+02,  1.12928414715981E+03
 1.90241666700000E+03, -5.23808757407855E-01, -9.53846154000000E-01,  9.22070535807043E-01,  4.84299999999999E+01,  3.36800938815151E+02,  1.65730473590143E+03
 1.90250000000000E+03, -5.16254934261472E-01, -9.53846154000000E-01,  9.18336848937433E-01,  4.86099999999999E+01,  4.10048065319821E+02,  1.94339451348266E+03
 1.90258333300000E+03, -4.96435827636894E-01, -7.92307692000000E-01,  9.14775059039771E-01,  4.87899999999999E+01,  4.94610726526354E+02,  2.37264028525441E+03
 1.90266666700000E+03, -4.78001551972176E-01, -3.00000000000000E-01,  9.11392506091595E-01,  4.89699999999999E+01,  5.59900892474945E+02,  2.86348869098763E+03
 1.90275000000000E+03, -4.67606844740087E-01, -3.61538462000000E-01,  9.08196438174521E-01,  4.91499999999999E+01,  6.20606991665766E+02,  3.08288602986585E+03
 1.90283333300000E+03, -4.60374206757970E-01, -1.23076923000000E-01,  9.09597820566130E-01,  4.93299999999999E+01,  6.58420890195339E+02,  3.03900921626647E+03
 1.90291666700000E+03, -4.45366797364759E-01, -4.69230769000000E-01,  9.06508182444142E-01,  4.95099999999999E+01,  6.08730142931002E+02,  3.00303530050705E+03
 1.90300000000000E+03, -4.14556053946961E-01, -1.84615385000000E-01,  9.03616085237914E-01,  4.96899999999999E+01,  5.11575283811888E+02,  3.02330670544964E+03
 1.90308333300000E+03, -3.74495385346710E-01,  6.15384620000000E-02,  9.00928490856475E-01,  4.98699999999999E+01,  3.89512445016306E+02,  2.61433850748230E+03
 1.90316666700000E+03, -3.02712918242961E-01,  1.38461538000000E-01,  8.98452228640575E-01,  5.00499999999999E+01,  2.20662610218736E+02,  1.79943652759903E+03
 1.90325000000000E+03, -2.07713792302980E-01,  2.38461538000000E-01,  8.96193983625137E-01,  5.02299999999999E+01,  1.06762166345867E+02,  1.22151051614589E+03
 1.90333333300000E+03, -8.44351653008908E-02,  2.61538462000000E-01,  1.01048865638962E+00,  5.04099999999999E+01,  1.28302429253599E+02,  8.60447973004849E+02
 1.90341666700000E+03,  9.15926926289528E-03,  3.00000000000000E-01,  1.01903002023057E+00,  5.05899999999999E+01,  2.13394830480656E+02,  5.96482382031239E+02
 1.90350000000000E+03,  8.43193263243872E-02,  3.92307692000000E-01,  1.02781261494270E+00,  5.07699999999999E+01,  2.96762882933230E+02,  7.45100597456969E+02
 1.90358333300000E+03,  1.41250744171103E-01,  4.53846154000000E-01,  1.03682852337156E+00,  5.09499999999999E+01,  3.54357553377332E+02,  1.10871896019477E+03
 1.90366666700000E+03,  2.09186423298415E-01,  3.61538462000000E-01,  1.04606936358120E+00,  5.11299999999999E+01,  3.55343701130288E+02,  1.32862617501024E+03
 1.90375000000000E+03,  2.74951525159089E-01,  4.00000000000000E-01,  1.05552629319254E+00,  5.13099999999999E+01,  3.16395788636285E+02,  1.46127434074786E+03
 1.90383333300000E+03,  3.30652888129185E-01,  4.69230769000000E-01,  1.06984000683625E+00,  5.14899999999999E+01,  2.70307479059174E+02,  1.40067389974343E+03
 1.90391666700000E+03,  3.67208267776816E-01,  3.23076923000000E-01,  1.07979063971320E+00,  5.16699999999999E+01,  2.20435056234609E+02,  1.02604041680924E+03
 1.90400000000000E+03,  3.84611060790693E-01,  4.76923077000000E-01,  1.08992314874608E+00,  5.18499999999999E+01,  1.67896176051195E+02,  6.55326364371067E+02
 1.90408333300000E+03,  3.85579569028901E-01,  3.53846154000000E-01,  1.10022671000995E+00,  5.20299999999999E+01,  1.36183083551421E+02,  5.65949049128203E+02
 1.90416666700000E+03,  3.78288071043839E-01,  3.76923077000000E-01,  1.11069008008215E+00,  5.22099999999999E+01,  1.64660546271163E+02,  6.64561451075248E+02
 1.90425000000000E+03,  3.71593566211877E-01,  4.38461538000000E-01,  1.12130160679985E+00,  5.23899999999999E+01,  2.10832508192527E+02,  8.58541487108149E+02
 1.90433333300000E+03,  3.65524225755463E-01,  4.69230769000000E-01,  1.10087451061470E+00,  5.25699999999999E+01,  2.23541262991845E+02,  1.14272851668316E+03
 1.90441666700000E+03,  3.59274264205135E-01,  3.07692308000000E-01,  1.10549689903766E+00,  5.27499999999999E+01,  2.64511002051268E+02,  1.32361247864403E+03
 1.90450000000000E+03,  3.46998697836975E-01,  3.00000000000000E-01,  1.11005477693821E+00,  5.29299999999999E+01,  3.03019021779524E+02,  1.22911904655557E+03
 1.90458333300000E+03,  3.26867521661449E-01,  2.69230769000000E-01,  1.11454530268697E+00,  5.31099999999999E+01,  2.56082120820565E+02,  9.47842396270529E+02
 1.90466666700000E+03,  2.84413006209611E-01,  3.30769231000000E-01,  1.11896563668384E+00,  5.32899999999999E+01,  1.98895571009745E+02,  5.96637083204180E+02
 1.90475000000000E+03,  2.18300882041701E-01,  1.53846154000000E-01,  1.12331294348200E+00,  5.34699999999999E+01,  1.63233369732380E+02,  3.35460008942626E+02
 1.90483333300000E+03,  1.35637600484883E-01, -5.38461540000000E-02,  1.13540429752115E+00,  5.36499999999999E+01,  1.14030190999869E+02,  3.76149888029046E+02
 1.90491666700000E+03,  6.79407961807864E-02, -1.69230769000000E-01,  1.13944146201214E+00,  5.38299999999999E+01,  8.65873262606500E+01,  6.08044589132134E+02
 1.90500000000000E+03,  2.60496785050192E-02, -7.69230770000000E-02,  1.14339189183329E+00,  5.40099999999999E+01,  7.38599753220993E+01,  7.35032752976440E+02
 1.90508333300000E+03,  1.23767319826710E-02,  8.46153850000000E-02,  1.14725282163667E+00,  5.41899999999999E+01,  8.16271712714954E+01,  7.42019025503915E+02
 1.90516666700000E+03,  5.81571486565014E-02,  3.30769231000000E-01,  1.15102150620515E+00,  5.43699999999999E+01,  1.42408630967889E+02,  7.55609589105604E+02
 1.90525000000000E+03,  1.56609548225305E-01,  1.00000000000000E-01,  1.15469522296422E+00,  5.45499999999999E+01,  2.13967653494613E+02,  8.08973534093667E+02
 1.90533333300000E+03,  2.98382872219102E-01,  1.53846154000000E-01,  1.10645063378652E+00,  5.47299999999999E+01,  3.13327931925531E+02,  1.01216948876401E+03
 1.90541666700000E+03,  3.89210790117397E-01,  1.69230769000000E-01,  1.11099473227285E+00,  5.49099999999999E+01,  4.45118953948915E+02,  1.46880188512591E+03
 1.90550000000000E+03,  4.27378865035675E-01,  4.07692308000000E-01,  1.11547088755482E+00,  5.50899999999999E+01,  5.04257261239486E+02,  2.03610456552551E+03
 1.90558333300000E+03,  4.18698599824030E-01,  5.15384615000000E-01,  1.11987626071980E+00,  5.52699999999999E+01,  5.08774120119822E+02,  2.51812430527277E+03
 1.90566666700000E+03,  4.06575671708899E-01,  3.76923077000000E-01,  1.12420801745681E+00,  5.54499999999999E+01,  5.59627606051083E+02,  2.80310882528079E+03
 1.90575000000000E+03,  3.92966484220708E-01,  4.38461538000000E-01,  1.12846333024252E+00,  5.56299999999999E+01,  6.65124403106850E+02,  2.86111628160616E+03
 1.90583333300000E+03,  3.71941749880509E-01,  3.46153846000000E-01,  1.12135377254268E+00,  5.58099999999999E+01,  8.09419344615650E+02,  2.79181061861707E+03
 1.90591666700000E+03,  3.48913015897792E-01,  1.15384615000000E-01,  1.12565991968078E+00,  5.59899999999999E+01,  9.62088056298345E+02,  2.56909868528745E+03
 1.90600000000000E+03,  3.21798872193170E-01,  3.92307692000000E-01,  1.12988866584561E+00,  5.61699999999999E+01,  1.05117395417315E+03,  2.10502986958222E+03
 1.90608333300000E+03,  2.98700017383438E-01,  2.15384615000000E-01,  1.13403719611558E+00,  5.63499999999999E+01,  9.97246944900591E+02,  1.54906655307932E+03
 1.90616666700000E+03,  2.94379861607752E-01,  2.69230769000000E-01,  1.13810270766723E+00,  5.65299999999999E+01,  8.00787796839010E+02,  9.98764121610880E+02
 1.90625000000000E+03,  3.21346870518878E-01,  2.84615385000000E-01,  1.14208241212829E+00,  5.67099999999999E+01,  5.87831339072386E+02,  5.22729961982593E+02
 1.90633333300000E+03,  3.83418335065488E-01,  4.38461538000000E-01,  1.05408799560305E+00,  5.68899999999999E+01,  4.27631746754854E+02,  3.42743571737252E+02
 1.90641666700000E+03,  4.55962430759138E-01,  4.84615385000000E-01,  1.06372117333740E+00,  5.70699999999999E+01,  3.06042746363765E+02,  4.35594897021614E+02
 1.90650000000000E+03,  5.20953014192623E-01,  5.69230769000000E-01,  1.07355289337672E+00,  5.72499999999999E+01,  2.93179405949287E+02,  6.37742743083642E+02
 1.90658333300000E+03,  5.55673168774312E-01,  5.53846154000000E-01,  1.08357303361305E+00,  5.74299999999999E+01,  3.78344115489025E+02,  8.46598313758414E+02
 1.90666666700000E+03,  5.56353040847178E-01,  6.61538462000000E-01,  1.09377103716343E+00,  5.76099999999999E+01,  3.78918948047289E+02,  8.49626718005233E+02
 1.90675000000000E+03,  5.18906771415303E-01,  8.15384615000000E-01,  1.10413592145322E+00,  5.77899999999999E+01,  2.89458507895618E+02,  7.30689233165855E+02
 1.90683333300000E+03,  4.54444863277039E-01,  4.07692308000000E-01,  1.10608135920565E+00,  5.79699999999999E+01,  2.85300970729825E+02,  7.68290239477391E+02
 1.90691666700000E+03,  3.70729584576188E-01,  6.84615385000000E-01,  1.11662935696147E+00,  5.81499999999999E+01,  3.28677206730389E+02,  8.27430659939443E+02
 1.90700000000000E+03,  2.79695817780611E-01,  6.23076923000000E-01,  1.12731879570093E+00,  5.83299999999999E+01,  2.90484042868846E+02,  8.50924141553895E+02
 1.90708333300000E+03,  1.95802744635229E-01,  3.61538462000000E-01,  1.13813740907334E+00,  5.85099999999999E+01,  2.72440388301315E+02,  1.09202438371684E+03
 1.90716666700000E+03,  1.75877263426814E-01,  4.92307692000000E-01,  1.14907255433686E+00,  5.86899999999999E+01,  3.51157423742701E+02,  1.42221264565751E+03
 1.90725000000000E+03,  2.32432520548033E-01,  4.07692308000000E-01,  1.16011122688314E+00,  5.88699999999999E+01,  3.77773217791859E+02,  1.47153366693843E+03
 1.90733333300000E+03,  3.58326808567442E-01,  4.30769231000000E-01,  1.11744165820248E+00,  5.90499999999999E+01,  3.05077121117533E+02,  1.29430389860788E+03
 1.90741666700000E+03,  4.62004851070609E-01,  4.69230769000000E-01,  1.11255864155021E+00,  5.92299999999999E+01,  2.49647877863137E+02,  1.12676771398642E+03
 1.90750000000000E+03,  5.30606896366351E-01,  4.23076923000000E-01,  1.10758969837894E+00,  5.94099999999999E+01,  2.06497227578115E+02,  8.71941049377611E+02
 1.90758333300000E+03,  5.56975540219711E-01,  5.15384615000000E-01,  1.10253959349920E+00,  5.95899999999999E+01,  1.48694268765190E+02,  4.96474121143023E+02
 1.90766666700000E+03,  5.69353154271249E-01,  5.69230769000000E-01,  1.09741325057999E+00,  5.97699999999999E+01,  1.52049913669611E+02,  2.96415848714103E+02
 1.90775000000000E+03,  5.59219339084982E-01,  2.30769231000000E-01,  1.09221575030351E+00,  5.99499999999999E+01,  1.84406054382029E+02,  2.90029474741096E+02
 1.90783333300000E+03,  5.26325583684492E-01,  1.92307692000000E-01,  1.07964646884321E+00,  6.01299999999999E+01,  1.78466915042026E+02,  2.73891610636262E+02
 1.90791666700000E+03,  4.85463777776882E-01,  4.92307692000000E-01,  1.07424862363508E+00,  6.03099999999999E+01,  1.82770391456785E+02,  3.15481088202400E+02
 1.90800000000000E+03,  4.48153243706833E-01,  4.07692308000000E-01,  1.06880360678093E+00,  6.04899999999999E+01,  1.93765284767146E+02,  4.72347464727117E+02
 1.90808333300000E+03,  4.20091427990898E-01,  5.61538462000000E-01,  1.06331730051884E+00,  6.06699999999999E+01,  1.59885178887012E+02,  6.19293419557875E+02
 1.90816666700000E+03,  3.50845304097215E-01,  6.23076923000000E-01,  1.05779572669837E+00,  6.08499999999999E+01,  1.19413702317293E+02,  7.31420731264352E+02
 1.90825000000000E+03,  2.40302247965819E-01,  5.53846154000000E-01,  1.05224504312024E+00,  6.10299999999999E+01,  1.33337499328593E+02,  9.27835617006080E+02
 1.90833333300000E+03,  9.28385634635479E-02,  5.61538462000000E-01,  8.79975749467472E-01,  6.12099999999999E+01,  1.74654225111508E+02,  1.19809133031244E+03
 1.90841666700000E+03,  7.98157061036148E-03,  5.61538462000000E-01,  8.77955777551803E-01,  6.13899999999999E+01,  1.71227199303859E+02,  1.36243627951089E+03
 1.90850000000000E+03, -1.41151462724392E-02,  6.23076923000000E-01,  8.75924009652980E-01,  6.15699999999999E+01,  1.37157195328376E+02,  1.42847020209538E+03
 1.90858333300000E+03,  1.68103071082941E-02,  5.46153846000000E-01,  8.73880704224284E-01,  6.17499999999999E+01,  1.20257093105379E+02,  1.47644295847496E+03
 1.90866666700000E+03,  4.28377387649464E-02,  2.46153846000000E-01,  8.71826125923256E-01,  6.19299999999999E+01,  9.52085100174117E+01,  1.38863920405199E+03
 1.90875000000000E+03,  5.91077372080540E-02,  1.00000000000000E-01,  8.69760545660000E-01,  6.21099999999999E+01,  4.94524677916570E+01,  1.12930038445356E+03
 1.90883333300000E+03,  6.83712865317765E-02,  3.07692310000000E-02,  8.64584461471213E-01,  6.22899999999999E+01,  2.56660954971649E+01,  8.12880044274422E+02
 1.90891666700000E+03,  7.87273954108249E-02, -1.23076923000000E-01,  8.62482759746212E-01,  6.24699999999999E+01,  4.40284424320183E+01,  5.72577540329297E+02
 1.90900000000000E+03,  9.37787131812260E-02,  4.61538460000000E-02,  8.60371348843884E-01,  6.26499999999999E+01,  7.03022177779114E+01,  4.31262043859391E+02
 1.90908333300000E+03,  1.14208429802163E-01,  2.69230769000000E-01,  8.58250534777766E-01,  6.28299999999999E+01,  9.37732479979396E+01,  2.88142748146738E+02
 1.90916666700000E+03,  1.32303607333101E-01,  1.76923077000000E-01,  8.56120630103149E-01,  6.30099999999999E+01,  1.51952892078885E+02,  3.11538255002633E+02
 1.90925000000000E+03,  1.42234612878273E-01,  3.15384615000000E-01,  8.53981953957510E-01,  6.31899999999999E+01,  2.01388868780985E+02,  5.57303459956292E+02
 1.90933333300000E+03,  1.44058842079389E-01,  2.46153846000000E-01,  6.83685422813127E-01,  6.33699999999999E+01,  2.00546577140964E+02,  6.26800809516037E+02
 1.90941666700000E+03,  1.44355762749774E-01,  3.84615380000000E-02,  6.83052018998481E-01,  6.35499999999999E+01,  2.25047193686283E+02,  5.34426459382572E+02
 1.90950000000000E+03,  1.47488424890811E-01,  5.38461540000000E-02,  6.82467137749016E-01,  6.37299999999999E+01,  2.84460576195613E+02,  5.27214937234420E+02
 1.90958333300000E+03,  1.51798621489828E-01,  2.07692308000000E-01,  6.81931510513708E-01,  6.39099999999999E+01,  3.69786647904315E+02,  5.03747233551746E+02
 1.90966666700000E+03,  1.49961220660874E-01,  3.46153846000000E-01,  6.81445863989870E-01,  6.40899999999999E+01,  5.18174766445423E+02,  5.83340010468629E+02
 1.90975000000000E+03,  1.38047827169316E-01,  4.15384615000000E-01,  6.81010919744480E-01,  6.42699999999999E+01,  6.14027977094817E+02,  8.71799726636497E+02
 1.90983333300000E+03,  1.19374854900134E-01,  5.84615385000000E-01,  6.83306207341413E-01,  6.44499999999999E+01,  5.82014029346514E+02,  1.14438314665432E+03
 1.90991666700000E+03,  1.03783032779843E-01,  7.76923077000000E-01,  6.82701318411005E-01,  6.46299999999999E+01,  5.10483404458887E+02,  1.39741671628076E+03
 1.91000000000000E+03,  9.82054757828215E-02,  8.00000000000000E-01,  6.82145383782411E-01,  6.48099999999999E+01,  4.03498842810258E+02,  1.68183853114196E+03
 1.91008333300000E+03,  9.40072150875925E-02,  4.46153846000000E-01,  6.81639132148980E-01,  6.49900000000000E+01,  2.81148246959466E+02,  1.88088026716959E+03
 1.91016666700000E+03,  4.88634783047297E-02,  1.53846154000000E-01,  6.81183287229983E-01,  6.51700000000000E+01,  2.27431012067079E+02,  1.95132588104706E+03
 1.91025000000000E+03, -4.06922937835273E-02,  2.15384615000000E-01,  6.80778567387990E-01,  6.53500000000000E+01,  2.35442884624046E+02,  1.93834683320274E+03
 1.91033333300000E+03, -1.58647801215987E-01, -9.23076920000000E-02,  8.89064315817645E-01,  6.55300000000000E+01,  2.65221167044939E+02,  1.88748076594313E+03
 1.91041666700000E+03, -2.29005911155717E-01,  2.30769230000000E-02,  8.88079074194504E-01,  6.57100000000000E+01,  2.43322144675263E+02,  1.69355814057367E+03
 1.91050000000000E+03, -2.50690308875593E-01,  2.76923077000000E-01,  8.87350158872860E-01,  6.58900000000000E+01,  1.70488746572734E+02,  1.32635155814443E+03
 1.91058333300000E+03, -2.34795306540449E-01,  1.84615385000000E-01,  8.86882826604453E-01,  6.60700000000000E+01,  1.59893956698779E+02,  9.96372911227163E+02
 1.91066666700000E+03, -2.26229090335122E-01, -6.15384620000000E-02,  8.86682089397856E-01,  6.62500000000000E+01,  1.81193904208684E+02,  7.90075598720196E+02
 1.91075000000000E+03, -2.28840372966800E-01, -2.46153846000000E-01,  8.86752702491422E-01,  6.64300000000000E+01,  1.96294613005544E+02,  6.88651978916684E+02
 1.91083333300000E+03, -2.40570380182271E-01,  7.69230770000000E-02,  8.86752103395245E-01,  6.66100000000000E+01,  2.60973538325743E+02,  5.92069104998391E+02
 1.91091666700000E+03, -2.49051129000786E-01, -1.23076923000000E-01,  8.87097750353675E-01,  6.67900000000000E+01,  3.13716644189582E+02,  4.23569224121341E+02
 1.91100000000000E+03, -2.49814133027817E-01, -2.92307692000000E-01,  8.87723428305026E-01,  6.69700000000000E+01,  3.12007021164207E+02,  4.58953820345897E+02
 1.91108333300000E+03, -2.40714357221474E-01, -3.23076923000000E-01,  8.88633051678929E-01,  6.71500000000000E+01,  2.80465529544358E+02,  7.02315233928328E+02
 1.91116666700000E+03, -1.75110696829961E-01, -2.30769231000000E-01,  8.89830230975164E-01,  6.73300000000000E+01,  2.47825083837892E+02,  8.88815860923836E+02
 1.91125000000000E+03, -5.46992353610545E-02, -1.84615385000000E-01,  8.91318261308154E-01,  6.75100000000000E+01,  2.93535184592768E+02,  1.26143174076725E+03
 1.91133333300000E+03,  1.11146448057220E-01, -8.46153850000000E-02,  8.39357439193786E-01,  6.76900000000001E+01,  3.36751537715552E+02,  1.78014056268613E+03
 1.91141666700000E+03,  2.10402649742563E-01,  1.30769231000000E-01,  8.43927397199446E-01,  6.78700000000001E+01,  3.14547646073403E+02,  1.94255695897238E+03
 1.91150000000000E+03,  2.37926128380040E-01,  7.69230770000000E-02,  8.48547336530790E-01,  6.80500000000001E+01,  3.92237307771951E+02,  1.87381920309123E+03
 1.91158333300000E+03,  1.98100770348975E-01, -1.69230769000000E-01,  8.53215970615543E-01,  6.82300000000001E+01,  5.31168152613766E+02,  1.83161563900061E+03
 1.91166666700000E+03,  1.22717881636785E-01, -8.46153850000000E-02,  8.57931970511492E-01,  6.84100000000001E+01,  6.37216527934112E+02,  1.68455131520759E+03
 1.91175000000000E+03,  1.30557643970774E-02, -1.53846150000000E-02,  8.62693964806981E-01,  6.85900000000001E+01,  8.15091855372183E+02,  1.48082614555687E+03
 1.91183333300000E+03, -1.25369535534789E-01,  8.46153850000000E-02,  8.82874038750768E-01,  6.87700000000001E+01,  9.36327567994116E+02,  1.29996307422300E+03
 1.91191666700000E+03, -2.35711227186682E-01, -1.61538462000000E-01,  8.87849261913373E-01,  6.89500000000001E+01,  8.54337255255858E+02,  1.09545117431663E+03
 1.91200000000000E+03, -3.06827886150788E-01, -2.15384615000000E-01,  8.92861123240043E-01,  6.91300000000001E+01,  7.01439721087466E+02,  8.79927496343023E+02
 1.91208333300000E+03, -3.36134124586172E-01, -1.84615385000000E-01,  8.97907947510936E-01,  6.93100000000001E+01,  4.88511393700256E+02,  5.89202415282698E+02
 1.91216666700000E+03, -2.56159730567385E-01, -2.84615385000000E-01,  9.02988017252818E-01,  6.94900000000001E+01,  2.16347954884955E+02,  2.80237687740444E+02
 1.91225000000000E+03, -7.14470334191873E-02, -1.61538462000000E-01,  9.08099572904385E-01,  6.96700000000001E+01,  1.09336000854232E+02,  2.33645569140411E+02
 1.91233333300000E+03,  2.12747185184149E-01, -3.84615380000000E-02,  4.62348150037529E-01,  6.98500000000001E+01,  2.58023672251699E+02,  5.62178416620215E+02
 1.91241666700000E+03,  4.07415741221060E-01,  6.92307690000000E-02,  4.63303721527771E-01,  7.00300000000001E+01,  4.83276196451294E+02,  1.05602873730661E+03
 1.91250000000000E+03,  5.08822006736469E-01,  3.84615380000000E-02,  4.64263636032120E-01,  7.02100000000002E+01,  6.25174153162370E+02,  1.47037492422269E+03
 1.91258333300000E+03,  5.16442210775120E-01,  1.46153846000000E-01,  4.65227852181294E-01,  7.03900000000002E+01,  7.41028273241286E+02,  1.97511706977764E+03
 1.91266666700000E+03,  5.16283807241642E-01,  5.69230769000000E-01,  4.66196327503641E-01,  7.05700000000002E+01,  8.61777828743877E+02,  2.64793036225269E+03
 1.91275000000000E+03,  5.07825120330958E-01,  6.30769231000000E-01,  4.67169018412073E-01,  7.07500000000002E+01,  8.02783328007795E+02,  2.84013533590022E+03
 1.91283333300000E+03,  4.92113703188156E-01,  6.46153846000000E-01,  4.66274069732553E-01,  7.09300000000002E+01,  5.77696367938811E+02,  2.41495639279227E+03
 1.91291666700000E+03,  4.82628703935926E-01,  7.30769231000000E-01,  4.67247096322914E-01,  7.11100000000002E+01,  4.25851215069645E+02,  2.03232579444197E+03
 1.91300000000000E+03,  4.85284132680420E-01,  6.53846154000000E-01,  4.68224290153492E-01,  7.12900000000002E+01,  3.16307875787160E+02,  1.56861863915336E+03
 1.91308333300000E+03,  5.09238450557448E-01,  7.84615385000000E-01,  4.69205605274861E-01,  7.14700000000002E+01,  1.46560232364866E+02,  7.78327953916026E+02
 1.91316666700000E+03,  5.43909944513837E-01,  7.69230769000000E-01,  4.70190994581531E-01,  7.16500000000002E+01,  5.05309397461845E+01,  3.44813026004686E+02
 1.91325000000000E+03,  5.79478140008196E-01,  8.00000000000000E-01,  4.71180409798633E-01,  7.18300000000002E+01,  9.16191033317820E+01,  5.18185689916412E+02
 1.91333333300000E+03,  5.96578561442536E-01,  9.61538462000000E-01,  4.72564412444334E-01,  7.20100000000002E+01,  1.60727428981366E+02,  7.87411563375854E+02
 1.91341666700000E+03,  5.99022321130856E-01,  9.15384615000000E-01,  4.72510901227130E-01,  7.21900000000002E+01,  1.78603398673246E+02,  8.94224393499932E+02
 1.91350000000000E+03,  5.94804915821713E-01,  7.30769231000000E-01,  4.72457238661230E-01,  7.23700000000002E+01,  1.91272877029257E+02,  9.20650259475835E+02
 1.91358333300000E+03,  5.86817825820742E-01,  8.00000000000000E-01,  4.72403424358592E-01,  7.25500000000002E+01,  2.64201545472137E+02,  9.57977466686178E+02
 1.91366666700000E+03,  5.60727392988211E-01,  8.76923077000000E-01,  4.72349457930461E-01,  7.27300000000002E+01,  2.93052831256908E+02,  8.47058253592689E+02
 1.91375000000000E+03,  5.10362278672595E-01,  7.46153846000000E-01,  4.72295338987364E-01,  7.29100000000003E+01,  2.22970191031736E+02,  5.57116301755071E+02
 1.91383333300000E+03,  4.49303998605373E-01,  7.53846154000000E-01,  4.50142922224947E-01,  7.30900000000003E+01,  2.03258898790725E+02,  4.83978772925169E+02
 1.91391666700000E+03,  4.07307277315544E-01,  8.38461538000000E-01,  4.50030053714163E-01,  7.32700000000003E+01,  2.24318004942192E+02,  6.20354866599028E+02
 1.91400000000000E+03,  3.93948650458324E-01,  6.69230769000000E-01,  4.49916910308856E-01,  7.34500000000003E+01,  1.61829726220234E+02,  6.12216086610923E+02
 1.91408333300000E+03,  4.02437359881676E-01,  8.00000000000000E-01,  4.49803491618612E-01,  7.36300000000003E+01,  8.74209616972208E+01,  5.48957447089835E+02
 1.91416666700000E+03,  3.85907916339378E-01,  7.07692308000000E-01,  4.49689797254781E-01,  7.38100000000003E+01,  9.83841917149818E+01,  5.64406340274225E+02
 1.91425000000000E+03,  3.35678220631348E-01,  8.00000000000000E-01,  4.49575826830500E-01,  7.39900000000003E+01,  1.48362565562869E+02,  5.08486064798334E+02
 1.91433333300000E+03,  2.51748274454157E-01,  9.53846154000000E-01,  6.80496176070421E-01,  7.41700000000003E+01,  1.47091271038077E+02,  4.01825014298132E+02
 1.91441666700000E+03,  1.96072600681360E-01,  7.84615385000000E-01,  6.80880725271520E-01,  7.43500000000003E+01,  1.86847842286122E+02,  6.84941327715292E+02
 1.91450000000000E+03,  1.71711592821317E-01,  8.23076923000000E-01,  6.81326271647898E-01,  7.45300000000003E+01,  4.88183149907574E+02,  1.67518425369426E+03
 1.91458333300000E+03,  1.78503777010976E-01,  9.30769231000000E-01,  6.81833390086922E-01,  7.47100000000003E+01,  8.84850370844715E+02,  2.84917067988093E+03
 1.91466666700000E+03,  1.79026708217649E-01,  5.76923077000000E-01,  6.82402642618970E-01,  7.48900000000003E+01,  1.06272046525920E+03,  3.61568580554003E+03
 1.91475000000000E+03,  1.72279214418562E-01,  7.15384615000000E-01,  6.83034577923816E-01,  7.50700000000003E+01,  1.17318610846361E+03,  4.02578532000910E+03
 1.91483333300000E+03,  1.58584240013872E-01,  4.00000000000000E-01,  6.82346621954937E-01,  7.52500000000003E+01,  1.24472741250172E+03,  3.81886007065958E+03
 1.91491666700000E+03,  1.52398975314578E-01, -1.53846150000000E-02,  6.82972657934216E-01,  7.54300000000003E+01,  9.76512486498945E+02,  2.74167865226999E+03
 1.91500000000000E+03,  1.58639728129279E-01, -1.76923077000000E-01,  6.83661861979225E-01,  7.56100000000004E+01,  5.79646940613938E+02,  1.55693884165371E+03
 1.91508333300000E+03,  1.77145026207747E-01, -3.38461538000000E-01,  6.84414755934144E-01,  7.57900000000004E+01,  4.27504131153804E+02,  8.51840315674388E+02
 1.91516666700000E+03,  1.42289776344649E-01, -5.46153846000000E-01,  6.85231846828976E-01,  7.59700000000004E+01,  3.52626253956573E+02,  4.02405272541119E+02
 1.91525000000000E+03,  4.46645877841639E-02, -4.23076923000000E-01,  6.86113626366460E-01,  7.61500000000004E+01,  2.43683674125596E+02,  1.91989315088785E+02
 1.91533333300000E+03, -1.15730536325017E-01, -6.07692308000000E-01,  5.81956280801263E-01,  7.63300000000004E+01,  3.19119290526427E+02,  3.43847740685923E+02
 1.91541666700000E+03, -2.25824685523571E-01, -8.23076923000000E-01,  5.82257151750768E-01,  7.65100000000004E+01,  5.63469593756709E+02,  6.89189420201293E+02
 1.91550000000000E+03, -2.78936832701834E-01, -7.76923077000000E-01,  5.82559048339687E-01,  7.66900000000004E+01,  7.39158103774714E+02,  1.08557102113999E+03
 1.91558333300000E+03, -2.78054903989899E-01, -6.92307692000000E-01,  5.82861974049376E-01,  7.68700000000004E+01,  8.18972236692116E+02,  1.45461563947637E+03
 1.91566666700000E+03, -2.94709492996217E-01, -9.92307692000000E-01,  5.83165932370974E-01,  7.70500000000004E+01,  8.81812656400609E+02,  1.67726405836010E+03
 1.91575000000000E+03, -3.32148591694968E-01, -6.69230769000000E-01,  5.83470926805400E-01,  7.72300000000004E+01,  8.07697036372940E+02,  1.66728499918837E+03
 1.91583333300000E+03, -3.84396353433118E-01, -9.30769231000000E-01,  5.99540949418299E-01,  7.74100000000004E+01,  5.45368771592280E+02,  1.41594636342169E+03
 1.91591666700000E+03, -4.17665537856955E-01, -8.69230769000000E-01,  5.99901681052616E-01,  7.75900000000004E+01,  3.40888176683573E+02,  1.05397700074747E+03
 1.91600000000000E+03, -4.28530463751697E-01, -6.38461538000000E-01,  6.00263637611774E-01,  7.77700000000004E+01,  2.94168787923537E+02,  7.43847068960319E+02
 1.91608333300000E+03, -4.16942907022459E-01, -7.84615385000000E-01,  6.00626823079398E-01,  7.79500000000004E+01,  2.56978495284301E+02,  5.43843369361065E+02
 1.91616666700000E+03, -3.74025842040213E-01, -6.69230769000000E-01,  6.00991241447784E-01,  7.81300000000005E+01,  2.38883770109077E+02,  4.27606828568776E+02
 1.91625000000000E+03, -3.01207449786617E-01, -3.30769231000000E-01,  6.01356896717854E-01,  7.83100000000005E+01,  2.76612752754265E+02,  3.33368192138037E+02
 1.91633333300000E+03, -2.04560027738849E-01, -4.61538462000000E-01, -4.95946736235376E-02,  7.84900000000005E+01,  2.65760057559604E+02,  3.34316918809742E+02
 1.91641666700000E+03, -1.39038451105114E-01, -5.30769231000000E-01, -4.94089763593751E-02,  7.86700000000005E+01,  2.43333430237483E+02,  5.19582682937011E+02
 1.91650000000000E+03, -1.05212036948912E-01, -5.00000000000000E-01, -4.91147475633578E-02,  7.88500000000005E+01,  2.94623124095507E+02,  6.82310696497210E+02
 1.91658333300000E+03, -1.02387226868504E-01, -7.46153846000000E-01, -4.87117196909226E-02,  7.90300000000005E+01,  3.28965417598896E+02,  6.90211618726974E+02
 1.91666666700000E+03, -1.07260462416318E-01, -9.23076923000000E-01, -4.81996841723042E-02,  7.92100000000005E+01,  2.93403061981020E+02,  6.97139760690079E+02
 1.91675000000000E+03, -1.22801315788254E-01, -8.92307692000000E-01, -4.75784927490018E-02,  7.93900000000005E+01,  2.54613397452824E+02,  6.55157505179976E+02
 1.91683333300000E+03, -1.44324604408605E-01, -1.18461538500000E+00, -4.76881446748274E-02,  7.95700000000005E+01,  2.21085135229823E+02,  4.53287983156834E+02
 1.91691666700000E+03, -1.60851076385759E-01, -1.12307692300000E+00, -4.69756778567881E-02,  7.97500000000005E+01,  1.52449406422922E+02,  2.81716546842075E+02
 1.91700000000000E+03, -1.65872271898142E-01, -1.10769230800000E+00, -4.61539443507703E-02,  7.99300000000005E+01,  9.66375683835643E+01,  2.58463447740932E+02
 1.91708333300000E+03, -1.70107963265481E-01, -1.16923076900000E+00, -4.52229740738924E-02,  8.01100000000005E+01,  1.06306791317786E+02,  2.72441741056514E+02
 1.91716666700000E+03, -2.21323742714925E-01, -9.07692308000000E-01, -4.41828622592246E-02,  8.02900000000005E+01,  1.01574156805893E+02,  2.70236484536884E+02
 1.91725000000000E+03, -3.22773842059082E-01, -6.84615385000000E-01, -4.30337707216898E-02,  8.04700000000005E+01,  7.74916793050168E+01,  3.21448545898706E+02
 1.91733333300000E+03, -4.51876281366369E-01, -7.38461538000000E-01,  2.77327551995061E-01,  8.06500000000005E+01,  1.33027819766661E+02,  4.96493704607317E+02
 1.91741666700000E+03, -5.19528880246594E-01, -8.53846154000000E-01,  2.72648932954320E-01,  8.08300000000006E+01,  1.92764328509980E+02,  7.20378197517697E+02
 1.91750000000000E+03, -5.18583384439084E-01, -9.15384615000000E-01,  2.67956511423368E-01,  8.10100000000006E+01,  2.23860708629639E+02,  8.57567510881106E+02
 1.91758333300000E+03, -4.66350891834326E-01, -5.46153846000000E-01,  2.63251263969153E-01,  8.11900000000006E+01,  3.32224610597923E+02,  8.95995200219439E+02
 1.91766666700000E+03, -3.79147477861888E-01, -3.92307692000000E-01,  2.58534185623947E-01,  8.13700000000006E+01,  3.91598431784637E+02,  8.17163923180436E+02
 1.91775000000000E+03, -2.67687609494601E-01, -3.92307692000000E-01,  2.53806289834188E-01,  8.15500000000006E+01,  3.19196433305805E+02,  6.06434944998601E+02
 1.91783333300000E+03, -1.24735571624711E-01, -1.61538462000000E-01,  2.22511520644176E-01,  8.17300000000006E+01,  2.85627281868211E+02,  4.22288199435916E+02
 1.91791666700000E+03, -1.06681951133063E-02,  1.69230769000000E-01,  2.17736479100866E-01,  8.19100000000006E+01,  2.57749702338669E+02,  3.78757627532891E+02
 1.91800000000000E+03,  8.33417043057463E-02, -1.00000000000000E-01,  2.12960058039938E-01,  8.20900000000006E+01,  1.72966171172801E+02,  4.59171062296279E+02
 1.91808333300000E+03,  1.46313975769056E-01,  1.23076923000000E-01,  2.08183442530400E-01,  8.22700000000006E+01,  1.89543747288825E+02,  6.80796882028715E+02
 1.91816666700000E+03,  1.96444087296663E-01,  2.15384615000000E-01,  2.03407834821390E-01,  8.24500000000006E+01,  2.75445500420552E+02,  9.57587590394003E+02
 1.91825000000000E+03,  2.18290808048538E-01,  2.30769231000000E-01,  1.98634454153613E-01,  8.26300000000006E+01,  2.91353729078824E+02,  1.10140293542932E+03
 1.91833333300000E+03,  2.18704872849111E-01,  1.15384615000000E-01,  5.24243405845854E-01,  8.28100000000006E+01,  2.83969266252882E+02,  1.06846619627196E+03
 1.91841666700000E+03,  2.12717494729524E-01,  3.84615380000000E-02,  5.24349777643917E-01,  8.29900000000006E+01,  2.69070616728696E+02,  9.47764299112996E+02
 1.91850000000000E+03,  2.11846190894543E-01,  1.76923077000000E-01,  5.24456498690484E-01,  8.31700000000006E+01,  1.96186573648420E+02,  8.52983791090254E+02
 1.91858333300000E+03,  2.16253950180263E-01,  3.15384615000000E-01,  5.24563570188157E-01,  8.33500000000006E+01,  1.08167143840635E+02,  7.98942776667069E+02
 1.91866666700000E+03,  2.18917947037027E-01,  9.23076920000000E-02,  5.24670993343899E-01,  8.35300000000007E+01,  7.58187159319330E+01,  7.09320686820209E+02
 1.91875000000000E+03,  2.17845089058648E-01,  1.07692308000000E-01,  5.24778769369047E-01,  8.37100000000007E+01,  1.17783809434594E+02,  6.44484802955884E+02
 1.91883333300000E+03,  2.12709398435241E-01,  8.46153850000000E-02,  5.19764007760991E-01,  8.38900000000007E+01,  2.00106686547712E+02,  6.39442535243763E+02
 1.91891666700000E+03,  2.11356381751455E-01,  3.07692308000000E-01,  5.19855724823062E-01,  8.40700000000007E+01,  2.67318516516547E+02,  5.65147550875743E+02
 1.91900000000000E+03,  2.15097711804307E-01,  1.00000000000000E-01,  5.19947740883413E-01,  8.42500000000007E+01,  3.12158953714741E+02,  4.95684722377398E+02
 1.91908333300000E+03,  2.20029394145167E-01,  4.07692308000000E-01,  5.20040056962845E-01,  8.44300000000007E+01,  3.42708433240313E+02,  5.74511038658814E+02
 1.91916666700000E+03,  2.16048905249842E-01,  3.76923077000000E-01,  5.20132674085848E-01,  8.46100000000007E+01,  3.09534451952914E+02,  6.72017319550123E+02
 1.91925000000000E+03,  2.02500408776717E-01,  2.23076923000000E-01,  5.20225593280605E-01,  8.47900000000007E+01,  2.13006220177365E+02,  6.98317086200382E+02
 1.91933333300000E+03,  1.94851579422104E-01, -5.38461540000000E-02,  2.11831707478682E-01,  8.49700000000007E+01,  1.35600235461343E+02,  7.23491848230566E+02
 1.91941666700000E+03,  2.09638808430617E-01,  1.00000000000000E-01,  2.07055220940790E-01,  8.51500000000007E+01,  9.77862801813502E+01,  7.69432111086402E+02
 1.91950000000000E+03,  2.54376636053616E-01,  2.23076923000000E-01,  2.02280028684801E-01,  8.53300000000007E+01,  8.25461312013230E+01,  7.95221845894936E+02
 1.91958333300000E+03,  3.10330662930789E-01,  3.00000000000000E-01,  1.97507353936140E-01,  8.55100000000007E+01,  8.84887983417841E+01,  7.48915047871247E+02
 1.91966666700000E+03,  3.59089705048417E-01,  7.84615385000000E-01,  1.92738436659963E-01,  8.56900000000007E+01,  9.11023425659330E+01,  7.43404735472965E+02
 1.91975000000000E+03,  3.85624681857413E-01,  6.76923077000000E-01,  1.87974533341992E-01,  8.58700000000007E+01,  9.20227464037522E+01,  8.54460613603812E+02
 1.91983333300000E+03,  4.04412796732002E-01,  7.76923077000000E-01,  1.97860733764127E-01,  8.60500000000008E+01,  9.48303419075709E+01,  8.03811595535710E+02
 1.91991666700000E+03,  4.30829088159306E-01,  8.07692308000000E-01,  1.93091495303047E-01,  8.62300000000008E+01,  7.57084467033717E+01,  6.27007579306021E+02
 1.92000000000000E+03,  4.80916503261901E-01,  7.92307692000000E-01,  1.88327177175748E-01,  8.64100000000008E+01,  7.00977104482050E+01,  8.60675805391557E+02
 1.92008333300000E+03,  5.42261014085813E-01,  8.07692308000000E-01,  1.83569050957203E-01,  8.65900000000008E+01,  9.89176044353277E+01,  1.50363599889705E+03
 1.92016666700000E+03,  6.00502257208497E-01,  8.30769231000000E-01,  1.78818404280848E-01,  8.67700000000008E+01,  1.04443885359170E+02,  2.06533471540236E+03
 1.92025000000000E+03,  6.39314062800090E-01,  7.53846154000000E-01,  1.74076540577383E-01,  8.69500000000008E+01,  9.55730268361549E+01,  2.46886794353561E+03
 1.92033333300000E+03,  6.63340897622866E-01,  1.00769230800000E+00,  1.66221990786189E-01,  8.71300000000008E+01,  1.25361284658686E+02,  2.76916513008317E+03
 1.92041666700000E+03,  6.75929131282137E-01,  9.92307692000000E-01,  1.59835917741141E-01,  8.73100000000008E+01,  1.56460077605044E+02,  2.67717477905769E+03
 1.92050000000000E+03,  6.82801254512833E-01,  9.38461538000000E-01,  1.53270783163643E-01,  8.74900000000008E+01,  1.54391252246153E+02,  2.08227859735506E+03
 1.92058333300000E+03,  6.77439298786475E-01,  7.84615385000000E-01,  1.46531310228338E-01,  8.76700000000008E+01,  1.53861598329068E+02,  1.34385573547277E+03
 1.92066666700000E+03,  6.51139794672356E-01,  9.46153846000000E-01,  1.39622505388445E-01,  8.78500000000008E+01,  1.61275335108402E+02,  7.96660138311140E+02
 1.92075000000000E+03,  5.97404665688734E-01,  6.30769231000000E-01,  1.32549657722014E-01,  8.80300000000008E+01,  1.59425328330828E+02,  5.19137162542450E+02
 1.92083333300000E+03,  5.21702784379994E-01,  9.84615385000000E-01,  1.23638821431033E-01,  8.82100000000008E+01,  1.56568168915117E+02,  4.85414140476902E+02
 1.92091666700000E+03,  4.43255065295617E-01,  7.30769231000000E-01,  1.16220744797996E-01,  8.83900000000008E+01,  1.51169375888323E+02,  5.51373310446983E+02
 1.92100000000000E+03,  3.77332170957272E-01,  6.61538462000000E-01,  1.07731829223562E-01,  8.85700000000008E+01,  1.39916712397187E+02,  5.80654448584585E+02
 1.92108333300000E+03,  3.15151944093742E-01,  4.84615385000000E-01,  9.91258107937837E-02,  8.87500000000009E+01,  1.36479417417289E+02,  5.89026113161381E+02
 1.92116666700000E+03,  2.53427280066711E-01,  5.46153846000000E-01,  9.04147331374731E-02,  8.89300000000009E+01,  1.37124123307672E+02,  5.38517714672358E+02
 1.92125000000000E+03,  1.91601447676093E-01,  3.53846154000000E-01,  4.38217703083476E-02,  8.91100000000009E+01,  1.52347764615184E+02,  4.16386029718225E+02
 1.92133333300000E+03,  1.62617644747978E-01,  3.23076923000000E-01,  5.15878088406040E-02,  8.92900000000009E+01,  2.06948139087813E+02,  4.32200888658734E+02
 1.92141666700000E+03,  1.68165890205224E-01,  3.69230769000000E-01,  5.94811366011562E-02,  8.94700000000009E+01,  2.53703483184719E+02,  6.83120465591681E+02
 1.92150000000000E+03,  2.04615837509085E-01,  5.53846154000000E-01,  6.74782633080423E-02,  8.96500000000009E+01,  2.47520557640149E+02,  9.91325738389439E+02
 1.92158333300000E+03,  2.55423196051090E-01,  6.30769231000000E-01,  7.55558599700333E-02,  8.98300000000009E+01,  2.32152098159478E+02,  1.17593666150552E+03
 1.92166666700000E+03,  3.13953268511016E-01,  6.46153846000000E-01,  8.36908099666835E-02,  9.00100000000009E+01,  2.20350870273170E+02,  1.15884409286230E+03
 1.92175000000000E+03,  3.79027416666545E-01,  4.00000000000000E-01,  1.03812092062971E-01,  9.01900000000009E+01,  1.83256222899287E+02,  9.44392526045574E+02
 1.92183333300000E+03,  4.43923654575178E-01,  5.46153846000000E-01,  1.11971163199848E-01,  9.03700000000009E+01,  1.68325605230777E+02,  6.17403825800997E+02
 1.92191666700000E+03,  5.14995178659588E-01,  5.53846154000000E-01,  1.20088295205063E-01,  9.05500000000009E+01,  2.17002051935647E+02,  3.18140513409973E+02
 1.92200000000000E+03,  5.84148638076642E-01,  7.84615385000000E-01,  1.28142347361377E-01,  9.07300000000009E+01,  2.59979524165129E+02,  2.38607752147621E+02
 1.92208333300000E+03,  5.94369343457910E-01,  1.00000000000000E+00,  1.36112673711736E-01,  9.09100000000009E+01,  2.47379803273819E+02,  5.07650579535935E+02
 1.92216666700000E+03,  5.29232643562347E-01,  1.06923076900000E+00,  1.43979158894608E-01,  9.10900000000009E+01,  2.21952231907069E+02,  9.84772258874448E+02
 1.92225000000000E+03,  4.12838666979555E-01,  8.00000000000000E-01,  2.35798267847775E-01,  9.12700000000009E+01,  1.90959558620047E+02,  1.42832160146281E+03
 1.92233333300000E+03,  3.68810817905809E-01,  8.69230769000000E-01,  2.20291039655803E-01,  9.14500000000010E+01,  1.30215302240357E+02,  1.84126432735549E+03
 1.92241666700000E+03,  4.23443584507264E-01,  9.76923077000000E-01,  2.04960997022679E-01,  9.16300000000010E+01,  8.13564833086553E+01,  2.17960336031220E+03
 1.92250000000000E+03,  5.46882629346248E-01,  8.84615385000000E-01,  1.89843263491467E-01,  9.18100000000010E+01,  7.87224450446075E+01,  2.15382141281602E+03
 1.92258333300000E+03,  6.55648955100495E-01,  9.00000000000000E-01,  1.74971855827182E-01,  9.19900000000010E+01,  9.97987354908682E+01,  1.78839251027745E+03
 1.92266666700000E+03,  7.07010001158920E-01,  7.00000000000000E-01,  1.60379599048031E-01,  9.21700000000010E+01,  1.26892777237055E+02,  1.37925638412179E+03
 1.92275000000000E+03,  6.92574628561689E-01,  7.00000000000000E-01,  1.49290514919564E-01,  9.23500000000010E+01,  1.45520975854199E+02,  9.54161920808808E+02
 1.92283333300000E+03,  6.16177603857765E-01,  6.46153846000000E-01,  1.35270419934607E-01,  9.25300000000010E+01,  1.55503929003194E+02,  5.04477066129280E+02
 1.92291666700000E+03,  5.08029851424743E-01,  6.00000000000000E-01,  1.21613673296424E-01,  9.27100000000010E+01,  1.85342766095003E+02,  2.19726895736065E+02
 1.92300000000000E+03,  3.96915453993932E-01,  5.61538462000000E-01,  1.08347943403165E-01,  9.28900000000010E+01,  2.14816136578318E+02,  2.12021609125717E+02
 1.92308333300000E+03,  3.08173860025592E-01,  4.23076923000000E-01,  9.54993867727095E-02,  9.30700000000010E+01,  2.12255221298484E+02,  4.36905353079667E+02
 1.92316666700000E+03,  2.47605210680707E-01,  4.38461538000000E-01,  8.30925990897801E-02,  9.32500000000010E+01,  2.12693040231533E+02,  7.70910935411631E+02
 1.92325000000000E+03,  2.15987707992514E-01,  4.07692308000000E-01, -2.65756531328146E-01,  9.34300000000010E+01,  2.13879894418942E+02,  1.05497082378753E+03
 1.92333333300000E+03,  2.06858904642180E-01,  7.07692308000000E-01, -2.64023962406732E-01,  9.36100000000010E+01,  1.74768757966330E+02,  1.23826732388755E+03
 1.92341666700000E+03,  2.15914337560863E-01,  8.23076923000000E-01, -2.61947732562782E-01,  9.37900000000010E+01,  1.34817733554564E+02,  1.35852499438653E+03
 1.92350000000000E+03,  2.39387349736201E-01,  7.92307692000000E-01, -2.59532379427673E-01,  9.39700000000011E+01,  1.42355025069903E+02,  1.34923757717681E+03
 1.92358333300000E+03,  2.72578785232009E-01,  6.15384615000000E-01, -2.56782949238916E-01,  9.41500000000011E+01,  1.63362534052888E+02,  1.17749630793763E+03
 1.92366666700000E+03,  3.06687499792231E-01,  2.84615385000000E-01, -2.53704977223470E-01,  9.43300000000011E+01,  1.56315995438874E+02,  9.74754409525343E+02
 1.92375000000000E+03,  3.32555277847286E-01,  1.15384615000000E-01, -2.46769779769140E-01,  9.45100000000011E+01,  1.35028559476433E+02,  8.12701669765304E+02
 1.92383333300000E+03,  3.51334591816592E-01,  5.38461540000000E-02, -2.42758373489995E-01,  9.46900000000011E+01,  1.12238824604951E+02,  6.67671781782122E+02
 1.92391666700000E+03,  3.67624507151886E-01,  1.07692308000000E-01, -2.38444699492859E-01,  9.48700000000011E+01,  8.12703167350965E+01,  4.77288427972611E+02
 1.92400000000000E+03,  3.84628396929172E-01,  1.61538462000000E-01, -2.33836414176588E-01,  9.50500000000011E+01,  7.31776960133787E+01,  3.37231746670262E+02
 1.92408333300000E+03,  3.94572610227804E-01,  1.15384615000000E-01, -2.28941539828028E-01,  9.52300000000011E+01,  9.55382581508375E+01,  5.36407908985654E+02
 1.92416666700000E+03,  3.95576601179559E-01,  1.92307692000000E-01, -2.23768443328127E-01,  9.54100000000011E+01,  1.02761942626578E+02,  7.88086416340563E+02
 1.92425000000000E+03,  3.88706685285132E-01,  1.07692308000000E-01, -2.32251610716712E-01,  9.55900000000011E+01,  1.10561117675555E+02,  7.44720299798495E+02
 1.92433333300000E+03,  3.81945813845775E-01,  5.38461540000000E-02, -2.37073931877791E-01,  9.57700000000011E+01,  1.52713961883451E+02,  1.05847831771016E+03
 1.92441666700000E+03,  3.78690279539755E-01,  2.53846154000000E-01, -2.41583409468145E-01,  9.59500000000011E+01,  1.85228014328722E+02,  1.79302395211661E+03
 1.92450000000000E+03,  3.78940082370549E-01,  2.38461538000000E-01, -2.45772200519140E-01,  9.61300000000011E+01,  1.88231452892113E+02,  2.03026270321620E+03
 1.92458333300000E+03,  3.78129605063828E-01,  3.61538462000000E-01, -2.49633195469924E-01,  9.63100000000011E+01,  1.97569604998949E+02,  1.97838280007846E+03
 1.92466666700000E+03,  3.66211772277277E-01,  3.38461538000000E-01, -2.53160016387062E-01,  9.64900000000011E+01,  1.91151736653225E+02,  2.20456975367303E+03
 1.92475000000000E+03,  3.36568896706692E-01,  7.69230769000000E-01, -2.52554844403056E-01,  9.66700000000012E+01,  1.63705617576026E+02,  2.17592439583875E+03
 1.92483333300000E+03,  2.92630772580762E-01,  1.07692307700000E+00, -2.55802921823498E-01,  9.68500000000012E+01,  2.18858671793447E+02,  1.66149217503344E+03
 1.92491666700000E+03,  2.50360640284463E-01,  1.18461538500000E+00, -2.58707076901897E-01,  9.70300000000012E+01,  3.51779448275080E+02,  1.23105948979300E+03
 1.92500000000000E+03,  2.22993874201978E-01,  1.40000000000000E+00, -2.61262973994469E-01,  9.72100000000012E+01,  4.20280628995919E+02,  1.04430776758370E+03
 1.92508333300000E+03,  1.61479553917164E-01,  1.36923076900000E+00, -2.63466989425291E-01,  9.73900000000012E+01,  4.21358779655249E+02,  7.94830406137564E+02
 1.92516666700000E+03,  5.81198784521443E-02,  1.22307692300000E+00, -2.65316203230338E-01,  9.75700000000012E+01,  3.96241346053569E+02,  5.44497131547733E+02
 1.92525000000000E+03, -9.15689678021024E-02,  1.00769230800000E+00,  2.57262151933498E-01,  9.77500000000012E+01,  2.80278056026024E+02,  5.82005178985644E+02
 1.92533333300000E+03, -1.83667238430497E-01,  8.30769231000000E-01,  2.55156959499071E-01,  9.79300000000012E+01,  1.29818621097836E+02,  7.32400357573724E+02
 1.92541666700000E+03, -2.11340065900159E-01,  4.53846154000000E-01,  2.52695293905219E-01,  9.81100000000012E+01,  7.58133697265941E+01,  7.57447208811309E+02
 1.92550000000000E+03, -1.72325047601283E-01,  2.61538462000000E-01,  2.49882217597314E-01,  9.82900000000012E+01,  8.80386372250827E+01,  7.59241643945283E+02
 1.92558333300000E+03, -1.16468226491390E-01,  2.15384615000000E-01,  2.46723354119366E-01,  9.84700000000012E+01,  1.09740217269410E+02,  6.69696395736088E+02
 1.92566666700000E+03, -5.46613854789661E-02,  7.69230770000000E-02,  2.43224865840064E-01,  9.86500000000012E+01,  1.54338356293018E+02,  3.80674549555928E+02
 1.92575000000000E+03,  6.50130712872554E-03,  2.30769231000000E-01,  2.34504970538696E-01,  9.88300000000012E+01,  1.95109371784191E+02,  1.55525031374521E+02
 1.92583333300000E+03,  5.89776113773811E-02, -3.84615380000000E-02,  2.29976861008913E-01,  9.90100000000012E+01,  1.97743657846856E+02,  2.18637951833837E+02
 1.92591666700000E+03,  1.14988621932466E-01, -3.15384615000000E-01,  2.25140107420627E-01,  9.91900000000012E+01,  1.91189893899773E+02,  4.10399638747503E+02
 1.92600000000000E+03,  1.72399984454837E-01, -3.46153846000000E-01,  2.20003286820558E-01,  9.93700000000013E+01,  1.95075538039842E+02,  5.04136219357967E+02
 1.92608333300000E+03,  1.75447271722227E-01, -4.92307692000000E-01,  2.14575369811133E-01,  9.95500000000013E+01,  1.62544121325123E+02,  5.19902566526968E+02
 1.92616666700000E+03,  9.75364044020856E-02, -6.61538462000000E-01,  2.08865696284466E-01,  9.97300000000013E+01,  1.06559197120256E+02,  5.12345947943816E+02
 1.92625000000000E+03, -5.83626796297444E-02, -8.69230769000000E-01,  3.90442802857522E-03,  9.99100000000013E+01,  1.31289282963601E+02,  4.58153403197820E+02
 1.92633333300000E+03, -1.83886199581119E-01, -5.84615385000000E-01, -5.19418046134654E-03,  1.00090000000001E+02,  2.12824193472346E+02,  4.24880121181021E+02
 1.92641666700000E+03, -2.45535639671935E-01, -5.30769231000000E-01, -1.42636622817602E-02,  1.00270000000001E+02,  2.39052713146087E+02,  4.34950169985517E+02
 1.92650000000000E+03, -2.30858581860507E-01, -5.38461540000000E-02, -2.32933586538451E-02,  1.00450000000001E+02,  2.31701001936611E+02,  4.36688700420447E+02
 1.92658333300000E+03, -1.89826916336741E-01, -5.38461540000000E-02, -3.22728198470903E-02,  1.00630000000001E+02,  2.27300106208050E+02,  4.31706750861410E+02
 1.92666666700000E+03, -1.38032720102727E-01,  6.15384620000000E-02, -4.11918166358775E-02,  1.00810000000001E+02,  1.75197012504378E+02,  4.14631998735055E+02
 1.92675000000000E+03, -9.62938938275509E-02,  1.15384615000000E-01, -4.29236430977254E-02,  1.00990000000001E+02,  9.04214085776583E+01,  4.34137835316072E+02
 1.92683333300000E+03, -5.56473341138828E-02, -1.30769231000000E-01, -5.17572883899086E-02,  1.01170000000001E+02,  4.83618094570451E+01,  5.23224596159752E+02
 1.92691666700000E+03, -3.40756260064994E-02, -3.84615380000000E-02, -6.05088407915277E-02,  1.01350000000001E+02,  5.22042259530001E+01,  6.15918867532878E+02
 1.92700000000000E+03, -1.05767165329611E-02,  7.69230770000000E-02, -5.17306997043798E-02,  1.01530000000001E+02,  6.75144645731892E+01,  7.24617108089230E+02
 1.92708333300000E+03, -4.44809115757623E-03,  3.84615380000000E-02, -6.04825146852748E-02,  1.01710000000001E+02,  1.08172405047832E+02,  8.13073738765076E+02
 1.92716666700000E+03,  1.42649781110617E-02, -2.30769230000000E-02, -5.17042715731900E-02,  1.01890000000001E+02,  1.79641863685165E+02,  7.53938364774479E+02
 1.92725000000000E+03,  2.30139707063097E-02, -1.84615385000000E-01, -5.58100963268819E-01,  1.02070000000001E+02,  2.25035086543147E+02,  6.15402867952202E+02
 1.92733333300000E+03,  3.52789667138148E-02,  6.92307690000000E-02, -5.57210798252225E-01,  1.02250000000001E+02,  2.26399252463088E+02,  5.13488216105640E+02
 1.92741666700000E+03,  4.42056409806884E-02, -3.61538462000000E-01, -5.55567147457749E-01,  1.02430000000001E+02,  2.40691824725396E+02,  4.25793736768808E+02
 1.92750000000000E+03,  6.63362478542746E-02, -6.15384620000000E-02, -5.53168907373807E-01,  1.02610000000001E+02,  2.71127136217670E+02,  3.94810168070148E+02
 1.92758333300000E+03,  9.91845338102931E-02, -7.69230770000000E-02, -5.50017847055226E-01,  1.02790000000001E+02,  2.78380600237190E+02,  4.87396455629210E+02
 1.92766666700000E+03,  1.35260326505763E-01, -1.76923077000000E-01, -5.46118542019112E-01,  1.02970000000001E+02,  2.90483042113652E+02,  6.33160386551414E+02
 1.92775000000000E+03,  1.68374115932585E-01, -2.61538462000000E-01, -5.39443930450123E-01,  1.03150000000001E+02,  3.13073271726246E+02,  7.71516464214814E+02
 1.92783333300000E+03,  2.03642612234515E-01, -5.69230769000000E-01, -5.33787350637282E-01,  1.03330000000001E+02,  2.83563757526216E+02,  8.69467434817811E+02
 1.92791666700000E+03,  2.55908925827262E-01, -6.15384615000000E-01, -5.27417922265173E-01,  1.03510000000001E+02,  2.07612716960029E+02,  8.16483283193759E+02
 1.92800000000000E+03,  3.21748096611679E-01, -5.38461538000000E-01, -5.20351556621408E-01,  1.03690000000001E+02,  1.41970621351079E+02,  6.20062478526507E+02
 1.92808333300000E+03,  3.82575743714580E-01, -6.30769231000000E-01, -5.12606474667299E-01,  1.03870000000001E+02,  9.43335013643005E+01,  4.33584858034056E+02
 1.92816666700000E+03,  3.96855332316963E-01, -7.23076923000000E-01, -5.04203093746180E-01,  1.04050000000001E+02,  6.31426571708524E+01,  3.17833521772150E+02
 1.92825000000000E+03,  3.52525410456545E-01, -5.69230769000000E-01, -4.16374186786890E-01,  1.04230000000001E+02,  5.87407152253900E+01,  2.71548615506449E+02
 1.92833333300000E+03,  2.50328772891443E-01, -1.92307692000000E-01, -4.03266252336583E-01,  1.04410000000001E+02,  7.66940394391184E+01,  2.72863798319956E+02
 1.92841666700000E+03,  1.22418696165196E-01, -1.84615385000000E-01, -3.89797137729317E-01,  1.04590000000001E+02,  1.20732569628542E+02,  2.61586189823647E+02
 1.92850000000000E+03, -7.07060891296248E-03, -2.30769231000000E-01, -3.76002909080088E-01,  1.04770000000001E+02,  1.72336610919753E+02,  2.71334868912005E+02
 1.92858333300000E+03, -1.15305497071893E-01, -4.84615385000000E-01, -3.61920240231811E-01,  1.04950000000001E+02,  1.91141626956043E+02,  3.39418749915596E+02
 1.92866666700000E+03, -1.98616420535054E-01, -7.23076923000000E-01, -3.47586278033881E-01,  1.05130000000001E+02,  2.28212424413489E+02,  3.92889157194440E+02
 1.92875000000000E+03, -2.56048015943349E-01, -8.76923077000000E-01, -3.52246409992414E-01,  1.05310000000001E+02,  3.09748926350620E+02,  4.18279755642751E+02
 1.92883333300000E+03, -2.86897014048888E-01, -7.61538462000000E-01, -3.37763659938234E-01,  1.05490000000001E+02,  3.11829097239184E+02,  4.68551917770598E+02
 1.92891666700000E+03, -2.72858088352937E-01, -5.76923077000000E-01, -3.23092595964537E-01,  1.05670000000001E+02,  2.45328544733844E+02,  5.39346595530763E+02
 1.92900000000000E+03, -2.00098920875924E-01, -3.61538462000000E-01, -3.08270984187287E-01,  1.05850000000002E+02,  2.42170331539048E+02,  5.97444145294534E+02
 1.92908333300000E+03, -6.87373598567436E-02, -4.00000000000000E-01, -2.93336588051705E-01,  1.06030000000002E+02,  2.18711813643555E+02,  6.31889558045676E+02
 1.92916666700000E+03,  7.94491401929860E-02, -1.84615385000000E-01, -2.78327045970453E-01,  1.06210000000002E+02,  1.16413561066357E+02,  7.59503201952021E+02
 1.92925000000000E+03,  1.99978189075491E-01,  3.84615380000000E-02, -2.55435723517757E-01,  1.06390000000002E+02,  8.52554600700167E+01,  1.08358466859436E+03
 1.92933333300000E+03,  2.65098415119824E-01,  3.07692310000000E-02, -2.52211581245105E-01,  1.06570000000002E+02,  1.27671752028784E+02,  1.31548542492888E+03
 1.92941666700000E+03,  2.96486627994984E-01,  1.00000000000000E-01, -2.48667755988228E-01,  1.06750000000002E+02,  1.36276622417476E+02,  1.21161384762011E+03
 1.92950000000000E+03,  3.17319062613873E-01,  1.61538462000000E-01, -2.44810896115344E-01,  1.06930000000002E+02,  1.37536678617784E+02,  1.06122382350863E+03
 1.92958333300000E+03,  3.40914962379091E-01,  4.61538462000000E-01, -2.40648068625739E-01,  1.07110000000002E+02,  1.42797516654307E+02,  9.64794002291914E+02
 1.92966666700000E+03,  3.58243244700571E-01,  4.00000000000000E-01, -2.36186738191240E-01,  1.07290000000002E+02,  1.10253021348382E+02,  7.17734248603523E+02
 1.92975000000000E+03,  3.68064406820257E-01,  4.84615385000000E-01, -2.38456577895715E-01,  1.07470000000002E+02,  6.51403834092858E+01,  5.67133796497691E+02
 1.92983333300000E+03,  3.79395477636608E-01,  9.07692308000000E-01, -2.33849066397823E-01,  1.07650000000002E+02,  4.02522811459143E+01,  7.50405922366567E+02
 1.92991666700000E+03,  4.06535878959491E-01,  9.46153846000000E-01, -2.28954944043874E-01,  1.07830000000002E+02,  3.86757058265916E+01,  9.72422042057637E+02
 1.93000000000000E+03,  4.47795654421072E-01,  9.61538462000000E-01, -2.23782576825773E-01,  1.08010000000002E+02,  7.51741421663106E+01,  1.09071914524312E+03
 1.93008333300000E+03,  4.11557966741388E-01,  9.69230769000000E-01, -2.18340654036573E-01,  1.08190000000002E+02,  1.46505212815408E+02,  1.27655598122942E+03
 1.93016666700000E+03,  2.78409607539654E-01,  7.30769231000000E-01, -2.12638166907131E-01,  1.08370000000002E+02,  2.03820207608889E+02,  1.41017518875002E+03
 1.93025000000000E+03,  5.38859227301934E-02,  6.76923077000000E-01, -2.68867993142274E-02,  1.08550000000002E+02,  2.17696566265560E+02,  1.26191534120658E+03
 1.93033333300000E+03, -8.94936923871017E-02,  6.07692308000000E-01, -3.46575388192664E-02,  1.08730000000002E+02,  2.04826741856686E+02,  1.05371319719732E+03
 1.93041666700000E+03, -1.31294420866928E-01,  6.23076923000000E-01, -4.25772375034847E-02,  1.08910000000002E+02,  1.60037947236123E+02,  9.94386865074254E+02
 1.93050000000000E+03, -6.59089279302649E-02,  4.15384615000000E-01, -5.06238404993068E-02,  1.09090000000002E+02,  9.30051413847676E+01,  8.77124144104417E+02
 1.93058333300000E+03,  3.31541838137613E-02,  4.46153846000000E-01, -5.87753800834428E-02,  1.09270000000002E+02,  6.82137707997712E+01,  7.35906462103474E+02
 1.93066666700000E+03,  1.51103692361932E-01,  2.00000000000000E-01, -6.70100231423755E-02,  1.09450000000002E+02,  8.48260324206330E+01,  7.72271544091038E+02
 1.93075000000000E+03,  2.74514804934230E-01,  3.69230769000000E-01, -8.55266794201156E-02,  1.09630000000002E+02,  9.08775933812626E+01,  7.66889820337188E+02
 1.93083333300000E+03,  3.82000179471967E-01,  3.38461538000000E-01, -9.38830200077664E-02,  1.09810000000002E+02,  9.72348187349006E+01,  5.69583013197110E+02
 1.93091666700000E+03,  4.86521285861703E-01,  0.00000000000000E+00, -1.02232712142577E-01,  1.09990000000002E+02,  1.00415967418556E+02,  3.53958302955817E+02
 1.93100000000000E+03,  5.82850929347397E-01, -5.38461540000000E-02, -1.10555334375882E-01,  1.10170000000002E+02,  6.60260713288054E+01,  2.00943969399162E+02
 1.93108333300000E+03,  5.85949926537391E-01, -1.61538462000000E-01, -1.18830857880697E-01,  1.10350000000002E+02,  4.20318535320452E+01,  1.38894650199413E+02
 1.93116666700000E+03,  4.71356157827544E-01, -2.69230769000000E-01, -1.27039681397812E-01,  1.10530000000002E+02,  7.78016393604167E+01,  2.38579625413712E+02
 1.93125000000000E+03,  2.49941797042011E-01, -1.23076923000000E-01, -9.76568873141877E-01,  1.10710000000002E+02,  1.31089341435688E+02,  5.46602461959854E+02
 1.93133333300000E+03,  9.63398172644892E-02,  1.53846150000000E-02, -9.80192413457731E-01,  1.10890000000002E+02,  1.76524776673445E+02,  1.02638729023090E+03
 1.93141666700000E+03,  2.65422969253690E-02, -6.15384620000000E-02, -9.82493688371057E-01,  1.11070000000002E+02,  2.31807882292697E+02,  1.42031514515473E+03
 1.93150000000000E+03,  3.72668084660863E-02, -1.38461538000000E-01, -9.83442420576257E-01,  1.11250000000002E+02,  2.77622832297251E+02,  1.49933448423823E+03
 1.93158333300000E+03,  3.79962288979027E-02, -4.00000000000000E-01, -9.83017256521180E-01,  1.11430000000002E+02,  2.90352044927281E+02,  1.38880113851390E+03
 1.93166666700000E+03,  1.94923894609255E-02, -6.38461538000000E-01, -9.81205720760266E-01,  1.11610000000002E+02,  2.89189170979320E+02,  1.22529767529235E+03
 1.93175000000000E+03, -2.38123133849078E-02, -3.23076923000000E-01, -9.76861680949002E-01,  1.11790000000002E+02,  2.77440289526852E+02,  8.99381732169144E+02
 1.93183333300000E+03, -7.65483705825142E-02, -5.23076923000000E-01, -9.71889966790591E-01,  1.11970000000002E+02,  2.32211050595502E+02,  5.18606650180163E+02
 1.93191666700000E+03, -1.24082954898112E-01, -5.69230769000000E-01, -9.65551627971570E-01,  1.12150000000002E+02,  1.78595780194572E+02,  4.53172129557699E+02
 1.93200000000000E+03, -1.58290207278629E-01, -2.84615385000000E-01, -9.57870379499441E-01,  1.12330000000002E+02,  1.38162996835928E+02,  7.30489428260217E+02
 1.93208333300000E+03, -1.85757340125905E-01, -3.23076923000000E-01, -9.48877700002235E-01,  1.12510000000002E+02,  9.21548529568960E+01,  1.09792892348584E+03
 1.93216666700000E+03, -2.05981227631334E-01, -1.53846154000000E-01, -9.38612478177099E-01,  1.12690000000002E+02,  8.93764078462388E+01,  1.42607217232624E+03
 1.93225000000000E+03, -1.94942059286230E-01,  9.23076920000000E-02, -6.16691425185197E-01,  1.12870000000002E+02,  1.52243222227493E+02,  1.64705104124904E+03
 1.93233333300000E+03, -1.38681955820865E-01,  2.00000000000000E-01, -5.95987736225739E-01,  1.13050000000002E+02,  1.88468742000498E+02,  1.68465092427243E+03
 1.93241666700000E+03, -3.14431410759124E-02,  2.30769230000000E-02, -5.75583134881511E-01,  1.13230000000002E+02,  1.91159839997324E+02,  1.43135504898247E+03
 1.93250000000000E+03,  9.54904342907083E-02,  1.38461538000000E-01, -5.55558165098893E-01,  1.13410000000002E+02,  2.16002588285615E+02,  9.29630028728496E+02
 1.93258333300000E+03,  2.25664550048443E-01, -1.07692308000000E-01, -5.35990098026520E-01,  1.13590000000002E+02,  2.19827820788516E+02,  5.27887855964541E+02
 1.93266666700000E+03,  3.38554925491218E-01,  2.15384615000000E-01, -5.16952585873409E-01,  1.13770000000002E+02,  1.90025261945692E+02,  3.73599862403005E+02
 1.93275000000000E+03,  4.48139038572510E-01,  1.69230769000000E-01, -5.27862730942821E-01,  1.13950000000002E+02,  1.95798711680172E+02,  3.15546446975317E+02
 1.93283333300000E+03,  5.59870538025529E-01,  1.38461538000000E-01, -5.09071039303185E-01,  1.14130000000002E+02,  2.38178030642377E+02,  3.49105231014684E+02
 1.93291666700000E+03,  6.74778109211395E-01,  4.23076923000000E-01, -4.90907872867109E-01,  1.14310000000002E+02,  2.54297451772799E+02,  4.57529306485662E+02
 1.93300000000000E+03,  7.46629010916305E-01,  7.00000000000000E-01, -4.73436858487348E-01,  1.14490000000002E+02,  2.54633716684089E+02,  5.06311020532607E+02
 1.93308333300000E+03,  6.82639590231438E-01,  7.00000000000000E-01, -4.56717044618461E-01,  1.14670000000002E+02,  3.00169924378461E+02,  5.03429015350891E+02
 1.93316666700000E+03,  4.90221461439471E-01,  5.46153846000000E-01, -4.40802689292723E-01,  1.14850000000002E+02,  3.44751172957501E+02,  5.89007257584779E+02
 1.93325000000000E+03,  2.41541815128724E-01,  3.61538462000000E-01, -3.03927680483585E-01,  1.15030000000002E+02,  3.20692730778643E+02,  8.93487936686175E+02
 1.93333333300000E+03,  1.14378622172009E-01,  2.46153846000000E-01, -2.88967501803679E-01,  1.15210000000002E+02,  2.88529266077931E+02,  1.35572595066515E+03
 1.93341666700000E+03,  1.18774010400593E-01,  1.61538462000000E-01, -2.73943107813499E-01,  1.15390000000002E+02,  2.66940850975995E+02,  1.79593084728975E+03
 1.93350000000000E+03,  2.12016507130470E-01,  2.84615385000000E-01, -2.58891800327505E-01,  1.15570000000002E+02,  1.93391633640898E+02,  2.18696705689340E+03
 1.93358333300000E+03,  2.96281489510189E-01,  2.15384615000000E-01, -2.43850489933746E-01,  1.15750000000002E+02,  1.10431601958924E+02,  2.38670245211457E+03
 1.93366666700000E+03,  3.56144845510482E-01,  5.46153846000000E-01, -2.28855586680547E-01,  1.15930000000002E+02,  7.65591216650652E+01,  2.10858138929596E+03
 1.93375000000000E+03,  4.07703720756028E-01,  3.38461538000000E-01, -2.28641161612061E-01,  1.16110000000002E+02,  5.78762698593008E+01,  1.52176257285628E+03
 1.93383333300000E+03,  4.75348698770424E-01,  7.00000000000000E-01, -2.13729905606475E-01,  1.16290000000002E+02,  4.53520814157805E+01,  9.93340959192704E+02
 1.93391666700000E+03,  5.76076509243991E-01,  5.23076923000000E-01, -1.98936458274285E-01,  1.16470000000002E+02,  6.58907490637867E+01,  6.01346811324040E+02
 1.93400000000000E+03,  6.90241947303401E-01,  3.84615385000000E-01, -1.84295106218931E-01,  1.16650000000002E+02,  1.08040077501345E+02,  5.64434404104630E+02
 1.93408333300000E+03,  7.06941644850014E-01,  3.92307692000000E-01, -1.69839244159927E-01,  1.16830000000002E+02,  1.40199416077893E+02,  1.00065692800182E+03
 1.93416666700000E+03,  5.97463578587517E-01,  4.15384615000000E-01, -1.55601290157408E-01,  1.17010000000002E+02,  1.47233304456087E+02,  1.41673080974405E+03
 1.93425000000000E+03,  3.74502453905368E-01,  5.15384615000000E-01, -5.44786539287639E-01,  1.17190000000002E+02,  1.35677272450443E+02,  1.51545459672656E+03
 1.93433333300000E+03,  2.13689427696692E-01,  6.38461538000000E-01, -5.48764616013896E-01,  1.17370000000002E+02,  1.12790844761709E+02,  1.46747191166540E+03
 1.93441666700000E+03,  1.35666313759183E-01,  5.30769231000000E-01, -5.52076295152454E-01,  1.17550000000002E+02,  7.77526189214280E+01,  1.21540272121132E+03
 1.93450000000000E+03,  1.42101509556311E-01,  5.69230769000000E-01, -5.54699963640686E-01,  1.17730000000002E+02,  5.23156492458135E+01,  7.20514675486593E+02
 1.93458333300000E+03,  1.53750269646581E-01,  6.07692308000000E-01, -5.56617050031281E-01,  1.17910000000002E+02,  6.23959436706752E+01,  3.46003754166035E+02
 1.93466666700000E+03,  1.64858193202526E-01,  5.76923077000000E-01, -5.57812033576915E-01,  1.18090000000002E+02,  8.86876230571515E+01,  3.79118215929441E+02
 1.93475000000000E+03,  1.72643865308531E-01,  2.53846154000000E-01, -5.58032064506717E-01,  1.18270000000002E+02,  1.07462297751520E+02,  6.92672642043145E+02
 1.93483333300000E+03,  1.79236796560544E-01,  2.69230769000000E-01, -5.57049452982139E-01,  1.18450000000002E+02,  1.33690845591725E+02,  9.69250648193292E+02
 1.93491666700000E+03,  1.86334588334678E-01,  1.15384615000000E-01, -5.55313063230226E-01,  1.18630000000002E+02,  1.80368086568088E+02,  1.07069188901874E+03
 1.93500000000000E+03,  1.98073269628692E-01,  5.61538462000000E-01, -5.52822148026786E-01,  1.18810000000002E+02,  2.24474917765135E+02,  1.05523235125006E+03
 1.93508333300000E+03,  2.69854495057194E-01,  6.84615385000000E-01, -5.49578825093991E-01,  1.18990000000002E+02,  2.35177688754057E+02,  8.85813496754801E+02
 1.93516666700000E+03,  4.02190534849796E-01,  5.30769231000000E-01, -5.45588009859602E-01,  1.19170000000002E+02,  2.18275663847337E+02,  5.29464511135194E+02
 1.93525000000000E+03,  5.82752824985292E-01,  6.46153846000000E-01, -7.92925296390116E-01,  1.19350000000002E+02,  2.00814858892915E+02,  2.03684153148066E+02
 1.93533333300000E+03,  6.82136825758898E-01,  7.07692308000000E-01, -7.75468639246469E-01,  1.19530000000002E+02,  2.29524766450705E+02,  1.14643661843204E+02
 1.93541666700000E+03,  6.88785342188370E-01,  6.15384615000000E-01, -7.59299979944352E-01,  1.19710000000002E+02,  3.46386394624468E+02,  3.78758231062345E+02
 1.93550000000000E+03,  6.04557846433399E-01,  4.69230769000000E-01, -7.44514448272139E-01,  1.19890000000002E+02,  4.68985368486301E+02,  1.08740106495064E+03
 1.93558333300000E+03,  4.96108773196732E-01,  2.76923077000000E-01, -7.31194249170345E-01,  1.20070000000002E+02,  5.01060229750426E+02,  1.85512501175104E+03
 1.93566666700000E+03,  3.75234848217056E-01,  3.84615380000000E-02, -7.19408251831307E-01,  1.20250000000002E+02,  4.79404444357760E+02,  2.19735091845383E+03
 1.93575000000000E+03,  2.54568859046633E-01, -4.61538460000000E-02, -7.05461859079672E-01,  1.20430000000002E+02,  3.94091391612989E+02,  2.22193588434281E+03
 1.93583333300000E+03,  1.53912631375353E-01,  1.76923077000000E-01, -6.97581016506076E-01,  1.20610000000002E+02,  2.27108500041705E+02,  1.96797904905238E+03
 1.93591666700000E+03,  8.39944764879678E-02,  3.53846154000000E-01, -6.91366071919744E-01,  1.20790000000002E+02,  1.15205488853768E+02,  1.39231742939488E+03
 1.93600000000000E+03,  4.79639970042685E-02,  3.76923077000000E-01, -6.86825183855021E-01,  1.20970000000002E+02,  1.35338365422407E+02,  8.83586481536923E+02
 1.93608333300000E+03,  5.65374110865868E-02,  2.46153846000000E-01, -6.83953006595069E-01,  1.21150000000002E+02,  2.31901454040626E+02,  6.61939694770993E+02
 1.93616666700000E+03,  9.90966864086227E-02, -8.46153850000000E-02, -6.82731010949198E-01,  1.21330000000002E+02,  3.40942386182531E+02,  7.21233302654487E+02
 1.93625000000000E+03,  1.57430000039281E-01,  6.92307690000000E-02, -8.68466929264843E-01,  1.21510000000002E+02,  3.77734625288487E+02,  8.62239170111518E+02
 1.93633333300000E+03,  1.73555079115903E-01, -6.15384620000000E-02, -8.82171568854272E-01,  1.21690000000002E+02,  3.35402111790390E+02,  7.23741335346278E+02
 1.93641666700000E+03,  1.37497709129545E-01, -9.23076920000000E-02, -8.95412752486537E-01,  1.21870000000002E+02,  2.82822008055582E+02,  6.27058912153668E+02
 1.93650000000000E+03,  6.03790710946386E-02,  8.46153850000000E-02, -9.08077311099439E-01,  1.22050000000002E+02,  2.00931544260047E+02,  7.59158686377854E+02
 1.93658333300000E+03, -1.55308400327997E-02,  3.23076923000000E-01, -9.20057494999134E-01,  1.22230000000002E+02,  9.47046292756876E+01,  6.47331608431686E+02
 1.93666666700000E+03, -8.10864555636390E-02,  3.69230769000000E-01, -9.31251602360312E-01,  1.22410000000002E+02,  4.82521599114245E+01,  5.55121412925165E+02
 1.93675000000000E+03, -1.31894576686956E-01,  5.15384615000000E-01, -9.28260148624467E-01,  1.22590000000002E+02,  5.24823340216054E+01,  7.50320402308244E+02
 1.93683333300000E+03, -1.76950640822841E-01,  7.15384615000000E-01, -9.38824248635471E-01,  1.22770000000002E+02,  4.68745373027349E+01,  6.87004389141130E+02
 1.93691666700000E+03, -1.97890640166708E-01,  6.00000000000000E-01, -9.48442658373968E-01,  1.22950000000002E+02,  3.88107191975109E+01,  4.47421326537818E+02
 1.93700000000000E+03, -1.92302839146620E-01,  5.53846154000000E-01, -9.57032872595819E-01,  1.23130000000002E+02,  6.88928290942749E+01,  5.05570158507261E+02
 1.93708333300000E+03, -1.59956207514843E-01,  5.69230769000000E-01, -9.64520243945213E-01,  1.23310000000002E+02,  1.25315895499621E+02,  5.94058093215866E+02
 1.93716666700000E+03, -1.26517860938201E-01,  5.15384615000000E-01, -9.70838319745438E-01,  1.23490000000002E+02,  1.42322678150493E+02,  4.92384402937561E+02
 1.93725000000000E+03, -1.03389065265886E-01,  6.46153846000000E-01, -3.42160335971428E-01,  1.23670000000002E+02,  1.32162069796413E+02,  5.72806778073998E+02
 1.93733333300000E+03, -8.63723785984785E-02,  2.23076923000000E-01, -3.48342012521388E-01,  1.23850000000002E+02,  1.34313636790932E+02,  8.14477943584018E+02
 1.93741666700000E+03, -5.88231252397609E-02, -7.69230800000000E-03, -3.55114837491161E-01,  1.24030000000002E+02,  1.36156721929518E+02,  7.78240112352218E+02
 1.93750000000000E+03, -1.14841582450100E-02,  6.15384620000000E-02, -3.62423422753599E-01,  1.24210000000002E+02,  2.58982448056571E+02,  7.43465735888621E+02
 1.93758333300000E+03,  4.47937718274808E-02, -4.61538460000000E-02, -3.70210917259682E-01,  1.24390000000002E+02,  5.64385610376649E+02,  1.06021847711634E+03
 1.93766666700000E+03,  9.75288922930370E-02,  1.30769231000000E-01, -3.78419295179169E-01,  1.24570000000002E+02,  8.04475588966987E+02,  1.27993356011491E+03
 1.93775000000000E+03,  1.39536358851822E-01,  1.38461538000000E-01, -3.81478244656819E-01,  1.24750000000002E+02,  8.64211207123587E+02,  1.32334176837106E+03
 1.93783333300000E+03,  1.86828235940672E-01,  1.46153846000000E-01, -3.90164797699662E-01,  1.24930000000002E+02,  8.41242470083706E+02,  1.55645713626126E+03
 1.93791666700000E+03,  2.50693870813901E-01,  1.15384615000000E-01, -3.99132189236964E-01,  1.25110000000002E+02,  6.69800800765917E+02,  1.72910053447840E+03
 1.93800000000000E+03,  3.25724691221666E-01,  3.30769231000000E-01, -4.08320516340624E-01,  1.25290000000002E+02,  3.67082998538212E+02,  1.50745881685946E+03
 1.93808333300000E+03,  3.61369466029729E-01,  4.38461538000000E-01, -4.17669914537030E-01,  1.25470000000002E+02,  1.60660785090370E+02,  1.14297610302710E+03
 1.93816666700000E+03,  3.37043876545431E-01,  4.61538462000000E-01, -4.27120819433003E-01,  1.25650000000002E+02,  1.04489707897826E+02,  9.75792467865064E+02
 1.93825000000000E+03,  2.64749469322517E-01,  6.46153846000000E-01, -9.10352024927073E-01,  1.25830000000002E+02,  9.49033169268021E+01,  9.02331244549759E+02
 1.93833333300000E+03,  2.19467849504822E-01,  8.53846154000000E-01, -8.96241732817424E-01,  1.26010000000002E+02,  9.14464360292135E+01,  7.10957830825092E+02
 1.93841666700000E+03,  2.22025946760240E-01,  1.14615384600000E+00, -8.81101001699575E-01,  1.26190000000002E+02,  8.81465483566480E+01,  6.16704889602573E+02
 1.93850000000000E+03,  2.77055561800550E-01,  1.06923076900000E+00, -8.65000777006263E-01,  1.26370000000002E+02,  7.32739500612844E+01,  7.29111283905012E+02
 1.93858333300000E+03,  3.70031238787466E-01,  1.06923076900000E+00, -8.48016483792341E-01,  1.26550000000002E+02,  5.96128756376568E+01,  7.40722542276564E+02
 1.93866666700000E+03,  4.85127136940423E-01,  1.18461538500000E+00, -8.30227489415229E-01,  1.26730000000002E+02,  6.30924322185948E+01,  6.49348724332762E+02
 1.93875000000000E+03,  5.90493206285592E-01,  9.69230769000000E-01, -8.01314669800351E-01,  1.26910000000002E+02,  5.57047788284869E+01,  6.46444016067733E+02
 1.93883333300000E+03,  6.23605939146222E-01,  1.13846153800000E+00, -7.81856351044050E-01,  1.27090000000002E+02,  5.06437712161841E+01,  6.15276884983369E+02
 1.93891666700000E+03,  5.72552908660537E-01,  1.02307692300000E+00, -7.61898450346427E-01,  1.27270000000002E+02,  9.32340247547966E+01,  5.24909094302810E+02
 1.93900000000000E+03,  4.65880340575853E-01,  8.76923077000000E-01, -7.41531314482013E-01,  1.27450000000002E+02,  1.23691033340327E+02,  5.27748922384444E+02
 1.93908333300000E+03,  3.98923294661698E-01,  8.07692308000000E-01, -7.20846179658916E-01,  1.27630000000002E+02,  1.20804086930000E+02,  6.10453892879280E+02
 1.93916666700000E+03,  4.11332466341972E-01,  4.00000000000000E-01, -6.99934635993373E-01,  1.27810000000002E+02,  1.49119777967130E+02,  6.91018609267311E+02
 1.93925000000000E+03,  4.67584075689460E-01,  2.30769231000000E-01, -1.05633963000594E+00,  1.27990000000002E+02,  1.59319880373206E+02,  7.24276274860025E+02
 1.93933333300000E+03,  4.50123101801935E-01,  5.38461540000000E-02, -1.03454898239783E+00,  1.28170000000002E+02,  1.16422806125777E+02,  6.69310983443918E+02
 1.93941666700000E+03,  3.17016896511068E-01, -2.38461538000000E-01, -1.01218553173976E+00,  1.28350000000002E+02,  1.01779346438572E+02,  5.98922166873958E+02
 1.93950000000000E+03,  1.26027828806541E-01, -4.92307692000000E-01, -9.89425642382273E-01,  1.28530000000002E+02,  1.12244153755278E+02,  5.68700005540504E+02
 1.93958333300000E+03, -1.20357540571793E-02, -4.92307692000000E-01, -9.66446419536462E-01,  1.28710000000002E+02,  9.49746053434974E+01,  4.85535739910861E+02
 1.93966666700000E+03, -3.51601072457797E-02, -7.76923077000000E-01, -9.43424118800503E-01,  1.28890000000002E+02,  7.73407597123848E+01,  4.60110921829942E+02
 1.93975000000000E+03,  3.76951104256370E-02, -8.69230769000000E-01, -9.16134938475053E-01,  1.29070000000002E+02,  7.13156798169156E+01,  7.51562722579826E+02
 1.93983333300000E+03,  1.55153728579493E-01, -8.53846154000000E-01, -8.93621581661357E-01,  1.29250000000002E+02,  6.11844157128586E+01,  1.22006487375788E+03
 1.93991666700000E+03,  2.80352417891422E-01, -7.38461538000000E-01, -8.71604879134251E-01,  1.29430000000002E+02,  8.32918141244432E+01,  1.69317824469536E+03
 1.94000000000000E+03,  3.93448129301557E-01, -6.61538462000000E-01, -8.50241552211035E-01,  1.29610000000002E+02,  1.49455152296691E+02,  2.33683556276385E+03
 1.94008333300000E+03,  4.15177523234907E-01, -5.61538462000000E-01, -8.29680281018399E-01,  1.29790000000002E+02,  2.02341081820715E+02,  2.88501865916103E+03
 1.94016666700000E+03,  3.15542441817632E-01, -6.53846154000000E-01, -8.10060599234092E-01,  1.29970000000002E+02,  2.17850250333415E+02,  2.80900385959533E+03
 1.94025000000000E+03,  1.04464413279669E-01, -3.61538462000000E-01, -9.31711706562868E-01,  1.30150000000002E+02,  2.25400666191767E+02,  2.27759321401788E+03
 1.94033333300000E+03, -5.82245497876010E-02, -2.00000000000000E-01, -9.41984923575935E-01,  1.30330000000002E+02,  2.17821777537644E+02,  1.63585857201501E+03
 1.94041666700000E+03, -1.30491496947346E-01, -3.23076923000000E-01, -9.51285424133796E-01,  1.30510000000002E+02,  1.75085127346754E+02,  9.66947176847489E+02
 1.94050000000000E+03, -1.01148112012011E-01, -4.15384615000000E-01, -9.59533157713057E-01,  1.30690000000002E+02,  1.75524274613947E+02,  5.97139519401308E+02
 1.94058333300000E+03, -4.74911123490752E-02, -2.84615385000000E-01, -9.66656045573386E-01,  1.30870000000002E+02,  2.82605025536392E+02,  6.89320203875794E+02
 1.94066666700000E+03,  6.43646247725790E-03, -1.92307692000000E-01, -9.72590297157089E-01,  1.31050000000002E+02,  3.93921914973055E+02,  9.01841766863523E+02
 1.94075000000000E+03,  3.61735695404384E-02, -2.07692308000000E-01, -9.73408520633627E-01,  1.31230000000002E+02,  4.25711839862270E+02,  1.06096840905870E+03
 1.94083333300000E+03,  4.24678424456309E-02, -1.46153846000000E-01, -9.77899585927740E-01,  1.31410000000002E+02,  4.19510432858525E+02,  1.22403009738929E+03
 1.94091666700000E+03,  3.42844124913441E-02, -1.07692308000000E-01, -9.81093755189559E-01,  1.31590000000002E+02,  3.70280786866415E+02,  1.26381487519937E+03
 1.94100000000000E+03,  4.37029607886461E-02, -1.15384615000000E-01, -9.82954755010643E-01,  1.31770000000002E+02,  2.54266789370544E+02,  1.10604972037599E+03
 1.94108333300000E+03,  7.29735356025923E-02, -1.46153846000000E-01, -9.83455233507555E-01,  1.31950000000002E+02,  1.46527280624726E+02,  9.38870574751120E+02
 1.94116666700000E+03,  1.08607068666547E-01, -2.92307692000000E-01, -9.82576753966436E-01,  1.32130000000002E+02,  9.74930344978552E+01,  8.40916223079970E+02
 1.94125000000000E+03,  9.64902465545515E-02, -3.84615385000000E-01, -3.79707433585566E-01,  1.32310000000003E+02,  8.54131211101052E+01,  6.82774495961210E+02
 1.94133333300000E+03,  2.29086899315472E-02, -3.84615385000000E-01, -3.69023506789644E-01,  1.32490000000003E+02,  1.26397082823461E+02,  5.06810477912495E+02
 1.94141666700000E+03, -8.82686516366927E-02, -4.38461538000000E-01, -3.59372419488750E-01,  1.32670000000003E+02,  2.12191442627420E+02,  4.77568209402630E+02
 1.94150000000000E+03, -1.83151623770140E-01, -3.07692308000000E-01, -3.50768564225417E-01,  1.32850000000003E+02,  2.73016080227865E+02,  5.66792986133838E+02
 1.94158333300000E+03, -2.36401604027978E-01, -2.92307692000000E-01, -3.43220981114184E-01,  1.33030000000003E+02,  3.10576847303097E+02,  8.02895161301228E+02
 1.94166666700000E+03, -2.56404154675913E-01, -3.76923077000000E-01, -3.36733428147724E-01,  1.33210000000003E+02,  3.64169670957039E+02,  1.36167050467703E+03
 1.94175000000000E+03, -2.61743075134107E-01, -3.38461538000000E-01, -3.31212069441949E-01,  1.33390000000003E+02,  4.34689175177916E+02,  1.99632789843981E+03
 1.94183333300000E+03, -2.60711817481199E-01, -2.15384615000000E-01, -3.26855003290745E-01,  1.33570000000003E+02,  5.21286211213339E+02,  2.28219362433174E+03
 1.94191666700000E+03, -2.54189833451923E-01, -3.92307692000000E-01, -3.23538355644431E-01,  1.33750000000003E+02,  5.85296271353380E+02,  2.30874266399394E+03
 1.94200000000000E+03, -2.36749662517703E-01, -3.00000000000000E-01, -3.21245849630296E-01,  1.33930000000003E+02,  5.81736812967512E+02,  2.11388911406698E+03
 1.94208333300000E+03, -2.23215323085502E-01, -2.92307692000000E-01, -3.19956628409569E-01,  1.34110000000003E+02,  5.15852850790290E+02,  1.50558280857397E+03
 1.94216666700000E+03, -2.14701683206361E-01, -1.46153846000000E-01, -3.19645454556363E-01,  1.34290000000003E+02,  3.91278608671083E+02,  7.97423961197885E+02
 1.94225000000000E+03, -2.22063663701861E-01,  2.30769230000000E-02, -9.36172565735175E-01,  1.34470000000003E+02,  2.46776895975912E+02,  4.06702099398302E+02
 1.94233333300000E+03, -2.25095704408654E-01, -7.69230800000000E-03, -9.46044398907027E-01,  1.34650000000003E+02,  1.60410790192382E+02,  3.36212461178715E+02
 1.94241666700000E+03, -2.15841312947201E-01,  3.07692310000000E-02, -9.54908688489557E-01,  1.34830000000003E+02,  1.88354961655231E+02,  4.30018029980791E+02
 1.94250000000000E+03, -1.82466163521500E-01, -8.46153850000000E-02, -9.62688714854828E-01,  1.35010000000003E+02,  3.45457056007380E+02,  5.59700512755545E+02
 1.94258333300000E+03, -1.33410680202545E-01,  0.00000000000000E+00, -9.69315871899080E-01,  1.35190000000003E+02,  5.01689925715494E+02,  7.85929077828739E+02
 1.94266666700000E+03, -8.45878462326248E-02,  2.61538462000000E-01, -9.74729956250268E-01,  1.35370000000003E+02,  5.15525995438975E+02,  9.96170716086772E+02
 1.94275000000000E+03, -4.88802097103113E-02,  6.76923077000000E-01, -9.79993825486867E-01,  1.35550000000003E+02,  4.63471563999264E+02,  9.06939793493771E+02
 1.94283333300000E+03, -3.26068244714008E-02,  7.53846154000000E-01, -9.82383316500182E-01,  1.35730000000003E+02,  3.96643441457980E+02,  7.49355600345533E+02
 1.94291666700000E+03, -2.66642242773847E-02,  8.15384615000000E-01, -9.83421986220604E-01,  1.35910000000003E+02,  2.59390527109472E+02,  6.68677649966570E+02
 1.94300000000000E+03, -2.32308826751131E-02,  1.00000000000000E+00, -9.83087893465295E-01,  1.36090000000003E+02,  1.33687381397870E+02,  4.18760497005999E+02
 1.94308333300000E+03,  5.23783398837814E-02,  7.61538462000000E-01, -9.81367979935619E-01,  1.36270000000003E+02,  9.38402942218558E+01,  2.82845937163564E+02
 1.94316666700000E+03,  2.05580652055933E-01,  8.23076923000000E-01, -9.78257971656254E-01,  1.36450000000003E+02,  9.07900351085038E+01,  5.51518282698852E+02
 1.94325000000000E+03,  4.38343422563345E-01,  7.23076923000000E-01, -7.47585241327979E-01,  1.36630000000003E+02,  9.50980352921125E+01,  7.68678786856072E+02
 1.94333333300000E+03,  6.11300526266230E-01,  7.69230769000000E-01, -7.60026029251935E-01,  1.36810000000003E+02,  8.22703211181237E+01,  7.35904148276557E+02
 1.94341666700000E+03,  7.05699948372452E-01,  9.69230769000000E-01, -7.73106931994883E-01,  1.36990000000003E+02,  7.08051853676882E+01,  8.52066349972900E+02
 1.94350000000000E+03,  7.01676805096290E-01,  1.02307692300000E+00, -7.86701590576788E-01,  1.37170000000003E+02,  1.21754667470336E+02,  1.01716460094488E+03
 1.94358333300000E+03,  6.54853248989850E-01,  1.06153846200000E+00, -8.00681619587022E-01,  1.37350000000003E+02,  1.88626251569705E+02,  8.74299830943231E+02
 1.94366666700000E+03,  5.65744972459418E-01,  7.15384615000000E-01, -8.14917578398827E-01,  1.37530000000003E+02,  2.22391736420928E+02,  7.86895689950956E+02
 1.94375000000000E+03,  4.52200782999848E-01,  6.30769231000000E-01, -8.26910941447342E-01,  1.37710000000003E+02,  2.61341822480562E+02,  9.44351903088637E+02
 1.94383333300000E+03,  3.38121933406748E-01,  4.23076923000000E-01, -8.41280135147016E-01,  1.37890000000003E+02,  2.83269167909121E+02,  9.16997671392603E+02
 1.94391666700000E+03,  2.49553037246913E-01,  3.46153846000000E-01, -8.55540771184530E-01,  1.38070000000003E+02,  2.56951137102032E+02,  7.73782175329303E+02
 1.94400000000000E+03,  1.95861250332186E-01,  6.15384620000000E-02, -8.69567961582553E-01,  1.38250000000003E+02,  2.31635131076745E+02,  7.51109154935631E+02
 1.94408333300000E+03,  2.33036371595105E-01,  1.61538462000000E-01, -8.83240093702348E-01,  1.38430000000003E+02,  2.08521517853747E+02,  6.33673937603498E+02
 1.94416666700000E+03,  3.48482272244256E-01,  3.69230769000000E-01, -8.96439612843590E-01,  1.38610000000003E+02,  1.59121743362491E+02,  4.26261662999132E+02
 1.94425000000000E+03,  5.27529101071682E-01,  3.23076923000000E-01, -4.80684894322492E-01,  1.38790000000003E+02,  1.23288252570450E+02,  3.69467147129180E+02
 1.94433333300000E+03,  6.32051826642700E-01,  3.00000000000000E-01, -4.63642756045909E-01,  1.38970000000003E+02,  1.18876710059833E+02,  5.25268499070445E+02
 1.94441666700000E+03,  6.49174746520427E-01,  2.69230769000000E-01, -4.47383888638920E-01,  1.39150000000003E+02,  1.18270194339821E+02,  7.75053747154396E+02
 1.94450000000000E+03,  5.74671508811074E-01,  1.53846150000000E-02, -4.31959686441605E-01,  1.39330000000003E+02,  1.24476218466271E+02,  9.33495404398525E+02
 1.94458333300000E+03,  4.85708456240550E-01,  1.30769231000000E-01, -4.17416482284662E-01,  1.39510000000003E+02,  1.35924445379999E+02,  9.86455534894800E+02
 1.94466666700000E+03,  3.86846130837447E-01,  2.07692308000000E-01, -4.03795416272892E-01,  1.39690000000003E+02,  1.25022474383456E+02,  9.39780384694800E+02
 1.94475000000000E+03,  2.82176252154655E-01,  1.76923077000000E-01, -3.99722411057227E-01,  1.39870000000003E+02,  1.03389019295870E+02,  7.09206770501695E+02
 1.94483333300000E+03,  1.60525446700628E-01,  1.84615385000000E-01, -3.87366074209298E-01,  1.40050000000003E+02,  1.17222607263628E+02,  4.37431059015590E+02
 1.94491666700000E+03,  4.60707007733565E-02,  1.69230769000000E-01, -3.76006649497614E-01,  1.40230000000003E+02,  1.90037890042521E+02,  3.55044380342730E+02
 1.94500000000000E+03, -4.35726582345086E-02,  2.15384615000000E-01, -3.65667521982819E-01,  1.40410000000003E+02,  3.00521616751181E+02,  4.50644460689954E+02
 1.94508333300000E+03, -8.99869268831782E-02,  5.53846154000000E-01, -3.56366665827962E-01,  1.40590000000003E+02,  3.83745212639716E+02,  5.53586055617404E+02
 1.94516666700000E+03, -1.12809005965001E-01,  4.61538462000000E-01, -3.48116670452049E-01,  1.40770000000003E+02,  3.96550666106956E+02,  5.95491817165562E+02
 1.94525000000000E+03, -1.24058625206041E-01,  2.30769231000000E-01, -3.38215751344249E-01,  1.40950000000003E+02,  3.55890975202669E+02,  6.59605747251309E+02
 1.94533333300000E+03, -1.35851567433300E-01, -1.46153846000000E-01, -3.32529395517100E-01,  1.41130000000003E+02,  2.92481432043574E+02,  7.79660691289258E+02
 1.94541666700000E+03, -1.44124418573616E-01, -3.46153846000000E-01, -3.27897185915660E-01,  1.41310000000003E+02,  2.49573339703958E+02,  9.52818491261252E+02
 1.94550000000000E+03, -1.48885468869556E-01, -3.30769231000000E-01, -3.24308884578789E-01,  1.41490000000003E+02,  2.43793629188018E+02,  1.14449150156072E+03
 1.94558333300000E+03, -1.54041360023947E-01, -1.76923077000000E-01, -3.21749447406052E-01,  1.41670000000003E+02,  2.42057013644314E+02,  1.20447337589747E+03
 1.94566666700000E+03, -1.67282941436902E-01, -3.53846154000000E-01, -3.20199200882721E-01,  1.41850000000003E+02,  2.37769465160949E+02,  1.09187676143901E+03
 1.94575000000000E+03, -1.94138677562098E-01, -1.84615385000000E-01, -3.19713484845425E-01,  1.42030000000003E+02,  2.16489642878472E+02,  8.73376361533380E+02
 1.94583333300000E+03, -2.26795284975303E-01, -2.07692308000000E-01, -3.20574655607668E-01,  1.42210000000003E+02,  1.59025993071081E+02,  5.91222701480354E+02
 1.94591666700000E+03, -2.53275165620707E-01,  2.30769230000000E-02, -3.22342541173683E-01,  1.42390000000003E+02,  1.13813071506022E+02,  3.66198214280481E+02
 1.94600000000000E+03, -2.50571219603806E-01,  1.61538462000000E-01, -3.24979260358240E-01,  1.42570000000003E+02,  1.05134721479540E+02,  2.53990916698107E+02
 1.94608333300000E+03, -1.84102012798158E-01,  3.00000000000000E-01, -3.28443557134257E-01,  1.42750000000003E+02,  1.00239708803374E+02,  2.17445356832122E+02
 1.94616666700000E+03, -6.10102018640588E-02,  2.92307692000000E-01, -3.32691066724196E-01,  1.42930000000003E+02,  8.82963131354537E+01,  2.75041347079966E+02
 1.94625000000000E+03,  6.95589778719043E-02,  4.61538460000000E-02, -8.92886698884080E-01,  1.43110000000003E+02,  7.70913508668862E+01,  3.51601275332144E+02
 1.94633333300000E+03,  1.18339097706288E-01,  1.23076923000000E-01, -9.05671673148555E-01,  1.43290000000003E+02,  6.71574227602436E+01,  3.60853641833499E+02
 1.94641666700000E+03,  7.87951904612982E-02,  4.69230769000000E-01, -9.17792713111448E-01,  1.43470000000003E+02,  6.14173493403968E+01,  3.69541882523913E+02
 1.94650000000000E+03, -5.78087586016016E-03,  6.15384615000000E-01, -9.29146897775689E-01,  1.43650000000003E+02,  6.60522635946725E+01,  3.76684433298527E+02
 1.94658333300000E+03, -7.43778407409390E-02,  1.84615385000000E-01, -9.39637818064121E-01,  1.43830000000003E+02,  6.57093865792763E+01,  3.38993800935497E+02
 1.94666666700000E+03, -1.13401297077523E-01, -1.53846150000000E-02, -9.49176097847843E-01,  1.44010000000003E+02,  8.83545709973548E+01,  3.68781634370683E+02
 1.94675000000000E+03, -1.33620933752938E-01,  2.23076923000000E-01, -9.59917491855849E-01,  1.44190000000003E+02,  1.96972585869063E+02,  4.92813873740208E+02
 1.94683333300000E+03, -1.39141074841348E-01, -2.30769230000000E-02, -9.66982254476942E-01,  1.44370000000003E+02,  3.08042881981479E+02,  5.44525012431574E+02
 1.94691666700000E+03, -1.29042098442812E-01,  1.61538462000000E-01, -9.72855406609479E-01,  1.44550000000003E+02,  3.28930514969629E+02,  5.38933266587713E+02
 1.94700000000000E+03, -1.05626699576758E-01, -7.69230800000000E-03, -9.77482131575159E-01,  1.44730000000003E+02,  3.27182247564573E+02,  5.80486156418959E+02
 1.94708333300000E+03, -8.33673211357422E-02, -2.00000000000000E-01, -9.80816349119144E-01,  1.44910000000003E+02,  2.92958098810020E+02,  5.14787087272515E+02
 1.94716666700000E+03, -7.55816669226942E-02, -1.69230769000000E-01, -9.82820837468041E-01,  1.45090000000003E+02,  1.93232323794928E+02,  3.90154200191761E+02
 1.94725000000000E+03, -7.96009046686312E-02, -2.84615385000000E-01, -9.72143417255042E-01,  1.45270000000003E+02,  1.43159261891636E+02,  5.28073721426676E+02
 1.94733333300000E+03, -7.93435479477705E-02, -2.23076923000000E-01, -9.76939142834497E-01,  1.45450000000003E+02,  1.61882518849798E+02,  7.76247459454651E+02
 1.94741666700000E+03, -6.54356949545293E-02, -3.15384615000000E-01, -9.80447993730301E-01,  1.45630000000003E+02,  1.72815266533489E+02,  8.31773104730776E+02
 1.94750000000000E+03, -4.32150102308091E-02, -3.92307692000000E-01, -9.82631562535338E-01,  1.45810000000003E+02,  1.79032618688294E+02,  8.21074547866489E+02
 1.94758333300000E+03, -2.66069819006797E-02, -4.15384615000000E-01, -9.83460356028757E-01,  1.45990000000003E+02,  1.73437251271639E+02,  8.12739719672831E+02
 1.94766666700000E+03, -2.91774569656705E-02,  6.15384620000000E-02, -9.82913803058566E-01,  1.46170000000003E+02,  1.36924179964126E+02,  6.92477272586865E+02
 1.94775000000000E+03, -5.54807659590621E-02,  4.00000000000000E-01, -9.82072858418335E-01,  1.46350000000003E+02,  9.54304162472957E+01,  4.97901145865134E+02
 1.94783333300000E+03, -1.01188579894734E-01,  1.15384615000000E-01, -9.79409941523708E-01,  1.46530000000003E+02,  1.02320367399560E+02,  4.11995902687873E+02
 1.94791666700000E+03, -1.48901314905277E-01,  1.00000000000000E-01, -9.75358955487323E-01,  1.46710000000003E+02,  1.65489311200929E+02,  5.48322667248585E+02
 1.94800000000000E+03, -1.77291739574087E-01,  6.15384620000000E-02, -9.69929999590245E-01,  1.46890000000003E+02,  1.85078494365642E+02,  6.73888001950914E+02
 1.94808333300000E+03, -1.49163238420634E-01,  7.69230800000000E-03, -9.63141433991146E-01,  1.47070000000003E+02,  1.56513168517308E+02,  5.98226115203599E+02
 1.94816666700000E+03, -7.15935836045360E-02,  3.07692310000000E-02, -9.55019595892504E-01,  1.47250000000003E+02,  1.86640943478423E+02,  5.42884471407475E+02
 1.94825000000000E+03,  3.42338709175968E-02, -3.84615380000000E-02, -5.55418907112673E-01,  1.47430000000003E+02,  2.24351958457291E+02,  5.44797524151260E+02
 1.94833333300000E+03,  1.02227369128027E-01, -1.46153846000000E-01, -5.52966090622023E-01,  1.47610000000003E+02,  1.90815200964698E+02,  4.27889902411593E+02
 1.94841666700000E+03,  1.36913529478719E-01, -3.84615380000000E-02, -5.49760691680886E-01,  1.47790000000003E+02,  1.49591663959195E+02,  2.84965856669860E+02
 1.94850000000000E+03,  1.48975418448371E-01,  1.92307692000000E-01, -5.45807486105160E-01,  1.47970000000003E+02,  1.45231970300060E+02,  2.64449119601415E+02
 1.94858333300000E+03,  1.71000726045686E-01,  2.92307692000000E-01, -5.41113975304236E-01,  1.48150000000003E+02,  1.42792459251091E+02,  3.29832397853968E+02
 1.94866666700000E+03,  1.94258609531534E-01,  3.15384615000000E-01, -5.35690302183893E-01,  1.48330000000003E+02,  1.07709112869750E+02,  3.27434875142817E+02
 1.94875000000000E+03,  2.16592457065413E-01,  3.53846154000000E-01, -5.36678833839251E-01,  1.48510000000003E+02,  9.51441039127778E+01,  3.58446176781021E+02
 1.94883333300000E+03,  2.44055451041448E-01,  2.23076923000000E-01, -5.30660611372450E-01,  1.48690000000003E+02,  1.69099776780470E+02,  7.35921717947973E+02
 1.94891666700000E+03,  2.94072064940699E-01,  1.23076923000000E-01, -5.23937275859136E-01,  1.48870000000003E+02,  2.29564958609799E+02,  1.16423292608002E+03
 1.94900000000000E+03,  3.60342556426318E-01,  9.23076920000000E-02, -5.16525918185568E-01,  1.49050000000003E+02,  2.04710628907721E+02,  1.21860745217037E+03
 1.94908333300000E+03,  3.89306561394926E-01,  5.38461540000000E-02, -5.08445882406734E-01,  1.49230000000003E+02,  1.88602559212983E+02,  1.17061124999783E+03
 1.94916666700000E+03,  3.51711689135949E-01,  7.69230800000000E-03, -4.99718649796156E-01,  1.49410000000003E+02,  1.82199302766069E+02,  1.05504351076161E+03
 1.94925000000000E+03,  2.50454894954031E-01,  7.69230800000000E-03, -5.51795433739071E-01,  1.49590000000003E+02,  1.22716623270807E+02,  6.26543101301437E+02
 1.94933333300000E+03,  1.67165289348519E-01,  1.53846150000000E-02, -5.54484280259895E-01,  1.49770000000003E+02,  9.04120425832645E+01,  2.47193928007124E+02
 1.94941666700000E+03,  1.22039741940054E-01,  1.69230769000000E-01, -5.56468152247361E-01,  1.49950000000003E+02,  1.40396698217047E+02,  1.74286378058662E+02
 1.94950000000000E+03,  1.18989490070472E-01,  2.07692308000000E-01, -5.57731243599840E-01,  1.50130000000003E+02,  1.98536333672616E+02,  1.79452978602656E+02
 1.94958333300000E+03,  1.21890608466248E-01,  2.53846154000000E-01, -5.58260796436829E-01,  1.50310000000003E+02,  2.19902848409261E+02,  2.09140669971812E+02
 1.94966666700000E+03,  1.21681994924654E-01,  1.07692308000000E-01, -5.58047086923110E-01,  1.50490000000003E+02,  2.15482516071226E+02,  2.81025130741540E+02
 1.94975000000000E+03,  1.16408029537424E-01,  2.46153846000000E-01, -5.55198060854242E-01,  1.50670000000003E+02,  1.83267232491354E+02,  3.30961396959881E+02
 1.94983333300000E+03,  1.06985070522663E-01, -1.15384615000000E-01, -5.52666520646308E-01,  1.50850000000003E+02,  1.23585957840420E+02,  3.88048609098850E+02
 1.94991666700000E+03,  1.07399768754514E-01, -1.15384615000000E-01, -5.49382766916147E-01,  1.51030000000003E+02,  6.98696711602917E+01,  4.48036222860181E+02
 1.95000000000000E+03,  1.30964386078355E-01,  7.69230800000000E-03, -5.45351863768400E-01,  1.51210000000003E+02,  5.38916162084696E+01,  4.87536493624462E+02
 1.95008333300000E+03,  1.83694531179269E-01,  1.76923077000000E-01, -5.40581592501088E-01,  1.51390000000003E+02,  6.74270317961578E+01,  5.41855778770508E+02
 1.95016666700000E+03,  2.50630781035780E-01,  4.92307692000000E-01, -5.35082366669009E-01,  1.51570000000003E+02,  9.28013311311663E+01,  5.76458100584525E+02
 1.95025000000000E+03,  2.91282449376284E-01,  6.46153846000000E-01, -7.30191706220017E-01,  1.51750000000003E+02,  1.13112082253779E+02,  5.32664464544211E+02
 1.95033333300000E+03,  2.81569375407820E-01,  5.92307692000000E-01, -7.18531314317275E-01,  1.51930000000003E+02,  1.06615055199293E+02,  4.57525893145566E+02
 1.95041666700000E+03,  2.20916897277634E-01,  3.92307692000000E-01, -7.08464202711224E-01,  1.52110000000003E+02,  8.69330068398850E+01,  3.92185308677151E+02
 1.95050000000000E+03,  1.44161467277770E-01,  4.38461538000000E-01, -7.00030712357937E-01,  1.52290000000003E+02,  7.44580928303951E+01,  2.96042902853006E+02
 1.95058333300000E+03,  7.18823461532649E-02,  5.46153846000000E-01, -6.93257340650753E-01,  1.52470000000003E+02,  5.98097779769395E+01,  2.43205195329661E+02
 1.95066666700000E+03,  1.26762438139261E-02,  2.69230769000000E-01, -6.88156813899574E-01,  1.52650000000003E+02,  8.42544653470650E+01,  3.99157896555568E+02
 1.95075000000000E+03, -3.49067319242695E-02,  1.46153846000000E-01, -6.84026723306614E-01,  1.52830000000003E+02,  2.00078455835665E+02,  6.85025000099704E+02
 1.95083333300000E+03, -6.26774501555711E-02, -1.15384615000000E-01, -6.82746489145785E-01,  1.53010000000003E+02,  3.21319343185142E+02,  8.73550540938522E+02
 1.95091666700000E+03, -5.83788269978425E-02, -1.61538462000000E-01, -6.83086468415318E-01,  1.53190000000003E+02,  3.53932794413378E+02,  9.40127822669446E+02
 1.95100000000000E+03, -2.70228491296701E-02, -1.76923077000000E-01, -6.85003534909744E-01,  1.53370000000003E+02,  3.42861914892667E+02,  9.06259501530095E+02
 1.95108333300000E+03,  6.12960399099362E-02,  0.00000000000000E+00, -6.88442873941303E-01,  1.53550000000003E+02,  2.97300394408077E+02,  7.15747998572863E+02
 1.95116666700000E+03,  1.82048772474199E-01, -9.23076920000000E-02, -6.93338647253602E-01,  1.53730000000003E+02,  1.86921827117054E+02,  5.18785906114955E+02
 1.95125000000000E+03,  3.20760132763073E-01, -2.07692308000000E-01, -8.20318814681278E-01,  1.53910000000003E+02,  1.02823272460542E+02,  5.02174247725031E+02
 1.95133333300000E+03,  3.84160135907962E-01, -3.07692308000000E-01, -8.34695319740552E-01,  1.54090000000003E+02,  1.03513457008493E+02,  5.33894673531715E+02
 1.95141666700000E+03,  3.79574630470714E-01, -7.69230770000000E-02, -8.49021419221286E-01,  1.54270000000003E+02,  1.23931765388629E+02,  4.87851732393980E+02
 1.95150000000000E+03,  3.27014887140377E-01,  1.53846154000000E-01, -8.63170997216603E-01,  1.54450000000003E+02,  1.36237679097328E+02,  4.69484826476696E+02
 1.95158333300000E+03,  2.81274722257966E-01, -1.53846150000000E-02, -8.77020838814846E-01,  1.54630000000003E+02,  1.38692267122212E+02,  4.80640515869455E+02
 1.95166666700000E+03,  2.34516763245861E-01, -2.84615385000000E-01, -8.90451433981898E-01,  1.54810000000003E+02,  1.05164789442410E+02,  4.21508903706351E+02
 1.95175000000000E+03,  1.71707908499570E-01,  4.61538460000000E-02, -8.92465462125036E-01,  1.54990000000003E+02,  6.17609438304972E+01,  3.64639597725472E+02
 1.95183333300000E+03,  8.39247803616354E-02,  1.53846150000000E-02, -9.05270024074812E-01,  1.55170000000003E+02,  4.50969765924421E+01,  3.97938731569125E+02
 1.95191666700000E+03, -4.77817933366764E-03,  1.38461538000000E-01, -9.17414065483343E-01,  1.55350000000003E+02,  4.15211295187050E+01,  4.68671086484943E+02
 1.95200000000000E+03, -7.07123760489846E-02,  4.23076923000000E-01, -9.28794465138365E-01,  1.55530000000003E+02,  5.24684951750115E+01,  5.69748874545773E+02
 1.95208333300000E+03, -7.10178788325317E-02,  4.07692308000000E-01, -9.39314595967309E-01,  1.55710000000003E+02,  8.46533884174504E+01,  7.19047947241680E+02
 1.95216666700000E+03, -1.91185234155583E-02,  1.00000000000000E-01, -9.48884848038486E-01,  1.55890000000003E+02,  1.00512801807848E+02,  8.60999423143944E+02
 1.95225000000000E+03,  6.42518972844209E-02,  6.92307690000000E-02, -5.57322114865058E-01,  1.56070000000003E+02,  9.45133425727853E+01,  9.99597254836705E+02
 1.95233333300000E+03,  1.14440138528423E-01, -1.84615385000000E-01, -5.58141020453034E-01,  1.56250000000003E+02,  1.05855809336855E+02,  1.10567783592900E+03
 1.95241666700000E+03,  1.32246889006211E-01, -2.38461538000000E-01, -5.58220121398116E-01,  1.56430000000003E+02,  1.16377571766840E+02,  1.05594399378511E+03
 1.95250000000000E+03,  1.26628252999591E-01, -5.15384615000000E-01, -5.57551524736601E-01,  1.56610000000003E+02,  9.66210117816837E+01,  8.99614265227635E+02
 1.95258333300000E+03,  1.24177934443284E-01, -6.23076923000000E-01, -5.56130324716147E-01,  1.56790000000003E+02,  8.98182213112409E+01,  7.70047963579555E+02
 1.95266666700000E+03,  1.21179992859995E-01, -4.92307692000000E-01, -5.53954559456359E-01,  1.56970000000003E+02,  1.13322073412478E+02,  6.49293686001163E+02
 1.95275000000000E+03,  1.14024420191160E-01, -5.38461538000000E-01, -5.54101398310828E-01,  1.57150000000003E+02,  1.18918700761825E+02,  5.08010849860312E+02
 1.95283333300000E+03,  1.09533638609694E-01, -8.00000000000000E-01, -5.51215641745883E-01,  1.57330000000003E+02,  9.78599581762450E+01,  3.69728341836369E+02
 1.95291666700000E+03,  1.20867506543474E-01, -5.30769231000000E-01, -5.47579709757408E-01,  1.57510000000003E+02,  8.25016566536623E+01,  2.47548236493003E+02
 1.95300000000000E+03,  1.54353115260421E-01, -3.46153846000000E-01, -5.43199954395063E-01,  1.57690000000003E+02,  7.57960543854304E+01,  1.57358624101830E+02
 1.95308333300000E+03,  2.00072762820408E-01, -2.53846154000000E-01, -5.38085405955040E-01,  1.57870000000003E+02,  6.66204455842767E+01,  1.05401930689315E+02
 1.95316666700000E+03,  2.39377658535815E-01, -1.07692308000000E-01, -5.32247684343554E-01,  1.58050000000003E+02,  6.22927587199535E+01,  1.04695249671354E+02
 1.95325000000000E+03,  2.59613620186555E-01,  1.53846154000000E-01, -5.47168133001128E-01,  1.58230000000003E+02,  6.47948589211220E+01,  1.41526515619654E+02
 1.95333333300000E+03,  2.69515941684844E-01,  3.30769231000000E-01, -5.42713192164340E-01,  1.58410000000003E+02,  6.55687634099508E+01,  1.64004982869746E+02
 1.95341666700000E+03,  2.84813004197775E-01,  5.38461538000000E-01, -5.37524523264107E-01,  1.58590000000003E+02,  6.24398529818796E+01,  1.72883356253985E+02
 1.95350000000000E+03,  3.20383578405450E-01,  6.23076923000000E-01, -5.31614004308999E-01,  1.58770000000004E+02,  5.22146028975732E+01,  1.82590428816292E+02
 1.95358333300000E+03,  3.84877131249868E-01,  8.38461538000000E-01, -5.24995996698017E-01,  1.58950000000004E+02,  5.94190506907724E+01,  2.24022875432526E+02
 1.95366666700000E+03,  4.68200866808541E-01,  8.46153846000000E-01, -5.17687241693339E-01,  1.59130000000004E+02,  1.23515498966659E+02,  3.58394719096125E+02
 1.95375000000000E+03,  5.56965947674553E-01,  8.76923077000000E-01, -4.99878691943282E-01,  1.59310000000004E+02,  2.11854677747875E+02,  5.28436421122122E+02
 1.95383333300000E+03,  6.24740989558552E-01,  9.61538462000000E-01, -4.90538589532523E-01,  1.59490000000004E+02,  2.63925560011597E+02,  6.47658671962827E+02
 1.95391666700000E+03,  6.72695524092733E-01,  1.13846153800000E+00, -4.80599711967005E-01,  1.59670000000004E+02,  2.75481925873512E+02,  7.03837269467075E+02
 1.95400000000000E+03,  7.01952186350776E-01,  1.27692307700000E+00, -4.70089181414867E-01,  1.59850000000004E+02,  2.48539729330944E+02,  6.27793073035788E+02
 1.95408333300000E+03,  7.09211435567394E-01,  1.10769230800000E+00, -4.59035753874424E-01,  1.60030000000004E+02,  1.75606249323664E+02,  4.37364932226630E+02
 1.95416666700000E+03,  6.93389935826577E-01,  1.13076923100000E+00, -4.47469685299097E-01,  1.60210000000004E+02,  8.86582171953383E+01,  3.11092955048636E+02
 1.95425000000000E+03,  6.68636696501664E-01,  1.10000000000000E+00, -7.33934803467641E-01,  1.60390000000004E+02,  3.32298084941906E+01,  2.85682195158432E+02
 1.95433333300000E+03,  6.73581405113194E-01,  1.13846153800000E+00, -7.45464823177200E-01,  1.60570000000004E+02,  1.66329633594232E+01,  2.82038975705846E+02
 1.95441666700000E+03,  7.11194687996217E-01,  1.10000000000000E+00, -7.57779696891276E-01,  1.60750000000004E+02,  1.51181787684051E+01,  3.10428691456011E+02
 1.95450000000000E+03,  7.60607571934659E-01,  8.76923077000000E-01, -7.70756707951832E-01,  1.60930000000004E+02,  1.51056957108932E+01,  3.54315780676270E+02
 1.95458333300000E+03,  7.71445638161658E-01,  6.84615385000000E-01, -7.84269956924700E-01,  1.61110000000004E+02,  2.78279404784972E+01,  3.48876517638280E+02
 1.95466666700000E+03,  7.25508463235566E-01,  3.61538462000000E-01, -7.98191345135299E-01,  1.61290000000004E+02,  5.14391487738186E+01,  3.12549160713117E+02
 1.95475000000000E+03,  6.20132076260199E-01,  3.69230769000000E-01, -8.17905776352328E-01,  1.61470000000004E+02,  6.16521876094492E+01,  2.79966340940228E+02
 1.95483333300000E+03,  4.97473693075683E-01,  3.00000000000000E-01, -8.32278212920818E-01,  1.61650000000004E+02,  6.14924874977954E+01,  2.37981010536090E+02
 1.95491666700000E+03,  3.92505509599537E-01,  4.07692308000000E-01, -8.46621673496706E-01,  1.61830000000004E+02,  6.43317652941967E+01,  2.24966419262019E+02
 1.95500000000000E+03,  3.26592037871766E-01,  4.30769231000000E-01, -8.60809636491531E-01,  1.62010000000004E+02,  6.23563565681810E+01,  3.27358637003139E+02
 1.95508333300000E+03,  2.48155034926989E-01,  2.76923077000000E-01, -8.74718341792207E-01,  1.62190000000004E+02,  7.58658475797085E+01,  5.05903352523988E+02
 1.95516666700000E+03,  1.40698476943355E-01,  5.61538462000000E-01, -8.88227602213976E-01,  1.62370000000004E+02,  1.22253220158889E+02,  6.30687679157873E+02
 1.95525000000000E+03,  2.91907630561428E-03,  2.76923077000000E-01, -9.47015309502014E-01,  1.62550000000004E+02,  1.68289087992880E+02,  7.04536741273045E+02
 1.95533333300000E+03, -7.73898661771869E-02, -3.84615380000000E-02, -9.55770194008483E-01,  1.62730000000004E+02,  2.09272596395484E+02,  7.42966555721792E+02
 1.95541666700000E+03, -9.20662564706281E-02, -2.61538462000000E-01, -9.63433291323741E-01,  1.62910000000004E+02,  2.56936419174582E+02,  6.70097772435795E+02
 1.95550000000000E+03, -4.08958277195574E-02, -4.46153846000000E-01, -9.69936857482512E-01,  1.63090000000004E+02,  2.73816457771256E+02,  6.01260408428597E+02
 1.95558333300000E+03,  1.98600159647880E-02, -4.61538462000000E-01, -9.75221577660508E-01,  1.63270000000004E+02,  2.53758177914023E+02,  7.11976532559225E+02
 1.95566666700000E+03,  7.34738159200863E-02, -2.46153846000000E-01, -9.79236784597663E-01,  1.63450000000004E+02,  2.32740865010072E+02,  9.15877111191485E+02
 1.95575000000000E+03,  1.03616606945246E-01, -1.69230769000000E-01, -9.79654626915777E-01,  1.63630000000004E+02,  2.03490843795922E+02,  1.09956733987318E+03
 1.95583333300000E+03,  1.16678141418590E-01,  1.46153846000000E-01, -9.82188954625385E-01,  1.63810000000004E+02,  1.55807319694614E+02,  1.18747101623977E+03
 1.95591666700000E+03,  1.19935133915361E-01,  2.23076923000000E-01, -9.83375377526424E-01,  1.63990000000004E+02,  1.14676268900106E+02,  1.05297341858457E+03
 1.95600000000000E+03,  1.17482535971532E-01,  1.76923077000000E-01, -9.83190987297868E-01,  1.64170000000004E+02,  8.83956428871294E+01,  7.86470931308764E+02
 1.95608333300000E+03,  8.60113897376232E-02, -2.30769230000000E-02, -9.81621765825680E-01,  1.64350000000004E+02,  6.74786769743739E+01,  5.52089445531603E+02
 1.95616666700000E+03,  2.62463707258504E-02, -1.76923077000000E-01, -9.78662492680320E-01,  1.64530000000004E+02,  5.13805044224044E+01,  3.48642921547928E+02
 1.95625000000000E+03, -4.88183116337389E-02, -3.92307692000000E-01, -3.33402744095036E-01,  1.64710000000004E+02,  4.07572655269536E+01,  2.99065462658339E+02
 1.95633333300000E+03, -8.72138419916478E-02, -1.61538462000000E-01, -3.38493905453508E-01,  1.64890000000004E+02,  3.20950656671903E+01,  5.07676481395076E+02
 1.95641666700000E+03, -8.10012856838069E-02,  2.07692308000000E-01, -3.44263551899090E-01,  1.65070000000004E+02,  2.50826377397488E+01,  7.49774335581859E+02
 1.95650000000000E+03, -3.75382655972262E-02,  4.07692308000000E-01, -3.50659337635007E-01,  1.65250000000004E+02,  2.45747378307251E+01,  9.37198473062889E+02
 1.95658333300000E+03,  1.11778162674057E-02,  3.92307692000000E-01, -3.57626977455568E-01,  1.65430000000004E+02,  3.38608865008332E+01,  1.28297422517237E+03
 1.95666666700000E+03,  5.07373566307795E-02,  4.30769231000000E-01, -3.65110535804557E-01,  1.65610000000004E+02,  4.85224769265766E+01,  1.64643367919952E+03
 1.95675000000000E+03,  8.36207877637242E-02,  4.61538462000000E-01, -3.66568780630220E-01,  1.65790000000004E+02,  5.68085689138375E+01,  1.68700690469680E+03
 1.95683333300000E+03,  1.20857532918808E-01,  6.07692308000000E-01, -3.74590603316259E-01,  1.65970000000004E+02,  6.20002607573940E+01,  1.67073040321994E+03
 1.95691666700000E+03,  1.80058807481934E-01, -7.69230800000000E-03, -3.83001618579559E-01,  1.66150000000004E+02,  8.81347399052540E+01,  1.84471317908155E+03
 1.95700000000000E+03,  2.51489214542528E-01, -2.07692308000000E-01, -3.91742549491010E-01,  1.66330000000004E+02,  1.33037614759222E+02,  1.78528607419057E+03
 1.95708333300000E+03,  2.47018904153229E-01, -8.46153850000000E-02, -4.00753662649845E-01,  1.66510000000004E+02,  1.65948564184148E+02,  1.51515381532754E+03
 1.95716666700000E+03,  1.40964268525124E-01, -1.38461538000000E-01, -4.09975042489497E-01,  1.66690000000004E+02,  1.81007033321009E+02,  1.52564499641763E+03
 1.95725000000000E+03, -6.04750723622227E-02,  1.07692308000000E-01, -3.20565218362215E-01,  1.66870000000004E+02,  2.00623578520963E+02,  1.57011222028566E+03
 1.95733333300000E+03, -2.07031910959364E-01, -1.07692308000000E-01, -3.22326738674159E-01,  1.67050000000004E+02,  2.39441314211401E+02,  1.32641237434536E+03
 1.95741666700000E+03, -2.79196638181362E-01, -1.38461538000000E-01, -3.24957376303704E-01,  1.67230000000004E+02,  2.95436477264279E+02,  1.11372819168899E+03
 1.95750000000000E+03, -2.73694976614905E-01, -3.15384615000000E-01, -3.28415898465252E-01,  1.67410000000004E+02,  3.84290146087624E+02,  1.09691084141609E+03
 1.95758333300000E+03, -2.55960154770320E-01, -6.38461538000000E-01, -3.32657961687221E-01,  1.67590000000004E+02,  5.16506308632657E+02,  1.20247170762704E+03
 1.95766666700000E+03, -2.31449303491517E-01, -7.53846154000000E-01, -3.37636385534952E-01,  1.67770000000004E+02,  6.15115896724432E+02,  1.46100647044217E+03
 1.95775000000000E+03, -2.00029387004893E-01, -5.07692308000000E-01, -3.47560247292303E-01,  1.67950000000004E+02,  6.04894579669207E+02,  1.76562262489924E+03
 1.95783333300000E+03, -1.60889076413072E-01, -6.30769231000000E-01, -3.54264344466226E-01,  1.68130000000004E+02,  5.21253291502826E+02,  1.93300318800126E+03
 1.95791666700000E+03, -1.03141214475711E-01, -8.07692308000000E-01, -3.61510998451512E-01,  1.68310000000004E+02,  3.93477335213612E+02,  1.87295337314961E+03
 1.95800000000000E+03, -3.49717490485188E-02, -7.30769231000000E-01, -3.69243520123173E-01,  1.68490000000004E+02,  2.39199364515904E+02,  1.55640754121778E+03
 1.95808333300000E+03,  1.30317132488214E-02, -6.46153846000000E-01, -3.77404010751816E-01,  1.68670000000004E+02,  1.39025146497930E+02,  1.11808686654725E+03
 1.95816666700000E+03,  1.75343106216331E-02, -8.07692308000000E-01, -3.85933648158916E-01,  1.68850000000004E+02,  9.94513833111442E+01,  7.68565596492997E+02
 1.95825000000000E+03, -1.32024469392434E-02, -5.38461538000000E-01, -9.73839181102924E-01,  1.69030000000004E+02,  6.90538320480654E+01,  5.89011133399743E+02
 1.95833333300000E+03, -3.43055175337019E-02, -6.00000000000000E-01, -9.78221756771536E-01,  1.69210000000004E+02,  6.94777450590555E+01,  5.06473618740405E+02
 1.95841666700000E+03, -2.87831431864614E-02, -5.30769231000000E-01, -9.81304010753240E-01,  1.69390000000004E+02,  9.89938143300091E+01,  4.19753464549208E+02
 1.95850000000000E+03, -2.64959780720452E-03, -8.61538462000000E-01, -9.83050425935085E-01,  1.69570000000004E+02,  1.22083039799614E+02,  4.60318990090045E+02
 1.95858333300000E+03,  1.63908565792990E-02, -6.92307692000000E-01, -9.83434408497502E-01,  1.69750000000004E+02,  1.42659759825507E+02,  6.96687093456342E+02
 1.95866666700000E+03,  1.36827240794632E-02, -3.76923077000000E-01, -9.82438276545206E-01,  1.69930000000004E+02,  1.49159897588998E+02,  7.98963950564066E+02
 1.95875000000000E+03, -1.38066471383199E-02, -1.23076923000000E-01, -9.79196973208356E-01,  1.70110000000004E+02,  1.40377453823069E+02,  7.51408081015176E+02
 1.95883333300000E+03, -5.43227058169631E-02, -2.69230769000000E-01, -9.75059326414663E-01,  1.70290000000004E+02,  1.48342708842136E+02,  7.96922489091069E+02
 1.95891666700000E+03, -9.26064085552194E-02, -1.15384615000000E-01, -9.69544619625315E-01,  1.70470000000004E+02,  1.70053439659501E+02,  6.88992978368633E+02
 1.95900000000000E+03, -1.14686639130680E-01,  1.84615385000000E-01, -9.62671721249642E-01,  1.70650000000004E+02,  1.87837047862011E+02,  4.73244370664834E+02
 1.95908333300000E+03, -5.25514722595326E-02,  3.30769231000000E-01, -9.54467457503893E-01,  1.70830000000004E+02,  2.03618015510762E+02,  5.99780260903373E+02
 1.95916666700000E+03,  1.07714469918515E-01,  3.53846154000000E-01, -9.44966283017012E-01,  1.71010000000004E+02,  2.24792112693858E+02,  8.74913051463902E+02
 1.95925000000000E+03,  3.59825051155687E-01,  5.69230769000000E-01, -5.03329281711377E-01,  1.71190000000004E+02,  2.51685556391019E+02,  1.08500312333824E+03
 1.95933333300000E+03,  5.61046351747003E-01,  5.38461538000000E-01, -4.85375608808280E-01,  1.71370000000004E+02,  2.68217013859434E+02,  1.37574394016077E+03
 1.95941666700000E+03,  6.67403785190382E-01,  5.61538462000000E-01, -4.68133027187793E-01,  1.71550000000004E+02,  2.77526464819305E+02,  1.48847319816805E+03
 1.95950000000000E+03,  6.61835045227665E-01,  4.84615385000000E-01, -4.51659110856079E-01,  1.71730000000004E+02,  2.95636388421828E+02,  1.28048830211423E+03
 1.95958333300000E+03,  6.06972971322352E-01,  4.61538462000000E-01, -4.36006583618188E-01,  1.71910000000004E+02,  2.88317653833085E+02,  1.05331245519245E+03
 1.95966666700000E+03,  5.20382745757822E-01,  2.76923077000000E-01, -4.21223148214549E-01,  1.72090000000004E+02,  2.22124415195799E+02,  8.62919537185987E+02
 1.95975000000000E+03,  4.14340413243015E-01,  2.61538462000000E-01, -4.13695296645221E-01,  1.72270000000004E+02,  1.35937892324700E+02,  6.38549273386757E+02
 1.95983333300000E+03,  2.94622014791945E-01,  2.00000000000000E-01, -4.00326213822506E-01,  1.72450000000004E+02,  8.92153210807508E+01,  4.51846236512391E+02
 1.95991666700000E+03,  1.78242575251448E-01,  2.76923077000000E-01, -3.87923765446667E-01,  1.72630000000004E+02,  9.29438388145711E+01,  3.69332229812314E+02
 1.96000000000000E+03,  8.33646134925750E-02,  3.23076923000000E-01, -3.76516998960594E-01,  1.72810000000004E+02,  1.07935251080708E+02,  4.44022347849435E+02
 1.96008333300000E+03,  9.46756926645634E-02, -9.23076920000000E-02, -3.66129553490324E-01,  1.72990000000004E+02,  1.11454434546484E+02,  5.73975052332216E+02
 1.96016666700000E+03,  2.10378135971120E-01,  3.07692310000000E-02, -3.56779656715914E-01,  1.73170000000004E+02,  1.12286949068273E+02,  5.84005527921576E+02
 1.96025000000000E+03,  4.04967889209310E-01, -1.76923077000000E-01, -4.87660103374116E-01,  1.73350000000004E+02,  9.25258090264346E+01,  5.35701773206832E+02
 1.96033333300000E+03,  5.17136903582529E-01, -2.53846154000000E-01, -4.96043424181293E-01,  1.73530000000004E+02,  5.81963957302856E+01,  4.90515117917864E+02
 1.96041666700000E+03,  5.33025949091868E-01, -1.84615385000000E-01, -5.04063808970632E-01,  1.73710000000004E+02,  6.06716650926090E+01,  3.51400942607294E+02
 1.96050000000000E+03,  4.66796752723469E-01, -2.69230769000000E-01, -5.11675850042811E-01,  1.73890000000004E+02,  9.34167251465148E+01,  2.21413052961143E+02
 1.96058333300000E+03,  3.98668949713779E-01, -3.84615380000000E-02, -5.18836553607061E-01,  1.74070000000004E+02,  1.20158223699150E+02,  2.73810519963063E+02
 1.96066666700000E+03,  3.32326842922379E-01,  2.38461538000000E-01, -5.25505465424611E-01,  1.74250000000004E+02,  1.37187027625037E+02,  3.80024358899565E+02
 1.96075000000000E+03,  2.63965655519303E-01,  2.00000000000000E-01, -5.30706056179817E-01,  1.74430000000004E+02,  1.29907826269087E+02,  4.17812016061801E+02
 1.96083333300000E+03,  1.99278620717640E-01, -7.69230800000000E-03, -5.36372679175485E-01,  1.74610000000004E+02,  9.83123139290477E+01,  4.31529763380150E+02
 1.96091666700000E+03,  1.50333806906515E-01,  2.61538462000000E-01, -5.41447359790796E-01,  1.74790000000004E+02,  7.37185478943298E+01,  3.63363288510237E+02
 1.96100000000000E+03,  1.40125239678478E-01,  2.38461538000000E-01, -5.45900313713944E-01,  1.74970000000004E+02,  5.78516792279924E+01,  2.23581916775745E+02
 1.96108333300000E+03,  2.22080368071755E-01,  1.84615385000000E-01, -5.49704707236420E-01,  1.75150000000004E+02,  4.69005893120932E+01,  1.51684224740744E+02
 1.96116666700000E+03,  3.94236272551578E-01,  6.15384615000000E-01, -5.52836702001594E-01,  1.75330000000004E+02,  5.50404459095928E+01,  1.27255853333194E+02
 1.96125000000000E+03,  6.21291752405331E-01,  6.46153846000000E-01, -4.33785777761058E-01,  1.75510000000004E+02,  8.34624515243776E+01,  1.46527910832712E+02
 1.96133333300000E+03,  7.84846222444141E-01,  8.53846154000000E-01, -4.43274172005703E-01,  1.75690000000004E+02,  1.45192700150604E+02,  2.93033913250531E+02
 1.96141666700000E+03,  8.70278564107143E-01,  4.69230769000000E-01, -4.52706575595992E-01,  1.75870000000004E+02,  2.23819305276213E+02,  4.29917228018854E+02
 1.96150000000000E+03,  8.82267019015258E-01,  4.69230769000000E-01, -4.62026664505289E-01,  1.76050000000004E+02,  2.55399841057573E+02,  4.30852886833832E+02
 1.96158333300000E+03,  8.63270546169716E-01,  4.69230769000000E-01, -4.71179519194593E-01,  1.76230000000004E+02,  2.55478902301690E+02,  4.12987724417076E+02
 1.96166666700000E+03,  8.05307593926596E-01,  6.92307690000000E-02, -4.80111827977510E-01,  1.76410000000004E+02,  2.47755092329929E+02,  3.82444062694657E+02
 1.96175000000000E+03,  7.06138756118279E-01,  7.69230770000000E-02, -4.93054445555365E-01,  1.76590000000004E+02,  1.76929331415818E+02,  2.59365283019264E+02
 1.96183333300000E+03,  5.86931254601927E-01,  1.53846154000000E-01, -5.01211298890623E-01,  1.76770000000004E+02,  9.45940531300235E+01,  2.22071692523314E+02
 1.96191666700000E+03,  4.78269308404159E-01,  2.15384615000000E-01, -5.08975940158305E-01,  1.76950000000004E+02,  9.02013411619196E+01,  4.58810022062261E+02
 1.96200000000000E+03,  3.98479819730673E-01, -2.38461538000000E-01, -5.16304488339223E-01,  1.77130000000004E+02,  1.01972518128106E+02,  8.30436909183356E+02
 1.96208333300000E+03,  3.28606957693251E-01, -1.92307692000000E-01, -5.23155558186163E-01,  1.77310000000004E+02,  9.62838610850634E+01,  1.12348835937959E+03
 1.96216666700000E+03,  2.53358611913349E-01, -3.38461538000000E-01, -5.29490376953906E-01,  1.77490000000004E+02,  1.11846570022177E+02,  1.31705152226170E+03
 1.96225000000000E+03,  1.77075798124144E-01, -5.00000000000000E-01, -3.60686841244811E-01,  1.77670000000004E+02,  1.15983721160683E+02,  1.39391598724917E+03
 1.96233333300000E+03,  1.46710866411100E-01, -6.69230769000000E-01, -3.68368594969921E-01,  1.77850000000004E+02,  1.05238416450573E+02,  1.25723411682294E+03
 1.96241666700000E+03,  1.73436962333913E-01, -7.46153846000000E-01, -3.76484754131843E-01,  1.78030000000004E+02,  1.17715211480554E+02,  9.70550585491367E+02
 1.96250000000000E+03,  2.48022439498785E-01, -7.92307692000000E-01, -3.84976584460714E-01,  1.78210000000004E+02,  1.22543435515064E+02,  7.06435926567296E+02
 1.96258333300000E+03,  3.33993975775954E-01, -1.04615384600000E+00, -3.93784679962154E-01,  1.78390000000004E+02,  1.14877380526645E+02,  4.91257145278290E+02
 1.96266666700000E+03,  4.14279326050084E-01, -1.04615384600000E+00, -4.02849241515373E-01,  1.78570000000004E+02,  1.33430278087660E+02,  3.18661731470480E+02
 1.96275000000000E+03,  4.81449964539203E-01, -7.92307692000000E-01, -4.11290312029385E-01,  1.78750000000004E+02,  1.45222599221918E+02,  2.81290865875581E+02
 1.96283333300000E+03,  5.41272225745912E-01, -4.23076923000000E-01, -4.20678563117319E-01,  1.78930000000004E+02,  1.18565260013050E+02,  3.43356004805134E+02
 1.96291666700000E+03,  6.04184082888147E-01, -5.38461538000000E-01, -4.30149411875948E-01,  1.79110000000004E+02,  1.09490718552389E+02,  3.51437272656325E+02
 1.96300000000000E+03,  6.67951102743090E-01, -6.84615385000000E-01, -4.39644075753673E-01,  1.79290000000004E+02,  1.44065768200280E+02,  3.68379607459218E+02
 1.96308333300000E+03,  6.55504254312036E-01, -4.76923077000000E-01, -4.49104645409866E-01,  1.79470000000004E+02,  1.65104006650896E+02,  5.13344238728888E+02
 1.96316666700000E+03,  5.52491744686341E-01, -3.92307692000000E-01, -4.58474315330718E-01,  1.79650000000004E+02,  1.66712795102815E+02,  6.40123168498672E+02
 1.96325000000000E+03,  3.68884631789108E-01, -1.84615385000000E-01,  2.61274672414318E-02,  1.79830000000004E+02,  1.91626830084715E+02,  6.28680511514566E+02
 1.96333333300000E+03,  2.49212226994320E-01, -2.76923077000000E-01,  3.25162136068435E-02,  1.80010000000004E+02,  2.02828985773224E+02,  6.29738556213636E+02
 1.96341666700000E+03,  2.07530691482598E-01, -4.38461538000000E-01,  3.83305254326045E-02,  1.80190000000004E+02,  1.70518418950777E+02,  7.51592405134499E+02
 1.96350000000000E+03,  2.36339277739139E-01, -4.61538462000000E-01,  4.35665698536653E-02,  1.80370000000004E+02,  1.54637459465645E+02,  8.15104143913789E+02
 1.96358333300000E+03,  2.60304676697481E-01, -1.84615385000000E-01,  4.82220418203519E-02,  1.80550000000004E+02,  1.63816392596652E+02,  6.91274825377838E+02
 1.96366666700000E+03,  2.66880667450083E-01, -1.92307692000000E-01,  5.22961391269084E-02,  1.80730000000004E+02,  1.47313613685494E+02,  5.91905103823626E+02
 1.96375000000000E+03,  2.57050827218551E-01, -1.69230769000000E-01,  5.50467049336028E-02,  1.80910000000004E+02,  1.19303382274527E+02,  5.80321460188236E+02
 1.96383333300000E+03,  2.37213481815797E-01,  2.30769230000000E-02,  5.80927114569027E-02,  1.81090000000004E+02,  1.05625724461892E+02,  4.47323266127040E+02
 1.96391666700000E+03,  2.19731350597822E-01, -4.00000000000000E-01,  6.05627298028631E-02,  1.81270000000004E+02,  8.84685854639531E+01,  2.80210927093130E+02
 1.96400000000000E+03,  2.09000250229563E-01, -1.38461538000000E-01,  6.24613432599156E-02,  1.81450000000004E+02,  8.10515948604230E+01,  2.35673469603401E+02
 1.96408333300000E+03,  2.03883321602934E-01, -1.92307692000000E-01,  6.37944729467382E-02,  1.81630000000004E+02,  9.64130048291984E+01,  2.18356266430338E+02
 1.96416666700000E+03,  1.99139321601082E-01, -2.84615385000000E-01,  6.45693349542421E-02,  1.81810000000004E+02,  1.08405677239087E+02,  2.23264445380538E+02
 1.96425000000000E+03,  1.93704738597151E-01, -3.46153846000000E-01,  5.88810984340742E-02,  1.81990000000004E+02,  1.59280657775157E+02,  3.36938071378919E+02
 1.96433333300000E+03,  1.87728751901451E-01, -4.69230769000000E-01,  5.62040816642857E-02,  1.82170000000004E+02,  2.86651445414253E+02,  6.33584733135236E+02
 1.96441666700000E+03,  1.84645758800475E-01, -3.76923077000000E-01,  5.30619997655964E-02,  1.82350000000004E+02,  3.75308567866797E+02,  1.04631988014670E+03
 1.96450000000000E+03,  1.84462510631175E-01, -2.00000000000000E-01,  4.94711990723357E-02,  1.82530000000004E+02,  3.67714981597567E+02,  1.27506156472692E+03
 1.96458333300000E+03,  1.79708437363480E-01, -3.69230769000000E-01,  4.54488124375642E-02,  1.82710000000004E+02,  3.57264804225436E+02,  1.28344308859330E+03
 1.96466666700000E+03,  1.59913933970448E-01, -3.46153846000000E-01,  4.10127009973257E-02,  1.82890000000004E+02,  3.10230069776680E+02,  1.18314127760855E+03
 1.96475000000000E+03,  1.17828485126720E-01, -1.53846150000000E-02,  3.21051102689713E-02,  1.83070000000004E+02,  1.66954080695118E+02,  8.42253394528596E+02
 1.96483333300000E+03,  6.43426970454508E-02, -1.61538462000000E-01,  2.66150525068904E-02,  1.83250000000004E+02,  1.30714155375668E+02,  4.49245344422895E+02
 1.96491666700000E+03,  1.32076054628029E-02, -2.00000000000000E-01,  2.07845187461999E-02,  1.83430000000004E+02,  3.82196407028698E+02,  4.18404324990231E+02
 1.96500000000000E+03, -4.01782026881983E-02, -2.46153846000000E-01,  1.46340446338755E-02,  1.83610000000004E+02,  7.71540572878152E+02,  7.05800177381556E+02
 1.96508333300000E+03, -9.73130901941953E-02, -3.23076923000000E-01,  8.18455538678149E-03,  1.83790000000004E+02,  1.05750252220308E+03,  1.04775073096584E+03
 1.96516666700000E+03, -1.63804359752363E-01, -1.07692308000000E-01,  1.45730836495398E-03,  1.83970000000004E+02,  1.17992339556028E+03,  1.24941223214750E+03
 1.96525000000000E+03, -2.10414424517026E-01, -8.46153850000000E-02, -2.29044222353789E-02,  1.84150000000004E+02,  1.16311877055918E+03,  1.21818314794526E+03
 1.96533333300000E+03, -2.30991078486256E-01, -3.23076923000000E-01, -1.32865247428787E-02,  1.84330000000004E+02,  9.60648868686136E+02,  1.06806599894281E+03
 1.96541666700000E+03, -2.14566943293763E-01, -3.07692308000000E-01, -4.18842901499082E-03,  1.84510000000004E+02,  6.08606155731799E+02,  8.93190458437351E+02
 1.96550000000000E+03, -1.70731870441194E-01, -5.76923077000000E-01,  4.37671783713928E-03,  1.84690000000004E+02,  3.20872363052284E+02,  6.65620409611708E+02
 1.96558333300000E+03, -1.04774069054453E-01, -7.53846154000000E-01,  1.23973610096293E-02,  1.84870000000004E+02,  2.03310532878695E+02,  4.68046893936179E+02
 1.96566666700000E+03, -3.52232271998721E-02, -4.38461538000000E-01,  1.98635379093571E-02,  1.85050000000005E+02,  1.48717440418440E+02,  4.47159769413370E+02
 1.96575000000000E+03,  2.28672912662348E-02, -4.30769231000000E-01,  3.10778144189364E-02,  1.85230000000005E+02,  8.74136618295276E+01,  5.18094878916984E+02
 1.96583333300000E+03,  6.16058666192380E-02, -4.84615385000000E-01,  3.70264588146529E-02,  1.85410000000005E+02,  7.23696730395124E+01,  4.58286980176480E+02
 1.96591666700000E+03,  9.29082498837390E-02, -3.61538462000000E-01,  4.23975920399076E-02,  1.85590000000005E+02,  1.29208311800736E+02,  3.33742098202228E+02
 1.96600000000000E+03,  1.26239655976096E-01, -3.84615385000000E-01,  4.71885549214023E-02,  1.85770000000005E+02,  1.91222663154426E+02,  3.38310793853566E+02
 1.96608333300000E+03,  1.63903108554087E-01, -5.38461538000000E-01,  5.13981972790356E-02,  1.85950000000005E+02,  2.17492834509789E+02,  3.59981333295879E+02
 1.96616666700000E+03,  1.95762547664308E-01, -6.76923077000000E-01,  5.50268501934240E-02,  1.86130000000005E+02,  2.56389705520418E+02,  2.79108613940245E+02
 1.96625000000000E+03,  2.13305158366051E-01, -9.23076923000000E-01,  6.17630601241222E-02,  1.86310000000005E+02,  3.36512675524351E+02,  3.06620216419369E+02
 1.96633333300000E+03,  2.17915334245673E-01, -8.23076923000000E-01,  6.33237523286703E-02,  1.86490000000005E+02,  4.27003117336161E+02,  6.71633951195420E+02
 1.96641666700000E+03,  2.16372101324454E-01, -5.38461538000000E-01,  6.43231097454777E-02,  1.86670000000005E+02,  5.07231349319673E+02,  1.24229273814071E+03
 1.96650000000000E+03,  2.15678556159454E-01, -7.15384615000000E-01,  6.47690990980730E-02,  1.86850000000005E+02,  5.59190114872761E+02,  1.62830597359251E+03
 1.96658333300000E+03,  2.14201592488600E-01, -3.38461538000000E-01,  6.46709087711100E-02,  1.87030000000005E+02,  5.41580177632445E+02,  1.73452533436515E+03
 1.96666666700000E+03,  2.04889588263624E-01,  3.84615380000000E-02,  6.40389001291063E-02,  1.87210000000005E+02,  4.44372257934228E+02,  1.76475627504945E+03
 1.96675000000000E+03,  1.82242596741430E-01,  6.15384620000000E-02,  6.35618616933047E-02,  1.87390000000005E+02,  3.17325423434331E+02,  1.58030954849325E+03
 1.96683333300000E+03,  1.52214715586721E-01,  1.15384615000000E-01,  6.21668268337171E-02,  1.87570000000005E+02,  2.12075421923815E+02,  1.06165908774846E+03
 1.96691666700000E+03,  1.26460036107282E-01,  1.00000000000000E-01,  6.02682521498245E-02,  1.87750000000005E+02,  1.37355021706849E+02,  6.51176045477988E+02
 1.96700000000000E+03,  1.14377060335029E-01, -7.69230800000000E-03,  5.78801659332406E-02,  1.87930000000005E+02,  1.15755962359825E+02,  5.28044032631911E+02
 1.96708333300000E+03,  1.29416455679723E-01, -5.38461540000000E-02,  5.50175318129129E-02,  1.88110000000005E+02,  1.92727748840947E+02,  5.56409689269005E+02
 1.96716666700000E+03,  1.70144306521409E-01,  1.76923077000000E-01,  5.16961922453291E-02,  1.88290000000005E+02,  3.12286983333131E+02,  9.86746070962155E+02
 1.96725000000000E+03,  2.36992799101692E-01,  4.23076923000000E-01,  9.02721292983373E-02,  1.88470000000005E+02,  4.20324971357385E+02,  1.66181426943776E+03
 1.96733333300000E+03,  3.06981716544041E-01,  7.61538462000000E-01,  9.84529566386072E-02,  1.88650000000005E+02,  6.15326925145299E+02,  2.07900447534985E+03
 1.96741666700000E+03,  3.83145205616524E-01,  6.38461538000000E-01,  1.06627823939703E-01,  1.88830000000005E+02,  8.68469693302913E+02,  2.46759966190254E+03
 1.96750000000000E+03,  4.63646622020916E-01,  5.38461538000000E-01,  1.14774856066715E-01,  1.89010000000005E+02,  1.00231134178381E+03,  2.77519144629001E+03
 1.96758333300000E+03,  5.51907023846581E-01,  5.30769231000000E-01,  1.22872608560926E-01,  1.89190000000005E+02,  1.02489959733466E+03,  2.44840214580703E+03
 1.96766666700000E+03,  6.29261037173658E-01,  5.53846154000000E-01,  1.30900107059677E-01,  1.89370000000005E+02,  9.66544369501084E+02,  1.86915333760413E+03
 1.96775000000000E+03,  6.78713523342269E-01,  2.23076923000000E-01,  1.45893860500306E-01,  1.89550000000005E+02,  7.79242541526195E+02,  1.49548975646019E+03
 1.96783333300000E+03,  6.94779461986900E-01,  1.07692308000000E-01,  1.53603710620403E-01,  1.89730000000005E+02,  5.53354380725989E+02,  1.07474912661740E+03
 1.96791666700000E+03,  6.87864605666730E-01,  1.61538462000000E-01,  1.61166650066804E-01,  1.89910000000005E+02,  3.56305104086266E+02,  6.77795516923690E+02
 1.96800000000000E+03,  6.71550976722410E-01, -2.76923077000000E-01,  1.68564506017244E-01,  1.90090000000005E+02,  1.88468968714414E+02,  4.56914039155033E+02
 1.96808333300000E+03,  5.63658725161478E-01, -3.23076923000000E-01,  1.75779763820939E-01,  1.90270000000005E+02,  1.12551651775927E+02,  2.92518384273618E+02
 1.96816666700000E+03,  3.62259357653806E-01, -4.15384615000000E-01,  1.82795591236958E-01,  1.90450000000005E+02,  8.71354172413694E+01,  2.32583771947061E+02
 1.96825000000000E+03,  6.61380913404049E-02, -6.61538462000000E-01,  2.57209160839798E-01,  1.90630000000005E+02,  6.93739348739018E+01,  2.61307355516824E+02
 1.96833333300000E+03, -1.41239758260151E-01, -9.46153846000000E-01,  2.58973170565589E-01,  1.90810000000005E+02,  1.33015183246979E+02,  3.85527937087423E+02
 1.96841666700000E+03, -2.52229594585594E-01, -1.13076923100000E+00,  2.60366349795593E-01,  1.90990000000005E+02,  2.15657787902853E+02,  6.34459477756750E+02
 1.96850000000000E+03, -2.62528807806567E-01, -1.31538461500000E+00,  2.61386737630674E-01,  1.91170000000005E+02,  2.26184545256775E+02,  7.50844981142152E+02
 1.96858333300000E+03, -2.66069572446869E-01, -1.60000000000000E+00,  2.62033123396161E-01,  1.91350000000005E+02,  2.28759840804479E+02,  7.97301325363105E+02
 1.96866666700000E+03, -2.71815079879989E-01, -1.66923076900000E+00,  2.62305033067232E-01,  1.91530000000005E+02,  2.44998068979813E+02,  1.01220084898693E+03
 1.96875000000000E+03, -2.84022104777232E-01, -1.68461538500000E+00,  2.62175239774453E-01,  1.91710000000005E+02,  2.45645881863806E+02,  1.09853750170660E+03
 1.96883333300000E+03, -3.00164303157869E-01, -1.63846153800000E+00,  2.62311104612027E-01,  1.91890000000005E+02,  2.47367939918308E+02,  9.32474704035839E+02
 1.96891666700000E+03, -3.07355514449890E-01, -1.57692307700000E+00,  2.62073007093374E-01,  1.92070000000005E+02,  2.49439711032103E+02,  8.32673857359744E+02
 1.96900000000000E+03, -2.96131754784555E-01, -1.50769230800000E+00,  2.61462153688595E-01,  1.92250000000005E+02,  2.44093749958768E+02,  7.63670743933807E+02
 1.96908333300000E+03, -2.17674549188624E-01, -1.27692307700000E+00,  2.60480433807162E-01,  1.92430000000005E+02,  2.09776666476635E+02,  5.28564596960616E+02
 1.96916666700000E+03, -8.50016145143321E-02, -1.05384615400000E+00,  2.59130401699614E-01,  1.92610000000005E+02,  1.24625790379315E+02,  3.01378609028497E+02
 1.96925000000000E+03,  8.40197495487226E-02, -9.38461538000000E-01,  5.88429201049233E-02,  1.92790000000005E+02,  6.45171055395803E+01,  2.95311682368757E+02
 1.96933333300000E+03,  1.89226249021441E-01, -7.46153846000000E-01,  5.61585139497351E-02,  1.92970000000005E+02,  9.40776686956666E+01,  4.71821529043818E+02
 1.96941666700000E+03,  2.35743014235020E-01, -5.15384615000000E-01,  5.30092917763075E-02,  1.93150000000005E+02,  1.72824877226496E+02,  6.98068631363067E+02
 1.96950000000000E+03,  2.34183751500603E-01, -6.30769231000000E-01,  4.94116126559383E-02,  1.93330000000005E+02,  2.81779994097279E+02,  8.41285289464532E+02
 1.96958333300000E+03,  2.24698233322469E-01, -2.92307692000000E-01,  4.53826212720888E-02,  1.93510000000005E+02,  3.90918513753236E+02,  8.33764903397657E+02
 1.96966666700000E+03,  1.96934753949224E-01, -1.46153846000000E-01,  4.09401896779454E-02,  1.93690000000005E+02,  4.42442912606590E+02,  7.41537269101292E+02
 1.96975000000000E+03,  1.40668776198056E-01,  1.23076923000000E-01,  3.08486219961958E-02,  1.93870000000005E+02,  4.87791574793006E+02,  6.26388936392851E+02
 1.96983333300000E+03,  6.97902256885337E-02,  1.61538462000000E-01,  2.52768573974987E-02,  1.94050000000005E+02,  5.25101475315372E+02,  4.92005064115711E+02
 1.96991666700000E+03, -1.57070506638005E-04,  3.07692308000000E-01,  1.93693970303684E-02,  1.94230000000005E+02,  4.53660533372564E+02,  3.99774161668715E+02
 1.97000000000000E+03, -5.15092880951596E-02,  2.69230769000000E-01,  1.31468731340516E-02,  1.94410000000005E+02,  3.66727981865358E+02,  3.80701794867296E+02
 1.97008333300000E+03, -3.11160445587607E-02,  1.30769231000000E-01,  6.63029398900914E-03,  1.94590000000005E+02,  3.70433890077688E+02,  3.63528194787135E+02
 1.97016666700000E+03,  5.85381505649352E-02,  2.00000000000000E-01, -1.59013360519790E-04,  1.94770000000005E+02,  3.40206802448790E+02,  3.07392622560688E+02
 1.97025000000000E+03,  2.03885421449392E-01,  1.53846150000000E-02, -2.25372035697302E-01,  1.94950000000005E+02,  2.50906150193217E+02,  2.30747516252855E+02
 1.97033333300000E+03,  2.94636299493130E-01, -2.30769230000000E-02, -2.30596804349776E-01,  1.95130000000005E+02,  2.32029212866108E+02,  1.98025232190242E+02
 1.97041666700000E+03,  3.27258046423173E-01, -9.23076920000000E-02, -2.35520290403036E-01,  1.95310000000005E+02,  2.70257986095587E+02,  2.31585973904841E+02
 1.97050000000000E+03,  3.10155215987262E-01, -2.84615385000000E-01, -2.40133675822394E-01,  1.95490000000005E+02,  2.73063672179473E+02,  2.32626873758964E+02
 1.97058333300000E+03,  2.96502126476025E-01,  1.53846150000000E-02, -2.44428876022895E-01,  1.95670000000005E+02,  2.33472020053263E+02,  2.66666351244729E+02
 1.97066666700000E+03,  2.81140933911363E-01, -5.38461540000000E-02, -2.48398540088595E-01,  1.95850000000005E+02,  2.08540279067314E+02,  4.72100768536908E+02
 1.97075000000000E+03,  2.57270994019909E-01, -9.23076920000000E-02, -2.48622901288248E-01,  1.96030000000005E+02,  2.22299079594485E+02,  6.77252687592442E+02
 1.97083333300000E+03,  2.26952164346864E-01,  2.30769230000000E-02, -2.52240581087845E-01,  1.96210000000005E+02,  2.08829114087749E+02,  8.16160158335955E+02
 1.97091666700000E+03,  2.02568124673809E-01, -2.76923077000000E-01, -2.55519891881706E-01,  1.96390000000005E+02,  1.56260195375689E+02,  9.93749402830909E+02
 1.97100000000000E+03,  1.91450353526808E-01, -4.69230769000000E-01, -2.58455712935472E-01,  1.96570000000005E+02,  1.37279092410647E+02,  9.98452322018087E+02
 1.97108333300000E+03,  1.22352456975602E-01, -2.61538462000000E-01, -2.61043643078183E-01,  1.96750000000005E+02,  1.35630304488903E+02,  7.78343003506826E+02
 1.97116666700000E+03, -2.13157135880306E-02, -3.53846154000000E-01, -2.63279993801277E-01,  1.96930000000005E+02,  1.09432223884702E+02,  5.79028780934958E+02
 1.97125000000000E+03, -2.43753578925022E-01, -4.07692308000000E-01,  3.15771540645112E-01,  1.97110000000005E+02,  7.27667466989598E+01,  3.68220872729793E+02
 1.97133333300000E+03, -3.91810006336516E-01, -2.76923077000000E-01,  2.99939502740115E-01,  1.97290000000005E+02,  4.38469321942987E+01,  1.72918479074657E+02
 1.97141666700000E+03, -4.25578198951306E-01, -2.15384615000000E-01,  2.84093139875857E-01,  1.97470000000005E+02,  8.72319270709511E+01,  1.81844670219942E+02
 1.97150000000000E+03, -3.23832257696624E-01, -6.92307690000000E-02,  2.68271664742593E-01,  1.97650000000005E+02,  2.10544789884572E+02,  2.68143761284145E+02
 1.97158333300000E+03, -1.54638149413839E-01,  6.92307690000000E-02,  2.52513703642885E-01,  1.97830000000005E+02,  3.03952956914052E+02,  2.89824179891825E+02
 1.97166666700000E+03,  4.27010172643667E-02,  7.69230770000000E-02,  2.36857182506298E-01,  1.98010000000005E+02,  3.46473129137030E+02,  3.12187486937183E+02
 1.97175000000000E+03,  2.37740335229633E-01,  1.53846154000000E-01,  2.10769500789609E-01,  1.98190000000005E+02,  3.81922229972271E+02,  3.82954498748836E+02
 1.97183333300000E+03,  3.94271306400070E-01,  5.00000000000000E-01,  1.95566932789400E-01,  1.98370000000005E+02,  3.67327304932481E+02,  5.11734968209661E+02
 1.97191666700000E+03,  5.13372744634802E-01,  5.53846154000000E-01,  1.80597886440695E-01,  1.98550000000005E+02,  2.70512458336791E+02,  6.17502588594095E+02
 1.97200000000000E+03,  5.92256755040894E-01,  6.38461538000000E-01,  1.65895649734539E-01,  1.98730000000005E+02,  1.68259106171347E+02,  6.38404241231192E+02
 1.97208333300000E+03,  5.90328962275776E-01,  7.92307692000000E-01,  1.51492269342097E-01,  1.98910000000005E+02,  1.36889224576406E+02,  6.36223018429902E+02
 1.97216666700000E+03,  5.10164504919887E-01,  3.84615385000000E-01,  1.37418475620531E-01,  1.99090000000005E+02,  1.19125166439999E+02,  5.73132363509973E+02
 1.97225000000000E+03,  3.80922542315517E-01,  4.15384615000000E-01,  2.40609449270658E-01,  1.99270000000005E+02,  9.12919865367861E+01,  4.59759958530358E+02
 1.97233333300000E+03,  3.32089506992456E-01,  5.46153846000000E-01,  2.25054837026157E-01,  1.99450000000005E+02,  1.86730251156894E+02,  5.11538107894128E+02
 1.97241666700000E+03,  3.85943020210379E-01,  5.92307692000000E-01,  2.09666372156493E-01,  1.99630000000005E+02,  3.86734085143317E+02,  7.08222393573306E+02
 1.97250000000000E+03,  5.16085863910439E-01,  5.69230769000000E-01,  1.94479501358586E-01,  1.99810000000005E+02,  5.30209231672998E+02,  8.20478911105757E+02
 1.97258333300000E+03,  6.35938100741247E-01,  7.15384615000000E-01,  1.79528591970729E-01,  1.99990000000005E+02,  6.24016138335757E+02,  8.76769211351121E+02
 1.97266666700000E+03,  7.10525664501246E-01,  7.38461538000000E-01,  1.64846845131010E-01,  2.00170000000005E+02,  6.52714178139779E+02,  8.91158885964969E+02
 1.97275000000000E+03,  7.33047581013585E-01,  4.00000000000000E-01,  1.66398988857807E-01,  2.00350000000005E+02,  5.36240410416342E+02,  7.64644272554311E+02
 1.97283333300000E+03,  7.10687594051996E-01,  2.46153846000000E-01,  1.51984758798443E-01,  2.00530000000005E+02,  4.19395063668888E+02,  8.08062083748285E+02
 1.97291666700000E+03,  6.52261118314470E-01,  1.84615385000000E-01,  1.37899076025777E-01,  2.00710000000005E+02,  4.39510776712775E+02,  1.24536872757574E+03
 1.97300000000000E+03,  5.65278581361731E-01, -1.53846150000000E-02,  1.24171334779658E-01,  2.00890000000005E+02,  5.19125669037226E+02,  1.65968597246274E+03
 1.97308333300000E+03,  4.65137088242309E-01,  1.07692308000000E-01,  1.10829483808807E-01,  2.01070000000005E+02,  6.12779905695346E+02,  1.86303225758612E+03
 1.97316666700000E+03,  3.68821161823640E-01,  7.69230770000000E-02,  9.78999699596794E-02,  2.01250000000005E+02,  7.03514847399125E+02,  2.03584248849400E+03
 1.97325000000000E+03,  2.96466720925360E-01,  2.30769231000000E-01,  1.06194696158971E-01,  2.01430000000005E+02,  6.98114301557625E+02,  1.96580287796010E+03
 1.97333333300000E+03,  2.49741719285700E-01,  2.46153846000000E-01,  9.75689247790944E-02,  2.01610000000005E+02,  5.70991991503478E+02,  1.56378371011792E+03
 1.97341666700000E+03,  2.25550334723664E-01,  1.46153846000000E-01,  8.88402563351352E-02,  2.01790000000005E+02,  3.98315703408730E+02,  1.22057301131373E+03
 1.97350000000000E+03,  2.21175560826178E-01,  1.84615385000000E-01,  8.00207199784568E-02,  2.01970000000005E+02,  2.56723202446682E+02,  9.75158884734166E+02
 1.97358333300000E+03,  2.30373060502498E-01,  2.30769231000000E-01,  7.11223116820682E-02,  2.02150000000005E+02,  1.91154421097744E+02,  7.02726597959677E+02
 1.97366666700000E+03,  2.42626070751963E-01,  7.69230770000000E-02,  6.21569756484168E-02,  2.02330000000005E+02,  2.17123249747749E+02,  7.12766851994196E+02
 1.97375000000000E+03,  2.39440986633796E-01, -2.30769230000000E-02,  6.16101568274683E-02,  2.02510000000005E+02,  3.23428588954182E+02,  1.01203531801901E+03
 1.97383333300000E+03,  2.15279893492712E-01,  2.07692308000000E-01,  5.25868022216929E-02,  2.02690000000005E+02,  4.70816938840055E+02,  1.28988104893694E+03
 1.97391666700000E+03,  1.73703233930497E-01,  1.92307692000000E-01,  4.35208947430148E-02,  2.02870000000005E+02,  6.03634651595156E+02,  1.80333933720358E+03
 1.97400000000000E+03,  1.30121717909801E-01,  1.30769231000000E-01,  3.44241106920134E-02,  2.03050000000005E+02,  6.74094734268603E+02,  2.54131931669560E+03
 1.97408333300000E+03,  1.71704094221589E-01,  9.23076920000000E-02,  2.53080051477399E-02,  2.03230000000005E+02,  6.52331132687362E+02,  2.72553761854237E+03
 1.97416666700000E+03,  3.06595889075711E-01,  1.07692308000000E-01,  1.61839964170127E-02,  2.03410000000005E+02,  5.63435108859745E+02,  2.36843989824825E+03
 1.97425000000000E+03,  5.21052999220009E-01,  1.23076923000000E-01, -1.20763846138401E-01,  2.03590000000005E+02,  4.83560666868697E+02,  2.11576334765522E+03
 1.97433333300000E+03,  6.50619029728688E-01,  2.69230769000000E-01, -1.12496238323592E-01,  2.03770000000005E+02,  4.36346872279946E+02,  1.77780064583695E+03
 1.97441666700000E+03,  6.82683925039539E-01,  5.00000000000000E-01, -1.04123069549539E-01,  2.03950000000005E+02,  3.88330832867712E+02,  1.17270243773563E+03
 1.97450000000000E+03,  6.22778555980858E-01,  6.00000000000000E-01, -9.56553895701057E-02,  2.04130000000005E+02,  3.39976712320353E+02,  8.07413364994779E+02
 1.97458333300000E+03,  5.58476327027308E-01,  3.84615385000000E-01, -8.71042213197892E-02,  2.04310000000005E+02,  3.00061289639053E+02,  7.13206215746098E+02
 1.97466666700000E+03,  4.86766721699695E-01,  2.76923077000000E-01, -7.84805446957809E-02,  2.04490000000005E+02,  2.56012043634098E+02,  5.30593677157327E+02
 1.97475000000000E+03,  4.03684542020665E-01,  2.61538462000000E-01, -7.80234076892117E-02,  2.04670000000005E+02,  2.18427091250842E+02,  3.37016081535191E+02
 1.97483333300000E+03,  2.92852306571435E-01,  2.15384615000000E-01, -6.93351942248073E-02,  2.04850000000005E+02,  2.05955997668047E+02,  2.31041116681166E+02
 1.97491666700000E+03,  1.80487001316223E-01,  1.69230769000000E-01, -6.05968110686352E-02,  2.05030000000005E+02,  2.38998067163764E+02,  1.94985700563167E+02
 1.97500000000000E+03,  9.03230222190328E-02,  1.92307692000000E-01, -5.18190116116785E-02,  2.05210000000005E+02,  3.39812067446812E+02,  3.61508848338641E+02
 1.97508333300000E+03,  4.76044413492000E-02,  7.69230770000000E-02, -4.30124456505678E-02,  2.05390000000005E+02,  4.57909979457273E+02,  5.95708769966173E+02
 1.97516666700000E+03,  3.11843201900313E-02,  2.30769231000000E-01, -5.18453168585433E-02,  2.05570000000005E+02,  5.08964762738784E+02,  6.32406968835033E+02
 1.97525000000000E+03,  1.83351476387135E-02,  7.69230770000000E-02, -4.86284904238411E-02,  2.05750000000005E+02,  4.94315725273573E+02,  6.45015533342830E+02
 1.97533333300000E+03, -7.45577064560799E-03,  1.76923077000000E-01, -4.72981531185212E-02,  2.05930000000005E+02,  4.54726690544579E+02,  8.04672929689908E+02
 1.97541666700000E+03, -3.86156964226750E-02,  6.92307690000000E-02, -4.54484430363411E-02,  2.06110000000005E+02,  3.99856934195582E+02,  9.60949150827560E+02
 1.97550000000000E+03, -6.76319575975086E-02, -1.53846150000000E-02, -4.30949523844048E-02,  2.06290000000005E+02,  3.49986821938697E+02,  1.08820726621057E+03
 1.97558333300000E+03, -9.66700894397030E-02, -2.30769230000000E-02, -4.02542606545238E-02,  2.06470000000005E+02,  3.36611778880769E+02,  1.22993029745756E+03
 1.97566666700000E+03, -1.34553575195585E-01,  2.00000000000000E-01, -3.69438711295082E-02,  2.06650000000005E+02,  3.50452512185703E+02,  1.24936275047080E+03
 1.97575000000000E+03, -1.86875319951898E-01,  2.53846154000000E-01, -3.09746685150638E-02,  2.06830000000005E+02,  3.39939962770315E+02,  1.05537478389726E+03
 1.97583333300000E+03, -2.40609473395298E-01,  4.46153846000000E-01, -2.65560846281285E-02,  2.07010000000005E+02,  2.70714977564673E+02,  7.25274283027190E+02
 1.97591666700000E+03, -2.82089729868828E-01,  5.76923077000000E-01, -2.17362047715045E-02,  2.07190000000005E+02,  1.80794956990991E+02,  4.29813761382417E+02
 1.97600000000000E+03, -2.80102321209755E-01,  4.15384615000000E-01, -1.65359093979471E-02,  2.07370000000005E+02,  1.51770422014640E+02,  3.10657669399829E+02
 1.97608333300000E+03, -2.42609301252243E-01,  2.69230769000000E-01, -1.09766416684135E-02,  2.07550000000005E+02,  2.18579752981622E+02,  3.35301813678461E+02
 1.97616666700000E+03, -1.82728126222071E-01, -5.38461540000000E-02, -5.08034216365018E-03,  2.07730000000005E+02,  3.19868778588960E+02,  3.87480936931378E+02
 1.97625000000000E+03, -1.53837125717794E-01, -8.46153850000000E-02, -2.36357926593973E-02,  2.07910000000005E+02,  3.78308948182783E+02,  4.04614171381719E+02
 1.97633333300000E+03, -1.55936300953901E-01,  8.46153850000000E-02, -1.85792726588696E-02,  2.08090000000005E+02,  3.97108406338889E+02,  3.65684920465463E+02
 1.97641666700000E+03, -1.75958319927639E-01, -2.07692308000000E-01, -1.31554722107660E-02,  2.08270000000005E+02,  3.75329724627243E+02,  3.09154611379424E+02
 1.97650000000000E+03, -1.81715417055463E-01, -2.92307692000000E-01, -7.38614832251074E-03,  2.08450000000005E+02,  2.80334995185002E+02,  3.34767961027292E+02
 1.97658333300000E+03, -1.73088290062620E-01, -4.23076923000000E-01, -1.29351543829100E-03,  2.08630000000005E+02,  1.96598259606197E+02,  4.92780374359451E+02
 1.97666666700000E+03, -1.60136299428797E-01, -5.53846154000000E-01,  5.09981908372127E-03,  2.08810000000005E+02,  2.18676163628964E+02,  6.79705080658080E+02
 1.97675000000000E+03, -1.49912428323734E-01, -6.84615385000000E-01,  7.10675722974435E-03,  2.08990000000005E+02,  2.64440026331543E+02,  7.51973109125078E+02
 1.97683333300000E+03, -1.36724780086338E-01, -7.46153846000000E-01,  1.38579929154107E-02,  2.09170000000005E+02,  2.66750880832336E+02,  7.12729044061973E+02
 1.97691666700000E+03, -1.06084914623636E-01, -1.06153846200000E+00,  2.08566688736632E-02,  2.09350000000005E+02,  2.71629615094503E+02,  6.03384993404196E+02
 1.97700000000000E+03, -5.96909526627661E-02, -1.07692307700000E+00,  2.80793284625244E-02,  2.09530000000005E+02,  2.51434386596919E+02,  4.09009790302004E+02
 1.97708333300000E+03, -1.00417083172878E-02, -8.84615385000000E-01,  3.55023902259404E-02,  2.09710000000005E+02,  1.64317124537573E+02,  2.15735997927100E+02
 1.97716666700000E+03,  1.05766882990376E-02, -7.53846154000000E-01,  4.31022071478074E-02,  2.09890000000005E+02,  8.85012245437152E+01,  1.65359840394033E+02
 1.97725000000000E+03, -3.14996711515063E-03, -3.46153846000000E-01,  2.35131227435015E-01,  2.10070000000005E+02,  8.73514153475953E+01,  2.58536084021504E+02
 1.97733333300000E+03, -4.87325459917974E-02, -5.23076923000000E-01,  2.39346262112960E-01,  2.10250000000005E+02,  1.57133085229849E+02,  4.34071273224018E+02
 1.97741666700000E+03, -1.01010985111024E-01, -7.38461538000000E-01,  2.43225483074842E-01,  2.10430000000005E+02,  3.28577892307120E+02,  7.64869116435135E+02
 1.97750000000000E+03, -1.48974520607673E-01, -4.15384615000000E-01,  2.46761468621367E-01,  2.10610000000005E+02,  5.91818358262356E+02,  1.31808997939933E+03
 1.97758333300000E+03, -1.87981763193491E-01, -5.23076923000000E-01,  2.49947604214649E-01,  2.10790000000005E+02,  8.20721657130590E+02,  1.85813983981373E+03
 1.97766666700000E+03, -2.27210872133417E-01, -2.23076923000000E-01,  2.52778078708019E-01,  2.10970000000005E+02,  9.37388249245657E+02,  2.10102027837831E+03
 1.97775000000000E+03, -2.71473636118285E-01, -3.30769231000000E-01,  2.54258408236448E-01,  2.11150000000005E+02,  9.50424519260790E+02,  2.09230913115395E+03
 1.97783333300000E+03, -3.16700260922229E-01, -2.61538462000000E-01,  2.56516489794602E-01,  2.11330000000005E+02,  8.13919726785164E+02,  1.90582626779206E+03
 1.97791666700000E+03, -3.50344002929651E-01, -1.38461538000000E-01,  2.58407580505839E-01,  2.11510000000006E+02,  5.54372473529091E+02,  1.50690164052249E+03
 1.97800000000000E+03, -3.63674913599306E-01, -2.00000000000000E-01,  2.59928691716100E-01,  2.11690000000006E+02,  3.64533346140462E+02,  1.09812367707347E+03
 1.97808333300000E+03, -3.60032560388905E-01, -4.00000000000000E-01,  2.61077601310493E-01,  2.11870000000006E+02,  3.13937577017409E+02,  9.16166893026100E+02
 1.97816666700000E+03, -3.48917932058587E-01, -3.46153846000000E-01,  2.61852841793423E-01,  2.12050000000006E+02,  3.01733302941490E+02,  8.71999273549934E+02
 1.97825000000000E+03, -3.43037820335538E-01, -2.92307692000000E-01,  2.57905073931807E-01,  2.12230000000006E+02,  3.29101810696376E+02,  8.07595627489492E+02
 1.97833333300000E+03, -3.44738484407687E-01, -1.38461538000000E-01,  2.59532119215737E-01,  2.12410000000006E+02,  4.27970314848155E+02,  7.15309839610816E+02
 1.97841666700000E+03, -3.50867642733167E-01, -3.23076923000000E-01,  2.60787520035461E-01,  2.12590000000006E+02,  4.87418999073164E+02,  6.29339511593962E+02
 1.97850000000000E+03, -3.52445480000673E-01, -4.00000000000000E-01,  2.61669594649737E-01,  2.12770000000006E+02,  4.33832657686525E+02,  5.70586518715110E+02
 1.97858333300000E+03, -3.48298866638722E-01, -6.00000000000000E-01,  2.62177406656458E-01,  2.12950000000006E+02,  3.48091401278033E+02,  5.22065209986102E+02
 1.97866666700000E+03, -3.43919807511962E-01, -2.69230769000000E-01,  2.62310750984002E-01,  2.13130000000006E+02,  2.90959652685018E+02,  4.50938505220635E+02
 1.97875000000000E+03, -3.43619404152272E-01, -6.07692308000000E-01,  2.62005054949066E-01,  2.13310000000006E+02,  2.31740541180394E+02,  4.12916314365924E+02
 1.97883333300000E+03, -3.43429862215650E-01, -4.69230769000000E-01,  2.61338396950125E-01,  2.13490000000006E+02,  1.72262987950539E+02,  4.88980951063321E+02
 1.97891666700000E+03, -3.31504383137184E-01, -5.38461538000000E-01,  2.60301213918235E-01,  2.13670000000006E+02,  1.64439416563518E+02,  6.46345608641097E+02
 1.97900000000000E+03, -3.02811245679348E-01, -5.92307692000000E-01,  2.58896158281641E-01,  2.13850000000006E+02,  1.95935160879788E+02,  8.09390203530576E+02
 1.97908333300000E+03, -2.62442270055808E-01, -4.15384615000000E-01,  2.57126525442230E-01,  2.14030000000006E+02,  2.00162556042203E+02,  9.35742538277842E+02
 1.97916666700000E+03, -2.22684388795810E-01, -2.23076923000000E-01,  2.54996233922578E-01,  2.14210000000006E+02,  1.94514932181824E+02,  9.46612765430850E+02
 1.97925000000000E+03, -1.88171165437491E-01, -2.23076923000000E-01,  6.11257753878513E-03,  2.14390000000006E+02,  2.66937346792405E+02,  7.92667788798751E+02
 1.97933333300000E+03, -1.53827165472060E-01, -1.07692308000000E-01,  1.28245139545580E-02,  2.14570000000006E+02,  4.03622885924907E+02,  5.87957050602189E+02
 1.97941666700000E+03, -1.10675174247084E-01, -2.15384615000000E-01,  1.97874098270336E-02,  2.14750000000006E+02,  4.99908839607777E+02,  4.92346875893011E+02
 1.97950000000000E+03, -5.62709159361418E-02, -1.07692308000000E-01,  2.69778325344888E-02,  2.14930000000006E+02,  5.24910204912670E+02,  5.25494877826263E+02
 1.97958333300000E+03,  3.66625467041727E-04,  1.30769231000000E-01,  3.43722156003891E-02,  2.15110000000006E+02,  4.89985313914133E+02,  5.86126681039128E+02
 1.97966666700000E+03,  4.62638678961656E-02,  2.07692308000000E-01,  4.19469181482561E-02,  2.15290000000006E+02,  3.72386250744912E+02,  5.95516457250683E+02
 1.97975000000000E+03,  7.27161614662213E-02,  1.00000000000000E-01,  4.93589352991522E-02,  2.15470000000006E+02,  2.24347182557299E+02,  6.11411267367746E+02
 1.97983333300000E+03,  8.64877057702791E-02,  5.38461540000000E-02,  5.72183603526289E-02,  2.15650000000006E+02,  1.68985169289249E+02,  7.35025641419445E+02
 1.97991666700000E+03,  1.01934556964990E-01,  1.61538462000000E-01,  6.51882696036572E-02,  2.15830000000006E+02,  2.04928136653954E+02,  9.09520398194518E+02
 1.98000000000000E+03,  1.25521455583616E-01, -7.69230800000000E-03,  7.32452827745853E-02,  2.16010000000006E+02,  2.28606426326917E+02,  1.04228002105915E+03
 1.98008333300000E+03,  1.00548829102191E-01, -2.07692308000000E-01,  8.13662175778732E-02,  2.16190000000006E+02,  2.44294876033268E+02,  1.15566446249593E+03
 1.98016666700000E+03,  9.32504139290221E-03, -8.46153850000000E-02,  8.95281394675807E-02,  2.16370000000006E+02,  2.76391090450137E+02,  1.13882851600413E+03
 1.98025000000000E+03, -1.51927906393090E-01, -2.15384615000000E-01,  2.56849319267269E-01,  2.16550000000006E+02,  2.35921154923073E+02,  8.52078984446965E+02
 1.98033333300000E+03, -2.76628343522023E-01, -4.38461538000000E-01,  2.58680385901457E-01,  2.16730000000006E+02,  1.52371187872646E+02,  5.23350463164722E+02
 1.98041666700000E+03, -3.48784237292112E-01, -4.23076923000000E-01,  2.60141059505412E-01,  2.16910000000006E+02,  1.47445350010603E+02,  3.78452251998261E+02
 1.98050000000000E+03, -3.60839587565202E-01, -4.46153846000000E-01,  2.61229241610208E-01,  2.17090000000006E+02,  1.45207782158843E+02,  3.09446893434828E+02
 1.98058333300000E+03, -3.65605117561332E-01, -2.23076923000000E-01,  2.61943586307140E-01,  2.17270000000006E+02,  8.51270309283853E+01,  2.69626326943043E+02
 1.98066666700000E+03, -3.71176849780575E-01, -3.46153846000000E-01,  2.62283486889440E-01,  2.17450000000006E+02,  1.01844274989352E+02,  2.78800829135311E+02
 1.98075000000000E+03, -3.81332785824270E-01, -4.38461538000000E-01,  2.62312124299652E-01,  2.17630000000006E+02,  2.20998898900777E+02,  2.35555924562166E+02
 1.98083333300000E+03, -3.92566368174373E-01, -4.15384615000000E-01,  2.62168349279434E-01,  2.17810000000006E+02,  3.07678762062968E+02,  1.51796889491890E+02
 1.98091666700000E+03, -3.92573563408468E-01, -3.92307692000000E-01,  2.61651448656572E-01,  2.17990000000006E+02,  3.21670412759042E+02,  1.00032862875891E+02
 1.98100000000000E+03, -3.75449991255324E-01, -3.69230769000000E-01,  2.60763141100988E-01,  2.18170000000006E+02,  3.30625451430851E+02,  7.05043374905820E+01
 1.98108333300000E+03, -3.16684794148171E-01, -2.15384615000000E-01,  2.59505814775999E-01,  2.18350000000006E+02,  3.21977334979374E+02,  9.23413992071127E+01
 1.98116666700000E+03, -2.24825246871422E-01, -7.69230770000000E-02,  2.57882508594772E-01,  2.18530000000006E+02,  2.34512678492763E+02,  1.29577532484036E+02
 1.98125000000000E+03, -1.06059798828681E-01, -1.76923077000000E-01,  2.63407410815855E-02,  2.18710000000006E+02,  1.59821557375305E+02,  1.07364337559984E+02
 1.98133333300000E+03, -8.35288727547588E-03, -1.38461538000000E-01,  3.37182355362067E-02,  2.18890000000006E+02,  1.97465964746954E+02,  1.21839689373917E+02
 1.98141666700000E+03,  6.86818408884326E-02, -5.38461540000000E-02,  4.12781177286053E-02,  2.19070000000006E+02,  2.54543574636824E+02,  1.90602293416792E+02
 1.98150000000000E+03,  1.24462091843088E-01, -2.69230769000000E-01,  4.89967296032023E-02,  2.19250000000006E+02,  2.64623590567030E+02,  1.79572268576719E+02
 1.98158333300000E+03,  1.75618577167483E-01, -2.15384615000000E-01,  5.68504484735617E-02,  2.19430000000006E+02,  2.63992060798336E+02,  1.81627096404537E+02
 1.98166666700000E+03,  2.14714351895674E-01, -1.15384615000000E-01,  6.48157421521516E-02,  2.19610000000006E+02,  2.29102517446459E+02,  3.08457364754917E+02
 1.98175000000000E+03,  2.40438500326704E-01, -7.69230770000000E-02,  7.44249766266771E-02,  2.19790000000006E+02,  1.67340965228999E+02,  4.10525627202332E+02
 1.98183333300000E+03,  2.62701977596535E-01,  9.23076920000000E-02,  8.25533035072055E-02,  2.19970000000006E+02,  1.49748363070854E+02,  5.34766823362847E+02
 1.98191666700000E+03,  2.99474582305031E-01, -1.46153846000000E-01,  9.07192997389804E-02,  2.20150000000006E+02,  1.52626403886666E+02,  8.58587018787164E+02
 1.98200000000000E+03,  3.50356923304541E-01, -6.92307690000000E-02,  9.89003732874273E-02,  2.20330000000006E+02,  1.57386536155629E+02,  1.24083146862872E+03
 1.98208333300000E+03,  3.68339220255713E-01,  0.00000000000000E+00,  1.07074280057838E-01,  2.20510000000006E+02,  2.87356402047753E+02,  1.64599871139774E+03
 1.98216666700000E+03,  3.30543400435957E-01,  7.69230800000000E-03,  1.15219167413138E-01,  2.20690000000006E+02,  5.58394559828876E+02,  2.13748045867100E+03
 1.98225000000000E+03,  2.48699527839390E-01,  1.15384615000000E-01,  5.45505612983382E-01,  2.20870000000006E+02,  7.51962253080226E+02,  2.35082968736002E+03
 1.98233333300000E+03,  2.10172888954483E-01,  2.61538462000000E-01,  5.35914804589863E-01,  2.21050000000006E+02,  7.82567308653724E+02,  2.10567248677533E+03
 1.98241666700000E+03,  2.39445590090991E-01,  5.23076923000000E-01,  5.25680514838302E-01,  2.21230000000006E+02,  7.70579006543049E+02,  1.68851901870881E+03
 1.98250000000000E+03,  3.28893014558892E-01,  8.46153846000000E-01,  5.14830690301904E-01,  2.21410000000006E+02,  6.76579042667497E+02,  1.15253208901844E+03
 1.98258333300000E+03,  4.23680574183995E-01,  8.61538462000000E-01,  5.03395122910658E-01,  2.21590000000006E+02,  4.32762233820598E+02,  6.01201365659155E+02
 1.98266666700000E+03,  4.97952676385748E-01,  8.84615385000000E-01,  4.91405304528193E-01,  2.21770000000006E+02,  2.40482241787557E+02,  4.59355780020736E+02
 1.98275000000000E+03,  5.32813942344393E-01,  6.00000000000000E-01,  4.82241499345359E-01,  2.21950000000006E+02,  2.40722702593586E+02,  6.96000107398025E+02
 1.98283333300000E+03,  5.24590297979988E-01,  6.15384615000000E-01,  4.69368631059057E-01,  2.22130000000006E+02,  2.93734491527456E+02,  9.15143041300635E+02
 1.98291666700000E+03,  4.73901947480740E-01,  5.84615385000000E-01,  4.56035174717917E-01,  2.22310000000006E+02,  2.99794104555823E+02,  1.03263806161673E+03
 1.98300000000000E+03,  4.04799924146282E-01,  7.76923077000000E-01,  4.42277652365998E-01,  2.22490000000006E+02,  2.90876188202120E+02,  1.03375347366359E+03
 1.98308333300000E+03,  3.66912506198586E-01,  9.46153846000000E-01,  4.28133574204481E-01,  2.22670000000006E+02,  2.50110245232195E+02,  8.06501031326454E+02
 1.98316666700000E+03,  3.84854879561406E-01,  6.07692308000000E-01,  4.13641287405502E-01,  2.22850000000006E+02,  1.64720271700646E+02,  4.78224850785750E+02
 1.98325000000000E+03,  4.35348885905099E-01,  7.23076923000000E-01,  4.57649941058555E-01,  2.23030000000006E+02,  9.36409367537603E+01,  2.57167274638106E+02
 1.98333333300000E+03,  4.39693009494517E-01,  3.61538462000000E-01,  4.43941090046012E-01,  2.23210000000006E+02,  5.96131350839650E+01,  1.38322020722272E+02
 1.98341666700000E+03,  3.74700891511960E-01,  2.15384615000000E-01,  4.29841158298424E-01,  2.23390000000006E+02,  3.83227338998821E+01,  8.31604378274769E+01
 1.98350000000000E+03,  2.65895001285304E-01,  2.76923077000000E-01,  4.15388400990192E-01,  2.23570000000006E+02,  3.29048866374748E+01,  1.44298290762162E+02
 1.98358333300000E+03,  1.67972015368970E-01,  2.00000000000000E-01,  4.00621777915572E-01,  2.23750000000006E+02,  4.94262562170728E+01,  3.20782275063666E+02
 1.98366666700000E+03,  9.20823528525906E-02,  1.38461538000000E-01,  3.85580804566832E-01,  2.23930000000006E+02,  5.89754531300152E+01,  4.89999926063772E+02
 1.98375000000000E+03,  2.46537089029929E-02, -9.23076920000000E-02,  3.83056004686530E-01,  2.24110000000006E+02,  5.51915597394235E+01,  5.72086392497087E+02
 1.98383333300000E+03, -5.78043412827429E-02,  1.23076923000000E-01,  3.67745517058607E-01,  2.24290000000006E+02,  7.08791190519354E+01,  6.70988572697471E+02
 1.98391666700000E+03, -1.56513017820547E-01,  1.76923077000000E-01,  3.52247489849636E-01,  2.24470000000006E+02,  1.01628168622130E+02,  8.36884954619120E+02
 1.98400000000000E+03, -2.54520214851159E-01,  0.00000000000000E+00,  3.36602240771174E-01,  2.24650000000006E+02,  1.30128674321399E+02,  9.41294928095201E+02
 1.98408333300000E+03, -2.98661144524380E-01,  7.69230770000000E-02,  3.20850048974962E-01,  2.24830000000006E+02,  1.76526046890664E+02,  9.91036150065464E+02
 1.98416666700000E+03, -2.76429561107364E-01,  0.00000000000000E+00,  3.05031021019022E-01,  2.25010000000006E+02,  2.27489873770730E+02,  1.08431926668879E+03
 1.98425000000000E+03, -2.03326291390903E-01,  2.46153846000000E-01, -4.12052417520471E-02,  2.25190000000006E+02,  2.41078258628549E+02,  1.10776350021929E+03
 1.98433333300000E+03, -1.51257716292252E-01,  1.15384615000000E-01, -3.80416045889535E-02,  2.25370000000006E+02,  2.23897793682345E+02,  9.36272240928856E+02
 1.98441666700000E+03, -1.32136392314285E-01,  5.07692308000000E-01, -3.44207299646346E-02,  2.25550000000006E+02,  1.93582998019574E+02,  6.68620988234463E+02
 1.98450000000000E+03, -1.39577755416968E-01,  2.76923077000000E-01, -3.03615306811708E-02,  2.25730000000006E+02,  1.52674054124699E+02,  4.46551003758426E+02
 1.98458333300000E+03, -1.45932400434490E-01, -1.00000000000000E-01, -2.58836694411672E-02,  2.25910000000006E+02,  1.44482475947899E+02,  2.84490241438829E+02
 1.98466666700000E+03, -1.55777695858242E-01, -1.76923077000000E-01, -2.10074933236716E-02,  2.26090000000006E+02,  1.90420908965523E+02,  1.71205596138072E+02
 1.98475000000000E+03, -1.75876834574250E-01, -1.53846150000000E-02, -1.96729088490138E-02,  2.26270000000006E+02,  2.20126716024502E+02,  1.63992920739204E+02
 1.98483333300000E+03, -2.02615428871374E-01, -7.69230800000000E-03, -1.43244897563212E-02,  2.26450000000006E+02,  2.17761830974053E+02,  2.50636531423161E+02
 1.98491666700000E+03, -2.21286266702866E-01, -2.76923077000000E-01, -8.62593566930395E-03,  2.26630000000006E+02,  2.39640708794959E+02,  3.42812060287515E+02
 1.98500000000000E+03, -2.24747524501585E-01, -2.76923077000000E-01, -2.59937029315992E-03,  2.26810000000006E+02,  2.43931071148092E+02,  4.36084926364613E+02
 1.98508333300000E+03, -2.15864858254861E-01, -5.38461540000000E-02,  3.73267624748340E-03,  2.26990000000006E+02,  1.89426188128645E+02,  5.26833320759605E+02
 1.98516666700000E+03, -2.29794766292040E-01, -2.23076923000000E-01,  1.03473314031333E-02,  2.27170000000006E+02,  1.47971888174481E+02,  5.49074307910810E+02
 1.98525000000000E+03, -2.84551598661489E-01, -2.84615385000000E-01,  3.34645946349649E-01,  2.27350000000006E+02,  1.36623321450895E+02,  4.87630213769992E+02
 1.98533333300000E+03, -3.78133446532138E-01, -5.69230769000000E-01,  3.18883251803124E-01,  2.27530000000006E+02,  9.55948022388035E+01,  4.17295284404479E+02
 1.98541666700000E+03, -4.51495007421530E-01, -6.84615385000000E-01,  3.03058696184534E-01,  2.27710000000006E+02,  4.21759587365060E+01,  4.29041965842084E+02
 1.98550000000000E+03, -4.55125351451227E-01, -6.15384615000000E-01,  2.87212037004317E-01,  2.27890000000006E+02,  4.46176825060023E+01,  4.55410947927897E+02
 1.98558333300000E+03, -3.59137349338776E-01, -6.15384615000000E-01,  2.71382588518494E-01,  2.28070000000006E+02,  8.97745192371940E+01,  3.95426496066736E+02
 1.98566666700000E+03, -1.95861791071980E-01, -2.00000000000000E-01,  2.55609101646549E-01,  2.28250000000006E+02,  1.09040107571067E+02,  3.55411218532081E+02
 1.98575000000000E+03, -7.84453558907884E-03, -2.46153846000000E-01,  2.30803302099673E-01,  2.28430000000006E+02,  1.06337169036977E+02,  3.60692862609017E+02
 1.98583333300000E+03,  1.57582630628420E-01, -7.69230770000000E-02,  2.15349059101655E-01,  2.28610000000006E+02,  1.13973844700955E+02,  2.75793625168048E+02
 1.98591666700000E+03,  2.98807521705938E-01,  3.84615380000000E-02,  2.00083391552686E-01,  2.28790000000006E+02,  1.05712356878013E+02,  1.75916957853569E+02
 1.98600000000000E+03,  4.10162817343573E-01,  2.30769231000000E-01,  1.85041077348918E-01,  2.28970000000006E+02,  1.11884779684090E+02,  2.71256605163671E+02
 1.98608333300000E+03,  4.71746906339612E-01, -7.69230770000000E-02,  1.70255759670269E-01,  2.29150000000006E+02,  1.92877915180195E+02,  5.21449345799311E+02
 1.98616666700000E+03,  4.70023135506778E-01, -4.23076923000000E-01,  1.55759863971513E-01,  2.29330000000006E+02,  2.64346743210357E+02,  6.36922022994843E+02
 1.98625000000000E+03,  4.37471666235880E-01, -1.53846150000000E-02,  8.60827106709295E-01,  2.29510000000006E+02,  2.72736481998966E+02,  6.00812082738123E+02
 1.98633333300000E+03,  4.51225662399711E-01,  2.69230769000000E-01,  8.42653813389084E-01,  2.29690000000006E+02,  3.13316387963032E+02,  6.65347143878060E+02
 1.98641666700000E+03,  5.31669537651086E-01,  6.00000000000000E-01,  8.23820748403824E-01,  2.29870000000006E+02,  3.58423701577489E+02,  6.67058098634589E+02
 1.98650000000000E+03,  6.40134344968660E-01,  4.23076923000000E-01,  8.04419640882726E-01,  2.30050000000006E+02,  3.12510656803155E+02,  4.30731041100977E+02
 1.98658333300000E+03,  6.92181588365267E-01,  1.84615385000000E-01,  7.84544043817102E-01,  2.30230000000006E+02,  2.57973527556932E+02,  2.95248482558855E+02
 1.98666666700000E+03,  6.48258638067171E-01,  3.84615385000000E-01,  7.64288743895196E-01,  2.30410000000006E+02,  2.50600042295511E+02,  3.15529733627003E+02
 1.98675000000000E+03,  5.10314687919240E-01,  1.30769231000000E-01,  7.41752735122884E-01,  2.30590000000006E+02,  1.97225848808072E+02,  2.33283620781312E+02
 1.98683333300000E+03,  3.36861570660804E-01, -7.69230800000000E-03,  7.21011235842163E-01,  2.30770000000006E+02,  9.53247857286836E+01,  1.42939824367276E+02
 1.98691666700000E+03,  1.74485787267116E-01, -2.76923077000000E-01,  7.00185180122135E-01,  2.30950000000006E+02,  5.26171743307509E+01,  1.79530060073696E+02
 1.98700000000000E+03,  5.79578962208485E-02, -3.23076923000000E-01,  6.79368478772971E-01,  2.31130000000006E+02,  7.49195815849041E+01,  2.50048384081728E+02
 1.98708333300000E+03, -3.26617505998725E-03, -6.23076923000000E-01,  6.58653465695061E-01,  2.31310000000006E+02,  7.92155681405915E+01,  2.55125397203137E+02
 1.98716666700000E+03, -9.97176077467014E-03, -3.69230769000000E-01,  6.38130405818458E-01,  2.31490000000006E+02,  8.19116095912739E+01,  2.58145235431597E+02
 1.98725000000000E+03,  3.83882225418345E-03, -5.38461540000000E-02,  7.05332687192717E-01,  2.31670000000006E+02,  1.26099653708157E+02,  3.69138707425288E+02
 1.98733333300000E+03, -2.04086192866425E-02, -3.23076923000000E-01,  6.84505018041141E-01,  2.31850000000006E+02,  1.33991568346310E+02,  4.43637467536066E+02
 1.98741666700000E+03, -1.09741468438026E-01, -7.53846154000000E-01,  6.63756401246740E-01,  2.32030000000006E+02,  1.01414596092561E+02,  4.51177997337805E+02
 1.98750000000000E+03, -2.30925650290368E-01, -8.15384615000000E-01,  6.43177657276356E-01,  2.32210000000006E+02,  1.29852571022195E+02,  6.38876173303067E+02
 1.98758333300000E+03, -3.28326061507837E-01, -5.23076923000000E-01,  6.22857183654753E-01,  2.32390000000006E+02,  1.80671677400114E+02,  8.76622193171515E+02
 1.98766666700000E+03, -3.62690746585601E-01, -4.00000000000000E-01,  6.02880508410374E-01,  2.32570000000006E+02,  1.87909149024454E+02,  9.21689415385755E+02
 1.98775000000000E+03, -3.28731590312688E-01, -5.76923077000000E-01,  6.03308483655842E-01,  2.32750000000006E+02,  1.93466137139001E+02,  9.16565694821385E+02
 1.98783333300000E+03, -2.23740515531009E-01, -6.53846154000000E-01,  5.83747784532748E-01,  2.32930000000006E+02,  1.94821643936567E+02,  8.78927584133401E+02
 1.98791666700000E+03, -5.92685895495009E-02, -5.00000000000000E-01,  5.64690030776871E-01,  2.33110000000006E+02,  1.62355246456806E+02,  6.72585587965016E+02
 1.98800000000000E+03,  1.20873883306763E-01, -3.53846154000000E-01,  5.46209845625736E-01,  2.33290000000006E+02,  1.11837819140620E+02,  4.25671639540234E+02
 1.98808333300000E+03,  2.35052938083919E-01, -2.38461538000000E-01,  5.28377502215680E-01,  2.33470000000006E+02,  6.34378679097269E+01,  2.92176299306174E+02
 1.98816666700000E+03,  2.45460003874768E-01,  6.15384620000000E-02,  5.11258631659406E-01,  2.33650000000006E+02,  3.79200771398451E+01,  2.12409317283100E+02
 1.98825000000000E+03,  1.86387184508433E-01, -3.07692310000000E-02,  5.63577171434982E-01,  2.33830000000006E+02,  3.14469329107420E+01,  1.63243541598379E+02
 1.98833333300000E+03,  1.60541981412782E-01, -2.61538462000000E-01,  5.55432163788040E-01,  2.34010000000006E+02,  3.37117660592955E+01,  2.82734461253015E+02
 1.98841666700000E+03,  2.04235387844002E-01, -2.30769231000000E-01,  5.46591223186373E-01,  2.34190000000006E+02,  5.41912155552908E+01,  4.99601786692421E+02
 1.98850000000000E+03,  2.95243014986939E-01,  1.30769231000000E-01,  5.37077923258930E-01,  2.34370000000006E+02,  7.14606469220743E+01,  5.30594213549923E+02
 1.98858333300000E+03,  3.79733781996614E-01,  2.92307692000000E-01,  5.26917979740180E-01,  2.34550000000006E+02,  7.28542288090296E+01,  4.83678648013309E+02
 1.98866666700000E+03,  4.33723649346493E-01,  5.15384615000000E-01,  5.16139112510257E-01,  2.34730000000006E+02,  7.86138053495555E+01,  6.14715543259116E+02
 1.98875000000000E+03,  4.69869378730485E-01,  5.07692308000000E-01,  5.15609713007831E-01,  2.34910000000006E+02,  7.08854834305197E+01,  7.02361504243216E+02
 1.98883333300000E+03,  4.96958277765702E-01,  7.15384615000000E-01,  5.04214147309283E-01,  2.35090000000006E+02,  4.08729236117029E+01,  5.96094922536125E+02
 1.98891666700000E+03,  5.27642197143098E-01,  6.53846154000000E-01,  4.92262073613329E-01,  2.35270000000006E+02,  4.51641260158930E+01,  5.77174620296008E+02
 1.98900000000000E+03,  5.53732973621325E-01,  5.92307692000000E-01,  4.79786432008820E-01,  2.35450000000006E+02,  1.13948383498012E+02,  6.88797524844231E+02
 1.98908333300000E+03,  5.06740360041638E-01,  7.15384615000000E-01,  4.66821575395388E-01,  2.35630000000006E+02,  2.10992105181521E+02,  7.22986803178225E+02
 1.98916666700000E+03,  3.82621496747970E-01,  5.69230769000000E-01,  4.53403118596034E-01,  2.35810000000006E+02,  3.12840467783633E+02,  7.67059403015727E+02
 1.98925000000000E+03,  1.83305615768565E-01,  5.92307692000000E-01,  3.73674061161180E-01,  2.35990000000006E+02,  4.31399794073886E+02,  1.00222809790892E+03
 1.98933333300000E+03,  4.08636698191654E-02,  6.07692308000000E-01,  3.77512295120252E-01,  2.36170000000006E+02,  5.40365576834418E+02,  1.30421154911616E+03
 1.98941666700000E+03, -3.46922025942050E-02,  5.15384615000000E-01,  3.82135349946601E-01,  2.36350000000006E+02,  5.65616267870928E+02,  1.42042265214468E+03
 1.98950000000000E+03, -3.10854054423846E-02,  7.07692308000000E-01,  3.87493110448313E-01,  2.36530000000006E+02,  5.00198067274338E+02,  1.32791555035151E+03
 1.98958333300000E+03, -2.17040164585670E-03,  7.69230769000000E-01,  3.93532792037931E-01,  2.36710000000006E+02,  4.05475861118484E+02,  1.22834956320675E+03
 1.98966666700000E+03,  5.01215388181261E-02,  7.00000000000000E-01,  4.00199249683749E-01,  2.36890000000006E+02,  2.89314318060022E+02,  1.24113842825557E+03
 1.98975000000000E+03,  1.22920480693726E-01,  6.92307692000000E-01,  4.11478410908833E-01,  2.37070000000006E+02,  1.55813538250981E+02,  1.28046889385487E+03
 1.98983333300000E+03,  2.11315550570274E-01,  4.76923077000000E-01,  4.19471198260651E-01,  2.37250000000006E+02,  6.52252428970662E+01,  1.25127785473818E+03
 1.98991666700000E+03,  3.18202821655534E-01,  5.30769231000000E-01,  4.27881858452108E-01,  2.37430000000006E+02,  3.68080253418858E+01,  1.19141301135765E+03
 1.99000000000000E+03,  4.26250805989726E-01,  6.15384615000000E-01,  4.36648470402385E-01,  2.37610000000006E+02,  4.01607527468486E+01,  1.08889132208253E+03
 1.99008333300000E+03,  4.70842086112725E-01,  7.30769231000000E-01,  4.45708474166903E-01,  2.37790000000007E+02,  4.87011166118497E+01,  7.93502385602532E+02
 1.99016666700000E+03,  4.28185077835850E-01,  4.92307692000000E-01,  4.54998972271505E-01,  2.37970000000007E+02,  4.86271209540409E+01,  3.89209763229077E+02
 1.99025000000000E+03,  3.12746524188902E-01,  5.61538462000000E-01,  6.81942849684332E-01,  2.38150000000007E+02,  4.50461167675363E+01,  1.91102920610148E+02
 1.99033333300000E+03,  2.35156312071151E-01,  4.07692308000000E-01,  6.85589019176855E-01,  2.38330000000007E+02,  4.02309819067207E+01,  1.86891975116461E+02
 1.99041666700000E+03,  2.20285455655532E-01,  6.00000000000000E-01,  6.90766062711064E-01,  2.38510000000007E+02,  5.17201489514853E+01,  1.34221459979357E+02
 1.99050000000000E+03,  2.69597660071390E-01,  9.15384615000000E-01,  6.97397353499970E-01,  2.38690000000007E+02,  1.06626310600418E+02,  4.28924692953020E+01
 1.99058333300000E+03,  3.35982689514169E-01,  7.23076923000000E-01,  7.05395994046246E-01,  2.38870000000007E+02,  1.65033655009837E+02,  2.70061230422596E+01
 1.99066666700000E+03,  4.12942756454399E-01,  4.69230769000000E-01,  7.14665701529114E-01,  2.39050000000007E+02,  1.80946780639571E+02,  5.71534565842982E+01
 1.99075000000000E+03,  5.01441883137281E-01,  3.76923077000000E-01,  7.25336866377972E-01,  2.39230000000007E+02,  1.75958162753246E+02,  6.70985902690819E+01
 1.99083333300000E+03,  6.01661677680264E-01,  2.15384615000000E-01,  7.36848308556483E-01,  2.39410000000007E+02,  1.56889061939210E+02,  6.47551879253714E+01
 1.99091666700000E+03,  7.00577686256101E-01,  3.00000000000000E-01,  7.49292612697867E-01,  2.39590000000007E+02,  1.12454972318920E+02,  9.96406016165348E+01
 1.99100000000000E+03,  7.78142491586304E-01,  1.15384615000000E-01,  7.62545576935280E-01,  2.39770000000007E+02,  7.48333923897648E+01,  1.61908705910726E+02
 1.99108333300000E+03,  7.40677596759848E-01,  2.46153846000000E-01,  7.76478639171634E-01,  2.39950000000007E+02,  6.80645710506634E+01,  2.05107730413491E+02
 1.99116666700000E+03,  5.98719985068723E-01,  1.38461538000000E-01,  7.90959930097627E-01,  2.40130000000007E+02,  7.20542219108807E+01,  2.25050005939920E+02
 1.99125000000000E+03,  3.68106063348298E-01,  1.69230769000000E-01,  6.79460091213656E-01,  2.40310000000007E+02,  6.60719357657534E+01,  2.27329005386729E+02
 1.99133333300000E+03,  2.17846825701361E-01,  2.53846154000000E-01,  6.80574970989655E-01,  2.40490000000007E+02,  5.52708868012322E+01,  2.37690626481223E+02
 1.99141666700000E+03,  1.54471156245564E-01,  3.53846154000000E-01,  6.83318352726087E-01,  2.40670000000007E+02,  5.38300901918889E+01,  2.80554866846360E+02
 1.99150000000000E+03,  1.83249213910512E-01,  1.92307692000000E-01,  6.87631375884800E-01,  2.40850000000007E+02,  6.14257566488149E+01,  3.20550639514443E+02
 1.99158333300000E+03,  2.22927487152506E-01,  2.92307692000000E-01,  6.93443642573449E-01,  2.41030000000007E+02,  7.86486718569158E+01,  3.61621637079881E+02
 1.99166666700000E+03,  2.65723563976642E-01,  4.07692308000000E-01,  7.00674005508618E-01,  2.41210000000007E+02,  1.18426252067599E+02,  4.33855438525417E+02
 1.99175000000000E+03,  3.06939513353895E-01,  5.53846154000000E-01,  7.04162301388785E-01,  2.41390000000007E+02,  1.81078040415390E+02,  4.80748605030184E+02
 1.99183333300000E+03,  3.61754743484651E-01,  4.92307692000000E-01,  7.13255068330241E-01,  2.41570000000007E+02,  2.46029274439502E+02,  4.71364585357884E+02
 1.99191666700000E+03,  4.46579907851765E-01,  4.00000000000000E-01,  7.23529750387939E-01,  2.41750000000007E+02,  2.98581045871685E+02,  4.67362238144054E+02
 1.99200000000000E+03,  5.51043313240881E-01,  4.53846154000000E-01,  7.34875158498429E-01,  2.41930000000007E+02,  3.44096893016710E+02,  5.09313292006606E+02
 1.99208333300000E+03,  6.04923297227904E-01,  7.38461538000000E-01,  7.47173493730868E-01,  2.42110000000007E+02,  3.58589911901919E+02,  5.84592808463434E+02
 1.99216666700000E+03,  5.74189820610028E-01,  5.76923077000000E-01,  7.60301377269333E-01,  2.42290000000007E+02,  3.15765414467965E+02,  6.36014913497233E+02
 1.99225000000000E+03,  4.88336050860223E-01,  5.23076923000000E-01,  8.66791726885792E-01,  2.42470000000007E+02,  2.88858627400626E+02,  5.97253953465146E+02
 1.99233333300000E+03,  4.67916390354352E-01,  7.15384615000000E-01,  8.48861227662768E-01,  2.42650000000007E+02,  3.25368626865583E+02,  5.12128700468651E+02
 1.99241666700000E+03,  5.49248597757715E-01,  6.84615385000000E-01,  8.30240535725376E-01,  2.42830000000007E+02,  3.35205468137949E+02,  4.45592602625833E+02
 1.99250000000000E+03,  6.90307218312096E-01,  8.30769231000000E-01,  8.11020631026737E-01,  2.43010000000007E+02,  2.92067253308286E+02,  3.25950862378057E+02
 1.99258333300000E+03,  8.02414228140851E-01,  9.30769231000000E-01,  7.91294517712624E-01,  2.43190000000007E+02,  2.72268205210443E+02,  1.91300381370588E+02
 1.99266666700000E+03,  8.28445307305906E-01,  8.69230769000000E-01,  7.71156631896379E-01,  2.43370000000007E+02,  2.71782869080707E+02,  2.43638007492717E+02
 1.99275000000000E+03,  7.66681542416776E-01,  8.30769231000000E-01,  7.61077062814633E-01,  2.43550000000007E+02,  2.61025310447168E+02,  4.06144852663217E+02
 1.99283333300000E+03,  6.32958063023268E-01,  4.15384615000000E-01,  7.40501514250070E-01,  2.43730000000007E+02,  2.69846162121473E+02,  4.54446294939826E+02
 1.99291666700000E+03,  4.81736570738409E-01,  3.69230769000000E-01,  7.19752205212885E-01,  2.43910000000007E+02,  2.90122272824239E+02,  4.62041685777668E+02
 1.99300000000000E+03,  3.40438721788859E-01,  3.69230769000000E-01,  6.98924059102482E-01,  2.44090000000007E+02,  2.91571744601219E+02,  5.08121546102528E+02
 1.99308333300000E+03,  2.25475073946175E-01,  3.69230769000000E-01,  6.78110905711707E-01,  2.44270000000007E+02,  2.81050800777378E+02,  4.78261635764277E+02
 1.99316666700000E+03,  1.30763464648471E-01, -7.69230800000000E-03,  6.57404967464081E-01,  2.44450000000007E+02,  2.33002207151479E+02,  3.96816375343650E+02
 1.99325000000000E+03,  6.23790005943075E-02, -2.30769230000000E-02,  9.89473427188415E-01,  2.44630000000007E+02,  1.50882857957653E+02,  3.72909034807925E+02
 1.99333333300000E+03,  1.10603790649828E-02,  2.61538462000000E-01,  9.82307807613141E-01,  2.44810000000007E+02,  1.38215585366927E+02,  3.64538385970370E+02
 1.99341666700000E+03, -3.98064752044403E-02,  2.92307692000000E-01,  9.73788765479331E-01,  2.44990000000007E+02,  1.82028256696947E+02,  3.09967751714161E+02
 1.99350000000000E+03, -1.03384548853180E-01,  3.53846154000000E-01,  9.63957119922625E-01,  2.45170000000007E+02,  1.54516761388942E+02,  2.57058282760435E+02
 1.99358333300000E+03, -1.75813359191681E-01,  1.61538462000000E-01,  9.52861104293017E-01,  2.45350000000007E+02,  1.27624717229505E+02,  2.68543166595515E+02
 1.99366666700000E+03, -2.40641053871811E-01,  4.76923077000000E-01,  9.40555909262963E-01,  2.45530000000007E+02,  2.08729363325258E+02,  3.07692978761497E+02
 1.99375000000000E+03, -2.71178588659080E-01,  4.69230769000000E-01,  9.23137337758225E-01,  2.45710000000007E+02,  2.54283779417272E+02,  3.13375071187549E+02
 1.99383333300000E+03, -2.37897797745299E-01,  3.15384615000000E-01,  9.08315022818468E-01,  2.45890000000007E+02,  2.01796438152778E+02,  3.14829116641366E+02
 1.99391666700000E+03, -1.19299915084221E-01,  7.53846154000000E-01,  8.92507172725894E-01,  2.46070000000007E+02,  2.08539997049547E+02,  3.36536103005030E+02
 1.99400000000000E+03,  5.86113695222750E-02,  8.30769231000000E-01,  8.75792916434666E-01,  2.46250000000007E+02,  2.75680956564023E+02,  3.92377432678849E+02
 1.99408333300000E+03,  2.52904479050275E-01,  7.69230769000000E-01,  8.58255495470313E-01,  2.46430000000007E+02,  2.86148856409481E+02,  6.15438377348117E+02
 1.99416666700000E+03,  4.20441142903932E-01,  7.76923077000000E-01,  8.39981675364180E-01,  2.46610000000007E+02,  2.85769260437131E+02,  1.07135504759695E+03
 1.99425000000000E+03,  5.65588347779980E-01,  8.84615385000000E-01,  7.33754658508664E-01,  2.46790000000007E+02,  3.33062441610386E+02,  1.53123990221472E+03
 1.99433333300000E+03,  6.98000601024920E-01,  9.53846154000000E-01,  7.45967702790717E-01,  2.46970000000007E+02,  3.40963090636805E+02,  1.71983538127383E+03
 1.99441666700000E+03,  8.14780367338731E-01,  8.84615385000000E-01,  7.59022225942600E-01,  2.47150000000007E+02,  2.58684221161821E+02,  1.60723902606889E+03
 1.99450000000000E+03,  8.92750887130362E-01,  7.92307692000000E-01,  7.72790700412256E-01,  2.47330000000007E+02,  1.63382374670235E+02,  1.27200190791398E+03
 1.99458333300000E+03,  9.04686291089909E-01,  8.15384615000000E-01,  7.87142017042312E-01,  2.47510000000007E+02,  1.06167540041005E+02,  7.80478023771782E+02
 1.99466666700000E+03,  8.42773056148742E-01,  9.84615385000000E-01,  8.01942536845693E-01,  2.47690000000007E+02,  6.74262528224157E+01,  3.32036114261450E+02
 1.99475000000000E+03,  7.09382778213142E-01,  5.00000000000000E-01,  8.15015399250513E-01,  2.47870000000007E+02,  5.34057252493403E+01,  1.58731913474997E+02
 1.99483333300000E+03,  5.30469729098776E-01,  3.53846154000000E-01,  8.30292401806451E-01,  2.48050000000007E+02,  7.20531000845171E+01,  2.48638560556114E+02
 1.99491666700000E+03,  3.33976698706924E-01,  2.30769231000000E-01,  8.45630908779743E-01,  2.48230000000007E+02,  9.37882987581075E+01,  4.47544173426917E+02
 1.99500000000000E+03,  1.61168553143412E-01, -3.84615380000000E-02,  8.60897133785430E-01,  2.48410000000007E+02,  1.15733929110068E+02,  6.64939302295602E+02
 1.99508333300000E+03,  8.20495781166195E-02, -1.53846154000000E-01,  8.75959617890638E-01,  2.48590000000007E+02,  1.34976818726969E+02,  8.20635728821611E+02
 1.99516666700000E+03,  1.13108105919711E-01, -3.07692310000000E-02,  8.90690128375324E-01,  2.48770000000007E+02,  1.22122294849289E+02,  8.46073115308208E+02
 1.99525000000000E+03,  2.08982557521672E-01, -4.61538460000000E-02,  8.26511842066450E-01,  2.48950000000007E+02,  1.26715448317629E+02,  7.73728646127421E+02
 1.99533333300000E+03,  2.34927800361016E-01, -1.84615385000000E-01,  8.41847675597234E-01,  2.49130000000007E+02,  2.17772161001779E+02,  6.81623051770720E+02
 1.99541666700000E+03,  1.50565553260685E-01, -4.92307692000000E-01,  8.57144058662260E-01,  2.49310000000007E+02,  3.36237751177978E+02,  6.03654038426903E+02
 1.99550000000000E+03, -1.62736856253145E-02, -7.53846154000000E-01,  8.72268872783105E-01,  2.49490000000007E+02,  4.07230535389419E+02,  5.11634231220142E+02
 1.99558333300000E+03, -1.84623202757139E-01, -7.92307692000000E-01,  8.87093008124575E-01,  2.49670000000007E+02,  4.37503540649383E+02,  4.17854441766231E+02
 1.99566666700000E+03, -3.14339406396727E-01, -1.16923076900000E+00,  9.01491227066162E-01,  2.49850000000007E+02,  4.11276472156975E+02,  3.97056871467206E+02
 1.99575000000000E+03, -3.90061016469077E-01, -1.38461538500000E+00,  9.12632054119294E-01,  2.50030000000007E+02,  2.97814446321639E+02,  3.65986812555096E+02
 1.99583333300000E+03, -4.00836451517275E-01, -1.37692307700000E+00,  9.25962949784174E-01,  2.50210000000007E+02,  1.48739219086592E+02,  2.43699968840809E+02
 1.99591666700000E+03, -3.48562957110854E-01, -1.26153846200000E+00,  9.38544487124672E-01,  2.50390000000007E+02,  4.64038191687023E+01,  2.06040857916359E+02
 1.99600000000000E+03, -2.58464994455740E-01, -1.00769230800000E+00,  9.50273073537521E-01,  2.50570000000007E+02,  7.72575098968173E+00,  2.55351771507818E+02
 1.99608333300000E+03, -1.76557119899568E-01, -8.53846154000000E-01,  9.61052354741419E-01,  2.50750000000007E+02,  7.33580626072498E+00,  2.05907989155237E+02
 1.99616666700000E+03, -1.39188434307605E-01, -8.38461538000000E-01,  9.70793732191800E-01,  2.50930000000007E+02,  2.12362434989188E+01,  1.45781843089402E+02
 1.99625000000000E+03, -1.31441613005620E-01, -7.61538462000000E-01,  9.33199435496689E-01,  2.51110000000007E+02,  3.04996943687854E+01,  1.45388155776024E+02
 1.99633333300000E+03, -1.13580517404171E-01, -6.61538462000000E-01,  9.45309342736400E-01,  2.51290000000007E+02,  6.23982235181425E+01,  1.22412485788833E+02
 1.99641666700000E+03, -5.90236685755078E-02, -7.07692308000000E-01,  9.56510712576075E-01,  2.51470000000007E+02,  1.47884957745105E+02,  1.23147045230889E+02
 1.99650000000000E+03,  1.33589098384489E-02, -6.00000000000000E-01,  9.66711531526088E-01,  2.51650000000007E+02,  2.24619605708601E+02,  1.48165831977009E+02
 1.99658333300000E+03,  7.52857114684143E-02, -1.76923077000000E-01,  9.75827805152086E-01,  2.51830000000007E+02,  2.42071372145603E+02,  1.40975779292184E+02
 1.99666666700000E+03,  1.05516660252926E-01, -1.53846154000000E-01,  9.83783968199595E-01,  2.52010000000007E+02,  2.42480265242758E+02,  1.27189135227385E+02
 1.99675000000000E+03,  1.05580449022006E-01, -9.23076920000000E-02,  9.89409326865194E-01,  2.52190000000007E+02,  2.32086751863028E+02,  1.73481103751990E+02
 1.99683333300000E+03,  8.49179566856728E-02, -1.61538462000000E-01,  9.95086107914824E-01,  2.52370000000007E+02,  1.80149489952614E+02,  3.28577594925131E+02
 1.99691666700000E+03,  6.07885495849180E-02, -2.61538462000000E-01,  9.99437657838331E-01,  2.52550000000007E+02,  1.24537280993965E+02,  4.15612316042735E+02
 1.99700000000000E+03,  5.11873932502410E-02, -2.30769231000000E-01,  1.00242316675576E+00,  2.52730000000007E+02,  1.20171569570500E+02,  4.38748912931542E+02
 1.99708333300000E+03,  5.84925795086011E-02, -2.69230769000000E-01,  1.00401125958238E+00,  2.52910000000007E+02,  1.57321233733919E+02,  7.63477637383101E+02
 1.99716666700000E+03,  5.28670010006580E-02, -3.76923077000000E-01,  1.00418000804365E+00,  2.53090000000007E+02,  1.93632228638909E+02,  1.13977064715022E+03
 1.99725000000000E+03, -5.41321218557923E-03, -5.30769231000000E-01,  8.72489036839177E-01,  2.53270000000007E+02,  2.24983294165123E+02,  1.11416091633111E+03
 1.99733333300000E+03, -1.29255929070696E-01, -6.46153846000000E-01,  8.87307813521275E-01,  2.53450000000007E+02,  2.64648003039310E+02,  1.03887014079628E+03
 1.99741666700000E+03, -2.67839372547114E-01, -7.61538462000000E-01,  9.01698867795210E-01,  2.53630000000007E+02,  2.82756689947064E+02,  1.06831528354124E+03
 1.99750000000000E+03, -3.65715637328138E-01, -5.38461538000000E-01,  9.15541721404090E-01,  2.53810000000007E+02,  2.58996999686414E+02,  8.87468893432569E+02
 1.99758333300000E+03, -3.89091820046987E-01, -3.00000000000000E-01,  9.28721348794835E-01,  2.53990000000007E+02,  2.12834935947106E+02,  7.11258584572256E+02
 1.99766666700000E+03, -3.55910992800821E-01, -5.46153846000000E-01,  9.41128874327942E-01,  2.54170000000007E+02,  1.52199320553547E+02,  7.90903006876641E+02
 1.99775000000000E+03, -2.91396019939893E-01, -5.84615385000000E-01,  9.54958528128463E-01,  2.54350000000007E+02,  9.63570711673338E+01,  8.92385802542738E+02
 1.99783333300000E+03, -2.19488822460247E-01, -4.61538462000000E-01,  9.65308680116154E-01,  2.54530000000007E+02,  7.37311671381259E+01,  8.73954867671971E+02
 1.99791666700000E+03, -1.46575469083242E-01, -3.92307692000000E-01,  9.74585862218099E-01,  2.54710000000007E+02,  7.23644598608770E+01,  7.43291439295079E+02
 1.99800000000000E+03, -8.18142302364900E-02, -1.30769231000000E-01,  9.82713273711307E-01,  2.54890000000007E+02,  7.77600432193906E+01,  5.01917408695293E+02
 1.99808333300000E+03, -6.72093523090753E-02, -1.00000000000000E-01,  9.89622838970961E-01,  2.55070000000007E+02,  8.93996499468569E+01,  2.92606504384032E+02
 1.99816666700000E+03, -1.12392149242875E-01, -3.07692308000000E-01,  9.95255488472016E-01,  2.55250000000007E+02,  8.95032590721358E+01,  2.04659944145326E+02
 1.99825000000000E+03, -1.99121337952974E-01, -1.69230769000000E-01,  9.35630490556728E-01,  2.55430000000007E+02,  6.98843894718127E+01,  1.61467967557005E+02
 1.99833333300000E+03, -2.36644274256049E-01,  1.00000000000000E-01,  9.47570611225032E-01,  2.55610000000007E+02,  5.01786303631931E+01,  1.77876190086232E+02
 1.99841666700000E+03, -2.06172812717574E-01,  2.15384615000000E-01,  9.58583621894185E-01,  2.55790000000007E+02,  5.26267086169905E+01,  2.82756608273257E+02
 1.99850000000000E+03, -1.23029259002828E-01,  3.53846154000000E-01,  9.68579039194587E-01,  2.55970000000007E+02,  8.11703111968615E+01,  3.45017775619702E+02
 1.99858333300000E+03, -4.55900573221294E-02,  5.76923077000000E-01,  9.77474484316063E-01,  2.56150000000007E+02,  1.13907153012366E+02,  3.29769688438454E+02
 1.99866666700000E+03,  5.43739522401122E-03,  5.38461538000000E-01,  9.85196079604659E-01,  2.56330000000007E+02,  1.32346567323501E+02,  3.55696437819467E+02
 1.99875000000000E+03,  2.80719282191171E-02,  5.00000000000000E-01,  9.89332764433994E-01,  2.56510000000007E+02,  1.38376511381372E+02,  3.99933089306032E+02
 1.99883333300000E+03,  3.52260060750010E-02,  4.76923077000000E-01,  9.95025283176825E-01,  2.56690000000007E+02,  1.26723323389487E+02,  3.51999960794081E+02
 1.99891666700000E+03,  4.16399332087859E-02,  5.84615385000000E-01,  9.99393121790978E-01,  2.56870000000007E+02,  1.06911394925667E+02,  3.05189478091013E+02
 1.99900000000000E+03,  5.54671544666983E-02,  5.23076923000000E-01,  1.00239535664380E+00,  2.57050000000007E+02,  1.25635738160791E+02,  4.60986805721659E+02
 1.99908333300000E+03,  9.00784626574402E-02,  3.00000000000000E-01,  1.00400049835351E+00,  2.57230000000007E+02,  2.09031731023890E+02,  7.57009059438152E+02
 1.99916666700000E+03,  1.49532151259728E-01,  2.53846154000000E-01,  1.00418650458869E+00,  2.57410000000007E+02,  3.31506932339449E+02,  9.69087202549040E+02
 1.99925000000000E+03,  2.41097042333605E-01,  4.38461538000000E-01,  5.25511578403176E-01,  2.57590000000007E+02,  4.33000696925027E+02,  1.16103789020465E+03
 1.99933333300000E+03,  3.42080446734029E-01,  4.23076923000000E-01,  5.08515988517515E-01,  2.57770000000007E+02,  4.54522893904786E+02,  1.46505910444664E+03
 1.99941666700000E+03,  4.31781556564995E-01,  4.84615385000000E-01,  4.92304104578871E-01,  2.57950000000007E+02,  4.02539939568112E+02,  1.67273895810160E+03
 1.99950000000000E+03,  4.87993885351687E-01,  3.69230769000000E-01,  4.76930671625783E-01,  2.58130000000007E+02,  3.26969139409650E+02,  1.61593930771834E+03
 1.99958333300000E+03,  5.02047377623042E-01,  5.07692308000000E-01,  4.62445092977134E-01,  2.58310000000007E+02,  2.41217846057611E+02,  1.42412837642870E+03
 1.99966666700000E+03,  4.70259970269121E-01,  3.69230769000000E-01,  4.48891280476832E-01,  2.58490000000007E+02,  1.59354590717490E+02,  1.17202886268516E+03
 1.99975000000000E+03,  3.94206382195020E-01,  1.61538462000000E-01,  4.40533952563546E-01,  2.58670000000007E+02,  1.23116153956883E+02,  8.35120754447334E+02
 1.99983333300000E+03,  2.90330890496382E-01,  2.69230769000000E-01,  4.28603902825637E-01,  2.58850000000007E+02,  1.21432657394178E+02,  5.03372493862779E+02
 1.99991666700000E+03,  1.87507603920869E-01,  2.00000000000000E-01,  4.17694799867801E-01,  2.59030000000007E+02,  1.09822333735584E+02,  3.08317240810928E+02
 2.00000000000000E+03,  1.01332606789493E-01, -1.15384615000000E-01,  4.07829748366620E-01,  2.59210000000007E+02,  8.89208945058252E+01,  2.55786173188476E+02
 2.00008333300000E+03,  4.03448383484593E-02,  5.38461540000000E-02,  3.99026102713978E-01,  2.59390000000007E+02,  7.58536360634114E+01,  2.53674386953631E+02
 2.00016666700000E+03, -1.39172693843053E-03,  2.69230769000000E-01,  3.91295500834468E-01,  2.59570000000007E+02,  7.31171152890216E+01,  2.49703659931947E+02
 2.00025000000000E+03, -1.51136442828478E-02,  5.46153846000000E-01,  9.82607921253100E-01,  2.59750000000007E+02,  7.00137811966028E+01,  2.21483113494577E+02
 2.00033333300000E+03, -5.75211562338214E-03,  5.15384615000000E-01,  9.89534936530085E-01,  2.59930000000007E+02,  5.26546529262306E+01,  1.56221362963817E+02
 2.00041666700000E+03,  2.01110239987419E-02,  2.84615385000000E-01,  9.95185798553845E-01,  2.60110000000007E+02,  3.87657162733528E+01,  1.15197686104227E+02
 2.00050000000000E+03,  4.75493413332111E-02,  1.46153846000000E-01,  9.99510525532763E-01,  2.60290000000007E+02,  4.63873504107969E+01,  1.14600358728607E+02
 2.00058333300000E+03,  6.96095559596057E-02,  1.00000000000000E-01,  1.00246849483992E+00,  2.60470000000007E+02,  5.84354883554196E+01,  8.57805092108751E+01
 2.00066666700000E+03,  7.80356756670310E-02, -2.53846154000000E-01,  1.00402851951862E+00,  2.60650000000007E+02,  6.40008379173798E+01,  4.09413467445109E+01
 2.00075000000000E+03,  7.12966192893168E-02, -1.76923077000000E-01,  1.00397658817569E+00,  2.60830000000007E+02,  7.31371208786958E+01,  6.01078059885017E+01
 2.00083333300000E+03,  5.28690272144679E-02, -6.15384620000000E-02,  1.00232009960861E+00,  2.61010000000007E+02,  1.16825943009828E+02,  2.05352858949530E+02
 2.00091666700000E+03,  3.48015893510911E-02, -3.15384615000000E-01,  9.99229190176799E-01,  2.61190000000007E+02,  2.20844409643242E+02,  4.48049845172764E+02
 2.00100000000000E+03,  2.66329205169710E-02, -2.53846154000000E-01,  9.94712178009682E-01,  2.61370000000007E+02,  3.38166520283442E+02,  6.48229355583532E+02
 2.00108333300000E+03,  4.44637082088266E-02,  1.53846150000000E-02,  9.88786192602338E-01,  2.61550000000007E+02,  4.04211293911742E+02,  7.65859887697997E+02
 2.00116666700000E+03,  8.40990025738332E-02, -2.30769231000000E-01,  9.81476881600948E-01,  2.61730000000007E+02,  4.14614687720417E+02,  8.75386078861232E+02
 2.00125000000000E+03,  1.27996918936903E-01, -1.76923077000000E-01,  1.03175678764210E+00,  2.61910000000007E+02,  3.60891870871466E+02,  9.25022491464592E+02
 2.00133333300000E+03,  1.26704136177114E-01, -4.15384615000000E-01,  1.00940751982260E+00,  2.62090000000007E+02,  2.36909012306788E+02,  8.25359996976463E+02
 2.00141666700000E+03,  5.92193297436535E-02, -7.30769231000000E-01,  9.86611276536006E-01,  2.62270000000007E+02,  1.17887661513921E+02,  7.04026749607203E+02
 2.00150000000000E+03, -5.33914692769587E-02, -5.23076923000000E-01,  9.63551227325579E-01,  2.62450000000007E+02,  7.59456597190233E+01,  7.45462025236501E+02
 2.00158333300000E+03, -1.54381442557879E-01, -3.84615385000000E-01,  9.40410267679813E-01,  2.62630000000007E+02,  8.64467279159366E+01,  8.39102073188371E+02
 2.00166666700000E+03, -1.78004219505287E-01, -2.76923077000000E-01,  9.17369362569227E-01,  2.62810000000007E+02,  1.04800553565506E+02,  7.87261299853556E+02
 2.00175000000000E+03, -1.09227920367532E-01,  7.69230800000000E-03,  8.93327665467004E-01,  2.62990000000007E+02,  1.18171788808559E+02,  6.86650790860555E+02
 2.00183333300000E+03,  4.66368868971986E-02,  4.61538460000000E-02,  8.71044679840426E-01,  2.63170000000007E+02,  1.08882721417163E+02,  6.65281702690617E+02
 2.00191666700000E+03,  2.44496263882166E-01,  2.69230769000000E-01,  8.49386684225276E-01,  2.63350000000007E+02,  9.74942350412553E+01,  6.60279772484754E+02
 2.00200000000000E+03,  4.50595454145903E-01,  5.38461538000000E-01,  8.28511300815374E-01,  2.63530000000007E+02,  1.44257501069275E+02,  6.42387522423461E+02
 2.00208333300000E+03,  6.22624985848528E-01,  5.61538462000000E-01,  8.08567038831697E-01,  2.63710000000007E+02,  2.15626559742061E+02,  6.88876263679932E+02
 2.00216666700000E+03,  7.30161260128842E-01,  1.76923077000000E-01,  7.89692182428507E-01,  2.63890000000007E+02,  2.31211145361211E+02,  8.38934870804982E+02
 2.00225000000000E+03,  7.52454528664491E-01,  2.38461538000000E-01,  7.87842743799664E-01,  2.64070000000007E+02,  2.27410462769310E+02,  9.13854906592327E+02
 2.00233333300000E+03,  6.97704494816539E-01,  2.69230769000000E-01,  8.02661421240212E-01,  2.64250000000008E+02,  2.57600036680081E+02,  7.75335437382104E+02
 2.00241666700000E+03,  5.88443784541111E-01, -2.30769230000000E-02,  8.17787675118055E-01,  2.64430000000008E+02,  2.63191041885617E+02,  6.55385609633131E+02
 2.00250000000000E+03,  4.51195905655993E-01,  3.23076923000000E-01,  8.33085922948619E-01,  2.64610000000008E+02,  2.09703891049974E+02,  6.16141139164772E+02
 2.00258333300000E+03,  3.12226575046680E-01,  3.76923077000000E-01,  8.48421172463936E-01,  2.64790000000008E+02,  1.80010379264276E+02,  4.55801629991262E+02
 2.00266666700000E+03,  1.71466701630176E-01,  2.84615385000000E-01,  8.63659992341213E-01,  2.64970000000008E+02,  2.29608546615924E+02,  3.68884779668467E+02
 2.00275000000000E+03,  3.03027184025876E-02,  6.92307690000000E-02,  8.66425463184348E-01,  2.65150000000008E+02,  3.07120902086147E+02,  5.34936679852110E+02
 2.00283333300000E+03, -1.27306634406529E-01, -3.84615380000000E-02,  8.81381438822674E-01,  2.65330000000008E+02,  3.68457455708903E+02,  6.63481117115060E+02
 2.00291666700000E+03, -2.68432252244027E-01, -2.23076923000000E-01,  8.95959607780634E-01,  2.65510000000008E+02,  4.14230949520870E+02,  6.31029894483543E+02
 2.00300000000000E+03, -3.58674120558135E-01, -3.38461538000000E-01,  9.10037505336764E-01,  2.65690000000008E+02,  4.26868018504798E+02,  5.99541750093550E+02
 2.00308333300000E+03, -3.53187493071853E-01, -6.15384615000000E-01,  9.23497821625577E-01,  2.65870000000008E+02,  3.81297763815719E+02,  5.52942009647220E+02
 2.00316666700000E+03, -2.76493422121059E-01, -7.07692308000000E-01,  9.36229123105403E-01,  2.66050000000008E+02,  2.72352616676453E+02,  3.86600706992416E+02
 2.00325000000000E+03, -1.78199546545524E-01, -4.46153846000000E-01,  3.76733438980357E-01,  2.66230000000008E+02,  1.41818815194096E+02,  1.85289304693540E+02
 2.00333333300000E+03, -1.28847785733124E-01, -1.84615385000000E-01,  3.72758949525353E-01,  2.66410000000008E+02,  7.90281948766097E+01,  1.13586102840336E+02
 2.00341666700000E+03, -1.28438140527195E-01, -3.69230769000000E-01,  3.69841618247502E-01,  2.66590000000008E+02,  1.01220266211865E+02,  1.70224443179451E+02
 2.00350000000000E+03, -1.49022541511472E-01, -1.69230769000000E-01,  3.67963536930999E-01,  2.66770000000008E+02,  1.28112685672407E+02,  2.69230244526381E+02
 2.00358333300000E+03, -1.51370371974654E-01, -3.07692308000000E-01,  3.67101950489744E-01,  2.66950000000008E+02,  1.26647979305669E+02,  4.14940106002003E+02
 2.00366666700000E+03, -1.33152643015641E-01, -2.84615385000000E-01,  3.67229474840965E-01,  2.67130000000008E+02,  1.21727400135268E+02,  5.84823116402631E+02
 2.00375000000000E+03, -1.05784504047528E-01, -1.92307692000000E-01,  3.67849008108482E-01,  2.67310000000008E+02,  1.07426753372670E+02,  7.13876354831959E+02
 2.00383333300000E+03, -7.44070835143954E-02,  2.30769230000000E-02,  3.69552767818223E-01,  2.67490000000008E+02,  7.36699034245645E+01,  7.99748821109240E+02
 2.00391666700000E+03, -3.59588710206825E-02, -1.53846154000000E-01,  3.72151806376579E-01,  2.67670000000008E+02,  4.14591938894861E+01,  7.99992579001654E+02
 2.00400000000000E+03,  1.28283414705223E-02, -1.76923077000000E-01,  3.75603894435819E-01,  2.67850000000008E+02,  3.06173277277366E+01,  6.70284055081862E+02
 2.00408333300000E+03,  6.71721751235515E-02, -3.23076923000000E-01,  3.79863394260573E-01,  2.68030000000008E+02,  3.06167582702979E+01,  4.96095505622225E+02
 2.00416666700000E+03,  1.13962642091969E-01, -1.53846150000000E-02,  3.84881553553542E-01,  2.68210000000008E+02,  2.59664281067098E+01,  3.95780687881550E+02
 2.00425000000000E+03,  1.41480445659214E-01, -1.23076923000000E-01,  9.96556192022023E-01,  2.68390000000008E+02,  2.99358569671676E+01,  4.22934738418236E+02
 2.00433333300000E+03,  1.45522780756614E-01, -6.15384620000000E-02,  1.00049489112131E+00,  2.68570000000008E+02,  3.49210686118659E+01,  5.05833950853215E+02
 2.00441666700000E+03,  1.32220350397039E-01,  3.07692310000000E-02,  1.00305697558646E+00,  2.68750000000008E+02,  2.87261107133466E+01,  5.49419510463747E+02
 2.00450000000000E+03,  1.14316721483883E-01,  1.92307692000000E-01,  1.00421395401267E+00,  2.68930000000008E+02,  7.10907675469680E+01,  6.04944142139407E+02
 2.00458333300000E+03,  9.30158429228594E-02,  1.30769231000000E-01,  1.00394677267063E+00,  2.69110000000008E+02,  1.82702855482502E+02,  6.34561076964161E+02
 2.00466666700000E+03,  6.23575695519176E-02,  7.69230800000000E-03,  1.00224574475496E+00,  2.69290000000008E+02,  2.75560353360914E+02,  5.32978155099740E+02
 2.00475000000000E+03,  1.13259778243272E-02, -9.23076920000000E-02,  9.97015741441482E-01,  2.69470000000008E+02,  3.06941640169776E+02,  4.43788646323231E+02
 2.00483333300000E+03, -5.23272823882054E-02, -3.46153846000000E-01,  9.91750475415409E-01,  2.69650000000008E+02,  3.12986085599393E+02,  4.24120062680127E+02
 2.00491666700000E+03, -1.15387283234012E-01, -5.23076923000000E-01,  9.85088767274710E-01,  2.69830000000008E+02,  2.82062283031108E+02,  3.54583760687622E+02
 2.00500000000000E+03, -1.62240607859840E-01, -4.46153846000000E-01,  9.77060637088977E-01,  2.70010000000008E+02,  1.81072795136937E+02,  2.99333410277321E+02
 2.00508333300000E+03, -1.71282994695576E-01, -2.46153846000000E-01,  9.67704083832705E-01,  2.70190000000008E+02,  8.52654468353932E+01,  2.52540006591758E+02
 2.00516666700000E+03, -1.44708721364543E-01, -3.84615380000000E-02,  9.57064679036626E-01,  2.70370000000008E+02,  8.52459741686942E+01,  1.57058761213561E+02
 2.00525000000000E+03, -1.08729562884189E-01, -3.07692308000000E-01,  1.14843837817026E+00,  2.70550000000008E+02,  1.15032752223979E+02,  1.49198382770118E+02
 2.00533333300000E+03, -1.21115089472271E-01, -1.00000000000000E-01,  1.16212232330409E+00,  2.70730000000008E+02,  1.09924689927869E+02,  2.00035481835988E+02
 2.00541666700000E+03, -1.95635178687237E-01, -1.38461538000000E-01,  1.17431176126328E+00,  2.70910000000008E+02,  1.55853313241122E+02,  2.76397676412889E+02
 2.00550000000000E+03, -3.04064377415342E-01, -2.61538462000000E-01,  1.18485889784184E+00,  2.71090000000008E+02,  2.58937906716284E+02,  4.99598993559457E+02
 2.00558333300000E+03, -4.06772068086124E-01, -3.92307692000000E-01,  1.19363552209847E+00,  2.71270000000008E+02,  2.97931956763666E+02,  6.76870759034699E+02
 2.00566666700000E+03, -4.89635086412178E-01, -4.84615385000000E-01,  1.20053388942833E+00,  2.71450000000008E+02,  2.77037213060633E+02,  6.53032131537684E+02
 2.00575000000000E+03, -5.54407944817912E-01, -1.76923077000000E-01,  1.20590877036804E+00,  2.71630000000008E+02,  2.63310423470597E+02,  6.01041046787817E+02
 2.00583333300000E+03, -5.98680792198409E-01, -2.38461538000000E-01,  1.20857384488105E+00,  2.71810000000008E+02,  2.16459216458802E+02,  5.14346104462794E+02
 2.00591666700000E+03, -6.11714392136919E-01, -1.15384615000000E-01,  1.20916191928017E+00,  2.71990000000008E+02,  1.15457712601041E+02,  3.20686920088464E+02
 2.00600000000000E+03, -5.90043601245454E-01, -3.07692310000000E-02,  1.20765377431728E+00,  2.72170000000008E+02,  3.84717800567020E+01,  1.83458959146387E+02
 2.00608333300000E+03, -4.84105734677225E-01, -6.15384620000000E-02,  1.20405155995786E+00,  2.72350000000008E+02,  5.07982769273722E+01,  2.78839013291893E+02
 2.00616666700000E+03, -3.16556123545038E-01, -2.30769231000000E-01,  1.19837830610276E+00,  2.72530000000008E+02,  1.17573663282489E+02,  4.91169335649454E+02
 2.00625000000000E+03, -1.22459601286762E-01, -5.07692308000000E-01,  1.02753301117537E+00,  2.72710000000008E+02,  1.64683951657249E+02,  5.53185382979413E+02
 2.00633333300000E+03, -3.68559389219696E-02, -3.00000000000000E-01,  1.00508430529313E+00,  2.72890000000008E+02,  1.95069490814310E+02,  5.85823064565635E+02
 2.00641666700000E+03, -7.00480331739820E-02, -1.92307692000000E-01,  9.82223535955905E-01,  2.73070000000008E+02,  2.22418427838757E+02,  7.08698983356350E+02
 2.00650000000000E+03, -1.88848453474128E-01, -5.38461540000000E-02,  9.59133950772560E-01,  2.73250000000008E+02,  2.11286761272574E+02,  6.37873138361081E+02
 2.00658333300000E+03, -2.97260234198778E-01, -1.46153846000000E-01,  9.35998202880691E-01,  2.73430000000008E+02,  1.72513622977942E+02,  4.39552593398905E+02
 2.00666666700000E+03, -3.43190358906568E-01,  1.46153846000000E-01,  9.12996705317629E-01,  2.73610000000008E+02,  1.29933173703228E+02,  3.45692140555161E+02
 2.00675000000000E+03, -3.07967655164185E-01,  2.76923077000000E-01,  9.11492056483752E-01,  2.73790000000008E+02,  9.66867760287856E+01,  3.12748911561694E+02
 2.00683333300000E+03, -1.83238058145476E-01,  4.23076923000000E-01,  8.88827929036023E-01,  2.73970000000008E+02,  1.28416266481377E+02,  4.66747983767410E+02
 2.00691666700000E+03,  7.51943604792912E-03,  2.00000000000000E-01,  8.66656959715004E-01,  2.74150000000008E+02,  1.98845053082602E+02,  6.99969150338966E+02
 2.00700000000000E+03,  2.16511327947745E-01,  1.23076923000000E-01,  8.45143183639340E-01,  2.74330000000008E+02,  2.19886565647064E+02,  7.21765167538472E+02
 2.00708333300000E+03,  3.89117337644108E-01,  1.30769231000000E-01,  8.24442494534181E-01,  2.74510000000008E+02,  2.22236818836564E+02,  7.54518235930235E+02
 2.00716666700000E+03,  4.62130677444045E-01,  1.92307692000000E-01,  8.04701441395935E-01,  2.74690000000008E+02,  2.31480227923403E+02,  8.87836533381926E+02
 2.00725000000000E+03,  4.28181668970322E-01,  2.92307692000000E-01,  7.40921692274481E-01,  2.74870000000008E+02,  1.89884065675088E+02,  8.86940101857949E+02
 2.00733333300000E+03,  3.01352881025907E-01,  3.84615385000000E-01,  7.20174966614087E-01,  2.75050000000008E+02,  1.33547669374342E+02,  8.18905588659400E+02
 2.00741666700000E+03,  1.44868178785340E-01,  3.61538462000000E-01,  6.99347484005627E-01,  2.75230000000008E+02,  1.20058945531094E+02,  8.63315638027544E+02
 2.00750000000000E+03, -1.91041457530963E-02,  3.07692308000000E-01,  6.78533101654264E-01,  2.75410000000008E+02,  1.15147795130274E+02,  9.70928237418273E+02
 2.00758333300000E+03, -1.78324077264761E-01,  2.53846154000000E-01,  6.57824079613387E-01,  2.75590000000008E+02,  1.44967969187156E+02,  9.14931102947363E+02
 2.00766666700000E+03, -3.30959651783310E-01,  3.92307692000000E-01,  6.37310589697237E-01,  2.75770000000008E+02,  2.28533669427812E+02,  7.24564382857439E+02
 2.00775000000000E+03, -4.48722655671274E-01, -6.15384620000000E-02,  6.25635981108430E-01,  2.75950000000008E+02,  2.47785093934697E+02,  6.45852809478268E+02
 2.00783333300000E+03, -4.93989751422785E-01, -2.15384615000000E-01,  6.05607019104020E-01,  2.76130000000008E+02,  2.13453529998991E+02,  5.76120343756508E+02
 2.00791666700000E+03, -4.46215785797265E-01, -4.53846154000000E-01,  5.85992984489859E-01,  2.76310000000008E+02,  2.62540099858188E+02,  4.95804974477366E+02
 2.00800000000000E+03, -2.93478719932688E-01, -1.84615385000000E-01,  5.66872969972654E-01,  2.76490000000008E+02,  3.10645654921048E+02,  5.70456254118559E+02
 2.00808333300000E+03, -9.35289101742415E-02,  4.61538460000000E-02,  5.48322083087067E-01,  2.76670000000008E+02,  2.52975498858796E+02,  5.77194424306727E+02
 2.00816666700000E+03,  9.62174993833628E-02,  7.69230770000000E-02,  5.30411117298446E-01,  2.76850000000008E+02,  2.09771665770672E+02,  4.68540966873666E+02
 2.00825000000000E+03,  2.08421538981950E-01,  3.23076923000000E-01,  7.04387418967231E-01,  2.77030000000008E+02,  2.08354951766157E+02,  4.58048461774707E+02
 2.00833333300000E+03,  2.72209193457482E-01,  3.53846154000000E-01,  7.13512922089167E-01,  2.77210000000008E+02,  1.48905763450789E+02,  4.06060787071490E+02
 2.00841666700000E+03,  3.25700175871840E-01,  4.84615385000000E-01,  7.23817483853846E-01,  2.77390000000008E+02,  6.61226519799063E+01,  2.77533173700618E+02
 2.00850000000000E+03,  4.10694380277227E-01,  5.38461538000000E-01,  7.35189726688212E-01,  2.77570000000008E+02,  2.86507890573259E+01,  2.64195113320422E+02
 2.00858333300000E+03,  5.18388055124286E-01,  4.15384615000000E-01,  7.47511690205260E-01,  2.77750000000008E+02,  2.07391986771504E+01,  3.07890930127392E+02
 2.00866666700000E+03,  6.19488767126213E-01,  5.15384615000000E-01,  7.60659861716342E-01,  2.77930000000008E+02,  2.58005696003609E+01,  3.35963833087811E+02
 2.00875000000000E+03,  6.80759890807528E-01,  6.07692308000000E-01,  7.80543724411153E-01,  2.78110000000008E+02,  4.74074799575218E+01,  3.93997033269261E+02
 2.00883333300000E+03,  6.84019331135483E-01,  1.03076923100000E+00,  7.95156401538651E-01,  2.78290000000008E+02,  7.90720522576490E+01,  4.24414606545838E+02
 2.00891666700000E+03,  6.34606065925503E-01,  9.00000000000000E-01,  8.10144800491948E-01,  2.78470000000008E+02,  1.03399192637070E+02,  3.95878927030253E+02
 2.00900000000000E+03,  5.64384099461907E-01,  7.61538462000000E-01,  8.25373418969007E-01,  2.78650000000008E+02,  1.12475773507431E+02,  3.96420261742434E+02
 2.00908333300000E+03,  5.00120055361551E-01,  9.30769231000000E-01,  8.40706844227591E-01,  2.78830000000008E+02,  1.09600041200487E+02,  4.85024712053008E+02
 2.00916666700000E+03,  4.63085246367181E-01,  8.84615385000000E-01,  8.56010740179648E-01,  2.79010000000008E+02,  9.09562522841765E+01,  5.95473566307698E+02
 2.00925000000000E+03,  4.23071588293711E-01,  7.00000000000000E-01,  1.10499770697151E+00,  2.79190000000008E+02,  5.83589342311535E+01,  5.85141167570904E+02
 2.00933333300000E+03,  3.54437539462807E-01,  6.23076923000000E-01,  1.12185882447760E+00,  2.79370000000008E+02,  2.96329626889972E+01,  4.97499917074067E+02
 2.00941666700000E+03,  2.27229813862089E-01,  1.69230769000000E-01,  1.13771731942930E+00,  2.79550000000008E+02,  1.99985361618519E+01,  4.95564417907843E+02
 2.00950000000000E+03,  6.70195792451042E-02, -1.53846150000000E-02,  1.15237840356927E+00,  2.79730000000008E+02,  2.76994849351040E+01,  4.57567990965369E+02
 2.00958333300000E+03, -1.05667769015992E-01, -4.15384615000000E-01,  1.16566330006924E+00,  2.79910000000008E+02,  3.05803044655547E+01,  2.80868817556355E+02
 2.00966666700000E+03, -2.65707139744092E-01, -5.15384615000000E-01,  1.17741074994857E+00,  2.80090000000008E+02,  2.69440597886527E+01,  2.21410195427050E+02
 2.00975000000000E+03, -4.07092367939039E-01, -8.38461538000000E-01,  1.18757572464942E+00,  2.80270000000008E+02,  6.43172021491894E+01,  3.88073385953406E+02
 2.00983333300000E+03, -5.14669078074274E-01, -1.11538461500000E+00,  1.19582103232474E+00,  2.80450000000008E+02,  1.37992583374044E+02,  5.63217862118944E+02
 2.00991666700000E+03, -5.76517330856480E-01, -1.34615384600000E+00,  1.20216092132599E+00,  2.80630000000008E+02,  1.74292619591249E+02,  6.21819406167090E+02
 2.01000000000000E+03, -5.92409515349154E-01, -9.23076923000000E-01,  1.20651493551109E+00,  2.80810000000008E+02,  1.81015752289069E+02,  6.62689063723708E+02
 2.01008333300000E+03, -5.77212488006496E-01, -9.15384615000000E-01,  1.20882422396818E+00,  2.80990000000008E+02,  2.00413792678931E+02,  7.49768891437004E+02
 2.01016666700000E+03, -5.52870881444618E-01, -1.10000000000000E+00,  1.20905165917760E+00,  2.81170000000008E+02,  1.89048404104941E+02,  7.60572856578296E+02
 2.01025000000000E+03, -5.33109621377684E-01, -1.26923076900000E+00,  1.20376151838592E+00,  2.81350000000008E+02,  1.28023695743466E+02,  6.45417838709228E+02
 2.01033333300000E+03, -5.21515969669705E-01, -1.21538461500000E+00,  1.20747176150974E+00,  2.81530000000008E+02,  8.12382754441014E+01,  5.38563399658053E+02
 2.01041666700000E+03, -5.06660281451622E-01, -1.80769230800000E+00,  1.20912313959262E+00,  2.81710000000008E+02,  8.70644787632825E+01,  5.10049917986487E+02
 2.01050000000000E+03, -4.77114984316815E-01, -1.55384615400000E+00,  1.20868540985576E+00,  2.81890000000008E+02,  1.07688676244774E+02,  4.51485908449803E+02
 2.01058333300000E+03, -4.34203134433489E-01, -1.26153846200000E+00,  1.20614986955850E+00,  2.82070000000008E+02,  1.16001840883714E+02,  3.00640557830626E+02
 2.01066666700000E+03, -3.87969110123522E-01, -9.53846154000000E-01,  1.20152897057565E+00,  2.82250000000008E+02,  1.57223547673310E+02,  3.36103777650334E+02
 2.01075000000000E+03, -3.46570722570342E-01, -6.76923077000000E-01,  1.19917419587385E+00,  2.82430000000008E+02,  2.23626578849293E+02,  6.69260289011166E+02
 2.01083333300000E+03, -2.94907596748663E-01, -3.46153846000000E-01,  1.19171571186203E+00,  2.82610000000008E+02,  2.50913049711340E+02,  8.59203407792992E+02
 2.01091666700000E+03, -2.17088149307429E-01, -3.46153846000000E-01,  1.18228340085782E+00,  2.82790000000008E+02,  2.75388166653351E+02,  8.19364672632039E+02
 2.01100000000000E+03, -9.26394795014112E-02, -3.00000000000000E-01,  1.17095596304722E+00,  2.82970000000008E+02,  3.10599646297244E+02,  8.26978797729937E+02
 2.01108333300000E+03,  6.53394869639058E-02, -5.38461538000000E-01,  1.15782936518649E+00,  2.83150000000008E+02,  2.77088179558477E+02,  7.24543309190952E+02
 2.01116666700000E+03,  2.33191065445996E-01, -3.07692308000000E-01,  1.14301553839743E+00,  2.83330000000008E+02,  2.16204528292841E+02,  4.70873029728090E+02
 2.01125000000000E+03,  3.71431672423818E-01, -1.69230769000000E-01,  7.22050967298654E-01,  2.83510000000008E+02,  1.97823572569506E+02,  3.53075577641559E+02
 2.01133333300000E+03,  4.77579365407845E-01, -1.53846150000000E-02,  7.33256002588673E-01,  2.83690000000008E+02,  1.59798200329331E+02,  3.57625915609373E+02
 2.01141666700000E+03,  5.63164386367905E-01,  3.69230769000000E-01,  7.45430516021936E-01,  2.83870000000008E+02,  9.68636498480932E+01,  3.46524217662682E+02
 2.01150000000000E+03,  6.37861954694763E-01,  9.30769231000000E-01,  7.58451834248496E-01,  2.84050000000008E+02,  7.62289967756234E+01,  2.95228091838521E+02
 2.01158333300000E+03,  6.83870129029157E-01,  1.13076923100000E+00,  7.72192605314639E-01,  2.84230000000008E+02,  8.77843839869737E+01,  1.93614573206327E+02
 2.01166666700000E+03,  6.74892930246816E-01,  1.05384615400000E+00,  7.86521850878688E-01,  2.84410000000008E+02,  9.53782408438318E+01,  9.88347184838060E+01
 2.01175000000000E+03,  6.00781230759964E-01,  1.05384615400000E+00,  7.98109175775432E-01,  2.84590000000008E+02,  8.86188445443152E+01,  1.08772883708754E+02
 2.01183333300000E+03,  4.73424425432501E-01,  6.38461538000000E-01,  8.13156108629433E-01,  2.84770000000008E+02,  8.94323524401794E+01,  2.50811191466709E+02
 2.01191666700000E+03,  3.19944664830815E-01,  3.07692308000000E-01,  8.28416313829170E-01,  2.84950000000008E+02,  1.16520487596959E+02,  3.84229600635357E+02
 2.01200000000000E+03,  1.79424956727157E-01,  3.23076923000000E-01,  8.43754514984946E-01,  2.85130000000008E+02,  1.21547550087487E+02,  3.97767561141869E+02
 2.01208333300000E+03,  9.52840642645672E-02,  1.38461538000000E-01,  8.59036704649774E-01,  2.85310000000008E+02,  1.01571728717024E+02,  4.07323629344079E+02
 2.01216666700000E+03,  8.15949234074495E-02,  2.38461538000000E-01,  8.74131089812506E-01,  2.85490000000008E+02,  1.13758546599314E+02,  4.22707088771137E+02
 2.01225000000000E+03,  9.94881588362845E-02, -1.00000000000000E-01,  1.06752617155224E+00,  2.85670000000008E+02,  1.20372936848780E+02,  3.24228765787957E+02
 2.01233333300000E+03,  8.77407478461723E-02, -1.00000000000000E-01,  1.04632448007872E+00,  2.85850000000008E+02,  9.39387137191990E+01,  2.03802920980732E+02
 2.01241666700000E+03,  2.24059043401859E-02, -2.23076923000000E-01,  1.02437451539659E+00,  2.86030000000008E+02,  1.12445553912016E+02,  1.87370508547526E+02
 2.01250000000000E+03, -7.70150163612562E-02, -4.30769231000000E-01,  1.00185609693185E+00,  2.86210000000008E+02,  1.68262156751618E+02,  2.54187898742868E+02
 2.01258333300000E+03, -1.91403106357738E-01, -5.53846154000000E-01,  9.78951631668006E-01,  2.86390000000008E+02,  1.77711226456293E+02,  3.59988051245493E+02
 2.01266666700000E+03, -3.04527358015623E-01, -9.84615385000000E-01,  9.55844385128555E-01,  2.86570000000008E+02,  1.70194974112426E+02,  4.37799949398015E+02
 2.01275000000000E+03, -3.71373938518583E-01, -1.08461538500000E+00,  9.27252368542483E-01,  2.86750000000008E+02,  1.94166961848659E+02,  4.72310308386419E+02
 2.01283333300000E+03, -3.35393739576961E-01, -8.84615385000000E-01,  9.04348190347615E-01,  2.86930000000008E+02,  1.88635491816321E+02,  5.03985367790968E+02
 2.01291666700000E+03, -1.71458391807104E-01, -4.92307692000000E-01,  8.81820490865582E-01,  2.87110000000008E+02,  1.26758520395932E+02,  4.51716450791075E+02
 2.01300000000000E+03,  4.92118596082013E-02, -4.15384615000000E-01,  8.59838142873460E-01,  2.87290000000008E+02,  8.19695843799526E+01,  2.78238822909562E+02
 2.01308333300000E+03,  1.82439152394230E-01, -1.61538462000000E-01,  8.38562766766819E-01,  2.87470000000008E+02,  7.57080286084752E+01,  1.31576647599081E+02
 2.01316666700000E+03,  1.61735736121264E-01, -1.53846150000000E-02,  8.18147452599004E-01,  2.87650000000008E+02,  6.04618262627318E+01,  1.00267764637357E+02
 2.01325000000000E+03,  3.00597931306885E-02, -8.46153850000000E-02,  1.19020301462419E+00,  2.87830000000008E+02,  4.33895531934893E+01,  1.57249427328190E+02
 2.01333333300000E+03, -3.75973040411866E-02,  2.92307692000000E-01,  1.18043231729413E+00,  2.88010000000008E+02,  5.81639332450763E+01,  2.48172991638373E+02
 2.01341666700000E+03,  1.28656716884309E-02,  3.84615385000000E-01,  1.16878210213835E+00,  2.88190000000008E+02,  7.82645190797413E+01,  2.99234247112355E+02
 2.01350000000000E+03,  1.66511209637860E-01,  5.69230769000000E-01,  1.15535123200399E+00,  2.88370000000008E+02,  7.64133127926062E+01,  3.05242957046260E+02
 2.01358333300000E+03,  3.32586711100887E-01,  6.76923077000000E-01,  1.14025429305668E+00,  2.88550000000008E+02,  8.16863089047532E+01,  3.17268085629095E+02
 2.01366666700000E+03,  4.69377475089678E-01,  8.38461538000000E-01,  1.12362015418560E+00,  2.88730000000008E+02,  1.04047119007594E+02,  3.45338890860225E+02
 2.01375000000000E+03,  5.41429945400417E-01,  1.13846153800000E+00,  1.10852925904699E+00,  2.88910000000008E+02,  1.08773040820305E+02,  3.59327031233533E+02
 2.01383333300000E+03,  5.27018352901181E-01,  1.27692307700000E+00,  1.08944270751628E+00,  2.89090000000008E+02,  9.63384347958704E+01,  3.45348321245975E+02
 2.01391666700000E+03,  4.31698597787656E-01,  9.15384615000000E-01,  1.06924927336694E+00,  2.89270000000008E+02,  9.58170822291661E+01,  3.41680927751548E+02
 2.01400000000000E+03,  3.03489313499733E-01,  7.92307692000000E-01,  1.04811775079037E+00,  2.89450000000008E+02,  9.48203302700989E+01,  3.15266603317663E+02
 2.01408333300000E+03,  2.07326675474269E-01,  8.46153846000000E-01,  1.02622317936067E+00,  2.89630000000008E+02,  6.33350918229770E+01,  1.96647933109710E+02
 2.01416666700000E+03,  1.94665533881726E-01,  4.76923077000000E-01,  1.00374508474830E+00,  2.89810000000008E+02,  4.59623013020327E+01,  1.87426877230650E+02
 2.01425000000000E+03,  2.69797417434885E-01,  5.00000000000000E-01,  8.56864641616996E-01,  2.89990000000008E+02,  1.13224475021488E+02,  4.73520521334981E+02
 2.01433333300000E+03,  4.04313946465871E-01,  6.23076923000000E-01,  8.35698752774212E-01,  2.90170000000008E+02,  1.87967733491290E+02,  7.57116395377703E+02
 2.01441666700000E+03,  5.41209771972328E-01,  7.23076923000000E-01,  8.15413260470729E-01,  2.90350000000008E+02,  1.88438028099381E+02,  8.38848616081154E+02
 2.01450000000000E+03,  6.34301995404879E-01,  7.76923077000000E-01,  7.96150136551313E-01,  2.90530000000008E+02,  2.05529927455787E+02,  9.07632930450920E+02
 2.01458333300000E+03,  6.54017275634569E-01,  8.07692308000000E-01,  7.78040467769526E-01,  2.90710000000009E+02,  2.28911715482099E+02,  8.34719894243425E+02
 2.01466666700000E+03,  6.05330118898306E-01,  8.76923077000000E-01,  7.61203543859267E-01,  2.90890000000009E+02,  1.73058074459134E+02,  5.30620039197687E+02
 2.01475000000000E+03,  5.12789341117107E-01,  7.00000000000000E-01,  7.50716774644393E-01,  2.91070000000009E+02,  1.43115646491560E+02,  4.50449085371316E+02
 2.01483333300000E+03,  4.09205056605006E-01,  8.76923077000000E-01,  7.36233902925007E-01,  2.91250000000009E+02,  1.69842172803353E+02,  6.28433532434356E+02
 2.01491666700000E+03,  3.25261548008412E-01,  7.15384615000000E-01,  7.23278764502942E-01,  2.91430000000009E+02,  1.55360710981329E+02,  6.70338046223793E+02
 2.01500000000000E+03,  2.76103086964300E-01,  6.69230769000000E-01,  7.11921648093698E-01,  2.91610000000009E+02,  1.32463009444984E+02,  6.49709690456271E+02
 2.01508333300000E+03,  3.02432790155483E-01,  7.30769231000000E-01,  7.02218499949437E-01,  2.91790000000009E+02,  1.19054107069994E+02,  6.44472276034189E+02
 2.01516666700000E+03,  3.98591615070417E-01,  6.69230769000000E-01,  6.94210748508579E-01,  2.91970000000009E+02,  7.53430397429224E+01,  4.63658647791744E+02
 2.01525000000000E+03,  5.51154417666260E-01,  7.84615385000000E-01,  7.62238357477358E-01,  2.92150000000009E+02,  4.16277123212927E+01,  2.24705230196711E+02
 2.01533333300000E+03,  6.61470899365243E-01,  9.84615385000000E-01,  7.76157509074532E-01,  2.92330000000009E+02,  3.68192046403411E+01,  1.53915010859370E+02
 2.01541666700000E+03,  7.03104563051590E-01,  1.00000000000000E+00,  7.90627895538906E-01,  2.92510000000009E+02,  3.49330806548550E+01,  1.83697836759871E+02
 2.01550000000000E+03,  6.63344165997666E-01,  7.76923077000000E-01,  8.05515430056096E-01,  2.92690000000009E+02,  3.50275080414475E+01,  1.83673991587864E+02
 2.01558333300000E+03,  5.75176338616216E-01,  6.92307692000000E-01,  8.20684785104975E-01,  2.92870000000009E+02,  4.08487543249220E+01,  1.75954873784683E+02
 2.01566666700000E+03,  4.39566291926296E-01,  6.15384615000000E-01,  8.36000414110953E-01,  2.93050000000009E+02,  4.51038061784230E+01,  1.77036708848035E+02
 2.01575000000000E+03,  2.57503090015063E-01,  2.46153846000000E-01,  8.53925721081202E-01,  2.93230000000009E+02,  3.86195499749859E+01,  1.31124413568090E+02
 2.01583333300000E+03,  4.90514900035859E-02,  1.92307692000000E-01,  8.69097607034936E-01,  2.93410000000009E+02,  3.84523799240691E+01,  1.14037289901217E+02
 2.01591666700000E+03, -1.49283832708229E-01,  3.07692310000000E-02,  8.83995768068754E-01,  2.93590000000009E+02,  5.39479622384516E+01,  1.89465715956170E+02
 2.01600000000000E+03, -2.98135459320405E-01,  1.15384615000000E-01,  8.98494079919812E-01,  2.93770000000009E+02,  6.59476545055538E+01,  2.25449273574822E+02
 2.01608333300000E+03, -3.33889458084858E-01,  3.07692308000000E-01,  9.12470936096480E-01,  2.93950000000009E+02,  8.83509821720824E+01,  2.13858865077960E+02
 2.01616666700000E+03, -2.39975664387844E-01,  4.46153846000000E-01,  9.25810017119397E-01,  2.94130000000009E+02,  1.20826049956916E+02,  2.55604526246679E+02
 2.01625000000000E+03, -1.64447167351029E-02,  4.76923077000000E-01,  8.75463623416368E-01,  2.94310000000009E+02,  1.39050176947655E+02,  2.90977100278528E+02
 2.01633333300000E+03,  2.46656091690665E-01,  6.00000000000000E-01,  8.53667531436226E-01,  2.94490000000009E+02,  1.69943941807844E+02,  2.78546843251963E+02
 2.01641666700000E+03,  4.96091060813758E-01,  4.61538462000000E-01,  8.32623168477423E-01,  2.94670000000009E+02,  2.05165649719567E+02,  2.73829847306285E+02
 2.01650000000000E+03,  6.78812198173459E-01,  3.69230769000000E-01,  8.12480962109596E-01,  2.94850000000009E+02,  2.03798040645184E+02,  3.26250550209098E+02
 2.01658333300000E+03,  7.76433009262729E-01,  4.61538462000000E-01,  7.93381328216107E-01,  2.95030000000009E+02,  2.11557701408501E+02,  4.75458788044784E+02
 2.01666666700000E+03,  7.67517561403923E-01,  3.92307692000000E-01,  7.75453654097763E-01,  2.95210000000009E+02,  2.48923214177558E+02,  6.34382078620188E+02
 2.01675000000000E+03,  6.59666469586385E-01,  2.07692308000000E-01,  7.52731703053597E-01,  2.95390000000009E+02,  2.45218989281316E+02,  6.74872412394120E+02
 2.01683333300000E+03,  5.03539242899572E-01,  1.53846154000000E-01,  7.38053807287890E-01,  2.95570000000009E+02,  2.00919367296599E+02,  6.40846821694459E+02
 2.01691666700000E+03,  3.60063256874904E-01,  3.23076923000000E-01,  7.24893343928859E-01,  2.95750000000009E+02,  1.84169648265553E+02,  5.65353562194461E+02
 2.01700000000000E+03,  2.72555053881565E-01,  4.76923077000000E-01,  7.13322468846620E-01,  2.95930000000009E+02,  1.89516671778314E+02,  4.07426739872232E+02
 2.01708333300000E+03,  2.47839685635391E-01,  4.69230769000000E-01,  7.03399028110337E-01,  2.96110000000009E+02,  1.92323329898564E+02,  3.13680903122521E+02
 2.01716666700000E+03,  2.66181378898837E-01,  6.30769231000000E-01,  6.95166365735347E-01,  2.96290000000009E+02,  2.24499555015337E+02,  4.35286161454505E+02
 2.01725000000000E+03,  3.02251954239944E-01,  4.69230769000000E-01,  7.00748268105587E-01,  2.96470000000009E+02,  2.76575347448171E+02,  6.07237662383784E+02
 2.01733333300000E+03,  3.44922742149021E-01,  4.69230769000000E-01,  7.09317672274096E-01,  2.96650000000009E+02,  2.88094487002465E+02,  6.58790799637610E+02
 2.01741666700000E+03,  4.00397937434738E-01,  4.53846154000000E-01,  7.19113117838244E-01,  2.96830000000009E+02,  2.48208847557010E+02,  6.47201046008635E+02
 2.01750000000000E+03,  4.76323407483773E-01,  5.69230769000000E-01,  7.30026467470756E-01,  2.97010000000009E+02,  1.82727715714860E+02,  6.13624320752839E+02
 2.01758333300000E+03,  5.60230692544706E-01,  6.69230769000000E-01,  7.41942551663017E-01,  2.97190000000009E+02,  1.28649953470476E+02,  6.05182266160695E+02
 2.01766666700000E+03,  6.29897441103269E-01,  5.00000000000000E-01,  7.54740189565280E-01,  2.97370000000009E+02,  1.34120700367364E+02,  6.90512230589619E+02
 2.01775000000000E+03,  6.60886598166825E-01,  4.76923077000000E-01,  7.61688380478604E-01,  2.97550000000009E+02,  1.87949248613309E+02,  7.81595212276612E+02
 2.01783333300000E+03,  6.50633668344111E-01,  8.53846154000000E-01,  7.75582421709042E-01,  2.97730000000009E+02,  2.23788105470994E+02,  8.24162935031119E+02
 2.01791666700000E+03,  6.00561327835681E-01,  1.03846153800000E+00,  7.90033085021118E-01,  2.97910000000009E+02,  2.22424246110849E+02,  7.71135259087807E+02
 2.01800000000000E+03,  5.28332980989802E-01,  1.04615384600000E+00,  8.04906355630760E-01,  2.98090000000009E+02,  2.29578617078748E+02,  5.43836533672517E+02
 2.01808333300000E+03,  4.54742814089126E-01,  1.07692307700000E+00,  8.20066936254553E-01,  2.98270000000009E+02,  2.77113147750690E+02,  4.19827647191968E+02
 2.01816666700000E+03,  4.02521569787761E-01,  1.10000000000000E+00,  8.35379269642647E-01,  2.98450000000009E+02,  3.26782814208768E+02,  5.43964917131400E+02
 2.01825000000000E+03,  3.95670314647401E-01,  1.00000000000000E+00,  5.31129056257581E-01,  2.98630000000009E+02,  3.41406768232603E+02,  5.81172033928883E+02
 2.01833333300000E+03,  4.37323527100137E-01,  9.30769231000000E-01,  5.13894129297224E-01,  2.98810000000009E+02,  3.48221803678864E+02,  5.45079704353152E+02
 2.01841666700000E+03,  5.15992201794170E-01,  1.03076923100000E+00,  4.97424213633713E-01,  2.98990000000009E+02,  3.20061797036908E+02,  6.02148834749103E+02
 2.01850000000000E+03,  5.86930292689740E-01,  9.76923077000000E-01,  4.81775733229948E-01,  2.99170000000009E+02,  2.05967949910905E+02,  5.62251738869316E+02
 2.01858333300000E+03,  6.13555502618324E-01,  8.00000000000000E-01,  4.66999825711631E-01,  2.99350000000009E+02,  1.10928454942361E+02,  4.62588482592130E+02
 2.01866666700000E+03,  5.76344703216641E-01,  9.30769231000000E-01,  4.53142181624095E-01,  2.99530000000009E+02,  1.16145860761208E+02,  4.52218046229554E+02
 2.01875000000000E+03,  4.81652301530793E-01,  1.00769230800000E+00,  4.46676040376831E-01,  2.99710000000009E+02,  1.33895973905581E+02,  4.42924514121322E+02
 2.01883333300000E+03,  3.51455534834880E-01,  7.76923077000000E-01,  4.34261118987822E-01,  2.99890000000009E+02,  1.31082882409326E+02,  4.46401989774196E+02
 2.01891666700000E+03,  2.19133965449174E-01,  2.84615385000000E-01,  4.22853872918993E-01,  3.00070000000009E+02,  1.29447571565849E+02,  4.87298864776513E+02
 2.01900000000000E+03,  1.17007260559698E-01,  2.15384615000000E-01,  4.12480197412707E-01,  3.00250000000009E+02,  1.00311148546514E+02,  5.07827006934441E+02
 2.01908333300000E+03,  5.92374179710766E-02,  6.15384620000000E-02,  4.03160231933856E-01,  3.00430000000009E+02,  6.69763657345143E+01,  5.31376855804009E+02
 2.01916666700000E+03,  3.78819662752202E-02, -3.07692310000000E-02,  3.94908379351892E-01,  3.00610000000009E+02,  7.20793448619191E+01,  5.56153642545441E+02
 2.01925000000000E+03,  1.49577184561386E-02, -1.76923077000000E-01,  6.92066116820640E-01,  3.00790000000009E+02,  1.12538176502070E+02,  5.34497766616157E+02
 2.01933333300000E+03, -4.33600674419957E-02, -2.23076923000000E-01,  6.71278169088631E-01,  3.00970000000009E+02,  1.68030684660367E+02,  4.30246662781879E+02
 2.01941666700000E+03, -1.43124945285063E-01, -1.46153846000000E-01,  6.50627360620466E-01,  3.01150000000009E+02,  1.86229473316031E+02,  2.62853028071371E+02
 2.01950000000000E+03, -2.44103124912380E-01,  7.69230800000000E-03,  6.30203022133045E-01,  3.01330000000009E+02,  1.58443963423651E+02,  1.58897438425327E+02
 2.01958333300000E+03, -2.67728253245811E-01,  2.53846154000000E-01,  6.10091773846678E-01,  3.01510000000009E+02,  1.31320356599401E+02,  2.08772094078466E+02
 2.01966666700000E+03, -1.96070817121284E-01,  3.84615385000000E-01,  5.90377096876506E-01,  3.01690000000009E+02,  1.08875664136176E+02,  3.62447708415111E+02
 2.01975000000000E+03, -3.46602518946429E-02,  6.92307690000000E-02,  5.55759666456754E-01,  3.01870000000009E+02,  1.06155857414531E+02,  5.02247002395890E+02
 2.01983333300000E+03,  1.36339453732582E-01, -7.69230800000000E-03,  5.37581372951654E-01,  3.02050000000009E+02,  1.39312602764833E+02,  5.68145640062298E+02
 2.01991666700000E+03,  2.94464006703242E-01,  5.38461540000000E-02,  5.20082961002136E-01,  3.02230000000009E+02,  1.58171137454158E+02,  5.77194776320780E+02
 2.02000000000000E+03,  4.14214429871468E-01,  2.76923077000000E-01,  5.03327744164403E-01,  3.02410000000009E+02,  1.54849988943946E+02,  4.97094748609702E+02
 2.02008333300000E+03,  5.19545549412253E-01,  3.15384615000000E-01,  4.87374024236647E-01,  3.02590000000009E+02,  1.59388160835083E+02,  3.30185575675874E+02
 2.02016666700000E+03,  6.02485471027042E-01,  4.38461538000000E-01,  4.72274883709913E-01,  3.02770000000009E+02,  1.51364529168362E+02,  2.34789215725863E+02
 2.02025000000000E+03,  6.54148518112229E-01,  4.15384615000000E-01,  7.74901195265083E-01,  3.02950000000009E+02,  1.38232180972490E+02,  2.82057035933579E+02
 2.02033333300000E+03,  6.42457478738652E-01,  6.46153846000000E-01,  7.58305966311706E-01,  3.03130000000009E+02,  1.56208124495049E+02,  3.45475446705960E+02
 2.02041666700000E+03,  5.69091003171229E-01,  6.61538462000000E-01,  7.43108073341080E-01,  3.03310000000009E+02,  1.80061924849052E+02,  3.50672591917430E+02
 2.02050000000000E+03,  4.61970096986377E-01,  4.84615385000000E-01,  7.29398535893232E-01,  3.03490000000009E+02,  1.68604210710007E+02,  3.30498249306582E+02
 2.02058333300000E+03,  3.55778551152999E-01,  3.07692308000000E-01,  7.17254531935313E-01,  3.03670000000009E+02,  1.28783854487141E+02,  2.75396194926479E+02
 2.02066666700000E+03,  2.63048358359838E-01,  1.38461538000000E-01,  7.06739029264971E-01,  3.03850000000009E+02,  9.22637363525676E+01,  1.88693243556498E+02
 2.02075000000000E+03,  1.76502209061969E-01, -2.76923077000000E-01,  6.95082705749061E-01,  3.04030000000009E+02,  8.20953067589951E+01,  1.77221096129906E+02
 2.02083333300000E+03,  1.02525353159042E-01, -1.53846154000000E-01,  6.88589236051869E-01,  3.04210000000009E+02,  9.42570582936956E+01,  2.64421523197129E+02
 2.02091666700000E+03,  4.92039193947545E-02,  2.30769230000000E-02,  6.83829669214133E-01,  3.04390000000009E+02,  1.03692242098212E+02,  3.06616469802795E+02
 2.02100000000000E+03,  2.28423386406888E-02,  7.69230800000000E-03,  6.80803781335006E-01,  3.04570000000009E+02,  1.11992613818794E+02,  3.29004311743217E+02
 2.02108333300000E+03, -1.87021572479910E-02, -1.53846154000000E-01,  6.79497312929863E-01,  3.04750000000009E+02,  1.46207959973094E+02,  5.29466916016829E+02
 2.02116666700000E+03, -1.10651147113262E-01, -6.92307690000000E-02,  6.79882369148680E-01,  3.04930000000009E+02,  1.84576498384395E+02,  7.86910293728620E+02
 2.02125000000000E+03, -2.60155563974583E-01, -1.15384615000000E-01,  6.41772210411779E-01,  3.05110000000009E+02,  1.84809511638753E+02,  8.54281206994978E+02
 2.02133333300000E+03, -4.02252471979667E-01, -1.38461538000000E-01,  6.21472657573067E-01,  3.05290000000009E+02,  1.71499540694350E+02,  8.35090314580524E+02
 2.02141666700000E+03, -4.60765132141021E-01, -3.38461538000000E-01,  6.01522663515483E-01,  3.05470000000009E+02,  1.65623593013553E+02,  7.93524345452288E+02
 2.02150000000000E+03, -4.05667081330939E-01, -3.38461538000000E-01,  5.82004228215429E-01,  3.05650000000009E+02,  1.36875408499659E+02,  6.08768280307597E+02
 2.02158333300000E+03, -2.67501761929984E-01,  1.53846150000000E-02,  5.62995650492302E-01,  3.05830000000009E+02,  1.18712680758157E+02,  4.36375793554300E+02
 2.02166666700000E+03, -1.02517807254413E-01,  9.23076920000000E-02,  5.44571173448212E-01,  3.06010000000009E+02,  1.79406942129762E+02,  4.91187322060041E+02
 2.02175000000000E+03,  4.68621702660049E-02, -1.38461538000000E-01,  5.43728230550709E-01,  3.06190000000009E+02,  2.84514601859582E+02,  7.11112593251192E+02
 2.02183333300000E+03,  1.92366946942213E-01,  2.23076923000000E-01,  5.25989813240870E-01,  3.06370000000009E+02,  3.66230394804717E+02,  9.66996141809354E+02
 2.02191666700000E+03,  3.32928218263871E-01,  3.38461538000000E-01,  5.08973479708123E-01,  3.06550000000009E+02,  4.17725599661334E+02,  1.10314552759671E+03
 2.02200000000000E+03,  4.69876447199442E-01,  2.76923077000000E-01,  4.92739271704733E-01,  3.06730000000009E+02,  4.29336141927431E+02,  1.00871419967909E+03
 2.02208333300000E+03,  5.71872870030147E-01,  3.61538462000000E-01,  4.77342078827905E-01,  3.06910000000009E+02,  3.76838030642433E+02,  8.17297163929391E+02
 2.02216666700000E+03,  6.20910029803341E-01,  4.07692308000000E-01,  4.62831453560022E-01,  3.07090000000009E+02,  2.86009883881465E+02,  6.41554870931209E+02
 2.02225000000000E+03,  6.03578524115621E-01,  3.76923077000000E-01,  1.39946087782738E-01,  3.07270000000009E+02,  2.06016552491796E+02,  4.18410711840999E+02
 2.02233333300000E+03,  5.23172111110706E-01,  4.92307692000000E-01,  1.26163989827904E-01,  3.07450000000009E+02,  1.42258696491208E+02,  2.18850857825615E+02
 2.02241666700000E+03,  4.08722310000530E-01,  1.38461538000000E-01,  1.12763770158918E-01,  3.07630000000009E+02,  8.40578449266991E+01,  1.69479902348809E+02
 2.02250000000000E+03,  2.96730420078079E-01,  3.38461538000000E-01,  9.97720994960039E-02,  3.07810000000009E+02,  5.29130592062694E+01,  1.61267597187150E+02
 2.02258333300000E+03,  2.10132355552259E-01,  3.69230769000000E-01,  8.72141034908318E-02,  3.07990000000009E+02,  5.81816206834906E+01,  8.99562109225261E+01
 2.02266666700000E+03,  1.44617459146176E-01, -7.69230800000000E-03,  7.51133179149697E-02,  3.08170000000009E+02,  7.37877022793334E+01,  4.22423940014360E+01
 2.02275000000000E+03,  8.58672011357993E-02, -1.53846154000000E-01,  6.91980803936826E-02,  3.08350000000009E+02,  9.08728990390517E+01,  4.65036580902754E+01
 2.02283333300000E+03,  2.28628643940278E-02,  8.46153850000000E-02,  5.78255256841617E-02,  3.08530000000009E+02,  1.08659937037137E+02,  3.67602411989198E+01
 2.02291666700000E+03, -4.12494682781113E-02, -2.61538462000000E-01,  4.69618957386057E-02,  3.08710000000009E+02,  1.09419511876343E+02,  2.42231558142491E+01
 2.02300000000000E+03, -1.08550888318573E-01, -4.16666667000000E-01,  3.66248912762640E-02,  3.08890000000009E+02,  1.00922363950587E+02,  4.39186919207351E+01
 2.02308333300000E+03, -2.05376957775650E-01, -5.00000000000000E-01,  2.68304969282104E-02,  3.09070000000009E+02,  1.00000920494199E+02,  6.38663245979829E+01
 2.02316666700000E+03, -3.29558860794978E-01, -5.40000000000000E-01,  1.75929694007916E-02,  3.09250000000009E+02,  9.28825153149575E+01,  6.06789222707925E+01
 2.02325000000000E+03, -4.61089108465693E-01, -4.77777778000000E-01,  5.96368114842909E-01,  3.09430000000009E+02,  7.86857819531139E+01,  5.59005815627860E+01
 2.02333333300000E+03, -5.33906645778640E-01, -5.75000000000000E-01,  5.92650048984825E-01,  3.09610000000009E+02,  6.25800369624677E+01,  1.12435481843512E+01
 2.02341666700000E+03, -5.53246082171384E-01, -9.42857143000000E-01,  5.88147591956227E-01,  3.09790000000009E+02,  2.28495106370605E+01,  8.46974305820165E-01
