 1.88000000000000E+03,  9.96342211971323E-01,  0.00000000000000E+00,  2.88236424158499E-01,  1.00000000000000E-02,  7.97534747695307E+01,  1.39428090806136E+02
 1.88008333300000E+03,  5.69056962018567E-01, -2.57986987500000E-01,  2.86037694412369E-01,  1.90000000000000E-01,  1.04757522808388E+04,  1.24531236771493E+04
 1.88016666700000E+03,  3.51429974455719E-01, -5.71174725250000E-01,  2.83836248823900E-01,  3.70000000000000E-01,  7.28844242955954E+03,  1.45809595464560E+04
 1.88025000000000E+03,  6.73897486536296E-02, -1.02354159275000E+00,  2.81632374205950E-01,  5.50000000000000E-01,  7.50625743569631E+03,  1.61213143144206E+04
 1.88033333300000E+03, -4.53591832148041E-01, -1.29305477975000E+00,  4.87006847588724E-01,  7.30000000000000E-01,  6.02608305727077E+03,  1.47453986435014E+04
 1.88041666700000E+03, -6.46192716197764E-01, -9.53608447000000E-01,  4.87698525319999E-01,  9.10000000000000E-01,  7.26168277840787E+03,  1.52027942671064E+04
 1.88050000000000E+03, -5.08370947837548E-01, -3.16358157500000E-01,  4.88396596419465E-01,  1.09000000000000E+00,  1.20879950338368E+04,  1.69049695169702E+04
 1.88058333300000E+03, -3.70176374770364E-01,  1.71850947500000E-02,  4.89101096274767E-01,  1.27000000000000E+00,  1.46543152864949E+04,  1.62598552406043E+04
 1.88066666700000E+03, -2.18522141316551E-01,  8.53082600000000E-03,  4.89812060181201E-01,  1.45000000000000E+00,  1.56535981944702E+04,  1.91204286245497E+04
 1.88075000000000E+03, -1.07723870000256E-01, -3.24915592500000E-02,  4.90529523335103E-01,  1.63000000000000E+00,  1.59242331244315E+04,  2.32035676183116E+04
 1.88083333300000E+03, -5.62739697282167E-02,  4.81112620000000E-02,  4.90157177352769E-01,  1.81000000000000E+00,  1.19127941704636E+04,  1.88698257053682E+04
 1.88091666700000E+03,  1.08120583275934E-02,  2.13703471000000E-01,  4.90877786717104E-01,  1.99000000000000E+00,  1.02980962624509E+04,  1.51235617386281E+04
 1.88100000000000E+03,  7.95352386764617E-02,  3.90950720250000E-01,  4.91604947298978E-01,  2.17000000000000E+00,  1.33461742405788E+04,  1.57411634341252E+04
 1.88108333300000E+03,  1.13879209645553E-01,  3.61594552250000E-01,  4.92338694019694E-01,  2.35000000000000E+00,  1.41294143505484E+04,  1.23167737532204E+04
 1.88116666700000E+03,  1.36512031774188E-01, -2.06527597000000E-01,  4.93079061677589E-01,  2.53000000000000E+00,  4.84902489611588E+04,  4.69575383796191E+04
 1.88125000000000E+03, -1.44403695082635E-01, -1.00397573425000E+00,  4.93826084940851E-01,  2.71000000000000E+00,  1.54842388152046E+05,  1.61151344716668E+05
 1.88133333300000E+03, -7.04447424849429E-01, -1.09949684825000E+00,  4.74716851754756E-01,  2.89000000000000E+00,  2.67122270205551E+05,  2.78622966355857E+05
 1.88141666700000E+03, -9.28406811860251E-01, -4.26170042500000E-01,  4.75290727708257E-01,  3.07000000000000E+00,  3.09289230298040E+05,  3.19610820165961E+05
 1.88150000000000E+03, -8.54071303314539E-01,  7.08203160000000E-02,  4.75870295224600E-01,  3.25000000000000E+00,  3.14525127837442E+05,  3.28260661204022E+05
 1.88158333300000E+03, -7.96443826751904E-01, -1.34196062250000E-01,  4.76455590334143E-01,  3.43000000000000E+00,  2.93516660033127E+05,  3.15847615866379E+05
 1.88166666700000E+03, -7.35705547800369E-01, -8.01271064000000E-01,  4.77046649081518E-01,  3.61000000000000E+00,  1.97633445462518E+05,  2.20504829450129E+05
 1.88175000000000E+03, -7.89287646726825E-01, -1.42004730900000E+00,  4.77643507521148E-01,  3.79000000000000E+00,  8.15364616295599E+04,  1.01715583675163E+05
 1.88183333300000E+03, -9.96425231670920E-01, -1.63142676375000E+00,  4.83609595269557E-01,  3.97000000000000E+00,  3.87648710219199E+04,  6.65346896837318E+04
 1.88191666700000E+03, -1.13155866304519E+00, -1.53364262700000E+00,  4.84269523613011E-01,  4.15000000000000E+00,  4.10218510678698E+04,  7.22711505283957E+04
 1.88200000000000E+03, -1.13278489705382E+00, -1.41577226925000E+00,  4.84935665398578E-01,  4.33000000000000E+00,  3.15223916930074E+04,  5.10590491555210E+04
 1.88208333300000E+03, -1.08716736594975E+00, -1.50524537400000E+00,  4.85608056383575E-01,  4.51000000000000E+00,  2.25585487594573E+04,  3.55177023967196E+04
 1.88216666700000E+03, -9.76351583517671E-01, -1.83073193675000E+00,  4.86286732264560E-01,  4.69000000000000E+00,  2.48630739821302E+04,  3.99926814809938E+04
 1.88225000000000E+03, -8.37060575893271E-01, -1.91833591300000E+00,  4.86971728671311E-01,  4.87000000000000E+00,  2.08322479976776E+04,  3.15865564173687E+04
 1.88233333300000E+03, -7.71767978315491E-01, -1.48345015375000E+00,  4.36373026359020E-01,  5.05000000000000E+00,  1.15994396187957E+04,  1.90801763445778E+04
 1.88241666700000E+03, -7.77277324299493E-01, -1.05566183700000E+00,  4.36322217281399E-01,  5.23000000000000E+00,  1.10267619297400E+04,  2.07276163884639E+04
 1.88250000000000E+03, -8.06482618205990E-01, -9.24663401000000E-01,  4.36271578983652E-01,  5.41000000000000E+00,  1.13816886719112E+04,  1.82219643363048E+04
 1.88258333300000E+03, -8.38468199407125E-01, -8.12173781500000E-01,  4.36221115031105E-01,  5.59000000000000E+00,  1.53551052767009E+04,  2.28999341415618E+04
 1.88266666700000E+03, -8.45610835470567E-01, -8.08222781000000E-01,  4.36170829026630E-01,  5.77000000000000E+00,  5.96791940757605E+04,  7.64802374130609E+04
 1.88275000000000E+03, -8.24911464810360E-01, -1.06830578350000E+00,  4.36120724610973E-01,  5.95000000000000E+00,  1.34005135973797E+05,  1.51124275533861E+05
 1.88283333300000E+03, -8.03606609186039E-01, -1.22579284475000E+00,  4.35931422679596E-01,  6.13000000000000E+00,  1.75071217381402E+05,  1.82970789316480E+05
 1.88291666700000E+03, -8.06823429675543E-01, -1.02367211975000E+00,  4.35882244348019E-01,  6.31000000000000E+00,  1.80094094525299E+05,  1.84421889683230E+05
 1.88300000000000E+03, -8.31046442410661E-01, -7.06592204250000E-01,  4.35833269535283E-01,  6.49000000000000E+00,  1.76118780138087E+05,  1.80154402755512E+05
 1.88308333300000E+03, -8.50914278315575E-01, -6.52671000500000E-01,  4.35784502149219E-01,  6.67000000000000E+00,  1.36174598570446E+05,  1.34768059341584E+05
 1.88316666700000E+03, -8.28083436280602E-01, -1.01124834000000E+00,  4.35735946138216E-01,  6.85000000000000E+00,  6.33515895295756E+04,  5.87468551769968E+04
 1.88325000000000E+03, -7.37519031674621E-01, -1.44667748475000E+00,  4.35687605491579E-01,  7.03000000000000E+00,  1.89116444225492E+04,  2.16426230120562E+04
 1.88333333300000E+03, -6.13790526339163E-01, -1.47570299850000E+00,  7.94677653495246E-01,  7.21000000000000E+00,  1.38549828425727E+04,  2.45886598131658E+04
 1.88341666700000E+03, -5.55697877333558E-01, -1.19259608925000E+00,  7.96254553607752E-01,  7.39000000000000E+00,  1.21688466236372E+04,  2.18229282882659E+04
 1.88350000000000E+03, -6.38939231103241E-01, -1.05242948300000E+00,  7.97819452682662E-01,  7.57000000000000E+00,  6.95676997434606E+03,  1.39444724018388E+04
 1.88358333300000E+03, -8.17579763169419E-01, -1.23371695075000E+00,  7.99372030420670E-01,  7.75000000000000E+00,  6.97968931012316E+03,  1.33082854166073E+04
 1.88366666700000E+03, -9.61508535292548E-01, -1.60989859375000E+00,  8.00911964931840E-01,  7.93000000000000E+00,  7.14468995471789E+03,  1.10207360969650E+04
 1.88375000000000E+03, -9.86503633963928E-01, -1.88924458225000E+00,  8.02438932813039E-01,  8.11000000000000E+00,  5.37885612611472E+03,  1.12400608705465E+04
 1.88383333300000E+03, -8.87084372764003E-01, -1.78227782650000E+00,  8.03443975030486E-01,  8.29000000000000E+00,  6.92000901663371E+03,  1.96405560695465E+04
 1.88391666700000E+03, -6.76236484242352E-01, -1.24933484975000E+00,  8.04948659735807E-01,  8.47000000000000E+00,  7.95526657300024E+03,  2.28722566314495E+04
 1.88400000000000E+03, -3.92942601865104E-01, -4.85453714750000E-01,  8.06439509830595E-01,  8.65000000000000E+00,  8.55173809596764E+03,  2.48809525514335E+04
 1.88408333300000E+03, -1.06559066461803E-01,  2.51797564750000E-01,  8.07916197073518E-01,  8.82999999999999E+00,  2.54987642892629E+04,  4.66179910815648E+04
 1.88416666700000E+03,  1.20649755229834E-01,  7.47997437000000E-01,  8.09378392106885E-01,  9.00999999999999E+00,  5.61305189593222E+04,  7.50696358809927E+04
 1.88425000000000E+03,  4.39522202817963E-01,  9.27871282000000E-01,  8.10825764549663E-01,  9.18999999999999E+00,  7.38377583607184E+04,  8.33822866187727E+04
 1.88433333300000E+03,  8.69953013564582E-01,  9.18845747000000E-01,  8.58063001858073E-01,  9.36999999999999E+00,  7.70342282089015E+04,  8.19239692782424E+04
 1.88441666700000E+03,  1.08099918420061E+00,  1.02420641450000E+00,  8.58194746595180E-01,  9.54999999999999E+00,  7.66187483106522E+04,  8.07748823278851E+04
 1.88450000000000E+03,  1.08247879571873E+00,  1.44204254975000E+00,  8.58295788120421E-01,  9.72999999999999E+00,  6.09109827470296E+04,  6.05367474180051E+04
 1.88458333300000E+03,  1.07305283279045E+00,  1.98438049400000E+00,  8.58366002532846E-01,  9.90999999999999E+00,  3.06706366441885E+04,  2.67052579343136E+04
 1.88466666700000E+03,  1.07756824419919E+00,  2.26877398650000E+00,  8.58405276075305E-01,  1.00900000000000E+01,  1.07594387751440E+04,  1.08968430438329E+04
 1.88475000000000E+03,  1.09527801310663E+00,  2.16014112000000E+00,  8.58413505417560E-01,  1.02700000000000E+01,  6.45680497637239E+03,  1.22514506180854E+04
 1.88483333300000E+03,  1.10259412990338E+00,  1.94196895100000E+00,  8.58348941017210E-01,  1.04500000000000E+01,  4.56248203099253E+03,  1.16038414233121E+04
 1.88491666700000E+03,  1.08003986866070E+00,  1.84610811475000E+00,  8.58269367932592E-01,  1.06300000000000E+01,  2.82859853825580E+03,  1.09022040829601E+04
 1.88500000000000E+03,  1.02922700694376E+00,  1.64223815150000E+00,  8.58158457392603E-01,  1.08100000000000E+01,  3.80223606042920E+03,  1.38980022443596E+04
 1.88508333300000E+03,  9.72699696835856E-01,  1.10203581075000E+00,  8.58016160275975E-01,  1.09900000000000E+01,  4.69990530745936E+03,  1.40814968897460E+04
 1.88516666700000E+03,  9.32198496734380E-01,  4.86860773750000E-01,  8.57842439568895E-01,  1.11700000000000E+01,  5.28320401747951E+03,  1.32001048042051E+04
 1.88525000000000E+03,  7.44203845306290E-01,  1.98506857750000E-01,  8.57637270658818E-01,  1.13500000000000E+01,  6.89409611599681E+03,  1.58145823414407E+04
 1.88533333300000E+03,  3.11383113563323E-01,  2.09087659000000E-01,  6.39206274055044E-01,  1.15300000000000E+01,  7.39028676973092E+03,  1.79367373064223E+04
 1.88541666700000E+03, -7.52879671546254E-02,  2.20692477750000E-01,  6.40874280545386E-01,  1.17100000000000E+01,  8.01322555754610E+03,  1.85754040462354E+04
 1.88550000000000E+03, -2.10712764586496E-01,  1.46408268250000E-01,  6.42548413859891E-01,  1.18900000000000E+01,  1.24087289430764E+04,  2.09933527987568E+04
 1.88558333300000E+03, -1.29454448344786E-01,  5.24553130000000E-02,  6.44228586329198E-01,  1.20700000000000E+01,  1.76270879346672E+04,  2.32950423853184E+04
 1.88566666700000E+03,  6.98302519200213E-02, -1.36533975000000E-02,  6.45914708030993E-01,  1.22500000000000E+01,  2.11624519049128E+04,  2.54056575986354E+04
 1.88575000000000E+03,  4.55675752434956E-02,  7.56482749999999E-04,  6.47606686766537E-01,  1.24300000000000E+01,  2.52371954647549E+04,  2.96016014558368E+04
 1.88583333300000E+03, -2.89545204400711E-01,  6.83748560000000E-02,  6.54006291664168E-01,  1.26100000000000E+01,  2.66710585424640E+04,  3.03489491396340E+04
 1.88591666700000E+03, -4.97606378591959E-01,  1.58059983750000E-01,  6.55724773827546E-01,  1.27900000000000E+01,  2.17151955365269E+04,  2.48066713636067E+04
 1.88600000000000E+03, -4.69086703581408E-01,  2.07202169750000E-01,  6.57448537283775E-01,  1.29700000000000E+01,  1.50882557728461E+04,  1.95405705108399E+04
 1.88608333300000E+03, -4.01806854609763E-01,  4.84748397500000E-02,  6.59177473859129E-01,  1.31500000000000E+01,  1.02624827002736E+04,  1.49632171399574E+04
 1.88616666700000E+03, -3.88314804477912E-01, -1.48669735000000E-01,  6.60911472926617E-01,  1.33300000000000E+01,  5.60815959067092E+03,  7.74857283205792E+03
 1.88625000000000E+03, -3.54487489407613E-01, -9.06341840000000E-02,  6.62650421384019E-01,  1.35100000000000E+01,  2.42353711896056E+03,  3.08527607618563E+03
 1.88633333300000E+03, -3.14927946212603E-01, -2.72828200000000E-02,  7.01411214885850E-01,  1.36900000000000E+01,  3.02117061207072E+03,  4.43993325294284E+03
 1.88641666700000E+03, -5.35567676462899E-01, -4.06071489000000E-01,  7.03226369014244E-01,  1.38700000000000E+01,  6.01858096489973E+03,  8.02839876086531E+03
 1.88650000000000E+03, -9.39085844974099E-01, -1.18152165150000E+00,  7.05043012027260E-01,  1.40500000000000E+01,  9.65099347796484E+03,  1.18701041989816E+04
 1.88658333300000E+03, -1.22219787784509E+00, -1.75617067775000E+00,  7.06860963579492E-01,  1.42300000000000E+01,  1.27431106534986E+04,  1.53594974129685E+04
 1.88666666700000E+03, -1.26927528053808E+00, -1.75121938275000E+00,  7.08680040416769E-01,  1.44100000000000E+01,  1.33194761362325E+04,  1.68311099229254E+04
 1.88675000000000E+03, -1.15830360140964E+00, -1.54384348825000E+00,  7.10500056366877E-01,  1.45900000000000E+01,  1.19189510865273E+04,  1.60785946184376E+04
 1.88683333300000E+03, -1.12355525843392E+00, -1.53783493800000E+00,  7.05456756791468E-01,  1.47700000000000E+01,  1.05212266069651E+04,  1.31960591257415E+04
 1.88691666700000E+03, -1.21700834233845E+00, -1.53920231500000E+00,  7.07274980727843E-01,  1.49500000000000E+01,  7.84035808110237E+03,  8.81551709775269E+03
 1.88700000000000E+03, -1.23411169263772E+00, -1.19480027150000E+00,  7.09094287824358E-01,  1.51300000000000E+01,  4.64187163801624E+03,  5.59559846184276E+03
 1.88708333300000E+03, -1.10569517306971E+00, -4.66330528500000E-01,  7.10914491243295E-01,  1.53100000000000E+01,  5.49439821876768E+03,  5.73409184293214E+03
 1.88716666700000E+03, -9.48565494472417E-01,  2.68984597250000E-01,  7.12735401218579E-01,  1.54900000000000E+01,  8.84969561409741E+03,  9.04818145576807E+03
 1.88725000000000E+03, -8.07061749073656E-01,  3.13242133000000E-01,  7.14556825048266E-01,  1.56700000000000E+01,  9.84045278549223E+03,  1.31417854905322E+04
 1.88733333300000E+03, -6.81269119908105E-01, -5.02736292250000E-01,  7.52134204589973E-01,  1.58500000000000E+01,  9.67913716328857E+03,  1.55640917280494E+04
 1.88741666700000E+03, -6.31487995351784E-01, -1.31424188525000E+00,  7.51757634108184E-01,  1.60300000000000E+01,  9.67888629143609E+03,  1.59294067777078E+04
 1.88750000000000E+03, -6.55218356004432E-01, -1.46251070475000E+00,  7.51440802071054E-01,  1.62100000000000E+01,  7.76531730653146E+03,  1.39885010741557E+04
 1.88758333300000E+03, -6.89804196178848E-01, -1.27743593625000E+00,  7.51185254213028E-01,  1.63900000000000E+01,  4.92806179893471E+03,  9.56021982552311E+03
 1.88766666700000E+03, -6.91959746778022E-01, -1.12752015800000E+00,  7.50992523458390E-01,  1.65700000000000E+01,  3.80660262437392E+03,  5.11467738065549E+03
 1.88775000000000E+03, -6.55869129455256E-01, -8.72903859000000E-01,  7.50864128411677E-01,  1.67500000000000E+01,  4.56089192057477E+03,  3.84921910190054E+03
 1.88783333300000E+03, -6.26780222255213E-01, -4.42414105500000E-01,  7.50833966102301E-01,  1.69300000000000E+01,  6.71341760935640E+03,  6.53962216324754E+03
 1.88791666700000E+03, -6.32617601760161E-01, -1.14038720000000E-02,  7.50795456683421E-01,  1.71100000000000E+01,  9.52779312007555E+03,  1.05897855123336E+04
 1.88800000000000E+03, -6.61202793514386E-01,  4.34114251250000E-01,  7.50824800750454E-01,  1.72900000000000E+01,  1.09425429500721E+04,  1.26315507232436E+04
 1.88808333300000E+03, -6.83303162650406E-01,  9.38666159500000E-01,  7.50923457347405E-01,  1.74700000000000E+01,  1.00768857609133E+04,  1.39892082150496E+04
 1.88816666700000E+03, -6.80026123335963E-01,  1.29472376225000E+00,  7.51092864268832E-01,  1.76500000000000E+01,  8.69351977890406E+03,  1.65791699200823E+04
 1.88825000000000E+03, -2.22815787492868E-01,  1.39122812475000E+00,  7.51334436394347E-01,  1.78300000000000E+01,  7.38023085579664E+03,  1.64382141061372E+04
 1.88833333300000E+03,  6.54482903758259E-01,  1.32272211975000E+00,  8.45945873154955E-01,  1.80100000000000E+01,  4.89890011341162E+03,  1.27573325338142E+04
 1.88841666700000E+03,  1.03563115306808E+00,  1.14661479275000E+00,  8.45064243314226E-01,  1.81900000000000E+01,  2.81924553043607E+03,  1.09548603741580E+04
 1.88850000000000E+03,  9.19361863713445E-01,  8.96206795500000E-01,  8.44154790969047E-01,  1.83700000000000E+01,  3.18072807860506E+03,  1.02748129487633E+04
 1.88858333300000E+03,  7.86564119744976E-01,  6.37331663500000E-01,  8.43217881916011E-01,  1.85500000000000E+01,  4.02263253222568E+03,  7.25493361641926E+03
 1.88866666700000E+03,  6.89245563835385E-01,  4.11087120000000E-01,  8.42253901546439E-01,  1.87300000000000E+01,  3.91505661542268E+03,  6.27538139775095E+03
 1.88875000000000E+03,  6.98166311716600E-01,  2.70673989250000E-01,  8.41263255091736E-01,  1.89100000000000E+01,  3.99925490176715E+03,  9.60895308542213E+03
 1.88883333300000E+03,  8.12634187500566E-01,  3.45304532500000E-01,  8.37989903273549E-01,  1.90900000000000E+01,  3.97054571655518E+03,  1.18402666160749E+04
 1.88891666700000E+03,  9.13414457992636E-01,  7.06214390250000E-01,  8.36893741961990E-01,  1.92700000000000E+01,  2.99181205194488E+03,  1.17049302576467E+04
 1.88900000000000E+03,  9.43573156932000E-01,  1.16295657475000E+00,  8.35773316509018E-01,  1.94500000000000E+01,  1.76676163817878E+03,  1.21341046765168E+04
 1.88908333300000E+03,  9.31949333715679E-01,  1.37499525175000E+00,  8.34629158853655E-01,  1.96300000000000E+01,  9.28835652618196E+02,  1.16568824946190E+04
 1.88916666700000E+03,  9.00092221526344E-01,  1.10535433025000E+00,  8.33461822333769E-01,  1.98100000000000E+01,  5.74849061496193E+02,  9.38997061180210E+03
 1.88925000000000E+03,  4.83545749131601E-01,  3.61831410250000E-01,  8.32271881872821E-01,  1.99900000000000E+01,  7.11729669208289E+02,  8.67964056394703E+03
 1.88933333300000E+03, -3.00673005978017E-01, -4.51103785750000E-01,  4.42687208864798E-01,  2.01700000000000E+01,  9.23285434122326E+02,  9.17335469804254E+03
 1.88941666700000E+03, -6.95948207561501E-01, -7.01611732500000E-01,  4.42632936104790E-01,  2.03500000000000E+01,  8.94570781030787E+02,  7.74863908856841E+03
 1.88950000000000E+03, -7.22880838789533E-01, -2.47597320250000E-01,  4.42578604690020E-01,  2.05300000000000E+01,  8.61811730602906E+02,  6.06176755341369E+03
 1.88958333300000E+03, -7.52897889004286E-01,  2.07520114000000E-01,  4.42524215523103E-01,  2.07100000000000E+01,  8.13810901258531E+02,  5.95278190652672E+03
 1.88966666700000E+03, -7.61296107119182E-01,  2.40988225000000E-02,  4.42469769519363E-01,  2.08900000000000E+01,  7.22558777612886E+02,  5.25331107566854E+03
 1.88975000000000E+03, -7.60059047405312E-01, -5.52239827500000E-01,  4.42415267606966E-01,  2.10700000000000E+01,  1.02236149982262E+03,  3.94734203875450E+03
 1.88983333300000E+03, -7.71177708421381E-01, -1.00309377425000E+00,  4.41443768227638E-01,  2.12500000000000E+01,  1.49715694633991E+03,  4.05452532119527E+03
 1.88991666700000E+03, -7.89995855094446E-01, -1.18320870200000E+00,  4.41388409883165E-01,  2.14300000000000E+01,  2.83394959245790E+03,  5.39522561910187E+03
 1.89000000000000E+03, -8.16274242360457E-01, -1.32855449675000E+00,  4.41333016700127E-01,  2.16100000000000E+01,  7.00388530862487E+03,  8.49038901276028E+03
 1.89008333300000E+03, -8.40024284021095E-01, -1.68178312525000E+00,  4.41277589902607E-01,  2.17900000000000E+01,  1.18270539038644E+04,  1.39885906152848E+04
 1.89016666700000E+03, -8.59955921344317E-01, -1.85943127575000E+00,  4.41222130730572E-01,  2.19700000000000E+01,  1.33371780697876E+04,  1.88971032006138E+04
 1.89025000000000E+03, -6.24416211899198E-01, -1.32157324150000E+00,  4.41166640440034E-01,  2.21500000000000E+01,  1.28304658205847E+04,  2.07309631911911E+04
 1.89033333300000E+03, -1.40762097162604E-01, -3.52877533000000E-01,  8.13085556317273E-01,  2.23300000000000E+01,  1.14836258153383E+04,  2.01643792850760E+04
 1.89041666700000E+03,  4.89761156182138E-02,  1.82744348250000E-01,  8.14493110107017E-01,  2.25100000000000E+01,  7.37037111268814E+03,  1.70467940624484E+04
 1.89050000000000E+03, -1.14392256841478E-02, -1.25583088000000E-01,  8.15884650710433E-01,  2.26900000000000E+01,  2.46791494197130E+03,  1.14033008309592E+04
 1.89058333300000E+03,  1.65575252707961E-02, -7.68220799500000E-01,  8.17259844328507E-01,  2.28700000000000E+01,  4.24032600639272E+02,  6.56904533607087E+03
 1.89066666700000E+03,  1.54116520750699E-01, -1.08400800200000E+00,  8.18618356712179E-01,  2.30500000000000E+01,  5.60361226794214E+02,  4.69803647277168E+03
 1.89075000000000E+03,  2.23001251582510E-01, -1.04934414300000E+00,  8.19959853275004E-01,  2.32300000000000E+01,  8.70177910583605E+02,  3.87986639345885E+03
 1.89083333300000E+03,  9.75842607025580E-02, -9.28157621250000E-01,  8.14429942547540E-01,  2.34100000000000E+01,  1.38567345214679E+03,  3.28703398113061E+03
 1.89091666700000E+03, -1.46259706707912E-02, -6.78013383750000E-01,  8.15822212866552E-01,  2.35900000000000E+01,  2.47884906048321E+03,  3.89034339962394E+03
 1.89100000000000E+03,  6.16878187172935E-03, -1.27304354500000E-01,  8.17198151272045E-01,  2.37700000000000E+01,  2.91059009461110E+03,  4.53643949647630E+03
 1.89108333300000E+03,  1.24920125656877E-01,  5.39119296000000E-01,  8.18557423532862E-01,  2.39500000000000E+01,  2.79401861089514E+03,  4.37128890347517E+03
 1.89116666700000E+03,  3.47308813252080E-01,  9.16440543750000E-01,  8.19899695075310E-01,  2.41300000000000E+01,  3.90507602483363E+03,  4.17739738423534E+03
 1.89125000000000E+03,  4.08438091582021E-01,  8.69949929750000E-01,  8.21224631098792E-01,  2.43100000000000E+01,  4.65951413728024E+03,  3.90900854970744E+03
 1.89133333300000E+03,  2.98970827938354E-02,  6.46937415750000E-01,  9.90949015607441E-01,  2.44900000000000E+01,  6.17159193679820E+03,  5.84853368453129E+03
 1.89141666700000E+03, -2.46588503957478E-01,  5.31820843250000E-01,  9.96470763954725E-01,  2.46700000000000E+01,  1.45416417853352E+04,  1.33573815150264E+04
 1.89150000000000E+03, -1.17462493249396E-01,  4.50010130750000E-01,  1.00198751649042E+00,  2.48500000000000E+01,  2.55753315737976E+04,  2.32190513045121E+04
 1.89158333300000E+03, -1.92085651616156E-01,  1.33628610000000E-01,  1.00749501152589E+00,  2.50300000000000E+01,  2.98904159607685E+04,  2.96332456596775E+04
 1.89166666700000E+03, -3.13549238108968E-01, -4.41551918500000E-01,  1.01298893025361E+00,  2.52100000000000E+01,  2.96944675354437E+04,  3.13059850290204E+04
 1.89175000000000E+03, -3.04920708257739E-01, -1.00239942375000E+00,  1.01846490089455E+00,  2.53900000000000E+01,  2.71436848696337E+04,  2.79134188767292E+04
 1.89183333300000E+03, -6.09385421368766E-01, -1.27343580500000E+00,  1.02293975207000E+00,  2.55700000000000E+01,  1.84371121807491E+04,  1.93592709597138E+04
 1.89191666700000E+03, -8.77863323912336E-01, -1.42306403300000E+00,  1.02837167704976E+00,  2.57500000000000E+01,  7.83800838634785E+03,  9.62174452898169E+03
 1.89200000000000E+03, -1.03924908564337E+00, -1.82669745975000E+00,  1.03377307774346E+00,  2.59300000000000E+01,  2.46446766680961E+03,  3.73506773543152E+03
 1.89208333300000E+03, -1.32133992411042E+00, -2.30515001450000E+00,  1.03913942175758E+00,  2.61100000000000E+01,  1.38625832588528E+03,  2.69437528918361E+03
 1.89216666700000E+03, -1.38508087266842E+00, -2.50292506650000E+00,  1.04446614651427E+00,  2.62900000000000E+01,  1.35302673749032E+03,  3.64082916267516E+03
 1.89225000000000E+03, -1.27524497071588E+00, -2.58581041650000E+00,  1.04974866455608E+00,  2.64700000000000E+01,  1.26796800271484E+03,  3.73238339751119E+03
 1.89233333300000E+03, -1.26451901299898E+00, -2.72383884750000E+00,  7.91260086235209E-01,  2.66500000000000E+01,  1.06514875946522E+03,  3.45680099027640E+03
 1.89241666700000E+03, -1.37017334894256E+00, -2.78387405875000E+00,  7.89771168583904E-01,  2.68300000000000E+01,  1.02657932217359E+03,  5.18079047533568E+03
 1.89250000000000E+03, -1.46035546705028E+00, -2.68581791525000E+00,  7.88288697434657E-01,  2.70100000000000E+01,  1.59176694140099E+03,  8.46143033205506E+03
 1.89258333300000E+03, -1.42138976890492E+00, -2.35257030600000E+00,  7.86813961750393E-01,  2.71900000000000E+01,  3.12617505373680E+03,  1.01429025717747E+04
 1.89266666700000E+03, -1.25734306015827E+00, -1.80539548725000E+00,  7.85348270265480E-01,  2.73700000000000E+01,  4.53265052631114E+03,  1.08146613585524E+04
 1.89275000000000E+03, -1.04394408770982E+00, -1.32625786525000E+00,  7.83892951086828E-01,  2.75500000000000E+01,  5.88989653120785E+03,  1.41462659372404E+04
 1.89283333300000E+03, -9.37709093984803E-01, -1.13542143500000E+00,  7.78111940349819E-01,  2.77300000000000E+01,  9.16688784908557E+03,  1.75448112283397E+04
 1.89291666700000E+03, -1.00394266135662E+00, -1.32456813475000E+00,  7.76730227408888E-01,  2.79100000000000E+01,  1.23178538590091E+04,  1.63211143018784E+04
 1.89300000000000E+03, -1.12783907427547E+00, -1.84203782625000E+00,  7.75367330566903E-01,  2.80900000000000E+01,  1.27757700766278E+04,  1.44747635733304E+04
 1.89308333300000E+03, -1.19339437198416E+00, -2.30804299775000E+00,  7.74024701104878E-01,  2.82700000000000E+01,  1.26964362408649E+04,  1.52921288040151E+04
 1.89316666700000E+03, -1.15098081050758E+00, -2.33745412825000E+00,  7.72703805454852E-01,  2.84500000000000E+01,  1.22110912845918E+04,  1.38415263061567E+04
 1.89325000000000E+03, -1.15788743374426E+00, -1.87446143425000E+00,  7.71406124544963E-01,  2.86300000000000E+01,  9.52795386430313E+03,  1.00987186746873E+04
 1.89333333300000E+03, -1.33048550435797E+00, -1.19635644475000E+00,  4.71578980290238E-01,  2.88100000000000E+01,  6.71812212409949E+03,  9.17281240046555E+03
 1.89341666700000E+03, -1.45444802792588E+00, -7.46987379000000E-01,  4.71610498380532E-01,  2.89900000000000E+01,  5.37368958261398E+03,  9.19133584355114E+03
 1.89350000000000E+03, -1.47233334509368E+00, -7.38866881000000E-01,  4.71642131657825E-01,  2.91700000000000E+01,  4.56293148058753E+03,  7.99433055270191E+03
 1.89358333300000E+03, -1.48977544285716E+00, -1.08400711050000E+00,  4.71673880549421E-01,  2.93500000000000E+01,  4.26765959131504E+03,  8.84924932375720E+03
 1.89366666700000E+03, -1.49104907084516E+00, -1.57748456700000E+00,  4.71705745484172E-01,  2.95300000000000E+01,  4.23017670141927E+03,  1.07170067301650E+04
 1.89375000000000E+03, -1.46875712611719E+00, -2.05105634200000E+00,  4.71737726892482E-01,  2.97100000000000E+01,  3.82012262589037E+03,  1.11892155550448E+04
 1.89383333300000E+03, -1.46496005919132E+00, -2.52604057400000E+00,  4.70489363566732E-01,  2.98900000000000E+01,  4.01672820200598E+03,  1.40540199561541E+04
 1.89391666700000E+03, -1.47508371889452E+00, -2.99958299900000E+00,  4.70516903999270E-01,  3.00700000000000E+01,  5.34117578288264E+03,  1.91417959098474E+04
 1.89400000000000E+03, -1.48503035021110E+00, -3.30558542000000E+00,  4.70544544846870E-01,  3.02500000000000E+01,  6.49002195920508E+03,  2.04191338477257E+04
 1.89408333300000E+03, -1.50305048740282E+00, -3.35675467875000E+00,  4.70572286482697E-01,  3.04300000000000E+01,  7.09646274215456E+03,  1.88418108207159E+04
 1.89416666700000E+03, -1.50343835906264E+00, -3.19681800125000E+00,  4.70600129281294E-01,  3.06100000000000E+01,  7.73428793148637E+03,  1.82166333267372E+04
 1.89425000000000E+03, -1.41800359127577E+00, -2.85811251725000E+00,  4.70628073618593E-01,  3.07900000000000E+01,  7.40056232126933E+03,  1.57492167491889E+04
 1.89433333300000E+03, -1.27012060361420E+00, -2.48504245675000E+00,  7.34441893645293E-01,  3.09700000000000E+01,  5.91001461552300E+03,  1.08355014870633E+04
 1.89441666700000E+03, -1.19613688007975E+00, -2.43581572650000E+00,  7.36253526961280E-01,  3.11500000000000E+01,  5.02134890732475E+03,  8.17383585446716E+03
 1.89450000000000E+03, -1.19660080357214E+00, -2.70999794125000E+00,  7.38062916291547E-01,  3.13300000000000E+01,  4.48708769739524E+03,  7.73676096037715E+03
 1.89458333300000E+03, -1.18907708689937E+00, -2.68584981300000E+00,  7.39869827768755E-01,  3.15100000000000E+01,  3.73355237677432E+03,  6.58962926254197E+03
 1.89466666700000E+03, -1.13880010806280E+00, -2.09288925450000E+00,  7.41674024592900E-01,  3.16900000000000E+01,  4.16842952344233E+03,  5.99562085128815E+03
 1.89475000000000E+03, -1.11889670660040E+00, -1.40996475350000E+00,  7.43475267040596E-01,  3.18700000000000E+01,  4.98609227522901E+03,  6.85794889632314E+03
 1.89483333300000E+03, -1.18809283936485E+00, -1.00294809125000E+00,  7.33096915210232E-01,  3.20500000000000E+01,  4.31314074724935E+03,  6.65047564397919E+03
 1.89491666700000E+03, -1.24148354994068E+00, -8.20626877000000E-01,  7.34910063544099E-01,  3.22300000000000E+01,  3.28361834628505E+03,  5.08071413073216E+03
 1.89500000000000E+03, -1.24935356633678E+00, -7.32047648500000E-01,  7.36721139449733E-01,  3.24100000000000E+01,  3.15933560897039E+03,  4.32577396264550E+03
 1.89508333300000E+03, -1.24199407137205E+00, -6.29033776250000E-01,  7.38529911240149E-01,  3.25900000000000E+01,  3.37073630982566E+03,  4.19530396794797E+03
 1.89516666700000E+03, -1.18682454145243E+00, -4.39273984500000E-01,  7.40336144289646E-01,  3.27700000000000E+01,  3.97601817306373E+03,  4.73824300163766E+03
 1.89525000000000E+03, -9.77665700341293E-01, -3.09930319500000E-01,  7.42139601042130E-01,  3.29500000000000E+01,  6.07130886398443E+03,  8.05109348172484E+03
 1.89533333300000E+03, -6.99655775099642E-01, -5.11148424750000E-01,  1.07179372337501E+00,  3.31300000000000E+01,  8.85109703014511E+03,  1.22862205616492E+04
 1.89541666700000E+03, -5.36422687267717E-01, -9.13843245750000E-01,  1.07676561311930E+00,  3.33100000000000E+01,  9.70385086922531E+03,  1.36835469251675E+04
 1.89550000000000E+03, -4.70520166145903E-01, -1.13151590725000E+00,  1.08166424021878E+00,  3.34900000000000E+01,  8.78291905810549E+03,  1.30140162486195E+04
 1.89558333300000E+03, -6.28486872036037E-01, -1.00069039100000E+00,  1.08648501407017E+00,  3.36700000000000E+01,  7.35428386912637E+03,  1.16345524918345E+04
 1.89566666700000E+03, -8.54954009219020E-01, -5.85542445500000E-01,  1.09122337044793E+00,  3.38500000000000E+01,  4.98477682313313E+03,  1.03991501151496E+04
 1.89575000000000E+03, -8.02380264180751E-01, -1.85439684500000E-01,  1.09587477850963E+00,  3.40300000000000E+01,  4.26333817322887E+03,  1.20495124438031E+04
 1.89583333300000E+03, -7.21753748778677E-01, -1.27895883750000E-01,  1.09749134158268E+00,  3.42100000000000E+01,  6.95104123168770E+03,  1.53385269805643E+04
 1.89591666700000E+03, -9.35295110884627E-01, -4.14011996750000E-01,  1.10201804830148E+00,  3.43900000000000E+01,  8.66897989455158E+03,  1.64868604919524E+04
 1.89600000000000E+03, -1.11529163427330E+00, -7.67155831250000E-01,  1.10644732226140E+00,  3.45700000000000E+01,  8.35856436205412E+03,  1.57377995388061E+04
 1.89608333300000E+03, -8.77382768661662E-01, -8.75010854500000E-01,  1.11077479765593E+00,  3.47500000000000E+01,  8.38641317225736E+03,  1.26571660186932E+04
 1.89616666700000E+03, -6.51813669056547E-01, -6.52659824250000E-01,  1.11499617432213E+00,  3.49300000000000E+01,  6.46855822778944E+03,  6.62782524586451E+03
 1.89625000000000E+03, -8.78792134443978E-01, -2.34218522250000E-01,  1.11910722551807E+00,  3.51100000000000E+01,  2.57432873004945E+03,  2.10825965521320E+03
 1.89633333300000E+03, -1.13237910700863E+00,  2.15054271250000E-01,  7.89290384894509E-01,  3.52900000000000E+01,  7.21694686289790E+02,  1.24453665036338E+03
 1.89641666700000E+03, -9.59852938803576E-01,  4.15527547500000E-01,  7.91974274067329E-01,  3.54700000000000E+01,  6.72428014915373E+02,  1.20351896550137E+03
 1.89650000000000E+03, -6.50247732419778E-01,  2.44423671750000E-01,  7.94753200167034E-01,  3.56500000000000E+01,  5.32370200898707E+02,  1.41891829905952E+03
 1.89658333300000E+03, -6.30895156435096E-01,  5.82941565000000E-02,  7.97627034273044E-01,  3.58300000000000E+01,  5.46383017157298E+02,  2.09780796602775E+03
 1.89666666700000E+03, -7.95177460843121E-01,  9.36845900000000E-02,  8.00595566996416E-01,  3.60100000000000E+01,  9.25907588985818E+02,  2.07882739704010E+03
 1.89675000000000E+03, -6.20746266581308E-01,  9.42187642500000E-02,  8.03658506795537E-01,  3.61900000000000E+01,  1.59074036614908E+03,  2.96320510033910E+03
 1.89683333300000E+03, -5.78920463792106E-02, -1.00797317250000E-01,  8.15671278722242E-01,  3.63700000000000E+01,  2.03980644479015E+03,  6.17646842536194E+03
 1.89691666700000E+03,  4.41383477412864E-01, -2.07711833250000E-01,  8.19167929045607E-01,  3.65500000000000E+01,  2.07400752722317E+03,  8.44179525079141E+03
 1.89700000000000E+03,  7.34603346800295E-01,  3.43259607500000E-02,  8.22755710530687E-01,  3.67300000000000E+01,  2.06454356454091E+03,  8.25729791363411E+03
 1.89708333300000E+03,  8.12747045748731E-01,  4.44555553500000E-01,  8.26433744870732E-01,  3.69100000000000E+01,  1.89921067075562E+03,  9.65743077231354E+03
 1.89716666700000E+03,  8.30083734309826E-01,  6.53366466000000E-01,  8.30201060355380E-01,  3.70900000000000E+01,  2.51585905157150E+03,  1.27585585438814E+04
 1.89725000000000E+03,  5.32903593374732E-01,  4.70445302500000E-01,  8.34056590670297E-01,  3.72700000000000E+01,  4.21746742325418E+03,  1.23859934892529E+04
 1.89733333300000E+03, -1.45078863578642E-01,  2.61719542500000E-02,  6.94453464260759E-01,  3.74500000000000E+01,  5.01144702693115E+03,  9.83511572778858E+03
 1.89741666700000E+03, -3.39874413663034E-01, -2.56802575750000E-01,  6.96261271795874E-01,  3.76300000000000E+01,  4.89491267350277E+03,  9.64304158294327E+03
 1.89750000000000E+03, -9.24732908529802E-02, -1.76257562750000E-01,  6.98071234326321E-01,  3.78100000000000E+01,  4.75095135650261E+03,  8.68546321769812E+03
 1.89758333300000E+03, -7.72754874403796E-04, -4.08497597500000E-02,  6.99883182584117E-01,  3.79900000000000E+01,  3.40586029153428E+03,  4.78409587255343E+03
 1.89766666700000E+03, -1.54922977542997E-01, -7.87089077500000E-02,  7.01696944434928E-01,  3.81700000000000E+01,  1.39828958278285E+03,  2.78021098020904E+03
 1.89775000000000E+03, -5.33069836627563E-01, -2.23440455750000E-01,  7.03512344866044E-01,  3.83500000000000E+01,  5.13074046639918E+02,  3.29101844203631E+03
 1.89783333300000E+03, -8.59735368859859E-01, -4.02174225750000E-01,  7.09441837236529E-01,  3.85300000000000E+01,  4.72154619591880E+02,  2.92741383368874E+03
 1.89791666700000E+03, -8.67659833257040E-01, -4.81639861750000E-01,  7.11262190339571E-01,  3.87100000000000E+01,  6.54396015127508E+02,  3.05031222517429E+03
 1.89800000000000E+03, -7.80826833351210E-01, -3.88881930500000E-01,  7.13083213424772E-01,  3.88900000000000E+01,  8.49414739622807E+02,  4.42577315415731E+03
 1.89808333300000E+03, -8.36024831653319E-01, -2.49578080750000E-01,  7.14904713228731E-01,  3.90700000000000E+01,  7.71281639890194E+02,  4.29221255451720E+03
 1.89816666700000E+03, -9.96910988123397E-01, -1.51093122750000E-01,  7.16726493544336E-01,  3.92500000000000E+01,  6.97821068609384E+02,  4.01217729192571E+03
 1.89825000000000E+03, -6.07850930264132E-01, -8.58470700000000E-03,  7.18548355215135E-01,  3.94299999999999E+01,  7.32280051902130E+02,  5.90644835756672E+03
 1.89833333300000E+03,  4.01540334133705E-01,  2.08374223750000E-01,  8.23955414612786E-01,  3.96099999999999E+01,  5.61605291216512E+02,  6.79897561546079E+03
 1.89841666700000E+03,  8.53633743344893E-01,  3.32740277500000E-01,  8.22615534535695E-01,  3.97899999999999E+01,  3.66790004982439E+02,  5.61716458601527E+03
 1.89850000000000E+03,  6.78269589627194E-01,  3.31638101500000E-01,  8.21258874617740E-01,  3.99699999999999E+01,  5.10937209258001E+02,  5.54010443037062E+03
 1.89858333300000E+03,  4.57968591393337E-01,  3.09227784750000E-01,  8.19886223522068E-01,  4.01499999999999E+01,  7.37844308403975E+02,  5.45363985789044E+03
 1.89866666700000E+03,  2.46031400770599E-01,  1.64960821750000E-01,  8.18498392828812E-01,  4.03299999999999E+01,  9.58688967908637E+02,  3.72898711987534E+03
 1.89875000000000E+03,  1.63280555162570E-01, -1.87436191250000E-01,  8.17096217089325E-01,  4.05099999999999E+01,  1.72844261834228E+03,  3.55736718532435E+03
 1.89883333300000E+03,  1.84432561381238E-01, -5.05665192750000E-01,  8.18980116991585E-01,  4.06899999999999E+01,  2.40627799476781E+03,  4.99451016556878E+03
 1.89891666700000E+03,  1.11956216179605E-01, -5.70220647250000E-01,  8.17582807439612E-01,  4.08699999999999E+01,  2.21972900722897E+03,  4.98391442320839E+03
 1.89900000000000E+03,  9.33165970940113E-03, -5.93465976500000E-01,  8.16171711163018E-01,  4.10499999999999E+01,  2.45998684037549E+03,  4.60714135095049E+03
 1.89908333300000E+03,  1.39599827690915E-02, -7.40185763750000E-01,  8.14747700789800E-01,  4.12299999999999E+01,  3.01509015946039E+03,  4.73449086821720E+03
 1.89916666700000E+03,  1.25367061337392E-01, -6.68520664000000E-01,  8.13311671991487E-01,  4.14099999999999E+01,  2.32672045314904E+03,  3.27994588516929E+03
 1.89925000000000E+03, -9.56878828020020E-02, -1.79248271500000E-01,  8.11864543481952E-01,  4.15899999999999E+01,  1.82960280071426E+03,  1.25832990092806E+03
 1.89933333300000E+03, -5.93586421993751E-01,  3.11642058250000E-01,  1.10905634568371E+00,  4.17699999999999E+01,  2.69935673645571E+03,  1.47462399036025E+03
 1.89941666700000E+03, -6.89551149424832E-01,  4.45737238500000E-01,  1.11332067221262E+00,  4.19499999999999E+01,  3.20933653441522E+03,  2.97553527081575E+03
 1.89950000000000E+03, -6.99109763553424E-01,  4.16789629500000E-01,  1.11747635461020E+00,  4.21299999999999E+01,  3.21664087620354E+03,  4.27489404041828E+03
 1.89958333300000E+03, -6.43068047035351E-01,  4.81850140250000E-01,  1.12151921397075E+00,  4.23099999999999E+01,  3.93082334557742E+03,  6.67396171680882E+03
 1.89966666700000E+03, -1.56152907789574E-01,  5.89552028250000E-01,  1.12544515749587E+00,  4.24899999999999E+01,  4.47060617093837E+03,  9.07686390778488E+03
 1.89975000000000E+03,  2.43707242999873E-01,  6.57245178250000E-01,  1.12925018655938E+00,  4.26699999999999E+01,  3.72005404905099E+03,  8.62008389026715E+03
 1.89983333300000E+03,  2.75730289384209E-01,  8.17790300000000E-01,  1.13204150264356E+00,  4.28499999999999E+01,  2.97811327163632E+03,  7.61432367231252E+03
 1.89991666700000E+03,  3.49728060000714E-01,  1.19576114600000E+00,  1.13562493889142E+00,  4.30299999999999E+01,  3.13781955023266E+03,  7.50174497089792E+03
 1.90000000000000E+03,  6.46057922309443E-01,  1.53591429025000E+00,  1.13907699773346E+00,  4.32099999999999E+01,  2.51865182684619E+03,  5.20851983759374E+03
 1.90008333300000E+03,  8.52293769048865E-01,  1.51902573100000E+00,  1.14239410764079E+00,  4.33899999999999E+01,  2.33416360649711E+03,  4.51565545422523E+03
 1.90016666700000E+03,  8.38772522450264E-01,  1.29588926525000E+00,  1.14557283067080E+00,  4.35699999999999E+01,  5.77321868478631E+03,  1.01476280577484E+04
 1.90025000000000E+03,  8.12071731043014E-01,  1.08603675500000E+00,  1.14860987089909E+00,  4.37499999999999E+01,  9.19729705223111E+03,  1.49628333148855E+04
 1.90033333300000E+03,  7.90241006552732E-01,  7.54143256500000E-01,  9.15991146788225E-01,  4.39299999999999E+01,  8.94601126840252E+03,  1.46327015764203E+04
 1.90041666700000E+03,  8.57285950335050E-01,  3.82184775750000E-01,  9.21181608041489E-01,  4.41099999999999E+01,  8.98585434022989E+03,  1.44479095527972E+04
 1.90050000000000E+03,  8.54904096297056E-01,  3.68552032750000E-01,  9.26418491561597E-01,  4.42899999999999E+01,  9.45487018480515E+03,  1.32661004265894E+04
 1.90058333300000E+03,  6.87885483740885E-01,  6.77686927000000E-01,  9.31698650182165E-01,  4.44699999999999E+01,  6.32543247330850E+03,  7.46049490634992E+03
 1.90066666700000E+03,  8.04653695670742E-01,  9.38415570000000E-01,  9.37018841854923E-01,  4.46499999999999E+01,  2.75734075492100E+03,  2.65857374745203E+03
 1.90075000000000E+03,  8.80190438897213E-01,  9.07731528500000E-01,  9.42375731207400E-01,  4.48299999999999E+01,  2.38322761823037E+03,  2.69356582628585E+03
 1.90083333300000E+03,  5.16655045450434E-01,  4.95952793250000E-01,  9.55903467762778E-01,  4.50099999999999E+01,  2.52952463228681E+03,  3.24512687142568E+03
 1.90091666700000E+03,  1.70431154804642E-01, -1.14835069000000E-01,  9.61361218503154E-01,  4.51899999999999E+01,  1.87780269464727E+03,  2.84519962352180E+03
 1.90100000000000E+03,  4.08636885082508E-03, -6.57265154000000E-01,  9.66839554856699E-01,  4.53699999999999E+01,  2.08610677046243E+03,  4.22703261508855E+03
 1.90108333300000E+03, -2.18341111074708E-01, -1.06319860175000E+00,  9.72334663767875E-01,  4.55499999999999E+01,  3.00759646040708E+03,  5.85268354701524E+03
 1.90116666700000E+03, -3.62026890248350E-01, -1.27462157225000E+00,  9.77842653247397E-01,  4.57299999999999E+01,  3.17099122257788E+03,  5.18152089147358E+03
 1.90125000000000E+03, -4.79416427746869E-01, -1.16081270475000E+00,  9.83359555274551E-01,  4.59099999999999E+01,  2.70550505196699E+03,  4.86581920329935E+03
 1.90133333300000E+03, -5.77371293302800E-01, -7.44948425000000E-01,  7.93567491725594E-01,  4.60899999999999E+01,  2.64156572135957E+03,  5.56904972852572E+03
 1.90141666700000E+03, -5.59992496981660E-01, -2.88111308500000E-01,  7.96401247218668E-01,  4.62699999999999E+01,  2.26453209466228E+03,  4.07329826842004E+03
 1.90150000000000E+03, -7.02141326997255E-01, -1.67277480000000E-02,  7.99329799723671E-01,  4.64499999999999E+01,  1.28304760410203E+03,  2.39727679520007E+03
 1.90158333300000E+03, -8.28512472867139E-01,  1.75013482250000E-01,  8.02352892612097E-01,  4.66299999999999E+01,  1.33797864149492E+03,  3.39121762447898E+03
 1.90166666700000E+03, -5.32724323604457E-01,  4.76731020750000E-01,  8.05470186148901E-01,  4.68099999999999E+01,  1.92202682701803E+03,  3.86772831687676E+03
 1.90175000000000E+03, -1.76133125867848E-02,  6.98365245000000E-01,  8.08681255875689E-01,  4.69899999999999E+01,  1.62424353532874E+03,  3.01953344534369E+03
 1.90183333300000E+03,  2.03409139215263E-01,  5.98093685750000E-01,  8.11608360273189E-01,  4.71699999999999E+01,  1.49891216551997E+03,  3.32198229407654E+03
 1.90191666700000E+03,  1.49563217113559E-01,  4.30574138500000E-01,  8.14994946306886E-01,  4.73499999999999E+01,  1.67781586916413E+03,  3.34859173946383E+03
 1.90200000000000E+03,  2.68639390671946E-01,  6.23301116250000E-01,  8.18473593447650E-01,  4.75299999999999E+01,  1.11646790065487E+03,  2.11767946421798E+03
 1.90208333300000E+03,  5.78278975992039E-01,  1.25935149300000E+00,  8.22043533470884E-01,  4.77099999999999E+01,  5.31354853279931E+02,  1.74164530788889E+03
 1.90216666700000E+03,  7.31411633855675E-01,  1.97012524450000E+00,  8.25703906277010E-01,  4.78899999999999E+01,  4.67438061272660E+02,  2.19467816072901E+03
 1.90225000000000E+03,  7.14598608522952E-01,  2.19214159075000E+00,  8.29453758607141E-01,  4.80699999999999E+01,  3.98456302056581E+02,  2.29434665675667E+03
 1.90233333300000E+03,  7.25132306604855E-01,  1.81447871925000E+00,  1.15859821178975E+00,  4.82499999999999E+01,  3.13069702830963E+02,  2.36519546118490E+03
 1.90241666700000E+03,  8.30049366397992E-01,  1.30296596225000E+00,  1.15633550133903E+00,  4.84299999999999E+01,  3.55871669777023E+02,  2.38005129708690E+03
 1.90250000000000E+03,  9.38496134082422E-01,  9.49243975750000E-01,  1.15396616205431E+00,  4.86099999999999E+01,  4.69631868651462E+02,  1.98407207492463E+03
 1.90258333300000E+03,  9.08853990416916E-01,  6.43730940750000E-01,  1.15149657270943E+00,  4.87899999999999E+01,  5.69065259516080E+02,  1.53366675843932E+03
 1.90266666700000E+03,  8.01828998987977E-01,  3.80669973250000E-01,  1.14893341482223E+00,  4.89699999999999E+01,  5.06718640307272E+02,  1.05684156620752E+03
 1.90275000000000E+03,  7.76144359892568E-01,  2.86286297500000E-01,  1.14628366724465E+00,  4.91499999999999E+01,  4.55254606611418E+02,  5.00267337367013E+02
 1.90283333300000E+03,  8.44015415366456E-01,  2.34405334500000E-01,  1.14543022006034E+00,  4.93299999999999E+01,  6.11289476551539E+02,  4.11749565278986E+02
 1.90291666700000E+03,  8.83187730964426E-01, -4.26143999999999E-03,  1.14267766458125E+00,  4.95099999999999E+01,  6.45636842809131E+02,  5.29917935061023E+02
 1.90300000000000E+03,  7.20866006686808E-01, -2.70990938750000E-01,  1.13985578646730E+00,  4.96899999999999E+01,  8.74324487807853E+02,  6.68607529775270E+02
 1.90308333300000E+03,  3.86981395803486E-01, -1.89650336250000E-01,  1.13697250173780E+00,  4.98699999999999E+01,  2.74573258173442E+03,  2.40656264754845E+03
 1.90316666700000E+03,  2.00748835352826E-01,  2.93543792000000E-01,  1.13403599126439E+00,  5.00499999999999E+01,  5.73682032603208E+03,  5.47511432211290E+03
 1.90325000000000E+03,  8.22721410875428E-02,  8.07079831500000E-01,  1.13105469105935E+00,  5.02299999999999E+01,  7.20798812503575E+03,  7.09734191447960E+03
 1.90333333300000E+03, -1.78389665058565E-01,  9.48753511000000E-01,  1.08484831829311E+00,  5.04099999999999E+01,  7.30659549025961E+03,  7.25571482899822E+03
 1.90341666700000E+03, -3.37212482348221E-01,  7.21558909500000E-01,  1.08258425628965E+00,  5.05899999999999E+01,  7.41870039948885E+03,  7.12795469510226E+03
 1.90350000000000E+03, -4.27328621766382E-01,  3.63848233000000E-01,  1.08045515574945E+00,  5.07699999999999E+01,  5.92595300589468E+03,  5.46030450310583E+03
 1.90358333300000E+03, -5.91441842951713E-01,  1.10918013250000E-01,  1.07847133667117E+00,  5.09499999999999E+01,  2.86206871466388E+03,  2.74219361615829E+03
 1.90366666700000E+03, -7.12580457927320E-01,  1.35577556500000E-01,  1.07664300687640E+00,  5.11299999999999E+01,  1.42069198232792E+03,  1.69706920600263E+03
 1.90375000000000E+03, -7.25428566902940E-01,  3.03664025000000E-01,  1.07498023632951E+00,  5.13099999999999E+01,  1.71887748625059E+03,  2.27904395848514E+03
 1.90383333300000E+03, -6.66361253819087E-01,  3.96803189750000E-01,  1.07285044506746E+00,  5.14899999999999E+01,  1.76421630281978E+03,  2.98499743523586E+03
 1.90391666700000E+03, -6.24760998649757E-01,  4.28003077000000E-01,  1.07163966736913E+00,  5.16699999999999E+01,  1.79999398832263E+03,  3.76094147766371E+03
 1.90400000000000E+03, -6.26697824338378E-01,  4.30687520000000E-01,  1.07062799801469E+00,  5.18499999999999E+01,  2.14259449708014E+03,  4.10661496007761E+03
 1.90408333300000E+03, -6.33007390889374E-01,  3.61986748750000E-01,  1.06982456458272E+00,  5.20299999999999E+01,  1.92612697437135E+03,  3.64109565136154E+03
 1.90416666700000E+03, -6.16652296107087E-01,  3.45394323000000E-01,  1.06923820955368E+00,  5.22099999999999E+01,  1.68448083618572E+03,  4.07904914820638E+03
 1.90425000000000E+03, -3.14112643885389E-01,  7.19266265750000E-01,  1.06887746268113E+00,  5.23899999999999E+01,  2.44261377694271E+03,  5.25386204469696E+03
 1.90433333300000E+03,  5.30199008627161E-01,  1.45481018375000E+00,  8.67921742710900E-01,  5.25699999999999E+01,  2.97744333998162E+03,  4.74282513629472E+03
 1.90441666700000E+03,  1.37472348558466E+00,  2.02320211425000E+00,  8.72507204769294E-01,  5.27499999999999E+01,  3.37253609965678E+03,  4.99056961589881E+03
 1.90450000000000E+03,  1.48684165981961E+00,  2.29268453425000E+00,  8.77164807486480E-01,  5.29299999999999E+01,  7.00493481060948E+03,  9.46055676831847E+03
 1.90458333300000E+03,  1.36732625522085E+00,  2.62809592350000E+00,  8.81892388873693E-01,  5.31099999999999E+01,  1.25895076563167E+04,  1.38900207983619E+04
 1.90466666700000E+03,  1.58861991372948E+00,  2.91083741925000E+00,  8.86687684948693E-01,  5.32899999999999E+01,  1.46140824906166E+04,  1.45862792880576E+04
 1.90475000000000E+03,  1.68845190522333E+00,  2.58304773100000E+00,  8.91548329833974E-01,  5.34699999999999E+01,  1.39585677736971E+04,  1.45287800587294E+04
 1.90483333300000E+03,  1.48351097592609E+00,  1.81157641025000E+00,  9.00625566055208E-01,  5.36499999999999E+01,  1.34568690162605E+04,  1.35723288370797E+04
 1.90491666700000E+03,  1.23291571231948E+00,  1.41198818750000E+00,  9.05657681926953E-01,  5.38299999999999E+01,  1.02672906985462E+04,  8.82380296236309E+03
 1.90500000000000E+03,  1.08338434352691E+00,  1.53805308300000E+00,  9.10745136735455E-01,  5.40099999999999E+01,  4.51248737154586E+03,  3.26468965941357E+03
 1.90508333300000E+03,  8.85115489859330E-01,  1.74116934525000E+00,  9.15885077704151E-01,  5.41899999999999E+01,  1.27510057888113E+03,  8.55221681700206E+02
 1.90516666700000E+03,  8.45839827944552E-01,  1.92275488925000E+00,  9.21074553459126E-01,  5.43699999999999E+01,  1.04000094270321E+03,  5.38956957249493E+02
 1.90525000000000E+03,  1.16344610155283E+00,  2.11334411750000E+00,  9.26310515098350E-01,  5.45499999999999E+01,  9.03295455966694E+02,  8.89519688499243E+02
 1.90533333300000E+03,  1.41485289264602E+00,  2.00573855150000E+00,  8.93463105684921E-01,  5.47299999999999E+01,  7.00328072175660E+02,  2.28285714801172E+03
 1.90541666700000E+03,  1.49240970474399E+00,  1.41038204975000E+00,  8.98410488735693E-01,  5.49099999999999E+01,  1.07450275235805E+03,  3.31494530848747E+03
 1.90550000000000E+03,  1.37540315655445E+00,  6.84873322000000E-01,  9.03417153946326E-01,  5.50899999999999E+01,  1.24679746151492E+03,  3.15085314320955E+03
 1.90558333300000E+03,  1.19688761909212E+00,  2.70311371750000E-01,  9.08480392476002E-01,  5.52699999999999E+01,  1.23304932041625E+03,  5.11058691331011E+03
 1.90566666700000E+03,  1.03458554242445E+00,  3.46470879250000E-01,  9.13597395613402E-01,  5.54499999999999E+01,  1.97809089244220E+03,  8.98302122609116E+03
 1.90575000000000E+03,  8.64267685550394E-01,  7.85037706750000E-01,  9.18765255624852E-01,  5.56299999999999E+01,  2.79311642221611E+03,  9.59563174654800E+03
 1.90583333300000E+03,  8.33324211436982E-01,  1.05258875250000E+00,  9.15245418400525E-01,  5.58099999999999E+01,  3.05413571293469E+03,  9.04436695160595E+03
 1.90591666700000E+03,  9.14939340094728E-01,  9.93713840000000E-01,  9.20428919632774E-01,  5.59899999999999E+01,  4.13066381169031E+03,  1.16517100271830E+04
 1.90600000000000E+03,  9.24933185021883E-01,  1.02076119225000E+00,  9.25659289803970E-01,  5.61699999999999E+01,  5.58823583940332E+03,  1.23160968119372E+04
 1.90608333300000E+03,  7.47379383360317E-01,  1.16038247275000E+00,  9.30933395572072E-01,  5.63499999999999E+01,  5.49504250549918E+03,  8.92797232273752E+03
 1.90616666700000E+03,  8.21625449697825E-01,  1.19453678875000E+00,  9.36248008501909E-01,  5.65299999999999E+01,  4.67831206018928E+03,  7.26598237464050E+03
 1.90625000000000E+03,  6.14322841479791E-01,  1.09849289600000E+00,  9.41599806598745E-01,  5.67099999999999E+01,  4.12927305545365E+03,  6.98468498383750E+03
 1.90633333300000E+03, -1.89579311582561E-01,  8.73482527750000E-01,  1.08734376336349E+00,  5.68899999999999E+01,  2.93660585304114E+03,  4.79931547284638E+03
 1.90641666700000E+03, -5.11297448346393E-01,  7.00177021500000E-01,  1.08494995349632E+00,  5.70699999999999E+01,  1.42363817288951E+03,  2.76280805566096E+03
 1.90650000000000E+03, -4.58201710508973E-01,  6.37312338250000E-01,  1.08268024269573E+00,  5.72499999999999E+01,  6.68786518617715E+02,  2.03250702369421E+03
 1.90658333300000E+03, -5.62495698026521E-01,  3.28232516750000E-01,  1.08054504119016E+00,  5.74299999999999E+01,  4.88209099928424E+02,  1.90169453086847E+03
 1.90666666700000E+03, -6.92652864628867E-01, -2.43012814500000E-01,  1.07855467329314E+00,  5.76099999999999E+01,  4.11095413685661E+02,  2.67875908065498E+03
 1.90675000000000E+03, -7.49339587590598E-01, -7.33310094750000E-01,  1.07671935224978E+00,  5.77899999999999E+01,  3.47096259151972E+02,  3.28577962890905E+03
 1.90683333300000E+03, -7.48128389861642E-01, -1.15121996325000E+00,  1.07675384099051E+00,  5.79699999999999E+01,  3.15371887623666E+02,  3.00726854098215E+03
 1.90691666700000E+03, -7.48200796282842E-01, -1.39942113725000E+00,  1.07508030428183E+00,  5.81499999999999E+01,  3.33107778456752E+02,  3.09666899041849E+03
 1.90700000000000E+03, -7.39371252746704E-01, -9.97568876000000E-01,  1.07358161164877E+00,  5.83299999999999E+01,  4.45576499571469E+02,  3.68325824027567E+03
 1.90708333300000E+03, -7.10539512556735E-01, -7.95795737500000E-02,  1.07226749137380E+00,  5.85099999999999E+01,  6.17051267621558E+02,  3.76296088844798E+03
 1.90716666700000E+03, -6.74187527167017E-01,  5.59671551750000E-01,  1.07114745602788E+00,  5.86899999999999E+01,  7.23482862265187E+02,  3.28833243060961E+03
 1.90725000000000E+03, -2.62491761891259E-01,  6.51242985750000E-01,  1.07023077530723E+00,  5.88699999999999E+01,  1.01502974306898E+03,  3.24280015804638E+03
 1.90733333300000E+03,  5.36748323840122E-01,  7.34829174500000E-01,  1.17516089218292E+00,  5.90499999999999E+01,  1.68617012749309E+03,  4.29692247462818E+03
 1.90741666700000E+03,  1.00514485295803E+00,  1.18334206550000E+00,  1.17571393263456E+00,  5.92299999999999E+01,  2.72123299237280E+03,  5.85762600488303E+03
 1.90750000000000E+03,  1.08657054066106E+00,  1.63884532675000E+00,  1.17609878602308E+00,  5.94099999999999E+01,  4.23302995892142E+03,  7.01479508601682E+03
 1.90758333300000E+03,  1.12193939876875E+00,  1.75256182375000E+00,  1.17631595668517E+00,  5.95899999999999E+01,  5.33887398615352E+03,  7.39164287471243E+03
 1.90766666700000E+03,  1.13909806549852E+00,  1.66045266275000E+00,  1.17636623234968E+00,  5.97699999999999E+01,  5.33644165053575E+03,  7.22472564366545E+03
 1.90775000000000E+03,  1.09675337338285E+00,  1.45882521225000E+00,  1.17625068966755E+00,  5.99499999999999E+01,  5.16621340877822E+03,  6.86660375513050E+03
 1.90783333300000E+03,  9.60414532188576E-01,  1.04407366875000E+00,  1.17541382499266E+00,  6.01299999999999E+01,  4.56176887544620E+03,  5.44660257758934E+03
 1.90791666700000E+03,  7.80868870959436E-01,  5.20148521000000E-01,  1.17477658376075E+00,  6.03099999999999E+01,  2.93817933194744E+03,  3.15362456490198E+03
 1.90800000000000E+03,  6.00201912981251E-01,  2.09421060000000E-01,  1.17398133816014E+00,  6.04899999999999E+01,  2.21376534098394E+03,  3.23071103069565E+03
 1.90808333300000E+03,  4.38061824066658E-01,  2.18863479250000E-01,  1.17303074465431E+00,  6.06699999999999E+01,  2.88140050998042E+03,  6.10171332426732E+03
 1.90816666700000E+03,  3.97057567694117E-01,  3.10784686000000E-01,  1.17192777380712E+00,  6.08499999999999E+01,  3.07823855212460E+03,  8.05971156634388E+03
 1.90825000000000E+03,  2.00134414583599E-01,  3.02569810000000E-01,  1.17067571262326E+00,  6.10299999999999E+01,  2.92910492479866E+03,  8.99184276823057E+03
 1.90833333300000E+03, -2.19043125946899E-01,  3.71017708250000E-01,  8.05026914586269E-01,  6.12099999999999E+01,  3.30866248407639E+03,  1.04486423885610E+04
 1.90841666700000E+03, -2.49301129594181E-01,  6.94070832500000E-01,  8.06517032691949E-01,  6.13899999999999E+01,  3.39653506075296E+03,  9.99890746737357E+03
 1.90850000000000E+03,  4.06296389120110E-02,  1.06427380125000E+00,  8.07992970760915E-01,  6.15699999999999E+01,  2.85388609166430E+03,  7.93961792655600E+03
 1.90858333300000E+03,  2.41051898807689E-01,  1.13483520250000E+00,  8.09454399379668E-01,  6.17499999999999E+01,  2.55402194281980E+03,  7.40972286543019E+03
 1.90866666700000E+03,  3.28459184987166E-01,  8.53346358000000E-01,  8.10900988116311E-01,  6.19299999999999E+01,  2.31595545430852E+03,  6.56496106311988E+03
 1.90875000000000E+03,  2.98041538603224E-01,  5.70115702250000E-01,  8.12332405616603E-01,  6.21099999999999E+01,  1.90834688765539E+03,  6.73021366919252E+03
 1.90883333300000E+03,  2.02390721901806E-01,  5.21052635750000E-01,  8.14758360256530E-01,  6.22899999999999E+01,  4.02800263428462E+03,  1.40060186006585E+04
 1.90891666700000E+03,  1.51460477932729E-01,  4.38873115000000E-01,  8.16146825111332E-01,  6.24699999999999E+01,  9.59008883239449E+03,  2.29430433270891E+04
 1.90900000000000E+03,  1.93964823060190E-01,  9.38983090000000E-02,  8.17518879596807E-01,  6.26499999999999E+01,  1.37286037998446E+04,  2.47836153200912E+04
 1.90908333300000E+03,  3.26328238018682E-01, -3.60845142250000E-01,  8.18874189391132E-01,  6.28299999999999E+01,  1.44452516655340E+04,  2.43648147054718E+04
 1.90916666700000E+03,  5.11230657039089E-01, -8.22348804500000E-01,  8.20212419856822E-01,  6.30099999999999E+01,  1.46076490481998E+04,  2.42480921271459E+04
 1.90925000000000E+03,  2.55893225151174E-01, -1.34621881800000E+00,  8.21533236157095E-01,  6.31899999999999E+01,  1.27825526442979E+04,  1.78436522972730E+04
 1.90933333300000E+03, -5.19330778057804E-01, -1.75407525675000E+00,  7.77586253114488E-01,  6.33699999999999E+01,  7.32874513729150E+03,  8.55273308707939E+03
 1.90941666700000E+03, -1.00352255883547E+00, -1.77236762150000E+00,  7.76211500269821E-01,  6.35499999999999E+01,  3.04219109235123E+03,  5.43715216356975E+03
 1.90950000000000E+03, -1.10326326235960E+00, -1.61586716175000E+00,  7.74856111626696E-01,  6.37299999999999E+01,  2.56172183363269E+03,  6.36622181022816E+03
 1.90958333300000E+03, -1.13770458004963E+00, -1.71776944125000E+00,  7.73521544282366E-01,  6.39099999999999E+01,  2.87146902830345E+03,  5.76661263245187E+03
 1.90966666700000E+03, -1.07614857612395E+00, -1.92700333800000E+00,  7.72209270240495E-01,  6.40899999999999E+01,  2.51029084112871E+03,  4.83576511100079E+03
 1.90975000000000E+03, -1.01998942562716E+00, -1.82210514050000E+00,  7.70920775744763E-01,  6.42699999999999E+01,  2.53990061169046E+03,  5.27610223945518E+03
 1.90983333300000E+03, -1.05132840354368E+00, -1.54765453600000E+00,  7.74146381601422E-01,  6.44499999999999E+01,  2.89727742465826E+03,  4.97315675352329E+03
 1.90991666700000E+03, -1.05301228969752E+00, -1.56706193775000E+00,  7.72823440808608E-01,  6.46299999999999E+01,  2.64230773220063E+03,  3.99999228486078E+03
 1.91000000000000E+03, -9.74543329440204E-01, -1.79296568025000E+00,  7.71523578988520E-01,  6.48099999999999E+01,  2.15303596919912E+03,  5.07984094922897E+03
 1.91008333300000E+03, -8.56771863038310E-01, -1.59634946600000E+00,  7.70248289648600E-01,  6.49900000000000E+01,  2.15052395045437E+03,  6.30519833593480E+03
 1.91016666700000E+03, -6.91812277654516E-01, -8.93356935500000E-01,  7.68999079457574E-01,  6.51700000000000E+01,  1.89493715874470E+03,  5.75090970681729E+03
 1.91025000000000E+03, -1.37393707387069E-01, -2.64729413750000E-01,  7.67777467500995E-01,  6.53500000000000E+01,  1.74394630629261E+03,  7.44206698480508E+03
 1.91033333300000E+03,  6.44132304368609E-01,  2.72629370000000E-02,  1.16728823344947E+00,  6.55300000000000E+01,  3.20470672693261E+03,  1.08585196814768E+04
 1.91041666700000E+03,  8.18524406457416E-01, -4.26073110000000E-02,  1.16894605620795E+00,  6.57100000000000E+01,  4.98325678344758E+03,  1.10972109277875E+04
 1.91050000000000E+03,  5.64517376175153E-01, -3.76669684500000E-01,  1.17043902959030E+00,  6.58900000000000E+01,  5.38722269359965E+03,  1.07072728288636E+04
 1.91058333300000E+03,  4.40004255054767E-01, -5.35199573750000E-01,  1.17176594662923E+00,  6.60700000000000E+01,  5.32643304918315E+03,  1.19357822689571E+04
 1.91066666700000E+03,  4.80588058693933E-01, -5.11038756000000E-01,  1.17292583964062E+00,  6.62500000000000E+01,  4.91541705235695E+03,  1.05774827288932E+04
 1.91075000000000E+03,  5.87287535603329E-01, -7.15524683500000E-01,  1.17391798760133E+00,  6.64300000000000E+01,  3.33867340271444E+03,  7.40270875828011E+03
 1.91083333300000E+03,  6.76942292461342E-01, -1.04414502200000E+00,  1.17376242621276E+00,  6.66100000000000E+01,  1.72962252456111E+03,  6.78191150399910E+03
 1.91091666700000E+03,  7.94978256101465E-01, -1.09204172925000E+00,  1.17461475590077E+00,  6.67900000000000E+01,  1.49928679505217E+03,  7.50868138260526E+03
 1.91100000000000E+03,  9.24426163438244E-01, -9.16722952750000E-01,  1.17529868313457E+00,  6.69700000000000E+01,  2.20865067803943E+03,  7.31714148713398E+03
 1.91108333300000E+03,  1.02185077541463E+00, -8.34111688250000E-01,  1.17581422330625E+00,  6.71500000000000E+01,  2.80312857232245E+03,  6.82311336445725E+03
 1.91116666700000E+03,  1.12592735350239E+00, -7.19759600750000E-01,  1.17616166453812E+00,  6.73300000000000E+01,  3.02714667570120E+03,  6.05426774660762E+03
 1.91125000000000E+03,  7.78433075656136E-01, -3.37214443750000E-01,  1.17634157380795E+00,  6.75100000000000E+01,  2.97195702974622E+03,  4.47703922139360E+03
 1.91133333300000E+03, -7.25280581403503E-02,  4.95163252500000E-02,  7.53422139944719E-01,  6.76900000000001E+01,  2.53728897409827E+03,  3.16052743879248E+03
 1.91141666700000E+03, -5.11310292671184E-01,  1.43843473500000E-01,  7.52893554085729E-01,  6.78700000000001E+01,  1.87548789719515E+03,  3.10963388193239E+03
 1.91150000000000E+03, -5.18344953190050E-01, -2.08577020000000E-02,  7.52420523113702E-01,  6.80500000000001E+01,  1.38040979617490E+03,  3.51729343918144E+03
 1.91158333300000E+03, -5.37030008942970E-01, -3.07619116250000E-01,  7.52004619833658E-01,  6.82300000000001E+01,  1.42318504584054E+03,  4.03342653672594E+03
 1.91166666700000E+03, -5.36586076489500E-01, -4.53961915250000E-01,  7.51647408122053E-01,  6.84100000000001E+01,  1.83627540804011E+03,  4.75057265871782E+03
 1.91175000000000E+03, -5.11617717670946E-01, -2.89499537750000E-01,  7.51350441501191E-01,  6.85900000000001E+01,  1.81687216402467E+03,  4.18287416078864E+03
 1.91183333300000E+03, -4.90594269172509E-01, -8.42846090000000E-02,  7.50807212477752E-01,  6.87700000000001E+01,  1.86500999859647E+03,  3.05151501835913E+03
 1.91191666700000E+03, -4.97543134731701E-01, -7.80800140000000E-02,  7.50800909723071E-01,  6.89500000000001E+01,  2.95035326112556E+03,  4.20305325373080E+03
 1.91200000000000E+03, -5.27937246107426E-01, -6.50857102500000E-02,  7.50863159477236E-01,  6.91300000000001E+01,  3.74833947691083E+03,  6.09487580392784E+03
 1.91208333300000E+03, -5.56506585010023E-01,  1.15776739500000E-01,  7.50995410846837E-01,  6.93100000000001E+01,  3.45365643808346E+03,  6.19200838887782E+03
 1.91216666700000E+03, -5.78238947004049E-01,  2.74975701750000E-01,  7.51199090897372E-01,  6.94900000000001E+01,  3.25815786601538E+03,  6.13591413315122E+03
 1.91225000000000E+03, -2.57997727652825E-01,  3.31701152500000E-01,  7.51475602974909E-01,  6.96700000000001E+01,  2.94592039663376E+03,  6.44137822517619E+03
 1.91233333300000E+03,  4.11868713631254E-01,  4.63941065500000E-01,  5.24914764485167E-01,  6.98500000000001E+01,  2.25127738867750E+03,  5.81396153019013E+03
 1.91241666700000E+03,  7.28806133450000E-01,  5.98135426750000E-01,  5.24483250143121E-01,  7.00300000000001E+01,  2.48758296582506E+03,  5.52841440597312E+03
 1.91250000000000E+03,  6.78195449858045E-01,  4.63619759500000E-01,  5.24044258235392E-01,  7.02100000000002E+01,  3.48428721647331E+03,  6.55589314583871E+03
 1.91258333300000E+03,  6.26707230238101E-01,  1.25087106250000E-01,  5.23597725165918E-01,  7.03900000000002E+01,  4.15355514248990E+03,  7.76332699191277E+03
 1.91266666700000E+03,  6.05266019374179E-01, -1.35947904500000E-01,  5.23143587196811E-01,  7.05700000000002E+01,  4.46569974291486E+03,  8.58226785023456E+03
 1.91275000000000E+03,  6.17239968847845E-01, -1.92426498000000E-01,  5.22681780455964E-01,  7.07500000000002E+01,  4.08827532835526E+03,  8.32639287900211E+03
 1.91283333300000E+03,  6.35430198389208E-01, -1.74316518500000E-01,  5.22467320514337E-01,  7.09300000000002E+01,  2.71761090403081E+03,  6.41950564737187E+03
 1.91291666700000E+03,  6.39687291407311E-01, -2.39115143500000E-01,  5.21994211773107E-01,  7.11100000000002E+01,  1.42590383976564E+03,  4.52912325163049E+03
 1.91300000000000E+03,  6.34671102025996E-01, -2.48490105000000E-01,  5.21513276690538E-01,  7.12900000000002E+01,  1.27247856428201E+03,  3.72639711711419E+03
 1.91308333300000E+03,  6.42908018179389E-01, -2.68432410000000E-02,  5.21024450991708E-01,  7.14700000000002E+01,  1.66497347601969E+03,  2.64387891010109E+03
 1.91316666700000E+03,  7.09370846639269E-01,  3.69119636250000E-01,  5.20527670303824E-01,  7.16500000000002E+01,  1.82271751181760E+03,  1.44567673201709E+03
 1.91325000000000E+03,  6.94001668210948E-01,  7.92603789000000E-01,  5.20022870164948E-01,  7.18300000000002E+01,  2.63586411143071E+03,  2.00044826309431E+03
 1.91333333300000E+03,  5.09120664386688E-01,  1.02134118900000E+00,  4.92960619967469E-01,  7.20100000000002E+01,  4.24350742335718E+03,  3.89311449362791E+03
 1.91341666700000E+03,  3.87781616891616E-01,  9.41939163750000E-01,  4.93067904123885E-01,  7.21900000000002E+01,  4.85789240435538E+03,  5.35609052493244E+03
 1.91350000000000E+03,  3.63625779364474E-01,  7.37460109500000E-01,  4.93175537532350E-01,  7.23700000000002E+01,  4.41017331417015E+03,  6.00063165345619E+03
 1.91358333300000E+03,  3.35767564895321E-01,  5.55470319000000E-01,  4.93283520820707E-01,  7.25500000000002E+01,  4.06668902340716E+03,  6.15778307354950E+03
 1.91366666700000E+03,  3.28925277127679E-01,  3.73753131500000E-01,  4.93391854610549E-01,  7.27300000000002E+01,  3.21658984630637E+03,  5.83704524742956E+03
 1.91375000000000E+03,  2.98842160473666E-01,  2.56568881000000E-01,  4.93500539517100E-01,  7.29100000000003E+01,  1.66327963247327E+03,  4.69973252316120E+03
 1.91383333300000E+03,  2.27481872883486E-01,  3.48701306000000E-01,  4.99662673212742E-01,  7.30900000000003E+01,  6.45305173366063E+02,  2.99799577406300E+03
 1.91391666700000E+03,  1.88376076845840E-01,  6.61666027250000E-01,  4.99790668709975E-01,  7.32700000000003E+01,  4.13668379423683E+02,  1.98458228715696E+03
 1.91400000000000E+03,  1.78517907155023E-01,  8.99430201500000E-01,  4.99919034950838E-01,  7.34500000000003E+01,  4.13977334768720E+02,  1.77538629925555E+03
 1.91408333300000E+03,  1.71999595138011E-01,  6.81574812750000E-01,  5.00047771953971E-01,  7.36300000000003E+01,  4.80940862990448E+02,  1.31746641752118E+03
 1.91416666700000E+03,  1.75151355738073E-01,  1.47060028500000E-01,  5.00176879721611E-01,  7.38100000000003E+01,  7.81897508487625E+02,  1.13223451560096E+03
 1.91425000000000E+03,  2.32641079548556E-01, -2.27791468750000E-01,  5.00306358239339E-01,  7.39900000000003E+01,  1.44474289368358E+03,  2.25099859969810E+03
 1.91433333300000E+03,  3.53752671809088E-01, -3.22860775000000E-01,  8.53846247251343E-01,  7.41700000000003E+01,  2.07560490096907E+03,  3.69468144835077E+03
 1.91441666700000E+03,  4.29717399236171E-01, -2.40425578750000E-01,  8.53296576205249E-01,  7.43500000000003E+01,  2.30770462620083E+03,  4.32163732193560E+03
 1.91450000000000E+03,  4.56538318950934E-01, -1.53551397500000E-02,  8.52716240677702E-01,  7.45300000000003E+01,  2.24411408174337E+03,  4.80702395834102E+03
 1.91458333300000E+03,  5.09110116537444E-01,  1.86903616500000E-01,  8.52105404636084E-01,  7.47100000000003E+01,  1.84453169955296E+03,  5.32709420069311E+03
 1.91466666700000E+03,  6.08133841155594E-01,  1.70369809250000E-01,  8.51464248589137E-01,  7.48900000000003E+01,  1.28100216488192E+03,  5.17662694992020E+03
 1.91475000000000E+03,  6.57701288472526E-01,  9.53276630000000E-02,  8.50792969874981E-01,  7.50700000000003E+01,  1.25472118096570E+03,  6.44552517957704E+03
 1.91483333300000E+03,  6.19806730234596E-01,  3.45279720000000E-01,  8.52095578738484E-01,  7.52500000000003E+01,  1.92829823113728E+03,  1.07148411508746E+04
 1.91491666700000E+03,  6.43204744102439E-01,  9.78715418500000E-01,  8.51453948508636E-01,  7.54300000000003E+01,  2.69224412555142E+03,  1.39529051442592E+04
 1.91500000000000E+03,  7.39176656980248E-01,  1.63636592025000E+00,  8.50782198843378E-01,  7.56100000000004E+01,  3.32652192355941E+03,  1.47343448232436E+04
 1.91508333300000E+03,  8.43212660748128E-01,  2.00540289625000E+00,  8.50080544466765E-01,  7.57900000000004E+01,  4.07850838680428E+03,  1.72760309740537E+04
 1.91516666700000E+03,  9.71821051045874E-01,  2.04053849125000E+00,  8.49349217505646E-01,  7.59700000000004E+01,  4.43914745779920E+03,  1.94586430537340E+04
 1.91525000000000E+03,  6.23427386234932E-01,  1.76018941700000E+00,  8.48588467770027E-01,  7.61500000000004E+01,  3.83153935446700E+03,  1.63634419305667E+04
 1.91533333300000E+03, -2.67382890385251E-01,  1.15187093050000E+00,  4.64084802722949E-01,  7.63300000000004E+01,  3.05584483279196E+03,  1.26147072240062E+04
 1.91541666700000E+03, -7.66337330963408E-01,  2.92068467750000E-01,  4.64549209084927E-01,  7.65100000000004E+01,  2.63278035030528E+03,  1.22485992245287E+04
 1.91550000000000E+03, -8.38585656592706E-01, -4.98031283500000E-01,  4.65018573350743E-01,  7.66900000000004E+01,  1.84307937288532E+03,  1.04220767889913E+04
 1.91558333300000E+03, -9.23391888316752E-01, -8.85296129750000E-01,  4.65492930404444E-01,  7.68700000000004E+01,  8.72977474571890E+02,  6.10158272565318E+03
 1.91566666700000E+03, -9.91983423508139E-01, -9.94315034000000E-01,  4.65972315217515E-01,  7.70500000000004E+01,  5.94310217130697E+02,  4.34255987668374E+03
 1.91575000000000E+03, -1.08046454499362E+00, -1.10054745775000E+00,  4.66456762846113E-01,  7.72300000000004E+01,  6.69462359806652E+02,  4.93238631131135E+03
 1.91583333300000E+03, -1.17198079456685E+00, -1.12133106650000E+00,  4.72746696720606E-01,  7.74100000000004E+01,  4.84871088972590E+02,  4.14013986342246E+03
 1.91591666700000E+03, -1.16332722460102E+00, -9.06993480500000E-01,  4.73300876376146E-01,  7.75900000000004E+01,  2.61917844874251E+02,  2.73871682519703E+03
 1.91600000000000E+03, -1.08769754579296E+00, -6.47318859250000E-01,  4.73860621279449E-01,  7.77700000000004E+01,  3.47033560263444E+02,  2.79206010335683E+03
 1.91608333300000E+03, -1.00339328046110E+00, -6.92429526000000E-01,  4.74425967376600E-01,  7.79500000000004E+01,  1.02045142525094E+03,  3.41645943286244E+03
 1.91616666700000E+03, -8.94815078355481E-01, -1.06927961850000E+00,  4.74996950642967E-01,  7.81300000000005E+01,  2.63392204414956E+03,  4.51923324291602E+03
 1.91625000000000E+03, -7.93067836167192E-01, -1.49689521800000E+00,  4.75573607079044E-01,  7.83100000000005E+01,  4.77706829793206E+03,  7.15379359592100E+03
 1.91633333300000E+03, -7.73554197142177E-01, -1.77720181125000E+00,  1.45619397190288E-01,  7.84900000000005E+01,  6.33922822913219E+03,  9.50085123470098E+03
 1.91641666700000E+03, -8.83622370106046E-01, -1.92365797450000E+00,  1.47065283191441E-01,  7.86700000000005E+01,  7.01582222096477E+03,  9.93210248606997E+03
 1.91650000000000E+03, -1.09797501171206E+00, -2.13201640425000E+00,  1.48534219751459E-01,  7.88500000000005E+01,  7.01343474426376E+03,  9.93634087025424E+03
 1.91658333300000E+03, -1.33197167576397E+00, -2.43772080700000E+00,  1.50025154408030E-01,  7.90300000000005E+01,  5.91191539428616E+03,  9.26700669106276E+03
 1.91666666700000E+03, -1.47819373239045E+00, -2.52752898850000E+00,  1.51537001635950E-01,  7.92100000000005E+01,  4.02126588119067E+03,  6.38180949400247E+03
 1.91675000000000E+03, -1.47086389297290E+00, -2.32968399550000E+00,  1.53068642817624E-01,  7.93900000000005E+01,  2.72435381459835E+03,  3.54411012777275E+03
 1.91683333300000E+03, -1.32080673326897E+00, -2.16508410325000E+00,  1.54571669976853E-01,  7.95700000000005E+01,  2.26450726711983E+03,  3.00819505376881E+03
 1.91691666700000E+03, -1.08753586788261E+00, -2.12016874125000E+00,  1.56138899396716E-01,  7.97500000000005E+01,  1.98324947313197E+03,  3.16743601646631E+03
 1.91700000000000E+03, -8.53638971871320E-01, -1.98188435325000E+00,  1.57722405859647E-01,  7.99300000000005E+01,  2.13683192256843E+03,  3.18315919178241E+03
 1.91708333300000E+03, -6.97783235619290E-01, -1.64357807775000E+00,  1.59320939608639E-01,  8.01100000000005E+01,  2.96678059864374E+03,  3.90177429335087E+03
 1.91716666700000E+03, -6.37699626627446E-01, -1.17431930275000E+00,  1.60933218046666E-01,  8.02900000000005E+01,  3.50285216067049E+03,  4.67376101247774E+03
 1.91725000000000E+03, -6.07024069511301E-01, -7.59084754250000E-01,  1.62557925873796E-01,  8.04700000000005E+01,  3.29928158712783E+03,  5.15615562862080E+03
 1.91733333300000E+03, -5.65067751653171E-01, -6.43388367750000E-01,  1.14983105466775E-01,  8.06500000000005E+01,  3.13912615546720E+03,  5.54924927395477E+03
 1.91741666700000E+03, -5.49421890252946E-01, -8.52551650750000E-01,  1.14914218307062E-01,  8.08300000000006E+01,  2.64537032689878E+03,  4.84302599528968E+03
 1.91750000000000E+03, -5.69634032132259E-01, -1.06709448300000E+00,  1.14885857040468E-01,  8.10100000000006E+01,  1.60445673592810E+03,  4.65553498205255E+03
 1.91758333300000E+03, -5.92456757265043E-01, -1.00673662850000E+00,  1.14898107954897E-01,  8.11900000000006E+01,  2.71464874361854E+03,  7.87389634243478E+03
 1.91766666700000E+03, -5.91249718922974E-01, -7.23393522750000E-01,  1.14951038787693E-01,  8.13700000000006E+01,  6.35847038382487E+03,  1.15359861900705E+04
 1.91775000000000E+03, -5.68346191976830E-01, -5.05621860500000E-01,  1.15044698258752E-01,  8.15500000000006E+01,  8.46382100206662E+03,  1.20608263780427E+04
 1.91783333300000E+03, -5.54004858106847E-01, -5.75032070750000E-01,  1.15845759335039E-01,  8.17300000000006E+01,  8.42890312481615E+03,  1.17182761779956E+04
 1.91791666700000E+03, -5.68156614587224E-01, -8.06551254500000E-01,  1.16145846475504E-01,  8.19100000000006E+01,  8.52277777270193E+03,  1.10442983714429E+04
 1.91800000000000E+03, -6.06170229857313E-01, -9.33202518500000E-01,  1.16486523153485E-01,  8.20900000000006E+01,  7.12733762324690E+03,  7.27112128428094E+03
 1.91808333300000E+03, -6.45097587507364E-01, -8.24055458500000E-01,  1.16867690373734E-01,  8.22700000000006E+01,  3.50317172449602E+03,  2.59607899797104E+03
 1.91816666700000E+03, -6.60238880828773E-01, -4.84332076500000E-01,  1.17289226371040E-01,  8.24500000000006E+01,  1.15461602195020E+03,  1.07618795583848E+03
 1.91825000000000E+03, -4.41579989511029E-01, -6.02883697500000E-02,  1.17750986152853E-01,  8.26300000000006E+01,  1.04560237595456E+03,  1.40990167193767E+03
 1.91833333300000E+03,  9.42431207700889E-03,  3.58674066000000E-01,  4.96613017524073E-01,  8.28100000000006E+01,  9.95515374564158E+02,  1.23819722127897E+03
 1.91841666700000E+03,  2.75003295453608E-01,  8.25644161000000E-01,  4.95774367293188E-01,  8.29900000000006E+01,  6.37915309309936E+02,  1.30196268721789E+03
 1.91850000000000E+03,  3.28998240577120E-01,  1.15835356850000E+00,  4.94925337876577E-01,  8.31700000000006E+01,  6.84438949767331E+02,  1.65513567509196E+03
 1.91858333300000E+03,  3.65042839971418E-01,  1.03551378025000E+00,  4.94065870395553E-01,  8.33500000000006E+01,  8.60376734533232E+02,  1.46965791595750E+03
 1.91866666700000E+03,  3.86287695501410E-01,  5.93199003500000E-01,  4.93195906425405E-01,  8.35300000000007E+01,  8.53844556850001E+02,  2.36732805813889E+03
 1.91875000000000E+03,  2.64129576885420E-01,  1.90100383750000E-01,  4.92315388015231E-01,  8.37100000000007E+01,  9.58668042238558E+02,  4.84270566261125E+03
 1.91883333300000E+03, -5.33869218165338E-02, -1.34216512250000E-01,  4.88991238913577E-01,  8.38900000000007E+01,  1.30766798364409E+03,  6.29104526077454E+03
 1.91891666700000E+03, -3.64799813540296E-01, -4.36605472500000E-01,  4.88060664173296E-01,  8.40700000000007E+01,  1.58882149103911E+03,  6.97886201578423E+03
 1.91900000000000E+03, -6.00771112194976E-01, -7.12330364750000E-01,  4.87119216290390E-01,  8.42500000000007E+01,  1.82337649079511E+03,  8.49782349633583E+03
 1.91908333300000E+03, -7.89152661827610E-01, -9.80911039750000E-01,  4.86166841007873E-01,  8.44300000000007E+01,  2.16875140151631E+03,  8.38685499792008E+03
 1.91916666700000E+03, -8.89174488722449E-01, -1.12852699950000E+00,  4.85203484706208E-01,  8.46100000000007E+01,  2.16678823300254E+03,  6.00688466124983E+03
 1.91925000000000E+03, -8.44597610738438E-01, -9.56512287000000E-01,  4.84229094426171E-01,  8.47900000000007E+01,  1.66792943076147E+03,  4.58241939812229E+03
 1.91933333300000E+03, -6.98686570365752E-01, -5.27236892250000E-01,  1.18207766926352E-01,  8.49700000000007E+01,  1.26606233752792E+03,  3.99955290638580E+03
 1.91941666700000E+03, -6.18872924204340E-01, -2.37173254750000E-01,  1.17715952320118E-01,  8.51500000000007E+01,  1.06743187686531E+03,  2.65851328583116E+03
 1.91950000000000E+03, -6.23216223262352E-01, -3.34762655500000E-01,  1.17262707091440E-01,  8.53300000000007E+01,  7.40507565776566E+02,  1.73309177110427E+03
 1.91958333300000E+03, -6.34113220575653E-01, -6.16230075000000E-01,  1.16848286919893E-01,  8.55100000000007E+01,  4.85102925835645E+02,  1.47226873196270E+03
 1.91966666700000E+03, -6.26822305553550E-01, -8.30190288000000E-01,  1.16472933810771E-01,  8.56900000000007E+01,  5.50829997546381E+02,  1.09912680662598E+03
 1.91975000000000E+03, -6.04528282226423E-01, -9.01291544250000E-01,  1.16136875651627E-01,  8.58700000000007E+01,  6.57109443373327E+02,  1.25950792773468E+03
 1.91983333300000E+03, -5.87340485972739E-01, -8.24193465000000E-01,  1.16672576699381E-01,  8.60500000000008E+01,  6.92008756883486E+02,  1.89443268358171E+03
 1.91991666700000E+03, -5.85857830885204E-01, -7.30736313250000E-01,  1.16315082350119E-01,  8.62300000000008E+01,  9.23437973288960E+02,  2.46871533611194E+03
 1.92000000000000E+03, -6.01443523964076E-01, -7.30138520000000E-01,  1.15996981883439E-01,  8.64100000000008E+01,  1.24464512053401E+03,  3.69691710817137E+03
 1.92008333300000E+03, -6.16966348671399E-01, -7.95989124750000E-01,  1.15718481843920E-01,  8.65900000000008E+01,  1.26062462628018E+03,  5.08409539579642E+03
 1.92016666700000E+03, -6.19205526676629E-01, -9.62142847000000E-01,  1.15479773555581E-01,  8.67700000000008E+01,  1.09698553424637E+03,  5.04426900131207E+03
 1.92025000000000E+03, -4.98347480146106E-01, -1.23817627525000E+00,  1.15281032667565E-01,  8.69500000000008E+01,  1.24613648476771E+03,  4.40329711107341E+03
 1.92033333300000E+03, -4.35829237675119E-01, -1.47960756100000E+00,  1.71343814110571E-01,  8.71300000000008E+01,  1.48996549998359E+03,  4.15151213869226E+03
 1.92041666700000E+03, -6.79990596940539E-01, -1.50738182225000E+00,  1.67969801311945E-01,  8.73100000000008E+01,  1.33809779103739E+03,  3.06114322079356E+03
 1.92050000000000E+03, -7.96180733461548E-01, -1.28480348250000E+00,  1.64486375630406E-01,  8.74900000000008E+01,  1.77402188113965E+03,  2.40649095765688E+03
 1.92058333300000E+03, -7.27240245282027E-01, -1.03468963600000E+00,  1.60894282364275E-01,  8.76700000000008E+01,  3.46276123649280E+03,  4.82198640998367E+03
 1.92066666700000E+03, -9.47500861326591E-01, -1.00471532100000E+00,  1.57194386666986E-01,  8.78500000000008E+01,  4.43540015302615E+03,  7.54610478847063E+03
 1.92075000000000E+03, -1.16722868899235E+00, -1.12345713850000E+00,  1.53387675389051E-01,  8.80300000000008E+01,  3.97753295806156E+03,  7.61511862015258E+03
 1.92083333300000E+03, -9.82628038024150E-01, -1.17724150425000E+00,  1.47805613320248E-01,  8.82100000000008E+01,  3.99348186623964E+03,  7.55931788870194E+03
 1.92091666700000E+03, -8.43323343646851E-01, -1.20950131300000E+00,  1.43745371780025E-01,  8.83900000000008E+01,  3.90089342874137E+03,  7.56424725811918E+03
 1.92100000000000E+03, -8.99076944305975E-01, -1.31762285050000E+00,  1.38624697216944E-01,  8.85700000000008E+01,  2.23498819848690E+03,  4.76851246306151E+03
 1.92108333300000E+03, -7.43703065982707E-01, -1.34986366675000E+00,  1.33393828991034E-01,  8.87500000000009E+01,  1.14538481118460E+03,  2.19435509871163E+03
 1.92116666700000E+03, -5.41546115799993E-01, -1.28953594200000E+00,  1.28058795955787E-01,  8.89300000000009E+01,  2.00969808419497E+03,  3.86041482111287E+03
 1.92125000000000E+03, -5.28877712185177E-01, -1.32989310675000E+00,  1.14979044131880E-01,  8.91100000000009E+01,  2.96787422566806E+03,  6.50415651634025E+03
 1.92133333300000E+03, -5.44233134886285E-01, -1.43007834400000E+00,  1.14889991686363E-01,  8.92900000000009E+01,  3.62811083461358E+03,  7.40802112532545E+03
 1.92141666700000E+03, -5.41847726900269E-01, -1.40087183175000E+00,  1.15081210568436E-01,  8.94700000000009E+01,  5.06625274938915E+03,  9.06986240235357E+03
 1.92150000000000E+03, -5.69890654748536E-01, -1.15279688325000E+00,  1.15542975557172E-01,  8.96500000000009E+01,  6.20274794996451E+03,  1.05472907682649E+04
 1.92158333300000E+03, -6.11720950956798E-01, -7.32562520000000E-01,  1.16265053850343E-01,  8.98300000000009E+01,  5.60806266498241E+03,  8.72264393269210E+03
 1.92166666700000E+03, -6.63071602085144E-01, -4.36037398750000E-01,  1.17236744384358E-01,  9.00100000000009E+01,  4.56484688475076E+03,  6.20034904773308E+03
 1.92175000000000E+03, -7.14032514703198E-01, -5.67181746750000E-01,  1.19840209068487E-01,  9.01900000000009E+01,  4.13474927195581E+03,  4.98438180938996E+03
 1.92183333300000E+03, -7.24522211150735E-01, -1.00161781350000E+00,  1.21486496412155E-01,  9.03700000000009E+01,  2.93706057178676E+03,  3.10437845327934E+03
 1.92191666700000E+03, -6.78314506627761E-01, -1.40480154150000E+00,  1.23336047614138E-01,  9.05500000000009E+01,  1.64999851196157E+03,  2.73573223389810E+03
 1.92200000000000E+03, -5.87752408670657E-01, -1.60484387750000E+00,  1.25376417859431E-01,  9.07300000000009E+01,  2.66242460450713E+03,  6.00668870116457E+03
 1.92208333300000E+03, -4.94307504621779E-01, -1.48536369150000E+00,  1.27594927653379E-01,  9.09100000000009E+01,  4.19032691796693E+03,  8.76899404707623E+03
 1.92216666700000E+03, -4.86519724747007E-01, -1.04133825175000E+00,  1.29978700723060E-01,  9.10900000000009E+01,  3.99118556415037E+03,  9.41363640262433E+03
 1.92225000000000E+03, -5.38216361493913E-01, -5.44495253500000E-01,  1.14899486030664E-01,  9.12700000000009E+01,  3.89027693356939E+03,  9.96875247200469E+03
 1.92233333300000E+03, -5.39397352872325E-01, -2.41365996000000E-01,  1.14949909124113E-01,  9.14500000000010E+01,  4.09015788818162E+03,  8.81903975946870E+03
 1.92241666700000E+03, -5.32570161124431E-01, -1.37306526750000E-01,  1.15275870752477E-01,  9.16300000000010E+01,  2.77953181456381E+03,  5.13629723104711E+03
 1.92250000000000E+03, -5.69128573529362E-01, -1.45579515000000E-01,  1.15867390339665E-01,  9.18100000000010E+01,  1.31140634838022E+03,  2.28801677819699E+03
 1.92258333300000E+03, -6.06913542249175E-01, -1.27202522500000E-01,  1.16713999105110E-01,  9.19900000000010E+01,  1.28783383212232E+03,  1.78461125868370E+03
 1.92266666700000E+03, -6.35158360057073E-01, -6.55592220000000E-02,  1.17804779465817E-01,  9.21700000000010E+01,  1.70028488934358E+03,  2.03062480474704E+03
 1.92275000000000E+03, -6.68843071874061E-01, -1.98254462500000E-01,  1.18690849778013E-01,  9.23500000000010E+01,  1.90639400093209E+03,  2.23714053564355E+03
 1.92283333300000E+03, -6.97811388286811E-01, -5.11451623500000E-01,  1.20167853856819E-01,  9.25300000000010E+01,  2.24507778737069E+03,  2.90764160665916E+03
 1.92291666700000E+03, -7.03516912340619E-01, -6.02276211250000E-01,  1.21857766656294E-01,  9.27100000000010E+01,  2.63171646771031E+03,  3.61206123895443E+03
 1.92300000000000E+03, -6.71385158310174E-01, -3.87953138750000E-01,  1.23748356007930E-01,  9.28900000000010E+01,  2.62930250822910E+03,  3.46788988217389E+03
 1.92308333300000E+03, -5.80567255472466E-01, -2.16205155500000E-01,  1.25827124737391E-01,  9.30700000000010E+01,  2.11648575548388E+03,  3.14444641238381E+03
 1.92316666700000E+03, -5.01146693729298E-01, -1.28403660250000E-01,  1.28081348981270E-01,  9.32500000000010E+01,  1.60752586650804E+03,  3.02536666409485E+03
 1.92325000000000E+03, -4.71724537927206E-01,  6.68836657500000E-02, -1.91260830889449E-01,  9.34300000000010E+01,  1.30237686675330E+03,  2.41469991691098E+03
 1.92333333300000E+03, -4.45520674511864E-01,  2.36941064250000E-01, -1.89064720191982E-01,  9.36100000000010E+01,  8.30494455628652E+02,  1.83397540419402E+03
 1.92341666700000E+03, -5.27221288295362E-01,  2.69032317750000E-01, -1.86688137029272E-01,  9.37900000000010E+01,  3.98752416283536E+02,  1.59356333255322E+03
 1.92350000000000E+03, -7.79331963270010E-01,  2.23108193000000E-01, -1.84133614457703E-01,  9.39700000000011E+01,  3.38706147846420E+02,  1.24074448328686E+03
 1.92358333300000E+03, -1.02046849589216E+00,  3.20252642500000E-02, -1.81403939300215E-01,  9.41500000000011E+01,  4.22558545766830E+02,  1.64125030365191E+03
 1.92366666700000E+03, -1.01186817783465E+00, -3.22376936000000E-01, -1.78502141363929E-01,  9.43300000000011E+01,  7.02859500734851E+02,  2.79536573297281E+03
 1.92375000000000E+03, -9.08391304727476E-01, -6.39430523250000E-01, -1.72516302143178E-01,  9.45100000000011E+01,  1.30549801271224E+03,  3.38605458237662E+03
 1.92383333300000E+03, -1.07960212290803E+00, -7.54400239500000E-01, -1.69134087632972E-01,  9.46900000000011E+01,  1.76923415306457E+03,  3.59559669440359E+03
 1.92391666700000E+03, -1.26468351710245E+00, -7.46316225500000E-01, -1.65593694130485E-01,  9.48700000000011E+01,  1.85235596656979E+03,  3.61719718518901E+03
 1.92400000000000E+03, -1.04859755734735E+00, -6.59265402500000E-01, -1.61899183323045E-01,  9.50500000000011E+01,  1.73982964176678E+03,  2.86075410181426E+03
 1.92408333300000E+03, -7.69988581157562E-01, -4.70979746750000E-01, -1.58054794458355E-01,  9.52300000000011E+01,  1.32143656059671E+03,  1.85653229408467E+03
 1.92416666700000E+03, -7.72543863579358E-01, -4.03054093500000E-01, -1.54064933180356E-01,  9.54100000000011E+01,  6.43377778054897E+02,  1.20746244288859E+03
 1.92425000000000E+03, -8.46857089017490E-01, -6.43341150750000E-01, -1.49609380204756E-01,  9.55900000000011E+01,  2.17987084460758E+02,  7.90372927417799E+02
 1.92433333300000E+03, -7.90154735622427E-01, -1.08996547750000E+00, -1.52838267331402E-01,  9.57700000000011E+01,  1.52792519326075E+02,  7.84663585684244E+02
 1.92441666700000E+03, -6.44913180243246E-01, -1.52413971000000E+00, -1.56043786050332E-01,  9.59500000000011E+01,  1.73293769792541E+02,  1.16047540553901E+03
 1.92450000000000E+03, -7.25994826080041E-01, -1.66222114675000E+00, -1.59215259080376E-01,  9.61300000000011E+01,  1.80052900235401E+02,  1.40761347382654E+03
 1.92458333300000E+03, -1.10636174551316E+00, -1.42562556150000E+00, -1.62342278498048E-01,  9.63100000000011E+01,  1.76352861324145E+02,  1.62183092932301E+03
 1.92466666700000E+03, -1.40262771192639E+00, -1.16891473775000E+00, -1.65414721836108E-01,  9.64900000000011E+01,  1.77739633802972E+02,  1.98482124704988E+03
 1.92475000000000E+03, -1.40683409523518E+00, -1.11044115725000E+00, -1.65116432154830E-01,  9.66700000000012E+01,  1.63337133008079E+02,  1.95121562384254E+03
 1.92483333300000E+03, -1.17455947954593E+00, -1.06539013025000E+00, -1.68131211104467E-01,  9.68500000000012E+01,  8.22556141263303E+02,  2.61832479350985E+03
 1.92491666700000E+03, -8.91572679068424E-01, -9.59742816750000E-01, -1.71073001271019E-01,  9.70300000000012E+01,  3.05441436640839E+03,  6.03637588818396E+03
 1.92500000000000E+03, -8.19631387800405E-01, -8.70534730500000E-01, -1.73932589256349E-01,  9.72100000000012E+01,  5.33508104873083E+03,  9.89634652652601E+03
 1.92508333300000E+03, -9.71362896952678E-01, -7.92811885000000E-01, -1.76701099123796E-01,  9.73900000000012E+01,  5.93144605831483E+03,  1.09197517397032E+04
 1.92516666700000E+03, -6.52888351797738E-01, -6.77565292500000E-01, -1.79370002991788E-01,  9.75700000000012E+01,  6.18462740059256E+03,  1.08120730367239E+04
 1.92525000000000E+03,  1.84284652862774E-01, -4.39732910500000E-01,  2.15216962178192E-01,  9.77500000000012E+01,  6.14730804948947E+03,  9.99175357099853E+03
 1.92533333300000E+03,  5.35528966024292E-01, -5.41354885000000E-02,  2.16758517270979E-01,  9.79300000000012E+01,  4.06805463726475E+03,  6.10850228363851E+03
 1.92541666700000E+03,  4.76901420922410E-01,  3.72981737250000E-01,  2.18126725652924E-01,  9.81100000000012E+01,  1.88017523751309E+03,  2.23151644576312E+03
 1.92550000000000E+03,  5.34369461548008E-01,  7.33737654000000E-01,  2.19316701995410E-01,  9.82900000000012E+01,  1.73434693891264E+03,  2.28843469179758E+03
 1.92558333300000E+03,  6.64211859750156E-01,  9.81322372250000E-01,  2.20324006824592E-01,  9.84700000000012E+01,  1.84362495031772E+03,  3.71344298681550E+03
 1.92566666700000E+03,  8.67986412368757E-01,  1.13199349700000E+00,  2.21144645029661E-01,  9.86500000000012E+01,  1.33342662962963E+03,  4.44026834542000E+03
 1.92575000000000E+03,  1.10197203075081E+00,  1.27719431150000E+00,  2.22325484435708E-01,  9.88300000000012E+01,  1.34567020706784E+03,  6.02300637499543E+03
 1.92583333300000E+03,  1.22287134633630E+00,  1.47884524825000E+00,  2.22492568546376E-01,  9.90100000000012E+01,  1.63668320417354E+03,  7.35238299089605E+03
 1.92591666700000E+03,  1.20004467955472E+00,  1.73805155500000E+00,  2.22460654641882E-01,  9.91900000000012E+01,  1.38874881461693E+03,  6.37482795737490E+03
 1.92600000000000E+03,  1.10355879858169E+00,  2.01163206350000E+00,  2.22228073072678E-01,  9.93700000000013E+01,  1.00394253292755E+03,  5.12632994244663E+03
 1.92608333300000E+03,  9.74080682396428E-01,  2.17476638425000E+00,  2.21793568945637E-01,  9.95500000000013E+01,  1.14373298017511E+03,  4.87728426853997E+03
 1.92616666700000E+03,  1.01923813887662E+00,  2.19641983800000E+00,  2.21156294735740E-01,  9.97300000000013E+01,  1.13774599479129E+03,  3.41956425702525E+03
 1.92625000000000E+03,  1.12957150498717E+00,  2.14328384250000E+00, -9.39855374632056E-02,  9.99100000000013E+01,  9.40490110476150E+02,  2.22951017703110E+03
 1.92633333300000E+03,  1.06153973269738E+00,  1.99740515250000E+00, -8.85252726987074E-02,  1.00090000000001E+02,  2.65231844924748E+03,  4.62978407146580E+03
 1.92641666700000E+03,  1.26876286364288E+00,  1.85183916800000E+00, -8.29953752492175E-02,  1.00270000000001E+02,  5.56396922792272E+03,  7.28935743426449E+03
 1.92650000000000E+03,  1.50145670220094E+00,  1.88147013125000E+00, -7.74014760203550E-02,  1.00450000000001E+02,  6.44970087127478E+03,  7.07479127307664E+03
 1.92658333300000E+03,  1.51571933038771E+00,  1.90482945250000E+00, -7.17492057932949E-02,  1.00630000000001E+02,  6.29285809027851E+03,  7.05121331010661E+03
 1.92666666700000E+03,  1.73008480433138E+00,  1.62984130575000E+00, -6.60441868975546E-02,  1.00810000000001E+02,  6.55275791873628E+03,  7.11020087055047E+03
 1.92675000000000E+03,  1.61580101072989E+00,  1.23425089600000E+00, -5.28629209680178E-02,  1.00990000000001E+02,  4.95651265283870E+03,  4.49563143346734E+03
 1.92683333300000E+03,  1.25511403470947E+00,  9.50435702500000E-01, -4.70240570068491E-02,  1.01170000000001E+02,  2.05345653392577E+03,  2.25104285374799E+03
 1.92691666700000E+03,  1.04580481519294E+00,  6.31435246250000E-01, -4.11562327953078E-02,  1.01350000000001E+02,  9.23557932929905E+02,  2.99181286909114E+03
 1.92700000000000E+03,  8.95990654027549E-01,  3.06986116750000E-01, -3.52648985054087E-02,  1.01530000000001E+02,  9.71474500226800E+02,  3.81750190231892E+03
 1.92708333300000E+03,  8.36741688012627E-01,  2.16219294750000E-01, -2.93554496308105E-02,  1.01710000000001E+02,  5.92804585516315E+02,  3.70887663536812E+03
 1.92716666700000E+03,  5.06196811440313E-01,  2.07685202750000E-01, -2.34332206284187E-02,  1.01890000000001E+02,  4.11518539851673E+02,  4.36467452082309E+03
 1.92725000000000E+03,  3.24162746768918E-01,  6.61966242500000E-02, -4.53905990490687E-01,  1.02070000000001E+02,  9.27048161156241E+02,  4.58596274394167E+03
 1.92733333300000E+03,  6.44370559799842E-01, -5.78430052500000E-02, -4.46437088109068E-01,  1.02250000000001E+02,  1.58080917354121E+03,  3.43513295832799E+03
 1.92741666700000E+03,  7.87102199121244E-01, -1.23981295500000E-01, -4.38668823574686E-01,  1.02430000000001E+02,  2.07146286052446E+03,  3.67049231162272E+03
 1.92750000000000E+03,  7.07093315271065E-01, -2.48771465750000E-01, -4.30620960765006E-01,  1.02610000000001E+02,  2.66895685182253E+03,  5.34795391371217E+03
 1.92758333300000E+03,  7.74444757681252E-01, -2.96446292500000E-01, -4.22313940212207E-01,  1.02790000000001E+02,  3.08278488267921E+03,  5.26297864205095E+03
 1.92766666700000E+03,  7.55031511354915E-01, -9.24202325000000E-02, -4.13768789286764E-01,  1.02970000000001E+02,  2.68720588044836E+03,  4.66974440460640E+03
 1.92775000000000E+03,  8.27595240642820E-01,  2.85949277500000E-01, -4.03627949599866E-01,  1.03150000000001E+02,  2.00958793460196E+03,  5.48731261773208E+03
 1.92783333300000E+03,  1.35045753004746E+00,  6.06809642500000E-01, -3.94643271616337E-01,  1.03330000000001E+02,  1.57574285478490E+03,  4.88081818043335E+03
 1.92791666700000E+03,  1.56227048472346E+00,  7.24006558500000E-01, -3.85489658604916E-01,  1.03510000000001E+02,  9.55374882272580E+02,  2.83473769483314E+03
 1.92800000000000E+03,  1.22198087120216E+00,  7.41657736500000E-01, -3.76189631491231E-01,  1.03690000000001E+02,  3.46998328243008E+02,  2.40601553712731E+03
 1.92808333300000E+03,  9.95669484061038E-01,  7.40616465000000E-01, -3.66765850230774E-01,  1.03870000000001E+02,  3.28624788079423E+02,  2.45157172765171E+03
 1.92816666700000E+03,  9.61443507482133E-01,  4.93291016500000E-01, -3.57241032040466E-01,  1.04050000000001E+02,  6.88494819150153E+02,  1.81831045916941E+03
 1.92825000000000E+03,  9.36106018544285E-01, -8.81891067500000E-02, -3.65968324134991E-01,  1.04230000000001E+02,  9.50984647566165E+02,  2.20728555397646E+03
 1.92833333300000E+03,  9.91195943706610E-01, -6.61035419000000E-01, -3.56436043604656E-01,  1.04410000000001E+02,  9.63179515055240E+02,  3.06335549159238E+03
 1.92841666700000E+03,  9.10877725508407E-01, -8.41077480500000E-01, -3.46827326443917E-01,  1.04590000000001E+02,  1.04971656917719E+03,  3.00917967613304E+03
 1.92850000000000E+03,  5.02400575668255E-01, -5.00415484250000E-01, -3.37164756573726E-01,  1.04770000000001E+02,  1.32683103834886E+03,  2.91488190026289E+03
 1.92858333300000E+03,  3.74762614413533E-01,  6.88089595000000E-02, -3.27470738163638E-01,  1.04950000000001E+02,  1.27885816239006E+03,  3.17024896646694E+03
 1.92866666700000E+03,  6.77918127512460E-01,  3.66397226500000E-01, -3.17767424381134E-01,  1.05130000000001E+02,  9.76781756218894E+02,  2.84401288376694E+03
 1.92875000000000E+03,  5.53904762472060E-01,  2.56120662750000E-01, -3.20694472900938E-01,  1.05310000000001E+02,  9.24987281384139E+02,  2.01900990033245E+03
 1.92883333300000E+03, -1.44323880001824E-02,  4.16422932500000E-02, -3.10997636726090E-01,  1.05490000000001E+02,  8.51505601770615E+02,  1.73992591060433E+03
 1.92891666700000E+03, -3.09869528988031E-01,  1.60293975000000E-02, -3.01328361890815E-01,  1.05670000000001E+02,  5.04979895331200E+02,  1.79517118010225E+03
 1.92900000000000E+03, -3.11127822403582E-01,  1.33061655000000E-01, -2.91707792877349E-01,  1.05850000000002E+02,  2.37571574133472E+02,  1.27538958599691E+03
 1.92908333300000E+03, -3.31497758570335E-01,  1.96166273500000E-01, -2.82156586990406E-01,  1.06030000000002E+02,  1.57000664460518E+02,  6.10047665569124E+02
 1.92916666700000E+03, -2.89609773666360E-01,  1.63824651250000E-01, -2.72694858404619E-01,  1.06210000000002E+02,  3.94816452680468E+02,  5.24405225364969E+02
 1.92925000000000E+03, -3.34237211491108E-02,  1.67169172000000E-01, -1.44726678973112E-01,  1.06390000000002E+02,  1.78362380067632E+03,  1.53559183531733E+03
 1.92933333300000E+03,  1.49884010661402E-01,  3.62844827500000E-01, -1.40300562214520E-01,  1.06570000000002E+02,  4.25098956590366E+03,  4.01997388143268E+03
 1.92941666700000E+03,  3.18104675871873E-01,  6.74642427750000E-01, -1.35749126066245E-01,  1.06750000000002E+02,  5.87881744863090E+03,  6.33563665800079E+03
 1.92950000000000E+03,  6.00347022030867E-01,  8.75363007000000E-01, -1.31077465307656E-01,  1.06930000000002E+02,  6.04298663836277E+03,  7.00065236086755E+03
 1.92958333300000E+03,  7.34219495046347E-01,  9.75293421750000E-01, -1.26290773244907E-01,  1.07110000000002E+02,  6.03379738206878E+03,  6.89435183710244E+03
 1.92966666700000E+03,  7.34434397870603E-01,  1.05222923725000E+00, -1.21394331214426E-01,  1.07290000000002E+02,  5.25512323116396E+03,  5.79890814961858E+03
 1.92975000000000E+03,  7.42838312383170E-01,  1.00730474200000E+00, -1.24458303291248E-01,  1.07470000000002E+02,  2.89685885858120E+03,  3.28914723323347E+03
 1.92983333300000E+03,  7.67040189039043E-01,  8.40524187250000E-01, -1.19521891767467E-01,  1.07650000000002E+02,  1.30051348637104E+03,  1.70254557845484E+03
 1.92991666700000E+03,  7.66682838315632E-01,  6.56214489250000E-01, -1.14483126745397E-01,  1.07830000000002E+02,  1.72456150699344E+03,  2.13452464511459E+03
 1.93000000000000E+03,  8.00841085925349E-01,  4.53065117250000E-01, -1.09347457631731E-01,  1.08010000000002E+02,  2.29054797465634E+03,  2.91228039500381E+03
 1.93008333300000E+03,  7.00359062321883E-01,  2.61717967500000E-01, -1.04120387675056E-01,  1.08190000000002E+02,  2.39523334953042E+03,  3.28916255259867E+03
 1.93016666700000E+03,  1.10909898026621E-01,  1.91756378750000E-01, -9.88074642624167E-02,  1.08370000000002E+02,  2.90552396860866E+03,  3.35469721726839E+03
 1.93025000000000E+03, -4.89015905870289E-01,  2.60767781250000E-01, -1.52884372275740E-01,  1.08550000000002E+02,  3.33347564003504E+03,  2.77992080863283E+03
 1.93033333300000E+03, -3.24819151726070E-01,  3.92279848750000E-01, -1.46992066087411E-01,  1.08730000000002E+02,  2.92556072440963E+03,  2.03842918106042E+03
 1.93041666700000E+03,  9.13634310284170E-02,  4.69656505750000E-01, -1.41411424344362E-01,  1.08910000000002E+02,  2.23819876030142E+03,  1.85179446027968E+03
 1.93050000000000E+03,  3.09400547867722E-01,  4.53334124500000E-01, -1.36147285734295E-01,  1.09090000000002E+02,  1.76107277604682E+03,  1.77744722547751E+03
 1.93058333300000E+03,  5.67793012641105E-01,  5.07839169750000E-01, -1.31203553796317E-01,  1.09270000000002E+02,  1.17231588933381E+03,  2.07166213860086E+03
 1.93066666700000E+03,  7.66567267710946E-01,  7.18620333000000E-01, -1.26583207859628E-01,  1.09450000000002E+02,  1.31920745436001E+03,  4.53591349958356E+03
 1.93075000000000E+03,  8.31835191017532E-01,  9.18012596750000E-01, -1.17967715353462E-01,  1.09630000000002E+02,  3.61617338021426E+03,  8.73943534383845E+03
 1.93083333300000E+03,  7.92763180774275E-01,  1.06392286700000E+00, -1.14356756155206E-01,  1.09810000000002E+02,  6.62068198011487E+03,  1.18177939354165E+04
 1.93091666700000E+03,  8.36441179402300E-01,  1.34029482725000E+00, -1.11072064747728E-01,  1.09990000000002E+02,  8.04125504101866E+03,  1.30275214260861E+04
 1.93100000000000E+03,  1.00175615487801E+00,  1.76257755750000E+00, -1.08112167909924E-01,  1.10170000000002E+02,  8.29509205685879E+03,  1.28427480037186E+04
 1.93108333300000E+03,  9.77788887653795E-01,  2.11223904075000E+00, -1.05474782812988E-01,  1.10350000000002E+02,  7.70979160493462E+03,  1.02744243066242E+04
 1.93116666700000E+03,  9.41119296308849E-01,  2.22601459325000E+00, -1.03156842413659E-01,  1.10530000000002E+02,  5.40262620000305E+03,  5.82062037935327E+03
 1.93125000000000E+03,  1.24989454086457E+00,  2.05635071850000E+00, -7.11452586498242E-01,  1.10710000000002E+02,  2.54905317237025E+03,  2.27023302707301E+03
 1.93133333300000E+03,  1.46421101050100E+00,  1.66638633750000E+00, -6.98750834785054E-01,  1.10890000000002E+02,  1.11350402481112E+03,  9.10842253809944E+02
 1.93141666700000E+03,  1.14786824908967E+00,  1.19565011000000E+00, -6.85774606106898E-01,  1.11070000000002E+02,  8.65393992555702E+02,  8.77791422886998E+02
 1.93150000000000E+03,  6.31744037260441E-01,  6.61375332750000E-01, -6.72582831236947E-01,  1.11250000000002E+02,  7.84216323013714E+02,  1.29832231297611E+03
 1.93158333300000E+03,  3.33078172819947E-01,  5.59756775000000E-02, -6.59234864106895E-01,  1.11430000000002E+02,  6.22324664911789E+02,  1.61829527654809E+03
 1.93166666700000E+03,  1.26272102609738E-01, -4.98259096750000E-01, -6.45790095036944E-01,  1.11610000000002E+02,  3.92523492529763E+02,  1.63023952193596E+03
 1.93175000000000E+03, -2.21273000605706E-01, -8.57706236750000E-01, -6.30483613814179E-01,  1.11790000000002E+02,  1.58679205527546E+02,  2.33980588284505E+03
 1.93183333300000E+03, -5.07854849632109E-01, -8.17087430500000E-01, -6.17028910727495E-01,  1.11970000000002E+02,  1.52160933301988E+02,  4.07756756252255E+03
 1.93191666700000E+03, -5.90231173069142E-01, -3.24802934250000E-01, -6.03659767645294E-01,  1.12150000000002E+02,  4.84279274395587E+02,  5.12534347177993E+03
 1.93200000000000E+03, -6.35562725404912E-01,  1.42085062000000E-01, -5.90431902992904E-01,  1.12330000000002E+02,  8.64259398687559E+02,  5.40612445963330E+03
 1.93208333300000E+03, -8.38682944849500E-01,  1.77354729500000E-01, -5.77399308810103E-01,  1.12510000000002E+02,  9.78099531853297E+02,  6.13813099043577E+03
 1.93216666700000E+03, -5.70428298676211E-01,  2.48327327500000E-02, -5.64613963216116E-01,  1.12690000000002E+02,  9.77909220877417E+02,  5.77144671333053E+03
 1.93225000000000E+03,  2.57273055048818E-01, -5.14404672500000E-02, -6.83759162238994E-01,  1.12870000000002E+02,  9.79802695618360E+02,  3.70676683104913E+03
 1.93233333300000E+03,  4.54537966109397E-01, -1.33878630750000E-01, -6.70539509568512E-01,  1.13050000000002E+02,  7.40608246826376E+02,  2.30113066918913E+03
 1.93241666700000E+03,  1.43622834759166E-01, -2.26931162500000E-01, -6.57172801927167E-01,  1.13230000000002E+02,  4.30129028797890E+02,  1.76921811335923E+03
 1.93250000000000E+03, -7.84472594183725E-02, -2.47524950000000E-01, -6.43718401636035E-01,  1.13410000000002E+02,  5.15087096653052E+02,  1.49454996640337E+03
 1.93258333300000E+03, -3.35024607327737E-01, -2.83026786000000E-01, -6.30235275652175E-01,  1.13590000000002E+02,  7.56107297423389E+02,  2.21683196295356E+03
 1.93266666700000E+03, -5.27011865351127E-01, -4.93134134000000E-01, -6.16781636205126E-01,  1.13770000000002E+02,  7.29853587091224E+02,  2.81944059888751E+03
 1.93275000000000E+03, -5.85116116608622E-01, -8.66506031500000E-01, -6.17873035775848E-01,  1.13950000000002E+02,  7.17770537313852E+02,  2.66310084148749E+03
 1.93283333300000E+03, -6.29337048815907E-01, -1.16764177075000E+00, -6.04496854441263E-01,  1.14130000000002E+02,  9.69800794314413E+02,  3.42418479382315E+03
 1.93291666700000E+03, -7.07155771490672E-01, -1.28333206475000E+00, -5.91258495614702E-01,  1.14310000000002E+02,  1.27394017725971E+03,  4.49230105612056E+03
 1.93300000000000E+03, -8.91526265762162E-01, -1.44184623825000E+00, -5.78212068582329E-01,  1.14490000000002E+02,  1.62387860485939E+03,  4.36077031141145E+03
 1.93308333300000E+03, -1.19093497600415E+00, -1.83790763675000E+00, -5.65409686175015E-01,  1.14670000000002E+02,  2.07334698816631E+03,  4.42345389118794E+03
 1.93316666700000E+03, -1.32171755238494E+00, -2.31497949775000E+00, -5.52901197114311E-01,  1.14850000000002E+02,  2.23038480643643E+03,  5.20052350066161E+03
 1.93325000000000E+03, -1.12340507767814E+00, -2.59826036725000E+00, -1.81910279466402E-01,  1.15030000000002E+02,  1.92380860941798E+03,  4.72134606404943E+03
 1.93333333300000E+03, -9.92875866044386E-01, -2.61614602275000E+00, -1.74744507535900E-01,  1.15210000000002E+02,  1.68715200261904E+03,  3.14745818597715E+03
 1.93341666700000E+03, -1.07109879000104E+00, -2.35258162475000E+00, -1.67858411512226E-01,  1.15390000000002E+02,  1.57205022728853E+03,  2.30246150448586E+03
 1.93350000000000E+03, -9.75785298330719E-01, -1.78666334150000E+00, -1.61260950296544E-01,  1.15570000000002E+02,  1.11183353406561E+03,  1.70031620556947E+03
 1.93358333300000E+03, -7.84551360165123E-01, -1.21138391350000E+00, -1.54960131526528E-01,  1.15750000000002E+02,  1.31178408763396E+03,  1.46312867682487E+03
 1.93366666700000E+03, -7.81547374999641E-01, -8.72480013750000E-01, -1.48963010482700E-01,  1.15930000000002E+02,  3.06227693294897E+03,  3.61007026802063E+03
 1.93375000000000E+03, -6.39392954373995E-01, -5.10062214750000E-01, -1.51601676087823E-01,  1.16110000000002E+02,  4.44972431777308E+03,  6.35306533847303E+03
 1.93383333300000E+03, -1.50309467762393E-01,  7.46282712500000E-02, -1.45775394532643E-01,  1.16290000000002E+02,  4.55292039790013E+03,  6.88451408342095E+03
 1.93391666700000E+03,  1.98059997661582E-01,  6.50798656750000E-01, -1.40261888427181E-01,  1.16470000000002E+02,  5.19944636428239E+03,  7.08671945663021E+03
 1.93400000000000E+03,  4.26651086950872E-01,  8.83265987250000E-01, -1.35065796201884E-01,  1.16650000000002E+02,  5.77276690055343E+03,  7.15879659949608E+03
 1.93408333300000E+03,  6.87975826608430E-01,  6.59868262750000E-01, -1.30190823260370E-01,  1.16830000000002E+02,  4.35114791542498E+03,  4.67665697876657E+03
 1.93416666700000E+03,  8.25841089653825E-01,  3.68792060500000E-01, -1.25639753450150E-01,  1.17010000000002E+02,  2.67128488402712E+03,  2.35485906084032E+03
 1.93425000000000E+03,  9.28531564284547E-01,  4.94427889750000E-01, -4.24652029998692E-01,  1.17190000000002E+02,  2.53333914746276E+03,  3.19224941127998E+03
 1.93433333300000E+03,  8.71634983333569E-01,  9.21820657000000E-01, -4.27943148439649E-01,  1.17370000000002E+02,  2.73907509156251E+03,  4.53583541783062E+03
 1.93441666700000E+03,  7.75208567071410E-01,  1.33002585800000E+00, -4.31554233016139E-01,  1.17550000000002E+02,  2.77487092025907E+03,  4.83039981015925E+03
 1.93450000000000E+03,  8.35129270641392E-01,  1.62873716400000E+00, -4.35448536981406E-01,  1.17730000000002E+02,  3.30607737225858E+03,  5.30908530829086E+03
 1.93458333300000E+03,  8.24536709114031E-01,  1.65271617300000E+00, -4.39588653095895E-01,  1.17910000000002E+02,  3.73356215293406E+03,  5.14303312552332E+03
 1.93466666700000E+03,  6.56888069268788E-01,  1.29539162250000E+00, -4.43936710594727E-01,  1.18090000000002E+02,  3.38958381833618E+03,  3.65910114214983E+03
 1.93475000000000E+03,  3.91821075887277E-01,  7.89006084500000E-01, -4.52164780228510E-01,  1.18270000000002E+02,  3.00380960973595E+03,  2.51403798883278E+03
 1.93483333300000E+03,  2.16979672760398E-01,  3.90570285750000E-01, -4.56892009470277E-01,  1.18450000000002E+02,  2.83452350534272E+03,  1.95236052861428E+03
 1.93491666700000E+03,  2.41148860445590E-02,  2.13169248000000E-01, -4.61682397804312E-01,  1.18630000000002E+02,  2.17404299101175E+03,  1.43228593919691E+03
 1.93500000000000E+03, -4.49847951988836E-01,  3.50259421750000E-01, -4.66498450722497E-01,  1.18810000000002E+02,  1.94862792470445E+03,  3.00937569053501E+03
 1.93508333300000E+03, -7.36182605657034E-01,  6.83379579500000E-01, -4.71303254942682E-01,  1.18990000000002E+02,  3.40062236101684E+03,  6.87761901727865E+03
 1.93516666700000E+03, -3.81063337726291E-01,  8.49090973750000E-01, -4.76060635438896E-01,  1.19170000000002E+02,  4.77992471301628E+03,  9.10162499376276E+03
 1.93525000000000E+03,  3.27866747533628E-01,  7.45800635250000E-01, -7.34110109765317E-01,  1.19350000000002E+02,  4.66664365059731E+03,  9.08806915787100E+03
 1.93533333300000E+03,  8.66118861873828E-01,  6.41136534000000E-01, -7.32255776674315E-01,  1.19530000000002E+02,  4.47264684423248E+03,  9.14729791239699E+03
 1.93541666700000E+03,  1.06406508210657E+00,  6.49521539500000E-01, -7.31420599364465E-01,  1.19710000000002E+02,  4.34525746026062E+03,  7.65158325564026E+03
 1.93550000000000E+03,  9.98454955411237E-01,  6.81661868750000E-01, -7.31560872398157E-01,  1.19890000000002E+02,  3.05421149245290E+03,  4.02907164230460E+03
 1.93558333300000E+03,  7.32929664718202E-01,  8.63174124750000E-01, -7.32625379392020E-01,  1.20070000000002E+02,  1.39466823185391E+03,  2.17950146295651E+03
 1.93566666700000E+03,  4.64847063914713E-01,  1.27485631600000E+00, -7.34556016558590E-01,  1.20250000000002E+02,  6.90766085475236E+02,  2.66353728204279E+03
 1.93575000000000E+03,  5.16646981697641E-01,  1.57467601425000E+00, -7.37357751004421E-01,  1.20430000000002E+02,  7.12884889626201E+02,  2.78969907766067E+03
 1.93583333300000E+03,  8.04346347060575E-01,  1.53102730200000E+00, -7.40837578328795E-01,  1.20610000000002E+02,  6.91664685458625E+02,  2.58044572962842E+03
 1.93591666700000E+03,  8.30776789751293E-01,  1.40217213325000E+00, -7.44973004294683E-01,  1.20790000000002E+02,  4.29438849410003E+02,  2.43114221531896E+03
 1.93600000000000E+03,  6.97253672336670E-01,  1.51095379325000E+00, -7.49685245684818E-01,  1.20970000000002E+02,  3.60577959674350E+02,  1.58480235395435E+03
 1.93608333300000E+03,  6.82842594539893E-01,  1.91088957025000E+00, -7.54892238898001E-01,  1.21150000000002E+02,  6.28669084065377E+02,  1.19954013303517E+03
 1.93616666700000E+03,  6.27180093230215E-01,  2.39784004025000E+00, -7.60509401293367E-01,  1.21330000000002E+02,  8.01371110187698E+02,  2.13947148716280E+03
 1.93625000000000E+03,  6.97991178233687E-01,  2.58430511575000E+00, -7.38866279754701E-01,  1.21510000000002E+02,  7.91554061057515E+02,  2.63629369017203E+03
 1.93633333300000E+03,  8.51405137065888E-01,  2.32277780950000E+00, -7.42656102462631E-01,  1.21690000000002E+02,  7.97095694622564E+02,  2.53238997888375E+03
 1.93641666700000E+03,  7.79922257179100E-01,  2.10118131500000E+00, -7.47065873694273E-01,  1.21870000000002E+02,  6.94097902437171E+02,  3.35627295535751E+03
 1.93650000000000E+03,  7.10435776722306E-01,  2.27004639150000E+00, -7.52015212493029E-01,  1.22050000000002E+02,  3.80899916978980E+02,  3.66311966787121E+03
 1.93658333300000E+03,  7.21759506848291E-01,  2.26661563150000E+00, -7.57420806261797E-01,  1.22230000000002E+02,  1.84725900660962E+02,  2.47743407756073E+03
 1.93666666700000E+03,  7.24385023664396E-01,  1.57661490400000E+00, -7.63197172008913E-01,  1.22410000000002E+02,  3.09522889408294E+02,  2.33304240433747E+03
 1.93675000000000E+03,  6.13289544861688E-01,  6.60940182250000E-01, -7.64987131022539E-01,  1.22590000000002E+02,  5.94959196122676E+02,  3.10406981368372E+03
 1.93683333300000E+03,  3.49612340082829E-01,  1.15242691500000E-01, -7.71115388635925E-01,  1.22770000000002E+02,  1.35087232614763E+03,  2.65048962871403E+03
 1.93691666700000E+03,  3.89071107252519E-02, -1.10581724750000E-01, -7.77413697030868E-01,  1.22950000000002E+02,  2.54396070789925E+03,  2.45303511116662E+03
 1.93700000000000E+03, -4.10732948965245E-01, -8.36323257500000E-02, -7.83794704525124E-01,  1.23130000000002E+02,  3.00493577505338E+03,  3.24081095730371E+03
 1.93708333300000E+03, -7.98750958114364E-01,  3.14556799500000E-01, -7.90172029211015E-01,  1.23310000000002E+02,  2.84199203720130E+03,  2.98060627301511E+03
 1.93716666700000E+03, -4.86905624131906E-01,  6.60398649250000E-01, -7.96460927033244E-01,  1.23490000000002E+02,  3.08991944018942E+03,  2.24475845565802E+03
 1.93725000000000E+03,  3.47708062367358E-01,  5.19557041250000E-01, -4.47801217684300E-01,  1.23670000000002E+02,  2.91639215092991E+03,  2.40910521815319E+03
 1.93733333300000E+03,  7.87136328172594E-01,  3.20049211000000E-01, -4.41447774136987E-01,  1.23850000000002E+02,  1.92165854023863E+03,  2.28692234076534E+03
 1.93741666700000E+03,  7.83507833866188E-01,  5.05216651500000E-01, -4.35749144035888E-01,  1.24030000000002E+02,  1.52894248454191E+03,  1.58740265259462E+03
 1.93750000000000E+03,  7.73415839147962E-01,  8.55555445500000E-01, -4.30709293756850E-01,  1.24210000000002E+02,  1.66600239556758E+03,  1.63639970583629E+03
 1.93758333300000E+03,  8.75598570358989E-01,  1.08512578250000E+00, -4.26328657966793E-01,  1.24390000000002E+02,  1.20083162747689E+03,  2.07015475655091E+03
 1.93766666700000E+03,  8.71219269108922E-01,  1.14073214325000E+00, -4.22604221402289E-01,  1.24570000000002E+02,  7.42088795593459E+02,  1.78202981816563E+03
 1.93775000000000E+03,  6.29651047312947E-01,  9.33874159250000E-01, -4.21074547522110E-01,  1.24750000000002E+02,  1.22485122791231E+03,  1.54329774847481E+03
 1.93783333300000E+03,  4.27725197049744E-01,  4.78644115000000E-01, -4.18303106818962E-01,  1.24930000000002E+02,  1.69862973735259E+03,  1.74903335582205E+03
 1.93791666700000E+03,  4.90622228174292E-01,  7.80754607500000E-02, -4.16166281097418E-01,  1.25110000000002E+02,  1.54503041196944E+03,  1.41497063110302E+03
 1.93800000000000E+03,  7.24574946482864E-01, -1.40140075250000E-01, -4.14649939935517E-01,  1.25290000000002E+02,  2.75676561387264E+03,  2.02340566993700E+03
 1.93808333300000E+03,  9.23781931542780E-01, -2.97030682750000E-01, -4.13737056031525E-01,  1.25470000000002E+02,  5.50564176275907E+03,  5.01112075832616E+03
 1.93816666700000E+03,  5.66949801706849E-01, -3.65900322250000E-01, -4.13407863503795E-01,  1.25650000000002E+02,  6.53715913086369E+03,  7.28566402603215E+03
 1.93825000000000E+03, -3.28509186478982E-01, -2.92020093000000E-01, -8.36856793775422E-01,  1.25830000000002E+02,  6.15091185571735E+03,  7.37072068251544E+03
 1.93833333300000E+03, -8.10472577418907E-01, -6.91609557500000E-02, -8.34564163264624E-01,  1.26010000000002E+02,  6.68738541488054E+03,  7.41401225279015E+03
 1.93841666700000E+03, -7.86302727415543E-01,  2.86777307500000E-01, -8.31431651477400E-01,  1.26190000000002E+02,  5.87525849973201E+03,  6.36295651976852E+03
 1.93850000000000E+03, -6.90041200736499E-01,  5.52606345000000E-01, -8.27460447562066E-01,  1.26370000000002E+02,  2.94109719363001E+03,  3.13328578929927E+03
 1.93858333300000E+03, -7.83317814368786E-01,  6.05246064750000E-01, -8.22657681243933E-01,  1.26550000000002E+02,  1.62684532589260E+03,  1.12717047192290E+03
 1.93866666700000E+03, -1.01022303909786E+00,  5.62099087500000E-01, -8.17036230042137E-01,  1.26730000000002E+02,  2.05339069604748E+03,  1.54269728716657E+03
 1.93875000000000E+03, -1.11528755685299E+00,  3.23644881250000E-01, -8.06622904994892E-01,  1.26910000000002E+02,  1.77095547423320E+03,  2.03244721060721E+03
 1.93883333300000E+03, -1.08899943021270E+00, -1.30000536250000E-01, -7.98996213021988E-01,  1.27090000000002E+02,  1.36994354389642E+03,  2.23095740279522E+03
 1.93891666700000E+03, -7.06359414843367E-01, -3.58869040250000E-01, -7.90639852457555E-01,  1.27270000000002E+02,  1.47146083135339E+03,  2.51190366794852E+03
 1.93900000000000E+03, -1.66636745932763E-01, -1.57549966000000E-01, -7.81589594603616E-01,  1.27450000000002E+02,  1.13556765461544E+03,  2.25065111381410E+03
 1.93908333300000E+03,  1.87838548034433E-01,  7.14238055000000E-02, -7.71885324606847E-01,  1.27630000000002E+02,  6.73216286386226E+02,  2.17491154430590E+03
 1.93916666700000E+03,  3.90497910692489E-01, -3.50644402500000E-02, -7.61570673489594E-01,  1.27810000000002E+02,  9.98846078673244E+02,  2.77752695240456E+03
 1.93925000000000E+03,  4.04942752141293E-01, -3.55155292000000E-01, -7.37080661992685E-01,  1.27990000000002E+02,  1.39991828000018E+03,  2.76624808706306E+03
 1.93933333300000E+03,  4.98276404055607E-01, -6.43723355750000E-01, -7.34152529341927E-01,  1.28170000000002E+02,  1.34779387658944E+03,  2.88865784173625E+03
 1.93941666700000E+03,  7.82872761543325E-01, -8.34331697500000E-01, -7.32279729124664E-01,  1.28350000000002E+02,  2.66945699862155E+03,  5.15553386389951E+03
 1.93950000000000E+03,  9.57032584885250E-01, -7.04781407500000E-01, -7.31426790214816E-01,  1.28530000000002E+02,  5.58441039275754E+03,  7.75452108464628E+03
 1.93958333300000E+03,  9.02927112333144E-01,  6.05216510000000E-02, -7.31550146071297E-01,  1.28710000000002E+02,  7.10509659945847E+03,  8.41087938792086E+03
 1.93966666700000E+03,  6.85219788137499E-01,  1.13458846000000E+00, -7.32598708540807E-01,  1.28890000000002E+02,  7.00388325800232E+03,  8.56244562897015E+03
 1.93975000000000E+03,  4.52853013923256E-01,  1.82414207100000E+00, -7.34205411528231E-01,  1.29070000000002E+02,  7.00088219714055E+03,  8.38236278901545E+03
 1.93983333300000E+03,  4.72646611731674E-01,  2.08745365125000E+00, -7.36819013617475E-01,  1.29250000000002E+02,  5.65703141162730E+03,  6.00871444688878E+03
 1.93991666700000E+03,  7.41967957905791E-01,  2.27846229925000E+00, -7.40175637550615E-01,  1.29430000000002E+02,  2.59698014426752E+03,  2.90790949132893E+03
 1.94000000000000E+03,  8.05601786091803E-01,  2.43395220475000E+00, -7.44201324851373E-01,  1.29610000000002E+02,  6.01993201748532E+02,  1.61891340492720E+03
 1.94008333300000E+03,  7.02866569923933E-01,  2.48259546275000E+00, -7.48817947956712E-01,  1.29790000000002E+02,  2.62179216952337E+02,  1.47719619891966E+03
 1.94016666700000E+03,  5.96146900139179E-01,  2.42605925025000E+00, -7.53943965264754E-01,  1.29970000000002E+02,  2.31983086586091E+02,  1.40827838860761E+03
 1.94025000000000E+03,  5.00053518473187E-01,  2.22435106425000E+00, -7.75635141865683E-01,  1.30150000000002E+02,  2.62984499656868E+02,  1.85239038406554E+03
 1.94033333300000E+03,  7.25279600221835E-01,  1.95184766500000E+00, -7.65546321850642E-01,  1.30330000000002E+02,  3.01281830267455E+02,  2.32669069523031E+03
 1.94041666700000E+03,  9.98545698920311E-01,  1.79675835875000E+00, -7.54875944751235E-01,  1.30510000000002E+02,  1.95544993539742E+02,  1.89922519286675E+03
 1.94050000000000E+03,  1.03601062987801E+00,  1.88748392425000E+00, -7.43672896779314E-01,  1.30690000000002E+02,  2.54108807218078E+02,  1.85760565355958E+03
 1.94058333300000E+03,  9.53287125250245E-01,  2.25359738200000E+00, -7.31988784896730E-01,  1.30870000000002E+02,  6.38022073422558E+02,  3.09292969977151E+03
 1.94066666700000E+03,  1.14033259335442E+00,  2.74232390575000E+00, -7.19877531454547E-01,  1.31050000000002E+02,  1.01616410084869E+03,  3.62437424145560E+03
 1.94075000000000E+03,  1.71345160801560E+00,  3.10193599525000E+00, -7.14836297098805E-01,  1.31230000000002E+02,  1.12633272490452E+03,  3.06410179433094E+03
 1.94083333300000E+03,  1.93251663218138E+00,  3.20620902950000E+00, -7.02218888325850E-01,  1.31410000000002E+02,  1.19701537236621E+03,  3.05206167487178E+03
 1.94091666700000E+03,  1.61872460186295E+00,  3.09807270675000E+00, -6.89311173508349E-01,  1.31590000000002E+02,  1.15711945975116E+03,  2.77073924392293E+03
 1.94100000000000E+03,  1.27920637844791E+00,  2.96985005550000E+00, -6.76171901073827E-01,  1.31770000000002E+02,  7.84511819681463E+02,  1.76331616511499E+03
 1.94108333300000E+03,  1.17979466382113E+00,  3.03926227500000E+00, -6.62860349010585E-01,  1.31950000000002E+02,  7.61071137958448E+02,  1.82470559534292E+03
 1.94116666700000E+03,  1.15325026752918E+00,  3.28692935725000E+00, -6.49435935349173E-01,  1.32130000000002E+02,  1.38756304755853E+03,  2.68198564523013E+03
 1.94125000000000E+03,  1.06189851867479E+00,  3.41481291475000E+00, -4.14067516804902E-01,  1.32310000000003E+02,  1.97148906115340E+03,  3.34044140092174E+03
 1.94133333300000E+03,  1.05774067843545E+00,  3.13737210975000E+00, -4.13482820207643E-01,  1.32490000000003E+02,  2.38493384172689E+03,  4.16958381638679E+03
 1.94141666700000E+03,  1.05572487656337E+00,  2.53065354100000E+00, -4.13469661762281E-01,  1.32670000000003E+02,  2.70822054971695E+03,  4.27547130968204E+03
 1.94150000000000E+03,  9.02666531879189E-01,  2.03851474700000E+00, -4.14004347764718E-01,  1.32850000000003E+02,  2.72792888455235E+03,  3.27736660191214E+03
 1.94158333300000E+03,  6.49075619745425E-01,  1.99085442975000E+00, -4.15060892800265E-01,  1.33030000000003E+02,  2.75232391788915E+03,  2.75607812908929E+03
 1.94166666700000E+03,  4.29939517788715E-01,  2.22722690100000E+00, -4.16611207383265E-01,  1.33210000000003E+02,  2.96904926519565E+03,  2.72827006237487E+03
 1.94175000000000E+03,  4.38147214878272E-01,  2.32001578350000E+00, -4.18685830159223E-01,  1.33390000000003E+02,  3.09556521200815E+03,  2.30330169066421E+03
 1.94183333300000E+03,  7.11969330401111E-01,  2.09305467175000E+00, -4.21143183374655E-01,  1.33570000000003E+02,  3.12775642434432E+03,  2.17747792861574E+03
 1.94191666700000E+03,  9.51209082213495E-01,  1.73619454425000E+00, -4.23998445743771E-01,  1.33750000000003E+02,  2.98952285363357E+03,  2.64212868365621E+03
 1.94200000000000E+03,  8.65186027659999E-01,  1.43228564500000E+00, -4.27217043671170E-01,  1.33930000000003E+02,  2.45567702065980E+03,  2.69775108622101E+03
 1.94208333300000E+03,  7.06831237922217E-01,  1.21142434925000E+00, -4.30763298965911E-01,  1.34110000000003E+02,  1.79522249054122E+03,  2.18157383208223E+03
 1.94216666700000E+03,  3.60959847921765E-01,  1.05171483000000E+00, -4.34600630592536E-01,  1.34290000000003E+02,  1.30340625398541E+03,  1.76487879714375E+03
 1.94225000000000E+03, -3.74671417816676E-01,  9.00150035750000E-01, -8.36682177256412E-01,  1.34470000000003E+02,  9.67002586642989E+02,  1.60341870196970E+03
 1.94233333300000E+03, -8.07655224316178E-01,  7.28122959500000E-01, -8.34312952783508E-01,  1.34650000000003E+02,  1.33223849946687E+03,  2.40497956299539E+03
 1.94241666700000E+03, -7.75396734996031E-01,  5.34225573750000E-01, -8.31103704772624E-01,  1.34830000000003E+02,  2.91574495093357E+03,  5.17092745503417E+03
 1.94250000000000E+03, -6.77208788964727E-01,  2.37777062000000E-01, -8.27056171924161E-01,  1.35010000000003E+02,  4.58958627230349E+03,  8.22475339047557E+03
 1.94258333300000E+03, -8.05932649530596E-01, -2.97895235000000E-01, -8.22178017450608E-01,  1.35190000000003E+02,  5.26031944292113E+03,  9.30800429593935E+03
 1.94266666700000E+03, -1.10735015543347E+00, -9.55699827250000E-01, -8.16482632947479E-01,  1.35370000000003E+02,  5.65276063086941E+03,  9.29792437975950E+03
 1.94275000000000E+03, -1.20870122716213E+00, -1.23697679925000E+00, -8.05594558138186E-01,  1.35550000000003E+02,  5.71256519036453E+03,  8.67944993513875E+03
 1.94283333300000E+03, -1.13078256932528E+00, -8.10537735000000E-01, -7.97863142130797E-01,  1.35730000000003E+02,  4.30843245434427E+03,  6.08676048132449E+03
 1.94291666700000E+03, -7.56275716122364E-01, -1.16911315000000E-02, -7.89406831342183E-01,  1.35910000000003E+02,  2.47564016527737E+03,  2.94942366795128E+03
 1.94300000000000E+03, -1.43857072988574E-01,  4.93335025500000E-01, -7.80261997854531E-01,  1.36090000000003E+02,  1.82469236396351E+03,  1.86594314290314E+03
 1.94308333300000E+03,  2.65718789179592E-01,  4.23176547250000E-01, -7.70469076789976E-01,  1.36270000000003E+02,  1.65191622614347E+03,  1.94034953726739E+03
 1.94316666700000E+03,  6.25615033132439E-02,  1.19299132500000E-02, -7.60072196103974E-01,  1.36450000000003E+02,  1.16812959083579E+03,  1.53532107129012E+03
 1.94325000000000E+03, -6.33865073556112E-01, -5.08058195500000E-01, -8.05654376873733E-01,  1.36630000000003E+02,  9.11777385569776E+02,  1.12519008143315E+03
 1.94333333300000E+03, -1.01887927530664E+00, -1.00141920550000E+00, -8.11361931825400E-01,  1.36810000000003E+02,  9.55385507504788E+02,  1.13647195535023E+03
 1.94341666700000E+03, -9.75591990317238E-01, -1.20779817925000E+00, -8.16704864593255E-01,  1.36990000000003E+02,  8.44638230802029E+02,  1.45105318600596E+03
 1.94350000000000E+03, -7.66674298289135E-01, -8.69271420250000E-01, -8.21613157162796E-01,  1.37170000000003E+02,  6.71743352028307E+02,  2.16705311478454E+03
 1.94358333300000E+03, -6.47616205268219E-01,  2.95483365000000E-02, -8.26021413666270E-01,  1.37350000000003E+02,  5.58654369115152E+02,  2.80918537216958E+03
 1.94366666700000E+03, -7.63678779304867E-01,  9.17547736750000E-01, -8.29869250443548E-01,  1.37530000000003E+02,  5.61510233539055E+02,  3.79728412131847E+03
 1.94375000000000E+03, -8.49904294103043E-01,  1.04115026900000E+00, -8.31811386895180E-01,  1.37710000000003E+02,  1.63123569703447E+03,  6.90214460583837E+03
 1.94383333300000E+03, -8.15752076795231E-01,  4.80172417750000E-01, -8.34666096494631E-01,  1.37890000000003E+02,  4.19903224388466E+03,  1.09506064582235E+04
 1.94391666700000E+03, -7.47342182639898E-01, -1.88433339500000E-01, -8.36830139015171E-01,  1.38070000000003E+02,  6.51412582934153E+03,  1.26771622610739E+04
 1.94400000000000E+03, -7.21517717803901E-01, -7.98969630750000E-01, -8.38263469539553E-01,  1.38250000000003E+02,  7.31514909655865E+03,  1.23191574919476E+04
 1.94408333300000E+03, -7.13921457275431E-01, -1.33986415000000E+00, -8.38932183680883E-01,  1.38430000000003E+02,  7.28449362351300E+03,  1.11749312847656E+04
 1.94416666700000E+03, -7.55505783950948E-01, -1.54657022925000E+00, -8.38808620445745E-01,  1.38610000000003E+02,  6.28519818116496E+03,  8.07207996739186E+03
 1.94425000000000E+03, -8.95607711847540E-01, -1.34955824800000E+00, -4.95228485462417E-01,  1.38790000000003E+02,  3.84916613987438E+03,  3.69363074967023E+03
 1.94433333300000E+03, -8.97440662160438E-01, -1.12056683625000E+00, -4.99168132558406E-01,  1.38970000000003E+02,  1.48868062705274E+03,  1.04682186727937E+03
 1.94441666700000E+03, -6.59056652769284E-01, -1.04697842675000E+00, -5.02857627134493E-01,  1.39150000000003E+02,  5.38701508929108E+02,  4.53686098342523E+02
 1.94450000000000E+03, -4.74987744560952E-01, -9.29617230500000E-01, -5.06270139855973E-01,  1.39330000000003E+02,  3.79421058348362E+02,  3.57022704236042E+02
 1.94458333300000E+03, -5.22654562162804E-01, -7.05285145000000E-01, -5.09380533642587E-01,  1.39510000000003E+02,  2.31260670638064E+02,  5.21823637222235E+02
 1.94466666700000E+03, -6.55341116942663E-01, -4.83262971250000E-01, -5.12165432651185E-01,  1.39690000000003E+02,  9.68529267503996E+01,  8.56137754684248E+02
 1.94475000000000E+03, -7.12878382516736E-01, -3.12048410750000E-01, -5.13082376777158E-01,  1.39870000000003E+02,  1.33178569903733E+02,  8.32341311662802E+02
 1.94483333300000E+03, -7.13192042591572E-01, -2.01002778250000E-01, -5.15390622298071E-01,  1.40050000000003E+02,  3.84209279323614E+02,  1.44663082069037E+03
 1.94491666700000E+03, -7.01000930782717E-01, -1.60521257000000E-01, -5.17325522116654E-01,  1.40230000000003E+02,  8.26577415860411E+02,  3.77211121533137E+03
 1.94500000000000E+03, -6.88384993290706E-01, -1.77503157750000E-01, -5.18869992161726E-01,  1.40410000000003E+02,  1.33713357800412E+03,  6.19597521498746E+03
 1.94508333300000E+03, -6.64181906998055E-01, -1.21076852750000E-01, -5.20008895156881E-01,  1.40590000000003E+02,  1.72540370590151E+03,  7.39624541574680E+03
 1.94516666700000E+03, -3.97958600621386E-01,  7.57938695000000E-02, -5.20729057683942E-01,  1.40770000000003E+02,  1.95808581271987E+03,  8.46882787936917E+03
 1.94525000000000E+03, -1.62643044852661E-01,  2.07143041500000E-01, -4.62244633818639E-01,  1.40950000000003E+02,  2.07785087949817E+03,  8.95151343448004E+03
 1.94533333300000E+03, -4.32834069444026E-01,  1.46287041750000E-01, -4.67061264239303E-01,  1.41130000000003E+02,  1.96085678179307E+03,  7.24482618825527E+03
 1.94541666700000E+03, -6.64676957996322E-01, -2.38332557500000E-02, -4.71862377204830E-01,  1.41310000000003E+02,  1.57616373125594E+03,  4.75381436451166E+03
 1.94550000000000E+03, -7.70095192832903E-01, -3.85319302250000E-01, -4.76611893840000E-01,  1.41490000000003E+02,  1.18877239308081E+03,  3.37864505066696E+03
 1.94558333300000E+03, -1.09305088697772E+00, -9.58305470750000E-01, -4.81274639103092E-01,  1.41670000000003E+02,  1.05735983363850E+03,  2.61486732736617E+03
 1.94566666700000E+03, -1.13801050891194E+00, -1.23232855000000E+00, -4.85816480789989E-01,  1.41850000000003E+02,  1.04608456131824E+03,  1.83676438779575E+03
 1.94575000000000E+03, -9.33132927297757E-01, -7.77958008250000E-01, -4.92397418990701E-01,  1.42030000000003E+02,  8.90492235881466E+02,  1.27548666230115E+03
 1.94583333300000E+03, -9.25794061466489E-01,  1.44805757500000E-02, -4.96492237754312E-01,  1.42210000000003E+02,  9.19462162561935E+02,  1.28765193877240E+03
 1.94591666700000E+03, -8.57506171481877E-01,  4.63899247500000E-01, -5.00356236575941E-01,  1.42390000000003E+02,  1.47053186448080E+03,  2.09693304896347E+03
 1.94600000000000E+03, -6.12321645709614E-01,  3.46077570750000E-01, -5.03961470902801E-01,  1.42570000000003E+02,  2.04146186288218E+03,  3.15692526965626E+03
 1.94608333300000E+03, -4.98430580957543E-01, -3.20700897500000E-02, -5.07281635343289E-01,  1.42750000000003E+02,  2.43030533464888E+03,  4.07072099241499E+03
 1.94616666700000E+03, -5.87052129604555E-01, -1.78239668250000E-01, -5.10292139525946E-01,  1.42930000000003E+02,  3.18485079589447E+03,  5.63086273995233E+03
 1.94625000000000E+03, -6.38996301202333E-01, -1.78579665000000E-02, -8.30987981163814E-01,  1.43110000000003E+02,  4.02084695359106E+03,  7.63817227542167E+03
 1.94633333300000E+03, -5.57556800559962E-01,  7.62006760000000E-02, -8.26913910459267E-01,  1.43290000000003E+02,  4.07302602021175E+03,  8.28536194406033E+03
 1.94641666700000E+03, -6.65833966557962E-01, -1.61793714750000E-01, -8.22009556614702E-01,  1.43470000000003E+02,  3.77298637441369E+03,  7.76722804429690E+03
 1.94650000000000E+03, -8.82949941607745E-01, -6.82383522750000E-01, -8.16288489606806E-01,  1.43650000000003E+02,  3.86995759499881E+03,  7.76673172451785E+03
 1.94658333300000E+03, -1.02144592237589E+00, -1.12468445175000E+00, -8.09769768719978E-01,  1.43830000000003E+02,  3.55066864087378E+03,  7.21174291629409E+03
 1.94666666700000E+03, -1.07571583269612E+00, -1.00045329775000E+00, -8.02477678313159E-01,  1.44010000000003E+02,  2.63885491301863E+03,  5.40170783102584E+03
 1.94675000000000E+03, -7.15296202193683E-01, -2.96945429750000E-01, -7.91460504249617E-01,  1.44190000000003E+02,  2.71315543664061E+03,  5.10760252879225E+03
 1.94683333300000E+03, -2.05820845514249E-01,  4.08912589500000E-01, -7.82474229463784E-01,  1.44370000000003E+02,  3.25753721835886E+03,  6.19894917423594E+03
 1.94691666700000E+03,  1.93819666277064E-01,  6.42738096250000E-01, -7.72830003915122E-01,  1.44550000000003E+02,  2.57872157337360E+03,  5.61326891200944E+03
 1.94700000000000E+03,  5.83526881262626E-01,  4.95334074500000E-01, -7.62571120512517E-01,  1.44730000000003E+02,  2.18410963654137E+03,  4.51251277941714E+03
 1.94708333300000E+03,  7.85746339135766E-01,  4.26030511000000E-01, -7.51744272277991E-01,  1.44910000000003E+02,  2.97253881411448E+03,  4.43349425123529E+03
 1.94716666700000E+03,  7.66018192764625E-01,  6.18096140750000E-01, -7.40399159525009E-01,  1.45090000000003E+02,  2.72627014340987E+03,  3.26608031278746E+03
 1.94725000000000E+03,  8.12900234204081E-01,  7.77769877750000E-01, -7.23061211436247E-01,  1.45270000000003E+02,  1.78083373030156E+03,  1.53786640256400E+03
 1.94733333300000E+03,  1.17740678946830E+00,  8.02485588000000E-01, -7.10669630051601E-01,  1.45450000000003E+02,  2.20013680415992E+03,  1.78329910327545E+03
 1.94741666700000E+03,  1.41952325272918E+00,  9.09316257250000E-01, -6.97949052482627E-01,  1.45630000000003E+02,  2.85052427551080E+03,  2.83994994633030E+03
 1.94750000000000E+03,  1.13231680572772E+00,  9.78349785500000E-01, -6.84957653071846E-01,  1.45810000000003E+02,  2.58290411642727E+03,  3.12550327426603E+03
 1.94758333300000E+03,  6.28805704841720E-01,  7.14306631500000E-01, -6.71754400475711E-01,  1.45990000000003E+02,  2.58628547501151E+03,  3.36772037073730E+03
 1.94766666700000E+03,  3.27373694449237E-01,  2.88076626500000E-01, -6.58398662093918E-01,  1.46170000000003E+02,  3.03096380681742E+03,  3.45496901482638E+03
 1.94775000000000E+03,  2.40027646590915E-01, -6.92100785000000E-02, -6.55947772283314E-01,  1.46350000000003E+02,  2.80191580189082E+03,  2.81814720824844E+03
 1.94783333300000E+03,  9.51761584956834E-02, -4.46501067000000E-01, -6.42488314513781E-01,  1.46530000000003E+02,  1.96628049418881E+03,  2.23615435217481E+03
 1.94791666700000E+03, -1.77029482095710E-01, -8.23712501250000E-01, -6.29005479764717E-01,  1.46710000000003E+02,  1.46563144853462E+03,  2.01079164169585E+03
 1.94800000000000E+03, -3.71915266105865E-01, -1.02502378000000E+00, -6.15557394033420E-01,  1.46890000000003E+02,  1.20121770111001E+03,  1.97235620860800E+03
 1.94808333300000E+03, -3.39106131096359E-01, -9.01748221750000E-01, -6.02201054461310E-01,  1.47070000000003E+02,  7.90993276560785E+02,  3.15946138866936E+03
 1.94816666700000E+03, -2.10676099703375E-01, -5.33729178000000E-01, -5.88992004793760E-01,  1.47250000000003E+02,  1.24344783764783E+03,  5.47196643349351E+03
 1.94825000000000E+03, -1.45760398185747E-01, -3.45709448250000E-01, -2.92870537274417E-01,  1.47430000000003E+02,  2.67325222221181E+03,  6.76095406504607E+03
 1.94833333300000E+03, -2.13349647473063E-01, -5.60222646750000E-01, -2.83309841922897E-01,  1.47610000000003E+02,  3.35636382695635E+03,  6.70390158031835E+03
 1.94841666700000E+03, -2.72304610695359E-01, -9.32798292000000E-01, -2.73836216701235E-01,  1.47790000000003E+02,  3.23287899411173E+03,  6.33770116525925E+03
 1.94850000000000E+03, -1.07860029793824E-01, -1.20491561100000E+00, -2.64469255087032E-01,  1.47970000000003E+02,  3.24658995529710E+03,  4.99552897810154E+03
 1.94858333300000E+03, -2.40297265023152E-01, -1.48081759475000E+00, -2.55227911900473E-01,  1.48150000000003E+02,  2.62321582635241E+03,  2.81721890894603E+03
 1.94866666700000E+03, -7.73794566189807E-01, -2.00753147875000E+00, -2.46130457663453E-01,  1.48330000000003E+02,  1.23245539383741E+03,  1.72193721538031E+03
 1.94875000000000E+03, -1.08018844416154E+00, -2.57373587350000E+00, -2.43230729782737E-01,  1.48510000000003E+02,  4.39424893385919E+02,  1.85036197214677E+03
 1.94883333300000E+03, -1.20986295386920E+00, -2.65756537275000E+00, -2.34350375368005E-01,  1.48690000000003E+02,  3.92161456274663E+02,  1.96898169346107E+03
 1.94891666700000E+03, -1.27603619793779E+00, -2.22927699375000E+00, -2.25653475278943E-01,  1.48870000000003E+02,  3.01583975398649E+02,  1.86465641174033E+03
 1.94900000000000E+03, -1.19339321337367E+00, -1.74210647225000E+00, -2.17155745456185E-01,  1.49050000000003E+02,  1.72197114463361E+02,  1.58823521203481E+03
 1.94908333300000E+03, -9.72267556707916E-01, -1.44311359150000E+00, -2.08872062420978E-01,  1.49230000000003E+02,  4.62202226837049E+02,  1.15316886522632E+03
 1.94916666700000E+03, -7.83897295604312E-01, -1.29111794875000E+00, -2.00816437095780E-01,  1.49410000000003E+02,  1.13213877018197E+03,  1.23903617079224E+03
 1.94925000000000E+03, -7.75086881901219E-01, -1.24910693625000E+00, -5.14815526655278E-01,  1.49590000000003E+02,  1.65413571943510E+03,  1.86039385016660E+03
 1.94933333300000E+03, -7.57762027761730E-01, -1.33093954175000E+00, -5.16850940348219E-01,  1.49770000000003E+02,  1.83559159525578E+03,  2.02781670136423E+03
 1.94941666700000E+03, -6.79065813944885E-01, -1.51154867375000E+00, -5.18500255561133E-01,  1.49950000000003E+02,  1.85825611187494E+03,  2.31598819302729E+03
 1.94950000000000E+03, -6.35801760110428E-01, -1.58602285875000E+00, -5.19747817935900E-01,  1.50130000000003E+02,  1.68331198087318E+03,  3.86453108683147E+03
 1.94958333300000E+03, -6.31053607492135E-01, -1.47699443300000E+00, -5.20579933347753E-01,  1.50310000000003E+02,  1.30022027991277E+03,  4.99829549022034E+03
 1.94966666700000E+03, -6.27304960719693E-01, -1.51372742750000E+00, -5.20984878303025E-01,  1.50490000000003E+02,  9.45397654761675E+02,  4.55203698556692E+03
 1.94975000000000E+03, -6.03198632520761E-01, -1.80404970650000E+00, -5.20637885066921E-01,  1.50670000000003E+02,  7.98176457462958E+02,  4.42201374590182E+03
 1.94983333300000E+03, -5.86059652817130E-01, -2.00275767950000E+00, -5.19824082209712E-01,  1.50850000000003E+02,  8.05769504696515E+02,  4.44584258317133E+03
 1.94991666700000E+03, -6.21830894764880E-01, -2.06245635125000E+00, -5.18556628064956E-01,  1.51030000000003E+02,  7.46538419285212E+02,  2.86174688882681E+03
 1.95000000000000E+03, -7.10124748910735E-01, -2.26207117025000E+00, -5.16833038807693E-01,  1.51210000000003E+02,  6.36407159824265E+02,  1.23738350866477E+03
 1.95008333300000E+03, -7.65844471572428E-01, -2.54983144925000E+00, -5.14652700381592E-01,  1.51390000000003E+02,  6.42921545515392E+02,  1.04674887785134E+03
 1.95016666700000E+03, -7.24032400826748E-01, -2.70675202175000E+00, -5.12016826230292E-01,  1.51570000000003E+02,  6.47774874930281E+02,  9.44687868074745E+02
 1.95025000000000E+03, -6.39364475190475E-01, -2.65956217550000E+00, -8.38965025836202E-01,  1.51750000000003E+02,  6.50046892925715E+02,  6.97700403935813E+02
 1.95033333300000E+03, -5.98939000370681E-01, -2.38491488275000E+00, -8.38402550659674E-01,  1.51930000000003E+02,  8.22279481395849E+02,  1.20957913656222E+03
 1.95041666700000E+03, -6.43913516571217E-01, -2.04007728050000E+00, -8.37017485451643E-01,  1.52110000000003E+02,  1.02541973622472E+03,  2.02889277166574E+03
 1.95050000000000E+03, -7.29121511381465E-01, -1.77677439825000E+00, -8.34798168065349E-01,  1.52290000000003E+02,  1.19047221039155E+03,  2.71020045120886E+03
 1.95058333300000E+03, -7.23430586437861E-01, -1.51151984900000E+00, -8.31739153322519E-01,  1.52470000000003E+02,  1.40980094886195E+03,  3.42682408928689E+03
 1.95066666700000E+03, -6.56709339187630E-01, -1.31350183150000E+00, -8.27841102873629E-01,  1.52650000000003E+02,  1.44249492172790E+03,  3.55357044831860E+03
 1.95075000000000E+03, -7.49034399431656E-01, -1.38770965125000E+00, -8.20457360659841E-01,  1.52830000000003E+02,  1.19815453174330E+03,  2.96240408152108E+03
 1.95083333300000E+03, -8.66173176164133E-01, -1.58385351725000E+00, -8.14506183532959E-01,  1.53010000000003E+02,  1.03021520328750E+03,  2.83183282687516E+03
 1.95091666700000E+03, -9.64340768720077E-01, -1.56889943275000E+00, -8.07763770929677E-01,  1.53190000000003E+02,  9.13433027491476E+02,  2.76010761063662E+03
 1.95100000000000E+03, -1.03666348155086E+00, -1.36560767550000E+00, -8.00255847624110E-01,  1.53370000000003E+02,  8.39995497422867E+02,  2.24743626684834E+03
 1.95108333300000E+03, -7.38868434210102E-01, -1.17240494000000E+00, -7.92012981732153E-01,  1.53550000000003E+02,  1.72622319222400E+03,  3.87846385855786E+03
 1.95116666700000E+03, -4.97332283016611E-01, -9.77218828500000E-01, -7.83070259147873E-01,  1.53730000000003E+02,  3.57920033728601E+03,  7.57760591793193E+03
 1.95125000000000E+03, -6.05484293252438E-01, -8.10470763500000E-01, -8.34224555653856E-01,  1.53910000000003E+02,  4.64096647012063E+03,  9.21780376082300E+03
 1.95133333300000E+03, -6.35450885314674E-01, -6.95886702000000E-01, -8.36510013681987E-01,  1.54090000000003E+02,  4.61107204531531E+03,  8.96255715298767E+03
 1.95141666700000E+03, -5.85179785002876E-01, -4.70028529500000E-01, -8.38071192240588E-01,  1.54270000000003E+02,  4.70824763531449E+03,  8.87168863115767E+03
 1.95150000000000E+03, -5.95043575470572E-01, -3.06286987750000E-01, -8.38873125545068E-01,  1.54450000000003E+02,  4.26269384076854E+03,  6.99800840309184E+03
 1.95158333300000E+03, -6.21502897917859E-01, -6.09228696750000E-01, -8.38887077148682E-01,  1.54630000000003E+02,  2.57346097969840E+03,  3.65442414876575E+03
 1.95166666700000E+03, -6.28710547828371E-01, -1.23316177175000E+00, -8.38090601370413E-01,  1.54810000000003E+02,  1.46922484933332E+03,  2.31447719504972E+03
 1.95175000000000E+03, -6.23257600433183E-01, -1.62386929950000E+00, -8.38069849278111E-01,  1.54990000000003E+02,  1.91254639532140E+03,  2.84970346744928E+03
 1.95183333300000E+03, -6.52331205702474E-01, -1.66176566575000E+00, -8.36432578681955E-01,  1.55170000000003E+02,  2.59444224843386E+03,  3.72425888467771E+03
 1.95191666700000E+03, -7.11784036741939E-01, -1.65883744075000E+00, -8.33958750790592E-01,  1.55350000000003E+02,  2.94558868716116E+03,  5.13059854527510E+03
 1.95200000000000E+03, -6.83872100954264E-01, -1.71917642025000E+00, -8.30644787093143E-01,  1.55530000000003E+02,  3.26070016440120E+03,  6.00096629261504E+03
 1.95208333300000E+03, -5.98781696770903E-01, -1.77589659250000E+00, -8.26493174255488E-01,  1.55710000000003E+02,  3.17051729627551E+03,  5.19992218024354E+03
 1.95216666700000E+03, -5.65884606516921E-01, -1.76368017125000E+00, -8.21512301017999E-01,  1.55890000000003E+02,  2.61364869347451E+03,  4.93742442581182E+03
 1.95225000000000E+03, -4.93896634103755E-01, -1.56444124250000E+00, -2.86275236420887E-01,  1.56070000000003E+02,  2.19858224418460E+03,  6.44215668798835E+03
 1.95233333300000E+03, -1.96647936598101E-01, -1.19919226925000E+00, -2.76772400620140E-01,  1.56250000000003E+02,  1.93495462748451E+03,  6.51449953843958E+03
 1.95241666700000E+03,  3.28877629294482E-02, -8.26710438000000E-01, -2.67370200202452E-01,  1.56430000000003E+02,  2.16957582513952E+03,  5.75190465464867E+03
 1.95250000000000E+03, -2.66491093308727E-01, -5.78106330250000E-01, -2.58087793699035E-01,  1.56610000000003E+02,  4.31159913959570E+03,  9.73355323186942E+03
 1.95258333300000E+03, -6.40731349348982E-01, -4.94593301750000E-01, -2.48943669148249E-01,  1.56790000000003E+02,  7.61613057408189E+03,  1.58593393071459E+04
 1.95266666700000E+03, -6.81810892745184E-01, -4.47399302500000E-01, -2.39955600972561E-01,  1.56970000000003E+02,  9.21609269454481E+03,  1.71209484093313E+04
 1.95275000000000E+03, -8.43730867329272E-01, -3.87318194000000E-01, -2.40472918307306E-01,  1.57150000000003E+02,  8.99706822368646E+03,  1.62911009292966E+04
 1.95283333300000E+03, -1.15786927717226E+00, -4.81631429000000E-01, -2.31647426475787E-01,  1.57330000000003E+02,  8.38504132451112E+03,  1.63424952743315E+04
 1.95291666700000E+03, -1.19771096739557E+00, -6.48049720250000E-01, -2.23010324498126E-01,  1.57510000000003E+02,  6.43372009649546E+03,  1.24348107492247E+04
 1.95300000000000E+03, -1.02076673244224E+00, -6.00104870500000E-01, -2.14577072398070E-01,  1.57690000000003E+02,  3.11867138980442E+03,  5.58129743775141E+03
 1.95308333300000E+03, -8.07790723226465E-01, -3.60365176250000E-01, -2.06362282319985E-01,  1.57870000000003E+02,  9.62223708932025E+02,  2.48164531665246E+03
 1.95316666700000E+03, -7.54493548316436E-01, -1.54979664000000E-01, -1.98379693459205E-01,  1.58050000000003E+02,  5.38157462465034E+02,  2.61512546051187E+03
 1.95325000000000E+03, -8.88933019282843E-01, -1.59077401750000E-01, -4.95387750325128E-01,  1.58230000000003E+02,  3.81968675736327E+02,  2.31694409322218E+03
 1.95333333300000E+03, -8.67584818948205E-01, -4.00058017000000E-01, -4.99318089543257E-01,  1.58410000000003E+02,  1.92530710288211E+02,  2.04057702142049E+03
 1.95341666700000E+03, -6.18192979510010E-01, -6.53272490500000E-01, -5.02997190434104E-01,  1.58590000000003E+02,  2.45264199422113E+02,  2.13800091607390E+03
 1.95350000000000E+03, -4.46998150217476E-01, -6.59768739500000E-01, -5.06398288767315E-01,  1.58770000000004E+02,  3.53791203807956E+02,  1.47967529358652E+03
 1.95358333300000E+03, -5.16395476004354E-01, -5.06851248750000E-01, -5.09496315468343E-01,  1.58950000000004E+02,  4.99341271173147E+02,  9.47300129785213E+02
 1.95366666700000E+03, -6.51650664237376E-01, -5.43011356500000E-01, -5.12267965207289E-01,  1.59130000000004E+02,  8.14398602888978E+02,  1.77475610408844E+03
 1.95375000000000E+03, -6.73804726605609E-01, -7.84877021750000E-01, -5.16238083728128E-01,  1.59310000000004E+02,  1.38292180800889E+03,  2.96520330991519E+03
 1.95383333300000E+03, -6.07356100927130E-01, -9.33104654250000E-01, -5.18013286444905E-01,  1.59490000000004E+02,  2.14723772378129E+03,  3.88201194990356E+03
 1.95391666700000E+03, -5.62116734216487E-01, -9.21360994750000E-01, -5.19391554408096E-01,  1.59670000000004E+02,  2.70090000202429E+03,  4.95740794077197E+03
 1.95400000000000E+03, -5.67828502671333E-01, -7.51177714000000E-01, -5.20358561935550E-01,  1.59850000000004E+02,  2.84172420901181E+03,  5.23363373212920E+03
 1.95408333300000E+03, -5.84794739361154E-01, -3.74152991000000E-01, -5.20901951609975E-01,  1.60030000000004E+02,  2.76769576916181E+03,  4.22278420188032E+03
 1.95416666700000E+03, -5.93372109545278E-01, -3.87064220000000E-02, -5.21011338662501E-01,  1.60210000000004E+02,  2.32790263104303E+03,  3.27008407114938E+03
 1.95425000000000E+03, -6.00076361252950E-01, -1.84895830000000E-02, -8.38950483859652E-01,  1.60390000000004E+02,  1.46239271523706E+03,  2.53452589598814E+03
 1.95433333300000E+03, -5.96054339124208E-01, -1.84351578000000E-01, -8.38767367427957E-01,  1.60570000000004E+02,  8.68676828627551E+02,  1.58616866372425E+03
 1.95441666700000E+03, -5.99846525320852E-01, -1.66711977000000E-01, -8.37769278671314E-01,  1.60750000000004E+02,  7.69976802389960E+02,  1.38243610900769E+03
 1.95450000000000E+03, -6.65442687810733E-01,  1.68048265250000E-01, -8.35941618957647E-01,  1.60930000000004E+02,  6.00439839654698E+02,  1.96099503424016E+03
 1.95458333300000E+03, -7.35852930866352E-01,  4.49364033500000E-01, -8.33276043396252E-01,  1.61110000000004E+02,  3.91207769714549E+02,  2.10566251387265E+03
 1.95466666700000E+03, -6.50774616305475E-01,  2.91640399250000E-01, -8.29770370753856E-01,  1.61290000000004E+02,  4.36867825703240E+02,  1.92410296574975E+03
 1.95475000000000E+03, -6.01778524500969E-01, -2.23493077250000E-01, -8.23682439054770E-01,  1.61470000000004E+02,  5.00494363301696E+02,  1.96971714050856E+03
 1.95483333300000E+03, -7.62043285591706E-01, -8.44869369000000E-01, -8.18223138729906E-01,  1.61650000000004E+02,  6.78479420380437E+02,  1.72990509142186E+03
 1.95491666700000E+03, -9.16528908193412E-01, -1.42436821250000E+00, -8.11959448838375E-01,  1.61830000000004E+02,  1.33654825871218E+03,  1.93507861657907E+03
 1.95500000000000E+03, -9.96422848750377E-01, -1.84294524225000E+00, -8.04913998078055E-01,  1.62010000000004E+02,  2.07755094532676E+03,  4.09745864392704E+03
 1.95508333300000E+03, -9.89635330819250E-01, -2.10227747250000E+00, -7.97114444672291E-01,  1.62190000000004E+02,  2.40116452067457E+03,  6.50955757060444E+03
 1.95516666700000E+03, -8.54947692838710E-01, -2.32681425825000E+00, -7.88593165500237E-01,  1.62370000000004E+02,  2.53220780130651E+03,  7.12675738766056E+03
 1.95525000000000E+03, -6.61105027611575E-01, -2.46491479225000E+00, -8.38069879450377E-01,  1.62550000000004E+02,  2.37784196228105E+03,  7.10535133494750E+03
 1.95533333300000E+03, -5.58311268747172E-01, -2.46522122275000E+00, -8.38872669281449E-01,  1.62730000000004E+02,  1.70631993532320E+03,  6.45319797427046E+03
 1.95541666700000E+03, -5.64614922985608E-01, -2.53547674000000E+00, -8.38887505718457E-01,  1.62910000000004E+02,  1.99072114697060E+03,  5.01194547510495E+03
 1.95550000000000E+03, -6.00058672502515E-01, -2.67660315025000E+00, -8.38091936108804E-01,  1.63090000000004E+02,  4.22829204264389E+03,  5.59415782094362E+03
 1.95558333300000E+03, -6.70776990845291E-01, -2.62536783125000E+00, -8.36469811275865E-01,  1.63270000000004E+02,  6.20435459315395E+03,  7.59636025052122E+03
 1.95566666700000E+03, -7.41396923608224E-01, -2.39789810125000E+00, -8.34011251238941E-01,  1.63450000000004E+02,  6.63422035025222E+03,  7.92240081781264E+03
 1.95575000000000E+03, -7.42119512197750E-01, -2.26605339100000E+00, -8.33366033109648E-01,  1.63630000000004E+02,  7.04311690885469E+03,  7.82097711724250E+03
 1.95583333300000E+03, -6.25814214937013E-01, -2.36996552825000E+00, -8.29884932484379E-01,  1.63810000000004E+02,  6.99134080715186E+03,  7.43699212423397E+03
 1.95591666700000E+03, -5.48968832902033E-01, -2.49426761050000E+00, -8.25567387999284E-01,  1.63990000000004E+02,  5.40306881421177E+03,  4.66856772074905E+03
 1.95600000000000E+03, -7.41756000630353E-01, -2.34674755925000E+00, -8.20422940500781E-01,  1.64170000000004E+02,  4.49638871981506E+03,  2.55168086750510E+03
 1.95608333300000E+03, -9.32598886048052E-01, -2.05481634175000E+00, -8.14466788073342E-01,  1.64350000000004E+02,  5.45785774866330E+03,  3.86118729165009E+03
 1.95616666700000E+03, -9.23556484114000E-01, -1.79372309950000E+00, -8.07719544134643E-01,  1.64530000000004E+02,  6.18181365982972E+03,  5.30870843419146E+03
 1.95625000000000E+03, -9.24819051224704E-01, -1.40618331775000E+00, -4.96579545783129E-01,  1.64710000000004E+02,  5.84390268125063E+03,  5.23889292972288E+03
 1.95633333300000E+03, -8.02550070991306E-01, -9.85509346750000E-01, -5.00438164360342E-01,  1.64890000000004E+02,  5.50643194365877E+03,  5.95002613384182E+03
 1.95641666700000E+03, -5.25923471277673E-01, -1.00166991350000E+00, -5.04037423758216E-01,  1.65070000000004E+02,  5.16122480137877E+03,  7.20717506568250E+03
 1.95650000000000E+03, -4.21432493523999E-01, -1.47479574400000E+00, -5.07351055414493E-01,  1.65250000000004E+02,  4.12819589980105E+03,  6.98051191197258E+03
 1.95658333300000E+03, -5.46345834688862E-01, -1.79257381725000E+00, -5.10354507338027E-01,  1.65430000000004E+02,  2.96107012489668E+03,  6.17442745098018E+03
 1.95666666700000E+03, -6.83129143151818E-01, -1.66784528625000E+00, -5.13025009725301E-01,  1.65610000000004E+02,  2.43858710189935E+03,  5.86381599808951E+03
 1.95675000000000E+03, -6.99064177972579E-01, -1.40592738600000E+00, -5.14388289787296E-01,  1.65790000000004E+02,  1.83139636140218E+03,  4.80076485667958E+03
 1.95683333300000E+03, -6.38856533412586E-01, -1.13620915500000E+00, -5.16494851025754E-01,  1.65970000000004E+02,  1.06442374429413E+03,  3.87868190090454E+03
 1.95691666700000E+03, -5.78677834862624E-01, -7.52825426000000E-01, -5.18218495507620E-01,  1.66150000000004E+02,  1.74103366451192E+03,  5.03215336986696E+03
 1.95700000000000E+03, -5.57068978766591E-01, -2.21825761250000E-01, -5.19543199814357E-01,  1.66330000000004E+02,  3.45610780306510E+03,  6.27346998480915E+03
 1.95708333300000E+03, -5.64145800509660E-01,  3.93571599250000E-01, -5.20454897777241E-01,  1.66510000000004E+02,  4.32258802068052E+03,  6.25454544075704E+03
 1.95716666700000E+03, -2.09297390982445E-01,  7.64094637750000E-01, -5.20941492576144E-01,  1.66690000000004E+02,  4.67228281068708E+03,  6.62814042889973E+03
 1.95725000000000E+03,  5.02723406176771E-01,  7.87448088750000E-01, -4.49298900048430E-01,  1.66870000000004E+02,  5.00195896039444E+03,  6.33547275465003E+03
 1.95733333300000E+03,  9.09606921821401E-01,  9.56565102750000E-01, -4.42801073165153E-01,  1.67050000000004E+02,  4.40645480566824E+03,  4.02481378417005E+03
 1.95741666700000E+03,  9.43537171188861E-01,  1.39451775150000E+00, -4.36956694235883E-01,  1.67230000000004E+02,  3.41031611601936E+03,  2.66140379884353E+03
 1.95750000000000E+03,  9.00954690456413E-01,  1.60020798975000E+00, -4.31770522518618E-01,  1.67410000000004E+02,  3.34419309578983E+03,  3.77154199406046E+03
 1.95758333300000E+03,  9.79500995086943E-01,  1.39316517200000E+00, -4.27243769797366E-01,  1.67590000000004E+02,  3.86143905503124E+03,  4.70050747867411E+03
 1.95766666700000E+03,  9.41077687503076E-01,  1.14032930775000E+00, -4.23374178299178E-01,  1.67770000000004E+02,  4.18141083873820E+03,  4.56153501021556E+03
 1.95775000000000E+03,  6.46510579757960E-01,  1.13124087550000E+00, -4.18904553399898E-01,  1.67950000000004E+02,  4.44701306793673E+03,  4.90371941605033E+03
 1.95783333300000E+03,  5.86153051689003E-01,  1.20365975150000E+00, -4.16617894133473E-01,  1.68130000000004E+02,  4.69214231561727E+03,  5.14672874634152E+03
 1.95791666700000E+03,  8.28834399837057E-01,  1.19426533775000E+00, -4.14955350020951E-01,  1.68310000000004E+02,  4.46317439244820E+03,  4.45550894727682E+03
 1.95800000000000E+03,  1.05528856705694E+00,  1.29712412500000E+00, -4.13900569102303E-01,  1.68490000000004E+02,  3.84432592095253E+03,  4.64269520199378E+03
 1.95808333300000E+03,  1.15127433844709E+00,  1.52696210200000E+00, -4.13434422225527E-01,  1.68670000000004E+02,  3.36377080685066E+03,  5.95472027273359E+03
 1.95816666700000E+03,  1.10122497022145E+00,  1.55293135925000E+00, -4.13535169004240E-01,  1.68850000000004E+02,  2.91374606703454E+03,  6.36795118418781E+03
 1.95825000000000E+03,  1.00190240765900E+00,  1.34633012625000E+00, -7.66494262763882E-01,  1.69030000000004E+02,  2.15856579626707E+03,  5.94612871018687E+03
 1.95833333300000E+03,  1.01175741081869E+00,  1.12954157225000E+00, -7.55875106553661E-01,  1.69210000000004E+02,  1.52520514294940E+03,  5.27293179672621E+03
 1.95841666700000E+03,  9.84015659104624E-01,  8.96796323500000E-01, -7.44718687564277E-01,  1.69390000000004E+02,  1.58210936057912E+03,  3.92832653494176E+03
 1.95850000000000E+03,  7.97892277988445E-01,  7.08570310250000E-01, -7.33076380603984E-01,  1.69570000000004E+02,  1.98669814286963E+03,  2.79382160288118E+03
 1.95858333300000E+03,  7.40582662869292E-01,  8.08541812250000E-01, -7.21001913134643E-01,  1.69750000000004E+02,  2.08738278506825E+03,  2.42440774393729E+03
 1.95866666700000E+03,  9.45163880466817E-01,  1.08894821750000E+00, -7.08550956907849E-01,  1.69930000000004E+02,  2.13028962606934E+03,  2.17103987486225E+03
 1.95875000000000E+03,  1.09800559442340E+00,  1.12829109575000E+00, -6.94985161025576E-01,  1.70110000000004E+02,  2.47607955323043E+03,  2.27963235260462E+03
 1.95883333300000E+03,  9.63996875444735E-01,  8.30665159500000E-01, -6.81939833128171E-01,  1.70290000000004E+02,  2.51597907083488E+03,  2.77909726633081E+03
 1.95891666700000E+03,  6.75233272014631E-01,  5.00679321000000E-01, -6.68696274962536E-01,  1.70470000000004E+02,  1.96221490627946E+03,  2.80799474314366E+03
 1.95900000000000E+03,  4.11457409217854E-01,  3.50083348000000E-01, -6.55313890613673E-01,  1.70650000000004E+02,  1.47322069763355E+03,  2.44688277537348E+03
 1.95908333300000E+03,  1.32546876500361E-01,  2.91600309250000E-01, -6.41852009631476E-01,  1.70830000000004E+02,  1.22967874637819E+03,  2.54732451377163E+03
 1.95916666700000E+03,  1.15426422141901E-01,  1.69678596500000E-01, -6.28369515574078E-01,  1.71010000000004E+02,  8.45749532791488E+02,  2.78763996963488E+03
 1.95925000000000E+03,  6.19570407176465E-01, -2.17539650000000E-03, -4.28879774158916E-01,  1.71190000000004E+02,  5.06165132521209E+02,  2.39657452128792E+03
 1.95933333300000E+03,  9.90530040958593E-01, -5.40211967500000E-02, -4.24761911767399E-01,  1.71370000000004E+02,  6.96177068099871E+02,  2.86823404226030E+03
 1.95941666700000E+03,  7.98758589278239E-01,  1.98897273250000E-01, -4.21298100416331E-01,  1.71550000000004E+02,  1.01422619214593E+03,  4.74659769850509E+03
 1.95950000000000E+03,  4.97520747466509E-01,  6.83727164500000E-01, -4.18480665195185E-01,  1.71730000000004E+02,  1.11879085002719E+03,  5.30814243364001E+03
 1.95958333300000E+03,  5.09750893424725E-01,  9.80144969500000E-01, -4.16298743403900E-01,  1.71910000000004E+02,  2.09788416772283E+03,  5.29524793166367E+03
 1.95966666700000E+03,  7.45581275976811E-01,  8.81017704750000E-01, -4.14738418257673E-01,  1.72090000000004E+02,  3.61540169662035E+03,  6.61598373093296E+03
 1.95975000000000E+03,  9.56602132452517E-01,  6.69276610000000E-01, -4.14235670491677E-01,  1.72270000000004E+02,  3.64197911351491E+03,  5.92454533803612E+03
 1.95983333300000E+03,  1.08873472385392E+00,  5.48883646250000E-01, -4.13545451854463E-01,  1.72450000000004E+02,  3.48507308933595E+03,  4.02832099220186E+03
 1.95991666700000E+03,  1.10404656262641E+00,  4.68455404500000E-01, -4.13430790680017E-01,  1.72630000000004E+02,  4.77139874787418E+03,  5.56655303545554E+03
 1.96000000000000E+03,  9.66778914280711E-01,  4.84729794500000E-01, -4.13868426515910E-01,  1.72810000000004E+02,  4.72771106682974E+03,  6.94507472203900E+03
 1.96008333300000E+03,  7.23803265634614E-01,  5.96963813000000E-01, -4.14832773989228E-01,  1.72990000000004E+02,  3.15129158211084E+03,  5.45489836960049E+03
 1.96016666700000E+03,  1.56627753541726E-01,  5.34360526500000E-01, -4.16296109347975E-01,  1.73170000000004E+02,  3.32814912472295E+03,  5.42689526236022E+03
 1.96025000000000E+03, -3.28438000635917E-01,  2.05545309750000E-01, -4.69481871496959E-01,  1.73350000000004E+02,  3.87492254485663E+03,  5.63403150876463E+03
 1.96033333300000E+03, -1.16079077898225E-01, -1.22088233750000E-01, -4.62752673709912E-01,  1.73530000000004E+02,  2.69790789135656E+03,  3.17383316077354E+03
 1.96041666700000E+03,  3.24303030479134E-01, -2.29175092250000E-01, -4.55682685002962E-01,  1.73710000000004E+02,  2.13956989229875E+03,  2.03375574473280E+03
 1.96050000000000E+03,  6.66680269240842E-01, -1.36493333500000E-01, -4.48289823349112E-01,  1.73890000000004E+02,  2.66672898224269E+03,  3.29629203753156E+03
 1.96058333300000E+03,  7.79568297445432E-01,  7.99654967500000E-02, -4.40592885050433E-01,  1.74070000000004E+02,  2.45388643542404E+03,  3.51371795845727E+03
 1.96066666700000E+03,  7.98422783018132E-01,  4.29731581000000E-01, -4.32611455027201E-01,  1.74250000000004E+02,  2.34100671365949E+03,  3.35792456976316E+03
 1.96075000000000E+03,  9.13820861354347E-01,  8.04264814250000E-01, -4.23368063705530E-01,  1.74430000000004E+02,  3.16340809247890E+03,  4.58869670024390E+03
 1.96083333300000E+03,  8.65181904486186E-01,  9.51098797750000E-01, -4.14851573935877E-01,  1.74610000000004E+02,  3.59053037006850E+03,  5.49450247269599E+03
 1.96091666700000E+03,  1.07687861216926E+00,  7.91305118750000E-01, -4.06115758012726E-01,  1.74790000000004E+02,  3.19806090745012E+03,  5.05161451027789E+03
 1.96100000000000E+03,  1.51457726555281E+00,  4.21633294000000E-01, -3.97182503516361E-01,  1.74970000000004E+02,  2.81740486287849E+03,  4.49835646529843E+03
 1.96108333300000E+03,  1.47953341269384E+00, -2.16458930000000E-02, -3.88074030714532E-01,  1.75150000000004E+02,  2.43118792246017E+03,  4.13037454564202E+03
 1.96116666700000E+03,  9.20842484084256E-01, -3.80600272250000E-01, -3.78812806544367E-01,  1.75330000000004E+02,  1.69562704786956E+03,  3.79657939796958E+03
 1.96125000000000E+03, -2.65371785358547E-02, -5.86032822500000E-01, -4.64856036381023E-01,  1.75510000000004E+02,  1.24033078912872E+03,  4.20956784032587E+03
 1.96133333300000E+03, -6.47486600446078E-01, -7.53554742250000E-01, -4.69668779729296E-01,  1.75690000000004E+02,  1.37354104509094E+03,  4.73351553020011E+03
 1.96141666700000E+03, -6.94749138323532E-01, -1.00255823550000E+00, -4.74446339405913E-01,  1.75870000000004E+02,  1.38140370339224E+03,  4.63327224835489E+03
 1.96150000000000E+03, -9.35676856012178E-01, -1.24549418100000E+00, -4.79153108825393E-01,  1.76050000000004E+02,  1.18615014406571E+03,  4.83026675181026E+03
 1.96158333300000E+03, -1.20334311893352E+00, -1.37350915300000E+00, -4.83754461717493E-01,  1.76230000000004E+02,  1.12552934774631E+03,  4.49855331640678E+03
 1.96166666700000E+03, -1.11014104547732E+00, -1.33639283025000E+00, -4.88216886231114E-01,  1.76410000000004E+02,  9.25156705031441E+02,  2.59095212735579E+03
 1.96175000000000E+03, -1.02159940522719E+00, -1.10206777475000E+00, -4.95637674212487E-01,  1.76590000000004E+02,  6.60952767823002E+02,  1.18093606184861E+03
 1.96183333300000E+03, -9.38534366159163E-01, -8.44787570250000E-01, -4.99553277546276E-01,  1.76770000000004E+02,  6.42981139495236E+02,  1.10168877747737E+03
 1.96191666700000E+03, -6.81139606693635E-01, -7.73720458500000E-01, -5.03215938967931E-01,  1.76950000000004E+02,  6.34310756614718E+02,  9.61990281494607E+02
 1.96200000000000E+03, -5.12232410395436E-01, -9.19910285250000E-01, -5.06598996942487E-01,  1.77130000000004E+02,  5.15561368321212E+02,  7.27947889622585E+02
 1.96208333300000E+03, -5.59012762344025E-01, -1.24148068675000E+00, -5.09677489625022E-01,  1.77310000000004E+02,  4.58251537752102E+02,  7.79850172372839E+02
 1.96216666700000E+03, -7.18339091285100E-01, -1.50729232750000E+00, -5.12428222829923E-01,  1.77490000000004E+02,  6.82524275695166E+02,  1.42099700772782E+03
 1.96225000000000E+03, -7.69948653551941E-01, -1.45472073525000E+00, -5.00209304194001E-01,  1.77670000000004E+02,  1.31955807068957E+03,  3.02038921315151E+03
 1.96233333300000E+03, -5.80010159619565E-01, -1.28380213650000E+00, -5.03825199943838E-01,  1.77850000000004E+02,  1.96482181750798E+03,  4.50309017682169E+03
 1.96241666700000E+03, -4.54712316276230E-01, -1.23071855075000E+00, -5.07157026230271E-01,  1.78030000000004E+02,  2.23863722626588E+03,  5.00629002699021E+03
 1.96250000000000E+03, -5.70956311100351E-01, -1.02731777025000E+00, -5.10180124073698E-01,  1.78210000000004E+02,  2.30003561841614E+03,  5.02113467902299E+03
 1.96258333300000E+03, -7.31334895047672E-01, -5.65396441000000E-01, -5.12871612955287E-01,  1.78390000000004E+02,  2.12949753397028E+03,  4.63697932664596E+03
 1.96266666700000E+03, -7.85160081502264E-01, -1.33382707750000E-01, -5.15210447077588E-01,  1.78570000000004E+02,  1.64149444741212E+03,  3.57775612599921E+03
 1.96275000000000E+03, -7.27428774394014E-01,  1.40075455250000E-01, -5.16741884343360E-01,  1.78750000000004E+02,  1.31531457909197E+03,  2.35417648468282E+03
 1.96283333300000E+03, -6.59150524918834E-01,  2.14819004000000E-01, -5.18414332240802E-01,  1.78930000000004E+02,  1.43348674013140E+03,  2.15656532143154E+03
 1.96291666700000E+03, -6.41285398334300E-01,  3.94540275000000E-02, -5.19685892848093E-01,  1.79110000000004E+02,  1.58724375226967E+03,  2.98205887018192E+03
 1.96300000000000E+03, -6.46761761879083E-01, -2.89253857750000E-01, -5.20542756514165E-01,  1.79290000000004E+02,  1.77768940349772E+03,  3.43248253154074E+03
 1.96308333300000E+03, -6.36842863510598E-01, -6.10616520750000E-01, -5.20973083854851E-01,  1.79470000000004E+02,  2.22943102715497E+03,  3.47017975472970E+03
 1.96316666700000E+03, -2.00721054696626E-01, -8.02027123750000E-01, -5.20967007846019E-01,  1.79650000000004E+02,  2.21492636413166E+03,  3.45708983497001E+03
 1.96325000000000E+03,  5.43416148166817E-01, -7.17012967000000E-01, -1.30243797362669E-01,  1.79830000000004E+02,  1.77020898779270E+03,  2.95770509189497E+03
 1.96333333300000E+03,  6.79224343962588E-01, -2.22443235000000E-01, -1.33373762859497E-01,  1.80010000000004E+02,  2.26515718747739E+03,  3.26789134208965E+03
 1.96341666700000E+03,  3.93780301155985E-01,  3.33345690250000E-01, -1.36549532411673E-01,  1.80190000000004E+02,  3.28800797722172E+03,  4.82053012473780E+03
 1.96350000000000E+03,  3.32427061397878E-01,  4.16141019500000E-01, -1.39759208240960E-01,  1.80370000000004E+02,  3.64747702678328E+03,  5.63158632459799E+03
 1.96358333300000E+03,  3.05359817309501E-01,  2.30300717000000E-01, -1.42991040712464E-01,  1.80550000000004E+02,  4.09635497355301E+03,  6.21906892820273E+03
 1.96366666700000E+03,  5.48773012642018E-02,  1.84231768000000E-01, -1.46233451189969E-01,  1.80730000000004E+02,  4.62259721726445E+03,  7.21389624397633E+03
 1.96375000000000E+03, -3.44640062743196E-01,  1.06825167250000E-01, -1.47842413794321E-01,  1.80910000000004E+02,  4.04211756237970E+03,  6.36994785994619E+03
 1.96383333300000E+03, -6.42960250475487E-01, -2.45869372750000E-01, -1.51079455364924E-01,  1.81090000000004E+02,  3.04780681919525E+03,  4.53069438058657E+03
 1.96391666700000E+03, -6.21136649402217E-01, -8.01212425750000E-01, -1.54299059253684E-01,  1.81270000000004E+02,  2.40243306880809E+03,  4.05481534184167E+03
 1.96400000000000E+03, -5.37711319474554E-01, -1.30142619275000E+00, -1.57490408463874E-01,  1.81450000000004E+02,  1.58775704619389E+03,  3.43046253544869E+03
 1.96408333300000E+03, -7.73453074985704E-01, -1.43649125200000E+00, -1.60642946097564E-01,  1.81630000000004E+02,  1.15658327893161E+03,  2.52711221653879E+03
 1.96416666700000E+03, -9.20333810384261E-01, -1.27023639525000E+00, -1.63746392073862E-01,  1.81810000000004E+02,  1.66489761651499E+03,  3.35640275446189E+03
 1.96425000000000E+03, -6.81485225340230E-01, -1.23065227825000E+00, -1.92290069791301E-01,  1.81990000000004E+02,  2.04474520264730E+03,  4.09908083127596E+03
 1.96433333300000E+03, -5.46679761924379E-01, -1.33502190925000E+00, -1.94100104898942E-01,  1.82170000000004E+02,  1.88722719725653E+03,  3.30201251949941E+03
 1.96441666700000E+03, -6.03394733396345E-01, -1.24329727100000E+00, -1.95757398856693E-01,  1.82350000000004E+02,  1.95448796032344E+03,  3.25363020591521E+03
 1.96450000000000E+03, -6.27163463156754E-01, -9.76841727750000E-01, -1.97256737518055E-01,  1.82530000000004E+02,  2.00805666605399E+03,  3.53544695600724E+03
 1.96458333300000E+03, -6.19354464621634E-01, -8.20833543750000E-01, -1.98593303860498E-01,  1.82710000000004E+02,  1.43265286100392E+03,  2.25977550320328E+03
 1.96466666700000E+03, -5.73181267507111E-01, -8.36726956750000E-01, -1.99762678010769E-01,  1.82890000000004E+02,  9.66726887497219E+02,  1.50737506889361E+03
 1.96475000000000E+03, -5.06578560809029E-01, -8.18316476750000E-01, -2.01604349992550E-01,  1.83070000000004E+02,  1.18779680005225E+03,  2.35992569244607E+03
 1.96483333300000E+03, -4.64283589172942E-01, -5.98557216500000E-01, -2.02244628806704E-01,  1.83250000000004E+02,  1.37248331676836E+03,  2.68046909502333E+03
 1.96491666700000E+03, -4.62362346948530E-01, -3.18319487500000E-01, -2.02703906406366E-01,  1.83430000000004E+02,  1.22448739449105E+03,  2.38859381424294E+03
 1.96500000000000E+03, -4.85368171236309E-01, -2.61047209750000E-01, -2.02979731585876E-01,  1.83610000000004E+02,  1.18046151629991E+03,  2.57882799821919E+03
 1.96508333300000E+03, -5.26397833726989E-01, -4.63020478250000E-01, -2.03070033941190E-01,  1.83790000000004E+02,  1.36260310264577E+03,  2.98832321333809E+03
 1.96516666700000E+03, -5.07527559550827E-01, -6.41237136750000E-01, -2.02973118726905E-01,  1.83970000000004E+02,  1.61855082958482E+03,  3.35746973809722E+03
 1.96525000000000E+03, -4.87785865888940E-01, -4.47038702750000E-01, -2.50725380079498E-01,  1.84150000000004E+02,  1.65332497361837E+03,  3.41786644097958E+03
 1.96533333300000E+03, -7.80381854186373E-01,  1.06698693250000E-01, -2.41705338056863E-01,  1.84330000000004E+02,  1.57337896287904E+03,  3.40914036069303E+03
 1.96541666700000E+03, -1.16771949028527E+00,  5.74288867250000E-01, -2.32855096426814E-01,  1.84510000000004E+02,  1.62932227393147E+03,  3.55741975517747E+03
 1.96550000000000E+03, -1.22769641728552E+00,  6.76879146000000E-01, -2.24191045059363E-01,  1.84690000000004E+02,  1.25937106095745E+03,  2.78377292037529E+03
 1.96558333300000E+03, -1.06155193472115E+00,  5.00181288500000E-01, -2.15728758872144E-01,  1.84870000000004E+02,  7.32057924870517E+02,  1.97942264750672E+03
 1.96566666700000E+03, -7.90890152078161E-01,  1.45600010750000E-01, -2.07482968647602E-01,  1.85050000000005E+02,  1.08314137389951E+03,  2.79247418141963E+03
 1.96575000000000E+03, -5.50531635845527E-01, -2.27636100250000E-01, -1.93217007244041E-01,  1.85230000000005E+02,  1.57668805447626E+03,  3.41894479170036E+03
 1.96583333300000E+03, -5.78241461698991E-01, -4.17913586750000E-01, -1.85648718483284E-01,  1.85410000000005E+02,  1.55241793749920E+03,  3.18730822009736E+03
 1.96591666700000E+03, -7.40774843848434E-01, -4.25942987250000E-01, -1.78344815251874E-01,  1.85590000000005E+02,  1.70765107584092E+03,  3.56598331191513E+03
 1.96600000000000E+03, -8.93521039705345E-01, -3.47645481250000E-01, -1.71315681332968E-01,  1.85770000000005E+02,  1.66069770806241E+03,  3.26938920159347E+03
 1.96608333300000E+03, -9.25710217365390E-01, -2.14009553500000E-01, -1.64570756736340E-01,  1.85950000000005E+02,  1.01583704221173E+03,  1.74176778537557E+03
 1.96616666700000E+03, -6.14482839203048E-01, -6.27633145000000E-02, -1.58118531931751E-01,  1.86130000000005E+02,  5.63830617737096E+02,  9.90090220418985E+02
 1.96625000000000E+03, -3.56383419223736E-01,  2.33006470000000E-02, -1.90004897095691E-01,  1.86310000000005E+02,  4.37657112252410E+02,  9.25137448747607E+02
 1.96633333300000E+03, -3.99298584085495E-01, -3.24571450000000E-03, -1.91985168732386E-01,  1.86490000000005E+02,  3.70343455537396E+02,  5.59833636493829E+02
 1.96641666700000E+03, -5.10372549657372E-01, -1.38284591500000E-01, -1.93819248512910E-01,  1.86670000000005E+02,  3.34917436108450E+02,  3.26306061813684E+02
 1.96650000000000E+03, -6.09205259753338E-01, -2.98857934750000E-01, -1.95501462490340E-01,  1.86850000000005E+02,  4.93552846347773E+02,  6.32426681585074E+02
 1.96658333300000E+03, -6.54179301000138E-01, -3.55066825500000E-01, -1.97026532728097E-01,  1.87030000000005E+02,  1.42703727252616E+03,  1.47224090527135E+03
 1.96666666700000E+03, -6.47988637303972E-01, -3.38792724750000E-01, -1.98389578329756E-01,  1.87210000000005E+02,  2.60741955914402E+03,  2.26133692769288E+03
 1.96675000000000E+03, -6.11847255479262E-01, -3.78782282750000E-01, -1.98272324676501E-01,  1.87390000000005E+02,  2.97901879667922E+03,  2.68458326298989E+03
 1.96683333300000E+03, -5.57316191517027E-01, -4.86258314500000E-01, -1.99484194219285E-01,  1.87570000000005E+02,  3.02237011099404E+03,  3.22498248280404E+03
 1.96691666700000E+03, -5.16439255974640E-01, -6.39562445500000E-01, -2.00525823946665E-01,  1.87750000000005E+02,  2.91741568247707E+03,  3.42449377226007E+03
 1.96700000000000E+03, -5.08823887350519E-01, -8.33424886000000E-01, -2.01393485857283E-01,  1.87930000000005E+02,  2.08164291340785E+03,  2.94965425182362E+03
 1.96708333300000E+03, -5.15033205521663E-01, -9.84389210250000E-01, -2.02083844975290E-01,  1.88110000000005E+02,  1.11199738905241E+03,  2.54043983168398E+03
 1.96716666700000E+03, -4.91824279132471E-01, -1.03041927075000E+00, -2.02593956418373E-01,  1.88290000000005E+02,  6.65611420605763E+02,  2.10736304866429E+03
 1.96725000000000E+03, -4.20793687391452E-01, -1.00102169125000E+00,  1.14910457392125E-01,  1.88470000000005E+02,  6.42606839726909E+02,  1.71290610294224E+03
 1.96733333300000E+03, -3.59860082964304E-01, -8.34936192500000E-01,  1.14931645099090E-01,  1.88650000000005E+02,  8.40832626873363E+02,  1.88484357304526E+03
 1.96741666700000E+03, -3.55546581049944E-01, -4.66479863250000E-01,  1.15229380651176E-01,  1.88830000000005E+02,  8.30081895330947E+02,  1.88530253417512E+03
 1.96750000000000E+03, -3.95425070794822E-01, -1.45019997750000E-01,  1.15793736550378E-01,  1.89010000000005E+02,  7.09534162131994E+02,  1.58620706526640E+03
 1.96758333300000E+03, -4.56016778751594E-01, -2.06396333750000E-01,  1.16614293001804E-01,  1.89190000000005E+02,  7.97569784797049E+02,  1.67090030959768E+03
 1.96766666700000E+03, -5.14718119204787E-01, -5.09664525000000E-01,  1.17680177300951E-01,  1.89370000000005E+02,  7.31141979559467E+02,  1.48968730312461E+03
 1.96775000000000E+03, -5.51263104208331E-01, -5.48767942500000E-01,  1.19343689394472E-01,  1.89550000000005E+02,  9.25734997174747E+02,  1.25335514608264E+03
 1.96783333300000E+03, -5.59225275243311E-01, -2.34782035000000E-01,  1.20920223654342E-01,  1.89730000000005E+02,  1.96647274444616E+03,  2.39554003030058E+03
 1.96791666700000E+03, -5.29727138576929E-01, -4.85555772500000E-02,  1.22704069978457E-01,  1.89910000000005E+02,  2.80211845344095E+03,  4.11487103369877E+03
 1.96800000000000E+03, -4.55911189753055E-01, -1.84723426000000E-01,  1.24682869392187E-01,  1.90090000000005E+02,  2.93676875197817E+03,  4.82635692435391E+03
 1.96808333300000E+03, -3.67663023943959E-01, -2.43794359500000E-01,  1.26844015617766E-01,  1.90270000000005E+02,  3.20301125894864E+03,  4.89172538540279E+03
 1.96816666700000E+03, -5.24149515352328E-01, -2.90410787500000E-02,  1.29174693156074E-01,  1.90450000000005E+02,  3.25907713031651E+03,  4.64514575183014E+03
 1.96825000000000E+03, -9.45133527911467E-01,  1.63429070750000E-01,  1.50567583634875E-01,  1.90630000000005E+02,  2.54636872776905E+03,  3.58967887741753E+03
 1.96833333300000E+03, -1.03523278127023E+00,  1.71123881000000E-01,  1.53804456280991E-01,  1.90810000000005E+02,  1.95810769336905E+03,  2.12401760836445E+03
 1.96841666700000E+03, -6.84043651079900E-01,  1.31280289500000E-01,  1.57086198133137E-01,  1.90990000000005E+02,  1.80860299094860E+03,  1.45578101234481E+03
 1.96850000000000E+03, -4.63451811627735E-01,  1.11121592500000E-01,  1.60399897094793E-01,  1.91170000000005E+02,  1.79950688164649E+03,  2.55595379528563E+03
 1.96858333300000E+03, -5.84180788141591E-01,  4.20100790000000E-02,  1.63732808553607E-01,  1.91350000000005E+02,  2.65234794314984E+03,  4.95222573158506E+03
 1.96866666700000E+03, -7.50014266257428E-01, -1.56573362750000E-01,  1.67072381497104E-01,  1.91530000000005E+02,  4.02337032949633E+03,  6.73252259225593E+03
 1.96875000000000E+03, -6.66693970232408E-01, -4.69223474750000E-01,  1.66571615355287E-01,  1.91710000000005E+02,  4.52384218620517E+03,  7.55356037464280E+03
 1.96883333300000E+03, -2.42638510863088E-01, -7.23398251500000E-01,  1.69907144509835E-01,  1.91890000000005E+02,  4.95377067063086E+03,  8.44286475608560E+03
 1.96891666700000E+03,  2.36077227645493E-01, -7.77905052750000E-01,  1.73226708923816E-01,  1.92070000000005E+02,  5.84352549130965E+03,  8.23718357353703E+03
 1.96900000000000E+03,  3.63880644891808E-01, -5.79064162000000E-01,  1.76518441337196E-01,  1.92250000000005E+02,  5.26311346525840E+03,  5.96704397228810E+03
 1.96908333300000E+03,  3.09769380294286E-01, -1.12795602000000E-01,  1.79770756668261E-01,  1.92430000000005E+02,  3.46109909297386E+03,  3.82230404186103E+03
 1.96916666700000E+03, -2.11688469334183E-02,  2.63207638250000E-01,  1.82972371843219E-01,  1.92610000000005E+02,  2.77480471049965E+03,  3.09922884714561E+03
 1.96925000000000E+03, -7.75945989713185E-01,  1.18122337750000E-01, -1.63105129873711E-01,  1.92790000000005E+02,  2.82907397045826E+03,  2.72130675277120E+03
 1.96933333300000E+03, -1.14563893092906E+00, -1.97172180750000E-01, -1.66162598503037E-01,  1.92970000000005E+02,  2.39134808121183E+03,  2.66808641545289E+03
 1.96941666700000E+03, -9.20757705870689E-01, -1.47833757500000E-02, -1.69153295510906E-01,  1.93150000000005E+02,  2.24712320705464E+03,  3.51336730531424E+03
 1.96950000000000E+03, -6.88573887299315E-01,  5.85147833250000E-01, -1.72067792563275E-01,  1.93330000000005E+02,  2.78525372005845E+03,  4.27821360670706E+03
 1.96958333300000E+03, -7.04933158475877E-01,  1.07019704300000E+00, -1.74896991244027E-01,  1.93510000000005E+02,  2.95667500963365E+03,  4.07238649932046E+03
 1.96966666700000E+03, -7.84207767744457E-01,  1.28651040650000E+00, -1.77632134371928E-01,  1.93690000000005E+02,  2.38314773974980E+03,  3.56368168419146E+03
 1.96975000000000E+03, -6.49805365920238E-01,  1.37886794125000E+00, -1.83906125689980E-01,  1.93870000000005E+02,  1.80937162069714E+03,  3.03135851539409E+03
 1.96983333300000E+03, -4.14557151077003E-01,  1.36291872075000E+00, -1.86253374588919E-01,  1.94050000000005E+02,  1.45806676992781E+03,  2.35150468406286E+03
 1.96991666700000E+03, -3.09405596862593E-01,  1.04914507675000E+00, -1.88471914382120E-01,  1.94230000000005E+02,  1.21174585557751E+03,  3.24910567492861E+03
 1.97000000000000E+03, -3.68763231027779E-01,  4.06356664500000E-01, -1.90555002819543E-01,  1.94410000000005E+02,  1.91086359994127E+03,  6.04846766381119E+03
 1.97008333300000E+03, -4.91454857804449E-01, -1.78316786750000E-01, -1.92496286202063E-01,  1.94590000000005E+02,  3.48869058161511E+03,  7.85302825477414E+03
 1.97016666700000E+03, -6.24976429829107E-01, -5.10157704000000E-01, -1.94289802926345E-01,  1.94770000000005E+02,  4.38901942286527E+03,  8.77026730162158E+03
 1.97025000000000E+03, -7.84758597737870E-01, -8.47588042750000E-01, -1.82225155027655E-01,  1.94950000000005E+02,  4.71020621861759E+03,  1.05880428439494E+04
 1.97033333300000E+03, -8.48184024952270E-01, -1.18798939475000E+00, -1.79373675493190E-01,  1.95130000000005E+02,  5.14593200261600E+03,  1.07840631465865E+04
 1.97041666700000E+03, -7.32703597559407E-01, -1.23891741725000E+00, -1.76352351807721E-01,  1.95310000000005E+02,  4.61556763953473E+03,  8.64139582239016E+03
 1.97050000000000E+03, -6.70219882292062E-01, -1.02535447275000E+00, -1.73164603013233E-01,  1.95490000000005E+02,  3.11704536303627E+03,  7.58250344525877E+03
 1.97058333300000E+03, -8.91661240775854E-01, -8.71773006500000E-01, -1.69814061390814E-01,  1.95670000000005E+02,  2.09147140747555E+03,  7.10008181832016E+03
 1.97066666700000E+03, -1.14366546370979E+00, -9.69607356000000E-01, -1.66304561330698E-01,  1.95850000000005E+02,  1.46448809473113E+03,  5.03741520457194E+03
 1.97075000000000E+03, -1.20708285690742E+00, -1.20652761350000E+00, -1.68200147903374E-01,  1.96030000000005E+02,  7.28119712978703E+02,  3.02303371541767E+03
 1.97083333300000E+03, -1.11973876679734E+00, -1.39960535050000E+00, -1.64618024435368E-01,  1.96210000000005E+02,  2.87495951950692E+02,  2.07689989386682E+03
 1.97091666700000E+03, -8.07077421755506E-01, -1.53464080075000E+00, -1.60882903384352E-01,  1.96390000000005E+02,  2.62156427510829E+02,  1.58303377390162E+03
 1.97100000000000E+03, -6.12726555187912E-01, -1.68802818500000E+00, -1.56999069708619E-01,  1.96570000000005E+02,  5.02642757388306E+02,  2.18132889627797E+03
 1.97108333300000E+03, -6.68417945317052E-01, -1.89105196250000E+00, -1.52970971774312E-01,  1.96750000000005E+02,  9.62992461355368E+02,  3.71796515748595E+03
 1.97116666700000E+03, -5.54552268765197E-01, -1.99865560075000E+00, -1.48803210239012E-01,  1.96930000000005E+02,  1.47247316516079E+03,  4.77841119807293E+03
 1.97125000000000E+03, -5.33121911047584E-01, -1.66729649200000E+00,  4.79977856722705E-01,  1.97110000000005E+02,  2.00381676910560E+03,  5.51670289508239E+03
 1.97133333300000E+03, -7.13634384269078E-01, -9.35991862000000E-01,  4.72637613920710E-01,  1.97290000000005E+02,  2.55395223780716E+03,  6.81956233755445E+03
 1.97141666700000E+03, -7.38439561189164E-01, -4.52893117250000E-01,  4.64965724972762E-01,  1.97470000000005E+02,  2.83307585624621E+03,  7.71294319047788E+03
 1.97150000000000E+03, -6.20820967599068E-01, -6.26950817750000E-01,  4.56982522055814E-01,  1.97650000000005E+02,  2.70526468501937E+03,  7.07608216790458E+03
 1.97158333300000E+03, -4.69427550702979E-01, -1.22670849075000E+00,  4.48709173848312E-01,  1.97830000000005E+02,  2.55420146271506E+03,  6.34435941578209E+03
 1.97166666700000E+03, -5.22711300036295E-01, -1.81509175475000E+00,  4.40167585508449E-01,  1.98010000000005E+02,  2.62446398049643E+03,  6.70753433430819E+03
 1.97175000000000E+03, -7.63949015209586E-01, -2.04986863675000E+00,  4.26844034357165E-01,  1.98190000000005E+02,  2.49653520711563E+03,  6.57599731557603E+03
 1.97183333300000E+03, -9.79766553545970E-01, -1.85712682425000E+00,  4.17730340304180E-01,  1.98370000000005E+02,  2.05303489256438E+03,  5.21708669737634E+03
 1.97191666700000E+03, -1.01719645987184E+00, -1.55598443575000E+00,  4.08429590710428E-01,  1.98550000000005E+02,  1.72925503176675E+03,  4.31223411597504E+03
 1.97200000000000E+03, -9.17586385942416E-01, -1.50410702225000E+00,  3.98965781801022E-01,  1.98730000000005E+02,  1.34144258114760E+03,  4.43552561142189E+03
 1.97208333300000E+03, -6.64246409602121E-01, -1.59424231100000E+00,  3.89363108470684E-01,  1.98910000000005E+02,  6.78741552146315E+02,  4.40819402051461E+03
 1.97216666700000E+03, -4.35929062328397E-01, -1.42281648375000E+00,  3.79645871863616E-01,  1.99090000000005E+02,  4.34832196186690E+02,  3.87574952665599E+03
 1.97225000000000E+03, -6.84546815749321E-01, -8.52638468000000E-01,  4.22695815757348E-01,  1.99270000000005E+02,  8.63602497081315E+02,  3.62328667183957E+03
 1.97233333300000E+03, -1.03962010958892E+00, -2.08888162250000E-01,  4.13493511439895E-01,  1.99450000000005E+02,  1.38116627844558E+03,  3.85073258423044E+03
 1.97241666700000E+03, -1.01964528057973E+00,  1.29958615500000E-01,  4.04115108268763E-01,  1.99630000000005E+02,  1.83521660295382E+03,  4.04676118047794E+03
 1.97250000000000E+03, -6.05404826045401E-01,  1.77238736000000E-01,  3.94584705047208E-01,  1.99810000000005E+02,  2.35532269554533E+03,  4.06799584290419E+03
 1.97258333300000E+03, -2.94939450094106E-01,  1.36379551000000E-01,  3.84926556651807E-01,  1.99990000000005E+02,  2.73222763218792E+03,  3.91745475210265E+03
 1.97266666700000E+03, -3.30720913729653E-01,  1.09668096250000E-01,  3.75164982673754E-01,  2.00170000000005E+02,  2.94732693708930E+03,  3.75786680806777E+03
 1.97275000000000E+03, -2.94344678727387E-01,  9.44155320000000E-02,  3.73428518567279E-01,  2.00350000000005E+02,  3.18512482128223E+03,  3.97499042523096E+03
 1.97283333300000E+03, -1.10545974711109E-01, -2.60581800000000E-02,  3.63576333870428E-01,  2.00530000000005E+02,  3.20254848154281E+03,  3.85104276630713E+03
 1.97291666700000E+03,  2.55752962792604E-02, -3.35932575250000E-01,  3.53673466648807E-01,  2.00710000000005E+02,  2.99944250508749E+03,  2.90001363923791E+03
 1.97300000000000E+03,  4.67208412461159E-02, -7.19241595000000E-01,  3.43743866300340E-01,  2.00890000000005E+02,  3.31879429917709E+03,  2.63186512964118E+03
 1.97308333300000E+03,  2.93255892927546E-02, -9.71443254000000E-01,  3.33811195336831E-01,  2.01070000000005E+02,  4.02254180903555E+03,  3.42146502707782E+03
 1.97316666700000E+03, -1.16129371242551E-01, -1.01743942250000E+00,  3.23898753564405E-01,  2.01250000000005E+02,  4.02013849066696E+03,  3.70853503445514E+03
 1.97325000000000E+03, -4.64700666964974E-01, -9.51875127000000E-01,  1.12227391279732E-01,  2.01430000000005E+02,  3.56437588774601E+03,  3.50458465815613E+03
 1.97333333300000E+03, -8.06549418365738E-01, -8.79587327500000E-01,  1.06547155720553E-01,  2.01610000000005E+02,  3.39117034072691E+03,  3.52743001836468E+03
 1.97341666700000E+03, -9.89742111626636E-01, -8.70456035750000E-01,  1.00792838591832E-01,  2.01790000000005E+02,  2.69850145226885E+03,  3.17073840007810E+03
 1.97350000000000E+03, -1.10858531843551E+00, -9.54514676000000E-01,  9.49706932720738E-02,  2.01970000000005E+02,  1.31627412210096E+03,  2.50198304817232E+03
 1.97358333300000E+03, -1.20220504032654E+00, -1.02314447475000E+00,  8.90869748771184E-02,  2.02150000000005E+02,  8.53730619261609E+02,  2.57481155984816E+03
 1.97366666700000E+03, -1.22962462025519E+00, -1.03610521225000E+00,  8.31479303762892E-02,  2.02330000000005E+02,  1.72758197658495E+03,  3.90272661511521E+03
 1.97375000000000E+03, -1.07267465956058E+00, -1.12494367000000E+00,  8.48940570798877E-02,  2.02510000000005E+02,  2.77157010585840E+03,  6.62359621123861E+03
 1.97383333300000E+03, -8.18546180460373E-01, -1.20008120925000E+00,  7.89196623303407E-02,  2.02690000000005E+02,  3.74975003106460E+03,  9.68553192648986E+03
 1.97391666700000E+03, -6.21979080842644E-01, -1.04459888500000E+00,  7.29005583900442E-02,  2.02870000000005E+02,  5.01969873582427E+03,  1.10072243729093E+04
 1.97400000000000E+03, -3.33678836510387E-01, -7.77044297750000E-01,  6.68429230112947E-02,  2.03050000000005E+02,  6.01582809159058E+03,  1.05649150366074E+04
 1.97408333300000E+03, -1.71540552660880E-01, -5.78337986250000E-01,  6.07528918733653E-02,  2.03230000000005E+02,  6.15293196220289E+03,  9.36527138354762E+03
 1.97416666700000E+03, -4.55942826480824E-01, -3.70887789750000E-01,  5.46365501879176E-02,  2.03410000000005E+02,  5.59261240503725E+03,  6.70534017594111E+03
 1.97425000000000E+03, -8.23234017145951E-01, -8.73227132500000E-02,  1.52455092096891E-01,  2.03590000000005E+02,  4.50248915848847E+03,  3.43481426914775E+03
 1.97433333300000E+03, -7.64909431429761E-01,  1.99913009250000E-01,  1.47542327676718E-01,  2.03770000000005E+02,  3.18275088131243E+03,  2.31535803300768E+03
 1.97441666700000E+03, -6.73515300989635E-01,  3.67322999250000E-01,  1.42508973868305E-01,  2.03950000000005E+02,  2.18877220198749E+03,  2.90144550163631E+03
 1.97450000000000E+03, -7.02508655481534E-01,  3.49710042000000E-01,  1.37360916151085E-01,  2.04130000000005E+02,  1.40787900924732E+03,  3.45791778430349E+03
 1.97458333300000E+03, -5.17095780392272E-01,  1.68727964250000E-01,  1.32104126127178E-01,  2.04310000000005E+02,  7.93503951650748E+02,  4.65182026937264E+03
 1.97466666700000E+03, -3.82330140976905E-01, -1.65968002750000E-01,  1.26744649647285E-01,  2.04490000000005E+02,  1.22737819114877E+03,  6.53955026868468E+03
 1.97475000000000E+03, -4.93998013955299E-01, -5.49460431500000E-01,  1.14495464398420E-01,  2.04670000000005E+02,  2.53890777782143E+03,  8.48494896732690E+03
 1.97483333300000E+03, -7.50088927420129E-01, -8.45838564500000E-01,  1.08846867635574E-01,  2.04850000000005E+02,  3.23825102100308E+03,  1.10658617991465E+04
 1.97491666700000E+03, -9.89464177423017E-01, -1.14775359375000E+00,  1.03121670536237E-01,  2.05030000000005E+02,  3.23411639573417E+03,  1.32749493268092E+04
 1.97500000000000E+03, -1.11628367787387E+00, -1.51207949950000E+00,  9.73261229145265E-02,  2.05210000000005E+02,  3.38238200700577E+03,  1.31707125769369E+04
 1.97508333300000E+03, -1.22324811357036E+00, -1.68266682050000E+00,  9.14664803918346E-02,  2.05390000000005E+02,  3.26058757071838E+03,  1.14856349898242E+04
 1.97516666700000E+03, -1.09015032602481E+00, -1.49964024100000E+00,  8.55489943922619E-02,  2.05570000000005E+02,  2.41134549876530E+03,  9.42124178153735E+03
 1.97525000000000E+03, -6.22755584990080E-01, -1.22088291075000E+00,  1.15074346204752E-01,  2.05750000000005E+02,  1.68209221771705E+03,  6.45724395367183E+03
 1.97533333300000E+03, -3.44665296191140E-01, -1.13099908000000E+00,  1.14888290393910E-01,  2.05930000000005E+02,  1.63938399274879E+03,  3.37891672572540E+03
 1.97541666700000E+03, -3.36690906575649E-01, -1.24800200525000E+00,  1.14985676767090E-01,  2.06110000000005E+02,  1.68911690150435E+03,  2.34185052232367E+03
 1.97550000000000E+03, -3.58541463898860E-01, -1.47744522300000E+00,  1.15356960829380E-01,  2.06290000000005E+02,  1.35970938082066E+03,  2.58662620876776E+03
 1.97558333300000E+03, -3.93526315699917E-01, -1.64801796350000E+00,  1.15992077244342E-01,  2.06470000000005E+02,  9.71986071822115E+02,  2.05534153816822E+03
 1.97566666700000E+03, -4.33410663223581E-01, -1.59342774450000E+00,  1.16880479079792E-01,  2.06650000000005E+02,  7.33365537211881E+02,  1.79011684060795E+03
 1.97575000000000E+03, -4.76226009105575E-01, -1.40509515050000E+00,  1.18238235089453E-01,  2.06830000000005E+02,  5.82351465492420E+02,  2.48284334675648E+03
 1.97583333300000E+03, -5.19760543898527E-01, -1.31328869075000E+00,  1.19639932703634E-01,  2.07010000000005E+02,  9.94121656078799E+02,  3.01016526456368E+03
 1.97591666700000E+03, -5.62388856738823E-01, -1.33183234900000E+00,  1.21258640610507E-01,  2.07190000000005E+02,  2.13059251002761E+03,  4.87134765437631E+03
 1.97600000000000E+03, -5.57002893573581E-01, -1.31933611975000E+00,  1.23082225798592E-01,  2.07370000000005E+02,  3.21300931253648E+03,  8.44275382486736E+03
 1.97608333300000E+03, -4.54635862989981E-01, -1.16922786050000E+00,  1.25098277085712E-01,  2.07550000000005E+02,  4.19550447560540E+03,  1.05542872617577E+04
 1.97616666700000E+03, -1.83528598830793E-01, -7.20988829750000E-01,  1.27294143596809E-01,  2.07730000000005E+02,  5.39074444955633E+03,  1.15732620604334E+04
 1.97625000000000E+03,  1.83925791063357E-01,  1.70753400000001E-03,  1.78961183196640E-01,  2.07910000000005E+02,  5.76023694306590E+03,  1.28745959630612E+04
 1.97633333300000E+03,  5.17431160005397E-01,  6.04540952500000E-01,  1.82176527379839E-01,  2.08090000000005E+02,  4.81365774416057E+03,  1.17127471766346E+04
 1.97641666700000E+03,  8.45513000253940E-01,  9.03508696750000E-01,  1.85332921203070E-01,  2.08270000000005E+02,  3.66689561980366E+03,  8.46392184546187E+03
 1.97650000000000E+03,  1.01692515222679E+00,  1.08671269150000E+00,  1.88419653750725E-01,  2.08450000000005E+02,  2.67936432940287E+03,  6.72222153935418E+03
 1.97658333300000E+03,  9.76480167513708E-01,  1.21567459450000E+00,  1.91426363812306E-01,  2.08630000000005E+02,  1.59103958274059E+03,  5.85075393625620E+03
 1.97666666700000E+03,  9.61928604384078E-01,  1.28206386075000E+00,  1.94343054752563E-01,  2.08810000000005E+02,  9.36336801104325E+02,  4.55760961268761E+03
 1.97675000000000E+03,  1.07087606520554E+00,  1.36604924925000E+00,  1.95790770693836E-01,  2.08990000000005E+02,  8.58970912060261E+02,  4.07512807777587E+03
 1.97683333300000E+03,  1.17348671875554E+00,  1.33257181075000E+00,  1.98553508727707E-01,  2.09170000000005E+02,  9.07046456699932E+02,  4.13325335863152E+03
 1.97691666700000E+03,  1.11213170373898E+00,  9.81658966000000E-01,  2.01202834960229E-01,  2.09350000000005E+02,  1.30006075066304E+03,  4.03308518458743E+03
 1.97700000000000E+03,  9.66677600204568E-01,  5.26257574000000E-01,  2.03730130916450E-01,  2.09530000000005E+02,  2.28691267470709E+03,  4.58815384828502E+03
 1.97708333300000E+03,  9.51594113919754E-01,  3.40171330750000E-01,  2.06127193702363E-01,  2.09710000000005E+02,  3.14636082658531E+03,  5.32178146928016E+03
 1.97716666700000E+03,  6.67039762247194E-01,  4.22693089500000E-01,  2.08386243860829E-01,  2.09890000000005E+02,  3.29950277415262E+03,  5.05520537781841E+03
 1.97725000000000E+03,  1.02296780538636E-01,  4.89398001500000E-01,  4.24135190642118E-02,  2.10070000000005E+02,  3.46275405710172E+03,  4.75412143391976E+03
 1.97733333300000E+03, -1.18906167963840E-01,  3.50454701750000E-01,  3.62541915572785E-02,  2.10250000000005E+02,  4.15959004019786E+03,  5.26338863735600E+03
 1.97741666700000E+03, -1.52094864304894E-01,  9.73858217500000E-02,  3.00921729682355E-02,  2.10430000000005E+02,  4.45113344129417E+03,  5.18173732835095E+03
 1.97750000000000E+03, -1.60930892777974E-01,  3.64308100000000E-03,  2.39331828515896E-02,  2.10610000000005E+02,  3.98543770298274E+03,  4.22096180601158E+03
 1.97758333300000E+03,  9.11264853305338E-04,  1.82868365250000E-01,  1.77828470067556E-02,  2.10790000000005E+02,  3.69850110186351E+03,  3.85587598513066E+03
 1.97766666700000E+03,  1.76549723172965E-01,  5.32733464500000E-01,  1.16466914291031E-02,  2.10970000000005E+02,  3.46862438743872E+03,  3.69135510772513E+03
 1.97775000000000E+03,  3.77298234869808E-01,  9.50654747750000E-01,  7.16386980671002E-03,  2.11150000000005E+02,  2.57017748031287E+03,  3.03932257177696E+03
 1.97783333300000E+03,  6.79528065882418E-01,  1.33635417950000E+00,  1.06504902473983E-03,  2.11330000000005E+02,  1.58950970874179E+03,  3.23250971376705E+03
 1.97791666700000E+03,  7.95296493916253E-01,  1.54238250225000E+00, -5.00504526576077E-03,  2.11510000000006E+02,  1.20466258532659E+03,  4.29668238192991E+03
 1.97800000000000E+03,  9.02936726849535E-01,  1.48064914575000E+00, -1.10413073662358E-02,  2.11690000000006E+02,  1.35830193951816E+03,  5.45949417809592E+03
 1.97808333300000E+03,  9.25734358501964E-01,  1.12911343775000E+00, -1.70387554852571E-02,  2.11870000000006E+02,  2.17598930097248E+03,  7.72529984805126E+03
 1.97816666700000E+03,  6.94612537594091E-01,  4.92685213750000E-01, -2.29925358935347E-02,  2.12050000000006E+02,  3.33286145927755E+03,  9.71329769980431E+03
 1.97825000000000E+03,  6.15390552718118E-01, -1.59725699750000E-01,  2.20035011527166E-01,  2.12230000000006E+02,  3.79672681415685E+03,  8.64418262951556E+03
 1.97833333300000E+03,  5.97811704857340E-01, -4.14197561000000E-01,  2.18932536596977E-01,  2.12410000000006E+02,  3.54367061268613E+03,  7.34238984862623E+03
 1.97841666700000E+03,  5.69612600324817E-01, -2.28070806750000E-01,  2.17627273500111E-01,  2.12590000000006E+02,  3.36822330493853E+03,  8.38985592751834E+03
 1.97850000000000E+03,  6.89446014058920E-01,  5.44467830000000E-02,  2.16120023890709E-01,  2.12770000000006E+02,  3.00658448610306E+03,  7.84194424232222E+03
 1.97858333300000E+03,  9.26223001763642E-01,  1.05065095000000E-01,  2.14411948165057E-01,  2.12950000000006E+02,  2.03043134133884E+03,  5.68088827763546E+03
 1.97866666700000E+03,  1.12035485748314E+00, -7.97534152500000E-02,  2.12504554765597E-01,  2.13130000000006E+02,  1.38692971206147E+03,  6.78953420675665E+03
 1.97875000000000E+03,  1.10219061016853E+00, -3.09139031500000E-01,  2.09233663149674E-01,  2.13310000000006E+02,  1.62828967303023E+03,  8.45441756807272E+03
 1.97883333300000E+03,  9.43582115801974E-01, -3.86158222750000E-01,  2.06833390523523E-01,  2.13490000000006E+02,  1.82041478807312E+03,  6.59772586722854E+03
 1.97891666700000E+03,  8.84322242218555E-01, -1.40890301000000E-01,  2.04241706377979E-01,  2.13670000000006E+02,  1.50161731958019E+03,  5.08867695123819E+03
 1.97900000000000E+03,  9.72113513611702E-01,  3.30441092000000E-01,  2.01461548645340E-01,  2.13850000000006E+02,  1.17495926276137E+03,  5.18526338977542E+03
 1.97908333300000E+03,  1.03219796346448E+00,  7.00803186000000E-01,  1.98496138392621E-01,  2.14030000000006E+02,  1.03462170657573E+03,  3.92727882925183E+03
 1.97916666700000E+03,  8.44471459740660E-01,  8.02894601750000E-01,  1.95348967280459E-01,  2.14210000000006E+02,  9.56304199734441E+02,  3.35977035246471E+03
 1.97925000000000E+03,  4.94460837571632E-01,  7.74495732000000E-01,  1.77799111551082E-01,  2.14390000000006E+02,  9.13283869185316E+02,  5.08060042314969E+03
 1.97933333300000E+03,  4.22542190058769E-01,  8.78006831000000E-01,  1.81032873072599E-01,  2.14570000000006E+02,  8.81729753679871E+02,  6.01056232107751E+03
 1.97941666700000E+03,  7.04785931208662E-01,  1.15203251250000E+00,  1.84211596472679E-01,  2.14750000000006E+02,  8.40126076032918E+02,  5.71543608013545E+03
 1.97950000000000E+03,  9.54601370166160E-01,  1.32061858650000E+00,  1.87324449636500E-01,  2.14930000000006E+02,  8.89376839569712E+02,  6.44986042811813E+03
 1.97958333300000E+03,  9.69992041013298E-01,  1.22623966700000E+00,  1.90360944517074E-01,  2.15110000000006E+02,  1.19853873117132E+03,  7.73535846433251E+03
 1.97966666700000E+03,  9.12066120332495E-01,  1.07996868525000E+00,  1.93310952475700E-01,  2.15290000000006E+02,  1.67029440796832E+03,  7.62089420455482E+03
 1.97975000000000E+03,  9.65332444504257E-01,  1.11865487800000E+00,  1.94934292215033E-01,  2.15470000000006E+02,  2.05933090607281E+03,  6.76629785044661E+03
 1.97983333300000E+03,  1.07826363894948E+00,  1.29478227975000E+00,  1.97729568843195E-01,  2.15650000000006E+02,  2.32831856276547E+03,  6.56633829480036E+03
 1.97991666700000E+03,  1.05197994495979E+00,  1.43884119400000E+00,  2.00414120540010E-01,  2.15830000000006E+02,  2.41722846090745E+03,  5.48134696984336E+03
 1.98000000000000E+03,  8.95543231572265E-01,  1.40408029000000E+00,  2.02979204884549E-01,  2.16010000000006E+02,  2.23217818470429E+03,  3.30045038079284E+03
 1.98008333300000E+03,  8.40789420819582E-01,  1.03630126075000E+00,  2.05416492419797E-01,  2.16190000000006E+02,  1.77734810063342E+03,  2.40737407012551E+03
 1.98016666700000E+03,  8.01683063876387E-01,  5.17233663000000E-01,  2.07718074878227E-01,  2.16370000000006E+02,  1.35133897970069E+03,  2.32671988218922E+03
 1.98025000000000E+03,  6.63480499183107E-01,  2.63620556500000E-01,  2.17819945919186E-01,  2.16550000000006E+02,  1.76395656415441E+03,  3.30321806171571E+03
 1.98033333300000E+03,  7.04892802712510E-01,  3.41555969250000E-01,  2.16340584074531E-01,  2.16730000000006E+02,  2.81745037760460E+03,  6.80476876496065E+03
 1.98041666700000E+03,  9.54034908793940E-01,  6.45060928000000E-01,  2.14660214555369E-01,  2.16910000000006E+02,  3.12975002437647E+03,  8.78503286991153E+03
 1.98050000000000E+03,  1.16188978761054E+00,  9.91095935250000E-01,  2.12780298297089E-01,  2.17090000000006E+02,  2.89612896882929E+03,  7.72325651493255E+03
 1.98058333300000E+03,  1.18738942671370E+00,  1.12481625050000E+00,  2.10702634756263E-01,  2.17270000000006E+02,  2.88372744018696E+03,  7.83055168524825E+03
 1.98066666700000E+03,  1.09481947514496E+00,  1.22657214150000E+00,  2.08429350530833E-01,  2.17450000000006E+02,  2.19102542690451E+03,  7.21536479186934E+03
 1.98075000000000E+03,  1.00106983096821E+00,  1.54624367625000E+00,  2.08352410730491E-01,  2.17630000000006E+02,  1.07009869829655E+03,  3.63541501793923E+03
 1.98083333300000E+03,  9.05863623483510E-01,  1.84401916150000E+00,  2.05879729925877E-01,  2.17810000000006E+02,  1.17946088934515E+03,  2.31824464877056E+03
 1.98091666700000E+03,  9.13808618302669E-01,  1.89232974400000E+00,  2.03216709944729E-01,  2.17990000000006E+02,  2.09920990558503E+03,  4.24019635046912E+03
 1.98100000000000E+03,  1.01187748038527E+00,  1.82494585850000E+00,  2.00366396803345E-01,  2.18170000000006E+02,  2.68322880856619E+03,  5.22635934466602E+03
 1.98108333300000E+03,  1.00784309377949E+00,  1.78825006925000E+00,  1.97332114950058E-01,  2.18350000000006E+02,  3.19329716966691E+03,  5.65019242637412E+03
 1.98116666700000E+03,  9.73218811410761E-01,  1.66301697325000E+00,  1.94117454662655E-01,  2.18530000000006E+02,  3.55791851317067E+03,  7.27022296731854E+03
 1.98125000000000E+03,  9.96698373551365E-01,  1.35037530825000E+00,  2.21576038089436E-01,  2.18710000000006E+02,  3.11622896946156E+03,  8.49480728945099E+03
 1.98133333300000E+03,  9.15258415770145E-01,  1.01556173450000E+00,  2.20861809159431E-01,  2.18890000000006E+02,  2.22200754772089E+03,  7.72861076646474E+03
 1.98141666700000E+03,  7.23602177295501E-01,  7.85778284000000E-01,  2.19944294719598E-01,  2.19070000000006E+02,  1.69624369143129E+03,  6.35003964192271E+03
 1.98150000000000E+03,  5.66556905154368E-01,  7.07510517750000E-01,  2.18823582990844E-01,  2.19250000000006E+02,  1.29662667318790E+03,  5.73142424402894E+03
 1.98158333300000E+03,  5.34917250871787E-01,  7.79196881250000E-01,  2.17500140162628E-01,  2.19430000000006E+02,  7.63175443277568E+02,  4.57747416633516E+03
 1.98166666700000E+03,  7.05166110193932E-01,  7.58268325000000E-01,  2.15974800536262E-01,  2.19610000000006E+02,  1.24285226416425E+03,  3.74247611124012E+03
 1.98175000000000E+03,  1.01407067861690E+00,  5.29886149250000E-01,  2.13779912539149E-01,  2.19790000000006E+02,  2.87250857077429E+03,  5.69232360775670E+03
 1.98183333300000E+03,  1.22606719614942E+00,  3.03284562250000E-01,  2.11804543451744E-01,  2.19970000000006E+02,  3.89261065261817E+03,  7.88801313859884E+03
 1.98191666700000E+03,  1.17898966807154E+00,  1.39428241250000E-01,  2.09632410835012E-01,  2.20150000000006E+02,  4.09983280777071E+03,  7.92856224944169E+03
 1.98200000000000E+03,  9.62357513400055E-01, -7.49261955000000E-02,  2.07265794640476E-01,  2.20330000000006E+02,  4.26017908589877E+03,  7.52053682249440E+03
 1.98208333300000E+03,  8.44688091371786E-01, -2.29931495250000E-01,  2.04707284535460E-01,  2.20510000000006E+02,  3.49871208160528E+03,  6.03310022858340E+03
 1.98216666700000E+03,  5.54182027616597E-01, -9.44679680000000E-02,  2.01959767809890E-01,  2.20690000000006E+02,  1.81707162975818E+03,  2.90722596268439E+03
 1.98225000000000E+03, -3.81174040068869E-03,  2.66109969500000E-01,  3.61824589790380E-01,  2.20870000000006E+02,  9.15096717904683E+02,  1.36115240127287E+03
 1.98233333300000E+03, -1.61007807055872E-01,  5.95678237000000E-01,  3.51915246868695E-01,  2.21050000000006E+02,  1.09855528679308E+03,  2.06281227816807E+03
 1.98241666700000E+03,  5.77877398083671E-02,  7.12650781750000E-01,  3.41983386855866E-01,  2.21230000000006E+02,  1.64471727351919E+03,  3.02144697892012E+03
 1.98250000000000E+03,  2.19779982488259E-01,  5.80598139750000E-01,  3.32052613419788E-01,  2.21410000000006E+02,  2.52905161370954E+03,  4.01783357840716E+03
 1.98258333300000E+03,  2.67250473368648E-01,  4.82457963750000E-01,  3.22146154458966E-01,  2.21590000000006E+02,  3.47973170893654E+03,  4.70470324494468E+03
 1.98266666700000E+03,  5.10011914348582E-01,  7.19413068750000E-01,  3.12286790537501E-01,  2.21770000000006E+02,  3.78686561202802E+03,  4.32513819641389E+03
 1.98275000000000E+03,  1.02162017160105E+00,  1.23691798600000E+00,  3.00754125975870E-01,  2.21950000000006E+02,  3.50939856535549E+03,  3.53894796120012E+03
 1.98283333300000E+03,  1.19852900542519E+00,  1.82534519500000E+00,  2.91073698833985E-01,  2.22130000000006E+02,  3.09234892040126E+03,  2.62997523000388E+03
 1.98291666700000E+03,  1.02091604202583E+00,  2.19636957225000E+00,  2.81509060062901E-01,  2.22310000000006E+02,  2.46809604464431E+03,  1.61529160930751E+03
 1.98300000000000E+03,  1.14949255642450E+00,  2.20981962250000E+00,  2.72080432318455E-01,  2.22490000000006E+02,  1.82704053984769E+03,  2.00726733153659E+03
 1.98308333300000E+03,  1.61683732787909E+00,  2.18703746725000E+00,  2.62807282834031E-01,  2.22670000000006E+02,  1.72636707548098E+03,  3.81838560836704E+03
 1.98316666700000E+03,  1.69904199469854E+00,  2.35633219425000E+00,  2.53708276575960E-01,  2.22850000000006E+02,  1.88490575275703E+03,  4.84383518543734E+03
 1.98325000000000E+03,  1.38817993144732E+00,  2.37287309700000E+00,  3.14604940705220E-01,  2.23030000000006E+02,  1.84117674523980E+03,  5.56911425744462E+03
 1.98333333300000E+03,  1.14454534716728E+00,  1.95906099600000E+00,  3.04796615218796E-01,  2.23210000000006E+02,  1.77512905294010E+03,  7.04126180659423E+03
 1.98341666700000E+03,  8.64338217534385E-01,  1.45902524600000E+00,  2.95074281097323E-01,  2.23390000000006E+02,  1.60624692111596E+03,  6.74362532999967E+03
 1.98350000000000E+03,  9.09609587085553E-01,  1.33049301800000E+00,  2.85459141520639E-01,  2.23570000000006E+02,  1.29158062459454E+03,  4.84136543740983E+03
 1.98358333300000E+03,  1.33255818312907E+00,  1.53240703325000E+00,  2.75971717617597E-01,  2.23750000000006E+02,  1.23013572052507E+03,  4.92550794879897E+03
 1.98366666700000E+03,  1.53863498096910E+00,  1.69107895275000E+00,  2.66631795739249E-01,  2.23930000000006E+02,  1.34479931040322E+03,  6.02859881252303E+03
 1.98375000000000E+03,  1.47207199019856E+00,  1.65190667700000E+00,  2.67828562946548E-01,  2.24110000000006E+02,  1.35787352945158E+03,  5.67469324951025E+03
 1.98383333300000E+03,  1.50807955498693E+00,  1.56922003450000E+00,  2.58632611554862E-01,  2.24290000000006E+02,  1.28728239852941E+03,  5.19389106145240E+03
 1.98391666700000E+03,  1.76729805410328E+00,  1.48339390325000E+00,  2.49619042092536E-01,  2.24470000000006E+02,  1.18504512236248E+03,  5.15225397826026E+03
 1.98400000000000E+03,  1.60489882367417E+00,  1.24307771225000E+00,  2.40805276015118E-01,  2.24650000000006E+02,  1.19457904368413E+03,  4.32152908604395E+03
 1.98408333300000E+03,  1.20146425009006E+00,  8.09219607000000E-01,  2.32207835212868E-01,  2.24830000000006E+02,  1.19712025438752E+03,  3.22284764753223E+03
 1.98416666700000E+03,  1.20948682204115E+00,  4.01851429500000E-01,  2.23842309609837E-01,  2.25010000000006E+02,  1.00580520125740E+03,  3.09964054344735E+03
 1.98425000000000E+03,  1.13369197361901E+00,  3.10571084000000E-01,  2.01935954684420E-01,  2.25190000000006E+02,  9.22396404155555E+02,  3.59377201285096E+03
 1.98433333300000E+03,  9.43152925978303E-01,  4.91003219000000E-01,  2.04426949544719E-01,  2.25370000000006E+02,  8.94458456119158E+02,  3.57731977578808E+03
 1.98441666700000E+03,  1.00439302451836E+00,  6.61046946500000E-01,  2.06785450507059E-01,  2.25550000000006E+02,  5.52027172310162E+02,  3.27313267991645E+03
 1.98450000000000E+03,  1.16985734398040E+00,  6.87940670500000E-01,  2.09003800070369E-01,  2.25730000000006E+02,  1.62140807664042E+02,  3.07735374098844E+03
 1.98458333300000E+03,  1.24439974477645E+00,  6.28532342750000E-01,  2.11074772498318E-01,  2.25910000000006E+02,  1.45938511262638E+02,  2.36542995192985E+03
 1.98466666700000E+03,  1.19497843209081E+00,  6.36913857750000E-01,  2.12991578958519E-01,  2.26090000000006E+02,  5.23878839518119E+02,  2.18139353733725E+03
 1.98475000000000E+03,  1.10315081879598E+00,  6.78489130750000E-01,  2.12988995561077E-01,  2.26270000000006E+02,  9.15099503604658E+02,  3.37269935210516E+03
 1.98483333300000E+03,  9.15540066992989E-01,  5.11559058000000E-01,  2.14745518019103E-01,  2.26450000000006E+02,  9.86103993974214E+02,  3.78213186102813E+03
 1.98491666700000E+03,  6.63189928248553E-01,  1.63429553500000E-01,  2.16335630419386E-01,  2.26630000000006E+02,  1.06755527536359E+03,  3.10591236691018E+03
 1.98500000000000E+03,  4.95908055450342E-01, -6.27480232500000E-02,  2.17753873580989E-01,  2.26810000000006E+02,  1.19785273608277E+03,  2.95013748931221E+03
 1.98508333300000E+03,  5.03220809239574E-01,  3.82768475000000E-02,  2.18995234675859E-01,  2.26990000000006E+02,  9.14866471831798E+02,  2.51338945532883E+03
 1.98516666700000E+03,  4.43628446585487E-01,  4.05261584750000E-01,  2.20055146981665E-01,  2.27170000000006E+02,  6.98534878899150E+02,  1.98674314316996E+03
 1.98525000000000E+03,  6.55148006146672E-02,  7.32616684750000E-01,  3.71658064654154E-01,  2.27350000000006E+02,  1.11628973551234E+03,  3.11770064994651E+03
 1.98533333300000E+03, -2.16439665780384E-01,  7.88817921500000E-01,  3.61794968103098E-01,  2.27530000000006E+02,  1.61917113163777E+03,  4.84200247780332E+03
 1.98541666700000E+03, -1.51410609722610E-01,  6.05015184250000E-01,  3.51885522182304E-01,  2.27710000000006E+02,  1.81631911094877E+03,  5.70339447119486E+03
 1.98550000000000E+03,  3.17601555158943E-02,  3.22860842000000E-01,  3.41953630351774E-01,  2.27890000000006E+02,  1.86024794944530E+03,  6.03627348020443E+03
 1.98558333300000E+03,  1.86017064192182E-01,  2.45980799500000E-01,  3.32022895264448E-01,  2.28070000000006E+02,  1.71908463044945E+03,  5.53320324330017E+03
 1.98566666700000E+03,  4.61781859173935E-01,  6.54047262250000E-01,  3.22116543584043E-01,  2.28250000000006E+02,  1.60293915952167E+03,  4.28123472824555E+03
 1.98575000000000E+03,  7.23057346410599E-01,  1.35614275525000E+00,  3.05934843538804E-01,  2.28430000000006E+02,  1.92657224430814E+03,  3.76561210605751E+03
 1.98583333300000E+03,  7.09349528268103E-01,  1.90085430975000E+00,  2.96201391854560E-01,  2.28610000000006E+02,  2.30264661470616E+03,  3.84524846184922E+03
 1.98591666700000E+03,  9.40716842354871E-01,  2.02399790600000E+00,  2.86572699512642E-01,  2.28790000000006E+02,  2.32245705935473E+03,  3.34522514958156E+03
 1.98600000000000E+03,  1.33640119855661E+00,  1.78972537675000E+00,  2.77069369862681E-01,  2.28970000000006E+02,  2.87972432377560E+03,  3.65965192571574E+03
 1.98608333300000E+03,  1.40829419760562E+00,  1.50329928900000E+00,  2.67711277403959E-01,  2.29150000000006E+02,  4.12088294828212E+03,  5.90668027148509E+03
 1.98616666700000E+03,  1.03041766931465E+00,  1.34151147650000E+00,  2.58517518725308E-01,  2.29330000000006E+02,  4.41994856112611E+03,  7.62052908707699E+03
 1.98625000000000E+03,  4.45142313633259E-01,  1.16713722825000E+00,  7.02072352866319E-01,  2.29510000000006E+02,  3.85802392903134E+03,  7.83666394264364E+03
 1.98633333300000E+03,  1.96782501252496E-01,  9.44330672500000E-01,  6.88611772664899E-01,  2.29690000000006E+02,  3.87711171011702E+03,  8.37029067868708E+03
 1.98641666700000E+03,  1.12832719786943E-01,  9.74158939000000E-01,  6.75004583137535E-01,  2.29870000000006E+02,  3.63720698055717E+03,  8.23012554076100E+03
 1.98650000000000E+03,  1.40107639019762E-01,  1.35765861925000E+00,  6.61313180493894E-01,  2.30050000000006E+02,  2.27943001976657E+03,  5.96222731038413E+03
 1.98658333300000E+03,  5.56759962058430E-01,  1.74846497900000E+00,  6.47599513312448E-01,  2.30230000000006E+02,  1.17343837769965E+03,  3.86721348369757E+03
 1.98666666700000E+03,  1.07266925878302E+00,  1.91646709075000E+00,  6.33924693229638E-01,  2.30410000000006E+02,  9.37349777347419E+02,  3.42468773216083E+03
 1.98675000000000E+03,  1.32117782146188E+00,  1.99048217325000E+00,  6.19245107399167E-01,  2.30590000000006E+02,  8.01500326084494E+02,  3.22499160889768E+03
 1.98683333300000E+03,  1.38679332375574E+00,  2.05988277625000E+00,  6.05841491825537E-01,  2.30770000000006E+02,  4.88018704471720E+02,  3.13019732002296E+03
 1.98691666700000E+03,  1.47060449604189E+00,  2.06339955850000E+00,  5.92655935355689E-01,  2.30950000000006E+02,  2.83726158045402E+02,  4.25998708821100E+03
 1.98700000000000E+03,  1.61534053983192E+00,  1.96145011025000E+00,  5.79742489476070E-01,  2.31130000000006E+02,  3.60152777903478E+02,  5.35269550205443E+03
 1.98708333300000E+03,  1.78601007725140E+00,  1.78987982675000E+00,  5.67152694249640E-01,  2.31310000000006E+02,  4.32774152450572E+02,  4.85584603752046E+03
 1.98716666700000E+03,  1.80294343374879E+00,  1.76483417350000E+00,  5.54935318846833E-01,  2.31490000000006E+02,  5.66797737324805E+02,  5.01087629899070E+03
 1.98725000000000E+03,  1.63449723813694E+00,  2.01299645450000E+00,  6.09096189067624E-01,  2.31670000000006E+02,  1.18039794549751E+03,  6.71927760162483E+03
 1.98733333300000E+03,  1.63912347957969E+00,  2.23913644125000E+00,  5.95852312340124E-01,  2.31850000000006E+02,  1.58669954952825E+03,  6.49534611001436E+03
 1.98741666700000E+03,  1.94183189827623E+00,  2.15810610900000E+00,  5.82867569972208E-01,  2.32030000000006E+02,  1.39601975518224E+03,  4.75248282759323E+03
 1.98750000000000E+03,  2.19020014113721E+00,  1.88720926500000E+00,  5.70194140128372E-01,  2.32210000000006E+02,  1.52512631986004E+03,  4.69693839526087E+03
 1.98758333300000E+03,  1.97252941847074E+00,  1.63308289250000E+00,  5.57881491117735E-01,  2.32390000000006E+02,  1.74993724114991E+03,  4.33272053810511E+03
 1.98766666700000E+03,  1.54724860002844E+00,  1.39568254875000E+00,  5.45976141053683E-01,  2.32570000000006E+02,  1.36621388227972E+03,  2.56777297423326E+03
 1.98775000000000E+03,  1.27794849508955E+00,  1.18227902425000E+00,  5.45037959164675E-01,  2.32750000000006E+02,  1.10896171183681E+03,  2.39615762771898E+03
 1.98783333300000E+03,  9.93340163940193E-01,  1.08348068900000E+00,  5.33621277466086E-01,  2.32930000000006E+02,  1.22752853091036E+03,  3.31127574839740E+03
 1.98791666700000E+03,  8.50373513779269E-01,  1.04335117900000E+00,  5.22698314047809E-01,  2.33110000000006E+02,  1.04181794645841E+03,  3.52652343026917E+03
 1.98800000000000E+03,  8.36332944683681E-01,  9.54824330000000E-01,  5.12305266009669E-01,  2.33290000000006E+02,  6.38322137032045E+02,  4.07300981424237E+03
 1.98808333300000E+03,  6.96817774397413E-01,  8.04428421250000E-01,  5.02474670984547E-01,  2.33470000000006E+02,  3.96753480252247E+02,  4.59355832883638E+03
 1.98816666700000E+03,  1.70492741401341E-01,  5.69740635750000E-01,  4.93235300557777E-01,  2.33650000000006E+02,  3.12680401859355E+02,  3.99589717854016E+03
 1.98825000000000E+03, -6.58968351576125E-01,  2.33757343250000E-01,  4.17953937843033E-01,  2.33830000000006E+02,  3.81535228001569E+02,  3.40544866882254E+03
 1.98833333300000E+03, -9.87021676007637E-01, -7.44013945000000E-02,  4.08657446803790E-01,  2.34010000000006E+02,  6.58170088819137E+02,  3.64288013879973E+03
 1.98841666700000E+03, -8.83819319881704E-01, -1.64841158000000E-01,  3.99197311076352E-01,  2.34190000000006E+02,  1.14039865416733E+03,  3.96338153774649E+03
 1.98850000000000E+03, -6.50800655559399E-01, -7.50981672500000E-02,  3.89597721835511E-01,  2.34370000000006E+02,  1.61479414060449E+03,  3.76111687763563E+03
 1.98858333300000E+03, -1.38126205717908E-01, -9.87117377500000E-02,  3.79882978722316E-01,  2.34550000000006E+02,  1.80072928232152E+03,  3.26955140818986E+03
 1.98866666700000E+03,  1.60923799967321E-01, -4.43847931000000E-01,  3.70077399755731E-01,  2.34730000000006E+02,  1.72195662440658E+03,  2.79484083822699E+03
 1.98875000000000E+03, -3.40925162526906E-02, -8.88187609250000E-01,  3.71624392274017E-01,  2.34910000000006E+02,  1.48969370381461E+03,  2.13323667359820E+03
 1.98883333300000E+03, -2.55128084944537E-01, -9.83053164750000E-01,  3.61761095920056E-01,  2.35090000000006E+02,  1.14997778801851E+03,  1.33826326326348E+03
 1.98891666700000E+03, -2.04260044185590E-01, -6.40808820000000E-01,  3.51851532485150E-01,  2.35270000000006E+02,  1.06603262543954E+03,  1.15291838811755E+03
 1.98900000000000E+03, -5.21154106662731E-03, -1.82128282000000E-01,  3.41919604531395E-01,  2.35450000000006E+02,  1.44722431644530E+03,  1.87399260065627E+03
 1.98908333300000E+03,  1.70742412507531E-01,  1.58102978500000E-01,  3.31988913550329E-01,  2.35630000000006E+02,  1.65058314277149E+03,  2.48476383436798E+03
 1.98916666700000E+03,  3.91946805377658E-01,  3.88629098750000E-01,  3.22082684792929E-01,  2.35810000000006E+02,  1.60862881797318E+03,  2.36481328117987E+03
 1.98925000000000E+03,  7.72565472338993E-01,  4.47997908500000E-01,  5.09998393584314E-01,  2.35990000000006E+02,  2.27591251679202E+03,  2.64998104085396E+03
 1.98933333300000E+03,  1.04836842884048E+00,  2.64539734000000E-01,  5.14267114699821E-01,  2.36170000000006E+02,  3.02452170601398E+03,  3.38753316008265E+03
 1.98941666700000E+03,  1.03552653612731E+00,  6.30544525000000E-03,  5.18308237370433E-01,  2.36350000000006E+02,  2.67178772570714E+03,  3.28416681967187E+03
 1.98950000000000E+03,  9.39693094280742E-01, -1.42389370500000E-01,  5.22091340747496E-01,  2.36530000000006E+02,  2.42613982365625E+03,  3.15241646399538E+03
 1.98958333300000E+03,  1.02841161233190E+00, -1.29155637000000E-01,  5.25587733710180E-01,  2.36710000000006E+02,  2.76980090899238E+03,  3.55754071333404E+03
 1.98966666700000E+03,  1.13737894069954E+00, -7.88911167500000E-02,  5.28770544275710E-01,  2.36890000000006E+02,  2.09902271213617E+03,  3.01924912311351E+03
 1.98975000000000E+03,  9.55439010037204E-01, -1.86689548000000E-01,  5.32749392846881E-01,  2.37070000000006E+02,  9.53498742234525E+02,  1.89060488360014E+03
 1.98983333300000E+03,  7.04750679855799E-01, -2.64596432500000E-01,  5.35066769265789E-01,  2.37250000000006E+02,  8.14840602899438E+02,  1.31862801242299E+03
 1.98991666700000E+03,  6.85981842679023E-01, -2.10953132500000E-02,  5.36993031660934E-01,  2.37430000000006E+02,  8.36389415909631E+02,  8.18511322761443E+02
 1.99000000000000E+03,  8.69204563451775E-01,  3.25904110000000E-01,  5.38510171717651E-01,  2.37610000000006E+02,  4.75496994490313E+02,  5.15269693138699E+02
 1.99008333300000E+03,  1.11547788986387E+00,  4.52096000250000E-01,  5.39602291764415E-01,  2.37790000000007E+02,  5.93002591316005E+02,  1.10713833102008E+03
 1.99016666700000E+03,  8.88030398420986E-01,  4.18652461250000E-01,  5.40255623732289E-01,  2.37970000000007E+02,  1.00516874921117E+03,  2.19386491293918E+03
 1.99025000000000E+03,  9.98447288438572E-02,  3.79407024000000E-01,  7.53228637289470E-01,  2.38150000000007E+02,  9.17739136776288E+02,  2.58805235199047E+03
 1.99033333300000E+03, -3.52532002458228E-01,  2.94313198000000E-01,  7.55733184757324E-01,  2.38330000000007E+02,  1.14406283801423E+03,  2.73400499000241E+03
 1.99041666700000E+03, -3.20374433242769E-01,  1.33990900000000E-02,  7.59015732141789E-01,  2.38510000000007E+02,  3.02151831127665E+03,  5.22334684867496E+03
 1.99050000000000E+03, -2.51547020980610E-01, -4.98438786750000E-01,  7.62999963992262E-01,  2.38690000000007E+02,  5.19791706336910E+03,  8.70081294892901E+03
 1.99058333300000E+03, -3.88760143499762E-01, -1.01403167600000E+00,  7.67604993525040E-01,  2.38870000000007E+02,  5.69808255033329E+03,  9.33027499742423E+03
 1.99066666700000E+03, -5.79211921726864E-01, -1.20108993625000E+00,  7.72746170728988E-01,  2.39050000000007E+02,  5.93988610818331E+03,  9.39914082880865E+03
 1.99075000000000E+03, -6.39129178032542E-01, -9.61878122500000E-01,  7.79757787462822E-01,  2.39230000000007E+02,  6.67130663671506E+03,  1.03224273376183E+04
 1.99083333300000E+03, -7.43547264989096E-01, -6.17039822000000E-01,  7.85780111390246E-01,  2.39410000000007E+02,  5.54113349122637E+03,  7.90787595216158E+03
 1.99091666700000E+03, -6.84151357927726E-01, -5.79884333500000E-01,  7.92047887418948E-01,  2.39590000000007E+02,  3.15645362040712E+03,  4.18264040364557E+03
 1.99100000000000E+03, -4.76505553494612E-01, -8.66679163250000E-01,  7.98469538382934E-01,  2.39770000000007E+02,  2.36353021694907E+03,  4.10116270549601E+03
 1.99108333300000E+03, -1.80273477971468E-01, -1.19600789425000E+00,  8.04953927797900E-01,  2.39950000000007E+02,  2.35141534091010E+03,  4.85940811649293E+03
 1.99116666700000E+03,  8.28023506453494E-02, -1.28528547650000E+00,  8.11411103950898E-01,  2.40130000000007E+02,  1.55996924254012E+03,  4.11772051029404E+03
 1.99125000000000E+03, -8.03897934192807E-02, -9.38241981750000E-01,  7.67572684430357E-01,  2.40310000000007E+02,  1.04430098575475E+03,  3.96856602906733E+03
 1.99133333300000E+03, -3.31233842069046E-01, -2.45510508000000E-01,  7.62025999376014E-01,  2.40490000000007E+02,  1.29303551337143E+03,  3.75266813235861E+03
 1.99141666700000E+03, -4.23221888575830E-01,  4.01422907750000E-01,  7.57614261856512E-01,  2.40670000000007E+02,  1.33569625425849E+03,  2.12488623205215E+03
 1.99150000000000E+03, -4.45567976268490E-01,  6.83951896250000E-01,  7.54322096794351E-01,  2.40850000000007E+02,  1.00620301358471E+03,  8.33052678541612E+02
 1.99158333300000E+03, -4.10317686275505E-01,  6.22242360000000E-01,  7.52124397764553E-01,  2.41030000000007E+02,  8.25674784761371E+02,  1.16306997952686E+03
 1.99166666700000E+03, -3.76355195921449E-01,  5.15725869250000E-01,  7.50986788427350E-01,  2.41210000000007E+02,  6.74945588091864E+02,  1.72071574984031E+03
 1.99175000000000E+03, -3.40534314619100E-01,  5.90811147000000E-01,  7.50826440655114E-01,  2.41390000000007E+02,  4.09663843439458E+02,  1.55495953462906E+03
 1.99183333300000E+03, -3.24593546370949E-01,  7.68822177500000E-01,  7.51068504642374E-01,  2.41570000000007E+02,  6.94427621439941E+02,  2.46078998569926E+03
 1.99191666700000E+03, -3.65979306061091E-01,  9.92464470750000E-01,  7.52255452468466E-01,  2.41750000000007E+02,  1.59623489213875E+03,  4.67927943498799E+03
 1.99200000000000E+03, -4.68234624600743E-01,  1.35816783525000E+00,  7.54325953510565E-01,  2.41930000000007E+02,  2.25651433165663E+03,  5.76522328137722E+03
 1.99208333300000E+03, -5.02368285616497E-01,  1.74245763350000E+00,  7.57212157770427E-01,  2.42110000000007E+02,  2.66014318132932E+03,  6.34046737845997E+03
 1.99216666700000E+03, -1.65228346466072E-01,  1.87855028400000E+00,  7.60840448046449E-01,  2.42290000000007E+02,  3.03349860926082E+03,  7.73282952443995E+03
 1.99225000000000E+03,  5.94719820975371E-01,  1.71471748475000E+00,  6.48397226897836E-01,  2.42470000000007E+02,  2.75271404420191E+03,  7.59405751152191E+03
 1.99233333300000E+03,  1.32488297308754E+00,  1.43541532450000E+00,  6.34718490543312E-01,  2.42650000000007E+02,  1.85907567797141E+03,  5.58720775765376E+03
 1.99241666700000E+03,  1.64850919100944E+00,  1.33044977325000E+00,  6.21135056924974E-01,  2.42830000000007E+02,  1.22668726622588E+03,  4.21961932528285E+03
 1.99250000000000E+03,  1.65201366856683E+00,  1.41475076025000E+00,  6.07705367347839E-01,  2.43010000000007E+02,  1.03264394131791E+03,  3.41640257866493E+03
 1.99258333300000E+03,  1.67072816266092E+00,  1.32303692950000E+00,  5.94485988331944E-01,  2.43190000000007E+02,  9.77107377435575E+02,  2.61204379609171E+03
 1.99266666700000E+03,  1.71624438262167E+00,  9.66877497750000E-01,  5.81531300711072E-01,  2.43370000000007E+02,  9.94477859760309E+02,  2.66253277718432E+03
 1.99275000000000E+03,  1.56053684954239E+00,  7.31573091750000E-01,  5.75946686383290E-01,  2.43550000000007E+02,  1.00981695789979E+03,  2.94875987532082E+03
 1.99283333300000E+03,  1.28854770016182E+00,  8.55326926750000E-01,  5.63463130090437E-01,  2.43730000000007E+02,  9.05753502101954E+02,  2.69744722568598E+03
 1.99291666700000E+03,  1.13888758987234E+00,  1.23661403575000E+00,  5.51365984641951E-01,  2.43910000000007E+02,  6.55277615574236E+02,  2.55159895134450E+03
 1.99300000000000E+03,  1.19957820098837E+00,  1.73661629275000E+00,  5.39700075330199E-01,  2.44090000000007E+02,  3.16800118052294E+02,  2.21637676261685E+03
 1.99308333300000E+03,  1.27621260389278E+00,  2.16102952375000E+00,  5.28506957313941E-01,  2.44270000000007E+02,  2.20300235574043E+02,  1.30323036874345E+03
 1.99316666700000E+03,  1.25576877003270E+00,  2.28669782600000E+00,  5.17824741773515E-01,  2.44450000000007E+02,  5.28154509002147E+02,  9.13138385219111E+02
 1.99325000000000E+03,  1.20923310134242E+00,  2.18279809100000E+00,  8.44389835876238E-01,  2.44630000000007E+02,  7.51773404132144E+02,  9.83120806896380E+02
 1.99333333300000E+03,  1.18704980668821E+00,  2.03622664550000E+00,  8.39049299384402E-01,  2.44810000000007E+02,  8.65612228595890E+02,  8.57568875008452E+02
 1.99341666700000E+03,  1.21529096517263E+00,  1.86528817550000E+00,  8.32873019608428E-01,  2.44990000000007E+02,  1.38069654039737E+03,  1.82024614236206E+03
 1.99350000000000E+03,  1.03281470519322E+00,  1.67021376125000E+00,  8.25883325759430E-01,  2.45170000000007E+02,  1.74962681253244E+03,  3.78844816839871E+03
 1.99358333300000E+03,  6.69793533641174E-01,  1.47961167975000E+00,  8.18107989499433E-01,  2.45350000000007E+02,  1.56709405420339E+03,  4.84930871571351E+03
 1.99366666700000E+03,  3.12838129626798E-01,  1.30262736850000E+00,  8.09579897027156E-01,  2.45530000000007E+02,  1.70125313443499E+03,  5.44179613490268E+03
 1.99375000000000E+03, -2.98649255376992E-01,  1.12463941100000E+00,  7.98380287410734E-01,  2.45710000000007E+02,  1.93162452269149E+03,  5.89800246459375E+03
 1.99383333300000E+03, -7.69829579485776E-01,  9.86242477000000E-01,  7.88333098780592E-01,  2.45890000000007E+02,  1.49133281240979E+03,  4.69950498248572E+03
 1.99391666700000E+03, -5.81448928068832E-01,  9.96760690500000E-01,  7.77668610379194E-01,  2.46070000000007E+02,  1.46278124450525E+03,  3.13477644703990E+03
 1.99400000000000E+03, -3.08530808545609E-01,  1.06971583400000E+00,  7.66437074952190E-01,  2.46250000000007E+02,  2.43998932428374E+03,  3.59545291797722E+03
 1.99408333300000E+03, -4.65115452992535E-01,  9.36445866500000E-01,  7.54691801088878E-01,  2.46430000000007E+02,  3.16627450971601E+03,  4.86114833591406E+03
 1.99416666700000E+03, -7.21146310320764E-01,  5.10032487500000E-01,  7.42488716492125E-01,  2.46610000000007E+02,  3.43214195771433E+03,  5.27255676728995E+03
 1.99425000000000E+03, -7.18219219397177E-01, -5.41197274999999E-03,  7.76939313088723E-01,  2.46790000000007E+02,  3.98762344042454E+03,  5.47635690279018E+03
 1.99433333300000E+03, -7.57955113506383E-01, -3.72470218250000E-01,  7.82808900134809E-01,  2.46970000000007E+02,  4.08654018620190E+03,  5.36608018224308E+03
 1.99441666700000E+03, -8.06241171460978E-01, -5.65753133000000E-01,  7.88968496746944E-01,  2.47150000000007E+02,  3.11513618929015E+03,  3.76888021439430E+03
 1.99450000000000E+03, -6.40412740814895E-01, -7.86997487250000E-01,  7.95326589083611E-01,  2.47330000000007E+02,  2.66136676213316E+03,  1.80650407698307E+03
 1.99458333300000E+03, -4.01080830763899E-01, -1.08405076375000E+00,  8.01791731129017E-01,  2.47510000000007E+02,  3.25818648107567E+03,  1.21560765502958E+03
 1.99466666700000E+03,  1.49979480300783E-02, -9.98428817250000E-01,  8.08273302776424E-01,  2.47690000000007E+02,  3.08319486515872E+03,  1.01758340415962E+03
 1.99475000000000E+03,  4.55248236636272E-01, -2.41815518500000E-01,  8.14814120512648E-01,  2.47870000000007E+02,  2.65292824839109E+03,  1.38529822567549E+03
 1.99483333300000E+03,  8.02165939137537E-01,  6.80872390500000E-01,  8.21059381507346E-01,  2.48050000000007E+02,  3.68853456585485E+03,  4.18897139755331E+03
 1.99491666700000E+03,  1.04061759532830E+00,  1.22697418350000E+00,  8.27059556486981E-01,  2.48230000000007E+02,  4.20554841078444E+03,  7.01702056280011E+03
 1.99500000000000E+03,  1.08827402347443E+00,  1.46661398425000E+00,  8.32734313395813E-01,  2.48410000000007E+02,  3.06786132859897E+03,  7.33658767764531E+03
 1.99508333300000E+03,  1.03627797955537E+00,  1.62953824275000E+00,  8.38007401839799E-01,  2.48590000000007E+02,  2.79276523678391E+03,  7.47473515513707E+03
 1.99516666700000E+03,  1.08612559863918E+00,  1.65238188300000E+00,  8.42807163483546E-01,  2.48770000000007E+02,  3.14263164902990E+03,  7.23590653110688E+03
 1.99525000000000E+03,  1.28342203500709E+00,  1.46719250400000E+00,  8.58378781934821E-01,  2.48950000000007E+02,  2.09659743561651E+03,  4.36191538118474E+03
 1.99533333300000E+03,  1.32169818308665E+00,  1.30583984875000E+00,  8.58207025780998E-01,  2.49130000000007E+02,  1.21916106705393E+03,  2.01000918216873E+03
 1.99541666700000E+03,  1.09890356835924E+00,  1.24034208850000E+00,  8.57194459403163E-01,  2.49310000000007E+02,  1.86198240796168E+03,  2.82644152208865E+03
 1.99550000000000E+03,  8.31048609591452E-01,  1.03084902625000E+00,  8.55325627469395E-01,  2.49490000000007E+02,  2.53903445978220E+03,  4.00959876126182E+03
 1.99558333300000E+03,  8.66583433222179E-01,  7.73875397750000E-01,  8.52591729836229E-01,  2.49670000000007E+02,  2.84411978193321E+03,  4.16047239471241E+03
 1.99566666700000E+03,  1.21212242784270E+00,  8.16089597500000E-01,  8.48990527050453E-01,  2.49850000000007E+02,  3.49970686727712E+03,  4.46222447311148E+03
 1.99575000000000E+03,  1.33258500408802E+00,  1.13386440000000E+00,  8.46070112311320E-01,  2.50030000000007E+02,  3.82044439303805E+03,  4.19441552264462E+03
 1.99583333300000E+03,  1.21389825206146E+00,  1.43564855100000E+00,  8.41028477822799E-01,  2.50210000000007E+02,  3.20842316176794E+03,  2.64798749780195E+03
 1.99591666700000E+03,  1.18389593220017E+00,  1.63223111975000E+00,  8.35144582047167E-01,  2.50390000000007E+02,  2.66085465969590E+03,  1.46455627347824E+03
 1.99600000000000E+03,  1.09278447166114E+00,  1.81544034925000E+00,  8.28438762857869E-01,  2.50570000000007E+02,  2.54560960356791E+03,  1.27240331516731E+03
 1.99608333300000E+03,  8.67381627502425E-01,  1.82648246825000E+00,  8.20936909100590E-01,  2.50750000000007E+02,  1.99664848298255E+03,  9.61793464177392E+02
 1.99616666700000E+03,  6.51233124826056E-01,  1.42166092950000E+00,  8.12670143021371E-01,  2.50930000000007E+02,  1.45371558556689E+03,  1.23649715942966E+03
 1.99625000000000E+03,  5.02102382033402E-01,  8.02670561500000E-01,  6.87434664701863E-01,  2.51110000000007E+02,  1.64509546853900E+03,  2.80609040701855E+03
 1.99633333300000E+03,  3.38507124283349E-01,  4.32780415750000E-01,  6.73817688785602E-01,  2.51290000000007E+02,  1.51494196902509E+03,  3.64604978329942E+03
 1.99641666700000E+03,  2.91745759631689E-01,  4.76923008750000E-01,  6.60121904539108E-01,  2.51470000000007E+02,  8.62413053195075E+02,  3.36341146020011E+03
 1.99650000000000E+03,  5.85883405626302E-01,  6.80650507750000E-01,  6.46409203042308E-01,  2.51650000000007E+02,  8.22832566922027E+02,  3.61818862333483E+03
 1.99658333300000E+03,  1.01820255814834E+00,  7.88483875750000E-01,  6.32740605405712E-01,  2.51830000000007E+02,  1.06458460244291E+03,  3.45047811706871E+03
 1.99666666700000E+03,  1.17890799248368E+00,  8.49548039000000E-01,  6.19175892414460E-01,  2.52010000000007E+02,  1.00390177646125E+03,  2.05061337615521E+03
 1.99675000000000E+03,  1.11383305146528E+00,  9.59719671250000E-01,  6.03783152764129E-01,  2.52190000000007E+02,  1.12200321248015E+03,  1.37445795297659E+03
 1.99683333300000E+03,  1.20765321181640E+00,  1.08331243450000E+00,  5.90636272977650E-01,  2.52370000000007E+02,  1.29569987922209E+03,  1.72636344441262E+03
 1.99691666700000E+03,  1.36300380910108E+00,  1.26800909550000E+00,  5.77769659472241E-01,  2.52550000000007E+02,  1.13514989648715E+03,  1.66733577989159E+03
 1.99700000000000E+03,  1.38237069139546E+00,  1.68004835475000E+00,  5.65234439403538E-01,  2.52730000000007E+02,  9.12725010444548E+02,  1.38752074145448E+03
 1.99708333300000E+03,  1.39966303380637E+00,  2.24957168400000E+00,  5.53078931092623E-01,  2.52910000000007E+02,  7.63307320117374E+02,  1.34654631115730E+03
 1.99716666700000E+03,  1.43417237556861E+00,  2.59425712125000E+00,  5.41348413936168E-01,  2.53090000000007E+02,  5.94824505213157E+02,  1.05061163335443E+03
 1.99725000000000E+03,  1.40777807709983E+00,  2.61189887600000E+00,  8.58400026257822E-01,  2.53270000000007E+02,  4.61161414487556E+02,  6.42991567188562E+02
 1.99733333300000E+03,  1.31111057267287E+00,  2.55557755325000E+00,  8.58138896734924E-01,  2.53450000000007E+02,  3.98127868856451E+02,  6.55795020045646E+02
 1.99741666700000E+03,  1.07865275272816E+00,  2.47918025975000E+00,  8.57034975989564E-01,  2.53630000000007E+02,  3.61973249861894E+02,  7.69733903438492E+02
 1.99750000000000E+03,  8.08448577580312E-01,  2.31010841900000E+00,  8.55073526636238E-01,  2.53810000000007E+02,  3.22191099390584E+02,  6.52422521685645E+02
 1.99758333300000E+03,  8.51804703810442E-01,  2.09183817875000E+00,  8.52246458630553E-01,  2.53990000000007E+02,  3.08383462216666E+02,  6.00253989540586E+02
 1.99766666700000E+03,  1.11135706314868E+00,  1.96684241125000E+00,  8.48552229660634E-01,  2.54170000000007E+02,  3.43007759018954E+02,  5.70328073262786E+02
 1.99775000000000E+03,  1.15879283652500E+00,  2.08950223800000E+00,  8.43914032525337E-01,  2.54350000000007E+02,  4.77947700082282E+02,  3.57559079839629E+02
 1.99783333300000E+03,  1.09860887684117E+00,  2.26003388550000E+00,  8.38492472360189E-01,  2.54530000000007E+02,  7.03432797815984E+02,  2.59114363033127E+02
 1.99791666700000E+03,  1.12530703027872E+00,  2.00738735925000E+00,  8.32237067429412E-01,  2.54710000000007E+02,  8.30075906078556E+02,  3.15419891588714E+02
 1.99800000000000E+03,  9.43752238830694E-01,  1.30899792250000E+00,  8.25170682699354E-01,  2.54890000000007E+02,  9.60026520057753E+02,  3.04412698065875E+02
 1.99808333300000E+03,  5.53723009212879E-01,  6.24080731250000E-01,  8.17321595381833E-01,  2.55070000000007E+02,  1.25683614836799E+03,  2.95683788902307E+02
 1.99816666700000E+03,  5.76302976839968E-01,  2.70334893500000E-01,  8.08723164280884E-01,  2.55250000000007E+02,  1.33746203112047E+03,  2.57526227761178E+02
 1.99825000000000E+03,  8.01060798163940E-01,  1.94969366500000E-01,  8.25201279887657E-01,  2.55430000000007E+02,  1.13050621644661E+03,  1.75704818426578E+02
 1.99833333300000E+03,  6.40828941184926E-01,  4.83139707500000E-02,  8.17355337510981E-01,  2.55610000000007E+02,  1.01844311868333E+03,  1.77464565673842E+02
 1.99841666700000E+03,  2.28230429209209E-01, -3.73953482000000E-01,  8.08759904653606E-01,  2.55790000000007E+02,  8.29802584620708E+02,  1.87702301985287E+02
 1.99850000000000E+03, -4.25758686144873E-01, -7.11755263500000E-01,  7.99453045870687E-01,  2.55970000000007E+02,  4.58225418732540E+02,  2.61313754077592E+02
 1.99858333300000E+03, -8.57161159384025E-01, -6.75411627000000E-01,  7.89477171486678E-01,  2.56150000000007E+02,  3.39157317477624E+02,  4.68068117158566E+02
 1.99866666700000E+03, -7.24356416568726E-01, -5.14753030250000E-01,  7.78878638136010E-01,  2.56330000000007E+02,  4.18917813846720E+02,  5.77327188885997E+02
 1.99875000000000E+03, -5.64703909221850E-01, -4.80426452000000E-01,  7.70420975390669E-01,  2.56510000000007E+02,  3.43150870956867E+02,  6.53928506102008E+02
 1.99883333300000E+03, -5.31812111055353E-01, -6.20434377000000E-01,  7.58848899271733E-01,  2.56690000000007E+02,  3.76314436083923E+02,  9.61247618979577E+02
 1.99891666700000E+03, -6.52549440372353E-01, -9.63635864500000E-01,  7.46799208975615E-01,  2.56870000000007E+02,  7.14301867963462E+02,  1.25579438838895E+03
 1.99900000000000E+03, -1.00149987658464E+00, -1.42651784400000E+00,  7.34329299562962E-01,  2.57050000000007E+02,  8.48421847313665E+02,  1.22463949459904E+03
 1.99908333300000E+03, -1.19065314664334E+00, -1.74410513450000E+00,  7.21498455270604E-01,  2.57230000000007E+02,  7.32681851417721E+02,  1.22433551696567E+03
 1.99916666700000E+03, -1.11173585520992E+00, -1.70756936675000E+00,  7.08367407128394E-01,  2.57410000000007E+02,  9.72573163608513E+02,  1.51944767952308E+03
 1.99925000000000E+03, -9.26074376751818E-01, -1.45995052775000E+00,  4.68464621849763E-01,  2.57590000000007E+02,  1.24432186715973E+03,  1.53262643991238E+03
 1.99933333300000E+03, -7.27151712877208E-01, -1.35359473700000E+00,  4.61880511126831E-01,  2.57770000000007E+02,  9.77156943745875E+02,  1.21854446379115E+03
 1.99941666700000E+03, -6.38492431007672E-01, -1.50286474725000E+00,  4.55973902273972E-01,  2.57950000000007E+02,  7.79454797595106E+02,  1.27503398281761E+03
 1.99950000000000E+03, -4.76294824881678E-01, -1.69009459575000E+00,  4.50749696840929E-01,  2.58130000000007E+02,  8.63230333677982E+02,  1.39307116276808E+03
 1.99958333300000E+03, -3.52478108658878E-01, -1.73775522725000E+00,  4.46208989246255E-01,  2.58310000000007E+02,  6.31159870907085E+02,  1.31464698870616E+03
 1.99966666700000E+03, -4.49003451474602E-01, -1.67137316550000E+00,  4.42349151334021E-01,  2.58490000000007E+02,  3.67511034054489E+02,  1.80595614587918E+03
 1.99975000000000E+03, -5.29702939157529E-01, -1.41036056975000E+00,  4.40639785013427E-01,  2.58670000000007E+02,  4.68713152495540E+02,  2.45812934087097E+03
 1.99983333300000E+03, -5.06617651026740E-01, -8.70001282500000E-01,  4.37795328712348E-01,  2.58850000000007E+02,  5.10065012836588E+02,  2.37836512834042E+03
 1.99991666700000E+03, -4.39329151480787E-01, -3.43460521750000E-01,  4.35609471097478E-01,  2.59030000000007E+02,  4.20574267328892E+02,  2.30269109574118E+03
 2.00000000000000E+03, -3.91404390940831E-01, -1.53013953750000E-01,  4.34067448251248E-01,  2.59210000000007E+02,  5.87087137123364E+02,  2.60097744564685E+03
 2.00008333300000E+03, -3.94497050772986E-01, -2.39097482000000E-01,  4.33151370213513E-01,  2.59390000000007E+02,  9.48257991872112E+02,  2.37905119812905E+03
 2.00016666700000E+03, -2.94280490976991E-01, -4.32443151250000E-01,  4.32840392683951E-01,  2.59570000000007E+02,  1.13208244817917E+03,  1.88323355685443E+03
 2.00025000000000E+03, -1.70892736261499E-01, -6.48210125250000E-01,  4.89147469812346E-01,  2.59750000000007E+02,  1.18980632579195E+03,  2.15083562287585E+03
 2.00033333300000E+03, -3.95402399812321E-01, -7.96406141750000E-01,  4.80818159716556E-01,  2.59930000000007E+02,  1.41222957405692E+03,  2.57616256580381E+03
 2.00041666700000E+03, -6.94797513848298E-01, -8.80717392750000E-01,  4.73134461111012E-01,  2.60110000000007E+02,  1.48102466865656E+03,  2.11004212320679E+03
 2.00050000000000E+03, -6.93567364324872E-01, -8.86520781500000E-01,  4.66111635512079E-01,  2.60290000000007E+02,  1.11424030665192E+03,  1.58581100481167E+03
 2.00058333300000E+03, -6.54735542981813E-01, -5.99714023750000E-01,  4.59761013523311E-01,  2.60470000000007E+02,  7.91704236041245E+02,  1.64270831005567E+03
 2.00066666700000E+03, -5.60743523706868E-01, -3.29673670000000E-02,  4.54090023471379E-01,  2.60650000000007E+02,  6.69368710730460E+02,  1.30556466564249E+03
 2.00075000000000E+03, -3.25197755791812E-01,  3.98588501000000E-01,  4.47122244628059E-01,  2.60830000000007E+02,  5.17940500650861E+02,  7.99457900428041E+02
 2.00083333300000E+03, -2.89825220654041E-01,  4.24622321250000E-01,  4.43117268526475E-01,  2.61010000000007E+02,  4.96458124003344E+02,  1.05835923309081E+03
 2.00091666700000E+03, -3.94354330084085E-01,  1.39982175250000E-01,  4.39788548552383E-01,  2.61190000000007E+02,  6.39708629130095E+02,  1.40471303211547E+03
 2.00100000000000E+03, -4.02274393100948E-01, -2.27912701000000E-01,  4.37127076026642E-01,  2.61370000000007E+02,  8.28302645600907E+02,  1.69591324256058E+03
 2.00108333300000E+03, -3.61452142252098E-01, -5.51739845250000E-01,  4.35120450724505E-01,  2.61550000000007E+02,  1.02087098413723E+03,  2.56571970217637E+03
 2.00116666700000E+03, -3.71943351197699E-01, -8.54362236750000E-01,  4.33753029861956E-01,  2.61730000000007E+02,  9.86668426943967E+02,  3.11669954231273E+03
 2.00125000000000E+03, -4.73550907885474E-01, -1.04782256775000E+00,  7.78127988794519E-01,  2.61910000000007E+02,  7.53122478675574E+02,  2.75005573937912E+03
 2.00133333300000E+03, -6.54917332596043E-01, -1.03827768850000E+00,  7.84065202312848E-01,  2.62090000000007E+02,  5.38700099132561E+02,  2.43216158016676E+03
 2.00141666700000E+03, -6.62748300291353E-01, -9.39457739000000E-01,  7.90273483728085E-01,  2.62270000000007E+02,  3.19091467220792E+02,  2.40418680389895E+03
 2.00150000000000E+03, -4.75021655629771E-01, -7.83121746250000E-01,  7.96661269677787E-01,  2.62450000000007E+02,  2.69843498539167E+02,  2.00419693479457E+03
 2.00158333300000E+03, -2.08857977854264E-01, -5.19193131000000E-01,  8.03137224007862E-01,  2.62630000000007E+02,  5.20762237777844E+02,  1.46395048811103E+03
 2.00166666700000E+03,  2.29332630831352E-01, -2.30269592250000E-01,  8.09610990062379E-01,  2.62810000000007E+02,  7.80339319901818E+02,  1.53147606519621E+03
 2.00175000000000E+03,  6.38410030527623E-01, -8.40689235000000E-02,  8.16432467921823E-01,  2.62990000000007E+02,  9.00087169811219E+02,  1.75520495885566E+03
 2.00183333300000E+03,  9.67292647162958E-01, -1.32373110750000E-01,  8.22622813356755E-01,  2.63170000000007E+02,  9.06048968620081E+02,  1.31791604118482E+03
 2.00191666700000E+03,  1.17249554907450E+00, -2.36277078750000E-01,  8.28547138840121E-01,  2.63350000000007E+02,  7.99758358063781E+02,  7.66011122582183E+02
 2.00200000000000E+03,  1.18220994866821E+00, -3.36222347750000E-01,  8.34126106288493E-01,  2.63530000000007E+02,  7.76278498811928E+02,  6.34927454439696E+02
 2.00208333300000E+03,  1.12577227486073E+00, -4.23402069750000E-01,  8.39284594907278E-01,  2.63710000000007E+02,  1.09563159703851E+03,  7.52186281396333E+02
 2.00216666700000E+03,  1.11563082701546E+00, -3.21538967000000E-01,  8.43952198289857E-01,  2.63890000000007E+02,  1.70355718003556E+03,  1.36471828227593E+03
 2.00225000000000E+03,  1.04925397269751E+00,  3.81504097500000E-02,  8.56882249269612E-01,  2.64070000000007E+02,  2.25998844888024E+03,  2.16210310743769E+03
 2.00233333300000E+03,  9.13078881816026E-01,  4.13041083250000E-01,  8.54836975398679E-01,  2.64250000000008E+02,  2.64802239861021E+03,  2.48897144882941E+03
 2.00241666700000E+03,  1.03938183571540E+00,  6.57275099500000E-01,  8.51925647980262E-01,  2.64430000000008E+02,  2.82613392298241E+03,  2.62720197535895E+03
 2.00250000000000E+03,  1.27160695169398E+00,  9.88078498250000E-01,  8.48147353604516E-01,  2.64610000000008E+02,  2.45232613132340E+03,  2.40571383914689E+03
 2.00258333300000E+03,  1.23893129752308E+00,  1.52030118925000E+00,  8.43507564367276E-01,  2.64790000000008E+02,  1.73387899614787E+03,  1.60386352389256E+03
 2.00266666700000E+03,  1.16769464104852E+00,  2.00102942650000E+00,  8.38017944808961E-01,  2.64970000000008E+02,  1.28182682315009E+03,  1.11236929204369E+03
 2.00275000000000E+03,  1.19319045254741E+00,  2.20711737375000E+00,  8.36675719835974E-01,  2.65150000000008E+02,  9.15207513674499E+02,  1.05855845308924E+03
 2.00283333300000E+03,  1.18271866325339E+00,  2.13048426600000E+00,  8.30170784271235E-01,  2.65330000000008E+02,  4.58434117620035E+02,  9.55734580483956E+02
 2.00291666700000E+03,  9.91133092182772E-01,  1.81351373600000E+00,  8.22862917904072E-01,  2.65510000000008E+02,  2.74579497124433E+02,  9.78312671404200E+02
 2.00300000000000E+03,  4.70114651912663E-01,  1.34145752475000E+00,  8.14781981034655E-01,  2.65690000000008E+02,  2.56227608603830E+02,  9.21635229254401E+02
 2.00308333300000E+03, -2.26666001706504E-02,  9.10188603250000E-01,  8.05962809466125E-01,  2.65870000000008E+02,  1.39944329115615E+02,  5.45842379407574E+02
 2.00316666700000E+03,  1.63752622276848E-01,  7.70579885000000E-01,  7.96444849901155E-01,  2.66050000000008E+02,  8.90901940842843E+01,  3.75584659480996E+02
 2.00325000000000E+03,  8.27513927520916E-01,  9.26037569500000E-01,  5.05366661083971E-01,  2.66230000000008E+02,  1.66256218619582E+02,  5.68757238702644E+02
 2.00333333300000E+03,  1.15889321097066E+00,  1.04887174125000E+00,  5.09837490653655E-01,  2.66410000000008E+02,  1.64882737157526E+02,  6.45217746435983E+02
 2.00341666700000E+03,  1.20305766384438E+00,  1.00765541725000E+00,  5.14113979952989E-01,  2.66590000000008E+02,  2.47047905383491E+02,  7.97555105449931E+02
 2.00350000000000E+03,  1.16777199973395E+00,  8.85095247500000E-01,  5.18164021182906E-01,  2.66770000000008E+02,  1.12464912403680E+03,  1.98952673058490E+03
 2.00358333300000E+03,  1.03553517950026E+00,  6.48539040250000E-01,  5.21957131736961E-01,  2.66950000000008E+02,  2.51078972509253E+03,  3.70785453514265E+03
 2.00366666700000E+03,  1.04889397600027E+00,  4.11935867250000E-01,  5.25464555234554E-01,  2.67130000000008E+02,  3.11351926185522E+03,  4.29362925300854E+03
 2.00375000000000E+03,  1.20618060263843E+00,  3.92476491750000E-01,  5.26568287311463E-01,  2.67310000000008E+02,  3.18124147921510E+03,  4.14669212337326E+03
 2.00383333300000E+03,  1.25973188771460E+00,  5.39765290500000E-01,  5.29652926738185E-01,  2.67490000000008E+02,  3.35465418805763E+03,  4.01377412013544E+03
 2.00391666700000E+03,  1.03398045552133E+00,  6.77572336250000E-01,  5.32391957426219E-01,  2.67670000000008E+02,  2.70441504175091E+03,  3.07412006954533E+03
 2.00400000000000E+03,  7.20837813068602E-01,  7.47592539500000E-01,  5.34762964460954E-01,  2.67850000000008E+02,  1.49194645528172E+03,  2.17448261043031E+03
 2.00408333300000E+03,  6.44304963308557E-01,  7.07095639750000E-01,  5.36745567529026E-01,  2.68030000000008E+02,  1.13616608042272E+03,  2.56764916011093E+03
 2.00416666700000E+03,  4.75348508693450E-01,  5.66447539000000E-01,  5.38321462548665E-01,  2.68210000000008E+02,  1.22435740690539E+03,  3.00448196320700E+03
 2.00425000000000E+03,  3.31093934239600E-02,  4.84025659000000E-01,  6.67583984018580E-01,  2.68390000000008E+02,  1.02834747511548E+03,  2.90259063768463E+03
 2.00433333300000E+03, -4.79068864955278E-02,  4.50214764500000E-01,  6.53872860506689E-01,  2.68570000000008E+02,  8.35737398083642E+02,  2.72371548153915E+03
 2.00441666700000E+03,  2.61346573703543E-01,  2.60602636750000E-01,  6.40172751293368E-01,  2.68750000000008E+02,  6.67536406133012E+02,  1.85174105571245E+03
 2.00450000000000E+03,  4.82544427658693E-01, -6.48894762500000E-02,  6.26544157206683E-01,  2.68930000000008E+02,  5.46827829097558E+02,  6.42046668725754E+02
 2.00458333300000E+03,  6.00675353452672E-01, -2.39461357250000E-01,  6.13046176336359E-01,  2.69110000000008E+02,  5.45418477854912E+02,  3.73770553588569E+02
 2.00466666700000E+03,  8.77715514165206E-01, -7.10700392500000E-02,  5.99736162425785E-01,  2.69290000000008E+02,  4.83879984473850E+02,  7.98467438603867E+02
 2.00475000000000E+03,  1.24871151670033E+00,  3.60269661500000E-01,  5.77611284575108E-01,  2.69470000000008E+02,  4.60265173813007E+02,  9.91146161287492E+02
 2.00483333300000E+03,  1.40546511412993E+00,  8.56344373750000E-01,  5.65080505757296E-01,  2.69650000000008E+02,  4.58137246827817E+02,  1.02993606244013E+03
 2.00491666700000E+03,  1.45975948908135E+00,  1.24028578700000E+00,  5.52930022187487E-01,  2.69830000000008E+02,  3.81469955042253E+02,  1.49185011778013E+03
 2.00500000000000E+03,  1.49963229638868E+00,  1.44502428425000E+00,  5.41205074044904E-01,  2.70010000000008E+02,  4.03880415987298E+02,  1.93932755343058E+03
 2.00508333300000E+03,  1.36264953070234E+00,  1.43969451475000E+00,  5.29947656158387E-01,  2.70190000000008E+02,  4.39374586590120E+02,  1.70602108957362E+03
 2.00516666700000E+03,  1.02223779623841E+00,  1.13786282150000E+00,  5.19196340681279E-01,  2.70370000000008E+02,  4.39895079710202E+02,  1.46732116998827E+03
 2.00525000000000E+03,  4.82586794687656E-01,  6.33766104750000E-01,  1.00293994982250E+00,  2.70550000000008E+02,  4.71915075258303E+02,  1.50058864879110E+03
 2.00533333300000E+03,  1.52080826928757E-01,  9.97039002500000E-02,  9.85547541992489E-01,  2.70730000000008E+02,  4.37984377927954E+02,  1.58459089867381E+03
 2.00541666700000E+03,  4.85866074644642E-01, -4.65153749500000E-01,  9.68056221564500E-01,  2.70910000000008E+02,  6.28912199241702E+02,  2.57431538079253E+03
 2.00550000000000E+03,  8.09350981289811E-01, -8.60580865750000E-01,  9.50593284991045E-01,  2.71090000000008E+02,  1.08670415829299E+03,  3.93180996834759E+03
 2.00558333300000E+03,  7.84439237907505E-01, -6.66922788250000E-01,  9.33283729478682E-01,  2.71270000000008E+02,  1.37606098730035E+03,  4.19610247507235E+03
 2.00566666700000E+03,  1.07887753817519E+00,  3.46545237500000E-02,  9.16249026748838E-01,  2.71450000000008E+02,  1.69857188622842E+03,  4.25649157526117E+03
 2.00575000000000E+03,  1.43499299080280E+00,  6.13090430000000E-01,  8.97867383560981E-01,  2.71630000000008E+02,  1.99814838448384E+03,  4.43463397928704E+03
 2.00583333300000E+03,  1.29302620504154E+00,  6.56137898750000E-01,  8.81786617683702E-01,  2.71810000000008E+02,  1.67792733399812E+03,  3.38193955024459E+03
 2.00591666700000E+03,  9.95104940571991E-01,  3.59783588750000E-01,  8.66323507371780E-01,  2.71990000000008E+02,  1.21666480505282E+03,  1.94984671748618E+03
 2.00600000000000E+03,  9.35728839293884E-01,  2.01171527500000E-01,  8.51573916568375E-01,  2.72170000000008E+02,  1.20528270932760E+03,  1.64428244921184E+03
 2.00608333300000E+03,  1.06313023234918E+00,  3.94563128500000E-01,  8.37625252576911E-01,  2.72350000000008E+02,  1.16092244269695E+03,  1.73676919600561E+03
 2.00616666700000E+03,  8.48555930605317E-01,  6.84863339000000E-01,  8.24555808904130E-01,  2.72530000000008E+02,  9.56675820796466E+02,  1.41503575615808E+03
 2.00625000000000E+03,  1.56106404177282E-01,  6.41139859500000E-01,  7.64152342008380E-01,  2.72710000000008E+02,  9.62928584246036E+02,  1.05971102916893E+03
 2.00633333300000E+03, -3.17513047580031E-01,  2.49345963750000E-01,  7.59278651548685E-01,  2.72890000000008E+02,  9.56757687298550E+02,  9.74446706109340E+02
 2.00641666700000E+03, -3.81147165157210E-01, -1.67070900000000E-02,  7.55532008028882E-01,  2.73070000000008E+02,  7.53511835359764E+02,  9.81200299222508E+02
 2.00650000000000E+03, -3.50116395727364E-01,  4.51556000000000E-02,  7.52891225571129E-01,  2.73250000000008E+02,  7.57099191703434E+02,  1.01491635434067E+03
 2.00658333300000E+03, -3.45151985148711E-01,  1.79503409250000E-01,  7.51325651002441E-01,  2.73430000000008E+02,  9.48594994311859E+02,  1.09996040461751E+03
 2.00666666700000E+03, -3.58853834020667E-01,  2.25936174500000E-01,  7.50795668425374E-01,  2.73610000000008E+02,  9.28090064241127E+02,  1.01705872659514E+03
 2.00675000000000E+03, -3.47489181171681E-01,  1.82008082250000E-01,  7.50813590824479E-01,  2.73790000000008E+02,  1.11732996101369E+03,  1.19296131442625E+03
 2.00683333300000E+03, -3.41135862506035E-01,  7.76206402500000E-02,  7.51482012265245E-01,  2.73970000000008E+02,  1.79447998642505E+03,  2.21339650684059E+03
 2.00691666700000E+03, -3.92764621182021E-01,  4.64587307500000E-02,  7.53068957105681E-01,  2.74150000000008E+02,  2.04879466706787E+03,  2.96364973573052E+03
 2.00700000000000E+03, -4.76185186633879E-01,  1.62709826000000E-01,  7.55510111460351E-01,  2.74330000000008E+02,  1.77535903181424E+03,  2.66299660260735E+03
 2.00708333300000E+03, -4.50003233222978E-01,  3.52727238500000E-01,  7.58734971780520E-01,  2.74510000000008E+02,  1.94715194466648E+03,  2.67675745066757E+03
 2.00716666700000E+03,  5.61832322043171E-03,  5.56660454250000E-01,  7.62667610601495E-01,  2.74690000000008E+02,  2.22062793007161E+03,  3.28601909780168E+03
 2.00725000000000E+03,  6.38440945127037E-01,  6.32992866250000E-01,  5.11599895805753E-01,  2.74870000000008E+02,  1.77108437965583E+03,  3.12476519969873E+03
 2.00733333300000E+03,  7.68080413566054E-01,  2.97368412750000E-01,  5.01809711758740E-01,  2.75050000000008E+02,  1.23004841345755E+03,  2.41196788444442E+03
 2.00741666700000E+03,  2.98011398998816E-01, -4.44513753000000E-01,  4.92612619262689E-01,  2.75230000000008E+02,  1.22730148688305E+03,  2.21962583751095E+03
 2.00750000000000E+03, -3.25090704093958E-01, -1.05906333600000E+00,  4.84033272348009E-01,  2.75410000000008E+02,  1.38580611408967E+03,  2.20729417075640E+03
 2.00758333300000E+03, -7.14996059200901E-01, -1.17786309525000E+00,  4.76092420862162E-01,  2.75590000000008E+02,  1.55858430283233E+03,  1.69617647185789E+03
 2.00766666700000E+03, -9.68068315746879E-01, -1.13459624550000E+00,  4.68806882460464E-01,  2.75770000000008E+02,  1.82300967950584E+03,  9.34582484191360E+02
 2.00775000000000E+03, -9.23012083898999E-01, -1.19944635625000E+00,  4.67550358195758E-01,  2.75950000000008E+02,  1.93243967565304E+03,  7.91803379788464E+02
 2.00783333300000E+03, -7.11114961560639E-01, -1.18609433600000E+00,  4.61055913526404E-01,  2.76130000000008E+02,  2.10778016845380E+03,  1.88377172281151E+03
 2.00791666700000E+03, -6.36510615570752E-01, -1.13627000725000E+00,  4.55239844465089E-01,  2.76310000000008E+02,  2.59579870918840E+03,  3.32173760823644E+03
 2.00800000000000E+03, -4.57432233057042E-01, -1.23458858150000E+00,  4.50106542165250E-01,  2.76490000000008E+02,  2.59286721922697E+03,  3.68450572930529E+03
 2.00808333300000E+03, -3.36492120490849E-01, -1.35124024000000E+00,  4.45656600759226E-01,  2.76670000000008E+02,  2.05495062652370E+03,  3.58556376348696E+03
 2.00816666700000E+03, -4.77535317029108E-01, -1.32654081875000E+00,  4.41886904497972E-01,  2.76850000000008E+02,  2.28893880883620E+03,  4.05481232180470E+03
 2.00825000000000E+03, -5.00522151879971E-01, -1.19720117275000E+00,  7.74874685613476E-01,  2.77030000000008E+02,  2.91116353965636E+03,  3.94619949532683E+03
 2.00833333300000E+03, -2.71066414894747E-01, -1.09753995625000E+00,  7.63507841897940E-01,  2.77210000000008E+02,  2.50443209556805E+03,  2.81026530154994E+03
 2.00841666700000E+03, -3.36703457816350E-01, -1.09850696150000E+00,  7.51641198652752E-01,  2.77390000000008E+02,  1.84392814710132E+03,  2.31599655154966E+03
 2.00850000000000E+03, -7.40344498019844E-01, -1.12156077375000E+00,  7.39331277141016E-01,  2.77570000000008E+02,  1.89939533225578E+03,  2.59795453017779E+03
 2.00858333300000E+03, -8.35162420670461E-01, -1.12730606875000E+00,  7.26636663929904E-01,  2.77750000000008E+02,  1.70670779458186E+03,  2.39299300261782E+03
 2.00866666700000E+03, -5.34893090093020E-01, -1.18722514350000E+00,  7.13617567912116E-01,  2.77930000000008E+02,  9.27907553645790E+02,  1.91650517252666E+03
 2.00875000000000E+03, -2.61003289100476E-01, -1.28699769775000E+00,  6.94898230719598E-01,  2.78110000000008E+02,  4.81504112360251E+02,  1.67661077787158E+03
 2.00883333300000E+03, -1.58775574215033E-01, -1.37120850250000E+00,  6.81351497368224E-01,  2.78290000000008E+02,  4.63741602314748E+02,  1.53107826768757E+03
 2.00891666700000E+03, -1.41077731746471E-01, -1.41537359000000E+00,  6.67691543749010E-01,  2.78470000000008E+02,  4.33234185904564E+02,  1.78136873860107E+03
 2.00900000000000E+03, -2.10778975103046E-02, -1.25650048825000E+00,  6.53980576173740E-01,  2.78650000000008E+02,  4.46445780479654E+02,  2.23136906050377E+03
 2.00908333300000E+03,  2.43659948349442E-01, -8.20453636000000E-01,  6.40280143155496E-01,  2.78830000000008E+02,  5.19312729081042E+02,  2.17269553228942E+03
 2.00916666700000E+03,  6.02839074252757E-01, -3.65247128000000E-01,  6.26650755132218E-01,  2.79010000000008E+02,  5.11982789970901E+02,  2.24819940026081E+03
 2.00925000000000E+03,  8.11466275942071E-01, -2.68696807500000E-02,  1.14468286007537E+00,  2.79190000000008E+02,  5.65319704192443E+02,  2.91942958471853E+03
 2.00933333300000E+03,  5.11448250064599E-01,  3.26744542250000E-01,  1.13485124474066E+00,  2.79370000000008E+02,  6.39590089852270E+02,  2.85566960083583E+03
 2.00941666700000E+03,  2.23264648173227E-02,  5.67413078500000E-01,  1.12381783583665E+00,  2.79550000000008E+02,  5.17829153587356E+02,  2.03943423921782E+03
 2.00950000000000E+03, -2.40340368721422E-01,  4.37031590750000E-01,  1.11165787435002E+00,  2.79730000000008E+02,  5.58270572786808E+02,  2.19233190913376E+03
 2.00958333300000E+03, -2.38408468858346E-01,  1.91921277500000E-01,  1.09845781639862E+00,  2.79910000000008E+02,  9.48331701167696E+02,  2.76033371117371E+03
 2.00966666700000E+03, -1.61672981314669E-01,  2.98161826750000E-01,  1.08431411547592E+00,  2.80090000000008E+02,  1.11044771639785E+03,  2.27631771773273E+03
 2.00975000000000E+03, -3.49083019937150E-01,  7.01040616250000E-01,  1.06668740677108E+00,  2.80270000000008E+02,  1.00211996486544E+03,  1.90418267115862E+03
 2.00983333300000E+03, -6.11503260923555E-01,  9.99614068750000E-01,  1.05086655884863E+00,  2.80450000000008E+02,  9.94479045666033E+02,  2.33192736891640E+03
 2.00991666700000E+03, -3.60535409845273E-01,  1.02724771150000E+00,  1.03445904920953E+00,  2.80630000000008E+02,  8.03756980616852E+02,  2.03291351343401E+03
 2.01000000000000E+03,  1.17524383860122E-01,  8.48498014250000E-01,  1.01758857420829E+00,  2.80810000000008E+02,  4.82913484534775E+02,  1.19555220447059E+03
 2.01008333300000E+03,  1.21720239403935E-01,  4.41138895500000E-01,  1.00038173779274E+00,  2.80990000000008E+02,  5.86686947968384E+02,  1.31237465786737E+03
 2.01016666700000E+03, -1.79119377685549E-01, -2.14370365750000E-01,  9.82966649583411E-01,  2.81170000000008E+02,  8.55557078255875E+02,  1.70129679399447E+03
 2.01025000000000E+03, -4.52869367427759E-01, -8.84181488250000E-01,  1.12186207250855E+00,  2.81350000000008E+02,  8.87269367084320E+02,  1.39447219463712E+03
 2.01033333300000E+03, -5.56045850086761E-01, -1.26597118400000E+00,  1.10952200638541E+00,  2.81530000000008E+02,  9.55176672734543E+02,  1.35273602823926E+03
 2.01041666700000E+03, -3.55231668031530E-01, -1.27277096100000E+00,  1.09615729977523E+00,  2.81710000000008E+02,  1.01852083021431E+03,  1.92035074826255E+03
 2.01050000000000E+03, -1.58255964963777E-01, -1.10880678150000E+00,  1.08186595258981E+00,  2.81890000000008E+02,  7.79625990410698E+02,  2.01200214620067E+03
 2.01058333300000E+03, -3.65006025776560E-01, -1.11516421100000E+00,  1.06675444938497E+00,  2.82070000000008E+02,  5.44881369347050E+02,  1.67885915904397E+03
 2.01066666700000E+03, -7.70305757145620E-01, -1.28114991800000E+00,  1.05093640445394E+00,  2.82250000000008E+02,  5.36905741257959E+02,  1.58213676219079E+03
 2.01075000000000E+03, -8.86346984512331E-01, -1.25921280700000E+00,  1.04431356500312E+00,  2.82430000000008E+02,  6.28039641548992E+02,  1.32715449722863E+03
 2.01083333300000E+03, -6.52285101027427E-01, -9.81381222750000E-01,  1.02770427529702E+00,  2.82610000000008E+02,  1.23258024154276E+03,  1.28248888523208E+03
 2.01091666700000E+03, -2.87613392017181E-01, -6.95278247750000E-01,  1.01068280564708E+00,  2.82790000000008E+02,  2.41109561229914E+03,  2.29088442726483E+03
 2.01100000000000E+03, -3.24132635412654E-02, -5.97129490750000E-01,  9.93376534686823E-01,  2.82970000000008E+02,  3.09948634024634E+03,  3.22100646905297E+03
 2.01108333300000E+03,  6.41041867786581E-02, -7.76065655750000E-01,  9.75913788179110E-01,  2.83150000000008E+02,  3.08014790405786E+03,  3.30390951924219E+03
 2.01116666700000E+03,  3.34694909571221E-02, -1.19086146025000E+00,  9.58422478792589E-01,  2.83330000000008E+02,  3.00739620638981E+03,  3.49858574402309E+03
 2.01125000000000E+03, -1.60825937320749E-01, -1.58779501925000E+00,  7.51913234994189E-01,  2.83510000000008E+02,  2.41483710057735E+03,  3.26090838035744E+03
 2.01133333300000E+03, -3.12743394282047E-01, -1.71297187925000E+00,  7.53793139514401E-01,  2.83690000000008E+02,  1.27454345431105E+03,  1.85221942333523E+03
 2.01141666700000E+03, -3.43648692494041E-01, -1.65684229575000E+00,  7.56504342131300E-01,  2.83870000000008E+02,  1.11921825261239E+03,  1.29065584125897E+03
 2.01150000000000E+03, -2.87746032984189E-01, -1.75021127400000E+00,  7.59974440002048E-01,  2.84050000000008E+02,  2.14764184889083E+03,  2.83284329523896E+03
 2.01158333300000E+03, -2.25065405092296E-01, -1.99656351275000E+00,  7.64125868197171E-01,  2.84230000000008E+02,  2.97308150593314E+03,  4.76943172575538E+03
 2.01166666700000E+03, -3.66113486016890E-01, -2.01854206750000E+00,  7.68876696624058E-01,  2.84410000000008E+02,  3.23456724941275E+03,  5.81359516213407E+03
 2.01175000000000E+03, -5.38439051537753E-01, -1.70999177425000E+00,  7.72262496391314E-01,  2.84590000000008E+02,  3.22848050067072E+03,  6.18105725822241E+03
 2.01183333300000E+03, -5.57383413721559E-01, -1.31517091875000E+00,  7.77815404478678E-01,  2.84770000000008E+02,  2.72274936292649E+03,  5.82037023400482E+03
 2.01191666700000E+03, -6.84685485191544E-01, -9.96077258000000E-01,  7.83735299666504E-01,  2.84950000000008E+02,  1.83306550573135E+03,  4.54875113198985E+03
 2.01200000000000E+03, -7.24665234642920E-01, -8.67414723500000E-01,  7.89931221891025E-01,  2.85130000000008E+02,  1.19192796977275E+03,  2.80492403608872E+03
 2.01208333300000E+03, -5.16997726840920E-01, -1.00247682875000E+00,  7.96311617507332E-01,  2.85310000000008E+02,  9.27573251579606E+02,  1.47688774987305E+03
 2.01216666700000E+03, -2.40729320999419E-01, -1.25967961600000E+00,  8.02785118476997E-01,  2.85490000000008E+02,  8.85469452150651E+02,  1.42974521087573E+03
 2.01225000000000E+03, -4.73237642109317E-02, -1.47933250575000E+00,  8.14309426036472E-01,  2.85670000000008E+02,  1.29210272306384E+03,  2.30831749348098E+03
 2.01233333300000E+03, -2.76427590118824E-01, -1.55484945075000E+00,  8.03029524603300E-01,  2.85850000000008E+02,  2.01889580838041E+03,  2.69308906715393E+03
 2.01241666700000E+03, -5.31768325854889E-01, -1.29738137575000E+00,  7.92797138236639E-01,  2.86030000000008E+02,  2.45532234868914E+03,  2.54859552875763E+03
 2.01250000000000E+03, -5.83525096778772E-01, -7.99024187250000E-01,  7.83651470377788E-01,  2.86210000000008E+02,  2.62982725918863E+03,  2.87297160185820E+03
 2.01258333300000E+03, -5.62421584926137E-01, -5.46568301250000E-01,  7.75621002407110E-01,  2.86390000000008E+02,  2.70821934513041E+03,  3.09401263356904E+03
 2.01266666700000E+03, -3.63877545601066E-01, -6.52800856250000E-01,  7.68723480811324E-01,  2.86570000000008E+02,  2.26877788380517E+03,  2.39650869321686E+03
 2.01275000000000E+03, -2.62653386601345E-01, -7.71209928500000E-01,  7.61991148774092E-01,  2.86750000000008E+02,  1.45559499784230E+03,  1.65941631822555E+03
 2.01283333300000E+03, -3.31655617953501E-01, -7.47457894750000E-01,  7.57587321484608E-01,  2.86930000000008E+02,  9.79015594804017E+02,  1.53376561340430E+03
 2.01291666700000E+03, -3.42602620954474E-01, -5.68736379500000E-01,  7.54302924086625E-01,  2.87110000000008E+02,  9.31619712680124E+02,  1.60817606010069E+03
 2.01300000000000E+03, -3.06810232019380E-01, -2.94775669500000E-01,  7.52112783505466E-01,  2.87290000000008E+02,  1.13043823424535E+03,  1.99445518230099E+03
 2.01308333300000E+03, -2.99329864920117E-01, -2.21439334000000E-01,  7.50982460245539E-01,  2.87470000000008E+02,  1.53452364759620E+03,  2.96181991148362E+03
 2.01316666700000E+03, -3.03525134413057E-01, -4.61953504750000E-01,  7.50868781660340E-01,  2.87650000000008E+02,  1.84289809037619E+03,  3.75699966659585E+03
 2.01325000000000E+03, -3.83293923774580E-01, -7.08522510750000E-01,  1.07709634319540E+00,  2.87830000000008E+02,  1.76471956461036E+03,  3.77975849324023E+03
 2.01333333300000E+03, -5.86296854862510E-01, -7.33229716750000E-01,  1.06174521511851E+00,  2.88010000000008E+02,  1.47160278681802E+03,  3.43575264272756E+03
 2.01341666700000E+03, -6.98096810387655E-01, -6.61522725000000E-01,  1.04572532240534E+00,  2.88190000000008E+02,  1.17375674970102E+03,  2.63451868985042E+03
 2.01350000000000E+03, -5.45496720202948E-01, -6.17673820250000E-01,  1.02915756225842E+00,  2.88370000000008E+02,  7.40794835761126E+02,  1.30393678927801E+03
 2.01358333300000E+03, -3.01240240354694E-01, -5.41984681750000E-01,  1.01216670511398E+00,  2.88550000000008E+02,  3.17756160001276E+02,  8.90881718338651E+02
 2.01366666700000E+03, -6.96829434283513E-02, -3.76773942250000E-01,  9.94879982749749E-01,  2.88730000000008E+02,  3.55699541930220E+02,  1.58225401532377E+03
 2.01375000000000E+03,  1.32790424792004E-01, -7.35499742500000E-02,  9.78853971482943E-01,  2.88910000000008E+02,  6.00611542525498E+02,  1.71946975415806E+03
 2.01383333300000E+03,  3.83469926817623E-01,  4.14240320250000E-01,  9.61358578057851E-01,  2.89090000000008E+02,  6.32561539196024E+02,  1.66224491704947E+03
 2.01391666700000E+03,  9.04529089124737E-01,  9.79579069250000E-01,  9.43939776025527E-01,  2.89270000000008E+02,  7.45561634617603E+02,  2.24733403613791E+03
 2.01400000000000E+03,  1.40060480719104E+00,  1.36001538775000E+00,  9.26721353583189E-01,  2.89450000000008E+02,  8.85353446287013E+02,  2.36256382932701E+03
 2.01408333300000E+03,  1.53341164396390E+00,  1.33357283250000E+00,  9.09823122898810E-01,  2.89630000000008E+02,  6.64604792784795E+02,  2.09944273396876E+03
 2.01416666700000E+03,  1.01453555307299E+00,  1.05790389750000E+00,  8.93359798666935E-01,  2.89810000000008E+02,  4.72509929278132E+02,  2.34474892248900E+03
 2.01425000000000E+03,  2.00769190563334E-01,  9.41687043750000E-01,  8.01181732962901E-01,  2.89990000000008E+02,  6.10416869422720E+02,  2.34488668559977E+03
 2.01433333300000E+03,  1.70066908450254E-01,  1.09121500450000E+00,  8.07665582764368E-01,  2.90170000000008E+02,  7.13903711682765E+02,  1.91272637503952E+03
 2.01441666700000E+03,  5.90560439189354E-01,  1.38124692050000E+00,  8.14085085404429E-01,  2.90350000000008E+02,  7.04796883188318E+02,  1.81756269243003E+03
 2.01450000000000E+03,  8.85800519110977E-01,  1.73139195275000E+00,  8.20353181635371E-01,  2.90530000000008E+02,  7.49836315503416E+02,  1.98663611629011E+03
 2.01458333300000E+03,  1.10848022393537E+00,  2.06895868800000E+00,  8.26385652258616E-01,  2.90710000000009E+02,  7.45985913405829E+02,  2.11653368091211E+03
 2.01466666700000E+03,  1.22609160590312E+00,  2.32336841075000E+00,  8.32101731515031E-01,  2.90890000000009E+02,  6.03378735499354E+02,  2.15552148559337E+03
 2.01475000000000E+03,  1.23385562488024E+00,  2.46536615875000E+00,  8.35577714077947E-01,  2.91070000000009E+02,  4.34734084664043E+02,  2.01569895604142E+03
 2.01483333300000E+03,  1.21101589190500E+00,  2.49159175675000E+00,  8.40609098390569E-01,  2.91250000000009E+02,  3.58136875375849E+02,  1.55650773969273E+03
 2.01491666700000E+03,  1.31074274444223E+00,  2.31878274350000E+00,  8.45131273642040E-01,  2.91430000000009E+02,  3.99172099660292E+02,  9.16325555154626E+02
 2.01500000000000E+03,  1.23367924284736E+00,  1.94904566325000E+00,  8.49080468317839E-01,  2.91610000000009E+02,  4.77490325272523E+02,  5.79055415538918E+02
 2.01508333300000E+03,  9.17220428929536E-01,  1.67890805775000E+00,  8.52398554491346E-01,  2.91790000000009E+02,  4.81356274815892E+02,  4.77714503467781E+02
 2.01516666700000E+03,  8.36430281345034E-01,  1.70329047025000E+00,  8.55033365289000E-01,  2.91970000000009E+02,  7.75665799047442E+02,  1.12679041112288E+03
 2.01525000000000E+03,  1.02530618760218E+00,  1.82062341150000E+00,  8.21495728454303E-01,  2.92150000000009E+02,  1.87941684356667E+03,  3.54445636359373E+03
 2.01533333300000E+03,  1.20770332824034E+00,  1.84784705650000E+00,  8.27475341858870E-01,  2.92330000000009E+02,  3.07411423030209E+03,  5.80746819615187E+03
 2.01541666700000E+03,  1.26658787923065E+00,  1.79993629675000E+00,  8.33123966108684E-01,  2.92510000000009E+02,  3.42142500021130E+03,  6.10483429249710E+03
 2.01550000000000E+03,  1.19665050489314E+00,  1.61770551475000E+00,  8.38365661541573E-01,  2.92690000000009E+02,  3.50738058629285E+03,  6.24373585745467E+03
 2.01558333300000E+03,  1.21598671852134E+00,  1.35676420900000E+00,  8.43129114913414E-01,  2.92870000000009E+02,  3.49381836632561E+03,  5.95950105834220E+03
 2.01566666700000E+03,  1.22643443134671E+00,  1.35730623200000E+00,  8.47348093251195E-01,  2.93050000000009E+02,  2.53368686889583E+03,  3.49167236938552E+03
 2.01575000000000E+03,  9.69670901000670E-01,  1.79146278200000E+00,  8.52025376071558E-01,  2.93230000000009E+02,  1.41688844365037E+03,  1.38921299378258E+03
 2.01583333300000E+03,  8.23447000837635E-01,  2.41567545425000E+00,  8.54747043975280E-01,  2.93410000000009E+02,  1.35585225588570E+03,  1.46262137883165E+03
 2.01591666700000E+03,  1.01087390367843E+00,  2.84321209200000E+00,  8.56744812565064E-01,  2.93590000000009E+02,  1.60305807760800E+03,  1.59621369781385E+03
 2.01600000000000E+03,  1.24458997413646E+00,  2.84575939275000E+00,  8.57978360973594E-01,  2.93770000000009E+02,  1.46738361970820E+03,  1.24970292640787E+03
 2.01608333300000E+03,  1.35628413428588E+00,  2.45923179350000E+00,  8.58413926380025E-01,  2.93950000000009E+02,  1.39216899301096E+03,  1.24515291364696E+03
 2.01616666700000E+03,  9.71191489747696E-01,  1.90924780075000E+00,  8.58024402954493E-01,  2.94130000000009E+02,  1.38127979851270E+03,  1.04487880851131E+03
 2.01625000000000E+03,  1.55096772320164E-01,  1.38504868350000E+00,  7.50946641725652E-01,  2.94310000000009E+02,  1.23851813223451E+03,  7.42496728310653E+02
 2.01633333300000E+03, -2.51621412770216E-01,  9.28506706500000E-01,  7.50893843364524E-01,  2.94490000000009E+02,  1.24918656408741E+03,  1.10816296353123E+03
 2.01641666700000E+03, -2.82849112513298E-01,  6.57776312750000E-01,  7.51802976858846E-01,  2.94670000000009E+02,  1.31574716912608E+03,  1.53561929901193E+03
 2.01650000000000E+03, -3.76935411500710E-01,  7.50063885000000E-01,  7.53614812424955E-01,  2.94850000000009E+02,  1.17859168824140E+03,  1.67980317233334E+03
 2.01658333300000E+03, -4.63197799680423E-01,  1.00461442100000E+00,  7.56263381632424E-01,  2.95030000000009E+02,  1.51680590705963E+03,  3.15036586311679E+03
 2.01666666700000E+03, -3.92868281097789E-01,  1.05207589450000E+00,  7.59676719465336E-01,  2.95210000000009E+02,  2.61512874705935E+03,  5.75014318432343E+03
 2.01675000000000E+03, -2.84315702679005E-01,  9.81656336750000E-01,  7.64435472233585E-01,  2.95390000000009E+02,  3.20583864409522E+03,  6.60620089484586E+03
 2.01683333300000E+03, -4.41101762415228E-01,  1.05537462225000E+00,  7.69224553269233E-01,  2.95570000000009E+02,  3.04544874204238E+03,  6.16308433029960E+03
 2.01691666700000E+03, -6.12727833761219E-01,  1.20460665975000E+00,  7.74521539801179E-01,  2.95750000000009E+02,  3.33124087354143E+03,  6.61088756267164E+03
 2.01700000000000E+03, -6.72123443277503E-01,  1.24336854700000E+00,  7.80238051807104E-01,  2.95930000000009E+02,  3.45602354639048E+03,  6.23756026030157E+03
 2.01708333300000E+03, -7.97249742093215E-01,  1.09901351050000E+00,  7.86283844390704E-01,  2.96110000000009E+02,  2.37659613243118E+03,  4.40754837587529E+03
 2.01716666700000E+03, -4.77943950289706E-01,  7.98474755000000E-01,  7.92567614599128E-01,  2.96290000000009E+02,  1.44393112667011E+03,  3.72487357250555E+03
 2.01725000000000E+03,  1.71454137638215E-01,  5.19022307750000E-01,  8.09185392043191E-01,  2.96470000000009E+02,  1.53180678478989E+03,  4.03561619845077E+03
 2.01733333300000E+03,  5.78271174106953E-01,  4.25969253250000E-01,  8.15577001531867E-01,  2.96650000000009E+02,  1.53953369183344E+03,  3.85279078211269E+03
 2.01741666700000E+03,  8.92818328828279E-01,  4.03112360500000E-01,  8.21797105624286E-01,  2.96830000000009E+02,  1.17813321853734E+03,  3.36654642987150E+03
 2.01750000000000E+03,  1.09691431922922E+00,  3.27717826000000E-01,  8.27762244345736E-01,  2.97010000000009E+02,  1.03398302882312E+03,  2.45765599114329E+03
 2.01758333300000E+03,  1.12540581863755E+00,  3.61618740000000E-01,  8.33392548796286E-01,  2.97190000000009E+02,  9.73425926117472E+02,  1.74790458612012E+03
 2.01766666700000E+03,  1.07448235874499E+00,  5.69567692000000E-01,  8.38612295968201E-01,  2.97370000000009E+02,  7.77680452157290E+02,  2.41357386897739E+03
 2.01775000000000E+03,  1.13645912141531E+00,  6.94260921500000E-01,  8.42278313402501E-01,  2.97550000000009E+02,  6.66864367251029E+02,  3.41650199058383E+03
 2.01783333300000E+03,  1.26873808784581E+00,  5.79499945000000E-01,  8.46603835866252E-01,  2.97730000000009E+02,  5.93985613801731E+02,  3.45443342257228E+03
 2.01791666700000E+03,  1.08153440540599E+00,  4.07059954500000E-01,  8.50335051292280E-01,  2.97910000000009E+02,  4.42371358802036E+02,  3.36124241593536E+03
 2.01800000000000E+03,  7.83768979917048E-01,  3.41702214750000E-01,  8.53415917254081E-01,  2.98090000000009E+02,  8.34733203820546E+02,  4.27607077830330E+03
 2.01808333300000E+03,  8.47402109460113E-01,  3.35712490750000E-01,  8.55796451556742E-01,  2.98270000000009E+02,  1.93851270676805E+03,  5.13395208941658E+03
 2.01816666700000E+03,  7.08277860969722E-01,  3.95187593250000E-01,  8.57432972713119E-01,  2.98450000000009E+02,  2.55747925335605E+03,  4.44471637709335E+03
 2.01825000000000E+03, -1.08049415918301E-01,  5.42009604250000E-01,  4.63151921085171E-01,  2.98630000000009E+02,  2.58068643401698E+03,  3.87133646258545E+03
 2.01833333300000E+03, -7.74285429252658E-01,  6.14977471000000E-01,  4.67752620353625E-01,  2.98810000000009E+02,  3.10025769462620E+03,  4.61374434312446E+03
 2.01841666700000E+03, -7.43890038167783E-01,  5.06981240000000E-01,  4.72491640268519E-01,  2.98990000000009E+02,  3.33444008265960E+03,  4.27094479642881E+03
 2.01850000000000E+03, -4.73893654546565E-01,  3.35335720750000E-01,  4.77328576768662E-01,  2.99170000000009E+02,  2.35473681216969E+03,  2.84125123701168E+03
 2.01858333300000E+03, -4.16766545202361E-01,  2.83697517500000E-01,  4.82223309495555E-01,  2.99350000000009E+02,  1.57697831179011E+03,  2.77640036381588E+03
 2.01866666700000E+03, -2.53055825129446E-01,  3.58878262250000E-01,  4.87136190212267E-01,  2.99530000000009E+02,  1.59944217633481E+03,  3.17225459138480E+03
 2.01875000000000E+03,  2.01854623883073E-01,  4.29436034000000E-01,  4.89823322094451E-01,  2.99710000000009E+02,  1.30461219010806E+03,  3.03181227331131E+03
 2.01883333300000E+03,  4.93429524945681E-01,  5.48401753000000E-01,  4.94687664839679E-01,  2.99890000000009E+02,  8.27156864971048E+02,  3.50781546221519E+03
 2.01891666700000E+03,  6.61896716086764E-01,  8.14482816250000E-01,  4.99472468937054E-01,  3.00070000000009E+02,  8.32518617059309E+02,  3.89259192184140E+03
 2.01900000000000E+03,  9.49179130087708E-01,  1.06183190925000E+00,  5.04141155405049E-01,  3.00250000000009E+02,  8.55874978667547E+02,  3.36309556050110E+03
 2.01908333300000E+03,  1.09094892095862E+00,  1.12071580000000E+00,  5.08658363689896E-01,  3.00430000000009E+02,  6.13494637511131E+02,  3.05577894985041E+03
 2.01916666700000E+03,  6.70760254489564E-01,  1.07201322250000E+00,  5.12990088364354E-01,  3.00610000000009E+02,  4.72747622511548E+02,  2.89241579167017E+03
 2.01925000000000E+03, -9.79174628426086E-02,  1.00913858100000E+00,  4.38817553921997E-01,  3.00790000000009E+02,  5.71946000326910E+02,  2.05859757898906E+03
 2.01933333300000E+03, -4.01091668897614E-01,  8.55784338750000E-01,  4.41452114529017E-01,  3.00970000000009E+02,  7.65330350612537E+02,  1.35584977246178E+03
 2.01941666700000E+03, -2.68968521523649E-01,  5.60803831000000E-01,  4.44488860189017E-01,  3.01150000000009E+02,  9.39714293530478E+02,  1.41340075865400E+03
 2.01950000000000E+03, -2.77266531384001E-01,  3.30925698500000E-01,  4.47890844614732E-01,  3.01330000000009E+02,  1.23898908155414E+03,  1.58149282849646E+03
 2.01958333300000E+03, -5.29872908484657E-01,  3.42245432750000E-01,  4.51619988412307E-01,  3.01510000000009E+02,  1.70092747485333E+03,  1.66232918892934E+03
 2.01966666700000E+03, -6.98101596695669E-01,  3.09765315500000E-01,  4.55637299887922E-01,  3.01690000000009E+02,  1.82120558160381E+03,  2.00197574378291E+03
 2.01975000000000E+03, -7.14633350647566E-01,  1.34813400000000E-03,  4.63338884481993E-01,  3.01870000000009E+02,  1.54656568133487E+03,  2.36272365230712E+03
 2.01983333300000E+03, -8.66961563779931E-01, -3.16747627750000E-01,  4.67946105588485E-01,  3.02050000000009E+02,  1.49739157514594E+03,  2.55285431550093E+03
 2.01991666700000E+03, -8.13173667894506E-01, -3.89620161750000E-01,  4.72689973609355E-01,  3.02230000000009E+02,  1.41118531633509E+03,  2.52289679041008E+03
 2.02000000000000E+03, -5.52074723741736E-01, -2.44896335750000E-01,  4.77530092381727E-01,  3.02410000000009E+02,  8.70963013610764E+02,  1.94310080498581E+03
 2.02008333300000E+03, -4.81692167959445E-01, -1.03067994500000E-01,  4.82426357387287E-01,  3.02590000000009E+02,  8.84637684462073E+02,  1.70603812333161E+03
 2.02016666700000E+03, -4.25964361813959E-02, -1.78004116750000E-01,  4.87339143850727E-01,  3.02770000000009E+02,  1.84233938259771E+03,  2.86886850163741E+03
 2.02025000000000E+03,  7.62430960164894E-01, -3.89149095750000E-01,  8.28669769818003E-01,  3.02950000000009E+02,  2.49390605805073E+03,  4.07601485626214E+03
 2.02033333300000E+03,  9.92220882261842E-01, -4.96123807250000E-01,  8.21193369305995E-01,  3.03130000000009E+02,  2.60942857971450E+03,  4.44407532561447E+03
 2.02041666700000E+03,  4.77663549754915E-01, -4.62965050500000E-01,  8.12950964333806E-01,  3.03310000000009E+02,  2.94494574159355E+03,  5.10434835818644E+03
 2.02050000000000E+03, -1.43664805136815E-01, -4.87728913750000E-01,  8.03978411379406E-01,  3.03490000000009E+02,  2.98510309259302E+03,  5.31931716998478E+03
 2.02058333300000E+03, -4.28553980618658E-01, -5.91467928750000E-01,  7.94316096631818E-01,  3.03670000000009E+02,  2.10414354603855E+03,  3.79877830654342E+03
 2.02066666700000E+03, -4.90323824416043E-01, -5.79021057500000E-01,  7.84008545309509E-01,  3.03850000000009E+02,  1.38120835635135E+03,  2.65097970523323E+03
 2.02075000000000E+03, -4.38891812275216E-01, -5.26325751500000E-01,  7.68728399020199E-01,  3.04030000000009E+02,  1.96885539450674E+03,  3.53080640962182E+03
 2.02083333300000E+03, -4.52174137726682E-01, -6.43273664250000E-01,  7.57081570887874E-01,  3.04210000000009E+02,  2.99330670229672E+03,  4.19288883716163E+03
 2.02091666700000E+03, -6.64983348947658E-01, -8.69843535250000E-01,  7.44965547308811E-01,  3.04390000000009E+02,  3.09872133593846E+03,  3.62053233130510E+03
 2.02100000000000E+03, -9.34840750259678E-01, -1.05603253400000E+00,  7.32438033078486E-01,  3.04570000000009E+02,  2.95336694684890E+03,  4.30821677341167E+03
 2.02108333300000E+03, -1.00579081221956E+00, -1.13739962250000E+00,  7.19558556111047E-01,  3.04750000000009E+02,  3.22269989983442E+03,  5.90128569429116E+03
 2.02116666700000E+03, -5.63312925000942E-01, -1.05263151225000E+00,  7.06388025405484E-01,  3.04930000000009E+02,  2.58808579820288E+03,  5.13250593054194E+03
 2.02125000000000E+03,  6.86727534547693E-02, -8.35712487250000E-01,  4.98481328525080E-01,  3.05110000000009E+02,  1.23246953757889E+03,  3.92084383264631E+03
 2.02133333300000E+03,  1.32166381918666E-01, -6.74442003750000E-01,  4.89500527401886E-01,  3.05290000000009E+02,  1.22760009858794E+03,  6.00396144494657E+03
 2.02141666700000E+03, -3.20269735993798E-01, -5.54317696750000E-01,  4.81145273592394E-01,  3.05470000000009E+02,  2.03750707392336E+03,  8.17475943990304E+03
 2.02150000000000E+03, -6.73309547966818E-01, -3.10979309250000E-01,  4.73434925424139E-01,  3.05650000000009E+02,  2.09441759789779E+03,  7.45474705931528E+03
 2.02158333300000E+03, -6.94664890134942E-01, -7.46427277500000E-02,  4.66384904972510E-01,  3.05830000000009E+02,  2.39568151098830E+03,  7.67985526940982E+03
 2.02166666700000E+03, -6.07203123058563E-01, -1.10000000000000E-01,  4.60006702714429E-01,  3.06010000000009E+02,  3.42918195523310E+03,  9.72277107940126E+03
 2.02175000000000E+03, -5.87894778644213E-01, -4.63750000000000E-01,  4.58875996671802E-01,  3.06190000000009E+02,  3.72938780494128E+03,  9.23990525610882E+03
 2.02183333300000E+03, -4.64622051836973E-01, -8.27500000000000E-01,  4.53306303546291E-01,  3.06370000000009E+02,  3.18856274190547E+03,  6.60648750681478E+03
 2.02191666700000E+03, -2.48641402971690E-01, -8.85000000000000E-01,  4.48420025797916E-01,  3.06550000000009E+02,  2.76638925326473E+03,  5.37504764705005E+03
 2.02200000000000E+03, -2.52169086874904E-01, -7.82500000000000E-01,  4.44216406125819E-01,  3.06730000000009E+02,  1.37166746457097E+03,  1.67997506677954E+03
 2.02208333300000E+03, -4.76943755423148E-01, -7.60000000000000E-01,  4.40691013498732E-01,  3.06910000000009E+02,  8.04981010314791E+01,  4.68863259403194E+02
