 1.96200547580006E+03	-1.53428345177288E-01
 1.96200821370009E+03	-1.38050623313836E-01
 1.96201095160012E+03	-6.96900844131077E-02
 1.96201368950015E+03	 4.73351756785404E-02
 1.96201642740018E+03	 2.02525917494815E-01
 1.96201916530022E+03	 3.72813261472032E-01
 1.96202190320025E+03	 5.17256440706455E-01
 1.96202464110028E+03	 5.86544376098956E-01
 1.96202737900031E+03	 5.47445669662208E-01
 1.96203011690034E+03	 4.04454231358061E-01
 1.96203285480037E+03	 1.99589523149764E-01
 1.96203559270040E+03	-1.00342894402791E-02
 1.96203833060043E+03	-1.78449270204348E-01
 1.96204106850046E+03	-2.82703756136074E-01
 1.96204380640049E+03	-3.18404958140831E-01
 1.96204654430052E+03	-2.90832065176882E-01
 1.96204928220055E+03	-2.12668172580123E-01
 1.96205202010058E+03	-1.07202900409121E-01
 1.96205475800062E+03	-6.18237334284475E-03
 1.96205749590065E+03	 6.36210904685953E-02
 1.96206023380068E+03	 9.52304956404180E-02
 1.96206297170071E+03	 1.00975666601248E-01
 1.96206570960074E+03	 9.49260596619057E-02
 1.96206844750077E+03	 7.71813064865355E-02
 1.96207118540080E+03	 3.78958049403115E-02
 1.96207392330083E+03	-2.44868335602685E-02
 1.96207666120086E+03	-9.25874125415165E-02
 1.96207939910089E+03	-1.38353439450718E-01
 1.96208213700092E+03	-1.39681748845438E-01
 1.96208487490095E+03	-8.85405893178582E-02
 1.96208761280098E+03	 1.28282347578833E-02
 1.96209035070101E+03	 1.56709261087207E-01
 1.96209308860105E+03	 3.26075034168830E-01
 1.96209582650108E+03	 4.86681364701951E-01
 1.96209856440111E+03	 5.89736714665977E-01
 1.96210130230114E+03	 5.92234760902340E-01
 1.96210404020117E+03	 4.82781987132114E-01
 1.96210677810120E+03	 2.91223467209501E-01
 1.96210951600123E+03	 7.30747669575591E-02
 1.96211225390126E+03	-1.18223899081495E-01
 1.96211499180129E+03	-2.50146824103651E-01
 1.96211772970132E+03	-3.11985813214624E-01
 1.96212046760135E+03	-3.05929194616122E-01
 1.96212320550138E+03	-2.41753125280594E-01
 1.96212594340141E+03	-1.39172946581251E-01
 1.96212868130145E+03	-2.90354924553427E-02
 1.96213141920148E+03	 5.66608753138553E-02
 1.96213415710151E+03	 1.01829961172412E-01
 1.96213689500154E+03	 1.13236573847165E-01
 1.96213963290157E+03	 1.07625087950509E-01
 1.96214237080160E+03	 9.20264631888675E-02
 1.96214510870163E+03	 5.93780362052584E-02
 1.96214784660166E+03	 3.56505408148691E-03
 1.96215058450169E+03	-6.48571687163908E-02
 1.96215332240172E+03	-1.20197935959235E-01
 1.96215606030175E+03	-1.37188441425719E-01
 1.96215879820178E+03	-1.03308813362581E-01
 1.96216153610181E+03	-1.83133696079319E-02
 1.96216427400185E+03	 1.11993572178920E-01
 1.96216701190188E+03	 2.75381404218588E-01
 1.96216974980191E+03	 4.44943273698329E-01
 1.96217248770194E+03	 5.75784720009816E-01
 1.96217522560197E+03	 6.19089249770354E-01
 1.96217796350200E+03	 5.48738343941321E-01
 1.96218070140203E+03	 3.79594360801676E-01
 1.96218343930206E+03	 1.61074840330140E-01
 1.96218617720209E+03	-4.87446329805359E-02
 1.96218891510212E+03	-2.07663805535245E-01
 1.96219165300215E+03	-2.97052094589279E-01
 1.96219439090218E+03	-3.14996660944615E-01
 1.96219712880221E+03	-2.68460167855501E-01
 1.96219986670224E+03	-1.73418334769287E-01
 1.96220260460228E+03	-5.81181376784342E-02
 1.96220534250231E+03	 4.25547461275514E-02
 1.96220808040234E+03	 1.03846927679657E-01
 1.96221081830237E+03	 1.24436713979919E-01
 1.96221355620240E+03	 1.20527327424434E-01
 1.96221629410243E+03	 1.05480487486080E-01
 1.96221903200246E+03	 7.74741590832615E-02
 1.96222176990249E+03	 2.84582890689798E-02
 1.96222450780252E+03	-3.77370348087288E-02
 1.96222724570255E+03	-9.97835742160910E-02
 1.96222998360258E+03	-1.30893087196006E-01
 1.96223272150261E+03	-1.14019968129532E-01
 1.96223545940264E+03	-4.57647265435200E-02
 1.96223819730268E+03	 6.95662895190455E-02
 1.96224093520271E+03	 2.23098426776271E-01
 1.96224367310274E+03	 3.94882275237386E-01
 1.96224641100277E+03	 5.46370663378713E-01
 1.96224914890280E+03	 6.27176441519602E-01
 1.96225188680283E+03	 5.99097835858710E-01
 1.96225462470286E+03	 4.60648038217721E-01
 1.96225736260289E+03	 2.50849370459173E-01
 1.96226010050292E+03	 2.85823728989699E-02
 1.96226283840295E+03	-1.55289040225903E-01
 1.96226557630298E+03	-2.72928618178051E-01
 1.96226831420301E+03	-3.16927867078191E-01
 1.96227105210304E+03	-2.91226517454982E-01
 1.96227379000308E+03	-2.08215812065917E-01
 1.96227652790311E+03	-9.24025412191774E-02
 1.96227926580314E+03	 2.08973554137882E-02
 1.96228200370317E+03	 9.97499279929986E-02
 1.96228474160320E+03	 1.33210826021162E-01
 1.96228747950323E+03	 1.33492873894768E-01
 1.96229021740326E+03	 1.18405514806859E-01
 1.96229295530329E+03	 9.28881550176446E-02
 1.96229569320332E+03	 4.99262867825768E-02
 1.96229843110335E+03	-1.22176153027763E-02
 1.96230116900338E+03	-7.80368374820885E-02
 1.96230390690341E+03	-1.21236919993475E-01
 1.96230664480344E+03	-1.20769517152517E-01
 1.96230938270347E+03	-6.93835673175069E-02
 1.96231212060351E+03	 3.02136457864908E-02
 1.96231485850354E+03	 1.71202963290061E-01
 1.96231759640357E+03	 3.39425325234927E-01
 1.96232033430360E+03	 5.03975803251774E-01
 1.96232307220363E+03	 6.16848121548371E-01
 1.96232581010366E+03	 6.31523320854905E-01
 1.96232854800369E+03	 5.30460719099461E-01
 1.96233128590372E+03	 3.38762482117704E-01
 1.96233402380375E+03	 1.11662744144873E-01
 1.96233676170378E+03	-9.35334697750158E-02
 1.96233949960381E+03	-2.39177818368302E-01
 1.96234223750384E+03	-3.10783458363628E-01
 1.96234497540387E+03	-3.08625847887008E-01
 1.96234771330391E+03	-2.41759584477630E-01
 1.96235045120394E+03	-1.30408561025028E-01
 1.96235318910397E+03	-8.09686526625797E-03
 1.96235592700400E+03	 8.83253290769409E-02
 1.96235866490403E+03	 1.37955970662664E-01
 1.96236140280406E+03	 1.45866395005318E-01
 1.96236414070409E+03	 1.31400751666843E-01
 1.96236687860412E+03	 1.06534141469433E-01
 1.96236961650415E+03	 6.81184912193258E-02
 1.96237235440418E+03	 1.09446992665091E-02
 1.96237509230421E+03	-5.59253490612159E-02
 1.96237783020424E+03	-1.08785297630482E-01
 1.96238056810427E+03	-1.23715325010830E-01
 1.96238330600431E+03	-8.91354061112931E-02
 1.96238604390434E+03	-5.61276041723093E-03
 1.96238878180437E+03	 1.21200058671419E-01
 1.96239151970440E+03	 2.81322697157882E-01
 1.96239425760443E+03	 4.51600077819292E-01
 1.96239699550446E+03	 5.89574001417073E-01
 1.96239973340449E+03	 6.44784037786591E-01
 1.96240247130452E+03	 5.85580134401641E-01
 1.96240520920455E+03	 4.20889646363493E-01
 1.96240794710458E+03	 1.97738838966482E-01
 1.96241068500461E+03	-2.34777571456728E-02
 1.96241342290464E+03	-1.95674347327730E-01
 1.96241616080467E+03	-2.95810942772857E-01
 1.96241889870471E+03	-3.19409148576005E-01
 1.96242163660474E+03	-2.72285572448879E-01
 1.96242437450477E+03	-1.70342347225449E-01
 1.96242711240480E+03	-4.35968673248389E-02
 1.96242985030483E+03	 6.88554481467585E-02
 1.96243258820486E+03	 1.37041445430099E-01
 1.96243532610489E+03	 1.56520908244620E-01
 1.96243806400492E+03	 1.44655384248957E-01
 1.96244080190495E+03	 1.19366527793946E-01
 1.96244353980498E+03	 8.35674796288973E-02
 1.96244627770501E+03	 3.13186922801770E-02
 1.96244901560504E+03	-3.43721121321287E-02
 1.96245175350507E+03	-9.42181739612904E-02
 1.96245449140510E+03	-1.23087211889793E-01
 1.96245722930514E+03	-1.05037783707362E-01
 1.96245996720517E+03	-3.77013243359505E-02
 1.96246270510520E+03	 7.41159762391723E-02
 1.96246544300523E+03	 2.22941143438383E-01
 1.96246818090526E+03	 3.92448701677304E-01
 1.96247091880529E+03	 5.47759038084650E-01
 1.96247365670532E+03	 6.38862373192339E-01
 1.96247639460535E+03	 6.23343229957781E-01
 1.96247913250538E+03	 4.93312116307942E-01
 1.96248187040541E+03	 2.83494288292387E-01
 1.96248460830544E+03	 5.31672657185092E-02
 1.96248734620547E+03	-1.42692561575925E-01
 1.96249008410550E+03	-2.71475239747188E-01
 1.96249282200554E+03	-3.22523842314350E-01
 1.96249555990557E+03	-2.98167166382730E-01
 1.96249829780560E+03	-2.10252393911908E-01
 1.96250103570563E+03	-8.42288484407578E-02
 1.96250377360566E+03	 4.12355938919617E-02
 1.96250651150569E+03	 1.29033636641361E-01
 1.96250924940572E+03	 1.63979283506113E-01
 1.96251198730575E+03	 1.57860209513166E-01
 1.96251472520578E+03	 1.32195094105829E-01
 1.96251746310581E+03	 9.70973690316577E-02
 1.96252020100584E+03	 4.88547933134171E-02
 1.96252293890587E+03	-1.41570332581111E-02
 1.96252567680590E+03	-7.82982645607501E-02
 1.96252841470594E+03	-1.19204918694501E-01
 1.96253115260597E+03	-1.17131907975631E-01
 1.96253389050600E+03	-6.59801860159374E-02
 1.96253662840603E+03	 3.05561712465627E-02
 1.96253936630606E+03	 1.66135616123839E-01
 1.96254210420609E+03	 3.29628126436416E-01
 1.96254484210612E+03	 4.94470106128205E-01
 1.96254758000615E+03	 6.14933655921587E-01
 1.96255031790618E+03	 6.42128896594316E-01
 1.96255305580621E+03	 5.52444846008845E-01
 1.96255579370624E+03	 3.65239229188533E-01
 1.96255853160627E+03	 1.34052653231169E-01
 1.96256126950630E+03	-8.09946008307393E-02
 1.96256400740633E+03	-2.37506296808663E-01
 1.96256674530637E+03	-3.17121695354054E-01
 1.96256948320640E+03	-3.17976390720899E-01
 1.96257222110643E+03	-2.48179791040695E-01
 1.96257495900646E+03	-1.28205673607141E-01
 1.96257769690649E+03	 6.01535830307774E-03
 1.96258043480652E+03	 1.12903120201087E-01
 1.96258317270655E+03	 1.66597535188427E-01
 1.96258591060658E+03	 1.70194759752963E-01
 1.96258864850661E+03	 1.45512994661874E-01
 1.96259138640664E+03	 1.09682223553321E-01
 1.96259412430667E+03	 6.38930099702522E-02
 1.96259686220670E+03	 4.17997981802660E-03
 1.96259960010673E+03	-6.18141202788840E-02
 1.96260233800677E+03	-1.12492722567470E-01
 1.96260507590680E+03	-1.25482551127573E-01
 1.96260781380683E+03	-9.04319242817837E-02
 1.96261055170686E+03	-9.19197502064536E-03
 1.96261328960689E+03	 1.12207763410682E-01
 1.96261602750692E+03	 2.65890384145998E-01
 1.96261876540695E+03	 4.33109888314428E-01
 1.96262150330698E+03	 5.75220772753975E-01
 1.96262424120701E+03	 6.41510949727969E-01
 1.96262697910704E+03	 5.95359693285785E-01
 1.96262971700707E+03	 4.39165111510783E-01
 1.96263245490710E+03	 2.16251177454734E-01
 1.96263519280713E+03	-1.19020067817546E-02
 1.96263793070717E+03	-1.93964238622227E-01
 1.96264066860720E+03	-3.02567843233200E-01
 1.96264340650723E+03	-3.30512349172095E-01
 1.96264614440726E+03	-2.82283333224175E-01
 1.96264888230729E+03	-1.73489329107540E-01
 1.96265162020732E+03	-3.56384172868699E-02
 1.96265435810735E+03	 8.81843009069242E-02
 1.96265709600738E+03	 1.62783983066479E-01
 1.96265983390741E+03	 1.80395327827154E-01
 1.96266257180744E+03	 1.59365365069828E-01
 1.96266530970747E+03	 1.22272152453204E-01
 1.96266804760750E+03	 7.71146647627637E-02
 1.96267078550753E+03	 2.04174174264085E-02
 1.96267352340756E+03	-4.55013377122123E-02
 1.96267626130760E+03	-1.03479002499189E-01
 1.96267899920763E+03	-1.30199859757364E-01
 1.96268173710766E+03	-1.11038136465802E-01
 1.96268447500769E+03	-4.50371545532417E-02
 1.96268721290772E+03	 6.19451999236339E-02
 1.96268995080775E+03	 2.03455396819128E-01
 1.96269268870778E+03	 3.67082291424446E-01
 1.96269542660781E+03	 5.22742901102006E-01
 1.96269816450784E+03	 6.22288986804311E-01
 1.96270090240787E+03	 6.20063099743104E-01
 1.96270364030790E+03	 5.01646077357684E-01
 1.96270637820793E+03	 2.96392157183238E-01
 1.96270911610796E+03	 6.26682022468329E-02
 1.96271185400800E+03	-1.41315863132140E-01
 1.96271459190803E+03	-2.78461898534410E-01
 1.96271732980806E+03	-3.34805737692600E-01
 1.96272006770809E+03	-3.10927180228769E-01
 1.96272280560812E+03	-2.17960750004066E-01
 1.96272554350815E+03	-8.20474824842497E-02
 1.96272828140818E+03	 5.50656784288892E-02
 1.96273101930821E+03	 1.51222520126610E-01
 1.96273375720824E+03	 1.86896679178601E-01
 1.96273649510827E+03	 1.73281257257992E-01
 1.96273923300830E+03	 1.35611503354510E-01
 1.96274197090833E+03	 8.94387835255298E-02
 1.96274470880836E+03	 3.46954737894571E-02
 1.96274744670840E+03	-2.99512690824226E-02
 1.96275018460843E+03	-9.27719952977693E-02
 1.96275292250846E+03	-1.31471225896325E-01
 1.96275566040849E+03	-1.27760732564526E-01
 1.96275839830852E+03	-7.69687849685566E-02
 1.96276113620855E+03	 1.57231974967636E-02
 1.96276387410858E+03	 1.43927114710253E-01
 1.96276661200861E+03	 2.99493180785913E-01
 1.96276934990864E+03	 4.60992359047567E-01
 1.96277208780867E+03	 5.86391013459358E-01
 1.96277482570870E+03	 6.25690910438721E-01
 1.96277756360873E+03	 5.49554404284517E-01
 1.96278030150876E+03	 3.70867986020645E-01
 1.96278303940880E+03	 1.40220640116945E-01
 1.96278577730883E+03	-8.05100412427932E-02
 1.96278851520886E+03	-2.44677842915429E-01
 1.96279125310889E+03	-3.30112732485179E-01
 1.96279399100892E+03	-3.32727550961446E-01
 1.96279672890895E+03	-2.59572872020829E-01
 1.96279946680898E+03	-1.31177311848345E-01
 1.96280220470901E+03	 1.44000626502102E-02
 1.96280494260904E+03	 1.31067563428567E-01
 1.96280768050907E+03	 1.88028489626741E-01
 1.96281041840910E+03	 1.86282676360279E-01
 1.96281315630913E+03	 1.50076661297306E-01
 1.96281589420916E+03	 1.01873233450592E-01
 1.96281863210919E+03	 4.75112362709338E-02
 1.96282137000923E+03	-1.55215647714909E-02
 1.96282410790926E+03	-8.10082979511520E-02
 1.96282684580929E+03	-1.29588636836536E-01
 1.96282958370932E+03	-1.40557790237744E-01
 1.96283232160935E+03	-1.04969918208172E-01
 1.96283505950938E+03	-2.63580014211074E-02
 1.96283779740941E+03	 8.83037523959183E-02
 1.96284053530944E+03	 2.32922930271027E-01
 1.96284327320947E+03	 3.93583085150803E-01
 1.96284601110950E+03	 5.36659362156216E-01
 1.96284874900953E+03	 6.12592337861126E-01
 1.96285148690956E+03	 5.80552146662521E-01
 1.96285422480959E+03	 4.36097625576289E-01
 1.96285696270963E+03	 2.17764399714341E-01
 1.96285970060966E+03	-1.30350320158098E-02
 1.96286243850969E+03	-2.01423029581679E-01
 1.96286517640972E+03	-3.15912796320195E-01
 1.96286791430975E+03	-3.46563725838578E-01
 1.96287065220978E+03	-2.96468454793966E-01
 1.96287339010981E+03	-1.80815815726493E-01
 1.96287612800984E+03	-3.23632543348306E-02
 1.96287886590987E+03	 1.02082905520872E-01
 1.96288160380990E+03	 1.82238699278455E-01
 1.96288434170993E+03	 1.96972922190588E-01
 1.96288707960996E+03	 1.65559697041720E-01
 1.96288981750999E+03	 1.15339117108589E-01
 1.96289255541003E+03	 5.96591896524167E-02
 1.96289529331006E+03	-2.26556274437068E-03
 1.96289803121009E+03	-6.87773589514604E-02
 1.96290076911012E+03	-1.24957552996199E-01
 1.96290350701015E+03	-1.49423724756497E-01
 1.96290624491018E+03	-1.28971939495787E-01
 1.96290898281021E+03	-6.43302799353930E-02
 1.96291172071024E+03	 3.70676126160046E-02
 1.96291445861027E+03	 1.69294526067673E-01
 1.96291719651030E+03	 3.23917035434940E-01
 1.96291993441033E+03	 4.76547641154234E-01
 1.96292267231036E+03	 5.82289092100594E-01
 1.96292541021039E+03	 5.93321102828037E-01
 1.96292814811042E+03	 4.88821828418557E-01
 1.96293088601046E+03	 2.91965918887345E-01
 1.96293362391049E+03	 5.90609062990859E-02
 1.96293636181052E+03	-1.49309390106745E-01
 1.96293909971055E+03	-2.91922637797585E-01
 1.96294183761058E+03	-3.51565716481435E-01
 1.96294457551061E+03	-3.27052891790485E-01
 1.96294731341064E+03	-2.28748472147549E-01
 1.96295005131067E+03	-8.33104592646511E-02
 1.96295278921070E+03	 6.47058121983876E-02
 1.96295552711073E+03	 1.68311574032371E-01
 1.96295826501076E+03	 2.03694131785808E-01
 1.96296100291079E+03	 1.81418442138119E-01
 1.96296374081082E+03	 1.30492946365271E-01
 1.96296647871086E+03	 7.21189018292069E-02
 1.96296921661089E+03	 1.01028683234755E-02
 1.96297195451092E+03	-5.65319442162662E-02
 1.96297469241095E+03	-1.18077280841894E-01
 1.96297743031098E+03	-1.54437901433103E-01
 1.96298016821101E+03	-1.48854413927807E-01
 1.96298290611104E+03	-9.82368647644989E-02
 1.96298564401107E+03	-9.67149707393909E-03
 1.96298838191110E+03	 1.09844978941539E-01
 1.96299111981113E+03	 2.54910410290866E-01
 1.96299385771116E+03	 4.09768633683762E-01
 1.96299659561119E+03	 5.37312358655727E-01
 1.96299933351122E+03	 5.87698959280553E-01
 1.96300207141126E+03	 5.26397138965061E-01
 1.96300480931129E+03	 3.59365849222434E-01
 1.96300754721132E+03	 1.33202325157946E-01
 1.96301028511135E+03	-8.94233292389537E-02
 1.96301302301138E+03	-2.58133130601834E-01
 1.96301576091141E+03	-3.47094959872680E-01
 1.96301849881144E+03	-3.50022119331429E-01
 1.96302123671147E+03	-2.72906138981706E-01
 1.96302397461150E+03	-1.36236339771934E-01
 1.96302671251153E+03	 2.00297151575164E-02
 1.96302945041156E+03	 1.45549102307095E-01
 1.96303218831159E+03	 2.04732948214084E-01
 1.96303492621162E+03	 1.96504253669964E-01
 1.96303766411165E+03	 1.47573519515748E-01
 1.96304040201169E+03	 8.59008146179382E-02
 1.96304313991172E+03	 2.21961292274317E-02
 1.96304587781175E+03	-4.44999612338069E-02
 1.96304861571178E+03	-1.09489303754473E-01
 1.96305135361181E+03	-1.55803753947989E-01
 1.96305409151184E+03	-1.64483142163634E-01
 1.96305682941187E+03	-1.28054154610791E-01
 1.96305956731190E+03	-5.20115925965409E-02
 1.96306230521193E+03	 5.51913472627985E-02
 1.96306504311196E+03	 1.88810889066934E-01
 1.96306778101199E+03	 3.39939227101076E-01
 1.96307051891202E+03	 4.80937058346393E-01
 1.96307325681205E+03	 5.64700367551738E-01
 1.96307599471209E+03	 5.47052316326071E-01
 1.96307873261212E+03	 4.16643050347901E-01
 1.96308147051215E+03	 2.06383972115856E-01
 1.96308420841218E+03	-2.33762563283106E-02
 1.96308694631221E+03	-2.14868496925141E-01
 1.96308968421224E+03	-3.32734527120140E-01
 1.96309242211227E+03	-3.64354923042362E-01
 1.96309516001230E+03	-3.11469271946554E-01
 1.96309789791233E+03	-1.88830897674396E-01
 1.96310063581236E+03	-3.02883957215909E-02
 1.96310337371239E+03	 1.13890290235341E-01
 1.96310611161242E+03	 1.98545493440153E-01
 1.96310884951245E+03	 2.09267195131900E-01
 1.96311158741249E+03	 1.66298553939696E-01
 1.96311432531252E+03	 1.01869191027512E-01
 1.96311706321255E+03	 3.48850975345447E-02
 1.96311980111258E+03	-3.26158555731022E-02
 1.96312253901261E+03	-9.96978716360145E-02
 1.96312527691264E+03	-1.53862394326482E-01
 1.96312801481267E+03	-1.75771052055738E-01
 1.96313075271270E+03	-1.53666036102520E-01
 1.96313349061273E+03	-9.01052293871004E-02
 1.96313622851276E+03	 5.46853125633409E-03
 1.96313896641279E+03	 1.27121821279165E-01
 1.96314170431282E+03	 2.70267587356647E-01
 1.96314444221285E+03	 4.16847024131039E-01
 1.96314718011289E+03	 5.26416349417948E-01
 1.96314991801292E+03	 5.50072630488035E-01
 1.96315265591295E+03	 4.60899314621061E-01
 1.96315539381298E+03	 2.75335302562950E-01
 1.96315813171301E+03	 4.66836061354478E-02
 1.96316086961304E+03	-1.62858967516450E-01
 1.96316360751307E+03	-3.08301566461690E-01
 1.96316634541310E+03	-3.69285627865302E-01
 1.96316908331313E+03	-3.42922252090121E-01
 1.96317182121316E+03	-2.38852145624332E-01
 1.96317455911319E+03	-8.41785007410924E-02
 1.96317729701322E+03	 7.39529181175222E-02
 1.96318003491325E+03	 1.83969655902669E-01
 1.96318277281328E+03	 2.17926467400055E-01
 1.96318551071332E+03	 1.85830046236033E-01
 1.96318824861335E+03	 1.20566930812935E-01
 1.96319098651338E+03	 4.91791579046886E-02
 1.96319372441341E+03	-2.04892474506836E-02
 1.96319646231344E+03	-8.90747898695916E-02
 1.96319920021347E+03	-1.49070278269313E-01
 1.96320193811350E+03	-1.82741583801921E-01
 1.96320467601353E+03	-1.74888651017363E-01
 1.96320741391356E+03	-1.24044713428979E-01
 1.96321015181359E+03	-3.94935071706917E-02
 1.96321288971362E+03	 7.06322076257857E-02
 1.96321562761365E+03	 2.03320064807412E-01
 1.96321836551368E+03	 3.48774080355191E-01
 1.96322110341372E+03	 4.75801674915072E-01
 1.96322384131375E+03	 5.35884656114707E-01
 1.96322657921378E+03	 4.89931917693987E-01
 1.96322931711381E+03	 3.36744189902686E-01
 1.96323205501384E+03	 1.18114948603381E-01
 1.96323479291387E+03	-1.03311117261743E-01
 1.96323753081390E+03	-2.73887743586953E-01
 1.96324026871393E+03	-3.64276056635013E-01
 1.96324300661396E+03	-3.66062036321601E-01
 1.96324574451399E+03	-2.84262965242070E-01
 1.96324848241402E+03	-1.39340769644269E-01
 1.96325122031405E+03	 2.69946219887721E-02
 1.96325395821408E+03	 1.60394688373256E-01
 1.96325669611412E+03	 2.20683666678621E-01
 1.96325943401415E+03	 2.04817841586000E-01
 1.96326217191418E+03	 1.42069001689226E-01
 1.96326490981421E+03	 6.60657251327630E-02
 1.96326764771424E+03	-7.42433583448113E-03
 1.96327038561427E+03	-7.77662121641707E-02
 1.96327312351430E+03	-1.41938684996799E-01
 1.96327586141433E+03	-1.85573672564722E-01
 1.96327859931436E+03	-1.91532650410367E-01
 1.96328133721439E+03	-1.53802766895639E-01
 1.96328407511442E+03	-7.99888548017658E-02
 1.96328681301445E+03	 1.95351960051808E-02
 1.96328955091448E+03	 1.40892040463241E-01
 1.96329228881451E+03	 2.80156973477621E-01
 1.96329502671455E+03	 4.16375237342593E-01
 1.96329776461458E+03	 5.06025894497652E-01
 1.96330050251461E+03	 5.02458990695279E-01
 1.96330324041464E+03	 3.87521211185174E-01
 1.96330597831467E+03	 1.87893085369566E-01
 1.96330871621470E+03	-3.79556905311621E-02
 1.96331145411473E+03	-2.29924655631957E-01
 1.96331419201476E+03	-3.49004186193630E-01
 1.96331692991479E+03	-3.79974330234054E-01
 1.96331966781482E+03	-3.23318780386619E-01
 1.96332240571485E+03	-1.93433110358995E-01
 1.96332514361488E+03	-2.51973918605868E-02
 1.96332788151491E+03	 1.27864920254892E-01
 1.96333061941495E+03	 2.15949578885404E-01
 1.96333335731498E+03	 2.21519445858359E-01
 1.96333609521501E+03	 1.65889016583749E-01
 1.96333883311504E+03	 8.63291605479394E-02
 1.96334157101507E+03	 7.50369173759429E-03
 1.96334430891510E+03	-6.56220134963315E-02
 1.96334704681513E+03	-1.32942022196756E-01
 1.96334978471516E+03	-1.84611414326618E-01
 1.96335252261519E+03	-2.03482087171813E-01
 1.96335526051522E+03	-1.79232877892186E-01
 1.96335799841525E+03	-1.16283806796113E-01
 1.96336073631528E+03	-2.63946105671784E-02
 1.96336347421531E+03	 8.39903380322161E-02
 1.96336621211535E+03	 2.13862169917734E-01
 1.96336895001538E+03	 3.51870507821508E-01
 1.96337168791541E+03	 4.62998295293135E-01
 1.96337442581544E+03	 4.98265754723772E-01
 1.96337716371547E+03	 4.25076793471211E-01
 1.96337990161550E+03	 2.52786678353778E-01
 1.96338263951553E+03	 3.09478806806040E-02
 1.96338537741556E+03	-1.77262332480703E-01
 1.96338811531559E+03	-3.23381396478951E-01
 1.96339085321562E+03	-3.83996203156218E-01
 1.96339359111565E+03	-3.54603569856760E-01
 1.96339632901568E+03	-2.44236682842110E-01
 1.96339906691571E+03	-8.04682740324276E-02
 1.96340180481574E+03	 8.71048390725702E-02
 1.96340454271578E+03	 2.02552949130570E-01
 1.96340728061581E+03	 2.33982520547122E-01
 1.96341001851584E+03	 1.90957122178237E-01
 1.96341275641587E+03	 1.10374643428822E-01
 1.96341549431590E+03	 2.53183703190962E-02
 1.96341823221593E+03	-5.21671942521725E-02
 1.96342097011596E+03	-1.22410454870673E-01
 1.96342370801599E+03	-1.80329281745684E-01
 1.96342644591602E+03	-2.10765734830783E-01
 1.96342918381605E+03	-2.00120700141685E-01
 1.96343192171608E+03	-1.48518103433331E-01
 1.96343465961611E+03	-6.76015032299432E-02
 1.96343739751614E+03	 3.29177201279255E-02
 1.96344013541618E+03	 1.51998337191238E-01
 1.96344287331621E+03	 2.85879951433891E-01
 1.96344561121624E+03	 4.10020337561692E-01
 1.96344834911627E+03	 4.78247784316769E-01
 1.96345108701630E+03	 4.47577740453147E-01
 1.96345382491633E+03	 3.09591390717719E-01
 1.96345656281636E+03	 1.00667391821546E-01
 1.96345930071639E+03	-1.17241842824264E-01
 1.96346203861642E+03	-2.87601669361987E-01
 1.96346477651645E+03	-3.77685416869869E-01
 1.96346751441648E+03	-3.77022277910369E-01
 1.96347025231651E+03	-2.89779592110931E-01
 1.96347299021654E+03	-1.36482759716609E-01
 1.96347572811658E+03	 3.94650667106711E-02
 1.96347846601661E+03	 1.79902406272760E-01
 1.96348120391664E+03	 2.40266710533798E-01
 1.96348394181667E+03	 2.15677679545437E-01
 1.96348667971670E+03	 1.38084442476478E-01
 1.96348941761673E+03	 4.69708226241481E-02
 1.96349215551676E+03	-3.66296271595874E-02
 1.96349489341679E+03	-1.10428339645573E-01
 1.96349763131682E+03	-1.73253876937163E-01
 1.96350036921685E+03	-2.13598401062466E-01
 1.96350310711688E+03	-2.16267292998585E-01
 1.96350584501691E+03	-1.76670714364447E-01
 1.96350858291694E+03	-1.04563296183921E-01
 1.96351132081698E+03	-1.25648026932038E-02
 1.96351405871701E+03	 9.58415512763190E-02
 1.96351679661704E+03	 2.21537648508721E-01
 1.96351953451707E+03	 3.50706395852032E-01
 1.96352227241710E+03	 4.44339768527019E-01
 1.96352501031713E+03	 4.54148513761092E-01
 1.96352774821716E+03	 3.55399392431599E-01
 1.96353048611719E+03	 1.68123641294097E-01
 1.96353322401722E+03	-5.17392882872771E-02
 1.96353596191725E+03	-2.42216231156817E-01
 1.96353869981728E+03	-3.60813461952962E-01
 1.96354143771731E+03	-3.89765925089951E-01
 1.96354417561734E+03	-3.28408749817677E-01
 1.96354691351737E+03	-1.90909601814553E-01
 1.96354965141741E+03	-1.31992961704693E-02
 1.96355238931744E+03	 1.48080032756318E-01
 1.96355512721747E+03	 2.38675124923055E-01
 1.96355786511750E+03	 2.38063661820072E-01
 1.96356060301753E+03	 1.68731526823276E-01
 1.96356334091756E+03	 7.31495064871280E-02
 1.96356607881759E+03	-1.80299355337161E-02
 1.96356881671762E+03	-9.67620722267009E-02
 1.96357155461765E+03	-1.63853728888907E-01
 1.96357429251768E+03	-2.12376390942508E-01
 1.96357703041771E+03	-2.27578670320455E-01
 1.96357976831774E+03	-2.00587652613073E-01
 1.96358250621777E+03	-1.37650626004155E-01
 1.96358524411781E+03	-5.30321986517392E-02
 1.96358798201784E+03	 4.58713235811236E-02
 1.96359071991787E+03	 1.61278185746095E-01
 1.96359345781790E+03	 2.88712414818244E-01
 1.96359619571793E+03	 3.99333059939057E-01
 1.96359893361796E+03	 4.44986745093136E-01
 1.96360167151799E+03	 3.87874698776936E-01
 1.96360440941802E+03	 2.30084782116744E-01
 1.96360714731805E+03	 1.68408589649115E-02
 1.96360988521808E+03	-1.88217938389223E-01
 1.96361262311811E+03	-3.33392030580801E-01
 1.96361536101814E+03	-3.92270079329257E-01
 1.96361809891817E+03	-3.58810896488139E-01
 1.96362083681821E+03	-2.41578368380106E-01
 1.96362357471824E+03	-6.86968976344850E-02
 1.96362631261827E+03	 1.07855695600431E-01
 1.96362905051830E+03	 2.27964039108137E-01
 1.96363178841833E+03	 2.55933104899154E-01
 1.96363452631836E+03	 2.00968681562310E-01
 1.96363726421839E+03	 1.04098399590203E-01
 1.96364000211842E+03	 4.67131630444823E-03
 1.96364274001845E+03	-8.08385299342898E-02
 1.96364547791848E+03	-1.52417499957402E-01
 1.96364821581851E+03	-2.07621431405164E-01
 1.96365095371854E+03	-2.34135210949443E-01
 1.96365369161857E+03	-2.20056523438053E-01
 1.96365642951860E+03	-1.67050052792056E-01
 1.96365916741864E+03	-8.91843355837051E-02
 1.96366190531867E+03	 1.90126824691048E-03
 1.96366464321870E+03	 1.06698108038337E-01
 1.96366738111873E+03	 2.27391735996907E-01
 1.96367011901876E+03	 3.46600476182973E-01
 1.96367285691879E+03	 4.21371594191862E-01
 1.96367559481882E+03	 4.05499188747129E-01
 1.96367833271885E+03	 2.83415892414197E-01
 1.96368107061888E+03	 8.56397613973874E-02
 1.96368380851891E+03	-1.27113120369047E-01
 1.96368654641894E+03	-2.95732829024262E-01
 1.96368928431897E+03	-3.84186983768086E-01
 1.96369202221900E+03	-3.79993841014559E-01
 1.96369476011904E+03	-2.86591253001948E-01
 1.96369749801907E+03	-1.24688307304447E-01
 1.96370023591910E+03	 6.06233667004940E-02
 1.96370297381913E+03	 2.07502556060440E-01
 1.96370571171916E+03	 2.67143241901660E-01
 1.96370844961919E+03	 2.32901122429874E-01
 1.96371118751922E+03	 1.39472871574275E-01
 1.96371392541925E+03	 3.23848565364570E-02
 1.96371666331928E+03	-6.17884321064465E-02
 1.96371940121931E+03	-1.38946331015722E-01
 1.96372213911934E+03	-1.99879171636673E-01
 1.96372487701937E+03	-2.36219117941308E-01
 1.96372761491940E+03	-2.34903317085127E-01
 1.96373035281944E+03	-1.92756025099556E-01
 1.96373309071947E+03	-1.21664901969913E-01
 1.96373582861950E+03	-3.67247786065701E-02
 1.96373856651953E+03	 5.85307389232735E-02
 1.96374130441956E+03	 1.69503389750368E-01
 1.96374404231959E+03	 2.89760001440771E-01
 1.96374678021962E+03	 3.85556680791236E-01
 1.96374951811965E+03	 4.07754068303405E-01
 1.96375225601968E+03	 3.25358998146296E-01
 1.96375499391971E+03	 1.51492777691945E-01
 1.96375773181974E+03	-6.09561448774355E-02
 1.96376046971977E+03	-2.48530208281164E-01
 1.96376320761980E+03	-3.65386635975331E-01
 1.96376594551983E+03	-3.91246138017034E-01
 1.96376868341987E+03	-3.24382692623409E-01
 1.96377142131990E+03	-1.78866741880555E-01
 1.96377415921993E+03	 8.27217527384233E-03
 1.96377689711996E+03	 1.77361551518495E-01
 1.96377963501999E+03	 2.69831784823653E-01
 1.96378237292002E+03	 2.62238551999364E-01
 1.96378511082005E+03	 1.78259447647447E-01
 1.96378784872008E+03	 6.56873729325952E-02
 1.96379058662011E+03	-3.85585899069674E-02
 1.96379332452014E+03	-1.23086678191853E-01
 1.96379606242017E+03	-1.89589560003181E-01
 1.96379880032020E+03	-2.34287409415601E-01
 1.96380153822023E+03	-2.45083011911344E-01
 1.96380427612027E+03	-2.14622565422131E-01
 1.96380701402030E+03	-1.50936829513132E-01
 1.96380975192033E+03	-7.09080222720199E-02
 1.96381248982036E+03	 1.67284858301789E-02
 1.96381522772039E+03	 1.17007425322849E-01
 1.96381796562042E+03	 2.32318095812620E-01
 1.96382070352045E+03	 3.40554613560041E-01
 1.96382344142048E+03	 3.95206998924429E-01
 1.96382617932051E+03	 3.53810115527014E-01
 1.96382891722054E+03	 2.11147581292337E-01
 1.96383165512057E+03	 7.67551051484370E-03
 1.96383439302060E+03	-1.92947203376111E-01
 1.96383713092063E+03	-3.35993469096884E-01
 1.96383986882067E+03	-3.92096310033842E-01
 1.96384260672070E+03	-3.53730405583539E-01
 1.96384534462073E+03	-2.29108019061277E-01
 1.96384808252076E+03	-4.69861075918495E-02
 1.96385082042079E+03	 1.38321961743078E-01
 1.96385355832082E+03	 2.62633286221908E-01
 1.96385629622085E+03	 2.86510573234496E-01
 1.96385903412088E+03	 2.18778062792440E-01
 1.96386177202091E+03	 1.04630462241405E-01
 1.96386450992094E+03	-1.00848163845348E-02
 1.96386724782097E+03	-1.04125449297769E-01
 1.96386998572100E+03	-1.76954758553397E-01
 1.96387272362103E+03	-2.28890118579761E-01
 1.96387546152107E+03	-2.50737548475549E-01
 1.96387819942110E+03	-2.32453822891410E-01
 1.96388093732113E+03	-1.77227792288133E-01
 1.96388367522116E+03	-1.01579382976824E-01
 1.96388641312119E+03	-1.93684544648800E-02
 1.96388915102122E+03	 7.09690567269762E-02
 1.96389188892125E+03	 1.77336701430161E-01
 1.96389462682128E+03	 2.89835346603438E-01
 1.96389736472131E+03	 3.69485692132628E-01
 1.96390010262134E+03	 3.67555726238071E-01
 1.96390284052137E+03	 2.61533850303544E-01
 1.96390557842140E+03	 7.57804782634677E-02
 1.96390831632143E+03	-1.30680140648919E-01
 1.96391105422146E+03	-2.96454721995230E-01
 1.96391379212150E+03	-3.82290787871567E-01
 1.96391653002153E+03	-3.73730757718391E-01
 1.96391926792156E+03	-2.73574337504796E-01
 1.96392200582159E+03	-1.02806525964459E-01
 1.96392474372162E+03	 9.18045328893613E-02
 1.96392748162165E+03	 2.44841941523065E-01
 1.96393021952168E+03	 3.03319365300933E-01
 1.96393295742171E+03	 2.58774237330941E-01
 1.96393569532174E+03	 1.48595820989952E-01
 1.96393843322177E+03	 2.44947032501595E-02
 1.96394117112180E+03	-8.10600322828562E-02
 1.96394390902183E+03	-1.61834039870621E-01
 1.96394664692186E+03	-2.20546156883834E-01
 1.96394938482190E+03	-2.52202244901645E-01
 1.96395212272193E+03	-2.46105576887719E-01
 1.96395486062196E+03	-2.00544758166088E-01
 1.96395759852199E+03	-1.29526373865487E-01
 1.96396033642202E+03	-5.08093574080157E-02
 1.96396307432205E+03	 3.15775489049273E-02
 1.96396581222208E+03	 1.27165048267469E-01
 1.96396855012211E+03	 2.36973329995396E-01
 1.96397128802214E+03	 3.33133176972056E-01
 1.96397402592217E+03	 3.66432587143739E-01
 1.96397676382220E+03	 3.00055040039740E-01
 1.96397950172223E+03	 1.40110458131601E-01
 1.96398223962226E+03	-6.39763393050620E-02
 1.96398497752230E+03	-2.47626243056785E-01
 1.96398771542233E+03	-3.61803400813195E-01
 1.96399045332236E+03	-3.83757406478443E-01
 1.96399319122239E+03	-3.10766642593886E-01
 1.96399592912242E+03	-1.56890544739219E-01
 1.96399866702245E+03	 3.97344915654551E-02
 1.96400140492248E+03	 2.16500061315096E-01
 1.96400414282251E+03	 3.10597245909881E-01
 1.96400688072254E+03	 2.95595537098418E-01
 1.96400961862257E+03	 1.96224473587509E-01
 1.96401235652260E+03	 6.56153528805701E-02
 1.96401509442263E+03	-5.27433023838196E-02
 1.96401783232266E+03	-1.43693344882379E-01
 1.96402057022269E+03	-2.09600184951061E-01
 1.96402330812273E+03	-2.49953303152287E-01
 1.96402604602276E+03	-2.55568573620379E-01
 1.96402878392279E+03	-2.20743029674389E-01
 1.96403152182282E+03	-1.55284466173571E-01
 1.96403425972285E+03	-7.87941830079157E-02
 1.96403699762288E+03	-1.73062830791978E-03
 1.96403973552291E+03	 8.32683311144637E-02
 1.96404247342294E+03	 1.85286574615926E-01
 1.96404521132297E+03	 2.89356152800719E-01
 1.96404794922300E+03	 3.51382160701786E-01
 1.96405068712303E+03	 3.24864898035784E-01
 1.96405342502306E+03	 1.97414834945895E-01
 1.96405616292309E+03	 4.41590360357878E-03
 1.96405890082313E+03	-1.90853506777256E-01
 1.96406163872316E+03	-3.30879777329979E-01
 1.96406437662319E+03	-3.83423762745577E-01
 1.96406711452322E+03	-3.39530711250242E-01
 1.96406985242325E+03	-2.07133447350687E-01
 1.96407259032328E+03	-1.56366835225692E-02
 1.96407532822331E+03	 1.78402460935985E-01
 1.96407806612334E+03	 3.06835328016289E-01
 1.96408080402337E+03	 3.26433793263533E-01
 1.96408354192340E+03	 2.45438749861534E-01
 1.96408627982343E+03	 1.13086406564036E-01
 1.96408901772346E+03	-1.80899416393546E-02
 1.96409175562349E+03	-1.21629867254266E-01
 1.96409449352353E+03	-1.96090670538847E-01
 1.96409723142356E+03	-2.44502500068143E-01
 1.96409996932359E+03	-2.61009415003246E-01
 1.96410270722362E+03	-2.37625204696961E-01
 1.96410544512365E+03	-1.79101485179558E-01
 1.96410818302368E+03	-1.04455921492338E-01
 1.96411092092371E+03	-3.00691813606166E-02
 1.96411365882374E+03	 4.61715646145799E-02
 1.96411639672377E+03	 1.37512863594789E-01
 1.96411913462380E+03	 2.41693389461819E-01
 1.96412187252383E+03	 3.24383511123760E-01
 1.96412461042386E+03	 3.35088868748296E-01
 1.96412734832389E+03	 2.44729451213001E-01
 1.96413008622392E+03	 7.13763665763475E-02
 1.96413282412396E+03	-1.28021829455662E-01
 1.96413556202399E+03	-2.90109335073295E-01
 1.96413829992402E+03	-3.72566703923956E-01
 1.96414103782405E+03	-3.59030648654543E-01
 1.96414377572408E+03	-2.51725210888396E-01
 1.96414651362411E+03	-7.19255269404518E-02
 1.96414925152414E+03	 1.32019347990224E-01
 1.96415198942417E+03	 2.91253256708161E-01
 1.96415472732420E+03	 3.48603984952723E-01
 1.96415746522423E+03	 2.93562943289280E-01
 1.96416020312426E+03	 1.65950582773577E-01
 1.96416294102429E+03	 2.36822071954923E-02
 1.96416567892432E+03	-9.44801762208098E-02
 1.96416841682436E+03	-1.79660600708810E-01
 1.96417115472439E+03	-2.36257892594759E-01
 1.96417389262442E+03	-2.62754600307172E-01
 1.96417663052445E+03	-2.51040786759891E-01
 1.96417936842448E+03	-2.00969188439678E-01
 1.96418210632451E+03	-1.28694387200308E-01
 1.96418484422454E+03	-5.48547163195498E-02
 1.96418758212457E+03	 1.55205341170868E-02
 1.96419032002460E+03	 9.55638708058739E-02
 1.96419305792463E+03	 1.93643539671866E-01
 1.96419579582466E+03	 2.88264600963998E-01
 1.96419853372469E+03	 3.30954262126650E-01
 1.96420127162472E+03	 2.79675108020129E-01
 1.96420400952476E+03	 1.33619391304562E-01
 1.96420674742479E+03	-6.15511603873093E-02
 1.96420948532482E+03	-2.40507850085702E-01
 1.96421222322485E+03	-3.51261823201737E-01
 1.96421496112488E+03	-3.68708590204252E-01
 1.96421769902491E+03	-2.89200548384733E-01
 1.96422043692494E+03	-1.26800051481632E-01
 1.96422317482497E+03	 7.93518690752768E-02
 1.96422591272500E+03	 2.63888434334249E-01
 1.96422865062503E+03	 3.59824260347023E-01
 1.96423138852506E+03	 3.37534038089878E-01
 1.96423412642509E+03	 2.22431614173468E-01
 1.96423686432512E+03	 7.28111864409639E-02
 1.96423960222516E+03	-6.10058646233321E-02
 1.96424234012519E+03	-1.59537540401125E-01
 1.96424507802522E+03	-2.25378916880035E-01
 1.96424781592525E+03	-2.61216349148491E-01
 1.96425055382528E+03	-2.60958559916661E-01
 1.96425329172531E+03	-2.20703768403813E-01
 1.96425602962534E+03	-1.52080244031382E-01
 1.96425876752537E+03	-7.75537649030465E-02
 1.96426150542540E+03	-9.75468791734219E-03
 1.96426424332543E+03	 6.03874030683447E-02
 1.96426698122546E+03	 1.48298869991516E-01
 1.96426971912549E+03	 2.46409203165204E-01
 1.96427245702552E+03	 3.13802922590732E-01
 1.96427519492555E+03	 3.00725085797653E-01
 1.96427793282559E+03	 1.87961945118453E-01
 1.96428067072562E+03	 5.68242514759435E-03
 1.96428340862565E+03	-1.83586964181615E-01
 1.96428614652568E+03	-3.19870779973036E-01
 1.96428888442571E+03	-3.68250101411525E-01
 1.96429162232574E+03	-3.18443792980172E-01
 1.96429436022577E+03	-1.78130119484948E-01
 1.96429709812580E+03	 2.27433878873918E-02
 1.96429983602583E+03	 2.25594859483717E-01
 1.96430257392586E+03	 3.58460466635792E-01
 1.96430531182589E+03	 3.74179912411698E-01
 1.96430804972592E+03	 2.79987343743488E-01
 1.96431078762595E+03	 1.28789660216405E-01
 1.96431352552599E+03	-2.01359461708785E-02
 1.96431626342602E+03	-1.34599425050277E-01
 1.96431900132605E+03	-2.11658680523105E-01
 1.96432173922608E+03	-2.56772511040574E-01
 1.96432447712611E+03	-2.67490949979997E-01
 1.96432721502614E+03	-2.38048810638375E-01
 1.96432995292617E+03	-1.74834029116145E-01
 1.96433269082620E+03	-9.94608569740769E-02
 1.96433542872623E+03	-3.12021034328782E-02
 1.96433816662626E+03	 3.19528792090234E-02
 1.96434090452629E+03	 1.08031942997773E-01
 1.96434364242632E+03	 2.02392433989599E-01
 1.96434638032635E+03	 2.85974989016415E-01
 1.96434911822639E+03	 3.07400814740096E-01
 1.96435185612642E+03	 2.31624268111651E-01
 1.96435459402645E+03	 7.05052390012888E-02
 1.96435733192648E+03	-1.21384968073275E-01
 1.96436006982651E+03	-2.79111027310984E-01
 1.96436280772654E+03	-3.57570993547795E-01
 1.96436554562657E+03	-3.38662335207795E-01
 1.96436828352660E+03	-2.24090479772065E-01
 1.96437102142663E+03	-3.53256291118363E-02
 1.96437375932666E+03	 1.77954787785108E-01
 1.96437649722669E+03	 3.43703083801315E-01
 1.96437923512672E+03	 4.00531344104388E-01
 1.96438197302675E+03	 3.35470972587171E-01
 1.96438471092678E+03	 1.90240171247065E-01
 1.96438744882682E+03	 2.87671610681790E-02
 1.96439018672685E+03	-1.03528228273417E-01
 1.96439292462688E+03	-1.94464481786639E-01
 1.96439566252691E+03	-2.49624555301617E-01
 1.96439840042694E+03	-2.70861008548855E-01
 1.96440113832697E+03	-2.52771636957753E-01
 1.96440387622700E+03	-1.96871011740029E-01
 1.96440661412703E+03	-1.21536363137484E-01
 1.96440935202706E+03	-5.05736636304502E-02
 1.96441208992709E+03	 9.35778960000051E-03
 1.96441482782712E+03	 7.42758557480337E-02
 1.96441756572715E+03	 1.59589617208594E-01
 1.96442030362718E+03	 2.50570125809232E-01
 1.96442304152722E+03	 3.00361311088522E-01
 1.96442577942725E+03	 2.62524593818290E-01
 1.96442851732728E+03	 1.29677335316723E-01
 1.96443125522731E+03	-5.64365033321900E-02
 1.96443399312734E+03	-2.30129490103687E-01
 1.96443673102737E+03	-3.36833846447757E-01
 1.96443946892740E+03	-3.49346893173090E-01
 1.96444220682743E+03	-2.63212160205027E-01
 1.96444494472746E+03	-9.24312317644781E-02
 1.96444768262749E+03	 1.23118707083309E-01
 1.96445042052752E+03	 3.15653966109311E-01
 1.96445315842755E+03	 4.14127892179771E-01
 1.96445589632758E+03	 3.85386869701908E-01
 1.96445863422762E+03	 2.54894981473689E-01
 1.96446137212765E+03	 8.56589519574608E-02
 1.96446411002768E+03	-6.50377600714652E-02
 1.96446684792771E+03	-1.72759670101322E-01
 1.96446958582774E+03	-2.39665033386207E-01
 1.96447232372777E+03	-2.71316164534086E-01
 1.96447506162780E+03	-2.64727324609519E-01
 1.96447779952783E+03	-2.17891379615270E-01
 1.96448053742786E+03	-1.44320560444488E-01
 1.96448327532789E+03	-6.95553676678653E-02
 1.96448601322792E+03	-8.96405343737227E-03
 1.96448875112795E+03	 4.74260426987741E-02
 1.96449148902798E+03	 1.20808752504440E-01
 1.96449422692801E+03	 2.11110660597585E-01
 1.96449696482805E+03	 2.81364560300614E-01
 1.96449970272808E+03	 2.79525397002081E-01
 1.96450244062811E+03	 1.80175329203520E-01
 1.96450517852814E+03	 8.33280032573962E-03
 1.96450791642817E+03	-1.74556558248251E-01
 1.96451065432820E+03	-3.06493004727337E-01
 1.96451339222823E+03	-3.50237179295785E-01
 1.96451613012826E+03	-2.94387772649330E-01
 1.96451886802829E+03	-1.46364824101323E-01
 1.96452160592832E+03	 6.35985775951008E-02
 1.96452434382835E+03	 2.75313281562702E-01
 1.96452708172838E+03	 4.13277478865160E-01
 1.96452981962841E+03	 4.26212429977790E-01
 1.96453255752845E+03	 3.19694595326628E-01
 1.96453529542848E+03	 1.49623721902486E-01
 1.96453803332851E+03	-1.81470581575656E-02
 1.96454077122854E+03	-1.45217022952212E-01
 1.96454350912857E+03	-2.26387451612928E-01
 1.96454624702860E+03	-2.69005885633459E-01
 1.96454898492863E+03	-2.73873268475209E-01
 1.96455172282866E+03	-2.37488459938038E-01
 1.96455446072869E+03	-1.67926108921158E-01
 1.96455719862872E+03	-8.95388870177247E-02
 1.96455993652875E+03	-2.49654891690305E-02
 1.96456267442878E+03	 2.68747008484488E-02
 1.96456541232881E+03	 8.79951232907633E-02
 1.96456815022885E+03	 1.71146510385786E-01
 1.96457088812888E+03	 2.53096059825047E-01
 1.96457362602891E+03	 2.82591289263826E-01
 1.96457636392894E+03	 2.19493280778379E-01
 1.96457910182897E+03	 6.97885236620628E-02
 1.96458183972900E+03	-1.14516326262325E-01
 1.96458457762903E+03	-2.67357183327021E-01
 1.96458731552906E+03	-3.41307565741400E-01
 1.96459005342909E+03	-3.16844204043725E-01
 1.96459279132912E+03	-1.95242143929058E-01
 1.96459552922915E+03	 2.04440399268150E-03
 1.96459826712918E+03	 2.24471389648352E-01
 1.96460100502921E+03	 3.97235441426904E-01
 1.96460374292925E+03	 4.54746338382929E-01
 1.96460648082928E+03	 3.81001916166493E-01
 1.96460921872931E+03	 2.18781758657786E-01
 1.96461195662934E+03	 3.75402207833354E-02
 1.96461469452937E+03	-1.10417920833408E-01
 1.96461743242940E+03	-2.08866655394679E-01
 1.96462017032943E+03	-2.63850352365117E-01
 1.96462290822946E+03	-2.80229231847590E-01
 1.96462564612949E+03	-2.55246569042451E-01
 1.96462838402952E+03	-1.92097426906286E-01
 1.96463112192955E+03	-1.11462854873452E-01
 1.96463385982958E+03	-4.06817607098725E-02
 1.96463659772961E+03	 1.11701635711532E-02
 1.96463933562964E+03	 6.20475295763753E-02
 1.96464207352968E+03	 1.33852016631485E-01
 1.96464481142971E+03	 2.18878750084694E-01
 1.96464754932974E+03	 2.72828053894753E-01
 1.96465028722977E+03	 2.45920732114185E-01
 1.96465302512980E+03	 1.24834218448373E-01
 1.96465576302983E+03	-5.25737643071099E-02
 1.96465850092986E+03	-2.20651135390001E-01
 1.96466123882989E+03	-3.22780027863992E-01
 1.96466397672992E+03	-3.30100671001323E-01
 1.96466671462995E+03	-2.37557483750446E-01
 1.96466945252998E+03	-5.89657609989501E-02
 1.96467219043001E+03	 1.65523747537350E-01
 1.96467492833004E+03	 3.66280104539071E-01
 1.96467766623008E+03	 4.68438228004396E-01
 1.96468040413011E+03	 4.34911377989647E-01
 1.96468314203014E+03	 2.90317610195697E-01
 1.96468587993017E+03	 1.01595191107852E-01
 1.96468861783020E+03	-6.71154139255567E-02
 1.96469135573023E+03	-1.85827205933771E-01
 1.96469409363026E+03	-2.55432171111241E-01
 1.96469683153029E+03	-2.83791060263855E-01
 1.96469956943032E+03	-2.70804693624800E-01
 1.96470230733035E+03	-2.16314718258715E-01
 1.96470504523038E+03	-1.35738740408570E-01
 1.96470778313041E+03	-5.79425427006244E-02
 1.96471052103044E+03	-1.72403638504433E-03
 1.96471325893048E+03	 4.27704486288102E-02
 1.96471599683051E+03	 1.01667968104675E-01
 1.96471873473054E+03	 1.82296644074421E-01
 1.96472147263057E+03	 2.52387341142303E-01
 1.96472421053060E+03	 2.58755632353668E-01
 1.96472694843063E+03	 1.70697025094791E-01
 1.96472968633066E+03	 8.39112071233935E-03
 1.96473242423069E+03	-1.68053819212202E-01
 1.96473516213072E+03	-2.95162520860205E-01
 1.96473790003075E+03	-3.33930426813062E-01
 1.96474063793078E+03	-2.72188431761791E-01
 1.96474337583081E+03	-1.17097163661954E-01
 1.96474611373084E+03	 1.01237094129864E-01
 1.96474885163087E+03	 3.21676764447543E-01
 1.96475158953091E+03	 4.65656153013162E-01
 1.96475432743094E+03	 4.77617115156747E-01
 1.96475706533097E+03	 3.60637457479594E-01
 1.96475980323100E+03	 1.72604784808995E-01
 1.96476254113103E+03	-1.45256098725324E-02
 1.96476527903106E+03	-1.55802478347128E-01
 1.96476801693109E+03	-2.42941932500675E-01
 1.96477075483112E+03	-2.84418044768145E-01
 1.96477349273115E+03	-2.83871534742349E-01
 1.96477623063118E+03	-2.39914458098798E-01
 1.96477896853121E+03	-1.62261318436917E-01
 1.96478170643124E+03	-7.81388729126276E-02
 1.96478444433127E+03	-1.41093325898335E-02
 1.96478718223131E+03	 2.89673283403127E-02
 1.96478992013134E+03	 7.60373373374079E-02
 1.96479265803137E+03	 1.46778658816607E-01
 1.96479539593140E+03	 2.24240149942572E-01
 1.96479813383143E+03	 2.58415390124366E-01
 1.96480087173146E+03	 2.05216103037904E-01
 1.96480360963148E+03	 6.53795501245049E-02
 1.96480634753152E+03	-1.11691202376353E-01
 1.96480908543155E+03	-2.59301953852403E-01
 1.96481182333158E+03	-3.28340591987835E-01
 1.96481456123161E+03	-2.98364685088040E-01
 1.96481729913164E+03	-1.70374585051229E-01
 1.96482003703167E+03	 3.45004990076184E-02
 1.96482277493171E+03	 2.65537970591160E-01
 1.96482551283174E+03	 4.45856477179310E-01
 1.96482825073177E+03	 5.05793940426555E-01
 1.96483098863180E+03	 4.25644605874680E-01
 1.96483372653183E+03	 2.48128247175193E-01
 1.96483646443186E+03	 4.73968291278136E-02
 1.96483920233189E+03	-1.17370753919888E-01
 1.96484194023192E+03	-2.25201037827277E-01
 1.96484467813195E+03	-2.81721996535072E-01
 1.96484741603198E+03	-2.94189628883012E-01
 1.96485015393201E+03	-2.62197905747924E-01
 1.96485289183204E+03	-1.90489757687672E-01
 1.96485562973207E+03	-1.02072868828056E-01
 1.96485836763211E+03	-2.82179919559232E-02
 1.96486110553214E+03	 1.86601342427754E-02
 1.96486384343217E+03	 5.72710759417064E-02
 1.96486658133220E+03	 1.15197006401966E-01
 1.96486931923223E+03	 1.91841612506156E-01
 1.96487205713226E+03	 2.46421218750465E-01
 1.96487479503229E+03	 2.27092648339116E-01
 1.96487753293232E+03	 1.15524523533271E-01
 1.96488027083235E+03	-5.40674307134083E-02
 1.96488300873238E+03	-2.16434008490520E-01
 1.96488574663241E+03	-3.13577512161835E-01
 1.96488848453244E+03	-3.15619346264598E-01
 1.96489122243247E+03	-2.17237912992571E-01
 1.96489396033250E+03	-3.19054007950702E-02
 1.96489669823254E+03	 2.00602511229349E-01
 1.96489943613257E+03	 4.09634482907217E-01
 1.96490217403260E+03	 5.16941386923933E-01
 1.96490491193263E+03	 4.81103817067988E-01
 1.96490764983266E+03	 3.24787728485418E-01
 1.96491038773269E+03	 1.17745160039946E-01
 1.96491312563272E+03	-6.94392291181651E-02
 1.96491586353275E+03	-2.00772758769809E-01
 1.96491860143278E+03	-2.74988781513635E-01
 1.96492133933281E+03	-3.01458913758571E-01
 1.96492407723284E+03	-2.82504549953956E-01
 1.96492681513287E+03	-2.19574692711511E-01
 1.96492955303290E+03	-1.29903400286732E-01
 1.96493229093294E+03	-4.59114324009164E-02
 1.96493502883297E+03	 9.40234064136326E-03
 1.96493776673300E+03	 4.45623415075002E-02
 1.96494050463303E+03	 8.95344807176982E-02
 1.96494324253306E+03	 1.58726714251249E-01
 1.96494598043309E+03	 2.25247753715204E-01
 1.96494871833312E+03	 2.36061533177469E-01
 1.96495145623315E+03	 1.56367381512485E-01
 1.96495419413318E+03	 2.07219771200746E-03
 1.96495693203321E+03	-1.68208773946529E-01
 1.96495966993324E+03	-2.90156258771395E-01
 1.96496240783327E+03	-3.23741746237227E-01
 1.96496514573330E+03	-2.56542495962782E-01
 1.96496788363334E+03	-9.54933025367643E-02
 1.96497062153337E+03	 1.29966208144364E-01
 1.96497335943340E+03	 3.58651092806487E-01
 1.96497609733343E+03	 5.09645116552171E-01
 1.96497883523346E+03	 5.23050626884492E-01
 1.96498157313349E+03	 3.98492585519346E-01
 1.96498431103352E+03	 1.94549496828295E-01
 1.96498704893355E+03	-1.15353418672627E-02
 1.96498978683358E+03	-1.68156981676463E-01
 1.96499252473361E+03	-2.63159670848798E-01
 1.96499526263364E+03	-3.05240763408105E-01
 1.96499800053367E+03	-3.00237150693685E-01
 1.96500073843370E+03	-2.48501075975296E-01
 1.96500347633373E+03	-1.61184785185740E-01
 1.96500621423377E+03	-6.84507557800860E-02
 1.96500895213380E+03	-1.36033737862369E-03
 1.96501169003383E+03	 3.61464640509385E-02
 1.96501442793386E+03	 7.06667566382466E-02
 1.96501716583389E+03	 1.28088572941894E-01
 1.96501990373392E+03	 1.98049186975516E-01
 1.96502264163395E+03	 2.32952548992204E-01
 1.96502537953398E+03	 1.86123630621830E-01
 1.96502811743401E+03	 5.39407643049910E-02
 1.96503085533404E+03	-1.16672430886306E-01
 1.96503359323407E+03	-2.58904257753073E-01
 1.96503633113410E+03	-3.22747266646836E-01
 1.96503906903413E+03	-2.87518773618102E-01
 1.96504180693417E+03	-1.54190484307746E-01
 1.96504454483420E+03	 5.68027242030142E-02
 1.96504728273423E+03	 2.95448791660718E-01
 1.96505002063426E+03	 4.83721119218463E-01
 1.96505275853429E+03	 5.48193420440223E-01
 1.96505549643432E+03	 4.64776989276746E-01
 1.96505823433435E+03	 2.74796192243112E-01
 1.96506097223438E+03	 5.59407101367218E-02
 1.96506371013441E+03	-1.26048131859026E-01
 1.96506644803444E+03	-2.44890790148315E-01
 1.96506918593447E+03	-3.04870072563834E-01
 1.96507192383450E+03	-3.14837270345298E-01
 1.96507466173453E+03	-2.76216956471087E-01
 1.96507739963457E+03	-1.94980848895272E-01
 1.96508013753460E+03	-9.63662770804209E-02
 1.96508287543463E+03	-1.59329814644921E-02
 1.96508561333466E+03	 2.95830451767515E-02
 1.96508835123469E+03	 5.82903998545208E-02
 1.96509108913472E+03	 1.02395629782770E-01
 1.96509382703475E+03	 1.68291921922310E-01
 1.96509656493478E+03	 2.19622995428058E-01
 1.96509930283481E+03	 2.03898359251413E-01
 1.96510204073484E+03	 9.89534269947183E-02
 1.96510477863487E+03	-6.41910450953586E-02
 1.96510751653490E+03	-2.21002429744367E-01
 1.96511025443493E+03	-3.12872711184319E-01
 1.96511299233496E+03	-3.09711161015831E-01
 1.96511573023500E+03	-2.06390790607820E-01
 1.96511846813503E+03	-1.58885571522663E-02
 1.96512120603506E+03	 2.23185262984119E-01
 1.96512394393509E+03	 4.40224654568645E-01
 1.96512668183512E+03	 5.54255400280035E-01
 1.96512941973515E+03	 5.19212610041973E-01
 1.96513215763518E+03	 3.54587902222953E-01
 1.96513489553521E+03	 1.31546665060842E-01
 1.96513763343524E+03	-7.36221497663132E-02
 1.96514037133527E+03	-2.18695627348732E-01
 1.96514310923530E+03	-2.99404059353335E-01
 1.96514584713533E+03	-3.25722492070517E-01
 1.96514858503536E+03	-3.01724336072452E-01
 1.96515132293540E+03	-2.30025830884024E-01
 1.96515406083543E+03	-1.29436069001604E-01
 1.96515679873546E+03	-3.60675683022982E-02
 1.96515953663549E+03	 2.21191298642066E-02
 1.96516227453552E+03	 5.10068691030872E-02
 1.96516501243555E+03	 8.31005097571654E-02
 1.96516775033558E+03	 1.39338979286176E-01
 1.96517048823561E+03	 1.98761035064058E-01
 1.96517322613564E+03	 2.09814960734486E-01
 1.96517596403567E+03	 1.34986211453435E-01
 1.96517870193570E+03	-1.33120723552144E-02
 1.96518143983573E+03	-1.78004148448129E-01
 1.96518417773576E+03	-2.94597012445880E-01
 1.96518691563580E+03	-3.22917175547165E-01
 1.96518965353583E+03	-2.50944035655930E-01
 1.96519239143586E+03	-8.54776373531491E-02
 1.96519512933589E+03	 1.45323894436176E-01
 1.96519786723592E+03	 3.81325212193291E-01
 1.96520060513595E+03	 5.40210992375695E-01
 1.96520334303598E+03	 5.57845452605422E-01
 1.96520608093601E+03	 4.29434219416160E-01
 1.96520881883604E+03	 2.12747464904977E-01
 1.96521155673607E+03	-1.08095675342829E-02
 1.96521429463610E+03	-1.83160205546013E-01
 1.96521703253613E+03	-2.87631700729346E-01
 1.96521977043616E+03	-3.32206506496310E-01
 1.96522250833620E+03	-3.24118637221216E-01
 1.96522524623623E+03	-2.64898391015540E-01
 1.96522798413626E+03	-1.66765902516978E-01
 1.96523072203629E+03	-6.27515908257418E-02
 1.96523345993632E+03	 1.10812027952685E-02
 1.96523619783635E+03	 4.65504618049290E-02
 1.96523893573638E+03	 7.04816394322528E-02
 1.96524167363641E+03	 1.14040497677902E-01
 1.96524441153644E+03	 1.73578192576980E-01
 1.96524714943647E+03	 2.05030565857437E-01
 1.96524988733650E+03	 1.60614106527894E-01
 1.96525262523653E+03	 3.34291727082285E-02
 1.96525536313656E+03	-1.31813602668750E-01
 1.96525810103659E+03	-2.68678332607546E-01
 1.96526083893663E+03	-3.27144309912271E-01
 1.96526357683666E+03	-2.87099553069128E-01
 1.96526631473669E+03	-1.49823676050925E-01
 1.96526905263672E+03	 6.53244703944817E-02
 1.96527179053675E+03	 3.10067782772437E-01
 1.96527452843678E+03	 5.06385673498736E-01
 1.96527726633681E+03	 5.77600528632577E-01
 1.96528000423684E+03	 4.94642937723438E-01
 1.96528274213687E+03	 2.96003187914498E-01
 1.96528548003690E+03	 6.14905467774971E-02
 1.96528821793693E+03	-1.37205781791865E-01
 1.96529095583696E+03	-2.68157795021407E-01
 1.96529369373699E+03	-3.33428941440328E-01
 1.96529643163703E+03	-3.42576010425271E-01
 1.96529916953706E+03	-2.98176130710268E-01
 1.96530190743709E+03	-2.06947422374074E-01
 1.96530464533712E+03	-9.61129020121810E-02
 1.96530738323715E+03	-5.75934097089291E-03
 1.96531012113718E+03	 4.21273868812763E-02
 1.96531285903721E+03	 6.36405271727110E-02
 1.96531559693724E+03	 9.43859642500189E-02
 1.96531833483727E+03	 1.47426645731956E-01
 1.96532107273730E+03	 1.91626293136041E-01
 1.96532381063733E+03	 1.75291455687304E-01
 1.96532654853736E+03	 7.37391473965129E-02
 1.96532928643739E+03	-8.46107775965295E-02
 1.96533202433743E+03	-2.36191804174062E-01
 1.96533476223746E+03	-3.22595018423304E-01
 1.96533750013749E+03	-3.14426758565916E-01
 1.96534023803752E+03	-2.07315092052016E-01
 1.96534297593755E+03	-1.36255145568693E-02
 1.96534571383758E+03	 2.30056354299584E-01
 1.96534845173761E+03	 4.54407471984441E-01
 1.96535118963764E+03	 5.76601044664755E-01
 1.96535392753767E+03	 5.45765878070909E-01
 1.96535666543770E+03	 3.76996424361432E-01
 1.96535940333773E+03	 1.41296038081474E-01
 1.96536214123776E+03	-8.03624094362360E-02
 1.96536487913779E+03	-2.39562186692664E-01
 1.96536761703782E+03	-3.28322026372452E-01
 1.96537035493786E+03	-3.56300244476826E-01
 1.96537309283789E+03	-3.28545148758569E-01
 1.96537583073792E+03	-2.48260559843892E-01
 1.96537856863795E+03	-1.35445464524005E-01
 1.96538130653798E+03	-2.98971168387599E-02
 1.96538404443801E+03	 3.48172482565868E-02
 1.96538678233804E+03	 6.06555797283865E-02
 1.96538952023807E+03	 8.12667730433027E-02
 1.96539225813810E+03	 1.23389706674624E-01
 1.96539499603813E+03	 1.72378069978263E-01
 1.96539773393816E+03	 1.79442519572372E-01
 1.96540047183819E+03	 1.05803345365737E-01
 1.96540320973822E+03	-3.87193940333994E-02
 1.96540594763826E+03	-1.98548776143229E-01
 1.96540868553829E+03	-3.09680963055592E-01
 1.96541142343832E+03	-3.32736753718774E-01
 1.96541416133835E+03	-2.56839410999977E-01
 1.96541689923838E+03	-8.88077660148069E-02
 1.96541963713841E+03	 1.45105254361883E-01
 1.96542237503844E+03	 3.87019463629410E-01
 1.96542511293847E+03	 5.54359877244932E-01
 1.96542785083850E+03	 5.79043429716157E-01
 1.96543058873853E+03	 4.50979408068193E-01
 1.96543332663856E+03	 2.25554996364177E-01
 1.96543606453859E+03	-1.30105459044767E-02
 1.96543880243862E+03	-2.00619983173078E-01
 1.96544154033866E+03	-3.15635734653332E-01
 1.96544427823869E+03	-3.64451005761108E-01
 1.96544701613872E+03	-3.54850761737304E-01
 1.96544975403875E+03	-2.88881786902101E-01
 1.96545249193878E+03	-1.79341637537689E-01
 1.96545522983881E+03	-6.19167760918509E-02
 1.96545796773884E+03	 2.19797617156207E-02
 1.96546070563887E+03	 5.88708122565916E-02
 1.96546344353890E+03	 7.43831486242674E-02
 1.96546618143893E+03	 1.03899912823025E-01
 1.96546891933896E+03	 1.50431670840739E-01
 1.96547165723899E+03	 1.74440656916964E-01
 1.96547439513902E+03	 1.28497258399699E-01
 1.96547713303905E+03	 3.57480606834261E-03
 1.96547987093909E+03	-1.57479360571850E-01
 1.96548260883912E+03	-2.89058303170418E-01
 1.96548534673915E+03	-3.42025179525837E-01
 1.96548808463918E+03	-2.97703354129317E-01
 1.96549082253921E+03	-1.58081076884689E-01
 1.96549356043924E+03	 5.89062289038718E-02
 1.96549629833927E+03	 3.07782083248913E-01
 1.96549903623930E+03	 5.11818701016249E-01
 1.96550177413933E+03	 5.91790269083833E-01
 1.96550451203936E+03	 5.13202772830824E-01
 1.96550724993939E+03	 3.10298474416824E-01
 1.96550998783942E+03	 6.34515881952096E-02
 1.96551272573945E+03	-1.50555220742904E-01
 1.96551546363949E+03	-2.94032773265560E-01
 1.96551820153952E+03	-3.66080563282296E-01
 1.96552093943955E+03	-3.76089333352305E-01
 1.96552367733958E+03	-3.27062443406356E-01
 1.96552641523961E+03	-2.25900748570042E-01
 1.96552915313964E+03	-1.01448233632571E-01
 1.96553189103967E+03	 1.60989563474704E-03
 1.96553462893970E+03	 5.52783344177079E-02
 1.96553736683973E+03	 7.23094385726571E-02
 1.96554010473976E+03	 9.04372201104236E-02
 1.96554284263979E+03	 1.28920913440516E-01
 1.96554558053982E+03	 1.62469427765174E-01
 1.96554831843985E+03	 1.41536962183616E-01
 1.96555105633989E+03	 4.02370694504380E-02
 1.96555379423992E+03	-1.14965308242889E-01
 1.96555653213995E+03	-2.61668315611311E-01
 1.96555927003998E+03	-3.42448644792231E-01
 1.96556200794001E+03	-3.29530123828659E-01
 1.96556474584004E+03	-2.19898926569788E-01
 1.96556748374007E+03	-2.52462646107458E-02
 1.96557022164010E+03	 2.20708869567884E-01
 1.96557295954013E+03	 4.51231542748170E-01
 1.96557569744016E+03	 5.82671577487197E-01
 1.96557843534019E+03	 5.59374335270681E-01
 1.96558117324022E+03	 3.90924356944319E-01
 1.96558391114025E+03	 1.46549736909870E-01
 1.96558664904029E+03	-8.92908155354628E-02
 1.96558938694032E+03	-2.62251434395857E-01
 1.96559212484035E+03	-3.60105963298822E-01
 1.96559486274038E+03	-3.91354535920670E-01
 1.96559760064041E+03	-3.61250346732263E-01
 1.96560033854044E+03	-2.72973609614840E-01
 1.96560307644047E+03	-1.47250243236534E-01
 1.96560581434050E+03	-2.74062259551398E-02
 1.96560855224053E+03	 4.69401715361105E-02
 1.96561129014056E+03	 7.27092507006822E-02
 1.96561402804059E+03	 8.33499326913381E-02
 1.96561676594062E+03	 1.10578113595663E-01
 1.96561950384065E+03	 1.46275889316195E-01
 1.96562224174068E+03	 1.45540857004412E-01
 1.96562497964072E+03	 6.97007785225401E-02
 1.96562771754075E+03	-7.31190163872077E-02
 1.96563045544078E+03	-2.28763616870210E-01
 1.96563319334081E+03	-3.34336805506953E-01
 1.96563593124084E+03	-3.52161663393421E-01
 1.96563866914087E+03	-2.73250706689366E-01
 1.96564140704090E+03	-1.04641087378467E-01
 1.96564414494093E+03	 1.29886993044780E-01
 1.96564688284096E+03	 3.75911401000133E-01
 1.96564962074099E+03	 5.51833604247000E-01
 1.96565235864102E+03	 5.86090058757593E-01
 1.96565509654105E+03	 4.62584646514675E-01
 1.96565783444108E+03	 2.32805754584217E-01
 1.96566057234112E+03	-1.76536155052670E-02
 1.96566331024115E+03	-2.19320192722739E-01
 1.96566604814118E+03	-3.45337705956333E-01
 1.96566878604121E+03	-3.99761754397097E-01
 1.96567152394124E+03	-3.90141422523076E-01
 1.96567426184127E+03	-3.18399939741153E-01
 1.96567699974130E+03	-1.97399692994959E-01
 1.96567973764133E+03	-6.51658971810903E-02
 1.96568247554136E+03	 3.13899705796863E-02
 1.96568521344139E+03	 7.26703548381586E-02
 1.96568795134142E+03	 8.18244920369465E-02
 1.96569068924145E+03	 9.73891136987825E-02
 1.96569342714148E+03	 1.28842807517705E-01
 1.96569616504152E+03	 1.41984867113609E-01
 1.96569890294155E+03	 9.10567197102902E-02
 1.96570164084158E+03	-3.40151967707462E-02
 1.96570437874161E+03	-1.91900691232018E-01
 1.96570711664164E+03	-3.18231706232228E-01
 1.96570985454167E+03	-3.65588899117004E-01
 1.96571259244170E+03	-3.17552175174835E-01
 1.96571533034173E+03	-1.77233716108184E-01
 1.96571806824176E+03	 3.91334096050067E-02
 1.96572080614179E+03	 2.89877433726822E-01
 1.96572354404182E+03	 5.00872474511652E-01
 1.96572628194185E+03	 5.91181486808316E-01
 1.96572901984188E+03	 5.20632206751139E-01
 1.96573175774191E+03	 3.17943819468861E-01
 1.96573449564195E+03	 6.25040518698904E-02
 1.96573723354198E+03	-1.64795579513994E-01
 1.96573997144201E+03	-3.20575320088187E-01
 1.96574270934204E+03	-4.00379748265389E-01
 1.96574544724207E+03	-4.12663576270995E-01
 1.96574818514210E+03	-3.60200628264780E-01
 1.96575092304213E+03	-2.49548697143849E-01
 1.96575366094216E+03	-1.10765148342856E-01
 1.96575639884219E+03	 6.95928208093688E-03
 1.96575913674222E+03	 6.91120663425585E-02
 1.96576187464225E+03	 8.40094663272527E-02
 1.96576461254228E+03	 9.03407082594358E-02
 1.96576735044231E+03	 1.13019803708886E-01
 1.96577008834235E+03	 1.33047880273310E-01
 1.96577282624238E+03	 1.04182757350086E-01
 1.96577556414241E+03	 5.07530576216469E-04
 1.96577830204244E+03	-1.52884403580503E-01
 1.96578103994247E+03	-2.94937494226895E-01
 1.96578377784250E+03	-3.69923723674502E-01
 1.96578651574253E+03	-3.52516944257037E-01
 1.96578925364256E+03	-2.41630595941672E-01
 1.96579199154259E+03	-4.82710388649991E-02
 1.96579472944262E+03	 1.97453076163684E-01
 1.96579746734265E+03	 4.32647663601587E-01
 1.96580020524268E+03	 5.73934317585585E-01
 1.96580294314271E+03	 5.61072657674447E-01
 1.96580568104275E+03	 3.97215114843068E-01
 1.96580841894278E+03	 1.48295915081390E-01
 1.96581115684281E+03	-9.89865481622423E-02
 1.96581389474284E+03	-2.84766676675285E-01
 1.96581663264287E+03	-3.92198033790826E-01
 1.96581937054290E+03	-4.27909530674668E-01
 1.96582210844293E+03	-3.96698333897338E-01
 1.96582484634296E+03	-3.01203249968781E-01
 1.96582758424299E+03	-1.62443050584324E-01
 1.96583032214302E+03	-2.70142574834962E-02
 1.96583306004305E+03	 5.92077288298183E-02
 1.96583579794308E+03	 8.72771486069409E-02
 1.96583853584311E+03	 8.92965311657615E-02
 1.96584127374314E+03	 1.01161360700872E-01
 1.96584401164318E+03	 1.21360228213831E-01
 1.96584674954321E+03	 1.09787902932904E-01
 1.96584948744324E+03	 2.90491854884275E-02
 1.96585222534327E+03	-1.13658894687778E-01
 1.96585496324330E+03	-2.65558882460445E-01
 1.96585770114333E+03	-3.65414705737918E-01
 1.96586043904336E+03	-3.78040572843065E-01
 1.96586317694339E+03	-2.96994458343683E-01
 1.96586591484342E+03	-1.29742201803568E-01
 1.96586865274345E+03	 1.02870295743371E-01
 1.96587139064348E+03	 3.50968053196516E-01
 1.96587412854351E+03	 5.35149980444070E-01
 1.96587686644354E+03	 5.80964405584513E-01
 1.96587960434358E+03	 4.65807495188743E-01
 1.96588234224361E+03	 2.35921539496720E-01
 1.96588508014364E+03	-2.31259478612375E-02
 1.96588781804367E+03	-2.37213836659577E-01
 1.96589055594370E+03	-3.74151776149926E-01
 1.96589329384373E+03	-4.35046154090314E-01
 1.96589603174376E+03	-4.26555824070073E-01
 1.96589876964379E+03	-3.49977155312190E-01
 1.96590150754382E+03	-2.17823838726058E-01
 1.96590424544385E+03	-7.01204591643898E-02
 1.96590698334388E+03	 4.07635574896605E-02
 1.96590972124391E+03	 8.85864688521061E-02
 1.96591245914394E+03	 9.30200503884030E-02
 1.96591519704398E+03	 9.48206773315339E-02
 1.96591793494401E+03	 1.09683081269923E-01
 1.96592067284404E+03	 1.09355341731754E-01
 1.96592341074407E+03	 5.08243654860809E-02
 1.96592614864410E+03	-7.61501685559771E-02
 1.96592888654413E+03	-2.31506840231425E-01
 1.96593162444416E+03	-3.52496635360259E-01
 1.96593436234419E+03	-3.94122429498191E-01
 1.96593710024422E+03	-3.42902108657172E-01
 1.96593983814425E+03	-2.03439191825252E-01
 1.96594257604428E+03	 9.93133406745825E-03
 1.96594531394431E+03	 2.60195583130975E-01
 1.96594805184434E+03	 4.77043535971865E-01
 1.96595078974438E+03	 5.78715317703234E-01
 1.96595352764441E+03	 5.19292902660464E-01
 1.96595626554444E+03	 3.20911842958352E-01
 1.96595900344447E+03	 6.05464179325172E-02
 1.96596174134450E+03	-1.77796249930153E-01
 1.96596447924453E+03	-3.45214429732979E-01
 1.96596721714456E+03	-4.33232864288141E-01
 1.96596995504459E+03	-4.48738711366520E-01
 1.96597269294462E+03	-3.93782968776158E-01
 1.96597543084465E+03	-2.74212102752589E-01
 1.96597816874468E+03	-1.20953104245579E-01
 1.96598090664471E+03	 1.25027344395392E-02
 1.96598364454474E+03	 8.48965397205307E-02
 1.96598638244477E+03	 9.93427776292785E-02
 1.96598912034481E+03	 9.45421749070473E-02
 1.96599185824484E+03	 1.00558298736628E-01
 1.96599459614487E+03	 1.04982905470837E-01
 1.96599733404490E+03	 6.57810119449323E-02
 1.96600007194493E+03	-4.20767511168309E-02
 1.96600280984496E+03	-1.94455062002473E-01
 1.96600554774499E+03	-3.31854468289367E-01
 1.96600828564502E+03	-4.00839336092543E-01
 1.96601102354505E+03	-3.79191318705178E-01
 1.96601376144508E+03	-2.68207405263617E-01
 1.96601649934511E+03	-7.82324925376823E-02
 1.96601923724514E+03	 1.64821541765998E-01
 1.96602197514517E+03	 4.02993697395775E-01
 1.96602471304521E+03	 5.54237654347443E-01
 1.96602745094524E+03	 5.54057974400498E-01
 1.96603018884527E+03	 3.98479478486816E-01
 1.96603292674530E+03	 1.48814653736584E-01
 1.96603566464533E+03	-1.07174472978104E-01
 1.96603840254536E+03	-3.04553986434375E-01
 1.96604114044539E+03	-4.21580027012386E-01
 1.96604387834542E+03	-4.62424623248101E-01
 1.96604661624545E+03	-4.30936184356491E-01
 1.96604935414548E+03	-3.28890740190986E-01
 1.96605209204551E+03	-1.77308805249908E-01
 1.96605482994554E+03	-2.57809606339126E-02
 1.96605756784557E+03	 7.35733777645984E-02
 1.96606030574561E+03	 1.05455239405245E-01
 1.96606304364564E+03	 9.97827510663515E-02
 1.96606578154567E+03	 9.59745712221845E-02
 1.96606851944570E+03	 9.91346865459248E-02
 1.96607125734573E+03	 7.46369754723439E-02
 1.96607399524576E+03	-1.27538810809792E-02
 1.96607673314579E+03	-1.56239966794924E-01
 1.96607947104582E+03	-3.04476989803199E-01
 1.96608220894585E+03	-3.98371401171788E-01
 1.96608494684588E+03	-4.05831406494653E-01
 1.96608768474591E+03	-3.23444696583058E-01
 1.96609042264594E+03	-1.59282952702913E-01
 1.96609316054597E+03	 6.90719671378357E-02
 1.96609589844600E+03	 3.17180815283037E-01
 1.96609863634604E+03	 5.08941701210390E-01
 1.96610137424607E+03	 5.67663564950382E-01
 1.96610411214610E+03	 4.63937008936616E-01
 1.96610685004613E+03	 2.37642205528096E-01
 1.96610958794616E+03	-2.69358303740062E-02
 1.96611232584619E+03	-2.51734086063243E-01
 1.96611506374622E+03	-3.99170132308403E-01
 1.96611780164625E+03	-4.66891488068476E-01
 1.96612053954628E+03	-4.60167116725182E-01
 1.96612327744631E+03	-3.79374616232623E-01
 1.96612601534634E+03	-2.36469671679136E-01
 1.96612875324637E+03	-7.32150549802442E-02
 1.96613149114640E+03	 5.27342706580123E-02
 1.96613422904644E+03	 1.08280832061454E-01
 1.96613696694647E+03	 1.08974413246886E-01
 1.96613970484650E+03	 9.70954085783926E-02
 1.96614244274653E+03	 9.43315774273387E-02
 1.96614518064656E+03	 7.88196253059025E-02
 1.96614791854659E+03	 1.10780806920583E-02
 1.96615065644662E+03	-1.18708643543866E-01
 1.96615339434665E+03	-2.71675722993790E-01
 1.96615613224668E+03	-3.87067153678784E-01
 1.96615887014671E+03	-4.22843458593909E-01
 1.96616160804674E+03	-3.68928007949709E-01
 1.96616434594677E+03	-2.31676360805590E-01
 1.96616708384680E+03	-2.34086548295842E-02
 1.96616982174684E+03	 2.24163185072669E-01
 1.96617255964687E+03	 4.45570329530275E-01
 1.96617529754690E+03	 5.59087050894594E-01
 1.96617803544693E+03	 5.13134284838094E-01
 1.96618077334696E+03	 3.22444971850017E-01
 1.96618351124699E+03	 6.03517717779302E-02
 1.96618624914702E+03	-1.86929109451352E-01
 1.96618898704705E+03	-3.65151365323832E-01
 1.96619172494708E+03	-4.61421552872719E-01
 1.96619446284711E+03	-4.80553487953627E-01
 1.96619720074714E+03	-4.23584191624207E-01
 1.96619993864717E+03	-2.95520338889319E-01
 1.96620267654720E+03	-1.27978379868998E-01
 1.96620541444723E+03	 2.14846009748731E-02
 1.96620815234727E+03	 1.04881114903652E-01
 1.96621089024730E+03	 1.19721273446147E-01
 1.96621362814733E+03	 1.04087486693152E-01
 1.96621636604736E+03	 9.28191859727751E-02
 1.96621910394739E+03	 8.03073288275886E-02
 1.96622184184742E+03	 2.93702094619391E-02
 1.96622457974745E+03	-8.35310875586317E-02
 1.96622731764748E+03	-2.35050345015921E-01
 1.96623005554751E+03	-3.67524766655993E-01
 1.96623279344754E+03	-4.30282784835161E-01
 1.96623553134757E+03	-4.04640982056811E-01
 1.96623826924760E+03	-2.94562212164529E-01
 1.96624100714763E+03	-1.09760883362304E-01
 1.96624374504767E+03	 1.28448792526799E-01
 1.96624648294770E+03	 3.67898185694924E-01
 1.96624922084773E+03	 5.28816160151600E-01
 1.96625195874776E+03	 5.42861513994201E-01
 1.96625469664779E+03	 3.98457600351595E-01
 1.96625743454782E+03	 1.51200821313143E-01
 1.96626017244785E+03	-1.11115040161919E-01
 1.96626291034788E+03	-3.18897371233433E-01
 1.96626564824791E+03	-4.45254215701825E-01
 1.96626838614794E+03	-4.91402196010141E-01
 1.96627112404797E+03	-4.59920575741650E-01
 1.96627386194800E+03	-3.51647703350858E-01
 1.96627659984803E+03	-1.87541037729741E-01
 1.96627933774807E+03	-1.99809719628928E-02
 1.96628207564810E+03	 9.28372106973388E-02
 1.96628481354813E+03	 1.29104996257060E-01
 1.96628755144816E+03	 1.16074934592910E-01
 1.96629028934819E+03	 9.62569869307340E-02
 1.96629302724822E+03	 8.13864481243507E-02
 1.96629576514825E+03	 4.28010778461330E-02
 1.96629850304828E+03	-5.20029452354928E-02
 1.96630124094831E+03	-1.96392158941809E-01
 1.96630397884834E+03	-3.40660911329913E-01
 1.96630671674837E+03	-4.28280787581900E-01
 1.96630945464840E+03	-4.30638592845742E-01
 1.96631219254843E+03	-3.47612275032467E-01
 1.96631493044847E+03	-1.87986007487740E-01
 1.96631766834850E+03	 3.41176543992428E-02
 1.96632040624853E+03	 2.80337126661716E-01
 1.96632314414856E+03	 4.78782603844979E-01
 1.96632588204859E+03	 5.51167106743846E-01
 1.96632861994862E+03	 4.61153551776164E-01
 1.96633135784865E+03	 2.41387469806861E-01
 1.96633409574868E+03	-2.61968958483015E-02
 1.96633683364871E+03	-2.60211445140023E-01
 1.96633957154874E+03	-4.17610375972800E-01
 1.96634230944877E+03	-4.92118273695773E-01
 1.96634504734880E+03	-4.87243346217289E-01
 1.96634778524883E+03	-4.02378392122437E-01
 1.96635052314886E+03	-2.48970761575012E-01
 1.96635326104890E+03	-7.04200080673811E-02
 1.96635599894893E+03	 7.05564038180760E-02
 1.96635873684896E+03	 1.34057558825187E-01
 1.96636147474899E+03	 1.31228138931504E-01
 1.96636421264902E+03	 1.05471666126543E-01
 1.96636695054905E+03	 8.43512072923799E-02
 1.96636968844908E+03	 5.27171056947610E-02
 1.96637242634911E+03	-2.48707754853044E-02
 1.96637516424914E+03	-1.57530103592663E-01
 1.96637790214917E+03	-3.07739719747387E-01
 1.96638064004920E+03	-4.17129040347644E-01
 1.96638337794923E+03	-4.46973681611130E-01
 1.96638611584926E+03	-3.90822142506584E-01
 1.96638885374930E+03	-2.56899930362593E-01
 1.96639159164933E+03	-5.54604055742909E-02
 1.96639432954936E+03	 1.87501149030909E-01
 1.96639706744939E+03	 4.12145128076504E-01
 1.96639980534942E+03	 5.37549300019775E-01
 1.96640254324945E+03	 5.06669645603907E-01
 1.96640528114948E+03	 3.26246852414897E-01
 1.96640801904951E+03	 6.49606038764077E-02
 1.96641075694954E+03	-1.89540966381778E-01
 1.96641349484957E+03	-3.77795658155231E-01
 1.96641623274960E+03	-4.82100884495683E-01
 1.96641897064963E+03	-5.04771383501328E-01
 1.96642170854966E+03	-4.45723230387371E-01
 1.96642444644970E+03	-3.09254350315679E-01
 1.96642718434973E+03	-1.27711872701382E-01
 1.96642992224976E+03	 3.74650550002722E-02
 1.96643266014979E+03	 1.31750960318769E-01
 1.96643539804982E+03	 1.46977054216337E-01
 1.96643813594985E+03	 1.20310307045792E-01
 1.96644087384988E+03	 9.11841094372801E-02
 1.96644361174991E+03	 6.09756764177210E-02
 1.96644634964994E+03	-2.21219300479065E-03
 1.96644908754997E+03	-1.20136915636485E-01
 1.96645182545000E+03	-2.70341384586066E-01
 1.96645456335003E+03	-3.97377851246075E-01
 1.96645730125006E+03	-4.53694769289026E-01
 1.96646003915009E+03	-4.24327940093796E-01
 1.96646277705013E+03	-3.15990175455988E-01
 1.96646551495016E+03	-1.37784482978928E-01
 1.96646825285019E+03	 9.37876656731902E-02
 1.96647099075022E+03	 3.32951587400833E-01
 1.96647372865025E+03	 5.02996499803468E-01
 1.96647646655028E+03	 5.32182659442921E-01
 1.96647920445031E+03	 4.01052870141243E-01
 1.96648194235034E+03	 1.58620405851650E-01
 1.96648468025037E+03	-1.08161053112181E-01
 1.96648741815040E+03	-3.25372355271371E-01
 1.96649015605043E+03	-4.60699998627685E-01
 1.96649289395046E+03	-5.11941437382409E-01
 1.96649563185049E+03	-4.80217089234282E-01
 1.96649836975053E+03	-3.65584008915916E-01
 1.96650110765056E+03	-1.89122209496110E-01
 1.96650384555059E+03	-5.93334373490658E-03
 1.96650658345062E+03	 1.19951751568696E-01
 1.96650932135065E+03	 1.60321621467989E-01
 1.96651205925068E+03	 1.39616275858421E-01
 1.96651479715071E+03	 1.03259726937487E-01
 1.96651753505074E+03	 6.97045239204322E-02
 1.96652027295077E+03	 1.66022344841851E-02
 1.96652301085080E+03	-8.55238247795655E-02
 1.96652574875083E+03	-2.30261825350691E-01
 1.96652848665086E+03	-3.69917034169364E-01
 1.96653122455089E+03	-4.50907698333191E-01
 1.96653396245093E+03	-4.48273671323812E-01
 1.96653670035096E+03	-3.65214655270542E-01
 1.96653943825099E+03	-2.11250259111748E-01
 1.96654217615102E+03	 3.02708808628799E-03
 1.96654491405105E+03	 2.45725287435621E-01
 1.96654765195108E+03	 4.49870991067246E-01
 1.96655038985111E+03	 5.36189820709515E-01
 1.96655312775114E+03	 4.61440645755844E-01
 1.96655586565117E+03	 2.50383253388202E-01
 1.96655860355120E+03	-1.82866252679284E-02
 1.96656134145123E+03	-2.60373507520178E-01
 1.96656407935126E+03	-4.27254274031874E-01
 1.96656681725129E+03	-5.08266526799708E-01
 1.96656955515132E+03	-5.04862975547738E-01
 1.96657229305136E+03	-4.15568052739945E-01
 1.96657503095139E+03	-2.51616438846442E-01
 1.96657776885142E+03	-5.81356199656361E-02
 1.96658050675145E+03	 9.72942211629050E-02
 1.96658324465148E+03	 1.68198358831250E-01
 1.96658598255151E+03	 1.61334174100025E-01
 1.96658872045154E+03	 1.21113624992942E-01
 1.96659145835157E+03	 8.10048307509041E-02
 1.96659419625160E+03	 3.28491909188846E-02
 1.96659693415163E+03	-5.44583578895561E-02
 1.96659967205166E+03	-1.89349382142292E-01
 1.96660240995169E+03	-3.36008981055561E-01
 1.96660514785172E+03	-4.38878831389860E-01
 1.96660788575176E+03	-4.62751123306308E-01
 1.96661062365179E+03	-4.04787059522029E-01
 1.96661336155182E+03	-2.75059755499174E-01
 1.96661609945185E+03	-8.17598492892823E-02
 1.96661883735188E+03	 1.55029811407260E-01
 1.96662157525191E+03	 3.81651302286432E-01
 1.96662431315194E+03	 5.18656278749334E-01
 1.96662705105197E+03	 5.03821125707374E-01
 1.96662978895200E+03	 3.35506780617149E-01
 1.96663252685203E+03	 7.69203757295279E-02
 1.96663526475206E+03	-1.83520278691867E-01
 1.96663800265209E+03	-3.81213036444071E-01
 1.96664074055212E+03	-4.93235226617755E-01
 1.96664347845216E+03	-5.19007326832844E-01
 1.96664621635219E+03	-4.57341747274479E-01
 1.96664895425222E+03	-3.12171777027635E-01
 1.96665169215225E+03	-1.16832487041788E-01
 1.96665443005228E+03	 6.34388246620588E-02
 1.96665716795231E+03	 1.67854576400400E-01
 1.96665990585234E+03	 1.82732460191851E-01
 1.96666264375237E+03	 1.44310835943639E-01
 1.96666538165240E+03	 9.66359899404297E-02
 1.96666811955243E+03	 4.82931763877087E-02
 1.96667085745246E+03	-2.70400216109834E-02
 1.96667359535249E+03	-1.49298890019825E-01
 1.96667633325252E+03	-2.97253049767725E-01
 1.96667907115256E+03	-4.18147588206051E-01
 1.96668180905259E+03	-4.67817037535384E-01
 1.96668454695262E+03	-4.34991659408869E-01
 1.96668728485265E+03	-3.29043836427067E-01
 1.96669002275268E+03	-1.58475629380624E-01
 1.96669276065271E+03	 6.50675206482586E-02
 1.96669549855274E+03	 3.02567052642604E-01
 1.96669823645277E+03	 4.81009384917676E-01
 1.96670097435280E+03	 5.25735561976508E-01
 1.96670371225283E+03	 4.09302178093845E-01
 1.96670645015286E+03	 1.73467911575057E-01
 1.96670918805289E+03	-9.63981305275478E-02
 1.96671192595292E+03	-3.22326361370540E-01
 1.96671466385295E+03	-4.66283611772004E-01
 1.96671740175299E+03	-5.22185898601482E-01
 1.96672013965302E+03	-4.89573952048394E-01
 1.96672287755305E+03	-3.68041220846238E-01
 1.96672561545308E+03	-1.79182518303882E-01
 1.96672835335311E+03	 1.90999491917811E-02
 1.96673109125314E+03	 1.57181164052169E-01
 1.96673382915317E+03	 2.00715944396863E-01
 1.96673656705320E+03	 1.71435597489148E-01
 1.96673930495323E+03	 1.17725215245943E-01
 1.96674204285326E+03	 6.49414993972718E-02
 1.96674478075329E+03	-2.66244013803126E-03
 1.96674751865332E+03	-1.11434920138733E-01
 1.96675025655335E+03	-2.55474118141652E-01
 1.96675299445339E+03	-3.89612994198609E-01
 1.96675573235342E+03	-4.63574743829033E-01
 1.96675847025345E+03	-4.56060547588766E-01
 1.96676120815348E+03	-3.73439566043559E-01
 1.96676394605351E+03	-2.25929543107505E-01
 1.96676668395354E+03	-2.06401762903404E-02
 1.96676942185357E+03	 2.17173812030396E-01
 1.96677215975360E+03	 4.25979493851231E-01
 1.96677489765363E+03	 5.26103370202535E-01
 1.96677763555366E+03	 4.67563213931483E-01
 1.96678037345369E+03	 2.66775954903402E-01
 1.96678311135372E+03	-1.54951534626286E-03
 1.96678584925375E+03	-2.50870632756687E-01
 1.96678858715379E+03	-4.26855816911000E-01
 1.96679132505382E+03	-5.13984122337555E-01
 1.96679406295385E+03	-5.11385165516945E-01
 1.96679680085388E+03	-4.16934639567414E-01
 1.96679953875391E+03	-2.42120823632122E-01
 1.96680227665394E+03	-3.40534326012498E-02
 1.96680501455397E+03	 1.34961581189858E-01
 1.96680775245400E+03	 2.12187824425206E-01
 1.96681049035403E+03	 2.00207786227370E-01
 1.96681322825406E+03	 1.44544072851008E-01
 1.96681596615409E+03	 8.47423931483522E-02
 1.96681870405412E+03	 1.99213031161084E-02
 1.96682144195415E+03	-7.65221117239644E-02
 1.96682417985418E+03	-2.12544301302915E-01
 1.96682691775422E+03	-3.54563306269037E-01
 1.96682965565425E+03	-4.50293005533682E-01
 1.96683239355428E+03	-4.68130863342849E-01
 1.96683513145431E+03	-4.08668132640631E-01
 1.96683786935434E+03	-2.83710253258554E-01
 1.96684060725437E+03	-9.94566603872167E-02
 1.96684334515440E+03	 1.29922340337520E-01
 1.96684608305443E+03	 3.57307169382001E-01
 1.96684882095446E+03	 5.05329488149069E-01
 1.96685155885449E+03	 5.06974664538164E-01
 1.96685429675452E+03	 3.52025097094919E-01
 1.96685703465455E+03	 9.75491486262931E-02
 1.96685977255458E+03	-1.67865755122882E-01
 1.96686251045462E+03	-3.74549743480397E-01
 1.96686524835465E+03	-4.93951571100567E-01
 1.96686798625468E+03	-5.22208850771989E-01
 1.96687072415471E+03	-4.57099348828064E-01
 1.96687346205474E+03	-3.02654565223238E-01
 1.96687619995477E+03	-9.36023555538586E-02
 1.96687893785480E+03	 1.01007491119445E-01
 1.96688167575483E+03	 2.14414171286672E-01
 1.96688441365486E+03	 2.27713998980969E-01
 1.96688715155489E+03	 1.76386480432614E-01
 1.96688988945492E+03	 1.09265911458764E-01
 1.96689262735495E+03	 4.24290511915761E-02
 1.96689536525498E+03	-4.46399298357863E-02
 1.96689810315502E+03	-1.70162195520726E-01
 1.96690084105505E+03	-3.14628874315520E-01
 1.96690357895508E+03	-4.28526238745056E-01
 1.96690631685511E+03	-4.71281397295539E-01
 1.96690905475514E+03	-4.35154431101225E-01
 1.96691179265517E+03	-3.31981942537245E-01
 1.96691453055520E+03	-1.69702489080120E-01
 1.96691726845523E+03	 4.47755454149224E-02
 1.96692000635526E+03	 2.79354188256133E-01
 1.96692274425529E+03	 4.65255161469608E-01
 1.96692548215532E+03	 5.25447002314884E-01
 1.96692822005535E+03	 4.24574972194740E-01
 1.96693095795538E+03	 1.96642008010791E-01
 1.96693369585541E+03	-7.52366788679120E-02
 1.96693643375545E+03	-3.09325029268186E-01
 1.96693917165548E+03	-4.61597976250320E-01
 1.96694190955551E+03	-5.21637635093313E-01
 1.96694464745554E+03	-4.87302152524795E-01
 1.96694738535557E+03	-3.58103317474313E-01
 1.96695012325560E+03	-1.56651590047499E-01
 1.96695286115563E+03	 5.61684067226318E-02
 1.96695559905566E+03	 2.05343845002289E-01
 1.96695833695569E+03	 2.50725174959686E-01
 1.96696107485572E+03	 2.11569721553364E-01
 1.96696381275575E+03	 1.39412587111884E-01
 1.96696655065578E+03	 6.67916296414229E-02
 1.96696928855581E+03	-1.51516321065875E-02
 1.96697202645585E+03	-1.29625576446003E-01
 1.96697476435588E+03	-2.71654159296265E-01
 1.96697750225591E+03	-3.99199196795480E-01
 1.96698024015594E+03	-4.65630601045227E-01
 1.96698297805597E+03	-4.53217607754608E-01
 1.96698571595600E+03	-3.71247805166063E-01
 1.96698845385603E+03	-2.30600944039356E-01
 1.96699119175606E+03	-3.50821778054645E-02
 1.96699392965609E+03	 1.96667999753758E-01
 1.96699666755612E+03	 4.08956552249507E-01
 1.96699940545615E+03	 5.22331793218082E-01
 1.96700214335618E+03	 4.80402511722293E-01
 1.96700488125621E+03	 2.90975303222438E-01
 1.96700761915625E+03	 2.41230191478169E-02
 1.96701035705628E+03	-2.31734604199749E-01
 1.96701309495631E+03	-4.16480367700615E-01
 1.96701583285634E+03	-5.09297367051868E-01
 1.96701857075637E+03	-5.06733263757512E-01
 1.96702130865640E+03	-4.06254973348106E-01
 1.96702404655643E+03	-2.20128431881881E-01
 1.96702678445646E+03	 2.22107307463059E-03
 1.96702952235649E+03	 1.83843710615372E-01
 1.96703226025652E+03	 2.66060450783246E-01
 1.96703499815655E+03	 2.47563392162999E-01
 1.96703773605658E+03	 1.75193433371280E-01
 1.96704047395661E+03	 9.48380233161529E-02
 1.96704321185665E+03	 1.32162772916621E-02
 1.96704594975668E+03	-9.16388856018308E-02
 1.96704868765671E+03	-2.27502244369016E-01
 1.96705142555674E+03	-3.63625905815854E-01
 1.96705416345677E+03	-4.51464748444354E-01
 1.96705690135680E+03	-4.63045253342415E-01
 1.96705963925683E+03	-4.02125902202408E-01
 1.96706237715686E+03	-2.82119877335355E-01
 1.96706511505689E+03	-1.07413498930537E-01
 1.96706785295692E+03	 1.13554496820553E-01
 1.96707059085695E+03	 3.40415741832053E-01
 1.96707332875698E+03	 4.98486765193512E-01
 1.96707606665701E+03	 5.16503750328591E-01
 1.96707880455704E+03	 3.75680512783855E-01
 1.96708154245708E+03	 1.26414656294621E-01
 1.96708428035711E+03	-1.43132090556094E-01
 1.96708701825714E+03	-3.58370667552784E-01
 1.96708975615717E+03	-4.84784855391744E-01
 1.96709249405720E+03	-5.14866425138025E-01
 1.96709523195723E+03	-4.45425063466308E-01
 1.96709796985726E+03	-2.81061964781122E-01
 1.96710070775729E+03	-5.83387911700621E-02
 1.96710344565732E+03	 1.49821667054079E-01
 1.96710618355735E+03	 2.70950476866253E-01
 1.96710892145738E+03	 2.81233381136089E-01
 1.96711165935741E+03	 2.15616701451692E-01
 1.96711439725744E+03	 1.27966449131058E-01
 1.96711713515748E+03	 4.21851797992868E-02
 1.96711987305751E+03	-5.61947460321583E-02
 1.96712261095754E+03	-1.83820918040078E-01
 1.96712534885757E+03	-3.23445864778700E-01
 1.96712808675760E+03	-4.29358326803576E-01
 1.96713082465763E+03	-4.64745648946238E-01
 1.96713356255766E+03	-4.25175796376560E-01
 1.96713630045769E+03	-3.24746936854765E-01
 1.96713903835772E+03	-1.70963687537596E-01
 1.96714177625775E+03	 3.37113190529063E-02
 1.96714451415778E+03	 2.64105618333944E-01
 1.96714725205781E+03	 4.56178929463357E-01
 1.96714998995784E+03	 5.31204851547090E-01
 1.96715272785788E+03	 4.46215722956797E-01
 1.96715546575791E+03	 2.27135061821359E-01
 1.96715820365794E+03	-4.58067986153731E-02
 1.96716094155797E+03	-2.87474247631463E-01
 1.96716367945800E+03	-4.47690749949143E-01
 1.96716641735803E+03	-5.11316442405752E-01
 1.96716915525806E+03	-4.74425852680407E-01
 1.96717189315809E+03	-3.36805033493067E-01
 1.96717463105812E+03	-1.22566987380296E-01
 1.96717736895815E+03	 1.04226420362236E-01
 1.96718010685818E+03	 2.63353707082269E-01
 1.96718284475821E+03	 3.09171673650595E-01
 1.96718558265824E+03	 2.58702927411402E-01
 1.96718832055827E+03	 1.66849190919722E-01
 1.96719105845831E+03	 7.36454711222109E-02
 1.96719379635834E+03	-2.25592580039304E-02
 1.96719653425837E+03	-1.41810369040774E-01
 1.96719927215840E+03	-2.80477801489737E-01
 1.96720201005843E+03	-4.00249955442278E-01
 1.96720474795846E+03	-4.58455976105313E-01
 1.96720748585849E+03	-4.40801307698127E-01
 1.96721022375852E+03	-3.59242460471794E-01
 1.96721296165855E+03	-2.25371959356248E-01
 1.96721569955858E+03	-4.00361390654856E-02
 1.96721843745861E+03	 1.84541282891509E-01
 1.96722117535864E+03	 3.98835687000474E-01
 1.96722391325867E+03	 5.24338184833774E-01
 1.96722665115871E+03	 4.98809755218565E-01
 1.96722938905874E+03	 3.21402227440557E-01
 1.96723212695877E+03	 5.69934571274020E-02
 1.96723486485880E+03	-2.04656138320900E-01
 1.96723760275883E+03	-3.97710130837494E-01
 1.96724034065886E+03	-4.95734001513983E-01
 1.96724307855889E+03	-4.92468070059789E-01
 1.96724581645892E+03	-3.85173983234071E-01
 1.96724855435895E+03	-1.87361441880698E-01
 1.96725129225898E+03	 4.89305602206427E-02
 1.96725403015901E+03	 2.42186178031688E-01
 1.96725676805904E+03	 3.28070452994358E-01
 1.96725950595907E+03	 3.01632204420729E-01
 1.96726224385911E+03	 2.11216837305991E-01
 1.96726498175914E+03	 1.09323335994578E-01
 1.96726771965917E+03	 1.06247435273608E-02
 1.96727045755920E+03	-1.02036439074579E-01
 1.96727319545923E+03	-2.36509320743737E-01
 1.96727593335926E+03	-3.65446026817590E-01
 1.96727867125929E+03	-4.44472785025005E-01
 1.96728140915932E+03	-4.49237703471186E-01
 1.96728414705935E+03	-3.86413800080893E-01
 1.96728688495938E+03	-2.70984998523214E-01
 1.96728962285941E+03	-1.05869739302944E-01
 1.96729236075944E+03	 1.05854297957431E-01
 1.96729509865947E+03	 3.30674373457946E-01
 1.96729783655950E+03	 4.97256338945736E-01
 1.96730057445954E+03	 5.30849575337317E-01
 1.96730331235957E+03	 4.04372495246785E-01
 1.96730605025960E+03	 1.61175253698855E-01
 1.96730878815963E+03	-1.11625467023067E-01
 1.96731152605966E+03	-3.34823482819877E-01
 1.96731426395969E+03	-4.67768348763618E-01
 1.96731700185972E+03	-4.99029652172792E-01
 1.96731973975975E+03	-4.24497656314696E-01
 1.96732247765978E+03	-2.49731086783267E-01
 1.96732521555981E+03	-1.34804209534748E-02
 1.96732795345984E+03	 2.07437944916678E-01
 1.96733069135987E+03	 3.35092573658127E-01
 1.96733342925990E+03	 3.41008928818856E-01
 1.96733616715994E+03	 2.59758124172314E-01
 1.96733890505997E+03	 1.50440082060533E-01
 1.96734164296000E+03	 4.51213889143072E-02
 1.96734438086003E+03	-6.43292046594141E-02
 1.96734711876006E+03	-1.93056112206799E-01
 1.96734985666009E+03	-3.26539180718793E-01
 1.96735259456012E+03	-4.23366450208503E-01
 1.96735533246015E+03	-4.50613852206620E-01
 1.96735807036018E+03	-4.06946895542307E-01
 1.96736080826021E+03	-3.08611637202930E-01
 1.96736354616024E+03	-1.62977637405420E-01
 1.96736628406027E+03	 3.14417690140777E-02
 1.96736902196030E+03	 2.56257131443887E-01
 1.96737175986034E+03	 4.52678483194453E-01
 1.96737449776037E+03	 5.41156517878805E-01
 1.96737723566040E+03	 4.71698719779208E-01
 1.96737997356043E+03	 2.62050272694700E-01
 1.96738271146046E+03	-1.10316770113966E-02
 1.96738544936049E+03	-2.59513600703979E-01
 1.96738818726052E+03	-4.27112926913881E-01
 1.96739092516055E+03	-4.93730382534908E-01
 1.96739366306058E+03	-4.53584208889979E-01
 1.96739640096061E+03	-3.07008235009182E-01
 1.96739913886064E+03	-7.99784825889311E-02
 1.96740187676067E+03	 1.60165681429770E-01
 1.96740461466070E+03	 3.28191002803370E-01
 1.96740735256074E+03	 3.73212339290062E-01
 1.96741009046077E+03	 3.10156189028554E-01
 1.96741282836080E+03	 1.97415197712945E-01
 1.96741556626083E+03	 8.27968022646787E-02
 1.96741830416086E+03	-2.77948314265808E-02
 1.96742104206089E+03	-1.51133967235956E-01
 1.96742377996092E+03	-2.85246840828795E-01
 1.96742651786095E+03	-3.96044685642348E-01
 1.96742925576098E+03	-4.45064630752383E-01
 1.96743199366101E+03	-4.21317161048932E-01
 1.96743473156104E+03	-3.39263460394121E-01
 1.96743746946107E+03	-2.11430022273372E-01
 1.96744020736110E+03	-3.62694555154172E-02
 1.96744294526113E+03	 1.80027866493433E-01
 1.96744568316117E+03	 3.94386325307111E-01
 1.96744842106120E+03	 5.30110286276640E-01
 1.96745115896123E+03	 5.19969028708887E-01
 1.96745389686126E+03	 3.54702864639841E-01
 1.96745663476129E+03	 9.35621099885883E-02
 1.96745937266132E+03	-1.72972896422034E-01
 1.96746211056135E+03	-3.73630284120781E-01
 1.96746484846138E+03	-4.76248027051616E-01
 1.96746758636141E+03	-4.71628956348427E-01
 1.96747032426144E+03	-3.56982101633296E-01
 1.96747306216147E+03	-1.47381892679959E-01
 1.96747580006150E+03	 1.02368439171823E-01
 1.96747853796153E+03	 3.06337222577630E-01
 1.96748127586157E+03	 3.94788618384862E-01
 1.96748401376160E+03	 3.59262987468509E-01
 1.96748675166163E+03	 2.49660562071469E-01
 1.96748948956166E+03	 1.25266284227270E-01
 1.96749222746169E+03	 9.04901385860819E-03
 1.96749496536172E+03	-1.11088655907715E-01
 1.96749770326175E+03	-2.43192910218105E-01
 1.96750044116178E+03	-3.63740816539264E-01
 1.96750317906181E+03	-4.32858995155715E-01
 1.96750591696184E+03	-4.29784762416761E-01
 1.96750865486187E+03	-3.63924304324139E-01
 1.96751139276190E+03	-2.51961240042421E-01
 1.96751413066193E+03	-9.59204827302272E-02
 1.96751686856197E+03	 1.05889827380618E-01
 1.96751960646200E+03	 3.26807672102260E-01
 1.96752234436203E+03	 4.99599744807571E-01
 1.96752508226206E+03	 5.47065106736671E-01
 1.96752782016209E+03	 4.34432675989172E-01
 1.96753055806212E+03	 1.97844392459188E-01
 1.96753329596215E+03	-7.72527998562954E-02
 1.96753603386218E+03	-3.07534046524674E-01
 1.96753877176221E+03	-4.46301156842636E-01
 1.96754150966224E+03	-4.78096062924299E-01
 1.96754424756227E+03	-3.97946650254925E-01
 1.96754698546230E+03	-2.12622223755182E-01
 1.96754972336233E+03	 3.67694868544470E-02
 1.96755246126236E+03	 2.69631727973203E-01
 1.96755519916240E+03	 4.02834118443035E-01
 1.96755793706243E+03	 4.03393750526530E-01
 1.96756067496246E+03	 3.05501870465032E-01
 1.96756341286249E+03	 1.73545016892032E-01
 1.96756615076252E+03	 4.80244851213795E-02
 1.96756888866255E+03	-7.25220979801131E-02
 1.96757162656258E+03	-2.01669878320154E-01
 1.96757436446261E+03	-3.27918413328707E-01
 1.96757710236264E+03	-4.14506423812821E-01
 1.96757984026267E+03	-4.32462285265825E-01
 1.96758257816270E+03	-3.83382754085863E-01
 1.96758531606273E+03	-2.85699718428297E-01
 1.96758805396276E+03	-1.47177230552925E-01
 1.96759079186280E+03	 3.68757411701784E-02
 1.96759352976283E+03	 2.54541091585888E-01
 1.96759626766286E+03	 4.52803203356778E-01
 1.96759900556289E+03	 5.52387707926588E-01
 1.96760174346292E+03	 4.97215567367267E-01
 1.96760448136295E+03	 2.97052297703402E-01
 1.96760721926297E+03	 2.46867659747438E-02
 1.96760995716301E+03	-2.29591003733489E-01
 1.96761269506304E+03	-4.03708293588983E-01
 1.96761543296307E+03	-4.72609779223164E-01
 1.96761817086310E+03	-4.28671764626789E-01
 1.96762090876313E+03	-2.72956056311345E-01
 1.96762364666316E+03	-3.34609445791654E-02
 1.96762638456320E+03	 2.19286613322894E-01
 1.96762912246323E+03	 3.95320413052157E-01
 1.96763186036326E+03	 4.38705788715507E-01
 1.96763459826329E+03	 3.62245950683924E-01
 1.96763733616332E+03	 2.27756315205351E-01
 1.96764007406335E+03	 9.09619018964954E-02
 1.96764281196338E+03	-3.43391090349065E-02
 1.96764554986341E+03	-1.61426204880222E-01
 1.96764828776344E+03	-2.90102072488915E-01
 1.96765102566347E+03	-3.90809400588857E-01
 1.96765376356350E+03	-4.29428744242914E-01
 1.96765650146353E+03	-3.98147532595385E-01
 1.96765923936356E+03	-3.13891817842384E-01
 1.96766197726359E+03	-1.90563771789302E-01
 1.96766471516363E+03	-2.50515657880774E-02
 1.96766745306366E+03	 1.81883087875963E-01
 1.96767019096369E+03	 3.93824680065461E-01
 1.96767292886372E+03	 5.36914209688782E-01
 1.96767566676375E+03	 5.40119574744228E-01
 1.96767840466378E+03	 3.86370505965370E-01
 1.96768114256381E+03	 1.29055341280329E-01
 1.96768388046384E+03	-1.41298285417598E-01
 1.96768661836387E+03	-3.48515253074402E-01
 1.96768935626390E+03	-4.54886644284653E-01
 1.96769209416393E+03	-4.48320040184493E-01
 1.96769483206396E+03	-3.26099956507179E-01
 1.96769756996399E+03	-1.05001079491629E-01
 1.96770030786403E+03	 1.57488195251511E-01
 1.96770304576406E+03	 3.71320199524305E-01
 1.96770578366409E+03	 4.61613389402128E-01
 1.96770852156412E+03	 4.16391851614678E-01
 1.96771125946415E+03	 2.86945525986618E-01
 1.96771399736418E+03	 1.39331342128797E-01
 1.96771673526421E+03	 5.08042057371608E-03
 1.96771947316424E+03	-1.22523243379376E-01
 1.96772221106427E+03	-2.51661101227621E-01
 1.96772494896430E+03	-3.62841282659796E-01
 1.96772768686433E+03	-4.20855413530578E-01
 1.96773042476436E+03	-4.08448729595194E-01
 1.96773316266439E+03	-3.37662841015620E-01
 1.96773590056443E+03	-2.27206310366860E-01
 1.96773863846446E+03	-7.90494672181687E-02
 1.96774137636449E+03	 1.12418233534768E-01
 1.96774411426452E+03	 3.27232886313861E-01
 1.96774685216455E+03	 5.03075951905995E-01
 1.96774959006458E+03	 5.61616000739186E-01
 1.96775232796461E+03	 4.61383297499120E-01
 1.96775506586464E+03	 2.31444468108737E-01
 1.96775780376467E+03	-4.49909151701602E-02
 1.96776054166470E+03	-2.81165979756694E-01
 1.96776327956473E+03	-4.24729473883174E-01
 1.96776601746476E+03	-4.56339915297265E-01
 1.96776875536479E+03	-3.70282168733591E-01
 1.96777149326483E+03	-1.74650770156654E-01
 1.96777423116486E+03	 8.71639153185652E-02
 1.96777696906489E+03	 3.31107327554318E-01
 1.96777970696492E+03	 4.69185006154069E-01
 1.96778244486495E+03	 4.63962591763432E-01
 1.96778518276498E+03	 3.49033896054815E-01
 1.96778792066501E+03	 1.93892726476859E-01
 1.96779065856504E+03	 4.76004897228127E-02
 1.96779339646507E+03	-8.42969523752615E-02
 1.96779613436510E+03	-2.13585320221337E-01
 1.96779887226513E+03	-3.31845083470524E-01
 1.96780161016516E+03	-4.07107593282704E-01
 1.96780434806519E+03	-4.14311214186352E-01
 1.96780708596522E+03	-3.57848608060695E-01
 1.96780982386526E+03	-2.58532922376260E-01
 1.96781256176529E+03	-1.25299784351290E-01
 1.96781529966532E+03	 4.87230029083119E-02
 1.96781803756535E+03	 2.57563302900093E-01
 1.96782077546538E+03	 4.54468396170891E-01
 1.96782351336541E+03	 5.61738572580839E-01
 1.96782625126544E+03	 5.18519108801819E-01
 1.96782898916547E+03	 3.27159067139256E-01
 1.96783172706550E+03	 5.61560765652388E-02
 1.96783446496553E+03	-2.02679961076687E-01
 1.96783720286556E+03	-3.82089087364818E-01
 1.96783994076559E+03	-4.52367969226674E-01
 1.96784267866562E+03	-4.04219547290116E-01
 1.96784541656566E+03	-2.39548896243255E-01
 1.96784815446569E+03	 1.16898350194709E-02
 1.96785089236572E+03	 2.76122186626282E-01
 1.96785363026575E+03	 4.59471290279718E-01
 1.96785636816578E+03	 5.00916538028972E-01
 1.96785910606581E+03	 4.10927125136537E-01
 1.96786184396584E+03	 2.54420001845162E-01
 1.96786458186587E+03	 9.49754215533190E-02
 1.96786731976590E+03	-4.54435468697555E-02
 1.96787005766593E+03	-1.76297615359576E-01
 1.96787279556596E+03	-2.99066321835569E-01
 1.96787553346599E+03	-3.88792378609552E-01
 1.96787827136602E+03	-4.15673291686465E-01
 1.96788100926606E+03	-3.74916088170503E-01
 1.96788374716609E+03	-2.85977721054534E-01
 1.96788648506612E+03	-1.64790699164708E-01
 1.96788922296615E+03	-7.78294929836936E-03
 1.96789196086618E+03	 1.88848590751378E-01
 1.96789469876621E+03	 3.95430919663925E-01
 1.96789743666624E+03	 5.42064121047292E-01
 1.96790017456627E+03	 5.55424525792103E-01
 1.96790291246630E+03	 4.11630611299769E-01
 1.96790565036633E+03	 1.58250660250007E-01
 1.96790838826636E+03	-1.14793926744902E-01
 1.96791112616639E+03	-3.27183423688334E-01
 1.96791386406642E+03	-4.36168713137456E-01
 1.96791660196645E+03	-4.27040878783683E-01
 1.96791933986649E+03	-2.97313337812492E-01
 1.96792207776652E+03	-6.54188346876153E-02
 1.96792481566655E+03	 2.08812560048682E-01
 1.96792755356658E+03	 4.31722422252187E-01
 1.96793029146661E+03	 5.23585365750102E-01
 1.96793302936664E+03	 4.68770895713327E-01
 1.96793576726667E+03	 3.19546432899815E-01
 1.96793850516670E+03	 1.48474695201957E-01
 1.96794124306673E+03	-4.22770839898520E-03
 1.96794398096676E+03	-1.39544972886854E-01
 1.96794671886679E+03	-2.65548756233006E-01
 1.96794945676682E+03	-3.66734622337626E-01
 1.96795219466685E+03	-4.12516075389992E-01
 1.96795493256689E+03	-3.88974260797542E-01
 1.96795767046692E+03	-3.10733800676540E-01
 1.96796040836695E+03	-1.99016561931404E-01
 1.96796314626698E+03	-5.68260257858305E-02
 1.96796588416701E+03	 1.24237923631115E-01
 1.96796862206704E+03	 3.30551655740043E-01
 1.96797135996707E+03	 5.05513309012659E-01
 1.96797409786710E+03	 5.71212183455845E-01
 1.96797683576713E+03	 4.80858833349878E-01
 1.96797957366716E+03	 2.56930905161003E-01
 1.96798231156719E+03	-2.00281957216584E-02
 1.96798504946722E+03	-2.60649097704863E-01
 1.96798778736725E+03	-4.07630016827678E-01
 1.96799052526729E+03	-4.38185717865356E-01
 1.96799326316732E+03	-3.46096649341001E-01
 1.96799600106735E+03	-1.40792452891635E-01
 1.96799873896738E+03	 1.32376921756506E-01
 1.96800147686741E+03	 3.86469126715837E-01
 1.96800421476744E+03	 5.29081330351507E-01
 1.96800695266747E+03	 5.18323932023790E-01
 1.96800969056750E+03	 3.86761630953858E-01
 1.96801242846753E+03	 2.08543885038220E-01
 1.96801516636756E+03	 4.12095077981689E-02
 1.96801790426759E+03	-1.02398747844110E-01
 1.96802064216762E+03	-2.31932464401074E-01
 1.96802338006765E+03	-3.41879279248585E-01
 1.96802611796768E+03	-4.04968476596276E-01
 1.96802885586772E+03	-3.99859729959605E-01
 1.96803159376775E+03	-3.33588006133767E-01
 1.96803433166778E+03	-2.29645672165004E-01
 1.96803706956781E+03	-9.91194928968201E-02
 1.96803980746784E+03	 6.57523303237144E-02
 1.96804254536787E+03	 2.64163323665637E-01
 1.96804528326790E+03	 4.55995703379687E-01
 1.96804802116793E+03	 5.66543582416206E-01
 1.96805075906796E+03	 5.31820678572621E-01
 1.96805349696799E+03	 3.47713399495971E-01
 1.96805623486802E+03	 7.83514962489286E-02
 1.96805897276805E+03	-1.83690407912896E-01
 1.96806171066808E+03	-3.66818428811246E-01
 1.96806444856812E+03	-4.37309830511511E-01
 1.96806718646815E+03	-3.84565512018227E-01
 1.96806992436818E+03	-2.11432409440316E-01
 1.96807266226821E+03	 5.04494178137176E-02
 1.96807540016824E+03	 3.25461214194867E-01
 1.96807813806827E+03	 5.15620836098081E-01
 1.96808087596830E+03	 5.55401505239928E-01
 1.96808361386833E+03	 4.52569271619614E-01
 1.96808635176836E+03	 2.74557019908607E-01
 1.96808908966839E+03	 9.24846198523875E-02
 1.96809182756842E+03	-6.33775519031387E-02
 1.96809456546845E+03	-1.98297143889212E-01
 1.96809730336848E+03	-3.15135136389713E-01
 1.96810004126852E+03	-3.93359215784628E-01
 1.96810277916855E+03	-4.07268597423269E-01
 1.96810551706858E+03	-3.54854368903328E-01
 1.96810825496861E+03	-2.58207847246950E-01
 1.96811099286864E+03	-1.36087829449607E-01
 1.96811373076867E+03	 1.42028495192232E-02
 1.96811646866870E+03	 1.99896808256968E-01
 1.96811920656873E+03	 3.97945933314838E-01
 1.96812194446876E+03	 5.43530874214968E-01
 1.96812468236879E+03	 5.62786830861552E-01
 1.96812742026882E+03	 4.26401248025431E-01
 1.96813015816885E+03	 1.76489231602960E-01
 1.96813289606888E+03	-9.81873783681075E-02
 1.96813563396892E+03	-3.14083741006477E-01
 1.96813837186895E+03	-4.24224061245016E-01
 1.96814110976898E+03	-4.11824651363123E-01
 1.96814384766901E+03	-2.74855155490031E-01
 1.96814658556904E+03	-3.32283873678137E-02
 1.96814932346907E+03	 2.51477448548131E-01
 1.96815206136910E+03	 4.82723354615573E-01
 1.96815479926913E+03	 5.76331554416550E-01
 1.96815753716916E+03	 5.12790853399232E-01
 1.96816027506919E+03	 3.44704251786167E-01
 1.96816301296922E+03	 1.50601645141653E-01
 1.96816575086925E+03	-2.06852970773322E-02
 1.96816848876928E+03	-1.64088790883699E-01
 1.96817122666931E+03	-2.87189327837469E-01
 1.96817396456935E+03	-3.78199564902011E-01
 1.96817670246938E+03	-4.10898962947319E-01
 1.96817944036941E+03	-3.74404763936438E-01
 1.96818217826944E+03	-2.85847091338065E-01
 1.96818491616947E+03	-1.69522136316440E-01
 1.96818765406950E+03	-3.07256565765040E-02
 1.96819039196953E+03	 1.40350218025804E-01
 1.96819312986956E+03	 3.35813311899998E-01
 1.96819586776959E+03	 5.05467638620428E-01
 1.96819860566962E+03	 5.73497407636070E-01
 1.96820134356965E+03	 4.89497067005879E-01
 1.96820408146968E+03	 2.70203782371843E-01
 1.96820681936971E+03	-6.72846176560759E-03
 1.96820955726975E+03	-2.50189112128349E-01
 1.96821229516978E+03	-3.98883833671663E-01
 1.96821503306981E+03	-4.27313926035101E-01
 1.96821777096984E+03	-3.29147857444710E-01
 1.96822050886987E+03	-1.15105276248779E-01
 1.96822324676990E+03	 1.68037892312989E-01
 1.96822598466993E+03	 4.31262728870859E-01
 1.96822872256996E+03	 5.78363429859114E-01
 1.96823146046999E+03	 5.62979045523396E-01
 1.96823419837002E+03	 4.16039939093469E-01
 1.96823693627005E+03	 2.15636251803759E-01
 1.96823967417008E+03	 2.74638182263528E-02
 1.96824241207011E+03	-1.28155633130726E-01
 1.96824514997015E+03	-2.58331155530154E-01
 1.96824788787018E+03	-3.60096306273243E-01
 1.96825062577021E+03	-4.10568412387794E-01
 1.96825336367024E+03	-3.91778192409721E-01
 1.96825610157027E+03	-3.13171158548845E-01
 1.96825883947030E+03	-2.01221933529142E-01
 1.96826157737033E+03	-7.02461200143674E-02
 1.96826431527036E+03	 8.69136596621772E-02
 1.96826705317039E+03	 2.73573679202136E-01
 1.96826979107042E+03	 4.56423507697301E-01
 1.96827252897045E+03	 5.65167675334578E-01
 1.96827526687048E+03	 5.34562075718092E-01
 1.96827800477051E+03	 3.55335842680980E-01
 1.96828074267054E+03	 8.74554534381212E-02
 1.96828348057058E+03	-1.76434495830150E-01
 1.96828621847061E+03	-3.61433427661602E-01
 1.96828895637064E+03	-4.30709425935679E-01
 1.96829169427067E+03	-3.72944157402578E-01
 1.96829443217070E+03	-1.92052060572191E-01
 1.96829717007073E+03	 7.90619749556185E-02
 1.96829990797076E+03	 3.63368971767104E-01
 1.96830264587079E+03	 5.59976018861106E-01
 1.96830538377082E+03	 5.98887608387684E-01
 1.96830812167085E+03	 4.84693007505202E-01
 1.96831085957088E+03	 2.86527124873630E-01
 1.96831359747091E+03	 8.24786003980477E-02
 1.96831633537094E+03	-8.89013028625611E-02
 1.96831907327098E+03	-2.28325664413831E-01
 1.96832181117101E+03	-3.39610611279784E-01
 1.96832454907104E+03	-4.06277879482634E-01
 1.96832728697107E+03	-4.06337058592536E-01
 1.96833002487110E+03	-3.40211652502797E-01
 1.96833276277113E+03	-2.32677630478762E-01
 1.96833550067116E+03	-1.06137637337590E-01
 1.96833823857119E+03	 3.97667228851185E-02
 1.96834097647122E+03	 2.14328365228489E-01
 1.96834371437125E+03	 4.00757283092530E-01
 1.96834645227128E+03	 5.40318904256970E-01
 1.96834919017131E+03	 5.60467533914851E-01
 1.96835192807134E+03	 4.28134132834981E-01
 1.96835466597138E+03	 1.80662894619129E-01
 1.96835740387141E+03	-9.47387576005274E-02
 1.96836014177144E+03	-3.12295220412665E-01
 1.96836287967147E+03	-4.21855402075953E-01
 1.96836561757150E+03	-4.05341472031502E-01
 1.96836835547153E+03	-2.61504945145214E-01
 1.96837109337156E+03	-1.14794203727289E-02
 1.96837383127159E+03	 2.82199535281767E-01
 1.96837656917162E+03	 5.21046605191880E-01
 1.96837930707165E+03	 6.16936157817514E-01
 1.96838204497168E+03	 5.46217405276645E-01
 1.96838478287171E+03	 3.61013534057700E-01
 1.96838752077174E+03	 1.45037842355797E-01
 1.96839025867177E+03	-4.45427612131898E-02
 1.96839299657181E+03	-1.96371534550427E-01
 1.96839573447184E+03	-3.17092082418280E-01
 1.96839847237187E+03	-3.98205969886884E-01
 1.96840121027190E+03	-4.17432133073987E-01
 1.96840394817193E+03	-3.66488664690137E-01
 1.96840668607196E+03	-2.64838381377286E-01
 1.96840942397199E+03	-1.40365340817966E-01
 1.96841216187202E+03	-1.95972535962495E-03
 1.96841489977205E+03	 1.60041687970300E-01
 1.96841763767208E+03	 3.42614841048506E-01
 1.96842037557211E+03	 5.02454934180015E-01
 1.96842311347214E+03	 5.67498753415261E-01
 1.96842585137217E+03	 4.85627256109528E-01
 1.96842858927221E+03	 2.68988091448299E-01
 1.96843132717224E+03	-7.65042994577345E-03
 1.96843406507227E+03	-2.52281946533174E-01
 1.96843680297230E+03	-4.00744566705365E-01
 1.96843954087233E+03	-4.25789518533766E-01
 1.96844227877236E+03	-3.21514530921279E-01
 1.96844501667239E+03	-9.98721684426052E-02
 1.96844775457242E+03	 1.91616451297751E-01
 1.96845049247245E+03	 4.62861925145598E-01
 1.96845323037248E+03	 6.14608543211496E-01
 1.96845596827251E+03	 5.96039423731664E-01
 1.96845870617254E+03	 4.35737451897912E-01
 1.96846144407257E+03	 2.14807842599870E-01
 1.96846418197261E+03	 6.55902559634776E-03
 1.96846691987264E+03	-1.61164911756659E-01
 1.96846965777267E+03	-2.92525356537767E-01
 1.96847239567270E+03	-3.86633794990207E-01
 1.96847513357273E+03	-4.24538688789763E-01
 1.96847787147276E+03	-3.91156211799864E-01
 1.96848060937279E+03	-2.97993645537060E-01
 1.96848334727282E+03	-1.74711135119065E-01
 1.96848608517285E+03	-3.98894585491211E-02
 1.96848882307288E+03	 1.11447411668797E-01
 1.96849156097291E+03	 2.85479814695413E-01
 1.96849429887294E+03	 4.55627632231743E-01
 1.96849703677297E+03	 5.57292599660268E-01
 1.96849977467301E+03	 5.25926996071448E-01
 1.96850251257304E+03	 3.48652529894593E-01
 1.96850525047307E+03	 8.17321387372316E-02
 1.96850798837310E+03	-1.82702147468581E-01
 1.96851072627313E+03	-3.67551596802080E-01
 1.96851346417316E+03	-4.33981972832490E-01
 1.96851620207319E+03	-3.70710604216854E-01
 1.96851893997322E+03	-1.82891353213665E-01
 1.96852167787325E+03	 9.58170819042530E-02
 1.96852441577328E+03	 3.87975347474714E-01
 1.96852715367331E+03	 5.90733210176757E-01
 1.96852989157334E+03	 6.29943935096699E-01
 1.96853262947337E+03	 5.06504517120610E-01
 1.96853536737340E+03	 2.90279491959143E-01
 1.96853810527344E+03	 6.55427415993978E-02
 1.96854084317347E+03	-1.21072952275169E-01
 1.96854358107350E+03	-2.65427704700974E-01
 1.96854631897353E+03	-3.71816532360871E-01
 1.96854905687356E+03	-4.27334325528069E-01
 1.96855179477359E+03	-4.13191931114481E-01
 1.96855453267362E+03	-3.31776390919747E-01
 1.96855727057365E+03	-2.10469872893326E-01
 1.96856000847368E+03	-7.60247540749788E-02
 1.96856274637371E+03	 6.81293786193623E-02
 1.96856548427374E+03	 2.31836552391799E-01
 1.96856822217377E+03	 4.03950616438928E-01
 1.96857096007380E+03	 5.32613534514498E-01
 1.96857369797384E+03	 5.48416422842620E-01
 1.96857643587387E+03	 4.16358987142875E-01
 1.96857917377390E+03	 1.69935190154265E-01
 1.96858191167393E+03	-1.05426992400226E-01
 1.96858464957396E+03	-3.22711038890641E-01
 1.96858738747399E+03	-4.29779098898466E-01
 1.96859012537402E+03	-4.08206248105760E-01
 1.96859286327405E+03	-2.57936743378077E-01
 1.96859560117408E+03	-1.03016927472643E-03
 1.96859833907411E+03	 2.99935404881010E-01
 1.96860107697414E+03	 5.45611067727389E-01
 1.96860381487417E+03	 6.44535519226326E-01
 1.96860655277420E+03	 5.68674471332012E-01
 1.96860929067424E+03	 3.68757956035020E-01
 1.96861202857427E+03	 1.32719662125546E-01
 1.96861476647430E+03	-7.44010962877799E-02
 1.96861750437433E+03	-2.34829518487894E-01
 1.96862024227436E+03	-3.53831184684846E-01
 1.96862298017439E+03	-4.25702715202765E-01
 1.96862571807442E+03	-4.31588806271606E-01
 1.96862845597445E+03	-3.65274994433989E-01
 1.96863119387448E+03	-2.48252276707838E-01
 1.96863393177451E+03	-1.12348477631532E-01
 1.96863666967454E+03	 2.87560188209622E-02
 1.96863940757457E+03	 1.82987545120147E-01
 1.96864214547460E+03	 3.51127849537567E-01
 1.96864488337463E+03	 4.96996995045576E-01
 1.96864762127467E+03	 5.53791645544255E-01
 1.96865035917470E+03	 4.69618176054944E-01
 1.96865309707473E+03	 2.53365354955914E-01
 1.96865583497476E+03	-2.28911314431177E-02
 1.96865857287479E+03	-2.67018922503232E-01
 1.96866131077482E+03	-4.13179740425951E-01
 1.96866404867485E+03	-4.33473139146438E-01
 1.96866678657488E+03	-3.23067492552120E-01
 1.96866952447491E+03	-9.50982966325707E-02
 1.96867226237494E+03	 2.02927764067033E-01
 1.96867500027497E+03	 4.80978349222235E-01
 1.96867773817500E+03	 6.37613931783367E-01
 1.96868047607503E+03	 6.17632164746914E-01
 1.96868321397507E+03	 4.46516244517515E-01
 1.96868595187510E+03	 2.07329962902787E-01
 1.96868868977513E+03	-1.97199065731050E-02
 1.96869142767516E+03	-1.99356372472218E-01
 1.96869416557519E+03	-3.32437715578425E-01
 1.96869690347522E+03	-4.19664304455948E-01
 1.96869964137525E+03	-4.45509035459953E-01
 1.96870237927528E+03	-3.97223063838008E-01
 1.96870511717531E+03	-2.87916478790044E-01
 1.96870785507534E+03	-1.50465084509547E-01
 1.96871059297537E+03	-8.57341975782312E-03
 1.96871333087540E+03	 1.39044142996445E-01
 1.96871606877543E+03	 3.00060876254515E-01
 1.96871880667547E+03	 4.54308469157552E-01
 1.96872154457550E+03	 5.43946942232991E-01
 1.96872428247553E+03	 5.06999141836227E-01
 1.96872702037556E+03	 3.28617816218467E-01
 1.96872975827559E+03	 6.19894479371832E-02
 1.96873249617562E+03	-2.01729613415186E-01
 1.96873523407565E+03	-3.84348132170039E-01
 1.96873797197568E+03	-4.46221827489054E-01
 1.96874070987571E+03	-3.76949226149248E-01
 1.96874344777574E+03	-1.83126961967258E-01
 1.96874618567577E+03	 1.01382611033581E-01
 1.96874892357580E+03	 3.99815278015936E-01
 1.96875166147583E+03	 6.08415807334790E-01
 1.96875439937586E+03	 6.49277913833507E-01
 1.96875713727590E+03	 5.19099867878274E-01
 1.96875987517593E+03	 2.87426675995962E-01
 1.96876261307596E+03	 4.37960344651624E-02
 1.96876535097599E+03	-1.57413666855420E-01
 1.96876808887602E+03	-3.06991246247232E-01
 1.96877082677605E+03	-4.09251712166851E-01
 1.96877356467608E+03	-4.54370004637654E-01
 1.96877630257611E+03	-4.26224651655095E-01
 1.96877904047614E+03	-3.28627755640899E-01
 1.96878177837617E+03	-1.91332133591176E-01
 1.96878451627620E+03	-4.59279502017445E-02
 1.96878725417623E+03	 9.90836179671623E-02
 1.96878999207626E+03	 2.52586082758243E-01
 1.96879272997630E+03	 4.08278903829234E-01
 1.96879546787633E+03	 5.21715939337203E-01
 1.96879820577636E+03	 5.28263652264617E-01
 1.96880094367639E+03	 3.92796089660522E-01
 1.96880368157642E+03	 1.45985184001008E-01
 1.96880641947645E+03	-1.28617395987189E-01
 1.96880915737648E+03	-3.43687104453371E-01
 1.96881189527651E+03	-4.46316169040848E-01
 1.96881463317654E+03	-4.18740279222948E-01
 1.96881737107657E+03	-2.62541818118370E-01
 1.96882010897660E+03	-3.99011123593553E-04
 1.96882284687663E+03	 3.06032399220830E-01
 1.96882558477666E+03	 5.57693880269280E-01
 1.96882832267670E+03	 6.60472814829990E-01
 1.96883106057673E+03	 5.81747218557985E-01
 1.96883379847676E+03	 3.69914299086636E-01
 1.96883653637679E+03	 1.16070676086340E-01
 1.96883927427682E+03	-1.07455727416211E-01
 1.96884201217685E+03	-2.76435949376851E-01
 1.96884475007688E+03	-3.94360945519991E-01
 1.96884748797691E+03	-4.57847815977647E-01
 1.96885022587694E+03	-4.50968616134648E-01
 1.96885296377697E+03	-3.69024658006136E-01
 1.96885570167700E+03	-2.35116922432183E-01
 1.96885843957703E+03	-8.51519419433389E-02
 1.96886117747706E+03	 6.14414912933651E-02
 1.96886391537710E+03	 2.09373410037530E-01
 1.96886665327713E+03	 3.62080162836866E-01
 1.96886939117716E+03	 4.90502881366303E-01
 1.96887212907719E+03	 5.34360719551992E-01
 1.96887486697722E+03	 4.43797346482907E-01
 1.96887760487725E+03	 2.25792989327496E-01
 1.96888034277728E+03	-4.99765252611820E-02
 1.96888308067731E+03	-2.91937142799595E-01
 1.96888581857734E+03	-4.33740912356374E-01
 1.96888855647737E+03	-4.47951831853000E-01
 1.96889129437740E+03	-3.31467715365754E-01
 1.96889403227743E+03	-9.85531308015780E-02
 1.96889677017746E+03	 2.04082006259105E-01
 1.96889950807749E+03	 4.87628255180403E-01
 1.96890224597753E+03	 6.49381021742293E-01
 1.96890498387756E+03	 6.29872750348044E-01
 1.96890772177759E+03	 4.50746928121308E-01
 1.96891045967762E+03	 1.95921376016164E-01
 1.96891319757765E+03	-4.83040613259211E-02
 1.96891593547768E+03	-2.39397710677338E-01
 1.96891867337771E+03	-3.74616982588161E-01
 1.96892141127774E+03	-4.55802039674040E-01
 1.96892414917777E+03	-4.70390758803404E-01
 1.96892688707780E+03	-4.07452876472021E-01
 1.96892962497783E+03	-2.81190884431444E-01
 1.96893236287786E+03	-1.27538697560481E-01
 1.96893510077789E+03	 2.40892474275105E-02
 1.96893783867793E+03	 1.69993630004317E-01
 1.96894057657796E+03	 3.17997659485748E-01
 1.96894331447799E+03	 4.53854356870426E-01
 1.96894605237802E+03	 5.27277590344436E-01
 1.96894879027805E+03	 4.80519424182879E-01
 1.96895152817808E+03	 2.98320635284165E-01
 1.96895426607811E+03	 3.14565858574059E-02
 1.96895700397814E+03	-2.30272827859170E-01
 1.96895974187817E+03	-4.08627774420164E-01
 1.96896247977820E+03	-4.64317808907903E-01
 1.96896521767823E+03	-3.88653072635171E-01
 1.96896795557826E+03	-1.89861969085611E-01
 1.96897069347829E+03	 9.85499023871234E-02
 1.96897343137833E+03	 4.01587722892810E-01
 1.96897616927836E+03	 6.15665913393288E-01
 1.96897890717839E+03	 6.59550331400292E-01
 1.96898164507842E+03	 5.25267278672590E-01
 1.96898438297845E+03	 2.80985880440236E-01
 1.96898712087848E+03	 2.05326296850157E-02
 1.96898985877851E+03	-1.94374805449330E-01
 1.96899259667854E+03	-3.49292142106903E-01
 1.96899533457857E+03	-4.48142873478647E-01
 1.96899807247860E+03	-4.83754863384669E-01
 1.96900081037863E+03	-4.42218663130500E-01
 1.96900354827866E+03	-3.28251151071699E-01
 1.96900628617869E+03	-1.73615683221491E-01
 1.96900902407872E+03	-1.49630710770732E-02
 1.96901176197876E+03	 1.33136442691149E-01
 1.96901449987879E+03	 2.77242191959795E-01
 1.96901723777882E+03	 4.15030544833757E-01
 1.96901997567885E+03	 5.09764807558571E-01
 1.96902271357888E+03	 5.02955310420525E-01
 1.96902545147891E+03	 3.60976980879143E-01
 1.96902818937894E+03	 1.12661483130236E-01
 1.96903092727897E+03	-1.60366052548167E-01
 1.96903366517900E+03	-3.71330844336383E-01
 1.96903640307903E+03	-4.67704677094975E-01
 1.96903914097906E+03	-4.33336054903311E-01
 1.96904187887909E+03	-2.71849354344670E-01
 1.96904461677912E+03	-6.21819194389185E-03
 1.96904735467916E+03	 3.03779168262658E-01
 1.96905009257919E+03	 5.60518098378579E-01
 1.96905283047922E+03	 6.67933738204398E-01
 1.96905556837925E+03	 5.88646808505375E-01
 1.96905830627928E+03	 3.67803208891559E-01
 1.96906104417931E+03	 9.85887646470374E-02
 1.96906378207934E+03	-1.40006861620183E-01
 1.96906651997937E+03	-3.17307758914410E-01
 1.96906925787940E+03	-4.34675363855220E-01
 1.96907199577943E+03	-4.90641542438369E-01
 1.96907473367946E+03	-4.71812998919850E-01
 1.96907747157949E+03	-3.74538066299114E-01
 1.96908020947952E+03	-2.23066560863678E-01
 1.96908294737956E+03	-5.73008519044858E-02
 1.96908568527959E+03	 9.69400928779232E-02
 1.96908842317962E+03	 2.39921796502714E-01
 1.96909116107965E+03	 3.76634753220843E-01
 1.96909389897968E+03	 4.84971846763754E-01
 1.96909663687971E+03	 5.12156521424798E-01
 1.96909937477974E+03	 4.11925144258337E-01
 1.96910211267977E+03	 1.90559154244862E-01
 1.96910485057980E+03	-8.43896465345522E-02
 1.96910758847983E+03	-3.22529661222681E-01
 1.96911032637986E+03	-4.58079927491849E-01
 1.96911306427989E+03	-4.65090278702878E-01
 1.96911580217992E+03	-3.42767000789925E-01
 1.96911854007995E+03	-1.06410500543427E-01
 1.96912127797999E+03	 1.98836783327759E-01
 1.96912401588002E+03	 4.86517004852803E-01
 1.96912675378005E+03	 6.53560178662259E-01
 1.96912949168008E+03	 6.36371700054832E-01
 1.96913222958011E+03	 4.52048155243337E-01
 1.96913496748014E+03	 1.84270794019743E-01
 1.96913770538017E+03	-7.53856503825315E-02
 1.96914044328020E+03	-2.77335214369625E-01
 1.96914318118023E+03	-4.14962118095306E-01
 1.96914591908026E+03	-4.90853563668176E-01
 1.96914865698029E+03	-4.95065956058052E-01
 1.96915139488032E+03	-4.18102884433657E-01
 1.96915413278035E+03	-2.74791809020793E-01
 1.96915687068039E+03	-1.03828301806075E-01
 1.96915960858042E+03	 5.93782855840138E-02
 1.96916234648045E+03	 2.05170523252222E-01
 1.96916508438048E+03	 3.40350835096442E-01
 1.96916782228051E+03	 4.56043309695428E-01
 1.96917056018054E+03	 5.10065969280663E-01
 1.96917329808057E+03	 4.50258465689922E-01
 1.96917603598060E+03	 2.62277917059765E-01
 1.96917877388063E+03	-4.94498887761642E-03
 1.96918151178066E+03	-2.63330282197679E-01
 1.96918424968069E+03	-4.35543334744370E-01
 1.96918698758072E+03	-4.83687532317008E-01
 1.96918972548075E+03	-4.01493673829543E-01
 1.96919246338079E+03	-1.98933974626370E-01
 1.96919520128082E+03	 9.14080806502341E-02
 1.96919793918085E+03	 3.97350679277018E-01
 1.96920067708088E+03	 6.16499505192450E-01
 1.96920341498091E+03	 6.64712135833296E-01
 1.96920615288094E+03	 5.28896383120831E-01
 1.96920889078097E+03	 2.74820982902298E-01
 1.96921162868100E+03	-3.59865053961669E-04
 1.96921436658103E+03	-2.27993787555819E-01
 1.96921710448106E+03	-3.88244558370417E-01
 1.96921984238109E+03	-4.84264384518666E-01
 1.96922258028112E+03	-5.11206291850746E-01
 1.96922531818115E+03	-4.57073779127672E-01
 1.96922805608119E+03	-3.27086924411630E-01
 1.96923079398122E+03	-1.54617374778791E-01
 1.96923353188125E+03	 1.86440144010754E-02
 1.96923626978128E+03	 1.71408174966740E-01
 1.96923900768131E+03	 3.06821507928942E-01
 1.96924174558134E+03	 4.25731548953961E-01
 1.96924448348137E+03	 4.99240527043262E-01
 1.96924722138140E+03	 4.76068797653375E-01
 1.96924995928143E+03	 3.25422734676159E-01
 1.96925269718146E+03	 7.50888864847274E-02
 1.96925543508149E+03	-1.95332719702911E-01
 1.96925817298152E+03	-4.00409896299344E-01
 1.96926091088155E+03	-4.89007723128562E-01
 1.96926364878158E+03	-4.47381798850691E-01
 1.96926638668162E+03	-2.81480101933687E-01
 1.96926912458165E+03	-1.42098279547509E-02
 1.96927186248168E+03	 2.97436883413104E-01
 1.96927460038171E+03	 5.58333725677251E-01
 1.96927733828174E+03	 6.71114226690256E-01
 1.96928007618177E+03	 5.93477322899315E-01
 1.96928281408180E+03	 3.66433909570712E-01
 1.96928555198183E+03	 8.42177402201521E-02
 1.96928828988186E+03	-1.68123364074577E-01
 1.96929102778189E+03	-3.53453254028883E-01
 1.96929376568192E+03	-4.70649547240930E-01
 1.96929650358195E+03	-5.19821354986751E-01
 1.96929924148198E+03	-4.89871577579424E-01
 1.96930197938202E+03	-3.77898761082031E-01
 1.96930471728205E+03	-2.08896583140507E-01
 1.96930745518208E+03	-2.65266915349844E-02
 1.96931019308211E+03	 1.36686758539342E-01
 1.96931293098214E+03	 2.75679340658312E-01
 1.96931566888217E+03	 3.96078975550727E-01
 1.96931840678220E+03	 4.82500363465457E-01
 1.96932114468223E+03	 4.90391850676250E-01
 1.96932388258226E+03	 3.78306975666241E-01
 1.96932662048229E+03	 1.52771821785428E-01
 1.96932935838232E+03	-1.20637779431986E-01
 1.96933209628235E+03	-3.53320621839380E-01
 1.96933483418238E+03	-4.81013490734362E-01
 1.96933757208242E+03	-4.80091699065460E-01
 1.96934030998245E+03	-3.52481633114821E-01
 1.96934304788248E+03	-1.14341791113175E-01
 1.96934578578251E+03	 1.91499932539107E-01
 1.96934852368254E+03	 4.81975095071189E-01
 1.96935126158257E+03	 6.54464778677584E-01
 1.96935399948260E+03	 6.41358403905690E-01
 1.96935673738263E+03	 4.54521477251720E-01
 1.96935947528266E+03	 1.76347696993444E-01
 1.96936221318269E+03	-9.70932927523364E-02
 1.96936495108272E+03	-3.09321736693157E-01
 1.96936768898275E+03	-4.49545841945099E-01
 1.96937042688278E+03	-5.20733199508771E-01
 1.96937316478281E+03	-5.15338621580409E-01
 1.96937590268285E+03	-4.25109487888598E-01
 1.96937864058288E+03	-2.65170710899572E-01
 1.96938137848291E+03	-7.66359433623052E-02
 1.96938411638294E+03	 9.90684208304688E-02
 1.96938685428297E+03	 2.45719592350482E-01
 1.96938959218300E+03	 3.68212618196774E-01
 1.96939233008303E+03	 4.62553472882019E-01
 1.96939506798306E+03	 4.95032609039274E-01
 1.96939780588309E+03	 4.20108611384568E-01
 1.96940054378312E+03	 2.25357889298129E-01
 1.96940328168315E+03	-4.17768147309852E-02
 1.96940601958318E+03	-2.95349548653005E-01
 1.96940875748321E+03	-4.59791170568699E-01
 1.96941149538325E+03	-4.99451634744438E-01
 1.96941423328328E+03	-4.10986996770588E-01
 1.96941697118331E+03	-2.06089488336656E-01
 1.96941970908334E+03	 8.41604443704615E-02
 1.96942244698337E+03	 3.91352828980396E-01
 1.96942518488340E+03	 6.15197061823951E-01
 1.96942792278343E+03	 6.68998739985622E-01
 1.96943066068346E+03	 5.34100055381474E-01
 1.96943339858349E+03	 2.72879616961688E-01
 1.96943613648352E+03	-1.50977599877976E-02
 1.96943887438355E+03	-2.54598227354764E-01
 1.96944161228358E+03	-4.20179559546737E-01
 1.96944435018361E+03	-5.13824525449671E-01
 1.96944708808365E+03	-5.32762635121663E-01
 1.96944982598368E+03	-4.66795748518350E-01
 1.96945256388371E+03	-3.21441530422250E-01
 1.96945530178374E+03	-1.31336179102103E-01
 1.96945803968377E+03	 5.69775005554096E-02
 1.96946077758380E+03	 2.15183712138338E-01
 1.96946351548383E+03	 3.42276503176148E-01
 1.96946625338386E+03	 4.41647815689556E-01
 1.96946899128389E+03	 4.92292232358106E-01
 1.96947172918392E+03	 4.50922539351828E-01
 1.96947446708395E+03	 2.90552915188333E-01
 1.96947720498398E+03	 3.84376388265269E-02
 1.96947994288401E+03	-2.28074068578250E-01
 1.96948268078404E+03	-4.25644105219637E-01
 1.96948541868408E+03	-5.05372770946561E-01
 1.96948815658411E+03	-4.56490288582427E-01
 1.96949089448414E+03	-2.87365243447671E-01
 1.96949363238417E+03	-2.04108363713769E-02
 1.96949637028420E+03	 2.91015064433585E-01
 1.96949910818423E+03	 5.55228033101912E-01
 1.96950184608426E+03	 6.74114070272130E-01
 1.96950458398429E+03	 6.00254575831456E-01
 1.96950732188432E+03	 3.69661279379054E-01
 1.96951005978435E+03	 7.66148319536657E-02
 1.96951279768438E+03	-1.88329442504012E-01
 1.96951553558441E+03	-3.81493160262484E-01
 1.96951827348444E+03	-4.98859350255289E-01
 1.96952101138448E+03	-5.41799080512686E-01
 1.96952374928451E+03	-5.01418007673632E-01
 1.96952648718454E+03	-3.75484489377921E-01
 1.96952922508457E+03	-1.89477279621762E-01
 1.96953196298460E+03	 9.47612142152818E-03
 1.96953470088463E+03	 1.82107255301197E-01
 1.96953743878466E+03	 3.17506835169132E-01
 1.96954017668469E+03	 4.21299460246262E-01
 1.96954291458472E+03	 4.84633339635143E-01
 1.96954565248475E+03	 4.71695694442184E-01
 1.96954839038478E+03	 3.46733775511008E-01
 1.96955112828481E+03	 1.17126638891730E-01
 1.96955386618484E+03	-1.53581209207198E-01
 1.96955660408488E+03	-3.79211694904223E-01
 1.96955934198491E+03	-4.97834016041636E-01
 1.96956207988494E+03	-4.88758502747742E-01
 1.96956481778497E+03	-3.56819938473396E-01
 1.96956755568500E+03	-1.18737413989149E-01
 1.96957029358503E+03	 1.85701735483499E-01
 1.96957303148506E+03	 4.77740603484762E-01
 1.96957576938509E+03	 6.55906933976298E-01
 1.96957850728512E+03	 6.48622015736205E-01
 1.96958124518515E+03	 4.61833457706413E-01
 1.96958398308518E+03	 1.75624988361563E-01
 1.96958672098521E+03	-1.10173808733438E-01
 1.96958945888524E+03	-3.32281257625917E-01
 1.96959219678528E+03	-4.75345934784983E-01
 1.96959493468531E+03	-5.42316264528194E-01
 1.96959767258534E+03	-5.27910431666892E-01
 1.96960041048537E+03	-4.25129432079214E-01
 1.96960314838540E+03	-2.49270636795823E-01
 1.96960588628543E+03	-4.35728508706243E-02
 1.96960862418546E+03	 1.44678435024192E-01
 1.96961136208549E+03	 2.92434039423508E-01
 1.96961409998552E+03	 4.02133730156710E-01
 1.96961683788555E+03	 4.74330560334182E-01
 1.96961957578558E+03	 4.84049451029857E-01
 1.96962231368561E+03	 3.93092349737583E-01
 1.96962505158564E+03	 1.91597234567405E-01
 1.96962778948567E+03	-7.43939684267934E-02
 1.96963052738571E+03	-3.21580485311806E-01
 1.96963326528574E+03	-4.76935081490306E-01
 1.96963600318577E+03	-5.07693665909777E-01
 1.96963874108580E+03	-4.13695864888249E-01
 1.96964147898583E+03	-2.08160332543270E-01
 1.96964421688586E+03	 7.99444213663463E-02
 1.96964695478589E+03	 3.86845009668091E-01
 1.96964969268592E+03	 6.15134801408953E-01
 1.96965243058595E+03	 6.75832687312109E-01
 1.96965516848598E+03	 5.44240798512100E-01
 1.96965790638601E+03	 2.78370009701146E-01
 1.96966064428604E+03	-2.06912102337038E-02
 1.96966338218607E+03	-2.71425176216078E-01
 1.96966612008611E+03	-4.42482752241981E-01
 1.96966885798614E+03	-5.34203586757065E-01
 1.96967159588617E+03	-5.45662134733822E-01
 1.96967433378620E+03	-4.68495766487325E-01
 1.96967707168623E+03	-3.08534154378996E-01
 1.96967980958626E+03	-1.01472176334333E-01
 1.96968254748629E+03	 1.01554478745771E-01
 1.96968528538632E+03	 2.65177724852816E-01
 1.96968802328635E+03	 3.83859445432059E-01
 1.96969076118638E+03	 4.63156054881013E-01
 1.96969349908641E+03	 4.90011586720818E-01
 1.96969623698644E+03	 4.29677017322106E-01
 1.96969897488647E+03	 2.59595021339682E-01
 1.96970171278651E+03	 6.68292697416865E-03
 1.96970445068654E+03	-2.54353435224525E-01
 1.96970718858657E+03	-4.43000329544834E-01
 1.96970992648660E+03	-5.13256767216215E-01
 1.96971266438663E+03	-4.57644714150679E-01
 1.96971540228666E+03	-2.86841351944840E-01
 1.96971814018669E+03	-2.22587597819034E-02
 1.96972087808672E+03	 2.87168136005305E-01
 1.96972361598675E+03	 5.54011267012361E-01
 1.96972635388678E+03	 6.79852777802909E-01
 1.96972909178681E+03	 6.11910751386231E-01
 1.96973182968684E+03	 3.80328522937984E-01
 1.96973456758687E+03	 7.84450584333712E-02
 1.96973730548690E+03	-1.98194368529325E-01
 1.96974004338694E+03	-3.99213218318008E-01
 1.96974278128697E+03	-5.17191741429624E-01
 1.96974551918700E+03	-5.54402546261168E-01
 1.96974825708703E+03	-5.04143535638573E-01
 1.96975099498706E+03	-3.64970873119473E-01
 1.96975373288709E+03	-1.62781316906490E-01
 1.96975647078712E+03	 5.20919891072135E-02
 1.96975920868715E+03	 2.33788265546058E-01
 1.96976194658718E+03	 3.65376601093279E-01
 1.96976468448721E+03	 4.52144855470963E-01
 1.96976742238724E+03	 4.91694791171788E-01
 1.96977016028727E+03	 4.57319772853499E-01
 1.96977289818730E+03	 3.19516085403517E-01
 1.96977563608734E+03	 8.67822327088802E-02
 1.96977837398737E+03	-1.79650343950405E-01
 1.96978111188740E+03	-3.96703977581187E-01
 1.96978384978743E+03	-5.05465021231548E-01
 1.96978658768746E+03	-4.88552622249198E-01
 1.96978932558749E+03	-3.53665685373715E-01
 1.96979206348752E+03	-1.17659896628894E-01
 1.96979480138755E+03	 1.83426685704422E-01
 1.96979753928758E+03	 4.75957996135573E-01
 1.96980027718761E+03	 6.60184860862510E-01
 1.96980301508764E+03	 6.60541022183715E-01
 1.96980575298767E+03	 4.76350188788889E-01
 1.96980849088770E+03	 1.84360517093158E-01
 1.96981122878774E+03	-1.12566552742868E-01
 1.96981396668777E+03	-3.44394019874108E-01
 1.96981670458780E+03	-4.90732706903526E-01
 1.96981944248783E+03	-5.54023029875130E-01
 1.96982218038786E+03	-5.31119556852961E-01
 1.96982491828789E+03	-4.16431110788720E-01
 1.96982765618792E+03	-2.25507986026856E-01
 1.96983039408795E+03	-3.53705432565967E-03
 1.96983313198798E+03	 1.96583744399008E-01
 1.96983586988801E+03	 3.44998364877987E-01
 1.96983860778804E+03	 4.41473113407524E-01
 1.96984134568807E+03	 4.90967862492695E-01
 1.96984408358810E+03	 4.77454938383405E-01
 1.96984682148813E+03	 3.70541509194241E-01
 1.96984955938817E+03	 1.63228613712664E-01
 1.96985229728820E+03	-1.00025104326729E-01
 1.96985503518823E+03	-3.39181316127545E-01
 1.96985777308826E+03	-4.84457014685290E-01
 1.96986051098829E+03	-5.06408265837182E-01
 1.96986324888832E+03	-4.08078126667607E-01
 1.96986598678835E+03	-2.03855269837441E-01
 1.96986872468838E+03	 8.00386347409003E-02
 1.96987146258841E+03	 3.85244509802842E-01
 1.96987420048844E+03	 6.17902569145504E-01
 1.96987693838847E+03	 6.86933172744586E-01
 1.96987967628850E+03	 5.61096543866136E-01
 1.96988241418853E+03	 2.93045927037475E-01
 1.96988515208857E+03	-1.55097228507337E-02
 1.96988788998860E+03	-2.77058906285322E-01
 1.96989062788863E+03	-4.53976940947049E-01
 1.96989336578866E+03	-5.44380147702071E-01
 1.96989610368869E+03	-5.48898963830166E-01
 1.96989884158872E+03	-4.61113998208864E-01
 1.96990157948875E+03	-2.87361159117072E-01
 1.96990431738878E+03	-6.43528255339953E-02
 1.96990705528881E+03	 1.52434012671313E-01
 1.96990979318884E+03	 3.20752110840685E-01
 1.96991253108887E+03	 4.30465534491161E-01
 1.96991526898890E+03	 4.89167750437945E-01
 1.96991800688893E+03	 4.91853063048796E-01
 1.96992074478897E+03	 4.12668341862086E-01
 1.96992348268900E+03	 2.33789307353228E-01
 1.96992622058903E+03	-1.83015724806441E-02
 1.96992895848906E+03	-2.72091921271092E-01
 1.96993169638909E+03	-4.50604891956217E-01
 1.96993443428912E+03	-5.11237802104604E-01
 1.96993717218915E+03	-4.49893838120403E-01
 1.96993991008918E+03	-2.79262049651191E-01
 1.96994264798921E+03	-1.91820071293350E-02
 1.96994538588924E+03	 2.86566272342086E-01
 1.96994812378927E+03	 5.55518271502442E-01
 1.96995086168930E+03	 6.89316328563432E-01
 1.96995359958933E+03	 6.29540808669135E-01
 1.96995633748937E+03	 3.99585627338732E-01
 1.96995907538940E+03	 9.08298802950479E-02
 1.96996181328943E+03	-1.96738858346503E-01
 1.96996455118946E+03	-4.05867031441875E-01
 1.96996728908949E+03	-5.25130590510957E-01
 1.96997002698952E+03	-5.57243320658711E-01
 1.96997276488955E+03	-4.97677882150224E-01
 1.96997550278958E+03	-3.46018902962797E-01
 1.96997824068961E+03	-1.28688130171495E-01
 1.96998097858964E+03	 1.00953875400273E-01
 1.96998371648967E+03	 2.90713771437049E-01
 1.96998645438970E+03	 4.17729113781292E-01
 1.96998919228973E+03	 4.86895072685713E-01
 1.96999193018976E+03	 5.02307908528961E-01
 1.96999466808980E+03	 4.46626789962673E-01
 1.96999740598983E+03	 2.96879538662784E-01
 1.97000014388986E+03	 6.26535683821161E-02
 1.97000288178989E+03	-1.97609200814568E-01
 1.97000561968992E+03	-4.04641821505175E-01
 1.97000835758995E+03	-5.03114371033380E-01
 1.97001109548998E+03	-4.79124850274414E-01
 1.97001383339001E+03	-3.43000771253131E-01
 1.97001657129004E+03	-1.11217663933223E-01
 1.97001930919007E+03	 1.84617100641301E-01
 1.97002204709010E+03	 4.76704985525710E-01
 1.97002478499013E+03	 6.67519535108256E-01
 1.97002752289016E+03	 6.77463795921248E-01
 1.97003026079020E+03	 4.98530748808389E-01
 1.97003299869023E+03	 2.03078998743744E-01
 1.97003573659026E+03	-1.03784561982478E-01
 1.97003847449029E+03	-3.45344256777895E-01
 1.97004121239032E+03	-4.95642776111714E-01
 1.97004395029035E+03	-5.56013204480360E-01
 1.97004668819038E+03	-5.25247779617662E-01
 1.97004942609041E+03	-3.99364984383254E-01
 1.97005216399044E+03	-1.94394119902471E-01
 1.97005490189047E+03	 4.25830721908864E-02
 1.97005763979050E+03	 2.53326562572724E-01
 1.97006037769053E+03	 4.01391768463129E-01
 1.97006311559056E+03	 4.83923487696322E-01
 1.97006585349060E+03	 5.10322940254442E-01
 1.97006859139063E+03	 4.73691699726118E-01
 1.97007132929066E+03	 3.51686239990367E-01
 1.97007406719069E+03	 1.40188708819201E-01
 1.97007680509072E+03	-1.18324481545568E-01
 1.97007954299075E+03	-3.47768605808710E-01
 1.97008228089078E+03	-4.82232997650880E-01
 1.97008501879081E+03	-4.95855814988589E-01
 1.97008775669084E+03	-3.94719213336036E-01
 1.97009049459087E+03	-1.93916432095993E-01
 1.97009323249090E+03	 8.37090950419019E-02
 1.97009597039093E+03	 3.85912535178713E-01
 1.97009870829096E+03	 6.22971884306888E-01
 1.97010144619099E+03	 7.01881596960124E-01
 1.97010418409103E+03	 5.84377092212604E-01
 1.97010692199106E+03	 3.16753726754020E-01
 1.97010965989109E+03	 3.68961618380606E-04
 1.97011239779112E+03	-2.71641132792394E-01
 1.97011513569115E+03	-4.55016158159317E-01
 1.97011787359118E+03	-5.44982695789843E-01
 1.97012061149121E+03	-5.43328552946904E-01
 1.97012334939124E+03	-4.45656757546918E-01
 1.97012608729127E+03	-2.59091732962385E-01
 1.97012882519130E+03	-2.14508639043598E-02
 1.97013156309133E+03	 2.07659414547245E-01
 1.97013430099136E+03	 3.79409490376005E-01
 1.97013703889139E+03	 4.79236298933311E-01
 1.97013977679143E+03	 5.16844949171770E-01
 1.97014251469146E+03	 4.95414094350415E-01
 1.97014525259149E+03	 3.98185474119596E-01
 1.97014799049152E+03	 2.12115314772401E-01
 1.97015072839155E+03	-3.70706445643206E-02
 1.97015346629158E+03	-2.81706285465381E-01
 1.97015620419161E+03	-4.49027200926557E-01
 1.97015894209164E+03	-5.00189378050433E-01
 1.97016167999167E+03	-4.34399004391775E-01
 1.97016441789170E+03	-2.65946936317561E-01
 1.97016715579173E+03	-1.25171377971639E-02
 1.97016989369176E+03	 2.87930419078918E-01
 1.97017263159179E+03	 5.58532959957680E-01
 1.97017536949183E+03	 7.01348838593705E-01
 1.97017810739186E+03	 6.52089741204575E-01
 1.97018084529189E+03	 4.26542339059847E-01
 1.97018358319192E+03	 1.13051418306003E-01
 1.97018632109195E+03	-1.84613326237197E-01
 1.97018905899198E+03	-4.02218717119327E-01
 1.97019179689201E+03	-5.23703730461354E-01
 1.97019453479204E+03	-5.51651067837671E-01
 1.97019727269207E+03	-4.83601670291471E-01
 1.97020001059210E+03	-3.20424646987762E-01
 1.97020274849213E+03	-8.92726364249975E-02
 1.97020548639216E+03	 1.53571340632406E-01
 1.97020822429219E+03	 3.49896466473218E-01
 1.97021096219222E+03	 4.71184602823866E-01
 1.97021370009226E+03	 5.22086010334973E-01
 1.97021643799229E+03	 5.13312457393144E-01
 1.97021917589232E+03	 4.37045737556352E-01
 1.97022191379235E+03	 2.76904141581564E-01
 1.97022465169238E+03	 4.33131159677009E-02
 1.97022738959241E+03	-2.08671405607686E-01
 1.97023012749244E+03	-4.04294125915177E-01
 1.97023286539247E+03	-4.92265260477891E-01
 1.97023560329250E+03	-4.62184493157400E-01
 1.97023834119253E+03	-3.26664172698787E-01
 1.97024107909256E+03	-1.01265317890580E-01
 1.97024381699259E+03	 1.87454321933594E-01
 1.97024655489262E+03	 4.78178865317295E-01
 1.97024929279266E+03	 6.76097790099527E-01
 1.97025203069269E+03	 6.97607072795865E-01
 1.97025476859272E+03	 5.26729761854092E-01
 1.97025750649275E+03	 2.30361489639573E-01
 1.97026024439278E+03	-8.50520260611544E-02
 1.97026298229281E+03	-3.36329501798091E-01
 1.97026572019284E+03	-4.91459491071166E-01
 1.97026845809287E+03	-5.49991945598993E-01
 1.97027119599290E+03	-5.12338193148683E-01
 1.97027393389293E+03	-3.76272492493870E-01
 1.97027667179296E+03	-1.58572871388393E-01
 1.97027940969299E+03	 9.17635806908956E-02
 1.97028214759302E+03	 3.11430548677574E-01
 1.97028488549306E+03	 4.57743206298923E-01
 1.97028762339309E+03	 5.25461919448869E-01
 1.97029036129312E+03	 5.28571211293990E-01
 1.97029309919315E+03	 4.69428176758118E-01
 1.97029583709318E+03	 3.33794217554042E-01
 1.97029857499321E+03	 1.20240672711747E-01
 1.97030131289324E+03	-1.31265444145242E-01
 1.97030405079327E+03	-3.49292315404631E-01
 1.97030678869330E+03	-4.72340818772528E-01
 1.97030952659333E+03	-4.78264804643342E-01
 1.97031226449336E+03	-3.75922935407259E-01
 1.97031500239339E+03	-1.80631795010697E-01
 1.97031774029342E+03	 8.87092809963078E-02
 1.97032047819346E+03	 3.86587708655027E-01
 1.97032321609349E+03	 6.27995944996874E-01
 1.97032595399352E+03	 7.18257511706696E-01
 1.97032869189355E+03	 6.11715546502654E-01
 1.97033142979358E+03	 3.47345437964480E-01
 1.97033416769361E+03	 2.50845028007709E-02
 1.97033690559364E+03	-2.56850671613716E-01
 1.97033964349367E+03	-4.47329339496078E-01
 1.97034238139370E+03	-5.38013167443143E-01
 1.97034511929373E+03	-5.31335769508684E-01
 1.97034785719376E+03	-4.24892987903605E-01
 1.97035059509379E+03	-2.26856682501500E-01
 1.97035333299382E+03	 2.37190722573864E-02
 1.97035607089385E+03	 2.63291647683140E-01
 1.97035880879389E+03	 4.36826268166690E-01
 1.97036154669392E+03	 5.25657615115358E-01
 1.97036428459395E+03	 5.41793944288009E-01
 1.97036702249398E+03	 4.96712412838784E-01
 1.97036976039401E+03	 3.82792333385754E-01
 1.97037249829404E+03	 1.91620575168824E-01
 1.97037523619407E+03	-5.22869784327294E-02
 1.97037797409410E+03	-2.85780817924648E-01
 1.97038071199413E+03	-4.40907500546708E-01
 1.97038344989416E+03	-4.82826357642349E-01
 1.97038618779419E+03	-4.13879791354237E-01
 1.97038892569422E+03	-2.49540655909706E-01
 1.97039166359425E+03	-4.82887576729516E-03
 1.97039440149429E+03	 2.88680233310120E-01
 1.97039713939432E+03	 5.60329471408289E-01
 1.97039987729435E+03	 7.13033080212386E-01
 1.97040261519438E+03	 6.76560585264912E-01
 1.97040535309441E+03	 4.58342461456404E-01
 1.97040809099444E+03	 1.42573065535554E-01
 1.97041082889446E+03	-1.64036382614184E-01
 1.97041356679450E+03	-3.90366052463636E-01
 1.97041630469453E+03	-5.15164601195399E-01
 1.97041904259456E+03	-5.40244169179114E-01
 1.97042178049459E+03	-4.64976664867981E-01
 1.97042451839462E+03	-2.91685618463028E-01
 1.97042725629465E+03	-4.84542393021898E-02
 1.97042999419469E+03	 2.05602078975538E-01
 1.97043273209472E+03	 4.06616366874823E-01
 1.97043546999475E+03	 5.20810737415549E-01
 1.97043820789478E+03	 5.52851272240567E-01
 1.97044094579481E+03	 5.20190020946363E-01
 1.97044368369484E+03	 4.24558504501036E-01
 1.97044642159487E+03	 2.56038334491614E-01
 1.97044915949490E+03	 2.55087335086596E-02
 1.97045189739493E+03	-2.15979335676836E-01
 1.97045463529496E+03	-3.98809655568380E-01
 1.97045737319499E+03	-4.76077062271409E-01
 1.97046011109502E+03	-4.40821704297501E-01
 1.97046284899505E+03	-3.07592779710021E-01
 1.97046558689508E+03	-9.05890407518409E-02
 1.97046832479512E+03	 1.89174739054833E-01
 1.97047106269515E+03	 4.77443353909590E-01
 1.97047380059518E+03	 6.82682972660901E-01
 1.97047653849521E+03	 7.17490742135982E-01
 1.97047927639524E+03	 5.57462327959515E-01
 1.97048201429527E+03	 2.62996141850771E-01
 1.97048475219530E+03	-5.91773729846751E-02
 1.97048749009533E+03	-3.19863130576232E-01
 1.97049022799536E+03	-4.80680914096052E-01
 1.97049296589539E+03	-5.38732569090029E-01
 1.97049570379542E+03	-4.95615256356766E-01
 1.97049844169545E+03	-3.50875814427516E-01
 1.97050117959548E+03	-1.22246192447041E-01
 1.97050391749552E+03	 1.39353632921797E-01
 1.97050665539555E+03	 3.65859635656730E-01
 1.97050939329558E+03	 5.08786503482912E-01
 1.97051213119561E+03	 5.60848958863339E-01
 1.97051486909564E+03	 5.40774336360824E-01
 1.97051760699567E+03	 4.60192101088717E-01
 1.97052034489570E+03	 3.12845863181167E-01
 1.97052308279573E+03	 9.96660419285362E-02
 1.97052582069576E+03	-1.42444499884211E-01
 1.97052855859579E+03	-3.47331031402558E-01
 1.97053129649582E+03	-4.58327919602977E-01
 1.97053403439585E+03	-4.57050154172122E-01
 1.97053677229588E+03	-3.54866341368266E-01
 1.97053951019592E+03	-1.66931985318945E-01
 1.97054224809595E+03	 9.22102108085367E-02
 1.97054498599598E+03	 3.84287622445910E-01
 1.97054772389601E+03	 6.29615082695406E-01
 1.97055046179604E+03	 7.32289363040356E-01
 1.97055319969607E+03	 6.39138327588939E-01
 1.97055593759610E+03	 3.80990603580374E-01
 1.97055867549613E+03	 5.52179323464656E-02
 1.97056141339616E+03	-2.35669846644388E-01
 1.97056415129619E+03	-4.33686225810240E-01
 1.97056688919622E+03	-5.26360953124750E-01
 1.97056962709625E+03	-5.16201543353672E-01
 1.97057236499628E+03	-4.02625590517388E-01
 1.97057510289632E+03	-1.94995151576971E-01
 1.97057784079635E+03	 6.63236117365894E-02
 1.97058057869638E+03	 3.14085802738240E-01
 1.97058331659641E+03	 4.87503366849722E-01
 1.97058605449644E+03	 5.64223364482881E-01
 1.97058879239647E+03	 5.58773894817310E-01
 1.97059153029650E+03	 4.90950689158364E-01
 1.97059426819653E+03	 3.62139028376534E-01
 1.97059700609656E+03	 1.68258748516440E-01
 1.97059974399659E+03	-6.78742477155453E-02
 1.97060248189662E+03	-2.88220152528566E-01
 1.97060521979665E+03	-4.30105620989541E-01
 1.97060795769668E+03	-4.62835838008941E-01
 1.97061069559671E+03	-3.91709781441952E-01
 1.97061343349675E+03	-2.33062870871982E-01
 1.97061617139678E+03	 1.07885854463286E-03
 1.97061890929681E+03	 2.85930078949973E-01
 1.97062164719684E+03	 5.57619826737453E-01
 1.97062438509687E+03	 7.20524823747079E-01
 1.97062712299690E+03	 6.98684292404644E-01
 1.97062986089693E+03	 4.90656139566537E-01
 1.97063259879696E+03	 1.75392358779132E-01
 1.97063533669699E+03	-1.38498230391739E-01
 1.97063807459702E+03	-3.73398359945046E-01
 1.97064081249705E+03	-5.02520508750359E-01
 1.97064355039708E+03	-5.26291543932114E-01
 1.97064628829711E+03	-4.45560328960340E-01
 1.97064902619715E+03	-2.64127025368154E-01
 1.97065176409718E+03	-1.11015870654041E-02
 1.97065450199721E+03	 2.51724262380655E-01
 1.97065723989724E+03	 4.55261618313496E-01
 1.97065997779727E+03	 5.60951476116750E-01
 1.97066271569730E+03	 5.73767562906356E-01
 1.97066545359733E+03	 5.17945991316657E-01
 1.97066819149736E+03	 4.04622746226811E-01
 1.97067092939739E+03	 2.30053253276032E-01
 1.97067366729742E+03	 5.13252252882469E-03
 1.97067640519745E+03	-2.23637543052305E-01
 1.97067914309748E+03	-3.92263157114099E-01
 1.97068188099751E+03	-4.58443375552236E-01
 1.97068461889755E+03	-4.18564722288872E-01
 1.97068735679758E+03	-2.88858403187440E-01
 1.97069009469761E+03	-8.19088414989702E-02
 1.97069283259764E+03	 1.87097914239156E-01
 1.97069557049767E+03	 4.71454694868464E-01
 1.97069830839770E+03	 6.83581729447087E-01
 1.97070104629773E+03	 7.32780836710685E-01
 1.97070378419776E+03	 5.86078588056562E-01
 1.97070652209779E+03	 2.96484212692688E-01
 1.97070925999782E+03	-3.01620365037157E-02
 1.97071199789785E+03	-2.99403465123236E-01
 1.97071473579788E+03	-4.66466525379969E-01
 1.97071747369791E+03	-5.25467057080534E-01
 1.97072021159794E+03	-4.78698620015809E-01
 1.97072294949798E+03	-3.27347920193044E-01
 1.97072568739801E+03	-9.01639998880437E-02
 1.97072842529804E+03	 1.80103632505403E-01
 1.97073116319807E+03	 4.11027266914108E-01
 1.97073390109810E+03	 5.48844926884292E-01
 1.97073663899813E+03	 5.84603740898578E-01
 1.97073937689816E+03	 5.41866495261714E-01
 1.97074211479819E+03	 4.41382294445412E-01
 1.97074485269822E+03	 2.84574321248398E-01
 1.97074759059825E+03	 7.43232307747379E-02
 1.97075032849828E+03	-1.56023213057096E-01
 1.97075306639831E+03	-3.46055540237617E-01
 1.97075580429834E+03	-4.44210729895123E-01
 1.97075854219838E+03	-4.35846665776067E-01
 1.97076128009841E+03	-3.34647881364100E-01
 1.97076401799844E+03	-1.55423977316374E-01
 1.97076675589847E+03	 9.18035093924341E-02
 1.97076949379850E+03	 3.76346085972750E-01
 1.97077223169853E+03	 6.24491624038587E-01
 1.97077496959856E+03	 7.39823843557867E-01
 1.97077770749859E+03	 6.61903091386840E-01
 1.97078044539862E+03	 4.12845140392371E-01
 1.97078318329865E+03	 8.63059585234699E-02
 1.97078592119868E+03	-2.11954930804155E-01
 1.97078865909871E+03	-4.17449089052701E-01
 1.97079139699874E+03	-5.13236434374920E-01
 1.97079413489878E+03	-5.01358558315344E-01
 1.97079687279881E+03	-3.82766400677416E-01
 1.97079961069884E+03	-1.67994211799218E-01
 1.97080234859887E+03	 1.01339948949226E-01
 1.97080508649890E+03	 3.54631068854874E-01
 1.97080782439893E+03	 5.25884434065101E-01
 1.97081056229896E+03	 5.89526494243973E-01
 1.97081330019899E+03	 5.62773093913809E-01
 1.97081603809902E+03	 4.73596132419324E-01
 1.97081877599905E+03	 3.32058309563449E-01
 1.97082151389908E+03	 1.38004131149486E-01
 1.97082425179911E+03	-8.78990972731117E-02
 1.97082698969914E+03	-2.93154443893503E-01
 1.97082972759917E+03	-4.20656915983198E-01
 1.97083246549921E+03	-4.43897475169989E-01
 1.97083520339924E+03	-3.70990330787896E-01
 1.97083794129927E+03	-2.19000894624680E-01
 1.97084067919930E+03	 3.09489108244679E-03
 1.97084341709933E+03	 2.77474500670512E-01
 1.97084615499936E+03	 5.47586877267791E-01
 1.97084889289939E+03	 7.20086456779634E-01
 1.97085163079942E+03	 7.13881298375024E-01
 1.97085436869945E+03	 5.18501997240237E-01
 1.97085710659948E+03	 2.06695902197899E-01
 1.97085984449951E+03	-1.12241112397920E-01
 1.97086258239954E+03	-3.54926779405977E-01
 1.97086532029957E+03	-4.89003993017498E-01
 1.97086805819961E+03	-5.13034102731633E-01
 1.97087079609964E+03	-4.28935467245629E-01
 1.97087353399967E+03	-2.41854809168066E-01
 1.97087627189970E+03	 1.81348819662645E-02
 1.97087900979973E+03	 2.86856124488370E-01
 1.97088174769976E+03	 4.90545044044047E-01
 1.97088448559979E+03	 5.86411323953494E-01
 1.97088722349982E+03	 5.80003149728035E-01
 1.97088996139985E+03	 5.02236503253749E-01
 1.97089269929988E+03	 3.73297520139952E-01
 1.97089543719991E+03	 1.95180058835712E-01
 1.97089817509994E+03	-2.16351526006900E-02
 1.97090091299997E+03	-2.35587601831795E-01
 1.97090365090001E+03	-3.88585952988515E-01
 1.97090638880004E+03	-4.43008221443711E-01
 1.97090912670007E+03	-3.98485814852605E-01
 1.97091186460010E+03	-2.72833524761014E-01
 1.97091460250013E+03	-7.70487252195747E-02
 1.97091734040016E+03	 1.79508819323867E-01
 1.97092007830019E+03	 4.58025508816036E-01
 1.97092281620022E+03	 6.75671634627310E-01
 1.97092555410025E+03	 7.39317692129718E-01
 1.97092829200028E+03	 6.07708650853443E-01
 1.97093102990031E+03	 3.25836140370158E-01
 1.97093376780034E+03	-2.56639514080789E-03
 1.97093650570037E+03	-2.78830183098577E-01
 1.97093924360041E+03	-4.52124929403175E-01
 1.97094198150044E+03	-5.13276638428996E-01
 1.97094471940047E+03	-4.64819638814911E-01
 1.97094745730050E+03	-3.09333591252334E-01
 1.97095019520053E+03	-6.64823824539646E-02
 1.97095293310056E+03	 2.09404770950037E-01
 1.97095567100059E+03	 4.42064376985855E-01
 1.97095840890062E+03	 5.73075854240714E-01
 1.97096114680065E+03	 5.92201319766061E-01
 1.97096388470068E+03	 5.27807413345054E-01
 1.97096662260071E+03	 4.09398169620970E-01
 1.97096936050074E+03	 2.45594222508202E-01
 1.97097209840077E+03	 4.07830965980915E-02
 1.97097483630080E+03	-1.75603933512235E-01
 1.97097757420084E+03	-3.49155851717684E-01
 1.97098031210087E+03	-4.33496686925426E-01
 1.97098305000090E+03	-4.17648854680048E-01
 1.97098578790093E+03	-3.17528785776218E-01
 1.97098852580096E+03	-1.47677873826142E-01
 1.97099126370099E+03	 8.62454859446724E-02
 1.97099400160102E+03	 3.61251431665134E-01
 1.97099673950105E+03	 6.10261663700703E-01
 1.97099947740108E+03	 7.37352571149083E-01
 1.97100221530111E+03	 6.75516883996343E-01
 1.97100495320114E+03	 4.37968742320681E-01
 1.97100769110117E+03	 1.13600029394287E-01
 1.97101042900120E+03	-1.89828718654367E-01
 1.97101316690124E+03	-4.02045254316704E-01
 1.97101590480127E+03	-5.01615384594390E-01
 1.97101864270130E+03	-4.89706226398807E-01
 1.97102138060133E+03	-3.68463869840200E-01
 1.97102411850136E+03	-1.49429495845393E-01
 1.97102685640139E+03	 1.24753729356335E-01
 1.97102959430142E+03	 3.80615324372381E-01
 1.97103233220145E+03	 5.47618864513368E-01
 1.97103507010148E+03	 5.97475195442833E-01
 1.97103780800151E+03	 5.50164540423051E-01
 1.97104054590154E+03	 4.41489940077760E-01
 1.97104328380157E+03	 2.89657019298571E-01
 1.97104602170160E+03	 9.79454423874363E-02
 1.97104875960164E+03	-1.15480760490745E-01
 1.97105149750167E+03	-3.03888501936251E-01
 1.97105423540170E+03	-4.15813214206472E-01
 1.97105697330173E+03	-4.28857667602044E-01
 1.97105971120176E+03	-3.53861825288122E-01
 1.97106244910179E+03	-2.08712355604934E-01
 1.97106518700182E+03	 3.90741533366160E-04
 1.97106792490185E+03	 2.62461518601759E-01
 1.97107066280188E+03	 5.28699344605479E-01
 1.97107340070191E+03	 7.09041410872918E-01
 1.97107613860194E+03	 7.18289430428597E-01
 1.97107887650197E+03	 5.37245804961224E-01
 1.97108161440200E+03	 2.31734916303839E-01
 1.97108435230203E+03	-8.95486127959058E-02
 1.97108709020207E+03	-3.38508195067430E-01
 1.97108982810210E+03	-4.77542256007691E-01
 1.97109256600213E+03	-5.03089672561583E-01
 1.97109530390216E+03	-4.17763362144593E-01
 1.97109804180219E+03	-2.27821624360329E-01
 1.97110077970222E+03	 3.59227047723261E-02
 1.97110351760225E+03	 3.07359767526187E-01
 1.97110625550228E+03	 5.08736736977627E-01
 1.97110899340231E+03	 5.93653698321795E-01
 1.97111173130234E+03	 5.68448967432204E-01
 1.97111446920237E+03	 4.70434390178694E-01
 1.97111720710240E+03	 3.28271572066731E-01
 1.97111994500243E+03	 1.49131202583807E-01
 1.97112268290247E+03	-5.73022444104812E-02
 1.97112542080250E+03	-2.54608257144546E-01
 1.97112815870253E+03	-3.90643442561560E-01
 1.97113089660256E+03	-4.32377258773172E-01
 1.97113363450259E+03	-3.82572858421826E-01
 1.97113637240262E+03	-2.60697377249542E-01
 1.97113911030265E+03	-7.64984515074355E-02
 1.97114184820268E+03	 1.66147161290614E-01
 1.97114458610271E+03	 4.36458466771703E-01
 1.97114732400274E+03	 6.57218837637842E-01
 1.97115006190277E+03	 7.34083883971402E-01
 1.97115279980280E+03	 6.18285870754498E-01
 1.97115553770283E+03	 3.46534371640133E-01
 1.97115827560287E+03	 1.93067840432411E-02
 1.97116101350290E+03	-2.61792903738641E-01
 1.97116375140293E+03	-4.40573602328837E-01
 1.97116648930296E+03	-5.04562023197826E-01
 1.97116922720299E+03	-4.56198156755718E-01
 1.97117196510302E+03	-2.99165127635415E-01
 1.97117470300305E+03	-5.38066461944134E-02
 1.97117744090308E+03	 2.24378319471475E-01
 1.97118017880311E+03	 4.55970176319215E-01
 1.97118291670314E+03	 5.78609594872407E-01
 1.97118565460317E+03	 5.81148469091167E-01
 1.97118839250320E+03	 4.96580926213183E-01
 1.97119113040323E+03	 3.62581675564998E-01
 1.97119386830326E+03	 1.94323297215574E-01
 1.97119660620330E+03	-2.74590118038799E-03
 1.97119934410333E+03	-2.03311622134262E-01
 1.97120208200336E+03	-3.58977623085857E-01
 1.97120481990339E+03	-4.28440030980620E-01
 1.97120755780342E+03	-4.04234164126080E-01
 1.97121029570345E+03	-3.04523451976642E-01
 1.97121303360348E+03	-1.43922865668259E-01
 1.97121577150351E+03	 7.57644423160693E-02
 1.97121850940354E+03	 3.39075223285821E-01
 1.97122124730357E+03	 5.86165790934841E-01
 1.97122398520360E+03	 7.22853040657814E-01
 1.97122672310363E+03	 6.76717442383509E-01
 1.97122946100366E+03	 4.52327034718622E-01
 1.97123219890370E+03	 1.32971001317479E-01
 1.97123493680373E+03	-1.72941119270280E-01
 1.97123767470376E+03	-3.90385165467265E-01
 1.97124041260379E+03	-4.93740466236114E-01
 1.97124315050382E+03	-4.83091435811912E-01
 1.97124588840385E+03	-3.61472625719762E-01
 1.97124862630388E+03	-1.41179015984868E-01
 1.97125136420391E+03	 1.34489820772041E-01
 1.97125410210394E+03	 3.89845271962336E-01
 1.97125684000397E+03	 5.50597199318023E-01
 1.97125957790400E+03	 5.86279446212157E-01
 1.97126231580403E+03	 5.19612188276905E-01
 1.97126505370406E+03	 3.93681882511370E-01
 1.97126779160410E+03	 2.34115066488043E-01
 1.97127052950413E+03	 4.70848937155223E-02
 1.97127326740416E+03	-1.51984972280955E-01
 1.97127600530419E+03	-3.22123338493803E-01
 1.97127874320422E+03	-4.17356988064818E-01
 1.97128148110425E+03	-4.19200582081673E-01
 1.97128421900428E+03	-3.41158332255442E-01
 1.97128695690431E+03	-2.02228148338814E-01
 1.97128969480434E+03	-6.43396923806996E-03
 1.97129243270437E+03	 2.41615366483375E-01
 1.97129517060440E+03	 5.01125888681382E-01
 1.97129790850443E+03	 6.86432602222267E-01
 1.97130064640446E+03	 7.09635300060755E-01
 1.97130338430450E+03	 5.43580589100789E-01
 1.97130612220453E+03	 2.46780135890850E-01
 1.97130886010456E+03	-7.39246605062884E-02
 1.97131159800459E+03	-3.27000453054557E-01
 1.97131433590462E+03	-4.70254773208913E-01
 1.97131707380465E+03	-4.98005829555112E-01
 1.97131981170468E+03	-4.13292583052860E-01
 1.97132254960471E+03	-2.23220157008460E-01
 1.97132528750474E+03	 4.09903284055248E-02
 1.97132802540477E+03	 3.11889678869044E-01
 1.97133076330480E+03	 5.08553994447307E-01
 1.97133350120483E+03	 5.81662992469943E-01
 1.97133623910486E+03	 5.38506685385068E-01
 1.97133897700489E+03	 4.22337009789670E-01
 1.97134171490493E+03	 2.69520907852624E-01
 1.97134445280496E+03	 9.17503649098348E-02
 1.97134719070499E+03	-1.02398976325129E-01
 1.97134992860502E+03	-2.81650206628639E-01
 1.97135266650505E+03	-3.99627562259704E-01
 1.97135540440508E+03	-4.27640329457340E-01
 1.97135814230511E+03	-3.71432604706591E-01
 1.97136088020514E+03	-2.52315515345317E-01
 1.97136361810517E+03	-7.93970928766653E-02
 1.97136635600520E+03	 1.48243922547631E-01
 1.97136909390523E+03	 4.07737302690391E-01
 1.97137183180526E+03	 6.28317125798328E-01
 1.97137456970529E+03	 7.15905554760400E-01
 1.97137730760533E+03	 6.15437986131433E-01
 1.97138004550536E+03	 3.55484234869510E-01
 1.97138278340539E+03	 3.22878700033325E-02
 1.97138552130542E+03	-2.50999433766474E-01
 1.97138825920545E+03	-4.33804804687929E-01
 1.97139099710548E+03	-5.00631913267910E-01
 1.97139373500551E+03	-4.53661766985185E-01
 1.97139647290554E+03	-2.97425148295439E-01
 1.97139921080557E+03	-5.26478846062593E-02
 1.97140194870560E+03	 2.24524079516676E-01
 1.97140468660563E+03	 4.52320825302280E-01
 1.97140742450566E+03	 5.65253289353130E-01
 1.97141016240569E+03	 5.51627658579254E-01
 1.97141290030573E+03	 4.48757972953615E-01
 1.97141563820576E+03	 3.01718661488075E-01
 1.97141837610579E+03	 1.31465733757523E-01
 1.97142111400582E+03	-5.59151001336512E-02
 1.97142385190585E+03	-2.39269323041750E-01
 1.97142658980588E+03	-3.76017366843766E-01
 1.97142932770591E+03	-4.29628004323925E-01
 1.97143206560594E+03	-3.95907606935815E-01
 1.97143480350597E+03	-2.95328588291374E-01
 1.97143754140600E+03	-1.43120987407833E-01
 1.97144027930603E+03	 6.19466815149422E-02
 1.97144301720606E+03	 3.11456551809383E-01
 1.97144575510609E+03	 5.53254943898594E-01
 1.97144849300612E+03	 6.96275633285026E-01
 1.97145123090616E+03	 6.64211976513284E-01
 1.97145396880619E+03	 4.53674606426112E-01
 1.97145670670622E+03	 1.41793601977257E-01
 1.97145944460625E+03	-1.63706518457516E-01
 1.97146218250628E+03	-3.84283194229677E-01
 1.97146492040631E+03	-4.90712829528214E-01
 1.97146765830634E+03	-4.82002066468970E-01
 1.97147039620637E+03	-3.61860360251255E-01
 1.97147313410640E+03	-1.43072845201388E-01
 1.97147587200643E+03	 1.30847951480774E-01
 1.97147860990646E+03	 3.82748432111058E-01
 1.97148134780649E+03	 5.35468102260938E-01
 1.97148408570652E+03	 5.56926652189667E-01
 1.97148682360656E+03	 4.72472521568885E-01
 1.97148956150659E+03	 3.31764218813921E-01
 1.97149229940662E+03	 1.66990607280863E-01
 1.97149503730665E+03	-1.33398805376139E-02
 1.97149777520668E+03	-1.96664166023684E-01
 1.97150051310671E+03	-3.47580415544743E-01
 1.97150325100674E+03	-4.25270784425660E-01
 1.97150598890677E+03	-4.14837436850453E-01
 1.97150872680680E+03	-3.32367973657618E-01
 1.97151146470683E+03	-1.98379228195294E-01
 1.97151420260686E+03	-1.55715467457597E-02
 1.97151694050689E+03	 2.17049150106476E-01
 1.97151967840692E+03	 4.66717836732475E-01
 1.97152241630696E+03	 6.53272573318046E-01
 1.97152515420699E+03	 6.87769708736466E-01
 1.97152789210702E+03	 5.36277168444468E-01
 1.97153063000705E+03	 2.49956595842419E-01
 1.97153336790708E+03	-6.73158468851160E-02
 1.97153610580711E+03	-3.21943567139052E-01
 1.97153884370714E+03	-4.68026781228189E-01
 1.97154158160717E+03	-4.97991982863116E-01
 1.97154431950720E+03	-4.15174953809597E-01
 1.97154705740723E+03	-2.27303753297346E-01
 1.97154979530726E+03	 3.43539517832552E-02
 1.97155253320729E+03	 3.01676115280773E-01
 1.97155527110732E+03	 4.91470946152600E-01
 1.97155800900735E+03	 5.52231603388290E-01
 1.97156074690739E+03	 4.92314485988982E-01
 1.97156348480742E+03	 3.60324707085759E-01
 1.97156622270745E+03	 1.99429824931920E-01
 1.97156896060748E+03	 2.51436518621789E-02
 1.97157169850751E+03	-1.55300832616464E-01
 1.97157443640754E+03	-3.15614161642046E-01
 1.97157717430757E+03	-4.14833839785178E-01
 1.97157991220760E+03	-4.28219001847980E-01
 1.97158265010763E+03	-3.64276033134756E-01
 1.97158538800766E+03	-2.46390713282194E-01
 1.97158812590769E+03	-8.38138118126828E-02
 1.97159086380772E+03	 1.28209500056339E-01
 1.97159360170775E+03	 3.74317663133036E-01
 1.97159633960779E+03	 5.90902845870386E-01
 1.97159907750782E+03	 6.85752857056226E-01
 1.97160181540785E+03	 5.99048825627760E-01
 1.97160455330788E+03	 3.51735408276487E-01
 1.97160729120791E+03	 3.50815514543031E-02
 1.97161002910794E+03	-2.47582854941056E-01
 1.97161276700797E+03	-4.32436628127290E-01
 1.97161550490800E+03	-5.01446166913711E-01
 1.97161824280803E+03	-4.56533446226170E-01
 1.97162098070806E+03	-3.02904879923604E-01
 1.97162371860809E+03	-6.13854580586178E-02
 1.97162645650812E+03	 2.11788215031256E-01
 1.97162919440815E+03	 4.33362447627338E-01
 1.97163193230819E+03	 5.35575564092135E-01
 1.97163467020822E+03	 5.06536109246745E-01
 1.97163740810825E+03	 3.87474760819140E-01
 1.97164014600828E+03	 2.29974896470247E-01
 1.97164288390831E+03	 5.99499853896470E-02
 1.97164562180834E+03	-1.16251672803449E-01
 1.97164835970837E+03	-2.81549889121736E-01
 1.97165109760840E+03	-3.98832581474905E-01
 1.97165383550843E+03	-4.35908340569992E-01
 1.97165657340846E+03	-3.91518838001882E-01
 1.97165931130849E+03	-2.88482237613715E-01
 1.97166204920852E+03	-1.43270232608230E-01
 1.97166478710855E+03	 4.73510351801251E-02
 1.97166752500859E+03	 2.81247526161403E-01
 1.97167026290862E+03	 5.14194751558350E-01
 1.97167300080865E+03	 6.59601078424222E-01
 1.97167573870868E+03	 6.39010139990811E-01
 1.97167847660871E+03	 4.42103653253286E-01
 1.97168121450874E+03	 1.39590892919352E-01
 1.97168395240877E+03	-1.62699666157088E-01
 1.97168669030880E+03	-3.84001220965756E-01
 1.97168942820883E+03	-4.92233196156738E-01
 1.97169216610886E+03	-4.85493925614995E-01
 1.97169490400889E+03	-3.68065682972988E-01
 1.97169764190892E+03	-1.53013537919485E-01
 1.97170037980895E+03	 1.16372537809547E-01
 1.97170311770898E+03	 3.62253111579996E-01
 1.97170585560902E+03	 5.05515715477963E-01
 1.97170859350905E+03	 5.13028091294278E-01
 1.97171133140908E+03	 4.12590990836962E-01
 1.97171406930911E+03	 2.59626301139441E-01
 1.97171680720914E+03	 9.19687791901371E-02
 1.97171954510917E+03	-8.00663766364976E-02
 1.97172228300920E+03	-2.46794906775040E-01
 1.97172502090923E+03	-3.78067139580175E-01
 1.97172775880926E+03	-4.37770458331804E-01
 1.97173049670929E+03	-4.14173346033766E-01
 1.97173323460932E+03	-3.25799166032997E-01
 1.97173597250935E+03	-1.95096555572986E-01
 1.97173871040938E+03	-2.44190238204564E-02
 1.97174144830942E+03	 1.91818745670528E-01
 1.97174418620945E+03	 4.28645891599658E-01
 1.97174692410948E+03	 6.12374035212479E-01
 1.97174966200951E+03	 6.54754054655592E-01
 1.97175239990954E+03	 5.16513374159037E-01
 1.97175513780957E+03	 2.41731226468834E-01
 1.97175787570960E+03	-6.95906724200921E-02
 1.97176061360963E+03	-3.23129012201423E-01
 1.97176335150966E+03	-4.70252950377166E-01
 1.97176608940969E+03	-5.01864726449589E-01
 1.97176882730972E+03	-4.21587005275793E-01
 1.97177156520975E+03	-2.37626789426899E-01
 1.97177430310978E+03	 1.90188756033777E-02
 1.97177704100982E+03	 2.80208554995774E-01
 1.97177977890985E+03	 4.61394136507741E-01
 1.97178251680988E+03	 5.09614551285967E-01
 1.97178525470991E+03	 4.34364361026173E-01
 1.97178799260994E+03	 2.88941486341217E-01
 1.97179073050997E+03	 1.22360944140368E-01
 1.97179346841000E+03	-4.67181871286737E-02
 1.97179620631003E+03	-2.12554064030073E-01
 1.97179894421006E+03	-3.53586898807903E-01
 1.97180168211009E+03	-4.33825395808799E-01
 1.97180442001012E+03	-4.32008676397336E-01
 1.97180715791015E+03	-3.59105162765837E-01
 1.97180989581018E+03	-2.40750558150078E-01
 1.97181263371021E+03	-8.71535117932060E-02
 1.97181537161025E+03	 1.09148227922004E-01
 1.97181810951028E+03	 3.39650073089210E-01
 1.97182084741031E+03	 5.48395501984761E-01
 1.97182358531034E+03	 6.46586321720870E-01
 1.97182632321037E+03	 5.71341385592146E-01
 1.97182906111040E+03	 3.36761690405742E-01
 1.97183179901043E+03	 2.86461261769138E-02
 1.97183453691046E+03	-2.50743447440051E-01
 1.97183727481049E+03	-4.35482004010867E-01
 1.97184001271052E+03	-5.05574453061093E-01
 1.97184275061055E+03	-4.62789182177684E-01
 1.97184548851058E+03	-3.12926080259531E-01
 1.97184822641061E+03	-7.66968406497364E-02
 1.97185096431065E+03	 1.90078083953599E-01
 1.97185370221068E+03	 4.03501427271109E-01
 1.97185644011071E+03	 4.94378099199812E-01
 1.97185917801074E+03	 4.50931358901104E-01
 1.97186191591077E+03	 3.17850502736374E-01
 1.97186465381080E+03	 1.52302588781375E-01
 1.97186739171083E+03	-1.56411405283032E-02
 1.97187012961086E+03	-1.79664220760962E-01
 1.97187286751089E+03	-3.26587703985728E-01
 1.97187560541092E+03	-4.24355811319918E-01
 1.97187834331095E+03	-4.44634216209521E-01
 1.97188108121098E+03	-3.88693673676427E-01
 1.97188381911101E+03	-2.81646483965357E-01
 1.97188655701105E+03	-1.41785154869541E-01
 1.97188929491108E+03	 3.50265756244120E-02
 1.97189203281111E+03	 2.51978548521335E-01
 1.97189477071114E+03	 4.72767768898538E-01
 1.97189750861117E+03	 6.16476196649304E-01
 1.97190024651120E+03	 6.04258034741610E-01
 1.97190298441123E+03	 4.20082057233221E-01
 1.97190572231126E+03	 1.28219451659050E-01
 1.97190846021129E+03	-1.68423759096228E-01
 1.97191119811132E+03	-3.88080690422479E-01
 1.97191393601135E+03	-4.96585870957796E-01
 1.97191667391138E+03	-4.91370454000981E-01
 1.97191941181141E+03	-3.77268908245110E-01
 1.97192214971144E+03	-1.67497458992261E-01
 1.97192488761148E+03	 9.52349913510230E-02
 1.97192762551151E+03	 3.33120032034677E-01
 1.97193036341154E+03	 4.65965589354034E-01
 1.97193310131157E+03	 4.60105777821897E-01
 1.97193583921160E+03	 3.45571231735889E-01
 1.97193857711163E+03	 1.82716354673075E-01
 1.97194131501166E+03	 1.41409594413360E-02
 1.97194405291169E+03	-1.48475229013968E-01
 1.97194679081172E+03	-2.98258755516251E-01
 1.97194952871175E+03	-4.09950380089067E-01
 1.97195226661178E+03	-4.51676801302706E-01
 1.97195500451181E+03	-4.14412959023783E-01
 1.97195774241184E+03	-3.18879775150891E-01
 1.97196048031188E+03	-1.89766943813528E-01
 1.97196321821191E+03	-3.00304034051331E-02
 1.97196595611194E+03	 1.69379899405376E-01
 1.97196869401197E+03	 3.90821844807495E-01
 1.97197143191200E+03	 5.67822356533244E-01
 1.97197416981203E+03	 6.14466431931490E-01
 1.97197690771206E+03	 4.87659061631065E-01
 1.97197964561209E+03	 2.24865268276767E-01
 1.97198238351212E+03	-7.84853135489073E-02
 1.97198512141215E+03	-3.28541524915660E-01
 1.97198785931218E+03	-4.74874186411562E-01
 1.97199059721221E+03	-5.07251179494225E-01
 1.97199333511224E+03	-4.29627635401753E-01
 1.97199607301228E+03	-2.50620910993087E-01
 1.97199881091231E+03	-7.30757852149218E-04
 1.97200154881234E+03	 2.52443209822619E-01
 1.97200428671237E+03	 4.23828582609268E-01
 1.97200702461240E+03	 4.59676823960933E-01
 1.97200976251243E+03	 3.70640723875189E-01
 1.97201250041246E+03	 2.14033346256015E-01
 1.97201523831249E+03	 4.38091338939555E-02
 1.97201797621252E+03	-1.18804580284140E-01
 1.97202071411255E+03	-2.69607578459074E-01
 1.97202345201258E+03	-3.91471065242795E-01
 1.97202618991261E+03	-4.52945992337229E-01
 1.97202892781264E+03	-4.35786513538050E-01
 1.97203166571268E+03	-3.53058551448596E-01
 1.97203440361271E+03	-2.32695293547989E-01
 1.97203714151274E+03	-8.65709219275338E-02
 1.97203987941277E+03	 9.43430794367374E-02
 1.97204261731280E+03	 3.07576258414322E-01
 1.97204535521283E+03	 5.05064766247848E-01
 1.97204809311286E+03	 6.02776949352615E-01
 1.97205083101289E+03	 5.36422844395062E-01
 1.97205356891292E+03	 3.14162486117036E-01
 1.97205630681295E+03	 1.60292051452308E-02
 1.97205904471298E+03	-2.57848033910907E-01
 1.97206178261301E+03	-4.40476379223559E-01
 1.97206452051304E+03	-5.10439855980811E-01
 1.97206725841307E+03	-4.69474222038360E-01
 1.97206999631311E+03	-3.23943688934816E-01
 1.97207273421314E+03	-9.43214910288956E-02
 1.97207547211317E+03	 1.64384809131839E-01
 1.97207821001320E+03	 3.68363366543912E-01
 1.97208094791323E+03	 4.47728802271599E-01
 1.97208368581326E+03	 3.91060848288631E-01
 1.97208642371329E+03	 2.46025370932668E-01
 1.97208916161332E+03	 7.44966950213617E-02
 1.97209189951335E+03	-8.99811298255086E-02
 1.97209463741338E+03	-2.41297631875023E-01
 1.97209737531341E+03	-3.69948251260125E-01
 1.97210011321344E+03	-4.48550861019615E-01
 1.97210285111347E+03	-4.52194996786116E-01
 1.97210558901351E+03	-3.84257511984245E-01
 1.97210832691354E+03	-2.71975757395120E-01
 1.97211106481357E+03	-1.35882981668690E-01
 1.97211380271360E+03	 2.80424966627731E-02
 1.97211654061363E+03	 2.27273607267011E-01
 1.97211927851366E+03	 4.33194346094342E-01
 1.97212201641369E+03	 5.71504178914486E-01
 1.97212475431372E+03	 5.64579049763393E-01
 1.97212749221375E+03	 3.91909767086555E-01
 1.97213023011378E+03	 1.11463698608133E-01
 1.97213296801381E+03	-1.77607736579777E-01
 1.97213570591384E+03	-3.93602988266031E-01
 1.97213844381387E+03	-5.00950878744263E-01
 1.97214118171391E+03	-4.96623465558582E-01
 1.97214391961394E+03	-3.86004129923618E-01
 1.97214665751397E+03	-1.82398927837656E-01
 1.97214939541400E+03	 7.23111233265266E-02
 1.97215213331403E+03	 3.00931625313928E-01
 1.97215487121406E+03	 4.22934512380177E-01
 1.97215760911409E+03	 4.04538321688659E-01
 1.97216034701412E+03	 2.77737024285622E-01
 1.97216308491415E+03	 1.07028396921183E-01
 1.97216582281418E+03	-6.09781926380742E-02
 1.97216856071421E+03	-2.13532895014033E-01
 1.97217129861424E+03	-3.46422930973624E-01
 1.97217403651427E+03	-4.38942749694510E-01
 1.97217677441430E+03	-4.63076832802557E-01
 1.97217951231434E+03	-4.12087824629417E-01
 1.97218225021437E+03	-3.08579209098813E-01
 1.97218498811440E+03	-1.79615897908680E-01
 1.97218772601443E+03	-2.95432679933992E-02
 1.97219046391446E+03	 1.53050229755887E-01
 1.97219320181449E+03	 3.57225546431749E-01
 1.97219593971452E+03	 5.24198134217882E-01
 1.97219867761455E+03	 5.71791743414799E-01
 1.97220141551458E+03	 4.54517062601002E-01
 1.97220415341461E+03	 2.03767058136493E-01
 1.97220689131464E+03	-9.01242025102638E-02
 1.97220962921467E+03	-3.34789788671454E-01
 1.97221236711470E+03	-4.78792443460395E-01
 1.97221510501474E+03	-5.11072128669679E-01
 1.97221784291477E+03	-4.35935477972033E-01
 1.97222058081480E+03	-2.62375354024990E-01
 1.97222331871483E+03	-2.02634480774446E-02
 1.97222605661486E+03	 2.23761685488306E-01
 1.97222879451489E+03	 3.84779112262967E-01
 1.97223153241492E+03	 4.08784271610547E-01
 1.97223427031495E+03	 3.07531922758836E-01
 1.97223700821498E+03	 1.41693314415242E-01
 1.97223974611501E+03	-3.06204232685361E-02
 1.97224248401504E+03	-1.86017022136575E-01
 1.97224522191507E+03	-3.21766815934513E-01
 1.97224795981510E+03	-4.24874073315804E-01
 1.97225069771514E+03	-4.68103728890860E-01
 1.97225343561517E+03	-4.35856881189356E-01
 1.97225617351520E+03	-3.42917612708830E-01
 1.97225891141523E+03	-2.19410188155137E-01
 1.97226164931526E+03	-7.93721166560363E-02
 1.97226438721529E+03	 8.67728954232804E-02
 1.97226712511532E+03	 2.81700364076093E-01
 1.97226986301535E+03	 4.65244461267994E-01
 1.97227260091538E+03	 5.59209057274337E-01
 1.97227533881541E+03	 4.99359941313391E-01
 1.97227807671544E+03	 2.88797910957316E-01
 1.97228081461547E+03	 1.61918831579028E-03
 1.97228355251550E+03	-2.65056669646907E-01
 1.97228629041553E+03	-4.44028073040236E-01
 1.97228902831557E+03	-5.12869820106734E-01
 1.97229176621560E+03	-4.73333448108046E-01
 1.97229450411563E+03	-3.32309447444256E-01
 1.97229724201566E+03	-1.09971982081955E-01
 1.97229997991569E+03	 1.39748488442360E-01
 1.97230271781572E+03	 3.33682675789033E-01
 1.97230545571575E+03	 4.01829252882431E-01
 1.97230819361578E+03	 3.33249614942540E-01
 1.97231093151581E+03	 1.78089758984320E-01
 1.97231366941584E+03	 2.16496684690543E-03
 1.97231640731587E+03	-1.58002464667901E-01
 1.97231914521590E+03	-2.96517222840753E-01
 1.97232188311593E+03	-4.07280533510840E-01
 1.97232462101597E+03	-4.67294421173354E-01
 1.97232735891600E+03	-4.54777685178206E-01
 1.97233009681603E+03	-3.74846120087717E-01
 1.97233283471606E+03	-2.56591764842292E-01
 1.97233557261609E+03	-1.22989666831954E-01
 1.97233831051612E+03	 2.90508108788058E-02
 1.97234104841615E+03	 2.10285595973135E-01
 1.97234378631618E+03	 3.99386228849735E-01
 1.97234652421621E+03	 5.29324819448152E-01
 1.97234926211624E+03	 5.25047067346275E-01
 1.97235200001627E+03	 3.62681840440150E-01
 1.97235473791630E+03	 9.40779988116039E-02
 1.97235747581633E+03	-1.86036632335367E-01
 1.97236021371637E+03	-3.96899580554396E-01
 1.97236295161640E+03	-5.02049469149488E-01
 1.97236568951643E+03	-4.98092832371673E-01
 1.97236842741646E+03	-3.90904491739696E-01
 1.97237116531649E+03	-1.93841179855232E-01
 1.97237390321652E+03	 5.21850466447100E-02
 1.97237664111655E+03	 2.71005922968154E-01
 1.97237937901658E+03	 3.82307548495255E-01
 1.97238211691661E+03	 3.52452348868434E-01
 1.97238485481664E+03	 2.15070340428565E-01
 1.97238759271667E+03	 3.80914374872866E-02
 1.97239033061670E+03	-1.28429370823508E-01
 1.97239306851673E+03	-2.70762701400334E-01
 1.97239580641677E+03	-3.87109967843737E-01
 1.97239854431680E+03	-4.61043533222189E-01
 1.97240128221683E+03	-4.68181326410705E-01
 1.97240402011686E+03	-4.03776149968906E-01
 1.97240675801689E+03	-2.91971219587176E-01
 1.97240949591692E+03	-1.62151474195010E-01
 1.97241223381695E+03	-2.05943447103180E-02
 1.97241497171698E+03	 1.45509502698717E-01
 1.97241770961701E+03	 3.31229790148955E-01
 1.97242044751704E+03	 4.85692122001263E-01
 1.97242318541707E+03	 5.31561260529216E-01
 1.97242592331710E+03	 4.22176080319344E-01
 1.97242866121713E+03	 1.83365655865478E-01
 1.97243139911716E+03	-1.00040133601580E-01
 1.97243413701720E+03	-3.37985648201135E-01
 1.97243687491723E+03	-4.78632177434501E-01
 1.97243961281726E+03	-5.10250936645378E-01
 1.97244235071729E+03	-4.37423367196999E-01
 1.97244508861732E+03	-2.69458156450786E-01
 1.97244782651735E+03	-3.55331768912800E-02
 1.97245056441738E+03	 1.98941822083442E-01
 1.97245330231741E+03	 3.49669882060061E-01
 1.97245604021744E+03	 3.62726814608083E-01
 1.97245877811747E+03	 2.50800232924666E-01
 1.97246151601750E+03	 7.72926435217413E-02
 1.97246425391753E+03	-9.61377885488401E-02
 1.97246699181756E+03	-2.44107646366603E-01
 1.97246972971760E+03	-3.65132582678354E-01
 1.97247246761763E+03	-4.50059996672574E-01
 1.97247520551766E+03	-4.75688249940429E-01
 1.97247794341769E+03	-4.28865964461728E-01
 1.97248068131772E+03	-3.25768241751095E-01
 1.97248341921775E+03	-1.98475876988884E-01
 1.97248615711778E+03	-6.34392181764809E-02
 1.97248889501781E+03	 8.86622224163095E-02
 1.97249163291784E+03	 2.64797811573329E-01
 1.97249437081787E+03	 4.32525302049847E-01
 1.97249710871790E+03	 5.20251023763291E-01
 1.97249984661793E+03	 4.64992169128822E-01
 1.97250258451796E+03	 2.65552924783927E-01
 1.97250532241800E+03	-1.00288287669166E-02
 1.97250806031803E+03	-2.68361093416389E-01
 1.97251079821806E+03	-4.42705520102154E-01
 1.97251353611809E+03	-5.09871941608502E-01
 1.97251627401812E+03	-4.71548016715988E-01
 1.97251901191815E+03	-3.35043111268307E-01
 1.97252174981818E+03	-1.20187990075275E-01
 1.97252448771821E+03	 1.20312872755463E-01
 1.97252722561824E+03	 3.04295330430405E-01
 1.97252996351827E+03	 3.61997522467167E-01
 1.97253270141830E+03	 2.82924268363443E-01
 1.97253543931833E+03	 1.19176215223444E-01
 1.97253817721836E+03	-6.01225948529496E-02
 1.97254091511839E+03	-2.15730830613644E-01
 1.97254365301843E+03	-3.41772409044966E-01
 1.97254639091846E+03	-4.35227832492425E-01
 1.97254912881849E+03	-4.77304194883859E-01
 1.97255186671852E+03	-4.49243949281939E-01
 1.97255460461855E+03	-3.57658563501290E-01
 1.97255734251858E+03	-2.33176965808714E-01
 1.97256008041861E+03	-1.01203656286910E-01
 1.97256281831864E+03	 3.98598225402667E-02
 1.97256555621867E+03	 2.03183929275060E-01
 1.97256829411870E+03	 3.74241988383273E-01
 1.97257103201873E+03	 4.93669810577201E-01
 1.97257376991876E+03	 4.90030152455989E-01
 1.97257650781879E+03	 3.37013260259352E-01
 1.97257924571883E+03	 8.05132003316575E-02
 1.97258198361886E+03	-1.89718977783352E-01
 1.97258472151889E+03	-3.94558779744649E-01
 1.97258745941892E+03	-4.96996428645525E-01
 1.97259019731895E+03	-4.93218858412347E-01
 1.97259293521898E+03	-3.89429913020271E-01
 1.97259567311901E+03	-1.98964885567739E-01
 1.97259841101904E+03	 3.83070845371348E-02
 1.97260114891907E+03	 2.47489179072389E-01
 1.97260388681910E+03	 3.48806952150115E-01
 1.97260662471913E+03	 3.08821537546170E-01
 1.97260936261916E+03	 1.62379414321380E-01
 1.97261210051919E+03	-1.97912015744843E-02
 1.97261483841923E+03	-1.84536175051366E-01
 1.97261757631926E+03	-3.16997456852535E-01
 1.97262031421929E+03	-4.17417930664647E-01
 1.97262305211932E+03	-4.73422761062795E-01
 1.97262579001935E+03	-4.64216956970181E-01
 1.97262852791938E+03	-3.86920109894389E-01
 1.97263126581941E+03	-2.66909846220538E-01
 1.97263400371944E+03	-1.35688169997022E-01
 1.97263674161947E+03	-1.75130455301892E-03
 1.97263947951950E+03	 1.48347166565937E-01
 1.97264221741953E+03	 3.15004382401566E-01
 1.97264495531956E+03	 4.55281501433061E-01
 1.97264769321959E+03	 4.97488402343031E-01
 1.97265043111962E+03	 3.94769133878700E-01
 1.97265316901966E+03	 1.67805611734026E-01
 1.97265590691969E+03	-1.04421731245219E-01
 1.97265864481972E+03	-3.34845923483847E-01
 1.97266138271975E+03	-4.71666144865869E-01
 1.97266412061978E+03	-5.02490672519264E-01
 1.97266685851981E+03	-4.31972112110707E-01
 1.97266959641984E+03	-2.69600160557948E-01
 1.97267233431987E+03	-4.38070722176438E-02
 1.97267507221990E+03	 1.81370963315660E-01
 1.97267781011993E+03	 3.22523165869129E-01
 1.97268054801996E+03	 3.25912528441344E-01
 1.97268328591999E+03	 2.04839116274148E-01
 1.97268602382002E+03	 2.48187826250820E-02
 1.97268876172006E+03	-1.49377020019388E-01
 1.97269149962009E+03	-2.90296583451900E-01
 1.97269423752012E+03	-3.97289945632402E-01
 1.97269697542015E+03	-4.64735588223650E-01
 1.97269971332018E+03	-4.73421854952247E-01
 1.97270245122021E+03	-4.12639623310194E-01
 1.97270518912024E+03	-2.99739039095096E-01
 1.97270792702027E+03	-1.68458324367830E-01
 1.97271066492030E+03	-3.76913562425761E-02
 1.97271340282033E+03	 1.01062958699263E-01
 1.97271614072036E+03	 2.58317721937633E-01
 1.97271887862039E+03	 4.09069271205510E-01
 1.97272161652042E+03	 4.88829530420615E-01
 1.97272435442046E+03	 4.36790961489021E-01
 1.97272709232049E+03	 2.48073108704209E-01
 1.97272983022052E+03	-1.54578434216599E-02
 1.97273256812055E+03	-2.64739663594147E-01
 1.97273530602058E+03	-4.34018168692291E-01
 1.97273804392061E+03	-4.99435838296741E-01
 1.97274078182064E+03	-4.62403427481007E-01
 1.97274351972067E+03	-3.30437817970564E-01
 1.97274625762070E+03	-1.22946097573444E-01
 1.97274899552073E+03	 1.08673059265449E-01
 1.97275173342076E+03	 2.83447171788972E-01
 1.97275447132079E+03	 3.31975702125507E-01
 1.97275720922082E+03	 2.43971040395534E-01
 1.97275994712086E+03	 7.29004534057480E-02
 1.97276268502089E+03	-1.09320724635566E-01
 1.97276542292092E+03	-2.60756075432846E-01
 1.97276816082095E+03	-3.75126642751802E-01
 1.97277089872098E+03	-4.52069674555010E-01
 1.97277363662101E+03	-4.76891531172527E-01
 1.97277637452104E+03	-4.33933276503313E-01
 1.97277911242107E+03	-3.31219280182245E-01
 1.97278185032110E+03	-2.00617955839709E-01
 1.97278458822113E+03	-6.97979086981726E-02
 1.97278732612116E+03	 6.10248342213496E-02
 1.97279006402119E+03	 2.06734247492952E-01
 1.97279280192122E+03	 3.59098351850815E-01
 1.97279553982125E+03	 4.66602745102574E-01
 1.97279827772129E+03	 4.62204356926255E-01
 1.97280101562132E+03	 3.17885193034747E-01
 1.97280375352135E+03	 7.37041622574270E-02
 1.97280649142138E+03	-1.86039087415827E-01
 1.97280922932141E+03	-3.84427829618730E-01
 1.97281196722144E+03	-4.84114605229697E-01
 1.97281470512147E+03	-4.80687485757949E-01
 1.97281744302150E+03	-3.80401277949194E-01
 1.97282018092153E+03	-1.96422896606197E-01
 1.97282291882156E+03	 3.24823308985148E-02
 1.97282565672159E+03	 2.32807915645203E-01
 1.97282839462162E+03	 3.25429090036311E-01
 1.97283113252165E+03	 2.76936145592584E-01
 1.97283387042169E+03	 1.22844689896933E-01
 1.97283660832172E+03	-6.39111714768979E-02
 1.97283934622175E+03	-2.27230972658284E-01
 1.97284208412178E+03	-3.50738350852702E-01
 1.97284482202181E+03	-4.36186111226769E-01
 1.97284755992184E+03	-4.75024539462385E-01
 1.97285029782187E+03	-4.50135667893164E-01
 1.97285303572190E+03	-3.60559738298503E-01
 1.97285577362193E+03	-2.32694923507414E-01
 1.97285851152196E+03	-9.98852846485922E-02
 1.97286124942199E+03	 2.70700696759953E-02
 1.97286398732202E+03	 1.61694608353024E-01
 1.97286672522205E+03	 3.09089073076206E-01
 1.97286946312209E+03	 4.34143275801934E-01
 1.97287220102212E+03	 4.71372698886211E-01
 1.97287493892215E+03	 3.74488615176902E-01
 1.97287767682218E+03	 1.59355296370229E-01
 1.97288041472221E+03	-1.01199388654967E-01
 1.97288315262224E+03	-3.23668681384523E-01
 1.97288589052227E+03	-4.56617460181405E-01
 1.97288862842230E+03	-4.86890723911470E-01
 1.97289136632233E+03	-4.18898974011769E-01
 1.97289410422236E+03	-2.62081349164839E-01
 1.97289684212239E+03	-4.40363235122536E-02
 1.97289958002242E+03	 1.72649712755873E-01
 1.97290231792245E+03	 3.05538118368433E-01
 1.97290505582248E+03	 3.00958438876385E-01
 1.97290779372252E+03	 1.72325202489334E-01
 1.97291053162255E+03	-1.33845175598364E-02
 1.97291326952258E+03	-1.88588371121462E-01
 1.97291600742261E+03	-3.23463348979599E-01
 1.97291874532264E+03	-4.17582846693376E-01
 1.97292148322267E+03	-4.68467035588201E-01
 1.97292422112270E+03	-4.60920595247003E-01
 1.97292695902273E+03	-3.86830653779876E-01
 1.97292969692276E+03	-2.64642455690286E-01
 1.97293243482279E+03	-1.29460735964305E-01
 1.97293517272282E+03	-2.51292157849393E-03
 1.97293791062285E+03	 1.23518206309681E-01
 1.97294064852288E+03	 2.62054145368780E-01
 1.97294338642292E+03	 3.95186986534481E-01
 1.97294612432295E+03	 4.65838854287602E-01
 1.97294886222298E+03	 4.16084721001802E-01
 1.97295160012301E+03	 2.37853211740480E-01
 1.97295433802304E+03	-1.32642775693852E-02
 1.97295707592307E+03	-2.53052524840865E-01
 1.97295981382310E+03	-4.17169269583888E-01
 1.97296255172313E+03	-4.81105282980432E-01
 1.97296528962316E+03	-4.45692687640502E-01
 1.97296802752319E+03	-3.18345676212334E-01
 1.97297076542322E+03	-1.17895926620358E-01
 1.97297350332325E+03	 1.05632407213030E-01
 1.97297624122328E+03	 2.72522393380452E-01
 1.97297897912332E+03	 3.13650347763637E-01
 1.97298171702335E+03	 2.18495225351349E-01
 1.97298445492338E+03	 4.12011851993562E-02
 1.97298719282341E+03	-1.43985487926967E-01
 1.97298993072344E+03	-2.92273048408613E-01
 1.97299266862347E+03	-3.96344519441391E-01
 1.97299540652350E+03	-4.57933179309363E-01
 1.97299814442353E+03	-4.66332262423612E-01
 1.97300088232356E+03	-4.09167323429911E-01
 1.97300362022359E+03	-2.95939610216155E-01
 1.97300635812362E+03	-1.59532154809798E-01
 1.97300909602365E+03	-2.96459291411160E-02
 1.97301183392368E+03	 9.15327434314853E-02
 1.97301457182371E+03	 2.20043908676626E-01
 1.97301730972375E+03	 3.53450282929750E-01
 1.97302004762378E+03	 4.48129726168773E-01
 1.97302278552381E+03	 4.42009481642179E-01
 1.97302552342384E+03	 3.05957556869783E-01
 1.97302826132387E+03	 7.43022524805083E-02
 1.97303099922390E+03	-1.74513935658069E-01
 1.97303373712393E+03	-3.66271505138029E-01
 1.97303647502396E+03	-4.63436872963442E-01
 1.97303921292399E+03	-4.60761463328794E-01
 1.97304195082402E+03	-3.64191155392424E-01
 1.97304468872405E+03	-1.86490720747735E-01
 1.97304742662408E+03	 3.47761010900577E-02
 1.97305016452411E+03	 2.27549617870214E-01
 1.97305290242415E+03	 3.13300586053023E-01
 1.97305564032418E+03	 2.58272026555161E-01
 1.97305837822421E+03	 9.79497563820644E-02
 1.97306111612424E+03	-9.31367865026822E-02
 1.97306385402427E+03	-2.55971659979328E-01
 1.97306659192430E+03	-3.72074796005456E-01
 1.97306932982433E+03	-4.44002662434880E-01
 1.97307206772436E+03	-4.66724206796526E-01
 1.97307480562439E+03	-4.26930531059375E-01
 1.97307754352442E+03	-3.25759120041589E-01
 1.97308028142445E+03	-1.90524074205700E-01
 1.97308301932448E+03	-5.61414870434920E-02
 1.97308575722451E+03	 6.43145041157242E-02
 1.97308849512455E+03	 1.84026919929167E-01
 1.97309123302458E+03	 3.12229984083041E-01
 1.97309397092461E+03	 4.21447061574472E-01
 1.97309670882464E+03	 4.52786535060452E-01
 1.97309944672467E+03	 3.61146891193532E-01
 1.97310218462470E+03	 1.57870650710211E-01
 1.97310492252473E+03	-9.06118172995803E-02
 1.97310766042476E+03	-3.04849897368672E-01
 1.97311039832479E+03	-4.34058230822157E-01
 1.97311313622482E+03	-4.64191689797176E-01
 1.97311587412485E+03	-3.99055398546553E-01
 1.97311861202488E+03	-2.47725871179772E-01
 1.97312134992491E+03	-3.68117763873152E-02
 1.97312408782495E+03	 1.72621550694820E-01
 1.97312682572498E+03	 2.99085223384051E-01
 1.97312956362501E+03	 2.88671496670460E-01
 1.97313230152504E+03	 1.54234271857917E-01
 1.97313503942507E+03	-3.65235737428681E-02
 1.97313777732510E+03	-2.13462016812493E-01
 1.97314051522513E+03	-3.43932301191835E-01
 1.97314325312516E+03	-4.26939270813249E-01
 1.97314599102519E+03	-4.62621859450067E-01
 1.97314872892522E+03	-4.39793848399483E-01
 1.97315146682525E+03	-3.53162259884368E-01
 1.97315420472528E+03	-2.22299548862348E-01
 1.97315694262531E+03	-8.34453772350647E-02
 1.97315968052534E+03	 3.99974343738386E-02
 1.97316241842538E+03	 1.53913440102101E-01
 1.97316515632541E+03	 2.74074333831807E-01
 1.97316789422544E+03	 3.89284486907622E-01
 1.97317063212547E+03	 4.50041217609418E-01
 1.97317337002550E+03	 4.01870433516874E-01
 1.97317610792553E+03	 2.33956995521810E-01
 1.97317884582556E+03	-4.43388125506110E-03
 1.97318158372559E+03	-2.34371922345893E-01
 1.97318432162562E+03	-3.93314571495809E-01
 1.97318705952565E+03	-4.56116087902418E-01
 1.97318979742568E+03	-4.22717736092836E-01
 1.97319253532571E+03	-3.00066454195132E-01
 1.97319527322574E+03	-1.06189678536466E-01
 1.97319801112578E+03	 1.10372221236934E-01
 1.97320074902581E+03	 2.71174430501511E-01
 1.97320348692584E+03	 3.07146999850637E-01
 1.97320622482587E+03	 2.06919141328306E-01
 1.97320896272590E+03	 2.44934654052088E-02
 1.97321170062593E+03	-1.64035557625617E-01
 1.97321443852595E+03	-3.10772596608734E-01
 1.97321717642599E+03	-4.06571476008486E-01
 1.97321991432602E+03	-4.54539956606204E-01
 1.97322265222605E+03	-4.47744430296884E-01
 1.97322539012608E+03	-3.77279439992521E-01
 1.97322812802611E+03	-2.54268364534742E-01
 1.97323086592614E+03	-1.12470135203977E-01
 1.97323360382618E+03	 1.66026981033558E-02
 1.97323634172621E+03	 1.28709260969178E-01
 1.97323907962624E+03	 2.40565344554330E-01
 1.97324181752627E+03	 3.55021421771088E-01
 1.97324455542630E+03	 4.36283594133705E-01
 1.97324729332633E+03	 4.27695450903382E-01
 1.97325003122636E+03	 2.99549084025550E-01
 1.97325276912639E+03	 8.05935723355128E-02
 1.97325550702642E+03	-1.56902177899764E-01
 1.97325824492645E+03	-3.41855918674254E-01
 1.97326098282648E+03	-4.36712533398802E-01
 1.97326372072651E+03	-4.35177020927658E-01
 1.97326645862654E+03	-3.42512517112899E-01
 1.97326919652657E+03	-1.70784341954306E-01
 1.97327193442661E+03	 4.38100801799776E-02
 1.97327467232664E+03	 2.30723080115065E-01
 1.97327741022667E+03	 3.11885761975939E-01
 1.97328014812670E+03	 2.52669831110207E-01
 1.97328288602673E+03	 8.76843672502430E-02
 1.97328562392676E+03	-1.07637656934404E-01
 1.97328836182679E+03	-2.71378987937675E-01
 1.97329109972682E+03	-3.82265467633566E-01
 1.97329383762685E+03	-4.42795329119731E-01
 1.97329657552688E+03	-4.51001969701045E-01
 1.97329931342691E+03	-3.97441749214920E-01
 1.97330205132694E+03	-2.85549632515876E-01
 1.97330478922697E+03	-1.43531472062664E-01
 1.97330752712701E+03	-7.65831254659873E-03
 1.97331026502704E+03	 1.06769940010339E-01
 1.97331300292707E+03	 2.12236024393394E-01
 1.97331574082710E+03	 3.21547650495025E-01
 1.97331847872713E+03	 4.14587733117941E-01
 1.97332121662716E+03	 4.39325181582466E-01
 1.97332395452719E+03	 3.52400772430447E-01
 1.97332669242722E+03	 1.60971418493355E-01
 1.97332943032725E+03	-7.50733732590341E-02
 1.97333216822728E+03	-2.80764463423576E-01
 1.97333490612731E+03	-4.06260135086119E-01
 1.97333764402734E+03	-4.36555156035489E-01
 1.97334038192737E+03	-3.74518582793852E-01
 1.97334311982741E+03	-2.28522095577676E-01
 1.97334585772744E+03	-2.39583241867858E-02
 1.97334859562747E+03	 1.79750436045120E-01
 1.97335133352750E+03	 3.02022426064495E-01
 1.97335407142753E+03	 2.88309113379234E-01
 1.97335680932756E+03	 1.50089550494011E-01
 1.97335954722759E+03	-4.50608612574283E-02
 1.97336228512762E+03	-2.24747648369948E-01
 1.97336502302765E+03	-3.53004602491613E-01
 1.97336776092768E+03	-4.27357297524753E-01
 1.97337049882771E+03	-4.49877099833443E-01
 1.97337323672774E+03	-4.13241114832856E-01
 1.97337597462777E+03	-3.15150971435135E-01
 1.97337871252780E+03	-1.76382014910855E-01
 1.97338145042784E+03	-3.41462088244790E-02
 1.97338418832787E+03	 8.61134982506480E-02
 1.97338692622790E+03	 1.88626405221756E-01
 1.97338966412793E+03	 2.90967424254577E-01
 1.97339240202796E+03	 3.88209838949068E-01
 1.97339513992799E+03	 4.38480684676677E-01
 1.97339787782802E+03	 3.91250295048706E-01
 1.97340061572805E+03	 2.33435651073141E-01
 1.97340335362808E+03	 8.03527642816732E-03
 1.97340609152811E+03	-2.11644337698262E-01
 1.97340882942814E+03	-3.65237295843268E-01
 1.97341156732817E+03	-4.27045689015874E-01
 1.97341430522820E+03	-3.95883361198484E-01
 1.97341704312824E+03	-2.77882025024220E-01
 1.97341978102827E+03	-8.99858135143393E-02
 1.97342251892830E+03	 1.20929769106175E-01
 1.97342525682833E+03	 2.77741915423281E-01
 1.97342799472836E+03	 3.11171034873652E-01
 1.97343073262839E+03	 2.08275701468306E-01
 1.97343347052842E+03	 2.19719007267518E-02
 1.97343620842845E+03	-1.70380764312816E-01
 1.97343894632848E+03	-3.17569802389966E-01
 1.97344168422851E+03	-4.07771712486905E-01
 1.97344442212854E+03	-4.44602800038716E-01
 1.97344716002857E+03	-4.24512655196240E-01
 1.97344989792860E+03	-3.42127744369852E-01
 1.97345263582864E+03	-2.10321768577334E-01
 1.97345537372867E+03	-6.36462205303656E-02
 1.97345811162870E+03	 6.47445231160884E-02
 1.97346084952873E+03	 1.68462767955029E-01
 1.97346358742876E+03	 2.64419844013484E-01
 1.97346632532879E+03	 3.60196867006490E-01
 1.97346906322882E+03	 4.27660007159604E-01
 1.97347180112885E+03	 4.15927943904612E-01
 1.97347453902888E+03	 2.95264987233019E-01
 1.97347727692891E+03	 8.91043771127001E-02
 1.97348001482894E+03	-1.36646559962528E-01
 1.97348275272897E+03	-3.14436914187811E-01
 1.97348549062900E+03	-4.06915570703495E-01
 1.97348822852904E+03	-4.06637574452389E-01
 1.97349096642907E+03	-3.17877173410618E-01
 1.97349370432910E+03	-1.51691969289361E-01
 1.97349644222913E+03	 5.73204521830686E-02
 1.97349918012916E+03	 2.40260288237291E-01
 1.97350191802919E+03	 3.19403755332564E-01
 1.97350465592922E+03	 2.58676021266946E-01
 1.97350739382925E+03	 9.08558707876243E-02
 1.97351013172928E+03	-1.08537214307282E-01
 1.97351286962931E+03	-2.74796357102115E-01
 1.97351560752934E+03	-3.83181688163916E-01
 1.97351834542937E+03	-4.35178154180823E-01
 1.97352108332940E+03	-4.31249202782440E-01
 1.97352382122943E+03	-3.65693549610244E-01
 1.97352655912947E+03	-2.44354540324735E-01
 1.97352929702950E+03	-9.63200248992576E-02
 1.97353203492953E+03	 4.09448677344426E-02
 1.97353477282956E+03	 1.49928054622254E-01
 1.97353751072959E+03	 2.42034911874438E-01
 1.97354024862962E+03	 3.33038456206774E-01
 1.97354298652965E+03	 4.09806352873612E-01
 1.97354572442968E+03	 4.27334002991646E-01
 1.97354846232971E+03	 3.44543193785731E-01
 1.97355120022974E+03	 1.64842186040320E-01
 1.97355393812977E+03	-5.84124947105076E-02
 1.97355667602980E+03	-2.55069145168309E-01
 1.97355941392983E+03	-3.76555835627443E-01
 1.97356215182987E+03	-4.06954634487754E-01
 1.97356488972990E+03	-3.47980987765268E-01
 1.97356762762993E+03	-2.06999784955137E-01
 1.97357036552996E+03	-7.91880453744154E-03
 1.97357310342999E+03	 1.91690097626394E-01
 1.97357584133002E+03	 3.12179978662806E-01
 1.97357857923005E+03	 2.97969274903579E-01
 1.97358131713008E+03	 1.58286247410248E-01
 1.97358405503011E+03	-4.03946761173756E-02
 1.97358679293014E+03	-2.23867229785501E-01
 1.97358953083017E+03	-3.52450535402226E-01
 1.97359226873020E+03	-4.21262158171112E-01
 1.97359500663023E+03	-4.33471916401081E-01
 1.97359774453027E+03	-3.85265629847777E-01
 1.97360048243030E+03	-2.77355591399593E-01
 1.97360322033033E+03	-1.31749423695399E-01
 1.97360595823036E+03	 1.34949553968116E-02
 1.97360869613039E+03	 1.30980579044399E-01
 1.97361143403042E+03	 2.23024828590792E-01
 1.97361417193045E+03	 3.08408233690753E-01
 1.97361690983048E+03	 3.87930570021129E-01
 1.97361964773051E+03	 4.27286782821497E-01
 1.97362238563054E+03	 3.80336073598087E-01
 1.97362512353057E+03	 2.32278770065478E-01
 1.97362786143060E+03	 2.00668527978962E-02
 1.97363059933063E+03	-1.88823061264159E-01
 1.97363333723066E+03	-3.36565842135788E-01
 1.97363607513070E+03	-3.97101302513603E-01
 1.97363881303073E+03	-3.68023203567357E-01
 1.97364155093076E+03	-2.54393915174325E-01
 1.97364428883079E+03	-7.17971288397132E-02
 1.97364702673082E+03	 1.34812989520245E-01
 1.97364976463085E+03	 2.89787586084789E-01
 1.97365250253088E+03	 3.23445493375369E-01
 1.97365524043091E+03	 2.20553678084627E-01
 1.97365797833094E+03	 3.19106408174856E-02
 1.97366071623097E+03	-1.64594057732756E-01
 1.97366345413100E+03	-3.14373355610643E-01
 1.97366619203103E+03	-4.02146503758311E-01
 1.97366892993106E+03	-4.31089938134605E-01
 1.97367166783110E+03	-4.00443606791763E-01
 1.97367440573113E+03	-3.08218271041608E-01
 1.97367714363116E+03	-1.69051028604678E-01
 1.97367988153119E+03	-1.81967131224427E-02
 1.97368261943122E+03	 1.09674238419387E-01
 1.97368535733125E+03	 2.05890994911802E-01
 1.97368809523128E+03	 2.87026897319766E-01
 1.97369083313131E+03	 3.64740027102976E-01
 1.97369357103134E+03	 4.18259966237896E-01
 1.97369630893137E+03	 4.02754577461119E-01
 1.97369904683140E+03	 2.89044860702387E-01
 1.97370178473143E+03	 9.56634212430591E-02
 1.97370452263146E+03	-1.17864957368208E-01
 1.97370726053150E+03	-2.87847836546168E-01
 1.97370999843153E+03	-3.77435051832955E-01
 1.97371273633156E+03	-3.78081432202643E-01
 1.97371547423159E+03	-2.92905943045253E-01
 1.97371821213162E+03	-1.31706780513400E-01
 1.97372095003165E+03	 7.27943347868271E-02
 1.97372368793168E+03	 2.53590941991528E-01
 1.97372642583171E+03	 3.33307781426827E-01
 1.97372916373174E+03	 2.73915684839552E-01
 1.97373190163177E+03	 1.05382100812425E-01
 1.97373463953180E+03	-9.76362576987943E-02
 1.97373737743183E+03	-2.67946523249283E-01
 1.97374011533186E+03	-3.76821932654510E-01
 1.97374285323189E+03	-4.23784651005363E-01
 1.97374559113193E+03	-4.10934205250877E-01
 1.97374832903196E+03	-3.35955409999035E-01
 1.97375106693199E+03	-2.07032392769565E-01
 1.97375380483202E+03	-5.40623684265586E-02
 1.97375654273205E+03	 8.44367523943652E-02
 1.97375928063208E+03	 1.88711699181663E-01
 1.97376201853211E+03	 2.68661188544605E-01
 1.97376475643214E+03	 3.42324728958857E-01
 1.97376749433217E+03	 4.03045126925613E-01
 1.97377023223220E+03	 4.12891914802393E-01
 1.97377297013223E+03	 3.33594019120026E-01
 1.97377570803226E+03	 1.65370907128841E-01
 1.97377844593229E+03	-4.47617926153096E-02
 1.97378118383233E+03	-2.31685368407805E-01
 1.97378392173236E+03	-3.48443680133731E-01
 1.97378665963239E+03	-3.78391789441073E-01
 1.97378939753242E+03	-3.22043046491478E-01
 1.97379213543245E+03	-1.85565023230358E-01
 1.97379487333248E+03	 8.88082843539322E-03
 1.97379761123251E+03	 2.05872220117012E-01
 1.97380034913254E+03	 3.26869178900254E-01
 1.97380308703257E+03	 3.14993801524228E-01
 1.97380582493260E+03	 1.76392673217345E-01
 1.97380856283263E+03	-2.46162796434291E-02
 1.97381130073266E+03	-2.12651890889871E-01
 1.97381403863269E+03	-3.44135363524399E-01
 1.97381677653273E+03	-4.10949869122333E-01
 1.97381951443276E+03	-4.16445866367538E-01
 1.97382225233279E+03	-3.59743092315887E-01
 1.97382499023282E+03	-2.44357154579012E-01
 1.97382772813285E+03	-9.34331488972042E-02
 1.97383046603288E+03	 5.42720976811782E-02
 1.97383320393291E+03	 1.69465925835098E-01
 1.97383594183294E+03	 2.52252887083491E-01
 1.97383867973297E+03	 3.21942547053224E-01
 1.97384141763300E+03	 3.84386510028412E-01
 1.97384415553303E+03	 4.12641219684003E-01
 1.97384689343306E+03	 3.65333760465775E-01
 1.97384963133309E+03	 2.26574723478632E-01
 1.97385236923313E+03	 2.76685342792560E-02
 1.97385510713316E+03	-1.69781036061391E-01
 1.97385784503319E+03	-3.10812913813364E-01
 1.97386058293322E+03	-3.69294858339333E-01
 1.97386332083325E+03	-3.41683554642593E-01
 1.97386605873328E+03	-2.31874321672984E-01
 1.97386879663331E+03	-5.38785193852240E-02
 1.97387153453334E+03	 1.49578928609382E-01
 1.97387427243337E+03	 3.04619296135960E-01
 1.97387701033340E+03	 3.41141619850475E-01
 1.97387974823343E+03	 2.41020083493509E-01
 1.97388248613346E+03	 5.18960238659368E-02
 1.97388522403349E+03	-1.48707228806259E-01
 1.97388796193352E+03	-3.03017575739903E-01
 1.97389069983356E+03	-3.91709041941651E-01
 1.97389343773359E+03	-4.16583380017972E-01
 1.97389617563362E+03	-3.78907699050229E-01
 1.97389891353365E+03	-2.79689777703791E-01
 1.97390165143368E+03	-1.35165119454872E-01
 1.97390438933371E+03	 1.88673701301560E-02
 1.97390712723374E+03	 1.46346351598927E-01
 1.97390986513377E+03	 2.36153468585504E-01
 1.97391260303380E+03	 3.03930185592708E-01
 1.97391534093383E+03	 3.64639142073831E-01
 1.97391807883386E+03	 4.04418275981113E-01
 1.97392081673389E+03	 3.84644071191644E-01
 1.97392355463392E+03	 2.77294187610663E-01
 1.97392629253396E+03	 9.65650314983762E-02
 1.97392903043399E+03	-1.04235753702325E-01
 1.97393176833402E+03	-2.65501081045086E-01
 1.97393450623405E+03	-3.51223653708725E-01
 1.97393724413408E+03	-3.51965197166928E-01
 1.97393998203411E+03	-2.69706067224181E-01
 1.97394271993414E+03	-1.12854309708570E-01
 1.97394545783417E+03	 8.80159523852655E-02
 1.97394819573420E+03	 2.68154847960690E-01
 1.97395093363423E+03	 3.50732973941372E-01
 1.97395367153426E+03	 2.95443333240088E-01
 1.97395640943429E+03	 1.28537112855638E-01
 1.97395914733432E+03	-7.72372056443356E-02
 1.97396188523436E+03	-2.52746829535926E-01
 1.97396462313439E+03	-3.65016113594248E-01
 1.97396736103442E+03	-4.10772908830342E-01
 1.97397009893445E+03	-3.92869367927212E-01
 1.97397283683448E+03	-3.11798415468483E-01
 1.97397557473451E+03	-1.77803769102791E-01
 1.97397831263454E+03	-2.13997272057777E-02
 1.97398105053457E+03	 1.18019449573884E-01
 1.97398378843460E+03	 2.18425936082825E-01
 1.97398652633463E+03	 2.87747477635625E-01
 1.97398926423466E+03	 3.45497429638898E-01
 1.97399200213469E+03	 3.90828104809391E-01
 1.97399474003472E+03	 3.92778266301429E-01
 1.97399747793475E+03	 3.16360533643901E-01
 1.97400021583479E+03	 1.59263352317426E-01
 1.97400295373482E+03	-3.74620252010832E-02
 1.97400569163485E+03	-2.13797574903702E-01
 1.97400842953488E+03	-3.24729977901472E-01
 1.97401116743491E+03	-3.53189310101639E-01
 1.97401390533494E+03	-2.98624390094088E-01
 1.97401664323497E+03	-1.65979423131277E-01
 1.97401938113500E+03	 2.45261059353669E-02
 1.97402211903503E+03	 2.19988040168200E-01
 1.97402485693506E+03	 3.43331438980583E-01
 1.97402759483509E+03	 3.36346660406946E-01
 1.97403033273512E+03	 2.01427247385113E-01
 1.97403307063515E+03	-3.29817545877999E-04
 1.97403580853519E+03	-1.93204957780410E-01
 1.97403854643522E+03	-3.29830582836035E-01
 1.97404128433525E+03	-3.98242054202727E-01
 1.97404402223528E+03	-4.01064042793849E-01
 1.97404676013531E+03	-3.39605544799754E-01
 1.97404949803534E+03	-2.19755455951745E-01
 1.97405223593537E+03	-6.55413907145392E-02
 1.97405497383540E+03	 8.38015573008394E-02
 1.97405771173543E+03	 1.97167648056978E-01
 1.97406044963546E+03	 2.72142890569821E-01
 1.97406318753549E+03	 3.27830275307315E-01
 1.97406592543552E+03	 3.74322541351073E-01
 1.97406866333555E+03	 3.91658726077876E-01
 1.97407140123559E+03	 3.43502881628455E-01
 1.97407413913562E+03	 2.13534192515870E-01
 1.97407687703565E+03	 2.79643070281250E-02
 1.97407961493568E+03	-1.57344135192556E-01
 1.97408235283571E+03	-2.90536579586956E-01
 1.97408509073574E+03	-3.45757676044364E-01
 1.97408782863577E+03	-3.18574102299081E-01
 1.97409056653580E+03	-2.11804379579490E-01
 1.97409330443583E+03	-3.77982446220812E-02
 1.97409604233586E+03	 1.63263802491001E-01
 1.97409878023589E+03	 3.19720160484465E-01
 1.97410151813592E+03	 3.61275286386876E-01
 1.97410425603595E+03	 2.66537781064032E-01
 1.97410699393598E+03	 7.90400575810640E-02
 1.97410973183602E+03	-1.25080816372901E-01
 1.97411246973605E+03	-2.85342389264795E-01
 1.97411520763608E+03	-3.78069022694491E-01
 1.97411794553611E+03	-4.02870558007483E-01
 1.97412068343614E+03	-3.62188103593959E-01
 1.97412342133617E+03	-2.59437690187610E-01
 1.97412615923620E+03	-1.12104852252449E-01
 1.97412889713623E+03	 4.37347056288155E-02
 1.97413163503626E+03	 1.70807688034485E-01
 1.97413437293629E+03	 2.55410866708851E-01
 1.97413711083632E+03	 3.11642236105315E-01
 1.97413984873635E+03	 3.56896931967263E-01
 1.97414258663638E+03	 3.83595873141228E-01
 1.97414532453642E+03	 3.59327524867568E-01
 1.97414806243645E+03	 2.57785453513436E-01
 1.97415080033648E+03	 8.94977913452210E-02
 1.97415353823651E+03	-9.81044592573447E-02
 1.97415627613654E+03	-2.49596481880493E-01
 1.97415901403657E+03	-3.30149520207403E-01
 1.97416175193660E+03	-3.29759435015682E-01
 1.97416448983663E+03	-2.49471568531279E-01
 1.97416722773666E+03	-9.63378938723017E-02
 1.97416996563669E+03	 1.01428451640833E-01
 1.97417270353672E+03	 2.81791785221360E-01
 1.97417544143675E+03	 3.68894292903582E-01
 1.97417817933678E+03	 3.20099751011038E-01
 1.97418091723682E+03	 1.57218050427330E-01
 1.97418365513685E+03	-4.99819143559782E-02
 1.97418639303688E+03	-2.31211124553393E-01
 1.97418913093691E+03	-3.49301403958990E-01
 1.97419186883694E+03	-3.97568061892243E-01
 1.97419460673697E+03	-3.78739671361573E-01
 1.97419734463700E+03	-2.95388129076693E-01
 1.97420008253703E+03	-1.59351715656281E-01
 1.97420282043706E+03	-1.43768919274402E-03
 1.97420555833709E+03	 1.38339167118643E-01
 1.97420829623712E+03	 2.35699508705618E-01
 1.97421103413715E+03	 2.96161089636109E-01
 1.97421377203718E+03	 3.39867630950538E-01
 1.97421650993722E+03	 3.70970231883134E-01
 1.97421924783725E+03	 3.65191692270236E-01
 1.97422198573728E+03	 2.91197406771710E-01
 1.97422472363731E+03	 1.44837405604353E-01
 1.97422746153734E+03	-3.82770856221465E-02
 1.97423019943737E+03	-2.03138766085199E-01
 1.97423293733740E+03	-3.06936308263617E-01
 1.97423567523743E+03	-3.32537900332466E-01
 1.97423841313746E+03	-2.78626482421679E-01
 1.97424115103749E+03	-1.49082096343006E-01
 1.97424388893752E+03	 3.78968253220990E-02
 1.97424662683755E+03	 2.32318516591628E-01
 1.97424936473758E+03	 3.59116499247681E-01
 1.97425210263761E+03	 3.58998226844569E-01
 1.97425484053765E+03	 2.30186267095720E-01
 1.97425757843768E+03	 2.95722300387957E-02
 1.97426031633771E+03	-1.67778728316979E-01
 1.97426305423774E+03	-3.11130976038387E-01
 1.97426579213777E+03	-3.84342845133708E-01
 1.97426853003780E+03	-3.88514841301841E-01
 1.97427126793783E+03	-3.26322954989439E-01
 1.97427400583786E+03	-2.05439720369901E-01
 1.97427674373789E+03	-5.03802227789371E-02
 1.97427948163792E+03	 9.94593791392680E-02
 1.97428221953795E+03	 2.11321904375466E-01
 1.97428495743798E+03	 2.80033473972219E-01
 1.97428769533801E+03	 3.23759162386990E-01
 1.97429043323805E+03	 3.55922695244127E-01
 1.97429317113808E+03	 3.62988776915858E-01
 1.97429590903811E+03	 3.13769327366902E-01
 1.97429864693814E+03	 1.92130676921312E-01
 1.97430138483817E+03	 1.98428444424814E-02
 1.97430412273820E+03	-1.52682266635715E-01
 1.97430686063823E+03	-2.76823276085499E-01
 1.97430959853826E+03	-3.27347102296674E-01
 1.97431233643829E+03	-2.99291907918858E-01
 1.97431507433832E+03	-1.94670044923662E-01
 1.97431781223835E+03	-2.42381676358830E-02
 1.97432055013838E+03	 1.74638801898400E-01
 1.97432328803841E+03	 3.33084830153893E-01
 1.97432602593845E+03	 3.81098525694143E-01
 1.97432876383848E+03	 2.93948167582339E-01
 1.97433150173851E+03	 1.10283991342382E-01
 1.97433423963854E+03	-9.62163069581324E-02
 1.97433697753857E+03	-2.63098808935307E-01
 1.97433971543860E+03	-3.62353506620831E-01
 1.97434245333863E+03	-3.90779072538482E-01
 1.97434519123866E+03	-3.51146786762724E-01
 1.97434792913869E+03	-2.48579314261448E-01
 1.97435066703872E+03	-1.01333707832497E-01
 1.97435340493875E+03	 5.46066099244962E-02
 1.97435614283878E+03	 1.81026637170878E-01
 1.97435888073881E+03	 2.61595014476958E-01
 1.97436161863884E+03	 3.08312874711278E-01
 1.97436435653888E+03	 3.40096378659978E-01
 1.97436709443891E+03	 3.54875283036933E-01
 1.97436983233894E+03	 3.26268956954975E-01
 1.97437257023897E+03	 2.30137571494197E-01
 1.97437530813900E+03	 7.40373721640837E-02
 1.97437804603903E+03	-1.00004554045347E-01
 1.97438078393906E+03	-2.40700639803974E-01
 1.97438352183909E+03	-3.14673120028766E-01
 1.97438625973912E+03	-3.11733685007513E-01
 1.97438899763915E+03	-2.32347256151663E-01
 1.97439173553918E+03	-8.24194310782004E-02
 1.97439447343921E+03	 1.12307321381946E-01
 1.97439721133924E+03	 2.93016120665395E-01
 1.97439994923928E+03	 3.85460427850225E-01
 1.97440268713931E+03	 3.44931439741727E-01
 1.97440542503934E+03	 1.88328328033571E-01
 1.97440816293937E+03	-1.85739017936169E-02
 1.97441090083940E+03	-2.05296903166404E-01
 1.97441363873943E+03	-3.30851222694213E-01
 1.97441637663946E+03	-3.84785555066961E-01
 1.97441911453949E+03	-3.68926310758046E-01
 1.97442185243952E+03	-2.87145924722164E-01
 1.97442459033955E+03	-1.52309974221745E-01
 1.97442732823958E+03	 4.89886449019956E-03
 1.97443006613961E+03	 1.44192060197219E-01
 1.97443280403964E+03	 2.39171893380801E-01
 1.97443554193968E+03	 2.92610461545104E-01
 1.97443827983971E+03	 3.24464990657332E-01
 1.97444101773974E+03	 3.42978333807684E-01
 1.97444375563977E+03	 3.30090616106971E-01
 1.97444649353980E+03	 2.58328799201042E-01
 1.97444923143983E+03	 1.22351973662538E-01
 1.97445196933986E+03	-4.70621039960832E-02
 1.97445470723989E+03	-1.99685193665773E-01
 1.97445744513992E+03	-2.95059047276149E-01
 1.97446018303995E+03	-3.16344053134006E-01
 1.97446292093998E+03	-2.61858002037838E-01
 1.97446565884001E+03	-1.34743388755928E-01
 1.97446839674004E+03	 4.87573712216531E-02
 1.97447113464007E+03	 2.41933086871304E-01
 1.97447387254011E+03	 3.72413249811439E-01
 1.97447661044014E+03	 3.80354508662926E-01
 1.97447934834017E+03	 2.59691526259802E-01
 1.97448208624020E+03	 6.22842937834306E-02
 1.97448482414023E+03	-1.38530151520530E-01
 1.97448756204026E+03	-2.89339882857916E-01
 1.97449029994029E+03	-3.69794416295045E-01
 1.97449303784032E+03	-3.78846646753341E-01
 1.97449577574035E+03	-3.19739850141035E-01
 1.97449851364038E+03	-2.01281024230091E-01
 1.97450125154041E+03	-4.80059186843895E-02
 1.97450398944044E+03	 1.00922924426129E-01
 1.97450672734047E+03	 2.11368477034940E-01
 1.97450946524051E+03	 2.75288851432444E-01
 1.97451220314054E+03	 3.09268936225883E-01
 1.97451494104057E+03	 3.29125098488058E-01
 1.97451767894060E+03	 3.27041468636543E-01
 1.97452041684063E+03	 2.76902396495582E-01
 1.97452315474066E+03	 1.63267494451049E-01
 1.97452589264069E+03	 4.13292384785665E-03
 1.97452863054072E+03	-1.55134785920503E-01
 1.97453136844075E+03	-2.69143303713455E-01
 1.97453410634078E+03	-3.13561613316052E-01
 1.97453684424081E+03	-2.83302702129796E-01
 1.97453958214084E+03	-1.79978519824481E-01
 1.97454232004087E+03	-1.29806625059656E-02
 1.97454505794091E+03	 1.83326142579170E-01
 1.97454779584094E+03	 3.43485280577652E-01
 1.97455053374097E+03	 3.98507338246840E-01
 1.97455327164100E+03	 3.20555152013729E-01
 1.97455600954103E+03	 1.42859757712073E-01
 1.97455874744106E+03	-6.44060935441700E-02
 1.97456148534109E+03	-2.37751172329146E-01
 1.97456422324112E+03	-3.45140172263417E-01
 1.97456696114115E+03	-3.80171979324347E-01
 1.97456969904118E+03	-3.45197099308690E-01
 1.97457243694121E+03	-2.46335734557017E-01
 1.97457517484124E+03	-1.02098674019175E-01
 1.97457791274127E+03	 5.20443923971697E-02
 1.97458065064131E+03	 1.77300490821146E-01
 1.97458338854134E+03	 2.54810364026624E-01
 1.97458612644137E+03	 2.94063672145159E-01
 1.97458886434140E+03	 3.14631587113021E-01
 1.97459160224143E+03	 3.19086133354174E-01
 1.97459434014146E+03	 2.86714434851209E-01
 1.97459707804149E+03	 1.95831747799107E-01
 1.97459981594152E+03	 5.16650837423234E-02
 1.97460255384155E+03	-1.08623517135704E-01
 1.97460529174158E+03	-2.37711040883471E-01
 1.97460802964161E+03	-3.03837107805928E-01
 1.97461076754164E+03	-2.96991317006148E-01
 1.97461350544167E+03	-2.17497523542407E-01
 1.97461624334170E+03	-7.04730046077919E-02
 1.97461898124174E+03	 1.20794585578318E-01
 1.97462171914177E+03	 3.01202246095224E-01
 1.97462445704180E+03	 3.98909759010263E-01
 1.97462719494183E+03	 3.67674728569154E-01
 1.97462993284186E+03	 2.19297362005338E-01
 1.97463267074189E+03	 1.46707345078823E-02
 1.97463540864192E+03	-1.76604077477184E-01
 1.97463814654195E+03	-3.10342447498909E-01
 1.97464088444198E+03	-3.72229891400418E-01
 1.97464362234201E+03	-3.62564185364850E-01
 1.97464636024204E+03	-2.85786828893194E-01
 1.97464909814207E+03	-1.55223365982802E-01
 1.97465183604210E+03	-9.95515593959480E-04
 1.97465457394214E+03	 1.36744194640310E-01
 1.97465731184217E+03	 2.29745581230278E-01
 1.97466004974220E+03	 2.77867906411259E-01
 1.97466278764223E+03	 3.00178617489643E-01
 1.97466552554226E+03	 3.08085825971030E-01
 1.97466826344229E+03	 2.89132507194972E-01
 1.97467100134232E+03	 2.19729905530136E-01
 1.97467373924235E+03	 9.38765343711837E-02
 1.97467647714238E+03	-6.18733435140969E-02
 1.97467921504241E+03	-2.01739390081070E-01
 1.97468195294244E+03	-2.87643530712544E-01
 1.97468469084247E+03	-3.03320301559597E-01
 1.97468742874250E+03	-2.47148280869218E-01
 1.97469016664254E+03	-1.21972851286121E-01
 1.97469290454257E+03	 5.77164217570684E-02
 1.97469564244260E+03	 2.48787733153615E-01
 1.97469838034263E+03	 3.82328638548574E-01
 1.97470111824266E+03	 3.98702743293475E-01
 1.97470385614269E+03	 2.87728447993824E-01
 1.97470659404272E+03	 9.56094820869898E-02
 1.97470933194275E+03	-1.07117835651421E-01
 1.97471206984278E+03	-2.65244656622300E-01
 1.97471480774281E+03	-3.54432672845156E-01
 1.97471754564284E+03	-3.71056158666316E-01
 1.97472028354287E+03	-3.18222486216177E-01
 1.97472302144290E+03	-2.05264686928039E-01
 1.97472575934293E+03	-5.62910442264175E-02
 1.97472849724297E+03	 9.01869778577739E-02
 1.97473123514300E+03	 1.99026926492492E-01
 1.97473397304303E+03	 2.59384810755207E-01
 1.97473671094306E+03	 2.85789012803809E-01
 1.97473944884309E+03	 2.95568561908207E-01
 1.97474218674312E+03	 2.85832190613078E-01
 1.97474492464315E+03	 2.35281503451079E-01
 1.97474766254318E+03	 1.29512745836907E-01
 1.97475040044321E+03	-1.66465915894331E-02
 1.97475313834324E+03	-1.62418761212686E-01
 1.97475587624327E+03	-2.65519546209417E-01
 1.97475861414330E+03	-3.02692591853250E-01
 1.97476135204333E+03	-2.69095834315799E-01
 1.97476408994337E+03	-1.66409422711189E-01
 1.97476682784340E+03	-3.01192904866403E-03
 1.97476956574343E+03	 1.89810991355299E-01
 1.97477230364346E+03	 3.50655822088261E-01
 1.97477504154349E+03	 4.12413388173591E-01
 1.97477777944352E+03	 3.44636027142101E-01
 1.97478051734355E+03	 1.74842652559359E-01
 1.97478325524358E+03	-3.12522552885563E-02
 1.97478599314361E+03	-2.10157451205690E-01
 1.97478873104364E+03	-3.26339889909879E-01
 1.97479146894367E+03	-3.70019049618560E-01
 1.97479420684370E+03	-3.42508454422519E-01
 1.97479694474373E+03	-2.50294619183208E-01
 1.97479968264377E+03	-1.11679491697832E-01
 1.97480242054380E+03	 3.87810298115481E-02
 1.97480515844383E+03	 1.62138081454143E-01
 1.97480789634386E+03	 2.37259754130608E-01
 1.97481063424389E+03	 2.70904527589692E-01
 1.97481337214392E+03	 2.82561658477884E-01
 1.97481611004395E+03	 2.78565109943490E-01
 1.97481884794398E+03	 2.43362706053395E-01
 1.97482158584401E+03	 1.57830378680039E-01
 1.97482432374404E+03	 2.53879389118926E-02
 1.97482706164407E+03	-1.21137472094889E-01
 1.97482979954410E+03	-2.38128497704410E-01
 1.97483253744413E+03	-2.95489179418728E-01
 1.97483527534416E+03	-2.83668492136955E-01
 1.97483801324420E+03	-2.03293562979857E-01
 1.97484075114423E+03	-5.91388283804509E-02
 1.97484348904426E+03	 1.27832414843912E-01
 1.97484622694429E+03	 3.06668560972090E-01
 1.97484896484432E+03	 4.08800678816152E-01
 1.97485170274435E+03	 3.87194672798248E-01
 1.97485444064438E+03	 2.48613429064092E-01
 1.97485717854441E+03	 4.83410840515591E-02
 1.97485991644444E+03	-1.45979755542756E-01
 1.97486265434447E+03	-2.87756417978242E-01
 1.97486539224450E+03	-3.58915232911737E-01
 1.97486813014453E+03	-3.57755812253721E-01
 1.97487086804456E+03	-2.88663942682581E-01
 1.97487360594460E+03	-1.64943909038820E-01
 1.97487634384463E+03	-1.57834950243127E-02
 1.97487908174466E+03	 1.19216622121368E-01
 1.97488181964469E+03	 2.10334570493728E-01
 1.97488455754472E+03	 2.54546169436679E-01
 1.97488729544475E+03	 2.69507766293174E-01
 1.97489003334478E+03	 2.68931195911173E-01
 1.97489277124481E+03	 2.45263656781926E-01
 1.97489550914484E+03	 1.78649593617006E-01
 1.97489824704487E+03	 6.27965818260188E-02
 1.97490098494490E+03	-7.94246043933954E-02
 1.97490372284493E+03	-2.06312533806935E-01
 1.97490646074496E+03	-2.82089234101717E-01
 1.97490919864500E+03	-2.91236143354787E-01
 1.97491193654503E+03	-2.32569308185599E-01
 1.97491467444506E+03	-1.09113768257936E-01
 1.97491741234509E+03	 6.60937777910909E-02
 1.97492015024512E+03	 2.53709961663390E-01
 1.97492288814515E+03	 3.89039957948788E-01
 1.97492562604518E+03	 4.13540636879177E-01
 1.97492836394521E+03	 3.13306898981878E-01
 1.97493110184524E+03	 1.28460446631324E-01
 1.97493383974527E+03	-7.42709487603362E-02
 1.97493657764530E+03	-2.38850849816547E-01
 1.97493931554533E+03	-3.37343683321438E-01
 1.97494205344536E+03	-3.63274980173086E-01
 1.97494479134540E+03	-3.19036961132778E-01
 1.97494752924543E+03	-2.13988027649025E-01
 1.97495026714546E+03	-7.14585603559202E-02
 1.97495300504549E+03	 7.10623195072941E-02
 1.97495574294552E+03	 1.77861365223879E-01
 1.97495848084555E+03	 2.35529856802075E-01
 1.97496121874558E+03	 2.56272620255077E-01
 1.97496395664561E+03	 2.58186645170126E-01
 1.97496669454564E+03	 2.42500464729776E-01
 1.97496943244567E+03	 1.92341022587496E-01
 1.97497217034570E+03	 9.45086189842427E-02
 1.97497490824573E+03	-3.88546593942774E-02
 1.97497764614576E+03	-1.71122877596544E-01
 1.97498038404579E+03	-2.62925633252956E-01
 1.97498312194583E+03	-2.92139239913052E-01
 1.97498585984586E+03	-2.54446362709484E-01
 1.97498859774589E+03	-1.52044868262221E-01
 1.97499133564592E+03	 7.28984314376432E-03
 1.97499407354595E+03	 1.95336400128615E-01
 1.97499681144598E+03	 3.55322298481822E-01
 1.97499954934601E+03	 4.22937406331546E-01
 1.97500228724604E+03	 3.65783857064660E-01
 1.97500502514607E+03	 2.05578064080428E-01
 1.97500776304610E+03	 2.74679048332137E-03
 1.97501050094613E+03	-1.80272434003087E-01
 1.97501323884616E+03	-3.05098019711829E-01
 1.97501597674619E+03	-3.58537403807767E-01
 1.97501871464623E+03	-3.40379020561135E-01
 1.97502145254626E+03	-2.56962625633429E-01
 1.97502419044629E+03	-1.26038978397045E-01
 1.97502692834632E+03	 1.90587383744703E-02
 1.97502966624635E+03	 1.39647558874925E-01
 1.97503240414638E+03	 2.12702523329142E-01
 1.97503514204641E+03	 2.42238785118953E-01
 1.97503787994644E+03	 2.47113182421838E-01
 1.97504061784647E+03	 2.36608083886939E-01
 1.97504335574650E+03	 1.99747353679907E-01
 1.97504609364653E+03	 1.19909735947179E-01
 1.97504883154656E+03	-9.25688957680047E-04
 1.97505156944659E+03	-1.33812564269215E-01
 1.97505430734663E+03	-2.38555915757483E-01
 1.97505704524666E+03	-2.86674693452014E-01
 1.97505978314669E+03	-2.69247403408830E-01
 1.97506252104672E+03	-1.87580524540772E-01
 1.97506525894675E+03	-4.65576453972546E-02
 1.97506799684678E+03	 1.34980555010957E-01
 1.97507073474681E+03	 3.10588858194616E-01
 1.97507347264684E+03	 4.15816763558465E-01
 1.97507621054687E+03	 4.03674427986363E-01
 1.97507894844690E+03	 2.76123490087622E-01
 1.97508168634693E+03	 8.22675582215047E-02
 1.97508442424696E+03	-1.13241762119306E-01
 1.97508716214699E+03	-2.62255395832664E-01
 1.97508990004702E+03	-3.43162578961105E-01
 1.97509263794706E+03	-3.51914755675797E-01
 1.97509537584709E+03	-2.92334245460621E-01
 1.97509811374712E+03	-1.77351899460436E-01
 1.97510085164715E+03	-3.49715048475743E-02
 1.97510358954718E+03	 9.61165289434191E-02
 1.97510632744721E+03	 1.85162767585330E-01
 1.97510906534724E+03	 2.26467136404484E-01
 1.97511180324727E+03	 2.35964515578245E-01
 1.97511454114730E+03	 2.28942967451539E-01
 1.97511727904733E+03	 2.02049355931534E-01
 1.97512001694736E+03	 1.38885074794323E-01
 1.97512275484739E+03	 3.30713799013706E-02
 1.97512549274742E+03	-9.57859369600929E-02
 1.97512823064746E+03	-2.09726193843777E-01
 1.97513096854749E+03	-2.75132539483731E-01
 1.97513370644752E+03	-2.77297135653128E-01
 1.97513644434755E+03	-2.15748082910237E-01
 1.97513918224758E+03	-9.41204647516480E-02
 1.97514192014761E+03	 7.56727514053846E-02
 1.97514465804764E+03	 2.58205061028050E-01
 1.97514739594767E+03	 3.93693055572310E-01
 1.97515013384770E+03	 4.25593701387106E-01
 1.97515287174773E+03	 3.36793057462436E-01
 1.97515560964776E+03	 1.61061902059053E-01
 1.97515834754779E+03	-3.95919408245894E-02
 1.97516108544782E+03	-2.09280573914548E-01
 1.97516382334786E+03	-3.16940646673844E-01
 1.97516656124789E+03	-3.53079045782333E-01
 1.97516929914792E+03	-3.18899409394387E-01
 1.97517203704795E+03	-2.23409378567621E-01
 1.97517477494798E+03	-8.89492253974389E-02
 1.97517751284801E+03	 4.82825025932103E-02
 1.97518025074804E+03	 1.52434864817783E-01
 1.97518298864807E+03	 2.07898634077705E-01
 1.97518572654810E+03	 2.24493986776531E-01
 1.97518846444813E+03	 2.20522549585320E-01
 1.97519120234816E+03	 2.00594585180765E-01
 1.97519394024819E+03	 1.51803189715423E-01
 1.97519667814822E+03	 6.21716151987961E-02
 1.97519941604825E+03	-5.85082510759214E-02
 1.97520215394829E+03	-1.77407683326626E-01
 1.97520489184832E+03	-2.57866912061841E-01
 1.97520762974835E+03	-2.78868719577494E-01
 1.97521036764838E+03	-2.36785745203785E-01
 1.97521310554841E+03	-1.34692804233783E-01
 1.97521584344844E+03	 1.98509924813488E-02
 1.97521858134847E+03	 2.01620684037566E-01
 1.97522131924850E+03	 3.58966002890292E-01
 1.97522405714853E+03	 4.31252167378000E-01
 1.97522679504856E+03	 3.84847197708951E-01
 1.97522953294859E+03	 2.35705272294884E-01
 1.97523227084862E+03	 3.82571698670540E-02
 1.97523500874865E+03	-1.47123569518940E-01
 1.97523774664869E+03	-2.79891192125688E-01
 1.97524048454872E+03	-3.43481808444464E-01
 1.97524322244875E+03	-3.35757887297145E-01
 1.97524596034878E+03	-2.62508523422659E-01
 1.97524869824881E+03	-1.40727677073572E-01
 1.97525143614884E+03	-2.34824946096986E-03
 1.97525417404887E+03	 1.14574340979495E-01
 1.97525691194890E+03	 1.85564476362792E-01
 1.97525964984893E+03	 2.12055302573239E-01
 1.97526238774896E+03	 2.11922668639785E-01
 1.97526512564899E+03	 1.96712608210587E-01
 1.97526786354902E+03	 1.59441156165933E-01
 1.97527060144905E+03	 8.58233022524155E-02
 1.97527333934909E+03	-2.33871799045011E-02
 1.97527607724912E+03	-1.42791632078622E-01
 1.97527881514915E+03	-2.35378454002411E-01
 1.97528155304918E+03	-2.74189887505945E-01
 1.97528429094921E+03	-2.51000557436798E-01
 1.97528702884924E+03	-1.68055744883537E-01
 1.97528976674927E+03	-3.07262538533478E-02
 1.97529250464930E+03	 1.44060756427190E-01
 1.97529524254933E+03	 3.14642223084036E-01
 1.97529798044936E+03	 4.21448322536912E-01
 1.97530071834939E+03	 4.18357886437790E-01
 1.97530345624942E+03	 3.02850800028933E-01
 1.97530619414945E+03	 1.17399761669810E-01
 1.97530893204949E+03	-7.72872459267096E-02
 1.97531166994952E+03	-2.32349034960781E-01
 1.97531440784955E+03	-3.22902430981459E-01
 1.97531714574958E+03	-3.42265312508066E-01
 1.97531988364961E+03	-2.93275731512462E-01
 1.97532262154964E+03	-1.88259932105732E-01
 1.97532535944967E+03	-5.39276081672569E-02
 1.97532809734970E+03	 7.21955409370656E-02
 1.97533083524973E+03	 1.58773486193414E-01
 1.97533357314976E+03	 1.97757816204296E-01
 1.97533631104979E+03	 2.03245012307590E-01
 1.97533904894982E+03	 1.91542479986038E-01
 1.97534178684985E+03	 1.62860137115984E-01
 1.97534452474988E+03	 1.03927970915967E-01
 1.97534726264992E+03	 8.35571808498650E-03
 1.97535000054995E+03	-1.07237270038602E-01
 1.97535273844998E+03	-2.08383740287747E-01
 1.97535547635001E+03	-2.63498345926305E-01
 1.97535821425004E+03	-2.58676305555722E-01
 1.97536095215007E+03	-1.94312031355855E-01
 1.97536369005010E+03	-7.49678133139902E-02
 1.97536642795013E+03	 8.82841224671351E-02
 1.97536916585016E+03	 2.64015438007768E-01
 1.97537190375019E+03	 3.97947099288470E-01
 1.97537464165022E+03	 4.36374584191015E-01
 1.97537737955025E+03	 3.59514550472964E-01
 1.97538011745028E+03	 1.94616721066084E-01
 1.97538285535032E+03	-1.84363200027408E-03
 1.97538559325035E+03	-1.75059586042632E-01
 1.97538833115038E+03	-2.91321004532135E-01
 1.97539106905041E+03	-3.37987421511776E-01
 1.97539380695044E+03	-3.14662971356091E-01
 1.97539654485047E+03	-2.29724267668066E-01
 1.97539928275050E+03	-1.04439334921012E-01
 1.97540202065053E+03	 2.64244691475116E-02
 1.97540475855056E+03	 1.27251210608588E-01
 1.97540749645059E+03	 1.80650740698565E-01
 1.97541023435062E+03	 1.94156033780320E-01
 1.97541297225065E+03	 1.85896136083980E-01
 1.97541571015068E+03	 1.63248374181410E-01
 1.97541844805072E+03	 1.16824758125874E-01
 1.97542118595075E+03	 3.58025239203501E-02
 1.97542392385078E+03	-7.21771989223165E-02
 1.97542666175081E+03	-1.77850680618913E-01
 1.97542939965084E+03	-2.47126222126672E-01
 1.97543213755087E+03	-2.60042451865134E-01
 1.97543487545090E+03	-2.13726609394481E-01
 1.97543761335093E+03	-1.12356827334989E-01
 1.97544035125096E+03	 3.64332202355404E-02
 1.97544308915099E+03	 2.10348684778278E-01
 1.97544582705102E+03	 3.63263210701438E-01
 1.97544856495105E+03	 4.38987851583273E-01
 1.97545130285108E+03	 4.03338037253926E-01
 1.97545404075111E+03	 2.66605397108075E-01
 1.97545677865115E+03	 7.66157302848085E-02
 1.97545951655118E+03	-1.09261382681180E-01
 1.97546225445121E+03	-2.48983376107201E-01
 1.97546499235124E+03	-3.22675262975254E-01
 1.97546773025127E+03	-3.25912797700996E-01
 1.97547046815130E+03	-2.63597907766188E-01
 1.97547320605133E+03	-1.51868292942533E-01
 1.97547594395136E+03	-2.12085950245101E-02
 1.97547868185139E+03	 9.12145101540705E-02
 1.97548141975142E+03	 1.59907899098149E-01
 1.97548415765145E+03	 1.83988284133774E-01
 1.97548689555148E+03	 1.80175701061053E-01
 1.97548963345151E+03	 1.61753601258374E-01
 1.97549237135155E+03	 1.25219288196360E-01
 1.97549510925158E+03	 5.84252754562729E-02
 1.97549784715161E+03	-3.89935541361052E-02
 1.97550058505164E+03	-1.44986342706410E-01
 1.97550332295167E+03	-2.25588055774889E-01
 1.97550606085170E+03	-2.55301440154673E-01
 1.97550879875173E+03	-2.26602726453369E-01
 1.97551153665176E+03	-1.42806703193325E-01
 1.97551427455179E+03	-1.00174544985452E-02
 1.97551701245182E+03	 1.56598461789850E-01
 1.97551975035185E+03	 3.20380721400395E-01
 1.97552248825188E+03	 4.27283678993607E-01
 1.97552522615191E+03	 4.32794587520390E-01
 1.97552796405195E+03	 3.30241963957332E-01
 1.97553070195198E+03	 1.55100491414701E-01
 1.97553343985201E+03	-3.67326736012095E-02
 1.97553617775204E+03	-1.96487383206356E-01
 1.97553891565207E+03	-2.96273660147670E-01
 1.97554165355210E+03	-3.26513277807530E-01
 1.97554439145213E+03	-2.88680885343352E-01
 1.97554712935216E+03	-1.94341929834544E-01
 1.97554986725219E+03	-6.89144384585117E-02
 1.97555260515222E+03	 5.13766156966140E-02
 1.97555534305225E+03	 1.34986419561600E-01
 1.97555808095228E+03	 1.71886391894811E-01
 1.97556081885231E+03	 1.74354418825689E-01
 1.97556355675234E+03	 1.59328469966095E-01
 1.97556629465238E+03	 1.30066002962536E-01
 1.97556903255241E+03	 7.61253298459790E-02
 1.97557177045244E+03	-8.88466224331649E-03
 1.97557450835247E+03	-1.11173646459298E-01
 1.97557724625250E+03	-1.99646913591037E-01
 1.97557998415253E+03	-2.44699407846253E-01
 1.97558272205256E+03	-2.33212713593835E-01
 1.97558545995259E+03	-1.66500502724110E-01
 1.97558819785262E+03	-5.02227489453743E-02
 1.97559093575265E+03	 1.05211441601590E-01
 1.97559367365268E+03	 2.72447326468304E-01
 1.97559641155271E+03	 4.03196349775786E-01
 1.97559914945274E+03	 4.47312931325497E-01
 1.97560188735278E+03	 3.82845366547543E-01
 1.97560462525281E+03	 2.30407111958227E-01
 1.97560736315284E+03	 4.02173326719158E-02
 1.97561010105287E+03	-1.34870378589613E-01
 1.97561283895290E+03	-2.58965556475579E-01
 1.97561557685293E+03	-3.16163585043981E-01
 1.97561831475296E+03	-3.04081652951389E-01
 1.97562105265299E+03	-2.30229326453456E-01
 1.97562379055302E+03	-1.14802754175679E-01
 1.97562652845305E+03	 8.88871259739781E-03
 1.97562926635308E+03	 1.05738626640062E-01
 1.97563200425311E+03	 1.56974315845169E-01
 1.97563474215314E+03	 1.68021350141297E-01
 1.97563748005318E+03	 1.56610502597818E-01
 1.97564021795321E+03	 1.32420279819757E-01
 1.97564295585324E+03	 8.92173411241789E-02
 1.97564569375327E+03	 1.72553445919182E-02
 1.97564843165330E+03	-7.78639629363048E-02
 1.97565116955333E+03	-1.70338366822112E-01
 1.97565390745336E+03	-2.28616790471230E-01
 1.97565664535339E+03	-2.33789157603241E-01
 1.97565938325342E+03	-1.83746564610716E-01
 1.97566212115345E+03	-8.38599169697968E-02
 1.97566485905348E+03	 5.80109603752533E-02
 1.97566759695351E+03	 2.22482977663945E-01
 1.97567033485354E+03	 3.69281081988915E-01
 1.97567307275358E+03	 4.47302171940582E-01
 1.97567581065361E+03	 4.22409805042556E-01
 1.97567854855364E+03	 2.99352337084032E-01
 1.97568128645367E+03	 1.18824268425099E-01
 1.97568402435370E+03	-6.56747229677625E-02
 1.97568676225373E+03	-2.11244613774598E-01
 1.97568950015376E+03	-2.94765992389266E-01
 1.97569223805379E+03	-3.09182540619400E-01
 1.97569497595382E+03	-2.58193481607614E-01
 1.97569771385385E+03	-1.57028635178336E-01
 1.97570045175388E+03	-3.47668138680269E-02
 1.97570318965391E+03	 7.24650745997725E-02
 1.97570592755394E+03	 1.38518767798693E-01
 1.97570866545397E+03	 1.60480696393539E-01
 1.97571140335401E+03	 1.53852722523928E-01
 1.97571414125404E+03	 1.33281482535018E-01
 1.97571687915407E+03	 9.83582830441179E-02
 1.97571961705410E+03	 3.89228628348016E-02
 1.97572235495413E+03	-4.64418182761840E-02
 1.97572509285416E+03	-1.38941143178350E-01
 1.97572783075419E+03	-2.07651917132011E-01
 1.97573056865422E+03	-2.28568691627935E-01
 1.97573330655425E+03	-1.94875614623303E-01
 1.97573604445428E+03	-1.10983514256903E-01
 1.97573878235431E+03	 1.61753722596388E-02
 1.97574152025434E+03	 1.73137669376469E-01
 1.97574425815437E+03	 3.28437725115681E-01
 1.97574699605441E+03	 4.34075457672395E-01
 1.97574973395444E+03	 4.47775618964756E-01
 1.97575247185447E+03	 3.59028642132897E-01
 1.97575520975450E+03	 1.96012795609061E-01
 1.97575794765453E+03	 9.03094973317543E-03
 1.97576068555456E+03	-1.53999630407325E-01
 1.97576342345459E+03	-2.62451558196931E-01
 1.97576616135462E+03	-3.03605131325800E-01
 1.97576889925465E+03	-2.77202549943284E-01
 1.97577163715468E+03	-1.93909614258644E-01
 1.97577437505471E+03	-7.79107130987532E-02
 1.97577711295474E+03	 3.59065823404079E-02
 1.97577985085477E+03	 1.16065939065963E-01
 1.97578258875481E+03	 1.50889056479828E-01
 1.97578532665484E+03	 1.50913356941429E-01
 1.97578806455487E+03	 1.33449554414342E-01
 1.97579080245490E+03	 1.04430844198193E-01
 1.97579354035493E+03	 5.60411923775195E-02
 1.97579627825496E+03	-1.80839830951609E-02
 1.97579901615499E+03	-1.06894395764679E-01
 1.97580175405502E+03	-1.82672882088472E-01
 1.97580449195505E+03	-2.17869626981829E-01
 1.97580722985508E+03	-2.00193009118904E-01
 1.97580996775511E+03	-1.31874638945226E-01
 1.97581270565514E+03	-1.97038550309086E-02
 1.97581544355517E+03	 1.26523405986535E-01
 1.97581818145520E+03	 2.83621954537223E-01
 1.97582091935524E+03	 4.09683221786041E-01
 1.97582365725527E+03	 4.58715861441019E-01
 1.97582639515530E+03	 4.07050558662502E-01
 1.97582913305533E+03	 2.68599171643519E-01
 1.97583187095536E+03	 8.66913020905005E-02
 1.97583460885539E+03	-8.85887650653530E-02
 1.97583734675542E+03	-2.19636751147180E-01
 1.97584008465545E+03	-2.87192919119656E-01
 1.97584282255548E+03	-2.86513503413753E-01
 1.97584556045551E+03	-2.24003586790722E-01
 1.97584829835554E+03	-1.18806574118105E-01
 1.97585103625557E+03	-2.81749364315452E-03
 1.97585377415560E+03	 8.95342947298372E-02
 1.97585651205564E+03	 1.38409238661582E-01
 1.97585924995567E+03	 1.47304143634000E-01
 1.97586198785570E+03	 1.33415653130701E-01
 1.97586472575573E+03	 1.08397939681330E-01
 1.97586746365576E+03	 6.89390936400531E-02
 1.97587020155579E+03	 6.36284144876419E-03
 1.97587293945582E+03	-7.56725662631939E-02
 1.97587567735585E+03	-1.54820096644734E-01
 1.97587841525588E+03	-2.02178083831385E-01
 1.97588115315591E+03	-1.99986492587167E-01
 1.97588389105594E+03	-1.46913339207882E-01
 1.97588662895597E+03	-4.95073820247790E-02
 1.97588936685600E+03	 8.41324216132987E-02
 1.97589210475604E+03	 2.37580036160009E-01
 1.97589484265607E+03	 3.76678713486380E-01
 1.97589758055610E+03	 4.55926817040079E-01
 1.97590031845613E+03	 4.41760164460862E-01
 1.97590305635616E+03	 3.33531764296988E-01
 1.97590579425619E+03	 1.64372148066850E-01
 1.97590853215622E+03	-1.68803342881604E-02
 1.97591127005625E+03	-1.67098697462831E-01
 1.97591400795628E+03	-2.60021977353400E-01
 1.97591674585631E+03	-2.85645713042419E-01
 1.97591948375634E+03	-2.46147251539372E-01
 1.97592222165637E+03	-1.55786338007505E-01
 1.97592495955640E+03	-4.23102429292092E-02
 1.97592769745643E+03	 5.92540972286041E-02
 1.97593043535647E+03	 1.22358057769586E-01
 1.97593317325650E+03	 1.42288224736123E-01
 1.97593591115653E+03	 1.33302032405259E-01
 1.97593864905656E+03	 1.11149786628651E-01
 1.97594138695659E+03	 7.82731540491778E-02
 1.97594412485662E+03	 2.64640375170208E-02
 1.97594686275665E+03	-4.66376892987699E-02
 1.97594960065668E+03	-1.25452440616876E-01
 1.97595233855671E+03	-1.82216206735279E-01
 1.97595507645674E+03	-1.94577538067800E-01
 1.97595781435677E+03	-1.56494351300297E-01
 1.97596055225680E+03	-7.34456847381781E-02
 1.97596329015683E+03	 4.68398853459922E-02
 1.97596602805687E+03	 1.92637563789526E-01
 1.97596876595690E+03	 3.37846925180390E-01
 1.97597150385693E+03	 4.40923526275150E-01
 1.97597424175696E+03	 4.62364209053244E-01
 1.97597697965699E+03	 3.88141393674093E-01
 1.97597971755702E+03	 2.38932851994555E-01
 1.97598245545705E+03	 5.87595663890620E-02
 1.97598519335708E+03	-1.06049612644985E-01
 1.97598793125711E+03	-2.22441300913453E-01
 1.97599066915714E+03	-2.74361614049287E-01
 1.97599340705717E+03	-2.59462930668869E-01
 1.97599614495720E+03	-1.87347947968683E-01
 1.97599888285723E+03	-8.10188764398568E-02
 1.97600162075727E+03	 2.59530301613140E-02
 1.97600435865730E+03	 1.02327872189412E-01
 1.97600709655733E+03	 1.35011729123982E-01
 1.97600983445736E+03	 1.32858793508609E-01
 1.97601257235739E+03	 1.13366218791357E-01
 1.97601531025742E+03	 8.49048528962760E-02
 1.97601804815744E+03	 4.22235184292312E-02
 1.97602078605748E+03	-2.08940835934784E-02
 1.97602352395751E+03	-9.60417387728825E-02
 1.97602626185754E+03	-1.58970451296877E-01
 1.97602899975757E+03	-1.84395284374589E-01
 1.97603173765760E+03	-1.60994641406806E-01
 1.97603447555763E+03	-9.19186790382981E-02
 1.97603721345767E+03	 1.49769331382534E-02
 1.97603995135770E+03	 1.50562716266790E-01
 1.97604268925773E+03	 2.95931693208338E-01
 1.97604542715776E+03	 4.15854112455343E-01
 1.97604816505779E+03	 4.68983811613417E-01
 1.97605090295782E+03	 4.30369780146380E-01
 1.97605364085785E+03	 3.07248211714032E-01
 1.97605637875788E+03	 1.35544717023909E-01
 1.97605911665791E+03	-3.81877762441763E-02
 1.97606185455794E+03	-1.75134948222387E-01
 1.97606459245797E+03	-2.52667189692123E-01
 1.97606733035800E+03	-2.63347170227364E-01
 1.97607006825803E+03	-2.12219192207287E-01
 1.97607280615806E+03	-1.17358130151654E-01
 1.97607554405810E+03	-9.30471109754652E-03
 1.97607828195813E+03	 7.82668961523691E-02
 1.97608101985816E+03	 1.24648959883942E-01
 1.97608375775819E+03	 1.31516518469159E-01
 1.97608649565822E+03	 1.15414502391418E-01
 1.97608923355825E+03	 8.97506741469989E-02
 1.97609197145828E+03	 5.40485176950464E-02
 1.97609470935831E+03	 8.29169942237260E-04
 1.97609744725834E+03	-6.80311057607257E-02
 1.97610018515837E+03	-1.33666751321756E-01
 1.97610292305840E+03	-1.70047880911432E-01
 1.97610566095843E+03	-1.60788899167738E-01
 1.97610839885846E+03	-1.05401834958048E-01
 1.97611113675850E+03	-1.15490969312471E-02
 1.97611387465853E+03	 1.12512246794025E-01
 1.97611661255856E+03	 2.53394251940581E-01
 1.97611935045859E+03	 3.83257411481968E-01
 1.97612208835862E+03	 4.62609181554236E-01
 1.97612482625865E+03	 4.58945586928287E-01
 1.97612756415868E+03	 3.66455275019944E-01
 1.97613030205871E+03	 2.10413272796080E-01
 1.97613303995874E+03	 3.42961523016037E-02
 1.97613577785877E+03	-1.19190115497532E-01
 1.97613851575880E+03	-2.20837575394098E-01
 1.97614125365883E+03	-2.57456375773087E-01
 1.97614399155886E+03	-2.29389654557788E-01
 1.97614672945890E+03	-1.49819437401238E-01
 1.97614946735893E+03	-4.52125086647095E-02
 1.97615220525896E+03	 5.05105222549670E-02
 1.97615494315899E+03	 1.10540176401617E-01
 1.97615768105902E+03	 1.28485557238766E-01
 1.97616041895905E+03	 1.17297305384835E-01
 1.97616315685908E+03	 9.36280256982139E-02
 1.97616589475911E+03	 6.26568995395433E-02
 1.97616863265914E+03	 1.82467691329824E-02
 1.97617137055917E+03	-4.26805132999145E-02
 1.97617410845920E+03	-1.07690780075582E-01
 1.97617684635923E+03	-1.52367308241731E-01
 1.97617958425926E+03	-1.56298574076540E-01
 1.97618232215929E+03	-1.14374348391590E-01
 1.97618506005933E+03	-3.31145718056601E-02
 1.97618779795936E+03	 7.90557764763603E-02
 1.97619053585939E+03	 2.12230223275575E-01
 1.97619327375942E+03	 3.45795454040814E-01
 1.97619601165945E+03	 4.44964638268399E-01
 1.97619874955948E+03	 4.73483513576918E-01
 1.97620148745951E+03	 4.14194555190886E-01
 1.97620422535954E+03	 2.80229084083842E-01
 1.97620696325957E+03	 1.08772750841968E-01
 1.97620970115960E+03	-5.61505232470205E-02
 1.97621243905963E+03	-1.79464319841516E-01
 1.97621517695966E+03	-2.41702696580928E-01
 1.97621791485969E+03	-2.38119054234542E-01
 1.97622065275973E+03	-1.77055433089928E-01
 1.97622339065976E+03	-8.03321600829630E-02
 1.97622612855979E+03	 1.97636967819493E-02
 1.97622886645982E+03	 9.23032914491565E-02
 1.97623160435985E+03	 1.22886179923864E-01
 1.97623434225988E+03	 1.18657632291266E-01
 1.97623708015991E+03	 9.71203815159255E-02
 1.97623981805994E+03	 6.89407238485707E-02
 1.97624255595997E+03	 3.15235967264946E-02
 1.97624529386000E+03	-2.09263251679170E-02
 1.97624803176003E+03	-8.24632353518647E-02
 1.97625076966006E+03	-1.32410009088313E-01
 1.97625350756009E+03	-1.48053220845670E-01
 1.97625624546013E+03	-1.19293861323133E-01
 1.97625898336016E+03	-5.02460724812900E-02
 1.97626172126019E+03	 5.02630291972374E-02
 1.97626445916022E+03	 1.73862070305399E-01
 1.97626719706025E+03	 3.05994697887658E-01
 1.97626993496028E+03	 4.18301381213466E-01
 1.97627267286031E+03	 4.74491791049904E-01
 1.97627541076034E+03	 4.48813744729193E-01
 1.97627814866037E+03	 3.42019184483148E-01
 1.97628088656040E+03	 1.82293229191248E-01
 1.97628362446043E+03	 1.19659601806610E-02
 1.97628636236046E+03	-1.29512666789529E-01
 1.97628910026049E+03	-2.16268041271495E-01
 1.97629183816053E+03	-2.37933885745029E-01
 1.97629457606056E+03	-1.97936061009108E-01
 1.97629731396059E+03	-1.13205105117044E-01
 1.97630005186062E+03	-1.29585379883963E-02
 1.97630278976065E+03	 6.99058502229670E-02
 1.97630552766068E+03	 1.13889916933107E-01
 1.97630826556071E+03	 1.18838785198992E-01
 1.97631100346074E+03	 1.00481912943094E-01
 1.97631374136077E+03	 7.38070345245132E-02
 1.97631647926080E+03	 4.12162334299598E-02
 1.97631921716083E+03	-3.27995371457655E-03
 1.97632195506086E+03	-5.92898492927757E-02
 1.97632469296089E+03	-1.11405549091809E-01
 1.97632743086092E+03	-1.36740994324506E-01
 1.97633016876096E+03	-1.20611306674457E-01
 1.97633290666099E+03	-6.35144450199697E-02
 1.97633564456102E+03	 2.58311615832519E-02
 1.97633838246105E+03	 1.39112142293486E-01
 1.97634112036108E+03	 2.66027264105525E-01
 1.97634385826111E+03	 3.85145107101466E-01
 1.97634659616114E+03	 4.63285774931063E-01
 1.97634933406117E+03	 4.69505642275068E-01
 1.97635207196120E+03	 3.93219015568107E-01
 1.97635480986123E+03	 2.51769160128090E-01
 1.97635754776126E+03	 8.27024671168840E-02
 1.97636028566129E+03	-7.23714290885256E-02
 1.97636302356132E+03	-1.81636765223558E-01
 1.97636576146136E+03	-2.28624542404083E-01
 1.97636849936139E+03	-2.11579002255311E-01
 1.97637123726142E+03	-1.42450622389322E-01
 1.97637397516145E+03	-4.64200264917808E-02
 1.97637671306148E+03	 4.36904446926294E-02
 1.97637945096151E+03	 1.00851718423334E-01
 1.97638218886154E+03	 1.16989187021459E-01
 1.97638492676157E+03	 1.03595504991278E-01
 1.97638766466160E+03	 7.80205149865136E-02
 1.97639040256163E+03	 4.81577042049430E-02
 1.97639314046166E+03	 1.02154255448938E-02
 1.97639587836169E+03	-3.92118161457055E-02
 1.97639861626172E+03	-9.06569917163922E-02
 1.97640135416176E+03	-1.23228290937986E-01
 1.97640409206179E+03	-1.18810809040907E-01
 1.97640682996182E+03	-7.34685842596406E-02
 1.97640956786185E+03	 5.22632637813558E-03
 1.97641230576188E+03	 1.08249574333206E-01
 1.97641504366191E+03	 2.27556311117373E-01
 1.97641778156194E+03	 3.48031201702693E-01
 1.97642051946197E+03	 4.41818240035785E-01
 1.97642325736200E+03	 4.76360151605366E-01
 1.97642599526203E+03	 4.31893452433051E-01
 1.97642873316206E+03	 3.14195961812409E-01
 1.97643147106209E+03	 1.53260114876402E-01
 1.97643420896212E+03	-9.87592214203226E-03
 1.97643694686215E+03	-1.38639896545328E-01
 1.97643968476219E+03	-2.10252128279999E-01
 1.97644242266222E+03	-2.17361946256137E-01
 1.97644516056225E+03	-1.66842510665192E-01
 1.97644789846228E+03	-7.92671123994593E-02
 1.97645063636231E+03	 1.43540185764154E-02
 1.97645337426234E+03	 8.34150413816157E-02
 1.97645611216237E+03	 1.12195521347129E-01
 1.97645885006240E+03	 1.05989577355516E-01
 1.97646158796243E+03	 8.20722456111961E-02
 1.97646432586246E+03	 5.33030567893677E-02
 1.97646706376249E+03	 1.99608290564148E-02
 1.97646980166252E+03	-2.28834592459040E-02
 1.97647253956255E+03	-7.14074364846088E-02
 1.97647527746259E+03	-1.08535965275661E-01
 1.97647801536262E+03	-1.14454800977341E-01
 1.97648075326265E+03	-8.06109961347733E-02
 1.97648349116268E+03	-1.21847351532360E-02
 1.97648622906271E+03	 8.10943852785294E-02
 1.97648896696274E+03	 1.91659311430657E-01
 1.97649170486277E+03	 3.09261002625983E-01
 1.97649444276280E+03	 4.12448445981382E-01
 1.97649718066283E+03	 4.70321683117211E-01
 1.97649991856286E+03	 4.56903180848547E-01
 1.97650265646289E+03	 3.66894544273099E-01
 1.97650539436292E+03	 2.20655450490056E-01
 1.97650813226295E+03	 5.57134190379071E-02
 1.97651087016299E+03	-8.84975032101116E-02
 1.97651360806302E+03	-1.83168741026492E-01
 1.97651634596305E+03	-2.14926505606612E-01
 1.97651908386308E+03	-1.85361526220644E-01
 1.97652182176311E+03	-1.10132218869657E-01
 1.97652455966314E+03	-1.71119156176696E-02
 1.97652729756317E+03	 6.15770629959579E-02
 1.97653003546320E+03	 1.03624076885514E-01
 1.97653277336323E+03	 1.06909987458570E-01
 1.97653551126326E+03	 8.60944264420197E-02
 1.97653824916329E+03	 5.75598191671345E-02
 1.97654098706332E+03	 2.67121588307392E-02
 1.97654372496335E+03	-1.05000623471266E-02
 1.97654646286338E+03	-5.46951421539442E-02
 1.97654920076342E+03	-9.37696508178985E-02
 1.97655193866345E+03	-1.08214365278030E-01
 1.97655467656348E+03	-8.54077040324074E-02
 1.97655741446351E+03	-2.70315852595427E-02
 1.97656015236354E+03	 5.71556586342853E-02
 1.97656289026357E+03	 1.58831117236540E-01
 1.97656562816360E+03	 2.70708469854049E-01
 1.97656836606363E+03	 3.77680279996971E-01
 1.97657110396366E+03	 4.53056332342109E-01
 1.97657384186369E+03	 4.67992344500402E-01
 1.97657657976372E+03	 4.07740321976795E-01
 1.97657931766375E+03	 2.81925917398818E-01
 1.97658205556378E+03	 1.21787957898325E-01
 1.97658479346382E+03	-3.28423951036188E-02
 1.97658753136385E+03	-1.48048444783936E-01
 1.97659026926388E+03	-2.04182953768074E-01
 1.97659300716391E+03	-1.97226155086727E-01
 1.97659574506394E+03	-1.37725456165613E-01
 1.97659848296397E+03	-4.95083421339598E-02
 1.97660122086400E+03	 3.57079464398013E-02
 1.97660395876403E+03	 9.06499043000030E-02
 1.97660669666406E+03	 1.05434998687452E-01
 1.97660943456409E+03	 8.98334181806009E-02
 1.97661217246412E+03	 6.16297585186947E-02
 1.97661491036415E+03	 3.14386978249846E-02
 1.97661764826418E+03	-1.79062833724183E-03
 1.97662038616422E+03	-4.12233216559026E-02
 1.97662312406425E+03	-8.00123940769323E-02
 1.97662586196428E+03	-1.00869154316589E-01
 1.97662859986431E+03	-8.83180638106998E-02
 1.97663133776434E+03	-3.98755912568858E-02
 1.97663407566437E+03	 3.57785472275879E-02
 1.97663681356440E+03	 1.29057251944425E-01
 1.97663955146443E+03	 2.33698239102685E-01
 1.97664228936446E+03	 3.39903509462147E-01
 1.97664502726449E+03	 4.26745795892900E-01
 1.97664776516452E+03	 4.65783711481706E-01
 1.97665050306455E+03	 4.35348391861956E-01
 1.97665324096458E+03	 3.34361228244276E-01
 1.97665597886462E+03	 1.85525423668499E-01
 1.97665871676465E+03	 2.62913131386380E-02
 1.97666145466468E+03	-1.05920011259577E-01
 1.97666419256471E+03	-1.85321750951034E-01
 1.97666693046474E+03	-2.01908059012663E-01
 1.97666966836477E+03	-1.60906745998225E-01
 1.97667240626480E+03	-8.15289548369475E-02
 1.97667514416483E+03	 6.52524025519091E-03
 1.97667788206486E+03	 7.29563051329329E-02
 1.97668061996489E+03	 1.00615180265579E-01
 1.97668335786492E+03	 9.26841223259452E-02
 1.97668609576495E+03	 6.58863424329155E-02
 1.97668883366498E+03	 3.51512029195963E-02
 1.97669157156501E+03	 3.92057469459590E-03
 1.97669430946505E+03	-3.12693752402264E-02
 1.97669704736508E+03	-6.81969307499033E-02
 1.97669978526511E+03	-9.32690182412811E-02
 1.97670252316514E+03	-8.98267876448400E-02
 1.97670526106517E+03	-5.11848412973134E-02
 1.97670799896520E+03	 1.62770861725327E-02
 1.97671073686523E+03	 1.01938669541282E-01
 1.97671347476526E+03	 1.98964872659809E-01
 1.97671621266529E+03	 3.01170831544325E-01
 1.97671895056532E+03	 3.93835140572109E-01
 1.97672168846535E+03	 4.51680319495734E-01
 1.97672442636538E+03	 4.49188285022785E-01
 1.97672716426541E+03	 3.75732033280864E-01
 1.97672990216545E+03	 2.44073829758301E-01
 1.97673264006548E+03	 8.65270952290696E-02
 1.97673537796551E+03	-5.81882459659192E-02
 1.97673811586554E+03	-1.58832873824060E-01
 1.97674085376557E+03	-1.99140037339244E-01
 1.97674359166560E+03	-1.78736028816244E-01
 1.97674632956563E+03	-1.11859682741692E-01
 1.97674906746566E+03	-2.49691469445157E-02
 1.97675180536569E+03	 5.05926428541140E-02
 1.97675454326572E+03	 9.16170879042614E-02
 1.97675728116575E+03	 9.37791602197270E-02
 1.97676001906578E+03	 7.03063235506409E-02
 1.97676275696581E+03	 3.87263915841406E-02
 1.97676549486585E+03	 7.59148834023306E-03
 1.97676823276588E+03	-2.46522956891755E-02
 1.97677097066591E+03	-5.89806794081098E-02
 1.97677370856594E+03	-8.62590165166507E-02
 1.97677644646597E+03	-9.04614255432523E-02
 1.97677918436600E+03	-6.13408776809360E-02
 1.97678192226603E+03	-1.96427796919929E-03
 1.97678466016606E+03	 7.68436594300103E-02
 1.97678739806609E+03	 1.66690997374586E-01
 1.97679013596612E+03	 2.63037246678589E-01
 1.97679287386615E+03	 3.56767670221273E-01
 1.97679561176618E+03	 4.27685664988805E-01
 1.97679834966621E+03	 4.49610687583900E-01
 1.97680108756624E+03	 4.04485212610903E-01
 1.97680382546628E+03	 2.94766620240530E-01
 1.97680656336631E+03	 1.45257302080680E-01
 1.97680930126634E+03	-6.62941793851804E-03
 1.97681203916637E+03	-1.25528517525792E-01
 1.97681477706640E+03	-1.88923412368316E-01
 1.97681751496643E+03	-1.90503726977005E-01
 1.97682025286646E+03	-1.39266303898104E-01
 1.97682299076649E+03	-5.75774064074822E-02
 1.97682572866652E+03	 2.39854556724697E-02
 1.97682846656655E+03	 7.78500280829650E-02
 1.97683120446658E+03	 9.21181002964366E-02
 1.97683394236661E+03	 7.44650246372861E-02
 1.97683668026664E+03	 4.27550975316237E-02
 1.97683941816668E+03	 1.02969230232534E-02
 1.97684215606671E+03	-2.07673550560936E-02
 1.97684489396674E+03	-5.26477807296715E-02
 1.97684763186677E+03	-8.05787977458371E-02
 1.97685036976680E+03	-9.07833376933395E-02
 1.97685310766683E+03	-7.06637509320769E-02
 1.97685584556686E+03	-1.94292653330667E-02
 1.97685858346689E+03	 5.30613608230171E-02
 1.97686132136692E+03	 1.36610896611897E-01
 1.97686405926695E+03	 2.26478339500710E-01
 1.97686679716698E+03	 3.17741283343906E-01
 1.97686953506701E+03	 3.96165940770485E-01
 1.97687227296704E+03	 4.37780515949179E-01
 1.97687501086708E+03	 4.19877994082990E-01
 1.97687774876711E+03	 3.35343578657081E-01
 1.97688048666714E+03	 1.99802548465723E-01
 1.97688322456717E+03	 4.66515516605278E-02
 1.97688596246720E+03	-8.65601426993243E-02
 1.97688870036723E+03	-1.71538739005509E-01
 1.97689143826726E+03	-1.95746826194671E-01
 1.97689417616729E+03	-1.62663105655525E-01
 1.97689691406732E+03	-9.00056303513076E-02
 1.97689965196735E+03	-6.09489782110224E-03
 1.97690238986738E+03	 5.90589003782263E-02
 1.97690512776741E+03	 8.67164280899043E-02
 1.97690786566744E+03	 7.75947448161869E-02
 1.97691060356747E+03	 4.74373423890383E-02
 1.97691334146751E+03	 1.30458106148165E-02
 1.97691607936754E+03	-1.86857566632907E-02
 1.97691881726757E+03	-4.90590097521969E-02
 1.97692155516760E+03	-7.67544964920536E-02
 1.97692429306763E+03	-9.13476804319572E-02
 1.97692703096766E+03	-7.94395264291953E-02
 1.97692976886769E+03	-3.64483549034331E-02
 1.97693250676772E+03	 2.99344177198883E-02
 1.97693524466775E+03	 1.08157750807574E-01
 1.97693798256778E+03	 1.91891966574997E-01
 1.97694072046781E+03	 2.78516730282703E-01
 1.97694345836784E+03	 3.59585793488492E-01
 1.97694619626787E+03	 4.15523845512218E-01
 1.97694893416791E+03	 4.22030562175471E-01
 1.97695167206794E+03	 3.64148529172760E-01
 1.97695440996797E+03	 2.47605477394705E-01
 1.97695714786800E+03	 9.93091538559841E-02
 1.97695988576803E+03	-4.34182734900533E-02
 1.97696262366806E+03	-1.47559491865007E-01
 1.97696536156809E+03	-1.94257127256693E-01
 1.97696809946812E+03	-1.81160308324335E-01
 1.97697083736815E+03	-1.20961351248936E-01
 1.97697357526818E+03	-3.86035540393226E-02
 1.97697631316821E+03	 3.53722715696465E-02
 1.97697905106824E+03	 7.67518625805872E-02
 1.97698178896827E+03	 7.86959582631122E-02
 1.97698452686831E+03	 5.25398181476065E-02
 1.97698726476834E+03	 1.66093936309645E-02
 1.97699000266837E+03	-1.73057602115648E-02
 1.97699274056840E+03	-4.76627854046522E-02
 1.97699547846843E+03	-7.50048502602778E-02
 1.97699821636846E+03	-9.26364783502899E-02
 1.97700095426849E+03	-8.79358164367118E-02
 1.97700369216852E+03	-5.32094642473639E-02
 1.97700643006855E+03	 6.95484178997407E-03
 1.97700916796858E+03	 8.06283450627178E-02
 1.97701190586861E+03	 1.59175594062911E-01
 1.97701464376864E+03	 2.40299735730598E-01
 1.97701738166867E+03	 3.20252318872170E-01
 1.97702011956871E+03	 3.85108356537458E-01
 1.97702285746874E+03	 4.11887741560978E-01
 1.97702559536877E+03	 3.80276032442220E-01
 1.97702833326880E+03	 2.86437383480377E-01
 1.97703107116883E+03	 1.48889994193607E-01
 1.97703380906886E+03	 2.09632945711410E-03
 1.97703654696889E+03	-1.17864002559841E-01
 1.97703928486892E+03	-1.86087295761030E-01
 1.97704202276895E+03	-1.94092267298811E-01
 1.97704476066898E+03	-1.49237959483157E-01
 1.97704749856901E+03	-7.23136176654225E-02
 1.97705023646904E+03	 7.30229490991725E-03
 1.97705297436907E+03	 6.16871904278748E-02
 1.97705571226910E+03	 7.66832315722574E-02
 1.97705845016914E+03	 5.74211954195646E-02
 1.97706118806917E+03	 2.13868782555470E-02
 1.97706392596920E+03	-1.55328592569000E-02
 1.97706666386923E+03	-4.75701991902147E-02
 1.97706940176926E+03	-7.51824389585436E-02
 1.97707213966929E+03	-9.49766364056020E-02
 1.97707487756932E+03	-9.63956781902856E-02
 1.97707761546935E+03	-6.97874822120876E-02
 1.97708035336938E+03	-1.61842450355477E-02
 1.97708309126941E+03	 5.33392025975591E-02
 1.97708582916944E+03	 1.27861070494217E-01
 1.97708856706947E+03	 2.03707447543826E-01
 1.97709130496950E+03	 2.80100047563103E-01
 1.97709404286954E+03	 3.48986246539694E-01
 1.97709678076957E+03	 3.91093014448293E-01
 1.97709951866960E+03	 3.83645036638683E-01
 1.97710225656963E+03	 3.14591526832484E-01
 1.97710499446966E+03	 1.93000998701938E-01
 1.97710773236969E+03	 4.79383243480608E-02
 1.97711047026972E+03	-8.36375544951117E-02
 1.97711320816975E+03	-1.71557672765628E-01
 1.97711594606978E+03	-2.01031432566359E-01
 1.97711868396981E+03	-1.73779384571286E-01
 1.97712142186984E+03	-1.05917259593902E-01
 1.97712415976987E+03	-2.42994835301872E-02
 1.97712689766990E+03	 4.13535798338014E-02
 1.97712963556994E+03	 7.05432431614549E-02
 1.97713237346997E+03	 6.11200049211923E-02
 1.97713511137000E+03	 2.73289263127093E-02
 1.97713784927003E+03	-1.24614536200515E-02
 1.97714058717006E+03	-4.76858769483020E-02
 1.97714332507009E+03	-7.67658993166046E-02
 1.97714606297012E+03	-9.84601119315188E-02
 1.97714880087015E+03	-1.05007167694480E-01
 1.97715153877018E+03	-8.61775209896843E-02
 1.97715427667021E+03	-3.95793519652149E-02
 1.97715701457024E+03	 2.57524877451726E-02
 1.97715975247027E+03	 9.72815896145728E-02
 1.97716249037030E+03	 1.68816984079042E-01
 1.97716522827033E+03	 2.40542848394752E-01
 1.97716796617037E+03	 3.09533510819127E-01
 1.97717070407040E+03	 3.61790519842297E-01
 1.97717344197043E+03	 3.74986967668557E-01
 1.97717617987046E+03	 3.31036465700880E-01
 1.97717891777049E+03	 2.29496207184811E-01
 1.97718165567052E+03	 9.19228045147412E-02
 1.97718439357055E+03	-4.63551301016302E-02
 1.97718713147058E+03	-1.51263171019610E-01
 1.97718986937061E+03	-2.01794142750719E-01
 1.97719260727064E+03	-1.93723183189833E-01
 1.97719534517067E+03	-1.38121827566032E-01
 1.97719808307070E+03	-5.83202594334124E-02
 1.97720082097073E+03	 1.59853772263230E-02
 1.97720355887077E+03	 5.94815600538851E-02
 1.97720629677080E+03	 6.24903808272341E-02
 1.97720903467083E+03	 3.39300039016517E-02
 1.97721177257086E+03	-7.52996385483821E-03
 1.97721451047089E+03	-4.68765890856927E-02
 1.97721724837092E+03	-7.89105866312412E-02
 1.97721998627095E+03	-1.02885265911954E-01
 1.97722272417098E+03	-1.13853408075950E-01
 1.97722546207101E+03	-1.02318437829212E-01
 1.97722819997104E+03	-6.31405812644239E-02
 1.97723093787107E+03	-2.44235911931276E-03
 1.97723367577110E+03	 6.67430089695933E-02
 1.97723641367113E+03	 1.35282036893281E-01
 1.97723915157117E+03	 2.02408124701912E-01
 1.97724188947120E+03	 2.68819335084777E-01
 1.97724462737123E+03	 3.26380839578540E-01
 1.97724736527126E+03	 3.55747535148992E-01
 1.97725010317129E+03	 3.35506640720966E-01
 1.97725284107132E+03	 2.56659734139969E-01
 1.97725557897135E+03	 1.31865045232861E-01
 1.97725831687138E+03	-7.73636850882264E-03
 1.97726105477141E+03	-1.26075960951722E-01
 1.97726379267144E+03	-1.96443475047633E-01
 1.97726653057147E+03	-2.08424421482482E-01
 1.97726926847150E+03	-1.67730512830386E-01
 1.97727200637153E+03	-9.34840051276478E-02
 1.97727474427156E+03	-1.37946286753467E-02
 1.97727748217160E+03	 4.30378548087217E-02
 1.97728022007163E+03	 6.03642037714587E-02
 1.97728295797166E+03	 4.02896923487865E-02
 1.97728569587169E+03	-6.25499727543978E-04
 1.97728843377172E+03	-4.41526081426867E-02
 1.97729117167175E+03	-8.05549946367803E-02
 1.97729390957178E+03	-1.07736213070891E-01
 1.97729664747181E+03	-1.22854561058828E-01
 1.97729938537184E+03	-1.18097891336926E-01
 1.97730212327187E+03	-8.66346218551346E-02
 1.97730486117190E+03	-3.12959876968656E-02
 1.97730759907193E+03	 3.56737713697098E-02
 1.97731033697196E+03	 1.02494417695094E-01
 1.97731307487200E+03	 1.65956125869473E-01
 1.97731581277203E+03	 2.28434162586745E-01
 1.97731855067206E+03	 2.87262672611547E-01
 1.97732128857209E+03	 3.27913710179137E-01
 1.97732402647212E+03	 3.28515246702900E-01
 1.97732676437215E+03	 2.73360419578221E-01
 1.97732950227218E+03	 1.65743054930237E-01
 1.97733224017221E+03	 3.03321795316694E-02
 1.97733497807224E+03	-9.71370445995132E-02
 1.97733771597227E+03	-1.85291924467615E-01
 1.97734045387230E+03	-2.17465616636773E-01
 1.97734319177233E+03	-1.93701688832466E-01
 1.97734592967236E+03	-1.28454260944718E-01
 1.97734866757240E+03	-4.70329872975246E-02
 1.97735140547243E+03	 2.11553283249120E-02
 1.97735414337246E+03	 5.37151540728991E-02
 1.97735688127249E+03	 4.52324588571301E-02
 1.97735961917252E+03	 7.87777065694177E-03
 1.97736235707255E+03	-3.88340908620706E-02
 1.97736509497258E+03	-8.05701767281390E-02
 1.97736783287261E+03	-1.12211144899336E-01
 1.97737057077264E+03	-1.31717150367873E-01
 1.97737330867267E+03	-1.33336794156763E-01
 1.97737604657270E+03	-1.09731145885113E-01
 1.97737878447273E+03	-6.06110354659598E-02
 1.97738152237276E+03	 3.73383985183549E-03
 1.97738426027280E+03	 6.97625027585087E-02
 1.97738699817283E+03	 1.30974689766829E-01
 1.97738973607286E+03	 1.89395646958757E-01
 1.97739247397289E+03	 2.46593965266351E-01
 1.97739521187292E+03	 2.93787940430713E-01
 1.97739794977295E+03	 3.11284928130079E-01
 1.97740068767298E+03	 2.79155639384971E-01
 1.97740342557301E+03	 1.91865025677787E-01
 1.97740616347304E+03	 6.59069742524363E-02
 1.97740890137307E+03	-6.58290056842759E-02
 1.97741163927310E+03	-1.68903370023730E-01
 1.97741437717313E+03	-2.20659007671504E-01
 1.97741711507316E+03	-2.15185983948650E-01
 1.97741985297319E+03	-1.61928163648408E-01
 1.97742259087323E+03	-8.25341545438885E-02
 1.97742532877326E+03	-5.80194547167212E-03
 1.97742806667329E+03	 4.18011997850417E-02
 1.97743080457332E+03	 4.74668217421169E-02
 1.97743354247335E+03	 1.71519320738985E-02
 1.97743628037338E+03	-3.06766854909597E-02
 1.97743901827341E+03	-7.79312877457062E-02
 1.97744175617344E+03	-1.15302180458602E-01
 1.97744449407347E+03	-1.39906862671786E-01
 1.97744723197350E+03	-1.47757996466148E-01
 1.97744996987353E+03	-1.32039091124248E-01
 1.97745270777356E+03	-8.99866863234019E-02
 1.97745544567359E+03	-2.91279852328844E-02
 1.97745818357363E+03	 3.64783770156897E-02
 1.97746092147366E+03	 9.69292477563341E-02
 1.97746365937369E+03	 1.52139731075374E-01
 1.97746639727372E+03	 2.06102507988284E-01
 1.97746913517375E+03	 2.55739014146814E-01
 1.97747187307378E+03	 2.85603357992110E-01
 1.97747461097381E+03	 2.74327544928554E-01
 1.97747734887384E+03	 2.09020373763430E-01
 1.97748008677387E+03	 9.71227124804255E-02
 1.97748282467390E+03	-3.37236015725638E-02
 1.97748556257393E+03	-1.48090526966191E-01
 1.97748830047396E+03	-2.18046489960289E-01
 1.97749103837399E+03	-2.31544418641710E-01
 1.97749377627403E+03	-1.92711997708246E-01
 1.97749651417406E+03	-1.18964430601141E-01
 1.97749925207409E+03	-3.70816775019308E-02
 1.97750198997412E+03	 2.42667317323077E-02
 1.97750472787415E+03	 4.57596574313913E-02
 1.97750746577418E+03	 2.60145938679498E-02
 1.97751020367421E+03	-1.99367585576765E-02
 1.97751294157424E+03	-7.18856701192487E-02
 1.97751567947427E+03	-1.15919874569789E-01
 1.97751841737430E+03	-1.46658013759110E-01
 1.97752115527433E+03	-1.60949826396384E-01
 1.97752389317436E+03	-1.53124330418400E-01
 1.97752663107439E+03	-1.18879706705979E-01
 1.97752936897442E+03	-6.26689871946399E-02
 1.97753210687446E+03	 2.24993984061257E-03
 1.97753484477449E+03	 6.31411287628742E-02
 1.97753758267452E+03	 1.16591443173690E-01
 1.97754032057455E+03	 1.66968047453033E-01
 1.97754305847458E+03	 2.15961909980034E-01
 1.97754579637461E+03	 2.53621441989296E-01
 1.97754853427464E+03	 2.59843809216057E-01
 1.97755127217467E+03	 2.16593050122806E-01
 1.97755401007470E+03	 1.22339968173589E-01
 1.97755674797473E+03	-2.50133526184274E-03
 1.97755948587476E+03	-1.23901802407022E-01
 1.97756222377479E+03	-2.09900051510536E-01
 1.97756496167482E+03	-2.42353680901567E-01
 1.97756769957486E+03	-2.19773605577866E-01
 1.97757043747489E+03	-1.54955669699811E-01
 1.97757317537492E+03	-7.16166322459058E-02
 1.97757591327495E+03	 1.19293602617511E-03
 1.97757865117498E+03	 3.91002901438047E-02
 1.97758138907501E+03	 3.30785283008986E-02
 1.97758412697504E+03	-7.36599368312637E-03
 1.97758686487507E+03	-6.20914939265574E-02
 1.97758960277510E+03	-1.13046851058150E-01
 1.97759234067513E+03	-1.51026817568649E-01
 1.97759507857516E+03	-1.72338431443474E-01
 1.97759781647519E+03	-1.72506941163033E-01
 1.97760055437522E+03	-1.46665195914679E-01
 1.97760329227526E+03	-9.63911244883650E-02
 1.97760603017529E+03	-3.30176925594068E-02
 1.97760876807532E+03	 2.89650416895461E-02
 1.97761150597535E+03	 8.22986990930033E-02
 1.97761424387538E+03	 1.29786918028967E-01
 1.97761698177541E+03	 1.76277046191667E-01
 1.97761971967544E+03	 2.17620009662346E-01
 1.97762245757547E+03	 2.37245386742524E-01
 1.97762519547550E+03	 2.14619396089369E-01
 1.97762793337553E+03	 1.40287936151862E-01
 1.97763067127556E+03	 2.61548621791426E-02
 1.97763340917559E+03	-9.75908737181095E-02
 1.97763614707562E+03	-1.96722224041136E-01
 1.97763888497565E+03	-2.47405358414032E-01
 1.97764162287569E+03	-2.42272159631950E-01
 1.97764436077572E+03	-1.89195718075735E-01
 1.97764709867575E+03	-1.08124034822445E-01
 1.97764983657578E+03	-2.69063312267101E-02
 1.97765257447581E+03	 2.68319653368632E-02
 1.97765531237584E+03	 3.69290179159944E-02
 1.97765805027587E+03	 5.86399179634985E-03
 1.97766078817590E+03	-4.87049089830623E-02
 1.97766352607593E+03	-1.05898762376973E-01
 1.97766626397596E+03	-1.51987556630581E-01
 1.97766900187599E+03	-1.81182934000061E-01
 1.97767173977602E+03	-1.89643163646343E-01
 1.97767447767605E+03	-1.72683331958632E-01
 1.97767721557609E+03	-1.29608014136115E-01
 1.97767995347612E+03	-6.90970262705602E-02
 1.97768269137615E+03	-6.06070438032534E-03
 1.97768542927618E+03	 4.86042172133898E-02
 1.97768816717621E+03	 9.46178699490849E-02
 1.97769090507624E+03	 1.37992930395690E-01
 1.97769364297627E+03	 1.79775109593885E-01
 1.97769638087630E+03	 2.08474156070108E-01
 1.97769911877633E+03	 2.03779580349879E-01
 1.97770185667636E+03	 1.50183135696298E-01
 1.97770459457639E+03	 5.06841411432663E-02
 1.97770733247642E+03	-7.05637305956699E-02
 1.97771007037645E+03	-1.79242831601157E-01
 1.97771280827649E+03	-2.46704682867077E-01
 1.97771554617652E+03	-2.59570015707337E-01
 1.97771828407655E+03	-2.20497128952914E-01
 1.97772102197658E+03	-1.45214521652576E-01
 1.97772375987661E+03	-5.91374822792442E-02
 1.97772649777664E+03	 8.73463100520564E-03
 1.97772923567667E+03	 3.63030487131026E-02
 1.97773197357670E+03	 1.82957818079104E-02
 1.97773471147673E+03	-3.24012897180815E-02
 1.97773744937676E+03	-9.40680968359213E-02
 1.97774018727679E+03	-1.48562254584648E-01
 1.97774292517682E+03	-1.86604129690118E-01
 1.97774566307685E+03	-2.03902640688439E-01
 1.97774840097689E+03	-1.96264238134277E-01
 1.97775113887692E+03	-1.61521921410603E-01
 1.97775387677695E+03	-1.05464566572645E-01
 1.97775661467698E+03	-4.21108368039887E-02
 1.97775935257701E+03	 1.48268079587355E-02
 1.97776209047704E+03	 6.10961377391526E-02
 1.97776482837707E+03	 1.01846389285209E-01
 1.97776756627710E+03	 1.41951764125505E-01
 1.97777030417713E+03	 1.75661923758938E-01
 1.97777304207716E+03	 1.85320558891642E-01
 1.97777577997719E+03	 1.51806249278757E-01
 1.97777851787722E+03	 6.97777300259539E-02
 1.97778125577725E+03	-4.43012408528490E-02
 1.97778399367728E+03	-1.58406090756826E-01
 1.97778673157732E+03	-2.40471514308001E-01
 1.97778946947735E+03	-2.71233785002735E-01
 1.97779220737738E+03	-2.47841240261710E-01
 1.97779494527741E+03	-1.81495019785845E-01
 1.97779768317744E+03	-9.43165185497347E-02
 1.97780042107747E+03	-1.49486041018612E-02
 1.97780315897750E+03	 3.02454929216442E-02
 1.97780589687753E+03	 2.83592791367490E-02
 1.97780863477756E+03	-1.43261302010420E-02
 1.97781137267759E+03	-7.76278017356394E-02
 1.97781411057762E+03	-1.39967133307030E-01
 1.97781684847765E+03	-1.87651403388751E-01
 1.97781958637768E+03	-2.14554432621487E-01
 1.97782232427772E+03	-2.16730372842090E-01
 1.97782506217775E+03	-1.91293283908988E-01
 1.97782780007778E+03	-1.41365526914331E-01
 1.97783053797781E+03	-7.90265587238028E-02
 1.97783327587784E+03	-1.95757383154769E-02
 1.97783601377787E+03	 2.85936813001708E-02
 1.97783875167790E+03	 6.80229373563312E-02
 1.97784148957793E+03	 1.05551346273820E-01
 1.97784422747796E+03	 1.40907722358159E-01
 1.97784696537799E+03	 1.60918123240628E-01
 1.97784970327802E+03	 1.45523720842838E-01
 1.97785244117805E+03	 8.24983615925310E-02
 1.97785517907808E+03	-2.02599472779449E-02
 1.97785791697812E+03	-1.35341578124290E-01
 1.97786065487815E+03	-2.29142706199020E-01
 1.97786339277818E+03	-2.77032008595061E-01
 1.97786613067821E+03	-2.70399985911699E-01
 1.97786886857824E+03	-2.15653575055182E-01
 1.97787160647827E+03	-1.31078280231109E-01
 1.97787434437830E+03	-4.35399432878656E-02
 1.97787708227833E+03	 1.82222724680689E-02
 1.97787982017836E+03	 3.45588768932728E-02
 1.97788255807839E+03	 4.01822280293138E-03
 1.97788529597842E+03	-5.71770582579915E-02
 1.97788803387845E+03	-1.25754429657337E-01
 1.97789077177848E+03	-1.83404870136166E-01
 1.97789350967851E+03	-2.20774915429335E-01
 1.97789624757855E+03	-2.33382923723999E-01
 1.97789898547858E+03	-2.18089813537595E-01
 1.97790172337861E+03	-1.75898403953254E-01
 1.97790446127864E+03	-1.16325118776104E-01
 1.97790719917867E+03	-5.48845335923449E-02
 1.97790993707870E+03	-3.60168730985225E-03
 1.97791267497873E+03	 3.62482948618588E-02
 1.97791541287876E+03	 7.14294232457574E-02
 1.97791815077879E+03	 1.06071765350440E-01
 1.97792088867882E+03	 1.32494373512305E-01
 1.97792362657885E+03	 1.32247725563740E-01
 1.97792636447888E+03	 8.83722059293789E-02
 1.97792910237891E+03	 2.41126431489696E-04
 1.97793184027895E+03	-1.11314040618811E-01
 1.97793457817898E+03	-2.13371606550336E-01
 1.97793731607901E+03	-2.76934974682303E-01
 1.97794005397904E+03	-2.87541758616345E-01
 1.97794279187907E+03	-2.46519519547550E-01
 1.97794552977910E+03	-1.67988366176088E-01
 1.97794826767913E+03	-7.60008703518563E-02
 1.97795100557916E+03	 1.78178766538778E-04
 1.97795374347919E+03	 3.56486868173503E-02
 1.97795648137922E+03	 2.09342997611973E-02
 1.97795921927925E+03	-3.38199328858147E-02
 1.97796195717928E+03	-1.05927011663511E-01
 1.97796469507931E+03	-1.73101964507579E-01
 1.97796743297935E+03	-2.21686997801996E-01
 1.97797017087938E+03	-2.45484012772908E-01
 1.97797290877941E+03	-2.41109264214189E-01
 1.97797564667944E+03	-2.08099772109542E-01
 1.97797838457947E+03	-1.53255202550571E-01
 1.97798112247950E+03	-9.10518726245197E-02
 1.97798386037953E+03	-3.61162049250555E-02
 1.97798659827956E+03	 5.93240518476495E-03
 1.97798933617959E+03	 3.98903436824891E-02
 1.97799207407962E+03	 7.26116246891232E-02
 1.97799481197965E+03	 1.02013424781838E-01
 1.97799754987968E+03	 1.13336569082698E-01
 1.97800028777971E+03	 8.74383998174187E-02
 1.97800302567974E+03	 1.61354577070642E-02
 1.97800576357978E+03	-8.76503486453744E-02
 1.97800850147981E+03	-1.94018215408294E-01
 1.97801123937984E+03	-2.71118857722827E-01
 1.97801397727987E+03	-2.98829500636376E-01
 1.97801671517990E+03	-2.73098263875154E-01
 1.97801945307993E+03	-2.03642760282856E-01
 1.97802219097996E+03	-1.11036420257711E-01
 1.97802492887999E+03	-2.34638902706708E-02
 1.97802766678002E+03	 3.07728472596447E-02
 1.97803040468005E+03	 3.47171471339030E-02
 1.97803314258008E+03	-9.07761881221264E-03
 1.97803588048011E+03	-8.10059750588880E-02
 1.97803861838014E+03	-1.56271354619584E-01
 1.97804135628018E+03	-2.16433815955791E-01
 1.97804409418021E+03	-2.52248894893532E-01
 1.97804683208024E+03	-2.59577924295898E-01
 1.97804956998027E+03	-2.37012582660491E-01
 1.97805230788030E+03	-1.88880909794285E-01
 1.97805504578033E+03	-1.27691135589206E-01
 1.97805778368036E+03	-6.93531263772921E-02
 1.97806052158039E+03	-2.36590063077928E-02
 1.97806325948042E+03	 1.07537406192616E-02
 1.97806599738045E+03	 4.14796642960242E-02
 1.97806873528048E+03	 7.12812674488156E-02
 1.97807147318051E+03	 9.04461140526442E-02
 1.97807421108054E+03	 8.02460153709972E-02
 1.97807694898058E+03	 2.67108213695947E-02
 1.97807968688061E+03	-6.56464627366890E-02
 1.97808242478064E+03	-1.72123103980055E-01
 1.97808516268067E+03	-2.59972387188196E-01
 1.97808790058070E+03	-3.04018696836003E-01
 1.97809063848073E+03	-2.94585173782954E-01
 1.97809337638076E+03	-2.36744904137109E-01
 1.97809611428079E+03	-1.47211907039675E-01
 1.97809885218082E+03	-5.18566264150255E-02
 1.97810159008085E+03	 1.95543508854377E-02
 1.97810432798088E+03	 4.38421604843878E-02
 1.97810706588091E+03	 1.52551109684556E-02
 1.97810980378094E+03	-5.20376265244864E-02
 1.97811254168098E+03	-1.32853448397670E-01
 1.97811527958101E+03	-2.04282417899601E-01
 1.97811801748104E+03	-2.52861204604898E-01
 1.97812075538107E+03	-2.72734051909212E-01
 1.97812349328110E+03	-2.61727523173528E-01
 1.97812623118113E+03	-2.22174035227026E-01
 1.97812896908116E+03	-1.64117390084208E-01
 1.97813170698119E+03	-1.03405276119516E-01
 1.97813444488122E+03	-5.32323670056933E-02
 1.97813718278125E+03	-1.65217657042892E-02
 1.97813992068128E+03	 1.30915867932780E-02
 1.97814265858131E+03	 4.17749513762896E-02
 1.97814539648134E+03	 6.53500500548464E-02
 1.97814813438137E+03	 6.77951490213883E-02
 1.97815087228141E+03	 3.16825547770929E-02
 1.97815361018144E+03	-4.64622326102981E-02
 1.97815634808147E+03	-1.48859889223227E-01
 1.97815908598150E+03	-2.44100720258533E-01
 1.97816182388153E+03	-3.03060342630030E-01
 1.97816456178156E+03	-3.10366409140761E-01
 1.97816729968159E+03	-2.66155958107365E-01
 1.97817003758162E+03	-1.83064940188335E-01
 1.97817277548165E+03	-8.38220793730131E-02
 1.97817551338168E+03	 2.12441553734902E-03
 1.97817825128171E+03	 4.71283157197415E-02
 1.97818098918174E+03	 3.72904280130708E-02
 1.97818372708177E+03	-2.05349452730122E-02
 1.97818646498181E+03	-1.03286691250618E-01
 1.97818920288184E+03	-1.84745456884698E-01
 1.97819194078187E+03	-2.46519826183453E-01
 1.97819467868190E+03	-2.79810251088838E-01
 1.97819741658193E+03	-2.81395181081668E-01
 1.97820015448196E+03	-2.52095618798190E-01
 1.97820289238199E+03	-1.99423706840112E-01
 1.97820563028202E+03	-1.38023976315741E-01
 1.97820836818205E+03	-8.33184186492499E-02
 1.97821110608208E+03	-4.26795416838113E-02
 1.97821384398211E+03	-1.26343722372844E-02
 1.97821658188214E+03	 1.45217924430974E-02
 1.97821931978217E+03	 3.97515143874979E-02
 1.97822205768221E+03	 5.14266626313677E-02
 1.97822479558224E+03	 3.12252745027652E-02
 1.97822753348227E+03	-3.10160596921319E-02
 1.97823027138230E+03	-1.25464643334131E-01
 1.97823300928233E+03	-2.24319058704874E-01
 1.97823574718236E+03	-2.96109982690397E-01
 1.97823848508239E+03	-3.20015643654631E-01
 1.97824122298242E+03	-2.90919995273055E-01
 1.97824396088245E+03	-2.17199162529390E-01
 1.97824669878248E+03	-1.17968200361367E-01
 1.97824943668251E+03	-2.09063615400546E-02
 1.97825217458254E+03	 4.38566834238222E-02
 1.97825491248257E+03	 5.52409786552033E-02
 1.97825765038260E+03	 1.16416928837604E-02
 1.97826038828264E+03	-6.85424931551115E-02
 1.97826312618267E+03	-1.57703131137305E-01
 1.97826586408270E+03	-2.32518996611789E-01
 1.97826860198273E+03	-2.80030122090175E-01
 1.97827133988276E+03	-2.95215072413518E-01
 1.97827407778279E+03	-2.77652845261476E-01
 1.97827681568282E+03	-2.32573622942573E-01
 1.97827955358285E+03	-1.72641028785372E-01
 1.97828229148288E+03	-1.14167240769100E-01
 1.97828502938291E+03	-6.84958793291993E-02
 1.97828776728294E+03	-3.61778937657115E-02
 1.97829050518297E+03	-9.95814236715374E-03
 1.97829324308300E+03	 1.51099440004392E-02
 1.97829598098304E+03	 3.26726897317228E-02
 1.97829871888307E+03	 2.59548873038569E-02
 1.97830145678310E+03	-1.98939716649450E-02
 1.97830419468313E+03	-1.03145443365578E-01
 1.97830693258316E+03	-2.01628471171078E-01
 1.97830967048319E+03	-2.83539599506545E-01
 1.97831240838322E+03	-3.23294160844953E-01
 1.97831514628325E+03	-3.10270643358961E-01
 1.97831788418328E+03	-2.48351747984871E-01
 1.97832062208331E+03	-1.52809757047222E-01
 1.97832335998334E+03	-4.85255390025403E-02
 1.97832609788337E+03	 3.38316230549527E-02
 1.97832883578340E+03	 6.76010832571947E-02
 1.97833157368344E+03	 4.24506687764382E-02
 1.97833431158347E+03	-3.00984175386952E-02
 1.97833704948350E+03	-1.23504761733511E-01
 1.97833978738353E+03	-2.10355189295247E-01
 1.97834252528356E+03	-2.72632054298216E-01
 1.97834526318359E+03	-3.02414240372409E-01
 1.97834800108362E+03	-2.97925173636282E-01
 1.97835073898365E+03	-2.62489806076827E-01
 1.97835347688368E+03	-2.06431740678345E-01
 1.97835621478371E+03	-1.45696091313709E-01
 1.97835895268374E+03	-9.46254802554352E-02
 1.97836169058377E+03	-5.82747715299149E-02
 1.97836442848380E+03	-3.16422075828447E-02
 1.97836716638383E+03	-7.49513875620348E-03
 1.97836990428387E+03	 1.30860485733422E-02
 1.97837264218390E+03	 1.68594023797039E-02
 1.97837538008393E+03	-1.32877558634677E-02
 1.97837811798396E+03	-8.29803468623548E-02
 1.97838085588399E+03	-1.77168558872620E-01
 1.97838359378402E+03	-2.65945592539372E-01
 1.97838633168405E+03	-3.20158392574415E-01
 1.97838906958408E+03	-3.23628307811253E-01
 1.97839180748411E+03	-2.75433058314476E-01
 1.97839454538414E+03	-1.86877357032066E-01
 1.97839728328417E+03	-7.94294829828933E-02
 1.97840002118420E+03	 1.73810343777408E-02
 1.97840275908423E+03	 7.32928030951975E-02
 1.97840549698427E+03	 6.98613345732561E-02
 1.97840823488430E+03	 1.01518555285929E-02
 1.97841097278433E+03	-8.30302077583076E-02
 1.97841371068436E+03	-1.79846817859391E-01
 1.97841644858439E+03	-2.56927198838587E-01
 1.97841918648442E+03	-3.02231644039818E-01
 1.97842192438445E+03	-3.12062362000861E-01
 1.97842466228448E+03	-2.88122694619912E-01
 1.97842740018451E+03	-2.38401242033121E-01
 1.97843013808454E+03	-1.77490374650421E-01
 1.97843287598457E+03	-1.21481554997410E-01
 1.97843561388460E+03	-7.97556143182067E-02
 1.97843835178463E+03	-5.09334117947483E-02
 1.97844108968467E+03	-2.74470775976475E-02
 1.97844382758470E+03	-5.92984878717171E-03
 1.97844656548473E+03	 5.18450579403922E-03
 1.97844930338476E+03	-1.09742087198777E-02
 1.97845204128479E+03	-6.58163014211801E-02
 1.97845477918482E+03	-1.52145720887137E-01
 1.97845751708485E+03	-2.44144285597932E-01
 1.97846025498488E+03	-3.10774430158007E-01
 1.97846299288491E+03	-3.30597144482116E-01
 1.97846573078494E+03	-2.97542647452875E-01
 1.97846846868497E+03	-2.18803045107632E-01
 1.97847120658500E+03	-1.12148613388443E-01
 1.97847394448503E+03	-4.69905070377939E-03
 1.97847668238507E+03	 7.17599618525735E-02
 1.97847942028510E+03	 9.20477493462968E-02
 1.97848215818513E+03	 5.00438336473781E-02
 1.97848489608516E+03	-3.76957986844396E-02
 1.97848763398519E+03	-1.41247426261936E-01
 1.97849037188522E+03	-2.32390599155557E-01
 1.97849310978525E+03	-2.93924127266231E-01
 1.97849584768528E+03	-3.19264928617831E-01
 1.97849858558531E+03	-3.08489817676522E-01
 1.97850132348534E+03	-2.67474490186860E-01
 1.97850406138537E+03	-2.08849179973251E-01
 1.97850679928540E+03	-1.49163244353234E-01
 1.97850953718543E+03	-1.01388728379791E-01
 1.97851227508546E+03	-6.85403701038384E-02
 1.97851501298550E+03	-4.46131335598171E-02
 1.97851775088553E+03	-2.32687504485307E-02
 1.97852048878556E+03	-7.71317332000020E-03
 1.97852322668559E+03	-1.23425272361453E-02
 1.97852596458562E+03	-5.21838459656348E-02
 1.97852870248565E+03	-1.27741053477850E-01
 1.97853144038568E+03	-2.19146916425144E-01
 1.97853417828571E+03	-2.95534544074029E-01
 1.97853691618574E+03	-3.30968536508191E-01
 1.97853965408577E+03	-3.13969874637166E-01
 1.97854239198580E+03	-2.47377150957005E-01
 1.97854512988583E+03	-1.45169126919575E-01
 1.97854786778586E+03	-3.12428688545108E-02
 1.97855060568590E+03	 6.30013625607807E-02
 1.97855334358593E+03	 1.07559470846113E-01
 1.97855608148596E+03	 8.73263826769969E-02
 1.97855881938599E+03	 1.06030381794054E-02
 1.97856155728602E+03	-9.53309995575778E-02
 1.97856429518605E+03	-1.98775798680853E-01
 1.97856703308608E+03	-2.76805374586827E-01
 1.97856977098611E+03	-3.18762845649094E-01
 1.97857250888614E+03	-3.22685119250581E-01
 1.97857524678617E+03	-2.92572581419177E-01
 1.97857798468620E+03	-2.38860291793216E-01
 1.97858072258623E+03	-1.77434247459073E-01
 1.97858346048626E+03	-1.23748075744992E-01
 1.97858619838630E+03	-8.53284497744117E-02
 1.97858893628633E+03	-5.93037633873020E-02
 1.97859167418636E+03	-3.82281524480545E-02
 1.97859441208639E+03	-2.05268807506192E-02
 1.97859714998642E+03	-1.64701215334338E-02
 1.97859988788645E+03	-4.22422418591634E-02
 1.97860262578648E+03	-1.05007263079432E-01
 1.97860536368651E+03	-1.92108966715619E-01
 1.97860810158654E+03	-2.75067447256284E-01
 1.97861083948657E+03	-3.24733638222081E-01
 1.97861357738660E+03	-3.24189002205681E-01
 1.97861631528663E+03	-2.71577442511885E-01
 1.97861905318666E+03	-1.77036490555433E-01
 1.97862179108669E+03	-6.08389008034283E-02
 1.97862452898673E+03	 4.75434505261197E-02
 1.97862726688676E+03	 1.15448691885693E-01
 1.97863000478679E+03	 1.19862348225213E-01
 1.97863274268682E+03	 5.96109898070413E-02
 1.97863548058685E+03	-4.34299270551578E-02
 1.97863821848688E+03	-1.56235780310223E-01
 1.97864095638691E+03	-2.50321737196147E-01
 1.97864369428694E+03	-3.09809711043284E-01
 1.97864643218697E+03	-3.29866067569357E-01
 1.97864917008700E+03	-3.12663699559887E-01
 1.97865190798703E+03	-2.66486450231961E-01
 1.97865464588706E+03	-2.05747858804464E-01
 1.97865738378709E+03	-1.47121389243545E-01
 1.97866012168713E+03	-1.02164153420370E-01
 1.97866285958716E+03	-7.21787084217230E-02
 1.97866559748719E+03	-5.05616992064268E-02
 1.97866833538722E+03	-3.21537424009436E-02
 1.97867107328725E+03	-2.22397619461108E-02
 1.97867381118728E+03	-3.57666670051178E-02
 1.97867654908731E+03	-8.47681945598623E-02
 1.97867928698734E+03	-1.64253509473165E-01
 1.97868202488737E+03	-2.50232831801182E-01
 1.97868476278740E+03	-3.12102634085176E-01
 1.97868750068743E+03	-3.27857606517113E-01
 1.97869023858746E+03	-2.90576906082685E-01
 1.97869297648749E+03	-2.06431543490692E-01
 1.97869571438753E+03	-9.19604803418340E-02
 1.97869845228756E+03	 2.63610339165248E-02
 1.97870119018759E+03	 1.15339758827789E-01
 1.97870392808762E+03	 1.45820613272099E-01
 1.97870666598765E+03	 1.06882934010032E-01
 1.97870940388768E+03	 1.25881719709096E-02
 1.97871214178771E+03	-1.05428436177290E-01
 1.97871487968774E+03	-2.14159629824591E-01
 1.97871761758777E+03	-2.91706869923759E-01
 1.97872035548780E+03	-3.29232798094688E-01
 1.97872309338783E+03	-3.26784957785320E-01
 1.97872583128786E+03	-2.90645361886347E-01
 1.97872856918789E+03	-2.33306592937664E-01
 1.97873130708792E+03	-1.71465814103689E-01
 1.97873404498796E+03	-1.19773873733082E-01
 1.97873678288799E+03	-8.41153141434839E-02
 1.97873952078802E+03	-6.04720469647211E-02
 1.97874225868805E+03	-4.18215160306347E-02
 1.97874499658808E+03	-2.84842483090290E-02
 1.97874773448811E+03	-3.21836338799396E-02
 1.97875047238814E+03	-6.75366406718763E-02
 1.97875321028817E+03	-1.36774042835562E-01
 1.97875594818820E+03	-2.22092052152494E-01
 1.97875868608823E+03	-2.93523947505262E-01
 1.97876142398826E+03	-3.24823794564224E-01
 1.97876416188829E+03	-3.03739634622145E-01
 1.97876689978832E+03	-2.32216517759086E-01
 1.97876963768836E+03	-1.23085806136117E-01
 1.97877237558839E+03	 7.61094718359409E-04
 1.97877511348842E+03	 1.07435656673400E-01
 1.97877785138845E+03	 1.63835796100208E-01
 1.97878058928848E+03	 1.49985800838365E-01
 1.97878332718851E+03	 7.04099549493785E-02
 1.97878606508854E+03	-4.75840270312910E-02
 1.97878880298857E+03	-1.68370230296609E-01
 1.97879154088860E+03	-2.63865407853344E-01
 1.97879427878863E+03	-3.20016576856067E-01
 1.97879701668866E+03	-3.34039826325208E-01
 1.97879975458869E+03	-3.10270227666099E-01
 1.97880249248872E+03	-2.59140385848511E-01
 1.97880523038876E+03	-1.96410248750894E-01
 1.97880796828879E+03	-1.38634109623185E-01
 1.97881070618882E+03	-9.60587323597822E-02
 1.97881344408885E+03	-6.85471521315990E-02
 1.97881618198888E+03	-4.91712174408212E-02
 1.97881891988891E+03	-3.41399013357311E-02
 1.97882165778893E+03	-3.06536836827318E-02
 1.97882439568897E+03	-5.34653477218775E-02
 1.97882713358900E+03	-1.10727827838702E-01
 1.97882987148903E+03	-1.91850609120356E-01
 1.97883260938906E+03	-2.69693848657195E-01
 1.97883534728909E+03	-3.15142953934101E-01
 1.97883808518912E+03	-3.10614837099707E-01
 1.97884082308916E+03	-2.53454372356642E-01
 1.97884356098919E+03	-1.52794487791664E-01
 1.97884629888922E+03	-2.77517239122095E-02
 1.97884903678925E+03	 9.24649647659596E-02
 1.97885177468928E+03	 1.73116580721391E-01
 1.97885451258931E+03	 1.86707827844648E-01
 1.97885725048934E+03	 1.27427307120730E-01
 1.97885998838937E+03	 1.54843508169799E-02
 1.97886272628940E+03	-1.13490348792024E-01
 1.97886546418943E+03	-2.25904857350066E-01
 1.97886820208946E+03	-3.01493718924797E-01
 1.97887093998949E+03	-3.33582971370199E-01
 1.97887367788952E+03	-3.24344381375539E-01
 1.97887641578955E+03	-2.82186630366217E-01
 1.97887915368959E+03	-2.21296318836300E-01
 1.97888189158962E+03	-1.58903892556633E-01
 1.97888462948965E+03	-1.08874742127832E-01
 1.97888736738968E+03	-7.56505918621219E-02
 1.97889010528971E+03	-5.42848858243320E-02
 1.97889284318974E+03	-3.83880340275715E-02
 1.97889558108977E+03	-3.01928434938851E-02
 1.97889831898980E+03	-4.23424415263660E-02
 1.97890105688983E+03	-8.69347980684474E-02
 1.97890379478986E+03	-1.60773638621510E-01
 1.97890653268989E+03	-2.41546541261623E-01
 1.97890927058992E+03	-2.99099742906497E-01
 1.97891200848995E+03	-3.10936924381904E-01
 1.97891474638999E+03	-2.69409371654252E-01
 1.97891748429002E+03	-1.79833805253143E-01
 1.97892022219005E+03	-5.76090496964215E-02
 1.97892296009008E+03	 7.15806430966042E-02
 1.97892569799011E+03	 1.73491193143429E-01
 1.97892843589014E+03	 2.15249212690671E-01
 1.97893117379017E+03	 1.80935006545640E-01
 1.97893391169020E+03	 8.14388463076061E-02
 1.97893664959023E+03	-5.06351170270098E-02
 1.97893938749026E+03	-1.77777654057707E-01
 1.97894212539029E+03	-2.73035842571742E-01
 1.97894486329032E+03	-3.24608585399082E-01
 1.97894760119035E+03	-3.31911539153800E-01
 1.97895033909039E+03	-3.01357996757120E-01
 1.97895307699042E+03	-2.45244841399310E-01
 1.97895581489045E+03	-1.80402729373077E-01
 1.97895855279048E+03	-1.23223860592269E-01
 1.97896129069051E+03	-8.27823381717722E-02
 1.97896402859054E+03	-5.76554867414473E-02
 1.97896676649057E+03	-4.07646177068296E-02
 1.97896950439060E+03	-2.98176467814241E-02
 1.97897224229063E+03	-3.36363233163882E-02
 1.97897498019066E+03	-6.58986394775771E-02
 1.97897771809069E+03	-1.30081821992377E-01
 1.97898045599072E+03	-2.10217124472871E-01
 1.97898319389075E+03	-2.77226985729564E-01
 1.97898593179078E+03	-3.04635565902329E-01
 1.97898866969082E+03	-2.79539011601500E-01
 1.97899140759085E+03	-2.03154293037506E-01
 1.97899414549088E+03	-8.72959499969414E-02
 1.97899688339091E+03	 4.62276086561549E-02
 1.97899962129094E+03	 1.65387522049423E-01
 1.97900235919097E+03	 2.34370537916884E-01
 1.97900509709100E+03	 2.28352485673201E-01
 1.97900783499103E+03	 1.47544923373527E-01
 1.97901057289106E+03	 1.84605403665021E-02
 1.97901331079109E+03	-1.19899877850664E-01
 1.97901604869112E+03	-2.34198920398891E-01
 1.97901878659115E+03	-3.06358651657171E-01
 1.97902152449118E+03	-3.32070447839571E-01
 1.97902426239122E+03	-3.15589429017796E-01
 1.97902700029125E+03	-2.67232526117281E-01
 1.97902973819128E+03	-2.02630142492353E-01
 1.97903247609131E+03	-1.39470713100159E-01
 1.97903521399134E+03	-9.09295557468864E-02
 1.97903795189137E+03	-6.01040509080476E-02
 1.97904068979140E+03	-4.12225172693650E-02
 1.97904342769143E+03	-2.86939376476113E-02
 1.97904616559146E+03	-2.65873996040218E-02
 1.97904890349149E+03	-4.77650808394618E-02
 1.97905164139152E+03	-1.00840682772403E-01
 1.97905437929155E+03	-1.76974504400413E-01
 1.97905711719158E+03	-2.50311116329990E-01
 1.97905985509162E+03	-2.91854555701737E-01
 1.97906259299165E+03	-2.83486937926803E-01
 1.97906533089168E+03	-2.21919885343583E-01
 1.97906806879171E+03	-1.15440201864320E-01
 1.97907080669174E+03	 1.79986467951612E-02
 1.97907354459177E+03	 1.49754360262560E-01
 1.97907628249180E+03	 2.43481290240105E-01
 1.97907902039183E+03	 2.67442533792782E-01
 1.97908175829186E+03	 2.10859767434311E-01
 1.97908449619189E+03	 9.14688130587171E-02
 1.97908723409192E+03	-5.32634689119128E-02
 1.97908997199195E+03	-1.84843633261323E-01
 1.97909270989198E+03	-2.78163814802316E-01
 1.97909544779201E+03	-3.23967793961376E-01
 1.97909818569205E+03	-3.23862678250546E-01
 1.97910092359208E+03	-2.86164706759662E-01
 1.97910366149211E+03	-2.24817099248945E-01
 1.97910639939214E+03	-1.57636212150749E-01
 1.97910913729217E+03	-1.00927104555945E-01
 1.97911187519220E+03	-6.26563376415493E-02
 1.97911461309223E+03	-4.01373061305466E-02
 1.97911735099226E+03	-2.62680965585613E-02
 1.97912008889229E+03	-2.03361373530106E-02
 1.97912282679232E+03	-3.23278138781464E-02
 1.97912556469235E+03	-7.38598431403486E-02
 1.97912830259238E+03	-1.43127501800775E-01
 1.97913104049241E+03	-2.19374430163409E-01
 1.97913377839245E+03	-2.72973497672471E-01
 1.97913651629248E+03	-2.81083626301770E-01
 1.97913925419251E+03	-2.35501617376116E-01
 1.97914199209254E+03	-1.40868825849551E-01
 1.97914472999257E+03	-1.15024417200348E-02
 1.97914746789260E+03	 1.27937795054792E-01
 1.97915020579263E+03	 2.42659322990521E-01
 1.97915294369266E+03	 2.96499411269754E-01
 1.97915568159269E+03	 2.68461240892653E-01
 1.97915841949272E+03	 1.65571852045550E-01
 1.97916115739275E+03	 2.04957725352207E-02
 1.97916389529278E+03	-1.25270057323009E-01
 1.97916663319281E+03	-2.39522229532300E-01
 1.97916937109285E+03	-3.06804919995355E-01
 1.97917210899288E+03	-3.25213747181749E-01
 1.97917484689291E+03	-3.00933748419589E-01
 1.97917758479294E+03	-2.45996188431227E-01
 1.97918032269297E+03	-1.77393121365937E-01
 1.97918306059300E+03	-1.13344636405692E-01
 1.97918579849303E+03	-6.63964904348727E-02
 1.97918853639306E+03	-3.82557307337604E-02
 1.97919127429309E+03	-2.23611295346642E-02
 1.97919401219312E+03	-1.40702969844456E-02
 1.97919675009315E+03	-1.90854185784378E-02
 1.97919948799318E+03	-4.96195265290608E-02
 1.97920222589321E+03	-1.09913813571270E-01
 1.97920496379325E+03	-1.85627712572763E-01
 1.97920770169328E+03	-2.48622903876021E-01
 1.97921043959331E+03	-2.72357098878820E-01
 1.97921317749334E+03	-2.43465178233032E-01
 1.97921591539337E+03	-1.62633357232131E-01
 1.97921865329340E+03	-4.07750870195943E-02
 1.97922139119343E+03	 1.01531773149040E-01
 1.97922412909346E+03	 2.32601805977616E-01
 1.97922686699349E+03	 3.14482740606843E-01
 1.97922960489352E+03	 3.17690225175790E-01
 1.97923234279355E+03	 2.37636364173912E-01
 1.97923508069358E+03	 9.90960207189481E-02
 1.97923781859361E+03	-5.63427372581288E-02
 1.97924055649364E+03	-1.90212289367872E-01
 1.97924329439368E+03	-2.79871675727116E-01
 1.97924603229371E+03	-3.18734126478680E-01
 1.97924877019374E+03	-3.10458514417825E-01
 1.97925150809377E+03	-2.65076778750618E-01
 1.97925424599380E+03	-1.98099245277152E-01
 1.97925698389383E+03	-1.28412081354894E-01
 1.97925972179386E+03	-7.23175706745346E-02
 1.97926245969389E+03	-3.65940848137516E-02
 1.97926519759392E+03	-1.72110474253648E-02
 1.97926793549395E+03	-7.17005443647800E-03
 1.97927067339398E+03	-7.34436350813866E-03
 1.97927341129401E+03	-2.82389899218837E-02
 1.97927614919404E+03	-7.83867477574051E-02
 1.97927888709408E+03	-1.50392268658372E-01
 1.97928162499411E+03	-2.19682190765968E-01
 1.97928436289414E+03	-2.57550897715942E-01
 1.97928710079417E+03	-2.45561350841141E-01
 1.97928983869420E+03	-1.80010489659568E-01
 1.97929257659423E+03	-6.85038237912352E-02
 1.97929531449426E+03	 7.22236519737800E-02
 1.97929805239429E+03	 2.14517502122275E-01
 1.97930079029432E+03	 3.21081073008144E-01
 1.97930352819435E+03	 3.56375916727898E-01
 1.97930626609438E+03	 3.04443883733374E-01
 1.97930900399441E+03	 1.79686130430679E-01
 1.97931174189444E+03	 2.04206570114905E-02
 1.97931447979448E+03	-1.30425370950347E-01
 1.97931721769451E+03	-2.42614886321349E-01
 1.97931995559454E+03	-3.03579479750969E-01
 1.97932269349457E+03	-3.13706647989502E-01
 1.97932543139460E+03	-2.80913508808942E-01
 1.97932816929463E+03	-2.18857818724917E-01
 1.97933090719466E+03	-1.45988878450089E-01
 1.97933364509469E+03	-8.11882369598014E-02
 1.97933638299472E+03	-3.63007669580749E-02
 1.97933912089475E+03	-1.14563659821596E-02
 1.97934185879478E+03	 6.71072275808919E-04
 1.97934459669481E+03	 3.64495014852201E-03
 1.97934733459484E+03	-9.49587642597086E-03
 1.97935007249487E+03	-4.93175242836592E-02
 1.97935281039491E+03	-1.14996946674907E-01
 1.97935554829494E+03	-1.87251676775757E-01
 1.97935828619497E+03	-2.37142142763153E-01
 1.97936102409500E+03	-2.41724980774157E-01
 1.97936376199503E+03	-1.92487853088694E-01
 1.97936649989506E+03	-9.36045760724800E-02
 1.97936923779509E+03	 4.16540303403858E-02
 1.97937197569512E+03	 1.89977642647579E-01
 1.97937471359515E+03	 3.16698961955535E-01
 1.97937745149518E+03	 3.83015117170065E-01
 1.97938018939521E+03	 3.62950751361970E-01
 1.97938292729524E+03	 2.59002485246138E-01
 1.97938566519527E+03	 1.02821731393670E-01
 1.97938840309531E+03	-6.08967004532724E-02
 1.97939114099534E+03	-1.94740469030063E-01
 1.97939387889537E+03	-2.78998742047699E-01
 1.97939661679540E+03	-3.09707040634946E-01
 1.97939935469543E+03	-2.92360730852994E-01
 1.97940209259546E+03	-2.38592352773603E-01
 1.97940483049549E+03	-1.65575640780096E-01
 1.97940756839552E+03	-9.34514099071369E-02
 1.97941030629555E+03	-3.85020344678648E-02
 1.97941304419558E+03	-6.06219146176080E-03
 1.97941578209561E+03	 9.36875199729817E-03
 1.97941851999564E+03	 1.45385226841096E-02
 1.97942125789567E+03	 7.10244496580389E-03
 1.97942399579571E+03	-2.31305880090788E-02
 1.97942673369574E+03	-8.06620487958302E-02
 1.97942947159577E+03	-1.52593860164955E-01
 1.97943220949580E+03	-2.11849846996543E-01
 1.97943494739583E+03	-2.32083445013682E-01
 1.97943768529586E+03	-1.99745326449632E-01
 1.97944042319589E+03	-1.15238412385327E-01
 1.97944316109592E+03	 1.13057886074582E-02
 1.97944589899595E+03	 1.60747135090407E-01
 1.97944863689598E+03	 3.02372077952827E-01
 1.97945137479601E+03	 3.96882594427131E-01
 1.97945411269604E+03	 4.10545718787276E-01
 1.97945685059607E+03	 3.33594286618119E-01
 1.97945958849610E+03	 1.88032325045863E-01
 1.97946232639614E+03	 1.69920191668454E-02
 1.97946506429617E+03	-1.36338816153778E-01
 1.97946780219620E+03	-2.44392406507859E-01
 1.97947054009623E+03	-2.97563475111592E-01
 1.97947327799626E+03	-2.98310981571630E-01
 1.97947601589629E+03	-2.56123464664513E-01
 1.97947875379632E+03	-1.86361168439508E-01
 1.97948149169635E+03	-1.09165204498429E-01
 1.97948422959638E+03	-4.41517282876941E-02
 1.97948696749641E+03	-2.19881090005919E-03
 1.97948970539644E+03	 1.84270097036404E-02
 1.97949244329647E+03	 2.57583175015623E-02
 1.97949518119650E+03	 2.22032907878174E-02
 1.97949791909654E+03	 1.14403100510075E-04
 1.97950065699657E+03	-4.83867026710390E-02
 1.97950339489660E+03	-1.17045253007022E-01
 1.97950613279663E+03	-1.82623467513438E-01
 1.97950887069666E+03	-2.16970753367243E-01
 1.97951160859669E+03	-2.01640489103682E-01
 1.97951434649672E+03	-1.32800720072478E-01
 1.97951708439675E+03	-1.75690164125338E-02
 1.97951982229678E+03	 1.28618755375004E-01
 1.97952256019681E+03	 2.79624640446418E-01
 1.97952529809684E+03	 3.98059223166639E-01
 1.97952803599687E+03	 4.45271936873698E-01
 1.97953077389690E+03	 4.00093674776214E-01
 1.97953351179694E+03	 2.72730388945481E-01
 1.97953624969697E+03	 1.01164312023331E-01
 1.97953898759700E+03	-6.80145920389490E-02
 1.97954172549703E+03	-1.99401767542467E-01
 1.97954446339706E+03	-2.76481176689532E-01
 1.97954720129709E+03	-2.97720985664326E-01
 1.97954993919712E+03	-2.70237834069356E-01
 1.97955267709715E+03	-2.07293731849138E-01
 1.97955541499718E+03	-1.27989723218328E-01
 1.97955815289721E+03	-5.39043339851984E-02
 1.97956089079724E+03	-1.08960288628835E-03
 1.97956362869727E+03	 2.69788486943896E-02
 1.97956636659730E+03	 3.73836116582544E-02
 1.97956910449734E+03	 3.64646572073436E-02
 1.97957184239737E+03	 2.06870139547399E-02
 1.97957458029740E+03	-1.88581482581964E-02
 1.97957731819743E+03	-8.19066899556756E-02
 1.97958005609746E+03	-1.50604151143756E-01
 1.97958279399749E+03	-1.96939558512480E-01
 1.97958553189752E+03	-1.98203117725899E-01
 1.97958826979755E+03	-1.45896464315540E-01
 1.97959100769758E+03	-4.39827711013407E-02
 1.97959374559761E+03	 9.52703787842968E-02
 1.97959648349764E+03	 2.50290687274682E-01
 1.97959922139767E+03	 3.87376261829416E-01
 1.97960195929770E+03	 4.65984190068858E-01
 1.97960469719773E+03	 4.55498390785812E-01
 1.97960743509777E+03	 3.53313825934498E-01
 1.97961017299780E+03	 1.88875637112005E-01
 1.97961291089783E+03	 9.00356767345880E-03
 1.97961564879786E+03	-1.44022368794343E-01
 1.97961838669789E+03	-2.45815573567000E-01
 1.97962112459792E+03	-2.89632921040486E-01
 1.97962386249795E+03	-2.79743714065249E-01
 1.97962660039798E+03	-2.27163889925421E-01
 1.97962933829801E+03	-1.49216628047433E-01
 1.97963207619804E+03	-6.80264940839725E-02
 1.97963481409807E+03	-3.84931499920983E-03
 1.97963755199810E+03	 3.38838418765417E-02
 1.97964028989813E+03	 4.90925934185614E-02
 1.97964302779817E+03	 5.04044687345621E-02
 1.97964576569820E+03	 3.90986644342810E-02
 1.97964850359823E+03	 7.60014761206597E-03
 1.97965124149826E+03	-4.83259281683444E-02
 1.97965397939829E+03	-1.17055925391247E-01
 1.97965671729832E+03	-1.72761421946917E-01
 1.97965945519835E+03	-1.89638943173681E-01
 1.97966219309838E+03	-1.54312390370523E-01
 1.97966493099841E+03	-6.72112870991545E-02
 1.97966766889844E+03	 6.21598153000686E-02
 1.97967040679847E+03	 2.16324370642714E-01
 1.97967314469850E+03	 3.66285879363271E-01
 1.97967588259853E+03	 4.72421009372374E-01
 1.97967862049857E+03	 4.97430867588317E-01
 1.97968135839860E+03	 4.26172083391922E-01
 1.97968409629863E+03	 2.76825867537621E-01
 1.97968683419866E+03	 9.27993939609642E-02
 1.97968957209869E+03	-7.87265689734659E-02
 1.97969230999872E+03	-2.05147287732257E-01
 1.97969504789875E+03	-2.73200726625206E-01
 1.97969778579878E+03	-2.83512414152786E-01
 1.97970052369881E+03	-2.44686890932781E-01
 1.97970326159884E+03	-1.71832833671902E-01
 1.97970599949887E+03	-8.63557925670892E-02
 1.97970873739890E+03	-1.13346718677769E-02
 1.97971147529893E+03	 3.78695356894140E-02
 1.97971421319896E+03	 6.01653377429797E-02
 1.97971695109900E+03	 6.42671578234043E-02
 1.97971968899903E+03	 5.59742781879650E-02
 1.97972242689906E+03	 3.10296027456391E-02
 1.97972516479909E+03	-1.71901771874764E-02
 1.97972790269912E+03	-8.32703083639406E-02
 1.97973064059915E+03	-1.45406240070251E-01
 1.97973337849918E+03	-1.76338292414460E-01
 1.97973611639921E+03	-1.57994848284915E-01
 1.97973885429924E+03	-8.67678435173088E-02
 1.97974159219927E+03	 3.04645083749000E-02
 1.97974433009930E+03	 1.79624105034745E-01
 1.97974706799933E+03	 3.36678001042236E-01
 1.97974980589936E+03	 4.65183315896380E-01
 1.97975254379940E+03	 5.24339495870186E-01
 1.97975528169943E+03	 4.87984534234899E-01
 1.97975801959946E+03	 3.61355382933134E-01
 1.97976075749949E+03	 1.80773798660474E-01
 1.97976349539952E+03	-4.57376942165749E-03
 1.97976623329955E+03	-1.54380190101536E-01
 1.97976897119958E+03	-2.47730572898969E-01
 1.97977170909961E+03	-2.80509771347242E-01
 1.97977444699964E+03	-2.58575592425655E-01
 1.97977718489967E+03	-1.94606038703848E-01
 1.97977992279970E+03	-1.08308398057480E-01
 1.97978266069973E+03	-2.40268035180478E-02
 1.97978539859976E+03	 3.76969089444357E-02
 1.97978813649980E+03	 6.95499230393254E-02
 1.97979087439983E+03	 7.79300290155520E-02
 1.97979361229986E+03	 7.19015425641209E-02
 1.97979635019989E+03	 5.17826090660528E-02
 1.97979908809992E+03	 1.09530450737419E-02
 1.97980182599995E+03	-5.04542230293915E-02
 1.97980456389998E+03	-1.15994814161612E-01
 1.97980730180001E+03	-1.58881827256010E-01
 1.97981003970004E+03	-1.57037972557615E-01
 1.97981277760007E+03	-1.02364451244974E-01
 1.97981551550010E+03	 1.06557040668187E-03
 1.97981825340013E+03	 1.41891232655073E-01
 1.97982099130016E+03	 3.00670128192190E-01
 1.97982372920019E+03	 4.45624546692164E-01
 1.97982646710023E+03	 5.35615170835027E-01
 1.97982920500026E+03	 5.36008352722255E-01
 1.97983194290029E+03	 4.38708829815274E-01
 1.97983468080032E+03	 2.69732390170330E-01
 1.97983741870035E+03	 7.67160319766879E-02
 1.97984015660038E+03	-9.38516519423664E-02
 1.97984289450041E+03	-2.12741237351151E-01
 1.97984563240044E+03	-2.69824824931557E-01
 1.97984837030047E+03	-2.67599120715866E-01
 1.97985110820050E+03	-2.16178609904616E-01
 1.97985384610053E+03	-1.32930200204341E-01
 1.97985658400056E+03	-4.19596115591766E-02
 1.97985932190059E+03	 3.23266869711117E-02
 1.97986205980063E+03	 7.59836120785230E-02
 1.97986479770066E+03	 9.08663393397109E-02
 1.97986753560069E+03	 8.72813500401875E-02
 1.97987027350072E+03	 7.04185088353016E-02
 1.97987301140075E+03	 3.59310804376706E-02
 1.97987574930078E+03	-1.96163359418279E-02
 1.97987848720081E+03	-8.57236472640528E-02
 1.97988122510084E+03	-1.38034188883485E-01
 1.97988396300087E+03	-1.51682173199596E-01
 1.97988670090090E+03	-1.13872304252042E-01
 1.97988943880093E+03	-2.54312839216566E-02
 1.97989217670096E+03	 1.04536776744028E-01
 1.97989491460099E+03	 2.60399025667989E-01
 1.97989765250103E+03	 4.15669609375663E-01
 1.97990039040106E+03	 5.31607967761236E-01
 1.97990312830109E+03	 5.68318046360404E-01
 1.97990586620112E+03	 5.05338373114740E-01
 1.97990860410115E+03	 3.56058107594002E-01
 1.97991134200118E+03	 1.62748129262453E-01
 1.97991407990121E+03	-2.44375114806329E-02
 1.97991681780124E+03	-1.68044589205620E-01
 1.97991955570127E+03	-2.50703972141276E-01
 1.97992229360130E+03	-2.70627217265205E-01
 1.97992503150133E+03	-2.35157583455880E-01
 1.97992776940136E+03	-1.58980528804713E-01
 1.97993050730139E+03	-6.47008904106146E-02
 1.97993324520143E+03	 2.10635681013509E-02
 1.97993598310146E+03	 7.81523805109914E-02
 1.97993872100149E+03	 1.02173455378413E-01
 1.97994145890152E+03	 1.02204122168053E-01
 1.97994419680155E+03	 8.75633524069431E-02
 1.97994693470158E+03	 5.79276829803627E-02
 1.97994967260161E+03	 8.53021839979173E-03
 1.97995241050164E+03	-5.57672052787426E-02
 1.97995514840167E+03	-1.14717388854613E-01
 1.97995788630170E+03	-1.42318380913198E-01
 1.97996062420173E+03	-1.21290749892519E-01
 1.97996336210176E+03	-4.86502379168311E-02
 1.97996610000179E+03	 6.86411474313784E-02
 1.97996883790182E+03	 2.17840843284468E-01
 1.97997157580186E+03	 3.77589486877619E-01
 1.97997431370189E+03	 5.13542997679148E-01
 1.97997705160192E+03	 5.83964284079916E-01
 1.97997978950195E+03	 5.58209832364301E-01
 1.97998252740198E+03	 4.35957863079768E-01
 1.97998526530201E+03	 2.50515031831925E-01
 1.97998800320204E+03	 5.23697344180358E-02
 1.97999074110207E+03	-1.13839729577976E-01
 1.97999347900210E+03	-2.22597489442383E-01
 1.97999621690213E+03	-2.66664371567672E-01
 1.97999895480216E+03	-2.50191836631423E-01
 1.98000169270219E+03	-1.85034248679852E-01
 1.98000443060222E+03	-9.13850628408999E-02
 1.98000716850226E+03	 3.65926973147588E-03
 1.98000990640229E+03	 7.48661047245911E-02
 1.98001264430232E+03	 1.10664242444203E-01
 1.98001538220235E+03	 1.16373627913003E-01
 1.98001812010238E+03	 1.03754463091371E-01
 1.98002085800241E+03	 7.74096937982980E-02
 1.98002359590244E+03	 3.36311340599806E-02
 1.98002633380247E+03	-2.71688392737979E-02
 1.98002907170250E+03	-8.99591730134519E-02
 1.98003180960253E+03	-1.29490266256451E-01
 1.98003454750256E+03	-1.24729723658646E-01
 1.98003728540259E+03	-6.83897834160067E-02
 1.98004002330262E+03	 3.49628932502637E-02
 1.98004276120266E+03	 1.74679897673164E-01
 1.98004549910269E+03	 3.33763393545707E-01
 1.98004823700272E+03	 4.83348844881242E-01
 1.98005097490275E+03	 5.83030428954453E-01
 1.98005371280278E+03	 5.95072128923948E-01
 1.98005645070281E+03	 5.05759137501739E-01
 1.98005918860284E+03	 3.36540927680632E-01
 1.98006192650287E+03	 1.34431279818062E-01
 1.98006466440290E+03	-5.08079020646147E-02
 1.98006740230293E+03	-1.85221631173819E-01
 1.98007014020296E+03	-2.54880519374288E-01
 1.98007287810299E+03	-2.60032044876920E-01
 1.98007561600302E+03	-2.09587388982918E-01
 1.98007835390305E+03	-1.20789114072075E-01
 1.98008109180309E+03	-1.96379631456046E-02
 1.98008382970312E+03	 6.52244292947281E-02
 1.98008656760315E+03	 1.15009744191442E-01
 1.98008930550318E+03	 1.29092987785590E-01
 1.98009204340321E+03	 1.19294694210505E-01
 1.98009478130324E+03	 9.50069042804171E-02
 1.98009751920327E+03	 5.57064588981702E-02
 1.98010025710330E+03	-7.36035675037773E-04
 1.98010299500333E+03	-6.48167359338859E-02
 1.98010573290336E+03	-1.13885487535075E-01
 1.98010847080339E+03	-1.24405457825727E-01
 1.98011120870342E+03	-8.45707055648310E-02
 1.98011394660345E+03	 3.98525260230393E-03
 1.98011668450349E+03	 1.32237197977841E-01
 1.98011942240352E+03	 2.86460305139562E-01
 1.98012216030355E+03	 4.43424114705293E-01
 1.98012489820358E+03	 5.66579541772896E-01
 1.98012763610361E+03	 6.14653718598135E-01
 1.98013037400364E+03	 5.62222445097048E-01
 1.98013311190367E+03	 4.17102684851003E-01
 1.98013584980370E+03	 2.18998714056514E-01
 1.98013858770373E+03	 1.98094998343403E-02
 1.98014132560376E+03	-1.38634224689569E-01
 1.98014406350379E+03	-2.34645687386102E-01
 1.98014680140382E+03	-2.63573890842087E-01
 1.98014953930385E+03	-2.31153429234891E-01
 1.98015227720389E+03	-1.51437900190859E-01
 1.98015501510392E+03	-4.80913445719121E-02
 1.98015775300395E+03	 4.87500767254518E-02
 1.98016049090398E+03	 1.13912963082104E-01
 1.98016322880401E+03	 1.39317908493659E-01
 1.98016596670404E+03	 1.34140987972132E-01
 1.98016870460407E+03	 1.11361773124629E-01
 1.98017144250410E+03	 7.51113535705342E-02
 1.98017418040413E+03	 2.30424446432669E-02
 1.98017691830416E+03	-4.02820845138613E-02
 1.98017965620419E+03	-9.63082650076376E-02
 1.98018239410422E+03	-1.20644518196782E-01
 1.98018513200425E+03	-9.71978771690206E-02
 1.98018786990428E+03	-2.40154640491893E-02
 1.98019060780432E+03	 9.14595218686220E-02
 1.98019334570435E+03	 2.37666673445659E-01
 1.98019608360438E+03	 3.96375564334805E-01
 1.98019882150441E+03	 5.36500237336671E-01
 1.98020155940444E+03	 6.16758825101780E-01
 1.98020429730447E+03	 6.02830392560538E-01
 1.98020703520450E+03	 4.88508508939396E-01
 1.98020977310453E+03	 3.02826980398686E-01
 1.98021251100456E+03	 9.61694330339118E-02
 1.98021524890459E+03	-8.33158071735918E-02
 1.98021798680462E+03	-2.05574292929050E-01
 1.98022072470465E+03	-2.59889117755491E-01
 1.98022346260468E+03	-2.48341393897222E-01
 1.98022620050472E+03	-1.81722281906220E-01
 1.98022893840475E+03	-8.05363511250675E-02
 1.98023167630478E+03	 2.54717942403325E-02
 1.98023441420481E+03	 1.06288582144080E-01
 1.98023715210484E+03	 1.45771445165852E-01
 1.98023989000487E+03	 1.47847303606878E-01
 1.98024262790490E+03	 1.26971897770285E-01
 1.98024536580493E+03	 9.24438282136902E-02
 1.98024810370496E+03	 4.40412989551828E-02
 1.98025084160499E+03	-1.71808168557355E-02
 1.98025357950502E+03	-7.76290792723704E-02
 1.98025631740505E+03	-1.13887893423890E-01
 1.98025905530508E+03	-1.06340874336715E-01
 1.98026179320512E+03	-4.88970551592179E-02
 1.98026453110515E+03	 5.29601821233003E-02
 1.98026726900518E+03	 1.88978128168740E-01
 1.98027000690521E+03	 3.44763815376621E-01
 1.98027274480524E+03	 4.95274080715398E-01
 1.98027548270527E+03	 6.02249969100238E-01
 1.98027822060530E+03	 6.26014868676108E-01
 1.98028095850533E+03	 5.47404373825178E-01
 1.98028369640536E+03	 3.82362658401173E-01
 1.98028643430539E+03	 1.75840125472184E-01
 1.98028917220542E+03	-2.02431383212559E-02
 1.98029191010545E+03	-1.67581129882929E-01
 1.98029464800548E+03	-2.48251556793445E-01
 1.98029738590552E+03	-2.59912118714698E-01
 1.98030012380555E+03	-2.10013804672417E-01
 1.98030286170558E+03	-1.15482287627360E-01
 1.98030559960561E+03	-4.05273555416241E-03
 1.98030833750564E+03	 9.14226263055786E-02
 1.98031107540567E+03	 1.47104595152531E-01
 1.98031381330570E+03	 1.59573826643818E-01
 1.98031655120573E+03	 1.42050745905181E-01
 1.98031928910576E+03	 1.08410384717286E-01
 1.98032202700579E+03	 6.24936367626054E-02
 1.98032476490582E+03	 3.92012113083031E-03
 1.98032750280585E+03	-5.87124188699409E-02
 1.98033024070588E+03	-1.04685713951499E-01
 1.98033297860591E+03	-1.12132540036574E-01
 1.98033571650595E+03	-7.05896299518845E-02
 1.98033845440598E+03	 1.70952523581251E-02
 1.98034119230601E+03	 1.41561652637633E-01
 1.98034393020604E+03	 2.90889460957691E-01
 1.98034666810607E+03	 4.45697859734773E-01
 1.98034940600610E+03	 5.72919332800462E-01
 1.98035214390613E+03	 6.31290852694998E-01
 1.98035488180616E+03	 5.91071276399194E-01
 1.98035761970619E+03	 4.53994559322625E-01
 1.98036035760622E+03	 2.55880874593022E-01
 1.98036309550625E+03	 4.90614019225243E-02
 1.98036583340628E+03	-1.20946085814143E-01
 1.98036857130631E+03	-2.28165655788150E-01
 1.98037130920635E+03	-2.64814361311499E-01
 1.98037404710638E+03	-2.34762713956017E-01
 1.98037678500641E+03	-1.51237622143861E-01
 1.98037952290644E+03	-3.87743048084171E-02
 1.98038226080647E+03	 6.90894654667918E-02
 1.98038499870650E+03	 1.42079533528007E-01
 1.98038773660653E+03	 1.68163932589145E-01
 1.98039047450656E+03	 1.56430474320871E-01
 1.98039321240659E+03	 1.23668454803257E-01
 1.98039595030662E+03	 7.89317723807550E-02
 1.98039868820665E+03	 2.27789791011216E-02
 1.98040142610668E+03	-4.03292430391556E-02
 1.98040416400671E+03	-9.36745294542637E-02
 1.98040690190675E+03	-1.14779323658033E-01
 1.98040963980678E+03	-8.90555284098328E-02
 1.98041237770681E+03	-1.59449588013629E-02
 1.98041511560684E+03	 9.61830769022102E-02
 1.98041785350687E+03	 2.36644162366456E-01
 1.98042059140690E+03	 3.90599345544111E-01
 1.98042332930693E+03	 5.31267298135927E-01
 1.98042606720696E+03	 6.19277509334385E-01
 1.98042880510699E+03	 6.17674712518944E-01
 1.98043154300702E+03	 5.14342329994053E-01
 1.98043428090705E+03	 3.32992529616764E-01
 1.98043701880708E+03	 1.22521496289870E-01
 1.98043975670711E+03	-6.63793595825113E-02
 1.98044249460714E+03	-1.99403170799949E-01
 1.98044523250718E+03	-2.62206756075791E-01
 1.98044797040721E+03	-2.54571200795932E-01
 1.98045070830724E+03	-1.86040348969990E-01
 1.98045344620727E+03	-7.72411896496155E-02
 1.98045618410730E+03	 3.96105774510052E-02
 1.98045892200733E+03	 1.29748616595189E-01
 1.98046165990736E+03	 1.72279435331025E-01
 1.98046439780739E+03	 1.69524820204101E-01
 1.98046713570742E+03	 1.38669728747039E-01
 1.98046987360745E+03	 9.40782697378171E-02
 1.98047261150748E+03	 3.95053133877380E-02
 1.98047534940751E+03	-2.30659781265701E-02
 1.98047808730754E+03	-8.15327308281501E-02
 1.98048082520758E+03	-1.14573625522463E-01
 1.98048356310761E+03	-1.04275144761137E-01
 1.98048630100764E+03	-4.60494132817792E-02
 1.98048903890767E+03	 5.32847531764084E-02
 1.98049177680770E+03	 1.83439606335268E-01
 1.98049451470773E+03	 3.32584269447711E-01
 1.98049725260776E+03	 4.80219453067441E-01
 1.98049999050779E+03	 5.91602785397016E-01
 1.98050272840782E+03	 6.26432124946761E-01
 1.98050546630785E+03	 5.60550288206981E-01
 1.98050820420788E+03	 4.03731828319065E-01
 1.98051094210791E+03	 1.97553741374873E-01
 1.98051368000794E+03	-5.07454585949010E-03
 1.98051641790798E+03	-1.62049885789166E-01
 1.98051915580801E+03	-2.51474086569552E-01
 1.98052189370804E+03	-2.68239887911953E-01
 1.98052463160807E+03	-2.18176221547509E-01
 1.98052736950810E+03	-1.17723942540179E-01
 1.98053010740813E+03	 3.84884964867715E-03
 1.98053284530816E+03	 1.09603041405678E-01
 1.98053558320819E+03	 1.70575106056532E-01
 1.98053832110822E+03	 1.80360923615093E-01
 1.98054105900825E+03	 1.53529823487701E-01
 1.98054379690828E+03	 1.08700465604279E-01
 1.98054653480831E+03	 5.45359992652801E-02
 1.98054927270834E+03	-7.24525944977170E-03
 1.98055201060837E+03	-6.89149831465076E-02
 1.98055474850841E+03	-1.11897255850762E-01
 1.98055748640844E+03	-1.16255894632172E-01
 1.98056022430847E+03	-7.31213308497996E-02
 1.98056296220850E+03	 1.30916050013751E-02
 1.98056570010853E+03	 1.32214049861406E-01
 1.98056843800856E+03	 2.73845471677332E-01
 1.98057117590859E+03	 4.22821351894030E-01
 1.98057391380862E+03	 5.50704162313319E-01
 1.98057665170865E+03	 6.17674015276154E-01
 1.98057938960868E+03	 5.90549747961114E-01
 1.98058212750871E+03	 4.64771834592817E-01
 1.98058486540874E+03	 2.71177614571284E-01
 1.98058760330877E+03	 6.12654848090745E-02
 1.98059034120881E+03	-1.16559245826355E-01
 1.98059307910884E+03	-2.32246442720559E-01
 1.98059581700887E+03	-2.74791427789352E-01
 1.98059855490890E+03	-2.46072162867827E-01
 1.98060129280893E+03	-1.58356129806038E-01
 1.98060403070896E+03	-3.68577599946051E-02
 1.98060676860899E+03	 8.16700960161621E-02
 1.98060950650902E+03	 1.61886977557220E-01
 1.98061224440905E+03	 1.87678038029047E-01
 1.98061498230908E+03	 1.67946804169918E-01
 1.98061772020911E+03	 1.23448906902241E-01
 1.98062045810914E+03	 6.85589408741170E-02
 1.98062319600917E+03	 7.12563475039072E-03
 1.98062593390921E+03	-5.63723843006415E-02
 1.98062867180924E+03	-1.07206763750326E-01
 1.98063140970927E+03	-1.25055638298393E-01
 1.98063414760930E+03	-9.70445523867037E-02
 1.98063688550933E+03	-2.42786199470805E-02
 1.98063962340936E+03	 8.35038912313147E-02
 1.98064236130939E+03	 2.16053790889987E-01
 1.98064509920942E+03	 3.61952068427853E-01
 1.98064783710945E+03	 4.99552869987814E-01
 1.98065057500948E+03	 5.92788533053895E-01
 1.98065331290951E+03	 6.03254624746038E-01
 1.98065605080954E+03	 5.13181395792904E-01
 1.98065878870957E+03	 3.40187824579941E-01
 1.98066152660961E+03	 1.30444643661127E-01
 1.98066426450964E+03	-6.38046833387743E-02
 1.98066700240967E+03	-2.04427511312784E-01
 1.98066974030970E+03	-2.73479538441316E-01
 1.98067247820973E+03	-2.68358537168877E-01
 1.98067521610976E+03	-1.97270797725855E-01
 1.98067795400979E+03	-8.08104177354416E-02
 1.98068069190982E+03	 4.65463436466265E-02
 1.98068342980985E+03	 1.45406690228435E-01
 1.98068616770988E+03	 1.90080271149819E-01
 1.98068890560991E+03	 1.81184181265139E-01
 1.98069164350994E+03	 1.38704337804891E-01
 1.98069438140997E+03	 8.23909473673356E-02
 1.98069711931000E+03	 2.03650726279820E-02
 1.98069985721004E+03	-4.42702415041675E-02
 1.98070259511007E+03	-1.00995531568188E-01
 1.98070533301010E+03	-1.30808141771547E-01
 1.98070807091013E+03	-1.17683060689186E-01
 1.98071080881016E+03	-5.87228978406194E-02
 1.98071354671019E+03	 3.75583330056079E-02
 1.98071628461022E+03	 1.60336295460780E-01
 1.98071902251025E+03	 3.00092890570591E-01
 1.98072176041028E+03	 4.41339323362024E-01
 1.98072449831031E+03	 5.54055484843981E-01
 1.98072723621034E+03	 5.98662236536620E-01
 1.98072997411037E+03	 5.46690573883450E-01
 1.98073271201040E+03	 4.01378360924490E-01
 1.98073544991044E+03	 1.99842897337963E-01
 1.98073818781047E+03	-5.11830197515603E-03
 1.98074092571050E+03	-1.68233950990124E-01
 1.98074366361053E+03	-2.63793959986483E-01
 1.98074640151056E+03	-2.83900959524634E-01
 1.98074913941059E+03	-2.32715623565531E-01
 1.98075187731062E+03	-1.26092318161314E-01
 1.98075461521065E+03	 5.36433897731568E-03
 1.98075735311068E+03	 1.20816475240598E-01
 1.98076009101071E+03	 1.86221653891548E-01
 1.98076282891074E+03	 1.92124219502427E-01
 1.98076556681077E+03	 1.54458129205189E-01
 1.98076830471080E+03	 9.68246191590204E-02
 1.98077104261084E+03	 3.30778150273210E-02
 1.98077378051087E+03	-3.27186881825576E-02
 1.98077651841090E+03	-9.37333765068645E-02
 1.98077925631093E+03	-1.33737410036646E-01
 1.98078199421096E+03	-1.34907446788802E-01
 1.98078473211099E+03	-9.00941863290580E-02
 1.98078747001102E+03	-5.52975911509422E-03
 1.98079020791105E+03	 1.07333346151386E-01
 1.98079294581108E+03	 2.39177267385330E-01
 1.98079568371111E+03	 3.79162092951741E-01
 1.98079842161114E+03	 5.04391265409094E-01
 1.98080115951117E+03	 5.77843065630045E-01
 1.98080389741120E+03	 5.63907699785176E-01
 1.98080663531123E+03	 4.51797957475372E-01
 1.98080937321127E+03	 2.66543656577068E-01
 1.98081211111130E+03	 5.76984393176478E-02
 1.98081484901133E+03	-1.24242396019769E-01
 1.98081758691136E+03	-2.45471239263365E-01
 1.98082032481139E+03	-2.91808539317945E-01
 1.98082306271142E+03	-2.63135685637788E-01
 1.98082580061145E+03	-1.70718419097524E-01
 1.98082853851148E+03	-4.02992507267794E-02
 1.98083127641151E+03	 8.83658702983025E-02
 1.98083401431154E+03	 1.74996515532936E-01
 1.98083675221157E+03	 1.99386331368373E-01
 1.98083949011160E+03	 1.70247102610030E-01
 1.98084222801163E+03	 1.12465620366272E-01
 1.98084496591167E+03	 4.60655046773524E-02
 1.98084770381170E+03	-2.15319336929295E-02
 1.98085044171173E+03	-8.57907781506497E-02
 1.98085317961176E+03	-1.34150155389142E-01
 1.98085591751179E+03	-1.48635816587087E-01
 1.98085865541182E+03	-1.18183569673499E-01
 1.98086139331185E+03	-4.57035746147996E-02
 1.98086413121188E+03	 5.73141184418944E-02
 1.98086686911191E+03	 1.80534164387337E-01
 1.98086960701194E+03	 3.15760653499943E-01
 1.98087234491197E+03	 4.47038666577458E-01
 1.98087508281200E+03	 5.42818106293438E-01
 1.98087782071203E+03	 5.64457641028229E-01
 1.98088055861207E+03	 4.89009156482339E-01
 1.98088329651210E+03	 3.27515736162262E-01
 1.98088603441213E+03	 1.22405640763875E-01
 1.98088877231216E+03	-7.34352595481994E-02
 1.98089151021219E+03	-2.18518037618228E-01
 1.98089424811222E+03	-2.91429676738156E-01
 1.98089698601225E+03	-2.87220327122733E-01
 1.98089972391228E+03	-2.12771366242285E-01
 1.98090246181231E+03	-8.85577491555448E-02
 1.98090519971234E+03	 4.88807417454414E-02
 1.98090793761237E+03	 1.55707282008914E-01
 1.98091067551240E+03	 2.01494873846124E-01
 1.98091341341243E+03	 1.85156056551790E-01
 1.98091615131246E+03	 1.29585094486236E-01
 1.98091888921250E+03	 6.01947474400757E-02
 1.98092162711253E+03	-1.02293611036379E-02
 1.98092436501256E+03	-7.73604121392365E-02
 1.98092710291259E+03	-1.32400832152291E-01
 1.98092984081262E+03	-1.58873283635700E-01
 1.98093257871265E+03	-1.42740845443607E-01
 1.98093531661268E+03	-8.28544640835124E-02
 1.98093805451271E+03	 1.03225472177460E-02
 1.98094079241274E+03	 1.24921746965109E-01
 1.98094353031277E+03	 2.53323887283127E-01
 1.98094626821280E+03	 3.85242814182691E-01
 1.98094900611283E+03	 4.96337995033732E-01
 1.98095174401286E+03	 5.49019771351670E-01
 1.98095448191290E+03	 5.11319208032533E-01
 1.98095721981293E+03	 3.79837014563135E-01
 1.98095995771296E+03	 1.86407242235749E-01
 1.98096269561299E+03	-1.72323842935028E-02
 1.98096543351302E+03	-1.83248438426853E-01
 1.98096817141305E+03	-2.82347928358511E-01
 1.98097090931308E+03	-3.03918182885108E-01
 1.98097364721311E+03	-2.50507778962419E-01
 1.98097638511314E+03	-1.37369150142830E-01
 1.98097912301317E+03	 3.70593857194353E-03
 1.98098186091320E+03	 1.28185552297488E-01
 1.98098459881323E+03	 1.97072636550902E-01
 1.98098733671326E+03	 1.97891137243521E-01
 1.98099007461330E+03	 1.48011407452002E-01
 1.98099281251333E+03	 7.62387360836327E-02
 1.98099555041336E+03	 1.91388626997512E-03
 1.98099828831339E+03	-6.83921522165975E-02
 1.98100102621342E+03	-1.28830582732344E-01
 1.98100376411345E+03	-1.65734471036739E-01
 1.98100650201348E+03	-1.63522468305728E-01
 1.98100923991351E+03	-1.16779545080223E-01
 1.98101197781354E+03	-3.36766587718697E-02
 1.98101471571357E+03	 7.26343965809160E-02
 1.98101745361360E+03	 1.93393317225099E-01
 1.98102019151363E+03	 3.21955419663754E-01
 1.98102292941366E+03	 4.41591915598684E-01
 1.98102566731370E+03	 5.19256839622756E-01
 1.98102840521373E+03	 5.17951653482913E-01
 1.98103114311376E+03	 4.20938370570883E-01
 1.98103388101379E+03	 2.46887855475497E-01
 1.98103661891382E+03	 4.25062165377585E-02
 1.98103935681385E+03	-1.40330565152666E-01
 1.98104209471388E+03	-2.64388745226679E-01
 1.98104483261391E+03	-3.12430588734461E-01
 1.98104757051394E+03	-2.82426409565855E-01
 1.98105030841397E+03	-1.84688487061544E-01
 1.98105304631400E+03	-4.54069803224805E-02
 1.98105578421403E+03	 9.28499600615686E-02
 1.98105852211406E+03	 1.85032108988517E-01
 1.98106126001409E+03	 2.06916175179746E-01
 1.98106399791413E+03	 1.67080745564843E-01
 1.98106673581416E+03	 9.47144591889241E-02
 1.98106947371419E+03	 1.57669667078367E-02
 1.98107221161422E+03	-5.85581736174599E-02
 1.98107494951425E+03	-1.23688712686422E-01
 1.98107768741428E+03	-1.69437328712177E-01
 1.98108042531431E+03	-1.80349784364230E-01
 1.98108316321434E+03	-1.47187237639914E-01
 1.98108590111437E+03	-7.46790687003646E-02
 1.98108863901440E+03	 2.36557872124898E-02
 1.98109137691443E+03	 1.36864570086592E-01
 1.98109411481446E+03	 2.59603980157348E-01
 1.98109685271449E+03	 3.81884030794026E-01
 1.98109959061453E+03	 4.77640594495746E-01
 1.98110232851456E+03	 5.09132950485924E-01
 1.98110506641459E+03	 4.48840226112773E-01
 1.98110780431462E+03	 3.00998866133193E-01
 1.98111054221465E+03	 1.03520075933870E-01
 1.98111328011468E+03	-9.08320135034351E-02
 1.98111601801471E+03	-2.37643394594529E-01
 1.98111875591474E+03	-3.12197097925870E-01
 1.98112149381477E+03	-3.07298061219877E-01
 1.98112423171480E+03	-2.28597873806535E-01
 1.98112696961483E+03	-9.64477893173520E-02
 1.98112970751486E+03	 5.06945119554513E-02
 1.98113244541489E+03	 1.64736980435829E-01
 1.98113518331493E+03	 2.10634103581101E-01
 1.98113792121496E+03	 1.85657947386011E-01
 1.98114065911499E+03	 1.15740402352937E-01
 1.98114339701502E+03	 3.22029173990737E-02
 1.98114613491505E+03	-4.72618482681106E-02
 1.98114887281508E+03	-1.17051421207874E-01
 1.98115161071511E+03	-1.70263341888535E-01
 1.98115434861514E+03	-1.93158322503836E-01
 1.98115708651517E+03	-1.73742569351659E-01
 1.98115982441520E+03	-1.12567842880882E-01
 1.98116256231523E+03	-2.21742660153794E-02
 1.98116530021526E+03	 8.40752642446606E-02
 1.98116803811529E+03	 1.99951485298704E-01
 1.98117077601532E+03	 3.20319294668743E-01
 1.98117351391536E+03	 4.27194370194402E-01
 1.98117625181539E+03	 4.86078314269409E-01
 1.98117898971542E+03	 4.62351437448703E-01
 1.98118172761545E+03	 3.46079492923754E-01
 1.98118446551548E+03	 1.63239599465103E-01
 1.98118720341551E+03	-3.62494723445316E-02
 1.98118994131554E+03	-2.02509994261267E-01
 1.98119267921557E+03	-3.02887002138246E-01
 1.98119541711560E+03	-3.24164888137851E-01
 1.98119815501563E+03	-2.67400469018417E-01
 1.98120089291566E+03	-1.47308225884594E-01
 1.98120363081569E+03	 3.21198914097021E-03
 1.98120636871572E+03	 1.36111182812380E-01
 1.98120910661576E+03	 2.07588308462125E-01
 1.98121184451579E+03	 2.02228572992899E-01
 1.98121458241582E+03	 1.38938526293075E-01
 1.98121732031585E+03	 5.19347539615283E-02
 1.98122005821588E+03	-3.36980101950004E-02
 1.98122279611591E+03	-1.08756082733954E-01
 1.98122553401594E+03	-1.68487552374847E-01
 1.98122827191597E+03	-2.02020994737900E-01
 1.98123100981600E+03	-1.96135618264224E-01
 1.98123374771603E+03	-1.47095466924763E-01
 1.98123648561606E+03	-6.50105705997132E-02
 1.98123922351609E+03	 3.49549471945309E-02
 1.98124196141612E+03	 1.44057491167362E-01
 1.98124469931616E+03	 2.59538245648152E-01
 1.98124743721619E+03	 3.71184562862580E-01
 1.98125017511622E+03	 4.50873840558562E-01
 1.98125291301625E+03	 4.61202158168435E-01
 1.98125565091628E+03	 3.79890462470550E-01
 1.98125838881631E+03	 2.18931001819745E-01
 1.98126112671634E+03	 2.14934630960631E-02
 1.98126386461637E+03	-1.59744619085868E-01
 1.98126660251640E+03	-2.84407558452155E-01
 1.98126934041643E+03	-3.32322289564995E-01
 1.98127207831646E+03	-2.99672967478499E-01
 1.98127481621649E+03	-1.95932271016485E-01
 1.98127755411652E+03	-4.77333219254626E-02
 1.98128029201655E+03	 9.96812606653013E-02
 1.98128302991659E+03	 1.96655502257597E-01
 1.98128576781662E+03	 2.15052270119628E-01
 1.98128850571665E+03	 1.63399146158236E-01
 1.98129124361668E+03	 7.53511050470259E-02
 1.98129398151671E+03	-1.69637600539148E-02
 1.98129671941674E+03	-9.83694463108738E-02
 1.98129945731677E+03	-1.64290074029613E-01
 1.98130219521680E+03	-2.07134022051291E-01
 1.98130493311683E+03	-2.14151715599954E-01
 1.98130767101686E+03	-1.77916092107048E-01
 1.98131040891689E+03	-1.04895895138509E-01
 1.98131314681692E+03	-1.07950881258188E-02
 1.98131588471695E+03	 9.23355946528751E-02
 1.98131862261699E+03	 2.01532134745881E-01
 1.98132136051702E+03	 3.12800104836240E-01
 1.98132409841705E+03	 4.06266012079474E-01
 1.98132683631708E+03	 4.46088753978100E-01
 1.98132957421711E+03	 4.00832479647852E-01
 1.98133231211714E+03	 2.67887954040817E-01
 1.98133505001717E+03	 8.00942696434686E-02
 1.98133778791720E+03	-1.10509364799118E-01
 1.98134052581723E+03	-2.56933687849363E-01
 1.98134326371726E+03	-3.31298952961903E-01
 1.98134600161729E+03	-3.24279969348730E-01
 1.98134873951732E+03	-2.40437442600477E-01
 1.98135147741735E+03	-1.00062504868881E-01
 1.98135421531739E+03	 5.65484272231028E-02
 1.98135695321742E+03	 1.77203036285773E-01
 1.98135969111745E+03	 2.22357852816962E-01
 1.98136242901748E+03	 1.87718791431149E-01
 1.98136516691751E+03	 1.02377005412824E-01
 1.98136790481754E+03	 3.79034008367924E-03
 1.98137064271757E+03	-8.52043602445004E-02
 1.98137338061760E+03	-1.57667237245589E-01
 1.98137611851763E+03	-2.08763118517983E-01
 1.98137885641766E+03	-2.27721915379231E-01
 1.98138159431769E+03	-2.04654034069846E-01
 1.98138433221772E+03	-1.41711281225863E-01
 1.98138707011775E+03	-5.35261477464097E-02
 1.98138980801779E+03	 4.46880415525129E-02
 1.98139254591782E+03	 1.47556893924966E-01
 1.98139528381785E+03	 2.54860437095830E-01
 1.98139802171788E+03	 3.55382710322099E-01
 1.98140075961791E+03	 4.18619210530916E-01
 1.98140349751794E+03	 4.08119996844982E-01
 1.98140623541797E+03	 3.07653833213412E-01
 1.98140897331800E+03	 1.36973837591856E-01
 1.98141171121803E+03	-5.64004678813451E-02
 1.98141444911806E+03	-2.20956424357284E-01
 1.98141718701809E+03	-3.20849252215880E-01
 1.98141992491812E+03	-3.40360985161212E-01
 1.98142266281815E+03	-2.79195843340968E-01
 1.98142540071818E+03	-1.51644624126319E-01
 1.98142813861822E+03	 8.29746358270205E-03
 1.98143087651825E+03	 1.49189235920715E-01
 1.98143361441828E+03	 2.22553799086827E-01
 1.98143635231831E+03	 2.10110490488950E-01
 1.98143909021834E+03	 1.32383962300438E-01
 1.98144182811837E+03	 2.91873978549933E-02
 1.98144456601840E+03	-6.83924248781268E-02
 1.98144730391843E+03	-1.48363693763999E-01
 1.98145004181846E+03	-2.07157251698553E-01
 1.98145277971849E+03	-2.36936782574150E-01
 1.98145551761852E+03	-2.26986688108479E-01
 1.98145825551855E+03	-1.75185104301406E-01
 1.98146099341858E+03	-9.35005309622006E-02
 1.98146373131862E+03	 6.87770574266869E-04
 1.98146646921865E+03	 9.81491072698745E-02
 1.98146920711868E+03	 1.99587809514645E-01
 1.98147194501871E+03	 3.01419749291629E-01
 1.98147468291874E+03	 3.81160363058807E-01
 1.98147742081877E+03	 4.01883603477131E-01
 1.98148015871880E+03	 3.36250597995313E-01
 1.98148289661883E+03	 1.89433569902604E-01
 1.98148563451886E+03	 5.60882945577761E-04
 1.98148837241889E+03	-1.77339896386443E-01
 1.98149111031892E+03	-3.00967430961888E-01
 1.98149384821895E+03	-3.47305453518103E-01
 1.98149658611898E+03	-3.10872631550527E-01
 1.98149932401902E+03	-2.00442726918187E-01
 1.98150206191905E+03	-4.31412287218689E-02
 1.98150479981908E+03	 1.13194357534940E-01
 1.98150753771911E+03	 2.14425280784090E-01
 1.98151027561914E+03	 2.28574907366980E-01
 1.98151301351917E+03	 1.64167753798008E-01
 1.98151575141920E+03	 5.94545294841812E-02
 1.98151848931923E+03	-4.70104090548208E-02
 1.98152122721926E+03	-1.35845850730262E-01
 1.98152396511929E+03	-2.02446203556946E-01
 1.98152670301932E+03	-2.42014908043125E-01
 1.98152944091935E+03	-2.44717525960469E-01
 1.98153217881938E+03	-2.04950386483421E-01
 1.98153491671941E+03	-1.30804673916665E-01
 1.98153765461945E+03	-4.02267253363261E-02
 1.98154039251948E+03	 5.32319192952458E-02
 1.98154313041951E+03	 1.48469724917097E-01
 1.98154586831954E+03	 2.47332050064272E-01
 1.98154860621957E+03	 3.36601788949376E-01
 1.98155134411960E+03	 3.83181649478921E-01
 1.98155408201963E+03	 3.52385364224092E-01
 1.98155681991966E+03	 2.34857921488758E-01
 1.98155955781969E+03	 5.79890858977952E-02
 1.98156229571972E+03	-1.27370727248209E-01
 1.98156503361975E+03	-2.71925757188312E-01
 1.98156777151978E+03	-3.44732084420476E-01
 1.98157050941981E+03	-3.34428262208025E-01
 1.98157324731985E+03	-2.44626293865490E-01
 1.98157598521988E+03	-9.56541975708311E-02
 1.98157872311991E+03	 7.03805356620591E-02
 1.98158146101994E+03	 1.97290824603988E-01
 1.98158419891997E+03	 2.41111203048153E-01
 1.98158693682000E+03	 1.96003329737004E-01
 1.98158967472003E+03	 9.42837338890114E-02
 1.98159241262006E+03	-2.02479398404425E-02
 1.98159515052009E+03	-1.19331731138984E-01
 1.98159788842012E+03	-1.94544331309193E-01
 1.98160062632015E+03	-2.43228136718654E-01
 1.98160336422018E+03	-2.57817418343765E-01
 1.98160610212021E+03	-2.30630238603644E-01
 1.98160884002025E+03	-1.65325361675770E-01
 1.98161157792028E+03	-7.85771418768394E-02
 1.98161431582031E+03	 1.22861511631870E-02
 1.98161705372034E+03	 1.02223603866886E-01
 1.98161979162037E+03	 1.95567960776273E-01
 1.98162252952040E+03	 2.88063230998002E-01
 1.98162526742042E+03	 3.53912684201213E-01
 1.98162800532046E+03	 3.55604925695551E-01
 1.98163074322049E+03	 2.70943446459070E-01
 1.98163348112052E+03	 1.13253180560568E-01
 1.98163621902055E+03	-7.27808357585401E-02
 1.98163895692058E+03	-2.34330589645692E-01
 1.98164169482061E+03	-3.32485926525636E-01
 1.98164443272064E+03	-3.49097564987203E-01
 1.98164717062068E+03	-2.82641266038741E-01
 1.98164990852071E+03	-1.47108096178090E-01
 1.98165264642074E+03	 2.23897327324791E-02
 1.98165538432077E+03	 1.71097936591260E-01
 1.98165812222080E+03	 2.45940035113277E-01
 1.98166086012083E+03	 2.25775023841079E-01
 1.98166359802086E+03	 1.32748620309996E-01
 1.98166633592089E+03	 1.24052402659121E-02
 1.98166907382092E+03	-9.78834378182187E-02
 1.98167181172095E+03	-1.83084953621308E-01
 1.98167454962098E+03	-2.40796248139886E-01
 1.98167728752101E+03	-2.66419790355219E-01
 1.98168002542104E+03	-2.51926108512580E-01
 1.98168276332108E+03	-1.96784136960752E-01
 1.98168550122111E+03	-1.14718225066054E-01
 1.98168823912114E+03	-2.54461415551369E-02
 1.98169097702117E+03	 6.08605281687315E-02
 1.98169371492120E+03	 1.47878896155418E-01
 1.98169645282123E+03	 2.38580980623929E-01
 1.98169919072126E+03	 3.16633450233547E-01
 1.98170192862129E+03	 3.46372353914745E-01
 1.98170466652132E+03	 2.95927683598397E-01
 1.98170740442135E+03	 1.63652083058196E-01
 1.98171014232138E+03	-1.57255881519829E-02
 1.98171288022141E+03	-1.89182770696981E-01
 1.98171561812144E+03	-3.10660387849529E-01
 1.98171835602148E+03	-3.54362176791039E-01
 1.98172109392151E+03	-3.13237899490727E-01
 1.98172383182154E+03	-1.95491891111841E-01
 1.98172656972157E+03	-2.88026112324298E-02
 1.98172930762160E+03	 1.36446427967979E-01
 1.98173204552163E+03	 2.41708886330805E-01
 1.98173478342166E+03	 2.51168839787627E-01
 1.98173752132169E+03	 1.73295871263535E-01
 1.98174025922172E+03	 5.09804644950704E-02
 1.98174299712175E+03	-7.05572290234303E-02
 1.98174573502178E+03	-1.67406969238835E-01
 1.98174847292181E+03	-2.34772612045611E-01
 1.98175121082184E+03	-2.70765684180236E-01
 1.98175394872188E+03	-2.68683672089919E-01
 1.98175668662191E+03	-2.24813492469240E-01
 1.98175942452194E+03	-1.48773142630610E-01
 1.98176216242197E+03	-6.07606655295812E-02
 1.98176490032200E+03	 2.38307061942903E-02
 1.98176763822203E+03	 1.05225367754430E-01
 1.98177037612206E+03	 1.90812258713203E-01
 1.98177311402209E+03	 2.74300550985797E-01
 1.98177585192212E+03	 3.26048228816447E-01
 1.98177858982215E+03	 3.08786959776306E-01
 1.98178132772218E+03	 2.06633054373314E-01
 1.98178406562221E+03	 4.12956999029108E-02
 1.98178680352224E+03	-1.37923603894857E-01
 1.98178954142227E+03	-2.79643267963555E-01
 1.98179227932231E+03	-3.49932376886398E-01
 1.98179501722234E+03	-3.35464985119669E-01
 1.98179775512237E+03	-2.39022706342456E-01
 1.98180049302240E+03	-8.10552456769385E-02
 1.98180323092243E+03	 9.45391307054593E-02
 1.98180596882246E+03	 2.27652343995243E-01
 1.98180870672249E+03	 2.69903748943987E-01
 1.98181144462252E+03	 2.13820276924256E-01
 1.98181418252255E+03	 9.48898198797340E-02
 1.98181692042258E+03	-3.65947102524499E-02
 1.98181965832261E+03	-1.46607831557610E-01
 1.98182239622264E+03	-2.24947305753282E-01
 1.98182513412267E+03	-2.71106657177634E-01
 1.98182787202271E+03	-2.80916664848165E-01
 1.98183060992274E+03	-2.49050689113923E-01
 1.98183334782277E+03	-1.80633545570730E-01
 1.98183608572280E+03	-9.43236931278565E-02
 1.98183882362283E+03	-9.77761494778421E-03
 1.98184156152286E+03	 6.77863510036161E-02
 1.98184429942289E+03	 1.46794557603671E-01
 1.98184703732292E+03	 2.29965402470843E-01
 1.98184977522295E+03	 2.96771023850369E-01
 1.98185251312298E+03	 3.09372564068092E-01
 1.98185525102301E+03	 2.40030581265260E-01
 1.98185798892304E+03	 9.55813568747973E-02
 1.98186072682307E+03	-8.24461616365132E-02
 1.98186346472311E+03	-2.40177369364502E-01
 1.98186620262314E+03	-3.35750108855071E-01
 1.98186894052317E+03	-3.48644861053266E-01
 1.98187167842320E+03	-2.76208321422191E-01
 1.98187441632323E+03	-1.32226018032115E-01
 1.98187715422326E+03	 4.70703026614048E-02
 1.98187989212329E+03	 2.03686655238903E-01
 1.98188263002332E+03	 2.79972426989621E-01
 1.98188536792335E+03	 2.51820028222998E-01
 1.98188810582338E+03	 1.42851386064250E-01
 1.98189084372341E+03	 4.37108242804637E-03
 1.98189358162344E+03	-1.19665923205499E-01
 1.98189631952347E+03	-2.10794117305826E-01
 1.98189905742350E+03	-2.67584277996267E-01
 1.98190179532354E+03	-2.88778655852572E-01
 1.98190453322357E+03	-2.69222446631950E-01
 1.98190727112360E+03	-2.10013701114181E-01
 1.98191000902363E+03	-1.26561090427175E-01
 1.98191274692366E+03	-4.10199789282500E-02
 1.98191548482369E+03	 3.50640481779890E-02
 1.98191822272372E+03	 1.07789338909532E-01
 1.98192096062375E+03	 1.86459718996642E-01
 1.98192369852378E+03	 2.61245019925608E-01
 1.98192643642381E+03	 2.98460160237939E-01
 1.98192917432384E+03	 2.62295604490657E-01
 1.98193191222387E+03	 1.44424700974695E-01
 1.98193465012390E+03	-2.50544371958958E-02
 1.98193738802394E+03	-1.93419243301669E-01
 1.98194012592397E+03	-3.12017803873024E-01
 1.98194286382400E+03	-3.52345963104065E-01
 1.98194560172403E+03	-3.05868366250763E-01
 1.98194833962406E+03	-1.80313054286562E-01
 1.98195107752409E+03	-3.92949966824176E-03
 1.98195381542412E+03	 1.70427734889459E-01
 1.98195655332415E+03	 2.79859821822094E-01
 1.98195929122418E+03	 2.84616648954633E-01
 1.98196202912421E+03	 1.92899316692286E-01
 1.98196476702424E+03	 5.21269664737843E-02
 1.98196750492427E+03	-8.56225027239295E-02
 1.98197024282430E+03	-1.91482441238647E-01
 1.98197298072434E+03	-2.60112619225293E-01
 1.98197571862437E+03	-2.92484870437744E-01
 1.98197845652440E+03	-2.85196768038129E-01
 1.98198119442443E+03	-2.36538039243076E-01
 1.98198393232446E+03	-1.57613817174615E-01
 1.98198667022449E+03	-7.08925680023645E-02
 1.98198940812452E+03	 6.06284801977515E-03
 1.98199214602455E+03	 7.42275156629928E-02
 1.98199488392458E+03	 1.46111215247441E-01
 1.98199762182461E+03	 2.22457746383651E-01
 1.98200035972464E+03	 2.77697339620420E-01
 1.98200309762467E+03	 2.72681996066079E-01
 1.98200583552470E+03	 1.85349568800790E-01
 1.98200857342474E+03	 3.16402377315043E-02
 1.98201131132477E+03	-1.40975692664127E-01
 1.98201404922480E+03	-2.79249018533984E-01
 1.98201678712483E+03	-3.46368016045100E-01
 1.98201952502486E+03	-3.27124079756082E-01
 1.98202226292489E+03	-2.23557775708679E-01
 1.98202500082492E+03	-5.62683404690508E-02
 1.98202773872495E+03	 1.29133128566290E-01
 1.98203047662498E+03	 2.68710800141728E-01
 1.98203321452501E+03	 3.09613542679643E-01
 1.98203595242504E+03	 2.42486452351138E-01
 1.98203869032507E+03	 1.05741481663500E-01
 1.98204142822510E+03	-4.38009799151117E-02
 1.98204416612513E+03	-1.65964960616948E-01
 1.98204690402517E+03	-2.48292925363191E-01
 1.98204964192520E+03	-2.92198332104137E-01
 1.98205237982523E+03	-2.96986138780768E-01
 1.98205511772526E+03	-2.59835977847301E-01
 1.98205785562529E+03	-1.87356944550051E-01
 1.98206059352532E+03	-1.00172800906075E-01
 1.98206333142535E+03	-2.04882377640370E-02
 1.98206606932538E+03	 4.57596301844998E-02
 1.98206880722541E+03	 1.10525812320806E-01
 1.98207154512544E+03	 1.83360126778384E-01
 1.98207428302547E+03	 2.49447605556686E-01
 1.98207702092550E+03	 2.71359336050188E-01
 1.98207975882553E+03	 2.16356828434079E-01
 1.98208249672557E+03	 8.48859897333037E-02
 1.98208523462560E+03	-8.48978232905327E-02
 1.98208797252563E+03	-2.38328675492941E-01
 1.98209071042566E+03	-3.30749742442790E-01
 1.98209344832569E+03	-3.39371606185348E-01
 1.98209618622572E+03	-2.60503889057335E-01
 1.98209892412575E+03	-1.07763147028560E-01
 1.98210166202578E+03	 8.15793208549319E-02
 1.98210439992581E+03	 2.46425443370784E-01
 1.98210713782584E+03	 3.24560431240915E-01
 1.98210987572587E+03	 2.88673516093363E-01
 1.98211261362590E+03	 1.63505898188234E-01
 1.98211535152593E+03	 5.96837615648037E-03
 1.98211808942597E+03	-1.33138753390531E-01
 1.98212082732600E+03	-2.31386742556823E-01
 1.98212356522603E+03	-2.87904447218488E-01
 1.98212630312606E+03	-3.04697752424106E-01
 1.98212904102609E+03	-2.79617911943436E-01
 1.98213177892612E+03	-2.15467435351375E-01
 1.98213451682615E+03	-1.29322402651586E-01
 1.98213725472618E+03	-4.59047051349630E-02
 1.98213999262621E+03	 2.13988582254656E-02
 1.98214273052624E+03	 8.04637816776078E-02
 1.98214546842627E+03	 1.46549308347883E-01
 1.98214820632630E+03	 2.16543892225242E-01
 1.98215094422633E+03	 2.59428515643153E-01
 1.98215368212636E+03	 2.36148552186501E-01
 1.98215642002640E+03	 1.32009189693016E-01
 1.98215915792643E+03	-2.76170810758496E-02
 1.98216189582646E+03	-1.90564624856113E-01
 1.98216463372649E+03	-3.05801261107038E-01
 1.98216737162652E+03	-3.42255240606844E-01
 1.98217010952655E+03	-2.90015369127579E-01
 1.98217284742658E+03	-1.56384242835255E-01
 1.98217558532661E+03	 2.98944076623085E-02
 1.98217832322664E+03	 2.13671155668546E-01
 1.98218106112667E+03	 3.27789188279900E-01
 1.98218379902670E+03	 3.28385459009360E-01
 1.98218653692673E+03	 2.22973049588401E-01
 1.98218927482676E+03	 6.31551281074681E-02
 1.98219201272680E+03	-9.20632844428295E-02
 1.98219475062683E+03	-2.08365411114461E-01
 1.98219748852686E+03	-2.79303670601443E-01
 1.98220022642689E+03	-3.08439060657813E-01
 1.98220296432692E+03	-2.95711676891980E-01
 1.98220570222695E+03	-2.41517650465871E-01
 1.98220844012698E+03	-1.58459110001251E-01
 1.98221117802701E+03	-7.13408624213082E-02
 1.98221391592704E+03	-2.67722990533742E-04
 1.98221665382707E+03	 5.58242060356360E-02
 1.98221939172710E+03	 1.13995262452271E-01
 1.98222212962713E+03	 1.81978637424384E-01
 1.98222486752716E+03	 2.38828719851116E-01
 1.98222760542720E+03	 2.44295348479491E-01
 1.98223034332723E+03	 1.70662774527985E-01
 1.98223308122726E+03	 2.81837342914116E-02
 1.98223581912729E+03	-1.37709756909784E-01
 1.98223855702732E+03	-2.72154782875515E-01
 1.98224129492735E+03	-3.35654592425161E-01
 1.98224403282738E+03	-3.11263897950119E-01
 1.98224677072741E+03	-2.00359916462447E-01
 1.98224950862744E+03	-2.36288635473871E-02
 1.98225224652747E+03	 1.71812844609182E-01
 1.98225498442750E+03	 3.18390123326121E-01
 1.98225772232753E+03	 3.58704465435442E-01
 1.98226046022756E+03	 2.81098971045552E-01
 1.98226319812759E+03	 1.26402583137667E-01
 1.98226593602763E+03	-4.22061779324940E-02
 1.98226867392766E+03	-1.78041163626789E-01
 1.98227141182769E+03	-2.65751789714504E-01
 1.98227414972772E+03	-3.08198378594089E-01
 1.98227688762775E+03	-3.08048531105181E-01
 1.98227962552778E+03	-2.65068224127565E-01
 1.98228236342781E+03	-1.87390392575685E-01
 1.98228510132784E+03	-9.76361505106110E-02
 1.98228783922787E+03	-2.08327675747414E-02
 1.98229057712790E+03	 3.57368693265391E-02
 1.98229331502793E+03	 8.68472329286204E-02
 1.98229605292796E+03	 1.48568132001759E-01
 1.98229879082799E+03	 2.12139301706120E-01
 1.98230152872803E+03	 2.41316814315913E-01
 1.98230426662806E+03	 1.99072921678690E-01
 1.98230700452809E+03	 7.97602811059847E-02
 1.98230974242812E+03	-8.19357826058236E-02
 1.98231248032815E+03	-2.30819611492896E-01
 1.98231521822818E+03	-3.19693881841187E-01
 1.98231795612821E+03	-3.23700821561427E-01
 1.98232069402824E+03	-2.38235466858024E-01
 1.98232343192827E+03	-7.67140526731075E-02
 1.98232616982830E+03	 1.22774016765840E-01
 1.98232890772833E+03	 2.96306143154015E-01
 1.98233164562836E+03	 3.77162431067428E-01
 1.98233438352839E+03	 3.34476886963660E-01
 1.98233712142843E+03	 1.93497552176520E-01
 1.98233985932846E+03	 1.63209429142765E-02
 1.98234259722849E+03	-1.39270166792003E-01
 1.98234533512852E+03	-2.46271352748615E-01
 1.98234807302855E+03	-3.03728226117728E-01
 1.98235081092858E+03	-3.16599854773493E-01
 1.98235354882861E+03	-2.85736085807972E-01
 1.98235628672864E+03	-2.15691861171270E-01
 1.98235902462867E+03	-1.25229558437777E-01
 1.98236176252870E+03	-4.18235542962858E-02
 1.98236450042873E+03	 1.87456006617975E-02
 1.98236723832876E+03	 6.53455495869288E-02
 1.98236997622879E+03	 1.18634439165633E-01
 1.98237271412883E+03	 1.82295710561558E-01
 1.98237545202886E+03	 2.28654921937266E-01
 1.98237818992889E+03	 2.16248555236205E-01
 1.98238092782892E+03	 1.24541145935259E-01
 1.98238366572895E+03	-2.57460386790287E-02
 1.98238640362898E+03	-1.83222508083634E-01
 1.98238914152901E+03	-2.94773760299571E-01
 1.98239187942904E+03	-3.27029605241097E-01
 1.98239461732907E+03	-2.68890048391172E-01
 1.98239735522910E+03	-1.27253995622015E-01
 1.98240009312913E+03	 6.88507819417496E-02
 1.98240283102916E+03	 2.62334063196413E-01
 1.98240556892919E+03	 3.81994639070800E-01
 1.98240830682922E+03	 3.79638440410328E-01
 1.98241104472926E+03	 2.61452029248998E-01
 1.98241378262929E+03	 8.25770477011881E-02
 1.98241652052932E+03	-9.12032592588650E-02
 1.98241925842935E+03	-2.19646607885741E-01
 1.98242199632938E+03	-2.94461872466211E-01
 1.98242473422941E+03	-3.21277978193282E-01
 1.98242747212944E+03	-3.03220489200687E-01
 1.98243021002947E+03	-2.42806275828443E-01
 1.98243294792950E+03	-1.54145458442718E-01
 1.98243568582953E+03	-6.44918941257616E-02
 1.98243842372956E+03	 3.05458262373408E-03
 1.98244116162959E+03	 4.88497240350276E-02
 1.98244389952962E+03	 9.37474475558225E-02
 1.98244663742966E+03	 1.52252463498402E-01
 1.98244937532969E+03	 2.08534214692556E-01
 1.98245211322972E+03	 2.22119343267224E-01
 1.98245485112975E+03	 1.60380215523995E-01
 1.98245758902978E+03	 2.81755799804150E-02
 1.98246032692981E+03	-1.31213399634674E-01
 1.98246306482984E+03	-2.61617818784944E-01
 1.98246580272987E+03	-3.21191934316072E-01
 1.98246854062990E+03	-2.91521994877340E-01
 1.98247127852993E+03	-1.73420850271382E-01
 1.98247401642996E+03	 1.25060155393329E-02
 1.98247675432999E+03	 2.18035715175442E-01
 1.98247949223002E+03	 3.72321198947215E-01
 1.98248223013006E+03	 4.13385674046841E-01
 1.98248496803009E+03	 3.26696749883075E-01
 1.98248770593012E+03	 1.54693336422206E-01
 1.98249044383015E+03	-3.35485068737569E-02
 1.98249318173018E+03	-1.84599750259471E-01
 1.98249591963021E+03	-2.79490390126713E-01
 1.98249865753024E+03	-3.21824445929769E-01
 1.98250139543027E+03	-3.17280509876996E-01
 1.98250413333030E+03	-2.68137372858121E-01
 1.98250687123033E+03	-1.84041731941910E-01
 1.98250960913036E+03	-8.96649881238031E-02
 1.98251234703039E+03	-1.31988237881852E-02
 1.98251508493042E+03	 3.59773265229839E-02
 1.98251782283045E+03	 7.45624191587534E-02
 1.98252056073049E+03	 1.24635794126866E-01
 1.98252329863052E+03	 1.83718937042471E-01
 1.98252603653055E+03	 2.17574866758536E-01
 1.98252877443058E+03	 1.85793038834558E-01
 1.98253151233061E+03	 7.71707776137952E-02
 1.98253425023064E+03	-7.70197171545382E-02
 1.98253698813067E+03	-2.21319102553001E-01
 1.98253972603070E+03	-3.06374697207707E-01
 1.98254246393073E+03	-3.05617761763824E-01
 1.98254520183076E+03	-2.13727311096041E-01
 1.98254793973079E+03	-4.38284640541536E-02
 1.98255067763082E+03	 1.65574182078782E-01
 1.98255341553085E+03	 3.48232884642642E-01
 1.98255615343089E+03	 4.33111175213609E-01
 1.98255889133092E+03	 3.85369483949279E-01
 1.98256162923095E+03	 2.29888174319003E-01
 1.98256436713098E+03	 3.31967130757815E-02
 1.98256710503101E+03	-1.40030713569528E-01
 1.98256984293104E+03	-2.57618686903761E-01
 1.98257258083107E+03	-3.17714595502163E-01
 1.98257531873110E+03	-3.27669520851520E-01
 1.98257805663113E+03	-2.91116270339543E-01
 1.98258079453116E+03	-2.14301098170087E-01
 1.98258353243119E+03	-1.17671610332688E-01
 1.98258627033122E+03	-3.16833574823633E-02
 1.98258900823125E+03	 2.48324819495424E-02
 1.98259174613129E+03	 6.07756119306946E-02
 1.98259448403132E+03	 1.01432253612856E-01
 1.98259722193135E+03	 1.57193169055384E-01
 1.98259995983138E+03	 2.04389807360253E-01
 1.98260269773141E+03	 2.00141138596447E-01
 1.98260543563144E+03	 1.18847730086766E-01
 1.98260817353147E+03	-2.31400242353711E-02
 1.98261091143150E+03	-1.75368034579971E-01
 1.98261364933153E+03	-2.83037393730556E-01
 1.98261638723156E+03	-3.10920424629692E-01
 1.98261912513159E+03	-2.47042301830072E-01
 1.98262186303162E+03	-9.79178036685961E-02
 1.98262460093165E+03	 1.07500400609738E-01
 1.98262733883168E+03	 3.10771714559545E-01
 1.98263007673172E+03	 4.37064161288144E-01
 1.98263281463175E+03	 4.33665554945468E-01
 1.98263555253178E+03	 3.04606101871152E-01
 1.98263829043181E+03	 1.07586098352084E-01
 1.98264102833184E+03	-8.52889176769658E-02
 1.98264376623187E+03	-2.27505777539000E-01
 1.98264650413190E+03	-3.08107333409744E-01
 1.98264924203193E+03	-3.34043299650893E-01
 1.98265197993196E+03	-3.11226187259961E-01
 1.98265471783199E+03	-2.44140782023806E-01
 1.98265745573202E+03	-1.48344769662789E-01
 1.98266019363205E+03	-5.36599862957797E-02
 1.98266293153208E+03	 1.32904172759380E-02
 1.98266566943212E+03	 5.12040498491864E-02
 1.98266840733215E+03	 8.37563021327128E-02
 1.98267114523218E+03	 1.31803038741277E-01
 1.98267388313221E+03	 1.85035696266713E-01
 1.98267662103224E+03	 2.03731947979826E-01
 1.98267935893227E+03	 1.51326945845236E-01
 1.98268209683230E+03	 2.78220726909092E-02
 1.98268483473233E+03	-1.25643182705718E-01
 1.98268757263236E+03	-2.51951703315176E-01
 1.98269031053239E+03	-3.07410786516739E-01
 1.98269304843242E+03	-2.72572126189029E-01
 1.98269578633245E+03	-1.47841834326799E-01
 1.98269852423248E+03	 4.65209203376539E-02
 1.98270126213252E+03	 2.61811716992783E-01
 1.98270400003255E+03	 4.24527218683216E-01
 1.98270673793258E+03	 4.68207160596582E-01
 1.98270947583261E+03	 3.74773421611565E-01
 1.98271221373264E+03	 1.87171895174437E-01
 1.98271495163267E+03	-2.04358503893181E-02
 1.98271768953270E+03	-1.87879118923806E-01
 1.98272042743273E+03	-2.91863163042588E-01
 1.98272316533276E+03	-3.35866462001814E-01
 1.98272590323279E+03	-3.27982013330374E-01
 1.98272864113282E+03	-2.72714964880416E-01
 1.98273137903285E+03	-1.81089448521142E-01
 1.98273411693288E+03	-7.98404769251652E-02
 1.98273685483292E+03	-7.02671128407715E-04
 1.98273959273295E+03	 4.39778159549799E-02
 1.98274233063298E+03	 7.17299920817371E-02
 1.98274506853301E+03	 1.09907860205024E-01
 1.98274780643304E+03	 1.62396657619184E-01
 1.98275054433307E+03	 1.97811472289544E-01
 1.98275328223310E+03	 1.73457164018092E-01
 1.98275602013313E+03	 7.33711878686177E-02
 1.98275875803316E+03	-7.43505646033991E-02
 1.98276149593319E+03	-2.14238732416224E-01
 1.98276423383322E+03	-2.95308286804257E-01
 1.98276697173325E+03	-2.89822783841075E-01
 1.98276970963328E+03	-1.92058082379890E-01
 1.98277244753331E+03	-1.47220076709118E-02
 1.98277518543335E+03	 2.03859326380342E-01
 1.98277792333338E+03	 3.95880886870269E-01
 1.98278066123341E+03	 4.86383513146438E-01
 1.98278339913344E+03	 4.36144678720241E-01
 1.98278613703347E+03	 2.68580396144662E-01
 1.98278887493350E+03	 5.35459315712771E-02
 1.98279161283353E+03	-1.37797797031174E-01
 1.98279435073356E+03	-2.67642639627463E-01
 1.98279708863359E+03	-3.32345198269699E-01
 1.98279982653362E+03	-3.40872770547346E-01
 1.98280256443365E+03	-2.99188809406612E-01
 1.98280530233368E+03	-2.14994283018300E-01
 1.98280804023371E+03	-1.10331202236360E-01
 1.98281077813375E+03	-1.88559549133076E-02
 1.98281351603378E+03	 3.68171430039911E-02
 1.98281625393381E+03	 6.44925472397863E-02
 1.98281899183384E+03	 9.30880422925285E-02
 1.98282172973387E+03	 1.39421987498211E-01
 1.98282446763390E+03	 1.84440783311225E-01
 1.98282720553393E+03	 1.84966526526409E-01
 1.98282994343396E+03	 1.11357343727367E-01
 1.98283268133399E+03	-2.39051355632390E-02
 1.98283541923402E+03	-1.71386266912142E-01
 1.98283815713405E+03	-2.75091379035006E-01
 1.98284089503408E+03	-2.98560157719786E-01
 1.98284363293411E+03	-2.29413571666545E-01
 1.98284637083415E+03	-7.38315028712089E-02
 1.98284910873418E+03	 1.39803486723526E-01
 1.98285184663421E+03	 3.52549339774321E-01
 1.98285458453424E+03	 4.86616592373894E-01
 1.98285732243427E+03	 4.84699271409730E-01
 1.98286006033430E+03	 3.47718347067179E-01
 1.98286279823433E+03	 1.34637877160083E-01
 1.98286553613436E+03	-7.69274046089187E-02
 1.98286827403439E+03	-2.34083211488525E-01
 1.98287101193442E+03	-3.22411992929409E-01
 1.98287374983445E+03	-3.49284958543657E-01
 1.98287648773448E+03	-3.22771270531560E-01
 1.98287922563451E+03	-2.48960747554144E-01
 1.98288196353454E+03	-1.44660792601055E-01
 1.98288470143458E+03	-4.23223886206776E-02
 1.98288743933461E+03	 2.73546770822227E-02
 1.98289017723464E+03	 6.03392419161667E-02
 1.98289291513467E+03	 8.19513326159085E-02
 1.98289565303470E+03	 1.18759734376194E-01
 1.98289839093473E+03	 1.66264061455732E-01
 1.98290112883476E+03	 1.86520286566449E-01
 1.98290386673479E+03	 1.40206018965396E-01
 1.98290660463482E+03	 2.32415229052351E-02
 1.98290934253485E+03	-1.25229044821914E-01
 1.98291208043488E+03	-2.47529495138193E-01
 1.98291481833491E+03	-2.98782016000661E-01
 1.98291755623494E+03	-2.59117330509635E-01
 1.98292029413498E+03	-1.28780482790677E-01
 1.98292303203501E+03	 7.26510392649426E-02
 1.98292576993504E+03	 2.96837434003664E-01
 1.98292850783507E+03	 4.68517133682659E-01
 1.98293124573510E+03	 5.17038054066913E-01
 1.98293398363513E+03	 4.20093468903946E-01
 1.98293672153516E+03	 2.19794153247135E-01
 1.98293945943519E+03	-5.78286773500923E-03
 1.98294219733522E+03	-1.90037226998222E-01
 1.98294493523525E+03	-3.04780313207906E-01
 1.98294767313528E+03	-3.52431196712894E-01
 1.98295041103531E+03	-3.42704700906944E-01
 1.98295314893534E+03	-2.81823317472647E-01
 1.98295588683538E+03	-1.81877101106303E-01
 1.98295862473541E+03	-7.15740111098315E-02
 1.98296136263544E+03	 1.34575102830902E-02
 1.98296410053547E+03	 5.69703343244607E-02
 1.98296683843550E+03	 7.60660856236436E-02
 1.98296957633553E+03	 1.02420622969543E-01
 1.98297231423556E+03	 1.46192569325479E-01
 1.98297505213559E+03	 1.79667626785252E-01
 1.98297779003562E+03	 1.59106726624193E-01
 1.98298052793565E+03	 6.48123041133571E-02
 1.98298326583568E+03	-7.78797599872591E-02
 1.98298600373571E+03	-2.13712801717884E-01
 1.98298874163574E+03	-2.90709956868053E-01
 1.98299147953577E+03	-2.80690829433672E-01
 1.98299421743581E+03	-1.77972661965907E-01
 1.98299695533584E+03	 5.28263210362475E-03
 1.98299969323587E+03	 2.31684580713640E-01
 1.98300243113590E+03	 4.32910888005164E-01
 1.98300516903593E+03	 5.30727868377118E-01
 1.98300790693596E+03	 4.81214150145838E-01
 1.98301064483599E+03	 3.05087015696829E-01
 1.98301338273602E+03	 7.41042592340610E-02
 1.98301612063605E+03	-1.34840386227063E-01
 1.98301885853608E+03	-2.78075319861693E-01
 1.98302159643611E+03	-3.49310117891335E-01
 1.98302433433614E+03	-3.58220301239947E-01
 1.98302707223617E+03	-3.12439034592000E-01
 1.98302981013621E+03	-2.20689083425516E-01
 1.98303254803624E+03	-1.06374365634671E-01
 1.98303528593627E+03	-6.49513532743344E-03
 1.98303802383630E+03	 5.18148819498744E-02
 1.98304076173633E+03	 7.40325758304893E-02
 1.98304349963636E+03	 9.15195347168951E-02
 1.98304623753639E+03	 1.27042959387723E-01
 1.98304897543642E+03	 1.66675262579698E-01
 1.98305171333645E+03	 1.68128027031437E-01
 1.98305445123648E+03	 9.89298643520962E-02
 1.98305718913651E+03	-3.16065500555765E-02
 1.98305992703654E+03	-1.75063033923497E-01
 1.98306266493657E+03	-2.74801866622092E-01
 1.98306540283661E+03	-2.93914923331218E-01
 1.98306814073664E+03	-2.20244656064075E-01
 1.98307087863667E+03	-5.97416330238843E-02
 1.98307361653670E+03	 1.60371771390337E-01
 1.98307635443673E+03	 3.81733745468878E-01
 1.98307909233676E+03	 5.24547990777836E-01
 1.98308183023679E+03	 5.27019769010480E-01
 1.98308456813682E+03	 3.85982117726382E-01
 1.98308730603685E+03	 1.60130015749215E-01
 1.98309004393688E+03	-6.85705629146918E-02
 1.98309278183691E+03	-2.41032433301228E-01
 1.98309551973694E+03	-3.38719656393866E-01
 1.98309825763697E+03	-3.68477594633357E-01
 1.98310099553701E+03	-3.39733809439400E-01
 1.98310373343704E+03	-2.59624182045134E-01
 1.98310647133707E+03	-1.45842709690529E-01
 1.98310920923710E+03	-3.34145861906937E-02
 1.98311194713713E+03	 4.23836528654503E-02
 1.98311468503716E+03	 7.36835798888928E-02
 1.98311742293719E+03	 8.61323175631286E-02
 1.98312016083722E+03	 1.11177271023409E-01
 1.98312289873725E+03	 1.50262184419951E-01
 1.98312563663728E+03	 1.68234679234540E-01
 1.98312837453731E+03	 1.24325190213665E-01
 1.98313111243734E+03	 1.13372265541421E-02
 1.98313385033737E+03	-1.33309553552716E-01
 1.98313658823740E+03	-2.51777814514629E-01
 1.98313932613744E+03	-2.98789176128047E-01
 1.98314206403747E+03	-2.54823186615715E-01
 1.98314480193750E+03	-1.20308023298781E-01
 1.98314753983753E+03	 8.62229117607904E-02
 1.98315027773756E+03	 3.17813004741749E-01
 1.98315301563759E+03	 4.98605733167496E-01
 1.98315575353762E+03	 5.54286448992302E-01
 1.98315849143765E+03	 4.57717143174124E-01
 1.98316122933768E+03	 2.48695839665946E-01
 1.98316396723771E+03	 7.74640874657579E-03
 1.98316670513774E+03	-1.92741513808441E-01
 1.98316944303777E+03	-3.19337198656591E-01
 1.98317218093780E+03	-3.72511502747135E-01
 1.98317491883784E+03	-3.62703871448944E-01
 1.98317765673787E+03	-2.97172389195128E-01
 1.98318039463790E+03	-1.88590766888335E-01
 1.98318313253793E+03	-6.74082351711130E-02
 1.98318587043796E+03	 2.66017969270214E-02
 1.98318860833799E+03	 7.23866253664118E-02
 1.98319134623802E+03	 8.52901441472923E-02
 1.98319408413805E+03	 1.00194144102161E-01
 1.98319682203808E+03	 1.33265527138384E-01
 1.98319955993811E+03	 1.61195102783841E-01
 1.98320229783814E+03	 1.40496923987835E-01
 1.98320503573817E+03	 4.89148482817076E-02
 1.98320777363820E+03	-9.04194727151821E-02
 1.98321051153824E+03	-2.22646241233591E-01
 1.98321324943827E+03	-2.95513421296278E-01
 1.98321598733830E+03	-2.81257415352970E-01
 1.98321872523833E+03	-1.74800528421497E-01
 1.98322146313836E+03	 1.23397208393712E-02
 1.98322420103839E+03	 2.44567842286949E-01
 1.98322693893842E+03	 4.54306862768347E-01
 1.98322967683845E+03	 5.60954643778592E-01
 1.98323241473848E+03	 5.15740325129696E-01
 1.98323515263851E+03	 3.35423585682560E-01
 1.98323789053854E+03	 9.20237542252493E-02
 1.98324062843857E+03	-1.32902985723491E-01
 1.98324336633860E+03	-2.89867908712322E-01
 1.98324610423863E+03	-3.69211135754897E-01
 1.98324884213867E+03	-3.80381851107818E-01
 1.98325158003870E+03	-3.31893994566801E-01
 1.98325431793873E+03	-2.32902822532247E-01
 1.98325705583876E+03	-1.07793714884606E-01
 1.98325979373879E+03	 3.07605143746735E-03
 1.98326253163882E+03	 6.74054763271670E-02
 1.98326526953885E+03	 8.71142233569972E-02
 1.98326800743888E+03	 9.47154863923841E-02
 1.98327074533891E+03	 1.18279564111990E-01
 1.98327348323894E+03	 1.49382725572236E-01
 1.98327622113897E+03	 1.47792674924672E-01
 1.98327895903900E+03	 7.95150862792953E-02
 1.98328169693903E+03	-4.84785174550641E-02
 1.98328443483907E+03	-1.88714177960644E-01
 1.98328717273910E+03	-2.84493422557972E-01
 1.98328991063913E+03	-2.99348014806194E-01
 1.98329264853916E+03	-2.22084717628318E-01
 1.98329538643919E+03	-5.85986694152799E-02
 1.98329812433922E+03	 1.65672325312101E-01
 1.98330086223925E+03	 3.94187199048594E-01
 1.98330360013928E+03	 5.46334773561100E-01
 1.98330633803931E+03	 5.56154478259904E-01
 1.98330907593934E+03	 4.15491184725022E-01
 1.98331181383937E+03	 1.81122935019624E-01
 1.98331455173940E+03	-6.20556094298984E-02
 1.98331728963943E+03	-2.49248951809100E-01
 1.98332002753947E+03	-3.57349818111622E-01
 1.98332276543950E+03	-3.91785911340435E-01
 1.98332550333953E+03	-3.62477908976633E-01
 1.98332824123956E+03	-2.76925572443783E-01
 1.98333097913959E+03	-1.53210576347479E-01
 1.98333371703962E+03	-2.87376536303963E-02
 1.98333645493965E+03	 5.62700307922861E-02
 1.98333919283968E+03	 8.90733632845192E-02
 1.98334193073971E+03	 9.43005901350367E-02
 1.98334466863974E+03	 1.07316079168968E-01
 1.98334740653977E+03	 1.35490805886090E-01
 1.98335014443980E+03	 1.47392426392901E-01
 1.98335288233983E+03	 1.02138297860730E-01
 1.98335562023986E+03	-9.52893483419468E-03
 1.98335835813990E+03	-1.51565869452445E-01
 1.98336109603993E+03	-2.66364261459572E-01
 1.98336383393996E+03	-3.09091632342276E-01
 1.98336657183999E+03	-2.61441721157699E-01
 1.98336930974002E+03	-1.24453040017720E-01
 1.98337204764005E+03	 8.47274963269860E-02
 1.98337478554008E+03	 3.21631364439908E-01
 1.98337752344011E+03	 5.11163804914406E-01
 1.98338026134014E+03	 5.76109104367236E-01
 1.98338299924017E+03	 4.84053553885295E-01
 1.98338573714020E+03	 2.70998425759768E-01
 1.98338847504023E+03	 1.82647867370111E-02
 1.98339121294026E+03	-1.96884689204420E-01
 1.98339395084030E+03	-3.35676830725865E-01
 1.98339668874033E+03	-3.95875359972003E-01
 1.98339942664036E+03	-3.87749408814761E-01
 1.98340216454039E+03	-3.18835890149957E-01
 1.98340490244042E+03	-2.01803910296231E-01
 1.98340764034045E+03	-6.84841137272393E-02
 1.98341037824048E+03	 3.71032534583727E-02
 1.98341311614051E+03	 8.83288909613091E-02
 1.98341585404054E+03	 9.75021671982772E-02
 1.98341859194057E+03	 1.01533584038065E-01
 1.98342132984060E+03	 1.22194386983385E-01
 1.98342406774063E+03	 1.41187049398534E-01
 1.98342680564066E+03	 1.16529516417296E-01
 1.98342954354070E+03	 2.46195763788239E-02
 1.98343228144073E+03	-1.12998605321445E-01
 1.98343501934076E+03	-2.42018381387563E-01
 1.98343775724079E+03	-3.10652700194954E-01
 1.98344049514082E+03	-2.92476498594956E-01
 1.98344323304085E+03	-1.83654992854866E-01
 1.98344597094088E+03	 4.98474088331029E-03
 1.98344870884091E+03	 2.40520026381902E-01
 1.98345144674094E+03	 4.57506632377140E-01
 1.98345418464097E+03	 5.74088671571856E-01
 1.98345692254100E+03	 5.36698990297545E-01
 1.98345966044103E+03	 3.56972411247097E-01
 1.98346239834106E+03	 1.05470000209838E-01
 1.98346513624110E+03	-1.32878510227004E-01
 1.98346787414113E+03	-3.03069362432670E-01
 1.98347061204116E+03	-3.91536261350963E-01
 1.98347334994119E+03	-4.06637872249919E-01
 1.98347608784122E+03	-3.56962069732542E-01
 1.98347882574125E+03	-2.51444867733497E-01
 1.98348156364128E+03	-1.14975606488022E-01
 1.98348430154131E+03	 8.86118333332677E-03
 1.98348703944134E+03	 8.21186689343571E-02
 1.98348977734137E+03	 1.02058556517604E-01
 1.98349251524140E+03	 1.01074822757691E-01
 1.98349525314143E+03	 1.11802803215655E-01
 1.98349799104146E+03	 1.31559996698482E-01
 1.98350072894149E+03	 1.23232917664228E-01
 1.98350346684153E+03	 5.25820615775888E-02
 1.98350620474156E+03	-7.49121486376357E-02
 1.98350894264159E+03	-2.12621516508379E-01
 1.98351168054162E+03	-3.04365573116609E-01
 1.98351441844165E+03	-3.15025962375083E-01
 1.98351715634168E+03	-2.35162675099450E-01
 1.98351989424171E+03	-7.08482591908996E-02
 1.98352263214174E+03	 1.54855596747240E-01
 1.98352537004177E+03	 3.88518072582798E-01
 1.98352810794180E+03	 5.50058671153480E-01
 1.98353084584183E+03	 5.69883802569997E-01
 1.98353358374186E+03	 4.34114263999904E-01
 1.98353632164189E+03	 1.95989595837150E-01
 1.98353905954193E+03	-5.82226358837472E-02
 1.98354179744196E+03	-2.58730280510431E-01
 1.98354453534199E+03	-3.77615566444686E-01
 1.98354727324202E+03	-4.18124331315015E-01
 1.98355001114205E+03	-3.89845621229451E-01
 1.98355274904208E+03	-2.99949987414681E-01
 1.98355548694211E+03	-1.66356929031235E-01
 1.98355822484214E+03	-2.85437674686838E-02
 1.98356096274217E+03	 6.81265252334840E-02
 1.98356370064220E+03	 1.05196571911531E-01
 1.98356643854223E+03	 1.05037705949437E-01
 1.98356917644226E+03	 1.05949833779483E-01
 1.98357191434229E+03	 1.21095163498570E-01
 1.98357465224233E+03	 1.23551359102485E-01
 1.98357739014236E+03	 7.35653201052166E-02
 1.98358012804239E+03	-3.91575198967982E-02
 1.98358286594242E+03	-1.79599916409877E-01
 1.98358560384245E+03	-2.90760648813011E-01
 1.98358834174248E+03	-3.29088753483231E-01
 1.98359107964251E+03	-2.78364097474748E-01
 1.98359381754254E+03	-1.40703143680057E-01
 1.98359655544257E+03	 6.84169145594248E-02
 1.98359929334260E+03	 3.08100703221019E-01
 1.98360203124263E+03	 5.05450562726741E-01
 1.98360476914266E+03	 5.81288774894841E-01
 1.98360750704269E+03	 4.97682923770736E-01
 1.98361024494272E+03	 2.85471739104929E-01
 1.98361298284276E+03	 2.50909361030742E-02
 1.98361572074279E+03	-2.02405876401153E-01
 1.98361845864282E+03	-3.53012994770953E-01
 1.98362119654285E+03	-4.21193659274015E-01
 1.98362393444288E+03	-4.16244113403645E-01
 1.98362667234291E+03	-3.45264968521141E-01
 1.98362941024294E+03	-2.20336002241369E-01
 1.98363214814297E+03	-7.42474220138019E-02
 1.98363488604300E+03	 4.47862701606642E-02
 1.98363762394303E+03	 1.04003244971431E-01
 1.98364036184306E+03	 1.11586269353623E-01
 1.98364309974309E+03	 1.05365322538713E-01
 1.98364583764312E+03	 1.12246254255836E-01
 1.98364857554316E+03	 1.19407478614805E-01
 1.98365131344319E+03	 8.74814917396210E-02
 1.98365405134322E+03	-7.36034493487203E-03
 1.98365678924325E+03	-1.44586466679868E-01
 1.98365952714328E+03	-2.70600409410257E-01
 1.98366226504331E+03	-3.34790460531566E-01
 1.98366500294334E+03	-3.12957369134363E-01
 1.98366774084337E+03	-2.03149424211052E-01
 1.98367047874340E+03	-1.55140189205308E-02
 1.98367321664343E+03	 2.20507548020325E-01
 1.98367595454346E+03	 4.42989240063323E-01
 1.98367869244349E+03	 5.70050347348909E-01
 1.98368143034352E+03	 5.43579027839962E-01
 1.98368416824356E+03	 3.69101202165866E-01
 1.98368690614359E+03	 1.14067151534477E-01
 1.98368964404362E+03	-1.34589827580742E-01
 1.98369238194365E+03	-3.16827915297120E-01
 1.98369511984368E+03	-4.14815953750515E-01
 1.98369785774371E+03	-4.35088327122163E-01
 1.98370059564374E+03	-3.85588184313441E-01
 1.98370333354377E+03	-2.74439217149191E-01
 1.98370607144380E+03	-1.26557662696765E-01
 1.98370880934383E+03	 1.14801869149364E-02
 1.98371154724386E+03	 9.58147113730219E-02
 1.98371428514389E+03	 1.18188233671165E-01
 1.98371702304392E+03	 1.09762067130652E-01
 1.98371976094395E+03	 1.07010685608034E-01
 1.98372249884399E+03	 1.13117219547325E-01
 1.98372523674402E+03	 9.49848820149304E-02
 1.98372797464405E+03	 1.92583319185285E-02
 1.98373071254408E+03	-1.09320834428234E-01
 1.98373345044411E+03	-2.44906852050548E-01
 1.98373618834414E+03	-3.32387567186140E-01
 1.98373892624417E+03	-3.38837721468425E-01
 1.98374166414420E+03	-2.57313210207150E-01
 1.98374440204423E+03	-9.43242316400316E-02
 1.98374713994426E+03	 1.29944528388448E-01
 1.98374987784429E+03	 3.66388653937704E-01
 1.98375261574432E+03	 5.36835902198052E-01
 1.98375535364435E+03	 5.68749797581491E-01
 1.98375809154439E+03	 4.42003138108050E-01
 1.98376082944442E+03	 2.04827720849826E-01
 1.98376356734445E+03	-5.66768716813678E-02
 1.98376630524448E+03	-2.68545903583003E-01
 1.98376904314451E+03	-3.97976120686290E-01
 1.98377178104454E+03	-4.45416694610096E-01
 1.98377451894457E+03	-4.19422920870957E-01
 1.98377725684460E+03	-3.26249880454364E-01
 1.98377999474463E+03	-1.83170908824580E-01
 1.98378273264466E+03	-3.13912864737952E-02
 1.98378547054469E+03	 7.85683632949341E-02
 1.98378820844472E+03	 1.21947361883210E-01
 1.98379094634475E+03	 1.17856337954473E-01
 1.98379368424479E+03	 1.06652639212212E-01
 1.98379642214482E+03	 1.07100395290629E-01
 1.98379916004485E+03	 9.74179977487350E-02
 1.98380189794488E+03	 4.00365297495785E-02
 1.98380463584491E+03	-7.55082909974063E-02
 1.98380737374494E+03	-2.14961559312685E-01
 1.98381011164497E+03	-3.22302598538135E-01
 1.98381284954500E+03	-3.56015885907843E-01
 1.98381558744503E+03	-3.02745152597867E-01
 1.98381832534506E+03	-1.66129969762149E-01
 1.98382106324509E+03	 4.02248021048065E-02
 1.98382380114512E+03	 2.79959221637048E-01
 1.98382653904515E+03	 4.83753845661300E-01
 1.98382927694519E+03	 5.71494133360003E-01
 1.98383201484522E+03	 4.99687007614075E-01
 1.98383475274525E+03	 2.92852680375122E-01
 1.98383749064528E+03	 2.89670886494350E-02
 1.98384022854531E+03	-2.08238786194106E-01
 1.98384296644534E+03	-3.69760746037274E-01
 1.98384570434537E+03	-4.46314821932724E-01
 1.98384844224540E+03	-4.45562447623757E-01
 1.98385118014543E+03	-3.73594552919455E-01
 1.98385391804546E+03	-2.41441803394045E-01
 1.98385665594549E+03	-8.24717979386716E-02
 1.98385939384552E+03	 5.10705495046914E-02
 1.98386213174555E+03	 1.19984987940796E-01
 1.98386486964558E+03	 1.27521744184763E-01
 1.98386760754562E+03	 1.11514831432917E-01
 1.98387034544565E+03	 1.03563766812413E-01
 1.98387308334568E+03	 9.66651872811702E-02
 1.98387582124571E+03	 5.49739493272674E-02
 1.98387855914574E+03	-4.46516035072155E-02
 1.98388129704577E+03	-1.82263866351355E-01
 1.98388403494580E+03	-3.05174037817699E-01
 1.98388677284583E+03	-3.64582464040610E-01
 1.98388951074586E+03	-3.39272394452213E-01
 1.98389224864589E+03	-2.29732868007655E-01
 1.98389498654592E+03	-4.54838056108151E-02
 1.98389772444595E+03	 1.88181771222576E-01
 1.98390046234598E+03	 4.14112021497964E-01
 1.98390320024602E+03	 5.51627666635005E-01
 1.98390593814605E+03	 5.38476927416994E-01
 1.98390867604608E+03	 3.73324519543561E-01
 1.98391141394611E+03	 1.19042690718474E-01
 1.98391415184614E+03	-1.36744892284628E-01
 1.98391688974617E+03	-3.29498803573297E-01
 1.98391962764620E+03	-4.36886885290387E-01
 1.98392236554623E+03	-4.63025753750802E-01
 1.98392510344626E+03	-4.14654446790517E-01
 1.98392784134629E+03	-2.98660862646599E-01
 1.98393057924632E+03	-1.39626201806466E-01
 1.98393331714635E+03	 1.31455857286517E-02
 1.98393605504638E+03	 1.09818078843889E-01
 1.98393879294642E+03	 1.36057132309019E-01
 1.98394153084645E+03	 1.20947409285367E-01
 1.98394426874648E+03	 1.04198222769163E-01
 1.98394700664651E+03	 9.49259905178816E-02
 1.98394974454654E+03	 6.47604077739218E-02
 1.98395248244657E+03	-1.78784378925356E-02
 1.98395522034660E+03	-1.48440515837234E-01
 1.98395795824663E+03	-2.81899444615207E-01
 1.98396069614666E+03	-3.64720472811089E-01
 1.98396343404669E+03	-3.66868193993440E-01
 1.98396617194672E+03	-2.84496514073401E-01
 1.98396890984675E+03	-1.24794121061402E-01
 1.98397164774678E+03	 9.53052719384711E-02
 1.98397438564681E+03	 3.32058833341339E-01
 1.98397712354685E+03	 5.10485975749821E-01
 1.98397986144688E+03	 5.55874071321268E-01
 1.98398259934691E+03	 4.41539621431430E-01
 1.98398533724694E+03	 2.09473122919665E-01
 1.98398807514697E+03	-5.57944108796831E-02
 1.98399081304700E+03	-2.76939847733120E-01
 1.98399355094703E+03	-4.16278987283182E-01
 1.98399628884706E+03	-4.70971565860101E-01
 1.98399902674709E+03	-4.47994995558120E-01
 1.98400176464712E+03	-3.52296965751551E-01
 1.98400450254715E+03	-2.00198722681594E-01
 1.98400724044718E+03	-3.43495447743149E-02
 1.98400997834721E+03	 8.96821725940143E-02
 1.98401271624725E+03	 1.40532735516818E-01
 1.98401545414728E+03	 1.33366622982724E-01
 1.98401819204731E+03	 1.09931825090596E-01
 1.98402092994734E+03	 9.44331482108446E-02
 1.98402366784737E+03	 7.07168828328917E-02
 1.98402640574740E+03	 4.20858639647046E-03
 1.98402914364743E+03	-1.15110411258428E-01
 1.98403188154746E+03	-2.53649924129649E-01
 1.98403461944749E+03	-3.56755801031455E-01
 1.98403735734752E+03	-3.85565356478011E-01
 1.98404009524755E+03	-3.30178952535412E-01
 1.98404283314758E+03	-1.96113694156927E-01
 1.98404557104761E+03	 5.01918442440364E-03
 1.98404830894765E+03	 2.42157016035647E-01
 1.98405104684768E+03	 4.50766084825536E-01
 1.98405378474771E+03	 5.50804055690029E-01
 1.98405652264774E+03	 4.93339975905832E-01
 1.98405926054777E+03	 2.95672416788053E-01
 1.98406199844780E+03	 3.19511384828736E-02
 1.98406473634783E+03	-2.12442467099422E-01
 1.98406747424786E+03	-3.83763330059576E-01
 1.98407021214789E+03	-4.68622275348276E-01
 1.98407295004792E+03	-4.72523252930561E-01
 1.98407568794795E+03	-4.00171064735788E-01
 1.98407842584798E+03	-2.61307664988336E-01
 1.98408116374801E+03	-8.96397298152283E-02
 1.98408390164804E+03	 5.87564039483101E-02
 1.98408663954808E+03	 1.38167502300937E-01
 1.98408937744811E+03	 1.46437859076597E-01
 1.98409211534814E+03	 1.20774433086168E-01
 1.98409485324817E+03	 9.71500923864791E-02
 1.98409759114820E+03	 7.46481034495941E-02
 1.98410032904823E+03	 2.16318474133615E-02
 1.98410306694826E+03	-8.37186504684456E-02
 1.98410580484829E+03	-2.21838836600722E-01
 1.98410854274832E+03	-3.41225390094711E-01
 1.98411128064835E+03	-3.95427328706951E-01
 1.98411401854838E+03	-3.66760711956797E-01
 1.98411675644841E+03	-2.58553383063592E-01
 1.98411949434844E+03	-7.97628876462826E-02
 1.98412223224848E+03	 1.48947828188912E-01
 1.98412497014851E+03	 3.76228411189388E-01
 1.98412770804854E+03	 5.23716542722999E-01
 1.98413044594857E+03	 5.25512624337740E-01
 1.98413318384860E+03	 3.72903148655266E-01
 1.98413592174863E+03	 1.22966581660734E-01
 1.98413865964866E+03	-1.37139030781353E-01
 1.98414139754869E+03	-3.38878327740499E-01
 1.98414413544872E+03	-4.55226886497090E-01
 1.98414687334875E+03	-4.87396859664863E-01
 1.98414961124878E+03	-4.40542526362793E-01
 1.98415234914881E+03	-3.20129338387130E-01
 1.98415508704884E+03	-1.50251089885475E-01
 1.98415782494888E+03	 1.72631840399566E-02
 1.98416056284891E+03	 1.26686256134715E-01
 1.98416330074894E+03	 1.57359967814051E-01
 1.98416603864897E+03	 1.35778035488457E-01
 1.98416877654900E+03	 1.04487917899377E-01
 1.98417151444903E+03	 7.86189764008599E-02
 1.98417425234906E+03	 3.50660017327933E-02
 1.98417699024909E+03	-5.53628773941510E-02
 1.98417972814912E+03	-1.88036573129876E-01
 1.98418246604915E+03	-3.18937552800217E-01
 1.98418520394918E+03	-3.96576286799774E-01
 1.98418794184921E+03	-3.94304398822418E-01
 1.98419067974924E+03	-3.11762167567758E-01
 1.98419341764928E+03	-1.56990959750000E-01
 1.98419615554931E+03	 5.65623745327906E-02
 1.98419889344934E+03	 2.91300128172048E-01
 1.98420163134937E+03	 4.76523643715918E-01
 1.98420436924940E+03	 5.36106166687705E-01
 1.98420710714943E+03	 4.36686114783649E-01
 1.98420984504946E+03	 2.13045070859681E-01
 1.98421258294949E+03	-5.30416059241148E-02
 1.98421532084952E+03	-2.81606051405495E-01
 1.98421805874955E+03	-4.30083479889401E-01
 1.98422079664958E+03	-4.91917343441733E-01
 1.98422353454961E+03	-4.72107266545633E-01
 1.98422627244964E+03	-3.74129198318825E-01
 1.98422901034967E+03	-2.13295940438949E-01
 1.98423174824971E+03	-3.35655529186232E-02
 1.98423448614974E+03	 1.04608802956586E-01
 1.98423722404977E+03	 1.63213313888812E-01
 1.98423996194980E+03	 1.53121392646391E-01
 1.98424269984983E+03	 1.17081285222841E-01
 1.98424543774986E+03	 8.46795908162541E-02
 1.98424817564989E+03	 4.57789968397226E-02
 1.98425091354992E+03	-3.06402992617400E-02
 1.98425365144995E+03	-1.53834705137816E-01
 1.98425638934998E+03	-2.90999097980597E-01
 1.98425912725001E+03	-3.89263689287843E-01
 1.98426186515004E+03	-4.12871704377321E-01
 1.98426460305007E+03	-3.55729396642765E-01
 1.98426734095011E+03	-2.25441847301350E-01
 1.98427007885014E+03	-3.15729921882395E-02
 1.98427281675017E+03	 2.00633537250652E-01
 1.98427555465020E+03	 4.12385271336454E-01
 1.98427829255023E+03	 5.24622893726086E-01
 1.98428103045026E+03	 4.83214621761167E-01
 1.98428376835029E+03	 2.97585074556641E-01
 1.98428650625032E+03	 3.69410879874053E-02
 1.98428924415035E+03	-2.12557248359240E-01
 1.98429198205038E+03	-3.92628522202667E-01
 1.98429471995041E+03	-4.85442827427669E-01
 1.98429745785044E+03	-4.93924024634350E-01
 1.98430019575047E+03	-4.21210583639774E-01
 1.98430293365051E+03	-2.75776277389187E-01
 1.98430567155054E+03	-9.16434291681208E-02
 1.98430840945057E+03	 7.14338017053492E-02
 1.98431114735060E+03	 1.61324910745505E-01
 1.98431388525063E+03	 1.70310381261895E-01
 1.98431662315066E+03	 1.34656255832897E-01
 1.98431936105069E+03	 9.45730307320606E-02
 1.98432209895072E+03	 5.54854422129331E-02
 1.98432483685075E+03	-9.54422981905131E-03
 1.98432757475078E+03	-1.20674653267781E-01
 1.98433031265081E+03	-2.58789863412040E-01
 1.98433305055084E+03	-3.73958317332674E-01
 1.98433578845087E+03	-4.22508946544118E-01
 1.98433852635090E+03	-3.90597227070119E-01
 1.98434126425094E+03	-2.84581282314571E-01
 1.98434400215097E+03	-1.12906887964820E-01
 1.98434674005100E+03	 1.08677546546963E-01
 1.98434947795103E+03	 3.35370149539823E-01
 1.98435221585106E+03	 4.92060550063852E-01
 1.98435495375109E+03	 5.09722480538517E-01
 1.98435769165112E+03	 3.71956760376892E-01
 1.98436042955115E+03	 1.29095164495276E-01
 1.98436316745118E+03	-1.33127786788218E-01
 1.98436590535121E+03	-3.42585043724457E-01
 1.98436864325124E+03	-4.67350386833759E-01
 1.98437138115127E+03	-5.05298597338669E-01
 1.98437411905130E+03	-4.59768531022102E-01
 1.98437685695134E+03	-3.34859015025120E-01
 1.98437959485137E+03	-1.54276239115646E-01
 1.98438233275140E+03	 2.76964413302855E-02
 1.98438507065143E+03	 1.49601828564782E-01
 1.98438780855146E+03	 1.84469126900073E-01
 1.98439054645149E+03	 1.56011478212864E-01
 1.98439328435152E+03	 1.09465081997904E-01
 1.98439602225155E+03	 6.61244875792422E-02
 1.98439876015158E+03	 8.56569975206949E-03
 1.98440149805161E+03	-8.96658961751531E-02
 1.98440423595164E+03	-2.23875805877060E-01
 1.98440697385167E+03	-3.51421855930622E-01
 1.98440971175170E+03	-4.23295963800758E-01
 1.98441244965174E+03	-4.16519614759833E-01
 1.98441518755177E+03	-3.34362988286170E-01
 1.98441792545180E+03	-1.85799215812369E-01
 1.98442066335183E+03	 1.93160715898261E-02
 1.98442340125186E+03	 2.50037615217075E-01
 1.98442613915189E+03	 4.40797248461794E-01
 1.98442887705191E+03	 5.14758420442116E-01
 1.98443161495195E+03	 4.31908541379179E-01
 1.98443435285198E+03	 2.19106078235800E-01
 1.98443709075201E+03	-4.55901643170754E-02
 1.98443982865204E+03	-2.80147080497496E-01
 1.98444256655207E+03	-4.37067186166508E-01
 1.98444530445210E+03	-5.05663147146745E-01
 1.98444804235213E+03	-4.88654794833714E-01
 1.98445078025217E+03	-3.88084433694356E-01
 1.98445351815220E+03	-2.18457968535284E-01
 1.98445625605223E+03	-2.51018886211460E-02
 1.98445899395226E+03	 1.26789181218212E-01
 1.98446173185229E+03	 1.92684112931337E-01
 1.98446446975232E+03	 1.79119014461536E-01
 1.98446720765235E+03	 1.29734148177586E-01
 1.98446994555238E+03	 7.95870061465794E-02
 1.98447268345241E+03	 2.49049842976103E-02
 1.98447542135244E+03	-6.14246217609451E-02
 1.98447815925247E+03	-1.87864975831038E-01
 1.98448089715250E+03	-3.22743595428590E-01
 1.98448363505253E+03	-4.15438493198124E-01
 1.98448637295257E+03	-4.33591313067055E-01
 1.98448911085260E+03	-3.75009784522125E-01
 1.98449184875263E+03	-2.49435400580516E-01
 1.98449458665266E+03	-6.43851264484569E-02
 1.98449732455269E+03	 1.60995115557569E-01
 1.98450006245272E+03	 3.74333823888087E-01
 1.98450280035275E+03	 4.98330187251205E-01
 1.98450553825278E+03	 4.73965901552478E-01
 1.98450827615281E+03	 3.02363807758758E-01
 1.98451101405284E+03	 4.69099291590027E-02
 1.98451375195287E+03	-2.06166603331995E-01
 1.98451648985290E+03	-3.94174184707127E-01
 1.98451922775293E+03	-4.94487491723736E-01
 1.98452196565297E+03	-5.07076982370533E-01
 1.98452470355300E+03	-4.33483892801894E-01
 1.98452744145303E+03	-2.81169113372902E-01
 1.98453017935306E+03	-8.46747998664186E-02
 1.98453291725309E+03	 9.26206137988348E-02
 1.98453565515312E+03	 1.92355988240920E-01
 1.98453839305315E+03	 2.01334622288385E-01
 1.98454113095318E+03	 1.54853157419283E-01
 1.98454386885321E+03	 9.74265418396118E-02
 1.98454660675324E+03	 4.11155338537907E-02
 1.98454934465327E+03	-3.59642487031006E-02
 1.98455208255330E+03	-1.52223992156661E-01
 1.98455482045333E+03	-2.89313617369250E-01
 1.98455755835337E+03	-3.99373964532808E-01
 1.98456029625340E+03	-4.41853515255041E-01
 1.98456303415343E+03	-4.06820467741380E-01
 1.98456577205346E+03	-3.03648680808146E-01
 1.98456850995349E+03	-1.40299891501872E-01
 1.98457124785352E+03	 7.24879219758183E-02
 1.98457398575355E+03	 2.96926858231923E-01
 1.98457672365358E+03	 4.61897723975212E-01
 1.98457946155361E+03	 4.95772491860687E-01
 1.98458219945364E+03	 3.74340019155872E-01
 1.98458493735367E+03	 1.40469807671791E-01
 1.98458767525370E+03	-1.22303648508031E-01
 1.98459041315373E+03	-3.38569442652179E-01
 1.98459315105376E+03	-4.71251612697676E-01
 1.98459588895380E+03	-5.14466569050282E-01
 1.98459862685383E+03	-4.69601033946723E-01
 1.98460136475386E+03	-3.39633256307670E-01
 1.98460410265389E+03	-1.48210175222878E-01
 1.98460684055392E+03	 4.78454919782648E-02
 1.98460957845395E+03	 1.81512960269127E-01
 1.98461231635398E+03	 2.19691949348766E-01
 1.98461505425401E+03	 1.83383718015993E-01
 1.98461779215404E+03	 1.20593431996933E-01
 1.98462053005407E+03	 5.90392793599358E-02
 1.98462326795410E+03	-1.26639832992684E-02
 1.98462600585413E+03	-1.18083421985518E-01
 1.98462874375416E+03	-2.52726427618658E-01
 1.98463148165420E+03	-3.75856913053913E-01
 1.98463421955423E+03	-4.41365364463153E-01
 1.98463695745426E+03	-4.30036976692747E-01
 1.98463969535429E+03	-3.48692888699461E-01
 1.98464243325432E+03	-2.07229273210267E-01
 1.98464517115435E+03	-1.19291693242286E-02
 1.98464790905438E+03	 2.13159868181070E-01
 1.98465064695441E+03	 4.08214330550920E-01
 1.98465338485444E+03	 4.96328518782671E-01
 1.98465612275447E+03	 4.30995391702443E-01
 1.98465886065450E+03	 2.30660256813436E-01
 1.98466159855453E+03	-3.11017948145666E-02
 1.98466433645456E+03	-2.70663019891675E-01
 1.98466707435460E+03	-4.35494911212490E-01
 1.98466981225463E+03	-5.10355329001387E-01
 1.98467255015466E+03	-4.95429185752450E-01
 1.98467528805469E+03	-3.91498273300365E-01
 1.98467802595472E+03	-2.12664832885347E-01
 1.98468076385475E+03	-5.86467063714092E-03
 1.98468350175478E+03	 1.59045619845146E-01
 1.98468623965481E+03	 2.31243204650105E-01
 1.98468897755484E+03	 2.13087848791525E-01
 1.98469171545487E+03	 1.49230736401710E-01
 1.98469445335490E+03	 8.04399328207415E-02
 1.98469719125493E+03	 9.66888681662288E-03
 1.98469992915496E+03	-8.60665494697159E-02
 1.98470266705499E+03	-2.14622030839262E-01
 1.98470540495503E+03	-3.45993714430942E-01
 1.98470814285506E+03	-4.32315884222195E-01
 1.98471088075509E+03	-4.44791142076542E-01
 1.98471361865512E+03	-3.85012472950236E-01
 1.98471635655515E+03	-2.64773655391954E-01
 1.98471909445518E+03	-8.96023730169430E-02
 1.98472183235521E+03	 1.27507551711509E-01
 1.98472457025524E+03	 3.41034757147380E-01
 1.98472730815527E+03	 4.76093172342816E-01
 1.98473004605530E+03	 4.69167615832948E-01
 1.98473278395533E+03	 3.12853872296075E-01
 1.98473552185536E+03	 6.40404018767415E-02
 1.98473825975539E+03	-1.91565008311358E-01
 1.98474099765543E+03	-3.86940510954022E-01
 1.98474373555546E+03	-4.94296563171375E-01
 1.98474647345549E+03	-5.10293060195539E-01
 1.98474921135552E+03	-4.34924322259421E-01
 1.98475194925555E+03	-2.75049378066540E-01
 1.98475468715558E+03	-6.61105705422373E-02
 1.98475742505561E+03	 1.24834887096282E-01
 1.98476016295564E+03	 2.33402300748548E-01
 1.98476290085567E+03	 2.41146434673432E-01
 1.98476563875570E+03	 1.82563943733562E-01
 1.98476837665573E+03	 1.06708925371898E-01
 1.98477111455576E+03	 3.26413825268258E-02
 1.98477385245579E+03	-5.61759820049577E-02
 1.98477659035583E+03	-1.76486011005962E-01
 1.98477932825586E+03	-3.11206420223937E-01
 1.98478206615589E+03	-4.15141802206309E-01
 1.98478480405592E+03	-4.51132149033263E-01
 1.98478754195595E+03	-4.13052374641691E-01
 1.98479027985598E+03	-3.13124314700638E-01
 1.98479301775601E+03	-1.58854850923227E-01
 1.98479575565604E+03	 4.39473950813477E-02
 1.98479849355607E+03	 2.64726844712214E-01
 1.98480123145610E+03	 4.36934765946654E-01
 1.98480396935613E+03	 4.86889823833180E-01
 1.98480670725616E+03	 3.82618196131811E-01
 1.98480944515619E+03	 1.59017022051570E-01
 1.98481218305622E+03	-1.03224483591080E-01
 1.98481492095626E+03	-3.25675382874381E-01
 1.98481765885629E+03	-4.65857010498596E-01
 1.98482039675632E+03	-5.13712333870209E-01
 1.98482313465635E+03	-4.68579003602161E-01
 1.98482587255638E+03	-3.32663106753018E-01
 1.98482861045641E+03	-1.30026535129119E-01
 1.98483134835644E+03	 7.97606329728641E-02
 1.98483408625647E+03	 2.24246263248341E-01
 1.98483682415650E+03	 2.64458553841401E-01
 1.98483956205653E+03	 2.18904677596498E-01
 1.98484229995656E+03	 1.38596717390237E-01
 1.98484503785659E+03	 5.80358679802958E-02
 1.98484777575662E+03	-2.77660588241326E-02
 1.98485051365666E+03	-1.39441429203642E-01
 1.98485325155669E+03	-2.73120258010405E-01
 1.98485598945672E+03	-3.90614974505178E-01
 1.98485872735675E+03	-4.49118193612775E-01
 1.98486146525678E+03	-4.33138755798291E-01
 1.98486420315681E+03	-3.52819182947086E-01
 1.98486694105684E+03	-2.18932010549048E-01
 1.98486967895687E+03	-3.43355424564712E-02
 1.98487241685690E+03	 1.83835928907112E-01
 1.98487515475693E+03	 3.81932039924115E-01
 1.98487789265696E+03	 4.83595817016605E-01
 1.98488063055699E+03	 4.36127905665824E-01
 1.98488336845702E+03	 2.49278311563280E-01
 1.98488610635706E+03	-8.48107680152875E-03
 1.98488884425709E+03	-2.52352507695879E-01
 1.98489158215712E+03	-4.24689460102421E-01
 1.98489432005715E+03	-5.05286621014999E-01
 1.98489705795718E+03	-4.91557445226024E-01
 1.98489979585721E+03	-3.83250455218139E-01
 1.98490253375724E+03	-1.94567408647299E-01
 1.98490527165727E+03	 2.55959024482017E-02
 1.98490800955730E+03	 2.02736949091435E-01
 1.98491074745733E+03	 2.79984285381087E-01
 1.98491348535736E+03	 2.55773403723543E-01
 1.98491622325739E+03	 1.76009746516626E-01
 1.98491896115742E+03	 8.75180772644381E-02
 1.98492169905746E+03	 3.83079448178347E-04
 1.98492443695749E+03	-1.04070978120987E-01
 1.98492717485752E+03	-2.33386009774751E-01
 1.98492991275755E+03	-3.59869026988751E-01
 1.98493265065758E+03	-4.38942061810391E-01
 1.98493538855761E+03	-4.45444839834133E-01
 1.98493812645764E+03	-3.84509326421127E-01
 1.98494086435767E+03	-2.69839395909740E-01
 1.98494360225770E+03	-1.05119874011348E-01
 1.98494634015773E+03	 1.02656834517814E-01
 1.98494907805776E+03	 3.15049865511774E-01
 1.98495181595779E+03	 4.60181728415434E-01
 1.98495455385782E+03	 4.70543865231186E-01
 1.98495729175785E+03	 3.30187974219979E-01
 1.98496002965789E+03	 8.89979142353283E-02
 1.98496276755792E+03	-1.68372562021006E-01
 1.98496550545795E+03	-3.70677783505334E-01
 1.98496824335798E+03	-4.84635352506547E-01
 1.98497098125801E+03	-5.03258402533149E-01
 1.98497371915804E+03	-4.25066495134524E-01
 1.98497645705807E+03	-2.56778478710249E-01
 1.98497919495810E+03	-3.51922178927689E-02
 1.98498193285813E+03	 1.68836854642346E-01
 1.98498467075816E+03	 2.85087333220345E-01
 1.98498740865819E+03	 2.90129663445469E-01
 1.98499014655822E+03	 2.17906122799713E-01
 1.98499288445825E+03	 1.22331231164325E-01
 1.98499562235829E+03	 2.98897801151518E-02
 1.98499836025832E+03	-7.03064738610259E-02
 1.98500109815835E+03	-1.93463807113125E-01
 1.98500383605838E+03	-3.24347301267805E-01
 1.98500657395841E+03	-4.21053105896984E-01
 1.98500931185844E+03	-4.50037477106974E-01
 1.98501204975847E+03	-4.08776211335021E-01
 1.98501478765850E+03	-3.12111035209691E-01
 1.98501752555853E+03	-1.67183536237055E-01
 1.98502026345856E+03	 2.48660210293560E-02
 1.98502300135859E+03	 2.40729445303132E-01
 1.98502573925862E+03	 4.18911959734899E-01
 1.98502847715865E+03	 4.84307938321656E-01
 1.98503121505869E+03	 3.97435286334960E-01
 1.98503395295872E+03	 1.84905029753930E-01
 1.98503669085875E+03	-7.60014900267656E-02
 1.98503942875878E+03	-3.04128809669135E-01
 1.98504216665881E+03	-4.51413312494857E-01
 1.98504490455884E+03	-5.03254374423259E-01
 1.98504764245887E+03	-4.56856418811344E-01
 1.98505038035890E+03	-3.14012206154362E-01
 1.98505311825893E+03	-9.97017379841669E-02
 1.98505585615896E+03	 1.23508204354249E-01
 1.98505859405899E+03	 2.77833807854230E-01
 1.98506133195902E+03	 3.18683099328761E-01
 1.98506406985905E+03	 2.62310660332870E-01
 1.98506680775908E+03	 1.63020500529994E-01
 1.98506954565912E+03	 6.25106034609489E-02
 1.98507228355915E+03	-3.74143933489923E-02
 1.98507502145918E+03	-1.54405851605860E-01
 1.98507775935921E+03	-2.85670861525073E-01
 1.98508049725924E+03	-3.96238707500955E-01
 1.98508323515927E+03	-4.46983038880814E-01
 1.98508597305930E+03	-4.26026594460692E-01
 1.98508871095933E+03	-3.46553815943139E-01
 1.98509144885936E+03	-2.20212470771904E-01
 1.98509418675939E+03	-4.67433772162882E-02
 1.98509692465942E+03	 1.63444480404495E-01
 1.98509966255945E+03	 3.63177800405964E-01
 1.98510240045948E+03	 4.77311249283662E-01
 1.98510513835952E+03	 4.47451393851062E-01
 1.98510787625955E+03	 2.74595038241858E-01
 1.98511061415958E+03	 2.16126680896568E-02
 1.98511335205961E+03	-2.25972462603080E-01
 1.98511608995964E+03	-4.05405443792654E-01
 1.98511882785967E+03	-4.91192994134725E-01
 1.98512156575970E+03	-4.77769672928154E-01
 1.98512430365973E+03	-3.64067489686712E-01
 1.98512704155976E+03	-1.64874968648359E-01
 1.98512977945979E+03	 6.86011751037465E-02
 1.98513251735982E+03	 2.57209834896978E-01
 1.98513525525985E+03	 3.38246838902422E-01
 1.98513799315988E+03	 3.06453703132765E-01
 1.98514073105992E+03	 2.09230535658383E-01
 1.98514346895995E+03	 9.98279452432999E-02
 1.98514620685998E+03	-4.09189815230738E-03
 1.98514894476001E+03	-1.16679918811330E-01
 1.98515168266004E+03	-2.45442998961407E-01
 1.98515442056007E+03	-3.65636677090647E-01
 1.98515715846010E+03	-4.36479064039853E-01
 1.98515989636013E+03	-4.36474437927647E-01
 1.98516263426016E+03	-3.74013139484827E-01
 1.98516537216019E+03	-2.64609056326437E-01
 1.98516811006022E+03	-1.10396733852016E-01
 1.98517084796025E+03	 8.72788905986441E-02
 1.98517358586028E+03	 2.97137072355112E-01
 1.98517632376031E+03	 4.50909040961982E-01
 1.98517906166035E+03	 4.77774642045316E-01
 1.98518179956038E+03	 3.53472756502632E-01
 1.98518453746041E+03	 1.20546109019594E-01
 1.98518727536044E+03	-1.37925429876730E-01
 1.98519001326047E+03	-3.46686227593465E-01
 1.98519275116050E+03	-4.66758746228634E-01
 1.98519548906053E+03	-4.87240548789749E-01
 1.98519822696056E+03	-4.05242713947955E-01
 1.98520096486059E+03	-2.27757927174136E-01
 1.98520370276062E+03	 6.65240853253915E-03
 1.98520644066065E+03	 2.23232365219492E-01
 1.98520917856068E+03	 3.46088499609756E-01
 1.98521191646071E+03	 3.47020835306826E-01
 1.98521465436075E+03	 2.59610512613047E-01
 1.98521739226078E+03	 1.42929004590041E-01
 1.98522013016081E+03	 3.13300703619149E-02
 1.98522286806084E+03	-8.00721314102718E-02
 1.98522560596087E+03	-2.05021942187780E-01
 1.98522834386090E+03	-3.30664558018094E-01
 1.98523108176093E+03	-4.18973011604723E-01
 1.98523381966096E+03	-4.40200905780784E-01
 1.98523655756099E+03	-3.95197065768941E-01
 1.98523929546102E+03	-3.01240096069135E-01
 1.98524203336105E+03	-1.65335884843549E-01
 1.98524477126108E+03	 1.55778399649604E-02
 1.98524750916111E+03	 2.25279455688622E-01
 1.98525024706115E+03	 4.07775289733129E-01
 1.98525298496118E+03	 4.87313547742937E-01
 1.98525572286121E+03	 4.17420712555082E-01
 1.98525846076124E+03	 2.16331974218912E-01
 1.98526119866127E+03	-4.25757015916621E-02
 1.98526393656130E+03	-2.75812937838464E-01
 1.98526667446133E+03	-4.29709950360648E-01
 1.98526941236136E+03	-4.84871629548361E-01
 1.98527215026139E+03	-4.36310062607663E-01
 1.98527488816142E+03	-2.85706627103186E-01
 1.98527762606145E+03	-5.93734954951759E-02
 1.98528036396148E+03	 1.76942844349211E-01
 1.98528310186151E+03	 3.40234200357766E-01
 1.98528583976155E+03	 3.80484593497445E-01
 1.98528857766158E+03	 3.11847186241973E-01
 1.98529131556161E+03	 1.92124142746472E-01
 1.98529405346164E+03	 7.05985304052241E-02
 1.98529679136167E+03	-4.36966808379284E-02
 1.98529952926170E+03	-1.65303320863174E-01
 1.98530226716173E+03	-2.92869711723670E-01
 1.98530500506176E+03	-3.95232437363319E-01
 1.98530774296179E+03	-4.37267683238851E-01
 1.98531048086182E+03	-4.10582034563978E-01
 1.98531321876185E+03	-3.31170225609580E-01
 1.98531595666188E+03	-2.11692354689574E-01
 1.98531869456191E+03	-4.92874375217094E-02
 1.98532143246194E+03	 1.51972326931146E-01
 1.98532417036198E+03	 3.51611923936677E-01
 1.98532690826201E+03	 4.76467716143315E-01
 1.98532964616204E+03	 4.63211257468982E-01
 1.98533238406207E+03	 3.04301570559208E-01
 1.98533512196210E+03	 5.66444656999668E-02
 1.98533785986213E+03	-1.94011447719954E-01
 1.98534059776216E+03	-3.79988601513137E-01
 1.98534333566219E+03	-4.70353749957582E-01
 1.98534607356222E+03	-4.56432596528375E-01
 1.98534881146225E+03	-3.36518664713572E-01
 1.98535154936228E+03	-1.26360793791252E-01
 1.98535428726231E+03	 1.20289884403995E-01
 1.98535702516234E+03	 3.19687550981886E-01
 1.98535976306238E+03	 4.03477199211647E-01
 1.98536250096241E+03	 3.62828819039325E-01
 1.98536523886244E+03	 2.46749833787801E-01
 1.98536797676247E+03	 1.15202896591758E-01
 1.98537071466250E+03	-6.12357223146311E-03
 1.98537345256253E+03	-1.26556262444664E-01
 1.98537619046256E+03	-2.53721926722672E-01
 1.98537892836259E+03	-3.66341333780487E-01
 1.98538166626262E+03	-4.27848502243445E-01
 1.98538440416265E+03	-4.20405735696316E-01
 1.98538714206268E+03	-3.55424832662660E-01
 1.98538987996271E+03	-2.50265692731805E-01
 1.98539261786274E+03	-1.06017508221836E-01
 1.98539535576278E+03	 8.10443547486349E-02
 1.98539809366281E+03	 2.86747640636609E-01
 1.98540083156284E+03	 4.47085189327081E-01
 1.98540356946287E+03	 4.88846136947837E-01
 1.98540630736290E+03	 3.79996819368424E-01
 1.98540904526293E+03	 1.55612772269475E-01
 1.98541178316296E+03	-1.03310178334309E-01
 1.98541452106299E+03	-3.17883349596619E-01
 1.98541725896302E+03	-4.43446611392671E-01
 1.98541999686305E+03	-4.65054887523379E-01
 1.98542273476308E+03	-3.78483249718368E-01
 1.98542547266311E+03	-1.91299355041166E-01
 1.98542821056314E+03	 5.59222005054426E-02
 1.98543094846317E+03	 2.84537666743600E-01
 1.98543368636321E+03	 4.13157012530391E-01
 1.98543642426324E+03	 4.08924164697257E-01
 1.98543916216327E+03	 3.05091307629599E-01
 1.98544190006330E+03	 1.66040573036957E-01
 1.98544463796333E+03	 3.43842169062211E-02
 1.98544737586336E+03	-8.83510992005240E-02
 1.98545011376339E+03	-2.14384645705280E-01
 1.98545285166342E+03	-3.33613254659586E-01
 1.98545558956345E+03	-4.12340756995970E-01
 1.98545832746348E+03	-4.24735057818095E-01
 1.98546106536351E+03	-3.74817498989204E-01
 1.98546380326354E+03	-2.82248774500134E-01
 1.98546654116357E+03	-1.54341916693760E-01
 1.98546927906361E+03	 1.54582790774240E-02
 1.98547201696364E+03	 2.17676815933642E-01
 1.98547475486367E+03	 4.02256746895759E-01
 1.98547749276370E+03	 4.93773712298727E-01
 1.98548023066373E+03	 4.39602218045640E-01
 1.98548296856376E+03	 2.49793168170105E-01
 1.98548570646379E+03	-6.58304502664925E-03
 1.98548844436382E+03	-2.44211947735757E-01
 1.98549118226385E+03	-4.04029740091753E-01
 1.98549392016388E+03	-4.61800930476078E-01
 1.98549665806391E+03	-4.10357897130146E-01
 1.98549939596394E+03	-2.51489455336874E-01
 1.98550213386397E+03	-1.30755186003335E-02
 1.98550487176401E+03	 2.35945974883435E-01
 1.98550760966404E+03	 4.07521929345202E-01
 1.98551034756407E+03	 4.46343841642058E-01
 1.98551308546410E+03	 3.64443992991956E-01
 1.98551582336413E+03	 2.23135406897472E-01
 1.98551856126416E+03	 7.95522086442933E-02
 1.98552129916419E+03	-4.96032800520162E-02
 1.98552403706422E+03	-1.75508873334441E-01
 1.98552677496425E+03	-2.98430154615602E-01
 1.98552951286428E+03	-3.91423970654480E-01
 1.98553225076431E+03	-4.23582525656150E-01
 1.98553498866434E+03	-3.89862370122891E-01
 1.98553772656437E+03	-3.08946797265629E-01
 1.98554046446440E+03	-1.94852405176159E-01
 1.98554320236444E+03	-4.28889230298165E-02
 1.98554594026447E+03	 1.48597482782016E-01
 1.98554867816450E+03	 3.45970329739875E-01
 1.98555141606453E+03	 4.78949146224977E-01
 1.98555415396456E+03	 4.80337737513026E-01
 1.98555689186459E+03	 3.34607933462202E-01
 1.98555962976462E+03	 9.25247916280193E-02
 1.98556236766465E+03	-1.60481635395939E-01
 1.98556510556468E+03	-3.52216832681656E-01
 1.98556784346471E+03	-4.46409169396145E-01
 1.98557058136474E+03	-4.31292692523518E-01
 1.98557331926477E+03	-3.04674035183960E-01
 1.98557605716480E+03	-8.34651698224626E-02
 1.98557879506484E+03	 1.76018506411948E-01
 1.98558153296487E+03	 3.85630268443172E-01
 1.98558427086490E+03	 4.71539040293280E-01
 1.98558700876493E+03	 4.21313336624422E-01
 1.98558974666496E+03	 2.85455787590109E-01
 1.98559248456499E+03	 1.30738377815904E-01
 1.98559522246502E+03	-8.73934613243143E-03
 1.98559796036505E+03	-1.37093677916186E-01
 1.98560069826508E+03	-2.62033082719522E-01
 1.98560343616511E+03	-3.66043669724213E-01
 1.98560617406514E+03	-4.17035887505351E-01
 1.98560891196517E+03	-4.00774450421366E-01
 1.98561164986520E+03	-3.31533807582273E-01
 1.98561438776524E+03	-2.28745900356162E-01
 1.98561712566527E+03	-9.32189971846342E-02
 1.98561986356530E+03	 8.30073549720405E-02
 1.98562260146533E+03	 2.82668583054788E-01
 1.98562533936536E+03	 4.46723826015647E-01
 1.98562807726539E+03	 5.00756185167566E-01
 1.98563081516542E+03	 4.05861281112336E-01
 1.98563355306545E+03	 1.89795980895137E-01
 1.98563629096548E+03	-6.89858092040397E-02
 1.98563902886551E+03	-2.88510881491694E-01
 1.98564176676554E+03	-4.18724568268823E-01
 1.98564450466557E+03	-4.40731119312410E-01
 1.98564724256560E+03	-3.49091931151664E-01
 1.98564998046564E+03	-1.52117886984922E-01
 1.98565271836567E+03	 1.07585896827673E-01
 1.98565545626570E+03	 3.47702755298741E-01
 1.98565819416573E+03	 4.81586558679885E-01
 1.98566093206576E+03	 4.71732482463021E-01
 1.98566366996579E+03	 3.50866617085777E-01
 1.98566640786582E+03	 1.88592783175971E-01
 1.98566914576585E+03	 3.60301284789676E-02
 1.98567188366588E+03	-9.84486575151143E-02
 1.98567462156591E+03	-2.25303616022848E-01
 1.98567735946594E+03	-3.37315671987294E-01
 1.98568009736597E+03	-4.05364107127841E-01
 1.98568283526600E+03	-4.07543800656497E-01
 1.98568557316603E+03	-3.50880630167973E-01
 1.98568831106607E+03	-2.57522221264999E-01
 1.98569104896610E+03	-1.35780273216036E-01
 1.98569378686613E+03	 2.34083280189503E-02
 1.98569652476616E+03	 2.16766443564468E-01
 1.98569926266619E+03	 4.00573996489501E-01
 1.98570200056622E+03	 5.00899595442572E-01
 1.98570473846625E+03	 4.60158569383286E-01
 1.98570747636628E+03	 2.80751329581796E-01
 1.98571021426631E+03	 2.71967522655715E-02
 1.98571295216634E+03	-2.13965846305554E-01
 1.98571569006637E+03	-3.78753656355911E-01
 1.98571842796640E+03	-4.38318498918772E-01
 1.98572116586643E+03	-3.83459910871196E-01
 1.98572390376647E+03	-2.16224787663036E-01
 1.98572664166650E+03	 3.39249934870053E-02
 1.98572937956653E+03	 2.95095992545709E-01
 1.98573211746656E+03	 4.74510643174175E-01
 1.98573485536659E+03	 5.11659761149165E-01
 1.98573759326662E+03	 4.16230966729761E-01
 1.98574033116665E+03	 2.52787152644681E-01
 1.98574306906668E+03	 8.63653067093431E-02
 1.98574580696671E+03	-5.82780571279885E-02
 1.98574854486674E+03	-1.88580617130603E-01
 1.98575128276677E+03	-3.06363739748478E-01
 1.98575402066680E+03	-3.89069146824585E-01
 1.98575675856683E+03	-4.10056066286335E-01
 1.98575949646687E+03	-3.67472908035782E-01
 1.98576223436690E+03	-2.82685220433014E-01
 1.98576497226693E+03	-1.71632821957486E-01
 1.98576771016696E+03	-2.88460094142418E-02
 1.98577044806699E+03	 1.52191505587673E-01
 1.98577318596702E+03	 3.44701430968341E-01
 1.98577592386705E+03	 4.82287680509122E-01
 1.98577866176708E+03	 4.95262057637802E-01
 1.98578139966711E+03	 3.61037868819195E-01
 1.98578413756714E+03	 1.24319076343827E-01
 1.98578687546717E+03	-1.30315364592917E-01
 1.98578961336720E+03	-3.26773074781374E-01
 1.98579235126723E+03	-4.23844866800541E-01
 1.98579508916726E+03	-4.06903338426373E-01
 1.98579782706730E+03	-2.73434939643482E-01
 1.98580056496733E+03	-4.15378908292328E-02
 1.98580330286736E+03	 2.30155723590131E-01
 1.98580604076739E+03	 4.49500856145962E-01
 1.98580877866742E+03	 5.37405733745984E-01
 1.98581151656745E+03	 4.77655753407158E-01
 1.98581425446748E+03	 3.21861056288190E-01
 1.98581699236751E+03	 1.43429002067913E-01
 1.98581973026754E+03	-1.48859646146142E-02
 1.98582246816757E+03	-1.51554229670785E-01
 1.98582520606760E+03	-2.74119521663308E-01
 1.98582794396763E+03	-3.68865390933620E-01
 1.98583068186766E+03	-4.08224116914003E-01
 1.98583341976770E+03	-3.81420384248430E-01
 1.98583615766773E+03	-3.05491933367880E-01
 1.98583889556776E+03	-2.02350005772638E-01
 1.98584163346779E+03	-7.35461856349409E-02
 1.98584437136782E+03	 9.20065903811293E-02
 1.98584710926785E+03	 2.83557454195387E-01
 1.98584984716788E+03	 4.47734571128673E-01
 1.98585258506791E+03	 5.10330267849953E-01
 1.98585532296794E+03	 4.26845559060288E-01
 1.98585806086797E+03	 2.18199365954079E-01
 1.98586079876800E+03	-4.00312630535885E-02
 1.98586353666803E+03	-2.63468323243990E-01
 1.98586627456806E+03	-3.97239472822726E-01
 1.98586901246810E+03	-4.18862872449959E-01
 1.98587175036813E+03	-3.21913599030545E-01
 1.98587448826816E+03	-1.15502363285115E-01
 1.98587722616819E+03	 1.55974459661368E-01
 1.98587996406822E+03	 4.06999884347167E-01
 1.98588270196825E+03	 5.46034611362768E-01
 1.98588543986828E+03	 5.30854533831631E-01
 1.98588817776831E+03	 3.93215925632390E-01
 1.98589091566834E+03	 2.07552414995440E-01
 1.98589365356837E+03	 3.35193747353772E-02
 1.98589639146840E+03	-1.13268176114741E-01
 1.98589912936843E+03	-2.41124554663145E-01
 1.98590186726846E+03	-3.45584949256642E-01
 1.98590460516849E+03	-4.02095166575842E-01
 1.98590734306853E+03	-3.92541707757914E-01
 1.98591008096856E+03	-3.26783091806012E-01
 1.98591281886859E+03	-2.29685752760046E-01
 1.98591555676862E+03	-1.11474950358328E-01
 1.98591829466865E+03	 3.81619127547711E-02
 1.98592103256868E+03	 2.21352843815782E-01
 1.98592377046871E+03	 4.01014489010113E-01
 1.98592650836874E+03	 5.06002704450237E-01
 1.98592924626877E+03	 4.75295387594696E-01
 1.98593198416880E+03	 3.04549958443015E-01
 1.98593472206883E+03	 5.37157255828981E-02
 1.98593745996886E+03	-1.90069869193133E-01
 1.98594019786889E+03	-3.58620949305853E-01
 1.98594293576893E+03	-4.19006478784709E-01
 1.98594567366896E+03	-3.60327913059994E-01
 1.98594841156899E+03	-1.85014767892853E-01
 1.98595114946902E+03	 7.60901434398746E-02
 1.98595388736905E+03	 3.48653576002189E-01
 1.98595662526908E+03	 5.35688062256189E-01
 1.98595936316911E+03	 5.71582862673152E-01
 1.98596210106914E+03	 4.63267344259549E-01
 1.98596483896917E+03	 2.77989639382107E-01
 1.98596757686920E+03	 8.84628864259374E-02
 1.98597031476923E+03	-7.22440835208730E-02
 1.98597305266926E+03	-2.07377581258389E-01
 1.98597579056929E+03	-3.20024239539380E-01
 1.98597852846933E+03	-3.91904561858687E-01
 1.98598126636936E+03	-4.00495955284588E-01
 1.98598400426939E+03	-3.46912162224777E-01
 1.98598674216942E+03	-2.55259094419812E-01
 1.98598948006945E+03	-1.44137561631839E-01
 1.98599221796948E+03	-8.59474576936604E-03
 1.98599495586951E+03	 1.61618257322467E-01
 1.98599769376954E+03	 3.46418853026984E-01
 1.98600043166957E+03	 4.84312804102747E-01
 1.98600316956960E+03	 5.04742384721164E-01
 1.98600590746963E+03	 3.79363287737418E-01
 1.98600864536966E+03	 1.47205138316629E-01
 1.98601138326969E+03	-1.08450488714284E-01
 1.98601412116973E+03	-3.08393090871219E-01
 1.98601685906976E+03	-4.07171991268715E-01
 1.98601959696979E+03	-3.87779245597634E-01
 1.98602233486982E+03	-2.47612675201217E-01
 1.98602507276985E+03	-5.83136259649795E-03
 1.98602781066988E+03	 2.77134699979099E-01
 1.98603054856991E+03	 5.05790270892966E-01
 1.98603328646994E+03	 5.96090386723539E-01
 1.98603602436997E+03	 5.27742947570127E-01
 1.98603876227000E+03	 3.52805195195255E-01
 1.98604150017003E+03	 1.50835262397789E-01
 1.98604423807006E+03	-2.67206312704221E-02
 1.98604697597009E+03	-1.72265638254381E-01
 1.98604971387012E+03	-2.92761838911358E-01
 1.98605245177016E+03	-3.78060118737620E-01
 1.98605518967019E+03	-4.04925002818958E-01
 1.98605792757022E+03	-3.65771759148516E-01
 1.98606066547025E+03	-2.80301472281049E-01
 1.98606340337028E+03	-1.73420082413342E-01
 1.98606614127031E+03	-4.86445114620374E-02
 1.98606887917034E+03	 1.06872436144982E-01
 1.98607161707037E+03	 2.88263217981108E-01
 1.98607435497040E+03	 4.48436335822570E-01
 1.98607709287043E+03	 5.14946928395934E-01
 1.98607983077046E+03	 4.39303834400168E-01
 1.98608256867049E+03	 2.36419205641649E-01
 1.98608530657052E+03	-2.11514812219258E-02
 1.98608804447056E+03	-2.47363888172876E-01
 1.98609078237059E+03	-3.83356369458576E-01
 1.98609352027062E+03	-4.03708931623678E-01
 1.98609625817065E+03	-3.01385595238223E-01
 1.98609899607068E+03	-8.62878841999317E-02
 1.98610173397071E+03	 1.95868970295407E-01
 1.98610447187074E+03	 4.57109966563847E-01
 1.98610720977077E+03	 6.01530763846523E-01
 1.98610994767080E+03	 5.82091538550497E-01
 1.98611268557083E+03	 4.28920696476730E-01
 1.98611542347086E+03	 2.20578980523460E-01
 1.98611816137089E+03	 2.50206069293428E-02
 1.98612089927092E+03	-1.34604882393581E-01
 1.98612363717096E+03	-2.63986716468746E-01
 1.98612637507099E+03	-3.61057007085104E-01
 1.98612911297102E+03	-4.05571082055940E-01
 1.98613185087105E+03	-3.82899106515844E-01
 1.98613458877108E+03	-3.05499189164715E-01
 1.98613732667111E+03	-2.01230004773800E-01
 1.98614006457114E+03	-8.32787911088588E-02
 1.98614280247117E+03	 5.84395811599327E-02
 1.98614554037120E+03	 2.30409852244822E-01
 1.98614827827123E+03	 4.02306287077865E-01
 1.98615101617126E+03	 5.07085251696209E-01
 1.98615375407129E+03	 4.82050482607101E-01
 1.98615649197132E+03	 3.17373130386654E-01
 1.98615922987135E+03	 6.86842255972444E-02
 1.98616196777139E+03	-1.76857415504329E-01
 1.98616470567142E+03	-3.47755466989406E-01
 1.98616744357145E+03	-4.07806359758946E-01
 1.98617018147148E+03	-3.44959088190630E-01
 1.98617291937151E+03	-1.62171794887085E-01
 1.98617565727154E+03	 1.08704146445254E-01
 1.98617839517157E+03	 3.91675376256166E-01
 1.98618113307160E+03	 5.86276128551560E-01
 1.98618387097163E+03	 6.21952080690316E-01
 1.98618660887166E+03	 5.02323921564641E-01
 1.98618934677169E+03	 2.96481084847609E-01
 1.98619208467172E+03	 8.42879846718886E-02
 1.98619482257175E+03	-9.27989438874981E-02
 1.98619756047179E+03	-2.33377677567282E-01
 1.98620029837182E+03	-3.41339596910773E-01
 1.98620303627185E+03	-4.02341159794229E-01
 1.98620577417188E+03	-3.97629192669180E-01
 1.98620851207191E+03	-3.30945491710730E-01
 1.98621124997194E+03	-2.29173299413413E-01
 1.98621398787197E+03	-1.14374262077376E-01
 1.98621672577200E+03	 1.64353604548734E-02
 1.98621946367203E+03	 1.75869459621970E-01
 1.98622220157206E+03	 3.50144833313122E-01
 1.98622493947209E+03	 4.83592669166813E-01
 1.98622767737212E+03	 5.06538004090765E-01
 1.98623041527215E+03	 3.86482388250295E-01
 1.98623315317219E+03	 1.57478781044175E-01
 1.98623589107222E+03	-9.87860255766808E-02
 1.98623862897225E+03	-3.00844991076499E-01
 1.98624136687228E+03	-3.99944573891240E-01
 1.98624410477231E+03	-3.77421835569819E-01
 1.98624684267234E+03	-2.30917659316611E-01
 1.98624958057237E+03	 1.95686688630505E-02
 1.98625231847240E+03	 3.12558524918151E-01
 1.98625505637243E+03	 5.50096321340631E-01
 1.98625779427246E+03	 6.43621760098674E-01
 1.98626053217249E+03	 5.68419571633923E-01
 1.98626327007252E+03	 3.76112425549848E-01
 1.98626600797255E+03	 1.51627049914078E-01
 1.98626874587258E+03	-4.51018213392097E-02
 1.98627148377262E+03	-2.00068593038577E-01
 1.98627422167265E+03	-3.19140201930930E-01
 1.98627695957268E+03	-3.95302738439969E-01
 1.98627969747271E+03	-4.09257640915095E-01
 1.98628243537274E+03	-3.56197257644280E-01
 1.98628517327277E+03	-2.58313212183361E-01
 1.98628791117280E+03	-1.44014359448902E-01
 1.98629064907283E+03	-2.00836392409438E-02
 1.98629338697286E+03	 1.26533826175693E-01
 1.98629612487289E+03	 2.95975213549191E-01
 1.98629886277292E+03	 4.47857193422385E-01
 1.98630160067295E+03	 5.13059084462732E-01
 1.98630433857298E+03	 4.40916884532353E-01
 1.98630707647302E+03	 2.41475059184302E-01
 1.98630981437305E+03	-1.56547159926832E-02
 1.98631255227308E+03	-2.43481969110538E-01
 1.98631529017311E+03	-3.80159906480563E-01
 1.98631802807314E+03	-3.98223259532770E-01
 1.98632076597317E+03	-2.90559483132046E-01
 1.98632350387320E+03	-6.78354293951678E-02
 1.98632624177323E+03	 2.23562827744017E-01
 1.98632897967326E+03	 4.94182360952132E-01
 1.98633171757329E+03	 6.44461834488964E-01
 1.98633445547332E+03	 6.22479659682395E-01
 1.98633719337335E+03	 4.55932613083410E-01
 1.98633993127338E+03	 2.26539654405146E-01
 1.98634266917342E+03	 1.00474297557874E-02
 1.98634540707345E+03	-1.62720588234347E-01
 1.98634814497348E+03	-2.94332560474782E-01
 1.98635088287351E+03	-3.84611780377034E-01
 1.98635362077354E+03	-4.17176193408446E-01
 1.98635635867357E+03	-3.80413525630685E-01
 1.98635909657360E+03	-2.89040377958048E-01
 1.98636183447363E+03	-1.74115808744814E-01
 1.98636457237366E+03	-5.28357609634223E-02
 1.98636731027369E+03	 8.30717846064508E-02
 1.98637004817372E+03	 2.43179272328324E-01
 1.98637278607375E+03	 4.03803140356790E-01
 1.98637552397378E+03	 5.03207525266552E-01
 1.98637826187382E+03	 4.78890374223058E-01
 1.98638099977385E+03	 3.17053587071818E-01
 1.98638373767388E+03	 6.95201716934378E-02
 1.98638647557391E+03	-1.76998727310013E-01
 1.98638921347394E+03	-3.48680261655619E-01
 1.98639195137397E+03	-4.07071634174474E-01
 1.98639468927400E+03	-3.39705902488376E-01
 1.98639742717403E+03	-1.50269196220672E-01
 1.98640016507406E+03	 1.28859809635369E-01
 1.98640290297409E+03	 4.21015658862269E-01
 1.98640564087412E+03	 6.23188599273279E-01
 1.98640837877415E+03	 6.60136142516387E-01
 1.98641111667418E+03	 5.31555846500242E-01
 1.98641385457421E+03	 3.07324565904178E-01
 1.98641659247425E+03	 7.36661939456189E-02
 1.98641933037428E+03	-1.19704076860181E-01
 1.98642206827431E+03	-2.66338487807671E-01
 1.98642480617434E+03	-3.70389592652537E-01
 1.98642754407437E+03	-4.20951805289620E-01
 1.98643028197440E+03	-4.02540216376639E-01
 1.98643301987443E+03	-3.21063835017627E-01
 1.98643575777446E+03	-2.06115117887409E-01
 1.98643849567449E+03	-8.39429759314947E-02
 1.98644123357452E+03	 4.49968070237362E-02
 1.98644397147455E+03	 1.94159575444592E-01
 1.98644670937458E+03	 3.55420562098006E-01
 1.98644944727461E+03	 4.79666023104173E-01
 1.98645218517465E+03	 4.99840509503001E-01
 1.98645492307468E+03	 3.81070165731215E-01
 1.98645766097471E+03	 1.53381251745367E-01
 1.98646039887474E+03	-1.03259661912125E-01
 1.98646313677477E+03	-3.05993909704335E-01
 1.98646587467480E+03	-4.03859050683587E-01
 1.98646861257483E+03	-3.77454687852435E-01
 1.98647135047486E+03	-2.25100756202934E-01
 1.98647408837489E+03	 3.26252895805845E-02
 1.98647682627492E+03	 3.34105823311536E-01
 1.98647956417495E+03	 5.80013159604791E-01
 1.98648230207498E+03	 6.77851526135642E-01
 1.98648503997501E+03	 5.98148812300831E-01
 1.98648777787505E+03	 3.91073180966994E-01
 1.98649051577508E+03	 1.45901828582985E-01
 1.98649325367511E+03	-6.93734312517030E-02
 1.98649599157514E+03	-2.34119038308458E-01
 1.98649872947517E+03	-3.52578516694581E-01
 1.98650146737520E+03	-4.20334067072698E-01
 1.98650420527523E+03	-4.21499555252760E-01
 1.98650694317526E+03	-3.53511753918700E-01
 1.98650968107529E+03	-2.40757714460904E-01
 1.98651241897532E+03	-1.15531127193302E-01
 1.98651515687535E+03	 1.08894799171588E-02
 1.98651789477538E+03	 1.50149390253683E-01
 1.98652063267541E+03	 3.06304330570926E-01
 1.98652337057544E+03	 4.45864669445194E-01
 1.98652610847548E+03	 5.04469274499187E-01
 1.98652884637551E+03	 4.31166828709303E-01
 1.98653158427554E+03	 2.32476550313479E-01
 1.98653432217557E+03	-2.46554503773413E-02
 1.98653706007560E+03	-2.52939558121954E-01
 1.98653979797563E+03	-3.88630907256386E-01
 1.98654253587566E+03	-4.03276298482401E-01
 1.98654527377569E+03	-2.90351036071787E-01
 1.98654801167572E+03	-6.12780451103769E-02
 1.98655074957575E+03	 2.37637275904579E-01
 1.98655348747578E+03	 5.16615237217296E-01
 1.98655622537581E+03	 6.73305830283971E-01
 1.98655896327584E+03	 6.50911804262038E-01
 1.98656170117588E+03	 4.73831975578982E-01
 1.98656443907591E+03	 2.25792054367498E-01
 1.98656717697594E+03	-1.03987575479916E-02
 1.98656991487597E+03	-1.96267774180731E-01
 1.98657265277600E+03	-3.30813541031460E-01
 1.98657539067603E+03	-4.15192368396963E-01
 1.98657812857606E+03	-4.36344849845254E-01
 1.98658086647609E+03	-3.85112716995978E-01
 1.98658360437612E+03	-2.78013721246940E-01
 1.98658634227615E+03	-1.49362208310703E-01
 1.98658908017618E+03	-2.12640370053089E-02
 1.98659181807621E+03	 1.11191846283395E-01
 1.98659455597624E+03	 2.59265147045593E-01
 1.98659729387628E+03	 4.05555434585207E-01
 1.98660003177631E+03	 4.94633244213950E-01
 1.98660276967634E+03	 4.66009662816455E-01
 1.98660550757637E+03	 3.03554320637018E-01
 1.98660824547640E+03	 5.59808239809274E-02
 1.98661098337643E+03	-1.90791250450325E-01
 1.98661372127646E+03	-3.61605563040325E-01
 1.98661645917649E+03	-4.16898564321190E-01
 1.98661919707652E+03	-3.44652180332790E-01
 1.98662193497655E+03	-1.49535309259182E-01
 1.98662467287658E+03	 1.36075670906405E-01
 1.98662741077661E+03	 4.35959595675114E-01
 1.98663014867664E+03	 6.45650072936482E-01
 1.98663288657667E+03	 6.85581260793398E-01
 1.98663562447671E+03	 5.50918864647212E-01
 1.98663836237674E+03	 3.11156906731050E-01
 1.98664110027677E+03	 5.78940132707881E-02
 1.98664383817680E+03	-1.51205638199436E-01
 1.98664657607683E+03	-3.04346911886806E-01
 1.98664931397686E+03	-4.05400667715613E-01
 1.98665205187689E+03	-4.46350893347935E-01
 1.98665478977692E+03	-4.14416277548835E-01
 1.98665752767695E+03	-3.17122410226707E-01
 1.98666026557698E+03	-1.86551434217710E-01
 1.98666300347701E+03	-5.36722868048665E-02
 1.98666574137704E+03	 7.62846587856921E-02
 1.98666847927707E+03	 2.16063897904395E-01
 1.98667121717711E+03	 3.62360359513310E-01
 1.98667395507714E+03	 4.73094924118064E-01
 1.98667669297717E+03	 4.85415556353939E-01
 1.98667943087720E+03	 3.63867426376677E-01
 1.98668216877723E+03	 1.35537542148201E-01
 1.98668490667726E+03	-1.21309818901716E-01
 1.98668764457729E+03	-3.23236809217307E-01
 1.98669038247732E+03	-4.18220649496236E-01
 1.98669312037735E+03	-3.87143210953591E-01
 1.98669585827738E+03	-2.29510724209698E-01
 1.98669859617741E+03	 3.37877315539366E-02
 1.98670133407744E+03	 3.41985209126549E-01
 1.98670407197747E+03	 5.95595473730210E-01
 1.98670680987751E+03	 6.98888098641803E-01
 1.98670954777754E+03	 6.17357593082075E-01
 1.98671228567757E+03	 3.98649243418322E-01
 1.98671502357760E+03	 1.35229190201125E-01
 1.98671776147763E+03	-9.74576155090880E-02
 1.98672049937766E+03	-2.72055213589733E-01
 1.98672323727769E+03	-3.90700735727352E-01
 1.98672597517772E+03	-4.51025481148931E-01
 1.98672871307775E+03	-4.40007327360353E-01
 1.98673145097778E+03	-3.56745912617085E-01
 1.98673418887781E+03	-2.27405977808123E-01
 1.98673692677784E+03	-8.83393128605510E-02
 1.98673966467787E+03	 4.36627690797640E-02
 1.98674240257791E+03	 1.77302303549080E-01
 1.98674514047794E+03	 3.19355022375876E-01
 1.98674787837797E+03	 4.43166981418047E-01
 1.98675061627800E+03	 4.90344956050704E-01
 1.98675335417803E+03	 4.11443563014232E-01
 1.98675609207806E+03	 2.10855322960474E-01
 1.98675882997809E+03	-4.67366819658259E-02
 1.98676156787812E+03	-2.74300433301939E-01
 1.98676430577815E+03	-4.07275177018629E-01
 1.98676704367818E+03	-4.17335845029420E-01
 1.98676978157821E+03	-2.99273117350867E-01
 1.98677251947824E+03	-6.52776028043032E-02
 1.98677525737827E+03	 2.39213726341157E-01
 1.98677799527830E+03	 5.25330885746413E-01
 1.98678073317834E+03	 6.88912134009074E-01
 1.98678347107837E+03	 6.68376194994655E-01
 1.98678620897840E+03	 4.83968151953038E-01
 1.98678894687843E+03	 2.20184874307269E-01
 1.98679168477846E+03	-3.39742862607054E-02
 1.98679442267849E+03	-2.32544382649268E-01
 1.98679716057852E+03	-3.70581695524679E-01
 1.98679989847855E+03	-4.50045435305155E-01
 1.98680263637858E+03	-4.60673140217268E-01
 1.98680537427861E+03	-3.95195444460762E-01
 1.98680811217864E+03	-2.71400928072349E-01
 1.98681085007867E+03	-1.26725066535919E-01
 1.98681358797870E+03	 1.11718471260018E-02
 1.98681632587874E+03	 1.42479588203142E-01
 1.98681906377877E+03	 2.78743425425438E-01
 1.98682180167880E+03	 4.08297154779888E-01
 1.98682453957883E+03	 4.82756876096528E-01
 1.98682727747886E+03	 4.45279788463163E-01
 1.98683001537889E+03	 2.78997953424415E-01
 1.98683275327892E+03	 3.02848709677078E-02
 1.98683549117895E+03	-2.15978652187771E-01
 1.98683822907898E+03	-3.84244651528997E-01
 1.98684096697901E+03	-4.34985198398673E-01
 1.98684370487904E+03	-3.57530617755214E-01
 1.98684644277907E+03	-1.57811714064816E-01
 1.98684918067910E+03	 1.32332650271370E-01
 1.98685191857914E+03	 4.38284915103541E-01
 1.98685465647917E+03	 6.55287578948712E-01
 1.98685739437920E+03	 6.99905396610913E-01
 1.98686013227923E+03	 5.62215570837355E-01
 1.98686287017926E+03	 3.10133594353430E-01
 1.98686560807929E+03	 3.95503404567334E-02
 1.98686834597932E+03	-1.84350077011324E-01
 1.98687108387935E+03	-3.44213079491481E-01
 1.98687382177938E+03	-4.43137703209245E-01
 1.98687655967941E+03	-4.75493933692997E-01
 1.98687929757944E+03	-4.30683067199301E-01
 1.98688203547947E+03	-3.17284892232258E-01
 1.98688477337950E+03	-1.69512609596394E-01
 1.98688751127953E+03	-2.33262156385802E-02
 1.98689024917957E+03	 1.10200561903563E-01
 1.98689298707960E+03	 2.41666675259318E-01
 1.98689572497963E+03	 3.71650498972725E-01
 1.98689846287966E+03	 4.65342676624446E-01
 1.98690120077969E+03	 4.65429032488368E-01
 1.98690393867972E+03	 3.37526961808521E-01
 1.98690667657975E+03	 1.06862748963969E-01
 1.98690941447978E+03	-1.49914107373709E-01
 1.98691215237981E+03	-3.49524627255469E-01
 1.98691489027984E+03	-4.39995255133597E-01
 1.98691762817987E+03	-4.03503303390214E-01
 1.98692036607990E+03	-2.41255253567713E-01
 1.98692310397993E+03	 2.58087717925631E-02
 1.98692584187997E+03	 3.38770074360258E-01
 1.98692857978000E+03	 5.99235762995448E-01
 1.98693131768003E+03	 7.09012129391513E-01
 1.98693405558006E+03	 6.28354820677668E-01
 1.98693679348009E+03	 4.01340975397705E-01
 1.98693953138012E+03	 1.22417386019726E-01
 1.98694226928015E+03	-1.26211914576468E-01
 1.98694500718018E+03	-3.10460335207042E-01
 1.98694774508021E+03	-4.29939211491054E-01
 1.98695048298024E+03	-4.83845114956611E-01
 1.98695322088027E+03	-4.61550531384272E-01
 1.98695595878030E+03	-3.63286627017587E-01
 1.98695869668033E+03	-2.16510243963074E-01
 1.98696143458037E+03	-6.15771642603169E-02
 1.98696417248040E+03	 7.84987788839355E-02
 1.98696691038043E+03	 2.08167817511664E-01
 1.98696964828046E+03	 3.35745972466104E-01
 1.98697238618049E+03	 4.41173268285767E-01
 1.98697512408052E+03	 4.72961111903279E-01
 1.98697786198055E+03	 3.84739358961538E-01
 1.98698059988058E+03	 1.80070978774874E-01
 1.98698333778061E+03	-7.82089802550409E-02
 1.98698607568064E+03	-3.03814119558794E-01
 1.98698881358067E+03	-4.32378567049101E-01
 1.98699155148070E+03	-4.36770357609602E-01
 1.98699428938073E+03	-3.13795696997468E-01
 1.98699702728076E+03	-7.64209983411016E-02
 1.98699976518080E+03	 2.31561016308350E-01
 1.98700250308083E+03	 5.23425535729087E-01
 1.98700524098086E+03	 6.94212189461011E-01
 1.98700797888089E+03	 6.77713958170490E-01
 1.98701071678092E+03	 4.89220684474668E-01
 1.98701345468095E+03	 2.12766138763840E-01
 1.98701619258098E+03	-5.73837437392377E-02
 1.98701893048101E+03	-2.67997044360411E-01
 1.98702166838104E+03	-4.09875606098313E-01
 1.98702440628107E+03	-4.85318775471166E-01
 1.98702714418110E+03	-4.86434190507219E-01
 1.98702988208113E+03	-4.07378691691323E-01
 1.98703261998116E+03	-2.66693727676851E-01
 1.98703535788120E+03	-1.04641802373945E-01
 1.98703809578123E+03	 4.52227135180278E-02
 1.98704083368126E+03	 1.77312104704818E-01
 1.98704357158129E+03	 3.02196162393078E-01
 1.98704630948132E+03	 4.13307495860151E-01
 1.98704904738135E+03	 4.69798975478400E-01
 1.98705178528138E+03	 4.19830838622872E-01
 1.98705452318141E+03	 2.47200947194609E-01
 1.98705726108144E+03	-3.35399684773031E-03
 1.98705999898147E+03	-2.48205909306295E-01
 1.98706273688150E+03	-4.12275765755098E-01
 1.98706547478153E+03	-4.57128969785983E-01
 1.98706821268156E+03	-3.74273590496348E-01
 1.98707095058160E+03	-1.71149542371569E-01
 1.98707368848163E+03	 1.21465210061762E-01
 1.98707642638166E+03	 4.31685501066478E-01
 1.98707916428169E+03	 6.55623105667644E-01
 1.98708190218172E+03	 7.06469413140550E-01
 1.98708464008175E+03	 5.68720696013812E-01
 1.98708737798178E+03	 3.07556859916152E-01
 1.98709011588181E+03	 2.20686292133459E-02
 1.98709285378184E+03	-2.15509588906077E-01
 1.98709559168187E+03	-3.82097390968359E-01
 1.98709832958190E+03	-4.79589794596415E-01
 1.98710106748193E+03	-5.04339873569630E-01
 1.98710380538196E+03	-4.47546939895062E-01
 1.98710654328200E+03	-3.18370701223722E-01
 1.98710928118203E+03	-1.52725737361150E-01
 1.98711201908206E+03	 8.42547325553797E-03
 1.98711475698209E+03	 1.47439397333794E-01
 1.98711749488212E+03	 2.71583470764430E-01
 1.98712023278215E+03	 3.84415404121025E-01
 1.98712297068218E+03	 4.58449527372775E-01
 1.98712570858221E+03	 4.42955991075467E-01
 1.98712844648224E+03	 3.06014205351157E-01
 1.98713118438227E+03	 7.19149752160495E-02
 1.98713392228230E+03	-1.84247228498460E-01
 1.98713666018233E+03	-3.80025848518788E-01
 1.98713939808236E+03	-4.64495883291460E-01
 1.98714213598239E+03	-4.22030885231348E-01
 1.98714487388243E+03	-2.55977802211687E-01
 1.98714761178246E+03	 1.29417188845180E-02
 1.98715034968249E+03	 3.28611694177067E-01
 1.98715308758252E+03	 5.94940786967187E-01
 1.98715582548255E+03	 7.12047418295790E-01
 1.98715856338258E+03	 6.34795890441702E-01
 1.98716130128261E+03	 4.02709502733684E-01
 1.98716403918264E+03	 1.11033802118106E-01
 1.98716677708267E+03	-1.51970906340678E-01
 1.98716951498270E+03	-3.45502365349623E-01
 1.98717225288273E+03	-4.66264685207604E-01
 1.98717499078276E+03	-5.14621174574349E-01
 1.98717772868279E+03	-4.82016847805394E-01
 1.98718046658283E+03	-3.69430220087710E-01
 1.98718320448286E+03	-2.05149106031827E-01
 1.98718594238289E+03	-3.32994833164375E-02
 1.98718868028292E+03	 1.16506804006504E-01
 1.98719141818295E+03	 2.43485800116304E-01
 1.98719415608298E+03	 3.56467944482947E-01
 1.98719689398301E+03	 4.41664426881610E-01
 1.98719963188304E+03	 4.55171476563105E-01
 1.98720236978307E+03	 3.54958476481140E-01
 1.98720510768310E+03	 1.44820744154653E-01
 1.98720784558313E+03	-1.13945359260859E-01
 1.98721058348316E+03	-3.36265687126974E-01
 1.98721332138319E+03	-4.58870530532467E-01
 1.98721605928323E+03	-4.56741359630574E-01
 1.98721879718326E+03	-3.29279273346122E-01
 1.98722153508329E+03	-9.01873768423299E-02
 1.98722427298332E+03	 2.19126660518339E-01
 1.98722701088335E+03	 5.15248007672837E-01
 1.98722974878338E+03	 6.93391957871090E-01
 1.98723248668340E+03	 6.82908323920357E-01
 1.98723522458344E+03	 4.93391927256104E-01
 1.98723796248347E+03	 2.07231124698218E-01
 1.98724070038350E+03	-7.69438197244547E-02
 1.98724343828353E+03	-2.98857220968784E-01
 1.98724617618356E+03	-4.44756534427308E-01
 1.98724891408359E+03	-5.16875195119401E-01
 1.98725165198362E+03	-5.09398710940733E-01
 1.98725438988366E+03	-4.17628051789525E-01
 1.98725712778369E+03	-2.60450663189187E-01
 1.98725986568372E+03	-8.05833300470499E-02
 1.98726260358375E+03	 8.24678671623748E-02
 1.98726534148378E+03	 2.16642851900574E-01
 1.98726807938381E+03	 3.30534785025509E-01
 1.98727081728384E+03	 4.22077130937512E-01
 1.98727355518387E+03	 4.58265361619417E-01
 1.98727629308390E+03	 3.93311423086682E-01
 1.98727903098393E+03	 2.12784054321722E-01
 1.98728176888396E+03	-3.97022652003843E-02
 1.98728450678399E+03	-2.82029248800011E-01
 1.98728724468402E+03	-4.40363486246281E-01
 1.98728998258406E+03	-4.78262100512231E-01
 1.98729272048409E+03	-3.90076324147894E-01
 1.98729545838412E+03	-1.84905758358533E-01
 1.98729819628415E+03	 1.08049424242756E-01
 1.98730093418418E+03	 4.20685499302003E-01
 1.98730367208421E+03	 6.51066578693343E-01
 1.98730640998424E+03	 7.09491357686485E-01
 1.98730914788427E+03	 5.74428762138560E-01
 1.98731188578430E+03	 3.07229265476472E-01
 1.98731462368433E+03	 9.13571888997462E-03
 1.98731736158436E+03	-2.41011490751606E-01
 1.98732009948439E+03	-4.14225890754822E-01
 1.98732283738442E+03	-5.10787491543016E-01
 1.98732557528446E+03	-5.28731557290266E-01
 1.98732831318449E+03	-4.60855196557774E-01
 1.98733105108452E+03	-3.16599112632093E-01
 1.98733378898455E+03	-1.33176454483205E-01
 1.98733652688458E+03	 4.36313079454754E-02
 1.98733926478461E+03	 1.89233983971187E-01
 1.98734200268464E+03	 3.06715811923949E-01
 1.98734474058467E+03	 4.01866367565172E-01
 1.98734747848470E+03	 4.54493154110966E-01
 1.98735021638473E+03	 4.21225894493592E-01
 1.98735295428476E+03	 2.73664150001272E-01
 1.98735569218479E+03	 3.58242250851418E-02
 1.98735843008482E+03	-2.18815195947875E-01
 1.98736116798486E+03	-4.09278476222199E-01
 1.98736390588489E+03	-4.86536793423373E-01
 1.98736664378492E+03	-4.37866103842430E-01
 1.98736938168495E+03	-2.69045358710425E-01
 1.98737211958498E+03	-2.69728427103624E-04
 1.98737485748501E+03	 3.16033937476934E-01
 1.98737759538504E+03	 5.87180523082925E-01
 1.98738033328507E+03	 7.12318049503743E-01
 1.98738307118510E+03	 6.40783331586188E-01
 1.98738580908513E+03	 4.06619538687827E-01
 1.98738854698516E+03	 1.04747177380323E-01
 1.98739128488519E+03	-1.71177285688287E-01
 1.98739402278522E+03	-3.73615659664611E-01
 1.98739676068525E+03	-4.95969442466124E-01
 1.98739949858529E+03	-5.39426922896923E-01
 1.98740223648532E+03	-4.97343296782413E-01
 1.98740497438535E+03	-3.71268349364012E-01
 1.98740771228538E+03	-1.89979738429611E-01
 1.98741045018541E+03	-1.05209900616910E-03
 1.98741318808544E+03	 1.59223239313609E-01
 1.98741592598547E+03	 2.84212189866682E-01
 1.98741866388550E+03	 3.82492556817129E-01
 1.98742140178553E+03	 4.46255648755485E-01
 1.98742413968556E+03	 4.39664429867352E-01
 1.98742687758559E+03	 3.25962998711589E-01
 1.98742961548562E+03	 1.09920426154877E-01
 1.98743235338565E+03	-1.48596271806255E-01
 1.98743509128569E+03	-3.66223382647660E-01
 1.98743782918572E+03	-4.81567909388985E-01
 1.98744056708575E+03	-4.72438642200408E-01
 1.98744330498578E+03	-3.41216493990230E-01
 1.98744604288581E+03	-1.02209188452652E-01
 1.98744878078584E+03	 2.06264908486625E-01
 1.98745151868587E+03	 5.05153694385498E-01
 1.98745425658590E+03	 6.90727090794089E-01
 1.98745699448593E+03	 6.88053026219257E-01
 1.98745973238596E+03	 5.00333851405153E-01
 1.98746247028599E+03	 2.07190700425561E-01
 1.98746520818602E+03	-8.92320760997500E-02
 1.98746794608605E+03	-3.21789971982199E-01
 1.98747068398609E+03	-4.71834183893983E-01
 1.98747342188612E+03	-5.41134467593002E-01
 1.98747615978615E+03	-5.25775075847589E-01
 1.98747889768618E+03	-4.22125038061904E-01
 1.98748163558621E+03	-2.49197489241377E-01
 1.98748437348624E+03	-5.18126094244225E-02
 1.98748711138627E+03	 1.24718932571920E-01
 1.98748984928630E+03	 2.61522561341743E-01
 1.98749258718633E+03	 3.64543003942826E-01
 1.98749532508636E+03	 4.35763114034340E-01
 1.98749806298639E+03	 4.50227492722167E-01
 1.98750080088642E+03	 3.68958558800741E-01
 1.98750353878645E+03	 1.80052458703958E-01
 1.98750627668648E+03	-7.37543611823342E-02
 1.98750901458652E+03	-3.12218076551660E-01
 1.98751175248655E+03	-4.63458422358402E-01
 1.98751449038658E+03	-4.93726606365845E-01
 1.98751722828661E+03	-4.00656368880631E-01
 1.98751996618664E+03	-1.95009166788477E-01
 1.98752270408667E+03	 9.61197449992473E-02
 1.98752544198670E+03	 4.09356306882074E-01
 1.98752817988673E+03	 6.45679199231366E-01
 1.98753091778676E+03	 7.12915096405332E-01
 1.98753365568679E+03	 5.83075045584046E-01
 1.98753639358682E+03	 3.12639147966915E-01
 1.98753913148685E+03	 4.00770508330712E-03
 1.98754186938688E+03	-2.57765784145087E-01
 1.98754460728692E+03	-4.37550914127863E-01
 1.98754734518695E+03	-5.33567883301881E-01
 1.98755008308698E+03	-5.45287973970001E-01
 1.98755282098701E+03	-4.67077960837604E-01
 1.98755555888704E+03	-3.08578117168578E-01
 1.98755829678707E+03	-1.08013805874400E-01
 1.98756103468710E+03	 8.42951857280768E-02
 1.98756377258713E+03	 2.36732234227418E-01
 1.98756651048716E+03	 3.47705662794351E-01
 1.98756924838719E+03	 4.24733044151485E-01
 1.98757198628722E+03	 4.54896525762393E-01
 1.98757472418725E+03	 4.02741755551820E-01
 1.98757746208728E+03	 2.44102776005555E-01
 1.98758019998732E+03	 3.06058043349071E-03
 1.98758293788735E+03	-2.48765935062680E-01
 1.98758567578738E+03	-4.32507651324383E-01
 1.98758841368741E+03	-5.01715940708950E-01
 1.98759115158744E+03	-4.47037193064682E-01
 1.98759388948747E+03	-2.76777692430001E-01
 1.98759662738750E+03	-1.02328825613560E-02
 1.98759936528753E+03	 3.04674545208016E-01
 1.98760210318756E+03	 5.79640126543038E-01
 1.98760484108759E+03	 7.13465661508205E-01
 1.98760757898762E+03	 6.49809465229804E-01
 1.98761031688765E+03	 4.16346279137359E-01
 1.98761305478768E+03	 1.06595217425990E-01
 1.98761579268771E+03	-1.81005511528283E-01
 1.98761853058775E+03	-3.92102721206643E-01
 1.98762126848778E+03	-5.16338499260591E-01
 1.98762400638781E+03	-5.55381077961842E-01
 1.98762674428784E+03	-5.04448527258500E-01
 1.98762948218787E+03	-3.65696170183980E-01
 1.98763222008790E+03	-1.68232182943636E-01
 1.98763495798793E+03	 3.72308468575883E-02
 1.98763769588796E+03	 2.07850711846631E-01
 1.98764043378799E+03	 3.30872423022420E-01
 1.98764317168802E+03	 4.14164188271263E-01
 1.98764590958805E+03	 4.55726681294238E-01
 1.98764864748808E+03	 4.28145949431645E-01
 1.98765138538811E+03	 3.00569423901654E-01
 1.98765412328815E+03	 7.91340999136215E-02
 1.98765686118818E+03	-1.77861857934858E-01
 1.98765959908821E+03	-3.89333226100739E-01
 1.98766233698824E+03	-4.96431357282688E-01
 1.98766507488827E+03	-4.80277803536651E-01
 1.98766781278830E+03	-3.46388989633806E-01
 1.98767055068833E+03	-1.09424979810002E-01
 1.98767328858836E+03	 1.96060987502142E-01
 1.98767602648839E+03	 4.96309848588890E-01
 1.98767876438842E+03	 6.89408889435665E-01
 1.98768150228845E+03	 6.96260684988145E-01
 1.98768424018848E+03	 5.12997093027888E-01
 1.98768697808851E+03	 2.15388403128608E-01
 1.98768971598855E+03	-9.17231216722909E-02
 1.98769245388858E+03	-3.34452623274937E-01
 1.98769519178861E+03	-4.88843618051448E-01
 1.98769792968864E+03	-5.55755228049571E-01
 1.98770066758867E+03	-5.33038889131955E-01
 1.98770340548870E+03	-4.18225212122696E-01
 1.98770614338873E+03	-2.30442054891516E-01
 1.98770888128876E+03	-1.63641504895168E-02
 1.98771161918879E+03	 1.73147472841869E-01
 1.98771435708882E+03	 3.12354143850366E-01
 1.98771709498885E+03	 4.04218538641545E-01
 1.98771983288888E+03	 4.54532684479384E-01
 1.98772257078891E+03	 4.46574355125634E-01
 1.98772530868895E+03	 3.48693326685293E-01
 1.98772804658898E+03	 1.51926027061815E-01
 1.98773078448901E+03	-1.01921359367231E-01
 1.98773352238904E+03	-3.34984437256298E-01
 1.98773626028907E+03	-4.77993323360829E-01
 1.98773899818910E+03	-5.00397341903296E-01
 1.98774173608913E+03	-4.03309118464611E-01
 1.98774447398916E+03	-1.98987017911953E-01
 1.98774721188919E+03	 8.81270601085954E-02
 1.98774994978922E+03	 4.00237514579427E-01
 1.98775268768925E+03	 6.42073643085345E-01
 1.98775542558928E+03	 7.19341299559299E-01
 1.98775816348931E+03	 5.97164075117382E-01
 1.98776090138934E+03	 3.26139590013067E-01
 1.98776363928938E+03	 8.85207126466162E-03
 1.98776637718941E+03	-2.63799930740849E-01
 1.98776911508944E+03	-4.50246775476577E-01
 1.98777185298947E+03	-5.46130133462575E-01
 1.98777459088950E+03	-5.52095136214130E-01
 1.98777732878953E+03	-4.64155828527577E-01
 1.98778006668956E+03	-2.92268175487247E-01
 1.98778280458959E+03	-7.55462068726081E-02
 1.98778554248962E+03	 1.31438185767712E-01
 1.98778828038965E+03	 2.90173914449488E-01
 1.98779101828968E+03	 3.94227134868501E-01
 1.98779375618971E+03	 4.52613247365575E-01
 1.98779649408974E+03	 4.59747319860697E-01
 1.98779923198978E+03	 3.88488708979974E-01
 1.98780196988981E+03	 2.19308016381910E-01
 1.98780470778984E+03	-2.36307225147689E-02
 1.98780744568987E+03	-2.71012640560438E-01
 1.98781018358990E+03	-4.46727100915923E-01
 1.98781292148993E+03	-5.07437431542301E-01
 1.98781565938996E+03	-4.47392232125786E-01
 1.98781839728999E+03	-2.77320707239541E-01
 1.98782113519002E+03	-1.51750720693588E-02
 1.98782387309005E+03	 2.96375445248993E-01
 1.98782661099008E+03	 5.74258307070477E-01
 1.98782934889011E+03	 7.17466896081375E-01
 1.98783208679014E+03	 6.63815547903764E-01
 1.98783482469018E+03	 4.33744895475566E-01
 1.98783756259021E+03	 1.18308295135977E-01
 1.98784030049024E+03	-1.79888443099911E-01
 1.98784303839027E+03	-3.99569419308289E-01
 1.98784577629030E+03	-5.26087757062914E-01
 1.98784851419033E+03	-5.61184235171101E-01
 1.98785125209036E+03	-5.01925799324599E-01
 1.98785398999039E+03	-3.51259702967958E-01
 1.98785672789042E+03	-1.38650740608817E-01
 1.98785946579045E+03	 8.22829985080245E-02
 1.98786220369048E+03	 2.62394628466607E-01
 1.98786494159051E+03	 3.82817404085021E-01
 1.98786767949054E+03	 4.50554377464789E-01
 1.98787041739057E+03	 4.69404808206467E-01
 1.98787315529061E+03	 4.20666430753109E-01
 1.98787589319064E+03	 2.79760530356138E-01
 1.98787863109067E+03	 5.42656519775636E-02
 1.98788136899070E+03	-1.99471898153579E-01
 1.98788410689073E+03	-4.03292560162189E-01
 1.98788684479076E+03	-5.01462842395624E-01
 1.98788958269079E+03	-4.78691235083971E-01
 1.98789232059082E+03	-3.43570797042559E-01
 1.98789505849085E+03	-1.10750175595586E-01
 1.98789779639088E+03	 1.89630998410505E-01
 1.98790053429091E+03	 4.89927461824651E-01
 1.98790327219094E+03	 6.90711766200518E-01
 1.98790601009097E+03	 7.08812386905059E-01
 1.98790874799101E+03	 5.32634286801938E-01
 1.98791148589104E+03	 2.33024233040088E-01
 1.98791422379107E+03	-8.33133071154122E-02
 1.98791696169110E+03	-3.35891032868107E-01
 1.98791969959113E+03	-4.94986965177074E-01
 1.98792243749116E+03	-5.60020825909176E-01
 1.98792517539119E+03	-5.30447849778241E-01
 1.98792791329122E+03	-4.05138604220021E-01
 1.98793065119125E+03	-2.03494081937970E-01
 1.98793338909128E+03	 2.60735108406809E-02
 1.98793612699131E+03	 2.27433404178807E-01
 1.98793886489134E+03	 3.68142127137401E-01
 1.98794160279137E+03	 4.48140569912102E-01
 1.98794434069141E+03	 4.77007554195323E-01
 1.98794707859144E+03	 4.46457148817337E-01
 1.98794981649147E+03	 3.32494218679503E-01
 1.98795255439150E+03	 1.29210779339506E-01
 1.98795529229153E+03	-1.22836263306670E-01
 1.98795803019156E+03	-3.48798135111913E-01
 1.98796076809159E+03	-4.82632965220738E-01
 1.98796350599162E+03	-4.97319271673754E-01
 1.98796624389165E+03	-3.97433594193989E-01
 1.98796898179168E+03	-1.96426297494955E-01
 1.98797171969171E+03	 8.44718948785543E-02
 1.98797445759174E+03	 3.93803145945843E-01
 1.98797719549177E+03	 6.40787224745754E-01
 1.98797993339180E+03	 7.29328741859826E-01
 1.98798267129184E+03	 6.17260420091197E-01
 1.98798540919187E+03	 3.48305969574395E-01
 1.98798814709190E+03	 2.42324709439272E-02
 1.98799088499193E+03	-2.58631538024561E-01
 1.98799362289196E+03	-4.51981060295305E-01
 1.98799636079199E+03	-5.48290445234748E-01
 1.98799909869202E+03	-5.49041057362293E-01
 1.98800183659205E+03	-4.51983199089618E-01
 1.98800457449208E+03	-2.67625972135307E-01
 1.98800731239211E+03	-3.59969828595289E-02
 1.98801005029214E+03	 1.84319049802804E-01
 1.98801278819217E+03	 3.48175710744993E-01
 1.98801552609220E+03	 4.44387009716019E-01
 1.98801826399224E+03	 4.83481690258544E-01
 1.98802100189227E+03	 4.67357842065395E-01
 1.98802373979230E+03	 3.77471456502848E-01
 1.98802647769233E+03	 1.99074841288362E-01
 1.98802921559236E+03	-4.38365763176223E-02
 1.98803195349239E+03	-2.84864419668919E-01
 1.98803469139242E+03	-4.51320853350896E-01
 1.98803742929245E+03	-5.03384925814066E-01
 1.98804016719248E+03	-4.38946335715000E-01
 1.98804290509251E+03	-2.70899434721963E-01
 1.98804564299254E+03	-1.53705893961478E-02
 1.98804838089257E+03	 2.90905884612076E-01
 1.98805111879260E+03	 5.70847360594694E-01
 1.98805385669264E+03	 7.24141328562337E-01
 1.98805659459267E+03	 6.82627290254747E-01
 1.98805933249270E+03	 4.58687447778781E-01
 1.98806207039273E+03	 1.39826396868167E-01
 1.98806480829276E+03	-1.67870186261276E-01
 1.98806754619279E+03	-3.96149581126491E-01
 1.98807028409282E+03	-5.25517165682127E-01
 1.98807302199285E+03	-5.57291207387134E-01
 1.98807575989288E+03	-4.90321848673216E-01
 1.98807849779291E+03	-3.28588441177613E-01
 1.98808123569294E+03	-1.02067333507029E-01
 1.98808397359297E+03	 1.32858921652996E-01
 1.98808671149300E+03	 3.21034423299788E-01
 1.98808944939304E+03	 4.37688032366240E-01
 1.98809218729307E+03	 4.89045922222386E-01
 1.98809492519310E+03	 4.84838551010323E-01
 1.98809766309313E+03	 4.15319444225101E-01
 1.98810040099316E+03	 2.62348602686202E-01
 1.98810313889319E+03	 3.47637759274148E-02
 1.98810587679322E+03	-2.13612124335947E-01
 1.98810861469325E+03	-4.08246016852046E-01
 1.98811135259328E+03	-4.97006909706691E-01
 1.98811409049331E+03	-4.68300014435923E-01
 1.98811682839334E+03	-3.33583808097356E-01
 1.98811956629337E+03	-1.07073296696098E-01
 1.98812230419340E+03	 1.86104780917715E-01
 1.98812504209343E+03	 4.85150041699626E-01
 1.98812777999347E+03	 6.93749038328313E-01
 1.98813051789350E+03	 7.24791031515136E-01
 1.98813325579353E+03	 5.58368053790119E-01
 1.98813599369356E+03	 2.59339839830696E-01
 1.98813873159359E+03	-6.46428606415511E-02
 1.98814146949362E+03	-3.26732237956145E-01
 1.98814420739365E+03	-4.91015576998007E-01
 1.98814694529368E+03	-5.54879637065798E-01
 1.98814968319371E+03	-5.19130192235876E-01
 1.98815242109374E+03	-3.84138912649410E-01
 1.98815515899377E+03	-1.69818555018083E-01
 1.98815789689380E+03	 7.36964029522140E-02
 1.98816063479383E+03	 2.85274907017464E-01
 1.98816337269387E+03	 4.26059996080164E-01
 1.98816611059390E+03	 4.93148344093114E-01
 1.98816884849393E+03	 5.00053795294094E-01
 1.98817158639396E+03	 4.47144091158981E-01
 1.98817432429399E+03	 3.18255479371941E-01
 1.98817706219402E+03	 1.10421155570491E-01
 1.98817980009405E+03	-1.37563702008749E-01
 1.98818253799408E+03	-3.54583520206945E-01
 1.98818527589411E+03	-4.78396579680939E-01
 1.98818801379414E+03	-4.85709346129889E-01
 1.98819075169417E+03	-3.84407074740004E-01
 1.98819348959420E+03	-1.88760668036273E-01
 1.98819622749423E+03	 8.37313974246718E-02
 1.98819896539427E+03	 3.88619616282514E-01
 1.98820170329430E+03	 6.40307473224254E-01
 1.98820444119433E+03	 7.41266606742793E-01
 1.98820717909436E+03	 6.41738044437830E-01
 1.98820991699439E+03	 3.77634136379465E-01
 1.98821265489442E+03	 4.88426758783069E-02
 1.98821539279445E+03	-2.43430316333319E-01
 1.98821813069448E+03	-4.43950775533371E-01
 1.98822086859451E+03	-5.41426716891988E-01
 1.98822360649454E+03	-5.37744527401734E-01
 1.98822634439457E+03	-4.32404635077677E-01
 1.98822908229460E+03	-2.36722038578905E-01
 1.98823182019463E+03	 8.25739399851426E-03
 1.98823455809466E+03	 2.40129838129261E-01
 1.98823729599470E+03	 4.07443071249734E-01
 1.98824003389473E+03	 4.94523653504936E-01
 1.98824277179476E+03	 5.13603670811426E-01
 1.98824550969479E+03	 4.74270827898262E-01
 1.98824824759482E+03	 3.66759415807822E-01
 1.98825098549485E+03	 1.81051219290535E-01
 1.98825372339488E+03	-5.94651680119916E-02
 1.98825646129491E+03	-2.92015897090644E-01
 1.98825919919494E+03	-4.47982061604533E-01
 1.98826193709497E+03	-4.91359130302526E-01
 1.98826467499500E+03	-4.23594552578924E-01
 1.98826741289503E+03	-2.59424985738416E-01
 1.98827015079506E+03	-1.27001259549194E-02
 1.98827288869510E+03	 2.86369295306232E-01
 1.98827562659513E+03	 5.67388080698276E-01
 1.98827836449516E+03	 7.31285466408399E-01
 1.98828110239519E+03	 7.03926429806700E-01
 1.98828384029522E+03	 4.88920538202180E-01
 1.98828657819525E+03	 1.69125666166339E-01
 1.98828931609528E+03	-1.46723545276199E-01
 1.98829205399531E+03	-3.83508361943649E-01
 1.98829479189534E+03	-5.16393750525048E-01
 1.98829752979537E+03	-5.45720445578014E-01
 1.98830026769540E+03	-4.71950232983983E-01
 1.98830300559543E+03	-3.00284585461930E-01
 1.98830574349546E+03	-6.13991103564480E-02
 1.98830848139550E+03	 1.85650209343139E-01
 1.98831121929553E+03	 3.80018309104323E-01
 1.98831395719556E+03	 4.91363432787235E-01
 1.98831669509559E+03	 5.25382882112907E-01
 1.98831943299562E+03	 4.97951547493458E-01
 1.98832217089565E+03	 4.08462525473422E-01
 1.98832490879568E+03	 2.45214421908642E-01
 1.98832764669571E+03	 1.79487786020461E-02
 1.98833038459574E+03	-2.22705201080710E-01
 1.98833312249577E+03	-4.06538756943384E-01
 1.98833586039580E+03	-4.85429054823256E-01
 1.98833859829583E+03	-4.51483510521188E-01
 1.98834133619586E+03	-3.18757015009256E-01
 1.98834407409589E+03	-1.00642126251391E-01
 1.98834681199593E+03	 1.83244144807262E-01
 1.98834954989596E+03	 4.79595058170707E-01
 1.98835228779599E+03	 6.95868937751881E-01
 1.98835502569602E+03	 7.41299407494444E-01
 1.98835776359605E+03	 5.87248408719252E-01
 1.98836050149608E+03	 2.91579313506602E-01
 1.98836323939611E+03	-3.81416853633107E-02
 1.98836597729614E+03	-3.09153234879378E-01
 1.98836871519617E+03	-4.79075987103040E-01
 1.98837145309620E+03	-5.42676666384851E-01
 1.98837419099623E+03	-5.01757662762703E-01
 1.98837692889626E+03	-3.58252538720296E-01
 1.98837966679629E+03	-1.32797692609050E-01
 1.98838240469633E+03	 1.22738564573771E-01
 1.98838514259636E+03	 3.42494931941255E-01
 1.98838788049639E+03	 4.81575172441802E-01
 1.98839061839642E+03	 5.34542954964361E-01
 1.98839335629645E+03	 5.19083722759505E-01
 1.98839609419648E+03	 4.44404976817687E-01
 1.98839883209651E+03	 3.02213336649794E-01
 1.98840156999654E+03	 9.22104492461858E-02
 1.98840430789657E+03	-1.49178133594361E-01
 1.98840704579660E+03	-3.55289156922453E-01
 1.98840978369663E+03	-4.68182214089864E-01
 1.98841252159666E+03	-4.68398649008089E-01
 1.98841525949669E+03	-3.66927527382988E-01
 1.98841799739673E+03	-1.78527546648230E-01
 1.98842073529676E+03	 8.34396640365178E-02
 1.98842347319679E+03	 3.82091614137232E-01
 1.98842621109682E+03	 6.37707140559359E-01
 1.98842894899685E+03	 7.51841767656763E-01
 1.98843168689688E+03	 6.67063841073437E-01
 1.98843442479691E+03	 4.10674585864794E-01
 1.98843716269694E+03	 7.95680847950229E-02
 1.98843990059697E+03	-2.20935456961567E-01
 1.98844263849700E+03	-4.28701471741262E-01
 1.98844537639703E+03	-5.28167119628977E-01
 1.98844811429706E+03	-5.21135020062055E-01
 1.98845085219709E+03	-4.08747218118093E-01
 1.98845359009713E+03	-2.03293360355000E-01
 1.98845632799716E+03	 5.30742324292580E-02
 1.98845906589719E+03	 2.94328168394804E-01
 1.98846180379722E+03	 4.63092512235838E-01
 1.98846454169725E+03	 5.39575670586534E-01
 1.98846727959728E+03	 5.37987101239424E-01
 1.98847001749731E+03	 4.75796627397445E-01
 1.98847275539734E+03	 3.52081334689778E-01
 1.98847549329737E+03	 1.61353335592540E-01
 1.98847823119740E+03	-7.41346915558304E-02
 1.98848096909743E+03	-2.95940518554448E-01
 1.98848370699746E+03	-4.40089304091040E-01
 1.98848644489749E+03	-4.74605060777469E-01
 1.98848918279752E+03	-4.04363725514513E-01
 1.98849192069756E+03	-2.45664921862545E-01
 1.98849465859759E+03	-9.76263731451901E-03
 1.98849739649762E+03	 2.80097829794258E-01
 1.98850013439765E+03	 5.60859802562545E-01
 1.98850287229768E+03	 7.35368350247851E-01
 1.98850561019771E+03	 7.23766892780210E-01
 1.98850834809774E+03	 5.20401531228964E-01
 1.98851108599777E+03	 2.02424372878925E-01
 1.98851382389780E+03	-1.19787545498493E-01
 1.98851656179783E+03	-3.64628741099513E-01
 1.98851929969786E+03	-5.01619011537710E-01
 1.98852203759789E+03	-5.29584402628855E-01
 1.98852477549792E+03	-4.50318217015379E-01
 1.98852751339796E+03	-2.70309469107088E-01
 1.98853025129799E+03	-2.10525359752592E-02
 1.98853298919802E+03	 2.35839199013048E-01
 1.98853572709805E+03	 4.34191812500739E-01
 1.98853846499808E+03	 5.38507139422374E-01
 1.98854120289811E+03	 5.54275226196735E-01
 1.98854394079814E+03	 5.03722389135165E-01
 1.98854667869817E+03	 3.95460070481730E-01
 1.98854941659820E+03	 2.24083643824280E-01
 1.98855215449823E+03	-2.06853038814641E-04
 1.98855489239826E+03	-2.30640978681866E-01
 1.98855763029829E+03	-4.01953013779566E-01
 1.98856036819832E+03	-4.70338009873852E-01
 1.98856310609836E+03	-4.31560571061832E-01
 1.98856584399839E+03	-3.02046176066526E-01
 1.98856858189842E+03	-9.41202549728216E-02
 1.98857131979845E+03	 1.78423820108813E-01
 1.98857405769848E+03	 4.70319428113872E-01
 1.98857679559851E+03	 6.93535471941052E-01
 1.98857953349854E+03	 7.54192396380909E-01
 1.98858227139857E+03	 6.14802335240718E-01
 1.98858500929860E+03	 3.25370258026466E-01
 1.98858774719863E+03	-7.75303298325138E-03
 1.98859048509866E+03	-2.86614798255099E-01
 1.98859322299869E+03	-4.62361688383671E-01
 1.98859596089872E+03	-5.26666887214323E-01
 1.98859869879875E+03	-4.81917342060333E-01
 1.98860143669879E+03	-3.31532091175173E-01
 1.98860417459882E+03	-9.69679951265914E-02
 1.98860691249885E+03	 1.68224005278077E-01
 1.98860965039888E+03	 3.93769740271012E-01
 1.98861238829891E+03	 5.29174891872773E-01
 1.98861512619894E+03	 5.66844644156147E-01
 1.98861786409897E+03	 5.28868986417800E-01
 1.98862060199900E+03	 4.33382226115162E-01
 1.98862333989903E+03	 2.79856972364042E-01
 1.98862607779906E+03	 7.02946115227903E-02
 1.98862881569909E+03	-1.61850846150747E-01
 1.98863155359912E+03	-3.54996854814501E-01
 1.98863429149915E+03	-4.55892887771436E-01
 1.98863702939919E+03	-4.48956465394289E-01
 1.98863976729922E+03	-3.48109354855355E-01
 1.98864250519925E+03	-1.68414181622959E-01
 1.98864524309928E+03	 8.10941409709757E-02
 1.98864798099931E+03	 3.71495236499765E-01
 1.98865071889934E+03	 6.29649764955376E-01
 1.98865345679937E+03	 7.56947563689162E-01
 1.98865619469940E+03	 6.88550089884196E-01
 1.98865893259943E+03	 4.42605237738835E-01
 1.98866167049946E+03	 1.11907711034979E-01
 1.98866440839949E+03	-1.95107360312589E-01
 1.98866714629952E+03	-4.09752768852479E-01
 1.98866988419955E+03	-5.11903147086745E-01
 1.98867262209959E+03	-5.02811188581385E-01
 1.98867535999962E+03	-3.85036322466881E-01
 1.98867809789965E+03	-1.71866972424611E-01
 1.98868083579968E+03	 9.34546730334680E-02
 1.98868357369971E+03	 3.41543042612162E-01
 1.98868631159974E+03	 5.09547641499203E-01
 1.98868904949977E+03	 5.73986369317109E-01
 1.98869178739980E+03	 5.51318543004182E-01
 1.98869452529983E+03	 4.66992714383786E-01
 1.98869726319986E+03	 3.28843022827605E-01
 1.98870000109989E+03	 1.35602325603192E-01
 1.98870273899992E+03	-9.21430847378417E-02
 1.98870547689995E+03	-3.00889555280736E-01
 1.98870821479998E+03	-4.31746562061642E-01
 1.98871095270002E+03	-4.56887711443504E-01
 1.98871369060005E+03	-3.84501117422820E-01
 1.98871642850008E+03	-2.32312026458940E-01
 1.98871916640011E+03	-8.89616524200106E-03
 1.98872190430014E+03	 2.69685500366494E-01
 1.98872464220017E+03	 5.48299856611163E-01
 1.98872738010020E+03	 7.32558235052818E-01
 1.98873011800023E+03	 7.37496671069741E-01
 1.98873285590026E+03	 5.48059924579428E-01
 1.98873559380029E+03	 2.34772217749180E-01
 1.98873833170032E+03	-9.15054366539005E-02
 1.98874106960035E+03	-3.43387480005299E-01
 1.98874380750038E+03	-4.84741123485038E-01
 1.98874654540042E+03	-5.12461850731904E-01
 1.98874928330045E+03	-4.29333836451801E-01
 1.98875202120048E+03	-2.43051452061793E-01
 1.98875475910051E+03	 1.40923324530499E-02
 1.98875749700054E+03	 2.78143960037190E-01
 1.98876023490057E+03	 4.78040986198776E-01
 1.98876297280060E+03	 5.73604979498281E-01
 1.98876571070063E+03	 5.70444572246525E-01
 1.98876844860066E+03	 4.97253021609590E-01
 1.98877118650069E+03	 3.71779975775159E-01
 1.98877392440072E+03	 1.94643662676474E-01
 1.98877666230075E+03	-2.39621241732374E-02
 1.98877940020078E+03	-2.41688875808636E-01
 1.98878213810082E+03	-3.98675159864850E-01
 1.98878487600085E+03	-4.55619497966028E-01
 1.98878761390088E+03	-4.11879070968793E-01
 1.98879035180091E+03	-2.86145076153191E-01
 1.98879308970094E+03	-8.96742689878416E-02
 1.98879582760097E+03	 1.69605139913363E-01
 1.98879856550100E+03	 4.54860479590182E-01
 1.98880130340103E+03	 6.83401821159573E-01
 1.98880404130106E+03	 7.59114210799687E-01
 1.98880677920109E+03	 6.35958245337409E-01
 1.98880951710112E+03	 3.55485201635596E-01
 1.98881225500115E+03	 2.16679940350491E-02
 1.98881499290118E+03	-2.63358116163728E-01
 1.98881773080122E+03	-4.44608624882020E-01
 1.98882046870125E+03	-5.10410985286197E-01
 1.98882320660128E+03	-4.63346169810125E-01
 1.98882594450131E+03	-3.08122591422980E-01
 1.98882868240134E+03	-6.69570015891666E-02
 1.98883142030137E+03	 2.05100783051195E-01
 1.98883415820140E+03	 4.33783226361431E-01
 1.98883689610143E+03	 5.63513761449982E-01
 1.98883963400146E+03	 5.84930027767870E-01
 1.98884237190149E+03	 5.24677483859981E-01
 1.98884510980152E+03	 4.09739243255943E-01
 1.98884784770155E+03	 2.47091957889000E-01
 1.98885058560158E+03	 4.06197790297613E-02
 1.98885332350161E+03	-1.79704902252180E-01
 1.98885606140165E+03	-3.57834166474293E-01
 1.98885879930168E+03	-4.45435747194815E-01
 1.98886153720171E+03	-4.30782885058751E-01
 1.98886427510174E+03	-3.30644316603154E-01
 1.98886701300177E+03	-1.60434061603459E-01
 1.98886975090180E+03	 7.50249839242765E-02
 1.98887248880183E+03	 3.54935281322378E-01
 1.98887522670186E+03	 6.13434707200396E-01
 1.98887796460189E+03	 7.52767466719733E-01
 1.98888070250192E+03	 7.01394962649549E-01
 1.98888344040195E+03	 4.68148689235669E-01
 1.98888617830198E+03	 1.40727581460437E-01
 1.98888891620201E+03	-1.70516601429161E-01
 1.98889165410205E+03	-3.91051085819403E-01
 1.98889439200208E+03	-4.96201329936314E-01
 1.98889712990211E+03	-4.86322028049663E-01
 1.98889986780214E+03	-3.65103356641256E-01
 1.98890260570217E+03	-1.46705709016260E-01
 1.98890534360220E+03	 1.24710280912976E-01
 1.98890808150223E+03	 3.76793471870055E-01
 1.98891081940226E+03	 5.41762369192854E-01
 1.98891355730229E+03	 5.92907729454756E-01
 1.98891629520232E+03	 5.49146205117713E-01
 1.98891903310235E+03	 4.43837334343286E-01
 1.98892177100238E+03	 2.93304495266386E-01
 1.98892450890241E+03	 1.00106362896943E-01
 1.98892724680245E+03	-1.17299500928853E-01
 1.98892998470248E+03	-3.10774357026671E-01
 1.98893272260251E+03	-4.26758807918345E-01
 1.98893546050254E+03	-4.41587754177574E-01
 1.98893819840257E+03	-3.66682434594630E-01
 1.98894093630260E+03	-2.21256593881540E-01
 1.98894367420263E+03	-1.14391895914526E-02
 1.98894641210266E+03	 2.53811348689375E-01
 1.98894915000269E+03	 5.27750534091210E-01
 1.98895188790272E+03	 7.19777074525303E-01
 1.98895462580275E+03	 7.40850222818917E-01
 1.98895736370278E+03	 5.66832337138506E-01
 1.98896010160281E+03	 2.60949115721741E-01
 1.98896283950284E+03	-6.66870462639981E-02
 1.98896557740288E+03	-3.23936114793516E-01
 1.98896831530291E+03	-4.69361903073240E-01
 1.98897105320294E+03	-4.97726940304501E-01
 1.98897379110297E+03	-4.12482614541603E-01
 1.98897652900300E+03	-2.22328557629871E-01
 1.98897926690303E+03	 3.98243991936047E-02
 1.98898200480306E+03	 3.08047921886538E-01
 1.98898474270309E+03	 5.06948427634658E-01
 1.98898748060312E+03	 5.92203923035322E-01
 1.98899021850315E+03	 5.69827641251346E-01
 1.98899295640318E+03	 4.74941650338321E-01
 1.98899569430321E+03	 3.34153339080097E-01
 1.98899843220324E+03	 1.53703813739851E-01
 1.98900117010328E+03	-5.66525518914256E-02
 1.98900390800331E+03	-2.59380029775449E-01
 1.98900664590334E+03	-4.00264582196198E-01
 1.98900938380337E+03	-4.44536967069756E-01
 1.98901212170340E+03	-3.95063133543475E-01
 1.98901485960343E+03	-2.72846823272188E-01
 1.98901759750346E+03	-8.83728882026415E-02
 1.98902033540349E+03	 1.55994410126765E-01
 1.98902307330352E+03	 4.32028923872010E-01
 1.98902581120355E+03	 6.63262745033759E-01
 1.98902854910358E+03	 7.52568799871176E-01
 1.98903128700361E+03	 6.46141612771063E-01
 1.98903402490364E+03	 3.76857849796826E-01
 1.98903676280368E+03	 4.52215814555335E-02
 1.98903950070371E+03	-2.43690256107467E-01
 1.98904223860374E+03	-4.29469833147399E-01
 1.98904497650377E+03	-4.97138084682223E-01
 1.98904771440380E+03	-4.49186166878956E-01
 1.98905045230383E+03	-2.91354763753033E-01
 1.98905319020386E+03	-4.64147068474524E-02
 1.98905592810389E+03	 2.29427365325562E-01
 1.98905866600392E+03	 4.58467167492117E-01
 1.98906140390395E+03	 5.80649207002692E-01
 1.98906414180398E+03	 5.85226512157638E-01
 1.98906687970401E+03	 5.03419297738969E-01
 1.98906961760404E+03	 3.70773762928049E-01
 1.98907235550407E+03	 2.01344103621058E-01
 1.98907509340411E+03	 4.65833858581785E-04
 1.98907783130414E+03	-2.05731895869341E-01
 1.98908056920417E+03	-3.66960135259871E-01
 1.98908330710420E+03	-4.39835060719913E-01
 1.98908604500423E+03	-4.16386985813173E-01
 1.98908878290426E+03	-3.16236165372235E-01
 1.98909152080429E+03	-1.55453832883480E-01
 1.98909425870432E+03	 6.48796526495334E-02
 1.98909699660435E+03	 3.31948362010530E-01
 1.98909973450438E+03	 5.87786413394953E-01
 1.98910247240441E+03	 7.36749024868398E-01
 1.98910521030444E+03	 7.01768911361903E-01
 1.98910794820447E+03	 4.82657770342647E-01
 1.98911068610451E+03	 1.61240135872524E-01
 1.98911342400454E+03	-1.51522706805669E-01
 1.98911616190457E+03	-3.76285364121313E-01
 1.98911889980460E+03	-4.84175224332744E-01
 1.98912163770463E+03	-4.74493318777039E-01
 1.98912437560466E+03	-3.51786310709320E-01
 1.98912711350469E+03	-1.30851319404169E-01
 1.98912985140472E+03	 1.43556778958938E-01
 1.98913258930475E+03	 3.96663012139192E-01
 1.98913532720478E+03	 5.56410289337255E-01
 1.98913806510481E+03	 5.93352568919916E-01
 1.98914080300484E+03	 5.28971969905582E-01
 1.98914354090487E+03	 4.04269922042887E-01
 1.98914627880491E+03	 2.43596366337094E-01
 1.98914901670494E+03	 5.28764343314768E-02
 1.98915175460497E+03	-1.51912796386165E-01
 1.98915449250500E+03	-3.28198795783628E-01
 1.98915723040503E+03	-4.27771924710282E-01
 1.98915996830506E+03	-4.31006783293819E-01
 1.98916270620509E+03	-3.52501184935892E-01
 1.98916544410512E+03	-2.13218784800579E-01
 1.98916818200515E+03	-1.74085401333300E-02
 1.98917091990518E+03	 2.32640026201085E-01
 1.98917365780521E+03	 4.98843344457396E-01
 1.98917639570524E+03	 6.95512471742767E-01
 1.98917913360527E+03	 7.30951475416404E-01
 1.98918187150531E+03	 5.72753646052375E-01
 1.98918460940534E+03	 2.76518887047227E-01
 1.98918734730537E+03	-4.95877234754783E-02
 1.98919008520540E+03	-3.09939995401409E-01
 1.98919282310543E+03	-4.58490716819144E-01
 1.98919556100546E+03	-4.87926871280886E-01
 1.98919829890549E+03	-4.02134711744650E-01
 1.98920103680552E+03	-2.10565141781196E-01
 1.98920377470555E+03	 5.35635457794401E-02
 1.98920651260558E+03	 3.22862375032662E-01
 1.98920925050561E+03	 5.18292757451854E-01
 1.98921198840564E+03	 5.91986213543509E-01
 1.98921472630567E+03	 5.50586552518227E-01
 1.98921746420570E+03	 4.35425818769046E-01
 1.98922020210574E+03	 2.81476540950611E-01
 1.98922294000577E+03	 1.00090683012358E-01
 1.98922567790580E+03	-9.97872172769088E-02
 1.98922841580583E+03	-2.85620689757119E-01
 1.98923115370586E+03	-4.08843152391961E-01
 1.98923389160589E+03	-4.39067840365709E-01
 1.98923662950592E+03	-3.82541529599214E-01
 1.98923936740595E+03	-2.62753421259503E-01
 1.98924210530598E+03	-9.00003608083161E-02
 1.98924484320601E+03	 1.38251068729040E-01
 1.98924758110604E+03	 4.02269917856609E-01
 1.98925031900607E+03	 6.32656269959075E-01
 1.98925305690610E+03	 7.32770639996679E-01
 1.98925579480614E+03	 6.42299992821376E-01
 1.98925853270617E+03	 3.85655401458250E-01
 1.98926127060620E+03	 5.89569242921563E-02
 1.98926400850623E+03	-2.31143985187211E-01
 1.98926674640626E+03	-4.19828844157309E-01
 1.98926948430629E+03	-4.89148300511929E-01
 1.98927222220632E+03	-4.41383133055181E-01
 1.98927496010635E+03	-2.83060193031188E-01
 1.98927769800638E+03	-3.72081713172047E-02
 1.98928043590641E+03	 2.39285216233232E-01
 1.98928317380644E+03	 4.65969733624089E-01
 1.98928591170647E+03	 5.79001310916832E-01
 1.98928864960650E+03	 5.66612591041960E-01
 1.98929138750654E+03	 4.64469961487246E-01
 1.98929412540657E+03	 3.16183375612344E-01
 1.98929686330660E+03	 1.42307022394898E-01
 1.98929960120663E+03	-5.07928957005209E-02
 1.98930233910666E+03	-2.41022150656683E-01
 1.98930507700669E+03	-3.83833696347836E-01
 1.98930781490672E+03	-4.40612987718815E-01
 1.98931055280675E+03	-4.06946411328092E-01
 1.98931329070678E+03	-3.05360252407394E-01
 1.98931602860681E+03	-1.53106075736911E-01
 1.98931876650684E+03	 5.16677096802603E-02
 1.98932150440687E+03	 3.03647121287910E-01
 1.98932424230690E+03	 5.53220618150398E-01
 1.98932698020693E+03	 7.08247957525971E-01
 1.98932971810697E+03	 6.87703136729335E-01
 1.98933245600700E+03	 4.83139406701410E-01
 1.98933519390703E+03	 1.70024420742243E-01
 1.98933793180706E+03	-1.41371219084155E-01
 1.98934066970709E+03	-3.68149482466098E-01
 1.98934340760712E+03	-4.77887641936994E-01
 1.98934614550715E+03	-4.68893732112645E-01
 1.98934888340718E+03	-3.46373101784298E-01
 1.98935162130721E+03	-1.25484643178241E-01
 1.98935435920724E+03	 1.48851157099801E-01
 1.98935709710727E+03	 4.00103088363658E-01
 1.98935983500730E+03	 5.52696335880541E-01
 1.98936257290733E+03	 5.74957241815084E-01
 1.98936531080737E+03	 4.90934256864106E-01
 1.98936804870740E+03	 3.48802397129108E-01
 1.98937078660743E+03	 1.80298863559815E-01
 1.98937352450746E+03	-5.78318073381005E-03
 1.98937626240749E+03	-1.96172623937425E-01
 1.98937900030752E+03	-3.53840052169097E-01
 1.98938173820755E+03	-4.35720743895091E-01
 1.98938447610758E+03	-4.25961104986037E-01
 1.98938721400761E+03	-3.42258384883707E-01
 1.98938995190764E+03	-2.07723317606179E-01
 1.98939268980767E+03	-2.55765048880944E-02
 1.98939542770770E+03	 2.07777218653428E-01
 1.98939816560773E+03	 4.62929883596695E-01
 1.98940090350777E+03	 6.60221951315791E-01
 1.98940364140780E+03	 7.07005987429920E-01
 1.98940637930783E+03	 5.63862468059935E-01
 1.98940911720786E+03	 2.78815510661305E-01
 1.98941185510789E+03	-4.29784838586758E-02
 1.98941459300792E+03	-3.03796117703268E-01
 1.98941733090795E+03	-4.53929604110601E-01
 1.98942006880798E+03	-4.84289005193214E-01
 1.98942280670801E+03	-3.99095099385085E-01
 1.98942554460804E+03	-2.08311289852867E-01
 1.98942828250807E+03	 5.49112223292964E-02
 1.98943102040810E+03	 3.22340773842550E-01
 1.98943375830813E+03	 5.12083739213476E-01
 1.98943649620816E+03	 5.73369274313427E-01
 1.98943923410820E+03	 5.13632867778285E-01
 1.98944197200823E+03	 3.80026090803806E-01
 1.98944470990826E+03	 2.15207761336522E-01
 1.98944744780829E+03	 3.50480132382901E-02
 1.98945018570832E+03	-1.52609688610816E-01
 1.98945292360835E+03	-3.20219204574989E-01
 1.98945566150838E+03	-4.24640219605636E-01
 1.98945839940841E+03	-4.39546188304416E-01
 1.98946113730844E+03	-3.74359277213389E-01
 1.98946387520847E+03	-2.55280927528508E-01
 1.98946661310850E+03	-9.32097628842215E-02
 1.98946935100853E+03	 1.18298077948525E-01
 1.98947208890856E+03	 3.67582608256482E-01
 1.98947482680860E+03	 5.93020211015602E-01
 1.98947756470863E+03	 7.00099549999465E-01
 1.98948030260866E+03	 6.23626766905656E-01
 1.98948304050869E+03	 3.80163765535701E-01
 1.98948577840872E+03	 6.07769638580083E-02
 1.98948851630875E+03	-2.27676191928915E-01
 1.98949125420878E+03	-4.17165070660142E-01
 1.98949399210881E+03	-4.87339345246585E-01
 1.98949673000884E+03	-4.40317179509718E-01
 1.98949946790887E+03	-2.83231355621026E-01
 1.98950220580890E+03	-3.90538234139862E-02
 1.98950494370893E+03	 2.35192987975377E-01
 1.98950768160896E+03	 4.57094220599131E-01
 1.98951041950900E+03	 5.59769293674611E-01
 1.98951315740903E+03	 5.30767539203951E-01
 1.98951589530906E+03	 4.09937119375519E-01
 1.98951863320909E+03	 2.48272236238760E-01
 1.98952137110912E+03	 7.21397732502840E-02
 1.98952410900915E+03	-1.11449355152395E-01
 1.98952684690918E+03	-2.84467997337689E-01
 1.98952958480921E+03	-4.07888432527002E-01
 1.98953232270924E+03	-4.47505797995872E-01
 1.98953506060927E+03	-4.02146382667327E-01
 1.98953779850930E+03	-2.97279579032711E-01
 1.98954053640933E+03	-1.51977143075737E-01
 1.98954327430936E+03	 3.74774779030950E-02
 1.98954601220940E+03	 2.72471266567741E-01
 1.98954875010943E+03	 5.11970435663433E-01
 1.98955148800946E+03	 6.68728616339823E-01
 1.98955422590949E+03	 6.59583586943844E-01
 1.98955696380952E+03	 4.68974104048539E-01
 1.98955970170955E+03	 1.65843780618512E-01
 1.98956243960958E+03	-1.41415068582875E-01
 1.98956517750961E+03	-3.67702586616835E-01
 1.98956791540964E+03	-4.77886301304860E-01
 1.98957065330967E+03	-4.69520832690164E-01
 1.98957339120970E+03	-3.48376349297142E-01
 1.98957612910973E+03	-1.29724527616415E-01
 1.98957886700976E+03	 1.41808127198907E-01
 1.98958160490979E+03	 3.88666235005947E-01
 1.98958434280983E+03	 5.32575983912491E-01
 1.98958708070986E+03	 5.40145437706542E-01
 1.98958981860989E+03	 4.37892040528537E-01
 1.98959255650992E+03	 2.80534722657958E-01
 1.98959529440995E+03	 1.06434284580124E-01
 1.98959803230998E+03	-7.32485309252822E-02
 1.98960077021001E+03	-2.48051565992691E-01
 1.98960350811004E+03	-3.86284379387983E-01
 1.98960624601007E+03	-4.49649772851497E-01
 1.98960898391010E+03	-4.25666653453799E-01
 1.98961172181013E+03	-3.34985176174864E-01
 1.98961445971016E+03	-2.03291388710944E-01
 1.98961719761019E+03	-3.37979941789938E-02
 1.98961993551023E+03	 1.81906040894317E-01
 1.98962267341026E+03	 4.22816310710172E-01
 1.98962541131029E+03	 6.16287808202369E-01
 1.98962814921032E+03	 6.70539158332258E-01
 1.98963088711035E+03	 5.40701733020114E-01
 1.98963362501038E+03	 2.67610300557223E-01
 1.98963636291041E+03	-4.74450168033123E-02
 1.98963910081044E+03	-3.06020283204113E-01
 1.98964183871047E+03	-4.55822670784601E-01
 1.98964457661050E+03	-4.86445285924980E-01
 1.98964731451053E+03	-4.02465878770127E-01
 1.98965005241056E+03	-2.14183295119876E-01
 1.98965279031059E+03	 4.56838906948971E-02
 1.98965552821063E+03	 3.08709180451569E-01
 1.98965826611066E+03	 4.90978993968016E-01
 1.98966100401069E+03	 5.39477376695968E-01
 1.98966374191072E+03	 4.62527217248234E-01
 1.98966647981075E+03	 3.12574207359917E-01
 1.98966921771078E+03	 1.39159379660962E-01
 1.98967195561081E+03	-3.79493522126792E-02
 1.98967469351084E+03	-2.12211199931827E-01
 1.98967743141087E+03	-3.60907770139756E-01
 1.98968016931090E+03	-4.45950037116745E-01
 1.98968290721093E+03	-4.44621721739115E-01
 1.98968564511096E+03	-3.69218111185652E-01
 1.98968838301099E+03	-2.48840967163145E-01
 1.98969112091102E+03	-9.58536596968309E-02
 1.98969385881106E+03	 9.88994731823697E-02
 1.98969659671109E+03	 3.31116401555202E-01
 1.98969933461112E+03	 5.47433737500229E-01
 1.98970207251115E+03	 6.57082407700854E-01
 1.98970481041118E+03	 5.91808819004170E-01
 1.98970754831121E+03	 3.61248328541003E-01
 1.98971028621124E+03	 5.10021292254871E-02
 1.98971302411127E+03	-2.33127589658840E-01
 1.98971576201130E+03	-4.21138002182853E-01
 1.98971849991133E+03	-4.90964845292295E-01
 1.98972123781136E+03	-4.44730097062398E-01
 1.98972397571139E+03	-2.90074957485250E-01
 1.98972671361142E+03	-4.96427994401980E-02
 1.98972945151146E+03	 2.19948254557976E-01
 1.98973218941149E+03	 4.35117851411761E-01
 1.98973492731152E+03	 5.26711407015228E-01
 1.98973766521155E+03	 4.81889102829515E-01
 1.98974040311158E+03	 3.44309255697460E-01
 1.98974314101161E+03	 1.71555236852658E-01
 1.98974587891164E+03	-4.92209309149839E-03
 1.98974861681167E+03	-1.77788236004395E-01
 1.98975135471170E+03	-3.32986253200208E-01
 1.98975409261173E+03	-4.36654576372457E-01
 1.98975683051176E+03	-4.58529575833991E-01
 1.98975956841179E+03	-4.00262312464702E-01
 1.98976230631182E+03	-2.90219057885138E-01
 1.98976504421186E+03	-1.49916720680524E-01
 1.98976778211189E+03	 2.50434769380783E-02
 1.98977052001192E+03	 2.41704722910120E-01
 1.98977325791195E+03	 4.67564864971794E-01
 1.98977599581198E+03	 6.21513405389346E-01
 1.98977873371201E+03	 6.20135798935802E-01
 1.98978147161204E+03	 4.42130303089775E-01
 1.98978420951207E+03	 1.50016482829819E-01
 1.98978694741210E+03	-1.50700178022416E-01
 1.98978968531213E+03	-3.74023554730099E-01
 1.98979242321216E+03	-4.83006314985998E-01
 1.98979516111219E+03	-4.74780686583869E-01
 1.98979789901222E+03	-3.55672740776265E-01
 1.98980063691225E+03	-1.40882388132617E-01
 1.98980337481229E+03	 1.25676721736321E-01
 1.98980611271232E+03	 3.66141420989659E-01
 1.98980885061235E+03	 5.00351264460103E-01
 1.98981158851238E+03	 4.93671113197480E-01
 1.98981432641241E+03	 3.74905698505402E-01
 1.98981706431244E+03	 2.04587743448182E-01
 1.98981980221247E+03	 2.68932349465155E-02
 1.98982254011250E+03	-1.45100056378711E-01
 1.98982527801253E+03	-3.03730306621893E-01
 1.98982801591256E+03	-4.22332192871510E-01
 1.98983075381259E+03	-4.66916507355143E-01
 1.98983349171262E+03	-4.27895974914004E-01
 1.98983622961265E+03	-3.28628986994523E-01
 1.98983896751269E+03	-1.97723345594167E-01
 1.98984170541272E+03	-3.94189034326351E-02
 1.98984444331275E+03	 1.58280450363412E-01
 1.98984718121278E+03	 3.82238660679947E-01
 1.98984991911281E+03	 5.67579150912466E-01
 1.98985265701284E+03	 6.25133651197947E-01
 1.98985539491287E+03	 5.06268654543464E-01
 1.98985813281290E+03	 2.45245924466935E-01
 1.98986087071293E+03	-6.11522081057120E-02
 1.98986360861296E+03	-3.15016865097275E-01
 1.98986634651299E+03	-4.62527194091717E-01
 1.98986908441302E+03	-4.92464005449003E-01
 1.98987182231305E+03	-4.09851677264061E-01
 1.98987456021309E+03	-2.25217365999016E-01
 1.98987729811312E+03	 2.94543685211732E-02
 1.98988003601315E+03	 2.86141300545566E-01
 1.98988277391318E+03	 4.59711900955468E-01
 1.98988551181321E+03	 4.95522231852712E-01
 1.98988824971324E+03	 4.02806981068292E-01
 1.98989098761327E+03	 2.38694913516339E-01
 1.98989372551330E+03	 5.87638086697543E-02
 1.98989646341333E+03	-1.13896898750429E-01
 1.98989920131336E+03	-2.74146880147446E-01
 1.98990193921339E+03	-4.03836026700593E-01
 1.98990467711342E+03	-4.69495750809513E-01
 1.98990741501345E+03	-4.51524693704118E-01
 1.98991015291349E+03	-3.64705099859337E-01
 1.98991289081352E+03	-2.41109127088155E-01
 1.98991562871355E+03	-9.53529101815767E-02
 1.98991836661358E+03	 8.31733372879383E-02
 1.98992110451361E+03	 2.96603164643709E-01
 1.98992384241364E+03	 5.00050447888496E-01
 1.98992658031367E+03	 6.07921416473447E-01
 1.98992931821370E+03	 5.50719064655439E-01
 1.98993205611373E+03	 3.32227274934364E-01
 1.98993479401376E+03	 3.23826929917595E-02
 1.98993753191379E+03	-2.45155377761427E-01
 1.98994026981382E+03	-4.29562062195830E-01
 1.98994300771385E+03	-4.97731430252260E-01
 1.98994574561388E+03	-4.51987149157205E-01
 1.98994848351392E+03	-3.00438890048739E-01
 1.98995122141395E+03	-6.52026677574365E-02
 1.98995395931398E+03	 1.97971976290251E-01
 1.98995669721401E+03	 4.05074699008225E-01
 1.98995943511404E+03	 4.85381157848745E-01
 1.98996217301407E+03	 4.25885778804710E-01
 1.98996491091410E+03	 2.73608896987115E-01
 1.98996764881413E+03	 9.18916679181547E-02
 1.98997038671416E+03	-8.34151471790456E-02
 1.98997312461419E+03	-2.44869088403968E-01
 1.98997586251422E+03	-3.82190857233028E-01
 1.98997860041425E+03	-4.66293967308398E-01
 1.98998133831428E+03	-4.70380932888582E-01
 1.98998407621432E+03	-3.98466135822290E-01
 1.98998681411435E+03	-2.81646855417339E-01
 1.98998955201438E+03	-1.44371677090063E-01
 1.98999228991441E+03	 1.73042656401568E-02
 1.98999502781444E+03	 2.14915991229950E-01
 1.98999776571447E+03	 4.24195756323507E-01
 1.99000050361450E+03	 5.71157098582427E-01
 1.99000324151453E+03	 5.73891064853388E-01
 1.99000597941456E+03	 4.06776594403952E-01
 1.99000871731459E+03	 1.26177122919079E-01
 1.99001145521462E+03	-1.66103183463054E-01
 1.99001419311465E+03	-3.84329610225294E-01
 1.99001693101468E+03	-4.90556855778971E-01
 1.99001966891472E+03	-4.81808227376729E-01
 1.99002240681475E+03	-3.64985250666912E-01
 1.99002514471478E+03	-1.55096691226956E-01
 1.99002788261481E+03	 1.04987325914115E-01
 1.99003062051484E+03	 3.37721116915701E-01
 1.99003335841487E+03	 4.61786032016867E-01
 1.99003609631489E+03	 4.41696218233751E-01
 1.99003883421493E+03	 3.08285079412498E-01
 1.99004157211496E+03	 1.27134356566942E-01
 1.99004431001499E+03	-5.25262585900626E-02
 1.99004704791502E+03	-2.16038515750551E-01
 1.99004978581505E+03	-3.58425325655299E-01
 1.99005252371508E+03	-4.57698534942883E-01
 1.99005526161511E+03	-4.83744055801398E-01
 1.99005799951515E+03	-4.29394618640258E-01
 1.99006073741518E+03	-3.20383250063691E-01
 1.99006347531521E+03	-1.88419511593603E-01
 1.99006621321524E+03	-3.96686266856089E-02
 1.99006895111527E+03	 1.40209050085291E-01
 1.99007168901530E+03	 3.45221649361798E-01
 1.99007442691533E+03	 5.18736117175390E-01
 1.99007716481536E+03	 5.75720006162666E-01
 1.99007990271539E+03	 4.65389914001898E-01
 1.99008264061542E+03	 2.16140725377213E-01
 1.99008537851545E+03	-8.02159939128549E-02
 1.99008811641548E+03	-3.27378841081341E-01
 1.99009085431551E+03	-4.70920671031942E-01
 1.99009359221555E+03	-4.99241785276830E-01
 1.99009633011558E+03	-4.17889181790013E-01
 1.99009906801561E+03	-2.37552121942876E-01
 1.99010180591564E+03	 1.07344819431499E-02
 1.99010454381567E+03	 2.59842636811542E-01
 1.99010728171570E+03	 4.24114075772205E-01
 1.99011001961573E+03	 4.47790117293671E-01
 1.99011275751576E+03	 3.40953348004820E-01
 1.99011549541579E+03	 1.64763870727977E-01
 1.99011823331582E+03	-1.99633593452309E-02
 1.99012097121585E+03	-1.87268975456884E-01
 1.99012370911588E+03	-3.33382466874255E-01
 1.99012644701591E+03	-4.44415279908403E-01
 1.99012918491595E+03	-4.91133985396132E-01
 1.99013192281598E+03	-4.56614588086168E-01
 1.99013466071601E+03	-3.57706453642737E-01
 1.99013739861604E+03	-2.29366278382730E-01
 1.99014013651607E+03	-8.90540842218069E-02
 1.99014287441610E+03	 7.41342949646474E-02
 1.99014561231613E+03	 2.67752790779025E-01
 1.99014835021616E+03	 4.55355672786328E-01
 1.99015108811619E+03	 5.57672448912778E-01
 1.99015382601622E+03	 5.05600344440461E-01
 1.99015656391625E+03	 2.98136608498685E-01
 1.99015930181628E+03	 9.48282611730895E-03
 1.99016203971631E+03	-2.59742622568857E-01
 1.99016477761634E+03	-4.38865208200777E-01
 1.99016751551638E+03	-5.04283006119146E-01
 1.99017025341641E+03	-4.58656116471852E-01
 1.99017299131644E+03	-3.10526089837417E-01
 1.99017572921647E+03	-8.13495717643074E-02
 1.99017846711650E+03	 1.74343757291134E-01
 1.99018120501653E+03	 3.72716991613733E-01
 1.99018394291656E+03	 4.42050713579492E-01
 1.99018668081659E+03	 3.69287513297747E-01
 1.99018941871662E+03	 2.04304830258747E-01
 1.99019215661665E+03	 1.54071564701430E-02
 1.99019489451668E+03	-1.57707100193463E-01
 1.99019763241671E+03	-3.07548005985083E-01
 1.99020037031674E+03	-4.27344756142238E-01
 1.99020310821678E+03	-4.92438928954433E-01
 1.99020584611681E+03	-4.79124579600825E-01
 1.99020858401684E+03	-3.93352189170803E-01
 1.99021132191687E+03	-2.68673511360375E-01
 1.99021405981690E+03	-1.32737570754305E-01
 1.99021679771693E+03	 1.69984300791595E-02
 1.99021953561696E+03	 1.95416826254535E-01
 1.99022227351699E+03	 3.86001950718712E-01
 1.99022501141702E+03	 5.22579764701651E-01
 1.99022774931705E+03	 5.26240421212309E-01
 1.99023048721708E+03	 3.68347827511484E-01
 1.99023322511711E+03	 9.94290887697303E-02
 1.99023596301714E+03	-1.83062026208746E-01
 1.99023870091718E+03	-3.94611201180142E-01
 1.99024143881721E+03	-4.96921021693657E-01
 1.99024417671724E+03	-4.87106176618305E-01
 1.99024691461727E+03	-3.72620772388125E-01
 1.99024965251730E+03	-1.68196478598513E-01
 1.99025239041733E+03	 8.45702867391403E-02
 1.99025512831736E+03	 3.08934646328083E-01
 1.99025786621739E+03	 4.22994918588417E-01
 1.99026060411742E+03	 3.90670304350058E-01
 1.99026334201745E+03	 2.44481440969446E-01
 1.99026607991748E+03	 5.43113231500888E-02
 1.99026881781751E+03	-1.26188216100384E-01
 1.99027155571754E+03	-2.80934543011399E-01
 1.99027429361758E+03	-4.07402090806860E-01
 1.99027703151761E+03	-4.87952019175973E-01
 1.99027976941764E+03	-4.96035576137884E-01
 1.99028250731767E+03	-4.26532609909458E-01
 1.99028524521770E+03	-3.07176893037366E-01
 1.99028798311773E+03	-1.72762339882305E-01
 1.99029072101776E+03	-3.20329280087439E-02
 1.99029345891779E+03	 1.30582613182423E-01
 1.99029619681782E+03	 3.15427177767517E-01
 1.99029893471785E+03	 4.74318723711184E-01
 1.99030167261788E+03	 5.27569568936454E-01
 1.99030441051791E+03	 4.23647204758133E-01
 1.99030714841794E+03	 1.85744628802161E-01
 1.99030988631797E+03	-9.96468033954267E-02
 1.99031262421801E+03	-3.38710967145764E-01
 1.99031536211804E+03	-4.77136240102621E-01
 1.99031810001807E+03	-5.03217138629892E-01
 1.99032083791810E+03	-4.23009164058713E-01
 1.99032357581813E+03	-2.47287794374042E-01
 1.99032631371816E+03	-5.99509621610339E-03
 1.99032905161819E+03	 2.34988507622389E-01
 1.99033178951822E+03	 3.90000566714200E-01
 1.99033452741825E+03	 4.02516381015000E-01
 1.99033726531828E+03	 2.83286363211438E-01
 1.99034000321831E+03	 9.68356311749863E-02
 1.99034274111834E+03	-9.14685142218669E-02
 1.99034547901837E+03	-2.53051118478884E-01
 1.99034821691841E+03	-3.85317662720013E-01
 1.99035095481844E+03	-4.78310515035283E-01
 1.99035369271847E+03	-5.06765654968754E-01
 1.99035643061850E+03	-4.56151969263276E-01
 1.99035916851853E+03	-3.45007530033094E-01
 1.99036190641856E+03	-2.10946702240772E-01
 1.99036464431859E+03	-7.46043592574157E-02
 1.99036738221862E+03	 7.42766420392018E-02
 1.99037012011865E+03	 2.47683667627414E-01
 1.99037285801868E+03	 4.17379323053241E-01
 1.99037559591871E+03	 5.11244183084655E-01
 1.99037833381874E+03	 4.61919469548354E-01
 1.99038107171877E+03	 2.64543795324570E-01
 1.99038380961881E+03	-1.24458767724077E-02
 1.99038654751884E+03	-2.72204399210655E-01
 1.99038928541887E+03	-4.44970654968515E-01
 1.99039202331890E+03	-5.07003205960374E-01
 1.99039476121893E+03	-4.61300025871024E-01
 1.99039749911896E+03	-3.16741562861413E-01
 1.99040023701899E+03	-9.40255365473209E-02
 1.99040297491902E+03	 1.53774351783086E-01
 1.99040571281905E+03	 3.43427294738928E-01
 1.99040845071908E+03	 4.02606871335522E-01
 1.99041118861911E+03	 3.18165752640182E-01
 1.99041392651914E+03	 1.42277645386572E-01
 1.99041666441917E+03	-5.24996807933813E-02
 1.99041940231920E+03	-2.22973127119568E-01
 1.99042214021924E+03	-3.61461204082698E-01
 1.99042487811927E+03	-4.64350955839758E-01
 1.99042761601930E+03	-5.11153655493402E-01
 1.99043035391933E+03	-4.81060486900737E-01
 1.99043309181936E+03	-3.81649897413651E-01
 1.99043582971939E+03	-2.48591771464268E-01
 1.99043856761942E+03	-1.12771322073152E-01
 1.99044130551945E+03	 2.62761470554911E-02
 1.99044404341948E+03	 1.85772268905875E-01
 1.99044678131951E+03	 3.56375755635837E-01
 1.99044951921954E+03	 4.80129411744823E-01
 1.99045225711957E+03	 4.82288326984442E-01
 1.99045499501960E+03	 3.32283927163518E-01
 1.99045773291964E+03	 7.50843764359182E-02
 1.99046047081967E+03	-1.96740246309104E-01
 1.99046320871970E+03	-4.00656772180958E-01
 1.99046594661973E+03	-4.98455662033837E-01
 1.99046868451976E+03	-4.87376688409530E-01
 1.99047142241979E+03	-3.75303577965386E-01
 1.99047416031982E+03	-1.76591291507776E-01
 1.99047689821985E+03	 6.85879664233713E-02
 1.99047963611988E+03	 2.84616496720527E-01
 1.99048237401991E+03	 3.89387447881829E-01
 1.99048511191994E+03	 3.46296612217046E-01
 1.99048784981997E+03	 1.89107828452255E-01
 1.99049058772000E+03	-8.70258294309222E-03
 1.99049332562004E+03	-1.89509615749266E-01
 1.99049606352007E+03	-3.35729221508676E-01
 1.99049880142010E+03	-4.46910806297451E-01
 1.99050153932013E+03	-5.09471350144800E-01
 1.99050427722016E+03	-5.00294089761509E-01
 1.99050701512019E+03	-4.16111545596824E-01
 1.99050975302022E+03	-2.86315351193405E-01
 1.99051249092025E+03	-1.48596527972754E-01
 1.99051522882028E+03	-1.46475756916144E-02
 1.99051796672031E+03	 1.31444745785620E-01
 1.99052070462034E+03	 2.95563809636170E-01
 1.99052344252037E+03	 4.37973948579460E-01
 1.99052618042040E+03	 4.85212322045238E-01
 1.99052891832043E+03	 3.86113810419078E-01
 1.99053165622047E+03	 1.59209169942365E-01
 1.99053439412050E+03	-1.14628475041471E-01
 1.99053713202053E+03	-3.44777572587549E-01
 1.99053986992056E+03	-4.77557988983917E-01
 1.99054260782059E+03	-5.01246757013178E-01
 1.99054534572062E+03	-4.22258841157790E-01
 1.99054808362065E+03	-2.51321001879159E-01
 1.99055082152068E+03	-1.71742528905013E-02
 1.99055355942071E+03	 2.15774334755999E-01
 1.99055629732074E+03	 3.62188030523113E-01
 1.99055903522077E+03	 3.64918178819448E-01
 1.99056177312080E+03	 2.35054527269775E-01
 1.99056451102083E+03	 3.98058524819264E-02
 1.99056724892087E+03	-1.51446798255542E-01
 1.99056998682090E+03	-3.07525322335189E-01
 1.99057272472093E+03	-4.26618559809245E-01
 1.99057546262096E+03	-5.02334164667413E-01
 1.99057820052099E+03	-5.13253404624413E-01
 1.99058093842102E+03	-4.47162361098112E-01
 1.99058367632105E+03	-3.24024439056624E-01
 1.99058641422108E+03	-1.83801725494302E-01
 1.99058915212111E+03	-5.03819209784637E-02
 1.99059189002114E+03	 8.51765171892997E-02
 1.99059462792117E+03	 2.38426046991646E-01
 1.99059736582120E+03	 3.88988558900684E-01
 1.99060010372123E+03	 4.72430699040713E-01
 1.99060284162127E+03	 4.24170705057054E-01
 1.99060557952130E+03	 2.36219426136808E-01
 1.99060831742133E+03	-2.87993532192840E-02
 1.99061105532136E+03	-2.78421573143030E-01
 1.99061379322139E+03	-4.44372244349479E-01
 1.99061653112142E+03	-5.02935333083391E-01
 1.99061926902145E+03	-4.57291308741776E-01
 1.99062200692148E+03	-3.16469483230999E-01
 1.99062474482151E+03	-1.00296869904685E-01
 1.99062748272154E+03	 1.39758977965940E-01
 1.99063022062157E+03	 3.21334702732375E-01
 1.99063295852160E+03	 3.71670713028342E-01
 1.99063569642163E+03	 2.77305130054562E-01
 1.99063843432167E+03	 9.20731671723088E-02
 1.99064117222170E+03	-1.07831415889596E-01
 1.99064391012173E+03	-2.75846781833749E-01
 1.99064664802176E+03	-4.03717879849919E-01
 1.99064938592179E+03	-4.90530762133531E-01
 1.99065212382182E+03	-5.19789220570761E-01
 1.99065486172185E+03	-4.73592019682723E-01
 1.99065759962188E+03	-3.61015054104921E-01
 1.99066033752191E+03	-2.19521172130614E-01
 1.99066307542194E+03	-8.30798379776060E-02
 1.99066581332197E+03	 4.63015552799112E-02
 1.99066855122200E+03	 1.87375247222300E-01
 1.99067128912203E+03	 3.37382613229961E-01
 1.99067402702206E+03	 4.46761266165736E-01
 1.99067676492210E+03	 4.45780916450542E-01
 1.99067950282213E+03	 3.02773929983412E-01
 1.99068224072216E+03	 5.73401828951564E-02
 1.99068497862219E+03	-2.03295173884318E-01
 1.99068771652222E+03	-3.99178219785897E-01
 1.99069045442225E+03	-4.92444034917035E-01
 1.99069319232228E+03	-4.80327024652007E-01
 1.99069593022231E+03	-3.70895085363706E-01
 1.99069866812234E+03	-1.77972142771427E-01
 1.99070140602237E+03	 5.98063295326502E-02
 1.99070414392240E+03	 2.68141164285166E-01
 1.99070688182243E+03	 3.64894075027064E-01
 1.99070961972246E+03	 3.12798284259248E-01
 1.99071235762250E+03	 1.46287654072333E-01
 1.99071509552253E+03	-5.82480952052657E-02
 1.99071783342256E+03	-2.39471332679985E-01
 1.99072057132259E+03	-3.77966417705467E-01
 1.99072330922262E+03	-4.74808149874580E-01
 1.99072604712265E+03	-5.20181014434044E-01
 1.99072878502268E+03	-4.94434508398560E-01
 1.99073152292271E+03	-3.96167670668560E-01
 1.99073426082274E+03	-2.56183202945336E-01
 1.99073699872277E+03	-1.14781109175016E-01
 1.99073973662280E+03	 1.32789299875493E-02
 1.99074247452283E+03	 1.43608640479240E-01
 1.99074521242286E+03	 2.86918489941361E-01
 1.99074795032290E+03	 4.11773344964947E-01
 1.99075068822293E+03	 4.51530648315693E-01
 1.99075342612296E+03	 3.56233082643355E-01
 1.99075616402299E+03	 1.40144757959134E-01
 1.99075890192302E+03	-1.21759603082411E-01
 1.99076163982305E+03	-3.42634910885818E-01
 1.99076437772308E+03	-4.69783795203666E-01
 1.99076711562311E+03	-4.91396114313879E-01
 1.99076985352314E+03	-4.13964665742697E-01
 1.99077259142317E+03	-2.47946544595674E-01
 1.99077532932320E+03	-2.07644825394629E-02
 1.99077806722323E+03	 2.04785178264169E-01
 1.99078080512326E+03	 3.43844911768158E-01
 1.99078354302329E+03	 3.38567766859709E-01
 1.99078628092333E+03	 1.99881407650564E-01
 1.99078901882336E+03	-3.04300623974994E-03
 1.99079175672339E+03	-1.97219089525277E-01
 1.99079449462342E+03	-3.48637226532866E-01
 1.99079723252345E+03	-4.55658456370796E-01
 1.99079997042348E+03	-5.15016522039307E-01
 1.99080270832351E+03	-5.09117853599502E-01
 1.99080544622354E+03	-4.28192698904906E-01
 1.99080818412357E+03	-2.93523529655284E-01
 1.99081092202360E+03	-1.47101228919056E-01
 1.99081365992363E+03	-1.59561762726716E-02
 1.99081639782366E+03	 1.07123302510112E-01
 1.99081913572369E+03	 2.40540498663025E-01
 1.99082187362373E+03	 3.71376900447836E-01
 1.99082461152376E+03	 4.43191386502004E-01
 1.99082734942379E+03	 3.94935540934665E-01
 1.99083008732382E+03	 2.16038026001100E-01
 1.99083282522385E+03	-3.67712027027717E-02
 1.99083556312388E+03	-2.75927306985855E-01
 1.99083830102391E+03	-4.35073726322201E-01
 1.99084103892394E+03	-4.90542998707158E-01
 1.99084377682397E+03	-4.45415188774028E-01
 1.99084651472400E+03	-3.08576742934291E-01
 1.99084925262403E+03	-9.88245080871111E-02
 1.99085199052406E+03	 1.34092020911419E-01
 1.99085472842409E+03	 3.08803971243795E-01
 1.99085746632413E+03	 3.52090457064113E-01
 1.99086020422416E+03	 2.49751628132047E-01
 1.99086294212419E+03	 5.65476495731500E-02
 1.99086568002422E+03	-1.48249157588462E-01
 1.99086841792425E+03	-3.14632356161124E-01
 1.99087115582428E+03	-4.33154422690851E-01
 1.99087389372431E+03	-5.04999922905062E-01
 1.99087663162434E+03	-5.17513597334271E-01
 1.99087936952437E+03	-4.55875220234163E-01
 1.99088210742440E+03	-3.30712079855907E-01
 1.99088484532443E+03	-1.81026177878345E-01
 1.99088758322446E+03	-4.36128490162271E-02
 1.99089032112449E+03	 7.68802460266953E-02
 1.99089305902452E+03	 2.00123542460019E-01
 1.99089579692456E+03	 3.29381071136221E-01
 1.99089853482459E+03	 4.23504610105605E-01
 1.99090127272462E+03	 4.18374590173940E-01
 1.99090401062465E+03	 2.81850105510100E-01
 1.99090674852468E+03	 4.82802749807532E-02
 1.99090948642471E+03	-2.00861737074778E-01
 1.99091222432474E+03	-3.88684098061867E-01
 1.99091496222477E+03	-4.77802821059244E-01
 1.99091770012480E+03	-4.65206162594865E-01
 1.99092043802483E+03	-3.58800490292651E-01
 1.99092317592486E+03	-1.71652474737141E-01
 1.99092591382489E+03	 5.92592953306064E-02
 1.99092865172492E+03	 2.61061807517346E-01
 1.99093138962496E+03	 3.51590167702536E-01
 1.99093412752499E+03	 2.92573077918036E-01
 1.99093686542502E+03	 1.18392315515044E-01
 1.99093960332505E+03	-9.23416340502531E-02
 1.99094234122508E+03	-2.74697446634545E-01
 1.99094507912511E+03	-4.06872730219373E-01
 1.99094781702514E+03	-4.90730509314435E-01
 1.99095055492517E+03	-5.19881064406788E-01
 1.99095329282520E+03	-4.78272091787918E-01
 1.99095603072523E+03	-3.66557848953582E-01
 1.99095876862526E+03	-2.16831526502527E-01
 1.99096150652529E+03	-7.16918356384604E-02
 1.99096424442532E+03	 5.10847297668749E-02
 1.99096698232536E+03	 1.66368951337752E-01
 1.99096972022539E+03	 2.89079604072347E-01
 1.99097245812542E+03	 3.95851062633867E-01
 1.99097519602545E+03	 4.27243860634888E-01
 1.99097793392548E+03	 3.35137642601542E-01
 1.99098067182551E+03	 1.29822901433619E-01
 1.99098340972554E+03	-1.19880095361158E-01
 1.99098614762557E+03	-3.31391232934295E-01
 1.99098888552560E+03	-4.53247597004525E-01
 1.99099162342563E+03	-4.73395873288706E-01
 1.99099436132566E+03	-3.98041647809972E-01
 1.99099709922569E+03	-2.37073319677018E-01
 1.99099983712572E+03	-1.64361957460992E-02
 1.99100257502576E+03	 2.02789138330076E-01
 1.99100531292579E+03	 3.36255873165422E-01
 1.99100805082582E+03	 3.25160107050184E-01
 1.99101078872585E+03	 1.79591345608096E-01
 1.99101352662588E+03	-3.01151215548429E-02
 1.99101626452591E+03	-2.27706604172561E-01
 1.99101900242594E+03	-3.75928861152283E-01
 1.99102174032597E+03	-4.72500190035556E-01
 1.99102447822600E+03	-5.16722364180603E-01
 1.99102721612603E+03	-4.94826559268990E-01
 1.99102995402606E+03	-3.99746040014515E-01
 1.99103269192609E+03	-2.54122934962841E-01
 1.99103542982612E+03	-1.01706896278350E-01
 1.99103816772615E+03	 2.75360682094763E-02
 1.99104090562619E+03	 1.38853624567924E-01
 1.99104364352622E+03	 2.52916522844095E-01
 1.99104638142625E+03	 3.63846847475413E-01
 1.99104911932628E+03	 4.23340108973972E-01
 1.99105185722631E+03	 3.74438550037259E-01
 1.99105459512634E+03	 2.04414267257159E-01
 1.99105733302637E+03	-3.59761427414261E-02
 1.99106007092640E+03	-2.64507766589650E-01
 1.99106280882643E+03	-4.17090646800935E-01
 1.99106554672646E+03	-4.70067123768370E-01
 1.99106828462649E+03	-4.26078055288946E-01
 1.99107102252652E+03	-2.93509358510205E-01
 1.99107376042655E+03	-8.99092398013949E-02
 1.99107649832659E+03	 1.36814431883808E-01
 1.99107923622662E+03	 3.06345939343169E-01
 1.99108197412665E+03	 3.44828611426848E-01
 1.99108471202668E+03	 2.36725662309287E-01
 1.99108744992671E+03	 3.68621513407544E-02
 1.99109018782674E+03	-1.72972044328839E-01
 1.99109292572677E+03	-3.39126913292904E-01
 1.99109566362680E+03	-4.50155659118829E-01
 1.99109840152683E+03	-5.08581669534108E-01
 1.99110113942686E+03	-5.05383302034290E-01
 1.99110387732689E+03	-4.29060068823870E-01
 1.99110661522692E+03	-2.91975803391982E-01
 1.99110935312695E+03	-1.34511780966506E-01
 1.99111209102699E+03	 3.99369215707869E-03
 1.99111482892702E+03	 1.16217165961628E-01
 1.99111756682705E+03	 2.22273372209262E-01
 1.99112030472708E+03	 3.30919524511382E-01
 1.99112304262711E+03	 4.09331455635961E-01
 1.99112578052714E+03	 3.99420696722647E-01
 1.99112851842717E+03	 2.69072050944011E-01
 1.99113125632720E+03	 4.74863666653533E-02
 1.99113399422723E+03	-1.89954105949918E-01
 1.99113673212726E+03	-3.69825143067962E-01
 1.99113947002729E+03	-4.55316414885991E-01
 1.99114220792732E+03	-4.42904731355701E-01
 1.99114494582735E+03	-3.39950668257689E-01
 1.99114768372738E+03	-1.58481136681854E-01
 1.99115042162742E+03	 6.63434031370118E-02
 1.99115315952745E+03	 2.63167060975569E-01
 1.99115589742748E+03	 3.49707988721485E-01
 1.99115863532751E+03	 2.86196343044683E-01
 1.99116137322754E+03	 1.06094138657833E-01
 1.99116411112757E+03	-1.10525655090734E-01
 1.99116684902760E+03	-2.95206201506742E-01
 1.99116958692763E+03	-4.23059933296101E-01
 1.99117232482766E+03	-4.95833512182221E-01
 1.99117506272769E+03	-5.10107100576535E-01
 1.99117780062772E+03	-4.53547708303282E-01
 1.99118053852775E+03	-3.29137619030336E-01
 1.99118327642778E+03	-1.70245435319764E-01
 1.99118601432782E+03	-2.14919952868842E-02
 1.99118875222785E+03	 9.64533264177274E-02
 1.99119149012788E+03	 1.97401544992703E-01
 1.99119422802791E+03	 2.99920412750089E-01
 1.99119696592794E+03	 3.88419420776579E-01
 1.99119970382797E+03	 4.10897950497784E-01
 1.99120244172800E+03	 3.21575742936638E-01
 1.99120517962803E+03	 1.27036538817757E-01
 1.99120791752806E+03	-1.10245743325099E-01
 1.99121065542809E+03	-3.12364398544672E-01
 1.99121339332812E+03	-4.29306450484687E-01
 1.99121613122815E+03	-4.48622541305166E-01
 1.99121886912818E+03	-3.75863970768289E-01
 1.99122160702822E+03	-2.20016830710204E-01
 1.99122434492825E+03	-5.33881444558697E-03
 1.99122708282828E+03	 2.08934937176901E-01
 1.99122982072831E+03	 3.38960600158896E-01
 1.99123255862834E+03	 3.24609974331465E-01
 1.99123529652837E+03	 1.74317951016287E-01
 1.99123803442840E+03	-4.13212383478158E-02
 1.99124077232843E+03	-2.43147388840742E-01
 1.99124351022846E+03	-3.90170126609882E-01
 1.99124624812849E+03	-4.78507663283752E-01
 1.99124898602852E+03	-5.09327438829897E-01
 1.99125172392855E+03	-4.72604224603052E-01
 1.99125446182858E+03	-3.64249513752629E-01
 1.99125719972861E+03	-2.08388457125242E-01
 1.99125993762865E+03	-5.03260065895711E-02
 1.99126267552868E+03	 7.72595214119640E-02
 1.99126541342871E+03	 1.77502328522283E-01
 1.99126815132874E+03	 2.72823953229724E-01
 1.99127088922877E+03	 3.63939123734085E-01
 1.99127362712880E+03	 4.10705894821465E-01
 1.99127636502883E+03	 3.60693336924245E-01
 1.99127910292886E+03	 1.99407643134900E-01
 1.99128184082889E+03	-2.83849225904203E-02
 1.99128457872892E+03	-2.46149319381697E-01
 1.99128731662895E+03	-3.92368090655462E-01
 1.99129005452898E+03	-4.43374690501895E-01
 1.99129279242901E+03	-4.01067696877467E-01
 1.99129553032905E+03	-2.72976598215627E-01
 1.99129826822908E+03	-7.51425947824917E-02
 1.99130100612911E+03	 1.46540283794571E-01
 1.99130374402914E+03	 3.12880139494606E-01
 1.99130648192917E+03	 3.49156919815151E-01
 1.99130921982920E+03	 2.37788341430163E-01
 1.99131195772923E+03	 3.26833323413627E-02
 1.99131469562926E+03	-1.82487731966540E-01
 1.99131743352929E+03	-3.50226874958273E-01
 1.99132017142932E+03	-4.56192120265008E-01
 1.99132290932935E+03	-5.03345962895244E-01
 1.99132564722938E+03	-4.85963192405492E-01
 1.99132838512941E+03	-3.96044476397454E-01
 1.99133112302945E+03	-2.47906927858331E-01
 1.99133386092948E+03	-8.32193445800906E-02
 1.99133659882951E+03	 5.63930848070900E-02
 1.99133933672954E+03	 1.60936673938039E-01
 1.99134207462957E+03	 2.50552115600185E-01
 1.99134481252960E+03	 3.38951497035717E-01
 1.99134755042963E+03	 4.01450272042066E-01
 1.99135028832966E+03	 3.86295983954954E-01
 1.99135302622969E+03	 2.61853826249902E-01
 1.99135576412972E+03	 5.23383088968558E-02
 1.99135850202975E+03	-1.73192705798561E-01
 1.99136123992978E+03	-3.45126903941728E-01
 1.99136397782981E+03	-4.27341793636578E-01
 1.99136671572985E+03	-4.15603777240055E-01
 1.99136945362988E+03	-3.16388986003392E-01
 1.99137219152991E+03	-1.40392410365407E-01
 1.99137492942994E+03	 7.92560288572681E-02
 1.99137766732997E+03	 2.72858315965462E-01
 1.99138040523000E+03	 3.57930221383985E-01
 1.99138314313003E+03	 2.92650214000098E-01
 1.99138588103006E+03	 1.08587047218836E-01
 1.99138861893009E+03	-1.13590249317003E-01
 1.99139135683012E+03	-3.02029495244407E-01
 1.99139409473015E+03	-4.28041827401758E-01
 1.99139683263018E+03	-4.92251271720150E-01
 1.99139957053021E+03	-4.93604503082779E-01
 1.99140230843024E+03	-4.23487980787589E-01
 1.99140504633028E+03	-2.87448126873666E-01
 1.99140778423031E+03	-1.20152598300668E-01
 1.99141052213034E+03	 3.19857205813400E-02
 1.99141326003037E+03	 1.45529441388303E-01
 1.99141599793040E+03	 2.32943499398316E-01
 1.99141873583043E+03	 3.15882755186855E-01
 1.99142147373046E+03	 3.86160430147573E-01
 1.99142421163049E+03	 3.99339151262528E-01
 1.99142694953052E+03	 3.12425465189132E-01
 1.99142968743055E+03	 1.28614215546106E-01
 1.99143242533058E+03	-9.60401194507174E-02
 1.99143516323061E+03	-2.88623244299984E-01
 1.99143790113064E+03	-4.00793058509450E-01
 1.99144063903068E+03	-4.19633844516732E-01
 1.99144337693071E+03	-3.49763765195608E-01
 1.99144611483074E+03	-1.98967190315431E-01
 1.99144885273077E+03	 1.04276892695705E-02
 1.99145159063080E+03	 2.21228405880143E-01
 1.99145432853083E+03	 3.50141562490656E-01
 1.99145706643086E+03	 3.35349200977846E-01
 1.99145980433089E+03	 1.82750648057512E-01
 1.99146254223092E+03	-3.78162530539862E-02
 1.99146528013095E+03	-2.44753538939307E-01
 1.99146801803098E+03	-3.92901418785201E-01
 1.99147075593101E+03	-4.75784712151026E-01
 1.99147349383104E+03	-4.95605541075346E-01
 1.99147623173108E+03	-4.45840698544189E-01
 1.99147896963111E+03	-3.25547873994329E-01
 1.99148170753114E+03	-1.60443389923086E-01
 1.99148444543117E+03	 2.77746053010530E-03
 1.99148718333120E+03	 1.28921530559901E-01
 1.99148992123123E+03	 2.18865900614762E-01
 1.99149265913126E+03	 2.96259404190486E-01
 1.99149539703129E+03	 3.67894631663285E-01
 1.99149813493132E+03	 4.01708333105564E-01
 1.99150087283135E+03	 3.50160277544535E-01
 1.99150361073138E+03	 1.97415765062863E-01
 1.99150634863141E+03	-1.76411712427542E-02
 1.99150908653144E+03	-2.24394416169239E-01
 1.99151182443147E+03	-3.64178749640073E-01
 1.99151456233151E+03	-4.13379743232067E-01
 1.99151730023154E+03	-3.72971450459180E-01
 1.99152003813157E+03	-2.49354657812462E-01
 1.99152277603160E+03	-5.68117056805170E-02
 1.99152551393163E+03	 1.61011434105388E-01
 1.99152825183166E+03	 3.26206083537277E-01
 1.99153098973169E+03	 3.63023676184584E-01
 1.99153372763172E+03	 2.51123445648616E-01
 1.99153646553175E+03	 4.24358561730213E-02
 1.99153920343178E+03	-1.78257022506072E-01
 1.99154194133181E+03	-3.49528846861699E-01
 1.99154467923184E+03	-4.53291840666363E-01
 1.99154741713187E+03	-4.91972728301388E-01
 1.99155015503191E+03	-4.62639799530892E-01
 1.99155289293194E+03	-3.60811762300674E-01
 1.99155563083197E+03	-2.02893449631907E-01
 1.99155836873200E+03	-3.17535960226517E-02
 1.99156110663203E+03	 1.08919377422124E-01
 1.99156384453206E+03	 2.06450957411345E-01
 1.99156658243209E+03	 2.80572890563032E-01
 1.99156932033212E+03	 3.49351627096676E-01
 1.99157205823215E+03	 3.95947723070172E-01
 1.99157479613218E+03	 3.75158383537658E-01
 1.99157753403221E+03	 2.56292330802206E-01
 1.99158027193224E+03	 5.88590931620253E-02
 1.99158300983227E+03	-1.54493076005328E-01
 1.99158574773231E+03	-3.18239796561701E-01
 1.99158848563234E+03	-3.97117177768175E-01
 1.99159122353237E+03	-3.86118458966571E-01
 1.99159396143240E+03	-2.90626048957954E-01
 1.99159669933243E+03	-1.19767742726834E-01
 1.99159943723246E+03	 9.56033394748881E-02
 1.99160217513249E+03	 2.87687284345289E-01
 1.99160491303252E+03	 3.73823790740635E-01
 1.99160765093255E+03	 3.09650250838095E-01
 1.99161038883258E+03	 1.23842463562078E-01
 1.99161312673261E+03	-1.03320256261757E-01
 1.99161586463264E+03	-2.96887002532954E-01
 1.99161860253267E+03	-4.23778568584519E-01
 1.99162134043270E+03	-4.82494698747120E-01
 1.99162407833274E+03	-4.73612013367209E-01
 1.99162681623277E+03	-3.92041408384425E-01
 1.99162955413280E+03	-2.45981255784362E-01
 1.99163229203283E+03	-7.13720419203959E-02
 1.99163502993286E+03	 8.37950572256126E-02
 1.99163776783289E+03	 1.93413149801429E-01
 1.99164050573292E+03	 2.68288843477386E-01
 1.99164324363295E+03	 3.32542139893365E-01
 1.99164598153298E+03	 3.84908166849099E-01
 1.99164871943301E+03	 3.88526126990362E-01
 1.99165145733304E+03	 3.03610556798166E-01
 1.99165419523307E+03	 1.30384244019163E-01
 1.99165693313310E+03	-8.14265979504929E-02
 1.99165967103314E+03	-2.64105827905462E-01
 1.99166240893317E+03	-3.71219098627570E-01
 1.99166514683320E+03	-3.89444075156581E-01
 1.99166788473323E+03	-3.22349508518075E-01
 1.99167062263326E+03	-1.76329214217721E-01
 1.99167336053329E+03	 2.84476326463484E-02
 1.99167609843332E+03	 2.37113579094838E-01
 1.99167883633335E+03	 3.67113836907055E-01
 1.99168157423338E+03	 3.54703218438876E-01
 1.99168431213341E+03	 2.02410632537970E-01
 1.99168705003344E+03	-2.17722880081733E-02
 1.99168978793347E+03	-2.34455847858741E-01
 1.99169252583350E+03	-3.86071446169373E-01
 1.99169526373354E+03	-4.66654601233585E-01
 1.99169800163357E+03	-4.78545209109637E-01
 1.99170073953360E+03	-4.18290252401571E-01
 1.99170347743363E+03	-2.88062811662771E-01
 1.99170621533366E+03	-1.15165696264119E-01
 1.99170895323369E+03	 5.25007223408410E-02
 1.99171169113372E+03	 1.77405307832599E-01
 1.99171442903375E+03	 2.57994818051582E-01
 1.99171716693378E+03	 3.18564955925929E-01
 1.99171990483381E+03	 3.71363237255962E-01
 1.99172264273384E+03	 3.92192992446189E-01
 1.99172538063387E+03	 3.38704330744564E-01
 1.99172811853390E+03	 1.94210321462310E-01
 1.99173085643394E+03	-8.01588485906303E-03
 1.99173359433397E+03	-2.03353854232064E-01
 1.99173633223400E+03	-3.36234333420257E-01
 1.99173907013403E+03	-3.83257916225135E-01
 1.99174180803406E+03	-3.44468209864304E-01
 1.99174454593409E+03	-2.25023023965766E-01
 1.99174728383412E+03	-3.72629254655284E-02
 1.99175002173415E+03	 1.77696011945985E-01
 1.99175275963418E+03	 3.43531661551899E-01
 1.99175549753421E+03	 3.83478676272786E-01
 1.99175823543424E+03	 2.73848276484921E-01
 1.99176097333427E+03	 6.35266514411311E-02
 1.99176371123430E+03	-1.62510826565599E-01
 1.99176644913433E+03	-3.39061477754584E-01
 1.99176918703437E+03	-4.43628128665224E-01
 1.99177192493440E+03	-4.77153357946273E-01
 1.99177466283443E+03	-4.38848766351661E-01
 1.99177740073446E+03	-3.27546365951331E-01
 1.99178013863449E+03	-1.61701297122124E-01
 1.99178287653452E+03	 1.47763304977585E-02
 1.99178561443455E+03	 1.56360223029698E-01
 1.99178835233458E+03	 2.47660822628220E-01
 1.99179109023461E+03	 3.07516599385012E-01
 1.99179382813464E+03	 3.57647330619522E-01
 1.99179656603467E+03	 3.88625254331055E-01
 1.99179930393470E+03	 3.61908341482525E-01
 1.99180204183473E+03	 2.48228314226709E-01
 1.99180477973477E+03	 6.28133470023833E-02
 1.99180751763480E+03	-1.38006070412403E-01
 1.99181025553483E+03	-2.92978986575234E-01
 1.99181299343486E+03	-3.67926145706525E-01
 1.99181573133489E+03	-3.57171820155714E-01
 1.99181846923492E+03	-2.64985815275692E-01
 1.99182120713495E+03	-9.88197025599043E-02
 1.99182394503498E+03	 1.12989405399184E-01
 1.99182668293501E+03	 3.04900059096759E-01
 1.99182942083504E+03	 3.94303726993614E-01
 1.99183215873507E+03	 3.34000142939223E-01
 1.99183489663510E+03	 1.48855285929053E-01
 1.99183763453513E+03	-8.23157351842635E-02
 1.99184037243517E+03	-2.81993819437478E-01
 1.99184311033520E+03	-4.12377762653373E-01
 1.99184584823523E+03	-4.68971066341625E-01
 1.99184858613526E+03	-4.53173405292598E-01
 1.99185132403529E+03	-3.63015743314883E-01
 1.99185406193532E+03	-2.09221984874241E-01
 1.99185679983535E+03	-2.88530706985768E-02
 1.99185953773538E+03	 1.28773041781098E-01
 1.99186227563541E+03	 2.34971735683838E-01
 1.99186501353544E+03	 2.98543647246147E-01
 1.99186775143547E+03	 3.45366425599087E-01
 1.99187048933550E+03	 3.80475909916465E-01
 1.99187322723553E+03	 3.74466728200123E-01
 1.99187596513556E+03	 2.91145236378751E-01
 1.99187870303560E+03	 1.28280943445385E-01
 1.99188144093563E+03	-7.04557412106713E-02
 1.99188417883566E+03	-2.42614661825592E-01
 1.99188691673569E+03	-3.43903301956857E-01
 1.99188965463572E+03	-3.60787238973346E-01
 1.99189239253575E+03	-2.95870971937477E-01
 1.99189513043578E+03	-1.54143359993781E-01
 1.99189786833581E+03	 4.65449452635497E-02
 1.99190060623584E+03	 2.54006591034902E-01
 1.99190334413587E+03	 3.86810769456517E-01
 1.99190608203590E+03	 3.79289920743210E-01
 1.99190881993593E+03	 2.29938523505896E-01
 1.99191155783596E+03	 3.81038039836575E-03
 1.99191429573600E+03	-2.14754729688722E-01
 1.99191703363603E+03	-3.71835213504440E-01
 1.99191977153606E+03	-4.53308214432502E-01
 1.99192250943609E+03	-4.60784710591476E-01
 1.99192524733612E+03	-3.93289561588025E-01
 1.99192798523615E+03	-2.55850665226999E-01
 1.99193072313618E+03	-7.71776960085483E-02
 1.99193346103621E+03	 9.38907044097577E-02
 1.99193619893624E+03	 2.17682231102613E-01
 1.99193893683627E+03	 2.90025790925084E-01
 1.99194167473630E+03	 3.35221087690092E-01
 1.99194441263633E+03	 3.70220356449577E-01
 1.99194715053636E+03	 3.78327135456995E-01
 1.99194988843640E+03	 3.22591582056842E-01
 1.99195262633643E+03	 1.86009667608912E-01
 1.99195536423646E+03	-3.32298218844334E-03
 1.99195810213649E+03	-1.86689166251608E-01
 1.99196084003652E+03	-3.11796411010370E-01
 1.99196357793655E+03	-3.55707402899472E-01
 1.99196631583658E+03	-3.17717701407942E-01
 1.99196905373661E+03	-2.01832892708261E-01
 1.99197179163664E+03	-1.83997196106876E-02
 1.99197452953667E+03	 1.94286640181140E-01
 1.99197726743670E+03	 3.61957846818668E-01
 1.99198000533673E+03	 4.07106949786041E-01
 1.99198274323676E+03	 3.02354163207788E-01
 1.99198548113679E+03	 9.25741390712108E-02
 1.99198821903683E+03	-1.38104279951784E-01
 1.99199095693686E+03	-3.21146386618572E-01
 1.99199369483689E+03	-4.29283667090576E-01
 1.99199643273692E+03	-4.61165765337346E-01
 1.99199917063695E+03	-4.17417559492331E-01
 1.99200190853698E+03	-2.99766990023787E-01
 1.99200464643701E+03	-1.28475015522057E-01
 1.99200738433704E+03	 5.17906367558573E-02
 1.99201012223707E+03	 1.93944130932393E-01
 1.99201286013710E+03	 2.79859119000681E-01
 1.99201559803713E+03	 3.26964247404065E-01
 1.99201833593716E+03	 3.59829530582885E-01
 1.99202107383719E+03	 3.75848020153395E-01
 1.99202381173723E+03	 3.43116239453963E-01
 1.99202654963726E+03	 2.34251560432926E-01
 1.99202928753729E+03	 6.07447650785202E-02
 1.99203202543732E+03	-1.27121693985388E-01
 1.99203476333735E+03	-2.72440861989166E-01
 1.99203750123738E+03	-3.42366920226279E-01
 1.99204023913741E+03	-3.30811718462337E-01
 1.99204297703744E+03	-2.41126028630984E-01
 1.99204571493747E+03	-7.91557044838516E-02
 1.99204845283750E+03	 1.29456856141314E-01
 1.99205119073753E+03	 3.21895606123455E-01
 1.99205392863756E+03	 4.16083881808247E-01
 1.99205666653759E+03	 3.61984991332609E-01
 1.99205940443763E+03	 1.79935560187795E-01
 1.99206214233766E+03	-5.38092180745951E-02
 1.99206488023769E+03	-2.59939521866513E-01
 1.99206761813772E+03	-3.95941600381433E-01
 1.99207035603775E+03	-4.53691787072748E-01
 1.99207309393778E+03	-4.34628012319867E-01
 1.99207583183781E+03	-3.39334494156044E-01
 1.99207856973784E+03	-1.80719445256034E-01
 1.99208130763787E+03	 3.34845746490462E-03
 1.99208404553790E+03	 1.62562997991607E-01
 1.99208678343793E+03	 2.65795657462898E-01
 1.99208952133796E+03	 3.19496003122649E-01
 1.99209225923799E+03	 3.50526451367398E-01
 1.99209499713803E+03	 3.69460437497738E-01
 1.99209773503806E+03	 3.54066624550148E-01
 1.99210047293809E+03	 2.72048320397463E-01
 1.99210321083812E+03	 1.19301923485121E-01
 1.99210594873815E+03	-6.61243999056692E-02
 1.99210868663818E+03	-2.26964567842691E-01
 1.99211142453821E+03	-3.21262351282105E-01
 1.99211416243824E+03	-3.35564498587822E-01
 1.99211690033827E+03	-2.71791376590230E-01
 1.99211963823830E+03	-1.33720407585249E-01
 1.99212237613833E+03	 6.31507069379141E-02
 1.99212511403836E+03	 2.69703894720702E-01
 1.99212785193839E+03	 4.06227888403093E-01
 1.99213058983842E+03	 4.05454125904584E-01
 1.99213332773846E+03	 2.61458338464338E-01
 1.99213606563849E+03	 3.53557244059049E-02
 1.99213880353852E+03	-1.88569912101604E-01
 1.99214154143855E+03	-3.52437427352758E-01
 1.99214427933858E+03	-4.37615193409266E-01
 1.99214701723861E+03	-4.44249548847634E-01
 1.99214975513864E+03	-3.73166529360154E-01
 1.99215249303867E+03	-2.31794016306143E-01
 1.99215523093870E+03	-4.98892464294402E-02
 1.99215796883873E+03	 1.23153843941413E-01
 1.99216070673876E+03	 2.45788937074789E-01
 1.99216344463879E+03	 3.11077477953259E-01
 1.99216618253882E+03	 3.42659243283381E-01
 1.99216892043886E+03	 3.61332560280578E-01
 1.99217165833889E+03	 3.57369198068336E-01
 1.99217439623892E+03	 2.99299542525140E-01
 1.99217713413895E+03	 1.70331208761990E-01
 1.99217987203898E+03	-6.06398326712466E-03
 1.99218260993901E+03	-1.76818653663883E-01
 1.99218534783904E+03	-2.93005114054301E-01
 1.99218808573907E+03	-3.32430981529964E-01
 1.99219082363910E+03	-2.93981149281821E-01
 1.99219356153913E+03	-1.80811032451003E-01
 1.99219629943916E+03	-1.39580702418921E-03
 1.99219903733919E+03	 2.09039049592917E-01
 1.99220177523922E+03	 3.78889923137526E-01
 1.99220451313926E+03	 4.30483189514576E-01
 1.99220725103929E+03	 3.32738446504388E-01
 1.99220998893932E+03	 1.25750117398562E-01
 1.99221272683935E+03	-1.08295207479273E-01
 1.99221546473938E+03	-2.98265539016208E-01
 1.99221820263941E+03	-4.12119204288944E-01
 1.99222094053944E+03	-4.45635048312207E-01
 1.99222367843947E+03	-4.00132732498449E-01
 1.99222641633950E+03	-2.79672557421303E-01
 1.99222915423953E+03	-1.05898522983429E-01
 1.99223189213956E+03	 7.61826985883462E-02
 1.99223463003959E+03	 2.18297010168005E-01
 1.99223736793962E+03	 2.99628813932822E-01
 1.99224010583965E+03	 3.35705876423550E-01
 1.99224284373969E+03	 3.53084698694723E-01
 1.99224558163972E+03	 3.55240769396206E-01
 1.99224831953975E+03	 3.16725977581387E-01
 1.99225105743978E+03	 2.12433364101753E-01
 1.99225379533981E+03	 5.07216628517272E-02
 1.99225653323984E+03	-1.23758918146388E-01
 1.99225927113987E+03	-2.58388017169518E-01
 1.99226200903990E+03	-3.21875527903794E-01
 1.99226474693993E+03	-3.08076154904437E-01
 1.99226748483996E+03	-2.19804312133980E-01
 1.99227022273999E+03	-6.15711446930970E-02
 1.99227296064002E+03	 1.43743964810221E-01
 1.99227569854005E+03	 3.36580490375297E-01
 1.99227843644009E+03	 4.36124109584311E-01
 1.99228117434012E+03	 3.89853687824106E-01
 1.99228391224015E+03	 2.13143433763404E-01
 1.99228665014018E+03	-2.13438389807280E-02
 1.99228938804021E+03	-2.33490733973514E-01
 1.99229212594024E+03	-3.76438985410375E-01
 1.99229486384027E+03	-4.38114044401026E-01
 1.99229760174030E+03	-4.19319494643603E-01
 1.99230033964033E+03	-3.22550070772783E-01
 1.99230307754036E+03	-1.62402545087522E-01
 1.99230581544039E+03	 2.28985727543686E-02
 1.99230855334042E+03	 1.82503342412865E-01
 1.99231129124045E+03	 2.83065336702717E-01
 1.99231402914049E+03	 3.28405965498787E-01
 1.99231676704052E+03	 3.45594669403108E-01
 1.99231950494055E+03	 3.49871624590673E-01
 1.99232224284058E+03	 3.25730654276338E-01
 1.99232498074061E+03	 2.44950392417286E-01
 1.99232771864064E+03	 1.02127531129005E-01
 1.99233045654067E+03	-6.97714597490380E-02
 1.99233319444070E+03	-2.18443467586402E-01
 1.99233593234073E+03	-3.04384847459092E-01
 1.99233867024076E+03	-3.14551948810564E-01
 1.99234140814079E+03	-2.50606159303743E-01
 1.99234414604082E+03	-1.15506853235021E-01
 1.99234688394085E+03	 7.74755057727932E-02
 1.99234962184088E+03	 2.82662439300944E-01
 1.99235235974092E+03	 4.22834184485501E-01
 1.99235509764095E+03	 4.29772528772086E-01
 1.99235783554098E+03	 2.93092415041629E-01
 1.99236057344101E+03	 6.91457029784132E-02
 1.99236331134104E+03	-1.58941199590000E-01
 1.99236604924107E+03	-3.30035002895609E-01
 1.99236878714110E+03	-4.20993538984276E-01
 1.99237152504113E+03	-4.29966236288996E-01
 1.99237426294116E+03	-3.58911125152352E-01
 1.99237700084119E+03	-2.17090872153635E-01
 1.99237973874122E+03	-3.48238503983331E-02
 1.99238247664125E+03	 1.38430601512735E-01
 1.99238521454128E+03	 2.59622356922167E-01
 1.99238795244132E+03	 3.18996239952006E-01
 1.99239069034135E+03	 3.38919326690097E-01
 1.99239342824138E+03	 3.43125765294598E-01
 1.99239616614141E+03	 3.28176209405940E-01
 1.99239890404144E+03	 2.68001623165843E-01
 1.99240164194147E+03	 1.46476863127771E-01
 1.99240437984150E+03	-1.69464812870172E-02
 1.99240711774153E+03	-1.74472880472095E-01
 1.99240985564156E+03	-2.80516576925835E-01
 1.99241259354159E+03	-3.13887442386210E-01
 1.99241533144162E+03	-2.73483477433978E-01
 1.99241806934165E+03	-1.62085076222310E-01
 1.99242080724168E+03	 1.33976998073092E-02
 1.99242354514172E+03	 2.20967961516088E-01
 1.99242628304175E+03	 3.92387398076857E-01
 1.99242902094178E+03	 4.50665955431106E-01
 1.99243175884181E+03	 3.61371930147337E-01
 1.99243449674184E+03	 1.59317518341758E-01
 1.99243723464187E+03	-7.63240787901989E-02
 1.99243997254190E+03	-2.72791206909878E-01
 1.99244271044193E+03	-3.93616586343771E-01
 1.99244544834196E+03	-4.31402887636041E-01
 1.99244818624199E+03	-3.87538936205839E-01
 1.99245092414202E+03	-2.67802729765688E-01
 1.99245366204205E+03	-9.46990773329008E-02
 1.99245639994208E+03	 8.69399449692279E-02
 1.99245913784212E+03	 2.28123303066391E-01
 1.99246187574215E+03	 3.05511715660015E-01
 1.99246461364218E+03	 3.32340232487537E-01
 1.99246735154221E+03	 3.36300737073957E-01
 1.99247008944224E+03	 3.26109568976888E-01
 1.99247282734227E+03	 2.82424676796472E-01
 1.99247556524230E+03	 1.82677967366183E-01
 1.99247830314233E+03	 3.26855188101133E-02
 1.99248104104236E+03	-1.28032348579615E-01
 1.99248377894239E+03	-2.50964950949612E-01
 1.99248651684242E+03	-3.06526527231836E-01
 1.99248925474245E+03	-2.88892766094797E-01
 1.99249199264248E+03	-2.00849606754424E-01
 1.99249473054251E+03	-4.60242567300132E-02
 1.99249746844255E+03	 1.55395677609147E-01
 1.99250020634258E+03	 3.47638949015180E-01
 1.99250294424261E+03	 4.52080272756396E-01
 1.99250568214264E+03	 4.14401682824784E-01
 1.99250842004267E+03	 2.44905042408231E-01
 1.99251115794270E+03	 1.17653403596807E-02
 1.99251389584273E+03	-2.05203076245422E-01
 1.99251663374276E+03	-3.55475384865184E-01
 1.99251937164279E+03	-4.23012338022090E-01
 1.99252210954282E+03	-4.07479049730188E-01
 1.99252484744285E+03	-3.12653579145555E-01
 1.99252758534288E+03	-1.54266114687244E-01
 1.99253032324291E+03	 2.96259801679643E-02
 1.99253306114295E+03	 1.88156909434185E-01
 1.99253579904298E+03	 2.86106385834499E-01
 1.99253853694301E+03	 3.24522726711035E-01
 1.99254127484304E+03	 3.29980136299198E-01
 1.99254401274307E+03	 3.21473133311718E-01
 1.99254675064310E+03	 2.89627645137039E-01
 1.99254948854313E+03	 2.10317274031442E-01
 1.99255222644316E+03	 7.73330020048115E-02
 1.99255496434319E+03	-8.08681211084199E-02
 1.99255770224322E+03	-2.16621767871428E-01
 1.99256044014325E+03	-2.92891485667010E-01
 1.99256317804328E+03	-2.97336443673468E-01
 1.99256591594331E+03	-2.31848852258500E-01
 1.99256865384335E+03	-9.91122425399417E-02
 1.99257139174338E+03	 8.95433309463731E-02
 1.99257412964341E+03	 2.92180711297194E-01
 1.99257686754344E+03	 4.34949378181126E-01
 1.99257960544347E+03	 4.49610684946475E-01
 1.99258234334350E+03	 3.21615677931433E-01
 1.99258508124353E+03	 1.01954445179323E-01
 1.99258781914356E+03	-1.28518878590580E-01
 1.99259055704359E+03	-3.06363195695009E-01
 1.99259329494362E+03	-4.04235194261796E-01
 1.99259603284365E+03	-4.17979275120889E-01
 1.99259877074368E+03	-3.50096906828130E-01
 1.99260150864371E+03	-2.11108224197521E-01
 1.99260424654374E+03	-3.13677232749037E-02
 1.99260698444378E+03	 1.40144943221636E-01
 1.99260972234381E+03	 2.59346536080871E-01
 1.99261246024384E+03	 3.13761092673846E-01
 1.99261519814387E+03	 3.23997478122416E-01
 1.99261793604390E+03	 3.15843539253586E-01
 1.99262067394393E+03	 2.91372279972953E-01
 1.99262341184396E+03	 2.29672305248301E-01
 1.99262614974399E+03	 1.15611616096014E-01
 1.99262888764402E+03	-3.48053160143883E-02
 1.99263162554405E+03	-1.78612034389783E-01
 1.99263436344408E+03	-2.73436287142083E-01
 1.99263710134411E+03	-2.99269039444051E-01
 1.99263983924414E+03	-2.55446994056140E-01
 1.99264257714418E+03	-1.44948384414059E-01
 1.99264531504421E+03	 2.64225176703611E-02
 1.99264805294424E+03	 2.29939565322996E-01
 1.99265079084427E+03	 4.01448696824813E-01
 1.99265352874430E+03	 4.65690010411824E-01
 1.99265626664433E+03	 3.85544010290816E-01
 1.99265900454436E+03	 1.90319526514102E-01
 1.99266174244439E+03	-4.48021867065550E-02
 1.99266448034442E+03	-2.46539445042900E-01
 1.99266721824445E+03	-3.74624240695338E-01
 1.99266995614448E+03	-4.18430508992535E-01
 1.99267269404451E+03	-3.78926084076473E-01
 1.99267543194454E+03	-2.63028080429939E-01
 1.99267816984458E+03	-9.35780869763316E-02
 1.99268090774461E+03	 8.52996229253574E-02
 1.99268364564464E+03	 2.24436401871311E-01
 1.99268638354467E+03	 2.98270706345178E-01
 1.99268912144470E+03	 3.17513064169735E-01
 1.99269185934473E+03	 3.10234612848747E-01
 1.99269459724476E+03	 2.89518488968120E-01
 1.99269733514479E+03	 2.41640000740330E-01
 1.99270007304482E+03	 1.46675041373050E-01
 1.99270281094485E+03	 8.39724545269809E-03
 1.99270554884488E+03	-1.38288915394906E-01
 1.99270828674491E+03	-2.48720168254316E-01
 1.99271102464494E+03	-2.95063431817729E-01
 1.99271376254497E+03	-2.72140788005082E-01
 1.99271650044501E+03	-1.83253596298212E-01
 1.99271923834504E+03	-3.17139801076031E-02
 1.99272197624507E+03	 1.64776124661664E-01
 1.99272471414510E+03	 3.54715795788551E-01
 1.99272745204513E+03	 4.62700586949186E-01
 1.99273018994516E+03	 4.33558682705907E-01
 1.99273292784519E+03	 2.72704610283155E-01
 1.99273566574522E+03	 4.31058686266722E-02
 1.99273840364525E+03	-1.76876699481174E-01
 1.99274114154528E+03	-3.33944387546711E-01
 1.99274387944531E+03	-4.08330989122398E-01
 1.99274661734534E+03	-3.98232029550454E-01
 1.99274935524537E+03	-3.08160527887784E-01
 1.99275209314541E+03	-1.54459234247894E-01
 1.99275483104544E+03	 2.54865092576306E-02
 1.99275756894547E+03	 1.81348453857525E-01
 1.99276030684550E+03	 2.76482778282231E-01
 1.99276304474553E+03	 3.09188593547067E-01
 1.99276578264556E+03	 3.04991043950150E-01
 1.99276852054559E+03	 2.85766273252964E-01
 1.99277125844562E+03	 2.47588564166185E-01
 1.99277399634565E+03	 1.70286691784541E-01
 1.99277673424568E+03	 4.72058306114238E-02
 1.99277947214571E+03	-9.71808494206688E-02
 1.99278221004574E+03	-2.19478404626742E-01
 1.99278494794577E+03	-2.85034441358058E-01
 1.99278768584581E+03	-2.82414096879680E-01
 1.99279042374584E+03	-2.14205014321971E-01
 1.99279316164587E+03	-8.34214802581913E-02
 1.99279589954590E+03	 1.00137722640475E-01
 1.99279863744593E+03	 2.98481035045465E-01
 1.99280137534596E+03	 4.42024016086018E-01
 1.99280411324599E+03	 4.63610837992463E-01
 1.99280685114602E+03	 3.45094900621384E-01
 1.99280958904605E+03	 1.31731519944167E-01
 1.99281232694608E+03	-9.89579490127791E-02
 1.99281506484611E+03	-2.82302763920607E-01
 1.99281780274614E+03	-3.87289877762830E-01
 1.99282054064617E+03	-4.07339428262122E-01
 1.99282327854621E+03	-3.45018415433336E-01
 1.99282601644624E+03	-2.11591995733174E-01
 1.99282875434627E+03	-3.69784874257704E-02
 1.99283149224630E+03	 1.30846784858753E-01
 1.99283423014633E+03	 2.47299169086403E-01
 1.99283696804636E+03	 2.97430226506272E-01
 1.99283970594638E+03	 2.99785288532182E-01
 1.99284244384642E+03	 2.81431476130945E-01
 1.99284518174645E+03	 2.49152621620200E-01
 1.99284791964648E+03	 1.86818839555336E-01
 1.99285065754651E+03	 8.04600128718635E-02
 1.99285339544654E+03	-5.68933561380285E-02
 1.99285613334657E+03	-1.86668349935345E-01
 1.99285887124660E+03	-2.69505662764352E-01
 1.99286160914664E+03	-2.86651715578887E-01
 1.99286434704667E+03	-2.38232282758271E-01
 1.99286708494670E+03	-1.27998707245311E-01
 1.99286982284673E+03	 3.88075751361713E-02
 1.99287256074676E+03	 2.36662609816721E-01
 1.99287529864679E+03	 4.06167173456324E-01
 1.99287803654682E+03	 4.74922898798256E-01
 1.99288077444685E+03	 4.03997186950632E-01
 1.99288351234688E+03	 2.17210902598905E-01
 1.99288625024691E+03	-1.50980087410868E-02
 1.99288898814694E+03	-2.20285008226053E-01
 1.99289172604697E+03	-3.55076225831817E-01
 1.99289446394700E+03	-4.05746336242959E-01
 1.99289720184704E+03	-3.72479847463938E-01
 1.99289993974707E+03	-2.62840527598616E-01
 1.99290267764710E+03	-9.95621240051391E-02
 1.99290541554713E+03	 7.44090380085753E-02
 1.99290815344716E+03	 2.10273194818208E-01
 1.99291089134719E+03	 2.80661821158713E-01
 1.99291362924722E+03	 2.93714544643658E-01
 1.99291636714725E+03	 2.77286335244397E-01
 1.99291910504728E+03	 2.48000128860729E-01
 1.99292184294731E+03	 1.97176464619431E-01
 1.99292458084734E+03	 1.07486288633143E-01
 1.99292731874737E+03	-1.89773861257586E-02
 1.99293005664740E+03	-1.51474247427536E-01
 1.99293279454744E+03	-2.48897405995921E-01
 1.99293553244747E+03	-2.85120509814091E-01
 1.99293827034750E+03	-2.55831788346231E-01
 1.99294100824753E+03	-1.65335715967167E-01
 1.99294374614756E+03	-1.72258716796284E-02
 1.99294648404759E+03	 1.72982438419632E-01
 1.99294922194762E+03	 3.58451956074416E-01
 1.99295195984765E+03	 4.68033623634354E-01
 1.99295469774768E+03	 4.46777087241751E-01
 1.99295743564771E+03	 2.95604989126950E-01
 1.99296017354774E+03	 7.17268831981363E-02
 1.99296291144777E+03	-1.49069346933504E-01
 1.99296564934780E+03	-3.11708189541700E-01
 1.99296838724783E+03	-3.93088969722209E-01
 1.99297112514787E+03	-3.89735353868610E-01
 1.99297386304790E+03	-3.06442698033846E-01
 1.99297660094793E+03	-1.59740301979861E-01
 1.99297933884796E+03	 1.40672024010953E-02
 1.99298207674799E+03	 1.65695663813776E-01
 1.99298481464802E+03	 2.57587404120105E-01
 1.99298755254805E+03	 2.85479896395057E-01
 1.99299029044808E+03	 2.73485751762906E-01
 1.99299302834811E+03	 2.45603737427885E-01
 1.99299576624814E+03	 2.02654522038090E-01
 1.99299850414817E+03	 1.28157377054753E-01
 1.99300124204820E+03	 1.52166324028019E-02
 1.99300397994823E+03	-1.15262884405942E-01
 1.99300671784827E+03	-2.23810279450756E-01
 1.99300945574830E+03	-2.78011920709397E-01
 1.99301219364833E+03	-2.67430352163003E-01
 1.99301493154836E+03	-1.95712505353919E-01
 1.99301766944839E+03	-6.67760182600425E-02
 1.99302040734842E+03	 1.10652524030228E-01
 1.99302314524845E+03	 3.02636745045959E-01
 1.99302588314848E+03	 4.44696073381546E-01
 1.99302862104851E+03	 4.71908171253291E-01
 1.99303135894854E+03	 3.63249399296443E-01
 1.99303409684857E+03	 1.58043602194486E-01
 1.99303683474860E+03	-7.04906542844448E-02
 1.99303957264863E+03	-2.57566948835693E-01
 1.99304231054867E+03	-3.69146083330311E-01
 1.99304504844870E+03	-3.96219290392778E-01
 1.99304778634873E+03	-3.41034462542839E-01
 1.99305052424876E+03	-2.15186926275556E-01
 1.99305326214879E+03	-4.78019504753110E-02
 1.99305600004882E+03	 1.14581165268146E-01
 1.99305873794885E+03	 2.27405797629701E-01
 1.99306147584888E+03	 2.73618217171548E-01
 1.99306421374891E+03	 2.69587078311074E-01
 1.99306695164894E+03	 2.43048557060887E-01
 1.99306968954897E+03	 2.04747522965287E-01
 1.99307242744900E+03	 1.42885238963388E-01
 1.99307516534903E+03	 4.46759064464527E-02
 1.99307790324907E+03	-7.94922156460182E-02
 1.99308064114910E+03	-1.95080682654583E-01
 1.99308337904913E+03	-2.65527988996768E-01
 1.99308611694916E+03	-2.73317329794743E-01
 1.99308885484919E+03	-2.19590529156509E-01
 1.99309159274922E+03	-1.09357967492628E-01
 1.99309433064925E+03	 5.21671469485359E-02
 1.99309706854928E+03	 2.42523636640633E-01
 1.99309980644931E+03	 4.07646020533238E-01
 1.99310254434934E+03	 4.79100064377612E-01
 1.99310528224937E+03	 4.17094708309830E-01
 1.99310802014940E+03	 2.40128386501982E-01
 1.99311075804943E+03	 1.29675923093934E-02
 1.99311349594946E+03	-1.93512055791025E-01
 1.99311623384950E+03	-3.33887077923892E-01
 1.99311897174953E+03	-3.91550350673132E-01
 1.99312170964956E+03	-3.65620687498789E-01
 1.99312444754959E+03	-2.63904361630555E-01
 1.99312718544962E+03	-1.08701496423831E-01
 1.99312992334965E+03	 5.85651092547141E-02
 1.99313266124968E+03	 1.89949794600900E-01
 1.99313539914971E+03	 2.56750923327681E-01
 1.99313813704974E+03	 2.64657226451618E-01
 1.99314087494977E+03	 2.40902589091300E-01
 1.99314361284980E+03	 2.04937683841437E-01
 1.99314635074983E+03	 1.52545782300209E-01
 1.99314908864986E+03	 6.88304476291234E-02
 1.99315182654990E+03	-4.55847707980515E-02
 1.99315456444993E+03	-1.63790741678706E-01
 1.99315730234996E+03	-2.47985264539073E-01
 1.99316004024999E+03	-2.73649051862120E-01
 1.99316277815002E+03	-2.37435836070684E-01
 1.99316551605005E+03	-1.45013107930290E-01
 1.99316825395008E+03	-7.82789734003811E-04
 1.99317099185011E+03	 1.81604296348762E-01
 1.99317372975014E+03	 3.60276103851870E-01
 1.99317646765017E+03	 4.69289680688955E-01
 1.99317920555020E+03	 4.54992655645715E-01
 1.99318194345023E+03	 3.14308855371079E-01
 1.99318468135026E+03	 9.82655084735866E-02
 1.99318741925030E+03	-1.20971399230986E-01
 1.99319015715033E+03	-2.87556831294150E-01
 1.99319289505036E+03	-3.75501577843333E-01
 1.99319563295039E+03	-3.79513677800110E-01
 1.99319837085042E+03	-3.04287660198186E-01
 1.99320110875045E+03	-1.66220539088660E-01
 1.99320384665048E+03	-2.65373121602810E-04
 1.99320658455051E+03	 1.45735523497519E-01
 1.99320932245054E+03	 2.33813033000086E-01
 1.99321206035057E+03	 2.57448254806626E-01
 1.99321479825060E+03	 2.39166498787855E-01
 1.99321753615063E+03	 2.04491233054257E-01
 1.99322027405066E+03	 1.58343708882083E-01
 1.99322301195069E+03	 8.76072759243291E-02
 1.99322574985073E+03	-1.47852521373069E-02
 1.99322848775076E+03	-1.31224741544113E-01
 1.99323122565079E+03	-2.25908477163014E-01
 1.99323396355082E+03	-2.68514875550594E-01
 1.99323670145085E+03	-2.49602554111458E-01
 1.99323943935088E+03	-1.74099394974629E-01
 1.99324217725091E+03	-4.72773343141878E-02
 1.99324491515094E+03	 1.22787921179923E-01
 1.99324765305097E+03	 3.06262904033817E-01
 1.99325039095100E+03	 4.44499064682492E-01
 1.99325312885103E+03	 4.75890216585799E-01
 1.99325586675106E+03	 3.77285810796160E-01
 1.99325860465109E+03	 1.81982407251164E-01
 1.99326134255113E+03	-4.19803596897993E-02
 1.99326408045116E+03	-2.30780302127982E-01
 1.99326681835119E+03	-3.48011703093798E-01
 1.99326955625122E+03	-3.82264591898628E-01
 1.99327229415125E+03	-3.35127848441602E-01
 1.99327503205128E+03	-2.18195757341642E-01
 1.99327776995131E+03	-5.95757782834827E-02
 1.99328050785134E+03	 9.59222793310615E-02
 1.99328324575137E+03	 2.04231075086988E-01
 1.99328598365140E+03	 2.46613298411098E-01
 1.99328872155143E+03	 2.37307423606667E-01
 1.99329145945146E+03	 2.04291250301716E-01
 1.99329419735149E+03	 1.61635284531487E-01
 1.99329693525153E+03	 1.01422084097962E-01
 1.99329967315156E+03	 1.19741572014258E-02
 1.99330241105159E+03	-9.87750322092093E-02
 1.99330514895162E+03	-2.00088868500280E-01
 1.99330788685165E+03	-2.58042427269216E-01
 1.99331062475168E+03	-2.56291034151475E-01
 1.99331336265171E+03	-1.97089585036656E-01
 1.99331610055174E+03	-8.70393217858290E-02
 1.99331883845177E+03	 6.82391279056525E-02
 1.99332157635180E+03	 2.49198351413575E-01
 1.99332431425183E+03	 4.07581869106438E-01
 1.99332705215186E+03	 4.79905877663445E-01
 1.99332979005189E+03	 4.26433994103979E-01
 1.99333252795192E+03	 2.60561574228339E-01
 1.99333526585196E+03	 4.08490142934014E-02
 1.99333800375199E+03	-1.64663124303437E-01
 1.99334074165202E+03	-3.09238758158542E-01
 1.99334347955205E+03	-3.73611505259304E-01
 1.99334621745208E+03	-3.55570430210112E-01
 1.99334895535211E+03	-2.62813322523550E-01
 1.99335169325214E+03	-1.16990983088085E-01
 1.99335443115217E+03	 4.21965918986922E-02
 1.99335716905220E+03	 1.68028108110888E-01
 1.99335990695223E+03	 2.30930113508480E-01
 1.99336264485226E+03	 2.34369117496527E-01
 1.99336538275229E+03	 2.04729869726129E-01
 1.99336812065232E+03	 1.63733466706345E-01
 1.99337085855236E+03	 1.11106373990917E-01
 1.99337359645239E+03	 3.41772785808458E-02
 1.99337633435242E+03	-6.78107088560103E-02
 1.99337907225245E+03	-1.71589843331324E-01
 1.99338181015248E+03	-2.42512856344772E-01
 1.99338454805251E+03	-2.57579010774446E-01
 1.99338728595254E+03	-2.14413465651773E-01
 1.99339002385257E+03	-1.20245969043002E-01
 1.99339276175260E+03	 1.93344895953075E-02
 1.99339549965263E+03	 1.92273037513220E-01
 1.99339823755266E+03	 3.61895344995905E-01
 1.99340097545269E+03	 4.68278745858771E-01
 1.99340371335272E+03	 4.60042230927006E-01
 1.99340645125276E+03	 3.30598005955793E-01
 1.99340918915279E+03	 1.24437837791897E-01
 1.99341192705282E+03	-9.08619851283643E-02
 1.99341466495285E+03	-2.59645818137027E-01
 1.99341740285288E+03	-3.53461619043000E-01
 1.99342014075291E+03	-3.65052011217935E-01
 1.99342287865294E+03	-2.98648944081232E-01
 1.99342561655297E+03	-1.70275364441924E-01
 1.99342835445300E+03	-1.33955485854408E-02
 1.99343109235303E+03	 1.25846608342149E-01
 1.99343383025306E+03	 2.09500190671756E-01
 1.99343656815309E+03	 2.29139880351796E-01
 1.99343930605312E+03	 2.05673722045562E-01
 1.99344204395316E+03	 1.65722722217829E-01
 1.99344478185319E+03	 1.17778194766141E-01
 1.99344751975322E+03	 5.17769339197963E-02
 1.99345025765325E+03	-3.95302310075199E-02
 1.99345299555328E+03	-1.41693510554609E-01
 1.99345573345331E+03	-2.22456080825388E-01
 1.99345847135334E+03	-2.53509585359288E-01
 1.99346120925337E+03	-2.26367960888031E-01
 1.99346394715340E+03	-1.47321814579786E-01
 1.99346668505343E+03	-2.32727278482099E-02
 1.99346942295346E+03	 1.38048009470393E-01
 1.99347216085349E+03	 3.10943597876964E-01
 1.99347489875352E+03	 4.43198772117987E-01
 1.99347763665355E+03	 4.77460695792920E-01
 1.99348037455359E+03	 3.89134485161613E-01
 1.99348311245362E+03	 2.05425757476396E-01
 1.99348585035365E+03	-1.16011423766885E-02
 1.99348858825368E+03	-2.00099548030317E-01
 1.99349132615371E+03	-3.21915376936276E-01
 1.99349406405374E+03	-3.63239545420225E-01
 1.99349680195377E+03	-3.24655674110738E-01
 1.99349953985380E+03	-2.17465710809900E-01
 1.99350227775383E+03	-6.86390910094281E-02
 1.99350501565386E+03	 7.88930364093404E-02
 1.99350775355389E+03	 1.81896986689952E-01
 1.99351049145392E+03	 2.20352087701117E-01
 1.99351322935395E+03	 2.06505581990247E-01
 1.99351596725399E+03	 1.68309555480330E-01
 1.99351870515402E+03	 1.22673622523817E-01
 1.99352144305405E+03	 6.51858139626844E-02
 1.99352418095408E+03	-1.48231712069125E-02
 1.99352691885411E+03	-1.11793662933788E-01
 1.99352965675414E+03	-1.98700983376651E-01
 1.99353239465417E+03	-2.44209255408680E-01
 1.99353513255420E+03	-2.33103402642262E-01
 1.99353787045423E+03	-1.68752968840329E-01
 1.99354060835426E+03	-5.95060972502525E-02
 1.99354334625429E+03	 8.83355721652600E-02
 1.99354608415432E+03	 2.58039514545132E-01
 1.99354882205435E+03	 4.07542616309503E-01
 1.99355155995439E+03	 4.79135312949554E-01
 1.99355429785442E+03	 4.33927965507911E-01
 1.99355703575445E+03	 2.80415658512250E-01
 1.99355977365448E+03	 7.03813408948910E-02
 1.99356251155451E+03	-1.31956709376717E-01
 1.99356524945454E+03	-2.79329020038434E-01
 1.99356798735457E+03	-3.49993104660769E-01
 1.99357072525460E+03	-3.40117930381139E-01
 1.99357346315463E+03	-2.56947596708499E-01
 1.99357620105466E+03	-1.21333852098921E-01
 1.99357893895469E+03	 2.88192724189128E-02
 1.99358167685472E+03	 1.48246182872226E-01
 1.99358441475475E+03	 2.06883818222911E-01
 1.99358715265478E+03	 2.06234078401547E-01
 1.99358989055482E+03	 1.71729465192025E-01
 1.99359262845485E+03	 1.26962502114055E-01
 1.99359536635488E+03	 7.52033728546937E-02
 1.99359810425491E+03	 5.83420814422810E-03
 1.99360084215494E+03	-8.32515886266920E-02
 1.99360358005497E+03	-1.72365166833943E-01
 1.99360631795500E+03	-2.30004341301889E-01
 1.99360905585503E+03	-2.34678256711472E-01
 1.99361179375506E+03	-1.84954066891159E-01
 1.99361453165509E+03	-8.96746182866461E-02
 1.99361726955512E+03	 4.41913850316989E-02
 1.99362000745515E+03	 2.06027151940321E-01
 1.99362274535518E+03	 3.64551997845275E-01
 1.99362548325522E+03	 4.66524716242259E-01
 1.99362822115525E+03	 4.63650614000184E-01
 1.99363095905528E+03	 3.46250641184155E-01
 1.99363369695531E+03	 1.51963298230140E-01
 1.99363643485534E+03	-5.71130276719860E-02
 1.99363917275537E+03	-2.26401575896017E-01
 1.99364191065540E+03	-3.25365203316278E-01
 1.99364464855543E+03	-3.44594498675769E-01
 1.99364738645546E+03	-2.87477637805762E-01
 1.99365012435549E+03	-1.69447982838225E-01
 1.99365286225552E+03	-2.24359948929362E-02
 1.99365560015555E+03	 1.09232248622328E-01
 1.99365833805558E+03	 1.87934425446506E-01
 1.99366107595562E+03	 2.03653764724539E-01
 1.99366381385565E+03	 1.75722638492887E-01
 1.99366655175568E+03	 1.31574720925972E-01
 1.99366928965571E+03	 8.28871938899146E-02
 1.99367202755574E+03	 2.24297529552998E-02
 1.99367476545577E+03	-5.72388774546468E-02
 1.99367750335580E+03	-1.44781276725989E-01
 1.99368024125583E+03	-2.11505633255249E-01
 1.99368297915586E+03	-2.31161120500155E-01
 1.99368571705589E+03	-1.96205739060441E-01
 1.99368845495592E+03	-1.14276331881918E-01
 1.99369119285595E+03	 6.00285735753070E-03
 1.99369393075598E+03	 1.57094667316109E-01
 1.99369666865601E+03	 3.17497899258702E-01
 1.99369940655605E+03	 4.41911336604661E-01
 1.99370214445608E+03	 4.77997702834654E-01
 1.99370488235611E+03	 4.00289088598505E-01
 1.99370762025614E+03	 2.29837209321896E-01
 1.99371035815617E+03	 2.20069236470680E-02
 1.99371309605620E+03	-1.64264483232414E-01
 1.99371583395623E+03	-2.89639257640318E-01
 1.99371857185626E+03	-3.37872476217787E-01
 1.99372130975629E+03	-3.08164045785632E-01
 1.99372404765632E+03	-2.11225755007543E-01
 1.99372678555635E+03	-7.28195283729146E-02
 1.99372952345638E+03	 6.60369696281851E-02
 1.99373226135641E+03	 1.63151480723536E-01
 1.99373499925645E+03	 1.97531298310147E-01
 1.99373773715648E+03	 1.79580520820281E-01
 1.99374047505651E+03	 1.37061934143919E-01
 1.99374321295654E+03	 8.93863400546315E-02
 1.99374595085657E+03	 3.54012336871733E-02
 1.99374868875660E+03	-3.45947367750513E-02
 1.99375142665663E+03	-1.17369692050657E-01
 1.99375416455666E+03	-1.89638361128681E-01
 1.99375690245669E+03	-2.22750216998151E-01
 1.99375964035672E+03	-2.02664586664044E-01
 1.99376237825675E+03	-1.33832854677284E-01
 1.99376511615678E+03	-2.63546306585063E-02
 1.99376785405681E+03	 1.12692211057428E-01
 1.99377059195685E+03	 2.69373827142879E-01
 1.99377332985688E+03	 4.08132556117538E-01
 1.99377606775691E+03	 4.77686822008227E-01
 1.99377880565694E+03	 4.40641602168355E-01
 1.99378154355697E+03	 3.00758887897478E-01
 1.99378428145700E+03	 1.02531531792114E-01
 1.99378701935703E+03	-9.45485167117883E-02
 1.99378975725706E+03	-2.43398847654328E-01
 1.99379249515709E+03	-3.19948635090192E-01
 1.99379523305712E+03	-3.18424361642644E-01
 1.99379797095715E+03	-2.45244985649578E-01
 1.99380070885718E+03	-1.20324547235049E-01
 1.99380344675721E+03	 2.02250833090608E-02
 1.99380618465725E+03	 1.32695200450998E-01
 1.99380892255728E+03	 1.86790859799207E-01
 1.99381166045731E+03	 1.82255112626724E-01
 1.99381439835734E+03	 1.43514453865769E-01
 1.99381713625737E+03	 9.57605465349616E-02
 1.99381987415740E+03	 4.55563447149488E-02
 1.99382261205743E+03	-1.57237192258170E-02
 1.99382534995746E+03	-9.14782330532511E-02
 1.99382808785749E+03	-1.65606120417888E-01
 1.99383082575752E+03	-2.09878258092506E-01
 1.99383356365755E+03	-2.04432598012085E-01
 1.99383630155758E+03	-1.48780570014591E-01
 1.99383903945761E+03	-5.33297532302666E-02
 1.99384177735764E+03	 7.35523379318999E-02
 1.99384451525768E+03	 2.22654694036186E-01
 1.99384725315771E+03	 3.68268236350398E-01
 1.99384999105774E+03	 4.64347692585035E-01
 1.99385272895777E+03	 4.66337108240584E-01
 1.99385546685780E+03	 3.61817201242999E-01
 1.99385820475783E+03	 1.81296755921193E-01
 1.99386094265786E+03	-1.94041367730184E-02
 1.99386368055789E+03	-1.87610244338331E-01
 1.99386641845792E+03	-2.91045805991237E-01
 1.99386915635795E+03	-3.17941126974471E-01
 1.99387189425798E+03	-2.70429585354281E-01
 1.99387463215801E+03	-1.63121199970681E-01
 1.99387737005804E+03	-2.64017119597351E-02
 1.99388010795808E+03	 9.72366642802510E-02
 1.99388284585811E+03	 1.70673518838738E-01
 1.99388558375814E+03	 1.82514047148808E-01
 1.99388832165817E+03	 1.50544802250106E-01
 1.99389105955820E+03	 1.02811689078201E-01
 1.99389379745823E+03	 5.39368597812449E-02
 1.99389653535826E+03	-5.53524085819862E-04
 1.99389927325829E+03	-6.82165106722086E-02
 1.99390201115832E+03	-1.40790901060572E-01
 1.99390474905835E+03	-1.93274607596797E-01
 1.99390748695838E+03	-2.01661409420320E-01
 1.99391022485841E+03	-1.59430178972518E-01
 1.99391296275844E+03	-7.55123583348998E-02
 1.99391570065848E+03	 3.97952679032204E-02
 1.99391843855851E+03	 1.79146066984072E-01
 1.99392117645854E+03	 3.25325729480648E-01
 1.99392391435857E+03	 4.40316934649682E-01
 1.99392665225860E+03	 4.77394138290422E-01
 1.99392939015863E+03	 4.10690284202589E-01
 1.99393212805866E+03	 2.55062037125491E-01
 1.99393486595869E+03	 5.85423092043522E-02
 1.99393760385872E+03	-1.23694980152372E-01
 1.99394034175875E+03	-2.51661503674972E-01
 1.99394307965878E+03	-3.06633447828903E-01
 1.99394581755881E+03	-2.86030585901831E-01
 1.99394855545884E+03	-1.99645612926575E-01
 1.99395129335887E+03	-7.19591321644592E-02
 1.99395403125891E+03	 5.78960665507827E-02
 1.99395676915894E+03	 1.48850561653520E-01
 1.99395950705897E+03	 1.79118538938520E-01
 1.99396224495900E+03	 1.57339547839860E-01
 1.99396498285903E+03	 1.10952361891966E-01
 1.99396772075906E+03	 6.16461900301675E-02
 1.99397045865909E+03	 1.14372181548007E-02
 1.99397319655912E+03	-4.83144531089559E-02
 1.99397593445915E+03	-1.16604317624287E-01
 1.99397867235918E+03	-1.73966135191655E-01
 1.99398141025921E+03	-1.94660784949559E-01
 1.99398414815924E+03	-1.65991211344771E-01
 1.99398688605927E+03	-9.34867761347214E-02
 1.99398962395931E+03	 1.10901909234873E-02
 1.99399236185934E+03	 1.39933584862218E-01
 1.99399509975937E+03	 2.81962056259929E-01
 1.99399783765940E+03	 4.08365130802913E-01
 1.99400057555943E+03	 4.74785909339021E-01
 1.99400331345946E+03	 4.45853337143630E-01
 1.99400605135949E+03	 3.20764539057165E-01
 1.99400878925952E+03	 1.36303995642936E-01
 1.99401152715955E+03	-5.35682227591116E-02
 1.99401426505958E+03	-2.02636270425285E-01
 1.99401700295961E+03	-2.84655716114000E-01
 1.99401974085964E+03	-2.91593185648917E-01
 1.99402247875967E+03	-2.28645947889568E-01
 1.99402521665971E+03	-1.14621985296787E-01
 1.99402795455974E+03	 1.61352696273413E-02
 1.99403069245977E+03	 1.21478800140400E-01
 1.99403343035980E+03	 1.70999005856850E-01
 1.99403616825983E+03	 1.62771079833225E-01
 1.99403890615986E+03	 1.20130898399070E-01
 1.99404164405989E+03	 6.96657859770227E-02
 1.99404438195992E+03	 2.11228192937579E-02
 1.99404711985995E+03	-3.20311234932849E-02
 1.99404985775998E+03	-9.43151661065013E-02
 1.99405259566001E+03	-1.53211064262100E-01
 1.99405533356004E+03	-1.83981043566914E-01
 1.99405807146007E+03	-1.68644786604982E-01
 1.99406080936010E+03	-1.07741582920577E-01
 1.99406354726014E+03	-1.31615845879166E-02
 1.99406628516017E+03	 1.05426905436126E-01
 1.99406902306020E+03	 2.40275659984522E-01
 1.99407176096023E+03	 3.71392400656759E-01
 1.99407449886026E+03	 4.60302462229964E-01
 1.99407723676029E+03	 4.66708223640423E-01
 1.99407997466032E+03	 3.75780454969424E-01
 1.99408271256035E+03	 2.10715887871290E-01
 1.99408545046038E+03	 2.03773577584631E-02
 1.99408818836041E+03	-1.45222073793643E-01
 1.99409092626044E+03	-2.52425712698962E-01
 1.99409366416047E+03	-2.86927252117160E-01
 1.99409640206050E+03	-2.49192293194522E-01
 1.99409913996054E+03	-1.52737608494284E-01
 1.99410187786057E+03	-2.63761278224530E-02
 1.99410461576060E+03	 8.91951210621943E-02
 1.99410735366063E+03	 1.57404771463728E-01
 1.99411009156066E+03	 1.65552500094026E-01
 1.99411282946069E+03	 1.29823684871711E-01
 1.99411556736072E+03	 7.86879297430342E-02
 1.99411830526075E+03	 2.95790797094315E-02
 1.99412104316078E+03	-1.91318478745094E-02
 1.99412378106081E+03	-7.48837618015273E-02
 1.99412651896084E+03	-1.32373966006079E-01
 1.99412925686087E+03	-1.70445573439641E-01
 1.99413199476090E+03	-1.67638803379920E-01
 1.99413473266094E+03	-1.18642475647035E-01
 1.99413747056097E+03	-3.36549656121604E-02
 1.99414020846100E+03	 7.54790874282847E-02
 1.99414294636103E+03	 2.01688337786793E-01
 1.99414568426106E+03	 3.32132102474557E-01
 1.99414842216109E+03	 4.36327484039081E-01
 1.99415116006112E+03	 4.73615052893747E-01
 1.99415389796115E+03	 4.18158508447320E-01
 1.99415663586118E+03	 2.78666920053109E-01
 1.99415937376121E+03	 9.53542824179803E-02
 1.99416211166124E+03	-8.11280147497570E-02
 1.99416484956127E+03	-2.10674868819732E-01
 1.99416758746130E+03	-2.72094613637941E-01
 1.99417032536134E+03	-2.60663087230513E-01
 1.99417306326137E+03	-1.84903082695984E-01
 1.99417580116140E+03	-6.79007417740668E-02
 1.99417853906143E+03	 5.30564269718480E-02
 1.99418127696146E+03	 1.38009324065030E-01
 1.99418401486149E+03	 1.64413125143446E-01
 1.99418675276152E+03	 1.39095539959141E-01
 1.99418949066155E+03	 8.89901560366567E-02
 1.99419222856158E+03	 3.78987900591431E-02
 1.99419496646161E+03	-8.94037208622576E-03
 1.99419770436164E+03	-5.88332559340147E-02
 1.99420044226167E+03	-1.12762235792250E-01
 1.99420318016170E+03	-1.55120608232211E-01
 1.99420591806173E+03	-1.63376347140792E-01
 1.99420865596177E+03	-1.26461210763299E-01
 1.99421139386180E+03	-5.10475887925270E-02
 1.99421413176183E+03	 4.95530016784209E-02
 1.99421686966186E+03	 1.66923650398671E-01
 1.99421960756189E+03	 2.92899737889314E-01
 1.99422234546192E+03	 4.05559285318489E-01
 1.99422508336195E+03	 4.67819271292224E-01
 1.99422782126198E+03	 4.46792627274587E-01
 1.99423055916201E+03	 3.37355083167509E-01
 1.99423329706204E+03	 1.68330403163636E-01
 1.99423603496207E+03	-1.25222517114649E-02
 1.99423877286210E+03	-1.60505593321767E-01
 1.99424151076213E+03	-2.47419418947232E-01
 1.99424424866217E+03	-2.62723135015880E-01
 1.99424698656220E+03	-2.10006233832267E-01
 1.99424972446223E+03	-1.06761207737508E-01
 1.99425246236226E+03	 1.44382258334136E-02
 1.99425520026229E+03	 1.12960152482797E-01
 1.99425793816232E+03	 1.58269999898682E-01
 1.99426067606235E+03	 1.46718894772831E-01
 1.99426341396238E+03	 1.00370232372107E-01
 1.99426615186241E+03	 4.70021000366553E-02
 1.99426888976244E+03	-4.60235394673356E-04
 1.99427162766247E+03	-4.61824054880272E-02
 1.99427436556250E+03	-9.54526840397427E-02
 1.99427710346253E+03	-1.39222861090187E-01
 1.99427984136257E+03	-1.56470831664966E-01
 1.99428257926260E+03	-1.31442339986871E-01
 1.99428531716263E+03	-6.58804616289527E-02
 1.99428805506266E+03	 2.69024954705517E-02
 1.99429079296269E+03	 1.36073714761875E-01
 1.99429353086272E+03	 2.55416153959743E-01
 1.99429626876275E+03	 3.70712855022829E-01
 1.99429900666278E+03	 4.51282445963339E-01
 1.99430174456281E+03	 4.61507957525565E-01
 1.99430448246284E+03	 3.84532340425269E-01
 1.99430722036287E+03	 2.36235238477885E-01
 1.99430995826290E+03	 5.80247846595589E-02
 1.99431269616293E+03	-1.03435925088256E-01
 1.99431543406296E+03	-2.13519461087993E-01
 1.99431817196300E+03	-2.55306879695484E-01
 1.99432090986303E+03	-2.27237188542171E-01
 1.99432364776306E+03	-1.41442772229653E-01
 1.99432638566309E+03	-2.50905928594391E-02
 1.99432912356312E+03	 8.28708488449768E-02
 1.99433186146315E+03	 1.46372531350132E-01
 1.99433459936318E+03	 1.51334102150128E-01
 1.99433733726321E+03	 1.12151386840411E-01
 1.99434007516324E+03	 5.74707488545276E-02
 1.99434281306327E+03	 7.45205142387795E-03
 1.99434555096330E+03	-3.64541574364056E-02
 1.99434828886333E+03	-8.11398179253618E-02
 1.99435102676336E+03	-1.23978811610816E-01
 1.99435376466340E+03	-1.47749468410239E-01
 1.99435650256343E+03	-1.33882758361533E-01
 1.99435924046346E+03	-7.85560017949167E-02
 1.99436197836349E+03	 6.73791626560331E-03
 1.99436471626352E+03	 1.08734126896477E-01
 1.99436745416355E+03	 2.20722101684024E-01
 1.99437019206358E+03	 3.34241807623677E-01
 1.99437292996361E+03	 4.26438596728073E-01
 1.99437566786364E+03	 4.63045895465052E-01
 1.99437840576367E+03	 4.18705343416252E-01
 1.99438114366370E+03	 2.96200300771842E-01
 1.99438388156373E+03	 1.27661182174399E-01
 1.99438661946376E+03	-4.14113432806974E-02
 1.99438935736380E+03	-1.71348494452059E-01
 1.99439209526383E+03	-2.38615980014250E-01
 1.99439483316386E+03	-2.36081580599516E-01
 1.99439757106389E+03	-1.70664268451502E-01
 1.99440030896392E+03	-6.38982782727807E-02
 1.99440304686395E+03	 4.87614848605667E-02
 1.99440578476398E+03	 1.28402419036676E-01
 1.99440852266401E+03	 1.51627724745981E-01
 1.99441126056404E+03	 1.23256827195695E-01
 1.99441399846407E+03	 6.94315576976236E-02
 1.99441673636410E+03	 1.58881540821661E-02
 1.99441947426413E+03	-2.87617214262520E-02
 1.99442221216416E+03	-7.00345207248669E-02
 1.99442495006419E+03	-1.10459932402854E-01
 1.99442768796423E+03	-1.38198346779802E-01
 1.99443042586426E+03	-1.34197900550635E-01
 1.99443316376429E+03	-8.93646462816844E-02
 1.99443590166432E+03	-1.16474828817130E-02
 1.99443863956435E+03	 8.41787223641939E-02
 1.99444137746438E+03	 1.89187148434806E-01
 1.99444411536441E+03	 2.98115106243703E-01
 1.99444685326444E+03	 3.95908445771861E-01
 1.99444959116447E+03	 4.52947900671356E-01
 1.99445232906450E+03	 4.39262446580482E-01
 1.99445506696453E+03	 3.45803407590838E-01
 1.99445780486456E+03	 1.93432247843317E-01
 1.99446054276459E+03	 2.32324534468567E-02
 1.99446328066463E+03	-1.22233922409678E-01
 1.99446601856466E+03	-2.13133567053477E-01
 1.99446875646469E+03	-2.36307670861153E-01
 1.99447149436472E+03	-1.93417868553983E-01
 1.99447423226475E+03	-1.00409689285447E-01
 1.99447697016478E+03	 1.19599021846236E-02
 1.99447970806481E+03	 1.04518520763770E-01
 1.99448244596484E+03	 1.46503881647228E-01
 1.99448518386487E+03	 1.32342282193557E-01
 1.99448792176490E+03	 8.25069586420317E-02
 1.99449065966493E+03	 2.56939213836486E-02
 1.99449339756496E+03	-2.19607687646019E-02
 1.99449613546499E+03	-6.18337303960689E-02
 1.99449887336503E+03	-9.94239963488733E-02
 1.99450161126506E+03	-1.28855348981002E-01
 1.99450434916509E+03	-1.32952795223688E-01
 1.99450708706512E+03	-9.85419289434348E-02
 1.99450982496515E+03	-2.88033659544508E-02
 1.99451256286518E+03	 6.15430551846677E-02
 1.99451530076521E+03	 1.60602173239438E-01
 1.99451803866524E+03	 2.63674382540660E-01
 1.99452077656527E+03	 3.62209621657636E-01
 1.99452351446530E+03	 4.33352312706718E-01
 1.99452625236533E+03	 4.46506929994987E-01
 1.99452899026536E+03	 3.83283780482577E-01
 1.99453172816539E+03	 2.52499908860028E-01
 1.99453446606543E+03	 8.78642675780038E-02
 1.99453720396546E+03	-6.78920508804535E-02
 1.99453994186549E+03	-1.79650396099235E-01
 1.99454267976552E+03	-2.27957663191501E-01
 1.99454541766555E+03	-2.08983571912870E-01
 1.99454815556558E+03	-1.33202980939726E-01
 1.99455089346561E+03	-2.60194556694796E-02
 1.99455363136564E+03	 7.53448130189269E-02
 1.99455636926567E+03	 1.35225820945821E-01
 1.99455910716570E+03	 1.37966960288891E-01
 1.99456184506573E+03	 9.58399791737162E-02
 1.99456458296576E+03	 3.73101888571839E-02
 1.99456732086579E+03	-1.48452462753159E-02
 1.99457005876582E+03	-5.57698737582987E-02
 1.99457279666586E+03	-9.11927943972194E-02
 1.99457553456589E+03	-1.20668785005873E-01
 1.99457827246592E+03	-1.30845017174161E-01
 1.99458101036595E+03	-1.06333095948128E-01
 1.99458374826598E+03	-4.51017789512456E-02
 1.99458648616601E+03	 3.99880139140133E-02
 1.99458922406604E+03	 1.34333408314001E-01
 1.99459196196607E+03	 2.31585004748289E-01
 1.99459469986610E+03	 3.27500772301332E-01
 1.99459743776613E+03	 4.06730924703292E-01
 1.99460017566616E+03	 4.41589237287809E-01
 1.99460291356619E+03	 4.07696853530186E-01
 1.99460565146622E+03	 3.02376782609314E-01
 1.99460838936626E+03	 1.49708007482423E-01
 1.99461112726629E+03	-1.04049057876855E-02
 1.99461386516632E+03	-1.39292080050323E-01
 1.99461660306635E+03	-2.11349018394265E-01
 1.99461934096638E+03	-2.16927711358103E-01
 1.99462207886641E+03	-1.61077706509473E-01
 1.99462481676644E+03	-6.36016364358510E-02
 1.99462755466647E+03	 4.19077469784120E-02
 1.99463029256650E+03	 1.17510339773336E-01
 1.99463303046653E+03	 1.38778241927985E-01
 1.99463576836656E+03	 1.08189741625170E-01
 1.99463850626659E+03	 5.06728963042946E-02
 1.99464124416662E+03	-6.35689895115639E-03
 1.99464398206666E+03	-5.07353436650706E-02
 1.99464671996669E+03	-8.55911330161111E-02
 1.99464945786672E+03	-1.14347797362210E-01
 1.99465219576675E+03	-1.28637987701460E-01
 1.99465493366678E+03	-1.13042649443494E-01
 1.99465767156681E+03	-6.07609117206932E-02
 1.99466040946684E+03	 1.88220996047063E-02
 1.99466314736687E+03	 1.09508947024899E-01
 1.99466588526690E+03	 2.01879870403994E-01
 1.99466862316693E+03	 2.93391740470150E-01
 1.99467136106696E+03	 3.75600653827973E-01
 1.99467409896699E+03	 4.26345413257543E-01
 1.99467683686702E+03	 4.18984952958909E-01
 1.99467957476705E+03	 3.41143999949679E-01
 1.99468231266709E+03	 2.06036922283102E-01
 1.99468505056712E+03	 4.78518064180062E-02
 1.99468778846715E+03	-9.35330660255067E-02
 1.99469052636718E+03	-1.87085744512070E-01
 1.99469326426721E+03	-2.17095350819671E-01
 1.99469600216724E+03	-1.83094519936762E-01
 1.99469874006727E+03	-9.92666959192089E-02
 1.99470147796730E+03	 5.53575777428952E-03
 1.99470421586733E+03	 9.35654570484546E-02
 1.99470695376736E+03	 1.33684310469229E-01
 1.99470969166739E+03	 1.18083028237688E-01
 1.99471242956742E+03	 6.51877534558682E-02
 1.99471516746745E+03	 4.22384893739002E-03
 1.99471790536749E+03	-4.54645681478116E-02
 1.99472064326752E+03	-8.19618999198230E-02
 1.99472338116755E+03	-1.10233730669922E-01
 1.99472611906758E+03	-1.27054740483993E-01
 1.99472885696761E+03	-1.19051370036056E-01
 1.99473159486764E+03	-7.58959579912876E-02
 1.99473433276767E+03	-2.42900209120276E-03
 1.99473707066770E+03	 8.52067581989518E-02
 1.99473980856773E+03	 1.74081538540307E-01
 1.99474254646776E+03	 2.60841407613565E-01
 1.99474528436779E+03	 3.42248901029462E-01
 1.99474802226782E+03	 4.03062502108747E-01
 1.99475076016785E+03	 4.17951313904337E-01
 1.99475349806789E+03	 3.67621896729016E-01
 1.99475623596792E+03	 2.54390024632488E-01
 1.99475897386795E+03	 1.04331682136169E-01
 1.99476171176798E+03	-4.41828374144628E-02
 1.99476444966801E+03	-1.56073882583618E-01
 1.99476718756804E+03	-2.09604420722967E-01
 1.99476992546807E+03	-1.98591507353495E-01
 1.99477266336810E+03	-1.31643441458974E-01
 1.99477540126813E+03	-3.22624771149181E-02
 1.99477813916816E+03	 6.40704800872051E-02
 1.99478087706819E+03	 1.21991814489023E-01
 1.99478361496822E+03	 1.23999472907499E-01
 1.99478635286825E+03	 7.97831298588208E-02
 1.99478909076828E+03	 1.71351673045276E-02
 1.99479182866832E+03	-3.87463954484126E-02
 1.99479456656835E+03	-7.92591318300457E-02
 1.99479730446838E+03	-1.08219228018273E-01
 1.99480004236841E+03	-1.26651884805096E-01
 1.99480278026844E+03	-1.24792139297486E-01
 1.99480551816847E+03	-9.05762599879977E-02
 1.99480825606850E+03	-2.40058448609410E-02
 1.99481099396853E+03	 6.06165467214149E-02
 1.99481373186856E+03	 1.47377895561551E-01
 1.99481646976859E+03	 2.30151263530975E-01
 1.99481920766862E+03	 3.08508578950928E-01
 1.99482194556865E+03	 3.74202263889063E-01
 1.99482468346868E+03	 4.06138526579652E-01
 1.99482742136872E+03	 3.81467794034789E-01
 1.99483015926875E+03	 2.92783173596764E-01
 1.99483289716878E+03	 1.56484052095354E-01
 1.99483563506881E+03	 6.66685282428921E-03
 1.99483837296884E+03	-1.19531078333018E-01
 1.99484111086887E+03	-1.94845459641404E-01
 1.99484384876890E+03	-2.07185017484777E-01
 1.99484658666893E+03	-1.59575748183850E-01
 1.99484932456896E+03	-6.99236327229710E-02
 1.99485206246899E+03	 3.01058141350005E-02
 1.99485480036902E+03	 1.03491909053565E-01
 1.99485753826905E+03	 1.24563679236042E-01
 1.99486027616908E+03	 9.30329353964137E-02
 1.99486301406912E+03	 3.20611945982653E-02
 1.99486575196915E+03	-2.96342316504696E-02
 1.99486848986918E+03	-7.62076692800024E-02
 1.99487122776921E+03	-1.07734280260932E-01
 1.99487396566924E+03	-1.27699193219567E-01
 1.99487670356927E+03	-1.30686375176908E-01
 1.99487944146930E+03	-1.04869005660725E-01
 1.99488217936933E+03	-4.59419845557779E-02
 1.99488491726936E+03	 3.51553937624921E-02
 1.99488765516939E+03	 1.20820654062495E-01
 1.99489039306942E+03	 2.01048439579952E-01
 1.99489313096945E+03	 2.75610742214317E-01
 1.99489586886948E+03	 3.42120464995614E-01
 1.99489860676952E+03	 3.85626297618694E-01
 1.99490134466955E+03	 3.83184546595703E-01
 1.99490408256958E+03	 3.19885573114900E-01
 1.99490682046961E+03	 2.01947334325513E-01
 1.99490955836964E+03	 5.67386398034378E-02
 1.99491229626967E+03	-7.89782799285640E-02
 1.99491503416970E+03	-1.73485967378107E-01
 1.99491777206973E+03	-2.08763308003102E-01
 1.99492050996976E+03	-1.82161387570424E-01
 1.99492324786979E+03	-1.05943875341028E-01
 1.99492598576982E+03	-6.95376458603779E-03
 1.99492872366985E+03	 7.84864735018687E-02
 1.99493146156988E+03	 1.18717587828656E-01
 1.99493419946991E+03	 1.03330929100830E-01
 1.99493693736995E+03	 4.81404994167110E-02
 1.99493967526998E+03	-1.76214603707966E-02
 1.99494241317001E+03	-7.15064791392551E-02
 1.99494515107004E+03	-1.07807210057374E-01
 1.99494788897007E+03	-1.30090926594572E-01
 1.99495062687010E+03	-1.37052939310911E-01
 1.99495336477013E+03	-1.18855058232301E-01
 1.99495610267016E+03	-6.81173960465018E-02
 1.99495884057019E+03	 8.52739164612668E-03
 1.99496157847022E+03	 9.35153743181167E-02
 1.99496431637025E+03	 1.72839180711353E-01
 1.99496705427028E+03	 2.44130599883340E-01
 1.99496979217031E+03	 3.08819235699045E-01
 1.99497253007035E+03	 3.58775163088523E-01
 1.99497526797038E+03	 3.74035931855410E-01
 1.99497800587041E+03	 3.35135499343479E-01
 1.99498074377044E+03	 2.38746019773430E-01
 1.99498348167047E+03	 1.03706946465660E-01
 1.99498621957050E+03	-3.62027472008066E-02
 1.99498895747053E+03	-1.46473850651188E-01
 1.99499169537056E+03	-2.03479525363446E-01
 1.99499443327059E+03	-1.98767855844091E-01
 1.99499717117062E+03	-1.38970550210970E-01
 1.99499990907065E+03	-4.55650368318140E-02
 1.99500264697068E+03	 4.77554572499011E-02
 1.99500538487071E+03	 1.05850551286582E-01
 1.99500812277075E+03	 1.09090763487733E-01
 1.99501086067078E+03	 6.40541103772760E-02
 1.99501359857081E+03	-2.75503267278308E-03
 1.99501633647084E+03	-6.40450314345928E-02
 1.99501907437087E+03	-1.07195661184274E-01
 1.99502181227090E+03	-1.33310559275512E-01
 1.99502455017093E+03	-1.44008945578375E-01
 1.99502728807096E+03	-1.32610766730861E-01
 1.99503002597099E+03	-9.03188959782156E-02
 1.99503276387102E+03	-1.92715509226060E-02
 1.99503550177105E+03	 6.47762066154296E-02
 1.99503823967108E+03	 1.44604551345361E-01
 1.99504097757111E+03	 2.14028427194358E-01
 1.99504371547114E+03	 2.75764521050221E-01
 1.99504645337118E+03	 3.27950603801686E-01
 1.99504919127121E+03	 3.55878281889562E-01
 1.99505192917124E+03	 3.38776551390216E-01
 1.99505466707127E+03	 2.65464836930651E-01
 1.99505740497130E+03	 1.45364638372404E-01
 1.99506014287133E+03	 6.81441336285617E-03
 1.99506288077136E+03	-1.15031389305547E-01
 1.99506561867139E+03	-1.91747116153317E-01
 1.99506835657142E+03	-2.09032390142607E-01
 1.99507109447145E+03	-1.67865945320576E-01
 1.99507383237148E+03	-8.41436573860726E-02
 1.99507657027151E+03	 1.24746222243304E-02
 1.99507930817154E+03	 8.58719712018517E-02
 1.99508204607158E+03	 1.08943179806752E-01
 1.99508478397161E+03	 7.81796300659013E-02
 1.99508752187164E+03	 1.43302291279675E-02
 1.99509025977167E+03	-5.30995000670957E-02
 1.99509299767170E+03	-1.04570387786505E-01
 1.99509573557173E+03	-1.36461806456293E-01
 1.99509847347176E+03	-1.51385483929195E-01
 1.99510121137179E+03	-1.46159023536654E-01
 1.99510394927182E+03	-1.12289343056242E-01
 1.99510668717185E+03	-4.79929537958857E-02
 1.99510942507188E+03	 3.42271206689248E-02
 1.99511216297191E+03	 1.15405949909435E-01
 1.99511490087194E+03	 1.84772854770222E-01
 1.99511763877198E+03	 2.43790374044452E-01
 1.99512037667201E+03	 2.95264615402356E-01
 1.99512311457204E+03	 3.30929940428776E-01
 1.99512585247207E+03	 3.31806492922919E-01
 1.99512859037210E+03	 2.81374787888909E-01
 1.99513132827213E+03	 1.79800447780188E-01
 1.99513406617216E+03	 4.80067745938445E-02
 1.99513680407219E+03	-8.06303636176142E-02
 1.99513954197222E+03	-1.74236683622002E-01
 1.99514227987225E+03	-2.12853858622322E-01
 1.99514501777228E+03	-1.91743218728598E-01
 1.99514775567231E+03	-1.21177506187746E-01
 1.99515049357234E+03	-2.59008880475446E-02
 1.99515323147237E+03	 5.92206447554526E-02
 1.99515596937241E+03	 1.01903419133741E-01
 1.99515870727244E+03	 8.87884087154450E-02
 1.99516144517247E+03	 3.24617902793642E-02
 1.99516418307250E+03	-3.84783987080696E-02
 1.99516692097253E+03	-9.87251532638464E-02
 1.99516965887256E+03	-1.38367402798904E-01
 1.99517239677259E+03	-1.58680157007333E-01
 1.99517513467262E+03	-1.59401415557345E-01
 1.99517787257265E+03	-1.33752642757725E-01
 1.99518061047268E+03	-7.72017194322054E-02
 1.99518334837271E+03	 1.84228924036720E-03
 1.99518608627274E+03	 8.44692426028131E-02
 1.99518882417277E+03	 1.55522469606842E-01
 1.99519156207281E+03	 2.13098432987719E-01
 1.99519429997284E+03	 2.62368756170552E-01
 1.99519703787287E+03	 3.01509165509741E-01
 1.99519977577290E+03	 3.15843123827804E-01
 1.99520251367293E+03	 2.86491160558807E-01
 1.99520525157296E+03	 2.05564419890834E-01
 1.99520798947299E+03	 8.53605753265120E-02
 1.99521072737302E+03	-4.49407630250850E-02
 1.99521346527305E+03	-1.51869629965222E-01
 1.99521620317308E+03	-2.10382645573745E-01
 1.99521894107311E+03	-2.09979094564578E-01
 1.99522167897314E+03	-1.55315391613308E-01
 1.99522441687317E+03	-6.57685902252204E-02
 1.99522715477321E+03	 2.68145344961469E-02
 1.99522989267324E+03	 8.74876510353045E-02
 1.99523263057327E+03	 9.42571219762189E-02
 1.99523536847330E+03	 5.00563566042855E-02
 1.99523810637333E+03	-2.05950050263001E-02
 1.99524084427336E+03	-8.87809819640358E-02
 1.99524358217339E+03	-1.37725018778853E-01
 1.99524632007342E+03	-1.65062698291485E-01
 1.99524905797345E+03	-1.72049289422643E-01
 1.99525179587348E+03	-1.54409400976404E-01
 1.99525453377351E+03	-1.06348968870839E-01
 1.99525727167354E+03	-3.20705460886341E-02
 1.99526000957357E+03	 5.13225577142999E-02
 1.99526274747361E+03	 1.25334428905601E-01
 1.99526548537364E+03	 1.83346589356130E-01
 1.99526822327367E+03	 2.30324520798392E-01
 1.99527096117370E+03	 2.69775549874909E-01
 1.99527369907373E+03	 2.92923611376809E-01
 1.99527643697376E+03	 2.81552517109997E-01
 1.99527917487379E+03	 2.21798025153289E-01
 1.99528191277382E+03	 1.17068795141386E-01
 1.99528465067385E+03	-9.74958927028030E-03
 1.99528738857388E+03	-1.25801621293581E-01
 1.99529012647391E+03	-2.02011603744310E-01
 1.99529286437394E+03	-2.22210622566731E-01
 1.99529560227397E+03	-1.85426234458187E-01
 1.99529834017400E+03	-1.05507932351351E-01
 1.99530107807404E+03	-1.00470830333243E-02
 1.99530381597407E+03	 6.57659102874714E-02
 1.99530655387410E+03	 9.32641173210718E-02
 1.99530929177413E+03	 6.53046328292152E-02
 1.99531202967416E+03	-4.55207835829474E-04
 1.99531476757419E+03	-7.43531938181003E-02
 1.99531750547422E+03	-1.33299202292435E-01
 1.99532024337425E+03	-1.69440846958575E-01
 1.99532298127428E+03	-1.83573691912788E-01
 1.99532571917431E+03	-1.73906714771998E-01
 1.99532845707434E+03	-1.34833729319266E-01
 1.99533119497437E+03	-6.69305064714008E-02
 1.99533393287440E+03	 1.58726913820887E-02
 1.99533667077444E+03	 9.33669138241013E-02
 1.99533940867447E+03	 1.53807902010455E-01
 1.99534214657450E+03	 1.99564903836291E-01
 1.99534488447453E+03	 2.37509170303963E-01
 1.99534762237456E+03	 2.65263393106257E-01
 1.99535036027459E+03	 2.67920649243560E-01
 1.99535309817462E+03	 2.28308897062104E-01
 1.99535583607465E+03	 1.41682957486022E-01
 1.99535857397468E+03	 2.31480892571808E-02
 1.99536131187471E+03	-9.73886201087704E-02
 1.99536404977474E+03	-1.88367497621570E-01
 1.99536678767477E+03	-2.28323810509990E-01
 1.99536952557480E+03	-2.10629600311341E-01
 1.99537226347484E+03	-1.43591586092036E-01
 1.99537500137487E+03	-4.98114874695799E-02
 1.99537773927490E+03	 3.73491140737798E-02
 1.99538047717493E+03	 8.49445359521769E-02
 1.99538321507496E+03	 7.63868749722653E-02
 1.99538595297499E+03	 2.04376870210356E-02
 1.99538869087502E+03	-5.56550093076972E-02
 1.99539142877505E+03	-1.24121161216871E-01
 1.99539416667508E+03	-1.70582781675150E-01
 1.99539690457511E+03	-1.93191999875702E-01
 1.99539964247514E+03	-1.91793212346106E-01
 1.99540238037517E+03	-1.62040897295927E-01
 1.99540511827520E+03	-1.01968571882761E-01
 1.99540785617523E+03	-2.15832564848854E-02
 1.99541059407527E+03	 5.90458536105404E-02
 1.99541333197530E+03	 1.23571346814986E-01
 1.99541606987533E+03	 1.69947176012697E-01
 1.99541880777536E+03	 2.05955648880159E-01
 1.99542154567539E+03	 2.35006576109295E-01
 1.99542428357542E+03	 2.47412815870274E-01
 1.99542702147545E+03	 2.25576972357296E-01
 1.99542975937548E+03	 1.58242159916947E-01
 1.99543249727551E+03	 5.20775869431950E-02
 1.99543523517554E+03	-6.81301386547464E-02
 1.99543797307557E+03	-1.70299097136206E-01
 1.99544071097560E+03	-2.28440414522381E-01
 1.99544344887563E+03	-2.30303012231574E-01
 1.99544618677567E+03	-1.78668870271913E-01
 1.99544892467570E+03	-9.08105345777529E-02
 1.99545166257573E+03	 3.31746369539971E-03
 1.99545440047576E+03	 6.89856811500216E-02
 1.99545713837579E+03	 8.16886716222352E-02
 1.99545987627582E+03	 4.02472650566242E-02
 1.99546261417585E+03	-3.35210831908920E-02
 1.99546535207588E+03	-1.09665795780662E-01
 1.99546808997591E+03	-1.67281769958461E-01
 1.99547082787594E+03	-1.99903005213099E-01
 1.99547356577597E+03	-2.07475461527899E-01
 1.99547630367600E+03	-1.87350695576531E-01
 1.99547904157603E+03	-1.36316184066060E-01
 1.99548177947607E+03	-6.04031362744510E-02
 1.99548451737610E+03	 2.21745668448080E-02
 1.99548725527613E+03	 9.17514394197269E-02
 1.99548999317616E+03	 1.40883448024280E-01
 1.99549273107619E+03	 1.75755093346720E-01
 1.99549546897622E+03	 2.04000766704630E-01
 1.99549820687625E+03	 2.22087415406959E-01
 1.99550094477628E+03	 2.14688089034310E-01
 1.99550368267631E+03	 1.66360091597748E-01
 1.99550642057634E+03	 7.56190207777343E-02
 1.99550915847637E+03	-3.95881705787649E-02
 1.99551189637640E+03	-1.48856074089881E-01
 1.99551463427643E+03	-2.22906184282648E-01
 1.99551737217646E+03	-2.44074083149036E-01
 1.99552011007650E+03	-2.09617685305868E-01
 1.99552284797653E+03	-1.31390152512236E-01
 1.99552558587656E+03	-3.48946692362271E-02
 1.99552832377659E+03	 4.56539839370404E-02
 1.99553106167662E+03	 7.99876928666060E-02
 1.99553379957665E+03	 5.70135992406780E-02
 1.99553653747668E+03	-9.34646396438096E-03
 1.99553927537671E+03	-8.99780496704745E-02
 1.99554201327674E+03	-1.58540220767284E-01
 1.99554475117677E+03	-2.02573407962283E-01
 1.99554748907680E+03	-2.20193212783710E-01
 1.99555022697683E+03	-2.10123246652900E-01
 1.99555296487686E+03	-1.69079117929464E-01
 1.99555570277690E+03	-9.96851675685114E-02
 1.99555844067693E+03	-1.70237992223491E-02
 1.99556117857696E+03	 5.76747450954651E-02
 1.99556391647699E+03	 1.11524701489496E-01
 1.99556665437702E+03	 1.46960142765790E-01
 1.99556939227705E+03	 1.73625315636295E-01
 1.99557213017708E+03	 1.94011002970352E-01
 1.99557486807711E+03	 1.97201356117147E-01
 1.99557760597714E+03	 1.66255407072769E-01
 1.99558034387717E+03	 9.27308014406460E-02
 1.99558308177720E+03	-1.32852284444244E-02
 1.99558581967723E+03	-1.25252675625521E-01
 1.99558855757726E+03	-2.12280274683878E-01
 1.99559129547730E+03	-2.51805832641832E-01
 1.99559403337733E+03	-2.35567302044409E-01
 1.99559677127736E+03	-1.70016819053261E-01
 1.99559950917739E+03	-7.56375831951160E-02
 1.99560224707742E+03	 1.57554696012116E-02
 1.99560498497745E+03	 7.05878835206574E-02
 1.99560772287748E+03	 6.88784034727705E-02
 1.99561046077751E+03	 1.50508471797879E-02
 1.99561319867754E+03	-6.57279036313621E-02
 1.99561593657757E+03	-1.43745580893819E-01
 1.99561867447760E+03	-2.00068757477836E-01
 1.99562141237763E+03	-2.29028330753493E-01
 1.99562415027766E+03	-2.29669102539047E-01
 1.99562688817770E+03	-1.99384462917786E-01
 1.99562962607773E+03	-1.38371840705788E-01
 1.99563236397776E+03	-5.79290435247899E-02
 1.99563510187779E+03	 2.10174169526965E-02
 1.99563783977782E+03	 8.09673362155179E-02
 1.99564057767785E+03	 1.19135138873823E-01
 1.99564331557787E+03	 1.44693704468135E-01
 1.99564605347791E+03	 1.65037157010122E-01
 1.99564879137794E+03	 1.74966190336840E-01
 1.99565152927797E+03	 1.58718125390857E-01
 1.99565426717800E+03	 1.02844645947915E-01
 1.99565700507803E+03	 9.40996825902788E-03
 1.99565974297806E+03	-1.00811949795951E-01
 1.99566248087809E+03	-1.97322322220657E-01
 1.99566521877813E+03	-2.53581777504701E-01
 1.99566795667816E+03	-2.55898839946600E-01
 1.99567069457819E+03	-2.05352639068011E-01
 1.99567343247822E+03	-1.17188005413228E-01
 1.99567617037825E+03	-1.94589216135846E-02
 1.99567890827828E+03	 5.33866061480756E-02
 1.99568164617831E+03	 7.42948984669000E-02
 1.99568438407834E+03	 3.76244110608836E-02
 1.99568712197837E+03	-3.81839320507675E-02
 1.99568985987840E+03	-1.22810355893920E-01
 1.99569259777843E+03	-1.91412737605966E-01
 1.99569533567846E+03	-2.32956188186806E-01
 1.99569807357849E+03	-2.45221089334604E-01
 1.99570081147853E+03	-2.26396852210269E-01
 1.99570354937856E+03	-1.75350271878290E-01
 1.99570628727859E+03	-9.95991126795916E-02
 1.99570902517862E+03	-1.81220668800837E-02
 1.99571176307865E+03	 4.84498808256892E-02
 1.99571450097868E+03	 9.15168924510121E-02
 1.99571723887871E+03	 1.17439572387323E-01
 1.99571997677874E+03	 1.36625722332354E-01
 1.99572271467877E+03	 1.49912263329722E-01
 1.99572545257880E+03	 1.45013566685410E-01
 1.99572819047883E+03	 1.05916923539921E-01
 1.99573092837886E+03	 2.73964282309414E-02
 1.99573366627889E+03	-7.68897745400876E-02
 1.99573640417893E+03	-1.78971696308252E-01
 1.99573914207896E+03	-2.49694133244882E-01
 1.99574187997899E+03	-2.70232575672313E-01
 1.99574461787902E+03	-2.36297383959620E-01
 1.99574735577905E+03	-1.57875486477529E-01
 1.99575009367908E+03	-5.84249529126906E-02
 1.99575283157911E+03	 2.88709237433210E-02
 1.99575556947914E+03	 7.21951958240496E-02
 1.99575830737917E+03	 5.63237287601526E-02
 1.99576104527920E+03	-9.10749538103461E-03
 1.99576378317923E+03	-9.62530186484478E-02
 1.99576652107926E+03	-1.75952039053750E-01
 1.99576925897929E+03	-2.30939919519275E-01
 1.99577199687932E+03	-2.55923705002863E-01
 1.99577473477936E+03	-2.49308670636707E-01
 1.99577747267939E+03	-2.09531006359950E-01
 1.99578021057942E+03	-1.40877348085643E-01
 1.99578294847945E+03	-5.92187772127989E-02
 1.99578568637948E+03	 1.35113988649420E-02
 1.99578842427951E+03	 6.32094383363773E-02
 1.99579116217954E+03	 9.15834948712517E-02
 1.99579390007957E+03	 1.09724740072162E-01
 1.99579663797960E+03	 1.23839529252204E-01
 1.99579937587963E+03	 1.26734298850820E-01
 1.99580211377966E+03	 1.02426269720852E-01
 1.99580485167969E+03	 3.99394255264998E-02
 1.99580758957972E+03	-5.47823986884727E-02
 1.99581032747976E+03	-1.58313228105827E-01
 1.99581306537979E+03	-2.40634652174429E-01
 1.99581580327982E+03	-2.78411065077380E-01
 1.99581854117985E+03	-2.62001875246319E-01
 1.99582127907988E+03	-1.96180466042007E-01
 1.99582401697991E+03	-9.94121507202293E-02
 1.99582675487994E+03	-1.95028499196578E-03
 1.99582949277997E+03	 6.20956151816337E-02
 1.99583223068000E+03	 6.93178079748085E-02
 1.99583496858003E+03	 1.94186551625566E-02
 1.99583770648006E+03	-6.52049354491759E-02
 1.99584044438009E+03	-1.53501168334391E-01
 1.99584318228012E+03	-2.22058879637952E-01
 1.99584592018016E+03	-2.60853360749457E-01
 1.99584865808019E+03	-2.67316059000382E-01
 1.99585139598022E+03	-2.39894657077111E-01
 1.99585413388025E+03	-1.80508238288102E-01
 1.99585687178028E+03	-1.01377828263630E-01
 1.99585960968031E+03	-2.39085572269529E-02
 1.99586234758034E+03	 3.33817861830435E-02
 1.99586508548037E+03	 6.64660685432198E-02
 1.99586782338040E+03	 8.47279349228259E-02
 1.99587056128043E+03	 9.82353803033602E-02
 1.99587329918046E+03	 1.05618178467113E-01
 1.99587603708049E+03	 9.33145247178192E-02
 1.99587877498052E+03	 4.67388133529452E-02
 1.99588151288055E+03	-3.56257004385597E-02
 1.99588425078059E+03	-1.36525442852824E-01
 1.99588698868062E+03	-2.27084261442445E-01
 1.99588972658065E+03	-2.80484733275364E-01
 1.99589246448068E+03	-2.81861280071525E-01
 1.99589520238071E+03	-2.30797933413790E-01
 1.99589794028074E+03	-1.40665362774273E-01
 1.99590067818077E+03	-3.76630736270669E-02
 1.99590341608080E+03	 4.41304939154512E-02
 1.99590615398083E+03	 7.51885765734288E-02
 1.99590889188086E+03	 4.52042073422975E-02
 1.99591162978089E+03	-3.13392821137285E-02
 1.99591436768092E+03	-1.24442989440230E-01
 1.99591710558095E+03	-2.05654681096672E-01
 1.99591984348099E+03	-2.59076557102811E-01
 1.99592258138102E+03	-2.79596620024794E-01
 1.99592531928105E+03	-2.65504844645637E-01
 1.99592805718108E+03	-2.17239770458317E-01
 1.99593079508111E+03	-1.43434029101223E-01
 1.99593353298114E+03	-6.34374447516421E-02
 1.99593627088117E+03	 1.43938334754957E-03
 1.99593900878120E+03	 4.12239277550329E-02
 1.99594174668123E+03	 6.15094860905282E-02
 1.99594448458126E+03	 7.41418397579788E-02
 1.99594722248129E+03	 8.33555910352704E-02
 1.99594996038132E+03	 7.98760372026666E-02
 1.99595269828135E+03	 4.79551313222075E-02
 1.99595543618139E+03	-2.02979082830216E-02
 1.99595817408142E+03	-1.14810644845654E-01
 1.99596091198145E+03	-2.09895626395056E-01
 1.99596364988148E+03	-2.76702822621856E-01
 1.99596638778151E+03	-2.95498566623453E-01
 1.99596912568154E+03	-2.60667630276648E-01
 1.99597186358157E+03	-1.80523859223005E-01
 1.99597460148160E+03	-7.65933137327955E-02
 1.99597733938163E+03	 1.90159520679359E-02
 1.99598007728166E+03	 7.30705176069240E-02
 1.99598281518169E+03	 6.61787820862555E-02
 1.99598555308172E+03	 3.27056563393041E-03
 1.99598829098175E+03	-8.97663911346645E-02
 1.99599102888179E+03	-1.81472849870315E-01
 1.99599376678182E+03	-2.49744866947061E-01
 1.99599650468185E+03	-2.85305004776741E-01
 1.99599924258188E+03	-2.85494737937734E-01
 1.99600198048191E+03	-2.49896332811122E-01
 1.99600471838194E+03	-1.84071700484022E-01
 1.99600745628197E+03	-1.04301770372918E-01
 1.99601019418200E+03	-3.28536579097064E-02
 1.99601293208203E+03	 1.49803969889362E-02
 1.99601566998206E+03	 3.95267396386337E-02
 1.99601840788209E+03	 5.20882297238995E-02
 1.99602114578212E+03	 6.14106066253605E-02
 1.99602388368215E+03	 6.36079166222333E-02
 1.99602662158218E+03	 4.41866635154498E-02
 1.99602935948222E+03	-9.33926812874627E-03
 1.99603209738225E+03	-9.43104778259168E-02
 1.99603483528228E+03	-1.90062605099774E-01
 1.99603757318231E+03	-2.67508404487791E-01
 1.99604031108234E+03	-3.02747427500312E-01
 1.99604304898237E+03	-2.84977536574934E-01
 1.99604578688240E+03	-2.17507429766573E-01
 1.99604852478243E+03	-1.16957434885175E-01
 1.99605126268246E+03	-1.20450758843222E-02
 1.99605400058249E+03	 6.27218762337268E-02
 1.99605673848252E+03	 8.06032375336137E-02
 1.99605947638255E+03	 3.63453848242781E-02
 1.99606221428258E+03	-5.10313000267239E-02
 1.99606495218262E+03	-1.49776515795268E-01
 1.99606769008265E+03	-2.32216983530656E-01
 1.99607042798268E+03	-2.83598947602608E-01
 1.99607316588271E+03	-2.99041235266777E-01
 1.99607590378274E+03	-2.77414836466170E-01
 1.99607864168277E+03	-2.21940920417104E-01
 1.99608137958280E+03	-1.45410236811549E-01
 1.99608411748283E+03	-6.93148070968185E-02
 1.99608685538286E+03	-1.29777830080218E-02
 1.99608959328289E+03	 1.79722578646670E-02
 1.99609233118292E+03	 3.20951512645819E-02
 1.99609506908295E+03	 4.08787145839860E-02
 1.99609780698298E+03	 4.60396711614587E-02
 1.99610054488302E+03	 3.63972655779597E-02
 1.99610328278305E+03	-2.90156719198575E-03
 1.99610602068308E+03	-7.60148426653918E-02
 1.99610875858311E+03	-1.68672397470753E-01
 1.99611149648314E+03	-2.53532632759770E-01
 1.99611423438317E+03	-3.03640866748257E-01
 1.99611697228320E+03	-3.03150904495862E-01
 1.99611971018323E+03	-2.50366365538518E-01
 1.99612244808326E+03	-1.56999000004682E-01
 1.99612518598329E+03	-4.74979765897848E-02
 1.99612792388332E+03	 4.45234236397271E-02
 1.99613066178335E+03	 8.72383764197753E-02
 1.99613339968338E+03	 6.56219661240250E-02
 1.99613613758341E+03	-1.02618472745963E-02
 1.99613887548345E+03	-1.11411045512835E-01
 1.99614161338348E+03	-2.06190808606455E-01
 1.99614435128351E+03	-2.73701559485133E-01
 1.99614708918354E+03	-3.05344088159498E-01
 1.99614982708357E+03	-2.98846409958520E-01
 1.99615256498360E+03	-2.55750405940291E-01
 1.99615530288363E+03	-1.85467266049493E-01
 1.99615804078366E+03	-1.07347803964180E-01
 1.99616077868369E+03	-4.30619445096949E-02
 1.99616351658372E+03	-4.04944168624460E-03
 1.99616625448375E+03	 1.37454186686109E-02
 1.99616899238378E+03	 2.23984246939015E-02
 1.99617173028381E+03	 2.85638624516237E-02
 1.99617446818385E+03	 2.58018828892276E-02
 1.99617720608388E+03	-7.37433174827658E-04
 1.99617994398391E+03	-6.06753519047814E-02
 1.99618268188394E+03	-1.46839678279710E-01
 1.99618541978397E+03	-2.35581443064900E-01
 1.99618815768400E+03	-2.98407252630682E-01
 1.99619089558403E+03	-3.14827846614703E-01
 1.99619363348406E+03	-2.78099181189146E-01
 1.99619637138409E+03	-1.95096465415671E-01
 1.99619910928412E+03	-8.55895486213580E-02
 1.99620184718415E+03	 1.94112576239423E-02
 1.99620458508418E+03	 8.54518922096080E-02
 1.99620732298421E+03	 8.90737643073746E-02
 1.99621006088425E+03	 3.02209098000932E-02
 1.99621279878428E+03	-6.78047639495366E-02
 1.99621553668431E+03	-1.71824070435410E-01
 1.99621827458434E+03	-2.54997145950114E-01
 1.99622101248437E+03	-3.03626390923537E-01
 1.99622375038440E+03	-3.13334635821239E-01
 1.99622648828443E+03	-2.84324883346566E-01
 1.99622922618446E+03	-2.23093297688664E-01
 1.99623196408449E+03	-1.46002970916868E-01
 1.99623470198452E+03	-7.52975700348054E-02
 1.99623743988455E+03	-2.73470781414735E-02
 1.99624017778458E+03	-3.69160798688372E-03
 1.99624291568461E+03	 6.12619458774534E-03
 1.99624565358464E+03	 1.22894135701787E-02
 1.99624839148468E+03	 1.37230474151294E-02
 1.99625112938471E+03	-2.23433260027198E-03
 1.99625386728474E+03	-4.87360139706055E-02
 1.99625660518477E+03	-1.25626402150040E-01
 1.99625934308480E+03	-2.14608011953025E-01
 1.99626208098483E+03	-2.87471101425318E-01
 1.99626481888486E+03	-3.19850528965945E-01
 1.99626755678489E+03	-2.99947113924357E-01
 1.99627029468492E+03	-2.29834710486637E-01
 1.99627303258495E+03	-1.24517133630321E-01
 1.99627577048498E+03	-1.12412070488190E-02
 1.99627850838501E+03	 7.52541004116869E-02
 1.99628124628504E+03	 1.05102537939790E-01
 1.99628398418508E+03	 6.80064409429851E-02
 1.99628672208511E+03	-2.08999142108206E-02
 1.99628945998514E+03	-1.29821238650182E-01
 1.99629219788517E+03	-2.27149213521344E-01
 1.99629493578520E+03	-2.93168019596388E-01
 1.99629767368523E+03	-3.20087059472707E-01
 1.99630041158526E+03	-3.06624457460912E-01
 1.99630314948529E+03	-2.56930149481688E-01
 1.99630588738532E+03	-1.84075934646708E-01
 1.99630862528535E+03	-1.09301265849166E-01
 1.99631136318538E+03	-5.24940904098610E-02
 1.99631410108541E+03	-2.11026438441978E-02
 1.99631683898544E+03	-8.22488536073157E-03
 1.99631957688548E+03	-2.06398214161999E-03
 1.99632231478551E+03	 1.43620262690368E-03
 1.99632505268554E+03	-6.49192753819781E-03
 1.99632779058557E+03	-4.02930823841257E-02
 1.99633052848560E+03	-1.05955305744775E-01
 1.99633326638563E+03	-1.91666532624984E-01
 1.99633600428566E+03	-2.71452313143886E-01
 1.99633874218569E+03	-3.18257021907078E-01
 1.99634148008572E+03	-3.15376953438118E-01
 1.99634421798575E+03	-2.60040523069301E-01
 1.99634695588578E+03	-1.62555738385616E-01
 1.99634969378581E+03	-4.57713374090256E-02
 1.99635243168584E+03	 5.72635140427704E-02
 1.99635516958588E+03	 1.12678200736741E-01
 1.99635790748591E+03	 1.00816354301492E-01
 1.99636064538594E+03	 2.69817543973750E-02
 1.99636338328597E+03	-8.14678028425870E-02
 1.99636612118600E+03	-1.90222418775508E-01
 1.99636885908603E+03	-2.73375788551625E-01
 1.99637159698606E+03	-3.18358420680713E-01
 1.99637433488609E+03	-3.21733112776080E-01
 1.99637707278612E+03	-2.85715795633158E-01
 1.99637981068615E+03	-2.20222958202281E-01
 1.99638254858618E+03	-1.44314561233775E-01
 1.99638528648621E+03	-7.97248244211475E-02
 1.99638802438624E+03	-3.93638230633489E-02
 1.99639076228627E+03	-2.12910317768693E-02
 1.99639350018631E+03	-1.42177730153897E-02
 1.99639623808634E+03	-9.97632336832399E-03
 1.99639897598637E+03	-1.24349715582422E-02
 1.99640171388640E+03	-3.50929296680353E-02
 1.99640445178643E+03	-8.85284060000974E-02
 1.99640718968646E+03	-1.67846793891600E-01
 1.99640992758649E+03	-2.51155916409016E-01
 1.99641266548652E+03	-3.10283886044037E-01
 1.99641540338655E+03	-3.24063315456207E-01
 1.99641814128658E+03	-2.84788712336979E-01
 1.99642087918661E+03	-1.98151548349423E-01
 1.99642361708664E+03	-8.23829743510490E-02
 1.99642635498667E+03	 3.26129215134017E-02
 1.99642909288671E+03	 1.11412279567396E-01
 1.99643183078674E+03	 1.26712410793591E-01
 1.99643456868677E+03	 7.33245857851152E-02
 1.99643730658680E+03	-2.85998333805002E-02
 1.99644004448683E+03	-1.44786442158278E-01
 1.99644278238686E+03	-2.43884890156081E-01
 1.99644552028689E+03	-3.07461377522051E-01
 1.99644825818692E+03	-3.28831053748527E-01
 1.99645099608695E+03	-3.08321789999555E-01
 1.99645373398698E+03	-2.53070990794357E-01
 1.99645647188701E+03	-1.79281608413052E-01
 1.99645920978704E+03	-1.08885357057549E-01
 1.99646194768707E+03	-5.91881664546181E-02
 1.99646468558711E+03	-3.39239628359894E-02
 1.99646742348714E+03	-2.43278139005679E-02
 1.99647016138717E+03	-1.97438317067391E-02
 1.99647289928720E+03	-1.89483221802320E-02
 1.99647563718723E+03	-3.25718131798947E-02
 1.99647837508726E+03	-7.37631752642113E-02
 1.99648111298729E+03	-1.44193823478985E-01
 1.99648385088732E+03	-2.27545050171878E-01
 1.99648658878735E+03	-2.96372861931073E-01
 1.99648932668738E+03	-3.25878406498439E-01
 1.99649206458741E+03	-3.03389719005513E-01
 1.99649480248744E+03	-2.29977879378713E-01
 1.99649754038747E+03	-1.19289234824530E-01
 1.99650027828750E+03	 2.81383600695865E-03
 1.99650301618754E+03	 1.01560273327037E-01
 1.99650575408757E+03	 1.44265596109240E-01
 1.99650849198760E+03	 1.15633892307020E-01
 1.99651122988763E+03	 2.64939716030415E-02
 1.99651396778766E+03	-9.19799897251482E-02
 1.99651670568769E+03	-2.04677470541357E-01
 1.99651944358772E+03	-2.86813949590012E-01
 1.99652218148775E+03	-3.27169541838381E-01
 1.99652491938778E+03	-3.23756331503027E-01
 1.99652765728781E+03	-2.81304754535645E-01
 1.99653039518784E+03	-2.12952048243872E-01
 1.99653313308787E+03	-1.39439430205042E-01
 1.99653587098790E+03	-8.10066481295561E-02
 1.99653860888794E+03	-4.70375996951102E-02
 1.99654134678797E+03	-3.29221698861406E-02
 1.99654408468800E+03	-2.74831428680417E-02
 1.99654682258803E+03	-2.50168909801544E-02
 1.99654956048806E+03	-3.19352812144561E-02
 1.99655229838809E+03	-6.17581003210553E-02
 1.99655503628812E+03	-1.21621411491759E-01
 1.99655777418815E+03	-2.01692834200253E-01
 1.99656051208818E+03	-2.77173745683898E-01
 1.99656324998821E+03	-3.20892511996910E-01
 1.99656598788824E+03	-3.15370848014480E-01
 1.99656872578827E+03	-2.56956928744069E-01
 1.99657146368830E+03	-1.54827081797732E-01
 1.99657420158834E+03	-3.03989854205193E-02
 1.99657693948837E+03	 8.39581882772871E-02
 1.99657967738840E+03	 1.52667001361383E-01
 1.99658241528843E+03	 1.51653777982191E-01
 1.99658515318846E+03	 8.12303869447134E-02
 1.99658789108849E+03	-3.35174572570533E-02
 1.99659062898852E+03	-1.56197781512908E-01
 1.99659336688855E+03	-2.56023824814670E-01
 1.99659610478858E+03	-3.16066377141357E-01
 1.99659884268861E+03	-3.31144578410062E-01
 1.99660158058864E+03	-3.03720694330106E-01
 1.99660431848867E+03	-2.43988461958324E-01
 1.99660705638870E+03	-1.70521209285111E-01
 1.99660979428873E+03	-1.04895661171418E-01
 1.99661253218877E+03	-6.14569089650118E-02
 1.99661527008880E+03	-4.07940803047140E-02
 1.99661800798883E+03	-3.32227089934962E-02
 1.99662074588886E+03	-2.98521105720695E-02
 1.99662348378889E+03	-3.22687550303294E-02
 1.99662622168892E+03	-5.22959902520540E-02
 1.99662895958895E+03	-1.00831598138144E-01
 1.99663169748898E+03	-1.74713361039386E-01
 1.99663443538901E+03	-2.53534489329155E-01
 1.99663717328904E+03	-3.09383093955108E-01
 1.99663991118907E+03	-3.20461537436869E-01
 1.99664264908910E+03	-2.78256305309441E-01
 1.99664538698913E+03	-1.87535413930076E-01
 1.99664812488917E+03	-6.52211835314331E-02
 1.99665086278920E+03	 5.99070198709322E-02
 1.99665360068923E+03	 1.51769935979492E-01
 1.99665633858926E+03	 1.79561150518079E-01
 1.99665907648929E+03	 1.32933215850451E-01
 1.99666181438932E+03	 2.83714179411590E-02
 1.99666455228935E+03	-9.94406143066837E-02
 1.99666729018938E+03	-2.14999903139842E-01
 1.99667002808941E+03	-2.94935277498812E-01
 1.99667276598944E+03	-3.29703457479355E-01
 1.99667550388947E+03	-3.19246781632066E-01
 1.99667824178950E+03	-2.71060108900633E-01
 1.99668097968953E+03	-2.01020029319045E-01
 1.99668371758957E+03	-1.30555498824085E-01
 1.99668645548960E+03	-7.77886000338766E-02
 1.99668919338963E+03	-4.88663127642991E-02
 1.99669193128966E+03	-3.73730145038692E-02
 1.99669466918969E+03	-3.29880203361101E-02
 1.99669740708972E+03	-3.26655990571923E-02
 1.99670014498975E+03	-4.48881552796613E-02
 1.99670288288978E+03	-8.22533601918871E-02
 1.99670562078981E+03	-1.47677290491018E-01
 1.99670835868984E+03	-2.26471077214714E-01
 1.99671109658987E+03	-2.91845809804879E-01
 1.99671383448990E+03	-3.18588989859556E-01
 1.99671657238993E+03	-2.93272275788961E-01
 1.99671931028997E+03	-2.16196024656303E-01
 1.99672204819000E+03	-9.99122073209222E-02
 1.99672478609003E+03	 3.10247071884215E-02
 1.99672752399006E+03	 1.42062501662440E-01
 1.99673026189009E+03	 1.98112721624244E-01
 1.99673299979012E+03	 1.79054680669220E-01
 1.99673573769015E+03	 9.10686323887994E-02
 1.99673847559018E+03	-3.59913621555562E-02
 1.99674121349021E+03	-1.64073008372632E-01
 1.99674395139024E+03	-2.63354096001184E-01
 1.99674668929027E+03	-3.18729678842259E-01
 1.99674942719030E+03	-3.26936033390707E-01
 1.99675216509033E+03	-2.92910425066386E-01
 1.99675490299036E+03	-2.29679014570410E-01
 1.99675764089040E+03	-1.57336237184247E-01
 1.99676037879043E+03	-9.63286299944877E-02
 1.99676311669046E+03	-5.80461281567866E-02
 1.99676585459049E+03	-4.06486882348669E-02
 1.99676859249052E+03	-3.43341451254501E-02
 1.99677133039055E+03	-3.23556953465082E-02
 1.99677406829058E+03	-3.88562924074859E-02
 1.99677680619061E+03	-6.60123280976706E-02
 1.99677954409064E+03	-1.21522265405018E-01
 1.99678228199067E+03	-1.97113532110668E-01
 1.99678501989070E+03	-2.68998072940448E-01
 1.99678775779073E+03	-3.09885099708780E-01
 1.99679049569076E+03	-3.01611582000329E-01
 1.99679323359080E+03	-2.39843429504703E-01
 1.99679597149083E+03	-1.32896097993284E-01
 1.99679870939086E+03	-9.12622948777283E-04
 1.99680144729089E+03	 1.24579209218396E-01
 1.99680418519092E+03	 2.06728694396193E-01
 1.99680692309095E+03	 2.17389653894127E-01
 1.99680966099098E+03	 1.51751000182610E-01
 1.99681239889101E+03	 3.19980532916318E-02
 1.99681513679104E+03	-1.04102374707224E-01
 1.99681787469107E+03	-2.21166769915327E-01
 1.99682061259110E+03	-2.97616602891197E-01
 1.99682335049113E+03	-3.25948305472959E-01
 1.99682608839116E+03	-3.08393727493455E-01
 1.99682882629120E+03	-2.55189889249418E-01
 1.99683156419123E+03	-1.84300535435937E-01
 1.99683430209126E+03	-1.17014794525490E-01
 1.99683703999129E+03	-6.90901078642904E-02
 1.99683977789132E+03	-4.39541194789029E-02
 1.99684251579135E+03	-3.41783333629119E-02
 1.99684525369138E+03	-3.08167886287000E-02
 1.99684799159141E+03	-3.34426764757835E-02
 1.99685072949144E+03	-5.19394931311759E-02
 1.99685346739147E+03	-9.69714829055431E-02
 1.99685620529150E+03	-1.66629709396922E-01
 1.99685894319153E+03	-2.41765650963602E-01
 1.99686168109156E+03	-2.94700230269952E-01
 1.99686441899159E+03	-3.03080809816824E-01
 1.99686715689163E+03	-2.57754061635690E-01
 1.99686989479166E+03	-1.62824538969738E-01
 1.99687263269169E+03	-3.41195886900079E-02
 1.99687537059172E+03	 1.00767692907054E-01
 1.99687810849175E+03	 2.05505905143713E-01
 1.99688084639178E+03	 2.46256449195347E-01
 1.99688358429181E+03	 2.07609409168221E-01
 1.99688632219184E+03	 1.01903949211237E-01
 1.99688906009187E+03	-3.65435211196819E-02
 1.99689179799190E+03	-1.68604170963933E-01
 1.99689453589193E+03	-2.65908581140329E-01
 1.99689727379196E+03	-3.15538003271604E-01
 1.99690001169199E+03	-3.16485017951758E-01
 1.99690274959203E+03	-2.76270169108567E-01
 1.99690548749206E+03	-2.10308508058491E-01
 1.99690822539209E+03	-1.39425289736922E-01
 1.99691096329212E+03	-8.24953042744826E-02
 1.99691370119215E+03	-4.82488146579524E-02
 1.99691643909218E+03	-3.31396899083215E-02
 1.99691917699221E+03	-2.78528522651717E-02
 1.99692191489224E+03	-2.79341909022883E-02
 1.99692465279227E+03	-3.96210962009169E-02
 1.99692739069230E+03	-7.44744296310400E-02
 1.99693012859233E+03	-1.36134193312395E-01
 1.99693286649236E+03	-2.11245350920509E-01
 1.99693560439239E+03	-2.73615318493654E-01
 1.99693834229243E+03	-2.97687446390265E-01
 1.99694108019246E+03	-2.69427013873255E-01
 1.99694381809249E+03	-1.88604275435559E-01
 1.99694655599252E+03	-6.69244897013507E-02
 1.99694929389255E+03	 7.23311082612685E-02
 1.99695203179258E+03	 1.95162939009605E-01
 1.99695476969261E+03	 2.64622550850018E-01
 1.99695750759264E+03	 2.56078183028481E-01
 1.99696024549267E+03	 1.70791928621731E-01
 1.99696298339270E+03	 3.65431340501850E-02
 1.99696572129273E+03	-1.06401675091754E-01
 1.99696845919276E+03	-2.23391803739631E-01
 1.99697119709279E+03	-2.95064111869283E-01
 1.99697393499282E+03	-3.16273899624309E-01
 1.99697667289286E+03	-2.91715298706567E-01
 1.99697941079289E+03	-2.34108583260915E-01
 1.99698214869292E+03	-1.62817297193962E-01
 1.99698488659295E+03	-9.84281536484273E-02
 1.99698762449298E+03	-5.44106453116289E-02
 1.99699036239301E+03	-3.20785988223000E-02
 1.99699310029304E+03	-2.36281696053508E-02
 1.99699583819307E+03	-2.17827838994085E-02
 1.99699857609310E+03	-2.84852113587144E-02
 1.99700131399313E+03	-5.41816860186098E-02
 1.99700405189316E+03	-1.06594345448548E-01
 1.99700678979319E+03	-1.78641583424636E-01
 1.99700952769322E+03	-2.47442005732446E-01
 1.99701226559326E+03	-2.85651152351404E-01
 1.99701500349329E+03	-2.74567200755723E-01
 1.99701774139332E+03	-2.09396781949139E-01
 1.99702047929335E+03	-9.78565186022561E-02
 1.99702321719338E+03	 4.10678721819381E-02
 1.99702595509341E+03	 1.76928634509873E-01
 1.99702869299344E+03	 2.72161467988208E-01
 1.99703143089347E+03	 2.95046209078176E-01
 1.99703416879350E+03	 2.35628957904388E-01
 1.99703690669353E+03	 1.12555592994615E-01
 1.99703964459356E+03	-3.58879130951195E-02
 1.99704238249359E+03	-1.70210482485976E-01
 1.99704512039362E+03	-2.64033555138504E-01
 1.99704785829366E+03	-3.06957872663368E-01
 1.99705059619369E+03	-3.00425793412955E-01
 1.99705333409372E+03	-2.54420217611102E-01
 1.99705607199375E+03	-1.86194499094484E-01
 1.99705880989378E+03	-1.16696264305721E-01
 1.99706154779381E+03	-6.31143390771994E-02
 1.99706428569384E+03	-3.19765307761385E-02
 1.99706702359387E+03	-1.86520374732267E-02
 1.99706976149390E+03	-1.47046920052792E-02
 1.99707249939393E+03	-1.79141425578583E-02
 1.99707523729396E+03	-3.59610384034675E-02
 1.99707797519399E+03	-7.87482458726904E-02
 1.99708071309402E+03	-1.45180537788217E-01
 1.99708345099406E+03	-2.17201491316382E-01
 1.99708618889409E+03	-2.67418744016268E-01
 1.99708892679412E+03	-2.73078071726832E-01
 1.99709166469415E+03	-2.24601441388345E-01
 1.99709440259418E+03	-1.25694752632353E-01
 1.99709714049421E+03	 8.72809459188345E-03
 1.99709987839424E+03	 1.52392090884325E-01
 1.99710261629427E+03	 2.69236563654191E-01
 1.99710535419430E+03	 3.23023567754350E-01
 1.99710809209433E+03	 2.93522424213516E-01
 1.99711082999436E+03	 1.88487303829462E-01
 1.99711356789439E+03	 4.09793114324606E-02
 1.99711630579442E+03	-1.06988514023812E-01
 1.99711904369445E+03	-2.22180382472534E-01
 1.99712178159449E+03	-2.87850693307353E-01
 1.99712451949452E+03	-3.01416408689922E-01
 1.99712725739455E+03	-2.69998909952583E-01
 1.99712999529458E+03	-2.08389759906946E-01
 1.99713273319461E+03	-1.36761663568371E-01
 1.99713547109464E+03	-7.47393069335076E-02
 1.99713820899467E+03	-3.38020270489203E-02
 1.99714094689470E+03	-1.37159970825627E-02
 1.99714368479473E+03	-6.74335268191683E-03
 1.99714642269476E+03	-7.36682952388157E-03
 1.99714916059479E+03	-1.94556611644325E-02
 1.99715189849482E+03	-5.30491725041455E-02
 1.99715463639485E+03	-1.12011548149635E-01
 1.99715737429489E+03	-1.84076452264972E-01
 1.99716011219492E+03	-2.43673128414322E-01
 1.99716285009495E+03	-2.65065772026992E-01
 1.99716558799498E+03	-2.33834025251217E-01
 1.99716832589501E+03	-1.49483105654540E-01
 1.99717106379504E+03	-2.30990046890328E-02
 1.99717380169507E+03	 1.23335869074870E-01
 1.99717653959510E+03	 2.56817666158849E-01
 1.99717927749513E+03	 3.39243484514289E-01
 1.99718201539516E+03	 3.41956908200111E-01
 1.99718475329519E+03	 2.61127707641588E-01
 1.99718749119522E+03	 1.21647583943298E-01
 1.99719022909525E+03	-3.49314975478832E-02
 1.99719296699529E+03	-1.69573362873853E-01
 1.99719570489532E+03	-2.58417881173258E-01
 1.99719844279535E+03	-2.93819309057358E-01
 1.99720118069538E+03	-2.79680104294424E-01
 1.99720391859541E+03	-2.28149331462023E-01
 1.99720665649544E+03	-1.57788439731839E-01
 1.99720939439547E+03	-8.93158211633511E-02
 1.99721213229550E+03	-3.83804471125119E-02
 1.99721487019553E+03	-9.79217584457558E-03
 1.99721760809556E+03	 1.71403781937578E-03
 1.99722034599559E+03	 3.50704073036156E-03
 1.99722308389562E+03	-4.17797961616069E-03
 1.99722582179565E+03	-2.96481929259040E-02
 1.99722855969568E+03	-8.01096640886924E-02
 1.99723129759572E+03	-1.49335952974972E-01
 1.99723403549575E+03	-2.15325764478917E-01
 1.99723677339578E+03	-2.50851202849821E-01
 1.99723951129581E+03	-2.36910061786997E-01
 1.99724224919584E+03	-1.68520368304844E-01
 1.99724498709587E+03	-5.30591389799465E-02
 1.99724772499590E+03	 9.15741580775172E-02
 1.99725046289593E+03	 2.36344958977531E-01
 1.99725320079596E+03	 3.43688507817699E-01
 1.99725593869599E+03	 3.78998717012051E-01
 1.99725867659602E+03	 3.27305221715428E-01
 1.99726141449605E+03	 2.03082323850075E-01
 1.99726415239608E+03	 4.41165909693604E-02
 1.99726689029612E+03	-1.06735293346419E-01
 1.99726962819615E+03	-2.18344482788576E-01
 1.99727236609618E+03	-2.76895012261286E-01
 1.99727510399621E+03	-2.82404936223407E-01
 1.99727784189624E+03	-2.44207635094333E-01
 1.99728057979627E+03	-1.78713838335372E-01
 1.99728331769630E+03	-1.06512559423482E-01
 1.99728605559633E+03	-4.62836699475710E-02
 1.99728879349636E+03	-7.90664073752648E-03
 1.99729153139639E+03	 9.96967196318962E-03
 1.99729426929642E+03	 1.47790648577665E-02
 1.99729700719645E+03	 1.03736814790975E-02
 1.99729974509648E+03	-8.42081220944738E-03
 1.99730248299652E+03	-5.01953831194430E-02
 1.99730522089655E+03	-1.14239593618718E-01
 1.99730795879658E+03	-1.83484386045629E-01
 1.99731069669661E+03	-2.30982060116596E-01
 1.99731343459664E+03	-2.33838409759778E-01
 1.99731617249667E+03	-1.82336908521780E-01
 1.99731891039670E+03	-8.00680391822013E-02
 1.99732164829673E+03	 5.88144787924507E-02
 1.99732438619676E+03	 2.09560760070868E-01
 1.99732712409679E+03	 3.37040410030027E-01
 1.99732986199682E+03	 4.03442213470557E-01
 1.99733259989685E+03	 3.84143673381297E-01
 1.99733533779688E+03	 2.81952121714839E-01
 1.99733807569691E+03	 1.27683239727964E-01
 1.99734081359695E+03	-3.47507244021615E-02
 1.99734355149698E+03	-1.67631221643132E-01
 1.99734628939701E+03	-2.50063070345154E-01
 1.99734902729704E+03	-2.77235970132119E-01
 1.99735176519707E+03	-2.55346258679921E-01
 1.99735450309710E+03	-1.98330302680559E-01
 1.99735724099713E+03	-1.25662625082906E-01
 1.99735997889716E+03	-5.77522817608345E-02
 1.99736271679719E+03	-9.00481850922008E-03
 1.99736545469722E+03	 1.70940632875110E-02
 1.99736819259725E+03	 2.61947239455386E-02
 1.99737093049728E+03	 2.45931813372636E-02
 1.99737366839731E+03	 1.09636227619205E-02
 1.99737640629735E+03	-2.26863546843531E-02
 1.99737914419738E+03	-7.99328639527490E-02
 1.99738188209741E+03	-1.49392336151849E-01
 1.99738461999744E+03	-2.06234679727258E-01
 1.99738735789747E+03	-2.24825090892447E-01
 1.99739009579750E+03	-1.90669284868141E-01
 1.99739283369753E+03	-1.03313417934359E-01
 1.99739557159756E+03	 2.65557655287558E-02
 1.99739830949759E+03	 1.78332505811258E-01
 1.99740104739762E+03	 3.20563701717776E-01
 1.99740378529765E+03	 4.14880006040257E-01
 1.99740652319768E+03	 4.29299738578598E-01
 1.99740926109771E+03	 3.54869604056660E-01
 1.99741199899775E+03	 2.12755869351968E-01
 1.99741473689778E+03	 4.46636033739745E-02
 1.99741747479781E+03	-1.06706027885435E-01
 1.99742021269784E+03	-2.12959282402798E-01
 1.99742295059787E+03	-2.63373936316518E-01
 1.99742568849790E+03	-2.60436229148534E-01
 1.99742842639793E+03	-2.15366792209347E-01
 1.99743116429796E+03	-1.45820290043767E-01
 1.99743390219799E+03	-7.26575385249683E-02
 1.99743664009802E+03	-1.38265928536879E-02
 1.99743937799805E+03	 2.20401695999696E-02
 1.99744211589808E+03	 3.71751126946444E-02
 1.99744485379811E+03	 3.86587100700682E-02
 1.99744759169815E+03	 2.89386046596199E-02
 1.99745032959818E+03	 2.30834776855236E-03
 1.99745306749821E+03	-4.73494453181336E-02
 1.99745580539824E+03	-1.14342001887164E-01
 1.99745854329827E+03	-1.77595973661509E-01
 1.99746128119830E+03	-2.10282422883327E-01
 1.99746401909833E+03	-1.93441235589098E-01
 1.99746675699836E+03	-1.22233985159637E-01
 1.99746949489839E+03	-3.97146955780495E-03
 1.99747223279842E+03	 1.44489297278095E-01
 1.99747497069845E+03	 2.95941208194209E-01
 1.99747770859848E+03	 4.13689811725452E-01
 1.99748044649851E+03	 4.61150590361445E-01
 1.99748318439854E+03	 4.18660324832006E-01
 1.99748592229858E+03	 2.95948917680074E-01
 1.99748866019861E+03	 1.29148696455308E-01
 1.99749139809864E+03	-3.65306103025378E-02
 1.99749413599867E+03	-1.65518696571641E-01
 1.99749687389870E+03	-2.40186316152710E-01
 1.99749961179873E+03	-2.58467686971875E-01
 1.99750234969876E+03	-2.28560626293087E-01
 1.99750508759879E+03	-1.65837611369430E-01
 1.99750782549882E+03	-9.05044684373662E-02
 1.99751056339885E+03	-2.28066416819201E-02
 1.99751330129888E+03	 2.37771047648885E-02
 1.99751603919891E+03	 4.68689930926084E-02
 1.99751877709894E+03	 5.24569103133618E-02
 1.99752151499898E+03	 4.59185002922449E-02
 1.99752425289901E+03	 2.49474445859384E-02
 1.99752699079904E+03	-1.71370992671583E-02
 1.99752972869907E+03	-7.95712096664187E-02
 1.99753246659910E+03	-1.46218909577329E-01
 1.99753520449913E+03	-1.90834915669545E-01
 1.99753794239916E+03	-1.90755013776196E-01
 1.99754068029919E+03	-1.36487463104240E-01
 1.99754341819922E+03	-3.18244185626786E-02
 1.99754615609925E+03	 1.09690112435888E-01
 1.99754889399928E+03	 2.65085591253106E-01
 1.99755163189931E+03	 4.00942507753896E-01
 1.99755436979934E+03	 4.78907508287240E-01
 1.99755710769938E+03	 4.70626142351031E-01
 1.99755984559941E+03	 3.73736403935677E-01
 1.99756258349944E+03	 2.15769254745418E-01
 1.99756532139947E+03	 4.13220927939933E-02
 1.99756805929950E+03	-1.08075277087869E-01
 1.99757079719953E+03	-2.07255366015465E-01
 1.99757353509956E+03	-2.48574672652456E-01
 1.99757627299959E+03	-2.36715361517898E-01
 1.99757901089962E+03	-1.84449136192539E-01
 1.99758174879965E+03	-1.10471852861981E-01
 1.99758448669968E+03	-3.60113415318879E-02
 1.99758722459971E+03	 2.14252712737903E-02
 1.99758996249974E+03	 5.42487316187075E-02
 1.99759270039977E+03	 6.55523865667184E-02
 1.99759543829981E+03	 6.21772598796961E-02
 1.99759817619984E+03	 4.55741206685073E-02
 1.99760091409987E+03	 1.03786084636318E-02
 1.99760365199990E+03	-4.61566409650040E-02
 1.99760638989993E+03	-1.13350274730677E-01
 1.99760912779996E+03	-1.67312112158600E-01
 1.99761186569999E+03	-1.82891939432527E-01
 1.99761460360002E+03	-1.45918651655589E-01
 1.99761734150005E+03	-5.63343195990713E-02
 1.99762007940008E+03	 7.53351221391083E-02
 1.99762281730011E+03	 2.29952269889381E-01
 1.99762555520014E+03	 3.78246653152182E-01
 1.99762829310017E+03	 4.82641584055556E-01
 1.99763103100021E+03	 5.08768755262683E-01
 1.99763376890024E+03	 4.42725100857308E-01
 1.99763650680027E+03	 3.01160062283682E-01
 1.99763924470030E+03	 1.24642986638686E-01
 1.99764198260033E+03	-4.14616726393782E-02
 1.99764472050036E+03	-1.64447397201759E-01
 1.99764745840039E+03	-2.30064011121535E-01
 1.99765019630042E+03	-2.38744853603905E-01
 1.99765293420045E+03	-2.00354120351249E-01
 1.99765567210048E+03	-1.31480376986665E-01
 1.99765841000051E+03	-5.31179005796814E-02
 1.99766114790054E+03	 1.43749835239294E-02
 1.99766388580057E+03	 5.82370347886512E-02
 1.99766662370061E+03	 7.72091560159016E-02
 1.99766936160064E+03	 7.77479687917783E-02
 1.99767209950067E+03	 6.46018388892711E-02
 1.99767483740070E+03	 3.51839171056695E-02
 1.99767757530073E+03	-1.49211398931145E-02
 1.99768031320076E+03	-8.02357986815334E-02
 1.99768305110079E+03	-1.40719947128294E-01
 1.99768578900082E+03	-1.70316520978170E-01
 1.99768852690085E+03	-1.50535417329752E-01
 1.99769126480088E+03	-7.70714288116426E-02
 1.99769400270091E+03	 4.25237243671364E-02
 1.99769674060094E+03	 1.92376823694805E-01
 1.99769947850097E+03	 3.47552886796523E-01
 1.99770221640100E+03	 4.73220171567969E-01
 1.99770495430104E+03	 5.31943777351815E-01
 1.99770769220107E+03	 4.99935174869211E-01
 1.99771043010110E+03	 3.81744183582187E-01
 1.99771316800113E+03	 2.10632237283145E-01
 1.99771590590116E+03	 3.29122757178070E-02
 1.99771864380119E+03	-1.11997985000160E-01
 1.99772138170122E+03	-2.02455890700216E-01
 1.99772411960125E+03	-2.33707650435977E-01
 1.99772685750128E+03	-2.12288643012390E-01
 1.99772959540131E+03	-1.52277622042642E-01
 1.99773233330134E+03	-7.34352480300980E-02
 1.99773507120137E+03	 2.37358214542093E-03
 1.99773780910140E+03	 5.78468376433247E-02
 1.99774054700144E+03	 8.64625214398984E-02
 1.99774328490147E+03	 9.23607804314736E-02
 1.99774602280150E+03	 8.23870376808084E-02
 1.99774876070153E+03	 5.75185422244343E-02
 1.99775149860156E+03	 1.36285702356510E-02
 1.99775423650159E+03	-4.80137389536682E-02
 1.99775697440162E+03	-1.12186063467618E-01
 1.99775971230165E+03	-1.53675619618101E-01
 1.99776245020168E+03	-1.50495856875273E-01
 1.99776518810171E+03	-9.38014830053756E-02
 1.99776792600174E+03	 1.20553086154126E-02
 1.99777066390177E+03	 1.53954227286488E-01
 1.99777340180180E+03	 3.10945867622339E-01
 1.99777613970184E+03	 4.52165315434239E-01
 1.99777887760187E+03	 5.39925233618461E-01
 1.99778161550190E+03	 5.43052010343589E-01
 1.99778435340193E+03	 4.54001676157571E-01
 1.99778709130196E+03	 2.96023153304909E-01
 1.99778982920199E+03	 1.13024536972395E-01
 1.99779256710202E+03	-5.06007694457980E-02
 1.99779530500205E+03	-1.65539878139246E-01
 1.99779804290208E+03	-2.20838319101238E-01
 1.99780078080211E+03	-2.19083991394071E-01
 1.99780351870214E+03	-1.71528078028649E-01
 1.99780625660217E+03	-9.59606088806945E-02
 1.99780899450220E+03	-1.44288905209940E-02
 1.99781173240224E+03	 5.23149502528067E-02
 1.99781447030227E+03	 9.22319307696771E-02
 1.99781720820230E+03	 1.05431048364179E-01
 1.99781994610233E+03	 9.91096382205532E-02
 1.99782268400236E+03	 7.77764934921519E-02
 1.99782542190239E+03	 3.93209272876483E-02
 1.99782815980242E+03	-1.76124132011669E-02
 1.99783089770245E+03	-8.28801174384553E-02
 1.99783363560248E+03	-1.33783592011128E-01
 1.99783637350251E+03	-1.46104905408049E-01
 1.99783911140254E+03	-1.06445109929758E-01
 1.99784184930257E+03	-1.55373368193037E-02
 1.99784458720260E+03	 1.15969274535453E-01
 1.99784732510263E+03	 2.70451264481314E-01
 1.99785006300267E+03	 4.21456002662363E-01
 1.99785280090270E+03	 5.33373083994879E-01
 1.99785553880273E+03	 5.70615558304148E-01
 1.99785827670276E+03	 5.14757608716207E-01
 1.99786101460279E+03	 3.77280360821345E-01
 1.99786375250282E+03	 1.96268064022825E-01
 1.99786649040285E+03	 1.85177884449929E-02
 1.99786922830288E+03	-1.19444529568723E-01
 1.99787196620291E+03	-1.99582647816598E-01
 1.99787470410294E+03	-2.19711822119345E-01
 1.99787744200297E+03	-1.87897910459145E-01
 1.99788017990300E+03	-1.19461504976395E-01
 1.99788291780303E+03	-3.54790660351518E-02
 1.99788565570307E+03	 4.12113652209865E-02
 1.99788839360310E+03	 9.34589707429784E-02
 1.99789113150313E+03	 1.16101606289276E-01
 1.99789386940316E+03	 1.14681903715155E-01
 1.99789660730319E+03	 9.63807145898062E-02
 1.99789934520322E+03	 6.22889991508273E-02
 1.99790208310325E+03	 1.03311850658920E-02
 1.99790482100328E+03	-5.39162727883212E-02
 1.99790755890331E+03	-1.11586356865046E-01
 1.99791029680334E+03	-1.37814465463465E-01
 1.99791303470337E+03	-1.15048033262950E-01
 1.99791577260340E+03	-3.99357092714807E-02
 1.99791851050343E+03	 7.93787514036140E-02
 1.99792124840347E+03	 2.27880926364031E-01
 1.99792398630350E+03	 3.83303052954881E-01
 1.99792672420353E+03	 5.13710258137851E-01
 1.99792946210356E+03	 5.82121656113858E-01
 1.99793220000359E+03	 5.61452874545437E-01
 1.99793493790362E+03	 4.50855330635327E-01
 1.99793767580365E+03	 2.79551018038446E-01
 1.99794041370368E+03	 9.35575758941033E-02
 1.99794315160371E+03	-6.47126061757936E-02
 1.99794588950374E+03	-1.69641741054671E-01
 1.99794862740377E+03	-2.13319975190543E-01
 1.99795136530380E+03	-2.00127364482103E-01
 1.99795410320383E+03	-1.42570742521356E-01
 1.99795684110386E+03	-5.98617949703686E-02
 1.99795957900390E+03	 2.45101992722602E-02
 1.99796231690393E+03	 8.92508034067506E-02
 1.99796505480396E+03	 1.23334475829293E-01
 1.99796779270399E+03	 1.28702205694463E-01
 1.99797053060402E+03	 1.13651577547041E-01
 1.99797326850405E+03	 8.28922835185663E-02
 1.99797600640408E+03	 3.55161832470477E-02
 1.99797874430411E+03	-2.62504945250466E-02
 1.99798148220414E+03	-8.81015472309962E-02
 1.99798422010417E+03	-1.26218685456388E-01
 1.99798695800420E+03	-1.19764991832586E-01
 1.99798969590423E+03	-6.09788236743976E-02
 1.99799243380426E+03	 4.48378276384707E-02
 1.99799517170430E+03	 1.84731658814543E-01
 1.99799790960433E+03	 3.39927723593707E-01
 1.99800064750436E+03	 4.82928408523163E-01
 1.99800338540439E+03	 5.78022071252312E-01
 1.99800612330442E+03	 5.92361722468718E-01
 1.99800886120445E+03	 5.13471359937844E-01
 1.99801159910448E+03	 3.59470067270403E-01
 1.99801433700451E+03	 1.72156176778277E-01
 1.99801707490454E+03	-2.36854492869706E-03
 1.99801981280457E+03	-1.31026185098311E-01
 1.99802255070460E+03	-1.99264680378542E-01
 1.99802528860463E+03	-2.07087708941897E-01
 1.99802802650466E+03	-1.63882006230914E-01
 1.99803076440470E+03	-8.63753765573996E-02
 1.99803350230473E+03	 2.61432407316988E-03
 1.99803624020476E+03	 7.90087110334049E-02
 1.99803897810479E+03	 1.26039313592821E-01
 1.99804171600482E+03	 1.40463284711085E-01
 1.99804445390485E+03	 1.29691297352886E-01
 1.99804719180488E+03	 1.01601213087714E-01
 1.99804992970491E+03	 5.79753824264281E-02
 1.99805266760494E+03	-5.88661679600202E-04
 1.99805540550497E+03	-6.43374981045600E-02
 1.99805814340500E+03	-1.12035909033230E-01
 1.99806088130503E+03	-1.20855172730563E-01
 1.99806361920506E+03	-7.86143250048905E-02
 1.99806635710509E+03	 1.27570933472549E-02
 1.99806909500513E+03	 1.42143442558555E-01
 1.99807183290516E+03	 2.93372482216438E-01
 1.99807457080519E+03	 4.43351101608571E-01
 1.99807730870522E+03	 5.59624519443166E-01
 1.99808004660525E+03	 6.06726211724551E-01
 1.99808278450528E+03	 5.62403044129744E-01
 1.99808552240531E+03	 4.32544640375089E-01
 1.99808826030534E+03	 2.51465044139358E-01
 1.99809099820537E+03	 6.60384222595736E-02
 1.99809373610540E+03	-8.41164801915881E-02
 1.99809647400543E+03	-1.77144820204900E-01
 1.99809921190546E+03	-2.07823636697248E-01
 1.99810194980549E+03	-1.82035805488555E-01
 1.99810468770553E+03	-1.13628152490159E-01
 1.99810742560556E+03	-2.36672116917950E-02
 1.99811016350559E+03	 6.25240249088607E-02
 1.99811290140562E+03	 1.23220015571743E-01
 1.99811563930565E+03	 1.49015831854146E-01
 1.99811837720568E+03	 1.44304551137027E-01
 1.99812111510571E+03	 1.18861855479740E-01
 1.99812385300574E+03	 7.80222413658502E-02
 1.99812659090577E+03	 2.26779740073050E-02
 1.99812932880580E+03	-4.11996096955325E-02
 1.99813206670583E+03	-9.60711469275024E-02
 1.99813480460586E+03	-1.18682778359922E-01
 1.99813754250589E+03	-9.28654521609865E-02
 1.99814028040593E+03	-1.66264114586313E-02
 1.99814301830596E+03	 1.00913101070482E-01
 1.99814575620599E+03	 2.45365450178266E-01
 1.99814849410602E+03	 3.97387968740908E-01
 1.99815123200605E+03	 5.28908199362921E-01
 1.99815396990608E+03	 6.04789021967014E-01
 1.99815670780611E+03	 5.95713539886605E-01
 1.99815944570614E+03	 4.95488716203542E-01
 1.99816218360617E+03	 3.28294224733472E-01
 1.99816492150620E+03	 1.38432281896107E-01
 1.99816765940623E+03	-2.97208975607864E-02
 1.99817039730626E+03	-1.46841870962284E-01
 1.99817313520629E+03	-2.01585192725244E-01
 1.99817587310633E+03	-1.95789172259018E-01
 1.99817861100636E+03	-1.40142609486419E-01
 1.99818134890639E+03	-5.31830792103445E-02
 1.99818408680642E+03	 4.00290678524051E-02
 1.99818682470645E+03	 1.14118081100331E-01
 1.99818956260648E+03	 1.53279186769549E-01
 1.99819230050651E+03	 1.56970200271674E-01
 1.99819503840654E+03	 1.34962662820388E-01
 1.99819777630657E+03	 9.61525291066968E-02
 1.99820051420660E+03	 4.34962082791960E-02
 1.99820325210663E+03	-1.93973424096241E-02
 1.99820599000666E+03	-7.91572640998584E-02
 1.99820872790669E+03	-1.13714040776023E-01
 1.99821146580672E+03	-1.03816233246361E-01
 1.99821420370676E+03	-4.31805809995059E-02
 1.99821694160679E+03	 6.15510934771423E-02
 1.99821967950682E+03	 1.97250085399150E-01
 1.99822241740685E+03	 3.47312756685665E-01
 1.99822515530688E+03	 4.88282120273831E-01
 1.99822789320691E+03	 5.87720423715646E-01
 1.99823063110694E+03	 6.12417061688757E-01
 1.99823336900697E+03	 5.45488383804288E-01
 1.99823610690700E+03	 3.99318504796339E-01
 1.99823884480703E+03	 2.12262812480630E-01
 1.99824158270706E+03	 3.08819875337933E-02
 1.99824432060709E+03	-1.08565533633069E-01
 1.99824705850712E+03	-1.87854922721240E-01
 1.99824979640716E+03	-2.04066890626593E-01
 1.99825253430719E+03	-1.64454046073656E-01
 1.99825527220722E+03	-8.45335747812149E-02
 1.99825801010725E+03	 1.21978671192105E-02
 1.99826074800728E+03	 9.83320487408555E-02
 1.99826348590731E+03	 1.52183227477348E-01
 1.99826622380734E+03	 1.66870908460185E-01
 1.99826896170737E+03	 1.49925819633846E-01
 1.99827169960740E+03	 1.12914115394233E-01
 1.99827443750743E+03	 6.21251351011563E-02
 1.99827717540746E+03	 6.32386357596812E-04
 1.99827991330749E+03	-6.20785497875283E-02
 1.99828265120752E+03	-1.06502096536232E-01
 1.99828538910756E+03	-1.11611687379412E-01
 1.99828812700759E+03	-6.68251228637482E-02
 1.99829086490762E+03	 2.43635574317915E-02
 1.99829360280765E+03	 1.49980526969341E-01
 1.99829634070768E+03	 2.95092501516005E-01
 1.99829907860771E+03	 4.40320772482582E-01
 1.99830181650774E+03	 5.57450381779492E-01
 1.99830455440777E+03	 6.12543583765004E-01
 1.99830729230780E+03	 5.80449681985126E-01
 1.99831003020783E+03	 4.61326885467943E-01
 1.99831276810786E+03	 2.84619493445599E-01
 1.99831550600789E+03	 9.59305565653403E-02
 1.99831824390792E+03	-6.29006572526895E-02
 1.99832098180795E+03	-1.66375665648092E-01
 1.99832371970799E+03	-2.05996222458113E-01
 1.99832645760802E+03	-1.85193859723007E-01
 1.99832919550805E+03	-1.16180023286436E-01
 1.99833193340808E+03	-1.99009663890720E-02
 1.99833467130811E+03	 7.58963730631822E-02
 1.99833740920814E+03	 1.44820463334447E-01
 1.99834014710817E+03	 1.72978021977573E-01
 1.99834288500820E+03	 1.63442506211947E-01
 1.99834562290823E+03	 1.28764709502420E-01
 1.99834836080826E+03	 7.90609923137326E-02
 1.99835109870829E+03	 1.87700648683751E-02
 1.99835383660832E+03	-4.54857801475105E-02
 1.99835657450835E+03	-9.76536770651515E-02
 1.99835931240839E+03	-1.16465390284293E-01
 1.99836205030842E+03	-8.75014509644765E-02
 1.99836478820845E+03	-1.04601839521795E-02
 1.99836752610848E+03	 1.04172593119440E-01
 1.99837026400851E+03	 2.42285312041632E-01
 1.99837300190854E+03	 3.87513383077096E-01
 1.99837573980857E+03	 5.16430218363377E-01
 1.99837847770860E+03	 5.97096190723669E-01
 1.99838121560863E+03	 5.99183042967337E-01
 1.99838395350866E+03	 5.11488223259828E-01
 1.99838669140869E+03	 3.52404469510761E-01
 1.99838942930872E+03	 1.63210500200145E-01
 1.99839216720875E+03	-1.08468533423532E-02
 1.99839490510879E+03	-1.37182290182501E-01
 1.99839764300882E+03	-2.00930226945389E-01
 1.99840038090885E+03	-2.01151951608102E-01
 1.99840311880888E+03	-1.46554622143033E-01
 1.99840585670891E+03	-5.48899560791984E-02
 1.99840859460894E+03	 4.73097489946605E-02
 1.99841133250897E+03	 1.30585796421255E-01
 1.99841407040900E+03	 1.74179981225369E-01
 1.99841680830903E+03	 1.74864706532723E-01
 1.99841954620906E+03	 1.43940538160517E-01
 1.99842228410909E+03	 9.49209102885962E-02
 1.99842502200912E+03	 3.52149354181502E-02
 1.99842775990915E+03	-2.98160668452825E-02
 1.99843049780918E+03	-8.77760642868726E-02
 1.99843323570922E+03	-1.18664467290974E-01
 1.99843597360925E+03	-1.05166470466087E-01
 1.99843871150928E+03	-4.27725888549289E-02
 1.99844144940931E+03	 6.01924539137151E-02
 1.99844418730934E+03	 1.90012259934792E-01
 1.99844692520936E+03	 3.32058954318388E-01
 1.99844966310940E+03	 4.67357789113616E-01
 1.99845240100943E+03	 5.67906768776984E-01
 1.99845513890946E+03	 6.01497988974672E-01
 1.99845787680949E+03	 5.47600462897015E-01
 1.99846061470952E+03	 4.12552278025087E-01
 1.99846335260955E+03	 2.30137316639870E-01
 1.99846609050958E+03	 4.61607505390499E-02
 1.99846882840962E+03	-1.00637136925499E-01
 1.99847156630965E+03	-1.88466191077222E-01
 1.99847430420968E+03	-2.11317670439978E-01
 1.99847704210971E+03	-1.74157717548315E-01
 1.99847978000974E+03	-9.11929330023614E-02
 1.99848251790977E+03	 1.35109003586501E-02
 1.99848525580980E+03	 1.09283613788941E-01
 1.99848799370983E+03	 1.69435366849015E-01
 1.99849073160986E+03	 1.83257162033791E-01
 1.99849346950989E+03	 1.58358257966379E-01
 1.99849620740992E+03	 1.10301585680317E-01
 1.99849894530995E+03	 5.04373222957900E-02
 1.99850168320998E+03	-1.52326684069229E-02
 1.99850442111002E+03	-7.74082846377428E-02
 1.99850715901005E+03	-1.18562425393147E-01
 1.99850989691008E+03	-1.19804849594227E-01
 1.99851263481011E+03	-7.24182035980724E-02
 1.99851537271014E+03	 1.82607473093513E-02
 1.99851811061017E+03	 1.38996731655208E-01
 1.99852084851020E+03	 2.75730326663685E-01
 1.99852358641023E+03	 4.12904190857341E-01
 1.99852632431026E+03	 5.27410251559503E-01
 1.99852906221029E+03	 5.88193552491387E-01
 1.99853180011032E+03	 5.68290358445141E-01
 1.99853453801035E+03	 4.62274824545640E-01
 1.99853727591038E+03	 2.93893109524982E-01
 1.99854001381042E+03	 1.06261979246835E-01
 1.99854275171045E+03	-5.74647651447788E-02
 1.99854548961048E+03	-1.68465113176972E-01
 1.99854822751051E+03	-2.14903125189637E-01
 1.99855096541054E+03	-1.97633630269293E-01
 1.99855370331057E+03	-1.27153310134200E-01
 1.99855644121060E+03	-2.41921859405603E-02
 1.99855917911063E+03	 8.11873678748914E-02
 1.99856191701066E+03	 1.57927697334501E-01
 1.99856465491069E+03	 1.87503269843200E-01
 1.99856739281072E+03	 1.71567809712226E-01
 1.99857013071075E+03	 1.25634298628515E-01
 1.99857286861078E+03	 6.50844117281202E-02
 1.99857560651081E+03	-1.59888939839171E-03
 1.99857834441085E+03	-6.69458746311950E-02
 1.99858108231088E+03	-1.16553176546741E-01
 1.99858382021091E+03	-1.31449705157789E-01
 1.99858655811094E+03	-9.92149977322086E-02
 1.99858929601097E+03	-2.14500655929393E-02
 1.99859203391100E+03	 8.96543702770839E-02
 1.99859477181103E+03	 2.19818263954741E-01
 1.99859750971106E+03	 3.55478035582030E-01
 1.99860024761109E+03	 4.78369029246174E-01
 1.99860298551112E+03	 5.60944385937250E-01
 1.99860572341115E+03	 5.73135336001100E-01
 1.99860846131118E+03	 4.99303408752851E-01
 1.99861119921121E+03	 3.51611274017211E-01
 1.99861393711125E+03	 1.67223806426216E-01
 1.99861667501128E+03	-8.77776280099946E-03
 1.99861941291131E+03	-1.41075715178551E-01
 1.99862215081134E+03	-2.11355701615183E-01
 1.99862488871137E+03	-2.15821463566738E-01
 1.99862762661140E+03	-1.61144835222726E-01
 1.99863036451143E+03	-6.42270573232174E-02
 1.99863310241146E+03	 4.70445656297608E-02
 1.99863584031149E+03	 1.39198959681457E-01
 1.99863857821152E+03	 1.86449863234109E-01
 1.99864131611155E+03	 1.82766143398807E-01
 1.99864405401158E+03	 1.41059662516063E-01
 1.99864679191161E+03	 7.98502530376790E-02
 1.99864952981165E+03	 1.15038726811989E-02
 1.99865226771168E+03	-5.65725295452002E-02
 1.99865500561171E+03	-1.13024569330719E-01
 1.99865774351174E+03	-1.40199555069794E-01
 1.99866048141177E+03	-1.22964613925444E-01
 1.99866321931180E+03	-5.87432184099845E-02
 1.99866595721183E+03	 4.22100935612784E-02
 1.99866869511186E+03	 1.65153245687991E-01
 1.99867143301189E+03	 2.97055742845009E-01
 1.99867417091192E+03	 4.23585520799714E-01
 1.99867690881195E+03	 5.22097355024615E-01
 1.99867964671198E+03	 5.62688681425521E-01
 1.99868238461201E+03	 5.22096868697363E-01
 1.99868512251204E+03	 4.00593835132984E-01
 1.99868786041208E+03	 2.26540206321445E-01
 1.99869059831211E+03	 4.39171079653112E-02
 1.99869333621214E+03	-1.06762634107533E-01
 1.99869607411217E+03	-2.00367606299337E-01
 1.99869881201220E+03	-2.27782738088592E-01
 1.99870154991223E+03	-1.91662587606840E-01
 1.99870428781226E+03	-1.04879060460215E-01
 1.99870702571229E+03	 8.02870844953190E-03
 1.99870976361232E+03	 1.13242539964244E-01
 1.99871250151235E+03	 1.79069450491330E-01
 1.99871523941238E+03	 1.90872078995186E-01
 1.99871797731241E+03	 1.56343520871775E-01
 1.99872071521244E+03	 9.53278337703823E-02
 1.99872345311248E+03	 2.47104351597392E-02
 1.99872619101251E+03	-4.62135140937532E-02
 1.99872892891254E+03	-1.08295697610068E-01
 1.99873166681257E+03	-1.46220349750056E-01
 1.99873440471260E+03	-1.43482564223495E-01
 1.99873714261263E+03	-9.33609280027881E-02
 1.99873988051266E+03	-3.18339106718782E-03
 1.99874261841269E+03	 1.12190458446182E-01
 1.99874535631272E+03	 2.39094519639984E-01
 1.99874809421275E+03	 3.65641281413268E-01
 1.99875083211278E+03	 4.74406134905263E-01
 1.99875357001281E+03	 5.38402171804125E-01
 1.99875630791284E+03	 5.29986923850222E-01
 1.99875904581288E+03	 4.38538720283594E-01
 1.99876178371291E+03	 2.81578855683654E-01
 1.99876452161294E+03	 9.87435279607572E-02
 1.99876725951297E+03	-6.63341059406081E-02
 1.99876999741300E+03	-1.81889039913230E-01
 1.99877273531303E+03	-2.32812125782157E-01
 1.99877547321306E+03	-2.17387261018474E-01
 1.99877821111309E+03	-1.44413568917746E-01
 1.99878094901312E+03	-3.43523271213284E-02
 1.99878368691315E+03	 8.05430118562579E-02
 1.99878642481318E+03	 1.64615728551262E-01
 1.99878916271321E+03	 1.94652683278597E-01
 1.99879190061324E+03	 1.70849681769135E-01
 1.99879463851328E+03	 1.11865563607247E-01
 1.99879737641331E+03	 3.87629900973813E-02
 1.99880011431334E+03	-3.55243087287198E-02
 1.99880285221337E+03	-1.02547913459316E-01
 1.99880559011340E+03	-1.49725216249896E-01
 1.99880832801343E+03	-1.60634867836842E-01
 1.99881106591346E+03	-1.24985504405368E-01
 1.99881380381349E+03	-4.63484835512710E-02
 1.99881654171352E+03	 6.11345624263548E-02
 1.99881927961355E+03	 1.82530804913610E-01
 1.99882201751358E+03	 3.06695385530840E-01
 1.99882475541361E+03	 4.20739837004407E-01
 1.99882749331364E+03	 5.02454591272647E-01
 1.99883023121367E+03	 5.23238557835646E-01
 1.99883296911371E+03	 4.63749603544962E-01
 1.99883570701374E+03	 3.29765912948201E-01
 1.99883844491377E+03	 1.53519890437018E-01
 1.99884118281380E+03	-2.09606267784007E-02
 1.99884392071383E+03	-1.56148419355594E-01
 1.99884665861386E+03	-2.30440107393897E-01
 1.99884939651389E+03	-2.37221837973412E-01
 1.99885213441392E+03	-1.81182839586567E-01
 1.99885487231395E+03	-7.83760711233496E-02
 1.99885761021398E+03	 4.20588760018309E-02
 1.99886034811401E+03	 1.42749476555244E-01
 1.99886308601404E+03	 1.92883165571536E-01
 1.99886582391407E+03	 1.83576594515616E-01
 1.99886856181411E+03	 1.29451414262832E-01
 1.99887129971414E+03	 5.43716595865254E-02
 1.99887403761417E+03	-2.39235436837658E-02
 1.99887677551420E+03	-9.57635438154428E-02
 1.99887951341423E+03	-1.50930472229493E-01
 1.99888225131426E+03	-1.74366320860879E-01
 1.99888498921429E+03	-1.53271617021275E-01
 1.99888772711432E+03	-8.70232007449520E-02
 1.99889046501435E+03	 1.20764661977829E-02
 1.99889320291438E+03	 1.27853356448048E-01
 1.99889594081441E+03	 2.48364232373297E-01
 1.99889867871444E+03	 3.63804583742430E-01
 1.99890141661447E+03	 4.57507967136549E-01
 1.99890415451451E+03	 5.03013952471855E-01
 1.99890689241454E+03	 4.75300241373831E-01
 1.99890963031457E+03	 3.68792337556655E-01
 1.99891236821460E+03	 2.05867388722961E-01
 1.99891510611463E+03	 2.78262454580713E-02
 1.99891784401466E+03	-1.23678606701505E-01
 1.99892058191469E+03	-2.20436553069480E-01
 1.99892331981472E+03	-2.50305387618239E-01
 1.99892605771475E+03	-2.13706888097807E-01
 1.99892879561478E+03	-1.22235099160591E-01
 1.99893153351481E+03	-8.46742939429176E-04
 1.99893427141484E+03	 1.13616987655976E-01
 1.99893700931487E+03	 1.84516883934920E-01
 1.99893974721490E+03	 1.93255053120828E-01
 1.99894248511494E+03	 1.47644944236659E-01
 1.99894522301497E+03	 7.20635491282993E-02
 1.99894796091500E+03	-1.06724400149798E-02
 1.99895069881503E+03	-8.76877549508541E-02
 1.99895343671506E+03	-1.49993270652897E-01
 1.99895617461509E+03	-1.84707792708981E-01
 1.99895891251512E+03	-1.77896177391073E-01
 1.99896165041515E+03	-1.24846154433055E-01
 1.99896438831518E+03	-3.48848023889359E-02
 1.99896712621521E+03	 7.52291462790620E-02
 1.99896986411524E+03	 1.91691240026053E-01
 1.99897260201527E+03	 3.05913766992848E-01
 1.99897533991530E+03	 4.06423616599096E-01
 1.99897807781534E+03	 4.71241503737165E-01
 1.99898081571537E+03	 4.73128952525414E-01
 1.99898355361540E+03	 3.96819055948239E-01
 1.99898629151543E+03	 2.53359416732333E-01
 1.99898902941546E+03	 7.81658312739480E-02
 1.99899176731549E+03	-8.53433456944307E-02
 1.99899450521552E+03	-2.02821986427822E-01
 1.99899724311555E+03	-2.56012785454681E-01
 1.99899998101558E+03	-2.40724030517638E-01
 1.99900271891561E+03	-1.64158692496673E-01
 1.99900545681564E+03	-4.65148182941898E-02
 1.99900819471567E+03	 7.78710542949490E-02
 1.99901093261570E+03	 1.68840538829792E-01
 1.99901367051574E+03	 1.98494274111255E-01
 1.99901640841577E+03	 1.65570863995800E-01
 1.99901914631580E+03	 9.20431866626982E-02
 1.99902188421583E+03	 5.00516636426778E-03
 1.99902462211586E+03	-7.78272543566416E-02
 1.99902736001589E+03	-1.46942465340200E-01
 1.99903009791592E+03	-1.91755238437900E-01
 1.99903283581595E+03	-1.98608615156526E-01
 1.99903557371598E+03	-1.59382731673186E-01
 1.99903831161601E+03	-7.95563926197636E-02
 1.99904104951604E+03	 2.46535899664431E-02
 1.99904378741607E+03	 1.37200494460810E-01
 1.99904652531610E+03	 2.48834061041273E-01
 1.99904926321613E+03	 3.51975493637191E-01
 1.99905200111617E+03	 4.30404782086560E-01
 1.99905473901620E+03	 4.58046745457581E-01
 1.99905747691623E+03	 4.12655068986774E-01
 1.99906021481626E+03	 2.93702194770250E-01
 1.99906295271629E+03	 1.27939295620887E-01
 1.99906569061632E+03	-4.23541688655975E-02
 1.99906842851635E+03	-1.77889107516633E-01
 1.99907116641638E+03	-2.53950856416437E-01
 1.99907390431641E+03	-2.61213242194188E-01
 1.99907664221644E+03	-2.02512271357436E-01
 1.99907938011647E+03	-9.31209150727057E-02
 1.99908211801650E+03	 3.66337386030376E-02
 1.99908485591653E+03	 1.45592236958537E-01
 1.99908759381657E+03	 1.97955925923500E-01
 1.99909033171660E+03	 1.81978649528559E-01
 1.99909306961663E+03	 1.14087351449908E-01
 1.99909580751666E+03	 2.37761451097939E-02
 1.99909854541669E+03	-6.54946095978318E-02
 1.99910128331672E+03	-1.41618533189386E-01
 1.99910402121675E+03	-1.95620450330973E-01
 1.99910675911678E+03	-2.15264559020025E-01
 1.99910949701681E+03	-1.90180277002010E-01
 1.99911223491684E+03	-1.21614129955029E-01
 1.99911497281687E+03	-2.39046644372566E-02
 1.99911771071690E+03	 8.50157447231264E-02
 1.99912044861693E+03	 1.93721628566371E-01
 1.99912318651697E+03	 2.96597959745698E-01
 1.99912592441700E+03	 3.83277778828149E-01
 1.99912866231703E+03	 4.31653612005095E-01
 1.99913140021706E+03	 4.15883215727817E-01
 1.99913413811709E+03	 3.24929369331903E-01
 1.99913687601712E+03	 1.74882821940021E-01
 1.99913961391715E+03	 3.73405205206848E-03
 1.99914235181718E+03	-1.46231903953715E-01
 1.99914508971721E+03	-2.43960444982730E-01
 1.99914782761724E+03	-2.74395931518929E-01
 1.99915056551727E+03	-2.35866232261598E-01
 1.99915330341730E+03	-1.38808155917531E-01
 1.99915604131733E+03	-8.59092319134132E-03
 1.99915877921737E+03	 1.15026317882110E-01
 1.99916151711740E+03	 1.90531230968488E-01
 1.99916425501743E+03	 1.95362528287143E-01
 1.99916699291746E+03	 1.37493511228346E-01
 1.99916973081749E+03	 4.60450059058417E-02
 1.99917246871752E+03	-4.98995752668363E-02
 1.99917520661755E+03	-1.33639564905925E-01
 1.99917794451758E+03	-1.96361448470608E-01
 1.99918068241761E+03	-2.27830061424945E-01
 1.99918342031764E+03	-2.16834054789403E-01
 1.99918615821767E+03	-1.60614292261941E-01
 1.99918889611770E+03	-7.03901167945381E-02
 1.99919163401773E+03	 3.50172725409257E-02
 1.99919437191776E+03	 1.41148533476276E-01
 1.99919710981780E+03	 2.42199033920261E-01
 1.99919984771783E+03	 3.32640492003001E-01
 1.99920258561786E+03	 3.96170022004759E-01
 1.99920532351789E+03	 4.06913046704264E-01
 1.99920806141792E+03	 3.45587996110761E-01
 1.99921079931795E+03	 2.16739246167366E-01
 1.99921353721798E+03	 5.10602528023359E-02
 1.99921627511801E+03	-1.08774528563334E-01
 1.99921901301804E+03	-2.26130429311863E-01
 1.99922175091807E+03	-2.79728035343526E-01
 1.99922448881810E+03	-2.63032742998299E-01
 1.99922722671813E+03	-1.81805211144219E-01
 1.99922996461816E+03	-5.60390735211543E-02
 1.99923270251820E+03	 7.79174926425549E-02
 1.99923544041823E+03	 1.75495879182424E-01
 1.99923817831826E+03	 2.04126646084275E-01
 1.99924091621829E+03	 1.61093853869093E-01
 1.99924365411832E+03	 7.18180868487760E-02
 1.99924639201835E+03	-3.02801761441737E-02
 1.99924912991838E+03	-1.22407915640234E-01
 1.99925186781841E+03	-1.93907162869312E-01
 1.99925460571844E+03	-2.36350730689338E-01
 1.99925734361847E+03	-2.39043818388494E-01
 1.99926008151850E+03	-1.96045162833743E-01
 1.99926281941853E+03	-1.14595247892655E-01
 1.99926555731856E+03	-1.29945149372360E-02
 1.99926829521860E+03	 9.12056052801247E-02
 1.99927103311863E+03	 1.90059450296560E-01
 1.99927377101866E+03	 2.81011533206406E-01
 1.99927650891869E+03	 3.54202721526310E-01
 1.99927924681872E+03	 3.86948684908499E-01
 1.99928198471875E+03	 3.54891010359162E-01
 1.99928472261878E+03	 2.51436760788871E-01
 1.99928746051881E+03	 9.75350316320395E-02
 1.99929019841884E+03	-6.67882724793532E-02
 1.99929293631887E+03	-2.00824442004867E-01
 1.99929567421890E+03	-2.76893865084233E-01
 1.99929841211893E+03	-2.83075612407127E-01
 1.99930115001896E+03	-2.20516694795873E-01
 1.99930388791899E+03	-1.03824804168141E-01
 1.99930662581903E+03	 3.55063866002499E-02
 1.99930936371906E+03	 1.52621208297943E-01
 1.99931210161909E+03	 2.06773021955025E-01
 1.99931483951912E+03	 1.83337321983938E-01
 1.99931757741915E+03	 1.00608201388003E-01
 1.99932031531918E+03	-6.05795339117495E-03
 1.99932305321921E+03	-1.07166249021523E-01
 1.99932579111924E+03	-1.87995167320601E-01
 1.99932852901927E+03	-2.40889031749800E-01
 1.99933126691930E+03	-2.56643320301672E-01
 1.99933400481933E+03	-2.27400690065880E-01
 1.99933674271936E+03	-1.56149954933805E-01
 1.99933948061939E+03	-5.91579887511988E-02
 1.99934221851943E+03	 4.36571708649829E-02
 1.99934495641946E+03	 1.40824257695543E-01
 1.99934769431949E+03	 2.30431497074921E-01
 1.99935043221952E+03	 3.08473575376482E-01
 1.99935317011955E+03	 3.57870559211441E-01
 1.99935590801958E+03	 3.52812796206132E-01
 1.99935864591961E+03	 2.77276335556484E-01
 1.99936138381964E+03	 1.40961349134298E-01
 1.99936412171967E+03	-2.18834410949551E-02
 1.99936685961970E+03	-1.68715155189725E-01
 1.99936959751973E+03	-2.65810777049777E-01
 1.99937233541976E+03	-2.95303239339300E-01
 1.99937507331979E+03	-2.53580081922093E-01
 1.99937781121983E+03	-1.50073880882282E-01
 1.99938054911986E+03	-1.06027118127442E-02
 1.99938328701989E+03	 1.22227227186396E-01
 1.99938602491992E+03	 2.02086251340787E-01
 1.99938876281995E+03	 2.02431694604181E-01
 1.99939150071998E+03	 1.31398523162000E-01
 1.99939423862001E+03	 2.30046450460514E-02
 1.99939697652004E+03	-8.71032710811040E-02
 1.99939971442007E+03	-1.78141618094213E-01
 1.99940245232010E+03	-2.41441785816302E-01
 1.99940519022013E+03	-2.69591589109421E-01
 1.99940792812016E+03	-2.54254366125990E-01
 1.99941066602019E+03	-1.94560074599780E-01
 1.99941340392022E+03	-1.03453945786521E-01
 1.99941614182026E+03	-1.88307930710656E-03
 1.99941887972029E+03	 9.45795653394642E-02
 1.99942161762032E+03	 1.82322784522457E-01
 1.99942435552035E+03	 2.61545767179823E-01
 1.99942709342038E+03	 3.22041848624696E-01
 1.99942983132041E+03	 3.40109937974764E-01
 1.99943256922044E+03	 2.93104631515398E-01
 1.99943530712047E+03	 1.79192631869802E-01
 1.99943804502050E+03	 2.40356220877774E-02
 1.99944078292053E+03	-1.30815737133283E-01
 1.99944352082056E+03	-2.46648999080036E-01
 1.99944625872059E+03	-2.99256901830780E-01
 1.99944899662062E+03	-2.79890499914129E-01
 1.99945173452066E+03	-1.93036830640574E-01
 1.99945447242069E+03	-5.85746737041871E-02
 1.99945721032072E+03	 8.51722849970353E-02
 1.99945994822075E+03	 1.89289449552044E-01
 1.99946268612078E+03	 2.16528351546304E-01
 1.99946542402081E+03	 1.62676612771132E-01
 1.99946816192084E+03	 5.66699005784006E-02
 1.99947089982087E+03	-6.14998602838198E-02
 1.99947363772090E+03	-1.63658833066970E-01
 1.99947637562093E+03	-2.37856690626487E-01
 1.99947911352096E+03	-2.77924027019269E-01
 1.99948185142099E+03	-2.76311969771586E-01
 1.99948458932102E+03	-2.29279495964075E-01
 1.99948732722106E+03	-1.45665691709438E-01
 1.99949006512109E+03	-4.57864463765545E-02
 1.99949280302112E+03	 5.09946818201501E-02
 1.99949554092115E+03	 1.37439727193524E-01
 1.99949827882118E+03	 2.15582175656931E-01
 1.99950101672121E+03	 2.82061482278988E-01
 1.99950375462124E+03	 3.18258135196868E-01
 1.99950649252127E+03	 2.98447584926781E-01
 1.99950923042130E+03	 2.10314835110772E-01
 1.99951196832133E+03	 6.88596429949623E-02
 1.99951470622136E+03	-8.84947411802691E-02
 1.99951744412139E+03	-2.19864809715208E-01
 1.99952018202142E+03	-2.94705839498641E-01
 1.99952291992146E+03	-2.98601020185019E-01
 1.99952565782149E+03	-2.31170588357034E-01
 1.99952839572152E+03	-1.06486636081259E-01
 1.99953113362155E+03	 4.27838762664381E-02
 1.99953387152158E+03	 1.68150520662521E-01
 1.99953660942161E+03	 2.23925516507314E-01
 1.99953934732164E+03	 1.92539346943614E-01
 1.99954208522167E+03	 9.41376958718634E-02
 1.99954482312170E+03	-2.98973114076316E-02
 1.99954756102173E+03	-1.43728518302156E-01
 1.99955029892176E+03	-2.29769953982471E-01
 1.99955303682179E+03	-2.81671529664539E-01
 1.99955577472182E+03	-2.93427000411711E-01
 1.99955851262185E+03	-2.59793937324399E-01
 1.99956125052189E+03	-1.85395172794757E-01
 1.99956398842192E+03	-8.82803251829962E-02
 1.99956672632195E+03	 9.50134296730517E-03
 1.99956946422198E+03	 9.59091832083740E-02
 1.99957220212201E+03	 1.72166014765066E-01
 1.99957494002204E+03	 2.40493769987587E-01
 1.99957767792207E+03	 2.89307393302174E-01
 1.99958041582210E+03	 2.93582192514481E-01
 1.99958315372213E+03	 2.32832095609226E-01
 1.99958589162216E+03	 1.10407946850584E-01
 1.99958862952219E+03	-4.34601928381643E-02
 1.99959136742222E+03	-1.86239050359991E-01
 1.99959410532225E+03	-2.81656902347466E-01
 1.99959684322229E+03	-3.09110150613858E-01
 1.99959958112232E+03	-2.63185186895888E-01
 1.99960231902235E+03	-1.52461749300354E-01
 1.99960505692238E+03	-3.25646785310878E-03
 1.99960779482241E+03	 1.39025663317376E-01
 1.99961053272244E+03	 2.23262692236498E-01
 1.99961327062247E+03	 2.18858740030190E-01
 1.99961600852250E+03	 1.34024631881090E-01
 1.99961874642253E+03	 7.73721518213599E-03
 1.99962148432256E+03	-1.17528656921550E-01
 1.99962422222259E+03	-2.16585953301419E-01
 1.99962696012262E+03	-2.80764846798734E-01
 1.99962969802265E+03	-3.05571473202046E-01
 1.99963243592269E+03	-2.85692776160784E-01
 1.99963517382272E+03	-2.22123447324969E-01
 1.99963791172275E+03	-1.29373413375103E-01
 1.99964064962278E+03	-3.05217253417175E-02
 1.99964338752281E+03	 5.73485221165724E-02
 1.99964612542284E+03	 1.32204563559135E-01
 1.99964886332287E+03	 1.99608744600221E-01
 1.99965160122290E+03	 2.55669293411727E-01
 1.99965433912293E+03	 2.79530375905826E-01
 1.99965707702296E+03	 2.45831216823590E-01
 1.99965981492299E+03	 1.46598284843087E-01
 1.99966255282302E+03	 2.29855985004781E-03
 1.99966529072305E+03	-1.46908049584461E-01
 1.99966802862308E+03	-2.60380760688262E-01
 1.99967076652312E+03	-3.11049309660245E-01
 1.99967350442315E+03	-2.88059200024364E-01
 1.99967624232318E+03	-1.94777959604335E-01
 1.99967898022321E+03	-5.10554370854016E-02
 1.99968171812324E+03	 1.02836693997309E-01
 1.99968445602327E+03	 2.13680213714563E-01
 1.99968719392330E+03	 2.39489053666489E-01
 1.99968993182333E+03	 1.74419597303001E-01
 1.99969266972336E+03	 5.08757720819523E-02
 1.99969540762339E+03	-8.44012505378501E-02
 1.99969814552342E+03	-1.97514089703122E-01
 1.99970088342345E+03	-2.74947374579585E-01
 1.99970362132348E+03	-3.12765539297305E-01
 1.99970635922352E+03	-3.06708681786801E-01
 1.99970909712355E+03	-2.55295359946613E-01
 1.99971183502358E+03	-1.68840674454151E-01
 1.99971457292361E+03	-6.95886119605485E-02
 1.99971731082364E+03	 2.10372492074551E-02
 1.99972004872367E+03	 9.59244932554849E-02
 1.99972278662370E+03	 1.61166298200956E-01
 1.99972552452373E+03	 2.19860516943596E-01
 1.99972826242376E+03	 2.57968453295621E-01
 1.99973100032379E+03	 2.49099514071859E-01
 1.99973373822382E+03	 1.75636464185098E-01
 1.99973647612385E+03	 4.66167603262048E-02
 1.99973921402388E+03	-1.03371657997942E-01
 1.99974195192392E+03	-2.31450019973825E-01
 1.99974468982395E+03	-3.04280989664978E-01
 1.99974742772398E+03	-3.05033425738193E-01
 1.99975016562401E+03	-2.31942700405753E-01
 1.99975290352404E+03	-9.86563072112176E-02
 1.99975564142407E+03	 6.09885901731800E-02
 1.99975837932410E+03	 1.94923146937355E-01
 1.99976111722413E+03	 2.52488825121430E-01
 1.99976385512416E+03	 2.13014917702248E-01
 1.99976659302419E+03	 9.83511672650897E-02
 1.99976933092422E+03	-4.40384502996652E-02
 1.99977206882425E+03	-1.71668465435623E-01
 1.99977480672428E+03	-2.63721088436472E-01
 1.99977754462431E+03	-3.14980016841414E-01
 1.99978028252435E+03	-3.22712548494796E-01
 1.99978302042438E+03	-2.84404246486166E-01
 1.99978575832441E+03	-2.06261680106038E-01
 1.99978849622444E+03	-1.07993120355314E-01
 1.99979123412447E+03	-1.38878717355039E-02
 1.99979397202450E+03	 6.29539184812102E-02
 1.99979670992453E+03	 1.26271216499347E-01
 1.99979944782456E+03	 1.84234083243861E-01
 1.99980218572459E+03	 2.31057370827198E-01
 1.99980492362462E+03	 2.43174074837777E-01
 1.99980766152465E+03	 1.96202591821012E-01
 1.99981039942468E+03	 8.73052540678074E-02
 1.99981313732471E+03	-5.74640104673094E-02
 1.99981587522475E+03	-1.95778502991905E-01
 1.99981861312478E+03	-2.88913531583265E-01
 1.99982135102481E+03	-3.13595460246371E-01
 1.99982408892484E+03	-2.62731904696804E-01
 1.99982682682487E+03	-1.44173847899093E-01
 1.99982956472490E+03	 1.52419543035310E-02
 1.99983230262493E+03	 1.67377228889205E-01
 1.99983504052496E+03	 2.56328696443750E-01
 1.99983777842499E+03	 2.47300640695812E-01
 1.99984051632502E+03	 1.48354466263028E-01
 1.99984325422505E+03	 3.34194320718146E-03
 1.99984599212508E+03	-1.38224225379874E-01
 1.99984873002511E+03	-2.46346769281299E-01
 1.99985146792515E+03	-3.12034205480958E-01
 1.99985420582518E+03	-3.33661886658341E-01
 1.99985694372521E+03	-3.09053613659444E-01
 1.99985968162524E+03	-2.41095860274229E-01
 1.99986241952527E+03	-1.45755017353827E-01
 1.99986515742530E+03	-4.82455285974352E-02
 1.99986789532533E+03	 3.24740251818716E-02
 1.99987063322536E+03	 9.53161274837348E-02
 1.99987337112539E+03	 1.50732618935320E-01
 1.99987610902542E+03	 2.01210661913257E-01
 1.99987884692545E+03	 2.29308105716185E-01
 1.99988158482548E+03	 2.07607192156519E-01
 1.99988432272551E+03	 1.22334794252068E-01
 1.99988706062555E+03	-1.12770205712060E-02
 1.99988979852558E+03	-1.54646858701166E-01
 1.99989253642561E+03	-2.65331981336532E-01
 1.99989527432564E+03	-3.13467800599458E-01
 1.99989801222567E+03	-2.86198818648082E-01
 1.99990075012570E+03	-1.85900948474554E-01
 1.99990348802573E+03	-3.24394866632099E-02
 1.99990622592576E+03	 1.32034713314679E-01
 1.99990896382579E+03	 2.50057705024139E-01
 1.99991170172582E+03	 2.74799398247185E-01
 1.99991443962585E+03	 1.98517692655726E-01
 1.99991717752588E+03	 5.68626254516727E-02
 1.99991991542591E+03	-9.66124478285173E-02
 1.99992265332594E+03	-2.21911363480516E-01
 1.99992539122598E+03	-3.03515511076872E-01
 1.99992812912601E+03	-3.39512312844590E-01
 1.99993086702604E+03	-3.28978725532560E-01
 1.99993360492607E+03	-2.72771851184862E-01
 1.99993634282610E+03	-1.82625919793219E-01
 1.99993908072613E+03	-8.26577144423518E-02
 1.99994181862616E+03	 3.41393163058205E-03
 1.99994455652619E+03	 6.80167473585338E-02
 1.99994729442622E+03	 1.20695766291484E-01
 1.99995003232625E+03	 1.70827164293209E-01
 1.99995277022628E+03	 2.09350840805186E-01
 1.99995550812631E+03	 2.09891086085603E-01
 1.99995824602634E+03	 1.50033433305775E-01
 1.99996098392638E+03	 3.29660369640026E-02
 1.99996372182641E+03	-1.09698576892808E-01
 1.99996645972644E+03	-2.34237752185752E-01
 1.99996919762647E+03	-3.04608985364740E-01
 1.99997193552650E+03	-3.01663296367656E-01
 1.99997467342653E+03	-2.22379064112790E-01
 1.99997741132656E+03	-8.00444981559120E-02
 1.99998014922659E+03	 9.03981162777186E-02
 1.99998288712662E+03	 2.33406727771040E-01
 1.99998562502665E+03	 2.93312381800567E-01
 1.99998836292668E+03	 2.46078444643915E-01
 1.99999110082671E+03	 1.14922301656169E-01
 1.99999383872674E+03	-4.67255930446353E-02
 1.99999657662678E+03	-1.89463494574608E-01
 1.99999931452681E+03	-2.88746343637095E-01
 2.00000205242684E+03	-3.40111832482850E-01
 2.00000479032687E+03	-3.44020734515891E-01
 2.00000752822690E+03	-3.00766673729899E-01
 2.00001026612693E+03	-2.18143879186839E-01
 2.00001300402696E+03	-1.17451696489280E-01
 2.00001574192699E+03	-2.53422530010091E-02
 2.00001847982702E+03	 4.35306394749004E-02
 2.00002121772705E+03	 9.47467372362865E-02
 2.00002395562708E+03	 1.42022066178281E-01
 2.00002669352711E+03	 1.85549925594639E-01
 2.00002943142714E+03	 2.03848090514029E-01
 2.00003216932717E+03	 1.69270800367452E-01
 2.00003490722721E+03	 7.30802974801383E-02
 2.00003764512724E+03	-6.28930036786234E-02
 2.00004038302727E+03	-1.96684278758023E-01
 2.00004312092730E+03	-2.87231743897417E-01
 2.00004585882733E+03	-3.08694607364972E-01
 2.00004859672736E+03	-2.52432249654198E-01
 2.00005133462739E+03	-1.25653273177250E-01
 2.00005407252742E+03	 4.43382443472967E-02
 2.00005681042745E+03	 2.06817045058552E-01
 2.00005954832748E+03	 3.01144508013244E-01
 2.00006228622751E+03	 2.88110397451256E-01
 2.00006502412754E+03	 1.75219919732028E-01
 2.00006776202757E+03	 1.09002682045783E-02
 2.00007049992761E+03	-1.48204794266651E-01
 2.00007323782764E+03	-2.66817305034540E-01
 2.00007597572767E+03	-3.35104139665715E-01
 2.00007871362770E+03	-3.54057538777998E-01
 2.00008145152773E+03	-3.24654097207151E-01
 2.00008418942776E+03	-2.51717265907380E-01
 2.00008692732779E+03	-1.52624042240913E-01
 2.00008966522782E+03	-5.47667541939805E-02
 2.00009240312785E+03	 2.06391105357853E-02
 2.00009514102788E+03	 7.27720356301360E-02
 2.00009787892791E+03	 1.16391605685839E-01
 2.00010061682794E+03	 1.60297306558357E-01
 2.00010335472797E+03	 1.90958883105501E-01
 2.00010609262801E+03	 1.79600890364045E-01
 2.00010883052804E+03	 1.07116452714454E-01
 2.00011156842807E+03	-1.64078796279438E-02
 2.00011430632810E+03	-1.54092827360208E-01
 2.00011704422813E+03	-2.61835376101350E-01
 2.00011978212816E+03	-3.07099898031001E-01
 2.00012252002819E+03	-2.75171415425289E-01
 2.00012525792822E+03	-1.67545128162468E-01
 2.00012799582825E+03	-4.07181171768057E-03
 2.00013073372828E+03	 1.71392938077921E-01
 2.00013347162831E+03	 2.97279336541308E-01
 2.00013620952834E+03	 3.21792843143217E-01
 2.00013894742837E+03	 2.34874654926182E-01
 2.00014168532840E+03	 7.49605402480074E-02
 2.00014442322844E+03	-9.77122535447648E-02
 2.00014716112847E+03	-2.36694724118403E-01
 2.00014989902850E+03	-3.23868684474755E-01
 2.00015263692853E+03	-3.58906676887412E-01
 2.00015537482856E+03	-3.44109502628941E-01
 2.00015811272859E+03	-2.82714361400312E-01
 2.00016085062862E+03	-1.87862981421279E-01
 2.00016358852865E+03	-8.55430745596616E-02
 2.00016632642868E+03	-2.03630403699964E-03
 2.00016906432871E+03	 5.39951845332316E-02
 2.00017180222874E+03	 9.48431959548330E-02
 2.00017454012877E+03	 1.35849402776879E-01
 2.00017727802880E+03	 1.73236573504966E-01
 2.00018001592884E+03	 1.81337468171972E-01
 2.00018275382887E+03	 1.33561369525089E-01
 2.00018549172890E+03	 2.75075410507103E-02
 2.00018822962893E+03	-1.08232996187178E-01
 2.00019096752896E+03	-2.29243103601943E-01
 2.00019370542899E+03	-2.96926589265388E-01
 2.00019644332902E+03	-2.89980186646114E-01
 2.00019918122905E+03	-2.04267673818601E-01
 2.00020191912908E+03	-5.27235838510177E-02
 2.00020465702911E+03	 1.28788010976619E-01
 2.00020739492914E+03	 2.81481366273755E-01
 2.00021013282917E+03	 3.44685426905047E-01
 2.00021287072920E+03	 2.90634315145223E-01
 2.00021560862924E+03	 1.43342969316127E-01
 2.00021834652927E+03	-3.81575680531068E-02
 2.00022108442930E+03	-1.97396857558442E-01
 2.00022382232933E+03	-3.05521164275183E-01
 2.00022656022936E+03	-3.58224053485200E-01
 2.00022929812939E+03	-3.58869298300529E-01
 2.00023203602942E+03	-3.10535819398868E-01
 2.00023477392945E+03	-2.22615199191993E-01
 2.00023751182948E+03	-1.17980628761595E-01
 2.00024024972951E+03	-2.58148045931728E-02
 2.00024298762954E+03	 3.71319863446343E-02
 2.00024572552957E+03	 7.75142477812176E-02
 2.00024846342960E+03	 1.14057939834803E-01
 2.00025120132964E+03	 1.52997809369325E-01
 2.00025393922967E+03	 1.75543372061674E-01
 2.00025667712970E+03	 1.51513577427222E-01
 2.00025941502973E+03	 6.67179984965228E-02
 2.00026215292976E+03	-6.11564442448092E-02
 2.00026489082979E+03	-1.90630381932920E-01
 2.00026762872982E+03	-2.78481040887874E-01
 2.00027036662985E+03	-2.96495512852497E-01
 2.00027310452988E+03	-2.34667986297409E-01
 2.00027584242991E+03	-9.96203469601693E-02
 2.00027858032994E+03	 8.10437510845587E-02
 2.00028131822997E+03	 2.54313833092084E-01
 2.00028405613000E+03	 3.54972360269813E-01
 2.00028679403003E+03	 3.39150783110494E-01
 2.00028953193007E+03	 2.13191774549310E-01
 2.00029226983010E+03	 2.95145404707475E-02
 2.00029500773013E+03	-1.48218932623962E-01
 2.00029774563016E+03	-2.78988788025312E-01
 2.00030048353019E+03	-3.51426325754396E-01
 2.00030322143022E+03	-3.68654368525699E-01
 2.00030595933025E+03	-3.34652618678292E-01
 2.00030869723028E+03	-2.56176254673939E-01
 2.00031143513031E+03	-1.51993901540504E-01
 2.00031417303034E+03	-5.17651355559346E-02
 2.00031691093037E+03	 2.06035366564440E-02
 2.00031964883040E+03	 6.37907160803337E-02
 2.00032238673043E+03	 9.61481193063154E-02
 2.00032512463047E+03	 1.32585465675897E-01
 2.00032786253050E+03	 1.63926120412286E-01
 2.00033060043053E+03	 1.60804723143720E-01
 2.00033333833056E+03	 9.94063880696597E-02
 2.00033607623059E+03	-1.50795723844582E-02
 2.00033881413062E+03	-1.47528313554050E-01
 2.00034155203065E+03	-2.52359082858969E-01
 2.00034428993068E+03	-2.94594712823614E-01
 2.00034702783071E+03	-2.57893124626476E-01
 2.00034976573074E+03	-1.42989449000974E-01
 2.00035250363077E+03	 3.04043023739044E-02
 2.00035524153080E+03	 2.17072314215583E-01
 2.00035797943083E+03	 3.51644052450763E-01
 2.00036071733087E+03	 3.77289768439747E-01
 2.00036345523090E+03	 2.81077727970746E-01
 2.00036619313093E+03	 1.03484734668485E-01
 2.00036893103096E+03	-8.89752511298147E-02
 2.00037166893099E+03	-2.43161538987190E-01
 2.00037440683102E+03	-3.37663333310600E-01
 2.00037714473105E+03	-3.73076901963502E-01
 2.00037988263108E+03	-3.54601185897652E-01
 2.00038262053111E+03	-2.87781355588381E-01
 2.00038535843114E+03	-1.87139667495365E-01
 2.00038809633117E+03	-8.05662663133137E-02
 2.00039083423120E+03	 2.77571164011854E-03
 2.00039357213123E+03	 5.24222736854085E-02
 2.00039631003126E+03	 8.25754568101114E-02
 2.00039904793130E+03	 1.14078004266976E-01
 2.00040178583133E+03	 1.48645711182717E-01
 2.00040452373136E+03	 1.62042739148745E-01
 2.00040726163139E+03	 1.24269765265362E-01
 2.00040999953142E+03	 2.77798665163043E-02
 2.00041273743145E+03	-1.01787992315506E-01
 2.00041547533148E+03	-2.19477994339988E-01
 2.00041821323151E+03	-2.84396371407010E-01
 2.00042095113154E+03	-2.73371890266314E-01
 2.00042368903157E+03	-1.81352546685842E-01
 2.00042642693160E+03	-2.08672539395363E-02
 2.00042916483163E+03	 1.71646283722727E-01
 2.00043190273166E+03	 3.34592782291339E-01
 2.00043464063170E+03	 4.02435526223020E-01
 2.00043737853173E+03	 3.43260637001183E-01
 2.00044011643176E+03	 1.81061216577436E-01
 2.00044285433179E+03	-2.02191525609396E-02
 2.00044559223182E+03	-1.97105896189846E-01
 2.00044833013185E+03	-3.15859961356402E-01
 2.00045106803188E+03	-3.71556239935985E-01
 2.00045380593191E+03	-3.69938238929215E-01
 2.00045654383194E+03	-3.16675529307157E-01
 2.00045928173197E+03	-2.22696466892681E-01
 2.00046201963200E+03	-1.12434107077238E-01
 2.00046475753203E+03	-1.78086793465194E-02
 2.00046749543206E+03	 4.17172451356179E-02
 2.00047023333210E+03	 7.29822622343193E-02
 2.00047297123213E+03	 9.90247197490892E-02
 2.00047570913216E+03	 1.32054294337796E-01
 2.00047844703219E+03	 1.56561749576101E-01
 2.00048118493222E+03	 1.40677422636608E-01
 2.00048392283225E+03	 6.53975228630533E-02
 2.00048666073228E+03	-5.54968127600322E-02
 2.00048939863231E+03	-1.81095590827889E-01
 2.00049213653234E+03	-2.66276410372627E-01
 2.00049487443237E+03	-2.80791215501865E-01
 2.00049761233240E+03	-2.13554615428526E-01
 2.00050035023243E+03	-7.06486636520014E-02
 2.00050308813246E+03	 1.20330313096651E-01
 2.00050582603249E+03	 3.04611339962127E-01
 2.00050856393253E+03	 4.12750559231350E-01
 2.00051130183256E+03	 3.96015626834008E-01
 2.00051403973259E+03	 2.58798656230867E-01
 2.00051677763262E+03	 5.65995656125677E-02
 2.00051951553265E+03	-1.40313674601758E-01
 2.00052225343268E+03	-2.84835247385942E-01
 2.00052499133271E+03	-3.63270706120502E-01
 2.00052772923274E+03	-3.80168454864249E-01
 2.00053046713277E+03	-3.42148752363232E-01
 2.00053320503280E+03	-2.57764731750678E-01
 2.00053594293283E+03	-1.47116843525356E-01
 2.00053868083286E+03	-4.22361107100545E-02
 2.00054141873289E+03	 2.97892225316746E-02
 2.00054415663293E+03	 6.62608470338664E-02
 2.00054689453296E+03	 8.82443519935977E-02
 2.00054963243299E+03	 1.16399175620734E-01
 2.00055237033302E+03	 1.46276475855107E-01
 2.00055510823305E+03	 1.48763119014094E-01
 2.00055784613308E+03	 9.61454723439314E-02
 2.00056058403311E+03	-1.08457664881390E-02
 2.00056332193314E+03	-1.38801261170450E-01
 2.00056605983317E+03	-2.40894097969510E-01
 2.00056879773320E+03	-2.80078846609323E-01
 2.00057153563323E+03	-2.38759682348860E-01
 2.00057427353326E+03	-1.17078154407289E-01
 2.00057701143329E+03	 6.56123497963662E-02
 2.00057974933333E+03	 2.63297476995292E-01
 2.00058248723336E+03	 4.07355929203195E-01
 2.00058522513339E+03	 4.35983414600425E-01
 2.00058796303342E+03	 3.32729726782708E-01
 2.00059070093345E+03	 1.39074482656022E-01
 2.00059343883348E+03	-7.29483917719615E-02
 2.00059617673351E+03	-2.43492220726480E-01
 2.00059891463354E+03	-3.47168196779306E-01
 2.00060165253357E+03	-3.84666204484973E-01
 2.00060439043360E+03	-3.63531010992879E-01
 2.00060712833363E+03	-2.91364622908025E-01
 2.00060986623366E+03	-1.83950228779832E-01
 2.00061260413369E+03	-7.10904546235335E-02
 2.00061534203373E+03	 1.48204454344255E-02
 2.00061807993376E+03	 6.07152624887911E-02
 2.00062081783379E+03	 8.17169005552174E-02
 2.00062355573382E+03	 1.03528276485863E-01
 2.00062629363385E+03	 1.33453236680599E-01
 2.00062903153388E+03	 1.49430369191663E-01
 2.00063176943391E+03	 1.18975060484956E-01
 2.00063450733394E+03	 3.00437905079111E-02
 2.00063724523397E+03	-9.44665048443900E-02
 2.00063998313400E+03	-2.09217209831767E-01
 2.00064272103403E+03	-2.71399546582384E-01
 2.00064545893406E+03	-2.56425927208971E-01
 2.00064819683409E+03	-1.58626257327627E-01
 2.00065093473412E+03	 9.96761155495368E-03
 2.00065367263416E+03	 2.12880207314019E-01
 2.00065641053419E+03	 3.86408815918278E-01
 2.00065914843422E+03	 4.60499384821847E-01
 2.00066188633425E+03	 3.98687414748696E-01
 2.00066462423428E+03	 2.23902278381791E-01
 2.00066736213431E+03	 3.95302327438288E-03
 2.00067010003434E+03	-1.91057345839856E-01
 2.00067283793437E+03	-3.22049087878945E-01
 2.00067557583440E+03	-3.82616625021876E-01
 2.00067831373443E+03	-3.80152699899406E-01
 2.00068105163446E+03	-3.22511860106712E-01
 2.00068378953449E+03	-2.21955195144746E-01
 2.00068652743452E+03	-1.04395643127897E-01
 2.00068926533456E+03	-4.69435687917483E-03
 2.00069200323459E+03	 5.42991212182382E-02
 2.00069474113462E+03	 7.85859086111574E-02
 2.00069747903465E+03	 9.46391887951606E-02
 2.00070021693468E+03	 1.20423275549129E-01
 2.00070295483471E+03	 1.44260796512161E-01
 2.00070569273474E+03	 1.33550119352108E-01
 2.00070843063477E+03	 6.53161723480288E-02
 2.00071116853480E+03	-5.01484955094629E-02
 2.00071390643483E+03	-1.72532298770221E-01
 2.00071664433486E+03	-2.55165923843961E-01
 2.00071938223489E+03	-2.66274330888373E-01
 2.00072212013492E+03	-1.94120990233725E-01
 2.00072485803496E+03	-4.43168880492486E-02
 2.00072759593499E+03	 1.55994359202200E-01
 2.00073033383502E+03	 3.51068652390530E-01
 2.00073307173505E+03	 4.67857823253432E-01
 2.00073580963508E+03	 4.52681095111802E-01
 2.00073854753511E+03	 3.07068172201308E-01
 2.00074128543514E+03	 8.83630645069713E-02
 2.00074402333517E+03	-1.27336161437650E-01
 2.00074676123520E+03	-2.86722152812461E-01
 2.00074949913523E+03	-3.73000249991188E-01
 2.00075223703526E+03	-3.91285170790237E-01
 2.00075497493529E+03	-3.50258864212026E-01
 2.00075771283532E+03	-2.59954929115323E-01
 2.00076045073535E+03	-1.41633195899928E-01
 2.00076318863539E+03	-2.97557054530700E-02
 2.00076592653542E+03	 4.48961547387906E-02
 2.00076866443545E+03	 7.72728364745339E-02
 2.00077140233548E+03	 9.01086599147792E-02
 2.00077414023551E+03	 1.09274761161382E-01
 2.00077687813554E+03	 1.35329391550385E-01
 2.00077961603557E+03	 1.40305054609398E-01
 2.00078235393560E+03	 9.35752252973429E-02
 2.00078509183563E+03	-7.94852363872789E-03
 2.00078782973566E+03	-1.32425936854249E-01
 2.00079056763569E+03	-2.32058572714650E-01
 2.00079330553572E+03	-2.68263288661995E-01
 2.00079604343575E+03	-2.22735337346938E-01
 2.00079878133579E+03	-9.52694946976199E-02
 2.00080151923582E+03	 9.54355857223811E-02
 2.00080425713585E+03	 3.03359104762616E-01
 2.00080699503588E+03	 4.57476059272956E-01
 2.00080973293591E+03	 4.91279318264202E-01
 2.00081247083594E+03	 3.84143929335441E-01
 2.00081520873597E+03	 1.77261620542110E-01
 2.00081794663600E+03	-5.29441437752936E-02
 2.00082068453603E+03	-2.40219812181448E-01
 2.00082342243606E+03	-3.54639209790395E-01
 2.00082616033609E+03	-3.96082730806138E-01
 2.00082889823612E+03	-3.73697945186048E-01
 2.00083163613615E+03	-2.96687872803767E-01
 2.00083437403619E+03	-1.81823270234526E-01
 2.00083711193622E+03	-6.07416362188183E-02
 2.00083984983625E+03	 3.06043879580210E-02
 2.00084258773628E+03	 7.56888539238366E-02
 2.00084532563631E+03	 8.94291003217076E-02
 2.00084806353634E+03	 1.01565423226160E-01
 2.00085080143637E+03	 1.24945000708267E-01
 2.00085353933640E+03	 1.40410989327779E-01
 2.00085627723643E+03	 1.14047336030893E-01
 2.00085901513646E+03	 3.01635817221863E-02
 2.00086175303649E+03	-9.07261133031566E-02
 2.00086449093652E+03	-2.03044930270752E-01
 2.00086722883655E+03	-2.62577076457247E-01
 2.00086996673658E+03	-2.43951142281259E-01
 2.00087270463662E+03	-1.41304699918481E-01
 2.00087544253665E+03	 3.39285399908407E-02
 2.00087818043668E+03	 2.45947742492355E-01
 2.00088091833671E+03	 4.29937254069257E-01
 2.00088365623674E+03	 5.11949211981758E-01
 2.00088639413677E+03	 4.50667212392949E-01
 2.00088913203680E+03	 2.66764507889275E-01
 2.00089186993683E+03	 3.05293397399438E-02
 2.00089460783686E+03	-1.82045667464453E-01
 2.00089734573689E+03	-3.26312526602683E-01
 2.00090008363692E+03	-3.93549589338739E-01
 2.00090282153695E+03	-3.91933199933165E-01
 2.00090555943698E+03	-3.30896927000731E-01
 2.00090829733702E+03	-2.23648870649414E-01
 2.00091103523705E+03	-9.73750443135773E-02
 2.00091377313708E+03	 9.98512346001038E-03
 2.00091651103711E+03	 7.15150632525682E-02
 2.00091924893714E+03	 9.12639177853426E-02
 2.00092198683717E+03	 9.80971698437796E-02
 2.00092472473720E+03	 1.15347115738383E-01
 2.00092746263723E+03	 1.35645510942782E-01
 2.00093020053726E+03	 1.26685758830258E-01
 2.00093293843729E+03	 6.25394872688168E-02
 2.00093567633732E+03	-4.93992944009871E-02
 2.00093841423735E+03	-1.69383343495069E-01
 2.00094115213738E+03	-2.49629831630907E-01
 2.00094389003742E+03	-2.57515318799235E-01
 2.00094662793745E+03	-1.81239676327849E-01
 2.00094936583748E+03	-2.60638529755825E-02
 2.00095210373751E+03	 1.81876067357513E-01
 2.00095484163754E+03	 3.86907920594441E-01
 2.00095757953757E+03	 5.13307084787280E-01
 2.00096031743760E+03	 5.02556938639383E-01
 2.00096305533763E+03	 3.52379126896849E-01
 2.00096579323766E+03	 1.20460205843494E-01
 2.00096853113769E+03	-1.12417378275740E-01
 2.00097126903772E+03	-2.86934935301837E-01
 2.00097400693775E+03	-3.82552546192063E-01
 2.00097674483778E+03	-4.04036271696713E-01
 2.00097948273782E+03	-3.61382572193485E-01
 2.00098222063785E+03	-2.65597925082063E-01
 2.00098495853788E+03	-1.38773150250496E-01
 2.00098769643791E+03	-1.77557510788152E-02
 2.00099043433794E+03	 6.25121728189448E-02
 2.00099317223797E+03	 9.36163756886833E-02
 2.00099591013800E+03	 9.87869308134939E-02
 2.00099864803803E+03	 1.08398813099404E-01
 2.00100138593806E+03	 1.28175819518956E-01
 2.00100412383809E+03	 1.32194136190330E-01
 2.00100686173812E+03	 8.80312745797043E-02
 2.00100959963815E+03	-1.04069470981473E-02
 2.00101233753818E+03	-1.32599069805439E-01
 2.00101507543821E+03	-2.30080186780580E-01
 2.00101781333825E+03	-2.63402527248938E-01
 2.00102055123828E+03	-2.14267428104636E-01
 2.00102328913831E+03	-8.24710678249537E-02
 2.00102602703834E+03	 1.14277918441010E-01
 2.00102876493837E+03	 3.30944145734751E-01
 2.00103150283840E+03	 4.95246657370248E-01
 2.00103424073843E+03	 5.36511644463512E-01
 2.00103697863846E+03	 4.29364177535278E-01
 2.00103971653849E+03	 2.13255698707731E-01
 2.00104245443852E+03	-3.24635346671745E-02
 2.00104519233855E+03	-2.35780196926252E-01
 2.00104793023858E+03	-3.61892873630985E-01
 2.00105066813861E+03	-4.09006468822872E-01
 2.00105340603865E+03	-3.87017189428805E-01
 2.00105614393868E+03	-3.06097837634144E-01
 2.00105888183871E+03	-1.83563765929406E-01
 2.00106161973874E+03	-5.26753716665367E-02
 2.00106435763877E+03	 4.68166445094656E-02
 2.00106709553880E+03	 9.40899420712541E-02
 2.00106983343883E+03	 1.02655213722629E-01
 2.00107257133886E+03	 1.05318796468027E-01
 2.00107530923889E+03	 1.20278983862056E-01
 2.00107804713892E+03	 1.31957085595546E-01
 2.00108078503895E+03	 1.06131470429079E-01
 2.00108352293898E+03	 2.44658730446257E-02
 2.00108626083901E+03	-9.44224679009935E-02
 2.00108899873905E+03	-2.04846330648191E-01
 2.00109173663908E+03	-2.61793701583780E-01
 2.00109447453911E+03	-2.39903311401269E-01
 2.00109721243914E+03	-1.33678078430821E-01
 2.00109995033917E+03	 4.61233910688611E-02
 2.00110268823920E+03	 2.65215967753740E-01
 2.00110542613923E+03	 4.58928545312346E-01
 2.00110816403926E+03	 5.50338161349825E-01
 2.00111090193929E+03	 4.93153194679565E-01
 2.00111363983932E+03	 3.04553651446647E-01
 2.00111637773935E+03	 5.56645712559258E-02
 2.00111911563938E+03	-1.72718442769281E-01
 2.00112185353941E+03	-3.30439992438324E-01
 2.00112459143944E+03	-4.05756804585001E-01
 2.00112732933948E+03	-4.06727661432775E-01
 2.00113006723951E+03	-3.43621649087963E-01
 2.00113280513954E+03	-2.30043890144304E-01
 2.00113554303957E+03	-9.40974060036000E-02
 2.00113828093960E+03	 2.31830232351272E-02
 2.00114101883963E+03	 9.02044600377379E-02
 2.00114375673966E+03	 1.07937269121043E-01
 2.00114649463969E+03	 1.06492080689091E-01
 2.00114923253972E+03	 1.14034249505350E-01
 2.00115197043975E+03	 1.27878692240616E-01
 2.00115470833978E+03	 1.17048774989763E-01
 2.00115744623981E+03	 5.37896270826469E-02
 2.00116018413984E+03	-5.66859789417761E-02
 2.00116292203988E+03	-1.75108287944051E-01
 2.00116565993991E+03	-2.53073183334152E-01
 2.00116839783994E+03	-2.57923713944787E-01
 2.00117113573997E+03	-1.78525153199106E-01
 2.00117387364000E+03	-1.99813613942659E-02
 2.00117661154003E+03	 1.93189919186057E-01
 2.00117934944006E+03	 4.06634428694712E-01
 2.00118208734009E+03	 5.43166374730727E-01
 2.00118482524012E+03	 5.39789867167458E-01
 2.00118756314015E+03	 3.89541598406498E-01
 2.00119030104018E+03	 1.48796358020536E-01
 2.00119303894021E+03	-9.84298805362956E-02
 2.00119577684024E+03	-2.87316980512337E-01
 2.00119851474028E+03	-3.93143932503973E-01
 2.00120125264031E+03	-4.19461473535735E-01
 2.00120399054034E+03	-3.76753139268552E-01
 2.00120672844037E+03	-2.76351690434217E-01
 2.00120946634040E+03	-1.40703595066438E-01
 2.00121220424043E+03	-8.85891036550017E-03
 2.00121494214046E+03	 7.97241979552390E-02
 2.00121768004049E+03	 1.12303876484375E-01
 2.00122041794052E+03	 1.11389123695865E-01
 2.00122315584055E+03	 1.11028885743034E-01
 2.00122589374058E+03	 1.22143742459720E-01
 2.00122863164061E+03	 1.21700999624260E-01
 2.00123136954064E+03	 7.66519161805420E-02
 2.00123410744067E+03	-2.11845805590726E-02
 2.00123684534071E+03	-1.42284380741277E-01
 2.00123958324074E+03	-2.37840176104619E-01
 2.00124232114077E+03	-2.68313715501396E-01
 2.00124505904080E+03	-2.16258618028980E-01
 2.00124779694083E+03	-8.19193691653352E-02
 2.00125053484085E+03	 1.18313708421210E-01
 2.00125327274089E+03	 3.41508554569060E-01
 2.00125601064092E+03	 5.15521300289636E-01
 2.00125874854095E+03	 5.66318845527909E-01
 2.00126148644098E+03	 4.63363432469538E-01
 2.00126422434101E+03	 2.42875900440264E-01
 2.00126696224104E+03	-1.45557859611788E-02
 2.00126970014107E+03	-2.32115873262797E-01
 2.00127243804111E+03	-3.70052184778329E-01
 2.00127517594114E+03	-4.24156369670471E-01
 2.00127791384117E+03	-4.04208421099749E-01
 2.00128065174120E+03	-3.20623752619004E-01
 2.00128338964123E+03	-1.90692518513426E-01
 2.00128612754126E+03	-4.89498377397504E-02
 2.00128886544129E+03	 6.09523435062917E-02
 2.00129160334132E+03	 1.13162435836229E-01
 2.00129434124135E+03	 1.18608438325015E-01
 2.00129707914138E+03	 1.12119549439434E-01
 2.00129981704141E+03	 1.16929320863285E-01
 2.00130255494144E+03	 1.21617424014653E-01
 2.00130529284147E+03	 9.27753904013815E-02
 2.00130803074151E+03	 1.04872504471022E-02
 2.00131076864154E+03	-1.07972274196019E-01
 2.00131350654157E+03	-2.16924343652033E-01
 2.00131624444160E+03	-2.71235179099612E-01
 2.00131898234163E+03	-2.46453362151300E-01
 2.00132172024166E+03	-1.38107751357109E-01
 2.00132445814169E+03	 4.37438722429359E-02
 2.00132719604172E+03	 2.67224687984334E-01
 2.00132993394175E+03	 4.69243796345831E-01
 2.00133267184178E+03	 5.71079990298764E-01
 2.00133540974181E+03	 5.21566264393888E-01
 2.00133814764184E+03	 3.33223357150890E-01
 2.00134088554187E+03	 7.62472302494046E-02
 2.00134362344191E+03	-1.65111336059311E-01
 2.00134636134194E+03	-3.35531232875556E-01
 2.00134909924197E+03	-4.19734174134529E-01
 2.00135183714200E+03	-4.24821838826399E-01
 2.00135457504203E+03	-3.61115269424735E-01
 2.00135731294206E+03	-2.41975873013609E-01
 2.00136005084209E+03	-9.59509854332697E-02
 2.00136278874212E+03	 3.29520884789678E-02
 2.00136552664215E+03	 1.07996957866603E-01
 2.00136826454218E+03	 1.26040068651702E-01
 2.00137100244221E+03	 1.17285161075212E-01
 2.00137374034224E+03	 1.14103794540845E-01
 2.00137647824227E+03	 1.18755757315271E-01
 2.00137921614230E+03	 1.02569072074702E-01
 2.00138195404234E+03	 3.71020143469902E-02
 2.00138469194237E+03	-7.38512455996683E-02
 2.00138742984240E+03	-1.91391924130218E-01
 2.00139016774243E+03	-2.67019189666114E-01
 2.00139290564246E+03	-2.68929847853339E-01
 2.00139564354249E+03	-1.87470506546935E-01
 2.00139838144252E+03	-2.78523281776695E-02
 2.00140111934255E+03	 1.87625849519757E-01
 2.00140385724258E+03	 4.07272742576431E-01
 2.00140659514261E+03	 5.53866347664529E-01
 2.00140933304264E+03	 5.60531622819455E-01
 2.00141207094267E+03	 4.14901545520598E-01
 2.00141480884270E+03	 1.70372527813664E-01
 2.00141754674274E+03	-8.74364691072094E-02
 2.00142028464277E+03	-2.88975090979754E-01
 2.00142302254280E+03	-4.05135402600221E-01
 2.00142576044283E+03	-4.37512315632971E-01
 2.00142849834286E+03	-3.96270395424470E-01
 2.00143123624289E+03	-2.92379106016283E-01
 2.00143397414292E+03	-1.48084255317052E-01
 2.00143671204295E+03	-4.33378725113969E-03
 2.00143944994298E+03	 9.46997285186702E-02
 2.00144218784301E+03	 1.31129535932845E-01
 2.00144492574304E+03	 1.25595467267543E-01
 2.00144766364307E+03	 1.14954478346113E-01
 2.00145040154310E+03	 1.15252160907073E-01
 2.00145313944314E+03	 1.07097811318412E-01
 2.00145587734317E+03	 5.79448136398900E-02
 2.00145861524320E+03	-4.15502281501595E-02
 2.00146135314323E+03	-1.62528554650864E-01
 2.00146409104326E+03	-2.56178706036085E-01
 2.00146682894329E+03	-2.83685718352247E-01
 2.00146956684332E+03	-2.29358507978271E-01
 2.00147230474335E+03	-9.44035529809392E-02
 2.00147504264338E+03	 1.06385715946334E-01
 2.00147778054341E+03	 3.33320977179548E-01
 2.00148051844344E+03	 5.15924781428472E-01
 2.00148325634347E+03	 5.77834778098182E-01
 2.00148599424350E+03	 4.83148226032529E-01
 2.00148873214353E+03	 2.63455321242577E-01
 2.00149147004357E+03	-1.18545744454316E-03
 2.00149420794360E+03	-2.30319403340640E-01
 2.00149694584363E+03	-3.79403359428323E-01
 2.00149968374366E+03	-4.41251085155399E-01
 2.00150242164369E+03	-4.24741451873032E-01
 2.00150515954372E+03	-3.39815689527379E-01
 2.00150789744375E+03	-2.03135108028090E-01
 2.00151063534378E+03	-5.00769267455694E-02
 2.00151337324381E+03	 7.18489109735839E-02
 2.00151611114384E+03	 1.31206801906104E-01
 2.00151884904387E+03	 1.35303437511221E-01
 2.00152158694390E+03	 1.19983427950863E-01
 2.00152432484393E+03	 1.13134205164959E-01
 2.00152706274397E+03	 1.07965465589275E-01
 2.00152980064400E+03	 7.29134525365635E-02
 2.00153253854403E+03	-1.24943299619821E-02
 2.00153527644406E+03	-1.31788268481567E-01
 2.00153801434409E+03	-2.39430440035299E-01
 2.00154075224412E+03	-2.90855523380924E-01
 2.00154349014415E+03	-2.63442741764639E-01
 2.00154622804418E+03	-1.54448500687300E-01
 2.00154896594421E+03	 2.67343090044305E-02
 2.00155170384424E+03	 2.51491537029695E-01
 2.00155444174427E+03	 4.59800271253609E-01
 2.00155717964430E+03	 5.72484137297906E-01
 2.00155991754433E+03	 5.33822592110434E-01
 2.00156265544437E+03	 3.50679903578107E-01
 2.00156539334440E+03	 9.05852786791354E-02
 2.00156813124443E+03	-1.60226203992188E-01
 2.00157086914446E+03	-3.41815876088516E-01
 2.00157360704449E+03	-4.35052019436858E-01
 2.00157634494452E+03	-4.45366845527650E-01
 2.00157908284455E+03	-3.82412043881218E-01
 2.00158182074458E+03	-2.58683000524716E-01
 2.00158455864461E+03	-1.02665543296407E-01
 2.00158729654464E+03	 3.88949584925125E-02
 2.00159003444467E+03	 1.23834953917182E-01
 2.00159277234470E+03	 1.44051810936506E-01
 2.00159551024473E+03	 1.28802811293820E-01
 2.00159824814476E+03	 1.14034218163112E-01
 2.00160098604480E+03	 1.07119991363683E-01
 2.00160372394483E+03	 8.25521699413040E-02
 2.00160646184486E+03	 1.22506825935468E-02
 2.00160919974489E+03	-1.00704335795534E-01
 2.00161193764492E+03	-2.17710790101280E-01
 2.00161467554495E+03	-2.90703073978130E-01
 2.00161741344498E+03	-2.89608144360028E-01
 2.00162015134501E+03	-2.07071571963145E-01
 2.00162288924504E+03	-4.87222064735877E-02
 2.00162562714507E+03	 1.65887498162650E-01
 2.00162836504510E+03	 3.89046906617975E-01
 2.00163110294513E+03	 5.45008306316214E-01
 2.00163384084516E+03	 5.63809590655901E-01
 2.00163657874520E+03	 4.27173109772999E-01
 2.00163931664523E+03	 1.83973465527069E-01
 2.00164205454526E+03	-8.02222379585798E-02
 2.00164479244529E+03	-2.92051538168005E-01
 2.00164753034532E+03	-4.18001383567842E-01
 2.00165026824535E+03	-4.57126355699509E-01
 2.00165300614538E+03	-4.18571594794452E-01
 2.00165574404541E+03	-3.12322554578320E-01
 2.00165848194544E+03	-1.59893072723826E-01
 2.00166121984547E+03	-3.76693954020704E-03
 2.00166395774550E+03	 1.07130368982390E-01
 2.00166669564553E+03	 1.49167259803507E-01
 2.00166943354556E+03	 1.40148146543926E-01
 2.00167217144560E+03	 1.18942787841632E-01
 2.00167490934563E+03	 1.06601011526325E-01
 2.00167764724566E+03	 8.80059697096033E-02
 2.00168038514569E+03	 3.21124423863620E-02
 2.00168312304572E+03	-7.07656633593600E-02
 2.00168586094575E+03	-1.92170072281773E-01
 2.00168859884578E+03	-2.83641407112144E-01
 2.00169133674581E+03	-3.07871323952756E-01
 2.00169407464584E+03	-2.51785832764074E-01
 2.00169681254587E+03	-1.18074796916355E-01
 2.00169955044590E+03	 8.02669498002451E-02
 2.00170228834593E+03	 3.07847029978520E-01
 2.00170502624596E+03	 4.97379256091348E-01
 2.00170776414600E+03	 5.71329098617870E-01
 2.00171050204603E+03	 4.88440283047386E-01
 2.00171323994606E+03	 2.74464964522101E-01
 2.00171597784609E+03	 7.24061673488829E-03
 2.00171871574612E+03	-2.30367235570912E-01
 2.00172145364615E+03	-3.89335508764802E-01
 2.00172419154618E+03	-4.59097179583621E-01
 2.00172692944621E+03	-4.46979485794475E-01
 2.00172966734624E+03	-3.61843410148255E-01
 2.00173240524627E+03	-2.19199606400109E-01
 2.00173514314630E+03	-5.48434391347985E-02
 2.00173788104633E+03	 8.00106298570340E-02
 2.00174061894636E+03	 1.48002491064892E-01
 2.00174335684639E+03	 1.52011238082162E-01
 2.00174609474643E+03	 1.28038541036928E-01
 2.00174883264646E+03	 1.08260538290951E-01
 2.00175157054649E+03	 9.08932481127474E-02
 2.00175430844652E+03	 4.71008591196403E-02
 2.00175704634655E+03	-4.32708388667974E-02
 2.00175978424658E+03	-1.64132535853548E-01
 2.00176252214661E+03	-2.70267265689290E-01
 2.00176526004664E+03	-3.18337008011704E-01
 2.00176799794667E+03	-2.88395204056998E-01
 2.00177073584670E+03	-1.80083239987681E-01
 2.00177347374673E+03	-2.21520221004922E-03
 2.00177621164676E+03	 2.20591841472360E-01
 2.00177894954679E+03	 4.32782856098007E-01
 2.00178168744683E+03	 5.56108420672451E-01
 2.00178442534686E+03	 5.30791149785997E-01
 2.00178716324689E+03	 3.57268102865713E-01
 2.00178990114692E+03	 9.88262670351325E-02
 2.00179263904695E+03	-1.57757084109536E-01
 2.00179537694698E+03	-3.48564026005462E-01
 2.00179811484701E+03	-4.50433879880957E-01
 2.00180085274704E+03	-4.66561628815045E-01
 2.00180359064707E+03	-4.05346887694332E-01
 2.00180632854710E+03	-2.77926339658957E-01
 2.00180906644713E+03	-1.12295576317397E-01
 2.00181180434716E+03	 4.23377697283503E-02
 2.00181454224719E+03	 1.38279350251359E-01
 2.00181728014723E+03	 1.61877378527980E-01
 2.00182001804726E+03	 1.40621017698452E-01
 2.00182275594729E+03	 1.13493631622991E-01
 2.00182549384732E+03	 9.31065349430912E-02
 2.00182823174735E+03	 5.78320300233206E-02
 2.00183096964738E+03	-1.91789580657735E-02
 2.00183370754741E+03	-1.35016195780887E-01
 2.00183644544744E+03	-2.51392054247098E-01
 2.00183918334747E+03	-3.21197067953519E-01
 2.00184192124750E+03	-3.16867627093473E-01
 2.00184465914753E+03	-2.34067656678135E-01
 2.00184739704756E+03	-7.91530003312313E-02
 2.00185013494759E+03	 1.31480186980144E-01
 2.00185287284762E+03	 3.55269260058333E-01
 2.00185561074766E+03	 5.19394513068848E-01
 2.00185834864769E+03	 5.51701483589658E-01
 2.00186108654772E+03	 4.27715061046212E-01
 2.00186382444775E+03	 1.90467422282451E-01
 2.00186656234778E+03	-7.60606693882716E-02
 2.00186930024781E+03	-2.95624884083151E-01
 2.00187203814784E+03	-4.30390131176088E-01
 2.00187477604787E+03	-4.76420799002371E-01
 2.00187751394790E+03	-4.41291193728468E-01
 2.00188025184793E+03	-3.33544188635108E-01
 2.00188298974796E+03	-1.73568658804762E-01
 2.00188572764799E+03	-5.05931396934197E-03
 2.00188846554802E+03	 1.18385886602641E-01
 2.00189120344806E+03	 1.67036023788855E-01
 2.00189394134809E+03	 1.55159703432275E-01
 2.00189667924812E+03	 1.23016640321443E-01
 2.00189941714815E+03	 9.65627671964850E-02
 2.00190215504818E+03	 6.54751568048589E-02
 2.00190489294821E+03	 1.01937200796197E-03
 2.00190763084824E+03	-1.06215169268257E-01
 2.00191036874827E+03	-2.28050468030466E-01
 2.00191310664830E+03	-3.16764698246464E-01
 2.00191584454833E+03	-3.37244720730126E-01
 2.00191858244836E+03	-2.79752662306485E-01
 2.00192132034839E+03	-1.48916632917071E-01
 2.00192405824842E+03	 4.41867533285189E-02
 2.00192679614846E+03	 2.69331862677719E-01
 2.00192953404849E+03	 4.63804140251850E-01
 2.00193227194852E+03	 5.50062915423576E-01
 2.00193500984855E+03	 4.81684920005589E-01
 2.00193774774858E+03	 2.77625856557694E-01
 2.00194048564861E+03	 1.20081061577900E-02
 2.00194322354864E+03	-2.31047509630306E-01
 2.00194596144867E+03	-3.98390809653889E-01
 2.00194869934870E+03	-4.75776680776731E-01
 2.00195143724873E+03	-4.68471405869845E-01
 2.00195417514876E+03	-3.83825286367320E-01
 2.00195691304879E+03	-2.35860582282959E-01
 2.00195965094882E+03	-6.04808903216114E-02
 2.00196238884885E+03	 8.75874825585474E-02
 2.00196512674889E+03	 1.64923168625989E-01
 2.00196786464892E+03	 1.69456055905115E-01
 2.00197060254895E+03	 1.36725895781560E-01
 2.00197334044898E+03	 1.02933689836040E-01
 2.00197607834901E+03	 7.16210113326394E-02
 2.00197881624904E+03	 1.73870472219260E-02
 2.00198155414907E+03	-7.89563251253164E-02
 2.00198429204910E+03	-2.01471646195100E-01
 2.00198702994913E+03	-3.05527056807075E-01
 2.00198976784916E+03	-3.49602588220012E-01
 2.00199250574919E+03	-3.17101599633637E-01
 2.00199524364922E+03	-2.10574352038287E-01
 2.00199798154925E+03	-3.83624690266184E-02
 2.00200071944929E+03	 1.79472191609545E-01
 2.00200345734932E+03	 3.93032493889742E-01
 2.00200619524935E+03	 5.26286950046958E-01
 2.00200893314938E+03	 5.15996877433569E-01
 2.00201167104941E+03	 3.55638817998276E-01
 2.00201440894944E+03	 1.02931674803559E-01
 2.00201714684947E+03	-1.56094082838471E-01
 2.00201988474950E+03	-3.54151175632778E-01
 2.00202262264953E+03	-4.63935350517917E-01
 2.00202536054956E+03	-4.85953187877569E-01
 2.00202809844959E+03	-4.26938777965091E-01
 2.00203083634962E+03	-2.96386153709178E-01
 2.00203357424965E+03	-1.21550739677739E-01
 2.00203631214969E+03	 4.61254378327193E-02
 2.00203905004972E+03	 1.53448886582095E-01
 2.00204178794975E+03	 1.80899125252946E-01
 2.00204452584978E+03	 1.53659779077956E-01
 2.00204726374981E+03	 1.13392105845598E-01
 2.00205000164984E+03	 7.80823133501281E-02
 2.00205273954987E+03	 3.05615278499731E-02
 2.00205547744990E+03	-5.41498473077596E-02
 2.00205821534993E+03	-1.73005140205633E-01
 2.00206095324996E+03	-2.88194277319115E-01
 2.00206369114999E+03	-3.54065202121876E-01
 2.00206642905002E+03	-3.46175804671894E-01
 2.00206916695005E+03	-2.63738423092966E-01
 2.00207190485009E+03	-1.14088440704663E-01
 2.00207464275012E+03	 8.98078352133428E-02
 2.00207738065015E+03	 3.11460173945776E-01
 2.00208011855018E+03	 4.82248327986688E-01
 2.00208285645021E+03	 5.28723310391546E-01
 2.00208559435024E+03	 4.20116143914479E-01
 2.00208833225027E+03	 1.92566185038551E-01
 2.00209107015030E+03	-7.28474137108240E-02
 2.00209380805033E+03	-2.97827812464701E-01
 2.00209654595036E+03	-4.40306858424260E-01
 2.00209928385039E+03	-4.92987768123160E-01
 2.00210202175042E+03	-4.61467803075017E-01
 2.00210475965045E+03	-3.52598834080002E-01
 2.00210749755048E+03	-1.85474687492232E-01
 2.00211023545052E+03	-4.80632837769915E-03
 2.00211297335055E+03	 1.31265792965359E-01
 2.00211571125058E+03	 1.86781664921197E-01
 2.00211844915061E+03	 1.72073289838553E-01
 2.00212118705064E+03	 1.28409731699717E-01
 2.00212392495067E+03	 8.66475988348637E-02
 2.00212666285070E+03	 4.16997354369092E-02
 2.00212940075073E+03	-3.22581510406661E-02
 2.00213213865076E+03	-1.44003833098920E-01
 2.00213487655079E+03	-2.65722349322793E-01
 2.00213761445082E+03	-3.50858865903284E-01
 2.00214035235085E+03	-3.67044883065738E-01
 2.00214309025088E+03	-3.08374362012288E-01
 2.00214582815092E+03	-1.81733071329479E-01
 2.00214856605095E+03	 3.77139790822680E-03
 2.00215130395098E+03	 2.23711776885181E-01
 2.00215404185101E+03	 4.21074523794720E-01
 2.00215677975104E+03	 5.19380943042990E-01
 2.00215951765107E+03	 4.67342567295522E-01
 2.00216225555110E+03	 2.76417515487457E-01
 2.00216499345113E+03	 1.57820540819679E-02
 2.00216773135116E+03	-2.30175875909198E-01
 2.00217046925119E+03	-4.04478559048577E-01
 2.00217320715122E+03	-4.88938587633434E-01
 2.00217594505125E+03	-4.86359924151112E-01
 2.00217868295128E+03	-4.02341629202506E-01
 2.00218142085132E+03	-2.49321258906801E-01
 2.00218415875135E+03	-6.31973546465882E-02
 2.00218689665138E+03	 9.79432500719439E-02
 2.00218963455141E+03	 1.84634664740579E-01
 2.00219237245144E+03	 1.89618605207668E-01
 2.00219511035147E+03	 1.47637078231315E-01
 2.00219784825150E+03	 9.88189027918842E-02
 2.00220058615153E+03	 5.23452219469062E-02
 2.00220332405156E+03	-1.32083186102098E-02
 2.00220606195159E+03	-1.15676312953068E-01
 2.00220879985162E+03	-2.39292071890612E-01
 2.00221153775165E+03	-3.40386181412785E-01
 2.00221427565168E+03	-3.79760465447621E-01
 2.00221701355171E+03	-3.44615035001927E-01
 2.00221975145175E+03	-2.40730570037720E-01
 2.00222248935178E+03	-7.60677631265512E-02
 2.00222522725181E+03	 1.34224546845467E-01
 2.00222796515184E+03	 3.46809112096000E-01
 2.00223070305187E+03	 4.88973361175917E-01
 2.00223344095190E+03	 4.94635704732456E-01
 2.00223617885193E+03	 3.49992332378950E-01
 2.00223891675196E+03	 1.06148290533797E-01
 2.00224165465199E+03	-1.52681078394730E-01
 2.00224439255202E+03	-3.56338633722041E-01
 2.00224713045205E+03	-4.73246647107536E-01
 2.00224986835208E+03	-5.00835706999420E-01
 2.00225260625211E+03	-4.43913695912144E-01
 2.00225534415215E+03	-3.10281746383796E-01
 2.00225808205218E+03	-1.26443877388487E-01
 2.00226081995221E+03	 5.40265320012141E-02
 2.00226355785224E+03	 1.72535504401848E-01
 2.00226629575227E+03	 2.03609994186124E-01
 2.00226903365230E+03	 1.69885641375413E-01
 2.00227177155233E+03	 1.15568301263258E-01
 2.00227450945236E+03	 6.42280004525933E-02
 2.00227724735239E+03	 3.63062169825441E-03
 2.00227998525242E+03	-8.89300500162045E-02
 2.00228272315245E+03	-2.10235264783317E-01
 2.00228546105248E+03	-3.23292734457418E-01
 2.00228819895251E+03	-3.84390596353145E-01
 2.00229093685255E+03	-3.72615760209715E-01
 2.00229367475258E+03	-2.91012622438878E-01
 2.00229641265261E+03	-1.48047923276571E-01
 2.00229915055264E+03	 4.68818230673970E-02
 2.00230188845267E+03	 2.63993720776932E-01
 2.00230462635270E+03	 4.39877437351841E-01
 2.00230736425273E+03	 5.00613240019282E-01
 2.00231010215276E+03	 4.09187408548012E-01
 2.00231284005279E+03	 1.94065584628259E-01
 2.00231557795282E+03	-6.76340636328522E-02
 2.00231831585285E+03	-2.96231283787875E-01
 2.00232105375288E+03	-4.45452556863860E-01
 2.00232379165291E+03	-5.04287413031653E-01
 2.00232652955294E+03	-4.76055837197615E-01
 2.00232926745298E+03	-3.65873586595254E-01
 2.00233200535301E+03	-1.91621692995278E-01
 2.00233474325304E+03	 9.77575876863346E-04
 2.00233748115307E+03	 1.49348933528415E-01
 2.00234021905310E+03	 2.11339199876961E-01
 2.00234295695313E+03	 1.93219113505686E-01
 2.00234569485316E+03	 1.37148065303006E-01
 2.00234843275319E+03	 7.90187824561362E-02
 2.00235117065322E+03	 1.93923284676008E-02
 2.00235390855325E+03	-6.42322228302916E-02
 2.00235664645328E+03	-1.79910978117996E-01
 2.00235938435331E+03	-3.00500387640351E-01
 2.00236212225334E+03	-3.81097814402013E-01
 2.00236486015338E+03	-3.92474641452775E-01
 2.00236759805341E+03	-3.32791499942332E-01
 2.00237033595344E+03	-2.11335872448798E-01
 2.00237307385347E+03	-3.52459657639486E-02
 2.00237581175350E+03	 1.77223657088834E-01
 2.00237854965353E+03	 3.75587080204822E-01
 2.00238128755356E+03	 4.85332748212704E-01
 2.00238402545359E+03	 4.50671747929821E-01
 2.00238676335362E+03	 2.75097588325075E-01
 2.00238950125365E+03	 2.18800744028887E-02
 2.00239223915368E+03	-2.25114810279661E-01
 2.00239497705371E+03	-4.05280258780841E-01
 2.00239771495374E+03	-4.96200497819005E-01
 2.00240045285378E+03	-4.97873382596907E-01
 2.00240319075381E+03	-4.14063536941614E-01
 2.00240592865384E+03	-2.55765760361548E-01
 2.00240866655387E+03	-5.89884802371798E-02
 2.00241140445390E+03	 1.14870249248852E-01
 2.00241414235393E+03	 2.10399982351201E-01
 2.00241688025396E+03	 2.15145273383837E-01
 2.00241961815399E+03	 1.62983652977691E-01
 2.00242235605402E+03	 9.80682244199137E-02
 2.00242509395405E+03	 3.55776616554183E-02
 2.00242783185408E+03	-4.15159008457508E-02
 2.00243056975411E+03	-1.49546354328553E-01
 2.00243330765414E+03	-2.73187548061398E-01
 2.00243604555418E+03	-3.70233849905779E-01
 2.00243878345421E+03	-4.04226422733966E-01
 2.00244152135424E+03	-3.66364597195649E-01
 2.00244425925427E+03	-2.65753349855273E-01
 2.00244699715430E+03	-1.10028207712181E-01
 2.00244973505433E+03	 9.07344030827157E-02
 2.00245247295436E+03	 3.00346962429748E-01
 2.00245521085439E+03	 4.50283233452893E-01
 2.00245794875442E+03	 4.72213534029756E-01
 2.00246068665445E+03	 3.44913484556540E-01
 2.00246342455448E+03	 1.12093883589775E-01
 2.00246616245451E+03	-1.44688285964952E-01
 2.00246890035454E+03	-3.52772737474009E-01
 2.00247163825457E+03	-4.76124696973631E-01
 2.00247437615461E+03	-5.08726194457853E-01
 2.00247711405464E+03	-4.53303286204431E-01
 2.00247985195467E+03	-3.16115651237370E-01
 2.00248258985470E+03	-1.23141920106498E-01
 2.00248532775473E+03	 6.98547643406207E-02
 2.00248806565476E+03	 1.98979157691742E-01
 2.00249080355479E+03	 2.32885941870312E-01
 2.00249354145482E+03	 1.91668600080515E-01
 2.00249627935485E+03	 1.22166552706435E-01
 2.00249901725488E+03	 5.38496935348927E-02
 2.00250175515491E+03	-2.01550352600727E-02
 2.00250449305494E+03	-1.20066719848368E-01
 2.00250723095497E+03	-2.42707846631025E-01
 2.00250996885501E+03	-3.52419661172914E-01
 2.00251270675504E+03	-4.07901342509579E-01
 2.00251544465507E+03	-3.91975385327907E-01
 2.00251818255510E+03	-3.11550867003693E-01
 2.00252092045513E+03	-1.76265700577708E-01
 2.00252365835516E+03	 8.06971149623220E-03
 2.00252639625519E+03	 2.18723552366700E-01
 2.00252913415522E+03	 3.98226643179449E-01
 2.00253187205525E+03	 4.72908287895509E-01
 2.00253460995528E+03	 3.99672679229914E-01
 2.00253734785531E+03	 1.98773550739860E-01
 2.00254008575534E+03	-5.74530508977856E-02
 2.00254282365537E+03	-2.88456499239988E-01
 2.00254556155541E+03	-4.43710003139867E-01
 2.00254829945544E+03	-5.08120658567581E-01
 2.00255103735547E+03	-4.82486933133365E-01
 2.00255377525550E+03	-3.70294796973715E-01
 2.00255651315553E+03	-1.88513472265426E-01
 2.00255925105556E+03	 1.59345694150685E-02
 2.00256198895559E+03	 1.76076454761926E-01
 2.00256472685562E+03	 2.43691111157790E-01
 2.00256746475565E+03	 2.21066930363921E-01
 2.00257020265568E+03	 1.51358607842571E-01
 2.00257294055571E+03	 7.57818671907076E-02
 2.00257567845574E+03	 9.77251003219007E-04
 2.00257841635577E+03	-9.19453742147959E-02
 2.00258115425580E+03	-2.10452219522380E-01
 2.00258389215584E+03	-3.28582082018047E-01
 2.00258663005587E+03	-4.03626024308751E-01
 2.00258936795590E+03	-4.09751215979797E-01
 2.00259210585593E+03	-3.49175617091490E-01
 2.00259484375596E+03	-2.33564615311947E-01
 2.00259758165599E+03	-6.81319244578795E-02
 2.00260031955602E+03	 1.35168576553006E-01
 2.00260305745605E+03	 3.32907590242038E-01
 2.00260579535608E+03	 4.53275574927836E-01
 2.00260853325611E+03	 4.36391723333701E-01
 2.00261127115614E+03	 2.77524823938202E-01
 2.00261400905617E+03	 3.33179005337490E-02
 2.00261674695620E+03	-2.13501763914484E-01
 2.00261948485624E+03	-3.98807906505388E-01
 2.00262222275627E+03	-4.95636605035771E-01
 2.00262496065630E+03	-5.00854095989733E-01
 2.00262769855633E+03	-4.16405471409221E-01
 2.00263043645636E+03	-2.52163946682893E-01
 2.00263317435639E+03	-4.45600515162084E-02
 2.00263591225642E+03	 1.41626099102133E-01
 2.00263865015645E+03	 2.45156859425481E-01
 2.00264138805648E+03	 2.48513922258419E-01
 2.00264412595651E+03	 1.84843693825676E-01
 2.00264686385654E+03	 1.02591339018013E-01
 2.00264960175657E+03	 2.33649760579382E-02
 2.00265233965660E+03	-6.51040427116910E-02
 2.00265507755664E+03	-1.77672808227489E-01
 2.00265781545667E+03	-2.99927168229330E-01
 2.00266055335670E+03	-3.91734160962493E-01
 2.00266329125673E+03	-4.19720705953102E-01
 2.00266602915676E+03	-3.79076525417446E-01
 2.00266876705679E+03	-2.82127496589165E-01
 2.00267150495682E+03	-1.36214795784110E-01
 2.00267424285685E+03	 5.36297284350295E-02
 2.00267698075688E+03	 2.58667274331965E-01
 2.00267971865691E+03	 4.15207796680618E-01
 2.00268245655694E+03	 4.53245886383184E-01
 2.00268519445697E+03	 3.44159367417384E-01
 2.00268793235700E+03	 1.23717231617673E-01
 2.00269067025703E+03	-1.29841182340303E-01
 2.00269340815707E+03	-3.41622666341432E-01
 2.00269614605710E+03	-4.70913507856135E-01
 2.00269888395713E+03	-5.07871695911393E-01
 2.00270162185716E+03	-4.53037992800185E-01
 2.00270435975719E+03	-3.11410733064805E-01
 2.00270709765722E+03	-1.08844048350538E-01
 2.00270983555725E+03	 9.65075640068378E-02
 2.00271257345728E+03	 2.35506027746353E-01
 2.00271531135731E+03	 2.71092153752731E-01
 2.00271804925734E+03	 2.20979250384167E-01
 2.00272078715737E+03	 1.34894573336242E-01
 2.00272352505740E+03	 4.86320086382246E-02
 2.00272626295743E+03	-3.88896408366966E-02
 2.00272900085747E+03	-1.45297742818124E-01
 2.00273173875750E+03	-2.67843762403347E-01
 2.00273447665753E+03	-3.72852384210847E-01
 2.00273721455756E+03	-4.21896007856974E-01
 2.00273995245759E+03	-4.01578288560017E-01
 2.00274269035762E+03	-3.22506279666987E-01
 2.00274542825765E+03	-1.95451026837587E-01
 2.00274816615768E+03	-2.27449479546399E-02
 2.00275090405771E+03	 1.80010412435137E-01
 2.00275364195774E+03	 3.61773818153277E-01
 2.00275637985777E+03	 4.49763503043230E-01
 2.00275911775780E+03	 3.95079884594901E-01
 2.00276185565783E+03	 2.09445804173910E-01
 2.00276459355787E+03	-4.02125085605209E-02
 2.00276733145790E+03	-2.72884011076886E-01
 2.00277006935793E+03	-4.33706652952498E-01
 2.00277280725796E+03	-5.03130007800520E-01
 2.00277554515799E+03	-4.79208689644460E-01
 2.00277828305802E+03	-3.63983645439609E-01
 2.00278102095805E+03	-1.73947548891865E-01
 2.00278375885808E+03	 4.24490854835976E-02
 2.00278649675811E+03	 2.13796023648375E-01
 2.00278923465814E+03	 2.85948845003578E-01
 2.00279197255817E+03	 2.57393673845316E-01
 2.00279471045820E+03	 1.72521864917353E-01
 2.00279744835823E+03	 7.82760772896647E-02
 2.00280018625827E+03	-1.21424809495232E-02
 2.00280292415830E+03	-1.13771571821016E-01
 2.00280566205833E+03	-2.33746251166802E-01
 2.00280839995836E+03	-3.47931709568614E-01
 2.00281113785839E+03	-4.16391454474295E-01
 2.00281387575842E+03	-4.16839767494369E-01
 2.00281661365845E+03	-3.55364387101796E-01
 2.00281935155848E+03	-2.45876375329087E-01
 2.00282208945851E+03	-9.17776941487712E-02
 2.00282482735854E+03	 1.01179841404810E-01
 2.00282756525857E+03	 2.96899630599350E-01
 2.00283030315860E+03	 4.26883407317029E-01
 2.00283304105863E+03	 4.27635689939687E-01
 2.00283577895866E+03	 2.86141691873920E-01
 2.00283851685870E+03	 5.19000952603372E-02
 2.00284125475873E+03	-1.94004160112583E-01
 2.00284399265876E+03	-3.84007764807968E-01
 2.00284673055879E+03	-4.86283960955525E-01
 2.00284946845882E+03	-4.94253830693391E-01
 2.00285220635885E+03	-4.08097102620104E-01
 2.00285494425888E+03	-2.36972692786886E-01
 2.00285768215891E+03	-1.81572716584673E-02
 2.00286042005894E+03	 1.80028729455193E-01
 2.00286315795897E+03	 2.90614359686902E-01
 2.00286589585900E+03	 2.91198564824604E-01
 2.00286863375903E+03	 2.14421416041996E-01
 2.00287137165906E+03	 1.13389051873240E-01
 2.00287410955910E+03	 1.66431018528605E-02
 2.00287684745913E+03	-8.29554785764365E-02
 2.00287958535916E+03	-1.98879992716743E-01
 2.00288232325919E+03	-3.18206348718603E-01
 2.00288506115922E+03	-4.03542468027969E-01
 2.00288779905925E+03	-4.24893550391647E-01
 2.00289053695928E+03	-3.81288729375787E-01
 2.00289327485931E+03	-2.88055030016161E-01
 2.00289601275934E+03	-1.52294810424862E-01
 2.00289875065937E+03	 2.57913768497207E-02
 2.00290148855940E+03	 2.24965012167214E-01
 2.00290422645943E+03	 3.86862913978548E-01
 2.00290696435946E+03	 4.40400660461345E-01
 2.00290970225950E+03	 3.49761210265991E-01
 2.00291244015953E+03	 1.42436791100046E-01
 2.00291517805956E+03	-1.07180159296130E-01
 2.00291791595959E+03	-3.22208883425748E-01
 2.00292065385962E+03	-4.57059779990752E-01
 2.00292339175965E+03	-4.97713681339178E-01
 2.00292612965968E+03	-4.42441725502110E-01
 2.00292886755971E+03	-2.95303015300212E-01
 2.00293160545974E+03	-8.24984199148994E-02
 2.00293434335977E+03	 1.35151686490871E-01
 2.00293708125980E+03	 2.83281332326027E-01
 2.00293981915983E+03	 3.19276533364001E-01
 2.00294255705986E+03	 2.58672556961636E-01
 2.00294529495989E+03	 1.54403651506512E-01
 2.00294803285993E+03	 4.90802370098146E-02
 2.00295077075996E+03	-5.21143179822731E-02
 2.00295350865999E+03	-1.64123580223490E-01
 2.00295624656002E+03	-2.85077306802378E-01
 2.00295898446005E+03	-3.83988663940879E-01
 2.00296172236008E+03	-4.25746421761222E-01
 2.00296446026011E+03	-4.00679256870570E-01
 2.00296719816014E+03	-3.22819618950686E-01
 2.00296993606017E+03	-2.04032261523291E-01
 2.00297267396020E+03	-4.34282247355191E-02
 2.00297541186023E+03	 1.50366626326037E-01
 2.00297814976026E+03	 3.33043520787422E-01
 2.00298088766029E+03	 4.33333015119717E-01
 2.00298362556033E+03	 3.96966085790825E-01
 2.00298636346036E+03	 2.27037767229840E-01
 2.00298910136039E+03	-1.54078985987709E-02
 2.00299183926042E+03	-2.49276069424089E-01
 2.00299457716045E+03	-4.15331926468538E-01
 2.00299731506048E+03	-4.89240882170651E-01
 2.00300005296051E+03	-4.66113171625022E-01
 2.00300279086054E+03	-3.46741846225756E-01
 2.00300552876057E+03	-1.47603822798504E-01
 2.00300826666060E+03	 8.09552630441341E-02
 2.00301100456063E+03	 2.63009394048609E-01
 2.00301374246066E+03	 3.38609627447724E-01
 2.00301648036069E+03	 3.02613167916688E-01
 2.00301921826073E+03	 2.00905910762027E-01
 2.00302195616076E+03	 8.66019424411291E-02
 2.00302469406079E+03	-2.00048119870594E-02
 2.00302743196082E+03	-1.29826765618354E-01
 2.00303016986085E+03	-2.49935030166217E-01
 2.00303290776088E+03	-3.58692718273672E-01
 2.00303564566091E+03	-4.19508082302342E-01
 2.00303838356094E+03	-4.13726198828980E-01
 2.00304112146097E+03	-3.51032410823021E-01
 2.00304385936100E+03	-2.47440215805507E-01
 2.00304659726103E+03	-1.04773248853930E-01
 2.00304933516106E+03	 7.71023439586759E-02
 2.00305207306109E+03	 2.69500902341949E-01
 2.00305481096112E+03	 4.07790369381112E-01
 2.00305754886116E+03	 4.25465822858696E-01
 2.00306028676119E+03	 3.01398757609368E-01
 2.00306302466122E+03	 7.76137944264509E-02
 2.00306576256125E+03	-1.66893194757019E-01
 2.00306850046128E+03	-3.61258774371461E-01
 2.00307123836131E+03	-4.68560491908790E-01
 2.00307397626134E+03	-4.78506743916550E-01
 2.00307671416137E+03	-3.89570478291552E-01
 2.00307945206140E+03	-2.10592422267159E-01
 2.00308218996143E+03	 1.98849290856173E-02
 2.00308492786146E+03	 2.29831068645275E-01
 2.00308766576149E+03	 3.46607230579332E-01
 2.00309040366152E+03	 3.43070448433291E-01
 2.00309314156156E+03	 2.51545734718001E-01
 2.00309587946159E+03	 1.30163847936982E-01
 2.00309861736162E+03	 1.49370268225379E-02
 2.00310135526165E+03	-9.57203524213852E-02
 2.00310409316168E+03	-2.13950175219133E-01
 2.00310683106171E+03	-3.28880330777094E-01
 2.00310956896174E+03	-4.06510064166472E-01
 2.00311230686177E+03	-4.20466623962978E-01
 2.00311504476180E+03	-3.73405572026337E-01
 2.00311778266183E+03	-2.83426906551585E-01
 2.00312052056186E+03	-1.57553552727700E-01
 2.00312325846189E+03	 8.42801827184761E-03
 2.00312599636192E+03	 2.00621902068017E-01
 2.00312873426196E+03	 3.66392155007110E-01
 2.00313147216199E+03	 4.34266843161826E-01
 2.00313421006202E+03	 3.61665933033834E-01
 2.00313694796205E+03	 1.67693710085574E-01
 2.00313968586208E+03	-7.75370453810620E-02
 2.00314242376211E+03	-2.95450653019062E-01
 2.00314516166214E+03	-4.35496613118429E-01
 2.00314789956217E+03	-4.79211084631144E-01
 2.00315063746220E+03	-4.22532005953978E-01
 2.00315337536223E+03	-2.68871311780511E-01
 2.00315611326226E+03	-4.52012230634070E-02
 2.00315885116229E+03	 1.84748484393089E-01
 2.00316158906232E+03	 3.41391940615716E-01
 2.00316432696236E+03	 3.76669284497945E-01
 2.00316706486239E+03	 3.04065500701712E-01
 2.00316980276242E+03	 1.79981449184883E-01
 2.00317254066245E+03	 5.43283562975478E-02
 2.00317527856248E+03	-6.09248059012928E-02
 2.00317801646251E+03	-1.77871394859691E-01
 2.00318075436254E+03	-2.95903858732748E-01
 2.00318349226257E+03	-3.87379351696919E-01
 2.00318623016260E+03	-4.20895943703582E-01
 2.00318896806263E+03	-3.90404012427880E-01
 2.00319170596266E+03	-3.13088309651236E-01
 2.00319444386269E+03	-2.01964343990123E-01
 2.00319718176272E+03	-5.33730579900601E-02
 2.00319991966275E+03	 1.30661560660607E-01
 2.00320265756279E+03	 3.12742121806661E-01
 2.00320539546282E+03	 4.23789990708712E-01
 2.00320813336285E+03	 4.04819819915119E-01
 2.00321087126288E+03	 2.50459140583187E-01
 2.00321360916291E+03	 1.55466520424450E-02
 2.00321634706294E+03	-2.19133674905590E-01
 2.00321908496297E+03	-3.90064875310913E-01
 2.00322182286300E+03	-4.67932277037306E-01
 2.00322456076303E+03	-4.44759987074020E-01
 2.00322729866306E+03	-3.20265302907289E-01
 2.00323003656309E+03	-1.11293665130769E-01
 2.00323277446312E+03	 1.29625897366385E-01
 2.00323551236315E+03	 3.22007628260317E-01
 2.00323825026319E+03	 4.00180905192629E-01
 2.00324098816322E+03	 3.55450673980030E-01
 2.00324372606325E+03	 2.35344205801600E-01
 2.00324646396328E+03	 9.95261224490625E-02
 2.00324920186331E+03	-2.40691315758894E-02
 2.00325193976334E+03	-1.41871824445741E-01
 2.00325467766337E+03	-2.61049598573149E-01
 2.00325741556340E+03	-3.63041216119767E-01
 2.00326015346343E+03	-4.15099426511238E-01
 2.00326289136346E+03	-4.02236580083248E-01
 2.00326562926349E+03	-3.37468237726088E-01
 2.00326836716352E+03	-2.38861361133172E-01
 2.00327110506355E+03	-1.07084577730910E-01
 2.00327384296359E+03	 6.33360433683466E-02
 2.00327658086362E+03	 2.51043193774197E-01
 2.00327931876365E+03	 3.95834396643380E-01
 2.00328205666368E+03	 4.28995335821604E-01
 2.00328479456371E+03	 3.21734718818115E-01
 2.00328753246374E+03	 1.08482049493589E-01
 2.00329027036377E+03	-1.34269198382600E-01
 2.00329300826380E+03	-3.32614153237199E-01
 2.00329574616383E+03	-4.44471362403500E-01
 2.00329848406386E+03	-4.55680048945138E-01
 2.00330122196389E+03	-3.63070228297965E-01
 2.00330395986392E+03	-1.75475323009242E-01
 2.00330669776395E+03	 6.69972443987044E-02
 2.00330943566398E+03	 2.88524766904360E-01
 2.00331217356402E+03	 4.10868145028760E-01
 2.00331491146405E+03	 4.02189105372880E-01
 2.00331764936408E+03	 2.94540099746525E-01
 2.00332038726411E+03	 1.51312561507772E-01
 2.00332312516414E+03	 1.64868036013419E-02
 2.00332586306417E+03	-1.05480882695331E-01
 2.00332860096420E+03	-2.25322865230516E-01
 2.00333133886423E+03	-3.34641263895625E-01
 2.00333407676426E+03	-4.03365624419203E-01
 2.00333681466429E+03	-4.08923484124712E-01
 2.00333955256432E+03	-3.57384124794588E-01
 2.00334229046435E+03	-2.69483646648959E-01
 2.00334502836438E+03	-1.52512080786997E-01
 2.00334776626442E+03	 1.50205877608849E-03
 2.00335050416445E+03	 1.85652381017969E-01
 2.00335324206448E+03	 3.53386165187260E-01
 2.00335597996451E+03	 4.33690562875576E-01
 2.00335871786454E+03	 3.77942867388437E-01
 2.00336145576457E+03	 1.97014068235550E-01
 2.00336419366460E+03	-4.35927617373404E-02
 2.00336693156463E+03	-2.63987791453995E-01
 2.00336966946466E+03	-4.08765243890186E-01
 2.00337240736469E+03	-4.54915665441069E-01
 2.00337514526472E+03	-3.96036953860118E-01
 2.00337788316475E+03	-2.35117989697392E-01
 2.00338062106478E+03	-1.81189928973827E-04
 2.00338335896482E+03	 2.42032570286906E-01
 2.00338609686485E+03	 4.06783527022477E-01
 2.00338883476488E+03	 4.40609763197235E-01
 2.00339157266491E+03	 3.54909896715242E-01
 2.00339431056494E+03	 2.09628086640064E-01
 2.00339704846497E+03	 6.23518020735303E-02
 2.00339978636500E+03	-6.76256919548803E-02
 2.00340252426503E+03	-1.89253128456184E-01
 2.00340526216506E+03	-3.03394697870395E-01
 2.00340800006509E+03	-3.86248360814557E-01
 2.00341073796512E+03	-4.10413150726065E-01
 2.00341347586515E+03	-3.73338873289029E-01
 2.00341621376518E+03	-2.95170888559616E-01
 2.00341895166521E+03	-1.90314855503837E-01
 2.00342168956525E+03	-5.30392852514338E-02
 2.00342442746528E+03	 1.20632328197315E-01
 2.00342716536531E+03	 3.00291904718011E-01
 2.00342990326534E+03	 4.19830016798266E-01
 2.00343264116537E+03	 4.16472143525961E-01
 2.00343537906540E+03	 2.76849171430790E-01
 2.00343811696543E+03	 4.94525701792482E-02
 2.00344085486546E+03	-1.85666860044098E-01
 2.00344359276549E+03	-3.60985687736698E-01
 2.00344633066552E+03	-4.42226080280586E-01
 2.00344906856555E+03	-4.18305082104023E-01
 2.00345180646558E+03	-2.88011522638921E-01
 2.00345454436561E+03	-6.87970645877379E-02
 2.00345728226565E+03	 1.84523232819089E-01
 2.00346002016568E+03	 3.86982646815373E-01
 2.00346275806571E+03	 4.67259584894982E-01
 2.00346549596574E+03	 4.13032362712655E-01
 2.00346823386577E+03	 2.73396228176437E-01
 2.00347097176580E+03	 1.14765374965416E-01
 2.00347370966583E+03	-2.67887919015703E-02
 2.00347644756586E+03	-1.52761755652654E-01
 2.00347918546589E+03	-2.70387818084751E-01
 2.00348192336592E+03	-3.64555628079073E-01
 2.00348466126595E+03	-4.06712928303263E-01
 2.00348739916598E+03	-3.85521465770746E-01
 2.00349013706601E+03	-3.17119229222689E-01
 2.00349287496605E+03	-2.21748429447416E-01
 2.00349561286608E+03	-9.95944505074701E-02
 2.00349835076611E+03	 5.93568376677654E-02
 2.00350108866614E+03	 2.40836502814092E-01
 2.00350382656617E+03	 3.89667168799263E-01
 2.00350656446620E+03	 4.35960510632819E-01
 2.00350930236623E+03	 3.44046835713487E-01
 2.00351204026626E+03	 1.40896990107645E-01
 2.00351477816629E+03	-9.98572127216288E-02
 2.00351751606632E+03	-3.01676570027506E-01
 2.00352025396635E+03	-4.17495429438153E-01
 2.00352299186638E+03	-4.29313079544211E-01
 2.00352572976641E+03	-3.32419208453210E-01
 2.00352846766645E+03	-1.35831305946180E-01
 2.00353120556648E+03	 1.18688206340694E-01
 2.00353394346651E+03	 3.51627092190411E-01
 2.00353668136654E+03	 4.79270879584574E-01
 2.00353941926657E+03	 4.65022788388071E-01
 2.00354215716660E+03	 3.40474171861640E-01
 2.00354489506663E+03	 1.74272441946640E-01
 2.00354763296666E+03	 1.87312025569871E-02
 2.00355037086669E+03	-1.15127030764372E-01
 2.00355310876672E+03	-2.36369506352954E-01
 2.00355584666675E+03	-3.39260119239441E-01
 2.00355858456678E+03	-3.97996720538907E-01
 2.00356132246681E+03	-3.93881874581053E-01
 2.00356406036684E+03	-3.36209241367853E-01
 2.00356679826688E+03	-2.48362380131393E-01
 2.00356953616691E+03	-1.38486416691220E-01
 2.00357227406694E+03	 4.22008965127766E-03
 2.00357501196697E+03	 1.79278688621531E-01
 2.00357774986700E+03	 3.46533108543718E-01
 2.00358048776703E+03	 4.36449662524530E-01
 2.00358322566706E+03	 3.95410946166276E-01
 2.00358596356709E+03	 2.26528185500825E-01
 2.00358870146712E+03	-9.48874210616010E-03
 2.00359143936715E+03	-2.31898480801327E-01
 2.00359417726718E+03	-3.80779271224972E-01
 2.00359691516721E+03	-4.28713713328925E-01
 2.00359965306724E+03	-3.67066089378775E-01
 2.00360239096728E+03	-1.98560228091658E-01
 2.00360512886731E+03	 4.76576286327310E-02
 2.00360786676734E+03	 3.01966582649760E-01
 2.00361060466737E+03	 4.74672338931583E-01
 2.00361334256740E+03	 5.06910288595700E-01
 2.00361608046743E+03	 4.07745537675080E-01
 2.00361881836746E+03	 2.40462630405159E-01
 2.00362155626749E+03	 7.04883390077086E-02
 2.00362429416752E+03	-7.50661988869642E-02
 2.00362703206755E+03	-2.01576270046607E-01
 2.00362976996758E+03	-3.11344002798505E-01
 2.00363250786761E+03	-3.84658901494377E-01
 2.00363524576764E+03	-3.98252262141869E-01
 2.00363798366768E+03	-3.52924407778735E-01
 2.00364072156771E+03	-2.71701894630302E-01
 2.00364345946774E+03	-1.70842164462321E-01
 2.00364619736777E+03	-4.35156866232053E-02
 2.00364893526780E+03	 1.19404523210481E-01
 2.00365167316783E+03	 2.94460174648843E-01
 2.00365441106786E+03	 4.19382860966735E-01
 2.00365714896789E+03	 4.28826310931526E-01
 2.00365988686792E+03	 3.02249671803863E-01
 2.00366262476795E+03	 8.18917058725395E-02
 2.00366536266798E+03	-1.53344496300640E-01
 2.00366810056801E+03	-3.32400449279170E-01
 2.00367083846804E+03	-4.16319938818265E-01
 2.00367357636807E+03	-3.91078346597934E-01
 2.00367631426811E+03	-2.54690435767440E-01
 2.00367905216814E+03	-2.52798771336248E-02
 2.00368179006817E+03	 2.40206779674176E-01
 2.00368452796820E+03	 4.52604222570680E-01
 2.00368726586823E+03	 5.35047148777707E-01
 2.00369000376826E+03	 4.71351860800277E-01
 2.00369274166829E+03	 3.11819589501076E-01
 2.00369547956832E+03	 1.29534425020909E-01
 2.00369821746835E+03	-3.09347529967301E-02
 2.00370095536838E+03	-1.65632021901481E-01
 2.00370369326841E+03	-2.81606465844530E-01
 2.00370643116844E+03	-3.67296488531377E-01
 2.00370916906847E+03	-3.98478985103653E-01
 2.00371190696851E+03	-3.67360754114256E-01
 2.00371464486854E+03	-2.93057307840019E-01
 2.00371738276857E+03	-1.98296892017612E-01
 2.00372012066860E+03	-8.37194311770463E-02
 2.00372285856863E+03	 6.41568168234119E-02
 2.00372559646866E+03	 2.37727728866022E-01
 2.00372833436869E+03	 3.87440014363416E-01
 2.00373107226872E+03	 4.43489998308074E-01
 2.00373381016875E+03	 3.64468961052059E-01
 2.00373654806878E+03	 1.70334897276550E-01
 2.00373928596881E+03	-6.83925509293423E-02
 2.00374202386884E+03	-2.73073264148882E-01
 2.00374476176887E+03	-3.92097543902158E-01
 2.00374749966891E+03	-4.03899036741880E-01
 2.00375023756894E+03	-3.02419428202994E-01
 2.00375297546897E+03	-9.69397335291519E-02
 2.00375571336900E+03	 1.69284690317660E-01
 2.00375845126903E+03	 4.13411583876786E-01
 2.00376118916906E+03	 5.46497965814170E-01
 2.00376392706909E+03	 5.27038865510996E-01
 2.00376666496912E+03	 3.85711664820124E-01
 2.00376940286915E+03	 1.96095035281239E-01
 2.00377214076918E+03	 1.89776599493643E-02
 2.00377487866921E+03	-1.27553291163364E-01
 2.00377761656924E+03	-2.50473353263533E-01
 2.00378035446927E+03	-3.46618051711413E-01
 2.00378309236930E+03	-3.94529786347581E-01
 2.00378583026934E+03	-3.79311476016022E-01
 2.00378856816937E+03	-3.13294592399126E-01
 2.00379130606940E+03	-2.22663460002750E-01
 2.00379404396943E+03	-1.17244838962405E-01
 2.00379678186946E+03	 1.53877475903913E-02
 2.00379951976949E+03	 1.80389081895805E-01
 2.00380225766952E+03	 3.44226760231993E-01
 2.00380499556955E+03	 4.39999838556040E-01
 2.00380773346958E+03	 4.10462858038262E-01
 2.00381047136961E+03	 2.51793589814523E-01
 2.00381320926964E+03	 1.99316762730084E-02
 2.00381594716967E+03	-2.04025861479855E-01
 2.00381868506970E+03	-3.56208681100864E-01
 2.00382142296974E+03	-4.05207363341462E-01
 2.00382416086977E+03	-3.40428027178419E-01
 2.00382689876980E+03	-1.64454714306630E-01
 2.00382963666983E+03	 9.25853593577569E-02
 2.00383237456986E+03	 3.58606468848616E-01
 2.00383511246989E+03	 5.39358441891502E-01
 2.00383785036992E+03	 5.70576248683926E-01
 2.00384058826995E+03	 4.58535685397190E-01
 2.00384332616998E+03	 2.69329982818521E-01
 2.00384606407001E+03	 7.60938662425612E-02
 2.00384880197004E+03	-8.58736208568955E-02
 2.00385153987007E+03	-2.17851685811472E-01
 2.00385427777010E+03	-3.23295015738089E-01
 2.00385701567014E+03	-3.86547696059269E-01
 2.00385975357017E+03	-3.88397508833798E-01
 2.00386249147020E+03	-3.32783603756204E-01
 2.00386522937023E+03	-2.45617928675405E-01
 2.00386796727026E+03	-1.45666517063858E-01
 2.00387070517029E+03	-2.62358319718685E-02
 2.00387344307032E+03	 1.25841910774101E-01
 2.00387618097035E+03	 2.93855583337709E-01
 2.00387891887038E+03	 4.20281469964980E-01
 2.00388165677041E+03	 4.38666845207337E-01
 2.00388439467044E+03	 3.22482092137483E-01
 2.00388713257047E+03	 1.08093408913614E-01
 2.00388987047050E+03	-1.27087416192861E-01
 2.00389260837054E+03	-3.09097290263826E-01
 2.00389534627057E+03	-3.94865004327368E-01
 2.00389808417060E+03	-3.67821994827976E-01
 2.00390082207063E+03	-2.25417922472234E-01
 2.00390355997066E+03	 1.36398255662219E-02
 2.00390629787069E+03	 2.90708213864943E-01
 2.00390903577072E+03	 5.12963197625867E-01
 2.00391177367075E+03	 5.98198082920749E-01
 2.00391451157078E+03	 5.26003460060409E-01
 2.00391724947081E+03	 3.47222093311338E-01
 2.00391998737084E+03	 1.41190397681085E-01
 2.00392272527087E+03	-3.88803320021301E-02
 2.00392546317090E+03	-1.83067039970972E-01
 2.00392820107093E+03	-2.97785502657661E-01
 2.00393093897097E+03	-3.74836118815440E-01
 2.00393367687100E+03	-3.94208251461333E-01
 2.00393641477103E+03	-3.51422688761458E-01
 2.00393915267106E+03	-2.68446238624204E-01
 2.00394189057109E+03	-1.70942968343762E-01
 2.00394462847112E+03	-6.11670937738780E-02
 2.00394736637115E+03	 7.64986518954121E-02
 2.00395010427118E+03	 2.40473164980779E-01
 2.00395284217121E+03	 3.87357936544977E-01
 2.00395558007124E+03	 4.48843654385640E-01
 2.00395831797127E+03	 3.79244239329220E-01
 2.00396105587130E+03	 1.92283750712433E-01
 2.00396379377133E+03	-4.47099215174903E-02
 2.00396653167137E+03	-2.51595905924389E-01
 2.00396926957140E+03	-3.72904637155627E-01
 2.00397200747143E+03	-3.84047458569344E-01
 2.00397474537146E+03	-2.77947587402857E-01
 2.00397748327149E+03	-6.41557846853034E-02
 2.00398022117152E+03	 2.12987453547546E-01
 2.00398295907155E+03	 4.67957461510786E-01
 2.00398569697158E+03	 6.07007007085397E-01
 2.00398843487161E+03	 5.83539305445538E-01
 2.00399117277164E+03	 4.26620991842606E-01
 2.00399391067167E+03	 2.14090294011483E-01
 2.00399664857170E+03	 1.50638353380466E-02
 2.00399938647173E+03	-1.44909316410854E-01
 2.00400212437177E+03	-2.70169777568191E-01
 2.00400486227180E+03	-3.59775822986359E-01
 2.00400760017183E+03	-3.96417231872952E-01
 2.00401033807186E+03	-3.68741310458742E-01
 2.00401307597189E+03	-2.91884220139084E-01
 2.00401581387192E+03	-1.95059505614148E-01
 2.00401855177195E+03	-9.07697808715339E-02
 2.00402128967198E+03	 3.35990539587756E-02
 2.00402402757201E+03	 1.87796595489047E-01
 2.00402676547204E+03	 3.44988610151763E-01
 2.00402950337207E+03	 4.42101693452345E-01
 2.00403224127210E+03	 4.19877974080855E-01
 2.00403497917213E+03	 2.68728285541835E-01
 2.00403771707216E+03	 4.00961975256153E-02
 2.00404045497220E+03	-1.85025764863578E-01
 2.00404319287223E+03	-3.39564367150799E-01
 2.00404593077226E+03	-3.88806852313534E-01
 2.00404866867229E+03	-3.20679500007450E-01
 2.00405140657232E+03	-1.37766449251088E-01
 2.00405414447234E+03	 1.29151672084072E-01
 2.00405688237238E+03	 4.06226590571738E-01
 2.00405962027241E+03	 5.95289801213492E-01
 2.00406235817244E+03	 6.26739886293861E-01
 2.00406509607247E+03	 5.03446614683586E-01
 2.00406783397250E+03	 2.93460206455290E-01
 2.00407057187253E+03	 7.71588255438201E-02
 2.00407330977256E+03	-1.01794319642450E-01
 2.00407604767260E+03	-2.40037801759009E-01
 2.00407878557263E+03	-3.41690892583749E-01
 2.00408152347266E+03	-3.94845131566917E-01
 2.00408426137269E+03	-3.84049615238709E-01
 2.00408699927272E+03	-3.16065514148763E-01
 2.00408973717275E+03	-2.19704493342456E-01
 2.00409247507278E+03	-1.17000944839225E-01
 2.00409521297281E+03	-2.81357024473904E-03
 2.00409795087284E+03	 1.38720339174282E-01
 2.00410068877287E+03	 2.97223570037894E-01
 2.00410342667290E+03	 4.20754733184737E-01
 2.00410616457293E+03	 4.43367862063594E-01
 2.00410890247296E+03	 3.34031912692423E-01
 2.00411164037300E+03	 1.23919352300765E-01
 2.00411437827303E+03	-1.11260025881865E-01
 2.00411711617306E+03	-2.95359568309257E-01
 2.00411985407309E+03	-3.81998769190433E-01
 2.00412259197312E+03	-3.52704598874999E-01
 2.00412532987315E+03	-2.04667428235677E-01
 2.00412806777318E+03	 4.30162375847137E-02
 2.00413080567321E+03	 3.30697115296785E-01
 2.00413354357324E+03	 5.62704128775749E-01
 2.00413628147327E+03	 6.51837569064102E-01
 2.00413901937330E+03	 5.73033684154233E-01
 2.00414175727333E+03	 3.76751571804871E-01
 2.00414449517336E+03	 1.47820225013645E-01
 2.00414723307340E+03	-5.20278932767416E-02
 2.00414997097343E+03	-2.06462850071402E-01
 2.00415270887346E+03	-3.20693947335242E-01
 2.00415544677349E+03	-3.89455731327528E-01
 2.00415818467352E+03	-3.96597578475068E-01
 2.00416092257355E+03	-3.40572771590928E-01
 2.00416366047358E+03	-2.46024118197928E-01
 2.00416639837361E+03	-1.42036829039211E-01
 2.00416913627364E+03	-3.37547047329698E-02
 2.00417187417367E+03	 9.50458775568778E-02
 2.00417461207370E+03	 2.47932444744321E-01
 2.00417734997373E+03	 3.88037012880452E-01
 2.00418008787376E+03	 4.49987945760143E-01
 2.00418282577379E+03	 3.85513329587414E-01
 2.00418556367383E+03	 2.03187315114984E-01
 2.00418830157386E+03	-3.27239203914944E-02
 2.00419103947389E+03	-2.41173084146271E-01
 2.00419377737392E+03	-3.63697166591021E-01
 2.00419651527395E+03	-3.73476925815819E-01
 2.00419925317398E+03	-2.62908337401827E-01
 2.00420199107401E+03	-4.17960364089287E-02
 2.00420472897404E+03	 2.45040308790687E-01
 2.00420746687407E+03	 5.10314322139001E-01
 2.00421020477410E+03	 6.56107026458043E-01
 2.00421294267413E+03	 6.30577107688290E-01
 2.00421568057416E+03	 4.60305799143858E-01
 2.00421841847419E+03	 2.26404002671252E-01
 2.00422115637423E+03	 5.86029851979640E-03
 2.00422389427426E+03	-1.68081516195639E-01
 2.00422663217429E+03	-2.96548405904407E-01
 2.00422937007432E+03	-3.80286413413778E-01
 2.00423210797435E+03	-4.05707526080716E-01
 2.00423484587438E+03	-3.64570047667666E-01
 2.00423758377441E+03	-2.74485694577287E-01
 2.00424032167444E+03	-1.67899279259037E-01
 2.00424305957447E+03	-6.10252729172025E-02
 2.00424579747450E+03	 5.73681879557497E-02
 2.00424853537453E+03	 2.00370997904984E-01
 2.00425127327456E+03	 3.47709165351460E-01
 2.00425401117459E+03	 4.41254798103031E-01
 2.00425674907463E+03	 4.21480625532584E-01
 2.00425948697466E+03	 2.74465611109245E-01
 2.00426222487469E+03	 4.76848330359844E-02
 2.00426496277472E+03	-1.78337940971888E-01
 2.00426770067475E+03	-3.34174401370460E-01
 2.00427043857478E+03	-3.82719628726476E-01
 2.00427317647481E+03	-3.11098652233984E-01
 2.00427591437484E+03	-1.22091215083294E-01
 2.00427865227487E+03	 1.53321480939252E-01
 2.00428139017490E+03	 4.40475291132102E-01
 2.00428412807493E+03	 6.38162284398346E-01
 2.00428686597496E+03	 6.71622554845558E-01
 2.00428960387499E+03	 5.39619733609255E-01
 2.00429234177502E+03	 3.11052510452121E-01
 2.00429507967506E+03	 7.27613520727518E-02
 2.00429781757509E+03	-1.23282008770099E-01
 2.00430055547512E+03	-2.68585643844502E-01
 2.00430329337515E+03	-3.67330712968957E-01
 2.00430603127518E+03	-4.10852086616791E-01
 2.00430876917521E+03	-3.86981661255239E-01
 2.00431150707524E+03	-3.04859991472654E-01
 2.00431424497527E+03	-1.96137333266049E-01
 2.00431698287530E+03	-8.68474308404859E-02
 2.00431972077533E+03	 2.51303095373367E-02
 2.00432245867536E+03	 1.56843626264440E-01
 2.00432519657539E+03	 3.03606743521521E-01
 2.00432793447542E+03	 4.19731840566478E-01
 2.00433067237546E+03	 4.41405330085735E-01
 2.00433341027549E+03	 3.34776090077741E-01
 2.00433614817552E+03	 1.26758538838176E-01
 2.00433888607555E+03	-1.08685126596818E-01
 2.00434162397558E+03	-2.93960790179682E-01
 2.00434436187561E+03	-3.80353618912814E-01
 2.00434709977564E+03	-3.48333671220579E-01
 2.00434983767567E+03	-1.95253679667772E-01
 2.00435257557570E+03	 5.96434550377222E-02
 2.00435531347573E+03	 3.56584651375851E-01
 2.00435805137576E+03	 5.98106666620722E-01
 2.00436078927579E+03	 6.92538848986234E-01
 2.00436352717582E+03	 6.09743820520971E-01
 2.00436626507586E+03	 3.98695443880860E-01
 2.00436900297589E+03	 1.48665882138678E-01
 2.00437174087592E+03	-7.04825619573645E-02
 2.00437447877595E+03	-2.35707311183444E-01
 2.00437721667598E+03	-3.50402926861829E-01
 2.00437995457601E+03	-4.11663308312549E-01
 2.00438269247604E+03	-4.06677109760754E-01
 2.00438543037607E+03	-3.36312630331469E-01
 2.00438816827610E+03	-2.27607300357574E-01
 2.00439090617613E+03	-1.13466395489116E-01
 2.00439364407616E+03	-3.16727230143975E-03
 2.00439638197619E+03	 1.18506110417531E-01
 2.00439911987622E+03	 2.59192027029129E-01
 2.00440185777625E+03	 3.88707660778926E-01
 2.00440459567629E+03	 4.45965234290837E-01
 2.00440733357632E+03	 3.81891328914745E-01
 2.00441007147635E+03	 2.01213060603339E-01
 2.00441280937638E+03	-3.45330500162949E-02
 2.00441554727641E+03	-2.43923132732263E-01
 2.00441828517644E+03	-3.66465630790577E-01
 2.00442102307647E+03	-3.74088205827382E-01
 2.00442376097650E+03	-2.59301527725226E-01
 2.00442649887653E+03	-3.21696866104604E-02
 2.00442923677656E+03	 2.62740738551990E-01
 2.00443197467659E+03	 5.37518817832981E-01
 2.00443471257662E+03	 6.90910535233239E-01
 2.00443745047665E+03	 6.65765143522677E-01
 2.00444018837669E+03	 4.85217707842307E-01
 2.00444292627672E+03	 2.32431607319380E-01
 2.00444566417675E+03	-8.46362374818951E-03
 2.00444840207678E+03	-1.96488970913158E-01
 2.00445113997681E+03	-3.29021431177492E-01
 2.00445387787684E+03	-4.07875096543622E-01
 2.00445661577687E+03	-4.22623802782083E-01
 2.00445935367690E+03	-3.67576796172527E-01
 2.00446209157693E+03	-2.62376680917867E-01
 2.00446482947696E+03	-1.42778139007167E-01
 2.00446756737699E+03	-2.96380135596596E-02
 2.00447030527702E+03	 8.53324691417253E-02
 2.00447304317705E+03	 2.17169716667297E-01
 2.00447578107709E+03	 3.51789799480914E-01
 2.00447851897712E+03	 4.36944483852215E-01
 2.00448125687715E+03	 4.14560949983098E-01
 2.00448399477718E+03	 2.67966472268429E-01
 2.00448673267721E+03	 4.13955657220270E-02
 2.00448947057724E+03	-1.85337968230936E-01
 2.00449220847727E+03	-3.41321409944206E-01
 2.00449494637730E+03	-3.88107919391227E-01
 2.00449768427733E+03	-3.12856684294107E-01
 2.00450042217736E+03	-1.18811922368215E-01
 2.00450316007739E+03	 1.63355599697524E-01
 2.00450589797742E+03	 4.59280957453702E-01
 2.00450863587745E+03	 6.65799837589094E-01
 2.00451137377749E+03	 7.03314071592846E-01
 2.00451411167752E+03	 5.65781722414707E-01
 2.00451684957755E+03	 3.21684247491070E-01
 2.00451958747758E+03	 6.32954779867032E-02
 2.00452232537761E+03	-1.49382974117506E-01
 2.00452506327764E+03	-3.02346667618308E-01
 2.00452780117767E+03	-3.99217084299429E-01
 2.00453053907770E+03	-4.33978855695769E-01
 2.00453327697773E+03	-3.97167396416576E-01
 2.00453601487776E+03	-2.99755800788838E-01
 2.00453875277779E+03	-1.76036255136799E-01
 2.00454149067782E+03	-5.66136841073227E-02
 2.00454422857785E+03	 5.62457438871728E-02
 2.00454696647788E+03	 1.79218003759368E-01
 2.00454970437792E+03	 3.12468296581238E-01
 2.00455244227795E+03	 4.16999985396576E-01
 2.00455518017798E+03	 4.32633571037312E-01
 2.00455791807801E+03	 3.24426535055964E-01
 2.00456065597804E+03	 1.16130945250551E-01
 2.00456339387807E+03	-1.19933649941975E-01
 2.00456613177810E+03	-3.05417778956996E-01
 2.00456886967813E+03	-3.90325014445523E-01
 2.00457160757816E+03	-3.55051782863460E-01
 2.00457434547819E+03	-1.97635738432804E-01
 2.00457708337822E+03	 6.27756541507826E-02
 2.00457982127825E+03	 3.67277169526843E-01
 2.00458255917828E+03	 6.17845536804041E-01
 2.00458529707832E+03	 7.19028775718835E-01
 2.00458803497835E+03	 6.35268536241350E-01
 2.00459077287838E+03	 4.12878399844841E-01
 2.00459351077841E+03	 1.44329987692559E-01
 2.00459624867844E+03	-9.29992865425793E-02
 2.00459898657847E+03	-2.69201621729551E-01
 2.00460172447850E+03	-3.85290403002856E-01
 2.00460446237853E+03	-4.40106075104943E-01
 2.00460720027856E+03	-4.23592432715540E-01
 2.00460993817859E+03	-3.38439748395128E-01
 2.00461267607862E+03	-2.13676466392369E-01
 2.00461541397865E+03	-8.62422504927235E-02
 2.00461815187868E+03	 2.93886927769742E-02
 2.00462088977872E+03	 1.45869665121160E-01
 2.00462362767875E+03	 2.73708138871501E-01
 2.00462636557878E+03	 3.89322899214538E-01
 2.00462910347881E+03	 4.37051914809948E-01
 2.00463184137884E+03	 3.68745939896831E-01
 2.00463457927887E+03	 1.86675319872002E-01
 2.00463731717890E+03	-4.98790838559224E-02
 2.00464005507893E+03	-2.59556780086031E-01
 2.00464279297896E+03	-3.80816654865331E-01
 2.00464553087899E+03	-3.85404409722333E-01
 2.00464826877902E+03	-2.66689187348300E-01
 2.00465100667905E+03	-3.50418975632557E-02
 2.00465374457908E+03	 2.66006527661901E-01
 2.00465648247911E+03	 5.49189249589179E-01
 2.00465922037915E+03	 7.10917105276203E-01
 2.00466195827918E+03	 6.88783744891382E-01
 2.00466469617921E+03	 5.01522300367822E-01
 2.00466743407924E+03	 2.33004321555001E-01
 2.00467017197927E+03	-2.64262648066205E-02
 2.00467290987930E+03	-2.28188307733043E-01
 2.00467564777933E+03	-3.65462081788376E-01
 2.00467838567936E+03	-4.40521676383001E-01
 2.00468112357939E+03	-4.45521362860755E-01
 2.00468386147942E+03	-3.76725763997140E-01
 2.00468659937945E+03	-2.55276640357230E-01
 2.00468933727948E+03	-1.20138526131066E-01
 2.00469207517951E+03	 2.49041592632917E-03
 2.00469481307955E+03	 1.16555838006711E-01
 2.00469755097958E+03	 2.37625775326164E-01
 2.00470028887961E+03	 3.57239755080225E-01
 2.00470302677964E+03	 4.29716502659228E-01
 2.00470576467967E+03	 4.00006135469528E-01
 2.00470850257970E+03	 2.50258722720867E-01
 2.00471124047973E+03	 2.22943817057948E-02
 2.00471397837976E+03	-2.04918078832905E-01
 2.00471671627979E+03	-3.59812825803857E-01
 2.00471945417982E+03	-4.03691699596297E-01
 2.00472219207985E+03	-3.24662132343018E-01
 2.00472492997988E+03	-1.26760706389883E-01
 2.00472766787991E+03	 1.60165623642003E-01
 2.00473040577995E+03	 4.63243614289311E-01
 2.00473314367998E+03	 6.78569485699815E-01
 2.00473588158001E+03	 7.22163666952068E-01
 2.00473861948004E+03	 5.82546204745312E-01
 2.00474135738007E+03	 3.26466695081307E-01
 2.00474409528010E+03	 5.04577611552497E-02
 2.00474683318013E+03	-1.77895742962121E-01
 2.00474957108016E+03	-3.38813591913002E-01
 2.00475230898019E+03	-4.34788824803344E-01
 2.00475504688022E+03	-4.61881744273921E-01
 2.00475778478025E+03	-4.12760612456947E-01
 2.00476052268028E+03	-2.99647342854418E-01
 2.00476326058031E+03	-1.59136278695527E-01
 2.00476599848034E+03	-2.67280201434746E-02
 2.00476873638038E+03	 8.98013698649570E-02
 2.00477147428041E+03	 2.05292666578279E-01
 2.00477421218044E+03	 3.23807018928898E-01
 2.00477695008047E+03	 4.13232544542344E-01
 2.00477968798050E+03	 4.18299008593996E-01
 2.00478242588053E+03	 3.04597359429520E-01
 2.00478516378056E+03	 9.38394036015499E-02
 2.00478790168059E+03	-1.43103775829805E-01
 2.00479063958062E+03	-3.27747612979934E-01
 2.00479337748065E+03	-4.09854309102453E-01
 2.00479611538068E+03	-3.70768100249158E-01
 2.00479885328071E+03	-2.09785707828137E-01
 2.00480159118074E+03	 5.42562296167727E-02
 2.00480432908078E+03	 3.64338267740368E-01
 2.00480706698081E+03	 6.23197386796930E-01
 2.00480980488084E+03	 7.32416131673196E-01
 2.00481254278087E+03	 6.50772343914875E-01
 2.00481528068090E+03	 4.20763659483226E-01
 2.00481801858093E+03	 1.36734619824620E-01
 2.00482075648096E+03	-1.17176333110698E-01
 2.00482349438099E+03	-3.04170373421928E-01
 2.00482623228102E+03	-4.22393551126903E-01
 2.00482897018105E+03	-4.71872216050319E-01
 2.00483170808108E+03	-4.44770435795893E-01
 2.00483444598111E+03	-3.45026775146718E-01
 2.00483718388114E+03	-2.03172438287743E-01
 2.00483992178118E+03	-6.01698395814414E-02
 2.00484265968121E+03	 6.35387577482632E-02
 2.00484539758124E+03	 1.76690211705207E-01
 2.00484813548127E+03	 2.91454247194108E-01
 2.00485087338130E+03	 3.90572080032758E-01
 2.00485361128133E+03	 4.24689496366883E-01
 2.00485634918136E+03	 3.48116677516345E-01
 2.00485908708139E+03	 1.61995671784945E-01
 2.00486182498142E+03	-7.61332199458711E-02
 2.00486456288145E+03	-2.85336637803937E-01
 2.00486730078148E+03	-4.03949412684574E-01
 2.00487003868151E+03	-4.04596473752070E-01
 2.00487277658154E+03	-2.82272215241108E-01
 2.00487551448158E+03	-4.77335855093577E-02
 2.00487825238161E+03	 2.57295010233084E-01
 2.00488099028164E+03	 5.47496321067760E-01
 2.00488372818167E+03	 7.18038814760920E-01
 2.00488646608170E+03	 7.01428470671757E-01
 2.00488920398173E+03	 5.11111466007571E-01
 2.00489194188176E+03	 2.30305375339231E-01
 2.00489467978179E+03	-4.54518765642257E-02
 2.00489741768182E+03	-2.60224434359493E-01
 2.00490015558185E+03	-4.02640463167203E-01
 2.00490289348188E+03	-4.74898673003185E-01
 2.00490563138191E+03	-4.71232350897252E-01
 2.00490836928194E+03	-3.89338028339852E-01
 2.00491110718197E+03	-2.51311589829907E-01
 2.00491384508201E+03	-9.90559667333585E-02
 2.00491658298204E+03	 3.54911355902662E-02
 2.00491932088207E+03	 1.50818239419942E-01
 2.00492205878210E+03	 2.61724039284291E-01
 2.00492479668213E+03	 3.64696338235377E-01
 2.00492753458216E+03	 4.21059266482516E-01
 2.00493027248219E+03	 3.80103793564440E-01
 2.00493301038222E+03	 2.24225733335428E-01
 2.00493574828225E+03	-6.37380524725205E-03
 2.00493848618228E+03	-2.33655840095074E-01
 2.00494122408231E+03	-3.86159489660687E-01
 2.00494396198234E+03	-4.25971253203718E-01
 2.00494669988237E+03	-3.43041491016954E-01
 2.00494943778241E+03	-1.42541126609091E-01
 2.00495217568244E+03	 1.46990830768270E-01
 2.00495491358247E+03	 4.55356466757107E-01
 2.00495765148250E+03	 6.79174999945117E-01
 2.00496038938253E+03	 7.30639457588900E-01
 2.00496312728256E+03	 5.92297840256200E-01
 2.00496586518259E+03	 3.27892182959345E-01
 2.00496860308262E+03	 3.69995072089889E-02
 2.00497134098265E+03	-2.05743863598896E-01
 2.00497407888268E+03	-3.74604665584404E-01
 2.00497681678271E+03	-4.70457700324652E-01
 2.00497955468274E+03	-4.90961265750606E-01
 2.00498229258277E+03	-4.30458627384353E-01
 2.00498503048281E+03	-3.01895862072726E-01
 2.00498776838284E+03	-1.43736675496799E-01
 2.00499050628287E+03	 3.56603055750937E-03
 2.00499324418290E+03	 1.25936966454873E-01
 2.00499598208293E+03	 2.35142877773798E-01
 2.00499871998296E+03	 3.38189594295042E-01
 2.00500145788299E+03	 4.09849212955493E-01
 2.00500419578302E+03	 4.00762524295946E-01
 2.00500693368305E+03	 2.78451297644373E-01
 2.00500967158308E+03	 6.35944150393644E-02
 2.00501240948311E+03	-1.74194477730837E-01
 2.00501514738314E+03	-3.56849848948804E-01
 2.00501788528317E+03	-4.34847272530288E-01
 2.00502062318320E+03	-3.91434406853248E-01
 2.00502336108324E+03	-2.27718856307264E-01
 2.00502609898327E+03	 3.79656739348265E-02
 2.00502883688330E+03	 3.51464194897666E-01
 2.00503157478333E+03	 6.17589325992202E-01
 2.00503431268336E+03	 7.35833450993094E-01
 2.00503705058339E+03	 6.59167715482955E-01
 2.00503978848342E+03	 4.25197177951879E-01
 2.00504252638345E+03	 1.28826291467354E-01
 2.00504526428348E+03	-1.39844624140538E-01
 2.00504800218351E+03	-3.37166580578296E-01
 2.00505074008354E+03	-4.58003632911758E-01
 2.00505347798357E+03	-5.03104315765751E-01
 2.00505621588360E+03	-4.66453609231430E-01
 2.00505895378364E+03	-3.52785555437853E-01
 2.00506169168367E+03	-1.93642250548835E-01
 2.00506442958370E+03	-3.37979660738502E-02
 2.00506716748373E+03	 9.99033527519035E-02
 2.00506990538376E+03	 2.11237797428748E-01
 2.00507264328379E+03	 3.12954471112008E-01
 2.00507538118382E+03	 3.93733865163148E-01
 2.00507811908385E+03	 4.11157667427319E-01
 2.00508085698388E+03	 3.23254373428613E-01
 2.00508359488391E+03	 1.31169322732619E-01
 2.00508633278394E+03	-1.08858643698153E-01
 2.00508907068397E+03	-3.16655775842746E-01
 2.00509180858400E+03	-4.31263771676911E-01
 2.00509454648404E+03	-4.27142196456113E-01
 2.00509728438407E+03	-3.01608025988518E-01
 2.00510002228410E+03	-6.58786075222492E-02
 2.00510276018413E+03	 2.40850980707831E-01
 2.00510549808416E+03	 5.36471005460609E-01
 2.00510823598419E+03	 7.16010445341779E-01
 2.00511097388422E+03	 7.07132933017161E-01
 2.00511371178425E+03	 5.17209895618446E-01
 2.00511644968428E+03	 2.27500596410616E-01
 2.00511918758431E+03	-6.22847088923932E-02
 2.00512192548434E+03	-2.89140550892736E-01
 2.00512466338437E+03	-4.36840524678892E-01
 2.00512740128440E+03	-5.07055374790691E-01
 2.00513013918443E+03	-4.95733522623403E-01
 2.00513287708447E+03	-4.01642697306138E-01
 2.00513561498450E+03	-2.47370351737924E-01
 2.00513835288453E+03	-7.73800652779674E-02
 2.00514109078456E+03	 7.05500313358262E-02
 2.00514382868459E+03	 1.88692599996531E-01
 2.00514656658462E+03	 2.90009838417034E-01
 2.00514930448465E+03	 3.75271428651304E-01
 2.00515204238468E+03	 4.13051303741122E-01
 2.00515478028471E+03	 3.58010260996187E-01
 2.00515751818474E+03	 1.93949583265153E-01
 2.00516025608477E+03	-3.99102214970919E-02
 2.00516299398480E+03	-2.66572240098789E-01
 2.00516573188483E+03	-4.15360824394316E-01
 2.00516846978487E+03	-4.50053226284440E-01
 2.00517120768490E+03	-3.63220030812243E-01
 2.00517394558493E+03	-1.61458752480002E-01
 2.00517668348496E+03	 1.28450520168325E-01
 2.00517942138499E+03	 4.40095355186306E-01
 2.00518215928502E+03	 6.71840073125093E-01
 2.00518489718505E+03	 7.32641038189969E-01
 2.00518763508508E+03	 5.98632344925602E-01
 2.00519037298511E+03	 3.29359406964546E-01
 2.00519311088514E+03	 2.62684187533418E-02
 2.00519584878517E+03	-2.29488994952588E-01
 2.00519858668520E+03	-4.06076759491488E-01
 2.00520132458523E+03	-5.02319454880449E-01
 2.00520406248527E+03	-5.17115797973080E-01
 2.00520680038530E+03	-4.46205405401080E-01
 2.00520953828533E+03	-3.02885855818606E-01
 2.00521227618536E+03	-1.27053372261891E-01
 2.00521501408539E+03	 3.60503805323685E-02
 2.00521775198542E+03	 1.65617297747634E-01
 2.00522048988545E+03	 2.69417540911646E-01
 2.00522322778548E+03	 3.56577339627753E-01
 2.00522596568551E+03	 4.08650176775232E-01
 2.00522870358554E+03	 3.82927881723569E-01
 2.00523144148557E+03	 2.49958278563745E-01
 2.00523417938560E+03	 3.01615504061354E-02
 2.00523691728563E+03	-2.08016848440030E-01
 2.00523965518567E+03	-3.87449117894895E-01
 2.00524239308570E+03	-4.60147428072256E-01
 2.00524513098573E+03	-4.12062383493341E-01
 2.00524786888576E+03	-2.46561464104658E-01
 2.00525060678579E+03	 1.87199045659026E-02
 2.00525334468582E+03	 3.33392736048526E-01
 2.00525608258585E+03	 6.05578998706606E-01
 2.00525882048588E+03	 7.33542894899291E-01
 2.00526155838591E+03	 6.64372415464442E-01
 2.00526429628594E+03	 4.29799975899772E-01
 2.00526703418597E+03	 1.24047274436760E-01
 2.00526977208600E+03	-1.57594951961319E-01
 2.00527250998603E+03	-3.64668475370442E-01
 2.00527524788606E+03	-4.88368123003010E-01
 2.00527798578610E+03	-5.29788700013880E-01
 2.00528072368613E+03	-4.84506042798875E-01
 2.00528346158616E+03	-3.57791839682426E-01
 2.00528619948619E+03	-1.81798584031038E-01
 2.00528893738622E+03	-4.78253914976851E-03
 2.00529167528625E+03	 1.39888691382299E-01
 2.00529441318628E+03	 2.50345441598277E-01
 2.00529715108631E+03	 3.39066219332357E-01
 2.00529988898634E+03	 4.00297017292399E-01
 2.00530262688637E+03	 3.98985924947178E-01
 2.00530536478640E+03	 2.97832518131951E-01
 2.00530810268643E+03	 9.88251282961572E-02
 2.00531084058646E+03	-1.42840648894438E-01
 2.00531357848650E+03	-3.48110877401241E-01
 2.00531631638653E+03	-4.57457137851657E-01
 2.00531905428656E+03	-4.47951951576038E-01
 2.00532179218659E+03	-3.19778018576604E-01
 2.00532453008662E+03	-8.46325104405338E-02
 2.00532726798665E+03	 2.21484480725261E-01
 2.00533000588668E+03	 5.20822949227446E-01
 2.00533274378671E+03	 7.09312237797123E-01
 2.00533548168674E+03	 7.10044744353377E-01
 2.00533821958677E+03	 5.23616780921138E-01
 2.00534095748680E+03	 2.28113327804993E-01
 2.00534369538683E+03	-7.35506449553641E-02
 2.00534643328686E+03	-3.11560385335848E-01
 2.00534917118690E+03	-4.64530071682305E-01
 2.00535190908693E+03	-5.33197637364647E-01
 2.00535464698696E+03	-5.14999698421737E-01
 2.00535738488699E+03	-4.09620927581121E-01
 2.00536012278702E+03	-2.39843376584433E-01
 2.00536286068705E+03	-5.23033248246274E-02
 2.00536559858708E+03	 1.09510849335796E-01
 2.00536833648711E+03	 2.31254582194979E-01
 2.00537107438714E+03	 3.23297390342672E-01
 2.00537381228717E+03	 3.90147762654694E-01
 2.00537655018720E+03	 4.07768791814711E-01
 2.00537928808723E+03	 3.36946887325560E-01
 2.00538202598726E+03	 1.63725160913867E-01
 2.00538476388729E+03	-7.32708135112449E-02
 2.00538750178733E+03	-2.98301790952270E-01
 2.00539023968736E+03	-4.42097094428901E-01
 2.00539297758739E+03	-4.70855883030498E-01
 2.00539571548742E+03	-3.80352094219606E-01
 2.00539845338745E+03	-1.78789013601721E-01
 2.00540119128748E+03	 1.09246677386947E-01
 2.00540392918751E+03	 4.22130381003697E-01
 2.00540666708754E+03	 6.61090442514847E-01
 2.00540940498757E+03	 7.32415387276713E-01
 2.00541214288760E+03	 6.05445672432451E-01
 2.00541488078763E+03	 3.34432861434979E-01
 2.00541761868766E+03	 2.15888216943926E-02
 2.00542035658769E+03	-2.45912110856576E-01
 2.00542309448773E+03	-4.29954939530379E-01
 2.00542583238776E+03	-5.26890077677461E-01
 2.00542857028779E+03	-5.36588930955646E-01
 2.00543130818782E+03	-4.56095971605039E-01
 2.00543404608785E+03	-2.98895994099307E-01
 2.00543678398788E+03	-1.05969927098665E-01
 2.00543952188791E+03	 7.29430814714494E-02
 2.00544225978794E+03	 2.10180653029265E-01
 2.00544499768797E+03	 3.08944151418843E-01
 2.00544773558800E+03	 3.79879471112648E-01
 2.00545047348803E+03	 4.11221807792396E-01
 2.00545321138806E+03	 3.67447026569453E-01
 2.00545594928809E+03	 2.22902493704152E-01
 2.00545868718813E+03	-1.78240543882393E-03
 2.00546142508816E+03	-2.39422124126746E-01
 2.00546416298819E+03	-4.14350393632630E-01
 2.00546690088822E+03	-4.80791119680874E-01
 2.00546963878825E+03	-4.27982261235614E-01
 2.00547237668828E+03	-2.61832422466914E-01
 2.00547511458831E+03	 9.54839604539846E-04
 2.00547785248834E+03	 3.14570799332674E-01
 2.00548059038837E+03	 5.91553646283994E-01
 2.00548332828840E+03	 7.29733134954638E-01
 2.00548606618843E+03	 6.70263520426959E-01
 2.00548880408846E+03	 4.38106310299003E-01
 2.00549154198849E+03	 1.25637462542654E-01
 2.00549427988852E+03	-1.67378562702319E-01
 2.00549701778856E+03	-3.83674338159000E-01
 2.00549975568859E+03	-5.10364510598969E-01
 2.00550249358862E+03	-5.48552381649298E-01
 2.00550523148865E+03	-4.95317891731821E-01
 2.00550796938868E+03	-3.56427944946490E-01
 2.00551070728871E+03	-1.64408804686544E-01
 2.00551344518874E+03	 2.93498462340074E-02
 2.00551618308877E+03	 1.85067099308350E-01
 2.00551892098880E+03	 2.94889105722438E-01
 2.00552165888883E+03	 3.70469835843796E-01
 2.00552439678886E+03	 4.11358118262155E-01
 2.00552713468889E+03	 3.90182582741831E-01
 2.00552987258892E+03	 2.74980355836025E-01
 2.00553261048896E+03	 6.90891078986647E-02
 2.00553534838899E+03	-1.73330223155568E-01
 2.00553808628902E+03	-3.74784296352353E-01
 2.00554082418905E+03	-4.77798538560460E-01
 2.00554356208908E+03	-4.62624132361509E-01
 2.00554629998911E+03	-3.32642857843732E-01
 2.00554903788914E+03	-9.99529698700101E-02
 2.00555177578917E+03	 2.03258531342554E-01
 2.00555451368920E+03	 5.04623281681452E-01
 2.00555725158923E+03	 7.01905156022727E-01
 2.00555998948926E+03	 7.13881559359924E-01
 2.00556272738929E+03	 5.33734651854907E-01
 2.00556546528932E+03	 2.35237917224155E-01
 2.00556820318936E+03	-7.63979191797063E-02
 2.00557094108939E+03	-3.24764244583367E-01
 2.00557367898942E+03	-4.82968967977355E-01
 2.00557641688945E+03	-5.50404740120611E-01
 2.00557915478948E+03	-5.25854779416484E-01
 2.00558189268951E+03	-4.09955287386254E-01
 2.00558463058954E+03	-2.25590215888203E-01
 2.00558736848957E+03	-2.12593130989933E-02
 2.00559010638960E+03	 1.54100975943821E-01
 2.00559284428963E+03	 2.79429745782214E-01
 2.00559558218966E+03	 3.62079121722693E-01
 2.00559832008969E+03	 4.09957922099247E-01
 2.00560105798972E+03	 4.06544160372504E-01
 2.00560379588976E+03	 3.19284252735599E-01
 2.00560653378979E+03	 1.36969922458187E-01
 2.00560927168982E+03	-1.02282327074254E-01
 2.00561200958985E+03	-3.24362414519089E-01
 2.00561474748988E+03	-4.61990461827060E-01
 2.00561748538991E+03	-4.84332512479612E-01
 2.00562022328994E+03	-3.90716653533186E-01
 2.00562296118997E+03	-1.90977383433709E-01
 2.00562569909000E+03	 9.29313318790134E-02
 2.00562843699003E+03	 4.05061510650726E-01
 2.00563117489006E+03	 6.50495596026244E-01
 2.00563391279009E+03	 7.33369435689943E-01
 2.00563665069012E+03	 6.15884803479259E-01
 2.00563938859015E+03	 3.45973425143240E-01
 2.00564212649019E+03	 2.55666618356562E-02
 2.00564486439022E+03	-2.52591089251766E-01
 2.00564760229025E+03	-4.43885342027864E-01
 2.00565034019028E+03	-5.41729882608280E-01
 2.00565307809031E+03	-5.46727056711868E-01
 2.00565581599034E+03	-4.57271564736389E-01
 2.00565855389037E+03	-2.87077809894061E-01
 2.00566129179040E+03	-7.80135345587839E-02
 2.00566402969043E+03	 1.16003946295233E-01
 2.00566676759046E+03	 2.60562975478053E-01
 2.00566950549049E+03	 3.54050619773759E-01
 2.00567224339052E+03	 4.08302830978172E-01
 2.00567498129055E+03	 4.18224197561029E-01
 2.00567771919059E+03	 3.55871887878271E-01
 2.00568045709062E+03	 1.99870906841596E-01
 2.00568319499065E+03	-2.87970698683666E-02
 2.00568593289068E+03	-2.64519350046673E-01
 2.00568867079071E+03	-4.33653835335642E-01
 2.00569140869074E+03	-4.93172121695078E-01
 2.00569414659077E+03	-4.35952027817110E-01
 2.00569688449080E+03	-2.70528056482995E-01
 2.00569962239083E+03	-1.23769313971477E-02
 2.00570236029086E+03	 2.98006971290917E-01
 2.00570509819089E+03	 5.78549659473282E-01
 2.00570783609092E+03	 7.27354983069704E-01
 2.00571057399095E+03	 6.79599291658591E-01
 2.00571331189099E+03	 4.52635083933482E-01
 2.00571604979102E+03	 1.35883552503887E-01
 2.00571878769105E+03	-1.67104019601921E-01
 2.00572152559108E+03	-3.92218684031716E-01
 2.00572426349111E+03	-5.22035017447416E-01
 2.00572700139114E+03	-5.57304758577359E-01
 2.00572973929117E+03	-4.96597272519088E-01
 2.00573247719120E+03	-3.46306762988451E-01
 2.00573521509123E+03	-1.39282138969726E-01
 2.00573795299126E+03	 7.02392703835796E-02
 2.00574069089129E+03	 2.36306628728500E-01
 2.00574342879132E+03	 3.45028600231326E-01
 2.00574616669135E+03	 4.06983745135733E-01
 2.00574890459138E+03	 4.26934336523719E-01
 2.00575164249142E+03	 3.85462825831106E-01
 2.00575438039145E+03	 2.56374712442510E-01
 2.00575711829148E+03	 4.45414926607375E-02
 2.00575985619151E+03	-1.97170437449492E-01
 2.00576259409154E+03	-3.93378894826583E-01
 2.00576533199157E+03	-4.89208955175515E-01
 2.00576806989160E+03	-4.68447248119843E-01
 2.00577080779163E+03	-3.37787606195193E-01
 2.00577354569166E+03	-1.09537263307340E-01
 2.00577628359169E+03	 1.88511737071918E-01
 2.00577902149172E+03	 4.90268956635073E-01
 2.00578175939175E+03	 6.96160847325519E-01
 2.00578449729178E+03	 7.20886458864241E-01
 2.00578723519182E+03	 5.49623264789604E-01
 2.00578997309185E+03	 2.50748090057781E-01
 2.00579271099188E+03	-6.91217820857297E-02
 2.00579544889191E+03	-3.27188841932112E-01
 2.00579818679194E+03	-4.90670087907307E-01
 2.00580092469197E+03	-5.57150912018275E-01
 2.00580366259200E+03	-5.26628613800155E-01
 2.00580640049203E+03	-4.00842948675312E-01
 2.00580913839206E+03	-2.02869897342974E-01
 2.00581187629209E+03	 1.71097833513493E-02
 2.00581461419212E+03	 2.05011874071162E-01
 2.00581735209215E+03	 3.33175874073909E-01
 2.00582008999218E+03	 4.05810332855890E-01
 2.00582282789222E+03	 4.34119701312511E-01
 2.00582556579225E+03	 4.09273440872474E-01
 2.00582830369228E+03	 3.05753611102731E-01
 2.00583104159231E+03	 1.15315000701531E-01
 2.00583377949234E+03	-1.24641609733749E-01
 2.00583651739237E+03	-3.42176955335805E-01
 2.00583925529240E+03	-4.72576247333391E-01
 2.00584199319243E+03	-4.88349975802747E-01
 2.00584473109246E+03	-3.92508259368849E-01
 2.00584746899249E+03	-1.96388911653429E-01
 2.00585020689252E+03	 8.11368314972433E-02
 2.00585294479255E+03	 3.90583058999981E-01
 2.00585568269258E+03	 6.41760860221115E-01
 2.00585842059261E+03	 7.37127738517947E-01
 2.00586115849265E+03	 6.31440156435883E-01
 2.00586389639268E+03	 3.65338449028396E-01
 2.00586663429271E+03	 3.94427077159559E-02
 2.00586937219274E+03	-2.48399187252231E-01
 2.00587211009277E+03	-4.46843976515208E-01
 2.00587484799280E+03	-5.45856137643794E-01
 2.00587758589283E+03	-5.46488942670238E-01
 2.00588032379286E+03	-4.48582202615288E-01
 2.00588306169289E+03	-2.66268694983215E-01
 2.00588579959292E+03	-4.22606136275498E-02
 2.00588853749295E+03	 1.65623204905308E-01
 2.00589127539298E+03	 3.16459012310994E-01
 2.00589401329301E+03	 4.03835561761319E-01
 2.00589675119305E+03	 4.40712157899913E-01
 2.00589948909308E+03	 4.28778245595676E-01
 2.00590222699311E+03	 3.47994344938684E-01
 2.00590496489314E+03	 1.81499815168418E-01
 2.00590770279317E+03	-4.95202416267253E-02
 2.00591044069320E+03	-2.81552225976648E-01
 2.00591317859323E+03	-4.43592730460707E-01
 2.00591591649326E+03	-4.95782818247321E-01
 2.00591865439329E+03	-4.34787431336493E-01
 2.00592139229332E+03	-2.71675322134591E-01
 2.00592413019335E+03	-2.03481474275061E-02
 2.00592686809338E+03	 2.84674493372130E-01
 2.00592960599341E+03	 5.67563254209350E-01
 2.00593234389345E+03	 7.27348176480029E-01
 2.00593508179348E+03	 6.93214263758956E-01
 2.00593781969351E+03	 4.74129405259608E-01
 2.00594055759354E+03	 1.55472357885454E-01
 2.00594329549357E+03	-1.56138029544481E-01
 2.00594603339360E+03	-3.89749408271362E-01
 2.00594877129363E+03	-5.22911806410181E-01
 2.00595150919366E+03	-5.55605919116167E-01
 2.00595424709369E+03	-4.87862372107793E-01
 2.00595698499372E+03	-3.26921558094411E-01
 2.00595972289375E+03	-1.06051397152335E-01
 2.00596246079378E+03	 1.17851941716369E-01
 2.00596519869381E+03	 2.92960137492921E-01
 2.00596793659385E+03	 3.99492010730333E-01
 2.00597067449388E+03	 4.46959740121546E-01
 2.00597341239391E+03	 4.45431374840641E-01
 2.00597615029394E+03	 3.83720623980532E-01
 2.00597888819397E+03	 2.41655209722910E-01
 2.00598162609400E+03	 2.55558778079740E-02
 2.00598436399403E+03	-2.13501021453464E-01
 2.00598710189406E+03	-4.02899443427747E-01
 2.00598983979409E+03	-4.90852507055428E-01
 2.00599257769412E+03	-4.64867232259877E-01
 2.00599531559415E+03	-3.34881427975130E-01
 2.00599805349418E+03	-1.13133684646635E-01
 2.00600079139421E+03	 1.77518136251791E-01
 2.00600352929424E+03	 4.78050802481515E-01
 2.00600626719428E+03	 6.92314044163826E-01
 2.00600900509431E+03	 7.31189903875750E-01
 2.00601174299434E+03	 5.71336302564928E-01
 2.00601448089437E+03	 2.74688333563278E-01
 2.00601721879440E+03	-5.16563474635513E-02
 2.00601995669443E+03	-3.18785383537028E-01
 2.00602269459446E+03	-4.87661766525950E-01
 2.00602543249449E+03	-5.53552355965303E-01
 2.00602817039452E+03	-5.17479025831288E-01
 2.00603090829455E+03	-3.82456063076985E-01
 2.00603364619458E+03	-1.71949603058777E-01
 2.00603638409461E+03	 6.22432585851938E-02
 2.00603912199464E+03	 2.61171317544082E-01
 2.00604185989468E+03	 3.90820468570907E-01
 2.00604459779471E+03	 4.52358676338475E-01
 2.00604733569474E+03	 4.60389561950758E-01
 2.00605007359477E+03	 4.14020540740514E-01
 2.00605281149480E+03	 2.95036554003932E-01
 2.00605554939483E+03	 9.81406506984702E-02
 2.00605828729486E+03	-1.40425815921981E-01
 2.00606102519489E+03	-3.51576863587650E-01
 2.00606376309492E+03	-4.73731884611536E-01
 2.00606650099495E+03	-4.82993859136613E-01
 2.00606923889498E+03	-3.86013761978861E-01
 2.00607197679501E+03	-1.95400800573563E-01
 2.00607471469504E+03	 7.34907987231863E-02
 2.00607745259508E+03	 3.78326354491381E-01
 2.00608019049511E+03	 6.34444466275124E-01
 2.00608292839514E+03	 7.43116897359822E-01
 2.00608566629517E+03	 6.51439482324091E-01
 2.00608840419520E+03	 3.91860823495559E-01
 2.00609114209523E+03	 6.26367853920260E-02
 2.00609387999526E+03	-2.33843729333258E-01
 2.00609661789529E+03	-4.39356981761263E-01
 2.00609935579532E+03	-5.39896193905010E-01
 2.00610209369535E+03	-5.36615127604871E-01
 2.00610483159538E+03	-4.30852597748092E-01
 2.00610756949541E+03	-2.37396776026294E-01
 2.00611030739544E+03	 1.33389391993379E-04
 2.00611304529547E+03	 2.20231305222414E-01
 2.00611578319551E+03	 3.75758098899530E-01
 2.00611852109554E+03	 4.55699492677453E-01
 2.00612125899557E+03	 4.74279038771822E-01
 2.00612399689560E+03	 4.40202240930633E-01
 2.00612673479563E+03	 3.41610321029044E-01
 2.00612947269566E+03	 1.66213736371968E-01
 2.00613221059569E+03	-6.49686073316914E-02
 2.00613494849572E+03	-2.91207410184096E-01
 2.00613768639575E+03	-4.44788392832133E-01
 2.00614042429578E+03	-4.89357850930593E-01
 2.00614316219581E+03	-4.25369952694165E-01
 2.00614590009584E+03	-2.66227691758793E-01
 2.00614863799587E+03	-2.39062467331041E-02
 2.00615137589591E+03	 2.73623348320063E-01
 2.00615411379594E+03	 5.57549003729344E-01
 2.00615685169597E+03	 7.28487508020719E-01
 2.00615958959600E+03	 7.09724182167534E-01
 2.00616232749603E+03	 5.01177897077792E-01
 2.00616506539606E+03	 1.83111370422284E-01
 2.00616780329609E+03	-1.35609157810334E-01
 2.00617054119612E+03	-3.77316132839603E-01
 2.00617327909615E+03	-5.14103481588489E-01
 2.00617601699618E+03	-5.44712093118215E-01
 2.00617875489621E+03	-4.70527199977282E-01
 2.00618149279624E+03	-2.99837472038144E-01
 2.00618423069627E+03	-6.64898005777799E-02
 2.00618696859631E+03	 1.70073992703730E-01
 2.00618970649634E+03	 3.52445204602900E-01
 2.00619244439637E+03	 4.55221829135774E-01
 2.00619518229640E+03	 4.87043117985302E-01
 2.00619792019643E+03	 4.63513905309306E-01
 2.00620065809646E+03	 3.81963399301328E-01
 2.00620339599649E+03	 2.28366157263940E-01
 2.00620613389652E+03	 1.02151977689975E-02
 2.00620887179655E+03	-2.23858763444158E-01
 2.00621160969658E+03	-4.04722856688715E-01
 2.00621434759661E+03	-4.84118125626349E-01
 2.00621708549664E+03	-4.53341044353062E-01
 2.00621982339667E+03	-3.25404312951570E-01
 2.00622256129670E+03	-1.12187731938363E-01
 2.00622529919674E+03	 1.68843233890447E-01
 2.00622803709677E+03	 4.66426357848315E-01
 2.00623077499680E+03	 6.88587601130660E-01
 2.00623351289683E+03	 7.42765125687388E-01
 2.00623625079686E+03	 5.96736199303478E-01
 2.00623898869689E+03	 3.05018621532476E-01
 2.00624172659692E+03	-2.58134836501238E-02
 2.00624446449695E+03	-3.01172175287930E-01
 2.00624720239698E+03	-4.75527780619069E-01
 2.00624994029701E+03	-5.41321278803537E-01
 2.00625267819704E+03	-5.00326166622287E-01
 2.00625541609707E+03	-3.56930940811196E-01
 2.00625815399710E+03	-1.35195893395708E-01
 2.00626089189714E+03	 1.11471888465372E-01
 2.00626362979717E+03	 3.19507604522807E-01
 2.00626636769720E+03	 4.48856514145934E-01
 2.00626910559723E+03	 4.97895601771111E-01
 2.00627184349726E+03	 4.84871204094868E-01
 2.00627458139729E+03	 4.17116804439171E-01
 2.00627731929732E+03	 2.83903175082133E-01
 2.00628005719735E+03	 8.27079087748514E-02
 2.00628279509738E+03	-1.51978995264500E-01
 2.00628553299741E+03	-3.54679829048440E-01
 2.00628827089744E+03	-4.67494929783566E-01
 2.00629100879747E+03	-4.70279625387133E-01
 2.00629374669750E+03	-3.73197860407557E-01
 2.00629648459754E+03	-1.89885072384936E-01
 2.00629922249757E+03	 6.81750955398954E-02
 2.00630196039760E+03	 3.66377331684392E-01
 2.00630469829763E+03	 6.26353992621629E-01
 2.00630743619766E+03	 7.48789869252022E-01
 2.00631017409769E+03	 6.73095697720338E-01
 2.00631291199772E+03	 4.22765653154709E-01
 2.00631564989775E+03	 9.26136267690423E-02
 2.00631838779778E+03	-2.11164304943282E-01
 2.00632112569781E+03	-4.23501815537866E-01
 2.00632386359784E+03	-5.25978873788565E-01
 2.00632660149787E+03	-5.19447140798956E-01
 2.00632933939790E+03	-4.06696915753621E-01
 2.00633207729794E+03	-2.03354743109974E-01
 2.00633481519797E+03	 4.59739543475961E-02
 2.00633755309800E+03	 2.76276043578896E-01
 2.00634029099803E+03	 4.34520606578631E-01
 2.00634302889806E+03	 5.05389414356739E-01
 2.00634576679809E+03	 5.04635570998172E-01
 2.00634850469812E+03	 4.48270408107509E-01
 2.00635124259815E+03	 3.32842841192026E-01
 2.00635398049818E+03	 1.50564023804242E-01
 2.00635671839821E+03	-7.82122801642357E-02
 2.00635945629824E+03	-2.96296034591824E-01
 2.00636219419827E+03	-4.39902563069038E-01
 2.00636493209830E+03	-4.76451052937517E-01
 2.00636766999833E+03	-4.10115613231790E-01
 2.00637040789837E+03	-2.56425001477270E-01
 2.00637314579840E+03	-2.51615310641134E-02
 2.00637588369843E+03	 2.62695283593235E-01
 2.00637862159846E+03	 5.46056284832769E-01
 2.00638135949849E+03	 7.27869906986953E-01
 2.00638409739852E+03	 7.25827346944469E-01
 2.00638683529855E+03	 5.30342634826853E-01
 2.00638957319858E+03	 2.15542641912932E-01
 2.00639231109861E+03	-1.08420706800796E-01
 2.00639504899864E+03	-3.57525560105789E-01
 2.00639778689867E+03	-4.98142523574470E-01
 2.00640052479870E+03	-5.27315760426633E-01
 2.00640326269873E+03	-4.47580472423961E-01
 2.00640600059877E+03	-2.68374432687092E-01
 2.00640873849880E+03	-2.42473420140090E-02
 2.00641147639883E+03	 2.22914145025550E-01
 2.00641421429886E+03	 4.10423512570891E-01
 2.00641695219889E+03	 5.07592470068302E-01
 2.00641969009892E+03	 5.22479756602459E-01
 2.00642242799895E+03	 4.76517815754591E-01
 2.00642516589898E+03	 3.75805686033068E-01
 2.00642790379901E+03	 2.12486758952210E-01
 2.00643064169904E+03	-5.16058643887148E-03
 2.00643337959907E+03	-2.31665501861193E-01
 2.00643611749910E+03	-4.02084561780245E-01
 2.00643885539913E+03	-4.72067063481954E-01
 2.00644159329917E+03	-4.36707122684636E-01
 2.00644433119920E+03	-3.11920453742114E-01
 2.00644706909923E+03	-1.09029350921512E-01
 2.00644980699926E+03	 1.60198149001464E-01
 2.00645254489929E+03	 4.52845156389525E-01
 2.00645528279932E+03	 6.81911397020628E-01
 2.00645802069935E+03	 7.51979780931161E-01
 2.00646075859938E+03	 6.21856376706890E-01
 2.00646349649941E+03	 3.37814868460762E-01
 2.00646623439944E+03	 4.82724511185904E-03
 2.00646897229947E+03	-2.77523237387198E-01
 2.00647171019950E+03	-4.57215499991737E-01
 2.00647444809953E+03	-5.23455524500625E-01
 2.00647718599956E+03	-4.78437151201200E-01
 2.00647992389960E+03	-3.27899521434517E-01
 2.00648266179963E+03	-9.66122377827135E-02
 2.00648539969966E+03	 1.60440524839719E-01
 2.00648813759969E+03	 3.75341061168108E-01
 2.00649087549972E+03	 5.02346524179646E-01
 2.00649361339975E+03	 5.37364203771214E-01
 2.00649635129978E+03	 5.02576788015592E-01
 2.00649908919981E+03	 4.13809509003254E-01
 2.00650182709984E+03	 2.67913384749751E-01
 2.00650456499987E+03	 6.48709419329885E-02
 2.00650730289990E+03	-1.63216528516859E-01
 2.00651004079993E+03	-3.55213378837280E-01
 2.00651277869996E+03	-4.57384054308428E-01
 2.00651551660000E+03	-4.53436388992879E-01
 2.00651825450003E+03	-3.56918195974363E-01
 2.00652099240006E+03	-1.82342079038592E-01
 2.00652373030009E+03	 6.28577351023156E-02
 2.00652646820012E+03	 3.52226545342603E-01
 2.00652920610015E+03	 6.14444720980863E-01
 2.00653194400018E+03	 7.50399695392156E-01
 2.00653468190021E+03	 6.92104495750959E-01
 2.00653741980024E+03	 4.53582971974384E-01
 2.00654015770027E+03	 1.25152704761758E-01
 2.00654289560030E+03	-1.84123989413212E-01
 2.00654563350033E+03	-4.02665995647010E-01
 2.00654837140036E+03	-5.07389656066060E-01
 2.00655110930040E+03	-4.98455055735586E-01
 2.00655384720043E+03	-3.79944278631336E-01
 2.00655658510046E+03	-1.68377842682157E-01
 2.00655932300049E+03	 9.06465715400555E-02
 2.00656206090052E+03	 3.28819709147571E-01
 2.00656479880055E+03	 4.87572188816560E-01
 2.00656753670058E+03	 5.47630897716828E-01
 2.00657027460061E+03	 5.26579427820689E-01
 2.00657301250064E+03	 4.47999903802485E-01
 2.00657575040067E+03	 3.16990543447229E-01
 2.00657848830070E+03	 1.30101617105287E-01
 2.00658122620073E+03	-9.35135721339682E-02
 2.00658396410076E+03	-3.00923542542251E-01
 2.00658670200079E+03	-4.32835360509920E-01
 2.00658943990083E+03	-4.60638632704365E-01
 2.00659217780086E+03	-3.92150084334752E-01
 2.00659491570089E+03	-2.44910503477133E-01
 2.00659765360092E+03	-2.64341350559989E-02
 2.00660039150095E+03	 2.49529864587130E-01
 2.00660312940098E+03	 5.30239764312611E-01
 2.00660586730101E+03	 7.21859320063811E-01
 2.00660860520104E+03	 7.37114111395166E-01
 2.00661134310107E+03	 5.56790344317765E-01
 2.00661408100110E+03	 2.48000290958068E-01
 2.00661681890113E+03	-7.89107246488096E-02
 2.00661955680116E+03	-3.34228422046734E-01
 2.00662229470119E+03	-4.78607082959407E-01
 2.00662503260123E+03	-5.07042634773053E-01
 2.00662777050126E+03	-4.22949055133622E-01
 2.00663050840129E+03	-2.36873128589581E-01
 2.00663324630132E+03	 1.59265407480664E-02
 2.00663598420135E+03	 2.71283947073630E-01
 2.00663872210138E+03	 4.61576405776935E-01
 2.00664146000141E+03	 5.51203204386599E-01
 2.00664419790144E+03	 5.47957832267895E-01
 2.00664693580147E+03	 4.79359044826411E-01
 2.00664967370150E+03	 3.60439055385765E-01
 2.00665241160153E+03	 1.89434887760321E-01
 2.00665514950156E+03	-2.50131066467109E-02
 2.00665788740159E+03	-2.41260479035627E-01
 2.00666062530163E+03	-3.99160233661872E-01
 2.00666336320166E+03	-4.58558532981388E-01
 2.00666610110169E+03	-4.18329421923974E-01
 2.00666883900172E+03	-2.97203340020592E-01
 2.00667157690175E+03	-1.05944319128890E-01
 2.00667431480178E+03	 1.49437118503898E-01
 2.00667705270181E+03	 4.34797591116353E-01
 2.00667979060184E+03	 6.68970524163836E-01
 2.00668252850187E+03	 7.54570377826982E-01
 2.00668526640190E+03	 6.41733820837933E-01
 2.00668800430193E+03	 3.67925755433209E-01
 2.00669074220196E+03	 3.54188770162443E-02
 2.00669348010199E+03	-2.52154234886502E-01
 2.00669621800203E+03	-4.36611298170941E-01
 2.00669895590206E+03	-5.03717112966094E-01
 2.00670169380209E+03	-4.55763016788023E-01
 2.00670443170212E+03	-2.99691910762689E-01
 2.00670716960215E+03	-6.09513314840133E-02
 2.00670990750218E+03	 2.04034730264852E-01
 2.00671264540221E+03	 4.23318508802206E-01
 2.00671538330224E+03	 5.45863753677547E-01
 2.00671812120227E+03	 5.65446377733568E-01
 2.00672085910230E+03	 5.08440207371818E-01
 2.00672359700233E+03	 3.99326757907603E-01
 2.00672633490236E+03	 2.42519092720644E-01
 2.00672907280239E+03	 4.01866113200745E-02
 2.00673181070242E+03	-1.78544161768035E-01
 2.00673454860246E+03	-3.57493076551118E-01
 2.00673728650249E+03	-4.47450519212898E-01
 2.00674002440252E+03	-4.36021850516333E-01
 2.00674276230255E+03	-3.40069908219012E-01
 2.00674550020258E+03	-1.75026621584833E-01
 2.00674823810261E+03	 5.56288963454543E-02
 2.00675097600264E+03	 3.33785483870674E-01
 2.00675371390267E+03	 5.95894663249214E-01
 2.00675645180270E+03	 7.44073143265152E-01
 2.00675918970273E+03	 7.03637507867878E-01
 2.00676192760276E+03	 4.78994189567550E-01
 2.00676466550279E+03	 1.55025464434437E-01
 2.00676740340282E+03	-1.57465484043312E-01
 2.00677014130286E+03	-3.81053126302712E-01
 2.00677287920289E+03	-4.88027871566615E-01
 2.00677561710292E+03	-4.77570401607480E-01
 2.00677835500295E+03	-3.54820563591784E-01
 2.00678109290298E+03	-1.37096871269695E-01
 2.00678383080301E+03	 1.29142999139935E-01
 2.00678656870304E+03	 3.72597554443854E-01
 2.00678930660307E+03	 5.29570300062534E-01
 2.00679204450310E+03	 5.77203632134053E-01
 2.00679478240313E+03	 5.35172544685913E-01
 2.00679752030316E+03	 4.34784287754315E-01
 2.00680025820319E+03	 2.89694307392068E-01
 2.00680299610322E+03	 1.00558204546418E-01
 2.00680573400326E+03	-1.15164320077560E-01
 2.00680847190329E+03	-3.09384588950726E-01
 2.00681120980332E+03	-4.27709786273683E-01
 2.00681394770335E+03	-4.45603852717673E-01
 2.00681668560338E+03	-3.74473196438083E-01
 2.00681942350341E+03	-2.33925608171409E-01
 2.00682216140344E+03	-2.94154765084074E-02
 2.00682489930347E+03	 2.32488711675100E-01
 2.00682763720350E+03	 5.07885717625976E-01
 2.00683037510353E+03	 7.07182795045103E-01
 2.00683311300356E+03	 7.39159546608903E-01
 2.00683585090359E+03	 5.75295566321650E-01
 2.00683858880362E+03	 2.75062682617892E-01
 2.00684132670365E+03	-5.21578892377448E-02
 2.00684406460369E+03	-3.11929522145795E-01
 2.00684680250372E+03	-4.59541474857843E-01
 2.00684954040375E+03	-4.87787799269343E-01
 2.00685227830378E+03	-4.00690328794026E-01
 2.00685501620381E+03	-2.09736173757149E-01
 2.00685775410383E+03	 4.92575231210606E-02
 2.00686049200387E+03	 3.10135760540002E-01
 2.00686322990390E+03	 5.00763637079598E-01
 2.00686596780393E+03	 5.81038050343689E-01
 2.00686870570396E+03	 5.58770198359115E-01
 2.00687144360399E+03	 4.67709487409648E-01
 2.00687418150402E+03	 3.31829531781336E-01
 2.00687691940405E+03	 1.55280912920226E-01
 2.00687965730409E+03	-5.33387799106700E-02
 2.00688239520412E+03	-2.56740255234160E-01
 2.00688513310415E+03	-3.99997195743525E-01
 2.00688787100418E+03	-4.47304223054935E-01
 2.00689060890421E+03	-4.01275499404072E-01
 2.00689334680424E+03	-2.83498192484511E-01
 2.00689608470427E+03	-1.04449843641182E-01
 2.00689882260430E+03	 1.35348016370375E-01
 2.00690156050433E+03	 4.10727218596356E-01
 2.00690429840436E+03	 6.47245459497992E-01
 2.00690703630439E+03	 7.46759788158174E-01
 2.00690977420442E+03	 6.51514709489603E-01
 2.00691251210445E+03	 3.89975918353488E-01
 2.00691525000449E+03	 6.06966572781142E-02
 2.00691798790452E+03	-2.29813937583977E-01
 2.00692072580455E+03	-4.17901803301108E-01
 2.00692346370458E+03	-4.85964801773070E-01
 2.00692620160461E+03	-4.36158415161961E-01
 2.00692893950464E+03	-2.76403826235355E-01
 2.00693167740467E+03	-3.26419610702015E-02
 2.00693441530470E+03	 2.37548684008385E-01
 2.00693715320473E+03	 4.58622957090115E-01
 2.00693989110476E+03	 5.74705195665470E-01
 2.00694262900479E+03	 5.77763573360284E-01
 2.00694536690482E+03	 4.98509323960127E-01
 2.00694810480485E+03	 3.70073551555427E-01
 2.00695084270488E+03	 2.04271773567073E-01
 2.00695358060492E+03	 5.12418604888057E-03
 2.00695631850495E+03	-2.01678514327512E-01
 2.00695905640498E+03	-3.65323042171306E-01
 2.00696179430501E+03	-4.41307925362234E-01
 2.00696453220504E+03	-4.21105859473912E-01
 2.00696727010507E+03	-3.24904107452950E-01
 2.00697000800510E+03	-1.69336006899186E-01
 2.00697274590513E+03	 4.56374835731137E-02
 2.00697548380516E+03	 3.10137416663562E-01
 2.00697822170519E+03	 5.69018687646656E-01
 2.00698095960522E+03	 7.26873875200484E-01
 2.00698369750525E+03	 7.03480207731350E-01
 2.00698643540528E+03	 4.93940594033788E-01
 2.00698917330532E+03	 1.76985746122822E-01
 2.00699191120535E+03	-1.36072773578394E-01
 2.00699464910538E+03	-3.62962196050503E-01
 2.00699738700541E+03	-4.71718808070870E-01
 2.00700012490544E+03	-4.60435131821727E-01
 2.00700286280547E+03	-3.35066916871615E-01
 2.00700560070550E+03	-1.13508871930753E-01
 2.00700833860553E+03	 1.57209660626191E-01
 2.00701107650556E+03	 4.03232270801506E-01
 2.00701381440559E+03	 5.56232918224358E-01
 2.00701655230562E+03	 5.90151252390312E-01
 2.00701929020565E+03	 5.26923201342761E-01
 2.00702202810568E+03	 4.05558347831623E-01
 2.00702476600572E+03	 2.48101762816463E-01
 2.00702750390575E+03	 5.90167621836804E-02
 2.00703024180578E+03	-1.46327791143611E-01
 2.00703297970581E+03	-3.25063384087127E-01
 2.00703571760584E+03	-4.27890359704903E-01
 2.00703845550587E+03	-4.34321432212330E-01
 2.00704119340590E+03	-3.59316775343180E-01
 2.00704393130593E+03	-2.24794164191808E-01
 2.00704666920596E+03	-3.46844598262383E-02
 2.00704940710599E+03	 2.11220043260091E-01
 2.00705214500602E+03	 4.78146769963442E-01
 2.00705488290605E+03	 6.81865536109488E-01
 2.00705762080608E+03	 7.28615718565643E-01
 2.00706035870612E+03	 5.81390898893849E-01
 2.00706309660615E+03	 2.91747642607580E-01
 2.00706583450618E+03	-3.30192572699941E-02
 2.00706857240621E+03	-2.94969639884554E-01
 2.00707131030624E+03	-4.44726989354166E-01
 2.00707404820627E+03	-4.72983736903758E-01
 2.00707678610630E+03	-3.84171828806817E-01
 2.00707952400633E+03	-1.90473324985624E-01
 2.00708226190636E+03	 7.20313334881973E-02
 2.00708499980639E+03	 3.35635251961082E-01
 2.00708773770642E+03	 5.24226526200272E-01
 2.00709047560645E+03	 5.93651770468094E-01
 2.00709321350648E+03	 5.51959100250577E-01
 2.00709595140651E+03	 4.39103148267912E-01
 2.00709868930655E+03	 2.87806028546086E-01
 2.00710142720658E+03	 1.07839003795936E-01
 2.00710416510661E+03	-9.25951895219264E-02
 2.00710690300664E+03	-2.80896601577875E-01
 2.00710964090667E+03	-4.07545151719326E-01
 2.00711237880670E+03	-4.41056672164260E-01
 2.00711511670673E+03	-3.87698250446773E-01
 2.00711785460676E+03	-2.72077723078972E-01
 2.00712059250679E+03	-1.04944219085898E-01
 2.00712333040682E+03	 1.18029534890511E-01
 2.00712606830685E+03	 3.80555556834523E-01
 2.00712880620688E+03	 6.15759956716752E-01
 2.00713154410691E+03	 7.26228023332963E-01
 2.00713428200695E+03	 6.47571988374936E-01
 2.00713701990698E+03	 3.99510757940997E-01
 2.00713975780701E+03	 7.60382249995955E-02
 2.00714249570704E+03	-2.14767027522890E-01
 2.00714523360707E+03	-4.04785762349445E-01
 2.00714797150710E+03	-4.73423829535006E-01
 2.00715070940713E+03	-4.22619049601965E-01
 2.00715344730716E+03	-2.61033060755593E-01
 2.00715618520719E+03	-1.48015842228481E-02
 2.00715892310722E+03	 2.57772895891381E-01
 2.00716166100725E+03	 4.78109174560454E-01
 2.00716439890728E+03	 5.86018506745205E-01
 2.00716713680731E+03	 5.71956153132958E-01
 2.00716987470735E+03	 4.70968403603323E-01
 2.00717261260738E+03	 3.24615929695719E-01
 2.00717535050741E+03	 1.51799035793962E-01
 2.00717808840744E+03	-4.19474326379536E-02
 2.00718082630747E+03	-2.34664432779123E-01
 2.00718356420750E+03	-3.81070921445481E-01
 2.00718630210753E+03	-4.41338069116149E-01
 2.00718904000756E+03	-4.10667407561030E-01
 2.00719177790759E+03	-3.12628918429671E-01
 2.00719451580762E+03	-1.65561752859571E-01
 2.00719725370765E+03	 3.33011803471984E-02
 2.00719999160768E+03	 2.81846949054833E-01
 2.00720272950771E+03	 5.33792069859700E-01
 2.00720546740774E+03	 6.97587611402981E-01
 2.00720820530778E+03	 6.89040741931337E-01
 2.00721094320781E+03	 4.94749002460364E-01
 2.00721368110784E+03	 1.86882317537462E-01
 2.00721641900787E+03	-1.23971104982395E-01
 2.00721915690790E+03	-3.51932822291903E-01
 2.00722189480793E+03	-4.61467187974530E-01
 2.00722463270796E+03	-4.49683980943062E-01
 2.00722737060799E+03	-3.23170420051106E-01
 2.00723010850802E+03	-1.00108563636984E-01
 2.00723284640805E+03	 1.72315916628790E-01
 2.00723558430808E+03	 4.18262880984008E-01
 2.00723832220811E+03	 5.65370892922133E-01
 2.00724106010814E+03	 5.84767038080875E-01
 2.00724379800818E+03	 5.00701853463040E-01
 2.00724653590821E+03	 3.59654910369752E-01
 2.00724927380824E+03	 1.91700079812867E-01
 2.00725201170827E+03	 4.75497766195224E-03
 2.00725474960830E+03	-1.88177859153245E-01
 2.00725748750833E+03	-3.49591560481027E-01
 2.00726022540836E+03	-4.35230821653282E-01
 2.00726296330839E+03	-4.28472017255012E-01
 2.00726570120842E+03	-3.47770166030249E-01
 2.00726843910845E+03	-2.17740336937066E-01
 2.00727117700848E+03	-4.16286986214198E-02
 2.00727391490851E+03	 1.86771568830821E-01
 2.00727665280854E+03	 4.41829666628707E-01
 2.00727939070858E+03	 6.45786257096305E-01
 2.00728212860861E+03	 7.04043841703229E-01
 2.00728486650864E+03	 5.72399390805967E-01
 2.00728760440867E+03	 2.94616138980465E-01
 2.00729034230870E+03	-2.50827853200918E-02
 2.00729308020873E+03	-2.86611646466353E-01
 2.00729581810876E+03	-4.36907251039725E-01
 2.00729855600879E+03	-4.64910787134017E-01
 2.00730129390882E+03	-3.75387924785782E-01
 2.00730403180885E+03	-1.80959677016720E-01
 2.00730676970888E+03	 8.24190508988718E-02
 2.00730950760891E+03	 3.46051037680867E-01
 2.00731224550894E+03	 5.30492596025565E-01
 2.00731498340897E+03	 5.88034337242306E-01
 2.00731772130901E+03	 5.27104542783253E-01
 2.00732045920904E+03	 3.93647614443635E-01
 2.00732319710907E+03	 2.28727810357175E-01
 2.00732593500910E+03	 4.73366655422077E-02
 2.00732867290913E+03	-1.43000820984721E-01
 2.00733141080916E+03	-3.14498616891203E-01
 2.00733414870919E+03	-4.22979203972867E-01
 2.00733688660922E+03	-4.41056027970994E-01
 2.00733962450925E+03	-3.78475949359894E-01
 2.00734236240928E+03	-2.63093719429700E-01
 2.00734510030931E+03	-1.06715694006769E-01
 2.00734783820934E+03	 9.88449191750351E-02
 2.00735057610937E+03	 3.45748343785898E-01
 2.00735331400941E+03	 5.75387551878615E-01
 2.00735605190944E+03	 6.92716823326124E-01
 2.00735878980947E+03	 6.28374588656530E-01
 2.00736152770950E+03	 3.94021436134083E-01
 2.00736426560953E+03	 7.85063928244565E-02
 2.00736700350956E+03	-2.09846252756683E-01
 2.00736974140959E+03	-3.99671287085806E-01
 2.00737247930962E+03	-4.68010074600408E-01
 2.00737521720965E+03	-4.16669600157749E-01
 2.00737795510968E+03	-2.54860434859128E-01
 2.00738069300971E+03	-8.56501209816385E-03
 2.00738343090974E+03	 2.63721457347343E-01
 2.00738616880977E+03	 4.81052654050564E-01
 2.00738890670981E+03	 5.79519948556542E-01
 2.00739164460984E+03	 5.48325599442211E-01
 2.00739438250987E+03	 4.26690798272204E-01
 2.00739712040990E+03	 2.64169246282405E-01
 2.00739985830993E+03	 8.62793769130707E-02
 2.00740259620996E+03	-1.00251429409897E-01
 2.00740533410999E+03	-2.77320825570240E-01
 2.00740807201002E+03	-4.05105155486581E-01
 2.00741080991005E+03	-4.48196575742694E-01
 2.00741354781008E+03	-4.05253200166802E-01
 2.00741628571011E+03	-3.03272512513336E-01
 2.00741902361014E+03	-1.62943330668538E-01
 2.00742176151017E+03	 2.01497894539265E-02
 2.00742449941021E+03	 2.50840864281254E-01
 2.00742723731024E+03	 4.91915760713520E-01
 2.00742997521027E+03	 6.57071825474680E-01
 2.00743271311030E+03	 6.59999556497182E-01
 2.00743545101033E+03	 4.80008472731841E-01
 2.00743818891036E+03	 1.82633566566695E-01
 2.00744092681039E+03	-1.23387303767959E-01
 2.00744366471042E+03	-3.49929860266630E-01
 2.00744640261045E+03	-4.58788963357276E-01
 2.00744914051048E+03	-4.46387963375116E-01
 2.00745187841051E+03	-3.19855329747484E-01
 2.00745461631054E+03	-9.73700968355445E-02
 2.00745735421057E+03	 1.74206902731833E-01
 2.00746009211060E+03	 4.17717762019797E-01
 2.00746283001064E+03	 5.57438227866423E-01
 2.00746556791067E+03	 5.62073927579361E-01
 2.00746830581070E+03	 4.58125533060166E-01
 2.00747104371073E+03	 2.99107185791972E-01
 2.00747378161076E+03	 1.22584993380218E-01
 2.00747651951079E+03	-6.04597286272809E-02
 2.00747925741082E+03	-2.39541561694407E-01
 2.00748199531085E+03	-3.82439184965744E-01
 2.00748473321088E+03	-4.49673793522777E-01
 2.00748747111091E+03	-4.28137583079838E-01
 2.00749020901094E+03	-3.39647244734245E-01
 2.00749294691097E+03	-2.11953313110210E-01
 2.00749568481100E+03	-4.86606003208808E-02
 2.00749842271104E+03	 1.61336763806029E-01
 2.00750116061107E+03	 4.01251050007598E-01
 2.00750389851110E+03	 6.00771262954575E-01
 2.00750663641113E+03	 6.66308957458521E-01
 2.00750937431116E+03	 5.48102949498217E-01
 2.00751211221119E+03	 2.82612127750450E-01
 2.00751485011122E+03	-2.97909189296917E-02
 2.00751758801125E+03	-2.88244130998912E-01
 2.00752032591128E+03	-4.37134258617724E-01
 2.00752306381131E+03	-4.64185382372468E-01
 2.00752580171134E+03	-3.74545214527021E-01
 2.00752853961137E+03	-1.81060016825220E-01
 2.00753127751140E+03	 8.08548227181021E-02
 2.00753401541144E+03	 3.42140940640424E-01
 2.00753675331147E+03	 5.20743098629177E-01
 2.00753949121150E+03	 5.65916230538630E-01
 2.00754222911153E+03	 4.86534414838713E-01
 2.00754496701156E+03	 3.34139773282214E-01
 2.00754770491159E+03	 1.57546432204194E-01
 2.00755044281162E+03	-2.35130956845151E-02
 2.00755318071165E+03	-2.02397078264595E-01
 2.00755591861168E+03	-3.56072208690609E-01
 2.00755865651171E+03	-4.45432258823581E-01
 2.00756139441174E+03	-4.46792368579785E-01
 2.00756413231177E+03	-3.73092190904545E-01
 2.00756687021180E+03	-2.55633659540579E-01
 2.00756960811183E+03	-1.08173733330127E-01
 2.00757234601187E+03	 8.00902204695379E-02
 2.00757508391190E+03	 3.09011631621400E-01
 2.00757782181193E+03	 5.28715008118754E-01
 2.00758055971196E+03	 6.48159635992980E-01
 2.00758329761199E+03	 5.94905406535915E-01
 2.00758603551202E+03	 3.73588758778227E-01
 2.00758877341205E+03	 6.76008582481119E-02
 2.00759151131208E+03	-2.15720481147592E-01
 2.00759424921211E+03	-4.03057325985540E-01
 2.00759698711214E+03	-4.69861748022417E-01
 2.00759972501217E+03	-4.18028741855492E-01
 2.00760246291220E+03	-2.57200535511647E-01
 2.00760520081223E+03	-1.28726656711992E-02
 2.00760793871227E+03	 2.56830812597169E-01
 2.00761067661230E+03	 4.69326864629102E-01
 2.00761341451233E+03	 5.57617019581700E-01
 2.00761615241236E+03	 5.09867658301051E-01
 2.00761889031239E+03	 3.69172083763051E-01
 2.00762162821242E+03	 1.92459941170782E-01
 2.00762436611245E+03	 1.12936870554292E-02
 2.00762710401248E+03	-1.66694492062846E-01
 2.00762984191251E+03	-3.27233727092577E-01
 2.00763257981254E+03	-4.35696499288589E-01
 2.00763531771257E+03	-4.60679179879742E-01
 2.00763805561260E+03	-4.03894349863525E-01
 2.00764079351263E+03	-2.95730495243018E-01
 2.00764353141267E+03	-1.59884403326492E-01
 2.00764626931270E+03	 8.46817070402951E-03
 2.00764900721273E+03	 2.20003767307801E-01
 2.00765174511276E+03	 4.46495119167243E-01
 2.00765448301279E+03	 6.08137642582434E-01
 2.00765722091282E+03	 6.18458533177807E-01
 2.00765995881285E+03	 4.50971395666784E-01
 2.00766269671288E+03	 1.64795041917868E-01
 2.00766543461291E+03	-1.34136149206560E-01
 2.00766817251294E+03	-3.56795081560973E-01
 2.00767091041297E+03	-4.63297531384889E-01
 2.00767364831300E+03	-4.49790854693304E-01
 2.00767638621303E+03	-3.23942820071890E-01
 2.00767912411306E+03	-1.03685039647120E-01
 2.00768186201310E+03	 1.64923576059139E-01
 2.00768459991313E+03	 4.04102556332648E-01
 2.00768733781316E+03	 5.35469742561165E-01
 2.00769007571319E+03	 5.25681377444868E-01
 2.00769281361322E+03	 4.03315996090898E-01
 2.00769555151325E+03	 2.28323663761840E-01
 2.00769828941328E+03	 4.51043961530827E-02
 2.00770102731331E+03	-1.32687346934720E-01
 2.00770376521334E+03	-2.97117666657715E-01
 2.00770650311337E+03	-4.21013593067379E-01
 2.00770924101340E+03	-4.69258707297310E-01
 2.00771197891343E+03	-4.31789190955020E-01
 2.00771471681346E+03	-3.33541001820827E-01
 2.00771745471350E+03	-2.05776881164179E-01
 2.00772019261353E+03	-5.35593085492921E-02
 2.00772293051356E+03	 1.37808984909075E-01
 2.00772566841359E+03	 3.59790571053911E-01
 2.00772840631362E+03	 5.50268098484509E-01
 2.00773114421365E+03	 6.18467936325642E-01
 2.00773388211368E+03	 5.10874946573348E-01
 2.00773662001371E+03	 2.57397041159646E-01
 2.00773935791374E+03	-4.60003553818285E-02
 2.00774209581377E+03	-2.98947826364807E-01
 2.00774483371380E+03	-4.44432801939507E-01
 2.00774757161383E+03	-4.69569558117870E-01
 2.00775030951386E+03	-3.80017236574219E-01
 2.00775304741390E+03	-1.88696976948529E-01
 2.00775578531393E+03	 6.98935619004590E-02
 2.00775852321396E+03	 3.26959906147093E-01
 2.00776126111399E+03	 4.98569861105849E-01
 2.00776399901402E+03	 5.31453486907892E-01
 2.00776673691405E+03	 4.34917849223223E-01
 2.00776947481408E+03	 2.65571371206544E-01
 2.00777221271411E+03	 7.92624313000431E-02
 2.00777495061414E+03	-1.00038240076695E-01
 2.00777768851417E+03	-2.66689289676449E-01
 2.00778042641420E+03	-4.02211543105794E-01
 2.00778316431423E+03	-4.72176282706308E-01
 2.00778590221426E+03	-4.56102903046791E-01
 2.00778864011430E+03	-3.69728018566099E-01
 2.00779137801433E+03	-2.47891588673088E-01
 2.00779411591436E+03	-1.07153626035954E-01
 2.00779685381439E+03	 6.45562288889728E-02
 2.00779959171442E+03	 2.73781993606659E-01
 2.00780232961445E+03	 4.79564166833903E-01
 2.00780506751448E+03	 5.96340856750711E-01
 2.00780780541451E+03	 5.50524701234616E-01
 2.00781054331454E+03	 3.40953765015118E-01
 2.00781328121457E+03	 4.54769846796614E-02
 2.00781601911460E+03	-2.30624070836117E-01
 2.00781875701463E+03	-4.13310160111509E-01
 2.00782149491466E+03	-4.77234506086471E-01
 2.00782423281469E+03	-4.24651756248947E-01
 2.00782697071473E+03	-2.65581167965266E-01
 2.00782970861476E+03	-2.47540572006624E-02
 2.00783244651479E+03	 2.40604421768887E-01
 2.00783518441482E+03	 4.46990211217794E-01
 2.00783792231485E+03	 5.24930440846118E-01
 2.00784066021488E+03	 4.61713237754603E-01
 2.00784339811491E+03	 3.03886122836720E-01
 2.00784613601494E+03	 1.15021756437185E-01
 2.00784887391497E+03	-6.78837895753317E-02
 2.00785161181500E+03	-2.36512492978479E-01
 2.00785434971503E+03	-3.80279870466732E-01
 2.00785708761506E+03	-4.69392383094204E-01
 2.00785982551509E+03	-4.75963499157282E-01
 2.00786256341513E+03	-4.04274104466657E-01
 2.00786530131516E+03	-2.87943040105746E-01
 2.00786803921519E+03	-1.54218624970336E-01
 2.00787077711522E+03	 8.98530821181048E-04
 2.00787351501525E+03	 1.92662026555134E-01
 2.00787625291528E+03	 4.01474137106933E-01
 2.00787899081531E+03	 5.55032244251275E-01
 2.00788172871534E+03	 5.68559685233143E-01
 2.00788446661537E+03	 4.11352424380511E-01
 2.00788720451540E+03	 1.36523400126971E-01
 2.00788994241543E+03	-1.53557128276829E-01
 2.00789268031546E+03	-3.70175046101578E-01
 2.00789541821549E+03	-4.72706910316868E-01
 2.00789815611553E+03	-4.57441613989204E-01
 2.00790089401556E+03	-3.32627141956802E-01
 2.00790363191559E+03	-1.15764454519807E-01
 2.00790636981562E+03	 1.48306326732714E-01
 2.00790910771565E+03	 3.81834594893161E-01
 2.00791184561568E+03	 5.04453417727804E-01
 2.00791458351571E+03	 4.81088176359719E-01
 2.00791732141574E+03	 3.42126931727235E-01
 2.00792005931577E+03	 1.53252751653932E-01
 2.00792279721580E+03	-3.49995649345824E-02
 2.00792553511583E+03	-2.06635356730692E-01
 2.00792827301586E+03	-3.56195477208280E-01
 2.00793101091589E+03	-4.61230616355722E-01
 2.00793374881592E+03	-4.90533084639586E-01
 2.00793648671596E+03	-4.36568371974330E-01
 2.00793922461599E+03	-3.27043221774237E-01
 2.00794196251602E+03	-1.96954412285767E-01
 2.00794470041605E+03	-5.38163743267001E-02
 2.00794743831608E+03	 1.19301391359684E-01
 2.00795017621611E+03	 3.21299596248257E-01
 2.00795291411614E+03	 4.98714668710366E-01
 2.00795565201617E+03	 5.65189698511184E-01
 2.00795838991620E+03	 4.65224569218834E-01
 2.00796112781623E+03	 2.23046067770327E-01
 2.00796386571626E+03	-7.01593631548869E-02
 2.00796660361629E+03	-3.15613176724686E-01
 2.00796934151632E+03	-4.55940633472716E-01
 2.00797207941636E+03	-4.78204080218694E-01
 2.00797481731639E+03	-3.88709503851373E-01
 2.00797755521642E+03	-2.00350993824022E-01
 2.00798029311645E+03	 5.35986003721566E-02
 2.00798303101648E+03	 3.05164587113363E-01
 2.00798576891651E+03	 4.69216204259944E-01
 2.00798850681654E+03	 4.90409088794175E-01
 2.00799124471657E+03	 3.78384187763561E-01
 2.00799398261660E+03	 1.94190906618412E-01
 2.00799672051663E+03	-4.45810505051332E-05
 2.00799945841666E+03	-1.76563062721016E-01
 2.00800219631669E+03	-3.30729184523883E-01
 2.00800493421672E+03	-4.48333191626307E-01
 2.00800767211676E+03	-4.99212429570309E-01
 2.00801041001679E+03	-4.65597233970478E-01
 2.00801314791682E+03	-3.65564024342747E-01
 2.00801588581685E+03	-2.37424971067413E-01
 2.00801862371688E+03	-1.01219536334088E-01
 2.00802136161691E+03	 5.51067384594299E-02
 2.00802409951694E+03	 2.43660727981014E-01
 2.00802683741697E+03	 4.32313526290790E-01
 2.00802957531700E+03	 5.42178858901823E-01
 2.00803231321703E+03	 5.00299936235140E-01
 2.00803505111706E+03	 3.00957105979246E-01
 2.00803778901709E+03	 1.65122948448545E-02
 2.00804052691712E+03	-2.50694516518140E-01
 2.00804326481715E+03	-4.26970775092287E-01
 2.00804600271719E+03	-4.86853052648044E-01
 2.00804874061722E+03	-4.33184254977604E-01
 2.00805147851725E+03	-2.76325008441066E-01
 2.00805421641728E+03	-4.00309169730539E-02
 2.00805695431731E+03	 2.19813808148599E-01
 2.00805969221734E+03	 4.19418182507058E-01
 2.00806243011737E+03	 4.87373402171389E-01
 2.00806516801740E+03	 4.10159501809765E-01
 2.00806790591743E+03	 2.37271190610027E-01
 2.00807064381746E+03	 3.81502358164410E-02
 2.00807338171749E+03	-1.45332695987688E-01
 2.00807611961752E+03	-3.04274109898427E-01
 2.00807885751755E+03	-4.31533080560362E-01
 2.00808159541759E+03	-5.01776704082097E-01
 2.00808433331762E+03	-4.90193951052735E-01
 2.00808707121765E+03	-4.03147368261476E-01
 2.00808980911768E+03	-2.77203596472333E-01
 2.00809254701771E+03	-1.43497049625610E-01
 2.00809528491774E+03	 7.76399615619178E-05
 2.00809802281777E+03	 1.72076579970997E-01
 2.00810076071780E+03	 3.60967987236268E-01
 2.00810349861783E+03	 5.02652297716347E-01
 2.00810623651786E+03	 5.15658297183677E-01
 2.00810897441789E+03	 3.66544967526142E-01
 2.00811171231792E+03	 1.02892651336772E-01
 2.00811445021795E+03	-1.77088268596131E-01
 2.00811718811799E+03	-3.86021026972346E-01
 2.00811992601802E+03	-4.83322556007003E-01
 2.00812266391805E+03	-4.65743349358864E-01
 2.00812540181808E+03	-3.42128850685893E-01
 2.00812813971811E+03	-1.29410113617910E-01
 2.00813087761814E+03	 1.29120263126264E-01
 2.00813361551817E+03	 3.56292495152552E-01
 2.00813635341820E+03	 4.70329629386231E-01
 2.00813909131823E+03	 4.34646121183801E-01
 2.00814182921826E+03	 2.81078589520521E-01
 2.00814456711829E+03	 8.02948103079755E-02
 2.00814730501832E+03	-1.11686474019008E-01
 2.00815004291835E+03	-2.76735027378913E-01
 2.00815278081839E+03	-4.11669513531853E-01
 2.00815551871842E+03	-4.98416312404776E-01
 2.00815825661845E+03	-5.09294160708536E-01
 2.00816099451848E+03	-4.38846516277135E-01
 2.00816373241851E+03	-3.17143613097313E-01
 2.00816647031854E+03	-1.82938531339994E-01
 2.00816920821857E+03	-4.69587037038091E-02
 2.00817194611860E+03	 1.08710090023326E-01
 2.00817468401863E+03	 2.89488172877584E-01
 2.00817742191866E+03	 4.50747552021095E-01
 2.00818015981869E+03	 5.11839437018323E-01
 2.00818289771872E+03	 4.16843949321203E-01
 2.00818563561875E+03	 1.85142629565570E-01
 2.00818837351878E+03	-9.71150313841509E-02
 2.00819111141882E+03	-3.33647304200965E-01
 2.00819384931885E+03	-4.67557131313927E-01
 2.00819658721888E+03	-4.86263321385693E-01
 2.00819932511891E+03	-3.96780344522316E-01
 2.00820206301894E+03	-2.11881303356257E-01
 2.00820480091897E+03	 3.66182089472886E-02
 2.00820753881900E+03	 2.82008795783469E-01
 2.00821027671903E+03	 4.38521049996721E-01
 2.00821301461906E+03	 4.49070351382710E-01
 2.00821575251909E+03	 3.23427704029828E-01
 2.00821849041912E+03	 1.26401325457782E-01
 2.00822122831915E+03	-7.43217613285261E-02
 2.00822396621918E+03	-2.47508267655047E-01
 2.00822670411922E+03	-3.89385905838245E-01
 2.00822944201925E+03	-4.89676405816674E-01
 2.00823217991928E+03	-5.22146479237285E-01
 2.00823491781931E+03	-4.71360898349403E-01
 2.00823765571934E+03	-3.57298535817946E-01
 2.00824039361937E+03	-2.21526867472536E-01
 2.00824313151940E+03	-8.79809387497121E-02
 2.00824586941943E+03	 5.43027288923482E-02
 2.00824860731946E+03	 2.21878633759851E-01
 2.00825134521949E+03	 3.91154276958465E-01
 2.00825408311952E+03	 4.90790009294626E-01
 2.00825682101955E+03	 4.49949992188874E-01
 2.00825955891958E+03	 2.59460465207898E-01
 2.00826229681962E+03	-1.37105300194622E-02
 2.00826503471965E+03	-2.70885253682526E-01
 2.00826777261968E+03	-4.39572523458832E-01
 2.00827051051971E+03	-4.94682824857111E-01
 2.00827324841974E+03	-4.39751434077000E-01
 2.00827598631977E+03	-2.85407350508783E-01
 2.00827872421980E+03	-5.42652113021401E-02
 2.00828146211983E+03	 1.99468763765578E-01
 2.00828420001986E+03	 3.92219437828770E-01
 2.00828693791989E+03	 4.51045051436409E-01
 2.00828967581992E+03	 3.61564351377458E-01
 2.00829241371995E+03	 1.75635969894656E-01
 2.00829515161998E+03	-3.21810716044949E-02
 2.00829788952001E+03	-2.15566140179805E-01
 2.00830062742005E+03	-3.64954443140452E-01
 2.00830336532008E+03	-4.76309283689136E-01
 2.00830610322011E+03	-5.28438255423950E-01
 2.00830884112014E+03	-4.99312993666592E-01
 2.00831157902017E+03	-3.96989837199261E-01
 2.00831431692020E+03	-2.60627181787685E-01
 2.00831705482023E+03	-1.25337596303883E-01
 2.00831979272026E+03	 8.29578572678177E-03
 2.00832253062029E+03	 1.60987493762726E-01
 2.00832526852032E+03	 3.28601704098953E-01
 2.00832800642035E+03	 4.55648529248341E-01
 2.00833074432038E+03	 4.65235220955059E-01
 2.00833348222041E+03	 3.22433223428065E-01
 2.00833622012045E+03	 6.97109780144082E-02
 2.00833895802048E+03	-1.99365126352132E-01
 2.00834169592051E+03	-3.99574630310948E-01
 2.00834443382054E+03	-4.90936481774436E-01
 2.00834717172057E+03	-4.70813877153588E-01
 2.00834990962060E+03	-3.48581201603395E-01
 2.00835264752063E+03	-1.40466986000280E-01
 2.00835538542066E+03	 1.12027738783989E-01
 2.00835812332069E+03	 3.32732553081516E-01
 2.00836086122072E+03	 4.38884703040948E-01
 2.00836359912075E+03	 3.92463105700972E-01
 2.00836633702078E+03	 2.26289883586208E-01
 2.00836907492081E+03	 1.52640962306905E-02
 2.00837181282085E+03	-1.79640982353683E-01
 2.00837455072088E+03	-3.38168291180989E-01
 2.00837728862091E+03	-4.59071758876756E-01
 2.00838002652094E+03	-5.28314519056058E-01
 2.00838276442097E+03	-5.21511528744559E-01
 2.00838550232100E+03	-4.34996121158175E-01
 2.00838824022103E+03	-3.00813362580511E-01
 2.00839097812106E+03	-1.61310307421650E-01
 2.00839371602109E+03	-3.08910464080229E-02
 2.00839645392112E+03	 1.08321421671661E-01
 2.00839919182115E+03	 2.67360336071459E-01
 2.00840192972118E+03	 4.10392695135718E-01
 2.00840466762121E+03	 4.63425712908726E-01
 2.00840740552124E+03	 3.71381994321057E-01
 2.00841014342128E+03	 1.49488545229299E-01
 2.00841288132131E+03	-1.21360226692219E-01
 2.00841561922134E+03	-3.48111187568040E-01
 2.00841835712137E+03	-4.74959910016603E-01
 2.00842109502140E+03	-4.89888644415775E-01
 2.00842383292143E+03	-4.00551302551143E-01
 2.00842657082146E+03	-2.19467533788581E-01
 2.00842930872149E+03	 2.31850700809537E-02
 2.00843204662152E+03	 2.62288382932737E-01
 2.00843478452155E+03	 4.11837915579887E-01
 2.00843752242158E+03	 4.13179769559934E-01
 2.00844026032161E+03	 2.75880261990157E-01
 2.00844299822164E+03	 6.77835043393466E-02
 2.00844573612168E+03	-1.38485082591440E-01
 2.00844847402171E+03	-3.08331228025510E-01
 2.00845121192174E+03	-4.38511400227371E-01
 2.00845394982177E+03	-5.22289819411710E-01
 2.00845668772180E+03	-5.37150936497745E-01
 2.00845942562183E+03	-4.69818738373322E-01
 2.00846216352186E+03	-3.41845815984810E-01
 2.00846490142189E+03	-1.97740206870448E-01
 2.00846763932192E+03	-6.54740262264293E-02
 2.00847037722195E+03	 6.40419987224388E-02
 2.00847311512198E+03	 2.10821634847364E-01
 2.00847585302201E+03	 3.59392988294024E-01
 2.00847859092204E+03	 4.46525114428744E-01
 2.00848132882208E+03	 4.04651034372067E-01
 2.00848406672211E+03	 2.22019210683247E-01
 2.00848680462214E+03	-3.97444610586399E-02
 2.00848954252217E+03	-2.86221654296590E-01
 2.00849228042220E+03	-4.46765439481509E-01
 2.00849501832223E+03	-4.96932696676144E-01
 2.00849775622226E+03	-4.40888919964963E-01
 2.00850049412229E+03	-2.89375714609941E-01
 2.00850323202232E+03	-6.37121949935718E-02
 2.00850596992235E+03	 1.83817193106364E-01
 2.00850870782238E+03	 3.70206323843023E-01
 2.00851144572241E+03	 4.21209309633438E-01
 2.00851418362244E+03	 3.21372551580298E-01
 2.00851692152248E+03	 1.24254092234932E-01
 2.00851965942251E+03	-9.11672940225159E-02
 2.00852239732254E+03	-2.74357255614904E-01
 2.00852513522257E+03	-4.14789162858219E-01
 2.00852787312260E+03	-5.11074079717470E-01
 2.00853061102263E+03	-5.45911456954819E-01
 2.00853334892266E+03	-4.99968652546383E-01
 2.00853608682269E+03	-3.82788584287605E-01
 2.00853882472272E+03	-2.35767267688828E-01
 2.00854156262275E+03	-9.78752959739364E-02
 2.00854430052278E+03	 2.71329642879835E-02
 2.00854703842281E+03	 1.61207435590370E-01
 2.00854977632284E+03	 3.06929976967616E-01
 2.00855251422287E+03	 4.17588226131634E-01
 2.00855525212291E+03	 4.21795952675255E-01
 2.00855799002294E+03	 2.84098315058518E-01
 2.00856072792297E+03	 4.21509434495075E-02
 2.00856346582300E+03	-2.15548025140088E-01
 2.00856620372303E+03	-4.06572604198964E-01
 2.00856894162306E+03	-4.91887652390400E-01
 2.00857167952309E+03	-4.69431724075486E-01
 2.00857441742312E+03	-3.48919713506051E-01
 2.00857715532315E+03	-1.45712871010604E-01
 2.00857989322318E+03	 1.00666464908758E-01
 2.00858263112321E+03	 3.15336384014443E-01
 2.00858536902324E+03	 4.14799120078042E-01
 2.00858810692327E+03	 3.59495808252164E-01
 2.00859084482331E+03	 1.82649639716612E-01
 2.00859358272334E+03	-3.73579434389309E-02
 2.00859632062337E+03	-2.34972459167997E-01
 2.00859905852340E+03	-3.87580521886282E-01
 2.00860179642343E+03	-4.95350940933402E-01
 2.00860453432346E+03	-5.47944749313246E-01
 2.00860727222349E+03	-5.24219133150201E-01
 2.00861001012352E+03	-4.22231776947377E-01
 2.00861274802355E+03	-2.75711042054130E-01
 2.00861548592358E+03	-1.30313327741524E-01
 2.00861822382361E+03	-4.29572515076246E-03
 2.00862096172364E+03	 1.19441466339553E-01
 2.00862369962367E+03	 2.56737821833691E-01
 2.00862643752371E+03	 3.80370214392290E-01
 2.00862917542374E+03	 4.23638325461801E-01
 2.00863191332377E+03	 3.33248854792745E-01
 2.00863465122380E+03	 1.20774069447535E-01
 2.00863738912383E+03	-1.38373545141367E-01
 2.00864012702386E+03	-3.54964826955395E-01
 2.00864286492389E+03	-4.74701217035769E-01
 2.00864560282392E+03	-4.86139823484065E-01
 2.00864834072395E+03	-3.97359713446911E-01
 2.00865107862398E+03	-2.20424303565944E-01
 2.00865381652401E+03	 1.62916324014121E-02
 2.00865655442404E+03	 2.49489622079162E-01
 2.00865929232407E+03	 3.93174589320240E-01
 2.00866203022410E+03	 3.87108693823834E-01
 2.00866476812414E+03	 2.40163684059397E-01
 2.00866750602417E+03	 2.24474831372587E-02
 2.00867024392420E+03	-1.88991630171413E-01
 2.00867298182423E+03	-3.56083681134478E-01
 2.00867571972426E+03	-4.75557189882750E-01
 2.00867845762429E+03	-5.43752716025651E-01
 2.00868119552432E+03	-5.41778357376362E-01
 2.00868393342435E+03	-4.58569937792848E-01
 2.00868667132438E+03	-3.17096723788070E-01
 2.00868940922441E+03	-1.64471096311133E-01
 2.00869214712444E+03	-3.26185719581043E-02
 2.00869488502447E+03	 8.51917693752625E-02
 2.00869762292450E+03	 2.11632376570166E-01
 2.00870036082454E+03	 3.38895280218337E-01
 2.00870309872457E+03	 4.12172166539727E-01
 2.00870583662460E+03	 3.67991046385707E-01
 2.00870857452463E+03	 1.92657492893204E-01
 2.00871131242466E+03	-5.75670409092096E-02
 2.00871405032469E+03	-2.93036161170079E-01
 2.00871678822472E+03	-4.45416597909936E-01
 2.00871952612475E+03	-4.90995608275618E-01
 2.00872226402478E+03	-4.34350405973512E-01
 2.00872500192481E+03	-2.86081194829655E-01
 2.00872773982484E+03	-6.60338013656698E-02
 2.00873047772487E+03	 1.75614329036489E-01
 2.00873321562490E+03	 3.56647545911423E-01
 2.00873595352494E+03	 4.01565622685910E-01
 2.00873869142497E+03	 2.93454667711615E-01
 2.00874142932500E+03	 8.68080950551154E-02
 2.00874416722503E+03	-1.35626514802315E-01
 2.00874690512506E+03	-3.19144048666513E-01
 2.00874964302509E+03	-4.51712882741688E-01
 2.00875238092512E+03	-5.33988323975768E-01
 2.00875511882515E+03	-5.52353364116712E-01
 2.00875785672518E+03	-4.90280818284434E-01
 2.00876059462521E+03	-3.58806701460624E-01
 2.00876333252524E+03	-2.01283095133365E-01
 2.00876607042527E+03	-6.02804616817532E-02
 2.00876880832530E+03	 5.70686970659858E-02
 2.00877154622533E+03	 1.73269677967648E-01
 2.00877428412537E+03	 2.97000544346917E-01
 2.00877702202540E+03	 3.90328695105540E-01
 2.00877975992543E+03	 3.88008968354750E-01
 2.00878249782546E+03	 2.54753060311807E-01
 2.00878523572549E+03	 2.35738618314559E-02
 2.00878797362552E+03	-2.22491031487784E-01
 2.00879071152555E+03	-4.04310301286180E-01
 2.00879344942558E+03	-4.83968242656574E-01
 2.00879618732561E+03	-4.59787942143809E-01
 2.00879892522564E+03	-3.41524011769253E-01
 2.00880166312567E+03	-1.43451470983534E-01
 2.00880440102570E+03	 9.70547945230418E-02
 2.00880713892573E+03	 3.06595914112808E-01
 2.00880987682577E+03	 4.01032483614005E-01
 2.00881261472580E+03	 3.38983088074784E-01
 2.00881535262583E+03	 1.53348286556590E-01
 2.00881809052586E+03	-7.47739004085304E-02
 2.00882082842589E+03	-2.75482346528669E-01
 2.00882356632592E+03	-4.23343412793455E-01
 2.00882630422595E+03	-5.19222778812784E-01
 2.00882904212598E+03	-5.56098816698106E-01
 2.00883178002601E+03	-5.16152758046048E-01
 2.00883451792604E+03	-3.99318676038051E-01
 2.00883725582607E+03	-2.40860777728047E-01
 2.00883999372610E+03	-8.94177650174416E-02
 2.00884273162613E+03	 3.29421817373615E-02
 2.00884546952617E+03	 1.42061551552995E-01
 2.00884820742620E+03	 2.57914655913525E-01
 2.00885094532623E+03	 3.61626593652074E-01
 2.00885368322626E+03	 3.94184140588049E-01
 2.00885642112629E+03	 3.04748901789992E-01
 2.00885915902632E+03	 1.01569568531621E-01
 2.00886189692635E+03	-1.45665983744951E-01
 2.00886463482638E+03	-3.52047404609490E-01
 2.00886737272641E+03	-4.65049417415364E-01
 2.00887011062644E+03	-4.73675958185482E-01
 2.00887284852647E+03	-3.86105155335117E-01
 2.00887558642650E+03	-2.13669233167531E-01
 2.00887832432653E+03	 1.72410069792527E-02
 2.00888106222657E+03	 2.45321867248899E-01
 2.00888380012660E+03	 3.84709067551663E-01
 2.00888653802663E+03	 3.73395805836576E-01
 2.00888927592666E+03	 2.18907080797924E-01
 2.00889201382669E+03	-7.23182277812056E-03
 2.00889475172672E+03	-2.23993330351604E-01
 2.00889748962675E+03	-3.89518416900063E-01
 2.00890022752678E+03	-4.99730665234468E-01
 2.00890296542681E+03	-5.53466747487820E-01
 2.00890570332684E+03	-5.35421540900886E-01
 2.00890844122687E+03	-4.36979919894229E-01
 2.00891117912690E+03	-2.82552725731090E-01
 2.00891391702693E+03	-1.21564934832492E-01
 2.00891665492696E+03	 1.03272441282656E-02
 2.00891939282700E+03	 1.17252528274011E-01
 2.00892213072703E+03	 2.23925634653894E-01
 2.00892486862706E+03	 3.29752086220499E-01
 2.00892760652709E+03	 3.88484322877940E-01
 2.00893034442712E+03	 3.41320406279802E-01
 2.00893308232715E+03	 1.73067351436121E-01
 2.00893582022718E+03	-6.54546575187941E-02
 2.00893855812721E+03	-2.89817724834525E-01
 2.00894129602724E+03	-4.34351618344081E-01
 2.00894403392727E+03	-4.76039012180000E-01
 2.00894677182730E+03	-4.19551755863007E-01
 2.00894950972733E+03	-2.75019865888278E-01
 2.00895224762736E+03	-6.05984803556052E-02
 2.00895498552740E+03	 1.75812864844254E-01
 2.00895772342743E+03	 3.52929484872485E-01
 2.00896046132746E+03	 3.93904969865506E-01
 2.00896319922749E+03	 2.79812254655442E-01
 2.00896593712752E+03	 6.51988139578995E-02
 2.00896867502755E+03	-1.64066831335783E-01
 2.00897141292758E+03	-3.49010894063295E-01
 2.00897415082761E+03	-4.75342265752166E-01
 2.00897688872764E+03	-5.44992838114156E-01
 2.00897962662767E+03	-5.47796757819150E-01
 2.00898236452770E+03	-4.70264956150333E-01
 2.00898510242773E+03	-3.25114650643809E-01
 2.00898784032776E+03	-1.57480205799187E-01
 2.00899057822780E+03	-1.32197801264948E-02
 2.00899331612783E+03	 9.71397908437432E-02
 2.00899605402786E+03	 1.96179470251986E-01
 2.00899879192789E+03	 2.98123941085588E-01
 2.00900152982792E+03	 3.73716829446534E-01
 2.00900426772795E+03	 3.64273928446362E-01
 2.00900700562798E+03	 2.35171012474777E-01
 2.00900974352801E+03	 1.48664394046662E-02
 2.00901248142804E+03	-2.19417407006424E-01
 2.00901521932807E+03	-3.92246469377342E-01
 2.00901795722810E+03	-4.66900428734830E-01
 2.00902069512813E+03	-4.41818927303967E-01
 2.00902343302816E+03	-3.26432926189233E-01
 2.00902617092819E+03	-1.33664717876421E-01
 2.00902890882823E+03	 1.01442575031359E-01
 2.00903164672826E+03	 3.07130037834944E-01
 2.00903438462829E+03	 3.98609488703118E-01
 2.00903712252832E+03	 3.32245536511205E-01
 2.00903986042835E+03	 1.39753303149863E-01
 2.00904259832838E+03	-9.58755431504659E-02
 2.00904533622841E+03	-3.00557001634733E-01
 2.00904807412844E+03	-4.45400560636625E-01
 2.00905081202847E+03	-5.31067398149283E-01
 2.00905354992850E+03	-5.53379875068829E-01
 2.00905628782853E+03	-4.97970869847613E-01
 2.00905902572856E+03	-3.66948573494738E-01
 2.00906176362859E+03	-1.97103179422838E-01
 2.00906450152863E+03	-3.97494168860854E-02
 2.00906723942866E+03	 7.93988208671082E-02
 2.00906997732869E+03	 1.74632104958890E-01
 2.00907271522872E+03	 2.69501144329429E-01
 2.00907545312875E+03	 3.53175931235483E-01
 2.00907819102878E+03	 3.74556133845984E-01
 2.00908092892881E+03	 2.85743350617816E-01
 2.00908366682884E+03	 9.18960028630959E-02
 2.00908640472887E+03	-1.43248306595864E-01
 2.00908914262890E+03	-3.39511159359485E-01
 2.00909188052893E+03	-4.46327299699386E-01
 2.00909461842896E+03	-4.52965934301885E-01
 2.00909735632899E+03	-3.67339055225898E-01
 2.00910009422903E+03	-1.99733853080803E-01
 2.00910283212906E+03	 2.56549527569425E-02
 2.00910557002909E+03	 2.49693263310949E-01
 2.00910830792912E+03	 3.86715474989188E-01
 2.00911104582915E+03	 3.72650386270166E-01
 2.00911378372918E+03	 2.12887444335804E-01
 2.00911652162921E+03	-2.05761584054571E-02
 2.00911925952924E+03	-2.43176783089670E-01
 2.00912199742927E+03	-4.08841388923807E-01
 2.00912473532930E+03	-5.11742795317299E-01
 2.00912747322933E+03	-5.52497422532298E-01
 2.00913021112936E+03	-5.19319109190902E-01
 2.00913294902939E+03	-4.06362527071421E-01
 2.00913568692942E+03	-2.39635653482015E-01
 2.00913842482946E+03	-7.06562349436602E-02
 2.00914116272949E+03	 6.14646314640985E-02
 2.00914390062952E+03	 1.58155573389983E-01
 2.00914663852955E+03	 2.45685042700095E-01
 2.00914937642958E+03	 3.30230172922963E-01
 2.00915211432961E+03	 3.74121021443179E-01
 2.00915485222964E+03	 3.23634304692688E-01
 2.00915759012967E+03	 1.62418406257098E-01
 2.00916032802970E+03	-6.42209147121086E-02
 2.00916306592973E+03	-2.77447328785290E-01
 2.00916580382976E+03	-4.14530840645464E-01
 2.00916854172979E+03	-4.53080491325247E-01
 2.00917127962982E+03	-3.97535483365809E-01
 2.00917401752986E+03	-2.57211255238118E-01
 2.00917675542989E+03	-4.83259480359412E-02
 2.00917949332992E+03	 1.83694079182720E-01
 2.00918223122995E+03	 3.58627147658135E-01
 2.00918496912998E+03	 3.98126581762322E-01
 2.00918770703001E+03	 2.80588734063882E-01
 2.00919044493004E+03	 5.96180306427081E-02
 2.00919318283007E+03	-1.76502237065304E-01
 2.00919592073010E+03	-3.64392221532183E-01
 2.00919865863013E+03	-4.86622987061500E-01
 2.00920139653016E+03	-5.45489239754275E-01
 2.00920413443019E+03	-5.33952225330728E-01
 2.00920687233022E+03	-4.41802861219230E-01
 2.00920961023026E+03	-2.83718493957790E-01
 2.00921234813029E+03	-1.06533067897864E-01
 2.00921508603032E+03	 4.09136024030386E-02
 2.00921782393035E+03	 1.44777652350535E-01
 2.00922056183038E+03	 2.27354135767381E-01
 2.00922329973041E+03	 3.07905002873151E-01
 2.00922603763044E+03	 3.65667794999110E-01
 2.00922877553047E+03	 3.48796422358314E-01
 2.00923151343050E+03	 2.23723603262577E-01
 2.00923425133053E+03	 1.44367391816068E-02
 2.00923698923056E+03	-2.07939826393147E-01
 2.00923972713059E+03	-3.71998087430203E-01
 2.00924246503062E+03	-4.42264803049596E-01
 2.00924520293066E+03	-4.17045268785943E-01
 2.00924794083069E+03	-3.05100844158748E-01
 2.00925067873072E+03	-1.17725106870255E-01
 2.00925341663075E+03	 1.12586521047161E-01
 2.00925615453078E+03	 3.15898785452201E-01
 2.00925889243081E+03	 4.06757236613079E-01
 2.00926163033084E+03	 3.38775597393748E-01
 2.00926436823087E+03	 1.41515878575845E-01
 2.00926710613090E+03	-1.01054274161993E-01
 2.00926984403093E+03	-3.10862018818013E-01
 2.00927258193096E+03	-4.54866028158622E-01
 2.00927531983099E+03	-5.32500643048546E-01
 2.00927805773102E+03	-5.41834984093879E-01
 2.00928079563105E+03	-4.72020192770031E-01
 2.00928353353109E+03	-3.27664503852220E-01
 2.00928627143112E+03	-1.47150548188065E-01
 2.00928900933115E+03	 1.57944308391187E-02
 2.00929174723118E+03	 1.32016631231183E-01
 2.00929448513121E+03	 2.14050550840508E-01
 2.00929722303124E+03	 2.88517398044715E-01
 2.00929996093127E+03	 3.52282485255795E-01
 2.00930269883130E+03	 3.62264783968449E-01
 2.00930543673133E+03	 2.73888703405564E-01
 2.00930817463136E+03	 8.94446263207333E-02
 2.00931091253139E+03	-1.33432026805944E-01
 2.00931365043142E+03	-3.19623241801246E-01
 2.00931638833145E+03	-4.20683172049568E-01
 2.00931912623149E+03	-4.26000536318542E-01
 2.00932186413152E+03	-3.42909220740853E-01
 2.00932460203155E+03	-1.80361529485973E-01
 2.00932733993158E+03	 3.98756556541722E-02
 2.00933007783161E+03	 2.61058362120967E-01
 2.00933281573164E+03	 3.97823693055777E-01
 2.00933555363167E+03	 3.83731204972359E-01
 2.00933829153170E+03	 2.21177755781466E-01
 2.00934102943173E+03	-1.84153026778060E-02
 2.00934376733176E+03	-2.47475820650618E-01
 2.00934650523179E+03	-4.15309532512839E-01
 2.00934924313182E+03	-5.13327132951093E-01
 2.00935198103185E+03	-5.43087943409205E-01
 2.00935471893189E+03	-4.96145363264197E-01
 2.00935745683192E+03	-3.69701894574205E-01
 2.00936019473195E+03	-1.91550602948392E-01
 2.00936293263198E+03	-1.51323657466601E-02
 2.00936567053201E+03	 1.17261335488363E-01
 2.00936840843204E+03	 2.04315564078204E-01
 2.00937114633207E+03	 2.73411901660705E-01
 2.00937388423210E+03	 3.37031324958917E-01
 2.00937662213213E+03	 3.65998319461550E-01
 2.00937936003216E+03	 3.11976497385224E-01
 2.00938209793219E+03	 1.57776512184799E-01
 2.00938483583222E+03	-5.68084172178453E-02
 2.00938757373225E+03	-2.58805247494594E-01
 2.00939031163228E+03	-3.88657573739263E-01
 2.00939304953232E+03	-4.24572335083942E-01
 2.00939578743235E+03	-3.70512829711537E-01
 2.00939852533238E+03	-2.34700979699900E-01
 2.00940126323241E+03	-3.11817599882372E-02
 2.00940400113244E+03	 1.97331269066450E-01
 2.00940673903247E+03	 3.71880313571250E-01
 2.00940947693250E+03	 4.12512115432747E-01
 2.00941221483253E+03	 2.94270722423076E-01
 2.00941495273256E+03	 6.87412199603665E-02
 2.00941769063259E+03	-1.74196487177997E-01
 2.00942042853262E+03	-3.66705696641844E-01
 2.00942316643265E+03	-4.87350870760808E-01
 2.00942590433268E+03	-5.37794658443330E-01
 2.00942864223272E+03	-5.13670578073066E-01
 2.00943138013275E+03	-4.08185658959380E-01
 2.00943411803278E+03	-2.38226153181215E-01
 2.00943685593281E+03	-5.22706546784559E-02
 2.00943959383284E+03	 9.81428522927937E-02
 2.00944233173287E+03	 1.95950704291001E-01
 2.00944506963290E+03	 2.62832800084177E-01
 2.00944780753293E+03	 3.22561836952209E-01
 2.00945054543296E+03	 3.62600442905479E-01
 2.00945328333299E+03	 3.38116826102494E-01
 2.00945602123302E+03	 2.16962389942594E-01
 2.00945875913305E+03	 1.88084604741174E-02
 2.00946149703308E+03	-1.91482764524175E-01
 2.00946423493312E+03	-3.46786952488212E-01
 2.00946697283315E+03	-4.12958312433160E-01
 2.00946971073318E+03	-3.88019511239899E-01
 2.00947244863321E+03	-2.79823407876852E-01
 2.00947518653324E+03	-9.78119130542720E-02
 2.00947792443327E+03	 1.28305317554172E-01
 2.00948066233330E+03	 3.30681791344237E-01
 2.00948340023333E+03	 4.23275036428444E-01
 2.00948613813336E+03	 3.56504076948322E-01
 2.00948887603339E+03	 1.56781238299983E-01
 2.00949161393342E+03	-9.19745331636948E-02
 2.00949435183345E+03	-3.08030775886546E-01
 2.00949708973348E+03	-4.53591234587720E-01
 2.00949982763351E+03	-5.25828886128903E-01
 2.00950256553355E+03	-5.24349796318907E-01
 2.00950530343358E+03	-4.41743948529978E-01
 2.00950804133361E+03	-2.85348530237055E-01
 2.00951077923364E+03	-9.51859925002898E-02
 2.00951351713367E+03	 7.28487728957756E-02
 2.00951625503370E+03	 1.86364162282132E-01
 2.00951899293373E+03	 2.55947367552749E-01
 2.00952173083376E+03	 3.10767052006085E-01
 2.00952446873379E+03	 3.54955676197342E-01
 2.00952720663382E+03	 3.53453339766766E-01
 2.00952994453385E+03	 2.65341497475507E-01
 2.00953268243388E+03	 9.03237068493707E-02
 2.00953542033391E+03	-1.20087877153460E-01
 2.00953815823395E+03	-2.96060025914308E-01
 2.00954089613398E+03	-3.91426347963686E-01
 2.00954363403401E+03	-3.95653136242843E-01
 2.00954637193404E+03	-3.15324736543565E-01
 2.00954910983407E+03	-1.57870524411718E-01
 2.00955184773410E+03	 5.75841905410630E-02
 2.00955458563413E+03	 2.76976854992083E-01
 2.00955732353416E+03	 4.15476886616522E-01
 2.00956006143419E+03	 4.04086183824124E-01
 2.00956279933422E+03	 2.41392287238092E-01
 2.00956553723425E+03	-2.87577543785302E-03
 2.00956827513428E+03	-2.38817733397298E-01
 2.00957101303431E+03	-4.10870260015344E-01
 2.00957375093435E+03	-5.06744615632597E-01
 2.00957648883438E+03	-5.28048122494892E-01
 2.00957922673441E+03	-4.69341550179841E-01
 2.00958196463444E+03	-3.31000485041711E-01
 2.00958470253447E+03	-1.42711072515295E-01
 2.00958744043450E+03	 4.03421587369976E-02
 2.00959017833453E+03	 1.72951896800141E-01
 2.00959291623456E+03	 2.51013326157164E-01
 2.00959565413459E+03	 3.02559255902356E-01
 2.00959839203462E+03	 3.45832339518153E-01
 2.00960112993465E+03	 3.59958282882101E-01
 2.00960386783468E+03	 3.02225058895896E-01
 2.00960660573471E+03	 1.54962745145321E-01
 2.00960934363475E+03	-4.74139025494267E-02
 2.00961208153478E+03	-2.37931178467098E-01
 2.00961481943481E+03	-3.60400044332973E-01
 2.00961755733484E+03	-3.93682376980721E-01
 2.00962029523487E+03	-3.41181035347674E-01
 2.00962303313490E+03	-2.09893375582626E-01
 2.00962577103493E+03	-1.15249658328641E-02
 2.00962850893496E+03	 2.14200774542099E-01
 2.00963124683499E+03	 3.89922080801296E-01
 2.00963398473502E+03	 4.34139076866620E-01
 2.00963672263505E+03	 3.17984586330957E-01
 2.00963946053508E+03	 8.99457367464701E-02
 2.00964219843511E+03	-1.59453140285425E-01
 2.00964493633514E+03	-3.58071448276109E-01
 2.00964767423518E+03	-4.79760077406265E-01
 2.00965041213521E+03	-5.24579659272629E-01
 2.00965315003524E+03	-4.90259881708645E-01
 2.00965588793527E+03	-3.73376307623441E-01
 2.00965862583530E+03	-1.93131396801209E-01
 2.00966136373532E+03	 4.63772835965562E-04
 2.00966410163536E+03	 1.53460354930867E-01
 2.00966683953539E+03	 2.45663311880962E-01
 2.00966957743542E+03	 2.97783586598254E-01
 2.00967231533545E+03	 3.37507198743760E-01
 2.00967505323548E+03	 3.60138219880240E-01
 2.00967779113551E+03	 3.27940085922444E-01
 2.00968052903554E+03	 2.10548240043704E-01
 2.00968326693558E+03	 2.35918480003047E-02
 2.00968600483561E+03	-1.74334605259651E-01
 2.00968874273564E+03	-3.20562698127114E-01
 2.00969148063567E+03	-3.82403632395603E-01
 2.00969421853570E+03	-3.57606028508706E-01
 2.00969695643573E+03	-2.53058134815143E-01
 2.00969969433576E+03	-7.62524616724218E-02
 2.00970243223579E+03	 1.46112032231140E-01
 2.00970517013582E+03	 3.48653456219183E-01
 2.00970790803585E+03	 4.45012927564952E-01
 2.00971064593588E+03	 3.82158443420523E-01
 2.00971338383591E+03	 1.82438164562299E-01
 2.00971612173594E+03	-7.13818362052627E-02
 2.00971885963598E+03	-2.94451239494978E-01
 2.00972159753601E+03	-4.43849124816023E-01
 2.00972433543604E+03	-5.13575407016233E-01
 2.00972707333607E+03	-5.04009497172007E-01
 2.00972981123610E+03	-4.10920487896280E-01
 2.00973254913613E+03	-2.44413854056385E-01
 2.00973528703616E+03	-4.60853794951436E-02
 2.00973802493619E+03	 1.26283202697718E-01
 2.00974076283622E+03	 2.37263328919884E-01
 2.00974350073625E+03	 2.95281223260249E-01
 2.00974623863628E+03	 3.31465163879158E-01
 2.00974897653631E+03	 3.56670756794464E-01
 2.00975171443634E+03	 3.43742918679838E-01
 2.00975445233637E+03	 2.55718376702817E-01
 2.00975719023641E+03	 9.00852349027832E-02
 2.00975992813644E+03	-1.07622322199219E-01
 2.00976266603647E+03	-2.72951718196195E-01
 2.00976540393650E+03	-3.62175825162825E-01
 2.00976814183653E+03	-3.64930181837392E-01
 2.00977087973656E+03	-2.87077774397733E-01
 2.00977361763659E+03	-1.34511666427658E-01
 2.00977635553662E+03	 7.64240517940846E-02
 2.00977909343665E+03	 2.94705844182924E-01
 2.00978183133668E+03	 4.36457130534247E-01
 2.00978456923671E+03	 4.30173750123707E-01
 2.00978730713674E+03	 2.69988292935930E-01
 2.00979004503677E+03	 2.28248134131513E-02
 2.00979278293681E+03	-2.19949855782018E-01
 2.00979552083684E+03	-3.97932632306652E-01
 2.00979825873687E+03	-4.94416983012481E-01
 2.00980099663690E+03	-5.10204010926786E-01
 2.00980373453693E+03	-4.42390519814497E-01
 2.00980647243696E+03	-2.94438222910719E-01
 2.00980921033699E+03	-9.78665119938495E-02
 2.00981194823702E+03	 9.06567249683013E-02
 2.00981468613705E+03	 2.23293249594955E-01
 2.00981742403708E+03	 2.93090104239135E-01
 2.00982016193711E+03	 3.28216130698980E-01
 2.00982289983714E+03	 3.52023459277764E-01
 2.00982563773717E+03	 3.51610916553526E-01
 2.00982837563721E+03	 2.90050669541397E-01
 2.00983111353724E+03	 1.49596793692115E-01
 2.00983385143727E+03	-4.04251438596117E-02
 2.00983658933730E+03	-2.19016214397987E-01
 2.00983932723733E+03	-3.33493469695575E-01
 2.00984206513736E+03	-3.63522121350535E-01
 2.00984480303739E+03	-3.12054391872138E-01
 2.00984754093742E+03	-1.84941721895227E-01
 2.00985027883745E+03	 8.48040654898278E-03
 2.00985301673748E+03	 2.31760364946064E-01
 2.00985575463751E+03	 4.09626052801133E-01
 2.00985849253754E+03	 4.59355849463468E-01
 2.00986123043757E+03	 3.47862626881059E-01
 2.00986396833761E+03	 1.19560897518265E-01
 2.00986670623764E+03	-1.35444608852901E-01
 2.00986944413767E+03	-3.41142484999648E-01
 2.00987218203770E+03	-4.66259241834439E-01
 2.00987491993773E+03	-5.08431406985208E-01
 2.00987765783776E+03	-4.66845242819601E-01
 2.00988039573779E+03	-3.41195723483622E-01
 2.00988313363782E+03	-1.52901689575010E-01
 2.00988587153785E+03	 4.67354003964275E-02
 2.00988860943788E+03	 2.01696554039894E-01
 2.00989134733791E+03	 2.88751517928003E-01
 2.00989408523794E+03	 3.27253602284074E-01
 2.00989682313797E+03	 3.48109429759644E-01
 2.00989956103800E+03	 3.53939617124419E-01
 2.00990229893804E+03	 3.14068712197906E-01
 2.00990503683807E+03	 2.00277138706913E-01
 2.00990777473810E+03	 2.45500695217990E-02
 2.00991051263813E+03	-1.60616490576249E-01
 2.00991325053816E+03	-2.97076089934661E-01
 2.00991598843819E+03	-3.53762429068516E-01
 2.00991872633822E+03	-3.28325235462146E-01
 2.00992146423825E+03	-2.26856004933908E-01
 2.00992420213828E+03	-5.49877996044787E-02
 2.00992694003831E+03	 1.63750144469082E-01
 2.00992967793834E+03	 3.66921903799400E-01
 2.00993241583837E+03	 4.68380943582012E-01
 2.00993515373840E+03	 4.11694203617787E-01
 2.00993789163844E+03	 2.14436979147138E-01
 2.00994062953847E+03	-4.28949389277120E-02
 2.00994336743850E+03	-2.73114901312213E-01
 2.00994610533853E+03	-4.28147545221198E-01
 2.00994884323856E+03	-4.98158738893831E-01
 2.00995158113859E+03	-4.83574707505615E-01
 2.00995431903862E+03	-3.82928521091871E-01
 2.00995705693865E+03	-2.08911319992987E-01
 2.00995979483868E+03	-4.45224853959110E-03
 2.00996253273871E+03	 1.71153559934543E-01
 2.00996527063874E+03	 2.79676556524433E-01
 2.00996800853877E+03	 3.27158626213256E-01
 2.00997074643880E+03	 3.46028799151377E-01
 2.00997348433884E+03	 3.53187638412908E-01
 2.00997622223887E+03	 3.29126636588362E-01
 2.00997896013890E+03	 2.41077677182091E-01
 2.00998169803893E+03	 8.47611731878083E-02
 2.00998443593896E+03	-9.99543735006709E-02
 2.00998717383899E+03	-2.53948171799309E-01
 2.00998991173902E+03	-3.36068001709214E-01
 2.00999264963905E+03	-3.36330054751328E-01
 2.00999538753908E+03	-2.60118534743965E-01
 2.00999812543911E+03	-1.11998763301935E-01
 2.01000086333914E+03	 9.44725226457402E-02
 2.01000360123917E+03	 3.11700730985043E-01
 2.01000633913920E+03	 4.57402013739648E-01
 2.01000907703923E+03	 4.57947676454899E-01
 2.01001181493927E+03	 3.02663336232173E-01
 2.01001455283930E+03	 5.46563430948434E-02
 2.01001729073933E+03	-1.94261133122439E-01
 2.01002002863936E+03	-3.79216507669662E-01
 2.01002276653939E+03	-4.78699308850787E-01
 2.01002550443942E+03	-4.91998422556259E-01
 2.01002824233945E+03	-4.18197576618109E-01
 2.01003098023948E+03	-2.63551237208228E-01
 2.01003371813951E+03	-6.11500858721669E-02
 2.01003645603954E+03	 1.31245962990218E-01
 2.01003919393957E+03	 2.63519430189872E-01
 2.01004193183960E+03	 3.25831220681019E-01
 2.01004466973963E+03	 3.45932521732214E-01
 2.01004740763967E+03	 3.51520107690939E-01
 2.01005014553970E+03	 3.37184763874863E-01
 2.01005288343973E+03	 2.71836385558560E-01
 2.01005562133976E+03	 1.38075343095181E-01
 2.01005835923979E+03	-3.94358998956665E-02
 2.01006109713982E+03	-2.05484994121974E-01
 2.01006383503985E+03	-3.10954313146659E-01
 2.01006657293988E+03	-3.36521376969934E-01
 2.01006931083991E+03	-2.84979373064718E-01
 2.01007204873994E+03	-1.61345146447815E-01
 2.01007478663997E+03	 2.72585577130363E-02
 2.01007752454000E+03	 2.47886471430604E-01
 2.01008026244003E+03	 4.27999988429579E-01
 2.01008300034007E+03	 4.84297410685402E-01
 2.01008573824010E+03	 3.79516764569423E-01
 2.01008847614013E+03	 1.53239359296952E-01
 2.01009121404016E+03	-1.05963722976916E-01
 2.01009395194019E+03	-3.18939884384310E-01
 2.01009668984022E+03	-4.49258811517360E-01
 2.01009942774025E+03	-4.91564165744945E-01
 2.01010216564028E+03	-4.45880934646173E-01
 2.01010490354031E+03	-3.14614713135718E-01
 2.01010764144034E+03	-1.21092192414904E-01
 2.01011037934037E+03	 8.24981983697546E-02
 2.01011311724040E+03	 2.38505889802207E-01
 2.01011585514043E+03	 3.20813226369736E-01
 2.01011859304046E+03	 3.47026417200964E-01
 2.01012133094050E+03	 3.50502013063234E-01
 2.01012406884053E+03	 3.40506884461183E-01
 2.01012680674056E+03	 2.93252013492395E-01
 2.01012954464059E+03	 1.82980449507897E-01
 2.01013228254062E+03	 1.85193383768276E-02
 2.01013502044065E+03	-1.53405627580092E-01
 2.01013775834068E+03	-2.79114994419666E-01
 2.01014049624071E+03	-3.29328544902007E-01
 2.01014323414074E+03	-3.01903067914019E-01
 2.01014597204077E+03	-2.02519091552007E-01
 2.01014870994080E+03	-3.52612282904698E-02
 2.01015144784083E+03	 1.79549380689596E-01
 2.01015418574086E+03	 3.82970700331957E-01
 2.01015692364090E+03	 4.89865840510153E-01
 2.01015966154093E+03	 4.40827799435661E-01
 2.01016239944096E+03	 2.48259911040421E-01
 2.01016513734099E+03	-1.06556699208173E-02
 2.01016787524102E+03	-2.47388953686039E-01
 2.01017061314105E+03	-4.09060885794920E-01
 2.01017335104108E+03	-4.81678494120680E-01
 2.01017608894111E+03	-4.65117838649989E-01
 2.01017882684114E+03	-3.60174669584838E-01
 2.01018156474117E+03	-1.81753592693626E-01
 2.01018430264120E+03	 2.62999740418925E-02
 2.01018704054123E+03	 2.03674026219418E-01
 2.01018977844126E+03	 3.09654235211872E-01
 2.01019251634130E+03	 3.47712369558819E-01
 2.01019525424133E+03	 3.50885453315871E-01
 2.01019799214136E+03	 3.41322045911497E-01
 2.01020073004139E+03	 3.06746808906727E-01
 2.01020346794142E+03	 2.18729368861277E-01
 2.01020620584145E+03	 7.16971716971029E-02
 2.01020894374148E+03	-9.97040288282728E-02
 2.01021168164151E+03	-2.41494466891353E-01
 2.01021441954154E+03	-3.15174410933968E-01
 2.01021715744157E+03	-3.11421225602821E-01
 2.01021989534160E+03	-2.35562861798724E-01
 2.01022263324163E+03	-9.12731190594524E-02
 2.01022537114166E+03	 1.10507429486305E-01
 2.01022810904170E+03	 3.25981818530828E-01
 2.01023084694173E+03	 4.75290092048402E-01
 2.01023358484176E+03	 4.83420668713865E-01
 2.01023632274179E+03	 3.34913779546368E-01
 2.01023906064182E+03	 8.82432714537272E-02
 2.01024179854185E+03	-1.65451565862387E-01
 2.01024453644188E+03	-3.57535888577812E-01
 2.01024727434191E+03	-4.61692950965774E-01
 2.01025001224194E+03	-4.75223687598936E-01
 2.01025275014197E+03	-3.98654670908399E-01
 2.01025548804200E+03	-2.40594441629142E-01
 2.01025822594203E+03	-3.52687077880607E-02
 2.01026096384206E+03	 1.58999787844560E-01
 2.01026370174209E+03	 2.90267707145468E-01
 2.01026643964213E+03	 3.45843360703686E-01
 2.01026917754216E+03	 3.52520502009747E-01
 2.01027191544219E+03	 3.41499540131250E-01
 2.01027465334222E+03	 3.14234987503815E-01
 2.01027739124225E+03	 2.45392395793396E-01
 2.01028012914228E+03	 1.18304377690397E-01
 2.01028286704231E+03	-4.65207637419744E-02
 2.01028560494234E+03	-1.99330485367500E-01
 2.01028834284237E+03	-2.94532630318536E-01
 2.01029108074240E+03	-3.14032253885530E-01
 2.01029381864243E+03	-2.60879863831130E-01
 2.01029655654246E+03	-1.39776255606940E-01
 2.01029929444249E+03	 4.40023683452603E-02
 2.01030203234253E+03	 2.61151653161118E-01
 2.01030477024256E+03	 4.42610459937804E-01
 2.01030750814259E+03	 5.05444418457796E-01
 2.01031024604262E+03	 4.08658957271431E-01
 2.01031298394265E+03	 1.86537038584554E-01
 2.01031572184268E+03	-7.49670799538760E-02
 2.01031845974271E+03	-2.94542458260450E-01
 2.01032119764274E+03	-4.30958071240819E-01
 2.01032393554277E+03	-4.75605224124589E-01
 2.01032667344280E+03	-4.28831504806291E-01
 2.01032941134283E+03	-2.95263729172277E-01
 2.01033214924286E+03	-9.96762254729819E-02
 2.01033488714289E+03	 1.05398046891448E-01
 2.01033762504293E+03	 2.61228082405504E-01
 2.01034036294296E+03	 3.39052802056705E-01
 2.01034310084299E+03	 3.54400629331294E-01
 2.01034583874302E+03	 3.42283994338367E-01
 2.01034857664305E+03	 3.17828895892479E-01
 2.01035131454308E+03	 2.63806275874806E-01
 2.01035405244311E+03	 1.57147432153305E-01
 2.01035679034314E+03	 4.03058256282575E-03
 2.01035952824317E+03	-1.54149073610317E-01
 2.01036226614320E+03	-2.68005433693603E-01
 2.01036500404323E+03	-3.10159891248559E-01
 2.01036774194326E+03	-2.79043371391971E-01
 2.01037047984329E+03	-1.80474773889694E-01
 2.01037321774332E+03	-1.75124084307692E-02
 2.01037595564336E+03	 1.92610835041395E-01
 2.01037869354339E+03	 3.95000501826910E-01
 2.01038143144342E+03	 5.06549495724612E-01
 2.01038416934345E+03	 4.65681676446423E-01
 2.01038690724348E+03	 2.79590989969294E-01
 2.01038964514351E+03	 2.12566022270030E-02
 2.01039238304354E+03	-2.20582165739144E-01
 2.01039512094357E+03	-3.88942788808450E-01
 2.01039785884360E+03	-4.65703833237693E-01
 2.01040059674363E+03	-4.49784799575116E-01
 2.01040333464366E+03	-3.43739183671379E-01
 2.01040607254369E+03	-1.64201609737560E-01
 2.01040881044372E+03	 4.46088570623470E-02
 2.01041154834376E+03	 2.21970753032432E-01
 2.01041428624379E+03	 3.25108927379654E-01
 2.01041702414382E+03	 3.54833396944576E-01
 2.01041976204385E+03	 3.44128351482913E-01
 2.01042249994388E+03	 3.19524702692855E-01
 2.01042523784391E+03	 2.75423968064561E-01
 2.01042797574394E+03	 1.87745194882671E-01
 2.01043071364397E+03	 5.00588474112163E-02
 2.01043345154400E+03	-1.07703392269886E-01
 2.01043618944403E+03	-2.36397906445214E-01
 2.01043892734406E+03	-3.00169503968564E-01
 2.01044166524409E+03	-2.90636387348621E-01
 2.01044440314412E+03	-2.13596932557562E-01
 2.01044714104416E+03	-7.24546186962798E-02
 2.01044987894419E+03	 1.24107111561711E-01
 2.01045261684422E+03	 3.36381065445406E-01
 2.01045535474425E+03	 4.87887015706413E-01
 2.01045809264428E+03	 5.03291631612302E-01
 2.01046083054431E+03	 3.62756528022283E-01
 2.01046356844434E+03	 1.19560426194336E-01
 2.01046630634437E+03	-1.36965026202990E-01
 2.01046904424440E+03	-3.35402348802436E-01
 2.01047178214443E+03	-4.44987826492933E-01
 2.01047452004446E+03	-4.60818045559961E-01
 2.01047725794449E+03	-3.84393719755354E-01
 2.01047999584452E+03	-2.26180889644798E-01
 2.01048273374455E+03	-2.10053353854214E-02
 2.01048547164459E+03	 1.72873140506836E-01
 2.01048820954462E+03	 3.02243200917520E-01
 2.01049094744465E+03	 3.51708721225470E-01
 2.01049368534468E+03	 3.46647566216821E-01
 2.01049642324471E+03	 3.20912852959192E-01
 2.01049916114474E+03	 2.82084535485487E-01
 2.01050189904477E+03	 2.10355285129119E-01
 2.01050463694480E+03	 9.00835085390568E-02
 2.01050737484483E+03	-6.18589233808439E-02
 2.01051011274486E+03	-2.00765708633273E-01
 2.01051285064489E+03	-2.84429561742403E-01
 2.01051558854492E+03	-2.96146817157631E-01
 2.01051832644495E+03	-2.39680626229214E-01
 2.01052106434499E+03	-1.20070013238786E-01
 2.01052380224502E+03	 5.87034334499974E-02
 2.01052654014505E+03	 2.70975899846130E-01
 2.01052927804508E+03	 4.51934199394204E-01
 2.01053201594511E+03	 5.20191498816514E-01
 2.01053475384514E+03	 4.31827241582471E-01
 2.01053749174517E+03	 2.15681717737399E-01
 2.01054022964520E+03	-4.58885091795957E-02
 2.01054296754523E+03	-2.70565951921182E-01
 2.01054570544526E+03	-4.13003426878949E-01
 2.01054844334529E+03	-4.61379156553368E-01
 2.01055118124532E+03	-4.15992983132172E-01
 2.01055391914535E+03	-2.83204917280640E-01
 2.01055665704539E+03	-8.87147860999295E-02
 2.01055939494542E+03	 1.15213953946087E-01
 2.01056213284545E+03	 2.69407813288968E-01
 2.01056487074548E+03	 3.42823307694621E-01
 2.01056760864551E+03	 3.48697491581866E-01
 2.01057034654554E+03	 3.22954860477815E-01
 2.01057308444557E+03	 2.85735050484101E-01
 2.01057582234560E+03	 2.25906546067565E-01
 2.01057856024563E+03	 1.23185815814586E-01
 2.01058129814566E+03	-1.84380467502354E-02
 2.01058403604569E+03	-1.62418539571257E-01
 2.01058677394572E+03	-2.63397178818220E-01
 2.01058951184575E+03	-2.95929388535266E-01
 2.01059224974579E+03	-2.59366024307269E-01
 2.01059498764582E+03	-1.60286152504534E-01
 2.01059772554585E+03	-1.39794412919083E-03
 2.01060046344588E+03	 2.02872346552505E-01
 2.01060320134591E+03	 4.02174747495760E-01
 2.01060593924594E+03	 5.16584171973420E-01
 2.01060867714597E+03	 4.83464702897819E-01
 2.01061141504600E+03	 3.05106642996716E-01
 2.01061415294603E+03	 4.95956709345597E-02
 2.01061689084606E+03	-1.95308295515942E-01
 2.01061962874609E+03	-3.69480906363631E-01
 2.01062236664612E+03	-4.51006820577431E-01
 2.01062510454615E+03	-4.37640813849720E-01
 2.01062784244618E+03	-3.33247813299694E-01
 2.01063058034622E+03	-1.55688761432492E-01
 2.01063331824625E+03	 5.10258815090185E-02
 2.01063605614628E+03	 2.26430114572206E-01
 2.01063879404631E+03	 3.26212973429408E-01
 2.01064153194634E+03	 3.48564678754927E-01
 2.01064426984637E+03	 3.25857886253436E-01
 2.01064700774640E+03	 2.88144027033822E-01
 2.01064974564643E+03	 2.35844213747901E-01
 2.01065248354646E+03	 1.49097236103745E-01
 2.01065522144649E+03	 2.09542703768371E-02
 2.01065795934652E+03	-1.22870429092082E-01
 2.01066069724655E+03	-2.37702500231932E-01
 2.01066343514658E+03	-2.90231935644398E-01
 2.01066617304662E+03	-2.73230480415187E-01
 2.01066891094665E+03	-1.93499906191180E-01
 2.01067164884668E+03	-5.48942354667019E-02
 2.01067438674671E+03	 1.35646306424164E-01
 2.01067712464674E+03	 3.42683143020767E-01
 2.01067986254677E+03	 4.94105068158907E-01
 2.01068260044680E+03	 5.15535213099967E-01
 2.01068533834683E+03	 3.83484786408945E-01
 2.01068807624686E+03	 1.45736051851628E-01
 2.01069081414689E+03	-1.11268326940043E-01
 2.01069355204692E+03	-3.14479374523386E-01
 2.01069628994695E+03	-4.29321834631059E-01
 2.01069902784698E+03	-4.48697729378453E-01
 2.01070176574702E+03	-3.74719453778726E-01
 2.01070450364705E+03	-2.19234543645166E-01
 2.01070724154708E+03	-1.71284541119280E-02
 2.01070997944711E+03	 1.74048939832697E-01
 2.01071271734714E+03	 3.00445400645759E-01
 2.01071545524717E+03	 3.44236675697249E-01
 2.01071819314720E+03	 3.29063620343410E-01
 2.01072093104723E+03	 2.90647399653424E-01
 2.01072366894726E+03	 2.41907887429504E-01
 2.01072640684729E+03	 1.68208297065859E-01
 2.01072914474732E+03	 5.50968906543840E-02
 2.01073188264735E+03	-8.37384992833407E-02
 2.01073462054738E+03	-2.08207580298574E-01
 2.01073735844741E+03	-2.79271230908369E-01
 2.01074009634745E+03	-2.81689681173040E-01
 2.01074283424748E+03	-2.20342602036909E-01
 2.01074557214751E+03	-1.01294723833758E-01
 2.01074831004754E+03	 7.20973000125847E-02
 2.01075104794757E+03	 2.77673888215515E-01
 2.01075378584760E+03	 4.55592480001754E-01
 2.01075652374763E+03	 5.27311152771524E-01
 2.01075926164766E+03	 4.47051759689807E-01
 2.01076199954769E+03	 2.38347280847635E-01
 2.01076473744772E+03	-2.08842397760472E-02
 2.01076747534775E+03	-2.48543444313589E-01
 2.01077021324778E+03	-3.96071771605375E-01
 2.01077295114781E+03	-4.48700525558172E-01
 2.01077568904785E+03	-4.06449648914749E-01
 2.01077842694788E+03	-2.76979319024561E-01
 2.01078116484791E+03	-8.64186107167597E-02
 2.01078390274794E+03	 1.13836256880018E-01
 2.01078664064797E+03	 2.64834004285355E-01
 2.01078937854800E+03	 3.33711422601483E-01
 2.01079211644803E+03	 3.31350692371846E-01
 2.01079485434806E+03	 2.93963200506385E-01
 2.01079759224809E+03	 2.45872941305459E-01
 2.01080033014812E+03	 1.81492656336446E-01
 2.01080306804815E+03	 8.32837040256010E-02
 2.01080580594818E+03	-4.66022847795881E-02
 2.01080854384821E+03	-1.76020921828148E-01
 2.01081128174825E+03	-2.63334599347845E-01
 2.01081401964828E+03	-2.84974504635777E-01
 2.01081675754831E+03	-2.41465999864999E-01
 2.01081949544834E+03	-1.40736977935092E-01
 2.01082223334837E+03	 1.41195306590045E-02
 2.01082497124840E+03	 2.11078760785705E-01
 2.01082770914843E+03	 4.04732115517673E-01
 2.01083044704846E+03	 5.19510183561441E-01
 2.01083318494849E+03	 4.93002744933104E-01
 2.01083592284852E+03	 3.23159170812702E-01
 2.01083866074855E+03	 7.26747394149039E-02
 2.01084139864858E+03	-1.72839336628432E-01
 2.01084413654861E+03	-3.51224712329933E-01
 2.01084687444864E+03	-4.37308464155868E-01
 2.01084961234868E+03	-4.27623363902465E-01
 2.01085235024871E+03	-3.26978038092030E-01
 2.01085508814874E+03	-1.54005884586041E-01
 2.01085782604877E+03	 4.80243368682470E-02
 2.01086056394880E+03	 2.19547448259134E-01
 2.01086330184883E+03	 3.15300127648655E-01
 2.01086603974886E+03	 3.31032990707198E-01
 2.01086877764889E+03	 2.98100640838838E-01
 2.01087151554892E+03	 2.49291893883892E-01
 2.01087425344895E+03	 1.90354131189375E-01
 2.01087699134898E+03	 1.05396411810063E-01
 2.01087972924901E+03	-1.28441656500730E-02
 2.01088246714904E+03	-1.42457905840822E-01
 2.01088520504908E+03	-2.42879500805742E-01
 2.01088794294911E+03	-2.83177896365556E-01
 2.01089068084914E+03	-2.57384237439793E-01
 2.01089341874917E+03	-1.73749141947891E-01
 2.01089615664920E+03	-3.72880242928513E-02
 2.01089889454923E+03	 1.46207302597784E-01
 2.01090163244926E+03	 3.45628967482737E-01
 2.01090437034929E+03	 4.94169181691834E-01
 2.01090710824932E+03	 5.19765733855902E-01
 2.01090984614935E+03	 3.96206366472851E-01
 2.01091258404938E+03	 1.65683677161478E-01
 2.01091532194941E+03	-8.92380871943140E-02
 2.01091805984944E+03	-2.95095717107099E-01
 2.01092079774948E+03	-4.14293907583861E-01
 2.01092353564951E+03	-4.37693605529556E-01
 2.01092627354954E+03	-3.67745066356463E-01
 2.01092901144957E+03	-2.17264495675386E-01
 2.01093174934960E+03	-2.07289328580352E-02
 2.01093448724963E+03	 1.65606411090106E-01
 2.01093722514966E+03	 2.87881023731167E-01
 2.01093996304969E+03	 3.26222561216012E-01
 2.01094270094972E+03	 3.02374991955463E-01
 2.01094543884975E+03	 2.53272494403471E-01
 2.01094817674978E+03	 1.96416402277348E-01
 2.01095091464981E+03	 1.21903895302435E-01
 2.01095365254984E+03	 1.65035451578296E-02
 2.01095639044988E+03	-1.08948249669310E-01
 2.01095912834991E+03	-2.18604633649358E-01
 2.01096186624994E+03	-2.76352949542295E-01
 2.01096460414997E+03	-2.68393402122652E-01
 2.01096734205000E+03	-2.01005462711746E-01
 2.01097007995003E+03	-8.18914055691294E-02
 2.01097281785006E+03	 8.55295804918489E-02
 2.01097555575009E+03	 2.82367891432483E-01
 2.01097829365012E+03	 4.54373634758301E-01
 2.01098103155015E+03	 5.27137088489529E-01
 2.01098376945018E+03	 4.54207872141066E-01
 2.01098650735021E+03	 2.54131186588833E-01
 2.01098924525024E+03	-3.19569023162601E-04
 2.01099198315027E+03	-2.28480439439973E-01
 2.01099472105031E+03	-3.79584171685748E-01
 2.01099745895034E+03	-4.36300293792176E-01
 2.01100019685037E+03	-3.98221283665365E-01
 2.01100293475040E+03	-2.73938932888242E-01
 2.01100567265043E+03	-8.95977054440381E-02
 2.01100841055046E+03	 1.04776542723863E-01
 2.01101114845049E+03	 2.51070896267904E-01
 2.01101388635052E+03	 3.15117302777545E-01
 2.01101662425055E+03	 3.05523815318027E-01
 2.01101936215058E+03	 2.58323850640285E-01
 2.01102210005061E+03	 2.01284202819679E-01
 2.01102483795064E+03	 1.33784113794292E-01
 2.01102757585067E+03	 4.08787157731423E-02
 2.01103031375071E+03	-7.69024038617888E-02
 2.01103305165074E+03	-1.91472444331577E-01
 2.01103578955077E+03	-2.64634469644701E-01
 2.01103852745080E+03	-2.74574054621173E-01
 2.01104126535083E+03	-2.23118620484816E-01
 2.01104400325086E+03	-1.20007650126207E-01
 2.01104674115089E+03	 3.05987751516087E-02
 2.01104947905092E+03	 2.18622658141715E-01
 2.01105221695095E+03	 4.03883461894488E-01
 2.01105495485098E+03	 5.16261720022564E-01
 2.01105769275101E+03	 4.94885264120073E-01
 2.01106043065104E+03	 3.34053607650908E-01
 2.01106316855107E+03	 9.07177962362818E-02
 2.01106590645111E+03	-1.52765565296154E-01
 2.01106864435114E+03	-3.33348900128086E-01
 2.01107138225117E+03	-4.23219528963657E-01
 2.01107412015120E+03	-4.17698879783718E-01
 2.01107685805123E+03	-3.22225755620303E-01
 2.01107959595126E+03	-1.55830459446890E-01
 2.01108233385129E+03	 3.93813138164317E-02
 2.01108507175132E+03	 2.05295418380409E-01
 2.01108780965135E+03	 2.96271675714613E-01
 2.01109054755138E+03	 3.05905263794144E-01
 2.01109328545141E+03	 2.64291697453796E-01
 2.01109602335144E+03	 2.06309527428479E-01
 2.01109876125147E+03	 1.42376410976583E-01
 2.01110149915150E+03	 6.02545054250530E-02
 2.01110423705154E+03	-4.75575365573051E-02
 2.01110697495157E+03	-1.62672960007043E-01
 2.01110971285160E+03	-2.48352995357133E-01
 2.01111245075163E+03	-2.75865860468887E-01
 2.01111518865166E+03	-2.40501617012159E-01
 2.01111792655169E+03	-1.52253426495762E-01
 2.01112066445172E+03	-1.78918549466426E-02
 2.01112340235175E+03	 1.57362369203716E-01
 2.01112614025178E+03	 3.46709639617632E-01
 2.01112887815181E+03	 4.89462508290124E-01
 2.01113161605184E+03	 5.17175915617110E-01
 2.01113435395187E+03	 4.01893238601718E-01
 2.01113709185190E+03	 1.80242226119884E-01
 2.01113982975194E+03	-6.99865750180984E-02
 2.01114256765197E+03	-2.76115719278783E-01
 2.01114530555200E+03	-3.98359007889646E-01
 2.01114804345203E+03	-4.25731713532768E-01
 2.01115078135206E+03	-3.60782726890179E-01
 2.01115351925209E+03	-2.16945402652482E-01
 2.01115625715212E+03	-2.79316573914952E-02
 2.01115899505215E+03	 1.51755604166826E-01
 2.01116173295218E+03	 2.68813181541938E-01
 2.01116447085221E+03	 3.01747708505511E-01
 2.01116720875224E+03	 2.70390552892162E-01
 2.01116994665227E+03	 2.12395967289997E-01
 2.01117268455230E+03	 1.49183087943035E-01
 2.01117542245234E+03	 7.51351378928534E-02
 2.01117816035237E+03	-2.18288736928992E-02
 2.01118089825240E+03	-1.33530691780969E-01
 2.01118363615243E+03	-2.28112884565492E-01
 2.01118637405246E+03	-2.72190294854316E-01
 2.01118911195249E+03	-2.53316217920583E-01
 2.01119184985252E+03	-1.79304419758714E-01
 2.01119458775255E+03	-5.99437274670155E-02
 2.01119732565258E+03	 1.00686108633249E-01
 2.01120006355261E+03	 2.86700630018264E-01
 2.01120280145264E+03	 4.49944980714005E-01
 2.01120553935267E+03	 5.21311895382595E-01
 2.01120827725270E+03	 4.54833875117360E-01
 2.01121101515273E+03	 2.64453688253053E-01
 2.01121375305277E+03	 1.71902518862662E-02
 2.01121649095280E+03	-2.08888494537635E-01
 2.01121922885283E+03	-3.61803673924928E-01
 2.01122196675286E+03	-4.22058973661961E-01
 2.01122470465289E+03	-3.88680928029022E-01
 2.01122744255292E+03	-2.70859016718543E-01
 2.01123018045295E+03	-9.44335507260196E-02
 2.01123291835298E+03	 9.23033158973769E-02
 2.01123565625301E+03	 2.32577455872490E-01
 2.01123839415304E+03	 2.91413575248527E-01
 2.01124113205307E+03	 2.75326187225912E-01
 2.01124386995310E+03	 2.19868760462122E-01
 2.01124660785313E+03	 1.55647326665036E-01
 2.01124934575317E+03	 8.64785474499900E-02
 2.01125208365320E+03	-1.92810999457296E-04
 2.01125482155323E+03	-1.05367854694488E-01
 2.01125755945326E+03	-2.04813965616569E-01
 2.01126029735329E+03	-2.63589353201568E-01
 2.01126303525332E+03	-2.61507260947408E-01
 2.01126577315335E+03	-2.01706838154912E-01
 2.01126851105338E+03	-9.60204327619161E-02
 2.01127124895341E+03	 4.97948100157545E-02
 2.01127398685344E+03	 2.27192919708528E-01
 2.01127672475347E+03	 4.01420331165925E-01
 2.01127946265350E+03	 5.08754126861361E-01
 2.01128220055353E+03	 4.91068167660584E-01
 2.01128493845357E+03	 3.39699960472754E-01
 2.01128767635360E+03	 1.05573629221211E-01
 2.01129041425363E+03	-1.33238772971769E-01
 2.01129315215366E+03	-3.13903217183699E-01
 2.01129589005369E+03	-4.06564264505311E-01
 2.01129862795372E+03	-4.05324301712886E-01
 2.01130136585375E+03	-3.15941679868309E-01
 2.01130410375378E+03	-1.57532081381470E-01
 2.01130684165381E+03	 2.92511895406028E-02
 2.01130957955384E+03	 1.88148545992318E-01
 2.01131231745387E+03	 2.73639849821751E-01
 2.01131505535390E+03	 2.77488824716847E-01
 2.01131779325393E+03	 2.28428428087235E-01
 2.01132053115397E+03	 1.62938670039231E-01
 2.01132326905400E+03	 9.55535840915315E-02
 2.01132600695403E+03	 1.73758117455421E-02
 2.01132874485406E+03	-7.93462665520162E-02
 2.01133148275409E+03	-1.79607822758116E-01
 2.01133422065412E+03	-2.50346513842035E-01
 2.01133695855415E+03	-2.64905734673790E-01
 2.01133969645418E+03	-2.19768978691257E-01
 2.01134243435421E+03	-1.26796003219866E-01
 2.01134517225424E+03	 5.08734572978718E-03
 2.01134791015427E+03	 1.70767060624879E-01
 2.01135064805430E+03	 3.47699934608854E-01
 2.01135338595433E+03	 4.81991911010460E-01
 2.01135612385436E+03	 5.09959641184072E-01
 2.01135886175440E+03	 4.02804637934340E-01
 2.01136159965443E+03	 1.91638887012695E-01
 2.01136433755446E+03	-5.13427898042086E-02
 2.01136707545449E+03	-2.55382119880855E-01
 2.01136981335452E+03	-3.79282368506080E-01
 2.01137255125455E+03	-4.10364510628547E-01
 2.01137528915458E+03	-3.51007987577083E-01
 2.01137802705461E+03	-2.14937831069756E-01
 2.01138076495464E+03	-3.48502914987619E-02
 2.01138350285467E+03	 1.36805891635917E-01
 2.01138624075470E+03	 2.47723070866515E-01
 2.01138897865473E+03	 2.75187836843662E-01
 2.01139171655476E+03	 2.37193516067615E-01
 2.01139445445480E+03	 1.71776595988224E-01
 2.01139719235483E+03	 1.03750024433999E-01
 2.01139993025486E+03	 3.13978982499589E-02
 2.01140266815489E+03	-5.63154277676036E-02
 2.01140540605492E+03	-1.53792868374365E-01
 2.01140814395495E+03	-2.33060895228422E-01
 2.01141088185498E+03	-2.63371237715274E-01
 2.01141361975501E+03	-2.33543362280457E-01
 2.01141635765504E+03	-1.52930310933292E-01
 2.01141909555507E+03	-3.36505358336276E-02
 2.01142183345510E+03	 1.19131877887274E-01
 2.01142457135513E+03	 2.92316148883114E-01
 2.01142730925516E+03	 4.44236762629451E-01
 2.01143004715520E+03	 5.12076424565986E-01
 2.01143278505523E+03	 4.51363795680199E-01
 2.01143552295526E+03	 2.71788883322741E-01
 2.01143826085529E+03	 3.40564146605916E-02
 2.01144099875532E+03	-1.87445619925788E-01
 2.01144373665535E+03	-3.40453768164729E-01
 2.01144647455538E+03	-4.03636717815437E-01
 2.01144921245541E+03	-3.75260403583000E-01
 2.01145195035544E+03	-2.64764947199398E-01
 2.01145468825547E+03	-9.74344495699271E-02
 2.01145742615550E+03	 8.03931657625905E-02
 2.01146016405553E+03	 2.13626653008243E-01
 2.01146290195556E+03	 2.66893801480242E-01
 2.01146563985559E+03	 2.44824955313809E-01
 2.01146837775563E+03	 1.82317348851509E-01
 2.01147111565566E+03	 1.12367496222051E-01
 2.01147385355569E+03	 4.28120719592478E-02
 2.01147659145572E+03	-3.66945527791482E-02
 2.01147932935575E+03	-1.28664586192097E-01
 2.01148206725578E+03	-2.12655555083967E-01
 2.01148480515581E+03	-2.56938238195787E-01
 2.01148754305584E+03	-2.42891813465858E-01
 2.01149028095587E+03	-1.74908371476640E-01
 2.01149301885590E+03	-6.70076813366715E-02
 2.01149575675593E+03	 7.31382970108086E-02
 2.01149849465596E+03	 2.38217362261192E-01
 2.01150123255599E+03	 3.99053710859667E-01
 2.01150397045603E+03	 4.99091622569049E-01
 2.01150670835606E+03	 4.83970415967909E-01
 2.01150944625609E+03	 3.42654922000421E-01
 2.01151218415612E+03	 1.19770761296131E-01
 2.01151492205615E+03	-1.11852672366341E-01
 2.01151765995618E+03	-2.90614877105886E-01
 2.01152039785621E+03	-3.85134564315474E-01
 2.01152313575624E+03	-3.88211373543781E-01
 2.01152587365627E+03	-3.05565263164664E-01
 2.01152861155630E+03	-1.56109053063568E-01
 2.01153134945633E+03	 2.11342838853395E-02
 2.01153408735636E+03	 1.72001215702806E-01
 2.01153682525639E+03	 2.51454304811171E-01
 2.01153956315643E+03	 2.49712948607077E-01
 2.01154230105646E+03	 1.94119987258773E-01
 2.01154503895649E+03	 1.22413324782449E-01
 2.01154777685652E+03	 5.28323833266232E-02
 2.01155051475655E+03	-2.04116650499651E-02
 2.01155325265658E+03	-1.05346549043932E-01
 2.01155599055661E+03	-1.90314230131753E-01
 2.01155872845664E+03	-2.45931303298504E-01
 2.01156146635667E+03	-2.47610274760304E-01
 2.01156420425670E+03	-1.92964974491900E-01
 2.01156694215673E+03	-9.57063898959400E-02
 2.01156968005676E+03	 3.29041708244362E-02
 2.01157241795679E+03	 1.87571327967817E-01
 2.01157515585682E+03	 3.49980585191490E-01
 2.01157789375686E+03	 4.73564020506521E-01
 2.01158063165689E+03	 5.00334479783315E-01
 2.01158336955692E+03	 4.01399743909969E-01
 2.01158610745695E+03	 2.02367887211015E-01
 2.01158884535698E+03	-3.09302620501540E-02
 2.01159158325701E+03	-2.30702131201990E-01
 2.01159432115704E+03	-3.55031803497399E-01
 2.01159705905707E+03	-3.89610078017749E-01
 2.01159979695710E+03	-3.36306998488971E-01
 2.01160253485713E+03	-2.08795184496551E-01
 2.01160527275716E+03	-3.85729089775507E-02
 2.01160801065719E+03	 1.24121990287409E-01
 2.01161074855722E+03	 2.28255451747509E-01
 2.01161348645726E+03	 2.50198881243326E-01
 2.01161622435729E+03	 2.06196014776994E-01
 2.01161896225732E+03	 1.34438563383123E-01
 2.01162170015735E+03	 6.27602971948783E-02
 2.01162443805738E+03	-6.91406683049548E-03
 2.01162717595741E+03	-8.46324234770472E-02
 2.01162991385744E+03	-1.67355032522933E-01
 2.01163265175747E+03	-2.31021746620818E-01
 2.01163538965750E+03	-2.47579771528593E-01
 2.01163812755753E+03	-2.07097957487291E-01
 2.01164086545756E+03	-1.20401017911638E-01
 2.01164360335759E+03	-1.98415273682974E-03
 2.01164634125762E+03	 1.41692354977357E-01
 2.01164907915766E+03	 3.00185313529100E-01
 2.01165181705769E+03	 4.38629478106384E-01
 2.01165455495772E+03	 5.01280637745122E-01
 2.01165729285775E+03	 4.45981693712127E-01
 2.01166003075778E+03	 2.78432006916284E-01
 2.01166276865781E+03	 5.24881653861289E-02
 2.01166550655784E+03	-1.62142494117118E-01
 2.01166824445787E+03	-3.13745902322048E-01
 2.01167098235790E+03	-3.79395676446446E-01
 2.01167372025793E+03	-3.56317994388365E-01
 2.01167645815796E+03	-2.53805215201496E-01
 2.01167919605799E+03	-9.63550338697571E-02
 2.01168193395802E+03	 7.17591053020103E-02
 2.01168467185806E+03	 1.97310595704462E-01
 2.01168740975809E+03	 2.44800760689658E-01
 2.01169014765812E+03	 2.17134854028868E-01
 2.01169288555815E+03	 1.48436187752671E-01
 2.01169562345818E+03	 7.37773440709761E-02
 2.01169836135821E+03	 4.74697206176126E-03
 2.01170109925824E+03	-6.68683910645339E-02
 2.01170383715827E+03	-1.45062143591024E-01
 2.01170657505830E+03	-2.13210400914078E-01
 2.01170931295833E+03	-2.42906406518958E-01
 2.01171205085836E+03	-2.17155966044292E-01
 2.01171478875839E+03	-1.41547025659160E-01
 2.01171752665842E+03	-3.22365881393429E-02
 2.01172026455845E+03	 1.01088111053388E-01
 2.01172300245849E+03	 2.52203174969422E-01
 2.01172574035852E+03	 3.97645314445553E-01
 2.01172847825855E+03	 4.88622407674144E-01
 2.01173121615858E+03	 4.75342581683578E-01
 2.01173395405861E+03	 3.44854321953594E-01
 2.01173669195864E+03	 1.35205182021539E-01
 2.01173942985867E+03	-8.69026467032550E-02
 2.01174216775870E+03	-2.62027789911797E-01
 2.01174490565873E+03	-3.57690268055544E-01
 2.01174764355876E+03	-3.65217506974297E-01
 2.01175038145879E+03	-2.89862764466164E-01
 2.01175311935882E+03	-1.50028689559636E-01
 2.01175585725885E+03	 1.70047809346460E-02
 2.01175859515889E+03	 1.59269555998899E-01
 2.01176133305892E+03	 2.32411604093974E-01
 2.01176407095895E+03	 2.25286690179718E-01
 2.01176680885898E+03	 1.63816449517617E-01
 2.01176954675901E+03	 8.67485753012098E-02
 2.01177228465904E+03	 1.57666727266151E-02
 2.01177502255907E+03	-5.18993982514672E-02
 2.01177776045910E+03	-1.24505177827436E-01
 2.01178049835913E+03	-1.93736103223719E-01
 2.01178323625916E+03	-2.34016910093450E-01
 2.01178597415919E+03	-2.22972810666846E-01
 2.01178871205922E+03	-1.59354908728828E-01
 2.01179144995925E+03	-5.86343225419988E-02
 2.01179418785929E+03	 6.56039712011921E-02
 2.01179692575932E+03	 2.07781830757158E-01
 2.01179966365935E+03	 3.53835378563585E-01
 2.01180240155938E+03	 4.64929255496220E-01
 2.01180513945941E+03	 4.89491204359965E-01
 2.01180787735944E+03	 3.99115148291340E-01
 2.01181061525947E+03	 2.13873830716544E-01
 2.01181335315950E+03	-7.47433053109546E-03
 2.01181609105953E+03	-2.01053957247326E-01
 2.01181882895956E+03	-3.24833687768796E-01
 2.01182156685959E+03	-3.62859432812067E-01
 2.01182430475962E+03	-3.16077653282304E-01
 2.01182704265965E+03	-1.97717060770074E-01
 2.01182978055968E+03	-3.79149248505134E-02
 2.01183251845972E+03	 1.15353537872276E-01
 2.01183525635975E+03	 2.12445648630130E-01
 2.01183799425978E+03	 2.28976506329342E-01
 2.01184073215981E+03	 1.79463128527600E-01
 2.01184347005984E+03	 1.02066002804028E-01
 2.01184620795987E+03	 2.73926322871880E-02
 2.01184894585990E+03	-3.90924333234123E-02
 2.01185168375993E+03	-1.06379151346766E-01
 2.01185442165996E+03	-1.73924228366093E-01
 2.01185715955999E+03	-2.21686162915742E-01
 2.01185989746002E+03	-2.24512846810649E-01
 2.01186263536005E+03	-1.73825783269834E-01
 2.01186537326008E+03	-8.18522425803535E-02
 2.01186811116012E+03	 3.46298708906144E-02
 2.01187084906015E+03	 1.67844251317768E-01
 2.01187358696018E+03	 3.09981582303943E-01
 2.01187632486021E+03	 4.33217939807232E-01
 2.01187906276024E+03	 4.89468599640436E-01
 2.01188180066027E+03	 4.39518463085161E-01
 2.01188453856030E+03	 2.85261789707794E-01
 2.01188727646033E+03	 7.32168067039351E-02
 2.01189001436036E+03	-1.32493829779061E-01
 2.01189275226039E+03	-2.81450896400193E-01
 2.01189549016042E+03	-3.49303990001570E-01
 2.01189822806045E+03	-3.31895371874846E-01
 2.01190096596048E+03	-2.37912319376566E-01
 2.01190370386052E+03	-9.08174292086428E-02
 2.01190644176055E+03	 6.72311251212858E-02
 2.01190917966058E+03	 1.84916198878722E-01
 2.01191191756061E+03	 2.26719581010198E-01
 2.01191465546064E+03	 1.93862689839919E-01
 2.01191739336067E+03	 1.19555662832220E-01
 2.01192013126070E+03	 4.07142090590616E-02
 2.01192286916073E+03	-2.74373646478253E-02
 2.01192560706076E+03	-9.08953595567375E-02
 2.01192834496079E+03	-1.55001583132259E-01
 2.01193108286082E+03	-2.06987229069834E-01
 2.01193382076085E+03	-2.21991294030085E-01
 2.01193655866088E+03	-1.84849564642123E-01
 2.01193929656091E+03	-1.02353192968837E-01
 2.01194203446095E+03	 7.32842976516944E-03
 2.01194477236098E+03	 1.32561458229503E-01
 2.01194751026101E+03	 2.68198910209814E-01
 2.01195024816104E+03	 3.96609760920700E-01
 2.01195298606107E+03	 4.77197726611098E-01
 2.01195572396110E+03	 4.65344369191530E-01
 2.01195846186113E+03	 3.46532638025809E-01
 2.01196119976116E+03	 1.51978603519863E-01
 2.01196393766119E+03	-5.85274403596286E-02
 2.01196667556122E+03	-2.28533341770053E-01
 2.01196941346125E+03	-3.24825685186614E-01
 2.01197215136128E+03	-3.37042479452601E-01
 2.01197488926131E+03	-2.69488896241791E-01
 2.01197762716135E+03	-1.39709106556238E-01
 2.01198036506138E+03	 1.68575682113954E-02
 2.01198310296141E+03	 1.50439724261581E-01
 2.01198584086144E+03	 2.17409739248133E-01
 2.01198857876147E+03	 2.05287985246192E-01
 2.01199131666150E+03	 1.38462703472788E-01
 2.01199405456153E+03	 5.64668553188796E-02
 2.01199679246156E+03	-1.57129002880450E-02
 2.01199953036159E+03	-7.77454398795327E-02
 2.01200226826162E+03	-1.37911083656475E-01
 2.01200500616165E+03	-1.91170093336848E-01
 2.01200774406168E+03	-2.15939869745847E-01
 2.01201048196171E+03	-1.92335484955482E-01
 2.01201321986175E+03	-1.20362376581572E-01
 2.01201595776178E+03	-1.71556852495944E-02
 2.01201869566181E+03	 1.01511243166438E-01
 2.01202143356184E+03	 2.29816895218505E-01
 2.01202417146187E+03	 3.57999249043376E-01
 2.01202690936190E+03	 4.55236762017241E-01
 2.01202964726193E+03	 4.76895464085560E-01
 2.01203238516196E+03	 3.95506142692838E-01
 2.01203512306199E+03	 2.25582016180438E-01
 2.01203786096202E+03	 1.82043615175514E-02
 2.01204059886205E+03	-1.67510087328484E-01
 2.01204333676208E+03	-2.89954812038431E-01
 2.01204607466211E+03	-3.31486579246880E-01
 2.01204881256215E+03	-2.91680834286286E-01
 2.01205155046218E+03	-1.82886428226581E-01
 2.01205428836221E+03	-3.36977708149193E-02
 2.01205702626224E+03	 1.10171642206925E-01
 2.01205976416227E+03	 2.00456902778979E-01
 2.01206250206230E+03	 2.12010740519888E-01
 2.01206523996233E+03	 1.57517439790729E-01
 2.01206797786236E+03	 7.48812293563095E-02
 2.01207071576239E+03	-2.69412494690584E-03
 2.01207345366242E+03	-6.61488815809390E-02
 2.01207619156245E+03	-1.23160690977324E-01
 2.01207892946248E+03	-1.75489607045543E-01
 2.01208166736251E+03	-2.07200093254446E-01
 2.01208440526254E+03	-1.96339964163494E-01
 2.01208714316258E+03	-1.35913842630645E-01
 2.01208988106261E+03	-3.95371885143302E-02
 2.01209261896264E+03	 7.38882339381463E-02
 2.01209535686267E+03	 1.95373679028465E-01
 2.01209809476270E+03	 3.19776802584066E-01
 2.01210083266273E+03	 4.26468964345125E-01
 2.01210357056276E+03	 4.75427731847799E-01
 2.01210630846279E+03	 4.30860015719926E-01
 2.01210904636282E+03	 2.91026831192346E-01
 2.01211178426285E+03	 9.47238121304041E-02
 2.01211452216288E+03	-1.00283839785957E-01
 2.01211726006291E+03	-2.45539900720240E-01
 2.01211999796294E+03	-3.15422883187705E-01
 2.01212273586298E+03	-3.04040954223636E-01
 2.01212547376301E+03	-2.18989780609713E-01
 2.01212821166304E+03	-8.24126015779327E-02
 2.01213094956307E+03	 6.56883181016859E-02
 2.01213368746310E+03	 1.75858954687399E-01
 2.01213642536313E+03	 2.12513724379708E-01
 2.01213916326316E+03	 1.75073478290236E-01
 2.01214190116319E+03	 9.56005678797849E-02
 2.01214463906322E+03	 1.26293108313683E-02
 2.01214737696325E+03	-5.49803075182556E-02
 2.01215011486328E+03	-1.10735947890417E-01
 2.01215285276331E+03	-1.61013549252533E-01
 2.01215559066334E+03	-1.96841727060192E-01
 2.01215832856338E+03	-1.97159166302398E-01
 2.01216106646341E+03	-1.48947377898850E-01
 2.01216380436344E+03	-6.03015223603364E-02
 2.01216654226347E+03	 4.87263581893495E-02
 2.01216928016350E+03	 1.64711891190247E-01
 2.01217201806353E+03	 2.83638433938551E-01
 2.01217475596356E+03	 3.93770861227109E-01
 2.01217749386359E+03	 4.62973085698033E-01
 2.01218023176362E+03	 4.52242248494839E-01
 2.01218296966365E+03	 3.45808901219971E-01
 2.01218570756368E+03	 1.67907782979009E-01
 2.01218844546371E+03	-2.92114563579889E-02
 2.01219118336374E+03	-1.92811434442880E-01
 2.01219392126377E+03	-2.89290428409373E-01
 2.01219665916381E+03	-3.06399855944240E-01
 2.01219939706384E+03	-2.47015732801269E-01
 2.01220213496387E+03	-1.27443564293835E-01
 2.01220487286390E+03	 1.88358291295727E-02
 2.01220761076393E+03	 1.44203111425576E-01
 2.01221034866396E+03	 2.05674606714128E-01
 2.01221308656399E+03	 1.89298659430439E-01
 2.01221582446402E+03	 1.17679742062645E-01
 2.01221856236405E+03	 3.08577070986970E-02
 2.01222130026408E+03	-4.29593633857463E-02
 2.01222403816411E+03	-1.00095094544657E-01
 2.01222677606414E+03	-1.48446400275755E-01
 2.01222951396417E+03	-1.86019195117578E-01
 2.01223225186421E+03	-1.95362215302417E-01
 2.01223498976424E+03	-1.59425609751210E-01
 2.01223772766427E+03	-7.96900075419624E-02
 2.01224046556430E+03	 2.50972598096315E-02
 2.01224320346433E+03	 1.37151424177950E-01
 2.01224594136436E+03	 2.50501720620640E-01
 2.01224867926439E+03	 3.59702964716192E-01
 2.01225141716442E+03	 4.42076447928140E-01
 2.01225415506445E+03	 4.60275021454018E-01
 2.01225689296448E+03	 3.88151303105546E-01
 2.01225963086451E+03	 2.34727700539672E-01
 2.01226236876454E+03	 4.29826532461347E-02
 2.01226510666457E+03	-1.33424183980389E-01
 2.01226784456461E+03	-2.53811649127946E-01
 2.01227058246464E+03	-2.98839114421872E-01
 2.01227332036467E+03	-2.66299976509917E-01
 2.01227605826470E+03	-1.67218418666538E-01
 2.01227879616473E+03	-2.84317688010762E-02
 2.01228153406476E+03	 1.06602163950281E-01
 2.01228427196479E+03	 1.90898745132132E-01
 2.01228700986482E+03	 1.98392308480435E-01
 2.01228974776485E+03	 1.39667286003058E-01
 2.01229248566488E+03	 5.20389812910045E-02
 2.01229522356491E+03	-2.88752720634737E-02
 2.01229796146494E+03	-9.02519595089789E-02
 2.01230069936497E+03	-1.38002638569748E-01
 2.01230343726500E+03	-1.75791618482255E-01
 2.01230617516504E+03	-1.91754166607813E-01
 2.01230891306507E+03	-1.67439034188838E-01
 2.01231165096510E+03	-9.77480274610069E-02
 2.01231438886513E+03	 2.25668804990830E-03
 2.01231712676516E+03	 1.11704939913196E-01
 2.01231986466519E+03	 2.20530670535635E-01
 2.01232260256522E+03	 3.26262947389935E-01
 2.01232534046525E+03	 4.15482718080350E-01
 2.01232807836528E+03	 4.56446510886527E-01
 2.01233081626531E+03	 4.17164846300283E-01
 2.01233355416534E+03	 2.92508331401279E-01
 2.01233629206537E+03	 1.13360127139349E-01
 2.01233902996540E+03	-6.94573097844096E-02
 2.01234176786544E+03	-2.10041184458879E-01
 2.01234450576547E+03	-2.81686370351369E-01
 2.01234724366550E+03	-2.76486221785444E-01
 2.01234998156553E+03	-2.00486557494623E-01
 2.01235271946556E+03	-7.42035866749764E-02
 2.01235545736559E+03	 6.45794826620985E-02
 2.01235819526562E+03	 1.68186496406429E-01
 2.01236093316565E+03	 2.00799193881614E-01
 2.01236367106568E+03	 1.59759426127218E-01
 2.01236640896571E+03	 7.56021565716863E-02
 2.01236914686574E+03	-1.18118360587112E-02
 2.01237188476577E+03	-7.99370083574543E-02
 2.01237462266580E+03	-1.29355493136196E-01
 2.01237736056584E+03	-1.66940046150042E-01
 2.01238009846587E+03	-1.87272840015387E-01
 2.01238283636590E+03	-1.73271133248665E-01
 2.01238557426593E+03	-1.14414060341748E-01
 2.01238831216596E+03	-2.02765608686962E-02
 2.01239105006599E+03	 8.72988849586305E-02
 2.01239378796602E+03	 1.93256197486229E-01
 2.01239652586605E+03	 2.94730970487518E-01
 2.01239926376608E+03	 3.85816118453044E-01
 2.01240200166611E+03	 4.42903259221050E-01
 2.01240473956614E+03	 4.32912166300831E-01
 2.01240747746617E+03	 3.39170172379337E-01
 2.01241021536620E+03	 1.78976673217661E-01
 2.01241295326624E+03	-3.35767920353341E-03
 2.01241569116627E+03	-1.59405122234991E-01
 2.01241842906630E+03	-2.55531949736410E-01
 2.01242116696633E+03	-2.77495706778402E-01
 2.01242390486636E+03	-2.26333296639027E-01
 2.01242664276639E+03	-1.16736231633808E-01
 2.01242938066642E+03	 1.99223198128518E-02
 2.01243211856645E+03	 1.38130658277576E-01
 2.01243485646648E+03	 1.95392038173837E-01
 2.01243759436651E+03	 1.76004705465007E-01
 2.01244033226654E+03	 1.00377989565568E-01
 2.01244307016657E+03	 8.66207649474687E-03
 2.01244580806660E+03	-6.78135967519491E-02
 2.01244854596663E+03	-1.21674538683075E-01
 2.01245128386667E+03	-1.59817160749268E-01
 2.01245402176670E+03	-1.82837647415511E-01
 2.01245675966673E+03	-1.77405602112022E-01
 2.01245949756676E+03	-1.29621134159888E-01
 2.01246223546679E+03	-4.27104179870455E-02
 2.01246497336681E+03	 6.29660642761815E-02
 2.01246771126685E+03	 1.67765846114038E-01
 2.01247044916688E+03	 2.65622371095674E-01
 2.01247318706691E+03	 3.55295047643777E-01
 2.01247592496694E+03	 4.22170505812303E-01
 2.01247866286697E+03	 4.36362942845804E-01
 2.01248140076700E+03	 3.73420059297123E-01
 2.01248413866703E+03	 2.37120894984148E-01
 2.01248687656707E+03	 6.21784666529242E-02
 2.01248961446710E+03	-1.03711291607355E-01
 2.01249235236713E+03	-2.21258912698225E-01
 2.01249509026716E+03	-2.69508086186715E-01
 2.01249782816719E+03	-2.44168631611698E-01
 2.01250056606722E+03	-1.54541968146747E-01
 2.01250330396725E+03	-2.54749955505218E-02
 2.01250604186728E+03	 1.01849631373158E-01
 2.01250877976731E+03	 1.81600029396603E-01
 2.01251151766734E+03	 1.86530809035083E-01
 2.01251425556737E+03	 1.24704974719709E-01
 2.01251699346740E+03	 3.23666483412719E-02
 2.01251973136743E+03	-5.27168546548378E-02
 2.01252246926747E+03	-1.13750517868384E-01
 2.01252520716750E+03	-1.54259972346801E-01
 2.01252794506753E+03	-1.79179009592020E-01
 2.01253068296756E+03	-1.80470906207685E-01
 2.01253342086759E+03	-1.43382115199391E-01
 2.01253615876762E+03	-6.50262222881419E-02
 2.01253889666765E+03	 3.79844801792282E-02
 2.01254163456768E+03	 1.42928298967181E-01
 2.01254437246771E+03	 2.38746598859658E-01
 2.01254711036774E+03	 3.25519619444545E-01
 2.01254984826777E+03	 3.96838585572044E-01
 2.01255258616780E+03	 4.29243522750336E-01
 2.01255532406783E+03	 3.94860332133666E-01
 2.01255806196786E+03	 2.85552726856348E-01
 2.01256079986790E+03	 1.24378991905893E-01
 2.01256353776793E+03	-4.51149253988849E-02
 2.01256627566796E+03	-1.80072687318632E-01
 2.01256901356799E+03	-2.52958358083257E-01
 2.01257175146802E+03	-2.53703369881635E-01
 2.01257448936805E+03	-1.86438814220446E-01
 2.01257722726808E+03	-6.97579141476538E-02
 2.01257996516811E+03	 6.08702586806605E-02
 2.01258270306814E+03	 1.59469488999027E-01
 2.01258544096817E+03	 1.89762683514351E-01
 2.01258817886820E+03	 1.46606269845467E-01
 2.01259091676823E+03	 5.84702426722643E-02
 2.01259365466826E+03	-3.38783043079578E-02
 2.01259639256830E+03	-1.04190896874386E-01
 2.01259913046833E+03	-1.49585674244884E-01
 2.01260186836836E+03	-1.76681959096008E-01
 2.01260460626839E+03	-1.83131311311797E-01
 2.01260734416842E+03	-1.55835882636904E-01
 2.01261008206845E+03	-8.70608261624731E-02
 2.01261281996848E+03	 1.19493145206111E-02
 2.01261555786851E+03	 1.17616134165321E-01
 2.01261829576854E+03	 2.13355821654476E-01
 2.01262103366857E+03	 2.97357509023020E-01
 2.01262377156860E+03	 3.69258417161574E-01
 2.01262650946863E+03	 4.13799884715844E-01
 2.01262924736866E+03	 4.03997700803428E-01
 2.01263198526870E+03	 3.22707620640058E-01
 2.01263472316873E+03	 1.80607043362981E-01
 2.01263746106876E+03	 1.39686563143492E-02
 2.01264019896879E+03	-1.33513903750291E-01
 2.01264293686882E+03	-2.28547621634694E-01
 2.01264567476885E+03	-2.54924592478710E-01
 2.01264841266888E+03	-2.11567266178449E-01
 2.01265115056891E+03	-1.11233048283488E-01
 2.01265388846894E+03	 1.69798207103396E-02
 2.01265662636897E+03	 1.29653145002127E-01
 2.01265936426900E+03	 1.84603280347175E-01
 2.01266210216903E+03	 1.64012799608090E-01
 2.01266484006906E+03	 8.55410893875218E-02
 2.01266757796909E+03	-1.11009691684239E-02
 2.01267031586913E+03	-9.16574388581183E-02
 2.01267305376916E+03	-1.44676795358888E-01
 2.01267579166919E+03	-1.75276215735309E-01
 2.01267852956922E+03	-1.85945500633425E-01
 2.01268126746925E+03	-1.67241546101193E-01
 2.01268400536928E+03	-1.08597974578517E-01
 2.01268674326931E+03	-1.52217204313408E-02
 2.01268948116934E+03	 9.08942930998443E-02
 2.01269221906937E+03	 1.88354468226986E-01
 2.01269495696940E+03	 2.70938489177405E-01
 2.01269769486943E+03	 3.41287392707624E-01
 2.01270043276946E+03	 3.92505910018905E-01
 2.01270317066949E+03	 4.02147203612830E-01
 2.01270590856953E+03	 3.47835510285318E-01
 2.01270864646956E+03	 2.28583893485393E-01
 2.01271138436959E+03	 7.10030499652715E-02
 2.01271412226962E+03	-8.34392669815478E-02
 2.01271686016965E+03	-1.97259375785751E-01
 2.01271959806968E+03	-2.48078762992433E-01
 2.01272233596971E+03	-2.29382918320452E-01
 2.01272507386974E+03	-1.48454981989330E-01
 2.01272781176977E+03	-2.79313340941523E-02
 2.01273054966980E+03	 9.33346154466787E-02
 2.01273328756983E+03	 1.70554722691683E-01
 2.01273602546986E+03	 1.75001500588226E-01
 2.01273876336989E+03	 1.11685121364916E-01
 2.01274150126993E+03	 1.51429536087359E-02
 2.01274423916996E+03	-7.51095367256672E-02
 2.01274697706999E+03	-1.38146495058504E-01
 2.01274971497002E+03	-1.74397689004666E-01
 2.01275245287005E+03	-1.89221674233942E-01
 2.01275519077008E+03	-1.77920305050052E-01
 2.01275792867011E+03	-1.29443728703042E-01
 2.01276066657014E+03	-4.33374619365919E-02
 2.01276340447017E+03	 6.21507333825461E-02
 2.01276614237020E+03	 1.62534000872873E-01
 2.01276888027023E+03	 2.45751636986126E-01
 2.01277161817026E+03	 3.14118912411920E-01
 2.01277435607029E+03	 3.67757163663701E-01
 2.01277709397033E+03	 3.91242082561188E-01
 2.01277983187036E+03	 3.61051699655469E-01
 2.01278256977039E+03	 2.66592884678260E-01
 2.01278530767042E+03	 1.23509997101251E-01
 2.01278804557045E+03	-3.19601127577142E-02
 2.01279078347048E+03	-1.60369110119131E-01
 2.01279352137051E+03	-2.33665495895142E-01
 2.01279625927054E+03	-2.39636126455007E-01
 2.01279899717057E+03	-1.80276391626380E-01
 2.01280173507060E+03	-7.20165866873226E-02
 2.01280447297063E+03	 5.21031110002993E-02
 2.01280721087066E+03	 1.47767209993050E-01
 2.01280994877069E+03	 1.78016275873900E-01
 2.01281268667072E+03	 1.34750769424510E-01
 2.01281542457076E+03	 4.37080531148399E-02
 2.01281816247079E+03	-5.40154246088500E-02
 2.01282090037082E+03	-1.28560954373448E-01
 2.01282363827085E+03	-1.73034360815618E-01
 2.01282637617088E+03	-1.92900200357674E-01
 2.01282911407091E+03	-1.88156831809146E-01
 2.01283185197094E+03	-1.49466736275674E-01
 2.01283458987097E+03	-7.20160092222983E-02
 2.01283732777100E+03	 3.11579185900644E-02
 2.01284006567103E+03	 1.34796332001133E-01
 2.01284280357106E+03	 2.20824301883618E-01
 2.01284554147109E+03	 2.88215704626254E-01
 2.01284827937112E+03	 3.41592460673231E-01
 2.01285101727116E+03	 3.73574523269038E-01
 2.01285375517119E+03	 3.63289006507002E-01
 2.01285649307122E+03	 2.93634325631029E-01
 2.01285923097125E+03	 1.69268562305761E-01
 2.01286196887128E+03	 1.86642031790792E-02
 2.01286470677131E+03	-1.19433976735596E-01
 2.01286744467134E+03	-2.12439320681817E-01
 2.01287018257137E+03	-2.42348972246188E-01
 2.01287292047140E+03	-2.05865556382044E-01
 2.01287565837143E+03	-1.13593829203578E-01
 2.01287839627146E+03	 7.79878287555906E-03
 2.01288113417149E+03	 1.17013877824987E-01
 2.01288387207152E+03	 1.72042805146377E-01
 2.01288660997156E+03	 1.52571923600881E-01
 2.01288934787159E+03	 7.28672821779627E-02
 2.01289208577162E+03	-2.84978842689931E-02
 2.01289482367165E+03	-1.14685673151903E-01
 2.01289756157168E+03	-1.69854983104077E-01
 2.01290029947171E+03	-1.96491095393778E-01
 2.01290303737174E+03	-1.98081797158228E-01
 2.01290577527177E+03	-1.68593866853831E-01
 2.01290851317180E+03	-1.00776496137803E-01
 2.01291125107183E+03	-1.93319364510920E-03
 2.01291398897186E+03	 1.04334365671719E-01
 2.01291672687189E+03	 1.94950935753218E-01
 2.01291946477192E+03	 2.63351097978882E-01
 2.01292220267195E+03	 3.15481016150014E-01
 2.01292494057199E+03	 3.51502699612960E-01
 2.01292767847202E+03	 3.56154793538483E-01
 2.01293041637205E+03	 3.09506672138219E-01
 2.01293315427208E+03	 2.06508195366606E-01
 2.01293589217211E+03	 6.61721308353624E-02
 2.01293863007214E+03	-7.62516186870503E-02
 2.01294136797217E+03	-1.85412055205029E-01
 2.01294410587220E+03	-2.37796602459807E-01
 2.01294684377223E+03	-2.24699679726005E-01
 2.01294958167226E+03	-1.51231160396340E-01
 2.01295231957229E+03	-3.76490863973498E-02
 2.01295505747232E+03	 7.96003077760434E-02
 2.01295779537235E+03	 1.56716167003366E-01
 2.01296053327239E+03	 1.63215309826774E-01
 2.01296327117242E+03	 1.00486793836924E-01
 2.01296600907245E+03	 6.09103792655837E-04
 2.01296874697248E+03	-9.57177680180065E-02
 2.01297148487251E+03	-1.63404541112907E-01
 2.01297422277254E+03	-1.99084575634610E-01
 2.01297696067257E+03	-2.07562496700514E-01
 2.01297969857260E+03	-1.86763062254872E-01
 2.01298243647263E+03	-1.29116763421614E-01
 2.01298517437266E+03	-3.66535292120978E-02
 2.01298791227269E+03	 7.07479849387726E-02
 2.01299065017272E+03	 1.66934460915330E-01
 2.01299338807275E+03	 2.38746194827874E-01
 2.01299612597279E+03	 2.90202669699393E-01
 2.01299886387282E+03	 3.27164676521709E-01
 2.01300160177285E+03	 3.41710688179433E-01
 2.01300433967288E+03	 3.14799103653339E-01
 2.01300707757291E+03	 2.34068004926475E-01
 2.01300981547294E+03	 1.08470585953634E-01
 2.01301255337297E+03	-3.27823568246828E-02
 2.01301529127300E+03	-1.53845707489355E-01
 2.01301802917303E+03	-2.26495467308187E-01
 2.01302076707306E+03	-2.36544307675578E-01
 2.01302350497309E+03	-1.83795357184310E-01
 2.01302624287312E+03	-8.23707129759297E-02
 2.01302898077315E+03	 3.72257743102896E-02
 2.01303171867318E+03	 1.32350857081810E-01
 2.01303445657322E+03	 1.65198867197018E-01
 2.01303719447325E+03	 1.24259453403022E-01
 2.01303993237328E+03	 3.18028094369862E-02
 2.01304267027331E+03	-7.14678246620518E-02
 2.01304540817334E+03	-1.52338490957337E-01
 2.01304814607337E+03	-1.99440307480052E-01
 2.01305088397340E+03	-2.16128494982899E-01
 2.01305362187343E+03	-2.03845899364185E-01
 2.01305635977346E+03	-1.56559797170180E-01
 2.01305909767349E+03	-7.23095294088069E-02
 2.01306183557352E+03	 3.40864656900771E-02
 2.01306457347355E+03	 1.35803680646741E-01
 2.01306731137358E+03	 2.13277083722684E-01
 2.01307004927362E+03	 2.65834218399774E-01
 2.01307278717365E+03	 3.02238576950489E-01
 2.01307552507368E+03	 3.22204485905450E-01
 2.01307826297371E+03	 3.10793176429398E-01
 2.01308100087374E+03	 2.51497578911648E-01
 2.01308373877377E+03	 1.43809619275716E-01
 2.01308647667380E+03	 8.96407078918541E-03
 2.01308921457383E+03	-1.19225783729054E-01
 2.01309195247386E+03	-2.09196220585368E-01
 2.01309469037389E+03	-2.41428440775145E-01
 2.01309742827392E+03	-2.10467163617003E-01
 2.01310016617395E+03	-1.24675780047143E-01
 2.01310290407398E+03	-8.18160444407179E-03
 2.01310564197402E+03	 9.98943985549805E-02
 2.01310837987405E+03	 1.57653137283282E-01
 2.01311111777408E+03	 1.41964279570531E-01
 2.01311385567411E+03	 6.30483974953111E-02
 2.01311659357414E+03	-4.24621931306992E-02
 2.01311933147417E+03	-1.35660404864783E-01
 2.01312206937420E+03	-1.96147049580018E-01
 2.01312480727423E+03	-2.22953811725004E-01
 2.01312754517426E+03	-2.19560219487292E-01
 2.01313028307429E+03	-1.82661006076211E-01
 2.01313302097432E+03	-1.08085683056294E-01
 2.01313575887435E+03	-5.17858991627794E-03
 2.01313849677438E+03	 1.00976906178569E-01
 2.01314123467442E+03	 1.85717021513406E-01
 2.01314397257445E+03	 2.41838672981248E-01
 2.01314671047448E+03	 2.77781167322043E-01
 2.01314944837451E+03	 2.99791033314168E-01
 2.01315218627454E+03	 2.99284594245957E-01
 2.01315492417457E+03	 2.59081953172646E-01
 2.01315766207460E+03	 1.70937091000761E-01
 2.01316039997463E+03	 4.70685202665787E-02
 2.01316313787466E+03	-8.32075507893620E-02
 2.01316587577469E+03	-1.86875216833330E-01
 2.01316861367472E+03	-2.39622137865416E-01
 2.01317135157475E+03	-2.30731804346201E-01
 2.01317408947478E+03	-1.63135985107752E-01
 2.01317682737481E+03	-5.46324643537095E-02
 2.01317956527485E+03	 6.08164191915411E-02
 2.01318230317488E+03	 1.40407110504573E-01
 2.01318504107491E+03	 1.51716127611617E-01
 2.01318777897494E+03	 9.19908858312467E-02
 2.01319051687497E+03	-9.94856472394812E-03
 2.01319325477500E+03	-1.12926073615383E-01
 2.01319599267503E+03	-1.87831599346112E-01
 2.01319873057506E+03	-2.26907449941994E-01
 2.01320146847509E+03	-2.33396735548716E-01
 2.01320420637512E+03	-2.06978812996795E-01
 2.01320694427515E+03	-1.43133382271710E-01
 2.01320968217518E+03	-4.62344809467104E-02
 2.01321242007521E+03	 6.23530811473917E-02
 2.01321515797525E+03	 1.54975297671087E-01
 2.01321789587528E+03	 2.17238918399967E-01
 2.01322063377531E+03	 2.54164824736862E-01
 2.01322337167534E+03	 2.76280562162907E-01
 2.01322610957537E+03	 2.82348123077422E-01
 2.01322884747540E+03	 2.57783761957860E-01
 2.01323158537543E+03	 1.89210137248627E-01
 2.01323432327546E+03	 7.98539573446180E-02
 2.01323706117549E+03	-4.75326757774935E-02
 2.01323979907552E+03	-1.60716543004820E-01
 2.01324253697555E+03	-2.31619351594392E-01
 2.01324527487558E+03	-2.44355065969824E-01
 2.01324801277561E+03	-1.96628627075821E-01
 2.01325075067565E+03	-1.00225798582522E-01
 2.01325348857568E+03	 1.69531469223407E-02
 2.01325622647571E+03	 1.13991766226413E-01
 2.01325896437574E+03	 1.52172530261051E-01
 2.01326170227577E+03	 1.16212734230276E-01
 2.01326444017580E+03	 2.41977617183825E-02
 2.01326717807583E+03	-8.43815440595134E-02
 2.01326991597586E+03	-1.73386552256594E-01
 2.01327265387589E+03	-2.26671799598767E-01
 2.01327539177592E+03	-2.44582116238952E-01
 2.01327812967595E+03	-2.29020499447948E-01
 2.01328086757598E+03	-1.76629664329438E-01
 2.01328360547601E+03	-8.80400277623252E-02
 2.01328634337604E+03	 2.03250980910516E-02
 2.01328908127608E+03	 1.20297597617408E-01
 2.01329181917611E+03	 1.90845324273322E-01
 2.01329455707614E+03	 2.31117712106135E-01
 2.01329729497617E+03	 2.52948683000493E-01
 2.01330003287620E+03	 2.62077325104609E-01
 2.01330277077623E+03	 2.49107552180351E-01
 2.01330550867626E+03	 1.98644990490829E-01
 2.01330824657629E+03	 1.06028946171276E-01
 2.01331098447632E+03	-1.39197824497831E-02
 2.01331372237635E+03	-1.32076835026936E-01
 2.01331646027638E+03	-2.18124477750183E-01
 2.01331919817641E+03	-2.51354706013898E-01
 2.01332193607644E+03	-2.24346058651002E-01
 2.01332467397648E+03	-1.43265445442304E-01
 2.01332741187651E+03	-2.96684180913962E-02
 2.01333014977654E+03	 7.95666673731983E-02
 2.01333288767657E+03	 1.42672142963371E-01
 2.01333562557660E+03	 1.33501390452643E-01
 2.01333836347663E+03	 5.76547070193530E-02
 2.01334110137666E+03	-5.10122331527655E-02
 2.01334383927669E+03	-1.52181973134465E-01
 2.01334657717672E+03	-2.20915871314070E-01
 2.01334931507675E+03	-2.52094955170413E-01
 2.01335205297678E+03	-2.48181879946231E-01
 2.01335479087681E+03	-2.07798443030082E-01
 2.01335752877684E+03	-1.29444253991540E-01
 2.01336026667688E+03	-2.42767315778748E-02
 2.01336300457691E+03	 8.14013229274038E-02
 2.01336574247694E+03	 1.61500179781742E-01
 2.01336848037697E+03	 2.07856386574640E-01
 2.01337121827700E+03	 2.30432715202861E-01
 2.01337395617703E+03	 2.40334662256438E-01
 2.01337669407706E+03	 2.34902785691031E-01
 2.01337943197709E+03	 1.99894796708105E-01
 2.01338216987712E+03	 1.24802468742688E-01
 2.01338490777715E+03	 1.60614009533711E-02
 2.01338764567718E+03	-1.02427722352393E-01
 2.01339038357721E+03	-2.00037683676939E-01
 2.01339312147724E+03	-2.51974275649233E-01
 2.01339585937727E+03	-2.45780260092113E-01
 2.01339859727731E+03	-1.82335713851943E-01
 2.01340133517734E+03	-7.70022697781912E-02
 2.01340407307737E+03	 3.87854587738326E-02
 2.01340681097740E+03	 1.23290304772999E-01
 2.01340954887743E+03	 1.42090744505207E-01
 2.01341228677746E+03	 8.78964289258299E-02
 2.01341502467749E+03	-1.44935244660021E-02
 2.01341776257752E+03	-1.24227395434984E-01
 2.01342050047755E+03	-2.08499678222864E-01
 2.01342323837758E+03	-2.54741418232907E-01
 2.01342597627761E+03	-2.63701906273014E-01
 2.01342871417764E+03	-2.35896828692149E-01
 2.01343145207767E+03	-1.69288284363382E-01
 2.01343418997771E+03	-7.02923072023156E-02
 2.01343692787774E+03	 3.85318221278273E-02
 2.01343966577777E+03	 1.28301393806708E-01
 2.01344240367780E+03	 1.83286549640503E-01
 2.01344514157783E+03	 2.08725769580404E-01
 2.01344787947786E+03	 2.18545956945658E-01
 2.01345061737789E+03	 2.17131309904453E-01
 2.01345335527792E+03	 1.94155195386257E-01
 2.01345609317795E+03	 1.35951838968101E-01
 2.01345883107798E+03	 4.11177240279295E-02
 2.01346156897801E+03	-7.32751009896149E-02
 2.01346430687804E+03	-1.78432317238177E-01
 2.01346704477807E+03	-2.46662502546312E-01
 2.01346978267811E+03	-2.60693665074173E-01
 2.01347252057814E+03	-2.16336084066860E-01
 2.01347525847817E+03	-1.23130491096009E-01
 2.01347799637820E+03	-6.37663722712072E-03
 2.01348073427823E+03	 9.48098928182603E-02
 2.01348347217826E+03	 1.40845551527066E-01
 2.01348621007829E+03	 1.12465022671623E-01
 2.01348894797832E+03	 2.29520682707347E-02
 2.01349168587835E+03	-9.02573678075451E-02
 2.01349442377838E+03	-1.88679277598627E-01
 2.01349716167841E+03	-2.51286024182716E-01
 2.01349989957844E+03	-2.74651246536242E-01
 2.01350263747847E+03	-2.60178030971278E-01
 2.01350537537851E+03	-2.06474349393363E-01
 2.01350811327854E+03	-1.16365183451195E-01
 2.01351085117857E+03	-7.56052159313950E-03
 2.01351358907860E+03	 9.07735690527842E-02
 2.01351632697863E+03	 1.56238390029040E-01
 2.01351906487866E+03	 1.87265171445366E-01
 2.01352180277869E+03	 1.97566423654064E-01
 2.01352454067872E+03	 1.97630524578482E-01
 2.01352727857875E+03	 1.83007975112213E-01
 2.01353001647878E+03	 1.39831123930688E-01
 2.01353275437881E+03	 6.03449071887174E-02
 2.01353549227884E+03	-4.60596626941019E-02
 2.01353823017887E+03	-1.54518004700949E-01
 2.01354096807890E+03	-2.36057208045082E-01
 2.01354370597894E+03	-2.69086622584049E-01
 2.01354644387897E+03	-2.44481448413663E-01
 2.01354918177900E+03	-1.66371750267271E-01
 2.01355191967903E+03	-5.38072137592694E-02
 2.01355465757906E+03	 5.86178035393925E-02
 2.01355739547909E+03	 1.29367457379997E-01
 2.01356013337912E+03	 1.29234120099392E-01
 2.01356287127915E+03	 5.87723624404165E-02
 2.01356560917918E+03	-5.17248974199934E-02
 2.01356834707921E+03	-1.61280202925060E-01
 2.01357108497924E+03	-2.40622046242354E-01
 2.01357382287927E+03	-2.79967669764667E-01
 2.01357656077930E+03	-2.79848360464165E-01
 2.01357929867934E+03	-2.39995221375777E-01
 2.01358203657937E+03	-1.61075223637346E-01
 2.01358477447940E+03	-5.57094114411657E-02
 2.01358751237943E+03	 4.89651482073015E-02
 2.01359025027946E+03	 1.25699403692836E-01
 2.01359298817949E+03	 1.65097831641346E-01
 2.01359572607952E+03	 1.77634579226052E-01
 2.01359846397955E+03	 1.77904203994709E-01
 2.01360120187958E+03	 1.68222373923956E-01
 2.01360393977961E+03	 1.37315519347843E-01
 2.01360667767964E+03	 7.33074729681733E-02
 2.01360941557967E+03	-2.20481173339875E-02
 2.01361215347970E+03	-1.29585380903105E-01
 2.01361489137974E+03	-2.20969348356768E-01
 2.01361762927977E+03	-2.71168970252997E-01
 2.01362036717980E+03	-2.66278684204049E-01
 2.01362310507983E+03	-2.05345440821471E-01
 2.01362584297986E+03	-1.01428242558586E-01
 2.01362858087989E+03	 1.65470980241044E-02
 2.01363131877992E+03	 1.08013584052980E-01
 2.01363405667995E+03	 1.36629994698442E-01
 2.01363679457998E+03	 9.03481715379057E-02
 2.01363953248001E+03	-1.07007461845591E-02
 2.01364227038004E+03	-1.26810579500286E-01
 2.01364500828007E+03	-2.21957437649367E-01
 2.01364774618010E+03	-2.78541902500730E-01
 2.01365048408013E+03	-2.94037835006995E-01
 2.01365322198017E+03	-2.68927518680824E-01
 2.01365595988020E+03	-2.03047628044980E-01
 2.01365869778023E+03	-1.04465301061702E-01
 2.01366143568026E+03	 3.46382730708070E-03
 2.01366417358029E+03	 9.10101318007667E-02
 2.01366691148032E+03	 1.41094299552966E-01
 2.01366964938035E+03	 1.58417064973991E-01
 2.01367238728038E+03	 1.58968805472285E-01
 2.01367512518041E+03	 1.51540047038312E-01
 2.01367786308044E+03	 1.29686272718857E-01
 2.01368060098047E+03	 8.00725829048250E-02
 2.01368333888050E+03	-2.22827357024017E-03
 2.01368607678053E+03	-1.04932264165086E-01
 2.01368881468057E+03	-2.02360963191508E-01
 2.01369155258060E+03	-2.67339001393519E-01
 2.01369429048063E+03	-2.81491862762049E-01
 2.01369702838066E+03	-2.38993769080317E-01
 2.01369976628069E+03	-1.47335322328834E-01
 2.01370250418072E+03	-2.93093294596211E-02
 2.01370524208075E+03	 7.78316071407991E-02
 2.01370797998078E+03	 1.33783257326532E-01
 2.01371071788081E+03	 1.15265842823951E-01
 2.01371345578084E+03	 3.03096011410110E-02
 2.01371619368087E+03	-8.64935243313809E-02
 2.01371893158090E+03	-1.94987547392803E-01
 2.01372166948093E+03	-2.69347261710032E-01
 2.01372440738097E+03	-3.01801506156667E-01
 2.01372714528100E+03	-2.92401068842344E-01
 2.01372988318103E+03	-2.41023400583267E-01
 2.01373262108106E+03	-1.52244035977929E-01
 2.01373535898109E+03	-4.46636313533677E-02
 2.01373809688112E+03	 5.19963151497086E-02
 2.01374083478115E+03	 1.14177184526940E-01
 2.01374357268118E+03	 1.39133915989305E-01
 2.01374631058121E+03	 1.41274755513067E-01
 2.01374904848124E+03	 1.34472311639030E-01
 2.01375178638127E+03	 1.18469522701920E-01
 2.01375452428130E+03	 8.11898382414071E-02
 2.01375726218133E+03	 1.27772455445427E-02
 2.01376000008136E+03	-8.17756692789575E-02
 2.01376273798140E+03	-1.81311012225848E-01
 2.01376547588143E+03	-2.58168698799265E-01
 2.01376821378146E+03	-2.90107121771316E-01
 2.01377095168149E+03	-2.66570581097117E-01
 2.01377368958152E+03	-1.89892972248073E-01
 2.01377642748155E+03	-7.67864582790228E-02
 2.01377916538158E+03	 4.04267671027145E-02
 2.01378190328161E+03	 1.20595399233320E-01
 2.01378464118164E+03	 1.31563916239863E-01
 2.01378737908167E+03	 6.86075693192912E-02
 2.01379011698170E+03	-4.22100983554626E-02
 2.01379285488173E+03	-1.60026062505930E-01
 2.01379559278176E+03	-2.51596769223072E-01
 2.01379833068180E+03	-3.02162360334416E-01
 2.01380106858183E+03	-3.09562154598758E-01
 2.01380380648186E+03	-2.73886549406901E-01
 2.01380654438189E+03	-1.97464464006925E-01
 2.01380928228192E+03	-9.39891491169996E-02
 2.01381202018195E+03	 9.02295098497537E-03
 2.01381475808198E+03	 8.35292853933661E-02
 2.01381749598201E+03	 1.18742267748898E-01
 2.01382023388204E+03	 1.24710988400671E-01
 2.01382297178207E+03	 1.18136562616849E-01
 2.01382570968210E+03	 1.05249394538909E-01
 2.01382844758213E+03	 7.76165512315895E-02
 2.01383118548216E+03	 2.27648256097847E-02
 2.01383392338220E+03	-6.11583520189872E-02
 2.01383666128223E+03	-1.58965215493272E-01
 2.01383939918226E+03	-2.44390550750691E-01
 2.01384213708229E+03	-2.92304729664758E-01
 2.01384487498232E+03	-2.87609583486943E-01
 2.01384761288235E+03	-2.27783176698058E-01
 2.01385035078238E+03	-1.23812331591205E-01
 2.01385308868241E+03	-2.21547504122159E-03
 2.01385582658244E+03	 9.77173696437501E-02
 2.01385856448247E+03	 1.37923100888927E-01
 2.01386130238250E+03	 1.01569880999961E-01
 2.01386404028253E+03	 3.64281327175178E-03
 2.01386677818256E+03	-1.18070601956979E-01
 2.01386951608260E+03	-2.24904428737534E-01
 2.01387225398263E+03	-2.94197767075058E-01
 2.01387499188266E+03	-3.19549950180037E-01
 2.01387772978269E+03	-3.00653764398024E-01
 2.01388046768272E+03	-2.38653613450561E-01
 2.01388320558275E+03	-1.42872758598606E-01
 2.01388594348278E+03	-3.70305630494208E-02
 2.01388868138281E+03	 4.87520194658724E-02
 2.01389141928284E+03	 9.61487275241991E-02
 2.01389415718287E+03	 1.08688717415754E-01
 2.01389689508290E+03	 1.03152993384928E-01
 2.01389963298293E+03	 9.14797140225835E-02
 2.01390237088296E+03	 7.05958950287120E-02
 2.01390510878299E+03	 2.79608807578319E-02
 2.01390784668303E+03	-4.38616454497882E-02
 2.01391058458306E+03	-1.36469647255794E-01
 2.01391332248309E+03	-2.26879367557907E-01
 2.01391606038312E+03	-2.88441134656572E-01
 2.01391879828315E+03	-3.01885371971371E-01
 2.01392153618318E+03	-2.60012547420827E-01
 2.01392427408321E+03	-1.68533599380662E-01
 2.01392701198324E+03	-4.79235395542890E-02
 2.01392974988327E+03	 6.64499187433092E-02
 2.01393248778330E+03	 1.33778096139290E-01
 2.01393522568333E+03	 1.26908704020163E-01
 2.01393796358336E+03	 4.83628919473956E-02
 2.01394070148339E+03	-7.07883796151149E-02
 2.01394343938343E+03	-1.89424225366957E-01
 2.01394617728346E+03	-2.77161683015802E-01
 2.01394891518349E+03	-3.21502533569883E-01
 2.01395165308352E+03	-3.20440871311073E-01
 2.01395439098355E+03	-2.74507353397124E-01
 2.01395712888358E+03	-1.89615254028460E-01
 2.01395986678361E+03	-8.48620694741365E-02
 2.01396260468364E+03	 9.95451574103087E-03
 2.01396534258367E+03	 7.04178356377500E-02
 2.01396808048370E+03	 9.22890115771625E-02
 2.01397081838373E+03	 8.96138662161442E-02
 2.01397355628376E+03	 7.83191104611991E-02
 2.01397629418379E+03	 6.15024063820533E-02
 2.01397903208383E+03	 2.89852522921413E-02
 2.01398176998386E+03	-3.03374666410427E-02
 2.01398450788389E+03	-1.14892129870878E-01
 2.01398724578392E+03	-2.06622698391820E-01
 2.01398998368395E+03	-2.79038994216197E-01
 2.01399272158398E+03	-3.09378510461832E-01
 2.01399545948401E+03	-2.85889503478558E-01
 2.01399819738404E+03	-2.09393125187052E-01
 2.01400093528407E+03	-9.45238212118363E-02
 2.01400367318410E+03	 2.85856106712322E-02
 2.01400641108413E+03	 1.19341845550341E-01
 2.01400914898416E+03	 1.42890714434245E-01
 2.01401188688419E+03	 8.91944634073519E-02
 2.01401462478422E+03	-2.04188673069442E-02
 2.01401736268426E+03	-1.45941829772894E-01
 2.01402010058429E+03	-2.50626068783374E-01
 2.01402283848432E+03	-3.14602181035839E-01
 2.01402557638435E+03	-3.32425364423956E-01
 2.01402831428438E+03	-3.03905477595517E-01
 2.01403105218441E+03	-2.32588517043461E-01
 2.01403379008444E+03	-1.32883019801048E-01
 2.01403652798447E+03	-3.22337951790970E-02
 2.01403926588450E+03	 4.09465268299701E-02
 2.01404200378453E+03	 7.44500335441305E-02
 2.01404474168456E+03	 7.71269701598916E-02
 2.01404747958459E+03	 6.65109909444621E-02
 2.01405021748462E+03	 5.16743791635220E-02
 2.01405295538466E+03	 2.67688609749299E-02
 2.01405569328469E+03	-2.06711563300604E-02
 2.01405843118472E+03	-9.51394997554942E-02
 2.01406116908475E+03	-1.84675652759571E-01
 2.01406390698478E+03	-2.64779443686777E-01
 2.01406664488481E+03	-3.10251546355157E-01
 2.01406938278484E+03	-3.04985835669083E-01
 2.01407212068487E+03	-2.45160535877129E-01
 2.01407485858490E+03	-1.39993062628092E-01
 2.01407759648493E+03	-1.37812807301995E-02
 2.01408033438496E+03	 9.55455745037527E-02
 2.01408307228499E+03	 1.48489168571602E-01
 2.01408581018502E+03	 1.23590025361754E-01
 2.01408854808506E+03	 3.03974637408498E-02
 2.01409128598509E+03	-9.58997498575160E-02
 2.01409402388512E+03	-2.14618937320537E-01
 2.01409676178515E+03	-2.98160567453161E-01
 2.01409949968518E+03	-3.35824836719369E-01
 2.01410223758521E+03	-3.25890632326842E-01
 2.01410497548524E+03	-2.70325529913987E-01
 2.01410771338527E+03	-1.79372251468668E-01
 2.01411045128530E+03	-7.67213725373279E-02
 2.01411318918533E+03	 7.58168869094408E-03
 2.01411592708536E+03	 5.41651050708854E-02
 2.01411866498539E+03	 6.49242631021478E-02
 2.01412140288542E+03	 5.63233983995671E-02
 2.01412414078545E+03	 4.22549116094237E-02
 2.01412687868549E+03	 2.24342517177905E-02
 2.01412961658552E+03	-1.45833850969076E-02
 2.01413235448555E+03	-7.78816440430597E-02
 2.01413509238558E+03	-1.62099649049188E-01
 2.01413783028561E+03	-2.46489020528205E-01
 2.01414056818564E+03	-3.04837449989874E-01
 2.01414330608567E+03	-3.17096642691938E-01
 2.01414604398570E+03	-2.74924388665910E-01
 2.01414878188573E+03	-1.82565368487171E-01
 2.01415151978576E+03	-5.84491062289152E-02
 2.01415425768579E+03	 6.39093742948831E-02
 2.01415699558582E+03	 1.43453526958845E-01
 2.01415973348585E+03	 1.49448244628651E-01
 2.01416247138589E+03	 7.88444237783857E-02
 2.01416520928592E+03	-4.13458797697901E-02
 2.01416794718595E+03	-1.69734316942648E-01
 2.01417068508598E+03	-2.71734821827883E-01
 2.01417342298601E+03	-3.29907133193966E-01
 2.01417616088604E+03	-3.39628355759616E-01
 2.01417889878607E+03	-3.01562613543122E-01
 2.01418163668610E+03	-2.22619991180713E-01
 2.01418437458613E+03	-1.22066783440315E-01
 2.01418711248616E+03	-2.93315689404204E-02
 2.01418985038619E+03	 3.06627555931220E-02
 2.01419258828622E+03	 5.20176871093595E-02
 2.01419532618625E+03	 4.75551354097689E-02
 2.01419806408629E+03	 3.40623771018465E-02
 2.01420080198632E+03	 1.71533961818902E-02
 2.01420353988635E+03	-1.14741766635405E-02
 2.01420627778638E+03	-6.34941461440453E-02
 2.01420901568641E+03	-1.39889008469558E-01
 2.01421175358644E+03	-2.25114101188092E-01
 2.01421449148647E+03	-2.93636820599242E-01
 2.01421722938650E+03	-3.22209297297270E-01
 2.01421996728653E+03	-2.98059721552693E-01
 2.01422270518656E+03	-2.20789646079784E-01
 2.01422544308659E+03	-1.03282420589062E-01
 2.01422818098662E+03	 2.63664212679055E-02
 2.01423091888665E+03	 1.28293353444508E-01
 2.01423365678669E+03	 1.65299580048264E-01
 2.01423639468672E+03	 1.22181705573777E-01
 2.01423913258675E+03	 1.51935062684509E-02
 2.01424187048678E+03	-1.17191663370288E-01
 2.01424460838681E+03	-2.35257035543012E-01
 2.01424734628684E+03	-3.14040404860372E-01
 2.01425008418687E+03	-3.44369195062729E-01
 2.01425282208690E+03	-3.25237721141795E-01
 2.01425555998693E+03	-2.61040154067434E-01
 2.01425829788696E+03	-1.66620907603578E-01
 2.01426103578699E+03	-6.89714066723692E-02
 2.01426377368702E+03	 3.54443110742859E-03
 2.01426651158705E+03	 3.73781569829957E-02
 2.01426924948708E+03	 3.96051020889342E-02
 2.01427198738712E+03	 2.75070208440370E-02
 2.01427472528715E+03	 1.20008308257094E-02
 2.01427746318718E+03	-1.05060202204691E-02
 2.01428020108721E+03	-5.20301026698536E-02
 2.01428293898724E+03	-1.18893389288769E-01
 2.01428567688727E+03	-2.01678302931635E-01
 2.01428841478730E+03	-2.77316478782583E-01
 2.01429115268733E+03	-3.20486790504019E-01
 2.01429389058736E+03	-3.14186414315404E-01
 2.01429662848739E+03	-2.53542223957535E-01
 2.01429936638742E+03	-1.46346453909336E-01
 2.01430210428745E+03	-1.49319779457872E-02
 2.01430484218748E+03	 1.04185136955657E-01
 2.01430758008752E+03	 1.70418896484104E-01
 2.01431031798755E+03	 1.57991531272275E-01
 2.01431305588758E+03	 7.09040737633725E-02
 2.01431579378761E+03	-5.88285851386490E-02
 2.01431853168764E+03	-1.89154451015042E-01
 2.01432126958767E+03	-2.87781503365859E-01
 2.01432400748770E+03	-3.39432751000483E-01
 2.01432674538773E+03	-3.40458390383493E-01
 2.01432948328776E+03	-2.93238124045629E-01
 2.01433222118779E+03	-2.08672699654019E-01
 2.01433495908782E+03	-1.10119795247951E-01
 2.01433769698785E+03	-2.71363140463079E-02
 2.01434043488788E+03	 2.01116183020579E-02
 2.01434317278792E+03	 3.15930296224362E-02
 2.01434591068795E+03	 2.25638750597815E-02
 2.01434864858798E+03	 7.82129695250210E-03
 2.01435138648801E+03	-1.07170710475075E-02
 2.01435412438804E+03	-4.32282815034737E-02
 2.01435686228807E+03	-9.97468747957281E-02
 2.01435960018810E+03	-1.77222452392984E-01
 2.01436233808813E+03	-2.56700579250223E-01
 2.01436507598816E+03	-3.12264827754995E-01
 2.01436781388819E+03	-3.23132003341474E-01
 2.01437055178822E+03	-2.80006302045759E-01
 2.01437328968825E+03	-1.85993041584491E-01
 2.01437602758828E+03	-5.78038169049490E-02
 2.01437876548831E+03	 7.28204991652369E-02
 2.01438150338835E+03	 1.64855288557451E-01
 2.01438424128838E+03	 1.84390143019964E-01
 2.01438697918841E+03	 1.22915358667450E-01
 2.01438971708844E+03	 2.97987284728199E-03
 2.01439245498847E+03	-1.34436271403611E-01
 2.01439519288850E+03	-2.50991286611840E-01
 2.01439793078853E+03	-3.24227859523297E-01
 2.01440066868856E+03	-3.46459272545583E-01
 2.01440340658859E+03	-3.18032228691959E-01
 2.01440614448862E+03	-2.46574795258066E-01
 2.01440888238865E+03	-1.51282870873921E-01
 2.01441162028868E+03	-6.08590637540086E-02
 2.01441435818871E+03	-3.91932382394414E-04
 2.01441709608875E+03	 2.25130337418300E-02
 2.01441983398878E+03	 1.88042545684704E-02
 2.01442257188881E+03	 5.12929887566066E-03
 2.01442530978884E+03	-1.11505827528936E-02
 2.01442804768887E+03	-3.65597902969568E-02
 2.01443078558890E+03	-8.28153905048892E-02
 2.01443352348893E+03	-1.52731484383860E-01
 2.01443626138896E+03	-2.32746424833361E-01
 2.01443899928899E+03	-2.98056798435824E-01
 2.01444173718902E+03	-3.24908036424941E-01
 2.01444447508905E+03	-2.99633603719364E-01
 2.01444721298908E+03	-2.20898018222552E-01
 2.01444995088911E+03	-1.00194256896271E-01
 2.01445268878915E+03	 3.62205388534865E-02
 2.01445542668918E+03	 1.49381041520546E-01
 2.01445816458921E+03	 2.00179417418046E-01
 2.01446090248924E+03	 1.68546378501277E-01
 2.01446364038927E+03	 6.54712657923249E-02
 2.01446637828930E+03	-7.27261760314338E-02
 2.01446911618933E+03	-2.03957386062440E-01
 2.01447185408936E+03	-2.98314140312524E-01
 2.01447459198939E+03	-3.42570799592359E-01
 2.01447732988942E+03	-3.34437784700478E-01
 2.01448006778945E+03	-2.78832309432474E-01
 2.01448280568948E+03	-1.90827434161025E-01
 2.01448554358951E+03	-9.66816160460912E-02
 2.01448828148954E+03	-2.43549489862207E-02
 2.01449101938958E+03	 1.13976603160005E-02
 2.01449375728961E+03	 1.54799659927982E-02
 2.01449649518964E+03	 4.05366994156231E-03
 2.01449923308967E+03	-1.09838103450842E-02
 2.01450197098970E+03	-3.13096410031569E-02
 2.01450470888973E+03	-6.81727192694427E-02
 2.01450744678976E+03	-1.29056929033502E-01
 2.01451018468979E+03	-2.06500478188281E-01
 2.01451292258982E+03	-2.78557379655847E-01
 2.01451566048985E+03	-3.19702918353496E-01
 2.01451839838988E+03	-3.12103694021061E-01
 2.01452113628991E+03	-2.50058291705006E-01
 2.01452387418994E+03	-1.40289605274679E-01
 2.01452661208998E+03	-3.45694827673579E-03
 2.01452934999001E+03	 1.25372362990763E-01
 2.01453208789004E+03	 2.04922759121861E-01
 2.01453482579007E+03	 2.05534950740411E-01
 2.01453756369010E+03	 1.25700418177366E-01
 2.01454030159013E+03	-6.22674065449569E-03
 2.01454303949016E+03	-1.47500440838255E-01
 2.01454577739019E+03	-2.61499652556643E-01
 2.01454851529022E+03	-3.28217247698859E-01
 2.01455125319025E+03	-3.41630734796586E-01
 2.01455399109028E+03	-3.04148014145841E-01
 2.01455672899031E+03	-2.27110174040846E-01
 2.01455946689034E+03	-1.33331318655959E-01
 2.01456220479038E+03	-5.15646621057702E-02
 2.01456494269041E+03	-2.53015850653521E-03
 2.01456768059044E+03	 1.16472875232920E-02
 2.01457041849047E+03	 4.33399957027601E-03
 2.01457315639050E+03	-9.63918338958556E-03
 2.01457589429053E+03	-2.66840157440706E-02
 2.01457863219056E+03	-5.56118405426014E-02
 2.01458137009059E+03	-1.06846480019112E-01
 2.01458410799062E+03	-1.79034892532663E-01
 2.01458684589065E+03	-2.54634786274903E-01
 2.01458958379068E+03	-3.07887940988158E-01
 2.01459232169071E+03	-3.17293194745409E-01
 2.01459505959074E+03	-2.72762381266461E-01
 2.01459779749078E+03	-1.76582254817843E-01
 2.01460053539081E+03	-4.40929392585907E-02
 2.01460327329084E+03	 9.46426263161774E-02
 2.01460601119087E+03	 1.98940225802153E-01
 2.01460874909090E+03	 2.32223142064774E-01
 2.01461148699093E+03	 1.80775524906541E-01
 2.01461422489096E+03	 6.23881233948189E-02
 2.01461696279099E+03	-8.30397060938624E-02
 2.01461970069102E+03	-2.13959525358213E-01
 2.01462243859105E+03	-3.02954923044296E-01
 2.01462517649108E+03	-3.38911902099298E-01
 2.01462791439111E+03	-3.21427623777847E-01
 2.01463065229114E+03	-2.58580866644547E-01
 2.01463339019117E+03	-1.69323210373900E-01
 2.01463612809121E+03	-8.13822744170105E-02
 2.01463886599124E+03	-1.97366646700870E-02
 2.01464160389127E+03	 6.31280084213886E-03
 2.01464434179130E+03	 5.36859177309255E-03
 2.01464707969133E+03	-6.86268204474269E-03
 2.01464981759136E+03	-2.19296340415540E-02
 2.01465255549139E+03	-4.46931986797404E-02
 2.01465529339142E+03	-8.64928072890112E-02
 2.01465803129145E+03	-1.51370128201759E-01
 2.01466076919148E+03	-2.27303673742953E-01
 2.01466350709151E+03	-2.90028231118022E-01
 2.01466624499154E+03	-3.15261512286510E-01
 2.01466898289157E+03	-2.88550298244244E-01
 2.01467172079161E+03	-2.07890337711139E-01
 2.01467445869164E+03	-8.37468330838744E-02
 2.01467719659167E+03	 5.92532622210905E-02
 2.01467993449170E+03	 1.83228819808098E-01
 2.01468267239173E+03	 2.47677646593416E-01
 2.01468541029176E+03	 2.28097406475854E-01
 2.01468814819179E+03	 1.30145555603439E-01
 2.01469088609182E+03	-1.25984395768044E-02
 2.01469362399185E+03	-1.56353178671190E-01
 2.01469636189188E+03	-2.66550983605819E-01
 2.01469909979191E+03	-3.25691980534552E-01
 2.01470183769194E+03	-3.29757992724909E-01
 2.01470457559197E+03	-2.83848771455948E-01
 2.01470731349201E+03	-2.03083613792043E-01
 2.01471005139204E+03	-1.12801347780373E-01
 2.01471278929207E+03	-4.03018590587755E-02
 2.01471552719210E+03	-1.41901525278505E-03
 2.01471826509213E+03	 6.30659780019604E-03
 2.01472100299216E+03	-2.75874517043335E-03
 2.01472374089219E+03	-1.64491753676614E-02
 2.01472647879222E+03	-3.48256781061085E-02
 2.01472921669225E+03	-6.81120119779179E-02
 2.01473195459228E+03	-1.24393706503601E-01
 2.01473469249231E+03	-1.97674972549674E-01
 2.01473743039234E+03	-2.66887772760972E-01
 2.01474016829237E+03	-3.06253076297650E-01
 2.01474290619240E+03	-2.97177159172307E-01
 2.01474564409244E+03	-2.33342867833262E-01
 2.01474838199247E+03	-1.20749967593361E-01
 2.01475111989250E+03	 2.13276807187127E-02
 2.01475385779253E+03	 1.59323358623117E-01
 2.01475659569256E+03	 2.51733157853011E-01
 2.01475933359259E+03	 2.65572798194100E-01
 2.01476207149262E+03	 1.93993496781028E-01
 2.01476480939265E+03	 6.12621409141795E-02
 2.01476754729268E+03	-8.99146332119375E-02
 2.01477028519271E+03	-2.19092605281765E-01
 2.01477302309274E+03	-3.01511777007431E-01
 2.01477576099277E+03	-3.28376791751569E-01
 2.01477849889280E+03	-3.01710994245484E-01
 2.01478123679284E+03	-2.33060054926826E-01
 2.01478397469287E+03	-1.44541017796382E-01
 2.01478671259290E+03	-6.38950217835414E-02
 2.01478945049293E+03	-1.22156542426343E-02
 2.01479218839296E+03	 6.17115193634312E-03
 2.01479492629299E+03	 2.22297420344262E-03
 2.01479766419302E+03	-9.89667940308377E-03
 2.01480040209305E+03	-2.53705548129013E-02
 2.01480313999308E+03	-5.15581356997829E-02
 2.01480587789311E+03	-9.87878376621650E-02
 2.01480861579314E+03	-1.66884519914637E-01
 2.01481135369317E+03	-2.39418011662212E-01
 2.01481409159320E+03	-2.90709995253227E-01
 2.01481682949324E+03	-2.98590448430037E-01
 2.01481956739327E+03	-2.52345178332692E-01
 2.01482230529330E+03	-1.53751616730775E-01
 2.01482504319333E+03	-1.71100380978467E-02
 2.01482778109336E+03	 1.29119933772417E-01
 2.01483051899339E+03	 2.44957449537826E-01
 2.01483325689342E+03	 2.91776045345784E-01
 2.01483599479345E+03	 2.51042512544319E-01
 2.01483873269348E+03	 1.35580667987824E-01
 2.01484147059351E+03	-1.64921569138397E-02
 2.01484420849354E+03	-1.61107010071562E-01
 2.01484694639357E+03	-2.66103081330247E-01
 2.01484968429360E+03	-3.16653517015977E-01
 2.01485242219363E+03	-3.11150706073685E-01
 2.01485516009367E+03	-2.57804091109705E-01
 2.01485789799370E+03	-1.75156064508938E-01
 2.01486063589373E+03	-8.97991399315471E-02
 2.01486337379376E+03	-2.64194912919256E-02
 2.01486611169379E+03	 3.99658788287014E-03
 2.01486884959382E+03	 7.34703782371980E-03
 2.01487158749385E+03	-2.23928468502346E-03
 2.01487432539388E+03	-1.57544981942602E-02
 2.01487706329391E+03	-3.64745905571671E-02
 2.01487980119394E+03	-7.49788751921752E-02
 2.01488253909397E+03	-1.36008014113609E-01
 2.01488527699400E+03	-2.08722729249202E-01
 2.01488801489403E+03	-2.69284824973863E-01
 2.01489075279407E+03	-2.92924559813509E-01
 2.01489349069410E+03	-2.64539938806443E-01
 2.01489622859413E+03	-1.81724058585760E-01
 2.01489896649416E+03	-5.42565753702513E-02
 2.01490170439419E+03	 9.46868373536121E-02
 2.01490444229422E+03	 2.28547236804739E-01
 2.01490718019425E+03	 3.06040793359265E-01
 2.01490991809428E+03	 2.98800351573995E-01
 2.01491265599431E+03	 2.07194056665180E-01
 2.01491539389434E+03	 6.14800693721070E-02
 2.01491813179437E+03	-9.36672112293064E-02
 2.01492086969440E+03	-2.19484740437922E-01
 2.01492360759443E+03	-2.94098246066115E-01
 2.01492634549447E+03	-3.11319907412049E-01
 2.01492908339450E+03	-2.76021543255579E-01
 2.01493182129453E+03	-2.03145842554891E-01
 2.01493455919456E+03	-1.16975283917892E-01
 2.01493729709459E+03	-4.39935802744201E-02
 2.01494003499462E+03	-1.03837035501348E-03
 2.01494277289465E+03	 1.16895653188386E-02
 2.01494551079468E+03	 6.22378226370289E-03
 2.01494824869471E+03	-5.57558314760062E-03
 2.01495098659474E+03	-2.23772502285492E-02
 2.01495372449477E+03	-5.31191150556862E-02
 2.01495646239480E+03	-1.05974275001663E-01
 2.01495920029483E+03	-1.75997167109665E-01
 2.01496193819487E+03	-2.42841736521757E-01
 2.01496467609490E+03	-2.80509627670985E-01
 2.01496741399493E+03	-2.69776221053176E-01
 2.01497015189496E+03	-2.03938989535118E-01
 2.01497288979499E+03	-8.86040873669259E-02
 2.01497562769502E+03	 5.80867757997286E-02
 2.01497836559505E+03	 2.04172385903069E-01
 2.01498110349508E+03	 3.08473015471279E-01
 2.01498384139511E+03	 3.35370303775973E-01
 2.01498657929514E+03	 2.72975290912147E-01
 2.01498931719517E+03	 1.41085512843817E-01
 2.01499205509520E+03	-1.84574417536929E-02
 2.01499479299523E+03	-1.62078275365747E-01
 2.01499753089526E+03	-2.60407097011345E-01
 2.01500026879530E+03	-3.01524501701956E-01
 2.01500300669533E+03	-2.86593007808354E-01
 2.01500574459536E+03	-2.27047410500185E-01
 2.01500848249539E+03	-1.44153179498182E-01
 2.01501122039542E+03	-6.45133915227062E-02
 2.01501395829545E+03	-9.49807558723574E-03
 2.01501669619548E+03	 1.42602185584261E-02
 2.01501943409551E+03	 1.48880931122520E-02
 2.01502217199554E+03	 5.31333680272979E-03
 2.01502490989557E+03	-8.75834870163941E-03
 2.01502764779560E+03	-3.31067347357922E-02
 2.01503038569563E+03	-7.74910239231716E-02
 2.01503312359566E+03	-1.42445623487191E-01
 2.01503586149570E+03	-2.12436055530223E-01
 2.01503859939573E+03	-2.61886214331591E-01
 2.01504133729576E+03	-2.68093778827934E-01
 2.01504407519579E+03	-2.19930089875495E-01
 2.01504681309582E+03	-1.18969714782321E-01
 2.01504955099585E+03	 2.12296511853534E-02
 2.01505228889588E+03	 1.73791468165441E-01
 2.01505502679591E+03	 2.99887442627420E-01
 2.01505776469594E+03	 3.59589200527553E-01
 2.01506050259597E+03	 3.30082286108980E-01
 2.01506324049600E+03	 2.19099347944869E-01
 2.01506597839603E+03	 6.22235374949114E-02
 2.01506871629606E+03	-9.48198441245373E-02
 2.01507145419610E+03	-2.15543403001002E-01
 2.01507419209613E+03	-2.81228149207505E-01
 2.01507692999616E+03	-2.88574637894004E-01
 2.01507966789619E+03	-2.45504061290059E-01
 2.01508240579622E+03	-1.69932275326481E-01
 2.01508514369625E+03	-8.72008440945219E-02
 2.01508788159628E+03	-2.16109192785831E-02
 2.01509061949631E+03	 1.41325787525770E-02
 2.01509335739634E+03	 2.29134607913323E-02
 2.01509609529637E+03	 1.67566635625730E-02
 2.01509883319640E+03	 4.80369342281950E-03
 2.01510157109643E+03	-1.46434760491495E-02
 2.01510430899646E+03	-5.09968117595045E-02
 2.01510704689649E+03	-1.09187551549729E-01
 2.01510978479653E+03	-1.79266556598135E-01
 2.01511252269656E+03	-2.37814345693263E-01
 2.01511526059659E+03	-2.59723241908234E-01
 2.01511799849662E+03	-2.29455714521479E-01
 2.01512073639665E+03	-1.44488371077658E-01
 2.01512347429668E+03	-1.42318275454913E-02
 2.01512621219671E+03	 1.39463350921469E-01
 2.01512895009674E+03	 2.81679476884039E-01
 2.01513168799677E+03	 3.71089255210528E-01
 2.01513442589680E+03	 3.76186854485725E-01
 2.01513716379683E+03	 2.92216495036147E-01
 2.01513990169686E+03	 1.45534325265819E-01
 2.01514263959689E+03	-1.92421602791050E-02
 2.01514537749693E+03	-1.59843238966482E-01
 2.01514811539696E+03	-2.50085968293474E-01
 2.01515085329699E+03	-2.81193507154920E-01
 2.01515359119702E+03	-2.57307533556644E-01
 2.01515632909705E+03	-1.92878669718281E-01
 2.01515906699708E+03	-1.10991480451275E-01
 2.01516180489711E+03	-3.72312010747352E-02
 2.01516454279714E+03	 1.05661144221860E-02
 2.01516728069717E+03	 2.93266938464180E-02
 2.01517001859720E+03	 2.82913238087773E-02
 2.01517275649723E+03	 1.85450882104377E-02
 2.01517549439726E+03	 2.67685693044610E-03
 2.01517823229729E+03	-2.66493146125184E-02
 2.01518097019733E+03	-7.71662642439517E-02
 2.01518370809736E+03	-1.44601057891651E-01
 2.01518644599739E+03	-2.09265367664391E-01
 2.01518918389742E+03	-2.45096784553260E-01
 2.01519192179745E+03	-2.32471938697693E-01
 2.01519465969748E+03	-1.64581745327683E-01
 2.01519739759751E+03	-4.69595806570097E-02
 2.01520013549754E+03	 1.03177447497869E-01
 2.01520287339757E+03	 2.55652471341596E-01
 2.01520561129760E+03	 3.70278515292788E-01
 2.01520834919763E+03	 4.09654896635317E-01
 2.01521108709766E+03	 3.57307586109586E-01
 2.01521382499769E+03	 2.28239285850400E-01
 2.01521656289772E+03	 6.24980532713299E-02
 2.01521930079776E+03	-9.41253258686718E-02
 2.01522203869779E+03	-2.08010732773894E-01
 2.01522477659782E+03	-2.63852495475578E-01
 2.01522751449785E+03	-2.61418945279724E-01
 2.01523025239788E+03	-2.11606933716322E-01
 2.01523299029791E+03	-1.34622173000813E-01
 2.01523572819794E+03	-5.58432010840819E-02
 2.01523846609797E+03	 3.10481159072074E-03
 2.01524120399800E+03	 3.31439117728046E-02
 2.01524394189803E+03	 3.91868855829263E-02
 2.01524667979806E+03	 3.24437222144004E-02
 2.01524941769809E+03	 1.92616717171432E-02
 2.01525215559812E+03	-4.35454075654459E-03
 2.01525489349816E+03	-4.70757334577934E-02
 2.01525763139819E+03	-1.09682448091399E-01
 2.01526036929822E+03	-1.77388133147706E-01
 2.01526310719825E+03	-2.24859394317453E-01
 2.01526584509828E+03	-2.29120540471616E-01
 2.01526858299830E+03	-1.78917793745104E-01
 2.01527132089834E+03	-7.59443126379295E-02
 2.01527405879837E+03	 6.67199923890793E-02
 2.01527679669840E+03	 2.23824745066961E-01
 2.01527953459843E+03	 3.58245792749436E-01
 2.01528227249846E+03	 4.29655489478643E-01
 2.01528501039849E+03	 4.11671209236533E-01
 2.01528774829852E+03	 3.06922074260620E-01
 2.01529048619856E+03	 1.47664522236214E-01
 2.01529322409859E+03	-1.97803410434400E-02
 2.01529596199862E+03	-1.55264539329113E-01
 2.01529869989865E+03	-2.36156402371774E-01
 2.01530143779868E+03	-2.56978491373192E-01
 2.01530417569871E+03	-2.24841260173693E-01
 2.01530691359874E+03	-1.56725794456464E-01
 2.01530965149877E+03	-7.66029503263272E-02
 2.01531238939880E+03	-8.35853968425227E-03
 2.01531512729883E+03	 3.34962540919169E-02
 2.01531786519886E+03	 4.85256332356877E-02
 2.01532060309889E+03	 4.61844262276046E-02
 2.01532334099892E+03	 3.54109336030459E-02
 2.01532607889896E+03	 1.61654273263635E-02
 2.01532881679899E+03	-1.93192572985439E-02
 2.01533155469902E+03	-7.56278227478529E-02
 2.01533429259905E+03	-1.43446476902816E-01
 2.01533703049908E+03	-1.99869122444030E-01
 2.01533976839911E+03	-2.19730297375177E-01
 2.01534250629914E+03	-1.87373234465128E-01
 2.01534524419917E+03	-1.00486184800526E-01
 2.01534798209920E+03	 3.15863336539867E-02
 2.01535071999923E+03	 1.88241339639373E-01
 2.01535345789926E+03	 3.36605819604502E-01
 2.01535619579929E+03	 4.36186465390602E-01
 2.01535893369932E+03	 4.53250129801077E-01
 2.01536167159935E+03	 3.78241444778307E-01
 2.01536440949939E+03	 2.33064385357028E-01
 2.01536714739942E+03	 6.11854756335372E-02
 2.01536988529945E+03	-9.25600282330317E-02
 2.01537262319948E+03	-1.97964550816280E-01
 2.01537536109951E+03	-2.43316109124875E-01
 2.01537809899954E+03	-2.31456273560707E-01
 2.01538083689957E+03	-1.75920814793465E-01
 2.01538357479960E+03	-9.84086338588173E-02
 2.01538631269963E+03	-2.35581288066464E-02
 2.01538905059966E+03	 2.97428092153953E-02
 2.01539178849969E+03	 5.53119585221372E-02
 2.01539452639972E+03	 5.91688989331003E-02
 2.01539726429975E+03	 5.12239294983715E-02
 2.01540000219979E+03	 3.52754100788103E-02
 2.01540274009982E+03	 5.99085037871950E-03
 2.01540547799985E+03	-4.33366670472001E-02
 2.01540821589988E+03	-1.08731620858357E-01
 2.01541095379991E+03	-1.71176039432493E-01
 2.01541369169994E+03	-2.04824627920418E-01
 2.01541642959997E+03	-1.90007334563182E-01
 2.01541916750000E+03	-1.20155325982669E-01
 2.01542190540003E+03	-1.05888963739157E-03
 2.01542464330006E+03	 1.50812428656809E-01
 2.01542738120009E+03	 3.07307545061591E-01
 2.01543011910012E+03	 4.30015759143596E-01
 2.01543285700015E+03	 4.80783622983463E-01
 2.01543559490019E+03	 4.39198405091925E-01
 2.01543833280022E+03	 3.15243381835751E-01
 2.01544107070025E+03	 1.46172563896411E-01
 2.01544380860028E+03	-2.11490884957581E-02
 2.01544654650031E+03	-1.49466829694139E-01
 2.01544928440034E+03	-2.19974153594980E-01
 2.01545202230037E+03	-2.30502966315272E-01
 2.01545476020040E+03	-1.90887327709066E-01
 2.01545749810043E+03	-1.19987907456832E-01
 2.01546023600046E+03	-4.18709548318505E-02
 2.01546297390049E+03	 2.15569244904691E-02
 2.01546571180052E+03	 5.85963210068405E-02
 2.01546844970055E+03	 7.05700337987537E-02
 2.01547118760058E+03	 6.65369235607526E-02
 2.01547392550062E+03	 5.33156146614432E-02
 2.01547666340065E+03	 2.89900876994898E-02
 2.01547940130068E+03	-1.34241959565403E-02
 2.01548213920071E+03	-7.44596239203214E-02
 2.01548487710074E+03	-1.39973778051459E-01
 2.01548761500077E+03	-1.85125318075916E-01
 2.01549035290080E+03	-1.87049631308113E-01
 2.01549309080083E+03	-1.34746003335707E-01
 2.01549582870086E+03	-3.03792788335760E-02
 2.01549856660089E+03	 1.13194172239186E-01
 2.01550130450092E+03	 2.72431934916450E-01
 2.01550404240095E+03	 4.12549357762283E-01
 2.01550678030098E+03	 4.93876864671913E-01
 2.01550951820102E+03	 4.87380489810295E-01
 2.01551225610105E+03	 3.90734410827312E-01
 2.01551499400108E+03	 2.32086885150149E-01
 2.01551773190111E+03	 5.71249792575571E-02
 2.01552046980114E+03	-9.12717068262669E-02
 2.01552320770117E+03	-1.86748852800843E-01
 2.01552594560120E+03	-2.21228471553918E-01
 2.01552868350123E+03	-2.00425710416799E-01
 2.01553142140126E+03	-1.39989974526863E-01
 2.01553415930129E+03	-6.23673910924377E-02
 2.01553689720132E+03	 8.97629802854893E-03
 2.01553963510135E+03	 5.75971940403926E-02
 2.01554237300138E+03	 7.94237224486005E-02
 2.01554511090142E+03	 8.09026716122757E-02
 2.01554784880145E+03	 7.04935457330875E-02
 2.01555058670148E+03	 4.99802150725529E-02
 2.01555332460151E+03	 1.38071323325767E-02
 2.01555606250154E+03	-4.16688138031062E-02
 2.01555880040157E+03	-1.07523643488364E-01
 2.01556153830160E+03	-1.61541578368742E-01
 2.01556427620163E+03	-1.78898536085699E-01
 2.01556701410166E+03	-1.44235934742747E-01
 2.01556975200169E+03	-5.58330859241816E-02
 2.01557248990172E+03	 7.67198411618140E-02
 2.01557522780175E+03	 2.34004976650135E-01
 2.01557796570178E+03	 3.85646300505290E-01
 2.01558070360182E+03	 4.92980065950415E-01
 2.01558344150185E+03	 5.21151074299733E-01
 2.01558617940188E+03	 4.56330550703054E-01
 2.01558891730191E+03	 3.15513879125181E-01
 2.01559165520194E+03	 1.39832958934916E-01
 2.01559439310197E+03	-2.44880856953707E-02
 2.01559713100200E+03	-1.43750812277115E-01
 2.01559986890203E+03	-2.03099022850689E-01
 2.01560260680206E+03	-2.03498930826876E-01
 2.01560534470209E+03	-1.57071948600221E-01
 2.01560808260212E+03	-8.38871625119708E-02
 2.01561082050215E+03	-7.58733723387001E-03
 2.01561355840218E+03	 5.18050846604651E-02
 2.01561629630221E+03	 8.47456205662463E-02
 2.01561903420225E+03	 9.36163648937994E-02
 2.01562177210228E+03	 8.67973555815166E-02
 2.01562451000231E+03	 6.93214293270021E-02
 2.01562724790234E+03	 3.83507947568102E-02
 2.01562998580237E+03	-1.11341973214943E-02
 2.01563272370240E+03	-7.50579989416343E-02
 2.01563546160243E+03	-1.35136114190602E-01
 2.01563819950246E+03	-1.66123250278043E-01
 2.01564093740249E+03	-1.48757753247465E-01
 2.01564367530252E+03	-7.71225480684243E-02
 2.01564641320255E+03	 4.23806420055354E-02
 2.01564915110258E+03	 1.93847132561646E-01
 2.01565188900261E+03	 3.51407379656218E-01
 2.01565462690265E+03	 4.79282774372042E-01
 2.01565736480268E+03	 5.39758959242884E-01
 2.01566010270271E+03	 5.09348001459299E-01
 2.01566284060274E+03	 3.92953119893425E-01
 2.01566557850277E+03	 2.24036482611482E-01
 2.01566831640280E+03	 4.92204531295569E-02
 2.01567105430283E+03	-9.14775009931574E-02
 2.01567379220286E+03	-1.75833326133865E-01
 2.01567653010289E+03	-1.99263380300253E-01
 2.01567926800292E+03	-1.69972332853235E-01
 2.01568200590295E+03	-1.05129254884854E-01
 2.01568474380298E+03	-2.73774433814712E-02
 2.01568748170301E+03	 4.10557265017687E-02
 2.01569021960305E+03	 8.56567597251726E-02
 2.01569295750308E+03	 1.03785366870427E-01
 2.01569569540311E+03	 1.01945639978849E-01
 2.01569843330314E+03	 8.73154604745105E-02
 2.01570117120317E+03	 6.04345579411552E-02
 2.01570390910320E+03	 1.66854364017936E-02
 2.01570664700323E+03	-4.36755239332425E-02
 2.01570938490326E+03	-1.07064763638325E-01
 2.01571212280329E+03	-1.49459144365693E-01
 2.01571486070332E+03	-1.48584130288565E-01
 2.01571759860335E+03	-9.41400768495053E-02
 2.01572033650338E+03	 1.08482825740875E-02
 2.01572307440341E+03	 1.53473133122982E-01
 2.01572581230344E+03	 3.11966119262898E-01
 2.01572855020348E+03	 4.54540448505255E-01
 2.01573128810351E+03	 5.43354689721579E-01
 2.01573402600354E+03	 5.47844255636639E-01
 2.01573676390357E+03	 4.61087973491847E-01
 2.01573950180360E+03	 3.06438740342501E-01
 2.01574223970363E+03	 1.27629523278251E-01
 2.01574497760366E+03	-3.08841060870659E-02
 2.01574771550369E+03	-1.39449108526157E-01
 2.01575045340372E+03	-1.87095185681644E-01
 2.01575319130375E+03	-1.77568597289125E-01
 2.01575592920378E+03	-1.24744188860053E-01
 2.01575866710381E+03	-4.93542854668261E-02
 2.01576140500384E+03	 2.55643456102202E-02
 2.01576414290388E+03	 8.15008190921966E-02
 2.01576688080391E+03	 1.10433306187177E-01
 2.01576961870394E+03	 1.15383066171731E-01
 2.01577235660397E+03	 1.04098994110107E-01
 2.01577509450400E+03	 8.04224352036111E-02
 2.01577783240403E+03	 4.16565308751398E-02
 2.01578057030406E+03	-1.42446635557821E-02
 2.01578330820409E+03	-7.84925329992537E-02
 2.01578604610412E+03	-1.29787203263181E-01
 2.01578878400415E+03	-1.44122789823197E-01
 2.01579152190418E+03	-1.06922413987259E-01
 2.01579425980421E+03	-1.74738978057332E-02
 2.01579699770424E+03	 1.14047109019237E-01
 2.01579973560428E+03	 2.69308118896496E-01
 2.01580247350431E+03	 4.20859170316704E-01
 2.01580521140434E+03	 5.32913421665668E-01
 2.01580794930437E+03	 5.70762264921127E-01
 2.01581068720440E+03	 5.17057021350221E-01
 2.01581342510443E+03	 3.83599344505104E-01
 2.01581616300446E+03	 2.08011020763199E-01
 2.01581890090449E+03	 3.65650644621835E-02
 2.01582163880452E+03	-9.43197725692577E-02
 2.01582437670455E+03	-1.66618779614609E-01
 2.01582711460458E+03	-1.78919903956496E-01
 2.01582985250461E+03	-1.41418927756959E-01
 2.01583259040464E+03	-7.22787535657101E-02
 2.01583532830467E+03	 5.91866661297442E-03
 2.01583806620471E+03	 7.19374583776667E-02
 2.01584080410474E+03	 1.12623824621613E-01
 2.01584354200477E+03	 1.26323953648733E-01
 2.01584627990480E+03	 1.19565673923766E-01
 2.01584901780483E+03	 9.86954323869243E-02
 2.01585175570486E+03	 6.39317240251703E-02
 2.01585449360489E+03	 1.26677805861428E-02
 2.01585723150492E+03	-5.04951857243571E-02
 2.01585996940495E+03	-1.08091267437179E-01
 2.01586270730498E+03	-1.35913777023118E-01
 2.01586544520501E+03	-1.15619119330054E-01
 2.01586818310504E+03	-4.23867033010355E-02
 2.01587092100507E+03	 7.63891793068017E-02
 2.01587365890511E+03	 2.25138525221266E-01
 2.01587639680514E+03	 3.80468891540345E-01
 2.01587913470517E+03	 5.10077384787431E-01
 2.01588187260520E+03	 5.77981590522126E-01
 2.01588461050523E+03	 5.58691674648218E-01
 2.01588734840526E+03	 4.52191789162501E-01
 2.01589008630529E+03	 2.87259438087958E-01
 2.01589282420532E+03	 1.08883181641887E-01
 2.01589556210535E+03	-4.12321762861947E-02
 2.01589830000538E+03	-1.37742108419317E-01
 2.01590103790541E+03	-1.73299137132070E-01
 2.01590377580544E+03	-1.53947945742327E-01
 2.01590651370547E+03	-9.48065263258141E-02
 2.01590925160551E+03	-1.69659013202131E-02
 2.01591198950554E+03	 5.70000219058287E-02
 2.01591472740557E+03	 1.09586409427534E-01
 2.01591746530560E+03	 1.33838271049401E-01
 2.01592020320563E+03	 1.33330597317217E-01
 2.01592294110566E+03	 1.15530544868817E-01
 2.01592567900569E+03	 8.38668279402148E-02
 2.01592841690572E+03	 3.68287303896667E-02
 2.01593115480575E+03	-2.39605094176099E-02
 2.01593389270578E+03	-8.53919493076716E-02
 2.01593663060581E+03	-1.24619740309343E-01
 2.01593936850584E+03	-1.20476208579479E-01
 2.01594210640587E+03	-6.38324296870328E-02
 2.01594484430591E+03	 4.10222208928440E-02
 2.01594758220594E+03	 1.80808457678693E-01
 2.01595032010597E+03	 3.35515292383085E-01
 2.01595305800600E+03	 4.76941977549085E-01
 2.01595579590603E+03	 5.70270829390013E-01
 2.01595853380606E+03	 5.84687821240972E-01
 2.01596127170609E+03	 5.09273069197441E-01
 2.01596400960612E+03	 3.62082117377946E-01
 2.01596674750615E+03	 1.83600809268757E-01
 2.01596948540618E+03	 1.85680249741645E-02
 2.01597222330621E+03	-1.00698752782252E-01
 2.01597496120624E+03	-1.60219866829863E-01
 2.01597769910627E+03	-1.61287912773584E-01
 2.01598043700630E+03	-1.15581067171683E-01
 2.01598317490634E+03	-4.19206129522555E-02
 2.01598591280637E+03	 3.71114628847934E-02
 2.01598865070640E+03	 1.00826693329317E-01
 2.01599138860643E+03	 1.36967776969707E-01
 2.01599412650646E+03	 1.44744427120439E-01
 2.01599686440649E+03	 1.30998412527954E-01
 2.01599960230652E+03	 1.01905824628902E-01
 2.01600234020655E+03	 5.83231852553747E-02
 2.01600507810658E+03	 4.94172078302749E-04
 2.01600781600661E+03	-6.26621788635518E-02
 2.01601055390664E+03	-1.11001010281249E-01
 2.01601329180667E+03	-1.21830643338278E-01
 2.01601602970670E+03	-8.18449488936002E-02
 2.01601876760674E+03	 8.24280086449394E-03
 2.01602150550677E+03	 1.37301217061298E-01
 2.01602424340680E+03	 2.87895404415458E-01
 2.01602698130683E+03	 4.35816523996917E-01
 2.01602971920686E+03	 5.49149791435012E-01
 2.01603245710689E+03	 5.94688054254280E-01
 2.01603519500692E+03	 5.52530764280377E-01
 2.01603793290695E+03	 4.29236651492149E-01
 2.01604067080698E+03	 2.57867523622248E-01
 2.01604340870701E+03	 8.33590993140867E-02
 2.01604614660704E+03	-5.60923531832358E-02
 2.01604888450707E+03	-1.39463397667662E-01
 2.01605162240710E+03	-1.62597199650315E-01
 2.01605436030714E+03	-1.33316157787191E-01
 2.01605709820717E+03	-6.76157978421962E-02
 2.01605983610720E+03	 1.30585341361429E-02
 2.01606257400723E+03	 8.62063250209034E-02
 2.01606531190726E+03	 1.34855355056209E-01
 2.01606804980729E+03	 1.52956193714382E-01
 2.01607078770732E+03	 1.44897421993901E-01
 2.01607352560735E+03	 1.18451978413653E-01
 2.01607626350738E+03	 7.74902805626747E-02
 2.01607900140741E+03	 2.25724439208860E-02
 2.01608173930744E+03	-4.07349956360495E-02
 2.01608447720747E+03	-9.58707139690353E-02
 2.01608721510750E+03	-1.20107810545355E-01
 2.01608995300753E+03	-9.65183718467333E-02
 2.01609269090757E+03	-2.18011831279764E-02
 2.01609542880760E+03	 9.52698268819071E-02
 2.01609816670763E+03	 2.39153589845541E-01
 2.01610090460766E+03	 3.88992686847250E-01
 2.01610364250769E+03	 5.16682627088165E-01
 2.01610638040772E+03	 5.89263640880915E-01
 2.01610911830775E+03	 5.80474181162388E-01
 2.01611185620778E+03	 4.85789059780949E-01
 2.01611459410781E+03	 3.28614074400224E-01
 2.01611733200784E+03	 1.50968432475407E-01
 2.01612006990787E+03	-4.93422364817131E-03
 2.01612280780790E+03	-1.11108743093332E-01
 2.01612554570793E+03	-1.57264171918757E-01
 2.01612828360797E+03	-1.46862187767814E-01
 2.01613102150800E+03	-9.26587883918252E-02
 2.01613375940803E+03	-1.40698825209004E-02
 2.01613649730806E+03	 6.59824695910780E-02
 2.01613923520809E+03	 1.26868732488750E-01
 2.01614197310812E+03	 1.57015961298849E-01
 2.01614471100815E+03	 1.56736294405400E-01
 2.01614744890818E+03	 1.33746253065504E-01
 2.01615018680821E+03	 9.48189224369747E-02
 2.01615292470824E+03	 4.23054436380082E-02
 2.01615566260827E+03	-2.02181619989944E-02
 2.01615840050830E+03	-8.00303168623171E-02
 2.01616113840833E+03	-1.15812881622554E-01
 2.01616387630837E+03	-1.07994190914125E-01
 2.01616661420840E+03	-4.90417474040424E-02
 2.01616935210843E+03	 5.51103572513494E-02
 2.01617209000846E+03	 1.90443842544237E-01
 2.01617482790849E+03	 3.38550295423119E-01
 2.01617756580852E+03	 4.75232301754271E-01
 2.01618030370855E+03	 5.69799819535895E-01
 2.01618304160858E+03	 5.92542942916753E-01
 2.01618577950861E+03	 5.29360564757180E-01
 2.01618851740864E+03	 3.92763358341693E-01
 2.01619125530867E+03	 2.18849996953165E-01
 2.01619399320870E+03	 5.13379436826677E-02
 2.01619673110873E+03	-7.55647507748430E-02
 2.01619946900876E+03	-1.44929448643203E-01
 2.01620220690880E+03	-1.55254450279346E-01
 2.01620494480883E+03	-1.15685870751104E-01
 2.01620768270886E+03	-4.29699311259772E-02
 2.01621042060889E+03	 4.08032949336821E-02
 2.01621315850892E+03	 1.12700978955102E-01
 2.01621589640895E+03	 1.56002147245400E-01
 2.01621863430898E+03	 1.65769318840078E-01
 2.01622137220901E+03	 1.47773658447656E-01
 2.01622411010904E+03	 1.10818343055669E-01
 2.01622684800907E+03	 6.00096437420093E-02
 2.01622958590910E+03	-1.43142986242884E-03
 2.01623232380913E+03	-6.41917172764822E-02
 2.01623506170916E+03	-1.09508285826006E-01
 2.01623779960920E+03	-1.16461525097815E-01
 2.01624053750923E+03	-7.34419041118234E-02
 2.01624327540926E+03	 1.70516935177189E-02
 2.01624601330929E+03	 1.42553537886246E-01
 2.01624875120932E+03	 2.86222613885934E-01
 2.01625148910935E+03	 4.27211043502224E-01
 2.01625422700938E+03	 5.38301872994964E-01
 2.01625696490941E+03	 5.89117695338639E-01
 2.01625970280944E+03	 5.58330012760050E-01
 2.01626244070947E+03	 4.47468826162886E-01
 2.01626517860950E+03	 2.84216462794186E-01
 2.01626791650953E+03	 1.10872926345995E-01
 2.01627065440956E+03	-3.35995457181665E-02
 2.01627339230960E+03	-1.25506711756373E-01
 2.01627613020963E+03	-1.57745403360365E-01
 2.01627886810966E+03	-1.35439635421712E-01
 2.01628160600969E+03	-7.22225398706361E-02
 2.01628434390972E+03	 1.16623402127047E-02
 2.01628708180975E+03	 9.24341738264001E-02
 2.01628981970978E+03	 1.49154491481914E-01
 2.01629255760981E+03	 1.71079774837697E-01
 2.01629529550984E+03	 1.60213974256109E-01
 2.01629803340987E+03	 1.25883986422154E-01
 2.01630077130990E+03	 7.61989186612213E-02
 2.01630350920993E+03	 1.56196250519395E-02
 2.01630624710996E+03	-4.88970423236907E-02
 2.01630898501000E+03	-1.01773184382595E-01
 2.01631172291003E+03	-1.22161583567924E-01
 2.01631446081006E+03	-9.49712385072989E-02
 2.01631719871009E+03	-1.87576138843235E-02
 2.01631993661012E+03	 9.59745426707239E-02
 2.01632267451015E+03	 2.33332288910971E-01
 2.01632541241018E+03	 3.74860075792743E-01
 2.01632815031021E+03	 4.97150425294997E-01
 2.01633088821024E+03	 5.71431543600052E-01
 2.01633362611027E+03	 5.71963584546357E-01
 2.01633636401030E+03	 4.90352068101016E-01
 2.01633910191033E+03	 3.44219237878457E-01
 2.01634183981036E+03	 1.71460663978020E-01
 2.01634457771039E+03	 1.36410308531708E-02
 2.01634731561043E+03	-9.92044214371340E-02
 2.01635005351046E+03	-1.53825452392389E-01
 2.01635279141049E+03	-1.50827113980607E-01
 2.01635552931052E+03	-1.00392711408050E-01
 2.01635826721055E+03	-2.01796613142225E-02
 2.01636100511058E+03	 6.65586401912945E-02
 2.01636374301061E+03	 1.35993072193713E-01
 2.01636648091064E+03	 1.71699245949777E-01
 2.01636921881067E+03	 1.70446217391874E-01
 2.01637195671070E+03	 1.40180781731454E-01
 2.01637469461073E+03	 9.14622488575844E-02
 2.01637743251076E+03	 3.12242291429882E-02
 2.01638017041079E+03	-3.44504180451057E-02
 2.01638290831083E+03	-9.31460014411655E-02
 2.01638564621086E+03	-1.25386467659563E-01
 2.01638838411089E+03	-1.13604004833036E-01
 2.01639112201092E+03	-5.21812674648559E-02
 2.01639385991095E+03	 5.10014917581607E-02
 2.01639659781098E+03	 1.80797291556357E-01
 2.01639933571101E+03	 3.20085459489429E-01
 2.01640207361104E+03	 4.48840772404888E-01
 2.01640481151107E+03	 5.41395135361960E-01
 2.01640754941110E+03	 5.70452840747932E-01
 2.01641028731113E+03	 5.19708656547126E-01
 2.01641302521116E+03	 3.96160600619041E-01
 2.01641576311119E+03	 2.30633955982265E-01
 2.01641850101123E+03	 6.46362573232811E-02
 2.01642123891126E+03	-6.65474672938755E-02
 2.01642397681129E+03	-1.43237791456688E-01
 2.01642671471132E+03	-1.60958389332178E-01
 2.01642945261135E+03	-1.26117280739717E-01
 2.01643219051138E+03	-5.32930351567403E-02
 2.01643492841141E+03	 3.59470859035604E-02
 2.01643766631144E+03	 1.16406376585975E-01
 2.01644040421147E+03	 1.66744815152689E-01
 2.01644314211150E+03	 1.77607473071988E-01
 2.01644588001153E+03	 1.53563702742105E-01
 2.01644861791156E+03	 1.06325073716835E-01
 2.01645135581159E+03	 4.58997187716936E-02
 2.01645409371162E+03	-2.08763594684147E-02
 2.01645683161166E+03	-8.40566185753231E-02
 2.01645956951169E+03	-1.26464130833659E-01
 2.01646230741172E+03	-1.29332181411223E-01
 2.01646504531175E+03	-8.30555594173720E-02
 2.01646778321178E+03	 7.83494098195815E-03
 2.01647052111181E+03	 1.29195157397332E-01
 2.01647325901184E+03	 2.64366447915748E-01
 2.01647599691187E+03	 3.95741810638928E-01
 2.01647873481190E+03	 5.01360591661209E-01
 2.01648147271193E+03	 5.54854886287404E-01
 2.01648421061196E+03	 5.34653602988973E-01
 2.01648694851199E+03	 4.37714643793283E-01
 2.01648968641202E+03	 2.85815113988404E-01
 2.01649242431206E+03	 1.17524616897120E-01
 2.01649516221209E+03	-2.83941660469104E-02
 2.01649790011212E+03	-1.25992015011023E-01
 2.01650063801215E+03	-1.65169068586500E-01
 2.01650337591218E+03	-1.48173774254619E-01
 2.01650611381221E+03	-8.61834781410873E-02
 2.01650885171224E+03	 1.78964602178788E-03
 2.01651158961227E+03	 9.06967159531082E-02
 2.01651432751230E+03	 1.55553503499032E-01
 2.01651706541233E+03	 1.80697841958618E-01
 2.01651980331236E+03	 1.65549861213731E-01
 2.01652254121239E+03	 1.21116110054333E-01
 2.01652527911242E+03	 6.02839419693718E-02
 2.01652801701246E+03	-7.91672849923632E-03
 2.01653075491249E+03	-7.47594914604543E-02
 2.01653349281252E+03	-1.25725356832212E-01
 2.01653623071255E+03	-1.42182531394256E-01
 2.01653896861258E+03	-1.11180232221647E-01
 2.01654170651261E+03	-3.33308280641507E-02
 2.01654444441264E+03	 7.88655626935859E-02
 2.01654718231267E+03	 2.08740277479711E-01
 2.01654992021270E+03	 3.39905271713567E-01
 2.01655265811273E+03	 4.53857728574325E-01
 2.01655539601276E+03	 5.26942449383677E-01
 2.01655813391279E+03	 5.35184872617978E-01
 2.01656087181282E+03	 4.67129503941637E-01
 2.01656360971285E+03	 3.34497421779823E-01
 2.01656634761289E+03	 1.70176260220869E-01
 2.01656908551292E+03	 1.40589322673517E-02
 2.01657182341295E+03	-1.02378805951217E-01
 2.01657456131298E+03	-1.63032359659824E-01
 2.01657729921301E+03	-1.65527581977460E-01
 2.01658003711304E+03	-1.17389348888505E-01
 2.01658277501307E+03	-3.44989348310138E-02
 2.01658551291310E+03	 5.95782246881787E-02
 2.01658825081313E+03	 1.37794149951110E-01
 2.01659098871316E+03	 1.78715814635258E-01
 2.01659372661319E+03	 1.75348200282170E-01
 2.01659646451322E+03	 1.35861602699638E-01
 2.01659920241325E+03	 7.50008424332392E-02
 2.01660194031329E+03	 4.92727151162871E-03
 2.01660467821332E+03	-6.52815796325879E-02
 2.01660741611335E+03	-1.23454105728555E-01
 2.01661015401338E+03	-1.52226194251179E-01
 2.01661289191341E+03	-1.36334623088179E-01
 2.01661562981344E+03	-7.22499376049756E-02
 2.01661836771347E+03	 3.00270463793077E-02
 2.01662110561350E+03	 1.53854949191159E-01
 2.01662384351353E+03	 2.82946463155818E-01
 2.01662658141356E+03	 4.01338885204229E-01
 2.01662931931359E+03	 4.88984631017852E-01
 2.01663205721362E+03	 5.22154294266962E-01
 2.01663479511365E+03	 4.83383332580442E-01
 2.01663753301369E+03	 3.74443748405840E-01
 2.01664027091372E+03	 2.20305858792686E-01
 2.01664300881375E+03	 5.92934014545580E-02
 2.01664574671378E+03	-7.29846038310478E-02
 2.01664848461381E+03	-1.54367030123726E-01
 2.01665122251384E+03	-1.77359164157025E-01
 2.01665396041387E+03	-1.45561949036078E-01
 2.01665669831390E+03	-7.13857400469405E-02
 2.01665943621393E+03	 2.41300408712443E-02
 2.01666217411396E+03	 1.13540989029170E-01
 2.01666491201399E+03	 1.70803647660380E-01
 2.01666764991402E+03	 1.81943566932056E-01
 2.01667038781405E+03	 1.50225328900094E-01
 2.01667312571409E+03	 9.05190026629333E-02
 2.01667586361412E+03	 1.83089711804490E-02
 2.01667860151415E+03	-5.53988078329555E-02
 2.01668133941418E+03	-1.19828304854611E-01
 2.01668407731421E+03	-1.59571772731918E-01
 2.01668681521424E+03	-1.58308188732784E-01
 2.01668955311427E+03	-1.08603588249645E-01
 2.01669229101430E+03	-1.71159569422576E-02
 2.01669502891433E+03	 1.00071394396771E-01
 2.01669776681436E+03	 2.26005270880553E-01
 2.01670050471439E+03	 3.45965783701957E-01
 2.01670324261442E+03	 4.43488833388867E-01
 2.01670598051445E+03	 4.97148195349155E-01
 2.01670871841448E+03	 4.86270972111599E-01
 2.01671145631452E+03	 4.03879238151523E-01
 2.01671419421455E+03	 2.65621153690933E-01
 2.01671693211458E+03	 1.05514733078001E-01
 2.01671967001461E+03	-3.87016005794683E-02
 2.01672240791464E+03	-1.39246173634582E-01
 2.01672514581467E+03	-1.83076532400698E-01
 2.01672788371470E+03	-1.69523346097403E-01
 2.01673062161473E+03	-1.07325135343755E-01
 2.01673335951476E+03	-1.42862520464285E-02
 2.01673609741479E+03	 8.32996556183929E-02
 2.01673883531482E+03	 1.56381050079403E-01
 2.01674157321485E+03	 1.84223173391314E-01
 2.01674431111488E+03	 1.63505800609757E-01
 2.01674704901492E+03	 1.07025473021033E-01
 2.01674978691495E+03	 3.29148802742821E-02
 2.01675252481498E+03	-4.46515860441520E-02
 2.01675526271501E+03	-1.14862808728508E-01
 2.01675800061504E+03	-1.64337753290264E-01
 2.01676073851507E+03	-1.76931654034506E-01
 2.01676347641510E+03	-1.42013204162499E-01
 2.01676621431513E+03	-6.22949520071043E-02
 2.01676895221516E+03	 4.75901042143013E-02
 2.01677169011519E+03	 1.69782991498695E-01
 2.01677442801522E+03	 2.89463788662792E-01
 2.01677716591525E+03	 3.92939306207059E-01
 2.01677990381528E+03	 4.62293064041292E-01
 2.01678264171532E+03	 4.76406834429208E-01
 2.01678537961535E+03	 4.21652856081222E-01
 2.01678811751538E+03	 3.03995418227928E-01
 2.01679085541541E+03	 1.50732826335884E-01
 2.01679359331544E+03	-7.25634214251493E-04
 2.01679633121547E+03	-1.18008799676917E-01
 2.01679906911550E+03	-1.82320073203138E-01
 2.01680180701553E+03	-1.88301313693781E-01
 2.01680454491556E+03	-1.40850817949279E-01
 2.01680728281559E+03	-5.41313224733389E-02
 2.01681002071562E+03	 4.79840212686862E-02
 2.01681275861565E+03	 1.35247828452419E-01
 2.01681549651568E+03	 1.81126728716639E-01
 2.01681823441571E+03	 1.74693155799822E-01
 2.01682097231575E+03	 1.24336011825021E-01
 2.01682371021578E+03	 4.93240888034397E-02
 2.01682644811581E+03	-3.24040829828962E-02
 2.01682918601584E+03	-1.08368672896922E-01
 2.01683192391587E+03	-1.66606353760149E-01
 2.01683466181590E+03	-1.92095542304893E-01
 2.01683739971593E+03	-1.72078314423433E-01
 2.01684013761596E+03	-1.05139365941095E-01
 2.01684287551599E+03	-3.42423443456030E-03
 2.01684561341602E+03	 1.14638879772880E-01
 2.01684835131605E+03	 2.33057173185145E-01
 2.01685108921608E+03	 3.39567074711526E-01
 2.01685382711611E+03	 4.20012333569277E-01
 2.01685656501615E+03	 4.55140793624838E-01
 2.01685930291618E+03	 4.27344435297620E-01
 2.01686204081621E+03	 3.33645888480370E-01
 2.01686477871624E+03	 1.92877397911920E-01
 2.01686751661627E+03	 3.94666137519563E-02
 2.01687025451630E+03	-9.12724897338213E-02
 2.01687299241633E+03	-1.74966565999840E-01
 2.01687573031636E+03	-2.01145440346754E-01
 2.01687846821639E+03	-1.70646199413521E-01
 2.01688120611642E+03	-9.37994468093047E-02
 2.01688394401645E+03	 8.84976162092197E-03
 2.01688668191648E+03	 1.07641567389415E-01
 2.01688941981651E+03	 1.71797969353392E-01
 2.01689215771655E+03	 1.82578745894944E-01
 2.01689489561658E+03	 1.41858005385955E-01
 2.01689763351661E+03	 6.78692270320355E-02
 2.01690037141664E+03	-1.79444264120277E-02
 2.01690310931667E+03	-9.99423414871084E-02
 2.01690584721670E+03	-1.66367156937833E-01
 2.01690858511673E+03	-2.03746606365097E-01
 2.01691132301676E+03	-1.98424310824888E-01
 2.01691406091679E+03	-1.45180433495903E-01
 2.01691679881682E+03	-5.27432625692409E-02
 2.01691953671685E+03	 6.07220493135565E-02
 2.01692227461688E+03	 1.77485607488022E-01
 2.01692501251691E+03	 2.85179912699077E-01
 2.01692775041694E+03	 3.72767187784515E-01
 2.01693048831698E+03	 4.24396212204675E-01
 2.01693322621701E+03	 4.21299684246598E-01
 2.01693596411704E+03	 3.53296291239183E-01
 2.01693870201707E+03	 2.29942248085232E-01
 2.01694143991710E+03	 8.01687225547696E-02
 2.01694417781713E+03	-5.99416504531171E-02
 2.01694691571716E+03	-1.61137070472971E-01
 2.01694965361719E+03	-2.07531487121935E-01
 2.01695239151722E+03	-1.95590087563202E-01
 2.01695512941725E+03	-1.31721984408715E-01
 2.01695786731728E+03	-3.26034262551195E-02
 2.01696060521731E+03	 7.42438920992192E-02
 2.01696334311734E+03	 1.55715493573658E-01
 2.01696608101738E+03	 1.85902055097656E-01
 2.01696881891741E+03	 1.58614543976707E-01
 2.01697155681744E+03	 8.85212847510356E-02
 2.01697429471747E+03	-6.15134962132488E-04
 2.01697703261750E+03	-8.89946788157164E-02
 2.01697977051753E+03	-1.63463735103564E-01
 2.01698250841756E+03	-2.11858895516189E-01
 2.01698524631759E+03	-2.20743633156871E-01
 2.01698798421762E+03	-1.81889476223825E-01
 2.01699072211765E+03	-1.00016488815647E-01
 2.01699346001768E+03	 8.11083334545827E-03
 2.01699619791771E+03	 1.23089364653580E-01
 2.01699893581774E+03	 2.31070605004384E-01
 2.01700167371778E+03	 3.22815964020259E-01
 2.01700441161781E+03	 3.86450507774430E-01
 2.01700714951784E+03	 4.04584716660171E-01
 2.01700988741787E+03	 3.62300893517414E-01
 2.01701262531790E+03	 2.60145893686082E-01
 2.01701536321793E+03	 1.19528280724557E-01
 2.01701810111796E+03	-2.52032119429777E-02
 2.01702083901799E+03	-1.41209726819852E-01
 2.01702357691802E+03	-2.07162057051540E-01
 2.01702631481805E+03	-2.14779835600339E-01
 2.01702905271808E+03	-1.66451835431438E-01
 2.01703179061811E+03	-7.47454699458202E-02
 2.01703452851814E+03	 3.61369910171439E-02
 2.01703726641818E+03	 1.32784583701330E-01
 2.01704000431821E+03	 1.83513762466591E-01
 2.01704274221824E+03	 1.73328725065449E-01
 2.01704548011827E+03	 1.10818331104953E-01
 2.01704821801830E+03	 2.00436309370879E-02
 2.01705095591833E+03	-7.48234578014660E-02
 2.01705369381836E+03	-1.57558702627763E-01
 2.01705643171839E+03	-2.16383550885724E-01
 2.01705916961842E+03	-2.38816184205062E-01
 2.01706190751845E+03	-2.14735875938909E-01
 2.01706464541848E+03	-1.44759887472535E-01
 2.01706738331851E+03	-4.30666933081141E-02
 2.01707012121854E+03	 6.99408159386245E-02
 2.01707285911857E+03	 1.78008833083467E-01
 2.01707559701861E+03	 2.72023012835176E-01
 2.01707833491864E+03	 3.43687031424058E-01
 2.01708107281867E+03	 3.78862675019482E-01
 2.01708381071870E+03	 3.60710481738806E-01
 2.01708654861873E+03	 2.82090785189212E-01
 2.01708928651876E+03	 1.55662459661386E-01
 2.01709202441879E+03	 1.14992187924474E-02
 2.01709476231882E+03	-1.15834274622647E-01
 2.01709750021885E+03	-1.99970404097922E-01
 2.01710023811888E+03	-2.27538249162100E-01
 2.01710297601891E+03	-1.96722816739226E-01
 2.01710571391894E+03	-1.15929313330873E-01
 2.01710845181897E+03	-5.28057325071000E-03
 2.01711118971901E+03	 1.03378316181375E-01
 2.01711392761904E+03	 1.74531457796017E-01
 2.01711666551907E+03	 1.84557823367363E-01
 2.01711940341910E+03	 1.33852384080803E-01
 2.01712214131913E+03	 4.41596167184869E-02
 2.01712487921916E+03	-5.67250011267235E-02
 2.01712761711919E+03	-1.48131542751561E-01
 2.01713035501922E+03	-2.17188328288551E-01
 2.01713309291925E+03	-2.52500404273911E-01
 2.01713583081928E+03	-2.43246316719099E-01
 2.01713856871931E+03	-1.86387222027514E-01
 2.01714130661934E+03	-9.25511154875770E-02
 2.01714404451937E+03	 1.79942514276339E-02
 2.01714678241941E+03	 1.26308837556880E-01
 2.01714952031944E+03	 2.21739435388433E-01
 2.01715225821947E+03	 2.98351053587265E-01
 2.01715499611950E+03	 3.46206199452342E-01
 2.01715773401953E+03	 3.49267168799291E-01
 2.01716047191956E+03	 2.94900347842741E-01
 2.01716320981959E+03	 1.86798353346444E-01
 2.01716594771962E+03	 4.85202556689207E-02
 2.01716868561965E+03	-8.59412766494130E-02
 2.01717142351968E+03	-1.86131052040492E-01
 2.01717416141971E+03	-2.33412763079397E-01
 2.01717689931974E+03	-2.21483539976898E-01
 2.01717963721977E+03	-1.54590168213887E-01
 2.01718237511980E+03	-4.84044114841161E-02
 2.01718511301984E+03	 6.83244768216520E-02
 2.01718785091987E+03	 1.58466066424844E-01
 2.01719058881990E+03	 1.90859134295659E-01
 2.01719332671993E+03	 1.56320240521832E-01
 2.01719606461996E+03	 7.14251767001455E-02
 2.01719880251999E+03	-3.41325960883276E-02
 2.01720154042002E+03	-1.34519078587371E-01
 2.01720427832005E+03	-2.14002743808866E-01
 2.01720701622008E+03	-2.61694286412942E-01
 2.01720975412011E+03	-2.67047327694524E-01
 2.01721249202014E+03	-2.24270835856127E-01
 2.01721522992017E+03	-1.39919574030646E-01
 2.01721796782020E+03	-3.27743147457221E-02
 2.01722070572024E+03	 7.59537788943751E-02
 2.01722344362027E+03	 1.72766394540279E-01
 2.01722618152030E+03	 2.52341628566580E-01
 2.01722891942033E+03	 3.08868996412540E-01
 2.01723165732036E+03	 3.29324094847470E-01
 2.01723439522039E+03	 2.98313279249875E-01
 2.01723713312042E+03	 2.11424856905751E-01
 2.01723987102045E+03	 8.41003766885405E-02
 2.01724260892048E+03	-5.27366345281214E-02
 2.01724534682051E+03	-1.66076529585486E-01
 2.01724808472054E+03	-2.32175296157286E-01
 2.01725082262057E+03	-2.39910442245319E-01
 2.01725356052060E+03	-1.89321226278134E-01
 2.01725629842064E+03	-9.15443788969755E-02
 2.01725903632067E+03	 2.88431085240110E-02
 2.01726177422070E+03	 1.35302080788969E-01
 2.01726451212073E+03	 1.90964397742242E-01
 2.01726725002076E+03	 1.76634375132895E-01
 2.01726998792079E+03	 1.01044405553948E-01
 2.01727272582082E+03	-6.76263570420766E-03
 2.01727546372085E+03	-1.16001229678602E-01
 2.01727820162088E+03	-2.06386408545182E-01
 2.01728093952091E+03	-2.66274055578121E-01
 2.01728367742094E+03	-2.85877703575625E-01
 2.01728641532097E+03	-2.57812888291726E-01
 2.01728915322100E+03	-1.84602806429262E-01
 2.01729189112103E+03	-8.22610616286460E-02
 2.01729462902107E+03	 2.67502763306065E-02
 2.01729736692110E+03	 1.25398725360419E-01
 2.01730010482113E+03	 2.07065193240931E-01
 2.01730284272116E+03	 2.69045961191491E-01
 2.01730558062119E+03	 3.02696563850445E-01
 2.01730831852122E+03	 2.92718229715322E-01
 2.01731105642125E+03	 2.28438025148071E-01
 2.01731379432128E+03	 1.16484362614604E-01
 2.01731653222131E+03	-1.76717702316252E-02
 2.01731927012134E+03	-1.40514966785121E-01
 2.01732200802137E+03	-2.23828822137808E-01
 2.01732474592140E+03	-2.51408084417517E-01
 2.01732748382143E+03	-2.18922166839142E-01
 2.01733022172147E+03	-1.33037963896263E-01
 2.01733295962150E+03	-1.35534928812476E-02
 2.01733569752153E+03	 1.05522261111420E-01
 2.01733843542156E+03	 1.83938553835215E-01
 2.01734117332159E+03	 1.93080689969599E-01
 2.01734391122162E+03	 1.31743408120108E-01
 2.01734664912165E+03	 2.52544331667143E-02
 2.01734938702168E+03	-9.19259457004512E-02
 2.01735212492171E+03	-1.93735950430321E-01
 2.01735486282174E+03	-2.66025459476497E-01
 2.01735760072177E+03	-2.99565102924907E-01
 2.01736033862180E+03	-2.86506515914483E-01
 2.01736307652183E+03	-2.25940757113939E-01
 2.01736581442187E+03	-1.30177107612130E-01
 2.01736855232190E+03	-2.15159507145781E-02
 2.01737129022193E+03	 7.95345065320413E-02
 2.01737402812196E+03	 1.63366937603042E-01
 2.01737676602199E+03	 2.28653110793095E-01
 2.01737950392202E+03	 2.71461266423623E-01
 2.01738224182205E+03	 2.79118896432701E-01
 2.01738497972208E+03	 2.37259498434832E-01
 2.01738771762211E+03	 1.44062053506316E-01
 2.01739045552214E+03	 1.76178272158392E-02
 2.01739319342217E+03	-1.10439644490302E-01
 2.01739593132220E+03	-2.08622596516888E-01
 2.01739866922223E+03	-2.55606023798704E-01
 2.01740140712227E+03	-2.42422571923210E-01
 2.01740414502230E+03	-1.71344183125196E-01
 2.01740688292233E+03	-5.71820251939321E-02
 2.01740962082236E+03	 7.00761722134901E-02
 2.01741235872239E+03	 1.69301312734853E-01
 2.01741509662242E+03	 2.04002536291106E-01
 2.01741783452245E+03	 1.61847360178867E-01
 2.01742057242248E+03	 6.12814078730728E-02
 2.01742331032251E+03	-6.18585570150757E-02
 2.01742604822254E+03	-1.75340050656877E-01
 2.01742878612257E+03	-2.60586993530107E-01
 2.01743152402260E+03	-3.07970467531047E-01
 2.01743426192263E+03	-3.09969443633080E-01
 2.01743699982266E+03	-2.63258603160628E-01
 2.01743973772270E+03	-1.76044348929290E-01
 2.01744247562273E+03	-6.89497954885596E-02
 2.01744521352276E+03	 3.48271065972829E-02
 2.01744795142279E+03	 1.21543914199057E-01
 2.01745068932282E+03	 1.89155618487630E-01
 2.01745342722285E+03	 2.37728280938859E-01
 2.01745616512288E+03	 2.59028771856347E-01
 2.01745890302291E+03	 2.37908481085285E-01
 2.01746164092294E+03	 1.65516775265050E-01
 2.01746437882297E+03	 5.14082900072332E-02
 2.01746711672300E+03	-7.71198277684334E-02
 2.01746985462303E+03	-1.87073077586427E-01
 2.01747259252306E+03	-2.52360284670828E-01
 2.01747533042310E+03	-2.59087006002585E-01
 2.01747806832313E+03	-2.05110536148250E-01
 2.01748080622316E+03	-1.00312980618618E-01
 2.01748354412319E+03	 3.03002272159183E-02
 2.01748628202322E+03	 1.47096092590299E-01
 2.01748901992325E+03	 2.07986296198898E-01
 2.01749175782328E+03	 1.89417936046799E-01
 2.01749449572331E+03	 1.00139040408869E-01
 2.01749723362334E+03	-2.57339326648817E-02
 2.01749997152337E+03	-1.50483444550665E-01
 2.01750270942340E+03	-2.49424774130429E-01
 2.01750544732343E+03	-3.10912942099829E-01
 2.01750818522346E+03	-3.27939560471470E-01
 2.01751092312350E+03	-2.95941537106722E-01
 2.01751366102353E+03	-2.19237650162617E-01
 2.01751639892356E+03	-1.15461219362578E-01
 2.01751913682359E+03	-9.14858153156588E-03
 2.01752187472362E+03	 8.14315498329742E-02
 2.01752461262365E+03	 1.51464949212025E-01
 2.01752735052368E+03	 2.03415108556617E-01
 2.01753008842371E+03	 2.34304909564863E-01
 2.01753282632374E+03	 2.31012139972221E-01
 2.01753556422377E+03	 1.79962286850541E-01
 2.01753830212380E+03	 8.20135114021853E-02
 2.01754104002383E+03	-4.20629935445321E-02
 2.01754377792386E+03	-1.59983010441359E-01
 2.01754651582389E+03	-2.41764007388503E-01
 2.01754925372393E+03	-2.68411115601015E-01
 2.01755199162396E+03	-2.33211687910075E-01
 2.01755472952399E+03	-1.41283089659661E-01
 2.01755746742402E+03	-1.21965937834124E-02
 2.01756020532405E+03	 1.17899175071417E-01
 2.01756294322408E+03	 2.04023592328840E-01
 2.01756568112411E+03	 2.12435274285153E-01
 2.01756841902414E+03	 1.40139859272585E-01
 2.01757115692417E+03	 1.60137417706333E-02
 2.01757389482420E+03	-1.18590770089841E-01
 2.01757663272423E+03	-2.31854800391430E-01
 2.01757937062426E+03	-3.08094765668999E-01
 2.01758210852429E+03	-3.40231528289657E-01
 2.01758484642433E+03	-3.23487872021533E-01
 2.01758758432436E+03	-2.59057592499138E-01
 2.01759032222439E+03	-1.60733736486410E-01
 2.01759306012442E+03	-5.27438016695976E-02
 2.01759579802445E+03	 4.25447195041916E-02
 2.01759853592448E+03	 1.15915650698799E-01
 2.01760127382451E+03	 1.70052216545733E-01
 2.01760401172454E+03	 2.06939463591527E-01
 2.01760674962457E+03	 2.17746751912241E-01
 2.01760948752460E+03	 1.87047384872235E-01
 2.01761222542463E+03	 1.07931010874493E-01
 2.01761496332466E+03	-6.94204129100135E-03
 2.01761770122469E+03	-1.28448034689427E-01
 2.01762043912473E+03	-2.24167031845043E-01
 2.01762317702476E+03	-2.70118190409679E-01
 2.01762591492479E+03	-2.54764199232966E-01
 2.01762865282482E+03	-1.78583878505587E-01
 2.01763139072485E+03	-5.56635140982424E-02
 2.01763412862488E+03	 8.27709672661017E-02
 2.01763686652491E+03	 1.91628892536195E-01
 2.01763960442494E+03	 2.29001532480412E-01
 2.01764234232497E+03	 1.79192880525047E-01
 2.01764508022500E+03	 6.23681324797563E-02
 2.01764781812503E+03	-7.93917604295774E-02
 2.01765055602506E+03	-2.07120471238279E-01
 2.01765329392509E+03	-2.99048585455284E-01
 2.01765603182512E+03	-3.46663689662124E-01
 2.01765876972516E+03	-3.45525729207954E-01
 2.01766150762519E+03	-2.94812527440420E-01
 2.01766424552522E+03	-2.04245051574668E-01
 2.01766698342525E+03	-9.61206098024531E-02
 2.01766972132528E+03	 4.24752952399977E-03
 2.01767245922531E+03	 8.23204731716847E-02
 2.01767519712534E+03	 1.38645293326875E-01
 2.01767793502537E+03	 1.78834801677723E-01
 2.01768067292540E+03	 1.99711456990329E-01
 2.01768341082543E+03	 1.87009073981389E-01
 2.01768614872546E+03	 1.27990657487081E-01
 2.01768888662549E+03	 2.65131487324477E-02
 2.01769162452552E+03	-9.38394196176844E-02
 2.01769436242556E+03	-2.00199053602891E-01
 2.01769710032559E+03	-2.64163224007691E-01
 2.01769983822562E+03	-2.69125657414253E-01
 2.01770257612565E+03	-2.10920780416285E-01
 2.01770531402568E+03	-9.83370027863212E-02
 2.01770805192571E+03	 4.31594834538150E-02
 2.01771078982574E+03	 1.70898212441362E-01
 2.01771352772577E+03	 2.37539473093894E-01
 2.01771626562580E+03	 2.14970214749662E-01
 2.01771900352583E+03	 1.11714418870779E-01
 2.01772174142586E+03	-3.30823515742200E-02
 2.01772447932589E+03	-1.74522730732992E-01
 2.01772721722592E+03	-2.83127923283260E-01
 2.01772995512596E+03	-3.46973278317764E-01
 2.01773269302599E+03	-3.61787637448781E-01
 2.01773543092602E+03	-3.25887866941873E-01
 2.01773816882605E+03	-2.45327850552990E-01
 2.01774090672608E+03	-1.39188022335159E-01
 2.01774364462611E+03	-3.40765065069984E-02
 2.01774638252614E+03	 5.00911189703389E-02
 2.01774912042617E+03	 1.09611268493466E-01
 2.01775185832620E+03	 1.51591401889166E-01
 2.01775459622623E+03	 1.78746605092647E-01
 2.01775733412626E+03	 1.80660561847076E-01
 2.01776007202629E+03	 1.41485399149114E-01
 2.01776280992632E+03	 5.66533020255449E-02
 2.01776554782636E+03	-5.77535823978227E-02
 2.01776828572639E+03	-1.70786794264790E-01
 2.01777102362642E+03	-2.50747209865842E-01
 2.01777376152645E+03	-2.75888223786949E-01
 2.01777649942648E+03	-2.37243534390959E-01
 2.01777923732651E+03	-1.38552618174460E-01
 2.01778197522654E+03	 7.72213335308201E-04
 2.01778471312657E+03	 1.42503558526515E-01
 2.01778745102660E+03	 2.36960051291147E-01
 2.01779018892663E+03	 2.45116775330248E-01
 2.01779292682666E+03	 1.61900193503263E-01
 2.01779566472669E+03	 1.95466602766008E-02
 2.01779840262672E+03	-1.33588970598407E-01
 2.01780114052675E+03	-2.59555102894667E-01
 2.01780387842679E+03	-3.40743310476409E-01
 2.01780661632682E+03	-3.72047998163550E-01
 2.01780935422685E+03	-3.51784460977357E-01
 2.01781209212688E+03	-2.83251536110030E-01
 2.01781483002691E+03	-1.81593435776986E-01
 2.01781756792694E+03	-7.28798821791011E-02
 2.01782030582697E+03	 1.84029112334883E-02
 2.01782304372700E+03	 8.27944021665742E-02
 2.01782578162703E+03	 1.26336795623511E-01
 2.01782851952706E+03	 1.56717726781301E-01
 2.01783125742709E+03	 1.69308694616278E-01
 2.01783399532712E+03	 1.48262386303518E-01
 2.01783673322715E+03	 8.20627687398702E-02
 2.01783947112719E+03	-2.19238030722937E-02
 2.01784220902722E+03	-1.37153403008895E-01
 2.01784494692725E+03	-2.30339162997019E-01
 2.01784768482728E+03	-2.74875644475918E-01
 2.01785042272731E+03	-2.56753946520453E-01
 2.01785316062734E+03	-1.74829318260865E-01
 2.01785589852737E+03	-4.25644853653920E-02
 2.01785863642740E+03	 1.07627147478814E-01
 2.01786137432743E+03	 2.26777547880209E-01
 2.01786411222746E+03	 2.67477149476752E-01
 2.01786685012749E+03	 2.10373092285680E-01
 2.01786958802752E+03	 7.70398613577327E-02
 2.01787232592755E+03	-8.42569679681877E-02
 2.01787506382759E+03	-2.27530749507656E-01
 2.01787780172762E+03	-3.27365229053628E-01
 2.01788053962765E+03	-3.76038443180700E-01
 2.01788327752768E+03	-3.72115803354932E-01
 2.01788601542771E+03	-3.17302712640529E-01
 2.01788875332774E+03	-2.22762468734444E-01
 2.01789149122777E+03	-1.12351546797224E-01
 2.01789422912780E+03	-1.36235616832752E-02
 2.01789696702783E+03	 5.75571265354546E-02
 2.01789970492786E+03	 1.03618518347763E-01
 2.01790244282789E+03	 1.35292517796059E-01
 2.01790518072792E+03	 1.54605633238765E-01
 2.01790791862795E+03	 1.48755900089562E-01
 2.01791065652798E+03	 1.01708462817883E-01
 2.01791339442802E+03	 1.19036443313093E-02
 2.01791613232805E+03	-1.00788808249971E-01
 2.01791887022808E+03	-2.03698380360565E-01
 2.01792160812811E+03	-2.66149453601269E-01
 2.01792434602814E+03	-2.68900454030201E-01
 2.01792708392817E+03	-2.05922293345936E-01
 2.01792982182820E+03	-8.50397570495724E-02
 2.01793255972823E+03	 6.78476984372600E-02
 2.01793529762826E+03	 2.07158610808695E-01
 2.01793803552829E+03	 2.80310468200937E-01
 2.01794077342832E+03	 2.54382780951524E-01
 2.01794351132835E+03	 1.37286037608826E-01
 2.01794624922838E+03	-2.70436902992018E-02
 2.01794898712842E+03	-1.86396718408554E-01
 2.01795172502845E+03	-3.06056901438632E-01
 2.01795446292848E+03	-3.73363507652787E-01
 2.01795720082851E+03	-3.86564118082530E-01
 2.01795993872854E+03	-3.46843971197198E-01
 2.01796267662857E+03	-2.61971700088623E-01
 2.01796541452860E+03	-1.52372394872035E-01
 2.01796815242863E+03	-4.67514682901353E-02
 2.01797089032866E+03	 3.29297112102074E-02
 2.01797362822869E+03	 8.33751166287804E-02
 2.01797636612872E+03	 1.15740671771784E-01
 2.01797910402875E+03	 1.38349964709154E-01
 2.01798184192878E+03	 1.43950184755325E-01
 2.01798457982882E+03	 1.15062150630063E-01
 2.01798731772885E+03	 4.21190727587160E-02
 2.01799005562888E+03	-6.33831445361614E-02
 2.01799279352891E+03	-1.71885935403604E-01
 2.01799553142894E+03	-2.50025208364609E-01
 2.01799826932897E+03	-2.73369719520284E-01
 2.01800100722900E+03	-2.30846692778622E-01
 2.01800374512903E+03	-1.24971174263375E-01
 2.01800648302906E+03	 2.49968933123078E-02
 2.01800922092909E+03	 1.78901291001447E-01
 2.01801195882912E+03	 2.82465395403587E-01
 2.01801469672915E+03	 2.91224456382108E-01
 2.01801743462918E+03	 1.97614496749297E-01
 2.01802017252921E+03	 3.68327489296822E-02
 2.01802291042925E+03	-1.35832240967559E-01
 2.01802564832928E+03	-2.75946456756935E-01
 2.01802838622931E+03	-3.63442101301523E-01
 2.01803112412934E+03	-3.94806070255595E-01
 2.01803386202937E+03	-3.71336619076994E-01
 2.01803659992940E+03	-2.98433633902576E-01
 2.01803933782943E+03	-1.92525258639633E-01
 2.01804207572946E+03	-8.14912688581470E-02
 2.01804481362949E+03	 7.79492659786220E-03
 2.01804755152952E+03	 6.49881052647242E-02
 2.01805028942955E+03	 9.87843215152241E-02
 2.01805302732958E+03	 1.22261273990028E-01
 2.01805576522961E+03	 1.35269830682515E-01
 2.01805850312965E+03	 1.22174149341768E-01
 2.01806124102968E+03	 6.74077081698267E-02
 2.01806397892971E+03	-2.67213259663412E-02
 2.01806671682974E+03	-1.36253292953525E-01
 2.01806945472977E+03	-2.27094251829326E-01
 2.01807219262979E+03	-2.70083640855066E-01
 2.01807493052983E+03	-2.48879625095621E-01
 2.01807766842986E+03	-1.60886736686782E-01
 2.01808040632989E+03	-1.89934049332458E-02
 2.01808314422992E+03	 1.43350132007003E-01
 2.01808588212995E+03	 2.73492964037209E-01
 2.01808862002998E+03	 3.18493784341754E-01
 2.01809135793001E+03	 2.54974773346999E-01
 2.01809409583005E+03	 1.05405682903578E-01
 2.01809683373008E+03	-7.60534999382180E-02
 2.01809957163011E+03	-2.36220113776058E-01
 2.01810230953014E+03	-3.45498077570406E-01
 2.01810504743017E+03	-3.96427745118738E-01
 2.01810778533020E+03	-3.90322235490690E-01
 2.01811052323023E+03	-3.31372498818669E-01
 2.01811326113026E+03	-2.32149145145455E-01
 2.01811599903029E+03	-1.18015129259889E-01
 2.01811873693032E+03	-1.89200687961561E-02
 2.01812147483035E+03	 4.74061468187759E-02
 2.01812421273038E+03	 8.45203993106940E-02
 2.01812695063041E+03	 1.07757848719529E-01
 2.01812968853045E+03	 1.24406339606611E-01
 2.01813242643048E+03	 1.23681138211147E-01
 2.01813516433051E+03	 8.68948041743183E-02
 2.01813790223054E+03	 7.45562446645907E-03
 2.01814064013057E+03	-9.83977331522417E-02
 2.01814337803060E+03	-1.98241941487437E-01
 2.01814611593063E+03	-2.59206179887903E-01
 2.01814885383066E+03	-2.59550579333905E-01
 2.01815159173069E+03	-1.91573170546931E-01
 2.01815432963072E+03	-6.22336167537353E-02
 2.01815706753075E+03	 1.02261943772075E-01
 2.01815980543078E+03	 2.53683984028648E-01
 2.01816254333081E+03	 3.34320493771165E-01
 2.01816528123084E+03	 3.06182385477899E-01
 2.01816801913088E+03	 1.76005481216220E-01
 2.01817075703091E+03	-7.98182950704423E-03
 2.01817349493094E+03	-1.86318748390133E-01
 2.01817623283097E+03	-3.18615831168518E-01
 2.01817897073100E+03	-3.90853747070925E-01
 2.01818170863103E+03	-4.03368496402116E-01
 2.01818444653106E+03	-3.60073241523996E-01
 2.01818718443109E+03	-2.70420306867726E-01
 2.01818992233112E+03	-1.56128847458904E-01
 2.01819266023115E+03	-4.80718399676348E-02
 2.01819539813118E+03	 2.93225057782234E-02
 2.01819813603121E+03	 7.24263009502065E-02
 2.01820087393124E+03	 9.57684933506230E-02
 2.01820361183128E+03	 1.13100136277201E-01
 2.01820634973131E+03	 1.20739061834019E-01
 2.01820908763134E+03	 1.00253911696539E-01
 2.01821182553137E+03	 3.76091031922123E-02
 2.01821456343140E+03	-6.00789218173616E-02
 2.01821730133143E+03	-1.64650631043500E-01
 2.01822003923146E+03	-2.41159223471673E-01
 2.01822277713149E+03	-2.62630504935817E-01
 2.01822551503152E+03	-2.16094109032290E-01
 2.01822825293155E+03	-1.02993166500262E-01
 2.01823099083158E+03	 5.76426992481506E-02
 2.01823372873161E+03	 2.24028620807880E-01
 2.01823646663164E+03	 3.37550224090626E-01
 2.01823920453168E+03	 3.48202208653752E-01
 2.01824194243171E+03	 2.45403378242376E-01
 2.01824468033174E+03	 6.66534767563261E-02
 2.01824741823177E+03	-1.26155963615638E-01
 2.01825015613180E+03	-2.81865355628919E-01
 2.01825289403183E+03	-3.77315513264662E-01
 2.01825563193186E+03	-4.09994490260034E-01
 2.01825836983189E+03	-3.83893521017931E-01
 2.01826110773192E+03	-3.06439385050327E-01
 2.01826384563195E+03	-1.95297722963676E-01
 2.01826658353198E+03	-8.01711786314463E-02
 2.01826932143201E+03	 9.37965542367230E-03
 2.01827205933204E+03	 6.14483542466500E-02
 2.01827479723207E+03	 8.66059258403735E-02
 2.01827753513211E+03	 1.02905698371226E-01
 2.01828027303214E+03	 1.14882877437867E-01
 2.01828301093217E+03	 1.07757046318883E-01
 2.01828574883220E+03	 6.25614435162374E-02
 2.01828848673223E+03	-2.30978023158857E-02
 2.01829122463226E+03	-1.27775726100197E-01
 2.01829396253229E+03	-2.16641493775065E-01
 2.01829670043232E+03	-2.58127315091932E-01
 2.01829943833235E+03	-2.33786518129750E-01
 2.01830217623238E+03	-1.39782304923755E-01
 2.01830491413241E+03	 1.15782069953392E-02
 2.01830765203244E+03	 1.86106675899465E-01
 2.01831038993247E+03	 3.27851339600126E-01
 2.01831312783251E+03	 3.78434008895850E-01
 2.01831586573254E+03	 3.10043757535498E-01
 2.01831860363257E+03	 1.45304841972468E-01
 2.01832134153260E+03	-5.63222379677575E-02
 2.01832407943263E+03	-2.34487468476470E-01
 2.01832681733266E+03	-3.54878831558196E-01
 2.01832955523269E+03	-4.09597728667128E-01
 2.01833229313272E+03	-4.02238171985466E-01
 2.01833503103275E+03	-3.39304836279606E-01
 2.01833776893278E+03	-2.34713951067245E-01
 2.01834050683281E+03	-1.15310231367435E-01
 2.01834324473284E+03	-1.36280839407922E-02
 2.01834598263287E+03	 5.01606367129224E-02
 2.01834872053291E+03	 7.99212658806476E-02
 2.01835145843294E+03	 9.49720549679985E-02
 2.01835419633297E+03	 1.07826530054824E-01
 2.01835693423300E+03	 1.10251953876285E-01
 2.01835967213303E+03	 8.16308053186149E-02
 2.01836241003306E+03	 1.08531475320279E-02
 2.01836514793309E+03	-8.92861151623139E-02
 2.01836788583312E+03	-1.86640533356038E-01
 2.01837062373315E+03	-2.46291186096193E-01
 2.01837336163318E+03	-2.44246106911284E-01
 2.01837609953321E+03	-1.71396993874952E-01
 2.01837883743324E+03	-3.39203348668076E-02
 2.01838157533327E+03	 1.41926298632663E-01
 2.01838431323330E+03	 3.05734130997113E-01
 2.01838705113334E+03	 3.94963031348484E-01
 2.01838978903337E+03	 3.66340690995943E-01
 2.01839252693340E+03	 2.24703412891922E-01
 2.01839526483343E+03	 2.17628305508251E-02
 2.01839800273346E+03	-1.76116409530879E-01
 2.01840074063349E+03	-3.22540711995420E-01
 2.01840347853352E+03	-4.01407689618875E-01
 2.01840621643355E+03	-4.14505569309770E-01
 2.01840895433358E+03	-3.68157859307941E-01
 2.01841169223361E+03	-2.73387156588156E-01
 2.01841443013364E+03	-1.53150490721656E-01
 2.01841716803367E+03	-4.05814005122787E-02
 2.01841990593370E+03	 3.69715922222834E-02
 2.01842264383374E+03	 7.47478264568897E-02
 2.01842538173377E+03	 8.98706245436121E-02
 2.01842811963380E+03	 1.01227051404127E-01
 2.01843085753383E+03	 1.09061486479998E-01
 2.01843359543386E+03	 9.47188554098584E-02
 2.01843633333389E+03	 4.03518198317927E-02
 2.01843907123392E+03	-5.09658803488520E-02
 2.01844180913395E+03	-1.52426023753665E-01
 2.01844454703398E+03	-2.27627747626585E-01
 2.01844728493401E+03	-2.47312098903395E-01
 2.01845002283404E+03	-1.96931380502478E-01
 2.01845276073407E+03	-7.70396012085159E-02
 2.01845549863410E+03	 9.37348651167834E-02
 2.01845823653414E+03	 2.72482342782152E-01
 2.01846097443417E+03	 3.96742692367337E-01
 2.01846371233420E+03	 4.11003299696306E-01
 2.01846645023423E+03	 3.01062489269391E-01
 2.01846918813426E+03	 1.05784185595142E-01
 2.01847192603429E+03	-1.07006300902256E-01
 2.01847466393432E+03	-2.79392725605404E-01
 2.01847740183435E+03	-3.84488224859524E-01
 2.01848013973438E+03	-4.20023586436133E-01
 2.01848287763441E+03	-3.92192045080026E-01
 2.01848561553444E+03	-3.10237580822357E-01
 2.01848835343447E+03	-1.92965839378641E-01
 2.01849109133450E+03	-7.19140342973234E-02
 2.01849382923454E+03	 2.03493024751759E-02
 2.01849656713457E+03	 6.96295319969273E-02
 2.01849930503460E+03	 8.74969847848034E-02
 2.01850204293463E+03	 9.64441745248590E-02
 2.01850478083466E+03	 1.05811856418062E-01
 2.01850751873469E+03	 1.02331915854930E-01
 2.01851025663472E+03	 6.43986026247521E-02
 2.01851299453475E+03	-1.45815342867303E-02
 2.01851573243478E+03	-1.15513733550473E-01
 2.01851847033481E+03	-2.02912319302757E-01
 2.01852120823484E+03	-2.43058877460734E-01
 2.01852394613487E+03	-2.15767202244758E-01
 2.01852668403490E+03	-1.16246918092874E-01
 2.01852942193493E+03	 4.38277202366927E-02
 2.01853215983497E+03	 2.30009220261002E-01
 2.01853489773500E+03	 3.83685745025677E-01
 2.01853763563503E+03	 4.41348431692051E-01
 2.01854037353506E+03	 3.70369728321049E-01
 2.01854311143509E+03	 1.92574578970403E-01
 2.01854584933512E+03	-2.82222434626494E-02
 2.01854858723515E+03	-2.24833929897591E-01
 2.01855132513518E+03	-3.57803658912361E-01
 2.01855406303521E+03	-4.17997662811196E-01
 2.01855680093524E+03	-4.10630382728514E-01
 2.01855953883527E+03	-3.44173452026519E-01
 2.01856227673530E+03	-2.33726472410041E-01
 2.01856501463533E+03	-1.07554708416115E-01
 2.01856775253537E+03	-9.65762181314618E-04
 2.01857049043540E+03	 6.28168630752459E-02
 2.01857322833543E+03	 8.70633238819935E-02
 2.01857596623546E+03	 9.43298289875531E-02
 2.01857870413549E+03	 1.02208348715728E-01
 2.01858144203552E+03	 1.05524431133784E-01
 2.01858417993555E+03	 8.25345754725978E-02
 2.01858691783558E+03	 1.82731924308157E-02
 2.01858965573561E+03	-7.75932796941131E-02
 2.01859239363564E+03	-1.73194916599350E-01
 2.01859513153567E+03	-2.31797395131992E-01
 2.01859786943570E+03	-2.27551717586506E-01
 2.01860060733573E+03	-1.50331050217436E-01
 2.01860334523577E+03	-5.62173634539802E-03
 2.01860608313580E+03	 1.80660273679987E-01
 2.01860882103583E+03	 3.56653311301687E-01
 2.01861155893586E+03	 4.55559451491767E-01
 2.01861429683589E+03	 4.28735583207861E-01
 2.01861703473592E+03	 2.78275899495578E-01
 2.01861977263595E+03	 5.82424373115188E-02
 2.01862251053598E+03	-1.58804099839646E-01
 2.01862524843601E+03	-3.20351992519596E-01
 2.01862798633604E+03	-4.07493737398251E-01
 2.01863072423607E+03	-4.22681194328132E-01
 2.01863346213610E+03	-3.74139707778099E-01
 2.01863620003613E+03	-2.74204248633321E-01
 2.01863893793616E+03	-1.46935083884594E-01
 2.01864167583620E+03	-2.77888560147106E-02
 2.01864441373623E+03	 5.25033071762966E-02
 2.01864715163626E+03	 8.71854509883182E-02
 2.01864988953629E+03	 9.50795282280539E-02
 2.01865262743632E+03	 9.97868997643036E-02
 2.01865536533635E+03	 1.05764637977019E-01
 2.01865810323638E+03	 9.49034617342269E-02
 2.01866084113641E+03	 4.63362806358249E-02
 2.01866357903644E+03	-4.04190837755840E-02
 2.01866631693647E+03	-1.39784709702682E-01
 2.01866905483650E+03	-2.14083945845598E-01
 2.01867179273653E+03	-2.32175180328707E-01
 2.01867453063656E+03	-1.78406605087523E-01
 2.01867726853660E+03	-5.26929248428472E-02
 2.01868000643663E+03	 1.26991084354906E-01
 2.01868274433666E+03	 3.17345738997160E-01
 2.01868548223669E+03	 4.52856708878766E-01
 2.01868822013672E+03	 4.72754996244102E-01
 2.01869095803675E+03	 3.58609162198291E-01
 2.01869369593678E+03	 1.49453718252858E-01
 2.01869643383681E+03	-8.19996098950971E-02
 2.01869917173684E+03	-2.71355174929024E-01
 2.01870190963687E+03	-3.87474136960778E-01
 2.01870464753690E+03	-4.27491230955573E-01
 2.01870738543693E+03	-3.99133331359782E-01
 2.01871012333696E+03	-3.13078652341368E-01
 2.01871286123700E+03	-1.89055566838666E-01
 2.01871559913703E+03	-6.03811272020219E-02
 2.01871833703706E+03	 3.70695130184763E-02
 2.01872107493709E+03	 8.60543502474355E-02
 2.01872381283712E+03	 9.81700617498568E-02
 2.01872655073715E+03	 9.96759453358460E-02
 2.01872928863718E+03	 1.04734545795359E-01
 2.01873202653721E+03	 1.02241033914913E-01
 2.01873476443724E+03	 6.88171288318057E-02
 2.01873750233727E+03	-5.67137187347655E-03
 2.01874024023730E+03	-1.04204396074406E-01
 2.01874297813733E+03	-1.90729165768084E-01
 2.01874571603736E+03	-2.29755772883074E-01
 2.01874845393739E+03	-1.99892827982892E-01
 2.01875119183743E+03	-9.58003465787509E-02
 2.01875392973746E+03	 7.15499166973642E-02
 2.01875666763749E+03	 2.68112952190770E-01
 2.01875940553752E+03	 4.33557495767343E-01
 2.01876214343755E+03	 4.99835325120158E-01
 2.01876488133758E+03	 4.29226197693650E-01
 2.01876761923761E+03	 2.41646533827975E-01
 2.01877035713764E+03	 3.96817595215503E-03
 2.01877309503767E+03	-2.10483297431571E-01
 2.01877583293770E+03	-3.56895505243681E-01
 2.01877857083773E+03	-4.24117114873544E-01
 2.01878130873776E+03	-4.18189498850714E-01
 2.01878404663779E+03	-3.49025187191443E-01
 2.01878678453783E+03	-2.32592498966283E-01
 2.01878952243786E+03	-9.84127937883327E-02
 2.01879226033789E+03	 1.53016681491464E-02
 2.01879499823792E+03	 8.16695993400467E-02
 2.01879773613795E+03	 1.02396056077732E-01
 2.01880047403798E+03	 1.02403810257533E-01
 2.01880321193801E+03	 1.04087733207647E-01
 2.01880594983804E+03	 1.05785207007816E-01
 2.01880868773807E+03	 8.54934776796220E-02
 2.01881142563810E+03	 2.51985728226340E-02
 2.01881416353813E+03	-6.81094045094257E-02
 2.01881690143816E+03	-1.62797071248397E-01
 2.01881963933819E+03	-2.20635089475345E-01
 2.01882237723823E+03	-2.14479941596165E-01
 2.01882511513826E+03	-1.33726591687275E-01
 2.01882785303829E+03	 1.66915435670932E-02
 2.01883059093832E+03	 2.11712581341749E-01
 2.01883332883835E+03	 3.99019046244872E-01
 2.01883606673838E+03	 5.08446712735559E-01
 2.01883880463841E+03	 4.86101816825218E-01
 2.01884154253844E+03	 3.30456282907769E-01
 2.01884428043847E+03	 9.65078243085717E-02
 2.01884701833850E+03	-1.38079245016432E-01
 2.01884975623853E+03	-3.14865930627223E-01
 2.01885249413856E+03	-4.11534784053972E-01
 2.01885523203859E+03	-4.30350733403618E-01
 2.01885796993863E+03	-3.80774046836386E-01
 2.01886070783866E+03	-2.76025308503956E-01
 2.01886344573869E+03	-1.40998733426535E-01
 2.01886618363872E+03	-1.34448502895095E-02
 2.01886892153875E+03	 7.21026393736836E-02
 2.01887165943878E+03	 1.06003643927500E-01
 2.01887439733881E+03	 1.07782175631103E-01
 2.01887713523884E+03	 1.05197009921838E-01
 2.01887987313887E+03	 1.07111792203459E-01
 2.01888261103890E+03	 9.67454829555278E-02
 2.01888534893893E+03	 5.11189073387590E-02
 2.01888808683896E+03	-3.31732992093686E-02
 2.01889082473899E+03	-1.31583353687482E-01
 2.01889356263902E+03	-2.05381847558183E-01
 2.01889630053906E+03	-2.22095519889749E-01
 2.01889903843909E+03	-1.65613480635307E-01
 2.01890177633912E+03	-3.55586204580462E-02
 2.01890451423915E+03	 1.51050000824571E-01
 2.01890725213918E+03	 3.51474808120431E-01
 2.01890999003921E+03	 4.98261276805270E-01
 2.01891272793924E+03	 5.25916810229267E-01
 2.01891546583927E+03	 4.11252969810977E-01
 2.01891820373930E+03	 1.92100970861064E-01
 2.01892094163933E+03	-5.53449412512006E-02
 2.01892367953936E+03	-2.60845606125082E-01
 2.01892641743939E+03	-3.88700620165115E-01
 2.01892915533942E+03	-4.34636704517400E-01
 2.01893189323946E+03	-4.07135080984150E-01
 2.01893463113949E+03	-3.17761372381656E-01
 2.01893736903952E+03	-1.86794996930683E-01
 2.01894010693955E+03	-4.91565394380138E-02
 2.01894284483958E+03	 5.57534581920007E-02
 2.01894558273961E+03	 1.06904953386608E-01
 2.01894832063964E+03	 1.14886284294882E-01
 2.01895105853967E+03	 1.08928010716509E-01
 2.01895379643970E+03	 1.07912980526608E-01
 2.01895653433973E+03	 1.03514270072407E-01
 2.01895927223976E+03	 7.15205540890405E-02
 2.01896201013979E+03	-9.48063538402503E-04
 2.01896474803982E+03	-9.85643356133505E-02
 2.01896748593986E+03	-1.84796747983845E-01
 2.01897022383989E+03	-2.22880013347629E-01
 2.01897296173992E+03	-1.90924522838850E-01
 2.01897569963995E+03	-8.35808119950673E-02
 2.01897843753998E+03	 8.89346436816784E-02
 2.01898117544001E+03	 2.93789072656207E-01
 2.01898391334004E+03	 4.70163043393709E-01
 2.01898665124007E+03	 5.46381206942673E-01
 2.01898938914010E+03	 4.79541644322678E-01
 2.01899212704013E+03	 2.86482487939597E-01
 2.01899486494016E+03	 3.55487821399307E-02
 2.01899760284019E+03	-1.94863954612695E-01
 2.01900034074022E+03	-3.54668379217839E-01
 2.01900307864025E+03	-4.30034019476088E-01
 2.01900581654029E+03	-4.26993772100496E-01
 2.01900855444032E+03	-3.56239571951874E-01
 2.01901129234035E+03	-2.34136325472147E-01
 2.01901403024038E+03	-9.11556698815904E-02
 2.01901676814041E+03	 3.15655028398689E-02
 2.01901950604044E+03	 1.02944781218198E-01
 2.01902224394047E+03	 1.22138911787584E-01
 2.01902498184050E+03	 1.15473289186324E-01
 2.01902771974053E+03	 1.09746037390583E-01
 2.01903045764056E+03	 1.07182708357431E-01
 2.01903319554059E+03	 8.64112380896679E-02
