 1.88000000000000E+03, -6.22597696625067E-01, -6.21750000000000E-01,  4.38996162469254E-01,  1.00000000000000E-02,  1.50960931211534E+05,  2.01972979935097E+05
 1.88008333300000E+03, -5.89350374954734E-01, -5.31000000000000E-01,  4.37574104395917E-01,  1.90000000000000E-01,  8.49329540316309E+04,  1.15570291975253E+05
 1.88016666700000E+03, -5.47570182531075E-01, -4.73250000000000E-01,  4.36142432269425E-01,  3.70000000000000E-01,  5.07156782572706E+04,  6.80730518694454E+04
 1.88025000000000E+03, -4.95314211937493E-01, -5.52500000000000E-01,  4.34701152568289E-01,  5.50000000000000E-01,  2.05620250905452E+04,  2.76885036118672E+04
 1.88033333300000E+03, -4.23113875998458E-01, -6.63000000000000E-01,  5.39881605648535E-01,  7.30000000000000E-01,  4.23100274223095E+03,  5.30057623013761E+03
 1.88041666700000E+03, -3.53883625000285E-01, -6.15750000000000E-01,  5.41091106292040E-01,  9.10000000000000E-01,  3.13141911839335E+03,  3.40574483909458E+03
 1.88050000000000E+03, -2.91509272786116E-01, -3.65500000000000E-01,  5.42310803679030E-01,  1.09000000000000E+00,  3.04866424728085E+03,  3.57878948566754E+03
 1.88058333300000E+03, -2.54148604415682E-01, -1.80750000000000E-01,  5.43540716701494E-01,  1.27000000000000E+00,  2.32892483914701E+03,  2.75470244141710E+03
 1.88066666700000E+03, -2.48976471333350E-01, -1.95250000000000E-01,  5.44780863200548E-01,  1.45000000000000E+00,  3.28666107291155E+03,  3.70948176171395E+03
 1.88075000000000E+03, -2.74049967406530E-01, -2.21750000000000E-01,  5.46031259943364E-01,  1.63000000000000E+00,  4.24141943071919E+03,  4.57157422091611E+03
 1.88083333300000E+03, -3.11045992614702E-01, -2.46250000000000E-01,  5.45137251325196E-01,  1.81000000000000E+00,  3.74312448876178E+03,  3.77035299231469E+03
 1.88091666700000E+03, -3.26110579318416E-01, -3.92750000000000E-01,  5.46390581103939E-01,  1.99000000000000E+00,  4.13726157086144E+03,  4.69794365565777E+03
 1.88100000000000E+03, -3.19219392667829E-01, -4.83000000000000E-01,  5.47654181070732E-01,  2.17000000000000E+00,  5.84023693575447E+03,  7.64340174401978E+03
 1.88108333300000E+03, -2.97203230008078E-01, -3.33750000000000E-01,  5.48928065449825E-01,  2.35000000000000E+00,  5.47636370221117E+03,  7.49035356568708E+03
 1.88116666700000E+03, -2.89358522328578E-01, -1.31250000000000E-01,  5.50212247313901E-01,  2.53000000000000E+00,  1.09678053657708E+04,  1.43999632758862E+04
 1.88125000000000E+03, -2.95733938800383E-01, -5.80000000000000E-02,  5.51506738559915E-01,  2.71000000000000E+00,  2.91792138130104E+04,  3.79205009742477E+04
 1.88133333300000E+03, -3.07333988904838E-01, -1.91000000000000E-01,  5.44369839198535E-01,  2.89000000000000E+00,  4.39027728943022E+04,  5.72864626845259E+04
 1.88141666700000E+03, -2.96404316786717E-01, -3.34250000000000E-01,  5.45616846263308E-01,  3.07000000000000E+00,  4.58112222889270E+04,  5.98880791350090E+04
 1.88150000000000E+03, -2.62920587818581E-01, -2.70000000000000E-01,  5.46874114185403E-01,  3.25000000000000E+00,  4.52746150978072E+04,  5.91881847205185E+04
 1.88158333300000E+03, -2.27356271849332E-01, -2.02250000000000E-01,  5.48141657886939E-01,  3.43000000000000E+00,  3.90777753668074E+04,  5.15193099502847E+04
 1.88166666700000E+03, -2.14826752223654E-01, -2.03500000000000E-01,  5.49419491153239E-01,  3.61000000000000E+00,  2.09775992510288E+04,  2.82098705863072E+04
 1.88175000000000E+03, -2.25332028816943E-01, -2.39750000000000E-01,  5.50707626608817E-01,  3.79000000000000E+00,  5.35606446861645E+03,  7.24298680746970E+03
 1.88183333300000E+03, -2.37560776376728E-01, -2.92000000000000E-01,  5.54817429709274E-01,  3.97000000000000E+00,  1.79191714348267E+03,  1.94778728169950E+03
 1.88191666700000E+03, -2.32100821334113E-01, -2.28750000000000E-01,  5.56148308525628E-01,  4.15000000000000E+00,  2.87668907005402E+03,  3.69723789145283E+03
 1.88200000000000E+03, -2.08952163678442E-01, -7.72500000000000E-02,  5.57489535174527E-01,  4.33000000000000E+00,  3.39874645329061E+03,  5.25221599024884E+03
 1.88208333300000E+03, -1.83905628063807E-01, -7.67500000000000E-02,  5.58841114613990E-01,  4.51000000000000E+00,  4.25818371194289E+03,  6.82098737114067E+03
 1.88216666700000E+03, -1.99792247464367E-01, -2.52250000000000E-01,  5.60203050462588E-01,  4.69000000000000E+00,  5.55511059013197E+03,  8.34142912967448E+03
 1.88225000000000E+03, -2.56612023491880E-01, -3.76750000000000E-01,  5.61575344973428E-01,  4.87000000000000E+00,  5.83155109379889E+03,  8.33932098432333E+03
 1.88233333300000E+03, -3.37766616586766E-01, -4.96000000000000E-01,  5.22000592476384E-01,  5.05000000000000E+00,  5.01098172548848E+03,  6.87613900159557E+03
 1.88241666700000E+03, -3.75193946393390E-01, -5.94250000000000E-01,  5.21276639086537E-01,  5.23000000000000E+00,  4.53886769466745E+03,  5.92497492582564E+03
 1.88250000000000E+03, -3.68894011435684E-01, -4.98500000000000E-01,  5.20545166825412E-01,  5.41000000000000E+00,  4.07032447357720E+03,  5.42919472801127E+03
 1.88258333300000E+03, -3.42140879185804E-01, -3.07000000000000E-01,  5.19806132651112E-01,  5.59000000000000E+00,  4.07229716879740E+03,  5.61567242508925E+03
 1.88266666700000E+03, -3.44791464933473E-01, -2.22250000000000E-01,  5.19059493644936E-01,  5.77000000000000E+00,  6.21102477778583E+03,  7.90551493649947E+03
 1.88275000000000E+03, -3.78327494163127E-01, -3.34000000000000E-01,  5.18305207019765E-01,  5.95000000000000E+00,  7.90008954037183E+03,  9.46551866354049E+03
 1.88283333300000E+03, -4.21972319646407E-01, -5.27500000000000E-01,  5.18781287207805E-01,  6.13000000000000E+00,  7.28761536936054E+03,  8.45395343786441E+03
 1.88291666700000E+03, -4.45868329112907E-01, -4.67500000000000E-01,  5.18024160004289E-01,  6.31000000000000E+00,  6.77364562436615E+03,  7.60572233948922E+03
 1.88300000000000E+03, -4.47052071405611E-01, -2.41750000000000E-01,  5.17259326791868E-01,  6.49000000000000E+00,  5.86086290758544E+03,  6.54486806233218E+03
 1.88308333300000E+03, -4.34571254344948E-01, -2.83250000000000E-01,  5.16486745129685E-01,  6.67000000000000E+00,  3.17226726260206E+03,  3.88794667801782E+03
 1.88316666700000E+03, -4.36830831619596E-01, -4.75250000000000E-01,  5.15706372737884E-01,  6.85000000000000E+00,  1.12991815574415E+03,  1.96812989536406E+03
 1.88325000000000E+03, -4.55312529330570E-01, -5.64500000000000E-01,  5.14918167506678E-01,  7.03000000000000E+00,  8.62712595801706E+02,  1.66391555390657E+03
 1.88333333300000E+03, -4.78383869117679E-01, -4.94750000000000E-01,  8.13410463243593E-01,  7.21000000000000E+00,  9.49781742352022E+02,  1.58552234890713E+03
 1.88341666700000E+03, -4.74989870460334E-01, -3.34500000000000E-01,  8.15186814599139E-01,  7.39000000000000E+00,  9.87893927364572E+02,  1.79529425777094E+03
 1.88350000000000E+03, -4.45130532928666E-01, -3.48000000000000E-01,  8.16948641231148E-01,  7.57000000000000E+00,  1.36399680522546E+03,  3.00238731891230E+03
 1.88358333300000E+03, -4.11375053593411E-01, -4.81000000000000E-01,  8.18695541684668E-01,  7.75000000000000E+00,  1.88510410937324E+03,  4.39932294060012E+03
 1.88366666700000E+03, -4.06943227806154E-01, -5.33000000000000E-01,  8.20427112692919E-01,  7.93000000000000E+00,  2.01897187810080E+03,  4.68811154860340E+03
 1.88375000000000E+03, -4.31835055776063E-01, -5.77750000000000E-01,  8.22142949285118E-01,  8.11000000000000E+00,  1.90879636567769E+03,  4.39718061355274E+03
 1.88383333300000E+03, -4.67107107864634E-01, -6.51250000000000E-01,  8.23609640810470E-01,  8.29000000000000E+00,  1.77321123628707E+03,  3.92579943120756E+03
 1.88391666700000E+03, -4.81374662923923E-01, -7.12250000000000E-01,  8.25295089782189E-01,  8.47000000000000E+00,  1.32060315151376E+03,  2.52983926573466E+03
 1.88400000000000E+03, -4.72082908912008E-01, -7.05000000000000E-01,  8.26963636766311E-01,  8.65000000000000E+00,  1.04728956798929E+03,  1.45044202144517E+03
 1.88408333300000E+03, -4.46030782686026E-01, -6.11250000000000E-01,  8.28614871288214E-01,  8.82999999999999E+00,  1.17117005181486E+03,  1.59232422065389E+03
 1.88416666700000E+03, -4.28261959425631E-01, -5.42250000000000E-01,  8.30248381744517E-01,  9.00999999999999E+00,  1.28064200139967E+03,  1.94770903419708E+03
 1.88425000000000E+03, -4.23886062697417E-01, -5.77000000000000E-01,  8.31863755532176E-01,  9.18999999999999E+00,  2.19479279836199E+03,  3.34169406661458E+03
 1.88433333300000E+03, -4.25725633233460E-01, -6.19750000000000E-01,  8.31865088084182E-01,  9.36999999999999E+00,  3.59187138700338E+03,  5.62066520894439E+03
 1.88441666700000E+03, -4.13500345255787E-01, -5.76500000000000E-01,  8.30159662211838E-01,  9.54999999999999E+00,  3.81410834766782E+03,  6.39332252378916E+03
 1.88450000000000E+03, -3.84655387030989E-01, -4.32250000000000E-01,  8.28438168667335E-01,  9.72999999999999E+00,  3.53009153157307E+03,  6.09438380576685E+03
 1.88458333300000E+03, -3.59683327046783E-01, -2.29500000000000E-01,  8.26701660418637E-01,  9.90999999999999E+00,  3.30949125095846E+03,  5.56862575965239E+03
 1.88466666700000E+03, -3.65302356986732E-01, -1.54750000000000E-01,  8.24951217393180E-01,  1.00900000000000E+01,  2.12265589368141E+03,  3.89036255314407E+03
 1.88475000000000E+03, -4.03243006279688E-01, -2.51750000000000E-01,  8.23187946417289E-01,  1.02700000000000E+01,  7.90338814622913E+02,  2.03344067690911E+03
 1.88483333300000E+03, -4.51729690880995E-01, -3.32000000000000E-01,  8.20922380996164E-01,  1.04500000000000E+01,  4.77169381092685E+02,  1.18005402184115E+03
 1.88491666700000E+03, -4.79145428585655E-01, -3.18750000000000E-01,  8.19134188718069E-01,  1.06300000000000E+01,  5.20015359907690E+02,  9.32940795614145E+02
 1.88500000000000E+03, -4.82029160379697E-01, -3.80750000000000E-01,  8.17336980883899E-01,  1.08100000000000E+01,  5.05559778520146E+02,  1.07792817703977E+03
 1.88508333300000E+03, -4.66712280072619E-01, -5.37750000000000E-01,  8.15531978126173E-01,  1.09900000000000E+01,  5.62430889599492E+02,  1.05912051718149E+03
 1.88516666700000E+03, -4.48120797906467E-01, -5.76000000000000E-01,  8.13720427291101E-01,  1.11700000000000E+01,  5.67789233576939E+02,  6.38162687623574E+02
 1.88525000000000E+03, -4.26224635375914E-01, -5.44500000000000E-01,  8.11903601234711E-01,  1.13500000000000E+01,  4.97881018369101E+02,  5.13613705155483E+02
 1.88533333300000E+03, -3.96020178717133E-01, -6.25250000000000E-01,  5.25667888916082E-01,  1.15300000000000E+01,  4.76724652766287E+02,  6.43510371970333E+02
 1.88541666700000E+03, -3.55196248191678E-01, -7.60500000000000E-01,  5.26752410763467E-01,  1.17100000000000E+01,  5.17423918321482E+02,  6.18756787991804E+02
 1.88550000000000E+03, -3.07274059749777E-01, -7.73000000000000E-01,  5.27846815071940E-01,  1.18900000000000E+01,  4.34593549683219E+02,  5.22300062736400E+02
 1.88558333300000E+03, -2.71345537282472E-01, -6.34500000000000E-01,  5.28951131987642E-01,  1.20700000000000E+01,  8.68631544906458E+02,  1.15236196102562E+03
 1.88566666700000E+03, -2.64903571816485E-01, -5.20250000000000E-01,  5.30065390871776E-01,  1.22500000000000E+01,  2.57986795477225E+03,  3.10937516762149E+03
 1.88575000000000E+03, -2.86187555627979E-01, -4.72250000000000E-01,  5.31189620280703E-01,  1.24300000000000E+01,  4.08764989744414E+03,  4.75131518073556E+03
 1.88583333300000E+03, -3.16654717873640E-01, -3.80750000000000E-01,  5.34546267924506E-01,  1.26100000000000E+01,  4.24048726598888E+03,  4.93724620574762E+03
 1.88591666700000E+03, -3.27777899687440E-01, -2.52500000000000E-01,  5.35709985509358E-01,  1.27900000000000E+01,  4.31161628891109E+03,  4.96808542064109E+03
 1.88600000000000E+03, -3.19557100605853E-01, -1.26000000000000E-01,  5.36883802050868E-01,  1.29700000000000E+01,  4.11410888347788E+03,  4.44464744618388E+03
 1.88608333300000E+03, -2.98753726699453E-01, -5.32500000000000E-02,  5.38067740905947E-01,  1.31500000000000E+01,  2.47676473051593E+03,  2.42120046919599E+03
 1.88616666700000E+03, -3.04452363975801E-01, -4.87500000000000E-02,  5.39261824481671E-01,  1.33300000000000E+01,  9.40412124681811E+02,  9.11725848835144E+02
 1.88625000000000E+03, -3.36653013910763E-01, -1.07750000000000E-01,  5.40466074213356E-01,  1.35100000000000E+01,  9.34318779173703E+02,  1.01075304791579E+03
 1.88633333300000E+03, -3.87901074637146E-01, -2.67250000000000E-01,  7.38741333709662E-01,  1.36900000000000E+01,  1.40588436837350E+03,  1.39050757791984E+03
 1.88641666700000E+03, -4.06987471726128E-01, -4.03000000000000E-01,  7.40798337204350E-01,  1.38700000000000E+01,  1.60058952620239E+03,  1.64661109739289E+03
 1.88650000000000E+03, -3.93912204028305E-01, -3.25500000000000E-01,  7.42853994168860E-01,  1.40500000000000E+01,  1.83879892205635E+03,  2.00775597637548E+03
 1.88658333300000E+03, -3.69142010656315E-01, -1.64000000000000E-01,  7.44908022279322E-01,  1.42300000000000E+01,  2.04196417734708E+03,  2.18235158878440E+03
 1.88666666700000E+03, -3.73172341380822E-01, -1.72000000000000E-01,  7.46960135427042E-01,  1.44100000000000E+01,  1.91840886568308E+03,  2.20210433285821E+03
 1.88675000000000E+03, -4.07841551502324E-01, -3.10750000000000E-01,  7.49010043728676E-01,  1.45900000000000E+01,  1.63414291186416E+03,  2.30756958000722E+03
 1.88683333300000E+03, -4.51560400450946E-01, -4.78250000000000E-01,  7.47218617759737E-01,  1.47700000000000E+01,  1.36671696409138E+03,  2.29875606636120E+03
 1.88691666700000E+03, -4.76034559287251E-01, -5.86750000000000E-01,  7.49268227420335E-01,  1.49500000000000E+01,  1.08658868382598E+03,  2.07141425306198E+03
 1.88700000000000E+03, -4.77587317164890E-01, -5.55500000000000E-01,  7.51315301313439E-01,  1.51300000000000E+01,  1.13157896064173E+03,  2.22234358454414E+03
 1.88708333300000E+03, -4.68058276871389E-01, -5.19750000000000E-01,  7.53359541572235E-01,  1.53100000000000E+01,  1.57225281668971E+03,  2.73084572868327E+03
 1.88716666700000E+03, -4.72927819738766E-01, -5.83500000000000E-01,  7.55400646598131E-01,  1.54900000000000E+01,  1.66700458004636E+03,  2.62720665404552E+03
 1.88725000000000E+03, -4.94034301483662E-01, -6.81750000000000E-01,  7.57438311078183E-01,  1.56700000000000E+01,  1.43910272819612E+03,  2.30076697887744E+03
 1.88733333300000E+03, -5.15722841925055E-01, -7.54250000000000E-01,  7.84145529889856E-01,  1.58500000000000E+01,  1.60843459322108E+03,  2.69404417416410E+03
 1.88741666700000E+03, -5.11616031810465E-01, -7.47500000000000E-01,  7.86871399020469E-01,  1.60300000000000E+01,  1.81202663655440E+03,  2.96825345589048E+03
 1.88750000000000E+03, -4.81713870964997E-01, -6.89500000000000E-01,  7.89701930538927E-01,  1.62100000000000E+01,  1.53995724529744E+03,  2.55057027987064E+03
 1.88758333300000E+03, -4.50334321143383E-01, -7.29500000000000E-01,  7.92636935419751E-01,  1.63900000000000E+01,  1.27718252466893E+03,  2.28127768413252E+03
 1.88766666700000E+03, -4.48106988252341E-01, -7.51250000000000E-01,  7.95676132898083E-01,  1.65700000000000E+01,  1.26865487640602E+03,  2.22999420115549E+03
 1.88775000000000E+03, -4.75031872495677E-01, -6.48250000000000E-01,  7.98819148666104E-01,  1.67500000000000E+01,  1.17268385523358E+03,  1.81797486257706E+03
 1.88783333300000E+03, -5.11663794701636E-01, -6.38500000000000E-01,  8.00735024730166E-01,  1.69300000000000E+01,  9.43692254657955E+02,  1.21508259459519E+03
 1.88791666700000E+03, -5.26246320346211E-01, -7.29750000000000E-01,  8.04042515205383E-01,  1.71100000000000E+01,  8.34345610388683E+02,  9.08390220395298E+02
 1.88800000000000E+03, -5.16208890669541E-01, -6.82500000000000E-01,  8.07452404651908E-01,  1.72900000000000E+01,  9.18406481347294E+02,  1.00024018256232E+03
 1.88808333300000E+03, -4.88620948937854E-01, -4.59500000000000E-01,  8.10963968542389E-01,  1.74700000000000E+01,  1.04026395021650E+03,  1.31853991142003E+03
 1.88816666700000E+03, -4.38619342913981E-01, -2.67000000000000E-01,  8.14576381269384E-01,  1.76500000000000E+01,  1.07318743244361E+03,  1.70937944669003E+03
 1.88825000000000E+03, -3.69844272807337E-01, -1.89750000000000E-01,  8.18288714693145E-01,  1.78300000000000E+01,  9.82784651792404E+02,  1.91934662739556E+03
 1.88833333300000E+03, -2.74784689178147E-01, -2.47750000000000E-01,  8.78952954186000E-01,  1.80100000000000E+01,  8.11605830808274E+02,  1.81143385080153E+03
 1.88841666700000E+03, -1.93266548921182E-01, -3.83750000000000E-01,  8.79330083359640E-01,  1.81900000000000E+01,  7.37402440481764E+02,  1.70009147396564E+03
 1.88850000000000E+03, -1.25721125380333E-01, -3.99250000000000E-01,  8.79672026565403E-01,  1.83700000000000E+01,  8.44339639798685E+02,  1.63819794146928E+03
 1.88858333300000E+03, -9.25106668632325E-02, -3.25000000000000E-01,  8.79978548469711E-01,  1.85500000000000E+01,  1.08205009294348E+03,  1.50249463953763E+03
 1.88866666700000E+03, -9.04942144233271E-02, -2.70500000000000E-01,  8.80249423880968E-01,  1.87300000000000E+01,  1.47559492306978E+03,  1.75529438834200E+03
 1.88875000000000E+03, -1.18367188468606E-01, -2.02750000000000E-01,  8.80484438077064E-01,  1.89100000000000E+01,  1.96543955128112E+03,  2.56904436341108E+03
 1.88883333300000E+03, -1.56845646534894E-01, -1.66250000000000E-01,  8.80846968667696E-01,  1.90900000000000E+01,  2.35713284944486E+03,  3.39602364740214E+03
 1.88891666700000E+03, -1.74924836577544E-01, -1.32000000000000E-01,  8.80972995306136E-01,  1.92700000000000E+01,  2.43634624798067E+03,  3.75051969697241E+03
 1.88900000000000E+03, -1.72212087635455E-01, -8.27500000000000E-02,  8.81062412178451E-01,  1.94500000000000E+01,  2.06723407944171E+03,  3.43544723617326E+03
 1.88908333300000E+03, -1.55688241946163E-01, -5.37500000000000E-02,  8.81115061997205E-01,  1.96300000000000E+01,  1.51351478395713E+03,  2.75943611421753E+03
 1.88916666700000E+03, -1.67741494365383E-01,  2.00000000000000E-02,  8.81130799968943E-01,  1.98100000000000E+01,  1.12162390044589E+03,  2.10225339276106E+03
 1.88925000000000E+03, -2.08568181712042E-01,  5.97500000000000E-02,  8.81109494139517E-01,  1.99900000000000E+01,  7.96898581146062E+02,  1.32863839213199E+03
 1.88933333300000E+03, -2.68925976270991E-01, -2.80000000000000E-02,  5.30722562184145E-01,  2.01700000000000E+01,  5.07325544340136E+02,  6.75499641880457E+02
 1.88941666700000E+03, -2.91962507392376E-01, -1.66500000000000E-01,  5.30769680999551E-01,  2.03500000000000E+01,  4.46303366926627E+02,  5.49425727601801E+02
 1.88950000000000E+03, -2.77677773819989E-01, -2.06500000000000E-01,  5.30816944121633E-01,  2.05300000000000E+01,  4.98413625206358E+02,  5.58976614052811E+02
 1.88958333300000E+03, -2.47655298722686E-01, -1.40250000000000E-01,  5.30864351907715E-01,  2.07100000000000E+01,  4.73952133131295E+02,  4.48391890748048E+02
 1.88966666700000E+03, -2.48363807741722E-01, -9.95000000000000E-02,  5.30911904715137E-01,  2.08900000000000E+01,  4.32025666986008E+02,  4.56999304767069E+02
 1.88975000000000E+03, -2.80432051117428E-01, -1.85250000000000E-01,  5.30959602901247E-01,  2.10700000000000E+01,  4.01219119417185E+02,  5.21915244761794E+02
 1.88983333300000E+03, -3.24219632715528E-01, -3.96500000000000E-01,  5.29437046141351E-01,  2.12500000000000E+01,  3.65041549889809E+02,  5.27244106296214E+02
 1.88991666700000E+03, -3.46658686202780E-01, -6.53750000000000E-01,  5.29480196504248E-01,  2.14300000000000E+01,  4.30365798685832E+02,  5.99436969955557E+02
 1.89000000000000E+03, -3.46491711003590E-01, -8.30250000000000E-01,  5.29523481026224E-01,  2.16100000000000E+01,  6.32742627179099E+02,  8.13385176027898E+02
 1.89008333300000E+03, -3.35178762185753E-01, -7.86500000000000E-01,  5.29566900059976E-01,  2.17900000000000E+01,  8.46565540171927E+02,  1.09677681879188E+03
 1.89016666700000E+03, -3.56553391627547E-01, -6.57750000000000E-01,  5.29610453958480E-01,  2.19700000000000E+01,  1.10919809695065E+03,  1.46494458469162E+03
 1.89025000000000E+03, -4.11244350706066E-01, -6.78250000000000E-01,  5.29654143074987E-01,  2.21500000000000E+01,  1.46697030983004E+03,  1.96807152121364E+03
 1.89033333300000E+03, -4.81856099550164E-01, -7.17500000000000E-01,  7.73908818533682E-01,  2.23300000000000E+01,  1.53840002050957E+03,  2.14324888550111E+03
 1.89041666700000E+03, -5.10674267912244E-01, -6.46750000000000E-01,  7.75900090899055E-01,  2.25100000000000E+01,  1.21405086341781E+03,  1.80197708425831E+03
 1.89050000000000E+03, -4.97698854746844E-01, -6.38000000000000E-01,  7.77884613631722E-01,  2.26900000000000E+01,  1.04830798651351E+03,  1.75525361698744E+03
 1.89058333300000E+03, -4.68409244247389E-01, -6.69500000000000E-01,  7.79862041720539E-01,  2.28700000000000E+01,  1.09393872813765E+03,  1.99694054005756E+03
 1.89066666700000E+03, -4.68621459660336E-01, -5.66500000000000E-01,  7.81832026815575E-01,  2.30500000000000E+01,  9.18181848288745E+02,  1.71783518691097E+03
 1.89075000000000E+03, -4.98849176490833E-01, -4.97250000000000E-01,  7.83794217273906E-01,  2.32300000000000E+01,  7.21760440767487E+02,  1.42474736262315E+03
 1.89083333300000E+03, -5.39476495475024E-01, -5.72500000000000E-01,  7.80772203458681E-01,  2.34100000000000E+01,  7.94927344026898E+02,  1.69952911081288E+03
 1.89091666700000E+03, -5.59439852287591E-01, -6.36000000000000E-01,  7.82738634954447E-01,  2.35900000000000E+01,  9.52224854605335E+02,  1.93991169425758E+03
 1.89100000000000E+03, -5.56893505159182E-01, -5.85500000000000E-01,  7.84697108420868E-01,  2.37700000000000E+01,  1.20376750558454E+03,  2.04600836384000E+03
 1.89108333300000E+03, -5.38158571980717E-01, -4.26250000000000E-01,  7.86647267489760E-01,  2.39500000000000E+01,  1.58091290382495E+03,  2.33818586394269E+03
 1.89116666700000E+03, -5.32654265843402E-01, -3.46750000000000E-01,  7.88588752623400E-01,  2.41300000000000E+01,  1.76572175974529E+03,  2.45339115090585E+03
 1.89125000000000E+03, -5.42531044144215E-01, -4.27250000000000E-01,  7.90521201169172E-01,  2.43100000000000E+01,  1.69368810687935E+03,  2.14121125434821E+03
 1.89133333300000E+03, -5.59875428683709E-01, -5.45000000000000E-01,  1.10961460136053E+00,  2.44900000000000E+01,  1.46939103155796E+03,  1.61462613051770E+03
 1.89141666700000E+03, -5.53134451465172E-01, -6.54750000000000E-01,  1.11412669472163E+00,  2.46700000000000E+01,  9.48984428272807E+02,  1.00041760556273E+03
 1.89150000000000E+03, -5.21489721347594E-01, -7.69500000000000E-01,  1.11852478633693E+00,  2.48500000000000E+01,  4.46576116459751E+02,  5.79439778368409E+02
 1.89158333300000E+03, -4.84506241002825E-01, -8.41750000000000E-01,  1.12280429985581E+00,  2.50300000000000E+01,  6.27032808916362E+02,  8.43017854919017E+02
 1.89166666700000E+03, -4.75288772545726E-01, -8.22250000000000E-01,  1.12696074970253E+00,  2.52100000000000E+01,  1.11499082818605E+03,  1.44000858853510E+03
 1.89175000000000E+03, -4.93837316244074E-01, -7.70750000000000E-01,  1.13098974975225E+00,  2.53900000000000E+01,  1.12592818424922E+03,  1.45332002290864E+03
 1.89183333300000E+03, -5.22294757530718E-01, -7.37750000000000E-01,  1.13446090491486E+00,  2.55700000000000E+01,  1.11110390148393E+03,  1.40269678787108E+03
 1.89191666700000E+03, -5.29365004780625E-01, -6.49250000000000E-01,  1.13823757917246E+00,  2.57500000000000E+01,  1.54962646159436E+03,  2.19238384966733E+03
 1.89200000000000E+03, -5.11565885365342E-01, -4.34000000000000E-01,  1.14187477160559E+00,  2.59300000000000E+01,  1.72196213472528E+03,  2.76559045896238E+03
 1.89208333300000E+03, -4.77570531729256E-01, -3.02750000000000E-01,  1.14536856694108E+00,  2.61100000000000E+01,  1.46222013124094E+03,  2.48129186472171E+03
 1.89216666700000E+03, -4.55942540884411E-01, -3.71250000000000E-01,  1.14871519291133E+00,  2.62900000000000E+01,  1.53406227753281E+03,  2.56694492970297E+03
 1.89225000000000E+03, -4.53646257665461E-01, -3.90250000000000E-01,  1.15191102930567E+00,  2.64700000000000E+01,  1.78536367279724E+03,  3.00289065543609E+03
 1.89233333300000E+03, -4.61431575994577E-01, -2.83250000000000E-01,  7.55819704467390E-01,  2.66500000000000E+01,  1.72261710215097E+03,  2.89545830256257E+03
 1.89241666700000E+03, -4.52931926125208E-01, -2.49750000000000E-01,  7.57020582948561E-01,  2.68300000000000E+01,  1.84796277250231E+03,  2.92384213696027E+03
 1.89250000000000E+03, -4.24665135595342E-01, -2.98000000000000E-01,  7.58319408894874E-01,  2.70100000000000E+01,  2.30821538044946E+03,  3.43388678092030E+03
 1.89258333300000E+03, -3.97182404658047E-01, -1.99750000000000E-01,  7.59717121069846E-01,  2.71900000000000E+01,  2.37520647511425E+03,  3.45447839939135E+03
 1.89266666700000E+03, -4.00238504978538E-01, -1.74000000000000E-01,  7.61214597230237E-01,  2.73700000000000E+01,  2.07629187829893E+03,  2.89361630547910E+03
 1.89275000000000E+03, -4.34985558957675E-01, -4.73750000000000E-01,  7.62812651946359E-01,  2.75500000000000E+01,  1.82893395177827E+03,  2.34965709892690E+03
 1.89283333300000E+03, -4.80668855902551E-01, -7.59500000000000E-01,  7.66490997938497E-01,  2.77300000000000E+01,  1.28242397724588E+03,  1.66491340279332E+03
 1.89291666700000E+03, -5.05196392741233E-01, -8.31250000000000E-01,  7.68404850962355E-01,  2.79100000000000E+01,  6.12628605962872E+02,  8.86893301463149E+02
 1.89300000000000E+03, -5.06263924532044E-01, -8.03250000000000E-01,  7.70421913351113E-01,  2.80900000000000E+01,  6.54613493740097E+02,  8.13681312667726E+02
 1.89308333300000E+03, -4.92158978223912E-01, -6.85750000000000E-01,  7.72542644094428E-01,  2.82700000000000E+01,  9.88798187156922E+02,  1.24495536941569E+03
 1.89316666700000E+03, -4.85178177396948E-01, -5.19000000000000E-01,  7.74767425893759E-01,  2.84500000000000E+01,  8.84428595036530E+02,  1.19060968787006E+03
 1.89325000000000E+03, -4.86473644612322E-01, -4.68500000000000E-01,  7.77096563071336E-01,  2.86300000000000E+01,  9.46550414292281E+02,  1.16554565994789E+03
 1.89333333300000E+03, -4.86432747669806E-01, -5.21250000000000E-01,  4.93278277345065E-01,  2.88100000000000E+01,  1.39880073267773E+03,  1.90685253512339E+03
 1.89341666700000E+03, -4.69434248378815E-01, -5.09500000000000E-01,  4.93202900850189E-01,  2.89900000000000E+01,  1.43371201435559E+03,  2.35660465670784E+03
 1.89350000000000E+03, -4.35478146719234E-01, -4.06500000000000E-01,  4.93127295517829E-01,  2.91700000000000E+01,  1.16442862525223E+03,  2.13440747150316E+03
 1.89358333300000E+03, -4.06424348529173E-01, -3.32250000000000E-01,  4.93051460866347E-01,  2.93500000000000E+01,  1.33453780409037E+03,  2.33937633847887E+03
 1.89366666700000E+03, -4.07558553740835E-01, -3.31250000000000E-01,  4.92975396415624E-01,  2.95300000000000E+01,  1.70113147912062E+03,  2.73308472335734E+03
 1.89375000000000E+03, -4.39748280665882E-01, -4.10500000000000E-01,  4.92899101687106E-01,  2.97100000000000E+01,  1.75734138010701E+03,  2.46297689467627E+03
 1.89383333300000E+03, -4.82905802053124E-01, -5.55000000000000E-01,  4.92122891830186E-01,  2.98900000000000E+01,  1.75238814810313E+03,  2.11453346410934E+03
 1.89391666700000E+03, -5.05324476368539E-01, -6.83000000000000E-01,  4.92044031471399E-01,  3.00700000000000E+01,  1.83932813084641E+03,  2.09591318397238E+03
 1.89400000000000E+03, -5.05269266847965E-01, -7.14500000000000E-01,  4.91964935225610E-01,  3.02500000000000E+01,  1.61624804784101E+03,  1.76609554722624E+03
 1.89408333300000E+03, -4.90710511892355E-01, -6.39750000000000E-01,  4.91885602638257E-01,  3.04300000000000E+01,  1.12458301370851E+03,  1.11292358859161E+03
 1.89416666700000E+03, -4.86177394636694E-01, -5.72000000000000E-01,  4.91806033256923E-01,  3.06100000000000E+01,  8.51359451041200E+02,  8.24589581983186E+02
 1.89425000000000E+03, -4.92537433689040E-01, -5.94500000000000E-01,  4.91726226631380E-01,  3.07900000000000E+01,  7.50754190308558E+02,  8.96998643752117E+02
 1.89433333300000E+03, -4.99876535659867E-01, -7.26750000000000E-01,  7.74546652321800E-01,  3.09700000000000E+01,  6.25767911134008E+02,  8.67525031009407E+02
 1.89441666700000E+03, -4.87593135460659E-01, -8.41250000000000E-01,  7.76535802428197E-01,  3.11500000000000E+01,  6.01272199423135E+02,  7.98274557010366E+02
 1.89450000000000E+03, -4.55687232931998E-01, -9.04250000000000E-01,  7.78518092879283E-01,  3.13300000000000E+01,  5.79121955876909E+02,  8.26889819956960E+02
 1.89458333300000E+03, -4.25814120680242E-01, -9.36750000000000E-01,  7.80493177590817E-01,  3.15100000000000E+01,  5.00450280648004E+02,  7.75696490801626E+02
 1.89466666700000E+03, -4.25361931491145E-01, -8.53500000000000E-01,  7.82460707154152E-01,  3.16900000000000E+01,  5.94646278814862E+02,  7.43367767158675E+02
 1.89475000000000E+03, -4.54748971564757E-01, -7.88000000000000E-01,  7.84420328882824E-01,  3.18700000000000E+01,  7.52377070739189E+02,  8.52155625631831E+02
 1.89483333300000E+03, -4.94681584402673E-01, -7.69250000000000E-01,  7.81088296904569E-01,  3.20500000000000E+01,  7.85857794018002E+02,  8.97552654051581E+02
 1.89491666700000E+03, -5.14051728077395E-01, -7.25000000000000E-01,  7.83053475173095E-01,  3.22300000000000E+01,  7.67721131821668E+02,  8.68164392770531E+02
 1.89500000000000E+03, -5.12022790033616E-01, -7.06250000000000E-01,  7.85010638438168E-01,  3.24100000000000E+01,  6.25995648811142E+02,  8.11312112708438E+02
 1.89508333300000E+03, -4.96182319693354E-01, -6.88000000000000E-01,  7.86959429819385E-01,  3.25900000000000E+01,  4.16817120870087E+02,  6.75083073776303E+02
 1.89516666700000E+03, -4.88523750989458E-01, -6.57500000000000E-01,  7.88899489275397E-01,  3.27700000000000E+01,  4.32788961238270E+02,  6.89919895455355E+02
 1.89525000000000E+03, -4.89465390277465E-01, -6.53750000000000E-01,  7.90830453658978E-01,  3.29500000000000E+01,  6.27488770668080E+02,  9.69160519553548E+02
 1.89533333300000E+03, -4.90315437577126E-01, -6.71500000000000E-01,  1.14286444412217E+00,  3.31300000000000E+01,  7.67594734544971E+02,  1.23215287331835E+03
 1.89541666700000E+03, -4.76904741624748E-01, -6.49250000000000E-01,  1.13973987473412E+00,  3.33100000000000E+01,  7.95925708524035E+02,  1.28172483832383E+03
 1.89550000000000E+03, -4.49233302431731E-01, -5.91750000000000E-01,  1.13654674929438E+00,  3.34900000000000E+01,  7.66298462474624E+02,  1.18058561587104E+03
 1.89558333300000E+03, -4.28251924392323E-01, -5.36750000000000E-01,  1.13329372468476E+00,  3.36700000000000E+01,  7.92735217110788E+02,  1.16228373148509E+03
 1.89566666700000E+03, -4.36679969169960E-01, -5.03750000000000E-01,  1.12998973026754E+00,  3.38500000000000E+01,  8.69636788764249E+02,  1.28592130292321E+03
 1.89575000000000E+03, -4.76459241118790E-01, -4.62750000000000E-01,  1.12664395676029E+00,  3.40300000000000E+01,  8.79085415965789E+02,  1.29516563795939E+03
 1.89583333300000E+03, -5.25897811496218E-01, -3.89750000000000E-01,  1.12347669121313E+00,  3.42100000000000E+01,  8.91160138254756E+02,  1.24389201159442E+03
 1.89591666700000E+03, -5.54158288770952E-01, -3.41000000000000E-01,  1.12007703910808E+00,  3.43900000000000E+01,  1.10157105461872E+03,  1.48690907703174E+03
 1.89600000000000E+03, -5.57357064038506E-01, -2.49000000000000E-01,  1.11666400182196E+00,  3.45700000000000E+01,  1.47718891151684E+03,  1.93750231401969E+03
 1.89608333300000E+03, -5.42171709951258E-01, -1.53500000000000E-01,  1.11324767403832E+00,  3.47500000000000E+01,  1.67945924878480E+03,  2.15314976700091E+03
 1.89616666700000E+03, -5.29035041577932E-01, -1.73250000000000E-01,  1.10983834386716E+00,  3.49300000000000E+01,  1.61572681700913E+03,  2.05808039546279E+03
 1.89625000000000E+03, -5.17171409590637E-01, -2.41500000000000E-01,  1.10644647645889E+00,  3.51100000000000E+01,  1.61237437320944E+03,  2.03154542322853E+03
 1.89633333300000E+03, -5.00458712230879E-01, -2.99750000000000E-01,  1.13805576132048E+00,  3.52900000000000E+01,  1.52913913793754E+03,  2.01171307106086E+03
 1.89641666700000E+03, -4.64701441040475E-01, -3.75000000000000E-01,  1.14169987988510E+00,  3.54700000000000E+01,  9.90038286695500E+02,  1.48043486068642E+03
 1.89650000000000E+03, -4.15334503846373E-01, -4.69250000000000E-01,  1.14520078991953E+00,  3.56500000000000E+01,  5.03429528240017E+02,  8.19632878591384E+02
 1.89658333300000E+03, -3.71556865125426E-01, -5.48750000000000E-01,  1.14855471193907E+00,  3.58300000000000E+01,  5.41820794750361E+02,  7.60837701633370E+02
 1.89666666700000E+03, -3.57345198861312E-01, -6.62500000000000E-01,  1.15175801807199E+00,  3.60100000000000E+01,  6.10822022199159E+02,  8.59048352367781E+02
 1.89675000000000E+03, -3.69982051291765E-01, -7.75000000000000E-01,  1.15480724112540E+00,  3.61900000000000E+01,  4.62122178555860E+02,  6.35314660992463E+02
 1.89683333300000E+03, -3.92285996499471E-01, -7.06750000000000E-01,  1.16019798026327E+00,  3.63700000000000E+01,  4.08746509163614E+02,  4.98659024303790E+02
 1.89691666700000E+03, -3.95959021942050E-01, -4.77500000000000E-01,  1.16278030190291E+00,  3.65500000000000E+01,  4.39798008625528E+02,  5.56620800691015E+02
 1.89700000000000E+03, -3.80586314950449E-01, -2.44750000000000E-01,  1.16519669052330E+00,  3.67300000000000E+01,  4.51813738603164E+02,  5.84397346762474E+02
 1.89708333300000E+03, -3.51332814938332E-01, -1.03750000000000E-01,  1.16744459936956E+00,  3.69100000000000E+01,  5.21364541735335E+02,  6.36821233497747E+02
 1.89716666700000E+03, -3.28528910707336E-01, -1.23500000000000E-01,  1.16952169538954E+00,  3.70900000000000E+01,  5.67500705776398E+02,  6.66090432310213E+02
 1.89725000000000E+03, -3.10953153380809E-01, -2.57500000000000E-01,  1.17142586793970E+00,  3.72700000000000E+01,  5.80142783757292E+02,  6.30887018376397E+02
 1.89733333300000E+03, -2.93392749978877E-01, -3.56500000000000E-01,  8.54806690901239E-01,  3.74500000000000E+01,  7.90021311246844E+02,  8.08278971519068E+02
 1.89741666700000E+03, -2.60602629607159E-01, -3.13500000000000E-01,  8.56052326681314E-01,  3.76300000000000E+01,  1.15528115177622E+03,  1.28832888377145E+03
 1.89750000000000E+03, -2.16270127330135E-01, -1.79000000000000E-01,  8.57272429997270E-01,  3.78100000000000E+01,  1.31776974347597E+03,  1.68813464332745E+03
 1.89758333300000E+03, -1.78486225395582E-01, -8.57500000000000E-02,  8.58466598846896E-01,  3.79900000000000E+01,  1.27816196874649E+03,  1.77892486206338E+03
 1.89766666700000E+03, -1.71554447743681E-01,  2.35000000000000E-02,  8.59634433634328E-01,  3.81700000000000E+01,  1.32175872389969E+03,  1.85937711195273E+03
 1.89775000000000E+03, -1.93423720871768E-01,  7.77500000000000E-02,  8.60775537385048E-01,  3.83500000000000E+01,  1.25343461374726E+03,  1.89586070673202E+03
 1.89783333300000E+03, -2.25887980502108E-01, -6.35000000000000E-02,  8.62399757232852E-01,  3.85300000000000E+01,  8.15158371682939E+02,  1.41931214175801E+03
 1.89791666700000E+03, -2.38345618494684E-01, -2.20000000000000E-01,  8.63473251450540E-01,  3.87100000000000E+01,  4.81654744565787E+02,  8.59815677891958E+02
 1.89800000000000E+03, -2.30796634315868E-01, -3.30250000000000E-01,  8.64518661958852E-01,  3.88900000000000E+01,  6.37073223441540E+02,  1.01619101996151E+03
 1.89808333300000E+03, -2.10936379850971E-01, -4.79000000000000E-01,  8.65535606230118E-01,  3.90700000000000E+01,  8.99077551717049E+02,  1.50989151299580E+03
 1.89816666700000E+03, -2.34608157910732E-01, -5.72750000000000E-01,  8.66523705609911E-01,  3.92500000000000E+01,  1.01101715486754E+03,  1.74384485167886E+03
 1.89825000000000E+03, -3.01811970850400E-01, -5.06500000000000E-01,  8.67482585560055E-01,  3.94299999999999E+01,  1.15381386848257E+03,  1.91710972127841E+03
 1.89833333300000E+03, -4.02256275530700E-01, -4.49000000000000E-01,  7.89743216886796E-01,  3.96099999999999E+01,  1.28981156476513E+03,  2.06768607798894E+03
 1.89841666700000E+03, -4.52475514730411E-01, -4.00000000000000E-01,  7.87988598398428E-01,  3.97899999999999E+01,  1.20846727100970E+03,  1.86515719100914E+03
 1.89850000000000E+03, -4.52469686414342E-01, -2.56000000000000E-01,  7.86249484746898E-01,  3.99699999999999E+01,  9.30099273642230E+02,  1.37066696469982E+03
 1.89858333300000E+03, -4.23966785587478E-01, -1.83000000000000E-01,  7.84527500834028E-01,  4.01499999999999E+01,  6.27768097144327E+02,  9.43302681467543E+02
 1.89866666700000E+03, -4.25348876758755E-01, -1.71250000000000E-01,  7.82824290320670E-01,  4.03299999999999E+01,  4.27255307249241E+02,  7.09980589937976E+02
 1.89875000000000E+03, -4.57227928629586E-01, -2.32750000000000E-01,  7.81141514908887E-01,  4.05099999999999E+01,  3.31380292241585E+02,  5.54193622060961E+02
 1.89883333300000E+03, -4.99349003129383E-01, -4.26000000000000E-01,  7.81149466425239E-01,  4.06899999999999E+01,  2.67657596063368E+02,  4.40380484186129E+02
 1.89891666700000E+03, -5.20413656174802E-01, -6.16500000000000E-01,  7.79488695941854E-01,  4.08699999999999E+01,  2.19144238084482E+02,  3.82682951107651E+02
 1.89900000000000E+03, -5.19197950192567E-01, -7.46500000000000E-01,  7.77851726942587E-01,  4.10499999999999E+01,  2.25578134217912E+02,  3.06852458898527E+02
 1.89908333300000E+03, -5.00438536025843E-01, -8.27250000000000E-01,  7.76240270526020E-01,  4.12299999999999E+01,  2.87247654493940E+02,  2.78521886180280E+02
 1.89916666700000E+03, -4.73248135439121E-01, -8.47000000000000E-01,  7.74656052615127E-01,  4.14099999999999E+01,  3.48156821211069E+02,  3.74236697528231E+02
 1.89925000000000E+03, -4.36361045716903E-01, -8.04500000000000E-01,  7.73100813062809E-01,  4.15899999999999E+01,  3.54448691482317E+02,  4.14053198911593E+02
 1.89933333300000E+03, -3.85943841775314E-01, -7.36000000000000E-01,  1.17546881802189E+00,  4.17699999999999E+01,  3.33037389465169E+02,  3.70841020263256E+02
 1.89941666700000E+03, -3.31743830879626E-01, -6.36750000000000E-01,  1.17674791864738E+00,  4.19499999999999E+01,  3.87675449832845E+02,  5.02401413438422E+02
 1.89950000000000E+03, -2.77516355642419E-01, -5.37750000000000E-01,  1.17784754436328E+00,  4.21299999999999E+01,  5.59217073610816E+02,  8.74053514777705E+02
 1.89958333300000E+03, -2.42372195029828E-01, -4.97500000000000E-01,  1.17876696671559E+00,  4.23099999999999E+01,  7.80946631401810E+02,  1.32888373294996E+03
 1.89966666700000E+03, -2.39215322030436E-01, -4.58250000000000E-01,  1.17950573247890E+00,  4.24899999999999E+01,  1.02121947587432E+03,  1.78896081897351E+03
 1.89975000000000E+03, -2.66534337769791E-01, -4.38000000000000E-01,  1.18006367087463E+00,  4.26699999999999E+01,  1.25451017640802E+03,  2.17057607960923E+03
 1.89983333300000E+03, -3.05379576199987E-01, -3.88250000000000E-01,  1.18027701965738E+00,  4.28499999999999E+01,  1.30529085467652E+03,  2.20372591110805E+03
 1.89991666700000E+03, -3.24296927061060E-01, -2.63750000000000E-01,  1.18056299567191E+00,  4.30299999999999E+01,  1.06658038076995E+03,  1.79343679269469E+03
 1.90000000000000E+03, -3.20985943828478E-01, -1.82750000000000E-01,  1.18066900184885E+00,  4.32099999999999E+01,  7.32927771731762E+02,  1.29977611798644E+03
 1.90008333300000E+03, -3.01061842852530E-01, -1.49750000000000E-01,  1.18059591012230E+00,  4.33899999999999E+01,  4.87985276218105E+02,  9.60259686768020E+02
 1.90016666700000E+03, -2.85999775011405E-01, -1.32000000000000E-01,  1.18034490339700E+00,  4.35699999999999E+01,  3.01399281041218E+02,  6.75797718458297E+02
 1.90025000000000E+03, -2.79301816866395E-01, -1.65250000000000E-01,  1.17991748084549E+00,  4.37499999999999E+01,  1.82689901381912E+02,  5.14394350515412E+02
 1.90033333300000E+03, -2.71182092349139E-01, -2.86500000000000E-01,  8.50821143486110E-01,  4.39299999999999E+01,  1.84941666221616E+02,  5.31044540707568E+02
 1.90041666700000E+03, -2.43730116370494E-01, -3.67750000000000E-01,  8.55361693771143E-01,  4.41099999999999E+01,  2.71559029419197E+02,  6.00727726128758E+02
 1.90050000000000E+03, -1.95377986741980E-01, -3.15750000000000E-01,  8.59987267896280E-01,  4.42899999999999E+01,  4.81353186068856E+02,  8.65540517380076E+02
 1.90058333300000E+03, -1.46465501302907E-01, -2.42000000000000E-01,  8.64695754601569E-01,  4.44699999999999E+01,  8.47690218691906E+02,  1.42247655334330E+03
 1.90066666700000E+03, -1.21933888643211E-01, -2.52500000000000E-01,  8.69484929966981E-01,  4.46499999999999E+01,  1.14742496363443E+03,  1.90213321833408E+03
 1.90075000000000E+03, -1.21783148959273E-01, -3.61750000000000E-01,  8.74352457293638E-01,  4.48299999999999E+01,  1.19324157218616E+03,  2.00439213038012E+03
 1.90083333300000E+03, -1.30227138902255E-01, -3.44000000000000E-01,  8.84142256390964E-01,  4.50099999999999E+01,  1.09995718100666E+03,  1.79820591294728E+03
 1.90091666700000E+03, -1.21587654277067E-01, -1.40250000000000E-01,  8.89227353679495E-01,  4.51899999999999E+01,  9.52510581961699E+02,  1.41579861839710E+03
 1.90100000000000E+03, -9.57934382811632E-02, -4.22500000000000E-02,  8.94380426623870E-01,  4.53699999999999E+01,  6.99603850401327E+02,  9.33227124139485E+02
 1.90108333300000E+03, -6.25408881610718E-02, -1.11500000000000E-01,  8.99598581502466E-01,  4.55499999999999E+01,  4.64330441985820E+02,  5.12681106133151E+02
 1.90116666700000E+03, -9.07432337894835E-02, -1.98750000000000E-01,  9.04878814084622E-01,  4.57299999999999E+01,  4.05252788022914E+02,  3.54342421974836E+02
 1.90125000000000E+03, -1.80542991133080E-01, -2.39500000000000E-01,  9.10218010551929E-01,  4.59099999999999E+01,  3.85302599220955E+02,  3.59591012222983E+02
 1.90133333300000E+03, -3.20207274113954E-01, -2.85000000000000E-01,  7.51248598784400E-01,  4.60899999999999E+01,  2.46601431899465E+02,  2.73004659616910E+02
 1.90141666700000E+03, -3.96215169963106E-01, -3.85250000000000E-01,  7.50670410315535E-01,  4.62699999999999E+01,  1.03478235970103E+02,  1.40296056412198E+02
 1.90150000000000E+03, -4.08495419323716E-01, -4.27250000000000E-01,  7.50159508316887E-01,  4.64499999999999E+01,  7.24554907333068E+01,  9.41418160607266E+01
 1.90158333300000E+03, -3.77593193453783E-01, -3.72750000000000E-01,  7.49717632220013E-01,  4.66299999999999E+01,  1.12882206832961E+02,  1.22999291444591E+02
 1.90166666700000E+03, -3.76372820003929E-01, -3.47250000000000E-01,  7.49346503967955E-01,  4.68099999999999E+01,  1.63423788640341E+02,  1.94538329704343E+02
 1.90175000000000E+03, -4.05222026212272E-01, -3.65750000000000E-01,  7.49047826226809E-01,  4.69899999999999E+01,  1.69959427768599E+02,  2.19540493058361E+02
 1.90183333300000E+03, -4.44856597037319E-01, -3.72250000000000E-01,  7.48810598852616E-01,  4.71699999999999E+01,  2.12685702601222E+02,  3.19964962695518E+02
 1.90191666700000E+03, -4.64085655839727E-01, -3.57750000000000E-01,  7.48667118973094E-01,  4.73499999999999E+01,  5.02026265437751E+02,  8.01415550966100E+02
 1.90200000000000E+03, -4.62133747992065E-01, -3.33500000000000E-01,  7.48601175027600E-01,  4.75299999999999E+01,  9.43536181646690E+02,  1.45357385147021E+03
 1.90208333300000E+03, -4.43093292668669E-01, -3.65000000000000E-01,  7.48614372146578E-01,  4.77099999999999E+01,  1.20446732992079E+03,  1.83786099804207E+03
 1.90216666700000E+03, -4.23748142080106E-01, -4.96500000000000E-01,  7.48708286640914E-01,  4.78899999999999E+01,  1.25875224103756E+03,  1.96084964423039E+03
 1.90225000000000E+03, -4.04365542816375E-01, -6.16500000000000E-01,  7.48884464032412E-01,  4.80699999999999E+01,  1.20579912097632E+03,  1.86561385796543E+03
 1.90233333300000E+03, -3.83156287088403E-01, -6.25750000000000E-01,  1.17201739238308E+00,  4.82499999999999E+01,  9.32892953762509E+02,  1.46040069071312E+03
 1.90241666700000E+03, -3.56867722254981E-01, -6.12500000000000E-01,  1.17025737219578E+00,  4.84299999999999E+01,  4.97468565688093E+02,  9.26931692347851E+02
 1.90250000000000E+03, -3.25740809853536E-01, -7.11250000000000E-01,  1.16834975834452E+00,  4.86099999999999E+01,  2.31442107085418E+02,  5.90119107026087E+02
 1.90258333300000E+03, -3.07961168269238E-01, -8.56250000000000E-01,  1.16629943045953E+00,  4.87899999999999E+01,  2.31985040685722E+02,  5.58596094640424E+02
 1.90266666700000E+03, -3.19990362546406E-01, -8.11250000000000E-01,  1.16411160882984E+00,  4.89699999999999E+01,  2.97549245131925E+02,  6.69121154750656E+02
 1.90275000000000E+03, -3.65450309555937E-01, -6.74250000000000E-01,  1.16179185286423E+00,  4.91499999999999E+01,  3.13103598210367E+02,  7.10032454617320E+02
 1.90283333300000E+03, -4.20998735469057E-01, -6.34500000000000E-01,  1.16031866387726E+00,  4.93299999999999E+01,  3.13564101051933E+02,  6.57052616032761E+02
 1.90291666700000E+03, -4.57127181981443E-01, -5.11750000000000E-01,  1.15779922546205E+00,  4.95099999999999E+01,  3.49275533969497E+02,  6.62657324707957E+02
 1.90300000000000E+03, -4.66044733554795E-01, -3.25750000000000E-01,  1.15516393077538E+00,  4.96899999999999E+01,  4.60481973271928E+02,  8.87247843730379E+02
 1.90308333300000E+03, -4.56612588424081E-01, -2.83000000000000E-01,  1.15241953872948E+00,  4.98699999999999E+01,  5.70407574059079E+02,  1.15959444270706E+03
 1.90316666700000E+03, -4.58627022156956E-01, -3.18750000000000E-01,  1.14957313068657E+00,  5.00499999999999E+01,  5.52726552590494E+02,  1.15371267254431E+03
 1.90325000000000E+03, -4.76442673539330E-01, -3.57500000000000E-01,  1.14663210464712E+00,  5.02299999999999E+01,  5.44968606389880E+02,  1.09444986099046E+03
 1.90333333300000E+03, -5.03781726331704E-01, -4.10000000000000E-01,  1.07659511474462E+00,  5.04099999999999E+01,  6.90371746749995E+02,  1.22278754708731E+03
 1.90341666700000E+03, -5.07247572720196E-01, -3.84000000000000E-01,  1.08009198801061E+00,  5.05899999999999E+01,  7.56139903502101E+02,  1.12044054818581E+03
 1.90350000000000E+03, -4.86534091840548E-01, -3.26250000000000E-01,  1.08390597325029E+00,  5.07699999999999E+01,  6.48351593386215E+02,  7.57627794373073E+02
 1.90358333300000E+03, -4.61354450940370E-01, -3.13000000000000E-01,  1.08803722109549E+00,  5.09499999999999E+01,  6.18911974519284E+02,  6.46987261810062E+02
 1.90366666700000E+03, -4.65294275740484E-01, -2.94000000000000E-01,  1.09248512768638E+00,  5.11299999999999E+01,  6.15953691894443E+02,  6.59327591888273E+02
 1.90375000000000E+03, -4.98353566375817E-01, -3.67750000000000E-01,  1.09724831859028E+00,  5.13099999999999E+01,  4.14235161579603E+02,  4.61877338874550E+02
 1.90383333300000E+03, -5.39389563819148E-01, -5.45750000000000E-01,  1.10333790260561E+00,  5.14899999999999E+01,  1.87030039403341E+02,  2.88843667324611E+02
 1.90391666700000E+03, -5.56650481876016E-01, -7.20000000000000E-01,  1.10878370790404E+00,  5.16699999999999E+01,  1.44367515643556E+02,  2.99567594777793E+02
 1.90400000000000E+03, -5.49226074246738E-01, -8.02250000000000E-01,  1.11453509635494E+00,  5.18499999999999E+01,  1.76026104204594E+02,  3.32524094181149E+02
 1.90408333300000E+03, -5.25373620805191E-01, -7.55500000000000E-01,  1.12058732642606E+00,  5.20299999999999E+01,  1.79767531300137E+02,  3.16597196786934E+02
 1.90416666700000E+03, -5.09940909830498E-01, -7.77500000000000E-01,  1.12693483110825E+00,  5.22099999999999E+01,  1.93730086815013E+02,  2.72346262291106E+02
 1.90425000000000E+03, -5.04748433412607E-01, -8.32250000000000E-01,  1.13357121357707E+00,  5.23899999999999E+01,  2.30667258006455E+02,  2.21962747511936E+02
 1.90433333300000E+03, -5.01660205236190E-01, -7.46250000000000E-01,  7.88032326474065E-01,  5.25699999999999E+01,  2.87414204827652E+02,  2.61069983853799E+02
 1.90441666700000E+03, -4.82184425159685E-01, -6.33500000000000E-01,  7.90906203812579E-01,  5.27499999999999E+01,  3.72076048167130E+02,  4.68295680485533E+02
 1.90450000000000E+03, -4.45410847257493E-01, -5.71250000000000E-01,  7.93884449337729E-01,  5.29299999999999E+01,  4.20631418302858E+02,  6.78285219834523E+02
 1.90458333300000E+03, -4.11248180996505E-01, -5.08750000000000E-01,  7.96966743714955E-01,  5.31099999999999E+01,  3.89873441152513E+02,  7.16150357162070E+02
 1.90466666700000E+03, -4.04710253831242E-01, -4.85000000000000E-01,  8.00152673334345E-01,  5.32899999999999E+01,  3.63303993896829E+02,  7.31319218268657E+02
 1.90475000000000E+03, -4.25797065940476E-01, -5.48750000000000E-01,  8.03441728583735E-01,  5.34699999999999E+01,  3.60962674140760E+02,  7.51831702264857E+02
 1.90483333300000E+03, -4.55291190026367E-01, -5.32000000000000E-01,  8.09216363071130E-01,  5.36499999999999E+01,  3.71927773148077E+02,  6.52507401955688E+02
 1.90491666700000E+03, -4.63121185427746E-01, -4.14000000000000E-01,  8.12779059315478E-01,  5.38299999999999E+01,  5.35289391256139E+02,  7.22467204893778E+02
 1.90500000000000E+03, -4.46523676396570E-01, -3.50000000000000E-01,  8.16442147722565E-01,  5.40099999999999E+01,  8.05404189280763E+02,  1.09163727980092E+03
 1.90508333300000E+03, -4.13733778197035E-01, -3.12000000000000E-01,  8.20204647749183E-01,  5.41899999999999E+01,  9.21810557809872E+02,  1.35726936036020E+03
 1.90516666700000E+03, -3.86896913374358E-01, -3.41750000000000E-01,  8.24065474279118E-01,  5.43699999999999E+01,  8.84412447800723E+02,  1.41064480610414E+03
 1.90525000000000E+03, -3.68015524502582E-01, -4.92250000000000E-01,  8.28023436371598E-01,  5.45499999999999E+01,  7.60836218723290E+02,  1.34644443802894E+03
 1.90533333300000E+03, -3.46982572192532E-01, -4.98750000000000E-01,  8.38027302183937E-01,  5.47299999999999E+01,  5.10831871673269E+02,  1.08979640610175E+03
 1.90541666700000E+03, -3.06542073488226E-01, -3.76500000000000E-01,  8.42307683130196E-01,  5.49099999999999E+01,  3.37311557168327E+02,  8.49103176887527E+02
 1.90550000000000E+03, -2.50979269725814E-01, -4.38750000000000E-01,  8.46678627374796E-01,  5.50899999999999E+01,  3.86495745791346E+02,  8.12846029629739E+02
 1.90558333300000E+03, -1.99594702175976E-01, -5.75750000000000E-01,  8.51138351794940E-01,  5.52699999999999E+01,  4.61085387077647E+02,  7.85574117481634E+02
 1.90566666700000E+03, -1.81806659368314E-01, -5.63750000000000E-01,  8.55684961693066E-01,  5.54499999999999E+01,  4.75661524786824E+02,  7.22227879556359E+02
 1.90575000000000E+03, -1.94090833503849E-01, -4.33750000000000E-01,  8.60316450307174E-01,  5.56299999999999E+01,  4.67835948606375E+02,  6.69158993199331E+02
 1.90583333300000E+03, -2.20236884662977E-01, -2.77000000000000E-01,  8.59252512641080E-01,  5.58099999999999E+01,  3.76659113482627E+02,  4.94275805629440E+02
 1.90591666700000E+03, -2.22683874321418E-01, -1.47000000000000E-01,  8.63948073433640E-01,  5.59899999999999E+01,  2.51920506355410E+02,  2.56292019321070E+02
 1.90600000000000E+03, -1.97949714869666E-01, -5.62500000000000E-02,  8.68724680960956E-01,  5.61699999999999E+01,  1.94037512283883E+02,  1.53414168653412E+02
 1.90608333300000E+03, -1.56438555205152E-01, -4.05000000000000E-02,  8.73580016305482E-01,  5.63499999999999E+01,  1.73775444324008E+02,  1.60498107324260E+02
 1.90616666700000E+03, -1.45862924554773E-01, -9.57500000000000E-02,  8.78511647775922E-01,  5.65299999999999E+01,  1.79021507816589E+02,  1.72520196753455E+02
 1.90625000000000E+03, -1.73186998153773E-01, -1.51750000000000E-01,  8.83517031042136E-01,  5.67099999999999E+01,  2.50815100506624E+02,  2.24689416089773E+02
 1.90633333300000E+03, -2.27162272779388E-01, -2.28250000000000E-01,  1.17916174790417E+00,  5.68899999999999E+01,  3.79903107379575E+02,  3.78465639899970E+02
 1.90641666700000E+03, -2.50238395239261E-01, -2.44500000000000E-01,  1.17835012095896E+00,  5.70699999999999E+01,  5.21770675052938E+02,  5.96124602522887E+02
 1.90650000000000E+03, -2.38933277384280E-01, -1.28750000000000E-01,  1.17736910154325E+00,  5.72499999999999E+01,  6.52634999320710E+02,  8.38683145639991E+02
 1.90658333300000E+03, -2.14293684863476E-01,  5.00000000000000E-02,  1.17622157066648E+00,  5.74299999999999E+01,  7.32361454401361E+02,  1.06206260578963E+03
 1.90666666700000E+03, -2.20360476529397E-01,  1.17500000000000E-01,  1.17491074571549E+00,  5.76099999999999E+01,  6.82224102388542E+02,  1.16587296611163E+03
 1.90675000000000E+03, -2.59965857825358E-01, -8.62500000000000E-02,  1.17344018268024E+00,  5.77899999999999E+01,  5.53556603610327E+02,  1.20122247731743E+03
 1.90683333300000E+03, -3.10579023630544E-01, -4.07000000000000E-01,  1.17257075018321E+00,  5.79699999999999E+01,  5.00116998827228E+02,  1.27328242890316E+03
 1.90691666700000E+03, -3.41872296843913E-01, -5.43500000000000E-01,  1.17086097892435E+00,  5.81499999999999E+01,  5.02320214573778E+02,  1.27541624258638E+03
 1.90700000000000E+03, -3.48181266408868E-01, -4.75750000000000E-01,  1.16900206254572E+00,  5.83299999999999E+01,  4.77112866977695E+02,  1.17106818720500E+03
 1.90708333300000E+03, -3.42281827682846E-01, -5.04500000000000E-01,  1.16699876684561E+00,  5.85099999999999E+01,  4.55177873932778E+02,  1.06408946308967E+03
 1.90716666700000E+03, -3.43813894190184E-01, -5.45000000000000E-01,  1.16485619863852E+00,  5.86899999999999E+01,  4.14631220463431E+02,  8.86566395496431E+02
 1.90725000000000E+03, -3.55609671318227E-01, -4.83250000000000E-01,  1.16257980445067E+00,  5.88699999999999E+01,  3.18114017800621E+02,  5.98678325429435E+02
 1.90733333300000E+03, -3.62722731910189E-01, -5.59000000000000E-01,  1.16848224330339E+00,  5.90499999999999E+01,  2.65614048859568E+02,  4.22269390656457E+02
 1.90741666700000E+03, -3.53758944974371E-01, -6.33500000000000E-01,  1.16644132915521E+00,  5.92299999999999E+01,  3.44006748233640E+02,  5.45608260047153E+02
 1.90750000000000E+03, -3.28718310767220E-01, -5.50000000000000E-01,  1.16426256045184E+00,  5.94099999999999E+01,  4.63054931031271E+02,  8.05337813412716E+02
 1.90758333300000E+03, -3.11458190586956E-01, -4.55250000000000E-01,  1.16195147391631E+00,  5.95899999999999E+01,  4.88078016754519E+02,  9.03737792649127E+02
 1.90766666700000E+03, -3.24291151861497E-01, -4.37250000000000E-01,  1.15951394330944E+00,  5.97699999999999E+01,  5.12849557340990E+02,  9.64742552959773E+02
 1.90775000000000E+03, -3.71102738507148E-01, -4.74250000000000E-01,  1.15695617648606E+00,  5.99499999999999E+01,  6.82033575862405E+02,  1.23607325283174E+03
 1.90783333300000E+03, -4.29933722534800E-01, -4.98000000000000E-01,  1.15274413348777E+00,  6.01299999999999E+01,  8.25032897432746E+02,  1.43058349899930E+03
 1.90791666700000E+03, -4.68726794428855E-01, -4.62750000000000E-01,  1.14990921721529E+00,  6.03099999999999E+01,  8.15815646846615E+02,  1.34763113688225E+03
 1.90800000000000E+03, -4.79710866242096E-01, -3.91000000000000E-01,  1.14697880638249E+00,  6.04899999999999E+01,  8.07079000807780E+02,  1.27021185227931E+03
 1.90808333300000E+03, -4.73606767352105E-01, -4.44750000000000E-01,  1.14396057330604E+00,  6.06699999999999E+01,  7.39830836422112E+02,  1.16048818362102E+03
 1.90816666700000E+03, -4.71308445588059E-01, -5.05500000000000E-01,  1.14086249375624E+00,  6.08499999999999E+01,  4.80245996185853E+02,  8.13494790299588E+02
 1.90825000000000E+03, -4.76701444870763E-01, -4.31750000000000E-01,  1.13769283874447E+00,  6.10299999999999E+01,  2.39695584996989E+02,  4.84572122522327E+02
 1.90833333300000E+03, -4.77209359141156E-01, -4.76250000000000E-01,  8.03344180651527E-01,  6.12099999999999E+01,  1.60633681939047E+02,  3.63162602728734E+02
 1.90841666700000E+03, -4.58550177829979E-01, -5.32750000000000E-01,  8.05193689378784E-01,  6.13899999999999E+01,  1.28646402523823E+02,  3.22175002078956E+02
 1.90850000000000E+03, -4.20723901003157E-01, -4.22500000000000E-01,  8.07030855910558E-01,  6.15699999999999E+01,  1.12137056244761E+02,  3.16336040893136E+02
 1.90858333300000E+03, -3.86519858893274E-01, -3.91250000000000E-01,  8.08855290601680E-01,  6.17499999999999E+01,  1.16493202453067E+02,  3.01698003245995E+02
 1.90866666700000E+03, -3.80674552435917E-01, -4.58000000000000E-01,  8.10666601460331E-01,  6.19299999999999E+01,  1.08187645212136E+02,  2.11486178078402E+02
 1.90875000000000E+03, -4.03187981813840E-01, -4.37750000000000E-01,  8.12464394237265E-01,  6.21099999999999E+01,  1.35870602240075E+02,  1.76578517291448E+02
 1.90883333300000E+03, -4.35373758539146E-01, -4.36250000000000E-01,  8.15871521858913E-01,  6.22899999999999E+01,  2.14973761340289E+02,  2.95336810745504E+02
 1.90891666700000E+03, -4.47126194575131E-01, -4.47000000000000E-01,  8.17627610198568E-01,  6.24699999999999E+01,  2.60862464386284E+02,  4.16448849009851E+02
 1.90900000000000E+03, -4.38445289419393E-01, -3.95250000000000E-01,  8.19368616245027E-01,  6.26499999999999E+01,  2.53737339642620E+02,  4.37115447387984E+02
 1.90908333300000E+03, -4.13812495712422E-01, -3.86250000000000E-01,  8.21094136057974E-01,  6.28299999999999E+01,  2.53530252208362E+02,  4.60167861234953E+02
 1.90916666700000E+03, -3.94262909214383E-01, -3.72000000000000E-01,  8.22803764035826E-01,  6.30099999999999E+01,  2.97811023407151E+02,  5.41301186620355E+02
 1.90925000000000E+03, -3.79281140394985E-01, -3.19250000000000E-01,  8.24497093028456E-01,  6.31899999999999E+01,  4.41750262924061E+02,  6.91326646114945E+02
 1.90933333300000E+03, -3.66556941960443E-01, -2.87250000000000E-01,  8.39241765593657E-01,  6.33699999999999E+01,  7.15335965564262E+02,  9.78673657424904E+02
 1.90941666700000E+03, -3.42777788765459E-01, -2.59500000000000E-01,  8.37620015621240E-01,  6.35499999999999E+01,  9.62784503736094E+02,  1.27045091898212E+03
 1.90950000000000E+03, -3.08974460682927E-01, -2.19250000000000E-01,  8.35977834928999E-01,  6.37299999999999E+01,  1.02212224753234E+03,  1.34381167688045E+03
 1.90958333300000E+03, -2.82885630153891E-01, -1.87750000000000E-01,  8.34316156161467E-01,  6.39099999999999E+01,  9.34574792063533E+02,  1.23821858355220E+03
 1.90966666700000E+03, -2.86101394731738E-01, -2.03750000000000E-01,  8.32635938950741E-01,  6.40899999999999E+01,  7.27114816089841E+02,  9.92544471213249E+02
 1.90975000000000E+03, -3.19838823559803E-01, -3.16750000000000E-01,  8.30938169943000E-01,  6.42699999999999E+01,  4.10843901567677E+02,  5.98557017470351E+02
 1.90983333300000E+03, -3.62808449041305E-01, -4.46750000000000E-01,  8.32266851930109E-01,  6.44499999999999E+01,  1.83891265447954E+02,  3.15055776600403E+02
 1.90991666700000E+03, -3.86666493077607E-01, -4.41750000000000E-01,  8.30565385950425E-01,  6.46299999999999E+01,  1.54408184848999E+02,  2.97634805746840E+02
 1.91000000000000E+03, -3.87948037101858E-01, -4.49250000000000E-01,  8.28847606673803E-01,  6.48099999999999E+01,  1.81090179133974E+02,  3.47231486207876E+02
 1.91008333300000E+03, -3.77093090309903E-01, -5.65750000000000E-01,  8.27114560671464E-01,  6.49900000000000E+01,  1.87529443398809E+02,  3.59176526071641E+02
 1.91016666700000E+03, -3.86563723009036E-01, -6.38750000000000E-01,  8.25367321485421E-01,  6.51700000000000E+01,  2.00868434271391E+02,  3.79929478594858E+02
 1.91025000000000E+03, -4.18092395261767E-01, -6.59000000000000E-01,  8.23606989572825E-01,  6.53500000000000E+01,  1.88324938457503E+02,  3.54239144426595E+02
 1.91033333300000E+03, -4.57213118374234E-01, -5.98500000000000E-01,  1.12490073059451E+00,  6.55300000000000E+01,  1.44704390977365E+02,  2.61112773090508E+02
 1.91041666700000E+03, -4.62377947111930E-01, -4.22000000000000E-01,  1.12899391917295E+00,  6.57100000000000E+01,  1.26508983198754E+02,  2.02850602915683E+02
 1.91050000000000E+03, -4.33586880809767E-01, -2.80000000000000E-01,  1.13295750230287E+00,  6.58900000000000E+01,  1.20174621466870E+02,  1.87062125642564E+02
 1.91058333300000E+03, -3.94053980785328E-01, -2.72250000000000E-01,  1.13678725958019E+00,  6.60700000000000E+01,  1.03670093451983E+02,  1.48910448007444E+02
 1.91066666700000E+03, -3.83262670192203E-01, -2.57750000000000E-01,  1.14047909213767E+00,  6.62500000000000E+01,  1.79299570918812E+02,  2.11395762510992E+02
 1.91075000000000E+03, -4.01212949341468E-01, -3.06250000000000E-01,  1.14402903160024E+00,  6.64300000000000E+01,  3.77582352035612E+02,  4.68297016973465E+02
 1.91083333300000E+03, -4.30225201632997E-01, -5.16500000000000E-01,  1.14584173567532E+00,  6.66100000000000E+01,  5.45918860307015E+02,  7.18770022343568E+02
 1.91091666700000E+03, -4.37772753999177E-01, -6.14250000000000E-01,  1.14916765465194E+00,  6.67900000000000E+01,  6.37518820333870E+02,  8.76300212345155E+02
 1.91100000000000E+03, -4.23280259961463E-01, -5.39500000000000E-01,  1.15234229432606E+00,  6.69700000000000E+01,  6.91883156507047E+02,  1.01965105119674E+03
 1.91108333300000E+03, -3.95176536804701E-01, -3.87750000000000E-01,  1.15536221867973E+00,  6.71500000000000E+01,  6.15943455719935E+02,  9.97694739693397E+02
 1.91116666700000E+03, -3.87548354896960E-01, -2.40000000000000E-01,  1.15822416313993E+00,  6.73300000000000E+01,  4.18183947056596E+02,  7.77857945597940E+02
 1.91125000000000E+03, -4.01546406995560E-01, -2.76000000000000E-01,  1.16092504362229E+00,  6.75100000000000E+01,  2.58269557972459E+02,  6.09793710029604E+02
 1.91133333300000E+03, -4.27782052469333E-01, -3.74000000000000E-01,  7.56925831342249E-01,  6.76900000000001E+01,  1.62549377818654E+02,  5.08141556856319E+02
 1.91141666700000E+03, -4.29453599360803E-01, -3.88500000000000E-01,  7.58217174979270E-01,  6.78700000000001E+01,  1.09938232069780E+02,  3.88482534623837E+02
 1.91150000000000E+03, -4.05985701086118E-01, -3.76500000000000E-01,  7.59607335570945E-01,  6.80500000000001E+01,  1.27052712926667E+02,  3.37449693752031E+02
 1.91158333300000E+03, -3.78046366410970E-01, -3.81250000000000E-01,  7.61097195589998E-01,  6.82300000000001E+01,  1.67716464082783E+02,  3.15693744020132E+02
 1.91166666700000E+03, -3.80507458703774E-01, -4.10000000000000E-01,  7.62687574488367E-01,  6.84100000000001E+01,  2.00586293270674E+02,  2.39630867960732E+02
 1.91175000000000E+03, -4.14298225001093E-01, -4.56500000000000E-01,  7.64379226520932E-01,  6.85900000000001E+01,  2.73735527831978E+02,  2.23952559310915E+02
 1.91183333300000E+03, -4.58665436982586E-01, -5.36000000000000E-01,  7.67455112735336E-01,  6.87700000000001E+01,  3.89035284092902E+02,  3.49123545456769E+02
 1.91191666700000E+03, -4.81835342952180E-01, -5.41250000000000E-01,  7.69421589819727E-01,  6.89500000000001E+01,  4.61560093624938E+02,  5.02909751375925E+02
 1.91200000000000E+03, -4.81949448677049E-01, -4.43000000000000E-01,  7.71491519974163E-01,  6.91300000000001E+01,  4.59972382450051E+02,  5.91057743565987E+02
 1.91208333300000E+03, -4.64173435998323E-01, -4.44250000000000E-01,  7.73665323507574E-01,  6.93100000000001E+01,  5.20060010521558E+02,  7.12082256896602E+02
 1.91216666700000E+03, -4.39511517944084E-01, -4.84500000000000E-01,  7.75943343370357E-01,  6.94900000000001E+01,  7.16261446911922E+02,  9.26285251258339E+02
 1.91225000000000E+03, -4.08238477002510E-01, -4.48250000000000E-01,  7.78325843075666E-01,  6.96700000000001E+01,  8.96146226995995E+02,  1.07216175211029E+03
 1.91233333300000E+03, -3.67328917017222E-01, -4.94000000000000E-01,  5.23986530397944E-01,  6.98500000000001E+01,  9.56477039958852E+02,  1.07372490683997E+03
 1.91241666700000E+03, -3.24001064914051E-01, -4.64500000000000E-01,  5.23283384110220E-01,  7.00300000000001E+01,  9.23970814587617E+02,  9.99413259787195E+02
 1.91250000000000E+03, -2.79563849638796E-01, -2.59750000000000E-01,  5.22572839961345E-01,  7.02100000000002E+01,  7.93320999908011E+02,  8.24026653410721E+02
 1.91258333300000E+03, -2.52689626639762E-01, -1.16500000000000E-01,  5.21854854608058E-01,  7.03900000000002E+01,  5.81628941476020E+02,  5.60354146789787E+02
 1.91266666700000E+03, -2.55805673669717E-01, -1.31250000000000E-01,  5.21129384807607E-01,  7.05700000000002E+01,  3.62519947415009E+02,  3.16528862017480E+02
 1.91275000000000E+03, -2.89887590033419E-01, -2.30750000000000E-01,  5.20396387425725E-01,  7.07500000000002E+01,  2.51103401154023E+02,  1.76357250971077E+02
 1.91283333300000E+03, -3.33788724998873E-01, -3.43500000000000E-01,  5.21285052739568E-01,  7.09300000000002E+01,  3.27009036781383E+02,  2.08850651991232E+02
 1.91291666700000E+03, -3.58100653894107E-01, -4.75000000000000E-01,  5.20553667662192E-01,  7.11100000000002E+01,  4.47836198397487E+02,  3.27337348077585E+02
 1.91300000000000E+03, -3.59563249427485E-01, -5.03750000000000E-01,  5.19814721168630E-01,  7.12900000000002E+01,  4.60406827886796E+02,  3.63660806051849E+02
 1.91308333300000E+03, -3.47064279493077E-01, -5.04000000000000E-01,  5.19068170338707E-01,  7.14700000000002E+01,  4.48159524269148E+02,  3.63183349390005E+02
 1.91316666700000E+03, -3.58240563303217E-01, -6.36000000000000E-01,  5.18313972383735E-01,  7.16500000000002E+01,  4.75180075080498E+02,  4.26761504447164E+02
 1.91325000000000E+03, -3.94722165629359E-01, -6.94000000000000E-01,  5.17552084655056E-01,  7.18300000000002E+01,  4.94922729251684E+02,  5.47419850762217E+02
 1.91333333300000E+03, -4.46096591134494E-01, -7.08500000000000E-01,  4.48238747234850E-01,  7.20100000000002E+01,  4.93384100622325E+02,  6.91023727326240E+02
 1.91341666700000E+03, -4.62817422171657E-01, -7.70000000000000E-01,  4.48220323995889E-01,  7.21900000000002E+01,  4.95373541596773E+02,  8.14887858948496E+02
 1.91350000000000E+03, -4.44884657718220E-01, -7.42000000000000E-01,  4.48203853163128E-01,  7.23700000000002E+01,  6.19359987745795E+02,  1.01013584119434E+03
 1.91358333300000E+03, -4.14378904932833E-01, -6.40000000000000E-01,  4.48189358725611E-01,  7.25500000000002E+01,  9.23930443941726E+02,  1.36846478860274E+03
 1.91366666700000E+03, -4.13538891348698E-01, -5.91250000000000E-01,  4.48176864874132E-01,  7.27300000000002E+01,  1.19537346963091E+03,  1.64542880429333E+03
 1.91375000000000E+03, -4.42748160400718E-01, -6.01250000000000E-01,  4.48166396002224E-01,  7.29100000000003E+01,  1.24818409691277E+03,  1.61176803232287E+03
 1.91383333300000E+03, -4.82652547925860E-01, -5.25000000000000E-01,  4.48288013971559E-01,  7.30900000000003E+01,  1.16503507281775E+03,  1.42694386288830E+03
 1.91391666700000E+03, -5.02010208751542E-01, -4.15000000000000E-01,  4.48265220890656E-01,  7.32700000000003E+01,  1.05527929368468E+03,  1.28682465214685E+03
 1.91400000000000E+03, -5.00054055855274E-01, -3.42750000000000E-01,  4.48244326183227E-01,  7.34500000000003E+01,  8.97496602040654E+02,  1.16003944302247E+03
 1.91408333300000E+03, -4.80914372137021E-01, -2.86750000000000E-01,  4.48225353381318E-01,  7.36300000000003E+01,  7.21370361736171E+02,  1.03109365652335E+03
 1.91416666700000E+03, -4.61537657920052E-01, -3.04750000000000E-01,  4.48208326216446E-01,  7.38100000000003E+01,  7.30740752829146E+02,  1.09456480253515E+03
 1.91425000000000E+03, -4.39219443975180E-01, -3.87250000000000E-01,  4.48193268620600E-01,  7.39900000000003E+01,  9.71430596365160E+02,  1.41887661266282E+03
 1.91433333300000E+03, -4.08669367312056E-01, -5.01000000000000E-01,  8.27173906925555E-01,  7.41700000000003E+01,  1.13524746167408E+03,  1.65055358619319E+03
 1.91441666700000E+03, -3.62023664479538E-01, -5.31500000000000E-01,  8.31207445593586E-01,  7.43500000000003E+01,  1.05785477404116E+03,  1.53817606578718E+03
 1.91450000000000E+03, -3.05458361005394E-01, -4.40250000000000E-01,  8.35335723914350E-01,  7.45300000000003E+01,  9.13125381024750E+02,  1.29172074563867E+03
 1.91458333300000E+03, -2.56934917969872E-01, -4.49750000000000E-01,  8.39557250122572E-01,  7.47100000000003E+01,  7.74442843190855E+02,  1.07915505398130E+03
 1.91466666700000E+03, -2.40186246266220E-01, -5.25500000000000E-01,  8.43870422723084E-01,  7.48900000000003E+01,  5.77301263324943E+02,  8.33649219454987E+02
 1.91475000000000E+03, -2.52124333609090E-01, -4.03500000000000E-01,  8.48273529701182E-01,  7.50700000000003E+01,  3.63295558293281E+02,  5.59312288305306E+02
 1.91483333300000E+03, -2.75717530696675E-01, -1.87500000000000E-01,  8.49241955503960E-01,  7.52500000000003E+01,  2.15319973294214E+02,  3.55088244214064E+02
 1.91491666700000E+03, -2.76021198170410E-01, -1.38250000000000E-01,  8.53752066439954E-01,  7.54300000000003E+01,  1.59048724745072E+02,  2.86382524966901E+02
 1.91500000000000E+03, -2.48350882073092E-01, -1.71750000000000E-01,  8.58347918301447E-01,  7.56100000000004E+01,  1.70474944489913E+02,  3.25506050209518E+02
 1.91508333300000E+03, -2.03787753886722E-01, -1.75000000000000E-01,  8.63027439470298E-01,  7.57900000000004E+01,  2.08421844589001E+02,  3.85235111801026E+02
 1.91516666700000E+03, -2.02079027903217E-01, -1.74000000000000E-01,  8.67788445741611E-01,  7.59700000000004E+01,  2.49476037136614E+02,  4.30559837860915E+02
 1.91525000000000E+03, -2.52593613035964E-01, -1.22250000000000E-01,  8.72628640158240E-01,  7.61500000000004E+01,  2.91388808359865E+02,  4.82907698669421E+02
 1.91533333300000E+03, -3.42968752150076E-01, -6.17500000000000E-02,  8.01935662525098E-01,  7.63300000000004E+01,  3.55872449200320E+02,  5.63859482665835E+02
 1.91541666700000E+03, -3.88399456661867E-01, -1.70000000000000E-02,  8.03794259635969E-01,  7.65100000000004E+01,  4.14628022877675E+02,  6.14363219166420E+02
 1.91550000000000E+03, -3.84201271187567E-01, -3.25000000000000E-02,  8.05640807996698E-01,  7.66900000000004E+01,  3.99680349065289E+02,  5.54590641703418E+02
 1.91558333300000E+03, -3.50714000478029E-01, -1.14250000000000E-01,  8.07474919796526E-01,  7.68700000000004E+01,  3.72397497185619E+02,  5.15031454621574E+02
 1.91566666700000E+03, -3.45122135129356E-01, -1.70250000000000E-01,  8.09296204812612E-01,  7.70500000000004E+01,  4.09640955738995E+02,  6.20397870726489E+02
 1.91575000000000E+03, -3.67425675285332E-01, -2.59500000000000E-01,  8.11104270496824E-01,  7.72300000000004E+01,  4.29945914099505E+02,  7.01035173674896E+02
 1.91583333300000E+03, -3.98891632847621E-01, -3.85750000000000E-01,  8.16267573016589E-01,  7.74100000000004E+01,  4.03314593243513E+02,  6.70703998570268E+02
 1.91591666700000E+03, -4.10549999870369E-01, -5.27250000000000E-01,  8.18020306056128E-01,  7.75900000000004E+01,  4.21905476779427E+02,  6.72119431876865E+02
 1.91600000000000E+03, -4.02400775883137E-01, -6.51250000000000E-01,  8.19757866149619E-01,  7.77700000000004E+01,  4.69716720910313E+02,  6.97922426459781E+02
 1.91608333300000E+03, -3.82877911945571E-01, -6.97000000000000E-01,  8.21479848973665E-01,  7.79500000000004E+01,  4.38962813555318E+02,  6.17375421211227E+02
 1.91616666700000E+03, -3.93742116854993E-01, -6.80500000000000E-01,  8.23185848568636E-01,  7.81300000000005E+01,  3.54985757545953E+02,  4.50234686080996E+02
 1.91625000000000E+03, -4.34993392140570E-01, -6.16000000000000E-01,  8.24875457452177E-01,  7.83100000000005E+01,  3.37410325688736E+02,  3.43791064809417E+02
 1.91633333300000E+03, -4.95606267499607E-01, -5.02750000000000E-01,  1.15926163381638E-01,  7.84900000000005E+01,  3.43036196851601E+02,  3.31051979357168E+02
 1.91641666700000E+03, -5.19086107589187E-01, -3.57000000000000E-01,  1.15775448481298E-01,  7.86700000000005E+01,  2.74243753126711E+02,  2.75181884360322E+02
 1.91650000000000E+03, -5.05432911210326E-01, -2.17000000000000E-01,  1.15658905800598E-01,  7.88500000000005E+01,  2.65153425324214E+02,  2.02136029871665E+02
 1.91658333300000E+03, -4.76674857126931E-01, -4.12500000000000E-02,  1.15576659688430E-01,  7.90300000000005E+01,  4.04080557967127E+02,  2.80999119926695E+02
 1.91666666700000E+03, -4.77793749334464E-01,  3.65000000000000E-02,  1.15528822799933E-01,  7.92100000000005E+01,  5.22322230317164E+02,  4.53627057373222E+02
 1.91675000000000E+03, -5.09884695703244E-01, -2.05500000000000E-01,  1.15515495786551E-01,  7.93900000000005E+01,  5.84443571535089E+02,  6.38034588209747E+02
 1.91683333300000E+03, -5.52990137285383E-01, -5.46250000000000E-01,  1.15528050483839E-01,  7.95700000000005E+01,  6.84159131781534E+02,  8.69620702625603E+02
 1.91691666700000E+03, -5.75899136552742E-01, -7.42750000000000E-01,  1.15575145471268E-01,  7.97500000000005E+01,  7.11543572233474E+02,  1.00223063897591E+03
 1.91700000000000E+03, -5.74852949001389E-01, -8.34750000000000E-01,  1.15656962381654E-01,  7.99300000000005E+01,  5.69642423569964E+02,  9.12818960119487E+02
 1.91708333300000E+03, -5.56355955199150E-01, -8.91250000000000E-01,  1.15773554133586E-01,  8.01100000000005E+01,  3.73393541589860E+02,  7.14750939806452E+02
 1.91716666700000E+03, -5.44654446043130E-01, -8.84750000000000E-01,  1.15924960151810E-01,  8.02900000000005E+01,  2.18390058134401E+02,  4.70161400373237E+02
 1.91725000000000E+03, -5.43980587038554E-01, -7.57500000000000E-01,  1.16111206050134E-01,  8.04700000000005E+01,  1.05262496681059E+02,  2.13608146140494E+02
 1.91733333300000E+03, -5.47082040519814E-01, -6.29250000000000E-01,  1.20534839344244E-01,  8.06500000000005E+01,  4.95251110242049E+01,  7.56691286538458E+01
 1.91741666700000E+03, -5.33083930066403E-01, -4.81250000000000E-01,  1.19976746475147E-01,  8.08300000000006E+01,  4.84315180332515E+01,  6.56768002239899E+01
 1.91750000000000E+03, -5.00417726805718E-01, -2.83250000000000E-01,  1.19450447148301E-01,  8.10100000000006E+01,  4.79835365193419E+01,  6.23994724173026E+01
 1.91758333300000E+03, -4.69760880503637E-01, -1.10000000000000E-01,  1.18956185358890E-01,  8.11900000000006E+01,  8.07939309178787E+01,  6.70938168574632E+01
 1.91766666700000E+03, -4.68688629002792E-01, -5.00000000000000E-03,  1.18494197049258E-01,  8.13700000000006E+01,  2.40170656966213E+02,  2.09051224665385E+02
 1.91775000000000E+03, -4.97628042302128E-01, -1.16750000000000E-01,  1.18064709829181E-01,  8.15500000000006E+01,  4.23369203333349E+02,  4.48375973096424E+02
 1.91783333300000E+03, -5.36981232872354E-01, -3.87500000000000E-01,  1.16901803285618E-01,  8.17300000000006E+01,  4.89719409443038E+02,  6.01695270090421E+02
 1.91791666700000E+03, -5.56045314868705E-01, -7.05750000000000E-01,  1.16612136453008E-01,  8.19100000000006E+01,  5.86936828008232E+02,  7.62317897383206E+02
 1.91800000000000E+03, -5.53409558773988E-01, -1.03450000000000E+00,  1.16356014275865E-01,  8.20900000000006E+01,  8.30403604051610E+02,  1.10209697883785E+03
 1.91808333300000E+03, -5.33894149836984E-01, -1.18550000000000E+00,  1.16133605964666E-01,  8.22700000000006E+01,  1.03009234710486E+03,  1.40343958060907E+03
 1.91816666700000E+03, -5.02922710509690E-01, -1.06775000000000E+00,  1.15945070290369E-01,  8.24500000000006E+01,  1.07370416191338E+03,  1.46843285510615E+03
 1.91825000000000E+03, -4.60834135114937E-01, -8.30500000000000E-01,  1.15790555282608E-01,  8.26300000000006E+01,  1.06316025763496E+03,  1.43312561942043E+03
 1.91833333300000E+03, -4.03186137560521E-01, -6.85250000000000E-01,  5.15132321091069E-01,  8.28100000000006E+01,  1.00126043004750E+03,  1.31909922198308E+03
 1.91841666700000E+03, -3.46695556041363E-01, -6.51250000000000E-01,  5.15128603262099E-01,  8.29900000000006E+01,  7.81102460923311E+02,  1.00343279246977E+03
 1.91850000000000E+03, -2.93208509488587E-01, -6.52250000000000E-01,  5.15124872895427E-01,  8.31700000000006E+01,  4.50793627188230E+02,  5.77981222568386E+02
 1.91858333300000E+03, -2.61863059125876E-01, -6.58000000000000E-01,  5.15121129948713E-01,  8.33500000000006E+01,  2.20522195223599E+02,  2.69776411269858E+02
 1.91866666700000E+03, -2.60888108562286E-01, -6.12500000000000E-01,  5.15117374379471E-01,  8.35300000000007E+01,  1.85849330222833E+02,  1.88880176943881E+02
 1.91875000000000E+03, -2.89528277101104E-01, -5.33750000000000E-01,  5.15113606145072E-01,  8.37100000000007E+01,  2.31360562933950E+02,  2.54908537070930E+02
 1.91883333300000E+03, -3.28244661452362E-01, -4.93500000000000E-01,  5.16116838515717E-01,  8.38900000000007E+01,  2.58670196729333E+02,  3.27761672352488E+02
 1.91891666700000E+03, -3.46896990584869E-01, -4.41000000000000E-01,  5.16116438387310E-01,  8.40700000000007E+01,  3.02304635250657E+02,  3.91270276972205E+02
 1.91900000000000E+03, -3.44593318230072E-01, -3.13750000000000E-01,  5.16116036911610E-01,  8.42500000000007E+01,  3.88340446119215E+02,  4.91836382580829E+02
 1.91908333300000E+03, -3.28903294396100E-01, -2.45000000000000E-01,  5.16115634084080E-01,  8.44300000000007E+01,  4.56330000507004E+02,  6.08070736361082E+02
 1.91916666700000E+03, -3.43151913204736E-01, -2.43250000000000E-01,  5.16115229900165E-01,  8.46100000000007E+01,  4.47061806929344E+02,  6.71788290325367E+02
 1.91925000000000E+03, -3.87785149204904E-01, -1.76750000000000E-01,  5.16114824355299E-01,  8.47900000000007E+01,  3.74559638962219E+02,  6.43840151546926E+02
 1.91933333300000E+03, -4.53499530224634E-01, -1.13000000000000E-01,  1.78617345493236E-01,  8.49700000000007E+01,  3.02272717301158E+02,  6.16343430216527E+02
 1.91941666700000E+03, -4.81320760786681E-01, -1.83250000000000E-01,  1.76916578640251E-01,  8.51500000000007E+01,  3.13587427893051E+02,  7.17633959517289E+02
 1.91950000000000E+03, -4.71248839569001E-01, -3.08250000000000E-01,  1.75231020304241E-01,  8.53300000000007E+01,  4.32868915502811E+02,  8.54192242055543E+02
 1.91958333300000E+03, -4.45010100701353E-01, -3.30750000000000E-01,  1.73561041459575E-01,  8.55100000000007E+01,  5.37355374633933E+02,  8.49167115505385E+02
 1.91966666700000E+03, -4.47970750552489E-01, -3.43750000000000E-01,  1.71907014244582E-01,  8.56900000000007E+01,  5.48192806948711E+02,  7.67288730106896E+02
 1.91975000000000E+03, -4.81518826146229E-01, -5.09250000000000E-01,  1.70269311853695E-01,  8.58700000000007E+01,  5.86063881470025E+02,  7.68778904183497E+02
 1.91983333300000E+03, -5.24616347055053E-01, -6.61500000000000E-01,  1.71669012365262E-01,  8.60500000000008E+01,  6.76604063425796E+02,  8.16103408186431E+02
 1.91991666700000E+03, -5.47833146768908E-01, -6.23750000000000E-01,  1.70033703215229E-01,  8.62300000000008E+01,  6.59274523324480E+02,  7.86235321625400E+02
 1.92000000000000E+03, -5.48393151025663E-01, -5.81000000000000E-01,  1.68415147239971E-01,  8.64100000000008E+01,  5.66026393746439E+02,  7.25417705365603E+02
 1.92008333300000E+03, -5.31993464531874E-01, -6.14750000000000E-01,  1.66813719520238E-01,  8.65900000000008E+01,  6.02935423593069E+02,  7.70422625960513E+02
 1.92016666700000E+03, -5.11941912415902E-01, -6.27500000000000E-01,  1.65229795832612E-01,  8.67700000000008E+01,  7.29760499026055E+02,  8.65425336160859E+02
 1.92025000000000E+03, -4.89552413776155E-01, -6.38500000000000E-01,  1.63663752528093E-01,  8.69500000000008E+01,  7.41000558209283E+02,  8.37168155654708E+02
 1.92033333300000E+03, -4.62139757590914E-01, -6.75750000000000E-01,  2.03953810492775E-01,  8.71300000000008E+01,  6.73447596560362E+02,  7.39633059004551E+02
 1.92041666700000E+03, -4.31077927512196E-01, -6.73750000000000E-01,  2.01640470060108E-01,  8.73100000000008E+01,  6.75437246372554E+02,  7.53062789546749E+02
 1.92050000000000E+03, -3.96515159590060E-01, -5.29250000000000E-01,  1.99227300341961E-01,  8.74900000000008E+01,  6.69516860187023E+02,  8.35709066047511E+02
 1.92058333300000E+03, -3.76814588257280E-01, -3.25750000000000E-01,  1.96714073116376E-01,  8.76700000000008E+01,  5.52932955561343E+02,  8.33016581938022E+02
 1.92066666700000E+03, -3.87345217142440E-01, -3.17500000000000E-01,  1.94100636059559E-01,  8.78500000000008E+01,  3.98644171027324E+02,  7.23256780188038E+02
 1.92075000000000E+03, -4.31492903139031E-01, -4.29500000000000E-01,  1.91386914617848E-01,  8.80300000000008E+01,  2.70512686399945E+02,  5.95634996198201E+02
 1.92083333300000E+03, -4.86763338474125E-01, -4.72500000000000E-01,  1.88107830956711E-01,  8.82100000000008E+01,  2.20531472901615E+02,  5.64439561426285E+02
 1.92091666700000E+03, -5.22363025127685E-01, -5.32500000000000E-01,  1.85177427476236E-01,  8.83900000000008E+01,  2.86842985092702E+02,  5.93475536764446E+02
 1.92100000000000E+03, -5.31372013397816E-01, -6.09750000000000E-01,  1.81009365734043E-01,  8.85700000000008E+01,  3.29841232290597E+02,  5.04287788365934E+02
 1.92108333300000E+03, -5.24708663530514E-01, -6.76500000000000E-01,  1.76690305259852E-01,  8.87500000000009E+01,  2.95040547767923E+02,  3.94224519324997E+02
 1.92116666700000E+03, -5.25044227658083E-01, -6.74250000000000E-01,  1.72225166705905E-01,  8.89300000000009E+01,  4.01918408946354E+02,  5.79172664961433E+02
 1.92125000000000E+03, -5.35838680759762E-01, -6.33750000000000E-01,  1.25313410828405E-01,  8.91100000000009E+01,  7.08243471389156E+02,  1.01914421783368E+03
 1.92133333300000E+03, -5.45182908248356E-01, -6.83750000000000E-01,  1.27485283377950E-01,  8.92900000000009E+01,  9.67609513820809E+02,  1.40048062234048E+03
 1.92141666700000E+03, -5.34459725282422E-01, -6.43500000000000E-01,  1.29830889680289E-01,  8.94700000000009E+01,  1.06029859465849E+03,  1.61036105948240E+03
 1.92150000000000E+03, -5.03669131780061E-01, -4.50500000000000E-01,  1.32337824497306E-01,  8.96500000000009E+01,  1.11595707778874E+03,  1.68563797623341E+03
 1.92158333300000E+03, -4.75727914718710E-01, -3.43000000000000E-01,  1.34993544838354E-01,  8.98300000000009E+01,  1.16031532759441E+03,  1.58677922351694E+03
 1.92166666700000E+03, -4.77412707627752E-01, -3.53250000000000E-01,  1.37785402507443E-01,  9.00100000000009E+01,  1.02872546044088E+03,  1.27569089841771E+03
 1.92175000000000E+03, -5.08844063393364E-01, -3.66500000000000E-01,  1.42278294976639E-01,  9.01900000000009E+01,  7.57056582307730E+02,  9.00537732010734E+02
 1.92183333300000E+03, -5.49684175642811E-01, -3.69000000000000E-01,  1.45357262354844E-01,  9.03700000000009E+01,  5.92854759756291E+02,  6.96093104723690E+02
 1.92191666700000E+03, -5.68667684654506E-01, -3.58750000000000E-01,  1.48527395694755E-01,  9.05500000000009E+01,  5.27734084873478E+02,  6.44764784017116E+02
 1.92200000000000E+03, -5.63137309595542E-01, -3.83750000000000E-01,  1.51775957677909E-01,  9.07300000000009E+01,  3.75799046436633E+02,  5.30200000732582E+02
 1.92208333300000E+03, -5.39066137458361E-01, -5.02250000000000E-01,  1.55090271790709E-01,  9.09100000000009E+01,  1.74823120700732E+02,  3.16731570286894E+02
 1.92216666700000E+03, -5.17374775579779E-01, -6.19250000000000E-01,  1.58457749456621E-01,  9.10900000000009E+01,  6.29398209567037E+01,  1.42664655024614E+02
 1.92225000000000E+03, -5.03016126795128E-01, -6.00750000000000E-01,  4.83235308473477E-01,  9.12700000000009E+01,  4.20808251010344E+01,  7.03578821033812E+01
 1.92233333300000E+03, -4.90273469127224E-01, -5.49000000000000E-01,  4.74781001379776E-01,  9.14500000000010E+01,  4.18114412701056E+01,  4.69147180816918E+01
 1.92241666700000E+03, -4.65424039980342E-01, -5.10500000000000E-01,  4.66052305188473E-01,  9.16300000000010E+01,  4.36130703975838E+01,  3.40026426250268E+01
 1.92250000000000E+03, -4.26051664411028E-01, -4.23000000000000E-01,  4.57070839208962E-01,  9.18100000000010E+01,  9.35377745559013E+01,  1.02897364702439E+02
 1.92258333300000E+03, -3.87609036922581E-01, -4.01250000000000E-01,  4.47858742977889E-01,  9.19900000000010E+01,  2.05155000410129E+02,  3.08787006788962E+02
 1.92266666700000E+03, -3.71003070638996E-01, -4.16000000000000E-01,  4.38438587879223E-01,  9.21700000000010E+01,  3.67080958001047E+02,  5.82200291705624E+02
 1.92275000000000E+03, -3.76233765798055E-01, -3.57500000000000E-01,  4.30705333808523E-01,  9.23500000000010E+01,  5.67161268272653E+02,  8.45651729071908E+02
 1.92283333300000E+03, -3.84142679028876E-01, -4.05500000000000E-01,  4.20967591356596E-01,  9.25300000000010E+01,  6.91233652469875E+02,  1.01634122780193E+03
 1.92291666700000E+03, -3.65950283038863E-01, -6.09500000000000E-01,  4.11086700977994E-01,  9.27100000000010E+01,  6.67093394784651E+02,  9.95667484145097E+02
 1.92300000000000E+03, -3.21656577488532E-01, -6.83750000000000E-01,  4.01086091223879E-01,  9.28900000000010E+01,  6.00576323334963E+02,  8.30320449631573E+02
 1.92308333300000E+03, -2.99225757494965E-01, -5.95500000000000E-01,  3.90989217044485E-01,  9.30700000000010E+01,  5.36684028299009E+02,  6.47011082157616E+02
 1.92316666700000E+03, -3.27351798290205E-01, -5.13750000000000E-01,  3.80819481150889E-01,  9.32500000000010E+01,  4.49243601437039E+02,  5.02730085275330E+02
 1.92325000000000E+03, -4.06034698378557E-01, -4.44500000000000E-01, -1.93402590008602E-01,  9.34300000000010E+01,  4.13470471499231E+02,  4.49789195222644E+02
 1.92333333300000E+03, -4.60473449134733E-01, -4.41750000000000E-01, -1.95799119333344E-01,  9.36100000000010E+01,  4.40263890127220E+02,  4.96584314346801E+02
 1.92341666700000E+03, -4.68397182662350E-01, -5.14000000000000E-01, -1.98065729883389E-01,  9.37900000000010E+01,  4.18921003124744E+02,  5.39839880844650E+02
 1.92350000000000E+03, -4.29805900617521E-01, -6.03750000000000E-01, -2.00197015118656E-01,  9.39700000000011E+01,  3.44377706523120E+02,  5.23158514041696E+02
 1.92358333300000E+03, -3.94358849318413E-01, -7.79750000000000E-01, -2.02187890523216E-01,  9.41500000000011E+01,  3.15983256418223E+02,  5.02763231842840E+02
 1.92366666700000E+03, -3.88007475546926E-01, -9.01000000000000E-01, -2.04033595133416E-01,  9.43300000000011E+01,  3.28537974507154E+02,  4.92227424114937E+02
 1.92375000000000E+03, -4.10751779536705E-01, -8.51750000000000E-01, -2.05986031866037E-01,  9.45100000000011E+01,  3.07546429709290E+02,  4.41876156165627E+02
 1.92383333300000E+03, -4.44718443642238E-01, -7.07750000000000E-01, -2.07503540543199E-01,  9.46900000000011E+01,  3.12941612137811E+02,  3.99400328395320E+02
 1.92391666700000E+03, -4.58778722218735E-01, -4.64750000000000E-01, -2.08862968505232E-01,  9.48700000000011E+01,  3.85773876679370E+02,  4.35103511474214E+02
 1.92400000000000E+03, -4.51941748995444E-01, -1.99500000000000E-01, -2.10060903037606E-01,  9.50500000000011E+01,  3.82886193471138E+02,  4.54702567717047E+02
 1.92408333300000E+03, -4.19674184591056E-01, -5.65000000000000E-02, -2.11094253001562E-01,  9.52300000000011E+01,  3.16847398648502E+02,  4.02791904329360E+02
 1.92416666700000E+03, -3.82693681850875E-01, -9.50000000000000E-02, -2.11960246697203E-01,  9.54100000000011E+01,  3.59778452366227E+02,  3.87275818014557E+02
 1.92425000000000E+03, -3.42981973146419E-01, -2.24500000000000E-01, -9.02687057882468E-02,  9.55900000000011E+01,  4.20749490374730E+02,  3.84895766052731E+02
 1.92433333300000E+03, -3.14848222825177E-01, -2.97250000000000E-01, -9.19159345526929E-02,  9.57700000000011E+01,  3.55113484589533E+02,  2.83495219499141E+02
 1.92441666700000E+03, -2.87286977723275E-01, -3.01500000000000E-01, -9.37544489143108E-02,  9.59500000000011E+01,  2.67359245362629E+02,  1.59152010850596E+02
 1.92450000000000E+03, -2.59307371566141E-01, -3.37000000000000E-01, -9.57743576466614E-02,  9.61300000000011E+01,  2.34098175491678E+02,  1.18860839128498E+02
 1.92458333300000E+03, -2.40464703274569E-01, -3.33000000000000E-01, -9.79655706385255E-02,  9.63100000000011E+01,  2.15284764810957E+02,  1.36345502070248E+02
 1.92466666700000E+03, -2.51706866903175E-01, -3.26500000000000E-01, -1.00317825177304E-01,  9.64900000000011E+01,  2.14456262969257E+02,  1.69807307303826E+02
 1.92475000000000E+03, -2.97693596490896E-01, -4.86000000000000E-01, -1.01720125509465E-01,  9.66700000000012E+01,  2.38446200314747E+02,  2.08389000099202E+02
 1.92483333300000E+03, -3.56197592406289E-01, -6.10000000000000E-01, -1.04303803674935E-01,  9.68500000000012E+01,  2.61250451619494E+02,  2.38195990796844E+02
 1.92491666700000E+03, -3.96602956302569E-01, -6.36750000000000E-01, -1.07021564147168E-01,  9.70300000000012E+01,  2.70873915629390E+02,  2.43315506462970E+02
 1.92500000000000E+03, -4.09590219952709E-01, -7.54500000000000E-01, -1.09862736629892E-01,  9.72100000000012E+01,  2.82365719409983E+02,  2.36085823158151E+02
 1.92508333300000E+03, -4.12621662568091E-01, -8.63500000000000E-01, -1.12816592918865E-01,  9.73900000000012E+01,  2.87828082240404E+02,  2.38754516357889E+02
 1.92516666700000E+03, -4.29714248294901E-01, -9.08250000000000E-01, -1.15872370566672E-01,  9.75700000000012E+01,  2.57457999756335E+02,  2.26554743956226E+02
 1.92525000000000E+03, -4.65527711062043E-01, -9.08750000000000E-01,  1.81789532715077E-01,  9.77500000000012E+01,  2.33816574623377E+02,  1.97351503681948E+02
 1.92533333300000E+03, -4.96093096382094E-01, -8.23500000000000E-01,  1.77497953712497E-01,  9.79300000000012E+01,  2.31544193351667E+02,  1.83708651553141E+02
 1.92541666700000E+03, -5.00257703179503E-01, -7.15500000000000E-01,  1.73059377734841E-01,  9.81100000000012E+01,  1.86275187243418E+02,  1.74468264963831E+02
 1.92550000000000E+03, -4.78021531631266E-01, -6.28000000000000E-01,  1.68478846624073E-01,  9.82900000000012E+01,  1.74317470267270E+02,  2.13289293783578E+02
 1.92558333300000E+03, -4.57367117744964E-01, -6.80000000000000E-01,  1.63761540428214E-01,  9.84700000000012E+01,  2.90718476008534E+02,  3.63721575195683E+02
 1.92566666700000E+03, -4.65211082970701E-01, -7.68500000000000E-01,  1.58912766044959E-01,  9.86500000000012E+01,  4.32759795974622E+02,  5.47450013832337E+02
 1.92575000000000E+03, -5.01553427421519E-01, -6.87500000000000E-01,  1.50983162407024E-01,  9.88300000000012E+01,  5.20949132418647E+02,  6.74265512022579E+02
 1.92583333300000E+03, -5.45090167449367E-01, -5.41500000000000E-01,  1.45820183004068E-01,  9.90100000000012E+01,  5.48514182663542E+02,  7.05222539354222E+02
 1.92591666700000E+03, -5.64749545429264E-01, -4.45750000000000E-01,  1.40545619255257E-01,  9.91900000000012E+01,  4.82823540796679E+02,  6.04949776712101E+02
 1.92600000000000E+03, -5.59506726128067E-01, -3.71250000000000E-01,  1.35165217560200E-01,  9.93700000000013E+01,  3.90279434412410E+02,  4.64735081707243E+02
 1.92608333300000E+03, -5.16420753593428E-01, -3.02750000000000E-01,  1.29684790214990E-01,  9.95500000000013E+01,  3.39706892209783E+02,  3.83044686799223E+02
 1.92616666700000E+03, -4.57703889116827E-01, -2.82750000000000E-01,  1.24110205056626E-01,  9.97300000000013E+01,  2.89157284079950E+02,  3.11635985289753E+02
 1.92625000000000E+03, -3.85405803854667E-01, -2.96250000000000E-01,  2.26554429567112E-01,  9.99100000000013E+01,  2.45213768716749E+02,  2.50734348314415E+02
 1.92633333300000E+03, -3.35341390025994E-01, -3.81000000000000E-01,  2.25067710508819E-01,  1.00090000000001E+02,  2.26266046489382E+02,  2.36886411081106E+02
 1.92641666700000E+03, -2.95770697294833E-01, -4.03250000000000E-01,  2.23381938353804E-01,  1.00270000000001E+02,  1.84678574276289E+02,  2.14664678548163E+02
 1.92650000000000E+03, -2.65668889683942E-01, -3.36500000000000E-01,  2.21498511721456E-01,  1.00450000000001E+02,  1.35714947321472E+02,  1.90040424624614E+02
 1.92658333300000E+03, -2.43876342656552E-01, -3.51750000000000E-01,  2.19419142717440E-01,  1.00630000000001E+02,  1.35528295252821E+02,  2.20402155594536E+02
 1.92666666700000E+03, -2.51893180980352E-01, -3.52750000000000E-01,  2.17145846780481E-01,  1.00810000000001E+02,  1.59356439610965E+02,  2.61725772903708E+02
 1.92675000000000E+03, -2.93171138146571E-01, -3.45000000000000E-01,  2.15862847066618E-01,  1.00990000000001E+02,  1.63564973683213E+02,  2.66963380237984E+02
 1.92683333300000E+03, -3.46407235365287E-01, -3.56250000000000E-01,  2.13297384378566E-01,  1.01170000000001E+02,  1.89021465495188E+02,  2.78335882915197E+02
 1.92691666700000E+03, -3.80891953493456E-01, -4.20750000000000E-01,  2.10544377776290E-01,  1.01350000000001E+02,  2.58462165846927E+02,  3.12471444503531E+02
 1.92700000000000E+03, -3.89721825411618E-01, -4.90000000000000E-01,  2.07606828585583E-01,  1.01530000000001E+02,  2.87443355782975E+02,  3.16807437931310E+02
 1.92708333300000E+03, -3.90003046593887E-01, -4.67750000000000E-01,  2.04487992499702E-01,  1.01710000000001E+02,  2.77367654106796E+02,  3.11405155426204E+02
 1.92716666700000E+03, -4.02920775889741E-01, -4.71250000000000E-01,  2.01191368288786E-01,  1.01890000000001E+02,  3.10769051600059E+02,  3.54858249497789E+02
 1.92725000000000E+03, -4.31926746470751E-01, -5.06000000000000E-01, -5.11419512935988E-01,  1.02070000000001E+02,  3.05220329280322E+02,  3.56062515834078E+02
 1.92733333300000E+03, -4.50749035778191E-01, -5.60750000000000E-01, -5.12054083664069E-01,  1.02250000000001E+02,  2.05672790238853E+02,  2.62182584904504E+02
 1.92741666700000E+03, -4.43184270147794E-01, -5.01250000000000E-01, -5.12269527699399E-01,  1.02430000000001E+02,  1.59178640280288E+02,  2.26715318214996E+02
 1.92750000000000E+03, -4.09232450006481E-01, -3.29500000000000E-01, -5.12059525599254E-01,  1.02610000000001E+02,  1.93341443476588E+02,  2.82663512149749E+02
 1.92758333300000E+03, -3.79560296710192E-01, -2.60250000000000E-01, -5.11419408985855E-01,  1.02790000000001E+02,  1.94383874122096E+02,  3.00015798925299E+02
 1.92766666700000E+03, -3.80531385394875E-01, -2.45750000000000E-01, -5.10346139116198E-01,  1.02970000000001E+02,  1.73156592236304E+02,  2.93375996797999E+02
 1.92775000000000E+03, -4.13610237283108E-01, -3.03000000000000E-01, -5.08721903556235E-01,  1.03150000000001E+02,  1.68482274000032E+02,  3.15065911505325E+02
 1.92783333300000E+03, -4.58196292980430E-01, -4.15500000000000E-01, -5.06750571038433E-01,  1.03330000000001E+02,  1.52329644470603E+02,  3.23916615936033E+02
 1.92791666700000E+03, -4.84489808459694E-01, -3.73000000000000E-01, -5.04346617421728E-01,  1.03510000000001E+02,  1.64917661109519E+02,  3.65655826453809E+02
 1.92800000000000E+03, -4.87891888720107E-01, -2.17250000000000E-01, -5.01513301290745E-01,  1.03690000000001E+02,  2.58322397257554E+02,  5.04445546177078E+02
 1.92808333300000E+03, -4.70941048787979E-01, -1.87250000000000E-01, -4.98255324351046E-01,  1.03870000000001E+02,  3.49606026739490E+02,  6.31959103477446E+02
 1.92816666700000E+03, -4.49721519555185E-01, -3.32500000000000E-01, -4.94578781474793E-01,  1.04050000000001E+02,  3.65714195854484E+02,  6.39020041648476E+02
 1.92825000000000E+03, -4.24515920601649E-01, -4.58000000000000E-01, -4.46866005359516E-01,  1.04230000000001E+02,  3.69538240965557E+02,  5.80401418773895E+02
 1.92833333300000E+03, -3.92082029476081E-01, -4.20500000000000E-01, -4.39709495935326E-01,  1.04410000000001E+02,  3.48387719200831E+02,  4.82297310742971E+02
 1.92841666700000E+03, -3.37949909911499E-01, -3.16250000000000E-01, -4.32269769376037E-01,  1.04590000000001E+02,  2.33044447098989E+02,  3.03640263308064E+02
 1.92850000000000E+03, -2.68031359428365E-01, -2.03500000000000E-01, -4.24564550237651E-01,  1.04770000000001E+02,  1.67600368087848E+02,  1.74803532797716E+02
 1.92858333300000E+03, -2.01250396840326E-01, -4.30000000000000E-02, -4.16612124168257E-01,  1.04950000000001E+02,  2.60504462032706E+02,  2.32645958733522E+02
 1.92866666700000E+03, -1.63955795893216E-01, -3.50000000000000E-03, -4.08431266190638E-01,  1.05130000000001E+02,  3.39957907478832E+02,  3.32966936764473E+02
 1.92875000000000E+03, -1.54549077009030E-01, -1.63000000000000E-01, -4.04043086118603E-01,  1.05310000000001E+02,  3.20861095233632E+02,  3.36196353348886E+02
 1.92883333300000E+03, -1.53481066259318E-01, -2.98500000000000E-01, -3.95550756555148E-01,  1.05490000000001E+02,  3.05992137407100E+02,  3.10985805844839E+02
 1.92891666700000E+03, -1.33060725348824E-01, -3.50750000000000E-01, -3.86879122907984E-01,  1.05670000000001E+02,  3.10017857800112E+02,  2.97818011144444E+02
 1.92900000000000E+03, -9.18264904184569E-02, -4.18500000000000E-01, -3.78048122442394E-01,  1.05850000000002E+02,  2.99632486984443E+02,  2.91196064441104E+02
 1.92908333300000E+03, -9.45521563424176E-02, -4.85750000000000E-01, -3.69077866328815E-01,  1.06030000000002E+02,  2.95408279716549E+02,  3.28767534298089E+02
 1.92916666700000E+03, -1.69343583474449E-01, -4.81750000000000E-01, -3.59988573218930E-01,  1.06210000000002E+02,  3.11366441992882E+02,  4.00436351892973E+02
 1.92925000000000E+03, -3.16200769327308E-01, -4.60000000000000E-01, -1.32716389820966E-01,  1.06390000000002E+02,  3.28801962413177E+02,  4.63158788454465E+02
 1.92933333300000E+03, -4.23504056744996E-01, -5.37750000000000E-01, -1.36162444502083E-01,  1.06570000000002E+02,  2.98360637620123E+02,  4.82350582035106E+02
 1.92941666700000E+03, -4.64194282307776E-01, -6.18250000000000E-01, -1.39634734721148E-01,  1.06750000000002E+02,  2.05744983686064E+02,  4.12072574132257E+02
 1.92950000000000E+03, -4.38271448602036E-01, -5.86750000000000E-01, -1.43123013950831E-01,  1.06930000000002E+02,  1.10261610824123E+02,  2.72752429143129E+02
 1.92958333300000E+03, -4.13839955856705E-01, -5.00750000000000E-01, -1.46617185749342E-01,  1.07110000000002E+02,  6.26755713997666E+01,  1.55974670878064E+02
 1.92966666700000E+03, -4.18692900057461E-01, -4.36250000000000E-01, -1.50107320102427E-01,  1.07290000000002E+02,  5.30538103911536E+01,  9.35689269818895E+01
 1.92975000000000E+03, -4.54043060414447E-01, -4.13000000000000E-01, -1.51172431670530E-01,  1.07470000000002E+02,  4.14442412536949E+01,  5.60560511174685E+01
 1.92983333300000E+03, -4.99514938582602E-01, -3.99000000000000E-01, -1.54642647604758E-01,  1.07650000000002E+02,  4.62250974755869E+01,  6.08706229368412E+01
 1.92991666700000E+03, -5.23830825397105E-01, -3.38500000000000E-01, -1.58086646854294E-01,  1.07830000000002E+02,  1.23396986977110E+02,  1.30233089552023E+02
 1.93000000000000E+03, -5.23835770327833E-01, -2.42250000000000E-01, -1.61495155572383E-01,  1.08010000000002E+02,  2.50856500819043E+02,  2.36831265334369E+02
 1.93008333300000E+03, -4.98453799317651E-01, -1.92750000000000E-01, -1.64859127308799E-01,  1.08190000000002E+02,  4.09433043651324E+02,  4.10400899981860E+02
 1.93016666700000E+03, -4.66213175909513E-01, -1.76000000000000E-01, -1.68169754970026E-01,  1.08370000000002E+02,  5.80144385683778E+02,  6.42138734349803E+02
 1.93025000000000E+03, -4.29329148062174E-01, -1.97750000000000E-01, -1.16752693673523E-01,  1.08550000000002E+02,  6.49798794679274E+02,  7.71308995102960E+02
 1.93033333300000E+03, -3.95608113753815E-01, -3.65000000000000E-01, -1.12526747277260E-01,  1.08730000000002E+02,  6.63999550757300E+02,  8.12959995030763E+02
 1.93041666700000E+03, -3.55462063812534E-01, -5.21500000000000E-01, -1.08606193912729E-01,  1.08910000000002E+02,  7.79394989962711E+02,  9.39741079380887E+02
 1.93050000000000E+03, -3.09074237308011E-01, -4.89500000000000E-01, -1.04991836560708E-01,  1.09090000000002E+02,  8.67972105092049E+02,  1.02460867052095E+03
 1.93058333300000E+03, -2.68549123772137E-01, -3.40500000000000E-01, -1.01683752612588E-01,  1.09270000000002E+02,  8.02248423099217E+02,  9.05103416727911E+02
 1.93066666700000E+03, -2.57095431792202E-01, -1.99000000000000E-01, -9.86813102198921E-02,  1.09450000000002E+02,  7.25196919195708E+02,  7.50262774195475E+02
 1.93075000000000E+03, -2.74256845989453E-01, -2.39250000000000E-01, -9.47445387916396E-02,  1.09630000000002E+02,  6.37057836260997E+02,  6.41304549003167E+02
 1.93083333300000E+03, -3.04565881931236E-01, -3.57750000000000E-01, -9.24993334927877E-02,  1.09810000000002E+02,  4.29031843832458E+02,  4.76536799389015E+02
 1.93091666700000E+03, -3.16611272798480E-01, -3.13500000000000E-01, -9.05522357570439E-02,  1.09990000000002E+02,  2.54122252223479E+02,  3.63460473950126E+02
 1.93100000000000E+03, -3.02034269256337E-01, -8.70000000000000E-02, -8.88996580993449E-02,  1.10170000000002E+02,  2.63899017726838E+02,  4.37425626468662E+02
 1.93108333300000E+03, -2.43629526461176E-01,  1.55250000000000E-01, -8.75374156172378E-02,  1.10350000000002E+02,  3.33273664411150E+02,  5.48271948068133E+02
 1.93116666700000E+03, -1.60667730165290E-01,  2.23500000000000E-01, -8.64607495218854E-02,  1.10530000000002E+02,  3.34684504967964E+02,  5.45692369418989E+02
 1.93125000000000E+03, -6.95467527212003E-02,  1.55500000000000E-01, -6.67573350528033E-01,  1.10710000000002E+02,  3.05940635601868E+02,  4.98525316402000E+02
 1.93133333300000E+03, -7.23475074012954E-03,  6.30000000000000E-02, -6.54428169793113E-01,  1.10890000000002E+02,  2.80974666780250E+02,  4.49406092993949E+02
 1.93141666700000E+03,  2.95697267864730E-02,  3.57500000000000E-02, -6.41125258750410E-01,  1.11070000000002E+02,  3.00699138397994E+02,  4.27638872175071E+02
 1.93150000000000E+03,  4.79581445191140E-02,  3.17500000000000E-02, -6.27718806952488E-01,  1.11250000000002E+02,  4.73813170160809E+02,  6.09857149115554E+02
 1.93158333300000E+03,  4.32907297986166E-02,  2.10000000000000E-02, -6.14262779540687E-01,  1.11430000000002E+02,  7.12673943001116E+02,  9.23270031006338E+02
 1.93166666700000E+03,  7.08624068431304E-04,  1.62500000000000E-02, -6.00810617581244E-01,  1.11610000000002E+02,  7.97009682306130E+02,  1.05066272324882E+03
 1.93175000000000E+03, -8.94223335459935E-02, -1.06500000000000E-01, -5.84479640189916E-01,  1.11790000000002E+02,  7.93866880665970E+02,  1.10594696778430E+03
 1.93183333300000E+03, -1.95013409012579E-01, -2.08500000000000E-01, -5.71222576839899E-01,  1.11970000000002E+02,  8.27788242594605E+02,  1.31050958064805E+03
 1.93191666700000E+03, -2.83582841525088E-01, -2.21500000000000E-01, -5.58134587028558E-01,  1.12150000000002E+02,  7.75505482999601E+02,  1.39787275979823E+03
 1.93200000000000E+03, -3.37783411607106E-01, -2.92250000000000E-01, -5.45263891858148E-01,  1.12330000000002E+02,  6.38602017724896E+02,  1.25036049548381E+03
 1.93208333300000E+03, -3.73747471278735E-01, -3.27750000000000E-01, -5.32656842722828E-01,  1.12510000000002E+02,  5.72929467738853E+02,  1.12079180094258E+03
 1.93216666700000E+03, -4.07454898815599E-01, -3.57750000000000E-01, -5.20357712881387E-01,  1.12690000000002E+02,  5.17771361829880E+02,  9.71148934906224E+02
 1.93225000000000E+03, -4.39703648698140E-01, -4.02000000000000E-01, -4.78065200661561E-01,  1.12870000000002E+02,  3.66305543344589E+02,  6.56016875262166E+02
 1.93233333300000E+03, -4.47054798623416E-01, -3.46000000000000E-01, -4.67740039906857E-01,  1.13050000000002E+02,  2.46344223812778E+02,  4.30892396314525E+02
 1.93241666700000E+03, -4.18530586089124E-01, -3.33750000000000E-01, -4.57927514963810E-01,  1.13230000000002E+02,  3.22687933163050E+02,  6.03921729750325E+02
 1.93250000000000E+03, -3.61621449986314E-01, -3.39500000000000E-01, -4.48653916374586E-01,  1.13410000000002E+02,  5.12877485238244E+02,  1.00974178758761E+03
 1.93258333300000E+03, -3.06223320150447E-01, -2.98500000000000E-01, -4.39942462389591E-01,  1.13590000000002E+02,  6.08749952035936E+02,  1.22658504305768E+03
 1.93266666700000E+03, -2.79680812153213E-01, -2.85750000000000E-01, -4.31813250496867E-01,  1.13770000000002E+02,  5.98025653799314E+02,  1.19354587484544E+03
 1.93275000000000E+03, -2.80470932823255E-01, -3.07000000000000E-01, -4.28504910845958E-01,  1.13950000000002E+02,  5.51153510723105E+02,  1.05676029988445E+03
 1.93283333300000E+03, -2.90064037974471E-01, -4.62250000000000E-01, -4.21236646331712E-01,  1.14130000000002E+02,  4.42187576319015E+02,  7.57766243502676E+02
 1.93291666700000E+03, -2.78297651554161E-01, -5.27000000000000E-01, -4.14586298591390E-01,  1.14310000000002E+02,  3.80781440542651E+02,  4.70593793699746E+02
 1.93300000000000E+03, -2.45171773167539E-01, -3.90000000000000E-01, -4.08563134419242E-01,  1.14490000000002E+02,  4.88014261264382E+02,  5.10737724057871E+02
 1.93308333300000E+03, -2.17315821851562E-01, -4.08000000000000E-01, -4.03173291701700E-01,  1.14670000000002E+02,  5.91737424757866E+02,  6.37749862828048E+02
 1.93316666700000E+03, -2.19129501029464E-01, -5.78250000000000E-01, -3.98419820790126E-01,  1.14850000000002E+02,  5.65192680820826E+02,  6.13775070750326E+02
 1.93325000000000E+03, -2.50612810172677E-01, -5.63750000000000E-01, -8.81782913400216E-02,  1.15030000000002E+02,  4.98599777875368E+02,  6.46292594884152E+02
 1.93333333300000E+03, -2.72117462933572E-01, -3.93500000000000E-01, -8.69603557117858E-02,  1.15210000000002E+02,  3.92044600805144E+02,  6.62891511161461E+02
 1.93341666700000E+03, -2.63536913867109E-01, -3.00750000000000E-01, -8.60253929023983E-02,  1.15390000000002E+02,  2.32791985552396E+02,  4.75776949099017E+02
 1.93350000000000E+03, -2.24871163617225E-01, -2.24250000000000E-01, -8.53678274031387E-02,  1.15570000000002E+02,  1.35488394167953E+02,  3.30074506490698E+02
 1.93358333300000E+03, -1.88834350001914E-01, -1.45000000000000E-02, -8.49815718221579E-02,  1.15750000000002E+02,  1.30368097269811E+02,  3.45994000784639E+02
 1.93366666700000E+03, -1.81557311508055E-01,  1.48500000000000E-01, -8.48600526604102E-02,  1.15930000000002E+02,  1.41248425037197E+02,  3.22152354891277E+02
 1.93375000000000E+03, -2.03040048384586E-01, -3.30000000000000E-02, -8.48704348089070E-02,  1.16110000000002E+02,  1.47172901533450E+02,  2.55089164694797E+02
 1.93383333300000E+03, -2.36233716925731E-01, -3.15250000000000E-01, -8.50706230206989E-02,  1.16290000000002E+02,  1.81461644460844E+02,  2.81243810956671E+02
 1.93391666700000E+03, -2.50556724149585E-01, -4.48000000000000E-01, -8.55190938620148E-02,  1.16470000000002E+02,  2.62264350583994E+02,  3.86937078447836E+02
 1.93400000000000E+03, -2.46009069493124E-01, -6.16250000000000E-01, -8.62078756921135E-02,  1.16650000000002E+02,  3.53960538757716E+02,  4.83338416641573E+02
 1.93408333300000E+03, -2.54613751553391E-01, -8.52750000000000E-01, -8.71286243550403E-02,  1.16830000000002E+02,  3.93792131587032E+02,  5.17641422672304E+02
 1.93416666700000E+03, -2.99119200686478E-01, -9.27750000000000E-01, -8.82726503872895E-02,  1.17010000000002E+02,  3.94385347683394E+02,  5.14888300616516E+02
 1.93425000000000E+03, -3.79525415772883E-01, -8.37500000000000E-01, -5.03023576210730E-01,  1.17190000000002E+02,  4.34077218096620E+02,  5.58063866241924E+02
 1.93433333300000E+03, -4.34574829460730E-01, -7.61000000000000E-01, -5.05504806138913E-01,  1.17370000000002E+02,  4.89985599826200E+02,  6.36122974624407E+02
 1.93441666700000E+03, -4.45679962957024E-01, -6.39750000000000E-01, -5.07619503619119E-01,  1.17550000000002E+02,  4.67768288871346E+02,  6.35420732698823E+02
 1.93450000000000E+03, -4.12840817702469E-01, -5.25000000000000E-01, -5.09353429100275E-01,  1.17730000000002E+02,  4.22663480925382E+02,  5.81866823651725E+02
 1.93458333300000E+03, -3.83577108240342E-01, -4.46750000000000E-01, -5.10694012801862E-01,  1.17910000000002E+02,  4.34372254392150E+02,  5.93841237307115E+02
 1.93466666700000E+03, -3.84518235077681E-01, -3.69000000000000E-01, -5.11630362885388E-01,  1.18090000000002E+02,  3.96192429754727E+02,  5.84768545228254E+02
 1.93475000000000E+03, -4.17231350470545E-01, -4.16750000000000E-01, -5.12255696347911E-01,  1.18270000000002E+02,  2.90928198499485E+02,  4.74032189079861E+02
 1.93483333300000E+03, -4.61708683780805E-01, -4.27750000000000E-01, -5.12151139730683E-01,  1.18450000000002E+02,  2.86167043107205E+02,  4.24641104595767E+02
 1.93491666700000E+03, -4.86611968545766E-01, -3.85000000000000E-01, -5.11617467848911E-01,  1.18630000000002E+02,  3.47815196274079E+02,  4.43551501834339E+02
 1.93500000000000E+03, -4.88806900135336E-01, -3.98750000000000E-01, -5.10651242258033E-01,  1.18810000000002E+02,  3.07177661252895E+02,  3.48097205006124E+02
 1.93508333300000E+03, -4.84466401533212E-01, -4.55250000000000E-01, -5.09250634367725E-01,  1.18990000000002E+02,  2.38798131450905E+02,  2.56460053590218E+02
 1.93516666700000E+03, -4.98203018217226E-01, -5.14750000000000E-01, -5.07415394595240E-01,  1.19170000000002E+02,  3.03668787568660E+02,  4.15801184440874E+02
 1.93525000000000E+03, -5.31583902269985E-01, -4.90750000000000E-01, -8.29256633701824E-01,  1.19350000000002E+02,  4.79934074881622E+02,  7.60937245673065E+02
 1.93533333300000E+03, -5.55726036963834E-01, -5.58500000000000E-01, -8.14603885464026E-01,  1.19530000000002E+02,  6.70178963200257E+02,  1.09150320518564E+03
 1.93541666700000E+03, -5.44764943994008E-01, -6.96000000000000E-01, -8.00722828343154E-01,  1.19710000000002E+02,  8.13347030257052E+02,  1.30598261556086E+03
 1.93550000000000E+03, -4.94524091649886E-01, -7.46750000000000E-01, -7.87681287099821E-01,  1.19890000000002E+02,  8.67415789641233E+02,  1.32725013801077E+03
 1.93558333300000E+03, -4.33648941965611E-01, -6.81250000000000E-01, -7.75538965068960E-01,  1.20070000000002E+02,  8.08650367931371E+02,  1.11660124245434E+03
 1.93566666700000E+03, -3.91867586818638E-01, -5.59250000000000E-01, -7.64347123366170E-01,  1.20250000000002E+02,  6.31036071281420E+02,  7.61876550754114E+02
 1.93575000000000E+03, -3.77533090280005E-01, -5.60500000000000E-01, -7.53588057970725E-01,  1.20430000000002E+02,  3.94185025738388E+02,  4.24970712598753E+02
 1.93583333300000E+03, -3.73366704558086E-01, -6.16500000000000E-01, -7.44476480927495E-01,  1.20610000000002E+02,  2.40382378078773E+02,  2.38095915619371E+02
 1.93591666700000E+03, -3.53324981719377E-01, -5.67250000000000E-01, -7.36417702214089E-01,  1.20790000000002E+02,  2.14342586019328E+02,  2.16123230429367E+02
 1.93600000000000E+03, -3.05437311525310E-01, -3.88500000000000E-01, -7.29427121305637E-01,  1.20970000000002E+02,  1.95010794974830E+02,  2.31259446466029E+02
 1.93608333300000E+03, -2.45322584319895E-01, -2.15500000000000E-01, -7.23511306504677E-01,  1.21150000000002E+02,  1.36226324064633E+02,  1.93864125258123E+02
 1.93616666700000E+03, -1.96105486775956E-01, -2.62250000000000E-01, -7.18668146469704E-01,  1.21330000000002E+02,  1.15562340804444E+02,  1.74783237457682E+02
 1.93625000000000E+03, -1.73374175211905E-01, -4.08500000000000E-01, -7.10093582793603E-01,  1.21510000000002E+02,  1.18615245568871E+02,  1.91859338325459E+02
 1.93633333300000E+03, -1.63014632857452E-01, -4.93500000000000E-01, -7.09654573678719E-01,  1.21690000000002E+02,  8.44925903833993E+01,  1.61121524795320E+02
 1.93641666700000E+03, -1.47934939764842E-01, -5.27750000000000E-01, -7.10143061576757E-01,  1.21870000000002E+02,  5.41918296814094E+01,  1.28134317706721E+02
 1.93650000000000E+03, -1.20341017872747E-01, -3.89500000000000E-01, -7.11509576921353E-01,  1.22050000000002E+02,  6.45889101030015E+01,  1.79938685810197E+02
 1.93658333300000E+03, -1.01084291456057E-01, -1.12000000000000E-01, -7.13698833598262E-01,  1.22230000000002E+02,  9.69485677296972E+01,  2.79883185346664E+02
 1.93666666700000E+03, -1.12845524552853E-01,  3.05000000000000E-02, -7.16650294197458E-01,  1.22410000000002E+02,  1.74614605936935E+02,  4.23660865915101E+02
 1.93675000000000E+03, -1.62128159019681E-01, -1.00500000000000E-01, -7.18716582803266E-01,  1.22590000000002E+02,  3.14997050600402E+02,  6.49111471775872E+02
 1.93683333300000E+03, -2.26143061093198E-01, -2.40750000000000E-01, -7.22742968114473E-01,  1.22770000000002E+02,  4.37449560754155E+02,  8.64641290769750E+02
 1.93691666700000E+03, -2.75140545829321E-01, -2.25500000000000E-01, -7.27354724929955E-01,  1.22950000000002E+02,  4.63589478418570E+02,  9.29033378681490E+02
 1.93700000000000E+03, -2.95461103588564E-01, -1.70750000000000E-01, -7.32477448390583E-01,  1.23130000000002E+02,  4.35767898860175E+02,  8.41613820188516E+02
 1.93708333300000E+03, -2.94404166185284E-01, -8.30000000000000E-02, -7.38034306754888E-01,  1.23310000000002E+02,  4.14221613639270E+02,  7.11425731234927E+02
 1.93716666700000E+03, -2.87019071075568E-01, -6.62500000000000E-02, -7.43946674099233E-01,  1.23490000000002E+02,  3.71165664912736E+02,  5.75043661152767E+02
 1.93725000000000E+03, -2.81114511873582E-01, -1.90750000000000E-01, -4.18190953044726E-01,  1.23670000000002E+02,  3.11770274509529E+02,  4.19017400693272E+02
 1.93733333300000E+03, -2.76505757208406E-01, -2.97750000000000E-01, -4.23086862852709E-01,  1.23850000000002E+02,  3.15866432550004E+02,  3.40481000396028E+02
 1.93741666700000E+03, -2.69651263093960E-01, -2.26000000000000E-01, -4.28124713713453E-01,  1.24030000000002E+02,  3.78474333827807E+02,  4.07354805614964E+02
 1.93750000000000E+03, -2.59898403636523E-01, -1.53250000000000E-01, -4.33269893803087E-01,  1.24210000000002E+02,  4.03915554376701E+02,  5.01860411637018E+02
 1.93758333300000E+03, -2.59829699891256E-01, -2.15500000000000E-01, -4.38487978202969E-01,  1.24390000000002E+02,  3.59997158411454E+02,  5.24430678427985E+02
 1.93766666700000E+03, -2.84696051193263E-01, -2.42250000000000E-01, -4.43744869093395E-01,  1.24570000000002E+02,  3.08215663711462E+02,  5.05063876474993E+02
 1.93775000000000E+03, -3.39354575462691E-01, -2.22500000000000E-01, -4.47833136131730E-01,  1.24750000000002E+02,  2.83960767666713E+02,  4.65015626434810E+02
 1.93783333300000E+03, -4.02965821645470E-01, -2.86500000000000E-01, -4.53076378031844E-01,  1.24930000000002E+02,  2.34406673537648E+02,  3.79427782436617E+02
 1.93791666700000E+03, -4.46165095947087E-01, -3.73750000000000E-01, -4.58266564445239E-01,  1.25110000000002E+02,  1.47398562165011E+02,  2.53560097707192E+02
 1.93800000000000E+03, -4.59238162380265E-01, -3.17000000000000E-01, -4.63371996800663E-01,  1.25290000000002E+02,  1.01499463781265E+02,  1.57890533159552E+02
 1.93808333300000E+03, -4.65213554757848E-01, -2.50250000000000E-01, -4.68361890531109E-01,  1.25470000000002E+02,  1.13611615093077E+02,  1.48831188532245E+02
 1.93816666700000E+03, -4.84492784895802E-01, -2.70000000000000E-01, -4.73206478495465E-01,  1.25650000000002E+02,  1.47359957501167E+02,  1.95975831044200E+02
 1.93825000000000E+03, -5.21932970045139E-01, -2.95000000000000E-01, -8.01717753190761E-01,  1.25830000000002E+02,  2.01440835609152E+02,  2.47119261611298E+02
 1.93833333300000E+03, -5.40582427062844E-01, -2.66250000000000E-01, -7.95149774848871E-01,  1.26010000000002E+02,  2.36568453149719E+02,  2.61514106046567E+02
 1.93841666700000E+03, -5.24730693060582E-01, -1.32500000000000E-01, -7.87844079532686E-01,  1.26190000000002E+02,  2.28225874036037E+02,  2.33788407213325E+02
 1.93850000000000E+03, -4.69303971393112E-01, -1.19000000000000E-01, -7.79827757126396E-01,  1.26370000000002E+02,  2.38372642784235E+02,  2.36266652863586E+02
 1.93858333300000E+03, -4.07273559480084E-01, -2.31000000000000E-01, -7.71131876332787E-01,  1.26550000000002E+02,  2.53329763647176E+02,  2.64663539602097E+02
 1.93866666700000E+03, -3.60684835011827E-01, -1.97750000000000E-01, -7.61791201617898E-01,  1.26730000000002E+02,  2.11373175754909E+02,  2.26929174781984E+02
 1.93875000000000E+03, -3.38530278044267E-01, -1.20250000000000E-01, -7.49607491219296E-01,  1.26910000000002E+02,  2.11125287623574E+02,  2.12107854526445E+02
 1.93883333300000E+03, -3.20116280320875E-01, -1.36000000000000E-01, -7.38977750895101E-01,  1.27090000000002E+02,  3.62928915013164E+02,  3.81155771135022E+02
 1.93891666700000E+03, -2.81185847272269E-01, -2.94500000000000E-01, -7.27836539780129E-01,  1.27270000000002E+02,  5.45435027345693E+02,  6.45828176139579E+02
 1.93900000000000E+03, -2.18975410902945E-01, -5.47500000000000E-01, -7.16230801397574E-01,  1.27450000000002E+02,  6.04122084806383E+02,  8.37814199169147E+02
 1.93908333300000E+03, -2.04887886068649E-01, -6.87750000000000E-01, -7.04209513402897E-01,  1.27630000000002E+02,  6.07439645139554E+02,  9.88526916112587E+02
 1.93916666700000E+03, -2.65733569348574E-01, -6.48500000000000E-01, -6.91823351301351E-01,  1.27810000000002E+02,  6.29211303071379E+02,  1.14683882199789E+03
 1.93925000000000E+03, -3.97429621005048E-01, -5.27000000000000E-01, -8.05114482037268E-01,  1.27990000000002E+02,  5.53152284517869E+02,  1.15926433490799E+03
 1.93933333300000E+03, -4.78247270450877E-01, -4.65500000000000E-01, -7.91795051825928E-01,  1.28170000000002E+02,  3.62494441599733E+02,  9.29888833843766E+02
 1.93941666700000E+03, -4.81989281930560E-01, -4.09250000000000E-01, -7.79356479655729E-01,  1.28350000000002E+02,  2.34394659167271E+02,  6.54664011001348E+02
 1.93950000000000E+03, -4.09677076014013E-01, -3.17750000000000E-01, -7.67852781499991E-01,  1.28530000000002E+02,  1.99772322173537E+02,  4.92907637834376E+02
 1.93958333300000E+03, -3.34679333674024E-01, -3.34750000000000E-01, -7.57329360680783E-01,  1.28710000000002E+02,  1.49208345786673E+02,  3.71717259438886E+02
 1.93966666700000E+03, -2.86482566010536E-01, -4.52000000000000E-01, -7.47822824792276E-01,  1.28890000000002E+02,  1.18714295173773E+02,  3.02251532361967E+02
 1.93975000000000E+03, -2.71827104472424E-01, -4.42250000000000E-01, -7.39008719435266E-01,  1.29070000000002E+02,  2.02436155807923E+02,  3.90793892932064E+02
 1.93983333300000E+03, -2.71908589413739E-01, -3.12750000000000E-01, -7.31657804577439E-01,  1.29250000000002E+02,  3.43956730883235E+02,  5.52025583932225E+02
 1.93991666700000E+03, -2.57609558063666E-01, -3.48000000000000E-01, -7.25380424872792E-01,  1.29430000000002E+02,  4.23071458480880E+02,  6.27284167460889E+02
 1.94000000000000E+03, -2.24095983420295E-01, -4.24000000000000E-01, -7.20177366194586E-01,  1.29610000000002E+02,  4.16289681697803E+02,  5.91874047816435E+02
 1.94008333300000E+03, -2.06993798022875E-01, -3.03250000000000E-01, -7.16040872937547E-01,  1.29790000000002E+02,  3.76536750423555E+02,  4.81700398658245E+02
 1.94016666700000E+03, -2.27246739900668E-01, -1.59750000000000E-01, -7.12954909693718E-01,  1.29970000000002E+02,  3.45145197025261E+02,  3.72063204810115E+02
 1.94025000000000E+03, -2.77207601862334E-01, -1.59500000000000E-01, -7.54350326131681E-01,  1.30150000000002E+02,  3.46350813779350E+02,  3.70720761195420E+02
 1.94033333300000E+03, -2.92045207192576E-01, -2.57750000000000E-01, -7.43973033362837E-01,  1.30330000000002E+02,  3.78784721170726E+02,  4.46023013913162E+02
 1.94041666700000E+03, -2.49101807930030E-01, -2.88500000000000E-01, -7.33063285937833E-01,  1.30510000000002E+02,  4.00806565641812E+02,  4.73613362837866E+02
 1.94050000000000E+03, -1.60329225769624E-01, -2.62250000000000E-01, -7.21666970663431E-01,  1.30690000000002E+02,  3.91443877608541E+02,  4.86992185358299E+02
 1.94058333300000E+03, -7.56780379373906E-02, -2.83000000000000E-01, -7.09832163698748E-01,  1.30870000000002E+02,  3.47452651175016E+02,  5.45061212133250E+02
 1.94066666700000E+03, -2.78905383683280E-02, -1.82500000000000E-01, -6.97608795153873E-01,  1.31050000000002E+02,  2.51236810458214E+02,  5.22372183517279E+02
 1.94075000000000E+03, -1.60047044923830E-02, -2.82500000000000E-02, -6.89541376527374E-01,  1.31230000000002E+02,  1.45301657560943E+02,  3.91083833716416E+02
 1.94083333300000E+03, -2.24509813471960E-02,  5.75000000000000E-03, -6.76791288146255E-01,  1.31410000000002E+02,  1.09508809902224E+02,  3.28592138712545E+02
 1.94091666700000E+03, -1.92112865150558E-02,  3.77500000000000E-02, -6.63791135599341E-01,  1.31590000000002E+02,  1.38259668888200E+02,  3.53582074674579E+02
 1.94100000000000E+03, -2.94302808644600E-03,  1.69250000000000E-01, -6.50594768419546E-01,  1.31770000000002E+02,  1.62958883585712E+02,  3.30822502079960E+02
 1.94108333300000E+03,  5.05506732354466E-03,  2.55250000000000E-01, -6.37256347691204E-01,  1.31950000000002E+02,  1.72742514677409E+02,  2.93361122054945E+02
 1.94116666700000E+03, -9.57447530410641E-03,  2.01250000000000E-01, -6.23830029504986E-01,  1.32130000000002E+02,  2.56601614370051E+02,  3.87550848910908E+02
 1.94125000000000E+03, -4.67365251032718E-02,  1.25250000000000E-01, -3.96230904988100E-01,  1.32310000000003E+02,  4.49009003691342E+02,  6.00863763484256E+02
 1.94133333300000E+03, -6.67488039308662E-02,  7.07500000000000E-02, -3.92438944604857E-01,  1.32490000000003E+02,  5.98076616002853E+02,  7.47305803544609E+02
 1.94141666700000E+03, -5.69002111277207E-02,  1.15000000000000E-01, -3.89277800867611E-01,  1.32670000000003E+02,  6.04451504592073E+02,  7.38446045611035E+02
 1.94150000000000E+03, -1.73810077514556E-02,  2.19250000000000E-01, -3.86740209717905E-01,  1.32850000000003E+02,  5.85291853932941E+02,  6.80044302789741E+02
 1.94158333300000E+03,  1.56389698052820E-02,  1.81500000000000E-01, -3.84816173413448E-01,  1.33030000000003E+02,  5.89249102144526E+02,  6.43348985583961E+02
 1.94166666700000E+03,  1.72605635733322E-02,  2.72500000000000E-02, -3.83493070827907E-01,  1.33210000000003E+02,  5.17577861796331E+02,  6.21747274495789E+02
 1.94175000000000E+03, -1.41726623744412E-02, -9.90000000000000E-02, -3.82755671842644E-01,  1.33390000000003E+02,  3.97266908710736E+02,  6.12373511271974E+02
 1.94183333300000E+03, -5.82515989995607E-02, -8.32500000000000E-02, -3.82586818858482E-01,  1.33570000000003E+02,  3.50387874232490E+02,  5.78676756417916E+02
 1.94191666700000E+03, -8.35791506814651E-02,  1.50000000000000E-02, -3.82966532145852E-01,  1.33750000000003E+02,  3.63203487250305E+02,  5.72118586538539E+02
 1.94200000000000E+03, -8.66521852361361E-02, -1.55000000000000E-02, -3.83872977095580E-01,  1.33930000000003E+02,  3.43762619807702E+02,  6.60898173387174E+02
 1.94208333300000E+03, -8.26323559355341E-02, -4.45000000000000E-02, -3.85282372105482E-01,  1.34110000000003E+02,  2.87044090248265E+02,  6.93140661433741E+02
 1.94216666700000E+03, -9.63144448461558E-02,  1.62500000000000E-02, -3.87169142200950E-01,  1.34290000000003E+02,  2.44531493465265E+02,  6.34335433070845E+02
 1.94225000000000E+03, -1.29450017915672E-01,  3.37500000000000E-02, -7.10110913856433E-01,  1.34470000000003E+02,  2.46821153953641E+02,  7.12500206100992E+02
 1.94233333300000E+03, -1.60552642200849E-01,  8.10000000000000E-02, -7.11447677369909E-01,  1.34650000000003E+02,  3.17644391893736E+02,  9.09240265051362E+02
 1.94241666700000E+03, -1.71475662714706E-01,  8.12500000000000E-02, -7.13609204009614E-01,  1.34830000000003E+02,  4.40923527995482E+02,  1.01508821622835E+03
 1.94250000000000E+03, -1.62219079754067E-01,  7.02500000000000E-02, -7.16535129872402E-01,  1.35010000000003E+02,  5.42237257353343E+02,  1.04287576774616E+03
 1.94258333300000E+03, -1.59979281153456E-01,  1.95250000000000E-01, -7.20160408709768E-01,  1.35190000000003E+02,  6.02959976969382E+02,  1.06744577117590E+03
 1.94266666700000E+03, -1.87139517331146E-01,  1.15000000000000E-01, -7.24415920290041E-01,  1.35370000000003E+02,  6.39111828657707E+02,  1.03800314887846E+03
 1.94275000000000E+03, -2.51269574827846E-01, -1.61000000000000E-01, -7.29857697987245E-01,  1.35550000000003E+02,  5.77633586343677E+02,  8.78922144217972E+02
 1.94283333300000E+03, -3.26743568770633E-01, -2.91000000000000E-01, -7.35207281601158E-01,  1.35730000000003E+02,  3.97892685790058E+02,  6.02702835167532E+02
 1.94291666700000E+03, -3.83730533078470E-01, -3.60750000000000E-01, -7.40951860832415E-01,  1.35910000000003E+02,  2.51592988805284E+02,  3.61285596203191E+02
 1.94300000000000E+03, -4.06757835201301E-01, -4.43000000000000E-01, -7.47012148365875E-01,  1.36090000000003E+02,  2.28050695844853E+02,  2.63927209483270E+02
 1.94308333300000E+03, -3.88240034402145E-01, -4.91250000000000E-01, -7.53308000875143E-01,  1.36270000000003E+02,  2.25162827303949E+02,  2.30919260861889E+02
 1.94316666700000E+03, -3.45522184431155E-01, -5.29500000000000E-01, -7.59759030378057E-01,  1.36450000000003E+02,  1.76025093819359E+02,  1.77408728403899E+02
 1.94325000000000E+03, -2.86840191553441E-01, -5.02000000000000E-01, -7.12780244731940E-01,  1.36630000000003E+02,  1.65468873221792E+02,  1.54871760202781E+02
 1.94333333300000E+03, -2.45871114343353E-01, -4.92250000000000E-01, -7.15451654967640E-01,  1.36810000000003E+02,  2.46744990410474E+02,  2.68984907768092E+02
 1.94341666700000E+03, -2.18452454579294E-01, -6.10250000000000E-01, -7.18845169630479E-01,  1.36990000000003E+02,  3.48495521142540E+02,  4.89033166142267E+02
 1.94350000000000E+03, -2.04251152002014E-01, -6.49750000000000E-01, -7.22892993357753E-01,  1.37170000000003E+02,  4.06189677287548E+02,  6.33943144915642E+02
 1.94358333300000E+03, -2.02126120980637E-01, -4.29000000000000E-01, -7.27523664763807E-01,  1.37350000000003E+02,  4.23922592278525E+02,  6.81729607859384E+02
 1.94366666700000E+03, -2.28418422078615E-01, -1.35250000000000E-01, -7.32662684552620E-01,  1.37530000000003E+02,  4.26587115202875E+02,  7.54943777990336E+02
 1.94375000000000E+03, -2.90505237185605E-01, -5.82500000000000E-02, -7.38301373945770E-01,  1.37710000000003E+02,  4.43199328783217E+02,  8.02407422138476E+02
 1.94383333300000E+03, -3.63950636836679E-01, -1.16250000000000E-01, -7.44228305621047E-01,  1.37890000000003E+02,  4.76558920297500E+02,  7.75776992906736E+02
 1.94391666700000E+03, -4.19209696380790E-01, -1.91500000000000E-01, -7.50427233589967E-01,  1.38070000000003E+02,  5.06905265676239E+02,  8.02585627205681E+02
 1.94400000000000E+03, -4.41443637148255E-01, -3.63250000000000E-01, -7.56817806057889E-01,  1.38250000000003E+02,  5.36660680726120E+02,  8.86877163488743E+02
 1.94408333300000E+03, -4.07847112346659E-01, -4.82750000000000E-01, -7.63319753934011E-01,  1.38430000000003E+02,  5.32494569674503E+02,  8.86863483600286E+02
 1.94416666700000E+03, -3.36012518428237E-01, -4.05750000000000E-01, -7.69853475394094E-01,  1.38610000000003E+02,  4.24793200907557E+02,  7.56551160718106E+02
 1.94425000000000E+03, -2.33485868748317E-01, -4.08250000000000E-01, -3.89068687799577E-01,  1.38790000000003E+02,  2.48153142092066E+02,  5.43468628045565E+02
 1.94433333300000E+03, -1.61677275850157E-01, -4.74000000000000E-01, -3.91755942441192E-01,  1.38970000000003E+02,  1.15785152489074E+02,  3.29247089574358E+02
 1.94441666700000E+03, -1.13816967648631E-01, -3.93000000000000E-01, -3.94839979459158E-01,  1.39150000000003E+02,  6.04401992980847E+01,  1.87294233118335E+02
 1.94450000000000E+03, -8.98205275262147E-02, -3.56500000000000E-01, -3.98289839758298E-01,  1.39330000000003E+02,  4.16706938180688E+01,  1.13564182790384E+02
 1.94458333300000E+03, -7.48308928494061E-02, -3.46250000000000E-01, -4.02073551688830E-01,  1.39510000000003E+02,  3.65638625828426E+01,  7.57542129039175E+01
 1.94466666700000E+03, -8.86235895777924E-02, -2.22000000000000E-01, -4.06158295323269E-01,  1.39690000000003E+02,  4.75998205583132E+01,  1.06991158727170E+02
 1.94475000000000E+03, -1.36392322555469E-01, -1.55000000000000E-01, -4.08758565869123E-01,  1.39870000000003E+02,  1.00563919658533E+02,  2.87653500170162E+02
 1.94483333300000E+03, -1.96755167791543E-01, -2.11250000000000E-01, -4.13256035443991E-01,  1.40050000000003E+02,  2.33923789093503E+02,  5.97927979769141E+02
 1.94491666700000E+03, -2.42949090535366E-01, -1.60250000000000E-01, -4.17966253647159E-01,  1.40230000000003E+02,  4.05215928461569E+02,  8.63321860237140E+02
 1.94500000000000E+03, -2.61184338162293E-01, -1.57500000000000E-02, -4.22854683996327E-01,  1.40410000000003E+02,  4.93480656890422E+02,  9.58141743880811E+02
 1.94508333300000E+03, -2.55108398551635E-01, -1.52000000000000E-01, -4.27886674710864E-01,  1.40590000000003E+02,  4.78491466980357E+02,  9.03215418946814E+02
 1.94516666700000E+03, -2.35971452864970E-01, -4.58250000000000E-01, -4.33027608748840E-01,  1.40770000000003E+02,  4.33909292456249E+02,  7.28741512386521E+02
 1.94525000000000E+03, -2.15771892114477E-01, -4.87250000000000E-01, -4.01684563431865E-01,  1.40950000000003E+02,  3.46538821450366E+02,  4.78884449052163E+02
 1.94533333300000E+03, -1.99675682550333E-01, -3.27500000000000E-01, -4.05740957449185E-01,  1.41130000000003E+02,  2.07163485036987E+02,  2.75190834112814E+02
 1.94541666700000E+03, -1.84375986420399E-01, -1.30250000000000E-01, -4.10068224962437E-01,  1.41310000000003E+02,  1.27862001172446E+02,  2.00093964599629E+02
 1.94550000000000E+03, -1.66470460466810E-01,  7.70000000000000E-02, -4.14632382445225E-01,  1.41490000000003E+02,  1.40022270604679E+02,  2.05503482690907E+02
 1.94558333300000E+03, -1.59115418334457E-01,  7.67500000000000E-02, -4.19399066590538E-01,  1.41670000000003E+02,  1.39143218529011E+02,  1.83974153702894E+02
 1.94566666700000E+03, -1.80251180705261E-01, -1.23500000000000E-01, -4.24333690821498E-01,  1.41850000000003E+02,  1.05503115663051E+02,  1.11511062526159E+02
 1.94575000000000E+03, -2.34577438893369E-01, -2.96750000000000E-01, -4.30728168958154E-01,  1.42030000000003E+02,  1.09186729181919E+02,  8.14610409853912E+01
 1.94583333300000E+03, -2.98143499596571E-01, -3.22500000000000E-01, -4.35914682497834E-01,  1.42210000000003E+02,  1.52077335372056E+02,  1.40698560656840E+02
 1.94591666700000E+03, -3.44989234996497E-01, -3.38250000000000E-01, -4.41156722904400E-01,  1.42390000000003E+02,  1.87478204837249E+02,  2.18315543626367E+02
 1.94600000000000E+03, -3.66542348677353E-01, -4.46000000000000E-01, -4.46420410556485E-01,  1.42570000000003E+02,  2.03919735278228E+02,  2.70840691604165E+02
 1.94608333300000E+03, -3.90002039461044E-01, -4.37250000000000E-01, -4.51672393791114E-01,  1.42750000000003E+02,  2.01218691321803E+02,  3.11376609384631E+02
 1.94616666700000E+03, -4.29081212289294E-01, -2.52500000000000E-01, -4.56879974486868E-01,  1.42930000000003E+02,  1.71620544723920E+02,  3.13316486823359E+02
 1.94625000000000E+03, -4.86825385159795E-01, -2.38000000000000E-01, -8.25428369267754E-01,  1.43110000000003E+02,  1.53025152652944E+02,  2.71986704907912E+02
 1.94633333300000E+03, -5.21797171915619E-01, -4.56000000000000E-01, -8.25955235892790E-01,  1.43290000000003E+02,  2.02278227366757E+02,  2.80084842129367E+02
 1.94641666700000E+03, -5.21889835662338E-01, -5.41000000000000E-01, -8.25716112532390E-01,  1.43470000000003E+02,  2.94463615403140E+02,  3.84199758400765E+02
 1.94650000000000E+03, -4.87930463469974E-01, -6.17750000000000E-01, -8.24693110542259E-01,  1.43650000000003E+02,  3.61031341715124E+02,  4.85587232568934E+02
 1.94658333300000E+03, -4.57931552057013E-01, -7.44000000000000E-01, -8.22873813881106E-01,  1.43830000000003E+02,  3.82889474579103E+02,  5.04646885756135E+02
 1.94666666700000E+03, -4.57874107056549E-01, -6.44500000000000E-01, -8.20251233382522E-01,  1.44010000000003E+02,  3.50576645169848E+02,  4.70532265985901E+02
 1.94675000000000E+03, -4.87758128623359E-01, -5.39750000000000E-01, -8.16408951170544E-01,  1.44190000000003E+02,  2.48738935137455E+02,  3.80396964924554E+02
 1.94683333300000E+03, -5.26858371515263E-01, -6.12000000000000E-01, -8.12094697372674E-01,  1.44370000000003E+02,  1.29703383075853E+02,  2.17834298369373E+02
 1.94691666700000E+03, -5.42915009664518E-01, -5.72250000000000E-01, -8.06989012574555E-01,  1.44550000000003E+02,  8.16735412687996E+01,  1.07433647389423E+02
 1.94700000000000E+03, -5.35928042533826E-01, -4.64500000000000E-01, -8.01106008540209E-01,  1.44730000000003E+02,  1.22965648853974E+02,  1.74452306085007E+02
 1.94708333300000E+03, -5.16658416505282E-01, -5.43500000000000E-01, -7.94464491048029E-01,  1.44910000000003E+02,  1.91043001996106E+02,  3.30657694197421E+02
 1.94716666700000E+03, -5.10944555492489E-01, -6.76250000000000E-01, -7.87087733470259E-01,  1.45090000000003E+02,  2.24127507901370E+02,  4.30929371677422E+02
 1.94725000000000E+03, -5.18786459862797E-01, -7.42250000000000E-01, -8.25645832178082E-01,  1.45270000000003E+02,  2.42393645197268E+02,  5.00192230644874E+02
 1.94733333300000E+03, -5.26229988280694E-01, -7.10250000000000E-01, -8.24539755809598E-01,  1.45450000000003E+02,  3.00931966255543E+02,  6.19038337619876E+02
 1.94741666700000E+03, -5.13339803120052E-01, -5.71000000000000E-01, -8.22636397572680E-01,  1.45630000000003E+02,  3.54853509314533E+02,  7.23235419832873E+02
 1.94750000000000E+03, -4.80115904389346E-01, -3.86000000000000E-01, -8.19929333722420E-01,  1.45810000000003E+02,  3.27478978537466E+02,  6.98047267447389E+02
 1.94758333300000E+03, -4.49633819782727E-01, -2.33750000000000E-01, -8.16417476690404E-01,  1.45990000000003E+02,  2.97397546342371E+02,  6.02246294171786E+02
 1.94766666700000E+03, -4.47755945911795E-01, -2.35250000000000E-01, -8.12104958588216E-01,  1.46170000000003E+02,  3.75724268886464E+02,  6.07342904471726E+02
 1.94775000000000E+03, -4.74482282952240E-01, -4.27500000000000E-01, -8.08370367849375E-01,  1.46350000000003E+02,  4.92777663307094E+02,  7.31355188115245E+02
 1.94783333300000E+03, -5.08971753600375E-01, -6.59000000000000E-01, -8.02684695775237E-01,  1.46530000000003E+02,  5.57070561181314E+02,  8.47523137576344E+02
 1.94791666700000E+03, -5.18742806199263E-01, -7.48000000000000E-01, -7.96235262478926E-01,  1.46710000000003E+02,  6.16260054173627E+02,  9.26622306858120E+02
 1.94800000000000E+03, -4.97159225823268E-01, -6.76250000000000E-01, -7.89044220748743E-01,  1.46890000000003E+02,  6.71364517944513E+02,  1.00340233921940E+03
 1.94808333300000E+03, -4.54499057044915E-01, -5.78500000000000E-01, -7.81138008216180E-01,  1.47070000000003E+02,  6.08094665997932E+02,  9.70780743904289E+02
 1.94816666700000E+03, -4.18570497822783E-01, -5.32750000000000E-01, -7.72547084462564E-01,  1.47250000000003E+02,  4.15950215750727E+02,  7.17412038885518E+02
 1.94825000000000E+03, -4.02645977491738E-01, -5.37500000000000E-01, -5.11102080806851E-01,  1.47430000000003E+02,  2.30647398527533E+02,  3.83752369790775E+02
 1.94833333300000E+03, -3.97670461813122E-01, -5.85250000000000E-01, -5.09880647005400E-01,  1.47610000000003E+02,  1.41284480412250E+02,  2.03576079827896E+02
 1.94841666700000E+03, -3.82773137507908E-01, -5.60000000000000E-01, -5.08224495097526E-01,  1.47790000000003E+02,  1.34568581474577E+02,  2.03465575360576E+02
 1.94850000000000E+03, -3.51317789993321E-01, -4.18000000000000E-01, -5.06134287231499E-01,  1.47970000000003E+02,  1.78130707637262E+02,  2.54365493561353E+02
 1.94858333300000E+03, -3.23640726135466E-01, -3.24750000000000E-01, -5.03612205532129E-01,  1.48150000000003E+02,  2.24774999886265E+02,  2.79226873785426E+02
 1.94866666700000E+03, -3.25784591477077E-01, -3.60500000000000E-01, -5.00661909077745E-01,  1.48330000000003E+02,  2.34519862251982E+02,  2.88022423453878E+02
 1.94875000000000E+03, -3.58430115402887E-01, -4.48250000000000E-01, -4.98474645552214E-01,  1.48510000000003E+02,  2.38326256290110E+02,  3.04903273740560E+02
 1.94883333300000E+03, -4.01244809253483E-01, -4.25000000000000E-01, -4.94824465082884E-01,  1.48690000000003E+02,  2.40491974081780E+02,  3.07814990007052E+02
 1.94891666700000E+03, -4.22687016812993E-01, -4.04500000000000E-01, -4.90762642518156E-01,  1.48870000000003E+02,  1.79449826414411E+02,  2.58200482444652E+02
 1.94900000000000E+03, -4.20976726228413E-01, -6.08000000000000E-01, -4.86297815549320E-01,  1.49050000000003E+02,  1.17891357391234E+02,  2.08445793329522E+02
 1.94908333300000E+03, -4.02890161406850E-01, -7.39000000000000E-01, -4.81439848913602E-01,  1.49230000000003E+02,  1.97282134275956E+02,  2.60944301687668E+02
 1.94916666700000E+03, -3.91877336285898E-01, -7.27250000000000E-01, -4.76199772263865E-01,  1.49410000000003E+02,  3.73025461019360E+02,  4.08995408010377E+02
 1.94925000000000E+03, -3.89456086375160E-01, -7.54000000000000E-01, -5.08867081180650E-01,  1.49590000000003E+02,  4.97390338736641E+02,  5.68679245810062E+02
 1.94933333300000E+03, -3.88263852851999E-01, -7.38000000000000E-01, -5.10328542272470E-01,  1.49770000000003E+02,  5.50158543370597E+02,  7.05253297813048E+02
 1.94941666700000E+03, -3.70484599155873E-01, -6.72000000000000E-01, -5.11388905057931E-01,  1.49950000000003E+02,  5.58815788678948E+02,  7.93747052092684E+02
 1.94950000000000E+03, -3.35699772251460E-01, -6.42000000000000E-01, -5.12038446493078E-01,  1.50130000000003E+02,  4.72478449351958E+02,  7.61330191829135E+02
 1.94958333300000E+03, -3.05139116149539E-01, -6.46000000000000E-01, -5.12269120106390E-01,  1.50310000000003E+02,  2.78493575498842E+02,  5.79958740341385E+02
 1.94966666700000E+03, -3.05272808256712E-01, -6.05750000000000E-01, -5.12074546605152E-01,  1.50490000000003E+02,  1.04289487103815E+02,  3.49207046023517E+02
 1.94975000000000E+03, -3.37731080951848E-01, -5.23000000000000E-01, -5.11028974114122E-01,  1.50670000000003E+02,  6.42536088886170E+01,  2.00789648326355E+02
 1.94983333300000E+03, -3.82142121530840E-01, -4.52000000000000E-01, -5.09776387582413E-01,  1.50850000000003E+02,  1.12284645320401E+02,  1.55933865484763E+02
 1.94991666700000E+03, -4.07250732412363E-01, -4.91500000000000E-01, -5.08089078984557E-01,  1.51030000000003E+02,  1.56081933093686E+02,  1.50623240720924E+02
 1.95000000000000E+03, -4.09796448718474E-01, -5.23500000000000E-01, -5.05967820770138E-01,  1.51210000000003E+02,  1.74922267447547E+02,  1.43468947637653E+02
 1.95008333300000E+03, -4.08574355161171E-01, -3.54750000000000E-01, -5.03414902425520E-01,  1.51390000000003E+02,  1.69812551140482E+02,  1.34575486107117E+02
 1.95016666700000E+03, -4.25263831617462E-01, -2.51250000000000E-01, -5.00434087143732E-01,  1.51570000000003E+02,  1.36418115986058E+02,  1.27591326328876E+02
 1.95025000000000E+03, -4.61495109986270E-01, -3.78500000000000E-01, -8.12915770041111E-01,  1.51750000000003E+02,  8.79528048570934E+01,  1.06890991730172E+02
 1.95033333300000E+03, -4.85129216789451E-01, -4.66000000000000E-01, -8.16730229139664E-01,  1.51930000000003E+02,  5.48588542372228E+01,  7.40466984033839E+01
 1.95041666700000E+03, -4.79000479195800E-01, -4.68500000000000E-01, -8.19942395837805E-01,  1.52110000000003E+02,  5.76416486901856E+01,  6.60528396829078E+01
 1.95050000000000E+03, -4.43108897801368E-01, -5.55250000000000E-01, -8.22508382990542E-01,  1.52290000000003E+02,  7.73885661961054E+01,  8.11496455283930E+01
 1.95058333300000E+03, -4.10688837041633E-01, -5.92750000000000E-01, -8.24389460863455E-01,  1.52470000000003E+02,  1.09698426415323E+02,  1.10994327062652E+02
 1.95066666700000E+03, -4.08439690183419E-01, -4.68250000000000E-01, -8.25552198294566E-01,  1.52650000000003E+02,  1.77673911193476E+02,  2.03499774970641E+02
 1.95075000000000E+03, -4.37384312491864E-01, -4.79500000000000E-01, -8.25962879424625E-01,  1.52830000000003E+02,  2.40202697062281E+02,  3.29786360699607E+02
 1.95083333300000E+03, -4.78309065562509E-01, -7.11250000000000E-01, -8.25473473377569E-01,  1.53010000000003E+02,  2.52239532590240E+02,  3.99475456991979E+02
 1.95091666700000E+03, -4.99956231256013E-01, -9.31500000000000E-01, -8.24195602333818E-01,  1.53190000000003E+02,  2.47383451953196E+02,  4.23049955417736E+02
 1.95100000000000E+03, -4.98802499045089E-01, -1.04675000000000E+00, -8.22118601351596E-01,  1.53370000000003E+02,  2.31228613978421E+02,  4.01402474020137E+02
 1.95108333300000E+03, -4.69860479680821E-01, -1.02600000000000E+00, -8.19237210233729E-01,  1.53550000000003E+02,  1.84068990087934E+02,  2.90254841447141E+02
 1.95116666700000E+03, -4.33000990264713E-01, -8.49500000000000E-01, -8.15551482440964E-01,  1.53730000000003E+02,  1.52445988513606E+02,  1.71694827089147E+02
 1.95125000000000E+03, -3.92202086603213E-01, -6.55000000000000E-01, -7.44474483792386E-01,  1.53910000000003E+02,  1.67986359525202E+02,  1.42203155316409E+02
 1.95133333300000E+03, -3.67540283074655E-01, -5.61250000000000E-01, -7.50682730962137E-01,  1.54090000000003E+02,  2.00125379903821E+02,  1.72939637663158E+02
 1.95141666700000E+03, -3.50991599720099E-01, -4.81750000000000E-01, -7.57079367892246E-01,  1.54270000000003E+02,  2.33830608157825E+02,  2.43453864595752E+02
 1.95150000000000E+03, -3.41078435940084E-01, -4.88750000000000E-01, -7.63584141287011E-01,  1.54450000000003E+02,  2.68468228399299E+02,  3.58649180213308E+02
 1.95158333300000E+03, -3.38281806543741E-01, -5.21750000000000E-01, -7.70117488335794E-01,  1.54630000000003E+02,  2.69500397784772E+02,  4.40579184252027E+02
 1.95166666700000E+03, -3.58683391117700E-01, -4.11750000000000E-01, -7.76601098089742E-01,  1.54810000000003E+02,  2.25503523109278E+02,  4.14343591805928E+02
 1.95175000000000E+03, -4.04967499590037E-01, -3.72000000000000E-01, -7.80206584063691E-01,  1.54990000000003E+02,  2.04855754919141E+02,  3.50436225459226E+02
 1.95183333300000E+03, -4.59203275777575E-01, -4.04000000000000E-01, -7.86459829167247E-01,  1.55170000000003E+02,  2.16787132207605E+02,  3.19755259157127E+02
 1.95191666700000E+03, -4.91762493984660E-01, -3.70250000000000E-01, -7.92471915510269E-01,  1.55350000000003E+02,  1.73514131835484E+02,  2.38115787291913E+02
 1.95200000000000E+03, -4.94425063046376E-01, -3.87000000000000E-01, -7.98173141365297E-01,  1.55530000000003E+02,  1.35965124077193E+02,  1.52265241171357E+02
 1.95208333300000E+03, -4.70697161245986E-01, -4.62750000000000E-01, -8.03497248212254E-01,  1.55710000000003E+02,  2.25469633429501E+02,  2.61289270561174E+02
 1.95216666700000E+03, -4.42093463633924E-01, -5.06500000000000E-01, -8.08381804655409E-01,  1.55890000000003E+02,  3.17233314740555E+02,  4.31038020121823E+02
 1.95225000000000E+03, -4.17001223067645E-01, -4.63750000000000E-01, -2.12095428039079E-01,  1.56070000000003E+02,  2.94272321159578E+02,  4.27811390553515E+02
 1.95233333300000E+03, -4.01272091395304E-01, -4.21250000000000E-01, -2.03951438204761E-01,  1.56250000000003E+02,  2.71908694728162E+02,  3.91704369213599E+02
 1.95241666700000E+03, -3.83584920639388E-01, -4.15500000000000E-01, -1.96010649684801E-01,  1.56430000000003E+02,  2.81432952942126E+02,  3.88548104574842E+02
 1.95250000000000E+03, -3.61088239095654E-01, -3.61000000000000E-01, -1.88285337930064E-01,  1.56610000000003E+02,  2.43778604951474E+02,  2.88847329456523E+02
 1.95258333300000E+03, -3.43111805979363E-01, -2.84500000000000E-01, -1.80787029993390E-01,  1.56790000000003E+02,  2.07170533335333E+02,  2.36423171572177E+02
 1.95266666700000E+03, -3.50419210412591E-01, -2.55500000000000E-01, -1.73526490374760E-01,  1.56970000000003E+02,  2.28125565799018E+02,  3.62402001460022E+02
 1.95275000000000E+03, -3.83010452652478E-01, -3.54500000000000E-01, -1.70239820243121E-01,  1.57150000000003E+02,  2.65018510871972E+02,  5.07081156603125E+02
 1.95283333300000E+03, -4.21946947859316E-01, -4.91750000000000E-01, -1.63345223803837E-01,  1.57330000000003E+02,  2.83811788535611E+02,  5.95263000536873E+02
 1.95291666700000E+03, -4.36275045522327E-01, -5.84000000000000E-01, -1.56711599014287E-01,  1.57510000000003E+02,  2.76060868614031E+02,  6.44287521872447E+02
 1.95300000000000E+03, -4.25994745177747E-01, -6.89000000000000E-01, -1.50346995025295E-01,  1.57690000000003E+02,  2.35555282784569E+02,  5.81677556570907E+02
 1.95308333300000E+03, -4.04006910433258E-01, -6.94750000000000E-01, -1.44258665791394E-01,  1.57870000000003E+02,  1.81221381663950E+02,  4.09438022320365E+02
 1.95316666700000E+03, -3.95815641425953E-01, -5.47250000000000E-01, -1.38453069222320E-01,  1.58050000000003E+02,  1.71906717598532E+02,  2.73741594166275E+02
 1.95325000000000E+03, -4.01420938448262E-01, -4.73250000000000E-01, -4.86949182967472E-01,  1.58230000000003E+02,  2.26018503601506E+02,  2.98206585601117E+02
 1.95333333300000E+03, -4.05589635748626E-01, -4.81750000000000E-01, -4.90915102395537E-01,  1.58410000000003E+02,  2.55043288393752E+02,  4.26140660376089E+02
 1.95341666700000E+03, -3.89007891048952E-01, -4.45000000000000E-01, -4.94603257943085E-01,  1.58590000000003E+02,  2.67268554499074E+02,  5.64739474944528E+02
 1.95350000000000E+03, -3.51675704396831E-01, -4.82250000000000E-01, -4.97991875124408E-01,  1.58770000000004E+02,  4.16655639171855E+02,  7.88342213072705E+02
 1.95358333300000E+03, -3.16951427081839E-01, -5.51500000000000E-01, -5.01060714936650E-01,  1.58950000000004E+02,  6.43038117459511E+02,  1.05751034023046E+03
 1.95366666700000E+03, -3.11279986501100E-01, -5.17000000000000E-01, -5.03791116078068E-01,  1.59130000000004E+02,  7.27405500649037E+02,  1.13208965758226E+03
 1.95375000000000E+03, -3.34661382887398E-01, -4.15250000000000E-01, -5.07077052994193E-01,  1.59310000000004E+02,  6.92144275189806E+02,  1.00279783636360E+03
 1.95383333300000E+03, -3.69371269803999E-01, -2.85250000000000E-01, -5.08916692340396E-01,  1.59490000000004E+02,  6.40698193531789E+02,  8.33906582244942E+02
 1.95391666700000E+03, -3.84459953966896E-01, -1.80750000000000E-01, -5.10366269306225E-01,  1.59670000000004E+02,  5.15317425384105E+02,  6.48265572587080E+02
 1.95400000000000E+03, -3.79709798681138E-01, -1.64250000000000E-01, -5.11414431604048E-01,  1.59850000000004E+02,  3.18175555711205E+02,  4.67747300989708E+02
 1.95408333300000E+03, -3.38084972126292E-01, -2.25500000000000E-01, -5.12051506600932E-01,  1.60030000000004E+02,  1.71423847051030E+02,  3.66906562720902E+02
 1.95416666700000E+03, -2.80092401958533E-01, -3.41000000000000E-01, -5.12269498045025E-01,  1.60210000000004E+02,  1.28096254814566E+02,  3.33315324139037E+02
 1.95425000000000E+03, -2.06167362138123E-01, -3.43750000000000E-01, -7.11264013514406E-01,  1.60390000000004E+02,  1.37121878116983E+02,  3.06876597494039E+02
 1.95433333300000E+03, -1.56149773619055E-01, -2.29250000000000E-01, -7.13339985762058E-01,  1.60570000000004E+02,  1.14328680849568E+02,  2.48856095443129E+02
 1.95441666700000E+03, -1.21391867461887E-01, -2.50000000000000E-01, -7.16187058250732E-01,  1.60750000000004E+02,  5.72197071701993E+01,  1.65806045031892E+02
 1.95450000000000E+03, -1.01676006314969E-01, -3.60250000000000E-01, -7.19740657528171E-01,  1.60930000000004E+02,  4.62637317262040E+01,  9.67721475615566E+01
 1.95458333300000E+03, -9.51106073070179E-02, -4.16500000000000E-01, -7.23932070235946E-01,  1.61110000000004E+02,  8.52775014685928E+01,  8.28685113130273E+01
 1.95466666700000E+03, -1.19555551233098E-01, -4.33750000000000E-01, -7.28689063964890E-01,  1.61290000000004E+02,  1.29517366163459E+02,  1.42906308749668E+02
 1.95475000000000E+03, -1.82567413838949E-01, -4.69500000000000E-01, -7.35025561195154E-01,  1.61470000000004E+02,  1.75672318708430E+02,  2.26316096375498E+02
 1.95483333300000E+03, -2.57419237233766E-01, -6.03750000000000E-01, -7.40758464306629E-01,  1.61650000000004E+02,  2.09258642573238E+02,  3.71391231069293E+02
 1.95491666700000E+03, -3.15546246412167E-01, -6.99750000000000E-01, -7.46809686956493E-01,  1.61830000000004E+02,  2.69652198112194E+02,  7.55060089187345E+02
 1.95500000000000E+03, -3.41835289675369E-01, -6.46250000000000E-01, -7.53099104075837E-01,  1.62010000000004E+02,  4.22144984762674E+02,  1.28605009620912E+03
 1.95508333300000E+03, -3.61316683526665E-01, -6.61750000000000E-01, -7.59546326170639E-01,  1.62190000000004E+02,  5.70833822784798E+02,  1.63288071752760E+03
 1.95516666700000E+03, -3.90552011897007E-01, -7.28000000000000E-01, -7.66071295037963E-01,  1.62370000000004E+02,  6.08765241007531E+02,  1.70470667225627E+03
 1.95525000000000E+03, -4.37097849913743E-01, -6.07750000000000E-01, -8.09763201871957E-01,  1.62550000000004E+02,  5.82942619049487E+02,  1.55339121170788E+03
 1.95533333300000E+03, -4.65334409199719E-01, -4.74000000000000E-01, -8.13988634381189E-01,  1.62730000000004E+02,  5.14424234456832E+02,  1.17465149408830E+03
 1.95541666700000E+03, -4.61856703627946E-01, -5.29500000000000E-01, -8.17647139275856E-01,  1.62910000000004E+02,  3.73499240373445E+02,  6.87264217189912E+02
 1.95550000000000E+03, -4.26664733880574E-01, -5.09500000000000E-01, -8.20691159985322E-01,  1.63090000000004E+02,  2.09060773513602E+02,  2.99425519732087E+02
 1.95558333300000E+03, -3.94637248413044E-01, -3.12500000000000E-01, -8.23078167867618E-01,  1.63270000000004E+02,  1.16560769615911E+02,  1.49891392668619E+02
 1.95566666700000E+03, -3.92551458898044E-01, -1.87250000000000E-01, -8.24770833292276E-01,  1.63450000000004E+02,  1.40971016359439E+02,  2.01758919348096E+02
 1.95575000000000E+03, -4.21125076678090E-01, -3.04750000000000E-01, -8.25475803397587E-01,  1.63630000000004E+02,  1.94629828189019E+02,  2.33636729738327E+02
 1.95583333300000E+03, -4.61147706117778E-01, -4.77750000000000E-01, -8.25962045801665E-01,  1.63810000000004E+02,  1.83819783353318E+02,  1.79699724035016E+02
 1.95591666700000E+03, -4.83418244757550E-01, -5.15000000000000E-01, -8.25681197279118E-01,  1.63990000000004E+02,  1.75933650471711E+02,  1.85090999644276E+02
 1.95600000000000E+03, -4.84616216690952E-01, -5.79500000000000E-01, -8.24615663893237E-01,  1.64170000000004E+02,  2.07445124054302E+02,  2.67838562233635E+02
 1.95608333300000E+03, -4.68093150792355E-01, -6.73000000000000E-01, -8.22753322759770E-01,  1.64350000000004E+02,  2.23531866858394E+02,  4.02672464944373E+02
 1.95616666700000E+03, -4.48693083089264E-01, -6.05000000000000E-01, -8.20087474416526E-01,  1.64530000000004E+02,  2.52105821153009E+02,  5.76131604146392E+02
 1.95625000000000E+03, -4.30903831434611E-01, -4.45000000000000E-01, -5.12107836080544E-01,  1.64710000000004E+02,  2.87195923533548E+02,  6.52059716074138E+02
 1.95633333300000E+03, -4.12479075039302E-01, -3.39250000000000E-01, -5.12266132510290E-01,  1.64890000000004E+02,  2.96510801462621E+02,  6.82750056381204E+02
 1.95641666700000E+03, -3.85137782100426E-01, -2.13250000000000E-01, -5.11998256031124E-01,  1.65070000000004E+02,  3.51754605349498E+02,  8.31911456313030E+02
 1.95650000000000E+03, -3.46994899331915E-01, -1.17250000000000E-01, -5.11299759814276E-01,  1.65250000000004E+02,  4.13773076057316E+02,  9.24203011426272E+02
 1.95658333300000E+03, -3.16066955571003E-01, -1.40500000000000E-01, -5.10167823343538E-01,  1.65430000000004E+02,  3.96534931596279E+02,  8.64698704483691E+02
 1.95666666700000E+03, -3.14844519977380E-01, -1.74500000000000E-01, -5.08601224784444E-01,  1.65610000000004E+02,  3.85647938309579E+02,  8.69084559315767E+02
 1.95675000000000E+03, -3.43795366424660E-01, -2.22750000000000E-01, -5.07186636828681E-01,  1.65790000000004E+02,  3.84151308219075E+02,  8.63852485627452E+02
 1.95683333300000E+03, -3.83712762745632E-01, -3.52000000000000E-01, -5.04870455678843E-01,  1.65970000000004E+02,  3.14980782468563E+02,  6.60526360597748E+02
 1.95691666700000E+03, -4.03228112100926E-01, -4.00500000000000E-01, -5.02124130804525E-01,  1.66150000000004E+02,  2.47990164866034E+02,  4.29092777940775E+02
 1.95700000000000E+03, -3.98438962354174E-01, -2.58500000000000E-01, -4.98952074326800E-01,  1.66330000000004E+02,  2.02338734109153E+02,  2.97943461695344E+02
 1.95708333300000E+03, -3.38302208042309E-01, -1.89500000000000E-01, -4.95360101993340E-01,  1.66510000000004E+02,  1.41375908417846E+02,  2.28026811543920E+02
 1.95716666700000E+03, -2.43121895381548E-01, -2.58250000000000E-01, -4.91355380351697E-01,  1.66690000000004E+02,  1.35060109151284E+02,  2.75573422467902E+02
 1.95725000000000E+03, -1.19299609070630E-01, -1.89750000000000E-01, -3.82870026542173E-01,  1.66870000000004E+02,  1.70632619305836E+02,  3.78939477818829E+02
 1.95733333300000E+03, -3.46598259957882E-02, -7.52500000000000E-02, -3.83693961800770E-01,  1.67050000000004E+02,  1.67325912210606E+02,  4.01331045864442E+02
 1.95741666700000E+03,  2.11248023085364E-02, -1.14500000000000E-01, -3.85024766475757E-01,  1.67230000000004E+02,  1.62848454243903E+02,  4.19510427322631E+02
 1.95750000000000E+03,  5.10211822248119E-02, -1.93750000000000E-01, -3.86837141304429E-01,  1.67410000000004E+02,  1.83489126555652E+02,  4.80287463424036E+02
 1.95758333300000E+03,  7.05093419213583E-02, -2.66000000000000E-01, -3.89104125839739E-01,  1.67590000000004E+02,  1.79648213102973E+02,  4.93735719565938E+02
 1.95766666700000E+03,  5.82070652611134E-02, -3.06500000000000E-01, -3.91797258616172E-01,  1.67770000000004E+02,  1.48699311363739E+02,  4.73311151026503E+02
 1.95775000000000E+03,  9.06082479057690E-03, -2.13000000000000E-01, -3.95728582740024E-01,  1.67950000000004E+02,  1.32252774248159E+02,  4.64815890381677E+02
 1.95783333300000E+03, -5.24218866872349E-02, -1.36750000000000E-01, -3.99270949071871E-01,  1.68130000000004E+02,  1.34932822614981E+02,  4.36282344921102E+02
 1.95791666700000E+03, -9.75855493611972E-02, -1.08500000000000E-01, -4.03138461126876E-01,  1.68310000000004E+02,  1.40726807729532E+02,  3.68723045995209E+02
 1.95800000000000E+03, -1.14532197490947E-01,  2.75000000000000E-03, -4.07298099742441E-01,  1.68490000000004E+02,  1.96183064630796E+02,  2.96628420965972E+02
 1.95808333300000E+03, -1.12426345462095E-01,  2.07500000000000E-02, -4.11716204232561E-01,  1.68670000000004E+02,  3.15534319224366E+02,  2.82218429340223E+02
 1.95816666700000E+03, -1.01607994521903E-01, -5.87500000000000E-02, -4.16358633429882E-01,  1.68850000000004E+02,  3.83392354565404E+02,  3.10108281159135E+02
 1.95825000000000E+03, -8.29686164852733E-02, -7.92500000000000E-02, -7.14889647585270E-01,  1.69030000000004E+02,  3.66523252669239E+02,  3.06907077728986E+02
 1.95833333300000E+03, -4.38982027612923E-02, -2.72500000000000E-02, -7.02824475184750E-01,  1.69210000000004E+02,  3.40665172993818E+02,  3.00419359864668E+02
 1.95841666700000E+03,  2.19748396753077E-02,  1.48500000000000E-01, -6.90400258351652E-01,  1.69390000000004E+02,  2.66452003618289E+02,  2.94085503661002E+02
 1.95850000000000E+03,  1.00953667291948E-01,  4.11750000000000E-01, -6.77669166806602E-01,  1.69570000000004E+02,  1.22820085199520E+02,  2.03228559558842E+02
 1.95858333300000E+03,  1.63680588079325E-01,  5.71000000000000E-01, -6.64684358963649E-01,  1.69750000000004E+02,  3.41662647145447E+01,  1.06683778762439E+02
 1.95866666700000E+03,  1.79422925356604E-01,  5.04000000000000E-01, -6.51499651382944E-01,  1.69930000000004E+02,  3.87687852676026E+01,  1.28427750801239E+02
 1.95875000000000E+03,  1.48013521630577E-01,  2.86000000000000E-01, -6.37077869577499E-01,  1.70110000000004E+02,  5.41006674763396E+01,  1.69807549398288E+02
 1.95883333300000E+03,  8.80377367439648E-02,  1.44500000000000E-01, -6.23650744566558E-01,  1.70290000000004E+02,  6.14577771705834E+01,  1.44896280409134E+02
 1.95891666700000E+03,  3.22146480607086E-02,  8.30000000000000E-02, -6.10190280106228E-01,  1.70470000000004E+02,  9.36638535564743E+01,  1.30915229676171E+02
 1.95900000000000E+03, -1.41871125323596E-02,  6.02500000000000E-02, -5.96749701425855E-01,  1.70650000000004E+02,  1.19086068146832E+02,  1.27761533019088E+02
 1.95908333300000E+03, -5.81477030127531E-02,  1.42500000000000E-01, -5.83381337278863E-01,  1.70830000000004E+02,  1.03261502721529E+02,  8.70078230473959E+01
 1.95916666700000E+03, -1.08926442097685E-01,  9.65000000000000E-02, -5.70136349389767E-01,  1.71010000000004E+02,  1.09142984297671E+02,  9.52161245531060E+01
 1.95925000000000E+03, -1.49028956119915E-01,  9.25000000000000E-03, -4.16800184372955E-01,  1.71190000000004E+02,  1.34458840281073E+02,  1.73766183337570E+02
 1.95933333300000E+03, -1.55672772989574E-01,  5.00000000000000E-02, -4.10560751854578E-01,  1.71370000000004E+02,  1.06506713740812E+02,  2.27015850428910E+02
 1.95941666700000E+03, -1.19814431736487E-01, -1.65000000000000E-02, -4.04952883123133E-01,  1.71550000000004E+02,  1.62952259798497E+02,  3.59888359538357E+02
 1.95950000000000E+03, -6.06044368691560E-02, -1.05750000000000E-01, -3.99980683429153E-01,  1.71730000000004E+02,  3.91946173635119E+02,  6.61530049016617E+02
 1.95958333300000E+03, -8.39836585102155E-03, -6.77500000000000E-02, -3.95645205533435E-01,  1.71910000000004E+02,  5.48210551977653E+02,  8.76575280031868E+02
 1.95966666700000E+03,  9.47527904090094E-03, -5.15000000000000E-02, -3.91944514511655E-01,  1.72090000000004E+02,  5.64188940118513E+02,  8.96661520028772E+02
 1.95975000000000E+03, -2.68496892774125E-03, -6.62500000000000E-02, -3.89931322444217E-01,  1.72270000000004E+02,  6.04246891819495E+02,  8.90631271743582E+02
 1.95983333300000E+03, -2.76704088263627E-02, -5.75000000000000E-02, -3.87254845604416E-01,  1.72450000000004E+02,  5.53570565447573E+02,  7.75193133898239E+02
 1.95991666700000E+03, -3.42611449279141E-02, -1.18750000000000E-01, -3.85194394892289E-01,  1.72630000000004E+02,  3.26240764162792E+02,  4.68621090965736E+02
 1.96000000000000E+03, -2.24571766678871E-02, -2.67750000000000E-01, -3.83737926656596E-01,  1.72810000000004E+02,  1.54530830600214E+02,  2.25400614050323E+02
 1.96008333300000E+03, -1.97371970603771E-02, -2.95500000000000E-01, -3.82870866111609E-01,  1.72990000000004E+02,  1.09848719174702E+02,  1.62659266867596E+02
 1.96016666700000E+03, -5.41829428012911E-02, -6.77500000000000E-02, -3.82576234011413E-01,  1.73170000000004E+02,  7.44709679363988E+01,  1.58971562301608E+02
 1.96025000000000E+03, -1.25794413362303E-01,  1.73500000000000E-01, -4.14904628942420E-01,  1.73350000000004E+02,  6.01211747298861E+01,  1.58041000592859E+02
 1.96033333300000E+03, -1.88884157490954E-01,  1.86000000000000E-01, -4.19682038142855E-01,  1.73530000000004E+02,  7.37604792272552E+01,  1.61713141832075E+02
 1.96041666700000E+03, -2.19134911730511E-01,  6.30000000000000E-02, -4.24625370551363E-01,  1.73710000000004E+02,  7.18414991947671E+01,  2.01966394195410E+02
 1.96050000000000E+03, -2.16546676834859E-01, -6.45000000000000E-02, -4.29699969763520E-01,  1.73890000000004E+02,  9.83660840065168E+01,  2.76377664932797E+02
 1.96058333300000E+03, -2.14894968095894E-01, -1.37000000000000E-01, -4.34871266279648E-01,  1.74070000000004E+02,  1.59061160396672E+02,  3.16971848282374E+02
 1.96066666700000E+03, -2.37635020271975E-01, -7.85000000000000E-02, -4.40104921257460E-01,  1.74250000000004E+02,  1.73005602668472E+02,  3.28885699268074E+02
 1.96075000000000E+03, -2.87481524769537E-01, -1.35000000000000E-02, -4.45835336047784E-01,  1.74430000000004E+02,  1.67552716952766E+02,  3.28267292808336E+02
 1.96083333300000E+03, -3.43978527063250E-01, -2.10000000000000E-02, -4.51090248403287E-01,  1.74610000000004E+02,  2.39939995527051E+02,  3.16766000133579E+02
 1.96091666700000E+03, -3.77787816675845E-01, -1.29750000000000E-01, -4.56304356501322E-01,  1.74790000000004E+02,  3.24234499038117E+02,  3.38434171220756E+02
 1.96100000000000E+03, -3.82219764634547E-01, -3.60250000000000E-01, -4.61445643325935E-01,  1.74970000000004E+02,  3.10626314435631E+02,  3.52038262885800E+02
 1.96108333300000E+03, -3.50850032378186E-01, -4.68750000000000E-01, -4.66482964735099E-01,  1.75150000000004E+02,  2.77380496932609E+02,  3.34255818085442E+02
 1.96116666700000E+03, -3.04951138479514E-01, -2.98250000000000E-01, -4.71386155594936E-01,  1.75330000000004E+02,  2.77011725751592E+02,  3.32515602471164E+02
 1.96125000000000E+03, -2.49758267535794E-01, -1.06250000000000E-01, -4.11794086971399E-01,  1.75510000000004E+02,  2.20382768587653E+02,  2.81204697998349E+02
 1.96133333300000E+03, -2.14736559227106E-01, -2.39500000000000E-01, -4.16440066060686E-01,  1.75690000000004E+02,  1.50368685722406E+02,  2.00466813440617E+02
 1.96141666700000E+03, -1.92354580940193E-01, -5.97000000000000E-01, -4.21275313306553E-01,  1.75870000000004E+02,  1.55803047544447E+02,  2.21193811001402E+02
 1.96150000000000E+03, -1.81352085687828E-01, -9.26250000000000E-01, -4.26265197257371E-01,  1.76050000000004E+02,  1.72088564477086E+02,  2.97582992382237E+02
 1.96158333300000E+03, -1.80611005753501E-01, -1.05975000000000E+00, -4.31375073725058E-01,  1.76230000000004E+02,  1.88654686951639E+02,  3.59721784504851E+02
 1.96166666700000E+03, -2.06156795534335E-01, -9.70750000000000E-01, -4.36570432783569E-01,  1.76410000000004E+02,  2.27878676896219E+02,  3.95348177527901E+02
 1.96175000000000E+03, -2.62518106052621E-01, -8.52250000000000E-01, -4.43275650050502E-01,  1.76590000000004E+02,  2.16914682547935E+02,  4.25879551157393E+02
 1.96183333300000E+03, -3.26762253951888E-01, -7.63000000000000E-01, -4.48538601491012E-01,  1.76770000000004E+02,  2.03233501414625E+02,  5.93124231287654E+02
 1.96191666700000E+03, -3.69418412667248E-01, -7.44000000000000E-01, -4.53776595815457E-01,  1.76950000000004E+02,  2.55852454518708E+02,  8.06740468698276E+02
 1.96200000000000E+03, -3.78702176749707E-01, -8.70750000000000E-01, -4.58957232094495E-01,  1.77130000000004E+02,  2.62771071803067E+02,  8.44389132934338E+02
 1.96208333300000E+03, -3.52909390644718E-01, -9.11000000000000E-01, -4.64048928134449E-01,  1.77310000000004E+02,  2.01945134219326E+02,  8.30334635647304E+02
 1.96216666700000E+03, -3.12021370211372E-01, -7.02500000000000E-01, -4.69021030039142E-01,  1.77490000000004E+02,  1.57309492991366E+02,  7.68574815495292E+02
 1.96225000000000E+03, -2.66020973839220E-01, -4.46250000000000E-01, -4.19520396468063E-01,  1.77670000000004E+02,  1.22040512851938E+02,  5.25455294485986E+02
 1.96233333300000E+03, -2.35654720124967E-01, -3.18750000000000E-01, -4.24458771029687E-01,  1.77850000000004E+02,  1.46004148196132E+02,  4.13399389998064E+02
 1.96241666700000E+03, -2.13020005863651E-01, -2.96750000000000E-01, -4.29529563664548E-01,  1.78030000000004E+02,  2.53127900601485E+02,  5.57400545625863E+02
 1.96250000000000E+03, -1.95389727088318E-01, -2.74500000000000E-01, -4.34698199647502E-01,  1.78210000000004E+02,  3.06874335527689E+02,  6.20053960060792E+02
 1.96258333300000E+03, -1.86433421101722E-01, -2.75750000000000E-01, -4.39930330214185E-01,  1.78390000000004E+02,  3.09079740908147E+02,  5.84331762862171E+02
 1.96266666700000E+03, -2.04248952793341E-01, -3.15500000000000E-01, -4.45191971280100E-01,  1.78570000000004E+02,  3.49702373734217E+02,  5.50214870740662E+02
 1.96275000000000E+03, -2.52148457593442E-01, -3.17000000000000E-01, -4.50214174376030E-01,  1.78750000000004E+02,  3.32385224631019E+02,  3.74448763040322E+02
 1.96283333300000E+03, -3.08938973047858E-01, -3.13500000000000E-01, -4.55437350301116E-01,  1.78930000000004E+02,  2.23372516691430E+02,  1.31673641542384E+02
 1.96291666700000E+03, -3.46569081544448E-01, -4.38750000000000E-01, -4.60592996862789E-01,  1.79110000000004E+02,  1.69757335794875E+02,  8.12714816781415E+01
 1.96300000000000E+03, -3.56419758869238E-01, -6.90750000000000E-01, -4.65649816494452E-01,  1.79290000000004E+02,  2.12259553528857E+02,  2.62340840062391E+02
 1.96308333300000E+03, -3.32566003409560E-01, -8.28250000000000E-01, -4.70577473399947E-01,  1.79470000000004E+02,  2.61433855779877E+02,  4.75670534216488E+02
 1.96316666700000E+03, -2.88925008085240E-01, -7.40000000000000E-01, -4.75346693699106E-01,  1.79650000000004E+02,  2.80413727384589E+02,  5.64509982378408E+02
 1.96325000000000E+03, -2.32798415757150E-01, -5.55500000000000E-01, -9.23248864709103E-02,  1.79830000000004E+02,  3.10789391780331E+02,  6.27470833841142E+02
 1.96333333300000E+03, -1.85533534120730E-01, -4.41250000000000E-01, -9.04025987923461E-02,  1.80010000000004E+02,  3.54879847543624E+02,  6.91881474035720E+02
 1.96341666700000E+03, -1.41011573266327E-01, -4.99500000000000E-01, -8.87745033347825E-02,  1.80190000000004E+02,  3.38325897174170E+02,  6.16882784424683E+02
 1.96350000000000E+03, -9.72377791271624E-02, -7.07750000000000E-01, -8.74363662230008E-02,  1.80370000000004E+02,  2.53845690713687E+02,  5.14458261935605E+02
 1.96358333300000E+03, -6.07721571801811E-02, -8.33000000000000E-01, -8.63833817013771E-02,  1.80550000000004E+02,  1.64928467292832E+02,  5.03628086276468E+02
 1.96366666700000E+03, -5.42785887422576E-02, -7.77500000000000E-01, -8.56101964765905E-02,  1.80730000000004E+02,  1.12101416643479E+02,  4.68299519432498E+02
 1.96375000000000E+03, -7.78970699626881E-02, -6.94250000000000E-01, -8.52124287952942E-02,  1.80910000000004E+02,  1.52139932299192E+02,  4.51953121283794E+02
 1.96383333300000E+03, -1.13658967737393E-01, -5.33000000000000E-01, -8.49132113993725E-02,  1.81090000000004E+02,  2.46168557385106E+02,  4.85651253942442E+02
 1.96391666700000E+03, -1.31316594692981E-01, -1.98750000000000E-01, -8.48764870647704E-02,  1.81270000000004E+02,  2.63733225040469E+02,  4.19982442765371E+02
 1.96400000000000E+03, -1.30589958469850E-01,  1.73750000000000E-01, -8.50950782304911E-02,  1.81450000000004E+02,  2.62491267283200E+02,  3.28303237424993E+02
 1.96408333300000E+03, -1.48205807689378E-01,  2.71500000000000E-01, -8.55613827587696E-02,  1.81630000000004E+02,  3.12992124825372E+02,  3.06082506357150E+02
 1.96416666700000E+03, -2.05931231956418E-01,  7.65000000000000E-02, -8.62674008704033E-02,  1.81810000000004E+02,  2.88178579794526E+02,  2.29054596409882E+02
 1.96425000000000E+03, -3.03906225785943E-01, -1.14000000000000E-01, -1.48135099887760E-01,  1.81990000000004E+02,  1.98742518420774E+02,  1.17308416463166E+02
 1.96433333300000E+03, -3.71411366686655E-01, -2.29000000000000E-01, -1.51620429387160E-01,  1.82170000000004E+02,  1.72832000939168E+02,  1.04929395856569E+02
 1.96441666700000E+03, -3.89174876572417E-01, -2.70500000000000E-01, -1.55087797264422E-01,  1.82350000000004E+02,  1.80246594948769E+02,  2.30003157466336E+02
 1.96450000000000E+03, -3.57196757121009E-01, -2.88250000000000E-01, -1.58527741954564E-01,  1.82530000000004E+02,  2.10889431559132E+02,  4.94302734311956E+02
 1.96458333300000E+03, -3.27274303347210E-01, -2.91750000000000E-01, -1.61931018192591E-01,  1.82710000000004E+02,  2.99604411895572E+02,  7.72678236042822E+02
 1.96466666700000E+03, -3.26288534772329E-01, -1.68250000000000E-01, -1.65288609696663E-01,  1.82890000000004E+02,  3.89156173158833E+02,  9.10508025344852E+02
 1.96475000000000E+03, -3.54239451579171E-01, -2.21000000000000E-01, -1.70193574725154E-01,  1.83070000000004E+02,  4.69825362492913E+02,  9.56088922142082E+02
 1.96483333300000E+03, -3.91794316395573E-01, -5.44500000000000E-01, -1.73399700962417E-01,  1.83250000000004E+02,  5.31872091236106E+02,  9.49600556257264E+02
 1.96491666700000E+03, -4.08018766917426E-01, -6.75000000000000E-01, -1.76530618086395E-01,  1.83430000000004E+02,  4.81254433769974E+02,  8.12079008843870E+02
 1.96500000000000E+03, -4.02912802631436E-01, -5.31000000000000E-01, -1.79578472726905E-01,  1.83610000000004E+02,  3.38112379271653E+02,  5.98363792137346E+02
 1.96508333300000E+03, -3.87220091952812E-01, -4.65250000000000E-01, -1.82535695470264E-01,  1.83790000000004E+02,  2.18171897021026E+02,  4.54088504202976E+02
 1.96516666700000E+03, -3.86405688581894E-01, -5.48250000000000E-01, -1.85395008248941E-01,  1.83970000000004E+02,  1.56916207576980E+02,  3.69628038970701E+02
 1.96525000000000E+03, -4.00469592888673E-01, -5.24500000000000E-01, -1.83411789019503E-01,  1.84150000000004E+02,  1.24494685338705E+02,  2.54953015777986E+02
 1.96533333300000E+03, -4.13760016287131E-01, -4.52750000000000E-01, -1.76065992923604E-01,  1.84330000000004E+02,  9.75069007721604E+01,  1.33842249673292E+02
 1.96541666700000E+03, -4.03400536646342E-01, -4.56750000000000E-01, -1.68964512020664E-01,  1.84510000000004E+02,  1.11609495587525E+02,  9.46253811324316E+01
 1.96550000000000E+03, -3.69391153902817E-01, -4.69750000000000E-01, -1.62116831293329E-01,  1.84690000000004E+02,  1.90333244395413E+02,  1.50839325768357E+02
 1.96558333300000E+03, -3.33277677829334E-01, -4.62000000000000E-01, -1.55531647973636E-01,  1.84870000000004E+02,  2.63244400189118E+02,  2.43765639557775E+02
 1.96566666700000E+03, -3.22616919174547E-01, -4.76250000000000E-01, -1.49216866486348E-01,  1.85050000000005E+02,  3.03115847582034E+02,  3.10083819619176E+02
 1.96575000000000E+03, -3.37408878235626E-01, -5.00750000000000E-01, -1.41185261819238E-01,  1.85230000000005E+02,  3.33167291205908E+02,  3.16689904672863E+02
 1.96583333300000E+03, -3.60692760324636E-01, -4.07750000000000E-01, -1.35529911404340E-01,  1.85410000000005E+02,  3.12673408292670E+02,  2.84398354613256E+02
 1.96591666700000E+03, -3.62058241122978E-01, -2.89250000000000E-01, -1.30165604534811E-01,  1.85590000000005E+02,  2.61717506935784E+02,  2.84444409696455E+02
 1.96600000000000E+03, -3.34117781428868E-01, -1.89500000000000E-01, -1.25096801322391E-01,  1.85770000000005E+02,  2.56105971369025E+02,  3.57523478747025E+02
 1.96608333300000E+03, -2.79783100258018E-01, -7.75000000000000E-02, -1.20327179889604E-01,  1.85950000000005E+02,  2.64778535414373E+02,  4.46428421891227E+02
 1.96616666700000E+03, -2.21893190987255E-01, -7.97500000000000E-02, -1.15859644844758E-01,  1.86130000000005E+02,  2.65040609631427E+02,  4.94153848538103E+02
 1.96625000000000E+03, -1.75223131686384E-01, -1.80000000000000E-01, -8.74869814270586E-02,  1.86310000000005E+02,  2.86677314938897E+02,  5.12132727159379E+02
 1.96633333300000E+03, -1.44927199350703E-01, -3.06250000000000E-01, -8.87037162852306E-02,  1.86490000000005E+02,  2.67256777773107E+02,  4.64545954767221E+02
 1.96641666700000E+03, -1.17829923628426E-01, -4.29000000000000E-01, -9.01316409283673E-02,  1.86670000000005E+02,  1.69704706078035E+02,  3.13665955093003E+02
 1.96650000000000E+03, -8.65437654136205E-02, -5.49500000000000E-01, -9.17613657069570E-02,  1.86850000000005E+02,  8.66366927853634E+01,  1.60267336441193E+02
 1.96658333300000E+03, -6.36819114671036E-02, -6.15250000000000E-01, -9.35832462469878E-02,  1.87030000000005E+02,  6.36734788722999E+01,  9.10573035501391E+01
 1.96666666700000E+03, -7.11041520422502E-02, -5.12250000000000E-01, -9.55874103156634E-02,  1.87210000000005E+02,  5.66820490631739E+01,  6.43150906919265E+01
 1.96675000000000E+03, -1.12120267353364E-01, -3.43250000000000E-01, -9.68641331590039E-02,  1.87390000000005E+02,  4.76661327024772E+01,  5.36876590032203E+01
 1.96683333300000E+03, -1.65066556170538E-01, -3.10250000000000E-01, -9.91382571622614E-02,  1.87570000000005E+02,  5.56976366539768E+01,  1.06736856054120E+02
 1.96691666700000E+03, -1.99013703713288E-01, -4.64750000000000E-01, -1.01568163774611E-01,  1.87750000000005E+02,  1.09037530765678E+02,  2.73568496537363E+02
 1.96700000000000E+03, -2.07342149419614E-01, -6.82750000000000E-01, -1.04143379028818E-01,  1.87930000000005E+02,  2.02939125073847E+02,  5.00029333187640E+02
 1.96708333300000E+03, -2.19792030012560E-01, -8.08750000000000E-01, -1.06853320536395E-01,  1.88110000000005E+02,  2.77459689266279E+02,  6.35371241275540E+02
 1.96716666700000E+03, -2.56959916373892E-01, -7.13000000000000E-01, -1.09687322281665E-01,  1.88290000000005E+02,  3.05590083072750E+02,  6.40568548210462E+02
 1.96725000000000E+03, -3.22155587613360E-01, -4.63250000000000E-01,  1.29467973415460E-01,  1.88470000000005E+02,  3.00355702786192E+02,  5.74441601128066E+02
 1.96733333300000E+03, -3.63649539149098E-01, -3.92500000000000E-01,  1.26625316443923E-01,  1.88650000000005E+02,  2.40175431049279E+02,  4.35026237432260E+02
 1.96741666700000E+03, -3.66030821430551E-01, -6.08500000000000E-01,  1.24118304628245E-01,  1.88830000000005E+02,  1.46235750570560E+02,  2.97152719351322E+02
 1.96750000000000E+03, -3.29299435673131E-01, -8.39500000000000E-01,  1.21943174414239E-01,  1.89010000000005E+02,  1.07833179699927E+02,  2.98903444780148E+02
 1.96758333300000E+03, -2.96540581559075E-01, -8.79250000000000E-01,  1.20095405151423E-01,  1.89190000000005E+02,  1.37322177047811E+02,  3.91193898977017E+02
 1.96766666700000E+03, -2.93876957685414E-01, -7.83000000000000E-01,  1.18569748355386E-01,  1.89370000000005E+02,  1.76058809464285E+02,  4.48746766620881E+02
 1.96775000000000E+03, -3.21943861898849E-01, -6.27000000000000E-01,  1.17267654645816E-01,  1.89550000000005E+02,  2.02352479570381E+02,  4.52605237211505E+02
 1.96783333300000E+03, -3.61580401373787E-01, -5.26750000000000E-01,  1.16394945948771E-01,  1.89730000000005E+02,  2.07410497711352E+02,  3.97723527726392E+02
 1.96791666700000E+03, -3.81547298791828E-01, -6.00250000000000E-01,  1.15823871496550E-01,  1.89910000000005E+02,  1.77061890337239E+02,  2.85850521106858E+02
 1.96800000000000E+03, -3.80499842566470E-01, -7.40750000000000E-01,  1.15546533374557E-01,  1.90090000000005E+02,  1.29839716287505E+02,  1.79315406353583E+02
 1.96808333300000E+03, -3.62392408065453E-01, -7.76000000000000E-01,  1.15554469932992E-01,  1.90270000000005E+02,  9.33211950196639E+01,  1.18892120317276E+02
 1.96816666700000E+03, -3.44982786036351E-01, -6.88500000000000E-01,  1.15838690125546E-01,  1.90450000000005E+02,  6.99713277811605E+01,  9.10654662779277E+01
 1.96825000000000E+03, -3.28497244303510E-01, -5.34750000000000E-01,  1.93101202843000E-01,  1.90630000000005E+02,  6.02916925195905E+01,  9.73890595649049E+01
 1.96833333300000E+03, -3.07645121974708E-01, -3.98500000000000E-01,  1.96254532503949E-01,  1.90810000000005E+02,  7.82206560327138E+01,  1.49198610701011E+02
 1.96841666700000E+03, -2.72491952185921E-01, -2.89250000000000E-01,  1.99323160355087E-01,  1.90990000000005E+02,  1.09138210567085E+02,  1.99248759654521E+02
 1.96850000000000E+03, -2.24078142495530E-01, -1.59500000000000E-01,  2.02297702774910E-01,  1.91170000000005E+02,  1.17259674296954E+02,  2.08357052325013E+02
 1.96858333300000E+03, -1.81969394847571E-01, -1.72500000000000E-02,  2.05169132718051E-01,  1.91350000000005E+02,  1.14317145511693E+02,  2.16374782288575E+02
 1.96866666700000E+03, -1.69311982487810E-01,  6.17500000000000E-02,  2.07928790044719E-01,  1.91530000000005E+02,  1.14059189874382E+02,  2.12977177907343E+02
 1.96875000000000E+03, -1.85548644005007E-01, -4.50000000000000E-03,  2.09274172535218E-01,  1.91710000000005E+02,  9.24430429595496E+01,  1.54382037629797E+02
 1.96883333300000E+03, -2.11875867060826E-01, -9.55000000000000E-02,  2.11850269876955E-01,  1.91890000000005E+02,  8.82627379349403E+01,  1.36758335103825E+02
 1.96891666700000E+03, -2.17208685701797E-01, -7.65000000000000E-02,  2.14294578752945E-01,  1.92070000000005E+02,  1.65791341703252E+02,  2.43674004292988E+02
 1.96900000000000E+03, -1.96201964207321E-01,  1.45000000000000E-02,  2.16599790373229E-01,  1.92250000000005E+02,  2.86513003440638E+02,  3.87311791369413E+02
 1.96908333300000E+03, -1.57958618283316E-01,  5.35000000000000E-02,  2.18758996036985E-01,  1.92430000000005E+02,  3.92102288399977E+02,  5.11383316287694E+02
 1.96916666700000E+03, -1.24870447370056E-01,  3.30000000000000E-02,  2.20765691656245E-01,  1.92610000000005E+02,  4.88176500877113E+02,  6.51621241264034E+02
 1.96925000000000E+03, -1.07627722207513E-01,  3.30000000000000E-02, -8.67318560136763E-02,  1.92790000000005E+02,  5.57197465318047E+02,  7.65069276646016E+02
 1.96933333300000E+03, -9.61648915906250E-02,  3.40000000000000E-02, -8.58580635507758E-02,  1.92970000000005E+02,  5.38438932583726E+02,  7.63403520057060E+02
 1.96941666700000E+03, -7.50027588967953E-02, -1.40000000000000E-02, -8.52603797383340E-02,  1.93150000000005E+02,  4.33716406849711E+02,  6.58082016022577E+02
 1.96950000000000E+03, -3.87961888779406E-02, -1.14500000000000E-01, -8.49326086379508E-02,  1.93330000000005E+02,  3.18984727754719E+02,  5.34332770233173E+02
 1.96958333300000E+03, -8.94562363922538E-03, -1.83250000000000E-01, -8.48680739042266E-02,  1.93510000000005E+02,  2.19232767151882E+02,  4.31971339376565E+02
 1.96966666700000E+03, -1.00350575287610E-02, -1.50750000000000E-01, -8.50596450911073E-02,  1.93690000000005E+02,  1.26796963544665E+02,  3.39731980769457E+02
 1.96975000000000E+03, -4.38143737080776E-02, -1.27000000000000E-01, -8.58690633616626E-02,  1.93870000000005E+02,  1.12716897888628E+02,  2.74163376369419E+02
 1.96983333300000E+03, -8.93742198525395E-02, -1.50500000000000E-01, -8.66865987817612E-02,  1.94050000000005E+02,  1.89901021121609E+02,  2.65214052828167E+02
 1.96991666700000E+03, -1.15380300500983E-01, -1.33500000000000E-01, -8.77313584376829E-02,  1.94230000000005E+02,  2.53828746100018E+02,  3.06397072019455E+02
 1.97000000000000E+03, -1.18332849196876E-01, -1.88750000000000E-01, -8.89944743997737E-02,  1.94410000000005E+02,  2.91201387836088E+02,  3.69820094768986E+02
 1.97008333300000E+03, -1.32356950868511E-01, -2.57000000000000E-01, -9.04667756577502E-02,  1.94590000000005E+02,  3.27384948659980E+02,  4.24310267360670E+02
 1.97016666700000E+03, -1.78737238941016E-01, -2.37500000000000E-01, -9.21388152774903E-02,  1.94770000000005E+02,  3.10497791423788E+02,  4.72914652681027E+02
 1.97025000000000E+03, -2.59223595179999E-01, -2.91750000000000E-01, -1.95336232145204E-01,  1.94950000000005E+02,  2.82938121417304E+02,  5.60826393303987E+02
 1.97033333300000E+03, -3.11475666495606E-01, -3.00750000000000E-01, -1.97628923051413E-01,  1.95130000000005E+02,  3.27567705256106E+02,  6.91450716640871E+02
 1.97041666700000E+03, -3.19045610839373E-01, -1.50750000000000E-01, -1.99787330280790E-01,  1.95310000000005E+02,  3.91067739854395E+02,  8.26955512188926E+02
 1.97050000000000E+03, -2.81933429732935E-01, -8.27500000000000E-02, -2.01806305617822E-01,  1.95490000000005E+02,  4.29748738170140E+02,  9.70214106007362E+02
 1.97058333300000E+03, -2.48477772231624E-01, -9.77500000000000E-02, -2.03681024149741E-01,  1.95670000000005E+02,  4.75584728289863E+02,  1.12926351390987E+03
 1.97066666700000E+03, -2.44760344597859E-01, -5.95000000000000E-02, -2.05406985271814E-01,  1.95850000000005E+02,  5.07916102243421E+02,  1.23848170262510E+03
 1.97075000000000E+03, -2.70781147017860E-01, -1.24000000000000E-01, -2.05736770464389E-01,  1.96030000000005E+02,  4.72809272678962E+02,  1.19622413375384E+03
 1.97083333300000E+03, -3.07225096995210E-01, -3.13000000000000E-01, -2.07278468213015E-01,  1.96210000000005E+02,  3.77426200749714E+02,  9.89255180378822E+02
 1.97091666700000E+03, -3.22963461484214E-01, -5.55250000000000E-01, -2.08662643410650E-01,  1.96390000000005E+02,  2.88469986020354E+02,  7.27977262606846E+02
 1.97100000000000E+03, -3.17842398283459E-01, -8.29500000000000E-01, -2.09885833315049E-01,  1.96570000000005E+02,  2.18434409299384E+02,  4.92105228581954E+02
 1.97108333300000E+03, -2.98242551105676E-01, -1.02300000000000E+00, -2.10944897043429E-01,  1.96750000000005E+02,  1.20517634330560E+02,  2.67193829126426E+02
 1.97116666700000E+03, -2.91444375860279E-01, -1.02475000000000E+00, -2.11837013517669E-01,  1.96930000000005E+02,  7.12953572825596E+01,  1.28871200976735E+02
 1.97125000000000E+03, -2.97755556636281E-01, -8.13250000000000E-01,  4.90563781862984E-01,  1.97110000000005E+02,  1.75836077837023E+02,  2.15149798637397E+02
 1.97133333300000E+03, -3.10827820353945E-01, -5.85250000000000E-01,  4.82373333963679E-01,  1.97290000000005E+02,  3.28702579433466E+02,  4.31276603381083E+02
 1.97141666700000E+03, -3.04201074335290E-01, -4.60500000000000E-01,  4.73889631391751E-01,  1.97470000000005E+02,  4.03651418591928E+02,  5.53158538454545E+02
 1.97150000000000E+03, -2.77721476426181E-01, -3.45500000000000E-01,  4.65133751359261E-01,  1.97650000000005E+02,  4.29541029294437E+02,  5.72429880235189E+02
 1.97158333300000E+03, -2.45528482304373E-01, -2.02500000000000E-01,  4.56127371163663E-01,  1.97830000000005E+02,  4.07015684995594E+02,  5.54399746743160E+02
 1.97166666700000E+03, -2.34292678336355E-01, -1.38750000000000E-01,  4.46892679139931E-01,  1.98010000000005E+02,  3.01569664833044E+02,  4.48337866595511E+02
 1.97175000000000E+03, -2.44014064798674E-01, -2.76500000000000E-01,  4.34925999726416E-01,  1.98190000000005E+02,  1.93868125738456E+02,  3.37242904630406E+02
 1.97183333300000E+03, -2.56029103857293E-01, -5.34500000000000E-01,  4.25258423218836E-01,  1.98370000000005E+02,  1.90959571506702E+02,  4.09944407151926E+02
 1.97191666700000E+03, -2.40998872532007E-01, -6.48750000000000E-01,  4.15437449977992E-01,  1.98550000000005E+02,  2.85676671636375E+02,  6.18027666665547E+02
 1.97200000000000E+03, -1.98923370458840E-01, -5.29750000000000E-01,  4.05486471568853E-01,  1.98730000000005E+02,  3.97507083197590E+02,  7.92214087816917E+02
 1.97208333300000E+03, -1.76278296753453E-01, -4.80000000000000E-01,  3.95428941181519E-01,  1.98910000000005E+02,  4.74020407628633E+02,  8.88589019896770E+02
 1.97216666700000E+03, -2.05952683148558E-01, -5.78500000000000E-01,  3.85288293971745E-01,  1.99090000000005E+02,  4.95058428587933E+02,  8.81233070030999E+02
 1.97225000000000E+03, -2.87946528464979E-01, -5.37250000000000E-01,  1.66980933720745E-01,  1.99270000000005E+02,  4.40400707835819E+02,  7.38317967553485E+02
 1.97233333300000E+03, -3.51948248322608E-01, -4.77500000000000E-01,  1.61273231089451E-01,  1.99450000000005E+02,  3.32237298243371E+02,  5.41053913911423E+02
 1.97241666700000E+03, -3.69429292963651E-01, -5.64750000000000E-01,  1.55899339060712E-01,  1.99630000000005E+02,  2.25428866693101E+02,  3.88064903630485E+02
 1.97250000000000E+03, -3.40389663715913E-01, -5.87750000000000E-01,  1.50862830450839E-01,  1.99810000000005E+02,  1.35430339055443E+02,  2.81307321828078E+02
 1.97258333300000E+03, -3.11816493542639E-01, -4.60250000000000E-01,  1.46166338245807E-01,  1.99990000000005E+02,  8.48995864988259E+01,  2.43580535509298E+02
 1.97266666700000E+03, -3.11738110407693E-01, -3.04000000000000E-01,  1.41811569912484E-01,  2.00170000000005E+02,  1.16613537022023E+02,  3.49764790496110E+02
 1.97275000000000E+03, -3.40154514501351E-01, -2.82500000000000E-01,  1.39630642518550E-01,  2.00350000000005E+02,  1.81981089920100E+02,  5.24457223618192E+02
 1.97283333300000E+03, -3.77882486090537E-01, -3.45000000000000E-01,  1.35800958530064E-01,  2.00530000000005E+02,  2.01520473797921E+02,  6.07639250608224E+02
 1.97291666700000E+03, -3.94000303141661E-01, -2.04750000000000E-01,  1.32313299745017E-01,  2.00710000000005E+02,  1.97553560395646E+02,  6.13441550810278E+02
 1.97300000000000E+03, -3.86198762013172E-01,  2.55000000000000E-02,  1.29166250600997E-01,  2.00890000000005E+02,  1.87515567623971E+02,  5.64268930860247E+02
 1.97308333300000E+03, -3.36841837044179E-01,  3.10000000000000E-02,  1.26357561320935E-01,  2.01070000000005E+02,  1.25016004999335E+02,  3.85954930650738E+02
 1.97316666700000E+03, -2.66627370715371E-01,  2.00000000000000E-03,  1.23884173094675E-01,  2.01250000000005E+02,  5.19924117529956E+01,  2.04068109064911E+02
 1.97325000000000E+03, -1.76529218490708E-01,  4.95000000000000E-02, -9.06792616162437E-02,  2.01430000000005E+02,  6.41809048026394E+01,  1.96970118997023E+02
 1.97333333300000E+03, -1.05135532883126E-01,  2.10000000000000E-02, -8.52382379804092E-02,  2.01610000000005E+02,  1.45161175710625E+02,  2.70789962312513E+02
 1.97341666700000E+03, -3.74062848770561E-02,  6.65000000000000E-02, -7.97425761855260E-02,  2.01790000000005E+02,  2.37267294842964E+02,  3.21356389919950E+02
 1.97350000000000E+03,  2.16786249325634E-02,  2.14250000000000E-01, -7.41970975429090E-02,  2.01970000000005E+02,  3.45140051740935E+02,  3.91409078231835E+02
 1.97358333300000E+03,  7.19945200142067E-02,  3.13000000000000E-01, -6.86066072177921E-02,  2.02150000000005E+02,  4.54079747993501E+02,  4.57412069881642E+02
 1.97366666700000E+03,  8.16240177047748E-02,  2.97500000000000E-01, -6.29758885074809E-02,  2.02330000000005E+02,  4.91415976482996E+02,  4.55732026260837E+02
 1.97375000000000E+03,  5.26983583622501E-02,  5.82500000000000E-02, -6.36492024133531E-02,  2.02510000000005E+02,  4.29962655912242E+02,  4.02116069250774E+02
 1.97383333300000E+03,  4.12156403472178E-03, -3.15250000000000E-01, -6.92571941700135E-02,  2.02690000000005E+02,  3.31636247766569E+02,  3.40213103227478E+02
 1.97391666700000E+03, -2.13233786427143E-02, -6.58250000000000E-01, -6.36308971016357E-02,  2.02870000000005E+02,  2.35034524560199E+02,  2.69829684691037E+02
 1.97400000000000E+03, -2.06098452267526E-02, -8.66750000000000E-01, -6.92391345670792E-02,  2.03050000000005E+02,  1.27356259860472E+02,  1.70411444090378E+02
 1.97408333300000E+03, -3.53168058969788E-02, -9.07750000000000E-01, -6.36127138442815E-02,  2.03230000000005E+02,  5.92030510914825E+01,  8.93566323369374E+01
 1.97416666700000E+03, -9.37529450471972E-02, -8.38000000000000E-01, -6.92211953327333E-02,  2.03410000000005E+02,  8.00594479939168E+01,  8.46595929759383E+01
 1.97425000000000E+03, -1.95263666987367E-01, -6.67250000000000E-01,  1.12337619480772E-01,  2.03590000000005E+02,  1.47128541828147E+02,  1.48680240255025E+02
 1.97433333300000E+03, -2.55325263235786E-01, -5.05500000000000E-01,  1.06511563690864E-01,  2.03770000000005E+02,  2.45336164079959E+02,  2.71180354018870E+02
 1.97441666700000E+03, -2.55440009055676E-01, -3.69000000000000E-01,  1.00615554914306E-01,  2.03950000000005E+02,  3.57329180430421E+02,  3.92090284527739E+02
 1.97450000000000E+03, -1.97229434980577E-01, -1.92750000000000E-01,  9.46555910087676E-02,  2.04130000000005E+02,  3.96954554810771E+02,  4.35911095289382E+02
 1.97458333300000E+03, -1.38050122316685E-01, -5.87500000000000E-02,  8.86376673257065E-02,  2.04310000000005E+02,  3.68256375001479E+02,  4.46752678173361E+02
 1.97466666700000E+03, -1.04280800319395E-01,  6.50000000000000E-03,  8.25677680040827E-02,  2.04490000000005E+02,  3.22346788644101E+02,  4.35036401816157E+02
 1.97475000000000E+03, -9.91821297289097E-02, -7.02500000000000E-02,  7.28540310514649E-02,  2.04670000000005E+02,  2.35856424826357E+02,  3.57353488208785E+02
 1.97483333300000E+03, -1.05960898554472E-01, -2.35750000000000E-01,  6.66773350704938E-02,  2.04850000000005E+02,  1.41962163170961E+02,  2.88918292820087E+02
 1.97491666700000E+03, -9.40158533349094E-02, -2.93000000000000E-01,  6.04698989865676E-02,  2.05030000000005E+02,  1.25034211204214E+02,  3.00405832509539E+02
 1.97500000000000E+03, -6.06327105562544E-02, -3.36750000000000E-01,  5.42375516321296E-02,  2.05210000000005E+02,  1.89396994585847E+02,  3.97185329536268E+02
 1.97508333300000E+03, -5.47841044832365E-02, -4.32000000000000E-01,  4.79860670158862E-02,  2.05390000000005E+02,  2.58123166164477E+02,  5.33866080388868E+02
 1.97516666700000E+03, -1.07738956721176E-01, -5.31000000000000E-01,  4.17211574451130E-02,  2.05570000000005E+02,  2.57589081827075E+02,  5.69956655422784E+02
 1.97525000000000E+03, -2.19497265729171E-01, -5.81250000000000E-01,  1.87685879238315E-01,  2.05750000000005E+02,  2.59713363099700E+02,  5.27211220967375E+02
 1.97533333300000E+03, -3.08721620686281E-01, -5.05000000000000E-01,  1.80933558168416E-01,  2.05930000000005E+02,  3.37846555155532E+02,  5.34617057556468E+02
 1.97541666700000E+03, -3.45972061021357E-01, -3.48750000000000E-01,  1.74496911209036E-01,  2.06110000000005E+02,  3.55914326162810E+02,  4.80287403106399E+02
 1.97550000000000E+03, -3.31248588307345E-01, -1.92500000000000E-01,  1.68382622214151E-01,  2.06290000000005E+02,  2.79044446150662E+02,  3.29382989267225E+02
 1.97558333300000E+03, -3.14444941959110E-01, -2.90000000000000E-02,  1.62596405889317E-01,  2.06470000000005E+02,  2.79760002211540E+02,  3.08165942069836E+02
 1.97566666700000E+03, -3.23582021592684E-01,  7.80000000000000E-02,  1.57143013926944E-01,  2.06650000000005E+02,  3.97658519454221E+02,  4.96776732454680E+02
 1.97575000000000E+03, -3.58786545199869E-01, -1.16500000000000E-01,  1.51579383235519E-01,  2.06830000000005E+02,  5.74216578268462E+02,  7.90074217858466E+02
 1.97583333300000E+03, -4.02043030633835E-01, -5.03500000000000E-01,  1.46832956236395E-01,  2.07010000000005E+02,  7.56220045424076E+02,  1.04113493358740E+03
 1.97591666700000E+03, -4.22122693872727E-01, -7.45000000000000E-01,  1.42428060237159E-01,  2.07190000000005E+02,  8.52600588674144E+02,  1.13929668289104E+03
 1.97600000000000E+03, -4.17034657079554E-01, -7.87000000000000E-01,  1.38365625782081E-01,  2.07370000000005E+02,  8.52270986705892E+02,  1.12355253018530E+03
 1.97608333300000E+03, -3.93995500173621E-01, -7.48000000000000E-01,  1.34645690304909E-01,  2.07550000000005E+02,  7.38687913822927E+02,  1.00488857403239E+03
 1.97616666700000E+03, -3.78790463420170E-01, -7.43750000000000E-01,  1.31267418549233E-01,  2.07730000000005E+02,  4.86232751434638E+02,  7.98654166726753E+02
 1.97625000000000E+03, -3.75021148816954E-01, -7.17250000000000E-01,  1.46503790155338E-01,  2.07910000000005E+02,  2.65584704679946E+02,  6.79245263664690E+02
 1.97633333300000E+03, -3.75466742289788E-01, -6.64250000000000E-01,  1.42123575238247E-01,  2.08090000000005E+02,  1.90768628746432E+02,  6.63920509238271E+02
 1.97641666700000E+03, -3.59798475474931E-01, -7.37750000000000E-01,  1.38085854218862E-01,  2.08270000000005E+02,  1.78162066264136E+02,  6.67672932096519E+02
 1.97650000000000E+03, -3.26278906325487E-01, -8.04500000000000E-01,  1.34390600877932E-01,  2.08450000000005E+02,  1.85131046517656E+02,  7.12160232961875E+02
 1.97658333300000E+03, -2.95502900911646E-01, -6.56500000000000E-01,  1.31036917853549E-01,  2.08630000000005E+02,  1.67224279674829E+02,  6.62340902772435E+02
 1.97666666700000E+03, -2.94427133862743E-01, -4.79750000000000E-01,  1.28023059080955E-01,  2.08810000000005E+02,  1.36835780404365E+02,  4.90239594022795E+02
 1.97675000000000E+03, -3.23233618983299E-01, -4.35250000000000E-01,  1.25765264566473E-01,  2.08990000000005E+02,  2.11680326107290E+02,  4.41404421802686E+02
 1.97683333300000E+03, -3.62395065229544E-01, -4.65250000000000E-01,  1.23367682719617E-01,  2.09170000000005E+02,  3.12581620268786E+02,  4.50728815848334E+02
 1.97691666700000E+03, -3.80858505187307E-01, -4.84250000000000E-01,  1.21300580144532E-01,  2.09350000000005E+02,  3.16008815732314E+02,  3.29155107818819E+02
 1.97700000000000E+03, -3.72143438365302E-01, -4.49000000000000E-01,  1.19559193911823E-01,  2.09530000000005E+02,  3.02857248289924E+02,  2.04029056718570E+02
 1.97708333300000E+03, -3.42403103508519E-01, -4.97500000000000E-01,  1.18138043124483E-01,  2.09710000000005E+02,  3.30920950455754E+02,  2.01134525591518E+02
 1.97716666700000E+03, -3.12201433709608E-01, -5.37500000000000E-01,  1.17030959683123E-01,  2.09890000000005E+02,  4.19725590032733E+02,  4.13774187645630E+02
 1.97725000000000E+03, -2.91029263946891E-01, -3.41000000000000E-01,  1.08213315352742E-01,  2.10070000000005E+02,  5.61950464431845E+02,  8.65116309797035E+02
 1.97733333300000E+03, -2.68507373378206E-01, -1.29500000000000E-01,  1.02337031183344E-01,  2.10250000000005E+02,  6.40090858296046E+02,  1.24953362215506E+03
 1.97741666700000E+03, -2.28105783302950E-01, -1.27500000000000E-01,  9.63950475167653E-02,  2.10430000000005E+02,  6.42649267460154E+02,  1.37934913350604E+03
 1.97750000000000E+03, -1.68642441146799E-01, -2.10500000000000E-01,  9.03933613426991E-02,  2.10610000000005E+02,  5.90057151166339E+02,  1.34986880689956E+03
 1.97758333300000E+03, -1.10875789038891E-01, -2.35000000000000E-01,  8.43379609431256E-02,  2.10790000000005E+02,  3.94259545943498E+02,  1.10667504657840E+03
 1.97766666700000E+03, -8.16047427318083E-02, -2.89500000000000E-01,  7.82348173735022E-02,  2.10970000000005E+02,  1.52470016968910E+02,  6.61731300814742E+02
 1.97775000000000E+03, -7.97328355664242E-02, -3.03500000000000E-01,  7.21742223949913E-02,  2.11150000000005E+02,  4.70213479106393E+01,  2.99352637103328E+02
 1.97783333300000E+03, -8.81042697713819E-02, -1.52500000000000E-01,  6.59938471236926E-02,  2.11330000000005E+02,  4.46282993095573E+01,  1.77533479190135E+02
 1.97791666700000E+03, -7.59628784654574E-02,  4.85000000000000E-02,  5.97833773387048E-02,  2.11510000000006E+02,  6.51880105835439E+01,  2.10150270351755E+02
 1.97800000000000E+03, -4.23948324558719E-02,  2.26250000000000E-01,  5.35486361700140E-02,  2.11690000000006E+02,  8.81400628196842E+01,  2.74360801580774E+02
 1.97808333300000E+03, -1.60117841380636E-02,  2.67000000000000E-01,  4.72953911508905E-02,  2.11870000000006E+02,  1.11757994082866E+02,  3.40001212102880E+02
 1.97816666700000E+03, -2.62679149886037E-02,  1.02750000000000E-01,  4.10293473720104E-02,  2.12050000000006E+02,  1.54068998460713E+02,  4.22243611243979E+02
 1.97825000000000E+03, -7.31632245856340E-02, -1.59500000000000E-01,  2.18880803467196E-01,  2.12230000000006E+02,  1.81909493149711E+02,  4.58729044877578E+02
 1.97833333300000E+03, -1.14639929883014E-01, -3.72500000000000E-01,  2.16560402696013E-01,  2.12410000000006E+02,  1.72897015003567E+02,  4.12106476221643E+02
 1.97841666700000E+03, -1.25792968648224E-01, -4.74500000000000E-01,  2.14048991474584E-01,  2.12590000000006E+02,  1.60817544721231E+02,  3.26469046701513E+02
 1.97850000000000E+03, -1.06622341488568E-01, -4.21250000000000E-01,  2.11349227792658E-01,  2.12770000000006E+02,  1.66081092407375E+02,  2.50619157036248E+02
 1.97858333300000E+03, -9.17284608731252E-02, -3.28250000000000E-01,  2.08464038309935E-01,  2.12950000000006E+02,  2.30922824450266E+02,  3.11448941686870E+02
 1.97866666700000E+03, -1.06715598855411E-01, -2.86750000000000E-01,  2.05396607251967E-01,  2.13130000000006E+02,  3.39465855892106E+02,  5.38687999316188E+02
 1.97875000000000E+03, -1.55820382990210E-01, -2.01500000000000E-01,  2.01457800428074E-01,  2.13310000000006E+02,  3.89879834872346E+02,  7.09599602329567E+02
 1.97883333300000E+03, -2.15451610165156E-01, -1.66750000000000E-01,  1.98000708557513E-01,  2.13490000000006E+02,  3.82201126468394E+02,  7.32072088477537E+02
 1.97891666700000E+03, -2.55354165515337E-01, -2.41250000000000E-01,  1.94373190244635E-01,  2.13670000000006E+02,  3.39024482809535E+02,  6.84408089207407E+02
 1.97900000000000E+03, -2.67054793733956E-01, -2.01250000000000E-01,  1.90579388696531E-01,  2.13850000000006E+02,  2.18058889527413E+02,  5.08729134759528E+02
 1.97908333300000E+03, -2.68059320154746E-01, -7.15000000000000E-02,  1.86623645063543E-01,  2.14030000000006E+02,  9.69454530113403E+01,  2.58355845767149E+02
 1.97916666700000E+03, -2.78326866424170E-01, -8.37500000000000E-02,  1.82510486829475E-01,  2.14210000000006E+02,  1.04019171882359E+02,  2.00475188213783E+02
 1.97925000000000E+03, -3.02094059844376E-01, -6.85000000000000E-02,  1.69111452241011E-01,  2.14390000000006E+02,  2.13604099072380E+02,  3.63163183111495E+02
 1.97933333300000E+03, -3.14738495657273E-01, -4.12500000000000E-02,  1.72568109408756E-01,  2.14570000000006E+02,  3.16451825521462E+02,  5.29940178241075E+02
 1.97941666700000E+03, -3.01370647587899E-01, -1.66000000000000E-01,  1.76015983410033E-01,  2.14750000000006E+02,  3.72305844704657E+02,  6.52601272985509E+02
 1.97950000000000E+03, -2.61990516035129E-01, -2.88250000000000E-01,  1.79443550131327E-01,  2.14930000000006E+02,  4.02840266727197E+02,  8.00197113021354E+02
 1.97958333300000E+03, -2.25545869053425E-01, -3.26250000000000E-01,  1.82839535950435E-01,  2.15110000000006E+02,  3.72525842650511E+02,  8.60582620108804E+02
 1.97966666700000E+03, -2.17911859540817E-01, -2.65000000000000E-01,  1.86192936130005E-01,  2.15290000000006E+02,  2.61578596827460E+02,  7.24517944975232E+02
 1.97975000000000E+03, -2.39088487711822E-01, -2.04250000000000E-01,  1.88346951199354E-01,  2.15470000000006E+02,  1.77551626894140E+02,  5.49846786229270E+02
 1.97983333300000E+03, -2.69920013105639E-01, -2.16250000000000E-01,  1.91606749827765E-01,  2.15650000000006E+02,  1.47691957258639E+02,  4.43354028127332E+02
 1.97991666700000E+03, -2.79248422114667E-01, -2.27000000000000E-01,  1.94796219635246E-01,  2.15830000000006E+02,  1.04878396068720E+02,  3.06799318139811E+02
 1.98000000000000E+03, -2.61586795729664E-01, -2.16250000000000E-01,  1.97905475378701E-01,  2.16010000000006E+02,  1.12189445598137E+02,  2.15147690455120E+02
 1.98008333300000E+03, -2.16011443275214E-01, -1.91500000000000E-01,  2.00924971241685E-01,  2.16190000000006E+02,  1.96004369360629E+02,  3.00230169253544E+02
 1.98016666700000E+03, -1.63228744139314E-01, -1.92000000000000E-01,  2.03845512796003E-01,  2.16370000000006E+02,  2.47650034003273E+02,  4.09994832448101E+02
 1.98025000000000E+03, -1.14212536121392E-01, -1.75500000000000E-01,  2.31245173337370E-01,  2.16550000000006E+02,  2.60000003115626E+02,  4.34071076529540E+02
 1.98033333300000E+03, -7.86664104008178E-02, -1.26000000000000E-01,  2.31341398907332E-01,  2.16730000000006E+02,  2.68205220060332E+02,  4.44569643269743E+02
 1.98041666700000E+03, -4.49350023242722E-02, -5.10000000000000E-02,  2.31239615856163E-01,  2.16910000000006E+02,  2.21949841411794E+02,  3.88354315643010E+02
 1.98050000000000E+03, -7.53139289878019E-03,  1.42000000000000E-01,  2.30938429703897E-01,  2.17090000000006E+02,  1.41481559011682E+02,  2.69226531279325E+02
 1.98058333300000E+03,  2.20370963163353E-02,  3.15000000000000E-01,  2.30436826455067E-01,  2.17270000000006E+02,  1.34579016614219E+02,  3.05509153436755E+02
 1.98066666700000E+03,  2.11533260427381E-02,  3.39250000000000E-01,  2.29734165716458E-01,  2.17450000000006E+02,  2.21399269207125E+02,  5.06883673271429E+02
 1.98075000000000E+03, -1.18779845297058E-02,  2.71750000000000E-01,  2.29019416025641E-01,  2.17630000000006E+02,  3.10080377856307E+02,  6.44409984909068E+02
 1.98083333300000E+03, -5.67364887151766E-02,  1.79250000000000E-01,  2.27952804673642E-01,  2.17810000000006E+02,  3.47996549195649E+02,  6.65067831604190E+02
 1.98091666700000E+03, -8.22616876666163E-02,  6.82500000000000E-02,  2.26685269630969E-01,  2.17990000000006E+02,  3.56607689584076E+02,  6.29961330483733E+02
 1.98100000000000E+03, -8.50630196450524E-02, -1.12750000000000E-01,  2.25217521225191E-01,  2.18170000000006E+02,  3.05974516632498E+02,  4.91194203913321E+02
 1.98108333300000E+03, -8.11999069430818E-02, -2.11250000000000E-01,  2.23550603522345E-01,  2.18350000000006E+02,  1.84284872021054E+02,  2.60144511969018E+02
 1.98116666700000E+03, -9.60695239311216E-02, -2.39500000000000E-01,  2.21685884844027E-01,  2.18530000000006E+02,  1.03372550833088E+02,  8.59586320130736E+01
 1.98125000000000E+03, -1.31367151329162E-01, -3.32750000000000E-01,  2.09705228734617E-01,  2.18710000000006E+02,  1.09120661352698E+02,  3.73768172003500E+01
 1.98133333300000E+03, -1.63642036392173E-01, -3.60250000000000E-01,  2.06714376096522E-01,  2.18890000000006E+02,  1.20730542859874E+02,  4.44055089793435E+01
 1.98141666700000E+03, -1.71854541225316E-01, -2.28750000000000E-01,  2.03543233964572E-01,  2.19070000000006E+02,  1.24637583584825E+02,  5.72513706493191E+01
 1.98150000000000E+03, -1.56004666060349E-01, -3.45000000000000E-02,  2.00195369966298E-01,  2.19250000000006E+02,  1.89098322975044E+02,  1.27486717270546E+02
 1.98158333300000E+03, -1.43692037880644E-01,  8.17500000000000E-02,  1.96674580051953E-01,  2.19430000000006E+02,  3.41093729472866E+02,  3.22987683809367E+02
 1.98166666700000E+03, -1.60144861732699E-01,  1.24000000000000E-01,  1.92984876980370E-01,  2.19610000000006E+02,  5.11829901855063E+02,  5.82875647866803E+02
 1.98175000000000E+03, -2.09430430090862E-01,  4.10000000000000E-02,  1.88698534898110E-01,  2.19790000000006E+02,  5.96120144752793E+02,  7.46569057876033E+02
 1.98183333300000E+03, -2.68748754815205E-01, -1.65000000000000E-01,  1.84666575197066E-01,  2.19970000000006E+02,  5.90345956351948E+02,  7.87022094404829E+02
 1.98191666700000E+03, -3.08988694270895E-01, -3.31500000000000E-01,  1.80479439281282E-01,  2.20150000000006E+02,  5.47288340605897E+02,  8.25683888700762E+02
 1.98200000000000E+03, -3.20822408880496E-01, -4.52250000000000E-01,  1.76141909203325E-01,  2.20330000000006E+02,  4.43054486188157E+02,  8.58920897186052E+02
 1.98208333300000E+03, -3.14606019126507E-01, -4.90750000000000E-01,  1.71658924621301E-01,  2.20510000000006E+02,  2.88244836825062E+02,  7.82252808500481E+02
 1.98216666700000E+03, -3.05746537945252E-01, -4.32500000000000E-01,  1.67035571300598E-01,  2.20690000000006E+02,  1.94795915857432E+02,  6.68117227732049E+02
 1.98225000000000E+03, -3.00697766772448E-01, -3.97000000000000E-01,  4.70033691371710E-01,  2.20870000000006E+02,  1.87501371476437E+02,  6.20140641732420E+02
 1.98233333300000E+03, -2.88350923969091E-01, -4.33500000000000E-01,  4.61163862473444E-01,  2.21050000000006E+02,  1.76434976457063E+02,  5.22723860877256E+02
 1.98241666700000E+03, -2.58973492866440E-01, -4.95750000000000E-01,  4.52053328868037E-01,  2.21230000000006E+02,  1.34695810789030E+02,  3.10778299460741E+02
 1.98250000000000E+03, -2.09795078661446E-01, -5.15000000000000E-01,  4.42724477464556E-01,  2.21410000000006E+02,  1.06769059821530E+02,  1.48301100595561E+02
 1.98258333300000E+03, -1.59453481452795E-01, -5.17250000000000E-01,  4.33200079041122E-01,  2.21590000000006E+02,  1.23563898828651E+02,  1.27516588256614E+02
 1.98266666700000E+03, -1.28504151265117E-01, -5.53500000000000E-01,  4.23503201589901E-01,  2.21770000000006E+02,  1.97769298888326E+02,  1.76169959127141E+02
 1.98275000000000E+03, -1.20101369071880E-01, -5.30250000000000E-01,  4.13771825370960E-01,  2.21950000000006E+02,  2.86865167130895E+02,  2.57092844339742E+02
 1.98283333300000E+03, -1.16402811088003E-01, -2.83000000000000E-01,  4.03801280015774E-01,  2.22130000000006E+02,  3.41224851283321E+02,  4.16529376203146E+02
 1.98291666700000E+03, -9.12417897439320E-02,  1.31750000000000E-01,  3.93728128644236E-01,  2.22310000000006E+02,  4.34121888165053E+02,  7.22422995023134E+02
 1.98300000000000E+03, -3.67088066357339E-02,  4.82500000000000E-01,  3.83575795716623E-01,  2.22490000000006E+02,  6.20041270140620E+02,  1.13760982353542E+03
 1.98308333300000E+03,  2.89560366679226E-02,  6.88250000000000E-01,  3.73367597633392E-01,  2.22670000000006E+02,  7.74237934402442E+02,  1.45155891842971E+03
 1.98316666700000E+03,  7.41676049308826E-02,  7.75500000000000E-01,  3.63126668494399E-01,  2.22850000000006E+02,  7.93695867239140E+02,  1.50511242046041E+03
 1.98325000000000E+03,  8.62611821704633E-02,  6.64750000000000E-01,  5.57197435553447E-01,  2.23030000000006E+02,  7.26818636370381E+02,  1.34285305762709E+03
 1.98333333300000E+03,  7.77978245650802E-02,  3.98000000000000E-01,  5.53502413289613E-01,  2.23210000000006E+02,  6.10760260073671E+02,  1.03901263517475E+03
 1.98341666700000E+03,  7.46502106293938E-02,  1.85500000000000E-01,  5.49344789406867E-01,  2.23390000000006E+02,  4.15260143538573E+02,  6.31398338715120E+02
 1.98350000000000E+03,  8.31506983843448E-02,  5.57500000000000E-02,  5.44732824449630E-01,  2.23570000000006E+02,  1.90719795334826E+02,  2.63939141591188E+02
 1.98358333300000E+03,  8.75074925325962E-02,  1.55000000000000E-02,  5.39676328455168E-01,  2.23750000000006E+02,  9.11345435982292E+01,  1.18380896047708E+02
 1.98366666700000E+03,  6.49613531500035E-02,  5.02500000000000E-02,  5.34186588734303E-01,  2.23930000000006E+02,  1.37669914195339E+02,  1.54930581757387E+02
 1.98375000000000E+03,  8.21080380860245E-03,  1.08000000000000E-01,  5.30605830837118E-01,  2.24110000000006E+02,  1.83877720636343E+02,  1.77810849514919E+02
 1.98383333300000E+03, -6.14835802718542E-02,  1.23000000000000E-01,  5.24444122112369E-01,  2.24290000000006E+02,  2.09190781881499E+02,  1.54627394437670E+02
 1.98391666700000E+03, -1.16740436937094E-01, -2.65000000000000E-02,  5.17885094905477E-01,  2.24470000000006E+02,  2.87720048305983E+02,  1.72619858868013E+02
 1.98400000000000E+03, -1.42956813360185E-01, -2.75500000000000E-01,  5.10944721885345E-01,  2.24650000000006E+02,  3.82815426552648E+02,  2.39870111543006E+02
 1.98408333300000E+03, -1.62152184939318E-01, -4.50000000000000E-01,  5.03640080012575E-01,  2.24830000000006E+02,  4.84605923540819E+02,  3.72097979441194E+02
 1.98416666700000E+03, -1.87820929058670E-01, -4.69500000000000E-01,  4.95989263685912E-01,  2.25010000000006E+02,  6.10484079793429E+02,  5.64360592214316E+02
 1.98425000000000E+03, -2.27264521267453E-01, -4.28500000000000E-01,  1.80394154220019E-01,  2.25190000000006E+02,  6.72455333847995E+02,  6.98706199401268E+02
 1.98433333300000E+03, -2.45863549405936E-01, -3.92000000000000E-01,  1.83779359784551E-01,  2.25370000000006E+02,  6.49976135064828E+02,  7.64979932668111E+02
 1.98441666700000E+03, -2.34147341663951E-01, -3.24500000000000E-01,  1.87118961405497E-01,  2.25550000000006E+02,  6.30149296660208E+02,  8.75680084551868E+02
 1.98450000000000E+03, -1.92115898803752E-01, -2.22250000000000E-01,  1.90402323191672E-01,  2.25730000000006E+02,  6.42900585202845E+02,  1.01529210962709E+03
 1.98458333300000E+03, -1.54563869458218E-01, -9.37500000000000E-02,  1.93619115785844E-01,  2.25910000000006E+02,  6.56155263302706E+02,  1.11184653285617E+03
 1.98466666700000E+03, -1.46824775580526E-01,  2.25000000000000E-03,  1.96759331012553E-01,  2.26090000000006E+02,  6.29129207582853E+02,  1.17323909604410E+03
 1.98475000000000E+03, -1.68898617365259E-01, -1.17500000000000E-02,  1.98096042191844E-01,  2.26270000000006E+02,  5.74522437807307E+02,  1.17973720216716E+03
 1.98483333300000E+03, -2.01090403345915E-01, -1.08250000000000E-01,  2.01109646341639E-01,  2.26450000000006E+02,  4.95752990736160E+02,  1.03609128172840E+03
 1.98491666700000E+03, -2.12081166475925E-01, -1.40500000000000E-01,  2.04023736033219E-01,  2.26630000000006E+02,  3.20508999363710E+02,  7.15892836577100E+02
 1.98500000000000E+03, -2.01870906252434E-01, -5.72500000000000E-02,  2.06829501940461E-01,  2.26810000000006E+02,  1.43296150835420E+02,  4.02592842552230E+02
 1.98508333300000E+03, -1.89161306856339E-01, -1.65000000000000E-02,  2.09518507281958E-01,  2.26990000000006E+02,  1.36908444155752E+02,  3.02278226639960E+02
 1.98516666700000E+03, -1.99885819708139E-01, -7.55000000000000E-02,  2.12082696407159E-01,  2.27170000000006E+02,  1.98267290175992E+02,  3.62529160075501E+02
 1.98525000000000E+03, -2.34044444738887E-01, -1.63000000000000E-01,  4.80884205222941E-01,  2.27350000000006E+02,  2.41420695742624E+02,  4.64347490398605E+02
 1.98533333300000E+03, -2.60774053899534E-01, -2.35000000000000E-01,  4.72350498457882E-01,  2.27530000000006E+02,  3.83988171087362E+02,  6.11602621049670E+02
 1.98541666700000E+03, -2.55592620249566E-01, -2.16500000000000E-01,  4.63548431165477E-01,  2.27710000000006E+02,  5.80806274135272E+02,  7.32601899023202E+02
 1.98550000000000E+03, -2.17222780906601E-01, -1.45750000000000E-01,  4.54499778097370E-01,  2.27890000000006E+02,  7.10413648976898E+02,  7.43504579442201E+02
 1.98558333300000E+03, -1.72041104555375E-01, -1.37000000000000E-01,  4.45226809264247E-01,  2.28070000000006E+02,  7.94277325576124E+02,  7.19699090957323E+02
 1.98566666700000E+03, -1.45092474791621E-01, -1.37500000000000E-01,  4.35752201816960E-01,  2.28250000000006E+02,  8.06321878218065E+02,  7.00679923945117E+02
 1.98575000000000E+03, -1.38931618241956E-01, -1.79250000000000E-01,  4.22593548683099E-01,  2.28430000000006E+02,  6.91324329993535E+02,  6.62648362710257E+02
 1.98583333300000E+03, -1.36564462002475E-01, -2.02000000000000E-01,  4.12734786504341E-01,  2.28610000000006E+02,  5.28079238873506E+02,  6.85558638938925E+02
 1.98591666700000E+03, -1.11754068831358E-01, -1.31750000000000E-01,  4.02752414339214E-01,  2.28790000000006E+02,  4.60319231136989E+02,  8.36742078936174E+02
 1.98600000000000E+03, -5.45858776223843E-02, -1.67500000000000E-01,  3.92669888262823E-01,  2.28970000000006E+02,  5.37532664571420E+02,  1.05391486825309E+03
 1.98608333300000E+03,  1.76483486828113E-02, -2.22500000000000E-01,  3.82510624990838E-01,  2.29150000000006E+02,  6.34123060126982E+02,  1.22542266789230E+03
 1.98616666700000E+03,  7.96781035580692E-02, -1.99250000000000E-01,  3.72297925290925E-01,  2.29330000000006E+02,  6.39503672102048E+02,  1.26232373157968E+03
 1.98625000000000E+03,  1.14228991666487E-01, -1.31500000000000E-01,  8.80094467126946E-01,  2.29510000000006E+02,  5.88493589762938E+02,  1.13821672579690E+03
 1.98633333300000E+03,  1.34899300430212E-01, -3.25000000000000E-02,  8.80990736154106E-01,  2.29690000000006E+02,  4.59330725385713E+02,  8.71861164756985E+02
 1.98641666700000E+03,  1.57002404288506E-01,  5.85000000000000E-02,  8.81055443275124E-01,  2.29870000000006E+02,  2.30203933999229E+02,  5.21478353734314E+02
 1.98650000000000E+03,  1.89175500775468E-01,  9.80000000000000E-02,  8.80269753897430E-01,  2.30050000000006E+02,  6.33450483161113E+01,  2.41371218400301E+02
 1.98658333300000E+03,  2.10236116759067E-01,  1.77500000000000E-02,  8.78621054694970E-01,  2.30230000000006E+02,  5.78468219489519E+01,  1.71250830562179E+02
 1.98666666700000E+03,  1.98356349195128E-01, -9.35000000000000E-02,  8.76102896029026E-01,  2.30410000000006E+02,  1.19967234991403E+02,  2.67688614442364E+02
 1.98675000000000E+03,  1.46625483866581E-01, -6.90000000000000E-02,  8.72531116378316E-01,  2.30590000000006E+02,  1.92974746973647E+02,  3.93286946116363E+02
 1.98683333300000E+03,  7.98355918261170E-02,  8.35000000000000E-02,  8.68237707155423E-01,  2.30770000000006E+02,  2.86240107066472E+02,  4.77270179178540E+02
 1.98691666700000E+03,  2.75224764701280E-02,  1.43500000000000E-01,  8.63091965724571E-01,  2.30950000000006E+02,  3.67385044239028E+02,  5.21847824960524E+02
 1.98700000000000E+03,  3.50756623540302E-03,  5.82500000000000E-02,  8.57110982372023E-01,  2.31130000000006E+02,  4.11202317398598E+02,  5.41806678447653E+02
 1.98708333300000E+03, -2.25287408871191E-02,  3.62500000000000E-02,  8.50317133355119E-01,  2.31310000000006E+02,  4.18823637985296E+02,  5.25457776619923E+02
 1.98716666700000E+03, -6.35650930187276E-02,  1.33500000000000E-01,  8.42737808806414E-01,  2.31490000000006E+02,  3.92390777126446E+02,  5.30105960256653E+02
 1.98725000000000E+03, -1.26211490591665E-01,  2.06000000000000E-01,  7.84431230893658E-01,  2.31670000000006E+02,  4.35775595769225E+02,  7.95406573800748E+02
 1.98733333300000E+03, -1.56877870854124E-01,  1.77750000000000E-01,  7.72535685251173E-01,  2.31850000000006E+02,  6.73857428021584E+02,  1.45837154268542E+03
 1.98741666700000E+03, -1.42035987560586E-01,  8.15000000000000E-02,  7.60206914727267E-01,  2.32030000000006E+02,  9.55796509915955E+02,  2.19302054476198E+03
 1.98750000000000E+03, -7.79955059828842E-02,  2.25000000000000E-02,  7.47501696668473E-01,  2.32210000000006E+02,  1.05138538575139E+03,  2.56138572497066E+03
 1.98758333300000E+03, -8.29315207111210E-03,  6.75000000000000E-03,  7.34478225530435E-01,  2.32390000000006E+02,  1.02453264540221E+03,  2.52450917451701E+03
 1.98766666700000E+03,  4.14071670325827E-02, -2.30000000000000E-02,  7.21195718523777E-01,  2.32570000000006E+02,  9.21420188495690E+02,  2.17301619814870E+03
 1.98775000000000E+03,  6.47937369501623E-02,  2.82500000000000E-02,  7.13400947659262E-01,  2.32750000000006E+02,  6.16864230616725E+02,  1.46903691822955E+03
 1.98783333300000E+03,  8.29794799075878E-02,  1.14750000000000E-01,  6.99831308466746E-01,  2.32930000000006E+02,  2.59026968171763E+02,  6.47436441986137E+02
 1.98791666700000E+03,  1.19932629941217E-01,  9.67500000000000E-02,  6.86157396164346E-01,  2.33110000000006E+02,  1.09287260577521E+02,  1.68816553748492E+02
 1.98800000000000E+03,  1.76002758136361E-01,  1.74000000000000E-01,  6.72438957993841E-01,  2.33290000000006E+02,  9.37291954477794E+01,  1.00468872470736E+02
 1.98808333300000E+03,  2.24120164632221E-01,  4.00250000000000E-01,  6.58735058126208E-01,  2.33470000000006E+02,  8.68927116189475E+01,  1.76732660746616E+02
 1.98816666700000E+03,  2.35536978405717E-01,  4.43500000000000E-01,  6.45103739642593E-01,  2.33650000000006E+02,  1.34155391410853E+02,  2.79038569834399E+02
 1.98825000000000E+03,  2.12224294330244E-01,  3.17250000000000E-01,  2.91787801629541E-01,  2.33830000000006E+02,  2.35932113849809E+02,  4.25249376239719E+02
 1.98833333300000E+03,  1.79614942295896E-01,  2.33500000000000E-01,  2.82083026323056E-01,  2.34010000000006E+02,  3.64737124594164E+02,  6.14195532259395E+02
 1.98841666700000E+03,  1.61795822479607E-01,  1.61250000000000E-01,  2.72535899508410E-01,  2.34190000000006E+02,  5.03726426529342E+02,  7.99828388382460E+02
 1.98850000000000E+03,  1.57639135786603E-01,  1.65500000000000E-01,  2.63164278466426E-01,  2.34370000000006E+02,  5.59339757216920E+02,  8.76145107598061E+02
 1.98858333300000E+03,  1.48705405183418E-01,  2.60000000000000E-01,  2.53985229477156E-01,  2.34550000000006E+02,  5.04717472919667E+02,  8.11402048546493E+02
 1.98866666700000E+03,  1.14605968959734E-01,  3.06000000000000E-01,  2.45014993963741E-01,  2.34730000000006E+02,  4.19107706202487E+02,  6.93519328757341E+02
 1.98875000000000E+03,  4.89805578529381E-02,  2.25000000000000E-01,  2.41114572015166E-01,  2.34910000000006E+02,  3.35588823994425E+02,  6.28372421444864E+02
 1.98883333300000E+03, -2.90705258639335E-02,  7.75000000000000E-03,  2.32472475005533E-01,  2.35090000000006E+02,  3.27045506307491E+02,  7.47643755749266E+02
 1.98891666700000E+03, -9.15330103073633E-02, -1.47500000000000E-01,  2.24075215763718E-01,  2.35270000000006E+02,  4.70699751211993E+02,  1.00904391813621E+03
 1.98900000000000E+03, -1.22021364153002E-01, -1.90000000000000E-01,  2.15935986824039E-01,  2.35450000000006E+02,  6.17456625290640E+02,  1.12912003603862E+03
 1.98908333300000E+03, -1.29366728477786E-01, -2.41000000000000E-01,  2.08067048576836E-01,  2.35630000000006E+02,  6.36866212490687E+02,  1.08372188739157E+03
 1.98916666700000E+03, -1.26152930860772E-01, -2.23250000000000E-01,  2.00479714567486E-01,  2.35810000000006E+02,  6.18315461947877E+02,  1.02359719137854E+03
 1.98925000000000E+03, -1.19724370770732E-01, -1.01500000000000E-01,  5.08450748689943E-01,  2.35990000000006E+02,  5.33154236594233E+02,  7.79601789568008E+02
 1.98933333300000E+03, -1.00967456874416E-01,  4.37500000000000E-02,  5.13696844294999E-01,  2.36170000000006E+02,  3.22830633151928E+02,  3.75011088934789E+02
 1.98941666700000E+03, -6.36032067032570E-02,  1.27250000000000E-01,  5.18892548337733E-01,  2.36350000000006E+02,  2.02463177248824E+02,  2.59681331716951E+02
 1.98950000000000E+03, -1.10193432301297E-02,  1.12250000000000E-01,  5.24001774547489E-01,  2.36530000000006E+02,  2.68919273732545E+02,  4.57010612572088E+02
 1.98958333300000E+03,  3.76107725035373E-02,  7.77500000000000E-02,  5.28989441213299E-01,  2.36710000000006E+02,  3.37355128087021E+02,  6.07964817859543E+02
 1.98966666700000E+03,  5.77683828554307E-02,  1.15000000000000E-01,  5.33821602477270E-01,  2.36890000000006E+02,  3.59717837308178E+02,  6.95102478498829E+02
 1.98975000000000E+03,  5.12881468562115E-02,  1.97250000000000E-01,  5.40578275511441E-01,  2.37070000000006E+02,  3.99045697735165E+02,  8.06036977950846E+02
 1.98983333300000E+03,  3.14988029560382E-02,  1.95750000000000E-01,  5.44888937229475E-01,  2.37250000000006E+02,  3.99100219881399E+02,  8.10462099984302E+02
 1.98991666700000E+03,  2.98030112288553E-02,  1.08750000000000E-01,  5.48936733320199E-01,  2.37430000000006E+02,  3.12570965954319E+02,  6.47092089534717E+02
 1.99000000000000E+03,  4.62007723506469E-02,  1.77750000000000E-01,  5.52694159861982E-01,  2.37610000000006E+02,  2.01879734920999E+02,  4.21686110021721E+02
 1.99008333300000E+03,  5.50323473161567E-02,  3.19000000000000E-01,  5.56135402682034E-01,  2.37790000000007E+02,  1.31111135505304E+02,  2.35301695368809E+02
 1.99016666700000E+03,  3.41597283577860E-02,  2.82000000000000E-01,  5.59236407467079E-01,  2.37970000000007E+02,  7.69813425008504E+01,  1.34633040444872E+02
 1.99025000000000E+03, -1.14793122798914E-02,  2.22500000000000E-01,  8.40631464517964E-01,  2.38150000000007E+02,  8.07823200668911E+01,  1.98387167242035E+02
 1.99033333300000E+03, -2.93639801831768E-02,  1.91750000000000E-01,  8.47173185130613E-01,  2.38330000000007E+02,  2.68204161149579E+02,  4.43705430524465E+02
 1.99041666700000E+03, -1.14717297957444E-03,  1.47250000000000E-01,  8.53320747146391E-01,  2.38510000000007E+02,  4.93146358582343E+02,  6.50189011997891E+02
 1.99050000000000E+03,  6.32955654532105E-02,  1.69250000000000E-01,  8.59004284260401E-01,  2.38690000000007E+02,  5.39211954406233E+02,  6.88443840469778E+02
 1.99058333300000E+03,  1.22365067079959E-01,  1.67750000000000E-01,  8.64158561024585E-01,  2.38870000000007E+02,  5.64214568841241E+02,  7.01633951096767E+02
 1.99066666700000E+03,  1.47645595699163E-01,  1.09500000000000E-01,  8.68723343593330E-01,  2.39050000000007E+02,  6.22615437779040E+02,  6.43567633933310E+02
 1.99075000000000E+03,  1.44074922295981E-01,  8.85000000000000E-02,  8.72820849908142E-01,  2.39230000000007E+02,  4.98966248203857E+02,  4.06512316012864E+02
 1.99083333300000E+03,  1.26289141650324E-01,  8.90000000000000E-02,  8.76011852514776E-01,  2.39410000000007E+02,  3.13943264235274E+02,  2.23855586757292E+02
 1.99091666700000E+03,  1.25249118982705E-01,  1.04000000000000E-01,  8.78463643870112E-01,  2.39590000000007E+02,  2.80585787719632E+02,  2.08299624924646E+02
 1.99100000000000E+03,  1.40954854900481E-01,  1.00250000000000E-01,  8.80139034033132E-01,  2.39770000000007E+02,  2.73388778013654E+02,  1.96128200210677E+02
 1.99108333300000E+03,  1.31310051879432E-01,  6.80000000000000E-02,  8.81006962456919E-01,  2.39950000000007E+02,  2.23305725204559E+02,  1.97220075539480E+02
 1.99116666700000E+03,  7.35732170423819E-02,  2.32500000000000E-02,  8.81042574401466E-01,  2.40130000000007E+02,  2.05043980964652E+02,  2.57728195722284E+02
 1.99125000000000E+03, -3.22556478420223E-02, -4.47500000000000E-02,  7.51262283971148E-01,  2.40310000000007E+02,  1.96262531683619E+02,  2.80416969761238E+02
 1.99133333300000E+03, -1.04769420703516E-01, -8.47500000000000E-02,  7.49412643073441E-01,  2.40490000000007E+02,  1.77623353887454E+02,  2.62150391604504E+02
 1.99141666700000E+03, -1.25974864204564E-01, -1.26750000000000E-01,  7.48630104584478E-01,  2.40670000000007E+02,  1.70612594137449E+02,  2.53404606869739E+02
 1.99150000000000E+03, -9.58719803813534E-02, -2.24250000000000E-01,  7.48874911849635E-01,  2.40850000000007E+02,  1.69980586287769E+02,  2.19522926081574E+02
 1.99158333300000E+03, -7.17574206234505E-02, -2.75250000000000E-01,  7.50099592658530E-01,  2.41030000000007E+02,  1.48279707617655E+02,  1.38658942930992E+02
 1.99166666700000E+03, -7.88505833216779E-02, -2.19250000000000E-01,  7.52249531686875E-01,  2.41210000000007E+02,  1.17189302371114E+02,  9.66873828809823E+01
 1.99175000000000E+03, -1.20259758825699E-01, -1.79250000000000E-01,  7.54274584705640E-01,  2.41390000000007E+02,  1.74934620919996E+02,  1.88135197515335E+02
 1.99183333300000E+03, -1.73390754314122E-01, -1.88250000000000E-01,  7.57854475887926E-01,  2.41570000000007E+02,  2.79873673289666E+02,  3.09607008830193E+02
 1.99191666700000E+03, -2.06572598956785E-01, -7.92500000000000E-02,  7.62181374384423E-01,  2.41750000000007E+02,  2.66445284948707E+02,  3.16733090374158E+02
 1.99200000000000E+03, -2.09804198917823E-01,  1.32750000000000E-01,  7.67179850840285E-01,  2.41930000000007E+02,  2.33631913797916E+02,  2.93797080972059E+02
 1.99208333300000E+03, -1.39988403095080E-01,  2.68000000000000E-01,  7.72770492249981E-01,  2.42110000000007E+02,  3.06315060923265E+02,  2.99552920959166E+02
 1.99216666700000E+03, -1.55637328582800E-02,  3.18250000000000E-01,  7.78870630473655E-01,  2.42290000000007E+02,  3.16914172438325E+02,  2.34434859740696E+02
 1.99225000000000E+03,  1.52792492442210E-01,  3.52500000000000E-01,  6.48646275054048E-01,  2.42470000000007E+02,  2.29507924990077E+02,  1.24181853246463E+02
 1.99233333300000E+03,  2.68431258351370E-01,  4.77500000000000E-01,  6.35105167267711E-01,  2.42650000000007E+02,  1.98616838076842E+02,  7.62197673648098E+01
 1.99241666700000E+03,  3.33175246718774E-01,  5.95000000000000E-01,  6.21734220611525E-01,  2.42830000000007E+02,  1.91649746141614E+02,  9.48953964738768E+01
 1.99250000000000E+03,  3.50254994155105E-01,  5.37500000000000E-01,  6.08587085726214E-01,  2.43010000000007E+02,  1.42691229967764E+02,  1.36885591100860E+02
 1.99258333300000E+03,  3.48938379563025E-01,  4.59000000000000E-01,  5.95715282633161E-01,  2.43190000000007E+02,  1.13346484633265E+02,  1.59069617580768E+02
 1.99266666700000E+03,  3.15117371566565E-01,  3.82500000000000E-01,  5.83167950741087E-01,  2.43370000000007E+02,  1.20394173370701E+02,  1.59605453147875E+02
 1.99275000000000E+03,  2.39188263274698E-01,  2.23000000000000E-01,  5.75101781276038E-01,  2.43550000000007E+02,  1.43431707893392E+02,  1.71094467002531E+02
 1.99283333300000E+03,  1.45070111672789E-01,  1.07000000000000E-01,  5.63193932977075E-01,  2.43730000000007E+02,  1.84861994489487E+02,  2.01418192943737E+02
 1.99291666700000E+03,  6.34061798885992E-02,  8.05000000000000E-02,  5.51727971214601E-01,  2.43910000000007E+02,  2.24554976236284E+02,  2.59919756584493E+02
 1.99300000000000E+03,  1.50658191429831E-02,  2.60000000000000E-02,  5.40742545490737E-01,  2.44090000000007E+02,  2.33893080545642E+02,  3.12170598307273E+02
 1.99308333300000E+03,  1.06441469359479E-02, -5.87500000000000E-02,  5.30273051041324E-01,  2.44270000000007E+02,  2.09863233699274E+02,  3.08870278799576E+02
 1.99316666700000E+03,  3.56136968932558E-02, -7.90000000000000E-02,  5.20351505847497E-01,  2.44450000000007E+02,  1.82999186294989E+02,  3.04783637629961E+02
 1.99325000000000E+03,  7.92628030897358E-02, -4.92500000000000E-02,  8.78751453115281E-01,  2.44630000000007E+02,  1.58963012085552E+02,  2.92656293591726E+02
 1.99333333300000E+03,  1.12990340724549E-01, -6.25000000000000E-03,  8.76288532818321E-01,  2.44810000000007E+02,  1.00077211180609E+02,  1.85448865952311E+02
 1.99341666700000E+03,  1.38371450068752E-01,  8.00000000000000E-03,  8.72955614635119E-01,  2.44990000000007E+02,  6.12239329378238E+01,  9.95263179188274E+01
 1.99350000000000E+03,  1.55406131875682E-01,  8.25000000000000E-03,  8.68757868168782E-01,  2.45170000000007E+02,  1.36617018288989E+02,  2.05426798894542E+02
 1.99358333300000E+03,  1.59368020702945E-01,  1.42500000000000E-02,  8.63706225459221E-01,  2.45350000000007E+02,  2.58391236534525E+02,  4.25400063084012E+02
 1.99366666700000E+03,  1.33064997771206E-01, -6.10000000000000E-02,  8.57817172990205E-01,  2.45530000000007E+02,  3.27280643977704E+02,  5.83204255154253E+02
 1.99375000000000E+03,  6.85590304221966E-02, -1.14500000000000E-01,  8.50596992798480E-01,  2.45710000000007E+02,  3.54511767827486E+02,  6.24708359218067E+02
 1.99383333300000E+03, -8.07029888092582E-03, -5.22500000000000E-02,  8.43047728329659E-01,  2.45890000000007E+02,  3.38246891970639E+02,  6.09296073862565E+02
 1.99391666700000E+03, -6.94264993265668E-02, -2.77500000000000E-02,  8.34743757783067E-01,  2.46070000000007E+02,  3.11949125697887E+02,  5.66315137055467E+02
 1.99400000000000E+03, -1.05054353776194E-01, -7.20000000000000E-02,  8.25721417100501E-01,  2.46250000000007E+02,  3.67560726777139E+02,  4.53899789384869E+02
 1.99408333300000E+03, -1.27360973740550E-01, -1.98250000000000E-01,  8.16021110142341E-01,  2.46430000000007E+02,  4.50645241449002E+02,  3.37498225566911E+02
 1.99416666700000E+03, -1.52909967877124E-01, -3.97000000000000E-01,  8.05686951700743E-01,  2.46610000000007E+02,  4.75572679376175E+02,  3.28796510984120E+02
 1.99425000000000E+03, -1.78797672468181E-01, -5.05500000000000E-01,  7.53611662451264E-01,  2.46790000000007E+02,  4.79333604255837E+02,  3.41569053620971E+02
 1.99433333300000E+03, -1.95554863854823E-01, -5.73000000000000E-01,  7.57022137321950E-01,  2.46970000000007E+02,  4.18837979205300E+02,  2.69061886386986E+02
 1.99441666700000E+03, -1.86992910822708E-01, -6.84750000000000E-01,  7.61195192602105E-01,  2.47150000000007E+02,  2.50311065219660E+02,  1.81178991020330E+02
 1.99450000000000E+03, -1.58532661406842E-01, -8.17250000000000E-01,  7.66056346198492E-01,  2.47330000000007E+02,  1.09532514332641E+02,  1.30485601585745E+02
 1.99458333300000E+03, -1.30398759954188E-01, -9.23500000000000E-01,  7.71526977555249E-01,  2.47510000000007E+02,  6.68797633159661E+01,  9.35549879742258E+01
 1.99466666700000E+03, -1.29408012029699E-01, -8.81500000000000E-01,  7.77525054261813E-01,  2.47690000000007E+02,  6.09815845302723E+01,  7.73887675270680E+01
 1.99475000000000E+03, -1.55560417790726E-01, -6.79500000000000E-01,  7.84382383493324E-01,  2.47870000000007E+02,  6.13977094333739E+01,  6.77797839214319E+01
 1.99483333300000E+03, -1.87292100764695E-01, -4.42000000000000E-01,  7.91198674163521E-01,  2.48050000000007E+02,  5.70757461037275E+01,  5.00745811942477E+01
 1.99491666700000E+03, -1.93256645708424E-01, -2.86500000000000E-01,  7.98277633350091E-01,  2.48230000000007E+02,  1.03600891108195E+02,  1.01813256856873E+02
 1.99500000000000E+03, -1.71589033836104E-01, -1.97250000000000E-01,  8.05530873931147E-01,  2.48410000000007E+02,  2.49304773412079E+02,  2.82991352453575E+02
 1.99508333300000E+03, -1.29400425422725E-01, -1.32750000000000E-01,  8.12870246938896E-01,  2.48590000000007E+02,  3.87677711884228E+02,  5.19156907291428E+02
 1.99516666700000E+03, -9.13978669391743E-02, -5.77500000000000E-02,  8.20208516232295E-01,  2.48770000000007E+02,  4.58332999522284E+02,  6.87323307141625E+02
 1.99525000000000E+03, -5.67299324480174E-02,  8.45000000000000E-02,  8.40478642977607E-01,  2.48950000000007E+02,  4.78056125493497E+02,  7.29585506854288E+02
 1.99533333300000E+03, -2.25483697452001E-02,  1.68500000000000E-01,  8.47028483212257E-01,  2.49130000000007E+02,  4.14619093372787E+02,  6.69995547292626E+02
 1.99541666700000E+03,  2.97567217876740E-02,  1.61250000000000E-01,  8.53185804837359E-01,  2.49310000000007E+02,  3.67589606097213E+02,  5.75932654331386E+02
 1.99550000000000E+03,  9.28874342743617E-02,  1.61000000000000E-01,  8.58880640890276E-01,  2.49490000000007E+02,  4.40793015063400E+02,  5.18082337901626E+02
 1.99558333300000E+03,  1.50560654577955E-01,  1.13500000000000E-01,  8.64047646279507E-01,  2.49670000000007E+02,  5.16473556818886E+02,  5.58113428994635E+02
 1.99566666700000E+03,  1.75011845929512E-01,  9.15000000000000E-02,  8.68626469614116E-01,  2.49850000000007E+02,  5.47828781560715E+02,  6.92371974210954E+02
 1.99575000000000E+03,  1.70822471235693E-01,  1.55000000000000E-01,  8.72369335693581E-01,  2.50030000000007E+02,  5.69045185157452E+02,  7.95538109160468E+02
 1.99583333300000E+03,  1.52576069174097E-01,  9.95000000000000E-02,  8.75650363744545E-01,  2.50210000000007E+02,  4.73632500477890E+02,  7.48718919120251E+02
 1.99591666700000E+03,  1.51080943861076E-01, -2.92500000000000E-02,  8.78197285605877E-01,  2.50390000000007E+02,  2.66066174703569E+02,  5.77589407836357E+02
 1.99600000000000E+03,  1.66337095900778E-01, -2.07500000000000E-02,  8.79972148321559E-01,  2.50570000000007E+02,  1.16870976272334E+02,  3.68128796351917E+02
 1.99608333300000E+03,  1.67566770626980E-01,  5.50000000000000E-03,  8.80943115353923E-01,  2.50750000000007E+02,  6.52521067134807E+01,  1.82427018950706E+02
 1.99616666700000E+03,  1.25477779770973E-01,  1.10000000000000E-02,  8.81084548956350E-01,  2.50930000000007E+02,  4.04334708485381E+01,  6.86522519786273E+01
 1.99625000000000E+03,  4.00701240260390E-02,  3.00000000000000E-02,  5.23633833663722E-01,  2.51110000000007E+02,  2.74241214666607E+01,  2.86558857445161E+01
 1.99633333300000E+03, -3.58654492514085E-02,  8.00000000000000E-03,  5.14091423953876E-01,  2.51290000000007E+02,  6.11296519600614E+01,  2.86344466776325E+01
 1.99641666700000E+03, -7.35877298393983E-02,  7.90000000000000E-02,  5.05142466242027E-01,  2.51470000000007E+02,  1.19882717208986E+02,  4.13145000532065E+01
 1.99650000000000E+03, -7.30967184876200E-02,  2.04750000000000E-01,  4.96809558528073E-01,  2.51650000000007E+02,  1.32291762953492E+02,  4.77255229767115E+01
 1.99658333300000E+03, -6.87158991014520E-02,  2.23250000000000E-01,  4.89111664497272E-01,  2.51830000000007E+02,  1.46351015513066E+02,  7.74169332896234E+01
 1.99666666700000E+03, -8.68447664254469E-02,  2.48000000000000E-01,  4.82064094421182E-01,  2.52010000000007E+02,  2.25994103053161E+02,  1.68072186981272E+02
 1.99675000000000E+03, -1.28701066100381E-01,  3.15500000000000E-01,  4.75855625698980E-01,  2.52190000000007E+02,  2.75500234878382E+02,  2.77810456723001E+02
 1.99683333300000E+03, -1.77097586115876E-01,  2.44750000000000E-01,  4.70120390802574E-01,  2.52370000000007E+02,  2.93587884323424E+02,  3.94194622680455E+02
 1.99691666700000E+03, -2.02966433545773E-01,  1.32500000000000E-02,  4.65059527467310E-01,  2.52550000000007E+02,  4.09629002731856E+02,  5.79680734722899E+02
 1.99700000000000E+03, -2.02755518986762E-01, -2.60750000000000E-01,  4.60674047951051E-01,  2.52730000000007E+02,  5.55310148342616E+02,  7.99898881424838E+02
 1.99708333300000E+03, -1.84682630902837E-01, -3.81750000000000E-01,  4.56961509085190E-01,  2.52910000000007E+02,  5.93523745096489E+02,  9.40712513616390E+02
 1.99716666700000E+03, -1.72591293041026E-01, -2.74500000000000E-01,  4.53916104756953E-01,  2.53090000000007E+02,  5.63366351208707E+02,  9.64507265911738E+02
 1.99725000000000E+03, -1.69932447730145E-01, -1.73500000000000E-01,  7.59476898321834E-01,  2.53270000000007E+02,  4.97635178093053E+02,  8.77889450598828E+02
 1.99733333300000E+03, -1.70751237976613E-01, -1.56500000000000E-01,  7.64078074669205E-01,  2.53450000000007E+02,  3.72261234553711E+02,  6.92362273490673E+02
 1.99741666700000E+03, -1.57398639041625E-01, -2.19000000000000E-01,  7.69319925124154E-01,  2.53630000000007E+02,  2.53508956787017E+02,  4.67256433198035E+02
 1.99750000000000E+03, -1.28758052490816E-01, -3.90500000000000E-01,  7.75121664638738E-01,  2.53810000000007E+02,  1.98363265640888E+02,  2.73416931116731E+02
 1.99758333300000E+03, -1.02576932078507E-01, -5.17750000000000E-01,  7.81399542262206E-01,  2.53990000000007E+02,  1.80156185583742E+02,  1.65955163604524E+02
 1.99766666700000E+03, -1.02795239246983E-01, -5.76000000000000E-01,  7.88067574910660E-01,  2.54170000000007E+02,  1.93210011699722E+02,  1.60936547559089E+02
 1.99775000000000E+03, -1.29412974165097E-01, -6.73250000000000E-01,  7.95066615648457E-01,  2.54350000000007E+02,  2.05776027677131E+02,  1.74544047919578E+02
 1.99783333300000E+03, -1.61168944507307E-01, -6.66000000000000E-01,  8.02252401003892E-01,  2.54530000000007E+02,  1.56081295017226E+02,  1.61077546030824E+02
 1.99791666700000E+03, -1.66868552573067E-01, -3.36750000000000E-01,  8.09563895610074E-01,  2.54710000000007E+02,  1.28650851607028E+02,  2.38384467321951E+02
 1.99800000000000E+03, -1.38759329777818E-01,  1.12500000000000E-01,  8.16913370872323E-01,  2.54890000000007E+02,  2.36006221614972E+02,  4.51357847235515E+02
 1.99808333300000E+03, -7.07209204184798E-02,  4.34250000000000E-01,  8.24214370973858E-01,  2.55070000000007E+02,  4.06170667323050E+02,  6.77352975006643E+02
 1.99816666700000E+03,  1.41770144147259E-02,  6.00000000000000E-01,  8.31382343828189E-01,  2.55250000000007E+02,  5.55585961692754E+02,  8.65783735278469E+02
 1.99825000000000E+03,  1.00780072964587E-01,  5.77500000000000E-01,  8.75842426124858E-01,  2.55430000000007E+02,  6.77064618849264E+02,  1.00339785065900E+03
 1.99833333300000E+03,  1.62245420197479E-01,  4.87750000000000E-01,  8.78339260695290E-01,  2.55610000000007E+02,  6.96385134252002E+02,  9.77904776015997E+02
 1.99841666700000E+03,  2.10491926500508E-01,  5.07500000000000E-01,  8.80061734526676E-01,  2.55790000000007E+02,  5.69292716072170E+02,  7.71715158878243E+02
 1.99850000000000E+03,  2.52570989268826E-01,  6.38500000000000E-01,  8.80978420097213E-01,  2.55970000000007E+02,  3.82953962767002E+02,  5.22985551933278E+02
 1.99858333300000E+03,  2.84711263583558E-01,  6.88750000000000E-01,  8.81064092467779E-01,  2.56150000000007E+02,  2.18463357692841E+02,  3.16702548217656E+02
 1.99866666700000E+03,  2.83595944166422E-01,  6.25250000000000E-01,  8.80299761737259E-01,  2.56330000000007E+02,  1.01692310057587E+02,  1.62095835620278E+02
 1.99875000000000E+03,  2.45057632598354E-01,  5.65250000000000E-01,  8.78915900306436E-01,  2.56510000000007E+02,  7.25242537590073E+01,  1.08270345856400E+02
 1.99883333300000E+03,  1.91180864815762E-01,  4.12250000000000E-01,  8.76524857721933E-01,  2.56690000000007E+02,  1.57460616258562E+02,  2.00612658863264E+02
 1.99891666700000E+03,  1.50949552749357E-01,  1.61500000000000E-01,  8.73263653591424E-01,  2.56870000000007E+02,  2.79841903140329E+02,  3.60365185584537E+02
 1.99900000000000E+03,  1.33399564901106E-01, -4.17500000000000E-02,  8.69136973513640E-01,  2.57050000000007E+02,  3.39869456792029E+02,  4.63156114287623E+02
 1.99908333300000E+03,  9.87197659852942E-02, -1.41750000000000E-01,  8.64155281185045E-01,  2.57230000000007E+02,  3.54891509991020E+02,  4.95888787370729E+02
 1.99916666700000E+03,  3.19983587306136E-02, -1.56250000000000E-01,  8.58334613165524E-01,  2.57410000000007E+02,  3.29402022118712E+02,  4.64544721330313E+02
 1.99925000000000E+03, -7.12825892559294E-02, -1.56500000000000E-01,  4.48497458433003E-01,  2.57590000000007E+02,  2.38395846130389E+02,  3.64664086979957E+02
 1.99933333300000E+03, -1.38617752097747E-01, -1.45250000000000E-01,  4.49404140788265E-01,  2.57770000000007E+02,  2.31163361633536E+02,  3.51293992616957E+02
 1.99941666700000E+03, -1.56101619376853E-01, -1.34500000000000E-01,  4.50841749984669E-01,  2.57950000000007E+02,  4.00070294019648E+02,  5.59132952354837E+02
 1.99950000000000E+03, -1.23734192872590E-01, -1.69000000000000E-01,  4.52781584853101E-01,  2.58130000000007E+02,  5.85663015213485E+02,  8.57412091663756E+02
 1.99958333300000E+03, -9.48625286543664E-02, -1.55500000000000E-01,  4.55193043010898E-01,  2.58310000000007E+02,  6.97327634196152E+02,  1.06848518687136E+03
 1.99966666700000E+03, -9.58953791305397E-02, -1.11750000000000E-01,  4.58043814114677E-01,  2.58490000000007E+02,  7.26494601085655E+02,  1.12981537001314E+03
 1.99975000000000E+03, -1.27192592983030E-01, -1.17750000000000E-01,  4.60732178937903E-01,  2.58670000000007E+02,  6.11414168995561E+02,  1.02178904442698E+03
 1.99983333300000E+03, -1.68568722246953E-01, -1.08500000000000E-01,  4.64299717847995E-01,  2.58850000000007E+02,  4.39317569252878E+02,  7.97707076425620E+02
 1.99991666700000E+03, -1.88386699103293E-01, -9.75000000000000E-02,  4.68207454586973E-01,  2.59030000000007E+02,  3.45318607169521E+02,  5.66256607395739E+02
 2.00000000000000E+03, -1.85769958615948E-01, -1.64000000000000E-01,  4.72418359140636E-01,  2.59210000000007E+02,  3.11354284368180E+02,  4.14156009011603E+02
 2.00008333300000E+03, -1.65158803049921E-01, -2.84250000000000E-01,  4.76894648545326E-01,  2.59390000000007E+02,  3.25907069756201E+02,  3.90260627144520E+02
 2.00016666700000E+03, -1.48047904367641E-01, -3.42750000000000E-01,  4.81597981902936E-01,  2.59570000000007E+02,  3.85937729999958E+02,  4.69234849276152E+02
 2.00025000000000E+03, -1.35110846335785E-01, -3.21500000000000E-01,  5.17979001411900E-01,  2.59750000000007E+02,  4.16508764861364E+02,  5.80926296583128E+02
 2.00033333300000E+03, -1.29171585615822E-01, -3.22500000000000E-01,  5.08780930521217E-01,  2.59930000000007E+02,  3.88324507525850E+02,  6.76476306277103E+02
 2.00041666700000E+03, -1.19476180119263E-01, -3.56500000000000E-01,  5.00189975259368E-01,  2.60110000000007E+02,  3.36324519455878E+02,  7.24242094251451E+02
 2.00050000000000E+03, -1.05867762156349E-01, -3.29750000000000E-01,  4.92226610356501E-01,  2.60290000000007E+02,  2.84720144964866E+02,  6.99843182642282E+02
 2.00058333300000E+03, -9.69735298562051E-02, -1.94250000000000E-01,  4.84907662485679E-01,  2.60470000000007E+02,  2.15749134461707E+02,  5.88918424964929E+02
 2.00066666700000E+03, -1.11188842066957E-01, -4.02500000000000E-02,  4.78246303428828E-01,  2.60650000000007E+02,  1.39494043646092E+02,  4.45167202081918E+02
 2.00075000000000E+03, -1.48513699059231E-01,  5.37500000000000E-02,  4.71563747502096E-01,  2.60830000000007E+02,  1.38370189060454E+02,  3.60508962492929E+02
 2.00083333300000E+03, -1.91688272596940E-01,  8.05000000000000E-02,  4.66325256259094E-01,  2.61010000000007E+02,  1.94458932581295E+02,  3.24884040748104E+02
 2.00091666700000E+03, -2.11242645188978E-01,  3.55000000000000E-02,  4.61762220893457E-01,  2.61190000000007E+02,  2.22165030164819E+02,  3.13206152555799E+02
 2.00100000000000E+03, -2.01645939760749E-01, -6.82500000000000E-02,  4.57873098836290E-01,  2.61370000000007E+02,  2.40005685424219E+02,  3.19049853756974E+02
 2.00108333300000E+03, -1.70998327882706E-01, -1.51750000000000E-01,  4.54652958726181E-01,  2.61550000000007E+02,  2.23491349166712E+02,  2.66993654462458E+02
 2.00116666700000E+03, -1.40730440745628E-01, -1.42500000000000E-01,  4.52093584226021E-01,  2.61730000000007E+02,  1.92138711543933E+02,  2.85064390168416E+02
 2.00125000000000E+03, -1.21904031912592E-01, -1.07750000000000E-01,  7.70155993383339E-01,  2.61910000000007E+02,  3.41645156217878E+02,  5.98592556966555E+02
 2.00133333300000E+03, -1.05938790631935E-01, -5.67500000000000E-02,  7.63758158891003E-01,  2.62090000000007E+02,  6.25839281213080E+02,  9.88162229084597E+02
 2.00141666700000E+03, -7.93253630236767E-02,  8.00000000000000E-03,  7.58499703863640E-01,  2.62270000000007E+02,  7.97366030539317E+02,  1.16899716611618E+03
 2.00150000000000E+03, -3.65328725173072E-02,  5.87500000000000E-02,  7.54376809761235E-01,  2.62450000000007E+02,  8.68974718685722E+02,  1.26229240089796E+03
 2.00158333300000E+03,  4.22296706643495E-04,  1.11500000000000E-01,  7.51376204617478E-01,  2.62630000000007E+02,  8.83070088298244E+02,  1.29732741733667E+03
 2.00166666700000E+03,  6.28240066475645E-03,  1.51000000000000E-01,  7.49475493171712E-01,  2.62810000000007E+02,  7.38729277286023E+02,  1.12807001319030E+03
 2.00175000000000E+03, -2.07068192544407E-02,  1.86000000000000E-01,  7.48620019111180E-01,  2.62990000000007E+02,  5.01755298492623E+02,  8.72910587339108E+02
 2.00183333300000E+03, -6.18337942693308E-02,  2.10250000000000E-01,  7.48907012529285E-01,  2.63170000000007E+02,  3.37579690775762E+02,  7.23398371333783E+02
 2.00191666700000E+03, -8.65271903758352E-02,  2.40250000000000E-01,  7.50171723932481E-01,  2.63350000000007E+02,  2.69205939861044E+02,  6.32450573873079E+02
 2.00200000000000E+03, -9.12784903491808E-02,  2.11500000000000E-01,  7.52359251016377E-01,  2.63530000000007E+02,  2.13181353760895E+02,  4.66757797122872E+02
 2.00208333300000E+03, -8.65745510231755E-02,  1.17000000000000E-01,  7.55408190948164E-01,  2.63710000000007E+02,  1.21727677368521E+02,  2.58377506360741E+02
 2.00216666700000E+03, -9.23397020842627E-02,  1.64500000000000E-01,  7.59251294190999E-01,  2.63890000000007E+02,  5.44822370704888E+01,  1.57825351773754E+02
 2.00225000000000E+03, -1.10328201998577E-01,  2.45750000000000E-01,  7.71041159076584E-01,  2.64070000000007E+02,  4.28398060473920E+01,  1.57183195210650E+02
 2.00233333300000E+03, -1.22149367631835E-01,  1.71000000000000E-01,  7.76997739564657E-01,  2.64250000000008E+02,  5.18187505356760E+01,  1.85752797995078E+02
 2.00241666700000E+03, -1.09619509049723E-01,  1.17000000000000E-01,  7.83404327471972E-01,  2.64430000000008E+02,  9.84577084677524E+01,  2.88320009825831E+02
 2.00250000000000E+03, -7.27386263559081E-02,  1.35000000000000E-01,  7.90174402462508E-01,  2.64610000000008E+02,  1.52982124692309E+02,  3.95235597761240E+02
 2.00258333300000E+03, -3.55014515405655E-02,  1.01750000000000E-01,  7.97220164191942E-01,  2.64790000000008E+02,  1.93747955920137E+02,  4.62417977150969E+02
 2.00266666700000E+03, -2.42062767079789E-02, -3.50000000000000E-03,  8.04453248934895E-01,  2.64970000000008E+02,  3.42850925743409E+02,  6.76038392190489E+02
 2.00275000000000E+03, -3.88531021000297E-02, -8.92500000000000E-02,  8.09389166965254E-01,  2.65150000000008E+02,  5.65677724169048E+02,  9.77225569518094E+02
 2.00283333300000E+03, -5.96418993024811E-02,  2.32500000000000E-02,  8.16738748898807E-01,  2.65330000000008E+02,  6.71435246163375E+02,  1.09928695177975E+03
 2.00291666700000E+03, -5.57335439007687E-02,  2.31250000000000E-01,  8.24041892804714E-01,  2.65510000000008E+02,  6.84207163415694E+02,  1.11544888131282E+03
 2.00300000000000E+03, -2.71280354744282E-02,  2.84250000000000E-01,  8.31213994227559E-01,  2.65690000000008E+02,  6.67289053154634E+02,  1.15786652753487E+03
 2.00308333300000E+03, -4.73859880102392E-03,  2.46250000000000E-01,  8.38172936236957E-01,  2.65870000000008E+02,  5.38173260519498E+02,  1.09058550912406E+03
 2.00316666700000E+03, -1.36594737675665E-02,  2.29250000000000E-01,  8.44839651056203E-01,  2.66050000000008E+02,  3.30102129506096E+02,  8.72818695207468E+02
 2.00325000000000E+03, -5.30577515463361E-02,  2.18250000000000E-01,  4.91325626859907E-01,  2.66230000000008E+02,  1.87418900276609E+02,  6.66378426169295E+02
 2.00333333300000E+03, -7.49470610363898E-02,  1.68500000000000E-01,  4.96473624457954E-01,  2.66410000000008E+02,  1.61425660307289E+02,  5.44517745126931E+02
 2.00341666700000E+03, -6.02104722218508E-02,  7.72500000000000E-02,  5.01695050509967E-01,  2.66590000000008E+02,  2.07456946041025E+02,  4.24269078746385E+02
 2.00350000000000E+03, -1.05138021815155E-02, -6.00000000000000E-03,  5.06951547594812E-01,  2.66770000000008E+02,  2.49238690090894E+02,  2.71351481096669E+02
 2.00358333300000E+03,  3.70807724677995E-02, -1.00000000000000E-03,  5.12205272616001E-01,  2.66950000000008E+02,  2.65148662113202E+02,  1.88383891316615E+02
 2.00366666700000E+03,  5.67844566129788E-02,  1.01750000000000E-01,  5.17419055095884E-01,  2.67130000000008E+02,  2.88573079366787E+02,  2.15243970020977E+02
 2.00375000000000E+03,  4.94301580259789E-02,  1.53000000000000E-01,  5.20520841923608E-01,  2.67310000000008E+02,  3.14024126189778E+02,  2.87342771021813E+02
 2.00383333300000E+03,  3.34877309461954E-02,  5.05000000000000E-02,  5.25595333621587E-01,  2.67490000000008E+02,  3.24096399577435E+02,  4.11102332175639E+02
 2.00391666700000E+03,  3.97041960811733E-02, -2.65000000000000E-02,  5.30537391845159E-01,  2.67670000000008E+02,  3.24745671307181E+02,  6.04068822479339E+02
 2.00400000000000E+03,  6.80795538813827E-02,  1.05000000000000E-02,  5.35313456194247E-01,  2.67850000000008E+02,  3.18590473990095E+02,  8.16949218545599E+02
 2.00408333300000E+03,  8.48527128434874E-02, -3.97500000000000E-02,  5.39891261239230E-01,  2.68030000000008E+02,  3.20270878183083E+02,  1.00164928035549E+03
 2.00416666700000E+03,  5.91756062997651E-02, -8.50000000000000E-02,  5.44239946634870E-01,  2.68210000000008E+02,  3.32112928363114E+02,  1.07793252257885E+03
 2.00425000000000E+03, -8.95176512453278E-03,  1.55000000000000E-02,  8.17199327090671E-01,  2.68390000000008E+02,  3.33280141924318E+02,  9.92664576866394E+02
 2.00433333300000E+03, -6.70842064130282E-02,  6.32500000000000E-02,  8.06937536968203E-01,  2.68570000000008E+02,  3.27734642737964E+02,  8.21917924529826E+02
 2.00441666700000E+03, -8.41166117523239E-02, -1.30000000000000E-02,  7.96083590493520E-01,  2.68750000000008E+02,  3.15404003823703E+02,  6.40130214201019E+02
 2.00450000000000E+03, -5.82753428463237E-02, -4.82500000000000E-02,  7.84687571789853E-01,  2.68930000000008E+02,  2.72842948917846E+02,  4.57951927283601E+02
 2.00458333300000E+03, -2.07521778827724E-02,  2.50000000000000E-04,  7.72802179577795E-01,  2.69110000000008E+02,  1.96987652760001E+02,  3.04683874484194E+02
 2.00466666700000E+03,  5.49194926006973E-03,  8.00000000000000E-03,  7.60482332658674E-01,  2.69290000000008E+02,  1.10015746738191E+02,  2.08889654047073E+02
 2.00475000000000E+03,  1.69491483741075E-02,  9.25000000000000E-03,  7.43142541967681E-01,  2.69470000000008E+02,  6.91356023331494E+01,  1.85335326347010E+02
 2.00483333300000E+03,  2.97646042559795E-02,  1.06000000000000E-01,  7.30025061334781E-01,  2.69650000000008E+02,  1.36364455043859E+02,  2.59430752770490E+02
 2.00491666700000E+03,  6.52686901844509E-02,  1.86500000000000E-01,  7.16668676160329E-01,  2.69830000000008E+02,  2.85189575516887E+02,  4.25655019807800E+02
 2.00500000000000E+03,  1.25156269549162E-01,  2.77500000000000E-01,  7.03133364396407E-01,  2.70010000000008E+02,  4.37384995684520E+02,  6.37399838963120E+02
 2.00508333300000E+03,  1.69104730070070E-01,  4.39500000000000E-01,  6.89479229278132E-01,  2.70190000000008E+02,  5.57709616150456E+02,  8.47727992915019E+02
 2.00516666700000E+03,  1.70158419631021E-01,  4.04500000000000E-01,  6.75766131075202E-01,  2.70370000000008E+02,  6.18904367480767E+02,  9.95161263965678E+02
 2.00525000000000E+03,  1.28356727039551E-01,  2.13000000000000E-01,  1.17409535284232E+00,  2.70550000000008E+02,  5.81385721662694E+02,  9.97717207164003E+02
 2.00533333300000E+03,  9.89160056495789E-02,  1.70500000000000E-01,  1.17746307194385E+00,  2.70730000000008E+02,  4.59196436909232E+02,  8.69529776515044E+02
 2.00541666700000E+03,  1.01878768268144E-01,  2.41000000000000E-01,  1.17966388208697E+00,  2.70910000000008E+02,  3.16355446646321E+02,  7.42830695528419E+02
 2.00550000000000E+03,  1.37245013736642E-01,  2.89750000000000E-01,  1.18062846242284E+00,  2.71090000000008E+02,  2.01045411663335E+02,  6.61926888051931E+02
 2.00558333300000E+03,  1.62507679559324E-01,  3.33000000000000E-01,  1.18030241422535E+00,  2.71270000000008E+02,  1.29875389473496E+02,  5.65023795756797E+02
 2.00566666700000E+03,  1.52682035611628E-01,  3.65250000000000E-01,  1.17864650764996E+00,  2.71450000000008E+02,  1.03536386897391E+02,  4.73131668117975E+02
 2.00575000000000E+03,  1.00305768316728E-01,  2.68250000000000E-01,  1.17539633296384E+00,  2.71630000000008E+02,  1.02096023984689E+02,  4.13525422964887E+02
 2.00583333300000E+03,  3.12191847027045E-02,  8.47500000000000E-02,  1.17093621718719E+00,  2.71810000000008E+02,  9.59386448958708E+01,  3.18117269983303E+02
 2.00591666700000E+03, -2.38401085909843E-02, -6.75000000000000E-02,  1.16512034318150E+00,  2.71990000000008E+02,  8.91740103930364E+01,  1.95177629802169E+02
 2.00600000000000E+03, -4.98225501833157E-02, -1.00750000000000E-01,  1.15797014261261E+00,  2.72170000000008E+02,  1.05612776403399E+02,  1.46931874433993E+02
 2.00608333300000E+03, -5.59181669145421E-02, -1.17500000000000E-02,  1.14952092701549E+00,  2.72350000000008E+02,  1.25459276959709E+02,  1.83900693436384E+02
 2.00616666700000E+03, -6.16549011876970E-02,  1.25000000000000E-03,  1.13982119302969E+00,  2.72530000000008E+02,  1.23706319596967E+02,  2.39225595327503E+02
 2.00625000000000E+03, -7.47449354166994E-02,  5.00000000000000E-04,  1.14955987181278E+00,  2.72710000000008E+02,  1.35742108993893E+02,  3.07928682854670E+02
 2.00633333300000E+03, -9.36745578510383E-02,  6.15000000000000E-02,  1.13986537941050E+00,  2.72890000000008E+02,  1.77410904974389E+02,  4.18931281562808E+02
 2.00641666700000E+03, -9.86577047079939E-02,  1.77500000000000E-02,  1.12898095035256E+00,  2.73070000000008E+02,  2.16851552810106E+02,  5.50783888308877E+02
 2.00650000000000E+03, -8.95694410695988E-02, -7.97500000000000E-02,  1.11697885691294E+00,  2.73250000000008E+02,  2.91776923398567E+02,  7.19998998700943E+02
 2.00658333300000E+03, -7.46279550676344E-02, -1.92500000000000E-01,  1.10394181485837E+00,  2.73430000000008E+02,  4.38681976008278E+02,  9.72536739979614E+02
 2.00666666700000E+03, -7.45537189830240E-02, -3.66500000000000E-01,  1.08996189289138E+00,  2.73610000000008E+02,  5.48015368380273E+02,  1.16991197720831E+03
 2.00675000000000E+03, -8.93467329032655E-02, -4.13500000000000E-01,  1.08116178647043E+00,  2.73790000000008E+02,  5.34310499859044E+02,  1.13726334127647E+03
 2.00683333300000E+03, -9.53861290110710E-02, -2.03000000000000E-01,  1.06588472470758E+00,  2.73970000000008E+02,  4.58878116891447E+02,  9.53603109016716E+02
 2.00691666700000E+03, -6.67198032446098E-02,  3.30000000000000E-02,  1.04993951559507E+00,  2.74150000000008E+02,  3.45471235592635E+02,  7.10679281561607E+02
 2.00700000000000E+03, -3.34775555150532E-03,  1.14000000000000E-01,  1.03344201969281E+00,  2.74330000000008E+02,  1.80362578731044E+02,  3.83857541295403E+02
 2.00708333300000E+03,  3.70323210885581E-02,  9.37500000000000E-02,  1.01651182692605E+00,  2.74510000000008E+02,  5.62376357943036E+01,  1.19082515838533E+02
 2.00716666700000E+03,  1.79319467860343E-02,  2.60000000000000E-02,  9.99270988506732E-01,  2.74690000000008E+02,  3.79355999838994E+01,  7.62908071962458E+01
 2.00725000000000E+03, -6.06488771341476E-02, -1.25000000000000E-02,  4.48627405111760E-01,  2.74870000000008E+02,  5.82986446579401E+01,  1.37103963837654E+02
 2.00733333300000E+03, -1.21891846800621E-01,  4.90000000000000E-02,  4.49636929612846E-01,  2.75050000000008E+02,  6.86769752837562E+01,  1.76008148676948E+02
 2.00741666700000E+03, -1.36443412234585E-01,  1.04250000000000E-01,  4.51172090586690E-01,  2.75230000000008E+02,  9.10548783374326E+01,  2.43658632858377E+02
 2.00750000000000E+03, -1.04303574958996E-01,  1.75000000000000E-02,  4.53203811470843E-01,  2.75410000000008E+02,  1.20273273244165E+02,  3.39531351062603E+02
 2.00758333300000E+03, -7.43180553272877E-02, -9.77500000000000E-02,  4.55701150881455E-01,  2.75590000000008E+02,  1.21044998350238E+02,  3.66126432271288E+02
 2.00766666700000E+03, -7.29707380077616E-02, -1.56750000000000E-01,  4.58631496496706E-01,  2.75770000000008E+02,  1.05184592985538E+02,  3.18179182547562E+02
 2.00775000000000E+03, -1.00261623181663E-01, -1.80250000000000E-01,  4.61262746971388E-01,  2.75950000000008E+02,  9.45522325294306E+01,  2.69193245025644E+02
 2.00783333300000E+03, -1.36317303185512E-01, -1.24500000000000E-01,  4.64885543258114E-01,  2.76130000000008E+02,  6.55616140919537E+01,  2.12673342599498E+02
 2.00791666700000E+03, -1.49694626412602E-01, -5.75000000000000E-02,  4.68842840617415E-01,  2.76310000000008E+02,  9.27041762861095E+01,  1.73919862200179E+02
 2.00800000000000E+03, -1.37938909674677E-01, -1.14250000000000E-01,  4.73097479140001E-01,  2.76490000000008E+02,  2.98446893467816E+02,  2.97427710845370E+02
 2.00808333300000E+03, -1.09352142393568E-01, -2.96500000000000E-01,  4.77611576433735E-01,  2.76670000000008E+02,  5.33933231355897E+02,  5.30691853537075E+02
 2.00816666700000E+03, -8.82013081829018E-02, -4.16000000000000E-01,  4.82346722225433E-01,  2.76850000000008E+02,  5.99647769629093E+02,  6.44820810430718E+02
 2.00825000000000E+03, -7.93957728382757E-02, -3.94250000000000E-01,  8.18847313325849E-01,  2.77030000000008E+02,  6.07895030146645E+02,  6.44868045570524E+02
 2.00833333300000E+03, -7.63175491188118E-02, -3.84250000000000E-01,  8.08688791930333E-01,  2.77210000000008E+02,  6.04300503090813E+02,  6.05440994254058E+02
 2.00841666700000E+03, -6.10482631932622E-02, -3.91000000000000E-01,  7.97930055239820E-01,  2.77390000000008E+02,  4.45722811573179E+02,  4.62647841367276E+02
 2.00850000000000E+03, -3.07309384464983E-02, -3.27500000000000E-01,  7.86620714001787E-01,  2.77570000000008E+02,  2.62641157848345E+02,  3.26384683411363E+02
 2.00858333300000E+03,  3.87304989609646E-03, -1.59000000000000E-01,  7.74813058805897E-01,  2.77750000000008E+02,  2.54528320416164E+02,  3.69484094111934E+02
 2.00866666700000E+03,  2.41034593124340E-02,  5.00000000000000E-03,  7.62561666277742E-01,  2.77930000000008E+02,  2.95069767783655E+02,  4.90276017758040E+02
 2.00875000000000E+03,  2.91557021481466E-02,  4.40000000000000E-02,  7.46289173142901E-01,  2.78110000000008E+02,  2.55821111834535E+02,  5.47987968959751E+02
 2.00883333300000E+03,  3.44913371887065E-02,  1.67500000000000E-02,  7.33238797368100E-01,  2.78290000000008E+02,  1.96142916772986E+02,  5.38344345555823E+02
 2.00891666700000E+03,  6.39670630660646E-02, -3.20000000000000E-02,  7.19934995128304E-01,  2.78470000000008E+02,  1.44440894551667E+02,  4.52814348968708E+02
 2.00900000000000E+03,  1.17985173749808E-01, -9.07500000000000E-02,  7.06437657040159E-01,  2.78650000000008E+02,  9.27622802161917E+01,  3.03869769005821E+02
 2.00908333300000E+03,  1.37637872967450E-01, -1.15250000000000E-01,  6.92806890190744E-01,  2.78830000000008E+02,  8.59693375778309E+01,  1.74697534318145E+02
 2.00916666700000E+03,  9.57179748642726E-02, -9.80000000000000E-02,  6.79102647175130E-01,  2.79010000000008E+02,  1.39047543497270E+02,  1.18195659719042E+02
 2.00925000000000E+03, -6.20419653374289E-04, -1.03250000000000E-01,  1.08740778536993E+00,  2.79190000000008E+02,  1.85361402467299E+02,  9.78342097979700E+01
 2.00933333300000E+03, -4.81119233223173E-02, -4.32500000000000E-02,  1.07244768679855E+00,  2.79370000000008E+02,  2.56567832143783E+02,  1.37340323828497E+02
 2.00941666700000E+03, -1.66300687331525E-02,  1.62000000000000E-01,  1.05677177078856E+00,  2.79550000000008E+02,  4.78551029944918E+02,  3.64659494583444E+02
 2.00950000000000E+03,  9.07454592661729E-02,  3.41000000000000E-01,  1.04049393418223E+00,  2.79730000000008E+02,  7.05449837989220E+02,  6.68127614931245E+02
 2.00958333300000E+03,  2.05256542946950E-01,  3.54250000000000E-01,  1.02373234143820E+00,  2.79910000000008E+02,  7.21496727030241E+02,  7.88298017116567E+02
 2.00966666700000E+03,  2.92977375039538E-01,  3.00250000000000E-01,  1.00660815489312E+00,  2.80090000000008E+02,  6.95476428483506E+02,  8.06787020414200E+02
 2.00975000000000E+03,  3.38605024434970E-01,  2.80750000000000E-01,  9.89026653332561E-01,  2.80270000000008E+02,  7.13340968888957E+02,  8.14146922863345E+02
 2.00983333300000E+03,  3.59663920556462E-01,  2.61500000000000E-01,  9.71545793685113E-01,  2.80450000000008E+02,  5.76158872964703E+02,  6.54111348274337E+02
 2.00991666700000E+03,  3.71863292541465E-01,  2.24250000000000E-01,  9.54072826367029E-01,  2.80630000000008E+02,  4.04175512825282E+02,  4.76414883194499E+02
 2.01000000000000E+03,  3.85912714657587E-01,  2.65250000000000E-01,  9.36728512060910E-01,  2.80810000000008E+02,  4.02666887852616E+02,  5.15197854940230E+02
 2.01008333300000E+03,  3.63989998034701E-01,  3.30500000000000E-01,  9.19630599313838E-01,  2.80990000000008E+02,  4.03541805864662E+02,  5.74230486030003E+02
 2.01016666700000E+03,  3.05621445723458E-01,  2.76500000000000E-01,  9.02892772591792E-01,  2.81170000000008E+02,  3.09552452424985E+02,  5.16770553432717E+02
 2.01025000000000E+03,  2.11844940419175E-01,  2.75750000000000E-01,  1.17875681997545E+00,  2.81350000000008E+02,  2.20469849876735E+02,  4.38281945318724E+02
 2.01033333300000E+03,  1.53857273090747E-01,  3.56500000000000E-01,  1.18032309216778E+00,  2.81530000000008E+02,  1.39279054163692E+02,  3.09909579229804E+02
 2.01041666700000E+03,  1.38061342146898E-01,  3.52500000000000E-01,  1.18062299081347E+00,  2.81710000000008E+02,  7.27609155428347E+01,  1.49890820638574E+02
 2.01050000000000E+03,  1.63938205350048E-01,  2.94250000000000E-01,  1.17960997815753E+00,  2.81890000000008E+02,  7.39727380425898E+01,  9.93634308507307E+01
 2.01058333300000E+03,  1.78698391158619E-01,  2.36750000000000E-01,  1.17725274439100E+00,  2.82070000000008E+02,  1.25632771481093E+02,  1.65292962557137E+02
 2.01066666700000E+03,  1.60221094713558E-01,  2.38250000000000E-01,  1.17353519148075E+00,  2.82250000000008E+02,  1.58593484912575E+02,  2.30954663504494E+02
 2.01075000000000E+03,  9.97954140623818E-02,  2.96750000000000E-01,  1.16999130158064E+00,  2.82430000000008E+02,  1.66654015697989E+02,  2.78766384310042E+02
 2.01083333300000E+03,  2.21056643937544E-02,  2.34000000000000E-01,  1.16393383508064E+00,  2.82610000000008E+02,  2.66182899675155E+02,  4.89159608296189E+02
 2.01091666700000E+03, -4.25773217790504E-02, -2.15000000000000E-02,  1.15654737891326E+00,  2.82790000000008E+02,  4.35045630434782E+02,  8.60207885732429E+02
 2.01100000000000E+03, -7.30894786238653E-02, -2.76250000000000E-01,  1.14786966704040E+00,  2.82970000000008E+02,  4.97220663714727E+02,  1.06419722896698E+03
 2.01108333300000E+03, -7.66819745445702E-02, -3.90750000000000E-01,  1.13795148079401E+00,  2.83150000000008E+02,  5.13570318064450E+02,  1.07573569960491E+03
 2.01116666700000E+03, -6.57023562335425E-02, -4.27750000000000E-01,  1.12685581502270E+00,  2.83330000000008E+02,  5.57163442035785E+02,  1.07648021718903E+03
 2.01125000000000E+03, -5.63460490921101E-02, -3.52250000000000E-01,  7.53776701443746E-01,  2.83510000000008E+02,  4.70652677286416E+02,  8.84846908592972E+02
 2.01133333300000E+03, -4.35681124960003E-02, -1.80000000000000E-01,  7.50968635375787E-01,  2.83690000000008E+02,  2.98017960463438E+02,  4.83315704022491E+02
 2.01141666700000E+03, -2.38796711604977E-02, -1.31500000000000E-01,  7.49255680920099E-01,  2.83870000000008E+02,  2.06087463721358E+02,  2.28793268947550E+02
 2.01150000000000E+03,  6.46153654053273E-03, -1.95000000000000E-01,  7.48605251931604E-01,  2.84050000000008E+02,  1.54351704123238E+02,  1.59422233266243E+02
 2.01158333300000E+03,  2.64363557952119E-02, -2.03000000000000E-01,  7.48976587382625E-01,  2.84230000000008E+02,  1.33055645539648E+02,  1.11598265662137E+02
 2.01166666700000E+03,  1.58874548517557E-02, -1.75500000000000E-01,  7.50321280358945E-01,  2.84410000000008E+02,  1.63436857220357E+02,  1.03443798163811E+02
 2.01175000000000E+03, -2.77218738261516E-02, -1.56000000000000E-01,  7.52189516751576E-01,  2.84590000000008E+02,  1.64474501108291E+02,  1.16678853965943E+02
 2.01183333300000E+03, -8.11839567888464E-02, -6.25000000000000E-02,  7.55184230424808E-01,  2.84770000000008E+02,  1.42053080615840E+02,  1.08777932484042E+02
 2.01191666700000E+03, -1.12818755258644E-01,  2.15000000000000E-02,  7.58977661285904E-01,  2.84950000000008E+02,  1.57250150398741E+02,  1.45663707405427E+02
 2.01200000000000E+03, -1.13330232505819E-01, -4.27500000000000E-02,  7.63497712003643E-01,  2.85130000000008E+02,  1.99416866775328E+02,  2.40426371404371E+02
 2.01208333300000E+03, -8.05042840990921E-02, -1.50000000000000E-01,  7.68667781018298E-01,  2.85310000000008E+02,  2.21510413982496E+02,  3.00855727063945E+02
 2.01216666700000E+03, -3.56639907317447E-02, -1.39500000000000E-01,  7.74407483403613E-01,  2.85490000000008E+02,  2.09941439159298E+02,  3.18464851785909E+02
 2.01225000000000E+03,  6.68214936711473E-03,  6.50000000000000E-02,  8.58670979657889E-01,  2.85670000000008E+02,  2.38881976772058E+02,  4.09595223106379E+02
 2.01233333300000E+03,  2.51929064692165E-02,  1.97250000000000E-01,  8.44247642831173E-01,  2.85850000000008E+02,  2.80485513447465E+02,  5.11677574000836E+02
 2.01241666700000E+03,  2.82003920204424E-02, -1.47500000000000E-02,  8.30645838022326E-01,  2.86030000000008E+02,  2.22232202064521E+02,  4.54049754039619E+02
 2.01250000000000E+03,  2.69803224160214E-02, -2.85250000000000E-01,  8.17938805831618E-01,  2.86210000000008E+02,  1.74350057850577E+02,  3.63293412818909E+02
 2.01258333300000E+03,  2.48476033097522E-02, -2.80250000000000E-01,  8.06190718170626E-01,  2.86390000000008E+02,  2.06503539218533E+02,  3.37981523588379E+02
 2.01266666700000E+03,  7.69003797568482E-03, -7.85000000000000E-02,  7.95456306268979E-01,  2.86570000000008E+02,  1.82365364709454E+02,  2.29753226560980E+02
 2.01275000000000E+03, -2.80189209402789E-02,  9.12500000000000E-02,  7.85249017327751E-01,  2.86750000000008E+02,  1.41979230889509E+02,  1.17912042544659E+02
 2.01283333300000E+03, -6.48541493943071E-02,  1.10750000000000E-01,  7.76731864623183E-01,  2.86930000000008E+02,  1.48938203103554E+02,  1.24887637705954E+02
 2.01291666700000E+03, -7.57251801135243E-02,  8.12500000000000E-02,  7.69334826906586E-01,  2.87110000000008E+02,  1.17409749796115E+02,  1.30418233069012E+02
 2.01300000000000E+03, -5.83273592962131E-02,  1.06250000000000E-01,  7.63072495196735E-01,  2.87290000000008E+02,  1.05930676260190E+02,  1.37492038101390E+02
 2.01308333300000E+03, -2.24440958067374E-02,  9.80000000000000E-02,  7.57949593190170E-01,  2.87470000000008E+02,  1.52380050629010E+02,  1.71688974532952E+02
 2.01316666700000E+03,  8.41421575624441E-03,  1.02750000000000E-01,  7.53961162214369E-01,  2.87650000000008E+02,  1.49636247297994E+02,  1.38304339466920E+02
 2.01325000000000E+03,  2.72472914658127E-02,  1.92750000000000E-01,  8.52279098364975E-01,  2.87830000000008E+02,  1.17733109756285E+02,  8.93524312645504E+01
 2.01333333300000E+03,  3.07694141865310E-02,  2.68500000000000E-01,  8.38204796119512E-01,  2.88010000000008E+02,  1.20969709685076E+02,  8.51315886811334E+01
 2.01341666700000E+03,  3.04681102731055E-02,  2.34500000000000E-01,  8.24985083456645E-01,  2.88190000000008E+02,  1.76960538556572E+02,  1.15502753629974E+02
 2.01350000000000E+03,  3.34299866868935E-02,  1.35750000000000E-01,  8.12689294406903E-01,  2.88370000000008E+02,  2.96614423954890E+02,  1.89503866589552E+02
 2.01358333300000E+03,  3.55357992758029E-02,  1.07250000000000E-01,  8.01377519971299E-01,  2.88550000000008E+02,  3.87417028470390E+02,  2.27605530533749E+02
 2.01366666700000E+03,  2.08068750102028E-02,  1.42000000000000E-01,  7.91100278564704E-01,  2.88730000000008E+02,  4.02540970546056E+02,  2.35404078577059E+02
 2.01375000000000E+03, -1.31477629576073E-02,  1.38250000000000E-01,  7.80696997121257E-01,  2.88910000000008E+02,  4.02460568609137E+02,  2.70945807126800E+02
 2.01383333300000E+03, -4.98278679574620E-02,  4.85000000000000E-02,  7.72757837863398E-01,  2.89090000000008E+02,  3.65726002742923E+02,  2.37796416463228E+02
 2.01391666700000E+03, -6.16529209219479E-02, -1.52500000000000E-02,  7.65947594478606E-01,  2.89270000000008E+02,  2.77445086657096E+02,  2.02163539415377E+02
 2.01400000000000E+03, -4.85415878178986E-02,  2.30000000000000E-02,  7.60275726871118E-01,  2.89450000000008E+02,  2.11511481853500E+02,  3.15221081949495E+02
 2.01408333300000E+03, -1.92457744094872E-02,  5.42500000000000E-02,  7.55741913242496E-01,  2.89630000000008E+02,  2.45422795425983E+02,  4.79615348076584E+02
 2.01416666700000E+03,  3.58645407685189E-03,  7.72500000000000E-02,  7.52336276838969E-01,  2.89810000000008E+02,  3.65089887995793E+02,  5.89399679481131E+02
 2.01425000000000E+03,  2.51159950451029E-02,  1.66000000000000E-01,  8.28429403413552E-01,  2.89990000000008E+02,  3.98740016614754E+02,  6.01636545346873E+02
 2.01433333300000E+03,  5.29145027613218E-02,  2.50750000000000E-01,  8.35481322310711E-01,  2.90170000000008E+02,  3.25025680987098E+02,  5.52723402972837E+02
 2.01441666700000E+03,  1.05096163335285E-01,  2.94000000000000E-01,  8.42271545526779E-01,  2.90350000000008E+02,  3.23533994227946E+02,  5.66346747595088E+02
 2.01450000000000E+03,  1.71095180184058E-01,  3.42250000000000E-01,  8.48723119888564E-01,  2.90530000000008E+02,  3.10709722147359E+02,  5.18045826694727E+02
 2.01458333300000E+03,  2.30825038009832E-01,  3.05000000000000E-01,  8.54762960070300E-01,  2.90710000000009E+02,  1.96819890100452E+02,  3.98932504921280E+02
 2.01466666700000E+03,  2.55865953190646E-01,  1.67500000000000E-01,  8.60322300780675E-01,  2.90890000000009E+02,  1.89470297325223E+02,  5.05809042571972E+02
 2.01475000000000E+03,  2.51541490598275E-01,  1.27750000000000E-01,  8.64012766027367E-01,  2.91070000000009E+02,  2.79479297412174E+02,  6.81500557118824E+02
 2.01483333300000E+03,  2.33859262179551E-01,  2.00000000000000E-01,  8.68595991046416E-01,  2.91250000000009E+02,  3.33671913718843E+02,  6.72582267043664E+02
 2.01491666700000E+03,  2.33864830622586E-01,  1.82250000000000E-01,  8.72536373469495E-01,  2.91430000000009E+02,  4.44315736362763E+02,  6.94319406779942E+02
 2.01500000000000E+03,  2.51558196493991E-01,  1.37750000000000E-01,  8.75784430700222E-01,  2.91610000000009E+02,  5.53711787825682E+02,  7.26607085820255E+02
 2.01508333300000E+03,  2.73868996803661E-01,  1.92000000000000E-01,  8.78296496503649E-01,  2.91790000000009E+02,  5.29134494568822E+02,  6.04001393475445E+02
 2.01516666700000E+03,  2.80141316884315E-01,  2.27000000000000E-01,  8.80034897814456E-01,  2.91970000000009E+02,  4.48403172409130E+02,  4.53391015485157E+02
 2.01525000000000E+03,  2.71852657060070E-01,  2.27250000000000E-01,  8.72933908100639E-01,  2.92150000000009E+02,  3.48925018748745E+02,  2.97321906570928E+02
 2.01533333300000E+03,  2.71970796704044E-01,  2.35500000000000E-01,  8.76101909584513E-01,  2.92330000000009E+02,  2.80894573263734E+02,  2.39337936163344E+02
 2.01541666700000E+03,  2.95584365280959E-01,  2.44500000000000E-01,  8.78529416844493E-01,  2.92510000000009E+02,  3.14075984420316E+02,  4.50195075673005E+02
 2.01550000000000E+03,  3.39738362004267E-01,  2.17500000000000E-01,  8.80179434276124E-01,  2.92690000000009E+02,  3.31149472853107E+02,  6.67719812608616E+02
 2.01558333300000E+03,  3.75352687145283E-01,  1.83000000000000E-01,  8.81021098847730E-01,  2.92870000000009E+02,  3.61189642598338E+02,  7.59198683931032E+02
 2.01566666700000E+03,  3.76377219327209E-01,  2.03000000000000E-01,  8.81029755000613E-01,  2.93050000000009E+02,  5.08820444290521E+02,  8.68065945192972E+02
 2.01575000000000E+03,  3.40226193316354E-01,  2.13500000000000E-01,  8.80091167203832E-01,  2.93230000000009E+02,  5.49793484615450E+02,  8.16672149081305E+02
 2.01583333300000E+03,  2.88619954702027E-01,  3.11250000000000E-01,  8.78321034359503E-01,  2.93410000000009E+02,  4.17345748963336E+02,  5.46838742339177E+02
 2.01591666700000E+03,  2.51309641194960E-01,  4.92000000000000E-01,  8.75681025935415E-01,  2.93590000000009E+02,  3.48178949438561E+02,  3.14696321116701E+02
 2.01600000000000E+03,  2.38051444309922E-01,  5.78250000000000E-01,  8.72171595335323E-01,  2.93770000000009E+02,  3.03660297905627E+02,  1.74063247942223E+02
 2.01608333300000E+03,  2.58337562071443E-01,  6.60250000000000E-01,  8.67799099433861E-01,  2.93950000000009E+02,  1.89777335175995E+02,  1.47656839140709E+02
 2.01616666700000E+03,  2.99139576933562E-01,  7.37000000000000E-01,  8.62575617956914E-01,  2.94130000000009E+02,  1.65352083510447E+02,  2.72286613309314E+02
 2.01625000000000E+03,  3.55323029043998E-01,  6.78500000000000E-01,  9.71972449620853E-01,  2.94310000000009E+02,  2.54944119846919E+02,  3.82395247367188E+02
 2.01633333300000E+03,  3.99299627927733E-01,  6.12000000000000E-01,  9.54497843447194E-01,  2.94490000000009E+02,  3.46222109430351E+02,  4.26945329467881E+02
 2.01641666700000E+03,  4.32081404138932E-01,  6.16750000000000E-01,  9.37148977070193E-01,  2.94670000000009E+02,  4.33722793815585E+02,  4.66301380843357E+02
 2.01650000000000E+03,  4.46244091771372E-01,  6.28000000000000E-01,  9.20043685266472E-01,  2.94850000000009E+02,  4.88633276509672E+02,  4.38826247510243E+02
 2.01658333300000E+03,  4.31577619229292E-01,  6.02500000000000E-01,  9.03295763579644E-01,  2.95030000000009E+02,  4.46061894912580E+02,  3.48418247004917E+02
 2.01666666700000E+03,  3.70662708609032E-01,  5.11750000000000E-01,  8.87013984638611E-01,  2.95210000000009E+02,  3.45435187586915E+02,  2.76221509369901E+02
 2.01675000000000E+03,  2.63318232570982E-01,  4.25000000000000E-01,  8.68969614766030E-01,  2.95390000000009E+02,  2.85339190384973E+02,  2.60934228525279E+02
 2.01683333300000E+03,  1.45939208155502E-01,  4.23000000000000E-01,  8.54030900836557E-01,  2.95570000000009E+02,  2.81211246983095E+02,  3.13127860617793E+02
 2.01691666700000E+03,  5.32503778524022E-02,  3.89750000000000E-01,  8.39858627595148E-01,  2.95750000000009E+02,  2.45506731511067E+02,  3.49323361118889E+02
 2.01700000000000E+03,  4.02326741749282E-03,  2.10250000000000E-01,  8.26531975305279E-01,  2.95930000000009E+02,  1.87986581881200E+02,  3.11350772468589E+02
 2.01708333300000E+03, -1.96821681589907E-02, -3.57500000000000E-02,  8.14121366002037E-01,  2.96110000000009E+02,  2.15244562525395E+02,  2.74953027724122E+02
 2.01716666700000E+03, -3.73710850889236E-02, -2.37250000000000E-01,  8.02688025014828E-01,  2.96290000000009E+02,  2.56069982256258E+02,  2.45119423415231E+02
 2.01725000000000E+03, -6.07680819477676E-02, -2.78500000000000E-01,  7.75616646792224E-01,  2.96470000000009E+02,  2.05210066135300E+02,  1.77232509253784E+02
 2.01733333300000E+03, -7.34803773901247E-02, -2.03500000000000E-01,  7.81929565885208E-01,  2.96650000000009E+02,  1.68230111888654E+02,  1.44036831716832E+02
 2.01741666700000E+03, -6.10580106416139E-02, -1.43000000000000E-01,  7.88625556262068E-01,  2.96830000000009E+02,  1.86243321854380E+02,  2.02545897352879E+02
 2.01750000000000E+03, -2.35009817783221E-02, -5.20000000000000E-02,  7.95617042360236E-01,  2.97010000000009E+02,  1.65898893556444E+02,  3.31066244167728E+02
 2.01758333300000E+03,  1.61328640010342E-02,  7.57500000000000E-02,  8.02815725424320E-01,  2.97190000000009E+02,  1.82122332910225E+02,  5.50924193353898E+02
 2.01766666700000E+03,  3.12373908381195E-02,  1.71500000000000E-01,  8.10133287685774E-01,  2.97370000000009E+02,  3.57546591323325E+02,  8.66611528783971E+02
 2.01775000000000E+03,  2.18125984439495E-02,  1.28750000000000E-01,  8.16513292101543E-01,  2.97550000000009E+02,  5.97017319812758E+02,  1.15116694540753E+03
 2.01783333300000E+03,  6.43257996670001E-03, -7.45000000000000E-02,  8.23819132576339E-01,  2.97730000000009E+02,  7.44498860283888E+02,  1.25370194700374E+03
 2.01791666700000E+03,  1.54774271113500E-02, -1.91500000000000E-01,  8.30996494765821E-01,  2.97910000000009E+02,  7.72346355263374E+02,  1.15667802878249E+03
 2.01800000000000E+03,  4.89471402972750E-02, -1.54250000000000E-01,  8.37963176790744E-01,  2.98090000000009E+02,  6.91272521324194E+02,  9.33574075540025E+02
 2.01808333300000E+03,  6.77814372685117E-02, -6.10000000000000E-02,  8.44640009256738E-01,  2.98270000000009E+02,  4.84407395733191E+02,  6.43405403448006E+02
 2.01816666700000E+03,  4.65699345153655E-02,  7.77500000000000E-02,  8.50951378252854E-01,  2.98450000000009E+02,  2.29760187340132E+02,  3.64456528149355E+02
 2.01825000000000E+03, -1.39984189332533E-02,  1.24250000000000E-01,  4.86699098877941E-01,  2.98630000000009E+02,  7.40551094344151E+01,  2.01081494657341E+02
 2.01833333300000E+03, -5.00383765543457E-02,  1.65000000000000E-02,  4.91745659027406E-01,  2.98810000000009E+02,  2.96124248509670E+01,  1.66811843488360E+02
 2.01841666700000E+03, -4.12658457044938E-02, -1.05500000000000E-01,  4.96901158829024E-01,  2.98990000000009E+02,  3.80594958333246E+01,  1.85808383369073E+02
 2.01850000000000E+03,  1.13535508840662E-02, -1.45500000000000E-01,  5.02126914362435E-01,  2.99170000000009E+02,  9.88951333392329E+01,  2.20531769305628E+02
 2.01858333300000E+03,  6.43880963185954E-02, -1.61250000000000E-01,  5.07384604384485E-01,  2.99350000000009E+02,  1.65315356564945E+02,  2.88817536041923E+02
 2.01866666700000E+03,  9.14021369514555E-02, -2.24000000000000E-01,  5.12636435286697E-01,  2.99530000000009E+02,  1.92447745095912E+02,  3.83552131832505E+02
 2.01875000000000E+03,  9.22600717621618E-02, -2.27250000000000E-01,  5.16252822987145E-01,  2.99710000000009E+02,  2.22510600062555E+02,  4.45375098901410E+02
 2.01883333300000E+03,  8.35468136466119E-02, -1.02500000000000E-01,  5.21410577413390E-01,  2.99890000000009E+02,  2.53968476686256E+02,  4.40728240571018E+02
 2.01891666700000E+03,  9.54889346872417E-02,  2.25000000000000E-02,  5.26464519790361E-01,  3.00070000000009E+02,  2.66686613162559E+02,  4.18946273611145E+02
 2.01900000000000E+03,  1.28498709571160E-01,  2.70000000000000E-02,  5.31380109453808E-01,  3.00250000000009E+02,  2.86962859792873E+02,  4.06487138494622E+02
 2.01908333300000E+03,  1.43072354642084E-01, -1.22500000000000E-02,  5.36124002701410E-01,  3.00430000000009E+02,  3.21138219444326E+02,  3.96680917090288E+02
 2.01916666700000E+03,  1.15739929599434E-01,  4.75000000000000E-02,  5.40664170607993E-01,  3.00610000000009E+02,  3.85879996041141E+02,  4.67744704766661E+02
 2.01925000000000E+03,  4.65793752122956E-02,  9.97500000000000E-02,  4.83116835642447E-01,  3.00790000000009E+02,  4.46233568081891E+02,  6.04401293709985E+02
 2.01933333300000E+03,  3.48289079273802E-03,  3.52500000000000E-02,  4.88059668036529E-01,  3.00970000000009E+02,  4.26841752456318E+02,  6.32444270582086E+02
 2.01941666700000E+03,  4.92414466645724E-03, -7.95000000000000E-02,  4.93139725122368E-01,  3.01150000000009E+02,  4.07706116066759E+02,  5.76164437068765E+02
 2.01950000000000E+03,  5.07472565979554E-02, -1.70500000000000E-01,  4.98318166604762E-01,  3.01330000000009E+02,  4.23246117547347E+02,  5.62154134217869E+02
 2.01958333300000E+03,  9.64278235832778E-02, -2.93250000000000E-01,  5.03556390543792E-01,  3.01510000000009E+02,  3.53836293259420E+02,  5.02565472948924E+02
 2.01966666700000E+03,  1.16706294536786E-01, -4.04250000000000E-01,  5.08816203265558E-01,  3.01690000000009E+02,  2.52776365754645E+02,  3.72151370389851E+02
 2.01975000000000E+03,  1.11660608418343E-01, -3.01000000000000E-01,  5.16207663312484E-01,  3.01870000000009E+02,  2.01529189027116E+02,  2.83798211276265E+02
 2.01983333300000E+03,  9.58471933758252E-02, -5.12500000000000E-02,  5.21366165040751E-01,  3.02050000000009E+02,  1.51060639094084E+02,  2.33859547753487E+02
 2.01991666700000E+03,  1.00008807976966E-01,  2.50250000000000E-01,  5.26421159674317E-01,  3.02230000000009E+02,  1.97418881302113E+02,  2.39776424736781E+02
 2.02000000000000E+03,  1.31463189752240E-01,  4.89750000000000E-01,  5.31338096693325E-01,  3.02410000000009E+02,  3.66380746968610E+02,  3.46724301813522E+02
 2.02008333300000E+03,  1.82282209033718E-01,  5.13500000000000E-01,  5.36083621476021E-01,  3.02590000000009E+02,  4.77108533320861E+02,  4.81147076953440E+02
 2.02016666700000E+03,  2.29256660117824E-01,  4.76500000000000E-01,  5.40625693194186E-01,  3.02770000000009E+02,  5.23444069367087E+02,  5.92745013909767E+02
 2.02025000000000E+03,  2.57751068780404E-01,  4.37500000000000E-01,  8.77994891347759E-01,  3.02950000000009E+02,  5.49063474929657E+02,  6.46864100998542E+02
 2.02033333300000E+03,  2.72102472054044E-01,  2.77500000000000E-01,  8.75229648957428E-01,  3.03130000000009E+02,  5.09900208003922E+02,  6.29256483513240E+02
 2.02041666700000E+03,  2.81781902146762E-01,  1.46750000000000E-01,  8.71595539149625E-01,  3.03310000000009E+02,  4.90511959527005E+02,  6.09296641386428E+02
 2.02050000000000E+03,  2.94107095980208E-01,  1.80500000000000E-01,  8.67099753978165E-01,  3.03490000000009E+02,  5.08657471809118E+02,  5.49046265392944E+02
 2.02058333300000E+03,  2.92090872411338E-01,  2.47250000000000E-01,  8.61755179498871E-01,  3.03670000000009E+02,  4.87446912696102E+02,  4.37430583668275E+02
 2.02066666700000E+03,  2.59967448395132E-01,  2.10250000000000E-01,  8.55580176376726E-01,  3.03850000000009E+02,  4.51596189895925E+02,  3.71583531151011E+02
 2.02075000000000E+03,  1.89371227427146E-01,  1.32500000000000E-01,  8.46913502417171E-01,  3.04030000000009E+02,  3.62359322934548E+02,  2.79646325136322E+02
 2.02083333300000E+03,  1.07864965113939E-01,  9.80000000000000E-02,  8.38982080902654E-01,  3.04210000000009E+02,  2.71255364542293E+02,  2.37201740007076E+02
 2.02091666700000E+03,  4.47437103996108E-02,  3.95000000000000E-02,  8.30313616617757E-01,  3.04390000000009E+02,  3.68523017203203E+02,  4.77789806156534E+02
 2.02100000000000E+03,  1.67386565440252E-02, -5.90000000000000E-02,  8.20946525953081E-01,  3.04570000000009E+02,  5.29347148154378E+02,  7.73919215698315E+02
 2.02108333300000E+03,  1.06958617383430E-02, -1.21250000000000E-01,  8.10923116404568E-01,  3.04750000000009E+02,  5.69490185757548E+02,  8.65489659327902E+02
 2.02116666700000E+03,  6.14890935498826E-03, -1.35000000000000E-01,  8.00289222231522E-01,  3.04930000000009E+02,  5.68207560500900E+02,  8.87496018445301E+02
 2.02125000000000E+03, -5.26779744529483E-03, -8.42500000000000E-02,  8.00582144394755E-01,  3.05110000000009E+02,  5.07480343645250E+02,  8.37838164395920E+02
 2.02133333300000E+03, -1.28583294657585E-02,  2.05000000000000E-02,  7.89401153723642E-01,  3.05290000000009E+02,  3.78452059929365E+02,  6.60878381785364E+02
 2.02141666700000E+03,  4.38689855665376E-03,  1.33000000000000E-01,  7.77708989278007E-01,  3.05470000000009E+02,  3.25647266529063E+02,  4.98308698600962E+02
 2.02150000000000E+03,  4.85960907744801E-02,  2.25500000000000E-01,  7.65559711587189E-01,  3.05650000000009E+02,  3.40641457782715E+02,  4.29413000491256E+02
 2.02158333300000E+03,  1.01537057586252E-01,  2.10500000000000E-01,  7.53009366350290E-01,  3.05830000000009E+02,  3.74445076417526E+02,  4.61477311884755E+02
 2.02166666700000E+03,  1.37514880759272E-01,  1.30750000000000E-01,  7.40115586992704E-01,  3.06010000000009E+02,  3.95410434958155E+02,  4.51056114863984E+02
 2.02175000000000E+03,  1.53931697555737E-01,  5.92500000000000E-02,  7.31839478399646E-01,  3.06190000000009E+02,  3.31728247453269E+02,  3.06803269584800E+02
 2.02183333300000E+03,  1.70482110373924E-01,  8.47500000000000E-02,  7.18512315387467E-01,  3.06370000000009E+02,  3.36257585431615E+02,  3.50296188734720E+02
 2.02191666700000E+03,  2.08773102789301E-01,  2.36000000000000E-01,  7.04997984559682E-01,  3.06550000000009E+02,  2.03729902230099E+02,  9.73825528068056E+01
 2.02200000000000E+03,  2.69274333605414E-01,  3.53000000000000E-01,  6.91356594012344E-01,  3.06730000000009E+02,  7.28838452103356E+02,  9.15300904429678E+02
