 1.89200003330000E+03, -3.40484209761546E+01, -1.12297000000000E+02,  1.16914594520769E+00,  1.00000000000000E-02,  1.25632847305667E+06,  5.10804790420244E+05
 1.89208333330000E+03, -3.46706835255251E+01, -9.44467000000000E+01,  1.16983543433535E+00,  1.90000000000000E-01,  1.38355483196722E+07,  2.23971950892316E+07
 1.89216663330000E+03, -3.56263440424546E+01, -6.59618000000000E+01,  1.17037876274773E+00,  3.70000000000000E-01,  2.91349333168738E+07,  4.03848690670314E+07
 1.89225003330000E+03, -3.74687023467605E+01, -6.70317000000000E+01,  1.17077535837454E+00,  5.50000000000000E-01,  7.01377008887906E+07,  7.22930434372261E+07
 1.89233333330000E+03, -4.07488917026232E+01, -6.95976000000000E+01,  8.57456670113746E-01,  7.30000000000000E-01,  9.94138881180067E+07,  9.11279282751054E+07
 1.89241663330000E+03, -4.52336172478875E+01, -6.82847000000000E+01,  8.62227869177699E-01,  9.10000000000000E-01,  1.11187378429090E+08,  9.98708490299024E+07
 1.89250003330000E+03, -5.02455214747301E+01, -7.78335000000000E+01,  8.67043188510660E-01,  1.09000000000000E+00,  1.12189740651241E+08,  1.02729036023358E+08
 1.89258333330000E+03, -5.50968179869210E+01, -9.55884000000000E+01,  8.71900856405425E-01,  1.27000000000000E+00,  8.96912942588133E+07,  8.52251549998753E+07
 1.89266663330000E+03, -5.99856671102170E+01, -8.71895000000000E+01,  8.76799046756850E-01,  1.45000000000000E+00,  5.11942433505240E+07,  5.92227431309592E+07
 1.89275003330000E+03, -6.45604865640205E+01, -6.34053000000000E+01,  8.81735879250496E-01,  1.63000000000000E+00,  2.59593528842664E+07,  4.56725384024499E+07
 1.89283333330000E+03, -6.85502320645208E+01, -6.80836000000000E+01,  8.99553841830971E-01,  1.81000000000000E+00,  1.69616301427494E+07,  3.63118837890291E+07
 1.89291663330000E+03, -7.06652758172755E+01, -6.58388000000000E+01,  9.04641328130614E-01,  1.99000000000000E+00,  2.08836018140310E+07,  3.68754929002573E+07
 1.89300003330000E+03, -7.11781660481013E+01, -6.66703000000000E+01,  9.09756045238497E-01,  2.17000000000000E+00,  4.65008859991426E+07,  6.69985063957083E+07
 1.89308333330000E+03, -7.02513069513325E+01, -6.67334000000000E+01,  9.14895766162539E-01,  2.35000000000000E+00,  6.64597131018768E+07,  9.30966073687513E+07
 1.89316663330000E+03, -5.45374727022466E+01, -5.06428000000000E+01,  9.20058212915531E-01,  2.53000000000000E+00,  8.78210100272149E+07,  1.21953299053619E+08
 1.89325003330000E+03, -2.44215657242328E+01, -4.22438000000000E+01,  9.25241057196950E-01,  2.71000000000000E+00,  2.27331813756134E+08,  2.85146507100417E+08
 1.89333333330000E+03,  1.95534570489854E+01, -1.69226000000000E+01,  3.98341345611280E-01,  2.89000000000000E+00,  4.88554223982283E+08,  5.81281554575484E+08
 1.89341663330000E+03,  4.86197313018432E+01,  1.37832000000000E+01,  3.98316705503925E-01,  3.07000000000000E+00,  6.71810526005452E+08,  7.84064215258545E+08
 1.89350003330000E+03,  6.29283131668269E+01,  2.37204000000000E+01,  3.98292003633434E-01,  3.25000000000000E+00,  7.04876152386602E+08,  8.18821222552693E+08
 1.89358333330000E+03,  6.27692457916187E+01,  7.21182000000000E+01,  3.98267239922792E-01,  3.43000000000000E+00,  6.79821098869985E+08,  7.90298001347962E+08
 1.89366663330000E+03,  6.28322216826852E+01,  1.02824000000000E+02,  3.98242414295564E-01,  3.61000000000000E+00,  5.59167827695860E+08,  6.49259299870026E+08
 1.89375003330000E+03,  6.38242770214955E+01,  7.50683000000000E+01,  3.98217526675898E-01,  3.79000000000000E+00,  3.07509884873608E+08,  3.57271325804018E+08
 1.89383333330000E+03,  6.57510038860481E+01,  6.19274000000000E+01,  4.00048937793568E-01,  3.97000000000000E+00,  9.92559704893826E+07,  1.19610277129996E+08
 1.89391663330000E+03,  6.81558275926247E+01,  6.72480000000000E+01,  4.00028756842457E-01,  4.15000000000000E+00,  4.66668763107126E+07,  6.17672852196993E+07
 1.89400003330000E+03,  6.97215815309578E+01,  7.10308000000000E+01,  4.00008521236443E-01,  4.33000000000000E+00,  4.70724145712153E+07,  6.41042855527202E+07
 1.89408333330000E+03,  7.04044702482518E+01,  8.71204000000000E+01,  3.99988230872160E-01,  4.51000000000000E+00,  2.41332326438170E+07,  4.72817430895301E+07
 1.89416663330000E+03,  5.89431723998575E+01,  8.09022000000000E+01,  3.99967885646404E-01,  4.69000000000000E+00,  8.60324664353417E+06,  4.82806056507043E+07
 1.89425003330000E+03,  3.59739301773677E+01,  4.69925000000000E+01,  3.99947485456139E-01,  4.87000000000000E+00,  9.62062355896296E+06,  6.35405599493997E+07
 1.89433333330000E+03,  1.53043046679202E+00,  3.38510000000000E+01,  8.56713878137508E-01,  5.05000000000000E+00,  7.44273980249566E+06,  5.98794291646084E+07
 1.89441663330000E+03, -2.14450818678588E+01,  2.91710000000000E+01,  8.57309757826061E-01,  5.23000000000000E+00,  7.04215739853652E+06,  5.16090958196560E+07
 1.89450003330000E+03, -3.29479640420251E+01, -3.20050000000000E+00,  8.57894241315946E-01,  5.41000000000000E+00,  1.45873895384677E+07,  6.09972694233999E+07
 1.89458333330000E+03, -3.29624367347993E+01, -4.01884000000000E+01,  8.58467191393501E-01,  5.59000000000000E+00,  1.55609754482601E+07,  6.72850588367602E+07
 1.89466663330000E+03, -3.22369710599011E+01, -8.40994000000000E+01,  8.59028470751960E-01,  5.77000000000000E+00,  2.18202094801042E+07,  6.40515052180079E+07
 1.89475003330000E+03, -3.07715669757708E+01, -9.87790000000000E+01,  8.59577942019335E-01,  5.95000000000000E+00,  7.89709849272189E+07,  1.05688600775348E+08
 1.89483333330000E+03, -2.87113668787021E+01, -9.42287000000000E+01,  8.53801339334533E-01,  6.13000000000000E+00,  1.72300488997649E+08,  1.97813838909707E+08
 1.89491663330000E+03, -2.75970678571257E+01, -9.19861000000000E+01,  8.54448347231589E-01,  6.31000000000000E+00,  2.32477788493554E+08,  2.59390843076490E+08
 1.89500003330000E+03, -2.75714408703871E+01, -7.20506000000000E+01,  8.55084594134792E-01,  6.49000000000000E+00,  2.51421919062768E+08,  2.69317719118844E+08
 1.89508333330000E+03, -2.84151181653069E+01, -6.67313000000000E+01,  8.55709943609653E-01,  6.67000000000000E+00,  2.45802579745416E+08,  2.62545784903733E+08
 1.89516663330000E+03, -2.32481778340907E+01, -6.29506000000000E+01,  8.56324259007466E-01,  6.85000000000000E+00,  1.87693220956872E+08,  2.15878976553498E+08
 1.89525003330000E+03, -1.17850776849354E+01, -4.91691000000000E+01,  8.56927403490239E-01,  7.03000000000000E+00,  9.15157234898737E+07,  1.21740447658669E+08
 1.89533333330000E+03,  5.38567745233435E+00, -2.15425000000000E+01,  1.10491763485231E+00,  7.21000000000000E+00,  2.53696827261547E+07,  4.30045895518048E+07
 1.89541663330000E+03,  1.57656886176965E+01, -2.31467000000000E+01,  1.10881635177747E+00,  7.39000000000000E+00,  7.49530710814352E+06,  1.15053563311214E+07
 1.89550003330000E+03,  1.86966658350806E+01, -3.55193000000000E+01,  1.11262185039273E+00,  7.57000000000000E+00,  8.60265366962769E+06,  7.33319150489359E+06
 1.89558333330000E+03,  1.46125198972527E+01, -1.32775000000000E+01,  1.11633117942873E+00,  7.75000000000000E+00,  1.21261430405066E+07,  1.55421724207879E+07
 1.89566663330000E+03,  1.03848961620138E+01,  1.66565000000000E+01,  1.11994142844877E+00,  7.93000000000000E+00,  1.59146220787532E+07,  2.76327400794052E+07
 1.89575003330000E+03,  6.57649666307517E+00,  2.04374000000000E+01,  1.12344973164737E+00,  8.11000000000000E+00,  1.71303852819337E+07,  3.43043240838340E+07
 1.89583333330000E+03,  3.33415872930615E+00,  1.72943000000000E+01,  1.12399733284248E+00,  8.29000000000000E+00,  1.46928377517283E+07,  3.57196977678378E+07
 1.89591663330000E+03, -1.45176345349232E-01,  3.18434000000000E+01,  1.12738397916708E+00,  8.47000000000000E+00,  1.22879648339763E+07,  3.62426706726398E+07
 1.89600003330000E+03, -3.44035649262285E+00,  5.17778000000000E+01,  1.13066266340035E+00,  8.65000000000000E+00,  1.06492437659249E+07,  3.38758674774804E+07
 1.89608333330000E+03, -5.20460522173119E+00,  4.40191000000000E+01,  1.13383068629082E+00,  8.82999999999999E+00,  7.23553894099737E+06,  2.49647643511029E+07
 1.89616663330000E+03, -4.60996402024148E+00,  3.70294000000000E+01,  1.13688540958902E+00,  9.00999999999999E+00,  4.50669185824546E+06,  1.53544746206386E+07
 1.89625003330000E+03, -2.83423782547518E+00,  3.00406000000000E+01,  1.13982426010472E+00,  9.18999999999999E+00,  8.91821127333392E+06,  2.20838412288393E+07
 1.89633333330000E+03, -3.00939996043390E+00,  1.76661000000000E+01,  8.30136177388544E-01,  9.36999999999999E+00,  3.10396061000943E+07,  5.69693560576274E+07
 1.89641663330000E+03, -6.30991599354915E+00, -1.08622000000000E+01,  8.34612018903222E-01,  9.54999999999999E+00,  7.35053252882447E+07,  1.03147192682849E+08
 1.89650003330000E+03, -1.20305747554191E+01, -4.01591000000000E+01,  8.39141372403456E-01,  9.72999999999999E+00,  1.13616209186857E+08,  1.32591331677789E+08
 1.89658333330000E+03, -1.85909817076739E+01, -4.86876000000000E+01,  8.43722790261510E-01,  9.90999999999999E+00,  1.31442794419975E+08,  1.42729745873603E+08
 1.89666663330000E+03, -2.71512690895275E+01, -7.72163000000000E+01,  8.48354770328990E-01,  1.00900000000000E+01,  1.30408645798782E+08,  1.35653628935701E+08
 1.89675003330000E+03, -3.74020355321289E+01, -8.95903000000000E+01,  8.53035755845102E-01,  1.02700000000000E+01,  1.08482235487496E+08,  1.00531818606640E+08
 1.89683333330000E+03, -4.87416148369320E+01, -9.19653000000000E+01,  8.74803524351690E-01,  1.04500000000000E+01,  6.54363705776643E+07,  5.25522096588227E+07
 1.89691663330000E+03, -5.69702080920338E+01, -9.74173000000000E+01,  8.79724881930669E-01,  1.06300000000000E+01,  2.66628367002542E+07,  2.65121077749501E+07
 1.89700003330000E+03, -6.22014870243269E+01, -9.05609000000000E+01,  8.84683740004736E-01,  1.08100000000000E+01,  1.05541995630218E+07,  2.60179919112850E+07
 1.89708333330000E+03, -6.45792327972762E+01, -9.83207000000000E+01,  8.89678132392732E-01,  1.09900000000000E+01,  8.63140822712881E+06,  3.29454731293806E+07
 1.89716663330000E+03, -6.15508366195083E+01, -8.14653000000000E+01,  8.94706039440691E-01,  1.11700000000000E+01,  8.99667368307544E+06,  4.14048876529172E+07
 1.89725003330000E+03, -5.30906560170616E+01, -6.53784000000000E+01,  8.99765388405093E-01,  1.13500000000000E+01,  7.71997754498962E+06,  5.13612850789077E+07
 1.89733333330000E+03, -3.95961376233328E+01, -7.85232000000000E+01,  8.38727185924002E-01,  1.15300000000000E+01,  6.54519407145115E+06,  5.67822223349502E+07
 1.89741663330000E+03, -3.05915447137829E+01, -6.62834000000000E+01,  8.39562069172721E-01,  1.17100000000000E+01,  6.47521199551758E+06,  5.33768915448748E+07
 1.89750003330000E+03, -2.63633287905501E+01, -3.86583000000000E+01,  8.40388854270145E-01,  1.18900000000000E+01,  5.25157829313823E+06,  4.59769502014333E+07
 1.89758333330000E+03, -2.69330379396127E+01,  5.88900000000000E+00,  8.41207413475544E-01,  1.20700000000000E+01,  5.18264440186109E+06,  3.82254703074555E+07
 1.89766663330000E+03, -2.81304012035809E+01,  6.59000000000000E+00,  8.42017618452050E-01,  1.22500000000000E+01,  7.38573366102745E+06,  2.56284995074766E+07
 1.89775003330000E+03, -2.98399038955986E+01,  4.21480000000000E+00,  8.42819340280794E-01,  1.24300000000000E+01,  8.53850056152951E+06,  1.30513492926929E+07
 1.89783333330000E+03, -3.18794283011980E+01,  6.45410000000000E+00,  8.46914065097212E-01,  1.26100000000000E+01,  1.35615915850907E+07,  1.35182815298608E+07
 1.89791663330000E+03, -3.32549629674855E+01,  1.02318000000000E+01,  8.47659437430668E-01,  1.27900000000000E+01,  2.54605859311667E+07,  2.29150821805740E+07
 1.89800003330000E+03, -3.40356947499459E+01,  3.24718000000000E+01,  8.48395370646244E-01,  1.29700000000000E+01,  3.38019502965388E+07,  2.76216292512810E+07
 1.89808333330000E+03, -3.43041900861050E+01,  4.08646000000000E+01,  8.49121731607602E-01,  1.31500000000000E+01,  3.44534421704279E+07,  2.72285432425339E+07
 1.89816663330000E+03, -2.39773329773375E+01,  5.07959000000000E+01,  8.49838386750871E-01,  1.33300000000000E+01,  3.29797554552896E+07,  2.93493846013623E+07
 1.89825003330000E+03, -2.98594214605231E+00,  2.53432000000000E+01,  8.50545202103920E-01,  1.35100000000000E+01,  2.85687251929735E+07,  3.60095384411983E+07
 1.89833333330000E+03,  2.84367567810583E+01,  1.52743000000000E+01,  7.73195691811311E-01,  1.36900000000000E+01,  2.09084266172543E+07,  4.24307864810591E+07
 1.89841663330000E+03,  4.88706349143602E+01,  4.36668000000000E+01,  7.76789177639321E-01,  1.38700000000000E+01,  1.66544250752427E+07,  4.55805346864797E+07
 1.89850003330000E+03,  5.79511782910400E+01,  4.97523000000000E+01,  7.80450972392947E-01,  1.40500000000000E+01,  1.80718447510257E+07,  4.71444838703352E+07
 1.89858333330000E+03,  5.60973436350276E+01,  4.50677000000000E+01,  7.84180369025947E-01,  1.42300000000000E+01,  2.08979953772543E+07,  4.47365116508806E+07
 1.89866663330000E+03,  5.44353945071258E+01,  2.49984000000000E+01,  7.87976611141682E-01,  1.44100000000000E+01,  2.14666240897255E+07,  3.49877669372383E+07
 1.89875003330000E+03,  5.36020161236717E+01,  3.64683000000000E+01,  7.91838892433148E-01,  1.45900000000000E+01,  1.91511261926569E+07,  2.40612331095252E+07
 1.89883333330000E+03,  5.29501523480447E+01,  3.63988000000000E+01,  7.88631827000659E-01,  1.47700000000000E+01,  1.52867156011463E+07,  1.86389822108285E+07
 1.89891663330000E+03,  5.16444559015797E+01,  4.01753000000000E+01,  7.92505306788834E-01,  1.49500000000000E+01,  1.14729886013841E+07,  1.73121678398387E+07
 1.89900003330000E+03,  4.88066093070764E+01,  4.08757000000000E+01,  7.96443817540602E-01,  1.51300000000000E+01,  8.37737118218792E+06,  1.69813814873782E+07
 1.89908333330000E+03,  4.36417183143478E+01,  2.77290000000000E+01,  8.00446442791814E-01,  1.53100000000000E+01,  5.54072719839340E+06,  1.48578066058894E+07
 1.89916663330000E+03,  3.41801385570591E+01,  3.30438000000000E+01,  8.04512214559108E-01,  1.54900000000000E+01,  2.76644461069861E+06,  9.77935880993035E+06
 1.89925003330000E+03,  2.15418196908014E+01,  4.60516000000000E+01,  8.08640112889726E-01,  1.56700000000000E+01,  2.74147108508103E+06,  7.23744094390296E+06
 1.89933333330000E+03,  9.06429123360450E+00,  8.67508000000000E+01,  1.14099964214122E+00,  1.58500000000000E+01,  1.19671524509411E+07,  1.55968910699318E+07
 1.89941663330000E+03,  2.69463443631511E+00,  9.51421000000000E+01,  1.13815419619479E+00,  1.60300000000000E+01,  3.35751534604358E+07,  3.42568848576394E+07
 1.89950003330000E+03,  2.31822018810373E+00,  5.89189000000000E+01,  1.13520296748569E+00,  1.62100000000000E+01,  5.83575943835213E+07,  5.07903845502669E+07
 1.89958333330000E+03,  5.94215511785331E+00,  1.88486000000000E+01,  1.13215007017567E+00,  1.63900000000000E+01,  7.38945168684954E+07,  5.76569474080048E+07
 1.89966663330000E+03,  9.81147287236884E+00, -4.29880000000000E+00,  1.12899981497051E+00,  1.65700000000000E+01,  7.75255786686500E+07,  5.81436873599741E+07
 1.89975003330000E+03,  1.35326688426014E+01, -2.43685000000000E+01,  1.12575670791167E+00,  1.67500000000000E+01,  6.91148006814590E+07,  5.07827760023595E+07
 1.89983333330000E+03,  1.69459860333191E+01, -3.29006000000000E+01,  1.12497454231743E+00,  1.69300000000000E+01,  4.82479444434350E+07,  3.42563412212360E+07
 1.89991663330000E+03,  2.07245981436281E+01, -2.52790000000000E+01,  1.12162308972439E+00,  1.71100000000000E+01,  2.46327002155373E+07,  1.89841622693782E+07
 1.90000003330000E+03,  2.43194773406730E+01, -1.53490000000000E+01,  1.11818956488839E+00,  1.72900000000000E+01,  1.11134121857293E+07,  1.23165160104682E+07
 1.90008333330000E+03,  2.63884690468717E+01, -6.95830000000000E+00,  1.11467909404179E+00,  1.74700000000000E+01,  8.89526554719554E+06,  1.04161725465697E+07
 1.90016663330000E+03,  1.78506441728501E+01, -3.18310000000000E+00,  1.11109699001856E+00,  1.76500000000000E+01,  1.07322660959596E+07,  8.25951616065932E+06
 1.90025003330000E+03, -7.96810955087125E-01, -9.45700000000000E-01,  1.10744874929730E+00,  1.78300000000000E+01,  1.11469085966261E+07,  6.20948799328333E+06
 1.90033333330000E+03, -2.72126203523426E+01, -1.94784000000000E+01,  1.17104636899200E+00,  1.80100000000000E+01,  9.80794767788778E+06,  8.15671519069134E+06
 1.90041663330000E+03, -4.43735990595154E+01, -3.95496000000000E+01,  1.17112922546150E+00,  1.81900000000000E+01,  7.84636660019266E+06,  1.17963440365272E+07
 1.90050003330000E+03, -5.22251287105885E+01, -4.80817000000000E+01,  1.17106452778016E+00,  1.83700000000000E+01,  4.99401604205050E+06,  1.31954078888388E+07
 1.90058333330000E+03, -5.17485102198857E+01, -3.58454000000000E+01,  1.17085233628360E+00,  1.85500000000000E+01,  2.56738155840722E+06,  1.81043750349042E+07
 1.90066663330000E+03, -5.10984450280584E+01, -2.89939000000000E+01,  1.17049287373164E+00,  1.87300000000000E+01,  2.00392139422184E+06,  2.53164086643747E+07
 1.90075003330000E+03, -5.01868439146634E+01, -2.52185000000000E+01,  1.16998652872091E+00,  1.89100000000000E+01,  2.01728990326793E+06,  2.44924353034652E+07
 1.90083333330000E+03, -4.87944491937798E+01, -3.06748000000000E+01,  1.16824979888693E+00,  1.90900000000000E+01,  3.52186257052009E+06,  2.13867217292483E+07
 1.90091663330000E+03, -4.70547008366191E+01, -3.30543000000000E+01,  1.16726080484359E+00,  1.92700000000000E+01,  9.00181722285267E+06,  2.53656099950157E+07
 1.90100003330000E+03, -4.50580337326155E+01, -3.38946000000000E+01,  1.16612858952931E+00,  1.94500000000000E+01,  1.62864996066161E+07,  2.82385828111777E+07
 1.90108333330000E+03, -4.32150022939409E+01, -4.24281000000000E+01,  1.16485447588396E+00,  1.96300000000000E+01,  2.14398436422639E+07,  2.39678741561607E+07
 1.90116663330000E+03, -4.59108136628198E+01, -5.86541000000000E+01,  1.16343997116059E+00,  1.98100000000000E+01,  2.35178858772552E+07,  2.06778479406640E+07
 1.90125003330000E+03, -5.35928025325692E+01, -6.33408000000000E+01,  1.16188676926863E+00,  1.99900000000000E+01,  2.24839547878579E+07,  2.37582622742977E+07
 1.90133333330000E+03, -6.61077621969201E+01, -8.49515000000000E+01,  8.98738107029008E-01,  2.01700000000000E+01,  1.76912769771279E+07,  2.58104919878657E+07
 1.90141663330000E+03, -7.49503923396929E+01, -8.34854000000000E+01,  9.03821008223967E-01,  2.03500000000000E+01,  1.06276431115344E+07,  2.07879925782614E+07
 1.90150003330000E+03, -7.95012418178966E+01, -7.12493000000000E+01,  9.08931493679487E-01,  2.05300000000000E+01,  5.37946767941931E+06,  1.69277549546987E+07
 1.90158333330000E+03, -7.93955775571364E+01, -6.97834000000000E+01,  9.14067344666494E-01,  2.07100000000000E+01,  3.97272966504006E+06,  1.81847164445360E+07
 1.90166663330000E+03, -7.81533727182213E+01, -8.13945000000000E+01,  9.19226291357010E-01,  2.08900000000000E+01,  4.57522033086836E+06,  1.48126997825147E+07
 1.90175003330000E+03, -7.56591533398531E+01, -8.76202000000000E+01,  9.24406013495756E-01,  2.10700000000000E+01,  5.06474769181248E+06,  7.16566515196540E+06
 1.90183333330000E+03, -7.19505960001347E+01, -9.23084000000000E+01,  9.33933911326498E-01,  2.12500000000000E+01,  4.91593838550314E+06,  4.38963081129171E+06
 1.90191663330000E+03, -6.77167566364540E+01, -8.31506000000000E+01,  9.39159430630267E-01,  2.14300000000000E+01,  4.48154819293729E+06,  4.33915326703782E+06
 1.90200003330000E+03, -6.31272690323879E+01, -7.32228000000000E+01,  9.44396384949414E-01,  2.16100000000000E+01,  3.96076358019472E+06,  2.50185564624146E+06
 1.90208333330000E+03, -5.68106225933041E+01, -4.79112000000000E+01,  9.49642221987434E-01,  2.17900000000000E+01,  3.23891488935753E+06,  1.15749419677969E+06
 1.90216663330000E+03, -4.45134413123552E+01, -3.25998000000000E+01,  9.54894344253668E-01,  2.19700000000000E+01,  2.53291685025649E+06,  1.30853812651491E+06
 1.90225003330000E+03, -2.69949692709359E+01, -2.57492000000000E+01,  9.60150110197879E-01,  2.21500000000000E+01,  2.14844908520276E+06,  1.41274969827413E+06
 1.90233333330000E+03, -8.21260124336472E+00, -2.65918000000000E+01,  9.92384154190938E-01,  2.23300000000000E+01,  4.75094422326883E+06,  2.23869272005750E+06
 1.90241663330000E+03,  2.74218966995339E+00, -3.35883000000000E+01,  9.90913051449127E-01,  2.25100000000000E+01,  1.42584369118715E+07,  6.34268535576765E+06
 1.90250003330000E+03,  6.29143127505106E+00, -2.90457000000000E+01,  9.89640988153563E-01,  2.26900000000000E+01,  2.68601695428585E+07,  1.16886619698418E+07
 1.90258333330000E+03,  4.82194902398261E+00, -1.60424000000000E+01,  9.88574652486476E-01,  2.28700000000000E+01,  3.49178952960098E+07,  1.40101899262693E+07
 1.90266663330000E+03,  3.41643702120399E+00,  6.19160000000000E+00,  9.87720525531910E-01,  2.30500000000000E+01,  3.87117336434063E+07,  1.62852242555261E+07
 1.90275003330000E+03,  2.33412686803835E+00,  2.84263000000000E+01,  9.87084865600242E-01,  2.32300000000000E+01,  3.93318045764952E+07,  2.17988741072142E+07
 1.90283333330000E+03,  1.62055383661486E+00,  4.60447000000000E+01,  9.87083882337874E-01,  2.34100000000000E+01,  3.35358281771096E+07,  2.79362532431211E+07
 1.90291663330000E+03,  1.11159557394653E+00,  5.21245000000000E+01,  9.86673135837586E-01,  2.35900000000000E+01,  2.43011990453283E+07,  3.40732344338307E+07
 1.90300003330000E+03,  7.89751062196756E-01,  6.82051000000000E+01,  9.86492652353289E-01,  2.37700000000000E+01,  1.82944516773237E+07,  3.84517436483288E+07
 1.90308333330000E+03,  1.47770328631757E+00,  8.73616000000000E+01,  9.86547927049847E-01,  2.39500000000000E+01,  1.56239438564055E+07,  3.68215289988070E+07
 1.90316663330000E+03,  1.07252383833349E+01,  9.11335000000000E+01,  9.86844169491862E-01,  2.41300000000000E+01,  1.32286310817108E+07,  3.06883859541082E+07
 1.90325003330000E+03,  2.84576135606415E+01,  7.95215000000000E+01,  9.87386288080076E-01,  2.43100000000000E+01,  9.98669442704202E+06,  2.15910592195873E+07
 1.90333333330000E+03,  5.19697187821142E+01,  9.71393000000000E+01,  1.39868693456056E+00,  2.44900000000000E+01,  6.42269473888399E+06,  1.02472753548550E+07
 1.90341663330000E+03,  6.52077939528058E+01,  1.01680000000000E+02,  1.40590653905585E+00,  2.46700000000000E+01,  3.77288124932029E+06,  3.97018790991867E+06
 1.90350003330000E+03,  6.71874838434011E+01,  1.14683000000000E+02,  1.41284772766428E+00,  2.48500000000000E+01,  2.20578895491935E+06,  5.37842471028809E+06
 1.90358333330000E+03,  5.95397537105405E+01,  8.92238000000000E+01,  1.41949682043961E+00,  2.50300000000000E+01,  1.15119698059081E+06,  7.62312478172998E+06
 1.90366663330000E+03,  5.03686500900166E+01,  3.14567000000000E+01,  1.42584065233735E+00,  2.52100000000000E+01,  6.68430151505413E+05,  8.68015266643996E+06
 1.90375003330000E+03,  4.07696139446657E+01, -6.30970000000000E+00,  1.43186661907524E+00,  2.53900000000000E+01,  6.85144564598862E+05,  1.06324324994167E+07
 1.90383333330000E+03,  3.11049325120617E+01, -1.86924000000000E+01,  1.44015714937291E+00,  2.55700000000000E+01,  1.48001292005025E+06,  1.08863886061557E+07
 1.90391663330000E+03,  2.23454559215933E+01, -1.72291000000000E+01,  1.44534569383879E+00,  2.57500000000000E+01,  4.84700888944906E+06,  8.67329770453922E+06
 1.90400003330000E+03,  1.45384293122427E+01,  3.46570000000000E+00,  1.45017756374110E+00,  2.59300000000000E+01,  1.12425860229740E+07,  7.84247454436656E+06
 1.90408333330000E+03,  6.92990593813257E+00,  1.10827000000000E+01,  1.45464321851714E+00,  2.61100000000000E+01,  1.69678120612183E+07,  7.69468683957754E+06
 1.90416663330000E+03, -4.82011844306686E-01, -2.05311000000000E+01,  1.45873392212106E+00,  2.62900000000000E+01,  1.89846170281043E+07,  5.61550485403729E+06
 1.90425003330000E+03, -7.14071783162386E+00, -3.75289000000000E+01,  1.46244178497126E+00,  2.64700000000000E+01,  1.86626076808303E+07,  5.46131446869599E+06
 1.90433333330000E+03, -1.03066068420731E+01, -2.76044000000000E+01,  9.76849911505175E-01,  2.66500000000000E+01,  1.63347440940841E+07,  8.91782425553008E+06
 1.90441663330000E+03, -9.54521293035107E+00, -2.07570000000000E+01,  9.82091389466500E-01,  2.68300000000000E+01,  1.09577498697135E+07,  1.02620611542847E+07
 1.90450003330000E+03, -4.78825364952405E+00, -6.98580000000000E+00,  9.87322175511639E-01,  2.70100000000000E+01,  5.70980054850290E+06,  8.88583138109725E+06
 1.90458333330000E+03,  1.66024866848310E+00,  1.44768000000000E+01,  9.92539385482021E-01,  2.71900000000000E+01,  4.18064094110868E+06,  9.05799919418364E+06
 1.90466663330000E+03,  9.60826920728502E+00,  1.74778000000000E+01,  9.97740101492289E-01,  2.73700000000000E+01,  5.51404462911569E+06,  8.57055559269994E+06
 1.90475003330000E+03,  1.81074120851781E+01,  2.74025000000000E+01,  1.00292137368586E+00,  2.75500000000000E+01,  7.39904975007494E+06,  5.78039094210427E+06
 1.90483333330000E+03,  2.70667149934640E+01,  3.27110000000000E+01,  1.01502068907375E+00,  2.77300000000000E+01,  8.33073685687286E+06,  5.31773450594261E+06
 1.90491663330000E+03,  3.45008855244809E+01,  2.41733000000000E+01,  1.02011485138667E+00,  2.79100000000000E+01,  8.17302464116562E+06,  6.97342734342093E+06
 1.90500003330000E+03,  3.99570557215077E+01,  3.10208000000000E+01,  1.02517640264852E+00,  2.80900000000000E+01,  7.46619588082258E+06,  7.22638417128976E+06
 1.90508333330000E+03,  4.25364195369868E+01,  3.01752000000000E+01,  1.03020225504872E+00,  2.82700000000000E+01,  5.66801656926674E+06,  8.39277543177764E+06
 1.90516663330000E+03,  4.28025402042727E+01,  3.08679000000000E+01,  1.03518930183999E+00,  2.84500000000000E+01,  3.09337708922993E+06,  1.09155922663821E+07
 1.90525003330000E+03,  4.13734616637941E+01,  3.92537000000000E+01,  1.04013441968964E+00,  2.86300000000000E+01,  1.43686628406344E+06,  1.02136432104191E+07
 1.90533333330000E+03,  3.97003975603460E+01,  2.91770000000000E+01,  1.07905396445810E+00,  2.88100000000000E+01,  1.87247942443697E+06,  7.82729845985445E+06
 1.90541663330000E+03,  3.82909377381449E+01,  3.83310000000000E+01,  1.08345944272468E+00,  2.89900000000000E+01,  5.41630539896872E+06,  8.41368927947818E+06
 1.90550003330000E+03,  3.68696241085321E+01,  3.74857000000000E+01,  1.08779054491649E+00,  2.91700000000000E+01,  1.07114428776704E+07,  8.90503333614005E+06
 1.90558333330000E+03,  3.52586120225683E+01,  3.74088000000000E+01,  1.09204414835773E+00,  2.93500000000000E+01,  1.41590929720099E+07,  6.31646859875924E+06
 1.90566663330000E+03,  3.42722355414324E+01,  2.42548000000000E+01,  1.09621714922599E+00,  2.95300000000000E+01,  1.55348026280614E+07,  5.24297960900200E+06
 1.90575003330000E+03,  3.44614108199732E+01,  3.57169000000000E+01,  1.10030646594854E+00,  2.97100000000000E+01,  1.61937774074814E+07,  8.46944099677527E+06
 1.90583333330000E+03,  3.53352944151071E+01,  3.02551000000000E+01,  1.09177652076664E+00,  2.98900000000000E+01,  1.51167614027406E+07,  1.35231427342804E+07
 1.90591663330000E+03,  3.53342649307399E+01,  3.17162000000000E+01,  1.09595472959779E+00,  3.00700000000000E+01,  1.25164319614251E+07,  1.81896157774483E+07
 1.90600003330000E+03,  3.37881855090780E+01,  4.85627000000000E+01,  1.10004944915366E+00,  3.02500000000000E+01,  1.03154868185403E+07,  2.06465017776085E+07
 1.90608333330000E+03,  3.13152779876023E+01,  5.00236000000000E+01,  1.10405762184157E+00,  3.04300000000000E+01,  8.85713179245936E+06,  2.00702060841485E+07
 1.90616663330000E+03,  3.12198200283735E+01,  3.84076000000000E+01,  1.10797621909509E+00,  3.06100000000000E+01,  7.59543205311781E+06,  1.76193105442523E+07
 1.90625003330000E+03,  3.42911692897046E+01,  2.52538000000000E+01,  1.11180224497265E+00,  3.07900000000000E+01,  6.12378222842421E+06,  1.31067316000079E+07
 1.90633333330000E+03,  3.94435986090737E+01,  1.13298000000000E+01,  1.07919579095567E+00,  3.09700000000000E+01,  4.45230176513118E+06,  7.13226180416181E+06
 1.90641663330000E+03,  4.11752189816947E+01,  3.81750000000000E+01,  1.08627982166942E+00,  3.11500000000000E+01,  3.45024412982116E+06,  3.78414238152329E+06
 1.90650003330000E+03,  3.80242280720150E+01,  3.04055000000000E+01,  1.09358933479323E+00,  3.13300000000000E+01,  3.28861930414336E+06,  3.99683078094745E+06
 1.90658333330000E+03,  3.02207195571837E+01,  1.87890000000000E+01,  1.10111670384592E+00,  3.15100000000000E+01,  2.91255849117769E+06,  4.20677488427649E+06
 1.90666663330000E+03,  2.13278538026238E+01,  1.33262000000000E+01,  1.10885376391265E+00,  3.16900000000000E+01,  1.86951046509321E+06,  3.38926782374050E+06
 1.90675003330000E+03,  1.22565365403868E+01, -8.28970000000000E+00,  1.11679181636040E+00,  3.18700000000000E+01,  7.89967917386969E+05,  2.90622670407136E+06
 1.90683333330000E+03,  3.61394892447621E+00, -1.22142000000000E+01,  1.11902491613448E+00,  3.20500000000000E+01,  5.74308233884511E+05,  2.89784373527654E+06
 1.90691663330000E+03, -5.98985936440550E+00,  1.55360000000000E+00,  1.12720615055520E+00,  3.22300000000000E+01,  2.84575185368807E+06,  3.76304284558149E+06
 1.90700003330000E+03, -1.64129035512550E+01,  6.09120000000000E+00,  1.13556661383253E+00,  3.24100000000000E+01,  9.17128693053180E+06,  6.19146229877437E+06
 1.90708333330000E+03, -2.64533621188725E+01,  2.60126000000000E+01,  1.14409590790037E+00,  3.25900000000000E+01,  1.69977983836846E+07,  8.41853683537341E+06
 1.90716663330000E+03, -2.59219491174056E+01,  4.36262000000000E+01,  1.15278313643221E+00,  3.27700000000000E+01,  2.13286023732101E+07,  8.80155032783998E+06
 1.90725003330000E+03, -1.35668569866476E+01,  4.35482000000000E+01,  1.16161691685885E+00,  3.29500000000000E+01,  2.17790509027669E+07,  8.85203867969809E+06
 1.90733333330000E+03,  9.07406107951462E+00,  3.80847000000000E+01,  1.03241171287967E+00,  3.31300000000000E+01,  1.98737009806571E+07,  8.67044724519997E+06
 1.90741663330000E+03,  2.43253200036503E+01,  3.72365000000000E+01,  1.02887273291835E+00,  3.33100000000000E+01,  1.45347097937689E+07,  6.61440846110999E+06
 1.90750003330000E+03,  3.06327801886266E+01,  1.71582000000000E+01,  1.02541990606399E+00,  3.34900000000000E+01,  7.69108722061405E+06,  4.52547753764717E+06
 1.90758333330000E+03,  2.80097614313124E+01,  2.70791000000000E+01,  1.02206125359985E+00,  3.36700000000000E+01,  4.03276926153168E+06,  4.33399734720526E+06
 1.90766663330000E+03,  2.41625154933728E+01,  7.67000000000000E-02,  1.01880480026682E+00,  3.38500000000000E+01,  3.99708101064110E+06,  4.31213149503102E+06
 1.90775003330000E+03,  1.94369441662283E+01, -3.92326000000000E+01,  1.01565856186342E+00,  3.40300000000000E+01,  5.18833643123762E+06,  3.55881241770519E+06
 1.90783333330000E+03,  1.43597559458955E+01, -3.85428000000000E+01,  1.00785508382524E+00,  3.42100000000000E+01,  5.98874093817756E+06,  3.93490663225095E+06
 1.90791663330000E+03,  1.02566581288375E+01, -4.01608000000000E+01,  1.00518173351973E+00,  3.43900000000000E+01,  5.77566988585970E+06,  6.35904956504190E+06
 1.90800003330000E+03,  7.12927657767556E+00, -4.63935000000000E+01,  1.00265554082197E+00,  3.45700000000000E+01,  5.17540542445309E+06,  8.64035348488348E+06
 1.90808333330000E+03,  4.13053043324324E+00, -4.64732000000000E+01,  1.00028422053444E+00,  3.47500000000000E+01,  4.49081349273829E+06,  9.82105464853683E+06
 1.90816663330000E+03, -3.76849959228415E+00, -6.19376000000000E+01,  9.98075387751629E-01,  3.49300000000000E+01,  3.47344537649778E+06,  1.26953199681913E+07
 1.90825003330000E+03, -1.63425109519892E+01, -9.04783000000000E+01,  9.96036543219563E-01,  3.51100000000000E+01,  2.61989922089051E+06,  1.59666390652329E+07
 1.90833333330000E+03, -3.18842560243671E+01, -9.67121000000000E+01,  8.47727061520165E-01,  3.52900000000000E+01,  2.03283323477528E+06,  1.48438045947314E+07
 1.90841663330000E+03, -4.11456202872522E+01, -8.21768000000000E+01,  8.46793052599547E-01,  3.54700000000000E+01,  2.24751453000643E+06,  1.23497385419245E+07
 1.90850003330000E+03, -4.40813697622646E+01, -5.76408000000000E+01,  8.45840327955562E-01,  3.56500000000000E+01,  4.49547318066393E+06,  1.27044947038804E+07
 1.90858333330000E+03, -4.18968613004973E+01, -5.92595000000000E+01,  8.44868960471748E-01,  3.58300000000000E+01,  7.49929418433426E+06,  1.15613374390307E+07
 1.90866663330000E+03, -3.93404897094649E+01, -1.02417000000000E+02,  8.43879028882534E-01,  3.60100000000000E+01,  9.24473755435418E+06,  7.21652495702796E+06
 1.90875003330000E+03, -3.66379692287024E+01, -1.04035000000000E+02,  8.42870617869867E-01,  3.61900000000000E+01,  1.02283375062748E+07,  4.91836713353338E+06
 1.90883333330000E+03, -3.35152522201268E+01, -8.64232000000000E+01,  8.41300352038235E-01,  3.63700000000000E+01,  1.07798737466418E+07,  6.41414364422440E+06
 1.90891663330000E+03, -3.01884262296030E+01, -8.03500000000000E+01,  8.40245749173824E-01,  3.65500000000000E+01,  9.86999564291101E+06,  8.53664711232127E+06
 1.90900003330000E+03, -2.71105603779397E+01, -6.50453000000000E+01,  8.39173013938232E-01,  3.67300000000000E+01,  7.76491665626115E+06,  8.80501535030743E+06
 1.90908333330000E+03, -2.45072625713029E+01, -3.51261000000000E+01,  8.38082259118992E-01,  3.69100000000000E+01,  5.98104352183815E+06,  8.40620680595998E+06
 1.90916663330000E+03, -1.47492161736170E+01, -2.98224000000000E+01,  8.36973603986427E-01,  3.70900000000000E+01,  5.02786295179882E+06,  9.88542462764855E+06
 1.90925003330000E+03,  2.54086342555617E+00, -2.68257000000000E+01,  8.35847174390543E-01,  3.72700000000000E+01,  4.16226969002683E+06,  1.18765816541629E+07
 1.90933333330000E+03,  2.70143312199285E+01, -1.61376000000000E+01,  7.53111025762227E-01,  3.74500000000000E+01,  2.85955478652174E+06,  1.20170682286435E+07
 1.90941663330000E+03,  4.30941289192830E+01,  7.04300000000000E-01,  7.56282685964254E-01,  3.76300000000000E+01,  1.47945595724566E+06,  1.19697444089148E+07
 1.90950003330000E+03,  5.06591021219076E+01,  1.98546000000000E+01,  7.59525894068875E-01,  3.78100000000000E+01,  6.81354562815211E+05,  1.25425177852940E+07
 1.90958333330000E+03,  5.01202227877940E+01,  2.82347000000000E+01,  7.62840226047038E-01,  3.79900000000000E+01,  5.77779359872842E+05,  1.12610088499510E+07
 1.90966663330000E+03,  4.99396528246329E+01,  3.04609000000000E+01,  7.66225212319593E-01,  3.81700000000000E+01,  6.56732295188004E+05,  8.27251511073788E+06
 1.90975003330000E+03,  5.03597001451257E+01,  4.88417000000000E+01,  7.69680337076886E-01,  3.83500000000000E+01,  6.39264558804466E+05,  6.26348256310962E+06
 1.90983333330000E+03,  5.12391548571144E+01,  6.33755000000000E+01,  7.61188994000977E-01,  3.85300000000000E+01,  6.89613915357480E+05,  5.22523180635096E+06
 1.90991663330000E+03,  5.15937731962418E+01,  6.32937000000000E+01,  7.64539030105735E-01,  3.87100000000000E+01,  1.50730521291852E+06,  4.35591671788234E+06
 1.91000003330000E+03,  5.13024011932851E+01,  6.70588000000000E+01,  7.67959466117795E-01,  3.88900000000000E+01,  4.51806967065413E+06,  5.22095176273665E+06
 1.91008333330000E+03,  5.03681099499021E+01,  5.23615000000000E+01,  7.71449762653079E-01,  3.90700000000000E+01,  9.21928774931367E+06,  7.10075523297272E+06
 1.91016663330000E+03,  4.06675042074614E+01,  2.45872000000000E+01,  7.75009333106073E-01,  3.92500000000000E+01,  1.24831531482331E+07,  6.66174700596857E+06
 1.91025003330000E+03,  2.22005834529328E+01,  1.75828000000000E+01,  7.78637543014584E-01,  3.94299999999999E+01,  1.33061680349163E+07,  5.42628967547104E+06
 1.91033333330000E+03, -4.48151818924584E+00,  7.50060000000000E+00,  1.15913503391173E+00,  3.96099999999999E+01,  1.27840067713391E+07,  6.93386191823522E+06
 1.91041663330000E+03, -2.16632004017271E+01, -4.88940000000000E+00,  1.15723173864288E+00,  3.97899999999999E+01,  1.04420548052965E+07,  9.82448463812660E+06
 1.91050003330000E+03, -2.90946327802263E+01, -1.50950000000000E+00,  1.15519739811264E+00,  3.99699999999999E+01,  6.77227859167887E+06,  1.20293885544536E+07
 1.91058333330000E+03, -2.73567812630279E+01, -1.83612000000000E+01,  1.15303458774960E+00,  4.01499999999999E+01,  4.28383359562482E+06,  1.33561021966089E+07
 1.91066663330000E+03, -2.55636180353490E+01, -3.11361000000000E+01,  1.15074607907898E+00,  4.03299999999999E+01,  3.79005628956182E+06,  1.36001278325511E+07
 1.91075003330000E+03, -2.40749250631036E+01, -3.90641000000000E+01,  1.14833484067761E+00,  4.05099999999999E+01,  4.48145828205970E+06,  1.28071701967650E+07
 1.91083333330000E+03, -2.25011563255557E+01, -4.39930000000000E+01,  1.14943658642458E+00,  4.06899999999999E+01,  5.19111348618116E+06,  9.68195184462745E+06
 1.91091663330000E+03, -2.06148932674895E+01, -4.79990000000000E+01,  1.14695926755677E+00,  4.08699999999999E+01,  4.82506727189540E+06,  4.89138154606252E+06
 1.91100003330000E+03, -1.84460616145726E+01, -3.29272000000000E+01,  1.14436420887904E+00,  4.10499999999999E+01,  4.01601701977041E+06,  3.63593920669775E+06
 1.91108333330000E+03, -1.62273862056669E+01, -3.87795000000000E+01,  1.14165488391486E+00,  4.12299999999999E+01,  3.48314393749570E+06,  5.93610837688022E+06
 1.91116663330000E+03, -1.10492884287266E+01, -1.78627000000000E+01,  1.13883496457343E+00,  4.14099999999999E+01,  2.48359385632573E+06,  6.84762938840519E+06
 1.91125003330000E+03, -2.77189029596145E+00, -9.32970000000000E+00,  1.13590832090742E+00,  4.15899999999999E+01,  1.51405098634537E+06,  7.34531896398156E+06
 1.91133333330000E+03,  7.78310752070760E+00,  1.06639000000000E+01,  1.09757521890361E+00,  4.17699999999999E+01,  1.56299032935642E+06,  8.95428236649197E+06
 1.91141663330000E+03,  1.36412905282684E+01,  6.96510000000000E+00,  1.10163626483344E+00,  4.19499999999999E+01,  1.74408423312367E+06,  8.26226514588402E+06
 1.91150003330000E+03,  1.43271685984077E+01,  8.80550000000000E+00,  1.10560956916921E+00,  4.21299999999999E+01,  2.17112619295513E+06,  5.67207473072818E+06
 1.91158333330000E+03,  1.05093633566391E+01, -1.22012000000000E+01,  1.10949211574211E+00,  4.23099999999999E+01,  4.58988053657839E+06,  4.75081981778052E+06
 1.91166663330000E+03,  5.25793598719840E+00, -2.63618000000000E+01,  1.11328092244137E+00,  4.24899999999999E+01,  8.27299635508821E+06,  4.65077380510374E+06
 1.91175003330000E+03, -9.04965100162378E-01, -3.50601000000000E+01,  1.11697304490256E+00,  4.26699999999999E+01,  1.07937966549607E+07,  3.56809142895854E+06
 1.91183333330000E+03, -7.67509171715765E+00, -3.21440000000000E+01,  1.12644097218186E+00,  4.28499999999999E+01,  1.19816790126329E+07,  3.06725031949766E+06
 1.91191663330000E+03, -1.33348848858978E+01, -1.68433000000000E+01,  1.12975033829569E+00,  4.30299999999999E+01,  1.22550140124325E+07,  4.09330095900968E+06
 1.91200003330000E+03, -1.75021716368576E+01, -1.49266000000000E+01,  1.13294979728345E+00,  4.32099999999999E+01,  1.04749550243164E+07,  4.75070696892010E+06
 1.91208333330000E+03, -2.03194507324730E+01, -1.75492000000000E+01,  1.13603669330653E+00,  4.33899999999999E+01,  7.09473886248442E+06,  4.31083367326071E+06
 1.91216663330000E+03, -2.27936541759373E+01, -2.78730000000000E+00,  1.13900843443873E+00,  4.35699999999999E+01,  4.70258565073473E+06,  4.07827572010580E+06
 1.91225003330000E+03, -2.54471552232279E+01, -2.04093000000000E+01,  1.14186249675224E+00,  4.37499999999999E+01,  4.32443101466304E+06,  3.99588083563622E+06
 1.91233333330000E+03, -2.80282673032006E+01, -9.49370000000000E+00,  5.58888999369174E-01,  4.39299999999999E+01,  4.67170556761690E+06,  3.21358361803973E+06
 1.91241663330000E+03, -3.00293191192183E+01,  2.72950000000000E+00,  5.59295583702848E-01,  4.41099999999999E+01,  4.30507601680407E+06,  2.66610657972396E+06
 1.91250003330000E+03, -3.13878721242530E+01,  1.47995000000000E+01,  5.59692648939363E-01,  4.42899999999999E+01,  3.48126477007534E+06,  3.70623482936324E+06
 1.91258333330000E+03, -3.23186007120300E+01,  2.63302000000000E+01,  5.60080022869235E-01,  4.44699999999999E+01,  2.87005036915551E+06,  4.92379881939255E+06
 1.91266663330000E+03, -3.31043349057772E+01,  6.16300000000000E+01,  5.60457532022361E-01,  4.46499999999999E+01,  1.83948457223506E+06,  4.82816596706754E+06
 1.91275003330000E+03, -3.36835200783938E+01,  6.43921000000000E+01,  5.60825001679507E-01,  4.48299999999999E+01,  1.22179597378940E+06,  6.99761316633599E+06
 1.91283333330000E+03, -3.41805109011263E+01,  5.35379000000000E+01,  5.60388986971227E-01,  4.50099999999999E+01,  2.08930213710530E+06,  1.26402772014346E+07
 1.91291663330000E+03, -3.48111459577685E+01,  6.21452000000000E+01,  5.60758312534464E-01,  4.51899999999999E+01,  2.30444830594645E+06,  1.48369331918097E+07
 1.91300003330000E+03, -3.56322627229896E+01,  5.98300000000000E+01,  5.61117455034491E-01,  4.53699999999999E+01,  2.88539918881072E+06,  1.32522021007015E+07
 1.91308333330000E+03, -3.64877675424560E+01,  7.52063000000000E+01,  5.61466237514419E-01,  4.55499999999999E+01,  7.97075876390191E+06,  1.58164772638496E+07
 1.91316663330000E+03, -2.50464753860571E+01,  5.85056000000000E+01,  5.61804481803811E-01,  4.57299999999999E+01,  1.45402051437588E+07,  1.94484358817993E+07
 1.91325003330000E+03, -1.11384908588271E+00,  3.81133000000000E+01,  5.62132008532500E-01,  4.59099999999999E+01,  1.76402511924178E+07,  1.64948533183460E+07
 1.91333333330000E+03,  3.52565249057191E+01,  6.41816000000000E+01,  4.63016476909134E-01,  4.60899999999999E+01,  1.87380326346381E+07,  1.26029107648739E+07
 1.91341663330000E+03,  5.97516558738049E+01,  9.04806000000000E+01,  4.63644731260055E-01,  4.62699999999999E+01,  1.79341981315825E+07,  1.42980527810094E+07
 1.91350003330000E+03,  7.21800960272294E+01,  7.86264000000000E+01,  4.64275531025382E-01,  4.64499999999999E+01,  1.28781706433527E+07,  1.62716995372114E+07
 1.91358333330000E+03,  7.24560097417842E+01,  9.40022000000000E+01,  4.64908858704698E-01,  4.66299999999999E+01,  6.30681362111024E+06,  1.34072200428101E+07
 1.91366663330000E+03,  7.20287256484688E+01,  8.92240000000000E+01,  4.65544696269358E-01,  4.68099999999999E+01,  2.26108696585804E+06,  1.00013401840108E+07
 1.91375003330000E+03,  7.08972667347962E+01,  6.24465000000000E+01,  4.66183025155452E-01,  4.69899999999999E+01,  9.30965563501607E+05,  1.17144183515546E+07
 1.91383333330000E+03,  6.91257053014354E+01,  7.17450000000000E+01,  4.77892767858600E-01,  4.71699999999999E+01,  1.25045453484842E+06,  1.58607652271648E+07
 1.91391663330000E+03,  6.79566873077778E+01,  7.99665000000000E+01,  4.78573601142950E-01,  4.73499999999999E+01,  2.41576271345692E+06,  1.66296549522823E+07
 1.91400003330000E+03,  6.74204211273579E+01,  7.32657000000000E+01,  4.79256439065211E-01,  4.75299999999999E+01,  3.95007181458849E+06,  1.55985694361156E+07
 1.91408333330000E+03,  6.74657726889006E+01,  6.75639000000000E+01,  4.79941250289825E-01,  4.77099999999999E+01,  6.17558976412949E+06,  1.63238576955618E+07
 1.91416663330000E+03,  5.73927167144461E+01,  6.07852000000000E+01,  4.80628002780416E-01,  4.78899999999999E+01,  8.98451935721264E+06,  1.59961826819351E+07
 1.91425003330000E+03,  3.71893833645703E+01,  7.42379000000000E+01,  4.81316663791636E-01,  4.80699999999999E+01,  1.14002609469922E+07,  1.25955643583344E+07
 1.91433333330000E+03,  7.07973232789237E+00,  7.68436000000000E+01,  8.37281521409401E-01,  4.82499999999999E+01,  1.25064423154053E+07,  9.71724671809927E+06
 1.91441663330000E+03, -1.25710874566047E+01,  7.41415000000000E+01,  8.36159986958462E-01,  4.84299999999999E+01,  1.14369798503832E+07,  9.24579159818335E+06
 1.91450003330000E+03, -2.15841331157236E+01,  2.83632000000000E+01,  8.35020773303011E-01,  4.86099999999999E+01,  9.00504655210062E+06,  9.06698442991350E+06
 1.91458333330000E+03, -2.03385376757316E+01, -1.85300000000000E-01,  8.33864017862646E-01,  4.87899999999999E+01,  8.95803831990134E+06,  8.00899555845751E+06
 1.91466663330000E+03, -1.95813799065092E+01, -3.60415000000000E+01,  8.32689864899784E-01,  4.89699999999999E+01,  1.23800239051048E+07,  6.35021643335169E+06
 1.91475003330000E+03, -1.96586751271411E+01, -3.38201000000000E+01,  8.31498465615843E-01,  4.91499999999999E+01,  1.51322141122842E+07,  4.09385879515391E+06
 1.91483333330000E+03, -2.01799713996859E+01, -3.80612000000000E+01,  8.35698128786177E-01,  4.93299999999999E+01,  1.59294934932584E+07,  2.59389157020968E+06
 1.91491663330000E+03, -2.01715000959321E+01, -4.51484000000000E+01,  8.34551753655458E-01,  4.95099999999999E+01,  1.70784796314709E+07,  4.05595333468325E+06
 1.91500003330000E+03, -1.94602535475408E+01, -3.60042000000000E+01,  8.33387894664328E-01,  4.96899999999999E+01,  1.69140858668345E+07,  8.73617366197968E+06
 1.91508333330000E+03, -2.02662198920254E+01, -2.63994000000000E+01,  8.32206698889761E-01,  4.98699999999999E+01,  1.41716213420930E+07,  1.57711339844971E+07
 1.91516663330000E+03, -2.45333850662402E+01, -2.50254000000000E+01,  8.31008320386816E-01,  5.00499999999999E+01,  1.27255508953035E+07,  2.30204943188443E+07
 1.91525003330000E+03, -3.23406016997276E+01, -4.71123000000000E+01,  8.29792920284360E-01,  5.02299999999999E+01,  1.34615943300723E+07,  2.66005618391679E+07
 1.91533333330000E+03, -3.99478917646913E+01, -5.85077000000000E+01,  5.54022004887502E-01,  5.04099999999999E+01,  1.29614288438141E+07,  2.52666461892090E+07
 1.91541663330000E+03, -4.47552089485718E+01, -5.35955000000000E+01,  5.54655028229818E-01,  5.05899999999999E+01,  1.04153641865445E+07,  2.05463319684863E+07
 1.91550003330000E+03, -4.66579069512826E+01, -5.47596000000000E+01,  5.55290681252745E-01,  5.07699999999999E+01,  6.95791533093101E+06,  1.36313876689744E+07
 1.91558333330000E+03, -4.73453021438812E+01, -3.39245000000000E+01,  5.55928971310282E-01,  5.09499999999999E+01,  3.37194365987531E+06,  7.14922970480584E+06
 1.91566663330000E+03, -4.96466068256940E+01, -4.93972000000000E+01,  5.56569905718140E-01,  5.11299999999999E+01,  9.72123660947718E+05,  3.98348293174871E+06
 1.91575003330000E+03, -5.35761476013245E+01, -5.01000000000000E+01,  5.57213491752660E-01,  5.13099999999999E+01,  4.74192352358468E+05,  4.26710111988545E+06
 1.91583333330000E+03, -5.91622698754015E+01, -6.87268000000000E+01,  5.73709633365898E-01,  5.14899999999999E+01,  9.29165473901015E+05,  6.60476026019819E+06
 1.91591663330000E+03, -6.30080824220232E+01, -7.16613000000000E+01,  5.74422673589281E-01,  5.16699999999999E+01,  9.68157859364701E+05,  8.17047117675732E+06
 1.91600003330000E+03, -6.50834604832065E+01, -7.20567000000000E+01,  5.75138538773499E-01,  5.18499999999999E+01,  1.37087799712517E+06,  7.57942696349610E+06
 1.91608333330000E+03, -6.37112238051165E+01, -7.69145000000000E+01,  5.75857234635901E-01,  5.20299999999999E+01,  4.69596067845448E+06,  8.15796432531099E+06
 1.91616663330000E+03, -5.54447305154101E+01, -8.05416000000000E+01,  5.76578766816783E-01,  5.22099999999999E+01,  1.01438216059731E+07,  1.09733077078040E+07
 1.91625003330000E+03, -4.03255722291255E+01, -7.11680000000000E+01,  5.77303140877793E-01,  5.23899999999999E+01,  1.40511180547842E+07,  1.22584378332024E+07
 1.91633333330000E+03, -2.17191605219074E+01, -4.49492000000000E+01,  7.47416572958590E-02,  5.25699999999999E+01,  1.57322054378127E+07,  1.18895843595048E+07
 1.91641663330000E+03, -9.94755297343765E+00, -3.67304000000000E+01,  7.46650172793140E-02,  5.27499999999999E+01,  1.55573093091690E+07,  1.30876652578098E+07
 1.91650003330000E+03, -5.01074979213199E+00, -4.63571000000000E+01,  7.46651605222118E-02,  5.29299999999999E+01,  1.22298743679395E+07,  1.48475094806648E+07
 1.91658333330000E+03, -5.08719221248734E+00, -7.65231000000000E+01,  7.47422918434154E-02,  5.31099999999999E+01,  7.31977511918596E+06,  1.36130255804347E+07
 1.91666663330000E+03, -4.98001528777906E+00, -1.10843000000000E+02,  7.48965720106166E-02,  5.32899999999999E+01,  4.37692301109230E+06,  1.01981501079844E+07
 1.91675003330000E+03, -4.64891745711530E+00, -9.29316000000000E+01,  7.51281166560295E-02,  5.34699999999999E+01,  3.38173137070823E+06,  8.85917899391160E+06
 1.91683333330000E+03, -4.28749927132153E+00, -8.91749000000000E+01,  7.53628544948661E-02,  5.36499999999999E+01,  3.08887290297844E+06,  1.02650212066031E+07
 1.91691663330000E+03, -3.89169553955647E+00, -8.09567000000000E+01,  7.57321765125387E-02,  5.38299999999999E+01,  3.97509780105765E+06,  1.15477157272594E+07
 1.91700003330000E+03, -3.48697435003353E+00, -8.10454000000000E+01,  7.61788382644464E-02,  5.40099999999999E+01,  5.22955477851041E+06,  1.19864901739406E+07
 1.91708333330000E+03, -3.07269649362198E+00, -8.62121000000000E+01,  7.67027750310179E-02,  5.41899999999999E+01,  5.37605394417092E+06,  1.23541155985659E+07
 1.91716663330000E+03, -2.91204695980084E+00, -6.97634000000000E+01,  7.73038718805411E-02,  5.43699999999999E+01,  5.24121135504101E+06,  1.15757772760578E+07
 1.91725003330000E+03, -3.07499427045250E+00, -4.03139000000000E+01,  7.79819626380907E-02,  5.45499999999999E+01,  5.46783581333425E+06,  8.72570897357357E+06
 1.91733333330000E+03, -3.01361605711390E+00, -2.66347000000000E+01,  2.28492822234303E-01,  5.47299999999999E+01,  5.13958979402730E+06,  5.88668965420886E+06
 1.91741663330000E+03, -1.86525741211962E+00,  4.27530000000000E+00,  2.25059745883535E-01,  5.49099999999999E+01,  4.06022947067115E+06,  5.66943526338160E+06
 1.91750003330000E+03,  8.97936607455724E-01,  2.04936000000000E+01,  2.21638321653642E-01,  5.50899999999999E+01,  2.71623399664203E+06,  6.99857877948599E+06
 1.91758333330000E+03,  5.05202206964074E+00,  4.06342000000000E+01,  2.18229547844936E-01,  5.52699999999999E+01,  2.77073571748734E+06,  7.40799924949596E+06
 1.91766663330000E+03,  1.15416899666255E+01,  4.16977000000000E+01,  2.14834432680721E-01,  5.54499999999999E+01,  6.58462477067058E+06,  7.40235129133230E+06
 1.91775003330000E+03,  1.98383755414564E+01,  3.64543000000000E+01,  2.11453994025669E-01,  5.56299999999999E+01,  1.23141079477893E+07,  7.44365929457267E+06
 1.91783333330000E+03,  2.92976289956318E+01,  1.27484000000000E+01,  1.95893443701111E-01,  5.58099999999999E+01,  1.59115655524404E+07,  6.08460259614490E+06
 1.91791663330000E+03,  3.66166098815844E+01,  2.19655000000000E+01,  1.92615893610238E-01,  5.59899999999999E+01,  1.76342769506861E+07,  4.55544896328930E+06
 1.91800003330000E+03,  4.14342881076057E+01,  3.29525000000000E+01,  1.89360032199890E-01,  5.61699999999999E+01,  1.81059848621945E+07,  5.48530472867266E+06
 1.91808333330000E+03,  4.34701748958471E+01,  4.28617000000000E+01,  1.86126940492693E-01,  5.63499999999999E+01,  1.50698054247071E+07,  7.81886727246875E+06
 1.91816663330000E+03,  3.66313770480428E+01,  7.29247000000000E+01,  1.82917706146881E-01,  5.65299999999999E+01,  9.66294423764748E+06,  9.13409598232123E+06
 1.91825003330000E+03,  2.13347690880037E+01,  7.23730000000000E+01,  1.79733423041414E-01,  5.67099999999999E+01,  5.80483178755104E+06,  9.05420881808520E+06
 1.91833333330000E+03, -1.38047796795738E+00,  4.65127000000000E+01,  5.48104032547450E-01,  5.68899999999999E+01,  3.97065952317513E+06,  8.28228163560054E+06
 1.91841663330000E+03, -1.61471566678200E+01,  2.60369000000000E+01,  5.47202511052423E-01,  5.70699999999999E+01,  3.16789802921834E+06,  7.95430986606648E+06
 1.91850003330000E+03, -2.28495520675116E+01, -1.35920000000000E+01,  5.46276344568152E-01,  5.72499999999999E+01,  3.57468297996725E+06,  8.38734151626606E+06
 1.91858333330000E+03, -2.18752657783896E+01, -4.33756000000000E+01,  5.45325358603749E-01,  5.74299999999999E+01,  4.45275214858818E+06,  8.07671494915361E+06
 1.91866663330000E+03, -2.03276382269221E+01, -6.72363000000000E+01,  5.44349380977385E-01,  5.76099999999999E+01,  4.89007602282193E+06,  7.18622478896707E+06
 1.91875003330000E+03, -1.82648654666197E+01, -6.31731000000000E+01,  5.43348241909691E-01,  5.77899999999999E+01,  5.34077417116913E+06,  7.82262317399755E+06
 1.91883333330000E+03, -1.56368098391859E+01, -5.78801000000000E+01,  5.39487888615071E-01,  5.79699999999999E+01,  6.28242584119820E+06,  9.52963840805724E+06
 1.91891663330000E+03, -1.33126428920550E+01, -2.85872000000000E+01,  5.38367828089340E-01,  5.81499999999999E+01,  7.31032272505027E+06,  1.09627617209247E+07
 1.91900003330000E+03, -1.13617078801360E+01, -2.72936000000000E+01,  5.37221697999940E-01,  5.83299999999999E+01,  7.13341270475227E+06,  1.23454004371953E+07
 1.91908333330000E+03, -9.65767132068145E+00, -1.00009000000000E+01,  5.36049346994843E-01,  5.85099999999999E+01,  6.05931438283916E+06,  1.32765118392321E+07
 1.91916663330000E+03, -3.47320867911548E+00,  9.67640000000000E+00,  5.34850626884552E-01,  5.86899999999999E+01,  8.17123504894416E+06,  1.41484847471279E+07
 1.91925003330000E+03,  7.04209693723682E+00, -3.95340000000000E+00,  5.33625392747597E-01,  5.88699999999999E+01,  1.48780455011974E+07,  1.63391365750221E+07
 1.91933333330000E+03,  2.10349256289180E+01, -3.32763000000000E+01,  1.12105289121971E-01,  5.90499999999999E+01,  2.14335048821157E+07,  1.88925745687750E+07
 1.91941663330000E+03,  2.93607088124307E+01, -3.55224000000000E+01,  1.09947079999003E-01,  5.92299999999999E+01,  2.57700874136567E+07,  2.06826581816276E+07
 1.91950003330000E+03,  3.18314110141208E+01, -1.54601000000000E+01,  1.07843485041854E-01,  5.94099999999999E+01,  2.90220868569481E+07,  2.17260586551425E+07
 1.91958333330000E+03,  2.90648550276428E+01,  7.90900000000000E+00,  1.05795544686999E-01,  5.95899999999999E+01,  2.83700493909470E+07,  2.05003703017747E+07
 1.91966663330000E+03,  2.60059724400989E+01,  4.50472000000000E+01,  1.03804287056280E-01,  5.97699999999999E+01,  2.31466895232212E+07,  1.73564682769657E+07
 1.91975003330000E+03,  2.32799460549180E+01,  5.40323000000000E+01,  1.01870727080724E-01,  5.99499999999999E+01,  1.81156863147138E+07,  1.65967460004185E+07
 1.91983333330000E+03,  2.10403733010672E+01,  6.58627000000000E+01,  1.04158823645717E-01,  6.01299999999999E+01,  1.44653818399126E+07,  1.88818373974479E+07
 1.91991663330000E+03,  1.90941884687315E+01,  8.43084000000000E+01,  1.02214793839030E-01,  6.03099999999999E+01,  1.12555612452577E+07,  2.05313565096150E+07
 1.92000003330000E+03,  1.72393560889849E+01,  9.19855000000000E+01,  1.00329283292575E-01,  6.04899999999999E+01,  1.02200963066469E+07,  2.17125407796606E+07
 1.92008333330000E+03,  1.53738462043781E+01,  9.70463000000000E+01,  9.85032806374971E-02,  6.06699999999999E+01,  1.04747447093955E+07,  2.28985259688385E+07
 1.92016663330000E+03,  9.05564420634106E+00,  7.85686000000000E+01,  9.67377587669420E-02,  6.08499999999999E+01,  9.73621918837066E+06,  1.93965021787675E+07
 1.92025003330000E+03, -1.78895413402835E+00,  3.75532000000000E+01,  9.50336739064700E-02,  6.10299999999999E+01,  9.22536147483980E+06,  1.18010423975515E+07
 1.92033333330000E+03, -1.66050483904358E+01,  2.77676000000000E+01,  2.46964325531011E-01,  6.12099999999999E+01,  9.56001902370786E+06,  8.75318753490083E+06
 1.92041663330000E+03, -2.57988405648140E+01,  2.61358000000000E+01,  2.44967972500774E-01,  6.13899999999999E+01,  9.08758146315655E+06,  1.19223398990984E+07
 1.92050003330000E+03, -2.90890498851512E+01,  4.02739000000000E+01,  2.42801156848283E-01,  6.15699999999999E+01,  6.91235138892703E+06,  1.39175631558155E+07
 1.92058333330000E+03, -2.70202644715804E+01,  2.65650000000000E+01,  2.40462872888365E-01,  6.17499999999999E+01,  3.79012898062913E+06,  1.25920095698809E+07
 1.92066663330000E+03, -2.46756143385865E+01,  2.32406000000000E+01,  2.37952285598975E-01,  6.19299999999999E+01,  2.88112698083433E+06,  1.33103257716765E+07
 1.92075003330000E+03, -2.22227827155115E+01,  6.68610000000000E+00,  2.35268735472647E-01,  6.21099999999999E+01,  5.94012662953019E+06,  1.61613494698442E+07
 1.92083333330000E+03, -1.93364443705645E+01,  9.51540000000000E+00,  2.33203894628991E-01,  6.22899999999999E+01,  9.06406554515700E+06,  1.44132739731670E+07
 1.92091663330000E+03, -1.56579990700316E+01,  7.11370000000000E+00,  2.30220312169124E-01,  6.24699999999999E+01,  9.42350882543689E+06,  9.46225966452083E+06
 1.92100003330000E+03, -1.10648456738409E+01,  2.10975000000000E+01,  2.26021635888335E-01,  6.26499999999999E+01,  9.52833595534970E+06,  1.05495340549713E+07
 1.92108333330000E+03, -1.36400801249936E+00,  3.29264000000000E+01,  2.21556105360872E-01,  6.28299999999999E+01,  1.00092196307173E+07,  1.70924264945696E+07
 1.92116663330000E+03,  1.24890897034022E+01,  3.58322000000000E+01,  2.16830779897423E-01,  6.30099999999999E+01,  8.63378347636119E+06,  2.10361299073645E+07
 1.92125003330000E+03,  2.93203673624091E+01,  4.58926000000000E+01,  1.44959022475995E-01,  6.31899999999999E+01,  6.55467794669650E+06,  2.22087686944645E+07
 1.92133333330000E+03,  3.90741848137849E+01,  6.94136000000000E+01,  1.37010028154919E-01,  6.33699999999999E+01,  6.34137454722851E+06,  2.34584274283613E+07
 1.92141663330000E+03,  4.18024560662702E+01,  7.76268000000000E+01,  1.29512312486973E-01,  6.35499999999999E+01,  7.20605063594841E+06,  2.14251687371175E+07
 1.92150003330000E+03,  3.81321584542299E+01,  1.06302000000000E+02,  1.22476495679737E-01,  6.37299999999999E+01,  7.42989962972399E+06,  1.43059626768861E+07
 1.92158333330000E+03,  3.26399411592155E+01,  7.21307000000000E+01,  1.15911577835251E-01,  6.39099999999999E+01,  7.13640350965986E+06,  7.03951992684394E+06
 1.92166663330000E+03,  2.58273881694121E+01,  6.57283000000000E+01,  1.09824945673182E-01,  6.40899999999999E+01,  6.77954891577614E+06,  3.72952668929289E+06
 1.92175003330000E+03,  1.80728251001788E+01,  3.45574000000000E+01,  9.90406275006464E-02,  6.42699999999999E+01,  6.19419783478665E+06,  3.80895985174247E+06
 1.92183333330000E+03,  1.12415473396050E+01,  3.17701000000000E+01,  9.44240674028031E-02,  6.44499999999999E+01,  5.15846692462942E+06,  5.01964355735687E+06
 1.92191663330000E+03,  5.53824966383392E+00,  4.40597000000000E+01,  9.02995254664830E-02,  6.46299999999999E+01,  3.57758467359203E+06,  5.49684053442618E+06
 1.92200003330000E+03,  1.44579919515821E+00,  4.78885000000000E+01,  8.66665787825348E-02,  6.48099999999999E+01,  1.82508583538795E+06,  5.28174781711976E+06
 1.92208333330000E+03,  7.65023341511756E+00,  4.80240000000000E+01,  8.35233348251972E-02,  6.49900000000000E+01,  8.52818751722676E+05,  5.82993443854146E+06
 1.92216663330000E+03,  2.44445380991580E+01,  3.15441000000000E+01,  8.08664702531123E-02,  6.51700000000000E+01,  1.83112911653232E+06,  6.99830986851591E+06
 1.92225003330000E+03,  5.11461098907828E+01,  6.21880000000000E+00,  4.58448430701605E-01,  6.53500000000000E+01,  5.70778417420174E+06,  7.49802276004031E+06
 1.92233333330000E+03,  6.83824523920049E+01,  8.15600000000000E-01,  4.47621923799554E-01,  6.55300000000000E+01,  1.17643538922959E+07,  7.51258303174053E+06
 1.92241663330000E+03,  7.45981501916889E+01,  1.51816000000000E+01,  4.36468311642847E-01,  6.57100000000000E+01,  1.73932267059422E+07,  7.40566661549821E+06
 1.92250003330000E+03,  6.85741503233855E+01,  2.64713000000000E+01,  4.25021590354417E-01,  6.58900000000000E+01,  2.06660919083402E+07,  6.27841790429334E+06
 1.92258333330000E+03,  5.97095806747017E+01,  1.76063000000000E+01,  4.13316360730623E-01,  6.60700000000000E+01,  2.10252728016823E+07,  4.55406010256082E+06
 1.92266663330000E+03,  4.83261621511907E+01,  4.58740000000000E+00,  4.01387679872745E-01,  6.62500000000000E+01,  1.80264308047770E+07,  4.39776068668579E+06
 1.92275003330000E+03,  3.52246285241549E+01, -2.92001000000000E+01,  3.94011493181977E-01,  6.64300000000000E+01,  1.24440796777537E+07,  5.79518605459709E+06
 1.92283333330000E+03,  1.98162429565569E+01, -1.40653000000000E+01,  3.81797379879970E-01,  6.66100000000000E+01,  6.93313303656759E+06,  6.57482057248411E+06
 1.92291663330000E+03,  2.86088600070795E+00, -6.99900000000000E-01,  3.69452430895501E-01,  6.67900000000000E+01,  3.86039016807216E+06,  6.50918673000272E+06
 1.92300003330000E+03, -1.30564916639243E+01,  2.66620000000000E+00,  3.57012158530511E-01,  6.69700000000000E+01,  3.55904527004966E+06,  6.22787193006836E+06
 1.92308333330000E+03, -2.13262731493955E+01,  8.64680000000000E+00,  3.44511886215512E-01,  6.71500000000000E+01,  4.43817966739010E+06,  4.65269529424894E+06
 1.92316663330000E+03, -2.00016517849212E+01,  1.25504000000000E+01,  3.31986619857064E-01,  6.73300000000000E+01,  4.88354244428401E+06,  2.35357865717378E+06
 1.92325003330000E+03, -1.14287940451282E+01,  3.35317000000000E+01, -2.06532886902765E-01,  6.75100000000000E+01,  4.84170864787304E+06,  2.01611525407508E+06
 1.92333333330000E+03, -5.13359794100522E+00,  7.18197000000000E+01, -2.09880185817111E-01,  6.76900000000001E+01,  4.38348743347109E+06,  3.59152988405500E+06
 1.92341663330000E+03, -3.30067508740021E+00,  7.01076000000000E+01, -2.13002854985118E-01,  6.78700000000001E+01,  2.97525544551877E+06,  5.04739478828012E+06
 1.92350003330000E+03, -5.43169942836031E+00,  3.91655000000000E+01, -2.15892608460190E-01,  6.80500000000001E+01,  1.20725746840962E+06,  6.03589504186620E+06
 1.92358333330000E+03, -7.69621966339450E+00,  1.19148000000000E+01, -2.18541785120074E-01,  6.82300000000001E+01,  4.14150948160810E+05,  6.55413314427705E+06
 1.92366663330000E+03, -9.71267901810642E+00, -6.25910000000000E+00, -2.20943351064519E-01,  6.84100000000001E+01,  1.22038839107224E+06,  5.97055768775872E+06
 1.92375003330000E+03, -1.16490621532653E+01,  1.55677000000000E+01, -2.24047630705188E-01,  6.85900000000001E+01,  3.64187226693484E+06,  4.81527437071889E+06
 1.92383333330000E+03, -1.31889749401558E+01,  3.99321000000000E+01, -2.25806315854674E-01,  6.87700000000001E+01,  6.71455456659092E+06,  3.84260752795892E+06
 1.92391663330000E+03, -1.43662852035848E+01,  3.50657000000000E+01, -2.27297759300702E-01,  6.89500000000001E+01,  8.93797243646016E+06,  2.82076455208859E+06
 1.92400003330000E+03, -1.50926020947419E+01,  3.29691000000000E+01, -2.28517734179517E-01,  6.91300000000001E+01,  9.96956157263190E+06,  2.42840914845329E+06
 1.92408333330000E+03, -1.10871587261962E+01,  2.49486000000000E+01, -2.29462628919376E-01,  6.93100000000001E+01,  9.92965622321131E+06,  3.72208402575977E+06
 1.92416663330000E+03, -2.34954849513970E+00,  2.17742000000000E+01, -2.30129440911480E-01,  6.94900000000001E+01,  8.46738954633799E+06,  5.26792496679921E+06
 1.92425003330000E+03,  1.10311612853231E+01,  7.52360000000000E+00, -1.60131483855061E-01,  6.96700000000001E+01,  6.12157939410896E+06,  5.26361948298998E+06
 1.92433333330000E+03,  2.00588656678419E+01, -1.44203000000000E+01, -1.65191283650273E-01,  6.98500000000001E+01,  4.10426271556144E+06,  4.96961989162634E+06
 1.92441663330000E+03,  2.46288083676198E+01, -2.75181000000000E+01, -1.70150047586656E-01,  7.00300000000001E+01,  3.02282420946655E+06,  5.90655019522984E+06
 1.92450003330000E+03,  2.47053592047276E+01,  1.23100000000000E+00, -1.74993453320388E-01,  7.02100000000002E+01,  3.52809558322576E+06,  7.57552803823897E+06
 1.92458333330000E+03,  2.49627630067452E+01,  3.29023000000000E+01, -1.79707677563853E-01,  7.03900000000002E+01,  5.69135234706578E+06,  9.94988638132676E+06
 1.92466663330000E+03,  2.54261996167841E+01,  2.64196000000000E+01, -1.84279416378862E-01,  7.05700000000002E+01,  7.94951713869300E+06,  1.29707517111545E+07
 1.92475003330000E+03,  2.61134842449235E+01,  3.13222000000000E+01, -1.83299376193752E-01,  7.07500000000002E+01,  9.27744627541708E+06,  1.49267321012710E+07
 1.92483333330000E+03,  2.65172200189449E+01,  2.28394000000000E+01, -1.87750635464893E-01,  7.09300000000002E+01,  9.93579049422647E+06,  1.50974716892045E+07
 1.92491663330000E+03,  2.64940423459110E+01,  3.07410000000000E+01, -1.92037035562870E-01,  7.11100000000002E+01,  9.56364735836076E+06,  1.44335392872108E+07
 1.92500003330000E+03,  2.60439512347590E+01,  3.37973000000000E+01, -1.96146809445199E-01,  7.12900000000002E+01,  7.60378789752383E+06,  1.29233112780725E+07
 1.92508333330000E+03,  2.53360431968796E+01,  2.48526000000000E+01, -2.00068769892095E-01,  7.14700000000002E+01,  4.87338698960715E+06,  1.04392380413483E+07
 1.92516663330000E+03,  2.46438982570007E+01,  3.98309000000000E+01, -2.03792321278593E-01,  7.16500000000002E+01,  3.47516112444420E+06,  8.50065457061639E+06
 1.92525003330000E+03,  2.34004454915094E+01,  3.96561000000000E+01,  1.88177223881096E-01,  7.18300000000002E+01,  4.50509363957788E+06,  7.51114629965645E+06
 1.92533333330000E+03,  2.13083062387715E+01,  3.87111000000000E+01,  1.93425910835818E-01,  7.20100000000002E+01,  6.06046721982362E+06,  5.79661673767777E+06
 1.92541663330000E+03,  1.76116751606374E+01,  4.29968000000000E+01,  1.98566477120582E-01,  7.21900000000002E+01,  6.50648124593720E+06,  3.31643783225025E+06
 1.92550003330000E+03,  1.28379127873909E+01,  3.40525000000000E+01,  2.03582456798117E-01,  7.23700000000002E+01,  7.05955747862145E+06,  2.71362156637761E+06
 1.92558333330000E+03,  6.79053672343526E+00, -1.66620000000000E+01,  2.08457966629876E-01,  7.25500000000002E+01,  8.02262833776386E+06,  7.30772197539269E+06
 1.92566663330000E+03,  1.54601951035408E-01, -3.18381000000000E+01,  2.13177732336201E-01,  7.27300000000002E+01,  8.26497034542871E+06,  1.77496015682728E+07
 1.92575003330000E+03, -6.93918601171965E+00, -2.33981000000000E+01,  2.21882163672983E-01,  7.29100000000003E+01,  8.41255136250716E+06,  2.89142056383396E+07
 1.92583333330000E+03, -1.31512864214152E+01, -2.81897000000000E+01,  2.26059499696010E-01,  7.30900000000003E+01,  9.14591274227482E+06,  3.49231502798394E+07
 1.92591663330000E+03, -1.84452744827241E+01, -1.48276000000000E+01,  2.30027132099987E-01,  7.32700000000003E+01,  9.65972514078815E+06,  3.53732391003047E+07
 1.92600003330000E+03, -2.23963590607073E+01, -2.02341000000000E+01,  2.33773109619388E-01,  7.34500000000003E+01,  9.34009607948075E+06,  3.06762328679353E+07
 1.92608333330000E+03, -2.40997305626077E+01, -9.79520000000000E+00,  2.37286198838659E-01,  7.36300000000003E+01,  7.79241157710444E+06,  2.01963547447187E+07
 1.92616663330000E+03, -2.25129871476351E+01,  3.95120000000000E+00,  2.40555894781072E-01,  7.38100000000003E+01,  5.16083570424305E+06,  8.71541815721256E+06
 1.92625003330000E+03, -1.74204048504961E+01, -1.00709000000000E+01,  2.21607679695128E-01,  7.39900000000003E+01,  2.82232747424947E+06,  2.80449423343448E+06
 1.92633333330000E+03, -1.08469523572182E+01, -1.24785000000000E+01,  2.16885229417892E-01,  7.41700000000003E+01,  1.64382160887428E+06,  2.18255434336872E+06
 1.92641663330000E+03, -3.86145997763654E+00, -5.80920000000000E+00,  2.11910351520276E-01,  7.43500000000003E+01,  1.26245284192607E+06,  2.77522897732337E+06
 1.92650003330000E+03,  2.67159602540280E+00,  6.93760000000000E+00,  2.06690865137896E-01,  7.45300000000003E+01,  1.39912845589507E+06,  2.71457881310476E+06
 1.92658333330000E+03,  8.47775613892376E+00,  6.14510000000000E+00,  2.01234935992439E-01,  7.47100000000003E+01,  2.00967201828609E+06,  2.34167095640355E+06
 1.92666663330000E+03,  1.33950759850226E+01,  1.37372000000000E+01,  1.95551052557706E-01,  7.48900000000003E+01,  2.93177766785257E+06,  2.87140063762544E+06
 1.92675003330000E+03,  1.76930609233585E+01,  1.34837000000000E+01,  1.96568119929282E-01,  7.50700000000003E+01,  4.41805302644782E+06,  5.73700097565537E+06
 1.92683333330000E+03,  2.26283092022731E+01,  2.43833000000000E+01,  1.90703014310960E-01,  7.52500000000003E+01,  6.81623869292608E+06,  1.06847909168900E+07
 1.92691663330000E+03,  2.82034303723892E+01,  5.11289000000000E+01,  1.84626189510074E-01,  7.54300000000003E+01,  9.34165009798275E+06,  1.45457113779425E+07
 1.92700003330000E+03,  3.36451614222250E+01,  5.49521000000000E+01,  1.78346916909170E-01,  7.56100000000004E+01,  1.07541972341644E+07,  1.54402142686615E+07
 1.92708333330000E+03,  3.89492209543429E+01,  6.32360000000000E+01,  1.71874699917541E-01,  7.57900000000004E+01,  1.08439787489683E+07,  1.48818811156338E+07
 1.92716663330000E+03,  4.36152562825809E+01,  6.46736000000000E+01,  1.65219250588176E-01,  7.59700000000004E+01,  9.69788743528119E+06,  1.24482210245282E+07
 1.92725003330000E+03,  4.74675578429226E+01,  6.36504000000000E+01, -4.53831645647632E-01,  7.61500000000004E+01,  7.19082812087526E+06,  7.38405642423239E+06
 1.92733333330000E+03,  4.76505901014292E+01,  7.03956000000000E+01, -4.44560103937675E-01,  7.63300000000004E+01,  4.13916709572161E+06,  3.49707156610509E+06
 1.92741663330000E+03,  4.34585422474839E+01,  4.54483000000000E+01, -4.34896029495167E-01,  7.65100000000004E+01,  2.13448484685377E+06,  2.56815739298576E+06
 1.92750003330000E+03,  3.49915419738064E+01,  4.08864000000000E+01, -4.24867709655133E-01,  7.66900000000004E+01,  2.35059524906350E+06,  2.12159669932387E+06
 1.92758333330000E+03,  2.37889864153299E+01,  3.30159000000000E+01, -4.14504332035630E-01,  7.68700000000004E+01,  4.57502826881594E+06,  2.39802081429269E+06
 1.92766663330000E+03,  1.06768802448422E+01,  6.14530000000000E+00, -4.03835855866073E-01,  7.70500000000004E+01,  6.94515548580086E+06,  4.20835251790390E+06
 1.92775003330000E+03, -3.93444614641454E+00, -5.64770000000000E+00, -3.92577038637433E-01,  7.72300000000004E+01,  8.09583645834203E+06,  5.52351179344487E+06
 1.92783333330000E+03, -1.91802992309946E+01, -2.57493000000000E+01, -3.81384209757954E-01,  7.74100000000004E+01,  8.25866965853121E+06,  5.70046636909170E+06
 1.92791663330000E+03, -3.42339063637754E+01, -3.13894000000000E+01, -3.69980419892051E-01,  7.75900000000004E+01,  7.18187571754164E+06,  5.91306249499746E+06
 1.92800003330000E+03, -4.70649382537908E+01, -2.07211000000000E+01, -3.58397455284575E-01,  7.77700000000004E+01,  4.53852841577722E+06,  6.42859763874322E+06
 1.92808333330000E+03, -4.34115250963905E+01, -3.82300000000000E+00, -3.46667247058990E-01,  7.79500000000004E+01,  1.87633883205723E+06,  6.61770956195220E+06
 1.92816663330000E+03, -2.22386099884881E+01,  4.15200000000000E+00, -3.34821753677242E-01,  7.81300000000005E+01,  8.99545319712479E+05,  6.77972223769905E+06
 1.92825003330000E+03,  1.37195558428344E+01,  1.89700000000000E+00, -4.51986198768237E-01,  7.83100000000005E+01,  1.46882011241257E+06,  8.25829876348524E+06
 1.92833333330000E+03,  3.59799307000386E+01, -4.89750000000000E+00, -4.42632889610469E-01,  7.84900000000005E+01,  2.36120826737795E+06,  9.47303117475087E+06
 1.92841663330000E+03,  4.15721384714079E+01,  3.84900000000000E-01, -4.32892700004056E-01,  7.86700000000005E+01,  2.73271312881736E+06,  7.91184524229963E+06
 1.92850003330000E+03,  3.08555948239437E+01,  8.66810000000000E+00, -4.22794110100364E-01,  7.88500000000005E+01,  2.93070661174723E+06,  6.75202339534909E+06
 1.92858333330000E+03,  1.89179850193586E+01, -1.50497000000000E+01, -4.12366474230314E-01,  7.90300000000005E+01,  3.69644563897622E+06,  9.62164085199408E+06
 1.92866663330000E+03,  6.99047405002247E+00, -4.59214000000000E+01, -4.01639892337317E-01,  7.92100000000005E+01,  4.94112276821266E+06,  1.46068678574649E+07
 1.92875003330000E+03, -4.57169597261404E+00, -3.00232000000000E+01, -4.00590974267131E-01,  7.93900000000005E+01,  6.28523128436363E+06,  1.98883917319019E+07
 1.92883333330000E+03, -1.83453038639302E+01, -1.26644000000000E+01, -3.89571944725412E-01,  7.95700000000005E+01,  7.56950925868214E+06,  2.42830177313253E+07
 1.92891663330000E+03, -3.37864093865701E+01,  5.54060000000000E+00, -3.78318926680406E-01,  7.97500000000005E+01,  8.18392807922431E+06,  2.43013639712525E+07
 1.92900003330000E+03, -4.86601561943257E+01,  1.55924000000000E+01, -3.66863524866202E-01,  7.99300000000005E+01,  7.37703411108487E+06,  1.98862598075098E+07
 1.92908333330000E+03, -5.06521283474571E+01,  3.10480000000000E+00, -3.55237576486309E-01,  8.01100000000005E+01,  5.40161006203913E+06,  1.46039860204657E+07
 1.92916663330000E+03, -3.82469176622895E+01, -2.61360000000000E+00, -3.43473031527082E-01,  8.02900000000005E+01,  3.26654860723132E+06,  9.49196937532053E+06
 1.92925003330000E+03, -1.35807030877643E+01,  1.06687000000000E+01, -1.88562932591360E-01,  8.04700000000005E+01,  1.63082336534203E+06,  5.36059971938555E+06
 1.92933333330000E+03,  3.58093007737222E+00,  2.58731000000000E+01, -1.92817266648280E-01,  8.06500000000005E+01,  7.98578851342122E+05,  4.19077529823218E+06
 1.92941663330000E+03,  1.13696256884455E+01,  3.70775000000000E+01, -1.96892843668046E-01,  8.08300000000006E+01,  8.25644380472169E+05,  4.56629054434568E+06
 1.92950003330000E+03,  1.01705070840256E+01,  4.96672000000000E+01, -2.00778585924282E-01,  8.10100000000006E+01,  1.09160401569257E+06,  3.75386457072320E+06
 1.92958333330000E+03,  9.61922056673447E+00,  5.31022000000000E+01, -2.04464009290781E-01,  8.11900000000006E+01,  1.12665544815463E+06,  2.35803818907105E+06
 1.92966663330000E+03,  1.00198431451138E+01,  6.81524000000000E+01, -2.07939232987549E-01,  8.13700000000006E+01,  1.41966445458096E+06,  2.09794814644172E+06
 1.92975003330000E+03,  1.10792910046641E+01,  7.42803000000000E+01, -2.04877008403987E-01,  8.15500000000006E+01,  2.94074958541300E+06,  3.04681883343711E+06
 1.92983333330000E+03,  1.16275621261675E+01,  6.81765000000000E+01, -2.08327303190545E-01,  8.17300000000006E+01,  6.46218967855772E+06,  4.85067875533485E+06
 1.92991663330000E+03,  1.13420256818264E+01,  6.35342000000000E+01, -2.11557096303972E-01,  8.19100000000006E+01,  1.10762075784510E+07,  7.73769330205587E+06
 1.93000003330000E+03,  7.50277799692556E+00,  5.96618000000000E+01, -2.14557808071504E-01,  8.20900000000006E+01,  1.44459333821279E+07,  1.12573188227849E+07
 1.93008333330000E+03, -2.77348812919390E+00,  5.65578000000000E+01, -2.17321481984458E-01,  8.22700000000006E+01,  1.56337436041840E+07,  1.33401568618668E+07
 1.93016663330000E+03, -1.91455881175883E+01,  3.32998000000000E+01, -2.19840787811710E-01,  8.24500000000006E+01,  1.47090994094970E+07,  1.27398985092235E+07
 1.93025003330000E+03, -3.49885772698401E+01,  2.35040000000000E+01, -7.49803574215590E-02,  8.26300000000006E+01,  1.13670498072226E+07,  1.08797665129199E+07
 1.93033333330000E+03, -4.23349171723958E+01,  3.07843000000000E+01, -7.92454757132015E-02,  8.28100000000006E+01,  6.89376689305698E+06,  8.83561085936345E+06
 1.93041663330000E+03, -4.03619215154419E+01,  2.29107000000000E+01, -8.36985305900734E-02,  8.29900000000006E+01,  3.79233062251279E+06,  6.42759042243707E+06
 1.93050003330000E+03, -3.30132586372010E+01,  6.19160000000000E+00, -8.83215266248251E-02,  8.31700000000006E+01,  3.11654178916835E+06,  5.13581246490218E+06
 1.93058333330000E+03, -2.39206680932402E+01, -2.50669000000000E+01, -9.30963629435122E-02,  8.33500000000006E+01,  4.47349559356805E+06,  6.26623473546270E+06
 1.93066663330000E+03, -1.40696502079139E+01, -3.10947000000000E+01, -9.80048811679601E-02,  8.35300000000007E+01,  6.57503427511961E+06,  8.08384900731740E+06
 1.93075003330000E+03, -3.10178674097608E+00, -3.49679000000000E+01, -1.08855682539023E-01,  8.37100000000007E+01,  7.99010281109421E+06,  8.91151223066707E+06
 1.93083333330000E+03,  7.13785504279038E+00, -2.63035000000000E+01, -1.14065844175691E-01,  8.38900000000007E+01,  8.37111236999608E+06,  8.86008008773938E+06
 1.93091663330000E+03,  1.56404401200015E+01, -1.04854000000000E+01, -1.19334958678566E-01,  8.40700000000007E+01,  7.61123111655170E+06,  7.93218170018246E+06
 1.93100003330000E+03,  2.06416940091639E+01,  1.23334000000000E+01, -1.24645279488438E-01,  8.42500000000007E+01,  5.66395078613810E+06,  6.70626151078651E+06
 1.93108333330000E+03,  2.22121729232201E+01,  2.22282000000000E+01, -1.29979267334915E-01,  8.44300000000007E+01,  3.60068854539632E+06,  6.47980915919760E+06
 1.93116663330000E+03,  2.17069874418827E+01,  1.78922000000000E+01, -1.35319627909795E-01,  8.46100000000007E+01,  2.31661816684030E+06,  7.20439022256821E+06
 1.93125003330000E+03,  2.22867696563249E+01,  4.57876000000000E+01, -8.20285333872477E-01,  8.47900000000007E+01,  1.70294883535911E+06,  8.38848057909577E+06
 1.93133333330000E+03,  2.58340770741348E+01,  5.72207000000000E+01, -8.13768499237236E-01,  8.49700000000007E+01,  1.72138082844915E+06,  1.06208216558699E+07
 1.93141663330000E+03,  3.25015043532571E+01,  2.98844000000000E+01, -8.06213815002509E-01,  8.51500000000007E+01,  2.03022471139257E+06,  1.34697907287925E+07
 1.93150003330000E+03,  4.01314542576156E+01,  4.85488000000000E+01, -7.97655240046052E-01,  8.53300000000007E+01,  1.81650687171139E+06,  1.40450728620610E+07
 1.93158333330000E+03,  4.67474657272504E+01,  5.47508000000000E+01, -7.88133050989981E-01,  8.55100000000007E+01,  1.19286656948685E+06,  1.17140216831730E+07
 1.93166663330000E+03,  5.09821880175696E+01,  4.81834000000000E+01, -7.77693425549193E-01,  8.56900000000007E+01,  1.22442404385581E+06,  1.12849003383925E+07
 1.93175003330000E+03,  5.21184680799293E+01,  6.06937000000000E+01, -7.63321761653328E-01,  8.58700000000007E+01,  2.63003243511953E+06,  1.47348309088429E+07
 1.93183333330000E+03,  4.98280659835499E+01,  6.45877000000000E+01, -7.51007120628064E-01,  8.60500000000008E+01,  4.97292355478073E+06,  1.68322612267548E+07
 1.93191663330000E+03,  4.32176649847183E+01,  6.64047000000000E+01, -7.37960928940408E-01,  8.62300000000008E+01,  7.04302170458594E+06,  1.57338959132467E+07
 1.93200003330000E+03,  3.43131755155514E+01,  6.77609000000000E+01, -7.24249237737480E-01,  8.64100000000008E+01,  8.16387393885638E+06,  1.53060202016760E+07
 1.93208333330000E+03,  2.61785769716774E+01,  5.98085000000000E+01, -7.09941430348733E-01,  8.65900000000008E+01,  8.15979047557254E+06,  1.51237834472040E+07
 1.93216663330000E+03,  2.31188986159679E+01,  6.30098000000000E+01, -6.95109693058465E-01,  8.67700000000008E+01,  6.60675672546665E+06,  1.27605135245641E+07
 1.93225003330000E+03,  2.52128022338636E+01,  7.86734000000000E+01, -8.20859330654320E-01,  8.69500000000008E+01,  3.95072624434402E+06,  1.11381600616053E+07
 1.93233333330000E+03,  3.10461672465263E+01,  7.01822000000000E+01, -8.14444396980987E-01,  8.71300000000008E+01,  1.81978612840737E+06,  1.27389840511375E+07
 1.93241663330000E+03,  3.79546333918150E+01,  7.23064000000000E+01, -8.06988679814794E-01,  8.73100000000008E+01,  1.03123358027184E+06,  1.46535059522569E+07
 1.93250003330000E+03,  4.44038401988872E+01,  7.46620000000000E+01, -7.98525506289791E-01,  8.74900000000008E+01,  1.09544537290123E+06,  1.40293680344961E+07
 1.93258333330000E+03,  4.94007085130198E+01,  4.67090000000000E+01, -7.89094559889113E-01,  8.76700000000008E+01,  1.56007724918182E+06,  1.14189150427913E+07
 1.93266663330000E+03,  5.22125227359437E+01,  2.42175000000000E+01, -7.78741466797150E-01,  8.78500000000008E+01,  2.51629588952926E+06,  8.24528281032031E+06
 1.93275003330000E+03,  5.33477615047174E+01,  3.38036000000000E+01, -7.79468568341174E-01,  8.80300000000008E+01,  4.34006539799446E+06,  6.08331391409738E+06
 1.93283333330000E+03,  5.25940907210106E+01,  1.85426000000000E+01, -7.68301554900819E-01,  8.82100000000008E+01,  7.15354678597684E+06,  7.21997545566749E+06
 1.93291663330000E+03,  4.97373196564340E+01,  8.20470000000000E+00, -7.56315738145021E-01,  8.83900000000008E+01,  1.00597448273095E+07,  1.14959045683962E+07
 1.93300003330000E+03,  4.34539522932881E+01,  1.95597000000000E+01, -7.43571528056893E-01,  8.85700000000008E+01,  1.16178014413086E+07,  1.57132889114034E+07
 1.93308333330000E+03,  2.40439937077902E+01,  3.41447000000000E+01, -7.30133406608374E-01,  8.87500000000009E+01,  1.12650292008549E+07,  1.84181285425794E+07
 1.93316663330000E+03, -6.20961962746312E+00,  1.68834000000000E+01, -7.16069410123230E-01,  8.89300000000009E+01,  9.29361211213982E+06,  1.95628056638381E+07
 1.93325003330000E+03, -4.31036984715095E+01,  1.62280000000000E+00, -2.85856063146506E-01,  8.91100000000009E+01,  6.17992191190310E+06,  1.77260110093821E+07
 1.93333333330000E+03, -6.34093250243237E+01, -2.47926000000000E+01, -2.73911790745177E-01,  8.92900000000009E+01,  2.98948167393856E+06,  1.33301790853062E+07
 1.93341663330000E+03, -6.68062091662546E+01, -4.81311000000000E+01, -2.62041046785869E-01,  8.94700000000009E+01,  9.96066393285032E+05,  9.06315335971077E+06
 1.93350003330000E+03, -5.62027808860542E+01, -4.91612000000000E+01, -2.50272935123854E-01,  8.96500000000009E+01,  4.49161396278184E+05,  6.08194742409687E+06
 1.93358333330000E+03, -4.50324391478692E+01, -3.74230000000000E+01, -2.38635780324620E-01,  8.98300000000009E+01,  9.35111075715616E+05,  4.54193436198676E+06
 1.93366663330000E+03, -3.52604648679292E+01, -3.56848000000000E+01, -2.27157049292346E-01,  9.00100000000009E+01,  1.95993201576860E+06,  4.00339199600298E+06
 1.93375003330000E+03, -2.59317659852549E+01, -4.80229000000000E+01, -2.31870651720068E-01,  9.01900000000009E+01,  2.73844205073288E+06,  3.04228385293547E+06
 1.93383333330000E+03, -1.53580128369212E+01, -5.11311000000000E+01, -2.20497439159466E-01,  9.03700000000009E+01,  2.98315665028127E+06,  2.06887351817349E+06
 1.93391663330000E+03, -2.91693944494385E+00, -3.39317000000000E+01, -2.09324315866467E-01,  9.05500000000009E+01,  3.01408344072155E+06,  2.13284601424310E+06
 1.93400003330000E+03,  8.93735083050965E+00, -2.05008000000000E+01, -1.98376203096338E-01,  9.07300000000009E+01,  2.71867644621656E+06,  2.01750941050645E+06
 1.93408333330000E+03,  1.40126450126236E+01, -1.67632000000000E+01, -1.87676926853094E-01,  9.09100000000009E+01,  2.19481177107889E+06,  1.29166645218711E+06
 1.93416663330000E+03,  1.07883726690339E+01, -3.07179000000000E+01, -1.77249164052643E-01,  9.10900000000009E+01,  1.96319890450955E+06,  1.24552971717673E+06
 1.93425003330000E+03,  1.95703533702484E+00,  4.78960000000000E+00, -3.88780917996973E-01,  9.12700000000009E+01,  1.87792507992004E+06,  1.68818497876446E+06
 1.93433333330000E+03, -2.51399966114772E+00,  2.26040000000000E+01, -3.95555273238072E-01,  9.14500000000010E+01,  2.07872092365039E+06,  1.90803437874249E+06
 1.93441663330000E+03, -3.44093927454354E-01,  3.53413000000000E+01, -4.02601530552261E-01,  9.16300000000010E+01,  3.20934191985102E+06,  2.45449597230214E+06
 1.93450003330000E+03,  7.47282554783263E+00,  4.66947000000000E+01, -4.09868089164699E-01,  9.18100000000010E+01,  4.59798007562826E+06,  3.21128286311360E+06
 1.93458333330000E+03,  1.68095582157550E+01,  5.02010000000000E+01, -4.17303190195623E-01,  9.19900000000010E+01,  5.40285166533696E+06,  3.31544229732453E+06
 1.93466663330000E+03,  2.63214072840214E+01,  2.67842000000000E+01, -4.24855170074143E-01,  9.21700000000010E+01,  6.13689802975403E+06,  2.99487786001917E+06
 1.93475003330000E+03,  3.55364486982667E+01,  2.05220000000000E+01, -4.40360721285807E-01,  9.23500000000010E+01,  6.94661712576437E+06,  2.50038803746524E+06
 1.93483333330000E+03,  4.27320690256845E+01,  3.08742000000000E+01, -4.47955909252699E-01,  9.25300000000010E+01,  7.47151291829417E+06,  1.89056377855769E+06
 1.93491663330000E+03,  4.80160398521176E+01,  3.28417000000000E+01, -4.55465432356586E-01,  9.27100000000010E+01,  7.79608942623313E+06,  2.38593947092446E+06
 1.93500003330000E+03,  5.13767116269697E+01,  4.05022000000000E+01, -4.62841646626772E-01,  9.28900000000010E+01,  7.64779150783123E+06,  4.05997291218280E+06
 1.93508333330000E+03,  5.11573456186929E+01,  4.94696000000000E+01, -4.70038336684884E-01,  9.30700000000010E+01,  7.02485761553221E+06,  5.13808744247320E+06
 1.93516663330000E+03,  4.54128533673395E+01,  4.31291000000000E+01, -4.77010897075018E-01,  9.32500000000010E+01,  6.20873245583212E+06,  5.57589501491311E+06
 1.93525003330000E+03,  3.27859972011229E+01,  6.84048000000000E+01, -7.13423916410015E-01,  9.34300000000010E+01,  4.60186862302293E+06,  6.66736325343667E+06
 1.93533333330000E+03,  1.68286017696505E+01,  5.94488000000000E+01, -7.01254217142817E-01,  9.36100000000010E+01,  2.80044990312259E+06,  8.41091686989116E+06
 1.93541663330000E+03,  2.59034396389259E-01,  5.68773000000000E+01, -6.90413807734845E-01,  9.37900000000010E+01,  2.35144910946579E+06,  1.01077341498515E+07
 1.93550003330000E+03, -1.40039848370958E+01,  6.08450000000000E+01, -6.80945254401440E-01,  9.39700000000011E+01,  2.68540927652450E+06,  1.10858944511590E+07
 1.93558333330000E+03, -2.59113900229687E+01,  5.48887000000000E+01, -6.72878302310757E-01,  9.41500000000011E+01,  3.01590542637634E+06,  1.09714023197118E+07
 1.93566663330000E+03, -3.52306977161461E+01,  1.50092000000000E+01, -6.66229897285150E-01,  9.43300000000011E+01,  3.52062150932267E+06,  9.84968887360363E+06
 1.93575003330000E+03, -4.27188477391199E+01,  8.59200000000000E+00, -6.61429891965732E-01,  9.45100000000011E+01,  3.42725766886205E+06,  7.81831621045382E+06
 1.93583333330000E+03, -4.85615394740934E+01, -1.40569000000000E+01, -6.57488279709304E-01,  9.46900000000011E+01,  2.59924196616818E+06,  5.89958873776730E+06
 1.93591663330000E+03, -5.27893281360335E+01, -8.01350000000000E+00, -6.54943544734556E-01,  9.48700000000011E+01,  2.07388538795656E+06,  6.02344612156051E+06
 1.93600003330000E+03, -5.47319814013866E+01, -4.81560000000000E+00, -6.53764934762606E-01,  9.50500000000011E+01,  2.10429896200782E+06,  8.77809572029794E+06
 1.93608333330000E+03, -5.47235101979618E+01, -5.46480000000000E+00, -6.53910567374145E-01,  9.52300000000011E+01,  2.39265736160255E+06,  1.17493626753241E+07
 1.93616663330000E+03, -5.36594188578233E+01, -1.64986000000000E+01, -6.55328042995312E-01,  9.54100000000011E+01,  2.48132047714085E+06,  1.16028003120306E+07
 1.93625003330000E+03, -5.30321399762634E+01, -2.13010000000000E+01, -6.53848351168357E-01,  9.55900000000011E+01,  2.84407731695739E+06,  1.03743723710989E+07
 1.93633333330000E+03, -5.30883156878089E+01, -3.14889000000000E+01, -6.53813011327164E-01,  9.57700000000011E+01,  4.80064754017793E+06,  1.33074524181257E+07
 1.93641663330000E+03, -5.32021732607340E+01, -1.53692000000000E+01, -6.55057394291209E-01,  9.59500000000011E+01,  7.08438739911488E+06,  1.80855469552069E+07
 1.93650003330000E+03, -5.25856411834897E+01, -1.35565000000000E+01, -6.57520591863413E-01,  9.61300000000011E+01,  7.70774908715186E+06,  1.92866014138348E+07
 1.93658333330000E+03, -5.12476413333343E+01, -4.36677000000000E+01, -6.61132510636586E-01,  9.63100000000011E+01,  7.70486464118041E+06,  1.89841258007310E+07
 1.93666663330000E+03, -4.91338610871474E+01, -5.37791000000000E+01, -6.65814674152561E-01,  9.64900000000011E+01,  7.42078336799585E+06,  1.87000172442672E+07
 1.93675003330000E+03, -4.58758450987057E+01, -5.31205000000000E+01, -6.66980489272856E-01,  9.66700000000012E+01,  5.36262552310132E+06,  1.45024478053375E+07
 1.93683333330000E+03, -4.04282134809745E+01, -5.47704000000000E+01, -6.72851289658842E-01,  9.68500000000012E+01,  2.41865329769058E+06,  7.88517097094211E+06
 1.93691663330000E+03, -3.27548036206773E+01, -3.48820000000000E+01, -6.79592484108369E-01,  9.70300000000012E+01,  8.39876848922235E+05,  5.23050983791947E+06
 1.93700003330000E+03, -2.44242249349944E+01, -2.42237000000000E+01, -6.87104570238677E-01,  9.72100000000012E+01,  9.49265609817503E+05,  7.90898127354204E+06
 1.93708333330000E+03, -2.25639009827450E+01, -3.04894000000000E+01, -6.95283478585066E-01,  9.73900000000012E+01,  1.63908932424326E+06,  1.24722645464304E+07
 1.93716663330000E+03, -2.98356466163602E+01, -2.67551000000000E+01, -7.04021530235652E-01,  9.75700000000012E+01,  2.06051052951889E+06,  1.48888996609178E+07
 1.93725003330000E+03, -4.53165404500456E+01, -1.99432000000000E+01, -6.49909906646518E-01,  9.77500000000012E+01,  2.11196568351104E+06,  1.44154845092679E+07
 1.93733333330000E+03, -5.75742429360796E+01, -1.92860000000000E+01, -6.33760946567766E-01,  9.79300000000012E+01,  2.42349399506822E+06,  1.49188259746676E+07
 1.93741663330000E+03, -6.22430519567217E+01, -5.01674000000000E+01, -6.17464261709010E-01,  9.81100000000012E+01,  5.04972837664455E+06,  1.80743991040190E+07
 1.93750003330000E+03, -5.74275250650954E+01, -7.65866000000000E+01, -6.01097858154292E-01,  9.82900000000012E+01,  1.07734792721739E+07,  2.02755481091162E+07
 1.93758333330000E+03, -4.77279452797585E+01, -7.14682000000000E+01, -5.84738990869083E-01,  9.84700000000012E+01,  1.56918521815137E+07,  1.97659219375609E+07
 1.93766663330000E+03, -3.42959322111996E+01, -2.96575000000000E+01, -5.68463699554964E-01,  9.86500000000012E+01,  1.71172906089317E+07,  1.90261039838271E+07
 1.93775003330000E+03, -1.85480688398165E+01,  9.76920000000000E+00, -5.60198541587377E-01,  9.88300000000012E+01,  1.68844679743690E+07,  1.76386015308868E+07
 1.93783333330000E+03, -3.18916983841554E-01,  3.01950000000000E+01, -5.44190053402090E-01,  9.90100000000012E+01,  1.42084870513414E+07,  1.20475523998773E+07
 1.93791663330000E+03,  1.85434468673106E+01,  5.26977000000000E+01, -5.28447862102770E-01,  9.91900000000012E+01,  8.05742751249332E+06,  5.01857573865712E+06
 1.93800003330000E+03,  3.62496430966068E+01,  6.62011000000000E+01, -5.13040388454671E-01,  9.93700000000013E+01,  3.57157929864267E+06,  2.79873156057694E+06
 1.93808333330000E+03,  4.97709125437984E+01,  6.24728000000000E+01, -4.98033033979765E-01,  9.95500000000013E+01,  3.95283333445365E+06,  3.82735693692987E+06
 1.93816663330000E+03,  5.82658249658853E+01,  7.08213000000000E+01, -4.83487855586737E-01,  9.97300000000013E+01,  5.73832998769939E+06,  3.94196659830931E+06
 1.93825003330000E+03,  6.16606262225016E+01,  7.65552000000000E+01, -7.60774489452941E-01,  9.99100000000013E+01,  6.26758011469760E+06,  3.97698779585995E+06
 1.93833333330000E+03,  6.14626957735295E+01,  1.04827000000000E+02, -7.70338778938290E-01,  1.00090000000001E+02,  5.95701833604804E+06,  4.12076442619279E+06
 1.93841663330000E+03,  5.84884280258348E+01,  1.10098000000000E+02, -7.79595297614486E-01,  1.00270000000001E+02,  5.14764907225642E+06,  3.73965550640477E+06
 1.93850003330000E+03,  5.35766839043947E+01,  1.16447000000000E+02, -7.88444326879887E-01,  1.00450000000001E+02,  3.71682266383698E+06,  5.21283371790798E+06
 1.93858333330000E+03,  4.64250208967782E+01,  1.26949000000000E+02, -7.96790968110395E-01,  1.00630000000001E+02,  2.55682643176613E+06,  8.94791039562019E+06
 1.93866663330000E+03,  3.76453932849674E+01,  9.85277000000000E+01, -8.04545761207016E-01,  1.00810000000001E+02,  3.16243853808106E+06,  1.21383536898762E+07
 1.93875003330000E+03,  2.77143229807681E+01,  7.27994000000000E+01, -8.15068665949070E-01,  1.00990000000001E+02,  4.50248143030763E+06,  1.39409139643978E+07
 1.93883333330000E+03,  1.81678915302658E+01,  3.40703000000000E+01, -8.20969389640475E-01,  1.01170000000001E+02,  4.77529611124873E+06,  1.49080413091090E+07
 1.93891663330000E+03,  1.01977319942279E+01,  3.37257000000000E+01, -8.26013684072008E-01,  1.01350000000001E+02,  5.26876891219499E+06,  1.40333363281604E+07
 1.93900003330000E+03,  4.94530494064820E+00,  3.06126000000000E+01, -8.30142779816775E-01,  1.01530000000001E+02,  6.12267211808825E+06,  1.04940036092992E+07
 1.93908333330000E+03,  7.98581887851451E+00,  1.70371000000000E+01, -8.33305634496958E-01,  1.01710000000001E+02,  5.24883441872558E+06,  6.44410914067202E+06
 1.93916663330000E+03,  1.83174826526497E+01,  7.68000000000000E-02, -8.35459133853463E-01,  1.01890000000001E+02,  3.85240112333516E+06,  4.95945564568180E+06
 1.93925003330000E+03,  3.31097124538706E+01, -2.79597000000000E+01, -7.47393410492759E-01,  1.02070000000001E+02,  3.51956676810824E+06,  4.94722715308074E+06
 1.93933333330000E+03,  3.88648103407170E+01, -4.77662000000000E+01, -7.32304811369081E-01,  1.02250000000001E+02,  3.24007284559870E+06,  3.53664150913469E+06
 1.93941663330000E+03,  3.36130998191259E+01, -7.40345000000000E+01, -7.18393407227251E-01,  1.02430000000001E+02,  3.73252991037656E+06,  2.72426361896744E+06
 1.93950003330000E+03,  1.90533639693668E+01, -8.45328000000000E+01, -7.05731662276560E-01,  1.02610000000001E+02,  5.45001079883517E+06,  4.36655392895255E+06
 1.93958333330000E+03,  2.65916268934030E+00, -1.02647000000000E+02, -6.94379656233491E-01,  1.02790000000001E+02,  6.38097827789650E+06,  4.86158275700568E+06
 1.93966663330000E+03, -1.29798307447899E+01, -1.29762000000000E+02, -6.84384815443974E-01,  1.02970000000001E+02,  6.44200941780478E+06,  3.55069496146258E+06
 1.93975003330000E+03, -2.71750877195875E+01, -1.29876000000000E+02, -6.75306063366832E-01,  1.03150000000001E+02,  5.98972461816536E+06,  3.86257594650912E+06
 1.93983333330000E+03, -3.91734196020855E+01, -1.46298000000000E+02, -6.68202633310865E-01,  1.03330000000001E+02,  3.89789627066196E+06,  4.88882604987187E+06
 1.93991663330000E+03, -4.87313507535642E+01, -1.38183000000000E+02, -6.62522027882988E-01,  1.03510000000001E+02,  1.44877505284202E+06,  4.55412805718821E+06
 1.94000003330000E+03, -5.54280034282040E+01, -1.38066000000000E+02, -6.58260055380385E-01,  1.03690000000001E+02,  5.15531715140041E+05,  4.20569788736546E+06
 1.94008333330000E+03, -5.33226461991051E+01, -1.25950000000000E+02, -6.55400337193174E-01,  1.03870000000001E+02,  4.15099615680330E+05,  4.34685094612610E+06
 1.94016663330000E+03, -4.27925450868584E+01, -9.76041000000000E+01, -6.53914726062385E-01,  1.04050000000001E+02,  7.06275308676770E+05,  4.13662419822767E+06
 1.94025003330000E+03, -2.70236718149960E+01, -7.70263000000000E+01, -7.14869009164559E-01,  1.04230000000001E+02,  1.55753288471338E+06,  3.71184175173387E+06
 1.94033333330000E+03, -2.10975715477263E+01, -5.08340000000000E+01, -7.00207173393980E-01,  1.04410000000001E+02,  2.30042543788555E+06,  3.02626822292019E+06
 1.94041663330000E+03, -2.72519514084319E+01, -3.84110000000000E+01, -6.85070324993409E-01,  1.04590000000001E+02,  2.80896663123394E+06,  2.70251085793052E+06
 1.94050003330000E+03, -4.23441600619990E+01, -6.16027000000000E+01, -6.69534127063729E-01,  1.04770000000001E+02,  3.59868984527230E+06,  5.83028450110223E+06
 1.94058333330000E+03, -5.62148054669125E+01, -8.01030000000000E+01, -6.53675631163357E-01,  1.04950000000001E+02,  4.31508151661774E+06,  1.29740619206720E+07
 1.94066663330000E+03, -6.53608867395006E+01, -6.99879000000000E+01, -6.37572753225394E-01,  1.05130000000001E+02,  4.03974601190814E+06,  1.84018298078650E+07
 1.94075003330000E+03, -6.94070814376523E+01, -8.09492000000000E+01, -6.33530175832429E-01,  1.05310000000001E+02,  3.23652535273472E+06,  1.89599273334939E+07
 1.94083333330000E+03, -6.89324807104992E+01, -9.10651000000000E+01, -6.17231954839618E-01,  1.05490000000001E+02,  3.45952008450698E+06,  1.91552767120593E+07
 1.94091663330000E+03, -6.38014519095022E+01, -8.19504000000000E+01, -6.00865119538647E-01,  1.05670000000001E+02,  4.46995706296090E+06,  2.03327338972412E+07
 1.94100003330000E+03, -5.56494072877770E+01, -7.41426000000000E+01, -5.84506910827226E-01,  1.05850000000002E+02,  5.04578103835325E+06,  1.81189203032027E+07
 1.94108333330000E+03, -4.81291391787770E+01, -6.87973000000000E+01, -5.68233347888414E-01,  1.06030000000002E+02,  5.55416686721822E+06,  1.38923447060486E+07
 1.94116663330000E+03, -4.57043025513645E+01, -7.88367000000000E+01, -5.52118785357927E-01,  1.06210000000002E+02,  6.02592231401822E+06,  1.27425300454509E+07
 1.94125003330000E+03, -4.86052486633621E+01, -1.11568000000000E+02, -3.71572215874731E-01,  1.06390000000002E+02,  5.46560699660767E+06,  1.22788468634391E+07
 1.94133333330000E+03, -5.39243357579558E+01, -1.22530000000000E+02, -3.65353226497489E-01,  1.06570000000002E+02,  4.21132918672578E+06,  7.95911871784240E+06
 1.94141663330000E+03, -5.86233586372675E+01, -1.20339000000000E+02, -3.60005496541069E-01,  1.06750000000002E+02,  3.00567096620952E+06,  2.63537931528919E+06
 1.94150003330000E+03, -6.18697099902065E+01, -1.42071000000000E+02, -3.55530175433682E-01,  1.06930000000002E+02,  1.95755937988947E+06,  7.04177365592071E+05
 1.94158333330000E+03, -6.40502852393051E+01, -1.46572000000000E+02, -3.51923764226709E-01,  1.07110000000002E+02,  1.57866147963188E+06,  1.44501198418389E+06
 1.94166663330000E+03, -6.53990623517329E+01, -1.48919000000000E+02, -3.49178238999368E-01,  1.07290000000002E+02,  1.88524710855935E+06,  2.54681342032164E+06
 1.94175003330000E+03, -6.60496328751820E+01, -1.52574000000000E+02, -3.47107557920218E-01,  1.07470000000002E+02,  1.96063519669395E+06,  2.98877007196224E+06
 1.94183333330000E+03, -6.60421545629826E+01, -1.47307000000000E+02, -3.46142238892536E-01,  1.07650000000002E+02,  1.61472907579355E+06,  2.97855865673026E+06
 1.94191663330000E+03, -6.56043327971598E+01, -1.28270000000000E+02, -3.45985355616728E-01,  1.07830000000002E+02,  2.32582580389027E+06,  4.48187335971502E+06
 1.94200003330000E+03, -6.48456113093964E+01, -1.09540000000000E+02, -3.46611975181576E-01,  1.08010000000002E+02,  5.39883093387714E+06,  8.17012013655380E+06
 1.94208333330000E+03, -5.95536373959859E+01, -1.04581000000000E+02, -3.47993575938465E-01,  1.08190000000002E+02,  8.82596196191068E+06,  1.10062450627855E+07
 1.94216663330000E+03, -4.82057023008395E+01, -9.94672000000000E+01, -3.50098277615071E-01,  1.08370000000002E+02,  1.00907225944073E+07,  1.15155577543441E+07
 1.94225003330000E+03, -2.94803414550756E+01, -8.67377000000000E+01, -6.82790683193355E-01,  1.08550000000002E+02,  1.02783791660813E+07,  1.15703905633713E+07
 1.94233333330000E+03, -1.07736240126284E+01, -7.08553000000000E+01, -6.90607587293898E-01,  1.08730000000002E+02,  1.00202933415007E+07,  1.03871204946967E+07
 1.94241663330000E+03,  6.32854523776667E+00, -3.84346000000000E+01, -6.99044584727821E-01,  1.08910000000002E+02,  8.71593116960378E+06,  6.60426602949924E+06
 1.94250003330000E+03,  1.99419297651840E+01, -4.37823000000000E+01, -7.07992719329861E-01,  1.09090000000002E+02,  8.63959037700906E+06,  3.71686419127492E+06
 1.94258333330000E+03,  3.27311581906822E+01, -6.74640000000000E+00, -7.17340804318174E-01,  1.09270000000002E+02,  1.08190160520467E+07,  4.08418044748591E+06
 1.94266663330000E+03,  4.38552834213868E+01,  3.55972000000000E+01, -7.26976371638707E-01,  1.09450000000002E+02,  1.26641761836084E+07,  5.24943844381840E+06
 1.94275003330000E+03,  5.26135786843295E+01,  8.14030000000000E+01, -7.40180884319813E-01,  1.09630000000002E+02,  1.28097778419157E+07,  5.70088608071090E+06
 1.94283333330000E+03,  5.78990534911576E+01,  1.05900000000000E+02, -7.50049280020670E-01,  1.09810000000002E+02,  1.10252483871795E+07,  6.10242626360601E+06
 1.94291663330000E+03,  5.94338308372717E+01,  1.20936000000000E+02, -7.59831634258612E-01,  1.09990000000002E+02,  7.33449169876395E+06,  6.72643599983467E+06
 1.94300003330000E+03,  5.82656629600700E+01,  1.28049000000000E+02, -7.69420377348345E-01,  1.10170000000002E+02,  3.59619835766258E+06,  7.20667427009032E+06
 1.94308333330000E+03,  5.37179129382313E+01,  1.36623000000000E+02, -7.78711281273674E-01,  1.10350000000002E+02,  1.38138883454691E+06,  6.96540773304531E+06
 1.94316663330000E+03,  4.75992515537090E+01,  1.43351000000000E+02, -7.87604193778867E-01,  1.10530000000002E+02,  9.45479762151932E+05,  6.42313932488750E+06
 1.94325003330000E+03,  4.13614779157861E+01,  1.50617000000000E+02, -7.08881773995870E-01,  1.10710000000002E+02,  1.89674868794619E+06,  6.08885028887616E+06
 1.94333333330000E+03,  4.03142035801525E+01,  1.34806000000000E+02, -7.18262611086285E-01,  1.10890000000002E+02,  2.69227901444501E+06,  5.02101083564925E+06
 1.94341663330000E+03,  4.45638041431216E+01,  1.35226000000000E+02, -7.27920012164009E-01,  1.11070000000002E+02,  2.76689816073419E+06,  3.52076093339918E+06
 1.94350003330000E+03,  5.19604460598903E+01,  1.40954000000000E+02, -7.37741175341224E-01,  1.11250000000002E+02,  2.93468225851623E+06,  3.34560184420898E+06
 1.94358333330000E+03,  5.82684677868015E+01,  1.61835000000000E+02, -7.47613944949070E-01,  1.11430000000002E+02,  2.98594348900634E+06,  4.80265472315482E+06
 1.94366663330000E+03,  6.20010957032801E+01,  1.39178000000000E+02, -7.57427686150206E-01,  1.11610000000002E+02,  2.66143691985880E+06,  7.20916816126723E+06
 1.94375003330000E+03,  6.31443349234970E+01,  1.13367000000000E+02, -7.65412923312856E-01,  1.11790000000002E+02,  2.19082709762584E+06,  9.12157842529995E+06
 1.94383333330000E+03,  6.20861295922929E+01,  9.25553000000000E+01, -7.74841706195101E-01,  1.11970000000002E+02,  1.76274678394086E+06,  9.41503660612507E+06
 1.94391663330000E+03,  5.87962337887423E+01,  8.57437000000000E+01, -7.83914130093743E-01,  1.12150000000002E+02,  2.13818880063854E+06,  9.22856793213229E+06
 1.94400003330000E+03,  5.27234910305739E+01,  8.46250000000000E+01, -7.92532716979089E-01,  1.12330000000002E+02,  2.90665246114415E+06,  8.55257927206286E+06
 1.94408333330000E+03,  4.35588802893234E+01,  7.71209000000000E+01, -8.00605114027487E-01,  1.12510000000002E+02,  2.86896284076796E+06,  6.20286010784671E+06
 1.94416663330000E+03,  3.28911092228531E+01,  7.27705000000000E+01, -8.08044683615717E-01,  1.12690000000002E+02,  2.76772889072089E+06,  4.11731951196307E+06
 1.94425003330000E+03,  2.46885186721014E+01,  6.95746000000000E+01, -4.06259172727304E-01,  1.12870000000002E+02,  3.65548512686876E+06,  4.29917514027574E+06
 1.94433333330000E+03,  2.21684677182252E+01,  5.60702000000000E+01, -4.13617599461846E-01,  1.13050000000002E+02,  5.46194185258266E+06,  5.86017083984324E+06
 1.94441663330000E+03,  2.51205546969545E+01,  6.57195000000000E+01, -4.21118363430842E-01,  1.13230000000002E+02,  7.54903663407494E+06,  7.25902356216988E+06
 1.94450003330000E+03,  3.05382426059467E+01,  6.04465000000000E+01, -4.28709943665711E-01,  1.13410000000002E+02,  8.62426190893260E+06,  7.37519480620929E+06
 1.94458333330000E+03,  3.54820387118629E+01,  3.18648000000000E+01, -4.36341281429219E-01,  1.13590000000002E+02,  8.44944876499795E+06,  7.61333636744245E+06
 1.94466663330000E+03,  3.91164418072022E+01,  1.59754000000000E+01, -4.43962012450187E-01,  1.13770000000002E+02,  7.58359151967647E+06,  1.06411992288012E+07
 1.94475003330000E+03,  4.16738820863444E+01,  2.09329000000000E+01, -4.46599298842458E-01,  1.13950000000002E+02,  5.37531920824188E+06,  1.41385365726044E+07
 1.94483333330000E+03,  4.38289035888537E+01,  2.66587000000000E+01, -4.54127721393988E-01,  1.14130000000002E+02,  2.27610219714845E+06,  1.44076499869806E+07
 1.94491663330000E+03,  4.54945610382628E+01,  3.70767000000000E+01, -4.61531276122281E-01,  1.14310000000002E+02,  6.61839712243035E+05,  1.42131374980129E+07
 1.94500003330000E+03,  4.66930640985472E+01,  4.22646000000000E+01, -4.68763477856795E-01,  1.14490000000002E+02,  1.71380165281108E+06,  1.65488943231900E+07
 1.94508333330000E+03,  4.74328942947024E+01,  4.69132000000000E+01, -4.75779419773839E-01,  1.14670000000002E+02,  4.55344161230261E+06,  1.78800812840355E+07
 1.94516663330000E+03,  4.79819595232382E+01,  4.21001000000000E+01, -4.82535944247975E-01,  1.14850000000002E+02,  7.11288980385272E+06,  1.62117550370281E+07
 1.94525003330000E+03,  4.84179826676978E+01,  3.65955000000000E+01, -4.51122709230272E-01,  1.15030000000002E+02,  8.18459031159571E+06,  1.50738176195033E+07
 1.94533333330000E+03,  4.84389493749496E+01,  2.97053000000000E+01, -4.58581974654922E-01,  1.15210000000002E+02,  8.33289478687269E+06,  1.46718317005735E+07
 1.94541663330000E+03,  4.78575348612572E+01,  3.23536000000000E+01, -4.65888338575391E-01,  1.15390000000002E+02,  7.28468852265656E+06,  1.23955804015366E+07
 1.94550003330000E+03,  4.63854562823722E+01,  2.58486000000000E+01, -4.72996240336096E-01,  1.15570000000002E+02,  5.42049588454934E+06,  1.15375553792586E+07
 1.94558333330000E+03,  4.38282554620437E+01,  2.60351000000000E+01, -4.79861801558847E-01,  1.15750000000002E+02,  5.68336014557008E+06,  1.51260535830956E+07
 1.94566663330000E+03,  4.02602833688199E+01,  1.42215000000000E+01, -4.86442989173328E-01,  1.15930000000002E+02,  8.41827620170194E+06,  1.88966963848575E+07
 1.94575003330000E+03,  3.59763669036855E+01,  2.04086000000000E+01, -4.95391971984471E-01,  1.16110000000002E+02,  1.11777044612937E+07,  2.05358275934829E+07
 1.94583333330000E+03,  3.16658178857255E+01,  1.36410000000000E+00, -5.01112105752372E-01,  1.16290000000002E+02,  1.30929226283904E+07,  2.12376351261278E+07
 1.94591663330000E+03,  2.75589579246172E+01,  7.70410000000000E+00, -5.06419029500443E-01,  1.16470000000002E+02,  1.30762941710806E+07,  1.84938818936335E+07
 1.94600003330000E+03,  2.41673222326616E+01,  1.04470000000000E+00, -5.11280543339550E-01,  1.16650000000002E+02,  1.02757822928068E+07,  1.24410891284251E+07
 1.94608333330000E+03,  2.41870234717412E+01,  5.99990000000000E+00, -5.15666941835652E-01,  1.16830000000002E+02,  6.56146250861201E+06,  8.41973905066119E+06
 1.94616663330000E+03,  2.79598037417344E+01,  1.78781000000000E+01, -5.19551088483503E-01,  1.17010000000002E+02,  3.55775127262566E+06,  7.39372107999932E+06
 1.94625003330000E+03,  3.38641763824048E+01,  2.15262000000000E+01, -7.59120334175945E-01,  1.17190000000002E+02,  1.83164339554648E+06,  7.46257935401414E+06
 1.94633333330000E+03,  3.48221365074039E+01,  1.50965000000000E+01, -7.46543673943484E-01,  1.17370000000002E+02,  1.53743428153941E+06,  8.76565480067502E+06
 1.94641663330000E+03,  2.83700891893127E+01,  1.31282000000000E+01, -7.33258053577400E-01,  1.17550000000002E+02,  1.51119139697012E+06,  1.00960071399623E+07
 1.94650003330000E+03,  1.46294145034887E+01, -1.83009000000000E+01, -7.19330744300895E-01,  1.17730000000002E+02,  1.74771589519070E+06,  1.07671987962952E+07
 1.94658333330000E+03, -3.52435066637341E+00, -6.46540000000000E+01, -7.04832165851998E-01,  1.17910000000002E+02,  3.36939433037287E+06,  1.21498192174696E+07
 1.94666663330000E+03, -2.38744675720056E+01, -9.83148000000000E+01, -6.89835355625621E-01,  1.18090000000002E+02,  5.77708936642756E+06,  1.28296186530096E+07
 1.94675003330000E+03, -4.44467706479599E+01, -8.12827000000000E+01, -6.69581630522863E-01,  1.18270000000002E+02,  8.19019070725399E+06,  1.16273723760247E+07
 1.94683333330000E+03, -6.13281500983998E+01, -1.04328000000000E+02, -6.53723992050719E-01,  1.18450000000002E+02,  1.06040213441191E+07,  1.17847353472575E+07
 1.94691663330000E+03, -7.27578906810121E+01, -9.90664000000000E+01, -6.37621735154166E-01,  1.18630000000002E+02,  1.25408419334129E+07,  1.43296832529127E+07
 1.94700003330000E+03, -7.73138057471584E+01, -1.02727000000000E+02, -6.21353125183020E-01,  1.18810000000002E+02,  1.31767161078209E+07,  1.54330511299819E+07
 1.94708333330000E+03, -6.98784563947821E+01, -1.18004000000000E+02, -6.04996276533662E-01,  1.18990000000002E+02,  1.18778567924109E+07,  1.38415114534905E+07
 1.94716663330000E+03, -5.23645653131144E+01, -1.27126000000000E+02, -5.88628665818083E-01,  1.19170000000002E+02,  9.30464020001459E+06,  1.25422321646199E+07
 1.94725003330000E+03, -2.87557415718927E+01, -1.29787000000000E+02, -8.20744341388676E-01,  1.19350000000002E+02,  6.81122441844494E+06,  1.25475287483299E+07
 1.94733333330000E+03, -1.46908656078231E+01, -1.28603000000000E+02, -8.25824881040015E-01,  1.19530000000002E+02,  4.48344382323504E+06,  1.19122501380234E+07
 1.94741663330000E+03, -1.04857291670894E+01, -1.24572000000000E+02, -8.29992476515982E-01,  1.19710000000002E+02,  2.39705827419598E+06,  1.04082177980697E+07
 1.94750003330000E+03, -1.39033988435724E+01, -1.15925000000000E+02, -8.33195764900799E-01,  1.19890000000002E+02,  1.58689186595484E+06,  1.00156689344434E+07
 1.94758333330000E+03, -1.65651614741511E+01, -9.58179000000000E+01, -8.35391304449161E-01,  1.20070000000002E+02,  2.34302318063146E+06,  1.09193932257664E+07
 1.94766663330000E+03, -1.76624351301482E+01, -6.06337000000000E+01, -8.36543713471321E-01,  1.20250000000002E+02,  4.01817729114185E+06,  1.11597937492918E+07
 1.94775003330000E+03, -1.73611209785822E+01, -3.29104000000000E+01, -8.36721640505165E-01,  1.20430000000002E+02,  6.02582999529078E+06,  1.10032362093655E+07
 1.94783333330000E+03, -1.56009238726044E+01, -5.03418000000000E+01, -8.36233624880487E-01,  1.20610000000002E+02,  7.76094760970816E+06,  1.25048061070443E+07
 1.94791663330000E+03, -1.23574033743800E+01, -4.06194000000000E+01, -8.34649357190342E-01,  1.20790000000002E+02,  8.19846866180520E+06,  1.42330927279656E+07
 1.94800003330000E+03, -8.26685752334715E+00, -3.05886000000000E+01, -8.31962056143644E-01,  1.20970000000002E+02,  7.04456964008184E+06,  1.32553951748966E+07
 1.94808333330000E+03, -1.35028568445752E+00, -2.74818000000000E+01, -8.28172861179552E-01,  1.21150000000002E+02,  5.73194832731510E+06,  9.96036748932224E+06
 1.94816663330000E+03,  7.95488783172808E+00, -3.75100000000000E-01, -8.23290645954126E-01,  1.21330000000002E+02,  4.81464587339699E+06,  5.97352690107287E+06
 1.94825003330000E+03,  2.05320080716195E+01,  2.86554000000000E+01, -5.05923038969681E-01,  1.21510000000002E+02,  3.47214177990260E+06,  3.01395354573750E+06
 1.94833333330000E+03,  3.16085637062094E+01,  3.46081000000000E+01, -5.00120287381215E-01,  1.21690000000002E+02,  2.82578472998357E+06,  2.50964908002515E+06
 1.94841663330000E+03,  4.10580047940417E+01,  5.86376000000000E+01, -4.93761938789053E-01,  1.21870000000002E+02,  3.73506704873775E+06,  3.18741211378891E+06
 1.94850003330000E+03,  4.80574831731246E+01,  8.44371000000000E+01, -4.86866324658597E-01,  1.22050000000002E+02,  4.69184479535369E+06,  5.29408013228252E+06
 1.94858333330000E+03,  5.43341518611986E+01,  1.05928000000000E+02, -4.79453558819166E-01,  1.22230000000002E+02,  6.15925461276820E+06,  1.07767028282297E+07
 1.94866663330000E+03,  5.93622162155951E+01,  1.17342000000000E+02, -4.71545419298896E-01,  1.22410000000002E+02,  9.45799826382980E+06,  1.59664981354632E+07
 1.94875003330000E+03,  6.26209768257329E+01,  1.25910000000000E+02, -4.72360001287840E-01,  1.22590000000002E+02,  1.28783259863182E+07,  1.73956597654645E+07
 1.94883333330000E+03,  6.38332783582930E+01,  1.30478000000000E+02, -4.64026044853616E-01,  1.22770000000002E+02,  1.47921392364355E+07,  1.77216856547210E+07
 1.94891663330000E+03,  6.24711197639548E+01,  1.42199000000000E+02, -4.55242234132707E-01,  1.22950000000002E+02,  1.50234021568111E+07,  1.67048548432001E+07
 1.94900003330000E+03,  5.67341421583976E+01,  1.43998000000000E+02, -4.46034477234363E-01,  1.23130000000002E+02,  1.30458854198315E+07,  1.17879869321068E+07
 1.94908333330000E+03,  4.51720534055358E+01,  1.56257000000000E+02, -4.36429860000438E-01,  1.23310000000002E+02,  9.35299746104836E+06,  6.25722905170596E+06
 1.94916663330000E+03,  2.98311757433688E+01,  1.49748000000000E+02, -4.26456517545569E-01,  1.23490000000002E+02,  5.72676703226180E+06,  4.50448631369029E+06
 1.94925003330000E+03,  1.57804966956898E+01,  1.41162000000000E+02, -5.30718250060013E-01,  1.23670000000002E+02,  3.68622487059668E+06,  7.15859712947352E+06
 1.94933333330000E+03,  8.20983661243148E+00,  1.17036000000000E+02, -5.31132611534516E-01,  1.23850000000002E+02,  3.81664983711096E+06,  1.25793059128199E+07
 1.94941663330000E+03,  6.40283004117490E+00,  1.26911000000000E+02, -5.30929730698701E-01,  1.24030000000002E+02,  5.13434553804206E+06,  1.73539849149966E+07
 1.94950003330000E+03,  7.92681137080796E+00,  1.08709000000000E+02, -5.30104268913202E-01,  1.24210000000002E+02,  6.42124198838650E+06,  1.94880152053311E+07
 1.94958333330000E+03,  1.04429514711798E+01,  7.58913000000000E+01, -5.28653540729373E-01,  1.24390000000002E+02,  7.51586929619884E+06,  2.01257893571345E+07
 1.94966663330000E+03,  1.39697303225241E+01,  5.43810000000000E+01, -5.26577465221043E-01,  1.24570000000002E+02,  8.05613446078910E+06,  2.01237941114320E+07
 1.94975003330000E+03,  1.85716304867381E+01,  5.48714000000000E+01, -5.20799621949212E-01,  1.24750000000002E+02,  8.10321351901937E+06,  1.91054610713880E+07
 1.94983333330000E+03,  2.33806220877229E+01,  3.72839000000000E+01, -5.16912192117718E-01,  1.24930000000002E+02,  8.38425278732793E+06,  1.71723547771543E+07
 1.94991663330000E+03,  2.81521089092943E+01,  3.66964000000000E+01, -5.12423129044209E-01,  1.25110000000002E+02,  8.26755141478841E+06,  1.53594088077935E+07
 1.95000003330000E+03,  3.21486303933230E+01,  4.06480000000000E+01, -5.07344182764399E-01,  1.25290000000002E+02,  7.65974014042856E+06,  1.37598379097144E+07
 1.95008333330000E+03,  3.20571317515005E+01,  3.72142000000000E+01, -5.01689240602851E-01,  1.25470000000002E+02,  7.77769672875592E+06,  1.05362493406118E+07
 1.95016663330000E+03,  2.64703921796007E+01,  3.07033000000000E+01, -4.95474224066747E-01,  1.25650000000002E+02,  7.83613609320444E+06,  5.83623585002992E+06
 1.95025003330000E+03,  1.50816858951645E+01,  6.10393000000000E+01, -8.16581126221203E-01,  1.25830000000002E+02,  7.51410030886602E+06,  3.65055337760510E+06
 1.95033333330000E+03,  3.85912485071269E+00,  5.57590000000000E+01, -8.22279101772596E-01,  1.26010000000002E+02,  9.08789857095182E+06,  6.74893654344063E+06
 1.95041663330000E+03, -5.39026527291014E+00,  6.21709000000000E+01, -8.27105637277052E-01,  1.26190000000002E+02,  1.20435317080935E+07,  1.23725113833276E+07
 1.95050003330000E+03, -1.13602929307543E+01,  2.68912000000000E+01, -8.31003823051760E-01,  1.26370000000002E+02,  1.32871901996611E+07,  1.55438889555256E+07
 1.95058333330000E+03, -1.57602601062765E+01, -1.77400000000000E+00, -8.33924531448978E-01,  1.26550000000002E+02,  1.26364690264091E+07,  1.55837928950295E+07
 1.95066663330000E+03, -1.84730779859381E+01, -1.92854000000000E+01, -8.35826602053465E-01,  1.26730000000002E+02,  1.11895610020160E+07,  1.45635303726643E+07
 1.95075003330000E+03, -1.92629819853406E+01, -2.65654000000000E+01, -8.36708068902458E-01,  1.26910000000002E+02,  8.52233075698065E+06,  1.24897905451721E+07
 1.95083333330000E+03, -1.81844158034097E+01, -5.38462000000000E+01, -8.35982052060761E-01,  1.27090000000002E+02,  5.03430100123603E+06,  1.00867339812464E+07
 1.95091663330000E+03, -1.49333731850412E+01, -5.30502000000000E+01, -8.34157622067059E-01,  1.27270000000002E+02,  2.44145273177159E+06,  9.22379342791191E+06
 1.95100003330000E+03, -9.35723775412755E+00, -4.74843000000000E+01, -8.31229737620920E-01,  1.27450000000002E+02,  1.31177364789455E+06,  9.27427305380016E+06
 1.95108333330000E+03,  1.21155294478814E+00, -4.73039000000000E+01, -8.27201241916701E-01,  1.27630000000002E+02,  1.01505702854571E+06,  9.52346700439191E+06
 1.95116663330000E+03,  1.51245959721506E+01, -3.96620000000000E+01, -8.22082664957041E-01,  1.27810000000002E+02,  1.43514086607086E+06,  9.88175144600463E+06
 1.95125003330000E+03,  2.95253326568603E+01, -5.70964000000000E+01, -7.78949677164198E-01,  1.27990000000002E+02,  2.77886767209427E+06,  9.09670608352165E+06
 1.95133333330000E+03,  3.63605585350488E+01, -9.76086000000000E+01, -7.87830862747141E-01,  1.28170000000002E+02,  4.39033621422649E+06,  7.62460880884652E+06
 1.95141663330000E+03,  3.55185816432374E+01, -5.91208000000000E+01, -7.96216232797379E-01,  1.28350000000002E+02,  5.51786611669800E+06,  7.03215489322174E+06
 1.95150003330000E+03,  2.86576898932445E+01, -4.23247000000000E+01, -8.04015921501713E-01,  1.28530000000002E+02,  6.26812738430149E+06,  6.61069113670165E+06
 1.95158333330000E+03,  2.11595187081972E+01, -1.95295000000000E+01, -8.11146022485593E-01,  1.28710000000002E+02,  6.53059535344482E+06,  5.01877308028854E+06
 1.95166663330000E+03,  1.39976585344712E+01, -9.19580000000000E+00, -8.17529089604935E-01,  1.28890000000002E+02,  5.88279277355540E+06,  2.67306727844863E+06
 1.95175003330000E+03,  7.72938755606080E+00,  3.83080000000000E+00, -8.18440309368125E-01,  1.29070000000002E+02,  4.79816648234848E+06,  1.08913008001999E+06
 1.95183333330000E+03,  1.30488806254090E+00, -1.03743000000000E+01, -8.23874193031795E-01,  1.29250000000002E+02,  4.09124372664061E+06,  8.40662086997188E+05
 1.95191663330000E+03, -4.68409961737903E+00,  2.78822000000000E+01, -8.28418142814433E-01,  1.29430000000002E+02,  3.87258502954104E+06,  1.31938229225763E+06
 1.95200003330000E+03, -9.68358395341609E+00,  5.19854000000000E+01, -8.32017642150390E-01,  1.29610000000002E+02,  3.61779604351740E+06,  1.87221216052681E+06
 1.95208333330000E+03, -9.39795506727312E+00,  4.59340000000000E+01, -8.34626020999587E-01,  1.29790000000002E+02,  2.99940386266143E+06,  2.43716453779793E+06
 1.95216663330000E+03, -3.35293294343504E+00,  5.80363000000000E+01, -8.36204620879152E-01,  1.29970000000002E+02,  2.48852099067841E+06,  3.67968330784886E+06
 1.95225003330000E+03,  8.15780898877324E+00,  5.61392000000000E+01, -1.89761135000581E-01,  1.30150000000002E+02,  2.21290989292420E+06,  4.74181204404728E+06
 1.95233333330000E+03,  1.80645732931926E+01,  6.27029000000000E+01, -1.79278219321334E-01,  1.30330000000002E+02,  1.77706264638993E+06,  4.29840461462763E+06
 1.95241663330000E+03,  2.44006445534052E+01,  7.69588000000000E+01, -1.69084167413946E-01,  1.30510000000002E+02,  1.50692959549589E+06,  3.94034455558561E+06
 1.95250003330000E+03,  2.57597733968502E+01,  3.27538000000000E+01, -1.59199465435511E-01,  1.30690000000002E+02,  1.52867653218890E+06,  3.94086627822015E+06
 1.95258333330000E+03,  2.52912720491553E+01,  6.16330000000000E+00, -1.49643328473111E-01,  1.30870000000002E+02,  1.71023658555567E+06,  2.71062541373485E+06
 1.95266663330000E+03,  2.32410060483875E+01, -8.73490000000000E+00, -1.40433667255426E-01,  1.31050000000002E+02,  2.85853962712841E+06,  1.82709107861803E+06
 1.95275003330000E+03,  2.00470565706188E+01,  1.41367000000000E+01, -1.41832824123727E-01,  1.31230000000002E+02,  5.17733813332401E+06,  2.44342638626407E+06
 1.95283333330000E+03,  1.47894837284008E+01,  1.29306000000000E+01, -1.32929113759681E-01,  1.31410000000002E+02,  7.81689290236060E+06,  3.83809223817508E+06
 1.95291663330000E+03,  7.59564030036421E+00,  1.91090000000000E+01, -1.24401418690665E-01,  1.31590000000002E+02,  1.02329939788357E+07,  6.89315275539216E+06
 1.95300003330000E+03, -1.78386629783432E-01,  4.28810000000000E+00, -1.16263802243083E-01,  1.31770000000002E+02,  1.17371958934523E+07,  1.11344463554274E+07
 1.95308333330000E+03, -7.47397868467828E-01,  9.08160000000000E+00, -1.08528943801212E-01,  1.31950000000002E+02,  1.17511431875904E+07,  1.50986387720497E+07
 1.95316663330000E+03,  8.01435547003887E+00,  2.34905000000000E+01, -1.01208130211380E-01,  1.32130000000002E+02,  1.04490014471272E+07,  1.88975949066387E+07
 1.95325003330000E+03,  2.55674173809208E+01,  1.56693000000000E+01, -4.47566248263314E-01,  1.32310000000003E+02,  8.08697675077137E+06,  1.98741094126735E+07
 1.95333333330000E+03,  3.94958619224576E+01,  2.64626000000000E+01, -4.55081360815648E-01,  1.32490000000003E+02,  5.53892080556129E+06,  1.62953179361521E+07
 1.95341663330000E+03,  4.76627026372011E+01,  3.96405000000000E+01, -4.62465586079854E-01,  1.32670000000003E+02,  4.07919195238249E+06,  1.33196752216717E+07
 1.95350003330000E+03,  4.91110604829273E+01,  4.38190000000000E+01, -4.69672630531082E-01,  1.32850000000003E+02,  3.42072450714575E+06,  1.19574798363557E+07
 1.95358333330000E+03,  4.86256395307374E+01,  2.12274000000000E+01, -4.76657801533209E-01,  1.33030000000003E+02,  2.63049992317956E+06,  8.03470842929606E+06
 1.95366663330000E+03,  4.63082681129435E+01, -9.28730000000000E+00, -4.83378176534315E-01,  1.33210000000003E+02,  2.14866750660672E+06,  6.20616874707319E+06
 1.95375003330000E+03,  4.25942453514665E+01, -2.43398000000000E+01, -4.94821123826958E-01,  1.33390000000003E+02,  2.53504352653473E+06,  8.81837263711745E+06
 1.95383333330000E+03,  3.84735407693566E+01, -5.57778000000000E+01, -5.00579223729373E-01,  1.33570000000003E+02,  3.44087720929671E+06,  8.05146010351377E+06
 1.95391663330000E+03,  3.42434224378985E+01, -5.73698000000000E+01, -5.05927339851006E-01,  1.33750000000003E+02,  4.60681378746206E+06,  7.31319094825114E+06
 1.95400003330000E+03,  3.05235789002046E+01, -4.10380000000000E+01, -5.10833036756214E-01,  1.33930000000003E+02,  5.59501213227253E+06,  1.37195249253714E+07
 1.95408333330000E+03,  2.98766548274900E+01, -3.55532000000000E+01, -5.15266365570915E-01,  1.34110000000003E+02,  5.76332305825470E+06,  1.90393601476465E+07
 1.95416663330000E+03,  3.29056808753721E+01, -3.24531000000000E+01, -5.19199939783905E-01,  1.34290000000003E+02,  5.22168344083519E+06,  1.97849992350056E+07
 1.95425003330000E+03,  3.88707522174082E+01, -2.72754000000000E+01, -7.61172179416647E-01,  1.34470000000003E+02,  3.97190698259273E+06,  2.10585951865282E+07
 1.95433333330000E+03,  4.22954744791117E+01, -1.57140000000000E+01, -7.70725844070673E-01,  1.34650000000003E+02,  2.05657179036551E+06,  1.91110816027626E+07
 1.95441663330000E+03,  4.20388471383442E+01, -9.61410000000000E+00, -7.79967554514984E-01,  1.34830000000003E+02,  7.35682548535297E+05,  1.26660950510647E+07
 1.95450003330000E+03,  3.78367937007159E+01, -1.27444000000000E+01, -7.88797777248495E-01,  1.35010000000003E+02,  8.26460952532353E+05,  7.70763406466869E+06
 1.95458333330000E+03,  3.19756684799291E+01, -2.09525000000000E+01, -7.97121825306458E-01,  1.35190000000003E+02,  2.17756776486476E+06,  4.91633211533664E+06
 1.95466663330000E+03,  2.50176813265238E+01, -6.46830000000000E+00, -8.04850474397826E-01,  1.35370000000003E+02,  4.78572854572803E+06,  3.40507899102407E+06
 1.95475003330000E+03,  1.77632431930297E+01,  1.26319000000000E+01, -8.13189852207647E-01,  1.35550000000003E+02,  7.77395402066947E+06,  3.58995891151455E+06
 1.95483333330000E+03,  1.11190267036162E+01,  3.48082000000000E+01, -8.19328929217725E-01,  1.35730000000003E+02,  9.99014988373734E+06,  3.49089384096141E+06
 1.95491663330000E+03,  5.50754923489903E+00,  5.65228000000000E+01, -8.24630194231665E-01,  1.35910000000003E+02,  1.14969575083569E+07,  2.42089116277312E+06
 1.95500003330000E+03,  1.30705303095928E+00,  6.20073000000000E+01, -8.29032664731886E-01,  1.36090000000003E+02,  1.18945918785281E+07,  1.78827705810706E+06
 1.95508333330000E+03,  2.07035556986200E+00,  4.73372000000000E+01, -8.32483014051122E-01,  1.36270000000003E+02,  1.01906737040308E+07,  1.92444130590206E+06
 1.95516663330000E+03,  7.82535551133959E+00,  4.09746000000000E+01, -8.34935791567281E-01,  1.36450000000003E+02,  7.29531242893599E+06,  2.14936468723992E+06
 1.95525003330000E+03,  1.71442695331787E+01,  3.39204000000000E+01, -7.87513230690029E-01,  1.36630000000003E+02,  5.19222824997528E+06,  2.42339629142436E+06
 1.95533333330000E+03,  2.16756875627954E+01,  1.80962000000000E+01, -7.95918413606900E-01,  1.36810000000003E+02,  3.95511528258849E+06,  3.40869721949338E+06
 1.95541663330000E+03,  2.02082842737931E+01,  2.20410000000000E+01, -8.03741110063152E-01,  1.36990000000003E+02,  2.67804459184582E+06,  4.71001207336349E+06
 1.95550003330000E+03,  1.36527692320975E+01,  2.49866000000000E+01, -8.10897185813406E-01,  1.37170000000003E+02,  1.88585463065141E+06,  5.47272371818999E+06
 1.95558333330000E+03,  7.12290145711489E+00, -3.22260000000000E+00, -8.17308949590221E-01,  1.37350000000003E+02,  2.05091213110215E+06,  6.23762331414893E+06
 1.95566663330000E+03,  1.69104782997871E+00, -1.42780000000000E+01, -8.22905592362222E-01,  1.37530000000003E+02,  2.53480071341078E+06,  7.71550470465925E+06
 1.95575003330000E+03, -2.49465606848751E+00, -1.91020000000000E+01, -8.23974527706922E-01,  1.37710000000003E+02,  3.27708539915861E+06,  8.54113127365546E+06
 1.95583333330000E+03, -6.42290519006828E+00, -6.77300000000000E+00, -8.28499997247796E-01,  1.37890000000003E+02,  4.27810539102117E+06,  7.42496412134408E+06
 1.95591663330000E+03, -9.88585126954492E+00, -1.24440000000000E+01, -8.32079999917254E-01,  1.38070000000003E+02,  4.82217199142979E+06,  6.33941176138825E+06
 1.95600003330000E+03, -1.33491671611943E+01, -1.32683000000000E+01, -8.34668025366012E-01,  1.38250000000003E+02,  4.94083829145364E+06,  5.65286289039820E+06
 1.95608333330000E+03, -1.62759979009814E+01,  3.67580000000000E+00, -8.36225577457916E-01,  1.38430000000003E+02,  5.35589735240974E+06,  3.68453416592399E+06
 1.95616663330000E+03, -1.86311109628659E+01,  1.50045000000000E+01, -8.36722273829027E-01,  1.38610000000003E+02,  5.98303070006542E+06,  4.38471298112125E+06
 1.95625003330000E+03, -1.82865925114251E+01,  2.76415000000000E+01, -3.88740847661010E-01,  1.38790000000003E+02,  5.91638809298366E+06,  9.40474872817853E+06
 1.95633333330000E+03, -1.43084339201546E+01,  4.81610000000000E+00, -3.95513400791793E-01,  1.38970000000003E+02,  5.39771491282075E+06,  1.21061432277245E+07
 1.95641663330000E+03, -6.28349339603425E+00,  1.40676000000000E+01, -4.02558167308296E-01,  1.39150000000003E+02,  6.03692315951658E+06,  1.26933159821400E+07
 1.95650003330000E+03,  3.79201492858487E+00, -4.44960000000000E+00, -4.09823548178293E-01,  1.39330000000003E+02,  7.42133635067506E+06,  1.66899041968490E+07
 1.95658333330000E+03,  1.41017929708529E+01, -1.65060000000000E+01, -4.17257784709437E-01,  1.39510000000003E+02,  7.68602544036313E+06,  1.98577009436776E+07
 1.95666663330000E+03,  2.34768838636960E+01, -1.01010000000000E+01, -4.24809212006623E-01,  1.39690000000003E+02,  7.49099895789868E+06,  1.74739288446447E+07
 1.95675003330000E+03,  3.16128940051381E+01, -1.30030000000000E+01, -4.29395241076184E-01,  1.39870000000003E+02,  7.81405373432004E+06,  1.47422559963136E+07
 1.95683333330000E+03,  3.89676904956780E+01, -5.59810000000000E+00, -4.37027673713713E-01,  1.40050000000003E+02,  7.13596428028236E+06,  1.41319781748207E+07
 1.95691663330000E+03,  4.48955199328650E+01, -1.06549000000000E+01, -4.44645012813315E-01,  1.40230000000003E+02,  4.81639603461476E+06,  1.02892892552628E+07
 1.95700003330000E+03,  4.84535675780007E+01, -1.18649000000000E+01, -4.52197903732324E-01,  1.40410000000003E+02,  2.96891293176335E+06,  4.74585574458449E+06
 1.95708333330000E+03,  4.48027468149664E+01, -3.69110000000000E+00, -4.59638138391331E-01,  1.40590000000003E+02,  3.11476742200580E+06,  5.04023436779187E+06
 1.95716663330000E+03,  3.48677683494990E+01, -1.28670000000000E+00, -4.66918854169926E-01,  1.40770000000003E+02,  3.85554193649516E+06,  8.31947617730619E+06
 1.95725003330000E+03,  2.26971866379431E+01,  2.11185000000000E+01, -5.40320097472058E-01,  1.40950000000003E+02,  3.91467667553921E+06,  8.53198603573509E+06
 1.95733333330000E+03,  1.92755166947457E+01,  2.31381000000000E+01, -5.24653409277068E-01,  1.41130000000003E+02,  4.40113134822230E+06,  8.38995622801403E+06
 1.95741663330000E+03,  2.56201964750215E+01,  4.61577000000000E+01, -5.09337694958014E-01,  1.41310000000003E+02,  5.50591063913996E+06,  8.42494925507949E+06
 1.95750003330000E+03,  3.68711157427330E+01,  4.64087000000000E+01, -4.94437568500161E-01,  1.41490000000003E+02,  6.03008077516231E+06,  5.65998467063962E+06
 1.95758333330000E+03,  4.50397703693081E+01,  4.71204000000000E+01, -4.80014224337733E-01,  1.41670000000003E+02,  6.56544087132844E+06,  4.06428583266522E+06
 1.95766663330000E+03,  4.71609279017229E+01,  2.92936000000000E+01, -4.66125149160657E-01,  1.41850000000003E+02,  7.99650710953450E+06,  7.15867713958415E+06
 1.95775003330000E+03,  4.41285985962552E+01,  2.30828000000000E+01, -4.46573216763227E-01,  1.42030000000003E+02,  9.08351431694855E+06,  1.01586502243738E+07
 1.95783333330000E+03,  3.67610387370430E+01,  4.64096000000000E+01, -4.34235921387855E-01,  1.42210000000003E+02,  8.29033696845875E+06,  1.01590128342043E+07
 1.95791663330000E+03,  2.63923901576877E+01,  5.16594000000000E+01, -4.22600942986429E-01,  1.42390000000003E+02,  6.37354583150656E+06,  1.02550980677515E+07
 1.95800003330000E+03,  1.55222471869569E+01,  5.95252000000000E+01, -4.11706412113634E-01,  1.42570000000003E+02,  5.56415970477331E+06,  9.57305707418920E+06
 1.95808333330000E+03,  7.72952196153185E+00,  7.10825000000000E+01, -4.01585726727708E-01,  1.42750000000003E+02,  5.75880022248909E+06,  5.94873763354366E+06
 1.95816663330000E+03,  5.87457836503942E+00,  5.69474000000000E+01, -3.92267467285840E-01,  1.42930000000003E+02,  5.13391335095419E+06,  4.08309446619288E+06
 1.95825003330000E+03,  9.47997615137887E+00,  4.80437000000000E+01, -8.22200000913919E-01,  1.43110000000003E+02,  4.36880437983225E+06,  5.48478040408407E+06
 1.95833333330000E+03,  1.58836288993445E+01,  3.06777000000000E+01, -8.16031357751984E-01,  1.43290000000003E+02,  4.50511958816835E+06,  5.66627274404867E+06
 1.95841663330000E+03,  2.28156686319045E+01,  1.40808000000000E+01, -8.08815128005907E-01,  1.43470000000003E+02,  4.13454157566107E+06,  6.06083328383252E+06
 1.95850003330000E+03,  2.92846782321857E+01,  9.71530000000000E+00, -8.00583103631160E-01,  1.43650000000003E+02,  3.09596877024720E+06,  9.75741198692733E+06
 1.95858333330000E+03,  3.47834981908012E+01, -2.80490000000000E+00, -7.91373524572624E-01,  1.43830000000003E+02,  3.02531466027812E+06,  1.32458145791454E+07
 1.95866663330000E+03,  3.86557413528728E+01, -8.70980000000000E+00, -7.81230672503732E-01,  1.44010000000003E+02,  3.68606490819564E+06,  1.37327816123183E+07
 1.95875003330000E+03,  3.99366175865140E+01, -5.76780000000000E+00, -7.69486845785968E-01,  1.44190000000003E+02,  3.72210175705714E+06,  1.32102679386548E+07
 1.95883333330000E+03,  3.81882153412269E+01, -3.67290000000000E+00, -7.57582391290710E-01,  1.44370000000003E+02,  3.08416282942040E+06,  1.25075338259624E+07
 1.95891663330000E+03,  3.24902353337732E+01, -9.96270000000000E+00, -7.44913144544360E-01,  1.44550000000003E+02,  2.41669280730952E+06,  9.82461212582201E+06
 1.95900003330000E+03,  2.38402309159075E+01, -6.71330000000000E+00, -7.31543193080779E-01,  1.44730000000003E+02,  2.07478148903740E+06,  6.02671966723181E+06
 1.95908333330000E+03,  9.48835959562456E+00, -2.36187000000000E+01, -7.17540232415379E-01,  1.44910000000003E+02,  2.35767314837911E+06,  4.42051504093245E+06
 1.95916663330000E+03, -8.76517583209761E+00, -3.79857000000000E+01, -7.02975040172197E-01,  1.45090000000003E+02,  3.44744488358223E+06,  4.86859122636721E+06
 1.95925003330000E+03, -3.10471029182610E+01, -3.31981000000000E+01, -3.75843586297610E-01,  1.45270000000003E+02,  4.97350202049232E+06,  5.41371611964231E+06
 1.95933333330000E+03, -4.92619215856871E+01, -3.87191000000000E+01, -3.69089425902996E-01,  1.45450000000003E+02,  5.99333964383162E+06,  6.20452752360163E+06
 1.95941663330000E+03, -6.28171570949809E+01, -6.54710000000000E+01, -3.63203450476835E-01,  1.45630000000003E+02,  6.26264336204570E+06,  7.12394106106448E+06
 1.95950003330000E+03, -7.05425018184181E+01, -8.27607000000000E+01, -3.58189730374412E-01,  1.45810000000003E+02,  7.39655484967286E+06,  8.14119604906526E+06
 1.95958333330000E+03, -7.57741654128367E+01, -1.08667000000000E+02, -3.54047622851233E-01,  1.45990000000003E+02,  9.44009287871519E+06,  9.97854837018113E+06
 1.95966663330000E+03, -7.86818234404014E+01, -1.43265000000000E+02, -3.50771881364100E-01,  1.46170000000003E+02,  9.60744495841144E+06,  1.05616365511912E+07
 1.95975003330000E+03, -7.97385721379714E+01, -1.64478000000000E+02, -3.49768467434654E-01,  1.46350000000003E+02,  8.36352692122829E+06,  8.59971287645978E+06
 1.95983333330000E+03, -7.95413234658541E+01, -1.68538000000000E+02, -3.47666062167292E-01,  1.46530000000003E+02,  7.66583327780543E+06,  7.18312364355291E+06
 1.95991663330000E+03, -7.87297448178077E+01, -1.52752000000000E+02, -3.46399948246869E-01,  1.46710000000003E+02,  5.58287870460826E+06,  6.70566970679292E+06
 1.96000003330000E+03, -7.74994718426665E+01, -1.48273000000000E+02, -3.45950439965743E-01,  1.46890000000003E+02,  2.57684630411622E+06,  4.80960758923063E+06
 1.96008333330000E+03, -6.27288988587863E+01, -1.40795000000000E+02, -3.46293970225647E-01,  1.47070000000003E+02,  1.82022389473554E+06,  3.58584637742972E+06
 1.96016663330000E+03, -3.44015162218545E+01, -1.26932000000000E+02, -3.47403302311417E-01,  1.47250000000003E+02,  1.98860125840892E+06,  4.62239531802268E+06
 1.96025003330000E+03,  6.97433812282855E+00, -1.44607000000000E+02, -4.53699674658514E-01,  1.47430000000003E+02,  1.86637974402185E+06,  4.82161605370866E+06
 1.96033333330000E+03,  3.41828355410159E+01, -1.53283000000000E+02, -4.61111645983144E-01,  1.47610000000003E+02,  3.12309365615899E+06,  3.56631343465529E+06
 1.96041663330000E+03,  4.68521940506271E+01, -1.42267000000000E+02, -4.68354884469867E-01,  1.47790000000003E+02,  4.95663449081456E+06,  2.86589769452927E+06
 1.96050003330000E+03,  4.48743931238617E+01, -1.31019000000000E+02, -4.75384388208727E-01,  1.47970000000003E+02,  6.08199808606714E+06,  2.99204958606486E+06
 1.96058333330000E+03,  4.17702752633328E+01, -1.05772000000000E+02, -4.82156895058306E-01,  1.48150000000003E+02,  7.14722211586711E+06,  4.39244449211251E+06
 1.96066663330000E+03,  3.78519915526141E+01, -7.14486000000000E+01, -4.88631041135096E-01,  1.48330000000003E+02,  7.65732503672775E+06,  6.51551940994336E+06
 1.96075003330000E+03,  3.36360512197274E+01, -2.88166000000000E+01, -4.96171508877256E-01,  1.48510000000003E+02,  6.55447364046894E+06,  7.23218899857440E+06
 1.96083333330000E+03,  2.97469006861731E+01, -1.05700000000000E+01, -5.01838892470029E-01,  1.48690000000003E+02,  4.40593938855313E+06,  7.58151009436563E+06
 1.96091663330000E+03,  2.66755813207138E+01,  9.29190000000000E+00, -5.07088664376843E-01,  1.48870000000003E+02,  2.68458505055256E+06,  9.56478808981018E+06
 1.96100003330000E+03,  2.44895605435267E+01,  2.92313000000000E+01, -5.11888950065014E-01,  1.49050000000003E+02,  2.55611374542070E+06,  1.23302238024170E+07
 1.96108333330000E+03,  1.86934828516135E+01,  4.38622000000000E+01, -5.16210380105987E-01,  1.49230000000003E+02,  3.95649804828637E+06,  1.48907738816261E+07
 1.96116663330000E+03,  8.85593672042810E+00,  5.14930000000000E+01, -5.20026162824711E-01,  1.49410000000003E+02,  5.52569178283852E+06,  1.62625613757203E+07
 1.96125003330000E+03, -3.77048763903371E+00,  5.30476000000000E+01, -3.77478181738192E-01,  1.49590000000003E+02,  6.15890879311648E+06,  1.58201972793210E+07
 1.96133333330000E+03, -9.29322412891777E+00,  8.49859000000000E+01, -3.83637383873402E-01,  1.49770000000003E+02,  5.81430497011570E+06,  1.50985428304206E+07
 1.96141663330000E+03, -6.51464618252572E+00,  1.06924000000000E+02, -3.90159775050208E-01,  1.49950000000003E+02,  4.95810279596678E+06,  1.38206890411056E+07
 1.96150003330000E+03,  3.07157679494433E+00,  1.19863000000000E+02, -3.96994692691346E-01,  1.50130000000003E+02,  4.57941529625876E+06,  1.12805371661682E+07
 1.96158333330000E+03,  1.41354240447320E+01,  1.46109000000000E+02, -4.04090845896047E-01,  1.50310000000003E+02,  5.07757694654771E+06,  1.09971957306602E+07
 1.96166663330000E+03,  2.52204777680573E+01,  1.28585000000000E+02, -4.11396579970938E-01,  1.50490000000003E+02,  5.46806858396724E+06,  1.34835874039832E+07
 1.96175003330000E+03,  3.60869775057207E+01,  1.03754000000000E+02, -4.22590726381778E-01,  1.50670000000003E+02,  5.52814619843474E+06,  1.38021171553174E+07
 1.96183333330000E+03,  4.54059334168396E+01,  9.66154000000000E+01, -4.30194030276944E-01,  1.50850000000003E+02,  5.25337904945975E+06,  1.10578098737281E+07
 1.96191663330000E+03,  5.24973021860028E+01,  1.06707000000000E+02, -4.37827225587787E-01,  1.51030000000003E+02,  3.65432341432677E+06,  8.38637371822265E+06
 1.96200003330000E+03,  5.51803185416184E+01,  1.08261000000000E+02, -4.45440109404079E-01,  1.51210000000003E+02,  1.50370437452011E+06,  6.58830477859177E+06
 1.96208333330000E+03,  5.15446053012789E+01,  1.08275000000000E+02, -4.52983437522479E-01,  1.51390000000003E+02,  8.49321850490627E+05,  5.08234956090346E+06
 1.96216666630000E+03,  4.25289972361305E+01,  0.00000000000000E+00, -4.60409133690251E-01,  1.51570000000003E+02,  2.34573868577759E+06,  4.04589015349984E+06
 1.96225003330000E+03,  3.31659302027187E+01,  9.70736000000000E+01, -4.21422806790444E-01,  1.51750000000003E+02,  5.20866826300437E+06,  3.68725407179395E+06
 1.96233333330000E+03,  2.92624371013704E+01,  8.40108000000000E+01, -4.29016972005554E-01,  1.51930000000003E+02,  7.61267631528065E+06,  3.86693127994386E+06
 1.96241663330000E+03,  3.13305866536800E+01,  8.83325000000000E+01, -4.36648850688232E-01,  1.52110000000003E+02,  8.65317374859504E+06,  4.06418575752945E+06
 1.96250003330000E+03,  3.63855454047145E+01,  5.93472000000000E+01, -4.44268111273056E-01,  1.52290000000003E+02,  8.70315538622347E+06,  3.64026285968618E+06
 1.96258333330000E+03,  4.09975706173699E+01,  2.48996000000000E+01, -4.51825347605865E-01,  1.52470000000003E+02,  7.40250031430993E+06,  2.70211411316211E+06
 1.96266663330000E+03,  4.41425248947663E+01, -1.17790000000000E+01, -4.59272289919966E-01,  1.52650000000003E+02,  4.96901428789589E+06,  1.95255393921877E+06
 1.96275003330000E+03,  4.58515828445367E+01, -4.61492000000000E+01, -4.66524771179414E-01,  1.52830000000003E+02,  2.79737307076637E+06,  1.83564479952698E+06
 1.96283333330000E+03,  4.62103013403462E+01, -3.42894000000000E+01, -4.73613009495366E-01,  1.53010000000003E+02,  1.61850859427155E+06,  2.53640764414213E+06
 1.96291663330000E+03,  4.57307490803578E+01, -2.87375000000000E+01, -4.80455118223935E-01,  1.53190000000003E+02,  1.43900385059541E+06,  3.96104848631532E+06
 1.96299996630000E+03,  4.45592666824306E+01,  0.00000000000000E+00, -4.87009234669592E-01,  1.53370000000003E+02,  1.70115002503527E+06,  5.78148952039679E+06
 1.96308330030000E+03,  2.95570675878187E+01,  0.00000000000000E+00, -4.93235503728810E-01,  1.53550000000003E+02,  1.83498203937397E+06,  7.72937334932567E+06
 1.96316663330000E+03,  3.70017550940803E-01, -2.88506000000000E+01, -4.99096212806919E-01,  1.53730000000003E+02,  2.10221189219333E+06,  9.16816368802911E+06
 1.96325003330000E+03, -4.26820434309382E+01, -1.39137000000000E+01, -4.81413599437006E-02,  1.53910000000003E+02,  2.51743234076707E+06,  9.17390948427198E+06
 1.96333333330000E+03, -7.25364758336328E+01, -1.48237000000000E+01, -4.65443929442038E-02,  1.54090000000003E+02,  2.63371883013731E+06,  7.51738376557555E+06
 1.96341663330000E+03, -8.87188899313174E+01, -2.81954000000000E+01, -4.53797775097878E-02,  1.54270000000003E+02,  2.40734456450555E+06,  5.25812245980457E+06
 1.96350003330000E+03, -9.12340919282961E+01, -2.79510000000000E+01, -4.46398523466367E-02,  1.54450000000003E+02,  1.87354754759299E+06,  3.55149123349038E+06
 1.96358333330000E+03, -9.34670931869571E+01, -2.23998000000000E+01, -4.43159448248168E-02,  1.54630000000003E+02,  1.57401092796688E+06,  2.10168371132594E+06
 1.96366663330000E+03, -9.53300375404313E+01, -5.86948000000000E+01, -4.43984178708238E-02,  1.54810000000003E+02,  2.45686391409739E+06,  1.24320833851348E+06
 1.96375003330000E+03, -9.65852359908927E+01, -6.56815000000000E+01, -4.46308216223314E-02,  1.54990000000003E+02,  3.89256381551210E+06,  2.16627438336891E+06
 1.96383333330000E+03, -9.71186136072415E+01, -4.22075000000000E+01, -4.53353903391237E-02,  1.55170000000003E+02,  4.51866858353455E+06,  3.10953556064568E+06
 1.96391663330000E+03, -9.69484742867673E+01, -2.82720000000000E+01, -4.64173067626259E-02,  1.55350000000003E+02,  4.53863925211085E+06,  2.85791960220055E+06
 1.96400003330000E+03, -9.55747311615654E+01,  6.64100000000000E-01, -4.78638826750983E-02,  1.55530000000003E+02,  4.42449703791069E+06,  4.20321242237851E+06
 1.96408333330000E+03, -8.47119966054229E+01,  4.13780000000000E+00, -4.96616965235476E-02,  1.55710000000003E+02,  3.81913596119783E+06,  6.84966857931877E+06
 1.96416663330000E+03, -6.47141192691619E+01,  1.76884000000000E+01, -5.17966461631871E-02,  1.55890000000003E+02,  3.10103647065229E+06,  7.53534463171768E+06
 1.96425003330000E+03, -3.76217017373887E+01,  2.08550000000000E+01, -2.06696649279477E-01,  1.56070000000003E+02,  3.09164220058960E+06,  7.15682025313666E+06
 1.96433333330000E+03, -2.10424688878530E+01,  8.02080000000000E+00, -2.10033486867069E-01,  1.56250000000003E+02,  3.40015257499801E+06,  6.99892928401853E+06
 1.96441663330000E+03, -1.52259547703702E+01,  2.31865000000000E+01, -2.13145287508123E-01,  1.56430000000003E+02,  3.23970590302906E+06,  5.97126984509291E+06
 1.96450003330000E+03, -1.87715647187611E+01,  2.72759000000000E+01, -2.16023794824795E-01,  1.56610000000003E+02,  2.65491314667063E+06,  4.94563935198772E+06
 1.96458333330000E+03, -2.26323397802143E+01,  9.51830000000000E+00, -2.18661377411516E-01,  1.56790000000003E+02,  2.09947405354038E+06,  5.18515836950072E+06
 1.96466663330000E+03, -2.61799927444930E+01, -3.00860000000000E+00, -2.21051031161278E-01,  1.56970000000003E+02,  1.97209614269932E+06,  6.50460801808146E+06
 1.96475003330000E+03, -2.93123441860829E+01,  1.43882000000000E+01, -2.24542487585534E-01,  1.57150000000003E+02,  2.32044279571929E+06,  8.64905414055870E+06
 1.96483333330000E+03, -3.15804946912539E+01,  2.19381000000000E+01, -2.26230355583170E-01,  1.57330000000003E+02,  2.87793336233323E+06,  9.88164913360008E+06
 1.96491663330000E+03, -3.30002938002558E+01,  1.65647000000000E+01, -2.27649794224299E-01,  1.57510000000003E+02,  3.25633414453472E+06,  8.72334024823404E+06
 1.96500003330000E+03, -3.37115818357031E+01,  2.91151000000000E+01, -2.28796741277217E-01,  1.57690000000003E+02,  2.96305625449835E+06,  6.89775572524252E+06
 1.96508333330000E+03, -3.63665731324433E+01,  2.31262000000000E+01, -2.29667748229657E-01,  1.57870000000003E+02,  2.20977285235466E+06,  5.76541286623049E+06
 1.96516663330000E+03, -4.16747410882302E+01,  2.22911000000000E+01, -2.30259973648650E-01,  1.58050000000003E+02,  1.51558254465589E+06,  4.35086381924196E+06
 1.96525003330000E+03, -5.01293913647737E+01,  1.05335000000000E+01, -6.36445987700590E-02,  1.58230000000003E+02,  1.01981758319308E+06,  3.02485120851642E+06
 1.96533333330000E+03, -5.75506711336346E+01,  1.14674000000000E+01, -5.97163242763236E-02,  1.58410000000003E+02,  1.36825238432444E+06,  3.13282386925478E+06
 1.96541663330000E+03, -6.32352364659439E+01, -1.36800000000000E+00, -5.62422765961053E-02,  1.58590000000003E+02,  2.25079100826985E+06,  3.52513322131814E+06
 1.96550003330000E+03, -6.66161377343441E+01, -4.28181000000000E+01, -5.32207411789112E-02,  1.58770000000004E+02,  2.83012299644373E+06,  3.50075702553657E+06
 1.96558333330000E+03, -6.96005986115129E+01, -7.51153000000000E+01, -5.06487801323314E-02,  1.58950000000004E+02,  4.75603697972673E+06,  4.97342827799988E+06
 1.96566663330000E+03, -7.21668927868126E+01, -6.02587000000000E+01, -4.85222680249480E-02,  1.59130000000004E+02,  7.87149265893914E+06,  7.65424851655522E+06
 1.96575003330000E+03, -7.42738941566674E+01, -6.74783000000000E+01, -4.56539573142693E-02,  1.59310000000004E+02,  8.79326567853641E+06,  9.76176046839367E+06
 1.96583333330000E+03, -7.56411534793993E+01, -6.75450000000000E+01, -4.47994157010571E-02,  1.59490000000004E+02,  8.00675493335154E+06,  1.18949586391813E+07
 1.96591663330000E+03, -7.63817904139154E+01, -5.56887000000000E+01, -4.43633464381939E-02,  1.59670000000004E+02,  7.53876317258730E+06,  1.33406166559555E+07
 1.96600003330000E+03, -7.77428583798645E+01, -4.16009000000000E+01, -4.43363698637426E-02,  1.59850000000004E+02,  5.87963097059202E+06,  1.19627211582133E+07
 1.96608333330000E+03, -8.01412559346547E+01, -4.76678000000000E+01, -4.47081769704288E-02,  1.60030000000004E+02,  3.04265715154703E+06,  9.08796886081580E+06
 1.96616663330000E+03, -8.36762450421877E+01, -4.09656000000000E+01, -4.54675787540205E-02,  1.60210000000004E+02,  1.36659577653394E+06,  6.85121085598475E+06
 1.96625003330000E+03, -8.62848972952327E+01, -4.25705000000000E+01, -4.86453122148328E-02,  1.60390000000004E+02,  1.01758880903729E+06,  4.93927248084509E+06
 1.96633333330000E+03, -8.77750733327318E+01, -4.38684000000000E+01, -4.69309391647489E-02,  1.60570000000004E+02,  9.87800533838770E+05,  3.39954343290862E+06
 1.96641663330000E+03, -8.81488510806669E+01, -3.86281000000000E+01, -4.56507989969991E-02,  1.60750000000004E+02,  9.88645211479309E+05,  3.10171945994067E+06
 1.96650003330000E+03, -8.83042819914838E+01, -3.25409000000000E+01, -4.47975100921567E-02,  1.60930000000004E+02,  1.05772954602695E+06,  3.37737129298669E+06
 1.96658333330000E+03, -8.82706991780483E+01, -1.70699000000000E+01, -4.43626671687799E-02,  1.61110000000004E+02,  1.26579037413496E+06,  2.98720287952520E+06
 1.96666663330000E+03, -8.79633746844533E+01,  3.84779000000000E+01, -4.43368877399595E-02,  1.61290000000004E+02,  1.61516378836505E+06,  2.28798130460251E+06
 1.96675003330000E+03, -8.74396549628668E+01,  4.24879000000000E+01, -4.43782112231321E-02,  1.61470000000004E+02,  2.14200857729235E+06,  1.96402786466904E+06
 1.96683333330000E+03, -8.66283551317303E+01,  5.22663000000000E+01, -4.48269709751118E-02,  1.61650000000004E+02,  2.74564901394631E+06,  1.66111290857052E+06
 1.96691663330000E+03, -8.55070129020389E+01,  6.27369000000000E+01, -4.56610312524549E-02,  1.61830000000004E+02,  2.95233827684635E+06,  1.70170159997428E+06
 1.96700003330000E+03, -8.32818400126550E+01,  7.63621000000000E+01, -4.68682168232807E-02,  1.62010000000004E+02,  2.68416455196703E+06,  2.92467159287397E+06
 1.96708333330000E+03, -7.03596338301860E+01,  7.29094000000000E+01, -4.84355846093791E-02,  1.62190000000004E+02,  2.91842137463980E+06,  4.73501915191634E+06
 1.96716663330000E+03, -4.64302033898481E+01,  7.05336000000000E+01, -5.03494760449707E-02,  1.62370000000004E+02,  3.89419808883393E+06,  6.44800431172288E+06
 1.96725003330000E+03, -1.27458631819304E+01,  8.60046000000000E+01,  9.45744709337934E-02,  1.62550000000004E+02,  4.32462642617654E+06,  8.25265124581343E+06
 1.96733333330000E+03,  1.16590082001518E+01,  1.06167000000000E+02,  9.83693277386512E-02,  1.62730000000004E+02,  4.25576303315532E+06,  9.26881311270829E+06
 1.96741663330000E+03,  2.63009821463138E+01,  1.27022000000000E+02,  1.02419059645601E-01,  1.62910000000004E+02,  4.65286405939439E+06,  8.43076360397797E+06
 1.96750003330000E+03,  3.14792863624305E+01,  1.25108000000000E+02,  1.06703895252761E-01,  1.63090000000004E+02,  4.75397355890532E+06,  6.86982051574615E+06
 1.96758333330000E+03,  3.65416476118364E+01,  1.33039000000000E+02,  1.11203773239561E-01,  1.63270000000004E+02,  4.05324951508361E+06,  5.64842589461017E+06
 1.96766663330000E+03,  4.13782739126265E+01,  1.44124000000000E+02,  1.15898404407461E-01,  1.63450000000004E+02,  3.45808196836928E+06,  4.21755405156886E+06
 1.96775003330000E+03,  4.58619856929074E+01,  1.17903000000000E+02,  1.23000985472947E-01,  1.63630000000004E+02,  3.19279588064830E+06,  2.91450474386226E+06
 1.96783333330000E+03,  4.95437127839456E+01,  1.01372000000000E+02,  1.28085869456613E-01,  1.63810000000004E+02,  2.79364077292538E+06,  2.33346877706227E+06
 1.96791663330000E+03,  5.23005257003001E+01,  9.59954000000000E+01,  1.33294634454865E-01,  1.63990000000004E+02,  2.20029025077882E+06,  2.60729596673190E+06
 1.96800003330000E+03,  5.40476438337179E+01,  9.26194000000000E+01,  1.38606697565162E-01,  1.64170000000004E+02,  1.63923687989719E+06,  4.54184313822760E+06
 1.96808333330000E+03,  5.08806353558020E+01,  7.43965000000000E+01,  1.44001563092294E-01,  1.64350000000004E+02,  1.17588930127749E+06,  6.78686543354758E+06
 1.96816663330000E+03,  4.23947419598656E+01,  4.89426000000000E+01,  1.49458875165704E-01,  1.64530000000004E+02,  8.72135875286937E+05,  7.20455443053250E+06
 1.96825003330000E+03,  2.82536791201063E+01,  4.61048000000000E+01,  2.02722411979456E-01,  1.64710000000004E+02,  1.32166914981362E+06,  7.28915276692286E+06
 1.96833333330000E+03,  1.62335118227922E+01,  8.34310000000000E+00,  2.07623388491339E-01,  1.64890000000004E+02,  3.06995947951192E+06,  7.75562506730696E+06
 1.96841663330000E+03,  7.03573943640562E+00, -1.88034000000000E+01,  2.12371224428877E-01,  1.65070000000004E+02,  5.60999384354047E+06,  6.80637689447051E+06
 1.96850003330000E+03,  1.50399001024795E+00, -5.01030000000000E+01,  2.16951167062824E-01,  1.65250000000004E+02,  7.86040370252874E+06,  5.75472956813393E+06
 1.96858333330000E+03, -3.36926035136081E+00, -7.27881000000000E+01,  2.21349114604313E-01,  1.65430000000004E+02,  9.22747137357722E+06,  6.98043357626558E+06
 1.96866663330000E+03, -7.34560665321914E+00, -1.12704000000000E+02,  2.25551635939181E-01,  1.65610000000004E+02,  9.38933065887652E+06,  8.87886372093594E+06
 1.96875003330000E+03, -1.07415013826545E+01, -1.37619000000000E+02,  2.24118575556874E-01,  1.65790000000004E+02,  7.79030739247114E+06,  8.96018822834864E+06
 1.96883333330000E+03, -1.43341964420781E+01, -1.64074000000000E+02,  2.28186448541820E-01,  1.65970000000004E+02,  4.86808287100237E+06,  7.56435300482910E+06
 1.96891663330000E+03, -1.84412688148182E+01, -1.68452000000000E+02,  2.32038203460023E-01,  1.66150000000004E+02,  2.51015395353284E+06,  6.66885113282532E+06
 1.96900003330000E+03, -2.24108048147776E+01, -1.53367000000000E+02,  2.35662267550816E-01,  1.66330000000004E+02,  1.63874573054415E+06,  7.40993225353540E+06
 1.96908333330000E+03, -2.22198995065551E+01, -1.62976000000000E+02,  2.39047791774438E-01,  1.66510000000004E+02,  1.49445942523611E+06,  8.69172178433555E+06
 1.96916663330000E+03, -1.73056187998296E+01, -1.51892000000000E+02,  2.42184660275620E-01,  1.66690000000004E+02,  1.61118548586723E+06,  9.19111431369429E+06
 1.96925003330000E+03, -8.70275351562388E+00, -1.16270000000000E+02, -1.99793240816932E-01,  1.66870000000004E+02,  1.93512124107543E+06,  9.17682733812530E+06
 1.96933333330000E+03, -3.79461921935702E+00, -7.85711000000000E+01, -2.03531400455281E-01,  1.67050000000004E+02,  2.26387240421207E+06,  8.53886997878085E+06
 1.96941663330000E+03, -3.54832139218198E+00, -6.34879000000000E+01, -2.07061855461619E-01,  1.67230000000004E+02,  2.87613145247284E+06,  7.06183726667806E+06
 1.96950003330000E+03, -7.47444146963834E+00, -8.15578000000000E+01, -2.10375177795325E-01,  1.67410000000004E+02,  3.84840199657012E+06,  5.72405084957703E+06
 1.96958333330000E+03, -1.22871017856889E+01, -8.47825000000000E+01, -2.13462555766807E-01,  1.67590000000004E+02,  4.41861180951558E+06,  5.01539043955609E+06
 1.96966663330000E+03, -1.73371802079738E+01, -8.56226000000000E+01, -2.16315799290033E-01,  1.67770000000004E+02,  4.30430356971673E+06,  4.75656338745067E+06
 1.96975003330000E+03, -2.23850013391316E+01, -5.93851000000000E+01, -2.22303948186425E-01,  1.67950000000004E+02,  3.85695622888775E+06,  4.50428136039986E+06
 1.96983333330000E+03, -2.63550128783284E+01, -5.59947000000000E+01, -2.24291211962309E-01,  1.68130000000004E+02,  2.99556810704050E+06,  3.61289313006438E+06
 1.96991663330000E+03, -2.90893455626621E+01, -4.53735000000000E+01, -2.26015415925548E-01,  1.68310000000004E+02,  1.90803057240540E+06,  2.67056836350204E+06
 1.97000003330000E+03, -3.01668619383028E+01, -2.29056000000000E+01, -2.27471793694858E-01,  1.68490000000004E+02,  1.33869202024303E+06,  2.41249482388530E+06
 1.97008333330000E+03, -2.67890751735400E+01, -3.12846000000000E+01, -2.28656198711994E-01,  1.68670000000004E+02,  1.22949623010391E+06,  2.37326409758241E+06
 1.97016663330000E+03, -1.92776053087718E+01, -1.48176000000000E+01, -2.29565098954696E-01,  1.68850000000004E+02,  1.17347450882754E+06,  2.62327358592452E+06
 1.97025003330000E+03, -9.45205662349092E+00, -6.96530000000000E+00, -1.23940202289215E-01,  1.69030000000004E+02,  1.32971114630810E+06,  3.38426297415305E+06
 1.97033333330000E+03, -4.92289792308468E+00, -6.42160000000000E+00, -1.17170685994553E-01,  1.69210000000004E+02,  1.63288378583319E+06,  3.95835016370909E+06
 1.97041663330000E+03, -6.64712151917959E+00, -3.54164000000000E+01, -1.10273537903882E-01,  1.69390000000004E+02,  1.94414422611822E+06,  4.29868383096533E+06
 1.97050003330000E+03, -1.31092018650460E+01, -3.49490000000000E+01, -1.03257699957605E-01,  1.69570000000004E+02,  2.47541704017128E+06,  4.61503322390325E+06
 1.97058333330000E+03, -2.00446240921732E+01, -1.96363000000000E+01, -9.61321661214270E-02,  1.69750000000004E+02,  3.03191206104522E+06,  4.39837259424426E+06
 1.97066663330000E+03, -2.58193877150621E+01, -1.77083000000000E+01, -8.89059662117783E-02,  1.69930000000004E+02,  3.03427783252008E+06,  3.60298148529232E+06
 1.97075003330000E+03, -3.13996509738818E+01, -2.09335000000000E+01, -9.31635895845272E-02,  1.70110000000004E+02,  2.39524073383957E+06,  2.80516557940488E+06
 1.97083333330000E+03, -3.72017973164414E+01, -3.43903000000000E+01, -8.58985078225339E-02,  1.70290000000004E+02,  1.91104546392182E+06,  2.70951883722367E+06
 1.97091663330000E+03, -4.46223698724285E+01, -3.59241000000000E+01, -7.85455444810080E-02,  1.70470000000004E+02,  2.11336317770710E+06,  3.16911126823460E+06
 1.97100003330000E+03, -5.20214836965596E+01, -2.27650000000000E+01, -7.11137516702383E-02,  1.70650000000004E+02,  2.28239329560229E+06,  3.19909844717077E+06
 1.97108333330000E+03, -5.78276048518634E+01, -3.44528000000000E+01, -6.36121651764688E-02,  1.70830000000004E+02,  2.15315528341194E+06,  3.12828980647865E+06
 1.97116663330000E+03, -5.99871890845823E+01, -2.99869000000000E+01, -5.60497901194375E-02,  1.71010000000004E+02,  2.23520623066479E+06,  3.09641807422253E+06
 1.97125003330000E+03, -5.90947944617250E+01, -1.89819000000000E+01,  5.63627569529938E-01,  1.71190000000004E+02,  2.24815989308303E+06,  2.22630778229116E+06
 1.97133333330000E+03, -5.61710549298888E+01, -4.13150000000000E+00,  5.61404329484867E-01,  1.71370000000004E+02,  2.68850760883093E+06,  2.12783252119458E+06
 1.97141663330000E+03, -5.22562428891510E+01,  3.56490000000000E+00,  5.58513928885151E-01,  1.71550000000004E+02,  4.61234435612895E+06,  3.77511484330084E+06
 1.97150003330000E+03, -4.73956213765792E+01, -1.41227000000000E+01,  5.54961787631710E-01,  1.71730000000004E+02,  6.63561380563981E+06,  4.33826706149881E+06
 1.97158333330000E+03, -4.10784381409503E+01, -4.77342000000000E+01,  5.50756071317339E-01,  1.71910000000004E+02,  7.34441858313484E+06,  3.65912843183232E+06
 1.97166663330000E+03, -3.31705540717882E+01, -7.02688000000000E+01,  5.45907594408882E-01,  1.72090000000004E+02,  7.36317867496759E+06,  3.99152002503182E+06
 1.97175003330000E+03, -2.37059545984807E+01, -6.45720000000000E+01,  5.37571888737526E-01,  1.72270000000004E+02,  6.32971528984495E+06,  3.91285029558789E+06
 1.97183333330000E+03, -1.35145878898044E+01, -6.98761000000000E+01,  5.31191223280740E-01,  1.72450000000004E+02,  3.81528560212465E+06,  2.71311078813289E+06
 1.97191663330000E+03, -2.79757143442006E+00, -5.47187000000000E+01,  5.24224536318062E-01,  1.72630000000004E+02,  1.59162539775735E+06,  2.71243986177685E+06
 1.97200003330000E+03,  6.92026840539659E+00, -4.79453000000000E+01,  5.16693105962558E-01,  1.72810000000004E+02,  8.00890712985583E+05,  3.90220421255334E+06
 1.97208333330000E+03,  5.36029064168345E+00, -6.03265000000000E+01,  5.08620191209753E-01,  1.72990000000004E+02,  6.63475186745022E+05,  5.17453200739566E+06
 1.97216663330000E+03, -8.98712676797739E+00, -6.60156000000000E+01,  5.00030891445618E-01,  1.73170000000004E+02,  5.49272045554677E+05,  6.52277457969745E+06
 1.97225003330000E+03, -3.35242421880117E+01, -6.90886000000000E+01,  2.72375811543644E-01,  1.73350000000004E+02,  4.81638539607511E+05,  7.12125397012002E+06
 1.97233333330000E+03, -4.71947508324537E+01, -5.65470000000000E+01,  2.60369439589005E-01,  1.73530000000004E+02,  5.68728521778290E+05,  6.74101931619760E+06
 1.97241663330000E+03, -4.69726708694052E+01, -4.50056000000000E+01,  2.48559201764375E-01,  1.73710000000004E+02,  8.30110589803335E+05,  6.31566538523443E+06
 1.97250003330000E+03, -3.42653597442355E+01, -6.57712000000000E+01,  2.36973795281750E-01,  1.73890000000004E+02,  1.07575413087512E+06,  5.61239108430924E+06
 1.97258333330000E+03, -2.10208640327822E+01, -4.00761000000000E+01,  2.25640707857290E-01,  1.74070000000004E+02,  1.09627367257635E+06,  4.35964614819846E+06
 1.97266663330000E+03, -9.06712734723530E+00, -6.15030000000000E+00,  2.14586147522500E-01,  1.74250000000004E+02,  9.80991719082195E+05,  3.71276265779905E+06
 1.97275003330000E+03,  1.62954683184641E+00,  3.11608000000000E+01,  2.12883255485198E-01,  1.74430000000004E+02,  1.04831413367410E+06,  3.71003869919569E+06
 1.97283333330000E+03,  1.31417104991937E+01,  3.28556000000000E+01,  2.02181718776299E-01,  1.74610000000004E+02,  1.44368879564945E+06,  3.05574936964810E+06
 1.97291663330000E+03,  2.48844682638894E+01,  5.28581000000000E+01,  1.91810580345509E-01,  1.74790000000004E+02,  1.93444835356262E+06,  2.13642485738669E+06
 1.97300003330000E+03,  3.53823817480172E+01,  5.30150000000000E+01,  1.81791623781456E-01,  1.74970000000004E+02,  2.24936426899124E+06,  1.64903274271810E+06
 1.97308333330000E+03,  4.25217899200930E+01,  6.40172000000000E+01,  1.72145132738727E-01,  1.75150000000004E+02,  2.41251807599643E+06,  1.48720406864910E+06
 1.97316663330000E+03,  4.54677283974647E+01,  7.07117000000000E+01,  1.62889854995865E-01,  1.75330000000004E+02,  2.52842841212169E+06,  3.46350974352640E+06
 1.97325003330000E+03,  4.48662323960706E+01,  7.21761000000000E+01,  1.32202876249296E-01,  1.75510000000004E+02,  2.47874318021360E+06,  7.98745323923940E+06
 1.97333333330000E+03,  4.10866069972909E+01,  8.90242000000000E+01,  1.24702990628895E-01,  1.75690000000004E+02,  2.18232318542920E+06,  1.11325221377127E+07
 1.97341663330000E+03,  3.50674196641261E+01,  9.17184000000000E+01,  1.17088033620395E-01,  1.75870000000004E+02,  1.90793876445170E+06,  1.15639374086727E+07
 1.97350003330000E+03,  2.71067619271494E+01,  7.10286000000000E+01,  1.09368571314404E-01,  1.76050000000004E+02,  1.75951181662578E+06,  1.12804650667472E+07
 1.97358333330000E+03,  1.88612205143528E+01,  7.49534000000000E+01,  1.01555190109347E-01,  1.76230000000004E+02,  1.46192564204754E+06,  9.15672536064784E+06
 1.97366663330000E+03,  1.07621299566041E+01,  2.82627000000000E+01,  9.36584770959161E-02,  1.76410000000004E+02,  1.15565995323451E+06,  4.65776896859186E+06
 1.97375003330000E+03,  3.02868993066986E+00, -5.58120000000000E+00,  9.58782527214678E-02,  1.76590000000004E+02,  1.22944452114502E+06,  1.31681553051749E+06
 1.97383333330000E+03, -6.47160469219862E+00, -4.58106000000000E+01,  8.79280948261847E-02,  1.76770000000004E+02,  1.51306165222810E+06,  6.05613774996632E+05
 1.97391663330000E+03, -1.74042309220600E+01, -4.25015000000000E+01,  7.99127603192936E-02,  1.76950000000004E+02,  1.71625567401365E+06,  7.87067734801611E+05
 1.97400003330000E+03, -2.80659952598400E+01, -2.01150000000000E+01,  7.18427433725748E-02,  1.77130000000004E+02,  1.79862784527701E+06,  1.10949162289904E+06
 1.97408333330000E+03, -3.00072775612782E+01, -8.57530000000000E+00,  6.37284708508425E-02,  1.77310000000004E+02,  1.69240169552467E+06,  2.43208833364692E+06
 1.97416663330000E+03, -2.18910285311928E+01, -3.26660000000000E+00,  5.55802854498659E-02,  1.77490000000004E+02,  1.53083987333490E+06,  5.17759468737661E+06
 1.97425003330000E+03, -4.68081591494135E+00, -4.80340000000000E+00,  2.06749435270175E-01,  1.77670000000004E+02,  1.77186169998486E+06,  7.66538244693564E+06
 1.97433333330000E+03,  9.40672363528741E+00,  5.65900000000000E+00,  2.01296055051875E-01,  1.77850000000004E+02,  2.75490912360661E+06,  8.34909996442456E+06
 1.97441663330000E+03,  1.86887934263198E+01,  2.55060000000000E+01,  1.95614625737199E-01,  1.78030000000004E+02,  4.10577192155542E+06,  7.82822732999789E+06
 1.97450003330000E+03,  2.27333587192580E+01,  4.15074000000000E+01,  1.89713931563082E-01,  1.78210000000004E+02,  4.78639572888732E+06,  6.35986818619697E+06
 1.97458333330000E+03,  2.69703150243295E+01,  3.08926000000000E+01,  1.83603032151437E-01,  1.78390000000004E+02,  4.46515777041350E+06,  3.98563832394351E+06
 1.97466663330000E+03,  3.11721602752668E+01,  1.47393000000000E+01,  1.77291238818288E-01,  1.78570000000004E+02,  3.87937894811733E+06,  2.06563046864683E+06
 1.97475003330000E+03,  3.47063281382837E+01,  3.05097000000000E+01,  1.62280476756212E-01,  1.78750000000004E+02,  3.22489921432692E+06,  1.33005350524562E+06
 1.97483333330000E+03,  3.63656019396336E+01,  4.59715000000000E+01,  1.55379688487549E-01,  1.78930000000004E+02,  2.23800496469147E+06,  1.72982615579384E+06
 1.97491663330000E+03,  3.61918618561407E+01,  7.27410000000000E+01,  1.48320030290306E-01,  1.79110000000004E+02,  1.49697180642408E+06,  2.72526189364290E+06
 1.97500003330000E+03,  3.44116104522906E+01,  7.05111000000000E+01,  1.41111756157979E-01,  1.79290000000004E+02,  1.39154365661473E+06,  2.81862520761086E+06
 1.97508333330000E+03,  2.62080448368628E+01,  4.75880000000000E+01,  1.33765228423201E-01,  1.79470000000004E+02,  1.37541427999260E+06,  2.41889166347387E+06
 1.97516663330000E+03,  1.21070980405623E+01,  5.01264000000000E+01,  1.26290896115794E-01,  1.79650000000004E+02,  1.33077899487839E+06,  2.88186987817304E+06
 1.97525003330000E+03, -7.11672843086871E+00,  4.42809000000000E+01,  7.80087129534652E-02,  1.79830000000004E+02,  1.47439985712759E+06,  2.90941732347065E+06
 1.97533333330000E+03, -1.97682316151142E+01,  4.72037000000000E+01,  7.64829493924361E-02,  1.80010000000004E+02,  1.56751647891831E+06,  2.05542334211052E+06
 1.97541663330000E+03, -2.57823234125374E+01,  6.25111000000000E+01,  7.54224197867198E-02,  1.80190000000004E+02,  1.83712186028053E+06,  2.17560772704890E+06
 1.97550003330000E+03, -2.55497602117844E+01,  6.33576000000000E+01,  7.48180874066188E-02,  1.80370000000004E+02,  2.62288638435994E+06,  3.06203173426605E+06
 1.97558333330000E+03, -2.47739536650691E+01,  1.74340000000000E+01,  7.46597472645440E-02,  1.80550000000004E+02,  3.20289609955159E+06,  3.44280498193131E+06
 1.97566663330000E+03, -2.34311581844571E+01, -5.87430000000000E+00,  7.49360830335359E-02,  1.80730000000004E+02,  3.26368678160026E+06,  3.75189419011645E+06
 1.97575003330000E+03, -2.10820411282302E+01, -1.87430000000000E+00,  7.57332927385420E-02,  1.80910000000004E+02,  3.56990801269605E+06,  4.36736909882107E+06
 1.97583333330000E+03, -1.77248979267251E+01, -2.79820000000000E+00,  7.68835331254318E-02,  1.81090000000004E+02,  4.55235336615050E+06,  5.91992604502330E+06
 1.97591663330000E+03, -1.40134694934842E+01, -4.91300000000000E-01,  7.84268566365265E-02,  1.81270000000004E+02,  6.79593573849926E+06,  1.07675401684221E+07
 1.97600003330000E+03, -1.09023597446847E+01, -4.56850000000000E+00,  8.03480158850979E-02,  1.81450000000004E+02,  1.05241602416022E+07,  1.85918532286376E+07
 1.97608333330000E+03, -1.02494302334021E+01, -6.80030000000000E+00,  8.26309665644600E-02,  1.81630000000004E+02,  1.36785898807169E+07,  2.43667072325872E+07
 1.97616663330000E+03, -1.24449701060327E+01, -1.51861000000000E+01,  8.52589318992974E-02,  1.81810000000004E+02,  1.45069384321061E+07,  2.54181424948419E+07
 1.97625003330000E+03, -1.76840537713598E+01, -5.39558000000000E+01,  2.19862393457060E-01,  1.81990000000004E+02,  1.34651889986326E+07,  2.33315430621810E+07
 1.97633333330000E+03, -2.39689875021411E+01, -7.12649000000000E+01,  2.24133397938039E-01,  1.82170000000004E+02,  1.05281077869796E+07,  1.80866621700826E+07
 1.97641663330000E+03, -3.04170936676971E+01, -6.81125000000000E+01,  2.28200524337689E-01,  1.82350000000004E+02,  5.97929642839183E+06,  1.01763870299400E+07
 1.97650003330000E+03, -3.62917420107096E+01, -9.21133000000000E+01,  2.32051490281842E-01,  1.82530000000004E+02,  2.22326958678712E+06,  4.36281213382907E+06
 1.97658333330000E+03, -4.16833426880566E+01, -1.47576000000000E+02,  2.35674725562115E-01,  1.82710000000004E+02,  9.09697562543827E+05,  3.26824678116101E+06
 1.97666663330000E+03, -4.64926115844296E+01, -1.52886000000000E+02,  2.39059383728413E-01,  1.82890000000004E+02,  1.84864505424396E+06,  4.54819600156519E+06
 1.97675003330000E+03, -5.04368367924849E+01, -1.36425000000000E+02,  2.41259609253580E-01,  1.83070000000004E+02,  4.01753830707633E+06,  6.26115465272261E+06
 1.97683333330000E+03, -5.37172003976854E+01, -1.42273000000000E+02,  2.44217694425459E-01,  1.83250000000004E+02,  5.57057763259887E+06,  7.80138465673196E+06
 1.97691663330000E+03, -5.61713343236061E+01, -1.37506000000000E+02,  2.46911658761363E-01,  1.83430000000004E+02,  5.99126345429514E+06,  8.38357346840880E+06
 1.97700003330000E+03, -5.80009120825879E+01, -1.27507000000000E+02,  2.49333394504224E-01,  1.83610000000004E+02,  6.16067620936820E+06,  8.00416107117526E+06
 1.97708333330000E+03, -5.99778124408849E+01, -1.32817000000000E+02,  2.51475544338718E-01,  1.83790000000004E+02,  5.31962050309613E+06,  6.90707388438880E+06
 1.97716663330000E+03, -6.24854727147029E+01, -1.24281000000000E+02,  2.53331501514195E-01,  1.83970000000004E+02,  3.17373692127566E+06,  5.50534507654544E+06
 1.97725003330000E+03, -6.64060152125628E+01, -1.10206000000000E+02, -6.11854744001979E-02,  1.84150000000004E+02,  2.14855474945257E+06,  5.74001426556591E+06
 1.97733333330000E+03, -6.92305582354281E+01, -5.79006000000000E+01, -5.36054506256027E-02,  1.84330000000004E+02,  3.09256526198392E+06,  9.15092013111390E+06
 1.97741663330000E+03, -7.19140592375339E+01, -4.24416000000000E+01, -6.11633561767422E-02,  1.84510000000004E+02,  3.88145027849430E+06,  1.41932497334222E+07
 1.97750003330000E+03, -7.21202862610283E+01, -3.15973000000000E+01, -5.35831759998488E-02,  1.84690000000004E+02,  3.69872812872517E+06,  1.78532976808209E+07
 1.97758333330000E+03, -7.33797432357642E+01, -5.22154000000000E+01, -6.11413814460942E-02,  1.84870000000004E+02,  3.67148742306159E+06,  1.86449813982142E+07
 1.97766663330000E+03, -7.31244371752607E+01, -4.36798000000000E+01, -5.35610459610056E-02,  1.85050000000005E+02,  4.14419954015552E+06,  1.69033688487580E+07
 1.97775003330000E+03, -7.45324990141575E+01, -5.86820000000000E+01, -5.96187471141862E-02,  1.85230000000005E+02,  4.87466247952692E+06,  1.35845298353336E+07
 1.97783333330000E+03, -7.43756697022633E+01, -9.07619000000000E+01, -5.20278426310293E-02,  1.85410000000005E+02,  6.09757973421683E+06,  9.76161590799587E+06
 1.97791663330000E+03, -7.57283748980519E+01, -9.20727000000000E+01, -5.96068048167699E-02,  1.85590000000005E+02,  7.48434600215587E+06,  6.67872571364870E+06
 1.97800003330000E+03, -7.52753002911990E+01, -8.38444000000000E+01, -5.20158189341961E-02,  1.85770000000005E+02,  8.06114081442078E+06,  5.10131344591205E+06
 1.97808333330000E+03, -7.36716197082759E+01, -9.23861000000000E+01, -5.95949401747492E-02,  1.85950000000005E+02,  7.62676938990345E+06,  4.28423515595835E+06
 1.97816663330000E+03, -6.85160457153523E+01, -5.86202000000000E+01, -5.20038734450516E-02,  1.86130000000005E+02,  6.85839069264294E+06,  3.15855694001866E+06
 1.97825003330000E+03, -6.21698898971402E+01, -4.67768000000000E+01,  2.58134123887785E-01,  1.86310000000005E+02,  6.27714125895861E+06,  2.44761057749865E+06
 1.97833333330000E+03, -5.70363288548753E+01, -1.67804000000000E+01,  2.57772355343321E-01,  1.86490000000005E+02,  5.76630275769533E+06,  3.08968318756325E+06
 1.97841663330000E+03, -5.39900946138347E+01, -5.45532000000000E+01,  2.57097900176050E-01,  1.86670000000005E+02,  5.60363212904347E+06,  4.46701923369106E+06
 1.97850003330000E+03, -5.23551187752209E+01, -7.98639000000000E+01,  2.56110830794360E-01,  1.86850000000005E+02,  6.65830869004533E+06,  6.70907151263202E+06
 1.97858333330000E+03, -5.04546684481543E+01, -1.05022000000000E+02,  2.54811878196812E-01,  1.87030000000005E+02,  8.12809616056061E+06,  1.04454311138885E+07
 1.97866663330000E+03, -4.82237600591651E+01, -8.58717000000000E+01,  2.53202415662865E-01,  1.87210000000005E+02,  8.44606073320004E+06,  1.39350637591222E+07
 1.97875003330000E+03, -4.55225844170973E+01, -9.89519000000000E+01,  2.50563628979369E-01,  1.87390000000005E+02,  8.28093677089984E+06,  1.54931212926530E+07
 1.97883333330000E+03, -4.24362673585634E+01, -7.97252000000000E+01,  2.48236596089978E-01,  1.87570000000005E+02,  8.22656924119492E+06,  1.57523996875838E+07
 1.97891663330000E+03, -3.89697558233061E+01, -5.38833000000000E+01,  2.45608063136197E-01,  1.87750000000005E+02,  7.56442863807307E+06,  1.50671177301536E+07
 1.97900003330000E+03, -3.49522896657236E+01, -2.77330000000000E+01,  2.42681978717370E-01,  1.87930000000005E+02,  7.56115111545653E+06,  1.38247792419895E+07
 1.97908333330000E+03, -3.08846265351186E+01, -2.08143000000000E+01,  2.39462831571413E-01,  1.88110000000005E+02,  9.49760495675174E+06,  1.35855091652799E+07
 1.97916663330000E+03, -2.79392466767256E+01,  4.18120000000000E+00,  2.35955629196382E-01,  1.88290000000005E+02,  1.14031972526077E+07,  1.40060751610248E+07
 1.97925003330000E+03, -2.74094232130420E+01, -1.78995000000000E+01,  2.37344120695404E-01,  1.88470000000005E+02,  1.15461229617060E+07,  1.32611059549419E+07
 1.97933333330000E+03, -2.93726763124673E+01, -2.84426000000000E+01,  2.40609572270070E-01,  1.88650000000005E+02,  1.03385384374193E+07,  1.15422657728757E+07
 1.97941663330000E+03, -3.23323410926441E+01, -4.37551000000000E+01,  2.43621702096702E-01,  1.88830000000005E+02,  8.00122129940164E+06,  9.52838127061941E+06
 1.97950003330000E+03, -3.54885646953560E+01, -4.59130000000000E+01,  2.46371498172880E-01,  1.89010000000005E+02,  4.98582928340258E+06,  6.91787523211234E+06
 1.97958333330000E+03, -3.78822980620137E+01, -4.24564000000000E+01,  2.48850696270522E-01,  1.89190000000005E+02,  2.94853743425123E+06,  4.81357151472243E+06
 1.97966663330000E+03, -4.01055860373771E+01, -6.35384000000000E+01,  2.51051782342154E-01,  1.89370000000005E+02,  2.63529612887743E+06,  4.59936567807766E+06
 1.97975003330000E+03, -4.16805632817767E+01, -7.45428000000000E+01,  2.52006616297080E-01,  1.89550000000005E+02,  2.92635416229327E+06,  4.88887715119051E+06
 1.97983333330000E+03, -4.31842952758808E+01, -6.93172000000000E+01,  2.53784038842601E-01,  1.89730000000005E+02,  2.81133430655255E+06,  4.31135225523683E+06
 1.97991663330000E+03, -4.42700967005030E+01, -7.61687000000000E+01,  2.55267953078980E-01,  1.89910000000005E+02,  2.32989667409683E+06,  4.25711392220027E+06
 1.98000003330000E+03, -4.51701273063464E+01, -7.47887000000000E+01,  2.56453447572225E-01,  1.90090000000005E+02,  1.85810780386980E+06,  5.35757295903629E+06
 1.98008333330000E+03, -4.52796109418965E+01, -9.60250000000000E+01,  2.57336349499131E-01,  1.90270000000005E+02,  1.73883995625455E+06,  6.05608101772594E+06
 1.98016663330000E+03, -4.44586001693153E+01, -9.47228000000000E+01,  2.57913217470472E-01,  1.90450000000005E+02,  1.68401965355652E+06,  5.91307667581797E+06
 1.98025003330000E+03, -4.25788656298650E+01, -1.01112000000000E+02,  2.50468943946384E-01,  1.90630000000005E+02,  1.24886695419577E+06,  6.37363834964641E+06
 1.98033333330000E+03, -4.01000673741213E+01, -9.37336000000000E+01,  2.48128751746015E-01,  1.90810000000005E+02,  1.11954085577051E+06,  8.01837780385431E+06
 1.98041663330000E+03, -3.72526040055315E+01, -7.14317000000000E+01,  2.45487219351745E-01,  1.90990000000005E+02,  1.61256270510945E+06,  8.68851151691922E+06
 1.98050003330000E+03, -3.41730443149054E+01, -6.04369000000000E+01,  2.42548319240351E-01,  1.91170000000005E+02,  2.02421962807978E+06,  7.63151992621163E+06
 1.98058333330000E+03, -3.09948798116399E+01, -2.98276000000000E+01,  2.39316563111409E-01,  1.91350000000005E+02,  2.65582973361142E+06,  7.94651625511989E+06
 1.98066663330000E+03, -2.77086496675174E+01, -2.44491000000000E+01,  2.35796980484230E-01,  1.91530000000005E+02,  3.67153570962631E+06,  8.52082599802507E+06
 1.98075003330000E+03, -2.42566102549172E+01, -9.53150000000000E+00,  2.33640791399068E-01,  1.91710000000005E+02,  4.05644032786151E+06,  5.81080525102049E+06
 1.98083333330000E+03, -2.01802274333596E+01, -9.07630000000000E+00,  2.29678966624974E-01,  1.91890000000005E+02,  4.13702074001435E+06,  4.97110327585083E+06
 1.98091663330000E+03, -1.54976672678477E+01,  9.30190000000000E+00,  2.25444501738851E-01,  1.92070000000005E+02,  4.79459395654498E+06,  9.58628407837243E+06
 1.98100003330000E+03, -1.01782774240375E+01,  2.46808000000000E+01,  2.20944095503337E-01,  1.92250000000005E+02,  5.18772500809075E+06,  1.24480146700803E+07
 1.98108333330000E+03, -4.58647280416029E+00,  3.37511000000000E+01,  2.16184860814268E-01,  1.92430000000005E+02,  4.76501759895207E+06,  1.14676776173825E+07
 1.98116663330000E+03,  1.36382772878551E+00,  3.79752000000000E+01,  2.11174301190915E-01,  1.92610000000005E+02,  4.22267490324243E+06,  1.15546791573855E+07
 1.98125003330000E+03,  7.54337340706356E+00,  4.43537000000000E+01,  2.07528082729547E-01,  1.92790000000005E+02,  3.51685395409994E+06,  1.07000298365324E+07
 1.98133333330000E+03,  1.41430821073221E+01,  5.94238000000000E+01,  2.02108804997815E-01,  1.92970000000005E+02,  2.25316779473725E+06,  6.34365642565297E+06
 1.98141663330000E+03,  2.08652927675242E+01,  6.43399000000000E+01,  1.96460216818844E-01,  1.93150000000005E+02,  1.17099120097959E+06,  3.07805152290202E+06
 1.98150003330000E+03,  2.74678303829944E+01,  3.17182000000000E+01,  1.90591060122760E-01,  1.93330000000005E+02,  1.01470542132448E+06,  2.80474329826731E+06
 1.98158333330000E+03,  3.35479678406822E+01,  2.40340000000000E+00,  1.84510355702198E-01,  1.93510000000005E+02,  1.35066127202920E+06,  2.31045239372264E+06
 1.98166663330000E+03,  3.89684430537673E+01, -1.56039000000000E+01,  1.78227379503785E-01,  1.93690000000005E+02,  1.48558238771356E+06,  1.19414188869157E+06
 1.98175003330000E+03,  4.36524998933245E+01,  3.89500000000000E-01,  1.71914484506362E-01,  1.93870000000005E+02,  1.46309001316033E+06,  1.23326659172932E+06
 1.98183333330000E+03,  4.74859515685010E+01,  2.11513000000000E+01,  1.65260115965983E-01,  1.94050000000005E+02,  1.79856183759537E+06,  1.93585109324030E+06
 1.98191663330000E+03,  5.02664634287672E+01,  2.29900000000000E+01,  1.58432352139897E-01,  1.94230000000005E+02,  2.32085287603597E+06,  2.10256223927802E+06
 1.98200003330000E+03,  5.16364986354725E+01,  1.73677000000000E+01,  1.51441252272886E-01,  1.94410000000005E+02,  2.95000919279730E+06,  2.26865034069250E+06
 1.98208333330000E+03,  4.23322520108220E+01,  1.28216000000000E+01,  1.44297015800004E-01,  1.94590000000005E+02,  5.08337401008727E+06,  3.64461640267514E+06
 1.98216663330000E+03,  2.28000290878055E+01,  3.14291000000000E+01,  1.37009960135294E-01,  1.94770000000005E+02,  8.00119549888744E+06,  5.02651801808102E+06
 1.98225003330000E+03, -4.55802671211964E+00,  2.51143000000000E+01,  2.53306720461747E-01,  1.94950000000005E+02,  8.54416481305295E+06,  4.72959251481690E+06
 1.98233333330000E+03, -1.92057251209507E+01,  3.09525000000000E+01,  2.41627070980105E-01,  1.95130000000005E+02,  7.71554724231540E+06,  5.61659743479989E+06
 1.98241663330000E+03, -1.97029444945989E+01,  3.20983000000000E+01,  2.30188781924736E-01,  1.95310000000005E+02,  7.97196323333851E+06,  8.68884544554253E+06
 1.98250003330000E+03, -7.98371321232662E+00,  6.79370000000000E+01,  2.19018586524212E-01,  1.95490000000005E+02,  7.15845982115920E+06,  8.99066905904045E+06
 1.98258333330000E+03,  4.60215302897606E+00,  9.32364000000000E+01,  2.08141899670993E-01,  1.95670000000005E+02,  4.78705299235367E+06,  7.18270700927368E+06
 1.98266663330000E+03,  1.60370342723746E+01,  9.36127000000000E+01,  1.97582758389262E-01,  1.95850000000005E+02,  3.94975572514127E+06,  7.85799161447139E+06
 1.98275003330000E+03,  2.57543633044983E+01,  8.71434000000000E+01,  1.87352590517113E-01,  1.96030000000005E+02,  3.88275359105183E+06,  7.75011778259461E+06
 1.98283333330000E+03,  3.34105632076985E+01,  6.90580000000000E+01,  1.77495295767245E-01,  1.96210000000005E+02,  2.61621533234529E+06,  4.52407569814433E+06
 1.98291663330000E+03,  3.87205105776692E+01,  5.96648000000000E+01,  1.68018916102370E-01,  1.96390000000005E+02,  1.90404915030254E+06,  3.13041229912002E+06
 1.98300003330000E+03,  4.18680338677105E+01,  7.44260000000000E+01,  1.58941513015500E-01,  1.96570000000005E+02,  2.24033858268283E+06,  3.81010408425232E+06
 1.98308333330000E+03,  4.39889691817173E+01,  7.92634000000000E+01,  1.50279571681484E-01,  1.96750000000005E+02,  2.13215558479240E+06,  2.82142290463284E+06
 1.98316663330000E+03,  4.66213396435375E+01,  8.70237000000000E+01,  1.42047980585217E-01,  1.96930000000005E+02,  2.27266198866407E+06,  2.72903956164073E+06
 1.98325003330000E+03,  5.06272851945308E+01,  1.00246000000000E+02,  4.78309518847186E-01,  1.97110000000005E+02,  2.90496727304118E+06,  5.90153132720232E+06
 1.98333333330000E+03,  5.49222153495927E+01,  1.34929000000000E+02,  4.68208060832738E-01,  1.97290000000005E+02,  2.46774010508625E+06,  7.68495474621048E+06
 1.98341663330000E+03,  5.78380529622719E+01,  1.31613000000000E+02,  4.57716109813817E-01,  1.97470000000005E+02,  1.90252513891881E+06,  6.68686009726065E+06
 1.98350003330000E+03,  5.78996601893599E+01,  1.37989000000000E+02,  4.46866067769261E-01,  1.97650000000005E+02,  3.46777538832530E+06,  8.09606741032948E+06
 1.98358333330000E+03,  5.55580819029672E+01,  9.01331000000000E+01,  4.35691232606680E-01,  1.97830000000005E+02,  5.70416670261582E+06,  1.08405949986771E+07
 1.98366663330000E+03,  5.09419775391439E+01,  4.26621000000000E+01,  4.24225646758337E-01,  1.98010000000005E+02,  5.89402344397912E+06,  9.15113915725320E+06
 1.98375003330000E+03,  4.44707875584410E+01,  2.49610000000000E+01,  4.21921547672417E-01,  1.98190000000005E+02,  5.57974794026261E+06,  7.84124071543781E+06
 1.98383333330000E+03,  3.49261575516701E+01,  1.40283000000000E+01,  4.10153238443276E-01,  1.98370000000005E+02,  7.05064243618193E+06,  1.38580190158900E+07
 1.98391663330000E+03,  2.24715414975710E+01,  2.07878000000000E+01,  3.98170892445176E-01,  1.98550000000005E+02,  8.19629374295575E+06,  2.00788254916207E+07
 1.98400003330000E+03,  9.33245527257314E+00,  3.18557000000000E+01,  3.86009935625970E-01,  1.98730000000005E+02,  7.64999460860457E+06,  2.00839628669468E+07
 1.98408333330000E+03, -1.42956758547152E+00,  2.59996000000000E+01,  3.73705923612059E-01,  1.98910000000005E+02,  7.62268641109617E+06,  1.95150645794585E+07
 1.98416663330000E+03, -7.63925609580162E+00,  2.52204000000000E+01,  3.61294403071213E-01,  1.99090000000005E+02,  7.74520280411599E+06,  1.87867488865668E+07
 1.98425003330000E+03, -1.16367230407534E+01,  3.14418000000000E+01,  2.18245121820846E-01,  1.99270000000005E+02,  6.12808040181016E+06,  1.31568183092843E+07
 1.98433333330000E+03, -1.56623715479104E+01, -1.26070000000000E+00,  2.22587782812116E-01,  1.99450000000005E+02,  4.60163039577588E+06,  7.90754162550559E+06
 1.98441663330000E+03, -2.15398357407502E+01, -2.01172000000000E+01,  2.26731252879745E-01,  1.99630000000005E+02,  5.09450156088124E+06,  8.19123124255017E+06
 1.98450003330000E+03, -2.82613509013394E+01, -5.64345000000000E+01,  2.30662991430336E-01,  1.99810000000005E+02,  6.96669993263811E+06,  1.03300848264802E+07
 1.98458333330000E+03, -3.44913891333296E+01, -1.07522000000000E+02,  2.34371165233585E-01,  1.99990000000005E+02,  9.32148841121106E+06,  1.25292476869587E+07
 1.98466663330000E+03, -3.96629954857449E+01, -1.26994000000000E+02,  2.37844660810449E-01,  2.00170000000005E+02,  1.07487463804007E+07,  1.47224656451656E+07
 1.98475003330000E+03, -4.36866095194454E+01, -1.10850000000000E+02,  2.37521155787602E-01,  2.00350000000005E+02,  1.03690300858384E+07,  1.46107840622303E+07
 1.98483333330000E+03, -4.74622906691194E+01, -1.11092000000000E+02,  2.40773584522770E-01,  2.00530000000005E+02,  9.78877239623858E+06,  1.35398092169712E+07
 1.98491663330000E+03, -5.09470740446443E+01, -1.00102000000000E+02,  2.43772201358297E-01,  2.00710000000005E+02,  1.01623907486797E+07,  1.36981706026977E+07
 1.98500003330000E+03, -5.39557749735204E+01, -9.10357000000000E+01,  2.46508033337780E-01,  2.00890000000005E+02,  1.05563989686829E+07,  1.30711906769582E+07
 1.98508333330000E+03, -4.82893464763441E+01, -8.57390000000000E+01,  2.48972855453074E-01,  2.01070000000005E+02,  1.10327200390646E+07,  1.20915688095468E+07
 1.98516663330000E+03, -3.39317315613904E+01, -6.29039000000000E+01,  2.51159192949849E-01,  2.01250000000005E+02,  1.22401777177937E+07,  1.33903569528508E+07
 1.98525003330000E+03, -1.20023591321167E+01, -4.98375000000000E+01,  1.14341110438842E-01,  2.01430000000005E+02,  1.22255768728020E+07,  1.38327788199902E+07
 1.98533333330000E+03,  1.27246974212512E+00, -5.52334000000000E+01,  1.08375305009814E-01,  2.01610000000005E+02,  9.87827880676811E+06,  1.15156427937894E+07
 1.98541663330000E+03,  5.08225403003329E+00, -4.90909000000000E+01,  1.02894771378661E-01,  2.01790000000005E+02,  8.12240697478436E+06,  1.17097070407227E+07
 1.98550003330000E+03,  2.16277256280459E-01, -5.24094000000000E+01,  9.79033168253375E-02,  2.01970000000005E+02,  7.89920127488385E+06,  1.39257411626678E+07
 1.98558333330000E+03, -5.25482427470331E+00, -5.80363000000000E+01,  9.34031924610867E-02,  2.02150000000005E+02,  6.72972110413995E+06,  1.24186977006530E+07
 1.98566663330000E+03, -1.04165517586131E+01, -5.29711000000000E+01,  8.93951208372052E-02,  2.02330000000005E+02,  5.24391446096263E+06,  1.08804791190092E+07
 1.98575003330000E+03, -1.47960156344749E+01, -5.43667000000000E+01,  8.30654502078526E-02,  2.02510000000005E+02,  5.35916675167050E+06,  1.35590567886480E+07
 1.98583333330000E+03, -1.73634370618405E+01, -4.95324000000000E+01,  8.04860401177391E-02,  2.02690000000005E+02,  5.81904620586692E+06,  1.53263083757102E+07
 1.98591663330000E+03, -1.83474630138015E+01, -4.09290000000000E+01,  7.83874174738781E-02,  2.02870000000005E+02,  5.98545062440116E+06,  1.46676160099731E+07
 1.98600003330000E+03, -1.84107412604811E+01, -3.07095000000000E+01,  7.67633171753316E-02,  2.03050000000005E+02,  6.54330324286932E+06,  1.44514675672055E+07
 1.98608333330000E+03, -2.09617302559695E+01, -3.82601000000000E+01,  7.56061880549748E-02,  2.03230000000005E+02,  6.59221802643557E+06,  1.29259899558273E+07
 1.98616663330000E+03, -2.79642182048623E+01, -3.40415000000000E+01,  7.49072447361836E-02,  2.03410000000005E+02,  5.70572804134818E+06,  1.00282619067940E+07
 1.98625003330000E+03, -4.04451799810124E+01, -3.02070000000000E+01,  6.55566627149728E-01,  2.03590000000005E+02,  4.41964557353395E+06,  7.86755583086720E+06
 1.98633333330000E+03, -5.33507838895296E+01, -1.02194000000000E+01,  6.38822914776861E-01,  2.03770000000005E+02,  2.81182804437691E+06,  5.31106996283071E+06
 1.98641663330000E+03, -6.30517421950199E+01, -3.23180000000000E+00,  6.22072501166122E-01,  2.03950000000005E+02,  1.87721420112840E+06,  3.50443530978692E+06
 1.98650003330000E+03, -6.61094378363260E+01, -2.61668000000000E+01,  6.05398018507554E-01,  2.04130000000005E+02,  2.22798803437461E+06,  4.42881793862914E+06
 1.98658333330000E+03, -6.32741056690399E+01, -2.82564000000000E+01,  5.88880347641110E-01,  2.04310000000005E+02,  2.50542510352799E+06,  5.15876597897491E+06
 1.98666663330000E+03, -5.40910861230978E+01, -2.83461000000000E+01,  5.72598132986296E-01,  2.04490000000005E+02,  2.24073686709227E+06,  4.03087265777211E+06
 1.98675003330000E+03, -3.95516263675043E+01, -3.46659000000000E+01,  5.57537643835191E-01,  2.04670000000005E+02,  2.46957588006789E+06,  3.37757763214103E+06
 1.98683333330000E+03, -2.07518545533145E+01, -2.12942000000000E+01,  5.41927024854455E-01,  2.04850000000005E+02,  3.40716438213098E+06,  4.17528685575420E+06
 1.98691663330000E+03, -1.26598783293105E-01, -1.72303000000000E+01,  5.26766076187991E-01,  2.05030000000005E+02,  4.69770332012802E+06,  5.26508453883612E+06
 1.98700003330000E+03,  1.85201521088052E+01, -7.24280000000000E+00,  5.12120480223979E-01,  2.05210000000005E+02,  6.10193552816924E+06,  6.23591731902539E+06
 1.98708333330000E+03,  2.03519235566752E+01, -3.87140000000000E+00,  4.98051741965818E-01,  2.05390000000005E+02,  6.76352534806760E+06,  7.71781127597764E+06
 1.98716663330000E+03,  3.41417430207954E+00,  1.50384000000000E+01,  4.84616898930376E-01,  2.05570000000005E+02,  6.11003229463585E+06,  8.74318822363247E+06
 1.98725003330000E+03, -2.78412846866344E+01,  1.37949000000000E+01,  5.86988976367076E-01,  2.05750000000005E+02,  5.06897325558074E+06,  8.16971640218635E+06
 1.98733333330000E+03, -4.50761749709450E+01, -8.83400000000000E+00,  5.70738858333899E-01,  2.05930000000005E+02,  4.52573477700407E+06,  8.19575641693879E+06
 1.98741663330000E+03, -4.36847803437839E+01, -3.69245000000000E+01,  5.54808715060767E-01,  2.06110000000005E+02,  4.17855824727797E+06,  9.44415520816003E+06
 1.98750003330000E+03, -2.52744168703144E+01, -2.83221000000000E+01,  5.39270993969976E-01,  2.06290000000005E+02,  3.94364027466688E+06,  9.05331539519765E+06
 1.98758333330000E+03, -6.27938497542527E+00, -1.12589000000000E+01,  5.24194587524412E-01,  2.06470000000005E+02,  4.00433847834109E+06,  8.20560111398618E+06
 1.98766663330000E+03,  1.03278461651053E+01, -1.55805000000000E+01,  5.09644477988130E-01,  2.06650000000005E+02,  3.61044185984004E+06,  9.37256020536989E+06
 1.98775003330000E+03,  2.34836219687017E+01, -4.39900000000000E-01,  5.10607529731525E-01,  2.06830000000005E+02,  2.56702056533527E+06,  9.56707578349688E+06
 1.98783333330000E+03,  3.65551226126559E+01,  2.38400000000000E-01,  4.96603075500296E-01,  2.07010000000005E+02,  2.22611378792583E+06,  7.37094395848863E+06
 1.98791663330000E+03,  4.86779312558801E+01, -4.00650000000000E+00,  4.83238264423219E-01,  2.07190000000005E+02,  3.05625667241209E+06,  6.11863521049963E+06
 1.98800003330000E+03,  5.88656122165419E+01, -6.25080000000000E+00,  4.70564901620734E-01,  2.07370000000005E+02,  3.98791013749587E+06,  6.10198611837199E+06
 1.98808333330000E+03,  5.98173010250296E+01,  2.42720000000000E+00,  4.58629834225060E-01,  2.07550000000005E+02,  4.36011615055985E+06,  5.04515772994679E+06
 1.98816663330000E+03,  5.22236081872400E+01,  9.95120000000000E+00,  4.47474776044938E-01,  2.07730000000005E+02,  4.19679882969391E+06,  3.80528070559078E+06
 1.98825003330000E+03,  3.91114159077579E+01,  1.00912000000000E+01,  5.22351360573465E-01,  2.07910000000005E+02,  3.61445846882900E+06,  3.73761251744559E+06
 1.98833333330000E+03,  3.29261433817679E+01,  4.15360000000000E+00,  5.14679166104098E-01,  2.08090000000005E+02,  2.90704166121863E+06,  3.96950424481545E+06
 1.98841663330000E+03,  3.52925484369745E+01,  2.41389000000000E+01,  5.06471736495902E-01,  2.08270000000005E+02,  2.66077548106455E+06,  5.23950817996187E+06
 1.98850003330000E+03,  4.38269718108539E+01,  6.37402000000000E+01,  4.97754618748446E-01,  2.08450000000005E+02,  3.21540224837858E+06,  8.87149670182724E+06
 1.98858333330000E+03,  5.15120062142852E+01,  8.45714000000000E+01,  4.88555018555680E-01,  2.08630000000005E+02,  3.80774679783353E+06,  1.19116505939805E+07
 1.98866663330000E+03,  5.64269386585014E+01,  1.08249000000000E+02,  4.78901652342145E-01,  2.08810000000005E+02,  3.88596163390329E+06,  1.20824598108444E+07
 1.98875003330000E+03,  5.92817910347796E+01,  1.05157000000000E+02,  4.79129930262853E-01,  2.08990000000005E+02,  4.03799836226852E+06,  1.16372382779417E+07
 1.98883333330000E+03,  6.04596990869359E+01,  1.22219000000000E+02,  4.69062329721642E-01,  2.09170000000005E+02,  4.02098542138325E+06,  1.04060908443454E+07
 1.98891663330000E+03,  6.08999191437729E+01,  1.37743000000000E+02,  4.58601590120683E-01,  2.09350000000005E+02,  3.54969588560720E+06,  6.74917524205152E+06
 1.98900003330000E+03,  6.04353574737534E+01,  1.52574000000000E+02,  4.47780032193431E-01,  2.09530000000005E+02,  3.41064737350318E+06,  3.81799117211209E+06
 1.98908333330000E+03,  5.91300569672986E+01,  1.73020000000000E+02,  4.36630885216136E-01,  2.09710000000005E+02,  3.12048138634868E+06,  3.66515354085378E+06
 1.98916663330000E+03,  5.69980844118912E+01,  1.69774000000000E+02,  4.25188135523166E-01,  2.09890000000005E+02,  2.43061517236813E+06,  3.90122954887444E+06
 1.98925003330000E+03,  5.52754210996001E+01,  1.68067000000000E+02,  4.04006823699796E-01,  2.10070000000005E+02,  2.52372013637829E+06,  3.67948561827110E+06
 1.98933333330000E+03,  5.48168576593678E+01,  1.64128000000000E+02,  4.09565908442986E-01,  2.10250000000005E+02,  2.62702852056888E+06,  3.44222964728291E+06
 1.98941663330000E+03,  5.57095374108045E+01,  1.67958000000000E+02,  4.15599674966125E-01,  2.10430000000005E+02,  1.98282709342589E+06,  2.97221298368611E+06
 1.98950003330000E+03,  5.71915369232589E+01,  1.73481000000000E+02,  4.22054680315493E-01,  2.10610000000005E+02,  1.84518370479604E+06,  3.01302209911065E+06
 1.98958333330000E+03,  5.85712958058480E+01,  1.71542000000000E+02,  4.28876224281917E-01,  2.10790000000005E+02,  1.72694152952590E+06,  3.54910441385769E+06
 1.98966663330000E+03,  5.92975559308708E+01,  1.73603000000000E+02,  4.36008663932404E-01,  2.10970000000005E+02,  1.43649565364441E+06,  3.91799656768470E+06
 1.98975003330000E+03,  5.86552197432574E+01,  1.58819000000000E+02,  4.48722612491608E-01,  2.11150000000005E+02,  3.12767213691073E+06,  4.60054000372685E+06
 1.98983333330000E+03,  5.62351143114526E+01,  1.59033000000000E+02,  4.56413190923946E-01,  2.11330000000005E+02,  5.65945384543379E+06,  4.79363471608870E+06
 1.98991663330000E+03,  5.26083237100232E+01,  1.44940000000000E+02,  4.64205395932245E-01,  2.11510000000006E+02,  6.29118097522860E+06,  3.72176247174777E+06
 1.99000003330000E+03,  4.85544339677232E+01,  1.53309000000000E+02,  4.72043209085197E-01,  2.11690000000006E+02,  6.29777312743435E+06,  3.32677376107501E+06
 1.99008333330000E+03,  4.47083014448882E+01,  1.56292000000000E+02,  4.79871343360377E-01,  2.11870000000006E+02,  6.28931486643358E+06,  4.08090623002428E+06
 1.99016663330000E+03,  4.12329590288404E+01,  1.43814000000000E+02,  4.87635504074066E-01,  2.12050000000006E+02,  4.45889814101948E+06,  3.99089730324381E+06
 1.99025003330000E+03,  3.85034041319361E+01,  1.50106000000000E+02,  7.26650470504631E-01,  2.12230000000006E+02,  2.01818969251961E+06,  3.09030648960199E+06
 1.99033333330000E+03,  3.68467930200413E+01,  1.35858000000000E+02,  7.35736044870501E-01,  2.12410000000006E+02,  1.65269561816326E+06,  3.45104032278103E+06
 1.99041663330000E+03,  3.54655495932664E+01,  1.38380000000000E+02,  7.45288660371269E-01,  2.12590000000006E+02,  3.31168164798824E+06,  5.66666710566963E+06
 1.99050003330000E+03,  3.32569211707593E+01,  1.41286000000000E+02,  7.55188013491352E-01,  2.12770000000006E+02,  4.83250968074819E+06,  7.41683069179534E+06
 1.99058333330000E+03,  2.87973035663411E+01,  9.53462000000000E+01,  7.65312975526241E-01,  2.12950000000006E+02,  4.88705219985854E+06,  7.19216844419468E+06
 1.99066663330000E+03,  2.18494187944087E+01,  3.30982000000000E+01,  7.75542625796026E-01,  2.13130000000006E+02,  4.87683664160808E+06,  7.36848268503790E+06
 1.99075003330000E+03,  1.23897793001128E+01, -3.13030000000000E+01,  7.86721892445915E-01,  2.13310000000006E+02,  5.32516496110931E+06,  8.55763018033547E+06
 1.99083333330000E+03,  1.28738858495680E+00, -5.59357000000000E+01,  7.96785370621632E-01,  2.13490000000006E+02,  4.33121299525606E+06,  7.66456218603808E+06
 1.99091663330000E+03, -1.07183803226068E+01, -4.58763000000000E+01,  8.06591166297247E-01,  2.13670000000006E+02,  2.58141143675164E+06,  5.41999185182919E+06
 1.99100003330000E+03, -2.15509302334697E+01, -3.48162000000000E+01,  8.16029203256876E-01,  2.13850000000006E+02,  2.10521055906075E+06,  4.98349217400471E+06
 1.99108333330000E+03, -2.46100892678999E+01, -3.84492000000000E+01,  8.24994240483711E-01,  2.14030000000006E+02,  2.20458067002684E+06,  4.87349582823458E+06
 1.99116663330000E+03, -1.85524735158629E+01, -3.86208000000000E+01,  8.33386611091591E-01,  2.14210000000006E+02,  2.33584754946889E+06,  3.07384751236203E+06
 1.99125003330000E+03, -5.73994281708868E+00, -3.44072000000000E+01,  7.15291811440324E-01,  2.14390000000006E+02,  2.89482733336624E+06,  1.30465072915061E+06
 1.99133333330000E+03,  1.51455209932338E+00, -3.19635000000000E+01,  7.06396408364366E-01,  2.14570000000006E+02,  3.37115625733648E+06,  7.67657590102772E+05
 1.99141663330000E+03,  1.21963410672422E+00, -1.86739000000000E+01,  6.98977764186308E-01,  2.14750000000006E+02,  3.78830479065026E+06,  6.36905044592085E+05
 1.99150003330000E+03, -5.12237830976501E+00, -3.06600000000000E-01,  6.93047552583711E-01,  2.14930000000006E+02,  4.20808276964743E+06,  5.99835153759824E+05
 1.99158333330000E+03, -1.08530244534888E+01, -1.78640000000000E+00,  6.88603718027412E-01,  2.15110000000006E+02,  3.81404688519876E+06,  1.34025166222433E+06
 1.99166663330000E+03, -1.46253600711129E+01,  3.38107000000000E+01,  6.85630803217871E-01,  2.15290000000006E+02,  2.93617459350852E+06,  2.87861277081745E+06
 1.99175003330000E+03, -1.64261349724026E+01,  4.40238000000000E+01,  6.84955193507897E-01,  2.15470000000006E+02,  2.75224282226673E+06,  3.81592756130527E+06
 1.99183333330000E+03, -1.65724293088878E+01,  5.92361000000000E+01,  6.83902703077255E-01,  2.15650000000006E+02,  3.30662256677758E+06,  4.01605301124632E+06
 1.99191663330000E+03, -1.51834692349691E+01,  5.41406000000000E+01,  6.84235435201409E-01,  2.15830000000006E+02,  3.69623698605811E+06,  5.07747013636367E+06
 1.99200003330000E+03, -1.21171808635206E+01,  4.58919000000000E+01,  6.85897001141797E-01,  2.16010000000006E+02,  3.56298870953354E+06,  6.14626583940503E+06
 1.99208333330000E+03, -7.94977585044621E+00,  5.60270000000000E+01,  6.88820256941138E-01,  2.16190000000006E+02,  3.31129051474462E+06,  5.29950460456122E+06
 1.99216663330000E+03, -2.24825313175126E+00,  5.79312000000000E+01,  6.92928144323532E-01,  2.16370000000006E+02,  2.71255530462991E+06,  4.32247563306532E+06
 1.99225003330000E+03,  4.90040008805471E+00,  3.36053000000000E+01,  8.01932214947530E-01,  2.16550000000006E+02,  1.87435014712575E+06,  5.16489939821138E+06
 1.99233333330000E+03,  1.43065720030763E+01,  3.83555000000000E+01,  7.89628492103753E-01,  2.16730000000006E+02,  1.86914947140877E+06,  5.78179629401708E+06
 1.99241663330000E+03,  2.35809016757242E+01,  4.87210000000000E+01,  7.76530506803022E-01,  2.16910000000006E+02,  2.09291647965387E+06,  4.64890318562115E+06
 1.99250003330000E+03,  3.08182938610269E+01,  7.10871000000000E+01,  7.62708324290071E-01,  2.17090000000006E+02,  2.02893323954031E+06,  3.96958393670629E+06
 1.99258333330000E+03,  3.43355542081358E+01,  6.60678000000000E+01,  7.48235909028899E-01,  2.17270000000006E+02,  2.87783691088829E+06,  5.11637441450840E+06
 1.99266663330000E+03,  3.43269966707066E+01,  5.51253000000000E+01,  7.33190526364608E-01,  2.17450000000006E+02,  3.42767240367902E+06,  5.99650735957451E+06
 1.99275003330000E+03,  3.04965558882491E+01,  2.65681000000000E+01,  7.28429585471655E-01,  2.17630000000006E+02,  2.50020404086770E+06,  5.67466477421039E+06
 1.99283333330000E+03,  2.19301719434979E+01,  1.60870000000000E+01,  7.12755139303741E-01,  2.17810000000006E+02,  2.64717416721378E+06,  6.05286427728179E+06
 1.99291663330000E+03,  8.80291207973795E+00,  1.29134000000000E+01,  6.96695469399089E-01,  2.17990000000006E+02,  4.39069749949026E+06,  8.13060773578255E+06
 1.99300003330000E+03, -5.65363146200818E+00,  4.44328000000000E+01,  6.80334456565137E-01,  2.18170000000006E+02,  5.52328024622577E+06,  1.15446537491395E+07
 1.99308333330000E+03, -1.36254561403436E+01,  5.81822000000000E+01,  6.63756691984864E-01,  2.18350000000006E+02,  5.87466537787507E+06,  1.42898739831879E+07
 1.99316663330000E+03, -1.19786756255529E+01,  3.34700000000000E+01,  6.47046896786462E-01,  2.18530000000006E+02,  5.85413770643693E+06,  1.40172185127614E+07
 1.99325003330000E+03, -3.57860923047316E+00,  1.00660000000000E+01,  7.88980194828862E-01,  2.18710000000006E+02,  5.20375407898870E+06,  1.30671163936539E+07
 1.99333333330000E+03,  4.17440770766972E-01,  1.46613000000000E+01,  7.98996019648530E-01,  2.18890000000006E+02,  3.74835474209769E+06,  1.28229098168767E+07
 1.99341663330000E+03, -3.45123926849932E+00,  7.71790000000000E+00,  8.08729262420302E-01,  2.19070000000006E+02,  1.76174635188347E+06,  9.49127798400023E+06
 1.99350003330000E+03, -1.40161958575419E+01, -1.03786000000000E+01,  8.18070856787201E-01,  2.19250000000006E+02,  9.51098869330800E+05,  4.87905913168848E+06
 1.99358333330000E+03, -2.61706687061955E+01, -5.27067000000000E+01,  8.26916741779874E-01,  2.19430000000006E+02,  1.46488097032664E+06,  3.83240779351692E+06
 1.99366663330000E+03, -3.81714514137344E+01, -7.51887000000000E+01,  8.35168586211751E-01,  2.19610000000006E+02,  1.57917374045780E+06,  3.61219211105399E+06
 1.99375003330000E+03, -4.94214422692284E+01, -8.11317000000000E+01,  8.44754280907859E-01,  2.19790000000006E+02,  2.11931621480180E+06,  2.36098943730472E+06
 1.99383333330000E+03, -5.89528032523529E+01, -8.79216000000000E+01,  8.51314789802402E-01,  2.19970000000006E+02,  3.26832833245191E+06,  2.29519460048153E+06
 1.99391663330000E+03, -6.67159686103855E+01, -5.75578000000000E+01,  8.57006195803254E-01,  2.20150000000006E+02,  3.10668998060251E+06,  2.31968539472622E+06
 1.99400003330000E+03, -7.24124095325853E+01, -6.16549000000000E+01,  8.61761269503478E-01,  2.20330000000006E+02,  2.95055215865958E+06,  2.95704119638731E+06
 1.99408333330000E+03, -6.62333746679080E+01, -8.58297000000000E+01,  8.65521159988062E-01,  2.20510000000006E+02,  3.62432070887481E+06,  5.57628595271472E+06
 1.99416663330000E+03, -4.74967231875081E+01, -1.00082000000000E+02,  8.68235660746206E-01,  2.20690000000006E+02,  2.96421378624555E+06,  6.50746091208537E+06
 1.99425003330000E+03, -1.63689678365495E+01, -8.34866000000000E+01,  7.01276953698503E-01,  2.20870000000006E+02,  2.17339260500794E+06,  5.79627351161280E+06
 1.99433333330000E+03,  7.23185498018161E+00, -6.19693000000000E+01,  7.07975193781744E-01,  2.21050000000006E+02,  2.81040688625869E+06,  6.54687259580704E+06
 1.99441663330000E+03,  2.22430630641083E+01, -1.78368000000000E+01,  7.15521139579320E-01,  2.21230000000006E+02,  2.89992833046547E+06,  6.45977252186933E+06
 1.99450003330000E+03,  2.77471959654771E+01,  3.83480000000000E+00,  7.23804900383931E-01,  2.21410000000006E+02,  2.48523192209495E+06,  5.21461959549702E+06
 1.99458333330000E+03,  3.26438971108516E+01,  3.10440000000000E+01,  7.32712204752731E-01,  2.21590000000006E+02,  2.81192829977733E+06,  5.39744945741069E+06
 1.99466663330000E+03,  3.62551740179877E+01,  5.73301000000000E+01,  7.42125476883998E-01,  2.21770000000006E+02,  3.08714203748285E+06,  5.41100452660020E+06
 1.99475003330000E+03,  3.83429934642217E+01,  6.70783000000000E+01,  7.52725980826670E-01,  2.21950000000006E+02,  3.11191732910870E+06,  4.75294940512084E+06
 1.99483333330000E+03,  3.85467896151716E+01,  6.07489000000000E+01,  7.62806659282559E-01,  2.22130000000006E+02,  3.23798741099906E+06,  4.72597685755156E+06
 1.99491663330000E+03,  3.67205081078113E+01,  7.36500000000000E+01,  7.73021712755819E-01,  2.22310000000006E+02,  3.51745268817150E+06,  3.76248406286433E+06
 1.99500003330000E+03,  3.07926301338751E+01,  6.32442000000000E+01,  7.83251041650334E-01,  2.22490000000006E+02,  3.84486153110902E+06,  2.08044317006436E+06
 1.99508333330000E+03,  1.63893346799741E+01,  5.79913000000000E+01,  7.93376485960977E-01,  2.22670000000006E+02,  3.44243204659154E+06,  1.66466081991260E+06
 1.99516663330000E+03, -5.79028516546581E+00,  5.21999000000000E+01,  8.03282754083457E-01,  2.22850000000006E+02,  2.90893578231826E+06,  1.80503320311142E+06
 1.99525003330000E+03, -3.11124670339040E+01,  6.74092000000000E+01,  8.40313503786466E-01,  2.23030000000006E+02,  3.29477847030705E+06,  1.82991112099266E+06
 1.99533333330000E+03, -4.93368999083142E+01,  6.35407000000000E+01,  8.47372336604184E-01,  2.23210000000006E+02,  3.48028176485666E+06,  2.04098614908845E+06
 1.99541663330000E+03, -5.98866575345297E+01,  4.37490000000000E+01,  8.53607497437235E-01,  2.23390000000006E+02,  3.32422095675085E+06,  2.22905675392915E+06
 1.99550003330000E+03, -6.43233382875618E+01, -8.27280000000000E+00,  8.58946761763027E-01,  2.23570000000006E+02,  3.93932351808882E+06,  2.31215283434983E+06
 1.99558333330000E+03, -6.73481044299353E+01, -6.89878000000000E+01,  8.63326082057231E-01,  2.23750000000006E+02,  4.22779561359442E+06,  1.99006128748065E+06
 1.99566663330000E+03, -6.91265836442175E+01, -1.37857000000000E+02,  8.66689900376540E-01,  2.23930000000006E+02,  3.32394468068177E+06,  1.90092589130564E+06
 1.99575003330000E+03, -6.99019242153288E+01, -1.78802000000000E+02,  8.68696065428702E-01,  2.24110000000006E+02,  2.41164396788948E+06,  3.13941823739020E+06
 1.99583333330000E+03, -6.98262892509202E+01, -2.09979000000000E+02,  8.70075580039929E-01,  2.24290000000006E+02,  1.91365504575262E+06,  4.51386913923862E+06
 1.99591663330000E+03, -6.92386943374838E+01, -2.03848000000000E+02,  8.70329883636615E-01,  2.24470000000006E+02,  1.62724487702268E+06,  5.16639572028896E+06
 1.99600003330000E+03, -6.81904866281906E+01, -1.91024000000000E+02,  8.69437565455008E-01,  2.24650000000006E+02,  1.98762775108328E+06,  6.30723474207326E+06
 1.99608333330000E+03, -6.64140076444903E+01, -2.03816000000000E+02,  8.67386168251956E-01,  2.24830000000006E+02,  2.91132144003857E+06,  7.87009870383340E+06
 1.99616663330000E+03, -6.39092573665312E+01, -2.20070000000000E+02,  8.64172079369937E-01,  2.25010000000006E+02,  3.50760768539367E+06,  8.11963713257947E+06
 1.99625003330000E+03, -6.27523013448297E+01, -2.03324000000000E+02,  6.59881422354903E-01,  2.25190000000006E+02,  3.33401366694321E+06,  6.84664216073158E+06
 1.99633333330000E+03, -6.49425443056452E+01, -1.96270000000000E+02,  6.43153038219955E-01,  2.25370000000006E+02,  2.93859151442509E+06,  6.39076970631527E+06
 1.99641663330000E+03, -7.04799862245264E+01, -2.01602000000000E+02,  6.26396380206102E-01,  2.25550000000006E+02,  2.60073156168753E+06,  7.56362891526423E+06
 1.99650003330000E+03, -7.49659659516566E+01, -1.90701000000000E+02,  6.09694450876006E-01,  2.25730000000006E+02,  2.33700266961489E+06,  7.97292090994810E+06
 1.99658333330000E+03, -7.46373218167846E+01, -1.53571000000000E+02,  5.93128631145305E-01,  2.25910000000006E+02,  3.50446592783362E+06,  7.69488102099303E+06
 1.99666663330000E+03, -6.72752453616490E+01, -1.05441000000000E+02,  5.76778188183912E-01,  2.26090000000006E+02,  6.27017483802862E+06,  8.69700612137620E+06
 1.99675003330000E+03, -5.37972130146726E+01, -6.40799000000000E+01,  5.61925064107647E-01,  2.26270000000006E+02,  7.88839144789034E+06,  8.82581688095545E+06
 1.99683333330000E+03, -3.54595425656391E+01, -4.74885000000000E+01,  5.46202203168529E-01,  2.26450000000006E+02,  7.53390850804654E+06,  6.57148149640943E+06
 1.99691663330000E+03, -1.43107259648573E+01, -4.04357000000000E+01,  5.30910152858484E-01,  2.26630000000006E+02,  6.86814379140315E+06,  4.86791131834208E+06
 1.99700003330000E+03,  7.55433523221317E+00, -5.42284000000000E+01,  5.16115694807203E-01,  2.26810000000006E+02,  5.50982049692911E+06,  4.06288764953092E+06
 1.99708333330000E+03,  2.65156814801476E+01, -7.42527000000000E+01,  5.01881519883442E-01,  2.26990000000006E+02,  2.86239907946237E+06,  2.75706147071658E+06
 1.99716663330000E+03,  3.93463879415979E+01, -4.82001000000000E+01,  4.88265928054098E-01,  2.27170000000006E+02,  1.11823367602321E+06,  3.62550710211476E+06
 1.99725003330000E+03,  4.35338179156062E+01, -8.45460000000000E+00,  7.70796379571697E-01,  2.27350000000006E+02,  1.78094633285949E+06,  7.14383210250134E+06
 1.99733333330000E+03,  4.04695821127288E+01, -1.17100000000000E+01,  7.81032736828952E-01,  2.27530000000006E+02,  3.09418411184774E+06,  8.62190964232754E+06
 1.99741663330000E+03,  3.25286619298232E+01, -4.01961000000000E+01,  7.91190676121373E-01,  2.27710000000006E+02,  3.75864877517708E+06,  8.08359217561014E+06
 1.99750003330000E+03,  2.22509257704446E+01, -3.40663000000000E+01,  8.01154205937336E-01,  2.27890000000006E+02,  5.58982605642286E+06,  9.52463224065154E+06
 1.99758333330000E+03,  1.05457598445340E+01, -9.86040000000000E+00,  8.10810895133283E-01,  2.28070000000006E+02,  8.81305831341697E+06,  1.05970055773160E+07
 1.99766663330000E+03, -1.84053586807637E+00, -5.34690000000000E+00,  8.20052707592121E-01,  2.28250000000006E+02,  1.03745763311751E+07,  8.29765958454863E+06
 1.99775003330000E+03, -1.41668665862538E+01, -4.26789000000000E+01,  8.29297773627878E-01,  2.28430000000006E+02,  1.01986217112136E+07,  7.12109642198465E+06
 1.99783333330000E+03, -2.56725357008132E+01, -6.23194000000000E+01,  8.37365999734313E-01,  2.28610000000006E+02,  1.00953439591154E+07,  9.13207932934977E+06
 1.99791663330000E+03, -3.59877836198302E+01, -6.15753000000000E+01,  8.44723654839380E-01,  2.28790000000006E+02,  8.48244973043820E+06,  9.50093100849649E+06
 1.99800003330000E+03, -4.42452072854851E+01, -3.45999000000000E+01,  8.51287820974296E-01,  2.28970000000006E+02,  5.21653342639160E+06,  7.41862541302916E+06
 1.99808333330000E+03, -4.49878359089751E+01, -1.70220000000000E+00,  8.56983197526454E-01,  2.29150000000006E+02,  3.28028061286733E+06,  6.46894343934826E+06
 1.99816663330000E+03, -3.58636981124544E+01,  1.55800000000000E+01,  8.61742518984707E-01,  2.29330000000006E+02,  2.60259112402549E+06,  5.88488171857720E+06
 1.99825003330000E+03, -1.62000737004171E+01,  3.70900000000000E+00,  8.22304592855045E-01,  2.29510000000006E+02,  1.74492560459217E+06,  3.77300190978917E+06
 1.99833333330000E+03,  4.65671424639862E+00,  8.91410000000000E+00,  8.11632233867057E-01,  2.29690000000006E+02,  1.40861136573973E+06,  2.30678214212755E+06
 1.99841663330000E+03,  2.30613681488514E+01,  2.07345000000000E+01,  8.00048694018994E-01,  2.29870000000006E+02,  1.52002128420867E+06,  2.68664598215454E+06
 1.99850003330000E+03,  3.57168266529571E+01,  4.47862000000000E+01,  7.87615326704386E-01,  2.30050000000006E+02,  1.18560597554163E+06,  3.42113632482690E+06
 1.99858333330000E+03,  4.45031612256198E+01,  5.45295000000000E+01,  7.74398455740321E-01,  2.30230000000006E+02,  6.50163187215257E+05,  3.99967411513002E+06
 1.99866663330000E+03,  4.84072081314186E+01,  3.51958000000000E+01,  7.60468800200626E-01,  2.30410000000006E+02,  5.18715469415758E+05,  4.33075135143396E+06
 1.99875003330000E+03,  4.70907679472482E+01,  1.40935000000000E+01,  7.48279457352560E-01,  2.30590000000006E+02,  1.03937871599288E+06,  4.14761450292099E+06
 1.99883333330000E+03,  4.00225264615980E+01,  2.39903000000000E+01,  7.33235647560577E-01,  2.30770000000006E+02,  1.58558897208429E+06,  3.69223850934410E+06
 1.99891663330000E+03,  2.74193729994220E+01,  2.88871000000000E+01,  7.17698593231092E-01,  2.30950000000006E+02,  1.58316234258175E+06,  2.82609566462559E+06
 1.99900003330000E+03,  1.25794043153991E+01,  3.42460000000000E+01,  7.01750342060612E-01,  2.31130000000006E+02,  1.54536891260228E+06,  1.70194775628574E+06
 1.99908333330000E+03,  3.61977658204452E+00,  1.31426000000000E+01,  6.85474431810878E-01,  2.31310000000006E+02,  1.51594855992841E+06,  1.24078407527901E+06
 1.99916663330000E+03,  5.43710930604499E+00, -1.17302000000000E+01,  6.68955294673574E-01,  2.31490000000006E+02,  1.60322844254824E+06,  1.71553507990137E+06
 1.99925003330000E+03,  1.74243147550125E+01, -1.01407000000000E+01,  3.93579914788915E-01,  2.31670000000006E+02,  2.47018028705177E+06,  2.46933980914662E+06
 1.99933333330000E+03,  3.04359402550983E+01, -9.06000000000000E-02,  3.97896459363858E-01,  2.31850000000006E+02,  3.23879963481163E+06,  2.84924125832511E+06
 1.99941663330000E+03,  4.13204567373602E+01,  1.05749000000000E+01,  4.02800727167233E-01,  2.32030000000006E+02,  3.45075367461065E+06,  2.90973110886856E+06
 1.99950003330000E+03,  4.91639540225221E+01,  2.49332000000000E+01,  4.08243220770033E-01,  2.32210000000006E+02,  4.04407250450362E+06,  2.97943259457683E+06
 1.99958333330000E+03,  5.66784729825208E+01,  4.78293000000000E+01,  4.14172478322675E-01,  2.32390000000006E+02,  4.11841507737958E+06,  2.98637806991308E+06
 1.99966663330000E+03,  6.35366526527476E+01,  5.36483000000000E+01,  4.20535390848712E-01,  2.32570000000006E+02,  3.00413289736502E+06,  3.03042951721548E+06
 1.99975003330000E+03,  6.94360254345563E+01,  4.36217000000000E+01,  4.24482081397709E-01,  2.32750000000006E+02,  2.33849421409913E+06,  3.51238294274933E+06
 1.99983333330000E+03,  7.45226293415053E+01,  3.27483000000000E+01,  4.31422514007116E-01,  2.32930000000006E+02,  2.63243616793825E+06,  4.17513889005471E+06
 1.99991663330000E+03,  7.83896864349577E+01,  5.31824000000000E+01,  4.38653548919511E-01,  2.33110000000006E+02,  3.09271995377916E+06,  4.28036413907648E+06
 2.00000003330000E+03,  7.97108535105464E+01,  6.88479000000000E+01,  4.46118757875173E-01,  2.33290000000006E+02,  3.30688992390116E+06,  3.66984080268987E+06
 2.00008333330000E+03,  7.32690620051230E+01,  7.68203000000000E+01,  4.53761494143660E-01,  2.33470000000006E+02,  3.18219108524793E+06,  2.75211992473222E+06
 2.00016663330000E+03,  5.90158035991423E+01,  7.67157000000000E+01,  4.61525187676121E-01,  2.33650000000006E+02,  3.15659909048749E+06,  2.35886980978408E+06
 2.00025003330000E+03,  3.92669150478777E+01,  7.89194000000000E+01,  3.88033057910607E-01,  2.33830000000006E+02,  2.95311917091830E+06,  3.87974003760409E+06
 2.00033333330000E+03,  2.42715022480280E+01,  7.66607000000000E+01,  3.85292398399742E-01,  2.34010000000006E+02,  2.35892585670229E+06,  7.24464835215427E+06
 2.00041663330000E+03,  1.53210227118990E+01,  7.43251000000000E+01,  3.83446847909655E-01,  2.34190000000006E+02,  2.64965295487813E+06,  9.69024546708742E+06
 2.00050003330000E+03,  1.23035356288683E+01,  4.50669000000000E+01,  3.82478024725213E-01,  2.34370000000006E+02,  3.55672781418016E+06,  9.81432008877939E+06
 2.00058333330000E+03,  1.11580771374943E+01,  7.19260000000000E+00,  3.82363035740264E-01,  2.34550000000006E+02,  4.38339474760834E+06,  9.78006498620495E+06
 2.00066663330000E+03,  1.19501002440664E+01, -4.36048000000000E+01,  3.83074706468136E-01,  2.34730000000006E+02,  6.39384313406525E+06,  1.08199514455346E+07
 2.00075003330000E+03,  1.49298892754518E+01, -7.74786000000000E+01,  3.85177405618482E-01,  2.34910000000006E+02,  8.46351776657585E+06,  1.20204739632705E+07
 2.00083333330000E+03,  1.99158035976049E+01, -7.98917000000000E+01,  3.87663541476252E-01,  2.35090000000006E+02,  8.44279201557154E+06,  1.36568825946082E+07
 2.00091663330000E+03,  2.63268247458944E+01, -6.25356000000000E+01,  3.90859629682632E-01,  2.35270000000006E+02,  7.62130009172928E+06,  1.56659658532500E+07
 2.00100003330000E+03,  3.25937947079424E+01, -7.02558000000000E+01,  3.94723103897347E-01,  2.35450000000006E+02,  6.63960277178577E+06,  1.58118141600777E+07
 2.00108333330000E+03,  3.18430843936696E+01, -7.15153000000000E+01,  3.99208584055426E-01,  2.35630000000006E+02,  4.58220452502241E+06,  1.31873844477675E+07
 2.00116663330000E+03,  2.31496839394502E+01, -7.18518000000000E+01,  4.04268184640418E-01,  2.35810000000006E+02,  2.37952590041814E+06,  9.79310038767521E+06
 2.00125003330000E+03,  7.29817266571300E+00, -6.07261000000000E+01,  6.84486855125233E-01,  2.35990000000006E+02,  1.15731680716129E+06,  7.93038010620588E+06
 2.00133333330000E+03, -3.83688656428079E+00, -3.09089000000000E+01,  6.83859628623192E-01,  2.36170000000006E+02,  1.34812426065131E+06,  7.78507759549729E+06
 2.00141663330000E+03, -8.87870915017503E+00, -3.21688000000000E+01,  6.84601711736730E-01,  2.36350000000006E+02,  2.49212950288602E+06,  8.03258846206975E+06
 2.00150003330000E+03, -7.29481271615207E+00, -2.68126000000000E+01,  6.86653370371231E-01,  2.36530000000006E+02,  2.77096467178734E+06,  8.58600453795371E+06
 2.00158333330000E+03, -4.14236357691195E+00,  1.53889000000000E+01,  6.89944362653903E-01,  2.36710000000006E+02,  2.42360446141138E+06,  9.51398458312415E+06
 2.00166663330000E+03,  4.37355431761215E-01,  5.86672000000000E+01,  6.94394800702414E-01,  2.36890000000006E+02,  2.85940407167923E+06,  9.16603282554296E+06
 2.00175003330000E+03,  6.16635495648918E+00,  6.24077000000000E+01,  7.00343311148100E-01,  2.37070000000006E+02,  2.89139357664165E+06,  7.73534412622714E+06
 2.00183333330000E+03,  1.26161408792613E+01,  6.32244000000000E+01,  7.06903953202146E-01,  2.37250000000006E+02,  1.92031496908188E+06,  7.01053096803147E+06
 2.00191663330000E+03,  1.92956476631536E+01,  6.97332000000000E+01,  7.14328490035183E-01,  2.37430000000006E+02,  1.46935045903865E+06,  5.86688912842052E+06
 2.00200003330000E+03,  2.51634059601676E+01,  7.57042000000000E+01,  7.22507787692093E-01,  2.37610000000006E+02,  1.57718166864486E+06,  3.38854304881698E+06
 2.00208333330000E+03,  2.59026399013321E+01,  6.52128000000000E+01,  7.31328168913975E-01,  2.37790000000007E+02,  1.30399326880306E+06,  1.78485436216763E+06
 2.00216663330000E+03,  1.95793918669926E+01,  4.46445000000000E+01,  7.40672489030468E-01,  2.37970000000007E+02,  1.10266455719191E+06,  1.85738305091124E+06
 2.00225003330000E+03,  5.59009546193883E+00,  2.06921000000000E+01,  8.07846536483441E-01,  2.38150000000007E+02,  1.87240163916070E+06,  2.50768671159778E+06
 2.00233333330000E+03, -9.66782675629186E+00,  5.08200000000000E-01,  8.17228681258584E-01,  2.38330000000007E+02,  3.26951778454571E+06,  3.58231277557941E+06
 2.00241663330000E+03, -2.40084627271846E+01, -5.58297000000000E+01,  8.26124482736724E-01,  2.38510000000007E+02,  4.04006627063546E+06,  4.48877824818908E+06
 2.00250003330000E+03, -3.57616470964253E+01, -5.60131000000000E+01,  8.34435052848280E-01,  2.38690000000007E+02,  3.97451478822585E+06,  4.27078802040558E+06
 2.00258333330000E+03, -4.60945567349425E+01, -7.29666000000000E+01,  8.42067832569513E-01,  2.38870000000007E+02,  3.89198656183970E+06,  3.61037885265060E+06
 2.00266663330000E+03, -5.48082690749138E+01, -1.31382000000000E+02,  8.48937184911724E-01,  2.39050000000007E+02,  3.74751292173259E+06,  3.32107416227824E+06
 2.00275003330000E+03, -6.17773766840582E+01, -1.78335000000000E+02,  8.50835987865420E-01,  2.39230000000007E+02,  3.37383717227044E+06,  3.22440714966870E+06
 2.00283333330000E+03, -6.81921533811474E+01, -1.74134000000000E+02,  8.56597332305865E-01,  2.39410000000007E+02,  3.54752481511114E+06,  3.56804058656081E+06
 2.00291663330000E+03, -7.35254392808842E+01, -1.60704000000000E+02,  8.61427264403216E-01,  2.39590000000007E+02,  4.20081429117586E+06,  4.56085700153135E+06
 2.00300003330000E+03, -7.71949791565949E+01, -1.54041000000000E+02,  8.65266272729768E-01,  2.39770000000007E+02,  4.24883836251923E+06,  5.32604541780706E+06
 2.00308333330000E+03, -7.54842428750869E+01, -1.66534000000000E+02,  8.68063472336548E-01,  2.39950000000007E+02,  3.53423497974508E+06,  5.28504467261185E+06
 2.00316663330000E+03, -6.92206848519092E+01, -1.49488000000000E+02,  8.69776801175281E-01,  2.40130000000007E+02,  2.68910789492668E+06,  4.61172566881706E+06
 2.00325003330000E+03, -5.95703021027315E+01, -1.32518000000000E+02,  5.66244636306110E-01,  2.40310000000007E+02,  2.10973130865473E+06,  3.64324213392323E+06
 2.00333333330000E+03, -5.28541859407407E+01, -1.17550000000000E+02,  5.65659084888364E-01,  2.40490000000007E+02,  2.00037069046904E+06,  3.42370961313808E+06
 2.00341663330000E+03, -4.89739479406146E+01, -9.19655000000000E+01,  5.64405211830466E-01,  2.40670000000007E+02,  2.41015400533746E+06,  3.95944199049464E+06
 2.00350003330000E+03, -4.75833478121270E+01, -5.30731000000000E+01,  5.62481371530978E-01,  2.40850000000007E+02,  3.31906090456828E+06,  3.70130366741720E+06
 2.00358333330000E+03, -4.60052082956562E+01, -4.55661000000000E+01,  5.59888858608784E-01,  2.41030000000007E+02,  4.75578988876290E+06,  3.66971744802222E+06
 2.00366663330000E+03, -4.41589629546029E+01, -5.29053000000000E+01,  5.56631836136696E-01,  2.41210000000007E+02,  6.08623346731696E+06,  5.50851896989711E+06
 2.00375003330000E+03, -4.19008918713004E+01, -4.97824000000000E+01,  5.55422731970417E-01,  2.41390000000007E+02,  6.26005609882342E+06,  6.85555571014208E+06
 2.00383333330000E+03, -3.83877384513637E+01, -4.28142000000000E+01,  5.51294923684788E-01,  2.41570000000007E+02,  5.71691993739725E+06,  6.95681690470718E+06
 2.00391663330000E+03, -3.34067285245998E+01, -3.14614000000000E+01,  5.46522920651063E-01,  2.41750000000007E+02,  5.52516911717486E+06,  8.49295963355635E+06
 2.00400003330000E+03, -2.59899418074449E+01, -1.78003000000000E+01,  5.41119781167215E-01,  2.41930000000007E+02,  5.01892105991202E+06,  9.64102761169589E+06
 2.00408333330000E+03, -1.55630490376216E+01, -2.32170000000000E+01,  5.35101006889086E-01,  2.42110000000007E+02,  4.30069941322693E+06,  7.89594681434973E+06
 2.00416663330000E+03, -1.02214604532498E+00, -7.09520000000000E+00,  5.28484422487461E-01,  2.42290000000007E+02,  5.48099187236879E+06,  7.22115134397913E+06
 2.00425003330000E+03,  1.65502308425183E+01, -1.89600000000000E+00,  5.17426639667273E-01,  2.42470000000007E+02,  7.82669820242433E+06,  8.72508869265587E+06
 2.00433333330000E+03,  3.54166315426145E+01,  5.99480000000000E+00,  5.03139524975800E-01,  2.42650000000007E+02,  8.42509401102592E+06,  8.08780099937314E+06
 2.00441663330000E+03,  5.26261554246171E+01,  3.81163000000000E+01,  4.89465927574689E-01,  2.42830000000007E+02,  7.73700606695286E+06,  6.70638850539250E+06
 2.00450003330000E+03,  6.61684434019275E+01,  7.12383000000000E+01,  4.76459922130610E-01,  2.43010000000007E+02,  7.53340849210062E+06,  8.47376546950078E+06
 2.00458333330000E+03,  7.49293658430014E+01,  7.28211000000000E+01,  4.64170721023321E-01,  2.43190000000007E+02,  7.19991606082999E+06,  1.21290138577947E+07
 2.00466663330000E+03,  7.88440903642166E+01,  4.40192000000000E+01,  4.52642481477613E-01,  2.43370000000007E+02,  5.79822700174470E+06,  1.56098078460085E+07
 2.00475003330000E+03,  7.88734221962912E+01,  3.61410000000000E+01,  4.33643537419183E-01,  2.43550000000007E+02,  4.30185312052275E+06,  1.73110256426788E+07
 2.00483333330000E+03,  7.58749667691769E+01,  4.18005000000000E+01,  4.24462013001969E-01,  2.43730000000007E+02,  5.22593450246092E+06,  1.75068686790868E+07
 2.00491663330000E+03,  7.10075011963622E+01,  5.37675000000000E+01,  4.16161475367373E-01,  2.43910000000007E+02,  8.70365598089090E+06,  1.92798143589914E+07
 2.00500003330000E+03,  6.50644123962419E+01,  5.01967000000000E+01,  4.08760126948536E-01,  2.44090000000007E+02,  1.09764552756409E+07,  1.97599282897031E+07
 2.00508333330000E+03,  5.92050774308807E+01,  5.15482000000000E+01,  4.02270712780577E-01,  2.44270000000007E+02,  1.10801304242194E+07,  1.54843328997412E+07
 2.00516663330000E+03,  5.44842178545860E+01,  6.82073000000000E+01,  3.96700568195319E-01,  2.44450000000007E+02,  1.13466710617629E+07,  1.25273842634332E+07
 2.00525003330000E+03,  5.02914370127180E+01,  5.73285000000000E+01,  1.06462250666288E+00,  2.44630000000007E+02,  1.02897696980817E+07,  1.25108764846775E+07
 2.00533333330000E+03,  4.40657633096439E+01,  6.19105000000000E+01,  1.04651213911658E+00,  2.44810000000007E+02,  6.14145456721067E+06,  8.98324099377308E+06
 2.00541663330000E+03,  3.19618372139746E+01,  4.99540000000000E+01,  1.02751269031362E+00,  2.44990000000007E+02,  2.24692373541046E+06,  3.37026065221182E+06
 2.00550003330000E+03,  1.27242006331767E+01,  1.34595000000000E+01,  1.00777988283638E+00,  2.45170000000007E+02,  9.76087866290405E+05,  1.12992608489998E+06
 2.00558333330000E+03, -1.19904228914145E+01, -4.12665000000000E+01,  9.87474750552054E-01,  2.45350000000007E+02,  7.75203460137672E+05,  1.67137750512002E+06
 2.00566663330000E+03, -3.80256695665276E+01, -7.69156000000000E+01,  9.66761832248940E-01,  2.45530000000007E+02,  7.31399668890860E+05,  2.85568991751446E+06
 2.00575003330000E+03, -6.03316362531747E+01, -6.01796000000000E+01,  9.46754650640830E-01,  2.45710000000007E+02,  9.48190973293867E+05,  3.44623387352490E+06
 2.00583333330000E+03, -7.56366508113699E+01, -5.52904000000000E+01,  9.25724710042441E-01,  2.45890000000007E+02,  1.14119323496450E+06,  3.50749846505914E+06
 2.00591663330000E+03, -8.11691290683676E+01, -4.62476000000000E+01,  9.04776550614168E-01,  2.46070000000007E+02,  1.58805603270132E+06,  4.69387151149184E+06
 2.00600003330000E+03, -7.99138625693850E+01, -5.32041000000000E+01,  8.84071426778735E-01,  2.46250000000007E+02,  2.03073971312954E+06,  5.43295040042510E+06
 2.00608333330000E+03, -7.39045290788093E+01, -6.20075000000000E+01,  8.63765713720990E-01,  2.46430000000007E+02,  1.73315163800532E+06,  3.94580277257012E+06
 2.00616663330000E+03, -6.87582503559443E+01, -7.05034000000000E+01,  8.44009440850447E-01,  2.46610000000007E+02,  1.89923976371591E+06,  3.96667020908240E+06
 2.00625003330000E+03, -6.18331898188620E+01, -7.96910000000000E+01,  8.70641342040500E-01,  2.46790000000007E+02,  2.86118419272877E+06,  6.33333812429733E+06
 2.00633333330000E+03, -5.18791527601870E+01, -5.52639000000000E+01,  8.50681142381075E-01,  2.46970000000007E+02,  2.66416961104791E+06,  6.22345639118617E+06
 2.00641663330000E+03, -3.46689693074261E+01, -3.16062000000000E+01,  8.31365079913396E-01,  2.47150000000007E+02,  2.94260209839463E+06,  4.98943586412665E+06
 2.00650003330000E+03, -1.39193144214756E+01,  1.26675000000000E+01,  8.12829715838881E-01,  2.47330000000007E+02,  6.34046466814208E+06,  6.75973319498997E+06
 2.00658333330000E+03,  5.79885903367798E+00,  2.91711000000000E+01,  7.95201912031056E-01,  2.47510000000007E+02,  9.43804880675103E+06,  7.64810574199892E+06
 2.00666663330000E+03,  2.06467402432546E+01,  4.48286000000000E+01,  7.78597800126102E-01,  2.47690000000007E+02,  1.02631303318005E+07,  6.62852374397232E+06
 2.00675003330000E+03,  2.98699857775861E+01,  7.24097000000000E+01,  7.76266165628104E-01,  2.47870000000007E+02,  1.21875407111114E+07,  1.02547334882460E+07
 2.00683333330000E+03,  3.57191938127745E+01,  7.88361000000000E+01,  7.60962941029283E-01,  2.48050000000007E+02,  1.36770062066775E+07,  1.64688563203556E+07
 2.00691663330000E+03,  3.79737335888801E+01,  8.31856000000000E+01,  7.46892415974630E-01,  2.48230000000007E+02,  1.10509054162454E+07,  1.79030178941905E+07
 2.00700003330000E+03,  3.81660798137817E+01,  9.16126000000000E+01,  7.34131788141482E-01,  2.48410000000007E+02,  7.42303590239356E+06,  1.67304711416196E+07
 2.00708333330000E+03,  3.76148548100704E+01,  1.08116000000000E+02,  7.22744740918770E-01,  2.48590000000007E+02,  5.44257735852530E+06,  1.55534002366102E+07
 2.00716663330000E+03,  3.85209061318082E+01,  1.37926000000000E+02,  7.12781140587517E-01,  2.48770000000007E+02,  3.83258351284172E+06,  1.10749083373810E+07
 2.00725003330000E+03,  4.06797795992556E+01,  1.37430000000000E+02,  4.11339917154671E-01,  2.48950000000007E+02,  3.15928615200167E+06,  5.00399353147028E+06
 2.00733333330000E+03,  4.18480188542401E+01,  1.47779000000000E+02,  4.04518593314803E-01,  2.49130000000007E+02,  3.31149747576458E+06,  1.84722408847668E+06
 2.00741663330000E+03,  4.13921787837082E+01,  1.41128000000000E+02,  3.98614499291392E-01,  2.49310000000007E+02,  3.36309189456232E+06,  1.17254031348895E+06
 2.00750003330000E+03,  4.00351365705942E+01,  1.19554000000000E+02,  3.93631562098082E-01,  2.49490000000007E+02,  5.06359112059588E+06,  1.83861380801602E+06
 2.00758333330000E+03,  3.91370753604478E+01,  9.78262000000000E+01,  3.89568443355050E-01,  2.49670000000007E+02,  7.33443981375776E+06,  3.07486889978272E+06
 2.00766663330000E+03,  3.87813605828653E+01,  1.08944000000000E+02,  3.86418665323556E-01,  2.49850000000007E+02,  7.05080196731819E+06,  3.33297782128123E+06
 2.00775003330000E+03,  3.83550068738789E+01,  9.19856000000000E+01,  3.85231204508977E-01,  2.50030000000007E+02,  6.42159556595641E+06,  3.95578670043082E+06
 2.00783333330000E+03,  3.74099754678712E+01,  7.33341000000000E+01,  3.83409462238670E-01,  2.50210000000007E+02,  7.40256211060372E+06,  6.45007257513497E+06
 2.00791663330000E+03,  3.59380181334785E+01,  6.27593000000000E+01,  3.82463890376050E-01,  2.50390000000007E+02,  7.13286503235326E+06,  8.80434584193994E+06
 2.00800003330000E+03,  3.41011168999528E+01,  7.44929000000000E+01,  3.82371477734070E-01,  2.50570000000007E+02,  5.38190807652327E+06,  1.00360886341244E+07
 2.00808333330000E+03,  3.31270574381622E+01,  6.69180000000000E+01,  3.83104938179302E-01,  2.50750000000007E+02,  4.88082700588075E+06,  1.11165194923418E+07
 2.00816663330000E+03,  3.29935501475983E+01,  4.64199000000000E+01,  3.84632959023543E-01,  2.50930000000007E+02,  5.38028283612461E+06,  1.10382388536293E+07
 2.00825003330000E+03,  3.49106074372727E+01,  4.73840000000000E+01,  8.00717167570012E-01,  2.51110000000007E+02,  5.61124861066507E+06,  8.60171899734968E+06
 2.00833333330000E+03,  3.76307968859658E+01,  6.15781000000000E+01,  7.88329457473849E-01,  2.51290000000007E+02,  6.07854720856727E+06,  5.55473684391971E+06
 2.00841663330000E+03,  4.11541184074118E+01,  6.23874000000000E+01,  7.75154426621020E-01,  2.51470000000007E+02,  6.88244328194726E+06,  4.17585005592944E+06
 2.00850003330000E+03,  4.30571168203854E+01,  4.33512000000000E+01,  7.61262564551981E-01,  2.51650000000007E+02,  7.20956463268326E+06,  4.44076773058096E+06
 2.00858333330000E+03,  4.11949420287332E+01,  1.26988000000000E+01,  7.46728199480924E-01,  2.51830000000007E+02,  6.78056377709587E+06,  5.59632349460440E+06
 2.00866663330000E+03,  3.35268646233382E+01, -1.84921000000000E+01,  7.31628899144856E-01,  2.52010000000007E+02,  5.77013301608182E+06,  7.32691948345920E+06
 2.00875003330000E+03,  1.96547341793568E+01, -5.67594000000000E+01,  7.07911149483711E-01,  2.52190000000007E+02,  4.45428124410554E+06,  8.22222538827218E+06
 2.00883333330000E+03,  2.04879060818773E+00, -5.43351000000000E+01,  6.91750977798722E-01,  2.52370000000007E+02,  3.41038508735865E+06,  7.55498316328798E+06
 2.00891663330000E+03, -1.70503314481800E+01, -4.14494000000000E+01,  6.75315124195570E-01,  2.52550000000007E+02,  3.03190432213197E+06,  6.87145798601928E+06
 2.00900003330000E+03, -3.37166445866070E+01, -3.22554000000000E+01,  6.58688280088964E-01,  2.52730000000007E+02,  2.97054746938164E+06,  6.28327729002872E+06
 2.00908333330000E+03, -3.85089036469413E+01, -3.02160000000000E+01,  6.41955093401606E-01,  2.52910000000007E+02,  2.73588298487610E+06,  4.80024235216251E+06
 2.00916663330000E+03, -2.97861892558808E+01, -1.74844000000000E+01,  6.25199609393995E-01,  2.53090000000007E+02,  2.31370612767503E+06,  3.65097468216498E+06
 2.00925003330000E+03, -1.24878636108393E+01,  1.55540000000000E+00,  1.03370157963427E+00,  2.53270000000007E+02,  1.93518101658035E+06,  3.31660902654053E+06
 2.00933333330000E+03, -6.46509108801264E+00, -2.54824000000000E+01,  1.01418694319238E+00,  2.53450000000007E+02,  1.94486163365411E+06,  2.38318165693404E+06
 2.00941663330000E+03, -1.65060356357786E+01, -4.82126000000000E+01,  9.94047800005362E-01,  2.53630000000007E+02,  2.72239798920989E+06,  1.20174784887229E+06
 2.00950003330000E+03, -3.94011907769875E+01, -8.66346000000000E+01,  9.73447759680800E-01,  2.53810000000007E+02,  4.03748148461465E+06,  8.10074761243323E+05
 2.00958333330000E+03, -6.21832493522802E+01, -1.13134000000000E+02,  9.52552717888860E-01,  2.53990000000007E+02,  4.86114592641116E+06,  6.66465794092228E+05
 2.00966663330000E+03, -7.89575325425494E+01, -1.07172000000000E+02,  9.31529085910408E-01,  2.54170000000007E+02,  4.78152386859317E+06,  3.75627798179175E+05
 2.00975003330000E+03, -8.62998471078938E+01, -1.06825000000000E+02,  9.10201707278615E-01,  2.54350000000007E+02,  4.91155503964764E+06,  2.37637949353685E+05
 2.00983333330000E+03, -8.36291109596731E+01, -9.67099000000000E+01,  8.89418186726984E-01,  2.54530000000007E+02,  5.82840589962897E+06,  4.02275105251423E+05
 2.00991663330000E+03, -7.09063857712580E+01, -8.91330000000000E+01,  8.68994005219638E-01,  2.54710000000007E+02,  6.32808687960474E+06,  9.29579443968385E+05
 2.01000003330000E+03, -5.37504467766151E+01, -8.44785000000000E+01,  8.49080975975253E-01,  2.54890000000007E+02,  6.01063721711785E+06,  1.51057986487376E+06
 2.01008333330000E+03, -3.89448659887720E+01, -8.75941000000000E+01,  8.29823548979951E-01,  2.55070000000007E+02,  5.75163061836520E+06,  1.71168687369941E+06
 2.01016663330000E+03, -3.36919554387050E+01, -9.47098000000000E+01,  8.11357536736672E-01,  2.55250000000007E+02,  4.89611489631640E+06,  1.63565943513117E+06
 2.01025003330000E+03, -3.71999671763287E+01, -1.12056000000000E+02,  1.14697318347118E+00,  2.55430000000007E+02,  2.89914355407631E+06,  1.56484330140282E+06
 2.01033333330000E+03, -4.53730475822606E+01, -1.17633000000000E+02,  1.15470613031302E+00,  2.55610000000007E+02,  1.90051761965238E+06,  1.74248918167489E+06
 2.01041663330000E+03, -5.28767556585092E+01, -1.25518000000000E+02,  1.16108169752875E+00,  2.55790000000007E+02,  2.80235683151243E+06,  2.45321975774672E+06
 2.01050003330000E+03, -5.78953707305538E+01, -1.21326000000000E+02,  1.16597828622680E+00,  2.55970000000007E+02,  3.69726169161353E+06,  3.53240499108757E+06
 2.01058333330000E+03, -5.99861249774283E+01, -9.71343000000000E+01,  1.16929367488071E+00,  2.56150000000007E+02,  4.09900010164327E+06,  4.32631629521772E+06
 2.01066663330000E+03, -5.96971428832120E+01, -8.14813000000000E+01,  1.17094577239370E+00,  2.56330000000007E+02,  4.46926811179065E+06,  4.48257843269572E+06
 2.01075003330000E+03, -5.72830157931265E+01, -7.21354000000000E+01,  1.17110945779790E+00,  2.56510000000007E+02,  3.84257652481856E+06,  4.09324846338523E+06
 2.01083333330000E+03, -5.31521477729425E+01, -7.24826000000000E+01,  1.17049667033780E+00,  2.56690000000007E+02,  2.35057054895863E+06,  3.45136748284934E+06
 2.01091663330000E+03, -4.82331701196623E+01, -6.39837000000000E+01,  1.16811023561752E+00,  2.56870000000007E+02,  1.97424011084097E+06,  3.64849227158963E+06
 2.01100003330000E+03, -4.38326208686386E+01, -6.58688000000000E+01,  1.16393679730609E+00,  2.57050000000007E+02,  3.38576466825898E+06,  5.92210784192885E+06
 2.01108333330000E+03, -4.12549936364675E+01, -6.31393000000000E+01,  1.15798348854283E+00,  2.57230000000007E+02,  4.91251894652946E+06,  9.39184316724648E+06
 2.01116663330000E+03, -3.80566457528477E+01, -4.57177000000000E+01,  1.15027738866253E+00,  2.57410000000007E+02,  5.25909950937804E+06,  1.17287078986837E+07
 2.01125003330000E+03, -3.00897886290527E+01, -2.06800000000000E+01,  8.49159258361148E-01,  2.57590000000007E+02,  5.35135839122363E+06,  1.20977495265469E+07
 2.01133333330000E+03, -1.35639707363214E+01, -1.48739000000000E+01,  8.29898938073631E-01,  2.57770000000007E+02,  5.66290872716044E+06,  1.11015466486030E+07
 2.01141663330000E+03,  9.36966579056370E+00,  2.90091000000000E+01,  8.11429509114111E-01,  2.57950000000007E+02,  5.20577871815188E+06,  9.16204690058063E+06
 2.01150003330000E+03,  3.28454498453005E+01,  7.05849000000000E+01,  7.93877036870104E-01,  2.58130000000007E+02,  4.72956889236323E+06,  6.75654909831564E+06
 2.01158333330000E+03,  5.09050862773761E+01,  6.58523000000000E+01,  7.77356782213569E-01,  2.58310000000007E+02,  5.75339656366472E+06,  4.90597041346432E+06
 2.01166663330000E+03,  6.12336493185142E+01,  7.01965000000000E+01,  7.61972317480438E-01,  2.58490000000007E+02,  7.40180282302812E+06,  4.28963120227910E+06
 2.01175003330000E+03,  6.40731321000927E+01,  7.94644000000000E+01,  7.52506203442642E-01,  2.58670000000007E+02,  8.05001115854225E+06,  4.11654343695071E+06
 2.01183333330000E+03,  6.10694952537277E+01,  7.01930000000000E+01,  7.39200112462259E-01,  2.58850000000007E+02,  7.41238884146187E+06,  3.29463937793353E+06
 2.01191663330000E+03,  5.34399152860382E+01,  7.83831000000000E+01,  7.27243152595836E-01,  2.59030000000007E+02,  6.08498005852752E+06,  2.52865123172862E+06
 2.01200003330000E+03,  4.43193410958538E+01,  8.01892000000000E+01,  7.16690881860043E-01,  2.59210000000007E+02,  4.63793378998369E+06,  3.02655294663876E+06
 2.01208333330000E+03,  3.81360329906537E+01,  8.49176000000000E+01,  7.07584929015817E-01,  2.59390000000007E+02,  3.06641399524036E+06,  4.47326860718073E+06
 2.01216663330000E+03,  3.84814133494697E+01,  1.04877000000000E+02,  6.99952914131132E-01,  2.59570000000007E+02,  1.53567502707639E+06,  5.75287865250551E+06
 2.01225003330000E+03,  4.43496916489388E+01,  1.06221000000000E+02,  1.08523218207001E+00,  2.59750000000007E+02,  7.65474295479478E+05,  6.13158348430507E+06
 2.01233333330000E+03,  4.99549971939531E+01,  1.01103000000000E+02,  1.06840228633803E+00,  2.59930000000007E+02,  7.59767614506271E+05,  5.72261836434725E+06
 2.01241663330000E+03,  4.97692890651534E+01,  9.18308000000000E+01,  1.05050371351773E+00,  2.60110000000007E+02,  7.36155413411783E+05,  4.74041830063165E+06
 2.01250003330000E+03,  4.08758108506449E+01,  4.07132000000000E+01,  1.03168330230301E+00,  2.60290000000007E+02,  8.93146775577654E+05,  3.36417616828737E+06
 2.01258333330000E+03,  2.31038785196633E+01,  6.71800000000000E-01,  1.01209539114106E+00,  2.60470000000007E+02,  2.45167772617482E+06,  3.18559663412882E+06
 2.01266663330000E+03, -1.23858626952877E+00, -2.97543000000000E+01,  9.91900019961114E-01,  2.60650000000007E+02,  5.14964580203141E+06,  4.87343396626393E+06
 2.01275003330000E+03, -2.83060158184841E+01, -4.86414000000000E+01,  9.67686353315572E-01,  2.60830000000007E+02,  7.65078488559973E+06,  6.40557943865160E+06
 2.01283333330000E+03, -5.15836118479597E+01, -6.16062000000000E+01,  9.46739081097649E-01,  2.61010000000007E+02,  1.02554561627985E+07,  7.37519206961600E+06
 2.01291663330000E+03, -6.73900499011545E+01, -6.44941000000000E+01,  9.25709140480431E-01,  2.61190000000007E+02,  1.26819764783107E+07,  8.44379939227481E+06
 2.01300003330000E+03, -7.24284857676052E+01, -6.87661000000000E+01,  9.04761101922554E-01,  2.61370000000007E+02,  1.26955581070320E+07,  7.88347510350718E+06
 2.01308333330000E+03, -7.02151609451066E+01, -7.21927000000000E+01,  8.84056216799033E-01,  2.61550000000007E+02,  1.04119324053150E+07,  5.64321309511558E+06
 2.01316663330000E+03, -6.44924164359215E+01, -7.70809000000000E+01,  8.63750856123897E-01,  2.61730000000007E+02,  7.88619701728829E+06,  3.92955992896170E+06
 2.01325003330000E+03, -6.41882609694397E+01, -1.04507000000000E+02,  9.70014728842886E-01,  2.61910000000007E+02,  5.40078604889593E+06,  2.66616940376072E+06
 2.01333333330000E+03, -7.00897465146585E+01, -9.93184000000000E+01,  9.49087006722481E-01,  2.62090000000007E+02,  2.97862179149960E+06,  1.43569536252971E+06
 2.01341663330000E+03, -8.04902507097628E+01, -8.18992000000000E+01,  9.28058091067164E-01,  2.62270000000007E+02,  1.52018927893605E+06,  1.47229186084774E+06
 2.01350003330000E+03, -8.64357271409212E+01, -7.19410000000000E+01,  9.07092822549424E-01,  2.62450000000007E+02,  1.38875741333661E+06,  3.53940527360461E+06
 2.01358333330000E+03, -8.35284173460901E+01, -7.55989000000000E+01,  8.86352902543145E-01,  2.62630000000007E+02,  2.21253107715209E+06,  6.92770253037457E+06
 2.01366663330000E+03, -6.94710473105836E+01, -6.41031000000000E+01,  8.65995322055246E-01,  2.62810000000007E+02,  2.88282165402344E+06,  9.47937394853344E+06
 2.01375003330000E+03, -4.72991807836673E+01, -3.59912000000000E+01,  8.43608181073516E-01,  2.62990000000007E+02,  2.91568330552608E+06,  1.03018345248451E+07
 2.01383333330000E+03, -2.14008310268427E+01, -3.70340000000000E+01,  8.24559399650780E-01,  2.63170000000007E+02,  3.55326393448344E+06,  1.07477872939945E+07
 2.01391663330000E+03,  3.61322124805248E+00, -3.96154000000000E+01,  8.06338409712778E-01,  2.63350000000007E+02,  5.02408021627393E+06,  1.03307270368600E+07
 2.01400003330000E+03,  2.35236671115820E+01, -3.94269000000000E+01,  7.89068301457170E-01,  2.63530000000007E+02,  5.84809253008922E+06,  8.34390693225988E+06
 2.01408333330000E+03,  3.33560725313974E+01, -3.38546000000000E+01,  7.72861095015945E-01,  2.63710000000007E+02,  5.85900129458265E+06,  7.13153182310385E+06
 2.01416663330000E+03,  3.21162880401527E+01, -4.36670000000000E+01,  7.57816896088652E-01,  2.63890000000007E+02,  5.74548591311779E+06,  6.99165651486627E+06
 2.01425003330000E+03,  2.23949463424742E+01, -3.90942000000000E+01,  6.99038801141412E-01,  2.64070000000007E+02,  5.20902950900283E+06,  6.00374141197411E+06
 2.01433333330000E+03,  1.29638040618649E+01, -3.97529000000000E+01,  6.93094982063568E-01,  2.64250000000008E+02,  4.30127771872811E+06,  5.45096539601822E+06
 2.01441663330000E+03,  7.25770525694405E+00, -5.05656000000000E+01,  6.88637620046745E-01,  2.64430000000008E+02,  3.66676518580596E+06,  5.88510435304563E+06
 2.01450003330000E+03,  6.70663530765698E+00, -5.09162000000000E+01,  6.85651378375152E-01,  2.64610000000008E+02,  3.53035852943853E+06,  5.23577717979593E+06
 2.01458333330000E+03,  8.70835179572056E+00, -3.88059000000000E+01,  6.84107956972595E-01,  2.64790000000008E+02,  4.10520833958620E+06,  4.75009744980062E+06
 2.01466663330000E+03,  1.26791012226875E+01, -2.87727000000000E+01,  6.83966641723479E-01,  2.64970000000008E+02,  5.23423671393994E+06,  5.58030308183394E+06
 2.01475003330000E+03,  1.75720592226974E+01, -2.73543000000000E+01,  6.84522053792161E-01,  2.65150000000008E+02,  6.47427929591896E+06,  4.99283049971119E+06
 2.01483333330000E+03,  2.27641925949623E+01, -1.28598000000000E+01,  6.86499370989236E-01,  2.65330000000008E+02,  7.80081222044386E+06,  3.46278868160598E+06
 2.01491663330000E+03,  2.76329302055972E+01,  1.70193000000000E+01,  6.89720380090719E-01,  2.65510000000008E+02,  8.49811772898551E+06,  3.56780114034644E+06
 2.01500003330000E+03,  3.18920358512722E+01,  4.30528000000000E+01,  6.94105729494800E-01,  2.65690000000008E+02,  7.83529226310447E+06,  3.47374481368178E+06
 2.01508333330000E+03,  3.78407034671412E+01,  4.97779000000000E+01,  6.99567290119374E-01,  2.65870000000008E+02,  6.43673042024368E+06,  2.45768462324321E+06
 2.01516663330000E+03,  4.60530700694655E+01,  4.34259000000000E+01,  7.06009127885770E-01,  2.66050000000008E+02,  4.63117642588594E+06,  3.54354267078019E+06
 2.01525003330000E+03,  5.65848738685402E+01,  4.26130000000000E+01,  7.31516002469433E-01,  2.66230000000008E+02,  2.72134143023434E+06,  6.54611235200320E+06
 2.01533333330000E+03,  6.44510322336307E+01,  6.18762000000000E+01,  7.40869876591994E-01,  2.66410000000008E+02,  2.32425449206186E+06,  8.81258037155267E+06
 2.01541663330000E+03,  6.77300374902113E+01,  1.13293000000000E+02,  7.50625669570944E-01,  2.66590000000008E+02,  4.17656930997728E+06,  1.00680502563615E+07
 2.01550003330000E+03,  6.53210170985787E+01,  9.74031000000000E+01,  7.60662500253843E-01,  2.66770000000008E+02,  7.04309976621340E+06,  1.04373509146643E+07
 2.01558333330000E+03,  5.82255521783075E+01,  8.67430000000000E+01,  7.70859226445378E-01,  2.66950000000008E+02,  9.50526895238708E+06,  8.90627978565027E+06
 2.01566663330000E+03,  4.70722936045792E+01,  6.61597000000000E+01,  7.81095462017067E-01,  2.67130000000008E+02,  1.09726407672547E+07,  5.90710571393776E+06
 2.01575003330000E+03,  3.28011540573678E+01,  5.95000000000000E+01,  7.92718163499640E-01,  2.67310000000008E+02,  1.13978498426997E+07,  3.89318634972338E+06
 2.01583333330000E+03,  1.72737334170033E+01,  4.74550000000000E+01,  8.02642262099658E-01,  2.67490000000008E+02,  1.06610359515704E+07,  4.46133881706364E+06
 2.01591663330000E+03,  1.70707509333823E+00,  2.28715000000000E+01,  8.12242820849189E-01,  2.67670000000008E+02,  8.82045256779571E+06,  6.35976198042591E+06
 2.01600003330000E+03, -1.16963772406751E+01,  1.52885000000000E+01,  8.21412539897524E-01,  2.67850000000008E+02,  6.64308061027559E+06,  7.59534426687859E+06
 2.01608333330000E+03, -1.81104810458680E+01,  1.75509000000000E+01,  8.30049400903168E-01,  2.68030000000008E+02,  4.81267971816493E+06,  7.96896167356276E+06
 2.01616663330000E+03, -1.36326742192818E+01,  2.34286000000000E+01,  8.38057366829043E-01,  2.68210000000008E+02,  3.30067540567082E+06,  7.51993633906573E+06
 2.01625003330000E+03,  1.90303374274957E+00,  6.61460000000000E+00,  8.14176952463966E-01,  2.68390000000008E+02,  2.11568798410542E+06,  5.67208786017199E+06
 2.01633333330000E+03,  2.14295155287799E+01,  8.72290000000000E+00,  7.96477597603152E-01,  2.68570000000008E+02,  1.79930608246496E+06,  3.35594044806964E+06
 2.01641663330000E+03,  3.81775175020188E+01,  6.90800000000000E+00,  7.79793697067064E-01,  2.68750000000008E+02,  2.44851096814288E+06,  1.93354556590964E+06
 2.01650003330000E+03,  4.82518585643095E+01, -1.06756000000000E+01,  7.64230648762619E-01,  2.68930000000008E+02,  3.19736776877430E+06,  1.56822051536124E+06
 2.01658333330000E+03,  5.16490894414852E+01, -1.77983000000000E+01,  7.49881522341642E-01,  2.69110000000008E+02,  3.57380012054409E+06,  2.55884752740846E+06
 2.01666663330000E+03,  4.99112429160675E+01, -3.71520000000000E+01,  7.36826437127105E-01,  2.69290000000008E+02,  3.70590658785691E+06,  4.22265313573375E+06
 2.01675003330000E+03,  4.39736986005504E+01, -2.75050000000000E+01,  7.21159135558080E-01,  2.69470000000008E+02,  3.22247449204496E+06,  4.85998688270533E+06
 2.01683333330000E+03,  3.60335309533893E+01, -3.49357000000000E+01,  7.11412391203519E-01,  2.69650000000008E+02,  2.11270269969744E+06,  4.90144161777581E+06
 2.01691663330000E+03,  2.72966772259767E+01, -1.93666000000000E+01,  7.03129153995635E-01,  2.69830000000008E+02,  1.22391412700496E+06,  4.92287699226293E+06
 2.01700003330000E+03,  1.97875593992439E+01,  3.58780000000000E+00,  6.96329216879015E-01,  2.70010000000008E+02,  8.01172327922806E+05,  3.65159775229511E+06
 2.01708333330000E+03,  1.84206958612138E+01,  5.54140000000000E+00,  6.91018508802507E-01,  2.70190000000008E+02,  5.20072046415662E+05,  1.67721253449154E+06
 2.01716663330000E+03,  2.38692962035064E+01, -4.58200000000000E+00,  6.87189351225877E-01,  2.70370000000008E+02,  4.18623143001304E+05,  9.79781528316101E+05
 2.01725003330000E+03,  3.47029842807318E+01, -1.93560000000000E+00,  7.48865059433529E-01,  2.70550000000008E+02,  6.15674012731010E+05,  1.37175847658709E+06
 2.01733333330000E+03,  4.12374147911765E+01,  5.08639000000000E+01,  7.58860733008192E-01,  2.70730000000008E+02,  1.11750954036637E+06,  2.16617654994571E+06
 2.01741663330000E+03,  4.17303436792684E+01,  9.25095000000000E+01,  7.69037839338980E-01,  2.70910000000008E+02,  1.89721728673116E+06,  3.50207054012123E+06
 2.01750003330000E+03,  3.59598197566069E+01,  8.87710000000000E+01,  7.79275784788870E-01,  2.71090000000008E+02,  2.84253219152140E+06,  4.96349505853128E+06
 2.01758333330000E+03,  2.84345932509987E+01,  5.32625000000000E+01,  7.89455541501901E-01,  2.71270000000008E+02,  4.02925608630949E+06,  6.82070112796890E+06
 2.01766663330000E+03,  1.97941693480993E+01,  3.57539000000000E+01,  7.99460594216226E-01,  2.71450000000008E+02,  5.58863639994235E+06,  1.01369653992142E+07
 2.01775003330000E+03,  1.05740312821707E+01,  1.15536000000000E+01,  8.07186723504433E-01,  2.71630000000008E+02,  6.94846428796881E+06,  1.31100543159126E+07
 2.01783333330000E+03,  7.62824128496698E-01, -8.49360000000000E+00,  8.16598503293115E-01,  2.71810000000008E+02,  7.22790120189882E+06,  1.28642160337175E+07
 2.01791663330000E+03, -9.16241163603128E+00, -8.00250000000000E+00,  8.25530949579464E-01,  2.71990000000008E+02,  6.68715070727763E+06,  1.13860160873411E+07
 2.01800003330000E+03, -1.79341285815664E+01, -2.23569000000000E+01,  8.33884763039864E-01,  2.72170000000008E+02,  6.07988598343904E+06,  1.12725789401230E+07
 2.01808333330000E+03, -2.31962663761585E+01, -2.41736000000000E+01,  8.41566930044185E-01,  2.72350000000008E+02,  5.27089044931248E+06,  1.02213136334478E+07
 2.01816663330000E+03, -2.41603898398877E+01, -2.10674000000000E+01,  8.48491320560518E-01,  2.72530000000008E+02,  4.52738503811600E+06,  8.61759559267730E+06
 2.01825003330000E+03, -2.29108638157137E+01, -8.06700000000000E-01,  5.36024074913980E-01,  2.72710000000008E+02,  4.61096174299706E+06,  1.03603777116708E+07
 2.01833333330000E+03, -2.33454928158497E+01, -7.46980000000000E+00,  5.41510413945535E-01,  2.72890000000008E+02,  4.87521619997447E+06,  1.27966155713061E+07
 2.01841663330000E+03, -2.69612305099481E+01, -3.91331000000000E+01,  5.46524576208290E-01,  2.73070000000008E+02,  4.48452225546456E+06,  1.15549515257974E+07
 2.01850003330000E+03, -3.21565131585218E+01, -6.94111000000000E+01,  5.51033468589295E-01,  2.73250000000008E+02,  3.99329627331295E+06,  8.88342956184585E+06
 2.01858333330000E+03, -3.65322578506151E+01, -8.23823000000000E+01,  5.55006893154884E-01,  2.73430000000008E+02,  4.03330365122024E+06,  6.62418733641339E+06
 2.01866663330000E+03, -3.91805306708837E+01, -6.12766000000000E+01,  5.58417622539559E-01,  2.73610000000008E+02,  4.47940426571701E+06,  3.67859675021503E+06
 2.01875003330000E+03, -4.06147426067205E+01, -5.20164000000000E+01,  5.59186965763013E-01,  2.73790000000008E+02,  4.90548524164511E+06,  1.49026177714445E+06
 2.01883333330000E+03, -4.14356296713044E+01, -3.82186000000000E+01,  5.61859138818679E-01,  2.73970000000008E+02,  5.20943068322225E+06,  1.97104104988420E+06
 2.01891663330000E+03, -4.19511075217235E+01, -2.64978000000000E+01,  5.63918449026112E-01,  2.74150000000008E+02,  5.39121350699195E+06,  4.27427706706444E+06
 2.01900003330000E+03, -4.22395033288047E+01, -1.50072000000000E+01,  5.65347656735678E-01,  2.74330000000008E+02,  4.88682721933180E+06,  6.65228113073450E+06
 2.01908333330000E+03, -3.17352345831797E+01, -7.28650000000000E+00,  5.66132635105821E-01,  2.74510000000008E+02,  4.04069821238889E+06,  9.02558828096865E+06
 2.01916663330000E+03, -9.79288318479200E+00, -9.50600000000000E-01,  5.66262363699795E-01,  2.74690000000008E+02,  4.35306148592674E+06,  1.23081944976268E+07
 2.01925003330000E+03,  2.42092255437308E+01, -5.69100000000000E+00,  4.09375576534931E-01,  2.74870000000008E+02,  5.60374618973391E+06,  1.44768136807140E+07
 2.01933333330000E+03,  4.97257531948491E+01, -4.12015000000000E+01,  4.15394599738587E-01,  2.75050000000008E+02,  6.29320026728641E+06,  1.34717135000063E+07
 2.01941663330000E+03,  6.58628845171934E+01, -2.49427000000000E+01,  4.21836638016234E-01,  2.75230000000008E+02,  6.19690161874838E+06,  1.19909655243275E+07
 2.01950003330000E+03,  7.15661373336047E+01,  1.43166000000000E+01,  4.28647027424255E-01,  2.75410000000008E+02,  5.52832446216632E+06,  1.13161468015323E+07
 2.01958333330000E+03,  7.61356817035088E+01,  5.74212000000000E+01,  4.35770151023141E-01,  2.75590000000008E+02,  4.07207276107765E+06,  9.44607740280743E+06
 2.01966663330000E+03,  7.91582719274357E+01,  7.86028000000000E+01,  4.43149749598047E-01,  2.75770000000008E+02,  2.17942478936775E+06,  7.74679191112064E+06
 2.01975003330000E+03,  8.03202927535966E+01,  6.89387000000000E+01,  4.57733395407617E-01,  2.75950000000008E+02,  7.52694878993185E+05,  7.84761686553429E+06
 2.01983333330000E+03,  7.97438521125105E+01,  9.37354000000000E+01,  4.65537298627578E-01,  2.76130000000008E+02,  2.06007289213323E+05,  7.38207290446401E+06
 2.01991663330000E+03,  7.73380787116040E+01,  9.17628000000000E+01,  4.73377344033896E-01,  2.76310000000008E+02,  1.50502956655101E+05,  5.51478995885842E+06
 2.02000003330000E+03,  7.23432016749657E+01,  1.09099000000000E+02,  4.81198395361300E-01,  2.76490000000008E+02,  5.11939938609662E+05,  3.92078733798983E+06
 2.02008333330000E+03,  6.46748315412990E+01,  1.13203000000000E+02,  4.88946351855673E-01,  2.76670000000008E+02,  1.94148653060695E+06,  2.76469449441053E+06
 2.02016663330000E+03,  5.45847578557917E+01,  1.20845000000000E+02,  4.96568394423814E-01,  2.76850000000008E+02,  4.27121792578017E+06,  2.56766399064935E+06
 2.02025003330000E+03,  4.39474562178515E+01,  1.04796000000000E+02,  7.86311975595136E-01,  2.77030000000008E+02,  6.43796330549769E+06,  4.73809301862413E+06
 2.02033333330000E+03,  3.30889786530785E+01,  1.23977000000000E+02,  7.96383481650111E-01,  2.77210000000008E+02,  7.97433101606653E+06,  7.88371670173934E+06
 2.02041663330000E+03,  2.21202102327232E+01,  1.45311000000000E+02,  8.06201837734926E-01,  2.77390000000008E+02,  8.42155175277214E+06,  9.72769154986984E+06
 2.02050003330000E+03,  1.04680816667093E+01,  1.22954000000000E+02,  8.15656788925475E-01,  2.77570000000008E+02,  7.26829795270653E+06,  1.08819317109207E+07
 2.02058333330000E+03, -1.89437859609682E+00,  6.72884000000000E+01,  8.24642884330585E-01,  2.77750000000008E+02,  5.87701143095424E+06,  1.25404778217817E+07
 2.02066663330000E+03, -1.42556474950188E+01,  2.15457000000000E+01,  8.33060218636158E-01,  2.77930000000008E+02,  5.41685632191330E+06,  1.33094246582839E+07
 2.02075003330000E+03, -2.59141335642304E+01,  4.26520000000000E+00,  8.43732551282661E-01,  2.78110000000008E+02,  4.68834063769399E+06,  1.20735118112126E+07
 2.02083333330000E+03, -3.55437454978314E+01, -4.86230000000000E+00,  8.50413327861315E-01,  2.78290000000008E+02,  4.05858050134437E+06,  1.12800362931430E+07
 2.02091663330000E+03, -4.30743942211317E+01, -1.56821000000000E+01,  8.56235453402943E-01,  2.78470000000008E+02,  4.76447337870875E+06,  1.11446939847719E+07
 2.02100003330000E+03, -4.97945720467010E+01, -1.65014000000000E+01,  8.61130507103453E-01,  2.78650000000008E+02,  4.68273983614241E+06,  8.66371487969677E+06
 2.02108333330000E+03, -5.61261702500282E+01, -2.67061000000000E+01,  8.65038401685484E-01,  2.78830000000008E+02,  3.49039513306927E+06,  7.79445010139171E+06
 2.02116663330000E+03, -6.10646339767657E+01, -3.82954000000000E+01,  8.67907660314658E-01,  2.79010000000008E+02,  4.26301550678296E+06,  1.27256734011603E+07
 2.02125003330000E+03, -6.07307317787687E+01, -3.02688000000000E+01,  5.89796189981574E-01,  2.79190000000008E+02,  5.95782085090641E+06,  1.64569308763724E+07
 2.02133333330000E+03, -5.35781109130435E+01, -5.78150000000000E+00,  5.73498815012819E-01,  2.79370000000008E+02,  5.79469675086656E+06,  1.56264406136964E+07
 2.02141663330000E+03, -3.97678048993077E+01, -3.14480000000000E+01,  5.57508689711592E-01,  2.79550000000008E+02,  5.01372668252226E+06,  1.58092697184065E+07
 2.02150003330000E+03, -2.18397744966737E+01, -2.89602000000000E+01,  5.41898831708700E-01,  2.79730000000008E+02,  4.44591941562753E+06,  1.59168596871111E+07
 2.02158333330000E+03, -3.66332465605781E+00,  1.62961000000000E+01,  5.26738767917091E-01,  2.79910000000008E+02,  2.93236306348327E+06,  1.32796393541907E+07
 2.02166663330000E+03,  1.31843740377437E+01,  3.47831000000000E+01,  5.12094173362817E-01,  2.80090000000008E+02,  1.21651542304493E+06,  1.29327828719607E+07
 2.02175003330000E+03,  2.74478674428309E+01,  2.64246000000000E+01,  5.09586728680447E-01,  2.80270000000008E+02,  6.66717339507997E+05,  1.64827591336138E+07
 2.02183333330000E+03,  4.16579436863978E+01,  1.88345000000000E+01,  4.95626162130003E-01,  2.80450000000008E+02,  8.79138554197622E+05,  1.91583925343188E+07
 2.02191663330000E+03,  5.47320023448066E+01,  3.28596000000000E+01,  4.82309100902770E-01,  2.80630000000008E+02,  1.04253206013953E+06,  1.90059975941557E+07
 2.02200003330000E+03,  6.55715581686610E+01,  4.92700000000000E+01,  4.69687002430005E-01,  2.80810000000008E+02,  1.30408134461293E+06,  1.78586211090237E+07
 2.02208333330000E+03,  5.95202667245727E+01,  5.97566000000000E+01,  4.57806352393575E-01,  2.80990000000008E+02,  2.51847000785936E+06,  1.79019552123778E+07
 2.02216663330000E+03,  3.71390834969493E+01,  4.07815000000000E+01,  4.46708492041425E-01,  2.81170000000008E+02,  4.79580481203168E+06,  2.03229353183159E+07
 2.02225003330000E+03,  2.59507720177123E-01,  6.16531000000000E+01,  2.52850272771502E-01,  2.81350000000008E+02,  6.71863317290546E+06,  2.38451532552954E+07
 2.02233333330000E+03, -2.45480968211603E+01,  5.16778000000000E+01,  2.54494988563745E-01,  2.81530000000008E+02,  7.35513704147228E+06,  2.53168567595230E+07
 2.02241663330000E+03, -3.63634346812800E+01,  2.52409000000000E+01,  2.55843872459615E-01,  2.81710000000008E+02,  7.28480030595658E+06,  2.32869588864856E+07
 2.02250003330000E+03, -3.51839290627657E+01,  4.60354000000000E+01,  2.56892349421092E-01,  2.81890000000008E+02,  6.39711719959843E+06,  1.86695414909602E+07
 2.02258333330000E+03, -3.37222083297262E+01,  5.12137000000000E+01,  2.57636579953603E-01,  2.82070000000008E+02,  4.17282934054991E+06,  1.23407076144558E+07
 2.02266663330000E+03, -3.21325888192798E+01,  1.88534000000000E+01,  2.58073452227433E-01,  2.82250000000008E+02,  2.07300141347393E+06,  5.76924419878781E+06
 2.02275003330000E+03, -3.06025450726061E+01, -1.73700000000000E+00,  2.58136145118448E-01,  2.82430000000008E+02,  1.60166889484522E+06,  1.75983162293616E+06
 2.02283333330000E+03, -2.91448312727155E+01, -3.63590000000000E+00,  2.58182790888160E-01,  2.82610000000008E+02,  1.87929659337422E+06,  1.28935475690898E+06
 2.02291663330000E+03, -2.77658886087374E+01, -1.23811000000000E+01,  2.57917676248032E-01,  2.82790000000008E+02,  1.67240923341160E+06,  1.70609001557207E+06
 2.02300003330000E+03, -2.65525673609820E+01, -9.74100000000000E+00,  2.57339988392741E-01,  2.82970000000008E+02,  1.67854621805978E+06,  1.64037482544062E+06
 2.02308333330000E+03, -2.64724541251680E+01, -2.56330000000000E+00,  2.56449592827407E-01,  2.83150000000008E+02,  3.93858937364570E+06,  4.54941531178568E+06
 2.02316663330000E+03, -2.76479631174974E+01,  6.15280000000000E+00,  2.55247018479413E-01,  2.83330000000008E+02,  8.17024961044785E+06,  1.00939917310143E+07
 2.02325003330000E+03, -2.89863149745328E+01,  3.38695000000000E+01,  2.70425026269644E-01,  2.83510000000008E+02,  1.08582877528732E+07,  1.24374760750893E+07
 2.02333333330000E+03, -2.76311898763760E+01,  1.64316000000000E+01,  2.58448334334927E-01,  2.83690000000008E+02,  1.12566402803706E+07,  1.24048567044626E+07
 2.02341663330000E+03, -2.22723944680623E+01,  1.25320000000000E+01,  2.46672489194243E-01,  2.83870000000008E+02,  1.12009246708513E+07,  1.24931478198900E+07
 2.02350003330000E+03, -1.32930142768711E+01,  3.32484000000000E+01,  2.35125997783658E-01,  2.84050000000008E+02,  9.13561155043857E+06,  9.56493263860531E+06
 2.02358333330000E+03, -1.03369595888938E+00,  3.73487000000000E+01,  2.23836145759243E-01,  2.84230000000008E+02,  4.74429831002130E+06,  6.27610124694383E+06
 2.02366663330000E+03,  1.29125703325479E+01,  9.37200000000000E+00,  2.12828928383736E-01,  2.84410000000008E+02,  2.02515404485045E+06,  6.64354360553725E+06
 2.02375003330000E+03,  2.71054013787513E+01, -2.68110000000000E+00,  1.89706807011266E-01,  2.84590000000008E+02,  1.66924397836101E+06,  6.93821402641188E+06
 2.02383333330000E+03,  3.77650598137509E+01, -2.88880000000000E+00,  1.79763345358747E-01,  2.84770000000008E+02,  1.43429564815287E+06,  7.07017546766804E+06
 2.02391663330000E+03,  4.47704872165141E+01,  7.36490000000000E+00,  1.70196357621038E-01,  2.84950000000008E+02,  1.41834300659932E+06,  8.98865164710696E+06
 2.02400003330000E+03,  4.84135114539434E+01,  2.69269000000000E+01,  1.61024269717495E-01,  2.85130000000008E+02,  1.62972621970872E+06,  8.64680180072484E+06
 2.02408333330000E+03,  3.93691607234078E+01,  2.91805000000000E+01,  1.52263936907211E-01,  2.85310000000008E+02,  1.27052216521685E+06,  6.16167004099313E+06
 2.02416663330000E+03,  1.79521897211323E+01,  1.15109000000000E+01,  1.43930621959511E-01,  2.85490000000008E+02,  9.53569415641616E+05,  5.91595815985231E+06
 2.02425003330000E+03, -1.43752058098462E+01,  8.38030000000000E+00,  6.12322753781525E-01,  2.85670000000008E+02,  1.01804064679282E+06,  6.22838963707278E+06
 2.02433333330000E+03, -3.33453646409868E+01,  9.17200000000000E+00,  5.95730131613485E-01,  2.85850000000008E+02,  8.56896785659889E+05,  4.36283838468501E+06
 2.02441663330000E+03, -3.66539779577525E+01,  2.91945000000000E+01,  5.79340538919756E-01,  2.86030000000008E+02,  5.43001348840599E+05,  2.26698116458732E+06
 2.02450003330000E+03, -2.36866884373179E+01,  3.32944000000000E+01,  5.63231101441606E-01,  2.86210000000008E+02,  5.45703905482047E+05,  1.44652204598803E+06
 2.02458333330000E+03, -5.38798379841024E+00,  2.29460000000000E+01,  5.47475999675673E-01,  2.86390000000008E+02,  9.47559365241537E+05,  1.06444718500468E+06
 2.02466663330000E+03,  1.61264973740402E+01, -3.78430000000000E+00,  5.32146061939976E-01,  2.86570000000008E+02,  1.37257358493861E+06,  4.62764026228274E+05
 2.02475003330000E+03,  3.86720300855599E+01,  1.57547000000000E+01,  5.11102788014543E-01,  2.86750000000008E+02,  1.42261414274472E+06,  6.29105886581373E+05
 2.02483333330000E+03,  5.87707606020050E+01,  3.21623000000000E+01,  4.97077190709626E-01,  2.86930000000008E+02,  2.73430346955546E+06,  4.28283771991173E+05
 2.02491663330000E+03,  7.64567295705850E+01,  7.85262000000000E+01,  4.83689358102799E-01,  2.87110000000008E+02,  9.92658097211733E+05,  2.23247824258942E+06
