 1.96200547580006E+03	-1.38449180847068E-01
 1.96200821370009E+03	-1.66048810186873E-01
 1.96201095160012E+03	-1.37093984871920E-01
 1.96201368950015E+03	-5.25640443833458E-02
 1.96201642740018E+03	 7.80204603327604E-02
 1.96201916530022E+03	 2.31577881751569E-01
 1.96202190320025E+03	 3.66586655947396E-01
 1.96202464110028E+03	 4.33971863094118E-01
 1.96202737900031E+03	 4.02407037584684E-01
 1.96203011690034E+03	 2.77519266691045E-01
 1.96203285480037E+03	 9.83465249458553E-02
 1.96203559270040E+03	-8.44783314934636E-02
 1.96203833060043E+03	-2.30873587235068E-01
 1.96204106850046E+03	-3.20442250488750E-01
 1.96204380640049E+03	-3.48479123347712E-01
 1.96204654430052E+03	-3.18579229447724E-01
 1.96204928220055E+03	-2.41333377630965E-01
 1.96205202010058E+03	-1.37932547316622E-01
 1.96205475800062E+03	-3.75888323967669E-02
 1.96205749590065E+03	 3.65436144210941E-02
 1.96206023380068E+03	 8.10518210056572E-02
 1.96206297170071E+03	 1.08927541701347E-01
 1.96206570960074E+03	 1.30499518899781E-01
 1.96206844750077E+03	 1.38943479288537E-01
 1.96207118540080E+03	 1.16336450097290E-01
 1.96207392330083E+03	 5.39580045886763E-02
 1.96207666120086E+03	-3.37882004309075E-02
 1.96207939910089E+03	-1.14905382002349E-01
 1.96208213700092E+03	-1.58321701638691E-01
 1.96208487490095E+03	-1.47711453646028E-01
 1.96208761280098E+03	-8.12003797745575E-02
 1.96209035070101E+03	 3.45926846501970E-02
 1.96209308860105E+03	 1.82870554782011E-01
 1.96209582650108E+03	 3.29433265054518E-01
 1.96209856440111E+03	 4.26183757553967E-01
 1.96210130230114E+03	 4.32418390839615E-01
 1.96210404020117E+03	 3.38846512025140E-01
 1.96210677810120E+03	 1.73409527135515E-01
 1.96210951600123E+03	-1.49742600675710E-02
 1.96211225390126E+03	-1.80201043464726E-01
 1.96211499180129E+03	-2.93817155395358E-01
 1.96211772970132E+03	-3.45496418112831E-01
 1.96212046760135E+03	-3.35850797740160E-01
 1.96212320550138E+03	-2.72542514665469E-01
 1.96212594340141E+03	-1.73210012061387E-01
 1.96212868130145E+03	-6.62976202943990E-02
 1.96213141920148E+03	 1.98551319062203E-02
 1.96213415710151E+03	 7.35656446024179E-02
 1.96213689500154E+03	 1.03879227825867E-01
 1.96213963290157E+03	 1.25199832973999E-01
 1.96214237080160E+03	 1.38096048115763E-01
 1.96214510870163E+03	 1.27167155532069E-01
 1.96214784660166E+03	 7.82664248983669E-02
 1.96215058450169E+03	-2.82088422685913E-03
 1.96215332240172E+03	-8.86061015939761E-02
 1.96215606030175E+03	-1.45786403491674E-01
 1.96215879820178E+03	-1.52812418324395E-01
 1.96216153610181E+03	-1.04297826186517E-01
 1.96216427400185E+03	-4.73238662323900E-03
 1.96216701190188E+03	 1.33825244186015E-01
 1.96216974980191E+03	 2.84857714858887E-01
 1.96217248770194E+03	 4.04612799400553E-01
 1.96217522560197E+03	 4.46992314469177E-01
 1.96217796350200E+03	 3.88976917995819E-01
 1.96218070140203E+03	 2.44974938486934E-01
 1.96218343930206E+03	 5.83207588863207E-02
 1.96218617720209E+03	-1.21411813324884E-01
 1.96218891510212E+03	-2.57895766622356E-01
 1.96219165300215E+03	-3.33984524743251E-01
 1.96219439090218E+03	-3.46449203979243E-01
 1.96219712880221E+03	-3.00098375940267E-01
 1.96219986670224E+03	-2.08839749027884E-01
 1.96220260460228E+03	-9.87150604808180E-02
 1.96220534250231E+03	-1.14508473176651E-03
 1.96220808040234E+03	 6.40286730464434E-02
 1.96221081830237E+03	 9.93199833465220E-02
 1.96221355620240E+03	 1.20359366881938E-01
 1.96221629410243E+03	 1.34948397794033E-01
 1.96221903200246E+03	 1.32876904990535E-01
 1.96222176990249E+03	 9.73560400820631E-02
 1.96222450780252E+03	 2.58602071841668E-02
 1.96222724570255E+03	-6.07361376952816E-02
 1.96222998360258E+03	-1.29071259002167E-01
 1.96223272150261E+03	-1.52702763547930E-01
 1.96223545940264E+03	-1.21890083841323E-01
 1.96223819730268E+03	-3.91459880126404E-02
 1.96224093520271E+03	 8.66103115189553E-02
 1.96224367310274E+03	 2.35821011315891E-01
 1.96224641100277E+03	 3.71393216272998E-01
 1.96224914890280E+03	 4.46032729445173E-01
 1.96225188680283E+03	 4.25566365597505E-01
 1.96225462470286E+03	 3.09737663980209E-01
 1.96225736260289E+03	 1.32660125257082E-01
 1.96226010050292E+03	-5.59244172557929E-02
 1.96226283840295E+03	-2.12918840580604E-01
 1.96226557630298E+03	-3.13516056224408E-01
 1.96226831420301E+03	-3.49525259256220E-01
 1.96227105210304E+03	-3.22709386422528E-01
 1.96227379000308E+03	-2.43350470982518E-01
 1.96227652790311E+03	-1.33956082273757E-01
 1.96227926580314E+03	-2.67587455989650E-02
 1.96228200370317E+03	 5.13443636239950E-02
 1.96228474160320E+03	 9.45545219283579E-02
 1.96228747950323E+03	 1.16511908106353E-01
 1.96229021740326E+03	 1.30867530114921E-01
 1.96229295530329E+03	 1.34454636999355E-01
 1.96229569320332E+03	 1.10994320091180E-01
 1.96229843110335E+03	 5.10349108463257E-02
 1.96230116900338E+03	-3.25995419227938E-02
 1.96230390690341E+03	-1.08962223991566E-01
 1.96230664480344E+03	-1.47759549837699E-01
 1.96230938270347E+03	-1.34175785300775E-01
 1.96231212060351E+03	-6.82914215858677E-02
 1.96231485850354E+03	 4.28476161121961E-02
 1.96231759640357E+03	 1.85153110313808E-01
 1.96232033430360E+03	 3.29241207124856E-01
 1.96232307220363E+03	 4.30462812876851E-01
 1.96232581010366E+03	 4.47108625119220E-01
 1.96232854800369E+03	 3.64620197821521E-01
 1.96233128590372E+03	 2.04957586613036E-01
 1.96233402380375E+03	 1.42995582663642E-02
 1.96233676170378E+03	-1.59544090639263E-01
 1.96233949960381E+03	-2.83891735973119E-01
 1.96234223750384E+03	-3.44398089348275E-01
 1.96234497540387E+03	-3.39236130365286E-01
 1.96234771330391E+03	-2.75244798015740E-01
 1.96235045120394E+03	-1.70802267127283E-01
 1.96235318910397E+03	-5.68434671014251E-02
 1.96235592700400E+03	 3.45623995771361E-02
 1.96235866490403E+03	 8.85680535088842E-02
 1.96236140280406E+03	 1.13708994971992E-01
 1.96236414070409E+03	 1.27051508315420E-01
 1.96236687860412E+03	 1.33200338991430E-01
 1.96236961650415E+03	 1.19460221904839E-01
 1.96237235440418E+03	 7.17866682298026E-02
 1.96237509230421E+03	-5.53648545456105E-03
 1.96237783020424E+03	-8.64127706258040E-02
 1.96238056810427E+03	-1.38441271631158E-01
 1.96238330600431E+03	-1.41435890963787E-01
 1.96238604390434E+03	-9.21522577481131E-02
 1.96238878180437E+03	 3.58012099698323E-03
 1.96239151970440E+03	 1.35312777645342E-01
 1.96239425760443E+03	 2.81164728487742E-01
 1.96239699550446E+03	 4.02114555057650E-01
 1.96239973340449E+03	 4.53079374160265E-01
 1.96240247130452E+03	 4.07041098727477E-01
 1.96240520920455E+03	 2.71989072602922E-01
 1.96240794710458E+03	 8.67991867098308E-02
 1.96241068500461E+03	-9.89094701610742E-02
 1.96241342290464E+03	-2.45200147975727E-01
 1.96241616080467E+03	-3.30566782297948E-01
 1.96241889870471E+03	-3.48714705200128E-01
 1.96242163660474E+03	-3.03093814711443E-01
 1.96242437450477E+03	-2.07808405639272E-01
 1.96242711240480E+03	-9.08017646699475E-02
 1.96242985030483E+03	 1.30320219380376E-02
 1.96243258820486E+03	 8.01786470001914E-02
 1.96243532610489E+03	 1.11510653364980E-01
 1.96243806400492E+03	 1.24361043427566E-01
 1.96244080190495E+03	 1.30557278267215E-01
 1.96244353980498E+03	 1.23521998553121E-01
 1.96244627770501E+03	 8.76149758145148E-02
 1.96244901560504E+03	 1.91890497938463E-02
 1.96245175350507E+03	-6.25281881828484E-02
 1.96245449140510E+03	-1.25316363853967E-01
 1.96245722930514E+03	-1.43985888569562E-01
 1.96245996720517E+03	-1.10925625275089E-01
 1.96246270510520E+03	-3.06811943884714E-02
 1.96246544300523E+03	 8.82204979960531E-02
 1.96246818090526E+03	 2.30160598531072E-01
 1.96247091880529E+03	 3.63523098278205E-01
 1.96247365670532E+03	 4.43982107487959E-01
 1.96247639460535E+03	 4.35153830137233E-01
 1.96247913250538E+03	 3.30636576387309E-01
 1.96248187040541E+03	 1.58720138716302E-01
 1.96248460830544E+03	-3.26661717753499E-02
 1.96248734620547E+03	-1.97887052147119E-01
 1.96249008410550E+03	-3.07734974874229E-01
 1.96249282200554E+03	-3.50364448249414E-01
 1.96249555990557E+03	-3.25606357589195E-01
 1.96249829780560E+03	-2.43421475895250E-01
 1.96250103570563E+03	-1.27625038074554E-01
 1.96250377360566E+03	-1.34849920741428E-02
 1.96250651150569E+03	 6.82151923883804E-02
 1.96250924940572E+03	 1.09046267552090E-01
 1.96251198730575E+03	 1.23194226922226E-01
 1.96251472520578E+03	 1.27919124496304E-01
 1.96251746310581E+03	 1.24351778385786E-01
 1.96252020100584E+03	 9.85105612590139E-02
 1.96252293890587E+03	 4.05184116167993E-02
 1.96252567680590E+03	-3.85153338203371E-02
 1.96252841470594E+03	-1.09094126650414E-01
 1.96253115260597E+03	-1.42166725926418E-01
 1.96253389050600E+03	-1.24907098058503E-01
 1.96253662840603E+03	-5.98500316751863E-02
 1.96253936630606E+03	 4.51805232261912E-02
 1.96254210420609E+03	 1.78938910860255E-01
 1.96254484210612E+03	 3.17652117900215E-01
 1.96254758000615E+03	 4.21286703078646E-01
 1.96255031790618E+03	 4.48024468236499E-01
 1.96255305580621E+03	 3.78149209779421E-01
 1.96255579370624E+03	 2.26981178171343E-01
 1.96255853160627E+03	 3.70338732402827E-02
 1.96256126950630E+03	-1.42822288065410E-01
 1.96256400740633E+03	-2.75852470490033E-01
 1.96256674530637E+03	-3.43590774271956E-01
 1.96256948320640E+03	-3.41670342782036E-01
 1.96257222110643E+03	-2.76094062130574E-01
 1.96257495900646E+03	-1.65981914030807E-01
 1.96257769690649E+03	-4.47558421034131E-02
 1.96258043480652E+03	 5.16954585875133E-02
 1.96258317270655E+03	 1.05137645430609E-01
 1.96258591060658E+03	 1.23423172127219E-01
 1.96258864850661E+03	 1.26437154066553E-01
 1.96259138640664E+03	 1.23383049962996E-01
 1.96259412430667E+03	 1.04976883208254E-01
 1.96259686220670E+03	 5.77261754865325E-02
 1.96259960010673E+03	-1.55961204043664E-02
 1.96260233800677E+03	-9.06406902959100E-02
 1.96260507590680E+03	-1.36368497370156E-01
 1.96260781380683E+03	-1.34408152197631E-01
 1.96261055170686E+03	-8.41243330841099E-02
 1.96261328960689E+03	 6.89330500493675E-03
 1.96261602750692E+03	 1.29709532204773E-01
 1.96261876540695E+03	 2.67586320845555E-01
 1.96262150330698E+03	 3.87265785644653E-01
 1.96262424120701E+03	 4.45722742983327E-01
 1.96262697910704E+03	 4.12391312785004E-01
 1.96262971700707E+03	 2.88490207264132E-01
 1.96263245490710E+03	 1.07606704152969E-01
 1.96263519280713E+03	-8.13488114460683E-02
 1.96263793070717E+03	-2.35172120852797E-01
 1.96264066860720E+03	-3.27994085870129E-01
 1.96264340650723E+03	-3.50370090394399E-01
 1.96264614440726E+03	-3.04377828990483E-01
 1.96264888230729E+03	-2.04334348901734E-01
 1.96265162020732E+03	-8.00778644454409E-02
 1.96265435810735E+03	 2.99792281392873E-02
 1.96265709600738E+03	 9.84671219865745E-02
 1.96265983390741E+03	 1.24402870898560E-01
 1.96266257180744E+03	 1.26854119996054E-01
 1.96266530970747E+03	 1.22126232185642E-01
 1.96266804760750E+03	 1.07988096356713E-01
 1.96267078550753E+03	 7.05258087424850E-02
 1.96267352340756E+03	 5.10864843534230E-03
 1.96267626130760E+03	-7.09651110130654E-02
 1.96267899920763E+03	-1.27072686646293E-01
 1.96268173710766E+03	-1.39717877598753E-01
 1.96268447500769E+03	-1.03842916392682E-01
 1.96268721290772E+03	-2.64548923254201E-02
 1.96268995080775E+03	 8.40548020516586E-02
 1.96269268870778E+03	 2.16231562327835E-01
 1.96269542660781E+03	 3.44748249440032E-01
 1.96269816450784E+03	 4.29311033861698E-01
 1.96270090240787E+03	 4.32046247304956E-01
 1.96270364030790E+03	 3.40390062677772E-01
 1.96270637820793E+03	 1.76164855582261E-01
 1.96270911610796E+03	-1.52976428275283E-02
 1.96271185400800E+03	-1.86314055589290E-01
 1.96271459190803E+03	-3.03393038792674E-01
 1.96271732980806E+03	-3.50988767864897E-01
 1.96272006770809E+03	-3.26988706301143E-01
 1.96272280560812E+03	-2.41062275093662E-01
 1.96272554350815E+03	-1.18335069556859E-01
 1.96272828140818E+03	 2.87595578376676E-03
 1.96273101930821E+03	 8.77669460519126E-02
 1.96273375720824E+03	 1.25052293142430E-01
 1.96273649510827E+03	 1.29388769183732E-01
 1.96273923300830E+03	 1.21964840252575E-01
 1.96274197090833E+03	 1.08882429378723E-01
 1.96274470880836E+03	 7.91327470335491E-02
 1.96274744670840E+03	 2.27106785899338E-02
 1.96275018460843E+03	-5.11667160138764E-02
 1.96275292250846E+03	-1.14893900510941E-01
 1.96275566040849E+03	-1.41109506688312E-01
 1.96275839830852E+03	-1.19366619211665E-01
 1.96276113620855E+03	-5.50499307117244E-02
 1.96276387410858E+03	 4.28982619539799E-02
 1.96276661200861E+03	 1.66061282869631E-01
 1.96276934990864E+03	 2.96821098118680E-01
 1.96277208780867E+03	 4.00728990315399E-01
 1.96277482570870E+03	 4.36747780543382E-01
 1.96277756360873E+03	 3.80307509376978E-01
 1.96278030150876E+03	 2.39700568728851E-01
 1.96278303940880E+03	 5.30451239691199E-02
 1.96278577730883E+03	-1.30324232285831E-01
 1.96278851520886E+03	-2.69865426281239E-01
 1.96279125310889E+03	-3.43007699034847E-01
 1.96279399100892E+03	-3.42842588918613E-01
 1.96279672890895E+03	-2.74578633385308E-01
 1.96279946680898E+03	-1.58097602683275E-01
 1.96280220470901E+03	-2.93059613556849E-02
 1.96280494260904E+03	 7.20033206977544E-02
 1.96280768050907E+03	 1.23997256749401E-01
 1.96281041840910E+03	 1.33688625243047E-01
 1.96281315630913E+03	 1.23959095710649E-01
 1.96281589420916E+03	 1.09199675718897E-01
 1.96281863210919E+03	 8.42688627303022E-02
 1.96282137000923E+03	 3.66806688660723E-02
 1.96282410790926E+03	-3.23432855572804E-02
 1.96282684580929E+03	-1.00601471915398E-01
 1.96282958370932E+03	-1.38881615000886E-01
 1.96283232160935E+03	-1.31003577829300E-01
 1.96283505950938E+03	-7.92866542859118E-02
 1.96283779740941E+03	 6.56377462434839E-03
 1.96284053530944E+03	 1.18940150242697E-01
 1.96284327320947E+03	 2.46518160610600E-01
 1.96284601110950E+03	 3.62585526648712E-01
 1.96284874900953E+03	 4.27118618759192E-01
 1.96285148690956E+03	 4.06575411942644E-01
 1.96285422480959E+03	 2.95309492515094E-01
 1.96285696270963E+03	 1.21027734862071E-01
 1.96285970060966E+03	-6.87113253531747E-02
 1.96286243850969E+03	-2.27803622938022E-01
 1.96286517640972E+03	-3.26113829086906E-01
 1.96286791430975E+03	-3.51067090500622E-01
 1.96287065220978E+03	-3.03420984790777E-01
 1.96287339010981E+03	-1.97746146174681E-01
 1.96287612800984E+03	-6.57717642103273E-02
 1.96287886590987E+03	 5.05297976619745E-02
 1.96288160380990E+03	 1.19755558678346E-01
 1.96288434170993E+03	 1.38859389256415E-01
 1.96288707960996E+03	 1.28684316324054E-01
 1.96288981750999E+03	 1.10480651199946E-01
 1.96289255541003E+03	 8.70998377487699E-02
 1.96289529331006E+03	 4.69472741476264E-02
 1.96289803121009E+03	-1.54689298678041E-02
 1.96290076911012E+03	-8.51052072537708E-02
 1.96290350701015E+03	-1.33415680455408E-01
 1.96290624491018E+03	-1.38987069097286E-01
 1.96290898281021E+03	-9.96166983196610E-02
 1.96291172071024E+03	-2.50945731122609E-02
 1.96291445861027E+03	 7.60431996652996E-02
 1.96291719651030E+03	 1.96535925110843E-01
 1.96291993441033E+03	 3.17882910360952E-01
 1.96292267231036E+03	 4.04706830842871E-01
 1.96292541021039E+03	 4.18398713676301E-01
 1.96292814811042E+03	 3.40432730416808E-01
 1.96293088601046E+03	 1.85779357878977E-01
 1.96293362391049E+03	-3.44602572023226E-03
 1.96293636181052E+03	-1.77975238080372E-01
 1.96293909971055E+03	-3.00223199594211E-01
 1.96294183761058E+03	-3.50999798215358E-01
 1.96294457551061E+03	-3.26312521550311E-01
 1.96294731341064E+03	-2.35601311713728E-01
 1.96295005131067E+03	-1.05308650327195E-01
 1.96295278921070E+03	 2.31900166168876E-02
 1.96295552711073E+03	 1.10938764287016E-01
 1.96295826501076E+03	 1.43568512830160E-01
 1.96296100291079E+03	 1.36127789907690E-01
 1.96296374081082E+03	 1.14053509763960E-01
 1.96296647871086E+03	 8.91066176026106E-02
 1.96296921661089E+03	 5.39474722583345E-02
 1.96297195451092E+03	-1.25879800294534E-03
 1.96297469241095E+03	-6.93971637211666E-02
 1.96297743031098E+03	-1.25227674428320E-01
 1.96298016821101E+03	-1.43502018619386E-01
 1.96298290611104E+03	-1.16434041708852E-01
 1.96298564401107E+03	-5.25214448698581E-02
 1.96298838191110E+03	 3.78734933438836E-02
 1.96299111981113E+03	 1.49012290110826E-01
 1.96299385771116E+03	 2.69707441924933E-01
 1.96299659561119E+03	 3.71824125380974E-01
 1.96299933351122E+03	 4.15939864561932E-01
 1.96300207141126E+03	 3.73089643116630E-01
 1.96300480931129E+03	 2.44405656124659E-01
 1.96300754721132E+03	 6.30898898039625E-02
 1.96301028511135E+03	-1.21574738192264E-01
 1.96301302301138E+03	-2.65522594700860E-01
 1.96301576091141E+03	-3.42185538856817E-01
 1.96301849881144E+03	-3.42192749854181E-01
 1.96302123671147E+03	-2.70039857529110E-01
 1.96302397461150E+03	-1.46395700556787E-01
 1.96302671251153E+03	-9.64190342437917E-03
 1.96302945041156E+03	 9.64429138571325E-02
 1.96303218831159E+03	 1.46209834170706E-01
 1.96303492621162E+03	 1.45660470986654E-01
 1.96303766411165E+03	 1.20835475428502E-01
 1.96304040201169E+03	 9.19024352943983E-02
 1.96304313991172E+03	 5.86127184866532E-02
 1.96304587781175E+03	 9.95662529808814E-03
 1.96304861571178E+03	-5.44512180783613E-02
 1.96305135361181E+03	-1.14992293137783E-01
 1.96305409151184E+03	-1.44745264328706E-01
 1.96305682941187E+03	-1.30015072182029E-01
 1.96305956731190E+03	-7.62822094115683E-02
 1.96306230521193E+03	 4.36595780471257E-03
 1.96306504311196E+03	 1.05394070996469E-01
 1.96306778101199E+03	 2.20926145620134E-01
 1.96307051891202E+03	 3.31303311275545E-01
 1.96307325681205E+03	 4.00308289886498E-01
 1.96307599471209E+03	 3.92071958150074E-01
 1.96307873261212E+03	 2.94216361953497E-01
 1.96308147051215E+03	 1.28211109703526E-01
 1.96308420841218E+03	-6.02494582190408E-02
 1.96308694631221E+03	-2.22524770305705E-01
 1.96308968421224E+03	-3.24383967298771E-01
 1.96309242211227E+03	-3.50224816066972E-01
 1.96309516001230E+03	-2.99584581668393E-01
 1.96309789791233E+03	-1.87336197568001E-01
 1.96310063581236E+03	-4.70851387532801E-02
 1.96310337371239E+03	 7.56025758498434E-02
 1.96310611161242E+03	 1.45107333444220E-01
 1.96310884951245E+03	 1.56089747644118E-01
 1.96311158741249E+03	 1.31178085010442E-01
 1.96311432531252E+03	 9.70162030255542E-02
 1.96311706321255E+03	 6.22840019167831E-02
 1.96311980111258E+03	 1.83231380088549E-02
 1.96312253901261E+03	-4.10924195367194E-02
 1.96312527691264E+03	-1.03524156536783E-01
 1.96312801481267E+03	-1.42997126258699E-01
 1.96313075271270E+03	-1.40517162593795E-01
 1.96313349061273E+03	-9.69101319471967E-02
 1.96313622851276E+03	-2.49477711105581E-02
 1.96313896641279E+03	 6.64051915709754E-02
 1.96314170431282E+03	 1.73928015212629E-01
 1.96314444221285E+03	 2.86203735681440E-01
 1.96314718011289E+03	 3.73450307197658E-01
 1.96314991801292E+03	 3.97072050158380E-01
 1.96315265591295E+03	 3.32960722513498E-01
 1.96315539381298E+03	 1.89091000702704E-01
 1.96315813171301E+03	 3.91566425790882E-03
 1.96316086961304E+03	-1.72126323759191E-01
 1.96316360751307E+03	-2.97594588364775E-01
 1.96316634541310E+03	-3.49790988977988E-01
 1.96316908331313E+03	-3.22961838714121E-01
 1.96317182121316E+03	-2.26391758900810E-01
 1.96317455911319E+03	-8.78322179942731E-02
 1.96317729701322E+03	 4.82887797482003E-02
 1.96318003491325E+03	 1.38730490967774E-01
 1.96318277281328E+03	 1.65788192661293E-01
 1.96318551071332E+03	 1.44779308407169E-01
 1.96318824861335E+03	 1.05669794697103E-01
 1.96319098651338E+03	 6.65596011943598E-02
 1.96319372441341E+03	 2.44985532436198E-02
 1.96319646231344E+03	-2.98567024424640E-02
 1.96319920021347E+03	-9.17097138257185E-02
 1.96320193811350E+03	-1.38679244375708E-01
 1.96320467601353E+03	-1.48026753825494E-01
 1.96320741391356E+03	-1.14803409670526E-01
 1.96321015181359E+03	-5.07467656564596E-02
 1.96321288971362E+03	 3.21119074781069E-02
 1.96321562761365E+03	 1.30441660637681E-01
 1.96321836551368E+03	 2.39501191777961E-01
 1.96322110341372E+03	 3.37948985756892E-01
 1.96322384131375E+03	 3.88724759109193E-01
 1.96322657921378E+03	 3.59042459645389E-01
 1.96322931711381E+03	 2.42967342654491E-01
 1.96323205501384E+03	 6.84660061616367E-02
 1.96323479291387E+03	-1.15652720352969E-01
 1.96323753081390E+03	-2.62100016731669E-01
 1.96324026871393E+03	-3.40489257352805E-01
 1.96324300661396E+03	-3.39128269451808E-01
 1.96324574451399E+03	-2.61900151104320E-01
 1.96324848241402E+03	-1.30269629664941E-01
 1.96325122031405E+03	 1.49403378427177E-02
 1.96325395821408E+03	 1.25892340098441E-01
 1.96325669611412E+03	 1.72882375620073E-01
 1.96325943401415E+03	 1.60677466124724E-01
 1.96326217191418E+03	 1.18579671347194E-01
 1.96326490981421E+03	 7.30903125080095E-02
 1.96326764771424E+03	 2.96176594470552E-02
 1.96327038561427E+03	-2.08667243169679E-02
 1.96327312351430E+03	-8.03948883738662E-02
 1.96327586141433E+03	-1.32376520635523E-01
 1.96327859931436E+03	-1.52637250124905E-01
 1.96328133721439E+03	-1.30184760863012E-01
 1.96328407511442E+03	-7.37357772692061E-02
 1.96328681301445E+03	 2.06675877230010E-03
 1.96328955091448E+03	 9.14496332210751E-02
 1.96329228881451E+03	 1.93801370453295E-01
 1.96329502671455E+03	 2.96755902497758E-01
 1.96329776461458E+03	 3.68552095716198E-01
 1.96330050251461E+03	 3.71685522471179E-01
 1.96330324041464E+03	 2.87371932053195E-01
 1.96330597831467E+03	 1.30702032034455E-01
 1.96330871621470E+03	-5.48733779652877E-02
 1.96331145411473E+03	-2.18521219892280E-01
 1.96331419201476E+03	-3.22142066477443E-01
 1.96331692991479E+03	-3.47274903804961E-01
 1.96331966781482E+03	-2.92364237798009E-01
 1.96332240571485E+03	-1.72618569423984E-01
 1.96332514361488E+03	-2.34716364078979E-02
 1.96332788151491E+03	 1.05904330798708E-01
 1.96333061941495E+03	 1.75477176890061E-01
 1.96333335731498E+03	 1.77330868747763E-01
 1.96333609521501E+03	 1.35811763143131E-01
 1.96333883311504E+03	 8.33463834249847E-02
 1.96334157101507E+03	 3.51816960887507E-02
 1.96334430891510E+03	-1.37502308279958E-02
 1.96334704681513E+03	-7.02444800208058E-02
 1.96334978471516E+03	-1.24808795723179E-01
 1.96335252261519E+03	-1.54530733657022E-01
 1.96335526051522E+03	-1.43122468159361E-01
 1.96335799841525E+03	-9.44987451306744E-02
 1.96336073631528E+03	-2.44982898231927E-02
 1.96336347421531E+03	 5.72050607774542E-02
 1.96336621211535E+03	 1.51112799602471E-01
 1.96336895001538E+03	 2.52886640201101E-01
 1.96337168791541E+03	 3.38812440208833E-01
 1.96337442581544E+03	 3.71025783496106E-01
 1.96337716371547E+03	 3.20358032248447E-01
 1.96337990161550E+03	 1.87856133350297E-01
 1.96338263951553E+03	 8.02838780787586E-03
 1.96338537741556E+03	-1.67872222427071E-01
 1.96338811531559E+03	-2.94823327126872E-01
 1.96339085321562E+03	-3.46820928639070E-01
 1.96339359111565E+03	-3.16506990572680E-01
 1.96339632901568E+03	-2.13074610871226E-01
 1.96339906691571E+03	-6.55363627189625E-02
 1.96340180481574E+03	 7.86690516833250E-02
 1.96340454271578E+03	 1.71886004999517E-01
 1.96340728061581E+03	 1.92775163593706E-01
 1.96341001851584E+03	 1.56712540589937E-01
 1.96341275641587E+03	 9.83867123154464E-02
 1.96341549431590E+03	 4.28795026230017E-02
 1.96341823221593E+03	-7.62306161959406E-03
 1.96342097011596E+03	-6.15978456675201E-02
 1.96342370801599E+03	-1.16749108561421E-01
 1.96342644591602E+03	-1.54036825491141E-01
 1.96342918381605E+03	-1.53598739615671E-01
 1.96343192171608E+03	-1.13412091033841E-01
 1.96343465961611E+03	-4.84649879223050E-02
 1.96343739751614E+03	 2.73408634352345E-02
 1.96344013541618E+03	 1.12706684604445E-01
 1.96344287331621E+03	 2.09117584356211E-01
 1.96344561121624E+03	 3.02268649337402E-01
 1.96344834911627E+03	 3.58111679132897E-01
 1.96345108701630E+03	 3.40696653050442E-01
 1.96345382491633E+03	 2.37307360955172E-01
 1.96345656281636E+03	 7.05403987334696E-02
 1.96345930071639E+03	-1.11597713938431E-01
 1.96346203861642E+03	-2.58903041936879E-01
 1.96346477651645E+03	-3.37410257953272E-01
 1.96346751441648E+03	-3.33295251195969E-01
 1.96347025231651E+03	-2.49928110833004E-01
 1.96347299021654E+03	-1.09535815705252E-01
 1.96347572811658E+03	 4.47015274256618E-02
 1.96347846601661E+03	 1.60836703484217E-01
 1.96348120391664E+03	 2.04839320998043E-01
 1.96348394181667E+03	 1.79929516130316E-01
 1.96348667971670E+03	 1.18662874952292E-01
 1.96348941761673E+03	 5.43591579223474E-02
 1.96349215551676E+03	-1.15019738044436E-03
 1.96349489341679E+03	-5.43496491946263E-02
 1.96349763131682E+03	-1.08897862849061E-01
 1.96350036921685E+03	-1.51647102470365E-01
 1.96350310711688E+03	-1.61601506819315E-01
 1.96350584501691E+03	-1.30625792381429E-01
 1.96350858291694E+03	-7.06433277898910E-02
 1.96351132081698E+03	 1.04828377120974E-03
 1.96351405871701E+03	 7.90783573727784E-02
 1.96351679661704E+03	 1.67722017841966E-01
 1.96351953451707E+03	 2.61900973935692E-01
 1.96352227241710E+03	 3.34807733210015E-01
 1.96352501031713E+03	 3.48013777886816E-01
 1.96352774821716E+03	 2.76811702345044E-01
 1.96353048611719E+03	 1.29963371428812E-01
 1.96353322401722E+03	-5.15762447389916E-02
 1.96353596191725E+03	-2.15101686777845E-01
 1.96353869981728E+03	-3.18921451955673E-01
 1.96354143771731E+03	-3.41941350172407E-01
 1.96354417561734E+03	-2.81653252427315E-01
 1.96354691351737E+03	-1.53595248611695E-01
 1.96354965141741E+03	 5.08056940506374E-03
 1.96355238931744E+03	 1.41626862475468E-01
 1.96355512721747E+03	 2.11392753805908E-01
 1.96355786511750E+03	 2.03522364127315E-01
 1.96356060301753E+03	 1.43887681718305E-01
 1.96356334091756E+03	 7.09784265047524E-02
 1.96356607881759E+03	 7.31359731322099E-03
 1.96356881671762E+03	-4.78834931638799E-02
 1.96357155461765E+03	-1.01733520622400E-01
 1.96357429251768E+03	-1.47973352685090E-01
 1.96357703041771E+03	-1.67211213771265E-01
 1.96357976831774E+03	-1.46105996617435E-01
 1.96358250621777E+03	-9.16360833585143E-02
 1.96358524411781E+03	-2.27079852892071E-02
 1.96358798201784E+03	 5.00100753422816E-02
 1.96359071991787E+03	 1.30278422839575E-01
 1.96359345781790E+03	 2.20599049100209E-01
 1.96359619571793E+03	 3.03607497393271E-01
 1.96359893361796E+03	 3.42846077897310E-01
 1.96360167151799E+03	 3.04720070827791E-01
 1.96360440941802E+03	 1.83601558267727E-01
 1.96360714731805E+03	 9.92534532649030E-03
 1.96360988521808E+03	-1.64540470849337E-01
 1.96361262311811E+03	-2.91496082919929E-01
 1.96361536101814E+03	-3.41895435000931E-01
 1.96361809891817E+03	-3.06961437154559E-01
 1.96362083681821E+03	-1.95829825290363E-01
 1.96362357471824E+03	-3.86582915172470E-02
 1.96362631261827E+03	 1.14210085254154E-01
 1.96362905051830E+03	 2.10591596833232E-01
 1.96363178841833E+03	 2.25153205802980E-01
 1.96363452631836E+03	 1.72990466939256E-01
 1.96363726421839E+03	 9.35679995479839E-02
 1.96364000211842E+03	 1.95150832288349E-02
 1.96364274001845E+03	-4.10799287022250E-02
 1.96364547791848E+03	-9.53683040522535E-02
 1.96364821581851E+03	-1.43650717556140E-01
 1.96365095371854E+03	-1.70655651500657E-01
 1.96365369161857E+03	-1.59720468679525E-01
 1.96365642951860E+03	-1.11770628996326E-01
 1.96365916741864E+03	-4.49745581292638E-02
 1.96366190531867E+03	 2.47201148753936E-02
 1.96366464321870E+03	 9.75738674454622E-02
 1.96366738111873E+03	 1.80871028101807E-01
 1.96367011901876E+03	 2.67374918610615E-01
 1.96367285691879E+03	 3.26601847603328E-01
 1.96367559481882E+03	 3.20154509218262E-01
 1.96367833271885E+03	 2.28984971576068E-01
 1.96368107061888E+03	 7.03541999834342E-02
 1.96368380851891E+03	-1.08770201117908E-01
 1.96368654641894E+03	-2.55583534345910E-01
 1.96368928431897E+03	-3.32841689482913E-01
 1.96369202221900E+03	-3.24822608255396E-01
 1.96369476011904E+03	-2.34468938477361E-01
 1.96369749801907E+03	-8.46691395421172E-02
 1.96370023591910E+03	 7.92052091484847E-02
 1.96370297381913E+03	 2.01092425419079E-01
 1.96370571171916E+03	 2.42333302565438E-01
 1.96370844961919E+03	 2.04170127838654E-01
 1.96371118751922E+03	 1.22242252743021E-01
 1.96371392541925E+03	 3.70495570108515E-02
 1.96371666331928E+03	-3.24095519919908E-02
 1.96371940121931E+03	-8.94401512117690E-02
 1.96372213911934E+03	-1.39199947065164E-01
 1.96372487701937E+03	-1.72313184600799E-01
 1.96372761491940E+03	-1.71339840230463E-01
 1.96373035281944E+03	-1.31101248269581E-01
 1.96373309071947E+03	-6.66279839647484E-02
 1.96373582861950E+03	 2.07084610196454E-03
 1.96373856651953E+03	 6.96118060538811E-02
 1.96374130441956E+03	 1.44606396401440E-01
 1.96374404231959E+03	 2.29043628038308E-01
 1.96374678021962E+03	 3.01425736406782E-01
 1.96374951811965E+03	 3.23115839252579E-01
 1.96375225601968E+03	 2.64098219137665E-01
 1.96375499391971E+03	 1.27029413997482E-01
 1.96375773181974E+03	-4.97616426818387E-02
 1.96376046971977E+03	-2.11993022652815E-01
 1.96376320761980E+03	-3.14708504668186E-01
 1.96376594551983E+03	-3.34464388371482E-01
 1.96376868341987E+03	-2.67946355463365E-01
 1.96377142131990E+03	-1.30958092397256E-01
 1.96377415921993E+03	 3.78318075775051E-02
 1.96377689711996E+03	 1.82206653153706E-01
 1.96377963501999E+03	 2.52695204794178E-01
 1.96378237292002E+03	 2.35043646212331E-01
 1.96378511082005E+03	 1.56287685027033E-01
 1.96378784872008E+03	 6.10965327362940E-02
 1.96379058662011E+03	-2.01083109631553E-02
 1.96379332452014E+03	-8.30690793806712E-02
 1.96379606242017E+03	-1.34873993285128E-01
 1.96379880032020E+03	-1.72656400920109E-01
 1.96380153822023E+03	-1.80925056912814E-01
 1.96380427612027E+03	-1.49471041204147E-01
 1.96380701402030E+03	-8.82529376509264E-02
 1.96380975192033E+03	-1.91991753464563E-02
 1.96381248982036E+03	 4.57186087906054E-02
 1.96381522772039E+03	 1.12922131589410E-01
 1.96381796562042E+03	 1.91310460274234E-01
 1.96382070352045E+03	 2.69978727659479E-01
 1.96382344142048E+03	 3.14503011362330E-01
 1.96382617932051E+03	 2.87586557996989E-01
 1.96382891722054E+03	 1.77344684220267E-01
 1.96383165512057E+03	 1.01557278273477E-02
 1.96383439302060E+03	-1.61937989591256E-01
 1.96383713092063E+03	-2.87696802798950E-01
 1.96383986882067E+03	-3.35362366594534E-01
 1.96384260672070E+03	-2.94952507325019E-01
 1.96384534462073E+03	-1.75538790792663E-01
 1.96384808252076E+03	-8.21437569830393E-03
 1.96385082042079E+03	 1.53977740528332E-01
 1.96385355832082E+03	 2.54255639474290E-01
 1.96385629622085E+03	 2.62874404931551E-01
 1.96385903412088E+03	 1.94149825816711E-01
 1.96386177202091E+03	 9.21816419972593E-02
 1.96386450992094E+03	-2.41797897664457E-03
 1.96386724782097E+03	-7.48974480382840E-02
 1.96386998572100E+03	-1.30520754676843E-01
 1.96387272362103E+03	-1.72142036421515E-01
 1.96387546152107E+03	-1.88575101162986E-01
 1.96387819942110E+03	-1.66611058019762E-01
 1.96388093732113E+03	-1.10093168924126E-01
 1.96388367522116E+03	-4.02558411496814E-02
 1.96388641312119E+03	 2.47290221854198E-02
 1.96388915102122E+03	 8.61105222792812E-02
 1.96389188892125E+03	 1.56361440285587E-01
 1.96389462682128E+03	 2.35156867001990E-01
 1.96389736472131E+03	 2.96034943349653E-01
 1.96390010262134E+03	 2.98909598685577E-01
 1.96390284052137E+03	 2.18995304262330E-01
 1.96390557842140E+03	 6.84123021650188E-02
 1.96390831632143E+03	-1.07055306988630E-01
 1.96391105422146E+03	-2.52323421987862E-01
 1.96391379212150E+03	-3.27234798772805E-01
 1.96391653002153E+03	-3.14453256260284E-01
 1.96391926792156E+03	-2.16562049931967E-01
 1.96392200582159E+03	-5.69247769297648E-02
 1.96392474372162E+03	 1.17174734031879E-01
 1.96392748162165E+03	 2.45635730772053E-01
 1.96393021952168E+03	 2.84853105042917E-01
 1.96393295742171E+03	 2.33526461315121E-01
 1.96393569532174E+03	 1.30001275543134E-01
 1.96393843322177E+03	 2.21376152094821E-02
 1.96394117112180E+03	-6.32206726731184E-02
 1.96394390902183E+03	-1.25494506947390E-01
 1.96394664692186E+03	-1.71066286428756E-01
 1.96394938482190E+03	-1.94518306961752E-01
 1.96395212272193E+03	-1.82247629015472E-01
 1.96395486062196E+03	-1.32074001457107E-01
 1.96395759852199E+03	-6.19952128909974E-02
 1.96396033642202E+03	 5.21983325232050E-03
 1.96396307432205E+03	 6.36927331556748E-02
 1.96396581222208E+03	 1.25664997921024E-01
 1.96396855012211E+03	 1.99781617921294E-01
 1.96397128802214E+03	 2.70078305329321E-01
 1.96397402592217E+03	 2.98417513698223E-01
 1.96397676382220E+03	 2.50202220970646E-01
 1.96397950172223E+03	 1.22370380614437E-01
 1.96398223962226E+03	-4.93827945434160E-02
 1.96398497752230E+03	-2.09469383220632E-01
 1.96398771542233E+03	-3.10051469913196E-01
 1.96399045332236E+03	-3.25685768673293E-01
 1.96399319122239E+03	-2.52407861352314E-01
 1.96399592912242E+03	-1.06155127149611E-01
 1.96399866702245E+03	 7.32076828362822E-02
 1.96400140492248E+03	 2.26211376514162E-01
 1.96400414282251E+03	 2.98396304125049E-01
 1.96400688072254E+03	 2.71560389940154E-01
 1.96400961862257E+03	 1.73339770030771E-01
 1.96401235652260E+03	 5.44784248747137E-02
 1.96401509442263E+03	-4.61998070102963E-02
 1.96401783232266E+03	-1.18643009889600E-01
 1.96402057022269E+03	-1.69414672132991E-01
 1.96402330812273E+03	-1.99043603037284E-01
 1.96402604602276E+03	-1.96188270570019E-01
 1.96402878392279E+03	-1.53881556681010E-01
 1.96403152182282E+03	-8.49369736423081E-02
 1.96403425972285E+03	-1.42449258677508E-02
 1.96403699762288E+03	 4.45672443862243E-02
 1.96403973552291E+03	 9.98585753591718E-02
 1.96404247342294E+03	 1.66299879234744E-01
 1.96404521132297E+03	 2.39397726807504E-01
 1.96404794922300E+03	 2.87333243597749E-01
 1.96405068712303E+03	 2.69902710767318E-01
 1.96405342502306E+03	 1.69535608593650E-01
 1.96405616292309E+03	 8.71651851798712E-03
 1.96405890082313E+03	-1.60417625890972E-01
 1.96406163872316E+03	-2.84060319427026E-01
 1.96406437662319E+03	-3.28145391248875E-01
 1.96406711452322E+03	-2.81736517833836E-01
 1.96406985242325E+03	-1.53791955990468E-01
 1.96407259032328E+03	 2.39811882095992E-02
 1.96407532822331E+03	 1.96176790988138E-01
 1.96407806612334E+03	 3.01424801159379E-01
 1.96408080402337E+03	 3.05110759285900E-01
 1.96408354192340E+03	 2.20097346122055E-01
 1.96408627982343E+03	 9.47368060297457E-02
 1.96408901772346E+03	-2.21326057850664E-02
 1.96409175562349E+03	-1.08386192778215E-01
 1.96409449352353E+03	-1.66740402414518E-01
 1.96409723142356E+03	-2.02382297444475E-01
 1.96409996932359E+03	-2.08362174796131E-01
 1.96410270722362E+03	-1.75073597133895E-01
 1.96410544512365E+03	-1.09194936733793E-01
 1.96410818302368E+03	-3.48938408266344E-02
 1.96411092092371E+03	 2.72289390840514E-02
 1.96411365882374E+03	 7.87421898460288E-02
 1.96411639672377E+03	 1.36531656019819E-01
 1.96411913462380E+03	 2.06856334370513E-01
 1.96412187252383E+03	 2.67635982929008E-01
 1.96412461042386E+03	 2.77878672901691E-01
 1.96412734832389E+03	 2.07784794828652E-01
 1.96413008622392E+03	 6.46868206221732E-02
 1.96413282412396E+03	-1.06862747040554E-01
 1.96413556202399E+03	-2.49828033281973E-01
 1.96413829992402E+03	-3.21577086623833E-01
 1.96414103782405E+03	-3.03503953561657E-01
 1.96414377572408E+03	-1.97888824233556E-01
 1.96414651362411E+03	-2.82900001232315E-02
 1.96414925152414E+03	 1.56516761604803E-01
 1.96415198942417E+03	 2.92586792762272E-01
 1.96415472732420E+03	 3.31070534549439E-01
 1.96415746522423E+03	 2.67432138089656E-01
 1.96416020312426E+03	 1.42106295133781E-01
 1.96416294102429E+03	 1.02522521544328E-02
 1.96416567892432E+03	-9.28874352125494E-02
 1.96416841682436E+03	-1.62103509349864E-01
 1.96417115472439E+03	-2.04563736815382E-01
 1.96417389262442E+03	-2.18802042396449E-01
 1.96417663052445E+03	-1.95191871757991E-01
 1.96417936842448E+03	-1.34519468502506E-01
 1.96418210632451E+03	-5.75836184685932E-02
 1.96418484422454E+03	 1.00250136691076E-02
 1.96418758212457E+03	 6.13776952927131E-02
 1.96419032002460E+03	 1.11497894557667E-01
 1.96419305792463E+03	 1.75102580342738E-01
 1.96419579582466E+03	 2.41854543620940E-01
 1.96419853372469E+03	 2.74799672506747E-01
 1.96420127162472E+03	 2.35581097157634E-01
 1.96420400952476E+03	 1.15962051010785E-01
 1.96420674742479E+03	-5.08770876354011E-02
 1.96420948532482E+03	-2.08283850833332E-01
 1.96421222322485E+03	-3.05981181717648E-01
 1.96421496112488E+03	-3.16952783356225E-01
 1.96421769902491E+03	-2.36760360017182E-01
 1.96422043692494E+03	-8.12759978002107E-02
 1.96422317482497E+03	 1.08896041552058E-01
 1.96422591272500E+03	 2.71398560481081E-01
 1.96422865062503E+03	 3.46690619990117E-01
 1.96423138852506E+03	 3.12003696330252E-01
 1.96423412642509E+03	 1.94798611529922E-01
 1.96423686432512E+03	 5.15200331543869E-02
 1.96423960222516E+03	-7.03022389991247E-02
 1.96424234012519E+03	-1.54094966885760E-01
 1.96424507802522E+03	-2.05276773376890E-01
 1.96424781592525E+03	-2.27567830247230E-01
 1.96425055382528E+03	-2.13847055834750E-01
 1.96425329172531E+03	-1.60393705919540E-01
 1.96425602962534E+03	-8.27098465053831E-02
 1.96425876752537E+03	-8.59036570021380E-03
 1.96426150542540E+03	 4.62776739640440E-02
 1.96426424332543E+03	 9.13506669003224E-02
 1.96426698122546E+03	 1.46282620365462E-01
 1.96426971912549E+03	 2.12792095625187E-01
 1.96427245702552E+03	 2.62168025485727E-01
 1.96427519492555E+03	 2.52145790020740E-01
 1.96427793282559E+03	 1.60181827778022E-01
 1.96428067072562E+03	 5.17681858313159E-03
 1.96428340862565E+03	-1.60750951013482E-01
 1.96428614652568E+03	-2.81636807769508E-01
 1.96428888442571E+03	-3.21593752367250E-01
 1.96429162232574E+03	-2.69031333238416E-01
 1.96429436022577E+03	-1.32711299601083E-01
 1.96429709812580E+03	 5.54854481788941E-02
 1.96429983602583E+03	 2.38287234007745E-01
 1.96430257392586E+03	 3.49869759230891E-01
 1.96430531182589E+03	 3.50290694329869E-01
 1.96430804972592E+03	 2.50122912931098E-01
 1.96431078762595E+03	 1.01316733731161E-01
 1.96431352552599E+03	-3.90742908217733E-02
 1.96431626342602E+03	-1.40956702733307E-01
 1.96431900132605E+03	-2.03771605568891E-01
 1.96432173922608E+03	-2.34627159668530E-01
 1.96432447712611E+03	-2.30754579019178E-01
 1.96432721502614E+03	-1.86156364822109E-01
 1.96432995292617E+03	-1.10198680032464E-01
 1.96433269082620E+03	-2.98389112713690E-02
 1.96433542872623E+03	 3.16553896772641E-02
 1.96433816662626E+03	 7.54140930225324E-02
 1.96434090452629E+03	 1.21815327323276E-01
 1.96434364242632E+03	 1.83214305876073E-01
 1.96434638032635E+03	 2.42166047160630E-01
 1.96434911822639E+03	 2.57558899550712E-01
 1.96435185612642E+03	 1.95415682989773E-01
 1.96435459402645E+03	 5.87887660010246E-02
 1.96435733192648E+03	-1.08948235138061E-01
 1.96436006982651E+03	-2.49138916669834E-01
 1.96436280772654E+03	-3.17191796101250E-01
 1.96436554562657E+03	-2.93646762477223E-01
 1.96436828352660E+03	-1.80538167216996E-01
 1.96437102142663E+03	-1.24811869317293E-03
 1.96437375932666E+03	 1.94534069036140E-01
 1.96437649722669E+03	 3.39373878532663E-01
 1.96437923512672E+03	 3.78944497699033E-01
 1.96438197302675E+03	 3.04684570034552E-01
 1.96438471092678E+03	 1.58254457131970E-01
 1.96438744882682E+03	 1.76184969143345E-03
 1.96439018672685E+03	-1.20792067995547E-01
 1.96439292462688E+03	-1.98832456087492E-01
 1.96439566252691E+03	-2.39718852004271E-01
 1.96439840042694E+03	-2.45711450243680E-01
 1.96440113832697E+03	-2.11120430732949E-01
 1.96440387622700E+03	-1.39570684632932E-01
 1.96440661412703E+03	-5.44671971170856E-02
 1.96440935202706E+03	 1.56990602939087E-02
 1.96441208992709E+03	 6.23290970527268E-02
 1.96441482782712E+03	 1.02259474785100E-01
 1.96441756572715E+03	 1.55539338851143E-01
 1.96442030362718E+03	 2.17419246550137E-01
 1.96442304152722E+03	 2.52768731234859E-01
 1.96442577942725E+03	 2.20365598591331E-01
 1.96442851732728E+03	 1.07489500177015E-01
 1.96443125522731E+03	-5.49477179119123E-02
 1.96443399312734E+03	-2.09437858473816E-01
 1.96443673102737E+03	-3.03766873314407E-01
 1.96443946892740E+03	-3.09855700415639E-01
 1.96444220682743E+03	-2.23001834149302E-01
 1.96444494472746E+03	-5.87575468017236E-02
 1.96444768262749E+03	 1.42130489697990E-01
 1.96445042052752E+03	 3.14958379651537E-01
 1.96445315842755E+03	 3.95134513720960E-01
 1.96445589632758E+03	 3.54683728613199E-01
 1.96445863422762E+03	 2.19919910321719E-01
 1.96446137212765E+03	 5.23169807884632E-02
 1.96446411002768E+03	-9.18446850717943E-02
 1.96446684792771E+03	-1.88841175461245E-01
 1.96446958582774E+03	-2.42232918983949E-01
 1.96447232372777E+03	-2.58518329644420E-01
 1.96447506162780E+03	-2.34659755546200E-01
 1.96447779952783E+03	-1.70055736321144E-01
 1.96448053742786E+03	-8.26782836899352E-02
 1.96448327532789E+03	-3.16877657472040E-03
 1.96448601322792E+03	 5.02806020298822E-02
 1.96448875112795E+03	 8.72906001662609E-02
 1.96449148902798E+03	 1.31569398472671E-01
 1.96449422692801E+03	 1.90701689341244E-01
 1.96449696482805E+03	 2.39501757896653E-01
 1.96449970272808E+03	 2.34516440477696E-01
 1.96450244062811E+03	 1.49066693846233E-01
 1.96450517852814E+03	-1.07889853152286E-03
 1.96450791642817E+03	-1.63865835871801E-01
 1.96451065432820E+03	-2.81613124191008E-01
 1.96451339222823E+03	-3.17184632174651E-01
 1.96451613012826E+03	-2.58695413254904E-01
 1.96451886802829E+03	-1.14609115913678E-01
 1.96452160592832E+03	 8.35706792701049E-02
 1.96452434382835E+03	 2.77380552694820E-01
 1.96452708172838E+03	 3.96841807941834E-01
 1.96452981962841E+03	 3.96279281637341E-01
 1.96453255752845E+03	 2.83014102045155E-01
 1.96453529542848E+03	 1.11665665507058E-01
 1.96453803332851E+03	-5.28095566241444E-02
 1.96454077122854E+03	-1.71936833763428E-01
 1.96454350912857E+03	-2.41140791212190E-01
 1.96454624702860E+03	-2.68864791046983E-01
 1.96454898492863E+03	-2.56244027827993E-01
 1.96455172282866E+03	-2.00729904557540E-01
 1.96455446072869E+03	-1.14147952438973E-01
 1.96455719862872E+03	-2.60823657473817E-02
 1.96455993652875E+03	 3.72743344984900E-02
 1.96456267442878E+03	 7.57902102603222E-02
 1.96456541232881E+03	 1.12299075903002E-01
 1.96456815022885E+03	 1.64619025590743E-01
 1.96457088812888E+03	 2.20077884304628E-01
 1.96457362602891E+03	 2.38208480752257E-01
 1.96457636392894E+03	 1.81781848765975E-01
 1.96457910182897E+03	 5.02195463945846E-02
 1.96458183972900E+03	-1.14133325430069E-01
 1.96458457762903E+03	-2.51332230206112E-01
 1.96458731552906E+03	-3.15415791311654E-01
 1.96459005342909E+03	-2.86561774258127E-01
 1.96459279132912E+03	-1.66632201191016E-01
 1.96459552922915E+03	 2.16119494428956E-02
 1.96459826712918E+03	 2.28304657571606E-01
 1.96460100502921E+03	 3.83064353350852E-01
 1.96460374292925E+03	 4.25973854768574E-01
 1.96460648082928E+03	 3.43612961460441E-01
 1.96460921872931E+03	 1.77780853739456E-01
 1.96461195662934E+03	-3.13140454490598E-03
 1.96461469452937E+03	-1.46259200440550E-01
 1.96461743242940E+03	-2.35003242920090E-01
 1.96462017032943E+03	-2.76206217994956E-01
 1.96462290822946E+03	-2.75415121286755E-01
 1.96462564612949E+03	-2.30643089723688E-01
 1.96462838402952E+03	-1.48113122496865E-01
 1.96463112192955E+03	-5.36006166906511E-02
 1.96463385982958E+03	 2.14238793235446E-02
 1.96463659772961E+03	 6.60344665637319E-02
 1.96463933562964E+03	 9.78261589219347E-02
 1.96464207352968E+03	 1.41309248400349E-01
 1.96464481142971E+03	 1.97149735148979E-01
 1.96464754932974E+03	 2.32615291000443E-01
 1.96465028722977E+03	 2.04557810680535E-01
 1.96465302512980E+03	 9.65901974036566E-02
 1.96465576302983E+03	-6.22813095621705E-02
 1.96465850092986E+03	-2.13869866404692E-01
 1.96466123882989E+03	-3.04581404585617E-01
 1.96466397672992E+03	-3.05866699544996E-01
 1.96466671462995E+03	-2.13013115422791E-01
 1.96466945252998E+03	-4.09636421465758E-02
 1.96467219043001E+03	 1.70116909488749E-01
 1.96467492833004E+03	 3.53909487913569E-01
 1.96467766623008E+03	 4.40971627463010E-01
 1.96468040413011E+03	 3.97521135576288E-01
 1.96468314203014E+03	 2.47603799480144E-01
 1.96468587993017E+03	 5.67568613131546E-02
 1.96468861783020E+03	-1.10247675006742E-01
 1.96469135573023E+03	-2.22071237326398E-01
 1.96469409363026E+03	-2.79665881186504E-01
 1.96469683153029E+03	-2.91712023909276E-01
 1.96469956943032E+03	-2.58910241876524E-01
 1.96470230733035E+03	-1.83508320132660E-01
 1.96470504523038E+03	-8.56647705000974E-02
 1.96470778313041E+03	 1.20810642056502E-03
 1.96471052103044E+03	 5.59556267681559E-02
 1.96471325893048E+03	 8.73770013721197E-02
 1.96471599683051E+03	 1.22200244621123E-01
 1.96471873473054E+03	 1.73396238175326E-01
 1.96472147263057E+03	 2.19622687349660E-01
 1.96472421053060E+03	 2.17107471054619E-01
 1.96472694843063E+03	 1.35969353236731E-01
 1.96472968633066E+03	-1.05816276943283E-02
 1.96473242423069E+03	-1.70539489660179E-01
 1.96473516213072E+03	-2.84977934801312E-01
 1.96473790003075E+03	-3.16161031041192E-01
 1.96474063793078E+03	-2.52332087290557E-01
 1.96474337583081E+03	-1.01556147735744E-01
 1.96474611373084E+03	 1.05679297420676E-01
 1.96474885163087E+03	 3.10564864168207E-01
 1.96475158953091E+03	 4.39463936313070E-01
 1.96475432743094E+03	 4.40677263919841E-01
 1.96475706533097E+03	 3.17249821420867E-01
 1.96475980323100E+03	 1.25297250224679E-01
 1.96476254113103E+03	-6.29546219486349E-02
 1.96476527903106E+03	-2.00478765557239E-01
 1.96476801693109E+03	-2.77994226898707E-01
 1.96477075483112E+03	-3.04564612575049E-01
 1.96477349273115E+03	-2.84748477877529E-01
 1.96477623063118E+03	-2.19119169525668E-01
 1.96477896853121E+03	-1.21643747251861E-01
 1.96478170643124E+03	-2.43352619619716E-02
 1.96478444433127E+03	 4.34394813182781E-02
 1.96478718223131E+03	 7.94429429564390E-02
 1.96478992013134E+03	 1.07856545991934E-01
 1.96479265803137E+03	 1.51208521872672E-01
 1.96479539593140E+03	 2.01618295514189E-01
 1.96479813383143E+03	 2.19980071587506E-01
 1.96480087173146E+03	 1.66794404644350E-01
 1.96480360963148E+03	 3.86131169024917E-02
 1.96480634753152E+03	-1.23016597420790E-01
 1.96480908543155E+03	-2.57196374903182E-01
 1.96481182333158E+03	-3.17248740750360E-01
 1.96481456123161E+03	-2.83552542871194E-01
 1.96481729913164E+03	-1.57900686520970E-01
 1.96482003703167E+03	 3.80580489647918E-02
 1.96482277493171E+03	 2.55155974677416E-01
 1.96482551283174E+03	 4.20807266820686E-01
 1.96482825073177E+03	 4.69560827969423E-01
 1.96483098863180E+03	 3.82331113424863E-01
 1.96483372653183E+03	 1.99800813107259E-01
 1.96483646443186E+03	-4.32551813584416E-03
 1.96483920233189E+03	-1.68509441247788E-01
 1.96484194023192E+03	-2.69609248616936E-01
 1.96484467813195E+03	-3.13185822335219E-01
 1.96484741603198E+03	-3.07455521507580E-01
 1.96485015393201E+03	-2.53721017816823E-01
 1.96485289183204E+03	-1.60450763503530E-01
 1.96485562973207E+03	-5.55032284228110E-02
 1.96485836763211E+03	 2.66174419935197E-02
 1.96486110553214E+03	 7.20088962727580E-02
 1.96486384343217E+03	 9.79362109443412E-02
 1.96486658133220E+03	 1.32408696465229E-01
 1.96486931923223E+03	 1.81214558508826E-01
 1.96487205713226E+03	 2.14511656473000E-01
 1.96487479503229E+03	 1.88176034839494E-01
 1.96487753293232E+03	 8.30584974908436E-02
 1.96488027083235E+03	-7.32895171710667E-02
 1.96488300873238E+03	-2.22157374791887E-01
 1.96488574663241E+03	-3.09173192406029E-01
 1.96488848453244E+03	-3.05979350846506E-01
 1.96489122243247E+03	-2.08155213896626E-01
 1.96489396033250E+03	-2.97363854018290E-02
 1.96489669823254E+03	 1.90513623226525E-01
 1.96489943613257E+03	 3.85573012287962E-01
 1.96490217403260E+03	 4.81549516343519E-01
 1.96490491193263E+03	 4.38360598774990E-01
 1.96490764983266E+03	 2.76584798210197E-01
 1.96491038773269E+03	 6.46007946807241E-02
 1.96491312563272E+03	-1.24903193360278E-01
 1.96491586353275E+03	-2.52728247616961E-01
 1.96491860143278E+03	-3.16495283238570E-01
 1.96492133933281E+03	-3.26339074757866E-01
 1.96492407723284E+03	-2.86176142587842E-01
 1.96492681513287E+03	-2.00703817356498E-01
 1.96492955303290E+03	-9.19170602023440E-02
 1.96493229093294E+03	 4.11361100721491E-03
 1.96493502883297E+03	 6.28423971073234E-02
 1.96493776673300E+03	 9.12639960046944E-02
 1.96494050463303E+03	 1.18038870139181E-01
 1.96494324253306E+03	 1.60938543767247E-01
 1.96494598043309E+03	 2.02679209643698E-01
 1.96494871833312E+03	 2.00007068480604E-01
 1.96495145623315E+03	 1.20825218263157E-01
 1.96495419413318E+03	-2.35594211769812E-02
 1.96495693203321E+03	-1.81135147237192E-01
 1.96495966993324E+03	-2.92226404776133E-01
 1.96496240783327E+03	-3.19206170197821E-01
 1.96496514573330E+03	-2.50923997783922E-01
 1.96496788363334E+03	-9.49657472345026E-02
 1.96497062153337E+03	 1.19886138509302E-01
 1.96497335943340E+03	 3.35466072339870E-01
 1.96497609733343E+03	 4.75182226845857E-01
 1.96497883523346E+03	 4.81188393735568E-01
 1.96498157313349E+03	 3.51244854928615E-01
 1.96498431103352E+03	 1.41609991656662E-01
 1.96498704893355E+03	-6.91586787663387E-02
 1.96498978683358E+03	-2.25584578592913E-01
 1.96499252473361E+03	-3.13104321092347E-01
 1.96499526263364E+03	-3.40619189441247E-01
 1.96499800053367E+03	-3.15473504907561E-01
 1.96500073843370E+03	-2.40896904552106E-01
 1.96500347633373E+03	-1.32601037337236E-01
 1.96500621423377E+03	-2.47850939219417E-02
 1.96500895213380E+03	 4.98031624514888E-02
 1.96501169003383E+03	 8.60110384376518E-02
 1.96501442793386E+03	 1.08249065398466E-01
 1.96501716583389E+03	 1.42927988746662E-01
 1.96501990373392E+03	 1.86871908585214E-01
 1.96502264163395E+03	 2.02986584101669E-01
 1.96502537953398E+03	 1.50496728569666E-01
 1.96502811743401E+03	 2.39085047937046E-02
 1.96503085533404E+03	-1.35752922410907E-01
 1.96503359323407E+03	-2.66977548114236E-01
 1.96503633113410E+03	-3.23070965180883E-01
 1.96503906903413E+03	-2.85228733083885E-01
 1.96504180693417E+03	-1.55314384493652E-01
 1.96504454483420E+03	 4.66368866921160E-02
 1.96504728273423E+03	 2.73127269911180E-01
 1.96505002063426E+03	 4.50295486178006E-01
 1.96505275853429E+03	 5.07416761677697E-01
 1.96505549643432E+03	 4.19034739237907E-01
 1.96505823433435E+03	 2.23371557728351E-01
 1.96506097223438E+03	-1.78308115407421E-03
 1.96506371013441E+03	-1.86706038074876E-01
 1.96506644803444E+03	-3.01382644235763E-01
 1.96506918593447E+03	-3.49333913949205E-01
 1.96507192383450E+03	-3.40708701619383E-01
 1.96507466173453E+03	-2.79549382218777E-01
 1.96507739963457E+03	-1.76129628272928E-01
 1.96508013753460E+03	-6.00550724190036E-02
 1.96508287543463E+03	 3.11308521695978E-02
 1.96508561333466E+03	 7.99565118152948E-02
 1.96508835123469E+03	 1.02299681176459E-01
 1.96509108913472E+03	 1.28673579316053E-01
 1.96509382703475E+03	 1.69605553924666E-01
 1.96509656493478E+03	 1.98548732931467E-01
 1.96509930283481E+03	 1.71327892087091E-01
 1.96510204073484E+03	 6.69706641376857E-02
 1.96510477863487E+03	-8.79356908465075E-02
 1.96510751653490E+03	-2.34309119901675E-01
 1.96511025443493E+03	-3.17633494193707E-01
 1.96511299233496E+03	-3.10447116726740E-01
 1.96511573023500E+03	-2.08964006350237E-01
 1.96511846813503E+03	-2.60330022920659E-02
 1.96512120603506E+03	 2.01849949971864E-01
 1.96512394393509E+03	 4.08018354445979E-01
 1.96512668183512E+03	 5.14741444780419E-01
 1.96512941973515E+03	 4.75309851319463E-01
 1.96513215763518E+03	 3.05643480661591E-01
 1.96513489553521E+03	 7.55552534745411E-02
 1.96513763343524E+03	-1.35217433928952E-01
 1.96514037133527E+03	-2.79612580689923E-01
 1.96514310923530E+03	-3.51280656673297E-01
 1.96514584713533E+03	-3.61015991954354E-01
 1.96514858503536E+03	-3.15307618942073E-01
 1.96515132293540E+03	-2.20812263105647E-01
 1.96515406083543E+03	-1.00962272689565E-01
 1.96515679873546E+03	 5.67274371196744E-03
 1.96515953663549E+03	 7.07953763010625E-02
 1.96516227453552E+03	 9.86786193081222E-02
 1.96516501243555E+03	 1.18842226456189E-01
 1.96516775033558E+03	 1.53215556218661E-01
 1.96517048823561E+03	 1.88698988218528E-01
 1.96517322613564E+03	 1.83337712997242E-01
 1.96517596403567E+03	 1.03806253827685E-01
 1.96517870193570E+03	-3.98127333901966E-02
 1.96518143983573E+03	-1.95444030030548E-01
 1.96518417773576E+03	-3.03180345096241E-01
 1.96518691563580E+03	-3.26242078152384E-01
 1.96518965353583E+03	-2.54596655186232E-01
 1.96519239143586E+03	-9.53036570145768E-02
 1.96519512933589E+03	 1.25251625492601E-01
 1.96519786723592E+03	 3.50630207115585E-01
 1.96520060513595E+03	 5.02176743426745E-01
 1.96520334303598E+03	 5.15980758456857E-01
 1.96520608093601E+03	 3.83605615332202E-01
 1.96520881883604E+03	 1.60004683394787E-01
 1.96521155673607E+03	-7.11212175909205E-02
 1.96521429463610E+03	-2.46219861920603E-01
 1.96521703253613E+03	-3.45021154772230E-01
 1.96521977043616E+03	-3.75476224958223E-01
 1.96522250833620E+03	-3.46984704832887E-01
 1.96522524623623E+03	-2.64880552376381E-01
 1.96522798413626E+03	-1.46176608086629E-01
 1.96523072203629E+03	-2.69771620182528E-02
 1.96523345993632E+03	 5.64501966600161E-02
 1.96523619783635E+03	 9.53174112973616E-02
 1.96523893573638E+03	 1.13205726152537E-01
 1.96524167363641E+03	 1.39568320237165E-01
 1.96524441153644E+03	 1.75774232658627E-01
 1.96524714943647E+03	 1.87316575626188E-01
 1.96524988733650E+03	 1.33106714165803E-01
 1.96525262523653E+03	 6.42817188279705E-03
 1.96525536313656E+03	-1.51945452716021E-01
 1.96525810103659E+03	-2.80253687300375E-01
 1.96526083893663E+03	-3.32503219041553E-01
 1.96526357683666E+03	-2.91341580248836E-01
 1.96526631473669E+03	-1.58875963075589E-01
 1.96526905263672E+03	 4.69455816535002E-02
 1.96527179053675E+03	 2.81304237122058E-01
 1.96527452843678E+03	 4.70137318633223E-01
 1.96527726633681E+03	 5.37920238617141E-01
 1.96528000423684E+03	 4.52286006412075E-01
 1.96528274213687E+03	 2.47654878370605E-01
 1.96528548003690E+03	 4.49136422688703E-03
 1.96528821793693E+03	-2.00053669889446E-01
 1.96529095583696E+03	-3.28967238515551E-01
 1.96529369373699E+03	-3.83031742391016E-01
 1.96529643163703E+03	-3.73538343213095E-01
 1.96529916953706E+03	-3.06645000364233E-01
 1.96530190743709E+03	-1.93949245354547E-01
 1.96530464533712E+03	-6.64419939622246E-02
 1.96530738323715E+03	 3.53450564569395E-02
 1.96531012113718E+03	 8.98769875560144E-02
 1.96531285903721E+03	 1.10685081903579E-01
 1.96531559693724E+03	 1.29829626531002E-01
 1.96531833483727E+03	 1.62154993372723E-01
 1.96532107273730E+03	 1.84739704847379E-01
 1.96532381063733E+03	 1.54224188657877E-01
 1.96532654853736E+03	 4.87226982920107E-02
 1.96532928643739E+03	-1.05674279082701E-01
 1.96533202433743E+03	-2.49691397113711E-01
 1.96533476223746E+03	-3.29315845414371E-01
 1.96533750013749E+03	-3.18689780754057E-01
 1.96534023803752E+03	-2.15024819536947E-01
 1.96534297593755E+03	-2.97455935950000E-02
 1.96534571383758E+03	 2.03774295548530E-01
 1.96534845173761E+03	 4.20369120652804E-01
 1.96535118963764E+03	 5.39272803770857E-01
 1.96535392753767E+03	 5.07030142979833E-01
 1.96535666543770E+03	 3.33803952712329E-01
 1.96535940333773E+03	 8.93397588258530E-02
 1.96536214123776E+03	-1.40675968903621E-01
 1.96536487913779E+03	-3.01549491179972E-01
 1.96536761703782E+03	-3.82440277315107E-01
 1.96537035493786E+03	-3.94001345408809E-01
 1.96537309283789E+03	-3.44596529781580E-01
 1.96537583073792E+03	-2.42318710263742E-01
 1.96537856863795E+03	-1.11627093835988E-01
 1.96538130653798E+03	 6.60591566774608E-03
 1.96538404443801E+03	 8.00642042219064E-02
 1.96538678233804E+03	 1.09504964466129E-01
 1.96538952023807E+03	 1.24321711411265E-01
 1.96539225813810E+03	 1.49966300487149E-01
 1.96539499603813E+03	 1.77591936673393E-01
 1.96539773393816E+03	 1.67252848739200E-01
 1.96540047183819E+03	 8.53267536544123E-02
 1.96540320973822E+03	-5.86959481249855E-02
 1.96540594763826E+03	-2.12660476786192E-01
 1.96540868553829E+03	-3.16963658749132E-01
 1.96541142343832E+03	-3.36402910057158E-01
 1.96541416133835E+03	-2.62574188729499E-01
 1.96541689923838E+03	-1.02001899061278E-01
 1.96541963713841E+03	 1.21971567759054E-01
 1.96542237503844E+03	 3.55742207678024E-01
 1.96542511293847E+03	 5.19628387935926E-01
 1.96542785083850E+03	 5.43955711230766E-01
 1.96543058873853E+03	 4.13343212484401E-01
 1.96543332663856E+03	 1.79991931903410E-01
 1.96543606453859E+03	-6.86134879899342E-02
 1.96543880243862E+03	-2.61454055489535E-01
 1.96544154033866E+03	-3.72294070302576E-01
 1.96544427823869E+03	-4.07390616242633E-01
 1.96544701613872E+03	-3.77440990036534E-01
 1.96544975403875E+03	-2.89309188803679E-01
 1.96545249193878E+03	-1.60869089227706E-01
 1.96545522983881E+03	-2.98365892634476E-02
 1.96545796773884E+03	 6.39363675665161E-02
 1.96546070563887E+03	 1.07437596599629E-01
 1.96546344353890E+03	 1.22489100904808E-01
 1.96546618143893E+03	 1.40806679243120E-01
 1.96546891933896E+03	 1.68122289403352E-01
 1.96547165723899E+03	 1.73024784675225E-01
 1.96547439513902E+03	 1.15000636926465E-01
 1.96547713303905E+03	-1.31381327278351E-02
 1.96547987093909E+03	-1.70664095360954E-01
 1.96548260883912E+03	-2.95960691194688E-01
 1.96548534673915E+03	-3.44440637793158E-01
 1.96548808463918E+03	-3.00814339922427E-01
 1.96549082253921E+03	-1.67624589539047E-01
 1.96549356043924E+03	 3.96792669696748E-02
 1.96549629833927E+03	 2.79936462469197E-01
 1.96549903623930E+03	 4.80040065792237E-01
 1.96550177413933E+03	 5.60336113396582E-01
 1.96550451203936E+03	 4.81216858749200E-01
 1.96550724993939E+03	 2.72049595718334E-01
 1.96550998783942E+03	 1.44734248204023E-02
 1.96551272573945E+03	-2.07897284978692E-01
 1.96551546363949E+03	-3.51118707677778E-01
 1.96551820153952E+03	-4.12626787341824E-01
 1.96552093943955E+03	-4.04069822847898E-01
 1.96552367733958E+03	-3.33088461261091E-01
 1.96552641523961E+03	-2.12139404973556E-01
 1.96552915313964E+03	-7.32507273375982E-02
 1.96553189103967E+03	 4.01534137879238E-02
 1.96553462893970E+03	 1.02103046828168E-01
 1.96553736683973E+03	 1.22978520521104E-01
 1.96554010473976E+03	 1.35542076018623E-01
 1.96554284263979E+03	 1.58558067710268E-01
 1.96554558053982E+03	 1.73013685351638E-01
 1.96554831843985E+03	 1.37151382631668E-01
 1.96555105633989E+03	 2.89886144013298E-02
 1.96555379423992E+03	-1.25505622270966E-01
 1.96555653213995E+03	-2.67098679501936E-01
 1.96555927003998E+03	-3.42923114596045E-01
 1.96556200794001E+03	-3.29389524886111E-01
 1.96556474584004E+03	-2.25059243126246E-01
 1.96556748374007E+03	-3.97521229799353E-02
 1.96557022164010E+03	 1.97064619118630E-01
 1.96557295954013E+03	 4.22886627424453E-01
 1.96557569744016E+03	 5.54864801892722E-01
 1.96557843534019E+03	 5.32901960795615E-01
 1.96558117324022E+03	 3.60468927005191E-01
 1.96558391114025E+03	 1.05742265456536E-01
 1.96558664904029E+03	-1.40896608233992E-01
 1.96558938694032E+03	-3.17550531070359E-01
 1.96559212484035E+03	-4.08496351834730E-01
 1.96559486274038E+03	-4.23484364237588E-01
 1.96559760064041E+03	-3.72062856532174E-01
 1.96560033854044E+03	-2.63265632324799E-01
 1.96560307644047E+03	-1.22206175975852E-01
 1.96560581434050E+03	 8.14578835156772E-03
 1.96560855224053E+03	 9.12853565233104E-02
 1.96561129014056E+03	 1.23822528097618E-01
 1.96561402804059E+03	 1.34193350350113E-01
 1.96561676594062E+03	 1.50815440235013E-01
 1.96561950384065E+03	 1.69152965018987E-01
 1.96562224174068E+03	 1.51907439710104E-01
 1.96562497964072E+03	 6.59856905231673E-02
 1.96562771754075E+03	-7.92003378276824E-02
 1.96563045544078E+03	-2.31489793033481E-01
 1.96563319334081E+03	-3.32134477748888E-01
 1.96563593124084E+03	-3.48186346449047E-01
 1.96563866914087E+03	-2.73336535429075E-01
 1.96564140704090E+03	-1.13598464379641E-01
 1.96564414494093E+03	 1.11283598684397E-01
 1.96564688284096E+03	 3.51601470560644E-01
 1.96564962074099E+03	 5.27768091438932E-01
 1.96565235864102E+03	 5.64849608118025E-01
 1.96565509654105E+03	 4.39984751963833E-01
 1.96565783444108E+03	 2.01262112781438E-01
 1.96566057234112E+03	-6.14911316196694E-02
 1.96566331024115E+03	-2.70574641585331E-01
 1.96566604814118E+03	-3.93681061404394E-01
 1.96566878604121E+03	-4.34702074513053E-01
 1.96567152394124E+03	-4.04900637303219E-01
 1.96567426184127E+03	-3.12133642409160E-01
 1.96567699974130E+03	-1.74753235948772E-01
 1.96567973764133E+03	-3.18208447904158E-02
 1.96568247554136E+03	 7.32222744020841E-02
 1.96568521344139E+03	 1.22702222652928E-01
 1.96568795134142E+03	 1.35933473259255E-01
 1.96569068924145E+03	 1.46245344997293E-01
 1.96569342714148E+03	 1.63588188348410E-01
 1.96569616504152E+03	 1.60107948883286E-01
 1.96569890294155E+03	 9.66488357459070E-02
 1.96570164084158E+03	-3.38357372966032E-02
 1.96570437874161E+03	-1.90582897337906E-01
 1.96570711664164E+03	-3.12561613179442E-01
 1.96570985454167E+03	-3.57249085022155E-01
 1.96571259244170E+03	-3.11956454200511E-01
 1.96571533034173E+03	-1.79850011079798E-01
 1.96571806824176E+03	 2.64440129833253E-02
 1.96572080614179E+03	 2.70306532258647E-01
 1.96572354404182E+03	 4.80754278190573E-01
 1.96572628194185E+03	 5.74832114575574E-01
 1.96572901984188E+03	 5.05590080215222E-01
 1.96573175774191E+03	 2.96251955178180E-01
 1.96573449564195E+03	 2.81316185512090E-02
 1.96573723354198E+03	-2.09790652781693E-01
 1.96573997144201E+03	-3.66866563105325E-01
 1.96574270934204E+03	-4.36678108418583E-01
 1.96574544724207E+03	-4.30490721145009E-01
 1.96574818514210E+03	-3.56839381037991E-01
 1.96575092304213E+03	-2.28645771098140E-01
 1.96575366094216E+03	-7.86871831418025E-02
 1.96575639884219E+03	 4.68309078393688E-02
 1.96575913674222E+03	 1.17253598108304E-01
 1.96576187464225E+03	 1.39195575712448E-01
 1.96576461254228E+03	 1.45449765886397E-01
 1.96576735044231E+03	 1.58394421053116E-01
 1.96577008834235E+03	 1.63200648438039E-01
 1.96577282624238E+03	 1.20408435512560E-01
 1.96577556414241E+03	 8.60741228192717E-03
 1.96577830204244E+03	-1.46134874540428E-01
 1.96578103994247E+03	-2.84952090308791E-01
 1.96578377784250E+03	-3.56739158847366E-01
 1.96578651574253E+03	-3.40748758613249E-01
 1.96578925364256E+03	-2.37197077688407E-01
 1.96579199154259E+03	-5.41808573887267E-02
 1.96579472944262E+03	 1.83401331135976E-01
 1.96579746734265E+03	 4.16808654165742E-01
 1.96580020524268E+03	 5.62152965285872E-01
 1.96580294314271E+03	 5.53013325976068E-01
 1.96580568104275E+03	 3.85444853583972E-01
 1.96580841894278E+03	 1.24635986086749E-01
 1.96581115684281E+03	-1.35663272185670E-01
 1.96581389474284E+03	-3.26925979624831E-01
 1.96581663264287E+03	-4.28273883973491E-01
 1.96581937054290E+03	-4.47857676667828E-01
 1.96582210844293E+03	-3.95770835841707E-01
 1.96582484634296E+03	-2.81569887006657E-01
 1.96582758424299E+03	-1.30735357306060E-01
 1.96583032214302E+03	 1.18416455023296E-02
 1.96583306004305E+03	 1.05376458326371E-01
 1.96583579794308E+03	 1.41877704142823E-01
 1.96583853584311E+03	 1.48194357195780E-01
 1.96584127374314E+03	 1.55295666249672E-01
 1.96584401164318E+03	 1.63056009206467E-01
 1.96584674954321E+03	 1.37401521367071E-01
 1.96584948744324E+03	 4.64510884564239E-02
 1.96585222534327E+03	-1.00126443456436E-01
 1.96585496324330E+03	-2.50368485892111E-01
 1.96585770114333E+03	-3.46943600707570E-01
 1.96586043904336E+03	-3.59743083334971E-01
 1.96586317694339E+03	-2.84932631459541E-01
 1.96586591484342E+03	-1.28059776808714E-01
 1.96586865274345E+03	 9.51610079086383E-02
 1.96587139064348E+03	 3.39864162656390E-01
 1.96587412854351E+03	 5.27694158299623E-01
 1.96587686644354E+03	 5.79134106826449E-01
 1.96587960434358E+03	 4.63540007499404E-01
 1.96588234224361E+03	 2.23682007320584E-01
 1.96588508014364E+03	-4.97116278962823E-02
 1.96588781804367E+03	-2.73157313284730E-01
 1.96589055594370E+03	-4.08295769070391E-01
 1.96589329384373E+03	-4.56063780192286E-01
 1.96589603174376E+03	-4.27615633518497E-01
 1.96589876964379E+03	-3.31341987727155E-01
 1.96590150754382E+03	-1.85791174298264E-01
 1.96590424544385E+03	-3.11732808147683E-02
 1.96590698334388E+03	 8.55051393604393E-02
 1.96590972124391E+03	 1.41616837070451E-01
 1.96591245914394E+03	 1.53430374575553E-01
 1.96591519704398E+03	 1.55424672917897E-01
 1.96591793494401E+03	 1.61718382349136E-01
 1.96592067284404E+03	 1.48457659173631E-01
 1.96592341074407E+03	 7.85042159977362E-02
 1.96592614864410E+03	-5.46229945150459E-02
 1.96592888654413E+03	-2.10214690308629E-01
 1.96593162444416E+03	-3.28324439448583E-01
 1.96593436234419E+03	-3.69076281670123E-01
 1.96593710024422E+03	-3.22802991973431E-01
 1.96593983814425E+03	-1.93453080498033E-01
 1.96594257604428E+03	 9.39307900858852E-03
 1.96594531394431E+03	 2.54393053696521E-01
 1.96594805184434E+03	 4.73797079841466E-01
 1.96595078974438E+03	 5.82285468994978E-01
 1.96595352764441E+03	 5.25690487681914E-01
 1.96595626554444E+03	 3.20208926756265E-01
 1.96595900344447E+03	 4.54040573951661E-02
 1.96596174134450E+03	-2.05539334029432E-01
 1.96596447924453E+03	-3.75613057510312E-01
 1.96596721714456E+03	-4.54132567430100E-01
 1.96596995504459E+03	-4.51305345895244E-01
 1.96597269294462E+03	-3.76047807463256E-01
 1.96597543084465E+03	-2.41458293160928E-01
 1.96597816874468E+03	-8.08744264351489E-02
 1.96598090664471E+03	 5.68065425429334E-02
 1.96598364454474E+03	 1.36095379580950E-01
 1.96598638244477E+03	 1.59423822570593E-01
 1.96598912034481E+03	 1.59156815661216E-01
 1.96599185824484E+03	 1.61125513505721E-01
 1.96599459614487E+03	 1.54993017675722E-01
 1.96599733404490E+03	 1.04204282012591E-01
 1.96600007194493E+03	-1.15930624364774E-02
 1.96600280984496E+03	-1.66213727752366E-01
 1.96600554774499E+03	-3.01589822160776E-01
 1.96600828564502E+03	-3.68953640033703E-01
 1.96601102354505E+03	-3.50843542304563E-01
 1.96601376144508E+03	-2.49356574829972E-01
 1.96601649934511E+03	-7.08087534468989E-02
 1.96601923724514E+03	 1.64973724630993E-01
 1.96602197514517E+03	 4.03994920277720E-01
 1.96602471304521E+03	 5.62404782838448E-01
 1.96602745094524E+03	 5.67967348363458E-01
 1.96603018884527E+03	 4.08833658432396E-01
 1.96603292674530E+03	 1.45927704478613E-01
 1.96603566464533E+03	-1.24961792210821E-01
 1.96603840254536E+03	-3.29347499986048E-01
 1.96604114044539E+03	-4.41024867320695E-01
 1.96604387834542E+03	-4.65920922550622E-01
 1.96604661624545E+03	-4.14106895329571E-01
 1.96604935414548E+03	-2.95346245034967E-01
 1.96605209204551E+03	-1.35315692920532E-01
 1.96605482994554E+03	 1.92822038243566E-02
 1.96605756784557E+03	 1.23339365077548E-01
 1.96606030574561E+03	 1.63974897813533E-01
 1.96606304364564E+03	 1.66042052602248E-01
 1.96606578154567E+03	 1.62833939204667E-01
 1.96606851944570E+03	 1.58820821645399E-01
 1.96607125734573E+03	 1.23689204823272E-01
 1.96607399524576E+03	 2.72921941484385E-02
 1.96607673314579E+03	-1.20325499180616E-01
 1.96607947104582E+03	-2.67760882312190E-01
 1.96608220894585E+03	-3.59666688648070E-01
 1.96608494684588E+03	-3.69235065487209E-01
 1.96608768474591E+03	-2.95365253620938E-01
 1.96609042264594E+03	-1.43192046573667E-01
 1.96609316054597E+03	 7.58877637427569E-02
 1.96609589844600E+03	 3.22633709558412E-01
 1.96609863634604E+03	 5.21015300448902E-01
 1.96610137424607E+03	 5.87742109781904E-01
 1.96610411214610E+03	 4.84321302212909E-01
 1.96610685004613E+03	 2.47195893605687E-01
 1.96610958794616E+03	-3.33842990614699E-02
 1.96611232584619E+03	-2.69109886519783E-01
 1.96611506374622E+03	-4.15688177647936E-01
 1.96611780164625E+03	-4.70592138140730E-01
 1.96612053954628E+03	-4.44262516306845E-01
 1.96612327744631E+03	-3.45257894293891E-01
 1.96612601534634E+03	-1.92161565678406E-01
 1.96612875324637E+03	-2.62344249688875E-02
 1.96613149114640E+03	 1.01969531518875E-01
 1.96613422904644E+03	 1.64698406810768E-01
 1.96613696694647E+03	 1.74845586822796E-01
 1.96613970484650E+03	 1.67788402646286E-01
 1.96614244274653E+03	 1.61899811856786E-01
 1.96614518064656E+03	 1.37781081450386E-01
 1.96614791854659E+03	 6.08479748209573E-02
 1.96615065644662E+03	-7.46050459045532E-02
 1.96615339434665E+03	-2.28207222673057E-01
 1.96615613224668E+03	-3.41656242689000E-01
 1.96615887014671E+03	-3.78208433658775E-01
 1.96616160804674E+03	-3.31492994581722E-01
 1.96616434594677E+03	-2.06351826820680E-01
 1.96616708384680E+03	-9.20492318392969E-03
 1.96616982174684E+03	 2.34432582274074E-01
 1.96617255964687E+03	 4.61042584947935E-01
 1.96617529754690E+03	 5.83939227701016E-01
 1.96617803544693E+03	 5.42072357398874E-01
 1.96618077334696E+03	 3.43960102259374E-01
 1.96618351124699E+03	 6.61152768061426E-02
 1.96618624914702E+03	-1.95245736092839E-01
 1.96618898704705E+03	-3.77185126943184E-01
 1.96619172494708E+03	-4.64425798557797E-01
 1.96619446284711E+03	-4.65512187980178E-01
 1.96619720074714E+03	-3.89311502720469E-01
 1.96619993864717E+03	-2.48924827191173E-01
 1.96620267654720E+03	-7.81788778274663E-02
 1.96620541444723E+03	 7.13739757406701E-02
 1.96620815234727E+03	 1.59327711667561E-01
 1.96621089024730E+03	 1.83692794827178E-01
 1.96621362814733E+03	 1.76168288668561E-01
 1.96621636604736E+03	 1.66052988243754E-01
 1.96621910394739E+03	 1.47876104630425E-01
 1.96622184184742E+03	 8.85207876983449E-02
 1.96622457974745E+03	-3.10150976415482E-02
 1.96622731764748E+03	-1.84628806641173E-01
 1.96623005554751E+03	-3.15597840847328E-01
 1.96623279344754E+03	-3.78012507209856E-01
 1.96623553134757E+03	-3.57988270678536E-01
 1.96623826924760E+03	-2.59631688056899E-01
 1.96624100714763E+03	-8.74788900818489E-02
 1.96624374504767E+03	 1.44039970329720E-01
 1.96624648294770E+03	 3.86491477836479E-01
 1.96624922084773E+03	 5.57126704441487E-01
 1.96625195874776E+03	 5.78566543157486E-01
 1.96625469664779E+03	 4.30812454421367E-01
 1.96625743454782E+03	 1.69428244727873E-01
 1.96626017244785E+03	-1.09044737870186E-01
 1.96626291034788E+03	-3.24889358550631E-01
 1.96626564824791E+03	-4.46492135608212E-01
 1.96626838614794E+03	-4.77006243402155E-01
 1.96627112404797E+03	-4.25986311250203E-01
 1.96627386194800E+03	-3.03187736790998E-01
 1.96627659984803E+03	-1.34434157786937E-01
 1.96627933774807E+03	 3.17830452088979E-02
 1.96628207564810E+03	 1.46002090085524E-01
 1.96628481354813E+03	 1.90299504080319E-01
 1.96628755144816E+03	 1.87333879929619E-01
 1.96629028934819E+03	 1.72694947313690E-01
 1.96629302724822E+03	 1.55749448772905E-01
 1.96629576514825E+03	 1.10460800877917E-01
 1.96629850304828E+03	 8.78179405245653E-03
 1.96630124094831E+03	-1.38972213168774E-01
 1.96630397884834E+03	-2.82480222363741E-01
 1.96630671674837E+03	-3.68944768942161E-01
 1.96630945464840E+03	-3.75182437234722E-01
 1.96631219254843E+03	-3.02950922970067E-01
 1.96631493044847E+03	-1.57028141222740E-01
 1.96631766834850E+03	 5.56403348840020E-02
 1.96632040624853E+03	 3.02026874635690E-01
 1.96632314414856E+03	 5.09434075402240E-01
 1.96632588204859E+03	 5.91706993043924E-01
 1.96632861994862E+03	 5.02667713803085E-01
 1.96633135784865E+03	 2.71644608509046E-01
 1.96633409574868E+03	-1.28689150409473E-02
 1.96633683364871E+03	-2.58720698117580E-01
 1.96633957154874E+03	-4.15887111249835E-01
 1.96634230944877E+03	-4.77948536110548E-01
 1.96634504734880E+03	-4.54096035959060E-01
 1.96634778524883E+03	-3.52775104512049E-01
 1.96635052314886E+03	-1.92555838349634E-01
 1.96635326104890E+03	-1.57583627696907E-02
 1.96635599894893E+03	 1.23500543183858E-01
 1.96635873684896E+03	 1.92256976383383E-01
 1.96636147474899E+03	 1.99881498162696E-01
 1.96636421264902E+03	 1.82606428213925E-01
 1.96636695054905E+03	 1.63297853521396E-01
 1.96636968844908E+03	 1.27502454643277E-01
 1.96637242634911E+03	 4.36187036046162E-02
 1.96637516424914E+03	-9.32827272205431E-02
 1.96637790214917E+03	-2.43647280639096E-01
 1.96638064004920E+03	-3.51429406168949E-01
 1.96638337794923E+03	-3.83397139763183E-01
 1.96638611584926E+03	-3.36597880237030E-01
 1.96638885374930E+03	-2.16827479284722E-01
 1.96639159164933E+03	-2.73438128390414E-02
 1.96639432954936E+03	 2.12512831565005E-01
 1.96639706744939E+03	 4.44309545032962E-01
 1.96639980534942E+03	 5.81020573550808E-01
 1.96640254324945E+03	 5.55243595739267E-01
 1.96640528114948E+03	 3.67409483420205E-01
 1.96640801904951E+03	 8.98370704812221E-02
 1.96641075694954E+03	-1.79379105097911E-01
 1.96641349484957E+03	-3.71872255234114E-01
 1.96641623274960E+03	-4.67533270884440E-01
 1.96641897064963E+03	-4.72709063912171E-01
 1.96642170854966E+03	-3.95858401661644E-01
 1.96642444644970E+03	-2.50007716397218E-01
 1.96642718434973E+03	-6.95110890062432E-02
 1.96642992224976E+03	 9.13935108414135E-02
 1.96643266014979E+03	 1.87333720983858E-01
 1.96643539804982E+03	 2.11801392923198E-01
 1.96643813594985E+03	 1.95789073980332E-01
 1.96644087384988E+03	 1.72253593462985E-01
 1.96644361174991E+03	 1.41047701044523E-01
 1.96644634964994E+03	 7.29726931628062E-02
 1.96644908754997E+03	-4.95080164965249E-02
 1.96645182545000E+03	-2.00780221570369E-01
 1.96645456335003E+03	-3.26116155090286E-01
 1.96645730125006E+03	-3.82922800780352E-01
 1.96646003915009E+03	-3.61031450295075E-01
 1.96646277705013E+03	-2.66592519772399E-01
 1.96646551495016E+03	-1.02425736461573E-01
 1.96646825285019E+03	 1.22567901354152E-01
 1.96647099075022E+03	 3.66148779908650E-01
 1.96647372865025E+03	 5.47688473837000E-01
 1.96647646655028E+03	 5.85479029297000E-01
 1.96647920445031E+03	 4.51370914533868E-01
 1.96648194235034E+03	 1.94674536976249E-01
 1.96648468025037E+03	-8.85312101664361E-02
 1.96648741815040E+03	-3.14076081396555E-01
 1.96649015605043E+03	-4.44944777222410E-01
 1.96649289395046E+03	-4.81044748819082E-01
 1.96649563185049E+03	-4.30984155015016E-01
 1.96649836975053E+03	-3.04372887147214E-01
 1.96650110765056E+03	-1.27231765472858E-01
 1.96650384555059E+03	 5.00963261459289E-02
 1.96650658345062E+03	 1.73754561465917E-01
 1.96650932135065E+03	 2.20717884245197E-01
 1.96651205925068E+03	 2.11422681351260E-01
 1.96651479715071E+03	 1.83909582681505E-01
 1.96651753505074E+03	 1.52861623259569E-01
 1.96652027295077E+03	 9.70359515404007E-02
 1.96652301085080E+03	-9.28136707597772E-03
 1.96652574875083E+03	-1.55808339274089E-01
 1.96652848665086E+03	-2.93967499950150E-01
 1.96653122455089E+03	-3.74063776775356E-01
 1.96653396245093E+03	-3.76726857961289E-01
 1.96653670035096E+03	-3.06574374344917E-01
 1.96653943825099E+03	-1.68094749657927E-01
 1.96654217615102E+03	 3.61897546255286E-02
 1.96654491405105E+03	 2.79843823184882E-01
 1.96654765195108E+03	 4.94403341151184E-01
 1.96655038985111E+03	 5.91836309489173E-01
 1.96655312775114E+03	 5.18667727024821E-01
 1.96655586565117E+03	 2.96559118853164E-01
 1.96655860355120E+03	 1.10943619366459E-02
 1.96656134145123E+03	-2.42725362871884E-01
 1.96656407935126E+03	-4.09433976161551E-01
 1.96656681725129E+03	-4.78379983924410E-01
 1.96656955515132E+03	-4.57034850147332E-01
 1.96657229305136E+03	-3.53511849595034E-01
 1.96657503095139E+03	-1.86400931029071E-01
 1.96657776885142E+03	 8.22633344384183E-04
 1.96658050675145E+03	 1.50421401818501E-01
 1.96658324465148E+03	 2.24179918245651E-01
 1.96658598255151E+03	 2.27932969518932E-01
 1.96658872045154E+03	 1.98895388637673E-01
 1.96659145835157E+03	 1.64804845643926E-01
 1.96659419625160E+03	 1.16689966337990E-01
 1.96659693415163E+03	 2.62798994432472E-02
 1.96659967205166E+03	-1.10751725264933E-01
 1.96660240995169E+03	-2.56302974621333E-01
 1.96660514785172E+03	-3.57230753850139E-01
 1.96660788575176E+03	-3.84089975249981E-01
 1.96661062365179E+03	-3.37332040860126E-01
 1.96661336155182E+03	-2.23733462957732E-01
 1.96661609945185E+03	-4.35100321909674E-02
 1.96661883735188E+03	 1.90309541759945E-01
 1.96662157525191E+03	 4.25071865641190E-01
 1.96662431315194E+03	 5.74447313295883E-01
 1.96662705105197E+03	 5.65397287554486E-01
 1.96662978895200E+03	 3.90107806831847E-01
 1.96663252685203E+03	 1.15736166800419E-01
 1.96663526475206E+03	-1.58863687676694E-01
 1.96663800265209E+03	-3.60468607362131E-01
 1.96664074055212E+03	-4.63998129386228E-01
 1.96664347845216E+03	-4.73143710254584E-01
 1.96664621635219E+03	-3.95650643417953E-01
 1.96664895425222E+03	-2.44453973802237E-01
 1.96665169215225E+03	-5.45498191646265E-02
 1.96665443005228E+03	 1.17049194217751E-01
 1.96665716795231E+03	 2.19963539763914E-01
 1.96665990585234E+03	 2.43162327734297E-01
 1.96666264375237E+03	 2.17037781176372E-01
 1.96666538165240E+03	 1.78538534274243E-01
 1.96666811955243E+03	 1.33377639605030E-01
 1.96667085745246E+03	 5.67238443262233E-02
 1.96667359535249E+03	-6.75144903944090E-02
 1.96667633325252E+03	-2.14777239085416E-01
 1.96667907115256E+03	-3.33050152134149E-01
 1.96668180905259E+03	-3.83448439896673E-01
 1.96668454695262E+03	-3.59525021044316E-01
 1.96668728485265E+03	-2.69439821353777E-01
 1.96669002275268E+03	-1.14437675398562E-01
 1.96669276065271E+03	 1.02045787072622E-01
 1.96669549855274E+03	 3.44401567282396E-01
 1.96669823645277E+03	 5.35084056886739E-01
 1.96670097435280E+03	 5.89002986165559E-01
 1.96670371225283E+03	 4.70103901955740E-01
 1.96670645015286E+03	 2.20769672865357E-01
 1.96670918805289E+03	-6.45110762869323E-02
 1.96671192595292E+03	-2.97937028121662E-01
 1.96671466385295E+03	-4.37203596992022E-01
 1.96671740175299E+03	-4.78593577590049E-01
 1.96672013965302E+03	-4.29395981448348E-01
 1.96672287755305E+03	-2.98981927033382E-01
 1.96672561545308E+03	-1.13676791120200E-01
 1.96672835335311E+03	 7.42032630176714E-02
 1.96673109125314E+03	 2.06346769138066E-01
 1.96673382915317E+03	 2.54621486011990E-01
 1.96673656705320E+03	 2.37327995665697E-01
 1.96673930495323E+03	 1.95243878780589E-01
 1.96674204285326E+03	 1.48884743721148E-01
 1.96674478075329E+03	 8.23296961829090E-02
 1.96674751865332E+03	-2.76596888888624E-02
 1.96675025655335E+03	-1.71281881298473E-01
 1.96675299445339E+03	-3.02455845672187E-01
 1.96675573235342E+03	-3.75110976478392E-01
 1.96675847025345E+03	-3.73760857708621E-01
 1.96676120815348E+03	-3.05793774576524E-01
 1.96676394605351E+03	-1.75512164957957E-01
 1.96676668395354E+03	 1.87860917444018E-02
 1.96676942185357E+03	 2.57424770360483E-01
 1.96677215975360E+03	 4.76956898937884E-01
 1.96677489765363E+03	 5.88530054923502E-01
 1.96677763555366E+03	 5.31984661921156E-01
 1.96678037345369E+03	 3.21012341850572E-01
 1.96678311135372E+03	 3.72768927538614E-02
 1.96678584925375E+03	-2.22370844022702E-01
 1.96678858715379E+03	-3.97411399072970E-01
 1.96679132505382E+03	-4.72732977714738E-01
 1.96679406295385E+03	-4.53688478570935E-01
 1.96679680085388E+03	-3.47876758755407E-01
 1.96679953875391E+03	-1.73976707946984E-01
 1.96680227665394E+03	 2.32384114051525E-02
 1.96680501455397E+03	 1.82322061272361E-01
 1.96680775245400E+03	 2.59788798884153E-01
 1.96681049035403E+03	 2.58002893370687E-01
 1.96681322825406E+03	 2.15397578156696E-01
 1.96681596615409E+03	 1.65057610420022E-01
 1.96681870405412E+03	 1.04070236985698E-01
 1.96682144195415E+03	 7.79549834035684E-03
 1.96682417985418E+03	-1.27777043100735E-01
 1.96682691775422E+03	-2.66731319459458E-01
 1.96682965565425E+03	-3.59471609556845E-01
 1.96683239355428E+03	-3.80518707607298E-01
 1.96683513145431E+03	-3.33613401322994E-01
 1.96683786935434E+03	-2.26539967963619E-01
 1.96684060725437E+03	-5.67305044320987E-02
 1.96684334515440E+03	 1.69019399023175E-01
 1.96684608305443E+03	 4.04366265765423E-01
 1.96684882095446E+03	 5.64714816535162E-01
 1.96685155885449E+03	 5.72289829529243E-01
 1.96685429675452E+03	 4.11136963199182E-01
 1.96685703465455E+03	 1.42479405302935E-01
 1.96685977255458E+03	-1.35142688513175E-01
 1.96686251045462E+03	-3.44304229269958E-01
 1.96686524835465E+03	-4.54938636327468E-01
 1.96686798625468E+03	-4.67716787123617E-01
 1.96687072415471E+03	-3.89407399385859E-01
 1.96687346205474E+03	-2.32857149178870E-01
 1.96687619995477E+03	-3.38460655899325E-02
 1.96687893785480E+03	 1.47721123914191E-01
 1.96688167575483E+03	 2.56417513532025E-01
 1.96688441365486E+03	 2.76730976630307E-01
 1.96688715155489E+03	 2.38637945173187E-01
 1.96688988945492E+03	 1.83495735744106E-01
 1.96689262735495E+03	 1.23467071002544E-01
 1.96689536525498E+03	 3.85253161941334E-02
 1.96689810315502E+03	-8.60748910083860E-02
 1.96690084105505E+03	-2.27480019615093E-01
 1.96690357895508E+03	-3.37125727756246E-01
 1.96690631685511E+03	-3.80153271267538E-01
 1.96690905475514E+03	-3.53742642134346E-01
 1.96691179265517E+03	-2.68002053479673E-01
 1.96691453055520E+03	-1.22846755134545E-01
 1.96691726845523E+03	 8.34844629769619E-02
 1.96692000635526E+03	 3.22252604028553E-01
 1.96692274425529E+03	 5.19894198755291E-01
 1.96692548215532E+03	 5.89011750816816E-01
 1.96692822005535E+03	 4.86147303574636E-01
 1.96693095795538E+03	 2.46320414194322E-01
 1.96693369585541E+03	-3.85941332227646E-02
 1.96693643375545E+03	-2.78033264176317E-01
 1.96693917165548E+03	-4.24643761242216E-01
 1.96694190955551E+03	-4.70822591260309E-01
 1.96694464745554E+03	-4.22226309764140E-01
 1.96694738535557E+03	-2.87907651077587E-01
 1.96695012325560E+03	-9.46102930373556E-02
 1.96695286115563E+03	 1.03239840489309E-01
 1.96695559905566E+03	 2.42810903347937E-01
 1.96695833695569E+03	 2.90879273369570E-01
 1.96696107485572E+03	 2.63743801667709E-01
 1.96696381275575E+03	 2.05263940172659E-01
 1.96696655065578E+03	 1.42352750171782E-01
 1.96696928855581E+03	 6.49496083045539E-02
 1.96697202645585E+03	-4.76095016175972E-02
 1.96697476435588E+03	-1.86516392739429E-01
 1.96697750225591E+03	-3.08962061983409E-01
 1.96698024015594E+03	-3.72966474737669E-01
 1.96698297805597E+03	-3.66903145887496E-01
 1.96698571595600E+03	-3.00796111407797E-01
 1.96698845385603E+03	-1.78936452551293E-01
 1.96699119175606E+03	 4.21835608993623E-03
 1.96699392965609E+03	 2.35701664193990E-01
 1.96699666755612E+03	 4.57746139762094E-01
 1.96699940545615E+03	 5.81799219663616E-01
 1.96700214335618E+03	 5.41857549484261E-01
 1.96700488125621E+03	 3.43606657382848E-01
 1.96700761915625E+03	 6.39443347617604E-02
 1.96701035705628E+03	-1.99425972759836E-01
 1.96701309495631E+03	-3.81437019738055E-01
 1.96701583285634E+03	-4.62427595425205E-01
 1.96701857075637E+03	-4.45319511190085E-01
 1.96702130865640E+03	-3.37035917497372E-01
 1.96702404655643E+03	-1.56404732365776E-01
 1.96702678445646E+03	 5.03653558153047E-02
 1.96702952235649E+03	 2.18030465299185E-01
 1.96703226025652E+03	 2.97825733414977E-01
 1.96703499815655E+03	 2.88732285060387E-01
 1.96703773605658E+03	 2.30667692854775E-01
 1.96704047395661E+03	 1.62570007328656E-01
 1.96704321185665E+03	 8.81777884211141E-02
 1.96704594975668E+03	-1.32343372735206E-02
 1.96704868765671E+03	-1.45687161413668E-01
 1.96705142555674E+03	-2.76199202102674E-01
 1.96705416345677E+03	-3.59320357192042E-01
 1.96705690135680E+03	-3.73627938553820E-01
 1.96705963925683E+03	-3.25979790479814E-01
 1.96706237715686E+03	-2.25237596652163E-01
 1.96706511505689E+03	-6.64680419469327E-02
 1.96706785295692E+03	 1.49466479034110E-01
 1.96707059085695E+03	 3.82893827047506E-01
 1.96707332875698E+03	 5.51985911924222E-01
 1.96707606665701E+03	 5.75312959047150E-01
 1.96707880455704E+03	 4.29160568299436E-01
 1.96708154245708E+03	 1.68264879874922E-01
 1.96708428035711E+03	-1.10157481168341E-01
 1.96708701825714E+03	-3.25220898964172E-01
 1.96708975615717E+03	-4.42008524346766E-01
 1.96709249405720E+03	-4.57923333850866E-01
 1.96709523195723E+03	-3.78536113543247E-01
 1.96709796985726E+03	-2.16594665207335E-01
 1.96710070775729E+03	-8.77915390771173E-03
 1.96710344565732E+03	 1.82012593845196E-01
 1.96710618355735E+03	 2.95275683465613E-01
 1.96710892145738E+03	 3.11064538475668E-01
 1.96711165935741E+03	 2.59127210268677E-01
 1.96711439725744E+03	 1.85650327190535E-01
 1.96711713515748E+03	 1.09841339878712E-01
 1.96711987305751E+03	 1.69124326773582E-02
 1.96712261095754E+03	-1.06648492542680E-01
 1.96712534885757E+03	-2.40346512998947E-01
 1.96712808675760E+03	-3.39756244738989E-01
 1.96713082465763E+03	-3.74277375983003E-01
 1.96713356255766E+03	-3.44556163952786E-01
 1.96713630045769E+03	-2.62606380451678E-01
 1.96713903835772E+03	-1.27391477158446E-01
 1.96714177625775E+03	 6.75630555003957E-02
 1.96714451415778E+03	 3.00424287696013E-01
 1.96714725205781E+03	 5.02437523120940E-01
 1.96714998995784E+03	 5.85094484055719E-01
 1.96715272785788E+03	 4.98297575656021E-01
 1.96715546575791E+03	 2.69529220055352E-01
 1.96715820365794E+03	-1.28430310344363E-02
 1.96716094155797E+03	-2.56403073894226E-01
 1.96716367945800E+03	-4.09135542071759E-01
 1.96716641735803E+03	-4.59436801877896E-01
 1.96716915525806E+03	-4.11090936577508E-01
 1.96717189315809E+03	-2.72748631528256E-01
 1.96717463105812E+03	-7.16459184070646E-02
 1.96717736895815E+03	 1.35582610892630E-01
 1.96718010685818E+03	 2.81540923996430E-01
 1.96718284475821E+03	 3.27932694403764E-01
 1.96718558265824E+03	 2.89172164932836E-01
 1.96718832055827E+03	 2.12519582655571E-01
 1.96719105845831E+03	 1.31832389700066E-01
 1.96719379635834E+03	 4.34430697268089E-02
 1.96719653425837E+03	-7.06366913885564E-02
 1.96719927215840E+03	-2.03085167777576E-01
 1.96720201005843E+03	-3.15084069347554E-01
 1.96720474795846E+03	-3.69121263175309E-01
 1.96720748585849E+03	-3.57331435183163E-01
 1.96721022375852E+03	-2.92237399125128E-01
 1.96721296165855E+03	-1.78398502529486E-01
 1.96721569955858E+03	-7.01534780351419E-03
 1.96721843745861E+03	 2.15382159166132E-01
 1.96722117535864E+03	 4.37236017877178E-01
 1.96722391325867E+03	 5.71464247003414E-01
 1.96722665115871E+03	 5.47287043878955E-01
 1.96722938905874E+03	 3.62632744775336E-01
 1.96723212695877E+03	 8.89819076121114E-02
 1.96723486485880E+03	-1.76083459163686E-01
 1.96723760275883E+03	-3.63575240554666E-01
 1.96724034065886E+03	-4.49358468169684E-01
 1.96724307855889E+03	-4.33721337111153E-01
 1.96724581645892E+03	-3.22769614402254E-01
 1.96724855435895E+03	-1.35497938717292E-01
 1.96725129225898E+03	 8.03696425583421E-02
 1.96725403015901E+03	 2.55746110259699E-01
 1.96725676805904E+03	 3.36589993062314E-01
 1.96725950595907E+03	 3.18561447044164E-01
 1.96726224385911E+03	 2.43276380236740E-01
 1.96726498175914E+03	 1.55982722531008E-01
 1.96726771965917E+03	 6.76391868958416E-02
 1.96727045755920E+03	-3.82754070154962E-02
 1.96727319545923E+03	-1.66082514875009E-01
 1.96727593335926E+03	-2.86411900596646E-01
 1.96727867125929E+03	-3.58458102128514E-01
 1.96728140915932E+03	-3.64859184856339E-01
 1.96728414705935E+03	-3.15396492667810E-01
 1.96728688495938E+03	-2.20157150347260E-01
 1.96728962285941E+03	-7.24384873566824E-02
 1.96729236075944E+03	 1.32301116756234E-01
 1.96729509865947E+03	 3.61241106715733E-01
 1.96729783655950E+03	 5.36329609029986E-01
 1.96730057445954E+03	 5.73734890986697E-01
 1.96730331235957E+03	 4.42647282532387E-01
 1.96730605025960E+03	 1.91011440493293E-01
 1.96730878815963E+03	-8.61950914470545E-02
 1.96731152605966E+03	-3.05444035279209E-01
 1.96731426395969E+03	-4.27270566800426E-01
 1.96731700185972E+03	-4.45706946187342E-01
 1.96731973975975E+03	-3.64959250019201E-01
 1.96732247765978E+03	-1.97635072269540E-01
 1.96732521555981E+03	 1.86393491760684E-02
 1.96732795345984E+03	 2.17938099501631E-01
 1.96733069135987E+03	 3.34680046068917E-01
 1.96733342925990E+03	 3.44514165530684E-01
 1.96733616715994E+03	 2.77079286749474E-01
 1.96733890505997E+03	 1.83729376565727E-01
 1.96734164296000E+03	 9.12567439266987E-02
 1.96734438086003E+03	-9.45974319510082E-03
 1.96734711876006E+03	-1.30768773484247E-01
 1.96734985666009E+03	-2.55098295664735E-01
 1.96735259456012E+03	-3.42735520254830E-01
 1.96735533246015E+03	-3.67468047454968E-01
 1.96735807036018E+03	-3.33206205479956E-01
 1.96736080826021E+03	-2.53879104700920E-01
 1.96736354616024E+03	-1.28028162386002E-01
 1.96736628406027E+03	 5.48283321728035E-02
 1.96736902196030E+03	 2.79584978956026E-01
 1.96737175986034E+03	 4.83028010974568E-01
 1.96737449776037E+03	 5.76834244781580E-01
 1.96737723566040E+03	 5.05288626461345E-01
 1.96737997356043E+03	 2.88446280093463E-01
 1.96738271146046E+03	 1.04398982146026E-02
 1.96738544936049E+03	-2.35384324498358E-01
 1.96738818726052E+03	-3.92882552499247E-01
 1.96739092516055E+03	-4.46504798900302E-01
 1.96739366306058E+03	-3.98017904060360E-01
 1.96739640096061E+03	-2.55581926429824E-01
 1.96739913886064E+03	-4.69280826583177E-02
 1.96740187676067E+03	 1.69088182357131E-01
 1.96740461466070E+03	 3.20521979932599E-01
 1.96740735256074E+03	 3.64021838055194E-01
 1.96741009046077E+03	 3.12163679456780E-01
 1.96741282836080E+03	 2.15817556541499E-01
 1.96741556626083E+03	 1.16239085617848E-01
 1.96741830416086E+03	 1.66527400768215E-02
 1.96742104206089E+03	-9.81159768652143E-02
 1.96742377996092E+03	-2.22626631655637E-01
 1.96742651786095E+03	-3.22636307667753E-01
 1.96742925576098E+03	-3.65353670465679E-01
 1.96743199366101E+03	-3.46511269443202E-01
 1.96743473156104E+03	-2.81020095452874E-01
 1.96743746946107E+03	-1.74111216179330E-01
 1.96744020736110E+03	-1.45172966726738E-02
 1.96744294526113E+03	 1.97164147436104E-01
 1.96744568316117E+03	 4.15959100669319E-01
 1.96744842106120E+03	 5.57447171855233E-01
 1.96745115896123E+03	 5.47347408676542E-01
 1.96745389686126E+03	 3.76373986357455E-01
 1.96745663476129E+03	 1.10167328508106E-01
 1.96745937266132E+03	-1.54726791031187E-01
 1.96746211056135E+03	-3.46132356851026E-01
 1.96746484846138E+03	-4.35692971754088E-01
 1.96746758636141E+03	-4.20994913138520E-01
 1.96747032426144E+03	-3.07217318909925E-01
 1.96747306216147E+03	-1.13481482082841E-01
 1.96747580006150E+03	 1.10992307837966E-01
 1.96747853796153E+03	 2.93315242542650E-01
 1.96748127586157E+03	 3.74200036745858E-01
 1.96748401376160E+03	 3.45990044387281E-01
 1.96748675166163E+03	 2.52088021475969E-01
 1.96748948956166E+03	 1.44376906300924E-01
 1.96749222746169E+03	 4.15307943696493E-02
 1.96749496536172E+03	-6.84628461977930E-02
 1.96749770326175E+03	-1.90418047737118E-01
 1.96750044116178E+03	-2.99102113360620E-01
 1.96750317906181E+03	-3.58703997820113E-01
 1.96750591696184E+03	-3.55835053178831E-01
 1.96750865486187E+03	-3.03005270553421E-01
 1.96751139276190E+03	-2.11769541465125E-01
 1.96751413066193E+03	-7.44322601485140E-02
 1.96751686856197E+03	 1.18190967384794E-01
 1.96751960646200E+03	 3.40111221595260E-01
 1.96752234436203E+03	 5.18003148532034E-01
 1.96752508226206E+03	 5.67023742461587E-01
 1.96752782016209E+03	 4.50209645183617E-01
 1.96753055806212E+03	 2.08682471131801E-01
 1.96753329596215E+03	-6.55997069105557E-02
 1.96753603386218E+03	-2.87329531862439E-01
 1.96753877176221E+03	-4.12959389323639E-01
 1.96754150966224E+03	-4.33211640519479E-01
 1.96754424756227E+03	-3.50836557705476E-01
 1.96754698546230E+03	-1.78230115946956E-01
 1.96754972336233E+03	 4.60882318555980E-02
 1.96755246126236E+03	 2.53240019369634E-01
 1.96755519916240E+03	 3.72632398690025E-01
 1.96755793706243E+03	 3.75506130404684E-01
 1.96756067496246E+03	 2.91384797924937E-01
 1.96756341286249E+03	 1.76965116690218E-01
 1.96756615076252E+03	 6.70447857920524E-02
 1.96756888866255E+03	-4.14248421368171E-02
 1.96757162656258E+03	-1.59614627870710E-01
 1.96757436446261E+03	-2.73280338902976E-01
 1.96757710236264E+03	-3.47821427992973E-01
 1.96757984026267E+03	-3.61420455363171E-01
 1.96758257816270E+03	-3.21018074693147E-01
 1.96758531606273E+03	-2.42532206674747E-01
 1.96758805396276E+03	-1.24762046983135E-01
 1.96759079186280E+03	 4.58573261062077E-02
 1.96759352976283E+03	 2.60543021126939E-01
 1.96759626766286E+03	 4.62225027838639E-01
 1.96759900556289E+03	 5.64117194718254E-01
 1.96760174346292E+03	 5.06141347210913E-01
 1.96760448136295E+03	 3.01327402543195E-01
 1.96760721926297E+03	 2.90491037849436E-02
 1.96760995716301E+03	-2.17312572404027E-01
 1.96761269506304E+03	-3.78145398309695E-01
 1.96761543296307E+03	-4.34183768221213E-01
 1.96761817086310E+03	-3.85150115757486E-01
 1.96762090876313E+03	-2.38634116617577E-01
 1.96762364666316E+03	-2.27810921891193E-02
 1.96762638456320E+03	 2.01444504210446E-01
 1.96762912246323E+03	 3.57661621033333E-01
 1.96763186036326E+03	 3.97488579907553E-01
 1.96763459826329E+03	 3.31601781848410E-01
 1.96763733616332E+03	 2.14509775623072E-01
 1.96764007406335E+03	 9.51553824756180E-02
 1.96764281196338E+03	-1.59164683824525E-02
 1.96764554986341E+03	-1.30873998640773E-01
 1.96764828776344E+03	-2.46396628734563E-01
 1.96765102566347E+03	-3.33207209663192E-01
 1.96765376356350E+03	-3.63333291551714E-01
 1.96765650146353E+03	-3.35877222542818E-01
 1.96765923936356E+03	-2.68059549716697E-01
 1.96766197726359E+03	-1.66303327853934E-01
 1.96766471516363E+03	-1.78541435463852E-02
 1.96766745306366E+03	 1.81885834691421E-01
 1.96767019096369E+03	 3.94716973949668E-01
 1.96767292886372E+03	 5.40042541367420E-01
 1.96767566676375E+03	 5.41520246562486E-01
 1.96767840466378E+03	 3.83475499889552E-01
 1.96768114256381E+03	 1.25540315355990E-01
 1.96768388046384E+03	-1.37585500274623E-01
 1.96768661836387E+03	-3.31340668485405E-01
 1.96768935626390E+03	-4.23567756381072E-01
 1.96769209416393E+03	-4.09233303438221E-01
 1.96769483206396E+03	-2.92534101268774E-01
 1.96769756996399E+03	-9.26230717150379E-02
 1.96770030786403E+03	 1.39926281494166E-01
 1.96770304576406E+03	 3.28590433602392E-01
 1.96770578366409E+03	 4.08918114135192E-01
 1.96770852156412E+03	 3.69866290943694E-01
 1.96771125946415E+03	 2.56532780620100E-01
 1.96771399736418E+03	 1.27558962060227E-01
 1.96771673526421E+03	 9.70510322127548E-03
 1.96771947316424E+03	-1.04218536344542E-01
 1.96772221106427E+03	-2.19572409596584E-01
 1.96772494896430E+03	-3.15582225288634E-01
 1.96772768686433E+03	-3.61595506815558E-01
 1.96773042476436E+03	-3.48009160625146E-01
 1.96773316266439E+03	-2.89865993285226E-01
 1.96773590056443E+03	-2.00513551852066E-01
 1.96773863846446E+03	-7.21975698200901E-02
 1.96774137636449E+03	 1.07927955579633E-01
 1.96774411426452E+03	 3.20467558161522E-01
 1.96774685216455E+03	 4.97665537551270E-01
 1.96774959006458E+03	 5.55139735449167E-01
 1.96775232796461E+03	 4.50957735070096E-01
 1.96775506586464E+03	 2.19667042168954E-01
 1.96775780376467E+03	-5.03978881283570E-02
 1.96776054166470E+03	-2.73012976065400E-01
 1.96776327956473E+03	-4.01149890030990E-01
 1.96776601746476E+03	-4.22449381674188E-01
 1.96776875536479E+03	-3.38211892140892E-01
 1.96777149326483E+03	-1.60535250265995E-01
 1.96777423116486E+03	 7.13293668121868E-02
 1.96777696906489E+03	 2.85769150270955E-01
 1.96777970696492E+03	 4.07337820743834E-01
 1.96778244486495E+03	 4.02837217013228E-01
 1.96778518276498E+03	 3.01508629546063E-01
 1.96778792066501E+03	 1.65342950655176E-01
 1.96779065856504E+03	 3.73868154235837E-02
 1.96779339646507E+03	-7.89761510264723E-02
 1.96779613436510E+03	-1.93620878220135E-01
 1.96779887226513E+03	-2.95832465819840E-01
 1.96780161016516E+03	-3.56311398241281E-01
 1.96780434806519E+03	-3.57505920622549E-01
 1.96780708596522E+03	-3.09118172858897E-01
 1.96780982386526E+03	-2.29177043022658E-01
 1.96781256176529E+03	-1.17538967905785E-01
 1.96781529966532E+03	 4.13288001868990E-02
 1.96781803756535E+03	 2.44332130071966E-01
 1.96782077546538E+03	 4.40977934151116E-01
 1.96782351336541E+03	 5.47361862853380E-01
 1.96782625126544E+03	 5.00475231733920E-01
 1.96782898916547E+03	 3.07001233290760E-01
 1.96783172706550E+03	 4.12615507943706E-02
 1.96783446496553E+03	-2.04145955989765E-01
 1.96783720286556E+03	-3.66885954846034E-01
 1.96783994076559E+03	-4.24371861194307E-01
 1.96784267866562E+03	-3.74386605285639E-01
 1.96784541656566E+03	-2.23899988314681E-01
 1.96784815446569E+03	-1.31115724962640E-03
 1.96785089236572E+03	 2.30563012445210E-01
 1.96785363026575E+03	 3.91147170774641E-01
 1.96785636816578E+03	 4.27078377870860E-01
 1.96785910606581E+03	 3.46948370195028E-01
 1.96786184396584E+03	 2.08705656604529E-01
 1.96786458186587E+03	 6.90486013375665E-02
 1.96786731976590E+03	-5.38359258839535E-02
 1.96787005766593E+03	-1.68862864272783E-01
 1.96787279556596E+03	-2.74884393317290E-01
 1.96787553346599E+03	-3.47753156671369E-01
 1.96787827136602E+03	-3.64243461813746E-01
 1.96788100926606E+03	-3.26529590176932E-01
 1.96788374716609E+03	-2.54079093720170E-01
 1.96788648506612E+03	-1.55108327191629E-01
 1.96788922296615E+03	-1.65085588386604E-02
 1.96789196086618E+03	 1.70560131065396E-01
 1.96789469876621E+03	 3.74653316699574E-01
 1.96789743666624E+03	 5.20069576180209E-01
 1.96790017456627E+03	 5.29940807397077E-01
 1.96790291246630E+03	 3.83270725691459E-01
 1.96790565036633E+03	 1.33775564180220E-01
 1.96790838826636E+03	-1.26352112698177E-01
 1.96791112616639E+03	-3.20987224267089E-01
 1.96791386406642E+03	-4.14729935267427E-01
 1.96791660196645E+03	-4.00161260881445E-01
 1.96791933986649E+03	-2.80514407390093E-01
 1.96792207776652E+03	-7.48398492186926E-02
 1.96792481566655E+03	 1.65209521552463E-01
 1.96792755356658E+03	 3.59794455505013E-01
 1.96793029146661E+03	 4.39456675467624E-01
 1.96793302936664E+03	 3.89623937573154E-01
 1.96793576726667E+03	 2.56787535603640E-01
 1.96793850516670E+03	 1.06221567829735E-01
 1.96794124306673E+03	-2.70229342552476E-02
 1.96794398096676E+03	-1.45004311217372E-01
 1.96794671886679E+03	-2.53531827664582E-01
 1.96794945676682E+03	-3.36381844342022E-01
 1.96795219466685E+03	-3.68025993925326E-01
 1.96795493256689E+03	-3.42355066443855E-01
 1.96795767046692E+03	-2.76734069711288E-01
 1.96796040836695E+03	-1.86673210223829E-01
 1.96796314626698E+03	-6.54009291177876E-02
 1.96796588416701E+03	 1.02425115576266E-01
 1.96796862206704E+03	 3.03541591232834E-01
 1.96797135996707E+03	 4.76447532785592E-01
 1.96797409786710E+03	 5.38699519160032E-01
 1.96797683576713E+03	 4.44760765199774E-01
 1.96797957366716E+03	 2.23114458704230E-01
 1.96798231156719E+03	-4.19286187307674E-02
 1.96798504946722E+03	-2.64036407335738E-01
 1.96798778736725E+03	-3.93394425148540E-01
 1.96799052526729E+03	-4.14942642047415E-01
 1.96799326316732E+03	-3.28648209818629E-01
 1.96799600106735E+03	-1.46230704262870E-01
 1.96799873896738E+03	 9.25907017681811E-02
 1.96800147686741E+03	 3.13845657126738E-01
 1.96800421476744E+03	 4.37511402229089E-01
 1.96800695266747E+03	 4.25904991398437E-01
 1.96800969056750E+03	 3.07645310565791E-01
 1.96801242846753E+03	 1.49710914786979E-01
 1.96801516636756E+03	 3.42443893850063E-03
 1.96801790426759E+03	-1.21109304408982E-01
 1.96802064216762E+03	-2.32248787842241E-01
 1.96802338006765E+03	-3.22794607535055E-01
 1.96802611796768E+03	-3.68718979176017E-01
 1.96802885586772E+03	-3.56470797201205E-01
 1.96803159376775E+03	-2.98201257623943E-01
 1.96803433166778E+03	-2.14186334226323E-01
 1.96803706956781E+03	-1.06201838139529E-01
 1.96803980746784E+03	 4.19992584995736E-02
 1.96804254536787E+03	 2.32167643055474E-01
 1.96804528326790E+03	 4.20618343944839E-01
 1.96804802116793E+03	 5.27593652533116E-01
 1.96805075906796E+03	 4.88686238630338E-01
 1.96805349696799E+03	 3.05140921620426E-01
 1.96805623486802E+03	 4.61699751891203E-02
 1.96805897276805E+03	-1.97107829074600E-01
 1.96806171066808E+03	-3.60411471874180E-01
 1.96806444856812E+03	-4.18360126240770E-01
 1.96806718646815E+03	-3.67034617611181E-01
 1.96806992436818E+03	-2.12786085786307E-01
 1.96807266226821E+03	 1.59555555032227E-02
 1.96807540016824E+03	 2.54925839295968E-01
 1.96807813806827E+03	 4.19745894865634E-01
 1.96808087596830E+03	 4.52163507912895E-01
 1.96808361386833E+03	 3.58379423371772E-01
 1.96808635176836E+03	 1.99338257192440E-01
 1.96808908966839E+03	 3.93106736558685E-02
 1.96809182756842E+03	-9.56877165022066E-02
 1.96809456546845E+03	-2.11029260489892E-01
 1.96809730336848E+03	-3.07605749159690E-01
 1.96810004126852E+03	-3.66337962479790E-01
 1.96810277916855E+03	-3.68511746681677E-01
 1.96810551706858E+03	-3.19005326441852E-01
 1.96810825496861E+03	-2.39459304982373E-01
 1.96811099286864E+03	-1.40508207769395E-01
 1.96811373076867E+03	-9.90736095502149E-03
 1.96811646866870E+03	 1.64297770102703E-01
 1.96811920656873E+03	 3.57181401122399E-01
 1.96812194446876E+03	 4.98858835476343E-01
 1.96812468236879E+03	 5.13481583685970E-01
 1.96812742026882E+03	 3.75970201333151E-01
 1.96813015816885E+03	 1.34455879474254E-01
 1.96813289606888E+03	-1.21861322891435E-01
 1.96813563396892E+03	-3.16079347717397E-01
 1.96813837186895E+03	-4.10207153944807E-01
 1.96814110976898E+03	-3.94810649609073E-01
 1.96814384766901E+03	-2.72265438831285E-01
 1.96814658556904E+03	-6.13675384675393E-02
 1.96814932346907E+03	 1.85547092522097E-01
 1.96815206136910E+03	 3.85804790154000E-01
 1.96815479926913E+03	 4.65191422400990E-01
 1.96815753716916E+03	 4.05402307072234E-01
 1.96816027506919E+03	 2.53808160143451E-01
 1.96816301296922E+03	 8.19229391436909E-02
 1.96816575086925E+03	-6.68970527439699E-02
 1.96816848876928E+03	-1.89293632347272E-01
 1.96817122666931E+03	-2.91285071482835E-01
 1.96817396456935E+03	-3.61071221663777E-01
 1.96817670246938E+03	-3.78029769685875E-01
 1.96817944036941E+03	-3.39159668158214E-01
 1.96818217826944E+03	-2.63906513276804E-01
 1.96818491616947E+03	-1.70306444580188E-01
 1.96818765406950E+03	-5.36460406664896E-02
 1.96819039196953E+03	 1.02626389533579E-01
 1.96819312986956E+03	 2.90714743180809E-01
 1.96819586776959E+03	 4.55861727809345E-01
 1.96819860566962E+03	 5.18964596428624E-01
 1.96820134356965E+03	 4.32340163574711E-01
 1.96820408146968E+03	 2.19127062045926E-01
 1.96820681936971E+03	-4.05802724409277E-02
 1.96820955726975E+03	-2.61052407634621E-01
 1.96821229516978E+03	-3.90422310252506E-01
 1.96821503306981E+03	-4.11430382990317E-01
 1.96821777096984E+03	-3.22937421077659E-01
 1.96822050886987E+03	-1.36230528173983E-01
 1.96822324676990E+03	 1.08852133565671E-01
 1.96822598466993E+03	 3.36517335814583E-01
 1.96822872256996E+03	 4.62575070800864E-01
 1.96823146046999E+03	 4.44813676338823E-01
 1.96823419837002E+03	 3.10726195821982E-01
 1.96823693627005E+03	 1.31710993123976E-01
 1.96823967417008E+03	-3.28373180958111E-02
 1.96824241207011E+03	-1.65892381923592E-01
 1.96824514997015E+03	-2.73988569045589E-01
 1.96824788787018E+03	-3.53229462387738E-01
 1.96825062577021E+03	-3.84634592178301E-01
 1.96825336367024E+03	-3.58273641683810E-01
 1.96825610157027E+03	-2.88388746610310E-01
 1.96825883947030E+03	-1.97612602751352E-01
 1.96826157737033E+03	-9.04928190292287E-02
 1.96826431527036E+03	 4.86171034085780E-02
 1.96826705317039E+03	 2.25304738360008E-01
 1.96826979107042E+03	 4.02712281676982E-01
 1.96827252897045E+03	 5.06346876647249E-01
 1.96827526687048E+03	 4.71940408481583E-01
 1.96827800477051E+03	 2.96362347005733E-01
 1.96828074267054E+03	 4.38688930538050E-02
 1.96828348057058E+03	-1.96447575535739E-01
 1.96828621847061E+03	-3.59116891106140E-01
 1.96828895637064E+03	-4.16577550828445E-01
 1.96829169427067E+03	-3.63562247868711E-01
 1.96829443217070E+03	-2.05867051627627E-01
 1.96829717007073E+03	 2.83126256493564E-02
 1.96829990797076E+03	 2.73806731885902E-01
 1.96830264587079E+03	 4.42977152013457E-01
 1.96830538377082E+03	 4.72832884182914E-01
 1.96830812167085E+03	 3.66773469024893E-01
 1.96831085957088E+03	 1.88060626156463E-01
 1.96831359747091E+03	 8.10060494739433E-03
 1.96831633537094E+03	-1.39221908392309E-01
 1.96831907327098E+03	-2.55421700686161E-01
 1.96832181117101E+03	-3.43132563367111E-01
 1.96832454907104E+03	-3.88085728345916E-01
 1.96832728697107E+03	-3.75711696436066E-01
 1.96833002487110E+03	-3.13167825987592E-01
 1.96833276277113E+03	-2.24157924157969E-01
 1.96833550067116E+03	-1.22318888186261E-01
 1.96833823857119E+03	 2.50944662970046E-03
 1.96834097647122E+03	 1.64163114861314E-01
 1.96834371437125E+03	 3.43801330752270E-01
 1.96834645227128E+03	 4.78084941066913E-01
 1.96834919017131E+03	 4.93652307281785E-01
 1.96835192807134E+03	 3.62659021452298E-01
 1.96835466597138E+03	 1.28166592638114E-01
 1.96835740387141E+03	-1.23924601799069E-01
 1.96836014177144E+03	-3.16644202854758E-01
 1.96836287967147E+03	-4.10101417991404E-01
 1.96836561757150E+03	-3.93322176634367E-01
 1.96836835547153E+03	-2.68016796229521E-01
 1.96837109337156E+03	-5.25751690644655E-02
 1.96837383127159E+03	 2.00484220884396E-01
 1.96837656917162E+03	 4.06291158018957E-01
 1.96837930707165E+03	 4.86229952066870E-01
 1.96838204497168E+03	 4.18018964886854E-01
 1.96838478287171E+03	 2.49202153333596E-01
 1.96838752077174E+03	 5.68850984228196E-02
 1.96839025867177E+03	-1.07447683945796E-01
 1.96839299657181E+03	-2.34772842059595E-01
 1.96839573447184E+03	-3.30958541706966E-01
 1.96839847237187E+03	-3.88315435483495E-01
 1.96840121027190E+03	-3.90765607973717E-01
 1.96840394817193E+03	-3.37964600986714E-01
 1.96840668607196E+03	-2.51160133158828E-01
 1.96840942397199E+03	-1.51221305608496E-01
 1.96841216187202E+03	-3.65209124752084E-02
 1.96841489977205E+03	 1.09377038831905E-01
 1.96841763767208E+03	 2.83324461387267E-01
 1.96842037557211E+03	 4.37588750506674E-01
 1.96842311347214E+03	 4.97662364854332E-01
 1.96842585137217E+03	 4.15169162389888E-01
 1.96842858927221E+03	 2.08755265686669E-01
 1.96843132717224E+03	-4.57127220148676E-02
 1.96843406507227E+03	-2.63694871599359E-01
 1.96843680297230E+03	-3.91992862297917E-01
 1.96843954087233E+03	-4.11725335581906E-01
 1.96844227877236E+03	-3.20968141211052E-01
 1.96844501667239E+03	-1.30557935097184E-01
 1.96844775457242E+03	 1.19961733369616E-01
 1.96845049247245E+03	 3.53652284673995E-01
 1.96845323037248E+03	 4.82697415464134E-01
 1.96845596827251E+03	 4.60330096734495E-01
 1.96845870617254E+03	 3.12276268534619E-01
 1.96846144407257E+03	 1.13548757898432E-01
 1.96846418197261E+03	-6.88096702894496E-02
 1.96846691987264E+03	-2.10744219824507E-01
 1.96846965777267E+03	-3.16590485111137E-01
 1.96847239567270E+03	-3.85378682779609E-01
 1.96847513357273E+03	-4.02801652197111E-01
 1.96847787147276E+03	-3.62096038183588E-01
 1.96848060937279E+03	-2.79204365239602E-01
 1.96848334727282E+03	-1.79169096966029E-01
 1.96848608517285E+03	-7.00815143049305E-02
 1.96848882307288E+03	 6.18178006836590E-02
 1.96849156097291E+03	 2.24854201791763E-01
 1.96849429887294E+03	 3.88824927587271E-01
 1.96849703677297E+03	 4.85428263075420E-01
 1.96849977467301E+03	 4.51987356651442E-01
 1.96850251257304E+03	 2.82120155469793E-01
 1.96850525047307E+03	 3.54367189166604E-02
 1.96850798837310E+03	-2.01394250400079E-01
 1.96851072627313E+03	-3.62407284861071E-01
 1.96851346417316E+03	-4.18510392766209E-01
 1.96851620207319E+03	-3.63528115442772E-01
 1.96851893997322E+03	-2.02825589942983E-01
 1.96852167787325E+03	 3.59261397209165E-02
 1.96852441577328E+03	 2.87309626829736E-01
 1.96852715367331E+03	 4.61114415716500E-01
 1.96852989157334E+03	 4.89826880074568E-01
 1.96853262947337E+03	 3.73556227543251E-01
 1.96853536737340E+03	 1.76999371434660E-01
 1.96853810527344E+03	-2.19677933654925E-02
 1.96854084317347E+03	-1.81691257450975E-01
 1.96854358107350E+03	-2.99500996503135E-01
 1.96854631897353E+03	-3.79342887137440E-01
 1.96854905687356E+03	-4.11352252978598E-01
 1.96855179477359E+03	-3.84655592361859E-01
 1.96855453267362E+03	-3.08238357401002E-01
 1.96855727057365E+03	-2.07713321703946E-01
 1.96856000847368E+03	-1.00209933481961E-01
 1.96856274637371E+03	 2.12104623501341E-02
 1.96856548427374E+03	 1.71014468971721E-01
 1.96856822217377E+03	 3.35867011300451E-01
 1.96857096007380E+03	 4.59497687719995E-01
 1.96857369797384E+03	 4.72346530989698E-01
 1.96857643587387E+03	 3.45102719939000E-01
 1.96857917377390E+03	 1.16380574247291E-01
 1.96858191167393E+03	-1.31374287910181E-01
 1.96858464957396E+03	-3.21729304054560E-01
 1.96858738747399E+03	-4.13576593124219E-01
 1.96859012537402E+03	-3.94939967910135E-01
 1.96859286327405E+03	-2.67127019356527E-01
 1.96859560117408E+03	-4.79796201164456E-02
 1.96859833907411E+03	 2.10383675394092E-01
 1.96860107697414E+03	 4.21670867188192E-01
 1.96860381487417E+03	 5.03318614122434E-01
 1.96860655277420E+03	 4.28801614923246E-01
 1.96860929067424E+03	 2.44974317986153E-01
 1.96861202857427E+03	 3.36655365084569E-02
 1.96861476647430E+03	-1.45861522610282E-01
 1.96861750437433E+03	-2.78709698755770E-01
 1.96862024227436E+03	-3.70144678358531E-01
 1.96862298017439E+03	-4.16135003256507E-01
 1.96862571807442E+03	-4.04696364457817E-01
 1.96862845597445E+03	-3.37667704267221E-01
 1.96863119387448E+03	-2.37796151985869E-01
 1.96863393177451E+03	-1.29003117244832E-01
 1.96863666967454E+03	-1.36558375779768E-02
 1.96863940757457E+03	 1.23295336213560E-01
 1.96864214547460E+03	 2.82452318636615E-01
 1.96864488337463E+03	 4.23201305879449E-01
 1.96864762127467E+03	 4.76689863907970E-01
 1.96865035917470E+03	 3.95204977238225E-01
 1.96865309707473E+03	 1.93791763857534E-01
 1.96865583497476E+03	-5.57938823630996E-02
 1.96865857287479E+03	-2.70663345112138E-01
 1.96866131077482E+03	-3.96956097996829E-01
 1.96866404867485E+03	-4.14775628066644E-01
 1.96866678657488E+03	-3.21798959964204E-01
 1.96866952447491E+03	-1.28428070538458E-01
 1.96867226237494E+03	 1.26547846239176E-01
 1.96867500027497E+03	 3.65840283096076E-01
 1.96867773817500E+03	 4.98664785148026E-01
 1.96868047607503E+03	 4.73698753376706E-01
 1.96868321397507E+03	 3.14155267225405E-01
 1.96868595187510E+03	 9.76611800255075E-02
 1.96868868977513E+03	-1.01704857860709E-01
 1.96869142767516E+03	-2.52837949735930E-01
 1.96869416557519E+03	-3.57450363959204E-01
 1.96869690347522E+03	-4.16998515235114E-01
 1.96869964137525E+03	-4.21379366845199E-01
 1.96870237927528E+03	-3.66521629681424E-01
 1.96870511717531E+03	-2.69675903952758E-01
 1.96870785507534E+03	-1.58282753709987E-01
 1.96871059297537E+03	-4.46158993239164E-02
 1.96871333087540E+03	 8.20251374010795E-02
 1.96871606877543E+03	 2.31603264796344E-01
 1.96871880667547E+03	 3.80259628027307E-01
 1.96872154457550E+03	 4.66603637381044E-01
 1.96872428247553E+03	 4.30840884786907E-01
 1.96872702037556E+03	 2.64424788232518E-01
 1.96872975827559E+03	 2.27112484035723E-02
 1.96873249617562E+03	-2.10326312617887E-01
 1.96873523407565E+03	-3.68834791946830E-01
 1.96873797197568E+03	-4.22831985840957E-01
 1.96874070987571E+03	-3.65720008394861E-01
 1.96874344777574E+03	-2.02601672579637E-01
 1.96874618567577E+03	 3.96808774649913E-02
 1.96874892357580E+03	 2.96211569331592E-01
 1.96875166147583E+03	 4.75013530948663E-01
 1.96875439937586E+03	 5.04329429561589E-01
 1.96875713727590E+03	 3.80436127585173E-01
 1.96875987517593E+03	 1.68425604040963E-01
 1.96876261307596E+03	-4.82103737083881E-02
 1.96876535097599E+03	-2.20267900823413E-01
 1.96876808887602E+03	-3.40559093959096E-01
 1.96877082677605E+03	-4.13811236283896E-01
 1.96877356467608E+03	-4.34058904237859E-01
 1.96877630257611E+03	-3.93650252338336E-01
 1.96877904047614E+03	-3.02965311056218E-01
 1.96878177837617E+03	-1.89340688608530E-01
 1.96878451627620E+03	-7.37657772075618E-02
 1.96878725417623E+03	 4.64940779032680E-02
 1.96878999207626E+03	 1.85360689747667E-01
 1.96879272997630E+03	 3.34355990700267E-01
 1.96879546787633E+03	 4.44615736610609E-01
 1.96879820577636E+03	 4.51495772032258E-01
 1.96880094367639E+03	 3.25406761330202E-01
 1.96880368157642E+03	 1.01156816895801E-01
 1.96880641947645E+03	-1.42315138207794E-01
 1.96880915737648E+03	-3.29615785931006E-01
 1.96881189527651E+03	-4.19056122395649E-01
 1.96881463317654E+03	-3.98212968763467E-01
 1.96881737107657E+03	-2.68295146176558E-01
 1.96882010897660E+03	-4.64625249996827E-02
 1.96882284687663E+03	 2.16209367587524E-01
 1.96882558477666E+03	 4.32889414659146E-01
 1.96882832267670E+03	 5.17605181654414E-01
 1.96883106057673E+03	 4.39313789253109E-01
 1.96883379847676E+03	 2.43202676735531E-01
 1.96883653637679E+03	 1.47831515020447E-02
 1.96883927427682E+03	-1.79393288701771E-01
 1.96884201217685E+03	-3.18382243444653E-01
 1.96884475007688E+03	-4.06323029741120E-01
 1.96884748797691E+03	-4.42291820124493E-01
 1.96885022587694E+03	-4.17912149501501E-01
 1.96885296377697E+03	-3.36762352462215E-01
 1.96885570167700E+03	-2.22792762743305E-01
 1.96885843957703E+03	-1.03104144314603E-01
 1.96886117747706E+03	 1.52024346845141E-02
 1.96886391537710E+03	 1.44659587856364E-01
 1.96886665327713E+03	 2.88732547240274E-01
 1.96886939117716E+03	 4.13884207686855E-01
 1.96887212907719E+03	 4.57766413331841E-01
 1.96887486697722E+03	 3.74514284655360E-01
 1.96887760487725E+03	 1.76410178916391E-01
 1.96888034277728E+03	-6.87239603711381E-02
 1.96888308067731E+03	-2.80008982985338E-01
 1.96888581857734E+03	-4.03516191355648E-01
 1.96888855647737E+03	-4.18925182216862E-01
 1.96889129437740E+03	-3.23926527393476E-01
 1.96889403227743E+03	-1.28522139920989E-01
 1.96889677017746E+03	 1.29746431187722E-01
 1.96889950807749E+03	 3.74124379875674E-01
 1.96890224597753E+03	 5.11609566442784E-01
 1.96890498387756E+03	 4.86352097162855E-01
 1.96890772177759E+03	 3.18236271289863E-01
 1.96891045967762E+03	 8.63573308444127E-02
 1.96891319757765E+03	-1.28930396511285E-01
 1.96891593547768E+03	-2.89519917567876E-01
 1.96891867337771E+03	-3.94037296089748E-01
 1.96892141127774E+03	-4.45774447259982E-01
 1.96892414917777E+03	-4.38316324140103E-01
 1.96892688707780E+03	-3.69839493615097E-01
 1.96892962497783E+03	-2.58550383024651E-01
 1.96893236287786E+03	-1.34227786980065E-01
 1.96893510077789E+03	-1.38097245544395E-02
 1.96893783867793E+03	 1.09356439365069E-01
 1.96894057657796E+03	 2.45862201732220E-01
 1.96894331447799E+03	 3.77816597982309E-01
 1.96894605237802E+03	 4.51270850042686E-01
 1.96894879027805E+03	 4.10395176902176E-01
 1.96895152817808E+03	 2.45442496468798E-01
 1.96895426607811E+03	 7.90710782130583E-03
 1.96895700397814E+03	-2.21122360613368E-01
 1.96895974187817E+03	-3.76423199752714E-01
 1.96896247977820E+03	-4.27717205476472E-01
 1.96896521767823E+03	-3.68472474170148E-01
 1.96896795557826E+03	-2.03715677986373E-01
 1.96897069347829E+03	 4.08581131988290E-02
 1.96897343137833E+03	 3.01648018670811E-01
 1.96897616927836E+03	 4.85804653540951E-01
 1.96897890717839E+03	 5.17657895674712E-01
 1.96898164507842E+03	 3.89080845437366E-01
 1.96898438297845E+03	 1.64409763017611E-01
 1.96898712087848E+03	-6.82429757153071E-02
 1.96898985877851E+03	-2.52437768107264E-01
 1.96899259667854E+03	-3.76131995682434E-01
 1.96899533457857E+03	-4.44227385388480E-01
 1.96899807247860E+03	-4.54094375505631E-01
 1.96900081037863E+03	-4.00850315051785E-01
 1.96900354827866E+03	-2.95899846123871E-01
 1.96900628617869E+03	-1.68119319204137E-01
 1.96900902407872E+03	-4.26033054328463E-02
 1.96901176197876E+03	 7.83954994385598E-02
 1.96901449987879E+03	 2.07237615750226E-01
 1.96901723777882E+03	 3.39671086352959E-01
 1.96901997567885E+03	 4.34435970079299E-01
 1.96902271357888E+03	 4.32699567214551E-01
 1.96902545147891E+03	 3.05601446171050E-01
 1.96902818937894E+03	 8.47183261436912E-02
 1.96903092727897E+03	-1.54527610239172E-01
 1.96903366517900E+03	-3.38196607494166E-01
 1.96903640307903E+03	-4.24585304017079E-01
 1.96903914097906E+03	-4.01354265145747E-01
 1.96904187887909E+03	-2.69923169995879E-01
 1.96904461677912E+03	-4.66323461610033E-02
 1.96904735467916E+03	 2.19172178018167E-01
 1.96905009257919E+03	 4.41078138660758E-01
 1.96905283047922E+03	 5.30305729407460E-01
 1.96905556837925E+03	 4.51024286568197E-01
 1.96905830627928E+03	 2.45703377131709E-01
 1.96906104417931E+03	 2.37252683903591E-03
 1.96906378207934E+03	-2.05727548157411E-01
 1.96906651997937E+03	-3.51460727446433E-01
 1.96906925787940E+03	-4.37260650859542E-01
 1.96907199577943E+03	-4.64694589615057E-01
 1.96907473367946E+03	-4.28513130440906E-01
 1.96907747157949E+03	-3.33663009096469E-01
 1.96908020947952E+03	-2.05048123239278E-01
 1.96908294737956E+03	-7.30040855241982E-02
 1.96908568527959E+03	 5.00822707231879E-02
 1.96908842317962E+03	 1.73300666379975E-01
 1.96909116107965E+03	 3.02192974883518E-01
 1.96909389897968E+03	 4.10189078799106E-01
 1.96909663687971E+03	 4.42096527722296E-01
 1.96909937477974E+03	 3.54866330714239E-01
 1.96910211267977E+03	 1.58724909575541E-01
 1.96910485057980E+03	-8.22751886112876E-02
 1.96910758847983E+03	-2.89555754827727E-01
 1.96911032637986E+03	-4.09633740250645E-01
 1.96911306427989E+03	-4.22306507183594E-01
 1.96911580217992E+03	-3.25677002496633E-01
 1.96911854007995E+03	-1.29377795260617E-01
 1.96912127797999E+03	 1.30817666487069E-01
 1.96912401588002E+03	 3.79630594239283E-01
 1.96912675378005E+03	 5.22655213020083E-01
 1.96912949168008E+03	 4.99569518161324E-01
 1.96913222958011E+03	 3.26075384231444E-01
 1.96913496748014E+03	 8.14936314349282E-02
 1.96913770538017E+03	-1.48416583344931E-01
 1.96914044328020E+03	-3.18651034793863E-01
 1.96914318118023E+03	-4.24257872306645E-01
 1.96914591908026E+03	-4.69706895905101E-01
 1.96914865698029E+03	-4.51738998956769E-01
 1.96915139488032E+03	-3.70401896039203E-01
 1.96915413278035E+03	-2.44586289663166E-01
 1.96915687068039E+03	-1.06335053792202E-01
 1.96915960858042E+03	 2.24188902010504E-02
 1.96916234648045E+03	 1.43514959741628E-01
 1.96916508438048E+03	 2.67334554962687E-01
 1.96916782228051E+03	 3.81594258016713E-01
 1.96917056018054E+03	 4.40168546009187E-01
 1.96917329808057E+03	 3.92046830499283E-01
 1.96917603598060E+03	 2.27059531449329E-01
 1.96917877388063E+03	-6.84143923026033E-03
 1.96918151178066E+03	-2.31611704799771E-01
 1.96918424968069E+03	-3.83100585464553E-01
 1.96918698758072E+03	-4.31260071626562E-01
 1.96918972548075E+03	-3.70077000033170E-01
 1.96919246338079E+03	-2.04674786938560E-01
 1.96919520128082E+03	 4.07356136113985E-02
 1.96919793918085E+03	 3.04724776741824E-01
 1.96920067708088E+03	 4.94520907038144E-01
 1.96920341498091E+03	 5.30911605611524E-01
 1.96920615288094E+03	 4.00787419988824E-01
 1.96920889078097E+03	 1.66512014948807E-01
 1.96921162868100E+03	-8.02780521250285E-02
 1.96921436658103E+03	-2.76298657342052E-01
 1.96921710448106E+03	-4.04316690490986E-01
 1.96921984238109E+03	-4.68743016169952E-01
 1.96922258028112E+03	-4.69684991500439E-01
 1.96922531818115E+03	-4.04625838971504E-01
 1.96922805608119E+03	-2.85723112827500E-01
 1.96923079398122E+03	-1.43248681345009E-01
 1.96923353188125E+03	-6.54989919979395E-03
 1.96923626978128E+03	 1.16563508466272E-01
 1.96923900768131E+03	 2.36093608316124E-01
 1.96924174558134E+03	 3.51482791684796E-01
 1.96924448348137E+03	 4.29194174787016E-01
 1.96924722138140E+03	 4.16892554521579E-01
 1.96924995928143E+03	 2.87231617362261E-01
 1.96925269718146E+03	 6.89979665008270E-02
 1.96925543508149E+03	-1.65931618606711E-01
 1.96925817298152E+03	-3.45428048547407E-01
 1.96926091088155E+03	-4.28264550798524E-01
 1.96926364878158E+03	-4.02660252741344E-01
 1.96926638668162E+03	-2.70526487174358E-01
 1.96926912458165E+03	-4.72273865247853E-02
 1.96927186248168E+03	 2.20337087448737E-01
 1.96927460038171E+03	 4.47176120372683E-01
 1.96927733828174E+03	 5.42346996935753E-01
 1.96928007618177E+03	 4.64976269855127E-01
 1.96928281408180E+03	 2.53730620897943E-01
 1.96928555198183E+03	-2.08833985661897E-03
 1.96928828988186E+03	-2.23236747429799E-01
 1.96929102778189E+03	-3.76273356473980E-01
 1.96929376568192E+03	-4.61306782196798E-01
 1.96929650358195E+03	-4.81730197128898E-01
 1.96929924148198E+03	-4.34963183398965E-01
 1.96930197938202E+03	-3.27047390651164E-01
 1.96930471728205E+03	-1.83672866009911E-01
 1.96930745518208E+03	-3.84294939534542E-02
 1.96931019308211E+03	 9.06366488317172E-02
 1.96931293098214E+03	 2.08487954306332E-01
 1.96931566888217E+03	 3.22127916439325E-01
 1.96931840678220E+03	 4.11846205408092E-01
 1.96932114468223E+03	 4.30092308721326E-01
 1.96932388258226E+03	 3.37366212070380E-01
 1.96932662048229E+03	 1.42360411843641E-01
 1.96932935838232E+03	-9.45508669940876E-02
 1.96933209628235E+03	-2.97357455293293E-01
 1.96933483418238E+03	-4.13464866456127E-01
 1.96933757208242E+03	-4.23259793391610E-01
 1.96934030998245E+03	-3.25609773560925E-01
 1.96934304788248E+03	-1.29781969991240E-01
 1.96934578578251E+03	 1.30762562665745E-01
 1.96934852368254E+03	 3.83195874764511E-01
 1.96935126158257E+03	 5.32561092235651E-01
 1.96935399948260E+03	 5.14148152572315E-01
 1.96935673738263E+03	 3.38617955270842E-01
 1.96935947528266E+03	 8.42188021145992E-02
 1.96936221318269E+03	-1.58841725159422E-01
 1.96936495108272E+03	-3.38824106760515E-01
 1.96936768898275E+03	-4.46693427157962E-01
 1.96937042688278E+03	-4.87388731108097E-01
 1.96937316478281E+03	-4.60269614726180E-01
 1.96937590268285E+03	-3.66958509965035E-01
 1.96937864058288E+03	-2.26865576076884E-01
 1.96938137848291E+03	-7.42467998720100E-02
 1.96938411638294E+03	 6.37642332525479E-02
 1.96938685428297E+03	 1.83663406528932E-01
 1.96938959218300E+03	 2.95007453813258E-01
 1.96939233008303E+03	 3.90845864991964E-01
 1.96939506798306E+03	 4.33157835931765E-01
 1.96939780588309E+03	 3.76385186256825E-01
 1.96940054378312E+03	 2.10493479957583E-01
 1.96940328168315E+03	-1.99163228660276E-02
 1.96940601958318E+03	-2.40022060812400E-01
 1.96940875748321E+03	-3.87133606118224E-01
 1.96941149538325E+03	-4.31884280648714E-01
 1.96941423328328E+03	-3.69169873495710E-01
 1.96941697118331E+03	-2.04344058619660E-01
 1.96941970908334E+03	 4.02276854096589E-02
 1.96942244698337E+03	 3.06166508018734E-01
 1.96942518488340E+03	 5.01757966884332E-01
 1.96942792278343E+03	 5.44651667623902E-01
 1.96943066068346E+03	 4.16195552336809E-01
 1.96943339858349E+03	 1.75539127663152E-01
 1.96943613648352E+03	-8.33257845282525E-02
 1.96943887438355E+03	-2.90736822002339E-01
 1.96944161228358E+03	-4.23952743563418E-01
 1.96944435018361E+03	-4.86187865127279E-01
 1.96944708808365E+03	-4.79659862943542E-01
 1.96944982598368E+03	-4.03866214487791E-01
 1.96945256388371E+03	-2.71556632905663E-01
 1.96945530178374E+03	-1.14325219848107E-01
 1.96945803968377E+03	 3.41425672883093E-02
 1.96946077758380E+03	 1.60113449974111E-01
 1.96946351548383E+03	 2.70684591405599E-01
 1.96946625338386E+03	 3.68620611526708E-01
 1.96946899128389E+03	 4.28204170248308E-01
 1.96947172918392E+03	 4.04099927123025E-01
 1.96947446708395E+03	 2.71025448235355E-01
 1.96947720498398E+03	 5.52436621243755E-02
 1.96947994288401E+03	-1.75009186777504E-01
 1.96948268078404E+03	-3.49747633146124E-01
 1.96948541868408E+03	-4.28643160164715E-01
 1.96948815658411E+03	-4.00875220727072E-01
 1.96949089448414E+03	-2.69074023306171E-01
 1.96949363238417E+03	-4.74401835839717E-02
 1.96949637028420E+03	 2.20306625768426E-01
 1.96949910818423E+03	 4.51618880640650E-01
 1.96950184608426E+03	 5.54066541306304E-01
 1.96950458398429E+03	 4.81513180097857E-01
 1.96950732188432E+03	 2.67743950805394E-01
 1.96951005978435E+03	 2.03745339329005E-03
 1.96951279768438E+03	-2.31127124531522E-01
 1.96951553558441E+03	-3.91939801991481E-01
 1.96951827348444E+03	-4.77547755002944E-01
 1.96952101138448E+03	-4.92466229223864E-01
 1.96952374928451E+03	-4.36344874518725E-01
 1.96952648718454E+03	-3.16143156424119E-01
 1.96952922508457E+03	-1.58270465722830E-01
 1.96953196298460E+03	 4.10693430200812E-04
 1.96953470088463E+03	 1.35973854411240E-01
 1.96953743878466E+03	 2.48819372650740E-01
 1.96954017668469E+03	 3.47012872748709E-01
 1.96954291458472E+03	 4.17654821435667E-01
 1.96954565248475E+03	 4.21196624581987E-01
 1.96954839038478E+03	 3.22192247005866E-01
 1.96955112828481E+03	 1.28113304947638E-01
 1.96955386618484E+03	-1.04367168977573E-01
 1.96955660408488E+03	-3.02086905027030E-01
 1.96955934198491E+03	-4.13729947797446E-01
 1.96956207988494E+03	-4.20668229381294E-01
 1.96956481778497E+03	-3.22820149088522E-01
 1.96956755568500E+03	-1.29050541913367E-01
 1.96957029358503E+03	 1.30053824215281E-01
 1.96957303148506E+03	 3.85100492003493E-01
 1.96957576938509E+03	 5.41456937526658E-01
 1.96957850728512E+03	 5.30151421340400E-01
 1.96958124518515E+03	 3.55979661363948E-01
 1.96958398308518E+03	 9.48019167905285E-02
 1.96958672098521E+03	-1.59757019582102E-01
 1.96958945888524E+03	-3.49460229699936E-01
 1.96959219678528E+03	-4.60700433000770E-01
 1.96959493468531E+03	-4.98143026038849E-01
 1.96959767258534E+03	-4.63219801908952E-01
 1.96960041048537E+03	-3.58899681549027E-01
 1.96960314838540E+03	-2.05056735183086E-01
 1.96960588628543E+03	-3.81585651592928E-02
 1.96960862418546E+03	 1.09346530099278E-01
 1.96961136208549E+03	 2.28304199968292E-01
 1.96961409998552E+03	 3.27079533929654E-01
 1.96961683788555E+03	 4.03912054765740E-01
 1.96961957578558E+03	 4.29111002328629E-01
 1.96962231368561E+03	 3.63004646795600E-01
 1.96962505158564E+03	 1.96025119141988E-01
 1.96962778948567E+03	-3.05416910108763E-02
 1.96963052738571E+03	-2.45327197491606E-01
 1.96963326528574E+03	-3.87462529740858E-01
 1.96963600318577E+03	-4.28644148047857E-01
 1.96963874108580E+03	-3.64993454252424E-01
 1.96964147898583E+03	-2.02175706555431E-01
 1.96964421688586E+03	 3.96726054536576E-02
 1.96964695478589E+03	 3.06105610420505E-01
 1.96964969268592E+03	 5.07457450503832E-01
 1.96965243058595E+03	 5.58685385177063E-01
 1.96965516848598E+03	 4.35090786772469E-01
 1.96965790638601E+03	 1.91385987303854E-01
 1.96966064428604E+03	-7.73045846401461E-02
 1.96966338218607E+03	-2.95497719152481E-01
 1.96966612008611E+03	-4.34679337863550E-01
 1.96966885798614E+03	-4.96147802104124E-01
 1.96967159588617E+03	-4.83578424054368E-01
 1.96967433378620E+03	-3.98165438676892E-01
 1.96967707168623E+03	-2.53188082502095E-01
 1.96967980958626E+03	-8.15719489396477E-02
 1.96968254748629E+03	 7.86053678735506E-02
 1.96968528538632E+03	 2.07498929417423E-01
 1.96968802328635E+03	 3.09008337479037E-01
 1.96969076118638E+03	 3.89038482299300E-01
 1.96969349908641E+03	 4.29806313524517E-01
 1.96969623698644E+03	 3.93326402276356E-01
 1.96969897488647E+03	 2.56705096272331E-01
 1.96970171278651E+03	 4.37612565522749E-02
 1.96970445068654E+03	-1.81097778152699E-01
 1.96970718858657E+03	-3.50366261960985E-01
 1.96970992648660E+03	-4.24981022851617E-01
 1.96971266438663E+03	-3.95409105540531E-01
 1.96971540228666E+03	-2.65164963092979E-01
 1.96971814018669E+03	-4.70685449336117E-02
 1.96972087808672E+03	 2.19075490431661E-01
 1.96972361598675E+03	 4.54183826035608E-01
 1.96972635388678E+03	 5.65047552539740E-01
 1.96972909178681E+03	 5.00116223044787E-01
 1.96973182968684E+03	 2.87269472901564E-01
 1.96973456758687E+03	 1.44478069219753E-02
 1.96973730548690E+03	-2.29492935639713E-01
 1.96974004338694E+03	-3.98397611823590E-01
 1.96974278128697E+03	-4.85835918044929E-01
 1.96974551918700E+03	-4.96715188839086E-01
 1.96974825708703E+03	-4.32479212794287E-01
 1.96975099498706E+03	-3.00900284106010E-01
 1.96975373288709E+03	-1.29135278290819E-01
 1.96975647078712E+03	 4.26425140410269E-02
 1.96975920868715E+03	 1.84527693875771E-01
 1.96976194658718E+03	 2.92159833653094E-01
 1.96976468448721E+03	 3.74494963743334E-01
 1.96976742238724E+03	 4.25483794302248E-01
 1.96977016028727E+03	 4.13846435168792E-01
 1.96977289818730E+03	 3.08490347350497E-01
 1.96977563608734E+03	 1.15774533367797E-01
 1.96977837398737E+03	-1.11480165945937E-01
 1.96978111188740E+03	-3.03275541644852E-01
 1.96978384978743E+03	-4.09930906609996E-01
 1.96978658768746E+03	-4.14131144480827E-01
 1.96978932558749E+03	-3.17064240458625E-01
 1.96979206348752E+03	-1.27117221547347E-01
 1.96979480138755E+03	 1.28560776283775E-01
 1.96979753928758E+03	 3.84985116645098E-01
 1.96980027718761E+03	 5.48741527943641E-01
 1.96980301508764E+03	 5.46795031481589E-01
 1.96980575298767E+03	 3.77338270060353E-01
 1.96980849088770E+03	 1.12550980847000E-01
 1.96981122878774E+03	-1.51628794123056E-01
 1.96981396668777E+03	-3.50815835795921E-01
 1.96981670458780E+03	-4.66403514850490E-01
 1.96981944248783E+03	-5.02033024324703E-01
 1.96982218038786E+03	-4.60644935492740E-01
 1.96982491828789E+03	-3.46365438343936E-01
 1.96982765618792E+03	-1.79564525391837E-01
 1.96983039408795E+03	 1.02526313585787E-03
 1.96983313198798E+03	 1.57592423979081E-01
 1.96983586988801E+03	 2.75224959874318E-01
 1.96983860778804E+03	 3.60971560140479E-01
 1.96984134568807E+03	 4.18265919121481E-01
 1.96984408358810E+03	 4.25943975709860E-01
 1.96984682148813E+03	 3.50483674025957E-01
 1.96984955938817E+03	 1.82906984805149E-01
 1.96985229728820E+03	-3.89342001346026E-02
 1.96985503518823E+03	-2.47424263337651E-01
 1.96985777308826E+03	-3.83868231259186E-01
 1.96986051098829E+03	-4.21352124369360E-01
 1.96986324888832E+03	-3.57471743749964E-01
 1.96986598678835E+03	-1.98239047382278E-01
 1.96986872468838E+03	 3.88273041627173E-02
 1.96987146258841E+03	 3.04075466879315E-01
 1.96987420048844E+03	 5.10879568270574E-01
 1.96987693838847E+03	 5.72014548499547E-01
 1.96987967628850E+03	 4.56340476690771E-01
 1.96988241418853E+03	 2.12979817225868E-01
 1.96988515208857E+03	-6.30700293006388E-02
 1.96988788998860E+03	-2.91180883205567E-01
 1.96989062788863E+03	-4.36905252530242E-01
 1.96989336578866E+03	-4.98933504758814E-01
 1.96989610368869E+03	-4.81726342343236E-01
 1.96989884158872E+03	-3.87865118128770E-01
 1.96990157948875E+03	-2.31160980616729E-01
 1.96990431738878E+03	-4.59506585478571E-02
 1.96990705528881E+03	 1.25258044691700E-01
 1.96990979318884E+03	 2.56471700937891E-01
 1.96991253108887E+03	 3.48334305923504E-01
 1.96991526898890E+03	 4.09897775692624E-01
 1.96991800688893E+03	 4.31462320223791E-01
 1.96992074478897E+03	 3.82617266524393E-01
 1.96992348268900E+03	 2.42985146274174E-01
 1.96992622058903E+03	 3.38490628472124E-02
 1.96992895848906E+03	-1.84496141833159E-01
 1.96993169638909E+03	-3.47378311703233E-01
 1.96993443428912E+03	-4.17328778665190E-01
 1.96993717218915E+03	-3.86366884095645E-01
 1.96993991008918E+03	-2.59005646134958E-01
 1.96994264798921E+03	-4.64563704122372E-02
 1.96994538588924E+03	 2.16098760048112E-01
 1.96994812378927E+03	 4.54041794564525E-01
 1.96995086168930E+03	 5.74140248339286E-01
 1.96995359958933E+03	 5.19398555760574E-01
 1.96995633748937E+03	 3.10882585025961E-01
 1.96995907538940E+03	 3.38931620217735E-02
 1.96996181328943E+03	-2.19300565039118E-01
 1.96996455118946E+03	-3.96358764646318E-01
 1.96996728908949E+03	-4.86730846769981E-01
 1.96997002698952E+03	-4.94983899686507E-01
 1.96997276488955E+03	-4.23907181000754E-01
 1.96997550278958E+03	-2.82015653929043E-01
 1.96997824068961E+03	-9.73088972616879E-02
 1.96998097858964E+03	 8.66712117620475E-02
 1.96998371648967E+03	 2.34042195383464E-01
 1.96998645438970E+03	 3.35693137920653E-01
 1.96998919228973E+03	 4.01509741413207E-01
 1.96999193018976E+03	 4.32421680287490E-01
 1.96999466808980E+03	 4.05610650404188E-01
 1.96999740598983E+03	 2.94462186856480E-01
 1.97000014388986E+03	 1.04153901560850E-01
 1.97000288178989E+03	-1.16612239442755E-01
 1.97000561968992E+03	-3.01359597844490E-01
 1.97000835758995E+03	-4.02381086386574E-01
 1.97001109548998E+03	-4.03949785262700E-01
 1.97001383339001E+03	-3.08689931220146E-01
 1.97001657129004E+03	-1.24418722850468E-01
 1.97001930919007E+03	 1.25685789937678E-01
 1.97002204709010E+03	 3.81979957439914E-01
 1.97002478499013E+03	 5.53182869842506E-01
 1.97002752289016E+03	 5.62511026020805E-01
 1.97003026079020E+03	 4.00969027497070E-01
 1.97003299869023E+03	 1.35836733908362E-01
 1.97003573659026E+03	-1.35806975296153E-01
 1.97003847449029E+03	-3.43930013117714E-01
 1.97004121239032E+03	-4.64620835745758E-01
 1.97004395029035E+03	-4.99779114402467E-01
 1.97004668819038E+03	-4.53274487455417E-01
 1.97004942609041E+03	-3.30207005148626E-01
 1.97005216399044E+03	-1.51523690573689E-01
 1.97005490189047E+03	 4.16868107526913E-02
 1.97005763979050E+03	 2.06255898993961E-01
 1.97006037769053E+03	 3.21578278595633E-01
 1.97006311559056E+03	 3.93475664453044E-01
 1.97006585349060E+03	 4.30711940218382E-01
 1.97006859139063E+03	 4.20824085703241E-01
 1.97007132929066E+03	 3.36559242921689E-01
 1.97007406719069E+03	 1.69479671252801E-01
 1.97007680509072E+03	-4.62441089494700E-02
 1.97007954299075E+03	-2.47109208279487E-01
 1.97008228089078E+03	-3.76947640699975E-01
 1.97008501879081E+03	-4.10522035408713E-01
 1.97008775669084E+03	-3.47102249094710E-01
 1.97009049459087E+03	-1.93060801834996E-01
 1.97009323249090E+03	 3.70607773446459E-02
 1.97009597039093E+03	 2.99209585003730E-01
 1.97009870829096E+03	 5.10781238874251E-01
 1.97010144619099E+03	 5.82976121594681E-01
 1.97010418409103E+03	 4.77994385641744E-01
 1.97010692199106E+03	 2.38350334790256E-01
 1.97010965989109E+03	-4.23573838367172E-02
 1.97011239779112E+03	-2.79175764295198E-01
 1.97011513569115E+03	-4.31725335466836E-01
 1.97011787359118E+03	-4.95478156645665E-01
 1.97012061149121E+03	-4.75008347188720E-01
 1.97012334939124E+03	-3.73961226114046E-01
 1.97012608729127E+03	-2.06705634415137E-01
 1.97012882519130E+03	-9.10797001290808E-03
 1.97013156309133E+03	 1.71875697262559E-01
 1.97013430099136E+03	 3.04196623936677E-01
 1.97013703889139E+03	 3.85386359158670E-01
 1.97013977679143E+03	 4.27810159827578E-01
 1.97014251469146E+03	 4.30025242423899E-01
 1.97014525259149E+03	 3.69312956401706E-01
 1.97014799049152E+03	 2.27778949732600E-01
 1.97015072839155E+03	 2.39451629118922E-02
 1.97015346629158E+03	-1.86363202984219E-01
 1.97015620419161E+03	-3.41677680866424E-01
 1.97015894209164E+03	-4.06427694328430E-01
 1.97016167999167E+03	-3.74406535398443E-01
 1.97016441789170E+03	-2.51215888969352E-01
 1.97016715579173E+03	-4.62572133841794E-02
 1.97016989369176E+03	 2.10548088351780E-01
 1.97017263159179E+03	 4.50005324436630E-01
 1.97017536949183E+03	 5.79679300438067E-01
 1.97017810739186E+03	 5.37279259227548E-01
 1.97018084529189E+03	 3.36337956986179E-01
 1.97018358319192E+03	 5.82736271406768E-02
 1.97018632109195E+03	-2.02304537895005E-01
 1.97018905899198E+03	-3.87217884740934E-01
 1.97019179689201E+03	-4.81387196594411E-01
 1.97019453479204E+03	-4.88342887223131E-01
 1.97019727269207E+03	-4.11754402470788E-01
 1.97020001059210E+03	-2.60807491271109E-01
 1.97020274849213E+03	-6.44660323079278E-02
 1.97020548639216E+03	 1.30301704101871E-01
 1.97020822429219E+03	 2.81728717104468E-01
 1.97021096219222E+03	 3.76140760491588E-01
 1.97021370009226E+03	 4.24564570323504E-01
 1.97021643799229E+03	 4.35101268375589E-01
 1.97021917589232E+03	 3.93516658301933E-01
 1.97022191379235E+03	 2.77656485565073E-01
 1.97022465169238E+03	 9.13155030037176E-02
 1.97022738959241E+03	-1.21270668122168E-01
 1.97023012749244E+03	-2.97531739107015E-01
 1.97023286539247E+03	-3.92059148208759E-01
 1.97023560329250E+03	-3.90954110632904E-01
 1.97023834119253E+03	-2.98418490268569E-01
 1.97024107909256E+03	-1.21629892542622E-01
 1.97024381699259E+03	 1.20660989066131E-01
 1.97024655489262E+03	 3.75009190349636E-01
 1.97024929279266E+03	 5.53205019580753E-01
 1.97025203069269E+03	 5.75196678493597E-01
 1.97025476859272E+03	 4.24444235875069E-01
 1.97025750649275E+03	 1.62243632844179E-01
 1.97026024439278E+03	-1.14408503970178E-01
 1.97026298229281E+03	-3.30518637292934E-01
 1.97026572019284E+03	-4.56745818463191E-01
 1.97026845809287E+03	-4.92616349968059E-01
 1.97027119599290E+03	-4.42348987719033E-01
 1.97027393389293E+03	-3.11816048854516E-01
 1.97027667179296E+03	-1.22629191052342E-01
 1.97027940969299E+03	 8.16703561376214E-02
 1.97028214759302E+03	 2.52622336710377E-01
 1.97028488549306E+03	 3.64139401148608E-01
 1.97028762339309E+03	 4.21077025061775E-01
 1.97029036129312E+03	 4.37757889587410E-01
 1.97029309919315E+03	 4.10559053258196E-01
 1.97029583709318E+03	 3.18494992023313E-01
 1.97029857499321E+03	 1.53491480236678E-01
 1.97030131289324E+03	-5.42926794659284E-02
 1.97030405079327E+03	-2.45860052251920E-01
 1.97030678869330E+03	-3.67917900051656E-01
 1.97030952659333E+03	-3.97164754424864E-01
 1.97031226449336E+03	-3.34719265137263E-01
 1.97031500239339E+03	-1.87344933190812E-01
 1.97031774029342E+03	 3.36734641505958E-02
 1.97032047819346E+03	 2.90583684990944E-01
 1.97032321609349E+03	 5.05757934783320E-01
 1.97032595399352E+03	 5.89559788547999E-01
 1.97032869189355E+03	 4.97557336078363E-01
 1.97033142979358E+03	 2.64846072992337E-01
 1.97033416769361E+03	-1.76178919585778E-02
 1.97033690559364E+03	-2.61530626624400E-01
 1.97033964349367E+03	-4.20793298112158E-01
 1.97034238139370E+03	-4.87189854211195E-01
 1.97034511929373E+03	-4.64770713465346E-01
 1.97034785719376E+03	-3.57902261186464E-01
 1.97035059509379E+03	-1.81523555921844E-01
 1.97035333299382E+03	 2.68520145171742E-02
 1.97035607089385E+03	 2.15841132794964E-01
 1.97035880879389E+03	 3.47549844548429E-01
 1.97036154669392E+03	 4.16700947880310E-01
 1.97036428459395E+03	 4.39250183409858E-01
 1.97036702249398E+03	 4.22180745808860E-01
 1.97036976039401E+03	 3.50483568957975E-01
 1.97037249829404E+03	 2.08594964637891E-01
 1.97037523619407E+03	 1.19685131999672E-02
 1.97037797409410E+03	-1.88431171517213E-01
 1.97038071199413E+03	-3.34708390511502E-01
 1.97038344989416E+03	-3.93471996090446E-01
 1.97038618779419E+03	-3.60486859232122E-01
 1.97038892569422E+03	-2.42543501898179E-01
 1.97039166359425E+03	-4.71089467665779E-02
 1.97039440149429E+03	 2.01670853812106E-01
 1.97039713939432E+03	 4.40905674175854E-01
 1.97039987729435E+03	 5.79855972624138E-01
 1.97040261519438E+03	 5.51324532314262E-01
 1.97040535309441E+03	 3.60856953720670E-01
 1.97040809099444E+03	 8.48628023477621E-02
 1.97041082889446E+03	-1.80877064333615E-01
 1.97041356679450E+03	-3.72907372019708E-01
 1.97041630469453E+03	-4.71402574811870E-01
 1.97041904259456E+03	-4.78243898679466E-01
 1.97042178049459E+03	-3.97512461011449E-01
 1.97042451839462E+03	-2.38967363430286E-01
 1.97042725629465E+03	-3.26440355820804E-02
 1.97042999419469E+03	 1.71035474769236E-01
 1.97043273209472E+03	 3.24603725400113E-01
 1.97043546999475E+03	 4.10154202606581E-01
 1.97043820789478E+03	 4.40185528576839E-01
 1.97044094579481E+03	 4.30182693962439E-01
 1.97044368369484E+03	 3.74538920169129E-01
 1.97044642159487E+03	 2.55431215771898E-01
 1.97044915949490E+03	 7.49907103418068E-02
 1.97045189739493E+03	-1.27391988686828E-01
 1.97045463529496E+03	-2.93435555412731E-01
 1.97045737319499E+03	-3.80334608740048E-01
 1.97046011109502E+03	-3.76234655699914E-01
 1.97046284899505E+03	-2.87059526645413E-01
 1.97046558689508E+03	-1.19345861556203E-01
 1.97046832479512E+03	 1.12904486572150E-01
 1.97047106269515E+03	 3.63180279496460E-01
 1.97047380059518E+03	 5.47294268637417E-01
 1.97047653849521E+03	 5.82611269060841E-01
 1.97047927639524E+03	 4.44989660264472E-01
 1.97048201429527E+03	 1.88861988929211E-01
 1.97048475219530E+03	-9.00935756040976E-02
 1.97048749009533E+03	-3.12799028313425E-01
 1.97049022799536E+03	-4.44584855248298E-01
 1.97049296589539E+03	-4.82111039963268E-01
 1.97049570379542E+03	-4.29396278215888E-01
 1.97049844169545E+03	-2.92858874277547E-01
 1.97050117959548E+03	-9.48350819062297E-02
 1.97050391749552E+03	 1.18616073038482E-01
 1.97050665539555E+03	 2.93881601770383E-01
 1.97050939329558E+03	 3.99728883932562E-01
 1.97051213119561E+03	 4.40428543654366E-01
 1.97051486909564E+03	 4.36129271137445E-01
 1.97051760699567E+03	 3.92126258516102E-01
 1.97052034489570E+03	 2.93595750537161E-01
 1.97052308279573E+03	 1.32572777315230E-01
 1.97052582069576E+03	-6.51531421213062E-02
 1.97052855859579E+03	-2.45475296206141E-01
 1.97053129649582E+03	-3.58301837038947E-01
 1.97053403439585E+03	-3.82501144814489E-01
 1.97053677229588E+03	-3.21210617797273E-01
 1.97053951019592E+03	-1.81670954748728E-01
 1.97054224809595E+03	 2.82337764102717E-02
 1.97054498599598E+03	 2.77594361816612E-01
 1.97054772389601E+03	 4.94659270272320E-01
 1.97055046179604E+03	 5.89839849758420E-01
 1.97055319969607E+03	 5.12403593448172E-01
 1.97055593759610E+03	 2.89495584955743E-01
 1.97055867549613E+03	 8.26865340810448E-03
 1.97056141339616E+03	-2.40732711727994E-01
 1.97056415129619E+03	-4.06138716510656E-01
 1.97056688919622E+03	-4.75765203516146E-01
 1.97056962709625E+03	-4.52579689830644E-01
 1.97057236499628E+03	-3.41318987323331E-01
 1.97057510289632E+03	-1.57470136624720E-01
 1.97057784079635E+03	 5.97266546806736E-02
 1.97058057869638E+03	 2.54545321428501E-01
 1.97058331659641E+03	 3.83565644566756E-01
 1.97058605449644E+03	 4.39122289446602E-01
 1.97058879239647E+03	 4.41090493661941E-01
 1.97059153029650E+03	 4.05003076076720E-01
 1.97059426819653E+03	 3.23480197269039E-01
 1.97059700609656E+03	 1.83058469487277E-01
 1.97059974399659E+03	-4.20823159425627E-03
 1.97060248189662E+03	-1.92591589443960E-01
 1.97060521979665E+03	-3.28108482930667E-01
 1.97060795769668E+03	-3.79798907962936E-01
 1.97061069559671E+03	-3.45583625563081E-01
 1.97061343349675E+03	-2.33582054585566E-01
 1.97061617139678E+03	-4.93285780600331E-02
 1.97061890929681E+03	 1.89138076005891E-01
 1.97062164719684E+03	 4.25992155439778E-01
 1.97062438509687E+03	 5.73159373072891E-01
 1.97062712299690E+03	 5.59200624757221E-01
 1.97062986089693E+03	 3.81549680609522E-01
 1.97063259879696E+03	 1.10662658622640E-01
 1.97063533669699E+03	-1.57731828276720E-01
 1.97063807459702E+03	-3.55680646159490E-01
 1.97064081249705E+03	-4.58620652862687E-01
 1.97064355039708E+03	-4.66302103790015E-01
 1.97064628829711E+03	-3.82774066440921E-01
 1.97064902619715E+03	-2.18240819143089E-01
 1.97065176409718E+03	-3.87269435511580E-03
 1.97065450199721E+03	 2.06487233658466E-01
 1.97065723989724E+03	 3.59951130531010E-01
 1.97065997779727E+03	 4.34822175773383E-01
 1.97066271569730E+03	 4.45462680972996E-01
 1.97066545359733E+03	 4.14922017487404E-01
 1.97066819149736E+03	 3.46170452641691E-01
 1.97067092939739E+03	 2.25505922218623E-01
 1.97067366729742E+03	 5.30911109705524E-02
 1.97067640519745E+03	-1.36883758021033E-01
 1.97067914309748E+03	-2.90769574261687E-01
 1.97068188099751E+03	-3.68631740275930E-01
 1.97068461889755E+03	-3.60853388036810E-01
 1.97068735679758E+03	-2.75246532076176E-01
 1.97069009469761E+03	-1.17813630721163E-01
 1.97069283259764E+03	 1.02322787228507E-01
 1.97069557049767E+03	 3.46143668644889E-01
 1.97069830839770E+03	 5.34421800646672E-01
 1.97070104629773E+03	 5.82841577347840E-01
 1.97070378419776E+03	 4.59950053926462E-01
 1.97070652209779E+03	 2.12705397188933E-01
 1.97070925999782E+03	-6.57265431737176E-02
 1.97071199789785E+03	-2.93227012144479E-01
 1.97071473579788E+03	-4.30138877571929E-01
 1.97071747369791E+03	-4.69942746198372E-01
 1.97072021159794E+03	-4.15977055375960E-01
 1.97072294949798E+03	-2.74966763702881E-01
 1.97072568739801E+03	-6.99873635543585E-02
 1.97072842529804E+03	 1.50379569308962E-01
 1.97073116319807E+03	 3.27594766800259E-01
 1.97073390109810E+03	 4.25721817058401E-01
 1.97073663899813E+03	 4.48895136681547E-01
 1.97073937689816E+03	 4.23336637404826E-01
 1.97074211479819E+03	 3.63247391903279E-01
 1.97074485269822E+03	 2.59771959738752E-01
 1.97074759059825E+03	 1.04771933737588E-01
 1.97075032849828E+03	-8.06607334353241E-02
 1.97075306639831E+03	-2.47643992645965E-01
 1.97075580429834E+03	-3.49565002450836E-01
 1.97075854219838E+03	-3.67662509569858E-01
 1.97076128009841E+03	-3.07265619499095E-01
 1.97076401799844E+03	-1.76261529703021E-01
 1.97076675589847E+03	 2.08271099571754E-02
 1.97076949379850E+03	 2.60260971403665E-01
 1.97077223169853E+03	 4.76966466564416E-01
 1.97077496959856E+03	 5.82423724635529E-01
 1.97077770749859E+03	 5.20260791314001E-01
 1.97078044539862E+03	 3.09473097767853E-01
 1.97078318329865E+03	 3.23944834914525E-02
 1.97078592119868E+03	-2.19390595812990E-01
 1.97078865909871E+03	-3.89915176626324E-01
 1.97079139699874E+03	-4.62962822795783E-01
 1.97079413489878E+03	-4.39976986298720E-01
 1.97079687279881E+03	-3.25732114179948E-01
 1.97079961069884E+03	-1.36203289287178E-01
 1.97080234859887E+03	 8.76232071745648E-02
 1.97080508649890E+03	 2.85845735063319E-01
 1.97080782439893E+03	 4.09936341443259E-01
 1.97081056229896E+03	 4.50334245356371E-01
 1.97081330019899E+03	 4.31154450916696E-01
 1.97081603809902E+03	 3.76516319021843E-01
 1.97081877599905E+03	 2.86492301653370E-01
 1.97082151389908E+03	 1.49451028194648E-01
 1.97082425179911E+03	-2.62536031437650E-02
 1.97082698969914E+03	-2.00442119981256E-01
 1.97082972759917E+03	-3.23323416816536E-01
 1.97083246549921E+03	-3.66575209871877E-01
 1.97083520339924E+03	-3.30442864232259E-01
 1.97083794129927E+03	-2.24568633049588E-01
 1.97084067919930E+03	-5.27172032911256E-02
 1.97084341709933E+03	 1.73277643881922E-01
 1.97084615499936E+03	 4.05242557747175E-01
 1.97084889289939E+03	 5.58778527815293E-01
 1.97085163079942E+03	 5.59146063503825E-01
 1.97085436869945E+03	 3.95905893681130E-01
 1.97085710659948E+03	 1.32854915459229E-01
 1.97085984449951E+03	-1.35549856496609E-01
 1.97086258239954E+03	-3.37817300006424E-01
 1.97086532029957E+03	-4.44885806666162E-01
 1.97086805819961E+03	-4.54056377536419E-01
 1.97087079609964E+03	-3.68960777130233E-01
 1.97087353399967E+03	-2.00101263202774E-01
 1.97087627189970E+03	 2.02101659017909E-02
 1.97087900979973E+03	 2.34821560719378E-01
 1.97088174769976E+03	 3.85800584985741E-01
 1.97088448559979E+03	 4.48178328256969E-01
 1.97088722349982E+03	 4.38575160102653E-01
 1.97088996139985E+03	 3.87703562969498E-01
 1.97089269929988E+03	 3.06954462608321E-01
 1.97089543719991E+03	 1.86484160576576E-01
 1.97089817509994E+03	 2.42092053867418E-02
 1.97090091299997E+03	-1.51163222264894E-01
 1.97090365090001E+03	-2.90885030415241E-01
 1.97090638880004E+03	-3.58102203405755E-01
 1.97090912670007E+03	-3.45595825450478E-01
 1.97091186460010E+03	-2.63255806005924E-01
 1.97091460250013E+03	-1.16785046728371E-01
 1.97091734040016E+03	 8.94727885411555E-02
 1.97092007830019E+03	 3.24321752817708E-01
 1.97092281620022E+03	 5.14373769622479E-01
 1.97092555410025E+03	 5.74730926586455E-01
 1.97092829200028E+03	 4.67275987805322E-01
 1.97093102990031E+03	 2.31193120626607E-01
 1.97093376780034E+03	-4.39521475190639E-02
 1.97093650570037E+03	-2.74154797789967E-01
 1.97093924360041E+03	-4.15329527438878E-01
 1.97094198150044E+03	-4.57661174217863E-01
 1.97094471940047E+03	-4.03430539950076E-01
 1.97094745730050E+03	-2.59440163290375E-01
 1.97095019520053E+03	-4.94739297475809E-02
 1.97095293310056E+03	 1.75434348126501E-01
 1.97095567100059E+03	 3.52138417578424E-01
 1.97095840890062E+03	 4.40519667034847E-01
 1.97096114680065E+03	 4.45039240679263E-01
 1.97096388470068E+03	 3.98164976406301E-01
 1.97096662260071E+03	 3.22877115421261E-01
 1.97096936050074E+03	 2.16024877821411E-01
 1.97097209840077E+03	 6.90304625864115E-02
 1.97097483630080E+03	-1.01962015416231E-01
 1.97097757420084E+03	-2.53540803368996E-01
 1.97098031210087E+03	-3.42779062674159E-01
 1.97098305000090E+03	-3.53437796660172E-01
 1.97098578790093E+03	-2.93205507633335E-01
 1.97098852580096E+03	-1.70872850421619E-01
 1.97099126370099E+03	 1.21519469481950E-02
 1.97099400160102E+03	 2.39367710996663E-01
 1.97099673950105E+03	 4.53031981162570E-01
 1.97099947740108E+03	 5.66808933702550E-01
 1.97100221530111E+03	 5.19660359899323E-01
 1.97100495320114E+03	 3.22584649931407E-01
 1.97100769110117E+03	 5.22813252454473E-02
 1.97101042900120E+03	-1.99848031111262E-01
 1.97101316690124E+03	-3.74092044483068E-01
 1.97101590480127E+03	-4.50348026712048E-01
 1.97101864270130E+03	-4.28237627965118E-01
 1.97102138060133E+03	-3.12287251957158E-01
 1.97102411850136E+03	-1.18874250971758E-01
 1.97102685640139E+03	 1.09316820936098E-01
 1.97102959430142E+03	 3.08465188216776E-01
 1.97103233220145E+03	 4.25437064199807E-01
 1.97103507010148E+03	 4.49295239898136E-01
 1.97103780800151E+03	 4.08650378516162E-01
 1.97104054590154E+03	 3.36125099143386E-01
 1.97104328380157E+03	 2.38977158444225E-01
 1.97104602170160E+03	 1.07138986421042E-01
 1.97104875960164E+03	-5.49582222888961E-02
 1.97105149750167E+03	-2.12896018432494E-01
 1.97105423540170E+03	-3.21270109264403E-01
 1.97105697330173E+03	-3.54540274120896E-01
 1.97105971120176E+03	-3.15415043559728E-01
 1.97106244910179E+03	-2.15298925300998E-01
 1.97106518700182E+03	-5.65181914034069E-02
 1.97106792490185E+03	 1.55133228443732E-01
 1.97107066280188E+03	 3.79503181148063E-01
 1.97107340070191E+03	 5.36864729786836E-01
 1.97107613860194E+03	 5.50354410153119E-01
 1.97107887650197E+03	 4.02253172813183E-01
 1.97108161440200E+03	 1.49268171606901E-01
 1.97108435230203E+03	-1.16561167929586E-01
 1.97108709020207E+03	-3.21280667415764E-01
 1.97108982810210E+03	-4.31768856319096E-01
 1.97109256600213E+03	-4.42731820999232E-01
 1.97109530390216E+03	-3.57085189867473E-01
 1.97109804180219E+03	-1.85483838179835E-01
 1.97110077970222E+03	 3.86652290719852E-02
 1.97110351760225E+03	 2.55096812487459E-01
 1.97110625550228E+03	 4.01295259967988E-01
 1.97110899340231E+03	 4.49575927094985E-01
 1.97111173130234E+03	 4.19160187052559E-01
 1.97111446920237E+03	 3.48400474043300E-01
 1.97111720710240E+03	 2.56842328897481E-01
 1.97111994500243E+03	 1.38215991978061E-01
 1.97112268290247E+03	-1.20153713801729E-02
 1.97112542080250E+03	-1.70801149214249E-01
 1.97112815870253E+03	-2.94465247139176E-01
 1.97113089660256E+03	-3.49370066604645E-01
 1.97113363450259E+03	-3.30805238004505E-01
 1.97113637240262E+03	-2.50934304508000E-01
 1.97113911030265E+03	-1.15513952555574E-01
 1.97114184820268E+03	 7.55491384990127E-02
 1.97114458610271E+03	 2.98950269526960E-01
 1.97114732400274E+03	 4.87905580118044E-01
 1.97115006190277E+03	 5.58168071748047E-01
 1.97115279980280E+03	 4.65921736027909E-01
 1.97115553770283E+03	 2.42597173811131E-01
 1.97115827560287E+03	-2.67650337011565E-02
 1.97116101350290E+03	-2.57462187756963E-01
 1.97116375140293E+03	-4.01703786544820E-01
 1.97116648930296E+03	-4.46446467467621E-01
 1.97116922720299E+03	-3.92657806514157E-01
 1.97117196510302E+03	-2.47023806248322E-01
 1.97117470300305E+03	-3.39725215644690E-02
 1.97117744090308E+03	 1.93154271211695E-01
 1.97118017880311E+03	 3.67007523031254E-01
 1.97118291670314E+03	 4.43856845036234E-01
 1.97118565460317E+03	 4.28916790405239E-01
 1.97118839250320E+03	 3.60955076684949E-01
 1.97119113040323E+03	 2.71477495229950E-01
 1.97119386830326E+03	 1.62726877911800E-01
 1.97119660620330E+03	 2.54766180469998E-02
 1.97119934410333E+03	-1.29213954418147E-01
 1.97120208200336E+03	-2.63538974110819E-01
 1.97120481990339E+03	-3.38380327942331E-01
 1.97120755780342E+03	-3.40109591066564E-01
 1.97121029570345E+03	-2.78915508992961E-01
 1.97121303360348E+03	-1.64814814760082E-01
 1.97121577150351E+03	 3.45274398136867E-03
 1.97121850940354E+03	 2.16416710953594E-01
 1.97122124730357E+03	 4.24122913601141E-01
 1.97122398520360E+03	 5.43560362707896E-01
 1.97122672310363E+03	 5.10246339193272E-01
 1.97122946100366E+03	 3.27663265413219E-01
 1.97123219890370E+03	 6.62964890436537E-02
 1.97123493680373E+03	-1.83804538441256E-01
 1.97123767470376E+03	-3.60142206965684E-01
 1.97124041260379E+03	-4.39047008276021E-01
 1.97124315050382E+03	-4.18167735175214E-01
 1.97124588840385E+03	-3.01566369249440E-01
 1.97124862630388E+03	-1.05929162295499E-01
 1.97125136420391E+03	 1.24468600930636E-01
 1.97125410210394E+03	 3.22224624699919E-01
 1.97125684000397E+03	 4.30158547297010E-01
 1.97125957790400E+03	 4.36455812972191E-01
 1.97126231580403E+03	 3.74367928937291E-01
 1.97126505370406E+03	 2.84797463043000E-01
 1.97126779160410E+03	 1.81846024496175E-01
 1.97127052950413E+03	 5.67780025764797E-02
 1.97127326740416E+03	-9.00088291086881E-02
 1.97127600530419E+03	-2.29948614116725E-01
 1.97127874320422E+03	-3.22124864324875E-01
 1.97128148110425E+03	-3.43851504586481E-01
 1.97128421900428E+03	-3.00388159005921E-01
 1.97128695690431E+03	-2.05156905044903E-01
 1.97128969480434E+03	-5.95193991366707E-02
 1.97129243270437E+03	 1.36346679945217E-01
 1.97129517060440E+03	 3.50429120236766E-01
 1.97129790850443E+03	 5.08590051893253E-01
 1.97130064640446E+03	 5.33172518473426E-01
 1.97130338430450E+03	 4.00070216098489E-01
 1.97130612220453E+03	 1.58749633462230E-01
 1.97130886010456E+03	-1.02177243844407E-01
 1.97131159800459E+03	-3.07400031166401E-01
 1.97131433590462E+03	-4.20316205706911E-01
 1.97131707380465E+03	-4.33046876536047E-01
 1.97131981170468E+03	-3.47592317555667E-01
 1.97132254960471E+03	-1.74636430707095E-01
 1.97132528750474E+03	 5.14061004016430E-02
 1.97132802540477E+03	 2.67425873318272E-01
 1.97133076330480E+03	 4.06847837029381E-01
 1.97133350120483E+03	 4.39824159889120E-01
 1.97133623910486E+03	 3.88421813292224E-01
 1.97133897700489E+03	 2.98462227372149E-01
 1.97134171490493E+03	 1.97278586885456E-01
 1.97134445280496E+03	 8.19016768340224E-02
 1.97134719070499E+03	-5.47613316819887E-02
 1.97134992860502E+03	-1.95361128513064E-01
 1.97135266650505E+03	-3.01361401643642E-01
 1.97135540440508E+03	-3.42399569614368E-01
 1.97135814230511E+03	-3.16319871139702E-01
 1.97136088020514E+03	-2.37730272833188E-01
 1.97136361810517E+03	-1.12875269387277E-01
 1.97136635600520E+03	 6.22176867064706E-02
 1.97136909390523E+03	 2.71932155131087E-01
 1.97137183180526E+03	 4.56685797020254E-01
 1.97137456970529E+03	 5.34163504489220E-01
 1.97137730760533E+03	 4.56052575467197E-01
 1.97138004550536E+03	 2.46340049928235E-01
 1.97138278340539E+03	-1.51809624205435E-02
 1.97138552130542E+03	-2.44251231655576E-01
 1.97138825920545E+03	-3.90185220402322E-01
 1.97139099710548E+03	-4.36924045036700E-01
 1.97139373500551E+03	-3.83987016328171E-01
 1.97139647290554E+03	-2.37800830891219E-01
 1.97139921080557E+03	-2.33558974723993E-02
 1.97140194870560E+03	 2.03903700426090E-01
 1.97140468660563E+03	 3.72894518976117E-01
 1.97140742450566E+03	 4.36855577490199E-01
 1.97141016240569E+03	 4.02098720544005E-01
 1.97141290030573E+03	 3.13595818916499E-01
 1.97141563820576E+03	 2.10999791885920E-01
 1.97141837610579E+03	 1.01618057369579E-01
 1.97142111400582E+03	-2.45431551418030E-02
 1.97142385190585E+03	-1.61512457809177E-01
 1.97142658980588E+03	-2.77112549763361E-01
 1.97142932770591E+03	-3.36076279926550E-01
 1.97143206560594E+03	-3.27404645825571E-01
 1.97143480350597E+03	-2.63874362930868E-01
 1.97143754140600E+03	-1.57072921793463E-01
 1.97144027930603E+03	-3.67330465630746E-03
 1.97144301720606E+03	 1.93418212120318E-01
 1.97144575510609E+03	 3.92264748858940E-01
 1.97144849300612E+03	 5.14264666603886E-01
 1.97145123090616E+03	 4.92861657186470E-01
 1.97145396880619E+03	 3.24767306937560E-01
 1.97145670670622E+03	 7.39150206555571E-02
 1.97145944460625E+03	-1.72045350860084E-01
 1.97146218250628E+03	-3.48808664015640E-01
 1.97146492040631E+03	-4.29572633870318E-01
 1.97146765830634E+03	-4.09989717007685E-01
 1.97147039620637E+03	-2.93518121450776E-01
 1.97147313410640E+03	-9.70672930600431E-02
 1.97147587200643E+03	 1.33649720032523E-01
 1.97147860990646E+03	 3.28048190600587E-01
 1.97148134780649E+03	 4.25483058745976E-01
 1.97148408570652E+03	 4.13696029116981E-01
 1.97148682360656E+03	 3.30578835387475E-01
 1.97148956150659E+03	 2.24946189857833E-01
 1.97149229940662E+03	 1.17353177359874E-01
 1.97149503730665E+03	 2.35779684481586E-04
 1.97149777520668E+03	-1.30017618276747E-01
 1.97150051310671E+03	-2.50662262138772E-01
 1.97150325100674E+03	-3.25286298639526E-01
 1.97150598890677E+03	-3.34062045758535E-01
 1.97150872680680E+03	-2.84820903113559E-01
 1.97151146470683E+03	-1.93231868810693E-01
 1.97151420260686E+03	-6.02538449966776E-02
 1.97151694050689E+03	 1.18909667333024E-01
 1.97151967840692E+03	 3.20250119698053E-01
 1.97152241630696E+03	 4.75991073629816E-01
 1.97152515420699E+03	 5.09061851748832E-01
 1.97152789210702E+03	 3.90068223203739E-01
 1.97153063000705E+03	 1.61335439649820E-01
 1.97153336790708E+03	-9.27811989810811E-02
 1.97153610580711E+03	-2.96670779149798E-01
 1.97153884370714E+03	-4.10895131481088E-01
 1.97154158160717E+03	-4.25118177600486E-01
 1.97154431950720E+03	-3.40320260407813E-01
 1.97154705740723E+03	-1.67123208840495E-01
 1.97154979530726E+03	 5.91644860793024E-02
 1.97155253320729E+03	 2.72912930225066E-01
 1.97155527110732E+03	 4.04042565311779E-01
 1.97155800900735E+03	 4.21047073093768E-01
 1.97156074690739E+03	 3.48946775970496E-01
 1.97156348480742E+03	 2.40702253388146E-01
 1.97156622270745E+03	 1.30987328611729E-01
 1.97156896060748E+03	 1.99063943941266E-02
 1.97157169850751E+03	-1.02161187613544E-01
 1.97157443640754E+03	-2.23478939548071E-01
 1.97157717430757E+03	-3.10627977163849E-01
 1.97157991220760E+03	-3.36516293061267E-01
 1.97158265010763E+03	-3.01520373790388E-01
 1.97158538800766E+03	-2.22805084299865E-01
 1.97158812590769E+03	-1.07559684606453E-01
 1.97159086380772E+03	 5.13522781645613E-02
 1.97159360170775E+03	 2.45552133238661E-01
 1.97159633960779E+03	 4.23049726697053E-01
 1.97159907750782E+03	 5.04693392673478E-01
 1.97160181540785E+03	 4.39001861709536E-01
 1.97160455330788E+03	 2.43054303884909E-01
 1.97160729120791E+03	-9.11087124001920E-03
 1.97161002910794E+03	-2.34700967489467E-01
 1.97161276700797E+03	-3.80952025148795E-01
 1.97161550490800E+03	-4.29093153220522E-01
 1.97161824280803E+03	-3.77161004095569E-01
 1.97162098070806E+03	-2.31234045402952E-01
 1.97162371860809E+03	-1.67769275552726E-02
 1.97162645650812E+03	 2.08914028981193E-01
 1.97162919440815E+03	 3.71524916788912E-01
 1.97163193230819E+03	 4.21814150275894E-01
 1.97163467020822E+03	 3.67410910942307E-01
 1.97163740810825E+03	 2.59228102680657E-01
 1.97164014600828E+03	 1.44577746429952E-01
 1.97164288390831E+03	 3.55196748018170E-02
 1.97164562180834E+03	-7.87043003431057E-02
 1.97164835970837E+03	-1.97071542042652E-01
 1.97165109760840E+03	-2.92956408078457E-01
 1.97165383550843E+03	-3.34926092340581E-01
 1.97165657340846E+03	-3.14569971954927E-01
 1.97165931130849E+03	-2.47267544959307E-01
 1.97166204920852E+03	-1.46491044296380E-01
 1.97166478710855E+03	-7.53545079457935E-03
 1.97166752500859E+03	 1.72580881559207E-01
 1.97167026290862E+03	 3.59931495905956E-01
 1.97167300080865E+03	 4.81274743326720E-01
 1.97167573870868E+03	 4.69384917308208E-01
 1.97167847660871E+03	 3.15119502816527E-01
 1.97168121450874E+03	 7.57428313943005E-02
 1.97168395240877E+03	-1.64371679121401E-01
 1.97168669030880E+03	-3.40031775548507E-01
 1.97168942820883E+03	-4.21784979272686E-01
 1.97169216610886E+03	-4.03356705911925E-01
 1.97169490400889E+03	-2.87530725824556E-01
 1.97169764190892E+03	-9.13673342553238E-02
 1.97170037980895E+03	 1.38167366037793E-01
 1.97170311770898E+03	 3.27741767127982E-01
 1.97170585560902E+03	 4.13811525389929E-01
 1.97170859350905E+03	 3.84000240888662E-01
 1.97171133140908E+03	 2.80669390294033E-01
 1.97171406930911E+03	 1.60041942302049E-01
 1.97171680720914E+03	 4.87198759904068E-02
 1.97171954510917E+03	-5.97445833700337E-02
 1.97172228300920E+03	-1.72799437003441E-01
 1.97172502090923E+03	-2.73376881016739E-01
 1.97172775880926E+03	-3.29527854647391E-01
 1.97173049670929E+03	-3.24240917678398E-01
 1.97173323460932E+03	-2.67869084028326E-01
 1.97173597250935E+03	-1.78491109019970E-01
 1.97173871040938E+03	-5.72431946502339E-02
 1.97174144830942E+03	 1.04853296468094E-01
 1.97174418620945E+03	 2.91426248706723E-01
 1.97174692410948E+03	 4.41639502876112E-01
 1.97174966200951E+03	 4.80329844438395E-01
 1.97175239990954E+03	 3.74010257694539E-01
 1.97175513780957E+03	 1.58159751726885E-01
 1.97175787570960E+03	-8.77512683451024E-02
 1.97176061360963E+03	-2.88748133644043E-01
 1.97176335150966E+03	-4.03197824481018E-01
 1.97176608940969E+03	-4.18505365770996E-01
 1.97176882730972E+03	-3.34601024659516E-01
 1.97177156520975E+03	-1.61983766836178E-01
 1.97177430310978E+03	 6.32759137883747E-02
 1.97177704100982E+03	 2.73385686659757E-01
 1.97177977890985E+03	 3.95312238770766E-01
 1.97178251680988E+03	 3.96305082974882E-01
 1.97178525470991E+03	 3.04279123896557E-01
 1.97178799260994E+03	 1.78846111387073E-01
 1.97179073050997E+03	 6.15222017268489E-02
 1.97179346841000E+03	-4.46593665736471E-02
 1.97179620631003E+03	-1.51667670692430E-01
 1.97179894421006E+03	-2.53162195058359E-01
 1.97180168211009E+03	-3.20754233929025E-01
 1.97180442001012E+03	-3.30584631819299E-01
 1.97180715791015E+03	-2.85483774118996E-01
 1.97180989581018E+03	-2.05204203595207E-01
 1.97181263371021E+03	-9.82979466166371E-02
 1.97181537161025E+03	 4.47408348051918E-02
 1.97181810951028E+03	 2.22125162204554E-01
 1.97182084741031E+03	 3.89625879353961E-01
 1.97182358531034E+03	 4.72349205117542E-01
 1.97182632321037E+03	 4.16982486533726E-01
 1.97182906111040E+03	 2.34376063050781E-01
 1.97183179901043E+03	-7.48910440014243E-03
 1.97183453691046E+03	-2.28143009047931E-01
 1.97183727481049E+03	-3.73497571868477E-01
 1.97184001271052E+03	-4.22408673006720E-01
 1.97184275061055E+03	-3.71465296228442E-01
 1.97184548851058E+03	-2.26351273579987E-01
 1.97184822641061E+03	-1.29130049907673E-02
 1.97185096431065E+03	 2.09981019497261E-01
 1.97185370221068E+03	 3.65296040810931E-01
 1.97185644011071E+03	 4.01787828400337E-01
 1.97185917801074E+03	 3.28465136186030E-01
 1.97186191591077E+03	 2.01744159767124E-01
 1.97186465381080E+03	 7.60212442646673E-02
 1.97186739171083E+03	-3.21508345384425E-02
 1.97187012961086E+03	-1.34144924984801E-01
 1.97187286751089E+03	-2.33603209047243E-01
 1.97187560541092E+03	-3.09296370454868E-01
 1.97187834331095E+03	-3.33583843410911E-01
 1.97188108121098E+03	-3.00568110178902E-01
 1.97188381911101E+03	-2.28169114095785E-01
 1.97188655701105E+03	-1.31980708763343E-01
 1.97188929491108E+03	-6.61783832049892E-03
 1.97189203281111E+03	 1.55975034530084E-01
 1.97189477071114E+03	 3.29657716369871E-01
 1.97189750861117E+03	 4.47306931649596E-01
 1.97190024651120E+03	 4.42355178248502E-01
 1.97190298441123E+03	 3.00793715092437E-01
 1.97190572231126E+03	 7.32805577673870E-02
 1.97190846021129E+03	-1.59768904879290E-01
 1.97191119811132E+03	-3.33078516450729E-01
 1.97191393601135E+03	-4.15018580138202E-01
 1.97191667391138E+03	-3.97509805752744E-01
 1.97191941181141E+03	-2.82639149084539E-01
 1.97192214971144E+03	-8.75529813119540E-02
 1.97192488761148E+03	 1.39738580728188E-01
 1.97192762551151E+03	 3.23605800601426E-01
 1.97193036341154E+03	 3.98116848238088E-01
 1.97193310131157E+03	 3.50958535335260E-01
 1.97193583921160E+03	 2.28606953262376E-01
 1.97193857711163E+03	 9.40687885471336E-02
 1.97194131501166E+03	-2.03963170925055E-02
 1.97194405291169E+03	-1.20040530148974E-01
 1.97194679081172E+03	-2.15816442081364E-01
 1.97194952871175E+03	-2.96090599924091E-01
 1.97195226661178E+03	-3.33308203058146E-01
 1.97195500451181E+03	-3.13219576826802E-01
 1.97195774241184E+03	-2.48592022080280E-01
 1.97196048031188E+03	-1.59984129527633E-01
 1.97196321821191E+03	-4.92401019023272E-02
 1.97196595611194E+03	 9.59404678166766E-02
 1.97196869401197E+03	 2.66271449088814E-01
 1.97197143191200E+03	 4.08218005654413E-01
 1.97197416981203E+03	 4.49696035173052E-01
 1.97197690771206E+03	 3.54309747958280E-01
 1.97197964561209E+03	 1.51117026335985E-01
 1.97198238351212E+03	-8.57254834318095E-02
 1.97198512141215E+03	-2.82654141997487E-01
 1.97198785931218E+03	-3.96422623770775E-01
 1.97199059721221E+03	-4.12401604856795E-01
 1.97199333511224E+03	-3.29487610762348E-01
 1.97199607301228E+03	-1.58012690302351E-01
 1.97199881091231E+03	 6.53406544401880E-02
 1.97200154881234E+03	 2.70994492153514E-01
 1.97200428671237E+03	 3.83476858827393E-01
 1.97200702461240E+03	 3.69080693893644E-01
 1.97200976251243E+03	 2.58369173936764E-01
 1.97201250041246E+03	 1.16966321824618E-01
 1.97201523831249E+03	-7.29008418156932E-03
 1.97201797621252E+03	-1.08469536160503E-01
 1.97202071411255E+03	-2.00542905346091E-01
 1.97202345201258E+03	-2.82226295247466E-01
 1.97202618991261E+03	-3.30035342334691E-01
 1.97202892781264E+03	-3.23309371752330E-01
 1.97203166571268E+03	-2.67225830981236E-01
 1.97203440361271E+03	-1.84069153418726E-01
 1.97203714151274E+03	-8.40835699224878E-02
 1.97203987941277E+03	 4.38125770071068E-02
 1.97204261731280E+03	 2.03650712848110E-01
 1.97204535521283E+03	 3.58919298753561E-01
 1.97204809311286E+03	 4.39876483152119E-01
 1.97205083101289E+03	 3.92623118524297E-01
 1.97205356891292E+03	 2.22521326127405E-01
 1.97205630681295E+03	-8.63020461274037E-03
 1.97205904471298E+03	-2.23349985873823E-01
 1.97206178261301E+03	-3.66872255317116E-01
 1.97206452051304E+03	-4.16009669716701E-01
 1.97206725841307E+03	-3.65975187277416E-01
 1.97206999631311E+03	-2.22033782490682E-01
 1.97207273421314E+03	-1.03088506121835E-02
 1.97207547211317E+03	 2.09061780628174E-01
 1.97207821001320E+03	 3.56813612944449E-01
 1.97208094791323E+03	 3.80071983921748E-01
 1.97208368581326E+03	 2.89104508052660E-01
 1.97208642371329E+03	 1.45217491031086E-01
 1.97208916161332E+03	 9.25246296721816E-03
 1.97209189951335E+03	-9.79220656528329E-02
 1.97209463741338E+03	-1.87976789737527E-01
 1.97209737531341E+03	-2.68788069823476E-01
 1.97210011321344E+03	-3.24306999598586E-01
 1.97210285111347E+03	-3.30651087027600E-01
 1.97210558901351E+03	-2.84361643725069E-01
 1.97210832691354E+03	-2.05773725157385E-01
 1.97211106481357E+03	-1.12735232081665E-01
 1.97211380271360E+03	 1.80244844347765E-04
 1.97211654061363E+03	 1.45228430618133E-01
 1.97211927851366E+03	 3.03652676837906E-01
 1.97212201641369E+03	 4.14983097675958E-01
 1.97212475431372E+03	 4.14476401139740E-01
 1.97212749221375E+03	 2.84228687633885E-01
 1.97213023011378E+03	 6.84875397830479E-02
 1.97213296801381E+03	-1.56773382537794E-01
 1.97213570591384E+03	-3.26847762950931E-01
 1.97213844381387E+03	-4.08352945410622E-01
 1.97214118171391E+03	-3.91546428115311E-01
 1.97214391961394E+03	-2.77819247318004E-01
 1.97214665751397E+03	-8.43320418771558E-02
 1.97214939541400E+03	 1.40095473410010E-01
 1.97215213331403E+03	 3.17981674380557E-01
 1.97215487121406E+03	 3.81436805590011E-01
 1.97215760911409E+03	 3.18221350056376E-01
 1.97216034701412E+03	 1.78378643894434E-01
 1.97216308491415E+03	 3.09688677997418E-02
 1.97216582281418E+03	-8.64369553761443E-02
 1.97216856071421E+03	-1.77660279345232E-01
 1.97217129861424E+03	-2.56659831867577E-01
 1.97217403651427E+03	-3.16904060491668E-01
 1.97217677441430E+03	-3.35162859875006E-01
 1.97217951231434E+03	-2.99917572618434E-01
 1.97218225021437E+03	-2.26213130103986E-01
 1.97218498811440E+03	-1.37060614549907E-01
 1.97218772601443E+03	-3.54443831322024E-02
 1.97219046391446E+03	 9.34053618662826E-02
 1.97219320181449E+03	 2.46614003081534E-01
 1.97219593971452E+03	 3.78092098182618E-01
 1.97219867761455E+03	 4.19796011650144E-01
 1.97220141551458E+03	 3.33510346625933E-01
 1.97220415341461E+03	 1.42367220931499E-01
 1.97220689131464E+03	-8.50363703680010E-02
 1.97220962921467E+03	-2.77143949738521E-01
 1.97221236711470E+03	-3.89587979603888E-01
 1.97221510501474E+03	-4.05924471633165E-01
 1.97221784291477E+03	-3.24052200683101E-01
 1.97222058081480E+03	-1.54089415488442E-01
 1.97222331871483E+03	 6.68460357322027E-02
 1.97222605661486E+03	 2.67779340928531E-01
 1.97222879451489E+03	 3.71257806510818E-01
 1.97223153241492E+03	 3.42753696475767E-01
 1.97223427031495E+03	 2.15032432689229E-01
 1.97223700821498E+03	 5.89482669227057E-02
 1.97223974611501E+03	-7.18626213834428E-02
 1.97224248401504E+03	-1.68471866969712E-01
 1.97224522191507E+03	-2.46327615470384E-01
 1.97224795981510E+03	-3.08741458550081E-01
 1.97225069771514E+03	-3.36984331307857E-01
 1.97225343561517E+03	-3.13593498742431E-01
 1.97225617351520E+03	-2.45992401971460E-01
 1.97225891141523E+03	-1.58869646237539E-01
 1.97226164931526E+03	-6.43765435592650E-02
 1.97226438721529E+03	 4.94160747652912E-02
 1.97226712511532E+03	 1.91526337219019E-01
 1.97226986301535E+03	 3.32932842900512E-01
 1.97227260091538E+03	 4.09706803987354E-01
 1.97227533881541E+03	 3.68444835936844E-01
 1.97227807671544E+03	 2.09758427575773E-01
 1.97228081461547E+03	-1.07141299499468E-02
 1.97228355251550E+03	-2.18954319864901E-01
 1.97228629041553E+03	-3.60038608501345E-01
 1.97228902831557E+03	-4.09032879062466E-01
 1.97229176621560E+03	-3.59857010331387E-01
 1.97229450411563E+03	-2.17333004011944E-01
 1.97229724201566E+03	-7.72997392105886E-03
 1.97229997991569E+03	 2.07871891037659E-01
 1.97230271781572E+03	 3.48437710623339E-01
 1.97230545571575E+03	 3.59708176343522E-01
 1.97230819361578E+03	 2.52892200217601E-01
 1.97231093151581E+03	 9.33995614704566E-02
 1.97231366941584E+03	-5.21729246718014E-02
 1.97231640731587E+03	-1.58721462763232E-01
 1.97231914521590E+03	-2.37721034905489E-01
 1.97232188311593E+03	-3.00700745773978E-01
 1.97232462101597E+03	-3.36520711308135E-01
 1.97232735891600E+03	-3.25050518507571E-01
 1.97233009681603E+03	-2.65229912486007E-01
 1.97233283471606E+03	-1.79648242524480E-01
 1.97233557261609E+03	-8.84323438680336E-02
 1.97233831051612E+03	 1.33510484066414E-02
 1.97234104841615E+03	 1.41291622161743E-01
 1.97234378631618E+03	 2.83482192151694E-01
 1.97234652421621E+03	 3.86413358398620E-01
 1.97234926211624E+03	 3.88120068036733E-01
 1.97235200001627E+03	 2.67696592596748E-01
 1.97235473791630E+03	 6.32689008724785E-02
 1.97235747581633E+03	-1.53929314939615E-01
 1.97236021371637E+03	-3.20259652127690E-01
 1.97236295161640E+03	-4.00946272908117E-01
 1.97236568951643E+03	-3.84723434388252E-01
 1.97236842741646E+03	-2.72288677066165E-01
 1.97237116531649E+03	-8.07202983980177E-02
 1.97237390321652E+03	 1.40620407613993E-01
 1.97237664111655E+03	 3.12838844870707E-01
 1.97237937901658E+03	 3.66420369394538E-01
 1.97238211691661E+03	 2.89026147220612E-01
 1.97238485481664E+03	 1.33525725994499E-01
 1.97238759271667E+03	-2.57950953888955E-02
 1.97239033061670E+03	-1.46348527658292E-01
 1.97239306851673E+03	-2.30129026693550E-01
 1.97239580641677E+03	-2.93431771347170E-01
 1.97239854431680E+03	-3.34402153768127E-01
 1.97240128221683E+03	-3.34072089806198E-01
 1.97240402011686E+03	-2.83671580177404E-01
 1.97240675801689E+03	-2.00389383493468E-01
 1.97240949591692E+03	-1.09579925659174E-01
 1.97241223381695E+03	-1.56792628310753E-02
 1.97241497171698E+03	 9.77630814438206E-02
 1.97241770961701E+03	 2.33541637482490E-01
 1.97242044751704E+03	 3.52958620053873E-01
 1.97242318541707E+03	 3.92734682431552E-01
 1.97242592331710E+03	 3.13779042918036E-01
 1.97242866121713E+03	 1.33821161149363E-01
 1.97243139911716E+03	-8.41866013787363E-02
 1.97243413701720E+03	-2.71117751915437E-01
 1.97243687491723E+03	-3.81880816905914E-01
 1.97243961281726E+03	-3.98418574329260E-01
 1.97244235071729E+03	-3.17669162884399E-01
 1.97244508861732E+03	-1.49468680921217E-01
 1.97244782651735E+03	 6.88459092794294E-02
 1.97245056441738E+03	 2.65306253951342E-01
 1.97245330231741E+03	 3.60872879218256E-01
 1.97245604021744E+03	 3.20173006192337E-01
 1.97245877811747E+03	 1.77526688055551E-01
 1.97246151601750E+03	 8.09764051091510E-03
 1.97246425391753E+03	-1.29202170538233E-01
 1.97246699181756E+03	-2.22214855283117E-01
 1.97246972971760E+03	-2.87162894208547E-01
 1.97247246761763E+03	-3.31364516350552E-01
 1.97247520551766E+03	-3.40670254442336E-01
 1.97247794341769E+03	-3.00860433780109E-01
 1.97248068131772E+03	-2.21537621827714E-01
 1.97248341921775E+03	-1.29622059599768E-01
 1.97248615711778E+03	-3.92723911529051E-02
 1.97248889501781E+03	 6.16623500777251E-02
 1.97249163291784E+03	 1.86351550497124E-01
 1.97249437081787E+03	 3.12887962594704E-01
 1.97249710871790E+03	 3.83579536989835E-01
 1.97249984661793E+03	 3.46403938971663E-01
 1.97250258451796E+03	 1.97918129390445E-01
 1.97250532241800E+03	-1.22582053427670E-02
 1.97250806031803E+03	-2.13866987499512E-01
 1.97251079821806E+03	-3.52225224332930E-01
 1.97251353611809E+03	-4.00910493908162E-01
 1.97251627401812E+03	-3.52631020014499E-01
 1.97251901191815E+03	-2.11724999047583E-01
 1.97252174981818E+03	-4.43446485972297E-03
 1.97252448771821E+03	 2.07577573262952E-01
 1.97252722561824E+03	 3.41934071901441E-01
 1.97252996351827E+03	 3.43107817017578E-01
 1.97253270141830E+03	 2.22735278653737E-01
 1.97253543931833E+03	 4.93733023285191E-02
 1.97253817721836E+03	-1.05367448787328E-01
 1.97254091511839E+03	-2.12139841222183E-01
 1.97254365301843E+03	-2.81560089011770E-01
 1.97254639091846E+03	-3.28074177496125E-01
 1.97254912881849E+03	-3.45113327912319E-01
 1.97255186671852E+03	-3.16318883149646E-01
 1.97255460461855E+03	-2.43040137400179E-01
 1.97255734251858E+03	-1.49954239751468E-01
 1.97256008041861E+03	-5.94015003894619E-02
 1.97256281831864E+03	 3.26439560635036E-02
 1.97256555621867E+03	 1.44291321260785E-01
 1.97256829411870E+03	 2.69860504260734E-01
 1.97257103201873E+03	 3.62896154522495E-01
 1.97257376991876E+03	 3.64937052584376E-01
 1.97257650781879E+03	 2.52861961594187E-01
 1.97257924571883E+03	 5.90306584830705E-02
 1.97258198361886E+03	-1.50195722559837E-01
 1.97258472151889E+03	-3.12602772731352E-01
 1.97258745941892E+03	-3.92321802056176E-01
 1.97259019731895E+03	-3.76696942035297E-01
 1.97259293521898E+03	-2.65723556873882E-01
 1.97259567311901E+03	-7.62617662982301E-02
 1.97259841101904E+03	 1.42098766060231E-01
 1.97260114891907E+03	 3.09488815930198E-01
 1.97260388681910E+03	 3.55009457919178E-01
 1.97260662471913E+03	 2.65871796478557E-01
 1.97260936261916E+03	 9.68430831694247E-02
 1.97261210051919E+03	-7.34924671464605E-02
 1.97261483841923E+03	-1.97787415035629E-01
 1.97261757631926E+03	-2.75668947157331E-01
 1.97262031421929E+03	-3.24931958609203E-01
 1.97262305211932E+03	-3.47868549328904E-01
 1.97262579001935E+03	-3.29701949552956E-01
 1.97262852791938E+03	-2.64479310013248E-01
 1.97263126581941E+03	-1.71426070371495E-01
 1.97263400371944E+03	-7.80758846644566E-02
 1.97263674161947E+03	 9.48860084039007E-03
 1.97263947951950E+03	 1.08701363099228E-01
 1.97264221741953E+03	 2.27257363140165E-01
 1.97264495531956E+03	 3.33626052702023E-01
 1.97264769321959E+03	 3.69779294657127E-01
 1.97265043111962E+03	 2.96533333534933E-01
 1.97265316901966E+03	 1.26744526740171E-01
 1.97265590691969E+03	-8.22245543933686E-02
 1.97265864481972E+03	-2.63946672459366E-01
 1.97266138271975E+03	-3.72922631160810E-01
 1.97266412061978E+03	-3.89668185998291E-01
 1.97266685851981E+03	-3.10192396680016E-01
 1.97266959641984E+03	-1.43947935780410E-01
 1.97267233431987E+03	 7.17769157372512E-02
 1.97267507221990E+03	 2.64448862433907E-01
 1.97267781011993E+03	 3.53781878830411E-01
 1.97268054801996E+03	 3.03385674503301E-01
 1.97268328591999E+03	 1.48297422399009E-01
 1.97268602382002E+03	-3.30679806484774E-02
 1.97268876172006E+03	-1.77061798354507E-01
 1.97269149962009E+03	-2.67960947249519E-01
 1.97269423752012E+03	-3.21897180787021E-01
 1.97269697542015E+03	-3.49471179870900E-01
 1.97269971332018E+03	-3.40888365896906E-01
 1.97270245122021E+03	-2.85249342615299E-01
 1.97270518912024E+03	-1.94313962762153E-01
 1.97270792702027E+03	-9.70442707959130E-02
 1.97271066492030E+03	-9.61088208221860E-03
 1.97271340282033E+03	 7.98449666813888E-02
 1.97271614072036E+03	 1.87837166150049E-01
 1.97271887862039E+03	 2.99080565815402E-01
 1.97272161652042E+03	 3.62320459967213E-01
 1.97272435442046E+03	 3.27600389186317E-01
 1.97272709232049E+03	 1.88064529009420E-01
 1.97272983022052E+03	-1.24426799723523E-02
 1.97273256812055E+03	-2.07566578922147E-01
 1.97273530602058E+03	-3.43162098672609E-01
 1.97273804392061E+03	-3.91550271205583E-01
 1.97274078182064E+03	-3.44307817726150E-01
 1.97274351972067E+03	-2.05224868742153E-01
 1.97274625762070E+03	-2.92263300191573E-04
 1.97274899552073E+03	 2.08647994474043E-01
 1.97275173342076E+03	 3.38288389239351E-01
 1.97275447132079E+03	 3.31840236366280E-01
 1.97275720922082E+03	 2.00676972399230E-01
 1.97275994712086E+03	 1.53842720494967E-02
 1.97276268502089E+03	-1.48221727422577E-01
 1.97276542292092E+03	-2.56488490170091E-01
 1.97276816082095E+03	-3.18371422995775E-01
 1.97277089872098E+03	-3.50347168635619E-01
 1.97277363662101E+03	-3.49991006429296E-01
 1.97277637452104E+03	-3.04734642532108E-01
 1.97277911242107E+03	-2.18393448538811E-01
 1.97278185032110E+03	-1.17579833138329E-01
 1.97278458822113E+03	-2.67182661400771E-02
 1.97278732612116E+03	 5.70076545930019E-02
 1.97279006402119E+03	 1.53482326958868E-01
 1.97279280192122E+03	 2.62572528695221E-01
 1.97279553982125E+03	 3.44780040175750E-01
 1.97279827772129E+03	 3.45653294728806E-01
 1.97280101562132E+03	 2.40532126054004E-01
 1.97280375352135E+03	 5.64197677595790E-02
 1.97280649142138E+03	-1.45183881640605E-01
 1.97280922932141E+03	-3.03727548583091E-01
 1.97281196722144E+03	-3.82509029364609E-01
 1.97281470512147E+03	-3.67615913032586E-01
 1.97281744302150E+03	-2.58320610803652E-01
 1.97282018092153E+03	-7.10844180521749E-02
 1.97282291882156E+03	 1.44642933285453E-01
 1.97282565672159E+03	 3.08471597734077E-01
 1.97282839462162E+03	 3.48290525046154E-01
 1.97283113252165E+03	 2.50359998245322E-01
 1.97283387042169E+03	 7.02468658310166E-02
 1.97283660832172E+03	-1.10201475638828E-01
 1.97283934622175E+03	-2.39134825534173E-01
 1.97284208412178E+03	-3.13172860003693E-01
 1.97284482202181E+03	-3.50626998449098E-01
 1.97284755992184E+03	-3.57285707955763E-01
 1.97285029782187E+03	-3.22450949345655E-01
 1.97285303572190E+03	-2.43083179286049E-01
 1.97285577362193E+03	-1.40369183883964E-01
 1.97285851152196E+03	-4.38280785866110E-02
 1.97286124942199E+03	 3.87122544882343E-02
 1.97286398732202E+03	 1.25066381221381E-01
 1.97286672522205E+03	 2.27057107525789E-01
 1.97286946312209E+03	 3.19951880200201E-01
 1.97287220102212E+03	 3.51241587629211E-01
 1.97287493892215E+03	 2.82277498752853E-01
 1.97287767682218E+03	 1.21574548879189E-01
 1.97288041472221E+03	-7.89176798026457E-02
 1.97288315262224E+03	-2.55613481733483E-01
 1.97288589052227E+03	-3.62865008013234E-01
 1.97288862842230E+03	-3.79945741626808E-01
 1.97289136632233E+03	-3.01966518062691E-01
 1.97289410422236E+03	-1.37862138988053E-01
 1.97289684212239E+03	 7.54527646084995E-02
 1.97289958002242E+03	 2.65348489606555E-01
 1.97290231792245E+03	 3.50605581995512E-01
 1.97290505582248E+03	 2.93530989674619E-01
 1.97290779372252E+03	 1.28881262376102E-01
 1.97291053162255E+03	-6.28705045461299E-02
 1.97291326952258E+03	-2.13928143216567E-01
 1.97291600742261E+03	-3.04617576843432E-01
 1.97291874532264E+03	-3.49991855745289E-01
 1.97292148322267E+03	-3.63074917986877E-01
 1.97292422112270E+03	-3.38120623770243E-01
 1.97292695902273E+03	-2.67622580889221E-01
 1.97292969692276E+03	-1.65508445404734E-01
 1.97293243482279E+03	-6.25910391869609E-02
 1.97293517272282E+03	 2.30124349019611E-02
 1.97293791062285E+03	 1.02455066976332E-01
 1.97294064852288E+03	 1.94828087525531E-01
 1.97294338642292E+03	 2.90883460599920E-01
 1.97294612432295E+03	 3.45804175780331E-01
 1.97294886222298E+03	 3.12199953346720E-01
 1.97295160012301E+03	 1.80393981364938E-01
 1.97295433802304E+03	-1.12113152230355E-02
 1.97295707592307E+03	-2.00178453604636E-01
 1.97295981382310E+03	-3.33124029030669E-01
 1.97296255172313E+03	-3.81336574755407E-01
 1.97296528962316E+03	-3.35350259845230E-01
 1.97296802752319E+03	-1.98324686749740E-01
 1.97297076542322E+03	 4.27565088810549E-03
 1.97297350332325E+03	 2.10887914538326E-01
 1.97297624122328E+03	 3.37695071685414E-01
 1.97297897912332E+03	 3.26583554929166E-01
 1.97298171702335E+03	 1.87837823844432E-01
 1.97298445492338E+03	-7.18967254299151E-03
 1.97298719282341E+03	-1.79376558989587E-01
 1.97298993072344E+03	-2.90706369978937E-01
 1.97299266862347E+03	-3.47589233366880E-01
 1.97299540652350E+03	-3.67516601940035E-01
 1.97299814442353E+03	-3.51668895694987E-01
 1.97300088232356E+03	-2.91242634065524E-01
 1.97300362022359E+03	-1.92591252602658E-01
 1.97300635812362E+03	-8.41248351502812E-02
 1.97300909602365E+03	 7.81830001689228E-03
 1.97301183392368E+03	 8.46346380651880E-02
 1.97301457182371E+03	 1.67308108295501E-01
 1.97301730972375E+03	 2.60530451739826E-01
 1.97302004762378E+03	 3.31496609053136E-01
 1.97302278552381E+03	 3.30072465435776E-01
 1.97302552342384E+03	 2.30638293837591E-01
 1.97302826132387E+03	 5.53004002841365E-02
 1.97303099922390E+03	-1.39168981651165E-01
 1.97303373712393E+03	-2.94032396019123E-01
 1.97303647502396E+03	-3.71995241616635E-01
 1.97303921292399E+03	-3.58036742689934E-01
 1.97304195082402E+03	-2.50683387081358E-01
 1.97304468872405E+03	-6.57788201511268E-02
 1.97304742662408E+03	 1.47793617443997E-01
 1.97305016452411E+03	 3.09614368006490E-01
 1.97305290242415E+03	 3.46505826910002E-01
 1.97305564032418E+03	 2.43178059961123E-01
 1.97305837822421E+03	 5.47647646376671E-02
 1.97306111612424E+03	-1.34774617261748E-01
 1.97306385402427E+03	-2.69397206840825E-01
 1.97306659192430E+03	-3.42044169769866E-01
 1.97306932982433E+03	-3.70456989889365E-01
 1.97307206772436E+03	-3.63145221514987E-01
 1.97307480562439E+03	-3.13294420857458E-01
 1.97307754352442E+03	-2.20859286369228E-01
 1.97308028142445E+03	-1.08927724073132E-01
 1.97308301932448E+03	-8.79391025592760E-03
 1.97308575722451E+03	 6.99431313130804E-02
 1.97308849512455E+03	 1.44957822824636E-01
 1.97309123302458E+03	 2.31431249206689E-01
 1.97309397092461E+03	 3.10934942473387E-01
 1.97309670882464E+03	 3.36551828933247E-01
 1.97309944672467E+03	 2.70660735531478E-01
 1.97310218462470E+03	 1.17972329180097E-01
 1.97310492252473E+03	-7.46944903326757E-02
 1.97310766042476E+03	-2.46638589385643E-01
 1.97311039832479E+03	-3.52290445280477E-01
 1.97311313622482E+03	-3.69881387882755E-01
 1.97311587412485E+03	-2.93667276020828E-01
 1.97311861202488E+03	-1.31909672918379E-01
 1.97312134992491E+03	 7.92274574803418E-02
 1.97312408782495E+03	 2.67539825748841E-01
 1.97312682572498E+03	 3.51199362156878E-01
 1.97312956362501E+03	 2.90869695315059E-01
 1.97313230152504E+03	 1.19920053010725E-01
 1.97313503942507E+03	-8.04333931234470E-02
 1.97313777732510E+03	-2.38927755751317E-01
 1.97314051522513E+03	-3.31576396613279E-01
 1.97314325312516E+03	-3.71306640480706E-01
 1.97314599102519E+03	-3.72589983944165E-01
 1.97314872892522E+03	-3.33311609881328E-01
 1.97315146682525E+03	-2.49377981101383E-01
 1.97315420472528E+03	-1.36894217317008E-01
 1.97315694262531E+03	-2.83299497188668E-02
 1.97315968052534E+03	 5.63667576401036E-02
 1.97316241842538E+03	 1.27311826516694E-01
 1.97316515632541E+03	 2.05443737192727E-01
 1.97316789422544E+03	 2.86887814976256E-01
 1.97317063212547E+03	 3.33088503484070E-01
 1.97317337002550E+03	 2.99560523881454E-01
 1.97317610792553E+03	 1.74358125176107E-01
 1.97317884582556E+03	-9.14561600387361E-03
 1.97318158372559E+03	-1.92340494765221E-01
 1.97318432162562E+03	-3.22780943877009E-01
 1.97318705952565E+03	-3.70957636505132E-01
 1.97318979742568E+03	-3.26474437027017E-01
 1.97319253532571E+03	-1.91775862561881E-01
 1.97319527322574E+03	 8.51300447288784E-03
 1.97319801112578E+03	 2.13624128146068E-01
 1.97320074902581E+03	 3.39692405916357E-01
 1.97320348692584E+03	 3.27204562021501E-01
 1.97320622482587E+03	 1.84459282273639E-01
 1.97320896272590E+03	-1.77952451887451E-02
 1.97321170062593E+03	-1.98141845933837E-01
 1.97321443852595E+03	-3.14215384321224E-01
 1.97321717642599E+03	-3.68992829553902E-01
 1.97321991432602E+03	-3.79878668089093E-01
 1.97322265222605E+03	-3.50998559425294E-01
 1.97322539012608E+03	-2.77199451225807E-01
 1.97322812802611E+03	-1.67415373920184E-01
 1.97323086592614E+03	-5.17131760178229E-02
 1.97323360382618E+03	 4.18563070955036E-02
 1.97323634172621E+03	 1.13131153065730E-01
 1.97323907962624E+03	 1.83577788974696E-01
 1.97324181752627E+03	 2.61956321583341E-01
 1.97324455542630E+03	 3.21744305061395E-01
 1.97324729332633E+03	 3.17259512987285E-01
 1.97325003122636E+03	 2.22420435215000E-01
 1.97325276912639E+03	 5.49416935119596E-02
 1.97325550702642E+03	-1.32898735751170E-01
 1.97325824492645E+03	-2.84265670060175E-01
 1.97326098282648E+03	-3.61513931026996E-01
 1.97326372072651E+03	-3.48691387705521E-01
 1.97326645862654E+03	-2.43571000108733E-01
 1.97326919652657E+03	-6.11412843349019E-02
 1.97327193442661E+03	 1.50757499042497E-01
 1.97327467232664E+03	 3.12223779459116E-01
 1.97327741022667E+03	 3.49186025839730E-01
 1.97328014812670E+03	 2.44178554417747E-01
 1.97328288602673E+03	 5.05904945058087E-02
 1.97328562392676E+03	-1.46770178604469E-01
 1.97328836182679E+03	-2.88087696515150E-01
 1.97329109972682E+03	-3.62008578469340E-01
 1.97329383762685E+03	-3.84581271708751E-01
 1.97329657552688E+03	-3.66152188352048E-01
 1.97329931342691E+03	-3.03481158475583E-01
 1.97330205132694E+03	-1.99533833521849E-01
 1.97330478922697E+03	-7.92210693818482E-02
 1.97330752712701E+03	 2.46184297449416E-02
 1.97331026502704E+03	 1.00645978466856E-01
 1.97331300292707E+03	 1.65943308854411E-01
 1.97331574082710E+03	 2.38283517472853E-01
 1.97331847872713E+03	 3.04939414633161E-01
 1.97332121662716E+03	 3.24488286391909E-01
 1.97332395452719E+03	 2.60712946283772E-01
 1.97332669242722E+03	 1.15063700734753E-01
 1.97332943032725E+03	-7.04021854506130E-02
 1.97333216822728E+03	-2.37837863923461E-01
 1.97333490612731E+03	-3.41966277499990E-01
 1.97333764402734E+03	-3.60204914599025E-01
 1.97334038192737E+03	-2.86026761384036E-01
 1.97334311982741E+03	-1.26867066176134E-01
 1.97334585772744E+03	 8.22717566715716E-02
 1.97334859562747E+03	 2.70192094815535E-01
 1.97335133352750E+03	 3.54837133791321E-01
 1.97335407142753E+03	 2.94905136682661E-01
 1.97335680932756E+03	 1.21235346644593E-01
 1.97335954722759E+03	-8.56197911578140E-02
 1.97336228512762E+03	-2.51737105888557E-01
 1.97336502302765E+03	-3.48561914606310E-01
 1.97336776092768E+03	-3.85873115604046E-01
 1.97337049882771E+03	-3.78540120331323E-01
 1.97337323672774E+03	-3.27540852620855E-01
 1.97337597462777E+03	-2.32117566612563E-01
 1.97337871252780E+03	-1.10518848697248E-01
 1.97338145042784E+03	 3.34363834264842E-03
 1.97338418832787E+03	 8.78504678891148E-02
 1.97338692622790E+03	 1.51817049375634E-01
 1.97338966412793E+03	 2.17331499105445E-01
 1.97339240202796E+03	 2.85160704600673E-01
 1.97339513992799E+03	 3.22679789896320E-01
 1.97339787782802E+03	 2.88507314325736E-01
 1.97340061572805E+03	 1.68947033046490E-01
 1.97340335362808E+03	-7.18016268810799E-03
 1.97340609152811E+03	-1.84923190809604E-01
 1.97340882942814E+03	-3.12922754293080E-01
 1.97341156732817E+03	-3.61127940562215E-01
 1.97341430522820E+03	-3.18361067077985E-01
 1.97341704312824E+03	-1.86288458593685E-01
 1.97341978102827E+03	 1.16291747031399E-02
 1.97342251892830E+03	 2.15983566894370E-01
 1.97342525682833E+03	 3.43392197935653E-01
 1.97342799472836E+03	 3.32923812811131E-01
 1.97343073262839E+03	 1.90007090362625E-01
 1.97343347052842E+03	-1.66381637566092E-02
 1.97343620842845E+03	-2.04429965629730E-01
 1.97343894632848E+03	-3.26811050677312E-01
 1.97344168422851E+03	-3.82524754237680E-01
 1.97344442212854E+03	-3.87767247184732E-01
 1.97344716002857E+03	-3.48843391065711E-01
 1.97344989792860E+03	-2.64017156736168E-01
 1.97345263582864E+03	-1.44771100325257E-01
 1.97345537372867E+03	-2.26545693591308E-02
 1.97345811162870E+03	 7.28061703986218E-02
 1.97346084952873E+03	 1.39814593914908E-01
 1.97346358742876E+03	 1.99754471091712E-01
 1.97346632532879E+03	 2.64669404320332E-01
 1.97346906322882E+03	 3.13781752317721E-01
 1.97347180112885E+03	 3.05844663279845E-01
 1.97347453902888E+03	 2.14741287501960E-01
 1.97347727692891E+03	 5.43343732300703E-02
 1.97348001482894E+03	-1.27283914972155E-01
 1.97348275272897E+03	-2.75227936893536E-01
 1.97348549062900E+03	-3.51754249320950E-01
 1.97348822852904E+03	-3.40193875902798E-01
 1.97349096642907E+03	-2.37594508396344E-01
 1.97349370432910E+03	-5.78636147669996E-02
 1.97349644222913E+03	 1.52707506235204E-01
 1.97349918012916E+03	 3.15351257906952E-01
 1.97350191802919E+03	 3.55357369991833E-01
 1.97350465592922E+03	 2.52518397978939E-01
 1.97350739382925E+03	 5.71651941187929E-02
 1.97351013172928E+03	-1.46397693127097E-01
 1.97351286962931E+03	-2.95155102170879E-01
 1.97351560752934E+03	-3.72984874330208E-01
 1.97351834542937E+03	-3.93166097920845E-01
 1.97352108332940E+03	-3.66930245428778E-01
 1.97352382122943E+03	-2.94178707202656E-01
 1.97352655912947E+03	-1.80801556357862E-01
 1.97352929702950E+03	-5.33992450488401E-02
 1.97353203492953E+03	 5.39117533092355E-02
 1.97353477282956E+03	 1.28139417265897E-01
 1.97353751072959E+03	 1.85382453226992E-01
 1.97354024862962E+03	 2.45246623158940E-01
 1.97354298652965E+03	 3.00010973812506E-01
 1.97354572442968E+03	 3.13501407654257E-01
 1.97354846232971E+03	 2.51178853969107E-01
 1.97355120022974E+03	 1.11776895432666E-01
 1.97355393812977E+03	-6.69770248629784E-02
 1.97355667602980E+03	-2.30009735632807E-01
 1.97355941392983E+03	-3.32547769656370E-01
 1.97356215182987E+03	-3.51455264775986E-01
 1.97356488972990E+03	-2.79537977333628E-01
 1.97356762762993E+03	-1.23284188076699E-01
 1.97357036552996E+03	 8.38792781739271E-02
 1.97357310342999E+03	 2.72396145720548E-01
 1.97357584133002E+03	 3.60453733391691E-01
 1.97357857923005E+03	 3.04560730663418E-01
 1.97358131713008E+03	 1.31936860287359E-01
 1.97358405503011E+03	-7.89752004317962E-02
 1.97358679293014E+03	-2.52538437403698E-01
 1.97358953083017E+03	-3.55553333297485E-01
 1.97359226873020E+03	-3.93742742555452E-01
 1.97359500663023E+03	-3.81314988588006E-01
 1.97359774453027E+03	-3.21696502833006E-01
 1.97360048243030E+03	-2.17266480690108E-01
 1.97360322033033E+03	-8.83016960113942E-02
 1.97360595823036E+03	 3.01047094851848E-02
 1.97360869613039E+03	 1.14871077174876E-01
 1.97361143403042E+03	 1.73314429792836E-01
 1.97361417193045E+03	 2.28010054483823E-01
 1.97361690983048E+03	 2.83581233695407E-01
 1.97361964773051E+03	 3.12871117348761E-01
 1.97362238563054E+03	 2.77678058936789E-01
 1.97362512353057E+03	 1.63037551941686E-01
 1.97362786143060E+03	-6.26261208553124E-03
 1.97363059933063E+03	-1.78709554648662E-01
 1.97363333723066E+03	-3.04162565984171E-01
 1.97363607513070E+03	-3.52307448684702E-01
 1.97363881303073E+03	-3.11377485880147E-01
 1.97364155093076E+03	-1.82245004383072E-01
 1.97364428883079E+03	 1.30946513267824E-02
 1.97364702673082E+03	 2.17185687409780E-01
 1.97364976463085E+03	 3.47745637706283E-01
 1.97365250253088E+03	 3.42528801647130E-01
 1.97365524043091E+03	 2.03314513942166E-01
 1.97365797833094E+03	-4.60765766722180E-03
 1.97366071623097E+03	-1.98721722685696E-01
 1.97366345413100E+03	-3.28624718462602E-01
 1.97366619203103E+03	-3.88200135431245E-01
 1.97366892993106E+03	-3.91375562680285E-01
 1.97367166783110E+03	-3.45803884195342E-01
 1.97367440573113E+03	-2.52809049152333E-01
 1.97367714363116E+03	-1.26284942553217E-01
 1.97367988153119E+03	 9.73442895456286E-04
 1.97368261943122E+03	 9.82508185322711E-02
 1.97368535733125E+03	 1.62104268367806E-01
 1.97368809523128E+03	 2.13325033164314E-01
 1.97369083313131E+03	 2.66440687749650E-01
 1.97369357103134E+03	 3.05776175336030E-01
 1.97369630893137E+03	 2.94372979374212E-01
 1.97369904683140E+03	 2.06436467578153E-01
 1.97370178473143E+03	 5.25317871402257E-02
 1.97370452263146E+03	-1.23079165428701E-01
 1.97370726053150E+03	-2.67481591926410E-01
 1.97370999843153E+03	-3.43095501399139E-01
 1.97371273633156E+03	-3.32786740132323E-01
 1.97371547423159E+03	-2.32960022532270E-01
 1.97371821213162E+03	-5.62632932008540E-02
 1.97372095003165E+03	 1.53063034077830E-01
 1.97372368793168E+03	 3.18066792809414E-01
 1.97372642583171E+03	 3.63782112724075E-01
 1.97372916373174E+03	 2.66839083706790E-01
 1.97373190163177E+03	 7.32838770491633E-02
 1.97373463953180E+03	-1.34475087212078E-01
 1.97373737743183E+03	-2.90968868323118E-01
 1.97374011533186E+03	-3.75046611706704E-01
 1.97374285323189E+03	-3.96275367648990E-01
 1.97374559113193E+03	-3.65814604961337E-01
 1.97374832903196E+03	-2.86169850282846E-01
 1.97375106693199E+03	-1.65949166061225E-01
 1.97375380483202E+03	-3.32264812403241E-02
 1.97375654273205E+03	 7.69256372578054E-02
 1.97375928063208E+03	 1.50010059679176E-01
 1.97376201853211E+03	 2.00819547717502E-01
 1.97376475643214E+03	 2.50053487496327E-01
 1.97376749433217E+03	 2.94233212507151E-01
 1.97377023223220E+03	 3.02063332076992E-01
 1.97377297013223E+03	 2.40863045158751E-01
 1.97377570803226E+03	 1.07176488992321E-01
 1.97377844593229E+03	-6.51336710695017E-02
 1.97378118383233E+03	-2.23657152736335E-01
 1.97378392173236E+03	-3.24332361061598E-01
 1.97378665963239E+03	-3.43756195993728E-01
 1.97378939753242E+03	-2.74234836276118E-01
 1.97379213543245E+03	-1.21252330998862E-01
 1.97379487333248E+03	 8.37179409803225E-02
 1.97379761123251E+03	 2.73428423984698E-01
 1.97380034913254E+03	 3.66898991487890E-01
 1.97380308703257E+03	 3.18392930175462E-01
 1.97380582493260E+03	 1.50567436239246E-01
 1.97380856283263E+03	-6.16583074935197E-02
 1.97381130073266E+03	-2.42006056155159E-01
 1.97381403863269E+03	-3.52781222129031E-01
 1.97381677653273E+03	-3.94940056560353E-01
 1.97381951443276E+03	-3.81037675529371E-01
 1.97382225233279E+03	-3.16240484172106E-01
 1.97382499023282E+03	-2.05746001188641E-01
 1.97382772813285E+03	-7.16428401766828E-02
 1.97383046603288E+03	 5.01204994559989E-02
 1.97383320393291E+03	 1.35269612380901E-01
 1.97383594183294E+03	 1.89497916052583E-01
 1.97383867973297E+03	 2.35254076950835E-01
 1.97384141763300E+03	 2.80203136849422E-01
 1.97384415553303E+03	 3.02089155036962E-01
 1.97384689343306E+03	 2.65858344554362E-01
 1.97384963133309E+03	 1.55713783815867E-01
 1.97385236923313E+03	-7.05821333657205E-03
 1.97385510713316E+03	-1.74134781448773E-01
 1.97385784503319E+03	-2.96714216687949E-01
 1.97386058293322E+03	-3.44509250829949E-01
 1.97386332083325E+03	-3.05398883159028E-01
 1.97386605873328E+03	-1.79515047253966E-01
 1.97386879663331E+03	 1.28497125741034E-02
 1.97387153453334E+03	 2.16778759677866E-01
 1.97387427243337E+03	 3.51793796892945E-01
 1.97387701033340E+03	 3.54608979859009E-01
 1.97387974823343E+03	 2.22766397131799E-01
 1.97388248613346E+03	 1.68319028353478E-02
 1.97388522403349E+03	-1.82032497292639E-01
 1.97388796193352E+03	-3.20132534725099E-01
 1.97389069983356E+03	-3.86106403633995E-01
 1.97389343773359E+03	-3.90694374433103E-01
 1.97389617563362E+03	-3.42060728976554E-01
 1.97389891353365E+03	-2.44131330123668E-01
 1.97390165143368E+03	-1.12962301978793E-01
 1.97390438933371E+03	 1.77213157264642E-02
 1.97390712723374E+03	 1.16362841235756E-01
 1.97390986513377E+03	 1.77933944252068E-01
 1.97391260303380E+03	 2.22192137018185E-01
 1.97391534093383E+03	 2.65358918911491E-01
 1.97391807883386E+03	 2.96145808337061E-01
 1.97392081673389E+03	 2.81627201676547E-01
 1.97392355463392E+03	 1.96617055386686E-01
 1.97392629253396E+03	 4.89249440774699E-02
 1.97392903043399E+03	-1.20644936043952E-01
 1.97393176833402E+03	-2.61154429649997E-01
 1.97393450623405E+03	-3.35447907146689E-01
 1.97393724413408E+03	-3.26204828350303E-01
 1.97393998203411E+03	-2.29334172652127E-01
 1.97394271993414E+03	-5.61276182868634E-02
 1.97394545783417E+03	 1.51682661525145E-01
 1.97394819573420E+03	 3.19687134916564E-01
 1.97395093363423E+03	 3.73199693540583E-01
 1.97395367153426E+03	 2.85482910987837E-01
 1.97395640943429E+03	 9.72488133458320E-02
 1.97395914733432E+03	-1.12356905608952E-01
 1.97396188523436E+03	-2.76316054429757E-01
 1.97396462313439E+03	-3.68445684462891E-01
 1.97396736103442E+03	-3.93865823352502E-01
 1.97397009893445E+03	-3.62772262872236E-01
 1.97397283683448E+03	-2.79674345418671E-01
 1.97397557473451E+03	-1.55581369107642E-01
 1.97397831263454E+03	-1.97338796993757E-02
 1.97398105053457E+03	 9.22258838169118E-02
 1.97398378843460E+03	 1.64513666018487E-01
 1.97398652633463E+03	 2.10373059829758E-01
 1.97398926423466E+03	 2.50901759085924E-01
 1.97399200213469E+03	 2.86063455661095E-01
 1.97399474003472E+03	 2.88976575190741E-01
 1.97399747793475E+03	 2.28911982327624E-01
 1.97400021583479E+03	 1.00714282158824E-01
 1.97400295373482E+03	-6.51529720415416E-02
 1.97400569163485E+03	-2.18819238760980E-01
 1.97400842953488E+03	-3.17133496175513E-01
 1.97401116743491E+03	-3.36721555268813E-01
 1.97401390533494E+03	-2.69609007692777E-01
 1.97401664323497E+03	-1.20306460431442E-01
 1.97401938113500E+03	 8.19670313731562E-02
 1.97402211903503E+03	 2.72939057377220E-01
 1.97402485693506E+03	 3.73166036155153E-01
 1.97402759483509E+03	 3.34825922563603E-01
 1.97403033273512E+03	 1.75298935243936E-01
 1.97403307063515E+03	-3.53202607341958E-02
 1.97403580853519E+03	-2.21269491664726E-01
 1.97403854643522E+03	-3.40749200809006E-01
 1.97404128433525E+03	-3.89493417332938E-01
 1.97404402223528E+03	-3.77551119929201E-01
 1.97404676013531E+03	-3.11112248422435E-01
 1.97404949803534E+03	-1.97780919932853E-01
 1.97405223593537E+03	-6.11438695782084E-02
 1.97405497383540E+03	 6.23911169368981E-02
 1.97405771173543E+03	 1.47691846972913E-01
 1.97406044963546E+03	 1.98785175212003E-01
 1.97406318753549E+03	 2.37449211542831E-01
 1.97406592543552E+03	 2.73580303838333E-01
 1.97406866333555E+03	 2.89187130260066E-01
 1.97407140123559E+03	 2.52241598329559E-01
 1.97407413913562E+03	 1.46491570907732E-01
 1.97407687703565E+03	-9.76595281947930E-03
 1.97407961493568E+03	-1.71147447217719E-01
 1.97408235283571E+03	-2.90298451435835E-01
 1.97408509073574E+03	-3.37243516770206E-01
 1.97408782863577E+03	-2.99773636877201E-01
 1.97409056653580E+03	-1.77415924812787E-01
 1.97409330443583E+03	 1.13788218072794E-02
 1.97409604233586E+03	 2.14773215767055E-01
 1.97409878023589E+03	 3.54863457160059E-01
 1.97410151813592E+03	 3.67790268484157E-01
 1.97410425603595E+03	 2.46526882135570E-01
 1.97410699393598E+03	 4.58129882498807E-02
 1.97410973183602E+03	-1.55825800487495E-01
 1.97411246973605E+03	-3.02150533532670E-01
 1.97411520763608E+03	-3.76443716082908E-01
 1.97411794553611E+03	-3.85545277667033E-01
 1.97412068343614E+03	-3.37352669570120E-01
 1.97412342133617E+03	-2.37876218919328E-01
 1.97412615923620E+03	-1.04990416101401E-01
 1.97412889713623E+03	 2.70401053023727E-02
 1.97413163503626E+03	 1.26226173650388E-01
 1.97413437293629E+03	 1.86092845344356E-01
 1.97413711083632E+03	 2.25008353880329E-01
 1.97413984873635E+03	 2.60139685797520E-01
 1.97414258663638E+03	 2.83834639387636E-01
 1.97414532453642E+03	 2.66864685891804E-01
 1.97414806243645E+03	 1.84866568915879E-01
 1.97415080033648E+03	 4.33965249130623E-02
 1.97415353823651E+03	-1.19839142258850E-01
 1.97415627613654E+03	-2.55877178053224E-01
 1.97415901403657E+03	-3.28231617306241E-01
 1.97416175193660E+03	-3.19683872459187E-01
 1.97416448983663E+03	-2.25859501366949E-01
 1.97416722773666E+03	-5.67034187793642E-02
 1.97416996563669E+03	 1.48933120218720E-01
 1.97417270353672E+03	 3.19921677129590E-01
 1.97417544143675E+03	 3.82540091946360E-01
 1.97417817933678E+03	 3.06735111152470E-01
 1.97418091723682E+03	 1.27085820316011E-01
 1.97418365513685E+03	-8.17911257675755E-02
 1.97418639303688E+03	-2.52350120320774E-01
 1.97418913093691E+03	-3.53636162850023E-01
 1.97419186883694E+03	-3.85842353984467E-01
 1.97419460673697E+03	-3.57437254587365E-01
 1.97419734463700E+03	-2.74322722041141E-01
 1.97420008253703E+03	-1.49512287380652E-01
 1.97420282043706E+03	-1.30293730576822E-02
 1.97420555833709E+03	 9.93583230620324E-02
 1.97420829623712E+03	 1.70865861837365E-01
 1.97421103413715E+03	 2.13034792378456E-01
 1.97421377203718E+03	 2.46737453117145E-01
 1.97421650993722E+03	 2.74584919817295E-01
 1.97421924783725E+03	 2.73586423867649E-01
 1.97422198573728E+03	 2.14982911813499E-01
 1.97422472363731E+03	 9.23528188269611E-02
 1.97422746153734E+03	-6.68045597021191E-02
 1.97423019943737E+03	-2.15039235928626E-01
 1.97423293733740E+03	-3.10291056443498E-01
 1.97423567523743E+03	-3.29500650080216E-01
 1.97423841313746E+03	-2.64672804271471E-01
 1.97424115103749E+03	-1.19475209981115E-01
 1.97424388893752E+03	 7.93181446639153E-02
 1.97424662683755E+03	 2.71034768635251E-01
 1.97424936473758E+03	 3.78563175125591E-01
 1.97425210263761E+03	 3.52386512204195E-01
 1.97425484053765E+03	 2.04177559991815E-01
 1.97425757843768E+03	-1.90749270204106E-03
 1.97426031633771E+03	-1.91804408102921E-01
 1.97426305423774E+03	-3.20218651002128E-01
 1.97426579213777E+03	-3.77485731281400E-01
 1.97426853003780E+03	-3.70487733024508E-01
 1.97427126793783E+03	-3.05769388440994E-01
 1.97427400583786E+03	-1.92876938615195E-01
 1.97427674373789E+03	-5.65081378562591E-02
 1.97427948163792E+03	 6.69208973205539E-02
 1.97428221953795E+03	 1.51811627699676E-01
 1.97428495743798E+03	 2.00566088783754E-01
 1.97428769533801E+03	 2.33838665849046E-01
 1.97429043323805E+03	 2.62989648068933E-01
 1.97429317113808E+03	 2.73629912692819E-01
 1.97429590903811E+03	 2.36569248678580E-01
 1.97429864693814E+03	 1.35411358103830E-01
 1.97430138483817E+03	-1.40722064599910E-02
 1.97430412273820E+03	-1.69207135287990E-01
 1.97430686063823E+03	-2.84181701610790E-01
 1.97430959853826E+03	-3.29593242197638E-01
 1.97431233643829E+03	-2.93424781622954E-01
 1.97431507433832E+03	-1.74814988340298E-01
 1.97431781223835E+03	 9.64599318230226E-03
 1.97432055013838E+03	 2.11654636423240E-01
 1.97432328803841E+03	 3.56680699256745E-01
 1.97432602593845E+03	 3.80939955698847E-01
 1.97432876383848E+03	 2.72792382046255E-01
 1.97433150173851E+03	 8.03037718664024E-02
 1.97433423963854E+03	-1.21844745930812E-01
 1.97433697753857E+03	-2.75764936285657E-01
 1.97433971543860E+03	-3.59546885550788E-01
 1.97434245333863E+03	-3.75658779451001E-01
 1.97434519123866E+03	-3.31063204358439E-01
 1.97434792913869E+03	-2.33324199832720E-01
 1.97435066703872E+03	-1.01728532653440E-01
 1.97435340493875E+03	 2.93617356419197E-02
 1.97435614283878E+03	 1.27977897820207E-01
 1.97435888073881E+03	 1.86407972415476E-01
 1.97436161863884E+03	 2.21372399985642E-01
 1.97436435653888E+03	 2.50309970493111E-01
 1.97436709443891E+03	 2.68465602167219E-01
 1.97436983233894E+03	 2.49927348763521E-01
 1.97437257023897E+03	 1.71303057987338E-01
 1.97437530813900E+03	 3.63362885800430E-02
 1.97437804603903E+03	-1.20044030592382E-01
 1.97438078393906E+03	-2.50848500708276E-01
 1.97438352183909E+03	-3.20477392072959E-01
 1.97438625973912E+03	-3.12091381793005E-01
 1.97438899763915E+03	-2.21298196165199E-01
 1.97439173553918E+03	-5.68195141190759E-02
 1.97439447343921E+03	 1.45632102398937E-01
 1.97439721133924E+03	 3.18916647352011E-01
 1.97439994923928E+03	 3.91078145482040E-01
 1.97440268713931E+03	 3.29060107349521E-01
 1.97440542503934E+03	 1.60804742119963E-01
 1.97440816293937E+03	-4.46999369965535E-02
 1.97441090083940E+03	-2.20461179477253E-01
 1.97441363873943E+03	-3.31249320352123E-01
 1.97441637663946E+03	-3.72119667724611E-01
 1.97441911453949E+03	-3.49218900243474E-01
 1.97442185243952E+03	-2.69265122258997E-01
 1.97442459033955E+03	-1.46836893728694E-01
 1.97442732823958E+03	-1.23098074933790E-02
 1.97443006613961E+03	 9.89000306154215E-02
 1.97443280403964E+03	 1.69345018202368E-01
 1.97443554193968E+03	 2.08802218347631E-01
 1.97443827983971E+03	 2.37390462765000E-01
 1.97444101773974E+03	 2.59621493348558E-01
 1.97444375563977E+03	 2.55857922288929E-01
 1.97444649353980E+03	 1.99274673503361E-01
 1.97444923143983E+03	 8.25499989713519E-02
 1.97445196933986E+03	-6.94027532955227E-02
 1.97445470723989E+03	-2.11454662434102E-01
 1.97445744513992E+03	-3.02793164993288E-01
 1.97446018303995E+03	-3.20930550491385E-01
 1.97446292093998E+03	-2.58132865633057E-01
 1.97446565884001E+03	-1.17449652532803E-01
 1.97446839674004E+03	 7.68538807600694E-02
 1.97447113464007E+03	 2.68249574690766E-01
 1.97447387254011E+03	 3.82802007528902E-01
 1.97447661044014E+03	 3.69899835991911E-01
 1.97447934834017E+03	 2.35381065698872E-01
 1.97448208624020E+03	 3.65904099088910E-02
 1.97448482414023E+03	-1.55247718033514E-01
 1.97448756204026E+03	-2.92127629868567E-01
 1.97449029994029E+03	-3.59079690025943E-01
 1.97449303784032E+03	-3.59374480683917E-01
 1.97449577574035E+03	-2.99330272975279E-01
 1.97449851364038E+03	-1.89957490367443E-01
 1.97450125154041E+03	-5.66386293283842E-02
 1.97450398944044E+03	 6.46765977568083E-02
 1.97450672734047E+03	 1.48345292248700E-01
 1.97450946524051E+03	 1.95259211768694E-01
 1.97451220314054E+03	 2.24598404239746E-01
 1.97451494104057E+03	 2.48499389587055E-01
 1.97451767894060E+03	 2.55533818721569E-01
 1.97452041684063E+03	 2.19128962344665E-01
 1.97452315474066E+03	 1.22992016419355E-01
 1.97452589264069E+03	-1.92356334030194E-02
 1.97452863054072E+03	-1.67399581711468E-01
 1.97453136844075E+03	-2.77317089582143E-01
 1.97453410634078E+03	-3.20382093046571E-01
 1.97453684424081E+03	-2.85043018152566E-01
 1.97453958214084E+03	-1.70331387882192E-01
 1.97454232004087E+03	 8.92044150403603E-03
 1.97454505794091E+03	 2.08284031208753E-01
 1.97454779584094E+03	 3.57384112558143E-01
 1.97455053374097E+03	 3.93301892303531E-01
 1.97455327164100E+03	 3.00019438785614E-01
 1.97455600954103E+03	 1.18368974612458E-01
 1.97455874744106E+03	-8.18867693063941E-02
 1.97456148534109E+03	-2.42196052868065E-01
 1.97456422324112E+03	-3.35862023423407E-01
 1.97456696114115E+03	-3.60755039745788E-01
 1.97456969904118E+03	-3.22372989681091E-01
 1.97457243694121E+03	-2.29325290917475E-01
 1.97457517484124E+03	-1.01877834018327E-01
 1.97457791274127E+03	 2.59690414028137E-02
 1.97458065064131E+03	 1.22731014556169E-01
 1.97458338854134E+03	 1.79716143360081E-01
 1.97458612644137E+03	 2.11833720181259E-01
 1.97458886434140E+03	 2.36221132974713E-01
 1.97459160224143E+03	 2.50337679220561E-01
 1.97459434014146E+03	 2.31205090102168E-01
 1.97459707804149E+03	 1.56501829228796E-01
 1.97459981594152E+03	 2.85271783338251E-02
 1.97460255384155E+03	-1.20306719448991E-01
 1.97460529174158E+03	-2.44994995582340E-01
 1.97460802964161E+03	-3.11006776175079E-01
 1.97461076754164E+03	-3.02130710607087E-01
 1.97461350544167E+03	-2.14253902538404E-01
 1.97461624334170E+03	-5.51000320878682E-02
 1.97461898124174E+03	 1.42887440929746E-01
 1.97462171914177E+03	 3.17192479189697E-01
 1.97462445704180E+03	 3.98494719152678E-01
 1.97462719494183E+03	 3.51276420571991E-01
 1.97462993284186E+03	 1.96641935410124E-01
 1.97463267074189E+03	-2.93644812131657E-03
 1.97463540864192E+03	-1.82096127079208E-01
 1.97463814654195E+03	-3.02019213083786E-01
 1.97464088444198E+03	-3.52664200077755E-01
 1.97464362234201E+03	-3.37442236401926E-01
 1.97464636024204E+03	-2.63373951734124E-01
 1.97464909814207E+03	-1.46153849510953E-01
 1.97465183604210E+03	-1.60671990400737E-02
 1.97465457394214E+03	 9.22939906562554E-02
 1.97465731184217E+03	 1.61176350877663E-01
 1.97466004974220E+03	 1.98604811212675E-01
 1.97466278764223E+03	 2.23523956638199E-01
 1.97466552554226E+03	 2.41685901610727E-01
 1.97466826344229E+03	 2.36301335973278E-01
 1.97467100134232E+03	 1.82418615894494E-01
 1.97467373924235E+03	 7.21162480751268E-02
 1.97467647714238E+03	-7.19730473565696E-02
 1.97467921504241E+03	-2.06977310384987E-01
 1.97468195294244E+03	-2.93468078786876E-01
 1.97468469084247E+03	-3.09746166799867E-01
 1.97468742874250E+03	-2.48621165118372E-01
 1.97469016664254E+03	-1.12820793653875E-01
 1.97469290454257E+03	 7.58396684030046E-02
 1.97469564244260E+03	 2.65412747624686E-01
 1.97469838034263E+03	 3.85979063050153E-01
 1.97470111824266E+03	 3.86593385310890E-01
 1.97470385614269E+03	 2.67416832274399E-01
 1.97470659404272E+03	 7.83753031945027E-02
 1.97470933194275E+03	-1.13193611590583E-01
 1.97471206984278E+03	-2.57472928978474E-01
 1.97471480774281E+03	-3.34515153615647E-01
 1.97471754564284E+03	-3.43745049194209E-01
 1.97472028354287E+03	-2.90776160098423E-01
 1.97472302144290E+03	-1.87617480451889E-01
 1.97472575934293E+03	-5.99030186831322E-02
 1.97472849724297E+03	 5.73441898972459E-02
 1.97473123514300E+03	 1.38850355082449E-01
 1.97473397304303E+03	 1.84156386883687E-01
 1.97473671094306E+03	 2.10716613912442E-01
 1.97473944884309E+03	 2.30862247686460E-01
 1.97474218674312E+03	 2.35550429917996E-01
 1.97474492464315E+03	 2.00612669646490E-01
 1.97474766254318E+03	 1.10059303656418E-01
 1.97475040044321E+03	-2.42798647732282E-02
 1.97475313834324E+03	-1.64638167007006E-01
 1.97475587624327E+03	-2.68549455223459E-01
 1.97475861414330E+03	-3.08388850497269E-01
 1.97476135204333E+03	-2.73319519597876E-01
 1.97476408994337E+03	-1.62584443445626E-01
 1.97476682784340E+03	 1.05368578906250E-02
 1.97476956574343E+03	 2.05708701943628E-01
 1.97477230364346E+03	 3.57429647312615E-01
 1.97477504154349E+03	 4.04519565137291E-01
 1.97477777944352E+03	 3.27056927599337E-01
 1.97478051734355E+03	 1.58368626961851E-01
 1.97478325524358E+03	-3.76006816523313E-02
 1.97478599314361E+03	-2.02653149666679E-01
 1.97478873104364E+03	-3.05903241126227E-01
 1.97479146894367E+03	-3.40619225303566E-01
 1.97479420684370E+03	-3.10443724501013E-01
 1.97479694474373E+03	-2.24561803421214E-01
 1.97479968264377E+03	-1.03784341498826E-01
 1.97480242054380E+03	 1.86906626673815E-02
 1.97480515844383E+03	 1.12296539248730E-01
 1.97480789634386E+03	 1.67628712056975E-01
 1.97481063424389E+03	 1.97699010648584E-01
 1.97481337214392E+03	 2.18882443547261E-01
 1.97481611004395E+03	 2.30264468329096E-01
 1.97481884794398E+03	 2.11459660512363E-01
 1.97482158584401E+03	 1.41295690719113E-01
 1.97482432374404E+03	 2.09268699316659E-02
 1.97482706164407E+03	-1.19563361727288E-01
 1.97482979954410E+03	-2.37191854781125E-01
 1.97483253744413E+03	-2.98652183106844E-01
 1.97483527534416E+03	-2.88572256095953E-01
 1.97483801324420E+03	-2.03420906728090E-01
 1.97484075114423E+03	-5.02202889008477E-02
 1.97484348904426E+03	 1.41866811869374E-01
 1.97484622694429E+03	 3.15481864611834E-01
 1.97484896484432E+03	 4.04817566348695E-01
 1.97485170274435E+03	 3.72608947939450E-01
 1.97485444064438E+03	 2.33199488525539E-01
 1.97485717854441E+03	 4.18904136837336E-02
 1.97485991644444E+03	-1.38608866561933E-01
 1.97486265434447E+03	-2.66711315410055E-01
 1.97486539224450E+03	-3.27532926080266E-01
 1.97486813014453E+03	-3.21502612261182E-01
 1.97487086804456E+03	-2.55496853207309E-01
 1.97487360594460E+03	-1.45884524052253E-01
 1.97487634384463E+03	-2.24358332405309E-02
 1.97487908174466E+03	 8.15091091195798E-02
 1.97488181964469E+03	 1.48224316865811E-01
 1.97488455754472E+03	 1.84039055939672E-01
 1.97488729544475E+03	 2.06406092539176E-01
 1.97489003334478E+03	 2.21770320942408E-01
 1.97489277124481E+03	 2.15760773020148E-01
 1.97489550914484E+03	 1.65251490881420E-01
 1.97489824704487E+03	 6.19716913195543E-02
 1.97490098494490E+03	-7.34990659521513E-02
 1.97490372284493E+03	-2.00531981316869E-01
 1.97490646074496E+03	-2.81213055009997E-01
 1.97490919864500E+03	-2.94810157457201E-01
 1.97491193654503E+03	-2.34939160950177E-01
 1.97491467444506E+03	-1.04338793599615E-01
 1.97491741234509E+03	 7.74692345536184E-02
 1.97492015024512E+03	 2.63435286300301E-01
 1.97492288814515E+03	 3.88441550812629E-01
 1.97492562604518E+03	 4.02064271170855E-01
 1.97492836394521E+03	 2.99184473935712E-01
 1.97493110184524E+03	 1.21963161263528E-01
 1.97493383974527E+03	-6.70644061769037E-02
 1.97493657764530E+03	-2.17229900546265E-01
 1.97493931554533E+03	-3.04120166923852E-01
 1.97494205344536E+03	-3.23262051069832E-01
 1.97494479134540E+03	-2.79181097711037E-01
 1.97494752924543E+03	-1.84438705281392E-01
 1.97495026714546E+03	-6.45013099750827E-02
 1.97495300504549E+03	 4.69455493117897E-02
 1.97495574294552E+03	 1.25358607116535E-01
 1.97495848084555E+03	 1.69092725976880E-01
 1.97496121874558E+03	 1.93704993021405E-01
 1.97496395664561E+03	 2.11257220777034E-01
 1.97496669454564E+03	 2.14619552840677E-01
 1.97496943244567E+03	 1.81863488970875E-01
 1.97497217034570E+03	 9.74811468826281E-02
 1.97497490824573E+03	-2.82617648943906E-02
 1.97497764614576E+03	-1.59921990143054E-01
 1.97498038404579E+03	-2.56856627578050E-01
 1.97498312194583E+03	-2.92579088063458E-01
 1.97498585984586E+03	-2.57183537876881E-01
 1.97498859774589E+03	-1.50447446560641E-01
 1.97499133564592E+03	 1.56320559563918E-02
 1.97499407354595E+03	 2.04914960355849E-01
 1.97499681144598E+03	 3.57395090498760E-01
 1.97499954934601E+03	 4.14522419381518E-01
 1.97500228724604E+03	 3.53123793880207E-01
 1.97500502514607E+03	 1.99009496195623E-01
 1.97500776304610E+03	 9.59774459673390E-03
 1.97501050094613E+03	-1.58268200408191E-01
 1.97501323884616E+03	-2.70251395371198E-01
 1.97501597674619E+03	-3.15196211983987E-01
 1.97501871464623E+03	-2.94618734796494E-01
 1.97502145254626E+03	-2.17844890331791E-01
 1.97502419044629E+03	-1.05806675523952E-01
 1.97502692834632E+03	 9.49537780576504E-03
 1.97502966624635E+03	 9.87747279822472E-02
 1.97503240414638E+03	 1.52148028588713E-01
 1.97503514204641E+03	 1.80688693032908E-01
 1.97503787994644E+03	 1.99655805948148E-01
 1.97504061784647E+03	 2.09292320507484E-01
 1.97504335574650E+03	 1.91547694651543E-01
 1.97504609364653E+03	 1.26491924421422E-01
 1.97504883154656E+03	 1.43815750370183E-02
 1.97505156944659E+03	-1.16915733503820E-01
 1.97505430734663E+03	-2.26519171489578E-01
 1.97505704524666E+03	-2.82494635379507E-01
 1.97505978314669E+03	-2.70486571676584E-01
 1.97506252104672E+03	-1.87828388133631E-01
 1.97506525894675E+03	-4.11670420104080E-02
 1.97506799684678E+03	 1.43534356905252E-01
 1.97507073474681E+03	 3.14491047334464E-01
 1.97507347264684E+03	 4.10238773796663E-01
 1.97507621054687E+03	 3.92583126463151E-01
 1.97507894844690E+03	 2.69414905319713E-01
 1.97508168634693E+03	 8.84362647454700E-02
 1.97508442424696E+03	-9.12305068256116E-02
 1.97508716214699E+03	-2.26128516121924E-01
 1.97508990004702E+03	-2.96952157517684E-01
 1.97509263794706E+03	-3.01038112937808E-01
 1.97509537584709E+03	-2.44725237047524E-01
 1.97509811374712E+03	-1.44623873441415E-01
 1.97510085164715E+03	-2.95994688644598E-02
 1.97510358954718E+03	 6.86096874663058E-02
 1.97510632744721E+03	 1.32571372646436E-01
 1.97510906534724E+03	 1.66980102556367E-01
 1.97511180324727E+03	 1.87562742007689E-01
 1.97511454114730E+03	 2.01032364752267E-01
 1.97511727904733E+03	 1.95116315874333E-01
 1.97512001694736E+03	 1.48518707110856E-01
 1.97512275484739E+03	 5.28472724226313E-02
 1.97512549274742E+03	-7.32142131255706E-02
 1.97512823064746E+03	-1.91328169525298E-01
 1.97513096854749E+03	-2.65241943897147E-01
 1.97513370644752E+03	-2.75345704033688E-01
 1.97513644434755E+03	-2.16292605767411E-01
 1.97513918224758E+03	-9.11627773577241E-02
 1.97514192014761E+03	 8.26002393877007E-02
 1.97514465804764E+03	 2.63047494736326E-01
 1.97514739594767E+03	 3.90553772497918E-01
 1.97515013384770E+03	 4.16100029053433E-01
 1.97515287174773E+03	 3.29862894000036E-01
 1.97515560964776E+03	 1.66128729788103E-01
 1.97515834754779E+03	-1.81358681145107E-02
 1.97516108544782E+03	-1.72385802609989E-01
 1.97516382334786E+03	-2.68389782227916E-01
 1.97516656124789E+03	-2.97868962560239E-01
 1.97516929914792E+03	-2.63950057211163E-01
 1.97517203704795E+03	-1.79312062174784E-01
 1.97517477494798E+03	-6.88561974695462E-02
 1.97517751284801E+03	 3.54069264519992E-02
 1.97518025074804E+03	 1.09935980185783E-01
 1.97518298864807E+03	 1.52027412916635E-01
 1.97518572654810E+03	 1.75218078896987E-01
 1.97518846444813E+03	 1.90948383171004E-01
 1.97519120234816E+03	 1.93654579162046E-01
 1.97519394024819E+03	 1.63570708960370E-01
 1.97519667814822E+03	 8.58629253240857E-02
 1.97519941604825E+03	-3.05719596945755E-02
 1.97520215394829E+03	-1.52620094977965E-01
 1.97520489184832E+03	-2.41608505984222E-01
 1.97520762974835E+03	-2.72341993759418E-01
 1.97521036764838E+03	-2.36030856207997E-01
 1.97521310554841E+03	-1.33284373414003E-01
 1.97521584344844E+03	 2.48905217695533E-02
 1.97521858134847E+03	 2.06560081299538E-01
 1.97522131924850E+03	 3.57716210464733E-01
 1.97522405714853E+03	 4.23290554852410E-01
 1.97522679504856E+03	 3.77622027921444E-01
 1.97522953294859E+03	 2.39211700785883E-01
 1.97523227084862E+03	 5.84335119519414E-02
 1.97523500874865E+03	-1.10173740039564E-01
 1.97523774664869E+03	-2.29650097992045E-01
 1.97524048454872E+03	-2.84734257087679E-01
 1.97524322244875E+03	-2.74634594417905E-01
 1.97524596034878E+03	-2.08402416178581E-01
 1.97524869824881E+03	-1.06675496463187E-01
 1.97525143614884E+03	 7.87982949091541E-05
 1.97525417404887E+03	 8.41160828365090E-02
 1.97525691194890E+03	 1.35234368434546E-01
 1.97525964984893E+03	 1.62534815300209E-01
 1.97526238774896E+03	 1.79894872500302E-01
 1.97526512564899E+03	 1.88374395428123E-01
 1.97526786354902E+03	 1.72113550596119E-01
 1.97527060144905E+03	 1.12569700504800E-01
 1.97527333934909E+03	 9.32520251185517E-03
 1.97527607724912E+03	-1.11921665517243E-01
 1.97527881514915E+03	-2.12530727169117E-01
 1.97528155304918E+03	-2.62107329756607E-01
 1.97528429094921E+03	-2.47470680714374E-01
 1.97528702884924E+03	-1.67065154698225E-01
 1.97528976674927E+03	-2.74769727366297E-02
 1.97529250464930E+03	 1.48391588381286E-01
 1.97529524254933E+03	 3.14626404167537E-01
 1.97529798044936E+03	 4.14844910232648E-01
 1.97530071834939E+03	 4.10780317891808E-01
 1.97530345624942E+03	 3.04356934446294E-01
 1.97530619414945E+03	 1.35459043532164E-01
 1.97530893204949E+03	-4.12028964864452E-02
 1.97531166994952E+03	-1.81239392670281E-01
 1.97531440784955E+03	-2.61466970435250E-01
 1.97531714574958E+03	-2.76123252879388E-01
 1.97531988364961E+03	-2.30648119301696E-01
 1.97532262154964E+03	-1.41460330362932E-01
 1.97532535944967E+03	-3.61705926031228E-02
 1.97532809734970E+03	 5.53369056854605E-02
 1.97533083524973E+03	 1.16089611702160E-01
 1.97533357314976E+03	 1.49172938214309E-01
 1.97533631104979E+03	 1.68406934371665E-01
 1.97533904894982E+03	 1.80464750931202E-01
 1.97534178684985E+03	 1.74981359498041E-01
 1.97534452474988E+03	 1.32582370724476E-01
 1.97534726264992E+03	 4.49938373217183E-02
 1.97535000054995E+03	-7.08887421556169E-02
 1.97535273844998E+03	-1.79132712994255E-01
 1.97535547635001E+03	-2.45334888267907E-01
 1.97535821425004E+03	-2.51163961424264E-01
 1.97536095215007E+03	-1.92507537728620E-01
 1.97536369005010E+03	-7.30817388434924E-02
 1.97536642795013E+03	 9.15139478752287E-02
 1.97536916585016E+03	 2.64534061392461E-01
 1.97537190375019E+03	 3.92415509059378E-01
 1.97537464165022E+03	 4.28398326063266E-01
 1.97537737955025E+03	 3.58651040041863E-01
 1.97538011745028E+03	 2.09679732854233E-01
 1.97538285535032E+03	 3.22705023652860E-02
 1.97538559325035E+03	-1.24110334350173E-01
 1.97538833115038E+03	-2.28153993230632E-01
 1.97539106905041E+03	-2.67976799876831E-01
 1.97539380695044E+03	-2.45043866969610E-01
 1.97539654485047E+03	-1.71714899382779E-01
 1.97539928275050E+03	-7.19471511043872E-02
 1.97540202065053E+03	 2.41777255125789E-02
 1.97540475855056E+03	 9.42774267352940E-02
 1.97540749645059E+03	 1.34644532607811E-01
 1.97541023435062E+03	 1.56685162848381E-01
 1.97541297225065E+03	 1.70958508558675E-01
 1.97541571015068E+03	 1.73251324721621E-01
 1.97541844805072E+03	 1.45996875454658E-01
 1.97542118595075E+03	 7.52774089593489E-02
 1.97542392385078E+03	-3.12065814493435E-02
 1.97542666175081E+03	-1.42738162527207E-01
 1.97542939965084E+03	-2.22817975609325E-01
 1.97543213755087E+03	-2.47719392984882E-01
 1.97543487545090E+03	-2.09934298238467E-01
 1.97543761335093E+03	-1.11154688112875E-01
 1.97544035125096E+03	 3.83277650538017E-02
 1.97544308915099E+03	 2.10729519096927E-01
 1.97544582705102E+03	 3.58414488606730E-01
 1.97544856495105E+03	 4.30563010641460E-01
 1.97545130285108E+03	 3.99844246353612E-01
 1.97545404075111E+03	 2.77834338586366E-01
 1.97545677865115E+03	 1.07527244773050E-01
 1.97545951655118E+03	-5.97183857348757E-02
 1.97546225445121E+03	-1.85200764932470E-01
 1.97546499235124E+03	-2.49975113862374E-01
 1.97546773025127E+03	-2.50825127957923E-01
 1.97547046815130E+03	-1.96115679299899E-01
 1.97547320605133E+03	-1.05776537126434E-01
 1.97547594395136E+03	-8.46766052960043E-03
 1.97547868185139E+03	 6.97563067416649E-02
 1.97548141975142E+03	 1.18433180102104E-01
 1.97548415765145E+03	 1.44629018569538E-01
 1.97548689555148E+03	 1.60632195904611E-01
 1.97548963345151E+03	 1.68098224239888E-01
 1.97549237135155E+03	 1.53343261977573E-01
 1.97549510925158E+03	 9.94414522969211E-02
 1.97549784715161E+03	 5.53605174054715E-03
 1.97550058505164E+03	-1.04842781900036E-01
 1.97550332295167E+03	-1.95496696535364E-01
 1.97550606085170E+03	-2.37782468116418E-01
 1.97550879875173E+03	-2.19854310444800E-01
 1.97551153665176E+03	-1.41470981646024E-01
 1.97551427455179E+03	-9.42875993328906E-03
 1.97551701245182E+03	 1.56265214111900E-01
 1.97551975035185E+03	 3.15748688034705E-01
 1.97552248825188E+03	 4.18337377009032E-01
 1.97552522615191E+03	 4.26537309029383E-01
 1.97552796405195E+03	 3.36924208275709E-01
 1.97553070195198E+03	 1.81535316289789E-01
 1.97553343985201E+03	 9.96645705964448E-03
 1.97553617775204E+03	-1.33402630281162E-01
 1.97553891565207E+03	-2.22142041715385E-01
 1.97554165355210E+03	-2.47460393668231E-01
 1.97554439145213E+03	-2.13553461943002E-01
 1.97554712935216E+03	-1.36206780910233E-01
 1.97554986725219E+03	-4.14630607147094E-02
 1.97555260515222E+03	 4.27975731443112E-02
 1.97555534305225E+03	 1.00110160620010E-01
 1.97555808095228E+03	 1.31910485740739E-01
 1.97556081885231E+03	 1.49949947765967E-01
 1.97556355675234E+03	 1.60648887272265E-01
 1.97556629465238E+03	 1.55490251846976E-01
 1.97556903255241E+03	 1.17223352115331E-01
 1.97557177045244E+03	 3.79800679482260E-02
 1.97557450835247E+03	-6.70437743381460E-02
 1.97557724625250E+03	-1.64490996195553E-01
 1.97557998415253E+03	-2.22054453151198E-01
 1.97558272205256E+03	-2.22863501022356E-01
 1.97558545995259E+03	-1.64209794383682E-01
 1.97558819785262E+03	-5.06834845815678E-02
 1.97559093575265E+03	 1.03737338392650E-01
 1.97559367365268E+03	 2.67526749836219E-01
 1.97559641155271E+03	 3.93614522727406E-01
 1.97559914945274E+03	 4.38283454647760E-01
 1.97560188735278E+03	 3.84464876077929E-01
 1.97560462525281E+03	 2.51155643322363E-01
 1.97560736315284E+03	 8.25067699209616E-02
 1.97561010105287E+03	-7.40041595995151E-02
 1.97561283895290E+03	-1.84791226557307E-01
 1.97561557685293E+03	-2.34649155101607E-01
 1.97561831475296E+03	-2.23151638513824E-01
 1.97562105265299E+03	-1.61892690234293E-01
 1.97562379055302E+03	-7.35212033602564E-02
 1.97562652845305E+03	 1.39827240445303E-02
 1.97562926635308E+03	 7.94318702663405E-02
 1.97563200425311E+03	 1.18074803239313E-01
 1.97563474215314E+03	 1.39056004548089E-01
 1.97563748005318E+03	 1.51855878588014E-01
 1.97564021795321E+03	 1.53514955344122E-01
 1.97564295585324E+03	 1.28827720941947E-01
 1.97564569375327E+03	 6.51149950195461E-02
 1.97564843165330E+03	-3.09327960393705E-02
 1.97565116955333E+03	-1.31102475544284E-01
 1.97565390745336E+03	-2.01333472899620E-01
 1.97565664535339E+03	-2.19591249987560E-01
 1.97565938325342E+03	-1.79810158055861E-01
 1.97566212115345E+03	-8.49608681285314E-02
 1.97566485905348E+03	 5.51468784618062E-02
 1.97566759695351E+03	 2.16774567043185E-01
 1.97567033485354E+03	 3.58896682689199E-01
 1.97567307275358E+03	 4.35593405980480E-01
 1.97567581065361E+03	 4.18694821666662E-01
 1.97567854855364E+03	 3.13381704229778E-01
 1.97568128645367E+03	 1.55108829454792E-01
 1.97568402435370E+03	-8.72675026487398E-03
 1.97568676225373E+03	-1.38584071526083E-01
 1.97568950015376E+03	-2.12334618525502E-01
 1.97569223805379E+03	-2.24270320970780E-01
 1.97569497595382E+03	-1.81656561822669E-01
 1.97569771385385E+03	-1.03300083746550E-01
 1.97570045175388E+03	-1.58357982773313E-02
 1.97570318965391E+03	 5.64069041784934E-02
 1.97570592755394E+03	 1.02652310934120E-01
 1.97570866545397E+03	 1.27813145435185E-01
 1.97571140335401E+03	 1.42406141861833E-01
 1.97571414125404E+03	 1.48556215143527E-01
 1.97571687915407E+03	 1.34866955610820E-01
 1.97571961705410E+03	 8.63635359956512E-02
 1.97572235495413E+03	 2.03269677317229E-03
 1.97572509285416E+03	-9.67749947988044E-02
 1.97572783075419E+03	-1.76556718234105E-01
 1.97573056865422E+03	-2.10691086611354E-01
 1.97573330655425E+03	-1.88847820763582E-01
 1.97573604445428E+03	-1.12262648280672E-01
 1.97573878235431E+03	 1.18464857954541E-02
 1.97574152025434E+03	 1.66191726373314E-01
 1.97574425815437E+03	 3.17028696317888E-01
 1.97574699605441E+03	 4.19844271110023E-01
 1.97574973395444E+03	 4.38714853346451E-01
 1.97575247185447E+03	 3.65584677677166E-01
 1.97575520975450E+03	 2.24792358424076E-01
 1.97575794765453E+03	 6.02519365463779E-02
 1.97576068555456E+03	-8.45850128665793E-02
 1.97576342345459E+03	-1.80734103817207E-01
 1.97576616135462E+03	-2.16507440547136E-01
 1.97576889925465E+03	-1.94525602528543E-01
 1.97577163715468E+03	-1.29491997492466E-01
 1.97577437505471E+03	-4.56011239870885E-02
 1.97577711295474E+03	 3.13266362388006E-02
 1.97577985085477E+03	 8.52652175937107E-02
 1.97578258875481E+03	 1.15878231177466E-01
 1.97578532665484E+03	 1.32674611746862E-01
 1.97578806455487E+03	 1.41671993552613E-01
 1.97579080245490E+03	 1.36255167176612E-01
 1.97579354035493E+03	 1.01616755763721E-01
 1.97579627825496E+03	 3.06592099269372E-02
 1.97579901615499E+03	-6.30137741830906E-02
 1.97580175405502E+03	-1.48823528702824E-01
 1.97580449195505E+03	-1.96864512655588E-01
 1.97580722985508E+03	-1.91949826560773E-01
 1.97580996775511E+03	-1.32926153251565E-01
 1.97581270565514E+03	-2.54330493902357E-02
 1.97581544355517E+03	 1.17973639164431E-01
 1.97581818145520E+03	 2.70919752442550E-01
 1.97582091935524E+03	 3.93105513915490E-01
 1.97582365725527E+03	 4.44540529570234E-01
 1.97582639515530E+03	 4.05733425045348E-01
 1.97582913305533E+03	 2.88603177334673E-01
 1.97583187095536E+03	 1.30376252201903E-01
 1.97583460885539E+03	-2.42963407045759E-02
 1.97583734675542E+03	-1.40383053359976E-01
 1.97584008465545E+03	-1.99706471547760E-01
 1.97584282255548E+03	-1.99751403936091E-01
 1.97584556045551E+03	-1.50896712041523E-01
 1.97584829835554E+03	-7.41339125382925E-02
 1.97585103625557E+03	 4.75890407981600E-03
 1.97585377415560E+03	 6.57152351980934E-02
 1.97585651205564E+03	 1.02801527457340E-01
 1.97585924995567E+03	 1.22725899279327E-01
 1.97586198785570E+03	 1.33719918118279E-01
 1.97586472575573E+03	 1.34070822012838E-01
 1.97586746365576E+03	 1.11212801388543E-01
 1.97587020155579E+03	 5.41260112215464E-02
 1.97587293945582E+03	-3.12724507561220E-02
 1.97587567735585E+03	-1.19384313805027E-01
 1.97587841525588E+03	-1.78900010788667E-01
 1.97588115315591E+03	-1.89753061994029E-01
 1.97588389105594E+03	-1.47486965581407E-01
 1.97588662895597E+03	-5.64935501619188E-02
 1.97588936685600E+03	 7.37130984925961E-02
 1.97589210475604E+03	 2.23286821684862E-01
 1.97589484265607E+03	 3.57905539951483E-01
 1.97589758055610E+03	 4.37061550676114E-01
 1.97590031845613E+03	 4.32560912562994E-01
 1.97590305635616E+03	 3.43844856171479E-01
 1.97590579425619E+03	 1.98848743320916E-01
 1.97590853215622E+03	 4.03443310408548E-02
 1.97591127005625E+03	-9.21822074646338E-02
 1.97591400795628E+03	-1.73976327219612E-01
 1.97591674585631E+03	-1.96819785459662E-01
 1.97591948375634E+03	-1.66475082641431E-01
 1.97592222165637E+03	-1.00217676498317E-01
 1.97592495955640E+03	-2.24903870575506E-02
 1.97592769745643E+03	 4.40420256664662E-02
 1.97593043535647E+03	 8.81342403283781E-02
 1.97593317325650E+03	 1.12360205292988E-01
 1.97593591115653E+03	 1.25275932602981E-01
 1.97593864905656E+03	 1.29407937860807E-01
 1.97594138695659E+03	 1.15861208654872E-01
 1.97594412485662E+03	 7.20535711317340E-02
 1.97594686275665E+03	-2.82538167986439E-03
 1.97594960065668E+03	-8.95887193153702E-02
 1.97595233855671E+03	-1.57706930719963E-01
 1.97595507645674E+03	-1.82902468415913E-01
 1.97595781435677E+03	-1.56567325503774E-01
 1.97596055225680E+03	-8.15412219476200E-02
 1.97596329015683E+03	 3.43828627819685E-02
 1.97596602805687E+03	 1.76448108995210E-01
 1.97596876595690E+03	 3.16969192294294E-01
 1.97597150385693E+03	 4.17914336293556E-01
 1.97597424175696E+03	 4.45655320958661E-01
 1.97597697965699E+03	 3.88300830969718E-01
 1.97597971755702E+03	 2.62814304313490E-01
 1.97598245545705E+03	 1.07016196227531E-01
 1.97598519335708E+03	-3.74332426173219E-02
 1.97598793125711E+03	-1.39723251330805E-01
 1.97599066915714E+03	-1.85459760231190E-01
 1.97599340705717E+03	-1.75384235266251E-01
 1.97599614495720E+03	-1.22677295752682E-01
 1.97599888285723E+03	-4.94390980322039E-02
 1.97600162075727E+03	 2.05475016516129E-02
 1.97600435865730E+03	 7.15288875509922E-02
 1.97600709655733E+03	 1.01193681885274E-01
 1.97600983445736E+03	 1.16599767745637E-01
 1.97601257235739E+03	 1.23236887853663E-01
 1.97601531025742E+03	 1.16523587318251E-01
 1.97601804815744E+03	 8.45185984299910E-02
 1.97602078605748E+03	 2.13531395180143E-02
 1.97602352395751E+03	-6.07962875140839E-02
 1.97602626185754E+03	-1.34326248244387E-01
 1.97602899975757E+03	-1.72076021411545E-01
 1.97603173765760E+03	-1.60803083747703E-01
 1.97603447555763E+03	-1.01045658429767E-01
 1.97603721345767E+03	 3.89474272982871E-04
 1.97603995135770E+03	 1.32186109602600E-01
 1.97604268925773E+03	 2.72958770856635E-01
 1.97604542715776E+03	 3.89285235945455E-01
 1.97604816505779E+03	 4.45464021738481E-01
 1.97605090295782E+03	 4.20418229268670E-01
 1.97605364085785E+03	 3.19573297910207E-01
 1.97605637875788E+03	 1.73121575685457E-01
 1.97605911665791E+03	 2.21529346419339E-02
 1.97606185455794E+03	-9.76885247046770E-02
 1.97606459245797E+03	-1.65658280513292E-01
 1.97606733035800E+03	-1.76999178965217E-01
 1.97607006825803E+03	-1.40443991301815E-01
 1.97607280615806E+03	-7.50035433260887E-02
 1.97607554405810E+03	-4.21368586366647E-03
 1.97607828195813E+03	 5.28195449464461E-02
 1.97608101985816E+03	 8.87593793620661E-02
 1.97608375775819E+03	 1.07648743959571E-01
 1.97608649565822E+03	 1.16293714030102E-01
 1.97608923355825E+03	 1.14268293311289E-01
 1.97609197145828E+03	 9.20114096449172E-02
 1.97609470935831E+03	 4.06809875770175E-02
 1.97609744725834E+03	-3.42620444091987E-02
 1.97610018515837E+03	-1.09906492030636E-01
 1.97610292305840E+03	-1.58018514079320E-01
 1.97610566095843E+03	-1.60812004055441E-01
 1.97610839885846E+03	-1.15610114409527E-01
 1.97611113675850E+03	-2.83203929587693E-02
 1.97611387465853E+03	 9.16888569224458E-02
 1.97611661255856E+03	 2.28248883103347E-01
 1.97611935045859E+03	 3.53670362000386E-01
 1.97612208835862E+03	 4.33210270204224E-01
 1.97612482625865E+03	 4.39428920642026E-01
 1.97612756415868E+03	 3.66798299825887E-01
 1.97613030205871E+03	 2.35941701330436E-01
 1.97613303995874E+03	 8.44885826336784E-02
 1.97613577785877E+03	-4.89809396269787E-02
 1.97613851575880E+03	-1.37683340332198E-01
 1.97614125365883E+03	-1.70927604050931E-01
 1.97614399155886E+03	-1.52604172067749E-01
 1.97614672945890E+03	-9.80755384512504E-02
 1.97614946735893E+03	-2.94725086292065E-02
 1.97615220525896E+03	 3.20730851800214E-02
 1.97615494315899E+03	 7.46131720012455E-02
 1.97615768105902E+03	 9.81344270347336E-02
 1.97616041895905E+03	 1.09011843976578E-01
 1.97616315685908E+03	 1.10120465363034E-01
 1.97616589475911E+03	 9.53409439420844E-02
 1.97616863265914E+03	 5.50140205939820E-02
 1.97617137055917E+03	-1.10161054240552E-02
 1.97617410845920E+03	-8.56419879415074E-02
 1.97617684635923E+03	-1.41565477603840E-01
 1.97617958425926E+03	-1.57196771926797E-01
 1.97618232215929E+03	-1.25870991001345E-01
 1.97618506005933E+03	-5.21249190532507E-02
 1.97618779795936E+03	 5.55665441301249E-02
 1.97619053585939E+03	 1.84759010767851E-01
 1.97619327375942E+03	 3.13622699486118E-01
 1.97619601165945E+03	 4.10734080524810E-01
 1.97619874955948E+03	 4.45391413366810E-01
 1.97620148745951E+03	 4.02726689581601E-01
 1.97620422535954E+03	 2.92827999763984E-01
 1.97620696325957E+03	 1.47189843010547E-01
 1.97620970115960E+03	 4.90953415179260E-03
 1.97621243905963E+03	-1.02112949511601E-01
 1.97621517695966E+03	-1.57024325031426E-01
 1.97621791485969E+03	-1.58433467305871E-01
 1.97622065275973E+03	-1.17593196353995E-01
 1.97622339065976E+03	-5.43045459989751E-02
 1.97622612855979E+03	 9.60749618545776E-03
 1.97622886645982E+03	 5.84297357169976E-02
 1.97623160435985E+03	 8.76109489294760E-02
 1.97623434225988E+03	 1.01503193866494E-01
 1.97623708015991E+03	 1.04928994737360E-01
 1.97623981805994E+03	 9.55013319615640E-02
 1.97624255595997E+03	 6.46355631751040E-02
 1.97624529386000E+03	 8.24080254439674E-03
 1.97624803176003E+03	-6.26800675257754E-02
 1.97625076966006E+03	-1.23642169870822E-01
 1.97625350756009E+03	-1.50568990133496E-01
 1.97625624546013E+03	-1.32435877543097E-01
 1.97625898336016E+03	-7.15881729480750E-02
 1.97626172126019E+03	 2.39305841314383E-02
 1.97626445916022E+03	 1.43858255896630E-01
 1.97626719706025E+03	 2.71517368151914E-01
 1.97626993496028E+03	 3.80278559611744E-01
 1.97627267286031E+03	 4.39147868876927E-01
 1.97627541076034E+03	 4.26303277549260E-01
 1.97627814866037E+03	 3.41407463133183E-01
 1.97628088656040E+03	 2.07705441244337E-01
 1.97628362446043E+03	 6.21299320582235E-02
 1.97628636236046E+03	-5.98626769765621E-02
 1.97628910026049E+03	-1.35409488893203E-01
 1.97629183816053E+03	-1.57420064906969E-01
 1.97629457606056E+03	-1.32599963521607E-01
 1.97629731396059E+03	-7.76998551509210E-02
 1.97630005186062E+03	-1.40216341954616E-02
 1.97630278976065E+03	 4.00764533364742E-02
 1.97630552766068E+03	 7.55801707187610E-02
 1.97630826556071E+03	 9.35880399951134E-02
 1.97631100346074E+03	 9.92687171587818E-02
 1.97631374136077E+03	 9.35200774428692E-02
 1.97631647926080E+03	 7.01890345630624E-02
 1.97631921716083E+03	 2.32055914056981E-02
 1.97632195506086E+03	-4.20120332932938E-02
 1.97632469296089E+03	-1.05229544202753E-01
 1.97632743086092E+03	-1.41577002844236E-01
 1.97633016876096E+03	-1.35860149092346E-01
 1.97633290666099E+03	-8.73385667391581E-02
 1.97633564456102E+03	-3.48511696466741E-03
 1.97633838246105E+03	 1.06345843907616E-01
 1.97634112036108E+03	 2.29361803756109E-01
 1.97634385826111E+03	 3.44249556174603E-01
 1.97634659616114E+03	 4.22202022705245E-01
 1.97634933406117E+03	 4.37253267942709E-01
 1.97635207196120E+03	 3.79776463230920E-01
 1.97635480986123E+03	 2.63484247881798E-01
 1.97635754776126E+03	 1.20523666327346E-01
 1.97636028566129E+03	-1.22010977188033E-02
 1.97636302356132E+03	-1.06490904936417E-01
 1.97636576146136E+03	-1.49282617172993E-01
 1.97636849936139E+03	-1.42289957902211E-01
 1.97637123726142E+03	-9.86343136306676E-02
 1.97637397516145E+03	-3.80611550159513E-02
 1.97637671306148E+03	 1.96574332921204E-02
 1.97637945096151E+03	 6.15977100651328E-02
 1.97638218886154E+03	 8.48659972210207E-02
 1.97638492676157E+03	 9.33900659401207E-02
 1.97638766466160E+03	 9.03105628343174E-02
 1.97639040256163E+03	 7.25628741570288E-02
 1.97639314046166E+03	 3.39901716204088E-02
 1.97639587836169E+03	-2.43677846778770E-02
 1.97639861626172E+03	-8.72979031005414E-02
 1.97640135416176E+03	-1.30921097294307E-01
 1.97640409206179E+03	-1.36653852694231E-01
 1.97640682996182E+03	-9.99795043768818E-02
 1.97640956786185E+03	-2.71843972993474E-02
 1.97641230576188E+03	 7.25003238410527E-02
 1.97641504366191E+03	 1.88669956164618E-01
 1.97641778156194E+03	 3.04978934082816E-01
 1.97642051946197E+03	 3.96534395857490E-01
 1.97642325736200E+03	 4.36075142026895E-01
 1.97642599526203E+03	 4.06657201544016E-01
 1.97642873316206E+03	 3.12164654224295E-01
 1.97643147106209E+03	 1.77734123849938E-01
 1.97643420896212E+03	 3.92585103152775E-02
 1.97643694686215E+03	-7.09866123743411E-02
 1.97643968476219E+03	-1.33987263641824E-01
 1.97644242266222E+03	-1.46040864815683E-01
 1.97644516056225E+03	-1.16134889264424E-01
 1.97644789846228E+03	-6.16187509736755E-02
 1.97645063636231E+03	-2.47516202791291E-03
 1.97645337426234E+03	 4.53651614316095E-02
 1.97645611216237E+03	 7.48150321617720E-02
 1.97645885006240E+03	 8.72207361356854E-02
 1.97646158796243E+03	 8.65504335940130E-02
 1.97646432586246E+03	 7.27449782651365E-02
 1.97646706376249E+03	 4.10818611964248E-02
 1.97646980166252E+03	-1.01350374324508E-02
 1.97647253956255E+03	-7.07176430256538E-02
 1.97647527746259E+03	-1.19344149832486E-01
 1.97647801536262E+03	-1.35304988277062E-01
 1.97648075326265E+03	-1.10038530721152E-01
 1.97648349116268E+03	-4.77737037949711E-02
 1.97648622906271E+03	 4.21816219094015E-02
 1.97648896696274E+03	 1.50409651825746E-01
 1.97649170486277E+03	 2.64519865298193E-01
 1.97649444276280E+03	 3.64379249773036E-01
 1.97649718066283E+03	 4.23954015990606E-01
 1.97649991856286E+03	 4.21495026247216E-01
 1.97650265646289E+03	 3.51763182304537E-01
 1.97650539436292E+03	 2.31347741654977E-01
 1.97650813226295E+03	 9.26000508279366E-02
 1.97651087016299E+03	-2.99401713337851E-02
 1.97651360806302E+03	-1.11766003531948E-01
 1.97651634596305E+03	-1.43437800415896E-01
 1.97651908386308E+03	-1.29334160134754E-01
 1.97652182176311E+03	-8.37304007083754E-02
 1.97652455966314E+03	-2.57404299122818E-02
 1.97652729756317E+03	 2.67971947488205E-02
 1.97653003546320E+03	 6.29023961822529E-02
 1.97653277336323E+03	 8.04159230032275E-02
 1.97653551126326E+03	 8.26027666427406E-02
 1.97653824916329E+03	 7.16688865918530E-02
 1.97654098706332E+03	 4.52506835094163E-02
 1.97654372496335E+03	 6.79202896287674E-04
 1.97654646286338E+03	-5.61632526922595E-02
 1.97654920076342E+03	-1.07593021488971E-01
 1.97655193866345E+03	-1.32303254523873E-01
 1.97655467656348E+03	-1.17952658511289E-01
 1.97655741446351E+03	-6.58503744286961E-02
 1.97656015236354E+03	 1.49644342037096E-02
 1.97656289026357E+03	 1.15021627312895E-01
 1.97656562816360E+03	 2.24496690352850E-01
 1.97656836606363E+03	 3.27992111932977E-01
 1.97657110396366E+03	 4.02606936722739E-01
 1.97657384186369E+03	 4.24482481310729E-01
 1.97657657976372E+03	 3.80837730048343E-01
 1.97657931766375E+03	 2.79064007639295E-01
 1.97658205556378E+03	 1.45685425754952E-01
 1.97658479346382E+03	 1.52808758721912E-02
 1.97658753136385E+03	-8.31353451406726E-02
 1.97659026926388E+03	-1.34292211584163E-01
 1.97659300716391E+03	-1.37512564702275E-01
 1.97659574506394E+03	-1.03428147031677E-01
 1.97659848296397E+03	-4.93726987392071E-02
 1.97660122086400E+03	 6.05692058455470E-03
 1.97660395876403E+03	 4.86909856675877E-02
 1.97660669666406E+03	 7.24467233371295E-02
 1.97660943456409E+03	 7.84897261213759E-02
 1.97661217246412E+03	 7.00751235657600E-02
 1.97661491036415E+03	 4.74167214481581E-02
 1.97661764826418E+03	 8.43419525481732E-03
 1.97662038616422E+03	-4.40301068703781E-02
 1.97662312406425E+03	-9.63543345058799E-02
 1.97662586196428E+03	-1.28150136484576E-01
 1.97662859986431E+03	-1.24080410621876E-01
 1.97663133776434E+03	-8.19260981193817E-02
 1.97663407566437E+03	-9.72040917289713E-03
 1.97663681356440E+03	 8.24990439678604E-02
 1.97663955146443E+03	 1.86023131289642E-01
 1.97664228936446E+03	 2.89436816169704E-01
 1.97664502726449E+03	 3.74080715750544E-01
 1.97664776516452E+03	 4.16505960592460E-01
 1.97665050306455E+03	 3.98602845573410E-01
 1.97665324096458E+03	 3.18873534274710E-01
 1.97665597886462E+03	 1.96273227375030E-01
 1.97665871676465E+03	 6.30126912816449E-02
 1.97666145466468E+03	-4.89107447263096E-02
 1.97666419256471E+03	-1.18658979275153E-01
 1.97666693046474E+03	-1.40129588644960E-01
 1.97666966836477E+03	-1.19801369491665E-01
 1.97667240626480E+03	-7.24817001706090E-02
 1.97667514416483E+03	-1.64419087204177E-02
 1.97667788206486E+03	 3.19267695488611E-02
 1.97668061996489E+03	 6.27113804236576E-02
 1.97668335786492E+03	 7.39199740739118E-02
 1.97668609576495E+03	 6.84083069281686E-02
 1.97668883366498E+03	 4.84977279219103E-02
 1.97669157156501E+03	 1.37865893494652E-02
 1.97669430946505E+03	-3.43828617573682E-02
 1.97669704736508E+03	-8.61758644690014E-02
 1.97669978526511E+03	-1.23346296875558E-01
 1.97670252316514E+03	-1.28726763003151E-01
 1.97670526106517E+03	-9.63890225037197E-02
 1.97670799896520E+03	-3.24579598664603E-02
 1.97671073686523E+03	 5.25089777348492E-02
 1.97671347476526E+03	 1.49692395259553E-01
 1.97671621266529E+03	 2.50416977046758E-01
 1.97671895056532E+03	 3.40528880127055E-01
 1.97672168846535E+03	 3.99021597384164E-01
 1.97672442636538E+03	 4.04980204502371E-01
 1.97672716426541E+03	 3.49221847403166E-01
 1.97672990216545E+03	 2.42167091653314E-01
 1.97673264006548E+03	 1.11355618827149E-01
 1.97673537796551E+03	-1.02097494763795E-02
 1.97673811586554E+03	-9.68527201984462E-02
 1.97674085376557E+03	-1.36846804728650E-01
 1.97674359166560E+03	-1.32047518829710E-01
 1.97674632956563E+03	-9.41197193534412E-02
 1.97674906746566E+03	-4.00625032567033E-02
 1.97675180536569E+03	 1.25970141098926E-02
 1.97675454326572E+03	 5.06518519240263E-02
 1.97675728116575E+03	 6.83628980120827E-02
 1.97676001906578E+03	 6.67644981494278E-02
 1.97676275696581E+03	 4.92606763651529E-02
 1.97676549486585E+03	 1.75754716069644E-02
 1.97676823276588E+03	-2.69495140398523E-02
 1.97677097066591E+03	-7.73899965145714E-02
 1.97677370856594E+03	-1.18354395648861E-01
 1.97677644646597E+03	-1.32166322512300E-01
 1.97677918436600E+03	-1.09500043278098E-01
 1.97678192226603E+03	-5.37506110413334E-02
 1.97678466016606E+03	 2.45334406923404E-02
 1.97678739806609E+03	 1.15632581100581E-01
 1.97679013596612E+03	 2.12169401972386E-01
 1.97679287386615E+03	 3.03996287939240E-01
 1.97679561176618E+03	 3.73876796365421E-01
 1.97679834966621E+03	 4.00576136156119E-01
 1.97680108756624E+03	 3.69136613582993E-01
 1.97680382546628E+03	 2.81378960565683E-01
 1.97680656336631E+03	 1.58269274462551E-01
 1.97680930126634E+03	 3.15642340032024E-02
 1.97681203916637E+03	-6.94614450695989E-02
 1.97681477706640E+03	-1.27546046193657E-01
 1.97681751496643E+03	-1.39511199433605E-01
 1.97682025286646E+03	-1.13347365751662E-01
 1.97682299076649E+03	-6.39954226282324E-02
 1.97682572866652E+03	-9.04574035280662E-03
 1.97682846656655E+03	 3.58588332203980E-02
 1.97683120446658E+03	 6.11560761813370E-02
 1.97683394236661E+03	 6.48949590174449E-02
 1.97683668026664E+03	 5.02002991846892E-02
 1.97683941816668E+03	 2.06781540679996E-02
 1.97684215606671E+03	-2.11673191475147E-02
 1.97684489396674E+03	-7.00573723065190E-02
 1.97684763186677E+03	-1.13543086835806E-01
 1.97685036976680E+03	-1.34652714694542E-01
 1.97685310766683E+03	-1.21412703995684E-01
 1.97685584556686E+03	-7.39576427388473E-02
 1.97685858346689E+03	-1.99264344891499E-03
 1.97686132136692E+03	 8.36123298498593E-02
 1.97686405926695E+03	 1.75427386501211E-01
 1.97686679716698E+03	 2.66237725087281E-01
 1.97686953506701E+03	 3.43101068194662E-01
 1.97687227296704E+03	 3.86588196873939E-01
 1.97687501086708E+03	 3.78299850720640E-01
 1.97687774876711E+03	 3.12287957942228E-01
 1.97688048666714E+03	 2.01697966555830E-01
 1.97688322456717E+03	 7.47645501565597E-02
 1.97688596246720E+03	-3.73530158521847E-02
 1.97688870036723E+03	-1.12345006741429E-01
 1.97689143826726E+03	-1.41712910802797E-01
 1.97689417616729E+03	-1.29291736166076E-01
 1.97689691406732E+03	-8.73226633524642E-02
 1.97689965196735E+03	-3.24935808369455E-02
 1.97690238986738E+03	 1.81515397160825E-02
 1.97690512776741E+03	 5.16283132239211E-02
 1.97690786566744E+03	 6.22635007259296E-02
 1.97691060356747E+03	 5.14631070394296E-02
 1.97691334146751E+03	 2.38590857257778E-02
 1.97691607936754E+03	-1.62773212761710E-02
 1.97691881726757E+03	-6.39465657587113E-02
 1.97692155516760E+03	-1.09124329225784E-01
 1.97692429306763E+03	-1.36407574494190E-01
 1.97692703096766E+03	-1.32202939570250E-01
 1.97692976886769E+03	-9.32734008049639E-02
 1.97693250676772E+03	-2.75656411955564E-02
 1.97693524466775E+03	 5.31760547364107E-02
 1.97693798256778E+03	 1.40451673270999E-01
 1.97694072046781E+03	 2.28590845472827E-01
 1.97694345836784E+03	 3.08693455948583E-01
 1.97694619626787E+03	 3.64652761195971E-01
 1.97694893416791E+03	 3.77053696560400E-01
 1.97695167206794E+03	 3.33773979981097E-01
 1.97695440996797E+03	 2.39715901559891E-01
 1.97695714786800E+03	 1.17574131897315E-01
 1.97695988576803E+03	-1.66804590289898E-03
 1.97696262366806E+03	-9.16105437217958E-02
 1.97696536156809E+03	-1.38370174825233E-01
 1.97696809946812E+03	-1.41193555830852E-01
 1.97697083736815E+03	-1.09086067311190E-01
 1.97697357526818E+03	-5.70219154332097E-02
 1.97697631316821E+03	-2.37648117688229E-03
 1.97697905106824E+03	 3.92195331612097E-02
 1.97698178896827E+03	 5.81465049944591E-02
 1.97698452686831E+03	 5.28278070493173E-02
 1.97698726476834E+03	 2.76358957282000E-02
 1.97699000266837E+03	-1.14550353899835E-02
 1.97699274056840E+03	-5.85597575896932E-02
 1.97699547846843E+03	-1.05099866171283E-01
 1.97699821636846E+03	-1.37589454023315E-01
 1.97700095426849E+03	-1.41895081206287E-01
 1.97700369216852E+03	-1.11737418905097E-01
 1.97700643006855E+03	-5.25324990155454E-02
 1.97700916796858E+03	 2.37860622429885E-02
 1.97701190586861E+03	 1.07117652211102E-01
 1.97701464376864E+03	 1.91915182461690E-01
 1.97701738166867E+03	 2.72433364521163E-01
 1.97702011956871E+03	 3.36653773665075E-01
 1.97702285746874E+03	 3.66337425754957E-01
 1.97702559536877E+03	 3.45306980842457E-01
 1.97702833326880E+03	 2.70676483696198E-01
 1.97703107116883E+03	 1.58107623130719E-01
 1.97703380906886E+03	 3.62073686955673E-02
 1.97703654696889E+03	-6.59674958752114E-02
 1.97703928486892E+03	-1.29413925673990E-01
 1.97704202276895E+03	-1.48442718344778E-01
 1.97704476066898E+03	-1.28351972783666E-01
 1.97704749856901E+03	-8.17485568665763E-02
 1.97705023646904E+03	-2.53484396553445E-02
 1.97705297436907E+03	 2.35807594139496E-02
 1.97705571226910E+03	 5.17587691586631E-02
 1.97705845016914E+03	 5.37438522603354E-02
 1.97706118806917E+03	 3.21840013099611E-02
 1.97706392596920E+03	-5.95763647019094E-03
 1.97706666386923E+03	-5.32060447424574E-02
 1.97706940176926E+03	-1.01232897944145E-01
 1.97707213966929E+03	-1.38249810581961E-01
 1.97707487756932E+03	-1.50473891140206E-01
 1.97707761546935E+03	-1.29264720653513E-01
 1.97708035336938E+03	-7.70502913878399E-02
 1.97708309126941E+03	-5.04946078115318E-03
 1.97708582916944E+03	 7.50405001265475E-02
 1.97708856706947E+03	 1.56599072757398E-01
 1.97709130496950E+03	 2.35737208404356E-01
 1.97709404286954E+03	 3.04517875701517E-01
 1.97709678076957E+03	 3.47563124968028E-01
 1.97709951866960E+03	 3.46978102941498E-01
 1.97710225656963E+03	 2.93347095121971E-01
 1.97710499446966E+03	 1.94536270704701E-01
 1.97710773236969E+03	 7.46941069171775E-02
 1.97711047026972E+03	-3.62986286281002E-02
 1.97711320816975E+03	-1.15001974303699E-01
 1.97711594606978E+03	-1.50603878935314E-01
 1.97711868396981E+03	-1.44266481356866E-01
 1.97712142186984E+03	-1.05703269961326E-01
 1.97712415976987E+03	-5.01296134621820E-02
 1.97712689766990E+03	 4.64179004612899E-03
 1.97712963556994E+03	 4.23854319725255E-02
 1.97713237346997E+03	 5.34206908691780E-02
 1.97713511137000E+03	 3.72949596256656E-02
 1.97713784927003E+03	 7.35766540991951E-04
 1.97714058717006E+03	-4.71148448530876E-02
 1.97714332507009E+03	-9.70574425224918E-02
 1.97714606297012E+03	-1.38288461724984E-01
 1.97714880087015E+03	-1.57878056764983E-01
 1.97715153877018E+03	-1.45682486925985E-01
 1.97715427667021E+03	-1.01083407361959E-01
 1.97715701457024E+03	-3.36787664538935E-02
 1.97715975247027E+03	 4.37163397929961E-02
 1.97716249037030E+03	 1.22626757749989E-01
 1.97716522827033E+03	 1.99575792257230E-01
 1.97716796617037E+03	 2.70022342131515E-01
 1.97717070407040E+03	 3.22446128164128E-01
 1.97717344197043E+03	 3.39466511336433E-01
 1.97717617987046E+03	 3.07010789387523E-01
 1.97717891777049E+03	 2.25223801079860E-01
 1.97718165567052E+03	 1.12099352703566E-01
 1.97718439357055E+03	-3.73007930834883E-03
 1.97718713147058E+03	-9.55294261642485E-02
 1.97718986937061E+03	-1.47434935908265E-01
 1.97719260727064E+03	-1.56098693071733E-01
 1.97719534517067E+03	-1.27898177577264E-01
 1.97719808307070E+03	-7.58796729636585E-02
 1.97720082097073E+03	-1.73599293985606E-02
 1.97720355887077E+03	 2.95006548419023E-02
 1.97720629677080E+03	 5.09527069453073E-02
 1.97720903467083E+03	 4.23949769276966E-02
 1.97721177257086E+03	 8.81383473468729E-03
 1.97721451047089E+03	-3.95736424909235E-02
 1.97721724837092E+03	-9.19312770477370E-02
 1.97721998627095E+03	-1.37423273546846E-01
 1.97722272417098E+03	-1.63977222711176E-01
 1.97722546207101E+03	-1.60760482409634E-01
 1.97722819997104E+03	-1.24429341890378E-01
 1.97723093787107E+03	-6.22483183708004E-02
 1.97723367577110E+03	 1.26575220322021E-02
 1.97723641367113E+03	 8.96901188525466E-02
 1.97723915157117E+03	 1.64458011541517E-01
 1.97724188947120E+03	 2.34639509258674E-01
 1.97724462737123E+03	 2.92812575501911E-01
 1.97724736527126E+03	 3.23944793240951E-01
 1.97725010317129E+03	 3.11519547831620E-01
 1.97725284107132E+03	 2.48857640643470E-01
 1.97725557897135E+03	 1.46719910632730E-01
 1.97725831687138E+03	 3.04031025623058E-02
 1.97726105477141E+03	-7.16336978570108E-02
 1.97726379267144E+03	-1.38901170324317E-01
 1.97726653057147E+03	-1.63272089457159E-01
 1.97726926847150E+03	-1.47391298189346E-01
 1.97727200637153E+03	-1.01622014016286E-01
 1.97727474427156E+03	-4.18894205073145E-02
 1.97727748217160E+03	 1.28571641130004E-02
 1.97728022007163E+03	 4.54600487253172E-02
 1.97728295797166E+03	 4.66203079287861E-02
 1.97728569587169E+03	 1.80713019092720E-02
 1.97728843377172E+03	-3.00687054724599E-02
 1.97729117167175E+03	-8.51299396277489E-02
 1.97729390957178E+03	-1.35187756677955E-01
 1.97729664747181E+03	-1.68540753795972E-01
 1.97729938537184E+03	-1.74226688722305E-01
 1.97730212327187E+03	-1.46760143407609E-01
 1.97730486117190E+03	-9.06853141408476E-02
 1.97730759907193E+03	-1.84964233028799E-02
 1.97731033697196E+03	 5.73245720693667E-02
 1.97731307487200E+03	 1.30476820698182E-01
 1.97731581277203E+03	 1.99435219144683E-01
 1.97731855067206E+03	 2.60409274923137E-01
 1.97732128857209E+03	 3.01934583434138E-01
 1.97732402647212E+03	 3.07289751841989E-01
 1.97732676437215E+03	 2.64558303419215E-01
 1.97732950227218E+03	 1.76961657283636E-01
 1.97733224017221E+03	 6.46148421490000E-02
 1.97733497807224E+03	-4.41899147762073E-02
 1.97733771597227E+03	-1.25186610523504E-01
 1.97734045387230E+03	-1.65386320989236E-01
 1.97734319177233E+03	-1.63338380009513E-01
 1.97734592967236E+03	-1.26319293788913E-01
 1.97734866757240E+03	-6.81578099986963E-02
 1.97735140547243E+03	-7.46359911938261E-03
 1.97735414337246E+03	 3.62241895477051E-02
 1.97735688127249E+03	 4.89373869549847E-02
 1.97735961917252E+03	 2.79067886215732E-02
 1.97736235707255E+03	-1.84055150117664E-02
 1.97736509497258E+03	-7.59707102935948E-02
 1.97736783287261E+03	-1.30965776030876E-01
 1.97737057077264E+03	-1.71210585322956E-01
 1.97737330867267E+03	-1.85765499938536E-01
 1.97737604657270E+03	-1.67665768576793E-01
 1.97737878447273E+03	-1.18715022423720E-01
 1.97738152237276E+03	-4.99045387438591E-02
 1.97738426027280E+03	 2.50472010654702E-02
 1.97738699817283E+03	 9.74049812057764E-02
 1.97738973607286E+03	 1.65030306589309E-01
 1.97739247397289E+03	 2.26740018481860E-01
 1.97739521187292E+03	 2.75131199277224E-01
 1.97739794977295E+03	 2.95238393609605E-01
 1.97740068767298E+03	 2.71951062656827E-01
 1.97740342557301E+03	 2.01462923853704E-01
 1.97740616347304E+03	 9.73495149139555E-02
 1.97740890137307E+03	-1.42915952340229E-02
 1.97741163927310E+03	-1.06702228256640E-01
 1.97741437717313E+03	-1.62232584030178E-01
 1.97741711507316E+03	-1.75031408753902E-01
 1.97741985297319E+03	-1.48945474362595E-01
 1.97742259087323E+03	-9.51899133844790E-02
 1.97742532877326E+03	-3.10442271777652E-02
 1.97742806667329E+03	 2.27991722283289E-02
 1.97743080457332E+03	 4.82889301178872E-02
 1.97743354247335E+03	 3.73814687746607E-02
 1.97743628037338E+03	-4.78793022681501E-03
 1.97743901827341E+03	-6.39485065828039E-02
 1.97744175617344E+03	-1.24065547708878E-01
 1.97744449407347E+03	-1.71491717952871E-01
 1.97744723197350E+03	-1.95002233069103E-01
 1.97744996987353E+03	-1.86687902316862E-01
 1.97745270777356E+03	-1.45901669358148E-01
 1.97745544567359E+03	-8.14917312412947E-02
 1.97745818357363E+03	-7.52273492469145E-03
 1.97746092147366E+03	 6.48220921486447E-02
 1.97746365937369E+03	 1.31624750452955E-01
 1.97746639727372E+03	 1.92947882327616E-01
 1.97746913517375E+03	 2.45220332792458E-01
 1.97747187307378E+03	 2.76666998525365E-01
 1.97747461097381E+03	 2.71188133077640E-01
 1.97747734887384E+03	 2.19206829008834E-01
 1.97748008677387E+03	 1.27082877722940E-01
 1.97748282467390E+03	 1.67879403531851E-02
 1.97748556257393E+03	-8.40884343923611E-02
 1.97748830047396E+03	-1.53805427781690E-01
 1.97749103837399E+03	-1.81924999091226E-01
 1.97749377627403E+03	-1.68547266183498E-01
 1.97749651417406E+03	-1.21904134499670E-01
 1.97749925207409E+03	-5.71638675851156E-02
 1.97750198997412E+03	 5.08447214961188E-03
 1.97750472787415E+03	 4.37439638754920E-02
 1.97750746577418E+03	 4.53302114177559E-02
 1.97751020367421E+03	 1.01588186361398E-02
 1.97751294157424E+03	-4.88616708053087E-02
 1.97751567947427E+03	-1.13826867598494E-01
 1.97751841737430E+03	-1.68771751540562E-01
 1.97752115527433E+03	-2.01483119503171E-01
 1.97752389317436E+03	-2.03337590103595E-01
 1.97752663107439E+03	-1.71699074670138E-01
 1.97752936897442E+03	-1.12954851434970E-01
 1.97753210687446E+03	-4.05757650294409E-02
 1.97753484477449E+03	 3.22516579499024E-02
 1.97753758267452E+03	 9.90753069552546E-02
 1.97754032057455E+03	 1.59755658945646E-01
 1.97754305847458E+03	 2.13710564488381E-01
 1.97754579637461E+03	 2.53107839470654E-01
 1.97754853427464E+03	 2.62915970133525E-01
 1.97755127217467E+03	 2.29607110961693E-01
 1.97755401007470E+03	 1.52433906066815E-01
 1.97755674797473E+03	 4.76559360390606E-02
 1.97755948587476E+03	-5.82076722400947E-02
 1.97756222377479E+03	-1.40312391170796E-01
 1.97756496167482E+03	-1.83653761161291E-01
 1.97756769957486E+03	-1.84291260704862E-01
 1.97757043747489E+03	-1.47193200914981E-01
 1.97757317537492E+03	-8.48619722760300E-02
 1.97757591327495E+03	-1.66477627558379E-02
 1.97757865117498E+03	 3.46301675850568E-02
 1.97758138907501E+03	 5.05086529453821E-02
 1.97758412697504E+03	 2.54274150887696E-02
 1.97758686487507E+03	-3.09055712786222E-02
 1.97758960277510E+03	-9.97477521173488E-02
 1.97759234067513E+03	-1.62375639760626E-01
 1.97759507857516E+03	-2.04663098989916E-01
 1.97759781647519E+03	-2.17096175151206E-01
 1.97760055437522E+03	-1.95497839191384E-01
 1.97760329227526E+03	-1.43798513356609E-01
 1.97760603017529E+03	-7.40645524239612E-02
 1.97760876807532E+03	-7.12335760085317E-04
 1.97761150597535E+03	 6.70105853000989E-02
 1.97761424387538E+03	 1.27467699165069E-01
 1.97761698177541E+03	 1.81802562585386E-01
 1.97761971967544E+03	 2.26152496954923E-01
 1.97762245757547E+03	 2.48189946355934E-01
 1.97762519547550E+03	 2.32554169699754E-01
 1.97762793337553E+03	 1.72275379702453E-01
 1.97763067127556E+03	 7.68814944448346E-02
 1.97763340917559E+03	-3.01222763070318E-02
 1.97763614707562E+03	-1.22180770329293E-01
 1.97763888497565E+03	-1.80044326772900E-01
 1.97764162287569E+03	-1.95496482159235E-01
 1.97764436077572E+03	-1.69996303959046E-01
 1.97764709867575E+03	-1.13021312506044E-01
 1.97764983657578E+03	-4.17709586575176E-02
 1.97765257447581E+03	 2.06307905230266E-02
 1.97765531237584E+03	 5.17544079931601E-02
 1.97765805027587E+03	 3.97261794477287E-02
 1.97766078817590E+03	-1.07159254682783E-02
 1.97766352607593E+03	-8.16109916227058E-02
 1.97766626397596E+03	-1.51654555507783E-01
 1.97766900187599E+03	-2.03913821311456E-01
 1.97767173977602E+03	-2.27405130643980E-01
 1.97767447767605E+03	-2.16659347232965E-01
 1.97767721557609E+03	-1.73387688557093E-01
 1.97767995347612E+03	-1.07696940976970E-01
 1.97768269137615E+03	-3.43059987145521E-02
 1.97768542927618E+03	 3.49635857198362E-02
 1.97768816717621E+03	 9.60275462691809E-02
 1.97769090507624E+03	 1.50309853647766E-01
 1.97769364297627E+03	 1.97285228660099E-01
 1.97769638087630E+03	 2.28346320065730E-01
 1.97769911877633E+03	 2.28412657163597E-01
 1.97770185667636E+03	 1.85829106930296E-01
 1.97770459457639E+03	 1.03092877440186E-01
 1.97770733247642E+03	-1.05353491802104E-03
 1.97771007037645E+03	-1.00058667152969E-01
 1.97771280827649E+03	-1.71124990029898E-01
 1.97771554617652E+03	-2.01654866434860E-01
 1.97771828407655E+03	-1.89356585015811E-01
 1.97772102197658E+03	-1.40457263953573E-01
 1.97772375987661E+03	-6.93610641080315E-02
 1.97772649777664E+03	 1.83485654824609E-03
 1.97772923567667E+03	 4.81391013964180E-02
 1.97773197357670E+03	 5.16220610146631E-02
 1.97773471147673E+03	 1.06488552889455E-02
 1.97773744937676E+03	-5.95887709407073E-02
 1.97774018727679E+03	-1.36099835893841E-01
 1.97774292517682E+03	-1.98561098745518E-01
 1.97774566307685E+03	-2.33655020638244E-01
 1.97774840097689E+03	-2.34532328462765E-01
 1.97775113887692E+03	-2.01003168548234E-01
 1.97775387677695E+03	-1.40963171879305E-01
 1.97775661467698E+03	-6.85337568601255E-02
 1.97775935257701E+03	 2.50114186665813E-03
 1.97776209047704E+03	 6.51182307817879E-02
 1.97776482837707E+03	 1.19638042040103E-01
 1.97776756627710E+03	 1.67742564320496E-01
 1.97777030417713E+03	 2.04847764501135E-01
 1.97777304207716E+03	 2.17968399328125E-01
 1.97777577997719E+03	 1.92731976028942E-01
 1.97777851787722E+03	 1.25081892391102E-01
 1.97778125577725E+03	 2.76798800423042E-02
 1.97778399367728E+03	-7.48059134520596E-02
 1.97778673157732E+03	-1.57134128646886E-01
 1.97778946947735E+03	-2.02443744564527E-01
 1.97779220737738E+03	-2.04461799196562E-01
 1.97779494527741E+03	-1.66001638919663E-01
 1.97779768317744E+03	-9.82805520155803E-02
 1.97780042107747E+03	-2.12628557328907E-02
 1.97780315897750E+03	 3.90902070494988E-02
 1.97780589687753E+03	 5.97086474135755E-02
 1.97780863477756E+03	 3.17874875882946E-02
 1.97781137267759E+03	-3.43051297072723E-02
 1.97781411057762E+03	-1.15466067107719E-01
 1.97781684847765E+03	-1.87955165382247E-01
 1.97781958637768E+03	-2.35185896163916E-01
 1.97782232427772E+03	-2.48453976042525E-01
 1.97782506217775E+03	-2.25888077175137E-01
 1.97782780007778E+03	-1.73185790417836E-01
 1.97783053797781E+03	-1.03147418461540E-01
 1.97783327587784E+03	-3.06676299009621E-02
 1.97783601377787E+03	 3.42870817319310E-02
 1.97783875167790E+03	 8.98206700058808E-02
 1.97784148957793E+03	 1.38416240292423E-01
 1.97784422747796E+03	 1.79122669748639E-01
 1.97784696537799E+03	 2.02329671081421E-01
 1.97784970327802E+03	 1.93061758334050E-01
 1.97785244117805E+03	 1.41903386534813E-01
 1.97785517907808E+03	 5.47425661316892E-02
 1.97785791697812E+03	-4.74700436888127E-02
 1.97786065487815E+03	-1.38526247240593E-01
 1.97786339277818E+03	-1.97734539473445E-01
 1.97786613067821E+03	-2.14669570742204E-01
 1.97786886857824E+03	-1.88572433914711E-01
 1.97787160647827E+03	-1.27275411333885E-01
 1.97787434437830E+03	-4.78078802453329E-02
 1.97787708227833E+03	 2.44672394674781E-02
 1.97787982017836E+03	 6.27752894319513E-02
 1.97788255807839E+03	 5.10890449670167E-02
 1.97788529597842E+03	-6.84148696729884E-03
 1.97788803387845E+03	-8.98829755238577E-02
 1.97789077177848E+03	-1.71569614568761E-01
 1.97789350967851E+03	-2.31310338580332E-01
 1.97789624757855E+03	-2.57743223544033E-01
 1.97789898547858E+03	-2.47278147910890E-01
 1.97790172337861E+03	-2.03578526507696E-01
 1.97790446127864E+03	-1.37662198886041E-01
 1.97790719917867E+03	-6.46165267586110E-02
 1.97790993707870E+03	 3.07504437568733E-03
 1.97791267497873E+03	 6.06019651478232E-02
 1.97791541287876E+03	 1.09809790653113E-01
 1.97791815077879E+03	 1.52419276955679E-01
 1.97792088867882E+03	 1.82794656719459E-01
 1.97792362657885E+03	 1.87316491069194E-01
 1.97792636447888E+03	 1.52956523932404E-01
 1.97792910237891E+03	 7.88766202469335E-02
 1.97793184027895E+03	-1.92435049247215E-02
 1.97793457817898E+03	-1.15972260437437E-01
 1.97793731607901E+03	-1.87600643025074E-01
 1.97794005397904E+03	-2.19521225259620E-01
 1.97794279187907E+03	-2.07224998403346E-01
 1.97794552977910E+03	-1.55071266197540E-01
 1.97794826767913E+03	-7.66676887478267E-02
 1.97795100557916E+03	 4.58454354387003E-03
 1.97795374347919E+03	 5.99537631694291E-02
 1.97795648137922E+03	 6.69022174990172E-02
 1.97795921927925E+03	 2.13211304490200E-02
 1.97796195717928E+03	-5.99349735247967E-02
 1.97796469507931E+03	-1.49117322992468E-01
 1.97796743297935E+03	-2.21366170225791E-01
 1.97797017087938E+03	-2.61697449333211E-01
 1.97797290877941E+03	-2.64414450568166E-01
 1.97797564667944E+03	-2.31301188415920E-01
 1.97797838457947E+03	-1.71400161800305E-01
 1.97798112247950E+03	-9.91669708926226E-02
 1.97798386037953E+03	-2.88681238309261E-02
 1.97798659827956E+03	 3.15507525517266E-02
 1.97798933617959E+03	 8.20509845201482E-02
 1.97799207407962E+03	 1.25693301188683E-01
 1.97799481197965E+03	 1.60702127235322E-01
 1.97799754987968E+03	 1.76347626874738E-01
 1.97800028777971E+03	 1.58035368757905E-01
 1.97800302567974E+03	 9.90002120304044E-02
 1.97800576357978E+03	 8.59925586481973E-03
 1.97800850147981E+03	-9.03491863740313E-02
 1.97801123937984E+03	-1.72325213698411E-01
 1.97801397727987E+03	-2.18749287297890E-01
 1.97801671517990E+03	-2.21184404988644E-01
 1.97801945307993E+03	-1.80457271530626E-01
 1.97802219097996E+03	-1.06534408232690E-01
 1.97802492887999E+03	-1.98186649348003E-02
 1.97802766678002E+03	 5.08230029824708E-02
 1.97803040468005E+03	 7.77174499222798E-02
 1.97803314258008E+03	 4.84195892515840E-02
 1.97803588048011E+03	-2.66903515588532E-02
 1.97803861838014E+03	-1.20665646152247E-01
 1.97804135628018E+03	-2.04799299690367E-01
 1.97804409418021E+03	-2.59604673667898E-01
 1.97804683208024E+03	-2.76543306679626E-01
 1.97804956998027E+03	-2.55501067350437E-01
 1.97805230788030E+03	-2.03548246112128E-01
 1.97805504578033E+03	-1.33891041750367E-01
 1.97805778368036E+03	-6.16972290196381E-02
 1.97806052158039E+03	 2.18666099838425E-03
 1.97806325948042E+03	 5.49542013898489E-02
 1.97806599738045E+03	 9.95424598067488E-02
 1.97806873528048E+03	 1.37285023865904E-01
 1.97807147318051E+03	 1.61253924117641E-01
 1.97807421108054E+03	 1.57339435842480E-01
 1.97807694898058E+03	 1.14298604645126E-01
 1.97807968688061E+03	 3.47826821516373E-02
 1.97808242478064E+03	-6.27142387708212E-02
 1.97808516268067E+03	-1.52407029869309E-01
 1.97808790058070E+03	-2.12283241164863E-01
 1.97809063848073E+03	-2.29862351751611E-01
 1.97809337638076E+03	-2.02350553027699E-01
 1.97809611428079E+03	-1.36032991532269E-01
 1.97809885218082E+03	-4.76527096775082E-02
 1.97810159008085E+03	 3.54594888138512E-02
 1.97810432798088E+03	 8.23368498396240E-02
 1.97810706588091E+03	 7.25726318344516E-02
 1.97810980378094E+03	 8.33115976443526E-03
 1.97811254168098E+03	-8.67300677622613E-02
 1.97811527958101E+03	-1.81269546576782E-01
 1.97811801748104E+03	-2.50780916053416E-01
 1.97812075538107E+03	-2.82912915946489E-01
 1.97812349328110E+03	-2.75336700673113E-01
 1.97812623118113E+03	-2.33217599946315E-01
 1.97812896908116E+03	-1.68145531003799E-01
 1.97813170698119E+03	-9.53219512960612E-02
 1.97813444488122E+03	-2.79002373133001E-02
 1.97813718278125E+03	 2.81200736732401E-02
 1.97813992068128E+03	 7.41941467085017E-02
 1.97814265858131E+03	 1.13546258958200E-01
 1.97814539648134E+03	 1.43249102701558E-01
 1.97814813438137E+03	 1.51439944366514E-01
 1.97815087228141E+03	 1.24294835994284E-01
 1.97815361018144E+03	 5.81228686556541E-02
 1.97815634808147E+03	-3.42596424643769E-02
 1.97815908598150E+03	-1.28560256061302E-01
 1.97816182388153E+03	-2.00256290909293E-01
 1.97816456178156E+03	-2.32864095839848E-01
 1.97816729968159E+03	-2.19838745579422E-01
 1.97817003758162E+03	-1.63820768981663E-01
 1.97817277548165E+03	-7.75823758738803E-02
 1.97817551338168E+03	 1.44295261096566E-02
 1.97817825128171E+03	 8.00088949107487E-02
 1.97818098918174E+03	 9.19703812784190E-02
 1.97818372708177E+03	 4.32544987970391E-02
 1.97818646498181E+03	-4.83261621561233E-02
 1.97818920288184E+03	-1.50765167591129E-01
 1.97819194078187E+03	-2.34637116712961E-01
 1.97819467868190E+03	-2.82778593498095E-01
 1.97819741658193E+03	-2.89985898774987E-01
 1.97820015448196E+03	-2.59493274588045E-01
 1.97820289238199E+03	-2.01125598783492E-01
 1.97820563028202E+03	-1.29395621513888E-01
 1.97820836818205E+03	-5.89522640691269E-02
 1.97821110608208E+03	 1.05532559281903E-03
 1.97821384398211E+03	 4.95445959070989E-02
 1.97821658188214E+03	 9.01726677864690E-02
 1.97821931978217E+03	 1.23520528096322E-01
 1.97822205768221E+03	 1.41203764321252E-01
 1.97822479558224E+03	 1.28888555651684E-01
 1.97822753348227E+03	 7.76225253189925E-02
 1.97823027138230E+03	-6.24725556926164E-03
 1.97823300928233E+03	-1.01702687242874E-01
 1.97823574718236E+03	-1.83013137535697E-01
 1.97823848508239E+03	-2.29991362159655E-01
 1.97824122298242E+03	-2.32202648990130E-01
 1.97824396088245E+03	-1.88668060707771E-01
 1.97824669878248E+03	-1.08145567461342E-01
 1.97824943668251E+03	-1.12716342105175E-02
 1.97825217458254E+03	 7.05107352840124E-02
 1.97825491248257E+03	 1.05064046666683E-01
 1.97825765038260E+03	 7.60009482857709E-02
 1.97826038828264E+03	-6.96434664588524E-03
 1.97826312618267E+03	-1.13706779786479E-01
 1.97826586408270E+03	-2.10772869507028E-01
 1.97826860198273E+03	-2.75427830921250E-01
 1.97827133988276E+03	-2.98645367797535E-01
 1.97827407778279E+03	-2.81467855057698E-01
 1.97827681568282E+03	-2.31925091426516E-01
 1.97827955358285E+03	-1.63337646298680E-01
 1.97828229148288E+03	-9.09801642335681E-02
 1.97828502938291E+03	-2.67057178781662E-02
 1.97828776728294E+03	 2.52405693852372E-02
 1.97829050518297E+03	 6.74972295441529E-02
 1.97829324308300E+03	 1.03097821521109E-01
 1.97829598098304E+03	 1.27683452505388E-01
 1.97829871888307E+03	 1.28355002091861E-01
 1.97830145678310E+03	 9.25561117788852E-02
 1.97830419468313E+03	 2.00741717090111E-02
 1.97830693258316E+03	-7.29271920488298E-02
 1.97830967048319E+03	-1.61115925773729E-01
 1.97831240838322E+03	-2.21245925930357E-01
 1.97831514628325E+03	-2.38924309406899E-01
 1.97831788418328E+03	-2.09514557815593E-01
 1.97832062208331E+03	-1.37869139020779E-01
 1.97832335998334E+03	-4.03216046245425E-02
 1.97832609788337E+03	 5.41691883586120E-02
 1.97832883578340E+03	 1.10730248640280E-01
 1.97833157368344E+03	 1.04478020133870E-01
 1.97833431158347E+03	 3.54201931835154E-02
 1.97833704948350E+03	-7.10196638637535E-02
 1.97833978738353E+03	-1.79086596239390E-01
 1.97834252528356E+03	-2.60232606166108E-01
 1.97834526318359E+03	-3.00532821068683E-01
 1.97834800108362E+03	-2.98258312298207E-01
 1.97835073898365E+03	-2.59591800295698E-01
 1.97835347688368E+03	-1.96379974482755E-01
 1.97835621478371E+03	-1.23736643246844E-01
 1.97835895268374E+03	-5.54949390108282E-02
 1.97836169058377E+03	 7.89051182109535E-04
 1.97836442848380E+03	 4.55124066813831E-02
 1.97836716638383E+03	 8.27489886001516E-02
 1.97836990428387E+03	 1.11987211325944E-01
 1.97837264218390E+03	 1.23301341011094E-01
 1.97837538008393E+03	 1.02532611176672E-01
 1.97837811798396E+03	 4.35622418708309E-02
 1.97838085588399E+03	-4.34528405575402E-02
 1.97838359378402E+03	-1.35343251945404E-01
 1.97838633168405E+03	-2.06836019449664E-01
 1.97838906958408E+03	-2.39687383567778E-01
 1.97839180748411E+03	-2.25501415581400E-01
 1.97839454538414E+03	-1.65368288893466E-01
 1.97839728328417E+03	-7.11966457502642E-02
 1.97840002118420E+03	 3.18208534513646E-02
 1.97840275908423E+03	 1.08388248783435E-01
 1.97840549698427E+03	 1.26783510150040E-01
 1.97840823488430E+03	 7.66000711189682E-02
 1.97841097278433E+03	-2.41556872015727E-02
 1.97841371068436E+03	-1.39885336374714E-01
 1.97841644858439E+03	-2.36730103868342E-01
 1.97841918648442E+03	-2.94903281380863E-01
 1.97842192438445E+03	-3.09011010906484E-01
 1.97842466228448E+03	-2.83169517827069E-01
 1.97842740018451E+03	-2.27625518684950E-01
 1.97843013808454E+03	-1.56725305436688E-01
 1.97843287598457E+03	-8.54324639736880E-02
 1.97843561388460E+03	-2.43225451546574E-02
 1.97843835178463E+03	 2.39299509384749E-02
 1.97844108968467E+03	 6.29175870406197E-02
 1.97844382758470E+03	 9.51460776810628E-02
 1.97844656548473E+03	 1.14583805312451E-01
 1.97844930338476E+03	 1.07525121929714E-01
 1.97845204128479E+03	 6.32743320970195E-02
 1.97845477918482E+03	-1.45553800929325E-02
 1.97845751708485E+03	-1.06676110481479E-01
 1.97846025498488E+03	-1.87184521670449E-01
 1.97846299288491E+03	-2.34376268343526E-01
 1.97846573078494E+03	-2.35983414738660E-01
 1.97846846868497E+03	-1.89420791066467E-01
 1.97847120658500E+03	-1.02302931837573E-01
 1.97847394448503E+03	 4.72050694971879E-03
 1.97847668238507E+03	 9.80556292992816E-02
 1.97847942028510E+03	 1.41396786835642E-01
 1.97848215818513E+03	 1.14238203488904E-01
 1.97848489608516E+03	 2.49478116196205E-02
 1.97848763398519E+03	-9.39735235534200E-02
 1.97849037188522E+03	-2.04725457936533E-01
 1.97849310978525E+03	-2.81088988438935E-01
 1.97849584768528E+03	-3.12904144623953E-01
 1.97849858558531E+03	-3.01723859115033E-01
 1.97850132348534E+03	-2.56106580156920E-01
 1.97850406138537E+03	-1.89237563164883E-01
 1.97850679928540E+03	-1.16384097993301E-01
 1.97850953718543E+03	-5.05132014280560E-02
 1.97851227508546E+03	 2.27603113894048E-03
 1.97851501298550E+03	 4.37082827504030E-02
 1.97851775088553E+03	 7.79964800713700E-02
 1.97852048878556E+03	 1.03195211185253E-01
 1.97852322668559E+03	 1.07860291012255E-01
 1.97852596458562E+03	 7.85487819387629E-02
 1.97852870248565E+03	 1.25192219656399E-02
 1.97853144038568E+03	-7.62652840909691E-02
 1.97853417828571E+03	-1.62934853232126E-01
 1.97853691618574E+03	-2.23078395544777E-01
 1.97853965408577E+03	-2.40528341448354E-01
 1.97854239198580E+03	-2.09013092684221E-01
 1.97854512988583E+03	-1.32096440032786E-01
 1.97854786778586E+03	-2.55863679918279E-02
 1.97855060568590E+03	 8.03373167479027E-02
 1.97855334358593E+03	 1.47331824203204E-01
 1.97855608148596E+03	 1.46099005438983E-01
 1.97855881938599E+03	 7.39757644046433E-02
 1.97856155728602E+03	-4.27000214319737E-02
 1.97856429518605E+03	-1.64402836916431E-01
 1.97856703308608E+03	-2.58567231616625E-01
 1.97856977098611E+03	-3.09158882014044E-01
 1.97857250888614E+03	-3.14354352895503E-01
 1.97857524678617E+03	-2.80833885235572E-01
 1.97857798468620E+03	-2.20406718851046E-01
 1.97858072258623E+03	-1.47955023703030E-01
 1.97858346048626E+03	-7.80170025028290E-02
 1.97858619838630E+03	-1.99939200582597E-02
 1.97858893628633E+03	 2.49209127702555E-02
 1.97859167418636E+03	 6.10942707829120E-02
 1.97859441208639E+03	 9.01373902452657E-02
 1.97859714998642E+03	 1.04166096510152E-01
 1.97859988788645E+03	 8.90613503398156E-02
 1.97860262578648E+03	 3.66502980769519E-02
 1.97860536368651E+03	-4.53769999376667E-02
 1.97860810158654E+03	-1.34948396656771E-01
 1.97861083948657E+03	-2.06090868971761E-01
 1.97861357738660E+03	-2.38911486540042E-01
 1.97861631528663E+03	-2.23360752847394E-01
 1.97861905318666E+03	-1.59178864003505E-01
 1.97862179108669E+03	-5.74074180069565E-02
 1.97862452898673E+03	 5.63526386731617E-02
 1.97862726688676E+03	 1.44232015067760E-01
 1.97863000478679E+03	 1.70261509663466E-01
 1.97863274268682E+03	 1.20402792679413E-01
 1.97863548058685E+03	 1.20533319094003E-02
 1.97863821848688E+03	-1.16425762160245E-01
 1.97864095638691E+03	-2.27053428986760E-01
 1.97864369428694E+03	-2.97069611978793E-01
 1.97864643218697E+03	-3.20200059076432E-01
 1.97864917008700E+03	-3.00831191730247E-01
 1.97865190798703E+03	-2.49267479788787E-01
 1.97865464588706E+03	-1.79514891885166E-01
 1.97865738378709E+03	-1.06823772256538E-01
 1.97866012168713E+03	-4.33780228554688E-02
 1.97866285958716E+03	 6.12608545577140E-03
 1.97866559748719E+03	 4.46717311278895E-02
 1.97866833538722E+03	 7.62959356185453E-02
 1.97867107328725E+03	 9.72827480748851E-02
 1.97867381118728E+03	 9.48466261896045E-02
 1.97867654908731E+03	 5.69358328931702E-02
 1.97867928698734E+03	-1.53173608530775E-02
 1.97868202488737E+03	-1.04286688723177E-01
 1.97868476278740E+03	-1.83929049944896E-01
 1.97868750068743E+03	-2.31111871475453E-01
 1.97869023858746E+03	-2.31909826860404E-01
 1.97869297648749E+03	-1.82362824606744E-01
 1.97869571438753E+03	-8.90439339117286E-02
 1.97869845228756E+03	 2.76136561081345E-02
 1.97870119018759E+03	 1.32395459927372E-01
 1.97870392808762E+03	 1.85306318877574E-01
 1.97870666598765E+03	 1.61703207482300E-01
 1.97870940388768E+03	 6.79507836549463E-02
 1.97871214178771E+03	-6.20053210194258E-02
 1.97871487968774E+03	-1.86609234260116E-01
 1.97871761758777E+03	-2.76059881243527E-01
 1.97872035548780E+03	-3.18448871012056E-01
 1.97872309338783E+03	-3.15155600408105E-01
 1.97872583128786E+03	-2.74810650151101E-01
 1.97872856918789E+03	-2.10245232090870E-01
 1.97873130708792E+03	-1.36655738591848E-01
 1.97873404498796E+03	-6.82247575397884E-02
 1.97873678288799E+03	-1.32304116231249E-02
 1.97873952078802E+03	 2.86426120683089E-02
 1.97874225868805E+03	 6.23348201495755E-02
 1.97874499658808E+03	 8.81474418700566E-02
 1.97874773448811E+03	 9.62783668548327E-02
 1.97875047238814E+03	 7.27706603954652E-02
 1.97875321028817E+03	 1.26595372410594E-02
 1.97875594818820E+03	-7.21728799437429E-02
 1.97875868608823E+03	-1.57331648233551E-01
 1.97876142398826E+03	-2.17313890722345E-01
 1.97876416188829E+03	-2.34327914631087E-01
 1.97876689978832E+03	-2.00705917806254E-01
 1.97876963768836E+03	-1.18911393879537E-01
 1.97877237558839E+03	-4.12602843411020E-03
 1.97877511348842E+03	 1.12729687198439E-01
 1.97877785138845E+03	 1.90451506594237E-01
 1.97878058928848E+03	 1.95578589515453E-01
 1.97878332718851E+03	 1.22348300951683E-01
 1.97878606508854E+03	-2.91670344417757E-03
 1.97878880298857E+03	-1.37748958957833E-01
 1.97879154088860E+03	-2.45764519112960E-01
 1.97879427878863E+03	-3.08360979939888E-01
 1.97879701668866E+03	-3.22908587664722E-01
 1.97879975458869E+03	-2.96026208176658E-01
 1.97880249248872E+03	-2.39198073816944E-01
 1.97880523038876E+03	-1.66978349570926E-01
 1.97880796828879E+03	-9.46565567920743E-02
 1.97881070618882E+03	-3.37106607284547E-02
 1.97881344408885E+03	 1.26530868731988E-02
 1.97881618198888E+03	 4.86257854038036E-02
 1.97881891988891E+03	 7.76682945981512E-02
 1.97882165778893E+03	 9.40085428228107E-02
 1.97882439568897E+03	 8.38969262053862E-02
 1.97882713358900E+03	 3.74506381598190E-02
 1.97882987148903E+03	-3.99299347947806E-02
 1.97883260938906E+03	-1.27255113349559E-01
 1.97883534728909E+03	-1.97914252413080E-01
 1.97883808518912E+03	-2.30493434841128E-01
 1.97884082308916E+03	-2.13518592335715E-01
 1.97884356098919E+03	-1.45628840782173E-01
 1.97884629888922E+03	-3.70303160710852E-02
 1.97884903678925E+03	 8.66448602873914E-02
 1.97885177468928E+03	 1.85619797565889E-01
 1.97885451258931E+03	 2.20173796555516E-01
 1.97885725048934E+03	 1.72493818087590E-01
 1.97885998838937E+03	 5.85496986766602E-02
 1.97886272628940E+03	-8.15236433380518E-02
 1.97886546418943E+03	-2.06131175335625E-01
 1.97886820208946E+03	-2.89314481460443E-01
 1.97887093998949E+03	-3.23246291353401E-01
 1.97887367788952E+03	-3.11932615219145E-01
 1.97887641578955E+03	-2.65354999369517E-01
 1.97887915368959E+03	-1.97038401664995E-01
 1.97888189158962E+03	-1.22527711585141E-01
 1.97888462948965E+03	-5.57721888384949E-02
 1.97888736738968E+03	-3.83023501246377E-03
 1.97889010528971E+03	 3.52223062089876E-02
 1.97889284318974E+03	 6.66051002874517E-02
 1.97889558108977E+03	 8.88712568121819E-02
 1.97889831898980E+03	 9.04169878754614E-02
 1.97890105688983E+03	 5.81977645682171E-02
 1.97890379478986E+03	-8.89728562165053E-03
 1.97890653268989E+03	-9.48501625625331E-02
 1.97890927058992E+03	-1.73530309742587E-01
 1.97891200848995E+03	-2.20489463286272E-01
 1.97891474638999E+03	-2.20354521400528E-01
 1.97891748429002E+03	-1.68072621012149E-01
 1.97892022219005E+03	-6.93270357243528E-02
 1.97892296009008E+03	 5.59027690672277E-02
 1.97892569799011E+03	 1.71429365278702E-01
 1.97892843589014E+03	 2.34252705131401E-01
 1.97893117379017E+03	 2.15760361721988E-01
 1.97893391169020E+03	 1.19707275504251E-01
 1.97893664959023E+03	-1.95618012434715E-02
 1.97893938749026E+03	-1.57527514134127E-01
 1.97894212539029E+03	-2.60876121773252E-01
 1.97894486329032E+03	-3.15398909378744E-01
 1.97894760119035E+03	-3.21594998444202E-01
 1.97895033909039E+03	-2.87678302702294E-01
 1.97895307699042E+03	-2.25919481214591E-01
 1.97895581489045E+03	-1.51418157984088E-01
 1.97895855279048E+03	-7.96752120884595E-02
 1.97896129069051E+03	-2.14092374425638E-02
 1.97896402859054E+03	 2.18812346360229E-02
 1.97896676649057E+03	 5.54740889129838E-02
 1.97896950439060E+03	 8.17635641966889E-02
 1.97897224229063E+03	 9.27637527174773E-02
 1.97897498019066E+03	 7.43625990774999E-02
 1.97897771809069E+03	 1.96676216001991E-02
 1.97898045599072E+03	-6.14152773538949E-02
 1.97898319389075E+03	-1.45003003604542E-01
 1.97898593179078E+03	-2.04604795844789E-01
 1.97898866969082E+03	-2.20993454542585E-01
 1.97899140759085E+03	-1.85396619284082E-01
 1.97899414549088E+03	-9.94256811520200E-02
 1.97899688339091E+03	 2.24439751512427E-02
 1.97899962129094E+03	 1.49111662310610E-01
 1.97900235919097E+03	 2.37310104187067E-01
 1.97900509709100E+03	 2.49883539717416E-01
 1.97900783499103E+03	 1.77655935053489E-01
 1.97901057289106E+03	 4.59503350250040E-02
 1.97901331079109E+03	-1.00835135694982E-01
 1.97901604869112E+03	-2.22893579103382E-01
 1.97901878659115E+03	-2.98707799338299E-01
 1.97902152449118E+03	-3.24138762750899E-01
 1.97902426239122E+03	-3.05149874946868E-01
 1.97902700029125E+03	-2.52603807928289E-01
 1.97902973819128E+03	-1.80659132348334E-01
 1.97903247609131E+03	-1.05420515717409E-01
 1.97903521399134E+03	-4.06369355618700E-02
 1.97903795189137E+03	 8.12804500698073E-03
 1.97904068979140E+03	 4.44905934156181E-02
 1.97904342769143E+03	 7.35194686405635E-02
 1.97904616559146E+03	 9.16296567014721E-02
 1.97904890349149E+03	 8.57701701149234E-02
 1.97905164139152E+03	 4.46921879953394E-02
 1.97905437929155E+03	-2.83256964411959E-02
 1.97905711719158E+03	-1.13386401338603E-01
 1.97905985509162E+03	-1.83340651028961E-01
 1.97906259299165E+03	-2.15425450019669E-01
 1.97906533089168E+03	-1.97026445509353E-01
 1.97906806879171E+03	-1.25996996561175E-01
 1.97907080669174E+03	-1.17833197646163E-02
 1.97907354459177E+03	 1.20369963591241E-01
 1.97907628249180E+03	 2.29605121809701E-01
 1.97907902039183E+03	 2.73172445381847E-01
 1.97908175829186E+03	 2.29511304091106E-01
 1.97908449619189E+03	 1.12358642330764E-01
 1.97908723409192E+03	-3.75092268397870E-02
 1.97908997199195E+03	-1.75598719550764E-01
 1.97909270989198E+03	-2.72685092384262E-01
 1.97909544779201E+03	-3.18767343653477E-01
 1.97909818569205E+03	-3.16797973358079E-01
 1.97910092359208E+03	-2.76030852169710E-01
 1.97910366149211E+03	-2.09382433802670E-01
 1.97910639939214E+03	-1.32723354366714E-01
 1.97910913729217E+03	-6.19105758467360E-02
 1.97911187519220E+03	-6.64484821761786E-03
 1.97911461309223E+03	 3.35579351422768E-02
 1.97911735099226E+03	 6.47951490875714E-02
 1.97912008889229E+03	 8.78620480838554E-02
 1.97912282679232E+03	 9.26116462103505E-02
 1.97912556469235E+03	 6.53823609138113E-02
 1.97912830259238E+03	 3.05879521524083E-03
 1.97913104049241E+03	-7.99166104860152E-02
 1.97913377839245E+03	-1.57417598239621E-01
 1.97913651629248E+03	-2.03842278326523E-01
 1.97913925419251E+03	-2.02638137404292E-01
 1.97914199209254E+03	-1.48012396387130E-01
 1.97914472999257E+03	-4.49717709751814E-02
 1.97914746789260E+03	 8.72000453847208E-02
 1.97915020579263E+03	 2.12112884670454E-01
 1.97915294369266E+03	 2.84665543364991E-01
 1.97915568159269E+03	 2.72654174239388E-01
 1.97915841949272E+03	 1.76700255803229E-01
 1.97916115739275E+03	 3.04152371215919E-02
 1.97916389529278E+03	-1.19705403404696E-01
 1.97916663319281E+03	-2.37094964738610E-01
 1.97916937109285E+03	-3.04792667730962E-01
 1.97917210899288E+03	-3.21716183443202E-01
 1.97917484689291E+03	-2.95146180815969E-01
 1.97917758479294E+03	-2.36582766199709E-01
 1.97918032269297E+03	-1.61022830525489E-01
 1.97918306059300E+03	-8.53892895914551E-02
 1.97918579849303E+03	-2.30618665032244E-02
 1.97918853639306E+03	 2.23038325770060E-02
 1.97919127429309E+03	 5.59823654148852E-02
 1.97919401219312E+03	 8.23384997707352E-02
 1.97919675009315E+03	 9.54026966164284E-02
 1.97919948799318E+03	 8.12928742606247E-02
 1.97920222589321E+03	 3.14990330963001E-02
 1.97920496379325E+03	-4.59556577963629E-02
 1.97920770169328E+03	-1.27774786430669E-01
 1.97921043959331E+03	-1.86637467951839E-01
 1.97921317749334E+03	-2.02132434668301E-01
 1.97921591539337E+03	-1.64748082821860E-01
 1.97921865329340E+03	-7.55656539291265E-02
 1.97922139119343E+03	 5.16984237269153E-02
 1.97922412909346E+03	 1.86402862800322E-01
 1.97922686699349E+03	 2.84210288815354E-01
 1.97922960489352E+03	 3.04968790747615E-01
 1.97923234279355E+03	 2.35919919628980E-01
 1.97923508069358E+03	 1.00384117436233E-01
 1.97923781859361E+03	-5.64820068862167E-02
 1.97924055649364E+03	-1.92049185442622E-01
 1.97924329439368E+03	-2.81684334680033E-01
 1.97924603229371E+03	-3.19081722787628E-01
 1.97924877019374E+03	-3.08938098624465E-01
 1.97925150809377E+03	-2.61182588218175E-01
 1.97925424599380E+03	-1.89520989399892E-01
 1.97925698389383E+03	-1.10945664189748E-01
 1.97925972179386E+03	-4.16473866499314E-02
 1.97926245969389E+03	 1.01584065821740E-02
 1.97926519759392E+03	 4.71630633511240E-02
 1.97926793549395E+03	 7.58394482476597E-02
 1.97927067339398E+03	 9.49003219176609E-02
 1.97927341129401E+03	 9.23615251915422E-02
 1.97927614919404E+03	 5.59822236331497E-02
 1.97927888709408E+03	-1.29103196657543E-02
 1.97928162499411E+03	-9.55529704224326E-02
 1.97928436289414E+03	-1.64411928556118E-01
 1.97928710079417E+03	-1.95613666946384E-01
 1.97928983869420E+03	-1.75763811440201E-01
 1.97929257659423E+03	-1.02326533866104E-01
 1.97929531449426E+03	 1.58833142371191E-02
 1.97929805239429E+03	 1.54462551897848E-01
 1.97930079029432E+03	 2.72455960020018E-01
 1.97930352819435E+03	 3.25038268632650E-01
 1.97930626609438E+03	 2.87121007275853E-01
 1.97930900399441E+03	 1.69455841242983E-01
 1.97931174189444E+03	 1.22211331776724E-02
 1.97931447979448E+03	-1.38103477358406E-01
 1.97931721769451E+03	-2.49138953208610E-01
 1.97931995559454E+03	-3.08181131958140E-01
 1.97932269349457E+03	-3.16463880990729E-01
 1.97932543139460E+03	-2.82090894238016E-01
 1.97932816929463E+03	-2.17242226502845E-01
 1.97933090719466E+03	-1.38154733823346E-01
 1.97933364509469E+03	-6.27247024196280E-02
 1.97933638299472E+03	-3.53837073820424E-03
 1.97933912089475E+03	 3.81120540869452E-02
 1.97934185879478E+03	 6.89367524897430E-02
 1.97934459669481E+03	 9.19877871184912E-02
 1.97934733459484E+03	 9.88992220376308E-02
 1.97935007249487E+03	 7.58135322599136E-02
 1.97935281039491E+03	 1.78688987669041E-02
 1.97935554829494E+03	-6.20544567771707E-02
 1.97935828619497E+03	-1.37978371823106E-01
 1.97936102409500E+03	-1.83378377822376E-01
 1.97936376199503E+03	-1.80868743459371E-01
 1.97936649989506E+03	-1.24354635217115E-01
 1.97936923779509E+03	-1.84507937785489E-02
 1.97937197569512E+03	 1.18492099246836E-01
 1.97937471359515E+03	 2.50761676845316E-01
 1.97937745149518E+03	 3.32270253733830E-01
 1.97938018939521E+03	 3.27821168585225E-01
 1.97938292729524E+03	 2.34497476737364E-01
 1.97938566519527E+03	 8.40052293280805E-02
 1.97938840309531E+03	-7.63369175335351E-02
 1.97939114099534E+03	-2.07165247669363E-01
 1.97939387889537E+03	-2.88450056019019E-01
 1.97939661679540E+03	-3.16870815873693E-01
 1.97939935469543E+03	-2.98250818799943E-01
 1.97940209259546E+03	-2.43102060705264E-01
 1.97940483049549E+03	-1.66317977291436E-01
 1.97940756839552E+03	-8.63439780231883E-02
 1.97941030629555E+03	-1.94161054669336E-02
 1.97941304419558E+03	 2.83472904487307E-02
 1.97941578209561E+03	 6.19149415797055E-02
 1.97941851999564E+03	 8.75428986594640E-02
 1.97942125789567E+03	 1.01533675734787E-01
 1.97942399579571E+03	 9.06787977123027E-02
 1.97942673369574E+03	 4.51984345857068E-02
 1.97942947159577E+03	-2.86767047919164E-02
 1.97943220949580E+03	-1.08355712570573E-01
 1.97943494739583E+03	-1.65913931336471E-01
 1.97943768529586E+03	-1.80086445774020E-01
 1.97944042319589E+03	-1.41073776815567E-01
 1.97944316109592E+03	-4.98313775170966E-02
 1.97944589899595E+03	 8.06981001968597E-02
 1.97944863689598E+03	 2.21033723054466E-01
 1.97945137479601E+03	 3.26935279186874E-01
 1.97945411269604E+03	 3.56179485529635E-01
 1.97945685059607E+03	 2.92427275228832E-01
 1.97945958849610E+03	 1.56025890328065E-01
 1.97946232639614E+03	-8.39518777450137E-03
 1.97946506429617E+03	-1.56174631166397E-01
 1.97946780219620E+03	-2.59530403672440E-01
 1.97947054009623E+03	-3.09419137705705E-01
 1.97947327799626E+03	-3.08675084490205E-01
 1.97947601589629E+03	-2.65974984237275E-01
 1.97947875379632E+03	-1.94514987857348E-01
 1.97948149169635E+03	-1.12247086410532E-01
 1.97948422959638E+03	-3.79580462091441E-02
 1.97948696749641E+03	 1.72199496911685E-02
 1.97948970539644E+03	 5.47372750586204E-02
 1.97949244329647E+03	 8.23082870695508E-02
 1.97949518119650E+03	 1.01111690749144E-01
 1.97949791909654E+03	 1.00666352068420E-01
 1.97950065699657E+03	 6.81679832336241E-02
 1.97950339489660E+03	 3.17867094453166E-03
 1.97950613279663E+03	-7.67447906185728E-02
 1.97950887069666E+03	-1.43902622619362E-01
 1.97951160859669E+03	-1.73628158867010E-01
 1.97951434649672E+03	-1.52192516048498E-01
 1.97951708439675E+03	-7.71542727751531E-02
 1.97951982229678E+03	 4.31127862047142E-02
 1.97952256019681E+03	 1.85516038350984E-01
 1.97952529809684E+03	 3.10112624336526E-01
 1.97952803599687E+03	 3.71164171914847E-01
 1.97953077389690E+03	 3.40476594518962E-01
 1.97953351179694E+03	 2.25163613619128E-01
 1.97953624969697E+03	 6.35194119050078E-02
 1.97953898759700E+03	-9.70621353962156E-02
 1.97954172549703E+03	-2.21343256769615E-01
 1.97954446339706E+03	-2.93513799006521E-01
 1.97954720129709E+03	-3.12472181811951E-01
 1.97954993919712E+03	-2.84753643678564E-01
 1.97955267709715E+03	-2.21672345868162E-01
 1.97955541499718E+03	-1.39871067533420E-01
 1.97955815289721E+03	-5.94060649777857E-02
 1.97956089079724E+03	 4.03051672867899E-03
 1.97956362869727E+03	 4.70619938487708E-02
 1.97956636659730E+03	 7.67828642713315E-02
 1.97956910449734E+03	 9.85718452959617E-02
 1.97957184239737E+03	 1.06241035969833E-01
 1.97957458029740E+03	 8.62267674242371E-02
 1.97957731819743E+03	 3.22142632542394E-02
 1.97958005609746E+03	-4.44791934023732E-02
 1.97958279399749E+03	-1.18223295978671E-01
 1.97958553189752E+03	-1.61878730366028E-01
 1.97958826979755E+03	-1.57655918226856E-01
 1.97959100769758E+03	-9.96823801071419E-02
 1.97959374559761E+03	 7.45872674330016E-03
 1.97959648349764E+03	 1.46563476201783E-01
 1.97959922139767E+03	 2.83551817324449E-01
 1.97960195929770E+03	 3.72637122601018E-01
 1.97960469719773E+03	 3.76438620379878E-01
 1.97960743509777E+03	 2.88249165197132E-01
 1.97961017299780E+03	 1.36722554213960E-01
 1.97961291089783E+03	-3.12600393222434E-02
 1.97961564879786E+03	-1.74170405611498E-01
 1.97961838669789E+03	-2.68749834455247E-01
 1.97962112459792E+03	-3.08868941781352E-01
 1.97962386249795E+03	-2.98395368215641E-01
 1.97962660039798E+03	-2.46638304756883E-01
 1.97962933829801E+03	-1.68386011696649E-01
 1.97963207619804E+03	-8.36987985885197E-02
 1.97963481409807E+03	-1.18466334508255E-02
 1.97963755199810E+03	 3.83064116259985E-02
 1.97964028989813E+03	 7.11509918656656E-02
 1.97964302779817E+03	 9.48047017144980E-02
 1.97964576569820E+03	 1.08170324999596E-01
 1.97964850359823E+03	 9.92350123804478E-02
 1.97965124149826E+03	 5.73504718190671E-02
 1.97965397939829E+03	-1.29493094095896E-02
 1.97965671729832E+03	-8.99409588099730E-02
 1.97965945519835E+03	-1.45394208885628E-01
 1.97966219309838E+03	-1.57601029269971E-01
 1.97966493099841E+03	-1.17008006831665E-01
 1.97966766889844E+03	-2.49297751831189E-02
 1.97967040679847E+03	 1.06428249695134E-01
 1.97967314469850E+03	 2.49469982779976E-01
 1.97967588259853E+03	 3.61342961960909E-01
 1.97967862049857E+03	 3.98870736977398E-01
 1.97968135839860E+03	 3.42320911729035E-01
 1.97968409629863E+03	 2.08189795608540E-01
 1.97968683419866E+03	 3.92529429926179E-02
 1.97968957209869E+03	-1.18732408571595E-01
 1.97969230999872E+03	-2.34972182721880E-01
 1.97969504789875E+03	-2.97236229718322E-01
 1.97969778579878E+03	-3.05956178144172E-01
 1.97970052369881E+03	-2.68253178394761E-01
 1.97970326159884E+03	-1.96758501549592E-01
 1.97970599949887E+03	-1.10449397500144E-01
 1.97970873739890E+03	-3.08484265575615E-02
 1.97971147529893E+03	 2.77491048826211E-02
 1.97971421319896E+03	 6.52604603684778E-02
 1.97971695109900E+03	 9.05205271071051E-02
 1.97971968899903E+03	 1.07409933619442E-01
 1.97972242689906E+03	 1.07469558549089E-01
 1.97972516479909E+03	 7.78289362800421E-02
 1.97972790269912E+03	 1.64967635660016E-02
 1.97973064059915E+03	-6.02757679349365E-02
 1.97973337849918E+03	-1.24905205370671E-01
 1.97973611639921E+03	-1.52325176597986E-01
 1.97973885429924E+03	-1.28994479255799E-01
 1.97974159219927E+03	-5.31274913340721E-02
 1.97974433009930E+03	 6.70859036750657E-02
 1.97974706799933E+03	 2.10313978745981E-01
 1.97974980589936E+03	 3.38803852656198E-01
 1.97975254379940E+03	 4.07222170669430E-01
 1.97975528169943E+03	 3.84883820654665E-01
 1.97975801959946E+03	 2.74758152513751E-01
 1.97976075749949E+03	 1.12000155908236E-01
 1.97976349539952E+03	-5.62477176159187E-02
 1.97976623329955E+03	-1.92345955896557E-01
 1.97976897119958E+03	-2.77123585927559E-01
 1.97977170909961E+03	-3.06615974525657E-01
 1.97977444699964E+03	-2.85408358303188E-01
 1.97977718489967E+03	-2.23829081876868E-01
 1.97977992279970E+03	-1.38962865981485E-01
 1.97978266069973E+03	-5.31341024296537E-02
 1.97978539859976E+03	 1.46546790443281E-02
 1.97978813649980E+03	 5.86529943435511E-02
 1.97979087439983E+03	 8.61441949234618E-02
 1.97979361229986E+03	 1.04963081595599E-01
 1.97979635019989E+03	 1.11578538162068E-01
 1.97979908809992E+03	 9.32895384079671E-02
 1.97980182599995E+03	 4.26662224669815E-02
 1.97980456389998E+03	-3.05459772456409E-02
 1.97980730180001E+03	-1.01316823243491E-01
 1.97981003970004E+03	-1.42270630968029E-01
 1.97981277760007E+03	-1.35713525132844E-01
 1.97981551550010E+03	-7.65895443617062E-02
 1.97981825340013E+03	 3.01190293741596E-02
 1.97982099130016E+03	 1.68520235453348E-01
 1.97982372920019E+03	 3.07134945960075E-01
 1.97982646710023E+03	 4.01868102286662E-01
 1.97982920500026E+03	 4.14136772151731E-01
 1.97983194290029E+03	 3.33369293659433E-01
 1.97983468080032E+03	 1.84119430543060E-01
 1.97983741870035E+03	 1.15434287196711E-02
 1.97984015660038E+03	-1.41428238797577E-01
 1.97984289450041E+03	-2.48305892416779E-01
 1.97984563240044E+03	-2.99700865313819E-01
 1.97984837030047E+03	-2.97090942144724E-01
 1.97985110820050E+03	-2.48391902738341E-01
 1.97985384610053E+03	-1.68287023305739E-01
 1.97985658400056E+03	-7.85333571974138E-02
 1.97985932190059E+03	-1.59759307786974E-03
 1.97986205980063E+03	 5.06428941205183E-02
 1.97986479770066E+03	 8.17533972292210E-02
 1.97986753560069E+03	 1.01732549734744E-01
 1.97987027350072E+03	 1.12487485306901E-01
 1.97987301140075E+03	 1.03806664846485E-01
 1.97987574930078E+03	 6.46346303908503E-02
 1.97987848720081E+03	-2.08443081572064E-03
 1.97988122510084E+03	-7.56949708363595E-02
 1.97988396300087E+03	-1.28023185360032E-01
 1.97988670090090E+03	-1.37392431148654E-01
 1.97988943880093E+03	-9.50884397810139E-02
 1.97989217670096E+03	-3.33365461387865E-03
 1.97989491460099E+03	 1.26303797357894E-01
 1.97989765250103E+03	 2.68806676945084E-01
 1.97990039040106E+03	 3.84044398158179E-01
 1.97990312830109E+03	 4.29136956145373E-01
 1.97990586620112E+03	 3.81327721196172E-01
 1.97990860410115E+03	 2.52536517132064E-01
 1.97991134200118E+03	 8.24044526335262E-02
 1.97991407990121E+03	-8.32285956241589E-02
 1.97991681780124E+03	-2.10841054654801E-01
 1.97991955570127E+03	-2.84709034851832E-01
 1.97992229360130E+03	-3.02415105260898E-01
 1.97992503150133E+03	-2.69266569746049E-01
 1.97992776940136E+03	-1.97286700008185E-01
 1.97993050730139E+03	-1.06536576425540E-01
 1.97993324520143E+03	-2.14000266210178E-02
 1.97993598310146E+03	 4.04319899861770E-02
 1.97993872100149E+03	 7.70700066202797E-02
 1.97994145890152E+03	 9.83867498006427E-02
 1.97994419680155E+03	 1.11266946806279E-01
 1.97994693470158E+03	 1.09875105364127E-01
 1.97994967260161E+03	 8.18425894261181E-02
 1.97995241050164E+03	 2.38659477655619E-02
 1.97995514840167E+03	-4.92304721115314E-02
 1.97995788630170E+03	-1.10317135506861E-01
 1.97996062420173E+03	-1.34379839594656E-01
 1.97996336210176E+03	-1.08635690546014E-01
 1.97996610000179E+03	-3.25663292519854E-02
 1.97996883790182E+03	 8.55016379283799E-02
 1.97997157580186E+03	 2.26387198983843E-01
 1.97997431370189E+03	 3.55691360241080E-01
 1.97997705160192E+03	 4.29877381013428E-01
 1.97997978950195E+03	 4.16542219063073E-01
 1.97998252740198E+03	 3.14186601333091E-01
 1.97998526530201E+03	 1.53686111889627E-01
 1.97998800320204E+03	-1.92434944839395E-02
 1.97999074110207E+03	-1.65133046873682E-01
 1.97999347900210E+03	-2.61345093060932E-01
 1.97999621690213E+03	-3.00644698020443E-01
 1.97999895480216E+03	-2.85355789606339E-01
 1.98000169270219E+03	-2.24728604801310E-01
 1.98000443060222E+03	-1.36325363855232E-01
 1.98000716850226E+03	-4.48334368770691E-02
 1.98000990640229E+03	 2.72435918019818E-02
 1.98001264430232E+03	 7.15063886376770E-02
 1.98001538220235E+03	 9.52597796402830E-02
 1.98001812010238E+03	 1.08978294003262E-01
 1.98002085800241E+03	 1.12342783379208E-01
 1.98002359590244E+03	 9.41596089129468E-02
 1.98002633380247E+03	 4.62666033492473E-02
 1.98002907170250E+03	-2.31763467231995E-02
 1.98003180960253E+03	-9.00360576109188E-02
 1.98003454750256E+03	-1.27132455618668E-01
 1.98003728540259E+03	-1.17406515144592E-01
 1.98004002330262E+03	-5.72463001049240E-02
 1.98004276120266E+03	 4.74851125588120E-02
 1.98004549910269E+03	 1.82299934249312E-01
 1.98004823700272E+03	 3.19228079135377E-01
 1.98005097490275E+03	 4.17264977592884E-01
 1.98005371280278E+03	 4.37718415592825E-01
 1.98005645070281E+03	 3.66261860899048E-01
 1.98005918860284E+03	 2.22469591973809E-01
 1.98006192650287E+03	 4.85495088068773E-02
 1.98006466440290E+03	-1.11990429642473E-01
 1.98006740230293E+03	-2.29564712955834E-01
 1.98007014020296E+03	-2.91213393039692E-01
 1.98007287810299E+03	-2.95686774952537E-01
 1.98007561600302E+03	-2.49364594413039E-01
 1.98007835390305E+03	-1.66835619645841E-01
 1.98008109180309E+03	-7.16250006056244E-02
 1.98008382970312E+03	 1.04555193930486E-02
 1.98008656760315E+03	 6.42600185404795E-02
 1.98008930550318E+03	 9.23008914806036E-02
 1.98009204340321E+03	 1.06518791355337E-01
 1.98009478130324E+03	 1.12295457448657E-01
 1.98009751920327E+03	 1.01901748846043E-01
 1.98010025710330E+03	 6.43924376336643E-02
 1.98010299500333E+03	 1.24076953425892E-03
 1.98010573290336E+03	-6.81983424883930E-02
 1.98010847080339E+03	-1.16218320724646E-01
 1.98011120870342E+03	-1.21682145932721E-01
 1.98011394660345E+03	-7.73249970612539E-02
 1.98011668450349E+03	 1.31443328409052E-02
 1.98011942240352E+03	 1.38627215786785E-01
 1.98012216030355E+03	 2.77288835872030E-01
 1.98012489820358E+03	 3.93000700018324E-01
 1.98012763610361E+03	 4.44474975030430E-01
 1.98013037400364E+03	 4.06456440372708E-01
 1.98013311190367E+03	 2.85761098694381E-01
 1.98013584980370E+03	 1.17748515549493E-01
 1.98013858770373E+03	-5.26675556341669E-02
 1.98014132560376E+03	-1.89627192696060E-01
 1.98014406350379E+03	-2.73748651076868E-01
 1.98014680140382E+03	-2.99438599783756E-01
 1.98014953930385E+03	-2.70003608434229E-01
 1.98015227720389E+03	-1.96841305210396E-01
 1.98015501510392E+03	-1.01150487458301E-01
 1.98015775300395E+03	-1.02870001046374E-02
 1.98016049090398E+03	 5.44423384196444E-02
 1.98016322880401E+03	 8.90816238593381E-02
 1.98016596670404E+03	 1.04488181197899E-01
 1.98016870460407E+03	 1.10906308647118E-01
 1.98017144250410E+03	 1.05795263842515E-01
 1.98017418040413E+03	 7.79183398241099E-02
 1.98017691830416E+03	 2.29278970815011E-02
 1.98017965620419E+03	-4.59188047800333E-02
 1.98018239410422E+03	-1.02327056140873E-01
 1.98018513200425E+03	-1.21817736324881E-01
 1.98018786990428E+03	-9.29416777905774E-02
 1.98019060780432E+03	-1.70645075510078E-02
 1.98019334570435E+03	 9.69821473892082E-02
 1.98019608360438E+03	 2.32457842852799E-01
 1.98019882150441E+03	 3.59377158524769E-01
 1.98020155940444E+03	 4.37365258761653E-01
 1.98020429730447E+03	 4.33177561199698E-01
 1.98020703520450E+03	 3.40720948671431E-01
 1.98020977310453E+03	 1.85639582938525E-01
 1.98021251100456E+03	 1.11250946418843E-02
 1.98021524890459E+03	-1.42149207098617E-01
 1.98021798680462E+03	-2.48103820681547E-01
 1.98022072470465E+03	-2.95960872978145E-01
 1.98022346260468E+03	-2.85566624188998E-01
 1.98022620050472E+03	-2.25045385310998E-01
 1.98022893840475E+03	-1.32477253317909E-01
 1.98023167630478E+03	-3.49939577180705E-02
 1.98023441420481E+03	 4.12226771460479E-02
 1.98023715210484E+03	 8.48601771782875E-02
 1.98023989000487E+03	 1.03096727987376E-01
 1.98024262790490E+03	 1.09269597230208E-01
 1.98024536580493E+03	 1.06886018218949E-01
 1.98024810370496E+03	 8.69669610540213E-02
 1.98025084160499E+03	 4.10389271899381E-02
 1.98025357950502E+03	-2.43424324297504E-02
 1.98025631740505E+03	-8.62746789114099E-02
 1.98025905530508E+03	-1.18236148422436E-01
 1.98026179320512E+03	-1.04339779319149E-01
 1.98026453110515E+03	-4.30272124721982E-02
 1.98026726900518E+03	 5.84586863063812E-02
 1.98027000690521E+03	 1.87037605278717E-01
 1.98027274480524E+03	 3.19021299433266E-01
 1.98027548270527E+03	 4.17798996336164E-01
 1.98027822060530E+03	 4.45693548520014E-01
 1.98028095850533E+03	 3.84902665669555E-01
 1.98028369640536E+03	 2.49361296127998E-01
 1.98028643430539E+03	 7.72532144915183E-02
 1.98028917220542E+03	-8.81493809541180E-02
 1.98029191010545E+03	-2.14399227673494E-01
 1.98029464800548E+03	-2.84790560251781E-01
 1.98029738590552E+03	-2.95123700172825E-01
 1.98030012380555E+03	-2.50165391358708E-01
 1.98030286170558E+03	-1.64438498932435E-01
 1.98030559960561E+03	-6.32979067921782E-02
 1.98030833750564E+03	 2.39661154008091E-02
 1.98031107540567E+03	 7.86938877446355E-02
 1.98031381330570E+03	 1.02129067085304E-01
 1.98031655120573E+03	 1.08241176939593E-01
 1.98031928910576E+03	 1.06402738328928E-01
 1.98032202700579E+03	 9.21055230547352E-02
 1.98032476490582E+03	 5.50772078974793E-02
 1.98032750280585E+03	-4.55259639799714E-03
 1.98033024070588E+03	-6.89908331772450E-02
 1.98033297860591E+03	-1.11440650367253E-01
 1.98033571650595E+03	-1.11810161891270E-01
 1.98033845440598E+03	-6.48588157571699E-02
 1.98034119230601E+03	 2.36567983414508E-02
 1.98034393020604E+03	 1.42879519998081E-01
 1.98034666810607E+03	 2.74617413846153E-01
 1.98034940600610E+03	 3.87872628605283E-01
 1.98035214390613E+03	 4.44196374833016E-01
 1.98035488180616E+03	 4.16473145491228E-01
 1.98035761970619E+03	 3.06109734860814E-01
 1.98036035760622E+03	 1.43240999050845E-01
 1.98036309550625E+03	-2.90712841194550E-02
 1.98036583340628E+03	-1.73068851197160E-01
 1.98036857130631E+03	-2.65673234305768E-01
 1.98037130920635E+03	-2.97916478582864E-01
 1.98037404710638E+03	-2.71004254526035E-01
 1.98037678500641E+03	-1.95725531179728E-01
 1.98037952290644E+03	-9.44678257100189E-02
 1.98038226080647E+03	 2.34571050679983E-03
 1.98038499870650E+03	 6.95833521878201E-02
 1.98038773660653E+03	 1.00970142673512E-01
 1.98039047450656E+03	 1.08308833748290E-01
 1.98039321240659E+03	 1.05589861154783E-01
 1.98039595030662E+03	 9.42859878481380E-02
 1.98039868820665E+03	 6.49697581059606E-02
 1.98040142610668E+03	 1.25373963236881E-02
 1.98040416400671E+03	-5.14795486332801E-02
 1.98040690190675E+03	-1.02034241501450E-01
 1.98040963980678E+03	-1.15667368363194E-01
 1.98041237770681E+03	-8.27943683726000E-02
 1.98041511560684E+03	-7.23232217616985E-03
 1.98041785350687E+03	 1.01294210791770E-01
 1.98042059140690E+03	 2.28647938588102E-01
 1.98042332930693E+03	 3.50130234977033E-01
 1.98042606720696E+03	 4.29767108757046E-01
 1.98042880510699E+03	 4.34384609615308E-01
 1.98043154300702E+03	 3.53364070501702E-01
 1.98043428090705E+03	 2.06404368703005E-01
 1.98043701880708E+03	 3.32273571742231E-02
 1.98043975670711E+03	-1.24905023837011E-01
 1.98044249460714E+03	-2.38592589562199E-01
 1.98044523250718E+03	-2.93372496697688E-01
 1.98044797040721E+03	-2.86501678292223E-01
 1.98045070830724E+03	-2.24983697892637E-01
 1.98045344620727E+03	-1.27464064375450E-01
 1.98045618410730E+03	-2.35858283246908E-02
 1.98045892200733E+03	 5.66271181931655E-02
 1.98046165990736E+03	 9.86902756206309E-02
 1.98046439780739E+03	 1.09511966805102E-01
 1.98046713570742E+03	 1.05531488030096E-01
 1.98046987360745E+03	 9.47310794912476E-02
 1.98047261150748E+03	 7.10973007753816E-02
 1.98047534940751E+03	 2.62949483723047E-02
 1.98047808730754E+03	-3.47503336879193E-02
 1.98048082520758E+03	-9.07310207850357E-02
 1.98048356310761E+03	-1.16256208297877E-01
 1.98048630100764E+03	-9.71036770891091E-02
 1.98048903890767E+03	-3.43044691451050E-02
 1.98049177680770E+03	 6.30455225021725E-02
 1.98049451470773E+03	 1.83185701559363E-01
 1.98049725260776E+03	 3.07287096639540E-01
 1.98049999050779E+03	 4.04245875069753E-01
 1.98050272840782E+03	 4.38473262759192E-01
 1.98050546630785E+03	 3.89107275558604E-01
 1.98050820420788E+03	 2.64028166431730E-01
 1.98051094210791E+03	 9.65287484148495E-02
 1.98051368000794E+03	-7.10904624171903E-02
 1.98051641790798E+03	-2.03808232668929E-01
 1.98051915580801E+03	-2.81118703862402E-01
 1.98052189370804E+03	-2.95766348972296E-01
 1.98052463160807E+03	-2.50899314716944E-01
 1.98052736950810E+03	-1.61023155662582E-01
 1.98053010740813E+03	-5.33730001531828E-02
 1.98053284530816E+03	 3.91646696633957E-02
 1.98053558320819E+03	 9.41774964157805E-02
 1.98053832110822E+03	 1.11423462334593E-01
 1.98054105900825E+03	 1.06990678958572E-01
 1.98054379690828E+03	 9.47771804028899E-02
 1.98054653480831E+03	 7.42692721055259E-02
 1.98054927270834E+03	 3.64631444024264E-02
 1.98055201060837E+03	-1.97234489444247E-02
 1.98055474850841E+03	-7.83461974347470E-02
 1.98055748640844E+03	-1.13978251199854E-01
 1.98056022430847E+03	-1.08042726351624E-01
 1.98056296220850E+03	-5.78113098223082E-02
 1.98056570010853E+03	 2.84184804844941E-02
 1.98056843800856E+03	 1.39762101742725E-01
 1.98057117590859E+03	 2.61953200102094E-01
 1.98057391380862E+03	 3.70021534253483E-01
 1.98057665170865E+03	 4.29467996050619E-01
 1.98057938960868E+03	 4.12014011500680E-01
 1.98058212750871E+03	 3.13572539012191E-01
 1.98058486540874E+03	 1.58356905050721E-01
 1.98058760330877E+03	-1.32056231977707E-02
 1.98059034120881E+03	-1.61897360426619E-01
 1.98059307910884E+03	-2.61000483083798E-01
 1.98059581700887E+03	-2.98093603668300E-01
 1.98059855490890E+03	-2.72268759098676E-01
 1.98060129280893E+03	-1.93757917822440E-01
 1.98060403070896E+03	-8.61830114713688E-02
 1.98060676860899E+03	 1.68878599401555E-02
 1.98060950650902E+03	 8.62982038457678E-02
 1.98061224440905E+03	 1.13197712477616E-01
 1.98061498230908E+03	 1.10287398083113E-01
 1.98061772020911E+03	 9.56926122750867E-02
 1.98062045810914E+03	 7.56403493242257E-02
 1.98062319600917E+03	 4.32217545573955E-02
 1.98062593390921E+03	-7.12022107478683E-03
 1.98062867180924E+03	-6.57557883576706E-02
 1.98063140970927E+03	-1.09322741834059E-01
 1.98063414760930E+03	-1.15844829146225E-01
 1.98063688550933E+03	-7.80456511533061E-02
 1.98063962340936E+03	-2.65973312461929E-03
 1.98064236130939E+03	 9.93228008235455E-02
 1.98064509920942E+03	 2.16393378131455E-01
 1.98064783710945E+03	 3.29768047856036E-01
 1.98065057500948E+03	 4.08904074976361E-01
 1.98065331290951E+03	 4.21579424166802E-01
 1.98065605080954E+03	 3.52887093255733E-01
 1.98065878870957E+03	 2.16125050297017E-01
 1.98066152660961E+03	 4.67996145883139E-02
 1.98066426450964E+03	-1.13791932965771E-01
 1.98066700240967E+03	-2.33109490586772E-01
 1.98066974030970E+03	-2.92975890046462E-01
 1.98067247820973E+03	-2.88046041321637E-01
 1.98067521610976E+03	-2.24257818488636E-01
 1.98067795400979E+03	-1.20872614828496E-01
 1.98068069190982E+03	-1.00934956324521E-02
 1.98068342980985E+03	 7.40631630370782E-02
 1.98068616770988E+03	 1.13679001157762E-01
 1.98068890560991E+03	 1.15233807665623E-01
 1.98069164350994E+03	 9.84949405275350E-02
 1.98069438140997E+03	 7.65737726067201E-02
 1.98069711931000E+03	 4.71988738688882E-02
 1.98069985721004E+03	 2.64516018214213E-03
 1.98070259511007E+03	-5.38239222881824E-02
 1.98070533301010E+03	-1.02885022072543E-01
 1.98070807091013E+03	-1.20744832738131E-01
 1.98071080881016E+03	-9.52625364515534E-02
 1.98071354671019E+03	-3.04736959310013E-02
 1.98071628461022E+03	 6.22681068303580E-02
 1.98071902251025E+03	 1.72354348022121E-01
 1.98072176041028E+03	 2.86162396702900E-01
 1.98072449831031E+03	 3.78949840429347E-01
 1.98072723621034E+03	 4.18168442541132E-01
 1.98072997411037E+03	 3.80407312366743E-01
 1.98073271201040E+03	 2.67318728777014E-01
 1.98073544991044E+03	 1.06677492737056E-01
 1.98073818781047E+03	-6.08002410067331E-02
 1.98074092571050E+03	-1.97819389880205E-01
 1.98074366361053E+03	-2.80113903798562E-01
 1.98074640151056E+03	-2.97370430401008E-01
 1.98074913941059E+03	-2.51176915105137E-01
 1.98075187731062E+03	-1.56083366780329E-01
 1.98075461521065E+03	-4.12385076208020E-02
 1.98075735311068E+03	 5.67755091358313E-02
 1.98076009101071E+03	 1.11555504052369E-01
 1.98076282891074E+03	 1.21137895384074E-01
 1.98076556681077E+03	 1.03792712509781E-01
 1.98076830471080E+03	 7.84654415128950E-02
 1.98077104261084E+03	 4.94237864246824E-02
 1.98077378051087E+03	 9.55295355749540E-03
 1.98077651841090E+03	-4.33036351125266E-02
 1.98077925631093E+03	-9.53580465178093E-02
 1.98078199421096E+03	-1.23021892833699E-01
 1.98078473211099E+03	-1.09645992525459E-01
 1.98078747001102E+03	-5.53780147608163E-02
 1.98079020791105E+03	 2.85618841386151E-02
 1.98079294581108E+03	 1.30977696835445E-01
 1.98079568371111E+03	 2.41621533553466E-01
 1.98079842161114E+03	 3.42166985682461E-01
 1.98080115951117E+03	 4.02974662109013E-01
 1.98080389741120E+03	 3.95307082298369E-01
 1.98080663531123E+03	 3.09697726883529E-01
 1.98080937321127E+03	 1.63999132249821E-01
 1.98081211111130E+03	-4.60112546862001E-03
 1.98081484901133E+03	-1.55823991674736E-01
 1.98081758691136E+03	-2.59434587748664E-01
 1.98082032481139E+03	-2.99579976650750E-01
 1.98082306271142E+03	-2.73301176274191E-01
 1.98082580061145E+03	-1.90349476104402E-01
 1.98082853851148E+03	-7.56128846235340E-02
 1.98083127641151E+03	 3.41407988791621E-02
 1.98083401431154E+03	 1.05537420357631E-01
 1.98083675221157E+03	 1.26876744727267E-01
 1.98083949011160E+03	 1.11674966946689E-01
 1.98084222801163E+03	 8.25499897585004E-02
 1.98084496591167E+03	 5.12199179733607E-02
 1.98084770381170E+03	 1.40253121819929E-02
 1.98085044171173E+03	-3.47245420755097E-02
 1.98085317961176E+03	-8.74885319779392E-02
 1.98085591751179E+03	-1.23041963550959E-01
 1.98085865541182E+03	-1.21320239305239E-01
 1.98086139331185E+03	-7.76854544756703E-02
 1.98086413121188E+03	-2.11714661250426E-03
 1.98086686911191E+03	 9.28037918279805E-02
 1.98086960701194E+03	 1.98092617561682E-01
 1.98087234491197E+03	 3.01234879653517E-01
 1.98087508281200E+03	 3.77889757268469E-01
 1.98087782071203E+03	 3.97584489468592E-01
 1.98088055861207E+03	 3.41494470459789E-01
 1.98088329651210E+03	 2.16311578910871E-01
 1.98088603441213E+03	 5.27991198293839E-02
 1.98088877231216E+03	-1.08168438990122E-01
 1.98089151021219E+03	-2.31118606281058E-01
 1.98089424811222E+03	-2.94219139440282E-01
 1.98089698601225E+03	-2.89592571159457E-01
 1.98089972391228E+03	-2.22202591057485E-01
 1.98090246181231E+03	-1.11968165051293E-01
 1.98090519971234E+03	 6.32561266649648E-03
 1.98090793761237E+03	 9.45343970866132E-02
 1.98091067551240E+03	 1.31030632495032E-01
 1.98091341341243E+03	 1.21666067503532E-01
 1.98091615131246E+03	 8.97144871509658E-02
 1.98091888921250E+03	 5.40460602468981E-02
 1.98092162711253E+03	 1.69188863437719E-02
 1.98092436501256E+03	-2.82862883120131E-02
 1.98092710291259E+03	-7.99975323621859E-02
 1.98092984081262E+03	-1.21281077695471E-01
 1.98093257871265E+03	-1.30393989386050E-01
 1.98093531661268E+03	-9.76019065824458E-02
 1.98093805451271E+03	-3.02127555731345E-02
 1.98094079241274E+03	 5.78570995395510E-02
 1.98094353031277E+03	 1.56922134032012E-01
 1.98094626821280E+03	 2.58674952887161E-01
 1.98094900611283E+03	 3.45296865754503E-01
 1.98095174401286E+03	 3.88065164008929E-01
 1.98095448191290E+03	 3.61583937109479E-01
 1.98095721981293E+03	 2.61322919350105E-01
 1.98095995771296E+03	 1.09152957745794E-01
 1.98096269561299E+03	-5.62618280742122E-02
 1.98096543351302E+03	-1.95635256336484E-01
 1.98096817141305E+03	-2.81048724204712E-01
 1.98097090931308E+03	-2.99212754346962E-01
 1.98097364721311E+03	-2.50260901932524E-01
 1.98097638511314E+03	-1.48847870793479E-01
 1.98097912301317E+03	-2.60404272532545E-02
 1.98098186091320E+03	 7.78079771177420E-02
 1.98098459881323E+03	 1.32060194417251E-01
 1.98098733671326E+03	 1.32754676681240E-01
 1.98099007461330E+03	 1.00346179012832E-01
 1.98099281251333E+03	 5.93029336791138E-02
 1.98099555041336E+03	 1.94547585676082E-02
 1.98099828831339E+03	-2.37790102882944E-02
 1.98100102621342E+03	-7.34741777956505E-02
 1.98100376411345E+03	-1.18314723755012E-01
 1.98100650201348E+03	-1.37019108844082E-01
 1.98100923991351E+03	-1.15213853508002E-01
 1.98101197781354E+03	-5.61473204175078E-02
 1.98101471571357E+03	 2.57909972445824E-02
 1.98101745361360E+03	 1.18816842609355E-01
 1.98102019151363E+03	 2.16611278910115E-01
 1.98102292941366E+03	 3.07812551936562E-01
 1.98102566731370E+03	 3.68317566597565E-01
 1.98102840521373E+03	 3.69601010757298E-01
 1.98103114311376E+03	 2.97096874878766E-01
 1.98103388101379E+03	 1.62100644392660E-01
 1.98103661891382E+03	-1.85969524108465E-03
 1.98103935681385E+03	-1.53778074790235E-01
 1.98104209471388E+03	-2.60063990811372E-01
 1.98104483261391E+03	-3.01533303283427E-01
 1.98104757051394E+03	-2.73295022860287E-01
 1.98105030841397E+03	-1.84703513506427E-01
 1.98105304631400E+03	-6.19155958512552E-02
 1.98105578421403E+03	 5.50791720287207E-02
 1.98105852211406E+03	 1.28502612531859E-01
 1.98106126001409E+03	 1.43495281869275E-01
 1.98106399791413E+03	 1.14237406832360E-01
 1.98106673581416E+03	 6.81290742737500E-02
 1.98106947371419E+03	 2.30871670548368E-02
 1.98107221161422E+03	-2.05505221575070E-02
 1.98107494951425E+03	-6.82591923420277E-02
 1.98107768741428E+03	-1.14766337585658E-01
 1.98108042531431E+03	-1.41441813837960E-01
 1.98108316321434E+03	-1.30522130556797E-01
 1.98108590111437E+03	-8.02204443850613E-02
 1.98108863901440E+03	-3.93799998848738E-03
 1.98109137691443E+03	 8.38949466530002E-02
 1.98109411481446E+03	 1.76597990798463E-01
 1.98109685271449E+03	 2.68009909317672E-01
 1.98109959061453E+03	 3.40486385813181E-01
 1.98110232851456E+03	 3.65985886381782E-01
 1.98110506641459E+03	 3.22233950278625E-01
 1.98110780431462E+03	 2.09334685039016E-01
 1.98111054221465E+03	 5.29926115309655E-02
 1.98111328011468E+03	-1.06690731566134E-01
 1.98111601801471E+03	-2.31522653003725E-01
 1.98111875591474E+03	-2.96141428490670E-01
 1.98112149381477E+03	-2.90269093920645E-01
 1.98112423171480E+03	-2.18004203056087E-01
 1.98112696961483E+03	-9.99387232782289E-02
 1.98112970751486E+03	 2.65786374631128E-02
 1.98113244541489E+03	 1.19160194524981E-01
 1.98113518331493E+03	 1.52170226395036E-01
 1.98113792121496E+03	 1.30563860046378E-01
 1.98114065911499E+03	 8.12137302772691E-02
 1.98114339701502E+03	 2.93224591316263E-02
 1.98114613491505E+03	-1.75345700223166E-02
 1.98114887281508E+03	-6.43400003995947E-02
 1.98115161071511E+03	-1.11217622829952E-01
 1.98115434861514E+03	-1.44026331420394E-01
 1.98115708651517E+03	-1.43505739247216E-01
 1.98115982441520E+03	-1.02563294415905E-01
 1.98116256231523E+03	-3.18992274844885E-02
 1.98116530021526E+03	 5.18119212573234E-02
 1.98116803811529E+03	 1.39533851502871E-01
 1.98117077601532E+03	 2.28158663347762E-01
 1.98117351391536E+03	 3.07061884813002E-01
 1.98117625181539E+03	 3.51946189646149E-01
 1.98117898971542E+03	 3.36014910488061E-01
 1.98118172761545E+03	 2.48785273974081E-01
 1.98118446551548E+03	 1.06059720313413E-01
 1.98118720341551E+03	-5.58710803374446E-02
 1.98118994131554E+03	-1.95979473418350E-01
 1.98119267921557E+03	-2.82849490396864E-01
 1.98119541711560E+03	-3.00361098710501E-01
 1.98119815501563E+03	-2.47327306753831E-01
 1.98120089291566E+03	-1.38547161499759E-01
 1.98120363081569E+03	-6.96400291827639E-03
 1.98120636871572E+03	 1.03256263826008E-01
 1.98120910661576E+03	 1.56991358248723E-01
 1.98121184451579E+03	 1.47942532877367E-01
 1.98121458241582E+03	 9.86541115526293E-02
 1.98121732031585E+03	 3.95087689260018E-02
 1.98122005821588E+03	-1.33459572323909E-02
 1.98122279611591E+03	-6.12805863461396E-02
 1.98122553401594E+03	-1.08093198099758E-01
 1.98122827191597E+03	-1.45237210011366E-01
 1.98123100981600E+03	-1.54193178882282E-01
 1.98123374771603E+03	-1.23149350188903E-01
 1.98123648561606E+03	-5.85493206916433E-02
 1.98123922351609E+03	 2.19344819815972E-02
 1.98124196141612E+03	 1.05670788768855E-01
 1.98124469931616E+03	 1.90016053084736E-01
 1.98124743721619E+03	 2.70612736654182E-01
 1.98125017511622E+03	 3.29334996464909E-01
 1.98125291301625E+03	 3.38484628186572E-01
 1.98125565091628E+03	 2.78806573573615E-01
 1.98125838881631E+03	 1.55056593572467E-01
 1.98126112671634E+03	-3.14205194141416E-03
 1.98126386461637E+03	-1.54319409201019E-01
 1.98126660251640E+03	-2.61713693340493E-01
 1.98126934041643E+03	-3.02970346942093E-01
 1.98127207831646E+03	-2.71423265699542E-01
 1.98127481621649E+03	-1.76101719657267E-01
 1.98127755411652E+03	-4.43859794841579E-02
 1.98128029201655E+03	 8.05386823983133E-02
 1.98128302991659E+03	 1.56314636227422E-01
 1.98128576781662E+03	 1.64564620980307E-01
 1.98128850571665E+03	 1.19879765217018E-01
 1.98129124361668E+03	 5.46234637828276E-02
 1.98129398151671E+03	-6.43789876744550E-03
 1.98129671941674E+03	-5.82062826967153E-02
 1.98129945731677E+03	-1.05539998917156E-01
 1.98130219521680E+03	-1.45576007244087E-01
 1.98130493311683E+03	-1.62717448092696E-01
 1.98130767101686E+03	-1.41850177087044E-01
 1.98131040891689E+03	-8.41468105654295E-02
 1.98131314681692E+03	-6.46989954244614E-03
 1.98131588471695E+03	 7.47087441516088E-02
 1.98131862261699E+03	 1.54694951091771E-01
 1.98132136051702E+03	 2.33515962296501E-01
 1.98132409841705E+03	 3.00455441402230E-01
 1.98132683631708E+03	 3.30460207832578E-01
 1.98132957421711E+03	 2.98340414595372E-01
 1.98133231211714E+03	 1.97819557361861E-01
 1.98133505001717E+03	 4.94184594609733E-02
 1.98133778791720E+03	-1.07777902174849E-01
 1.98134052581723E+03	-2.33062672432370E-01
 1.98134326371726E+03	-2.97721612827237E-01
 1.98134600161729E+03	-2.89254011383761E-01
 1.98134873951732E+03	-2.11001695595830E-01
 1.98135147741735E+03	-8.41989700549257E-02
 1.98135421531739E+03	 5.13196409339181E-02
 1.98135695321742E+03	 1.48839293460571E-01
 1.98135969111745E+03	 1.78387824123197E-01
 1.98136242901748E+03	 1.43658544985811E-01
 1.98136516691751E+03	 7.50882065585349E-02
 1.98136790481754E+03	 4.69372310836240E-03
 1.98137064271757E+03	-5.38565902195393E-02
 1.98137338061760E+03	-1.03326294779075E-01
 1.98137611851763E+03	-1.45479051253541E-01
 1.98137885641766E+03	-1.69334771262423E-01
 1.98138159431769E+03	-1.58515556254934E-01
 1.98138433221772E+03	-1.08728530881054E-01
 1.98138707011775E+03	-3.40607240027848E-02
 1.98138980801779E+03	 4.59562173494065E-02
 1.98139254591782E+03	 1.22624186686544E-01
 1.98139528381785E+03	 1.97718855294867E-01
 1.98139802171788E+03	 2.67813368989948E-01
 1.98140075961791E+03	 3.13456177159687E-01
 1.98140349751794E+03	 3.07033984346353E-01
 1.98140623541797E+03	 2.32491333119407E-01
 1.98140897331800E+03	 9.95908342761155E-02
 1.98141171121803E+03	-5.79358229587741E-02
 1.98141444911806E+03	-1.97531405586211E-01
 1.98141718701809E+03	-2.84474274307317E-01
 1.98141992491812E+03	-3.00010070358136E-01
 1.98142266281815E+03	-2.41777498636834E-01
 1.98142540071818E+03	-1.24720188207321E-01
 1.98142813861822E+03	 1.64501251816112E-02
 1.98143087651825E+03	 1.33765748934824E-01
 1.98143361441828E+03	 1.87363827657433E-01
 1.98143635231831E+03	 1.68187729596884E-01
 1.98143909021834E+03	 1.00639842511561E-01
 1.98144182811837E+03	 2.12836730500827E-02
 1.98144456601840E+03	-4.67089675028290E-02
 1.98144730391843E+03	-1.00785077119596E-01
 1.98145004181846E+03	-1.45193214570879E-01
 1.98145277971849E+03	-1.74395458391398E-01
 1.98145551761852E+03	-1.73052613910200E-01
 1.98145825551855E+03	-1.32143381127554E-01
 1.98146099341858E+03	-6.12966128675741E-02
 1.98146373131862E+03	 1.85266252108508E-02
 1.98146646921865E+03	 9.36021439419458E-02
 1.98146920711868E+03	 1.64563815970758E-01
 1.98147194501871E+03	 2.33847757328735E-01
 1.98147468291874E+03	 2.89530333412164E-01
 1.98147742081877E+03	 3.05291665846588E-01
 1.98148015871880E+03	 2.57698414236249E-01
 1.98148289661883E+03	 1.45165038146934E-01
 1.98148563451886E+03	-6.67824286896284E-03
 1.98148837241889E+03	-1.56091195226286E-01
 1.98149111031892E+03	-2.63341269622605E-01
 1.98149384821895E+03	-3.03115216697891E-01
 1.98149658611898E+03	-2.67154576870258E-01
 1.98149932401902E+03	-1.64207277673939E-01
 1.98150206191905E+03	-2.27629688487005E-02
 1.98150479981908E+03	 1.10892952209064E-01
 1.98150753771911E+03	 1.89671547027947E-01
 1.98151027561914E+03	 1.91261929860583E-01
 1.98151301351917E+03	 1.30279233515041E-01
 1.98151575141920E+03	 4.40786906309040E-02
 1.98151848931923E+03	-3.51648459348298E-02
 1.98152122721926E+03	-9.68216822829867E-02
 1.98152396511929E+03	-1.44654102118627E-01
 1.98152670301932E+03	-1.78266487586257E-01
 1.98152944091935E+03	-1.85479389376149E-01
 1.98153217881938E+03	-1.54127304081447E-01
 1.98153491671941E+03	-8.83687655427132E-02
 1.98153765461945E+03	-8.46337095840804E-03
 1.98154039251948E+03	 6.69307224238639E-02
 1.98154313041951E+03	 1.34698248696836E-01
 1.98154586831954E+03	 2.00672957770949E-01
 1.98154860621957E+03	 2.61065011450869E-01
 1.98155134411960E+03	 2.94248203329050E-01
 1.98155408201963E+03	 2.72696965238000E-01
 1.98155681991966E+03	 1.84117515646697E-01
 1.98155955781969E+03	 4.38894248158068E-02
 1.98156229571972E+03	-1.10063515443037E-01
 1.98156503361975E+03	-2.34717607785293E-01
 1.98156777151978E+03	-2.98228677069701E-01
 1.98157050941981E+03	-2.86089054470656E-01
 1.98157324731985E+03	-2.00979459947635E-01
 1.98157598521988E+03	-6.46813998282236E-02
 1.98157872311991E+03	 8.06451436117685E-02
 1.98158146101994E+03	 1.83925912495469E-01
 1.98158419891997E+03	 2.10498341445769E-01
 1.98158693682000E+03	 1.62310348192191E-01
 1.98158967472003E+03	 7.31588966079938E-02
 1.98159241262006E+03	-1.77778326328343E-02
 1.98159515052009E+03	-8.99964379944639E-02
 1.98159788842012E+03	-1.43394158895681E-01
 1.98160062632015E+03	-1.81217221233020E-01
 1.98160336422018E+03	-1.95934399386136E-01
 1.98160610212021E+03	-1.74395339316835E-01
 1.98160884002025E+03	-1.15199651280076E-01
 1.98161157792028E+03	-3.57254660201490E-02
 1.98161431582031E+03	 4.16049788436629E-02
 1.98161705372034E+03	 1.08079353586600E-01
 1.98161979162037E+03	 1.69866232191197E-01
 1.98162252952040E+03	 2.30508390280804E-01
 1.98162526742042E+03	 2.75660023341236E-01
 1.98162800532046E+03	 2.77464741475027E-01
 1.98163074322049E+03	 2.14794770124504E-01
 1.98163348112052E+03	 9.15678733525849E-02
 1.98163621902055E+03	-6.11051402334309E-02
 1.98163895692058E+03	-1.99312714804095E-01
 1.98164169482061E+03	-2.85253237061032E-01
 1.98164443272064E+03	-2.97781229945833E-01
 1.98164717062068E+03	-2.33512419376011E-01
 1.98164990852071E+03	-1.07481519584585E-01
 1.98165264642074E+03	 4.40285379476459E-02
 1.98165538432077E+03	 1.69335712104926E-01
 1.98165812222080E+03	 2.23591415620497E-01
 1.98166086012083E+03	 1.94469731357106E-01
 1.98166359802086E+03	 1.07828076389749E-01
 1.98166633592089E+03	 6.50490702857238E-03
 1.98166907382092E+03	-7.86812236292658E-02
 1.98167181172095E+03	-1.40506129641964E-01
 1.98167454962098E+03	-1.83289794589934E-01
 1.98167728752101E+03	-2.04634004756272E-01
 1.98168002542104E+03	-1.92723838453148E-01
 1.98168276332108E+03	-1.41497716562009E-01
 1.98168550122111E+03	-6.36856630863694E-02
 1.98168823912114E+03	 1.65262380135153E-02
 1.98169097702117E+03	 8.40696802761130E-02
 1.98169371492120E+03	 1.42328463988681E-01
 1.98169645282123E+03	 2.00107332253843E-01
 1.98169919072126E+03	 2.51722568825057E-01
 1.98170192862129E+03	 2.72721485018251E-01
 1.98170466652132E+03	 2.36080587094115E-01
 1.98170740442135E+03	 1.34225288951835E-01
 1.98171014232138E+03	-1.11545021458753E-02
 1.98171288022141E+03	-1.58176360953727E-01
 1.98171561812144E+03	-2.64353578075667E-01
 1.98171835602148E+03	-3.01676705269326E-01
 1.98172109392151E+03	-2.60501224181096E-01
 1.98172383182154E+03	-1.49300417866006E-01
 1.98172656972157E+03	 2.52841452149223E-03
 1.98172930762160E+03	 1.45791706823959E-01
 1.98173204552163E+03	 2.28564533082479E-01
 1.98173478342166E+03	 2.24133724598201E-01
 1.98173752132169E+03	 1.46593725648164E-01
 1.98174025922172E+03	 3.81221066819756E-02
 1.98174299712175E+03	-6.12760227788595E-02
 1.98174573502178E+03	-1.34680155262870E-01
 1.98174847292181E+03	-1.84182090182558E-01
 1.98175121082184E+03	-2.11781764355613E-01
 1.98175394872188E+03	-2.08998895780587E-01
 1.98175668662191E+03	-1.66848064848446E-01
 1.98175942452194E+03	-9.24374761170627E-02
 1.98176216242197E+03	-9.29555269702332E-03
 1.98176490032200E+03	 6.16059643682795E-02
 1.98176763822203E+03	 1.18235930762147E-01
 1.98177037612206E+03	 1.71665877295088E-01
 1.98177311402209E+03	 2.24832302005020E-01
 1.98177585192212E+03	 2.59868411083003E-01
 1.98177858982215E+03	 2.47522917039291E-01
 1.98178132772218E+03	 1.69978596221171E-01
 1.98178406562221E+03	 3.76655412753367E-02
 1.98178680352224E+03	-1.12705433022599E-01
 1.98178954142227E+03	-2.35983746455378E-01
 1.98179227932231E+03	-2.97465712076632E-01
 1.98179501722234E+03	-2.80892642596067E-01
 1.98179775512237E+03	-1.88363927390618E-01
 1.98180049302240E+03	-4.20351359370971E-02
 1.98180323092243E+03	 1.13876620086129E-01
 1.98180596882246E+03	 2.23986556734184E-01
 1.98180870672249E+03	 2.48579459078900E-01
 1.98181144462252E+03	 1.87246179489069E-01
 1.98181418252255E+03	 7.67327062090483E-02
 1.98181692042258E+03	-3.64599647947779E-02
 1.98181965832261E+03	-1.24321580122883E-01
 1.98182239622264E+03	-1.83172429001650E-01
 1.98182513412267E+03	-2.17446041301375E-01
 1.98182787202271E+03	-2.23215180116978E-01
 1.98183060992274E+03	-1.90812651735069E-01
 1.98183334782277E+03	-1.21761865809784E-01
 1.98183608572280E+03	-3.65806294310942E-02
 1.98183882362283E+03	 3.94132568885687E-02
 1.98184156152286E+03	 9.70880854951281E-02
 1.98184429942289E+03	 1.46361214940329E-01
 1.98184703732292E+03	 1.97320917588591E-01
 1.98184977522295E+03	 2.40847777245014E-01
 1.98185251312298E+03	 2.49399179437142E-01
 1.98185525102301E+03	 1.97373601660261E-01
 1.98185798892304E+03	 8.31862000125643E-02
 1.98186072682307E+03	-6.46191452001998E-02
 1.98186346472311E+03	-2.00917099378587E-01
 1.98186620262314E+03	-2.85089096107934E-01
 1.98186894052317E+03	-2.93894111897259E-01
 1.98187167842320E+03	-2.23083913584049E-01
 1.98187441632323E+03	-8.76702339743689E-02
 1.98187715422326E+03	 7.47999618898653E-02
 1.98187989212329E+03	 2.09126219941647E-01
 1.98188263002332E+03	 2.65267511121219E-01
 1.98188536792335E+03	 2.27032569024125E-01
 1.98188810582338E+03	 1.21133694252266E-01
 1.98189084372341E+03	-3.44302856730298E-03
 1.98189358162344E+03	-1.07743037320393E-01
 1.98189631952347E+03	-1.79110683958807E-01
 1.98189905742350E+03	-2.21431496465823E-01
 1.98190179532354E+03	-2.35421058329007E-01
 1.98190453322357E+03	-2.13012718983289E-01
 1.98190727112360E+03	-1.51200628938941E-01
 1.98191000902363E+03	-6.56808505929530E-02
 1.98191274692366E+03	 1.62304711134016E-02
 1.98191548482369E+03	 7.78423875219793E-02
 1.98191822272372E+03	 1.24641815484682E-01
 1.98192096062375E+03	 1.71194735558411E-01
 1.98192369852378E+03	 2.17934697576376E-01
 1.98192643642381E+03	 2.42705094225714E-01
 1.98192917432384E+03	 2.15539928092339E-01
 1.98193191222387E+03	 1.23362270700999E-01
 1.98193465012390E+03	-1.58936309806929E-02
 1.98193738802394E+03	-1.60267717651479E-01
 1.98194012592397E+03	-2.64754972576371E-01
 1.98194286382400E+03	-2.98970134935269E-01
 1.98194560172403E+03	-2.52119704546770E-01
 1.98194833962406E+03	-1.32372141039917E-01
 1.98195107752409E+03	 3.02710943208949E-02
 1.98195381542412E+03	 1.84026397977754E-01
 1.98195655332415E+03	 2.72110556141844E-01
 1.98195929122418E+03	 2.62907784099614E-01
 1.98196202912421E+03	 1.69280087107613E-01
 1.98196476702424E+03	 3.78189121868218E-02
 1.98196750492427E+03	-8.34108035141911E-02
 1.98197024282430E+03	-1.70490974538679E-01
 1.98197298072434E+03	-2.23174818686770E-01
 1.98197571862437E+03	-2.45618898429277E-01
 1.98197845652440E+03	-2.33171145320293E-01
 1.98198119442443E+03	-1.80160261058537E-01
 1.98198393232446E+03	-9.65528554329853E-02
 1.98198667022449E+03	-8.98677740435485E-03
 1.98198940812452E+03	 5.91145887593525E-02
 1.98199214602455E+03	 1.06221304160383E-01
 1.98199488392458E+03	 1.47913158755448E-01
 1.98199762182461E+03	 1.93483661907662E-01
 1.98200035972464E+03	 2.29061413316544E-01
 1.98200309762467E+03	 2.24297031991879E-01
 1.98200583552470E+03	 1.56455214118367E-01
 1.98200857342474E+03	 3.13471683786576E-02
 1.98201131132477E+03	-1.15490260289243E-01
 1.98201404922480E+03	-2.36964334090489E-01
 1.98201678712483E+03	-2.95837384874376E-01
 1.98201952502486E+03	-2.74406048098070E-01
 1.98202226292489E+03	-1.74258816245784E-01
 1.98202500082492E+03	-1.76682279088824E-02
 1.98202773872495E+03	 1.49491953324967E-01
 1.98203047662498E+03	 2.67694029550154E-01
 1.98203321452501E+03	 2.91833178669897E-01
 1.98203595242504E+03	 2.18412145131481E-01
 1.98203869032507E+03	 8.64808386133046E-02
 1.98204142822510E+03	-5.02140960616781E-02
 1.98204416612513E+03	-1.55607897067125E-01
 1.98204690402517E+03	-2.21693980447654E-01
 1.98204964192520E+03	-2.53641146940703E-01
 1.98205237982523E+03	-2.51102128031408E-01
 1.98205511772526E+03	-2.08018505608264E-01
 1.98205785562529E+03	-1.28798488748308E-01
 1.98206059352532E+03	-3.69147325515616E-02
 1.98206333142535E+03	 3.94136120764122E-02
 1.98206606932538E+03	 9.01681994914885E-02
 1.98206880722541E+03	 1.28236032003632E-01
 1.98207154512544E+03	 1.69659985944072E-01
 1.98207428302547E+03	 2.10543908002215E-01
 1.98207702092550E+03	 2.24191809574645E-01
 1.98207975882553E+03	 1.81207136229881E-01
 1.98208249672557E+03	 7.49797514010220E-02
 1.98208523462560E+03	-6.83461962365103E-02
 1.98208797252563E+03	-2.02538247493508E-01
 1.98209071042566E+03	-2.84467297486137E-01
 1.98209344832569E+03	-2.89156085914282E-01
 1.98209618622572E+03	-2.11670402625561E-01
 1.98209892412575E+03	-6.68266266973039E-02
 1.98210166202578E+03	 1.06997149340573E-01
 1.98210439992581E+03	 2.51421522183979E-01
 1.98210713782584E+03	 3.11086281191037E-01
 1.98210987572587E+03	 2.65279960680186E-01
 1.98211261362590E+03	 1.40764450264622E-01
 1.98211535152593E+03	-7.71895516646310E-03
 1.98211808942597E+03	-1.32783531539460E-01
 1.98212082732600E+03	-2.15613392655254E-01
 1.98212356522603E+03	-2.59030836698438E-01
 1.98212630312606E+03	-2.66648236283778E-01
 1.98212904102609E+03	-2.34206791991054E-01
 1.98213177892612E+03	-1.61755859388166E-01
 1.98213451682615E+03	-6.77800219161985E-02
 1.98213725472618E+03	 1.73758386342402E-02
 1.98213999262621E+03	 7.50778692332211E-02
 1.98214273052624E+03	 1.12161085434903E-01
 1.98214546842627E+03	 1.48190272488021E-01
 1.98214820632630E+03	 1.89453102367945E-01
 1.98215094422633E+03	 2.16455988703937E-01
 1.98215368212636E+03	 1.96980994092205E-01
 1.98215642002640E+03	 1.13055850950222E-01
 1.98215915792643E+03	-2.08284095937351E-02
 1.98216189582646E+03	-1.62635082318420E-01
 1.98216463372649E+03	-2.65100078995848E-01
 1.98216737162652E+03	-2.95851327050559E-01
 1.98217010952655E+03	-2.43228116830374E-01
 1.98217284742658E+03	-1.15036348282834E-01
 1.98217558532661E+03	 5.85295829580075E-02
 1.98217832322664E+03	 2.23568386891609E-01
 1.98218106112667E+03	 3.18542538157202E-01
 1.98218379902670E+03	 3.06441378071358E-01
 1.98218653692673E+03	 1.98027956711861E-01
 1.98218927482676E+03	 4.36329873882974E-02
 1.98219201272680E+03	-1.00638731121462E-01
 1.98219475062683E+03	-2.03275539046332E-01
 1.98219748852686E+03	-2.60957860214909E-01
 1.98220022642689E+03	-2.79577909118911E-01
 1.98220296432692E+03	-2.58248343181084E-01
 1.98220570222695E+03	-1.94615853109392E-01
 1.98220844012698E+03	-1.01353691118362E-01
 1.98221117802701E+03	-8.03497988544461E-03
 1.98221391592704E+03	 5.93011918256352E-02
 1.98221665382707E+03	 9.89604960034848E-02
 1.98221939172710E+03	 1.30165047430753E-01
 1.98222212962713E+03	 1.68049818989376E-01
 1.98222486752716E+03	 2.02881738619340E-01
 1.98222760542720E+03	 2.03844133391923E-01
 1.98223034332723E+03	 1.43984324776914E-01
 1.98223308122726E+03	 2.49572669915322E-02
 1.98223581912729E+03	-1.18744571647468E-01
 1.98223855702732E+03	-2.38268024844276E-01
 1.98224129492735E+03	-2.94230871188830E-01
 1.98224403282738E+03	-2.67856107605091E-01
 1.98224677072741E+03	-1.60296635621275E-01
 1.98224950862744E+03	 6.39542941811595E-03
 1.98225224652747E+03	 1.85240121527038E-01
 1.98225498442750E+03	 3.12893589304865E-01
 1.98225772232753E+03	 3.38598048227130E-01
 1.98226046022756E+03	 2.54949162008607E-01
 1.98226319812759E+03	 1.02415683821770E-01
 1.98226593602763E+03	-5.83718604983898E-02
 1.98226867392766E+03	-1.82934898751867E-01
 1.98227141182769E+03	-2.58198883545408E-01
 1.98227414972772E+03	-2.89467309818244E-01
 1.98227688762775E+03	-2.79742615139608E-01
 1.98227962552778E+03	-2.26535601186150E-01
 1.98228236342781E+03	-1.37012769944209E-01
 1.98228510132784E+03	-3.73890669672329E-02
 1.98228783922787E+03	 4.11964183900398E-02
 1.98229057712790E+03	 8.73117092739192E-02
 1.98229331502793E+03	 1.15920892136023E-01
 1.98229605292796E+03	 1.48289036375857E-01
 1.98229879082799E+03	 1.85625304922072E-01
 1.98230152872803E+03	 2.02577900033558E-01
 1.98230426662806E+03	 1.66696293537583E-01
 1.98230700452809E+03	 6.69470408403385E-02
 1.98230974242812E+03	-7.26470091984658E-02
 1.98231248032815E+03	-2.04820264872733E-01
 1.98231521822818E+03	-2.84289256697530E-01
 1.98231795612821E+03	-2.84776267139473E-01
 1.98232069402824E+03	-2.00874424368392E-01
 1.98232343192827E+03	-4.69856908394472E-02
 1.98232616982830E+03	 1.38245424115722E-01
 1.98232890772833E+03	 2.93775304969788E-01
 1.98233164562836E+03	 3.58928098156465E-01
 1.98233438352839E+03	 3.07805081178759E-01
 1.98233712142843E+03	 1.66224010167158E-01
 1.98233985932846E+03	-6.00309656689967E-03
 1.98234259722849E+03	-1.53014678413672E-01
 1.98234533512852E+03	-2.49199532196282E-01
 1.98234807302855E+03	-2.95596862203500E-01
 1.98235081092858E+03	-2.98299783760629E-01
 1.98235354882861E+03	-2.56722920226229E-01
 1.98235628672864E+03	-1.73849827836583E-01
 1.98235902462867E+03	-7.07288884511449E-02
 1.98236176252870E+03	 1.93679951718581E-02
 1.98236450042873E+03	 7.55041575603508E-02
 1.98236723832876E+03	 1.05019248225845E-01
 1.98236997622879E+03	 1.31586648237900E-01
 1.98237271412883E+03	 1.66959311640044E-01
 1.98237545202886E+03	 1.94604952621399E-01
 1.98237818992889E+03	 1.80768825133202E-01
 1.98238092782892E+03	 1.03296144449094E-01
 1.98238366572895E+03	-2.63304888787432E-02
 1.98238640362898E+03	-1.65936929362942E-01
 1.98238914152901E+03	-2.66287042678566E-01
 1.98239187942904E+03	-2.93489512004862E-01
 1.98239461732907E+03	-2.35358635640177E-01
 1.98239735522910E+03	-9.92691627985016E-02
 1.98240009312913E+03	 8.49052426803433E-02
 1.98240283102916E+03	 2.61791501284322E-01
 1.98240556892919E+03	 3.65373516002858E-01
 1.98240830682922E+03	 3.52816993005017E-01
 1.98241104472926E+03	 2.31802546392605E-01
 1.98241378262929E+03	 5.54562129357431E-02
 1.98241652052932E+03	-1.12393723098392E-01
 1.98241925842935E+03	-2.32223875436947E-01
 1.98242199632938E+03	-2.96893343140422E-01
 1.98242473422941E+03	-3.13441642175532E-01
 1.98242747212944E+03	-2.84473585515023E-01
 1.98243021002947E+03	-2.10803500138100E-01
 1.98243294792950E+03	-1.07586443714055E-01
 1.98243568582953E+03	-7.14084804443364E-03
 1.98243842372956E+03	 6.16925553853312E-02
 1.98244116162959E+03	 9.63259736987458E-02
 1.98244389952962E+03	 1.18650865827541E-01
 1.98244663742966E+03	 1.49002956297531E-01
 1.98244937532969E+03	 1.81836879699331E-01
 1.98245211322972E+03	 1.86485574553889E-01
 1.98245485112975E+03	 1.32556860067043E-01
 1.98245758902978E+03	 1.81338926392942E-02
 1.98246032692981E+03	-1.23119350153561E-01
 1.98246306482984E+03	-2.40771837212208E-01
 1.98246580272987E+03	-2.93757109256318E-01
 1.98246854062990E+03	-2.62673137263518E-01
 1.98247127852993E+03	-1.48335682649269E-01
 1.98247401642996E+03	 2.78268408453098E-02
 1.98247675432999E+03	 2.18433915129878E-01
 1.98247949223002E+03	 3.56846112261564E-01
 1.98248223013006E+03	 3.86519553846934E-01
 1.98248496803009E+03	 2.95289914669947E-01
 1.98248770593012E+03	 1.23941765046640E-01
 1.98249044383015E+03	-6.06823198025482E-02
 1.98249318173018E+03	-2.05580520985629E-01
 1.98249591963021E+03	-2.91942713886897E-01
 1.98249865753024E+03	-3.24494962902155E-01
 1.98250139543027E+03	-3.09154943919496E-01
 1.98250413333030E+03	-2.46780953022082E-01
 1.98250687123033E+03	-1.47068197734974E-01
 1.98250960913036E+03	-3.87265722852528E-02
 1.98251234703039E+03	 4.41608815875200E-02
 1.98251508493042E+03	 8.81815858165085E-02
 1.98251782283045E+03	 1.09402361122730E-01
 1.98252056073049E+03	 1.33464199737504E-01
 1.98252329863052E+03	 1.66456204126834E-01
 1.98252603653055E+03	 1.84819688433445E-01
 1.98252877443058E+03	 1.53833076028306E-01
 1.98253151233061E+03	 5.87507461557459E-02
 1.98253425023064E+03	-7.81448028362034E-02
 1.98253698813067E+03	-2.08601471765737E-01
 1.98253972603070E+03	-2.85592353992335E-01
 1.98254246393073E+03	-2.82060279006543E-01
 1.98254520183076E+03	-1.92390719011138E-01
 1.98254793973079E+03	-3.03253042725845E-02
 1.98255067763082E+03	 1.65913345092516E-01
 1.98255341553085E+03	 3.33327030591180E-01
 1.98255615343089E+03	 4.06108074212551E-01
 1.98255889133092E+03	 3.52554039977602E-01
 1.98256162923095E+03	 1.96401289926234E-01
 1.98256436713098E+03	 1.55686745805605E-03
 1.98256710503101E+03	-1.67899502071607E-01
 1.98256984293104E+03	-2.79087714712563E-01
 1.98257258083107E+03	-3.30508082978382E-01
 1.98257531873110E+03	-3.30142531046106E-01
 1.98257805663113E+03	-2.80747056779092E-01
 1.98258079453116E+03	-1.87985290862447E-01
 1.98258353243119E+03	-7.51874082269878E-02
 1.98258627033122E+03	 2.15601334746590E-02
 1.98258900823125E+03	 7.86391112490864E-02
 1.98259174613129E+03	 1.02995722261000E-01
 1.98259448403132E+03	 1.21428233804331E-01
 1.98259722193135E+03	 1.50657103446870E-01
 1.98259995983138E+03	 1.77334131114428E-01
 1.98260269773141E+03	 1.66887094539412E-01
 1.98260543563144E+03	 9.37770185959338E-02
 1.98260817353147E+03	-3.29793197728830E-02
 1.98261091143150E+03	-1.70956840753307E-01
 1.98261364933153E+03	-2.69267146475647E-01
 1.98261638723156E+03	-2.93050523987746E-01
 1.98261912513159E+03	-2.30010614550290E-01
 1.98262186303162E+03	-8.70323831042128E-02
 1.98262460093165E+03	 1.06928563779928E-01
 1.98262733883168E+03	 2.95849590126285E-01
 1.98263007673172E+03	 4.09720134234618E-01
 1.98263281463175E+03	 3.99579855030861E-01
 1.98263555253178E+03	 2.68988393058581E-01
 1.98263829043181E+03	 7.26820748428178E-02
 1.98264102833184E+03	-1.18422271581213E-01
 1.98264376623187E+03	-2.56609422401578E-01
 1.98264650413190E+03	-3.30220051761524E-01
 1.98264924203193E+03	-3.46728417700770E-01
 1.98265197993196E+03	-3.11763902395410E-01
 1.98265471783199E+03	-2.29000180619808E-01
 1.98265745573202E+03	-1.15767492030878E-01
 1.98266019363205E+03	-6.91227458655881E-03
 1.98266293153208E+03	 6.57366723788256E-02
 1.98266566943212E+03	 9.79409631306654E-02
 1.98266840733215E+03	 1.13221712058651E-01
 1.98267114523218E+03	 1.36376523197966E-01
 1.98267388313221E+03	 1.66006015762105E-01
 1.98267662103224E+03	 1.72178694601898E-01
 1.98267935893227E+03	 1.21894565132476E-01
 1.98268209683230E+03	 1.03505440171218E-02
 1.98268483473233E+03	-1.29330663091305E-01
 1.98268757263236E+03	-2.45331137499228E-01
 1.98269031053239E+03	-2.95433523458812E-01
 1.98269304843242E+03	-2.60142465732755E-01
 1.98269578633245E+03	-1.40075574243477E-01
 1.98269852423248E+03	 4.44068334500212E-02
 1.98270126213252E+03	 2.46371458939924E-01
 1.98270400003255E+03	 3.96616223103914E-01
 1.98270673793258E+03	 4.32862326741542E-01
 1.98270947583261E+03	 3.37369044777386E-01
 1.98271221373264E+03	 1.49968356380664E-01
 1.98271495163267E+03	-5.72607153399568E-02
 1.98271768953270E+03	-2.22975995977113E-01
 1.98272042743273E+03	-3.22104132250953E-01
 1.98272316533276E+03	-3.58028523470425E-01
 1.98272590323279E+03	-3.38976497907179E-01
 1.98272864113282E+03	-2.68760058801478E-01
 1.98273137903285E+03	-1.59268088425061E-01
 1.98273411693288E+03	-4.14137208070568E-02
 1.98273685483292E+03	 4.77670241105944E-02
 1.98273959273295E+03	 9.23097311678110E-02
 1.98274233063298E+03	 1.08372895327318E-01
 1.98274506853301E+03	 1.25050519203041E-01
 1.98274780643304E+03	 1.52992827453785E-01
 1.98275054433307E+03	 1.70824388070930E-01
 1.98275328223310E+03	 1.42353888384123E-01
 1.98275602013313E+03	 4.99177468338097E-02
 1.98275875803316E+03	-8.54805706213363E-02
 1.98276149593319E+03	-2.14634711970105E-01
 1.98276423383322E+03	-2.89242221917059E-01
 1.98276697173325E+03	-2.82072233535687E-01
 1.98276970963328E+03	-1.87629721932919E-01
 1.98277244753331E+03	-1.87484819009256E-02
 1.98277518543335E+03	 1.87557235966385E-01
 1.98277792333338E+03	 3.67237813439260E-01
 1.98278066123341E+03	 4.49755644553268E-01
 1.98278339913344E+03	 3.97107819046235E-01
 1.98278613703347E+03	 2.29738606623187E-01
 1.98278887493350E+03	 1.44184932991531E-02
 1.98279161283353E+03	-1.77127513802995E-01
 1.98279435073356E+03	-3.04494902531032E-01
 1.98279708863359E+03	-3.62919278617203E-01
 1.98279982653362E+03	-3.61553625971582E-01
 1.98280256443365E+03	-3.05992370075626E-01
 1.98280530233368E+03	-2.04200563200452E-01
 1.98280804023371E+03	-8.14471062505196E-02
 1.98281077813375E+03	 2.35071252232270E-02
 1.98281351603378E+03	 8.39986657785434E-02
 1.98281625393381E+03	 1.05675197903932E-01
 1.98281899183384E+03	 1.17428919534891E-01
 1.98282172973387E+03	 1.40367839111812E-01
 1.98282446763390E+03	 1.64475347103296E-01
 1.98282720553393E+03	 1.55065427320597E-01
 1.98282994343396E+03	 8.40695762221166E-02
 1.98283268133399E+03	-4.13402720497793E-02
 1.98283541923402E+03	-1.78342680894445E-01
 1.98283815713405E+03	-2.74755182037930E-01
 1.98284089503408E+03	-2.95379209533647E-01
 1.98284363293411E+03	-2.28295791835096E-01
 1.98284637083415E+03	-7.98717508344488E-02
 1.98284910873418E+03	 1.22504099263465E-01
 1.98285184663421E+03	 3.23138198061897E-01
 1.98285458453424E+03	 4.48734473086180E-01
 1.98285732243427E+03	 4.44088488912022E-01
 1.98286006033430E+03	 3.07623441487809E-01
 1.98286279823433E+03	 9.43203972990457E-02
 1.98286553613436E+03	-1.18755735979750E-01
 1.98286827403439E+03	-2.75792755041937E-01
 1.98287101193442E+03	-3.60030945860460E-01
 1.98287374983445E+03	-3.78604318343614E-01
 1.98287648773448E+03	-3.39547563257282E-01
 1.98287922563451E+03	-2.48950310685302E-01
 1.98288196353454E+03	-1.25935471202218E-01
 1.98288470143458E+03	-7.62253939054950E-03
 1.98288743933461E+03	 7.10140525050842E-02
 1.98289017723464E+03	 1.03347396444086E-01
 1.98289291513467E+03	 1.13474758335836E-01
 1.98289565303470E+03	 1.29857986269407E-01
 1.98289839093473E+03	 1.55124092983654E-01
 1.98290112883476E+03	 1.60620013357094E-01
 1.98290386673479E+03	 1.11594603874617E-01
 1.98290660463482E+03	 1.10980869715617E-03
 1.98290934253485E+03	-1.37924263877884E-01
 1.98291208043488E+03	-2.52514769215303E-01
 1.98291481833491E+03	-2.99894432229710E-01
 1.98291755623494E+03	-2.61082125782467E-01
 1.98292029413498E+03	-1.36687780169452E-01
 1.98292303203501E+03	 5.44493951066900E-02
 1.98292576993504E+03	 2.66798912577585E-01
 1.98292850783507E+03	 4.29534698528167E-01
 1.98293124573510E+03	 4.74917304102843E-01
 1.98293398363513E+03	 3.78925022684862E-01
 1.98293672153516E+03	 1.79081660556190E-01
 1.98293945943519E+03	-4.85337591239126E-02
 1.98294219733522E+03	-2.34723922035472E-01
 1.98294493523525E+03	-3.47815941004079E-01
 1.98294767313528E+03	-3.89097864136452E-01
 1.98295041103531E+03	-3.68386934945639E-01
 1.98295314893534E+03	-2.91921272847263E-01
 1.98295588683538E+03	-1.73361630268365E-01
 1.98295862473541E+03	-4.54877993988967E-02
 1.98296136263544E+03	 5.17389121290679E-02
 1.98296410053547E+03	 9.92700938940964E-02
 1.98296683843550E+03	 1.12364166154647E-01
 1.98296957633553E+03	 1.22618890271406E-01
 1.98297231423556E+03	 1.44860944120253E-01
 1.98297505213559E+03	 1.60228833247343E-01
 1.98297779003562E+03	 1.31856927056940E-01
 1.98298052793565E+03	 4.00024751854742E-02
 1.98298326583568E+03	-9.51072462165270E-02
 1.98298600373571E+03	-2.23351861622589E-01
 1.98298874163574E+03	-2.95676208655540E-01
 1.98299147953577E+03	-2.85352278452928E-01
 1.98299421743581E+03	-1.87392830385384E-01
 1.98299695533584E+03	-1.35009455141026E-02
 1.98299969323587E+03	 2.01359928715865E-01
 1.98300243113590E+03	 3.93157439313734E-01
 1.98300516903593E+03	 4.87258313665775E-01
 1.98300790693596E+03	 4.39044145033378E-01
 1.98301064483599E+03	 2.64468494327671E-01
 1.98301338273602E+03	 3.17461764405991E-02
 1.98301612063605E+03	-1.80621078403855E-01
 1.98301885853608E+03	-3.24697042883635E-01
 1.98302159643611E+03	-3.91817091450257E-01
 1.98302433433614E+03	-3.91526587399276E-01
 1.98302707223617E+03	-3.31636898223469E-01
 1.98302981013621E+03	-2.21944364765013E-01
 1.98303254803624E+03	-8.92644256817902E-02
 1.98303528593627E+03	 2.51465727536524E-02
 1.98303802383630E+03	 9.12670374012605E-02
 1.98304076173633E+03	 1.12588949419364E-01
 1.98304349963636E+03	 1.19078163984796E-01
 1.98304623753639E+03	 1.35609675891187E-01
 1.98304897543642E+03	 1.55584228700464E-01
 1.98305171333645E+03	 1.44874726046292E-01
 1.98305445123648E+03	 7.37565551501309E-02
 1.98305718913651E+03	-5.17898211228908E-02
 1.98305992703654E+03	-1.88402964548894E-01
 1.98306266493657E+03	-2.83008624416514E-01
 1.98306540283661E+03	-3.00760794905114E-01
 1.98306814073664E+03	-2.30666349167417E-01
 1.98307087863667E+03	-7.85904106883821E-02
 1.98307361653670E+03	 1.30302627198962E-01
 1.98307635443673E+03	 3.41738806667238E-01
 1.98307909233676E+03	 4.80058451724570E-01
 1.98308183023679E+03	 4.83919518351342E-01
 1.98308456813682E+03	 3.45697677790582E-01
 1.98308730603685E+03	 1.19158217776979E-01
 1.98309004393688E+03	-1.13681532560153E-01
 1.98309278183691E+03	-2.89284758564620E-01
 1.98309551973694E+03	-3.85370257623654E-01
 1.98309825763697E+03	-4.07959508571008E-01
 1.98310099553701E+03	-3.66784190259760E-01
 1.98310373343704E+03	-2.69818447236931E-01
 1.98310647133707E+03	-1.37545374133778E-01
 1.98310920923710E+03	-9.06675697294965E-03
 1.98311194713713E+03	 7.73933593554247E-02
 1.98311468503716E+03	 1.12149877939454E-01
 1.98311742293719E+03	 1.18869909591271E-01
 1.98312016083722E+03	 1.28876419300950E-01
 1.98312289873725E+03	 1.48654275187141E-01
 1.98312563663728E+03	 1.51326126158975E-01
 1.98312837453731E+03	 1.01239407108604E-01
 1.98313111243734E+03	-9.91160718682615E-03
 1.98313385033737E+03	-1.49104180736034E-01
 1.98313658823740E+03	-2.62420470662586E-01
 1.98313932613744E+03	-3.07197159565711E-01
 1.98314206403747E+03	-2.65627314534352E-01
 1.98314480193750E+03	-1.38554628174109E-01
 1.98314753983753E+03	 5.71291690220918E-02
 1.98315027773756E+03	 2.78306138418480E-01
 1.98315301563759E+03	 4.53634650623951E-01
 1.98315575353762E+03	 5.10424870774979E-01
 1.98315849143765E+03	 4.17847526593779E-01
 1.98316122933768E+03	 2.09767407960256E-01
 1.98316396723771E+03	-3.51586656413779E-02
 1.98316670513774E+03	-2.40638086134245E-01
 1.98316944303777E+03	-3.68276831128242E-01
 1.98317218093780E+03	-4.16584342587748E-01
 1.98317491883784E+03	-3.96200811379685E-01
 1.98317765673787E+03	-3.15187629775032E-01
 1.98318039463790E+03	-1.88508701015436E-01
 1.98318313253793E+03	-5.04451540727014E-02
 1.98318587043796E+03	 5.61918855410457E-02
 1.98318860833799E+03	 1.08815851287249E-01
 1.98319134623802E+03	 1.20871466530106E-01
 1.98319408413805E+03	 1.25545637935904E-01
 1.98319682203808E+03	 1.41434489230073E-01
 1.98319955993811E+03	 1.52474648659392E-01
 1.98320229783814E+03	 1.21894168563051E-01
 1.98320503573817E+03	 2.87058316004854E-02
 1.98320777363820E+03	-1.07148902993757E-01
 1.98321051153824E+03	-2.34714262904041E-01
 1.98321324943827E+03	-3.04752729273180E-01
 1.98321598733830E+03	-2.91757113363987E-01
 1.98321872523833E+03	-1.91681055213269E-01
 1.98322146313836E+03	-1.49203681056758E-02
 1.98322420103839E+03	 2.06456378445432E-01
 1.98322693893842E+03	 4.09613873682820E-01
 1.98322967683845E+03	 5.16673928791952E-01
 1.98323241473848E+03	 4.76311592572694E-01
 1.98323515263851E+03	 2.98889645706277E-01
 1.98323789053854E+03	 5.25518164628736E-02
 1.98324062843857E+03	-1.78531252812524E-01
 1.98324336633860E+03	-3.39128407306810E-01
 1.98324610423863E+03	-4.16170106902866E-01
 1.98324884213867E+03	-4.18818447588340E-01
 1.98325158003870E+03	-3.56427290142744E-01
 1.98325431793873E+03	-2.40114673835921E-01
 1.98325705583876E+03	-9.78316700592218E-02
 1.98325979373879E+03	 2.68836090978874E-02
 1.98326253163882E+03	 1.00414631697974E-01
 1.98326526953885E+03	 1.23339628771046E-01
 1.98326800743888E+03	 1.25751901319268E-01
 1.98327074533891E+03	 1.35687522613290E-01
 1.98327348323894E+03	 1.50017820644765E-01
 1.98327622113897E+03	 1.35809171513197E-01
 1.98327895903900E+03	 6.25306834191684E-02
 1.98328169693903E+03	-6.44020453421439E-02
 1.98328443483907E+03	-2.00989715936816E-01
 1.98328717273910E+03	-2.93717025002838E-01
 1.98328991063913E+03	-3.08814046204937E-01
 1.98329264853916E+03	-2.36792233401999E-01
 1.98329538643919E+03	-8.30803442735982E-02
 1.98329812433922E+03	 1.30001623123839E-01
 1.98330086223925E+03	 3.50736896258237E-01
 1.98330360013928E+03	 5.02194977226355E-01
 1.98330633803931E+03	 5.17240186734137E-01
 1.98330907593934E+03	 3.81463959603608E-01
 1.98331181383937E+03	 1.45956727749767E-01
 1.98331455173940E+03	-1.03682961284083E-01
 1.98331728963943E+03	-2.96810429948869E-01
 1.98332002753947E+03	-4.05380564842172E-01
 1.98332276543950E+03	-4.33586203799022E-01
 1.98332550333953E+03	-3.92125324445108E-01
 1.98332824123956E+03	-2.90297820520110E-01
 1.98333097913959E+03	-1.49507630966055E-01
 1.98333371703962E+03	-1.05314149939749E-02
 1.98333645493965E+03	 8.51162607755557E-02
 1.98333919283968E+03	 1.24129732502306E-01
 1.98334193073971E+03	 1.28846697818483E-01
 1.98334466863974E+03	 1.32705012569224E-01
 1.98334740653977E+03	 1.45874048786997E-01
 1.98335014443980E+03	 1.43713443205682E-01
 1.98335288233983E+03	 9.04811053312029E-02
 1.98335562023986E+03	-2.27720587621621E-02
 1.98335835813990E+03	-1.62644433009832E-01
 1.98336109603993E+03	-2.74600139480547E-01
 1.98336383393996E+03	-3.16762451196512E-01
 1.98336657183999E+03	-2.73171387296874E-01
 1.98336930974002E+03	-1.45182079317155E-01
 1.98337204764005E+03	 5.26291849184941E-02
 1.98337478554008E+03	 2.80554893754068E-01
 1.98337752344011E+03	 4.67953937211684E-01
 1.98338026134014E+03	 5.37914804733126E-01
 1.98338299924017E+03	 4.52496910856359E-01
 1.98338573714020E+03	 2.40649841782468E-01
 1.98338847504023E+03	-1.79056022928036E-02
 1.98339121294026E+03	-2.40756113399273E-01
 1.98339395084030E+03	-3.82870993144105E-01
 1.98339668874033E+03	-4.39403500419165E-01
 1.98339942664036E+03	-4.21063805422945E-01
 1.98340216454039E+03	-3.37123119648735E-01
 1.98340490244042E+03	-2.03385704217099E-01
 1.98340764034045E+03	-5.52727018333948E-02
 1.98341037824048E+03	 6.16714430263049E-02
 1.98341311614051E+03	 1.20969294174555E-01
 1.98341585404054E+03	 1.33466968863234E-01
 1.98341859194057E+03	 1.33124194619701E-01
 1.98342132984060E+03	 1.41932801240131E-01
 1.98342406774063E+03	 1.46891948140021E-01
 1.98342680564066E+03	 1.12048619835729E-01
 1.98342954354070E+03	 1.59487148483256E-02
 1.98343228144073E+03	-1.21337135282068E-01
 1.98343501934076E+03	-2.48169324467662E-01
 1.98343775724079E+03	-3.15732676937864E-01
 1.98344049514082E+03	-3.00457041773966E-01
 1.98344323304085E+03	-1.99683052508138E-01
 1.98344597094088E+03	-2.23814496302923E-02
 1.98344870884091E+03	 2.03061637312789E-01
 1.98345144674094E+03	 4.16225216894987E-01
 1.98345418464097E+03	 5.37008353310114E-01
 1.98345692254100E+03	 5.07527108691209E-01
 1.98345966044103E+03	 3.31624699854870E-01
 1.98346239834106E+03	 7.58600066164872E-02
 1.98346513624110E+03	-1.71193665833334E-01
 1.98346787414113E+03	-3.47455567276286E-01
 1.98347061204116E+03	-4.35091534904823E-01
 1.98347334994119E+03	-4.42157221273372E-01
 1.98347608784122E+03	-3.78884592654484E-01
 1.98347882574125E+03	-2.57222774904527E-01
 1.98348156364128E+03	-1.05872213025342E-01
 1.98348430154131E+03	 2.95740145265453E-02
 1.98348703944134E+03	 1.11750079670723E-01
 1.98348977734137E+03	 1.37698177723554E-01
 1.98349251524140E+03	 1.36825507830829E-01
 1.98349525314143E+03	 1.39799836080336E-01
 1.98349799104146E+03	 1.47025757255684E-01
 1.98350072894149E+03	 1.27362081516712E-01
 1.98350346684153E+03	 5.02564639761616E-02
 1.98350620474156E+03	-7.89051829571332E-02
 1.98350894264159E+03	-2.15481938928897E-01
 1.98351168054162E+03	-3.06018210683871E-01
 1.98351441844165E+03	-3.18535641941212E-01
 1.98351715634168E+03	-2.45614758004638E-01
 1.98351989424171E+03	-9.23537393795274E-02
 1.98352263214174E+03	 1.22311260385091E-01
 1.98352537004177E+03	 3.50329975933640E-01
 1.98352810794180E+03	 5.14698690965845E-01
 1.98353084584183E+03	 5.43053120668838E-01
 1.98353358374186E+03	 4.13685522246134E-01
 1.98353632164189E+03	 1.73644518976849E-01
 1.98353905954193E+03	-8.93436650244669E-02
 1.98354179744196E+03	-2.98328098501412E-01
 1.98354453534199E+03	-4.19425694164543E-01
 1.98354727324202E+03	-4.54373156207879E-01
 1.98355001114205E+03	-4.14137530943432E-01
 1.98355274904208E+03	-3.08817632970046E-01
 1.98355548694211E+03	-1.60342047060741E-01
 1.98355822484214E+03	-1.08718643004877E-02
 1.98356096274217E+03	 9.47998809066413E-02
 1.98356370064220E+03	 1.39311581391391E-01
 1.98356643854223E+03	 1.42927036583491E-01
 1.98356917644226E+03	 1.40571489548623E-01
 1.98357191434229E+03	 1.45973835957509E-01
 1.98357465224233E+03	 1.37176516056780E-01
 1.98357739014236E+03	 7.90965787397763E-02
 1.98358012804239E+03	-3.72372179063606E-02
 1.98358286594242E+03	-1.77895207197539E-01
 1.98358560384245E+03	-2.88105300423844E-01
 1.98358834174248E+03	-3.27457637847024E-01
 1.98359107964251E+03	-2.82473601250347E-01
 1.98359381754254E+03	-1.55305994257430E-01
 1.98359655544257E+03	 4.20710821608176E-02
 1.98359929334260E+03	 2.74278844199710E-01
 1.98360203124263E+03	 4.72622334379444E-01
 1.98360476914266E+03	 5.56871335992729E-01
 1.98360750704269E+03	 4.81910550535692E-01
 1.98361024494272E+03	 2.70686348259953E-01
 1.98361298284276E+03	 2.47365572048207E-03
 1.98361572074279E+03	-2.35305284575315E-01
 1.98361845864282E+03	-3.91239414472388E-01
 1.98362119654285E+03	-4.56666018672111E-01
 1.98362393444288E+03	-4.41670035679618E-01
 1.98362667234291E+03	-3.56163684795476E-01
 1.98362941024294E+03	-2.16386825184465E-01
 1.98363214814297E+03	-5.85847240408266E-02
 1.98363488604300E+03	 6.90983647395341E-02
 1.98363762394303E+03	 1.36044932754801E-01
 1.98364036184306E+03	 1.49878677727640E-01
 1.98364309974309E+03	 1.44669383836719E-01
 1.98364583764312E+03	 1.45522752799150E-01
 1.98364857554316E+03	 1.42781285504699E-01
 1.98365131344319E+03	 1.01986436277790E-01
 1.98365405134322E+03	 1.88822760195441E-03
 1.98365678924325E+03	-1.37036153742844E-01
 1.98365952714328E+03	-2.62720713030624E-01
 1.98366226504331E+03	-3.27394009945877E-01
 1.98366500294334E+03	-3.10086456989213E-01
 1.98366774084337E+03	-2.09942182552538E-01
 1.98367047874340E+03	-3.44489713815711E-02
 1.98367321664343E+03	 1.92367931681752E-01
 1.98367595454346E+03	 4.13676429316977E-01
 1.98367869244349E+03	 5.48281245882185E-01
 1.98368143034352E+03	 5.32112817140996E-01
 1.98368416824356E+03	 3.61786330721803E-01
 1.98368690614359E+03	 1.00851574056943E-01
 1.98368964404362E+03	-1.59052573139722E-01
 1.98369238194365E+03	-3.49594954694961E-01
 1.98369511984368E+03	-4.47952783165952E-01
 1.98369785774371E+03	-4.60432702626783E-01
 1.98370059564374E+03	-3.97537422678866E-01
 1.98370333354377E+03	-2.71625263339300E-01
 1.98370607144380E+03	-1.11828909633777E-01
 1.98370880934383E+03	 3.44097554053628E-02
 1.98371154724386E+03	 1.25889719119505E-01
 1.98371428514389E+03	 1.55645262301383E-01
 1.98371702304392E+03	 1.51759584173280E-01
 1.98371976094395E+03	 1.47136709778392E-01
 1.98372249884399E+03	 1.45833868122168E-01
 1.98372523674402E+03	 1.19077110073426E-01
 1.98372797464405E+03	 3.69783659593713E-02
 1.98373071254408E+03	-9.47222033077740E-02
 1.98373345044411E+03	-2.30876904013248E-01
 1.98373618834414E+03	-3.18638569764381E-01
 1.98373892624417E+03	-3.28483420990842E-01
 1.98374166414420E+03	-2.55559837036504E-01
 1.98374440204423E+03	-1.04762836302635E-01
 1.98374713994426E+03	 1.08781393625337E-01
 1.98374987784429E+03	 3.41697112283304E-01
 1.98375261574432E+03	 5.18132643494720E-01
 1.98375535364435E+03	 5.61241617812678E-01
 1.98375809154439E+03	 4.41744668383524E-01
 1.98376082944442E+03	 2.01445217920492E-01
 1.98376356734445E+03	-7.12501011476046E-02
 1.98376630524448E+03	-2.94001108018419E-01
 1.98376904314451E+03	-4.27151789361524E-01
 1.98377178104454E+03	-4.69454574312681E-01
 1.98377451894457E+03	-4.31517279399748E-01
 1.98377725684460E+03	-3.23786265689946E-01
 1.98377999474463E+03	-1.68404532822052E-01
 1.98378273264466E+03	-8.68242690000098E-03
 1.98378547054469E+03	 1.07347236943916E-01
 1.98378820844472E+03	 1.57955510779820E-01
 1.98379094634475E+03	 1.60769209770583E-01
 1.98379368424479E+03	 1.51741796088054E-01
 1.98379642214482E+03	 1.48137171699382E-01
 1.98379916004485E+03	 1.31138144039215E-01
 1.98380189794488E+03	 6.69902311905265E-02
 1.98380463584491E+03	-5.28329490714028E-02
 1.98380737374494E+03	-1.93892239262479E-01
 1.98381011164497E+03	-3.01648984656679E-01
 1.98381284954500E+03	-3.37804899377878E-01
 1.98381558744503E+03	-2.91905279682627E-01
 1.98381832534506E+03	-1.67160885855037E-01
 1.98382106324509E+03	 2.72502627320866E-02
 1.98382380114512E+03	 2.61058228895634E-01
 1.98382653904515E+03	 4.68709981848979E-01
 1.98382927694519E+03	 5.67674264237932E-01
 1.98383201484522E+03	 5.05830486814930E-01
 1.98383475274525E+03	 2.99250781958446E-01
 1.98383749064528E+03	 2.53392135009970E-02
 1.98384022854531E+03	-2.24644932090083E-01
 1.98384296644534E+03	-3.93292744388295E-01
 1.98384570434537E+03	-4.67777010231274E-01
 1.98384844224540E+03	-4.56942169261996E-01
 1.98385118014543E+03	-3.70851808423484E-01
 1.98385391804546E+03	-2.25871851893866E-01
 1.98385665594549E+03	-5.88387501516495E-02
 1.98385939384552E+03	 7.96205073915055E-02
 1.98386213174555E+03	 1.54584514981995E-01
 1.98386486964558E+03	 1.70000348146965E-01
 1.98386760754562E+03	 1.59574890461635E-01
 1.98387034544565E+03	 1.51387791155292E-01
 1.98387308334568E+03	 1.39460173185958E-01
 1.98387582124571E+03	 9.14556857234046E-02
 1.98387855914574E+03	-1.31445656352378E-02
 1.98388129704577E+03	-1.53367461707718E-01
 1.98388403494580E+03	-2.77108891521037E-01
 1.98388677284583E+03	-3.38259691908777E-01
 1.98388951074586E+03	-3.19012348714868E-01
 1.98389224864589E+03	-2.20657258874758E-01
 1.98389498654592E+03	-4.91936194555488E-02
 1.98389772444595E+03	 1.76243680077205E-01
 1.98390046234598E+03	 4.03470555221290E-01
 1.98390320024602E+03	 5.51361211842793E-01
 1.98390593814605E+03	 5.50227531754402E-01
 1.98390867604608E+03	 3.88991789360709E-01
 1.98391141394611E+03	 1.26925887881488E-01
 1.98391415184614E+03	-1.42596682859547E-01
 1.98391688974617E+03	-3.45690489935612E-01
 1.98391962764620E+03	-4.54434042556026E-01
 1.98392236554623E+03	-4.72831680792421E-01
 1.98392510344626E+03	-4.11130659738626E-01
 1.98392784134629E+03	-2.81774157716847E-01
 1.98393057924632E+03	-1.14111138281055E-01
 1.98393331714635E+03	 4.27185925268349E-02
 1.98393605504638E+03	 1.43632829606191E-01
 1.98393879294642E+03	 1.77327755520695E-01
 1.98394153084645E+03	 1.70119583320811E-01
 1.98394426874648E+03	 1.56928376820193E-01
 1.98394700664651E+03	 1.45682481296742E-01
 1.98394974454654E+03	 1.10543047827438E-01
 1.98395248244657E+03	 2.28519159601746E-02
 1.98395522034660E+03	-1.11107753246634E-01
 1.98395795824663E+03	-2.45986879304505E-01
 1.98396069614666E+03	-3.30137295371054E-01
 1.98396343404669E+03	-3.37059820577479E-01
 1.98396617194672E+03	-2.64856626886693E-01
 1.98396890984675E+03	-1.18346121348781E-01
 1.98397164774678E+03	 9.14480846810382E-02
 1.98397438564681E+03	 3.26672155586879E-01
 1.98397712354685E+03	 5.13806505905990E-01
 1.98397986144688E+03	 5.72400553583301E-01
 1.98398259934691E+03	 4.65571597738292E-01
 1.98398533724694E+03	 2.28884128124096E-01
 1.98398807514697E+03	-4.99460252884644E-02
 1.98399081304700E+03	-2.84159700610175E-01
 1.98399355094703E+03	-4.28498479363993E-01
 1.98399628884706E+03	-4.78298069686705E-01
 1.98399902674709E+03	-4.43261455280317E-01
 1.98400176464712E+03	-3.33825936496043E-01
 1.98400450254715E+03	-1.72147886151444E-01
 1.98400724044718E+03	-2.53715629235969E-03
 1.98400997834721E+03	 1.23765958318952E-01
 1.98401271624725E+03	 1.80455224276794E-01
 1.98401545414728E+03	 1.82139975404577E-01
 1.98401819204731E+03	 1.65538245425443E-01
 1.98402092994734E+03	 1.51564553949969E-01
 1.98402366784737E+03	 1.25038863955093E-01
 1.98402640574740E+03	 5.41207651251727E-02
 1.98402914364743E+03	-6.89909825756721E-02
 1.98403188154746E+03	-2.09566941949585E-01
 1.98403461944749E+03	-3.13863985214877E-01
 1.98403735734752E+03	-3.46275146303370E-01
 1.98404009524755E+03	-2.99776057978868E-01
 1.98404283314758E+03	-1.78838502654790E-01
 1.98404557104761E+03	 1.02538435803753E-02
 1.98404830894765E+03	 2.42939624209708E-01
 1.98405104684768E+03	 4.57886969619976E-01
 1.98405378474771E+03	 5.71335893656897E-01
 1.98405652264774E+03	 5.24539650820709E-01
 1.98405926054777E+03	 3.26066375324418E-01
 1.98406199844780E+03	 5.01661468186479E-02
 1.98406473634783E+03	-2.09235417622336E-01
 1.98406747424786E+03	-3.89199071624064E-01
 1.98407021214789E+03	-4.72482218599919E-01
 1.98407295004792E+03	-4.66158132466546E-01
 1.98407568794795E+03	-3.80041509675794E-01
 1.98407842584798E+03	-2.30422870069573E-01
 1.98408116374801E+03	-5.46010064017479E-02
 1.98408390164804E+03	 9.43839717268993E-02
 1.98408663954808E+03	 1.77197398113779E-01
 1.98408937744811E+03	 1.93809901408701E-01
 1.98409211534814E+03	 1.77292260029554E-01
 1.98409485324817E+03	 1.58730312915538E-01
 1.98409759114820E+03	 1.36244676301167E-01
 1.98410032904823E+03	 8.02106703370954E-02
 1.98410306694826E+03	-2.87948729324338E-02
 1.98410580484829E+03	-1.69429583568288E-01
 1.98410854274832E+03	-2.90081079761318E-01
 1.98411128064835E+03	-3.46899550288439E-01
 1.98411401854838E+03	-3.25661776362562E-01
 1.98411675644841E+03	-2.30039749825985E-01
 1.98411949434844E+03	-6.45808169170077E-02
 1.98412223224848E+03	 1.56826258563025E-01
 1.98412497014851E+03	 3.87534562984942E-01
 1.98412770804854E+03	 5.47625421828427E-01
 1.98413044594857E+03	 5.62514492717626E-01
 1.98413318384860E+03	 4.13213210369472E-01
 1.98413592174863E+03	 1.53643002859909E-01
 1.98413865964866E+03	-1.22357666259518E-01
 1.98414139754869E+03	-3.36097990306032E-01
 1.98414413544872E+03	-4.54541025707640E-01
 1.98414687334875E+03	-4.78922481536507E-01
 1.98414961124878E+03	-4.18792012904357E-01
 1.98415234914881E+03	-2.86453708055886E-01
 1.98415508704884E+03	-1.11367476740114E-01
 1.98415782494888E+03	 5.57013229857781E-02
 1.98416056284891E+03	 1.65750443169150E-01
 1.98416330074894E+03	 2.02921982885070E-01
 1.98416603864897E+03	 1.91509338364179E-01
 1.98416877654900E+03	 1.68419345028875E-01
 1.98417151444903E+03	 1.45796654992387E-01
 1.98417425234906E+03	 1.01316927022465E-01
 1.98417699024909E+03	 7.99354755810146E-03
 1.98417972814912E+03	-1.27372299164148E-01
 1.98418246604915E+03	-2.59717412501343E-01
 1.98418520394918E+03	-3.39214473202575E-01
 1.98418794184921E+03	-3.42837370085855E-01
 1.98419067974924E+03	-2.71884363587765E-01
 1.98419341764928E+03	-1.31206444858607E-01
 1.98419615554931E+03	 7.24244665102473E-02
 1.98419889344934E+03	 3.07323835183526E-01
 1.98420163134937E+03	 5.03383107884887E-01
 1.98420436924940E+03	 5.77510131500955E-01
 1.98420710714943E+03	 4.85413849329610E-01
 1.98420984504946E+03	 2.55659128849578E-01
 1.98421258294949E+03	-2.59789043881378E-02
 1.98421532084952E+03	-2.69302668274003E-01
 1.98421805874955E+03	-4.23702959737065E-01
 1.98422079664958E+03	-4.80755300783867E-01
 1.98422353454961E+03	-4.48793175158623E-01
 1.98422627244964E+03	-3.37977932969135E-01
 1.98422901034967E+03	-1.70384771907462E-01
 1.98423174824971E+03	 8.73006138717094E-03
 1.98423448614974E+03	 1.44916861556600E-01
 1.98423722404977E+03	 2.07149883749109E-01
 1.98423996194980E+03	 2.06799955320261E-01
 1.98424269984983E+03	 1.81280039323301E-01
 1.98424543774986E+03	 1.55428526073301E-01
 1.98424817564989E+03	 1.18259373720615E-01
 1.98425091354992E+03	 4.03559370311331E-02
 1.98425365144995E+03	-8.52708609921543E-02
 1.98425638934998E+03	-2.24027779806214E-01
 1.98425912725001E+03	-3.23614749145105E-01
 1.98426186515004E+03	-3.51610143446905E-01
 1.98426460305007E+03	-3.04665745924627E-01
 1.98426734095011E+03	-1.88643174100431E-01
 1.98427007885014E+03	-6.92935714507206E-03
 1.98427281675017E+03	 2.22017838215527E-01
 1.98427555465020E+03	 4.42005247537089E-01
 1.98427829255023E+03	 5.69123591106602E-01
 1.98428103045026E+03	 5.38562569305480E-01
 1.98428376835029E+03	 3.51005027937233E-01
 1.98428650625032E+03	 7.64389765479462E-02
 1.98428924415035E+03	-1.89674697770532E-01
 1.98429198205038E+03	-3.79393643665873E-01
 1.98429471995041E+03	-4.70897943223521E-01
 1.98429745785044E+03	-4.69040200564931E-01
 1.98430019575047E+03	-3.83065789466868E-01
 1.98430293365051E+03	-2.29083330894027E-01
 1.98430567155054E+03	-4.48264237178175E-02
 1.98430840945057E+03	 1.14256595432932E-01
 1.98431114735060E+03	 2.04329867496037E-01
 1.98431388525063E+03	 2.21208447017060E-01
 1.98431662315066E+03	 1.97234886743993E-01
 1.98431936105069E+03	 1.66708200822187E-01
 1.98432209895072E+03	 1.32371035554188E-01
 1.98432483685075E+03	 6.78761517573564E-02
 1.98432757475078E+03	-4.48962486732861E-02
 1.98433031265081E+03	-1.84575143874656E-01
 1.98433305055084E+03	-3.00702666247618E-01
 1.98433578845087E+03	-3.52247813578038E-01
 1.98433852635090E+03	-3.28837274864864E-01
 1.98434126425094E+03	-2.36639758946654E-01
 1.98434400215097E+03	-7.88263864135253E-02
 1.98434674005100E+03	 1.36129641962377E-01
 1.98434947795103E+03	 3.67805576498431E-01
 1.98435221585106E+03	 5.38558885357913E-01
 1.98435495375109E+03	 5.69754148838752E-01
 1.98435769165112E+03	 4.34515060025834E-01
 1.98436042955115E+03	 1.80556917672708E-01
 1.98436316745118E+03	-9.89932893697346E-02
 1.98436590535121E+03	-3.21417019991882E-01
 1.98436864325124E+03	-4.48629683688292E-01
 1.98437138115127E+03	-4.78716526600494E-01
 1.98437411905130E+03	-4.20161356331148E-01
 1.98437685695134E+03	-2.84985713394983E-01
 1.98437959485137E+03	-1.02749486907370E-01
 1.98438233275140E+03	 7.41473801785210E-02
 1.98438507065143E+03	 1.92725319827242E-01
 1.98438780855146E+03	 2.32432811827032E-01
 1.98439054645149E+03	 2.15438892244414E-01
 1.98439328435152E+03	 1.80784163142516E-01
 1.98439602225155E+03	 1.45306438810403E-01
 1.98439876015158E+03	 9.08015880333214E-02
 1.98440149805161E+03	-7.71350341929658E-03
 1.98440423595164E+03	-1.43145575273947E-01
 1.98440697385167E+03	-2.71371413008803E-01
 1.98440971175170E+03	-3.45021429854090E-01
 1.98441244965174E+03	-3.44857540011017E-01
 1.98441518755177E+03	-2.75466873803404E-01
 1.98441792545180E+03	-1.41823450412221E-01
 1.98442066335183E+03	 5.35522101249347E-02
 1.98442340125186E+03	 2.85572282606351E-01
 1.98442613915189E+03	 4.88483713946921E-01
 1.98442887705191E+03	 5.77567318115727E-01
 1.98443161495195E+03	 5.01530451639013E-01
 1.98443435285198E+03	 2.81420250191179E-01
 1.98443709075201E+03	-3.31060918233551E-05
 1.98443982865204E+03	-2.50162992977404E-01
 1.98444256655207E+03	-4.13334344509356E-01
 1.98444530445210E+03	-4.77108285883962E-01
 1.98444804235213E+03	-4.48057965185052E-01
 1.98445078025217E+03	-3.35869594082590E-01
 1.98445351815220E+03	-1.62522326158512E-01
 1.98445625605223E+03	 2.57504204129340E-02
 1.98445899395226E+03	 1.71240663425830E-01
 1.98446173185229E+03	 2.38093990400119E-01
 1.98446446975232E+03	 2.34339448936583E-01
 1.98446720765235E+03	 1.98177950562125E-01
 1.98446994555238E+03	 1.58791939303638E-01
 1.98447268345241E+03	 1.10014291447506E-01
 1.98447542135244E+03	 2.53040966657051E-02
 1.98447815925247E+03	-1.01599194657859E-01
 1.98448089715250E+03	-2.36847533567044E-01
 1.98448363505253E+03	-3.30295401583556E-01
 1.98448637295257E+03	-3.53104223061576E-01
 1.98448911085260E+03	-3.05688041223487E-01
 1.98449184875263E+03	-1.95357850032517E-01
 1.98449458665266E+03	-2.27023891343378E-02
 1.98449732455269E+03	 2.00103010660427E-01
 1.98450006245272E+03	 4.22736893068423E-01
 1.98450280035275E+03	 5.62198572627147E-01
 1.98450553825278E+03	 5.48340937473044E-01
 1.98450827615281E+03	 3.73829397059837E-01
 1.98451101405284E+03	 1.03473906211616E-01
 1.98451375195287E+03	-1.66802328217040E-01
 1.98451648985290E+03	-3.64634121728780E-01
 1.98451922775293E+03	-4.63554851266478E-01
 1.98452196565297E+03	-4.65826711652153E-01
 1.98452470355300E+03	-3.79865892190253E-01
 1.98452744145303E+03	-2.21554964966984E-01
 1.98453017935306E+03	-2.91091347553554E-02
 1.98453291725309E+03	 1.39558625048006E-01
 1.98453565515312E+03	 2.36019880657014E-01
 1.98453839305315E+03	 2.51832005218230E-01
 1.98454113095318E+03	 2.18653792094253E-01
 1.98454386885321E+03	 1.74350865610009E-01
 1.98454660675324E+03	 1.26907318606366E-01
 1.98454934465327E+03	 5.38109541860389E-02
 1.98455208255330E+03	-6.16749523212080E-02
 1.98455482045333E+03	-1.98669778132195E-01
 1.98455755835337E+03	-3.08634760094120E-01
 1.98456029625340E+03	-3.53865061494599E-01
 1.98456303415343E+03	-3.27951178794941E-01
 1.98456577205346E+03	-2.39566712637183E-01
 1.98456850995349E+03	-9.06307806128217E-02
 1.98457124785352E+03	 1.15775084829789E-01
 1.98457398575355E+03	 3.45923764709618E-01
 1.98457672365358E+03	 5.25427644465840E-01
 1.98457946155361E+03	 5.72548568331851E-01
 1.98458219945364E+03	 4.52781301866074E-01
 1.98458493735367E+03	 2.07007085592350E-01
 1.98458767525370E+03	-7.34261799274558E-02
 1.98459041315373E+03	-3.02572416806306E-01
 1.98459315105376E+03	-4.37458002510076E-01
 1.98459588895380E+03	-4.72725824170857E-01
 1.98459862685383E+03	-4.15487127457708E-01
 1.98460136475386E+03	-2.77385146182941E-01
 1.98460410265389E+03	-8.81258225175513E-02
 1.98460684055392E+03	 9.81859698337269E-02
 1.98460957845395E+03	 2.24507592505541E-01
 1.98461231635398E+03	 2.65492518178041E-01
 1.98461505425401E+03	 2.41186358660715E-01
 1.98461779215404E+03	 1.93041971771257E-01
 1.98462053005407E+03	 1.43177069876609E-01
 1.98462326795410E+03	 7.81458378088490E-02
 1.98462600585413E+03	-2.47790716698903E-02
 1.98462874375416E+03	-1.58594716143308E-01
 1.98463148165420E+03	-2.80895365817136E-01
 1.98463421955423E+03	-3.47397295190063E-01
 1.98463695745426E+03	-3.42835891508265E-01
 1.98463969535429E+03	-2.75051037988495E-01
 1.98464243325432E+03	-1.49229566390935E-01
 1.98464517115435E+03	 3.62012677527990E-02
 1.98464790905438E+03	 2.62950818515155E-01
 1.98465064695441E+03	 4.70417741475644E-01
 1.98465338485444E+03	 5.73305446846389E-01
 1.98465612275447E+03	 5.13929841980165E-01
 1.98465886065450E+03	 3.05550699748266E-01
 1.98466159855453E+03	 2.69080765728711E-02
 1.98466433645456E+03	-2.27813790782393E-01
 1.98466707435460E+03	-3.98359340186159E-01
 1.98466981225463E+03	-4.68122004201817E-01
 1.98467255015466E+03	-4.41594698641761E-01
 1.98467528805469E+03	-3.27829585221801E-01
 1.98467802595472E+03	-1.48732476045347E-01
 1.98468076385475E+03	 4.84058900420880E-02
 1.98468350175478E+03	 2.02530904664051E-01
 1.98468623965481E+03	 2.72857024823847E-01
 1.98468897755484E+03	 2.64034136452746E-01
 1.98469171545487E+03	 2.15249552001906E-01
 1.98469445335490E+03	 1.60556641730269E-01
 1.98469719125493E+03	 9.92910611832688E-02
 1.98469992915496E+03	 8.20609396902689E-03
 1.98470266705499E+03	-1.18435218736629E-01
 1.98470540495503E+03	-2.48265627403003E-01
 1.98470814285506E+03	-3.34032175379599E-01
 1.98471088075509E+03	-3.50777863931166E-01
 1.98471361865512E+03	-3.02629788981227E-01
 1.98471635655515E+03	-1.98366396206095E-01
 1.98471909445518E+03	-3.59924471748673E-02
 1.98472183235521E+03	 1.78557524197739E-01
 1.98472457025524E+03	 4.01375195284656E-01
 1.98472730815527E+03	 5.51392555657591E-01
 1.98473004605530E+03	 5.54007402951711E-01
 1.98473278395533E+03	 3.93987090606760E-01
 1.98473552185536E+03	 1.30251347067589E-01
 1.98473825975539E+03	-1.41820672445694E-01
 1.98474099765543E+03	-3.46079908484863E-01
 1.98474373555546E+03	-4.51451841002461E-01
 1.98474647345549E+03	-4.57325382731628E-01
 1.98474921135552E+03	-3.71070558822205E-01
 1.98475194925555E+03	-2.08321476406271E-01
 1.98475468715558E+03	-7.85177228623937E-03
 1.98475742505561E+03	 1.69868001635344E-01
 1.98476016295564E+03	 2.71712259262577E-01
 1.98476290085567E+03	 2.84911178857859E-01
 1.98476563875570E+03	 2.40557474149144E-01
 1.98476837665573E+03	 1.80526184483469E-01
 1.98477111455576E+03	 1.18730970413743E-01
 1.98477385245579E+03	 3.70557543884153E-02
 1.98477659035583E+03	-7.98533604818541E-02
 1.98477932825586E+03	-2.12237933960279E-01
 1.98478206615589E+03	-3.14291361485028E-01
 1.98478480405592E+03	-3.52074620641006E-01
 1.98478754195595E+03	-3.23126755904878E-01
 1.98479027985598E+03	-2.38563558624442E-01
 1.98479301775601E+03	-9.92491028467626E-02
 1.98479575565604E+03	 9.69019952673084E-02
 1.98479849355607E+03	 3.23111302653674E-01
 1.98480123145610E+03	 5.09127241940640E-01
 1.98480396935613E+03	 5.71152136536042E-01
 1.98480670725616E+03	 4.67546282723920E-01
 1.98480944515619E+03	 2.31966915377263E-01
 1.98481218305622E+03	-4.69650604345491E-02
 1.98481492095626E+03	-2.80900515852870E-01
 1.98481765885629E+03	-4.22242426012857E-01
 1.98482039675632E+03	-4.62004801660379E-01
 1.98482313465635E+03	-4.05675583713957E-01
 1.98482587255638E+03	-2.64438380925567E-01
 1.98482861045641E+03	-6.82003617923507E-02
 1.98483134835644E+03	 1.27136090380667E-01
 1.98483408625647E+03	 2.60360026196165E-01
 1.98483682415650E+03	 3.01236161954604E-01
 1.98483956205653E+03	 2.67728198970065E-01
 1.98484229995656E+03	 2.04041844124717E-01
 1.98484503785659E+03	 1.38223156783900E-01
 1.98484777575662E+03	 6.22486047807473E-02
 1.98485051365666E+03	-4.41413710236145E-02
 1.98485325155669E+03	-1.74502662707851E-01
 1.98485598945672E+03	-2.88979218023372E-01
 1.98485872735675E+03	-3.46959710805985E-01
 1.98486146525678E+03	-3.37223111779238E-01
 1.98486420315681E+03	-2.70737366342687E-01
 1.98486694105684E+03	-1.53025694227987E-01
 1.98486967895687E+03	 2.12478773662869E-02
 1.98487241685690E+03	 2.40561286623540E-01
 1.98487515475693E+03	 4.50109358254464E-01
 1.98487789265696E+03	 5.65096043930277E-01
 1.98488063055699E+03	 5.22257349612280E-01
 1.98488336845702E+03	 3.27053055355808E-01
 1.98488610635706E+03	 5.34601705854877E-02
 1.98488884425709E+03	-2.03748934650788E-01
 1.98489158215712E+03	-3.80196927269212E-01
 1.98489432005715E+03	-4.55077432177043E-01
 1.98489705795718E+03	-4.30560678913127E-01
 1.98489979585721E+03	-3.14924598074754E-01
 1.98490253375724E+03	-1.30016997598330E-01
 1.98490527165727E+03	 7.57326617661407E-02
 1.98490800955730E+03	 2.37822147599774E-01
 1.98491074745733E+03	 3.10426848546477E-01
 1.98491348535736E+03	 2.94793253085058E-01
 1.98491622325739E+03	 2.31324040972345E-01
 1.98491896115742E+03	 1.59511067820016E-01
 1.98492169905746E+03	 8.49074429840156E-02
 1.98492443695749E+03	-1.20304996216779E-02
 1.98492717485752E+03	-1.36774493260955E-01
 1.98492991275755E+03	-2.59219750161881E-01
 1.98493265065758E+03	-3.35718244185484E-01
 1.98493538855761E+03	-3.45393456611354E-01
 1.98493812645764E+03	-2.95939710962792E-01
 1.98494086435767E+03	-1.97622592659901E-01
 1.98494360225770E+03	-4.62157739908571E-02
 1.98494634015773E+03	 1.58319734245265E-01
 1.98494907805776E+03	 3.78837262996342E-01
 1.98495181595779E+03	 5.37186475309168E-01
 1.98495455385782E+03	 5.55343035744353E-01
 1.98495729175785E+03	 4.10553124591304E-01
 1.98496002965789E+03	 1.55352347580567E-01
 1.98496276755792E+03	-1.16353592429945E-01
 1.98496550545795E+03	-3.25335552776286E-01
 1.98496824335798E+03	-4.36078490100763E-01
 1.98497098125801E+03	-4.44918092330654E-01
 1.98497371915804E+03	-3.57996347917836E-01
 1.98497645705807E+03	-1.90662200700342E-01
 1.98497919495810E+03	 1.76959701950956E-02
 1.98498193285813E+03	 2.03961562926817E-01
 1.98498467075816E+03	 3.10201864000150E-01
 1.98498740865819E+03	 3.19245850237539E-01
 1.98499014655822E+03	 2.61738584949242E-01
 1.98499288445825E+03	 1.84017917722201E-01
 1.98499562235829E+03	 1.06633734048074E-01
 1.98499836025832E+03	 1.64334555268075E-02
 1.98500109815835E+03	-1.00576587835343E-01
 1.98500383605838E+03	-2.26418343188766E-01
 1.98500657395841E+03	-3.18808313183431E-01
 1.98500931185844E+03	-3.47925507288061E-01
 1.98501204975847E+03	-3.15143508309740E-01
 1.98501478765850E+03	-2.33934460521441E-01
 1.98501752555853E+03	-1.04409497128505E-01
 1.98502026345856E+03	 8.02480137705387E-02
 1.98502300135859E+03	 3.00241768739205E-01
 1.98502573925862E+03	 4.90235390209135E-01
 1.98502847715865E+03	 5.65504050749867E-01
 1.98503121505869E+03	 4.78005913120843E-01
 1.98503395295872E+03	 2.54035989403867E-01
 1.98503669085875E+03	-2.13240637867097E-02
 1.98503942875878E+03	-2.58167939943697E-01
 1.98504216665881E+03	-4.04663369863445E-01
 1.98504490455884E+03	-4.48135475315657E-01
 1.98504764245887E+03	-3.92259481620573E-01
 1.98505038035890E+03	-2.47669538055783E-01
 1.98505311825893E+03	-4.44921812095202E-02
 1.98505585615896E+03	 1.59507220338176E-01
 1.98505859405899E+03	 2.98850997526068E-01
 1.98506133195902E+03	 3.38311825045068E-01
 1.98506406985905E+03	 2.93791499796226E-01
 1.98506680775908E+03	 2.12566969277764E-01
 1.98506954565912E+03	 1.29253298992224E-01
 1.98507228355915E+03	 4.19177101849882E-02
 1.98507502145918E+03	-6.70198237470358E-02
 1.98507775935921E+03	-1.92144469105842E-01
 1.98508049725924E+03	-2.96951781114932E-01
 1.98508323515927E+03	-3.45006662951779E-01
 1.98508597305930E+03	-3.29102328083146E-01
 1.98508871095933E+03	-2.63168364002044E-01
 1.98509144885936E+03	-1.53261847532301E-01
 1.98509418675939E+03	 9.19769020000341E-03
 1.98509692465942E+03	 2.19196256112629E-01
 1.98509966255945E+03	 4.28213586778427E-01
 1.98510240045948E+03	 5.53052542736327E-01
 1.98510513835952E+03	 5.25879427494071E-01
 1.98510787625955E+03	 3.44608785516657E-01
 1.98511061415958E+03	 7.78730508851534E-02
 1.98511335205961E+03	-1.79862392379231E-01
 1.98511608995964E+03	-3.60696971770865E-01
 1.98511882785967E+03	-4.39734115723587E-01
 1.98512156575970E+03	-4.16671642474773E-01
 1.98512430365973E+03	-2.98883511429046E-01
 1.98512704155976E+03	-1.08131607487835E-01
 1.98512977945979E+03	 1.05983900126848E-01
 1.98513251735982E+03	 2.75440106530565E-01
 1.98513525525985E+03	 3.49263965278216E-01
 1.98513799315988E+03	 3.25242363841857E-01
 1.98514073105992E+03	 2.45171350565019E-01
 1.98514346895995E+03	 1.54506268541313E-01
 1.98514620685998E+03	 6.57176123547485E-02
 1.98514894476001E+03	-3.66192671186017E-02
 1.98515168266004E+03	-1.57949046629858E-01
 1.98515442056007E+03	-2.71164439324546E-01
 1.98515715846010E+03	-3.36847564274507E-01
 1.98515989636013E+03	-3.38298414928184E-01
 1.98516263426016E+03	-2.86575903525709E-01
 1.98516537216019E+03	-1.93498366385608E-01
 1.98516811006022E+03	-5.31233841803692E-02
 1.98517084796025E+03	 1.40063122204483E-01
 1.98517358586028E+03	 3.55827709231131E-01
 1.98517632376031E+03	 5.19873667902549E-01
 1.98517906166035E+03	 5.51930068845358E-01
 1.98518179956038E+03	 4.22360495397270E-01
 1.98518453746041E+03	 1.77059501347583E-01
 1.98518727536044E+03	-9.23727886111949E-02
 1.98519001326047E+03	-3.04390664669539E-01
 1.98519275116050E+03	-4.19348784351407E-01
 1.98519548906053E+03	-4.30472592393514E-01
 1.98519822696056E+03	-3.42534438108088E-01
 1.98520096486059E+03	-1.70525276696003E-01
 1.98520370276062E+03	 4.55610131146882E-02
 1.98520644066065E+03	 2.39926321766394E-01
 1.98520917856068E+03	 3.49738860462615E-01
 1.98521191646071E+03	 3.53323966451905E-01
 1.98521465436075E+03	 2.80927748315255E-01
 1.98521739226078E+03	 1.83725571873976E-01
 1.98522013016081E+03	 8.95622100519143E-02
 1.98522286806084E+03	-9.18721025816596E-03
 1.98522560596087E+03	-1.25145785241257E-01
 1.98522834386090E+03	-2.42708449889460E-01
 1.98523108176093E+03	-3.23805891310237E-01
 1.98523381966096E+03	-3.42975476765351E-01
 1.98523655756099E+03	-3.05239702627142E-01
 1.98523929546102E+03	-2.26361965487393E-01
 1.98524203336105E+03	-1.06136198955416E-01
 1.98524477126108E+03	 6.63303000876573E-02
 1.98524750916111E+03	 2.78033155140637E-01
 1.98525024706115E+03	 4.69217045296353E-01
 1.98525298496118E+03	 5.55436820670675E-01
 1.98525572286121E+03	 4.83214301404816E-01
 1.98525846076124E+03	 2.71609687354974E-01
 1.98526119866127E+03	 1.51336970543639E-03
 1.98526393656130E+03	-2.36461603375193E-01
 1.98526667446133E+03	-3.86761855765047E-01
 1.98526941236136E+03	-4.33108583077752E-01
 1.98527215026139E+03	-3.77251009134478E-01
 1.98527488816142E+03	-2.29168780379468E-01
 1.98527762606145E+03	-1.91552130961150E-02
 1.98528036396148E+03	 1.93172117216485E-01
 1.98528310186151E+03	 3.38015376633371E-01
 1.98528583976155E+03	 3.75040763115445E-01
 1.98528857766158E+03	 3.18033893338277E-01
 1.98529131556161E+03	 2.17552518832768E-01
 1.98529405346164E+03	 1.15332162522000E-01
 1.98529679136167E+03	 1.61684339950731E-02
 1.98529952926170E+03	-9.45964826450235E-02
 1.98530226716173E+03	-2.12966875510436E-01
 1.98530500506176E+03	-3.06474293070694E-01
 1.98530774296179E+03	-3.43236245599140E-01
 1.98531048086182E+03	-3.19941793913299E-01
 1.98531321876185E+03	-2.53312509961299E-01
 1.98531595666188E+03	-1.50241544097583E-01
 1.98531869456191E+03	 3.77802469811089E-04
 1.98532143246194E+03	 1.99543808550724E-01
 1.98532417036198E+03	 4.05342802164980E-01
 1.98532690826201E+03	 5.37275529571980E-01
 1.98532964616204E+03	 5.24132998346257E-01
 1.98533238406207E+03	 3.56811502962174E-01
 1.98533512196210E+03	 9.82324885548296E-02
 1.98533785986213E+03	-1.58280255450058E-01
 1.98534059776216E+03	-3.41991411175889E-01
 1.98534333566219E+03	-4.24176450953654E-01
 1.98534607356222E+03	-4.02022468645280E-01
 1.98534881146225E+03	-2.81886827557884E-01
 1.98535154936228E+03	-8.53554292812365E-02
 1.98535428726231E+03	 1.36860942326318E-01
 1.98535702516234E+03	 3.13219744792120E-01
 1.98535976306238E+03	 3.87507341291804E-01
 1.98536250096241E+03	 3.53931997272726E-01
 1.98536523886244E+03	 2.55734563827757E-01
 1.98536797676247E+03	 1.44728111268721E-01
 1.98537071466250E+03	 4.09281496038242E-02
 1.98537345256253E+03	-6.65436165453909E-02
 1.98537619046256E+03	-1.83257733936249E-01
 1.98537892836259E+03	-2.85704415593502E-01
 1.98538166626262E+03	-3.39172858270403E-01
 1.98538440416265E+03	-3.31124630173544E-01
 1.98538714206268E+03	-2.75752555149378E-01
 1.98538987996271E+03	-1.86569190358448E-01
 1.98539261786274E+03	-5.66047795244032E-02
 1.98539535576278E+03	 1.24398736072707E-01
 1.98539809366281E+03	 3.33066475550090E-01
 1.98540083156284E+03	 4.99819474954506E-01
 1.98540356946287E+03	 5.43433971977696E-01
 1.98540630736290E+03	 4.28283646535238E-01
 1.98540904526293E+03	 1.93619107089179E-01
 1.98541178316296E+03	-7.19692317944891E-02
 1.98541452106299E+03	-2.85419436205904E-01
 1.98541725896302E+03	-4.03407631644811E-01
 1.98541999686305E+03	-4.16130931423171E-01
 1.98542273476308E+03	-3.26906397175655E-01
 1.98542547266311E+03	-1.50254614288910E-01
 1.98542821056314E+03	 7.33303746779805E-02
 1.98543094846317E+03	 2.75433040357080E-01
 1.98543368636321E+03	 3.88282574160640E-01
 1.98543642426324E+03	 3.85561965390870E-01
 1.98543916216327E+03	 2.97039539863559E-01
 1.98544190006330E+03	 1.78938150521644E-01
 1.98544463796333E+03	 6.69348226532995E-02
 1.98544737586336E+03	-4.05287275008137E-02
 1.98545011376339E+03	-1.54619963508857E-01
 1.98545285166342E+03	-2.62553001526461E-01
 1.98545558956345E+03	-3.30992722206393E-01
 1.98545832746348E+03	-3.38937611512578E-01
 1.98546106536351E+03	-2.94817973689625E-01
 1.98546380326354E+03	-2.16669932073421E-01
 1.98546654116357E+03	-1.04550286066881E-01
 1.98546927906361E+03	 5.56367991080589E-02
 1.98547201696364E+03	 2.57260295939995E-01
 1.98547475486367E+03	 4.46675955310807E-01
 1.98547749276370E+03	 5.40967210319269E-01
 1.98548023066373E+03	 4.82397096494389E-01
 1.98548296856376E+03	 2.83189028771943E-01
 1.98548570646379E+03	 1.95792585917690E-02
 1.98548844436382E+03	-2.17934619181151E-01
 1.98549118226385E+03	-3.70702475039995E-01
 1.98549392016388E+03	-4.19078699456947E-01
 1.98549665806391E+03	-3.62867918796285E-01
 1.98549939596394E+03	-2.11284763685988E-01
 1.98550213386397E+03	 5.34916630771420E-03
 1.98550487176401E+03	 2.25690827261634E-01
 1.98550760966404E+03	 3.75656126738704E-01
 1.98551034756407E+03	 4.09692208792330E-01
 1.98551308546410E+03	 3.39304174175958E-01
 1.98551582336413E+03	 2.18355892527425E-01
 1.98551856126416E+03	 9.60849208748736E-02
 1.98552129916419E+03	-1.54225900794058E-02
 1.98552403706422E+03	-1.27612935506014E-01
 1.98552677496425E+03	-2.38153340565124E-01
 1.98552951286428E+03	-3.19104704676429E-01
 1.98553225076431E+03	-3.43346309325212E-01
 1.98553498866434E+03	-3.11258128358020E-01
 1.98553772656437E+03	-2.42200121629234E-01
 1.98554046446440E+03	-1.44316551566547E-01
 1.98554320236444E+03	-4.88596920811354E-03
 1.98554594026447E+03	 1.82373470694878E-01
 1.98554867816450E+03	 3.82291037111581E-01
 1.98555141606453E+03	 5.18128186367579E-01
 1.98555415396456E+03	 5.16643981795310E-01
 1.98555689186459E+03	 3.62504535669090E-01
 1.98555962976462E+03	 1.12789168444282E-01
 1.98556236766465E+03	-1.41057000291831E-01
 1.98556510556468E+03	-3.26212886396739E-01
 1.98556784346471E+03	-4.10534741858070E-01
 1.98557058136474E+03	-3.88786724591152E-01
 1.98557331926477E+03	-2.66232202174220E-01
 1.98557605716480E+03	-6.41293762991562E-02
 1.98557879506484E+03	 1.65879774514166E-01
 1.98558153296487E+03	 3.48851230101795E-01
 1.98558427086490E+03	 4.23284663378870E-01
 1.98558700876493E+03	 3.79615144307257E-01
 1.98558974666496E+03	 2.62395139315313E-01
 1.98559248456499E+03	 1.29979953027631E-01
 1.98559522246502E+03	 1.04249853980282E-02
 1.98559796036505E+03	-1.02172682988038E-01
 1.98560069826508E+03	-2.13532644806511E-01
 1.98560343616511E+03	-3.04139809941011E-01
 1.98560617406514E+03	-3.44270761358405E-01
 1.98560891196517E+03	-3.25412792876825E-01
 1.98561164986520E+03	-2.64645476141216E-01
 1.98561438776524E+03	-1.77397304168422E-01
 1.98561712566527E+03	-5.65219972416760E-02
 1.98561986356530E+03	 1.12030268836014E-01
 1.98562260146533E+03	 3.11472522229339E-01
 1.98562533936536E+03	 4.77699726866888E-01
 1.98562807726539E+03	 5.29901375353942E-01
 1.98563081516542E+03	 4.27579017202127E-01
 1.98563355306545E+03	 2.03595573402783E-01
 1.98563629096548E+03	-5.70104641416979E-02
 1.98563902886551E+03	-2.70458749870914E-01
 1.98564176676554E+03	-3.90318859845856E-01
 1.98564450466557E+03	-4.03985128385474E-01
 1.98564724256560E+03	-3.13309692650916E-01
 1.98564998046564E+03	-1.32204322614135E-01
 1.98565271836567E+03	 9.85498691882406E-02
 1.98565545626570E+03	 3.08119963248187E-01
 1.98565819416573E+03	 4.23845893359880E-01
 1.98566093206576E+03	 4.14601412687542E-01
 1.98566366996579E+03	 3.09434097958818E-01
 1.98566640786582E+03	 1.69590640071126E-01
 1.98566914576585E+03	 3.89285956982188E-02
 1.98567188366588E+03	-7.75612129677581E-02
 1.98567462156591E+03	-1.89409820591422E-01
 1.98567735946594E+03	-2.86895249592518E-01
 1.98568009736597E+03	-3.41715221628648E-01
 1.98568283526600E+03	-3.37275239225244E-01
 1.98568557316603E+03	-2.85120915051252E-01
 1.98568831106607E+03	-2.05589674171087E-01
 1.98569104896610E+03	-9.97085437123741E-02
 1.98569378686613E+03	 4.87526866275684E-02
 1.98569652476616E+03	 2.38891914732590E-01
 1.98569926266619E+03	 4.23540544421478E-01
 1.98570200056622E+03	 5.22550177675643E-01
 1.98570473846625E+03	 4.75268548679874E-01
 1.98570747636628E+03	 2.87736537633774E-01
 1.98571021426631E+03	 3.12855935360459E-02
 1.98571295216634E+03	-2.04453264767231E-01
 1.98571569006637E+03	-3.58432478357424E-01
 1.98571842796640E+03	-4.08019405085289E-01
 1.98572116586643E+03	-3.51165312875854E-01
 1.98572390376647E+03	-1.96225225412779E-01
 1.98572664166650E+03	 2.66713490985805E-02
 1.98572937956653E+03	 2.54722704197154E-01
 1.98573211746656E+03	 4.09718555972041E-01
 1.98573485536659E+03	 4.40800173531769E-01
 1.98573759326662E+03	 3.56903450337992E-01
 1.98574033116665E+03	 2.14987162821720E-01
 1.98574306906668E+03	 7.19364433146968E-02
 1.98574580696671E+03	-5.24310508745331E-02
 1.98574854486674E+03	-1.66015776720483E-01
 1.98575128276677E+03	-2.68208185919513E-01
 1.98575402066680E+03	-3.35855268670524E-01
 1.98575675856683E+03	-3.46615879934647E-01
 1.98575949646687E+03	-3.04267797670087E-01
 1.98576223436690E+03	-2.30669387796712E-01
 1.98576497226693E+03	-1.35722639479624E-01
 1.98576771016696E+03	-6.16388114107901E-03
 1.98577044806699E+03	 1.68628148191099E-01
 1.98577318596702E+03	 3.60159349038235E-01
 1.98577592386705E+03	 4.96428417243675E-01
 1.98577866176708E+03	 5.03596120048406E-01
 1.98578139966711E+03	 3.61111999457917E-01
 1.98578413756714E+03	 1.20322761383241E-01
 1.98578687546717E+03	-1.29806372254028E-01
 1.98578961336720E+03	-3.15133256952602E-01
 1.98579235126723E+03	-4.00624969803518E-01
 1.98579508916726E+03	-3.78840851565753E-01
 1.98579782706730E+03	-2.53930777135867E-01
 1.98580056496733E+03	-4.66287523070316E-02
 1.98580330286736E+03	 1.90799543763375E-01
 1.98580604076739E+03	 3.80276549550938E-01
 1.98580877866742E+03	 4.55048015429003E-01
 1.98581151656745E+03	 4.01511382935920E-01
 1.98581425446748E+03	 2.65181022161168E-01
 1.98581699236751E+03	 1.10872822713296E-01
 1.98581973026754E+03	-2.50078565200881E-02
 1.98582246816757E+03	-1.42978114563522E-01
 1.98582520606760E+03	-2.48782102639099E-01
 1.98582794396763E+03	-3.27058534082690E-01
 1.98583068186766E+03	-3.53131183238860E-01
 1.98583341976770E+03	-3.22251843295601E-01
 1.98583615766773E+03	-2.54119649025369E-01
 1.98583889556776E+03	-1.66357717676217E-01
 1.98584163346779E+03	-5.26154176891713E-02
 1.98584437136782E+03	 1.03808863139435E-01
 1.98584710926785E+03	 2.92229124375468E-01
 1.98584984716788E+03	 4.54621064909030E-01
 1.98585258506791E+03	 5.11960936825701E-01
 1.98585532296794E+03	 4.20166017074660E-01
 1.98585806086797E+03	 2.06210009737256E-01
 1.98586079876800E+03	-4.87752739241944E-02
 1.98586353666803E+03	-2.61039025341833E-01
 1.98586627456806E+03	-3.81697363871984E-01
 1.98586901246810E+03	-3.95700380024560E-01
 1.98587175036813E+03	-3.03518725533657E-01
 1.98587448826816E+03	-1.18315320361002E-01
 1.98587722616819E+03	 1.19155845102146E-01
 1.98587996406822E+03	 3.36001351442004E-01
 1.98588270196825E+03	 4.54845462230953E-01
 1.98588543986828E+03	 4.39578293966182E-01
 1.98588817776831E+03	 3.18108595239212E-01
 1.98589091566834E+03	 1.56409038062884E-01
 1.98589365356837E+03	 6.62711797188617E-03
 1.98589639146840E+03	-1.19303497885593E-01
 1.98589912936843E+03	-2.29001449673921E-01
 1.98590186726846E+03	-3.15830570039672E-01
 1.98590460516849E+03	-3.56579935558450E-01
 1.98590734306853E+03	-3.38847319505075E-01
 1.98591008096856E+03	-2.76947733930216E-01
 1.98591281886859E+03	-1.93573360637044E-01
 1.98591555676862E+03	-9.15100702668502E-02
 1.98591829466865E+03	 4.63902542680178E-02
 1.98592103256868E+03	 2.24103896620248E-01
 1.98592377046871E+03	 4.01111323744945E-01
 1.98592650836874E+03	 5.01199662815045E-01
 1.98592924626877E+03	 4.62241314019471E-01
 1.98593198416880E+03	 2.84964458632049E-01
 1.98593472206883E+03	 3.57629791843566E-02
 1.98593745996886E+03	-1.97237222589528E-01
 1.98594019786889E+03	-3.51317288404690E-01
 1.98594293576893E+03	-4.01353328558439E-01
 1.98594567366896E+03	-3.43649883833492E-01
 1.98594841156899E+03	-1.85649100514369E-01
 1.98595114946902E+03	 4.29946621805168E-02
 1.98595388736905E+03	 2.78434103327946E-01
 1.98595662526908E+03	 4.38647336516975E-01
 1.98595936316911E+03	 4.67437570768372E-01
 1.98596210106914E+03	 3.70765829523392E-01
 1.98596483896917E+03	 2.08216558811346E-01
 1.98596757686920E+03	 4.41920444990226E-02
 1.98597031476923E+03	-9.34754468657853E-02
 1.98597305266926E+03	-2.08776301405129E-01
 1.98597579056929E+03	-3.02694643897672E-01
 1.98597852846933E+03	-3.56873729252697E-01
 1.98598126636936E+03	-3.53578812760537E-01
 1.98598400426939E+03	-2.99606588266515E-01
 1.98598674216942E+03	-2.19169869809308E-01
 1.98598948006945E+03	-1.24479576533921E-01
 1.98599221796948E+03	-2.90374330455147E-03
 1.98599495586951E+03	 1.59399026896789E-01
 1.98599769376954E+03	 3.40337766265845E-01
 1.98600043166957E+03	 4.73486507920035E-01
 1.98600316956960E+03	 4.85855568987990E-01
 1.98600590746963E+03	 3.52855039400700E-01
 1.98600864536966E+03	 1.20430462559115E-01
 1.98601138326969E+03	-1.25370997327949E-01
 1.98601412116973E+03	-3.09816630682311E-01
 1.98601685906976E+03	-3.95595210569740E-01
 1.98601959696979E+03	-3.73400011828324E-01
 1.98602233486982E+03	-2.46325286772061E-01
 1.98602507276985E+03	-3.43660698578330E-02
 1.98602781066988E+03	 2.10015263447277E-01
 1.98603054856991E+03	 4.06042598176071E-01
 1.98603328646994E+03	 4.81849124913364E-01
 1.98603602436997E+03	 4.19481008048149E-01
 1.98603876227000E+03	 2.64845928960577E-01
 1.98604150017003E+03	 8.88479418210079E-02
 1.98604423807006E+03	-6.36653292492767E-02
 1.98604697597009E+03	-1.87456809477562E-01
 1.98604971387012E+03	-2.88030208198607E-01
 1.98605245177016E+03	-3.54099881790605E-01
 1.98605518967019E+03	-3.65883445168435E-01
 1.98605792757022E+03	-3.22020049019916E-01
 1.98606066547025E+03	-2.44531798031847E-01
 1.98606340337028E+03	-1.53529240532523E-01
 1.98606614127031E+03	-4.44847849233085E-02
 1.98606887917034E+03	 1.00686020350378E-01
 1.98607161707037E+03	 2.76714654813585E-01
 1.98607435497040E+03	 4.32081597653623E-01
 1.98607709287043E+03	 4.90857524612887E-01
 1.98607983077046E+03	 4.06755835676096E-01
 1.98608256867049E+03	 2.01557550025749E-01
 1.98608530657052E+03	-4.76736226370086E-02
 1.98608804447056E+03	-2.57871356518624E-01
 1.98609078237059E+03	-3.78383351767239E-01
 1.98609352027062E+03	-3.92181189349939E-01
 1.98609625817065E+03	-2.98538315518405E-01
 1.98609899607068E+03	-1.09754395234914E-01
 1.98610173397071E+03	 1.33838495946956E-01
 1.98610447187074E+03	 3.57803578807580E-01
 1.98610720977077E+03	 4.80370739965262E-01
 1.98610994767080E+03	 4.60291771880581E-01
 1.98611268557083E+03	 3.23757237652422E-01
 1.98611542347086E+03	 1.40886989480607E-01
 1.98611816137089E+03	-2.80334146668096E-02
 1.98612089927092E+03	-1.63847241253668E-01
 1.98612363717096E+03	-2.71906290482955E-01
 1.98612637507099E+03	-3.48470719260330E-01
 1.98612911297102E+03	-3.75255211915357E-01
 1.98613185087105E+03	-3.43692863305887E-01
 1.98613458877108E+03	-2.70470585016132E-01
 1.98613732667111E+03	-1.80680027145009E-01
 1.98614006457114E+03	-7.96694156956560E-02
 1.98614280247117E+03	 4.93357014158854E-02
 1.98614554037120E+03	 2.14177336014918E-01
 1.98614827827123E+03	 3.80958567811982E-01
 1.98615101617126E+03	 4.78436582650391E-01
 1.98615375407129E+03	 4.44460610525342E-01
 1.98615649197132E+03	 2.75464815520593E-01
 1.98615922987135E+03	 3.30708719787198E-02
 1.98616196777139E+03	-1.96598492744076E-01
 1.98616470567142E+03	-3.49855652588910E-01
 1.98616744357145E+03	-3.99657766862655E-01
 1.98617018147148E+03	-3.40977165867477E-01
 1.98617291937151E+03	-1.80352402893232E-01
 1.98617565727154E+03	 5.33557355721506E-02
 1.98617839517157E+03	 2.95803248903596E-01
 1.98618113307160E+03	 4.61638865911217E-01
 1.98618387097163E+03	 4.89376921140737E-01
 1.98618660887166E+03	 3.81505651574095E-01
 1.98618934677169E+03	 1.99518482159862E-01
 1.98619208467172E+03	 1.49212218109113E-02
 1.98619482257175E+03	-1.36332895996257E-01
 1.98619756047179E+03	-2.53950672177694E-01
 1.98620029837182E+03	-3.40210300148215E-01
 1.98620303627185E+03	-3.81339302018439E-01
 1.98620577417188E+03	-3.63873374548239E-01
 1.98620851207191E+03	-2.97178416062800E-01
 1.98621124997194E+03	-2.07653760838785E-01
 1.98621398787197E+03	-1.10355172770908E-01
 1.98621672577200E+03	 5.52204773468840E-03
 1.98621946367203E+03	 1.55810122752644E-01
 1.98622220157206E+03	 3.24359436424157E-01
 1.98622493947209E+03	 4.50979759758663E-01
 1.98622767737212E+03	 4.64912398477835E-01
 1.98623041527215E+03	 3.38785853041583E-01
 1.98623315317219E+03	 1.13651784749886E-01
 1.98623589107222E+03	-1.27629967806082E-01
 1.98623862897225E+03	-3.10389318040625E-01
 1.98624136687228E+03	-3.95680507458479E-01
 1.98624410477231E+03	-3.72766675738795E-01
 1.98624684267234E+03	-2.43831363787887E-01
 1.98624958057237E+03	-2.79253442609772E-02
 1.98625231847240E+03	 2.22817396228569E-01
 1.98625505637243E+03	 4.25524110188905E-01
 1.98625779427246E+03	 5.03485393359961E-01
 1.98626053217249E+03	 4.34062210720876E-01
 1.98626327007252E+03	 2.62792524689843E-01
 1.98626600797255E+03	 6.60150541644868E-02
 1.98626874587258E+03	-1.03112969251318E-01
 1.98627148377262E+03	-2.33292313369292E-01
 1.98627422167265E+03	-3.29404922513893E-01
 1.98627695957268E+03	-3.83956651794185E-01
 1.98627969747271E+03	-3.81729794999185E-01
 1.98628243537274E+03	-3.24286406354834E-01
 1.98628517327277E+03	-2.35642239000426E-01
 1.98628791117280E+03	-1.38655025572268E-01
 1.98629064907283E+03	-3.16236807133618E-02
 1.98629338697286E+03	 1.03601359352370E-01
 1.98629612487289E+03	 2.66334851530841E-01
 1.98629886277292E+03	 4.11791540490750E-01
 1.98630160067295E+03	 4.68311970038958E-01
 1.98630433857298E+03	 3.88789255063045E-01
 1.98630707647302E+03	 1.90637186561532E-01
 1.98630981437305E+03	-5.31369606651218E-02
 1.98631255227308E+03	-2.60685731346783E-01
 1.98631529017311E+03	-3.80256452830035E-01
 1.98631802807314E+03	-3.93378191116169E-01
 1.98632076597317E+03	-2.98407019916586E-01
 1.98632350387320E+03	-1.06712348517883E-01
 1.98632624177323E+03	 1.42243598287915E-01
 1.98632897967326E+03	 3.73145068980324E-01
 1.98633171757329E+03	 5.00305443317926E-01
 1.98633445547332E+03	 4.77229573750470E-01
 1.98633719337335E+03	 3.27681929161435E-01
 1.98633993127338E+03	 1.25095189794174E-01
 1.98634266917342E+03	-6.25120621409883E-02
 1.98634540707345E+03	-2.08603294707119E-01
 1.98634814497348E+03	-3.15854110657826E-01
 1.98635088287351E+03	-3.83055237889914E-01
 1.98635362077354E+03	-3.96501501469271E-01
 1.98635635867357E+03	-3.51003358559717E-01
 1.98635909657360E+03	-2.65185130109393E-01
 1.98636183447363E+03	-1.66544304385347E-01
 1.98636457237366E+03	-6.37392267530578E-02
 1.98636731027369E+03	 5.83514649267186E-02
 1.98637004817372E+03	 2.10329273198130E-01
 1.98637278607375E+03	 3.64711858018802E-01
 1.98637552397378E+03	 4.56085074156712E-01
 1.98637826187382E+03	 4.23654407017339E-01
 1.98638099977385E+03	 2.60642374926406E-01
 1.98638373767388E+03	 2.42152943316357E-02
 1.98638647557391E+03	-2.01859353213898E-01
 1.98638921347394E+03	-3.53562508027113E-01
 1.98639195137397E+03	-4.02536013061941E-01
 1.98639468927400E+03	-3.42821574584405E-01
 1.98639742717403E+03	-1.80136476762503E-01
 1.98640016507406E+03	 5.77784700958249E-02
 1.98640290297409E+03	 3.06744358628307E-01
 1.98640564087412E+03	 4.78726192637455E-01
 1.98640837877415E+03	 5.07097967613738E-01
 1.98641111667418E+03	 3.90319287905195E-01
 1.98641385457421E+03	 1.90865600154597E-01
 1.98641659247425E+03	-1.33262180613434E-02
 1.98641933037428E+03	-1.78249392128879E-01
 1.98642206827431E+03	-2.98962031159606E-01
 1.98642480617434E+03	-3.78601672475548E-01
 1.98642754407437E+03	-4.07594586798967E-01
 1.98643028197440E+03	-3.76299422189291E-01
 1.98643301987443E+03	-2.96162523101521E-01
 1.98643575777446E+03	-1.95568667469406E-01
 1.98643849567449E+03	-9.28838079895041E-02
 1.98644123357452E+03	 1.97376410742556E-02
 1.98644397147455E+03	 1.58863373470354E-01
 1.98644670937458E+03	 3.13682035495496E-01
 1.98644944727461E+03	 4.30708164461960E-01
 1.98645218517465E+03	 4.42659459717518E-01
 1.98645492307468E+03	 3.20630041797629E-01
 1.98645766097471E+03	 1.01391427689393E-01
 1.98646039887474E+03	-1.35504420045758E-01
 1.98646313677477E+03	-3.15999543806610E-01
 1.98646587467480E+03	-4.00144134870258E-01
 1.98646861257483E+03	-3.76270419910386E-01
 1.98647135047486E+03	-2.45879197893615E-01
 1.98647408837489E+03	-2.69023977879488E-02
 1.98647682627492E+03	 2.29449592570930E-01
 1.98647956417495E+03	 4.38959793712955E-01
 1.98648230207498E+03	 5.20480524243712E-01
 1.98648503997501E+03	 4.46362673462169E-01
 1.98648777787505E+03	 2.60860182755863E-01
 1.98649051577508E+03	 4.48506738066128E-02
 1.98649325367511E+03	-1.40538172431125E-01
 1.98649599157514E+03	-2.77704517733034E-01
 1.98649872947517E+03	-3.70441234546829E-01
 1.98650146737520E+03	-4.14604488971664E-01
 1.98650420527523E+03	-3.99093932468801E-01
 1.98650694317526E+03	-3.27889080057232E-01
 1.98650968107529E+03	-2.26648982755910E-01
 1.98651241897532E+03	-1.21170233663792E-01
 1.98651515687535E+03	-1.34829838410390E-02
 1.98651789477538E+03	 1.13351155556743E-01
 1.98652063267541E+03	 2.62315735574335E-01
 1.98652337057544E+03	 3.95412692666930E-01
 1.98652610847548E+03	 4.46250498960392E-01
 1.98652884637551E+03	 3.68202295094965E-01
 1.98653158427554E+03	 1.75184104166815E-01
 1.98653432217557E+03	-6.37142933949162E-02
 1.98653706007560E+03	-2.68273096880128E-01
 1.98653979797563E+03	-3.86251113843719E-01
 1.98654253587566E+03	-3.98299272101531E-01
 1.98654527377569E+03	-3.02212770734379E-01
 1.98654801167572E+03	-1.08421292882397E-01
 1.98655074957575E+03	 1.44956760225013E-01
 1.98655348747578E+03	 3.82512804358128E-01
 1.98655622537581E+03	 5.15270354660832E-01
 1.98655896327584E+03	 4.91443689791189E-01
 1.98656170117588E+03	 3.31577198785338E-01
 1.98656443907591E+03	 1.11375515288921E-01
 1.98656717697594E+03	-9.40338422865927E-02
 1.98656991487597E+03	-2.50694647086611E-01
 1.98657265277600E+03	-3.58163660964822E-01
 1.98657539067603E+03	-4.17265359494265E-01
 1.98657812857606E+03	-4.18409273791238E-01
 1.98658086647609E+03	-3.59281014825357E-01
 1.98658360437612E+03	-2.60001468810845E-01
 1.98658634227615E+03	-1.50429524239301E-01
 1.98658908017618E+03	-4.31684331853708E-02
 1.98659181807621E+03	 7.40693906112994E-02
 1.98659455597624E+03	 2.13530695835264E-01
 1.98659729387628E+03	 3.53805749704175E-01
 1.98660003177631E+03	 4.35977046462794E-01
 1.98660276967634E+03	 4.01842345407620E-01
 1.98660550757637E+03	 2.42467889895455E-01
 1.98660824547640E+03	 1.09653549169010E-02
 1.98661098337643E+03	-2.11478605317890E-01
 1.98661372127646E+03	-3.61060871488874E-01
 1.98661645917649E+03	-4.08699975037694E-01
 1.98661919707652E+03	-3.47964279472602E-01
 1.98662193497655E+03	-1.83901329467792E-01
 1.98662467287658E+03	 5.71819058363302E-02
 1.98662741077661E+03	 3.12016736192446E-01
 1.98663014867664E+03	 4.90673487914973E-01
 1.98663288657667E+03	 5.21638861198414E-01
 1.98663562447671E+03	 3.98765449385105E-01
 1.98663836237674E+03	 1.84426897028283E-01
 1.98664110027677E+03	-3.78926301588051E-02
 1.98664383817680E+03	-2.16352082094957E-01
 1.98664657607683E+03	-3.41013857371258E-01
 1.98664931397686E+03	-4.15342749292749E-01
 1.98665205187689E+03	-4.33462231866859E-01
 1.98665478977692E+03	-3.89057116384419E-01
 1.98665752767695E+03	-2.95171989118355E-01
 1.98666026557698E+03	-1.81952397870098E-01
 1.98666300347701E+03	-7.14341268825139E-02
 1.98666574137704E+03	 4.02750811335863E-02
 1.98666847927707E+03	 1.69287542156502E-01
 1.98667121717711E+03	 3.09457008878029E-01
 1.98667395507714E+03	 4.14298047813918E-01
 1.98667669297717E+03	 4.21068219301356E-01
 1.98667943087720E+03	 3.00478332146901E-01
 1.98668216877723E+03	 8.56576697054332E-02
 1.98668490667726E+03	-1.47165224711030E-01
 1.98668764457729E+03	-3.24985657896146E-01
 1.98669038247732E+03	-4.07430457043118E-01
 1.98669312037735E+03	-3.82424462401240E-01
 1.98669585827738E+03	-2.51078721735808E-01
 1.98669859617741E+03	-3.00718524491001E-02
 1.98670133407744E+03	 2.30946799084604E-01
 1.98670407197747E+03	 4.47290183465485E-01
 1.98670680987751E+03	 5.33901613279327E-01
 1.98670954777754E+03	 4.57829335585148E-01
 1.98671228567757E+03	 2.61029008594628E-01
 1.98671502357760E+03	 2.78357577865498E-02
 1.98671776147763E+03	-1.73161265527780E-01
 1.98672049937766E+03	-3.17880521736737E-01
 1.98672323727769E+03	-4.08499934274340E-01
 1.98672597517772E+03	-4.43679153291111E-01
 1.98672871307775E+03	-4.15932318957180E-01
 1.98673145097778E+03	-3.31165212856344E-01
 1.98673418887781E+03	-2.16337204117143E-01
 1.98673692677784E+03	-1.00295730421651E-01
 1.98673966467787E+03	 1.04461521231919E-02
 1.98674240257791E+03	 1.30465846277397E-01
 1.98674514047794E+03	 2.65506653162100E-01
 1.98674787837797E+03	 3.84281453882575E-01
 1.98675061627800E+03	 4.26471847043548E-01
 1.98675335417803E+03	 3.47078254566786E-01
 1.98675609207806E+03	 1.57344965904797E-01
 1.98675882997809E+03	-7.73535651676889E-02
 1.98676156787812E+03	-2.78726544554037E-01
 1.98676430577815E+03	-3.94576799362580E-01
 1.98676704367818E+03	-4.05229803872172E-01
 1.98676978157821E+03	-3.08323237007918E-01
 1.98677251947824E+03	-1.13390930972221E-01
 1.98677525737827E+03	 1.43271769843284E-01
 1.98677799527830E+03	 3.87039092584177E-01
 1.98678073317834E+03	 5.26397894149821E-01
 1.98678347107837E+03	 5.04301404266255E-01
 1.98678620897840E+03	 3.37237056771358E-01
 1.98678894687843E+03	 1.01994282748763E-01
 1.98679168477846E+03	-1.19984653827779E-01
 1.98679442267849E+03	-2.87382331936000E-01
 1.98679716057852E+03	-3.96176035988425E-01
 1.98679989847855E+03	-4.48638555699549E-01
 1.98680263637858E+03	-4.38767213917134E-01
 1.98680537427861E+03	-3.66635372717661E-01
 1.98680811217864E+03	-2.53455355419095E-01
 1.98681085007867E+03	-1.31362361061942E-01
 1.98681358797870E+03	-1.73954893348910E-02
 1.98681632587874E+03	 9.68874193598982E-02
 1.98681906377877E+03	 2.24345491397534E-01
 1.98682180167880E+03	 3.49236276584378E-01
 1.98682453957883E+03	 4.19632684665522E-01
 1.98682727747886E+03	 3.80971768438642E-01
 1.98683001537889E+03	 2.23109753978487E-01
 1.98683275327892E+03	-4.48916670915847E-03
 1.98683549117895E+03	-2.23358734024182E-01
 1.98683822907898E+03	-3.70364541417363E-01
 1.98684096697901E+03	-4.16248059407108E-01
 1.98684370487904E+03	-3.54580402232228E-01
 1.98684644277907E+03	-1.89942361758396E-01
 1.98684918067910E+03	 5.30847348355746E-02
 1.98685191857914E+03	 3.12940793815519E-01
 1.98685465647917E+03	 4.98702764806367E-01
 1.98685739437920E+03	 5.34320231234894E-01
 1.98686013227923E+03	 4.08468252406212E-01
 1.98686287017926E+03	 1.82235931360333E-01
 1.98686560807929E+03	-5.63830917839502E-02
 1.98686834597932E+03	-2.48053044408623E-01
 1.98687108387935E+03	-3.77514303564909E-01
 1.98687382177938E+03	-4.47961373510407E-01
 1.98687655967941E+03	-4.56648409226946E-01
 1.98687929757944E+03	-4.00097768566587E-01
 1.98688203547947E+03	-2.92526104373829E-01
 1.98688477337950E+03	-1.65618926726149E-01
 1.98688751127953E+03	-4.53287171459259E-02
 1.98689024917957E+03	 6.74758057544750E-02
 1.98689298707960E+03	 1.87407443742854E-01
 1.98689572497963E+03	 3.12326053228951E-01
 1.98689846287966E+03	 4.02913194330332E-01
 1.98690120077969E+03	 4.01831576748491E-01
 1.98690393867972E+03	 2.80396651653573E-01
 1.98690667657975E+03	 6.86757864498719E-02
 1.98690941447978E+03	-1.60395332911230E-01
 1.98691215237981E+03	-3.35214245357484E-01
 1.98691489027984E+03	-4.15493468404592E-01
 1.98691762817987E+03	-3.89260474563596E-01
 1.98692036607990E+03	-2.57565785710245E-01
 1.98692310397993E+03	-3.57365432065141E-02
 1.98692584187997E+03	 2.28795942148516E-01
 1.98692857978000E+03	 4.51835663967453E-01
 1.98693131768003E+03	 5.45050192983152E-01
 1.98693405558006E+03	 4.69939812692223E-01
 1.98693679348009E+03	 2.65097934169292E-01
 1.98693953138012E+03	 1.71110336085176E-02
 1.98694226928015E+03	-1.98606807500902E-01
 1.98694500718018E+03	-3.51371171714498E-01
 1.98694774508021E+03	-4.41181613342805E-01
 1.98695048298024E+03	-4.68890620146879E-01
 1.98695322088027E+03	-4.30120098989366E-01
 1.98695595878030E+03	-3.32275746621744E-01
 1.98695869668033E+03	-2.03320099193813E-01
 1.98696143458037E+03	-7.51973984099879E-02
 1.98696417248040E+03	 4.05222561146600E-02
 1.98696691038043E+03	 1.55097766034768E-01
 1.98696964828046E+03	 2.76215351064600E-01
 1.98697238618049E+03	 3.79161091124492E-01
 1.98697512408052E+03	 4.10316234784306E-01
 1.98697786198055E+03	 3.27258588977785E-01
 1.98698059988058E+03	 1.39266924299055E-01
 1.98698333778061E+03	-9.18048883023997E-02
 1.98698607568064E+03	-2.89825251703512E-01
 1.98698881358067E+03	-4.03089219156515E-01
 1.98699155148070E+03	-4.12105571107282E-01
 1.98699428938073E+03	-3.14769430762261E-01
 1.98699702728076E+03	-1.19799178813099E-01
 1.98699976518080E+03	 1.38805918105736E-01
 1.98700250308083E+03	 3.88135196858443E-01
 1.98700524098086E+03	 5.34988010891370E-01
 1.98700797888089E+03	 5.17158365441601E-01
 1.98701071678092E+03	 3.46235414819715E-01
 1.98701345468095E+03	 9.88195075129222E-02
 1.98701619258098E+03	-1.38246895363259E-01
 1.98701893048101E+03	-3.16422138950739E-01
 1.98702166838104E+03	-4.27636313581720E-01
 1.98702440628107E+03	-4.74968860856820E-01
 1.98702714418110E+03	-4.55459989687057E-01
 1.98702988208113E+03	-3.71144646377559E-01
 1.98703261998116E+03	-2.43999619713210E-01
 1.98703535788120E+03	-1.08339324422954E-01
 1.98703809578123E+03	 1.40149489444754E-02
 1.98704083368126E+03	 1.26860520836647E-01
 1.98704357158129E+03	 2.42795864025519E-01
 1.98704630948132E+03	 3.51357392022721E-01
 1.98704904738135E+03	 4.07969488592968E-01
 1.98705178528138E+03	 3.62549794700037E-01
 1.98705452318141E+03	 2.04519573147724E-01
 1.98705726108144E+03	-1.99648377750320E-02
 1.98705999898147E+03	-2.35263604966084E-01
 1.98706273688150E+03	-3.79282929851572E-01
 1.98706547478153E+03	-4.23066799216954E-01
 1.98706821268156E+03	-3.60648089320790E-01
 1.98707095058160E+03	-1.96368109953361E-01
 1.98707368848163E+03	 4.71886796719743E-02
 1.98707642638166E+03	 3.10996547909820E-01
 1.98707916428169E+03	 5.04117482597077E-01
 1.98708190218172E+03	 5.46396452068735E-01
 1.98708464008175E+03	 4.20792589821197E-01
 1.98708737798178E+03	 1.85882670693526E-01
 1.98709011588181E+03	-6.69683923100655E-02
 1.98709285378184E+03	-2.71361585241367E-01
 1.98709559168187E+03	-4.06411968826476E-01
 1.98709832958190E+03	-4.74404830326644E-01
 1.98710106748193E+03	-4.75128309974236E-01
 1.98710380538196E+03	-4.07500658510644E-01
 1.98710654328200E+03	-2.86580384112031E-01
 1.98710928118203E+03	-1.45412276442962E-01
 1.98711201908206E+03	-1.40182877505922E-02
 1.98711475698209E+03	 1.01369007781440E-01
 1.98711749488212E+03	 2.13026644337842E-01
 1.98712023278215E+03	 3.22257639295473E-01
 1.98712297068218E+03	 3.97011191808174E-01
 1.98712570858221E+03	 3.86033498483718E-01
 1.98712844648224E+03	 2.62028520215178E-01
 1.98713118438227E+03	 5.24560027363267E-02
 1.98713392228230E+03	-1.73026903236827E-01
 1.98713666018233E+03	-3.44508204161470E-01
 1.98713939808236E+03	-4.22217869578840E-01
 1.98714213598239E+03	-3.94751985710283E-01
 1.98714487388243E+03	-2.63432983045462E-01
 1.98714761178246E+03	-4.21607836610705E-02
 1.98715034968249E+03	 2.24512547008392E-01
 1.98715308758252E+03	 4.53895815489789E-01
 1.98715582548255E+03	 5.55092930800004E-01
 1.98715856338258E+03	 4.83867848495538E-01
 1.98716130128261E+03	 2.74382953914937E-01
 1.98716403918264E+03	 1.41992680298373E-02
 1.98716677708267E+03	-2.15173749726990E-01
 1.98716951498270E+03	-3.76375025029756E-01
 1.98717225288273E+03	-4.66642539693889E-01
 1.98717499078276E+03	-4.88374576601355E-01
 1.98717772868279E+03	-4.39820168266670E-01
 1.98718046658283E+03	-3.29555972460595E-01
 1.98718320448286E+03	-1.86332613090265E-01
 1.98718594238289E+03	-4.52022680824731E-02
 1.98718868028292E+03	 7.68061820051167E-02
 1.98719141818295E+03	 1.86906030608963E-01
 1.98719415608298E+03	 2.94074834070447E-01
 1.98719689398301E+03	 3.80045770258833E-01
 1.98719963188304E+03	 3.98383446826318E-01
 1.98720236978307E+03	 3.09979816139495E-01
 1.98720510768310E+03	 1.22679573529395E-01
 1.98720784558313E+03	-1.05061084610684E-01
 1.98721058348316E+03	-2.99474083781622E-01
 1.98721332138319E+03	-4.09721626742092E-01
 1.98721605928323E+03	-4.16940614787412E-01
 1.98721879718326E+03	-3.19676831062039E-01
 1.98722153508329E+03	-1.25926597982169E-01
 1.98722427298332E+03	 1.33070426076166E-01
 1.98722701088335E+03	 3.87078888512161E-01
 1.98722974878338E+03	 5.42124777548558E-01
 1.98723248668340E+03	 5.31013547612371E-01
 1.98723522458344E+03	 3.59624280325953E-01
 1.98723796248347E+03	 1.03059308250516E-01
 1.98724070038350E+03	-1.47434925156161E-01
 1.98724343828353E+03	-3.36298171799798E-01
 1.98724617618356E+03	-4.50952208643005E-01
 1.98724891408359E+03	-4.94607857092205E-01
 1.98725165198362E+03	-4.66807440611102E-01
 1.98725438988366E+03	-3.71205235362936E-01
 1.98725712778369E+03	-2.30323368538065E-01
 1.98725986568372E+03	-8.05818184223407E-02
 1.98726260358375E+03	 5.11909760101064E-02
 1.98726534148378E+03	 1.63573610948101E-01
 1.98726807938381E+03	 2.68246406401350E-01
 1.98727081728384E+03	 3.59727026952303E-01
 1.98727355518387E+03	 4.01073538475481E-01
 1.98727629308390E+03	 3.47328343183547E-01
 1.98727903098393E+03	 1.88045902633788E-01
 1.98728176888396E+03	-3.37116680445261E-02
 1.98728450678399E+03	-2.45256579599605E-01
 1.98728724468402E+03	-3.85853107453692E-01
 1.98728998258406E+03	-4.27254505322737E-01
 1.98729272048409E+03	-3.64369191628968E-01
 1.98729545838412E+03	-2.01521751710007E-01
 1.98729819628415E+03	 4.09589756212834E-02
 1.98730093418418E+03	 3.07414818149936E-01
 1.98730367208421E+03	 5.07916296222198E-01
 1.98730640998424E+03	 5.58704758239702E-01
 1.98730914788427E+03	 4.36539712677515E-01
 1.98731188578430E+03	 1.96259894297895E-01
 1.98731462368433E+03	-6.85958608865302E-02
 1.98731736158436E+03	-2.85074690842832E-01
 1.98732009948439E+03	-4.26397483854783E-01
 1.98732283738442E+03	-4.93280916607718E-01
 1.98732557528446E+03	-4.87437461913067E-01
 1.98732831318449E+03	-4.09799558719870E-01
 1.98733105108452E+03	-2.76052121535080E-01
 1.98733378898455E+03	-1.20490261973785E-01
 1.98733652688458E+03	 2.27024002897938E-02
 1.98733926478461E+03	 1.41522127934127E-01
 1.98734200268464E+03	 2.45314978004153E-01
 1.98734474058467E+03	 3.38425103030091E-01
 1.98734747848470E+03	 3.96166701611182E-01
 1.98735021638473E+03	 3.73890707544431E-01
 1.98735295428476E+03	 2.46255704376869E-01
 1.98735569218479E+03	 3.83965010756484E-02
 1.98735843008482E+03	-1.83363922838505E-01
 1.98736116798486E+03	-3.51069516570385E-01
 1.98736390588489E+03	-4.25830849467933E-01
 1.98736664378492E+03	-3.97216202143424E-01
 1.98736938168495E+03	-2.67126680621625E-01
 1.98737211958498E+03	-4.79648730483730E-02
 1.98737485748501E+03	 2.19252032560722E-01
 1.98737759538504E+03	 4.54375061411541E-01
 1.98738033328507E+03	 5.64714644188390E-01
 1.98738307118510E+03	 5.00178861913299E-01
 1.98738580908513E+03	 2.89466775456663E-01
 1.98738854698516E+03	 1.98092074271246E-02
 1.98739128488519E+03	-2.21993587917147E-01
 1.98739402278522E+03	-3.91889567486734E-01
 1.98739676068525E+03	-4.83774162554434E-01
 1.98739949858529E+03	-5.00924300285429E-01
 1.98740223648532E+03	-4.43767543450302E-01
 1.98740497438535E+03	-3.21826418596902E-01
 1.98740771228538E+03	-1.64527893421792E-01
 1.98741045018541E+03	-1.00433366004767E-02
 1.98741318808544E+03	 1.18884421797215E-01
 1.98741592598547E+03	 2.24935784712784E-01
 1.98741866388550E+03	 3.17941431980910E-01
 1.98742140178553E+03	 3.86029784560151E-01
 1.98742413968556E+03	 3.90334381608204E-01
 1.98742687758559E+03	 2.95592465240439E-01
 1.98742961548562E+03	 1.08543390563568E-01
 1.98743235338565E+03	-1.15750338310829E-01
 1.98743509128569E+03	-3.06106332931668E-01
 1.98743782918572E+03	-4.12877485239898E-01
 1.98744056708575E+03	-4.18203892167346E-01
 1.98744330498578E+03	-3.21629556207902E-01
 1.98744604288581E+03	-1.30513744455768E-01
 1.98744878078584E+03	 1.27117252821253E-01
 1.98745151868587E+03	 3.84668280778519E-01
 1.98745425658590E+03	 5.48347053099259E-01
 1.98745699448593E+03	 5.46212721291439E-01
 1.98745973238596E+03	 3.77686946696969E-01
 1.98746247028599E+03	 1.15073613730627E-01
 1.98746520818602E+03	-1.47032330243026E-01
 1.98746794608605E+03	-3.46334757187258E-01
 1.98747068398609E+03	-4.65317430919731E-01
 1.98747342188612E+03	-5.06633113024467E-01
 1.98747615978615E+03	-4.71793032973945E-01
 1.98747889768618E+03	-3.65808181246711E-01
 1.98748163558621E+03	-2.11641884584858E-01
 1.98748437348624E+03	-4.77975280644178E-02
 1.98748711138627E+03	 9.37514939434539E-02
 1.98748984928630E+03	 2.06005133520443E-01
 1.98749258718633E+03	 2.99310507594065E-01
 1.98749532508636E+03	 3.73013080253107E-01
 1.98749806298639E+03	 3.98059191963241E-01
 1.98750080088642E+03	 3.35088353256545E-01
 1.98750353878645E+03	 1.74141066384891E-01
 1.98750627668648E+03	-4.47615754201062E-02
 1.98750901458652E+03	-2.52071726603732E-01
 1.98751175248655E+03	-3.88705956447895E-01
 1.98751449038658E+03	-4.27467972533867E-01
 1.98751722828661E+03	-3.64495342974900E-01
 1.98751996618664E+03	-2.04292903251975E-01
 1.98752270408667E+03	 3.53192394330853E-02
 1.98752544198670E+03	 3.02874859879542E-01
 1.98752817988673E+03	 5.10497242429927E-01
 1.98753091778676E+03	 5.71389134177502E-01
 1.98753365568679E+03	 4.55709872507945E-01
 1.98753639358682E+03	 2.13380513856049E-01
 1.98753913148685E+03	-6.11149239980933E-02
 1.98754186938688E+03	-2.88862186211874E-01
 1.98754460728692E+03	-4.36981318619536E-01
 1.98754734518695E+03	-5.03966316556043E-01
 1.98755008308698E+03	-4.92837552942697E-01
 1.98755282098701E+03	-4.06209099037469E-01
 1.98755555888704E+03	-2.60284140443302E-01
 1.98755829678707E+03	-9.05857043468610E-02
 1.98756103468710E+03	 6.44757341084040E-02
 1.98756377258713E+03	 1.86887097135224E-01
 1.98756651048716E+03	 2.82714358041150E-01
 1.98756924838719E+03	 3.59139121932544E-01
 1.98757198628722E+03	 3.98983764928601E-01
 1.98757472418725E+03	 3.64604654188066E-01
 1.98757746208728E+03	 2.32973146371380E-01
 1.98758019998732E+03	 2.69922653749869E-02
 1.98758293788735E+03	-1.90509913025702E-01
 1.98758567578738E+03	-3.53810862980731E-01
 1.98758841368741E+03	-4.25214704539556E-01
 1.98759115158744E+03	-3.95599326987601E-01
 1.98759388948747E+03	-2.67708895950498E-01
 1.98759662738750E+03	-5.23737729217081E-02
 1.98759936528753E+03	 2.13564007124163E-01
 1.98760210318756E+03	 4.53536070431316E-01
 1.98760484108759E+03	 5.73877871526534E-01
 1.98760757898762E+03	 5.18613020660279E-01
 1.98761031688765E+03	 3.10025411459755E-01
 1.98761305478768E+03	 3.37171174455052E-02
 1.98761579268771E+03	-2.19099821840415E-01
 1.98761853058775E+03	-3.97756521060752E-01
 1.98762126848778E+03	-4.92260712488967E-01
 1.98762400638781E+03	-5.06094544418693E-01
 1.98762674428784E+03	-4.41436157491844E-01
 1.98762948218787E+03	-3.08613502598021E-01
 1.98763222008790E+03	-1.37719814815928E-01
 1.98763495798793E+03	 2.99183190443492E-02
 1.98763769588796E+03	 1.65702442369646E-01
 1.98764043378799E+03	 2.67518875863725E-01
 1.98764317168802E+03	 3.45844508896099E-01
 1.98764590958805E+03	 3.95264645186491E-01
 1.98764864748808E+03	 3.84809220901971E-01
 1.98765138538811E+03	 2.83410137670243E-01
 1.98765412328815E+03	 9.68270724612730E-02
 1.98765686118818E+03	-1.23408431411685E-01
 1.98765959908821E+03	-3.08971903514828E-01
 1.98766233698824E+03	-4.11704650850083E-01
 1.98766507488827E+03	-4.15062750948101E-01
 1.98766781278830E+03	-3.19881497302465E-01
 1.98767055068833E+03	-1.32949697398549E-01
 1.98767328858836E+03	 1.21358534681205E-01
 1.98767602648839E+03	 3.81037633166313E-01
 1.98767876438842E+03	 5.53459416955960E-01
 1.98768150228845E+03	 5.62266408641740E-01
 1.98768424018848E+03	 3.99783086963744E-01
 1.98768697808851E+03	 1.34264080239366E-01
 1.98768971598855E+03	-1.37452631315067E-01
 1.98769245388858E+03	-3.46721690491689E-01
 1.98769519178861E+03	-4.70731237587695E-01
 1.98769792968864E+03	-5.10897291321221E-01
 1.98770066758867E+03	-4.70168729038272E-01
 1.98770340548870E+03	-3.54704802050072E-01
 1.98770614338873E+03	-1.87903050604855E-01
 1.98770888128876E+03	-1.03893259813804E-02
 1.98771161918879E+03	 1.40636481610349E-01
 1.98771435708882E+03	 2.52423293456481E-01
 1.98771709498885E+03	 3.33810834704897E-01
 1.98771983288888E+03	 3.88986916194069E-01
 1.98772257078891E+03	 3.97048800377749E-01
 1.98772530868895E+03	 3.24565208227965E-01
 1.98772804658898E+03	 1.62215503870652E-01
 1.98773078448901E+03	-5.31338994373692E-02
 1.98773352238904E+03	-2.55348902174194E-01
 1.98773626028907E+03	-3.87296648443727E-01
 1.98773899818910E+03	-4.23123427353604E-01
 1.98774173608913E+03	-3.60490049572204E-01
 1.98774447398916E+03	-2.04246749146036E-01
 1.98774721188919E+03	 3.05392968500183E-02
 1.98774994978922E+03	 2.97391326907608E-01
 1.98775268768925E+03	 5.11533619816913E-01
 1.98775542558928E+03	 5.83768714085944E-01
 1.98775816348931E+03	 4.77379339701776E-01
 1.98776090138934E+03	 2.36283169055490E-01
 1.98776363928938E+03	-4.53301692849337E-02
 1.98776637718941E+03	-2.83280902443871E-01
 1.98776911508944E+03	-4.38488448376040E-01
 1.98777185298947E+03	-5.06612481855636E-01
 1.98777459088950E+03	-4.91363781637927E-01
 1.98777732878953E+03	-3.96729967060264E-01
 1.98778006668956E+03	-2.39401427031501E-01
 1.98778280458959E+03	-5.61852967867800E-02
 1.98778554248962E+03	 1.10222055496433E-01
 1.98778828038965E+03	 2.35697952450142E-01
 1.98779101828968E+03	 3.22907522860133E-01
 1.98779375618971E+03	 3.81870334627032E-01
 1.98779649408974E+03	 4.03130553983411E-01
 1.98779923198978E+03	 3.56362072147834E-01
 1.98780196988981E+03	 2.21025660492764E-01
 1.98780470778984E+03	 1.77060371870017E-02
 1.98780744568987E+03	-1.94539862388965E-01
 1.98781018358990E+03	-3.52535838296686E-01
 1.98781292148993E+03	-4.20063865429700E-01
 1.98781565938996E+03	-3.89592444487487E-01
 1.98781839728999E+03	-2.64931205283727E-01
 1.98782113519002E+03	-5.52628606982998E-02
 1.98782387309005E+03	 2.07353509412617E-01
 1.98782661099008E+03	 4.50949840463207E-01
 1.98782934889011E+03	 5.81755746153711E-01
 1.98783208679014E+03	 5.38009516189658E-01
 1.98783482469018E+03	 3.34761658990994E-01
 1.98783756259021E+03	 5.47265949994971E-02
 1.98784030049024E+03	-2.07434482332578E-01
 1.98784303839027E+03	-3.94642218098129E-01
 1.98784577629030E+03	-4.92554977191976E-01
 1.98784851419033E+03	-5.04200980711805E-01
 1.98785125209036E+03	-4.33084965222499E-01
 1.98785398999039E+03	-2.90248260318819E-01
 1.98785672789042E+03	-1.06517283314736E-01
 1.98785946579045E+03	 7.35600011007158E-02
 1.98786220369048E+03	 2.15473591896280E-01
 1.98786494159051E+03	 3.12252678567261E-01
 1.98786767949054E+03	 3.75033292665013E-01
 1.98787041739057E+03	 4.05041834136806E-01
 1.98787315529061E+03	 3.79499101921704E-01
 1.98787589319064E+03	 2.71730508028083E-01
 1.98787863109067E+03	 8.64624117807855E-02
 1.98788136899070E+03	-1.28577838597390E-01
 1.98788410689073E+03	-3.08259474108459E-01
 1.98788684479076E+03	-4.06205557533408E-01
 1.98788958269079E+03	-4.07455136380522E-01
 1.98789232059082E+03	-3.14381131686353E-01
 1.98789505849085E+03	-1.33257697287824E-01
 1.98789779639088E+03	 1.15599340126179E-01
 1.98790053429091E+03	 3.75685030039761E-01
 1.98790327219094E+03	 5.56539492874654E-01
 1.98790601009097E+03	 5.77835883050159E-01
 1.98790874799101E+03	 4.24325073420106E-01
 1.98791148589104E+03	 1.59057582324411E-01
 1.98791422379107E+03	-1.20035106533480E-01
 1.98791696169110E+03	-3.38485922881715E-01
 1.98791969959113E+03	-4.67955772035783E-01
 1.98792243749116E+03	-5.07992014692328E-01
 1.98792517539119E+03	-4.62449116690477E-01
 1.98792791329122E+03	-3.38445830565594E-01
 1.98793065119125E+03	-1.59867037108628E-01
 1.98793338909128E+03	 3.04509797505299E-02
 1.98793612699131E+03	 1.90039426349720E-01
 1.98793886489134E+03	 3.00380639530255E-01
 1.98794160279137E+03	 3.68848548106533E-01
 1.98794434069141E+03	 4.04647775622101E-01
 1.98794707859144E+03	 3.95309598099435E-01
 1.98794981649147E+03	 3.13552719360200E-01
 1.98795255439150E+03	 1.50681081951391E-01
 1.98795529229153E+03	-5.98532175682877E-02
 1.98795803019156E+03	-2.55689345337593E-01
 1.98796076809159E+03	-3.81963196286959E-01
 1.98796350599162E+03	-4.14426039157629E-01
 1.98796624389165E+03	-3.52510756159123E-01
 1.98796898179168E+03	-2.01558646879038E-01
 1.98797171969171E+03	 2.63315015824056E-02
 1.98797445759174E+03	 2.90416482107749E-01
 1.98797719549177E+03	 5.10059791638217E-01
 1.98797993339180E+03	 5.94396365440999E-01
 1.98798267129184E+03	 4.99734450821243E-01
 1.98798540919187E+03	 2.63053811787267E-01
 1.98798814709190E+03	-2.29772969444416E-02
 1.98799088499193E+03	-2.69736899994555E-01
 1.98799362289196E+03	-4.32004784364058E-01
 1.98799636079199E+03	-5.02086054704262E-01
 1.98799909869202E+03	-4.83777900960821E-01
 1.98800183659205E+03	-3.82132826866634E-01
 1.98800457449208E+03	-2.14331906636162E-01
 1.98800731239211E+03	-1.85726327393999E-02
 1.98801005029214E+03	 1.58108033474654E-01
 1.98801278819217E+03	 2.85489539580799E-01
 1.98801552609220E+03	 3.62910947465989E-01
 1.98801826399224E+03	 4.03410641781829E-01
 1.98802100189227E+03	 4.05534673044979E-01
 1.98802373979230E+03	 3.46517739768813E-01
 1.98802647769233E+03	 2.08340852305919E-01
 1.98802921559236E+03	 9.03800875246389E-03
 1.98803195349239E+03	-1.96480903331711E-01
 1.98803469139242E+03	-3.47939414909096E-01
 1.98803742929245E+03	-4.10870388678685E-01
 1.98804016719248E+03	-3.79575799530315E-01
 1.98804290509251E+03	-2.59128262025767E-01
 1.98804564299254E+03	-5.70096512067770E-02
 1.98804838089257E+03	 2.00048707437586E-01
 1.98805111879260E+03	 4.45657116646432E-01
 1.98805385669264E+03	 5.86868143313855E-01
 1.98805659459267E+03	 5.56410186019891E-01
 1.98805933249270E+03	 3.61480016803884E-01
 1.98806207039273E+03	 8.07261147868854E-02
 1.98806480829276E+03	-1.88793647428571E-01
 1.98806754619279E+03	-3.83974709054374E-01
 1.98807028409282E+03	-4.85804409489220E-01
 1.98807302199285E+03	-4.96244155660236E-01
 1.98807575989288E+03	-4.19695618883308E-01
 1.98807849779291E+03	-2.67829915732174E-01
 1.98808123569294E+03	-7.23104601044811E-02
 1.98808397359297E+03	 1.19012150476209E-01
 1.98808671149300E+03	 2.65731284176905E-01
 1.98808944939304E+03	 3.56120540562319E-01
 1.98809218729307E+03	 4.02172295335443E-01
 1.98809492519310E+03	 4.12039684539198E-01
 1.98809766309313E+03	 3.71401189594635E-01
 1.98810040099316E+03	 2.58055553971413E-01
 1.98810313889319E+03	 7.55046997115850E-02
 1.98810587679322E+03	-1.32706409399599E-01
 1.98810861469325E+03	-3.05031506687081E-01
 1.98811135259328E+03	-3.97174912594202E-01
 1.98811409049331E+03	-3.95998474437146E-01
 1.98811682839334E+03	-3.05632815531567E-01
 1.98811956629337E+03	-1.31908099589719E-01
 1.98812230419340E+03	 1.09257264621893E-01
 1.98812504209343E+03	 3.67699834928613E-01
 1.98812777999347E+03	 5.56149438973973E-01
 1.98813051789350E+03	 5.90912580341756E-01
 1.98813325579353E+03	 4.48919146171688E-01
 1.98813599369356E+03	 1.87012667600878E-01
 1.98813873159359E+03	-9.69611690674433E-02
 1.98814146949362E+03	-3.23414400084810E-01
 1.98814420739365E+03	-4.58431817078028E-01
 1.98814694529368E+03	-4.99153052477051E-01
 1.98814968319371E+03	-4.49814162329546E-01
 1.98815242109374E+03	-3.18294611850706E-01
 1.98815515899377E+03	-1.29035202775484E-01
 1.98815789689380E+03	 7.28105051157598E-02
 1.98816063479383E+03	 2.39501489874601E-01
 1.98816337269387E+03	 3.46867280872007E-01
 1.98816611059390E+03	 4.01031978447105E-01
 1.98816884849393E+03	 4.16515021562775E-01
 1.98817158639396E+03	 3.89573080822703E-01
 1.98817432429399E+03	 2.99205083261507E-01
 1.98817706219402E+03	 1.37201748413369E-01
 1.98817980009405E+03	-6.67614061438589E-02
 1.98818253799408E+03	-2.54518109825920E-01
 1.98818527589411E+03	-3.73810638527971E-01
 1.98818801379414E+03	-4.02242692430255E-01
 1.98819075169417E+03	-3.41244096918537E-01
 1.98819348959420E+03	-1.96800864934498E-01
 1.98819622749423E+03	 2.21062307429269E-02
 1.98819896539427E+03	 2.81118666970846E-01
 1.98820170329430E+03	 5.04748426782377E-01
 1.98820444119433E+03	 6.01312720602411E-01
 1.98820717909436E+03	 5.20286728173014E-01
 1.98820991699439E+03	 2.90995055954680E-01
 1.98821265489442E+03	 3.40486676500530E-03
 1.98821539279445E+03	-2.50383339320454E-01
 1.98821813069448E+03	-4.19280288072425E-01
 1.98822086859451E+03	-4.91861524183098E-01
 1.98822360649454E+03	-4.71447083028790E-01
 1.98822634439457E+03	-3.63831346266067E-01
 1.98822908229460E+03	-1.86682783864434E-01
 1.98823182019463E+03	 2.02946555588558E-02
 1.98823455809466E+03	 2.05688742849973E-01
 1.98823729599470E+03	 3.33288702989295E-01
 1.98824003389473E+03	 3.99337257893042E-01
 1.98824277179476E+03	 4.20205538383580E-01
 1.98824550969479E+03	 4.02758009407221E-01
 1.98824824759482E+03	 3.31969760695852E-01
 1.98825098549485E+03	 1.92265635989029E-01
 1.98825372339488E+03	-1.19846207647244E-03
 1.98825646129491E+03	-1.98096672058528E-01
 1.98825919919494E+03	-3.41432061254879E-01
 1.98826193709497E+03	-3.98757012228999E-01
 1.98826467499500E+03	-3.66430564539852E-01
 1.98826741289503E+03	-2.50988243280366E-01
 1.98827015079506E+03	-5.82183328067215E-02
 1.98827288869510E+03	 1.90912065578703E-01
 1.98827562659513E+03	 4.36495458493331E-01
 1.98827836449516E+03	 5.87401223586600E-01
 1.98828110239519E+03	 5.71348893954028E-01
 1.98828384029522E+03	 3.87328305310711E-01
 1.98828657819525E+03	 1.08876210464067E-01
 1.98828931609528E+03	-1.65685936485649E-01
 1.98829205399531E+03	-3.67825933671287E-01
 1.98829479189534E+03	-4.73731892582973E-01
 1.98829752979537E+03	-4.83772730280783E-01
 1.98830026769540E+03	-4.02816571523331E-01
 1.98830300559543E+03	-2.43058483123067E-01
 1.98830574349546E+03	-3.70960109237740E-02
 1.98830848139550E+03	 1.63850461012704E-01
 1.98831121929553E+03	 3.13561877149676E-01
 1.98831395719556E+03	 3.95788851720429E-01
 1.98831669509559E+03	 4.23709347030638E-01
 1.98831943299562E+03	 4.12744634880792E-01
 1.98832217089565E+03	 3.57256679870456E-01
 1.98832490879568E+03	 2.39505725269414E-01
 1.98832764669571E+03	 6.14931543216327E-02
 1.98833038459574E+03	-1.37851167022830E-01
 1.98833312249577E+03	-3.00982392397672E-01
 1.98833586039580E+03	-3.85987482302541E-01
 1.98833859829583E+03	-3.81776750105576E-01
 1.98834133619586E+03	-2.94456855194459E-01
 1.98834407409589E+03	-1.29536458425738E-01
 1.98834681199593E+03	 1.01687333310738E-01
 1.98834954989596E+03	 3.56119404182343E-01
 1.98835228779599E+03	 5.50704682553571E-01
 1.98835502569602E+03	 5.99173647095244E-01
 1.98835776359605E+03	 4.70681518295587E-01
 1.98836050149608E+03	 2.15077022343721E-01
 1.98836323939611E+03	-7.10583273999379E-02
 1.98836597729614E+03	-3.03902510824545E-01
 1.98836871519617E+03	-4.44142377671720E-01
 1.98837145309620E+03	-4.86111567194951E-01
 1.98837419099623E+03	-4.33934255457097E-01
 1.98837692889626E+03	-2.96026944779343E-01
 1.98837966679629E+03	-9.74309001432778E-02
 1.98838240469633E+03	 1.14295195805873E-01
 1.98838514259636E+03	 2.86187095208373E-01
 1.98838788049639E+03	 3.88642909815654E-01
 1.98839061839642E+03	 4.26876513554070E-01
 1.98839335629645E+03	 4.21086884084496E-01
 1.98839609419648E+03	 3.76523669715835E-01
 1.98839883209651E+03	 2.78517126840636E-01
 1.98840156999654E+03	 1.19131126383348E-01
 1.98840430789657E+03	-7.61425281999183E-02
 1.98840704579660E+03	-2.53772618335169E-01
 1.98840978369663E+03	-3.64447562276221E-01
 1.98841252159666E+03	-3.87860121605769E-01
 1.98841525949669E+03	-3.27656967229526E-01
 1.98841799739673E+03	-1.90663490027553E-01
 1.98842073529676E+03	 1.72936035940085E-02
 1.98842347319679E+03	 2.68746990738103E-01
 1.98842621109682E+03	 4.94306821514852E-01
 1.98842894899685E+03	 6.02451745296061E-01
 1.98843168689688E+03	 5.36256994752575E-01
 1.98843442479691E+03	 3.16958335177283E-01
 1.98843716269694E+03	 3.07374348707685E-02
 1.98843990059697E+03	-2.27920573057940E-01
 1.98844263849700E+03	-4.02565112329307E-01
 1.98844537639703E+03	-4.77858634297809E-01
 1.98844811429706E+03	-4.56156335921059E-01
 1.98845085219709E+03	-3.43660193426066E-01
 1.98845359009713E+03	-1.58487254577957E-01
 1.98845632799716E+03	 5.80662045831302E-02
 1.98845906589719E+03	 2.50223553950617E-01
 1.98846180379722E+03	 3.75979949885293E-01
 1.98846454169725E+03	 4.28823090264555E-01
 1.98846727959728E+03	 4.28841755361587E-01
 1.98847001749731E+03	 3.91523254109784E-01
 1.98847275539734E+03	 3.09691674821751E-01
 1.98847549329737E+03	 1.70069145293273E-01
 1.98847823119740E+03	-1.54293170071828E-02
 1.98848096909743E+03	-2.01506434351337E-01
 1.98848370699746E+03	-3.34820381322888E-01
 1.98848644489749E+03	-3.85200480168192E-01
 1.98848918279752E+03	-3.51278159026589E-01
 1.98849192069756E+03	-2.41280650854562E-01
 1.98849465859759E+03	-5.94138484130485E-02
 1.98849739649762E+03	 1.79392843239105E-01
 1.98850013439765E+03	 4.22499069659516E-01
 1.98850287229768E+03	 5.81640499953629E-01
 1.98850561019771E+03	 5.80288380657608E-01
 1.98850834809774E+03	 4.09200259954839E-01
 1.98851108599777E+03	 1.35946210186787E-01
 1.98851382389780E+03	-1.41071011000534E-01
 1.98851656179783E+03	-3.48707325974354E-01
 1.98851929969786E+03	-4.58452347969947E-01
 1.98852203759789E+03	-4.68684999458314E-01
 1.98852477549792E+03	-3.84327992956995E-01
 1.98852751339796E+03	-2.17958758522754E-01
 1.98853025129799E+03	-3.16399012048373E-03
 1.98853298919802E+03	 2.05446120348175E-01
 1.98853572709805E+03	 3.56000335337258E-01
 1.98853846499808E+03	 4.28058329147652E-01
 1.98854120289811E+03	 4.36383812729887E-01
 1.98854394079814E+03	 4.04002674765362E-01
 1.98854667869817E+03	 3.34118872260977E-01
 1.98854941659820E+03	 2.13372667982172E-01
 1.98855215449823E+03	 4.19594268996454E-02
 1.98855489239826E+03	-1.46233045397097E-01
 1.98855763029829E+03	-2.98061761027935E-01
 1.98856036819832E+03	-3.74281039214877E-01
 1.98856310609836E+03	-3.66062482928205E-01
 1.98856584399839E+03	-2.81723114245767E-01
 1.98856858189842E+03	-1.26660280769525E-01
 1.98857131979845E+03	 9.25063229875729E-02
 1.98857405769848E+03	 3.40309097157297E-01
 1.98857679559851E+03	 5.38908345492974E-01
 1.98857953349854E+03	 6.00448776862658E-01
 1.98858227139857E+03	 4.86697802511087E-01
 1.98858500929860E+03	 2.39996229226546E-01
 1.98858774719863E+03	-4.54685808965930E-02
 1.98859048509866E+03	-2.82696172197895E-01
 1.98859322299869E+03	-4.27397957017922E-01
 1.98859596089872E+03	-4.70881556387271E-01
 1.98859869879875E+03	-4.16727106967029E-01
 1.98860143669879E+03	-2.73642775033992E-01
 1.98860417459882E+03	-6.72658712446119E-02
 1.98860691249885E+03	 1.52405447592037E-01
 1.98860965039888E+03	 3.27303318068417E-01
 1.98861238829891E+03	 4.22705748849201E-01
 1.98861512619894E+03	 4.43325146792841E-01
 1.98861786409897E+03	 4.15404232556771E-01
 1.98862060199900E+03	 3.53386123422018E-01
 1.98862333989903E+03	 2.48908701082984E-01
 1.98862607779906E+03	 9.40660272622473E-02
 1.98862881569909E+03	-9.02235935018836E-02
 1.98863155359912E+03	-2.55471840703571E-01
 1.98863429149915E+03	-3.55625454982404E-01
 1.98863702939919E+03	-3.72683047659654E-01
 1.98863976729922E+03	-3.12730754112575E-01
 1.98864250519925E+03	-1.83694619121976E-01
 1.98864524309928E+03	 1.16297607265715E-02
 1.98864798099931E+03	 2.52972050466643E-01
 1.98865071889934E+03	 4.77886316314868E-01
 1.98865345679937E+03	 5.96109920241172E-01
 1.98865619469940E+03	 5.45069571682328E-01
 1.98865893259943E+03	 3.37813536537116E-01
 1.98866167049946E+03	 5.58041921505289E-02
 1.98866440839949E+03	-2.05275087226471E-01
 1.98866714629952E+03	-3.84351930301912E-01
 1.98866988419955E+03	-4.62208581961588E-01
 1.98867262209959E+03	-4.39858055507498E-01
 1.98867535999962E+03	-3.23582232280292E-01
 1.98867809789965E+03	-1.31861742195923E-01
 1.98868083579968E+03	 9.23889710230568E-02
 1.98868357369971E+03	 2.89110554929983E-01
 1.98868631159974E+03	 4.10784769327809E-01
 1.98868904949977E+03	 4.48553558723688E-01
 1.98869178739980E+03	 4.26611380135559E-01
 1.98869452529983E+03	 3.69304232384029E-01
 1.98869726319986E+03	 2.77328989876747E-01
 1.98870000109989E+03	 1.39521778547063E-01
 1.98870273899992E+03	-3.57821656177598E-02
 1.98870547689995E+03	-2.08708856638475E-01
 1.98870821479998E+03	-3.29903826696426E-01
 1.98871095270002E+03	-3.71700682281747E-01
 1.98871369060005E+03	-3.35207709691049E-01
 1.98871642850008E+03	-2.30615343052575E-01
 1.98871916640011E+03	-6.07965561178596E-02
 1.98872190430014E+03	 1.65415331677572E-01
 1.98872464220017E+03	 4.03260078577383E-01
 1.98872738010020E+03	 5.68413277768638E-01
 1.98873011800023E+03	 5.81120967768682E-01
 1.98873285590026E+03	 4.24245686436748E-01
 1.98873559380029E+03	 1.58779897690304E-01
 1.98873833170032E+03	-1.17972076563672E-01
 1.98874106960035E+03	-3.29259498318993E-01
 1.98874380750038E+03	-4.42208460329316E-01
 1.98874654540042E+03	-4.52967704735343E-01
 1.98874928330045E+03	-3.66148611128365E-01
 1.98875202120048E+03	-1.94538092765083E-01
 1.98875475910051E+03	 2.72951034585945E-02
 1.98875749700054E+03	 2.41404807053545E-01
 1.98876023490057E+03	 3.90511110230253E-01
 1.98876297280060E+03	 4.50383625470458E-01
 1.98876571070063E+03	 4.37779835661960E-01
 1.98876844860066E+03	 3.83597142800958E-01
 1.98877118650069E+03	 2.99942223212921E-01
 1.98877392440072E+03	 1.77702219544715E-01
 1.98877666230075E+03	 1.49837519999661E-02
 1.98877940020078E+03	-1.59729619994642E-01
 1.98878213810082E+03	-2.98034955987671E-01
 1.98878487600085E+03	-3.63594831574397E-01
 1.98878761390088E+03	-3.50030182072341E-01
 1.98879035180091E+03	-2.68120686980669E-01
 1.98879308970094E+03	-1.23470929140734E-01
 1.98879582760097E+03	 8.18230157914640E-02
 1.98879856550100E+03	 3.20258496270430E-01
 1.98880130340103E+03	 5.20140166198021E-01
 1.98880404130106E+03	 5.93196306366592E-01
 1.98880677920109E+03	 4.94545952437153E-01
 1.98880951710112E+03	 2.58824638125069E-01
 1.98881225500115E+03	-2.31996503322434E-02
 1.98881499290118E+03	-2.62524063195446E-01
 1.98881773080122E+03	-4.10533111907889E-01
 1.98882046870125E+03	-4.55481784440691E-01
 1.98882320660128E+03	-4.00064539419218E-01
 1.98882594450131E+03	-2.53031360997057E-01
 1.98882868240134E+03	-4.05550875644442E-02
 1.98883142030137E+03	 1.84968460956097E-01
 1.98883415820140E+03	 3.60572353236611E-01
 1.98883689610143E+03	 4.46798106211770E-01
 1.98883963400146E+03	 4.48280402258543E-01
 1.98884237190149E+03	 3.97601917431737E-01
 1.98884510980152E+03	 3.18488634061621E-01
 1.98884784770155E+03	 2.08789553364922E-01
 1.98885058560158E+03	 6.03984153695726E-02
 1.98885332350161E+03	-1.10655572596105E-01
 1.98885606140165E+03	-2.61252862477819E-01
 1.98885879930168E+03	-3.48849985291928E-01
 1.98886153720171E+03	-3.57928985493137E-01
 1.98886427510174E+03	-2.97232279291938E-01
 1.98886701300177E+03	-1.76120732664360E-01
 1.98886975090180E+03	 5.33141218708477E-03
 1.98887248880183E+03	 2.34108332440000E-01
 1.98887522670186E+03	 4.55396682520262E-01
 1.98887796460189E+03	 5.81367677021306E-01
 1.98888070250192E+03	 5.44855958273147E-01
 1.98888344040195E+03	 3.50979085787983E-01
 1.98888617830198E+03	 7.57471374221033E-02
 1.98888891620201E+03	-1.85176768695626E-01
 1.98889165410205E+03	-3.67027959862299E-01
 1.98889439200208E+03	-4.46952258642153E-01
 1.98889712990211E+03	-4.24375954692562E-01
 1.98889986780214E+03	-3.05364533389199E-01
 1.98890260570217E+03	-1.08637092847627E-01
 1.98890534360220E+03	 1.21322157579207E-01
 1.98890808150223E+03	 3.20340122042194E-01
 1.98891081940226E+03	 4.35743662477055E-01
 1.98891355730229E+03	 4.56763200901241E-01
 1.98891629520232E+03	 4.12024682014839E-01
 1.98891903310235E+03	 3.34846698578818E-01
 1.98892177100238E+03	 2.33724984437931E-01
 1.98892450890241E+03	 9.94192689456180E-02
 1.98892724680245E+03	-6.35784501153484E-02
 1.98892998470248E+03	-2.21112512261039E-01
 1.98893272260251E+03	-3.28068310408205E-01
 1.98893546050254E+03	-3.59456832219639E-01
 1.98893819840257E+03	-3.19040396113483E-01
 1.98894093630260E+03	-2.19279965673522E-01
 1.98894367420263E+03	-6.21145366566101E-02
 1.98894641210266E+03	 1.49527528268393E-01
 1.98894915000269E+03	 3.79155712076172E-01
 1.98895188790272E+03	 5.47430289250317E-01
 1.98895462580275E+03	 5.72620517516641E-01
 1.98895736370278E+03	 4.30388143319454E-01
 1.98896010160281E+03	 1.74814624206782E-01
 1.98896283950284E+03	-9.90093006930216E-02
 1.98896557740288E+03	-3.11860194128759E-01
 1.98896831530291E+03	-4.27040227289109E-01
 1.98897105320294E+03	-4.38392694826725E-01
 1.98897379110297E+03	-3.49922835122278E-01
 1.98897652900300E+03	-1.74439652743322E-01
 1.98897926690303E+03	 5.25785767807139E-02
 1.98898200480306E+03	 2.69991220570202E-01
 1.98898474270309E+03	 4.15437243599319E-01
 1.98898748060312E+03	 4.61334437688475E-01
 1.98899021850315E+03	 4.26790587834296E-01
 1.98899295640318E+03	 3.50713701400166E-01
 1.98899569430321E+03	 2.54050683622621E-01
 1.98899843220324E+03	 1.31767817925697E-01
 1.98900117010328E+03	-2.03328396689501E-02
 1.98900390800331E+03	-1.79421633654798E-01
 1.98900664590334E+03	-3.02074464560697E-01
 1.98900938380337E+03	-3.55033132492479E-01
 1.98901212170340E+03	-3.34510184688133E-01
 1.98901485960343E+03	-2.54001177364060E-01
 1.98901759750346E+03	-1.19739653141951E-01
 1.98902033540349E+03	 7.03212905452982E-02
 1.98902307330352E+03	 2.96718320408606E-01
 1.98902581120355E+03	 4.94701265240023E-01
 1.98902854910358E+03	 5.76874684458086E-01
 1.98903128700361E+03	 4.92767984030314E-01
 1.98903402490364E+03	 2.69438232820362E-01
 1.98903676280368E+03	-6.63427224916090E-03
 1.98903950070371E+03	-2.45669466381713E-01
 1.98904223860374E+03	-3.95546517042779E-01
 1.98904497650377E+03	-4.41621210551281E-01
 1.98904771440380E+03	-3.85468776688740E-01
 1.98905045230383E+03	-2.35649270304302E-01
 1.98905319020386E+03	-1.87620500291246E-02
 1.98905592810389E+03	 2.10524826708119E-01
 1.98905866600392E+03	 3.84638871270596E-01
 1.98906140390395E+03	 4.59819687443004E-01
 1.98906414180398E+03	 4.41011946362285E-01
 1.98906687970401E+03	 3.67307587304793E-01
 1.98906961760404E+03	 2.71658923873672E-01
 1.98907235550407E+03	 1.57962062473776E-01
 1.98907509340411E+03	 1.77281182674745E-02
 1.98907783130414E+03	-1.38100300134103E-01
 1.98908056920417E+03	-2.71980527573857E-01
 1.98908330710420E+03	-3.45044232716586E-01
 1.98908604500423E+03	-3.44373414157084E-01
 1.98908878290426E+03	-2.81554744665553E-01
 1.98909152080429E+03	-1.67772020090952E-01
 1.98909425870432E+03	-8.72495605385454E-04
 1.98909699660435E+03	 2.13167247733981E-01
 1.98909973450438E+03	 4.27646993795011E-01
 1.98910247240441E+03	 5.58358946554027E-01
 1.98910521030444E+03	 5.34849250079821E-01
 1.98910794820447E+03	 3.54895433477326E-01
 1.98911068610451E+03	 8.85544476176244E-02
 1.98911342400454E+03	-1.69710603048457E-01
 1.98911616190457E+03	-3.52490818917165E-01
 1.98911889980460E+03	-4.33713094304661E-01
 1.98912163770463E+03	-4.11107907221929E-01
 1.98912437560466E+03	-2.90281238807368E-01
 1.98912711350469E+03	-9.00415485201996E-02
 1.98912985140472E+03	 1.43678923016980E-01
 1.98913258930475E+03	 3.42852882440149E-01
 1.98913532720478E+03	 4.50074782315466E-01
 1.98913806510481E+03	 4.53080791665305E-01
 1.98914080300484E+03	 3.85135657683169E-01
 1.98914354090487E+03	 2.88481664278909E-01
 1.98914627880491E+03	 1.79236961043090E-01
 1.98914901670494E+03	 4.99147526555938E-02
 1.98915175460497E+03	-9.89849946099996E-02
 1.98915449250500E+03	-2.39187147564307E-01
 1.98915723040503E+03	-3.29966985308232E-01
 1.98915996830506E+03	-3.49112344393137E-01
 1.98916270620509E+03	-3.03165180879809E-01
 1.98916544410512E+03	-2.07171961520454E-01
 1.98916818200515E+03	-6.26661511493889E-02
 1.98917091990518E+03	 1.32884429871635E-01
 1.98917365780521E+03	 3.51388745555763E-01
 1.98917639570524E+03	 5.19441852903611E-01
 1.98917913360527E+03	 5.54734402520124E-01
 1.98918187150531E+03	 4.26726592694973E-01
 1.98918460940534E+03	 1.82535281831870E-01
 1.98918734730537E+03	-8.59544970780919E-02
 1.98919008520540E+03	-2.98228192692620E-01
 1.98919282310543E+03	-4.14448353194187E-01
 1.98919556100546E+03	-4.26224881917779E-01
 1.98919829890549E+03	-3.36747155606168E-01
 1.98920103680552E+03	-1.58664560274106E-01
 1.98920377470555E+03	 7.17638867119720E-02
 1.98920651260558E+03	 2.90431732975369E-01
 1.98920925050561E+03	 4.30298801551050E-01
 1.98921198840564E+03	 4.60873156889019E-01
 1.98921472630567E+03	 4.03866449215407E-01
 1.98921746420570E+03	 3.06164782796624E-01
 1.98922020210574E+03	 1.97356802172728E-01
 1.98922294000577E+03	 7.63053422196988E-02
 1.98922567790580E+03	-6.36064758376966E-02
 1.98922841580583E+03	-2.05309862605665E-01
 1.98923115370586E+03	-3.10479943292372E-01
 1.98923389160589E+03	-3.49024376920946E-01
 1.98923662950592E+03	-3.19822906915595E-01
 1.98923936740595E+03	-2.39309379978510E-01
 1.98924210530598E+03	-1.14837516107672E-01
 1.98924484320601E+03	 5.91927542367278E-02
 1.98924758110604E+03	 2.71153303593341E-01
 1.98925031900607E+03	 4.63856578416758E-01
 1.98925305690610E+03	 5.52116216942221E-01
 1.98925579480614E+03	 4.81172121248866E-01
 1.98925853270617E+03	 2.70922640449060E-01
 1.98926127060620E+03	 2.88398358209418E-03
 1.98926400850623E+03	-2.33581191058277E-01
 1.98926674640626E+03	-3.83763713337842E-01
 1.98926948430629E+03	-4.30413524661563E-01
 1.98927222220632E+03	-3.73861016523178E-01
 1.98927496010635E+03	-2.22281221624837E-01
 1.98927769800638E+03	-2.55778190065185E-03
 1.98928043590641E+03	 2.28572076857288E-01
 1.98928317380644E+03	 3.99304334247345E-01
 1.98928591170647E+03	 4.62035418051465E-01
 1.98928864960650E+03	 4.22325959795053E-01
 1.98929138750654E+03	 3.25775302818288E-01
 1.98929412540657E+03	 2.14341014750021E-01
 1.98929686330660E+03	 9.77480764990927E-02
 1.98929960120663E+03	-3.29786267072529E-02
 1.98930233910666E+03	-1.72034836575388E-01
 1.98930507700669E+03	-2.87529770909819E-01
 1.98930781490672E+03	-3.44341339290314E-01
 1.98931055280675E+03	-3.32193017732852E-01
 1.98931329070678E+03	-2.65645553005697E-01
 1.98931602860681E+03	-1.58106371651702E-01
 1.98931876650684E+03	-5.83829556107745E-03
 1.98932150440687E+03	 1.91742160172527E-01
 1.98932424230690E+03	 3.96284662279624E-01
 1.98932698020693E+03	 5.28322131648843E-01
 1.98932971810697E+03	 5.15567454464771E-01
 1.98933245600700E+03	 3.49318413840315E-01
 1.98933519390703E+03	 9.34135156472968E-02
 1.98933793180706E+03	-1.59958789152099E-01
 1.98934066970709E+03	-3.41825295480608E-01
 1.98934340760712E+03	-4.23423850551729E-01
 1.98934614550715E+03	-4.00796816260517E-01
 1.98934888340718E+03	-2.78911725091381E-01
 1.98935162130721E+03	-7.65108632512929E-02
 1.98935435920724E+03	 1.59209341173215E-01
 1.98935709710727E+03	 3.56707856160521E-01
 1.98935983500730E+03	 4.54310914564631E-01
 1.98936257290733E+03	 4.38620688749894E-01
 1.98936531080737E+03	 3.47586466074258E-01
 1.98936804870740E+03	 2.32139908831725E-01
 1.98937078660743E+03	 1.15750683354174E-01
 1.98937352450746E+03	-7.43703600930180E-03
 1.98937626240749E+03	-1.40923231722876E-01
 1.98937900030752E+03	-2.62329949909642E-01
 1.98938173820755E+03	-3.35367994523319E-01
 1.98938447610758E+03	-3.40623157780033E-01
 1.98938721400761E+03	-2.87469408002905E-01
 1.98938995190764E+03	-1.93819372199121E-01
 1.98939268980767E+03	-6.14093446741838E-02
 1.98939542770770E+03	 1.17088348104485E-01
 1.98939816560773E+03	 3.21842126677957E-01
 1.98940090350777E+03	 4.86173008083292E-01
 1.98940364140780E+03	 5.28639459321033E-01
 1.98940637930783E+03	 4.13712456569429E-01
 1.98940911720786E+03	 1.81738060245081E-01
 1.98941185510789E+03	-7.94312337874746E-02
 1.98941459300792E+03	-2.89133733907130E-01
 1.98941733090795E+03	-4.05143735526388E-01
 1.98942006880798E+03	-4.17018289856576E-01
 1.98942280670801E+03	-3.27004554124670E-01
 1.98942554460804E+03	-1.47431437041284E-01
 1.98942828250807E+03	 8.48316807434059E-02
 1.98943102040810E+03	 3.03016282420391E-01
 1.98943375830813E+03	 4.35859624841402E-01
 1.98943649620816E+03	 4.50370771982660E-01
 1.98943923410820E+03	 3.70974773905708E-01
 1.98944197200823E+03	 2.52306477106639E-01
 1.98944470990826E+03	 1.32265591067275E-01
 1.98944744780829E+03	 1.34391630097022E-02
 1.98945018570832E+03	-1.13195456611219E-01
 1.98945292360835E+03	-2.36282789960754E-01
 1.98945566150838E+03	-3.22602082692116E-01
 1.98945839940841E+03	-3.45234100137897E-01
 1.98946113730844E+03	-3.05724387772303E-01
 1.98946387520847E+03	-2.23601011099934E-01
 1.98946661310850E+03	-1.07843346857374E-01
 1.98946935100853E+03	 4.99550648951295E-02
 1.98947208890856E+03	 2.45536824818108E-01
 1.98947482680860E+03	 4.29671178037089E-01
 1.98947756470863E+03	 5.20658871191990E-01
 1.98948030260866E+03	 4.60881803044591E-01
 1.98948304050869E+03	 2.63725058453689E-01
 1.98948577840872E+03	 5.26645610400136E-03
 1.98948851630875E+03	-2.26640304726615E-01
 1.98949125420878E+03	-3.75624096506498E-01
 1.98949399210881E+03	-4.22204785084275E-01
 1.98949673000884E+03	-3.65432476120299E-01
 1.98949946790887E+03	-2.12946797937505E-01
 1.98950220580890E+03	 8.24470908329443E-03
 1.98950494370893E+03	 2.39602196081798E-01
 1.98950768160896E+03	 4.05525728593667E-01
 1.98951041950900E+03	 4.55019941664034E-01
 1.98951315740903E+03	 3.94446813154505E-01
 1.98951589530906E+03	 2.75712990776046E-01
 1.98951863320909E+03	 1.49395814665927E-01
 1.98952137110912E+03	 3.08000674372776E-02
 1.98952410900915E+03	-8.95333739011420E-02
 1.98952684690918E+03	-2.10831631414572E-01
 1.98952958480921E+03	-3.06803097573435E-01
 1.98953232270924E+03	-3.46062135740414E-01
 1.98953506060927E+03	-3.20943005878716E-01
 1.98953779850930E+03	-2.49028418802679E-01
 1.98954053640933E+03	-1.46310082897808E-01
 1.98954327430936E+03	-8.19252800574108E-03
 1.98954601220940E+03	 1.71768987528579E-01
 1.98954875010943E+03	 3.63557264033161E-01
 1.98955148800946E+03	 4.93422017172394E-01
 1.98955422590949E+03	 4.88734174354017E-01
 1.98955696380952E+03	 3.35345504773287E-01
 1.98955970170955E+03	 9.08205581334353E-02
 1.98956243960958E+03	-1.55846716026700E-01
 1.98956517750961E+03	-3.35145699695718E-01
 1.98956791540964E+03	-4.16195809297226E-01
 1.98957065330967E+03	-3.93440988881087E-01
 1.98957339120970E+03	-2.71092632160789E-01
 1.98957612910973E+03	-6.76767529079177E-02
 1.98957886700976E+03	 1.68577102834430E-01
 1.98958160490979E+03	 3.63016924974518E-01
 1.98958434280983E+03	 4.50177797999465E-01
 1.98958708070986E+03	 4.15794345534074E-01
 1.98958981860989E+03	 3.02356040114339E-01
 1.98959255650992E+03	 1.69060812315109E-01
 1.98959529440995E+03	 4.63861348028952E-02
 1.98959803230998E+03	-6.99388635727617E-02
 1.98960077021001E+03	-1.87265143433045E-01
 1.98960350811004E+03	-2.88988061574198E-01
 1.98960624601007E+03	-3.43214257727184E-01
 1.98960898391010E+03	-3.33285532360135E-01
 1.98961172181013E+03	-2.71378658284727E-01
 1.98961445971016E+03	-1.78476292879683E-01
 1.98961719761019E+03	-5.71377648026709E-02
 1.98961993551023E+03	 1.03939075775701E-01
 1.98962267341026E+03	 2.92794169824322E-01
 1.98962541131029E+03	 4.50058585893708E-01
 1.98962814921032E+03	 4.96545523766111E-01
 1.98963088711035E+03	 3.93047097696033E-01
 1.98963362501038E+03	 1.73519243763844E-01
 1.98963636291041E+03	-7.88601627685291E-02
 1.98963910081044E+03	-2.84315014262573E-01
 1.98964183871047E+03	-3.98970939194531E-01
 1.98964457661050E+03	-4.10571070309145E-01
 1.98964731451053E+03	-3.20361217084864E-01
 1.98965005241056E+03	-1.40214980187412E-01
 1.98965279031059E+03	 9.25865588049285E-02
 1.98965552821063E+03	 3.08973738391725E-01
 1.98965826611066E+03	 4.33945709975013E-01
 1.98966100401069E+03	 4.32356930671008E-01
 1.98966374191072E+03	 3.31281562714038E-01
 1.98966647981075E+03	 1.92669907227042E-01
 1.98966921771078E+03	 6.22892594386740E-02
 1.98967195561081E+03	-5.36806280442079E-02
 1.98967469351084E+03	-1.66507093503499E-01
 1.98967743141087E+03	-2.70347745053800E-01
 1.98968016931090E+03	-3.36996554933966E-01
 1.98968290721093E+03	-3.42660532032607E-01
 1.98968564511096E+03	-2.91480621103553E-01
 1.98968838301099E+03	-2.06141980148235E-01
 1.98969112091102E+03	-9.77070710814386E-02
 1.98969385881106E+03	 4.42095906901540E-02
 1.98969659671109E+03	 2.22046808291957E-01
 1.98969933461112E+03	 3.94686953973116E-01
 1.98970207251115E+03	 4.85053680780440E-01
 1.98970481041118E+03	 4.34112608980163E-01
 1.98970754831121E+03	 2.49517197303211E-01
 1.98971028621124E+03	 1.62045922749872E-03
 1.98971302411127E+03	-2.24167855519608E-01
 1.98971576201130E+03	-3.70672665321665E-01
 1.98971849991133E+03	-4.16580677090537E-01
 1.98972123781136E+03	-3.59686859347705E-01
 1.98972397571139E+03	-2.06985655562453E-01
 1.98972671361142E+03	 1.45608914073042E-02
 1.98972945151146E+03	 2.44924216392295E-01
 1.98973218941149E+03	 4.05181129451330E-01
 1.98973492731152E+03	 4.41355345521796E-01
 1.98973766521155E+03	 3.60644103933223E-01
 1.98974040311158E+03	 2.20851955851494E-01
 1.98974314101161E+03	 8.06423087026651E-02
 1.98974587891164E+03	-3.93486521467031E-02
 1.98974861681167E+03	-1.48930791833109E-01
 1.98975135471170E+03	-2.52093362943238E-01
 1.98975409261173E+03	-3.27983079897180E-01
 1.98975683051176E+03	-3.48891319202072E-01
 1.98975956841179E+03	-3.09682781836956E-01
 1.98976230631182E+03	-2.30920449218915E-01
 1.98976504421186E+03	-1.31452393857302E-01
 1.98976778211189E+03	-6.55667806735888E-03
 1.98977052001192E+03	 1.55225866939851E-01
 1.98977325791195E+03	 3.31960638576855E-01
 1.98977599581198E+03	 4.56388972552171E-01
 1.98977873371201E+03	 4.56953557311538E-01
 1.98978147161204E+03	 3.15158582049853E-01
 1.98978420951207E+03	 8.24020775402752E-02
 1.98978694741210E+03	-1.56254589120448E-01
 1.98978968531213E+03	-3.31669066777085E-01
 1.98979242321216E+03	-4.11387195843438E-01
 1.98979516111219E+03	-3.88385130717174E-01
 1.98979789901222E+03	-2.66047112488167E-01
 1.98980063691225E+03	-6.25408951997676E-02
 1.98980337481229E+03	 1.73136527104286E-01
 1.98980611271232E+03	 3.63665471337119E-01
 1.98980885061235E+03	 4.40248834923532E-01
 1.98981158851238E+03	 3.87894782506294E-01
 1.98981432641241E+03	 2.53283373357851E-01
 1.98981706431244E+03	 1.03278783100389E-01
 1.98981980221247E+03	-2.50191746169419E-02
 1.98982254011250E+03	-1.34236418631797E-01
 1.98982527801253E+03	-2.35258833857024E-01
 1.98982801591256E+03	-3.17005349227471E-01
 1.98983075381259E+03	-3.51885941019225E-01
 1.98983349171262E+03	-3.25926665698149E-01
 1.98983622961265E+03	-2.54007476660626E-01
 1.98983896751269E+03	-1.60279007107188E-01
 1.98984170541272E+03	-4.86862716431930E-02
 1.98984444331275E+03	 9.51532952063732E-02
 1.98984718121278E+03	 2.66565240532129E-01
 1.98984991911281E+03	 4.13845256888143E-01
 1.98985265701284E+03	 4.61294980329824E-01
 1.98985539491287E+03	 3.67320415112970E-01
 1.98985813281290E+03	 1.59980770078778E-01
 1.98986087071293E+03	-8.26804713451402E-02
 1.98986360861296E+03	-2.82642942536926E-01
 1.98986634651299E+03	-3.95046537943150E-01
 1.98986908441302E+03	-4.06068999370496E-01
 1.98987182231305E+03	-3.15938357333970E-01
 1.98987456021309E+03	-1.35958876570139E-01
 1.98987729811312E+03	 9.63961580903798E-02
 1.98988003601315E+03	 3.10156128742017E-01
 1.98988277391318E+03	 4.27066366018515E-01
 1.98988551181321E+03	 4.10073348060676E-01
 1.98988824971324E+03	 2.88643272749857E-01
 1.98989098761327E+03	 1.31411341128268E-01
 1.98989372551330E+03	-8.51500843124506E-03
 1.98989646341333E+03	-1.21421572998561E-01
 1.98989920131336E+03	-2.20494524165376E-01
 1.98990193921339E+03	-3.05059189868015E-01
 1.98990467711342E+03	-3.51769910194390E-01
 1.98990741501345E+03	-3.39897595044528E-01
 1.98991015291349E+03	-2.76066133519086E-01
 1.98991289081352E+03	-1.86080151346896E-01
 1.98991562871355E+03	-8.34419748727731E-02
 1.98991836661358E+03	 4.33879948298154E-02
 1.98992110451361E+03	 2.02732179232641E-01
 1.98992384241364E+03	 3.61517606964757E-01
 1.98992658031367E+03	 4.48220065907962E-01
 1.98992931821370E+03	 4.03731308322279E-01
 1.98993205611373E+03	 2.30798484353432E-01
 1.98993479401376E+03	-6.07956803883658E-03
 1.98993753191379E+03	-2.24686070191322E-01
 1.98994026981382E+03	-3.67775082582787E-01
 1.98994300771385E+03	-4.12566722457012E-01
 1.98994574561388E+03	-3.55654259799541E-01
 1.98994848351392E+03	-2.03304436794571E-01
 1.98995122141395E+03	 1.77435963715781E-02
 1.98995395931398E+03	 2.46320990082643E-01
 1.98995669721401E+03	 4.00666909394378E-01
 1.98995943511404E+03	 4.24164372017773E-01
 1.98996217301407E+03	 3.24706341336198E-01
 1.98996491091410E+03	 1.65377568117361E-01
 1.98996764881413E+03	 1.22704888821906E-02
 1.98997038671416E+03	-1.08861739424582E-01
 1.98997312461419E+03	-2.07893040821258E-01
 1.98997586251422E+03	-2.93142901313160E-01
 1.98997860041425E+03	-3.48950039473780E-01
 1.98998133831428E+03	-3.51212101421430E-01
 1.98998407621432E+03	-2.97231679949568E-01
 1.98998681411435E+03	-2.10433785179323E-01
 1.98998955201438E+03	-1.12675846811158E-01
 1.98999228991441E+03	 2.25589727905554E-04
 1.98999502781444E+03	 1.43832438472484E-01
 1.98999776571447E+03	 3.03852312995915E-01
 1.99000050361450E+03	 4.20061890526853E-01
 1.99000324151453E+03	 4.23220112119344E-01
 1.99000597941456E+03	 2.91547000796702E-01
 1.99000871731459E+03	 7.04899472727176E-02
 1.99001145521462E+03	-1.59373148963127E-01
 1.99001419311465E+03	-3.30010002597556E-01
 1.99001693101468E+03	-4.07863267811764E-01
 1.99001966891472E+03	-3.84576298132439E-01
 1.99002240681475E+03	-2.62661553836303E-01
 1.99002514471478E+03	-5.97887858943596E-02
 1.99002788261481E+03	 1.74571029328850E-01
 1.99003062051484E+03	 3.60895392385301E-01
 1.99003335841487E+03	 4.27468452348449E-01
 1.99003609631489E+03	 3.58563993832887E-01
 1.99003883421493E+03	 2.04493392459827E-01
 1.99004157211496E+03	 3.90297576044952E-02
 1.99004431001499E+03	-9.45000449175991E-02
 1.99004704791502E+03	-1.96885122610397E-01
 1.99004978581505E+03	-2.82055606714754E-01
 1.99005252371508E+03	-3.44092583104318E-01
 1.99005526161511E+03	-3.59597167775173E-01
 1.99005799951515E+03	-3.17219525295062E-01
 1.99006073741518E+03	-2.34401887601877E-01
 1.99006347531521E+03	-1.38447950583162E-01
 1.99006621321524E+03	-3.51398149990232E-02
 1.99006895111527E+03	 9.21009264576074E-02
 1.99007168901530E+03	 2.45167746771058E-01
 1.99007442691533E+03	 3.80150789678364E-01
 1.99007716481536E+03	 4.25855742504084E-01
 1.99007990271539E+03	 3.39482373337754E-01
 1.99008264061542E+03	 1.43728836061480E-01
 1.99008537851545E+03	-8.87906047191531E-02
 1.99008811641548E+03	-2.82493631185283E-01
 1.99009085431551E+03	-3.92079824488594E-01
 1.99009359221555E+03	-4.02383094626004E-01
 1.99009633011558E+03	-3.12615119434440E-01
 1.99009906801561E+03	-1.33405460578127E-01
 1.99010180591564E+03	 9.78203845374276E-02
 1.99010454381567E+03	 3.08617318716125E-01
 1.99010728171570E+03	 4.17937744109324E-01
 1.99011001961573E+03	 3.86945476584960E-01
 1.99011275751576E+03	 2.47040036758606E-01
 1.99011549541579E+03	 7.27274729932577E-02
 1.99011823331582E+03	-7.61274416755258E-02
 1.99012097121585E+03	-1.86234237052903E-01
 1.99012370911588E+03	-2.72194571285493E-01
 1.99012644701591E+03	-3.38016735281009E-01
 1.99012918491595E+03	-3.65020633265648E-01
 1.99013192281598E+03	-3.35502140016515E-01
 1.99013466071601E+03	-2.58452192639748E-01
 1.99013739861604E+03	-1.62671064654536E-01
 1.99014013651607E+03	-6.43271062058444E-02
 1.99014287441610E+03	 4.85219638757402E-02
 1.99014561231613E+03	 1.89208826350258E-01
 1.99014835021616E+03	 3.32446658793065E-01
 1.99015108811619E+03	 4.12952689659146E-01
 1.99015382601622E+03	 3.72707580966287E-01
 1.99015656391625E+03	 2.10344270407096E-01
 1.99015930181628E+03	-1.55008903681584E-02
 1.99016203971631E+03	-2.26360276739608E-01
 1.99016477761634E+03	-3.65496094666556E-01
 1.99016751551638E+03	-4.08965860416590E-01
 1.99017025341641E+03	-3.52216775520219E-01
 1.99017299131644E+03	-2.00715875274457E-01
 1.99017572921647E+03	 1.92117259282615E-02
 1.99017846711650E+03	 2.45633341549263E-01
 1.99018120501653E+03	 3.94431296252608E-01
 1.99018394291656E+03	 4.06595975724863E-01
 1.99018668081659E+03	 2.90391501333917E-01
 1.99018941871662E+03	 1.13365056641103E-01
 1.99019215661665E+03	-5.17182918099269E-02
 1.99019489451668E+03	-1.74143506400476E-01
 1.99019763241671E+03	-2.63393369922725E-01
 1.99020037031674E+03	-3.31522181408867E-01
 1.99020310821678E+03	-3.67743637797746E-01
 1.99020584611681E+03	-3.51510729192961E-01
 1.99020858401684E+03	-2.82499668453409E-01
 1.99021132191687E+03	-1.86832617729203E-01
 1.99021405981690E+03	-8.94047373817121E-02
 1.99021679771693E+03	 1.28821370145780E-02
 1.99021953561696E+03	 1.38792575136077E-01
 1.99022227351699E+03	 2.81102431900755E-01
 1.99022501141702E+03	 3.86934600369943E-01
 1.99022774931705E+03	 3.90381992715447E-01
 1.99023048721708E+03	 2.67335321717590E-01
 1.99023322511711E+03	 5.75675214315081E-02
 1.99023596301714E+03	-1.63200651455847E-01
 1.99023870091718E+03	-3.28609413215427E-01
 1.99024143881721E+03	-4.04369909905846E-01
 1.99024417671724E+03	-3.80908333586723E-01
 1.99024691461727E+03	-2.59828294276441E-01
 1.99024965251730E+03	-5.81534330986808E-02
 1.99025239041733E+03	 1.74492295757073E-01
 1.99025512831736E+03	 3.56858446870790E-01
 1.99025786621739E+03	 4.14660661105014E-01
 1.99026060411742E+03	 3.31269231445792E-01
 1.99026334201745E+03	 1.59861857502794E-01
 1.99026607991748E+03	-1.97749968267398E-02
 1.99026881781751E+03	-1.58470404348918E-01
 1.99027155571754E+03	-2.54838411605845E-01
 1.99027429361758E+03	-3.25183729969530E-01
 1.99027703151761E+03	-3.68282668786825E-01
 1.99027976941764E+03	-3.64815912345158E-01
 1.99028250731767E+03	-3.06044417681609E-01
 1.99028524521770E+03	-2.11828254158883E-01
 1.99028798311773E+03	-1.12511967423412E-01
 1.99029072101776E+03	-1.60277668275421E-02
 1.99029345891779E+03	 9.55883946426465E-02
 1.99029619681782E+03	 2.30015328754552E-01
 1.99029893471785E+03	 3.51068243905953E-01
 1.99030167261788E+03	 3.92823739892606E-01
 1.99030441051791E+03	 3.12280851827990E-01
 1.99030714841794E+03	 1.27302044662458E-01
 1.99030988631797E+03	-9.50805489103456E-02
 1.99031262421801E+03	-2.82215293805405E-01
 1.99031536211804E+03	-3.88775511497683E-01
 1.99031810001807E+03	-3.98427942550780E-01
 1.99032083791810E+03	-3.09369353253037E-01
 1.99032357581813E+03	-1.31444430021954E-01
 1.99032631371816E+03	 9.82346041824652E-02
 1.99032905161819E+03	 3.06195699746638E-01
 1.99033178951822E+03	 4.09023313207018E-01
 1.99033452741825E+03	 3.66092017461557E-01
 1.99033726531828E+03	 2.10075908777237E-01
 1.99034000321831E+03	 2.03691585020938E-02
 1.99034274111834E+03	-1.37026211367374E-01
 1.99034547901837E+03	-2.45090047075422E-01
 1.99034821691841E+03	-3.19154538156566E-01
 1.99035095481844E+03	-3.67287540947886E-01
 1.99035369271847E+03	-3.75248513792900E-01
 1.99035643061850E+03	-3.28367411077294E-01
 1.99035916851853E+03	-2.37919992165730E-01
 1.99036190641856E+03	-1.35522155198888E-01
 1.99036464431859E+03	-4.01008512154926E-02
 1.99036738221862E+03	 6.00563902993372E-02
 1.99037012011865E+03	 1.82424438545125E-01
 1.99037285801868E+03	 3.09099014112944E-01
 1.99037559591871E+03	 3.81484367260629E-01
 1.99037833381874E+03	 3.43590084762165E-01
 1.99038107171877E+03	 1.90644486488241E-01
 1.99038380961881E+03	-2.44964926691709E-02
 1.99038654751884E+03	-2.27487514217078E-01
 1.99038928541887E+03	-3.62521155812960E-01
 1.99039202331890E+03	-4.04724174936756E-01
 1.99039476121893E+03	-3.48441760624025E-01
 1.99039749911896E+03	-1.98265977198580E-01
 1.99040023701899E+03	 2.01055857009994E-02
 1.99040297491902E+03	 2.44381200352806E-01
 1.99040571281905E+03	 3.88555574616657E-01
 1.99040845071908E+03	 3.91375258605103E-01
 1.99041118861911E+03	 2.60967504206054E-01
 1.99041392651914E+03	 6.83364196701671E-02
 1.99041666441917E+03	-1.07921544483047E-01
 1.99041940231920E+03	-2.32218023867019E-01
 1.99042214021924E+03	-3.13020549481370E-01
 1.99042487811927E+03	-3.65359139931111E-01
 1.99042761601930E+03	-3.82935361285234E-01
 1.99043035391933E+03	-3.48737960411741E-01
 1.99043309181936E+03	-2.64809729645517E-01
 1.99043582971939E+03	-1.59794243626706E-01
 1.99043856761942E+03	-6.15452314093821E-02
 1.99044130551945E+03	 3.15436815424182E-02
 1.99044404341948E+03	 1.40606406604528E-01
 1.99044678131951E+03	 2.64833865067812E-01
 1.99044951921954E+03	 3.58792367327376E-01
 1.99045225711957E+03	 3.60678118006703E-01
 1.99045499501960E+03	 2.44859461112993E-01
 1.99045773291964E+03	 4.57391190988554E-02
 1.99046047081967E+03	-1.66033516582851E-01
 1.99046320871970E+03	-3.26161772051951E-01
 1.99046594661973E+03	-3.99898397691877E-01
 1.99046868451976E+03	-3.76541658596160E-01
 1.99047142241979E+03	-2.56745476601115E-01
 1.99047416031982E+03	-5.67209105072114E-02
 1.99047689821985E+03	 1.74108103037813E-01
 1.99047963611988E+03	 3.53246726361044E-01
 1.99048237401991E+03	 4.04126683969533E-01
 1.99048511191994E+03	 3.08888226101051E-01
 1.99048784981997E+03	 1.22616786058163E-01
 1.99049058772000E+03	-6.99090687002926E-02
 1.99049332562004E+03	-2.14042028165353E-01
 1.99049606352007E+03	-3.05742165967654E-01
 1.99049880142010E+03	-3.62843915142383E-01
 1.99050153932013E+03	-3.88243073038770E-01
 1.99050427722016E+03	-3.66588051740245E-01
 1.99050701512019E+03	-2.91799699140703E-01
 1.99050975302022E+03	-1.86040502611042E-01
 1.99051249092025E+03	-8.25161226735266E-02
 1.99051522882028E+03	 8.51586500088551E-03
 1.99051796672031E+03	 1.05706431529723E-01
 1.99052070462034E+03	 2.21725772930291E-01
 1.99052344252037E+03	 3.27880812159505E-01
 1.99052618042040E+03	 3.64036748107958E-01
 1.99052891832043E+03	 2.87798150322962E-01
 1.99053165622047E+03	 1.12678851609613E-01
 1.99053439412050E+03	-9.99032645031256E-02
 1.99053713202053E+03	-2.80545488966258E-01
 1.99053986992056E+03	-3.84187315642351E-01
 1.99054260782059E+03	-3.93461508085058E-01
 1.99054534572062E+03	-3.05545010766406E-01
 1.99054808362065E+03	-1.29373684819033E-01
 1.99055082152068E+03	 9.85510872454572E-02
 1.99055355942071E+03	 3.04201818698903E-01
 1.99055629732074E+03	 4.02186546266012E-01
 1.99055903522077E+03	 3.49959718982605E-01
 1.99056177312080E+03	 1.80625628189758E-01
 1.99056451102083E+03	-2.26716153714946E-02
 1.99056724892087E+03	-1.88449556706774E-01
 1.99056998682090E+03	-2.95705884000361E-01
 1.99057272472093E+03	-3.59648602431645E-01
 1.99057546262096E+03	-3.91641880525703E-01
 1.99057820052099E+03	-3.81618025472719E-01
 1.99058093842102E+03	-3.17998518471940E-01
 1.99058367632105E+03	-2.14317080268913E-01
 1.99058641422108E+03	-1.04802356676493E-01
 1.99058915212111E+03	-1.11176969120816E-02
 1.99059189002114E+03	 7.77217667597659E-02
 1.99059462792117E+03	 1.82514029980554E-01
 1.99059736582120E+03	 2.92231380637414E-01
 1.99060010372123E+03	 3.55184271531132E-01
 1.99060284162127E+03	 3.18120045302883E-01
 1.99060557952130E+03	 1.73470385249855E-01
 1.99060831742133E+03	-3.15364139070117E-02
 1.99061105532136E+03	-2.26886858422052E-01
 1.99061379322139E+03	-3.57987154163283E-01
 1.99061653112142E+03	-3.99203521129430E-01
 1.99061926902145E+03	-3.43812156898380E-01
 1.99062200692148E+03	-1.95446000357963E-01
 1.99062474482151E+03	 2.10671601461489E-02
 1.99062748272154E+03	 2.43515048563123E-01
 1.99063022062157E+03	 3.84468964030043E-01
 1.99063295852160E+03	 3.80493332116656E-01
 1.99063569642163E+03	 2.38905785328221E-01
 1.99063843432167E+03	 3.29908921588650E-02
 1.99064117222170E+03	-1.53748490361150E-01
 1.99064391012173E+03	-2.80890707959990E-01
 1.99064664802176E+03	-3.55117324906991E-01
 1.99064938592179E+03	-3.93518188449893E-01
 1.99065212382182E+03	-3.93813650487142E-01
 1.99065486172185E+03	-3.42526673735199E-01
 1.99065759962188E+03	-2.44122743868284E-01
 1.99066033752191E+03	-1.29608021254549E-01
 1.99066307542194E+03	-2.96374664666121E-02
 1.99066581332197E+03	 5.56326572107016E-02
 1.99066855122200E+03	 1.48966752393245E-01
 1.99067128912203E+03	 2.55279868015615E-01
 1.99067402702206E+03	 3.36494505333009E-01
 1.99067676492210E+03	 3.35438335857730E-01
 1.99067950282213E+03	 2.25608994584541E-01
 1.99068224072216E+03	 3.63573059209998E-02
 1.99068497862219E+03	-1.66813086377686E-01
 1.99068771652222E+03	-3.21910596578673E-01
 1.99069045442225E+03	-3.93923114228856E-01
 1.99069319232228E+03	-3.71092343442537E-01
 1.99069593022231E+03	-2.53077497064255E-01
 1.99069866812234E+03	-5.50881035947850E-02
 1.99070140602237E+03	 1.74042405080051E-01
 1.99070414392240E+03	 3.51076010166116E-01
 1.99070688182243E+03	 3.97395830826949E-01
 1.99070961972246E+03	 2.93452349902298E-01
 1.99071235762250E+03	 9.51096408971011E-02
 1.99071509552253E+03	-1.09003025426499E-01
 1.99071783342256E+03	-2.59134530049514E-01
 1.99072057132259E+03	-3.48004201774616E-01
 1.99072330922262E+03	-3.93975894594833E-01
 1.99072604712265E+03	-4.03373437762995E-01
 1.99072878502268E+03	-3.64679074459498E-01
 1.99073152292271E+03	-2.74573969408127E-01
 1.99073426082274E+03	-1.57451362314669E-01
 1.99073699872277E+03	-4.91615548154611E-02
 1.99073973662280E+03	 3.76546883982841E-02
 1.99074247452283E+03	 1.21757097170998E-01
 1.99074521242286E+03	 2.20034608207724E-01
 1.99074795032290E+03	 3.10922656060425E-01
 1.99075068822293E+03	 3.40363311073717E-01
 1.99075342612296E+03	 2.67178831827514E-01
 1.99075616402299E+03	 1.00977898241737E-01
 1.99075890192302E+03	-1.02363039245937E-01
 1.99076163982305E+03	-2.76859240634202E-01
 1.99076437772308E+03	-3.77912890206853E-01
 1.99076711562311E+03	-3.87229105902933E-01
 1.99076985352314E+03	-3.00959761748250E-01
 1.99077259142317E+03	-1.26994168157148E-01
 1.99077532932320E+03	 9.91101612816429E-02
 1.99077806722323E+03	 3.03274856075297E-01
 1.99078080512326E+03	 3.98508614826853E-01
 1.99078354302329E+03	 3.40120340756145E-01
 1.99078628092333E+03	 1.60645794649314E-01
 1.99078901882336E+03	-5.43007398548758E-02
 1.99079175672339E+03	-2.28467543781324E-01
 1.99079449462342E+03	-3.36559320456132E-01
 1.99079723252345E+03	-3.92670507863270E-01
 1.99079997042348E+03	-4.10563643408929E-01
 1.99080270832351E+03	-3.84013694165291E-01
 1.99080544622354E+03	-3.04614030467134E-01
 1.99080818412357E+03	-1.88182121336449E-01
 1.99081092202360E+03	-7.13569488063037E-02
 1.99081365992363E+03	 2.15701942794915E-02
 1.99081639782366E+03	 1.00485167239186E-01
 1.99081913572369E+03	 1.88757980916158E-01
 1.99082187362373E+03	 2.81661110231159E-01
 1.99082461152376E+03	 3.34431426881482E-01
 1.99082734942379E+03	 2.97047974276568E-01
 1.99083008732382E+03	 1.59657078868130E-01
 1.99083282522385E+03	-3.59261027320551E-02
 1.99083556312388E+03	-2.24089509309000E-01
 1.99083830102391E+03	-3.51627119236970E-01
 1.99084103892394E+03	-3.92277000739871E-01
 1.99084377682397E+03	-3.38281177572829E-01
 1.99084651472400E+03	-1.92225667650706E-01
 1.99084925262403E+03	 2.22019880297505E-02
 1.99085199052406E+03	 2.43347739321499E-01
 1.99085472842409E+03	 3.82837876121481E-01
 1.99085746632413E+03	 3.75063179844994E-01
 1.99086020422416E+03	 2.25734234510398E-01
 1.99086294212419E+03	 9.09411296606408E-03
 1.99086568002422E+03	-1.87466184623484E-01
 1.99086841792425E+03	-3.18726868320390E-01
 1.99087115582428E+03	-3.88716097557744E-01
 1.99087389372431E+03	-4.15533513606325E-01
 1.99087663162434E+03	-4.00351937799668E-01
 1.99087936952437E+03	-3.33211435784692E-01
 1.99088210742440E+03	-2.21098772683447E-01
 1.99088484532443E+03	-9.72496690556825E-02
 1.99088758322446E+03	 5.08715797555078E-03
 1.99089032112449E+03	 8.38365359689940E-02
 1.99089305902452E+03	 1.62752379122441E-01
 1.99089579692456E+03	 2.51769212486516E-01
 1.99089853482459E+03	 3.19923621953005E-01
 1.99090127272462E+03	 3.14986254257714E-01
 1.99090401062465E+03	 2.10095277797668E-01
 1.99090674852468E+03	 2.98818461350048E-02
 1.99090948642471E+03	-1.65249509790005E-01
 1.99091222432474E+03	-3.15736620706612E-01
 1.99091496222477E+03	-3.86445753083017E-01
 1.99091770012480E+03	-3.64634777423733E-01
 1.99092043802483E+03	-2.48929847337193E-01
 1.99092317592486E+03	-5.33333395718452E-02
 1.99092591382489E+03	 1.74341645723594E-01
 1.99092865172492E+03	 3.50649224503239E-01
 1.99093138962496E+03	 3.95145266675101E-01
 1.99093412752499E+03	 2.86045312925501E-01
 1.99093686542502E+03	 7.87313538953572E-02
 1.99093960332505E+03	-1.35574427277333E-01
 1.99094234122508E+03	-2.92434498583085E-01
 1.99094507912511E+03	-3.80693719194609E-01
 1.99094781702514E+03	-4.18132287999149E-01
 1.99095055492517E+03	-4.13695111185654E-01
 1.99095329282520E+03	-3.59508978410773E-01
 1.99095603072523E+03	-2.55131971198554E-01
 1.99095876862526E+03	-1.27150885425309E-01
 1.99096150652529E+03	-1.38267847888239E-02
 1.99096424442532E+03	 6.98490919557141E-02
 1.99096698232536E+03	 1.42276976630145E-01
 1.99096972022539E+03	 2.23825739686234E-01
 1.99097245812542E+03	 2.99592648292963E-01
 1.99097519602545E+03	 3.21684147904261E-01
 1.99097793392548E+03	 2.50581296053224E-01
 1.99098067182551E+03	 9.23967528668571E-02
 1.99098340972554E+03	-1.02368358712308E-01
 1.99098614762557E+03	-2.71196221479673E-01
 1.99098888552560E+03	-3.70084882048190E-01
 1.99099162342563E+03	-3.79915831858773E-01
 1.99099436132566E+03	-2.95826333426910E-01
 1.99099709922569E+03	-1.24518928016404E-01
 1.99099983712572E+03	 9.97567741783995E-02
 1.99100257502576E+03	 3.03419882487201E-01
 1.99100531292579E+03	 3.98275702069100E-01
 1.99100805082582E+03	 3.37220327616161E-01
 1.99101078872585E+03	 1.51120098719877E-01
 1.99101352662588E+03	-7.33408142913847E-02
 1.99101626452591E+03	-2.55935887483498E-01
 1.99101900242594E+03	-3.66773062090625E-01
 1.99102174032597E+03	-4.17770763744670E-01
 1.99102447822600E+03	-4.24078789833216E-01
 1.99102721612603E+03	-3.82897364938761E-01
 1.99102995402606E+03	-2.89052299251805E-01
 1.99103269192609E+03	-1.60695977503837E-01
 1.99103542982612E+03	-3.66802333575751E-02
 1.99103816772615E+03	 5.62455161781088E-02
 1.99104090562619E+03	 1.26602696211739E-01
 1.99104364352622E+03	 1.99650205667108E-01
 1.99104638142625E+03	 2.76333023985308E-01
 1.99104911932628E+03	 3.18664216556836E-01
 1.99105185722631E+03	 2.80162022998549E-01
 1.99105459512634E+03	 1.49119824551797E-01
 1.99105733302637E+03	-3.77872832276250E-02
 1.99106007092640E+03	-2.19302970795835E-01
 1.99106280882643E+03	-3.43707490220657E-01
 1.99106554672646E+03	-3.84233659763909E-01
 1.99106828462649E+03	-3.32146163798704E-01
 1.99107102252652E+03	-1.88908818209353E-01
 1.99107376042655E+03	 2.32183902389916E-02
 1.99107649832659E+03	 2.43661460405882E-01
 1.99107923622662E+03	 3.83621760717020E-01
 1.99108197412665E+03	 3.75325318351286E-01
 1.99108471202668E+03	 2.22016805921456E-01
 1.99108744992671E+03	-2.52935385025610E-03
 1.99109018782674E+03	-2.08156817366649E-01
 1.99109292572677E+03	-3.44939440636427E-01
 1.99109566362680E+03	-4.13363616665488E-01
 1.99109840152683E+03	-4.31399903266950E-01
 1.99110113942686E+03	-4.03004335570092E-01
 1.99110387732689E+03	-3.21660182928408E-01
 1.99110661522692E+03	-1.96975412294882E-01
 1.99110935312695E+03	-6.42947161393718E-02
 1.99111209102699E+03	 4.07813477174750E-02
 1.99111482892702E+03	 1.14192938493146E-01
 1.99111756682705E+03	 1.80129579960406E-01
 1.99112030472708E+03	 2.52836446884696E-01
 1.99112304262711E+03	 3.08091832548557E-01
 1.99112578052714E+03	 2.98734656086330E-01
 1.99112851842717E+03	 1.97938994668728E-01
 1.99113125632720E+03	 2.59679837470948E-02
 1.99113399422723E+03	-1.61723708590432E-01
 1.99113673212726E+03	-3.08042169091298E-01
 1.99113947002729E+03	-3.77855456283861E-01
 1.99114220792732E+03	-3.57534722000930E-01
 1.99114494582735E+03	-2.44661058215522E-01
 1.99114768372738E+03	-5.18249604438572E-02
 1.99115042162742E+03	 1.74643463221860E-01
 1.99115315952745E+03	 3.51678126684312E-01
 1.99115589742748E+03	 3.97264812535845E-01
 1.99115863532751E+03	 2.86823603228882E-01
 1.99116137322754E+03	 7.39209043776395E-02
 1.99116411112757E+03	-1.48991042430549E-01
 1.99116684902760E+03	-3.13299154866478E-01
 1.99116958692763E+03	-4.03375301395081E-01
 1.99117232482766E+03	-4.35257708537299E-01
 1.99117506272769E+03	-4.19608159378838E-01
 1.99117780062772E+03	-3.51923262054107E-01
 1.99118053852775E+03	-2.34723108125652E-01
 1.99118327642778E+03	-9.67549652257245E-02
 1.99118601432782E+03	 2.15592488761842E-02
 1.99118875222785E+03	 1.02980014478509E-01
 1.99119149012788E+03	 1.65171905260191E-01
 1.99119422802791E+03	 2.31278524674369E-01
 1.99119696592794E+03	 2.92506830160436E-01
 1.99119970382797E+03	 3.07043584153614E-01
 1.99120244172800E+03	 2.37327440206684E-01
 1.99120517962803E+03	 8.63631319089573E-02
 1.99120791752806E+03	-1.00475296486192E-01
 1.99121065542809E+03	-2.64094862866203E-01
 1.99121339332812E+03	-3.61190334583853E-01
 1.99121613122815E+03	-3.71945699160806E-01
 1.99121886912818E+03	-2.90531182695470E-01
 1.99122160702822E+03	-1.22342020166621E-01
 1.99122434492825E+03	 1.00059429011106E-01
 1.99122708282828E+03	 3.04188445045919E-01
 1.99122982072831E+03	 4.01102769679579E-01
 1.99123255862834E+03	 3.41047877108361E-01
 1.99123529652837E+03	 1.52091665917415E-01
 1.99123803442840E+03	-7.94965340093234E-02
 1.99124077232843E+03	-2.70420865993956E-01
 1.99124351022846E+03	-3.85974460273374E-01
 1.99124624812849E+03	-4.34848462095152E-01
 1.99124898602852E+03	-4.32500118022488E-01
 1.99125172392855E+03	-3.79039853896715E-01
 1.99125446182858E+03	-2.72521670915799E-01
 1.99125719972861E+03	-1.33466561078395E-01
 1.99125993762865E+03	-2.73161680205899E-03
 1.99126267552868E+03	 9.06946307551395E-02
 1.99126541342871E+03	 1.53789986029208E-01
 1.99126815132874E+03	 2.13078843251809E-01
 1.99127088922877E+03	 2.74509920358514E-01
 1.99127362712880E+03	 3.06577138873264E-01
 1.99127636502883E+03	 2.66489178482284E-01
 1.99127910292886E+03	 1.41059504313792E-01
 1.99128184082889E+03	-3.78489571169245E-02
 1.99128457872892E+03	-2.13199303508609E-01
 1.99128731662895E+03	-3.34811258863475E-01
 1.99129005452898E+03	-3.75550437091099E-01
 1.99129279242901E+03	-3.25804331528385E-01
 1.99129553032905E+03	-1.85876169952627E-01
 1.99129826822908E+03	 2.36824084255626E-02
 1.99130100612911E+03	 2.43936109375900E-01
 1.99130374402914E+03	 3.86251304587105E-01
 1.99130648192917E+03	 3.80764684343810E-01
 1.99130921982920E+03	 2.27418198335979E-01
 1.99131195772923E+03	-1.95500078628507E-03
 1.99131469562926E+03	-2.15661585120619E-01
 1.99131743352929E+03	-3.59282359164046E-01
 1.99132017142932E+03	-4.28944790437824E-01
 1.99132290932935E+03	-4.41331287645369E-01
 1.99132564722938E+03	-4.02423774990308E-01
 1.99132838512941E+03	-3.08985246721611E-01
 1.99133112302945E+03	-1.73298144605396E-01
 1.99133386092948E+03	-3.26779041623076E-02
 1.99133659882951E+03	 7.52000793356227E-02
 1.99133933672954E+03	 1.44299685479774E-01
 1.99134207462957E+03	 1.98766182634644E-01
 1.99134481252960E+03	 2.56445170971033E-01
 1.99134755042963E+03	 2.99373828390165E-01
 1.99135028832966E+03	 2.85427670952512E-01
 1.99135302622969E+03	 1.88119883799980E-01
 1.99135576412972E+03	 2.37197233928159E-02
 1.99135850202975E+03	-1.57035789116933E-01
 1.99136123992978E+03	-2.99503144437588E-01
 1.99136397782981E+03	-3.68679895928669E-01
 1.99136671572985E+03	-3.50191660768561E-01
 1.99136945362988E+03	-2.40612691355341E-01
 1.99137219152991E+03	-5.09461031828926E-02
 1.99137492942994E+03	 1.74438254268522E-01
 1.99137766732997E+03	 3.53506680525206E-01
 1.99138040523000E+03	 4.03022674827738E-01
 1.99138314313003E+03	 2.95120561215155E-01
 1.99138588103006E+03	 8.02238977389005E-02
 1.99138861893009E+03	-1.49424787184900E-01
 1.99139135683012E+03	-3.21683185810446E-01
 1.99139409473015E+03	-4.15976048404409E-01
 1.99139683263018E+03	-4.45482761909060E-01
 1.99139957053021E+03	-4.21622535949555E-01
 1.99140230843024E+03	-3.42889078033447E-01
 1.99140504633028E+03	-2.14773894161863E-01
 1.99140778423031E+03	-6.81152360596737E-02
 1.99141052213034E+03	 5.47847437629338E-02
 1.99141326003037E+03	 1.34601361706537E-01
 1.99141599793040E+03	 1.87965617703139E-01
 1.99141873583043E+03	 2.40121266321765E-01
 1.99142147373046E+03	 2.87761204777753E-01
 1.99142421163049E+03	 2.94923395352637E-01
 1.99142694953052E+03	 2.26186500985811E-01
 1.99142968743055E+03	 8.18232753982572E-02
 1.99143242533058E+03	-9.76033361323825E-02
 1.99143516323061E+03	-2.56318846972331E-01
 1.99143790113064E+03	-3.51806679565142E-01
 1.99144063903068E+03	-3.63718758985009E-01
 1.99144337693071E+03	-2.85363836988093E-01
 1.99144611483074E+03	-1.20758793103181E-01
 1.99144885273077E+03	 9.95881038929594E-02
 1.99145159063080E+03	 3.04933552269353E-01
 1.99145432853083E+03	 4.06142061941044E-01
 1.99145706643086E+03	 3.50679798802519E-01
 1.99145980433089E+03	 1.62750229810581E-01
 1.99146254223092E+03	-7.33054083397141E-02
 1.99146528013095E+03	-2.72151070875445E-01
 1.99146801803098E+03	-3.94207863517731E-01
 1.99147075593101E+03	-4.43994832913121E-01
 1.99147349383104E+03	-4.36194743077762E-01
 1.99147623173108E+03	-3.73228323856680E-01
 1.99147896963111E+03	-2.56277235441621E-01
 1.99148170753114E+03	-1.08203368363758E-01
 1.99148444543117E+03	 2.83755816627557E-02
 1.99148718333120E+03	 1.22502106833717E-01
 1.99148992123123E+03	 1.79506651453588E-01
 1.99149265913126E+03	 2.26609254416169E-01
 1.99149539703129E+03	 2.74061004893710E-01
 1.99149813493132E+03	 2.96419048222109E-01
 1.99150087283135E+03	 2.54604036311054E-01
 1.99150361073138E+03	 1.34276760900629E-01
 1.99150634863141E+03	-3.71385825534066E-02
 1.99150908653144E+03	-2.06622186299560E-01
 1.99151182443147E+03	-3.25564068620479E-01
 1.99151456233151E+03	-3.66630550668303E-01
 1.99151730023154E+03	-3.19491456176992E-01
 1.99152003813157E+03	-1.83315506532578E-01
 1.99152277603160E+03	 2.32946405284407E-02
 1.99152551393163E+03	 2.43619126484924E-01
 1.99152825183166E+03	 3.89868511929985E-01
 1.99153098973169E+03	 3.90298471076711E-01
 1.99153372763172E+03	 2.40827828910981E-01
 1.99153646553175E+03	 9.90888421483314E-03
 1.99153920343178E+03	-2.10542651073192E-01
 1.99154194133181E+03	-3.62000666361184E-01
 1.99154467923184E+03	-4.35580266229110E-01
 1.99154741713187E+03	-4.45580991953274E-01
 1.99155015503191E+03	-3.99204621600804E-01
 1.99155289293194E+03	-2.96229272445265E-01
 1.99155563083197E+03	-1.51579341704525E-01
 1.99155836873200E+03	-4.35035142981740E-03
 1.99156110663203E+03	 1.06032369150872E-01
 1.99156384453206E+03	 1.71634193228749E-01
 1.99156658243209E+03	 2.16143736164129E-01
 1.99156932033212E+03	 2.60299899178002E-01
 1.99157205823215E+03	 2.91824478646130E-01
 1.99157479613218E+03	 2.73466988176146E-01
 1.99157753403221E+03	 1.79308019904663E-01
 1.99158027193224E+03	 2.20152745366401E-02
 1.99158300983227E+03	-1.52098911397184E-01
 1.99158574773231E+03	-2.90789882200715E-01
 1.99158848563234E+03	-3.59329683777262E-01
 1.99159122353237E+03	-3.42794148660879E-01
 1.99159396143240E+03	-2.36861214624361E-01
 1.99159669933243E+03	-5.08352453742623E-02
 1.99159943723246E+03	 1.73335606563576E-01
 1.99160217513249E+03	 3.55367229207475E-01
 1.99160491303252E+03	 4.11286607503879E-01
 1.99160765093255E+03	 3.09610333083150E-01
 1.99161038883258E+03	 9.63908762358596E-02
 1.99161312673261E+03	-1.37806016600933E-01
 1.99161586463264E+03	-3.18111414745077E-01
 1.99161860253267E+03	-4.18731526438918E-01
 1.99162134043270E+03	-4.49004202927577E-01
 1.99162407833274E+03	-4.20154204636372E-01
 1.99162681623277E+03	-3.33214276973017E-01
 1.99162955413280E+03	-1.96554556151006E-01
 1.99163229203283E+03	-4.29620991718033E-02
 1.99163502993286E+03	 8.37137298391875E-02
 1.99163776783289E+03	 1.62289861708480E-01
 1.99164050573292E+03	 2.08139568302566E-01
 1.99164324363295E+03	 2.47965064708203E-01
 1.99164598153298E+03	 2.83265520552747E-01
 1.99164871943301E+03	 2.83580938230677E-01
 1.99165145733304E+03	 2.15716224656924E-01
 1.99165419523307E+03	 7.75765276669513E-02
 1.99165693313310E+03	-9.47221757067423E-02
 1.99165967103314E+03	-2.48576878077804E-01
 1.99166240893317E+03	-3.42355344938233E-01
 1.99166514683320E+03	-3.55387586093126E-01
 1.99166788473323E+03	-2.80298773905069E-01
 1.99167062263326E+03	-1.19737351612038E-01
 1.99167336053329E+03	 9.81595349317108E-02
 1.99167609843332E+03	 3.05063777198223E-01
 1.99167883633335E+03	 4.12324508527006E-01
 1.99168157423338E+03	 3.64682286726587E-01
 1.99168431213341E+03	 1.81570025578437E-01
 1.99168705003344E+03	-5.60668203370132E-02
 1.99168978793347E+03	-2.61992580966902E-01
 1.99169252583350E+03	-3.91914293353313E-01
 1.99169526373354E+03	-4.45430037550339E-01
 1.99169800163357E+03	-4.35443376697253E-01
 1.99170073953360E+03	-3.66037875678013E-01
 1.99170347743363E+03	-2.41318274522528E-01
 1.99170621533366E+03	-8.63675209968309E-02
 1.99170895323369E+03	 5.47443431141790E-02
 1.99171169113372E+03	 1.49422006791460E-01
 1.99171442903375E+03	 2.01319456731750E-01
 1.99171716693378E+03	 2.37837766067067E-01
 1.99171990483381E+03	 2.72809649843024E-01
 1.99172264273384E+03	 2.86339438264005E-01
 1.99172538063387E+03	 2.42974262183033E-01
 1.99172811853390E+03	 1.27509239015550E-01
 1.99173085643394E+03	-3.66675370948987E-02
 1.99173359433397E+03	-2.00309346217732E-01
 1.99173633223400E+03	-3.16398930658339E-01
 1.99173907013403E+03	-3.57602949517536E-01
 1.99174180803406E+03	-3.13098236971930E-01
 1.99174454593409E+03	-1.81033638040448E-01
 1.99174728383412E+03	 2.20990921069498E-02
 1.99175002173415E+03	 2.42358822063869E-01
 1.99175275963418E+03	 3.93571189456709E-01
 1.99175549753421E+03	 4.02504023145737E-01
 1.99175823543424E+03	 2.60539275238104E-01
 1.99176097333427E+03	 3.14312319637748E-02
 1.99176371123430E+03	-1.94039552256232E-01
 1.99176644913433E+03	-3.53822873799911E-01
 1.99176918703437E+03	-4.33606783280483E-01
 1.99177192493440E+03	-4.44363639729105E-01
 1.99177466283443E+03	-3.93718634747117E-01
 1.99177740073446E+03	-2.84113444379410E-01
 1.99178013863449E+03	-1.32977404700471E-01
 1.99178287653452E+03	 1.90830155874723E-02
 1.99178561443455E+03	 1.31280372050912E-01
 1.99178835233458E+03	 1.93931946031002E-01
 1.99179109023461E+03	 2.29927034413696E-01
 1.99179382813464E+03	 2.62205385487908E-01
 1.99179656603467E+03	 2.83530589952217E-01
 1.99179930393470E+03	 2.61257571162020E-01
 1.99180204183473E+03	 1.70198502304519E-01
 1.99180477973477E+03	 1.98178579108880E-02
 1.99180751763480E+03	-1.47667758811365E-01
 1.99181025553483E+03	-2.82344027634092E-01
 1.99181299343486E+03	-3.49920488903128E-01
 1.99181573133489E+03	-3.35171459270516E-01
 1.99181846923492E+03	-2.33075399983654E-01
 1.99182120713495E+03	-5.12249638537526E-02
 1.99182394503498E+03	 1.71259865577081E-01
 1.99182668293501E+03	 3.56608939979557E-01
 1.99182942083504E+03	 4.20763658846377E-01
 1.99183215873507E+03	 3.28523372756415E-01
 1.99183489663510E+03	 1.20533794159386E-01
 1.99183763453513E+03	-1.15742501124866E-01
 1.99184037243517E+03	-3.03660023148328E-01
 1.99184311033520E+03	-4.12188949516953E-01
 1.99184584823523E+03	-4.46058766226249E-01
 1.99184858613526E+03	-4.15427728964959E-01
 1.99185132403529E+03	-3.23359925085975E-01
 1.99185406193532E+03	-1.80907165510903E-01
 1.99185679983535E+03	-2.25704702963043E-02
 1.99185953773538E+03	 1.06655706743235E-01
 1.99186227563541E+03	 1.84026773438668E-01
 1.99186501353544E+03	 2.23511070262709E-01
 1.99186775143547E+03	 2.52670860111038E-01
 1.99187048933550E+03	 2.77097950825815E-01
 1.99187322723553E+03	 2.71392165031723E-01
 1.99187596513556E+03	 2.04591025071403E-01
 1.99187870303560E+03	 7.25781276221845E-02
 1.99188144093563E+03	-9.25893038400868E-02
 1.99188417883566E+03	-2.41312352456236E-01
 1.99188691673569E+03	-3.32944826634464E-01
 1.99188965463572E+03	-3.46741957317744E-01
 1.99189239253575E+03	-2.74898559055898E-01
 1.99189513043578E+03	-1.18810963622293E-01
 1.99189786833581E+03	 9.59818267651429E-02
 1.99190060623584E+03	 3.04237074130985E-01
 1.99190334413587E+03	 4.18592411799086E-01
 1.99190608203590E+03	 3.81349941737932E-01
 1.99190881993593E+03	 2.06512031950189E-01
 1.99191155783596E+03	-2.97108751521945E-02
 1.99191429573600E+03	-2.41396490047992E-01
 1.99191703363603E+03	-3.79932463669688E-01
 1.99191977153606E+03	-4.39509703517354E-01
 1.99192250943609E+03	-4.30401744794452E-01
 1.99192524733612E+03	-3.57713221418777E-01
 1.99192798523615E+03	-2.28180064900702E-01
 1.99193072313618E+03	-6.88852467793685E-02
 1.99193346103621E+03	 7.50349796124152E-02
 1.99193619893624E+03	 1.69747312650331E-01
 1.99193893683627E+03	 2.17278419035548E-01
 1.99194167473630E+03	 2.44760148918837E-01
 1.99194441263633E+03	 2.68887486162376E-01
 1.99194715053636E+03	 2.74726126602896E-01
 1.99194988843640E+03	 2.30279160997704E-01
 1.99195262633643E+03	 1.19722842266862E-01
 1.99195536423646E+03	-3.71806028614818E-02
 1.99195810213649E+03	-1.94695615358266E-01
 1.99196084003652E+03	-3.07417929362212E-01
 1.99196357793655E+03	-3.48235682985785E-01
 1.99196631583658E+03	-3.06115462485536E-01
 1.99196905373661E+03	-1.78403030760058E-01
 1.99197179163664E+03	 2.05689378414193E-02
 1.99197452953667E+03	 2.40147972873503E-01
 1.99197726743670E+03	 3.96618613190173E-01
 1.99198000533673E+03	 4.15863397611175E-01
 1.99198274323676E+03	 2.84489246994467E-01
 1.99198548113679E+03	 6.04438503929510E-02
 1.99198821903683E+03	-1.67965586277959E-01
 1.99199095693686E+03	-3.35934653255162E-01
 1.99199369483689E+03	-4.23591672629173E-01
 1.99199643273692E+03	-4.37858610968452E-01
 1.99199917063695E+03	-3.86061072394203E-01
 1.99200190853698E+03	-2.72900061239167E-01
 1.99200464643701E+03	-1.18073318407347E-01
 1.99200738433704E+03	 3.66572549080103E-02
 1.99201012223707E+03	 1.49598953206636E-01
 1.99201286013710E+03	 2.09546736029904E-01
 1.99201559803713E+03	 2.38324773417415E-01
 1.99201833593716E+03	 2.60414732237609E-01
 1.99202107383719E+03	 2.72940067057373E-01
 1.99202381173723E+03	 2.47513953187805E-01
 1.99202654963726E+03	 1.59788239323213E-01
 1.99202928753729E+03	 1.64116883278601E-02
 1.99203202543732E+03	-1.44155844315577E-01
 1.99203476333735E+03	-2.74256709526169E-01
 1.99203750123738E+03	-3.40209821921949E-01
 1.99204023913741E+03	-3.26774183702963E-01
 1.99204297703744E+03	-2.28512791023258E-01
 1.99204571493747E+03	-5.14168912910200E-02
 1.99204845283750E+03	 1.68532945033398E-01
 1.99205119073753E+03	 3.56858237560419E-01
 1.99205392863756E+03	 4.30229376104510E-01
 1.99205666653759E+03	 3.49905893736077E-01
 1.99205940443763E+03	 1.50361258122867E-01
 1.99206214233766E+03	-8.53553385305332E-02
 1.99206488023769E+03	-2.79881697528707E-01
 1.99206761813772E+03	-3.97203311272393E-01
 1.99207035603775E+03	-4.36945417549898E-01
 1.99207309393778E+03	-4.07473028060068E-01
 1.99207583183781E+03	-3.13371888229493E-01
 1.99207856973784E+03	-1.68094124326229E-01
 1.99208130763787E+03	-7.52876456471792E-03
 1.99208404553790E+03	 1.22657745221012E-01
 1.99208678343793E+03	 1.98526314881378E-01
 1.99208952133796E+03	 2.32574005688268E-01
 1.99209225923799E+03	 2.52683695630169E-01
 1.99209499713803E+03	 2.67821144427479E-01
 1.99209773503806E+03	 2.57142655618595E-01
 1.99210047293809E+03	 1.91861589829584E-01
 1.99210321083812E+03	 6.61581077341637E-02
 1.99210594873815E+03	-9.15828906255649E-02
 1.99210868663818E+03	-2.34596591851178E-01
 1.99211142453821E+03	-3.23325820691360E-01
 1.99211416243824E+03	-3.37216841993739E-01
 1.99211690033827E+03	-2.68351959760758E-01
 1.99211963823830E+03	-1.17109753197754E-01
 1.99212237613833E+03	 9.36721884395976E-02
 1.99212511403836E+03	 3.02462048228561E-01
 1.99212785193839E+03	 4.24092501951648E-01
 1.99213058983842E+03	 3.98964548458897E-01
 1.99213332773846E+03	 2.35295098596886E-01
 1.99213606563849E+03	 3.42568739842885E-03
 1.99213880353852E+03	-2.12261764000437E-01
 1.99214154143855E+03	-3.59452829714445E-01
 1.99214427933858E+03	-4.26739855507653E-01
 1.99214701723861E+03	-4.21127150024398E-01
 1.99214975513864E+03	-3.48158715693834E-01
 1.99215249303867E+03	-2.16855171379597E-01
 1.99215523093870E+03	-5.59897626478856E-02
 1.99215796883873E+03	 8.86944150375452E-02
 1.99216070673876E+03	 1.82590149004576E-01
 1.99216344463879E+03	 2.26223346136815E-01
 1.99216618253882E+03	 2.46081643962061E-01
 1.99216892043886E+03	 2.61030794612682E-01
 1.99217165833889E+03	 2.60477063907098E-01
 1.99217439623892E+03	 2.15649193819741E-01
 1.99217713413895E+03	 1.10310900912390E-01
 1.99217987203898E+03	-3.90063588311956E-02
 1.99218260993901E+03	-1.89820980083824E-01
 1.99218534783904E+03	-2.98361810993149E-01
 1.99218808573907E+03	-3.37963320529601E-01
 1.99219082363910E+03	-2.97703413857092E-01
 1.99219356153913E+03	-1.74441447207955E-01
 1.99219629943916E+03	 1.95614524980380E-02
 1.99219903733919E+03	 2.37358131051831E-01
 1.99220177523922E+03	 3.98570731430264E-01
 1.99220451313926E+03	 4.28998489684369E-01
 1.99220725103929E+03	 3.10544062932685E-01
 1.99220998893932E+03	 9.45150868929302E-02
 1.99221272683935E+03	-1.34504440235602E-01
 1.99221546473938E+03	-3.09873545359083E-01
 1.99221820263941E+03	-4.06315592915471E-01
 1.99222094053944E+03	-4.26241657461976E-01
 1.99222367843947E+03	-3.76081253644324E-01
 1.99222641633950E+03	-2.62379188202225E-01
 1.99222915423953E+03	-1.06788483865312E-01
 1.99223189213956E+03	 4.82029877989461E-02
 1.99223463003959E+03	 1.60512899636761E-01
 1.99223736793962E+03	 2.17708074367292E-01
 1.99224010583965E+03	 2.40362960001203E-01
 1.99224284373969E+03	 2.53897447824301E-01
 1.99224558163972E+03	 2.59109071239161E-01
 1.99224831953975E+03	 2.31476091470025E-01
 1.99225105743978E+03	 1.47552445406173E-01
 1.99225379533981E+03	 1.15315811924673E-02
 1.99225653323984E+03	-1.41559448823054E-01
 1.99225927113987E+03	-2.66250525722236E-01
 1.99226200903990E+03	-3.29637351845208E-01
 1.99226474693993E+03	-3.16764244576934E-01
 1.99226748483996E+03	-2.22135381092688E-01
 1.99227022273999E+03	-5.03814845469000E-02
 1.99227296064002E+03	 1.65840880010303E-01
 1.99227569854005E+03	 3.56092006742714E-01
 1.99227843644009E+03	 4.38717819902811E-01
 1.99228117434012E+03	 3.71897302271492E-01
 1.99228391224015E+03	 1.83482816205886E-01
 1.99228665014018E+03	-4.90160357861319E-02
 1.99228938804021E+03	-2.48633060180261E-01
 1.99229212594024E+03	-3.74868259306931E-01
 1.99229486384027E+03	-4.22037197187777E-01
 1.99229760174030E+03	-3.96173865721328E-01
 1.99230033964033E+03	-3.02918028145815E-01
 1.99230307754036E+03	-1.57787291896638E-01
 1.99230581544039E+03	 2.33827102075534E-03
 1.99230855334042E+03	 1.31647517619038E-01
 1.99231129124045E+03	 2.05430030228147E-01
 1.99231402914049E+03	 2.34722332848717E-01
 1.99231676704052E+03	 2.47261981383316E-01
 1.99231950494055E+03	 2.54697640733888E-01
 1.99232224284058E+03	 2.40215223809181E-01
 1.99232498074061E+03	 1.77105280212433E-01
 1.99232771864064E+03	 5.81278393954183E-02
 1.99233045654067E+03	-9.16439303469804E-02
 1.99233319444070E+03	-2.28123289546027E-01
 1.99233593234073E+03	-3.12940323923027E-01
 1.99233867024076E+03	-3.25993777108739E-01
 1.99234140814079E+03	-2.59612714288841E-01
 1.99234414604082E+03	-1.13502812268352E-01
 1.99234688394085E+03	 9.21616992291938E-02
 1.99234962184088E+03	 3.00100106007860E-01
 1.99235235974092E+03	 4.28303930466104E-01
 1.99235509764095E+03	 4.16038752923421E-01
 1.99235783554098E+03	 2.65706099240743E-01
 1.99236057344101E+03	 4.09054838592866E-02
 1.99236331134104E+03	-1.76698189887402E-01
 1.99236604924107E+03	-3.31885350607445E-01
 1.99236878714110E+03	-4.07748014202887E-01
 1.99237152504113E+03	-4.07621051967116E-01
 1.99237426294116E+03	-3.37006056135318E-01
 1.99237700084119E+03	-2.06842016902057E-01
 1.99237973874122E+03	-4.72201819197638E-02
 1.99238247664125E+03	 9.60192044417246E-02
 1.99238521454128E+03	 1.88002100945438E-01
 1.99238795244132E+03	 2.27944759825437E-01
 1.99239069034135E+03	 2.41396023683453E-01
 1.99239342824138E+03	 2.48755616313360E-01
 1.99239616614141E+03	 2.43153938184192E-01
 1.99239890404144E+03	 1.98786217925599E-01
 1.99240164194147E+03	 9.91741285927226E-02
 1.99240437984150E+03	-4.20208195472912E-02
 1.99240711774153E+03	-1.85339561102444E-01
 1.99240985564156E+03	-2.88666668625037E-01
 1.99241259354159E+03	-3.25993239166632E-01
 1.99241533144162E+03	-2.86841845467766E-01
 1.99241806934165E+03	-1.67981962380430E-01
 1.99242080724168E+03	 2.01724374740583E-02
 1.99242354514172E+03	 2.34673154903770E-01
 1.99242628304175E+03	 3.99344019890191E-01
 1.99242902094178E+03	 4.40859428403278E-01
 1.99243175884181E+03	 3.36788666741240E-01
 1.99243449674184E+03	 1.31274941571054E-01
 1.99243723464187E+03	-9.59219850310790E-02
 1.99243997254190E+03	-2.77332711063943E-01
 1.99244271044193E+03	-3.82689148824765E-01
 1.99244544834196E+03	-4.09700238427887E-01
 1.99244818624199E+03	-3.63458524655572E-01
 1.99245092414202E+03	-2.51959281844791E-01
 1.99245366204205E+03	-9.84504715087878E-02
 1.99245639994208E+03	 5.43299501887605E-02
 1.99245913784212E+03	 1.64456755381494E-01
 1.99246187574215E+03	 2.18609130721559E-01
 1.99246461364218E+03	 2.36002649293318E-01
 1.99246735154221E+03	 2.42464837200563E-01
 1.99247008944224E+03	 2.41814821558847E-01
 1.99247282734227E+03	 2.12994723887635E-01
 1.99247556524230E+03	 1.33494136899701E-01
 1.99247830314233E+03	 5.37391058229912E-03
 1.99248104104236E+03	-1.39484784819670E-01
 1.99248377894239E+03	-2.57745482620221E-01
 1.99248651684242E+03	-3.17433261036203E-01
 1.99248925474245E+03	-3.04167066654021E-01
 1.99249199264248E+03	-2.12793392956161E-01
 1.99249473054251E+03	-4.69390955311529E-02
 1.99249746844255E+03	 1.64107851326465E-01
 1.99250020634258E+03	 3.54619091073604E-01
 1.99250294424261E+03	 4.45639236545677E-01
 1.99250568214264E+03	 3.92972649249701E-01
 1.99250842004267E+03	 2.17725168055152E-01
 1.99251115794270E+03	-9.02919184093296E-03
 1.99251389584273E+03	-2.11824216049937E-01
 1.99251663374276E+03	-3.46374039386220E-01
 1.99251937164279E+03	-4.01753881382769E-01
 1.99252210954282E+03	-3.81331073615305E-01
 1.99252484744285E+03	-2.91400515404381E-01
 1.99252758534288E+03	-1.49185670332269E-01
 1.99253032324291E+03	 7.88070436991273E-03
 1.99253306114295E+03	 1.34391928899618E-01
 1.99253579904298E+03	 2.05315206495106E-01
 1.99253853694301E+03	 2.30297130587684E-01
 1.99254127484304E+03	 2.36543873167572E-01
 1.99254401274307E+03	 2.37754458377885E-01
 1.99254675064310E+03	 2.20635122365188E-01
 1.99254948854313E+03	 1.60441108259365E-01
 1.99255222644316E+03	 4.87615185465457E-02
 1.99255496434319E+03	-9.23261470586924E-02
 1.99255770224322E+03	-2.21287698774773E-01
 1.99256044014325E+03	-3.01032941936105E-01
 1.99256317804328E+03	-3.12150256871058E-01
 1.99256591594331E+03	-2.47585417490647E-01
 1.99256865384335E+03	-1.06799052421866E-01
 1.99257139174338E+03	 9.25238035976877E-02
 1.99257412964341E+03	 2.97778105410349E-01
 1.99257686754344E+03	 4.31077723659623E-01
 1.99257960544347E+03	 4.31491558828155E-01
 1.99258234334350E+03	 2.95879115208634E-01
 1.99258508124353E+03	 8.05092627241788E-02
 1.99258781914356E+03	-1.36740976597511E-01
 1.99259055704359E+03	-2.98664961480807E-01
 1.99259329494362E+03	-3.83206192755187E-01
 1.99259603284365E+03	-3.89863074063180E-01
 1.99259877074368E+03	-3.23728017619399E-01
 1.99260150864371E+03	-1.97296013618307E-01
 1.99260424654374E+03	-4.15700034458036E-02
 1.99260698444378E+03	 9.80383398817214E-02
 1.99260972234381E+03	 1.86901623107696E-01
 1.99261246024384E+03	 2.23154081383561E-01
 1.99261519814387E+03	 2.31185007275202E-01
 1.99261793604390E+03	 2.32366843805455E-01
 1.99262067394393E+03	 2.22981740364497E-01
 1.99262341184396E+03	 1.79939918135970E-01
 1.99262614974399E+03	 8.66688257843584E-02
 1.99262888764402E+03	-4.57247782436252E-02
 1.99263162554405E+03	-1.80617457288162E-01
 1.99263436344408E+03	-2.77582280928011E-01
 1.99263710134411E+03	-3.11451731802693E-01
 1.99263983924414E+03	-2.72510436999931E-01
 1.99264257714418E+03	-1.57879518749782E-01
 1.99264531504421E+03	 2.35355325100417E-02
 1.99264805294424E+03	 2.32944867030891E-01
 1.99265079084427E+03	 3.99173717966418E-01
 1.99265352874430E+03	 4.50820326312325E-01
 1.99265626664433E+03	 3.61744393150674E-01
 1.99265900454436E+03	 1.68705933002118E-01
 1.99266174244439E+03	-5.42719381882339E-02
 1.99266448034442E+03	-2.39929793909414E-01
 1.99266721824445E+03	-3.53628916765971E-01
 1.99266995614448E+03	-3.88429006019307E-01
 1.99267269404451E+03	-3.47800355410904E-01
 1.99267543194454E+03	-2.40832402629060E-01
 1.99267816984458E+03	-9.19843607471603E-02
 1.99268090774461E+03	 5.62449806091829E-02
 1.99268364564464E+03	 1.62625368997698E-01
 1.99268638354467E+03	 2.13298285853612E-01
 1.99268912144470E+03	 2.26067056957512E-01
 1.99269185934473E+03	 2.26717385796749E-01
 1.99269459724476E+03	 2.21504334183337E-01
 1.99269733514479E+03	 1.92465525366731E-01
 1.99270007304482E+03	 1.18055881740868E-01
 1.99270281094485E+03	-1.51223607904471E-03
 1.99270554884488E+03	-1.37270194072597E-01
 1.99270828674491E+03	-2.47990553479226E-01
 1.99271102464494E+03	-3.02764646972509E-01
 1.99271376254497E+03	-2.88043996338673E-01
 1.99271650044501E+03	-1.99427174789570E-01
 1.99271923834504E+03	-3.99738500210617E-02
 1.99272197624507E+03	 1.64310772994827E-01
 1.99272471414510E+03	 3.52974023174664E-01
 1.99272745204513E+03	 4.50792183289298E-01
 1.99273018994516E+03	 4.12081500579655E-01
 1.99273292784519E+03	 2.51368115472125E-01
 1.99273566574522E+03	 3.26416951985241E-02
 1.99273840364525E+03	-1.71174316947237E-01
 1.99274114154528E+03	-3.12848676871694E-01
 1.99274387944531E+03	-3.76518339878388E-01
 1.99274661734534E+03	-3.62733792383859E-01
 1.99274935524537E+03	-2.78117742508870E-01
 1.99275209314541E+03	-1.41231110334677E-01
 1.99275483104544E+03	 1.03919241342061E-02
 1.99275756894547E+03	 1.32280405192271E-01
 1.99276030684550E+03	 1.99511116407386E-01
 1.99276304474553E+03	 2.20439797375242E-01
 1.99276578264556E+03	 2.21428856048568E-01
 1.99276852054559E+03	 2.17676801752909E-01
 1.99277125844562E+03	 1.98958853954144E-01
 1.99277399634565E+03	 1.42402812884306E-01
 1.99277673424568E+03	 3.86530065698143E-02
 1.99277947214571E+03	-9.29474049602919E-02
 1.99278221004574E+03	-2.13338289554748E-01
 1.99278494794577E+03	-2.86804116886904E-01
 1.99278768584581E+03	-2.94826355229588E-01
 1.99279042374584E+03	-2.31317409630442E-01
 1.99279316164587E+03	-9.59611099203266E-02
 1.99279589954590E+03	 9.57650187068940E-02
 1.99279863744593E+03	 2.96228075133560E-01
 1.99280137534596E+03	 4.32570205457380E-01
 1.99280411324599E+03	 4.44699752276028E-01
 1.99280685114602E+03	 3.24455412743932E-01
 1.99280958904605E+03	 1.20461886484417E-01
 1.99281232694608E+03	-9.41204336069393E-02
 1.99281506484611E+03	-2.61077748122400E-01
 1.99281780274614E+03	-3.53756381950922E-01
 1.99282054064617E+03	-3.67851728587230E-01
 1.99282327854621E+03	-3.07784225452455E-01
 1.99282601644624E+03	-1.87252035950045E-01
 1.99282875434627E+03	-3.77503736923782E-02
 1.99283149224630E+03	 9.62433916722232E-02
 1.99283423014633E+03	 1.80823460399328E-01
 1.99283696804636E+03	 2.13265793516218E-01
 1.99283970594638E+03	 2.16633034238320E-01
 1.99284244384642E+03	 2.12794434323471E-01
 1.99284518174645E+03	 2.00690233996111E-01
 1.99284791964648E+03	 1.59741181410784E-01
 1.99285065754651E+03	 7.34282893102777E-02
 1.99285339544654E+03	-4.94274825158632E-02
 1.99285613334657E+03	-1.74910557130971E-01
 1.99285887124660E+03	-2.64340030421383E-01
 1.99286160914664E+03	-2.93550911653241E-01
 1.99286434704667E+03	-2.53870656809291E-01
 1.99286708494670E+03	-1.43216312600362E-01
 1.99286982284673E+03	 3.06047338388376E-02
 1.99287256074676E+03	 2.32996361108902E-01
 1.99287529864679E+03	 3.98480849025000E-01
 1.99287803654682E+03	 4.58644240014367E-01
 1.99288077444685E+03	 3.84440507314466E-01
 1.99288351234688E+03	 2.05297687462090E-01
 1.99288625024691E+03	-1.12072300943773E-02
 1.99288898814694E+03	-1.99042710345467E-01
 1.99289172604697E+03	-3.19967928165443E-01
 1.99289446394700E+03	-3.62644417184431E-01
 1.99289720184704E+03	-3.28765499105930E-01
 1.99289993974707E+03	-2.28189178049157E-01
 1.99290267764710E+03	-8.61899803183290E-02
 1.99290541554713E+03	 5.54460421778967E-02
 1.99290815344716E+03	 1.56669523092897E-01
 1.99291089134719E+03	 2.03397867201027E-01
 1.99291362924722E+03	 2.11992324359934E-01
 1.99291636714725E+03	 2.07823509197119E-01
 1.99291910504728E+03	 1.99088088250337E-01
 1.99292184294731E+03	 1.70623133658659E-01
 1.99292458084734E+03	 1.01906568546833E-01
 1.99292731874737E+03	-8.44158572482067E-03
 1.99293005664740E+03	-1.34193993058662E-01
 1.99293279454744E+03	-2.36253637145105E-01
 1.99293553244747E+03	-2.84910945572032E-01
 1.99293827034750E+03	-2.67668751847667E-01
 1.99294100824753E+03	-1.81260982111346E-01
 1.99294374614756E+03	-2.86474040793884E-02
 1.99294648404759E+03	 1.67263920357463E-01
 1.99294922194762E+03	 3.51734889940912E-01
 1.99295195984765E+03	 4.54251697703380E-01
 1.99295469774768E+03	 4.28628421318012E-01
 1.99295743564771E+03	 2.83212520439919E-01
 1.99296017354774E+03	 7.44973841395109E-02
 1.99296291144777E+03	-1.28082697740998E-01
 1.99296564934780E+03	-2.75274470328280E-01
 1.99296838724783E+03	-3.46756691691741E-01
 1.99297112514787E+03	-3.40260689714577E-01
 1.99297386304790E+03	-2.62462700545511E-01
 1.99297660094793E+03	-1.32883941647063E-01
 1.99297933884796E+03	 1.12844769450114E-02
 1.99298207674799E+03	 1.26983048150153E-01
 1.99298481464802E+03	 1.89766325070916E-01
 1.99298755254805E+03	 2.06785762186781E-01
 1.99299029044808E+03	 2.03302150519073E-01
 1.99299302834811E+03	 1.95555446797039E-01
 1.99299576624814E+03	 1.76030717540551E-01
 1.99299850414817E+03	 1.23693687696054E-01
 1.99300124204820E+03	 2.84686188451767E-02
 1.99300397994823E+03	-9.28283087329415E-02
 1.99300671784827E+03	-2.03593832104742E-01
 1.99300945574830E+03	-2.69602391745786E-01
 1.99301219364833E+03	-2.73403436140631E-01
 1.99301493154836E+03	-2.10183065480393E-01
 1.99301766944839E+03	-8.03086254555574E-02
 1.99302040734842E+03	 1.02606095433549E-01
 1.99302314524845E+03	 2.96075144625072E-01
 1.99302588314848E+03	 4.33070698693977E-01
 1.99302862104851E+03	 4.55394341744829E-01
 1.99303135894854E+03	 3.50559312053184E-01
 1.99303409684857E+03	 1.59473338918470E-01
 1.99303683474860E+03	-5.01914381525407E-02
 1.99303957264863E+03	-2.20206288418220E-01
 1.99304231054867E+03	-3.20013149520438E-01
 1.99304504844870E+03	-3.41691097326497E-01
 1.99304778634873E+03	-2.88800069930839E-01
 1.99305052424876E+03	-1.75886954984699E-01
 1.99305326214879E+03	-3.45157023814164E-02
 1.99305600004882E+03	 9.22270907580491E-02
 1.99305873794885E+03	 1.71549984730910E-01
 1.99306147584888E+03	 2.00045072189335E-01
 1.99306421374891E+03	 1.99303880715337E-01
 1.99306695164894E+03	 1.91298405113207E-01
 1.99306968954897E+03	 1.77236514076870E-01
 1.99307242744900E+03	 1.38929423136293E-01
 1.99307516534903E+03	 6.00897390756788E-02
 1.99307790324907E+03	-5.25130812018244E-02
 1.99308064114910E+03	-1.67610200168999E-01
 1.99308337904913E+03	-2.48368318233939E-01
 1.99308611694916E+03	-2.71778268985613E-01
 1.99308885484919E+03	-2.30446589263593E-01
 1.99309159274922E+03	-1.23493319498336E-01
 1.99309433064925E+03	 4.19428185370629E-02
 1.99309706854928E+03	 2.35398209206823E-01
 1.99309980644931E+03	 3.97659569941746E-01
 1.99310254434934E+03	 4.64310620834120E-01
 1.99310528224937E+03	 4.04302649140104E-01
 1.99310802014940E+03	 2.39998486908345E-01
 1.99311075804943E+03	 3.20154003782171E-02
 1.99311349594946E+03	-1.55804857346433E-01
 1.99311623384950E+03	-2.82479947824552E-01
 1.99311897174953E+03	-3.32669449649787E-01
 1.99312170964956E+03	-3.06226703021574E-01
 1.99312444754959E+03	-2.13462031192859E-01
 1.99312718544962E+03	-8.00553119938579E-02
 1.99312992334965E+03	 5.33588158620501E-02
 1.99313266124968E+03	 1.48308828496243E-01
 1.99313539914971E+03	 1.90720062865879E-01
 1.99313813704974E+03	 1.95466326724683E-01
 1.99314087494977E+03	 1.87188648285235E-01
 1.99314361284980E+03	 1.75633780623498E-01
 1.99314635074983E+03	 1.48246876873404E-01
 1.99314908864986E+03	 8.56495166924651E-02
 1.99315182654990E+03	-1.48805201995512E-02
 1.99315456444993E+03	-1.29745772220131E-01
 1.99315730234996E+03	-2.22062658160088E-01
 1.99316004024999E+03	-2.63471498994301E-01
 1.99316277815002E+03	-2.42712694610436E-01
 1.99316551605005E+03	-1.57986097307005E-01
 1.99316825395008E+03	-1.25979146566588E-02
 1.99317099185011E+03	 1.73398186746941E-01
 1.99317372975014E+03	 3.51291105837782E-01
 1.99317646765017E+03	 4.56148247653504E-01
 1.99317920555020E+03	 4.42287693976371E-01
 1.99318194345023E+03	 3.12445286977364E-01
 1.99318468135026E+03	 1.15415064016723E-01
 1.99318741925030E+03	-8.36897505862140E-02
 1.99319015715033E+03	-2.34552179107127E-01
 1.99319289505036E+03	-3.12996327943444E-01
 1.99319563295039E+03	-3.14034732641682E-01
 1.99319837085042E+03	-2.44146223316133E-01
 1.99320110875045E+03	-1.23414902063703E-01
 1.99320384665048E+03	 1.17401317769461E-02
 1.99320658455051E+03	 1.20063031364119E-01
 1.99320932245054E+03	 1.77849562267018E-01
 1.99321206035057E+03	 1.91078500739227E-01
 1.99321479825060E+03	 1.83677022727637E-01
 1.99321753615063E+03	 1.72558581969260E-01
 1.99322027405066E+03	 1.52673982014636E-01
 1.99322301195069E+03	 1.04884485163697E-01
 1.99322574985073E+03	 1.86472825346629E-02
 1.99322848775076E+03	-9.15817540386966E-02
 1.99323122565079E+03	-1.91707818871549E-01
 1.99323396355082E+03	-2.49153620239213E-01
 1.99323670145085E+03	-2.47701221293342E-01
 1.99323943935088E+03	-1.84064723392559E-01
 1.99324217725091E+03	-5.97044038945157E-02
 1.99324491515094E+03	 1.13274101153067E-01
 1.99324765305097E+03	 2.97604316635776E-01
 1.99325039095100E+03	 4.32754739635125E-01
 1.99325312885103E+03	 4.63421994105412E-01
 1.99325586675106E+03	 3.73589070026826E-01
 1.99325860465109E+03	 1.96569474939924E-01
 1.99326134255113E+03	-6.06792214944186E-03
 1.99326408045116E+03	-1.77047723785423E-01
 1.99326681835119E+03	-2.82689952886606E-01
 1.99326955625122E+03	-3.11748906071379E-01
 1.99327229415125E+03	-2.66774094174290E-01
 1.99327503205128E+03	-1.62785757052935E-01
 1.99327776995131E+03	-3.09882028035204E-02
 1.99328050785134E+03	 8.73119008023331E-02
 1.99328324575137E+03	 1.60714640630778E-01
 1.99328598365140E+03	 1.85212291541774E-01
 1.99328872155143E+03	 1.80767690933280E-01
 1.99329145945146E+03	 1.69127295005366E-01
 1.99329419735149E+03	 1.53489501278035E-01
 1.99329693525153E+03	 1.18049700858202E-01
 1.99329967315156E+03	 4.69938160035859E-02
 1.99330241105159E+03	-5.47372390397316E-02
 1.99330514895162E+03	-1.58523347984999E-01
 1.99330788685165E+03	-2.29542001002632E-01
 1.99331062475168E+03	-2.46109971568486E-01
 1.99331336265171E+03	-2.02310402897664E-01
 1.99331610055174E+03	-9.88072269668375E-02
 1.99331883845177E+03	 5.75306546362548E-02
 1.99332157635180E+03	 2.40248499054947E-01
 1.99332431425183E+03	 3.96826555409126E-01
 1.99332705215186E+03	 4.67747603924754E-01
 1.99332979005189E+03	 4.20889729695317E-01
 1.99333252795192E+03	 2.71976086584322E-01
 1.99333526585196E+03	 7.43286786268571E-02
 1.99333800375199E+03	-1.11284149127882E-01
 1.99334074165202E+03	-2.42045757184264E-01
 1.99334347955205E+03	-2.99106597872043E-01
 1.99334621745208E+03	-2.80469596890453E-01
 1.99334895535211E+03	-1.96565755638571E-01
 1.99335169325214E+03	-7.30480420022485E-02
 1.99335443115217E+03	 5.09954129451732E-02
 1.99335716905220E+03	 1.38954809920467E-01
 1.99335990695223E+03	 1.76878397328545E-01
 1.99336264485226E+03	 1.78053820523510E-01
 1.99336538275229E+03	 1.66110359609371E-01
 1.99336812065232E+03	 1.52052570422973E-01
 1.99337085855236E+03	 1.25866582942026E-01
 1.99337359645239E+03	 6.95334043081497E-02
 1.99337633435242E+03	-2.07370004905967E-02
 1.99337907225245E+03	-1.23910089345468E-01
 1.99338181015248E+03	-2.05468124294020E-01
 1.99338454805251E+03	-2.38594737194367E-01
 1.99338728595254E+03	-2.13439591885283E-01
 1.99339002385257E+03	-1.29933818779915E-01
 1.99339276175260E+03	 7.88629229582756E-03
 1.99339549965263E+03	 1.82563282973834E-01
 1.99339823755266E+03	 3.51607413196123E-01
 1.99340097545269E+03	 4.56395418987784E-01
 1.99340371335272E+03	 4.52711118158122E-01
 1.99340645125276E+03	 3.38349843201403E-01
 1.99340918915279E+03	 1.54380175095385E-01
 1.99341192705282E+03	-3.91154970168520E-02
 1.99341466495285E+03	-1.91713095244368E-01
 1.99341740285288E+03	-2.76063090598647E-01
 1.99342014075291E+03	-2.84621958825898E-01
 1.99342287865294E+03	-2.23415739368873E-01
 1.99342561655297E+03	-1.12660457416333E-01
 1.99342835445300E+03	 1.24090109751527E-02
 1.99343109235303E+03	 1.12634454769584E-01
 1.99343383025306E+03	 1.65184622159547E-01
 1.99343656815309E+03	 1.74807337674968E-01
 1.99343930605312E+03	 1.63857683932954E-01
 1.99344204395316E+03	 1.49628562374339E-01
 1.99344478185319E+03	 1.29414340777902E-01
 1.99344751975322E+03	 8.61473986529939E-02
 1.99345025765325E+03	 9.13204499129757E-03
 1.99345299555328E+03	-8.93845859942959E-02
 1.99345573345331E+03	-1.77931673609856E-01
 1.99345847135334E+03	-2.25799866285929E-01
 1.99346120925337E+03	-2.18182478483157E-01
 1.99346394715340E+03	-1.53526243116235E-01
 1.99346668505343E+03	-3.47141558132496E-02
 1.99346942295346E+03	 1.27330455536502E-01
 1.99347216085349E+03	 3.00552408164288E-01
 1.99347489875352E+03	 4.31429159282809E-01
 1.99347763665355E+03	 4.68450100140402E-01
 1.99348037455359E+03	 3.92902096163012E-01
 1.99348311245362E+03	 2.30781334015126E-01
 1.99348585035365E+03	 3.70892866239970E-02
 1.99348858825368E+03	-1.32769903377749E-01
 1.99349132615371E+03	-2.42824992995028E-01
 1.99349406405374E+03	-2.78862168771613E-01
 1.99349680195377E+03	-2.42280329915457E-01
 1.99349953985380E+03	-1.48161041543146E-01
 1.99350227775383E+03	-2.69121082876536E-02
 1.99350501565386E+03	 8.22547622113247E-02
 1.99350775355389E+03	 1.49475461673045E-01
 1.99351049145392E+03	 1.70108250212783E-01
 1.99351322935395E+03	 1.62283598437330E-01
 1.99351596725399E+03	 1.47234325387610E-01
 1.99351870515402E+03	 1.29979040768923E-01
 1.99352144305405E+03	 9.72198696196022E-02
 1.99352418095408E+03	 3.39515580560232E-02
 1.99352691885411E+03	-5.64697446449429E-02
 1.99352965675414E+03	-1.48119890730155E-01
 1.99353239465417E+03	-2.08419050862569E-01
 1.99353513255420E+03	-2.17220585250643E-01
 1.99353787045423E+03	-1.70257891138969E-01
 1.99354060835426E+03	-6.99999566852521E-02
 1.99354334625429E+03	 7.66207272323120E-02
 1.99354608415432E+03	 2.47000406613309E-01
 1.99354882205435E+03	 3.95600733301544E-01
 1.99355155995439E+03	 4.68558983204892E-01
 1.99355429785442E+03	 4.33581186294347E-01
 1.99355703575445E+03	 3.00289240103083E-01
 1.99355977365448E+03	 1.14535817295743E-01
 1.99356251155451E+03	-6.67734694983335E-02
 1.99356524945454E+03	-1.99905723450055E-01
 1.99356798735457E+03	-2.63053755536740E-01
 1.99357072525460E+03	-2.52383611952259E-01
 1.99357346315463E+03	-1.78083909523077E-01
 1.99357620105466E+03	-6.53206280619605E-02
 1.99357893895469E+03	 4.87145136288352E-02
 1.99358167685472E+03	 1.29435907926323E-01
 1.99358441475475E+03	 1.62994398854235E-01
 1.99358715265478E+03	 1.60910867786498E-01
 1.99358989055482E+03	 1.45522733600707E-01
 1.99359262845485E+03	 1.28880670818696E-01
 1.99359536635488E+03	 1.03570789191258E-01
 1.99359810425491E+03	 5.32665078014110E-02
 1.99360084215494E+03	-2.65577449731573E-02
 1.99360358005497E+03	-1.17379236435006E-01
 1.99360631795500E+03	-1.87260873472461E-01
 1.99360905585503E+03	-2.11182153304587E-01
 1.99361179375506E+03	-1.80879730042142E-01
 1.99361453165509E+03	-9.82166936691142E-02
 1.99361726955512E+03	 3.17433436072126E-02
 1.99362000745515E+03	 1.93893634577296E-01
 1.99362274535518E+03	 3.52049689878183E-01
 1.99362548325522E+03	 4.54459141462625E-01
 1.99362822115525E+03	 4.59243543914769E-01
 1.99363095905528E+03	 3.59987272262034E-01
 1.99363369695531E+03	 1.90160161689546E-01
 1.99363643485534E+03	 4.23271455920999E-03
 1.99363917275537E+03	-1.48189279858772E-01
 1.99364191065540E+03	-2.37305491194708E-01
 1.99364464855543E+03	-2.53213564193221E-01
 1.99364738645546E+03	-2.01211875795977E-01
 1.99365012435549E+03	-1.01179066608139E-01
 1.99365286225552E+03	 1.32299603685978E-02
 1.99365560015555E+03	 1.05148633693280E-01
 1.99365833805558E+03	 1.52610808832074E-01
 1.99366107595562E+03	 1.58965276466887E-01
 1.99366381385565E+03	 1.44720562787931E-01
 1.99366655175568E+03	 1.27301680168838E-01
 1.99366928965571E+03	 1.06334478111948E-01
 1.99367202755574E+03	 6.71259757710597E-02
 1.99367476545577E+03	-7.67964748899787E-04
 1.99367750335580E+03	-8.71375207232641E-02
 1.99368024125583E+03	-1.63294186166611E-01
 1.99368297915586E+03	-2.00681743686596E-01
 1.99368571705589E+03	-1.86116703969500E-01
 1.99368845495592E+03	-1.19944128587461E-01
 1.99369119285595E+03	-6.70892432326355E-03
 1.99369393075598E+03	 1.43574404372880E-01
 1.99369666865601E+03	 3.03985565280592E-01
 1.99369940655605E+03	 4.28357989462200E-01
 1.99370214445608E+03	 4.69732903021931E-01
 1.99370488235611E+03	 4.07532432315052E-01
 1.99370762025614E+03	 2.60838295351506E-01
 1.99371035815617E+03	 7.77700260174672E-02
 1.99371309605620E+03	-8.89836721565985E-02
 1.99371583395623E+03	-2.02005850788797E-01
 1.99371857185626E+03	-2.44509028247728E-01
 1.99372130975629E+03	-2.16597246312296E-01
 1.99372404765632E+03	-1.32962348061513E-01
 1.99372678555635E+03	-2.27714194598340E-02
 1.99372952345638E+03	 7.71010743653830E-02
 1.99373226135641E+03	 1.38339197804747E-01
 1.99373499925645E+03	 1.55505860192220E-01
 1.99373773715648E+03	 1.44625944898901E-01
 1.99374047505651E+03	 1.26139988184237E-01
 1.99374321295654E+03	 1.06799591403075E-01
 1.99374595085657E+03	 7.60605736716171E-02
 1.99374868875660E+03	 2.01749262851199E-02
 1.99375142665663E+03	-5.87860502134609E-02
 1.99375416455666E+03	-1.37654212842218E-01
 1.99375690245669E+03	-1.86382066504113E-01
 1.99375964035672E+03	-1.86622106359232E-01
 1.99376237825675E+03	-1.35922754596380E-01
 1.99376511615678E+03	-3.87399043595324E-02
 1.99376785405681E+03	 9.76761015998929E-02
 1.99377059195685E+03	 2.54392369156928E-01
 1.99377332985688E+03	 3.92993926792183E-01
 1.99377606775691E+03	 4.65857333302168E-01
 1.99377880565694E+03	 4.41353899350746E-01
 1.99378154355697E+03	 3.23626479733168E-01
 1.99378428145700E+03	 1.51038538651118E-01
 1.99378701935703E+03	-2.40444561366061E-02
 1.99378975725706E+03	-1.57871236367975E-01
 1.99379249515709E+03	-2.26259555308170E-01
 1.99379523305712E+03	-2.23562747731716E-01
 1.99379797095715E+03	-1.59333105922582E-01
 1.99380070885718E+03	-5.77667854004737E-02
 1.99380344675721E+03	 4.61461751604518E-02
 1.99380618465725E+03	 1.19892277583793E-01
 1.99380892255728E+03	 1.49571833383800E-01
 1.99381166045731E+03	 1.44663287489267E-01
 1.99381439835734E+03	 1.25905565015719E-01
 1.99381713625737E+03	 1.06232755997805E-01
 1.99381987415740E+03	 8.09971839971987E-02
 1.99382261205743E+03	 3.60199434113101E-02
 1.99382534995746E+03	-3.35407219057023E-02
 1.99382808785749E+03	-1.11599979422938E-01
 1.99383082575752E+03	-1.69052835612359E-01
 1.99383356365755E+03	-1.82984751330737E-01
 1.99383630155758E+03	-1.46915643597154E-01
 1.99383903945761E+03	-6.47844608191791E-02
 1.99384177735764E+03	 5.71110141323477E-02
 1.99384451525768E+03	 2.05789302961684E-01
 1.99384725315771E+03	 3.51342657138147E-01
 1.99384999105774E+03	 4.49267392281255E-01
 1.99385272895777E+03	 4.60776390323048E-01
 1.99385546685780E+03	 3.76003410330183E-01
 1.99385820475783E+03	 2.21087728711167E-01
 1.99386094265786E+03	 4.44479464587447E-02
 1.99386368055789E+03	-1.05993835098245E-01
 1.99386641845792E+03	-1.98722552817333E-01
 1.99386915635795E+03	-2.21694382876892E-01
 1.99387189425798E+03	-1.79188297109564E-01
 1.99387463215801E+03	-9.02481452346949E-02
 1.99387737005804E+03	 1.34265615040741E-02
 1.99388010795808E+03	 9.73634911613484E-02
 1.99388284585811E+03	 1.40326141653839E-01
 1.99388558375814E+03	 1.43985823956289E-01
 1.99388832165817E+03	 1.26673099387146E-01
 1.99389105955820E+03	 1.05710286531052E-01
 1.99389379745823E+03	 8.31217937926845E-02
 1.99389653535826E+03	 4.70097115028072E-02
 1.99389927325829E+03	-1.23065911871045E-02
 1.99390201115832E+03	-8.64252003768015E-02
 1.99390474905835E+03	-1.49603799432209E-01
 1.99390748695838E+03	-1.75773038625915E-01
 1.99391022485841E+03	-1.53621686324865E-01
 1.99391296275844E+03	-8.55296576749398E-02
 1.99391570065848E+03	 2.21436721120283E-02
 1.99391843855851E+03	 1.60072035890874E-01
 1.99392117645854E+03	 3.06322159927608E-01
 1.99392391435857E+03	 4.22251777553830E-01
 1.99392665225860E+03	 4.66051639425032E-01
 1.99392939015863E+03	 4.16082917811752E-01
 1.99393212805866E+03	 2.85027855445254E-01
 1.99393486595869E+03	 1.13966557703656E-01
 1.99393760385872E+03	-4.78718786913253E-02
 1.99394034175875E+03	-1.62455151250525E-01
 1.99394307965878E+03	-2.10837145676306E-01
 1.99394581755881E+03	-1.91681463662533E-01
 1.99394855545884E+03	-1.18815296844406E-01
 1.99395129335887E+03	-1.97242624019000E-02
 1.99395403125891E+03	 7.12297125365835E-02
 1.99395676915894E+03	 1.27177353145822E-01
 1.99395950705897E+03	 1.41609992042674E-01
 1.99396224495900E+03	 1.28095083881423E-01
 1.99396498285903E+03	 1.05980927486928E-01
 1.99396772075906E+03	 8.37094370736396E-02
 1.99397045865909E+03	 5.38348226770037E-02
 1.99397319655912E+03	 4.42875472099454E-03
 1.99397593445915E+03	-6.33357297732585E-02
 1.99397867235918E+03	-1.29076284697366E-01
 1.99398141025921E+03	-1.65593460280171E-01
 1.99398414815924E+03	-1.56643944151387E-01
 1.99398688605927E+03	-1.01752589605843E-01
 1.99398962395931E+03	-7.47275069900673E-03
 1.99399236185934E+03	 1.18446068117494E-01
 1.99399509975937E+03	 2.60532088329271E-01
 1.99399783765940E+03	 3.87477479574808E-01
 1.99400057555943E+03	 4.58293583162470E-01
 1.99400331345946E+03	 4.42768761140133E-01
 1.99400605135949E+03	 3.40257703677093E-01
 1.99400878925952E+03	 1.81771882341234E-01
 1.99401152715955E+03	 1.45942610191873E-02
 1.99401426505958E+03	-1.18351716784687E-01
 1.99401700295961E+03	-1.91100900900338E-01
 1.99401974085964E+03	-1.96228902955485E-01
 1.99402247875967E+03	-1.42245068386105E-01
 1.99402521665971E+03	-5.18888330306455E-02
 1.99402795455974E+03	 4.23110617442926E-02
 1.99403069245977E+03	 1.09865867549439E-01
 1.99403343035980E+03	 1.36562413113618E-01
 1.99403616825983E+03	 1.29471156857411E-01
 1.99403890615986E+03	 1.07377660705041E-01
 1.99404164405989E+03	 8.39453571611715E-02
 1.99404438195992E+03	 5.75269171697006E-02
 1.99404711985995E+03	 1.66517522342523E-02
 1.99404985775998E+03	-4.33149483728466E-02
 1.99405259566001E+03	-1.08587968616033E-01
 1.99405533356004E+03	-1.53139784656693E-01
 1.99405807146007E+03	-1.56505005292698E-01
 1.99406080936010E+03	-1.14197482818594E-01
 1.99406354726014E+03	-3.23260999892711E-02
 1.99406628516017E+03	 8.14500371164404E-02
 1.99406902306020E+03	 2.16056848001132E-01
 1.99407176096023E+03	 3.47708061517726E-01
 1.99407449886026E+03	 4.39325785610399E-01
 1.99407723676029E+03	 4.55830239518189E-01
 1.99407997466032E+03	 3.84679941221424E-01
 1.99408271256035E+03	 2.45091731714964E-01
 1.99408545046038E+03	 7.91522877036622E-02
 1.99408818836041E+03	-6.76734208016417E-02
 1.99409092626044E+03	-1.62878268402985E-01
 1.99409366416047E+03	-1.92509397768435E-01
 1.99409640206050E+03	-1.59535977468779E-01
 1.99409913996054E+03	-8.16672387777256E-02
 1.99410187786057E+03	 1.16973388250942E-02
 1.99410461576060E+03	 8.85063661882476E-02
 1.99410735366063E+03	 1.28019729325815E-01
 1.99411009156066E+03	 1.29862019498402E-01
 1.99411282946069E+03	 1.09789167185749E-01
 1.99411556736072E+03	 8.47626968418013E-02
 1.99411830526075E+03	 5.93048638364941E-02
 1.99412104316078E+03	 2.48161893002641E-02
 1.99412378106081E+03	-2.70024222798928E-02
 1.99412651896084E+03	-8.92369611937217E-02
 1.99412925686087E+03	-1.39213066840182E-01
 1.99413199476090E+03	-1.53692177477516E-01
 1.99413473266094E+03	-1.23504089594802E-01
 1.99413747056097E+03	-5.31715317322253E-02
 1.99414020846100E+03	 4.90543622405625E-02
 1.99414294636103E+03	 1.74351196301278E-01
 1.99414568426106E+03	 3.05535412087448E-01
 1.99414842216109E+03	 4.11461310605441E-01
 1.99415116006112E+03	 4.55887863187603E-01
 1.99415389796115E+03	 4.16875399780923E-01
 1.99415663586118E+03	 3.01327953929008E-01
 1.99415937376121E+03	 1.43299250220748E-01
 1.99416211166124E+03	-1.20548038731007E-02
 1.99416484956127E+03	-1.26870356799488E-01
 1.99416758746130E+03	-1.80465876874974E-01
 1.99417032536134E+03	-1.69932200295828E-01
 1.99417306326137E+03	-1.07763092383632E-01
 1.99417580116140E+03	-1.93461129327503E-02
 1.99417853906143E+03	 6.35850382607048E-02
 1.99418127696146E+03	 1.15423863707483E-01
 1.99418401486149E+03	 1.28230762477001E-01
 1.99418675276152E+03	 1.12692785151854E-01
 1.99418949066155E+03	 8.67192493653778E-02
 1.99419222856158E+03	 6.03960538591392E-02
 1.99419496646161E+03	 2.97707462237812E-02
 1.99419770436164E+03	-1.46101197806203E-02
 1.99420044226167E+03	-7.19813053860020E-02
 1.99420318016170E+03	-1.24700751812634E-01
 1.99420591806173E+03	-1.48710647298660E-01
 1.99420865596177E+03	-1.30187731704535E-01
 1.99421139386180E+03	-7.07812322486184E-02
 1.99421413176183E+03	 2.08113196751548E-02
 1.99421686966186E+03	 1.36214597346738E-01
 1.99421960756189E+03	 2.63156979330445E-01
 1.99422234546192E+03	 3.77243909934255E-01
 1.99422508336195E+03	 4.44310531681267E-01
 1.99422782126198E+03	 4.36212193971632E-01
 1.99423055916201E+03	 3.48265010983079E-01
 1.99423329706204E+03	 2.04429572666549E-01
 1.99423603496207E+03	 4.65257306027660E-02
 1.99423877286210E+03	-8.41110824607041E-02
 1.99424151076213E+03	-1.60313868456186E-01
 1.99424424866217E+03	-1.72933799419069E-01
 1.99424698656220E+03	-1.29048480147510E-01
 1.99424972446223E+03	-4.94793926712671E-02
 1.99425246236226E+03	 3.59163272022086E-02
 1.99425520026229E+03	 9.85598797891193E-02
 1.99425793816232E+03	 1.23591690778047E-01
 1.99426067606235E+03	 1.15242149953126E-01
 1.99426341396238E+03	 8.99296384350370E-02
 1.99426615186241E+03	 6.18587754662992E-02
 1.99426888976244E+03	 3.26293249588391E-02
 1.99427162766247E+03	-5.89466802933131E-03
 1.99427436556250E+03	-5.75166907012472E-02
 1.99427710346253E+03	-1.10513645237426E-01
 1.99427984136257E+03	-1.42123079968445E-01
 1.99428257926260E+03	-1.34660829524709E-01
 1.99428531716263E+03	-8.58364564982105E-02
 1.99428805506266E+03	-3.97220133754634E-03
 1.99429079296269E+03	 1.01847780304318E-01
 1.99429353086272E+03	 2.22222717330870E-01
 1.99429626876275E+03	 3.39183801472538E-01
 1.99429900666278E+03	 4.23037693575019E-01
 1.99430174456281E+03	 4.42874047513052E-01
 1.99430448246284E+03	 3.84253072038361E-01
 1.99430722036287E+03	 2.60016562412436E-01
 1.99430995826290E+03	 1.05819359893397E-01
 1.99431269616293E+03	-3.59778074514783E-02
 1.99431543406296E+03	-1.32556789945513E-01
 1.99431817196300E+03	-1.68300975084709E-01
 1.99432090986303E+03	-1.44607225336141E-01
 1.99432364776306E+03	-7.73835581242061E-02
 1.99432638566309E+03	 6.56881048881801E-03
 1.99432912356312E+03	 7.75896961426802E-02
 1.99433186146315E+03	 1.15146979108944E-01
 1.99433459936318E+03	 1.16395434609402E-01
 1.99433733726321E+03	 9.40608438170493E-02
 1.99434007516324E+03	 6.44313469740573E-02
 1.99434281306327E+03	 3.46024196099088E-02
 1.99434555096330E+03	-1.94716827747858E-04
 1.99434828886333E+03	-4.61772243965704E-02
 1.99435102676336E+03	-9.74901970382765E-02
 1.99435376466340E+03	-1.34559203130977E-01
 1.99435650256343E+03	-1.37278337606247E-01
 1.99435924046346E+03	-9.88703533869758E-02
 1.99436197836349E+03	-2.60678551065926E-02
 1.99436471626352E+03	 7.09739603746232E-02
 1.99436745416355E+03	 1.83765057005930E-01
 1.99437019206358E+03	 2.99520875902956E-01
 1.99437292996361E+03	 3.94349976492735E-01
 1.99437566786364E+03	 4.37803170228003E-01
 1.99437840576367E+03	 4.08340406546104E-01
 1.99438114366370E+03	 3.07806868253292E-01
 1.99438388156373E+03	 1.63424623725352E-01
 1.99438661946376E+03	 1.58240873316586E-02
 1.99438935736380E+03	-9.80031860433316E-02
 1.99439209526383E+03	-1.56058676561773E-01
 1.99439483316386E+03	-1.53759845629941E-01
 1.99439757106389E+03	-1.01841577091633E-01
 1.99440030896392E+03	-2.32273046359317E-02
 1.99440304686395E+03	 5.30414297536489E-02
 1.99440578476398E+03	 1.02394504625932E-01
 1.99440852266401E+03	 1.15065249201938E-01
 1.99441126056404E+03	 9.83896651392587E-02
 1.99441399846407E+03	 6.84293301917130E-02
 1.99441673636410E+03	 3.68143369242481E-02
 1.99441947426413E+03	 3.46875718050720E-03
 1.99442221216416E+03	-3.78811473113363E-02
 1.99442495006419E+03	-8.62861753987209E-02
 1.99442768796423E+03	-1.26687475578491E-01
 1.99443042586426E+03	-1.38386428558804E-01
 1.99443316376429E+03	-1.10259198029771E-01
 1.99443590166432E+03	-4.61886873154958E-02
 1.99443863956435E+03	 4.29996351913531E-02
 1.99444137746438E+03	 1.48212897889588E-01
 1.99444411536441E+03	 2.60043062866934E-01
 1.99444685326444E+03	 3.60618288567074E-01
 1.99444959116447E+03	 4.22564799108932E-01
 1.99445232906450E+03	 4.20336080057323E-01
 1.99445506696453E+03	 3.46003240530227E-01
 1.99445780486456E+03	 2.16941607217495E-01
 1.99446054276459E+03	 6.93121332680765E-02
 1.99446328066463E+03	-5.77771959179292E-02
 1.99446601856466E+03	-1.36504692763112E-01
 1.99446875646469E+03	-1.56076041130556E-01
 1.99447149436472E+03	-1.21799865039758E-01
 1.99447423226475E+03	-5.21779960798304E-02
 1.99447697016478E+03	 2.57600733844650E-02
 1.99447970806481E+03	 8.51953634267477E-02
 1.99448244596484E+03	 1.10269394061299E-01
 1.99448518386487E+03	 1.01911998923865E-01
 1.99448792176490E+03	 7.37045751791321E-02
 1.99449065966493E+03	 4.01334479217736E-02
 1.99449339756496E+03	 6.24234489989244E-03
 1.99449613546499E+03	-3.21360174777806E-02
 1.99449887336503E+03	-7.72726528541064E-02
 1.99450161126506E+03	-1.19151089774030E-01
 1.99450434916509E+03	-1.38355425979019E-01
 1.99450708706512E+03	-1.20250420388801E-01
 1.99450982496515E+03	-6.48971040958437E-02
 1.99451256286518E+03	 1.71867903163769E-02
 1.99451530076521E+03	 1.15478840140455E-01
 1.99451803866524E+03	 2.21978687298346E-01
 1.99452077656527E+03	 3.24063475611195E-01
 1.99452351446530E+03	 3.99151249875028E-01
 1.99452625236533E+03	 4.20793302582400E-01
 1.99452899026536E+03	 3.73410785395197E-01
 1.99453172816539E+03	 2.64146973295920E-01
 1.99453446606543E+03	 1.22317112151063E-01
 1.99453720396546E+03	-1.33117938752511E-02
 1.99453994186549E+03	-1.10220226824976E-01
 1.99454267976552E+03	-1.51381038537152E-01
 1.99454541766555E+03	-1.36409892675648E-01
 1.99454815556558E+03	-7.90170297979432E-02
 1.99455089346561E+03	-3.17031963437535E-03
 1.99455363136564E+03	 6.37959573688546E-02
 1.99455636926567E+03	 1.01262892516300E-01
 1.99455910716570E+03	 1.03486996970489E-01
 1.99456184506573E+03	 7.96703990426031E-02
 1.99456458296576E+03	 4.50405444575730E-02
 1.99456732086579E+03	 9.26217143030714E-03
 1.99457005876582E+03	-2.81075469851856E-02
 1.99457279666586E+03	-7.04653179419269E-02
 1.99457553456589E+03	-1.12480136548152E-01
 1.99457827246592E+03	-1.37583794043372E-01
 1.99458101036595E+03	-1.29009867558608E-01
 1.99458374826598E+03	-8.25632155290455E-02
 1.99458648616601E+03	-7.19001090537386E-03
 1.99458922406604E+03	 8.50994338913212E-02
 1.99459196196607E+03	 1.85970401645265E-01
 1.99459469986610E+03	 2.86556043320358E-01
 1.99459743776613E+03	 3.69751377703922E-01
 1.99460017566616E+03	 4.10914762102302E-01
 1.99460291356619E+03	 3.89525830440192E-01
 1.99460565146622E+03	 3.03168887299512E-01
 1.99460838936626E+03	 1.72609594771958E-01
 1.99461112726629E+03	 3.36847826670055E-02
 1.99461386516632E+03	-7.80779965597023E-02
 1.99461660306635E+03	-1.39760688105627E-01
 1.99461934096638E+03	-1.45052879251711E-01
 1.99462207886641E+03	-1.02583012454259E-01
 1.99462481676644E+03	-3.25203392792026E-02
 1.99462755466647E+03	 3.88060872533135E-02
 1.99463029256650E+03	 8.76356731813966E-02
 1.99463303046653E+03	 1.01995207709011E-01
 1.99463576836656E+03	 8.53874536027087E-02
 1.99463850626659E+03	 5.15542717430030E-02
 1.99464124416662E+03	 1.34747892361699E-02
 1.99464398206666E+03	-2.47449306954668E-02
 1.99464671996669E+03	-6.55034502742982E-02
 1.99464945786672E+03	-1.06998763493395E-01
 1.99465219576675E+03	-1.36468576943062E-01
 1.99465493366678E+03	-1.36669032030710E-01
 1.99465767156681E+03	-9.93687668222440E-02
 1.99466040946684E+03	-3.07223702298807E-02
 1.99466314736687E+03	 5.64024917245842E-02
 1.99466588526690E+03	 1.52126467800939E-01
 1.99466862316693E+03	 2.49478711305935E-01
 1.99467136106696E+03	 3.36515521145137E-01
 1.99467409896699E+03	 3.92392146372754E-01
 1.99467683686702E+03	 3.94553946589693E-01
 1.99467957476705E+03	 3.32638776369294E-01
 1.99468231266709E+03	 2.18052140517985E-01
 1.99468505056712E+03	 8.12955169425583E-02
 1.99468778846715E+03	-4.12401316682208E-02
 1.99469052636718E+03	-1.21567347863664E-01
 1.99469326426721E+03	-1.47352657424900E-01
 1.99469600216724E+03	-1.21877603494136E-01
 1.99469874006727E+03	-6.10120106154568E-02
 1.99470147796730E+03	 1.11401894882675E-02
 1.99470421586733E+03	 6.93661508204023E-02
 1.99470695376736E+03	 9.64891103848404E-02
 1.99470969166739E+03	 8.96963334269299E-02
 1.99471242956742E+03	 5.92236486381928E-02
 1.99471516746745E+03	 1.94842744297831E-02
 1.99471790536749E+03	-2.09452639035464E-02
 1.99472064326752E+03	-6.16883608370976E-02
 1.99472338116755E+03	-1.02749136503764E-01
 1.99472611906758E+03	-1.35347142476337E-01
 1.99472885696761E+03	-1.43355624420131E-01
 1.99473159486764E+03	-1.15343822647106E-01
 1.99473433276767E+03	-5.37946242418058E-02
 1.99473707066770E+03	 2.86742199305842E-02
 1.99473980856773E+03	 1.20134613980324E-01
 1.99474254646776E+03	 2.13664781537286E-01
 1.99474528436779E+03	 3.01345734399293E-01
 1.99474802226782E+03	 3.67201103433694E-01
 1.99475076016785E+03	 3.89353408872388E-01
 1.99475349806789E+03	 3.51798568528306E-01
 1.99475623596792E+03	 2.56760553060581E-01
 1.99475897386795E+03	 1.27494626116377E-01
 1.99476171176798E+03	-1.13733363444455E-03
 1.99476444966801E+03	-9.74250968860986E-02
 1.99476718756804E+03	-1.43182093328336E-01
 1.99476992546807E+03	-1.36104627608723E-01
 1.99477266336810E+03	-8.74077065524684E-02
 1.99477540126813E+03	-1.80671055507814E-02
 1.99477813916816E+03	 4.68277447183299E-02
 1.99478087706819E+03	 8.63169317289699E-02
 1.99478361496822E+03	 9.13769744380330E-02
 1.99478635286825E+03	 6.71874393170183E-02
 1.99478909076828E+03	 2.74486966524754E-02
 1.99479182866832E+03	-1.57323798640889E-02
 1.99479456656835E+03	-5.80803682250805E-02
 1.99479730446838E+03	-9.94523370142810E-02
 1.99480004236841E+03	-1.34423384610527E-01
 1.99480278026844E+03	-1.49197107554208E-01
 1.99480551816847E+03	-1.30418726111823E-01
 1.99480825606850E+03	-7.65603158255600E-02
 1.99481099396853E+03	 1.30204985504010E-03
 1.99481373186856E+03	 8.94159864637241E-02
 1.99481646976859E+03	 1.79414046178869E-01
 1.99481920766862E+03	 2.65736531803707E-01
 1.99482194556865E+03	 3.37378725966953E-01
 1.99482468346868E+03	 3.75310851198139E-01
 1.99482742136872E+03	 3.60547383432932E-01
 1.99483015926875E+03	 2.87253969203168E-01
 1.99483289716878E+03	 1.70275259112676E-01
 1.99483563506881E+03	 4.05777259092759E-02
 1.99483837296884E+03	-6.82296401809988E-02
 1.99484111086887E+03	-1.32667070250621E-01
 1.99484384876890E+03	-1.44693037004116E-01
 1.99484658666893E+03	-1.10583533818201E-01
 1.99484932456896E+03	-4.75580196533497E-02
 1.99485206246899E+03	 2.07519695175434E-02
 1.99485480036902E+03	 7.12056990526263E-02
 1.99485753826905E+03	 8.93121804690229E-02
 1.99486027616908E+03	 7.42903065635243E-02
 1.99486301406912E+03	 3.70413088145873E-02
 1.99486575196915E+03	-8.42241776537939E-03
 1.99486848986918E+03	-5.36424904147184E-02
 1.99487122776921E+03	-9.65203048748096E-02
 1.99487396566924E+03	-1.33696910547678E-01
 1.99487670356927E+03	-1.54295179197521E-01
 1.99487944146930E+03	-1.44473316703638E-01
 1.99488217936933E+03	-9.89613895976649E-02
 1.99488491726936E+03	-2.61241791034737E-02
 1.99488765516939E+03	 5.92929418521780E-02
 1.99489039306942E+03	 1.46576992551546E-01
 1.99489313096945E+03	 2.30683278428806E-01
 1.99489586886948E+03	 3.04812412026884E-01
 1.99489860676952E+03	 3.54165391391307E-01
 1.99490134466955E+03	 3.59419756763680E-01
 1.99490408256958E+03	 3.08573250578070E-01
 1.99490682046961E+03	 2.07792878565253E-01
 1.99490955836964E+03	 8.21061300363954E-02
 1.99491229626967E+03	-3.51362801756095E-02
 1.99491503416970E+03	-1.16189473996892E-01
 1.99491777206973E+03	-1.47308473327915E-01
 1.99492050996976E+03	-1.29583570269029E-01
 1.99492324786979E+03	-7.60485500683739E-02
 1.99492598576982E+03	-7.84285992038141E-03
 1.99492872366985E+03	 5.12961797285874E-02
 1.99493146156988E+03	 8.26334080854801E-02
 1.99493419946991E+03	 7.92378066801102E-02
 1.99493693736995E+03	 4.74816870556215E-02
 1.99493967526998E+03	 1.24984600904363E-03
 1.99494241317001E+03	-4.74100450587861E-02
 1.99494515107004E+03	-9.31237344083487E-02
 1.99494788897007E+03	-1.32915025461934E-01
 1.99495062687010E+03	-1.58677834804763E-01
 1.99495336477013E+03	-1.57368839037373E-01
 1.99495610267016E+03	-1.20776022481757E-01
 1.99495884057019E+03	-5.37609899963477E-02
 1.99496157847022E+03	 2.91449938892920E-02
 1.99496431637025E+03	 1.14689060302586E-01
 1.99496705427028E+03	 1.96665085714705E-01
 1.99496979217031E+03	 2.71066462051273E-01
 1.99497253007035E+03	 3.27804561096480E-01
 1.99497526797038E+03	 3.49497077784606E-01
 1.99497800587041E+03	 3.20350312864913E-01
 1.99498074377044E+03	 2.38507744532199E-01
 1.99498348167047E+03	 1.21605754725439E-01
 1.99498621957050E+03	 4.70850268826565E-04
 1.99498895747053E+03	-9.43875968351218E-02
 1.99499169537056E+03	-1.43858328276122E-01
 1.99499443327059E+03	-1.43655216211190E-01
 1.99499717117062E+03	-1.02314832592429E-01
 1.99499990907065E+03	-3.77447895473936E-02
 1.99500264697068E+03	 2.71295416853179E-02
 1.99500538487071E+03	 7.08308883335899E-02
 1.99500812277075E+03	 8.07675200074870E-02
 1.99501086067078E+03	 5.76313873584997E-02
 1.99501359857081E+03	 1.30638000127761E-02
 1.99501633647084E+03	-3.86599363655546E-02
 1.99501907437087E+03	-8.83102358731427E-02
 1.99502181227090E+03	-1.31564220113647E-01
 1.99502455017093E+03	-1.62242674685361E-01
 1.99502728807096E+03	-1.68954494747571E-01
 1.99503002597099E+03	-1.41677599215869E-01
 1.99503276387102E+03	-8.15087021618183E-02
 1.99503550177105E+03	-1.46817312465595E-03
 1.99503823967108E+03	 8.31309850247956E-02
 1.99504097757111E+03	 1.63698247330107E-01
 1.99504371547114E+03	 2.37266501832592E-01
 1.99504645337118E+03	 2.98058891570033E-01
 1.99504919127121E+03	 3.32263396879461E-01
 1.99505192917124E+03	 3.22817244065596E-01
 1.99505466707127E+03	 2.61307906201972E-01
 1.99505740497130E+03	 1.57314138635349E-01
 1.99506014287133E+03	 3.70332570142404E-02
 1.99506288077136E+03	-6.81497548835110E-02
 1.99506561867139E+03	-1.34493835534600E-01
 1.99506835657142E+03	-1.52268905124548E-01
 1.99507109447145E+03	-1.25262127562614E-01
 1.99507383237148E+03	-6.76495543826907E-02
 1.99507657027151E+03	-4.07898067002418E-04
 1.99507930817154E+03	 5.38164423350555E-02
 1.99508204607158E+03	 7.78125210993392E-02
 1.99508478397161E+03	 6.61392514151800E-02
 1.99508752187164E+03	 2.63155350939509E-02
 1.99509025977167E+03	-2.70525423716374E-02
 1.99509299767170E+03	-8.11571333258647E-02
 1.99509573557173E+03	-1.28910937190610E-01
 1.99509847347176E+03	-1.64709010063883E-01
 1.99510121137179E+03	-1.79048674242978E-01
 1.99510394927182E+03	-1.61287910192631E-01
 1.99510668717185E+03	-1.09047851596303E-01
 1.99510942507188E+03	-3.27300727559476E-02
 1.99511216297191E+03	 5.12895801896210E-02
 1.99511490087194E+03	 1.31446552135820E-01
 1.99511763877198E+03	 2.04052835535696E-01
 1.99512037667201E+03	 2.66521482338416E-01
 1.99512311457204E+03	 3.09424610827041E-01
 1.99512585247207E+03	 3.16752337129808E-01
 1.99512859037210E+03	 2.75595205706471E-01
 1.99513132827213E+03	 1.87678688252894E-01
 1.99513406617216E+03	 7.28975985981730E-02
 1.99513680407219E+03	-3.85954508883083E-02
 1.99513954197222E+03	-1.19610321355382E-01
 1.99514227987225E+03	-1.55126980856911E-01
 1.99514501777228E+03	-1.43973751693431E-01
 1.99514775567231E+03	-9.62574553454550E-02
 1.99515049357234E+03	-3.01705461837429E-02
 1.99515323147237E+03	 3.19348200524706E-02
 1.99515596937241E+03	 6.96359224219949E-02
 1.99515870727244E+03	 7.16147397838616E-02
 1.99516144517247E+03	 3.98898612943843E-02
 1.99516418307250E+03	-1.27229373772833E-02
 1.99516692097253E+03	-7.09358976063327E-02
 1.99516965887256E+03	-1.24091991696295E-01
 1.99517239677259E+03	-1.65596196795203E-01
 1.99517513467262E+03	-1.87402750435708E-01
 1.99517787257265E+03	-1.79211849864703E-01
 1.99518061047268E+03	-1.35899219950487E-01
 1.99518334837271E+03	-6.45414083774510E-02
 1.99518608627274E+03	 1.86957418872718E-02
 1.99518882417277E+03	 9.93676912813410E-02
 1.99519156207281E+03	 1.71603588462575E-01
 1.99519429997284E+03	 2.34414493867349E-01
 1.99519703787287E+03	 2.82714979562827E-01
 1.99519977577290E+03	 3.03369130837733E-01
 1.99520251367293E+03	 2.81320960899284E-01
 1.99520525157296E+03	 2.11478451996019E-01
 1.99520798947299E+03	 1.06416851968113E-01
 1.99521072737302E+03	-7.03861303339551E-03
 1.99521346527305E+03	-9.98440089320004E-02
 1.99521620317308E+03	-1.52166505215188E-01
 1.99521894107311E+03	-1.57741092641639E-01
 1.99522167897314E+03	-1.22356085900385E-01
 1.99522441687317E+03	-6.08560502850420E-02
 1.99522715477321E+03	 5.92681243955084E-03
 1.99522989267324E+03	 5.59207426128449E-02
 1.99523263057327E+03	 7.28045616715640E-02
 1.99523536847330E+03	 5.23909933538662E-02
 1.99523810637333E+03	 3.69403192231930E-03
 1.99524084427336E+03	-5.72618229356838E-02
 1.99524358217339E+03	-1.16244990777765E-01
 1.99524632007342E+03	-1.64241437291270E-01
 1.99524905797345E+03	-1.93661195547892E-01
 1.99525179587348E+03	-1.95047679243536E-01
 1.99525453377351E+03	-1.61490003316878E-01
 1.99525727167354E+03	-9.65398602204379E-02
 1.99526000957357E+03	-1.48775987018268E-02
 1.99526274747361E+03	 6.68714348946984E-02
 1.99526548537364E+03	 1.39718618450650E-01
 1.99526822327367E+03	 2.02517028847359E-01
 1.99527096117370E+03	 2.53716229593770E-01
 1.99527369907373E+03	 2.84162726968909E-01
 1.99527643697376E+03	 2.78964608598067E-01
 1.99527917487379E+03	 2.27920951388218E-01
 1.99528191277382E+03	 1.36064830771811E-01
 1.99528465067385E+03	 2.50705735469794E-02
 1.99528738857388E+03	-7.60614965589275E-02
 1.99529012647391E+03	-1.43559291378573E-01
 1.99529286437394E+03	-1.66078611944000E-01
 1.99529560227397E+03	-1.44883254946407E-01
 1.99529834017400E+03	-9.11102489354871E-02
 1.99530107807404E+03	-2.31463933240992E-02
 1.99530381597407E+03	 3.68067807305117E-02
 1.99530655387410E+03	 6.87486871884581E-02
 1.99530929177413E+03	 6.23125742142019E-02
 1.99531202967416E+03	 2.11099589177317E-02
 1.99531476757419E+03	-4.02038042317682E-02
 1.99531750547422E+03	-1.04660417525469E-01
 1.99532024337425E+03	-1.59862833278866E-01
 1.99532298127428E+03	-1.97334384440450E-01
 1.99532571917431E+03	-2.08374731982862E-01
 1.99532845707434E+03	-1.85210372917049E-01
 1.99533119497437E+03	-1.28153529412438E-01
 1.99533393287440E+03	-4.93665805671108E-02
 1.99533667077444E+03	 3.34656828949353E-02
 1.99533940867447E+03	 1.07947143648788E-01
 1.99534214657450E+03	 1.71159550429031E-01
 1.99534488447453E+03	 2.23712011121504E-01
 1.99534762237456E+03	 2.60733689269558E-01
 1.99535036027459E+03	 2.69456584677490E-01
 1.99535309817462E+03	 2.36699654454668E-01
 1.99535583607465E+03	 1.60551727378451E-01
 1.99535857397468E+03	 5.62252459015107E-02
 1.99536131187471E+03	-4.93368941565451E-02
 1.99536404977474E+03	-1.29710064912553E-01
 1.99536678767477E+03	-1.68729009285169E-01
 1.99536952557480E+03	-1.62968763083219E-01
 1.99537226347484E+03	-1.19622349766183E-01
 1.99537500137487E+03	-5.40039871665318E-02
 1.99537773927490E+03	 1.28742245363131E-02
 1.99538047717493E+03	 5.88962045754708E-02
 1.99538321507496E+03	 6.82225309107173E-02
 1.99538595297499E+03	 3.80944491620469E-02
 1.99538869087502E+03	-2.03347486636860E-02
 1.99539142877505E+03	-8.89314317738308E-02
 1.99539416667508E+03	-1.51664209497011E-01
 1.99539690457511E+03	-1.97799150447883E-01
 1.99539964247514E+03	-2.18727549431311E-01
 1.99540238037517E+03	-2.06449664826964E-01
 1.99540511827520E+03	-1.58671601706481E-01
 1.99540785617523E+03	-8.44165247771669E-02
 1.99541059407527E+03	-1.12935918397286E-03
 1.99541333197530E+03	 7.57370482061459E-02
 1.99541606987533E+03	 1.40280328125215E-01
 1.99541880777536E+03	 1.93594679971687E-01
 1.99542154567539E+03	 2.34612759298368E-01
 1.99542428357542E+03	 2.54054755653717E-01
 1.99542702147545E+03	 2.38002397610832E-01
 1.99542975937548E+03	 1.78926116479141E-01
 1.99543249727551E+03	 8.49585360508813E-02
 1.99543523517554E+03	-2.09120315982191E-02
 1.99543797307557E+03	-1.11251038455800E-01
 1.99544071097560E+03	-1.65663374069829E-01
 1.99544344887563E+03	-1.75957417616868E-01
 1.99544618677567E+03	-1.45201803469550E-01
 1.99544892467570E+03	-8.52562000641898E-02
 1.99545166257573E+03	-1.49189260377347E-02
 1.99545440047576E+03	 4.31684956633859E-02
 1.99545713837579E+03	 6.89371076001555E-02
 1.99545987627582E+03	 5.30362087781186E-02
 1.99546261417585E+03	 1.28775713399388E-03
 1.99546535207588E+03	-6.90760367276960E-02
 1.99546808997591E+03	-1.38969012272824E-01
 1.99547082787594E+03	-1.94337150603320E-01
 1.99547356577597E+03	-2.25570246300053E-01
 1.99547630367600E+03	-2.24608494073076E-01
 1.99547904157603E+03	-1.87315152132897E-01
 1.99548177947607E+03	-1.19422792297136E-01
 1.99548451737610E+03	-3.69116620776035E-02
 1.99548725527613E+03	 4.25824973207872E-02
 1.99548999317616E+03	 1.09530905309690E-01
 1.99549273107619E+03	 1.63833268071442E-01
 1.99549546897622E+03	 2.07109013274940E-01
 1.99549820687625E+03	 2.34190450956013E-01
 1.99550094477628E+03	 2.32467688147946E-01
 1.99550368267631E+03	 1.90649027532763E-01
 1.99550642057634E+03	 1.09948754423051E-01
 1.99550915847637E+03	 7.86279353476488E-03
 1.99551189637640E+03	-8.90291013836993E-02
 1.99551463427643E+03	-1.57079438053299E-01
 1.99551737217646E+03	-1.83418146043090E-01
 1.99552011007650E+03	-1.66832847584943E-01
 1.99552284797653E+03	-1.15510544895727E-01
 1.99552558587656E+03	-4.53329747558766E-02
 1.99552832377659E+03	 2.19655526222005E-02
 1.99553106167662E+03	 6.36612645989997E-02
 1.99553379957665E+03	 6.43306693137457E-02
 1.99553653747668E+03	 2.32100222726166E-02
 1.99553927537671E+03	-4.56093992845843E-02
 1.99554201327674E+03	-1.21363280602910E-01
 1.99554475117677E+03	-1.86213341264574E-01
 1.99554748907680E+03	-2.28286338338816E-01
 1.99555022697683E+03	-2.39090628430758E-01
 1.99555296487686E+03	-2.13293958611429E-01
 1.99555570277690E+03	-1.53598198933825E-01
 1.99555844067693E+03	-7.35767902586064E-02
 1.99556117857696E+03	 8.14886914615060E-03
 1.99556391647699E+03	 7.84115103301849E-02
 1.99556665437702E+03	 1.34502427794173E-01
 1.99556939227705E+03	 1.79200095270204E-01
 1.99557213017708E+03	 2.11304451656091E-01
 1.99557486807711E+03	 2.21093257736859E-01
 1.99557760597714E+03	 1.95628421429843E-01
 1.99558034387717E+03	 1.30121229653360E-01
 1.99558308177720E+03	 3.56067019859165E-02
 1.99558581967723E+03	-6.40809042574308E-02
 1.99558855757726E+03	-1.43398510521688E-01
 1.99559129547730E+03	-1.85144910834529E-01
 1.99559403337733E+03	-1.83707137227913E-01
 1.99559677127736E+03	-1.43462390146516E-01
 1.99559950917739E+03	-7.69604847540986E-02
 1.99560224707742E+03	-3.88046962716298E-03
 1.99560498497745E+03	 5.20787794141356E-02
 1.99560772287748E+03	 7.05678861511254E-02
 1.99561046077751E+03	 4.37287964463495E-02
 1.99561319867754E+03	-1.95512829377031E-02
 1.99561593657757E+03	-9.88238047648364E-02
 1.99561867447760E+03	-1.72787913203660E-01
 1.99562141237763E+03	-2.26196918670201E-01
 1.99562415027766E+03	-2.49284803233130E-01
 1.99562688817770E+03	-2.35840953150796E-01
 1.99562962607773E+03	-1.86050115481295E-01
 1.99563236397776E+03	-1.10542070547299E-01
 1.99563510187779E+03	-2.76404937001153E-02
 1.99563783977782E+03	 4.64145188290866E-02
 1.99564057767785E+03	 1.05363530483494E-01
 1.99564331557787E+03	 1.51476509363125E-01
 1.99564605347791E+03	 1.86694474048813E-01
 1.99564879137794E+03	 2.05108231306621E-01
 1.99565152927797E+03	 1.94207360217011E-01
 1.99565426717800E+03	 1.44733471384519E-01
 1.99565700507803E+03	 6.09999193412989E-02
 1.99565974297806E+03	-3.75917252824047E-02
 1.99566248087809E+03	-1.25259051286872E-01
 1.99566521877813E+03	-1.81154328060300E-01
 1.99566795667816E+03	-1.95238398286661E-01
 1.99567069457819E+03	-1.67963070999527E-01
 1.99567343247822E+03	-1.08342084492217E-01
 1.99567617037825E+03	-3.31934817947121E-02
 1.99567890827828E+03	 3.43836378131135E-02
 1.99568164617831E+03	 7.06953876843761E-02
 1.99568438407834E+03	 6.10756853210345E-02
 1.99568712197837E+03	 7.63650548089165E-03
 1.99568985987840E+03	-7.18079902569545E-02
 1.99569259777843E+03	-1.53646715941321E-01
 1.99569533567846E+03	-2.18614355298947E-01
 1.99569807357849E+03	-2.54550390231057E-01
 1.99570081147853E+03	-2.54223192091384E-01
 1.99570354937856E+03	-2.15851305286226E-01
 1.99570628727859E+03	-1.47004370507767E-01
 1.99570902517862E+03	-6.45636649479730E-02
 1.99571176307865E+03	 1.31547937430963E-02
 1.99571450097868E+03	 7.59822833364977E-02
 1.99571723887871E+03	 1.24143767853199E-01
 1.99571997677874E+03	 1.61393587022007E-01
 1.99572271467877E+03	 1.85825632652188E-01
 1.99572545257880E+03	 1.87105561372319E-01
 1.99572819047883E+03	 1.53431108737369E-01
 1.99573092837886E+03	 8.28806206701579E-02
 1.99573366627889E+03	-1.08361533691056E-02
 1.99573640417893E+03	-1.03502859072841E-01
 1.99573914207896E+03	-1.71682792244062E-01
 1.99574187997899E+03	-2.01065060182295E-01
 1.99574461787902E+03	-1.88063642399173E-01
 1.99574735577905E+03	-1.38070380334158E-01
 1.99575009367908E+03	-6.45679546487208E-02
 1.99575283157911E+03	 1.12531971412077E-02
 1.99575556947914E+03	 6.41354523881136E-02
 1.99575830737917E+03	 7.36138947942485E-02
 1.99576104527920E+03	 3.41767923715754E-02
 1.99576378317923E+03	-4.12866844447436E-02
 1.99576652107926E+03	-1.28729252780257E-01
 1.99576925897929E+03	-2.04930721415827E-01
 1.99577199687932E+03	-2.54221074171385E-01
 1.99577473477936E+03	-2.67735353916507E-01
 1.99577747267939E+03	-2.42092687023922E-01
 1.99578021057942E+03	-1.82016082141248E-01
 1.99578294847945E+03	-1.02105391104361E-01
 1.99578568637948E+03	-2.15303241150701E-02
 1.99578842427951E+03	 4.58631772894312E-02
 1.99579116217954E+03	 9.70778043963640E-02
 1.99579390007957E+03	 1.36094017703870E-01
 1.99579663797960E+03	 1.64494759367278E-01
 1.99579937587963E+03	 1.75320814013826E-01
 1.99580211377966E+03	 1.56265155399746E-01
 1.99580485167969E+03	 1.00335557545395E-01
 1.99580758957972E+03	 1.48980501191431E-02
 1.99581032747976E+03	-7.91491178950909E-02
 1.99581306537979E+03	-1.57183126922092E-01
 1.99581580327982E+03	-2.01047068554779E-01
 1.99581854117985E+03	-2.03036781290587E-01
 1.99582127907988E+03	-1.64872376690722E-01
 1.99582401697991E+03	-9.64925050366008E-02
 1.99582675487994E+03	-1.62283290568970E-02
 1.99582949277997E+03	 5.08439563203023E-02
 1.99583223068000E+03	 8.00205030887869E-02
 1.99583496858003E+03	 5.81519075140681E-02
 1.99583770648006E+03	-8.70952353655461E-03
 1.99584044438009E+03	-9.84310576033051E-02
 1.99584318228012E+03	-1.84731585157093E-01
 1.99584592018016E+03	-2.47637297544394E-01
 1.99584865808019E+03	-2.75687204769378E-01
 1.99585139598022E+03	-2.63912605340073E-01
 1.99585413388025E+03	-2.14562983390930E-01
 1.99585687178028E+03	-1.39500545133136E-01
 1.99585960968031E+03	-5.75222500752651E-02
 1.99586234758034E+03	 1.45802803015425E-02
 1.99586508548037E+03	 6.99218091729530E-02
 1.99586782338040E+03	 1.11123799324308E-01
 1.99587056128043E+03	 1.42172762932272E-01
 1.99587329918046E+03	 1.60002735238426E-01
 1.99587603708049E+03	 1.53666151854135E-01
 1.99587877498052E+03	 1.12772133696061E-01
 1.99588151288055E+03	 3.83977054891863E-02
 1.99588425078059E+03	-5.33523739680069E-02
 1.99588698868062E+03	-1.38318084935352E-01
 1.99588972658065E+03	-1.95261668881638E-01
 1.99589246448068E+03	-2.12382464466036E-01
 1.99589520238071E+03	-1.87665932502966E-01
 1.99589794028074E+03	-1.27466602968805E-01
 1.99590067818077E+03	-4.66814992096366E-02
 1.99590341608080E+03	 3.13070506122013E-02
 1.99590615398083E+03	 7.94304315912975E-02
 1.99590889188086E+03	 7.77033678519459E-02
 1.99591162978089E+03	 2.40972222846196E-02
 1.99591436768092E+03	-6.36592782544957E-02
 1.99591710558095E+03	-1.57918372790254E-01
 1.99591984348099E+03	-2.34211829829075E-01
 1.99592258138102E+03	-2.77398960374336E-01
 1.99592531928105E+03	-2.80504395217787E-01
 1.99592805718108E+03	-2.43630077438277E-01
 1.99593079508111E+03	-1.75802734618907E-01
 1.99593353298114E+03	-9.44069254846289E-02
 1.99593627088117E+03	-1.81137114368721E-02
 1.99593900878120E+03	 4.22075751247120E-02
 1.99594174668123E+03	 8.64758719329860E-02
 1.99594448458126E+03	 1.19631623700830E-01
 1.99594722248129E+03	 1.42315520624791E-01
 1.99594996038132E+03	 1.46376840998190E-01
 1.99595269828135E+03	 1.19960800740312E-01
 1.99595543618139E+03	 5.86148563941932E-02
 1.99595817408142E+03	-2.73428375444427E-02
 1.99596091198145E+03	-1.15946152637255E-01
 1.99596364988148E+03	-1.84000354602532E-01
 1.99596638778151E+03	-2.15824396149458E-01
 1.99596912568154E+03	-2.05590874669770E-01
 1.99597186358157E+03	-1.56098011855425E-01
 1.99597460148160E+03	-7.85606429423584E-02
 1.99597733938163E+03	 6.48092922901854E-03
 1.99598007728166E+03	 7.15248106606441E-02
 1.99598281518169E+03	 9.12293772870357E-02
 1.99598555308172E+03	 5.50896223101194E-02
 1.99598829098175E+03	-2.58263768745956E-02
 1.99599102888179E+03	-1.24817892508669E-01
 1.99599376678182E+03	-2.13524690950965E-01
 1.99599650468185E+03	-2.72217414040124E-01
 1.99599924258188E+03	-2.91110460183242E-01
 1.99600198048191E+03	-2.68246648305738E-01
 1.99600471838194E+03	-2.09962575993661E-01
 1.99600745628197E+03	-1.31501005696035E-01
 1.99601019418200E+03	-5.22132342536748E-02
 1.99601293208203E+03	 1.34822763469589E-02
 1.99601566998206E+03	 6.18818338841060E-02
 1.99601840788209E+03	 9.73111751932685E-02
 1.99602114578212E+03	 1.23307965608585E-01
 1.99602388368215E+03	 1.35351210627428E-01
 1.99602662158218E+03	 1.22039975680986E-01
 1.99602935948222E+03	 7.47491980959440E-02
 1.99603209738225E+03	-2.35084075218716E-03
 1.99603483528228E+03	-9.10946274797901E-02
 1.99603757318231E+03	-1.67766099893852E-01
 1.99604031108234E+03	-2.13303625215249E-01
 1.99604304898237E+03	-2.18019510853158E-01
 1.99604578688240E+03	-1.81173680100088E-01
 1.99604852478243E+03	-1.10282408956689E-01
 1.99605126268246E+03	-2.23126088804687E-02
 1.99605400058249E+03	 5.65552669353260E-02
 1.99605673848252E+03	 9.75538738751905E-02
 1.99605947638255E+03	 8.22020825057904E-02
 1.99606221428258E+03	 1.32239820898973E-02
 1.99606495218262E+03	-8.62568613738985E-02
 1.99606769008265E+03	-1.85435483316342E-01
 1.99607042798268E+03	-2.59561204366571E-01
 1.99607316588271E+03	-2.95015315203725E-01
 1.99607590378274E+03	-2.87508459508877E-01
 1.99607864168277E+03	-2.40900925900219E-01
 1.99608137958280E+03	-1.67908338001530E-01
 1.99608411748283E+03	-8.74268431293269E-02
 1.99608685538286E+03	-1.65775257930125E-02
 1.99608959328289E+03	 3.69167058441997E-02
 1.99609233118292E+03	 7.53218565566939E-02
 1.99609506908295E+03	 1.03807827006128E-01
 1.99609780698298E+03	 1.21632904763946E-01
 1.99610054488302E+03	 1.19480678552072E-01
 1.99610328278305E+03	 8.63106079081679E-02
 1.99610602068308E+03	 2.04789013968138E-02
 1.99610875858311E+03	-6.49160854166451E-02
 1.99611149648314E+03	-1.47267257951463E-01
 1.99611423438317E+03	-2.04973658194260E-01
 1.99611697228320E+03	-2.24553742115186E-01
 1.99611971018323E+03	-2.01702381081252E-01
 1.99612244808326E+03	-1.40338767624375E-01
 1.99612518598329E+03	-5.35172894277382E-02
 1.99612792388332E+03	 3.53052254673374E-02
 1.99613066178335E+03	 9.60456712669061E-02
 1.99613339968338E+03	 1.03554624912503E-01
 1.99613613758341E+03	 5.13541410399677E-02
 1.99613887548345E+03	-4.35827877896422E-02
 1.99614161338348E+03	-1.50194740074830E-01
 1.99614435128351E+03	-2.38996527770516E-01
 1.99614708918354E+03	-2.91551086213986E-01
 1.99614982708357E+03	-3.00581790601276E-01
 1.99615256498360E+03	-2.67566053958293E-01
 1.99615530288363E+03	-2.02592990677443E-01
 1.99615804078366E+03	-1.23184753534617E-01
 1.99616077868369E+03	-4.80792484841268E-02
 1.99616351658372E+03	 1.11176503128164E-02
 1.99616625448375E+03	 5.34936190729998E-02
 1.99616899238378E+03	 8.43537718271860E-02
 1.99617173028381E+03	 1.06229246529631E-01
 1.99617446818385E+03	 1.13013940980097E-01
 1.99617720608388E+03	 9.31516347510837E-02
 1.99617994398391E+03	 4.01742057270568E-02
 1.99618268188394E+03	-3.86270013884170E-02
 1.99618541978397E+03	-1.23402833891890E-01
 1.99618815768400E+03	-1.91198246568543E-01
 1.99619089558403E+03	-2.25016443886903E-01
 1.99619363348406E+03	-2.16932398954262E-01
 1.99619637138409E+03	-1.67384171094982E-01
 1.99619910928412E+03	-8.54810490039934E-02
 1.99620184718415E+03	 8.99802382176401E-03
 1.99620458508418E+03	 8.66741892985518E-02
 1.99620732298421E+03	 1.17643913674787E-01
 1.99621006088425E+03	 8.63177949328408E-02
 1.99621279878428E+03	 1.38016473136421E-03
 1.99621553668431E+03	-1.08532630414808E-01
 1.99621827458434E+03	-2.10336396043612E-01
 1.99622101248437E+03	-2.80126483036882E-01
 1.99622375038440E+03	-3.06699366581588E-01
 1.99622648828443E+03	-2.88969481743248E-01
 1.99622922618446E+03	-2.34454411727331E-01
 1.99623196408449E+03	-1.58679991569292E-01
 1.99623470198452E+03	-8.08640580336731E-02
 1.99623743988455E+03	-1.59010128407680E-02
 1.99624017778458E+03	 3.14610470043998E-02
 1.99624291568461E+03	 6.51723867120786E-02
 1.99624565358464E+03	 8.99978441612962E-02
 1.99624839148468E+03	 1.03529734214617E-01
 1.99625112938471E+03	 9.54633363806059E-02
 1.99625386728474E+03	 5.60123784127830E-02
 1.99625660518477E+03	-1.34309438540302E-02
 1.99625934308480E+03	-9.72337381684355E-02
 1.99626208098483E+03	-1.72549712760251E-01
 1.99626481888486E+03	-2.19443340626534E-01
 1.99626755678489E+03	-2.26351106423346E-01
 1.99627029468492E+03	-1.90292401226971E-01
 1.99627303258495E+03	-1.16584683639028E-01
 1.99627577048498E+03	-2.08318729240644E-02
 1.99627850838501E+03	 6.99979019766681E-02
 1.99628124628504E+03	 1.23493082127902E-01
 1.99628398418508E+03	 1.15970484412574E-01
 1.99628672208511E+03	 4.64418323431367E-02
 1.99628945998514E+03	-6.17041711862178E-02
 1.99629219788517E+03	-1.73748934624638E-01
 1.99629493578520E+03	-2.60284682525884E-01
 1.99629767368523E+03	-3.05160974188521E-01
 1.99630041158526E+03	-3.04201735496918E-01
 1.99630314948529E+03	-2.62392509653139E-01
 1.99630588738532E+03	-1.92931772878879E-01
 1.99630862528535E+03	-1.14495596739862E-01
 1.99631136318538E+03	-4.43520213722731E-02
 1.99631410108541E+03	 8.77024613753786E-03
 1.99631683898544E+03	 4.62009779193884E-02
 1.99631957688548E+03	 7.35608277035452E-02
 1.99632231478551E+03	 9.19606971018661E-02
 1.99632505268554E+03	 9.37329014459553E-02
 1.99632779058557E+03	 6.75758349728109E-02
 1.99633052848560E+03	 9.56732762565182E-03
 1.99633326638563E+03	-6.99362440804283E-02
 1.99633600428566E+03	-1.49803018827844E-01
 1.99633874218569E+03	-2.08078709615880E-01
 1.99634148008572E+03	-2.29674839518340E-01
 1.99634421798575E+03	-2.08184361514504E-01
 1.99634695588578E+03	-1.45347005856173E-01
 1.99634969378581E+03	-5.24848698580127E-02
 1.99635243168584E+03	 4.70912864182893E-02
 1.99635516958588E+03	 1.20741850821400E-01
 1.99635790748591E+03	 1.38477841879526E-01
 1.99636064538594E+03	 8.92140148896583E-02
 1.99636338328597E+03	-1.14750705117377E-02
 1.99636612118600E+03	-1.29854899392036E-01
 1.99636885908603E+03	-2.31787966979044E-01
 1.99637159698606E+03	-2.95350993632212E-01
 1.99637433488609E+03	-3.12435141572337E-01
 1.99637707278612E+03	-2.85354984124568E-01
 1.99637981068615E+03	-2.24857822930287E-01
 1.99638254858618E+03	-1.48283971074199E-01
 1.99638528648621E+03	-7.42098032605647E-02
 1.99638802438624E+03	-1.50089810602451E-02
 1.99639076228627E+03	 2.71502967578082E-02
 1.99639350018631E+03	 5.72575124707159E-02
 1.99639623808634E+03	 7.91664743805657E-02
 1.99639897598637E+03	 8.86672013928402E-02
 1.99640171388640E+03	 7.47768691912895E-02
 1.99640445178643E+03	 2.94472449312182E-02
 1.99640718968646E+03	-4.27369718813588E-02
 1.99640992758649E+03	-1.23919474954032E-01
 1.99641266548652E+03	-1.91374661388286E-01
 1.99641540338655E+03	-2.26836913614753E-01
 1.99641814128658E+03	-2.20432662710273E-01
 1.99642087918661E+03	-1.70498833850817E-01
 1.99642361708664E+03	-8.42397584108303E-02
 1.99642635498667E+03	 1.94241602662571E-02
 1.99642909288671E+03	 1.09667515677459E-01
 1.99643183078674E+03	 1.52494187526047E-01
 1.99643456868677E+03	 1.27316881778401E-01
 1.99643730658680E+03	 3.99592437557864E-02
 1.99644004448683E+03	-7.97928557046504E-02
 1.99644278238686E+03	-1.94718927341887E-01
 1.99644552028689E+03	-2.76781200748072E-01
 1.99644825818692E+03	-3.12924727886693E-01
 1.99645099608695E+03	-3.02365073231855E-01
 1.99645373398698E+03	-2.53343163593604E-01
 1.99645647188701E+03	-1.81336344278216E-01
 1.99645920978704E+03	-1.05181032921928E-01
 1.99646194768707E+03	-4.01815410503025E-02
 1.99646468558711E+03	 7.59593356235589E-03
 1.99646742348714E+03	 4.11404372953832E-02
 1.99647016138717E+03	 6.58345344434128E-02
 1.99647289928720E+03	 8.10917917576869E-02
 1.99647563718723E+03	 7.78458740010297E-02
 1.99647837508726E+03	 4.55458172414746E-02
 1.99648111298729E+03	-1.68327084930421E-02
 1.99648385088732E+03	-9.60144408622430E-02
 1.99648658878735E+03	-1.69990341141542E-01
 1.99648932668738E+03	-2.17979238155402E-01
 1.99649206458741E+03	-2.26651569831015E-01
 1.99649480248744E+03	-1.91024383195403E-01
 1.99649754038747E+03	-1.14478131468812E-01
 1.99650027828750E+03	-1.12873679963724E-02
 1.99650301618754E+03	 9.11375327251493E-02
 1.99650575408757E+03	 1.57288394116240E-01
 1.99650849198760E+03	 1.58598101017991E-01
 1.99651122988763E+03	 9.01183944736076E-02
 1.99651396778766E+03	-2.52329354569247E-02
 1.99651670568769E+03	-1.49581299495279E-01
 1.99651944358772E+03	-2.49160717443375E-01
 1.99652218148775E+03	-3.05019357868898E-01
 1.99652491938778E+03	-3.12533753801283E-01
 1.99652765728781E+03	-2.77296113986851E-01
 1.99653039518784E+03	-2.12622579882108E-01
 1.99653313308787E+03	-1.36710634215639E-01
 1.99653587098790E+03	-6.68489176645766E-02
 1.99653860888794E+03	-1.29162596519061E-02
 1.99654134678797E+03	 2.50132654141649E-02
 1.99654408468800E+03	 5.24108774485726E-02
 1.99654682258803E+03	 7.18389434551829E-02
 1.99654956048806E+03	 7.72825121967876E-02
 1.99655229838809E+03	 5.75076656637981E-02
 1.99655503628812E+03	 6.69758837604409E-03
 1.99655777418815E+03	-6.73056166992507E-02
 1.99656051208818E+03	-1.44785016498414E-01
 1.99656324998821E+03	-2.03449421829869E-01
 1.99656598788824E+03	-2.26681372176417E-01
 1.99656872578827E+03	-2.06174186932731E-01
 1.99657146368830E+03	-1.41778427025156E-01
 1.99657420158834E+03	-4.32372042443110E-02
 1.99657693948837E+03	 6.65039058609685E-02
 1.99657967738840E+03	 1.52801826204760E-01
 1.99658241528843E+03	 1.81336170386103E-01
 1.99658515318846E+03	 1.36431958346011E-01
 1.99658789108849E+03	 3.16734217311597E-02
 1.99659062898852E+03	-9.73796191740297E-02
 1.99659336688855E+03	-2.12487199407655E-01
 1.99659610478858E+03	-2.88193068010867E-01
 1.99659884268861E+03	-3.15065044882682E-01
 1.99660158058864E+03	-2.95687124475726E-01
 1.99660431848867E+03	-2.41043927907868E-01
 1.99660705638870E+03	-1.68017498619066E-01
 1.99660979428873E+03	-9.48626841857313E-02
 1.99661253218877E+03	-3.47662931683853E-02
 1.99661527008880E+03	 8.50304428101335E-03
 1.99661800798883E+03	 3.90694817272640E-02
 1.99662074588886E+03	 6.16402697121351E-02
 1.99662348378889E+03	 7.37750309772162E-02
 1.99662622168892E+03	 6.53026428500183E-02
 1.99662895958895E+03	 2.69780712280204E-02
 1.99663169748898E+03	-3.90421735792133E-02
 1.99663443538901E+03	-1.16798286337763E-01
 1.99663717328904E+03	-1.83801385864272E-01
 1.99663991118907E+03	-2.20574607200317E-01
 1.99664264908910E+03	-2.15457593845432E-01
 1.99664538698913E+03	-1.64974813301211E-01
 1.99664812488917E+03	-7.46732591840683E-02
 1.99665086278920E+03	 3.74569009321785E-02
 1.99665360068923E+03	 1.39633189363463E-01
 1.99665633858926E+03	 1.94401191104373E-01
 1.99665907648929E+03	 1.76461930181536E-01
 1.99666181438932E+03	 8.84108233219080E-02
 1.99666455228935E+03	-3.96569111570163E-02
 1.99666729018938E+03	-1.67145889222827E-01
 1.99667002808941E+03	-2.62101531285818E-01
 1.99667276598944E+03	-3.09265373978154E-01
 1.99667550388947E+03	-3.07571509182608E-01
 1.99667824178950E+03	-2.65494653312958E-01
 1.99668097968953E+03	-1.98150508159924E-01
 1.99668371758957E+03	-1.23812323499532E-01
 1.99668645548960E+03	-5.81717875397157E-02
 1.99668919338963E+03	-8.84525672298329E-03
 1.99669193128966E+03	 2.57234456909297E-02
 1.99669466918969E+03	 5.10390232818493E-02
 1.99669740708972E+03	 6.80980955745367E-02
 1.99670014498975E+03	 6.92061801872419E-02
 1.99670288288978E+03	 4.34065017707702E-02
 1.99670562078981E+03	-1.24193232113194E-02
 1.99670835868984E+03	-8.72118411583155E-02
 1.99671109658987E+03	-1.59794241596750E-01
 1.99671383448990E+03	-2.08588319841988E-01
 1.99671657238993E+03	-2.18624606730136E-01
 1.99671931028997E+03	-1.83182501331721E-01
 1.99672204819000E+03	-1.04014003462183E-01
 1.99672478609003E+03	 5.85968742552394E-03
 1.99672752399006E+03	 1.18955580922627E-01
 1.99673026189009E+03	 1.97352349227879E-01
 1.99673299979012E+03	 2.08124664633275E-01
 1.99673573769015E+03	 1.42276542910077E-01
 1.99673847559018E+03	 2.15261065991203E-02
 1.99674121349021E+03	-1.13997699367326E-01
 1.99674395139024E+03	-2.26661581767148E-01
 1.99674668929027E+03	-2.94567373128597E-01
 1.99674942719030E+03	-3.12101975661898E-01
 1.99675216509033E+03	-2.84910261008955E-01
 1.99675490299036E+03	-2.26053874669066E-01
 1.99675764089040E+03	-1.53044676939332E-01
 1.99676037879043E+03	-8.31258836883536E-02
 1.99676311669046E+03	-2.74664905062156E-02
 1.99676585459049E+03	 1.20745629261620E-02
 1.99676859249052E+03	 4.03342200107603E-02
 1.99677133039055E+03	 6.10032215087554E-02
 1.99677406829058E+03	 6.97429748787436E-02
 1.99677680619061E+03	 5.56985153700481E-02
 1.99677954409064E+03	 1.15129479401705E-02
 1.99678228199067E+03	-5.72901900291689E-02
 1.99678501989070E+03	-1.32382332118681E-01
 1.99678775779073E+03	-1.91182480987268E-01
 1.99679049569076E+03	-2.15646202156682E-01
 1.99679323359080E+03	-1.95796207419355E-01
 1.99679597149083E+03	-1.29928819531850E-01
 1.99679870939086E+03	-2.64140829513338E-02
 1.99680144729089E+03	 9.23801735514853E-02
 1.99680418519092E+03	 1.90460603644202E-01
 1.99680692309095E+03	 2.29883144784820E-01
 1.99680966099098E+03	 1.90598217965063E-01
 1.99681239889101E+03	 8.36788372037398E-02
 1.99681513679104E+03	-5.44353775368251E-02
 1.99681787469107E+03	-1.82144236278658E-01
 1.99682061259110E+03	-2.70574970909545E-01
 1.99682335049113E+03	-3.08539997477254E-01
 1.99682608839116E+03	-2.98300715142176E-01
 1.99682882629120E+03	-2.50631451852714E-01
 1.99683156419123E+03	-1.81708052410876E-01
 1.99683430209126E+03	-1.09367021745212E-01
 1.99683703999129E+03	-4.76800121066762E-02
 1.99683977789132E+03	-2.30744480061735E-03
 1.99684251579135E+03	 2.95638798748447E-02
 1.99684525369138E+03	 5.31173961954922E-02
 1.99684799159141E+03	 6.76004222248918E-02
 1.99685072949144E+03	 6.38970485532163E-02
 1.99685346739147E+03	 3.19352842593858E-02
 1.99685620529150E+03	-2.83020077932888E-02
 1.99685894319153E+03	-1.02689388608975E-01
 1.99686168109156E+03	-1.69020773213684E-01
 1.99686441899159E+03	-2.06699643332356E-01
 1.99686715689163E+03	-2.02471564128536E-01
 1.99686989479166E+03	-1.51380315981258E-01
 1.99687263269169E+03	-5.76207998648147E-02
 1.99687537059172E+03	 6.17873547152026E-02
 1.99687810849175E+03	 1.74655924550448E-01
 1.99688084639178E+03	 2.40884058982446E-01
 1.99688358429181E+03	 2.30966560708609E-01
 1.99688632219184E+03	 1.44033739837573E-01
 1.99688906009187E+03	 9.61119968805524E-03
 1.99689179799190E+03	-1.29265258877145E-01
 1.99689453589193E+03	-2.37130846069966E-01
 1.99689727379196E+03	-2.96275783185555E-01
 1.99690001169199E+03	-3.04771742896243E-01
 1.99690274959203E+03	-2.70802259690292E-01
 1.99690548749206E+03	-2.08811459137514E-01
 1.99690822539209E+03	-1.36381060430666E-01
 1.99691096329212E+03	-6.96137879954000E-02
 1.99691370119215E+03	-1.78887365615770E-02
 1.99691643909218E+03	 1.85286972124695E-02
 1.99691917699221E+03	 4.48644726325208E-02
 1.99692191489224E+03	 6.35232639922486E-02
 1.99692465279227E+03	 6.83430582989205E-02
 1.99692739069230E+03	 4.83257562505965E-02
 1.99693012859233E+03	-1.42840584998916E-03
 1.99693286649236E+03	-7.19618169231559E-02
 1.99693560439239E+03	-1.42967090574086E-01
 1.99693834229243E+03	-1.92161362168273E-01
 1.99694108019246E+03	-2.03099934911304E-01
 1.99694381809249E+03	-1.67633061131144E-01
 1.99694655599252E+03	-8.62522655310927E-02
 1.99694929389255E+03	 2.91488926160307E-02
 1.99695203179258E+03	 1.51409039283706E-01
 1.99695476969261E+03	 2.41021909267656E-01
 1.99695750759264E+03	 2.61453122303181E-01
 1.99696024549267E+03	 1.99751426437150E-01
 1.99696298339270E+03	 7.57334900489852E-02
 1.99696572129273E+03	-6.92535383341723E-02
 1.99696845919276E+03	-1.94400345066111E-01
 1.99697119709279E+03	-2.74864596941291E-01
 1.99697393499282E+03	-3.03540924373442E-01
 1.99697667289286E+03	-2.85543330334754E-01
 1.99697941079289E+03	-2.33288874729877E-01
 1.99698214869292E+03	-1.63431488386870E-01
 1.99698488659295E+03	-9.31565217674714E-02
 1.99698762449298E+03	-3.50726627194491E-02
 1.99699036239301E+03	 6.85137606683234E-03
 1.99699310029304E+03	 3.64205184257700E-02
 1.99699583819307E+03	 5.82043070262253E-02
 1.99699857609310E+03	 6.96095117541568E-02
 1.99700131399313E+03	 6.04965685640901E-02
 1.99700405189316E+03	 2.23314943446035E-02
 1.99700678979319E+03	-4.14998882248973E-02
 1.99700952769322E+03	-1.14069985370577E-01
 1.99701226559326E+03	-1.72605674162467E-01
 1.99701500349329E+03	-1.97785392616756E-01
 1.99701774139332E+03	-1.78237746748408E-01
 1.99702047929335E+03	-1.11099821095596E-01
 1.99702321719338E+03	-3.63641182925642E-03
 1.99702595509341E+03	 1.22566277685814E-01
 1.99702869299344E+03	 2.30922909158810E-01
 1.99703143089347E+03	 2.80784050661765E-01
 1.99703416879350E+03	 2.48155289058495E-01
 1.99703690669353E+03	 1.41170097053360E-01
 1.99703964459356E+03	-3.87745597221597E-03
 1.99704238249359E+03	-1.42959297325918E-01
 1.99704512039362E+03	-2.44082771739143E-01
 1.99704785829366E+03	-2.93956975369767E-01
 1.99705059619369E+03	-2.93920289954118E-01
 1.99705333409372E+03	-2.54059850633596E-01
 1.99705607199375E+03	-1.89610030454706E-01
 1.99705880989378E+03	-1.17941506539863E-01
 1.99706154779381E+03	-5.41124526038173E-02
 1.99706428569384E+03	-5.93828706156337E-03
 1.99706702359387E+03	 2.77090799852177E-02
 1.99706976149390E+03	 5.21870939126763E-02
 1.99707249939393E+03	 6.84065745973858E-02
 1.99707523729396E+03	 6.85927748400990E-02
 1.99707797519399E+03	 4.22447398011129E-02
 1.99708071309402E+03	-1.25703580449391E-02
 1.99708345099406E+03	-8.35282677711131E-02
 1.99708618889409E+03	-1.48803890435026E-01
 1.99708892679412E+03	-1.86829148511106E-01
 1.99709166469415E+03	-1.83001962109450E-01
 1.99709440259418E+03	-1.31278386081122E-01
 1.99709714049421E+03	-3.48756366880571E-02
 1.99709987839424E+03	 9.01614243741218E-02
 1.99710261629427E+03	 2.11852955108571E-01
 1.99710535419430E+03	 2.88446426772174E-01
 1.99710809209433E+03	 2.86966584119664E-01
 1.99711082999436E+03	 2.02992534077783E-01
 1.99711356789439E+03	 6.45865912122573E-02
 1.99711630579442E+03	-8.38682962978917E-02
 1.99711904369445E+03	-2.04000746609981E-01
 1.99712178159449E+03	-2.75529975702216E-01
 1.99712451949452E+03	-2.95109857588374E-01
 1.99712725739455E+03	-2.70080671067294E-01
 1.99712999529458E+03	-2.13898258247539E-01
 1.99713273319461E+03	-1.43360958134076E-01
 1.99713547109464E+03	-7.50464621608962E-02
 1.99713820899467E+03	-2.03058912117030E-02
 1.99714094689470E+03	 1.84361681894388E-02
 1.99714368479473E+03	 4.57948301295264E-02
 1.99714642269476E+03	 6.54708836423483E-02
 1.99714916059479E+03	 7.30504616367235E-02
 1.99715189849482E+03	 5.79051635604346E-02
 1.99715463639485E+03	 1.36911715274397E-02
 1.99715737429489E+03	-5.26339324322235E-02
 1.99716011219492E+03	-1.21716145486870E-01
 1.99716285009495E+03	-1.70722301886065E-01
 1.99716558799498E+03	-1.81958359753748E-01
 1.99716832589501E+03	-1.46217628910891E-01
 1.99717106379504E+03	-6.31721511873167E-02
 1.99717380169507E+03	 5.62297704470389E-02
 1.99717653959510E+03	 1.85564531648909E-01
 1.99717927749513E+03	 2.84713248335397E-01
 1.99718201539516E+03	 3.14508986736013E-01
 1.99718475329519E+03	 2.58332818296449E-01
 1.99718749119522E+03	 1.33451680069628E-01
 1.99719022909525E+03	-1.87142007643457E-02
 1.99719296699529E+03	-1.55064070520354E-01
 1.99719570489532E+03	-2.47977306683736E-01
 1.99719844279535E+03	-2.88420861523560E-01
 1.99720118069538E+03	-2.80384011704370E-01
 1.99720391859541E+03	-2.35231015803172E-01
 1.99720665649544E+03	-1.68605391802918E-01
 1.99720939439547E+03	-9.76629500000405E-02
 1.99721213229550E+03	-3.66169588682125E-02
 1.99721487019553E+03	 8.15874490715832E-03
 1.99721760809556E+03	 3.90959143423969E-02
 1.99722034599559E+03	 6.14548047285910E-02
 1.99722308389562E+03	 7.45181510895049E-02
 1.99722582179565E+03	 6.92592512324340E-02
 1.99722855969568E+03	 3.63760273941029E-02
 1.99723129759572E+03	-2.26930467042605E-02
 1.99723403549575E+03	-9.24680329723122E-02
 1.99723677339578E+03	-1.50143443293250E-01
 1.99723951129581E+03	-1.75338344887404E-01
 1.99724224919584E+03	-1.55631385913370E-01
 1.99724498709587E+03	-8.74703616607013E-02
 1.99724772499590E+03	 2.26468331654589E-02
 1.99725046289593E+03	 1.54105300373907E-01
 1.99725320079596E+03	 2.70584854338487E-01
 1.99725593869599E+03	 3.29854749261421E-01
 1.99725867659602E+03	 3.04626307850784E-01
 1.99726141449605E+03	 1.99781839648427E-01
 1.99726415239608E+03	 5.03984222874540E-02
 1.99726689029612E+03	-9.81679361700239E-02
 1.99726962819615E+03	-2.11285248402957E-01
 1.99727236609618E+03	-2.73320852447962E-01
 1.99727510399621E+03	-2.84108759163145E-01
 1.99727784189624E+03	-2.52554347129170E-01
 1.99728057979627E+03	-1.92719829171299E-01
 1.99728331769630E+03	-1.21496427007532E-01
 1.99728605559633E+03	-5.50567885679977E-02
 1.99728879349636E+03	-3.62439216739081E-03
 1.99729153139639E+03	 3.19107439883650E-02
 1.99729426929642E+03	 5.68320349788665E-02
 1.99729700719645E+03	 7.37512648537406E-02
 1.99729974509648E+03	 7.65904883687078E-02
 1.99730248299652E+03	 5.48823358508533E-02
 1.99730522089655E+03	 5.06968374409882E-03
 1.99730795879658E+03	-6.23060726138451E-02
 1.99731069669661E+03	-1.25954353951946E-01
 1.99731343459664E+03	-1.63555243231294E-01
 1.99731617249667E+03	-1.59477679964420E-01
 1.99731891039670E+03	-1.07059081629197E-01
 1.99732164829673E+03	-8.99180722804432E-03
 1.99732438619676E+03	 1.19615111305025E-01
 1.99732712409679E+03	 2.47656561340571E-01
 1.99732986199682E+03	 3.32892350565242E-01
 1.99733259989685E+03	 3.39838667814038E-01
 1.99733533779688E+03	 2.60604510790657E-01
 1.99733807569691E+03	 1.20917428847823E-01
 1.99734081359695E+03	-3.47077515017487E-02
 1.99734355149698E+03	-1.65780494638329E-01
 1.99734628939701E+03	-2.49473749367490E-01
 1.99734902729704E+03	-2.80524534086168E-01
 1.99735176519707E+03	-2.64873650416485E-01
 1.99735450309710E+03	-2.14667611346434E-01
 1.99735724099713E+03	-1.45852881219389E-01
 1.99735997889716E+03	-7.55757282492611E-02
 1.99736271679719E+03	-1.73733731549588E-02
 1.99736545469722E+03	 2.38580548598744E-02
 1.99736819259725E+03	 5.18336519275121E-02
 1.99737093049728E+03	 7.14942645225720E-02
 1.99737366839731E+03	 8.04614896703374E-02
 1.99737640629735E+03	 6.89654831935519E-02
 1.99737914419738E+03	 2.96122537127747E-02
 1.99738188209741E+03	-3.25298333158165E-02
 1.99738461999744E+03	-9.91855509560763E-02
 1.99738735789747E+03	-1.47196182146482E-01
 1.99739009579750E+03	-1.57920277875221E-01
 1.99739283369753E+03	-1.21543565442464E-01
 1.99739557159756E+03	-3.74411686656430E-02
 1.99739830949759E+03	 8.41377688214071E-02
 1.99740104739762E+03	 2.17932493734734E-01
 1.99740378529765E+03	 3.24306656721884E-01
 1.99740652319768E+03	 3.62646267376486E-01
 1.99740926109771E+03	 3.13151199282060E-01
 1.99741199899775E+03	 1.89977492089771E-01
 1.99741473689778E+03	 3.34115684818906E-02
 1.99741747479781E+03	-1.12200463422170E-01
 1.99742021269784E+03	-2.16790433160840E-01
 1.99742295059787E+03	-2.69056861714828E-01
 1.99742568849790E+03	-2.71291265810514E-01
 1.99742842639793E+03	-2.33393356833545E-01
 1.99743116429796E+03	-1.69857408586249E-01
 1.99743390219799E+03	-9.78654319875697E-02
 1.99743664009802E+03	-3.34142936667583E-02
 1.99743937799805E+03	 1.44330085768770E-02
 1.99744211589808E+03	 4.64240827882315E-02
 1.99744485379811E+03	 6.83676088861634E-02
 1.99744759169815E+03	 8.16199097485945E-02
 1.99745032959818E+03	 7.87487836706970E-02
 1.99745306749821E+03	 5.01689152384707E-02
 1.99745580539824E+03	-4.40351853126918E-03
 1.99745854329827E+03	-7.10041200812326E-02
 1.99746128119830E+03	-1.27017709528066E-01
 1.99746401909833E+03	-1.51299185060305E-01
 1.99746675699836E+03	-1.30799414083535E-01
 1.99746949489839E+03	-6.18282198341061E-02
 1.99747223279842E+03	 4.94693722731011E-02
 1.99747497069845E+03	 1.83612361571720E-01
 1.99747770859848E+03	 3.05475263407003E-01
 1.99748044649851E+03	 3.72544806977906E-01
 1.99748318439854E+03	 3.55096843550231E-01
 1.99748592229858E+03	 2.54590968874010E-01
 1.99748866019861E+03	 1.03821090399530E-01
 1.99749139809864E+03	-5.17474580999602E-02
 1.99749413599867E+03	-1.75489462453435E-01
 1.99749687389870E+03	-2.49318501896458E-01
 1.99749961179873E+03	-2.71035858471156E-01
 1.99750234969876E+03	-2.47878817703999E-01
 1.99750508759879E+03	-1.92515546109470E-01
 1.99750782549882E+03	-1.21366649190650E-01
 1.99751056339885E+03	-5.18653753520785E-02
 1.99751330129888E+03	 3.10459388077462E-03
 1.99751603919891E+03	 4.03202466062947E-02
 1.99751877709894E+03	 6.47764088304978E-02
 1.99752151499898E+03	 8.08802718465391E-02
 1.99752425289901E+03	 8.46893226731096E-02
 1.99752699079904E+03	 6.63212199200340E-02
 1.99752972869907E+03	 2.09449865062043E-02
 1.99753246659910E+03	-4.26591063477810E-02
 1.99753520449913E+03	-1.03937400320727E-01
 1.99753794239916E+03	-1.40112692912576E-01
 1.99754068029919E+03	-1.34921809013149E-01
 1.99754341819922E+03	-8.16316852543717E-02
 1.99754615609925E+03	 1.70574323538232E-02
 1.99754889399928E+03	 1.46880236536619E-01
 1.99755163189931E+03	 2.78296708267890E-01
 1.99755436979934E+03	 3.69870757678290E-01
 1.99755710769938E+03	 3.84766224367122E-01
 1.99755984559941E+03	 3.11877118760589E-01
 1.99756258349944E+03	 1.73794549744275E-01
 1.99756532139947E+03	 1.38894965087939E-02
 1.99756805929950E+03	-1.26160092649512E-01
 1.99757079719953E+03	-2.21150202962097E-01
 1.99757353509956E+03	-2.63488091636019E-01
 1.99757627299959E+03	-2.57188477979230E-01
 1.99757901089962E+03	-2.12779153217749E-01
 1.99758174879965E+03	-1.45304494070305E-01
 1.99758448669968E+03	-7.25913888572763E-02
 1.99758722459971E+03	-1.05825851115344E-02
 1.99758996249974E+03	 3.30503861805870E-02
 1.99759270039977E+03	 6.08545800171059E-02
 1.99759543829981E+03	 7.89982818030528E-02
 1.99759817619984E+03	 8.75006766867036E-02
 1.99760091409987E+03	 7.80334253828617E-02
 1.99760365199990E+03	 4.26252708866397E-02
 1.99760638989993E+03	-1.54042126873181E-02
 1.99760912779996E+03	-7.90129884497518E-02
 1.99761186569999E+03	-1.25008657633360E-01
 1.99761460360002E+03	-1.34181077783388E-01
 1.99761734150005E+03	-9.66333723437257E-02
 1.99762007940008E+03	-1.20442739678244E-02
 1.99762281730011E+03	 1.09721976658928E-01
 1.99762555520014E+03	 2.44975600115945E-01
 1.99762829310017E+03	 3.55732682967280E-01
 1.99763103100021E+03	 4.01278689784303E-01
 1.99763376890024E+03	 3.59303359349891E-01
 1.99763650680027E+03	 2.40413285756118E-01
 1.99763924470030E+03	 8.25593458902577E-02
 1.99764198260033E+03	-6.98156377351869E-02
 1.99764472050036E+03	-1.84670480987356E-01
 1.99764745840039E+03	-2.48207716374623E-01
 1.99765019630042E+03	-2.60504992419638E-01
 1.99765293420045E+03	-2.29608921284232E-01
 1.99765567210048E+03	-1.68743713934076E-01
 1.99765841000051E+03	-9.51905882672795E-02
 1.99766114790054E+03	-2.69170456605602E-02
 1.99766388580057E+03	 2.40430219155401E-02
 1.99766662370061E+03	 5.64528746947229E-02
 1.99766936160064E+03	 7.65560419515272E-02
 1.99767209950067E+03	 8.80412093375951E-02
 1.99767483740070E+03	 8.56433516838669E-02
 1.99767757530073E+03	 6.00709184065560E-02
 1.99768031320076E+03	 9.59714932276360E-03
 1.99768305110079E+03	-5.34021294468991E-02
 1.99768578900082E+03	-1.06778669076762E-01
 1.99768852690085E+03	-1.28991151229573E-01
 1.99769126480088E+03	-1.06856382700745E-01
 1.99769400270091E+03	-3.71693031375187E-02
 1.99769674060094E+03	 7.37914645752813E-02
 1.99769947850097E+03	 2.07794871634202E-01
 1.99770221640100E+03	 3.31862606127137E-01
 1.99770495430104E+03	 4.04610271758082E-01
 1.99770769220107E+03	 3.94907763156698E-01
 1.99771043010110E+03	 3.00776372553565E-01
 1.99771316800113E+03	 1.51729223468158E-01
 1.99771590590116E+03	-7.92296408243677E-03
 1.99771864380119E+03	-1.40329673751480E-01
 1.99772138170122E+03	-2.24966159181875E-01
 1.99772411960125E+03	-2.57157262829898E-01
 1.99772685750128E+03	-2.42028101110245E-01
 1.99772959540131E+03	-1.90654716240710E-01
 1.99773233330134E+03	-1.19013252871923E-01
 1.99773507120137E+03	-4.59521861548821E-02
 1.99773780910140E+03	 1.27320642016247E-02
 1.99774054700144E+03	 5.11723340903208E-02
 1.99774328490147E+03	 7.38754203063223E-02
 1.99774602280150E+03	 8.71826359083528E-02
 1.99774876070153E+03	 8.98060122939912E-02
 1.99775149860156E+03	 7.30965615650291E-02
 1.99775423650159E+03	 3.13743544310477E-02
 1.99775697440162E+03	-2.82995058184071E-02
 1.99775971230165E+03	-8.63465324541820E-02
 1.99776245020168E+03	-1.19892090310160E-01
 1.99776518810171E+03	-1.12504687497789E-01
 1.99776792600174E+03	-5.79922819858445E-02
 1.99777066390177E+03	 4.03365594360023E-02
 1.99777340180180E+03	 1.68905547015573E-01
 1.99777613970184E+03	 3.00409058162315E-01
 1.99777887760187E+03	 3.95563770088736E-01
 1.99778161550190E+03	 4.17472378351379E-01
 1.99778435340193E+03	 3.52233875981550E-01
 1.99778709130196E+03	 2.18621370219619E-01
 1.99778982920199E+03	 5.76056952558469E-02
 1.99779256710202E+03	-8.89594087110089E-02
 1.99779530500205E+03	-1.93786135555330E-01
 1.99779804290208E+03	-2.46645508308111E-01
 1.99780078080211E+03	-2.49165200516109E-01
 1.99780351870214E+03	-2.09981176793635E-01
 1.99780625660217E+03	-1.43206428682538E-01
 1.99780899450220E+03	-6.74692896990814E-02
 1.99781173240224E+03	-1.33786961963960E-03
 1.99781447030227E+03	 4.44376274094642E-02
 1.99781720820230E+03	 7.09727759808248E-02
 1.99781994610233E+03	 8.56774165389806E-02
 1.99782268400236E+03	 9.13946282828484E-02
 1.99782542190239E+03	 8.19134059030771E-02
 1.99782815980242E+03	 4.92457426140559E-02
 1.99783089770245E+03	-4.85297915399871E-03
 1.99783363560248E+03	-6.47425330815847E-02
 1.99783637350251E+03	-1.07542714879151E-01
 1.99783911140254E+03	-1.13914924811560E-01
 1.99784184930257E+03	-7.44590862168310E-02
 1.99784458720260E+03	 1.01853616946915E-02
 1.99784732510263E+03	 1.30159745742032E-01
 1.99785006300267E+03	 2.63701341104003E-01
 1.99785280090270E+03	 3.75650679608422E-01
 1.99785553880273E+03	 4.26622365393819E-01
 1.99785827670276E+03	 3.92614981257619E-01
 1.99786101460279E+03	 2.80398673944208E-01
 1.99786375250282E+03	 1.24469060767504E-01
 1.99786649040285E+03	-3.18057269730577E-02
 1.99786922830288E+03	-1.54986253061560E-01
 1.99787196620291E+03	-2.28667759037210E-01
 1.99787470410294E+03	-2.50286499113205E-01
 1.99787744200297E+03	-2.25701742305942E-01
 1.99788017990300E+03	-1.66776346975432E-01
 1.99788291780303E+03	-9.09746984608161E-02
 1.99788565570307E+03	-1.84212106535560E-02
 1.99788839360310E+03	 3.55986496612188E-02
 1.99789113150313E+03	 6.75619403156499E-02
 1.99789386940316E+03	 8.40444903220198E-02
 1.99789660730319E+03	 9.13707206309495E-02
 1.99789934520322E+03	 8.70964246698139E-02
 1.99790208310325E+03	 6.28930474500243E-02
 1.99790482100328E+03	 1.59340888719994E-02
 1.99790755890331E+03	-4.30573309122304E-02
 1.99791029680334E+03	-9.27155510242578E-02
 1.99791303470337E+03	-1.11525839999506E-01
 1.99791577260340E+03	-8.67109129019998E-02
 1.99791851050343E+03	-1.62160995874415E-02
 1.99792124840347E+03	 9.30040939066780E-02
 1.99792398630350E+03	 2.24017576614939E-01
 1.99792672420353E+03	 3.46901714929865E-01
 1.99792946210356E+03	 4.22835722318268E-01
 1.99793220000359E+03	 4.20420742947126E-01
 1.99793493790362E+03	 3.34381634474461E-01
 1.99793767580365E+03	 1.90085651465826E-01
 1.99794041370368E+03	 2.94667532046031E-02
 1.99794315160371E+03	-1.09224736519966E-01
 1.99794588950374E+03	-2.03150751027720E-01
 1.99794862740377E+03	-2.44821583034925E-01
 1.99795136530380E+03	-2.36881164282297E-01
 1.99795410320383E+03	-1.88658699512494E-01
 1.99795684110386E+03	-1.15728762645028E-01
 1.99795957900390E+03	-3.85084172387089E-02
 1.99796231690393E+03	 2.40446858731826E-02
 1.99796505480396E+03	 6.31048694800480E-02
 1.99796779270399E+03	 8.24906208234168E-02
 1.99797053060402E+03	 9.06405842208617E-02
 1.99797326850405E+03	 8.95034304605421E-02
 1.99797600640408E+03	 7.23997775134253E-02
 1.99797874430411E+03	 3.33024739733280E-02
 1.99798148220414E+03	-2.23736208565060E-02
 1.99798422010417E+03	-7.62846237986096E-02
 1.99798695800420E+03	-1.05864755363026E-01
 1.99798969590423E+03	-9.50174342979316E-02
 1.99799243380426E+03	-3.87307112474825E-02
 1.99799517170430E+03	 5.84399143851531E-02
 1.99799790960433E+03	 1.83386813236196E-01
 1.99800064750436E+03	 3.11632924835079E-01
 1.99800338540439E+03	 4.07361008775103E-01
 1.99800612330442E+03	 4.34954074608090E-01
 1.99800886120445E+03	 3.78272287276479E-01
 1.99801159910448E+03	 2.51751579194009E-01
 1.99801433700451E+03	 9.28105684087274E-02
 1.99801707490454E+03	-5.75331749719018E-02
 1.99801981280457E+03	-1.70285502623274E-01
 1.99802255070460E+03	-2.32386217739291E-01
 1.99802528860463E+03	-2.42709478890705E-01
 1.99802802650466E+03	-2.07787536235682E-01
 1.99803076440470E+03	-1.40799754279629E-01
 1.99803350230473E+03	-6.12974298960022E-02
 1.99803624020476E+03	 9.31405811088693E-03
 1.99803897810479E+03	 5.69020067597551E-02
 1.99804171600482E+03	 8.08794783042299E-02
 1.99804445390485E+03	 8.99185056890762E-02
 1.99804719180488E+03	 9.01538549802305E-02
 1.99804992970491E+03	 7.82431582409786E-02
 1.99805266760494E+03	 4.68237608376475E-02
 1.99805540550497E+03	-3.67908745471121E-03
 1.99805814340500E+03	-5.91974303551567E-02
 1.99806088130503E+03	-9.75451034010672E-02
 1.99806361920506E+03	-9.97292328542314E-02
 1.99806635710509E+03	-5.74411515203386E-02
 1.99806909500513E+03	 2.70455104517164E-02
 1.99807183290516E+03	 1.43448409062893E-01
 1.99807457080519E+03	 2.72200237614772E-01
 1.99807730870522E+03	 3.82053897841886E-01
 1.99808004660525E+03	 4.36367139894796E-01
 1.99808278450528E+03	 4.10356687623303E-01
 1.99808552240531E+03	 3.06835115127784E-01
 1.99808826030534E+03	 1.55877694002805E-01
 1.99809099820537E+03	-1.32938589612333E-03
 1.99809373610540E+03	-1.30564471014283E-01
 1.99809647400543E+03	-2.12806514296673E-01
 1.99809921190546E+03	-2.42530845352078E-01
 1.99810194980549E+03	-2.23155720211504E-01
 1.99810468770553E+03	-1.65133144452615E-01
 1.99810742560556E+03	-8.62011162378867E-02
 1.99811016350559E+03	-8.81638323500513E-03
 1.99811290140562E+03	 4.82083914333060E-02
 1.99811563930565E+03	 7.87533613678521E-02
 1.99811837720568E+03	 8.96169370856937E-02
 1.99812111510571E+03	 9.00819956480030E-02
 1.99812385300574E+03	 8.12354463366848E-02
 1.99812659090577E+03	 5.64585448062933E-02
 1.99812932880580E+03	 1.22303794197126E-02
 1.99813206670583E+03	-4.24256094544645E-02
 1.99813480460586E+03	-8.72654863422966E-02
 1.99813754250589E+03	-1.01253170482482E-01
 1.99814028040593E+03	-7.25639232239474E-02
 1.99814301830596E+03	-9.53544005394141E-04
 1.99814575620599E+03	 1.05381398113083E-01
 1.99814849410602E+03	 2.30775757967214E-01
 1.99815123200605E+03	 3.49155306376784E-01
 1.99815396990608E+03	 4.25617488327081E-01
 1.99815670780611E+03	 4.29657970501635E-01
 1.99815944570614E+03	 3.52988130194463E-01
 1.99816218360617E+03	 2.16148613556757E-01
 1.99816492150620E+03	 5.76012571191799E-02
 1.99816765940623E+03	-8.48138603982044E-02
 1.99817039730626E+03	-1.86146576104026E-01
 1.99817313520629E+03	-2.35865732989553E-01
 1.99817587310633E+03	-2.33863043241148E-01
 1.99817861100636E+03	-1.87625828829524E-01
 1.99818134890639E+03	-1.12386725081088E-01
 1.99818408680642E+03	-3.02736466319650E-02
 1.99818682470645E+03	 3.63579403632912E-02
 1.99818956260648E+03	 7.54043742562217E-02
 1.99819230050651E+03	 8.97803735946056E-02
 1.99819503840654E+03	 9.01844573100513E-02
 1.99819777630657E+03	 8.24180160360722E-02
 1.99820051420660E+03	 6.25729154501654E-02
 1.99820325210663E+03	 2.48438799394621E-02
 1.99820599000666E+03	-2.68937826020464E-02
 1.99820872790669E+03	-7.57996623871891E-02
 1.99821146580672E+03	-1.00047644324334E-01
 1.99821420370676E+03	-8.43817248117134E-02
 1.99821694160679E+03	-2.55863154166463E-02
 1.99821967950682E+03	 6.99045629657617E-02
 1.99822241740685E+03	 1.89174226570482E-01
 1.99822515530688E+03	 3.11042218985676E-01
 1.99822789320691E+03	 4.04337345059704E-01
 1.99823063110694E+03	 4.36017040676520E-01
 1.99823336900697E+03	 3.88349179087840E-01
 1.99823610690700E+03	 2.71100760479907E-01
 1.99823884480703E+03	 1.17164089201136E-01
 1.99824158270706E+03	-3.42121794470112E-02
 1.99824432060709E+03	-1.52739011909113E-01
 1.99824705850712E+03	-2.22430871885492E-01
 1.99824979640716E+03	-2.39151527926647E-01
 1.99825253430719E+03	-2.07196036065462E-01
 1.99825527220722E+03	-1.38839062287042E-01
 1.99825801010725E+03	-5.46689987121374E-02
 1.99826074800728E+03	 2.08776771979078E-02
 1.99826348590731E+03	 6.99843065278076E-02
 1.99826622380734E+03	 9.00733947321312E-02
 1.99826896170737E+03	 9.10835478092896E-02
 1.99827169960740E+03	 8.29193465560759E-02
 1.99827443750743E+03	 6.59049223994283E-02
 1.99827717540746E+03	 3.40094786157152E-02
 1.99827991330749E+03	-1.33918207470950E-02
 1.99828265120752E+03	-6.39685276236176E-02
 1.99828538910756E+03	-9.66292001105155E-02
 1.99828812700759E+03	-9.32028028713912E-02
 1.99829086490762E+03	-4.70328197829539E-02
 1.99829360280765E+03	 3.73366159211760E-02
 1.99829634070768E+03	 1.48748696007481E-01
 1.99829907860771E+03	 2.69985667751592E-01
 1.99830181650774E+03	 3.74633250726697E-01
 1.99830455440777E+03	 4.30087071032489E-01
 1.99830729230780E+03	 4.11711262714464E-01
 1.99831003020783E+03	 3.18401310081811E-01
 1.99831276810786E+03	 1.75056264697890E-01
 1.99831550600789E+03	 1.97147765785880E-02
 1.99831824390792E+03	-1.13214475320553E-01
 1.99832098180795E+03	-2.02160615437030E-01
 1.99832371970799E+03	-2.38430361955100E-01
 1.99832645760802E+03	-2.22842321188298E-01
 1.99832919550805E+03	-1.64436669250244E-01
 1.99833193340808E+03	-8.13163214071338E-02
 1.99833467130811E+03	 1.57601542237603E-03
 1.99833740920814E+03	 6.16367030676992E-02
 1.99834014710817E+03	 8.98252204889561E-02
 1.99834288500820E+03	 9.30269804092303E-02
 1.99834562290823E+03	 8.37945714002582E-02
 1.99834836080826E+03	 6.74797202199813E-02
 1.99835109870829E+03	 3.99737353547540E-02
 1.99835383660832E+03	-2.48123241996510E-03
 1.99835657450835E+03	-5.25892519318170E-02
 1.99835931240839E+03	-9.15788121764932E-02
 1.99836205030842E+03	-9.93482508468592E-02
 1.99836478820845E+03	-6.55346363623982E-02
 1.99836752610848E+03	 7.69720405821220E-03
 1.99837026400851E+03	 1.10362397397387E-01
 1.99837300190854E+03	 2.27948081957470E-01
 1.99837573980857E+03	 3.38843563710520E-01
 1.99837847770860E+03	 4.13239880987369E-01
 1.99838121560863E+03	 4.22629820709359E-01
 1.99838395350866E+03	 3.56103129186925E-01
 1.99838669140869E+03	 2.28907545347694E-01
 1.99838942930872E+03	 7.51312480118887E-02
 1.99839216720875E+03	-6.85234827985770E-02
 1.99839490510879E+03	-1.75231280294400E-01
 1.99839764300882E+03	-2.31294717872969E-01
 1.99840038090885E+03	-2.33688580127102E-01
 1.99840311880888E+03	-1.88030010364005E-01
 1.99840585670891E+03	-1.09282715111023E-01
 1.99840859460894E+03	-2.14060013515274E-02
 1.99841133250897E+03	 4.96316265078281E-02
 1.99841407040900E+03	 8.81245567586321E-02
 1.99841680830903E+03	 9.58394852194280E-02
 1.99841954620906E+03	 8.58683666566408E-02
 1.99842228410909E+03	 6.84800642816172E-02
 1.99842502200912E+03	 4.33748902108307E-02
 1.99842775990915E+03	 5.58967015955530E-03
 1.99843049780918E+03	-4.24024463519457E-02
 1.99843323570922E+03	-8.55359164651915E-02
 1.99843597360925E+03	-1.03160959473016E-01
 1.99843871150928E+03	-8.13338650863276E-02
 1.99844144940931E+03	-1.91751752859765E-02
 1.99844418730934E+03	 7.44311578359851E-02
 1.99844692520936E+03	 1.86444796757626E-01
 1.99844966310940E+03	 2.99287369457848E-01
 1.99845240100943E+03	 3.87395044878295E-01
 1.99845513890946E+03	 4.21453213930529E-01
 1.99845787680949E+03	 3.82819244393521E-01
 1.99846061470952E+03	 2.76450532027905E-01
 1.99846335260955E+03	 1.29966638601063E-01
 1.99846609050958E+03	-1.99419064823419E-02
 1.99846882840962E+03	-1.42087090241029E-01
 1.99847156630965E+03	-2.17543031380036E-01
 1.99847430420968E+03	-2.39015585828158E-01
 1.99847704210971E+03	-2.08512407934310E-01
 1.99847978000974E+03	-1.37461484300106E-01
 1.99848251790977E+03	-4.75852870649148E-02
 1.99848525580980E+03	 3.34838565734484E-02
 1.99848799370983E+03	 8.39509101438512E-02
 1.99849073160986E+03	 9.89345232123467E-02
 1.99849346950989E+03	 8.96038061757481E-02
 1.99849620740992E+03	 7.00864684143772E-02
 1.99849894530995E+03	 4.51836999335164E-02
 1.99850168320998E+03	 1.09456206829213E-02
 1.99850442111002E+03	-3.39844636454965E-02
 1.99850715901005E+03	-7.91710390766850E-02
 1.99850989691008E+03	-1.05024566121955E-01
 1.99851263481011E+03	-9.46463455459032E-02
 1.99851537271014E+03	-4.35122033915794E-02
 1.99851811061017E+03	 4.10198139424402E-02
 1.99852084851020E+03	 1.46483255001547E-01
 1.99852358641023E+03	 2.58038999090230E-01
 1.99852632431026E+03	 3.54794105974300E-01
 1.99852906221029E+03	 4.09268029161191E-01
 1.99853180011032E+03	 3.97851384437437E-01
 1.99853453801035E+03	 3.15703608001458E-01
 1.99853727591038E+03	 1.82028875446111E-01
 1.99854001381042E+03	 3.09486700558565E-02
 1.99854275171045E+03	-1.03463230345328E-01
 1.99854548961048E+03	-1.97196116937843E-01
 1.99854822751051E+03	-2.38282369146626E-01
 1.99855096541054E+03	-2.24877668488529E-01
 1.99855370331057E+03	-1.64655629348740E-01
 1.99855644121060E+03	-7.61672741008810E-02
 1.99855917911063E+03	 1.30386090381631E-02
 1.99856191701066E+03	 7.63232248527215E-02
 1.99856465491069E+03	 1.01385409223977E-01
 1.99856739281072E+03	 9.50170753165057E-02
 1.99857013071075E+03	 7.33072855403937E-02
 1.99857286861078E+03	 4.65935904480889E-02
 1.99857560651081E+03	 1.41044534612140E-02
 1.99857834441085E+03	-2.76574002977894E-02
 1.99858108231088E+03	-7.31330618064095E-02
 1.99858382021091E+03	-1.05378318878400E-01
 1.99858655811094E+03	-1.05666379597883E-01
 1.99858929601097E+03	-6.55310804060518E-02
 1.99859203391100E+03	 9.96872781334070E-03
 1.99859477181103E+03	 1.08580358688845E-01
 1.99859750971106E+03	 2.16757492695602E-01
 1.99860024761109E+03	 3.17750541971774E-01
 1.99860298551112E+03	 3.87763491276643E-01
 1.99860572341115E+03	 4.01252338095511E-01
 1.99860846131118E+03	 3.45145190719076E-01
 1.99861119921121E+03	 2.29150191232488E-01
 1.99861393711125E+03	 8.23127857678468E-02
 1.99861667501128E+03	-6.03989383406379E-02
 1.99861941291131E+03	-1.70519065430068E-01
 1.99862215081134E+03	-2.31142264252350E-01
 1.99862488871137E+03	-2.36262231876364E-01
 1.99862762661140E+03	-1.89660281789305E-01
 1.99863036451143E+03	-1.06108822999383E-01
 1.99863310241146E+03	-1.14853989596760E-02
 1.99863584031149E+03	 6.44445161062906E-02
 1.99863857821152E+03	 1.02046247670479E-01
 1.99864131611155E+03	 1.01651904804141E-01
 1.99864405401158E+03	 7.88221003285848E-02
 1.99864679191161E+03	 4.88700215022079E-02
 1.99864952981165E+03	 1.59469192259084E-02
 1.99865226771168E+03	-2.34129101951957E-02
 1.99865500561171E+03	-6.79737844624468E-02
 1.99865774351174E+03	-1.04714736722482E-01
 1.99866048141177E+03	-1.14592717614632E-01
 1.99866321931180E+03	-8.53877005375254E-02
 1.99866595721183E+03	-1.89760809145388E-02
 1.99866869511186E+03	 7.28459035977086E-02
 1.99867143301189E+03	 1.76590786596225E-01
 1.99867417091192E+03	 2.78409644731115E-01
 1.99867690881195E+03	 3.59031184057051E-01
 1.99867964671198E+03	 3.93809701968892E-01
 1.99868238461201E+03	 3.63856110661236E-01
 1.99868512251204E+03	 2.69353108520924E-01
 1.99868786041208E+03	 1.32148459860001E-01
 1.99869059831211E+03	-1.42322471718078E-02
 1.99869333621214E+03	-1.38043759131362E-01
 1.99869607411217E+03	-2.17458317107646E-01
 1.99869881201220E+03	-2.41973355674530E-01
 1.99870154991223E+03	-2.11334882971332E-01
 1.99870428781226E+03	-1.36201925430275E-01
 1.99870702571229E+03	-3.94986625014490E-02
 1.99870976361232E+03	 4.78224579206669E-02
 1.99871250151235E+03	 9.97056597994247E-02
 1.99871523941238E+03	 1.08619145524543E-01
 1.99871797731241E+03	 8.68614146478617E-02
 1.99872071521244E+03	 5.31763765160929E-02
 1.99872345311248E+03	 1.76326461683449E-02
 1.99872619101251E+03	-2.08666736152426E-02
 1.99872892891254E+03	-6.40591685203538E-02
 1.99873166681257E+03	-1.03551101980596E-01
 1.99873440471260E+03	-1.21660746530020E-01
 1.99873714261263E+03	-1.03169653481295E-01
 1.99873988051266E+03	-4.60532573048249E-02
 1.99874261841269E+03	 3.91101765486547E-02
 1.99874535631272E+03	 1.38161836329159E-01
 1.99874809421275E+03	 2.38550546802290E-01
 1.99875083211278E+03	 3.25326143885406E-01
 1.99875357001281E+03	 3.76949054023495E-01
 1.99875630791284E+03	 3.71608710282982E-01
 1.99875904581288E+03	 3.01018976733557E-01
 1.99876178371291E+03	 1.78408187151927E-01
 1.99876452161294E+03	 3.34315902092080E-02
 1.99876725951297E+03	-1.00586778737134E-01
 1.99876999741300E+03	-1.97321090389204E-01
 1.99877273531303E+03	-2.41507532832406E-01
 1.99877547321306E+03	-2.28659655163323E-01
 1.99877821111309E+03	-1.65165126033285E-01
 1.99878094901312E+03	-7.00854552435614E-02
 1.99878368691315E+03	 2.63503212736912E-02
 1.99878642481318E+03	 9.32515798197703E-02
 1.99878916271321E+03	 1.14697381548592E-01
 1.99879190061324E+03	 9.71415274800716E-02
 1.99879463851328E+03	 6.03989549167618E-02
 1.99879737641331E+03	 2.04669201784113E-02
 1.99880011431334E+03	-1.92579118534857E-02
 1.99880285221337E+03	-6.14821009513640E-02
 1.99880559011340E+03	-1.02372344763293E-01
 1.99880832801343E+03	-1.27164578742887E-01
 1.99881106591346E+03	-1.18921756726570E-01
 1.99881380381349E+03	-7.14142042744400E-02
 1.99881654171352E+03	 7.06838384117243E-03
 1.99881927961355E+03	 1.01630530667658E-01
 1.99882201751358E+03	 1.99455505859607E-01
 1.99882475541361E+03	 2.88821445094704E-01
 1.99882749331364E+03	 3.52566106574507E-01
 1.99883023121367E+03	 3.68886674920851E-01
 1.99883296911371E+03	 3.23038081079831E-01
 1.99883570701374E+03	 2.19145650499528E-01
 1.99883844491377E+03	 8.07835939517199E-02
 1.99884118281380E+03	-5.92552247457555E-02
 1.99884392071383E+03	-1.71069089843474E-01
 1.99884665861386E+03	-2.34564476804211E-01
 1.99884939651389E+03	-2.40775145643270E-01
 1.99885213441392E+03	-1.91730553499415E-01
 1.99885487231395E+03	-1.02080511367534E-01
 1.99885761021398E+03	 3.39383616234343E-04
 1.99886034811401E+03	 8.18241894538436E-02
 1.99886308601404E+03	 1.18481430187620E-01
 1.99886582391407E+03	 1.08866254940210E-01
 1.99886856181411E+03	 7.09957061278903E-02
 1.99887129971414E+03	 2.57313978864223E-02
 1.99887403761417E+03	-1.75028338131220E-02
 1.99887677551420E+03	-5.99945110490908E-02
 1.99887951341423E+03	-1.01550483629291E-01
 1.99888225131426E+03	-1.31455300342449E-01
 1.99888498921429E+03	-1.32689616606211E-01
 1.99888772711432E+03	-9.50966416449134E-02
 1.99889046501435E+03	-2.35856516495465E-02
 1.99889320291438E+03	 6.68134586314342E-02
 1.99889594081441E+03	 1.61860433286554E-01
 1.99889867871444E+03	 2.51389487933160E-01
 1.99890141661447E+03	 3.22808100473722E-01
 1.99890415451451E+03	 3.56828119030785E-01
 1.99890689241454E+03	 3.34919968002201E-01
 1.99890963031457E+03	 2.52674455687039E-01
 1.99891236821460E+03	 1.25907922191167E-01
 1.99891510611463E+03	-1.54321769706924E-02
 1.99891784401466E+03	-1.39308749862065E-01
 1.99892058191469E+03	-2.21061405744829E-01
 1.99892331981472E+03	-2.47007390836970E-01
 1.99892605771475E+03	-2.14717486200320E-01
 1.99892879561478E+03	-1.34164467635066E-01
 1.99893153351481E+03	-2.94983103608494E-02
 1.99893427141484E+03	 6.49364999806113E-02
 1.99893700931487E+03	 1.18558505770199E-01
 1.99893974721490E+03	 1.20797763392849E-01
 1.99894248511494E+03	 8.48916361046521E-02
 1.99894522301497E+03	 3.44989924798167E-02
 1.99894796091500E+03	-1.43030834247252E-02
 1.99895069881503E+03	-5.89764203088764E-02
 1.99895343671506E+03	-1.01252953384184E-01
 1.99895617461509E+03	-1.34907474476757E-01
 1.99895891251512E+03	-1.44562979542044E-01
 1.99896165041515E+03	-1.17040801534788E-01
 1.99896438831518E+03	-5.30592382197427E-02
 1.99896712621521E+03	 3.33354153191863E-02
 1.99896986411524E+03	 1.25987441334541E-01
 1.99897260201527E+03	 2.14439008977431E-01
 1.99897533991530E+03	 2.89832753874194E-01
 1.99897807781534E+03	 3.37094904722229E-01
 1.99898081571537E+03	 3.36845685415715E-01
 1.99898355361540E+03	 2.77720723252835E-01
 1.99898629151543E+03	 1.66908162518128E-01
 1.99898902941546E+03	 2.92654257519078E-02
 1.99899176731549E+03	-1.02927939705800E-01
 1.99899450521552E+03	-2.01150200346210E-01
 1.99899724311555E+03	-2.46883747472681E-01
 1.99899998101558E+03	-2.33087681952221E-01
 1.99900271891561E+03	-1.64963771513267E-01
 1.99900545681564E+03	-6.21105628513797E-02
 1.99900819471567E+03	 4.25476825069023E-02
 1.99901093261570E+03	 1.13687911870432E-01
 1.99901367051574E+03	 1.31388768569800E-01
 1.99901640841577E+03	 1.01438402875938E-01
 1.99901914631580E+03	 4.74576809532722E-02
 1.99902188421583E+03	-8.30130073901540E-03
 1.99902462211586E+03	-5.74557743657968E-02
 1.99902736001589E+03	-1.01357400957249E-01
 1.99903009791592E+03	-1.37853956503175E-01
 1.99903283581595E+03	-1.54701070019176E-01
 1.99903557371598E+03	-1.37136095415368E-01
 1.99903831161601E+03	-8.14079108688998E-02
 1.99904104951604E+03	 7.83341452807992E-04
 1.99904378741607E+03	 9.16471884307406E-02
 1.99904652531610E+03	 1.78827966435208E-01
 1.99904926321613E+03	 2.55576991448426E-01
 1.99905200111617E+03	 3.11681973904714E-01
 1.99905473901620E+03	 3.29649949191509E-01
 1.99905747691623E+03	 2.93549215953166E-01
 1.99906021481626E+03	 2.02053289515785E-01
 1.99906295271629E+03	 7.30607203633214E-02
 1.99906569061632E+03	-6.30950542005271E-02
 1.99906842851635E+03	-1.75236833948621E-01
 1.99907116641638E+03	-2.40145179858697E-01
 1.99907390431641E+03	-2.45982264835554E-01
 1.99907664221644E+03	-1.93142447236509E-01
 1.99907938011647E+03	-9.61969836373778E-02
 1.99908211801650E+03	 1.50819482981289E-02
 1.99908485591653E+03	 1.02960014963935E-01
 1.99908759381657E+03	 1.38959307448588E-01
 1.99909033171660E+03	 1.19447167271611E-01
 1.99909306961663E+03	 6.47689041628990E-02
 1.99909580751666E+03	 1.73271517546263E-03
 1.99909854541669E+03	-5.41860865348654E-02
 1.99910128331672E+03	-1.01392692921446E-01
 1.99910402121675E+03	-1.40497588724992E-01
 1.99910675911678E+03	-1.63326602330041E-01
 1.99910949701681E+03	-1.55279757938600E-01
 1.99911223491684E+03	-1.08532813401423E-01
 1.99911497281687E+03	-3.11643803172438E-02
 1.99911771071690E+03	 5.83882955912703E-02
 1.99912044861693E+03	 1.44860360053428E-01
 1.99912318651697E+03	 2.21566622089892E-01
 1.99912592441700E+03	 2.82689851648030E-01
 1.99912866231703E+03	 3.14730156948394E-01
 1.99913140021706E+03	 3.00043530669923E-01
 1.99913413811709E+03	 2.29928312121660E-01
 1.99913687601712E+03	 1.14122298782967E-01
 1.99913961391715E+03	-2.12355263973352E-02
 1.99914235181718E+03	-1.43999043133987E-01
 1.99914508971721E+03	-2.26759681114488E-01
 1.99914782761724E+03	-2.52743782282218E-01
 1.99915056551727E+03	-2.17476861679144E-01
 1.99915330341730E+03	-1.30317065775053E-01
 1.99915604131733E+03	-1.66058047475969E-02
 1.99915877921737E+03	 8.59139205186730E-02
 1.99916151711740E+03	 1.41894715234673E-01
 1.99916425501743E+03	 1.37293535187348E-01
 1.99916699291746E+03	 8.59831653578640E-02
 1.99916973081749E+03	 1.67085346655318E-02
 1.99917246871752E+03	-4.77799787044606E-02
 1.99917520661755E+03	-1.00524302961057E-01
 1.99917794451758E+03	-1.42815695269981E-01
 1.99918068241761E+03	-1.70682802671831E-01
 1.99918342031764E+03	-1.71426858066255E-01
 1.99918615821767E+03	-1.34220378142485E-01
 1.99918889611770E+03	-6.26532808733297E-02
 1.99919163401773E+03	 2.56649050117263E-02
 1.99919437191776E+03	 1.12361779598291E-01
 1.99919710981780E+03	 1.88792110414628E-01
 1.99919984771783E+03	 2.52089768499163E-01
 1.99920258561786E+03	 2.93889406682561E-01
 1.99920532351789E+03	 2.97724987474873E-01
 1.99920806141792E+03	 2.49571058151589E-01
 1.99921079931795E+03	 1.50695089652424E-01
 1.99921353721798E+03	 2.10206598099818E-02
 1.99921627511801E+03	-1.08395373227044E-01
 1.99921901301804E+03	-2.06938864639950E-01
 1.99922175091807E+03	-2.52929328218616E-01
 1.99922448881810E+03	-2.36909502465599E-01
 1.99922722671813E+03	-1.62998878396424E-01
 1.99922996461816E+03	-5.13087158945352E-02
 1.99923270251820E+03	 6.26000373953700E-02
 1.99923544041823E+03	 1.38838441532399E-01
 1.99923817831826E+03	 1.53082999441444E-01
 1.99924091621829E+03	 1.10028624630779E-01
 1.99924365411832E+03	 3.70412475562464E-02
 1.99924639201835E+03	-3.68870433602506E-02
 1.99924912991838E+03	-9.75969384638034E-02
 1.99925186781841E+03	-1.44477959690240E-01
 1.99925460571844E+03	-1.76957077616668E-01
 1.99925734361847E+03	-1.85613545050888E-01
 1.99926008151850E+03	-1.58207557824322E-01
 1.99926281941853E+03	-9.36223822064929E-02
 1.99926555731856E+03	-7.00742375136239E-03
 1.99926829521860E+03	 8.08163273497132E-02
 1.99927103311863E+03	 1.57665488950109E-01
 1.99927377101866E+03	 2.21512830521170E-01
 1.99927650891869E+03	 2.69130670600873E-01
 1.99927924681872E+03	 2.87701902686623E-01
 1.99928198471875E+03	 2.60575477494805E-01
 1.99928472261878E+03	 1.81245174187972E-01
 1.99928746051881E+03	 6.19232452245588E-02
 1.99929019841884E+03	-6.96572584291057E-02
 1.99929293631887E+03	-1.81156248853977E-01
 1.99929567421890E+03	-2.46320947306258E-01
 1.99929841211893E+03	-2.50582667558029E-01
 1.99930115001896E+03	-1.92835355986744E-01
 1.99930388791899E+03	-8.75765977652810E-02
 1.99930662581903E+03	 3.35823708196689E-02
 1.99930936371906E+03	 1.28854411563106E-01
 1.99931210161909E+03	 1.64856351600506E-01
 1.99931483951912E+03	 1.35278830362263E-01
 1.99931757741915E+03	 6.25238093516043E-02
 1.99932031531918E+03	-2.03956929275773E-02
 1.99932305321921E+03	-9.12388978133856E-02
 1.99932579111924E+03	-1.44799155895986E-01
 1.99932852901927E+03	-1.82184071050804E-01
 1.99933126691930E+03	-1.97941958993500E-01
 1.99933400481933E+03	-1.80250968093289E-01
 1.99933674271936E+03	-1.23825845619890E-01
 1.99933948061939E+03	-3.99327999317642E-02
 1.99934221851943E+03	 4.95386369165988E-02
 1.99934495641946E+03	 1.28060892526297E-01
 1.99934769431949E+03	 1.92091791409638E-01
 1.99935043221952E+03	 2.42427341552209E-01
 1.99935317011955E+03	 2.71550088629825E-01
 1.99935590801958E+03	 2.63143825801155E-01
 1.99935864591961E+03	 2.04602321937272E-01
 1.99936138381964E+03	 9.97154775598821E-02
 1.99936412171967E+03	-2.92562042104062E-02
 1.99936685961970E+03	-1.50162241713389E-01
 1.99936959751973E+03	-2.32937912156839E-01
 1.99937233541976E+03	-2.57856813110574E-01
 1.99937507331979E+03	-2.18559664159147E-01
 1.99937781121983E+03	-1.23837339204017E-01
 1.99938054911986E+03	-1.15617978626228E-04
 1.99938328701989E+03	 1.11538588752111E-01
 1.99938602491992E+03	 1.70808566829023E-01
 1.99938876281995E+03	 1.59694644609010E-01
 1.99939150071998E+03	 9.22675785846407E-02
 1.99939423862001E+03	 2.36761315576218E-03
 1.99939697652004E+03	-8.00224833134448E-02
 1.99939971442007E+03	-1.42744889466310E-01
 1.99940245232010E+03	-1.86147926354213E-01
 1.99940519022013E+03	-2.08524579922705E-01
 1.99940792812016E+03	-2.00178185205128E-01
 1.99941066602019E+03	-1.52893827161754E-01
 1.99941340392022E+03	-7.31695024690240E-02
 1.99941614182026E+03	 1.78505582587503E-02
 1.99941887972029E+03	 9.94283009704882E-02
 1.99942161762032E+03	 1.64376528752198E-01
 1.99942435552035E+03	 2.15500036747646E-01
 1.99942709342038E+03	 2.51135373614031E-01
 1.99942983132041E+03	 2.58075173312102E-01
 1.99943256922044E+03	 2.20081349355084E-01
 1.99943530712047E+03	 1.32769394324652E-01
 1.99943804502050E+03	 1.11593966775165E-02
 1.99944078292053E+03	-1.14988206435041E-01
 1.99944352082056E+03	-2.13052354511738E-01
 1.99944625872059E+03	-2.58320346346887E-01
 1.99944899662062E+03	-2.39096574952241E-01
 1.99945173452066E+03	-1.58514424011577E-01
 1.99945447242069E+03	-3.71099223366630E-02
 1.99945721032072E+03	 8.70673510809688E-02
 1.99945994822075E+03	 1.69492681084693E-01
 1.99946268612078E+03	 1.81024632027296E-01
 1.99946542402081E+03	 1.24724709345989E-01
 1.99946816192084E+03	 3.14709121032117E-02
 1.99947089982087E+03	-6.26644789468403E-02
 1.99947363772090E+03	-1.37001304377700E-01
 1.99947637562093E+03	-1.88307108793530E-01
 1.99947911352096E+03	-2.17396075593724E-01
 1.99948185142099E+03	-2.17904103713736E-01
 1.99948458932102E+03	-1.80412046174065E-01
 1.99948732722106E+03	-1.06522810568064E-01
 1.99949006512109E+03	-1.47666546078758E-02
 1.99949280302112E+03	 7.09590295685113E-02
 1.99949554092115E+03	 1.38333384910057E-01
 1.99949827882118E+03	 1.89629817077728E-01
 1.99950101672121E+03	 2.28398110257703E-01
 1.99950375462124E+03	 2.46685397116730E-01
 1.99950649252127E+03	 2.27563436500059E-01
 1.99950923042130E+03	 1.59729212452281E-01
 1.99951196832133E+03	 4.98589969089196E-02
 1.99951470622136E+03	-7.69309990656440E-02
 1.99951744412139E+03	-1.87205920858075E-01
 1.99952018202142E+03	-2.51797529907037E-01
 1.99952291992146E+03	-2.53591980422883E-01
 1.99952565782149E+03	-1.90127231871744E-01
 1.99952839572152E+03	-7.57826694353138E-02
 1.99953113362155E+03	 5.61798738678627E-02
 1.99953387152158E+03	 1.59982531310599E-01
 1.99953660942161E+03	 1.97039435711684E-01
 1.99953934732164E+03	 1.57795103390587E-01
 1.99954208522167E+03	 6.62682945116071E-02
 1.99954482312170E+03	-3.82420157842824E-02
 1.99954756102173E+03	-1.26109649244209E-01
 1.99955029892176E+03	-1.87764252238240E-01
 1.99955303682179E+03	-2.24409887222187E-01
 1.99955577472182E+03	-2.33403760556910E-01
 1.99955851262185E+03	-2.05996482287785E-01
 1.99956125052189E+03	-1.39589180802894E-01
 1.99956398842192E+03	-4.85674215569631E-02
 1.99956672632195E+03	 4.17742414415926E-02
 1.99956946422198E+03	 1.13425845191097E-01
 1.99957220212201E+03	 1.65533565791937E-01
 1.99957494002204E+03	 2.05126461047067E-01
 1.99957767792207E+03	 2.30663172403456E-01
 1.99958041582210E+03	 2.27521643422269E-01
 1.99958315372213E+03	 1.79645424017575E-01
 1.99958589162216E+03	 8.51518611440442E-02
 1.99958862952219E+03	-3.75104487782574E-02
 1.99959136742222E+03	-1.56221569137881E-01
 1.99959410532225E+03	-2.38359027903743E-01
 1.99959684322229E+03	-2.61426533630336E-01
 1.99959958112232E+03	-2.17366092075952E-01
 1.99960231902235E+03	-1.14417481203482E-01
 1.99960505692238E+03	 2.01012680449851E-02
 1.99960779482241E+03	 1.41974534109542E-01
 1.99961053272244E+03	 2.05770420161217E-01
 1.99961327062247E+03	 1.89008664854421E-01
 1.99961600852250E+03	 1.05371364817055E-01
 1.99961874642253E+03	-6.39369878448670E-03
 1.99962148432256E+03	-1.08655259624368E-01
 1.99962422222259E+03	-1.83298060453548E-01
 1.99962696012262E+03	-2.29142989641514E-01
 1.99962969802265E+03	-2.46643698196672E-01
 1.99963243592269E+03	-2.29341633251550E-01
 1.99963517382272E+03	-1.71834793395588E-01
 1.99963791172275E+03	-8.34967303540489E-02
 1.99964064962278E+03	 1.11055156968687E-02
 1.99964338752281E+03	 8.87617005234409E-02
 1.99964612542284E+03	 1.43318667207101E-01
 1.99964886332287E+03	 1.82748406739058E-01
 1.99965160122290E+03	 2.11876108490733E-01
 1.99965433912293E+03	 2.20980918791585E-01
 1.99965707702296E+03	 1.92080481645618E-01
 1.99965981492299E+03	 1.15526153079398E-01
 1.99966255282302E+03	 1.60456276351795E-03
 1.99966529072305E+03	-1.21202253716605E-01
 1.99966802862308E+03	-2.18336058866200E-01
 1.99967076652312E+03	-2.62221176424726E-01
 1.99967350442315E+03	-2.39140087981115E-01
 1.99967624232318E+03	-1.51325750766446E-01
 1.99967898022321E+03	-1.95788510171553E-02
 1.99968171812324E+03	 1.15817875502807E-01
 1.99968445602327E+03	 2.05722033301711E-01
 1.99968719392330E+03	 2.15762504394488E-01
 1.99968993182333E+03	 1.46711435872120E-01
 1.99969266972336E+03	 3.25251801651197E-02
 1.99969540762339E+03	-8.34897955054897E-02
 1.99969814552342E+03	-1.73465017964118E-01
 1.99970088342345E+03	-2.30834113255218E-01
 1.99970362132348E+03	-2.57484659722105E-01
 1.99970635922352E+03	-2.50227472990238E-01
 1.99970909712355E+03	-2.02685342067489E-01
 1.99971183502358E+03	-1.19205309963438E-01
 1.99971457292361E+03	-2.15603537837915E-02
 1.99971731082364E+03	 6.32819776219868E-02
 1.99972004872367E+03	 1.22522588507469E-01
 1.99972278662370E+03	 1.62171140151444E-01
 1.99972552452373E+03	 1.92149523711016E-01
 1.99972826242376E+03	 2.09411230621029E-01
 1.99973100032379E+03	 1.97168144567015E-01
 1.99973373822382E+03	 1.39789986836636E-01
 1.99973647612385E+03	 3.87008717909926E-02
 1.99973921402388E+03	-8.35077659879969E-02
 1.99974195192392E+03	-1.92335037901470E-01
 1.99974468982395E+03	-2.55841747063821E-01
 1.99974742772398E+03	-2.54601125128800E-01
 1.99975016562401E+03	-1.84950301439042E-01
 1.99975290352404E+03	-6.10526690289638E-02
 1.99975564142407E+03	 8.24730185320624E-02
 1.99975837932410E+03	 1.96031117957638E-01
 1.99976111722413E+03	 2.35584316249151E-01
 1.99976385512416E+03	 1.87690919164586E-01
 1.99976659302419E+03	 7.73606738956920E-02
 1.99976933092422E+03	-4.99573673666807E-02
 1.99977206882425E+03	-1.56766967148617E-01
 1.99977480672428E+03	-2.28377621264412E-01
 1.99977754462431E+03	-2.65577033370185E-01
 1.99978028252435E+03	-2.68480311834584E-01
 1.99978302042438E+03	-2.31602758069054E-01
 1.99978575832441E+03	-1.55113914389797E-01
 1.99978849622444E+03	-5.63922619182462E-02
 1.99979123412447E+03	 3.59612288124352E-02
 1.99979397202450E+03	 1.02230317815566E-01
 1.99979670992453E+03	 1.43690712187800E-01
 1.99979944782456E+03	 1.73045935376345E-01
 1.99980218572459E+03	 1.94561954872152E-01
 1.99980492362462E+03	 1.95612818811937E-01
 1.99980766152465E+03	 1.57196029162835E-01
 1.99981039942468E+03	 7.21502651195112E-02
 1.99981313732471E+03	-4.47027459904499E-02
 1.99981587522475E+03	-1.61246022129491E-01
 1.99981861312478E+03	-2.42407198687084E-01
 1.99982135102481E+03	-2.63151626905533E-01
 1.99982408892484E+03	-2.13939008816800E-01
 1.99982682682487E+03	-1.02444250287079E-01
 1.99982956472490E+03	 4.34085357781743E-02
 1.99983230262493E+03	 1.76554202471108E-01
 1.99983504052496E+03	 2.46388827239997E-01
 1.99983777842499E+03	 2.25409547715408E-01
 1.99984051632502E+03	 1.26170340801052E-01
 1.99984325422505E+03	-8.09106772391466E-03
 1.99984599212508E+03	-1.31868395598844E-01
 1.99984873002511E+03	-2.20387480789770E-01
 1.99985146792515E+03	-2.70275194948714E-01
 1.99985420582518E+03	-2.83894202772328E-01
 1.99985694372521E+03	-2.58128581073377E-01
 1.99985968162524E+03	-1.90506588023495E-01
 1.99986241952527E+03	-9.31901897356069E-02
 1.99986515742530E+03	 5.98824848347212E-03
 1.99986789532533E+03	 8.12509369192694E-02
 1.99987063322536E+03	 1.26985192718094E-01
 1.99987337112539E+03	 1.55675018573730E-01
 1.99987610902542E+03	 1.78254897663002E-01
 1.99987884692545E+03	 1.88622222799287E-01
 1.99988158482548E+03	 1.67530586087470E-01
 1.99988432272551E+03	 1.00551031644538E-01
 1.99988706062555E+03	-6.47274250869419E-03
 1.99988979852558E+03	-1.26236177020692E-01
 1.99989253642561E+03	-2.22301946253411E-01
 1.99989527432564E+03	-2.64444717646224E-01
 1.99989801222567E+03	-2.37187625627147E-01
 1.99990075012570E+03	-1.41944512476310E-01
 1.99990348802573E+03	 4.54268930228480E-04
 1.99990622592576E+03	 1.47874348976892E-01
 1.99990896382579E+03	 2.46694782998810E-01
 1.99991170172582E+03	 2.56939809260017E-01
 1.99991443962585E+03	 1.76332441571113E-01
 1.99991717752588E+03	 4.12526237942328E-02
 1.99991991542591E+03	-9.78366457684214E-02
 1.99992265332594E+03	-2.05334483568656E-01
 1.99992539122598E+03	-2.70596621046133E-01
 1.99992812912601E+03	-2.96130066675052E-01
 1.99993086702604E+03	-2.81882080493837E-01
 1.99993360492607E+03	-2.24628187827275E-01
 1.99993634282610E+03	-1.31421599121856E-01
 1.99993908072613E+03	-2.70989978913699E-02
 1.99994181862616E+03	 5.83258969199531E-02
 1.99994455652619E+03	 1.11192594115601E-01
 1.99994729442622E+03	 1.40560991807144E-01
 1.99995003232625E+03	 1.62160767980330E-01
 1.99995277022628E+03	 1.77775603524563E-01
 1.99995550812631E+03	 1.71150501926302E-01
 1.99995824602634E+03	 1.22865115271181E-01
 1.99996098392638E+03	 2.94893832089728E-02
 1.99996372182641E+03	-8.87194904010753E-02
 1.99996645972644E+03	-1.96188503287150E-01
 1.99996919762647E+03	-2.58384712628498E-01
 1.99997193552650E+03	-2.53856872684270E-01
 1.99997467342653E+03	-1.77917433692442E-01
 1.99997741132656E+03	-4.43665530989306E-02
 1.99998014922659E+03	 1.11230693346469E-01
 1.99998288712662E+03	 2.35775387530788E-01
 1.99998562502665E+03	 2.79618124584339E-01
 1.99998836292668E+03	 2.24747277148099E-01
 1.99999110082671E+03	 9.63478819423084E-02
 1.99999383872674E+03	-5.43711364266248E-02
 1.99999657662678E+03	-1.81746867788900E-01
 1.99999931452681E+03	-2.65246148413274E-01
 2.00000205242684E+03	-3.04617204190592E-01
 2.00000479032687E+03	-3.02512342834359E-01
 2.00000752822690E+03	-2.56762063900221E-01
 2.00001026612693E+03	-1.70304212210518E-01
 2.00001300402696E+03	-6.33413551308259E-02
 2.00001574192699E+03	 3.23373398622483E-02
 2.00001847982702E+03	 9.50622692122866E-02
 2.00002121772705E+03	 1.27587271807217E-01
 2.00002395562708E+03	 1.47588189515344E-01
 2.00002669352711E+03	 1.64839267950226E-01
 2.00002943142714E+03	 1.68956607796695E-01
 2.00003216932717E+03	 1.38531751854080E-01
 2.00003490722721E+03	 6.16183391838288E-02
 2.00003764512724E+03	-5.02963424369224E-02
 2.00004038302727E+03	-1.65012984134219E-01
 2.00004312092730E+03	-2.45132545202337E-01
 2.00004585882733E+03	-2.63372713561042E-01
 2.00004859672736E+03	-2.08970832506031E-01
 2.00005133462739E+03	-8.90029715732362E-02
 2.00005407252742E+03	 6.83844610887504E-02
 2.00005681042745E+03	 2.13724624620915E-01
 2.00005954832748E+03	 2.91315237875905E-01
 2.00006228622751E+03	 2.68110247659789E-01
 2.00006502412754E+03	 1.54657536758246E-01
 2.00006776202757E+03	-1.98551471867293E-03
 2.00007049992761E+03	-1.48451948932353E-01
 2.00007323782764E+03	-2.52715753600114E-01
 2.00007597572767E+03	-3.08484701443713E-01
 2.00007871362770E+03	-3.19615169339593E-01
 2.00008145152773E+03	-2.86269492353504E-01
 2.00008418942776E+03	-2.08912704082700E-01
 2.00008692732779E+03	-1.02354704680775E-01
 2.00008966522782E+03	 2.48583248655445E-03
 2.00009240312785E+03	 7.71575033985146E-02
 2.00009514102788E+03	 1.16027704468886E-01
 2.00009787892791E+03	 1.35314483168356E-01
 2.00010061682794E+03	 1.51549897801979E-01
 2.00010335472797E+03	 1.62300325833454E-01
 2.00010609262801E+03	 1.47538940561144E-01
 2.00010883052804E+03	 8.86186173756009E-02
 2.00011156842807E+03	-1.26610011765774E-02
 2.00011430632810E+03	-1.29994188067397E-01
 2.00011704422813E+03	-2.25116272730238E-01
 2.00011978212816E+03	-2.65419938244958E-01
 2.00012252002819E+03	-2.33992388765516E-01
 2.00012525792822E+03	-1.31519712056841E-01
 2.00012799582825E+03	 2.14432539306517E-02
 2.00013073372828E+03	 1.81433946307913E-01
 2.00013347162831E+03	 2.90651612781606E-01
 2.00013620952834E+03	 3.03225113640265E-01
 2.00013894742837E+03	 2.12996595906332E-01
 2.00014168532840E+03	 5.78898727938126E-02
 2.00014442322844E+03	-1.04826500736325E-01
 2.00014716112847E+03	-2.31457295511721E-01
 2.00014989902850E+03	-3.06547647910912E-01
 2.00015263692853E+03	-3.32635443131866E-01
 2.00015537482856E+03	-3.12582079330535E-01
 2.00015811272859E+03	-2.46283708238708E-01
 2.00016085062862E+03	-1.43387466054813E-01
 2.00016358852865E+03	-3.15870112915978E-02
 2.00016632642868E+03	 5.60794500723661E-02
 2.00016906432871E+03	 1.04661265757949E-01
 2.00017180222874E+03	 1.25483125573840E-01
 2.00017454012877E+03	 1.39392498888106E-01
 2.00017727802880E+03	 1.52829343561984E-01
 2.00018001592884E+03	 1.50437700082841E-01
 2.00018275382887E+03	 1.09596066924556E-01
 2.00018549172890E+03	 2.25190307401776E-02
 2.00018822962893E+03	-9.25874555092271E-02
 2.00019096752896E+03	-1.99042150371418E-01
 2.00019370542899E+03	-2.59937656146605E-01
 2.00019644332902E+03	-2.52157755965744E-01
 2.00019918122905E+03	-1.70204645481974E-01
 2.00020191912908E+03	-2.73304753375165E-02
 2.00020465702911E+03	 1.40486455664489E-01
 2.00020739492914E+03	 2.77131089293228E-01
 2.00021013282917E+03	 3.27319118997824E-01
 2.00021287072920E+03	 2.67787796231345E-01
 2.00021560862924E+03	 1.22908891258893E-01
 2.00021834652927E+03	-5.10182631245333E-02
 2.00022108442930E+03	-2.00111931963643E-01
 2.00022382232933E+03	-2.97365271577705E-01
 2.00022656022936E+03	-3.40781599040278E-01
 2.00022929812939E+03	-3.35150006892497E-01
 2.00023203602942E+03	-2.81495695754196E-01
 2.00023477392945E+03	-1.85421860443508E-01
 2.00023751182948E+03	-6.97454208656923E-02
 2.00024024972951E+03	 3.06797567094336E-02
 2.00024298762954E+03	 9.19547861359404E-02
 2.00024572552957E+03	 1.17584379471302E-01
 2.00024846342960E+03	 1.29402665503987E-01
 2.00025120132964E+03	 1.42287660852591E-01
 2.00025393922967E+03	 1.48290531852959E-01
 2.00025667712970E+03	 1.24159371279110E-01
 2.00025941502973E+03	 5.37416917773025E-02
 2.00026215292976E+03	-5.44174191960094E-02
 2.00026489082979E+03	-1.67898116478732E-01
 2.00026762872982E+03	-2.47121544546174E-01
 2.00027036662985E+03	-2.62921486876630E-01
 2.00027310452988E+03	-2.03634597825158E-01
 2.00027584242991E+03	-7.57011451772006E-02
 2.00027858032994E+03	 9.29868752841261E-02
 2.00028131822997E+03	 2.51177538860603E-01
 2.00028405613000E+03	 3.38320316723846E-01
 2.00028679403003E+03	 3.15381853644831E-01
 2.00028953193007E+03	 1.89924369672075E-01
 2.00029226983010E+03	 1.18986788316738E-02
 2.00029500773013E+03	-1.57767761748849E-01
 2.00029774563016E+03	-2.79376222000542E-01
 2.00030048353019E+03	-3.42979619560220E-01
 2.00030322143022E+03	-3.53360352553496E-01
 2.00030595933025E+03	-3.13707290473476E-01
 2.00030869723028E+03	-2.27294600226575E-01
 2.00031143513031E+03	-1.11377958318149E-01
 2.00031417303034E+03	 2.31736995552720E-04
 2.00031691093037E+03	 7.62880211542935E-02
 2.00031964883040E+03	 1.10524203173725E-01
 2.00032238673043E+03	 1.22021367711247E-01
 2.00032512463047E+03	 1.32293276460889E-01
 2.00032786253050E+03	 1.42554108412994E-01
 2.00033060043053E+03	 1.32473555760586E-01
 2.00033333833056E+03	 7.98115731199778E-02
 2.00033607623059E+03	-1.71787706597046E-02
 2.00033881413062E+03	-1.32939865239829E-01
 2.00034155203065E+03	-2.27432695402846E-01
 2.00034428993068E+03	-2.66002408275557E-01
 2.00034702783071E+03	-2.30701902563611E-01
 2.00034976573074E+03	-1.21610808786447E-01
 2.00035250363077E+03	 4.13534803572499E-02
 2.00035524153080E+03	 2.14072951217536E-01
 2.00035797943083E+03	 3.35061987398534E-01
 2.00036071733087E+03	 3.52404684082474E-01
 2.00036345523090E+03	 2.55211411664545E-01
 2.00036619313093E+03	 8.18655467195047E-02
 2.00036893103096E+03	-1.04208851523818E-01
 2.00037166893099E+03	-2.51102232334379E-01
 2.00037440683102E+03	-3.37889182523837E-01
 2.00037714473105E+03	-3.66448485445975E-01
 2.00037988263108E+03	-3.42148031633643E-01
 2.00038262053111E+03	-2.67810815257000E-01
 2.00038535843114E+03	-1.55477414778204E-01
 2.00038809633117E+03	-3.54626156962560E-02
 2.00039083423120E+03	 5.61890341400875E-02
 2.00039357213123E+03	 1.02773858172435E-01
 2.00039631003126E+03	 1.17024602576392E-01
 2.00039904793130E+03	 1.24121926590476E-01
 2.00040178583133E+03	 1.34905720208680E-01
 2.00040452373136E+03	 1.35252374697217E-01
 2.00040726163139E+03	 9.99647792859612E-02
 2.00040999953142E+03	 1.74896226314507E-02
 2.00041273743145E+03	-9.56505476773276E-02
 2.00041547533148E+03	-2.01607892087206E-01
 2.00041821323151E+03	-2.61373036656126E-01
 2.00042095113154E+03	-2.50610693543711E-01
 2.00042368903157E+03	-1.63285405299518E-01
 2.00042642693160E+03	-1.18984338175841E-02
 2.00042916483163E+03	 1.67809098607770E-01
 2.00043190273166E+03	 3.17388875564089E-01
 2.00043464063170E+03	 3.76088681982724E-01
 2.00043737853173E+03	 3.14778143429652E-01
 2.00044011643176E+03	 1.55896751930389E-01
 2.00044285433179E+03	-4.01158333228606E-02
 2.00044559223182E+03	-2.11397646873221E-01
 2.00044833013185E+03	-3.23994819078371E-01
 2.00045106803188E+03	-3.73429876704907E-01
 2.00045380593191E+03	-3.66067424644930E-01
 2.00045654383194E+03	-3.05828462349020E-01
 2.00045928173197E+03	-2.00761921984373E-01
 2.00046201963200E+03	-7.60413789261755E-02
 2.00046475753203E+03	 3.05465337279599E-02
 2.00046749543206E+03	 9.25806479256487E-02
 2.00047023333210E+03	 1.13540619857809E-01
 2.00047297123213E+03	 1.18526548936811E-01
 2.00047570913216E+03	 1.27032031785207E-01
 2.00047844703219E+03	 1.33683821885533E-01
 2.00048118493222E+03	 1.13957958017060E-01
 2.00048392283225E+03	 4.81456330952678E-02
 2.00048666073228E+03	-5.76685705435290E-02
 2.00048939863231E+03	-1.70662373658749E-01
 2.00049213653234E+03	-2.49258246454365E-01
 2.00049487443237E+03	-2.62855841089750E-01
 2.00049761233240E+03	-1.99292135001310E-01
 2.00050035023243E+03	-6.43534959617936E-02
 2.00050308813246E+03	 1.14876436563036E-01
 2.00050582603249E+03	 2.86153619766210E-01
 2.00050856393253E+03	 3.84546150966473E-01
 2.00051130183256E+03	 3.64729233077241E-01
 2.00051403973259E+03	 2.30257735441810E-01
 2.00051677763262E+03	 3.28184704156904E-02
 2.00051951553265E+03	-1.59711241985499E-01
 2.00052225343268E+03	-2.99771753479283E-01
 2.00052499133271E+03	-3.73078514938776E-01
 2.00052772923274E+03	-3.84658964875310E-01
 2.00053046713277E+03	-3.40298484447648E-01
 2.00053320503280E+03	-2.45811193990135E-01
 2.00053594293283E+03	-1.20626007879600E-01
 2.00053868083286E+03	-1.23015778944422E-03
 2.00054141873289E+03	 7.82109244714873E-02
 2.00054415663293E+03	 1.10155343770111E-01
 2.00054689453296E+03	 1.15619022953778E-01
 2.00054963243299E+03	 1.20405721981369E-01
 2.00055237033302E+03	 1.29292121732973E-01
 2.00055510823305E+03	 1.22104639909691E-01
 2.00055784613308E+03	 7.36831003056667E-02
 2.00056058403311E+03	-2.06834339236845E-02
 2.00056332193314E+03	-1.35874591000319E-01
 2.00056605983317E+03	-2.30142797812073E-01
 2.00056879773320E+03	-2.67198025305413E-01
 2.00057153563323E+03	-2.28552573186422E-01
 2.00057427353326E+03	-1.13851522157265E-01
 2.00057701143329E+03	 5.80213719543802E-02
 2.00057974933333E+03	 2.43107093009677E-01
 2.00058248723336E+03	 3.76950224623048E-01
 2.00058522513339E+03	 4.01638551193863E-01
 2.00058796303342E+03	 3.00749476420002E-01
 2.00059070093345E+03	 1.11885592193691E-01
 2.00059343883348E+03	-9.63204574965167E-02
 2.00059617673351E+03	-2.63911705717707E-01
 2.00059891463354E+03	-3.63971446736541E-01
 2.00060165253357E+03	-3.96983467542246E-01
 2.00060439043360E+03	-3.70257009175928E-01
 2.00060712833363E+03	-2.89191095195990E-01
 2.00060986623366E+03	-1.67925746457674E-01
 2.00061260413369E+03	-3.91240489706770E-02
 2.00061534203373E+03	 5.81915187800460E-02
 2.00061807993376E+03	 1.05093867104446E-01
 2.00062081783379E+03	 1.14833393865048E-01
 2.00062355573382E+03	 1.16079343561454E-01
 2.00062629363385E+03	 1.23749075677424E-01
 2.00062903153388E+03	 1.25247736353222E-01
 2.00063176943391E+03	 9.34498275771670E-02
 2.00063450733394E+03	 1.36939101187514E-02
 2.00063724523397E+03	-9.87436471405818E-02
 2.00063998313400E+03	-2.04781862378497E-01
 2.00064272103403E+03	-2.63645796602811E-01
 2.00064545893406E+03	-2.50323213708402E-01
 2.00064819683409E+03	-1.58588164958332E-01
 2.00065093473412E+03	 5.31712344534023E-06
 2.00065367263416E+03	 1.90700954284182E-01
 2.00065641053419E+03	 3.53601077887664E-01
 2.00065914843422E+03	 4.22884471760429E-01
 2.00066188633425E+03	 3.63070409234592E-01
 2.00066462423428E+03	 1.93483068974843E-01
 2.00066736213431E+03	-2.24979412080665E-02
 2.00067010003434E+03	-2.15580854582973E-01
 2.00067283793437E+03	-3.44607753869528E-01
 2.00067557583440E+03	-4.01918846199012E-01
 2.00067831373443E+03	-3.94777717388871E-01
 2.00068105163446E+03	-3.29544278786953E-01
 2.00068378953449E+03	-2.16380220373774E-01
 2.00068652743452E+03	-8.25048181819917E-02
 2.00068926533456E+03	 3.15160341731899E-02
 2.00069200323459E+03	 9.64545108531846E-02
 2.00069474113462E+03	 1.14979106278759E-01
 2.00069747903465E+03	 1.14525383982232E-01
 2.00070021693468E+03	 1.18656078347521E-01
 2.00070295483471E+03	 1.24665178533801E-01
 2.00070569273474E+03	 1.07325027652422E-01
 2.00070843063477E+03	 4.40733331360277E-02
 2.00071116853480E+03	-6.09139849342593E-02
 2.00071390643483E+03	-1.74204678348640E-01
 2.00071664433486E+03	-2.52450349580105E-01
 2.00071938223489E+03	-2.64159050930047E-01
 2.00072212013492E+03	-1.97158574000909E-01
 2.00072485803496E+03	-5.66041808742287E-02
 2.00072759593499E+03	 1.31832223895977E-01
 2.00073033383502E+03	 3.15871079359673E-01
 2.00073307173505E+03	 4.26905206100575E-01
 2.00073580963508E+03	 4.13214076092868E-01
 2.00073854753511E+03	 2.73356945730643E-01
 2.00074128543514E+03	 5.94234233358511E-02
 2.00074402333517E+03	-1.54672758105713E-01
 2.00074676123520E+03	-3.13596381627152E-01
 2.00074949913523E+03	-3.98160692697808E-01
 2.00075223703526E+03	-4.12902803864617E-01
 2.00075497493529E+03	-3.65633549708349E-01
 2.00075771283532E+03	-2.64312304007051E-01
 2.00076045073535E+03	-1.30199762055614E-01
 2.00076318863539E+03	-2.21192321590610E-03
 2.00076592653542E+03	 8.24638280926078E-02
 2.00076866443545E+03	 1.14380235766015E-01
 2.00077140233548E+03	 1.15546790526960E-01
 2.00077414023551E+03	 1.15324060500287E-01
 2.00077687813554E+03	 1.21915119778212E-01
 2.00077961603557E+03	 1.15740425752823E-01
 2.00078235393560E+03	 6.94227048367821E-02
 2.00078509183563E+03	-2.40678076315798E-02
 2.00078782973566E+03	-1.39699938368967E-01
 2.00079056763569E+03	-2.34112388745900E-01
 2.00079330553572E+03	-2.69875974338874E-01
 2.00079604343575E+03	-2.28551654088843E-01
 2.00079878133579E+03	-1.09587778242749E-01
 2.00080151923582E+03	 6.95662557240403E-02
 2.00080425713585E+03	 2.66039293129582E-01
 2.00080699503588E+03	 4.13341803143899E-01
 2.00080973293591E+03	 4.47854048078686E-01
 2.00081247083594E+03	 3.46943317331721E-01
 2.00081520873597E+03	 1.46108739063013E-01
 2.00081794663600E+03	-8.20151437455950E-02
 2.00082068453603E+03	-2.69893046955198E-01
 2.00082342243606E+03	-3.84289902549469E-01
 2.00082616033609E+03	-4.23577583413336E-01
 2.00082889823612E+03	-3.96336125094594E-01
 2.00083163613615E+03	-3.10063740523798E-01
 2.00083437403619E+03	-1.80624429582532E-01
 2.00083711193622E+03	-4.27163904598813E-02
 2.00083984983625E+03	 6.17175258538196E-02
 2.00084258773628E+03	 1.11084202349976E-01
 2.00084532563631E+03	 1.18273578760107E-01
 2.00084806353634E+03	 1.14580939977607E-01
 2.00085080143637E+03	 1.18636459006294E-01
 2.00085353933640E+03	 1.19635763204751E-01
 2.00085627723643E+03	 8.91799024588022E-02
 2.00085901513646E+03	 1.02073989231504E-02
 2.00086175303649E+03	-1.02772959456565E-01
 2.00086449093652E+03	-2.09394391191394E-01
 2.00086722883655E+03	-2.67524348411454E-01
 2.00086996673658E+03	-2.52110040303222E-01
 2.00087270463662E+03	-1.57162656250203E-01
 2.00087544253665E+03	 6.87516944644287E-03
 2.00087818043668E+03	 2.07040771062591E-01
 2.00088091833671E+03	 3.83051597741313E-01
 2.00088365623674E+03	 4.64667714338750E-01
 2.00088639413677E+03	 4.09771843780633E-01
 2.00088913203680E+03	 2.33407999763410E-01
 2.00089186993683E+03	 5.07915309219512E-04
 2.00089460783686E+03	-2.13054516852244E-01
 2.00089734573689E+03	-3.58911440644141E-01
 2.00090008363692E+03	-4.25615316625117E-01
 2.00090282153695E+03	-4.20598823229321E-01
 2.00090555943698E+03	-3.52091647839907E-01
 2.00090829733702E+03	-2.31947171522097E-01
 2.00091103523705E+03	-8.90724246573320E-02
 2.00091377313708E+03	 3.33742944913496E-02
 2.00091651103711E+03	 1.03112972427975E-01
 2.00091924893714E+03	 1.21249672031253E-01
 2.00092198683717E+03	 1.16634245658276E-01
 2.00092472473720E+03	 1.16328183916651E-01
 2.00092746263723E+03	 1.20348147785577E-01
 2.00093020053726E+03	 1.03320505330084E-01
 2.00093293843729E+03	 4.05623739471892E-02
 2.00093567633732E+03	-6.50689750127274E-02
 2.00093841423735E+03	-1.79327205235758E-01
 2.00094115213738E+03	-2.57380084199761E-01
 2.00094389003742E+03	-2.67474712214153E-01
 2.00094662793745E+03	-1.98005436831471E-01
 2.00094936583748E+03	-5.35764190731487E-02
 2.00095210373751E+03	 1.42166985722322E-01
 2.00095484163754E+03	 3.37992676488369E-01
 2.00095757953757E+03	 4.62557673281965E-01
 2.00096031743760E+03	 4.57883677684825E-01
 2.00096305533763E+03	 3.16658952718924E-01
 2.00096579323766E+03	 8.99478925060086E-02
 2.00096853113769E+03	-1.43471092616609E-01
 2.00097126903772E+03	-3.20854222517248E-01
 2.00097400693775E+03	-4.17714732483664E-01
 2.00097674483778E+03	-4.37374040238212E-01
 2.00097948273782E+03	-3.89013851460634E-01
 2.00098222063785E+03	-2.82257847845264E-01
 2.00098495853788E+03	-1.39806493557485E-01
 2.00098769643791E+03	-2.72322459936803E-03
 2.00099043433794E+03	 8.87230715753995E-02
 2.00099317223797E+03	 1.22601454015980E-01
 2.00099591013800E+03	 1.21010434170123E-01
 2.00099864803803E+03	 1.16135848672173E-01
 2.00100138593806E+03	 1.19444315783338E-01
 2.00100412383809E+03	 1.12366319007429E-01
 2.00100686173812E+03	 6.60219766007764E-02
 2.00100959963815E+03	-2.82632856972980E-02
 2.00101233753818E+03	-1.45198331423779E-01
 2.00101507543821E+03	-2.39952213719568E-01
 2.00101781333825E+03	-2.74532700359121E-01
 2.00102055123828E+03	-2.31221209292410E-01
 2.00102328913831E+03	-1.09576578145043E-01
 2.00102602703834E+03	 7.47588189331477E-02
 2.00102876493837E+03	 2.80997617503411E-01
 2.00103150283840E+03	 4.41742757635837E-01
 2.00103424073843E+03	 4.88212275791343E-01
 2.00103697863846E+03	 3.91075913668609E-01
 2.00103971653849E+03	 1.82412888985404E-01
 2.00104245443852E+03	-6.25367106014336E-02
 2.00104519233855E+03	-2.69408492539609E-01
 2.00104793023858E+03	-3.98543554490464E-01
 2.00105066813861E+03	-4.45562155266581E-01
 2.00105340603865E+03	-4.19603044565791E-01
 2.00105614393868E+03	-3.29712554182068E-01
 2.00105888183871E+03	-1.93053320514138E-01
 2.00106161973874E+03	-4.60147336841113E-02
 2.00106435763877E+03	 6.66390611416844E-02
 2.00106709553880E+03	 1.20267576955679E-01
 2.00106983343883E+03	 1.26582728177338E-01
 2.00107257133886E+03	 1.18674444187340E-01
 2.00107530923889E+03	 1.18513925121781E-01
 2.00107804713892E+03	 1.17327088816753E-01
 2.00108078503895E+03	 8.60928633508255E-02
 2.00108352293898E+03	 6.07369699094605E-03
 2.00108626083901E+03	-1.08510903716930E-01
 2.00108899873905E+03	-2.15999123111641E-01
 2.00109173663908E+03	-2.73381907636831E-01
 2.00109447453911E+03	-2.56278033299794E-01
 2.00109721243914E+03	-1.59433363407319E-01
 2.00109995033917E+03	 7.93199830393019E-03
 2.00110268823920E+03	 2.15469571194346E-01
 2.00110542613923E+03	 4.03708282645288E-01
 2.00110816403926E+03	 4.98878949223825E-01
 2.00111090193929E+03	 4.52180808189097E-01
 2.00111363983932E+03	 2.73315389728685E-01
 2.00111637773935E+03	 2.72787370078243E-02
 2.00111911563938E+03	-2.04566505345578E-01
 2.00112185353941E+03	-3.66888606136854E-01
 2.00112459143944E+03	-4.43986457766050E-01
 2.00112732933948E+03	-4.42741712546045E-01
 2.00113006723951E+03	-3.72633061748121E-01
 2.00113280513954E+03	-2.46740610367903E-01
 2.00113554303957E+03	-9.52765945314787E-02
 2.00113828093960E+03	 3.62289079673691E-02
 2.00114101883963E+03	 1.12260270153395E-01
 2.00114375673966E+03	 1.31687359803465E-01
 2.00114649463969E+03	 1.23913596864256E-01
 2.00114923253972E+03	 1.18949015182424E-01
 2.00115197043975E+03	 1.19576918570724E-01
 2.00115470833978E+03	 1.00823813573877E-01
 2.00115744623981E+03	 3.66217299461820E-02
 2.00116018413984E+03	-7.09071269709408E-02
 2.00116292203988E+03	-1.86540746937763E-01
 2.00116565993991E+03	-2.64319790516067E-01
 2.00116839783994E+03	-2.72929692526876E-01
 2.00117113573997E+03	-2.01969030724438E-01
 2.00117387364000E+03	-5.56328617723857E-02
 2.00117661154003E+03	 1.45043344762469E-01
 2.00117934944006E+03	 3.51024297776238E-01
 2.00118208734009E+03	 4.89365439837300E-01
 2.00118482524012E+03	 4.96224775383059E-01
 2.00118756314015E+03	 3.57725848150258E-01
 2.00119030104018E+03	 1.22478941787495E-01
 2.00119303894021E+03	-1.27226814025756E-01
 2.00119577684024E+03	-3.21859003923862E-01
 2.00119851474028E+03	-4.31421524861042E-01
 2.00120125264031E+03	-4.57359226191405E-01
 2.00120399054034E+03	-4.09550459018813E-01
 2.00120672844037E+03	-2.98770322681293E-01
 2.00120946634040E+03	-1.48751308270098E-01
 2.00121220424043E+03	-2.40157214755322E-03
 2.00121494214046E+03	 9.69233173543111E-02
 2.00121768004049E+03	 1.34315626749447E-01
 2.00122041794052E+03	 1.31143697080525E-01
 2.00122315584055E+03	 1.21738520066847E-01
 2.00122589374058E+03	 1.20676636545223E-01
 2.00122863164061E+03	 1.10804498696162E-01
 2.00123136954064E+03	 6.24467598319527E-02
 2.00123410744067E+03	-3.40568878237122E-02
 2.00123684534071E+03	-1.52852326818647E-01
 2.00123958324074E+03	-2.47854154488462E-01
 2.00124232114077E+03	-2.81148020669052E-01
 2.00124505904080E+03	-2.36457653449031E-01
 2.00124779694083E+03	-1.13815963089205E-01
 2.00125053484085E+03	 7.32570327808186E-02
 2.00125327274089E+03	 2.87058505124333E-01
 2.00125601064092E+03	 4.60541888342413E-01
 2.00125874854095E+03	 5.20547911860364E-01
 2.00126148644098E+03	 4.30795016990707E-01
 2.00126422434101E+03	 2.18720725868515E-01
 2.00126696224104E+03	-3.93232899715977E-02
 2.00126970014107E+03	-2.63116087115964E-01
 2.00127243804111E+03	-4.06685960264048E-01
 2.00127517594114E+03	-4.62377527285200E-01
 2.00127791384117E+03	-4.39195121488049E-01
 2.00128065174120E+03	-3.47168141573136E-01
 2.00128338964123E+03	-2.04328062769176E-01
 2.00128612754126E+03	-4.84056319735320E-02
 2.00128886544129E+03	 7.31519780927394E-02
 2.00129160334132E+03	 1.32358068147590E-01
 2.00129434124135E+03	 1.39031111521511E-01
 2.00129707914138E+03	 1.27306431429752E-01
 2.00129981704141E+03	 1.22162121422632E-01
 2.00130255494144E+03	 1.17096292782472E-01
 2.00130529284147E+03	 8.31063675788951E-02
 2.00130803074151E+03	 4.79896611586499E-04
 2.00131076864154E+03	-1.16427255706062E-01
 2.00131350654157E+03	-2.24726516359559E-01
 2.00131624444160E+03	-2.81080311982883E-01
 2.00131898234163E+03	-2.62530428793633E-01
 2.00132172024166E+03	-1.65095132839366E-01
 2.00132445814169E+03	 3.27551511803963E-03
 2.00132719604172E+03	 2.15624299296871E-01
 2.00132993394175E+03	 4.14547960624013E-01
 2.00133267184178E+03	 5.23831489243450E-01
 2.00133540974181E+03	 4.88196357080370E-01
 2.00133814764184E+03	 3.11113491029110E-01
 2.00134088554187E+03	 5.61526312263669E-02
 2.00134362344191E+03	-1.91094503829730E-01
 2.00134636134194E+03	-3.68797253810385E-01
 2.00134909924197E+03	-4.56691317362742E-01
 2.00135183714200E+03	-4.60447179660953E-01
 2.00135457504203E+03	-3.90180944238219E-01
 2.00135731294206E+03	-2.59743360830605E-01
 2.00136005084209E+03	-1.00280291941379E-01
 2.00136278874212E+03	 4.05455627115797E-02
 2.00136552664215E+03	 1.23869124719371E-01
 2.00136826454218E+03	 1.45758505929425E-01
 2.00137100244221E+03	 1.35417693979898E-01
 2.00137374034224E+03	 1.25324964418852E-01
 2.00137647824227E+03	 1.21098283644748E-01
 2.00137921614230E+03	 9.87052174693736E-02
 2.00138195404234E+03	 3.14014654599979E-02
 2.00138469194237E+03	-7.89018367981955E-02
 2.00138742984240E+03	-1.95933079365067E-01
 2.00139016774243E+03	-2.73038514076687E-01
 2.00139290564246E+03	-2.80075548298008E-01
 2.00139564354249E+03	-2.08503950673949E-01
 2.00139838144252E+03	-6.23034082070122E-02
 2.00140111934255E+03	 1.40611925359371E-01
 2.00140385724258E+03	 3.54544728514616E-01
 2.00140659514261E+03	 5.06210434543149E-01
 2.00140933304264E+03	 5.26534832848552E-01
 2.00141207094267E+03	 3.94610636674910E-01
 2.00141480884270E+03	 1.55254923921647E-01
 2.00141754674274E+03	-1.07175132000753E-01
 2.00142028464277E+03	-3.17172565967173E-01
 2.00142302254280E+03	-4.39202495707734E-01
 2.00142576044283E+03	-4.72270720723992E-01
 2.00142849834286E+03	-4.26313856260071E-01
 2.00143123624289E+03	-3.12769429465845E-01
 2.00143397414292E+03	-1.56021949555015E-01
 2.00143671204295E+03	-5.26612016988047E-04
 2.00143944994298E+03	 1.07317224599404E-01
 2.00144218784301E+03	 1.49234269353932E-01
 2.00144492574304E+03	 1.45167649049557E-01
 2.00144766364307E+03	 1.31014671621603E-01
 2.00145040154310E+03	 1.24361499265190E-01
 2.00145313944314E+03	 1.09886574005495E-01
 2.00145587734317E+03	 5.78022200235878E-02
 2.00145861524320E+03	-4.19424738397808E-02
 2.00146135314323E+03	-1.62726588495466E-01
 2.00146409104326E+03	-2.57517012036184E-01
 2.00146682894329E+03	-2.89156624737051E-01
 2.00146956684332E+03	-2.43533474871352E-01
 2.00147230474335E+03	-1.21544390961663E-01
 2.00147504264338E+03	 6.56508789465720E-02
 2.00147778054341E+03	 2.84372141298438E-01
 2.00148051844344E+03	 4.69232156159530E-01
 2.00148325634347E+03	 5.43670905478284E-01
 2.00148599424350E+03	 4.64450359046747E-01
 2.00148873214353E+03	 2.53312680512938E-01
 2.00149147004357E+03	-1.37732683464916E-02
 2.00149420794360E+03	-2.51847085745057E-01
 2.00149694584363E+03	-4.08917772198439E-01
 2.00149968374366E+03	-4.73659195127375E-01
 2.00150242164369E+03	-4.54311653630834E-01
 2.00150515954372E+03	-3.61362604329765E-01
 2.00150789744375E+03	-2.13325733887517E-01
 2.00151063534378E+03	-4.89520973174344E-02
 2.00151337324381E+03	 8.17870189217130E-02
 2.00151611114384E+03	 1.47344927820567E-01
 2.00151884904387E+03	 1.55059891473082E-01
 2.00152158694390E+03	 1.39490282001566E-01
 2.00152432484393E+03	 1.28372935388850E-01
 2.00152706274397E+03	 1.17754312828750E-01
 2.00152980064400E+03	 7.92781969242628E-02
 2.00153253854403E+03	-7.10440919271754E-03
 2.00153527644406E+03	-1.26584659844073E-01
 2.00153801434409E+03	-2.35226969111407E-01
 2.00154075224412E+03	-2.89966085237662E-01
 2.00154349014415E+03	-2.70007073226059E-01
 2.00154622804418E+03	-1.73172386388560E-01
 2.00154896594421E+03	-6.15556487668819E-03
 2.00155170384424E+03	 2.08158916082231E-01
 2.00155444174427E+03	 4.15668281254511E-01
 2.00155717964430E+03	 5.38918399724500E-01
 2.00155991754433E+03	 5.16594106010539E-01
 2.00156265544437E+03	 3.45269764707763E-01
 2.00156539334440E+03	 8.56853859650807E-02
 2.00156813124443E+03	-1.73673577540050E-01
 2.00157086914446E+03	-3.65104793233544E-01
 2.00157360704449E+03	-4.63617941348764E-01
 2.00157634494452E+03	-4.73101292188312E-01
 2.00157908284455E+03	-4.03753353582306E-01
 2.00158182074458E+03	-2.69795947245700E-01
 2.00158455864461E+03	-1.02987234269384E-01
 2.00158729654464E+03	 4.71073451982816E-02
 2.00159003444467E+03	 1.38217887208339E-01
 2.00159277234470E+03	 1.63165308034951E-01
 2.00159551024473E+03	 1.50343794359329E-01
 2.00159824814476E+03	 1.34336825916465E-01
 2.00160098604480E+03	 1.23729857953178E-01
 2.00160372394483E+03	 9.59798894402965E-02
 2.00160646184486E+03	 2.43210993536107E-02
 2.00160919974489E+03	-8.91362475784891E-02
 2.00161193764492E+03	-2.07129284073606E-01
 2.00161467554495E+03	-2.82819330007405E-01
 2.00161741344498E+03	-2.87959094069205E-01
 2.00162015134501E+03	-2.16489528786383E-01
 2.00162288924504E+03	-7.23961369284054E-02
 2.00162562714507E+03	 1.29936561491500E-01
 2.00162836504510E+03	 3.49205499657013E-01
 2.00163110294513E+03	 5.13090864062125E-01
 2.00163384084516E+03	 5.48108895433783E-01
 2.00163657874520E+03	 4.26100743838763E-01
 2.00163931664523E+03	 1.86914045896658E-01
 2.00164205454526E+03	-8.44645347852627E-02
 2.00164479244529E+03	-3.07488240412178E-01
 2.00164753034532E+03	-4.41202511246989E-01
 2.00165026824535E+03	-4.81720849850272E-01
 2.00165300614538E+03	-4.38472285626242E-01
 2.00165574404541E+03	-3.23135219849459E-01
 2.00165848194544E+03	-1.60433741669978E-01
 2.00166121984547E+03	 3.88944484422489E-03
 2.00166395774550E+03	 1.20459976911935E-01
 2.00166669564553E+03	 1.67343599048910E-01
 2.00166943354556E+03	 1.62508807916984E-01
 2.00167217144560E+03	 1.42982685776641E-01
 2.00167490934563E+03	 1.29358568582351E-01
 2.00167764724566E+03	 1.08598327060407E-01
 2.00168038514569E+03	 5.14489498133871E-02
 2.00168312304572E+03	-5.20465887685346E-02
 2.00168586094575E+03	-1.74446551798765E-01
 2.00168859884578E+03	-2.68184059240704E-01
 2.00169133674581E+03	-2.97543333657988E-01
 2.00169407464584E+03	-2.51239469426983E-01
 2.00169681254587E+03	-1.31407244414065E-01
 2.00169955044590E+03	 5.33062945289586E-02
 2.00170228834593E+03	 2.74057524197665E-01
 2.00170502624596E+03	 4.68390833479265E-01
 2.00170776414600E+03	 5.57445229586620E-01
 2.00171050204603E+03	 4.91256600399473E-01
 2.00171323994606E+03	 2.85035088395805E-01
 2.00171597784609E+03	 1.29572738111691E-02
 2.00171871574612E+03	-2.36455803241087E-01
 2.00172145364615E+03	-4.05619781077309E-01
 2.00172419154618E+03	-4.79263421134660E-01
 2.00172692944621E+03	-4.64319982520587E-01
 2.00172966734624E+03	-3.71286015035782E-01
 2.00173240524627E+03	-2.18850535874517E-01
 2.00173514314630E+03	-4.65266894584903E-02
 2.00173788104633E+03	 9.33405020779888E-02
 2.00174061894636E+03	 1.65499500845849E-01
 2.00174335684639E+03	 1.74356496581091E-01
 2.00174609474643E+03	 1.54427484978191E-01
 2.00174883264646E+03	 1.36088622447421E-01
 2.00175157054649E+03	 1.18279302582266E-01
 2.00175430844652E+03	 7.39078496381603E-02
 2.00175704634655E+03	-1.68705543279393E-02
 2.00175978424658E+03	-1.38637408004338E-01
 2.00176252214661E+03	-2.46729359975304E-01
 2.00176526004664E+03	-2.98987585363800E-01
 2.00176799794667E+03	-2.77453616475728E-01
 2.00177073584670E+03	-1.82226085936082E-01
 2.00177347374673E+03	-1.88026505760066E-02
 2.00177621164676E+03	 1.94549763587184E-01
 2.00177894954679E+03	 4.08157173322790E-01
 2.00178168744683E+03	 5.44574834110231E-01
 2.00178442534686E+03	 5.37087094359514E-01
 2.00178716324689E+03	 3.74948815869996E-01
 2.00178990114692E+03	 1.14823510337946E-01
 2.00179263904695E+03	-1.53236976122529E-01
 2.00179537694698E+03	-3.56384759318412E-01
 2.00179811484701E+03	-4.64861736069058E-01
 2.00180085274704E+03	-4.80300226923001E-01
 2.00180359064707E+03	-4.12508767849259E-01
 2.00180632854710E+03	-2.75767414214855E-01
 2.00180906644713E+03	-1.02206354527371E-01
 2.00181180434716E+03	 5.68954702940012E-02
 2.00181454224719E+03	 1.55840674235532E-01
 2.00181728014723E+03	 1.83869061262469E-01
 2.00182001804726E+03	 1.68113035862471E-01
 2.00182275594729E+03	 1.45050975102045E-01
 2.00182549384732E+03	 1.26471218006263E-01
 2.00182823174735E+03	 9.18921758262149E-02
 2.00183096964738E+03	 1.51070939940817E-02
 2.00183370754741E+03	-1.01323792318306E-01
 2.00183644544744E+03	-2.19372965273319E-01
 2.00183918334747E+03	-2.92598031227176E-01
 2.00184192124750E+03	-2.95313062126064E-01
 2.00184465914753E+03	-2.24464551262039E-01
 2.00184739704756E+03	-8.42606618138748E-02
 2.00185013494759E+03	 1.14730195775377E-01
 2.00185287284762E+03	 3.36504369633062E-01
 2.00185561074766E+03	 5.10970241595940E-01
 2.00185834864769E+03	 5.61187306937267E-01
 2.00186108654772E+03	 4.51762587005432E-01
 2.00186382444775E+03	 2.16608526623235E-01
 2.00186656234778E+03	-6.00168254964000E-02
 2.00186930024781E+03	-2.93512154281617E-01
 2.00187203814784E+03	-4.37730849334867E-01
 2.00187477604787E+03	-4.85543849625024E-01
 2.00187751394790E+03	-4.45394251622677E-01
 2.00188025184793E+03	-3.28869117357186E-01
 2.00188298974796E+03	-1.60811473962672E-01
 2.00188572764799E+03	 1.19411751409267E-02
 2.00188846554802E+03	 1.37103705461426E-01
 2.00189120344806E+03	 1.88869903409744E-01
 2.00189394134809E+03	 1.82830094047819E-01
 2.00189667924812E+03	 1.56870502817052E-01
 2.00189941714815E+03	 1.34722513848486E-01
 2.00190215504818E+03	 1.06143405876755E-01
 2.00190489294821E+03	 4.30202747170608E-02
 2.00190763084824E+03	-6.41716179259446E-02
 2.00191036874827E+03	-1.87303866085987E-01
 2.00191310664830E+03	-2.78804421286165E-01
 2.00191584454833E+03	-3.05052941529320E-01
 2.00191858244836E+03	-2.58138156406664E-01
 2.00192132034839E+03	-1.41747430628698E-01
 2.00192405824842E+03	 3.80538697591576E-02
 2.00192679614846E+03	 2.57901441676476E-01
 2.00192953404849E+03	 4.59428816139152E-01
 2.00193227194852E+03	 5.62624065788496E-01
 2.00193500984855E+03	 5.11231208894067E-01
 2.00193774774858E+03	 3.13331625810754E-01
 2.00194048564861E+03	 4.00472724035601E-02
 2.00194322354864E+03	-2.17710796054549E-01
 2.00194596144867E+03	-3.97273612680498E-01
 2.00194869934870E+03	-4.79252444252913E-01
 2.00195143724873E+03	-4.68821246952394E-01
 2.00195417514876E+03	-3.76125657321740E-01
 2.00195691304879E+03	-2.19818488215339E-01
 2.00195965094882E+03	-4.00013857084843E-02
 2.00196238884885E+03	 1.08719069600721E-01
 2.00196512674889E+03	 1.87281591936644E-01
 2.00196786464892E+03	 1.96829103938226E-01
 2.00197060254895E+03	 1.71535572271357E-01
 2.00197334044898E+03	 1.44453324932693E-01
 2.00197607834901E+03	 1.17856242373075E-01
 2.00197881624904E+03	 6.65330693465249E-02
 2.00198155414907E+03	-2.87361390050158E-02
 2.00198429204910E+03	-1.51961499756711E-01
 2.00198702994913E+03	-2.58226484796333E-01
 2.00198976784916E+03	-3.06924075725615E-01
 2.00199250574919E+03	-2.83488522469023E-01
 2.00199524364922E+03	-1.90658294074933E-01
 2.00199798154925E+03	-3.28245437061941E-02
 2.00200071944929E+03	 1.76744996027422E-01
 2.00200345734932E+03	 3.93764206409352E-01
 2.00200619524935E+03	 5.42012544619999E-01
 2.00200893314938E+03	 5.50155155565908E-01
 2.00201167104941E+03	 3.99946165267601E-01
 2.00201440894944E+03	 1.42926034034379E-01
 2.00201714684947E+03	-1.30543136056975E-01
 2.00201988474950E+03	-3.43239095956654E-01
 2.00202262264953E+03	-4.60687046770254E-01
 2.00202536054956E+03	-4.81881664535881E-01
 2.00202809844959E+03	-4.15856324983746E-01
 2.00203083634962E+03	-2.76729678849933E-01
 2.00203357424965E+03	-9.68568345543390E-02
 2.00203631214969E+03	 7.08946488256110E-02
 2.00203905004972E+03	 1.77378546002747E-01
 2.00204178794975E+03	 2.08005631719078E-01
 2.00204452584978E+03	 1.88346302181455E-01
 2.00204726374981E+03	 1.56731389092644E-01
 2.00205000164984E+03	 1.28515913648363E-01
 2.00205273954987E+03	 8.58912414040116E-02
 2.00205547744990E+03	 3.70720808349564E-03
 2.00205821534993E+03	-1.14961333805390E-01
 2.00206095324996E+03	-2.31735969143569E-01
 2.00206369114999E+03	-3.01212416581494E-01
 2.00206642905002E+03	-3.00834939315581E-01
 2.00206916695005E+03	-2.30937053961509E-01
 2.00207190485009E+03	-9.61335468560624E-02
 2.00207464275012E+03	 9.69798209386079E-02
 2.00207738065015E+03	 3.18405436975996E-01
 2.00208011855018E+03	 5.01432382090613E-01
 2.00208285645021E+03	 5.66686332893370E-01
 2.00208559435024E+03	 4.71773752758034E-01
 2.00208833225027E+03	 2.43939679114506E-01
 2.00209107015030E+03	-3.45126524690180E-02
 2.00209380805033E+03	-2.75910391293239E-01
 2.00209654595036E+03	-4.29217194071788E-01
 2.00209928385039E+03	-4.83801775392436E-01
 2.00210202175042E+03	-4.46728354307411E-01
 2.00210475965045E+03	-3.29248131622694E-01
 2.00210749755048E+03	-1.56195580621377E-01
 2.00211023545052E+03	 2.46091788365847E-02
 2.00211297335055E+03	 1.58001930199945E-01
 2.00211571125058E+03	 2.14138071349898E-01
 2.00211844915061E+03	 2.05951617167134E-01
 2.00212118705064E+03	 1.72083341345586E-01
 2.00212392495067E+03	 1.39684251825813E-01
 2.00212666285070E+03	 1.01898371856468E-01
 2.00212940075073E+03	 3.23195206135915E-02
 2.00213213865076E+03	-7.79681617687548E-02
 2.00213487655079E+03	-2.00488367518258E-01
 2.00213761445082E+03	-2.88302901196756E-01
 2.00214035235085E+03	-3.10481107218970E-01
 2.00214309025088E+03	-2.62874451056500E-01
 2.00214582815092E+03	-1.50946052719836E-01
 2.00214856605095E+03	 2.18114710117415E-02
 2.00215130395098E+03	 2.37955345456654E-01
 2.00215404185101E+03	 4.44193476445779E-01
 2.00215677975104E+03	 5.60501493303579E-01
 2.00215951765107E+03	 5.24932611054344E-01
 2.00216225555110E+03	 3.38086082492475E-01
 2.00216499345113E+03	 6.69506521093044E-02
 2.00216773135116E+03	-1.96287989575336E-01
 2.00217046925119E+03	-3.84432264652720E-01
 2.00217320715122E+03	-4.73888781791020E-01
 2.00217594505125E+03	-4.67704290366320E-01
 2.00217868295128E+03	-3.75394974082014E-01
 2.00218142085132E+03	-2.15452674479434E-01
 2.00218415875135E+03	-2.84799850436589E-02
 2.00218689665138E+03	 1.28709554846454E-01
 2.00218963455141E+03	 2.13147761579471E-01
 2.00219237245144E+03	 2.22473274068758E-01
 2.00219511035147E+03	 1.90369031603258E-01
 2.00219784825150E+03	 1.52761169533519E-01
 2.00220058615153E+03	 1.15811973375271E-01
 2.00220332405156E+03	 5.68142279894174E-02
 2.00220606195159E+03	-4.25305770010063E-02
 2.00220879985162E+03	-1.65903914326336E-01
 2.00221153775165E+03	-2.68763599205848E-01
 2.00221427565168E+03	-3.12689148804808E-01
 2.00221701355171E+03	-2.86913520339767E-01
 2.00221975145175E+03	-1.97040494761422E-01
 2.00222248935178E+03	-4.64599439226971E-02
 2.00222522725181E+03	 1.56764136226735E-01
 2.00222796515184E+03	 3.74481187556599E-01
 2.00223070305187E+03	 5.32819668974386E-01
 2.00223344095190E+03	 5.56707011820202E-01
 2.00223617885193E+03	 4.20444223624807E-01
 2.00223891675196E+03	 1.69623263889696E-01
 2.00224165465199E+03	-1.06230285374443E-01
 2.00224439255202E+03	-3.26302153145019E-01
 2.00224713045205E+03	-4.51526367131407E-01
 2.00224986835208E+03	-4.77962192140126E-01
 2.00225260625211E+03	-4.13559546960820E-01
 2.00225534415215E+03	-2.72133227885702E-01
 2.00225808205218E+03	-8.61982404488307E-02
 2.00226081995221E+03	 8.98428483836181E-02
 2.00226355785224E+03	 2.03348370376216E-01
 2.00226629575227E+03	 2.35703094804249E-01
 2.00226903365230E+03	 2.10738802800723E-01
 2.00227177155233E+03	 1.68753527417899E-01
 2.00227450945236E+03	 1.29167340677582E-01
 2.00227724735239E+03	 7.75072362461395E-02
 2.00227998525242E+03	-9.90045622999291E-03
 2.00228272315245E+03	-1.29587774428138E-01
 2.00228546105248E+03	-2.43420645894888E-01
 2.00228819895251E+03	-3.07717194495673E-01
 2.00229093685255E+03	-3.03497618690745E-01
 2.00229367475258E+03	-2.34697245650108E-01
 2.00229641265261E+03	-1.06474730398402E-01
 2.00229915055264E+03	 7.85698521399868E-02
 2.00230188845267E+03	 2.96926165505794E-01
 2.00230462635270E+03	 4.86259888727091E-01
 2.00230736425273E+03	 5.65810059401158E-01
 2.00231010215276E+03	 4.86608052445711E-01
 2.00231284005279E+03	 2.68739156451240E-01
 2.00231557795282E+03	-8.51492708380676E-03
 2.00231831585285E+03	-2.55360960459915E-01
 2.00232105375288E+03	-4.16232011595444E-01
 2.00232379165291E+03	-4.76817922050151E-01
 2.00232652955294E+03	-4.42486584067890E-01
 2.00232926745298E+03	-3.23976736353034E-01
 2.00233200535301E+03	-1.46058332271389E-01
 2.00233474325304E+03	 4.25048379242697E-02
 2.00233748115307E+03	 1.83652836172527E-01
 2.00234021905310E+03	 2.43349427798811E-01
 2.00234295695313E+03	 2.31682814163275E-01
 2.00234569485316E+03	 1.88084110815706E-01
 2.00234843275319E+03	 1.43548854051564E-01
 2.00235117065322E+03	 9.52852561030674E-02
 2.00235390855325E+03	 1.91322788110631E-02
 2.00235664645328E+03	-9.31925418699572E-02
 2.00235938435331E+03	-2.13395504330497E-01
 2.00236212225334E+03	-2.95902352345492E-01
 2.00236486015338E+03	-3.12985169800492E-01
 2.00236759805341E+03	-2.64473131894595E-01
 2.00237033595344E+03	-1.57727274437549E-01
 2.00237307385347E+03	 6.24619816110017E-03
 2.00237581175350E+03	 2.16153147434438E-01
 2.00237854965353E+03	 4.24556150714703E-01
 2.00238128755356E+03	 5.52504453958956E-01
 2.00238402545359E+03	 5.33098441552734E-01
 2.00238676335362E+03	 3.59339869090932E-01
 2.00238950125365E+03	 9.32063125502466E-02
 2.00239223915368E+03	-1.72878136969427E-01
 2.00239497705371E+03	-3.67774700509426E-01
 2.00239771495374E+03	-4.63677847864324E-01
 2.00240045285378E+03	-4.61216785194690E-01
 2.00240319075381E+03	-3.69061791173921E-01
 2.00240592865384E+03	-2.05477251187721E-01
 2.00240866655387E+03	-1.15442865839312E-02
 2.00241140445390E+03	 1.53712140216536E-01
 2.00241414235393E+03	 2.43301913741838E-01
 2.00241688025396E+03	 2.51169046960658E-01
 2.00241961815399E+03	 2.10469257630419E-01
 2.00242235605402E+03	 1.60337955046358E-01
 2.00242509395405E+03	 1.11488265372040E-01
 2.00242783185408E+03	 4.43583000400574E-02
 2.00243056975411E+03	-5.82396111805195E-02
 2.00243330765414E+03	-1.80083446904290E-01
 2.00243604555418E+03	-2.77760509185284E-01
 2.00243878345421E+03	-3.15639420947265E-01
 2.00244152135424E+03	-2.86996502459155E-01
 2.00244425925427E+03	-2.00385897346748E-01
 2.00244699715430E+03	-5.83188300532666E-02
 2.00244973505433E+03	 1.36364478977763E-01
 2.00245247295436E+03	 3.52165160583931E-01
 2.00245521085439E+03	 5.18563526866202E-01
 2.00245794875442E+03	 5.57700798882838E-01
 2.00246068665445E+03	 4.36688084375830E-01
 2.00246342455448E+03	 1.94571906253079E-01
 2.00246616245451E+03	-8.09783744389775E-02
 2.00246890035454E+03	-3.06336823035606E-01
 2.00247163825457E+03	-4.38043348763344E-01
 2.00247437615461E+03	-4.69006031998661E-01
 2.00247711405464E+03	-4.05844781776333E-01
 2.00247985195467E+03	-2.61974679732991E-01
 2.00248258985470E+03	-7.00560227261900E-02
 2.00248532775473E+03	 1.13969859975318E-01
 2.00248806565476E+03	 2.33881010124279E-01
 2.00249080355479E+03	 2.66854406347612E-01
 2.00249354145482E+03	 2.34885109084956E-01
 2.00249627935485E+03	 1.80472399544605E-01
 2.00249901725488E+03	 1.27715737674503E-01
 2.00250175515491E+03	 6.61943935416591E-02
 2.00250449305494E+03	-2.59270035760024E-02
 2.00250723095497E+03	-1.45064411224666E-01
 2.00250996885501E+03	-2.54070211730433E-01
 2.00251270675504E+03	-3.11684802366198E-01
 2.00251544465507E+03	-3.02817495339511E-01
 2.00251818255510E+03	-2.35058751760927E-01
 2.00252092045513E+03	-1.14209981844017E-01
 2.00252365835516E+03	 6.10076232717602E-02
 2.00252639625519E+03	 2.73816018615767E-01
 2.00252913415522E+03	 4.67075353973650E-01
 2.00253187205525E+03	 5.59683423677662E-01
 2.00253460995528E+03	 4.96696913100607E-01
 2.00253734785531E+03	 2.90788985946438E-01
 2.00254008575534E+03	 1.73245656897744E-02
 2.00254282365537E+03	-2.32691414704379E-01
 2.00254556155541E+03	-3.99576762382569E-01
 2.00254829945544E+03	-4.65252167440507E-01
 2.00255103735547E+03	-4.33139140866223E-01
 2.00255377525550E+03	-3.13327521233804E-01
 2.00255651315553E+03	-1.30500424723380E-01
 2.00255925105556E+03	 6.56283702431204E-02
 2.00256198895559E+03	 2.14040858241410E-01
 2.00256472685562E+03	 2.76343141167269E-01
 2.00256746475565E+03	 2.59630699871294E-01
 2.00257020265568E+03	 2.04251657197279E-01
 2.00257294055571E+03	 1.45579222502353E-01
 2.00257567845574E+03	 8.56394045326657E-02
 2.00257841635577E+03	 3.04246109358670E-03
 2.00258115425580E+03	-1.09952206067917E-01
 2.00258389215584E+03	-2.25910711204398E-01
 2.00258663005587E+03	-3.01407008086581E-01
 2.00258936795590E+03	-3.12334443368229E-01
 2.00259210585593E+03	-2.62550800386418E-01
 2.00259484375596E+03	-1.61353641463136E-01
 2.00259758165599E+03	-7.43747523411278E-03
 2.00260031955602E+03	 1.94057850933109E-01
 2.00260305745605E+03	 4.02113183459698E-01
 2.00260579535608E+03	 5.39865885345116E-01
 2.00260853325611E+03	 5.36321458011998E-01
 2.00261127115614E+03	 3.77002117432384E-01
 2.00261400905617E+03	 1.18204275939091E-01
 2.00261674695620E+03	-1.48357986890694E-01
 2.00261948485624E+03	-3.48223972965944E-01
 2.00262222275627E+03	-4.49455948883944E-01
 2.00262496065630E+03	-4.50053016484254E-01
 2.00262769855633E+03	-3.57664522300936E-01
 2.00263043645636E+03	-1.90280582442515E-01
 2.00263317435639E+03	 1.05348973261808E-02
 2.00263591225642E+03	 1.83500667811119E-01
 2.00263865015645E+03	 2.77460161278437E-01
 2.00264138805648E+03	 2.82482876560562E-01
 2.00264412595651E+03	 2.31218275342389E-01
 2.00264686385654E+03	 1.66433863224307E-01
 2.00264960175657E+03	 1.04137888662028E-01
 2.00265233965660E+03	 2.85785939437469E-02
 2.00265507755664E+03	-7.62025215068088E-02
 2.00265781545667E+03	-1.94633605451202E-01
 2.00266055335670E+03	-2.85264479992058E-01
 2.00266329125673E+03	-3.15800386832159E-01
 2.00266602915676E+03	-2.83654248969605E-01
 2.00266876705679E+03	-2.00301166843469E-01
 2.00267150495682E+03	-6.75335419299021E-02
 2.00267424285685E+03	 1.16860328188410E-01
 2.00267698075688E+03	 3.28312817269433E-01
 2.00267971865691E+03	 5.00525648666572E-01
 2.00268245655694E+03	 5.53861279554873E-01
 2.00268519445697E+03	 4.48712778360463E-01
 2.00268793235700E+03	 2.17216722085929E-01
 2.00269067025703E+03	-5.56987700449901E-02
 2.00269340815707E+03	-2.84374457981888E-01
 2.00269614605710E+03	-4.21234779500271E-01
 2.00269888395713E+03	-4.55910843379895E-01
 2.00270162185716E+03	-3.93496959380147E-01
 2.00270435975719E+03	-2.46925305348332E-01
 2.00270709765722E+03	-4.89935193096207E-02
 2.00270983555725E+03	 1.42789880766020E-01
 2.00271257345728E+03	 2.68504740608579E-01
 2.00271531135731E+03	 3.00925287361954E-01
 2.00271804925734E+03	 2.60135320938344E-01
 2.00272078715737E+03	 1.91126723356772E-01
 2.00272352505740E+03	 1.23363888837171E-01
 2.00272626295743E+03	 5.12391193329088E-02
 2.00272900085747E+03	-4.49114363648194E-02
 2.00273173875750E+03	-1.61761637278694E-01
 2.00273447665753E+03	-2.63976393151150E-01
 2.00273721455756E+03	-3.13396626974405E-01
 2.00273995245759E+03	-2.99004918520408E-01
 2.00274269035762E+03	-2.31969790595726E-01
 2.00274542825765E+03	-1.18826268031424E-01
 2.00274816615768E+03	 4.53132700503550E-02
 2.00275090405771E+03	 2.50409426155690E-01
 2.00275364195774E+03	 4.45152171859832E-01
 2.00275637985777E+03	 5.49132052938684E-01
 2.00275911775780E+03	 5.02199127023851E-01
 2.00276185565783E+03	 3.09603617571236E-01
 2.00276459355787E+03	 4.20770879080171E-02
 2.00276733145790E+03	-2.09028061369447E-01
 2.00277006935793E+03	-3.80395559666000E-01
 2.00277280725796E+03	-4.50186628971827E-01
 2.00277554515799E+03	-4.19693633548965E-01
 2.00277828305802E+03	-2.98236416404081E-01
 2.00278102095805E+03	-1.10379438987462E-01
 2.00278375885808E+03	 9.32044451827910E-02
 2.00278649675811E+03	 2.48452877186977E-01
 2.00278923465814E+03	 3.12423315849610E-01
 2.00279197255817E+03	 2.89067057603158E-01
 2.00279471045820E+03	 2.19799347866352E-01
 2.00279744835823E+03	 1.44951212099781E-01
 2.00280018625827E+03	 7.21669524926787E-02
 2.00280292415830E+03	-1.66417986616584E-02
 2.00280566205833E+03	-1.28824360674902E-01
 2.00280839995836E+03	-2.38557046447665E-01
 2.00281113785839E+03	-3.05346374931217E-01
 2.00281387575842E+03	-3.09021847949321E-01
 2.00281661365845E+03	-2.57387238725954E-01
 2.00281935155848E+03	-1.61671524000442E-01
 2.00282208945851E+03	-1.85435829956420E-02
 2.00282482735854E+03	 1.72790826624203E-01
 2.00282756525857E+03	 3.78077741272700E-01
 2.00283030315860E+03	 5.23480733520476E-01
 2.00283304105863E+03	 5.34882044530090E-01
 2.00283577895866E+03	 3.90675621931495E-01
 2.00283851685870E+03	 1.41021628232328E-01
 2.00284125475873E+03	-1.23931467708665E-01
 2.00284399265876E+03	-3.27058723726553E-01
 2.00284673055879E+03	-4.32473328815188E-01
 2.00284946845882E+03	-4.35418739696800E-01
 2.00285220635885E+03	-3.42376641457802E-01
 2.00285494425888E+03	-1.70998805959236E-01
 2.00285768215891E+03	 3.66837534380434E-02
 2.00286042005894E+03	 2.17083835728996E-01
 2.00286315795897E+03	 3.14710381238878E-01
 2.00286589585900E+03	 3.15555727877488E-01
 2.00286863375903E+03	 2.51775736692868E-01
 2.00287137165906E+03	 1.70206926071098E-01
 2.00287410955910E+03	 9.29291738513081E-02
 2.00287684745913E+03	 8.68639020867070E-03
 2.00287958535916E+03	-9.71554224877525E-02
 2.00288232325919E+03	-2.10277873454570E-01
 2.00288506115922E+03	-2.92033455964023E-01
 2.00288779905925E+03	-3.13929761260493E-01
 2.00289053695928E+03	-2.77481450028037E-01
 2.00289327485931E+03	-1.96986324069499E-01
 2.00289601275934E+03	-7.37487446397483E-02
 2.00289875065937E+03	 9.91208379972036E-02
 2.00290148855940E+03	 3.04030464714549E-01
 2.00290422645943E+03	 4.79638687406869E-01
 2.00290696435946E+03	 5.45587790723678E-01
 2.00290970225950E+03	 4.56231909894288E-01
 2.00291244015953E+03	 2.36671856660765E-01
 2.00291517805956E+03	-3.16477602376821E-02
 2.00291791595959E+03	-2.61811974555597E-01
 2.00292065385962E+03	-4.02504006958601E-01
 2.00292339175965E+03	-4.40057600590197E-01
 2.00292612965968E+03	-3.77895715737553E-01
 2.00292886755971E+03	-2.28370696971550E-01
 2.00293160545974E+03	-2.43716930116855E-02
 2.00293434335977E+03	 1.75017043701485E-01
 2.00293708125980E+03	 3.06049456302815E-01
 2.00293981915983E+03	 3.36873831003451E-01
 2.00294255705986E+03	 2.85555712456600E-01
 2.00294529495989E+03	 1.99849674196747E-01
 2.00294803285993E+03	 1.15273991778174E-01
 2.00295077075996E+03	 3.18136380391874E-02
 2.00295350865999E+03	-6.76871124335583E-02
 2.00295624656002E+03	-1.80553955697457E-01
 2.00295898446005E+03	-2.74090265788439E-01
 2.00296172236008E+03	-3.13847192977923E-01
 2.00296446026011E+03	-2.92945190383876E-01
 2.00296719816014E+03	-2.25969050913837E-01
 2.00296993606017E+03	-1.20313571495117E-01
 2.00297267396020E+03	 3.20754806316176E-02
 2.00297541186023E+03	 2.27664763436588E-01
 2.00297814976026E+03	 4.21428593808912E-01
 2.00298088766029E+03	 5.34669509246774E-01
 2.00298362556033E+03	 5.02963710743970E-01
 2.00298636346036E+03	 3.24373754174311E-01
 2.00298910136039E+03	 6.44701066903891E-02
 2.00299183926042E+03	-1.85862083352948E-01
 2.00299457716045E+03	-3.60228116079453E-01
 2.00299731506048E+03	-4.33156523045773E-01
 2.00300005296051E+03	-4.03703921562516E-01
 2.00300279086054E+03	-2.80300753857770E-01
 2.00300552876057E+03	-8.73146479680686E-02
 2.00300826666060E+03	 1.23657952768790E-01
 2.00301100456063E+03	 2.85437193660980E-01
 2.00301374246066E+03	 3.50320631554480E-01
 2.00301648036069E+03	 3.18919181683810E-01
 2.00301921826073E+03	 2.33812864989943E-01
 2.00302195616076E+03	 1.40836758477753E-01
 2.00302469406079E+03	 5.40526699017857E-02
 2.00302743196082E+03	-4.07823204921590E-02
 2.00303016986085E+03	-1.50768923450207E-01
 2.00303290776088E+03	-2.52425913658758E-01
 2.00303564566091E+03	-3.08910170228133E-01
 2.00303838356094E+03	-3.04189119952766E-01
 2.00304112146097E+03	-2.49835473330120E-01
 2.00304385936100E+03	-1.59010136874680E-01
 2.00304659726103E+03	-2.67819033529286E-02
 2.00304933516106E+03	 1.53126924830768E-01
 2.00305207306109E+03	 3.53360371276156E-01
 2.00305481096112E+03	 5.03967624561694E-01
 2.00305754886116E+03	 5.28788097177041E-01
 2.00306028676119E+03	 3.99673406361923E-01
 2.00306302466122E+03	 1.60417581894667E-01
 2.00306576256125E+03	-1.01148533407853E-01
 2.00306850046128E+03	-3.05932505130250E-01
 2.00307123836131E+03	-4.14398823336466E-01
 2.00307397626134E+03	-4.19011698348670E-01
 2.00307671416137E+03	-3.24965608040710E-01
 2.00307945206140E+03	-1.49467499094195E-01
 2.00308218996143E+03	 6.50638372350633E-02
 2.00308492786146E+03	 2.52726164049890E-01
 2.00308766576149E+03	 3.53525394443893E-01
 2.00309040366152E+03	 3.49131206528400E-01
 2.00309314156156E+03	 2.71144920923685E-01
 2.00309587946159E+03	 1.70836422007762E-01
 2.00309861736162E+03	 7.70975508596598E-02
 2.00310135526165E+03	-1.61409874029135E-02
 2.00310409316168E+03	-1.22067135944960E-01
 2.00310683106171E+03	-2.28178463760421E-01
 2.00310956896174E+03	-2.99394804579503E-01
 2.00311230686177E+03	-3.11378965520640E-01
 2.00311504476180E+03	-2.69610471997522E-01
 2.00311778266183E+03	-1.91092919174072E-01
 2.00312052056186E+03	-7.69805269826278E-02
 2.00312325846189E+03	 8.37074805371077E-02
 2.00312599636192E+03	 2.80166068839323E-01
 2.00312873426196E+03	 4.56610338505121E-01
 2.00313147216199E+03	 5.33065133439815E-01
 2.00313421006202E+03	 4.58728729528898E-01
 2.00313694796205E+03	 2.51786719596125E-01
 2.00313968586208E+03	-1.03849435973613E-02
 2.00314242376211E+03	-2.40384321516581E-01
 2.00314516166214E+03	-3.83630094929701E-01
 2.00314789956217E+03	-4.23259467030313E-01
 2.00315063746220E+03	-3.60936931201033E-01
 2.00315337536223E+03	-2.08312669145196E-01
 2.00315611326226E+03	 1.75091463376642E-03
 2.00315885116229E+03	 2.08652178037299E-01
 2.00316158906232E+03	 3.44718938015469E-01
 2.00316432696236E+03	 3.73223481333391E-01
 2.00316706486239E+03	 3.10025699891238E-01
 2.00316980276242E+03	 2.05807814925501E-01
 2.00317254066245E+03	 1.02751421058543E-01
 2.00317527856248E+03	 7.19219641297696E-03
 2.00317801646251E+03	-9.51520227294838E-02
 2.00318075436254E+03	-2.02591930135477E-01
 2.00318349226257E+03	-2.85803179379640E-01
 2.00318623016260E+03	-3.14536144753665E-01
 2.00318896806263E+03	-2.86002412884819E-01
 2.00319170596266E+03	-2.18001698620066E-01
 2.00319444386269E+03	-1.18991262550804E-01
 2.00319718176272E+03	 2.16192201535810E-02
 2.00319991966275E+03	 2.06331430545612E-01
 2.00320265756279E+03	 3.96676846301743E-01
 2.00320539546282E+03	 5.16665566291798E-01
 2.00320813336285E+03	 4.98688463491635E-01
 2.00321087126288E+03	 3.34103914870590E-01
 2.00321360916291E+03	 8.29969030733578E-02
 2.00321634706294E+03	-1.64964330642974E-01
 2.00321908496297E+03	-3.40933692863156E-01
 2.00322182286300E+03	-4.16062319799362E-01
 2.00322456076303E+03	-3.87154791748871E-01
 2.00322729866306E+03	-2.61635452360286E-01
 2.00323003656309E+03	-6.35289261354415E-02
 2.00323277446312E+03	 1.54766757631362E-01
 2.00323551236315E+03	 3.22939641234585E-01
 2.00323825026319E+03	 3.88316913414198E-01
 2.00324098816322E+03	 3.47901935470143E-01
 2.00324372606325E+03	 2.45412038187465E-01
 2.00324646396328E+03	 1.32609199164524E-01
 2.00324920186331E+03	 3.07080744992802E-02
 2.00325193976334E+03	-7.01323112809846E-02
 2.00325467766337E+03	-1.76835956060109E-01
 2.00325741556340E+03	-2.68885341933385E-01
 2.00326015346343E+03	-3.13669463989479E-01
 2.00326289136346E+03	-2.99370146930020E-01
 2.00326562926349E+03	-2.41092177763858E-01
 2.00326836716352E+03	-1.53976766044130E-01
 2.00327110506355E+03	-3.20785327124479E-02
 2.00327384296359E+03	 1.35681549771072E-01
 2.00327658086362E+03	 3.28764405313415E-01
 2.00327931876365E+03	 4.81875647954020E-01
 2.00328205666368E+03	 5.17986290658493E-01
 2.00328479456371E+03	 4.03220272046031E-01
 2.00328753246374E+03	 1.75011230808927E-01
 2.00329027036377E+03	-8.17562146325867E-02
 2.00329300826380E+03	-2.86744477483426E-01
 2.00329574616383E+03	-3.97189592217384E-01
 2.00329848406386E+03	-4.02868758292102E-01
 2.00330122196389E+03	-3.07607338893882E-01
 2.00330395986392E+03	-1.28011130791432E-01
 2.00330669776395E+03	 9.32875831786063E-02
 2.00330943566398E+03	 2.88149330334082E-01
 2.00331217356402E+03	 3.91944166461157E-01
 2.00331491146405E+03	 3.81727536900671E-01
 2.00331764936408E+03	 2.88357265370160E-01
 2.00332038726411E+03	 1.67741390004451E-01
 2.00332312516414E+03	 5.62094645684468E-02
 2.00332586306417E+03	-4.64527291046704E-02
 2.00332860096420E+03	-1.51800518867213E-01
 2.00333133886423E+03	-2.49584431261478E-01
 2.00333407676426E+03	-3.08900512835506E-01
 2.00333681466429E+03	-3.09774716823358E-01
 2.00333955256432E+03	-2.61432535474578E-01
 2.00334229046435E+03	-1.83486596222127E-01
 2.00334502836438E+03	-7.74094524334345E-02
 2.00334776626442E+03	 7.10697174697684E-02
 2.00335050416445E+03	 2.57513218560702E-01
 2.00335324206448E+03	 4.32147511015942E-01
 2.00335597996451E+03	 5.16507191100734E-01
 2.00335871786454E+03	 4.55706174229865E-01
 2.00336145576457E+03	 2.61383887783820E-01
 2.00336419366460E+03	 6.43896888580667E-03
 2.00336693156463E+03	-2.21977626844531E-01
 2.00336966946466E+03	-3.66590371981279E-01
 2.00337240736469E+03	-4.07570059468035E-01
 2.00337514526472E+03	-3.44809055956308E-01
 2.00337788316475E+03	-1.89113004841185E-01
 2.00338062106478E+03	 2.68902527288849E-02
 2.00338335896482E+03	 2.41247087864426E-01
 2.00338609686485E+03	 3.82331100123824E-01
 2.00338883476488E+03	 4.08279497287803E-01
 2.00339157266491E+03	 3.32447047736129E-01
 2.00339431056494E+03	 2.08427710794537E-01
 2.00339704846497E+03	 8.55105375493719E-02
 2.00339978636500E+03	-2.29332990214792E-02
 2.00340252426503E+03	-1.27906620076619E-01
 2.00340526216506E+03	-2.28909274373253E-01
 2.00340800006509E+03	-3.00548020447983E-01
 2.00341073796512E+03	-3.17092232089381E-01
 2.00341347586515E+03	-2.79689937339742E-01
 2.00341621376518E+03	-2.09146319525658E-01
 2.00341895166521E+03	-1.15283743564395E-01
 2.00342168956525E+03	 1.42035050943724E-02
 2.00342442746528E+03	 1.87148395383804E-01
 2.00342716536531E+03	 3.71724541571801E-01
 2.00342990326534E+03	 4.95599226950930E-01
 2.00343264116537E+03	 4.89197203334174E-01
 2.00343537906540E+03	 3.37894857018799E-01
 2.00343811696543E+03	 9.61840861081796E-02
 2.00344085486546E+03	-1.48142094426983E-01
 2.00344359276549E+03	-3.24464372056354E-01
 2.00344633066552E+03	-4.00938163611832E-01
 2.00344906856555E+03	-3.72203284323678E-01
 2.00345180646558E+03	-2.44578310327415E-01
 2.00345454436561E+03	-4.15285985732110E-02
 2.00345728226565E+03	 1.83983064279219E-01
 2.00346002016568E+03	 3.58601962515283E-01
 2.00346275806571E+03	 4.24509254099100E-01
 2.00346549596574E+03	 3.74754999857374E-01
 2.00346823386577E+03	 2.53984016717355E-01
 2.00347097176580E+03	 1.20100888321603E-01
 2.00347370966583E+03	 2.07643551252314E-03
 2.00347644756586E+03	-1.04974857160981E-01
 2.00347918546589E+03	-2.07755815016846E-01
 2.00348192336592E+03	-2.89146211141124E-01
 2.00348466126595E+03	-3.21153835018623E-01
 2.00348739916598E+03	-2.96113487007045E-01
 2.00349013706601E+03	-2.32386801540284E-01
 2.00349287496605E+03	-1.47212407002570E-01
 2.00349561286608E+03	-3.43775044882296E-02
 2.00349835076611E+03	 1.21095191323290E-01
 2.00350108866614E+03	 3.05188261383727E-01
 2.00350382656617E+03	 4.57924517029740E-01
 2.00350656446620E+03	 5.02642249495909E-01
 2.00350930236623E+03	 4.00758167655628E-01
 2.00351204026626E+03	 1.83589185050079E-01
 2.00351477816629E+03	-6.74066932508296E-02
 2.00351751606632E+03	-2.71365529539083E-01
 2.00352025396635E+03	-3.82820339725272E-01
 2.00352299186638E+03	-3.89075380630136E-01
 2.00352572976641E+03	-2.92560373665740E-01
 2.00352846766645E+03	-1.09084816716186E-01
 2.00353120556648E+03	 1.18787744227130E-01
 2.00353394346651E+03	 3.20884043970875E-01
 2.00353668136654E+03	 4.27884278726680E-01
 2.00353941926657E+03	 4.11906423554429E-01
 2.00354215716660E+03	 3.02713662511401E-01
 2.00354489506663E+03	 1.60824663865811E-01
 2.00354763296666E+03	 3.04419643242151E-02
 2.00355037086669E+03	-8.21865395693308E-02
 2.00355310876672E+03	-1.86712129007394E-01
 2.00355584666675E+03	-2.75387242621621E-01
 2.00355858456678E+03	-3.21875113567476E-01
 2.00356132246681E+03	-3.10602314007754E-01
 2.00356406036684E+03	-2.54249907823547E-01
 2.00356679826688E+03	-1.74979494652316E-01
 2.00356953616691E+03	-7.51791061975941E-02
 2.00357227406694E+03	 6.17128154154072E-02
 2.00357501196697E+03	 2.36983778567678E-01
 2.00357774986700E+03	 4.07165134495974E-01
 2.00358048776703E+03	 4.96416115437646E-01
 2.00358322566706E+03	 4.46990321303795E-01
 2.00358596356709E+03	 2.64585783816083E-01
 2.00358870146712E+03	 1.74085368902002E-02
 2.00359143936715E+03	-2.08315573110565E-01
 2.00359417726718E+03	-3.53253976808261E-01
 2.00359691516721E+03	-3.94964939936240E-01
 2.00359965306724E+03	-3.31643417319936E-01
 2.00360239096728E+03	-1.73107888642767E-01
 2.00360512886731E+03	 4.85427887817015E-02
 2.00360786676734E+03	 2.70301598758354E-01
 2.00361060466737E+03	 4.16676161689832E-01
 2.00361334256740E+03	 4.40431829048290E-01
 2.00361608046743E+03	 3.51996872405394E-01
 2.00361881836746E+03	 2.07625714532299E-01
 2.00362155626749E+03	 6.39196330661287E-02
 2.00362429416752E+03	-5.81576397882302E-02
 2.00362703206755E+03	-1.65888781277252E-01
 2.00362976996758E+03	-2.59995245224888E-01
 2.00363250786761E+03	-3.19341342676239E-01
 2.00363524576764E+03	-3.22832589732593E-01
 2.00363798366768E+03	-2.75291465121943E-01
 2.00364072156771E+03	-2.00322589875309E-01
 2.00364345946774E+03	-1.09511419956863E-01
 2.00364619736777E+03	 1.01749539543571E-02
 2.00364893526780E+03	 1.70983328372530E-01
 2.00365167316783E+03	 3.47619708368778E-01
 2.00365441106786E+03	 4.72276551153881E-01
 2.00365714896789E+03	 4.74716326583948E-01
 2.00365988686792E+03	 3.35264656052081E-01
 2.00366262476795E+03	 1.02932584893009E-01
 2.00366536266798E+03	-1.36898736271447E-01
 2.00366810056801E+03	-3.12530321708509E-01
 2.00367083846804E+03	-3.89610845761601E-01
 2.00367357636807E+03	-3.60812518539336E-01
 2.00367631426811E+03	-2.31288091867954E-01
 2.00367905216814E+03	-2.36739361527851E-02
 2.00368179006817E+03	 2.08864049524862E-01
 2.00368452796820E+03	 3.90159219598656E-01
 2.00368726586823E+03	 4.57146834734616E-01
 2.00369000376826E+03	 3.98511662894094E-01
 2.00369274166829E+03	 2.59402023224485E-01
 2.00369547956832E+03	 1.03810361023115E-01
 2.00369821746835E+03	-3.11267467235287E-02
 2.00370095536838E+03	-1.44815286452860E-01
 2.00370369326841E+03	-2.43555913740946E-01
 2.00370643116844E+03	-3.13825768653019E-01
 2.00370916906847E+03	-3.32407873072131E-01
 2.00371190696851E+03	-2.95584259747523E-01
 2.00371464486854E+03	-2.24666916396928E-01
 2.00371738276857E+03	-1.39171022069612E-01
 2.00372012066860E+03	-3.34956358142859E-02
 2.00372285856863E+03	 1.10141456117033E-01
 2.00372559646866E+03	 2.83741594185179E-01
 2.00372833436869E+03	 4.33166815903188E-01
 2.00373107226872E+03	 4.83368397628397E-01
 2.00373381016875E+03	 3.92236441706252E-01
 2.00373654806878E+03	 1.85437657848502E-01
 2.00373928596881E+03	-5.93081960111553E-02
 2.00374202386884E+03	-2.61286992847524E-01
 2.00374476176887E+03	-3.72927608129297E-01
 2.00374749966891E+03	-3.79390830564290E-01
 2.00375023756894E+03	-2.81758424622871E-01
 2.00375297546897E+03	-9.48351916326783E-02
 2.00375571336900E+03	 1.39267525484031E-01
 2.00375845126903E+03	 3.48696437545517E-01
 2.00376118916906E+03	 4.59509142259691E-01
 2.00376392706909E+03	 4.38560527031420E-01
 2.00376666496912E+03	 3.13997756334653E-01
 2.00376940286915E+03	 1.50644753386168E-01
 2.00377214076918E+03	 7.62363446298708E-04
 2.00377487866921E+03	-1.22434312062089E-01
 2.00377761656924E+03	-2.26337765608699E-01
 2.00378035446927E+03	-3.05733723834124E-01
 2.00378309236930E+03	-3.38994954352742E-01
 2.00378583026934E+03	-3.14806202133447E-01
 2.00378856816937E+03	-2.48946719696857E-01
 2.00379130606940E+03	-1.66096405409800E-01
 2.00379404396943E+03	-7.02524579342189E-02
 2.00379678186946E+03	 5.62819170320214E-02
 2.00379951976949E+03	 2.19677321406495E-01
 2.00380225766952E+03	 3.82886330289185E-01
 2.00380499556955E+03	 4.73745607311859E-01
 2.00380773346958E+03	 4.32967177354516E-01
 2.00381047136961E+03	 2.61113299874953E-01
 2.00381320926964E+03	 2.16798749401556E-02
 2.00381594716967E+03	-2.00607391408587E-01
 2.00381868506970E+03	-3.45022187141521E-01
 2.00382142296974E+03	-3.86967026445539E-01
 2.00382416086977E+03	-3.23111742037133E-01
 2.00382689876980E+03	-1.62172936318980E-01
 2.00382963666983E+03	 6.46395762022712E-02
 2.00383237456986E+03	 2.93705389865136E-01
 2.00383511246989E+03	 4.45906706792720E-01
 2.00383785036992E+03	 4.68461475070043E-01
 2.00384058826995E+03	 3.68341497200842E-01
 2.00384332616998E+03	 2.03951321988129E-01
 2.00384606407001E+03	 3.91212402726241E-02
 2.00384880197004E+03	-9.72093997441825E-02
 2.00385153987007E+03	-2.08146536077770E-01
 2.00385427777010E+03	-2.95482678121048E-01
 2.00385701567014E+03	-3.42412641133965E-01
 2.00385975357017E+03	-3.32384645882848E-01
 2.00386249147020E+03	-2.73530991025671E-01
 2.00386522937023E+03	-1.92047583707766E-01
 2.00386796727026E+03	-1.01743266897538E-01
 2.00387070517029E+03	 1.00374282150713E-02
 2.00387344307032E+03	 1.58863460878510E-01
 2.00387618097035E+03	 3.25670455703606E-01
 2.00387891887038E+03	 4.47921365419919E-01
 2.00388165677041E+03	 4.56040994748764E-01
 2.00388439467044E+03	 3.26391240076938E-01
 2.00388713257047E+03	 1.02818196389605E-01
 2.00388987047050E+03	-1.32099903305347E-01
 2.00389260837054E+03	-3.06249773674739E-01
 2.00389534627057E+03	-3.83335578359773E-01
 2.00389808417060E+03	-3.54364442598671E-01
 2.00390082207063E+03	-2.23326793141144E-01
 2.00390355997066E+03	-1.17370937569079E-02
 2.00390629787069E+03	 2.27513236942280E-01
 2.00390903577072E+03	 4.15841243583494E-01
 2.00391177367075E+03	 4.84952548000221E-01
 2.00391451157078E+03	 4.18717705824900E-01
 2.00391724947081E+03	 2.62149170070796E-01
 2.00391998737084E+03	 8.49707897502399E-02
 2.00392272527087E+03	-6.73420581611588E-02
 2.00392546317090E+03	-1.88251425483062E-01
 2.00392820107093E+03	-2.83344021635985E-01
 2.00393093897097E+03	-3.42652679825089E-01
 2.00393367687100E+03	-3.47659632559851E-01
 2.00393641477103E+03	-2.98252029667413E-01
 2.00393915267106E+03	-2.18353539890567E-01
 2.00394189057109E+03	-1.29966815430589E-01
 2.00394462847112E+03	-2.90581418141268E-02
 2.00394736637115E+03	 1.03731208201802E-01
 2.00395010427118E+03	 2.65733091554310E-01
 2.00395284217121E+03	 4.09006687861116E-01
 2.00395558007124E+03	 4.61310038863577E-01
 2.00395831797127E+03	 3.78280449288217E-01
 2.00396105587130E+03	 1.80585624756701E-01
 2.00396379377133E+03	-5.79298138570834E-02
 2.00396653167137E+03	-2.57296227993286E-01
 2.00396926957140E+03	-3.68467571442185E-01
 2.00397200747143E+03	-3.74886303741536E-01
 2.00397474537146E+03	-2.76421835346128E-01
 2.00397748327149E+03	-8.66855968745432E-02
 2.00398022117152E+03	 1.53124506497090E-01
 2.00398295907155E+03	 3.69986217965960E-01
 2.00398569697158E+03	 4.85556993735881E-01
 2.00398843487161E+03	 4.61138622707813E-01
 2.00399117277164E+03	 3.22589115986682E-01
 2.00399391067167E+03	 1.38443979080447E-01
 2.00399664857170E+03	-3.10736081087282E-02
 2.00399938647173E+03	-1.65411239657885E-01
 2.00400212437177E+03	-2.69283287975069E-01
 2.00400486227180E+03	-3.39827989021637E-01
 2.00400760017183E+03	-3.60027969728738E-01
 2.00401033807186E+03	-3.22517953946416E-01
 2.00401307597189E+03	-2.45757619233425E-01
 2.00401581387192E+03	-1.56920557100917E-01
 2.00401855177195E+03	-6.23464983575431E-02
 2.00402128967198E+03	 5.55522251856401E-02
 2.00402402757201E+03	 2.06830685249128E-01
 2.00402676547204E+03	 3.60797568637857E-01
 2.00402950337207E+03	 4.49906078003348E-01
 2.00403224127210E+03	 4.14666598989053E-01
 2.00403497917213E+03	 2.51453848339497E-01
 2.00403771707216E+03	 1.92175563181537E-02
 2.00404045497220E+03	-1.99266231261769E-01
 2.00404319287223E+03	-3.42521176913171E-01
 2.00404593077226E+03	-3.84320267240841E-01
 2.00404866867229E+03	-3.20077435268640E-01
 2.00405140657232E+03	-1.57349314712715E-01
 2.00405414447234E+03	 7.39359958532605E-02
 2.00405688237238E+03	 3.10116111127990E-01
 2.00405962027241E+03	 4.68862131372069E-01
 2.00406235817244E+03	 4.91768827836214E-01
 2.00406509607247E+03	 3.81745571751485E-01
 2.00406783397250E+03	 1.98588024175159E-01
 2.00407057187253E+03	 1.29701616382269E-02
 2.00407330977256E+03	-1.38011560795710E-01
 2.00407604767260E+03	-2.52839358215135E-01
 2.00407878557263E+03	-3.34060513681822E-01
 2.00408152347266E+03	-3.69036596521525E-01
 2.00408426137269E+03	-3.45477037547225E-01
 2.00408699927272E+03	-2.74373219276401E-01
 2.00408973717275E+03	-1.84289542202887E-01
 2.00409247507278E+03	-9.17291458935724E-02
 2.00409521297281E+03	 1.44390340840755E-02
 2.00409795087284E+03	 1.51902693952575E-01
 2.00410068877287E+03	 3.07351203352403E-01
 2.00410342667290E+03	 4.24107167644367E-01
 2.00410616457293E+03	 4.34532043751770E-01
 2.00410890247296E+03	 3.12193845501689E-01
 2.00411164037300E+03	 9.62535816982980E-02
 2.00411437827303E+03	-1.33751471395011E-01
 2.00411711617306E+03	-3.05890343627862E-01
 2.00411985407309E+03	-3.82515414977226E-01
 2.00412259197312E+03	-3.53360197423387E-01
 2.00412532987315E+03	-2.21338168288034E-01
 2.00412806777318E+03	-6.56170692751051E-03
 2.00413080567321E+03	 2.38921334290197E-01
 2.00413354357324E+03	 4.34677523017678E-01
 2.00413628147327E+03	 5.07346807746328E-01
 2.00413901937330E+03	 4.35539026849929E-01
 2.00414175727333E+03	 2.63303945274846E-01
 2.00414449517336E+03	 6.54444104841458E-02
 2.00414723307340E+03	-1.04303858142455E-01
 2.00414997097343E+03	-2.33078918801015E-01
 2.00415270887346E+03	-3.25335950735156E-01
 2.00415544677349E+03	-3.74406384266703E-01
 2.00415818467352E+03	-3.66194912531729E-01
 2.00416092257355E+03	-3.03743236584800E-01
 2.00416366047358E+03	-2.13217224630894E-01
 2.00416639837361E+03	-1.19308720576616E-01
 2.00416913627364E+03	-2.05084182181111E-02
 2.00417187417367E+03	 1.02832110011632E-01
 2.00417461207370E+03	 2.52545791229878E-01
 2.00417734997373E+03	 3.87073161635693E-01
 2.00418008787376E+03	 4.38061548791890E-01
 2.00418282577379E+03	 3.60182718195487E-01
 2.00418556367383E+03	 1.69880481444625E-01
 2.00418830157386E+03	-6.28535555018645E-02
 2.00419103947389E+03	-2.59279742472445E-01
 2.00419377737392E+03	-3.69491204563137E-01
 2.00419651527395E+03	-3.75702326878445E-01
 2.00419925317398E+03	-2.76797456668180E-01
 2.00420199107401E+03	-8.50575423203941E-02
 2.00420472897404E+03	 1.59738048213311E-01
 2.00420746687407E+03	 3.84055392010331E-01
 2.00421020477410E+03	 5.05548334815002E-01
 2.00421294267413E+03	 4.79749313898714E-01
 2.00421568057416E+03	 3.29441853934732E-01
 2.00421841847419E+03	 1.26016015402790E-01
 2.00422115637423E+03	-6.27174998432425E-02
 2.00422389427426E+03	-2.08650538442185E-01
 2.00422663217429E+03	-3.13362335490396E-01
 2.00422937007432E+03	-3.75983930217280E-01
 2.00423210797435E+03	-3.83806365140966E-01
 2.00423484587438E+03	-3.32979879578924E-01
 2.00423758377441E+03	-2.44183490609082E-01
 2.00424032167444E+03	-1.47040324682739E-01
 2.00424305957447E+03	-5.09382748185790E-02
 2.00424579747450E+03	 6.03521554130665E-02
 2.00424853537453E+03	 1.99680642328121E-01
 2.00425127327456E+03	 3.42482638354549E-01
 2.00425401117459E+03	 4.26614000601718E-01
 2.00425674907463E+03	 3.93667811314081E-01
 2.00425948697466E+03	 2.36846079135894E-01
 2.00426222487469E+03	 1.08580215005463E-02
 2.00426496277472E+03	-2.03785625909093E-01
 2.00426770067475E+03	-3.45442252281229E-01
 2.00427043857478E+03	-3.86810772608334E-01
 2.00427317647481E+03	-3.22403167148384E-01
 2.00427591437484E+03	-1.58636223959183E-01
 2.00427865227487E+03	 7.62321762494730E-02
 2.00428139017490E+03	 3.19175553633604E-01
 2.00428412807493E+03	 4.85245049487143E-01
 2.00428686597496E+03	 5.10466077383427E-01
 2.00428960387499E+03	 3.93047324771844E-01
 2.00429234177502E+03	 1.93208125557255E-01
 2.00429507967506E+03	-1.21996448126150E-02
 2.00429781757509E+03	-1.77945156209585E-01
 2.00430055547512E+03	-2.97471924881696E-01
 2.00430329337515E+03	-3.73635876246982E-01
 2.00430603127518E+03	-3.97611440039808E-01
 2.00430876917521E+03	-3.60949475233535E-01
 2.00431150707524E+03	-2.76996536581233E-01
 2.00431424497527E+03	-1.76440994253926E-01
 2.00431698287530E+03	-7.89077426613811E-02
 2.00431972077533E+03	 2.41043610951742E-02
 2.00432245867536E+03	 1.51167068236186E-01
 2.00432519657539E+03	 2.94117971485997E-01
 2.00432793447542E+03	 4.02558983457415E-01
 2.00433067237546E+03	 4.11948244424633E-01
 2.00433341027549E+03	 2.94229837321086E-01
 2.00433614817552E+03	 8.44623687474813E-02
 2.00433888607555E+03	-1.40957800828576E-01
 2.00434162397558E+03	-3.10782239267580E-01
 2.00434436187561E+03	-3.86591501329100E-01
 2.00434709977564E+03	-3.57299346766452E-01
 2.00434983767567E+03	-2.24916736870052E-01
 2.00435257557570E+03	-7.91928407535437E-03
 2.00435531347573E+03	 2.43115496289582E-01
 2.00435805137576E+03	 4.46626908557635E-01
 2.00436078927579E+03	 5.24517172725229E-01
 2.00436352717582E+03	 4.49731419720789E-01
 2.00436626507586E+03	 2.64391737925542E-01
 2.00436900297589E+03	 4.74710177746766E-02
 2.00437174087592E+03	-1.39349565015864E-01
 2.00437447877595E+03	-2.76600205917877E-01
 2.00437721667598E+03	-3.67114502229815E-01
 2.00437995457601E+03	-4.07099318157938E-01
 2.00438269247604E+03	-3.86461778067510E-01
 2.00438543037607E+03	-3.10886388951370E-01
 2.00438816827610E+03	-2.08393555860223E-01
 2.00439090617613E+03	-1.06521146250339E-01
 2.00439364407616E+03	-7.16785276170859E-03
 2.00439638197619E+03	 1.08347056977780E-01
 2.00439911987622E+03	 2.45452610415530E-01
 2.00440185777625E+03	 3.68996456887493E-01
 2.00440459567629E+03	 4.15443848459185E-01
 2.00440733357632E+03	 3.39722394549562E-01
 2.00441007147635E+03	 1.54874680682256E-01
 2.00441280937638E+03	-7.28184258187035E-02
 2.00441554727641E+03	-2.66214952807506E-01
 2.00441828517644E+03	-3.75107554012618E-01
 2.00442102307647E+03	-3.81001408954542E-01
 2.00442376097650E+03	-2.82106120357960E-01
 2.00442649887653E+03	-8.93093076156338E-02
 2.00442923677656E+03	 1.59540931794531E-01
 2.00443197467659E+03	 3.91176657747906E-01
 2.00443471257662E+03	 5.19818908160906E-01
 2.00443745047665E+03	 4.95118046371631E-01
 2.00444018837669E+03	 3.35936344961482E-01
 2.00444292627672E+03	 1.15450807744321E-01
 2.00444566417675E+03	-9.15603138392736E-02
 2.00444840207678E+03	-2.49362939620743E-01
 2.00445113997681E+03	-3.55931935625792E-01
 2.00445387787684E+03	-4.11900325560839E-01
 2.00445661577687E+03	-4.08425825543608E-01
 2.00445935367690E+03	-3.44672002385879E-01
 2.00446209157693E+03	-2.43064192135555E-01
 2.00446482947696E+03	-1.35596957817509E-01
 2.00446756737699E+03	-3.53241375731494E-02
 2.00447030527702E+03	 7.14581468966655E-02
 2.00447304317705E+03	 1.99294018239246E-01
 2.00447578107709E+03	 3.29394756860178E-01
 2.00447851897712E+03	 4.05636637879059E-01
 2.00448125687715E+03	 3.71858307147406E-01
 2.00448399477718E+03	 2.19087687928777E-01
 2.00448673267721E+03	-1.81899390467886E-03
 2.00448947057724E+03	-2.12812155702488E-01
 2.00449220847727E+03	-3.52580223157835E-01
 2.00449494637730E+03	-3.93292784679241E-01
 2.00449768427733E+03	-3.28975606045629E-01
 2.00450042217736E+03	-1.65012577514639E-01
 2.00450316007739E+03	 7.23610261527987E-02
 2.00450589797742E+03	 3.21505141877896E-01
 2.00450863587745E+03	 4.95603498065459E-01
 2.00451137377749E+03	 5.25310369937191E-01
 2.00451411167752E+03	 4.03507903862717E-01
 2.00451684957755E+03	 1.89722894202830E-01
 2.00451958747758E+03	-3.39109110367643E-02
 2.00452232537761E+03	-2.14234078026058E-01
 2.00452506327764E+03	-3.39281410122418E-01
 2.00452780117767E+03	-4.11683226325885E-01
 2.00453053907770E+03	-4.25944015069816E-01
 2.00453327697773E+03	-3.76963617432261E-01
 2.00453601487776E+03	-2.79933873063392E-01
 2.00453875277779E+03	-1.67408189218758E-01
 2.00454149067782E+03	-6.24773317009805E-02
 2.00454422857785E+03	 3.97420972333562E-02
 2.00454696647788E+03	 1.57527287054798E-01
 2.00454970437792E+03	 2.87194059355280E-01
 2.00455244227795E+03	 3.84887971644466E-01
 2.00455518017798E+03	 3.90165741899407E-01
 2.00455791807801E+03	 2.74438427188439E-01
 2.00456065597804E+03	 6.92731656528863E-02
 2.00456339387807E+03	-1.52073629982424E-01
 2.00456613177810E+03	-3.19431544945228E-01
 2.00456886967813E+03	-3.94140598879470E-01
 2.00457160757816E+03	-3.64778133412628E-01
 2.00457434547819E+03	-2.32709254444070E-01
 2.00457708337822E+03	-1.46055117542182E-02
 2.00457982127825E+03	 2.41074924429905E-01
 2.00458255917828E+03	 4.52496915991665E-01
 2.00458529707832E+03	 5.37314829786157E-01
 2.00458803497835E+03	 4.62479886264708E-01
 2.00459077287838E+03	 2.67142377205612E-01
 2.00459351077841E+03	 3.33418487504443E-02
 2.00459624867844E+03	-1.69807364686857E-01
 2.00459898657847E+03	-3.16037096125637E-01
 2.00460172447850E+03	-4.06028370733118E-01
 2.00460446237853E+03	-4.38330962055357E-01
 2.00460720027856E+03	-4.06359059303036E-01
 2.00460993817859E+03	-3.17925589679504E-01
 2.00461267607862E+03	-2.02526612556230E-01
 2.00461541397865E+03	-9.06405835744272E-02
 2.00461815187868E+03	 1.16750708610588E-02
 2.00462088977872E+03	 1.20989572476084E-01
 2.00462362767875E+03	 2.45427416637571E-01
 2.00462636557878E+03	 3.56152657940761E-01
 2.00462910347881E+03	 3.95207103244273E-01
 2.00463184137884E+03	 3.18864196325101E-01
 2.00463457927887E+03	 1.37554908135027E-01
 2.00463731717890E+03	-8.59453930825948E-02
 2.00464005507893E+03	-2.76355473694402E-01
 2.00464279297896E+03	-3.83649470848689E-01
 2.00464553087899E+03	-3.89134230655860E-01
 2.00464826877902E+03	-2.90717246321807E-01
 2.00465100667905E+03	-9.79123032104584E-02
 2.00465374457908E+03	 1.53853588736864E-01
 2.00465648247911E+03	 3.92441650702235E-01
 2.00465922037915E+03	 5.29367357311554E-01
 2.00466195827918E+03	 5.08405549584982E-01
 2.00466469617921E+03	 3.43640176427320E-01
 2.00466743407924E+03	 1.08824600517707E-01
 2.00467017197927E+03	-1.15106126626266E-01
 2.00467290987930E+03	-2.84850120931904E-01
 2.00467564777933E+03	-3.94314595047867E-01
 2.00467838567936E+03	-4.45061017643170E-01
 2.00468112357939E+03	-4.31597318769696E-01
 2.00468386147942E+03	-3.55595038219683E-01
 2.00468659937945E+03	-2.40783320589800E-01
 2.00468933727948E+03	-1.21420666271193E-01
 2.00469207517951E+03	-1.47189423633184E-02
 2.00469481307955E+03	 8.94865105067171E-02
 2.00469755097958E+03	 2.06408704984394E-01
 2.00470028887961E+03	 3.22626491442310E-01
 2.00470302677964E+03	 3.88499510298975E-01
 2.00470576467967E+03	 3.51109795626586E-01
 2.00470850257970E+03	 2.00216822145329E-01
 2.00471124047973E+03	-1.67778412255094E-02
 2.00471397837976E+03	-2.24396724858086E-01
 2.00471671627979E+03	-3.62062377990555E-01
 2.00471945417982E+03	-4.01915969650027E-01
 2.00472219207985E+03	-3.37944167414830E-01
 2.00472492997988E+03	-1.74684864719600E-01
 2.00472766787991E+03	 6.39453035758307E-02
 2.00473040577995E+03	 3.18480341867945E-01
 2.00473314367998E+03	 5.01120613819575E-01
 2.00473588158001E+03	 5.37489764491819E-01
 2.00473861948004E+03	 4.14567231090302E-01
 2.00474135738007E+03	 1.89988232670312E-01
 2.00474409528010E+03	-4.98926815230874E-02
 2.00474683318013E+03	-2.44339865139550E-01
 2.00474957108016E+03	-3.75657369058047E-01
 2.00475230898019E+03	-4.45664768757573E-01
 2.00475504688022E+03	-4.51644127332822E-01
 2.00475778478025E+03	-3.91344357461474E-01
 2.00476052268028E+03	-2.81339121044618E-01
 2.00476326058031E+03	-1.55796737207597E-01
 2.00476599848034E+03	-4.15195269373889E-02
 2.00476873638038E+03	 6.19416583139273E-02
 2.00477147428041E+03	 1.71526828830697E-01
 2.00477421218044E+03	 2.87373637659198E-01
 2.00477695008047E+03	 3.72321333968447E-01
 2.00477968798050E+03	 3.70852707270933E-01
 2.00478242588053E+03	 2.54794278431236E-01
 2.00478516378056E+03	 5.27844254296476E-02
 2.00478790168059E+03	-1.65012054434933E-01
 2.00479063958062E+03	-3.29805717824945E-01
 2.00479337748065E+03	-4.03155847199583E-01
 2.00479611538068E+03	-3.73782104068860E-01
 2.00479885328071E+03	-2.42722473322409E-01
 2.00480159118074E+03	-2.47510841113585E-02
 2.00480432908078E+03	 2.34434624520814E-01
 2.00480706698081E+03	 4.53671090491360E-01
 2.00480980488084E+03	 5.46998222367169E-01
 2.00481254278087E+03	 4.75138704892293E-01
 2.00481528068090E+03	 2.73205276760698E-01
 2.00481801858093E+03	 2.50764250545212E-02
 2.00482075648096E+03	-1.93359793911231E-01
 2.00482349438099E+03	-3.48927352031586E-01
 2.00482623228102E+03	-4.39607205569370E-01
 2.00482897018105E+03	-4.65700169026214E-01
 2.00483170808108E+03	-4.23617969026490E-01
 2.00483444598111E+03	-3.22841289921469E-01
 2.00483718388114E+03	-1.94008375394509E-01
 2.00483992178118E+03	-7.05764423441684E-02
 2.00484265968121E+03	 3.66517653877134E-02
 2.00484539758124E+03	 1.41169875746209E-01
 2.00484813548127E+03	 2.52983296880293E-01
 2.00485087338130E+03	 3.49427884078220E-01
 2.00485361128133E+03	 3.78723233084874E-01
 2.00485634918136E+03	 2.99405069612681E-01
 2.00485908708139E+03	 1.19976801699095E-01
 2.00486182498142E+03	-1.00089664525571E-01
 2.00486456288145E+03	-2.87564507496082E-01
 2.00486730078148E+03	-3.92999639814894E-01
 2.00487003868151E+03	-3.97975547360717E-01
 2.00487277658154E+03	-3.00503268626464E-01
 2.00487551448158E+03	-1.08816651587028E-01
 2.00487825238161E+03	 1.44526093311654E-01
 2.00488099028164E+03	 3.89427567131897E-01
 2.00488372818167E+03	 5.35550680529399E-01
 2.00488646608170E+03	 5.20921905083272E-01
 2.00488920398173E+03	 3.54023134093254E-01
 2.00489194188176E+03	 1.07899153070376E-01
 2.00489467978179E+03	-1.31299658082050E-01
 2.00489741768182E+03	-3.12863538288380E-01
 2.00490015558185E+03	-4.26186009974782E-01
 2.00490289348188E+03	-4.73140061562936E-01
 2.00490563138191E+03	-4.51046463453607E-01
 2.00490836928194E+03	-3.63631025110393E-01
 2.00491110718197E+03	-2.35558413239017E-01
 2.00491384508201E+03	-1.03236517403132E-01
 2.00491658298204E+03	 1.16070853200503E-02
 2.00491932088207E+03	 1.14784116220493E-01
 2.00492205878210E+03	 2.21300717630606E-01
 2.00492479668213E+03	 3.22713052709760E-01
 2.00492753458216E+03	 3.76211261975459E-01
 2.00493027248219E+03	 3.32937476914376E-01
 2.00493301038222E+03	 1.82135776434079E-01
 2.00493574828225E+03	-3.19085169178015E-02
 2.00493848618228E+03	-2.36365247118836E-01
 2.00494122408231E+03	-3.71711031325428E-01
 2.00494396198234E+03	-4.10494338492385E-01
 2.00494669988237E+03	-3.47108630411883E-01
 2.00494943778241E+03	-1.85492113971401E-01
 2.00495217568244E+03	 5.29913498411018E-02
 2.00495491358247E+03	 3.11844149527611E-01
 2.00495765148250E+03	 5.03261587150906E-01
 2.00496038938253E+03	 5.48304083984602E-01
 2.00496312728256E+03	 4.27548413581136E-01
 2.00496586518259E+03	 1.95517585144775E-01
 2.00496860308262E+03	-5.83742744240360E-02
 2.00497134098265E+03	-2.66276151924431E-01
 2.00497407888268E+03	-4.04486259736030E-01
 2.00497681678271E+03	-4.73405959136221E-01
 2.00497955468274E+03	-4.72517466983516E-01
 2.00498229258277E+03	-4.01960464607971E-01
 2.00498503048281E+03	-2.79317874843836E-01
 2.00498776838284E+03	-1.40164121541140E-01
 2.00499050628287E+03	-1.51711573691849E-02
 2.00499324418290E+03	 9.10537044586364E-02
 2.00499598208293E+03	 1.93266604736066E-01
 2.00499871998296E+03	 2.94862028066272E-01
 2.00500145788299E+03	 3.65467956714093E-01
 2.00500419578302E+03	 3.55157483928630E-01
 2.00500693368305E+03	 2.36939091729541E-01
 2.00500967158308E+03	 3.69703473914072E-02
 2.00501240948311E+03	-1.77640041883142E-01
 2.00501514738314E+03	-3.39723240706222E-01
 2.00501788528317E+03	-4.11439110477427E-01
 2.00502062318320E+03	-3.82094334825464E-01
 2.00502336108324E+03	-2.52751621302794E-01
 2.00502609898327E+03	-3.62597457301883E-02
 2.00502883688330E+03	 2.25058624129627E-01
 2.00503157478333E+03	 4.51713245304361E-01
 2.00503431268336E+03	 5.54878407672421E-01
 2.00503705058339E+03	 4.88916803719716E-01
 2.00503978848342E+03	 2.83865424946430E-01
 2.00504252638345E+03	 2.41542752345873E-02
 2.00504526428348E+03	-2.08314851714355E-01
 2.00504800218351E+03	-3.73417886527099E-01
 2.00505074008354E+03	-4.65890516356077E-01
 2.00505347798357E+03	-4.87169079285777E-01
 2.00505621588360E+03	-4.36180139809045E-01
 2.00505895378364E+03	-3.23705180715463E-01
 2.00506169168367E+03	-1.81272247190440E-01
 2.00506442958370E+03	-4.53237307772186E-02
 2.00506716748373E+03	 6.81705604591451E-02
 2.00506990538376E+03	 1.68883053246672E-01
 2.00507264328379E+03	 2.68041728670154E-01
 2.00507538118382E+03	 3.49026532166255E-01
 2.00507811908385E+03	 3.66714317865403E-01
 2.00508085698388E+03	 2.82630627035787E-01
 2.00508359488391E+03	 1.03875630462000E-01
 2.00508633278394E+03	-1.13247026147361E-01
 2.00508907068397E+03	-2.97721356798624E-01
 2.00509180858400E+03	-4.00997419537494E-01
 2.00509454648404E+03	-4.05342060364111E-01
 2.00509728438407E+03	-3.09276837438496E-01
 2.00510002228410E+03	-1.19903541443094E-01
 2.00510276018413E+03	 1.33487658523539E-01
 2.00510549808416E+03	 3.83770152481260E-01
 2.00510823598419E+03	 5.39697780154432E-01
 2.00511097388422E+03	 5.33788661290141E-01
 2.00511371178425E+03	 3.68166591699192E-01
 2.00511644968428E+03	 1.13868262094325E-01
 2.00511918758431E+03	-1.38761347513218E-01
 2.00512192548434E+03	-3.31846088449340E-01
 2.00512466338437E+03	-4.49847776044473E-01
 2.00512740128440E+03	-4.94318668842973E-01
 2.00513013918443E+03	-4.64866717676573E-01
 2.00513287708447E+03	-3.66902057551655E-01
 2.00513561498450E+03	-2.25763214655432E-01
 2.00513835288453E+03	-7.99170046872515E-02
 2.00514109078456E+03	 4.41526076940593E-02
 2.00514382868459E+03	 1.47305861544623E-01
 2.00514656658462E+03	 2.43670117281907E-01
 2.00514930448465E+03	 3.29478823588796E-01
 2.00515204238468E+03	 3.69037959976358E-01
 2.00515478028471E+03	 3.18194813086461E-01
 2.00515751818474E+03	 1.66243006451705E-01
 2.00516025608477E+03	-4.54288712648862E-02
 2.00516299398480E+03	-2.46730825296483E-01
 2.00516573188483E+03	-3.79456309044112E-01
 2.00516846978487E+03	-4.16924660975828E-01
 2.00517120768490E+03	-3.54352500737451E-01
 2.00517394558493E+03	-1.95355998924464E-01
 2.00517668348496E+03	 4.14330606378531E-02
 2.00517942138499E+03	 3.03264638999407E-01
 2.00518215928502E+03	 5.03365028047776E-01
 2.00518489718505E+03	 5.58805244412770E-01
 2.00518763508508E+03	 4.43354370038509E-01
 2.00519037298511E+03	 2.07232359165102E-01
 2.00519311088514E+03	-5.82954869336495E-02
 2.00519584878517E+03	-2.78805427261949E-01
 2.00519858668520E+03	-4.24366341589157E-01
 2.00520132458523E+03	-4.93354288697645E-01
 2.00520406248527E+03	-4.86875130599601E-01
 2.00520680038530E+03	-4.07065809721766E-01
 2.00520953828533E+03	-2.72261185138888E-01
 2.00521227618536E+03	-1.19304378581187E-01
 2.00521501408539E+03	 1.71638582738887E-02
 2.00521775198542E+03	 1.27045283300278E-01
 2.00522048988545E+03	 2.22293924858506E-01
 2.00522322778548E+03	 3.09151426672110E-01
 2.00522596568551E+03	 3.64138419557504E-01
 2.00522870358554E+03	 3.43450606135092E-01
 2.00523144148557E+03	 2.21849441830827E-01
 2.00523417938560E+03	 2.32979008603250E-02
 2.00523691728563E+03	-1.88184175153818E-01
 2.00523965518567E+03	-3.47263763462844E-01
 2.00524239308570E+03	-4.17012470517235E-01
 2.00524513098573E+03	-3.87715213290288E-01
 2.00524786888576E+03	-2.60814198344347E-01
 2.00525060678579E+03	-4.72521753096450E-02
 2.00525334468582E+03	 2.14600202422718E-01
 2.00525608258585E+03	 4.47951145956004E-01
 2.00525882048588E+03	 5.61945137414557E-01
 2.00526155838591E+03	 5.04560806975378E-01
 2.00526429628594E+03	 2.99789587653608E-01
 2.00526703418597E+03	 3.13175250923216E-02
 2.00526977208600E+03	-2.13769134565766E-01
 2.00527250998603E+03	-3.88427491357486E-01
 2.00527524788606E+03	-4.83624906741156E-01
 2.00527798578610E+03	-5.01316045071016E-01
 2.00528072368613E+03	-4.42501996018102E-01
 2.00528346158616E+03	-3.19005683479389E-01
 2.00528619948619E+03	-1.63096233695548E-01
 2.00528893738622E+03	-1.42077435210208E-02
 2.00529167528625E+03	 1.06242675636983E-01
 2.00529441318628E+03	 2.03588416872075E-01
 2.00529715108631E+03	 2.89825637881600E-01
 2.00529988898634E+03	 3.54331748265457E-01
 2.00530262688637E+03	 3.59045722307318E-01
 2.00530536478640E+03	 2.69030108726312E-01
 2.00530810268643E+03	 9.03168498238211E-02
 2.00531084058646E+03	-1.23940383975244E-01
 2.00531357848650E+03	-3.05119864372716E-01
 2.00531631638653E+03	-4.05837013289723E-01
 2.00531905428656E+03	-4.09391672695492E-01
 2.00532179218659E+03	-3.15197720903339E-01
 2.00532453008662E+03	-1.29401737013069E-01
 2.00532726798665E+03	 1.22327694859856E-01
 2.00533000588668E+03	 3.76757200748670E-01
 2.00533274378671E+03	 5.42734170922383E-01
 2.00533548168674E+03	 5.47613607048675E-01
 2.00533821958677E+03	 3.86502339634771E-01
 2.00534095748680E+03	 1.27163130159560E-01
 2.00534369538683E+03	-1.36929905370685E-01
 2.00534643328686E+03	-3.41053652222865E-01
 2.00534917118690E+03	-4.64367173366571E-01
 2.00535190908693E+03	-5.07475933290156E-01
 2.00535464698696E+03	-4.71772243836508E-01
 2.00535738488699E+03	-3.64068195092625E-01
 2.00536012278702E+03	-2.10231939682674E-01
 2.00536286068705E+03	-5.07499343360540E-02
 2.00536559858708E+03	 8.29812250113034E-02
 2.00536833648711E+03	 1.86475194707136E-01
 2.00537107438714E+03	 2.72539136395988E-01
 2.00537381228717E+03	 3.41929441735984E-01
 2.00537655018720E+03	 3.66346323430075E-01
 2.00537928808723E+03	 3.06842976528097E-01
 2.00538202598726E+03	 1.53129748162167E-01
 2.00538476388729E+03	-5.62389948418913E-02
 2.00538750178733E+03	-2.54070673265872E-01
 2.00539023968736E+03	-3.83714892739415E-01
 2.00539297758739E+03	-4.19560471512055E-01
 2.00539571548742E+03	-3.58016181555509E-01
 2.00539845338745E+03	-2.02658594335065E-01
 2.00540119128748E+03	 3.07497278570107E-02
 2.00540392918751E+03	 2.93956398787800E-01
 2.00540666708754E+03	 5.02282815319754E-01
 2.00540940498757E+03	 5.69474796761224E-01
 2.00541214288760E+03	 4.62202245854903E-01
 2.00541488078763E+03	 2.25264576993415E-01
 2.00541761868766E+03	-4.94402898179475E-02
 2.00542035658769E+03	-2.81532961485424E-01
 2.00542309448773E+03	-4.34700047411677E-01
 2.00542583238776E+03	-5.04709711468137E-01
 2.00542857028779E+03	-4.93726863964235E-01
 2.00543130818782E+03	-4.05553609522722E-01
 2.00543404608785E+03	-2.59132322367989E-01
 2.00543678398788E+03	-9.25247150704239E-02
 2.00543952188791E+03	 5.55862220675420E-02
 2.00544225978794E+03	 1.69337400115957E-01
 2.00544499768797E+03	 2.57495333455130E-01
 2.00544773558800E+03	 3.28934053732943E-01
 2.00545047348803E+03	 3.67233309429894E-01
 2.00545321138806E+03	 3.35151882310399E-01
 2.00545594928809E+03	 2.09589377520249E-01
 2.00545868718813E+03	 1.24170716834028E-02
 2.00546142508816E+03	-1.95575432573086E-01
 2.00546416298819E+03	-3.51120853135668E-01
 2.00546690088822E+03	-4.18463527045179E-01
 2.00546963878825E+03	-3.89198358065490E-01
 2.00547237668828E+03	-2.65482042788598E-01
 2.00547511458831E+03	-5.63993364247721E-02
 2.00547785248834E+03	 2.04167617094835E-01
 2.00548059038837E+03	 4.43149308406295E-01
 2.00548332828840E+03	 5.68562478048590E-01
 2.00548606618843E+03	 5.22094084019919E-01
 2.00548880408846E+03	 3.20826797003772E-01
 2.00549154198849E+03	 4.64383561481864E-02
 2.00549427988852E+03	-2.09687193699975E-01
 2.00549701778856E+03	-3.93705228511312E-01
 2.00549975568859E+03	-4.92342486588403E-01
 2.00550249358862E+03	-5.07468357917114E-01
 2.00550523148865E+03	-4.41754682950940E-01
 2.00550796938868E+03	-3.07900278187046E-01
 2.00551070728871E+03	-1.38871224841801E-01
 2.00551344518874E+03	 2.28743809582516E-02
 2.00551618308877E+03	 1.50298615426294E-01
 2.00551892098880E+03	 2.44090504147824E-01
 2.00552165888883E+03	 3.16783461422345E-01
 2.00552439678886E+03	 3.63831147337941E-01
 2.00552713468889E+03	 3.54609997491689E-01
 2.00552987258892E+03	 2.58111663825886E-01
 2.00553261048896E+03	 7.94422187189995E-02
 2.00553534838899E+03	-1.31521217448506E-01
 2.00553808628902E+03	-3.08787577734543E-01
 2.00554082418905E+03	-4.06380759178794E-01
 2.00554356208908E+03	-4.08920947458969E-01
 2.00554629998911E+03	-3.17056502183786E-01
 2.00554903788914E+03	-1.36165024456271E-01
 2.00555177578917E+03	 1.12018334575779E-01
 2.00555451368920E+03	 3.69050840223540E-01
 2.00555725158923E+03	 5.44912982363148E-01
 2.00555998948926E+03	 5.62248383435878E-01
 2.00556272738929E+03	 4.08617843027064E-01
 2.00556546528932E+03	 1.47319162140393E-01
 2.00556820318936E+03	-1.26136724940850E-01
 2.00557094108939E+03	-3.40593278952891E-01
 2.00557367898942E+03	-4.69616022689023E-01
 2.00557641688945E+03	-5.12266780220231E-01
 2.00557915478948E+03	-4.71239496079271E-01
 2.00558189268951E+03	-3.54532487238019E-01
 2.00558463058954E+03	-1.88502188638342E-01
 2.00558736848957E+03	-1.56784287720697E-02
 2.00559010638960E+03	 1.27524132178582E-01
 2.00559284428963E+03	 2.31051730243158E-01
 2.00559558218966E+03	 3.06179286915367E-01
 2.00559832008969E+03	 3.58206243919961E-01
 2.00560105798972E+03	 3.66540401150022E-01
 2.00560379588976E+03	 2.97832037032968E-01
 2.00560653378979E+03	 1.42391241392592E-01
 2.00560927168982E+03	-6.41681297696563E-02
 2.00561200958985E+03	-2.57802844247115E-01
 2.00561474748988E+03	-3.83667118465878E-01
 2.00561748538991E+03	-4.17470827700575E-01
 2.00562022328994E+03	-3.57132948015944E-01
 2.00562296118997E+03	-2.06461820351258E-01
 2.00562569909000E+03	 2.17526829634188E-02
 2.00562843699003E+03	 2.84465249121007E-01
 2.00563117489006E+03	 5.00163122762653E-01
 2.00563391279009E+03	 5.80016760356939E-01
 2.00563665069012E+03	 4.83445838034784E-01
 2.00563938859015E+03	 2.48827778361558E-01
 2.00564212649019E+03	-3.25103156626013E-02
 2.00564486439022E+03	-2.74935872776969E-01
 2.00564760229025E+03	-4.35707025449635E-01
 2.00565034019028E+03	-5.07458420696046E-01
 2.00565307809031E+03	-4.92866888421280E-01
 2.00565581599034E+03	-3.97107000723527E-01
 2.00565855389037E+03	-2.39669878074296E-01
 2.00566129179040E+03	-5.98677277376701E-02
 2.00566402969043E+03	 9.95020824288277E-02
 2.00566676759046E+03	 2.16663005174560E-01
 2.00566950549049E+03	 2.97022605685730E-01
 2.00567224339052E+03	 3.52077333102100E-01
 2.00567498129055E+03	 3.72726517495411E-01
 2.00567771919059E+03	 3.28677369150971E-01
 2.00568045709062E+03	 1.99193353749014E-01
 2.00568319499065E+03	 3.97899591045620E-03
 2.00568593289068E+03	-1.99673547952850E-01
 2.00568867079071E+03	-3.50837130616824E-01
 2.00569140869074E+03	-4.15164781583952E-01
 2.00569414659077E+03	-3.85841393687982E-01
 2.00569688449080E+03	-2.66044936841838E-01
 2.00569962239083E+03	-6.30700064643580E-02
 2.00570236029086E+03	 1.94178895823375E-01
 2.00570509819089E+03	 4.37357460638962E-01
 2.00570783609092E+03	 5.74313551161478E-01
 2.00571057399095E+03	 5.40672216276055E-01
 2.00571331189099E+03	 3.45894114291156E-01
 2.00571604979102E+03	 6.84490780628191E-02
 2.00571878769105E+03	-1.96927438395382E-01
 2.00572152559108E+03	-3.89829620109441E-01
 2.00572426349111E+03	-4.92363340991002E-01
 2.00572700139114E+03	-5.05740291320002E-01
 2.00572973929117E+03	-4.33919327244385E-01
 2.00573247719120E+03	-2.90368902207922E-01
 2.00573521509123E+03	-1.08790275247444E-01
 2.00573795299126E+03	 6.52671333077594E-02
 2.00574069089129E+03	 1.99044983746716E-01
 2.00574342879132E+03	 2.88464246868729E-01
 2.00574616669135E+03	 3.46579220924310E-01
 2.00574890459138E+03	 3.75139765978181E-01
 2.00575164249142E+03	 3.51336681411272E-01
 2.00575438039145E+03	 2.48360557650271E-01
 2.00575711829148E+03	 7.03619110279573E-02
 2.00575985619151E+03	-1.36331137414998E-01
 2.00576259409154E+03	-3.08671304073260E-01
 2.00576533199157E+03	-4.02336863022291E-01
 2.00576806989160E+03	-4.03513412891368E-01
 2.00577080779163E+03	-3.14387308609873E-01
 2.00577354569166E+03	-1.39757274438356E-01
 2.00577628359169E+03	 1.02840879726038E-01
 2.00577902149172E+03	 3.60609586770483E-01
 2.00578175939175E+03	 5.45725550465853E-01
 2.00578449729178E+03	 5.76693645232101E-01
 2.00578723519182E+03	 4.33171829331643E-01
 2.00578997309185E+03	 1.72918647433309E-01
 2.00579271099188E+03	-1.07628013496413E-01
 2.00579544889191E+03	-3.31416042490191E-01
 2.00579818679194E+03	-4.66254000758667E-01
 2.00580092469197E+03	-5.09123405333638E-01
 2.00580366259200E+03	-4.63551982068872E-01
 2.00580640049203E+03	-3.38540450890001E-01
 2.00580913839206E+03	-1.60959401191719E-01
 2.00581187629209E+03	 2.45399694171936E-02
 2.00581461419212E+03	 1.76447530129470E-01
 2.00581735209215E+03	 2.79060252248159E-01
 2.00582008999218E+03	 3.42113633419167E-01
 2.00582282789222E+03	 3.75642398377199E-01
 2.00582556579225E+03	 3.67129190875636E-01
 2.00582830369228E+03	 2.89134879247542E-01
 2.00583104159231E+03	 1.32599383813018E-01
 2.00583377949234E+03	-7.00633847386951E-02
 2.00583651739237E+03	-2.58313035242725E-01
 2.00583925529240E+03	-3.79388483531668E-01
 2.00584199319243E+03	-4.10547520741805E-01
 2.00584473109246E+03	-3.51496719833549E-01
 2.00584746899249E+03	-2.06537109773574E-01
 2.00585020689252E+03	 1.45791818966492E-02
 2.00585294479255E+03	 2.74665654103028E-01
 2.00585568269258E+03	 4.96435724789317E-01
 2.00585842059261E+03	 5.89326982158099E-01
 2.00586115849265E+03	 5.05537534506735E-01
 2.00586389639268E+03	 2.76186252434821E-01
 2.00586663429271E+03	-9.13592740213336E-03
 2.00586937219274E+03	-2.60350949328724E-01
 2.00587211009277E+03	-4.28396944412074E-01
 2.00587484799280E+03	-5.02349318431032E-01
 2.00587758589283E+03	-4.84877002600829E-01
 2.00588032379286E+03	-3.82246051801116E-01
 2.00588306169289E+03	-2.14480286080546E-01
 2.00588579959292E+03	-2.22302294390763E-02
 2.00588853749295E+03	 1.47514228952000E-01
 2.00589127539298E+03	 2.67008053478467E-01
 2.00589401329301E+03	 3.38308055452279E-01
 2.00589675119305E+03	 3.75708290096489E-01
 2.00589948909308E+03	 3.77784581083626E-01
 2.00590222699311E+03	 3.21546512700536E-01
 2.00590496489314E+03	 1.88722984884188E-01
 2.00590770279317E+03	-3.37133970779333E-03
 2.00591044069320E+03	-2.01325138845786E-01
 2.00591317859323E+03	-3.46882594166401E-01
 2.00591591649326E+03	-4.07338646794177E-01
 2.00591865439329E+03	-3.77713771964809E-01
 2.00592139229332E+03	-2.62493715169624E-01
 2.00592413019335E+03	-6.72782477635625E-02
 2.00592686809338E+03	 1.84429939624466E-01
 2.00592960599341E+03	 4.29972843177031E-01
 2.00593234389345E+03	 5.78043812258102E-01
 2.00593508179348E+03	 5.58606339407234E-01
 2.00593781969351E+03	 3.72988718957173E-01
 2.00594055759354E+03	 9.53549084075384E-02
 2.00594329549357E+03	-1.77219462118596E-01
 2.00594603339360E+03	-3.78174001780576E-01
 2.00594877129363E+03	-4.84756323970512E-01
 2.00595150919366E+03	-4.97005012530348E-01
 2.00595424709369E+03	-4.19787660476384E-01
 2.00595698499372E+03	-2.67252804594083E-01
 2.00595972289375E+03	-7.39180084592562E-02
 2.00596246079378E+03	 1.11484141200593E-01
 2.00596519869381E+03	 2.50427967193489E-01
 2.00596793659385E+03	 3.34087408157151E-01
 2.00597067449388E+03	 3.76202522036978E-01
 2.00597341239391E+03	 3.85164909004456E-01
 2.00597615029394E+03	 3.46367763169833E-01
 2.00597888819397E+03	 2.37380215274934E-01
 2.00598162609400E+03	 6.12346946618528E-02
 2.00598436399403E+03	-1.39681827692125E-01
 2.00598710189406E+03	-3.05653495173378E-01
 2.00598983979409E+03	-3.94278127435912E-01
 2.00599257769412E+03	-3.93529985414399E-01
 2.00599531559415E+03	-3.07412851961089E-01
 2.00599805349418E+03	-1.40352687123827E-01
 2.00600079139421E+03	 9.45145144275421E-02
 2.00600352929424E+03	 3.50822940795897E-01
 2.00600626719428E+03	 5.44021687550340E-01
 2.00600900509431E+03	 5.89194487964811E-01
 2.00601174299434E+03	 4.57964797490035E-01
 2.00601448089437E+03	 2.01643324212659E-01
 2.00601721879440E+03	-8.35202210265416E-02
 2.00601995669443E+03	-3.15271448356208E-01
 2.00602269459446E+03	-4.55678400560550E-01
 2.00602543249449E+03	-4.99205446561112E-01
 2.00602817039452E+03	-4.49763293409028E-01
 2.00603090829455E+03	-3.17168452104317E-01
 2.00603364619458E+03	-1.28852453136897E-01
 2.00603638409461E+03	 6.83071167267171E-02
 2.00603912199464E+03	 2.27649299862990E-01
 2.00604185989468E+03	 3.27846773387603E-01
 2.00604459779471E+03	 3.77252177809380E-01
 2.00604733569474E+03	 3.90967735213472E-01
 2.00605007359477E+03	 3.64963808220579E-01
 2.00605281149480E+03	 2.77969332711120E-01
 2.00605554939483E+03	 1.21473036960603E-01
 2.00605828729486E+03	-7.56837530000004E-02
 2.00606102519489E+03	-2.56899607505685E-01
 2.00606376309492E+03	-3.71815307644037E-01
 2.00606650099495E+03	-3.99457294936311E-01
 2.00606923889498E+03	-3.41575275699901E-01
 2.00607197679501E+03	-2.03230168429995E-01
 2.00607471469504E+03	 8.86813185631791E-03
 2.00607745259508E+03	 2.63956707017363E-01
 2.00608019049511E+03	 4.90004906682540E-01
 2.00608292839514E+03	 5.95664730917352E-01
 2.00608566629517E+03	 5.26168963990856E-01
 2.00608840419520E+03	 3.04763397936912E-01
 2.00609114209523E+03	 1.82055659912720E-02
 2.00609387999526E+03	-2.39908423032330E-01
 2.00609661789529E+03	-4.14506856321045E-01
 2.00609935579532E+03	-4.90828460231431E-01
 2.00610209369535E+03	-4.71061153606767E-01
 2.00610483159538E+03	-3.62272455184892E-01
 2.00610756949541E+03	-1.85000129019886E-01
 2.00611030739544E+03	 1.86629868974862E-02
 2.00611304529547E+03	 1.97461355701272E-01
 2.00611578319551E+03	 3.17698794081958E-01
 2.00611852109554E+03	 3.78227233511431E-01
 2.00612125899557E+03	 3.96454086538524E-01
 2.00612399689560E+03	 3.79058001928696E-01
 2.00612673479563E+03	 3.10679095018315E-01
 2.00612947269566E+03	 1.75526163536372E-01
 2.00613221059569E+03	-1.17985375378443E-02
 2.00613494849572E+03	-2.02228783303888E-01
 2.00613768639575E+03	-3.40558703376698E-01
 2.00614042429578E+03	-3.95967195165272E-01
 2.00614316219581E+03	-3.65540830459835E-01
 2.00614590009584E+03	-2.55359385570905E-01
 2.00614863799587E+03	-6.94753487751551E-02
 2.00615137589591E+03	 1.74336564098119E-01
 2.00615411379594E+03	 4.19994450349049E-01
 2.00615685169597E+03	 5.78105126651828E-01
 2.00615958959600E+03	 5.73579227163184E-01
 2.00616232749603E+03	 3.99364862899677E-01
 2.00616506539606E+03	 1.24369215780737E-01
 2.00616780329609E+03	-1.53062967474696E-01
 2.00617054119612E+03	-3.60823981788329E-01
 2.00617327909615E+03	-4.71258660779168E-01
 2.00617601699618E+03	-4.82807788352275E-01
 2.00617875489621E+03	-4.00871419041726E-01
 2.00618149279624E+03	-2.40168224536862E-01
 2.00618423069627E+03	-3.61103709284351E-02
 2.00618696859631E+03	 1.59296574919452E-01
 2.00618970649634E+03	 3.01759110086406E-01
 2.00619244439637E+03	 3.77833927953500E-01
 2.00619518229640E+03	 4.02241946546080E-01
 2.00619792019643E+03	 3.90443863068263E-01
 2.00620065809646E+03	 3.36420692084159E-01
 2.00620339599649E+03	 2.22234736982255E-01
 2.00620613389652E+03	 4.95555672154723E-02
 2.00620887179655E+03	-1.43634083347575E-01
 2.00621160969658E+03	-3.01386062957106E-01
 2.00621434759661E+03	-3.83502245202917E-01
 2.00621708549664E+03	-3.79962471345203E-01
 2.00621982339667E+03	-2.96864123999727E-01
 2.00622256129670E+03	-1.38508671532016E-01
 2.00622529919674E+03	 8.64671357636872E-02
 2.00622803709677E+03	 3.38810308035471E-01
 2.00623077499680E+03	 5.38314902548023E-01
 2.00623351289683E+03	 5.97529255253047E-01
 2.00623625079686E+03	 4.80191284658294E-01
 2.00623898869689E+03	 2.30476915890916E-01
 2.00624172659692E+03	-5.66480709856922E-02
 2.00624446449695E+03	-2.94592522468562E-01
 2.00624720239698E+03	-4.39924038745272E-01
 2.00624994029701E+03	-4.84294967386547E-01
 2.00625267819704E+03	-4.31579021414446E-01
 2.00625541609707E+03	-2.92196084069633E-01
 2.00625815399710E+03	-9.41621196084419E-02
 2.00626089189714E+03	 1.13324577647881E-01
 2.00626362979717E+03	 2.78428772203226E-01
 2.00626636769720E+03	 3.74306249042579E-01
 2.00626910559723E+03	 4.08196519593487E-01
 2.00627184349726E+03	 4.00685484393481E-01
 2.00627458139729E+03	 3.56656105573236E-01
 2.00627731929732E+03	 2.61214871291865E-01
 2.00628005719735E+03	 1.06252487696675E-01
 2.00628279509738E+03	-8.33909843964398E-02
 2.00628553299741E+03	-2.55530108440834E-01
 2.00628827089744E+03	-3.62547335089640E-01
 2.00629100879747E+03	-3.85459752153530E-01
 2.00629374669750E+03	-3.28312189012958E-01
 2.00629648459754E+03	-1.97224524217017E-01
 2.00629922249757E+03	 4.04324741533443E-03
 2.00630196039760E+03	 2.51586220478984E-01
 2.00630469829763E+03	 4.79598223441077E-01
 2.00630743619766E+03	 5.97003231983779E-01
 2.00631017409769E+03	 5.42597185779174E-01
 2.00631291199772E+03	 3.31419816029308E-01
 2.00631564989775E+03	 4.64073214832289E-02
 2.00631838779778E+03	-2.16369585241066E-01
 2.00632112569781E+03	-3.96371450701228E-01
 2.00632386359784E+03	-4.74913974108964E-01
 2.00632660149787E+03	-4.53305100830028E-01
 2.00632933939790E+03	-3.39108702519992E-01
 2.00633207729794E+03	-1.53319392389905E-01
 2.00633481519797E+03	 6.04500713841108E-02
 2.00633755309800E+03	 2.46634517166498E-01
 2.00634029099803E+03	 3.65666844878692E-01
 2.00634302889806E+03	 4.13434040197716E-01
 2.00634576679809E+03	 4.10851139377786E-01
 2.00634850469812E+03	 3.73144167171788E-01
 2.00635124259815E+03	 2.92873783990421E-01
 2.00635398049818E+03	 1.56689271801947E-01
 2.00635671839821E+03	-2.38824103886785E-02
 2.00635945629824E+03	-2.04610714417801E-01
 2.00636219419827E+03	-3.33735744502976E-01
 2.00636493209830E+03	-3.82567085829914E-01
 2.00636766999833E+03	-3.50485151049084E-01
 2.00637040789837E+03	-2.45472183961243E-01
 2.00637314579840E+03	-7.02675112385032E-02
 2.00637588369843E+03	 1.63264325360946E-01
 2.00637862159846E+03	 4.06393876608323E-01
 2.00638135949849E+03	 5.72749838981811E-01
 2.00638409739852E+03	 5.83035198957770E-01
 2.00638683529855E+03	 4.21887823704695E-01
 2.00638957319858E+03	 1.52206135416009E-01
 2.00639231109861E+03	-1.27503261788754E-01
 2.00639504899864E+03	-3.40404802158037E-01
 2.00639778689867E+03	-4.54124057512529E-01
 2.00640052479870E+03	-4.65204696524898E-01
 2.00640326269873E+03	-3.79215268376465E-01
 2.00640600059877E+03	-2.11292397404473E-01
 2.00640873849880E+03	 2.22200184262686E-03
 2.00641147639883E+03	 2.05995584213643E-01
 2.00641421429886E+03	 3.50019014197728E-01
 2.00641695219889E+03	 4.16438762296449E-01
 2.00641969009892E+03	 4.21320715272331E-01
 2.00642242799895E+03	 3.87639736293417E-01
 2.00642516589898E+03	 3.18314307508586E-01
 2.00642790379901E+03	 1.99965445122402E-01
 2.00643064169904E+03	 3.26269570710987E-02
 2.00643337959907E+03	-1.50594130241485E-01
 2.00643611749910E+03	-2.97957735312259E-01
 2.00643885539913E+03	-3.71755970556699E-01
 2.00644159329917E+03	-3.64188100856354E-01
 2.00644433119920E+03	-2.83734553092602E-01
 2.00644706909923E+03	-1.34892438444932E-01
 2.00644980699926E+03	 7.81543848384168E-02
 2.00645254489929E+03	 3.23791688835376E-01
 2.00645528279932E+03	 5.27196897355916E-01
 2.00645802069935E+03	 5.99444855289771E-01
 2.00646075859938E+03	 4.96860801307696E-01
 2.00646349649941E+03	 2.56075168952521E-01
 2.00646623439944E+03	-3.02670798069005E-02
 2.00646897229947E+03	-2.72266482091369E-01
 2.00647171019950E+03	-4.21474147482034E-01
 2.00647444809953E+03	-4.66611158058548E-01
 2.00647718599956E+03	-4.11147693741594E-01
 2.00647992389960E+03	-2.65863058549538E-01
 2.00648266179963E+03	-5.93262271818403E-02
 2.00648539969966E+03	 1.56897958562437E-01
 2.00648813759969E+03	 3.25827885242948E-01
 2.00649087549972E+03	 4.15275757738143E-01
 2.00649361339975E+03	 4.31696865666162E-01
 2.00649635129978E+03	 4.01590189100029E-01
 2.00649908919981E+03	 3.39136476423207E-01
 2.00650182709984E+03	 2.35976713373555E-01
 2.00650456499987E+03	 8.42337196821133E-02
 2.00650730289990E+03	-9.56738673330451E-02
 2.00651004079993E+03	-2.56438477666204E-01
 2.00651277869996E+03	-3.53515228550428E-01
 2.00651551660000E+03	-3.70127245677065E-01
 2.00651825450003E+03	-3.12871180065865E-01
 2.00652099240006E+03	-1.89279191502851E-01
 2.00652373030009E+03	-3.90077076965541E-04
 2.00652646820012E+03	 2.37001380300199E-01
 2.00652920610015E+03	 4.64176514639490E-01
 2.00653194400018E+03	 5.91486039294730E-01
 2.00653468190021E+03	 5.52114842034435E-01
 2.00653741980024E+03	 3.52893785635455E-01
 2.00654015770027E+03	 7.21075155090676E-02
 2.00654289560030E+03	-1.92829584111231E-01
 2.00654563350033E+03	-3.76684879187987E-01
 2.00654837140036E+03	-4.56979972861158E-01
 2.00655110930040E+03	-4.33846106406393E-01
 2.00655384720043E+03	-3.15032596454681E-01
 2.00655658510046E+03	-1.21877115616837E-01
 2.00655932300049E+03	 1.00471438990128E-01
 2.00656206090052E+03	 2.92151855553049E-01
 2.00656479880055E+03	 4.07868027952159E-01
 2.00656753670058E+03	 4.40834177178622E-01
 2.00657027460061E+03	 4.15875187131492E-01
 2.00657301250064E+03	 3.57161570859143E-01
 2.00657575040067E+03	 2.65400954610351E-01
 2.00657848830070E+03	 1.29616314983023E-01
 2.00658122620073E+03	-4.20835903674667E-02
 2.00658396410076E+03	-2.10757678653829E-01
 2.00658670200079E+03	-3.28461747387154E-01
 2.00658943990083E+03	-3.68867777004966E-01
 2.00659217780086E+03	-3.33873398148080E-01
 2.00659491570089E+03	-2.33706930553912E-01
 2.00659765360092E+03	-7.01460504149112E-02
 2.00660039150095E+03	 1.50844307049135E-01
 2.00660312940098E+03	 3.88497558216878E-01
 2.00660586730101E+03	 5.60580883569280E-01
 2.00660860520104E+03	 5.84674548809056E-01
 2.00661134310107E+03	 4.37528377490534E-01
 2.00661408100110E+03	 1.75527439590023E-01
 2.00661681890113E+03	-1.03760670398794E-01
 2.00661955680116E+03	-3.19783643483759E-01
 2.00662229470119E+03	-4.35866954421593E-01
 2.00662503260123E+03	-4.46508362123953E-01
 2.00662777050126E+03	-3.57113165551536E-01
 2.00663050840129E+03	-1.83038175013217E-01
 2.00663324630132E+03	 3.84793493274801E-02
 2.00663598420135E+03	 2.48794163635879E-01
 2.00663872210138E+03	 3.92297417379342E-01
 2.00664146000141E+03	 4.46982735146850E-01
 2.00664419790144E+03	 4.30630046307786E-01
 2.00664693580147E+03	 3.74117611254429E-01
 2.00664967370150E+03	 2.89570957437192E-01
 2.00665241160153E+03	 1.68193616386622E-01
 2.00665514950156E+03	 8.13305403639992E-03
 2.00665788740159E+03	-1.62794397911641E-01
 2.00666062530163E+03	-2.97448215825907E-01
 2.00666336320166E+03	-3.60867799575434E-01
 2.00666610110169E+03	-3.47670700261256E-01
 2.00666883900172E+03	-2.69025595156109E-01
 2.00667157690175E+03	-1.30036663172004E-01
 2.00667431480178E+03	 6.93326072610875E-02
 2.00667705270181E+03	 3.05423612696322E-01
 2.00667979060184E+03	 5.09754748099195E-01
 2.00668252850187E+03	 5.93146283764788E-01
 2.00668526640190E+03	 5.05321698740187E-01
 2.00668800430193E+03	 2.75270668566513E-01
 2.00669074220196E+03	-7.61213532585914E-03
 2.00669348010199E+03	-2.51271422260184E-01
 2.00669621800203E+03	-4.02956367410475E-01
 2.00669895590206E+03	-4.48526966252746E-01
 2.00670169380209E+03	-3.90760317661153E-01
 2.00670443170212E+03	-2.40529818511428E-01
 2.00670716960215E+03	-2.68572313494147E-02
 2.00670990750218E+03	 1.96357496600417E-01
 2.00671264540221E+03	 3.67086254817428E-01
 2.00671538330224E+03	 4.48025184018939E-01
 2.00671812120227E+03	 4.45180797528413E-01
 2.00672085910230E+03	 3.91332936124847E-01
 2.00672359700233E+03	 3.10246669634299E-01
 2.00672633490236E+03	 2.00189569642342E-01
 2.00672907280239E+03	 5.33599599272669E-02
 2.00673181070242E+03	-1.14595257099719E-01
 2.00673454860246E+03	-2.61634902990488E-01
 2.00673728650249E+03	-3.46569112542528E-01
 2.00674002440252E+03	-3.55014393334156E-01
 2.00674276230255E+03	-2.96372704475157E-01
 2.00674550020258E+03	-1.80002796158430E-01
 2.00674823810261E+03	-4.61515514724891E-03
 2.00675097600264E+03	 2.20126924092913E-01
 2.00675371390267E+03	 4.43295674031375E-01
 2.00675645180270E+03	 5.77881915430567E-01
 2.00675918970273E+03	 5.52573276973920E-01
 2.00676192760276E+03	 3.66340779251873E-01
 2.00676466550279E+03	 9.21897449895225E-02
 2.00676740340282E+03	-1.72289280901865E-01
 2.00677014130286E+03	-3.58142833317490E-01
 2.00677287920289E+03	-4.39438270741973E-01
 2.00677561710292E+03	-4.14954507129950E-01
 2.00677835500295E+03	-2.92328703275388E-01
 2.00678109290298E+03	-9.30709637438523E-02
 2.00678383080301E+03	 1.36199566248099E-01
 2.00678656870304E+03	 3.31420787097103E-01
 2.00678930660307E+03	 4.41772513576354E-01
 2.00679204450310E+03	 4.58102187457169E-01
 2.00679478240313E+03	 4.09484721571135E-01
 2.00679752030316E+03	 3.29316728303300E-01
 2.00680025820319E+03	 2.26585378831205E-01
 2.00680299610322E+03	 9.26128672796807E-02
 2.00680573400326E+03	-6.81799807917898E-02
 2.00680847190329E+03	-2.22499527015500E-01
 2.00681120980332E+03	-3.26514854596993E-01
 2.00681394770335E+03	-3.56447935255232E-01
 2.00681668560338E+03	-3.16915620590825E-01
 2.00681942350341E+03	-2.20765407483685E-01
 2.00682216140344E+03	-6.92949611717528E-02
 2.00682489930347E+03	 1.37190340439116E-01
 2.00682763720350E+03	 3.66277712504128E-01
 2.00683037510353E+03	 5.40945582827473E-01
 2.00683311300356E+03	 5.76943853357058E-01
 2.00683585090359E+03	 4.43907105764613E-01
 2.00683858880362E+03	 1.91480943583866E-01
 2.00684132670365E+03	-8.47468549191687E-02
 2.00684406460369E+03	-3.01657581112908E-01
 2.00684680250372E+03	-4.18905116205785E-01
 2.00684954040375E+03	-4.28949098383253E-01
 2.00685227830378E+03	-3.36753247639224E-01
 2.00685501620381E+03	-1.57663048975047E-01
 2.00685775410383E+03	 7.03021389941397E-02
 2.00686049200387E+03	 2.85287447771337E-01
 2.00686322990390E+03	 4.26275558466880E-01
 2.00686596780393E+03	 4.67391170008193E-01
 2.00686870570396E+03	 4.28441933395507E-01
 2.00687144360399E+03	 3.48471790862415E-01
 2.00687418150402E+03	 2.48958237576106E-01
 2.00687691940405E+03	 1.25672065148976E-01
 2.00687965730409E+03	-2.53121121578569E-02
 2.00688239520412E+03	-1.81771432720559E-01
 2.00688513310415E+03	-3.01459239608367E-01
 2.00688787100418E+03	-3.52356110205155E-01
 2.00689060890421E+03	-3.31658056328211E-01
 2.00689334680424E+03	-2.53526721105999E-01
 2.00689608470427E+03	-1.24173299678732E-01
 2.00689882260430E+03	 6.02198705411806E-02
 2.00690156050433E+03	 2.84012634771770E-01
 2.00690429840436E+03	 4.85883867088753E-01
 2.00690703630439E+03	 5.77724167145927E-01
 2.00690977420442E+03	 5.03777055772598E-01
 2.00691251210445E+03	 2.85620820219162E-01
 2.00691525000449E+03	 8.62358692358810E-03
 2.00691798790452E+03	-2.34217227690196E-01
 2.00692072580455E+03	-3.86745891122514E-01
 2.00692346370458E+03	-4.32207774788020E-01
 2.00692620160461E+03	-3.72489650603310E-01
 2.00692893950464E+03	-2.18291625187232E-01
 2.00693167740467E+03	 1.07778838552901E-03
 2.00693441530470E+03	 2.29507025861167E-01
 2.00693715320473E+03	 4.00107797302873E-01
 2.00693989110476E+03	 4.70730948579113E-01
 2.00694262900479E+03	 4.47228358692900E-01
 2.00694536690482E+03	 3.68898387976078E-01
 2.00694810480485E+03	 2.69224173679920E-01
 2.00695084270488E+03	 1.53114260271978E-01
 2.00695358060492E+03	 1.27277294981298E-02
 2.00695631850495E+03	-1.41291549984304E-01
 2.00695905640498E+03	-2.72436577393081E-01
 2.00696179430501E+03	-3.43070311998937E-01
 2.00696453220504E+03	-3.41334637233720E-01
 2.00696727010507E+03	-2.79663417358546E-01
 2.00697000800510E+03	-1.69700735744265E-01
 2.00697274590513E+03	-8.38807541298104E-03
 2.00697548380516E+03	 2.01503709659756E-01
 2.00697822170519E+03	 4.17328077387300E-01
 2.00698095960522E+03	 5.55925568892205E-01
 2.00698369750525E+03	 5.42837519033548E-01
 2.00698643540528E+03	 3.69858093141028E-01
 2.00698917330532E+03	 1.04315617639696E-01
 2.00699191120535E+03	-1.57164253694183E-01
 2.00699464910538E+03	-3.43011705190665E-01
 2.00699738700541E+03	-4.24354942623205E-01
 2.00700012490544E+03	-3.98567833251801E-01
 2.00700286280547E+03	-2.72911396458582E-01
 2.00700560070550E+03	-6.88541280519914E-02
 2.00700833860553E+03	 1.65667472125071E-01
 2.00701107650556E+03	 3.62580539844224E-01
 2.00701381440559E+03	 4.65807186114446E-01
 2.00701655230562E+03	 4.64113271468250E-01
 2.00701929020565E+03	 3.91040464643028E-01
 2.00702202810568E+03	 2.89319089074313E-01
 2.00702476600572E+03	 1.76229199796734E-01
 2.00702750390575E+03	 4.53254740070111E-02
 2.00703024180578E+03	-1.02815198162330E-01
 2.00703297970581E+03	-2.40765090144790E-01
 2.00703571760584E+03	-3.28997168674485E-01
 2.00703845550587E+03	-3.46399311443107E-01
 2.00704119340590E+03	-3.00461121003869E-01
 2.00704393130593E+03	-2.07025109099462E-01
 2.00704666920596E+03	-6.75052535962059E-02
 2.00704940710599E+03	 1.22973114485762E-01
 2.00705214500602E+03	 3.40481558721390E-01
 2.00705488290605E+03	 5.14174416304867E-01
 2.00705762080608E+03	 5.59402352594308E-01
 2.00706035870612E+03	 4.39762071026592E-01
 2.00706309660615E+03	 1.98213364908482E-01
 2.00706583450618E+03	-7.25645834845545E-02
 2.00706857240621E+03	-2.88101079477455E-01
 2.00707131030624E+03	-4.05158571301184E-01
 2.00707404820627E+03	-4.14305376957462E-01
 2.00707678610630E+03	-3.19852648649326E-01
 2.00707952400633E+03	-1.36888916633805E-01
 2.00708226190636E+03	 9.59708256459069E-02
 2.00708499980639E+03	 3.13862911565024E-01
 2.00708773770642E+03	 4.50630730979231E-01
 2.00709047560645E+03	 4.76817901757548E-01
 2.00709321350648E+03	 4.14466566369983E-01
 2.00709595140651E+03	 3.10863653442213E-01
 2.00709868930655E+03	 1.96824801215255E-01
 2.00710142720658E+03	 7.26374066316272E-02
 2.00710416510661E+03	-6.77879545436528E-02
 2.00710690300664E+03	-2.07974213235033E-01
 2.00710964090667E+03	-3.10734175177074E-01
 2.00711237880670E+03	-3.47095501423227E-01
 2.00711511670673E+03	-3.16927883175419E-01
 2.00711785460676E+03	-2.37658106681967E-01
 2.00712059250679E+03	-1.17162934985671E-01
 2.00712333040682E+03	 5.15216273128569E-02
 2.00712606830685E+03	 2.60561112347068E-01
 2.00712880620688E+03	 4.56420173402781E-01
 2.00713154410691E+03	 5.53413087947797E-01
 2.00713428200695E+03	 4.91665240705777E-01
 2.00713701990698E+03	 2.85867842347376E-01
 2.00713975780701E+03	 1.67697009030604E-02
 2.00714249570704E+03	-2.22890544960795E-01
 2.00714523360707E+03	-3.74556656638938E-01
 2.00714797150710E+03	-4.19242283415171E-01
 2.00715070940713E+03	-3.57839559163953E-01
 2.00715344730716E+03	-2.00625774804354E-01
 2.00715618520719E+03	 2.30212427554641E-02
 2.00715892310722E+03	 2.54994172162711E-01
 2.00716166100725E+03	 4.23821175153297E-01
 2.00716439890728E+03	 4.82808371026492E-01
 2.00716713680731E+03	 4.37865168915912E-01
 2.00716987470735E+03	 3.34862240955711E-01
 2.00717261260738E+03	 2.16943049626857E-01
 2.00717535050741E+03	 9.55881212867624E-02
 2.00717808840744E+03	-3.71330593257382E-02
 2.00718082630747E+03	-1.75659783788228E-01
 2.00718356420750E+03	-2.89139407766122E-01
 2.00718630210753E+03	-3.43581142980492E-01
 2.00718904000756E+03	-3.29707287256065E-01
 2.00719177790759E+03	-2.63151466622301E-01
 2.00719451580762E+03	-1.58307152547296E-01
 2.00719725370765E+03	-1.10422099577135E-02
 2.00719999160768E+03	 1.82267202503884E-01
 2.00720272950771E+03	 3.87494129301173E-01
 2.00720546740774E+03	 5.26459012810229E-01
 2.00720820530778E+03	 5.23056786498346E-01
 2.00721094320781E+03	 3.62860902099002E-01
 2.00721368110784E+03	 1.07355489446962E-01
 2.00721641900787E+03	-1.48851989130699E-01
 2.00721915690790E+03	-3.32727625308854E-01
 2.00722189480793E+03	-4.13089449482443E-01
 2.00722463270796E+03	-3.85958621467851E-01
 2.00722737060799E+03	-2.58003301031937E-01
 2.00723010850802E+03	-5.04123252645919E-02
 2.00723284640805E+03	 1.87792264634513E-01
 2.00723558430808E+03	 3.84812601563295E-01
 2.00723832220811E+03	 4.79632963429002E-01
 2.00724106010814E+03	 4.59171422685099E-01
 2.00724379800818E+03	 3.61482647333601E-01
 2.00724653590821E+03	 2.38524666129326E-01
 2.00724927380824E+03	 1.15752441189517E-01
 2.00725201170827E+03	-1.10905239340350E-02
 2.00725474960830E+03	-1.45286986619139E-01
 2.00725748750833E+03	-2.65332091545473E-01
 2.00726022540836E+03	-3.36072578451630E-01
 2.00726296330839E+03	-3.39092365479516E-01
 2.00726570120842E+03	-2.84832416328412E-01
 2.00726843910845E+03	-1.92467027509304E-01
 2.00727117700848E+03	-6.41926542046949E-02
 2.00727391490851E+03	 1.09351786099549E-01
 2.00727665280854E+03	 3.12577312910618E-01
 2.00727939070858E+03	 4.81607822841094E-01
 2.00728212860861E+03	 5.32869507815640E-01
 2.00728486650864E+03	 4.25215812123674E-01
 2.00728760440867E+03	 1.95220367017491E-01
 2.00729034230870E+03	-6.81251558957266E-02
 2.00729308020873E+03	-2.80193504063805E-01
 2.00729581810876E+03	-3.95709175912829E-01
 2.00729855600879E+03	-4.03596214950780E-01
 2.00730129390882E+03	-3.07370944881643E-01
 2.00730403180885E+03	-1.21624425392775E-01
 2.00730676970888E+03	 1.14677405946917E-01
 2.00730950760891E+03	 3.33955655451468E-01
 2.00731224550894E+03	 4.65255538721345E-01
 2.00731498340897E+03	 4.75808714423827E-01
 2.00731772130901E+03	 3.89952266767103E-01
 2.00732045920904E+03	 2.63070717792477E-01
 2.00732319710907E+03	 1.35129688724669E-01
 2.00732593500910E+03	 1.08573381987152E-02
 2.00732867290913E+03	-1.17973359364997E-01
 2.00733141080916E+03	-2.40615036077495E-01
 2.00733414870919E+03	-3.24969092903873E-01
 2.00733688660922E+03	-3.45123057121246E-01
 2.00733962450925E+03	-3.03633657594409E-01
 2.00734236240928E+03	-2.21394706760813E-01
 2.00734510030931E+03	-1.08513225318103E-01
 2.00734783820934E+03	 4.43364115250669E-02
 2.00735057610937E+03	 2.36648983056341E-01
 2.00735331400941E+03	 4.23065201968516E-01
 2.00735605190944E+03	 5.21614799656320E-01
 2.00735878980947E+03	 4.69801861290141E-01
 2.00736152770950E+03	 2.76182366687440E-01
 2.00736426560953E+03	 1.64827868181398E-02
 2.00736700350956E+03	-2.17934723599939E-01
 2.00736974140959E+03	-3.67137667522654E-01
 2.00737247930962E+03	-4.10368497802830E-01
 2.00737521720965E+03	-3.47498078512492E-01
 2.00737795510968E+03	-1.88162704297910E-01
 2.00738069300971E+03	 3.84406645850981E-02
 2.00738343090974E+03	 2.72506342907828E-01
 2.00738616880977E+03	 4.38338421444105E-01
 2.00738890670981E+03	 4.85011174727587E-01
 2.00739164460984E+03	 4.18589471889533E-01
 2.00739438250987E+03	 2.91352098487038E-01
 2.00739712040990E+03	 1.55836890789261E-01
 2.00739985830993E+03	 2.99511929199786E-02
 2.00740259620996E+03	-9.42912366552172E-02
 2.00740533410999E+03	-2.16326220936841E-01
 2.00740807201002E+03	-3.10924929498993E-01
 2.00741080991005E+03	-3.47735553050667E-01
 2.00741354781008E+03	-3.20034003488593E-01
 2.00741628571011E+03	-2.46734968988236E-01
 2.00741902361014E+03	-1.45398504103124E-01
 2.00742176151017E+03	-1.15905547017359E-02
 2.00742449941021E+03	 1.63988959622812E-01
 2.00742723731024E+03	 3.55706637349179E-01
 2.00742997521027E+03	 4.91340361531149E-01
 2.00743271311030E+03	 4.94676554214233E-01
 2.00743545101033E+03	 3.46201622884015E-01
 2.00743818891036E+03	 1.01589435875669E-01
 2.00744092681039E+03	-1.47488989100645E-01
 2.00744366471042E+03	-3.27648860869232E-01
 2.00744640261045E+03	-4.06066251022389E-01
 2.00744914051048E+03	-3.77533200713973E-01
 2.00745187841051E+03	-2.47958327907730E-01
 2.00745461631054E+03	-3.80067772938374E-02
 2.00745735421057E+03	 2.02508968042760E-01
 2.00746009211060E+03	 3.98436800306045E-01
 2.00746283001064E+03	 4.84181366733978E-01
 2.00746556791067E+03	 4.44968773785995E-01
 2.00746830581070E+03	 3.23212454330750E-01
 2.00747104371073E+03	 1.79762258043550E-01
 2.00747378161076E+03	 4.80046998677810E-02
 2.00747651951079E+03	-7.41292759707148E-02
 2.00747925741082E+03	-1.93642219510435E-01
 2.00748199531085E+03	-2.94846901103299E-01
 2.00748473321088E+03	-3.46923868319825E-01
 2.00748747111091E+03	-3.34105063190628E-01
 2.00749020901094E+03	-2.69772793840457E-01
 2.00749294691097E+03	-1.76686652977699E-01
 2.00749568481100E+03	-5.84961425375890E-02
 2.00749842271104E+03	 9.77977691366330E-02
 2.00750116061107E+03	 2.84543415699170E-01
 2.00750389851110E+03	 4.45410052748140E-01
 2.00750663641113E+03	 4.99313974133975E-01
 2.00750937431116E+03	 4.01763022101706E-01
 2.00751211221119E+03	 1.83426145636485E-01
 2.00751485011122E+03	-7.10051626839472E-02
 2.00751758801125E+03	-2.77847992269358E-01
 2.00752032591128E+03	-3.90632242555741E-01
 2.00752306381131E+03	-3.96933586261704E-01
 2.00752580171134E+03	-2.99388571788955E-01
 2.00752853961137E+03	-1.11868254324583E-01
 2.00753127751140E+03	 1.26595599688922E-01
 2.00753401541144E+03	 3.46080943023602E-01
 2.00753675331147E+03	 4.71232738427696E-01
 2.00753949121150E+03	 4.66198254946877E-01
 2.00754222911153E+03	 3.57497358686988E-01
 2.00754496701156E+03	 2.08228966590415E-01
 2.00754770491159E+03	 6.71519509771629E-02
 2.00755044281162E+03	-5.66458287612290E-02
 2.00755318071165E+03	-1.73367922393745E-01
 2.00755591861168E+03	-2.77811190701202E-01
 2.00755865651171E+03	-3.42873546406375E-01
 2.00756139441174E+03	-3.45640697346747E-01
 2.00756413231177E+03	-2.91290168864474E-01
 2.00756687021180E+03	-2.04284438335410E-01
 2.00756960811183E+03	-9.74695969530425E-02
 2.00757234601187E+03	 3.99797269378732E-02
 2.00757508391190E+03	 2.14194073895074E-01
 2.00757782181193E+03	 3.88130970423489E-01
 2.00758055971196E+03	 4.84681402194681E-01
 2.00758329761199E+03	 4.40239720132778E-01
 2.00758603551202E+03	 2.58112694907910E-01
 2.00758877341205E+03	 8.77280888608846E-03
 2.00759151131208E+03	-2.18774155756059E-01
 2.00759424921211E+03	-3.64180081538248E-01
 2.00759698711214E+03	-4.05389216148224E-01
 2.00759972501217E+03	-3.41275302946628E-01
 2.00760246291220E+03	-1.80650627405180E-01
 2.00760520081223E+03	 4.77350905843173E-02
 2.00760793871227E+03	 2.82739886404911E-01
 2.00761067661230E+03	 4.44869643299384E-01
 2.00761341451233E+03	 4.79270983091540E-01
 2.00761615241236E+03	 3.92124300432142E-01
 2.00761889031239E+03	 2.41720243535328E-01
 2.00762162821242E+03	 8.95227786873460E-02
 2.00762436611245E+03	-4.03337783270394E-02
 2.00762710401248E+03	-1.55752957386809E-01
 2.00762984191251E+03	-2.60909859752412E-01
 2.00763257981254E+03	-3.36034419491194E-01
 2.00763531771257E+03	-3.54332402678637E-01
 2.00763805561260E+03	-3.11542283498046E-01
 2.00764079351263E+03	-2.29842737496183E-01
 2.00764353141267E+03	-1.30280499806813E-01
 2.00764626931270E+03	-8.89123804861818E-03
 2.00764900721273E+03	 1.48431016500726E-01
 2.00765174511276E+03	 3.24275256038735E-01
 2.00765448301279E+03	 4.53146464560255E-01
 2.00765722091282E+03	 4.60185652423660E-01
 2.00765995881285E+03	 3.21990596855869E-01
 2.00766269671288E+03	 8.86075670653055E-02
 2.00766543461291E+03	-1.51985515412364E-01
 2.00766817251294E+03	-3.27052987780983E-01
 2.00767091041297E+03	-4.02763585174998E-01
 2.00767364831300E+03	-3.72833819968977E-01
 2.00767638621303E+03	-2.42288392815918E-01
 2.00767912411306E+03	-3.10305408633618E-02
 2.00768186201310E+03	 2.10677814417056E-01
 2.00768459991313E+03	 4.04768127709034E-01
 2.00768733781316E+03	 4.81441337201964E-01
 2.00769007571319E+03	 4.24287225201297E-01
 2.00769281361322E+03	 2.79709609912141E-01
 2.00769555151325E+03	 1.16890083447917E-01
 2.00769828941328E+03	-2.31990491757026E-02
 2.00770102731331E+03	-1.40374049957622E-01
 2.00770376521334E+03	-2.45052962965498E-01
 2.00770650311337E+03	-3.27112467406007E-01
 2.00770924101340E+03	-3.59947453639741E-01
 2.00771197891343E+03	-3.30341728751269E-01
 2.00771471681346E+03	-2.54527610919070E-01
 2.00771745471350E+03	-1.58988099737558E-01
 2.00772019261353E+03	-4.94307283474085E-02
 2.00772293051356E+03	 8.98598660786741E-02
 2.00772566841359E+03	 2.58559667910899E-01
 2.00772840631362E+03	 4.08220904032719E-01
 2.00773114421365E+03	 4.61511662933684E-01
 2.00773388211368E+03	 3.71975194803560E-01
 2.00773662001371E+03	 1.64957998883559E-01
 2.00773935791374E+03	-7.96000849443200E-02
 2.00774209581377E+03	-2.79910363443428E-01
 2.00774483371380E+03	-3.89068325990653E-01
 2.00774757161383E+03	-3.93593867276955E-01
 2.00775030951386E+03	-2.95196206011464E-01
 2.00775304741390E+03	-1.06826062981075E-01
 2.00775578531393E+03	 1.32729203483254E-01
 2.00775852321396E+03	 3.51636394291937E-01
 2.00776126111399E+03	 4.70574075994579E-01
 2.00776399901402E+03	 4.50769303366097E-01
 2.00776673691405E+03	 3.20625821059486E-01
 2.00776947481408E+03	 1.50340534999126E-01
 2.00777221271411E+03	-3.03607749827105E-03
 2.00777495061414E+03	-1.26114244250097E-01
 2.00777768851417E+03	-2.30763235202341E-01
 2.00778042641420E+03	-3.16977663604097E-01
 2.00778316431423E+03	-3.62468388303892E-01
 2.00778590221426E+03	-3.47221017906000E-01
 2.00778864011430E+03	-2.78912549130849E-01
 2.00779137801433E+03	-1.85564812961320E-01
 2.00779411591436E+03	-8.31610609357718E-02
 2.00779685381439E+03	 3.97683901560870E-02
 2.00779959171442E+03	 1.95152014137201E-01
 2.00780232961445E+03	 3.54170801957828E-01
 2.00780506751448E+03	 4.45514007931483E-01
 2.00780780541451E+03	 4.05879368995675E-01
 2.00781054331454E+03	 2.34244130740970E-01
 2.00781328121457E+03	-4.26951897354386E-03
 2.00781601911460E+03	-2.23821511153620E-01
 2.00781875701463E+03	-3.64479623877954E-01
 2.00782149491466E+03	-4.03317456240613E-01
 2.00782423281469E+03	-3.38255818131904E-01
 2.00782697071473E+03	-1.77130204042282E-01
 2.00782970861476E+03	 5.20287981862137E-02
 2.00783244651479E+03	 2.87152174774155E-01
 2.00783518441482E+03	 4.45418932944031E-01
 2.00783792231485E+03	 4.68321521785919E-01
 2.00784066021488E+03	 3.61962731488742E-01
 2.00784339811491E+03	 1.90019269523466E-01
 2.00784613601494E+03	 2.22337396014056E-02
 2.00784887391497E+03	-1.11255555121100E-01
 2.00785161181500E+03	-2.18005002066121E-01
 2.00785434971503E+03	-3.06502283510063E-01
 2.00785708761506E+03	-3.62161755249633E-01
 2.00785982551509E+03	-3.61631628987014E-01
 2.00786256341513E+03	-3.02994992882484E-01
 2.00786530131516E+03	-2.11589732425303E-01
 2.00786803921519E+03	-1.12138689359265E-01
 2.00787077711522E+03	-1.84402318660411E-03
 2.00787351501525E+03	 1.37269097620962E-01
 2.00787625291528E+03	 2.95542875272521E-01
 2.00787899081531E+03	 4.14743808938272E-01
 2.00788172871534E+03	 4.22661498958860E-01
 2.00788446661537E+03	 2.93160045591079E-01
 2.00788720451540E+03	 7.09272897079767E-02
 2.00788994241543E+03	-1.60340982995231E-01
 2.00789268031546E+03	-3.29393803133309E-01
 2.00789541821549E+03	-4.01936092292430E-01
 2.00789815611553E+03	-3.70754025688446E-01
 2.00790089401556E+03	-2.39892240605119E-01
 2.00790363191559E+03	-2.82638448972776E-02
 2.00790636981562E+03	 2.13792145664838E-01
 2.00790910771565E+03	 4.05775565650478E-01
 2.00791184561568E+03	 4.74055174995206E-01
 2.00791458351571E+03	 4.00523034748473E-01
 2.00791732141574E+03	 2.34990389470315E-01
 2.00792005931577E+03	 5.42072611192035E-02
 2.00792279721580E+03	-9.36834436219941E-02
 2.00792553511583E+03	-2.06086243763890E-01
 2.00792827301586E+03	-2.96359368174588E-01
 2.00793101091589E+03	-3.59559157868329E-01
 2.00793374881592E+03	-3.73133677196214E-01
 2.00793648671596E+03	-3.26318559169561E-01
 2.00793922461599E+03	-2.38052241890493E-01
 2.00794196251602E+03	-1.38554138172794E-01
 2.00794470041605E+03	-3.60721615449996E-02
 2.00794743831608E+03	 8.69165865531371E-02
 2.00795017621611E+03	 2.36669077274261E-01
 2.00795291411614E+03	 3.72728553822294E-01
 2.00795565201617E+03	 4.22557775382714E-01
 2.00795838991620E+03	 3.38996385604456E-01
 2.00796112781623E+03	 1.42671189372725E-01
 2.00796386571626E+03	-9.15399587374345E-02
 2.00796660361629E+03	-2.84509213266183E-01
 2.00796934151632E+03	-3.89523649905129E-01
 2.00797207941636E+03	-3.92295038257892E-01
 2.00797481731639E+03	-2.93573535051301E-01
 2.00797755521642E+03	-1.05208333043827E-01
 2.00798029311645E+03	 1.34583139337809E-01
 2.00798303101648E+03	 3.52530709037469E-01
 2.00798576891651E+03	 4.65794831052319E-01
 2.00798850681654E+03	 4.32764978610555E-01
 2.00799124471657E+03	 2.83239370299782E-01
 2.00799398261660E+03	 9.36808800658872E-02
 2.00799672051663E+03	-7.11824318288136E-02
 2.00799945841666E+03	-1.93662817947259E-01
 2.00800219631669E+03	-2.86821159325911E-01
 2.00800493421672E+03	-3.55351813589840E-01
 2.00800767211676E+03	-3.81534687520812E-01
 2.00801041001679E+03	-3.48165216756868E-01
 2.00801314791682E+03	-2.65284509127079E-01
 2.00801588581685E+03	-1.64366444850054E-01
 2.00801862371688E+03	-6.47852814663761E-02
 2.00802136161691E+03	 4.47995191887100E-02
 2.00802409951694E+03	 1.81215012970750E-01
 2.00802683741697E+03	 3.23578426361306E-01
 2.00802957531700E+03	 4.07073248081592E-01
 2.00803231321703E+03	 3.69928196656808E-01
 2.00803505111706E+03	 2.07656454194922E-01
 2.00803778901709E+03	-1.99730281360400E-02
 2.00804052691712E+03	-2.30913560247425E-01
 2.00804326481715E+03	-3.66311722235629E-01
 2.00804600271719E+03	-4.02712669849614E-01
 2.00804874061722E+03	-3.37122450761965E-01
 2.00805147851725E+03	-1.76267507401149E-01
 2.00805421641728E+03	 5.28140487873139E-02
 2.00805695431731E+03	 2.87568497643024E-01
 2.00805969221734E+03	 4.42344995238036E-01
 2.00806243011737E+03	 4.55205913405227E-01
 2.00806516801740E+03	 3.31823254112992E-01
 2.00806790591743E+03	 1.40417875262007E-01
 2.00807064381746E+03	-4.17853762405132E-02
 2.00807338171749E+03	-1.78858152921615E-01
 2.00807611961752E+03	-2.77600458119066E-01
 2.00807885751755E+03	-3.50217869680379E-01
 2.00808159541759E+03	-3.86947759058652E-01
 2.00808433331762E+03	-3.67771630901701E-01
 2.00808707121765E+03	-2.93018495769778E-01
 2.00808980911768E+03	-1.91023951277817E-01
 2.00809254701771E+03	-9.02374816499514E-02
 2.00809528491774E+03	 1.04065279812322E-02
 2.00809802281777E+03	 1.31831032275202E-01
 2.00810076071780E+03	 2.71527562956325E-01
 2.00810349861783E+03	 3.78825148344116E-01
 2.00810623651786E+03	 3.85224854746999E-01
 2.00810897441789E+03	 2.62884031391725E-01
 2.00811171231792E+03	 5.14308010299439E-02
 2.00811445021795E+03	-1.70151677592414E-01
 2.00811718811799E+03	-3.32743579489552E-01
 2.00811992601802E+03	-4.02004853815033E-01
 2.00812266391805E+03	-3.69901444166779E-01
 2.00812540181808E+03	-2.39415556341364E-01
 2.00812813971811E+03	-2.82501870250185E-02
 2.00813087761814E+03	 2.13573002645612E-01
 2.00813361551817E+03	 4.03637273441972E-01
 2.00813635341820E+03	 4.64828319346858E-01
 2.00813909131823E+03	 3.77152918969279E-01
 2.00814182921826E+03	 1.93041431637416E-01
 2.00814456711829E+03	-4.12731816404084E-03
 2.00814730501832E+03	-1.59492708696978E-01
 2.00815004291835E+03	-2.67773268623603E-01
 2.00815278081839E+03	-3.44616406129057E-01
 2.00815551871842E+03	-3.89756462013081E-01
 2.00815825661845E+03	-3.84522509094019E-01
 2.00816099451848E+03	-3.20542140336343E-01
 2.00816373241851E+03	-2.19305356664807E-01
 2.00816647031854E+03	-1.14670649903465E-01
 2.00816920821857E+03	-1.77545190793924E-02
 2.00817194611860E+03	 8.99493191576379E-02
 2.00817468401863E+03	 2.20470404021926E-01
 2.00817742191866E+03	 3.41253139443569E-01
 2.00818015981869E+03	 3.85346872621280E-01
 2.00818289771872E+03	 3.05957312772101E-01
 2.00818563561875E+03	 1.19551546098768E-01
 2.00818837351878E+03	-1.04249340402743E-01
 2.00819111141882E+03	-2.89552886978454E-01
 2.00819384931885E+03	-3.90305850267601E-01
 2.00819658721888E+03	-3.91591274849446E-01
 2.00819932511891E+03	-2.93168062958056E-01
 2.00820206301894E+03	-1.05615310280060E-01
 2.00820480091897E+03	 1.33756223570002E-01
 2.00820753881900E+03	 3.50743010428993E-01
 2.00821027671903E+03	 4.59434037550074E-01
 2.00821301461906E+03	 4.15372180624595E-01
 2.00821575251909E+03	 2.49075900372343E-01
 2.00821849041912E+03	 4.22494295368084E-02
 2.00822122831915E+03	-1.33398256973688E-01
 2.00822396621918E+03	-2.55809316737168E-01
 2.00822670411922E+03	-3.38590788945443E-01
 2.00822944201925E+03	-3.90493020214104E-01
 2.00823217991928E+03	-3.98080936338470E-01
 2.00823491781931E+03	-3.46913984914782E-01
 2.00823765571934E+03	-2.49292553195746E-01
 2.00824039361937E+03	-1.39969177673812E-01
 2.00824313151940E+03	-4.18128548011677E-02
 2.00824586941943E+03	 5.57483580054013E-02
 2.00824860731946E+03	 1.73554384741819E-01
 2.00825134521949E+03	 2.98230886208516E-01
 2.00825408311952E+03	 3.71908611706839E-01
 2.00825682101955E+03	 3.35338829812500E-01
 2.00825955891958E+03	 1.81321285829299E-01
 2.00826229681962E+03	-3.56742124994563E-02
 2.00826503471965E+03	-2.37845942912783E-01
 2.00826777261968E+03	-3.67901635297600E-01
 2.00827051051971E+03	-4.02098385118114E-01
 2.00827324841974E+03	-3.36544926661968E-01
 2.00827598631977E+03	-1.76737723984036E-01
 2.00827872421980E+03	 5.15530002719919E-02
 2.00828146211983E+03	 2.85756118706308E-01
 2.00828420001986E+03	 4.37900689883734E-01
 2.00828693791989E+03	 4.42784126977151E-01
 2.00828967581992E+03	 3.05137794729970E-01
 2.00829241371995E+03	 9.66882163046231E-02
 2.00829515161998E+03	-9.87757866959546E-02
 2.00829788952001E+03	-2.39719857931105E-01
 2.00830062742005E+03	-3.31625188507142E-01
 2.00830336532008E+03	-3.89654306940457E-01
 2.00830610322011E+03	-4.08429897912937E-01
 2.00830884112014E+03	-3.71188101548844E-01
 2.00831157902017E+03	-2.80463853056709E-01
 2.00831431692020E+03	-1.67413080627625E-01
 2.00831705482023E+03	-6.41400562283884E-02
 2.00831979272026E+03	 2.82813803173801E-02
 2.00832253062029E+03	 1.32882015817461E-01
 2.00832526852032E+03	 2.53628468016007E-01
 2.00832800642035E+03	 3.47504321791132E-01
 2.00833074432038E+03	 3.50528193115317E-01
 2.00833348222041E+03	 2.33999689780902E-01
 2.00833622012045E+03	 3.27753623812319E-02
 2.00833895802048E+03	-1.79162791967154E-01
 2.00834169592051E+03	-3.35283183754817E-01
 2.00834443382054E+03	-4.01487647615128E-01
 2.00834717172057E+03	-3.68987085101647E-01
 2.00834990962060E+03	-2.39623599024957E-01
 2.00835264752063E+03	-2.96744304206695E-02
 2.00835538542066E+03	 2.11568924344728E-01
 2.00835812332069E+03	 4.00309261795280E-01
 2.00836086122072E+03	 4.56268187381542E-01
 2.00836359912075E+03	 3.57256167084681E-01
 2.00836633702078E+03	 1.57346192122200E-01
 2.00836907492081E+03	-5.45454438916580E-02
 2.00837181282085E+03	-2.17312329701521E-01
 2.00837455072088E+03	-3.22591256867232E-01
 2.00837728862091E+03	-3.87493767068133E-01
 2.00838002652094E+03	-4.15817792601022E-01
 2.00838276442097E+03	-3.92602676715602E-01
 2.00838550232100E+03	-3.11876649958861E-01
 2.00838824022103E+03	-1.97556821236399E-01
 2.00839097812106E+03	-8.69651654655793E-02
 2.00839371602109E+03	 5.74177130102145E-03
 2.00839645392112E+03	 9.93591911121517E-02
 2.00839919182115E+03	 2.10883132300549E-01
 2.00840192972118E+03	 3.15414699131327E-01
 2.00840466762121E+03	 3.52130111421869E-01
 2.00840740552124E+03	 2.75446218194401E-01
 2.00841014342128E+03	 9.81507227366804E-02
 2.00841288132131E+03	-1.15493952640640E-01
 2.00841561922134E+03	-2.93222700799721E-01
 2.00841835712137E+03	-3.89954791767392E-01
 2.00842109502140E+03	-3.90253363545232E-01
 2.00842383292143E+03	-2.92847432928689E-01
 2.00842657082146E+03	-1.06885005280811E-01
 2.00842930872149E+03	 1.31577528002032E-01
 2.00843204662152E+03	 3.47931016916476E-01
 2.00843478452155E+03	 4.53633064065298E-01
 2.00843752242158E+03	 4.01282840221617E-01
 2.00844026032161E+03	 2.21276445744993E-01
 2.00844299822164E+03	-6.34333085558228E-04
 2.00844573612168E+03	-1.86522120315565E-01
 2.00844847402171E+03	-3.09808149953513E-01
 2.00845121192174E+03	-3.83834160818399E-01
 2.00845394982177E+03	-4.20620397627203E-01
 2.00845668772180E+03	-4.10695440884751E-01
 2.00845942562183E+03	-3.42395499745141E-01
 2.00846216352186E+03	-2.30238514091929E-01
 2.00846490142189E+03	-1.12054900124085E-01
 2.00846763932192E+03	-1.41803067072087E-02
 2.00847037722195E+03	 7.27049077081662E-02
 2.00847311512198E+03	 1.72635269778762E-01
 2.00847585302201E+03	 2.79229149183797E-01
 2.00847859092204E+03	 3.41795424963284E-01
 2.00848132882208E+03	 3.04349725252149E-01
 2.00848406672211E+03	 1.57586532389090E-01
 2.00848680462214E+03	-4.92355458661496E-02
 2.00848954252217E+03	-2.42851109046979E-01
 2.00849228042220E+03	-3.67842496680913E-01
 2.00849501832223E+03	-4.00323939286182E-01
 2.00849775622226E+03	-3.35503435403799E-01
 2.00850049412229E+03	-1.77534223328825E-01
 2.00850323202232E+03	 4.93604496868055E-02
 2.00850596992235E+03	 2.83082156595506E-01
 2.00850870782238E+03	 4.33860463960322E-01
 2.00851144572241E+03	 4.33339530499338E-01
 2.00851418362244E+03	 2.84661000300392E-01
 2.00851692152248E+03	 6.18460123148721E-02
 2.00851965942251E+03	-1.45776295543139E-01
 2.00852239732254E+03	-2.91220408396545E-01
 2.00852513522257E+03	-3.77944734790700E-01
 2.00852787312260E+03	-4.23148994085864E-01
 2.00853061102263E+03	-4.25325301092392E-01
 2.00853334892266E+03	-3.70916988271449E-01
 2.00853608682269E+03	-2.64702233504312E-01
 2.00853882472272E+03	-1.40499946654144E-01
 2.00854156262275E+03	-3.39067637367331E-02
 2.00854430052278E+03	 5.16139747366326E-02
 2.00854703842281E+03	 1.40477256713393E-01
 2.00854977632284E+03	 2.42432193151740E-01
 2.00855251422287E+03	 3.22035761838957E-01
 2.00855525212291E+03	 3.20378976979534E-01
 2.00855799002294E+03	 2.08560523020443E-01
 2.00856072792297E+03	 1.69245269611639E-02
 2.00856346582300E+03	-1.85712538213120E-01
 2.00856620372303E+03	-3.35693348912768E-01
 2.00856894162306E+03	-3.99332117689792E-01
 2.00857167952309E+03	-3.67112638499647E-01
 2.00857441742312E+03	-2.39664215376131E-01
 2.00857715532315E+03	-3.16256206899321E-02
 2.00857989322318E+03	 2.08872699816614E-01
 2.00858263112321E+03	 3.97210902433877E-01
 2.00858536902324E+03	 4.50243348243046E-01
 2.00858810692327E+03	 3.43169434809742E-01
 2.00859084482331E+03	 1.30566792943868E-01
 2.00859358272334E+03	-9.43352434670983E-02
 2.00859632062337E+03	-2.64677702936400E-01
 2.00859905852340E+03	-3.68517141104714E-01
 2.00860179642343E+03	-4.23446180367200E-01
 2.00860453432346E+03	-4.36599045494785E-01
 2.00860727222349E+03	-3.96547015632235E-01
 2.00861001012352E+03	-2.99798503587965E-01
 2.00861274802355E+03	-1.72628357984049E-01
 2.00861548592358E+03	-5.56042503435921E-02
 2.00861822382361E+03	 3.40425017691493E-02
 2.00862096172364E+03	 1.14846345635857E-01
 2.00862369962367E+03	 2.08008695117797E-01
 2.00862643752371E+03	 2.95930967922373E-01
 2.00862917542374E+03	 3.24226526323926E-01
 2.00863191332377E+03	 2.49144579010205E-01
 2.00863465122380E+03	 8.01846347295588E-02
 2.00863738912383E+03	-1.23773744541217E-01
 2.00864012702386E+03	-2.94323611289264E-01
 2.00864286492389E+03	-3.87537505982000E-01
 2.00864560282392E+03	-3.87513227455111E-01
 2.00864834072395E+03	-2.91911193896451E-01
 2.00865107862398E+03	-1.08295878408661E-01
 2.00865381652401E+03	 1.28889175419024E-01
 2.00865655442404E+03	 3.45183003744854E-01
 2.00865929232407E+03	 4.49855358131437E-01
 2.00866203022410E+03	 3.92399153962168E-01
 2.00866476812414E+03	 2.02108176594257E-01
 2.00866750602417E+03	-3.25576550145316E-02
 2.00867024392420E+03	-2.28281496402497E-01
 2.00867298182423E+03	-3.53758559668317E-01
 2.00867571972426E+03	-4.21115211473539E-01
 2.00867845762429E+03	-4.44721341378517E-01
 2.00868119552432E+03	-4.18698172141637E-01
 2.00868393342435E+03	-3.34217517792728E-01
 2.00868667132438E+03	-2.08044926421900E-01
 2.00868940922441E+03	-8.08914184826146E-02
 2.00869214712444E+03	 1.75694373466304E-02
 2.00869488502447E+03	 9.50716930230855E-02
 2.00869762292450E+03	 1.78120639685708E-01
 2.00870036082454E+03	 2.66764894505326E-01
 2.00870309872457E+03	 3.17532385124965E-01
 2.00870583662460E+03	 2.78210049614015E-01
 2.00870857452463E+03	 1.37854708825913E-01
 2.00871131242466E+03	-5.93730425544068E-02
 2.00871405032469E+03	-2.44895727527396E-01
 2.00871678822472E+03	-3.65342989652630E-01
 2.00871952612475E+03	-3.96760800998808E-01
 2.00872226402478E+03	-3.33445936811294E-01
 2.00872500192481E+03	-1.78108160665241E-01
 2.00872773982484E+03	 4.68570470486437E-02
 2.00873047772487E+03	 2.80338430874273E-01
 2.00873321562490E+03	 4.31308273354841E-01
 2.00873595352494E+03	 4.28340922098068E-01
 2.00873869142497E+03	 2.72236254839265E-01
 2.00874142932500E+03	 3.79575756681036E-02
 2.00874416722503E+03	-1.80749506935558E-01
 2.00874690512506E+03	-3.31600567076420E-01
 2.00874964302509E+03	-4.15224687969064E-01
 2.00875238092512E+03	-4.49802039968675E-01
 2.00875511882515E+03	-4.37092335926278E-01
 2.00875785672518E+03	-3.66707681053946E-01
 2.00876059462521E+03	-2.45774877976131E-01
 2.00876333252524E+03	-1.10656357587332E-01
 2.00876607042527E+03	-2.21313811292726E-04
 2.00876880832530E+03	 7.95632593289888E-02
 2.00877154622533E+03	 1.53898219304804E-01
 2.00877428412537E+03	 2.37636724986611E-01
 2.00877702202540E+03	 3.02690924083175E-01
 2.00877975992543E+03	 2.95553802658694E-01
 2.00878249782546E+03	 1.87601483701533E-01
 2.00878523572549E+03	 4.89658712192347E-03
 2.00878797362552E+03	-1.88965808115840E-01
 2.00879071152555E+03	-3.33347205804903E-01
 2.00879344942558E+03	-3.95059589733390E-01
 2.00879618732561E+03	-3.63871963001125E-01
 2.00879892522564E+03	-2.39144204443632E-01
 2.00880166312567E+03	-3.36723049025057E-02
 2.00880440102570E+03	 2.06022572677634E-01
 2.00880713892573E+03	 3.95087060701206E-01
 2.00880987682577E+03	 4.47809209753767E-01
 2.00881261472580E+03	 3.36300117012789E-01
 2.00881535262583E+03	 1.14383034072359E-01
 2.00881809052586E+03	-1.21742018276898E-01
 2.00882082842589E+03	-3.00001594357321E-01
 2.00882356632592E+03	-4.04318661859145E-01
 2.00882630422595E+03	-4.51664287102654E-01
 2.00882904212598E+03	-4.51673252106308E-01
 2.00883178002601E+03	-3.96238640408375E-01
 2.00883451792604E+03	-2.84474714725199E-01
 2.00883725582607E+03	-1.44999802690116E-01
 2.00883999372610E+03	-2.13934547338777E-02
 2.00884273162613E+03	 6.61102698607465E-02
 2.00884546952617E+03	 1.35371489689959E-01
 2.00884820742620E+03	 2.11099739909041E-01
 2.00885094532623E+03	 2.82561836283747E-01
 2.00885368322626E+03	 3.01920898017665E-01
 2.00885642112629E+03	 2.27679949565346E-01
 2.00885915902632E+03	 6.63637105725410E-02
 2.00886189692635E+03	-1.28485350239415E-01
 2.00886463482638E+03	-2.92415442615986E-01
 2.00886737272641E+03	-3.82736413478464E-01
 2.00887011062644E+03	-3.83109857836441E-01
 2.00887284852647E+03	-2.90106343128398E-01
 2.00887558642650E+03	-1.09573119049292E-01
 2.00887832432653E+03	 1.26023679316886E-01
 2.00888106222657E+03	 3.42957368464835E-01
 2.00888380012660E+03	 4.48781814960562E-01
 2.00888653802663E+03	 3.89700322783271E-01
 2.00888927592666E+03	 1.92837198049610E-01
 2.00889201382669E+03	-5.20959807034375E-02
 2.00889475172672E+03	-2.57302780073872E-01
 2.00889748962675E+03	-3.86544602442343E-01
 2.00890022752678E+03	-4.49698465382396E-01
 2.00890296542681E+03	-4.62452146581731E-01
 2.00890570332684E+03	-4.22081566038516E-01
 2.00890844122687E+03	-3.22664906769832E-01
 2.00891117912690E+03	-1.83298463059823E-01
 2.00891391702693E+03	-4.73919833431600E-02
 2.00891665492696E+03	 5.22423406250288E-02
 2.00891939282700E+03	 1.21548405873315E-01
 2.00892213072703E+03	 1.88876345181981E-01
 2.00892486862706E+03	 2.60120970650861E-01
 2.00892760652709E+03	 2.98913636308429E-01
 2.00893034442712E+03	 2.57116042302199E-01
 2.00893308232715E+03	 1.22495890633857E-01
 2.00893582022718E+03	-6.57436732504866E-02
 2.00893855812721E+03	-2.43746655108032E-01
 2.00894129602724E+03	-3.60258219977751E-01
 2.00894403392727E+03	-3.91294520279305E-01
 2.00894677182730E+03	-3.30247393597149E-01
 2.00894950972733E+03	-1.78311360756080E-01
 2.00895224762736E+03	 4.42185425999234E-02
 2.00895498552740E+03	 2.77757867319648E-01
 2.00895772342743E+03	 4.30606349080210E-01
 2.00896046132746E+03	 4.28368932284481E-01
 2.00896319922749E+03	 2.68707160522008E-01
 2.00896593712752E+03	 2.60764954017163E-02
 2.00896867502755E+03	-2.02584759255707E-01
 2.00897141292758E+03	-3.59891047496208E-01
 2.00897415082761E+03	-4.42800262746946E-01
 2.00897688872764E+03	-4.69323177461021E-01
 2.00897962662767E+03	-4.43797405963428E-01
 2.00898236452770E+03	-3.58939433135602E-01
 2.00898510242773E+03	-2.24363919358479E-01
 2.00898784032776E+03	-7.88887921116241E-02
 2.00899057822780E+03	 3.55994626831119E-02
 2.00899331612783E+03	 1.10623922862047E-01
 2.00899605402786E+03	 1.71687627035156E-01
 2.00899879192789E+03	 2.38096875625016E-01
 2.00900152982792E+03	 2.88793081037104E-01
 2.00900426772795E+03	 2.75810073934533E-01
 2.00900700562798E+03	 1.71131011696745E-01
 2.00900974352801E+03	-3.24779866968310E-03
 2.00901248142804E+03	-1.88913500482554E-01
 2.00901521932807E+03	-3.28283504781709E-01
 2.00901795722810E+03	-3.88705625192378E-01
 2.00902069512813E+03	-3.59259982621544E-01
 2.00902343302816E+03	-2.38017040508347E-01
 2.00902617092819E+03	-3.57494103827061E-02
 2.00902890882823E+03	 2.03090528367133E-01
 2.00903164672826E+03	 3.94050345603245E-01
 2.00903438462829E+03	 4.49198959430999E-01
 2.00903712252832E+03	 3.37083140999003E-01
 2.00903986042835E+03	 1.09450638855505E-01
 2.00904259832838E+03	-1.35968663825989E-01
 2.00904533622841E+03	-3.22506563458604E-01
 2.00904807412844E+03	-4.29417258249592E-01
 2.00905081202847E+03	-4.71892362127724E-01
 2.00905354992850E+03	-4.61142847164683E-01
 2.00905628782853E+03	-3.92115438038665E-01
 2.00905902572856E+03	-2.66659048593944E-01
 2.00906176362859E+03	-1.15751342869413E-01
 2.00906450152863E+03	 1.42586935527217E-02
 2.00906723942866E+03	 1.00286377353600E-01
 2.00906997732869E+03	 1.59219242878531E-01
 2.00907271522872E+03	 2.18642203264970E-01
 2.00907545312875E+03	 2.74195407857412E-01
 2.00907819102878E+03	 2.84540178421450E-01
 2.00908092892881E+03	 2.10689859958777E-01
 2.00908366682884E+03	 5.64519667147704E-02
 2.00908640472887E+03	-1.29856100582506E-01
 2.00908914262890E+03	-2.87729694981806E-01
 2.00909188052893E+03	-3.75741811748080E-01
 2.00909461842896E+03	-3.77154614466382E-01
 2.00909735632899E+03	-2.87469804891484E-01
 2.00910009422903E+03	-1.10722797162002E-01
 2.00910283212906E+03	 1.22954824367533E-01
 2.00910557002909E+03	 3.41193933230280E-01
 2.00910830792912E+03	 4.50368040622873E-01
 2.00911104582915E+03	 3.93251138907732E-01
 2.00911378372918E+03	 1.93715165890758E-01
 2.00911652162921E+03	-5.88093375828849E-02
 2.00911925952924E+03	-2.73055253498130E-01
 2.00912199742927E+03	-4.07709625767967E-01
 2.00912473532930E+03	-4.69362375284552E-01
 2.00912747322933E+03	-4.73920374252483E-01
 2.00913021112936E+03	-4.21300693833422E-01
 2.00913294902939E+03	-3.08527872776192E-01
 2.00913568692942E+03	-1.57125406954720E-01
 2.00913842482946E+03	-1.30249122502149E-02
 2.00914116272949E+03	 8.80744998182644E-02
 2.00914390062952E+03	 1.50225676632620E-01
 2.00914663852955E+03	 2.03084991646098E-01
 2.00914937642958E+03	 2.57798952810815E-01
 2.00915211432961E+03	 2.84858773905465E-01
 2.00915485222964E+03	 2.40337217754468E-01
 2.00915759012967E+03	 1.10971663257219E-01
 2.00916032802970E+03	-6.88179724935295E-02
 2.00916306592973E+03	-2.39834135767578E-01
 2.00916580382976E+03	-3.52938006163852E-01
 2.00916854172979E+03	-3.84153285977556E-01
 2.00917127962982E+03	-3.26017564351456E-01
 2.00917401752986E+03	-1.78190910743440E-01
 2.00917675542989E+03	 4.13762863898090E-02
 2.00917949332992E+03	 2.75185659640089E-01
 2.00918223122995E+03	 4.31516166160494E-01
 2.00918496912998E+03	 4.33180696804737E-01
 2.00918770703001E+03	 2.73940760805466E-01
 2.00919044493004E+03	 2.62579634142762E-02
 2.00919318283007E+03	-2.11054326149193E-01
 2.00919592073010E+03	-3.75809991822765E-01
 2.00919865863013E+03	-4.60506506915728E-01
 2.00920139653016E+03	-4.81810217188037E-01
 2.00920413443019E+03	-4.45874343541932E-01
 2.00920687233022E+03	-3.48396746351187E-01
 2.00920961023026E+03	-2.01605531505962E-01
 2.00921234813029E+03	-4.66897919544109E-02
 2.00921508603032E+03	 7.17330524677873E-02
 2.00921782393035E+03	 1.42754924527254E-01
 2.00922056183038E+03	 1.91793767624519E-01
 2.00922329973041E+03	 2.41986320561944E-01
 2.00922603763044E+03	 2.78890665365904E-01
 2.00922877553047E+03	 2.60064026030453E-01
 2.00923151343050E+03	 1.58311241760909E-01
 2.00923425133053E+03	-8.22289435322105E-03
 2.00923698923056E+03	-1.86186393330477E-01
 2.00923972713059E+03	-3.21014974029432E-01
 2.00924246503062E+03	-3.80618276392899E-01
 2.00924520293066E+03	-3.53455966259529E-01
 2.00924794083069E+03	-2.36351760659052E-01
 2.00925067873072E+03	-3.79236046123710E-02
 2.00925341663075E+03	 1.99899821679087E-01
 2.00925615453078E+03	 3.93758107453071E-01
 2.00925889243081E+03	 4.53944652371725E-01
 2.00926163033084E+03	 3.45048105555756E-01
 2.00926436823087E+03	 1.15436148443368E-01
 2.00926710613090E+03	-1.37137989302525E-01
 2.00926984403093E+03	-3.32148581079483E-01
 2.00927258193096E+03	-4.43749635558113E-01
 2.00927531983099E+03	-4.84226181858388E-01
 2.00927805773102E+03	-4.65394250489187E-01
 2.00928079563105E+03	-3.84914134383400E-01
 2.00928353353109E+03	-2.47455177489865E-01
 2.00928627143112E+03	-8.63593122036131E-02
 2.00928900933115E+03	 4.95179390373054E-02
 2.00929174723118E+03	 1.34458714494733E-01
 2.00929448513121E+03	 1.84174052839149E-01
 2.00929722303124E+03	 2.28547836294687E-01
 2.00929996093127E+03	 2.69056464685909E-01
 2.00930269883130E+03	 2.70673276656602E-01
 2.00930543673133E+03	 1.97048715674662E-01
 2.00930817463136E+03	 4.94973931450810E-02
 2.00931091253139E+03	-1.28714113200409E-01
 2.00931365043142E+03	-2.80942541641615E-01
 2.00931638833145E+03	-3.67025508145008E-01
 2.00931912623149E+03	-3.69898913219878E-01
 2.00932186413152E+03	-2.84084779766429E-01
 2.00932460203155E+03	-1.11779521282660E-01
 2.00932733993158E+03	 1.19544913988892E-01
 2.00933007783161E+03	 3.39534384267647E-01
 2.00933281573164E+03	 4.54017029444010E-01
 2.00933555363167E+03	 4.02317139404381E-01
 2.00933829153170E+03	 2.04045220022167E-01
 2.00934102943173E+03	-5.31996457531826E-02
 2.00934376733176E+03	-2.75795748619751E-01
 2.00934650523179E+03	-4.17354903932582E-01
 2.00934924313182E+03	-4.80233685759996E-01
 2.00935198103185E+03	-4.79459022354138E-01
 2.00935471893189E+03	-4.17010889348045E-01
 2.00935745683192E+03	-2.92834045453644E-01
 2.00936019473195E+03	-1.30941582262095E-01
 2.00936293263198E+03	 2.04119642256089E-02
 2.00936567053201E+03	 1.22942070597769E-01
 2.00936840843204E+03	 1.78794772254752E-01
 2.00937114633207E+03	 2.18467491554046E-01
 2.00937388423210E+03	 2.57757023208088E-01
 2.00937662213213E+03	 2.73665777209174E-01
 2.00937936003216E+03	 2.26480514869143E-01
 2.00938209793219E+03	 1.02104743891080E-01
 2.00938483583222E+03	-6.96128164448062E-02
 2.00938757373225E+03	-2.33994243325689E-01
 2.00939031163228E+03	-3.43980660280863E-01
 2.00939304953232E+03	-3.75667095313812E-01
 2.00939578743235E+03	-3.20856078115348E-01
 2.00939852533238E+03	-1.77734818861244E-01
 2.00940126323241E+03	 3.82760620929837E-02
 2.00940400113244E+03	 2.72326602022009E-01
 2.00940673903247E+03	 4.33412412357876E-01
 2.00940947693250E+03	 4.41872149205081E-01
 2.00941221483253E+03	 2.86932851862417E-01
 2.00941495273256E+03	 3.76199148715749E-02
 2.00941769063259E+03	-2.06767295266412E-01
 2.00942042853262E+03	-3.79695098137612E-01
 2.00942316643265E+03	-4.68557448772577E-01
 2.00942590433268E+03	-4.87561845730416E-01
 2.00942864223272E+03	-4.43880073248971E-01
 2.00943138013275E+03	-3.35993370924467E-01
 2.00943411803278E+03	-1.78810141123896E-01
 2.00943685593281E+03	-1.57717093214980E-02
 2.00943959383284E+03	 1.06102123333438E-01
 2.00944233173287E+03	 1.73624292908729E-01
 2.00944506963290E+03	 2.11821011291760E-01
 2.00944780753293E+03	 2.47061501705823E-01
 2.00945054543296E+03	 2.71036730393257E-01
 2.00945328333299E+03	 2.46683688173499E-01
 2.00945602123302E+03	 1.47758411549684E-01
 2.00945875913305E+03	-1.12203234073447E-02
 2.00946149703308E+03	-1.81772007122982E-01
 2.00946423493312E+03	-3.12266139084643E-01
 2.00946697283315E+03	-3.71213699936125E-01
 2.00946971073318E+03	-3.46585805565222E-01
 2.00947244863321E+03	-2.34090041953222E-01
 2.00947518653324E+03	-4.01405655589471E-02
 2.00947792443327E+03	 1.96280363526141E-01
 2.00948066233330E+03	 3.93652551871801E-01
 2.00948340023333E+03	 4.61079868222346E-01
 2.00948613813336E+03	 3.58967796912485E-01
 2.00948887603339E+03	 1.31109171273620E-01
 2.00949161393342E+03	-1.26239903543268E-01
 2.00949435183345E+03	-3.29570850417637E-01
 2.00949708973348E+03	-4.47690100773759E-01
 2.00949982763351E+03	-4.88975156543390E-01
 2.00950256553355E+03	-4.64891815623846E-01
 2.00950530343358E+03	-3.75409878564223E-01
 2.00950804133361E+03	-2.28027784236160E-01
 2.00951077923364E+03	-5.84027704779330E-02
 2.00951351713367E+03	 8.24099946954705E-02
 2.00951625503370E+03	 1.66340354130695E-01
 2.00951899293373E+03	 2.07799497346541E-01
 2.00952173083376E+03	 2.38442268881453E-01
 2.00952446873379E+03	 2.65007838245880E-01
 2.00952720663382E+03	 2.58485930715456E-01
 2.00952994453385E+03	 1.85191198012780E-01
 2.00953268243388E+03	 4.41528391245674E-02
 2.00953542033391E+03	-1.26184637694866E-01
 2.00953815823395E+03	-2.72899869780032E-01
 2.00954089613398E+03	-3.57095798649671E-01
 2.00954363403401E+03	-3.61508952898740E-01
 2.00954637193404E+03	-2.79859155532019E-01
 2.00954910983407E+03	-1.12575152950716E-01
 2.00955184773410E+03	 1.15789169685672E-01
 2.00955458563413E+03	 3.37570027543937E-01
 2.00955732353416E+03	 4.58809654626654E-01
 2.00956006143419E+03	 4.15554056945287E-01
 2.00956279933422E+03	 2.22314249917806E-01
 2.00956553723425E+03	-3.66345619295213E-02
 2.00956827513428E+03	-2.66526596911603E-01
 2.00957101303431E+03	-4.16094229680125E-01
 2.00957375093435E+03	-4.82699638920757E-01
 2.00957648883438E+03	-4.79471547028759E-01
 2.00957922673441E+03	-4.09843610480970E-01
 2.00958196463444E+03	-2.76572677980191E-01
 2.00958470253447E+03	-1.06149875035106E-01
 2.00958744043450E+03	 5.11004923355447E-02
 2.00959017833453E+03	 1.54668432714244E-01
 2.00959291623456E+03	 2.04853819111666E-01
 2.00959565413459E+03	 2.32593764674978E-01
 2.00959839203462E+03	 2.57730114482107E-01
 2.00960112993465E+03	 2.63342525771180E-01
 2.00960386783468E+03	 2.13829994757435E-01
 2.00960660573471E+03	 9.44165355496368E-02
 2.00960934363475E+03	-6.93723014809681E-02
 2.00961208153478E+03	-2.27183872668144E-01
 2.00961481943481E+03	-3.33988574388118E-01
 2.00961755733484E+03	-3.66056988929229E-01
 2.00962029523487E+03	-3.14657907349320E-01
 2.00962303313490E+03	-1.76673618202075E-01
 2.00962577103493E+03	 3.50944519343970E-02
 2.00962850893496E+03	 2.68980778163554E-01
 2.00963124683499E+03	 4.35524193993983E-01
 2.00963398473502E+03	 4.53099542170229E-01
 2.00963672263505E+03	 3.05983139422524E-01
 2.00963946053508E+03	 5.84564734405966E-02
 2.00964219843511E+03	-1.91111720031978E-01
 2.00964493633514E+03	-3.72472292415393E-01
 2.00964767423518E+03	-4.67499126888759E-01
 2.00965041213521E+03	-4.86976951151474E-01
 2.00965315003524E+03	-4.38321128638149E-01
 2.00965588793527E+03	-3.22530041141915E-01
 2.00965862583530E+03	-1.57171235610873E-01
 2.00966136373532E+03	 1.22502225142550E-02
 2.00966410163536E+03	 1.36700585910647E-01
 2.00966683953539E+03	 2.00937438234117E-01
 2.00966957743542E+03	 2.29360619263531E-01
 2.00967231533545E+03	 2.50997973378877E-01
 2.00967505323548E+03	 2.63133161534969E-01
 2.00967779113551E+03	 2.33839418584388E-01
 2.00968052903554E+03	 1.37891079113867E-01
 2.00968326693558E+03	-1.35794249344326E-02
 2.00968600483561E+03	-1.76722104573080E-01
 2.00968874273564E+03	-3.02729644176886E-01
 2.00969148063567E+03	-3.60779256017927E-01
 2.00969421853570E+03	-3.38556013618462E-01
 2.00969695643573E+03	-2.30887216389695E-01
 2.00969969433576E+03	-4.20497538541592E-02
 2.00970243223579E+03	 1.92273841930833E-01
 2.00970517013582E+03	 3.93192986947048E-01
 2.00970790803585E+03	 4.69378542454509E-01
 2.00971064593588E+03	 3.77071871623169E-01
 2.00971338383591E+03	 1.54501408735694E-01
 2.00971612173594E+03	-1.05039265018897E-01
 2.00971885963598E+03	-3.16064431745946E-01
 2.00972159753601E+03	-4.42026791164115E-01
 2.00972433543604E+03	-4.86609056968244E-01
 2.00972707333607E+03	-4.60060650488014E-01
 2.00972981123610E+03	-3.64222925488698E-01
 2.00973254913613E+03	-2.09342314760418E-01
 2.00973528703616E+03	-3.32572093820945E-02
 2.00973802493619E+03	 1.11151779102641E-01
 2.00974076283622E+03	 1.93811463503243E-01
 2.00974350073625E+03	 2.27784488527539E-01
 2.00974623863628E+03	 2.46014452181750E-01
 2.00974897653631E+03	 2.59904003847481E-01
 2.00975171443634E+03	 2.46077666669735E-01
 2.00975445233637E+03	 1.73465899183080E-01
 2.00975719023641E+03	 3.90114123983203E-02
 2.00975992813644E+03	-1.23392712239700E-01
 2.00976266603647E+03	-2.64374014910813E-01
 2.00976540393650E+03	-3.46311911912983E-01
 2.00976814183653E+03	-3.51925973153974E-01
 2.00977087973656E+03	-2.74407255028038E-01
 2.00977361763659E+03	-1.12612495657737E-01
 2.00977635553662E+03	 1.11975315023923E-01
 2.00977909343665E+03	 3.35045405398833E-01
 2.00978183133668E+03	 4.63741914459706E-01
 2.00978456923671E+03	 4.31248498354150E-01
 2.00978730713674E+03	 2.46398184112107E-01
 2.00979004503677E+03	-1.12074698066420E-02
 2.00979278293681E+03	-2.46926065567389E-01
 2.00979552083684E+03	-4.05030334980381E-01
 2.00979825873687E+03	-4.77386124273537E-01
 2.00980099663690E+03	-4.74366832759601E-01
 2.00980373453693E+03	-4.00269850842300E-01
 2.00980647243696E+03	-2.60481238785137E-01
 2.00980921033699E+03	-8.38630937096014E-02
 2.00981194823702E+03	 7.75221289069389E-02
 2.00981468613705E+03	 1.81367629661802E-01
 2.00981742403708E+03	 2.26261742868860E-01
 2.00982016193711E+03	 2.43240587216245E-01
 2.00982289983714E+03	 2.55589335095528E-01
 2.00982563773717E+03	 2.51966343276174E-01
 2.00982837563721E+03	 2.00701304602748E-01
 2.00983111353724E+03	 8.64637050602511E-02
 2.00983385143727E+03	-6.92685040647572E-02
 2.00983658933730E+03	-2.20237762527003E-01
 2.00983932723733E+03	-3.23390634493050E-01
 2.00984206513736E+03	-3.55316579201281E-01
 2.00984480303739E+03	-3.07032428231154E-01
 2.00984754093742E+03	-1.74404796319895E-01
 2.00985027883745E+03	 3.23432770176811E-02
 2.00985301673748E+03	 2.65201516799685E-01
 2.00985575463751E+03	 4.37150215623215E-01
 2.00985849253754E+03	 4.65329773904167E-01
 2.00986123043757E+03	 3.28939231224334E-01
 2.00986396833761E+03	 8.64317594502568E-02
 2.00986670623764E+03	-1.66136654964103E-01
 2.00986944413767E+03	-3.55607847882038E-01
 2.00987218203770E+03	-4.58196664711412E-01
 2.00987491993773E+03	-4.80528279318281E-01
 2.00987765783776E+03	-4.29572497362679E-01
 2.00988039573779E+03	-3.08537414856101E-01
 2.00988313363782E+03	-1.37533294079459E-01
 2.00988587153785E+03	 3.61493045792947E-02
 2.00988860943788E+03	 1.61923796843247E-01
 2.00989134733791E+03	 2.22788090558908E-01
 2.00989408523794E+03	 2.42349977839529E-01
 2.00989682313797E+03	 2.51750981645592E-01
 2.00989956103800E+03	 2.53288880975160E-01
 2.00990229893804E+03	 2.19854971340601E-01
 2.00990503683807E+03	 1.27263431676657E-01
 2.00990777473810E+03	-1.64895166645205E-02
 2.00991051263813E+03	-1.71910617511406E-01
 2.00991325053816E+03	-2.92893455444263E-01
 2.00991598843819E+03	-3.49369934828013E-01
 2.00991872633822E+03	-3.29003052316065E-01
 2.00992146423825E+03	-2.26083599367319E-01
 2.00992420213828E+03	-4.29583255516593E-02
 2.00992694003831E+03	 1.88233929433857E-01
 2.00992967793834E+03	 3.92029757325189E-01
 2.00993241583837E+03	 4.77594155356300E-01
 2.00993515373840E+03	 3.97314532477141E-01
 2.00993789163844E+03	 1.83151199883601E-01
 2.00994062953847E+03	-7.58985266766336E-02
 2.00994336743850E+03	-2.93474238774928E-01
 2.00994610533853E+03	-4.27932306759824E-01
 2.00994884323856E+03	-4.77749605934738E-01
 2.00995158113859E+03	-4.51250481511527E-01
 2.00995431903862E+03	-3.51719323728616E-01
 2.00995705693865E+03	-1.91988734917327E-01
 2.00995979483868E+03	-1.18472235664456E-02
 2.00996253273871E+03	 1.34452508067052E-01
 2.00996527063874E+03	 2.15253993937773E-01
 2.00996800853877E+03	 2.42294280145022E-01
 2.00997074643880E+03	 2.49371904196699E-01
 2.00997348433884E+03	 2.51943240471440E-01
 2.00997622223887E+03	 2.31825169328203E-01
 2.00997896013890E+03	 1.60460894039232E-01
 2.00998169803893E+03	 3.28987818985432E-02
 2.00998443593896E+03	-1.21223725817404E-01
 2.00998717383899E+03	-2.55893671270017E-01
 2.00998991173902E+03	-3.34789008433125E-01
 2.00999264963905E+03	-3.40836746368358E-01
 2.00999538753908E+03	-2.67059629892160E-01
 2.00999812543911E+03	-1.11074294520471E-01
 2.01000086333914E+03	 1.08720443251075E-01
 2.01000360123917E+03	 3.31975846604789E-01
 2.01000633913920E+03	 4.67931768124742E-01
 2.01000907703923E+03	 4.47588883945090E-01
 2.01001181493927E+03	 2.73845323367566E-01
 2.01001455283930E+03	 2.05009212836671E-02
 2.01001729073933E+03	-2.19192847844368E-01
 2.01002002863936E+03	-3.85685017598109E-01
 2.01002276653939E+03	-4.65142419787599E-01
 2.01002550443942E+03	-4.64550001069368E-01
 2.01002824233945E+03	-3.88551397886911E-01
 2.01003098023948E+03	-2.44928748945362E-01
 2.01003371813951E+03	-6.47122720851001E-02
 2.01003645603954E+03	 9.87149711452597E-02
 2.01003919393957E+03	 2.01748272979560E-01
 2.01004193183960E+03	 2.41469184686881E-01
 2.01004466973963E+03	 2.48732894294270E-01
 2.01004740763967E+03	 2.49682020610671E-01
 2.01005014553970E+03	 2.38014818184439E-01
 2.01005288343973E+03	 1.85754815898520E-01
 2.01005562133976E+03	 7.71205484631067E-02
 2.01005835923979E+03	-7.01677048301554E-02
 2.01006109713982E+03	-2.13700794530833E-01
 2.01006383503985E+03	-3.12350819734636E-01
 2.01006657293988E+03	-3.43194339445451E-01
 2.01006931083991E+03	-2.97340371110026E-01
 2.01007204873994E+03	-1.70048048378637E-01
 2.01007478663997E+03	 3.08445812042859E-02
 2.01007752454000E+03	 2.61347583804104E-01
 2.01008026244003E+03	 4.37814729327695E-01
 2.01008300034007E+03	 4.77091739572857E-01
 2.01008573824010E+03	 3.53499513347265E-01
 2.01008847614013E+03	 1.18871066256764E-01
 2.01009121404016E+03	-1.34328935319978E-01
 2.01009395194019E+03	-3.30979268335146E-01
 2.01009668984022E+03	-4.41787319827813E-01
 2.01009942774025E+03	-4.68757201853774E-01
 2.01010216564028E+03	-4.17864592367008E-01
 2.01010490354031E+03	-2.94214922922382E-01
 2.01010764144034E+03	-1.20261364641685E-01
 2.01011037934037E+03	 5.52884315241040E-02
 2.01011311724040E+03	 1.80827539248557E-01
 2.01011585514043E+03	 2.37955927815614E-01
 2.01011859304046E+03	 2.49389401623175E-01
 2.01012133094050E+03	 2.47875681832762E-01
 2.01012406884053E+03	 2.40132295271918E-01
 2.01012680674056E+03	 2.03503033256535E-01
 2.01012954464059E+03	 1.14832636934833E-01
 2.01013228254062E+03	-2.07660649330060E-02
 2.01013502044065E+03	-1.67870106422392E-01
 2.01013775834068E+03	-2.82950425825017E-01
 2.01014049624071E+03	-3.36794508778453E-01
 2.01014323414074E+03	-3.17345320118389E-01
 2.01014597204077E+03	-2.18793296035643E-01
 2.01014870994080E+03	-4.19100655453179E-02
 2.01015144784083E+03	 1.84811455194495E-01
 2.01015418574086E+03	 3.90096146621919E-01
 2.01015692364090E+03	 4.84669586702910E-01
 2.01015966154093E+03	 4.17673175191596E-01
 2.01016239944096E+03	 2.14430258003299E-01
 2.01016513734099E+03	-4.14910789596260E-02
 2.01016787524102E+03	-2.64000504089353E-01
 2.01017061314105E+03	-4.06864250820005E-01
 2.01017335104108E+03	-4.63144937409485E-01
 2.01017608894111E+03	-4.38738010579786E-01
 2.01017882684114E+03	-3.37993809156745E-01
 2.01018156474117E+03	-1.76111077921215E-01
 2.01018430264120E+03	 5.49156869647611E-03
 2.01018704054123E+03	 1.51715884267156E-01
 2.01018977844126E+03	 2.29802874161275E-01
 2.01019251634130E+03	 2.50250951635649E-01
 2.01019525424133E+03	 2.47331782984963E-01
 2.01019799214136E+03	 2.39954680099886E-01
 2.01020073004139E+03	 2.14654386125278E-01
 2.01020346794142E+03	 1.45250457684867E-01
 2.01020620584145E+03	 2.50816841406236E-02
 2.01020894374148E+03	-1.20167880836305E-01
 2.01021168164151E+03	-2.47654681133863E-01
 2.01021441954154E+03	-3.22383058460351E-01
 2.01021715744157E+03	-3.27729758415543E-01
 2.01021989534160E+03	-2.56971100801998E-01
 2.01022263324163E+03	-1.06943145180900E-01
 2.01022537114166E+03	 1.06894805716014E-01
 2.01022810904170E+03	 3.28669351477945E-01
 2.01023084694173E+03	 4.70769727658198E-01
 2.01023358484176E+03	 4.62935041624602E-01
 2.01023632274179E+03	 3.02214905856185E-01
 2.01023906064182E+03	 5.57582625454731E-02
 2.01024179854185E+03	-1.85778402202447E-01
 2.01024453644188E+03	-3.59833905564836E-01
 2.01024727434191E+03	-4.46973733061494E-01
 2.01025001224194E+03	-4.50417520914985E-01
 2.01025275014197E+03	-3.74750553148494E-01
 2.01025548804200E+03	-2.29897057968595E-01
 2.01025822594203E+03	-4.87725236391551E-02
 2.01026096384206E+03	 1.14411284636965E-01
 2.01026370174209E+03	 2.15306829235354E-01
 2.01026643964213E+03	 2.49750698106767E-01
 2.01026917754216E+03	 2.48195310819365E-01
 2.01027191544219E+03	 2.39085199861861E-01
 2.01027465334222E+03	 2.20607885161009E-01
 2.01027739124225E+03	 1.68215606567265E-01
 2.01028012914228E+03	 6.57660073679917E-02
 2.01028286704231E+03	-7.24884356667808E-02
 2.01028560494234E+03	-2.07743200090385E-01
 2.01028834284237E+03	-3.00750295170771E-01
 2.01029108074240E+03	-3.29246169593816E-01
 2.01029381864243E+03	-2.84807559872969E-01
 2.01029655654246E+03	-1.62590512889421E-01
 2.01029929444249E+03	 3.16048031207496E-02
 2.01030203234253E+03	 2.58036911657232E-01
 2.01030477024256E+03	 4.37347737904250E-01
 2.01030750814259E+03	 4.87194601578554E-01
 2.01031024604262E+03	 3.77536699413364E-01
 2.01031298394265E+03	 1.53122945235206E-01
 2.01031572184268E+03	-9.82874687940095E-02
 2.01031845974271E+03	-3.00640964373922E-01
 2.01032119764274E+03	-4.19555785541127E-01
 2.01032393554277E+03	-4.52240293584002E-01
 2.01032667344280E+03	-4.03299491230639E-01
 2.01032941134283E+03	-2.79449744129341E-01
 2.01033214924286E+03	-1.05225435181471E-01
 2.01033488714289E+03	 6.96903422270954E-02
 2.01033762504293E+03	 1.93255191373355E-01
 2.01034036294296E+03	 2.46079754833140E-01
 2.01034310084299E+03	 2.49943518363815E-01
 2.01034583874302E+03	 2.38738041936651E-01
 2.01034857664305E+03	 2.23016086899633E-01
 2.01035131454308E+03	 1.84192016967121E-01
 2.01035405244311E+03	 1.00117780701940E-01
 2.01035679034314E+03	-2.67290988018561E-02
 2.01035952824317E+03	-1.64717096339449E-01
 2.01036226614320E+03	-2.72779915536688E-01
 2.01036500404323E+03	-3.22660897952971E-01
 2.01036774194326E+03	-3.02892014108170E-01
 2.01037047984329E+03	-2.08059034270879E-01
 2.01037321774332E+03	-3.78450472803992E-02
 2.01037595564336E+03	 1.82849053659107E-01
 2.01037869354339E+03	 3.87615092929234E-01
 2.01038143144342E+03	 4.89887463867243E-01
 2.01038416934345E+03	 4.36430802300354E-01
 2.01038690724348E+03	 2.45904498702698E-01
 2.01038964514351E+03	-4.43800793960011E-03
 2.01039238304354E+03	-2.29902901721044E-01
 2.01039512094357E+03	-3.80376982471356E-01
 2.01039785884360E+03	-4.43591255305326E-01
 2.01040059674363E+03	-4.22729526745433E-01
 2.01040333464366E+03	-3.22908796040651E-01
 2.01040607254369E+03	-1.61439253416608E-01
 2.01040881044372E+03	 1.90186373325166E-02
 2.01041154834376E+03	 1.63097451806749E-01
 2.01041428624379E+03	 2.37452103027544E-01
 2.01041702414382E+03	 2.51474989540608E-01
 2.01041976204385E+03	 2.39580132703849E-01
 2.01042249994388E+03	 2.23558158047337E-01
 2.01042523784391E+03	 1.94187508909592E-01
 2.01042797574394E+03	 1.27519301387992E-01
 2.01043071364397E+03	 1.53618619494373E-02
 2.01043345154400E+03	-1.20263102608643E-01
 2.01043618944403E+03	-2.39506878747540E-01
 2.01043892734406E+03	-3.08730079619330E-01
 2.01044166524409E+03	-3.11993171520869E-01
 2.01044440314412E+03	-2.43271916408768E-01
 2.01044714104416E+03	-9.91778783311846E-02
 2.01044987894419E+03	 1.07471902857552E-01
 2.01045261684422E+03	 3.25664811429802E-01
 2.01045535474425E+03	 4.71992512156248E-01
 2.01045809264428E+03	 4.76037731747793E-01
 2.01046083054431E+03	 3.29407858544420E-01
 2.01046356844434E+03	 9.20541710255270E-02
 2.01046630634437E+03	-1.49047162164045E-01
 2.01046904424440E+03	-3.29258743034760E-01
 2.01047178214443E+03	-4.23909335441989E-01
 2.01047452004446E+03	-4.32329551570362E-01
 2.01047725794449E+03	-3.58770609162433E-01
 2.01047999584452E+03	-2.15044998340440E-01
 2.01048273374455E+03	-3.56124864268794E-02
 2.01048547164459E+03	 1.25026543419076E-01
 2.01048820954462E+03	 2.22362435047436E-01
 2.01049094744465E+03	 2.51279061727326E-01
 2.01049368534468E+03	 2.41651453003648E-01
 2.01049642324471E+03	 2.23712983860182E-01
 2.01049916114474E+03	 1.99608501433970E-01
 2.01050189904477E+03	 1.47956727361377E-01
 2.01050463694480E+03	 5.23428863543428E-02
 2.01050737484483E+03	-7.61701360177493E-02
 2.01051011274486E+03	-2.02160746308956E-01
 2.01051285064489E+03	-2.88225897300857E-01
 2.01051558854492E+03	-3.12921770309531E-01
 2.01051832644495E+03	-2.68663621542006E-01
 2.01052106434499E+03	-1.51064268756725E-01
 2.01052380224502E+03	 3.56376949973282E-02
 2.01052654014505E+03	 2.56028184819398E-01
 2.01052927804508E+03	 4.35881853813662E-01
 2.01053201594511E+03	 4.94869892942082E-01
 2.01053475384514E+03	 3.99372515246181E-01
 2.01053749174517E+03	 1.86913114746173E-01
 2.01054022964520E+03	-6.03649747913060E-02
 2.01054296754523E+03	-2.66531346744569E-01
 2.01054570544526E+03	-3.92749702012723E-01
 2.01054844334529E+03	-4.31521155814418E-01
 2.01055118124532E+03	-3.85876557049052E-01
 2.01055391914535E+03	-2.63896540121536E-01
 2.01055665704539E+03	-9.18926355206577E-02
 2.01055939494542E+03	 7.99649803272261E-02
 2.01056213284545E+03	 1.99801722341838E-01
 2.01056487074548E+03	 2.47660403283488E-01
 2.01056760864551E+03	 2.44374187176655E-01
 2.01057034654554E+03	 2.24563082832898E-01
 2.01057308444557E+03	 2.02065619772502E-01
 2.01057582234560E+03	 1.62002800365395E-01
 2.01057856024563E+03	 8.32181362304221E-02
 2.01058129814566E+03	-3.42054413071153E-02
 2.01058403604569E+03	-1.62174833035464E-01
 2.01058677394572E+03	-2.61994147365648E-01
 2.01058951184575E+03	-3.06455449722241E-01
 2.01059224974579E+03	-2.84966319149510E-01
 2.01059498764582E+03	-1.93019114598881E-01
 2.01059772554585E+03	-2.97865932470725E-02
 2.01060046344588E+03	 1.83222547113108E-01
 2.01060320134591E+03	 3.85027263958758E-01
 2.01060593924594E+03	 4.92929182660764E-01
 2.01060867714597E+03	 4.52374928939753E-01
 2.01061141504600E+03	 2.75639406843246E-01
 2.01061415294603E+03	 3.30388493721387E-02
 2.01061689084606E+03	-1.93185157570016E-01
 2.01061962874609E+03	-3.49895195425719E-01
 2.01062236664612E+03	-4.19822219663136E-01
 2.01062510454615E+03	-4.03360291308234E-01
 2.01062784244618E+03	-3.06173935378744E-01
 2.01063058034622E+03	-1.47408889840856E-01
 2.01063331824625E+03	 2.94651771459779E-02
 2.01063605614628E+03	 1.69403050223111E-01
 2.01063879404631E+03	 2.38986223849417E-01
 2.01064153194634E+03	 2.46648227792416E-01
 2.01064426984637E+03	 2.26655931403167E-01
 2.01064700774640E+03	 2.03155410940860E-01
 2.01064974564643E+03	 1.70728696244009E-01
 2.01065248354646E+03	 1.07535030947421E-01
 2.01065522144649E+03	 4.03372936817033E-03
 2.01065795934652E+03	-1.21149267070274E-01
 2.01066069724655E+03	-2.31018622691260E-01
 2.01066343514658E+03	-2.93326976334098E-01
 2.01066617304662E+03	-2.93025318574729E-01
 2.01066891094665E+03	-2.25218142128961E-01
 2.01067164884668E+03	-8.68960110017652E-02
 2.01067438674671E+03	 1.11347742593160E-01
 2.01067712464674E+03	 3.23605615958487E-01
 2.01067986254677E+03	 4.71662392109188E-01
 2.01068260044680E+03	 4.86150721901052E-01
 2.01068533834683E+03	 3.53899879764614E-01
 2.01068807624686E+03	 1.27405812270756E-01
 2.01069081414689E+03	-1.10966751908852E-01
 2.01069355204692E+03	-2.95498283032849E-01
 2.01069628994695E+03	-3.96856593252849E-01
 2.01069902784698E+03	-4.10578713654348E-01
 2.01070176574702E+03	-3.40423061003651E-01
 2.01070450364705E+03	-1.99840738684700E-01
 2.01070724154708E+03	-2.44546511504802E-02
 2.01070997944711E+03	 1.31501924875169E-01
 2.01071271734714E+03	 2.23921388165548E-01
 2.01071545524717E+03	 2.47018270473560E-01
 2.01071819314720E+03	 2.29941192370547E-01
 2.01072093104723E+03	 2.04247212162308E-01
 2.01072366894726E+03	 1.75554254209811E-01
 2.01072640684729E+03	 1.25422705118240E-01
 2.01072914474732E+03	 3.72709255650568E-02
 2.01073188264735E+03	-8.07660886682324E-02
 2.01073462054738E+03	-1.96467639675862E-01
 2.01073735844741E+03	-2.74263638483527E-01
 2.01074009634745E+03	-2.93670328191871E-01
 2.01074283424748E+03	-2.48276097459366E-01
 2.01074557214751E+03	-1.34714966171414E-01
 2.01074831004754E+03	 4.37781411923225E-02
 2.01075104794757E+03	 2.56057854886488E-01
 2.01075378584760E+03	 4.33763238147919E-01
 2.01075652374763E+03	 4.99795354461118E-01
 2.01075926164766E+03	 4.17922848159939E-01
 2.01076199954769E+03	 2.18582443466127E-01
 2.01076473744772E+03	-2.23934123532150E-02
 2.01076747534775E+03	-2.30226263535619E-01
 2.01077021324778E+03	-3.62413664765007E-01
 2.01077295114781E+03	-4.07052146849575E-01
 2.01077568904785E+03	-3.65540763272457E-01
 2.01077842694788E+03	-2.47109520254731E-01
 2.01078116484791E+03	-7.95099069433548E-02
 2.01078390274794E+03	 8.71087814779609E-02
 2.01078664064797E+03	 2.01619849292259E-01
 2.01078937854800E+03	 2.43887839511609E-01
 2.01079211644803E+03	 2.33791515667400E-01
 2.01079485434806E+03	 2.06303791164940E-01
 2.01079759224809E+03	 1.78055039933514E-01
 2.01080033014812E+03	 1.37562055968998E-01
 2.01080306804815E+03	 6.46796416239684E-02
 2.01080580594818E+03	-4.26648866976902E-02
 2.01080854384821E+03	-1.59702900072366E-01
 2.01081128174825E+03	-2.50055835951353E-01
 2.01081401964828E+03	-2.87655053387095E-01
 2.01081675754831E+03	-2.63029334994395E-01
 2.01081949544834E+03	-1.73059184927844E-01
 2.01082223334837E+03	-1.70202288897887E-02
 2.01082497124840E+03	 1.86659702654598E-01
 2.01082770914843E+03	 3.82850376715066E-01
 2.01083044704846E+03	 4.93818227441315E-01
 2.01083318494849E+03	 4.64848945228663E-01
 2.01083592284852E+03	 3.02351443937683E-01
 2.01083866074855E+03	 6.93292264164786E-02
 2.01084139864858E+03	-1.55378726022970E-01
 2.01084413654861E+03	-3.16549414965287E-01
 2.01084687444864E+03	-3.92434836606937E-01
 2.01084961234868E+03	-3.80724209972130E-01
 2.01085235024871E+03	-2.87469400971137E-01
 2.01085508814874E+03	-1.33352935745763E-01
 2.01085782604877E+03	 3.78044957839396E-02
 2.01086056394880E+03	 1.71848663521537E-01
 2.01086330184883E+03	 2.35749596616279E-01
 2.01086603974886E+03	 2.37102704065806E-01
 2.01086877764889E+03	 2.09759747105763E-01
 2.01087151554892E+03	 1.79751272130349E-01
 2.01087425344895E+03	 1.45088001687726E-01
 2.01087699134898E+03	 8.59686424505561E-02
 2.01087972924901E+03	-8.29625953049465E-03
 2.01088246714904E+03	-1.22239607352505E-01
 2.01088520504908E+03	-2.21628229832961E-01
 2.01088794294911E+03	-2.75662397121912E-01
 2.01089068084914E+03	-2.70358819023839E-01
 2.01089341874917E+03	-2.02329817938902E-01
 2.01089615664920E+03	-6.95385708861081E-02
 2.01089889454923E+03	 1.19157155334500E-01
 2.01090163244926E+03	 3.23066601822581E-01
 2.01090437034929E+03	 4.70045001579657E-01
 2.01090710824932E+03	 4.92992501053237E-01
 2.01090984614935E+03	 3.74796839540005E-01
 2.01091258404938E+03	 1.60487183229048E-01
 2.01091532194941E+03	-7.29481363099415E-02
 2.01091805984944E+03	-2.59709874344955E-01
 2.01092079774948E+03	-3.66528259959376E-01
 2.01092353564951E+03	-3.85408146608588E-01
 2.01092627354954E+03	-3.19539202128103E-01
 2.01092901144957E+03	-1.83752007342986E-01
 2.01093174934960E+03	-1.44198294254064E-02
 2.01093448724963E+03	 1.35031972436192E-01
 2.01093722514966E+03	 2.21400064664988E-01
 2.01093996304969E+03	 2.38457935006838E-01
 2.01094270094972E+03	 2.14473527499213E-01
 2.01094543884975E+03	 1.81906579643587E-01
 2.01094817674978E+03	 1.49434631151452E-01
 2.01095091464981E+03	 1.01407142710371E-01
 2.01095365254984E+03	 2.12239640735772E-02
 2.01095639044988E+03	-8.56575455999232E-02
 2.01095912834991E+03	-1.90087839389256E-01
 2.01096186624994E+03	-2.58359233964071E-01
 2.01096460414997E+03	-2.71077180621753E-01
 2.01096734205000E+03	-2.23283328284219E-01
 2.01097007995003E+03	-1.13151996314734E-01
 2.01097281785006E+03	 5.65070366569895E-02
 2.01097555575009E+03	 2.58653270209999E-01
 2.01097829365012E+03	 4.31383390811654E-01
 2.01098103155015E+03	 5.01979865916048E-01
 2.01098376945018E+03	 4.32658107299327E-01
 2.01098650735021E+03	 2.47121384394560E-01
 2.01098924525024E+03	 1.43983577644917E-02
 2.01099198315027E+03	-1.92850734529974E-01
 2.01099472105031E+03	-3.29338590181823E-01
 2.01099745895034E+03	-3.79213539505675E-01
 2.01100019685037E+03	-3.42285580847173E-01
 2.01100293475040E+03	-2.28725414516415E-01
 2.01100567265043E+03	-6.73512939262649E-02
 2.01100841055046E+03	 9.22147963108887E-02
 2.01101114845049E+03	 2.00110518783666E-01
 2.01101388635052E+03	 2.36332096995917E-01
 2.01101662425055E+03	 2.19758519063928E-01
 2.01101936215058E+03	 1.85363409151224E-01
 2.01102210005061E+03	 1.52142521293646E-01
 2.01102483795064E+03	 1.11782166930564E-01
 2.01102757585067E+03	 4.52352591429723E-02
 2.01103031375071E+03	-5.14735784437128E-02
 2.01103305165074E+03	-1.56729645050310E-01
 2.01103578955077E+03	-2.36475691045776E-01
 2.01103852745080E+03	-2.65888037794971E-01
 2.01104126535083E+03	-2.36819012975612E-01
 2.01104400325086E+03	-1.47952933334855E-01
 2.01104674115089E+03	 7.44721718759901E-04
 2.01104947905092E+03	 1.93554618087716E-01
 2.01105221695095E+03	 3.81485683434606E-01
 2.01105495485098E+03	 4.92747469694366E-01
 2.01105769275101E+03	 4.73628134902915E-01
 2.01106043065104E+03	 3.25346186941104E-01
 2.01106316855107E+03	 1.03426385609700E-01
 2.01106590645111E+03	-1.17524564744176E-01
 2.01106864435114E+03	-2.81168286582922E-01
 2.01107138225117E+03	-3.61925977132443E-01
 2.01107412015120E+03	-3.54976180646891E-01
 2.01107685805123E+03	-2.66620734206960E-01
 2.01107959595126E+03	-1.18743145959939E-01
 2.01108233385129E+03	 4.49581702657111E-02
 2.01108507175132E+03	 1.71733531996442E-01
 2.01108780965135E+03	 2.29307420579586E-01
 2.01109054755138E+03	 2.24487592569849E-01
 2.01109328545141E+03	 1.90436854611603E-01
 2.01109602335144E+03	 1.54653304664890E-01
 2.01109876125147E+03	 1.18290488685347E-01
 2.01110149915150E+03	 6.36059768014630E-02
 2.01110423705154E+03	-2.09947623668166E-02
 2.01110697495157E+03	-1.22990178768819E-01
 2.01110971285160E+03	-2.10880503458348E-01
 2.01111245075163E+03	-2.55410298178155E-01
 2.01111518865166E+03	-2.43817181650932E-01
 2.01111792655169E+03	-1.74531297686125E-01
 2.01112066445172E+03	-4.70192285683873E-02
 2.01112340235175E+03	 1.31099180895279E-01
 2.01112614025178E+03	 3.24354084764532E-01
 2.01112887815181E+03	 4.67401277780943E-01
 2.01113161605184E+03	 4.96556386090283E-01
 2.01113435395187E+03	 3.91685429477487E-01
 2.01113709185190E+03	 1.90527776100110E-01
 2.01113982975194E+03	-3.59101093696693E-02
 2.01114256765197E+03	-2.22722319612248E-01
 2.01114530555200E+03	-3.33513350922661E-01
 2.01114804345203E+03	-3.57125013793610E-01
 2.01115078135206E+03	-2.96140616081325E-01
 2.01115351925209E+03	-1.66477284114257E-01
 2.01115625715212E+03	-4.81383602517720E-03
 2.01115899505215E+03	 1.36735120604369E-01
 2.01116173295218E+03	 2.16271127835093E-01
 2.01116447085221E+03	 2.27255402676539E-01
 2.01116720875224E+03	 1.96880500434446E-01
 2.01116994665227E+03	 1.58118712370323E-01
 2.01117268455230E+03	 1.22377416361997E-01
 2.01117542245234E+03	 7.67448069319371E-02
 2.01117816035237E+03	 4.82359412902200E-03
 2.01118089825240E+03	-9.03511891196827E-02
 2.01118363615243E+03	-1.82626607438104E-01
 2.01118637405246E+03	-2.40247465884733E-01
 2.01118911195249E+03	-2.45047187772315E-01
 2.01119184985252E+03	-1.93744965481065E-01
 2.01119458775255E+03	-8.64909865757414E-02
 2.01119732565258E+03	 7.37914172438441E-02
 2.01120006355261E+03	 2.63940795870376E-01
 2.01120280145264E+03	 4.28957825121671E-01
 2.01120553935267E+03	 5.01530857155323E-01
 2.01120827725270E+03	 4.43383910714357E-01
 2.01121101515273E+03	 2.71982732396231E-01
 2.01121375305277E+03	 4.92339392572935E-02
 2.01121649095280E+03	-1.55203835681629E-01
 2.01121922885283E+03	-2.94181623433805E-01
 2.01122196675286E+03	-3.48451056439298E-01
 2.01122470465289E+03	-3.16326351253838E-01
 2.01122744255292E+03	-2.08684024077077E-01
 2.01123018045295E+03	-5.49897018769024E-02
 2.01123291835298E+03	 9.61538094772000E-02
 2.01123565625301E+03	 1.96569734420731E-01
 2.01123839415304E+03	 2.26575170872323E-01
 2.01124113205307E+03	 2.03927805173976E-01
 2.01124386995310E+03	 1.63249487904378E-01
 2.01124660785313E+03	 1.25542808768134E-01
 2.01124934575317E+03	 8.55442207682357E-02
 2.01125208365320E+03	 2.54898622106122E-02
 2.01125482155323E+03	-6.02065300266784E-02
 2.01125755945326E+03	-1.52948871902288E-01
 2.01126029735329E+03	-2.21074241006116E-01
 2.01126303525332E+03	-2.41148506203349E-01
 2.01126577315335E+03	-2.06519913031142E-01
 2.01126851105338E+03	-1.18006351788131E-01
 2.01127124895341E+03	 2.32283484588569E-02
 2.01127398685344E+03	 2.03792809122604E-01
 2.01127672475347E+03	 3.81002409330970E-01
 2.01127946265350E+03	 4.89828529058622E-01
 2.01128220055353E+03	 4.78654002662048E-01
 2.01128493845357E+03	 3.44261781491857E-01
 2.01128767635360E+03	 1.34696848867815E-01
 2.01129041425363E+03	-8.03731848956323E-02
 2.01129315215366E+03	-2.44457064958195E-01
 2.01129589005369E+03	-3.28865318480179E-01
 2.01129862795372E+03	-3.26517138369273E-01
 2.01130136585375E+03	-2.43811771999270E-01
 2.01130410375378E+03	-1.03442791276465E-01
 2.01130684165381E+03	 5.14983226941772E-02
 2.01130957955384E+03	 1.70102148994063E-01
 2.01131231745387E+03	 2.21082708390099E-01
 2.01131505535390E+03	 2.10402119441727E-01
 2.01131779325393E+03	 1.70224065036521E-01
 2.01132053115397E+03	 1.29139821783442E-01
 2.01132326905400E+03	 9.12603359801861E-02
 2.01132600695403E+03	 4.10367378169592E-02
 2.01132874485406E+03	-3.37138794907462E-02
 2.01133148275409E+03	-1.23207023523391E-01
 2.01133422065412E+03	-1.98711077655441E-01
 2.01133695855415E+03	-2.32672940942609E-01
 2.01133969645418E+03	-2.13708772563088E-01
 2.01134243435421E+03	-1.42305513008221E-01
 2.01134517225424E+03	-1.98633578700995E-02
 2.01134791015427E+03	 1.46782220092988E-01
 2.01135064805430E+03	 3.27310021386745E-01
 2.01135338595433E+03	 4.63741646033160E-01
 2.01135612385436E+03	 4.96824885607538E-01
 2.01135886175440E+03	 4.04330826423254E-01
 2.01136159965443E+03	 2.17018421911810E-01
 2.01136433755446E+03	-5.48407914125327E-04
 2.01136707545449E+03	-1.85275254475568E-01
 2.01136981335452E+03	-2.98492815176680E-01
 2.01137255125455E+03	-3.26305306501809E-01
 2.01137528915458E+03	-2.70649436889990E-01
 2.01137802705461E+03	-1.48178621014268E-01
 2.01138076495464E+03	 4.60334364089235E-03
 2.01138350285467E+03	 1.37343491117142E-01
 2.01138624075470E+03	 2.09720576546612E-01
 2.01138897865473E+03	 2.14879188865677E-01
 2.01139171655476E+03	 1.78668576871071E-01
 2.01139445445480E+03	 1.34193246064646E-01
 2.01139719235483E+03	 9.53434536476208E-02
 2.01139993025486E+03	 5.20168766825266E-02
 2.01140266815489E+03	-1.16572557151632E-02
 2.01140540605492E+03	-9.47791243911462E-02
 2.01140814395495E+03	-1.74161807955130E-01
 2.01141088185498E+03	-2.20164561365865E-01
 2.01141361975501E+03	-2.16021818783987E-01
 2.01141635765504E+03	-1.60311532682971E-01
 2.01141909555507E+03	-5.54917319818529E-02
 2.01142183345510E+03	 9.49480826801614E-02
 2.01142457135513E+03	 2.71477766028533E-01
 2.01142730925516E+03	 4.26303652467599E-01
 2.01143004715520E+03	 4.98374531337992E-01
 2.01143278505523E+03	 4.49920273012396E-01
 2.01143552295526E+03	 2.92746605889308E-01
 2.01143826085529E+03	 8.14661852393879E-02
 2.01144099875532E+03	-1.18052969984939E-01
 2.01144373665535E+03	-2.57725792929473E-01
 2.01144647455538E+03	-3.15505555675594E-01
 2.01144921245541E+03	-2.88312912850795E-01
 2.01145195035544E+03	-1.87442605978792E-01
 2.01145468825547E+03	-4.25332568132404E-02
 2.01145742615550E+03	 9.93019208481375E-02
 2.01146016405553E+03	 1.91879381787043E-01
 2.01146290195556E+03	 2.15879294075278E-01
 2.01146563985559E+03	 1.87709877023013E-01
 2.01146837775563E+03	 1.41261718627442E-01
 2.01147111565566E+03	 9.92411957770208E-02
 2.01147385355569E+03	 5.94298040509344E-02
 2.01147659145572E+03	 5.65414843017040E-03
 2.01147932935575E+03	-6.89220362936177E-02
 2.01148206725578E+03	-1.48598779970817E-01
 2.01148480515581E+03	-2.04248029579138E-01
 2.01148754305584E+03	-2.14028487157147E-01
 2.01149028095587E+03	-1.72948170295115E-01
 2.01149301885590E+03	-8.41996473832576E-02
 2.01149575675593E+03	 4.94579907296730E-02
 2.01149849465596E+03	 2.16613531303546E-01
 2.01150123255599E+03	 3.80951533852484E-01
 2.01150397045603E+03	 4.84840194796128E-01
 2.01150670835606E+03	 4.79722697721984E-01
 2.01150944625609E+03	 3.58720485396994E-01
 2.01151218415612E+03	 1.62525256613355E-01
 2.01151492205615E+03	-4.47196679725019E-02
 2.01151765995618E+03	-2.07295312639700E-01
 2.01152039785621E+03	-2.94150206016979E-01
 2.01152313575624E+03	-2.96212236326277E-01
 2.01152587365627E+03	-2.19782922714515E-01
 2.01152861155630E+03	-8.79085642491465E-02
 2.01153134945633E+03	 5.74200328467510E-02
 2.01153408735636E+03	 1.67480476299711E-01
 2.01153682525639E+03	 2.12062965424052E-01
 2.01153956315643E+03	 1.96093286590069E-01
 2.01154230105646E+03	 1.50362016030721E-01
 2.01154503895649E+03	 1.04200573516803E-01
 2.01154777685652E+03	 6.45871430716915E-02
 2.01155051475655E+03	 1.84303837397854E-02
 2.01155325265658E+03	-4.66231028257952E-02
 2.01155599055661E+03	-1.23292175663104E-01
 2.01155872845664E+03	-1.85696389905763E-01
 2.01156146635667E+03	-2.08213432495983E-01
 2.01156420425670E+03	-1.81020799065066E-01
 2.01156694215673E+03	-1.06841047502670E-01
 2.01156968005676E+03	 1.06796139285128E-02
 2.01157241795679E+03	 1.65115303091692E-01
 2.01157515585682E+03	 3.31168737457260E-01
 2.01157789375686E+03	 4.58619473267921E-01
 2.01158063165689E+03	 4.93492323499842E-01
 2.01158336955692E+03	 4.12343280778681E-01
 2.01158610745695E+03	 2.39350991584954E-01
 2.01158884535698E+03	 3.23094849289719E-02
 2.01159158325701E+03	-1.48341729545561E-01
 2.01159432115704E+03	-2.62513907805596E-01
 2.01159705905707E+03	-2.94017238490205E-01
 2.01159979695710E+03	-2.44072123420839E-01
 2.01160253485713E+03	-1.29649057535162E-01
 2.01160527275716E+03	 1.34390636012398E-02
 2.01160801065719E+03	 1.36993509548826E-01
 2.01161074855722E+03	 2.02404861123621E-01
 2.01161348645726E+03	 2.02348203184663E-01
 2.01161622435729E+03	 1.60964991195056E-01
 2.01161896225732E+03	 1.11095779001259E-01
 2.01162170015735E+03	 6.89329485417311E-02
 2.01162443805738E+03	 2.73767588378673E-02
 2.01162717595741E+03	-2.84704265169277E-02
 2.01162991385744E+03	-9.94928070500450E-02
 2.01163265175747E+03	-1.65455719572725E-01
 2.01163538965750E+03	-1.99061377732856E-01
 2.01163812755753E+03	-1.85169172955338E-01
 2.01164086545756E+03	-1.24372245611770E-01
 2.01164360335759E+03	-2.16627661470750E-02
 2.01164634125762E+03	 1.18560581105552E-01
 2.01164907915766E+03	 2.80153754110797E-01
 2.01165181705769E+03	 4.22688520525088E-01
 2.01165455495772E+03	 4.92032482416384E-01
 2.01165729285775E+03	 4.51809543101645E-01
 2.01166003075778E+03	 3.08783171161508E-01
 2.01166276865781E+03	 1.10228011669025E-01
 2.01166550655784E+03	-8.24620455002650E-02
 2.01166824445787E+03	-2.21162099580046E-01
 2.01167098235790E+03	-2.81636663969332E-01
 2.01167372025793E+03	-2.59498298381576E-01
 2.01167645815796E+03	-1.66109144677788E-01
 2.01167919605799E+03	-3.07526464786207E-02
 2.01168193395802E+03	 1.01391806680728E-01
 2.01168467185806E+03	 1.86324681413849E-01
 2.01168740975809E+03	 2.04978747853997E-01
 2.01169014765812E+03	 1.72062830599606E-01
 2.01169288555815E+03	 1.20305006998089E-01
 2.01169562345818E+03	 7.38431029253822E-02
 2.01169836135821E+03	 3.36006834101954E-02
 2.01170109925824E+03	-1.45671288513854E-02
 2.01170383715827E+03	-7.82882999780408E-02
 2.01170657505830E+03	-1.44614771310504E-01
 2.01170931295833E+03	-1.87141160911320E-01
 2.01171205085836E+03	-1.85885604762925E-01
 2.01171478875839E+03	-1.37689490720904E-01
 2.01171752665842E+03	-4.82817525664834E-02
 2.01172026455845E+03	 7.77083284199801E-02
 2.01172300245849E+03	 2.30553806018649E-01
 2.01172574035852E+03	 3.80274595128867E-01
 2.01172847825855E+03	 4.77072287073015E-01
 2.01173121615858E+03	 4.76255743486926E-01
 2.01173395405861E+03	 3.68040764336764E-01
 2.01173669195864E+03	 1.85997678454361E-01
 2.01173942985867E+03	-1.17140852380587E-02
 2.01174216775870E+03	-1.71009628363753E-01
 2.01174490565873E+03	-2.59219617427160E-01
 2.01174764355876E+03	-2.65540648287379E-01
 2.01175038145879E+03	-1.95929799193624E-01
 2.01175311935882E+03	-7.32660881513898E-02
 2.01175585725885E+03	 6.20568966286693E-02
 2.01175859515889E+03	 1.63761108577927E-01
 2.01176133305892E+03	 2.02654104400775E-01
 2.01176407095895E+03	 1.82297644145461E-01
 2.01176680885898E+03	 1.31652754281344E-01
 2.01176954675901E+03	 8.04312304521252E-02
 2.01177228465904E+03	 3.84597104283986E-02
 2.01177502255907E+03	-4.50830784513777E-03
 2.01177776045910E+03	-6.04592013810215E-02
 2.01178049835913E+03	-1.24320601588750E-01
 2.01178323625916E+03	-1.73161862819724E-01
 2.01178597415919E+03	-1.83579545348810E-01
 2.01178871205922E+03	-1.47531477131434E-01
 2.01179144995925E+03	-7.01089892066243E-02
 2.01179418785929E+03	 4.25995493222688E-02
 2.01179692575932E+03	 1.84291942889967E-01
 2.01179966365935E+03	 3.34525229377819E-01
 2.01180240155938E+03	 4.51048678595763E-01
 2.01180513945941E+03	 4.85813198864253E-01
 2.01180787735944E+03	 4.14961310133847E-01
 2.01181061525947E+03	 2.56559418296612E-01
 2.01181335315950E+03	 6.14363501082577E-02
 2.01181609105953E+03	-1.13370991873223E-01
 2.01181882895956E+03	-2.27180250659249E-01
 2.01182156685959E+03	-2.61944683756881E-01
 2.01182430475962E+03	-2.18061146786611E-01
 2.01182704265965E+03	-1.12336037351268E-01
 2.01182978055968E+03	 2.06493993382434E-02
 2.01183251845972E+03	 1.35183490905330E-01
 2.01183525635975E+03	 1.94374371638560E-01
 2.01183799425978E+03	 1.90133372341727E-01
 2.01184073215981E+03	 1.44424893211416E-01
 2.01184347005984E+03	 8.93879234442278E-02
 2.01184620795987E+03	 4.33706781753448E-02
 2.01184894585990E+03	 2.57069121047586E-03
 2.01185168375993E+03	-4.63630286151064E-02
 2.01185442165996E+03	-1.05653591579549E-01
 2.01185715955999E+03	-1.57981880249131E-01
 2.01185989746002E+03	-1.78661812480000E-01
 2.01186263536005E+03	-1.54450798775177E-01
 2.01186537326008E+03	-8.81014988487692E-02
 2.01186811116012E+03	 1.27295154087341E-02
 2.01187084906015E+03	 1.42501021135777E-01
 2.01187358696018E+03	 2.88215224295732E-01
 2.01187632486021E+03	 4.16822618687503E-01
 2.01187906276024E+03	 4.81555310531798E-01
 2.01188180066027E+03	 4.48185797781232E-01
 2.01188453856030E+03	 3.19072094495185E-01
 2.01188727646033E+03	 1.34229874023474E-01
 2.01189001436036E+03	-4.99826563405624E-02
 2.01189275226039E+03	-1.86238566766803E-01
 2.01189549016042E+03	-2.48709084158840E-01
 2.01189822806045E+03	-2.31758857043341E-01
 2.01190096596048E+03	-1.46412997952976E-01
 2.01190370386052E+03	-2.10338827086238E-02
 2.01190644176055E+03	 1.01544874960098E-01
 2.01190917966058E+03	 1.79592311162808E-01
 2.01191191756061E+03	 1.94047735027291E-01
 2.01191465546064E+03	 1.57453766314467E-01
 2.01191739336067E+03	 1.00875422768860E-01
 2.01192013126070E+03	 4.96062481980242E-02
 2.01192286916073E+03	 7.87778568754339E-03
 2.01192560706076E+03	-3.58704425792310E-02
 2.01192834496079E+03	-8.94848400139592E-02
 2.01193108286082E+03	-1.42563484726315E-01
 2.01193382076085E+03	-1.71619997454135E-01
 2.01193655866088E+03	-1.58844335702883E-01
 2.01193929656091E+03	-1.03098876661286E-01
 2.01194203446095E+03	-1.27431795439209E-02
 2.01194477236098E+03	 1.05562025150463E-01
 2.01194751026101E+03	 2.43525680009086E-01
 2.01195024816104E+03	 3.77366567712296E-01
 2.01195298606107E+03	 4.65345452007286E-01
 2.01195572396110E+03	 4.67263209083023E-01
 2.01195846186113E+03	 3.71149294884557E-01
 2.01196119976116E+03	 2.03783187693091E-01
 2.01196393766119E+03	 1.70188961661684E-02
 2.01196667556122E+03	-1.37463821244700E-01
 2.01196941346125E+03	-2.26090392360395E-01
 2.01197215136128E+03	-2.36567303608420E-01
 2.01197488926131E+03	-1.74219452054941E-01
 2.01197762716135E+03	-6.11976308939718E-02
 2.01198036506138E+03	 6.41876431131142E-02
 2.01198310296141E+03	 1.58278489437000E-01
 2.01198584086144E+03	 1.92719144539339E-01
 2.01198857876147E+03	 1.69261096142536E-01
 2.01199131666150E+03	 1.14492032138860E-01
 2.01199405456153E+03	 5.81074217238025E-02
 2.01199679246156E+03	 1.27938288306817E-02
 2.01199953036159E+03	-2.83693553069542E-02
 2.01200226826162E+03	-7.63438605402262E-02
 2.01200500616165E+03	-1.27878329760872E-01
 2.01200774406168E+03	-1.63060883267836E-01
 2.01201048196171E+03	-1.61021778487481E-01
 2.01201321986175E+03	-1.15745350133600E-01
 2.01201595776178E+03	-3.47871928493593E-02
 2.01201869566181E+03	 7.32294786405697E-02
 2.01202143356184E+03	 2.01917548762275E-01
 2.01202417146187E+03	 3.35463312534397E-01
 2.01202690936190E+03	 4.39605357641872E-01
 2.01202964726193E+03	 4.72659411783730E-01
 2.01203238516196E+03	 4.11062656373720E-01
 2.01203512306199E+03	 2.67297457798035E-01
 2.01203786096202E+03	 8.51728886211926E-02
 2.01204059886205E+03	-8.23036071599774E-02
 2.01204333676208E+03	-1.94624586655664E-01
 2.01204607466211E+03	-2.32302253116341E-01
 2.01204881256215E+03	-1.94774099713993E-01
 2.01205155046218E+03	-9.81651937207774E-02
 2.01205428836221E+03	 2.47182770326593E-02
 2.01205702626224E+03	 1.30925786063491E-01
 2.01205976416227E+03	 1.85185310343232E-01
 2.01206250206230E+03	 1.78239017172868E-01
 2.01206523996233E+03	 1.29310720890516E-01
 2.01206797786236E+03	 6.93385080452896E-02
 2.01207071576239E+03	 1.86718024501920E-02
 2.01207345366242E+03	-2.28414561298766E-02
 2.01207619156245E+03	-6.63240007910107E-02
 2.01207892946248E+03	-1.14780954690380E-01
 2.01208166736251E+03	-1.53704894383355E-01
 2.01208440526254E+03	-1.61285791664386E-01
 2.01208714316258E+03	-1.26476764453821E-01
 2.01208988106261E+03	-5.43205572181440E-02
 2.01209261896264E+03	 4.48156175433811E-02
 2.01209535686267E+03	 1.64107673079000E-01
 2.01209809476270E+03	 2.93453300324256E-01
 2.01210083266273E+03	 4.07034495387152E-01
 2.01210357056276E+03	 4.65668086912818E-01
 2.01210630846279E+03	 4.37883472912206E-01
 2.01210904636282E+03	 3.22280824173115E-01
 2.01211178426285E+03	 1.51823981240395E-01
 2.01211452216288E+03	-2.25820744632047E-02
 2.01211726006291E+03	-1.55157765767815E-01
 2.01211999796294E+03	-2.19042601489947E-01
 2.01212273586298E+03	-2.07392854271505E-01
 2.01212547376301E+03	-1.30465924506174E-01
 2.01212821166304E+03	-1.51300261153527E-02
 2.01213094956307E+03	 9.84976938387989E-02
 2.01213368746310E+03	 1.70955267008473E-01
 2.01213642536313E+03	 1.82845051257584E-01
 2.01213916326316E+03	 1.43986087620410E-01
 2.01214190116319E+03	 8.32049324675551E-02
 2.01214463906322E+03	 2.66340988992260E-02
 2.01214737696325E+03	-1.80033999330316E-02
 2.01215011486328E+03	-5.90471960378754E-02
 2.01215285276331E+03	-1.03875335405227E-01
 2.01215559066334E+03	-1.44329631513280E-01
 2.01215832856338E+03	-1.59997496546546E-01
 2.01216106646341E+03	-1.35559945429538E-01
 2.01216380436344E+03	-7.20867955142728E-02
 2.01216654226347E+03	 1.93991489985008E-02
 2.01216928016350E+03	 1.30140281157315E-01
 2.01217201806353E+03	 2.53059426017917E-01
 2.01217475596356E+03	 3.70317060420691E-01
 2.01217749386359E+03	 4.48234854812286E-01
 2.01218023176362E+03	 4.51542089494434E-01
 2.01218296966365E+03	 3.66756221944531E-01
 2.01218570756368E+03	 2.14296292430319E-01
 2.01218844546371E+03	 3.95451542741460E-02
 2.01219118336374E+03	-1.08873218130293E-01
 2.01219392126377E+03	-1.97135290235192E-01
 2.01219665916381E+03	-2.11677782770324E-01
 2.01219939706384E+03	-1.56889940277916E-01
 2.01220213496387E+03	-5.36291258896089E-02
 2.01220487286390E+03	 6.23319596481559E-02
 2.01220761076393E+03	 1.50063875801823E-01
 2.01221034866396E+03	 1.81785923911141E-01
 2.01221308656399E+03	 1.56914648362431E-01
 2.01221582446402E+03	 9.90452304096275E-02
 2.01221856236405E+03	 3.73971371558027E-02
 2.01222130026408E+03	-1.24938909213171E-02
 2.01222403816411E+03	-5.36997305198419E-02
 2.01222677606414E+03	-9.54024629435515E-02
 2.01222951396417E+03	-1.35671920683479E-01
 2.01223225186421E+03	-1.57606665141320E-01
 2.01223498976424E+03	-1.43162922724284E-01
 2.01223772766427E+03	-8.85949729528407E-02
 2.01224046556430E+03	-3.97550549012715E-03
 2.01224320346433E+03	 9.95338197766537E-02
 2.01224594136436E+03	 2.15306065727199E-01
 2.01224867926439E+03	 3.31854008305277E-01
 2.01225141716442E+03	 4.22717674802644E-01
 2.01225415506445E+03	 4.52795646682305E-01
 2.01225689296448E+03	 3.99426020017807E-01
 2.01225963086451E+03	 2.70093139239962E-01
 2.01226236876454E+03	 1.01684685898889E-01
 2.01226510666457E+03	-5.73001281473985E-02
 2.01226784456461E+03	-1.67211310944462E-01
 2.01227058246464E+03	-2.07504688412002E-01
 2.01227332036467E+03	-1.76513675849879E-01
 2.01227605826470E+03	-8.91680349214290E-02
 2.01227879616473E+03	 2.40158731382720E-02
 2.01228153406476E+03	 1.23066268629013E-01
 2.01228427196479E+03	 1.74167759022680E-01
 2.01228700986482E+03	 1.66426598576079E-01
 2.01228974776485E+03	 1.15698025329458E-01
 2.01229248566488E+03	 5.11486805109750E-02
 2.01229522356491E+03	-5.07997411981450E-03
 2.01229796146494E+03	-4.91384635507017E-02
 2.01230069936497E+03	-8.91743001114540E-02
 2.01230343726500E+03	-1.28308035817731E-01
 2.01230617516504E+03	-1.54635859976953E-01
 2.01230891306507E+03	-1.49430624137355E-01
 2.01231165096510E+03	-1.04120586371093E-01
 2.01231438886513E+03	-2.61369428297662E-02
 2.01231712676516E+03	 7.14738127980419E-02
 2.01231986466519E+03	 1.80535007447780E-01
 2.01232260256522E+03	 2.93552893803344E-01
 2.01232534046525E+03	 3.91615122122395E-01
 2.01232807836528E+03	 4.43107405681763E-01
 2.01233081626531E+03	 4.19769880500214E-01
 2.01233355416534E+03	 3.17097827580613E-01
 2.01233629206537E+03	 1.61344182290259E-01
 2.01233902996540E+03	-2.29059252628139E-03
 2.01234176786544E+03	-1.30205092612503E-01
 2.01234450576547E+03	-1.95016922222716E-01
 2.01234724366550E+03	-1.88704010458475E-01
 2.01234998156553E+03	-1.20336783321226E-01
 2.01235271946556E+03	-1.47486782800613E-02
 2.01235545736559E+03	 9.09778808360861E-02
 2.01235819526562E+03	 1.59595862013203E-01
 2.01236093316565E+03	 1.70983698084307E-01
 2.01236367106568E+03	 1.31634354879161E-01
 2.01236640896571E+03	 6.74955098166546E-02
 2.01236914686574E+03	 5.14770845638922E-03
 2.01237188476577E+03	-4.40547075237674E-02
 2.01237462266580E+03	-8.45718430492755E-02
 2.01237736056584E+03	-1.22537842624445E-01
 2.01238009846587E+03	-1.51619579018318E-01
 2.01238283636590E+03	-1.54542363482043E-01
 2.01238557426593E+03	-1.18753014398502E-01
 2.01238831216596E+03	-4.76820358707170E-02
 2.01239105006599E+03	 4.50184460211651E-02
 2.01239378796602E+03	 1.48507046932620E-01
 2.01239652586605E+03	 2.56698982298128E-01
 2.01239926376608E+03	 3.57298015664188E-01
 2.01240200166611E+03	 4.24453193383639E-01
 2.01240473956614E+03	 4.28060994786644E-01
 2.01240747746617E+03	 3.53748616060615E-01
 2.01241021536620E+03	 2.16103976795445E-01
 2.01241295326624E+03	 5.40437292411897E-02
 2.01241569116627E+03	-8.73658600575963E-02
 2.01241842906630E+03	-1.74628192829671E-01
 2.01242116696633E+03	-1.93110733222928E-01
 2.01242390486636E+03	-1.45979638389504E-01
 2.01242664276639E+03	-5.22734584265929E-02
 2.01242938066642E+03	 5.51724125189731E-02
 2.01243211856645E+03	 1.38215023325163E-01
 2.01243485646648E+03	 1.69358133974578E-01
 2.01243759436651E+03	 1.45136943772300E-01
 2.01244033226654E+03	 8.54888552878312E-02
 2.01244307016657E+03	 1.86196275475214E-02
 2.01244580806660E+03	-3.71727811410338E-02
 2.01244854596663E+03	-8.06138780823613E-02
 2.01245128386667E+03	-1.18299412255320E-01
 2.01245402176670E+03	-1.49010804635924E-01
 2.01245675966673E+03	-1.58734085227902E-01
 2.01245949756676E+03	-1.32467922089754E-01
 2.01246223546679E+03	-6.89340844147655E-02
 2.01246497336681E+03	 1.92851863167111E-02
 2.01246771126685E+03	 1.18566560066438E-01
 2.01247044916688E+03	 2.21918659497822E-01
 2.01247318706691E+03	 3.21778529654806E-01
 2.01247592496694E+03	 3.99080561487266E-01
 2.01247866286697E+03	 4.25297084898184E-01
 2.01248140076700E+03	 3.79163131272913E-01
 2.01248413866703E+03	 2.63801945604543E-01
 2.01248687656707E+03	 1.09436993531402E-01
 2.01248961446710E+03	-4.02486078186734E-02
 2.01249235236713E+03	-1.47031797088986E-01
 2.01249509026716E+03	-1.89656489839403E-01
 2.01249782816719E+03	-1.65220822136038E-01
 2.01250056606722E+03	-8.69922164055671E-02
 2.01250330396725E+03	 1.72543242069325E-02
 2.01250604186728E+03	 1.10689788500077E-01
 2.01250877976731E+03	 1.60770950511295E-01
 2.01251151766734E+03	 1.54502163569830E-01
 2.01251425556737E+03	 1.03723846777808E-01
 2.01251699346740E+03	 3.51951122180909E-02
 2.01251973136743E+03	-2.74539352607369E-02
 2.01252246926747E+03	-7.60904665831794E-02
 2.01252520716750E+03	-1.15136067129596E-01
 2.01252794506753E+03	-1.47075915188268E-01
 2.01253068296756E+03	-1.62278336244377E-01
 2.01253342086759E+03	-1.45200697674336E-01
 2.01253615876762E+03	-8.99581054720408E-02
 2.01253889666765E+03	-6.40662064945740E-03
 2.01254163456768E+03	 8.98390542683085E-02
 2.01254437246771E+03	 1.89232564060074E-01
 2.01254711036774E+03	 2.86544636466903E-01
 2.01254984826777E+03	 3.69252521648373E-01
 2.01255258616780E+03	 4.13054508422789E-01
 2.01255532406783E+03	 3.93193743394600E-01
 2.01255806196786E+03	 3.02707907617400E-01
 2.01256079986790E+03	 1.61610183917896E-01
 2.01256353776793E+03	 9.32553678820038E-03
 2.01256627566796E+03	-1.13209114422226E-01
 2.01256901356799E+03	-1.78530483678292E-01
 2.01257175146802E+03	-1.77469817185738E-01
 2.01257448936805E+03	-1.17541232419699E-01
 2.01257722726808E+03	-2.10761819231058E-02
 2.01257996516811E+03	 7.81321159397653E-02
 2.01258270306814E+03	 1.44975190089011E-01
 2.01258544096817E+03	 1.58238223825026E-01
 2.01258817886820E+03	 1.20498930136038E-01
 2.01259091676823E+03	 5.41468419666508E-02
 2.01259365466826E+03	-1.42748748201449E-02
 2.01259639256830E+03	-6.97435039529631E-02
 2.01259913046833E+03	-1.12228761803725E-01
 2.01260186836836E+03	-1.45803004112634E-01
 2.01260460626839E+03	-1.65426131087049E-01
 2.01260734416842E+03	-1.56899857748747E-01
 2.01261008206845E+03	-1.10617655930896E-01
 2.01261281996848E+03	-3.24520013208215E-02
 2.01261555786851E+03	 6.14295420123574E-02
 2.01261829576854E+03	 1.58183249585427E-01
 2.01262103366857E+03	 2.52477527849456E-01
 2.01262377156860E+03	 3.37009265311511E-01
 2.01262650946863E+03	 3.93284598714109E-01
 2.01262924736866E+03	 3.96404746760824E-01
 2.01263198526870E+03	 3.31663484363520E-01
 2.01263472316873E+03	 2.08433854202946E-01
 2.01263746106876E+03	 5.93449678403234E-02
 2.01264019896879E+03	-7.44274892337410E-02
 2.01264293686882E+03	-1.60187916727468E-01
 2.01264567476885E+03	-1.82415059542059E-01
 2.01264841266888E+03	-1.42810050614117E-01
 2.01265115056891E+03	-5.81492919302830E-02
 2.01265388846894E+03	 4.19900928353005E-02
 2.01265662636897E+03	 1.22277158476558E-01
 2.01265936426900E+03	 1.55234781133845E-01
 2.01266210216903E+03	 1.34013237691726E-01
 2.01266484006906E+03	 7.42245099250112E-02
 2.01266757796909E+03	 2.44636439210308E-03
 2.01267031586913E+03	-6.04679702164624E-02
 2.01267305376916E+03	-1.08494933314034E-01
 2.01267579166919E+03	-1.44847482204017E-01
 2.01267852956922E+03	-1.68324914701387E-01
 2.01268126746925E+03	-1.67546541853377E-01
 2.01268400536928E+03	-1.30651702744049E-01
 2.01268674326931E+03	-5.89384206549167E-02
 2.01268948116934E+03	 3.25926797518955E-02
 2.01269221906937E+03	 1.28012490729769E-01
 2.01269495696940E+03	 2.19857181250570E-01
 2.01269769486943E+03	 3.03977914299879E-01
 2.01270043276946E+03	 3.68079335533031E-01
 2.01270317066949E+03	 3.89973144547526E-01
 2.01270590856953E+03	 3.50167015485436E-01
 2.01270864646956E+03	 2.48093146575639E-01
 2.01271138436959E+03	 1.07718068471472E-01
 2.01271412226962E+03	-3.22174470241563E-02
 2.01271686016965E+03	-1.35352553206450E-01
 2.01271959806968E+03	-1.80014153604836E-01
 2.01272233596971E+03	-1.61965585702505E-01
 2.01272507386974E+03	-9.24303377906513E-02
 2.01272781176977E+03	 3.91505363149031E-03
 2.01273054966980E+03	 9.34978852398518E-02
 2.01273328756983E+03	 1.44884219697079E-01
 2.01273602546986E+03	 1.42575394556183E-01
 2.01273876336989E+03	 9.37886863604920E-02
 2.01274150126993E+03	 2.21965716732765E-02
 2.01274423916996E+03	-4.75032072684047E-02
 2.01274697706999E+03	-1.02742680184978E-01
 2.01274971497002E+03	-1.43532671574212E-01
 2.01275245287005E+03	-1.70933650459057E-01
 2.01275519077008E+03	-1.77136063130996E-01
 2.01275792867011E+03	-1.49749032497082E-01
 2.01276066657014E+03	-8.56774208461319E-02
 2.01276340447017E+03	 2.85319113722932E-03
 2.01276614237020E+03	 9.78580177935762E-02
 2.01276888027023E+03	 1.88448453765876E-01
 2.01277161817026E+03	 2.71252653921102E-01
 2.01277435607029E+03	 3.39437359869765E-01
 2.01277709397033E+03	 3.75525661589308E-01
 2.01277983187036E+03	 3.58390238136428E-01
 2.01278256977039E+03	 2.79233200372418E-01
 2.01278530767042E+03	 1.52410187130730E-01
 2.01278804557045E+03	 1.16783168355599E-02
 2.01279078347048E+03	-1.05016013155650E-01
 2.01279352137051E+03	-1.70486085948697E-01
 2.01279625927054E+03	-1.74456425077534E-01
 2.01279899717057E+03	-1.22596082596353E-01
 2.01280173507060E+03	-3.43748402830692E-02
 2.01280447297063E+03	 5.98845681678344E-02
 2.01280721087066E+03	 1.27142435758228E-01
 2.01280994877069E+03	 1.44796716055776E-01
 2.01281268667072E+03	 1.10996163142779E-01
 2.01281542457076E+03	 4.38941469164390E-02
 2.01281816247079E+03	-3.05844190693552E-02
 2.01282090037082E+03	-9.38586252911868E-02
 2.01282363827085E+03	-1.40913151580050E-01
 2.01282637617088E+03	-1.72958296672787E-01
 2.01282911407091E+03	-1.85627845374897E-01
 2.01283185197094E+03	-1.67601440597995E-01
 2.01283458987097E+03	-1.12272956298736E-01
 2.01283732777100E+03	-2.79343903023560E-02
 2.01284006567103E+03	 6.69391760492181E-02
 2.01284280357106E+03	 1.57648988951323E-01
 2.01284554147109E+03	 2.39356822959199E-01
 2.01284827937112E+03	 3.09060656180545E-01
 2.01285101727116E+03	 3.54933594789545E-01
 2.01285375517119E+03	 3.57122893146965E-01
 2.01285649307122E+03	 3.01064266920599E-01
 2.01285923097125E+03	 1.91592636244052E-01
 2.01286196887128E+03	 5.53870156195348E-02
 2.01286470677131E+03	-7.04253911414365E-02
 2.01286744467134E+03	-1.54307045868476E-01
 2.01287018257137E+03	-1.80005647451874E-01
 2.01287292047140E+03	-1.47581172985702E-01
 2.01287565837143E+03	-7.12186155933974E-02
 2.01287839627146E+03	 2.29874529953336E-02
 2.01288113417149E+03	 1.02525793855108E-01
 2.01288387207152E+03	 1.39745102427003E-01
 2.01288660997156E+03	 1.24011380654714E-01
 2.01288934787159E+03	 6.59931846139918E-02
 2.01289208577162E+03	-1.00303492174270E-02
 2.01289482367165E+03	-8.10009781393668E-02
 2.01289756157168E+03	-1.35896810746444E-01
 2.01290029947171E+03	-1.73828142320520E-01
 2.01290303737174E+03	-1.92878772819479E-01
 2.01290577527177E+03	-1.83924449915721E-01
 2.01290851317180E+03	-1.38205012640625E-01
 2.01291125107183E+03	-5.95861604221932E-02
 2.01291398897186E+03	 3.47055852118163E-02
 2.01291672687189E+03	 1.26672505042127E-01
 2.01291946477192E+03	 2.08286392461830E-01
 2.01292220267195E+03	 2.78207088949138E-01
 2.01292494057199E+03	 3.30092855973112E-01
 2.01292767847202E+03	 3.47651639668992E-01
 2.01293041637205E+03	 3.13410582561222E-01
 2.01293315427208E+03	 2.23785215601792E-01
 2.01293589217211E+03	 9.70157279139340E-02
 2.01293863007214E+03	-3.30510852888142E-02
 2.01294136797217E+03	-1.32207402591335E-01
 2.01294410587220E+03	-1.78599758646053E-01
 2.01294684377223E+03	-1.66598396776778E-01
 2.01294958167226E+03	-1.05112486653454E-01
 2.01295231957229E+03	-1.54795273063400E-02
 2.01295505747232E+03	 7.20496223876319E-02
 2.01295779537235E+03	 1.27042479665799E-01
 2.01296053327239E+03	 1.31215812140828E-01
 2.01296327117242E+03	 8.66503988362991E-02
 2.01296600907245E+03	 1.32472996796996E-02
 2.01296874697248E+03	-6.37673328220238E-02
 2.01297148487251E+03	-1.27410141466454E-01
 2.01297422277254E+03	-1.72726211004856E-01
 2.01297696067257E+03	-1.98580200974726E-01
 2.01297969857260E+03	-1.98443860011123E-01
 2.01298243647263E+03	-1.62907239957288E-01
 2.01298517437266E+03	-9.16386558054009E-02
 2.01298791227269E+03	 9.31320441270249E-04
 2.01299065017272E+03	 9.47378006650941E-02
 2.01299338807275E+03	 1.77622662937611E-01
 2.01299612597279E+03	 2.47615257735466E-01
 2.01299886387282E+03	 3.02718200233152E-01
 2.01300160177285E+03	 3.31589044594114E-01
 2.01300433967288E+03	 3.16694583013724E-01
 2.01300707757291E+03	 2.47972780862225E-01
 2.01300981547294E+03	 1.34779921114904E-01
 2.01301255337297E+03	 5.47065889363853E-03
 2.01301529127300E+03	-1.05164172178344E-01
 2.01301802917303E+03	-1.70478792316236E-01
 2.01302076707306E+03	-1.79139763466925E-01
 2.01302350497309E+03	-1.34779830266070E-01
 2.01302624287312E+03	-5.37761830185981E-02
 2.01302898077315E+03	 3.71208780729454E-02
 2.01303171867318E+03	 1.06897230302038E-01
 2.01303445657322E+03	 1.31388629614450E-01
 2.01303719447325E+03	 1.03931779820237E-01
 2.01303993237328E+03	 3.78153521547096E-02
 2.01304267027331E+03	-4.23099229270521E-02
 2.01304540817334E+03	-1.14582429933070E-01
 2.01304814607337E+03	-1.68676642506731E-01
 2.01305088397340E+03	-2.02219553566382E-01
 2.01305362187343E+03	-2.10855944410362E-01
 2.01305635977346E+03	-1.85821864947389E-01
 2.01305909767349E+03	-1.23429873390714E-01
 2.01306183557352E+03	-3.42521846258905E-02
 2.01306457347355E+03	 6.12354162137996E-02
 2.01306731137358E+03	 1.46692741310838E-01
 2.01307004927362E+03	 2.17507230852976E-01
 2.01307278717365E+03	 2.74177963191439E-01
 2.01307552507368E+03	 3.10675433036424E-01
 2.01307826297371E+03	 3.11857142173858E-01
 2.01308100087374E+03	 2.63678721085237E-01
 2.01308373877377E+03	 1.67136268424403E-01
 2.01308647667380E+03	 4.34215192354831E-02
 2.01308921457383E+03	-7.43817528056972E-02
 2.01309195247386E+03	-1.56129000507690E-01
 2.01309469037389E+03	-1.84966691694446E-01
 2.01309742827392E+03	-1.59210872832059E-01
 2.01310016617395E+03	-9.02563017211235E-02
 2.01310290407398E+03	-5.97581811400424E-04
 2.01310564197402E+03	 8.00723083071799E-02
 2.01310837987405E+03	 1.23837190870551E-01
 2.01311111777408E+03	 1.16030962811123E-01
 2.01311385567411E+03	 6.18622003613182E-02
 2.01311659357414E+03	-1.73787935823123E-02
 2.01311933147417E+03	-9.69197809132667E-02
 2.01312206937420E+03	-1.60680629842742E-01
 2.01312480727423E+03	-2.03083414500218E-01
 2.01312754517426E+03	-2.20776571352519E-01
 2.01313028307429E+03	-2.06422921699764E-01
 2.01313302097432E+03	-1.54190137119785E-01
 2.01313575887435E+03	-7.03803782435702E-02
 2.01313849677438E+03	 2.58498522317464E-02
 2.01314123467442E+03	 1.14750803710277E-01
 2.01314397257445E+03	 1.87663369412730E-01
 2.01314671047448E+03	 2.45389131376249E-01
 2.01314944837451E+03	 2.86579965125082E-01
 2.01315218627454E+03	 3.00223695747311E-01
 2.01315492417457E+03	 2.70983567800773E-01
 2.01315766207460E+03	 1.92902741427457E-01
 2.01316039997463E+03	 7.91067965570056E-02
 2.01316313787466E+03	-4.12542553994641E-02
 2.01316587577469E+03	-1.36275833495894E-01
 2.01316861367472E+03	-1.84096706766549E-01
 2.01317135157475E+03	-1.77676650556181E-01
 2.01317408947478E+03	-1.23460347694772E-01
 2.01317682737481E+03	-3.93318884477122E-02
 2.01317956527485E+03	 4.77982097708217E-02
 2.01318230317488E+03	 1.08463868324982E-01
 2.01318504107491E+03	 1.21470684320556E-01
 2.01318777897494E+03	 8.33927611720340E-02
 2.01319051687497E+03	 9.71573678863751E-03
 2.01319325477500E+03	-7.44402318740288E-02
 2.01319599267503E+03	-1.47882320176373E-01
 2.01319873057506E+03	-2.00311114308289E-01
 2.01320146847509E+03	-2.27698361628113E-01
 2.01320420637512E+03	-2.24208099059843E-01
 2.01320694427515E+03	-1.83122772613150E-01
 2.01320968217518E+03	-1.06723608681063E-01
 2.01321242007521E+03	-1.13756245217465E-02
 2.01321515797525E+03	 8.11520616645806E-02
 2.01321789587528E+03	 1.57553408220961E-01
 2.01322063377531E+03	 2.16783316992724E-01
 2.01322337167534E+03	 2.60726915885240E-01
 2.01322610957537E+03	 2.83333867718710E-01
 2.01322884747540E+03	 2.70484477095359E-01
 2.01323158537543E+03	 2.11349073059665E-01
 2.01323432327546E+03	 1.10973409667819E-01
 2.01323706117549E+03	-7.30537036194578E-03
 2.01323979907552E+03	-1.11872035720825E-01
 2.01324253697555E+03	-1.76791442834903E-01
 2.01324527487558E+03	-1.89724885828338E-01
 2.01324801277561E+03	-1.52176207109126E-01
 2.01325075067565E+03	-7.73332564199198E-02
 2.01325348857568E+03	 1.16464505148158E-02
 2.01325622647571E+03	 8.57651569742404E-02
 2.01325896437574E+03	 1.19262292819842E-01
 2.01326170227577E+03	 1.00448699082871E-01
 2.01326444017580E+03	 3.72177472391778E-02
 2.01326717807583E+03	-4.77464800310768E-02
 2.01326991597586E+03	-1.29739029365003E-01
 2.01327265387589E+03	-1.92997575010611E-01
 2.01327539177592E+03	-2.30974405092915E-01
 2.01327812967595E+03	-2.38668234806748E-01
 2.01328086757598E+03	-2.09459880438722E-01
 2.01328360547601E+03	-1.42379611452872E-01
 2.01328634337604E+03	-5.00339733052635E-02
 2.01328908127608E+03	 4.54947340427100E-02
 2.01329181917611E+03	 1.26500770955992E-01
 2.01329455707614E+03	 1.88343688049142E-01
 2.01329729497617E+03	 2.34168901622016E-01
 2.01330003287620E+03	 2.62757314067173E-01
 2.01330277077623E+03	 2.63199760586337E-01
 2.01330550867626E+03	 2.22243763858716E-01
 2.01330824657629E+03	 1.37726591873791E-01
 2.01331098447632E+03	 2.58941079336145E-02
 2.01331372237635E+03	-8.40744115056509E-02
 2.01331646027638E+03	-1.63547177010811E-01
 2.01331919817641E+03	-1.95166339097105E-01
 2.01332193607644E+03	-1.75469325771418E-01
 2.01332467397648E+03	-1.12991210941153E-01
 2.01332741187651E+03	-2.66171843501797E-02
 2.01333014977654E+03	 5.67683367161003E-02
 2.01333288767657E+03	 1.09005301355776E-01
 2.01333562557660E+03	 1.11324484845856E-01
 2.01333836347663E+03	 6.31024731309044E-02
 2.01334110137666E+03	-1.80220228914029E-02
 2.01334383927669E+03	-1.06167528598456E-01
 2.01334657717672E+03	-1.80333641730905E-01
 2.01334931507675E+03	-2.29842142903742E-01
 2.01335205297678E+03	-2.49249833757167E-01
 2.01335479087681E+03	-2.32486548462631E-01
 2.01335752877684E+03	-1.76369421281896E-01
 2.01336026667688E+03	-8.94014343300161E-02
 2.01336300457691E+03	 7.71241846001520E-03
 2.01336574247694E+03	 9.38537710517342E-02
 2.01336848037697E+03	 1.59702773423070E-01
 2.01337121827700E+03	 2.07521449165609E-01
 2.01337395617703E+03	 2.39920143855255E-01
 2.01337669407706E+03	 2.50430593479784E-01
 2.01337943197709E+03	 2.25849405278780E-01
 2.01338216987712E+03	 1.58429905533272E-01
 2.01338490777715E+03	 5.68260895816632E-02
 2.01338764567718E+03	-5.42035096759758E-02
 2.01339038357721E+03	-1.45085541447383E-01
 2.01339312147724E+03	-1.94058989522425E-01
 2.01339585937727E+03	-1.92688162738324E-01
 2.01339859727731E+03	-1.44915476551904E-01
 2.01340133517734E+03	-6.51799290282789E-02
 2.01340407307737E+03	 2.29188262041106E-02
 2.01340681097740E+03	 9.09181663950692E-02
 2.01340954887743E+03	 1.14751550384162E-01
 2.01341228677746E+03	 8.52912114474132E-02
 2.01341502467749E+03	 1.30518354356616E-02
 2.01341776257752E+03	-7.76405440544152E-02
 2.01342050047755E+03	-1.61763374098839E-01
 2.01342323837758E+03	-2.23492765335764E-01
 2.01342597627761E+03	-2.55328603191992E-01
 2.01342871417764E+03	-2.51535823636952E-01
 2.01343145207767E+03	-2.07718234385290E-01
 2.01343418997771E+03	-1.28521033332601E-01
 2.01343692787774E+03	-3.18912697706302E-02
 2.01343966577777E+03	 5.91382878851588E-02
 2.01344240367780E+03	 1.30282875671142E-01
 2.01344514157783E+03	 1.80964050820390E-01
 2.01344787947786E+03	 2.15964261069951E-01
 2.01345061737789E+03	 2.33598188513377E-01
 2.01345335527792E+03	 2.22865301888118E-01
 2.01345609317795E+03	 1.72574050963298E-01
 2.01345883107798E+03	 8.41327669056773E-02
 2.01346156897801E+03	-2.36830642281823E-02
 2.01346430687804E+03	-1.22339383350560E-01
 2.01346704477807E+03	-1.86694549233156E-01
 2.01346978267811E+03	-2.03453521813363E-01
 2.01347252057814E+03	-1.71984287325885E-01
 2.01347525847817E+03	-1.02312772651795E-01
 2.01347799637820E+03	-1.40633407471328E-02
 2.01348073427823E+03	 6.58013277795959E-02
 2.01348347217826E+03	 1.10028475603893E-01
 2.01348621007829E+03	 1.01875434023584E-01
 2.01348894797832E+03	 4.34486300502807E-02
 2.01349168587835E+03	-4.52145651625164E-02
 2.01349442377838E+03	-1.37132531567337E-01
 2.01349716167841E+03	-2.11181537183455E-01
 2.01349989957844E+03	-2.56210324531570E-01
 2.01350263747847E+03	-2.65964735069976E-01
 2.01350537537851E+03	-2.35508882496112E-01
 2.01350811327854E+03	-1.66302589431680E-01
 2.01351085117857E+03	-7.26638295032816E-02
 2.01351358907860E+03	 2.21713761870398E-02
 2.01351632697863E+03	 9.94557908512149E-02
 2.01351906487866E+03	 1.54303167130628E-01
 2.01352180277869E+03	 1.91656675651534E-01
 2.01352454067872E+03	 2.14078100240156E-01
 2.01352727857875E+03	 2.14323986688122E-01
 2.01353001647878E+03	 1.80103431336407E-01
 2.01353275437881E+03	 1.06719179049828E-01
 2.01353549227884E+03	 6.04000331330980E-03
 2.01353823017887E+03	-9.64276619864452E-02
 2.01354096807890E+03	-1.73588132220840E-01
 2.01354370597894E+03	-2.07640704984622E-01
 2.01354644387897E+03	-1.93362540483480E-01
 2.01354918177900E+03	-1.36472482464433E-01
 2.01355191967903E+03	-5.23373867355309E-02
 2.01355465757906E+03	 3.49425204293887E-02
 2.01355739547909E+03	 9.70837156768057E-02
 2.01356013337912E+03	 1.11320703740257E-01
 2.01356287127915E+03	 7.09991443500985E-02
 2.01356560917918E+03	-1.04803577449135E-02
 2.01356834707921E+03	-1.06801826353987E-01
 2.01357108497924E+03	-1.92364845536102E-01
 2.01357382287927E+03	-2.51169738011700E-01
 2.01357656077930E+03	-2.75126922366883E-01
 2.01357929867934E+03	-2.58903866068802E-01
 2.01358203657937E+03	-2.01619140180320E-01
 2.01358477447940E+03	-1.13669873980766E-01
 2.01358751237943E+03	-1.68769064826665E-02
 2.01359025027946E+03	 6.66973284090619E-02
 2.01359298817949E+03	 1.27084039090555E-01
 2.01359572607952E+03	 1.67358157619150E-01
 2.01359846397955E+03	 1.93053401700122E-01
 2.01360120187958E+03	 2.01454959250830E-01
 2.01360393977961E+03	 1.81395018257154E-01
 2.01360667767964E+03	 1.23836858270064E-01
 2.01360941557967E+03	 3.35897007900726E-02
 2.01361215347970E+03	-6.86141088680925E-02
 2.01361489137974E+03	-1.55468336669023E-01
 2.01361762927977E+03	-2.05361705367680E-01
 2.01362036717980E+03	-2.08497363543332E-01
 2.01362310507983E+03	-1.66368996766040E-01
 2.01362584297986E+03	-9.00866511027569E-02
 2.01362858087989E+03	-1.88349696542279E-05
 2.01363131877992E+03	 7.64673678723450E-02
 2.01363405667995E+03	 1.12624919425219E-01
 2.01363679457998E+03	 9.36165671884341E-02
 2.01363953248001E+03	 2.45605713400729E-02
 2.01364227038004E+03	-7.17026364033792E-02
 2.01364500828007E+03	-1.66842419954951E-01
 2.01364774618010E+03	-2.39529650309101E-01
 2.01365048408013E+03	-2.78358856115817E-01
 2.01365322198017E+03	-2.77140508368428E-01
 2.01365595988020E+03	-2.33383510746113E-01
 2.01365869778023E+03	-1.53784851896392E-01
 2.01366143568026E+03	-5.74768342795420E-02
 2.01366417358029E+03	 3.17147755205210E-02
 2.01366691148032E+03	 9.87319436904300E-02
 2.01366964938035E+03	 1.43051810073906E-01
 2.01367238728038E+03	 1.71405293941794E-01
 2.01367512518041E+03	 1.85533715446898E-01
 2.01367786308044E+03	 1.77190823840287E-01
 2.01368060098047E+03	 1.35135988778626E-01
 2.01368333888050E+03	 5.77598068772495E-02
 2.01368607678053E+03	-4.02470086274114E-02
 2.01368881468057E+03	-1.33262453337427E-01
 2.01369155258060E+03	-1.96951404235569E-01
 2.01369429048063E+03	-2.17100637935653E-01
 2.01369702838066E+03	-1.90998631934729E-01
 2.01369976628069E+03	-1.25639065998326E-01
 2.01370250418072E+03	-3.72476156341936E-02
 2.01370524208075E+03	 4.92782749557914E-02
 2.01370797998078E+03	 1.05412909303409E-01
 2.01371071788081E+03	 1.09514579792040E-01
 2.01371345578084E+03	 5.76789426475983E-02
 2.01371619368087E+03	-3.33210795585678E-02
 2.01371893158090E+03	-1.34879619188958E-01
 2.01372166948093E+03	-2.20772912113857E-01
 2.01372440738097E+03	-2.74993918730809E-01
 2.01372714528100E+03	-2.89510901585689E-01
 2.01372988318103E+03	-2.60595609014598E-01
 2.01373262108106E+03	-1.91796794904658E-01
 2.01373535898109E+03	-9.87817165646693E-02
 2.01373809688112E+03	-5.46863799016223E-03
 2.01374083478115E+03	 6.87005504451511E-02
 2.01374357268118E+03	 1.18423609298158E-01
 2.01374631058121E+03	 1.49653837729925E-01
 2.01374904848124E+03	 1.67736110555718E-01
 2.01375178638127E+03	 1.68492075702221E-01
 2.01375452428130E+03	 1.40677186644583E-01
 2.01375726218133E+03	 7.76053311224093E-02
 2.01376000008136E+03	-1.26813530250967E-02
 2.01376273798140E+03	-1.08070643968736E-01
 2.01376547588143E+03	-1.82957824125601E-01
 2.01376821378146E+03	-2.19127652058725E-01
 2.01377095168149E+03	-2.09648889417184E-01
 2.01377368958152E+03	-1.57553782497958E-01
 2.01377642748155E+03	-7.48684654278311E-02
 2.01377916538158E+03	 1.70408863170811E-02
 2.01378190328161E+03	 8.99590921886708E-02
 2.01378464118164E+03	 1.17390355919512E-01
 2.01378737908167E+03	 8.66364987477940E-02
 2.01379011698170E+03	 6.39278153545181E-03
 2.01379285488173E+03	-9.72857069620819E-02
 2.01379559278176E+03	-1.94671220465686E-01
 2.01379833068180E+03	-2.64412285542623E-01
 2.01380106858183E+03	-2.95342378635869E-01
 2.01380380648186E+03	-2.82359362710033E-01
 2.01380654438189E+03	-2.26497831626998E-01
 2.01380928228192E+03	-1.39706761582084E-01
 2.01381202018195E+03	-4.44801751245057E-02
 2.01381475808198E+03	 3.66056356029455E-02
 2.01381749598201E+03	 9.29800120624450E-02
 2.01382023388204E+03	 1.27953925401526E-01
 2.01382297178207E+03	 1.49017014961829E-01
 2.01382570968210E+03	 1.56428856483403E-01
 2.01382844758213E+03	 1.40899464371924E-01
 2.01383118548216E+03	 9.25138131883641E-02
 2.01383392338220E+03	 1.28110588169972E-02
 2.01383666128223E+03	-8.11239833511995E-02
 2.01383939918226E+03	-1.64132908592891E-01
 2.01384213708229E+03	-2.14758639318876E-01
 2.01384487498232E+03	-2.21884089066631E-01
 2.01384761288235E+03	-1.84671152033545E-01
 2.01385035078238E+03	-1.11102689621860E-01
 2.01385308868241E+03	-1.84483716141429E-02
 2.01385582658244E+03	 6.71402052129793E-02
 2.01385856448247E+03	 1.16550379399343E-01
 2.01386130238250E+03	 1.09411835935677E-01
 2.01386404028253E+03	 4.51821993448827E-02
 2.01386677818256E+03	-5.54295748704340E-02
 2.01386951608260E+03	-1.61408698462733E-01
 2.01387225398263E+03	-2.46125907787229E-01
 2.01387499188266E+03	-2.93994409995699E-01
 2.01387772978269E+03	-2.97876238574627E-01
 2.01388046768272E+03	-2.56752146235025E-01
 2.01388320558275E+03	-1.79026471491874E-01
 2.01388594348278E+03	-8.46141077837029E-02
 2.01388868138281E+03	 2.32632794196286E-03
 2.01389141928284E+03	 6.61833718010045E-02
 2.01389415718287E+03	 1.06143569484927E-01
 2.01389689508290E+03	 1.30028306671692E-01
 2.01389963298293E+03	 1.42122553004174E-01
 2.01390237088296E+03	 1.36547257338652E-01
 2.01390510878299E+03	 1.02245326836788E-01
 2.01390784668303E+03	 3.51342141671409E-02
 2.01391058458306E+03	-5.37240808392498E-02
 2.01391332248309E+03	-1.41417927431341E-01
 2.01391606038312E+03	-2.04386194998092E-01
 2.01391879828315E+03	-2.27522115823901E-01
 2.01392153618318E+03	-2.06129482735857E-01
 2.01392427408321E+03	-1.44373793278627E-01
 2.01392701198324E+03	-5.52835310365724E-02
 2.01392974988327E+03	 3.83293382754590E-02
 2.01393248778330E+03	 1.06965888145631E-01
 2.01393522568333E+03	 1.24403846641434E-01
 2.01393796358336E+03	 8.06886656273479E-02
 2.01394070148339E+03	-1.11834896467213E-02
 2.01394343938343E+03	-1.21676195318189E-01
 2.01394617728346E+03	-2.19888734028304E-01
 2.01394891518349E+03	-2.84884013226135E-01
 2.01395165308352E+03	-3.06428276252467E-01
 2.01395439098355E+03	-2.81534351038786E-01
 2.01395712888358E+03	-2.15472172654736E-01
 2.01395986678361E+03	-1.24889623792009E-01
 2.01396260468364E+03	-3.39375084604356E-02
 2.01396534258367E+03	 3.75846968613780E-02
 2.01396808048370E+03	 8.38343367855160E-02
 2.01397081838373E+03	 1.11085183559014E-01
 2.01397355628376E+03	 1.26559375468468E-01
 2.01397629418379E+03	 1.28565480089855E-01
 2.01397903208383E+03	 1.06933842522250E-01
 2.01398176998386E+03	 5.34514325043034E-02
 2.01398450788389E+03	-2.71659771652373E-02
 2.01398724578392E+03	-1.15917043149202E-01
 2.01398998368395E+03	-1.88607415563038E-01
 2.01399272158398E+03	-2.26611257199972E-01
 2.01399545948401E+03	-2.21356686761701E-01
 2.01399819738404E+03	-1.73375523289298E-01
 2.01400093528407E+03	-9.16001278661735E-02
 2.01400367318410E+03	 5.24937388486156E-03
 2.01400641108413E+03	 8.92550912220670E-02
 2.01400914898416E+03	 1.30587201987405E-01
 2.01401188688419E+03	 1.10678285661085E-01
 2.01401462478422E+03	 3.32034410153398E-02
 2.01401736268426E+03	-7.67147886196718E-02
 2.01402010058429E+03	-1.85814552082192E-01
 2.01402283848432E+03	-2.67544752699774E-01
 2.01402557638435E+03	-3.07366246834695E-01
 2.01402831428438E+03	-2.99940292382218E-01
 2.01403105218441E+03	-2.47814126782341E-01
 2.01403379008444E+03	-1.64135751038718E-01
 2.01403652798447E+03	-7.16553857091515E-02
 2.01403926588450E+03	 6.93526223201767E-03
 2.01404200378453E+03	 6.05283901019246E-02
 2.01404474168456E+03	 9.21825850284392E-02
 2.01404747958459E+03	 1.10491330175285E-01
 2.01405021748462E+03	 1.17976392190835E-01
 2.01405295538466E+03	 1.07047937399045E-01
 2.01405569328469E+03	 6.72477867542840E-02
 2.01405843118472E+03	-2.65030767039395E-03
 2.01406116908475E+03	-8.88540082664357E-02
 2.01406390698478E+03	-1.68216074300079E-01
 2.01406664488481E+03	-2.19412904332251E-01
 2.01406938278484E+03	-2.30047385153051E-01
 2.01407212068487E+03	-1.97103042043645E-01
 2.01407485858490E+03	-1.25699038558786E-01
 2.01407759648493E+03	-3.01924699433558E-02
 2.01408033438496E+03	 6.45993834196851E-02
 2.01408307228499E+03	 1.27601853430320E-01
 2.01408581018502E+03	 1.33260147604286E-01
 2.01408854808506E+03	 7.52892243925434E-02
 2.01409128598509E+03	-2.82936997406071E-02
 2.01409402388512E+03	-1.44480158399835E-01
 2.01409676178515E+03	-2.41715646064794E-01
 2.01409949968518E+03	-3.00117310884552E-01
 2.01410223758521E+03	-3.11179388176119E-01
 2.01410497548524E+03	-2.74918389760682E-01
 2.01410771338527E+03	-2.01086332098617E-01
 2.01411045128530E+03	-1.09999714283071E-01
 2.01411318918533E+03	-2.57367373556780E-02
 2.01411592708536E+03	 3.57438572062017E-02
 2.01411866498539E+03	 7.30563505144472E-02
 2.01412140288542E+03	 9.43767100742780E-02
 2.01412414078545E+03	 1.05754763211610E-01
 2.01412687868549E+03	 1.03314810743804E-01
 2.01412961658552E+03	 7.63612145339099E-02
 2.01413235448555E+03	 1.88056404800636E-02
 2.01413509238558E+03	-6.15101248082638E-02
 2.01413783028561E+03	-1.44188089325893E-01
 2.01414056818564E+03	-2.06391631251909E-01
 2.01414330608567E+03	-2.32135977169511E-01
 2.01414604398570E+03	-2.14853570189930E-01
 2.01414878188573E+03	-1.56133597033384E-01
 2.01415151978576E+03	-6.60672500561352E-02
 2.01415425768579E+03	 3.46090585426595E-02
 2.01415699558582E+03	 1.15768409065532E-01
 2.01415973348585E+03	 1.47068602511535E-01
 2.01416247138589E+03	 1.12658226582645E-01
 2.01416520928592E+03	 2.13823341878777E-02
 2.01416794718595E+03	-9.69910639553029E-02
 2.01417068508598E+03	-2.07447626116384E-01
 2.01417342298601E+03	-2.84221627634630E-01
 2.01417616088604E+03	-3.14562185909360E-01
 2.01417889878607E+03	-2.95775903074993E-01
 2.01418163668610E+03	-2.34468894929984E-01
 2.01418437458613E+03	-1.47912301257106E-01
 2.01418711248616E+03	-6.00918307977868E-02
 2.01418985038619E+03	 9.13041968966392E-03
 2.01419258828622E+03	 5.32777227385435E-02
 2.01419532618625E+03	 7.83661535889643E-02
 2.01419806408629E+03	 9.27179811952018E-02
 2.01420080198632E+03	 9.66171354576082E-02
 2.01420353988635E+03	 8.09760647189159E-02
 2.01420627778638E+03	 3.64462272779415E-02
 2.01420901568641E+03	-3.51458283013111E-02
 2.01421175358644E+03	-1.17653471502689E-01
 2.01421449148647E+03	-1.88209886138224E-01
 2.01421722938650E+03	-2.27773836739959E-01
 2.01421996728653E+03	-2.26206564268717E-01
 2.01422270518656E+03	-1.81757499537481E-01
 2.01422544308659E+03	-1.00565530111630E-01
 2.01422818098662E+03	 1.15934755506087E-03
 2.01423091888665E+03	 9.60317689413825E-02
 2.01423365678669E+03	 1.51386994551772E-01
 2.01423639468672E+03	 1.43147760651662E-01
 2.01423913258675E+03	 6.98300170718237E-02
 2.01424187048678E+03	-4.49909122788479E-02
 2.01424460838681E+03	-1.65208497291891E-01
 2.01424734628684E+03	-2.59399757203103E-01
 2.01425008418687E+03	-3.09497929258494E-01
 2.01425282208690E+03	-3.09508637166205E-01
 2.01425555998693E+03	-2.63075149939840E-01
 2.01425829788696E+03	-1.84189443780856E-01
 2.01426103578699E+03	-9.54874511091287E-02
 2.01426377368702E+03	-1.94400892155829E-02
 2.01426651158705E+03	 3.23658073870455E-02
 2.01426924948708E+03	 6.23336164507097E-02
 2.01427198738712E+03	 7.94453447714200E-02
 2.01427472528715E+03	 8.78764555930834E-02
 2.01427746318718E+03	 8.15781354773261E-02
 2.01428020108721E+03	 4.98333289085656E-02
 2.01428293898724E+03	-1.09126340019875E-02
 2.01428567688727E+03	-8.98499331843167E-02
 2.01428841478730E+03	-1.65721235373097E-01
 2.01429115268733E+03	-2.17314837258151E-01
 2.01429389058736E+03	-2.30994730548502E-01
 2.01429662848739E+03	-2.01737482905415E-01
 2.01429936638742E+03	-1.32104366868129E-01
 2.01430210428745E+03	-3.37806155990258E-02
 2.01430484218748E+03	 6.98448998001385E-02
 2.01430758008752E+03	 1.46199201117338E-01
 2.01431031798755E+03	 1.65052702650617E-01
 2.01431305588758E+03	 1.14491999241404E-01
 2.01431579378761E+03	 9.39636035034578E-03
 2.01431853168764E+03	-1.15964088181200E-01
 2.01432126958767E+03	-2.25643992354466E-01
 2.01432400748770E+03	-2.95514252972097E-01
 2.01432674538773E+03	-3.15363380495804E-01
 2.01432948328776E+03	-2.85806885066915E-01
 2.01433222118779E+03	-2.17570268385292E-01
 2.01433495908782E+03	-1.31022395949351E-01
 2.01433769698785E+03	-4.98182918116947E-02
 2.01434043488788E+03	 9.90114083917296E-03
 2.01434317278792E+03	 4.59452831707311E-02
 2.01434591068795E+03	 6.62362493207441E-02
 2.01434864858798E+03	 7.79389127449829E-02
 2.01435138648801E+03	 7.88760420601235E-02
 2.01435412438804E+03	 5.88702014721453E-02
 2.01435686228807E+03	 1.02342814830627E-02
 2.01435960018810E+03	-6.20570072080486E-02
 2.01436233808813E+03	-1.39954578731510E-01
 2.01436507598816E+03	-2.01308795206070E-01
 2.01436781388819E+03	-2.29275897622884E-01
 2.01437055178822E+03	-2.15539621996321E-01
 2.01437328968825E+03	-1.59394158595535E-01
 2.01437602758828E+03	-6.83050512638536E-02
 2.01437876548831E+03	 3.90116826375831E-02
 2.01438150338835E+03	 1.32165818780921E-01
 2.01438424128838E+03	 1.77282000964024E-01
 2.01438697918841E+03	 1.52964071014505E-01
 2.01438971708844E+03	 6.36921877524463E-02
 2.01439245498847E+03	-6.12143875919811E-02
 2.01439519288850E+03	-1.83318814935567E-01
 2.01439793078853E+03	-2.72305203384973E-01
 2.01440066868856E+03	-3.12706730355592E-01
 2.01440340658859E+03	-3.01697902366719E-01
 2.01440614448862E+03	-2.46814985875811E-01
 2.01440888238865E+03	-1.65606493351479E-01
 2.01441162028868E+03	-8.15611356711250E-02
 2.01441435818871E+03	-1.43753248290305E-02
 2.01441709608875E+03	 2.87544830991893E-02
 2.01441983398878E+03	 5.31110993357878E-02
 2.01442257188881E+03	 6.74786836483297E-02
 2.01442530978884E+03	 7.36989808100735E-02
 2.01442804768887E+03	 6.37879313902386E-02
 2.01443078558890E+03	 2.76107400588754E-02
 2.01443352348893E+03	-3.55140980424958E-02
 2.01443626138896E+03	-1.12082395183568E-01
 2.01443899928899E+03	-1.80498237946806E-01
 2.01444173718902E+03	-2.21312436367766E-01
 2.01444447508905E+03	-2.22900610863713E-01
 2.01444721298908E+03	-1.81466464990900E-01
 2.01444995088911E+03	-1.00698859506009E-01
 2.01445268878915E+03	 5.51145379383660E-03
 2.01445542668918E+03	 1.10532218875870E-01
 2.01445816458921E+03	 1.79448095639643E-01
 2.01446090248924E+03	 1.83215994596657E-01
 2.01446364038927E+03	 1.15246306298541E-01
 2.01446637828930E+03	-2.96887485585805E-03
 2.01446911618933E+03	-1.33250256124580E-01
 2.01447185408936E+03	-2.39805823664939E-01
 2.01447459198939E+03	-3.01034316305074E-01
 2.01447732988942E+03	-3.09918858911571E-01
 2.01448006778945E+03	-2.70764185999607E-01
 2.01448280568948E+03	-1.98041998592996E-01
 2.01448554358951E+03	-1.13952851109066E-01
 2.01448828148954E+03	-4.04900827430129E-02
 2.01449101938958E+03	 1.03077779921597E-02
 2.01449375728961E+03	 3.98525359115793E-02
 2.01449649518964E+03	 5.69317254071711E-02
 2.01449923308967E+03	 6.68846937989069E-02
 2.01450197098970E+03	 6.50944998931490E-02
 2.01450470888973E+03	 4.08536973162531E-02
 2.01450744678976E+03	-1.13303681058708E-02
 2.01451018468979E+03	-8.33688034700330E-02
 2.01451292258982E+03	-1.55811108568617E-01
 2.01451566048985E+03	-2.07560369252825E-01
 2.01451839838988E+03	-2.23795310057549E-01
 2.01452113628991E+03	-1.97669745854176E-01
 2.01452387418994E+03	-1.29525473366045E-01
 2.01452661208998E+03	-2.86721334660306E-02
 2.01452934999001E+03	 8.29843733101913E-02
 2.01453208789004E+03	 1.71880078983099E-01
 2.01453482579007E+03	 2.03777334167733E-01
 2.01453756369010E+03	 1.61456567261730E-01
 2.01454030159013E+03	 5.63458274206660E-02
 2.01454303949016E+03	-7.67823454429762E-02
 2.01454577739019E+03	-1.98283229243422E-01
 2.01454851529022E+03	-2.80003326384531E-01
 2.01455125319025E+03	-3.09776097217320E-01
 2.01455399109028E+03	-2.88376172564967E-01
 2.01455672899031E+03	-2.27103548779120E-01
 2.01455946689034E+03	-1.46055564384973E-01
 2.01456220479038E+03	-6.81990403838550E-02
 2.01456494269041E+03	-9.75311989483275E-03
 2.01456768059044E+03	 2.60789590647208E-02
 2.01457041849047E+03	 4.64677458266307E-02
 2.01457315639050E+03	 5.91730190680119E-02
 2.01457589429053E+03	 6.34922386188535E-02
 2.01457863219056E+03	 4.99377361531736E-02
 2.01458137009059E+03	 9.60226009272221E-03
 2.01458410799062E+03	-5.50974896910514E-02
 2.01458684589065E+03	-1.28341283840736E-01
 2.01458958379068E+03	-1.88665609144546E-01
 2.01459232169071E+03	-2.18409395865009E-01
 2.01459505959074E+03	-2.07643728621688E-01
 2.01459779749078E+03	-1.53672967647834E-01
 2.01460053539081E+03	-6.16986502361788E-02
 2.01460327329084E+03	 5.14740596328570E-02
 2.01460601119087E+03	 1.55562241432561E-01
 2.01460874909090E+03	 2.13864543618034E-01
 2.01461148699093E+03	 1.99998457382876E-01
 2.01461422489096E+03	 1.14041974971252E-01
 2.01461696279099E+03	-1.57816285458265E-02
 2.01461970069102E+03	-1.48427249597706E-01
 2.01462243859105E+03	-2.49490794173331E-01
 2.01462517649108E+03	-3.00716834133947E-01
 2.01462791439111E+03	-2.98745355495236E-01
 2.01463065229114E+03	-2.51606275080864E-01
 2.01463339019117E+03	-1.76778682372328E-01
 2.01463612809121E+03	-9.69852037691790E-02
 2.01463886599124E+03	-3.16071191937247E-02
 2.01464160389127E+03	 1.13382051645300E-02
 2.01464434179130E+03	 3.60025489910705E-02
 2.01464707969133E+03	 5.11195549699143E-02
 2.01464981759136E+03	 5.97744842707463E-02
 2.01465255549139E+03	 5.51533659219876E-02
 2.01465529339142E+03	 2.66802499681150E-02
 2.01465803129145E+03	-2.84844688972917E-02
 2.01466076919148E+03	-9.93103223650790E-02
 2.01466350709151E+03	-1.65460978872418E-01
 2.01466624499154E+03	-2.07121810957765E-01
 2.01466898289157E+03	-2.11284317265037E-01
 2.01467172079161E+03	-1.72362804436495E-01
 2.01467445869164E+03	-9.19814682685905E-02
 2.01467719659167E+03	 1.80371117203466E-02
 2.01467993449170E+03	 1.32009687969648E-01
 2.01468267239173E+03	 2.13434079125321E-01
 2.01468541029176E+03	 2.29034652746814E-01
 2.01468814819179E+03	 1.67375514507702E-01
 2.01469088609182E+03	 4.74223768852932E-02
 2.01469362399185E+03	-9.14199075433665E-02
 2.01469636189188E+03	-2.09672214506047E-01
 2.01469909979191E+03	-2.82351088249653E-01
 2.01470183769194E+03	-3.01109569377521E-01
 2.01470457559197E+03	-2.70456230309285E-01
 2.01470731349201E+03	-2.04954995271705E-01
 2.01471005139204E+03	-1.26088340000143E-01
 2.01471278929207E+03	-5.51970379674158E-02
 2.01471552719210E+03	-4.79282317934551E-03
 2.01471826509213E+03	 2.52470140315524E-02
 2.01472100299216E+03	 4.30408297544986E-02
 2.01472374089219E+03	 5.47156364588881E-02
 2.01472647879222E+03	 5.70482817005978E-02
 2.01472921669225E+03	 3.96319252595709E-02
 2.01473195459228E+03	-4.58514389803685E-03
 2.01473469249231E+03	-7.00074122841831E-02
 2.01473743039234E+03	-1.38955651831904E-01
 2.01474016829237E+03	-1.90496865881135E-01
 2.01474290619240E+03	-2.08709603585062E-01
 2.01474564409244E+03	-1.85130544700556E-01
 2.01474838199247E+03	-1.18255228489773E-01
 2.01475111989250E+03	-1.53732531332543E-02
 2.01475385779253E+03	 1.03100427759863E-01
 2.01475659569256E+03	 2.03156940692398E-01
 2.01475933359259E+03	 2.47377161146331E-01
 2.01476207149262E+03	 2.13775901650094E-01
 2.01476480939265E+03	 1.10163050417671E-01
 2.01476754729268E+03	-2.89632681955765E-02
 2.01477028519271E+03	-1.61107589365388E-01
 2.01477302309274E+03	-2.54495818819210E-01
 2.01477576099277E+03	-2.94856808552618E-01
 2.01477849889280E+03	-2.82682607985599E-01
 2.01478123679284E+03	-2.29412607742778E-01
 2.01478397469287E+03	-1.54558736660344E-01
 2.01478671259290E+03	-8.02053903210647E-02
 2.01478945049293E+03	-2.26165849021508E-02
 2.01479218839296E+03	 1.37838961519989E-02
 2.01479492629299E+03	 3.49975012296133E-02
 2.01479766419302E+03	 4.89699669952827E-02
 2.01480040209305E+03	 5.63385764296106E-02
 2.01480313999308E+03	 4.85247185068584E-02
 2.01480587789311E+03	 1.57918222563161E-02
 2.01480861579314E+03	-4.17093380682204E-02
 2.01481135369317E+03	-1.10308911769912E-01
 2.01481409159320E+03	-1.69281371464663E-01
 2.01481682949324E+03	-2.00234113555905E-01
 2.01481956739327E+03	-1.91790421928559E-01
 2.01482230529330E+03	-1.39601336071997E-01
 2.01482504319333E+03	-4.70207633680195E-02
 2.01482778109336E+03	 7.08876544334555E-02
 2.01483051899339E+03	 1.84321023425420E-01
 2.01483325689342E+03	 2.54581187868963E-01
 2.01483599479345E+03	 2.51071866351419E-01
 2.01483873269348E+03	 1.69620014312382E-01
 2.01484147059351E+03	 3.67502494427815E-02
 2.01484420849354E+03	-1.04816648293112E-01
 2.01484694639357E+03	-2.17239914823522E-01
 2.01484968429360E+03	-2.79541643343252E-01
 2.01485242219363E+03	-2.87456148248257E-01
 2.01485516009367E+03	-2.49034907833730E-01
 2.01485789799370E+03	-1.81324815829789E-01
 2.01486063589373E+03	-1.06062525081160E-01
 2.01486337379376E+03	-4.22431284461630E-02
 2.01486611169379E+03	 1.16016099596912E-03
 2.01486884959382E+03	 2.68163559464490E-02
 2.01487158749385E+03	 4.29932087996765E-02
 2.01487432539388E+03	 5.38018008768147E-02
 2.01487706329391E+03	 5.37327589859826E-02
 2.01487980119394E+03	 3.21504510420497E-02
 2.01488253909397E+03	-1.55874221533724E-02
 2.01488527699400E+03	-8.07826715483184E-02
 2.01488801489403E+03	-1.44399088750107E-01
 2.01489075279407E+03	-1.86353764313568E-01
 2.01489349069410E+03	-1.92395584039766E-01
 2.01489622859413E+03	-1.55438689838502E-01
 2.01489896649416E+03	-7.54776596055452E-02
 2.01490170439419E+03	 3.74163925272830E-02
 2.01490444229422E+03	 1.58677196735491E-01
 2.01490718019425E+03	 2.50959646974723E-01
 2.01490991809428E+03	 2.77683424761610E-01
 2.01491265599431E+03	 2.23040772416118E-01
 2.01491539389434E+03	 1.03132768398428E-01
 2.01491813179437E+03	-4.23230692613532E-02
 2.01492086969440E+03	-1.71021360673670E-01
 2.01492360759443E+03	-2.54918488516946E-01
 2.01492634549447E+03	-2.84101566517336E-01
 2.01492908339450E+03	-2.62805098334943E-01
 2.01493182129453E+03	-2.05264079180523E-01
 2.01493455919456E+03	-1.31982422699190E-01
 2.01493729709459E+03	-6.35460303168702E-02
 2.01494003499462E+03	-1.30188585670329E-02
 2.01494277289465E+03	 1.81461992181490E-02
 2.01494551079468E+03	 3.69974021818388E-02
 2.01494824869471E+03	 5.01668345211951E-02
 2.01495098659474E+03	 5.58674586516924E-02
 2.01495372449477E+03	 4.43415307163695E-02
 2.01495646239480E+03	 7.38730197855681E-03
 2.01495920029483E+03	-5.16715411448688E-02
 2.01496193819487E+03	-1.16933775280826E-01
 2.01496467609490E+03	-1.67739178914376E-01
 2.01496741399493E+03	-1.87203361152703E-01
 2.01497015189496E+03	-1.65490816250912E-01
 2.01497288979499E+03	-9.96707119698394E-02
 2.01497562769502E+03	 4.56550059456458E-03
 2.01497836559505E+03	 1.28251670017580E-01
 2.01498110349508E+03	 2.37518563776402E-01
 2.01498384139511E+03	 2.92754593223098E-01
 2.01498657929514E+03	 2.67973835756980E-01
 2.01498931719517E+03	 1.67358190280089E-01
 2.01499205509520E+03	 2.43502699803645E-02
 2.01499479299523E+03	-1.16701736482729E-01
 2.01499753089526E+03	-2.20993527239731E-01
 2.01500026879530E+03	-2.72113025478900E-01
 2.01500300669533E+03	-2.69836347128548E-01
 2.01500574459536E+03	-2.25268521424493E-01
 2.01500848249539E+03	-1.57018196058041E-01
 2.01501122039542E+03	-8.61492916580241E-02
 2.01501395829545E+03	-2.90064617653320E-02
 2.01501669619548E+03	 8.53804400834911E-03
 2.01501943409551E+03	 3.09443202167771E-02
 2.01502217199554E+03	 4.60161889752605E-02
 2.01502490989557E+03	 5.56797257299777E-02
 2.01502764779560E+03	 5.25572197807286E-02
 2.01503038569563E+03	 2.65269504221889E-02
 2.01503312359566E+03	-2.42145209169858E-02
 2.01503586149570E+03	-8.80934609184130E-02
 2.01503859939573E+03	-1.45231067218253E-01
 2.01504133729576E+03	-1.76650761019863E-01
 2.01504407519579E+03	-1.69741937335265E-01
 2.01504681309582E+03	-1.18885980031062E-01
 2.01504955099585E+03	-2.60700052504107E-02
 2.01505228889588E+03	 9.51500467736039E-02
 2.01505502679591E+03	 2.15824580868211E-01
 2.01505776469594E+03	 2.96209529694048E-01
 2.01506050259597E+03	 3.02483079114503E-01
 2.01506324049600E+03	 2.26567956642265E-01
 2.01506597839603E+03	 9.27467781005470E-02
 2.01506871629606E+03	-5.56196583661774E-02
 2.01507145419610E+03	-1.78090564861326E-01
 2.01507419209613E+03	-2.51180285031864E-01
 2.01507692999616E+03	-2.69392400458689E-01
 2.01507966789619E+03	-2.40298781202176E-01
 2.01508240579622E+03	-1.80127809653083E-01
 2.01508514369625E+03	-1.09443768505026E-01
 2.01508788159628E+03	-4.68530922673771E-02
 2.01509061949631E+03	-2.46297312114189E-03
 2.01509335739634E+03	 2.45769266225145E-02
 2.01509609529637E+03	 4.17144882291165E-02
 2.01509883319640E+03	 5.39471877958247E-02
 2.01510157109643E+03	 5.72843475908743E-02
 2.01510430899646E+03	 4.14839549186559E-02
 2.01510704689649E+03	 5.02491824870378E-04
 2.01510978479653E+03	-5.91520966369414E-02
 2.01511252269656E+03	-1.19829205763179E-01
 2.01511526059659E+03	-1.61340515189906E-01
 2.01511799849662E+03	-1.68393267242461E-01
 2.01512073639665E+03	-1.32742000496706E-01
 2.01512347429668E+03	-5.32489959081639E-02
 2.01512621219671E+03	 6.13772987219636E-02
 2.01512895009674E+03	 1.87824619304424E-01
 2.01513168799677E+03	 2.88725801650588E-01
 2.01513442589680E+03	 3.25314519553305E-01
 2.01513716379683E+03	 2.78102191245389E-01
 2.01513990169686E+03	 1.60104877348460E-01
 2.01514263959689E+03	 1.03951631232097E-02
 2.01514537749693E+03	-1.26919817296561E-01
 2.01514811539696E+03	-2.21229439014092E-01
 2.01515085329699E+03	-2.60905680799112E-01
 2.01515359119702E+03	-2.49425162634564E-01
 2.01515632909705E+03	-2.00240837723240E-01
 2.01515906699708E+03	-1.32627794653023E-01
 2.01516180489711E+03	-6.63727704360382E-02
 2.01516454279714E+03	-1.52274110703111E-02
 2.01516728069717E+03	 1.74827303940042E-02
 2.01517001859720E+03	 3.73727825070482E-02
 2.01517275649723E+03	 5.13624531805116E-02
 2.01517549439726E+03	 5.92210991720748E-02
 2.01517823229729E+03	 5.22714769874152E-02
 2.01518097019733E+03	 2.16403786216733E-02
 2.01518370809736E+03	-3.13696977474337E-02
 2.01518644599739E+03	-9.26666452284169E-02
 2.01518918389742E+03	-1.42033467001423E-01
 2.01519192179745E+03	-1.61827476944916E-01
 2.01519465969748E+03	-1.41144033604279E-01
 2.01519739759751E+03	-7.61072123730759E-02
 2.01520013549754E+03	 2.86931729159808E-02
 2.01520287339757E+03	 1.55643116738975E-01
 2.01520561129760E+03	 2.71630295878134E-01
 2.01520834919763E+03	 3.35992890572885E-01
 2.01521108709766E+03	 3.19727168615069E-01
 2.01521382499769E+03	 2.23541743348841E-01
 2.01521656289772E+03	 7.90615512681879E-02
 2.01521930079776E+03	-6.86340981516095E-02
 2.01522203869779E+03	-1.82476827331144E-01
 2.01522477659782E+03	-2.43999958637684E-01
 2.01522751449785E+03	-2.51857390536300E-01
 2.01523025239788E+03	-2.16318996341573E-01
 2.01523299029791E+03	-1.54764078297031E-01
 2.01523572819794E+03	-8.71393170244927E-02
 2.01523846609797E+03	-2.99653291303356E-02
 2.01524120399800E+03	 9.17849951202884E-03
 2.01524394189803E+03	 3.28527765618293E-02
 2.01524667979806E+03	 4.84384791497472E-02
 2.01524941769809E+03	 5.91678217128931E-02
 2.01525215559812E+03	 5.92410033896589E-02
 2.01525489349816E+03	 3.86820453178213E-02
 2.01525763139819E+03	-5.89756410863002E-03
 2.01526036929822E+03	-6.49631894279833E-02
 2.01526310719825E+03	-1.19639891827063E-01
 2.01526584509828E+03	-1.50584631939812E-01
 2.01526858299830E+03	-1.44232227346754E-01
 2.01527132089834E+03	-9.41405415122392E-02
 2.01527405879837E+03	-1.48469049179013E-03
 2.01527679669840E+03	 1.21383469970493E-01
 2.01527953459843E+03	 2.46733971870100E-01
 2.01528227249846E+03	 3.34835288263225E-01
 2.01528501039849E+03	 3.49828764984360E-01
 2.01528774829852E+03	 2.80273590855064E-01
 2.01529048619856E+03	 1.47746988259609E-01
 2.01529322409859E+03	-4.85521693803711E-03
 2.01529596199862E+03	-1.35488940906429E-01
 2.01529869989865E+03	-2.18522570990458E-01
 2.01530143779868E+03	-2.46967734554033E-01
 2.01530417569871E+03	-2.27406190133624E-01
 2.01530691359874E+03	-1.74844020851062E-01
 2.01530965149877E+03	-1.08509906478681E-01
 2.01531238939880E+03	-4.66733565513679E-02
 2.01531512729883E+03	-7.96754315283277E-04
 2.01531786519886E+03	 2.78089577033212E-02
 2.01532060309889E+03	 4.54445198143827E-02
 2.01532334099892E+03	 5.79071594524533E-02
 2.01532607889896E+03	 6.30175476284596E-02
 2.01532881679899E+03	 5.14757208903489E-02
 2.01533155469902E+03	 1.63200723212016E-02
 2.01533429259905E+03	-3.79564917113188E-02
 2.01533703049908E+03	-9.52011739943692E-02
 2.01533976839911E+03	-1.35348034319541E-01
 2.01534250629914E+03	-1.42334292518003E-01
 2.01534524419917E+03	-1.07160583399980E-01
 2.01534798209920E+03	-2.81260243482450E-02
 2.01535071999923E+03	 8.69573909006479E-02
 2.01535345789926E+03	 2.16129490899012E-01
 2.01535619579929E+03	 3.22881113804469E-01
 2.01535893369932E+03	 3.67545260404999E-01
 2.01536167159935E+03	 3.27846245889693E-01
 2.01536440949939E+03	 2.13625280043250E-01
 2.01536714739942E+03	 6.23446582271673E-02
 2.01536988529945E+03	-8.12362233844102E-02
 2.01537262319948E+03	-1.84587262748386E-01
 2.01537536109951E+03	-2.34313329249237E-01
 2.01537809899954E+03	-2.32667205534745E-01
 2.01538083689957E+03	-1.91851316260482E-01
 2.01538357479960E+03	-1.29670050510551E-01
 2.01538631269963E+03	-6.51101890048232E-02
 2.01538905059966E+03	-1.27939912884708E-02
 2.01539178849969E+03	 2.17610280531205E-02
 2.01539452639972E+03	 4.23813507929936E-02
 2.01539726429975E+03	 5.60907686082127E-02
 2.01540000219979E+03	 6.43997319208847E-02
 2.01540274009982E+03	 6.02365962299291E-02
 2.01540547799985E+03	 3.46336064071737E-02
 2.01540821589988E+03	-1.28144633880360E-02
 2.01541095379991E+03	-6.98544290783534E-02
 2.01541369169994E+03	-1.16934338067869E-01
 2.01541642959997E+03	-1.35929190672213E-01
 2.01541916750000E+03	-1.15236427758673E-01
 2.01542190540003E+03	-5.05857090528782E-02
 2.01542464330006E+03	 5.39595808193369E-02
 2.01542738120009E+03	 1.81979546836933E-01
 2.01543011910012E+03	 3.01749503671467E-01
 2.01543285700015E+03	 3.72821042513558E-01
 2.01543559490019E+03	 3.64345965095358E-01
 2.01543833280022E+03	 2.73878470707460E-01
 2.01544107070025E+03	 1.30516458386872E-01
 2.01544380860028E+03	-2.11258474758871E-02
 2.01544654650031E+03	-1.42623867049990E-01
 2.01544928440034E+03	-2.13662833810721E-01
 2.01545202230037E+03	-2.31417202043662E-01
 2.01545476020040E+03	-2.04818738391189E-01
 2.01545749810043E+03	-1.49692055850176E-01
 2.01546023600046E+03	-8.48011776783373E-02
 2.01546297390049E+03	-2.69833205140691E-02
 2.01546571180052E+03	 1.41848885988702E-02
 2.01546844970055E+03	 3.89983500570701E-02
 2.01547118760058E+03	 5.41490790868763E-02
 2.01547392550062E+03	 6.42379841252498E-02
 2.01547666340065E+03	 6.55030251389323E-02
 2.01547940130068E+03	 4.87499708574957E-02
 2.01548213920071E+03	 9.46201001253008E-03
 2.01548487710074E+03	-4.47759767841526E-02
 2.01548761500077E+03	-9.62799213226258E-02
 2.01549035290080E+03	-1.25623371978065E-01
 2.01549309080083E+03	-1.18635678061338E-01
 2.01549582870086E+03	-6.85645590006212E-02
 2.01549856660089E+03	 2.35967030777496E-02
 2.01550130450092E+03	 1.46323036065019E-01
 2.01550404240095E+03	 2.73445422846767E-01
 2.01550678030098E+03	 3.66374070046412E-01
 2.01550951820102E+03	 3.88561568943053E-01
 2.01551225610105E+03	 3.25920796271424E-01
 2.01551499400108E+03	 1.96964027124096E-01
 2.01551773190111E+03	 4.30013186805566E-02
 2.01552046980114E+03	-9.34263021361044E-02
 2.01552320770117E+03	-1.85030123487086E-01
 2.01552594560120E+03	-2.23146133899548E-01
 2.01552868350123E+03	-2.12874876458342E-01
 2.01553142140126E+03	-1.67598533731662E-01
 2.01553415930129E+03	-1.05068571776584E-01
 2.01553689720132E+03	-4.33085210796393E-02
 2.01553963510135E+03	 4.60831230600967E-03
 2.01554237300138E+03	 3.48486202071491E-02
 2.01554511090142E+03	 5.22370705425731E-02
 2.01554784880145E+03	 6.33080418504327E-02
 2.01555058670148E+03	 6.80506067065524E-02
 2.01555332460151E+03	 5.87563935668338E-02
 2.01555606250154E+03	 2.81329379032184E-02
 2.01555880040157E+03	-2.11044151209112E-02
 2.01556153830160E+03	-7.44153153801206E-02
 2.01556427620163E+03	-1.12136360130179E-01
 2.01556701410166E+03	-1.17774521220803E-01
 2.01556975200169E+03	-8.20474187920625E-02
 2.01557248990172E+03	-3.32936169286255E-03
 2.01557522780175E+03	 1.10921375570365E-01
 2.01557796570178E+03	 2.40141980218102E-01
 2.01558070360182E+03	 3.49582471744412E-01
 2.01558344150185E+03	 4.00074924825340E-01
 2.01558617940188E+03	 3.67616659816214E-01
 2.01558891730191E+03	 2.58922174314952E-01
 2.01559165520194E+03	 1.08920909215819E-01
 2.01559439310197E+03	-3.81868909860853E-02
 2.01559713100200E+03	-1.48713986592074E-01
 2.01559986890203E+03	-2.07542730833797E-01
 2.01560260680206E+03	-2.15280572667285E-01
 2.01560534470209E+03	-1.82423566622532E-01
 2.01560808260212E+03	-1.25080905478119E-01
 2.01561082050215E+03	-6.14709275506431E-02
 2.01561355840218E+03	-7.30238227298875E-03
 2.01561629630221E+03	 2.93727517735842E-02
 2.01561903420225E+03	 5.02234223215854E-02
 2.01562177210228E+03	 6.21981462488039E-02
 2.01562451000231E+03	 6.87744549814265E-02
 2.01562724790234E+03	 6.50984407239165E-02
 2.01562998580237E+03	 4.27946150758264E-02
 2.01563272370240E+03	 1.50542457726469E-04
 2.01563546160243E+03	-5.24215913917788E-02
 2.01563819950246E+03	-9.62889412037007E-02
 2.01564093740249E+03	-1.13181871783706E-01
 2.01564367530252E+03	-9.12336663355482E-02
 2.01564641320255E+03	-2.63920162520736E-02
 2.01564915110258E+03	 7.71593420859379E-02
 2.01565188900261E+03	 2.03968358095571E-01
 2.01565462690265E+03	 3.24307253836780E-01
 2.01565736480268E+03	 3.99266764227501E-01
 2.01566010270271E+03	 3.97463242934724E-01
 2.01566284060274E+03	 3.13765552815717E-01
 2.01566557850277E+03	 1.74127383798501E-01
 2.01566831640280E+03	 2.14962259608063E-02
 2.01567105430283E+03	-1.05338632667639E-01
 2.01567379220286E+03	-1.84521548827507E-01
 2.01567653010289E+03	-2.11457285678722E-01
 2.01567926800292E+03	-1.93266303579493E-01
 2.01568200590295E+03	-1.43913398286890E-01
 2.01568474380298E+03	-8.09421554468014E-02
 2.01568748170301E+03	-2.16760576407983E-02
 2.01569021960305E+03	 2.19979583158094E-02
 2.01569295750308E+03	 4.77236642488442E-02
 2.01569569540311E+03	 6.12264716074661E-02
 2.01569843330314E+03	 6.85555621659210E-02
 2.01570117120317E+03	 6.85115701129451E-02
 2.01570390910320E+03	 5.34222588813517E-02
 2.01570664700323E+03	 1.82024562690590E-02
 2.01570938490326E+03	-3.13666135916332E-02
 2.01571212280329E+03	-7.89856313788724E-02
 2.01571486070332E+03	-1.05477391005718E-01
 2.01571759860335E+03	-9.64731650224228E-02
 2.01572033650338E+03	-4.54780148688574E-02
 2.01572307440341E+03	 4.60052778635673E-02
 2.01572581230344E+03	 1.66829897619407E-01
 2.01572855020348E+03	 2.92676826260690E-01
 2.01573128810351E+03	 3.87237068074606E-01
 2.01573402600354E+03	 4.14711871799353E-01
 2.01573676390357E+03	 3.59223787861316E-01
 2.01573950180360E+03	 2.35985048647436E-01
 2.01574223970363E+03	 8.36502304440888E-02
 2.01574497760366E+03	-5.58861816907011E-02
 2.01574771550369E+03	-1.54254091476073E-01
 2.01575045340372E+03	-2.01011010194571E-01
 2.01575319130375E+03	-1.99334506864530E-01
 2.01575592920378E+03	-1.60611181551117E-01
 2.01575866710381E+03	-1.01001189028695E-01
 2.01576140500384E+03	-3.83984120151201E-02
 2.01576414290388E+03	 1.22377294729785E-02
 2.01576688080391E+03	 4.41712608678796E-02
 2.01576961870394E+03	 6.04007616061694E-02
 2.01577235660397E+03	 6.81303127941605E-02
 2.01577509450400E+03	 6.99128928125179E-02
 2.01577783240403E+03	 6.03692364529771E-02
 2.01578057030406E+03	 3.25715540751116E-02
 2.01578330820409E+03	-1.22242037500324E-02
 2.01578604610412E+03	-6.11838083876712E-02
 2.01578878400415E+03	-9.53585949497360E-02
 2.01579152190418E+03	-9.82164464355204E-02
 2.01579425980421E+03	-6.07096403861119E-02
 2.01579699770424E+03	 1.80260907337072E-02
 2.01579973560428E+03	 1.30280035748090E-01
 2.01580247350431E+03	 2.56863488842000E-01
 2.01580521140434E+03	 3.65651755379685E-01
 2.01580794930437E+03	 4.19410242781812E-01
 2.01581068720440E+03	 3.93574787374869E-01
 2.01581342510443E+03	 2.91915410426794E-01
 2.01581616300446E+03	 1.46004521719885E-01
 2.01581890090449E+03	-1.71015441734995E-03
 2.01582163880452E+03	-1.17201645923920E-01
 2.01582437670455E+03	-1.83755417371095E-01
 2.01582711460458E+03	-1.99978278347773E-01
 2.01582985250461E+03	-1.74248504634705E-01
 2.01583259040464E+03	-1.20788597323518E-01
 2.01583532830467E+03	-5.71043977036716E-02
 2.01583806620471E+03	-2.22004910840003E-04
 2.01584080410474E+03	 3.89150441847558E-02
 2.01584354200477E+03	 5.94256164995717E-02
 2.01584627990480E+03	 6.79822754463552E-02
 2.01584901780483E+03	 7.02666700891525E-02
 2.01585175570486E+03	 6.43182078295417E-02
 2.01585449360489E+03	 4.31421532235657E-02
 2.01585723150492E+03	 4.21551466676336E-03
 2.01585996940495E+03	-4.38447855911593E-02
 2.01586270730498E+03	-8.35892619894216E-02
 2.01586544520501E+03	-9.69824412602947E-02
 2.01586818310504E+03	-7.23670078303953E-02
 2.01587092100507E+03	-6.55524257231695E-03
 2.01587365890511E+03	 9.54542940006539E-02
 2.01587639680514E+03	 2.18881541683677E-01
 2.01587913470517E+03	 3.36538002943601E-01
 2.01588187260520E+03	 4.12358826417427E-01
 2.01588461050523E+03	 4.15789197085129E-01
 2.01588734840526E+03	 3.39600689975891E-01
 2.01589008630529E+03	 2.06113816911946E-01
 2.01589282420532E+03	 5.54809527534238E-02
 2.01589556210535E+03	-7.41440505724395E-02
 2.01589830000538E+03	-1.59736531376540E-01
 2.01590103790541E+03	-1.94716262769565E-01
 2.01590377580544E+03	-1.83979391723645E-01
 2.01590651370547E+03	-1.39369429187185E-01
 2.01590925160551E+03	-7.71995844192926E-02
 2.01591198950554E+03	-1.54612312205596E-02
 2.01591472740557E+03	 3.13279526458161E-02
 2.01591746530560E+03	 5.77555316758569E-02
 2.01592020320563E+03	 6.82723077873348E-02
 2.01592294110566E+03	 7.04419884090241E-02
 2.01592567900569E+03	 6.61869111818628E-02
 2.01592841690572E+03	 5.01812204909602E-02
 2.01593115480575E+03	 1.74321284056290E-02
 2.01593389270578E+03	-2.78666310180334E-02
 2.01593663060581E+03	-7.09805368788632E-02
 2.01593936850584E+03	-9.33415840538050E-02
 2.01594210640587E+03	-8.08231209616806E-02
 2.01594484430591E+03	-2.77767912382727E-02
 2.01594758220594E+03	 6.30661417175267E-02
 2.01595032010597E+03	 1.80431504580685E-01
 2.01595305800600E+03	 3.02057420369111E-01
 2.01595579590603E+03	 3.94987341993896E-01
 2.01595853380606E+03	 4.25604623404114E-01
 2.01596127170609E+03	 3.77178229488041E-01
 2.01596400960612E+03	 2.61519920525543E-01
 2.01596674750615E+03	 1.13678322440676E-01
 2.01596948540618E+03	-2.61959767954353E-02
 2.01597222330621E+03	-1.29258820891501E-01
 2.01597496120624E+03	-1.83257613532456E-01
 2.01597769910627E+03	-1.89077942271972E-01
 2.01598043700630E+03	-1.55796701433096E-01
 2.01598317490634E+03	-9.79048135980576E-02
 2.01598591280637E+03	-3.32952889164061E-02
 2.01598865070640E+03	 2.09111312327784E-02
 2.01599138860643E+03	 5.46848904179243E-02
 2.01599412650646E+03	 6.88172550919621E-02
 2.01599686440649E+03	 7.10831024234456E-02
 2.01599960230652E+03	 6.69988639392964E-02
 2.01600234020655E+03	 5.43099601036068E-02
 2.01600507810658E+03	 2.72426487075583E-02
 2.01600781600661E+03	-1.40037870393126E-02
 2.01601055390664E+03	-5.83576772611154E-02
 2.01601329180667E+03	-8.79077183847355E-02
 2.01601602970670E+03	-8.64989266134603E-02
 2.01601876760674E+03	-4.58478546983074E-02
 2.01602150550677E+03	 3.34550833536889E-02
 2.01602424340680E+03	 1.42806130246617E-01
 2.01602698130683E+03	 2.64288375670042E-01
 2.01602971920686E+03	 3.69168976863626E-01
 2.01603245710689E+03	 4.23517750694880E-01
 2.01603519500692E+03	 4.03399324472014E-01
 2.01603793290695E+03	 3.09936837887094E-01
 2.01604067080698E+03	 1.70669048050993E-01
 2.01604340870701E+03	 2.51987625347411E-02
 2.01604614660704E+03	-9.29096213516243E-02
 2.01604888450707E+03	-1.65522714608181E-01
 2.01605162240710E+03	-1.88968979793633E-01
 2.01605436030714E+03	-1.69169077738243E-01
 2.01605709820717E+03	-1.18316039013647E-01
 2.01605983610720E+03	-5.32768645160242E-02
 2.01606257400723E+03	 7.37911542576626E-03
 2.01606531190726E+03	 4.94608213581741E-02
 2.01606804980729E+03	 6.91200824071459E-02
 2.01607078770732E+03	 7.25116574211557E-02
 2.01607352560735E+03	 6.77355883105532E-02
 2.01607626350738E+03	 5.64271233425425E-02
 2.01607900140741E+03	 3.38367367863978E-02
 2.01608173930744E+03	-2.78343976901152E-03
 2.01608447720747E+03	-4.65090022200379E-02
 2.01608721510750E+03	-8.13297962818369E-02
 2.01608995300753E+03	-8.98394300285139E-02
 2.01609269090757E+03	-6.10685390237563E-02
 2.01609542880760E+03	 6.67037095422986E-03
 2.01609816670763E+03	 1.06863124705097E-01
 2.01610090460766E+03	 2.25045754760671E-01
 2.01610364250769E+03	 3.36998980662810E-01
 2.01610638040772E+03	 4.10694317036067E-01
 2.01610911830775E+03	 4.17729215666920E-01
 2.01611185620778E+03	 3.49437838993860E-01
 2.01611459410781E+03	 2.24170648616942E-01
 2.01611733200784E+03	 7.83033516324739E-02
 2.01612006990787E+03	-5.15760378106241E-02
 2.01612280780790E+03	-1.41664156233301E-01
 2.01612554570793E+03	-1.83251514237871E-01
 2.01612828360797E+03	-1.78678858556760E-01
 2.01613102150800E+03	-1.37470474183078E-01
 2.01613375940803E+03	-7.47272266689421E-02
 2.01613649730806E+03	-9.28437683317224E-03
 2.01613923520809E+03	 4.14019840677590E-02
 2.01614197310812E+03	 6.84464342298581E-02
 2.01614471100815E+03	 7.46755366874936E-02
 2.01614744890818E+03	 6.91908910765137E-02
 2.01615018680821E+03	 5.75904560555993E-02
 2.01615292470824E+03	 3.77685397047182E-02
 2.01615566260827E+03	 5.56795465007935E-03
 2.01615840050830E+03	-3.61185664189546E-02
 2.01616113840833E+03	-7.42743720600604E-02
 2.01616387630837E+03	-9.13062299727649E-02
 2.01616661420840E+03	-7.37701499636184E-02
 2.01616935210843E+03	-1.74296960216679E-02
 2.01617209000846E+03	 7.30586942922505E-02
 2.01617482790849E+03	 1.85758993529532E-01
 2.01617756580852E+03	 3.00568855013085E-01
 2.01618030370855E+03	 3.88809091089684E-01
 2.01618304160858E+03	 4.20372304365909E-01
 2.01618577950861E+03	 3.78620053488465E-01
 2.01618851740864E+03	 2.71993363725160E-01
 2.01619125530867E+03	 1.31159807035952E-01
 2.01619399320870E+03	-6.44665915137983E-03
 2.01619673110873E+03	-1.12087116304100E-01
 2.01619946900876E+03	-1.71718133212563E-01
 2.01620220690880E+03	-1.83649149297983E-01
 2.01620494480883E+03	-1.54410981933156E-01
 2.01620768270886E+03	-9.67896810807759E-02
 2.01621042060889E+03	-2.88053767710410E-02
 2.01621315850892E+03	 3.00063222207096E-02
 2.01621589640895E+03	 6.59357022680622E-02
 2.01621863430898E+03	 7.71521436143119E-02
 2.01622137220901E+03	 7.18484328878910E-02
 2.01622411010904E+03	 5.88700021852446E-02
 2.01622684800907E+03	 3.98999933363863E-02
 2.01622958590910E+03	 1.11734220691817E-02
 2.01623232380913E+03	-2.76893884926776E-02
 2.01623506170916E+03	-6.73923245118824E-02
 2.01623779960920E+03	-9.13777364333147E-02
 2.01624053750923E+03	-8.42812618687300E-02
 2.01624327540926E+03	-3.90824617374544E-02
 2.01624601330929E+03	 4.15270875103298E-02
 2.01624875120932E+03	 1.47418764612689E-01
 2.01625148910935E+03	 2.61766826887398E-01
 2.01625422700938E+03	 3.59838410858565E-01
 2.01625696490941E+03	 4.12217043295842E-01
 2.01625970280944E+03	 3.96723039953296E-01
 2.01626244070947E+03	 3.12213291519644E-01
 2.01626517860950E+03	 1.81696651517871E-01
 2.01626791650953E+03	 4.10098377407087E-02
 2.01627065440956E+03	-7.74656704887907E-02
 2.01627339230960E+03	-1.54372863087869E-01
 2.01627613020963E+03	-1.83561447504140E-01
 2.01627886810966E+03	-1.68242723118538E-01
 2.01628160600969E+03	-1.18496132333745E-01
 2.01628434390972E+03	-5.06331398266492E-02
 2.01628708180975E+03	 1.50334834810417E-02
 2.01628981970978E+03	 6.07298508200699E-02
 2.01629255760981E+03	 7.92056883932795E-02
 2.01629529550984E+03	 7.58010638262898E-02
 2.01629803340987E+03	 6.11925221446344E-02
 2.01630077130990E+03	 4.12978208297501E-02
 2.01630350920993E+03	 1.45165497367727E-02
 2.01630624710996E+03	-2.14685872356032E-02
 2.01630898501000E+03	-6.12676147218303E-02
 2.01631172291003E+03	-9.05466332383738E-02
 2.01631446081006E+03	-9.29175040258507E-02
 2.01631719871009E+03	-5.85451977945095E-02
 2.01631993661012E+03	 1.21856490026903E-02
 2.01632267451015E+03	 1.10591153238765E-01
 2.01632541241018E+03	 2.22129801367778E-01
 2.01632815031021E+03	 3.25834675631138E-01
 2.01633088821024E+03	 3.94706724155198E-01
 2.01633362611027E+03	 4.03682697729653E-01
 2.01633636401030E+03	 3.43335106243650E-01
 2.01633910191033E+03	 2.27866337780791E-01
 2.01634183981036E+03	 8.90954495964916E-02
 2.01634457771039E+03	-3.87493203072761E-02
 2.01634731561043E+03	-1.31448401121274E-01
 2.01635005351046E+03	-1.78076374003113E-01
 2.01635279141049E+03	-1.78178849211317E-01
 2.01635552931052E+03	-1.38837350499864E-01
 2.01635826721055E+03	-7.39830790803089E-02
 2.01636100511058E+03	-3.44766016757419E-03
 2.01636374301061E+03	 5.21012522086108E-02
 2.01636648091064E+03	 7.98899067984196E-02
 2.01636921881067E+03	 8.07245537235540E-02
 2.01637195671070E+03	 6.51989790835983E-02
 2.01637469461073E+03	 4.30942234301171E-02
 2.01637743251076E+03	 1.64063016211151E-02
 2.01638017041079E+03	-1.73884907406903E-02
 2.01638290831083E+03	-5.63513157987759E-02
 2.01638564621086E+03	-8.93051500257606E-02
 2.01638838411089E+03	-9.99873795254294E-02
 2.01639112201092E+03	-7.60480769244407E-02
 2.01639385991095E+03	-1.51566523196782E-02
 2.01639659781098E+03	 7.54875704142271E-02
 2.01639933571101E+03	 1.82762585477632E-01
 2.01640207361104E+03	 2.88714223809000E-01
 2.01640481151107E+03	 3.69653535002676E-01
 2.01640754941110E+03	 4.00110299330079E-01
 2.01641028731113E+03	 3.64421921300766E-01
 2.01641302521116E+03	 2.67800063745434E-01
 2.01641576311119E+03	 1.35965669331619E-01
 2.01641850101123E+03	 2.84715334629948E-03
 2.01642123891126E+03	-1.03421326560623E-01
 2.01642397681129E+03	-1.67050601446953E-01
 2.01642671471132E+03	-1.83574832108978E-01
 2.01642945261135E+03	-1.56828887024828E-01
 2.01643219051138E+03	-9.79005607280922E-02
 2.01643492841141E+03	-2.50500910878465E-02
 2.01643766631144E+03	 3.95618472222473E-02
 2.01644040421147E+03	 7.81809697124296E-02
 2.01644314211150E+03	 8.59103390272563E-02
 2.01644588001153E+03	 7.11362750662982E-02
 2.01644861791156E+03	 4.63280529610687E-02
 2.01645135581159E+03	 1.78935284672056E-02
 2.01645409371162E+03	-1.50379397170208E-02
 2.01645683161166E+03	-5.28895216253224E-02
 2.01645956951169E+03	-8.81121898219213E-02
 2.01646230741172E+03	-1.05802912143045E-01
 2.01646504531175E+03	-9.17773021895323E-02
 2.01646778321178E+03	-4.07067012195628E-02
 2.01647052111181E+03	 4.20708382287940E-02
 2.01647325901184E+03	 1.44328593353718E-01
 2.01647599691187E+03	 2.50086931723854E-01
 2.01647873481190E+03	 3.39021840030128E-01
 2.01648147271193E+03	 3.87197055012500E-01
 2.01648421061196E+03	 3.75172398442730E-01
 2.01648694851199E+03	 2.99962539400361E-01
 2.01648968641202E+03	 1.79742036381320E-01
 2.01649242431206E+03	 4.58770428992007E-02
 2.01649516221209E+03	-7.10215183244838E-02
 2.01649790011212E+03	-1.50552166880808E-01
 2.01650063801215E+03	-1.83953261288771E-01
 2.01650337591218E+03	-1.71567107136815E-01
 2.01650611381221E+03	-1.21335317012085E-01
 2.01650885171224E+03	-4.90961111006267E-02
 2.01651158961227E+03	 2.29397412383256E-02
 2.01651432751230E+03	 7.31212431345828E-02
 2.01651706541233E+03	 9.03530764136422E-02
 2.01651980331236E+03	 7.88001639697469E-02
 2.01652254121239E+03	 5.17877937163970E-02
 2.01652527911242E+03	 2.01448655173541E-02
 2.01652801701246E+03	-1.36753049477344E-02
 2.01653075491249E+03	-5.08578859726460E-02
 2.01653349281252E+03	-8.73416131504046E-02
 2.01653623071255E+03	-1.10683252958792E-01
 2.01653896861258E+03	-1.05882653729098E-01
 2.01654170651261E+03	-6.46242667810163E-02
 2.01654444441264E+03	 1.01740837446189E-02
 2.01654718231267E+03	 1.07104571401590E-01
 2.01654992021270E+03	 2.11148206873849E-01
 2.01655265811273E+03	 3.04711102120605E-01
 2.01655539601276E+03	 3.66555739480447E-01
 2.01655813391279E+03	 3.75931331465992E-01
 2.01656087181282E+03	 3.23286499579921E-01
 2.01656360971285E+03	 2.18646379905950E-01
 2.01656634761289E+03	 8.87226671560822E-02
 2.01656908551292E+03	-3.52302045279051E-02
 2.01657182341295E+03	-1.28874543428564E-01
 2.01657456131298E+03	-1.79022151596950E-01
 2.01657729921301E+03	-1.82272852788752E-01
 2.01658003711304E+03	-1.43216527335901E-01
 2.01658277501307E+03	-7.46740415821288E-02
 2.01658551291310E+03	 2.41507999888156E-03
 2.01658825081313E+03	 6.39536511728752E-02
 2.01659098871316E+03	 9.28806214503630E-02
 2.01659372661319E+03	 8.75391310498021E-02
 2.01659646451322E+03	 5.98790215305246E-02
 2.01659920241325E+03	 2.42873240325532E-02
 2.01660194031329E+03	-1.22894007141675E-02
 2.01660467821332E+03	-4.99174965586871E-02
 2.01660741611335E+03	-8.72169370747377E-02
 2.01661015401338E+03	-1.14941661393368E-01
 2.01661289191341E+03	-1.18498344595895E-01
 2.01661562981344E+03	-8.69941445093973E-02
 2.01661836771347E+03	-2.03902422515829E-02
 2.01662110561350E+03	 7.10821760098249E-02
 2.01662384351353E+03	 1.72643218147713E-01
 2.01662658141356E+03	 2.68368394736015E-01
 2.01662931931359E+03	 3.40020597277645E-01
 2.01663205721362E+03	 3.67628865664929E-01
 2.01663479511365E+03	 3.37267118421618E-01
 2.01663753301369E+03	 2.51143382601682E-01
 2.01664027091372E+03	 1.29684582540924E-01
 2.01664300881375E+03	 2.73959491996738E-03
 2.01664574671378E+03	-1.02547553658822E-01
 2.01664848461381E+03	-1.68689783815803E-01
 2.01665122251384E+03	-1.88323124001388E-01
 2.01665396041387E+03	-1.62520568099324E-01
 2.01665669831390E+03	-1.00713806743288E-01
 2.01665943621393E+03	-2.14863816990684E-02
 2.01666217411396E+03	 5.02287169034516E-02
 2.01666491201399E+03	 9.23079095523252E-02
 2.01666764991402E+03	 9.63201431040665E-02
 2.01667038781405E+03	 7.05367315308014E-02
 2.01667312571409E+03	 3.12430002745260E-02
 2.01667586361412E+03	-9.70724536777219E-03
 2.01667860151415E+03	-4.94059155372283E-02
 2.01668133941418E+03	-8.77431300799806E-02
 2.01668407731421E+03	-1.18851021136504E-01
 2.01668681521424E+03	-1.29763554635711E-01
 2.01668955311427E+03	-1.07830581143177E-01
 2.01669229101430E+03	-4.97491244861057E-02
 2.01669502891433E+03	 3.60931371337788E-02
 2.01669776681436E+03	 1.34901157901869E-01
 2.01670050471439E+03	 2.31255086152067E-01
 2.01670324261442E+03	 3.09433265882565E-01
 2.01670598051445E+03	 3.51653882548445E-01
 2.01670871841448E+03	 3.42000258569419E-01
 2.01671145631452E+03	 2.76074226093753E-01
 2.01671419421455E+03	 1.67094821660482E-01
 2.01671693211458E+03	 4.14855951446984E-02
 2.01671967001461E+03	-7.23410356418989E-02
 2.01672240791464E+03	-1.53077916792103E-01
 2.01672514581467E+03	-1.89273256051653E-01
 2.01672788371470E+03	-1.78326447333920E-01
 2.01673062161473E+03	-1.26069967737749E-01
 2.01673335951476E+03	-4.79373804967639E-02
 2.01673609741479E+03	 3.18713747417603E-02
 2.01673883531482E+03	 8.75931067848855E-02
 2.01674157321485E+03	 1.03847998747637E-01
 2.01674431111488E+03	 8.31972417267224E-02
 2.01674704901492E+03	 4.15767519705859E-02
 2.01674978691495E+03	-4.73963420343717E-03
 2.01675252481498E+03	-4.83734100199980E-02
 2.01675526271501E+03	-8.86498838838660E-02
 2.01675800061504E+03	-1.22589297005557E-01
 2.01676073851507E+03	-1.39829780620394E-01
 2.01676347641510E+03	-1.27104025383677E-01
 2.01676621431513E+03	-7.79256585515821E-02
 2.01676895221516E+03	 1.93317999450920E-03
 2.01677169011519E+03	 9.79262144075999E-02
 2.01677442801522E+03	 1.94182959340403E-01
 2.01677716591525E+03	 2.76444591034742E-01
 2.01677990381528E+03	 3.29677164365447E-01
 2.01678264171532E+03	 3.38155361839378E-01
 2.01678537961535E+03	 2.92762618097291E-01
 2.01678811751538E+03	 1.99444756378336E-01
 2.01679085541541E+03	 7.94845940097464E-02
 2.01679359331544E+03	-3.92557417840671E-02
 2.01679633121547E+03	-1.32533198295361E-01
 2.01679906911550E+03	-1.84872976397832E-01
 2.01680180701553E+03	-1.89857283914310E-01
 2.01680454491556E+03	-1.49601770087719E-01
 2.01680728281559E+03	-7.58814426661089E-02
 2.01681002071562E+03	 9.20137259708482E-03
 2.01681275861565E+03	 7.79747733167883E-02
 2.01681549651568E+03	 1.08722080119966E-01
 2.01681823441571E+03	 9.68361065596429E-02
 2.01682097231575E+03	 5.53796317229530E-02
 2.01682371021578E+03	 3.65185661558252E-03
 2.01682644811581E+03	-4.56680730745413E-02
 2.01682918601584E+03	-8.93618065057585E-02
 2.01683192391587E+03	-1.26172810599165E-01
 2.01683466181590E+03	-1.48846002579257E-01
 2.01683739971593E+03	-1.44775748838727E-01
 2.01684013761596E+03	-1.04834669342292E-01
 2.01684287551599E+03	-3.15370731525342E-02
 2.01684561341602E+03	 6.15236895869215E-02
 2.01684835131605E+03	 1.57523407018773E-01
 2.01685108921608E+03	 2.42359494762385E-01
 2.01685382711611E+03	 3.03447983436888E-01
 2.01685656501615E+03	 3.26882822617345E-01
 2.01685930291618E+03	 3.01076082956926E-01
 2.01686204081621E+03	 2.25513678083243E-01
 2.01686477871624E+03	 1.15185585747339E-01
 2.01686751661627E+03	-4.49577196641756E-03
 2.01687025451630E+03	-1.07634294830451E-01
 2.01687299241633E+03	-1.75079326482036E-01
 2.01687573031636E+03	-1.96509113871265E-01
 2.01687846821639E+03	-1.70242397449700E-01
 2.01688120611642E+03	-1.04121174589108E-01
 2.01688394401645E+03	-1.70917325209740E-02
 2.01688668191648E+03	 6.30724711747313E-02
 2.01688941981651E+03	 1.09608946272461E-01
 2.01689215771655E+03	 1.10068915506653E-01
 2.01689489561658E+03	 7.22071182597284E-02
 2.01689763351661E+03	 1.61881737238785E-02
 2.01690037141664E+03	-4.00656316591450E-02
 2.01690310931667E+03	-8.90089394736644E-02
 2.01690584721670E+03	-1.29390557778460E-01
 2.01690858511673E+03	-1.56918828500142E-01
 2.01691132301676E+03	-1.60824841109571E-01
 2.01691406091679E+03	-1.30309668454032E-01
 2.01691679881682E+03	-6.43291284164007E-02
 2.01691953671685E+03	 2.54357002535861E-02
 2.01692227461688E+03	 1.21281480314057E-01
 2.01692501251691E+03	 2.08044894486627E-01
 2.01692775041694E+03	 2.74592252778909E-01
 2.01693048831698E+03	 3.09665474260953E-01
 2.01693322621701E+03	 3.01430056669898E-01
 2.01693596411704E+03	 2.44481361736552E-01
 2.01693870201707E+03	 1.47121859547590E-01
 2.01694143991710E+03	 3.05817961936463E-02
 2.01694417781713E+03	-7.91902850890584E-02
 2.01694691571716E+03	-1.60067906657535E-01
 2.01694965361719E+03	-1.97870215267993E-01
 2.01695239151722E+03	-1.87053175398435E-01
 2.01695512941725E+03	-1.31409977972728E-01
 2.01695786731728E+03	-4.60115952215153E-02
 2.01696060521731E+03	 4.29395012036624E-02
 2.01696334311734E+03	 1.05407286766789E-01
 2.01696608101738E+03	 1.21302570820034E-01
 2.01696881891741E+03	 9.10841588729622E-02
 2.01697155681744E+03	 3.31303855365397E-02
 2.01697429471747E+03	-3.04315465427778E-02
 2.01697703261750E+03	-8.64859478865846E-02
 2.01697977051753E+03	-1.31755819418377E-01
 2.01698250841756E+03	-1.64051994138667E-01
 2.01698524631759E+03	-1.75254649281617E-01
 2.01698798421762E+03	-1.54147078487453E-01
 2.01699072211765E+03	-9.63072624917267E-02
 2.01699346001768E+03	-1.05382828260685E-02
 2.01699619791771E+03	 8.52165672920469E-02
 2.01699893581774E+03	 1.73910275788436E-01
 2.01700167371778E+03	 2.44440416182250E-01
 2.01700441161781E+03	 2.88132712951482E-01
 2.01700714951784E+03	 2.94729633350985E-01
 2.01700988741787E+03	 2.56007522282921E-01
 2.01701262531790E+03	 1.74031584338763E-01
 2.01701536321793E+03	 6.45415279124424E-02
 2.01701810111796E+03	-4.82248127336721E-02
 2.01702083901799E+03	-1.40241682054873E-01
 2.01702357691802E+03	-1.93734699519002E-01
 2.01702631481805E+03	-1.99262103547584E-01
 2.01702905271808E+03	-1.56536429827604E-01
 2.01703179061811E+03	-7.63441758795512E-02
 2.01703452851814E+03	 1.80640948250641E-02
 2.01703726641818E+03	 9.53835328969447E-02
 2.01704000431821E+03	 1.28917175883541E-01
 2.01704274221824E+03	 1.10579768591185E-01
 2.01704548011827E+03	 5.41840842202515E-02
 2.01704821801830E+03	-1.58959838575585E-02
 2.01705095591833E+03	-8.05609251866360E-02
 2.01705369381836E+03	-1.32491221425638E-01
 2.01705643171839E+03	-1.70076392772210E-01
 2.01705916961842E+03	-1.88071357947083E-01
 2.01706190751845E+03	-1.76150569701426E-01
 2.01706464541848E+03	-1.27208778795409E-01
 2.01706738331851E+03	-4.64555195636635E-02
 2.01707012121854E+03	 4.89850708804936E-02
 2.01707285911857E+03	 1.39958701235640E-01
 2.01707559701861E+03	 2.13908705336995E-01
 2.01707833491864E+03	 2.63862174111771E-01
 2.01708107281867E+03	 2.82252704916784E-01
 2.01708381071870E+03	 2.60263608671277E-01
 2.01708654861873E+03	 1.94972620889630E-01
 2.01708928651876E+03	 9.59658821799986E-02
 2.01709202441879E+03	-1.59408106375194E-02
 2.01709476231882E+03	-1.16234275128705E-01
 2.01709750021885E+03	-1.84113303601900E-01
 2.01710023811888E+03	-2.06289033725923E-01
 2.01710297601891E+03	-1.78393948247618E-01
 2.01710571391894E+03	-1.06758875203119E-01
 2.01710845181897E+03	-1.06769559903492E-02
 2.01711118971901E+03	 7.92615115425807E-02
 2.01711392761904E+03	 1.31454276709838E-01
 2.01711666551907E+03	 1.28943867921431E-01
 2.01711940341910E+03	 7.84678753177385E-02
 2.01712214131913E+03	 3.98226811454198E-03
 2.01712487921916E+03	-7.00261417424640E-02
 2.01712761711919E+03	-1.30559920378290E-01
 2.01713035501922E+03	-1.74586758007961E-01
 2.01713309291925E+03	-1.99234951746211E-01
 2.01713583081928E+03	-1.96159205820309E-01
 2.01713856871931E+03	-1.56691616805789E-01
 2.01714130661934E+03	-8.21895847111617E-02
 2.01714404451937E+03	 1.22786967515068E-02
 2.01714678241941E+03	 1.05894874936437E-01
 2.01714952031944E+03	 1.83448941181981E-01
 2.01715225821947E+03	 2.38196529380762E-01
 2.01715499611950E+03	 2.65487320506558E-01
 2.01715773401953E+03	 2.57907732558352E-01
 2.01716047191956E+03	 2.09415396138073E-01
 2.01716320981959E+03	 1.23565868301025E-01
 2.01716594771962E+03	 1.63375260855802E-02
 2.01716868561965E+03	-8.89029160211331E-02
 2.01717142351968E+03	-1.69242428529337E-01
 2.01717416141971E+03	-2.07761484117649E-01
 2.01717689931974E+03	-1.96032465112296E-01
 2.01717963721977E+03	-1.35908176879963E-01
 2.01718237511980E+03	-4.21018777276873E-02
 2.01718511301984E+03	 5.72569679881793E-02
 2.01718785091987E+03	 1.27786590195807E-01
 2.01719058881990E+03	 1.44289825580238E-01
 2.01719332671993E+03	 1.04554924211317E-01
 2.01719606461996E+03	 2.90878462650508E-02
 2.01719880251999E+03	-5.38747046422512E-02
 2.01720154042002E+03	-1.24749080695567E-01
 2.01720427832005E+03	-1.76903087325577E-01
 2.01720701622008E+03	-2.08590749033992E-01
 2.01720975412011E+03	-2.14047662575157E-01
 2.01721249202014E+03	-1.84391819502262E-01
 2.01721522992017E+03	-1.17436199771263E-01
 2.01721796782020E+03	-2.50649741905615E-02
 2.01722070572024E+03	 7.12683364052897E-02
 2.01722344362027E+03	 1.53071093684004E-01
 2.01722618152030E+03	 2.12101247210373E-01
 2.01722891942033E+03	 2.45943799209641E-01
 2.01723165732036E+03	 2.50001083621660E-01
 2.01723439522039E+03	 2.17298281011364E-01
 2.01723713312042E+03	 1.46294595303302E-01
 2.01723987102045E+03	 4.72455632864986E-02
 2.01724260892048E+03	-5.93055877474157E-02
 2.01724534682051E+03	-1.49590042280751E-01
 2.01724808472054E+03	-2.03525231389909E-01
 2.01725082262057E+03	-2.08692725625114E-01
 2.01725356052060E+03	-1.62514983162205E-01
 2.01725629842064E+03	-7.48302647229528E-02
 2.01725903632067E+03	 3.00562173658260E-02
 2.01726177422070E+03	 1.17247596618665E-01
 2.01726451212073E+03	 1.54799341234357E-01
 2.01726725002076E+03	 1.30586337838494E-01
 2.01726998792079E+03	 5.86787363615473E-02
 2.01727272582082E+03	-3.14805095359909E-02
 2.01727546372085E+03	-1.13803208176493E-01
 2.01727820162088E+03	-1.76073252469946E-01
 2.01728093952091E+03	-2.15796417416038E-01
 2.01728367742094E+03	-2.29694130567477E-01
 2.01728641532097E+03	-2.09972126615677E-01
 2.01728915322100E+03	-1.51756401137236E-01
 2.01729189112103E+03	-6.29957884528255E-02
 2.01729462902107E+03	 3.56254178507667E-02
 2.01729736692110E+03	 1.22431250578087E-01
 2.01730010482113E+03	 1.86083185800222E-01
 2.01730284272116E+03	 2.24967020872689E-01
 2.01730558062119E+03	 2.37872849267389E-01
 2.01730831852122E+03	 2.19033295248192E-01
 2.01731105642125E+03	 1.63449142219893E-01
 2.01731379432128E+03	 7.54776566218353E-02
 2.01731653222131E+03	-2.86577465842734E-02
 2.01731927012134E+03	-1.25854771822934E-01
 2.01732200802137E+03	-1.93652553060844E-01
 2.01732474592140E+03	-2.15826727890740E-01
 2.01732748382143E+03	-1.85440998107397E-01
 2.01733022172147E+03	-1.07396480526099E-01
 2.01733295962150E+03	-1.25383926385060E-03
 2.01733569752153E+03	 9.97058513077895E-02
 2.01733843542156E+03	 1.58923009858072E-01
 2.01734117332159E+03	 1.54444695765127E-01
 2.01734391122162E+03	 9.13892255780036E-02
 2.01734664912165E+03	-2.75537872112437E-03
 2.01734938702168E+03	-9.65956014450862E-02
 2.01735212492171E+03	-1.70928011137272E-01
 2.01735486282174E+03	-2.20263442277052E-01
 2.01735760072177E+03	-2.42920167319732E-01
 2.01736033862180E+03	-2.33145913141810E-01
 2.01736307652183E+03	-1.84640818100702E-01
 2.01736581442187E+03	-1.01234573123506E-01
 2.01736855232190E+03	-1.35604680325504E-03
 2.01737129022193E+03	 9.09674766092603E-02
 2.01737402812196E+03	 1.60180559929064E-01
 2.01737676602199E+03	 2.03575371047817E-01
 2.01737950392202E+03	 2.22949029649262E-01
 2.01738224182205E+03	 2.15455894331107E-01
 2.01738497972208E+03	 1.74745150655764E-01
 2.01738771762211E+03	 9.98965220290007E-02
 2.01739045552214E+03	 1.73361726854218E-03
 2.01739319342217E+03	-9.89530107311345E-02
 2.01739593132220E+03	-1.78448720184838E-01
 2.01739866922223E+03	-2.17109180324729E-01
 2.01740140712227E+03	-2.03734148109159E-01
 2.01740414502230E+03	-1.38355864910617E-01
 2.01740688292233E+03	-3.52909226438886E-02
 2.01740962082236E+03	 7.55774212845954E-02
 2.01741235872239E+03	 1.55550710049432E-01
 2.01741509662242E+03	 1.73967015972438E-01
 2.01741783452245E+03	 1.25311392651070E-01
 2.01742057242248E+03	 3.17422285684524E-02
 2.01742331032251E+03	-7.23177972772538E-02
 2.01742604822254E+03	-1.60191494458699E-01
 2.01742878612257E+03	-2.21132432325324E-01
 2.01743152402260E+03	-2.53414979735117E-01
 2.01743426192263E+03	-2.53667208235231E-01
 2.01743699982266E+03	-2.15575255987949E-01
 2.01743973772270E+03	-1.39302858426067E-01
 2.01744247562273E+03	-3.97702652400899E-02
 2.01744521352276E+03	 5.80590721013189E-02
 2.01744795142279E+03	 1.34023673258093E-01
 2.01745068932282E+03	 1.82349627377649E-01
 2.01745342722285E+03	 2.06567136832504E-01
 2.01745616512288E+03	 2.07720342105941E-01
 2.01745890302291E+03	 1.80350067969208E-01
 2.01746164092294E+03	 1.19640044100132E-01
 2.01746437882297E+03	 3.05571508680749E-02
 2.01746711672300E+03	-6.99886860319470E-02
 2.01746985462303E+03	-1.58454712792936E-01
 2.01747259252306E+03	-2.12444534312790E-01
 2.01747533042310E+03	-2.16657134003484E-01
 2.01747806832313E+03	-1.66373203133720E-01
 2.01748080622316E+03	-7.05009399949577E-02
 2.01748354412319E+03	 4.57789771112847E-02
 2.01748628202322E+03	 1.44130705797746E-01
 2.01748901992325E+03	 1.87170367002295E-01
 2.01749175782328E+03	 1.58149549685935E-01
 2.01749449572331E+03	 7.07678379574155E-02
 2.01749723362334E+03	-4.06609937507703E-02
 2.01749997152337E+03	-1.42640450000461E-01
 2.01750270942340E+03	-2.17298061859177E-01
 2.01750544732343E+03	-2.60662702379473E-01
 2.01750818522346E+03	-2.71286298855188E-01
 2.01751092312350E+03	-2.44088589302243E-01
 2.01751366102353E+03	-1.76585590329925E-01
 2.01751639892356E+03	-7.94377107937548E-02
 2.01751913682359E+03	 2.31821632243442E-02
 2.01752187472362E+03	 1.06954735342535E-01
 2.01752461262365E+03	 1.61387990216624E-01
 2.01752735052368E+03	 1.89802304351163E-01
 2.01753008842371E+03	 1.97150585485103E-01
 2.01753282632374E+03	 1.80865159605171E-01
 2.01753556422377E+03	 1.34210684796305E-01
 2.01753830212380E+03	 5.65997408215117E-02
 2.01754104002383E+03	-4.02017197129002E-02
 2.01754377792386E+03	-1.34441877969227E-01
 2.01754651582389E+03	-2.01972374285483E-01
 2.01754925372393E+03	-2.23701972835354E-01
 2.01755199162396E+03	-1.90287864316623E-01
 2.01755472952399E+03	-1.05282690671616E-01
 2.01755746742402E+03	 1.16322167032778E-02
 2.01756020532405E+03	 1.24724216033224E-01
 2.01756294322408E+03	 1.92461268575930E-01
 2.01756568112411E+03	 1.87431253618721E-01
 2.01756841902414E+03	 1.12433360295140E-01
 2.01757115692417E+03	-1.96129365703706E-03
 2.01757389482420E+03	-1.17295710394910E-01
 2.01757663272423E+03	-2.07492242797380E-01
 2.01757937062426E+03	-2.63893850581702E-01
 2.01758210852429E+03	-2.85679688353579E-01
 2.01758484642433E+03	-2.69768961968442E-01
 2.01758758432436E+03	-2.12407688036724E-01
 2.01759032222439E+03	-1.19911986523138E-01
 2.01759306012442E+03	-1.39632180583596E-02
 2.01759579802445E+03	 7.81860163100868E-02
 2.01759853592448E+03	 1.40333537244890E-01
 2.01760127382451E+03	 1.73329974099065E-01
 2.01760401172454E+03	 1.85064230111781E-01
 2.01760674962457E+03	 1.77252883362435E-01
 2.01760948752460E+03	 1.43532526445059E-01
 2.01761222542463E+03	 7.88544548878674E-02
 2.01761496332466E+03	-1.08941233255682E-02
 2.01761770122469E+03	-1.07393041319034E-01
 2.01762043912473E+03	-1.86071271444788E-01
 2.01762317702476E+03	-2.24596363925115E-01
 2.01762591492479E+03	-2.09155150011839E-01
 2.01762865282482E+03	-1.38099040171783E-01
 2.01763139072485E+03	-2.52638551947027E-02
 2.01763412862488E+03	 9.79918269097743E-02
 2.01763686652491E+03	 1.88802339879054E-01
 2.01763960442494E+03	 2.10749788869726E-01
 2.01764234232497E+03	 1.54332666203569E-01
 2.01764508022500E+03	 4.27170915186171E-02
 2.01764781812503E+03	-8.36212864890922E-02
 2.01765055602506E+03	-1.90424341047531E-01
 2.01765329392509E+03	-2.62080536596475E-01
 2.01765603182512E+03	-2.96371066030743E-01
 2.01765876972516E+03	-2.92242445525314E-01
 2.01766150762519E+03	-2.46103549508536E-01
 2.01766424552522E+03	-1.60530976655217E-01
 2.01766698342525E+03	-5.33728677695745E-02
 2.01766972132528E+03	 4.69701259517677E-02
 2.01767245922531E+03	 1.18469233944076E-01
 2.01767519712534E+03	 1.57345880477761E-01
 2.01767793502537E+03	 1.72592762460555E-01
 2.01768067292540E+03	 1.70714127167241E-01
 2.01768341082543E+03	 1.47963440369339E-01
 2.01768614872546E+03	 9.66204025105066E-02
 2.01768888662549E+03	 1.66633191849290E-02
 2.01769162452552E+03	-7.84648755746332E-02
 2.01769436242556E+03	-1.65358377946507E-01
 2.01769710032559E+03	-2.19306841082428E-01
 2.01769983822562E+03	-2.22267625630309E-01
 2.01770257612565E+03	-1.67564582426268E-01
 2.01770531402568E+03	-6.31735669358287E-02
 2.01770805192571E+03	 6.51178565406564E-02
 2.01771078982574E+03	 1.75815993319530E-01
 2.01771352772577E+03	 2.26007872984658E-01
 2.01771626562580E+03	 1.93739745461850E-01
 2.01771900352583E+03	 9.15798252073137E-02
 2.01772174142586E+03	-4.17017268466700E-02
 2.01772447932589E+03	-1.64966484402034E-01
 2.01772721722592E+03	-2.53989255326800E-01
 2.01772995512596E+03	-3.02664796418290E-01
 2.01773269302599E+03	-3.11118002704180E-01
 2.01773543092602E+03	-2.77061405369833E-01
 2.01773816882605E+03	-2.00495757133744E-01
 2.01774090672608E+03	-9.47136940892678E-02
 2.01774364462611E+03	 1.27552988337692E-02
 2.01774638252614E+03	 9.48651473757690E-02
 2.01774912042617E+03	 1.41556042538402E-01
 2.01775185832620E+03	 1.60523430029855E-01
 2.01775459622623E+03	 1.62527945975787E-01
 2.01775733412626E+03	 1.48254856855679E-01
 2.01776007202629E+03	 1.09579543645381E-01
 2.01776280992632E+03	 4.13363751105661E-02
 2.01776554782636E+03	-4.89282782242174E-02
 2.01776828572639E+03	-1.40679852125174E-01
 2.01777102362642E+03	-2.08041347830728E-01
 2.01777376152645E+03	-2.29162760605540E-01
 2.01777649942648E+03	-1.92505553265166E-01
 2.01777923732651E+03	-1.00359598671474E-01
 2.01778197522654E+03	 2.76870064837768E-02
 2.01778471312657E+03	 1.53814272837373E-01
 2.01778745102660E+03	 2.31631683149581E-01
 2.01779018892663E+03	 2.27857858127176E-01
 2.01779292682666E+03	 1.42190432253104E-01
 2.01779566472669E+03	 7.63194861438048E-03
 2.01779840262672E+03	-1.30362105005664E-01
 2.01780114052675E+03	-2.38295854588290E-01
 2.01780387842679E+03	-3.03614127390567E-01
 2.01780661632682E+03	-3.25911873279376E-01
 2.01780935422685E+03	-3.04731153215234E-01
 2.01781209212688E+03	-2.38956253075652E-01
 2.01781483002691E+03	-1.37352538445789E-01
 2.01781756792694E+03	-2.46976474072162E-02
 2.01782030582697E+03	 6.85545168602372E-02
 2.01782304372700E+03	 1.25239099669725E-01
 2.01782578162703E+03	 1.49186521691151E-01
 2.01782851952706E+03	 1.53873402608065E-01
 2.01783125742709E+03	 1.45458590177649E-01
 2.01783399532712E+03	 1.17836287410340E-01
 2.01783673322715E+03	 6.22332524479043E-02
 2.01783947112719E+03	-2.00869088650605E-02
 2.01784220902722E+03	-1.13086300574708E-01
 2.01784494692725E+03	-1.91250766757400E-01
 2.01784768482728E+03	-2.29623693959688E-01
 2.01785042272731E+03	-2.11993325883316E-01
 2.01785316062734E+03	-1.35197506847845E-01
 2.01785589852737E+03	-1.24669567853623E-02
 2.01785863642740E+03	 1.23754636236972E-01
 2.01786137432743E+03	 2.26728326586674E-01
 2.01786411222746E+03	 2.54089893843581E-01
 2.01786685012749E+03	 1.91644604217037E-01
 2.01786958802752E+03	 6.27529204484839E-02
 2.01787232592755E+03	-8.64286448188472E-02
 2.01787506382759E+03	-2.13756141119613E-01
 2.01787780172762E+03	-2.98042457262803E-01
 2.01788053962765E+03	-3.35971468774485E-01
 2.01788327752768E+03	-3.28593625377309E-01
 2.01788601542771E+03	-2.75082662916130E-01
 2.01788875332774E+03	-1.80426642814042E-01
 2.01789149122777E+03	-6.52522667525901E-02
 2.01789422912780E+03	 3.87112517092218E-02
 2.01789696702783E+03	 1.07372260115393E-01
 2.01789970492786E+03	 1.38406183202560E-01
 2.01790244282789E+03	 1.45657603842959E-01
 2.01790518072792E+03	 1.40788181957285E-01
 2.01790791862795E+03	 1.21909114518982E-01
 2.01791065652798E+03	 7.87968740746440E-02
 2.01791339442802E+03	 6.82163236144174E-03
 2.01791613232805E+03	-8.37882148165215E-02
 2.01791887022808E+03	-1.69625908886038E-01
 2.01792160812811E+03	-2.23678463863056E-01
 2.01792434602814E+03	-2.25357115463032E-01
 2.01792708392817E+03	-1.66260607014442E-01
 2.01792982182820E+03	-5.34189098383292E-02
 2.01793255972823E+03	 8.71317887543514E-02
 2.01793529762826E+03	 2.11167970674015E-01
 2.01793803552829E+03	 2.70296214621567E-01
 2.01794077342832E+03	 2.36814389181340E-01
 2.01794351132835E+03	 1.21282042737236E-01
 2.01794624922838E+03	-3.37223058367249E-02
 2.01794898712842E+03	-1.79414302039393E-01
 2.01795172502845E+03	-2.84628017709217E-01
 2.01795446292848E+03	-3.40422013122574E-01
 2.01795720082851E+03	-3.48099285666538E-01
 2.01795993872854E+03	-3.08106169531910E-01
 2.01796267662857E+03	-2.22936739581970E-01
 2.01796541452860E+03	-1.08392695510191E-01
 2.01796815242863E+03	 4.80199231109189E-03
 2.01797089032866E+03	 8.68022490708042E-02
 2.01797362822869E+03	 1.27524061250768E-01
 2.01797636612872E+03	 1.38375021859113E-01
 2.01797910402875E+03	 1.35449998868078E-01
 2.01798184192878E+03	 1.22669199068675E-01
 2.01798457982882E+03	 9.08686449472002E-02
 2.01798731772885E+03	 3.07330531367874E-02
 2.01799005562888E+03	-5.40888767669480E-02
 2.01799279352891E+03	-1.44084354103809E-01
 2.01799553142894E+03	-2.11600111290141E-01
 2.01799826932897E+03	-2.32183781151034E-01
 2.01800100722900E+03	-1.92372585581538E-01
 2.01800374512903E+03	-9.32967050002450E-02
 2.01800648302906E+03	 4.58238983379896E-02
 2.01800922092909E+03	 1.85582697651033E-01
 2.01801195882912E+03	 2.75007328069447E-01
 2.01801469672915E+03	 2.74634886930829E-01
 2.01801743462918E+03	 1.80228015746668E-01
 2.01802017252921E+03	 2.63652898549908E-02
 2.01802291042925E+03	-1.34821950588676E-01
 2.01802564832928E+03	-2.62051431604374E-01
 2.01802838622931E+03	-3.38157679697975E-01
 2.01803112412934E+03	-3.62593085862122E-01
 2.01803386202937E+03	-3.37320504668362E-01
 2.01803659992940E+03	-2.63840689346608E-01
 2.01803933782943E+03	-1.53273653526089E-01
 2.01804207572946E+03	-3.33090094313104E-02
 2.01804481362949E+03	 6.24356731058170E-02
 2.01804755152952E+03	 1.15494312771751E-01
 2.01805028942955E+03	 1.32020232102035E-01
 2.01805302732958E+03	 1.30465496105293E-01
 2.01805576522961E+03	 1.21228409304387E-01
 2.01805850312965E+03	 9.87105931509717E-02
 2.01806124102968E+03	 5.08593937195984E-02
 2.01806397892971E+03	-2.52960836728474E-02
 2.01806671682974E+03	-1.15740966291019E-01
 2.01806945472977E+03	-1.93906517273843E-01
 2.01807219262979E+03	-2.32312556386853E-01
 2.01807493052983E+03	-2.12631195613468E-01
 2.01807766842986E+03	-1.30397243731579E-01
 2.01808040632989E+03	 1.91637631018442E-03
 2.01808314422992E+03	 1.51285965607965E-01
 2.01808588212995E+03	 2.67564760852270E-01
 2.01808862002998E+03	 3.02398789220257E-01
 2.01809135793001E+03	 2.36214336998909E-01
 2.01809409583005E+03	 9.16015864206344E-02
 2.01809683373008E+03	-8.02348935640325E-02
 2.01809957163011E+03	-2.29193564070825E-01
 2.01810230953014E+03	-3.27892857296258E-01
 2.01810504743017E+03	-3.71247824740461E-01
 2.01810778533020E+03	-3.62045913098389E-01
 2.01811052323023E+03	-3.02127167966547E-01
 2.01811326113026E+03	-1.98809423617341E-01
 2.01811599903029E+03	-7.53151906740372E-02
 2.01811873693032E+03	 3.34204228048119E-02
 2.01812147483035E+03	 1.01037583857039E-01
 2.01812421273038E+03	 1.26069474844957E-01
 2.01812695063041E+03	 1.26509410531359E-01
 2.01812968853045E+03	 1.18787059182157E-01
 2.01813242643048E+03	 1.02977060034211E-01
 2.01813516433051E+03	 6.67730871140754E-02
 2.01813790223054E+03	 1.38137089426317E-03
 2.01814064013057E+03	-8.58571936894964E-02
 2.01814337803060E+03	-1.71355608799011E-01
 2.01814611593063E+03	-2.25830390884894E-01
 2.01814885383066E+03	-2.26410703733755E-01
 2.01815159173069E+03	-1.63266225352326E-01
 2.01815432963072E+03	-4.24727639463935E-02
 2.01815706753075E+03	 1.10127392987845E-01
 2.01815980543078E+03	 2.48173572902392E-01
 2.01816254333081E+03	 3.18021806721619E-01
 2.01816528123084E+03	 2.85769916214240E-01
 2.01816801913088E+03	 1.59010405620338E-01
 2.01817075703091E+03	-1.67539794738635E-02
 2.01817349493094E+03	-1.85359980472493E-01
 2.01817623283097E+03	-3.08279287929325E-01
 2.01817897073100E+03	-3.73029578983022E-01
 2.01818170863103E+03	-3.81566973722408E-01
 2.01818444653106E+03	-3.36854753581572E-01
 2.01818718443109E+03	-2.43780862225554E-01
 2.01818992233112E+03	-1.20485397363177E-01
 2.01819266023115E+03	-7.08342260210020E-04
 2.01819539813118E+03	 8.28323078574758E-02
 2.01819813603121E+03	 1.19536835313638E-01
 2.01820087393124E+03	 1.23788336440509E-01
 2.01820361183128E+03	 1.16459067195627E-01
 2.01820634973131E+03	 1.04633538661692E-01
 2.01820908763134E+03	 7.84574675240573E-02
 2.01821182553137E+03	 2.49421006649426E-02
 2.01821456343140E+03	-5.57673148412366E-02
 2.01821730133143E+03	-1.44929539179260E-01
 2.01822003923146E+03	-2.13070020438950E-01
 2.01822277713149E+03	-2.33352671837145E-01
 2.01822551503152E+03	-1.90740840592782E-01
 2.01822825293155E+03	-8.53450620044145E-02
 2.01823099083158E+03	 6.43056790849005E-02
 2.01823372873161E+03	 2.17862468414447E-01
 2.01823646663164E+03	 3.20245244400275E-01
 2.01823920453168E+03	 3.25649833311708E-01
 2.01824194243171E+03	 2.25069619853114E-01
 2.01824468033174E+03	 5.36189131815924E-02
 2.01824741823177E+03	-1.30500179253347E-01
 2.01825015613180E+03	-2.78082734874406E-01
 2.01825289403183E+03	-3.66715140294289E-01
 2.01825563193186E+03	-3.95063556702724E-01
 2.01825836983189E+03	-3.67150707455382E-01
 2.01826110773192E+03	-2.86937701518669E-01
 2.01826384563195E+03	-1.67735461556726E-01
 2.01826658353198E+03	-3.99377409603898E-02
 2.01826932143201E+03	 5.97157342153119E-02
 2.01827205933204E+03	 1.11099782163922E-01
 2.01827479723207E+03	 1.21979887733993E-01
 2.01827753513211E+03	 1.15097433060259E-01
 2.01828027303214E+03	 1.04827955031469E-01
 2.01828301093217E+03	 8.63118491281223E-02
 2.01828574883220E+03	 4.46917222428941E-02
 2.01828848673223E+03	-2.67841206927480E-02
 2.01829122463226E+03	-1.15801222904226E-01
 2.01829396253229E+03	-1.94608861521204E-01
 2.01829670043232E+03	-2.33353993447035E-01
 2.01829943833235E+03	-2.11961087033842E-01
 2.01830217623238E+03	-1.24936610090382E-01
 2.01830491413241E+03	 1.61665743978374E-02
 2.01830765203244E+03	 1.78360384391348E-01
 2.01831038993247E+03	 3.08750347299900E-01
 2.01831312783251E+03	 3.53146906191828E-01
 2.01831586573254E+03	 2.85991981376569E-01
 2.01831860363257E+03	 1.28028892717139E-01
 2.01832134153260E+03	-6.53862111041951E-02
 2.01832407943263E+03	-2.36400600131269E-01
 2.01832681733266E+03	-3.50973310500188E-01
 2.01832955523269E+03	-4.01558272983768E-01
 2.01833229313272E+03	-3.92173987064966E-01
 2.01833503103275E+03	-3.27076249380412E-01
 2.01833776893278E+03	-2.15736237633872E-01
 2.01834050683281E+03	-8.37527143192492E-02
 2.01834324473284E+03	 3.08655846713367E-02
 2.01834598263287E+03	 9.92780973728640E-02
 2.01834872053291E+03	 1.20244860718619E-01
 2.01835145843294E+03	 1.15145074357844E-01
 2.01835419633297E+03	 1.04727518380477E-01
 2.01835693423300E+03	 9.11044288226403E-02
 2.01835967213303E+03	 6.03185195038406E-02
 2.01836241003306E+03	-9.13444074956025E-05
 2.01836514793309E+03	-8.52784007582390E-02
 2.01836788583312E+03	-1.71263388935103E-01
 2.01837062373315E+03	-2.26558230248903E-01
 2.01837336163318E+03	-2.26359692146497E-01
 2.01837609953321E+03	-1.59789267639821E-01
 2.01837883743324E+03	-3.19876025194339E-02
 2.01838157533327E+03	 1.31909662488124E-01
 2.01838431323330E+03	 2.84171290187377E-01
 2.01838705113334E+03	 3.66354626656887E-01
 2.01838978903337E+03	 3.38058810335354E-01
 2.01839252693340E+03	 2.02925581629134E-01
 2.01839526483343E+03	 8.28272495798996E-03
 2.01839800273346E+03	-1.82891684122616E-01
 2.01840074063349E+03	-3.24510619443218E-01
 2.01840347853352E+03	-3.99903121054910E-01
 2.01840621643355E+03	-4.11056514668526E-01
 2.01840895433358E+03	-3.63079482504117E-01
 2.01841169223361E+03	-2.63035448555136E-01
 2.01841443013364E+03	-1.31176791687438E-01
 2.01841716803367E+03	-4.06350592735962E-03
 2.01841990593370E+03	 8.26417020122843E-02
 2.01842264383374E+03	 1.17314530589119E-01
 2.01842538173377E+03	 1.16534407391779E-01
 2.01842811963380E+03	 1.05340909189633E-01
 2.01843085753383E+03	 9.38732423861842E-02
 2.01843359543386E+03	 7.19310609686474E-02
 2.01843633333389E+03	 2.33654919900850E-02
 2.01843907123392E+03	-5.47240090165475E-02
 2.01844180913395E+03	-1.44071709720257E-01
 2.01844454703398E+03	-2.13352036447969E-01
 2.01844728493401E+03	-2.33642153275217E-01
 2.01845002283404E+03	-1.88779690850773E-01
 2.01845276073407E+03	-7.80550454187243E-02
 2.01845549863410E+03	 8.10436234660279E-02
 2.01845823653414E+03	 2.48007894005464E-01
 2.01846097443417E+03	 3.64347851684338E-01
 2.01846371233420E+03	 3.77967059278372E-01
 2.01846645023423E+03	 2.74320121745023E-01
 2.01846918813426E+03	 8.78755266867337E-02
 2.01847192603429E+03	-1.17982995792349E-01
 2.01847466393432E+03	-2.86269411597131E-01
 2.01847740183435E+03	-3.88822534537271E-01
 2.01848013973438E+03	-4.22843502022044E-01
 2.01848287763441E+03	-3.93916076983144E-01
 2.01848561553444E+03	-3.08169986945488E-01
 2.01848835343447E+03	-1.80866519925788E-01
 2.01849109133450E+03	-4.48670691302706E-02
 2.01849382923454E+03	 6.00180636307012E-02
 2.01849656713457E+03	 1.11644003962621E-01
 2.01849930503460E+03	 1.18653555421467E-01
 2.01850204293463E+03	 1.07349794223415E-01
 2.01850478083466E+03	 9.57832585705171E-02
 2.01850751873469E+03	 8.00472443647429E-02
 2.01851025663472E+03	 4.29751988028767E-02
 2.01851299453475E+03	-2.54564055596795E-02
 2.01851573243478E+03	-1.14257160174751E-01
 2.01851847033481E+03	-1.94363918361867E-01
 2.01852120823484E+03	-2.33767060786893E-01
 2.01852394613487E+03	-2.11114637098691E-01
 2.01852668403490E+03	-1.20244106457687E-01
 2.01852942193493E+03	 2.83593827595393E-02
 2.01853215983497E+03	 2.02453027975506E-01
 2.01853489773500E+03	 3.47258608559001E-01
 2.01853763563503E+03	 4.03146584625256E-01
 2.01854037353506E+03	 3.38116549623882E-01
 2.01854311143509E+03	 1.69937735996933E-01
 2.01854584933512E+03	-4.30175381217909E-02
 2.01854858723515E+03	-2.35654489417591E-01
 2.01855132513518E+03	-3.67020460255340E-01
 2.01855406303521E+03	-4.26456236612634E-01
 2.01855680093524E+03	-4.18605223349126E-01
 2.01855953883527E+03	-3.49749235620859E-01
 2.01856227673530E+03	-2.31239622507460E-01
 2.01856501463533E+03	-9.07891729460200E-02
 2.01856775253537E+03	 3.06697028279622E-02
 2.01857049043540E+03	 1.01612237281345E-01
 2.01857322833543E+03	 1.20388320414019E-01
 2.01857596623546E+03	 1.10974506614385E-01
 2.01857870413549E+03	 9.79552077635789E-02
 2.01858144203552E+03	 8.55301104278571E-02
 2.01858417993555E+03	 5.85286153090539E-02
 2.01858691783558E+03	 1.36194269773137E-03
 2.01858965573561E+03	-8.31680595590679E-02
 2.01859239363564E+03	-1.70458890699493E-01
 2.01859513153567E+03	-2.26933180038234E-01
 2.01859786943570E+03	-2.26305278639557E-01
 2.01860060733573E+03	-1.57130901218290E-01
 2.01860334523577E+03	-2.36852762620696E-02
 2.01860608313580E+03	 1.50160964799624E-01
 2.01860882103583E+03	 3.16238869018208E-01
 2.01861155893586E+03	 4.12007099397540E-01
 2.01861429683589E+03	 3.90480245540558E-01
 2.01861703473592E+03	 2.50411404145175E-01
 2.01861977263595E+03	 3.96881442875844E-02
 2.01862251053598E+03	-1.72755745043198E-01
 2.01862524843601E+03	-3.33347003249506E-01
 2.01862798633604E+03	-4.20698461961703E-01
 2.01863072423607E+03	-4.36163051689176E-01
 2.01863346213610E+03	-3.86497722658745E-01
 2.01863620003613E+03	-2.80612524606380E-01
 2.01863893793616E+03	-1.40588168544780E-01
 2.01864167583620E+03	-5.58304453255687E-03
 2.01864441373623E+03	 8.57416932174338E-02
 2.01864715163626E+03	 1.20238278049007E-01
 2.01864988953629E+03	 1.15895749287086E-01
 2.01865262743632E+03	 1.01287624775853E-01
 2.01865536533635E+03	 8.94731782880859E-02
 2.01865810323638E+03	 7.02443043496214E-02
 2.01866084113641E+03	 2.48344130313882E-02
 2.01866357903644E+03	-5.21929053049662E-02
 2.01866631693647E+03	-1.42720695761842E-01
 2.01866905483650E+03	-2.13574721458420E-01
 2.01867179273653E+03	-2.34134302444934E-01
 2.01867453063656E+03	-1.87669476507585E-01
 2.01867726853660E+03	-7.29286734496242E-02
 2.01868000643663E+03	 9.39898419782198E-02
 2.01868274433666E+03	 2.73317878100711E-01
 2.01868548223669E+03	 4.04083052347416E-01
 2.01868822013672E+03	 4.28198919838774E-01
 2.01869095803675E+03	 3.24948019409134E-01
 2.01869369593678E+03	 1.26897556262571E-01
 2.01869643383681E+03	-9.85301884097983E-02
 2.01869917173684E+03	-2.87007631973721E-01
 2.01870190963687E+03	-4.04320528981569E-01
 2.01870464753690E+03	-4.45552296640420E-01
 2.01870738543693E+03	-4.17255463814562E-01
 2.01871012333696E+03	-3.27323178564259E-01
 2.01871286123700E+03	-1.92655151148489E-01
 2.01871559913703E+03	-4.83101301933768E-02
 2.01871833703706E+03	 6.29070480798172E-02
 2.01872107493709E+03	 1.16494202097659E-01
 2.01872381283712E+03	 1.21247529626631E-01
 2.01872655073715E+03	 1.06296702618775E-01
 2.01872928863718E+03	 9.30459318619881E-02
 2.01873202653721E+03	 7.87430648049321E-02
 2.01873476443724E+03	 4.44233432511994E-02
 2.01873750233727E+03	-2.26555345758916E-02
 2.01874024023730E+03	-1.12413693131673E-01
 2.01874297813733E+03	-1.94361076087192E-01
 2.01874571603736E+03	-2.34627419169956E-01
 2.01874845393739E+03	-2.11166447665052E-01
 2.01875119183743E+03	-1.17603006360919E-01
 2.01875392973746E+03	 3.67528593107556E-02
 2.01875666763749E+03	 2.21176076704852E-01
 2.01875940553752E+03	 3.80058365263674E-01
 2.01876214343755E+03	 4.48990679573588E-01
 2.01876488133758E+03	 3.89281669062360E-01
 2.01876761923761E+03	 2.14625425914693E-01
 2.01877035713764E+03	-1.49084997360966E-02
 2.01877309503767E+03	-2.27787182304606E-01
 2.01877583293770E+03	-3.76144933960823E-01
 2.01877857083773E+03	-4.45658181595117E-01
 2.01878130873776E+03	-4.40944673847315E-01
 2.01878404663779E+03	-3.69820055479326E-01
 2.01878678453783E+03	-2.45162601657384E-01
 2.01878952243786E+03	-9.64955038580863E-02
 2.01879226033789E+03	 3.25036311153888E-02
 2.01879499823792E+03	 1.07454325568486E-01
 2.01879773613795E+03	 1.25687011154512E-01
 2.01880047403798E+03	 1.12998130622935E-01
 2.01880321193801E+03	 9.73171740860956E-02
 2.01880594983804E+03	 8.49685897855500E-02
 2.01880868773807E+03	 6.00106710122085E-02
 2.01881142563810E+03	 4.29992043112784E-03
 2.01881416353813E+03	-8.09193458959896E-02
 2.01881690143816E+03	-1.70193279757471E-01
 2.01881963933819E+03	-2.28036238912259E-01
 2.01882237723823E+03	-2.27236146491518E-01
 2.01882511513826E+03	-1.56371464384252E-01
 2.01882785303829E+03	-1.89912487165273E-02
 2.01883059093832E+03	 1.62868501157480E-01
 2.01883332883835E+03	 3.41669502674023E-01
 2.01883606673838E+03	 4.51719507832646E-01
 2.01883880463841E+03	 4.39619100556958E-01
 2.01884154253844E+03	 2.98416346500116E-01
 2.01884428043847E+03	 7.52011923630059E-02
 2.01884701833850E+03	-1.56253957003318E-01
 2.01884975623853E+03	-3.35244468429319E-01
 2.01885249413856E+03	-4.35309938801894E-01
 2.01885523203859E+03	-4.56520073629941E-01
 2.01885796993863E+03	-4.06706747687170E-01
 2.01886070783866E+03	-2.96217083588191E-01
 2.01886344573869E+03	-1.48629134270141E-01
 2.01886618363872E+03	-5.44769888782193E-03
 2.01886892153875E+03	 9.16503913586605E-02
 2.01887165943878E+03	 1.27535926546814E-01
 2.01887439733881E+03	 1.20850880016506E-01
 2.01887713523884E+03	 1.03079023651542E-01
 2.01887987313887E+03	 9.00593415949952E-02
 2.01888261103890E+03	 7.19130211701397E-02
 2.01888534893893E+03	 2.78201912674252E-02
 2.01888808683896E+03	-4.96469563118253E-02
 2.01889082473899E+03	-1.42187577203534E-01
 2.01889356263902E+03	-2.14833473473917E-01
 2.01889630053906E+03	-2.35752702624698E-01
 2.01889903843909E+03	-1.88313201495275E-01
 2.01890177633912E+03	-7.10866672499464E-02
 2.01890451423915E+03	 1.01536041953055E-01
 2.01890725213918E+03	 2.91502163429573E-01
 2.01890999003921E+03	 4.36490318523896E-01
 2.01891272793924E+03	 4.72998744390233E-01
 2.01891546583927E+03	 3.73704592401981E-01
 2.01891820373930E+03	 1.68027029727626E-01
 2.01892094163933E+03	-7.39075495785746E-02
 2.01892367953936E+03	-2.81152167217530E-01
 2.01892641743939E+03	-4.13359367067605E-01
 2.01892915533942E+03	-4.62925015979744E-01
 2.01893189323946E+03	-4.36742168726559E-01
 2.01893463113949E+03	-3.43991238662425E-01
 2.01893736903952E+03	-2.02849454681103E-01
 2.01894010693955E+03	-5.02726708425854E-02
 2.01894284483958E+03	 6.80522717872061E-02
 2.01894558273961E+03	 1.24977346777704E-01
 2.01894832063964E+03	 1.28775271657983E-01
 2.01895105853967E+03	 1.10696344738396E-01
 2.01895379643970E+03	 9.51845283418864E-02
 2.01895653433973E+03	 8.08432977596436E-02
 2.01895927223976E+03	 4.74337936711417E-02
 2.01896201013979E+03	-1.99240448817472E-02
 2.01896474803982E+03	-1.11637208691123E-01
 2.01896748593986E+03	-1.95715518631292E-01
 2.01897022383989E+03	-2.36812281669261E-01
 2.01897296173992E+03	-2.12872317002827E-01
 2.01897569963995E+03	-1.17857805915770E-01
 2.01897843753998E+03	 4.01422788373298E-02
 2.01898117544001E+03	 2.32711294811387E-01
 2.01898391334004E+03	 4.04611936579177E-01
 2.01898665124007E+03	 4.87573029646637E-01
 2.01898938914010E+03	 4.36215558129460E-01
 2.01899212704013E+03	 2.59163481182227E-01
 2.01899486494016E+03	 1.67617292283330E-02
 2.01899760284019E+03	-2.14072759116915E-01
 2.01900034074022E+03	-3.78816667941883E-01
 2.01900307864025E+03	-4.59075985271337E-01
 2.01900581654029E+03	-4.58806751101795E-01
 2.01900855444032E+03	-3.86816294658449E-01
 2.01901129234035E+03	-2.57111104768745E-01
 2.01901403024038E+03	-1.00694071253821E-01
 2.01901676814041E+03	 3.62226768159088E-02
 2.01901950604044E+03	 1.16282735226628E-01
 2.01902224394047E+03	 1.35247587551604E-01
 2.01902498184050E+03	 1.20004782976963E-01
 2.01902771974053E+03	 1.01363680230498E-01
 2.01903045764056E+03	 8.78179148009178E-02
 2.01903319554059E+03	 6.31057540275545E-02
