 1.88000000000000E+03, -4.19048713901705E-01, -4.36928000000000E-01,  4.93759693544146E-01,  1.00000000000000E-02,  4.96186983851540E+02,  4.68067432170438E+02
 1.88008333300000E+03, -3.82809616018008E-01, -2.98882000000000E-01,  4.93011042447033E-01,  1.90000000000000E-01,  4.38350550015838E+03,  5.37763871518067E+03
 1.88016666700000E+03, -3.34834984919701E-01, -3.36699000000000E-01,  4.92254594824326E-01,  3.70000000000000E-01,  4.11635699399861E+03,  5.18605789260066E+03
 1.88025000000000E+03, -2.73135905102817E-01, -3.32987000000000E-01,  4.91490308814850E-01,  5.50000000000000E-01,  6.94974118705479E+03,  7.64959067559784E+03
 1.88033333300000E+03, -1.96697188791728E-01, -5.15739000000000E-01,  5.15974465751824E-01,  7.30000000000000E-01,  7.78614805788066E+03,  7.85351153267218E+03
 1.88041666700000E+03, -1.38401597806469E-01, -5.69117000000000E-01,  5.16804347363114E-01,  9.10000000000000E-01,  7.71229973549918E+03,  7.38704934051009E+03
 1.88050000000000E+03, -1.01569661792441E-01, -4.91060000000000E-01,  5.17641866776495E-01,  1.09000000000000E+00,  8.61496517077767E+03,  7.97030312874930E+03
 1.88058333300000E+03, -8.33683657802001E-02, -4.33788000000000E-01,  5.18487058545759E-01,  1.27000000000000E+00,  7.79995788403374E+03,  6.71479655421127E+03
 1.88066666700000E+03, -7.82454299063719E-02, -3.57273000000000E-01,  5.19339956898723E-01,  1.45000000000000E+00,  6.70205622827788E+03,  5.41964288218263E+03
 1.88075000000000E+03, -8.55265403350408E-02, -1.30873000000000E-01,  5.20200595725795E-01,  1.63000000000000E+00,  8.42520083345394E+03,  7.14229951494266E+03
 1.88083333300000E+03, -9.87480932655574E-02,  1.20726000000000E-01,  5.18382188150825E-01,  1.81000000000000E+00,  9.06263376809111E+03,  7.61810669967666E+03
 1.88091666700000E+03, -9.04191735739679E-02,  1.78844000000000E-01,  5.19234132236913E-01,  1.99000000000000E+00,  8.25229630173055E+03,  6.74179824923365E+03
 1.88100000000000E+03, -5.65408622090921E-02,  1.89762000000000E-01,  5.20093812627399E-01,  2.17000000000000E+00,  1.01402100243980E+04,  9.64083136752475E+03
 1.88108333300000E+03, -1.00403661856483E-02,  1.86718000000000E-01,  5.20961262907427E-01,  2.35000000000000E+00,  1.13840681342212E+04,  1.34011742125765E+04
 1.88116666700000E+03, -1.65475036071887E-02,  3.10972000000000E-01,  5.21836516302773E-01,  2.53000000000000E+00,  1.56072399579391E+04,  2.10138946596204E+04
 1.88125000000000E+03, -8.43817545612158E-02,  4.99233000000000E-01,  5.22719605667887E-01,  2.71000000000000E+00,  3.51424540889353E+04,  4.49835970725233E+04
 1.88133333300000E+03, -2.07079513217979E-01,  3.38840000000000E-01,  4.98573817405824E-01,  2.89000000000000E+00,  5.89836056658843E+04,  7.43203567764719E+04
 1.88141666700000E+03, -2.88942445549911E-01,  2.19593000000000E-01,  4.99234700453896E-01,  3.07000000000000E+00,  6.68101657458740E+04,  8.61778792884326E+04
 1.88150000000000E+03, -3.22822171292089E-01, -1.68159000000000E-01,  4.99902340197483E-01,  3.25000000000000E+00,  6.54897511691231E+04,  8.55043648651229E+04
 1.88158333300000E+03, -3.06640707087186E-01,  1.08000000000000E-02,  5.00576775970107E-01,  3.43000000000000E+00,  6.20459557097099E+04,  7.99596907579844E+04
 1.88166666700000E+03, -2.89942967423256E-01, -1.53143000000000E-01,  5.01258047000624E-01,  3.61000000000000E+00,  4.50515703873691E+04,  5.86671369949965E+04
 1.88175000000000E+03, -2.73043019010049E-01, -2.15714000000000E-01,  5.01946192405540E-01,  3.79000000000000E+00,  2.14771279687238E+04,  2.96331943103335E+04
 1.88183333300000E+03, -2.53588447894807E-01, -3.06545000000000E-01,  5.07266970705406E-01,  3.97000000000000E+00,  1.17280357041653E+04,  1.53116451839068E+04
 1.88191666700000E+03, -2.19989438739762E-01, -1.89085000000000E-01,  5.08014494062588E-01,  4.15000000000000E+00,  1.15795483179161E+04,  1.23051742365179E+04
 1.88200000000000E+03, -1.74799181564810E-01, -2.19618000000000E-01,  5.08769253046525E-01,  4.33000000000000E+00,  8.17578629334522E+03,  7.59629094289962E+03
 1.88208333300000E+03, -1.25628060271717E-01, -3.71712000000000E-01,  5.09531285111096E-01,  4.51000000000000E+00,  5.64132070205196E+03,  4.39539041178498E+03
 1.88216666700000E+03, -9.26778065087960E-02, -2.89688000000000E-01,  5.10300627499666E-01,  4.69000000000000E+00,  7.31809769669995E+03,  5.02828396523557E+03
 1.88225000000000E+03, -7.72120971357531E-02,  1.71963000000000E-01,  5.11077317235522E-01,  4.87000000000000E+00,  7.04374441849718E+03,  4.24376542846457E+03
 1.88233333300000E+03, -7.93793495082902E-02,  1.39780000000000E-01,  5.18494633415755E-01,  5.05000000000000E+00,  6.29635666375908E+03,  3.77654801620501E+03
 1.88241666700000E+03, -7.96063403172483E-02, -1.41000000000000E-02,  5.18572461661552E-01,  5.23000000000000E+00,  9.19966683675235E+03,  6.68757081104239E+03
 1.88250000000000E+03, -7.56662330458307E-02, -1.78360000000000E-01,  5.18650480266540E-01,  5.41000000000000E+00,  9.71872525699474E+03,  8.26226199172048E+03
 1.88258333300000E+03, -6.55329158022709E-02,  5.90000000000000E-02,  5.18728689069209E-01,  5.59000000000000E+00,  1.05805955818263E+04,  1.13436296228005E+04
 1.88266666700000E+03, -6.66334454032488E-02, -4.04613000000000E-01,  5.18807087899057E-01,  5.77000000000000E+00,  2.52587008334646E+04,  2.64879178236174E+04
 1.88275000000000E+03, -7.92342439989960E-02, -3.99054000000000E-01,  5.18885676576472E-01,  5.95000000000000E+00,  4.46734792843006E+04,  4.57548505262945E+04
 1.88283333300000E+03, -9.60904233107269E-02, -6.60145000000000E-01,  5.17733745466065E-01,  6.13000000000000E+00,  5.00822353843912E+04,  5.32505563498853E+04
 1.88291666700000E+03, -9.28012744943315E-02, -5.84196000000000E-01,  5.17809680552607E-01,  6.31000000000000E+00,  4.94613166726309E+04,  5.44445904826849E+04
 1.88300000000000E+03, -6.64693143467534E-02, -1.30257000000000E-01,  5.17885807136514E-01,  6.49000000000000E+00,  5.02323092131904E+04,  5.47489723324279E+04
 1.88308333300000E+03, -2.76774504868833E-02, -1.01063000000000E-01,  5.17962125139421E-01,  6.67000000000000E+00,  3.90110672600995E+04,  4.33314894081654E+04
 1.88316666700000E+03, -2.57956852129086E-02, -1.59929000000000E-01,  5.18038634475049E-01,  6.85000000000000E+00,  1.96851516457806E+04,  2.44470583476248E+04
 1.88325000000000E+03, -6.66189857713440E-02, -1.25347000000000E-01,  5.18115335049101E-01,  7.03000000000000E+00,  1.16568206509386E+04,  1.49052336389575E+04
 1.88333333300000E+03, -1.44549422353309E-01, -2.99561000000000E-01,  8.07090551082985E-01,  7.21000000000000E+00,  1.19397483876481E+04,  1.22424178670325E+04
 1.88341666700000E+03, -1.91022723766486E-01, -2.38758000000000E-01,  8.08637965286811E-01,  7.39000000000000E+00,  8.93837929731768E+03,  7.96455099668905E+03
 1.88350000000000E+03, -2.00557492957932E-01, -9.26000000000000E-02,  8.10171833999940E-01,  7.57000000000000E+00,  6.50318829830672E+03,  6.13711225505702E+03
 1.88358333300000E+03, -1.75068970045654E-01, -1.77069000000000E-01,  8.11691822569316E-01,  7.75000000000000E+00,  7.77481898565931E+03,  7.60715139955444E+03
 1.88366666700000E+03, -1.55756374369028E-01, -1.68722000000000E-01,  8.13197595360298E-01,  7.93000000000000E+00,  7.76252014675978E+03,  7.54429029055432E+03
 1.88375000000000E+03, -1.47787531136996E-01, -1.58000000000000E-02,  8.14688815859298E-01,  8.11000000000000E+00,  7.26943296482733E+03,  8.23230444927390E+03
 1.88383333300000E+03, -1.42734868946240E-01,  4.92000000000000E-02,  8.15859917737029E-01,  8.29000000000000E+00,  8.94022799753849E+03,  1.10393511953611E+04
 1.88391666700000E+03, -1.21196003702514E-01, -2.16000000000000E-02,  8.17324210021726E-01,  8.47000000000000E+00,  8.62459069869649E+03,  1.07377945577100E+04
 1.88400000000000E+03, -7.58439429851751E-02,  8.48000000000000E-02,  8.18773006581995E-01,  8.65000000000000E+00,  8.30322376892308E+03,  1.05803629469712E+04
 1.88408333300000E+03, -2.03041739425872E-02,  2.10098000000000E-01,  8.20205968557678E-01,  8.82999999999999E+00,  1.73694897074757E+04,  1.98305888158002E+04
 1.88416666700000E+03,  4.26770203438409E-02,  2.16492000000000E-01,  8.21622756744574E-01,  9.00999999999999E+00,  3.13825574852542E+04,  3.34527935282134E+04
 1.88425000000000E+03,  1.03613481227278E-01,  3.16862000000000E-01,  8.23023031715255E-01,  9.18999999999999E+00,  3.79669015762418E+04,  4.05856372193035E+04
 1.88433333300000E+03,  1.67346325498959E-01,  6.27420000000000E-01,  8.48677042213218E-01,  9.36999999999999E+00,  3.89777718137768E+04,  4.31098885215089E+04
 1.88441666700000E+03,  2.08810458064062E-01, -6.32000000000000E-02,  8.47709413281051E-01,  9.54999999999999E+00,  3.80840810531641E+04,  4.28214717687074E+04
 1.88450000000000E+03,  2.32748957802479E-01,  2.21899000000000E-01,  8.46719059423543E-01,  9.72999999999999E+00,  2.88472776250315E+04,  3.34889894346233E+04
 1.88458333300000E+03,  2.36656038655481E-01,  2.02091000000000E-01,  8.45706542953162E-01,  9.90999999999999E+00,  1.37242964791968E+04,  1.83224045204534E+04
 1.88466666700000E+03,  2.27239795390986E-01,  1.50146000000000E-01,  8.44672447698556E-01,  1.00900000000000E+01,  4.59288277614564E+03,  8.11949726231392E+03
 1.88475000000000E+03,  2.04500227668019E-01,  6.34000000000000E-02,  8.43617379159126E-01,  1.02700000000000E+01,  2.57579611854563E+03,  3.94040643196536E+03
 1.88483333300000E+03,  1.77943378245616E-01, -1.92000000000000E-02,  8.41717834776418E-01,  1.04500000000000E+01,  1.80512375947360E+03,  1.74329712758358E+03
 1.88491666700000E+03,  1.70448528490969E-01,  6.97000000000000E-02,  8.40608311421300E-01,  1.06300000000000E+01,  1.68486215842780E+03,  1.35417064332531E+03
 1.88500000000000E+03,  1.82015678865497E-01, -8.43000000000000E-02,  8.39480283668186E-01,  1.08100000000000E+01,  2.37533973405164E+03,  1.81498226966053E+03
 1.88508333300000E+03,  2.04250182090730E-01,  1.20598000000000E-01,  8.38334461823388E-01,  1.09900000000000E+01,  2.30927847628373E+03,  1.72501613702028E+03
 1.88516666700000E+03,  2.15712249940825E-01,  2.10901000000000E-01,  8.37171578536746E-01,  1.11700000000000E+01,  2.49016945403375E+03,  2.58423708684767E+03
 1.88525000000000E+03,  2.10647762277900E-01,  7.45000000000000E-02,  8.35992388876838E-01,  1.13500000000000E+01,  3.27131108858372E+03,  3.82181802118848E+03
 1.88533333300000E+03,  1.92608702448503E-01,  5.48389000000000E-01,  5.96025975044636E-01,  1.15300000000000E+01,  2.70941120957083E+03,  3.49611284678521E+03
 1.88541666700000E+03,  1.73454470957016E-01,  2.11533000000000E-01,  5.97455753377902E-01,  1.17100000000000E+01,  2.51275630362322E+03,  3.91764154975199E+03
 1.88550000000000E+03,  1.64693307613780E-01,  9.60000000000000E-02,  5.98893960329933E-01,  1.18900000000000E+01,  5.18231153718695E+03,  6.12596242309084E+03
 1.88558333300000E+03,  1.61178045477346E-01,  3.40631000000000E-01,  6.00340567129982E-01,  1.20700000000000E+01,  7.59494314169385E+03,  6.71913392654436E+03
 1.88566666700000E+03,  1.44424008299325E-01,  4.04228000000000E-01,  6.01795543379192E-01,  1.22500000000000E+01,  7.57706729001171E+03,  5.69669872813391E+03
 1.88575000000000E+03,  1.08677075640028E-01,  6.25507000000000E-01,  6.03258857025957E-01,  1.24300000000000E+01,  7.45194649467038E+03,  5.34403896258893E+03
 1.88583333300000E+03,  6.35612774388357E-02,  5.67675000000000E-01,  6.11021541494665E-01,  1.26100000000000E+01,  6.80554611307875E+03,  4.43106509847410E+03
 1.88591666700000E+03,  4.22934767675353E-02,  5.69754000000000E-01,  6.12535836568977E-01,  1.27900000000000E+01,  4.13014005364568E+03,  2.74472154261655E+03
 1.88600000000000E+03,  4.48736744186023E-02,  3.40723000000000E-01,  6.14058186607027E-01,  1.29700000000000E+01,  1.88497340310737E+03,  2.23633111776989E+03
 1.88608333300000E+03,  6.08628105193547E-02,  2.34478000000000E-01,  6.15588545036407E-01,  1.31500000000000E+01,  1.51755658760735E+03,  2.39555577037768E+03
 1.88616666700000E+03,  4.53210210439956E-03,  4.17391000000000E-01,  6.17126863400277E-01,  1.33300000000000E+01,  1.60829543855816E+03,  2.38812257006481E+03
 1.88625000000000E+03, -1.30999828989366E-01,  1.39153000000000E-01,  6.18673091331840E-01,  1.35100000000000E+01,  1.80214777120103E+03,  2.59404826694869E+03
 1.88633333300000E+03, -3.36510979420080E-01, -4.02920000000000E-01,  6.58638863210641E-01,  1.36900000000000E+01,  1.96910875381844E+03,  2.23050777841760E+03
 1.88641666700000E+03, -4.84157784354555E-01, -5.76927000000000E-01,  6.60362574395677E-01,  1.38700000000000E+01,  1.41761884987735E+03,  1.14757697918662E+03
 1.88650000000000E+03, -5.60177491524016E-01, -7.66100000000000E-01,  6.62092089638165E-01,  1.40500000000000E+01,  8.23697525173208E+02,  8.60459874260521E+02
 1.88658333300000E+03, -5.68673081830176E-01, -7.91409000000000E-01,  6.63827296414069E-01,  1.42300000000000E+01,  8.46252304078162E+02,  1.40169485877366E+03
 1.88666666700000E+03, -5.69420609388573E-01, -8.92513000000000E-01,  6.65568079581970E-01,  1.44100000000000E+01,  7.59208924305573E+02,  1.48331100090319E+03
 1.88675000000000E+03, -5.66243400358328E-01, -7.83854000000000E-01,  6.67314321360499E-01,  1.45900000000000E+01,  4.69057660162016E+02,  1.29417929033995E+03
 1.88683333300000E+03, -5.59141454607959E-01, -8.94754000000000E-01,  6.57328700904483E-01,  1.47700000000000E+01,  4.91281747293658E+02,  1.35500121052225E+03
 1.88691666700000E+03, -5.43730294591611E-01, -1.12879000000000E+00,  6.59047913181157E-01,  1.49500000000000E+01,  4.52810908728308E+02,  1.38252817576372E+03
 1.88700000000000E+03, -5.26126016448357E-01, -5.73196000000000E-01,  6.60773013557548E-01,  1.51300000000000E+01,  7.41512484908987E+02,  2.81254001205911E+03
 1.88708333300000E+03, -5.09992064026003E-01, -3.24291000000000E-01,  6.62503891489730E-01,  1.53100000000000E+01,  2.19936481385873E+03,  6.38888447146550E+03
 1.88716666700000E+03, -5.07606269044453E-01, -6.40848000000000E-01,  6.64240433833793E-01,  1.54900000000000E+01,  3.34909321019186E+03,  8.83050216720363E+03
 1.88725000000000E+03, -5.16124609355546E-01, -8.13997000000000E-01,  6.65982524823057E-01,  1.56700000000000E+01,  3.38444296316315E+03,  9.44661855139281E+03
 1.88733333300000E+03, -5.28220197852018E-01, -8.84689000000000E-01,  7.84342497175718E-01,  1.58500000000000E+01,  4.03298424159226E+03,  1.07799785656799E+04
 1.88741666700000E+03, -5.29621345804531E-01, -4.71336000000000E-01,  7.85479168170031E-01,  1.60300000000000E+01,  4.52134223408426E+03,  1.02653378569653E+04
 1.88750000000000E+03, -5.16842435522975E-01, -3.71460000000000E-01,  7.86697977974828E-01,  1.62100000000000E+01,  3.16173126160810E+03,  6.44041498128168E+03
 1.88758333300000E+03, -4.93546910595008E-01, -3.61477000000000E-01,  7.87999828932246E-01,  1.63900000000000E+01,  2.28324145838044E+03,  4.93376932490253E+03
 1.88766666700000E+03, -4.75007759549252E-01, -3.55633000000000E-01,  7.89385576053157E-01,  1.65700000000000E+01,  2.94496178779353E+03,  6.31183295855817E+03
 1.88775000000000E+03, -4.67554140186470E-01, -1.78322000000000E-01,  7.90856025165253E-01,  1.67500000000000E+01,  2.72701331045769E+03,  5.84654369268758E+03
 1.88783333300000E+03, -4.63233190647683E-01,  3.87000000000000E-02,  7.91388336842407E-01,  1.69300000000000E+01,  2.21113046085150E+03,  5.39233455378016E+03
 1.88791666700000E+03, -4.41179137330702E-01, -6.55000000000000E-02,  7.92974181889465E-01,  1.71100000000000E+01,  3.09377017681319E+03,  6.89814165962128E+03
 1.88800000000000E+03, -3.91408202698124E-01, -1.08858000000000E-01,  7.94646417378121E-01,  1.72900000000000E+01,  3.54016597790262E+03,  6.41112134064725E+03
 1.88808333300000E+03, -3.27180109349274E-01,  3.99408000000000E-01,  7.96405670951195E-01,  1.74700000000000E+01,  3.25057668659120E+03,  4.80351394478298E+03
 1.88816666700000E+03, -2.11249419587623E-01,  3.89721000000000E-01,  7.98252513011812E-01,  1.76500000000000E+01,  4.24821035170814E+03,  6.18768135555372E+03
 1.88825000000000E+03, -5.57697469367380E-02,  3.70832000000000E-01,  8.00187454882285E-01,  1.78300000000000E+01,  4.97489920479889E+03,  7.47396109607913E+03
 1.88833333300000E+03,  1.41919765091743E-01,  2.22229000000000E-01,  8.52651524279106E-01,  1.80100000000000E+01,  4.39051926333260E+03,  7.15901704139201E+03
 1.88841666700000E+03,  2.75682884629027E-01,  1.92543000000000E-01,  8.53477227902024E-01,  1.81900000000000E+01,  6.45669511424138E+03,  1.16910169556222E+04
 1.88850000000000E+03,  3.49048207594672E-01,  2.85269000000000E-01,  8.54277382339259E-01,  1.83700000000000E+01,  1.13021978450345E+04,  2.03758281098567E+04
 1.88858333300000E+03,  3.63819460022514E-01,  4.73331000000000E-01,  8.55051710255223E-01,  1.85500000000000E+01,  1.35178253780995E+04,  2.44146173360016E+04
 1.88866666700000E+03,  3.69016199176068E-01, -8.04000000000000E-02,  8.55799939350152E-01,  1.87300000000000E+01,  1.30763582240587E+04,  2.43315644375432E+04
 1.88875000000000E+03,  3.66337230883541E-01,  9.33308000000000E-01,  8.56521802589376E-01,  1.89100000000000E+01,  1.31505022717645E+04,  2.47328357810836E+04
 1.88883333300000E+03,  3.63068372436255E-01,  1.36380000000000E+00,  8.59318549230655E-01,  1.90900000000000E+01,  1.12637965668620E+04,  2.10520287820702E+04
 1.88891666700000E+03,  3.76979474887807E-01,  9.15504000000000E-01,  8.59896481129553E-01,  1.92700000000000E+01,  6.15239171161256E+03,  1.20936748122742E+04
 1.88900000000000E+03,  4.09742198772424E-01,  9.66913000000000E-01,  8.60446501263066E-01,  1.94500000000000E+01,  2.72912276914728E+03,  6.30556333777967E+03
 1.88908333300000E+03,  4.49311744120455E-01,  8.03009000000000E-01,  8.60968388279545E-01,  1.96300000000000E+01,  2.58410786528824E+03,  5.43698715714187E+03
 1.88916666700000E+03,  3.61495884573246E-01,  4.92691000000000E-01,  8.61461928121061E-01,  1.98100000000000E+01,  2.33410142600846E+03,  4.30040025619275E+03
 1.88925000000000E+03,  1.38921922438530E-01,  2.44673000000000E-01,  8.61926914282187E-01,  1.99900000000000E+01,  1.62385785652022E+03,  3.50648460829721E+03
 1.88933333300000E+03, -2.12808874557669E-01,  2.15799000000000E-01,  4.77955440245812E-01,  2.01700000000000E+01,  1.84643238584716E+03,  4.42157189493751E+03
 1.88941666700000E+03, -4.51453214396040E-01, -2.61557000000000E-01,  4.77904978010023E-01,  2.03500000000000E+01,  1.89465075651369E+03,  3.97371409860558E+03
 1.88950000000000E+03, -5.67280689537306E-01, -4.50130000000000E-01,  4.77854374497975E-01,  2.05300000000000E+01,  1.76658546625887E+03,  3.15489624668531E+03
 1.88958333300000E+03, -5.62161519156478E-01, -4.92138000000000E-01,  4.77803629518914E-01,  2.07100000000000E+01,  2.83548724560123E+03,  5.03708589778743E+03
 1.88966666700000E+03, -5.66120204285426E-01, -6.38462000000000E-01,  4.77752742884223E-01,  2.08900000000000E+01,  3.60629027320987E+03,  6.54928816448681E+03
 1.88975000000000E+03, -5.83186115553842E-01, -1.06416000000000E+00,  4.77701714407461E-01,  2.10700000000000E+01,  3.29188266491533E+03,  6.10528884730797E+03
 1.88983333300000E+03, -6.05499055851352E-01, -9.23695000000000E-01,  4.75957003506485E-01,  2.12500000000000E+01,  4.38835287525633E+03,  7.76887395845495E+03
 1.88991666700000E+03, -6.06624139949837E-01, -1.03726000000000E+00,  4.75901111634099E-01,  2.14300000000000E+01,  6.23603284774829E+03,  1.04273430558678E+04
 1.89000000000000E+03, -5.86561367296823E-01, -1.80877000000000E+00,  4.75845073087985E-01,  2.16100000000000E+01,  5.96575110420406E+03,  9.72627447335335E+03
 1.89008333300000E+03, -5.57940474741055E-01, -1.55332000000000E+00,  4.75788887784788E-01,  2.17900000000000E+01,  5.11532908613580E+03,  8.13674070551538E+03
 1.89016666700000E+03, -5.55266817722033E-01, -8.14379000000000E-01,  4.75732555644864E-01,  2.19700000000000E+01,  5.15085113393044E+03,  7.92471543481333E+03
 1.89025000000000E+03, -5.78540396999819E-01, -6.91088000000000E-01,  4.75676076592338E-01,  2.21500000000000E+01,  3.89433064899189E+03,  6.06974799871282E+03
 1.89033333300000E+03, -6.17855217243858E-01, -6.67410000000000E-01,  7.73565360919562E-01,  2.23300000000000E+01,  1.66168131523078E+03,  3.14097412976165E+03
 1.89041666700000E+03, -6.36098723287241E-01, -9.10698000000000E-01,  7.75316646613221E-01,  2.25100000000000E+01,  9.10155316724618E+02,  2.29544702010570E+03
 1.89050000000000E+03, -6.30250370466606E-01, -9.11381000000000E-01,  7.77060780872850E-01,  2.26900000000000E+01,  1.08300117479556E+03,  2.29144769758047E+03
 1.89058333300000E+03, -6.04322664499633E-01, -1.33992000000000E+00,  7.78797466194486E-01,  2.28700000000000E+01,  9.91892943737587E+02,  1.91521425153103E+03
 1.89066666700000E+03, -5.96883420287111E-01, -1.32270000000000E+00,  7.80526402615905E-01,  2.30500000000000E+01,  1.16234309290478E+03,  2.53671509504843E+03
 1.89075000000000E+03, -6.13973726612094E-01, -1.09670000000000E+00,  7.82247287766021E-01,  2.32300000000000E+01,  1.39956874658225E+03,  3.18933431767461E+03
 1.89083333300000E+03, -6.47233472213981E-01, -9.70245000000000E-01,  7.73781494086478E-01,  2.34100000000000E+01,  1.14934735807482E+03,  2.39384914120642E+03
 1.89091666700000E+03, -6.51113265588111E-01, -6.00857000000000E-01,  7.75531914713691E-01,  2.35900000000000E+01,  1.28220652356362E+03,  2.18311362658945E+03
 1.89100000000000E+03, -6.16236689639013E-01, -3.35217000000000E-01,  7.77275147389026E-01,  2.37700000000000E+01,  2.07669506087965E+03,  3.55497701897196E+03
 1.89108333300000E+03, -5.53243847046243E-01, -6.76000000000000E-02,  7.79010894303072E-01,  2.39500000000000E+01,  2.29542491309893E+03,  4.07578753287890E+03
 1.89116666700000E+03, -4.22817101877800E-01, -2.16000000000000E-02,  7.80738855194121E-01,  2.41300000000000E+01,  1.99611013706680E+03,  3.48680570146469E+03
 1.89125000000000E+03, -2.37668194653992E-01,  4.95000000000000E-02,  7.82458727397847E-01,  2.43100000000000E+01,  2.10529118845516E+03,  3.66558676406522E+03
 1.89133333300000E+03, -4.49192095750926E-03,  2.10000000000000E-02,  9.24755068731888E-01,  2.44900000000000E+01,  1.86534355600463E+03,  3.60398767858768E+03
 1.89141666700000E+03,  1.35703700524586E-01, -2.70000000000000E-02,  9.29598782296225E-01,  2.46700000000000E+01,  9.70343223805003E+02,  2.17806157896381E+03
 1.89150000000000E+03,  1.83907828001937E-01, -2.07109000000000E-01,  9.34492427313188E-01,  2.48500000000000E+01,  6.24135738832593E+02,  1.17981481681365E+03
 1.89158333300000E+03,  1.44657402738638E-01, -9.87000000000000E-02,  9.39433223989635E-01,  2.50300000000000E+01,  6.65488958635983E+02,  1.30419885465702E+03
 1.89166666700000E+03,  8.54904738460726E-02, -1.44463000000000E-01,  9.44418300834806E-01,  2.52100000000000E+01,  4.64862813737475E+02,  1.56102715330397E+03
 1.89175000000000E+03,  8.48087428164202E-03,  1.39000000000000E-03,  9.49444695881656E-01,  2.53900000000000E+01,  5.65582394910357E+02,  1.96243743180343E+03
 1.89183333300000E+03, -7.35290894251667E-02,  1.09205000000000E-01,  9.54282265208714E-01,  2.55700000000000E+01,  7.63633440920515E+02,  2.37772561154924E+03
 1.89191666700000E+03, -1.39400248984032E-01,  4.60000000000000E-02,  9.59380554326454E-01,  2.57500000000000E+01,  6.13328775417136E+02,  2.23279917835745E+03
 1.89200000000000E+03, -1.81244897824589E-01, -3.79066000000000E-01,  9.64510893321247E-01,  2.59300000000000E+01,  6.50848547103178E+02,  1.83740788349684E+03
 1.89208333300000E+03, -2.14712599728422E-01, -2.50362000000000E-01,  9.69669977366219E-01,  2.61100000000000E+01,  7.25271042580332E+02,  1.34216592424235E+03
 1.89216666700000E+03, -2.72976167862585E-01, -4.89479000000000E-01,  9.74854419538193E-01,  2.62900000000000E+01,  4.59572234146842E+02,  6.72640358284148E+02
 1.89225000000000E+03, -3.58262709559464E-01, -6.43467000000000E-01,  9.80060752999774E-01,  2.64700000000000E+01,  4.83535774482831E+02,  6.16396666756168E+02
 1.89233333300000E+03, -4.51930131087779E-01, -4.12741000000000E-01,  7.80115427661116E-01,  2.66500000000000E+01,  7.68165569502376E+02,  1.26683753927364E+03
 1.89241666700000E+03, -5.05919778424129E-01, -4.72618000000000E-01,  7.80884143904752E-01,  2.68300000000000E+01,  6.78718120292188E+02,  1.51485668837037E+03
 1.89250000000000E+03, -5.19109465663842E-01, -5.99531000000000E-01,  7.81730247430158E-01,  2.70100000000000E+01,  6.71339310551976E+02,  1.45250961140952E+03
 1.89258333300000E+03, -5.01082524796381E-01, -6.84208000000000E-01,  7.82654836102670E-01,  2.71900000000000E+01,  9.71369391141679E+02,  1.69798486571580E+03
 1.89266666700000E+03, -4.83432541788742E-01, -1.02779000000000E+00,  7.83658968956558E-01,  2.73700000000000E+01,  9.76952941577197E+02,  1.77542174204477E+03
 1.89275000000000E+03, -4.70239715417037E-01, -1.29525000000000E+00,  7.84743664380267E-01,  2.75500000000000E+01,  1.61330999212138E+03,  2.68408281004084E+03
 1.89283333300000E+03, -4.56129887409316E-01, -1.24311000000000E+00,  7.88892161821027E-01,  2.77300000000000E+01,  3.85046861696050E+03,  5.65839410235982E+03
 1.89291666700000E+03, -4.26100317519032E-01, -6.51646000000000E-01,  7.90332949023865E-01,  2.79100000000000E+01,  5.65164571299062E+03,  7.98972621353320E+03
 1.89300000000000E+03, -3.78744480725190E-01, -4.63078000000000E-01,  7.91858935389681E-01,  2.80900000000000E+01,  5.72657111682779E+03,  7.95976086489311E+03
 1.89308333300000E+03, -3.28012882537403E-01, -4.84552000000000E-01,  7.93470841493604E-01,  2.82700000000000E+01,  5.88314558441673E+03,  8.13469383484358E+03
 1.89316666700000E+03, -3.53845219662974E-01, -7.11458000000000E-01,  7.95169333811005E-01,  2.84500000000000E+01,  5.90121802439405E+03,  8.18935643675093E+03
 1.89325000000000E+03, -4.62386384974394E-01, -1.04913000000000E+00,  7.96955022866031E-01,  2.86300000000000E+01,  4.02033065856764E+03,  5.75874996156359E+03
 1.89333333300000E+03, -6.46127423966560E-01, -1.13171000000000E+00,  4.58663692097368E-01,  2.88100000000000E+01,  2.15851783560927E+03,  3.46678008894424E+03
 1.89341666700000E+03, -7.71408292857561E-01, -1.22055000000000E+00,  4.58591975375539E-01,  2.89900000000000E+01,  2.18073119615209E+03,  3.56717041095164E+03
 1.89350000000000E+03, -8.29590495487307E-01, -1.53552000000000E+00,  4.58520465744428E-01,  2.91700000000000E+01,  2.11482877634690E+03,  3.18839978621838E+03
 1.89358333300000E+03, -8.21755142600202E-01, -1.46591000000000E+00,  4.58449168113465E-01,  2.93500000000000E+01,  1.32890073801850E+03,  1.59016035683949E+03
 1.89366666700000E+03, -8.21417490309501E-01, -1.39972000000000E+00,  4.58378087446370E-01,  2.95300000000000E+01,  1.50275994794728E+03,  1.44656427068500E+03
 1.89375000000000E+03, -8.31887376637824E-01, -1.35772000000000E+00,  4.58307228761650E-01,  2.97100000000000E+01,  1.98711438832098E+03,  2.19053221119075E+03
 1.89383333300000E+03, -8.45889574286112E-01, -1.20169000000000E+00,  4.57352804169582E-01,  2.98900000000000E+01,  1.73533981953291E+03,  2.08426311781804E+03
 1.89391666700000E+03, -8.39903019473684E-01, -9.81186000000000E-01,  4.57285864366127E-01,  3.00700000000000E+01,  1.97968416341144E+03,  2.62175364446309E+03
 1.89400000000000E+03, -8.11901450452740E-01, -1.05516000000000E+00,  4.57219233691633E-01,  3.02500000000000E+01,  2.50775607965012E+03,  3.91723181112144E+03
 1.89408333300000E+03, -7.70912467440968E-01, -1.20046000000000E+00,  4.57152918163503E-01,  3.04300000000000E+01,  2.26449269217850E+03,  4.52917574466556E+03
 1.89416666700000E+03, -7.28774523470336E-01, -1.02220000000000E+00,  4.57086923863256E-01,  3.06100000000000E+01,  3.38614438609871E+03,  7.09526748010837E+03
 1.89425000000000E+03, -6.89540140837002E-01, -9.06637000000000E-01,  4.57021256937095E-01,  3.07900000000000E+01,  6.60166427143685E+03,  1.23488936743078E+04
 1.89433333300000E+03, -6.52655372440502E-01, -9.08010000000000E-01,  6.70233004990316E-01,  3.09700000000000E+01,  8.37628479452301E+03,  1.48634880661549E+04
 1.89441666700000E+03, -6.30452394417998E-01, -8.41787000000000E-01,  6.71993196775092E-01,  3.11500000000000E+01,  8.06214684441956E+03,  1.38158901218062E+04
 1.89450000000000E+03, -6.20904945963509E-01, -8.00501000000000E-01,  6.73758392621648E-01,  3.13300000000000E+01,  7.88393238751155E+03,  1.28789963483815E+04
 1.89458333300000E+03, -6.21733493882109E-01, -6.52897000000000E-01,  6.75528462145564E-01,  3.15100000000000E+01,  6.51452177702137E+03,  1.01972188534792E+04
 1.89466666700000E+03, -6.19024399959213E-01, -1.07708000000000E+00,  6.77303272200997E-01,  3.16900000000000E+01,  3.16197440828120E+03,  4.92937351699440E+03
 1.89475000000000E+03, -6.09797284381561E-01, -8.19403000000000E-01,  6.79082686860510E-01,  3.18700000000000E+01,  1.22596543025583E+03,  2.27148810199506E+03
 1.89483333300000E+03, -5.94052147182588E-01, -8.24175000000000E-01,  6.65440579770478E-01,  3.20500000000000E+01,  1.62650981222700E+03,  2.85094218946546E+03
 1.89491666700000E+03, -5.73079567334998E-01, -4.81836000000000E-01,  6.67186426379659E-01,  3.22300000000000E+01,  1.89665469355424E+03,  2.79311279400269E+03
 1.89500000000000E+03, -5.52840303905969E-01, -6.53618000000000E-01,  6.68937620055333E-01,  3.24100000000000E+01,  1.94107198403016E+03,  2.63808179633076E+03
 1.89508333300000E+03, -5.31631569443219E-01, -4.20042000000000E-01,  6.70694037866841E-01,  3.25900000000000E+01,  2.60463517361228E+03,  3.70108537360724E+03
 1.89516666700000E+03, -4.94271163976916E-01, -4.07379000000000E-01,  6.72455554179372E-01,  3.27700000000000E+01,  2.76422935471927E+03,  3.93310140260026E+03
 1.89525000000000E+03, -4.36708747357244E-01, -3.40038000000000E-01,  6.74222040632710E-01,  3.29500000000000E+01,  2.42571234173192E+03,  3.45771647940253E+03
 1.89533333300000E+03, -3.56016634265105E-01, -3.35430000000000E-01,  1.12473950131989E+00,  3.31300000000000E+01,  2.88178850735304E+03,  4.47400206139809E+03
 1.89541666700000E+03, -2.83459244073264E-01, -4.30758000000000E-01,  1.12868467975460E+00,  3.33100000000000E+01,  3.25653576420641E+03,  5.58566647028149E+03
 1.89550000000000E+03, -2.14597127126109E-01, -3.77350000000000E-01,  1.13252305930532E+00,  3.34900000000000E+01,  2.80607918599100E+03,  5.38033495559173E+03
 1.89558333300000E+03, -1.60394018162064E-01,  1.90042000000000E-01,  1.13625087636182E+00,  3.36700000000000E+01,  3.21378908736016E+03,  6.42109030846119E+03
 1.89566666700000E+03, -1.14440417975922E-01,  1.01107000000000E-01,  1.13986446107410E+00,  3.38500000000000E+01,  4.29198183531007E+03,  8.53637965269116E+03
 1.89575000000000E+03, -8.79476080941998E-02, -8.64000000000000E-02,  1.14336024499672E+00,  3.40300000000000E+01,  4.06485355880012E+03,  8.25947723240290E+03
 1.89583333300000E+03, -6.51809311905508E-02,  1.16655000000000E-01,  1.14491865431300E+00,  3.42100000000000E+01,  3.39756622984114E+03,  6.63138869110651E+03
 1.89591666700000E+03, -2.87857918433477E-02,  1.30865000000000E-01,  1.14823660520569E+00,  3.43900000000000E+01,  3.32129111573585E+03,  5.79021191447852E+03
 1.89600000000000E+03,  3.25812300713061E-02, -3.69000000000000E-02,  1.15142846607981E+00,  3.45700000000000E+01,  2.43208112865278E+03,  4.01389901009363E+03
 1.89608333300000E+03,  1.01071286479828E-01, -1.10302000000000E-01,  1.15449107874918E+00,  3.47500000000000E+01,  1.03578604671440E+03,  1.71690744597835E+03
 1.89616666700000E+03,  1.74309045629343E-01,  7.61000000000000E-02,  1.15742142109672E+00,  3.49300000000000E+01,  8.28217085795832E+02,  1.42184374171130E+03
 1.89625000000000E+03,  2.41127208322089E-01, -5.24000000000000E-02,  1.16021661491060E+00,  3.51100000000000E+01,  1.18896481064746E+03,  1.99375381509227E+03
 1.89633333300000E+03,  3.12227190042151E-01,  1.82000000000000E-02,  8.49207821945666E-01,  3.52900000000000E+01,  1.12968128456766E+03,  1.81833996114321E+03
 1.89641666700000E+03,  3.67791869721298E-01, -3.07198000000000E-01,  8.52797453692292E-01,  3.54700000000000E+01,  1.12361092361335E+03,  1.81164852807939E+03
 1.89650000000000E+03,  4.14982044460489E-01,  3.09370000000000E-01,  8.56470657118762E-01,  3.56500000000000E+01,  1.15603053440484E+03,  1.98157088913974E+03
 1.89658333300000E+03,  4.48365419050134E-01,  6.85472000000000E-01,  8.60226346083266E-01,  3.58300000000000E+01,  7.59596977379171E+02,  1.41226404389562E+03
 1.89666666700000E+03,  4.73279932854756E-01,  6.73597000000000E-01,  8.64063342621917E-01,  3.60100000000000E+01,  4.02061923541611E+02,  8.43527850495812E+02
 1.89675000000000E+03,  4.85491769903807E-01,  5.69468000000000E-01,  8.67980376067433E-01,  3.61900000000000E+01,  4.54659167996997E+02,  1.06344670330005E+03
 1.89683333300000E+03,  4.91916370065586E-01,  6.99986000000000E-01,  8.85001196995846E-01,  3.63700000000000E+01,  4.27689511341569E+02,  1.17305115624242E+03
 1.89691666700000E+03,  5.06087152673414E-01,  7.33805000000000E-01,  8.89305766774595E-01,  3.65500000000000E+01,  3.23379307120776E+02,  8.41348483092973E+02
 1.89700000000000E+03,  5.30573312224215E-01,  7.17703000000000E-01,  8.93680506222756E-01,  3.67300000000000E+01,  4.44982070626064E+02,  8.11715332403530E+02
 1.89708333300000E+03,  5.52980777175387E-01,  5.94238000000000E-01,  8.98123465523126E-01,  3.69100000000000E+01,  4.38980625974496E+02,  8.33615208206254E+02
 1.89716666700000E+03,  4.65537993427303E-01,  2.73682000000000E-01,  9.02632598469801E-01,  3.70900000000000E+01,  6.75573615311893E+02,  1.05202003639770E+03
 1.89725000000000E+03,  2.68274530036363E-01, -1.28998000000000E-01,  9.07205762505514E-01,  3.72700000000000E+01,  1.69768924664147E+03,  2.26975920098235E+03
 1.89733333300000E+03, -2.44981544211375E-02, -1.65211000000000E-01,  7.95226924698839E-01,  3.74500000000000E+01,  2.37202872268228E+03,  3.24367074276485E+03
 1.89741666700000E+03, -2.10944124745788E-01, -1.09777000000000E-01,  7.96864454613502E-01,  3.76300000000000E+01,  2.37140290364707E+03,  3.27134450242134E+03
 1.89750000000000E+03, -2.88040608772194E-01,  8.65000000000000E-02,  7.98490880457663E-01,  3.78100000000000E+01,  2.82096622189568E+03,  3.77910536863405E+03
 1.89758333300000E+03, -2.61425358133189E-01,  1.05753000000000E-01,  8.00105877768497E-01,  3.79900000000000E+01,  3.02865287843373E+03,  4.04906613129745E+03
 1.89766666700000E+03, -2.37419480140193E-01,  4.98000000000000E-02,  8.01709120432261E-01,  3.81700000000000E+01,  2.13250246348343E+03,  2.82703304433894E+03
 1.89775000000000E+03, -2.20691077455918E-01, -3.12452000000000E-01,  8.03300280765442E-01,  3.83500000000000E+01,  1.41908651341925E+03,  1.80823360297782E+03
 1.89783333300000E+03, -2.04509180383456E-01, -5.32324000000000E-01,  8.07291491823806E-01,  3.85300000000000E+01,  1.29291249701936E+03,  1.70013125096439E+03
 1.89791666700000E+03, -1.73645277583746E-01, -4.65395000000000E-01,  8.08837172451416E-01,  3.87100000000000E+01,  8.20776780746141E+02,  1.19930241127051E+03
 1.89800000000000E+03, -1.23592443773365E-01, -5.84677000000000E-01,  8.10369264352930E-01,  3.88900000000000E+01,  2.91763001278686E+02,  5.97692490574447E+02
 1.89808333300000E+03, -6.86270543067302E-02, -4.56621000000000E-01,  8.11887432742630E-01,  3.90700000000000E+01,  2.39327979297445E+02,  6.37751358812589E+02
 1.89816666700000E+03, -8.00522126600994E-02, -4.73488000000000E-01,  8.13391341866319E-01,  3.92500000000000E+01,  2.70595806673300E+02,  7.19659303807984E+02
 1.89825000000000E+03, -1.70942883243280E-01, -2.54438000000000E-01,  8.14880655104359E-01,  3.94299999999999E+01,  3.91583873824368E+02,  6.88537924114092E+02
 1.89833333300000E+03, -3.33770400467383E-01, -3.94550000000000E-01,  7.85351927793833E-01,  3.96099999999999E+01,  8.09589977906983E+02,  8.72975996263445E+02
 1.89841666700000E+03, -4.52975011418729E-01, -3.15548000000000E-01,  7.84476014967040E-01,  3.97899999999999E+01,  9.86547190578000E+02,  8.68373516921303E+02
 1.89850000000000E+03, -5.12368988921978E-01, -4.44571000000000E-01,  7.83636563223747E-01,  3.99699999999999E+01,  1.21036609021528E+03,  1.29220075579754E+03
 1.89858333300000E+03, -5.15921180805940E-01, -6.55317000000000E-01,  7.82835102747236E-01,  4.01499999999999E+01,  2.71644666063905E+03,  3.78547258517496E+03
 1.89866666700000E+03, -5.23094015888489E-01, -4.80053000000000E-01,  7.82073167272044E-01,  4.03299999999999E+01,  4.62141237448680E+03,  7.00692123717138E+03
 1.89875000000000E+03, -5.39861846311172E-01, -3.00762000000000E-01,  7.81352293019872E-01,  4.05099999999999E+01,  5.08543892543138E+03,  8.19756428700842E+03
 1.89883333300000E+03, -5.55620032822699E-01, -5.56324000000000E-01,  7.82243866416914E-01,  4.06899999999999E+01,  4.91658927725268E+03,  8.11547979436059E+03
 1.89891666700000E+03, -5.54186530783381E-01, -7.13396000000000E-01,  7.81513465300808E-01,  4.08699999999999E+01,  4.84170877070293E+03,  7.61085970779310E+03
 1.89900000000000E+03, -5.32238536303792E-01, -8.89196000000000E-01,  7.80825311282332E-01,  4.10499999999999E+01,  3.49704068434432E+03,  5.12040381656023E+03
 1.89908333300000E+03, -4.98598124478797E-01, -7.68162000000000E-01,  7.80180942277461E-01,  4.12299999999999E+01,  1.49555131838598E+03,  1.96300674502838E+03
 1.89916666700000E+03, -4.40056746370985E-01, -6.33739000000000E-01,  7.79581895571955E-01,  4.14099999999999E+01,  8.47919218728991E+02,  9.81408457452703E+02
 1.89925000000000E+03, -3.62813433117388E-01, -3.67498000000000E-01,  7.79029706635850E-01,  4.15899999999999E+01,  9.73456627876507E+02,  1.20379279866246E+03
 1.89933333300000E+03, -2.59528195484408E-01, -1.76411000000000E-01,  1.13440589926375E+00,  4.17699999999999E+01,  8.49120146304684E+02,  1.24361401106129E+03
 1.89941666700000E+03, -1.76446884749984E-01, -2.46458000000000E-01,  1.13807690319352E+00,  4.19499999999999E+01,  1.04631867818062E+03,  1.85958708106713E+03
 1.89950000000000E+03, -1.05366158880159E-01,  2.95000000000000E-02,  1.14163187272934E+00,  4.21299999999999E+01,  1.41623000324712E+03,  2.61716477304442E+03
 1.89958333300000E+03, -5.70741047572616E-02,  2.24022000000000E-01,  1.14506729315749E+00,  4.23099999999999E+01,  1.48179919549486E+03,  2.65935908542705E+03
 1.89966666700000E+03, -1.79226301678693E-02,  1.13000000000000E-02,  1.14837976275883E+00,  4.24899999999999E+01,  1.98487554831614E+03,  2.94327122843812E+03
 1.89975000000000E+03,  9.87460777312203E-04,  6.43648000000000E-01,  1.15156600058727E+00,  4.26699999999999E+01,  2.82056128091512E+03,  3.59617973817980E+03
 1.89983333300000E+03,  1.38864597824590E-02,  8.84295000000000E-01,  1.15239468861345E+00,  4.28499999999999E+01,  2.89445615557491E+03,  3.49605821755053E+03
 1.89991666700000E+03,  4.09049790382013E-02,  1.01121000000000E+00,  1.15541649273603E+00,  4.30299999999999E+01,  3.06085583703030E+03,  3.86135886643007E+03
 1.90000000000000E+03,  9.45058704370005E-02,  7.60653000000000E-01,  1.15830511585584E+00,  4.32099999999999E+01,  4.40843894171500E+03,  6.21430699442571E+03
 1.90008333300000E+03,  1.59219184088461E-01,  6.20508000000000E-01,  1.16105772610045E+00,  4.33899999999999E+01,  5.27603645929673E+03,  8.25941452820995E+03
 1.90016666700000E+03,  2.25520392744671E-01,  5.43701000000000E-01,  1.16367164576135E+00,  4.35699999999999E+01,  4.72683679658044E+03,  8.16939290189773E+03
 1.90025000000000E+03,  2.80031171996812E-01,  4.70922000000000E-01,  1.16614435909017E+00,  4.37499999999999E+01,  4.29821118018839E+03,  7.55932937886963E+03
 1.90033333300000E+03,  3.23949576694323E-01,  3.60250000000000E-01,  9.14970713917279E-01,  4.39299999999999E+01,  3.83751454657295E+03,  6.41288789636927E+03
 1.90041666700000E+03,  3.41374157504892E-01,  3.19613000000000E-01,  9.19703504575506E-01,  4.41099999999999E+01,  2.19440521596188E+03,  3.61445670319112E+03
 1.90050000000000E+03,  3.34621696980126E-01,  3.86469000000000E-01,  9.24491646159252E-01,  4.42899999999999E+01,  7.18555698593434E+02,  1.21368451063382E+03
 1.90058333300000E+03,  3.03655699702029E-01,  4.53922000000000E-01,  9.29332550486136E-01,  4.44699999999999E+01,  5.37953033535311E+02,  7.21370814532001E+02
 1.90066666700000E+03,  2.38295647272533E-01,  3.71477000000000E-01,  9.34223535633692E-01,  4.46499999999999E+01,  6.35556052090030E+02,  8.10627409239512E+02
 1.90075000000000E+03,  1.38682480960554E-01,  4.20998000000000E-01,  9.39161826856221E-01,  4.48299999999999E+01,  6.95559855593227E+02,  1.09677335463681E+03
 1.90083333300000E+03,  1.75810325384551E-02,  3.29395000000000E-01,  9.53808174369699E-01,  4.50099999999999E+01,  1.14326954273585E+03,  1.92509126786346E+03
 1.90091666700000E+03, -7.50437787054295E-02,  6.75823000000000E-01,  9.58903306517481E-01,  4.51899999999999E+01,  1.46633196510239E+03,  2.47112913099407E+03
 1.90100000000000E+03, -1.30398695489298E-01,  7.19822000000000E-01,  9.64030792731785E-01,  4.53699999999999E+01,  1.55092412052655E+03,  2.60233485162232E+03
 1.90108333300000E+03, -1.52921844148405E-01,  2.86938000000000E-01,  9.69187335953383E-01,  4.55499999999999E+01,  2.06115934615173E+03,  3.09341980615759E+03
 1.90116666700000E+03, -1.64863186838133E-01,  1.88850000000000E-01,  9.74369556831732E-01,  4.57299999999999E+01,  2.56691644144090E+03,  3.46680421871567E+03
 1.90125000000000E+03, -1.65487660118544E-01,  1.45582000000000E-01,  9.79573995891201E-01,  4.59099999999999E+01,  2.37155386961399E+03,  3.09360446193612E+03
 1.90133333300000E+03, -1.54342887302685E-01, -6.50000000000000E-04,  8.06760464140727E-01,  4.60899999999999E+01,  2.22933781596789E+03,  3.07768374073611E+03
 1.90141666700000E+03, -1.30608394971922E-01, -2.02217000000000E-01,  8.09061045952805E-01,  4.62699999999999E+01,  2.40198456709370E+03,  3.73222349009808E+03
 1.90150000000000E+03, -9.55731263280237E-02, -1.58140000000000E-01,  8.11451350061432E-01,  4.64499999999999E+01,  1.94634145499502E+03,  3.57281471494670E+03
 1.90158333300000E+03, -5.47693970269455E-02, -2.03000000000000E-02,  8.13931487940133E-01,  4.66299999999999E+01,  1.26365418200490E+03,  2.82790339031116E+03
 1.90166666700000E+03, -1.96561741287495E-02, -2.94323000000000E-01,  8.16501499322862E-01,  4.68099999999999E+01,  1.16741812086001E+03,  2.54974683049445E+03
 1.90175000000000E+03,  3.44552328125581E-03, -2.01023000000000E-01,  8.19161350515404E-01,  4.69899999999999E+01,  9.52955489450592E+02,  1.93301441600238E+03
 1.90183333300000E+03,  2.57553888131440E-02, -3.18735000000000E-01,  8.22361394417419E-01,  4.71699999999999E+01,  5.98780637815028E+02,  1.28272249827236E+03
 1.90191666700000E+03,  6.61881077675205E-02, -2.86106000000000E-01,  8.25214897469303E-01,  4.73499999999999E+01,  9.09488464204920E+02,  1.91972570227025E+03
 1.90200000000000E+03,  1.32030408102631E-01, -4.05998000000000E-01,  8.28157632469819E-01,  4.75299999999999E+01,  1.29146116558859E+03,  2.68460254887703E+03
 1.90208333300000E+03,  2.05173430078831E-01, -2.04111000000000E-01,  8.31189242836298E-01,  4.77099999999999E+01,  1.23318332223363E+03,  2.67508658045469E+03
 1.90216666700000E+03,  2.61696236263566E-01, -3.42169000000000E-01,  8.34309290422199E-01,  4.78899999999999E+01,  1.34118500832410E+03,  2.95919825525820E+03
 1.90225000000000E+03,  2.85040149697000E-01,  2.91063000000000E-01,  8.37517254077052E-01,  4.80699999999999E+01,  1.45397289837807E+03,  3.16254367200271E+03
 1.90233333300000E+03,  2.84560047174497E-01,  5.78169000000000E-01,  1.18499104619331E+00,  4.82499999999999E+01,  1.07482441275947E+03,  2.38789167927768E+03
 1.90241666700000E+03,  2.76629576506673E-01,  5.81682000000000E-01,  1.18466442926153E+00,  4.84299999999999E+01,  7.63994912169306E+02,  1.67710643372984E+03
 1.90250000000000E+03,  2.76495401775172E-01,  7.30839000000000E-01,  1.18418996738357E+00,  4.86099999999999E+01,  8.83575815616631E+02,  1.68764643469705E+03
 1.90258333300000E+03,  2.82886945762199E-01,  6.30463000000000E-01,  1.18356993545650E+00,  4.87899999999999E+01,  8.75056555811801E+02,  1.50697343364581E+03
 1.90266666700000E+03,  2.83512398269889E-01,  9.77167000000000E-01,  1.18280689740015E+00,  4.89699999999999E+01,  6.30620263649794E+02,  9.43493186578987E+02
 1.90275000000000E+03,  2.74710123588619E-01,  8.21108000000000E-01,  1.18190370849718E+00,  4.91499999999999E+01,  5.52031472532604E+02,  7.25525248611057E+02
 1.90283333300000E+03,  2.62877740913934E-01,  7.69686000000000E-01,  1.18189285976339E+00,  4.93299999999999E+01,  5.31601754400893E+02,  7.68097095901676E+02
 1.90291666700000E+03,  2.67884757922984E-01,  5.82874000000000E-01,  1.18085115983043E+00,  4.95099999999999E+01,  6.87134046354577E+02,  9.68261822143467E+02
 1.90300000000000E+03,  2.89731175010887E-01,  7.38672000000000E-01,  1.17967594065402E+00,  4.96899999999999E+01,  1.45612767071362E+03,  1.91269796507840E+03
 1.90308333300000E+03,  3.17584713259332E-01,  8.64809000000000E-01,  1.17837094394927E+00,  4.98699999999999E+01,  2.17739942335741E+03,  2.93236915083247E+03
 1.90316666700000E+03,  2.45145849370699E-01,  7.38121000000000E-01,  1.17694020705623E+00,  5.00499999999999E+01,  2.27952642841967E+03,  3.11953581606770E+03
 1.90325000000000E+03,  7.24145780120721E-02,  4.66063000000000E-01,  1.17538806262019E+00,  5.02299999999999E+01,  2.45218321517923E+03,  3.48286195001376E+03
 1.90333333300000E+03, -1.88042627887111E-01,  1.44039000000000E-01,  1.11124921746289E+00,  5.04099999999999E+01,  2.55095087014448E+03,  4.05957002523189E+03
 1.90341666700000E+03, -3.45513780649113E-01,  5.28692000000000E-01,  1.11437860291506E+00,  5.05899999999999E+01,  1.83929298599314E+03,  3.39133639411940E+03
 1.90350000000000E+03, -3.92993035031608E-01, -9.13000000000000E-02,  1.11778145254198E+00,  5.07699999999999E+01,  1.10116351315887E+03,  2.29915273630414E+03
 1.90358333300000E+03, -3.39684138154079E-01,  2.82652000000000E-01,  1.12145822247213E+00,  5.09499999999999E+01,  9.88367225167049E+02,  2.09573811881227E+03
 1.90366666700000E+03, -2.85753852548531E-01, -1.16882000000000E-01,  1.12540872000190E+00,  5.11299999999999E+01,  7.66767319463696E+02,  1.72461763992920E+03
 1.90375000000000E+03, -2.39460869332306E-01, -1.06043000000000E-01,  1.12963208875676E+00,  5.13099999999999E+01,  2.94744746734445E+02,  7.63598411384466E+02
 1.90383333300000E+03, -1.89080560097326E-01, -2.53265000000000E-01,  1.13653672403258E+00,  5.14899999999999E+01,  1.32412374159291E+02,  2.89944289871754E+02
 1.90391666700000E+03, -1.20825739381739E-01, -4.45795000000000E-01,  1.14143748629073E+00,  5.16699999999999E+01,  1.53467615295104E+02,  3.11840936088567E+02
 1.90400000000000E+03, -2.85864496470620E-02, -8.27118000000000E-01,  1.14660266851100E+00,  5.18499999999999E+01,  1.61943295794149E+02,  3.96479281804316E+02
 1.90408333300000E+03,  6.62031277992186E-02, -4.99332000000000E-01,  1.15202827422691E+00,  5.20299999999999E+01,  3.29539441309920E+02,  6.59456488192144E+02
 1.90416666700000E+03,  1.38501022032594E-01, -3.96858000000000E-01,  1.15770958880489E+00,  5.22099999999999E+01,  4.01940290397251E+02,  8.01630626091220E+02
 1.90425000000000E+03,  1.72840031325079E-01, -2.93608000000000E-01,  1.16364117522647E+00,  5.23899999999999E+01,  4.65342980019309E+02,  1.14425141839985E+03
 1.90433333300000E+03,  1.85821960560090E-01, -5.30031000000000E-01,  8.31282660257615E-01,  5.25699999999999E+01,  1.52548739736770E+03,  3.05125024506396E+03
 1.90441666700000E+03,  2.01344400652275E-01, -1.22147000000000E-01,  8.34405384842341E-01,  5.27499999999999E+01,  3.30452258283344E+03,  5.85566327311945E+03
 1.90450000000000E+03,  2.35498671981601E-01,  1.80861000000000E-01,  8.37616008362267E-01,  5.29299999999999E+01,  4.20808911538310E+03,  7.27953155353028E+03
 1.90458333300000E+03,  2.79795366015950E-01,  2.47782000000000E-01,  8.40913922692412E-01,  5.31099999999999E+01,  4.31220854321581E+03,  7.43212688786129E+03
 1.90466666700000E+03,  3.22045414509021E-01,  7.85000000000000E-02,  8.44298433945294E-01,  5.32899999999999E+01,  4.33445597702507E+03,  7.20311873675136E+03
 1.90475000000000E+03,  3.53375629803241E-01,  5.88448000000000E-01,  8.47768761200996E-01,  5.34699999999999E+01,  3.41990298433312E+03,  5.48719680141224E+03
 1.90483333300000E+03,  3.85040295368729E-01, -1.85074000000000E-01,  8.57455537556390E-01,  5.36499999999999E+01,  1.63763244478243E+03,  2.56936737964807E+03
 1.90491666700000E+03,  4.26400712578094E-01,  5.79235000000000E-01,  8.61232839327869E-01,  5.38299999999999E+01,  6.40211682746472E+02,  8.27898149229729E+02
 1.90500000000000E+03,  4.84577647384329E-01,  4.31313000000000E-01,  8.65091121808106E-01,  5.40099999999999E+01,  5.45602634060314E+02,  5.23454612315339E+02
 1.90508333300000E+03,  5.44331795335922E-01,  7.19088000000000E-01,  8.69029089685990E-01,  5.41899999999999E+01,  4.09032900444805E+02,  3.81463483836356E+02
 1.90516666700000E+03,  5.79920758220379E-01,  6.06291000000000E-01,  8.73045353953857E-01,  5.43699999999999E+01,  3.24646752799064E+02,  3.56627635907152E+02
 1.90525000000000E+03,  5.73921214783857E-01,  3.75433000000000E-01,  8.77138431222690E-01,  5.45499999999999E+01,  4.37112281205531E+02,  5.44673574674826E+02
 1.90533333300000E+03,  5.31173661836213E-01,  6.81320000000000E-01,  9.05991989836321E-01,  5.47299999999999E+01,  4.90209788221116E+02,  7.16159636616831E+02
 1.90541666700000E+03,  4.80817179545103E-01,  3.41583000000000E-01,  9.10610851114002E-01,  5.49099999999999E+01,  7.94701228056438E+02,  1.24959181499897E+03
 1.90550000000000E+03,  4.40783889063133E-01,  7.45619000000000E-01,  9.15289795902597E-01,  5.50899999999999E+01,  1.39283510632576E+03,  1.99143233789314E+03
 1.90558333300000E+03,  4.13905988310977E-01,  7.52651000000000E-01,  9.20026419215010E-01,  5.52699999999999E+01,  1.58863270620710E+03,  2.16140650981054E+03
 1.90566666700000E+03,  3.86009981189249E-01,  1.11557000000000E+00,  9.24818220953449E-01,  5.54499999999999E+01,  1.63775846759226E+03,  2.45787349308256E+03
 1.90575000000000E+03,  3.56238332716842E-01,  5.68447000000000E-01,  9.29662606553924E-01,  5.56299999999999E+01,  2.31268107015001E+03,  3.90005113785348E+03
 1.90583333300000E+03,  3.28179223474584E-01,  5.02075000000000E-01,  9.19593353568932E-01,  5.58099999999999E+01,  2.84582724404098E+03,  5.19507797254452E+03
 1.90591666700000E+03,  3.12168809798627E-01,  6.69844000000000E-01,  9.24380243234763E-01,  5.59899999999999E+01,  2.53005903112406E+03,  5.15263658713028E+03
 1.90600000000000E+03,  3.03896092533035E-01,  2.41312000000000E-01,  9.29219956596364E-01,  5.61699999999999E+01,  2.26836982805234E+03,  4.80639734094997E+03
 1.90608333300000E+03,  2.90104716254274E-01,  4.22897000000000E-01,  9.34109813890585E-01,  5.63499999999999E+01,  2.13499428903152E+03,  4.28276229394353E+03
 1.90616666700000E+03,  2.13586317207374E-01,  8.88802000000000E-01,  9.39047042508190E-01,  5.65299999999999E+01,  1.31577932209546E+03,  2.64149235626840E+03
 1.90625000000000E+03,  6.79917881507991E-02,  3.39252000000000E-01,  9.44028778053603E-01,  5.67099999999999E+01,  5.06779391574029E+02,  9.47533212611251E+02
 1.90633333300000E+03, -1.29663343476438E-01,  5.30000000000000E-02,  1.12624143953249E+00,  5.68899999999999E+01,  4.64281213381337E+02,  4.36387205983169E+02
 1.90641666700000E+03, -2.75344497190326E-01,  1.06432000000000E-01,  1.12365139078101E+00,  5.70699999999999E+01,  5.52202931920777E+02,  4.27031692252340E+02
 1.90650000000000E+03, -3.55205286321024E-01,  2.94000000000000E-02,  1.12110734477028E+00,  5.72499999999999E+01,  5.44355383712156E+02,  4.95771155172215E+02
 1.90658333300000E+03, -3.80354467833353E-01,  2.62993000000000E-01,  1.11861883607102E+00,  5.74299999999999E+01,  7.07231963577882E+02,  8.25991578746061E+02
 1.90666666700000E+03, -4.07531925653309E-01, -6.11362000000000E-01,  1.11619546516154E+00,  5.76099999999999E+01,  7.04389141443152E+02,  9.51599308217582E+02
 1.90675000000000E+03, -4.43185440561453E-01, -6.61774000000000E-01,  1.11384687958860E+00,  5.77899999999999E+01,  5.41516161272963E+02,  8.62143065370537E+02
 1.90683333300000E+03, -4.76463402412369E-01, -2.22000000000000E-02,  1.11397056330594E+00,  5.79699999999999E+01,  7.52281233419177E+02,  1.26381249223387E+03
 1.90691666700000E+03, -4.93087951770819E-01, -2.09196000000000E-01,  1.11170167103532E+00,  5.81499999999999E+01,  1.09870307438622E+03,  1.87655634676964E+03
 1.90700000000000E+03, -4.91392826619766E-01, -2.30097000000000E-01,  1.10952640347490E+00,  5.83299999999999E+01,  1.07649474729086E+03,  1.97289360325202E+03
 1.90708333300000E+03, -4.76848656073632E-01, -1.63702000000000E-01,  1.10745443098238E+00,  5.85099999999999E+01,  1.04369525202701E+03,  2.11762249032920E+03
 1.90716666700000E+03, -3.92073469288450E-01, -2.33130000000000E-01,  1.10549539030392E+00,  5.86899999999999E+01,  1.15443850042357E+03,  2.69051794309732E+03
 1.90725000000000E+03, -2.36229336534505E-01, -2.93938000000000E-01,  1.10365886266329E+00,  5.88699999999999E+01,  9.11985383178035E+02,  2.67263002519315E+03
 1.90733333300000E+03, -1.20514273472126E-02, -1.93190000000000E-01,  1.17054442446232E+00,  5.90499999999999E+01,  6.35309453961873E+02,  2.08728613135501E+03
 1.90741666700000E+03,  1.46745164648927E-01, -1.17308000000000E-01,  1.17258807016956E+00,  5.92299999999999E+01,  7.94926498535117E+02,  1.90052768768957E+03
 1.90750000000000E+03,  2.35258532098469E-01, -2.48110000000000E-01,  1.17448231063598E+00,  5.94099999999999E+01,  8.23376541854355E+02,  1.65971438883439E+03
 1.90758333300000E+03,  2.54856261696887E-01, -1.23657000000000E-01,  1.17622554397887E+00,  5.95899999999999E+01,  7.45665048225402E+02,  1.29886016853522E+03
 1.90766666700000E+03,  2.64126474300407E-01,  3.51000000000000E-02,  1.17781637520575E+00,  5.97699999999999E+01,  1.11825729496885E+03,  1.74667182400677E+03
 1.90775000000000E+03,  2.65004710102703E-01, -4.29792000000000E-01,  1.17925362337089E+00,  5.99499999999999E+01,  1.30947642376308E+03,  2.23966090021163E+03
 1.90783333300000E+03,  2.63495970796095E-01, -1.63305000000000E-01,  1.18219966578385E+00,  6.01299999999999E+01,  1.03279046355676E+03,  2.02904055943139E+03
 1.90791666700000E+03,  2.78737124215370E-01, -1.51525000000000E-01,  1.18308840130500E+00,  6.03099999999999E+01,  1.05742019180295E+03,  2.06129179548144E+03
 1.90800000000000E+03,  3.15015891375272E-01, -3.12286000000000E-01,  1.18382107113975E+00,  6.04899999999999E+01,  1.12033069869125E+03,  2.09473213698522E+03
 1.90808333300000E+03,  3.60322269387072E-01, -2.14000000000000E-02,  1.18439779922813E+00,  6.06699999999999E+01,  7.12288838446342E+02,  1.37431927147117E+03
 1.90816666700000E+03,  2.79837160844671E-01, -3.21798000000000E-01,  1.18481896539152E+00,  6.08499999999999E+01,  5.20418743649651E+02,  9.66153882051360E+02
 1.90825000000000E+03,  6.56723319891648E-02, -1.82678000000000E-01,  1.18508521076880E+00,  6.10299999999999E+01,  6.78448154967644E+02,  1.23469039758838E+03
 1.90833333300000E+03, -2.75497344815765E-01, -8.68000000000000E-02,  7.65246043710315E-01,  6.12099999999999E+01,  5.64823440693550E+02,  1.14681653576926E+03
 1.90841666700000E+03, -4.98572745716605E-01, -3.96997000000000E-01,  7.67027036151206E-01,  6.13899999999999E+01,  4.17091723128586E+02,  8.65060218794488E+02
 1.90850000000000E+03, -5.96689067662493E-01, -4.99620000000000E-01,  7.68802241343230E-01,  6.15699999999999E+01,  4.37912735973473E+02,  8.10316025473186E+02
 1.90858333300000E+03, -5.70361911141414E-01, -3.44568000000000E-01,  7.70571373934540E-01,  6.17499999999999E+01,  3.36001821414623E+02,  6.62542803498719E+02
 1.90866666700000E+03, -5.47067111121799E-01, -3.35932000000000E-01,  7.72334145911865E-01,  6.19299999999999E+01,  7.81912410875352E+02,  1.08265902660173E+03
 1.90875000000000E+03, -5.30990513655520E-01, -4.12182000000000E-01,  7.74090266639842E-01,  6.21099999999999E+01,  2.13634470477813E+03,  2.38043581952595E+03
 1.90883333300000E+03, -5.15269136945967E-01, -6.64165000000000E-01,  7.78246664128977E-01,  6.22899999999999E+01,  3.05878314806358E+03,  3.13353679973102E+03
 1.90891666700000E+03, -4.83432485545555E-01, -7.63445000000000E-01,  7.79978094506651E-01,  6.24699999999999E+01,  3.14561075629175E+03,  3.16637219427921E+03
 1.90900000000000E+03, -4.33839350348603E-01, -3.88817000000000E-01,  7.81701569913830E-01,  6.26499999999999E+01,  3.33838384453714E+03,  3.43376394419093E+03
 1.90908333300000E+03, -3.81348370609002E-01, -5.92472000000000E-01,  7.83416786365201E-01,  6.28299999999999E+01,  3.09818341195334E+03,  3.12802859249583E+03
 1.90916666700000E+03, -3.48169765686950E-01, -3.92769000000000E-01,  7.85123437554799E-01,  6.30099999999999E+01,  1.83683074469726E+03,  1.85972722039160E+03
 1.90925000000000E+03, -3.42902586767993E-01, -3.49428000000000E-01,  7.86821214911532E-01,  6.31899999999999E+01,  9.29326254007328E+02,  1.11348339692293E+03
 1.90933333300000E+03, -3.57705447051458E-01,  1.91000000000000E-02,  7.90487099688639E-01,  6.33699999999999E+01,  9.05927332960150E+02,  1.06330613960826E+03
 1.90941666700000E+03, -3.77591556170150E-01, -7.08616000000000E-01,  7.89444682877829E-01,  6.35499999999999E+01,  7.20272594151312E+02,  7.50015078187608E+02
 1.90950000000000E+03, -3.88146468361622E-01, -7.61391000000000E-01,  7.88430793391921E-01,  6.37299999999999E+01,  3.82277158699275E+02,  4.05741349018943E+02
 1.90958333300000E+03, -3.93798696647300E-01, -8.87438000000000E-01,  7.87446926598880E-01,  6.39099999999999E+01,  4.23759052124967E+02,  3.74720664893278E+02
 1.90966666700000E+03, -4.00729686875080E-01, -6.78352000000000E-01,  7.86494586476179E-01,  6.40899999999999E+01,  4.55460253560423E+02,  3.15590284686877E+02
 1.90975000000000E+03, -4.15130879280614E-01, -1.00114000000000E+00,  7.85575284714973E-01,  6.42699999999999E+01,  3.68910863717797E+02,  2.72330759952711E+02
 1.90983333300000E+03, -4.26417547124955E-01, -1.08154000000000E+00,  7.87916751141985E-01,  6.44499999999999E+01,  5.12261252404831E+02,  5.04967962319273E+02
 1.90991666700000E+03, -4.23620927675283E-01, -8.17905000000000E-01,  7.86949044757729E-01,  6.46299999999999E+01,  5.63544878800919E+02,  6.06525799317846E+02
 1.91000000000000E+03, -4.03970204770000E-01, -9.54958000000000E-01,  7.86013648050250E-01,  6.48099999999999E+01,  5.37810550720179E+02,  5.66504357150509E+02
 1.91008333300000E+03, -3.75349292217785E-01, -7.00262000000000E-01,  7.85112076347529E-01,  6.49900000000000E+01,  1.41736172206623E+03,  1.85184962285678E+03
 1.91016666700000E+03, -4.07134696727367E-01, -8.21508000000000E-01,  7.84245851269982E-01,  6.51700000000000E+01,  2.91896477666696E+03,  4.50206392590376E+03
 1.91025000000000E+03, -5.04868053992744E-01, -1.09538000000000E+00,  7.83416499754245E-01,  6.53500000000000E+01,  3.56741174373550E+03,  6.03277442730510E+03
 1.91033333300000E+03, -6.66205154459844E-01, -1.03748000000000E+00,  1.05949182771960E+00,  6.55300000000000E+01,  3.54076597371311E+03,  6.10503427939233E+03
 1.91041666700000E+03, -7.67833502920547E-01, -1.08341000000000E+00,  1.06451159202301E+00,  6.57100000000000E+01,  3.49738364550424E+03,  6.07740211704158E+03
 1.91050000000000E+03, -8.01753211295779E-01, -9.45480000000000E-01,  1.06948396239576E+00,  6.58900000000000E+01,  2.59253680423665E+03,  4.80488299444142E+03
 1.91058333300000E+03, -7.69197294755511E-01, -8.88128000000000E-01,  1.07440460873067E+00,  6.60700000000000E+01,  1.08262195991681E+03,  2.19427618154303E+03
 1.91066666700000E+03, -7.41806086879262E-01, -1.22200000000000E+00,  1.07926919812036E+00,  6.62500000000000E+01,  5.39992664885521E+02,  8.73906977408813E+02
 1.91075000000000E+03, -7.30037724914542E-01, -1.03220000000000E+00,  1.08407340069033E+00,  6.64300000000000E+01,  7.24618923547962E+02,  9.83458038190791E+02
 1.91083333300000E+03, -7.23159872407228E-01, -8.14535000000000E-01,  1.08145666850222E+00,  6.66100000000000E+01,  7.50632716803479E+02,  1.15869172530111E+03
 1.91091666700000E+03, -6.95620144641763E-01, -7.18876000000000E-01,  1.08623204710356E+00,  6.67900000000000E+01,  9.21141802858685E+02,  1.70004868976147E+03
 1.91100000000000E+03, -6.32805859365385E-01, -5.07048000000000E-01,  1.09094076226029E+00,  6.69700000000000E+01,  1.12011078289927E+03,  2.19759167848561E+03
 1.91108333300000E+03, -5.52409722081455E-01, -4.24742000000000E-01,  1.09557851730039E+00,  6.71500000000000E+01,  9.51966029135408E+02,  1.90944719544585E+03
 1.91116666700000E+03, -4.73046288732602E-01, -6.82079000000000E-01,  1.10014103999261E+00,  6.73300000000000E+01,  8.70418838548663E+02,  1.70186107508337E+03
 1.91125000000000E+03, -4.11189052064939E-01, -9.16927000000000E-01,  1.10462408909176E+00,  6.75100000000000E+01,  9.61227849112444E+02,  1.80661961846999E+03
 1.91133333300000E+03, -3.60805699303693E-01, -5.87070000000000E-01,  7.89789945301327E-01,  6.76900000000001E+01,  7.82463997269254E+02,  1.44791207146999E+03
 1.91141666700000E+03, -3.22757462113701E-01, -7.58648000000000E-01,  7.91284319850061E-01,  6.78700000000001E+01,  5.92811513695281E+02,  1.06469296254557E+03
 1.91150000000000E+03, -2.88467581755851E-01, -5.83450000000000E-01,  7.92864353719702E-01,  6.80500000000001E+01,  7.57317780250021E+02,  1.53645917492032E+03
 1.91158333300000E+03, -2.56892005226167E-01, -8.46308000000000E-01,  7.94530733619370E-01,  6.82300000000001E+01,  9.06142646944990E+02,  2.32793155082631E+03
 1.91166666700000E+03, -2.28182589640932E-01, -4.29533000000000E-01,  7.96284090991543E-01,  6.84100000000001E+01,  7.97183067769945E+02,  2.48895031316103E+03
 1.91175000000000E+03, -2.05041051973711E-01, -3.32033000000000E-01,  7.98125000163638E-01,  6.85900000000001E+01,  7.46403793307769E+02,  2.29726782275318E+03
 1.91183333300000E+03, -1.78596839399161E-01,  3.54786000000000E-01,  8.03154085122484E-01,  6.87700000000001E+01,  7.34505727016599E+02,  2.12564883707235E+03
 1.91191666700000E+03, -1.36062138398959E-01,  1.87000000000000E-02,  8.05306797724709E-01,  6.89500000000001E+01,  4.58242600841340E+02,  1.50157411399507E+03
 1.91200000000000E+03, -7.10067142329518E-02,  5.67253000000000E-01,  8.07548895683451E-01,  6.91300000000001E+01,  1.95642871579120E+02,  6.91461714384176E+02
 1.91208333300000E+03,  1.97772947996147E-03,  4.90328000000000E-01,  8.09880605270897E-01,  6.93100000000001E+01,  2.49012166873000E+02,  4.25902710421871E+02
 1.91216666700000E+03,  6.24605122000732E-02,  5.30621000000000E-01,  8.12302083872580E-01,  6.94900000000001E+01,  3.12077997060377E+02,  4.21948104070859E+02
 1.91225000000000E+03,  9.21145736159389E-02,  4.99443000000000E-01,  8.14813418252666E-01,  6.96700000000001E+01,  2.90197653103588E+02,  5.07495446201548E+02
 1.91233333300000E+03,  9.45193051532454E-02, -1.55411000000000E-01,  5.16352145874136E-01,  6.98500000000001E+01,  3.85607551968844E+02,  8.62822872096421E+02
 1.91241666700000E+03,  8.41431713718240E-02, -1.42908000000000E-01,  5.15860892642078E-01,  7.00300000000001E+01,  3.99267625301279E+02,  9.79316774128868E+02
 1.91250000000000E+03,  7.94283244595351E-02,  4.35000000000000E-02,  5.15363474877730E-01,  7.02100000000002E+01,  2.72392813278285E+02,  7.81374450592852E+02
 1.91258333300000E+03,  7.99253706450230E-02, -1.47568000000000E-01,  5.14859847986224E-01,  7.03900000000002E+01,  3.67353773935716E+02,  8.63373746165346E+02
 1.91266666700000E+03,  7.76386307007198E-02, -2.59000000000000E-02,  5.14349967319728E-01,  7.05700000000002E+01,  5.64626745845806E+02,  9.91446138041993E+02
 1.91275000000000E+03,  6.72376153186582E-02, -2.15742000000000E-01,  5.13833788182875E-01,  7.07500000000002E+01,  5.16899945796032E+02,  7.49658905064254E+02
 1.91283333300000E+03,  5.75912738441200E-02, -6.04000000000000E-02,  5.15963377425599E-01,  7.09300000000002E+01,  4.73054715355736E+02,  6.11386542255385E+02
 1.91291666700000E+03,  6.26603232908565E-02, -3.79366000000000E-01,  5.15467243022240E-01,  7.11100000000002E+01,  5.50273600335291E+02,  8.12759434533898E+02
 1.91300000000000E+03,  8.24447638485168E-02, -3.53018000000000E-01,  5.14964908753703E-01,  7.12900000000002E+01,  4.42352482620335E+02,  8.55218837681515E+02
 1.91308333300000E+03,  1.06998973066846E-01,  2.13198000000000E-01,  5.14456329982709E-01,  7.14700000000002E+01,  3.85304757087751E+02,  7.41652774572710E+02
 1.91316666700000E+03,  9.20776045800456E-02,  1.90321000000000E-01,  5.13941462023306E-01,  7.16500000000002E+01,  6.68295390167618E+02,  8.54832693124207E+02
 1.91325000000000E+03,  3.37839228908005E-02, -3.50998000000000E-01,  5.13420260146397E-01,  7.18300000000002E+01,  8.26199759955615E+02,  8.76867145796738E+02
 1.91333333300000E+03, -6.22310245366902E-02, -2.74031000000000E-01,  4.98840170261250E-01,  7.20100000000002E+01,  7.25113342583590E+02,  7.04094406754995E+02
 1.91341666700000E+03, -1.28502338626934E-01, -4.50747000000000E-01,  4.98857608943986E-01,  7.21900000000002E+01,  8.14222244940819E+02,  9.33277284060066E+02
 1.91350000000000E+03, -1.57236550281471E-01, -5.16230000000000E-01,  4.98875106980613E-01,  7.23700000000002E+01,  9.47996077552683E+02,  1.30345012597341E+03
 1.91358333300000E+03, -1.48469387022001E-01, -4.54727000000000E-01,  4.98892664570206E-01,  7.25500000000002E+01,  7.83642501613955E+02,  1.19776817947437E+03
 1.91366666700000E+03, -1.37947420871527E-01, -4.63000000000000E-02,  4.98910281912472E-01,  7.27300000000002E+01,  6.31219468560572E+02,  1.08852543018527E+03
 1.91375000000000E+03, -1.28638435002581E-01, -2.65453000000000E-01,  4.98927959207747E-01,  7.29100000000003E+01,  6.79473047686150E+02,  1.19485460472884E+03
 1.91383333300000E+03, -1.19137162181416E-01,  1.15145000000000E-01,  5.05150412937066E-01,  7.30900000000003E+01,  5.81977164533725E+02,  9.33263411070071E+02
 1.91391666700000E+03, -9.82789414606238E-02,  1.71875000000000E-01,  5.05189000132350E-01,  7.32700000000003E+01,  3.02197291750255E+02,  4.74872956097315E+02
 1.91400000000000E+03, -6.71667928364549E-02,  1.57000000000000E-02,  5.05227713739313E-01,  7.34500000000003E+01,  1.83269531736135E+02,  3.71417132295015E+02
 1.91408333300000E+03, -2.98203458372148E-02,  4.86158000000000E-01,  5.05266554125235E-01,  7.36300000000003E+01,  1.96873907128150E+02,  3.88644393521552E+02
 1.91416666700000E+03,  2.66230432382116E-02,  2.37350000000000E-01,  5.05305521657927E-01,  7.38100000000003E+01,  1.54039881294499E+02,  2.83832588248831E+02
 1.91425000000000E+03,  1.01582563969680E-01,  5.08883000000000E-01,  5.05344616705715E-01,  7.39900000000003E+01,  1.58923006980362E+02,  3.53814367674072E+02
 1.91433333300000E+03,  1.93093733673689E-01,  1.89859000000000E-01,  8.39675956335717E-01,  7.41700000000003E+01,  1.92446057585639E+02,  6.20631527363680E+02
 1.91441666700000E+03,  2.54389285075500E-01,  4.40000000000000E-02,  8.38533149174482E-01,  7.43500000000003E+01,  2.49516822818327E+02,  8.57512258692219E+02
 1.91450000000000E+03,  2.86224098020838E-01,  2.27430000000000E-01,  8.37373152723125E-01,  7.45300000000003E+01,  6.27063044660177E+02,  1.22528191015908E+03
 1.91458333300000E+03,  2.86933059910841E-01,  5.25501000000000E-01,  8.36196718182208E-01,  7.47100000000003E+01,  1.11165604303656E+03,  1.63425861628372E+03
 1.91466666700000E+03,  2.79387665988821E-01,  3.28047000000000E-01,  8.35004619223027E-01,  7.48900000000003E+01,  1.22308361660444E+03,  1.58889972340657E+03
 1.91475000000000E+03,  2.63587916335153E-01,  2.15998000000000E-01,  8.33797652037615E-01,  7.50700000000003E+01,  1.19046634861580E+03,  1.32439591978677E+03
 1.91483333300000E+03,  2.50607763628283E-01,  1.94775000000000E-01,  8.36193855260477E-01,  7.52500000000003E+01,  1.14032235053826E+03,  1.24328383395339E+03
 1.91491666700000E+03,  2.51788913155606E-01,  3.47883000000000E-01,  8.35001719393429E-01,  7.54300000000003E+01,  7.88391071718472E+02,  9.68344970432008E+02
 1.91500000000000E+03,  2.67131365013561E-01,  4.86113000000000E-01,  8.33794717251988E-01,  7.56100000000004E+01,  4.56633078966146E+02,  5.27742579895450E+02
 1.91508333300000E+03,  2.87689992636606E-01,  5.65147000000000E-01,  8.32573667639004E-01,  7.57900000000004E+01,  4.97915076538780E+02,  4.26777082077703E+02
 1.91516666700000E+03,  2.76452881053745E-01,  4.95241000000000E-01,  8.31339411934164E-01,  7.59700000000004E+01,  5.87002794944779E+02,  4.33639292568677E+02
 1.91525000000000E+03,  2.31920822233839E-01,  4.08613000000000E-01,  8.30092814099017E-01,  7.61500000000004E+01,  5.76498032526932E+02,  2.99550960510059E+02
 1.91533333300000E+03,  1.57950104720599E-01,  4.49030000000000E-01,  5.16243199240989E-01,  7.63300000000004E+01,  5.93097856351255E+02,  2.93142753922941E+02
 1.91541666700000E+03,  1.11479151625365E-01,  6.83764000000000E-01,  5.17075558016767E-01,  7.65100000000004E+01,  5.13761433932185E+02,  3.39698091048958E+02
 1.91550000000000E+03,  9.56784300412453E-02,  2.09360000000000E-01,  5.17915565853731E-01,  7.66900000000004E+01,  3.68685615225530E+02,  3.12258479396410E+02
 1.91558333300000E+03,  1.11845687218733E-01,  1.81791000000000E-01,  5.18763257201032E-01,  7.68700000000004E+01,  4.17404246177492E+02,  4.65241845318652E+02
 1.91566666700000E+03,  1.31942216775977E-01,  2.11718000000000E-01,  5.19618666178151E-01,  7.70500000000004E+01,  5.20853519951872E+02,  6.73217310482158E+02
 1.91575000000000E+03,  1.54309509604767E-01,  3.11857000000000E-01,  5.20481826563400E-01,  7.72300000000004E+01,  4.32050158328181E+02,  6.01973480322989E+02
 1.91583333300000E+03,  1.80311005266529E-01, -2.53000000000000E-03,  5.30679695358713E-01,  7.74100000000004E+01,  5.23926644857087E+02,  6.59976001745662E+02
 1.91591666700000E+03,  2.14281824542333E-01,  9.66000000000000E-02,  5.31639919788737E-01,  7.75900000000004E+01,  1.06302433548898E+03,  1.25972762865221E+03
 1.91600000000000E+03,  2.56992546512269E-01,  1.82000000000000E-02,  5.32608303458039E-01,  7.77700000000004E+01,  1.47058346083467E+03,  1.77806327632250E+03
 1.91608333300000E+03,  2.98258624718285E-01, -2.18042000000000E-01,  5.33584873957652E-01,  7.79500000000004E+01,  1.47801405362194E+03,  1.77150893445258E+03
 1.91616666700000E+03,  2.13103640440925E-01, -1.59048000000000E-01,  5.34569658340062E-01,  7.81300000000005E+01,  1.52374719616986E+03,  1.75689861276647E+03
 1.91625000000000E+03, -2.94464432593823E-03, -1.08000000000000E-02,  5.35562683104666E-01,  7.83100000000005E+01,  1.48655531202856E+03,  1.71958430679237E+03
 1.91633333300000E+03, -3.43551004894738E-01,  2.43120000000000E-01,  1.36296660929489E-01,  7.84900000000005E+01,  1.02272020718186E+03,  1.14551068429666E+03
 1.91641666700000E+03, -5.71401675314793E-01,  9.09000000000000E-02,  1.36650054313404E-01,  7.86700000000005E+01,  5.66141784208564E+02,  4.62117581938671E+02
 1.91650000000000E+03, -6.80086976560865E-01, -5.77400000000000E-01,  1.37035287722147E-01,  7.88500000000005E+01,  4.53109237918628E+02,  2.25755958249196E+02
 1.91658333300000E+03, -6.70166967129919E-01, -9.64277000000000E-01,  1.37452220585550E-01,  7.90300000000005E+01,  4.05453179334012E+02,  2.00405569426506E+02
 1.91666666700000E+03, -6.66639467771731E-01, -1.05648000000000E+00,  1.37900694832334E-01,  7.92100000000005E+01,  2.99370692385400E+02,  2.20257564357924E+02
 1.91675000000000E+03, -6.72225249041774E-01, -8.59863000000000E-01,  1.38380534577947E-01,  7.93900000000005E+01,  2.10923714086539E+02,  2.93762409983653E+02
 1.91683333300000E+03, -6.79796778316309E-01, -1.12628000000000E+00,  1.38817075584420E-01,  7.95700000000005E+01,  1.28529489092158E+02,  3.03479782997761E+02
 1.91691666700000E+03, -6.67992965713257E-01, -8.92395000000000E-01,  1.39354662416239E-01,  7.97500000000005E+01,  1.26393802139076E+02,  3.97847983088002E+02
 1.91700000000000E+03, -6.33266628814932E-01, -8.57168000000000E-01,  1.39923011120007E-01,  7.99300000000005E+01,  2.08702805386464E+02,  6.07540361409968E+02
 1.91708333300000E+03, -5.86874199212805E-01, -5.24712000000000E-01,  1.40521874216596E-01,  8.01100000000005E+01,  2.03783213925502E+02,  5.98659313109075E+02
 1.91716666700000E+03, -5.26935474692012E-01, -4.96639000000000E-01,  1.41150984941597E-01,  8.02900000000005E+01,  2.04706870771159E+02,  5.62984786754324E+02
 1.91725000000000E+03, -4.60544818176458E-01, -4.43977000000000E-01,  1.41810056953692E-01,  8.04700000000005E+01,  4.09732870631511E+02,  9.24580900110836E+02
 1.91733333300000E+03, -3.84331758326085E-01, -6.02190000000000E-01,  1.69405513755849E-01,  8.06500000000005E+01,  5.60513247678198E+02,  1.25638772268290E+03
 1.91741666700000E+03, -3.35742592981351E-01, -4.76328000000000E-01,  1.68084940996766E-01,  8.08300000000006E+01,  4.99806513192835E+02,  1.19002289039306E+03
 1.91750000000000E+03, -3.11230141385377E-01, -3.75040000000000E-01,  1.66784637471789E-01,  8.10100000000006E+01,  5.83709065417128E+02,  1.24643803955175E+03
 1.91758333300000E+03, -3.14954365471504E-01, -2.17657000000000E-01,  1.65504965551890E-01,  8.11900000000006E+01,  7.50671965559498E+02,  1.44111041942810E+03
 1.91766666700000E+03, -3.39254786629681E-01, -3.34044000000000E-01,  1.64246286265773E-01,  8.13700000000006E+01,  6.06809529550901E+02,  1.23437350816530E+03
 1.91775000000000E+03, -3.84131405437067E-01, -1.49883000000000E-01,  1.63008959122242E-01,  8.15500000000006E+01,  4.63740220372707E+02,  1.08349596807524E+03
 1.91783333300000E+03, -4.37181554624389E-01, -4.51365000000000E-01,  1.56148860489212E-01,  8.17300000000006E+01,  6.53236707509652E+02,  1.48417906988200E+03
 1.91791666700000E+03, -4.62423057081350E-01, -4.89086000000000E-01,  1.55068798212535E-01,  8.19100000000006E+01,  7.60992710674482E+02,  1.74515800472267E+03
 1.91800000000000E+03, -4.57275236723571E-01, -5.74318000000000E-01,  1.54012857111474E-01,  8.20900000000006E+01,  6.14098592728236E+02,  1.54100495807007E+03
 1.91808333300000E+03, -4.29391076853564E-01, -5.67802000000000E-01,  1.52981374665948E-01,  8.22700000000006E+01,  5.59879489207468E+02,  1.39069665262442E+03
 1.91816666700000E+03, -3.24814651868444E-01, -5.35738000000000E-01,  1.51974684860547E-01,  8.24500000000006E+01,  5.74803134812497E+02,  1.22927089195992E+03
 1.91825000000000E+03, -1.47899244834107E-01, -4.50357000000000E-01,  1.50993117963515E-01,  8.26300000000006E+01,  4.05041706231513E+02,  7.43327545494718E+02
 1.91833333300000E+03,  1.01366870824972E-01, -3.55000000000000E-01,  5.42496482523791E-01,  8.28100000000006E+01,  1.94108607431119E+02,  3.17412817787202E+02
 1.91841666700000E+03,  2.70714944663538E-01,  1.58000000000000E-02,  5.42466766447044E-01,  8.29900000000006E+01,  1.37112205439276E+02,  2.38940818176382E+02
 1.91850000000000E+03,  3.61109521538687E-01, -1.75091000000000E-01,  5.42435078404711E-01,  8.31700000000006E+01,  1.24531962883384E+02,  2.14744033895619E+02
 1.91858333300000E+03,  3.71560971119655E-01,  7.64000000000000E-02,  5.42401395565570E-01,  8.33500000000006E+01,  9.81638481547623E+01,  1.73738972119694E+02
 1.91866666700000E+03,  3.70664683531197E-01,  3.16597000000000E-01,  5.42365694910741E-01,  8.35300000000007E+01,  9.58247760776736E+01,  2.49948353263457E+02
 1.91875000000000E+03,  3.59228721239224E-01,  5.29966000000000E-01,  5.42327953232824E-01,  8.37100000000007E+01,  9.72685585861078E+01,  2.89518343320461E+02
 1.91883333300000E+03,  3.45020587453482E-01,  5.89745000000000E-01,  5.41986622754430E-01,  8.38900000000007E+01,  2.73640173713272E+02,  4.35792182252822E+02
 1.91891666700000E+03,  3.49678959008854E-01,  6.08543000000000E-01,  5.41930946924070E-01,  8.40700000000007E+01,  6.71604223457041E+02,  9.37936421367867E+02
 1.91900000000000E+03,  3.73203836310031E-01,  8.68652000000000E-01,  5.41873004254261E-01,  8.42500000000007E+01,  8.90998739122706E+02,  1.24668566551195E+03
 1.91908333300000E+03,  4.04361331611280E-01,  7.07529000000000E-01,  5.41812769542040E-01,  8.44300000000007E+01,  8.82294455214200E+02,  1.16787603915960E+03
 1.91916666700000E+03,  3.64975503679634E-01,  7.74151000000000E-01,  5.41750217386933E-01,  8.46100000000007E+01,  9.63699700414679E+02,  1.38752127525085E+03
 1.91925000000000E+03,  2.48518415328099E-01,  6.74383000000000E-01,  5.41685322190237E-01,  8.47900000000007E+01,  9.64345254667143E+02,  1.67038966659870E+03
 1.91933333300000E+03,  6.09819802429139E-02,  6.28029000000000E-01,  1.80069560340052E-01,  8.49700000000007E+01,  7.27490359356858E+02,  1.36757032286321E+03
 1.91941666700000E+03, -7.41827743724921E-02,  4.19872000000000E-01,  1.78606836719676E-01,  8.51500000000007E+01,  5.75886048503573E+02,  1.01219310385887E+03
 1.91950000000000E+03, -1.43919977932085E-01,  1.72260000000000E-01,  1.77161601082864E-01,  8.53300000000007E+01,  5.63206006850439E+02,  9.56638455456875E+02
 1.91958333300000E+03, -1.53715421007320E-01,  3.93251000000000E-01,  1.75734220603722E-01,  8.55100000000007E+01,  4.87728749757482E+02,  7.29678199941834E+02
 1.91966666700000E+03, -1.62489320178373E-01,  2.46527000000000E-01,  1.74325062337716E-01,  8.56900000000007E+01,  3.87385494062829E+02,  3.84281965254132E+02
 1.91975000000000E+03, -1.76769608790757E-01, -9.20000000000000E-02,  1.72934493073324E-01,  8.58700000000007E+01,  3.03629232838345E+02,  2.39274687890645E+02
 1.91983333300000E+03, -1.86552279057139E-01, -4.98234000000000E-01,  1.75973696851633E-01,  8.60500000000008E+01,  2.42399001591143E+02,  2.17085426075020E+02
 1.91991666700000E+03, -1.84679056603033E-01,  1.50724000000000E-01,  1.74561439481162E-01,  8.62300000000008E+01,  2.99073254586069E+02,  2.67578056880181E+02
 1.92000000000000E+03, -1.71149941369536E-01,  1.46893000000000E-01,  1.73167709274493E-01,  8.64100000000008E+01,  3.61329796335629E+02,  3.33926402394996E+02
 1.92008333300000E+03, -1.49839982316409E-01,  1.58289000000000E-01,  1.71792872682504E-01,  8.65900000000008E+01,  2.83692450284769E+02,  2.93408175183516E+02
 1.92016666700000E+03, -1.28978160204588E-01,  2.08431000000000E-01,  1.70437295607615E-01,  8.67700000000008E+01,  3.78647991186731E+02,  3.36989722405628E+02
 1.92025000000000E+03, -1.08564475236406E-01, -5.94000000000000E-02,  1.69101343244689E-01,  8.69500000000008E+01,  8.70802329276934E+02,  7.40815124253159E+02
 1.92033333300000E+03, -9.48381965505802E-02,  4.86000000000000E-02,  1.89321210271974E-01,  8.71300000000008E+01,  1.28175866687219E+03,  1.29123150088812E+03
 1.92041666700000E+03, -8.99933485492269E-02,  2.82982000000000E-01,  1.86743614727586E-01,  8.73100000000008E+01,  1.31731844589056E+03,  1.52468981462914E+03
 1.92050000000000E+03, -9.63693727769511E-02,  2.69119000000000E-01,  1.84073064182852E-01,  8.74900000000008E+01,  1.33132969666730E+03,  1.49463897020593E+03
 1.92058333300000E+03, -1.13821681531131E-01,  2.40011000000000E-01,  1.81309667793082E-01,  8.76700000000008E+01,  1.24119857806282E+03,  1.42911991281924E+03
 1.92066666700000E+03, -1.47611747609567E-01,  2.29368000000000E-01,  1.78453616181157E-01,  8.78500000000008E+01,  7.21139470705791E+02,  1.05403071838562E+03
 1.92075000000000E+03, -1.98373694885384E-01,  5.88478000000000E-01,  1.75505183119682E-01,  8.80300000000008E+01,  3.24388189076893E+02,  4.65927152669939E+02
 1.92083333300000E+03, -2.54197198689237E-01, -9.20000000000000E-02,  1.72206166250588E-01,  8.82100000000008E+01,  5.09907629920567E+02,  3.25497528778668E+02
 1.92091666700000E+03, -2.97115704017698E-01, -4.09986000000000E-01,  1.69066492715526E-01,  8.83900000000008E+01,  7.51737232355301E+02,  5.15297271611729E+02
 1.92100000000000E+03, -3.19724561949891E-01, -5.74000000000000E-02,  1.64759628421216E-01,  8.85700000000008E+01,  8.17476342997278E+02,  6.15000468032459E+02
 1.92108333300000E+03, -3.47185511238682E-01, -5.10561000000000E-01,  1.60329805888836E-01,  8.87500000000009E+01,  1.04094601155584E+03,  9.21403472569007E+02
 1.92116666700000E+03, -3.91567388648542E-01, -9.43409000000000E-01,  1.55782015145070E-01,  8.89300000000009E+01,  1.24530255558814E+03,  1.40053918910358E+03
 1.92125000000000E+03, -4.56419353890085E-01, -2.59727000000000E-01,  1.42799885622593E-01,  8.91100000000009E+01,  1.20496535216642E+03,  1.61038753228473E+03
 1.92133333300000E+03, -5.04044659329945E-01, -6.78171000000000E-01,  1.44662380324594E-01,  8.92900000000009E+01,  1.26139136653005E+03,  1.79133907963334E+03
 1.92141666700000E+03, -5.19679814652964E-01, -4.77247000000000E-01,  1.46673516247329E-01,  8.94700000000009E+01,  1.39619053003118E+03,  2.04123993859563E+03
 1.92150000000000E+03, -4.99294505601798E-01, -2.91580000000000E-01,  1.48821694531555E-01,  8.96500000000009E+01,  1.22073463314239E+03,  1.83904494194616E+03
 1.92158333300000E+03, -4.60369772284619E-01,  2.17000000000000E-02,  1.51095208234787E-01,  8.98300000000009E+01,  9.43952733992674E+02,  1.33271021234983E+03
 1.92166666700000E+03, -4.20351517109044E-01, -2.25763000000000E-01,  1.53482273362073E-01,  9.00100000000009E+01,  7.99165379545821E+02,  1.05795404324817E+03
 1.92175000000000E+03, -3.86718532247211E-01, -4.33000000000000E-02,  1.59520507870721E-01,  9.01900000000009E+01,  5.26211226123587E+02,  8.35387727008421E+02
 1.92183333300000E+03, -3.56629773298527E-01, -5.31214000000000E-01,  1.62202988236657E-01,  9.03700000000009E+01,  2.52253858745947E+02,  5.09928130117084E+02
 1.92191666700000E+03, -3.12791490825011E-01, -4.30000000000000E-02,  1.64947375110232E-01,  9.05500000000009E+01,  2.45712277731358E+02,  3.79332125714730E+02
 1.92200000000000E+03, -2.54982814722414E-01, -3.39907000000000E-01,  1.67741968948235E-01,  9.07300000000009E+01,  2.36544193780355E+02,  3.85260626665528E+02
 1.92208333300000E+03, -2.45514376441704E-01,  8.65000000000000E-02,  1.70575171878998E-01,  9.09100000000009E+01,  2.37731186649707E+02,  3.23675132379568E+02
 1.92216666700000E+03, -3.07516824971341E-01,  1.14521000000000E-01,  1.73435512329622E-01,  9.10900000000009E+01,  5.35264780350910E+02,  3.27563699319755E+02
 1.92225000000000E+03, -4.29565528871180E-01, -3.00047000000000E-01,  3.54197199746879E-01,  9.12700000000009E+01,  8.33160070708845E+02,  3.90260584500102E+02
 1.92233333300000E+03, -4.91848090624795E-01,  9.17000000000000E-02,  3.44939579087509E-01,  9.14500000000010E+01,  9.39036530405407E+02,  4.35868485245276E+02
 1.92241666700000E+03, -4.64462112961827E-01, -3.18108000000000E-01,  3.35699272699052E-01,  9.16300000000010E+01,  1.13278232998588E+03,  6.81218796982719E+02
 1.92250000000000E+03, -3.50437388630017E-01,  5.11000000000000E-02,  3.26496554939638E-01,  9.18100000000010E+01,  1.25903657985759E+03,  1.05676729601344E+03
 1.92258333300000E+03, -2.24416932949021E-01, -2.32677000000000E-01,  3.17351269833994E-01,  9.19900000000010E+01,  1.02182637706727E+03,  1.16183122175430E+03
 1.92266666700000E+03, -1.14894415752582E-01, -2.19862000000000E-01,  3.08282774914366E-01,  9.21700000000010E+01,  7.67713603556748E+02,  1.10917233400503E+03
 1.92275000000000E+03, -3.31638064680266E-02, -3.16513000000000E-01,  3.04096275690703E-01,  9.23500000000010E+01,  7.71943235724010E+02,  1.19685341266859E+03
 1.92283333300000E+03,  4.40784752180632E-02, -1.36555000000000E-01,  2.95174107588113E-01,  9.25300000000010E+01,  7.20580128572563E+02,  1.12941442996565E+03
 1.92291666700000E+03,  1.35024997554172E-01, -5.41246000000000E-01,  2.86374042741574E-01,  9.27100000000010E+01,  5.30750035034363E+02,  7.49038940589385E+02
 1.92300000000000E+03,  2.35037290828889E-01, -2.28178000000000E-01,  2.77713366126370E-01,  9.28900000000010E+01,  4.60655777450102E+02,  4.83394063952805E+02
 1.92308333300000E+03,  2.33777525172893E-01, -2.87352000000000E-01,  2.69208667095523E-01,  9.30700000000010E+01,  4.07635207293872E+02,  4.11392402636116E+02
 1.92316666700000E+03,  1.02887945720784E-01, -1.54669000000000E-01,  2.60875802133208E-01,  9.32500000000010E+01,  3.43111859306146E+02,  3.38336109686786E+02
 1.92325000000000E+03, -1.48860079315524E-01,  7.10000000000000E-02, -1.80927023028169E-01,  9.34300000000010E+01,  5.51533785800036E+02,  4.12424453390313E+02
 1.92333333300000E+03, -3.37796893956147E-01, -1.15290000000000E-01, -1.80094012624291E-01,  9.36100000000010E+01,  7.75970886348108E+02,  5.54220238434260E+02
 1.92341666700000E+03, -4.31906018975962E-01, -1.38437000000000E-01, -1.79101638598513E-01,  9.37900000000010E+01,  7.83678479990753E+02,  6.29245744441057E+02
 1.92350000000000E+03, -4.25769679206180E-01, -2.69091000000000E-01, -1.77950125229285E-01,  9.39700000000011E+01,  1.02388708997653E+03,  9.74617606472837E+02
 1.92358333300000E+03, -4.04054724479213E-01,  7.25000000000000E-02, -1.76639950076552E-01,  9.41500000000011E+01,  1.31558124390676E+03,  1.37145220898138E+03
 1.92366666700000E+03, -3.82501344576926E-01,  3.09298000000000E-01, -1.75171837316774E-01,  9.43300000000011E+01,  1.09549285245967E+03,  1.25807166643236E+03
 1.92375000000000E+03, -3.68609336300273E-01,  5.43056000000000E-01, -1.72003733163009E-01,  9.45100000000011E+01,  8.79706426446478E+02,  1.11255943903089E+03
 1.92383333300000E+03, -3.53946076713086E-01,  6.48926000000000E-01, -1.70088288861352E-01,  9.46900000000011E+01,  1.03271409470317E+03,  1.32666062266313E+03
 1.92391666700000E+03, -3.23863810550330E-01,  4.48673000000000E-01, -1.68019905530495E-01,  9.48700000000011E+01,  9.27183585267419E+02,  1.26658890553829E+03
 1.92400000000000E+03, -2.64655584880355E-01,  2.40482000000000E-01, -1.65800406064379E-01,  9.50500000000011E+01,  5.52710032738724E+02,  8.73590737003046E+02
 1.92408333300000E+03, -1.87174536106145E-01,  2.40438000000000E-01, -1.63431816612470E-01,  9.52300000000011E+01,  4.41045858860358E+02,  7.41340156100776E+02
 1.92416666700000E+03, -1.12793540030859E-01,  3.20862000000000E-01, -1.60916358660041E-01,  9.54100000000011E+01,  4.07720380721736E+02,  6.97170714373201E+02
 1.92425000000000E+03, -7.16188325152040E-02,  2.96000000000000E-02, -1.47273382141592E-01,  9.55900000000011E+01,  2.25660053596925E+02,  4.14274840308934E+02
 1.92433333300000E+03, -7.08043230484095E-02, -4.32631000000000E-01, -1.49834662252173E-01,  9.57700000000011E+01,  1.58913962298199E+02,  2.21170117346239E+02
 1.92441666700000E+03, -9.96185093218930E-02, -1.85617000000000E-01, -1.52348827706856E-01,  9.59500000000011E+01,  1.89225759206275E+02,  2.26109136929817E+02
 1.92450000000000E+03, -1.31666235828558E-01, -3.86461000000000E-01, -1.54807981025681E-01,  9.61300000000011E+01,  2.58517174736381E+02,  2.81207744591538E+02
 1.92458333300000E+03, -1.55541879763368E-01, -5.64709000000000E-01, -1.57204473339558E-01,  9.63100000000011E+01,  7.82372197503890E+02,  7.49724483355762E+02
 1.92466666700000E+03, -1.79056862928356E-01, -5.87013000000000E-01, -1.59530913532253E-01,  9.64900000000011E+01,  1.63879907630446E+03,  1.63921217971279E+03
 1.92475000000000E+03, -2.09501036900846E-01, -5.58012000000000E-01, -1.58232593369678E-01,  9.66700000000012E+01,  2.06423450465523E+03,  2.14124789549918E+03
 1.92483333300000E+03, -2.46974487603728E-01, -9.31534000000000E-01, -1.60526087939043E-01,  9.68500000000012E+01,  2.11778007982988E+03,  2.18115777482271E+03
 1.92491666700000E+03, -2.69887653962903E-01, -3.57225000000000E-01, -1.62739370093595E-01,  9.70300000000012E+01,  2.18567303186598E+03,  2.26595106742887E+03
 1.92500000000000E+03, -2.69540038323453E-01, -9.55858000000000E-01, -1.64865710489354E-01,  9.72100000000012E+01,  1.79446665173936E+03,  1.97920680705189E+03
 1.92508333300000E+03, -1.84726171487589E-01, -7.53283000000000E-01, -1.66898662905263E-01,  9.73900000000012E+01,  9.40093124151292E+02,  1.12741225307170E+03
 1.92516666700000E+03, -3.33466984275636E-02, -6.68619000000000E-01, -1.68832069904166E-01,  9.75700000000012E+01,  5.09752176205624E+02,  6.00602181164277E+02
 1.92525000000000E+03,  1.66540414616805E-01, -4.17677000000000E-01,  2.25686255885041E-01,  9.77500000000012E+01,  4.96423131981708E+02,  5.61965663773780E+02
 1.92533333300000E+03,  2.89062001459850E-01, -3.64590000000000E-01,  2.25504830074289E-01,  9.79300000000012E+01,  3.47564833388296E+02,  4.22458724214669E+02
 1.92541666700000E+03,  3.42113555528137E-01, -5.19888000000000E-01,  2.25142589043512E-01,  9.81100000000012E+01,  3.06362949502939E+02,  3.42569615765048E+02
 1.92550000000000E+03,  3.39939450414148E-01,  1.22429000000000E-01,  2.24598383825349E-01,  9.82900000000012E+01,  5.20666348344600E+02,  5.45261297305848E+02
 1.92558333300000E+03,  3.40774977307291E-01,  3.10152000000000E-01,  2.23871425374043E-01,  9.84700000000012E+01,  6.51754296604493E+02,  7.55014596578024E+02
 1.92566666700000E+03,  3.31956547699061E-01,  4.06548000000000E-01,  2.22961277694418E-01,  9.86500000000012E+01,  8.46548318779319E+02,  1.14715930500659E+03
 1.92575000000000E+03,  3.09085173271252E-01,  4.65168000000000E-01,  2.19615825141582E-01,  9.88300000000012E+01,  1.21139873904943E+03,  1.86594028330878E+03
 1.92583333300000E+03,  2.82829902841432E-01,  7.01735000000000E-01,  2.18032932716688E-01,  9.90100000000012E+01,  1.24299641070660E+03,  2.21679021905286E+03
 1.92591666700000E+03,  2.74424988769422E-01,  8.80875000000000E-01,  2.16269274647915E-01,  9.91900000000012E+01,  1.04388181028036E+03,  2.04099151297752E+03
 1.92600000000000E+03,  2.83870431410111E-01,  6.33493000000000E-01,  2.14326267461176E-01,  9.93700000000013E+01,  1.24130048350050E+03,  2.18533831818906E+03
 1.92608333300000E+03,  2.31632695835037E-01,  7.98479000000000E-01,  2.12205623220664E-01,  9.95500000000013E+01,  1.49792343008413E+03,  2.58651001292842E+03
 1.92616666700000E+03,  9.99862954550015E-02,  7.63762000000000E-01,  2.09909339553313E-01,  9.97300000000013E+01,  1.31035830775551E+03,  2.42817277714402E+03
 1.92625000000000E+03, -1.06637835727026E-01,  5.13802000000000E-01,  2.68290640798558E-02,  9.99100000000013E+01,  1.16285249818685E+03,  2.05916220370939E+03
 1.92633333300000E+03, -2.32398222493109E-01,  6.03510000000000E-01,  2.10877901568025E-02,  1.00090000000001E+02,  1.16322004329639E+03,  1.97743314470511E+03
 1.92641666700000E+03, -2.58506466380511E-01,  4.96563000000000E-01,  1.53664511272370E-02,  1.00270000000001E+02,  7.73020832790741E+02,  1.57082975461446E+03
 1.92650000000000E+03, -1.93071076551475E-01,  3.26180000000000E-01,  9.66977608645086E-03,  1.00450000000001E+02,  3.06062176690132E+02,  7.70029205748261E+02
 1.92658333300000E+03, -1.24159666101492E-01,  2.25172000000000E-01,  4.00239022000112E-03,  1.00630000000001E+02,  2.82548577834879E+02,  3.19469637543627E+02
 1.92666666700000E+03, -7.76632574991614E-02,  1.71728000000000E-01, -1.63118928188454E-03,  1.00810000000001E+02,  3.68621176392708E+02,  2.51797556394032E+02
 1.92675000000000E+03, -4.28086163282413E-02, -2.18702000000000E-01,  2.54976427286988E-03,  1.00990000000001E+02,  3.86275660688310E+02,  2.83144373967642E+02
 1.92683333300000E+03, -4.33752870766341E-03, -3.80684000000000E-01, -3.07440170614729E-03,  1.01170000000001E+02,  5.38072718264590E+02,  4.23478644024788E+02
 1.92691666700000E+03,  6.63964052201591E-02, -2.40967000000000E-01, -8.65924117389923E-03,  1.01350000000001E+02,  6.15414277628808E+02,  4.76714029617718E+02
 1.92700000000000E+03,  1.54448511387301E-01,  1.88000000000000E-02, -1.42004942700168E-02,  1.01530000000001E+02,  5.19937361776473E+02,  3.85863970471316E+02
 1.92708333300000E+03,  1.63757323561321E-01,  1.62798000000000E-01, -1.96940205050727E-02,  1.01710000000001E+02,  5.79884097214109E+02,  4.60475661733075E+02
 1.92716666700000E+03,  6.29210599284921E-02, -2.68929000000000E-01, -2.51358016735057E-02,  1.01890000000001E+02,  7.04106681348626E+02,  6.28175408087666E+02
 1.92725000000000E+03, -1.36901905252307E-01,  2.20000000000000E-02, -4.79982098829618E-01,  1.02070000000001E+02,  5.83184319472038E+02,  5.70266566191436E+02
 1.92733333300000E+03, -2.66903224975736E-01, -4.35911000000000E-01, -4.75394884758793E-01,  1.02250000000001E+02,  4.84685369644331E+02,  4.85283447613041E+02
 1.92741666700000E+03, -2.98730415947318E-01, -1.27626000000000E-01, -4.70455414711718E-01,  1.02430000000001E+02,  5.89709149551704E+02,  6.79681028557700E+02
 1.92750000000000E+03, -2.28311905439005E-01, -9.18000000000000E-02, -4.65173931606835E-01,  1.02610000000001E+02,  5.37629390836490E+02,  8.66347430030197E+02
 1.92758333300000E+03, -1.39884212074118E-01,  1.10043000000000E-01, -4.59561708415357E-01,  1.02790000000001E+02,  3.66571479876846E+02,  7.78354651788746E+02
 1.92766666700000E+03, -5.45406758062751E-02, -8.40000000000000E-02, -4.53630984545356E-01,  1.02970000000001E+02,  3.94960601131042E+02,  6.82365481072729E+02
 1.92775000000000E+03,  1.73546997035052E-02,  8.16000000000000E-02, -4.46515541756587E-01,  1.03150000000001E+02,  3.81959670677191E+02,  6.47683738252748E+02
 1.92783333300000E+03,  8.37570759313016E-02, -9.37000000000000E-02, -4.39949197294184E-01,  1.03330000000001E+02,  2.09475058297970E+02,  4.89519212868286E+02
 1.92791666700000E+03,  1.63612581460418E-01,  2.56834000000000E-01, -4.33108290601572E-01,  1.03510000000001E+02,  2.09979465674659E+02,  3.75721603402289E+02
 1.92800000000000E+03,  2.65141455788847E-01,  3.86803000000000E-01, -4.26008353203443E-01,  1.03690000000001E+02,  2.92403329715606E+02,  4.01260606451977E+02
 1.92808333300000E+03,  3.69234618959728E-01,  2.83678000000000E-01, -4.18665537068378E-01,  1.03870000000001E+02,  2.31346972442617E+02,  4.17588566036693E+02
 1.92816666700000E+03,  4.39015382534755E-01,  7.87000000000000E-02, -4.11096545630492E-01,  1.04050000000001E+02,  2.40974768935167E+02,  5.22205105335484E+02
 1.92825000000000E+03,  4.44656296305846E-01,  1.26423000000000E-01, -3.74489983292354E-01,  1.04230000000001E+02,  3.45954478412326E+02,  6.91553054858657E+02
 1.92833333300000E+03,  3.91338949389875E-01,  1.25210000000000E-01, -3.65990714998753E-01,  1.04410000000001E+02,  3.34373322974429E+02,  6.91119943653204E+02
 1.92841666700000E+03,  3.10535581881532E-01,  4.89000000000000E-02, -3.57383062998067E-01,  1.04590000000001E+02,  3.56227069301816E+02,  7.07496774145694E+02
 1.92850000000000E+03,  2.29125490353937E-01, -7.66000000000000E-02, -3.48685718125372E-01,  1.04770000000001E+02,  5.39085233316051E+02,  9.29281378929065E+02
 1.92858333300000E+03,  1.62178643758891E-01,  3.30000000000000E-02, -3.39917362274766E-01,  1.04950000000001E+02,  6.09496727724713E+02,  1.03167401467449E+03
 1.92866666700000E+03,  9.40803580601969E-02, -8.22000000000000E-02, -3.31096609286134E-01,  1.05130000000001E+02,  5.15453711559785E+02,  8.73735686967220E+02
 1.92875000000000E+03,  1.82083303381725E-02, -9.75000000000000E-02, -3.33109123037530E-01,  1.05310000000001E+02,  5.05579051000600E+02,  7.24130300690204E+02
 1.92883333300000E+03, -7.92323637318893E-02, -2.96000000000000E-03, -3.24260566638505E-01,  1.05490000000001E+02,  4.66685628693081E+02,  6.16190727711650E+02
 1.92891666700000E+03, -1.75475979201388E-01, -2.66706000000000E-01, -3.15392259149786E-01,  1.05670000000001E+02,  2.85217726864745E+02,  4.41896346684338E+02
 1.92900000000000E+03, -2.52499058441646E-01, -2.97867000000000E-01, -3.06522333489975E-01,  1.05850000000002E+02,  2.85119885453498E+02,  3.44601356713615E+02
 1.92908333300000E+03, -2.30755420965847E-01, -1.39372000000000E-01, -2.97668650265096E-01,  1.06030000000002E+02,  4.19596390171917E+02,  3.64710357629216E+02
 1.92916666700000E+03, -1.17674132859533E-01, -8.01000000000000E-02, -2.88848749091510E-01,  1.06210000000002E+02,  3.60852194542426E+02,  3.97505003127823E+02
 1.92925000000000E+03,  6.45180458452193E-02, -5.54000000000000E-02, -1.24794407583671E-01,  1.06390000000002E+02,  3.60531720469560E+02,  5.64101349472243E+02
 1.92933333300000E+03,  1.74573573735352E-01, -1.99261000000000E-01, -1.27406561719899E-01,  1.06570000000002E+02,  5.37988863925088E+02,  8.18686851275971E+02
 1.92941666700000E+03,  2.07299765988354E-01,  1.27934000000000E-01, -1.30047187426706E-01,  1.06750000000002E+02,  5.05705547920240E+02,  8.51905793828327E+02
 1.92950000000000E+03,  1.77533279466578E-01,  2.00689000000000E-01, -1.32706757919604E-01,  1.06930000000002E+02,  3.62238954657623E+02,  7.60214593887023E+02
 1.92958333300000E+03,  1.56377413814594E-01,  1.10542000000000E-01, -1.35375884261661E-01,  1.07110000000002E+02,  4.04791008480701E+02,  7.36966144570088E+02
 1.92966666700000E+03,  1.36129420614825E-01,  1.37297000000000E-01, -1.38045331446993E-01,  1.07290000000002E+02,  3.94968231973001E+02,  5.66526142056004E+02
 1.92975000000000E+03,  1.08710151078648E-01,  2.15076000000000E-01, -1.35182655044299E-01,  1.07470000000002E+02,  2.23847421356920E+02,  2.52372921278322E+02
 1.92983333300000E+03,  7.19954014067741E-02,  2.17426000000000E-01, -1.37852385355944E-01,  1.07650000000002E+02,  1.51684400541161E+02,  1.08247058405584E+02
 1.92991666700000E+03,  4.60587591688030E-02,  5.45094000000000E-01, -1.40514020620531E-01,  1.07830000000002E+02,  1.66357068367939E+02,  1.30714444385838E+02
 1.93000000000000E+03,  3.67774505875157E-02,  5.27243000000000E-01, -1.43158664958722E-01,  1.08010000000002E+02,  1.09093340942555E+02,  2.03923862747404E+02
 1.93008333300000E+03,  6.14415229893058E-02,  5.62168000000000E-01, -1.45777618851709E-01,  1.08190000000002E+02,  9.64093453023980E+01,  3.74587683500302E+02
 1.93016666700000E+03,  1.04600103042404E-01,  5.12911000000000E-01, -1.48362392025561E-01,  1.08370000000002E+02,  1.71193048306676E+02,  5.16393622943927E+02
 1.93025000000000E+03,  1.63494861426614E-01,  5.04883000000000E-01, -1.34352052680913E-01,  1.08550000000002E+02,  1.71836382501068E+02,  5.15697284542845E+02
 1.93033333300000E+03,  2.08834137476796E-01, -8.47000000000000E-03, -1.29775373844249E-01,  1.08730000000002E+02,  2.86886606891283E+02,  6.83179002351461E+02
 1.93041666700000E+03,  2.52791561431767E-01,  2.14422000000000E-01, -1.25475406544144E-01,  1.08910000000002E+02,  7.28024797856467E+02,  1.15862553771229E+03
 1.93050000000000E+03,  2.97918760403104E-01,  3.85500000000000E-01, -1.21453715971054E-01,  1.09090000000002E+02,  1.07477612677568E+03,  1.50121455853187E+03
 1.93058333300000E+03,  3.51578431912990E-01,  2.64223000000000E-01, -1.17711165137371E-01,  1.09270000000002E+02,  1.11540048746868E+03,  1.57696218859135E+03
 1.93066666700000E+03,  3.97935843275104E-01,  6.54657000000000E-01, -1.14247928886706E-01,  1.09450000000002E+02,  1.19186143951345E+03,  1.67412347761989E+03
 1.93075000000000E+03,  4.27785755844248E-01,  5.84318000000000E-01, -1.07608500434229E-01,  1.09630000000002E+02,  1.16218166535206E+03,  1.55828547503181E+03
 1.93083333300000E+03,  4.50413672751807E-01,  9.49575000000000E-01, -1.05032527607537E-01,  1.09810000000002E+02,  7.88312156328889E+02,  9.85414775287123E+02
 1.93091666700000E+03,  4.80911653245447E-01,  6.32595000000000E-01, -1.02729462015966E-01,  1.09990000000002E+02,  5.09489394024850E+02,  4.44470412326761E+02
 1.93100000000000E+03,  5.24593494683291E-01,  7.69503000000000E-01, -1.00696178624591E-01,  1.10170000000002E+02,  4.99558903862208E+02,  2.28234891080351E+02
 1.93108333300000E+03,  5.10943673292754E-01,  1.01508000000000E+00, -9.89289800743317E-02,  1.10350000000002E+02,  4.32588394030803E+02,  1.46691211527496E+02
 1.93116666700000E+03,  4.22285901365377E-01,  5.07551000000000E-01, -9.74236190989046E-02,  1.10530000000002E+02,  3.26823412222280E+02,  2.04540824716609E+02
 1.93125000000000E+03,  2.64197814606005E-01,  5.35683000000000E-01, -7.68534085622037E-01,  1.10710000000002E+02,  3.04647580123642E+02,  3.53654975843491E+02
 1.93133333300000E+03,  1.69233355176925E-01,  5.49669000000000E-01, -7.59603551368175E-01,  1.10890000000002E+02,  2.60881052407240E+02,  4.43472541146422E+02
 1.93141666700000E+03,  1.57263799339593E-01,  6.24792000000000E-01, -7.50144778539978E-01,  1.11070000000002E+02,  2.43770219053351E+02,  6.47660251948951E+02
 1.93150000000000E+03,  2.17658774044217E-01,  4.61670000000000E-01, -7.40196820358689E-01,  1.11250000000002E+02,  3.13682798245640E+02,  9.46606668664107E+02
 1.93158333300000E+03,  2.73721326079924E-01,  4.21793000000000E-01, -7.29801144803669E-01,  1.11430000000002E+02,  3.21888648811307E+02,  9.47284807824399E+02
 1.93166666700000E+03,  2.95244804571834E-01, -1.87952000000000E-01, -7.19001320833895E-01,  1.11610000000002E+02,  3.61715643523286E+02,  7.91271947031308E+02
 1.93175000000000E+03,  2.77020340060035E-01, -1.99284000000000E-01, -7.03892100411790E-01,  1.11790000000002E+02,  7.09989666195086E+02,  1.03648476845560E+03
 1.93183333300000E+03,  2.21435172077350E-01,  2.38000000000000E-02, -6.92324326598107E-01,  1.11970000000002E+02,  1.13971426909459E+03,  1.51728447629259E+03
 1.93191666700000E+03,  1.50922869587090E-01, -2.32925000000000E-01, -6.80509399923632E-01,  1.12150000000002E+02,  1.26522160392473E+03,  1.64643895255759E+03
 1.93200000000000E+03,  8.54817502137762E-02, -3.39918000000000E-01, -6.68496324413694E-01,  1.12330000000002E+02,  1.26550256918038E+03,  1.57287477723641E+03
 1.93208333300000E+03,  7.49905792523584E-02, -2.40181000000000E-01, -6.56334513288935E-01,  1.12510000000002E+02,  1.25248407307796E+03,  1.60441606622572E+03
 1.93216666700000E+03,  1.24501566558072E-01,  1.45092000000000E-01, -6.44073485476104E-01,  1.12690000000002E+02,  9.15572376140837E+02,  1.32978593569474E+03
 1.93225000000000E+03,  2.20253772826889E-01, -2.88000000000000E-02, -7.32681976234064E-01,  1.12870000000002E+02,  4.10163496985729E+02,  6.50623414739420E+02
 1.93233333300000E+03,  2.81437448000159E-01,  1.02000000000000E-02, -7.21988084931852E-01,  1.13050000000002E+02,  1.95907632177824E+02,  2.15867645026551E+02
 1.93241666700000E+03,  2.97497846477066E-01, -4.15000000000000E-02, -7.10922853936384E-01,  1.13230000000002E+02,  1.86161094236636E+02,  2.26342472440444E+02
 1.93250000000000E+03,  2.67630683584875E-01, -3.45331000000000E-01, -6.99532731395667E-01,  1.13410000000002E+02,  1.75832514666099E+02,  4.44317065615063E+02
 1.93258333300000E+03,  2.31699139630049E-01,  2.42000000000000E-03, -6.87865397379576E-01,  1.13590000000002E+02,  2.34206434620047E+02,  8.23847855230051E+02
 1.93266666700000E+03,  1.78645679034676E-01, -1.78000000000000E-02, -6.75969446489653E-01,  1.13770000000002E+02,  3.03849581336498E+02,  1.10995951692515E+03
 1.93275000000000E+03,  1.05605258909422E-01,  2.95000000000000E-02, -6.79710942036835E-01,  1.13950000000002E+02,  3.57646405632889E+02,  1.16027749497770E+03
 1.93283333300000E+03, -1.22852005043304E-03, -1.18000000000000E-02, -6.67686365034642E-01,  1.14130000000002E+02,  5.89745124062353E+02,  1.42364173871833E+03
 1.93291666700000E+03, -1.21161655873606E-01, -3.23856000000000E-01, -6.55516367004622E-01,  1.14310000000002E+02,  8.89918066883449E+02,  1.85499282391761E+03
 1.93300000000000E+03, -2.29954298457770E-01, -2.66000000000000E-02, -6.43250463309893E-01,  1.14490000000002E+02,  9.62642426826570E+02,  1.88262466046024E+03
 1.93308333300000E+03, -3.00398667741986E-01, -1.57381000000000E-01, -6.30937960527050E-01,  1.14670000000002E+02,  1.00191341306404E+03,  1.83377287995624E+03
 1.93316666700000E+03, -3.28308296612401E-01, -1.39738000000000E-01, -6.18627672020303E-01,  1.14850000000002E+02,  1.18337763138517E+03,  2.20870239265711E+03
 1.93325000000000E+03, -3.47049906736176E-01, -7.71000000000000E-02, -3.08823600639836E-01,  1.15030000000002E+02,  1.11467725251215E+03,  2.36033962938873E+03
 1.93333333300000E+03, -3.85110829184822E-01, -4.25159000000000E-01, -2.99964002671925E-01,  1.15210000000002E+02,  7.61200533162718E+02,  1.86140698419330E+03
 1.93341666700000E+03, -4.59055757737152E-01, -7.25227000000000E-01, -2.91133667963432E-01,  1.15390000000002E+02,  5.89553748634285E+02,  1.38650515401675E+03
 1.93350000000000E+03, -5.39588290095557E-01, -4.62700000000000E-01, -2.82349868532360E-01,  1.15570000000002E+02,  5.11488537399957E+02,  1.22269823360597E+03
 1.93358333300000E+03, -6.05167152745339E-01, -6.55188000000000E-01, -2.73629476601512E-01,  1.15750000000002E+02,  2.99751439224933E+02,  9.82161289888555E+02
 1.93366666700000E+03, -6.53745758739125E-01, -7.69482000000000E-01, -2.64988922827191E-01,  1.15930000000002E+02,  2.50376664244310E+02,  6.75183860841928E+02
 1.93375000000000E+03, -6.96459903683679E-01, -1.06492000000000E+00, -2.70520262433570E-01,  1.16110000000002E+02,  3.59817510753943E+02,  5.36108548056781E+02
 1.93383333300000E+03, -7.39661839041788E-01, -7.61786000000000E-01, -2.61912257610444E-01,  1.16290000000002E+02,  3.32488182805106E+02,  5.51014969658735E+02
 1.93391666700000E+03, -7.62677406267529E-01, -1.02293000000000E+00, -2.53405637595355E-01,  1.16470000000002E+02,  3.41084364038258E+02,  6.98488736776394E+02
 1.93400000000000E+03, -7.61949601000000E-01, -1.00367000000000E+00, -2.45015641232817E-01,  1.16650000000002E+02,  4.84435223561131E+02,  9.07796623260109E+02
 1.93408333300000E+03, -6.29026941330869E-01, -8.62341000000000E-01, -2.36756944886284E-01,  1.16830000000002E+02,  4.84712968544119E+02,  1.00143745862252E+03
 1.93416666700000E+03, -3.88028593601426E-01, -9.87198000000000E-01, -2.28643632302349E-01,  1.17010000000002E+02,  4.41939787029193E+02,  1.05658149072303E+03
 1.93425000000000E+03, -5.31634116578653E-02, -4.88268000000000E-01, -4.23966397370982E-01,  1.17190000000002E+02,  6.22483380959084E+02,  1.25856726386300E+03
 1.93433333300000E+03,  1.52869995964280E-01, -6.06010000000000E-01, -4.26487671434102E-01,  1.17370000000002E+02,  7.61868227375760E+02,  1.38153550081074E+03
 1.93441666700000E+03,  2.36901860567150E-01, -4.18327000000000E-01, -4.29295860483776E-01,  1.17550000000002E+02,  6.62840306915578E+02,  1.18331597029161E+03
 1.93450000000000E+03,  2.13071857923091E-01, -4.95399000000000E-01, -4.32360747482739E-01,  1.17730000000002E+02,  6.19875080320264E+02,  9.71183018984648E+02
 1.93458333300000E+03,  1.82271233712792E-01, -5.86317000000000E-01, -4.35651528611398E-01,  1.17910000000002E+02,  6.14950173222604E+02,  9.48367747303554E+02
 1.93466666700000E+03,  1.35694237926696E-01, -5.22772000000000E-01, -4.39136966556687E-01,  1.18090000000002E+02,  4.46870265849856E+02,  9.04763449958159E+02
 1.93475000000000E+03,  6.53231910274703E-02, -4.22583000000000E-01, -4.47042301053453E-01,  1.18270000000002E+02,  4.43631287967412E+02,  9.22893927105611E+02
 1.93483333300000E+03, -4.20517912213198E-03, -2.70264000000000E-01, -4.50932380220093E-01,  1.18450000000002E+02,  6.46844048423292E+02,  1.08262165497758E+03
 1.93491666700000E+03, -5.40481255498776E-02, -2.52537000000000E-01, -4.54886904292406E-01,  1.18630000000002E+02,  6.38877023630368E+02,  1.11893470809154E+03
 1.93500000000000E+03, -7.27615528331278E-02, -3.22638000000000E-01, -4.58874702110593E-01,  1.18810000000002E+02,  6.74615241383061E+02,  1.16448887287466E+03
 1.93508333300000E+03, -3.61897538538973E-02, -4.43000000000000E-02, -4.62865030530030E-01,  1.18990000000002E+02,  9.86267415540692E+02,  1.34051102267583E+03
 1.93516666700000E+03,  4.60406921583686E-02, -2.73058000000000E-01, -4.66827697432412E-01,  1.19170000000002E+02,  1.02017566583487E+03,  1.21275818125181E+03
 1.93525000000000E+03,  1.63201362641715E-01, -3.99347000000000E-01, -7.47232814398296E-01,  1.19350000000002E+02,  7.65318268307702E+02,  8.70320126545036E+02
 1.93533333300000E+03,  2.42124915296137E-01, -6.01500000000000E-01, -7.42714094925270E-01,  1.19530000000002E+02,  7.24075160535761E+02,  7.90108869958019E+02
 1.93541666700000E+03,  2.88068370372402E-01, -4.18867000000000E-01, -7.39144508981655E-01,  1.19710000000002E+02,  6.72531626215450E+02,  7.18992010581382E+02
 1.93550000000000E+03,  3.03505729267201E-01, -4.71720000000000E-01, -7.36506279031276E-01,  1.19890000000002E+02,  3.53496339786639E+02,  3.97697694383965E+02
 1.93558333300000E+03,  3.21556234686503E-01,  8.94000000000000E-02, -7.34774389012539E-01,  1.20070000000002E+02,  1.21196612439653E+02,  1.67689640719018E+02
 1.93566666700000E+03,  3.26738792959671E-01,  2.65000000000000E-02, -7.33916960587933E-01,  1.20250000000002E+02,  9.91015662300769E+01,  1.46432955484927E+02
 1.93575000000000E+03,  3.19053403631895E-01,  2.27877000000000E-01, -7.33912100170074E-01,  1.20430000000002E+02,  8.88570503218171E+01,  1.26649710872309E+02
 1.93583333300000E+03,  3.04472887320026E-01,  1.39545000000000E-01, -7.34714245662247E-01,  1.20610000000002E+02,  1.22128654968750E+02,  1.03333605963719E+02
 1.93591666700000E+03,  2.99437134985909E-01, -4.73000000000000E-03, -7.36256310360081E-01,  1.20790000000002E+02,  2.29601077426894E+02,  1.33015840471869E+02
 1.93600000000000E+03,  3.03946146802757E-01,  1.91463000000000E-01, -7.38483384255902E-01,  1.20970000000002E+02,  2.58589000644559E+02,  1.43079857091516E+02
 1.93608333300000E+03,  3.05307146425515E-01,  2.55548000000000E-01, -7.41336187462703E-01,  1.21150000000002E+02,  2.91633809316771E+02,  2.12301075815405E+02
 1.93616666700000E+03,  2.85022224677550E-01,  9.85000000000000E-02, -7.44751644114986E-01,  1.21330000000002E+02,  5.05316824813497E+02,  4.90348028123991E+02
 1.93625000000000E+03,  2.33497700991466E-01,  3.10682000000000E-01, -7.49508645995098E-01,  1.21510000000002E+02,  6.62647196956543E+02,  7.37521910854536E+02
 1.93633333300000E+03,  1.62268828867852E-01,  4.27959000000000E-01, -7.53925811957621E-01,  1.21690000000002E+02,  5.95992130144399E+02,  7.26905808003304E+02
 1.93641666700000E+03,  9.21396163431703E-02, -9.77000000000000E-02, -7.58685007845455E-01,  1.21870000000002E+02,  5.78225914192681E+02,  7.15146798644318E+02
 1.93650000000000E+03,  3.72803258992529E-02, -1.23861000000000E-01, -7.63713689225689E-01,  1.22050000000002E+02,  5.94940501151457E+02,  7.19383707439117E+02
 1.93658333300000E+03, -3.55368944104550E-03, -4.58000000000000E-02, -7.68938601897553E-01,  1.22230000000002E+02,  4.02488515817048E+02,  4.64256073546593E+02
 1.93666666700000E+03, -4.83110764320432E-02,  1.33000000000000E-03, -7.74286357934450E-01,  1.22410000000002E+02,  2.24181168733088E+02,  2.14167152508797E+02
 1.93675000000000E+03, -1.04701465134586E-01,  2.56866000000000E-01, -7.75060113920824E-01,  1.22590000000002E+02,  2.56139256851024E+02,  2.36573684963965E+02
 1.93683333300000E+03, -1.70848593349568E-01, -1.11994000000000E-01, -7.80458973704967E-01,  1.22770000000002E+02,  2.81797497154442E+02,  2.42854595374995E+02
 1.93691666700000E+03, -2.26187289937224E-01,  4.14484000000000E-01, -7.85825490396161E-01,  1.22950000000002E+02,  2.50069112524875E+02,  1.82391023644001E+02
 1.93700000000000E+03, -2.58634673972086E-01, -9.33000000000000E-02, -7.91089404404292E-01,  1.23130000000002E+02,  2.60260710069632E+02,  2.45602850286424E+02
 1.93708333300000E+03, -2.22692633743139E-01,  3.22048000000000E-01, -7.96182496191273E-01,  1.23310000000002E+02,  2.33886901933239E+02,  2.81632844678488E+02
 1.93716666700000E+03, -1.28359430511279E-01,  6.23531000000000E-01, -8.01039042003007E-01,  1.23490000000002E+02,  1.96860698440408E+02,  2.85422043493594E+02
 1.93725000000000E+03,  1.59971777640730E-02,  7.84000000000000E-02, -4.45342631126436E-01,  1.23670000000002E+02,  2.69290702836461E+02,  4.75865142973692E+02
 1.93733333300000E+03,  1.20670495497922E-01, -1.12400000000000E-01, -4.39958561853589E-01,  1.23850000000002E+02,  3.18944463910570E+02,  6.15552696972504E+02
 1.93741666700000E+03,  1.91969854965672E-01, -2.88927000000000E-01, -4.35141399387904E-01,  1.24030000000002E+02,  2.73461503409415E+02,  5.30850299315010E+02
 1.93750000000000E+03,  2.30195130115739E-01,  1.61510000000000E-01, -4.30891590626188E-01,  1.24210000000002E+02,  3.49523793196581E+02,  6.31181324585122E+02
 1.93758333300000E+03,  2.70992691138998E-01,  4.59000000000000E-02, -4.27206810248814E-01,  1.24390000000002E+02,  4.92874717595546E+02,  8.76244160649800E+02
 1.93766666700000E+03,  2.97497864873012E-01, -6.36000000000000E-02, -4.24082037121812E-01,  1.24570000000002E+02,  4.50435923193375E+02,  7.86121724090431E+02
 1.93775000000000E+03,  3.06564990091574E-01, -5.26000000000000E-02, -4.23330162011320E-01,  1.24750000000002E+02,  3.89445653151881E+02,  6.26027314163037E+02
 1.93783333300000E+03,  3.10496886670461E-01,  1.98996000000000E-01, -4.20905933919872E-01,  1.24930000000002E+02,  4.24462593452015E+02,  7.01962308958281E+02
 1.93791666700000E+03,  3.28967708215869E-01, -1.72575000000000E-01, -4.19020778378391E-01,  1.25110000000002E+02,  3.10440011834127E+02,  6.56622503869373E+02
 1.93800000000000E+03,  3.64241167376003E-01, -1.30447000000000E-01, -4.17661526350919E-01,  1.25290000000002E+02,  1.59547287694132E+02,  5.36069682791048E+02
 1.93808333300000E+03,  2.89047626953634E-01, -2.61000000000000E-02, -4.16812759568415E-01,  1.25470000000002E+02,  2.02810056581040E+02,  5.91887720941944E+02
 1.93816666700000E+03,  8.04970816302554E-02,  4.54000000000000E-02, -4.16456938188738E-01,  1.25650000000002E+02,  2.42400357810786E+02,  6.00365637614213E+02
 1.93825000000000E+03, -2.61410462108433E-01, -1.31937000000000E-01, -8.22753867112071E-01,  1.25830000000002E+02,  2.29062887543371E+02,  6.33397568308601E+02
 1.93833333300000E+03, -4.96833018997941E-01, -4.39381000000000E-01, -8.20616486914284E-01,  1.26010000000002E+02,  2.97099394738423E+02,  8.04006042535791E+02
 1.93841666700000E+03, -5.99281646166368E-01, -6.01196000000000E-01, -8.17755115117076E-01,  1.26190000000002E+02,  2.94763339532292E+02,  7.55544068408466E+02
 1.93850000000000E+03, -5.60286427078950E-01, -5.05421000000000E-01, -8.14169246261843E-01,  1.26370000000002E+02,  1.91108205719286E+02,  5.84807710452341E+02
 1.93858333300000E+03, -4.94055794259922E-01, -6.34598000000000E-01, -8.09863218415485E-01,  1.26550000000002E+02,  1.82487297020056E+02,  5.82969505872966E+02
 1.93866666700000E+03, -4.19019775117594E-01, -1.70753000000000E-01, -8.04846070603243E-01,  1.26730000000002E+02,  2.10061995499601E+02,  4.71949905888093E+02
 1.93875000000000E+03, -3.42069718298521E-01, -6.78522000000000E-01, -7.95925167660971E-01,  1.26910000000002E+02,  1.48273659855321E+02,  1.81843639115115E+02
 1.93883333300000E+03, -2.61241083491605E-01, -4.90335000000000E-01, -7.89189488660449E-01,  1.27090000000002E+02,  1.25471869732559E+02,  3.43772539038079E+01
 1.93891666700000E+03, -1.57984596354193E-01, -4.69555000000000E-01, -7.81809046655778E-01,  1.27270000000002E+02,  2.03156343799325E+02,  1.01083883622810E+02
 1.93900000000000E+03, -4.39273288551733E-02, -4.59047000000000E-01, -7.73811640258514E-01,  1.27450000000002E+02,  2.12372846525628E+02,  2.56091648664040E+02
 1.93908333300000E+03,  1.12602795473669E-02, -5.71922000000000E-01, -7.65228550963228E-01,  1.27630000000002E+02,  1.68442676202424E+02,  3.54548700302907E+02
 1.93916666700000E+03, -2.56648040621267E-02, -4.12828000000000E-01, -7.56094262760052E-01,  1.27810000000002E+02,  2.68192037771369E+02,  3.71580671320165E+02
 1.93925000000000E+03, -1.35191240410306E-01, -9.75000000000000E-02, -8.03147116899945E-01,  1.27990000000002E+02,  3.76280422207257E+02,  4.09091179402010E+02
 1.93933333300000E+03, -1.95238972175139E-01, -1.06131000000000E-01, -7.92305481404503E-01,  1.28170000000002E+02,  3.35907477101084E+02,  4.58921856319618E+02
 1.93941666700000E+03, -1.72338043389556E-01, -2.03047000000000E-01, -7.82322998803416E-01,  1.28350000000002E+02,  4.10111576421657E+02,  5.68769364944230E+02
 1.93950000000000E+03, -7.54163446479020E-02,  9.71000000000000E-02, -7.73236670044441E-01,  1.28530000000002E+02,  5.94978419504019E+02,  7.77969171313006E+02
 1.93958333300000E+03,  2.69127173151637E-02, -5.29000000000000E-02, -7.65075290941071E-01,  1.28710000000002E+02,  5.51418758513462E+02,  8.72756615671765E+02
 1.93966666700000E+03,  1.06282100738896E-01,  6.73828000000000E-01, -7.57859393753912E-01,  1.28890000000002E+02,  4.47432240721480E+02,  8.32468636552842E+02
 1.93975000000000E+03,  1.54681500200176E-01, -5.15903000000000E-01, -7.51024580251893E-01,  1.29070000000002E+02,  5.11305479679819E+02,  7.77494510547391E+02
 1.93983333300000E+03,  1.85252211293981E-01,  2.19000000000000E-03, -7.45825084634280E-01,  1.29250000000002E+02,  4.51113927608860E+02,  5.51397722812742E+02
 1.93991666700000E+03,  2.21473977354540E-01,  3.53495000000000E-01, -7.41582772253626E-01,  1.29430000000002E+02,  2.71621743122961E+02,  2.44599798545581E+02
 1.94000000000000E+03,  2.68299716493118E-01,  6.34483000000000E-01, -7.38285207188172E-01,  1.29610000000002E+02,  3.28322198906556E+02,  2.16067634854417E+02
 1.94008333300000E+03,  2.74946564332090E-01,  7.43359000000000E-01, -7.35912478712955E-01,  1.29790000000002E+02,  4.83904881100504E+02,  3.75142210773955E+02
 1.94016666700000E+03,  2.22739749770166E-01,  7.27091000000000E-01, -7.34437541525756E-01,  1.29970000000002E+02,  5.08864134716744E+02,  5.06404348999344E+02
 1.94025000000000E+03,  1.20496966416097E-01,  4.66522000000000E-01, -7.81564860492029E-01,  1.30150000000002E+02,  5.59515096039109E+02,  6.86097225736998E+02
 1.94033333300000E+03,  6.56618174090607E-02,  3.49970000000000E-01, -7.73548391692850E-01,  1.30330000000002E+02,  5.93557409674949E+02,  8.30787087654735E+02
 1.94041666700000E+03,  8.05304750965872E-02,  5.82394000000000E-01, -7.64947285421396E-01,  1.30510000000002E+02,  4.91942080888577E+02,  8.00530070021800E+02
 1.94050000000000E+03,  1.58525931970290E-01,  4.75750000000000E-01, -7.55796122451638E-01,  1.30690000000002E+02,  5.05525437015053E+02,  7.74886860058155E+02
 1.94058333300000E+03,  2.38006166161189E-01,  3.85933000000000E-01, -7.46132383903823E-01,  1.30870000000002E+02,  6.30699594707375E+02,  7.79740892549370E+02
 1.94066666700000E+03,  2.92371793839029E-01,  1.64507000000000E-01, -7.35996148339058E-01,  1.31050000000002E+02,  5.91478998215751E+02,  6.26371693588194E+02
 1.94075000000000E+03,  3.15891059922111E-01,  4.69097000000000E-01, -7.34157118871286E-01,  1.31230000000002E+02,  5.52837654206453E+02,  5.06309504496107E+02
 1.94083333300000E+03,  3.22125596317180E-01,  6.85646000000000E-01, -7.23519228984956E-01,  1.31410000000002E+02,  6.13147601302672E+02,  5.74972820866621E+02
 1.94091666700000E+03,  3.25459556658984E-01,  8.93414000000000E-01, -7.12503568620969E-01,  1.31590000000002E+02,  4.72809108121127E+02,  5.14510585448616E+02
 1.94100000000000E+03,  3.33033926003448E-01,  7.91462000000000E-01, -7.01156386593363E-01,  1.31770000000002E+02,  2.51555047461045E+02,  3.23351166158056E+02
 1.94108333300000E+03,  3.47339650852498E-01,  7.00338000000000E-01, -6.89525208581022E-01,  1.31950000000002E+02,  2.76460625305378E+02,  3.24298488122106E+02
 1.94116666700000E+03,  3.67653757069933E-01,  9.86782000000000E-01, -6.77658519351231E-01,  1.32130000000002E+02,  3.59910204293734E+02,  3.72166113830840E+02
 1.94125000000000E+03,  3.86439852793136E-01,  1.08962000000000E+00, -4.16798916550081E-01,  1.32310000000003E+02,  3.15703201950466E+02,  3.08489238844692E+02
 1.94133333300000E+03,  3.91546181235352E-01,  1.07963000000000E+00, -4.16454368154924E-01,  1.32490000000003E+02,  2.95945825098792E+02,  3.57269136344315E+02
 1.94141666700000E+03,  3.85481494929019E-01,  6.58722000000000E-01, -4.16582760129485E-01,  1.32670000000003E+02,  3.08819214471310E+02,  4.92891664063083E+02
 1.94150000000000E+03,  3.79936137253725E-01,  7.42050000000000E-01, -4.17162677409967E-01,  1.32850000000003E+02,  2.69848750940580E+02,  5.50789511876370E+02
 1.94158333300000E+03,  3.77047203954245E-01,  6.99842000000000E-01, -4.18171006904266E-01,  1.33030000000003E+02,  2.94213410458943E+02,  6.42986057107252E+02
 1.94166666700000E+03,  3.64842470212003E-01,  5.57148000000000E-01, -4.19583086891889E-01,  1.33210000000003E+02,  3.93558548735884E+02,  7.28007029397420E+02
 1.94175000000000E+03,  3.36950129341403E-01,  7.50347000000000E-01, -4.21595297779827E-01,  1.33390000000003E+02,  3.91324874552518E+02,  6.22884578695516E+02
 1.94183333300000E+03,  3.03637701572525E-01,  9.01335000000000E-01, -4.23772900721220E-01,  1.33570000000003E+02,  3.71647894580955E+02,  5.34846907084345E+02
 1.94191666700000E+03,  2.85714228953894E-01,  9.50615000000000E-01, -4.26269277868006E-01,  1.33750000000003E+02,  4.90818074365543E+02,  6.74484711605499E+02
 1.94200000000000E+03,  2.85360462032604E-01,  6.12003000000000E-01, -4.29055022012448E-01,  1.33930000000003E+02,  5.24995910818979E+02,  7.79903814722685E+02
 1.94208333300000E+03,  2.14173777844436E-01,  4.82439000000000E-01, -4.32099971209540E-01,  1.34110000000003E+02,  4.02733560400481E+02,  7.28014586001313E+02
 1.94216666700000E+03,  4.43464362508598E-02,  1.30362000000000E-01, -4.35373364044449E-01,  1.34290000000003E+02,  3.93525414992511E+02,  7.46677042993549E+02
 1.94225000000000E+03, -2.34295004094298E-01,  5.91393000000000E-01, -8.11165727356466E-01,  1.34470000000003E+02,  3.92238351331620E+02,  7.21236324161378E+02
 1.94233333300000E+03, -4.56990151610123E-01, -6.56000000000000E-02, -8.14792155474089E-01,  1.34650000000003E+02,  2.14637309060217E+02,  4.49676398615829E+02
 1.94241666700000E+03, -5.95386488948112E-01, -1.43686000000000E-01, -8.17934923172806E-01,  1.34830000000003E+02,  1.21677900139094E+02,  2.12680689373144E+02
 1.94250000000000E+03, -6.31317879749573E-01, -1.64751000000000E-01, -8.20547969445074E-01,  1.35010000000003E+02,  1.84084435928439E+02,  1.55014192541656E+02
 1.94258333300000E+03, -6.48950457460316E-01, -3.21617000000000E-01, -8.22589798815330E-01,  1.35190000000003E+02,  2.16761703599531E+02,  1.43901813214705E+02
 1.94266666700000E+03, -6.64212083940851E-01, -5.21833000000000E-01, -8.24023665987030E-01,  1.35370000000003E+02,  2.83158008288594E+02,  3.04920534807230E+02
 1.94275000000000E+03, -6.86185829540334E-01, -6.14193000000000E-01, -8.24969326883980E-01,  1.35550000000003E+02,  3.67200758349302E+02,  5.98976443690281E+02
 1.94283333300000E+03, -7.00207837787896E-01, -6.39145000000000E-01, -8.24737062088822E-01,  1.35730000000003E+02,  3.32567103140947E+02,  7.53950709129437E+02
 1.94291666700000E+03, -6.86884506339816E-01, -7.88435000000000E-01, -8.23806949275213E-01,  1.35910000000003E+02,  3.37865637397557E+02,  9.00768929459500E+02
 1.94300000000000E+03, -6.39372731737665E-01, -1.11407000000000E+00, -8.22164989883843E-01,  1.36090000000003E+02,  4.78772672771084E+02,  1.10085234746813E+03
 1.94308333300000E+03, -5.11401202651771E-01, -8.31472000000000E-01, -8.19802260894345E-01,  1.36270000000003E+02,  5.39406715810652E+02,  1.02366199297587E+03
 1.94316666700000E+03, -3.29463609419973E-01, -5.97139000000000E-01, -8.16714855685011E-01,  1.36450000000003E+02,  4.89718171017483E+02,  7.41165733933170E+02
 1.94325000000000E+03, -1.18080140318589E-01, -3.49127000000000E-01, -7.56473253443423E-01,  1.36630000000003E+02,  4.90243979155173E+02,  5.91478223299469E+02
 1.94333333300000E+03, -7.26950227827411E-03, -8.63000000000000E-02, -7.61387897197942E-01,  1.36810000000003E+02,  4.38827429120358E+02,  4.67520476093665E+02
 1.94341666700000E+03,  1.07076164179251E-02, -5.98000000000000E-02, -7.66532284589244E-01,  1.36990000000003E+02,  2.44146448875213E+02,  2.49705134654322E+02
 1.94350000000000E+03, -4.15531513320647E-02,  3.52000000000000E-02, -7.71833018246199E-01,  1.37170000000003E+02,  1.50894877308799E+02,  1.50236708806301E+02
 1.94358333300000E+03, -9.44071325818877E-02,  2.50002000000000E-01, -7.77216873463455E-01,  1.37350000000003E+02,  2.02795849247730E+02,  1.70793840717341E+02
 1.94366666700000E+03, -1.53253324998668E-01, -5.07000000000000E-02, -7.82611347670995E-01,  1.37530000000003E+02,  1.93088148697510E+02,  1.63886341301554E+02
 1.94375000000000E+03, -2.25102741453978E-01, -3.24642000000000E-01, -7.86132793518473E-01,  1.37710000000003E+02,  2.50602611835114E+02,  2.86637938194787E+02
 1.94383333300000E+03, -2.99768173752662E-01, -3.98655000000000E-01, -7.91388680570186E-01,  1.37890000000003E+02,  4.29538877780642E+02,  5.43988779847131E+02
 1.94391666700000E+03, -3.56017705641547E-01, -2.28947000000000E-01, -7.96469879547683E-01,  1.38070000000003E+02,  4.24636598241843E+02,  6.14128099539184E+02
 1.94400000000000E+03, -3.81589188609251E-01, -1.45367000000000E-01, -8.01310824007393E-01,  1.38250000000003E+02,  3.63069050857167E+02,  6.12389936698054E+02
 1.94408333300000E+03, -3.28654886760835E-01, -1.33812000000000E-01, -8.05848890123162E-01,  1.38430000000003E+02,  5.48921075395158E+02,  8.50005446789704E+02
 1.94416666700000E+03, -2.09888472546682E-01, -1.06000000000000E-02, -8.10024783695010E-01,  1.38610000000003E+02,  6.71603541801120E+02,  1.04635729566715E+03
 1.94425000000000E+03, -4.76807044835020E-02,  7.65000000000000E-02, -4.43404940570756E-01,  1.38790000000003E+02,  5.38056459209854E+02,  9.90611428230396E+02
 1.94433333300000E+03,  4.12299769814385E-02,  1.74089000000000E-01, -4.47203762506955E-01,  1.38970000000003E+02,  5.05447448494367E+02,  1.01429747937056E+03
 1.94441666700000E+03,  5.48859186338688E-02,  8.05000000000000E-02, -4.51097175484730E-01,  1.39150000000003E+02,  5.71272024284386E+02,  1.09152606186616E+03
 1.94450000000000E+03,  1.09346502252845E-02,  1.92890000000000E-01, -4.55053718972291E-01,  1.39330000000003E+02,  4.12033002464517E+02,  8.52572129163567E+02
 1.94458333300000E+03, -2.86492340034083E-02,  2.43853000000000E-01, -4.59042237214609E-01,  1.39510000000003E+02,  2.07457288242701E+02,  4.91642461300636E+02
 1.94466666700000E+03, -7.05456092782973E-02,  1.14458000000000E-01, -4.63032007749485E-01,  1.39690000000003E+02,  2.23434305389994E+02,  3.78462895798444E+02
 1.94475000000000E+03, -1.22682545602081E-01,  6.56000000000000E-02, -4.63430336358978E-01,  1.39870000000003E+02,  2.32365605855806E+02,  3.49563695386417E+02
 1.94483333300000E+03, -1.82399803684491E-01,  1.55146000000000E-01, -4.67386661856060E-01,  1.40050000000003E+02,  1.53431264685772E+02,  2.47331730093594E+02
 1.94491666700000E+03, -2.30627055943333E-01,  7.36000000000000E-02, -4.71281668177248E-01,  1.40230000000003E+02,  2.18896933449294E+02,  2.33615239982608E+02
 1.94500000000000E+03, -2.55940785788929E-01, -1.60488000000000E-01, -4.75086728717359E-01,  1.40410000000003E+02,  2.93611308933880E+02,  2.44313117283472E+02
 1.94508333300000E+03, -2.24268538487620E-01, -3.37603000000000E-01, -4.78774113263506E-01,  1.40590000000003E+02,  2.34314619813554E+02,  1.67396191475800E+02
 1.94516666700000E+03, -1.44924549073731E-01, -6.83119000000000E-01, -4.82317083847523E-01,  1.40770000000003E+02,  3.32970583654663E+02,  2.51858700878445E+02
 1.94525000000000E+03, -3.86171592212150E-02, -6.99217000000000E-01, -4.44787676927490E-01,  1.40950000000003E+02,  5.49081989115136E+02,  5.12710572999408E+02
 1.94533333300000E+03,  1.41208238917920E-02, -6.19770000000000E-01, -4.48624922394646E-01,  1.41130000000003E+02,  5.46695891684844E+02,  6.15802471199716E+02
 1.94541666700000E+03,  1.04337004765003E-02, -6.47127000000000E-01, -4.52545172910623E-01,  1.41310000000003E+02,  5.06474580309996E+02,  6.03835415671532E+02
 1.94550000000000E+03, -3.23659302735552E-02, -4.00970000000000E-01, -4.56517064639544E-01,  1.41490000000003E+02,  6.13813224158808E+02,  6.49962543324278E+02
 1.94558333300000E+03, -8.05445511443120E-02, -3.78517000000000E-01, -4.60509586384277E-01,  1.41670000000003E+02,  5.71307734745307E+02,  5.60314564686733E+02
 1.94566666700000E+03, -1.40637550293758E-01, -3.12883000000000E-01, -4.64492206033497E-01,  1.41850000000003E+02,  3.51587223179763E+02,  3.16123099925657E+02
 1.94575000000000E+03, -2.20019773354431E-01, -2.78162000000000E-01, -4.71359207402160E-01,  1.42030000000003E+02,  2.62165086780235E+02,  2.01215275909925E+02
 1.94583333300000E+03, -2.96041118001748E-01, -1.05925000000000E-01, -4.75162170475868E-01,  1.42210000000003E+02,  2.58143493696196E+02,  1.91964207699458E+02
 1.94591666700000E+03, -3.49702266755980E-01, -2.40086000000000E-01, -4.78846909495453E-01,  1.42390000000003E+02,  1.95271640783449E+02,  1.52748476612916E+02
 1.94600000000000E+03, -3.69975109817615E-01, -2.08418000000000E-01, -4.82386707391341E-01,  1.42570000000003E+02,  2.13543725549495E+02,  2.49675338729831E+02
 1.94608333300000E+03, -3.07095755366929E-01, -1.00122000000000E-01, -4.85755929754995E-01,  1.42750000000003E+02,  2.90026453893753E+02,  4.77191214234708E+02
 1.94616666700000E+03, -1.68334451864297E-01, -1.68459000000000E-01, -4.88930106107301E-01,  1.42930000000003E+02,  2.78344402463425E+02,  5.60009279614018E+02
 1.94625000000000E+03,  3.79932195348415E-02, -7.13000000000000E-02, -7.57794703549340E-01,  1.43110000000003E+02,  3.50349247619130E+02,  5.54406282706503E+02
 1.94633333300000E+03,  1.91691870016761E-01,  6.51000000000000E-02, -7.48237143178575E-01,  1.43290000000003E+02,  5.14292791357312E+02,  5.86408371007197E+02
 1.94641666700000E+03,  2.93062616089560E-01,  4.71092000000000E-01, -7.38198324357470E-01,  1.43470000000003E+02,  4.79006455456406E+02,  4.43236851652315E+02
 1.94650000000000E+03,  3.37519852494022E-01,  2.71580000000000E-01, -7.27720150638541E-01,  1.43650000000003E+02,  4.06551939788396E+02,  2.01147323553927E+02
 1.94658333300000E+03,  3.65470875627962E-01,  1.17813000000000E-01, -7.16846564685344E-01,  1.43830000000003E+02,  5.53642664427038E+02,  2.17068037379626E+02
 1.94666666700000E+03,  3.52334078418917E-01,  3.76068000000000E-01, -7.05623230099928E-01,  1.44010000000003E+02,  6.29096861620318E+02,  3.57104668340156E+02
 1.94675000000000E+03,  2.88031948262485E-01,  2.46538000000000E-01, -6.89877402025976E-01,  1.44190000000003E+02,  5.13370251519171E+02,  3.50756930492979E+02
 1.94683333300000E+03,  1.88021282550059E-01,  1.71875000000000E-01, -6.78017058288298E-01,  1.44370000000003E+02,  4.81434298928514E+02,  3.18086145259865E+02
 1.94691666700000E+03,  7.79850928452515E-02,  5.75523000000000E-01, -6.65968854404649E-01,  1.44550000000003E+02,  4.89049170070015E+02,  3.14612869507050E+02
 1.94700000000000E+03, -3.17461462494591E-02,  3.54633000000000E-01, -6.53782250459286E-01,  1.44730000000003E+02,  3.45152788914335E+02,  2.14433872853143E+02
 1.94708333300000E+03, -1.41622672295644E-01, -9.45000000000000E-02, -6.41506749913931E-01,  1.44910000000003E+02,  1.69351186942749E+02,  7.86237586387543E+01
 1.94716666700000E+03, -2.46557652040374E-01,  3.10921000000000E-01, -6.29191606479697E-01,  1.45090000000003E+02,  9.49478228195316E+01,  2.83851566899144E+01
 1.94725000000000E+03, -3.21527961532727E-01,  3.12000000000000E-02, -8.07573233755359E-01,  1.45270000000003E+02,  7.39193865051730E+01,  2.70308475872439E+01
 1.94733333300000E+03, -3.42781354754023E-01, -5.34000000000000E-02, -8.02223516085322E-01,  1.45450000000003E+02,  1.14061620117668E+02,  9.35958250719936E+01
 1.94741666700000E+03, -3.05409737314505E-01,  5.24033000000000E-01, -7.96184207389726E-01,  1.45630000000003E+02,  2.38045156038332E+02,  3.17956732554527E+02
 1.94750000000000E+03, -2.22176148253995E-01, -2.04071000000000E-01, -7.89475193582041E-01,  1.45810000000003E+02,  2.94121154010718E+02,  5.18732714461833E+02
 1.94758333300000E+03, -1.25970416918879E-01,  4.33000000000000E-03, -7.82120367413194E-01,  1.45990000000003E+02,  2.78711023403594E+02,  5.31047642157077E+02
 1.94766666700000E+03, -3.94682580075736E-02, -5.13103000000000E-01, -7.74147380625641E-01,  1.46170000000003E+02,  4.04163427048645E+02,  5.89766662029740E+02
 1.94775000000000E+03,  2.52852092848340E-02, -6.25483000000000E-01, -7.71732641078591E-01,  1.46350000000003E+02,  5.26704873977613E+02,  6.87529255372652E+02
 1.94783333300000E+03,  9.30392119090312E-02, -7.02694000000000E-01, -7.63009273922255E-01,  1.46530000000003E+02,  4.34748616336391E+02,  5.29217890884791E+02
 1.94791666700000E+03,  1.80447537240846E-01,  7.88000000000000E-02, -7.53743737955551E-01,  1.46710000000003E+02,  3.82321967706456E+02,  3.25093449167564E+02
 1.94800000000000E+03,  2.80940327718496E-01,  1.27644000000000E-01, -7.43974103282697E-01,  1.46890000000003E+02,  4.14454210187924E+02,  3.06544819791070E+02
 1.94808333300000E+03,  3.12926520362200E-01, -1.44821000000000E-01, -7.33740970725292E-01,  1.47070000000003E+02,  2.90422219208011E+02,  2.68875955303349E+02
 1.94816666700000E+03,  2.52665884631796E-01,  3.68952000000000E-01, -7.23087160077917E-01,  1.47250000000003E+02,  1.86197177354753E+02,  2.10638317690788E+02
 1.94825000000000E+03,  1.14191122875743E-01,  2.02723000000000E-01, -4.64028504492719E-01,  1.47430000000003E+02,  2.33636686336103E+02,  2.02765382778990E+02
 1.94833333300000E+03,  2.71940731493335E-02,  5.46200000000000E-01, -4.58348705964313E-01,  1.47610000000003E+02,  2.42489972037085E+02,  2.53961065474761E+02
 1.94841666700000E+03,  1.95640774850765E-02,  5.32993000000000E-01, -4.52353079490038E-01,  1.47790000000003E+02,  2.76662731780169E+02,  6.02143701778945E+02
 1.94850000000000E+03,  8.96181262647305E-02, -2.15000000000000E-02, -4.46054945557335E-01,  1.47970000000003E+02,  3.85906231249886E+02,  1.04146922751203E+03
 1.94858333300000E+03,  1.68702665237725E-01, -5.53000000000000E-02, -4.39468445232062E-01,  1.48150000000003E+02,  3.83880546247326E+02,  1.10496998401015E+03
 1.94866666700000E+03,  2.31411835140756E-01, -3.07000000000000E-02, -4.32608472386257E-01,  1.48330000000003E+02,  3.67519488596033E+02,  1.07650645252157E+03
 1.94875000000000E+03,  2.75215527988454E-01, -1.29953000000000E-01, -4.33354340481985E-01,  1.48510000000003E+02,  4.97823110366132E+02,  1.18198095372140E+03
 1.94883333300000E+03,  3.14523854307760E-01, -1.41125000000000E-01, -4.26263277544288E-01,  1.48690000000003E+02,  5.77354245988693E+02,  1.01337018265137E+03
 1.94891666700000E+03,  3.74708962718503E-01, -4.67000000000000E-02, -4.18928755763346E-01,  1.48870000000003E+02,  4.94412858150203E+02,  6.16147175172438E+02
 1.94900000000000E+03,  4.49044063919217E-01, -4.15000000000000E-02, -4.11367460275899E-01,  1.49050000000003E+02,  4.48471033147482E+02,  4.53372251050103E+02
 1.94908333300000E+03,  4.01683587516699E-01,  4.41248000000000E-01, -4.03596561242321E-01,  1.49230000000003E+02,  4.69891611484044E+02,  4.88724684634096E+02
 1.94916666700000E+03,  1.96641673781679E-01, -2.82999000000000E-01, -3.95633645318062E-01,  1.49410000000003E+02,  3.72436510335367E+02,  4.20896320164417E+02
 1.94925000000000E+03, -1.67223171572964E-01,  4.62000000000000E-02, -4.95813722785589E-01,  1.49590000000003E+02,  2.27850725921684E+02,  2.67196310179337E+02
 1.94933333300000E+03, -4.46877999912549E-01, -1.08320000000000E-01, -4.98136589030917E-01,  1.49770000000003E+02,  2.03876469363901E+02,  2.02339832720132E+02
 1.94941666700000E+03, -6.08577096907134E-01, -4.04888000000000E-01, -5.00170856098634E-01,  1.49950000000003E+02,  1.86342699458691E+02,  2.00358731539659E+02
 1.94950000000000E+03, -6.36575672469346E-01, -2.21310000000000E-01, -5.01899545464478E-01,  1.50130000000003E+02,  1.38849995645825E+02,  2.12626630441265E+02
 1.94958333300000E+03, -6.50729772490685E-01, -8.97000000000000E-03, -5.03307188901528E-01,  1.50310000000003E+02,  1.68809817394888E+02,  2.79884295034624E+02
 1.94966666700000E+03, -6.66781293293336E-01, -6.75112000000000E-01, -5.04379854450961E-01,  1.50490000000003E+02,  1.81716594963146E+02,  2.97554188024462E+02
 1.94975000000000E+03, -6.92602633114378E-01, -5.57102000000000E-01, -5.05454558871821E-01,  1.50670000000003E+02,  2.07509288404980E+02,  3.55675728069415E+02
 1.94983333300000E+03, -7.13531638357390E-01, -1.11460000000000E+00, -5.05487075204106E-01,  1.50850000000003E+02,  4.03559941280096E+02,  7.18736437727399E+02
 1.94991666700000E+03, -7.09927748014501E-01, -7.71635000000000E-01, -5.05145138683326E-01,  1.51030000000003E+02,  5.52875443603521E+02,  1.04958380078556E+03
 1.95000000000000E+03, -6.73168950902047E-01, -5.51647000000000E-01, -5.04422510374361E-01,  1.51210000000003E+02,  5.13249008292177E+02,  1.01716477477461E+03
 1.95008333300000E+03, -6.12398431568976E-01, -1.05574000000000E+00, -5.03314503595190E-01,  1.51390000000003E+02,  5.28779281338348E+02,  1.00493438314233E+03
 1.95016666700000E+03, -5.51054131479760E-01, -8.39678000000000E-01, -5.01817965383412E-01,  1.51570000000003E+02,  5.57416445841414E+02,  1.02035348724065E+03
 1.95025000000000E+03, -5.16198315225091E-01, -6.59857000000000E-01, -8.06928030058741E-01,  1.51750000000003E+02,  3.80137800271832E+02,  6.67555066881492E+02
 1.95033333300000E+03, -5.18393550218585E-01, -7.01941000000000E-01, -8.11004636881097E-01,  1.51930000000003E+02,  1.91695811722989E+02,  2.57082902497991E+02
 1.95041666700000E+03, -5.48749338514310E-01, -4.81216000000000E-01, -8.14650179243652E-01,  1.52110000000003E+02,  1.56991178521241E+02,  1.54016345521841E+02
 1.95050000000000E+03, -5.79717454758746E-01, -8.14001000000000E-01, -8.17814079092387E-01,  1.52290000000003E+02,  1.25853576262301E+02,  1.82627259935564E+02
 1.95058333300000E+03, -6.04104006696562E-01, -7.98618000000000E-01, -8.20450089524276E-01,  1.52470000000003E+02,  1.54951472197290E+02,  3.79066572830919E+02
 1.95066666700000E+03, -6.27215694715989E-01, -7.60942000000000E-01, -8.22516520604493E-01,  1.52650000000003E+02,  3.45099360439133E+02,  7.73939870844318E+02
 1.95075000000000E+03, -6.57450220360651E-01, -8.90703000000000E-01, -8.24445229135876E-01,  1.52830000000003E+02,  4.54806154846373E+02,  9.77257589521329E+02
 1.95083333300000E+03, -6.81491159017179E-01, -1.26554000000000E+00, -8.24955594451630E-01,  1.53010000000003E+02,  4.62190067872166E+02,  9.60955756448233E+02
 1.95091666700000E+03, -6.78634520293578E-01, -6.68575000000000E-01, -8.24789309584423E-01,  1.53190000000003E+02,  5.95700038361599E+02,  1.00959972565952E+03
 1.95100000000000E+03, -6.37231410145656E-01, -1.12310000000000E+00, -8.23926786560525E-01,  1.53370000000003E+02,  6.37471952667774E+02,  9.20583534029494E+02
 1.95108333300000E+03, -5.16806895559535E-01, -9.13181000000000E-01, -8.22353538368049E-01,  1.53550000000003E+02,  4.27105346759911E+02,  5.56505725850072E+02
 1.95116666700000E+03, -3.42126846924577E-01, -6.93699000000000E-01, -8.20060157429373E-01,  1.53730000000003E+02,  3.76191530820069E+02,  3.83905014853967E+02
 1.95125000000000E+03, -1.49696836452689E-01, -4.32688000000000E-01, -7.66889819163398E-01,  1.53910000000003E+02,  5.57396726495767E+02,  5.88121854620781E+02
 1.95133333300000E+03, -5.42310584438630E-02, -1.10281000000000E-01, -7.72198546701345E-01,  1.54090000000003E+02,  5.70805120891312E+02,  7.81957086833982E+02
 1.95141666700000E+03, -4.98998038875081E-02, -2.47107000000000E-01, -7.77585419835562E-01,  1.54270000000003E+02,  4.52477337886480E+02,  8.18153584976462E+02
 1.95150000000000E+03, -1.06641301418334E-01,  1.37980000000000E-01, -7.82978004761183E-01,  1.54450000000003E+02,  4.42599270410952E+02,  8.50337809842394E+02
 1.95158333300000E+03, -1.57607678091354E-01,  3.32842000000000E-01, -7.88305152440343E-01,  1.54630000000003E+02,  4.00110259219454E+02,  8.32927795378114E+02
 1.95166666700000E+03, -2.07313548245339E-01,  2.92877000000000E-01, -7.93497499014007E-01,  1.54810000000003E+02,  2.21952689506231E+02,  6.34767745456858E+02
 1.95175000000000E+03, -2.63388774826425E-01,  3.10078000000000E-01, -7.93413748780027E-01,  1.54990000000003E+02,  9.33194771170305E+01,  3.36110911447017E+02
 1.95183333300000E+03, -3.26372820571544E-01,  4.14425000000000E-01, -7.98408028275472E-01,  1.55170000000003E+02,  7.60962575853579E+01,  1.23739371320070E+02
 1.95191666700000E+03, -3.76368137166946E-01,  4.61535000000000E-01, -8.03137024127768E-01,  1.55350000000003E+02,  8.31702978735448E+01,  6.46942390898415E+01
 1.95200000000000E+03, -4.02336635433833E-01,  3.70363000000000E-01, -8.07539379202272E-01,  1.55530000000003E+02,  1.52380425321341E+02,  1.12683087627315E+02
 1.95208333300000E+03, -3.16430994426309E-01,  1.68228000000000E-01, -8.11557208517457E-01,  1.55710000000003E+02,  2.64664901960191E+02,  2.05754450585813E+02
 1.95216666700000E+03, -1.30024969791649E-01, -2.05000000000000E-02, -8.15136435451788E-01,  1.55890000000003E+02,  2.87676949546534E+02,  2.63980619140997E+02
 1.95225000000000E+03,  1.32834997874835E-01,  3.46422000000000E-01, -3.65214968409750E-01,  1.56070000000003E+02,  2.96408930637161E+02,  2.69900367771392E+02
 1.95233333300000E+03,  2.81269135382591E-01,  1.22690000000000E-01, -3.56598419061484E-01,  1.56250000000003E+02,  3.40481520657875E+02,  2.63724521325375E+02
 1.95241666700000E+03,  3.07618682248239E-01, -1.47966000000000E-01, -3.47893870859351E-01,  1.56430000000003E+02,  2.58845552335903E+02,  1.99694901430832E+02
 1.95250000000000E+03,  2.29092682992688E-01, -2.52161000000000E-01, -3.39120001938042E-01,  1.56610000000003E+02,  1.72914695324162E+02,  1.23822148060064E+02
 1.95258333300000E+03,  1.53999503840624E-01, -1.50518000000000E-01, -3.30295417117080E-01,  1.56790000000003E+02,  2.86976829853402E+02,  2.06568007563901E+02
 1.95266666700000E+03,  7.97846782788986E-02,  2.03728000000000E-01, -3.21438590940823E-01,  1.56970000000003E+02,  3.95651321383110E+02,  3.89175690136804E+02
 1.95275000000000E+03,  9.76310013106774E-04,  4.31000000000000E-02, -3.23118009030746E-01,  1.57150000000003E+02,  3.97017607387327E+02,  5.30555450932654E+02
 1.95283333300000E+03, -9.69662035107991E-02, -1.75135000000000E-01, -3.14248480046175E-01,  1.57330000000003E+02,  4.50012800328075E+02,  6.65614178752927E+02
 1.95291666700000E+03, -1.90626464366448E-01, -1.54856000000000E-01, -3.05379651779766E-01,  1.57510000000003E+02,  4.77819673493168E+02,  7.70737267844860E+02
 1.95300000000000E+03, -2.63533630789232E-01,  3.86223000000000E-01, -2.96529346138182E-01,  1.57690000000003E+02,  4.14465581759905E+02,  7.98659387995774E+02
 1.95308333300000E+03, -2.63385806962603E-01,  3.24000000000000E-02, -2.87715057940777E-01,  1.57870000000003E+02,  4.17179697790917E+02,  8.19718280528387E+02
 1.95316666700000E+03, -1.99876565350213E-01,  3.17991000000000E-01, -2.78953909028519E-01,  1.58050000000003E+02,  4.57313460070969E+02,  8.11847076855470E+02
 1.95325000000000E+03, -9.68227369003828E-02,  4.92062000000000E-01, -4.50878755161945E-01,  1.58230000000003E+02,  4.14122710739950E+02,  7.11526232249340E+02
 1.95333333300000E+03, -4.43819957268417E-02,  2.84239000000000E-01, -4.54832609974171E-01,  1.58410000000003E+02,  3.80348129272265E+02,  5.81541165581293E+02
 1.95341666700000E+03, -4.84444726556066E-02,  2.73563000000000E-01, -4.58820161584323E-01,  1.58590000000003E+02,  3.81867316683386E+02,  4.68938416590279E+02
 1.95350000000000E+03, -9.30389536739640E-02,  2.87670000000000E-01, -4.62810660161264E-01,  1.58770000000004E+02,  2.90865803337112E+02,  3.57946404411489E+02
 1.95358333300000E+03, -1.43520482588466E-01,  1.88131000000000E-01, -4.66773905260753E-01,  1.58950000000004E+02,  1.98902071903757E+02,  2.73087676991756E+02
 1.95366666700000E+03, -2.05808141261887E-01,  4.84077000000000E-01, -4.70680362819506E-01,  1.59130000000004E+02,  2.42138831881999E+02,  2.48700608160986E+02
 1.95375000000000E+03, -2.86100756629768E-01,  1.63248000000000E-01, -4.77977419135593E-01,  1.59310000000004E+02,  2.39066767463869E+02,  2.56419579307543E+02
 1.95383333300000E+03, -3.60507482320934E-01,  3.19685000000000E-01, -4.81554274127459E-01,  1.59490000000004E+02,  1.48333730125899E+02,  2.74132665787445E+02
 1.95391666700000E+03, -4.10917973705621E-01,  1.75000000000000E-02, -4.84966584461222E-01,  1.59670000000004E+02,  2.03999386026719E+02,  3.15377356087943E+02
 1.95400000000000E+03, -4.33225882819484E-01,  3.11203000000000E-01, -4.88189594146611E-01,  1.59850000000004E+02,  3.11988987421643E+02,  3.43422391314308E+02
 1.95408333300000E+03, -4.55247353154237E-01,  1.34188000000000E-01, -4.91199767996899E-01,  1.60030000000004E+02,  3.61446374662330E+02,  5.03904714096714E+02
 1.95416666700000E+03, -4.94301219859152E-01,  8.17000000000000E-02, -4.93974859832816E-01,  1.60210000000004E+02,  6.24646534684568E+02,  1.10774696103420E+03
 1.95425000000000E+03, -5.54324520171871E-01,  1.40522000000000E-01, -8.24136077382037E-01,  1.60390000000004E+02,  1.01909948115853E+03,  1.87363785690605E+03
 1.95433333300000E+03, -6.08594973198583E-01, -3.31000000000000E-02, -8.24862264870269E-01,  1.60570000000004E+02,  1.17061956597495E+03,  2.19882245311892E+03
 1.95441666700000E+03, -6.36734999331326E-01, -3.32428000000000E-01, -8.24919300648412E-01,  1.60750000000004E+02,  1.19587631163751E+03,  2.23289393545896E+03
 1.95450000000000E+03, -6.32395352186610E-01, -5.25171000000000E-01, -8.24285932653560E-01,  1.60930000000004E+02,  1.22625083853027E+03,  2.22094457319868E+03
 1.95458333300000E+03, -6.06310037227623E-01, -5.33287000000000E-01, -8.22946009115924E-01,  1.61110000000004E+02,  1.02597319816919E+03,  1.76709051887632E+03
 1.95466666700000E+03, -5.76823483690171E-01, -6.12913000000000E-01, -8.20888468584825E-01,  1.61290000000004E+02,  6.68406357704056E+02,  9.64870334414837E+02
 1.95475000000000E+03, -5.47946831726284E-01, -5.94843000000000E-01, -8.16678068332792E-01,  1.61470000000004E+02,  4.77281028823313E+02,  5.10113912033293E+02
 1.95483333300000E+03, -5.11810066546666E-01, -7.70975000000000E-01, -8.12859319692679E-01,  1.61650000000004E+02,  4.04167657641481E+02,  4.12009087682813E+02
 1.95491666700000E+03, -4.47242843957033E-01, -4.39917000000000E-01, -8.08322820379618E-01,  1.61830000000004E+02,  2.79599738739903E+02,  2.68584534774802E+02
 1.95500000000000E+03, -3.62006217363455E-01, -5.39778000000000E-01, -8.03079090019026E-01,  1.62010000000004E+02,  1.82252401482074E+02,  1.46601156070229E+02
 1.95508333300000E+03, -3.12647037396109E-01, -8.46941000000000E-01, -7.97143118953921E-01,  1.62190000000004E+02,  1.43435642985961E+02,  1.87557685874471E+02
 1.95516666700000E+03, -3.40890342538758E-01, -5.93559000000000E-01, -7.90534165387978E-01,  1.62370000000004E+02,  9.38181203498088E+01,  3.15364722187788E+02
 1.95525000000000E+03, -4.46787351359425E-01, -8.33668000000000E-01, -8.20370451842649E-01,  1.62550000000004E+02,  1.31592703773020E+02,  5.36278482918389E+02
 1.95533333300000E+03, -5.51362947948378E-01, -7.81080000000000E-01, -8.22456671054779E-01,  1.62730000000004E+02,  2.65259590990212E+02,  8.13370115534865E+02
 1.95541666700000E+03, -6.15970782916227E-01, -6.69607000000000E-01, -8.23937528356952E-01,  1.62910000000004E+02,  3.09805685503655E+02,  9.65545570720584E+02
 1.95550000000000E+03, -6.28882535249345E-01, -9.15390000000000E-01, -8.24780800709507E-01,  1.63090000000004E+02,  3.39052284429887E+02,  9.80428375448396E+02
 1.95558333300000E+03, -6.23120115424536E-01, -6.23737000000000E-01, -8.24959259909426E-01,  1.63270000000004E+02,  4.69983495857778E+02,  9.44828284656374E+02
 1.95566666700000E+03, -6.16705020518774E-01, -7.24222000000000E-01, -8.24450743125987E-01,  1.63450000000004E+02,  4.92310642182519E+02,  7.92802581556296E+02
 1.95575000000000E+03, -6.15501411940550E-01, -1.31119000000000E+00, -8.24325882800249E-01,  1.63630000000004E+02,  4.00707865983420E+02,  5.44140726678767E+02
 1.95583333300000E+03, -6.10416962268085E-01, -1.21951000000000E+00, -8.23015317848896E-01,  1.63810000000004E+02,  4.37211909159237E+02,  3.86677069950279E+02
 1.95591666700000E+03, -5.82704255049530E-01, -1.13655000000000E+00, -8.20987491501518E-01,  1.63990000000004E+02,  4.90848045932079E+02,  3.51655643469899E+02
 1.95600000000000E+03, -5.22339441344601E-01, -8.73308000000000E-01, -8.18236181242839E-01,  1.64170000000004E+02,  3.96915100733420E+02,  3.49122253366478E+02
 1.95608333300000E+03, -4.26594756037860E-01, -9.24023000000000E-01, -8.14760135684869E-01,  1.64350000000004E+02,  3.10247493591866E+02,  3.48799017563055E+02
 1.95616666700000E+03, -3.21527749979484E-01, -7.83228000000000E-01, -8.10562966082932E-01,  1.64530000000004E+02,  2.72997767219070E+02,  3.16446280178597E+02
 1.95625000000000E+03, -2.37925777492248E-01, -4.89918000000000E-01, -4.66555331602668E-01,  1.64710000000004E+02,  1.99505125473618E+02,  3.30083087315728E+02
 1.95633333300000E+03, -2.13280717192644E-01, -5.27050000000000E-01, -4.70465699278561E-01,  1.64890000000004E+02,  2.18669243851901E+02,  5.51165426047230E+02
 1.95641666700000E+03, -2.37110963336432E-01, -7.98258000000000E-01, -4.74292094963621E-01,  1.65070000000004E+02,  3.69928408412857E+02,  8.43453966001343E+02
 1.95650000000000E+03, -2.81946660371678E-01, -6.86691000000000E-01, -4.78006590932729E-01,  1.65250000000004E+02,  4.52523457018532E+02,  1.01779417408608E+03
 1.95658333300000E+03, -3.21837673470898E-01, -5.54298000000000E-01, -4.81582232053922E-01,  1.65430000000004E+02,  5.10080961125096E+02,  1.31606625366445E+03
 1.95666666700000E+03, -3.62773829267694E-01, -8.21873000000000E-01, -4.84993126016766E-01,  1.65610000000004E+02,  7.03549679613029E+02,  1.83883677092163E+03
 1.95675000000000E+03, -4.12039250718329E-01, -7.05492000000000E-01, -4.86007760486169E-01,  1.65790000000004E+02,  8.00179109602990E+02,  2.09083331780462E+03
 1.95683333300000E+03, -4.64852298028961E-01, -5.93645000000000E-01, -4.89165926943124E-01,  1.65970000000004E+02,  6.47995056363746E+02,  1.87261891503081E+03
 1.95691666700000E+03, -4.99512836873423E-01, -3.51646000000000E-01, -4.92104077809128E-01,  1.66150000000004E+02,  5.49415933630811E+02,  1.61427166452630E+03
 1.95700000000000E+03, -5.07939051163104E-01, -7.78000000000000E-02, -4.94800387666452E-01,  1.66330000000004E+02,  5.52540053240342E+02,  1.39014182457611E+03
 1.95708333300000E+03, -4.30617929595227E-01,  6.29000000000000E-02, -4.97234398476851E-01,  1.66510000000004E+02,  3.96071779483928E+02,  9.08153040296576E+02
 1.95716666700000E+03, -2.82516941558233E-01,  4.25000000000000E-02, -4.99387070460993E-01,  1.66690000000004E+02,  1.96593527443729E+02,  3.98425766027061E+02
 1.95725000000000E+03, -7.04645208870702E-02,  3.79473000000000E-01, -4.55755105442421E-01,  1.66870000000004E+02,  1.70071323502578E+02,  2.35875739220725E+02
 1.95733333300000E+03,  8.43110562757086E-02,  5.49219000000000E-01, -4.49418959940449E-01,  1.67050000000004E+02,  1.93780820205149E+02,  2.34537357555376E+02
 1.95741666700000E+03,  1.89821297342951E-01,  9.49000000000000E-02, -4.43642456427439E-01,  1.67230000000004E+02,  1.87938789172591E+02,  1.57096533750498E+02
 1.95750000000000E+03,  2.47999028505244E-01,  2.45539000000000E-01, -4.38430880590985E-01,  1.67410000000004E+02,  2.08944680760922E+02,  1.01389255777102E+02
 1.95758333300000E+03,  3.07871288271708E-01,  3.19033000000000E-01, -4.33786645418922E-01,  1.67590000000004E+02,  2.28970843175202E+02,  1.20244364909712E+02
 1.95766666700000E+03,  3.53764087661765E-01,  4.70457000000000E-01, -4.29709345886705E-01,  1.67770000000004E+02,  3.20938947601199E+02,  2.19411666039828E+02
 1.95775000000000E+03,  3.76891977727104E-01,  5.78247000000000E-01, -4.24537863971769E-01,  1.67950000000004E+02,  5.80471691749860E+02,  5.22090498258177E+02
 1.95783333300000E+03,  3.91420323161321E-01,  7.40526000000000E-01, -4.21878976455857E-01,  1.68130000000004E+02,  8.18453343580772E+02,  9.69525339907664E+02
 1.95791666700000E+03,  4.13995887473738E-01,  7.42594000000000E-01, -4.19764090407750E-01,  1.68310000000004E+02,  9.28662807884033E+02,  1.30281239657075E+03
 1.95800000000000E+03,  4.50795684140681E-01,  1.19963000000000E+00, -4.18181038714714E-01,  1.68490000000004E+02,  1.08169931306001E+03,  1.42198229155002E+03
 1.95808333300000E+03,  4.70116326388853E-01,  1.21177000000000E+00, -4.17115352597820E-01,  1.68670000000004E+02,  1.15344497535817E+03,  1.34373295233660E+03
 1.95816666700000E+03,  4.55753712044349E-01,  1.04459000000000E+00, -4.16550386062831E-01,  1.68850000000004E+02,  9.08495301318080E+02,  1.08728012909460E+03
 1.95825000000000E+03,  4.09511842702095E-01,  5.50022000000000E-01, -7.49998779967001E-01,  1.69030000000004E+02,  6.45433530150498E+02,  8.03091836301332E+02
 1.95833333300000E+03,  3.79787412751135E-01,  6.50061000000000E-01, -7.40043779956276E-01,  1.69210000000004E+02,  6.08949461465068E+02,  6.32709578534873E+02
 1.95841666700000E+03,  3.76441708054633E-01,  4.13992000000000E-01, -7.29641702656770E-01,  1.69390000000004E+02,  5.37578361068767E+02,  5.73522109768659E+02
 1.95850000000000E+03,  3.95866726142221E-01,  2.12360000000000E-01, -7.18836146189098E-01,  1.69570000000004E+02,  3.86874553625657E+02,  5.99837149408306E+02
 1.95858333300000E+03,  3.98023695526279E-01,  4.80133000000000E-01, -7.07672487190363E-01,  1.69750000000004E+02,  3.48262130377313E+02,  6.31601768581427E+02
 1.95866666700000E+03,  3.63384197957208E-01,  3.83000000000000E-03, -6.96197561434233E-01,  1.69930000000004E+02,  3.34327811877172E+02,  6.46808890861033E+02
 1.95875000000000E+03,  2.78010759524737E-01,  2.20387000000000E-01, -6.82321044837314E-01,  1.70110000000004E+02,  3.14568048019535E+02,  7.98966943699401E+02
 1.95883333300000E+03,  1.59627713276571E-01,  3.05984000000000E-01, -6.70334937183784E-01,  1.70290000000004E+02,  4.19728157757817E+02,  1.03463541366028E+03
 1.95891666700000E+03,  3.25285682875565E-02,  5.31214000000000E-01, -6.58192561433532E-01,  1.70470000000004E+02,  5.39424007965815E+02,  1.10998848386488E+03
 1.95900000000000E+03, -7.18037262717383E-02,  4.33023000000000E-01, -6.45943439689252E-01,  1.70650000000004E+02,  5.56184982557860E+02,  1.03837007178683E+03
 1.95908333300000E+03, -1.20780509545558E-01,  4.37178000000000E-01, -6.33636948971707E-01,  1.70830000000004E+02,  5.78367456514554E+02,  8.87189413326138E+02
 1.95916666700000E+03, -1.06933249199768E-01,  2.84231000000000E-01, -6.21322034471718E-01,  1.71010000000004E+02,  5.64071817069855E+02,  5.91052584386331E+02
 1.95925000000000E+03, -4.17755198448449E-02,  2.87382000000000E-01, -4.61254288051950E-01,  1.71190000000004E+02,  3.79255084395495E+02,  2.78537517012863E+02
 1.95933333300000E+03,  2.80938842625030E-02,  2.81710000000000E-01, -4.54473645627822E-01,  1.71370000000004E+02,  2.64044497629189E+02,  1.75832436713459E+02
 1.95941666700000E+03,  9.60061852573234E-02, -1.60368000000000E-01, -4.48246278230578E-01,  1.71550000000004E+02,  4.51918428064404E+02,  2.31882528478264E+02
 1.95950000000000E+03,  1.58363709801606E-01, -2.70000000000000E-02, -4.42579813342497E-01,  1.71730000000004E+02,  6.19889140727805E+02,  2.37558065629628E+02
 1.95958333300000E+03,  2.19913077396800E-01,  1.28363000000000E-01, -4.37478971792487E-01,  1.71910000000004E+02,  5.54751529243278E+02,  1.87803380154634E+02
 1.95966666700000E+03,  2.63409596561626E-01,  7.25000000000000E-02, -4.32945611325743E-01,  1.72090000000004E+02,  5.51651486216744E+02,  1.89725006306696E+02
 1.95975000000000E+03,  2.85096494528121E-01,  5.25000000000000E-03, -4.31759145790961E-01,  1.72270000000004E+02,  5.85038521551620E+02,  1.90006750759093E+02
 1.95983333300000E+03,  3.01250034589961E-01, -1.90975000000000E-01, -4.27952989724409E-01,  1.72450000000004E+02,  4.23019907297628E+02,  3.40373129703175E+02
 1.95991666700000E+03,  3.31818765910516E-01, -1.56406000000000E-01, -4.24708146023468E-01,  1.72630000000004E+02,  3.89331640424434E+02,  9.81513126182461E+02
 1.96000000000000E+03,  3.78197653583324E-01, -2.83108000000000E-01, -4.22017539525066E-01,  1.72810000000004E+02,  6.60160063666145E+02,  1.75767351251024E+03
 1.96008333300000E+03,  3.07074072622688E-01, -3.97972000000000E-01, -4.19871564000301E-01,  1.72990000000004E+02,  8.34762362050345E+02,  2.07399636565280E+03
 1.96016666700000E+03,  9.14440248295872E-02, -2.82038000000000E-01, -4.18258188812387E-01,  1.73170000000004E+02,  8.58769492126772E+02,  2.11804204047267E+03
 1.96025000000000E+03, -2.70445046052817E-01,  1.65000000000000E-02, -5.05068652237879E-01,  1.73350000000004E+02,  9.42554996048258E+02,  1.98888897708322E+03
 1.96033333300000E+03, -5.35464640745795E-01, -6.01000000000000E-02, -5.05459468141520E-01,  1.73530000000004E+02,  8.74316311346308E+02,  1.34463378301707E+03
 1.96041666700000E+03, -6.73784402205135E-01, -2.79207000000000E-01, -5.05483437670225E-01,  1.73710000000004E+02,  5.93293007926366E+02,  5.80817240591727E+02
 1.96050000000000E+03, -6.75068652750513E-01, -2.05660000000000E-01, -5.05132793001846E-01,  1.73890000000004E+02,  4.74020461690033E+02,  3.46727726057739E+02
 1.96058333300000E+03, -6.56965516923316E-01, -2.23448000000000E-01, -5.04401331136851E-01,  1.74070000000004E+02,  5.13864146229230E+02,  4.32895557952518E+02
 1.96066666700000E+03, -6.36961670173420E-01, -1.29763000000000E-01, -5.03284400965245E-01,  1.74250000000004E+02,  4.13961033065410E+02,  4.88135605026962E+02
 1.96075000000000E+03, -6.23340232619194E-01, -8.66000000000000E-02, -5.01401766506101E-01,  1.74430000000004E+02,  2.94540440366551E+02,  5.41359321724280E+02
 1.96083333300000E+03, -6.05952967890633E-01, -1.77334000000000E-01, -4.99421550662755E-01,  1.74610000000004E+02,  3.05238961569291E+02,  5.53753704437220E+02
 1.96091666700000E+03, -5.66526759059597E-01,  2.14535000000000E-01, -4.97051174584568E-01,  1.74790000000004E+02,  2.65414430439644E+02,  5.77540543298207E+02
 1.96100000000000E+03, -4.98256853549114E-01, -1.26278000000000E-01, -4.94292262991933E-01,  1.74970000000004E+02,  2.20158006960792E+02,  8.29432459367591E+02
 1.96108333300000E+03, -3.81342950275958E-01, -8.36000000000000E-02, -4.91147838729785E-01,  1.75150000000004E+02,  3.20287918959431E+02,  1.15257371981068E+03
 1.96116666700000E+03, -2.42429622063366E-01, -2.05488000000000E-01, -4.87622279000089E-01,  1.75330000000004E+02,  3.72378943679503E+02,  1.23585157486640E+03
 1.96125000000000E+03, -1.05279838496404E-01, -2.55747000000000E-01, -4.51366011202500E-01,  1.75510000000004E+02,  3.35695650926804E+02,  1.21896658629355E+03
 1.96133333300000E+03, -4.56416128901970E-02, -1.43150000000000E-01, -4.55325728615778E-01,  1.75690000000004E+02,  4.15962616903330E+02,  1.24520044372799E+03
 1.96141666700000E+03, -5.28961891275460E-02, -8.98000000000000E-02, -4.59315305205826E-01,  1.75870000000004E+02,  5.02779556182543E+02,  1.03976971235970E+03
 1.96150000000000E+03, -1.02316601089496E-01, -2.23190000000000E-01, -4.63304052683417E-01,  1.76050000000004E+02,  4.48606405931207E+02,  6.27828259266072E+02
 1.96158333300000E+03, -1.56401665373671E-01, -1.95427000000000E-01, -4.67261846987500E-01,  1.76230000000004E+02,  4.10755787433445E+02,  4.58897502280885E+02
 1.96166666700000E+03, -2.20330743729880E-01, -2.65503000000000E-01, -4.71159244500054E-01,  1.76410000000004E+02,  4.18739227724354E+02,  5.09089950944832E+02
 1.96175000000000E+03, -3.01737580372107E-01, -4.51424000000000E-01, -4.77834206982835E-01,  1.76590000000004E+02,  3.31185269299892E+02,  4.21986562331703E+02
 1.96183333300000E+03, -3.78322888626755E-01, -3.11575000000000E-01, -4.81416991885544E-01,  1.76770000000004E+02,  2.30213790961419E+02,  2.71113481199291E+02
 1.96191666700000E+03, -4.28413426907502E-01, -4.66616000000000E-01, -4.84836226428053E-01,  1.76950000000004E+02,  2.68961913120255E+02,  2.52108785496167E+02
 1.96200000000000E+03, -4.39124606003558E-01, -6.26438000000000E-01, -4.88067108256145E-01,  1.77130000000004E+02,  3.57303672262251E+02,  2.97035341451716E+02
 1.96208333300000E+03, -3.72140995334842E-01, -3.82591000000000E-01, -4.91086052993468E-01,  1.77310000000004E+02,  3.78389496051446E+02,  3.89786808650275E+02
 1.96216666700000E+03, -2.44456873631141E-01, -4.03299000000000E-01, -4.93870762738270E-01,  1.77490000000004E+02,  3.63057307811235E+02,  5.72540084949591E+02
 1.96225000000000E+03, -8.38847424836819E-02, -1.56368000000000E-01, -4.50100528358060E-01,  1.77670000000004E+02,  2.96098290149955E+02,  7.87993213142750E+02
 1.96233333300000E+03, -4.63962453083681E-04, -3.22481000000000E-01, -4.54043995743908E-01,  1.77850000000004E+02,  2.27770878125950E+02,  1.07524738880678E+03
 1.96241666700000E+03,  6.49643166796082E-03, -9.11000000000000E-02, -4.58027319337607E-01,  1.78030000000004E+02,  3.25848466104177E+02,  1.41011758693523E+03
 1.96250000000000E+03, -4.09259717868962E-02, -2.10470000000000E-01, -4.62019654696333E-01,  1.78210000000004E+02,  4.69493312118227E+02,  1.50244043163681E+03
 1.96258333300000E+03, -8.77848934738745E-02, -1.51438000000000E-01, -4.65990682801188E-01,  1.78390000000004E+02,  4.77445039934568E+02,  1.33573983863203E+03
 1.96266666700000E+03, -1.39968977620342E-01, -3.19353000000000E-01, -4.69910728288840E-01,  1.78570000000004E+02,  4.96723507016456E+02,  1.21295667391905E+03
 1.96275000000000E+03, -2.05285509056320E-01, -2.43464000000000E-01, -4.72974075138111E-01,  1.78750000000004E+02,  5.10400424928945E+02,  1.07488192890318E+03
 1.96283333300000E+03, -2.72774663974510E-01, -1.55655000000000E-01, -4.76730552468635E-01,  1.78930000000004E+02,  3.58872896182130E+02,  8.18828391962023E+02
 1.96291666700000E+03, -3.23461125608927E-01, -3.07917000000000E-01, -4.80357423214303E-01,  1.79110000000004E+02,  2.52908638027726E+02,  7.19981304666004E+02
 1.96300000000000E+03, -3.46124333151799E-01, -3.20198000000000E-01, -4.83828416059838E-01,  1.79290000000004E+02,  3.11761343190460E+02,  7.35508399128156E+02
 1.96308333300000E+03, -2.39935133214333E-01, -2.06442000000000E-01, -4.87118377485625E-01,  1.79470000000004E+02,  3.11013679992270E+02,  5.93192825423506E+02
 1.96316666700000E+03, -1.51263687321551E-02, -1.61209000000000E-01, -4.90203349930949E-01,  1.79650000000004E+02,  2.41259381546575E+02,  4.78705702125638E+02
 1.96325000000000E+03,  3.12265935177561E-01, -3.11000000000000E-02, -9.41454408852299E-02,  1.79830000000004E+02,  2.50342047848748E+02,  4.87825519434339E+02
 1.96333333300000E+03,  5.24217137070918E-01, -6.01000000000000E-02, -9.47311234061990E-02,  1.80010000000004E+02,  2.76589415140015E+02,  3.81572354930619E+02
 1.96341666700000E+03,  6.23726898468828E-01, -2.41016000000000E-01, -9.55111102997894E-02,  1.80190000000004E+02,  2.48492098381630E+02,  2.95291000538986E+02
 1.96350000000000E+03,  6.21845896665375E-01,  2.00230000000000E-01, -9.64767389814157E-02,  1.80370000000004E+02,  2.76069289654259E+02,  4.66343902222182E+02
 1.96358333300000E+03,  6.25315061308885E-01,  4.58832000000000E-01, -9.76191025811809E-02,  1.80550000000004E+02,  3.83994404988756E+02,  6.25655543817494E+02
 1.96366666700000E+03,  6.21766608373731E-01,  3.42417000000000E-01, -9.89290759544204E-02,  1.80730000000004E+02,  3.77145888700553E+02,  5.79212808058893E+02
 1.96375000000000E+03,  6.06919508464387E-01,  5.60337000000000E-01, -9.95844123637970E-02,  1.80910000000004E+02,  2.83887938425387E+02,  6.55849315502939E+02
 1.96383333300000E+03,  5.87354757544309E-01,  5.77875000000000E-01, -1.01122216934763E-01,  1.81090000000004E+02,  3.42488307988672E+02,  9.05709993322930E+02
 1.96391666700000E+03,  5.82934690509903E-01,  5.17805000000000E-01, -1.02804423314826E-01,  1.81270000000004E+02,  3.91054753468524E+02,  8.67804683187733E+02
 1.96400000000000E+03,  5.93659307752700E-01,  4.19283000000000E-01, -1.04621348129334E-01,  1.81450000000004E+02,  2.76981325479522E+02,  6.85844677166129E+02
 1.96408333300000E+03,  5.12279130720329E-01,  3.80768000000000E-01, -1.06563202090168E-01,  1.81630000000004E+02,  2.97979044482693E+02,  8.32460124233704E+02
 1.96416666700000E+03,  3.15127359435454E-01, -1.35668000000000E-01, -1.08620114069553E-01,  1.81810000000004E+02,  3.92485026487247E+02,  8.64615293654015E+02
 1.96425000000000E+03, -2.72231360567986E-03, -7.50000000000000E-02, -1.79644910390177E-01,  1.81990000000004E+02,  2.85994507718617E+02,  6.06864247072139E+02
 1.96433333300000E+03, -2.37428354722730E-01, -2.94930000000000E-01, -1.80521803050364E-01,  1.82170000000004E+02,  2.74568353687317E+02,  8.68242538590084E+02
 1.96441666700000E+03, -3.64942284529483E-01, -5.07856000000000E-01, -1.81255617665189E-01,  1.82350000000004E+02,  4.40240997265171E+02,  1.43515570087132E+03
 1.96450000000000E+03, -3.75411482586549E-01, -5.43831000000000E-01, -1.81843401183920E-01,  1.82530000000004E+02,  4.30380657680993E+02,  1.50163882400782E+03
 1.96458333300000E+03, -3.71365319721022E-01, -6.99997000000000E-01, -1.82282504882182E-01,  1.82710000000004E+02,  4.23615236834817E+02,  1.57133746521978E+03
 1.96466666700000E+03, -3.71792704513171E-01, -1.03007000000000E+00, -1.82570581957717E-01,  1.82890000000004E+02,  5.93659466849593E+02,  1.85118722729424E+03
 1.96475000000000E+03, -3.81619950241905E-01, -1.02716000000000E+00, -1.82667064682884E-01,  1.83070000000004E+02,  5.67442758814642E+02,  1.54920416805362E+03
 1.96483333300000E+03, -3.91478333897932E-01, -1.01122000000000E+00, -1.82464489401594E-01,  1.83250000000004E+02,  4.08832237046921E+02,  9.93068839602919E+02
 1.96491666700000E+03, -3.81054224424793E-01, -8.42806000000000E-01, -1.82104284728735E-01,  1.83430000000004E+02,  4.41164769699004E+02,  9.22262270272982E+02
 1.96500000000000E+03, -3.49716710169562E-01, -3.88037000000000E-01, -1.81585607907524E-01,  1.83610000000004E+02,  4.12191480477236E+02,  8.75599959141843E+02
 1.96508333300000E+03, -2.28255048108756E-01, -4.17683000000000E-01, -1.80907893102545E-01,  1.83790000000004E+02,  2.36163328625645E+02,  6.11494624847822E+02
 1.96516666700000E+03, -3.75134407603791E-02, -4.70169000000000E-01, -1.80070845925600E-01,  1.83970000000004E+02,  2.17227848752078E+02,  5.55780677313461E+02
 1.96525000000000E+03,  2.21246284030499E-01, -1.71328000000000E-01, -1.17387397156567E-01,  1.84150000000004E+02,  2.28728623855833E+02,  5.22069774518222E+02
 1.96533333300000E+03,  3.90439972945562E-01, -1.12440000000000E-01, -1.13949334726760E-01,  1.84330000000004E+02,  1.54749858520150E+02,  2.93041870368661E+02
 1.96541666700000E+03,  4.84613023422078E-01,  4.93000000000000E-02, -1.10790011633557E-01,  1.84510000000004E+02,  2.53955110118160E+02,  2.44954567587940E+02
 1.96550000000000E+03,  5.07941796805931E-01,  2.36139000000000E-01, -1.07908215904652E-01,  1.84690000000004E+02,  3.94961082925752E+02,  3.46299743021944E+02
 1.96558333300000E+03,  5.38626032310496E-01,  4.68872000000000E-01, -1.05302099527613E-01,  1.84870000000004E+02,  3.59205215897588E+02,  3.01070440577261E+02
 1.96566666700000E+03,  5.60703587260465E-01,  4.94238000000000E-01, -1.02969197844712E-01,  1.85050000000005E+02,  3.99509761916876E+02,  4.02204942110966E+02
 1.96575000000000E+03,  5.67083571681670E-01,  7.60048000000000E-01, -9.86744556041878E-02,  1.85230000000005E+02,  5.10049225888237E+02,  7.86503671449059E+02
 1.96583333300000E+03,  5.66197975221252E-01,  8.52755000000000E-01, -9.72099403037467E-02,  1.85410000000005E+02,  4.13758260970357E+02,  1.00977931646439E+03
 1.96591666700000E+03,  5.79584575324238E-01,  8.04995000000000E-01, -9.60016896868544E-02,  1.85590000000005E+02,  2.84244361886646E+02,  1.01998364179575E+03
 1.96600000000000E+03,  6.10788817108246E-01,  7.19313000000000E-01, -9.50443499172976E-02,  1.85770000000005E+02,  3.34528072048077E+02,  1.10354519072483E+03
 1.96608333300000E+03,  6.20770986767990E-01,  6.18378000000000E-01, -9.43320927196854E-02,  1.85950000000005E+02,  3.87547763120933E+02,  1.08550673729127E+03
 1.96616666700000E+03,  5.79072415825096E-01,  8.89381000000000E-01, -9.38586404429966E-02,  1.86130000000005E+02,  3.43112565958344E+02,  7.73915840958459E+02
 1.96625000000000E+03,  4.77456232162528E-01,  4.55832000000000E-01, -1.27259005815730E-01,  1.86310000000005E+02,  3.32566910294652E+02,  4.61974764148753E+02
 1.96633333300000E+03,  3.73094768559895E-01,  3.35939000000000E-01, -1.29898286132326E-01,  1.86490000000005E+02,  3.73160369648272E+02,  3.55253239495988E+02
 1.96641666700000E+03,  2.94909586638638E-01,  3.55093000000000E-01, -1.32557042807497E-01,  1.86670000000005E+02,  3.33806407878517E+02,  2.99879674177201E+02
 1.96650000000000E+03,  2.57005979440035E-01,  5.58149000000000E-01, -1.35225878728331E-01,  1.86850000000005E+02,  2.42183262830287E+02,  2.39289519345860E+02
 1.96658333300000E+03,  2.35674785659365E-01,  4.26792000000000E-01, -1.37895549830894E-01,  1.87030000000005E+02,  2.22172024514339E+02,  2.58229108521677E+02
 1.96666666700000E+03,  2.11929012072900E-01,  3.33677000000000E-01, -1.40556980423701E-01,  1.87210000000005E+02,  2.02043518574941E+02,  2.74669559206506E+02
 1.96675000000000E+03,  1.78802304577835E-01,  1.78007000000000E-01, -1.40085947243747E-01,  1.87390000000005E+02,  1.66611750989386E+02,  2.50123164953305E+02
 1.96683333300000E+03,  1.38358189061451E-01,  3.78000000000000E-02, -1.42733923486719E-01,  1.87570000000005E+02,  2.23313080153242E+02,  3.14088978274457E+02
 1.96691666700000E+03,  1.08025876697951E-01,  4.26000000000000E-02, -1.45357597619790E-01,  1.87750000000005E+02,  2.35468643422781E+02,  3.83078524992552E+02
 1.96700000000000E+03,  9.22060288638298E-02, -6.05278000000000E-01, -1.47948444806904E-01,  1.87930000000005E+02,  1.80076715650467E+02,  3.74757355008474E+02
 1.96708333300000E+03,  2.67723981048061E-02, -6.30262000000000E-01, -1.50498159630280E-01,  1.88110000000005E+02,  3.15063236509691E+02,  5.30080939565826E+02
 1.96716666700000E+03, -1.02860635970638E-01, -3.35209000000000E-01, -1.52998667463108E-01,  1.88290000000005E+02,  5.33697602637125E+02,  8.55903710680953E+02
 1.96725000000000E+03, -3.00890388914279E-01,  6.61000000000000E-02,  1.36036740365050E-01,  1.88470000000005E+02,  5.95092826604644E+02,  1.05175463875464E+03
 1.96733333300000E+03, -4.44036994097175E-01,  2.37740000000000E-01,  1.36969376351425E-01,  1.88650000000005E+02,  6.19661821156023E+02,  1.06508966788674E+03
 1.96741666700000E+03, -5.14996082075086E-01,  1.02503000000000E-01,  1.38106828256549E-01,  1.88830000000005E+02,  6.20620189312858E+02,  9.95785641631264E+02
 1.96750000000000E+03, -5.08330707416052E-01,  7.96000000000000E-02,  1.39438549249407E-01,  1.89010000000005E+02,  4.50245294187984E+02,  9.04351199561292E+02
 1.96758333300000E+03, -4.85680803699505E-01, -6.34000000000000E-02,  1.40953717926087E-01,  1.89190000000005E+02,  2.16839093862311E+02,  8.06537988117754E+02
 1.96766666700000E+03, -4.63555892550634E-01, -2.36483000000000E-01,  1.42641271897567E-01,  1.89370000000005E+02,  1.02391144638016E+02,  6.48686753432914E+02
 1.96775000000000E+03, -4.49982443066089E-01, -3.47000000000000E-02,  1.45559070066359E-01,  1.89550000000005E+02,  1.20718343314510E+02,  5.50852023777298E+02
 1.96783333300000E+03, -4.36503760662797E-01,  5.75000000000000E-02,  1.47633961554225E-01,  1.89730000000005E+02,  1.61921226259069E+02,  5.73928389832709E+02
 1.96791666700000E+03, -4.07401673377538E-01, -1.68000000000000E-02,  1.49840584011559E-01,  1.89910000000005E+02,  1.62646717372090E+02,  4.65392176746955E+02
 1.96800000000000E+03, -3.50117118764851E-01, -1.17838000000000E-01,  1.52167191656050E-01,  1.90090000000005E+02,  1.94328801989865E+02,  2.38291036042191E+02
 1.96808333300000E+03, -2.13349490128500E-01,  9.63000000000000E-03,  1.54601975530394E-01,  1.90270000000005E+02,  2.06318105008855E+02,  1.16287351464943E+02
 1.96816666700000E+03, -1.89130516766139E-02, -3.41839000000000E-01,  1.57133093479310E-01,  1.90450000000005E+02,  1.33169552132213E+02,  1.21637169377392E+02
 1.96825000000000E+03,  2.12863756820352E-01, -3.06707000000000E-01,  2.20481474348842E-01,  1.90630000000005E+02,  1.74790886274096E+02,  3.06500368713484E+02
 1.96833333300000E+03,  3.54009638311181E-01, -2.71749000000000E-01,  2.21709611646557E-01,  1.90810000000005E+02,  3.18316329446070E+02,  5.28478181872481E+02
 1.96841666700000E+03,  4.20121339642788E-01,  2.76000000000000E-02,  2.22781131258536E-01,  1.90990000000005E+02,  3.19714338348224E+02,  5.93052485385954E+02
 1.96850000000000E+03,  4.24630881989296E-01,  6.12000000000000E-02,  2.23691705452658E-01,  1.91170000000005E+02,  3.15963258226860E+02,  7.56559299835526E+02
 1.96858333300000E+03,  4.34525107097622E-01,  1.61003000000000E-01,  2.24437399062606E-01,  1.91350000000005E+02,  4.01443560976659E+02,  9.15691747401588E+02
 1.96866666700000E+03,  4.36597334516144E-01, -6.07000000000000E-02,  2.25014668218609E-01,  1.91530000000005E+02,  3.37413332658330E+02,  7.57538535163757E+02
 1.96875000000000E+03,  4.28669031086969E-01,  3.45158000000000E-01,  2.24898983689895E-01,  1.91710000000005E+02,  2.37879650313748E+02,  7.27163133912641E+02
 1.96883333300000E+03,  4.18228198646251E-01,  6.71955000000000E-01,  2.25343746050566E-01,  1.91890000000005E+02,  2.85420809808561E+02,  8.63365474302916E+02
 1.96891666700000E+03,  4.26340383893033E-01,  6.02943000000000E-01,  2.25614753696029E-01,  1.92070000000005E+02,  2.67854068344278E+02,  7.17438679563203E+02
 1.96900000000000E+03,  4.59597309278689E-01,  1.06328000000000E+00,  2.25709534979358E-01,  1.92250000000005E+02,  2.74277904947779E+02,  7.97771101732139E+02
 1.96908333300000E+03,  5.06704433495917E-01,  1.27469000000000E+00,  2.25625997870832E-01,  1.92430000000005E+02,  5.05693966817027E+02,  1.25328261120265E+03
 1.96916666700000E+03,  5.46284582256914E-01,  7.47952000000000E-01,  2.25362425189172E-01,  1.92610000000005E+02,  6.32347518863519E+02,  1.29760461555683E+03
 1.96925000000000E+03,  5.58174706435011E-01,  5.79082000000000E-01, -1.08170458923254E-01,  1.92790000000005E+02,  6.02807354821411E+02,  1.20893269943606E+03
 1.96933333300000E+03,  5.46655872163891E-01,  4.08569000000000E-01, -1.10310824696697E-01,  1.92970000000005E+02,  7.19523549897680E+02,  1.46829026050486E+03
 1.96941666700000E+03,  5.20939618896134E-01,  1.16283000000000E-01, -1.12548490095567E-01,  1.93150000000005E+02,  7.16219412825374E+02,  1.36015772845540E+03
 1.96950000000000E+03,  5.01033006807389E-01,  1.71129000000000E-01, -1.14873478490379E-01,  1.93330000000005E+02,  4.55422449016769E+02,  8.40840168995356E+02
 1.96958333300000E+03,  4.76119835018503E-01,  5.55403000000000E-01, -1.17275817580785E-01,  1.93510000000005E+02,  3.94488088612524E+02,  6.87560563008868E+02
 1.96966666700000E+03,  4.38637845064619E-01,  5.83797000000000E-01, -1.19745560674498E-01,  1.93690000000005E+02,  4.80786863051104E+02,  6.77585603488874E+02
 1.96975000000000E+03,  3.79441840276925E-01,  5.41857000000000E-01, -1.26901790417656E-01,  1.93870000000005E+02,  3.79768744179123E+02,  4.20236049664877E+02
 1.96983333300000E+03,  3.22422104866614E-01,  6.29215000000000E-01, -1.29537685387036E-01,  1.94050000000005E+02,  3.04850877253103E+02,  3.37993545240175E+02
 1.96991666700000E+03,  2.83745641093782E-01,  6.46944000000000E-01, -1.32194346755188E-01,  1.94230000000005E+02,  3.26655603435048E+02,  4.92250625712240E+02
 1.97000000000000E+03,  2.69375247294812E-01,  5.08373000000000E-01, -1.34862357806243E-01,  1.94410000000005E+02,  2.43894228756321E+02,  4.93840777115575E+02
 1.97008333300000E+03,  2.12926349611606E-01,  4.46548000000000E-01, -1.37532452725121E-01,  1.94590000000005E+02,  2.61088922952678E+02,  5.17902257051038E+02
 1.97016666700000E+03,  1.00980316943326E-01,  3.38621000000000E-01, -1.40195532031079E-01,  1.94770000000005E+02,  5.19121753627222E+02,  8.20678842032675E+02
 1.97025000000000E+03, -6.97161827112792E-02,  2.50362000000000E-01, -1.74289553545472E-01,  1.94950000000005E+02,  7.24927377757720E+02,  1.04654582089511E+03
 1.97033333300000E+03, -1.89221400300103E-01,  3.16179000000000E-01, -1.72577879437689E-01,  1.95130000000005E+02,  7.87418041542240E+02,  1.01027180119289E+03
 1.97041666700000E+03, -2.41447647245352E-01,  6.89000000000000E-02, -1.70711189487212E-01,  1.95310000000005E+02,  8.60799386616336E+02,  1.05834362999409E+03
 1.97050000000000E+03, -2.26394926215723E-01, -7.52000000000000E-02, -1.68691027131702E-01,  1.95490000000005E+02,  8.46094154896077E+02,  1.16076158775894E+03
 1.97058333300000E+03, -2.03027954361306E-01, -3.01498000000000E-01, -1.66519149299823E-01,  1.95670000000005E+02,  6.25088220450251E+02,  9.80116676319643E+02
 1.97066666700000E+03, -1.89749241279610E-01, -3.76572000000000E-01, -1.64197518657758E-01,  1.95850000000005E+02,  4.32149872473776E+02,  7.67720184300635E+02
 1.97075000000000E+03, -1.84949100500081E-01, -5.25343000000000E-01, -1.66261613885975E-01,  1.96030000000005E+02,  4.05364294699332E+02,  8.15780164238910E+02
 1.97083333300000E+03, -1.74958696782952E-01, -3.93465000000000E-01, -1.63923019177132E-01,  1.96210000000005E+02,  3.39168303020028E+02,  7.91521854798775E+02
 1.97091666700000E+03, -1.40718762382077E-01, -8.46025000000000E-01, -1.61437091081114E-01,  1.96390000000005E+02,  2.19455837533106E+02,  5.66379562342882E+02
 1.97100000000000E+03, -8.54486706200322E-02, -1.14622000000000E+00, -1.58806201145111E-01,  1.96570000000005E+02,  1.92285203060300E+02,  4.14869677010795E+02
 1.97108333300000E+03, -1.22763755731440E-01, -9.53732000000000E-01, -1.56032901765364E-01,  1.96750000000005E+02,  1.93683833472342E+02,  3.25312310795155E+02
 1.97116666700000E+03, -2.76778212426315E-01, -1.02668000000000E+00, -1.53119918021698E-01,  1.96930000000005E+02,  2.63546667338453E+02,  2.97910658292016E+02
 1.97125000000000E+03, -5.45158490530142E-01, -6.41668000000000E-01,  3.92110686073749E-01,  1.97110000000005E+02,  4.47829268115488E+02,  4.71100882809423E+02
 1.97133333300000E+03, -7.20982640356355E-01, -5.76401000000000E-01,  3.83002817621823E-01,  1.97290000000005E+02,  5.11571363388988E+02,  6.03744254296865E+02
 1.97141666700000E+03, -7.77237469003286E-01, -6.01936000000000E-01,  3.73825433646882E-01,  1.97470000000005E+02,  5.35372299942714E+02,  6.12966673208905E+02
 1.97150000000000E+03, -7.00993439699932E-01, -6.67940000000000E-01,  3.64599921654269E-01,  1.97650000000005E+02,  7.83725600371052E+02,  8.35663072497213E+02
 1.97158333300000E+03, -5.88904140399969E-01, -6.78019000000000E-01,  3.55347503521039E-01,  1.97830000000005E+02,  9.75823837930845E+02,  1.11484359212907E+03
 1.97166666700000E+03, -4.61505918141105E-01, -8.62843000000000E-01,  3.46089166686726E-01,  1.98010000000005E+02,  9.11541291334861E+02,  1.10024302554175E+03
 1.97175000000000E+03, -3.33747624094165E-01, -4.44283000000000E-01,  3.32181799271937E-01,  1.98190000000005E+02,  8.76255777729885E+02,  1.05973713111475E+03
 1.97183333300000E+03, -2.11701160933168E-01, -4.30704000000000E-01,  3.22998682792211E-01,  1.98370000000005E+02,  8.48803507112521E+02,  1.13671303954179E+03
 1.97191666700000E+03, -7.91762869051590E-02, -3.49125000000000E-01,  3.13880446553255E-01,  1.98550000000005E+02,  5.92672110804434E+02,  9.86262553119248E+02
 1.97200000000000E+03,  6.89797174180306E-02, -2.73327000000000E-01,  3.04846248322925E-01,  1.98730000000005E+02,  2.71538780645979E+02,  6.09466701798685E+02
 1.97208333300000E+03,  2.13034371243639E-01,  1.56000000000000E-02,  2.95914687296064E-01,  1.98910000000005E+02,  1.19084396693513E+02,  3.68196410433541E+02
 1.97216666700000E+03,  3.13844148805118E-01,  6.41000000000000E-02,  2.87103756004409E-01,  1.99090000000005E+02,  1.01364646627279E+02,  3.77371032004737E+02
 1.97225000000000E+03,  3.38824284945548E-01,  4.34212000000000E-01,  2.09988837525783E-01,  1.99270000000005E+02,  1.13018415633112E+02,  4.78040599474868E+02
 1.97233333300000E+03,  2.99894017151207E-01,  5.57169000000000E-01,  2.03443938686543E-01,  1.99450000000005E+02,  1.05577027294976E+02,  5.15772622928194E+02
 1.97241666700000E+03,  2.30356694467942E-01,  4.92403000000000E-01,  1.97174473611458E-01,  1.99630000000005E+02,  1.20985830775543E+02,  5.49596938447933E+02
 1.97250000000000E+03,  1.65042869238622E-01,  4.63840000000000E-01,  1.91187890857028E-01,  1.99810000000005E+02,  2.27391823336697E+02,  7.10082655760463E+02
 1.97258333300000E+03,  1.13089994086917E-01,  3.85582000000000E-01,  1.85490722933035E-01,  1.99990000000005E+02,  3.54663765640198E+02,  8.59061379291633E+02
 1.97266666700000E+03,  6.14360236024307E-02,  4.28207000000000E-01,  1.80088588029402E-01,  2.00170000000005E+02,  3.89908499078057E+02,  8.18773552081714E+02
 1.97275000000000E+03,  1.83265559201661E-03,  8.79967000000000E-01,  1.79493393066652E-01,  2.00350000000005E+02,  3.83381243911785E+02,  7.42045273590648E+02
 1.97283333300000E+03, -6.40469071820554E-02,  7.66365000000000E-01,  1.74425330448416E-01,  2.00530000000005E+02,  4.01494093023924E+02,  7.62788395519921E+02
 1.97291666700000E+03, -1.15433975644574E-01,  1.01171000000000E+00,  1.69661190923980E-01,  2.00710000000005E+02,  3.51875639530852E+02,  7.21167169955286E+02
 1.97300000000000E+03, -1.42352693669592E-01,  9.88123000000000E-01,  1.65203786663453E-01,  2.00890000000005E+02,  2.14732773626605E+02,  6.00487725986100E+02
 1.97308333300000E+03, -2.02174563720689E-01,  6.48098000000000E-01,  1.61055050720478E-01,  2.01070000000005E+02,  1.34471009078912E+02,  5.84485291950586E+02
 1.97316666700000E+03, -3.16990610771748E-01,  5.10031000000000E-01,  1.57216051795801E-01,  2.01250000000005E+02,  1.35268651273300E+02,  6.01786436175202E+02
 1.97325000000000E+03, -5.00887975761253E-01,  6.38000000000000E-02,  1.05367302708185E-01,  2.01430000000005E+02,  1.49904379275793E+02,  5.72345574340906E+02
 1.97333333300000E+03, -6.47446225671784E-01,  6.01000000000000E-03,  9.98783196336306E-02,  2.01610000000005E+02,  1.94567701366524E+02,  6.36116816537372E+02
 1.97341666700000E+03, -7.34000189100386E-01, -4.13877000000000E-01,  9.43362350583880E-02,  2.01790000000005E+02,  2.24926858182997E+02,  6.41699729977428E+02
 1.97350000000000E+03, -7.48036800861004E-01, -5.82981000000000E-01,  8.87466398535857E-02,  2.01970000000005E+02,  2.24703753890899E+02,  5.09538851312161E+02
 1.97358333300000E+03, -7.45863223138565E-01, -7.60078000000000E-01,  8.31151068068063E-02,  2.02150000000005E+02,  3.11661480510944E+02,  7.02919521068952E+02
 1.97366666700000E+03, -7.46901064575508E-01, -1.00965000000000E+00,  7.74471825791148E-02,  2.02330000000005E+02,  3.84154171425191E+02,  1.14843968815483E+03
 1.97375000000000E+03, -7.57406859166092E-01, -1.13771000000000E+00,  8.23001661178316E-02,  2.02510000000005E+02,  3.07422134597703E+02,  1.29502282580771E+03
 1.97383333300000E+03, -7.62851165356711E-01, -1.42931000000000E+00,  7.66274514626875E-02,  2.02690000000005E+02,  3.35834809877355E+02,  1.43541202952155E+03
 1.97391666700000E+03, -7.42529120030900E-01, -1.74337000000000E+00,  7.09246498414988E-02,  2.02870000000005E+02,  5.06203048075147E+02,  1.75990117729751E+03
 1.97400000000000E+03, -6.96440723014579E-01, -1.58541000000000E+00,  6.51972260699850E-02,  2.03050000000005E+02,  4.72575277496603E+02,  1.61367298129570E+03
 1.97408333300000E+03, -6.56580915423824E-01, -1.10435000000000E+00,  5.94505953583677E-02,  2.03230000000005E+02,  3.59947832652798E+02,  1.13827473227941E+03
 1.97416666700000E+03, -6.55225810753086E-01, -1.07489000000000E+00,  5.36901164323857E-02,  2.03410000000005E+02,  4.31843124487452E+02,  9.83946194406987E+02
 1.97425000000000E+03, -6.92375408845155E-01, -8.41488000000000E-01,  9.04479248424869E-02,  2.03590000000005E+02,  4.10835248767207E+02,  8.41756031584258E+02
 1.97433333300000E+03, -7.34813834744524E-01, -6.79090000000000E-01,  8.48285334582685E-02,  2.03770000000005E+02,  2.43588890724563E+02,  5.52041738908533E+02
 1.97441666700000E+03, -7.51133964376350E-01, -6.62827000000000E-01,  7.91710705594336E-02,  2.03950000000005E+02,  2.46668694388523E+02,  5.46740871715243E+02
 1.97450000000000E+03, -7.35684196483554E-01, -7.39180000000000E-01,  7.34810600047619E-02,  2.04130000000005E+02,  2.99868062311907E+02,  5.90199141541624E+02
 1.97458333300000E+03, -6.90799910813832E-01, -5.39799000000000E-01,  6.77639865125363E-02,  2.04310000000005E+02,  2.33693330880965E+02,  3.84292571346643E+02
 1.97466666700000E+03, -6.34895935045155E-01, -6.85692000000000E-01,  6.20252883680589E-02,  2.04490000000005E+02,  2.44720765851273E+02,  2.62834597370346E+02
 1.97475000000000E+03, -5.72369231778050E-01, -7.91143000000000E-01,  4.79159036696154E-02,  2.04670000000005E+02,  3.12346285862882E+02,  2.48152315442723E+02
 1.97483333300000E+03, -5.10711147806329E-01, -8.69825000000000E-01,  4.21435452317578E-02,  2.04850000000005E+02,  2.71561563701318E+02,  1.63275444711278E+02
 1.97491666700000E+03, -4.30881318879698E-01, -7.76865000000000E-01,  3.63730159854419E-02,  2.05030000000005E+02,  2.11782473871540E+02,  1.89082132336292E+02
 1.97500000000000E+03, -3.41040624578619E-01, -5.68848000000000E-01,  3.06093856444876E-02,  2.05210000000005E+02,  1.82037511598665E+02,  3.01049926824385E+02
 1.97508333300000E+03, -2.81749819533837E-01, -3.05962000000000E-01,  2.48576373898417E-02,  2.05390000000005E+02,  1.23885823282667E+02,  2.99693426926952E+02
 1.97516666700000E+03, -2.90242476254796E-01, -5.24019000000000E-01,  1.91226627344653E-02,  2.05570000000005E+02,  1.15016716461790E+02,  2.91916271256392E+02
 1.97525000000000E+03, -3.62444843808134E-01, -6.14157000000000E-01,  1.34537593619515E-01,  2.05750000000005E+02,  2.06336527732812E+02,  3.37672826611959E+02
 1.97533333300000E+03, -4.36460108722956E-01, -7.94970000000000E-01,  1.34598382564454E-01,  2.05930000000005E+02,  2.74180103498841E+02,  2.94787307073176E+02
 1.97541666700000E+03, -4.77856276718998E-01, -8.79477000000000E-01,  1.34901080059635E-01,  2.06110000000005E+02,  2.76681896583573E+02,  2.14056197182043E+02
 1.97550000000000E+03, -4.79864624781433E-01, -1.23872000000000E+00,  1.35436497940630E-01,  2.06290000000005E+02,  3.19530111304643E+02,  2.59117687480716E+02
 1.97558333300000E+03, -4.66647915212698E-01, -1.42604000000000E+00,  1.36195043795775E-01,  2.06470000000005E+02,  3.29093231151955E+02,  3.24801012035080E+02
 1.97566666700000E+03, -4.56392745185086E-01, -1.72137000000000E+00,  1.37166755051740E-01,  2.06650000000005E+02,  2.17723643574087E+02,  2.69868554517461E+02
 1.97575000000000E+03, -4.54139090663692E-01, -1.76934000000000E+00,  1.38531992371300E-01,  2.06830000000005E+02,  2.55400109605137E+02,  3.00637574666187E+02
 1.97583333300000E+03, -4.52591110684369E-01, -1.72150000000000E+00,  1.39926407089308E-01,  2.07010000000005E+02,  5.08120291757386E+02,  4.94157213572519E+02
 1.97591666700000E+03, -4.32563854107989E-01, -1.75891000000000E+00,  1.41500587543093E-01,  2.07190000000005E+02,  6.13103661966438E+02,  5.70967588268293E+02
 1.97600000000000E+03, -3.85423875050362E-01, -1.28306000000000E+00,  1.43243398042496E-01,  2.07370000000005E+02,  5.77852542767962E+02,  5.81794550363140E+02
 1.97608333300000E+03, -2.77104154561124E-01, -9.24572000000000E-01,  1.45143506201531E-01,  2.07550000000005E+02,  6.05469826486253E+02,  6.76451922019524E+02
 1.97616666700000E+03, -1.29895178926503E-01, -5.13418000000000E-01,  1.47189415591824E-01,  2.07730000000005E+02,  5.06093542981952E+02,  6.04669915314087E+02
 1.97625000000000E+03,  4.11436424789156E-02, -4.05857000000000E-01,  1.86413709938318E-01,  2.07910000000005E+02,  2.55424925146960E+02,  4.42321272444372E+02
 1.97633333300000E+03,  1.48848576316578E-01, -4.39489000000000E-01,  1.89225106070164E-01,  2.08090000000005E+02,  1.06098446827410E+02,  4.42517309314209E+02
 1.97641666700000E+03,  2.10013207490166E-01, -3.15258000000000E-01,  1.91993433253957E-01,  2.08270000000005E+02,  7.26048958343501E+01,  3.75322754598067E+02
 1.97650000000000E+03,  2.34722042332829E-01, -3.20511000000000E-01,  1.94708851610672E-01,  2.08450000000005E+02,  1.41203812241910E+02,  3.49979290727867E+02
 1.97658333300000E+03,  2.65918127390909E-01, -2.61848000000000E-01,  1.97361813665163E-01,  2.08630000000005E+02,  3.08796035482488E+02,  6.61622607034870E+02
 1.97666666700000E+03,  2.88665741411766E-01,  1.47358000000000E-01,  1.99943078496403E-01,  2.08810000000005E+02,  3.92313044006712E+02,  8.68331927798476E+02
 1.97675000000000E+03,  2.97855284015401E-01,  3.16128000000000E-01,  2.01909093433707E-01,  2.08990000000005E+02,  3.95564093809960E+02,  8.67774864816587E+02
 1.97683333300000E+03,  3.03443102590631E-01,  4.67335000000000E-01,  2.04340575465274E-01,  2.09170000000005E+02,  4.50515236030872E+02,  1.14237834187553E+03
 1.97691666700000E+03,  3.24308842297820E-01,  1.73433000000000E-01,  2.06676359256344E-01,  2.09350000000005E+02,  4.47439047810195E+02,  1.42943243527257E+03
 1.97700000000000E+03,  3.63007303386481E-01,  1.73822000000000E-01,  2.08908472156137E-01,  2.09530000000005E+02,  3.20368497143833E+02,  1.36399734235157E+03
 1.97708333300000E+03,  3.69968115726043E-01,  1.29879000000000E-01,  2.11029300329141E-01,  2.09710000000005E+02,  2.30147809754451E+02,  1.24271339361105E+03
 1.97716666700000E+03,  3.25078042929766E-01,  1.04681000000000E-01,  2.13031596534047E-01,  2.09890000000005E+02,  2.78975944927059E+02,  1.11104305657331E+03
 1.97725000000000E+03,  2.32362303425450E-01, -2.69000000000000E-02,  5.25421682103933E-03,  2.10070000000005E+02,  4.06998848029024E+02,  8.80916558434287E+02
 1.97733333300000E+03,  1.78810115880498E-01, -2.92000000000000E-02, -3.87230007390399E-04,  2.10250000000005E+02,  5.18654973695541E+02,  8.04226713026646E+02
 1.97741666700000E+03,  1.85508750387774E-01,  2.59684000000000E-01, -5.99143047781663E-03,  2.10430000000005E+02,  6.18282847995190E+02,  8.90068716158064E+02
 1.97750000000000E+03,  2.53319654493587E-01,  5.24580000000000E-01, -1.15540687063813E-02,  2.10610000000005E+02,  7.54007448228816E+02,  9.89903415119652E+02
 1.97758333300000E+03,  3.30145013189671E-01,  5.81173000000000E-01, -1.70709466909860E-02,  2.10790000000005E+02,  8.33457955245270E+02,  1.15027944389942E+03
 1.97766666700000E+03,  3.94174577045912E-01,  6.85198000000000E-01, -2.25379873525510E-02,  2.10970000000005E+02,  7.44721402752083E+02,  1.25145815967400E+03
 1.97775000000000E+03,  4.36465155948961E-01,  6.45758000000000E-01, -2.62716231959093E-02,  2.11150000000005E+02,  5.72337196182189E+02,  1.08695377886174E+03
 1.97783333300000E+03,  4.73333068484749E-01,  7.71145000000000E-01, -3.16455993325748E-02,  2.11330000000005E+02,  4.62414776774212E+02,  7.79846734267094E+02
 1.97791666700000E+03,  5.15874456566850E-01,  8.54364000000000E-01, -3.69593967131273E-02,  2.11510000000006E+02,  4.53656586884721E+02,  6.61920598597907E+02
 1.97800000000000E+03,  5.63290485341382E-01,  6.10512000000000E-01, -4.22094062687457E-02,  2.11690000000006E+02,  5.19135494754032E+02,  8.35993759769155E+02
 1.97808333300000E+03,  5.57612280101867E-01,  4.19317000000000E-01, -3.69748023493613E-02,  2.11870000000006E+02,  5.90047581135981E+02,  1.01541356162169E+03
 1.97816666700000E+03,  4.83984722421815E-01,  9.98000000000000E-02, -4.22246207237353E-02,  2.12050000000006E+02,  6.33429158799708E+02,  1.04033532976241E+03
 1.97825000000000E+03,  3.37853563602468E-01,  1.77000000000000E-02,  1.93475114792500E-01,  2.12230000000006E+02,  7.69766541674617E+02,  1.16506037024799E+03
 1.97833333300000E+03,  2.03081952484669E-01,  2.91000000000000E-02,  1.90067596128193E-01,  2.12410000000006E+02,  1.02207610506776E+03,  1.40991408761941E+03
 1.97841666700000E+03,  1.03153045628513E-01, -1.91628000000000E-01,  1.86508378853478E-01,  2.12590000000006E+02,  1.14252122273755E+03,  1.43853641810284E+03
 1.97850000000000E+03,  5.27015309674783E-02, -8.06000000000000E-02,  1.82801499440297E-01,  2.12770000000006E+02,  1.06873175977823E+03,  1.26991645656270E+03
 1.97858333300000E+03,  9.54837738969762E-03, -1.77217000000000E-01,  1.78951173434777E-01,  2.12950000000006E+02,  9.90329830092991E+02,  1.15913432763747E+03
 1.97866666700000E+03, -4.53572098245559E-02, -2.49142000000000E-01,  1.74961784125952E-01,  2.13130000000006E+02,  8.19852107955139E+02,  1.00071510858417E+03
 1.97875000000000E+03, -1.20336028628933E-01, -1.41113000000000E-01,  1.68960759979646E-01,  2.13310000000006E+02,  4.43409464941559E+02,  6.63416864180950E+02
 1.97883333300000E+03, -1.95986919891490E-01, -9.80000000000000E-03,  1.64650773668695E-01,  2.13490000000006E+02,  1.40504268818695E+02,  3.97619185686121E+02
 1.97891666700000E+03, -2.52124086646531E-01,  2.10000000000000E-02,  1.60217952009546E-01,  2.13670000000006E+02,  6.53797265304682E+01,  4.07276798671491E+02
 1.97900000000000E+03, -2.77954119380761E-01,  3.17833000000000E-01,  1.55667287832548E-01,  2.13850000000006E+02,  9.52172075194382E+01,  6.82305567716121E+02
 1.97908333300000E+03, -2.16535700217708E-01,  3.46409000000000E-01,  1.51003880941811E-01,  2.14030000000006E+02,  2.53010688691965E+02,  1.23543316957735E+03
 1.97916666700000E+03, -7.83160534676310E-02,  2.95702000000000E-01,  1.46232927280559E-01,  2.14210000000006E+02,  4.79357808624508E+02,  1.80738214479474E+03
 1.97925000000000E+03,  1.28231195909353E-01,  1.68732000000000E-01,  2.04150064948612E-01,  2.14390000000006E+02,  5.71967905779724E+02,  1.99435304088922E+03
 1.97933333300000E+03,  2.65518863043540E-01, -4.80000000000000E-02,  2.06493778066652E-01,  2.14570000000006E+02,  6.35482239048265E+02,  1.95661228412815E+03
 1.97941666700000E+03,  3.38480311722635E-01, -5.86000000000000E-03,  2.08734443067880E-01,  2.14750000000006E+02,  7.52927361811726E+02,  1.89933765280372E+03
 1.97950000000000E+03,  3.48249958840239E-01,  1.00510000000000E-01,  2.10864417201237E-01,  2.14930000000006E+02,  6.86556288135773E+02,  1.52035584023096E+03
 1.97958333300000E+03,  3.63386787809575E-01,  5.84000000000000E-02,  2.12876423728315E-01,  2.15110000000006E+02,  4.89018005039129E+02,  9.48880323914700E+02
 1.97966666700000E+03,  3.69807089450021E-01,  4.54000000000000E-02,  2.14763558734290E-01,  2.15290000000006E+02,  4.23828312372486E+02,  7.06789846396892E+02
 1.97975000000000E+03,  3.67152379688265E-01,  1.85457000000000E-01,  2.15201824606904E-01,  2.15470000000006E+02,  3.67551862239982E+02,  6.42815743536831E+02
 1.97983333300000E+03,  3.62465424444674E-01,  2.18466000000000E-01,  2.16924744571183E-01,  2.15650000000006E+02,  2.89217312972503E+02,  5.02688136922489E+02
 1.97991666700000E+03,  3.76630088004062E-01,  6.21025000000000E-01,  2.18508693917204E-01,  2.15830000000006E+02,  4.65782882659579E+02,  5.25892026792270E+02
 1.98000000000000E+03,  4.09646370680547E-01,  5.69952000000000E-01,  2.19948012242946E-01,  2.16010000000006E+02,  7.34857429517812E+02,  6.48104188744720E+02
 1.98008333300000E+03,  4.46952098942341E-01,  6.42118000000000E-01,  2.21237429663096E-01,  2.16190000000006E+02,  7.96403763487612E+02,  6.66752109836039E+02
 1.98016666700000E+03,  4.59769864148913E-01,  4.75962000000000E-01,  2.22372068473833E-01,  2.16370000000006E+02,  8.53710356941596E+02,  8.61317326149244E+02
 1.98025000000000E+03,  4.41764986312167E-01,  4.03322000000000E-01,  2.15225747342900E-01,  2.16550000000006E+02,  9.14959635593885E+02,  1.22180293285143E+03
 1.98033333300000E+03,  4.01871950288451E-01,  4.34639000000000E-01,  2.13185085497036E-01,  2.16730000000006E+02,  6.86137200370035E+02,  1.33597874895471E+03
 1.98041666700000E+03,  3.64566173520090E-01,  3.80573000000000E-01,  2.10967847474568E-01,  2.16910000000006E+02,  4.27005647079412E+02,  1.38959729119712E+03
 1.98050000000000E+03,  3.42517015299340E-01,  3.35180000000000E-01,  2.08576183185639E-01,  2.17090000000006E+02,  4.48895342269826E+02,  1.62492060549975E+03
 1.98058333300000E+03,  3.30837316132956E-01,  1.05331000000000E-01,  2.06012512146664E-01,  2.17270000000006E+02,  4.50875488107313E+02,  1.53905936544120E+03
 1.98066666700000E+03,  3.14580265792760E-01,  1.01898000000000E-01,  2.03279512891901E-01,  2.17450000000006E+02,  3.45069680619684E+02,  1.07380690192358E+03
 1.98075000000000E+03,  2.84888381809719E-01,  2.64668000000000E-01,  2.02515903000173E-01,  2.17630000000006E+02,  3.92755952443488E+02,  9.06032980981692E+02
 1.98083333300000E+03,  2.49175047048085E-01,  4.23056000000000E-01,  1.99572276246996E-01,  2.17810000000006E+02,  4.26293663980591E+02,  9.59530776121223E+02
 1.98091666700000E+03,  2.22397049563969E-01,  2.48545000000000E-01,  1.96466302240903E-01,  2.17990000000006E+02,  3.25763282827765E+02,  8.34694619977179E+02
 1.98100000000000E+03,  2.13390935402138E-01,  2.15000000000000E-02,  1.93201430253635E-01,  2.18170000000006E+02,  4.16273568415007E+02,  9.20418323872457E+02
 1.98108333300000E+03,  2.14120517781591E-01,  1.16000000000000E-02,  1.89781321608425E-01,  2.18350000000006E+02,  5.92033239020438E+02,  1.23072353031066E+03
 1.98116666700000E+03,  2.15234114213296E-01,  2.55842000000000E-01,  1.86209838415393E-01,  2.18530000000006E+02,  5.47493184698447E+02,  1.18987087696314E+03
 1.98125000000000E+03,  1.97547420543418E-01,  2.36000000000000E-02,  1.95971179325911E-01,  2.18710000000006E+02,  6.07171090130924E+02,  1.02206949006854E+03
 1.98133333300000E+03,  1.65738529984251E-01,  3.10000000000000E-02,  1.92682030740392E-01,  2.18890000000006E+02,  8.17247923823330E+02,  1.01056718178784E+03
 1.98141666700000E+03,  1.21677976429006E-01, -1.37737000000000E-01,  1.89238230531312E-01,  2.19070000000006E+02,  6.98628881646206E+02,  7.55321758881925E+02
 1.98150000000000E+03,  8.34410724383732E-02, -2.56430000000000E-01,  1.85643670882030E-01,  2.19250000000006E+02,  5.68412119237591E+02,  5.45257024163485E+02
 1.98158333300000E+03,  4.48598084880886E-02, -1.20077000000000E-01,  1.81902431698908E-01,  2.19430000000006E+02,  9.01619086852890E+02,  9.71957163312813E+02
 1.98166666700000E+03, -3.80321779476730E-03,  3.37000000000000E-02,  1.78018769278071E-01,  2.19610000000006E+02,  1.16439681194337E+03,  1.49442882507324E+03
 1.98175000000000E+03, -7.09467952976531E-02,  3.86000000000000E-02,  1.73370434750109E-01,  2.19790000000006E+02,  1.12905511151448E+03,  1.64177100503252E+03
 1.98183333300000E+03, -1.40951204056711E-01,  4.81000000000000E-02,  1.69195358898394E-01,  2.19970000000006E+02,  1.29485546129805E+03,  1.85529726934524E+03
 1.98191666700000E+03, -1.94602563566755E-01,  2.17014000000000E-01,  1.64892306954253E-01,  2.20150000000006E+02,  1.46529825396721E+03,  2.06599702847280E+03
 1.98200000000000E+03, -2.20268641521215E-01,  3.86000000000000E-03,  1.60466146969376E-01,  2.20330000000006E+02,  1.21448827696713E+03,  1.76454178836102E+03
 1.98208333300000E+03, -1.77123547296006E-01, -1.72000000000000E-02,  1.55921865541306E-01,  2.20510000000006E+02,  9.07422784307016E+02,  1.29059579433619E+03
 1.98216666700000E+03, -6.97201663352237E-02,  2.54641000000000E-01,  1.51264556844239E-01,  2.20690000000006E+02,  8.15862055357398E+02,  1.13379494678529E+03
 1.98225000000000E+03,  9.68306317174032E-02,  4.72403000000000E-01,  2.97644168392047E-01,  2.20870000000006E+02,  7.34805940137349E+02,  1.02231330868376E+03
 1.98233333300000E+03,  2.29572335010154E-01,  6.08490000000000E-01,  2.88808378426291E-01,  2.21050000000006E+02,  6.96872174362033E+02,  7.82340985980300E+02
 1.98241666700000E+03,  3.28491101103113E-01,  7.59832000000000E-01,  2.80107237296244E-01,  2.21230000000006E+02,  7.79609658142093E+02,  6.60035176702468E+02
 1.98250000000000E+03,  3.88976442249061E-01,  3.87300000000000E-01,  2.71557531722312E-01,  2.21410000000006E+02,  7.98258827723454E+02,  6.32564430042226E+02
 1.98258333300000E+03,  4.45062784674155E-01,  4.49232000000000E-01,  2.63175325559448E-01,  2.21590000000006E+02,  8.23143031682003E+02,  7.07413969725909E+02
 1.98266666700000E+03,  4.77013800999326E-01,  5.74728000000000E-01,  2.54975925111775E-01,  2.21770000000006E+02,  1.06432883808895E+03,  1.13140141583580E+03
 1.98275000000000E+03,  4.81569065623030E-01,  1.01433000000000E+00,  2.45958980926869E-01,  2.21950000000006E+02,  1.26277810477137E+03,  1.61693813061965E+03
 1.98283333300000E+03,  4.67024465316637E-01,  7.71326000000000E-01,  2.38196040701835E-01,  2.22130000000006E+02,  1.24616807880280E+03,  1.80635684417099E+03
 1.98291666700000E+03,  4.53819746095164E-01,  7.84855000000000E-01,  2.30658579103433E-01,  2.22310000000006E+02,  1.40702163231090E+03,  2.11654566127982E+03
 1.98300000000000E+03,  4.47628631153253E-01,  8.94083000000000E-01,  2.23358483762971E-01,  2.22490000000006E+02,  1.71727318061327E+03,  2.64454985639136E+03
 1.98308333300000E+03,  4.06734514782514E-01,  7.67878000000000E-01,  2.16306761984872E-01,  2.22670000000006E+02,  1.64822796807129E+03,  2.74729213890297E+03
 1.98316666700000E+03,  3.08376512422609E-01,  5.89712000000000E-01,  2.09513527255518E-01,  2.22850000000006E+02,  1.36075270435254E+03,  2.44143771290845E+03
 1.98325000000000E+03,  1.36772856593986E-01,  3.60893000000000E-01,  4.97912092328965E-01,  2.23030000000006E+02,  1.25115014753048E+03,  2.19510395621568E+03
 1.98333333300000E+03, -3.42972235170776E-02,  3.72459000000000E-01,  4.91774257173323E-01,  2.23210000000006E+02,  1.03851723541763E+03,  1.80572417887624E+03
 1.98341666700000E+03, -1.78617348965018E-01,  1.77343000000000E-01,  4.85300639386080E-01,  2.23390000000006E+02,  6.16914213231331E+02,  1.14674545443613E+03
 1.98350000000000E+03, -2.75953394762390E-01, -1.73500000000000E-01,  4.78507064618892E-01,  2.23570000000006E+02,  3.51982984023219E+02,  6.65888156583236E+02
 1.98358333300000E+03, -3.50103073839984E-01, -1.73159000000000E-01,  4.71410296653955E-01,  2.23750000000006E+02,  2.54781864980590E+02,  4.95151312891120E+02
 1.98366666700000E+03, -4.18614631733893E-01, -4.37403000000000E-01,  4.64027952856184E-01,  2.23930000000006E+02,  2.10249174230859E+02,  4.72224690457364E+02
 1.98375000000000E+03, -4.88509852867109E-01, -6.98412000000000E-01,  4.65075050169208E-01,  2.24110000000006E+02,  3.26025923553239E+02,  6.12987288797732E+02
 1.98383333300000E+03, -5.69454673450685E-01, -7.33835000000000E-01,  4.57461687108157E-01,  2.24290000000006E+02,  4.97891784389917E+02,  7.70677256916279E+02
 1.98391666700000E+03, -6.38682617081561E-01, -5.60396000000000E-01,  4.49597502116607E-01,  2.24470000000006E+02,  5.93409848127360E+02,  7.52242482591960E+02
 1.98400000000000E+03, -6.83706294953946E-01, -5.62197000000000E-01,  4.41502081843596E-01,  2.24650000000006E+02,  7.66732197592575E+02,  7.29740397058726E+02
 1.98408333300000E+03, -6.55661145337837E-01, -6.08532000000000E-01,  4.33195536013794E-01,  2.24830000000006E+02,  9.99939341993496E+02,  7.76219562412455E+02
 1.98416666700000E+03, -5.68564695772926E-01, -6.84208000000000E-01,  4.24698412406962E-01,  2.25010000000006E+02,  1.04325522954893E+03,  6.56387164770315E+02
 1.98425000000000E+03, -4.34004709928201E-01, -7.50818000000000E-01,  1.51048783892274E-01,  2.25190000000006E+02,  9.05663364526511E+02,  3.96552013140736E+02
 1.98433333300000E+03, -3.41427170254872E-01, -7.60590000000000E-01,  1.53433702997564E-01,  2.25370000000006E+02,  7.62453275694050E+02,  2.51422492726263E+02
 1.98441666700000E+03, -2.83960690873254E-01, -6.41407000000000E-01,  1.55920578672280E-01,  2.25550000000006E+02,  5.86765423830304E+02,  2.04434120567145E+02
 1.98450000000000E+03, -2.60688533395089E-01, -3.44110000000000E-01,  1.58497563065812E-01,  2.25730000000006E+02,  3.17981345145026E+02,  1.21860639495411E+02
 1.98458333300000E+03, -2.32319245649193E-01, -3.75978000000000E-01,  1.61152819310965E-01,  2.25910000000006E+02,  1.03337385818223E+02,  5.76415020651163E+01
 1.98466666700000E+03, -2.13674932707170E-01, -1.41552000000000E-01,  1.63874549400369E-01,  2.26090000000006E+02,  5.33321115764062E+01,  5.66753451827577E+01
 1.98475000000000E+03, -2.02913106578775E-01, -5.35402000000000E-01,  1.62608245332302E-01,  2.26270000000006E+02,  5.65394546515174E+01,  4.86465531066523E+01
 1.98483333300000E+03, -1.87742114781280E-01, -7.50824000000000E-01,  1.65360852268849E-01,  2.26450000000006E+02,  4.50160982930056E+01,  4.32068136130652E+01
 1.98491666700000E+03, -1.48584169850450E-01, -9.91426000000000E-01,  1.68161931103270E-01,  2.26630000000006E+02,  7.09381100709974E+01,  9.42195350885363E+01
 1.98500000000000E+03, -9.02554622206379E-02, -3.92607000000000E-01,  1.70999901245064E-01,  2.26810000000006E+02,  8.66886828805148E+01,  1.58419974918788E+02
 1.98508333300000E+03, -1.21728718375693E-01, -5.61333000000000E-01,  1.73863311984192E-01,  2.26990000000006E+02,  7.85754136343529E+01,  2.38235173457818E+02
 1.98516666700000E+03, -2.67797795693340E-01, -7.08469000000000E-01,  1.76740865931003E-01,  2.27170000000006E+02,  1.66049683731594E+02,  4.18056906104768E+02
 1.98525000000000E+03, -5.25866058001152E-01, -7.41018000000000E-01,  3.95855522292444E-01,  2.27350000000006E+02,  2.82014182593612E+02,  6.36879178703892E+02
 1.98533333300000E+03, -6.97078357100905E-01, -6.68430000000000E-01,  3.86782713929780E-01,  2.27530000000006E+02,  3.06131898490268E+02,  7.71703364439938E+02
 1.98541666700000E+03, -7.53724043008470E-01, -5.97298000000000E-01,  3.77631504882519E-01,  2.27710000000006E+02,  3.79003845811827E+02,  8.40977823677939E+02
 1.98550000000000E+03, -6.82463959248136E-01, -2.68671000000000E-01,  3.68423330438258E-01,  2.27890000000006E+02,  4.94617830469604E+02,  8.13617171086189E+02
 1.98558333300000E+03, -5.68879987692858E-01, -1.12469000000000E-01,  3.59179489541382E-01,  2.28070000000006E+02,  4.40446310730485E+02,  6.33269062395037E+02
 1.98566666700000E+03, -4.33013049345854E-01, -1.04662000000000E-01,  3.49921074843900E-01,  2.28250000000006E+02,  3.24025687260486E+02,  4.94559500909092E+02
 1.98575000000000E+03, -2.88242250370721E-01, -1.19083000000000E-01,  3.31790378561697E-01,  2.28430000000006E+02,  2.87465203768249E+02,  4.98464714946048E+02
 1.98583333300000E+03, -1.53382116386112E-01, -1.22000000000000E-02,  3.22609623246092E-01,  2.28610000000006E+02,  1.98126460559576E+02,  4.65092522478387E+02
 1.98591666700000E+03, -1.31228325904684E-02,  3.73000000000000E-02,  3.13494573232761E-01,  2.28790000000006E+02,  1.55888472479817E+02,  5.27024666752356E+02
 1.98600000000000E+03,  1.19286143652288E-01, -2.36197000000000E-01,  3.04464363569989E-01,  2.28970000000006E+02,  3.55382180763564E+02,  9.52584482296732E+02
 1.98608333300000E+03,  2.38351591290078E-01, -1.84792000000000E-01,  2.95537568618496E-01,  2.29150000000006E+02,  5.74460592088036E+02,  1.42993119283357E+03
 1.98616666700000E+03,  3.13702917748529E-01, -2.57519000000000E-01,  2.86732154108593E-01,  2.29330000000006E+02,  6.27090584901653E+02,  1.61782226886031E+03
 1.98625000000000E+03,  3.66223756796581E-01, -1.64358000000000E-01,  6.27052264568776E-01,  2.29510000000006E+02,  6.65274089276143E+02,  1.70895326267229E+03
 1.98633333300000E+03,  4.07549455494619E-01, -1.38510000000000E-01,  6.14614259823605E-01,  2.29690000000006E+02,  6.89039485982441E+02,  1.72932033512061E+03
 1.98641666700000E+03,  4.66356465387223E-01,  1.88744000000000E-01,  6.02399249185483E-01,  2.29870000000006E+02,  5.55580471167024E+02,  1.44396076631952E+03
 1.98650000000000E+03,  5.27446505498376E-01,  3.13299000000000E-01,  5.90453658826506E-01,  2.30050000000006E+02,  4.11549223594620E+02,  1.05953943374062E+03
 1.98658333300000E+03,  5.76381823353419E-01,  5.15741000000000E-01,  5.78821622031097E-01,  2.30230000000006E+02,  4.33433512413827E+02,  8.80448031347422E+02
 1.98666666700000E+03,  5.84878431418253E-01,  6.91267000000000E-01,  5.67544768824621E-01,  2.30410000000006E+02,  4.47353377462675E+02,  7.77482248404727E+02
 1.98675000000000E+03,  5.51074137079799E-01,  7.23417000000000E-01,  5.54931151170539E-01,  2.30590000000006E+02,  3.39975462833461E+02,  6.91270502301753E+02
 1.98683333300000E+03,  4.86812571132166E-01,  8.11516000000000E-01,  5.44551824994941E-01,  2.30770000000006E+02,  2.66113327842763E+02,  7.08571914441985E+02
 1.98691666700000E+03,  4.19055208501387E-01,  6.96865000000000E-01,  5.34640862923806E-01,  2.30950000000006E+02,  2.03248052720703E+02,  6.08006741494076E+02
 1.98700000000000E+03,  3.66734531862487E-01,  7.37772000000000E-01,  5.25227694992522E-01,  2.31130000000006E+02,  1.31643549357697E+02,  4.03379430121869E+02
 1.98708333300000E+03,  3.36269567246937E-01,  8.42028000000000E-01,  5.16338510423932E-01,  2.31310000000006E+02,  2.67865478797428E+02,  5.35829708695036E+02
 1.98716666700000E+03,  3.32360143475037E-01,  9.31551000000000E-01,  5.07996182923355E-01,  2.31490000000006E+02,  4.69463218536790E+02,  8.08318842509815E+02
 1.98725000000000E+03,  3.53239161981076E-01,  6.23432000000000E-01,  6.28297065187870E-01,  2.31670000000006E+02,  5.07035329081384E+02,  7.40092033029914E+02
 1.98733333300000E+03,  4.03433883067802E-01,  6.46860000000000E-01,  6.15839541649168E-01,  2.31850000000006E+02,  7.02241111193410E+02,  7.64447047831797E+02
 1.98741666700000E+03,  4.71172467187958E-01,  8.99563000000000E-01,  6.03600288000717E-01,  2.32030000000006E+02,  1.06626687944177E+03,  1.20091574298753E+03
 1.98750000000000E+03,  5.41056629598794E-01,  8.42010000000000E-01,  5.91625945702156E-01,  2.32210000000006E+02,  1.12755108257396E+03,  1.48990291509555E+03
 1.98758333300000E+03,  5.91939708712326E-01,  9.03513000000000E-01,  5.79960885358417E-01,  2.32390000000006E+02,  1.05366922137947E+03,  1.58642650571450E+03
 1.98766666700000E+03,  6.07849887134863E-01,  1.02607000000000E+00,  5.68646994240842E-01,  2.32570000000006E+02,  1.16578277136573E+03,  1.88993760767476E+03
 1.98775000000000E+03,  5.90150236176487E-01,  1.10152000000000E+00,  5.70123985800028E-01,  2.32750000000006E+02,  1.12574132468002E+03,  2.10364765847249E+03
 1.98783333300000E+03,  5.49592721975014E-01,  1.16696000000000E+00,  5.59146615269034E-01,  2.32930000000006E+02,  8.40709627097822E+02,  1.99000510296621E+03
 1.98791666700000E+03,  5.06683307630865E-01,  1.05860000000000E+00,  5.48591347840910E-01,  2.33110000000006E+02,  6.62142724594157E+02,  1.79864641591570E+03
 1.98800000000000E+03,  4.67579211117808E-01,  8.05862000000000E-01,  5.38491966302268E-01,  2.33290000000006E+02,  5.53509639957525E+02,  1.51995411036366E+03
 1.98808333300000E+03,  3.19074373492026E-01,  4.84999000000000E-01,  5.28879153541371E-01,  2.33470000000006E+02,  3.85017552551616E+02,  1.17736963935410E+03
 1.98816666700000E+03,  4.38852843049160E-02,  3.82982000000000E-01,  5.19780387128048E-01,  2.33650000000006E+02,  3.03827472099415E+02,  9.82217312737545E+02
 1.98825000000000E+03, -3.61918153397411E-01, -1.57608000000000E-01,  4.40264336758840E-01,  2.33830000000006E+02,  2.66826554332380E+02,  7.84578289903037E+02
 1.98833333300000E+03, -6.68040639013220E-01, -4.94780000000000E-01,  4.31927771256477E-01,  2.34010000000006E+02,  2.43485997811571E+02,  5.93834802753138E+02
 1.98841666700000E+03, -8.47268499770135E-01, -6.29927000000000E-01,  4.23403754638800E-01,  2.34190000000006E+02,  5.73949595621366E+02,  9.13975350444643E+02
 1.98850000000000E+03, -8.84868906447409E-01, -7.55320000000000E-01,  4.14713234668291E-01,  2.34370000000006E+02,  1.22695867577722E+03,  1.77147912265541E+03
 1.98858333300000E+03, -8.97423729241906E-01, -6.99957000000000E-01,  4.05877417677831E-01,  2.34550000000006E+02,  1.63940275665307E+03,  2.53777083507277E+03
 1.98866666700000E+03, -8.99661033272784E-01, -8.30463000000000E-01,  3.96917687298041E-01,  2.34730000000006E+02,  1.76312460362429E+03,  2.89645304645242E+03
 1.98875000000000E+03, -8.99364829857148E-01, -1.41875000000000E+00,  4.00315362828801E-01,  2.34910000000006E+02,  1.90808441322717E+03,  2.94580048821809E+03
 1.98883333300000E+03, -8.82238021865470E-01, -1.49957000000000E+00,  3.91289365845878E-01,  2.35090000000006E+02,  1.78615213931159E+03,  2.57702264185191E+03
 1.98891666700000E+03, -8.30534096835324E-01, -1.46428000000000E+00,  3.82174318898287E-01,  2.35270000000006E+02,  1.23697158842323E+03,  1.77983741752417E+03
 1.98900000000000E+03, -7.35099445537000E-01, -1.47786000000000E+00,  3.72991698095897E-01,  2.35450000000006E+02,  8.46273751824566E+02,  1.03228754628578E+03
 1.98908333300000E+03, -6.04723881222212E-01, -1.32193000000000E+00,  3.63762878851329E-01,  2.35630000000006E+02,  7.62437202311276E+02,  6.06749967305346E+02
 1.98916666700000E+03, -4.74000692628846E-01, -1.17281000000000E+00,  3.54509064604152E-01,  2.35810000000006E+02,  5.75933476772582E+02,  4.66958235218338E+02
 1.98925000000000E+03, -3.69756703196501E-01, -8.68608000000000E-01,  4.72548742342236E-01,  2.35990000000006E+02,  4.06855743736700E+02,  7.18129793839125E+02
 1.98933333300000E+03, -3.08734262213289E-01, -6.58680000000000E-01,  4.76178056717090E-01,  2.36170000000006E+02,  4.27253176114929E+02,  1.04134527047745E+03
 1.98941666700000E+03, -2.64826021567456E-01, -6.94647000000000E-01,  4.79984825562102E-01,  2.36350000000006E+02,  3.53012526582665E+02,  1.00002721150240E+03
 1.98950000000000E+03, -2.15147233425299E-01, -4.16611000000000E-01,  4.83933373766683E-01,  2.36530000000006E+02,  2.65233868280470E+02,  1.04515207401583E+03
 1.98958333300000E+03, -1.46162955274193E-01, -4.23918000000000E-01,  4.87988020346456E-01,  2.36710000000006E+02,  3.90811447437607E+02,  1.37655776618990E+03
 1.98966666700000E+03, -7.55459013489324E-02, -1.84742000000000E-01,  4.92113248609639E-01,  2.36890000000006E+02,  4.73314291481321E+02,  1.38691002875131E+03
 1.98975000000000E+03, -1.38534289068994E-02, -2.18643000000000E-01,  4.99727035466896E-01,  2.37070000000006E+02,  5.15469902335262E+02,  1.27928177936067E+03
 1.98983333300000E+03,  3.95998442885564E-02, -1.15774000000000E-01,  5.03863044449695E-01,  2.37250000000006E+02,  7.91403757550617E+02,  1.62617885860516E+03
 1.98991666700000E+03,  1.05128849258609E-01,  2.20005000000000E-01,  5.07938011243973E-01,  2.37430000000006E+02,  1.00092550084484E+03,  1.93928616026999E+03
 1.99000000000000E+03,  1.93883085874340E-01,  3.62164000000000E-01,  5.11919402191238E-01,  2.37610000000006E+02,  8.94639777611219E+02,  1.81607386616308E+03
 1.99008333300000E+03,  3.26015194568368E-01,  4.68248000000000E-01,  5.15775705224836E-01,  2.37790000000007E+02,  8.15723348205915E+02,  1.66694827756034E+03
 1.99016666700000E+03,  4.75971435620227E-01,  5.17881000000000E-01,  5.19476549599774E-01,  2.37970000000007E+02,  7.92866802696403E+02,  1.54853837203145E+03
 1.99025000000000E+03,  6.20595896576205E-01,  3.89023000000000E-01,  8.55695292139769E-01,  2.38150000000007E+02,  5.51246870882286E+02,  1.17828006554561E+03
 1.99033333300000E+03,  7.02750738226823E-01,  3.25659000000000E-01,  8.58835546563828E-01,  2.38330000000007E+02,  3.35489474854589E+02,  7.57828857337366E+02
 1.99041666700000E+03,  7.40670457297410E-01,  2.38903000000000E-01,  8.61409920759116E-01,  2.38510000000007E+02,  3.99284345337484E+02,  5.46686860273989E+02
 1.99050000000000E+03,  7.49190797684051E-01,  4.37140000000000E-01,  8.63372896879341E-01,  2.38690000000007E+02,  4.61875837077330E+02,  4.06811352374624E+02
 1.99058333300000E+03,  7.61143477583849E-01,  5.43753000000000E-01,  8.64684336189920E-01,  2.38870000000007E+02,  4.27659758200377E+02,  3.93557932228668E+02
 1.99066666700000E+03,  7.61758708158511E-01,  4.61388000000000E-01,  8.65309651494074E-01,  2.39050000000007E+02,  5.35607979250329E+02,  7.68903422420694E+02
 1.99075000000000E+03,  7.50713113393587E-01,  5.84806000000000E-01,  8.65139057091108E-01,  2.39230000000007E+02,  6.76807909733152E+02,  1.21442131167945E+03
 1.99083333300000E+03,  7.31749514075714E-01,  5.19596000000000E-01,  8.64193194109677E-01,  2.39410000000007E+02,  6.36895555810137E+02,  1.29406970873514E+03
 1.99091666700000E+03,  7.24718581198623E-01,  7.64935000000000E-01,  8.62489572034237E-01,  2.39590000000007E+02,  5.67120469364706E+02,  1.24706203860163E+03
 1.99100000000000E+03,  7.29620315206087E-01,  7.96223000000000E-01,  8.60017513025654E-01,  2.39770000000007E+02,  5.12468524998079E+02,  1.18881193339254E+03
 1.99108333300000E+03,  6.39210068074442E-01,  6.38138000000000E-01,  8.56772055229621E-01,  2.39950000000007E+02,  3.40472175388249E+02,  8.23098251095293E+02
 1.99116666700000E+03,  4.36270626582888E-01,  5.00431000000000E-01,  8.52753854239406E-01,  2.40130000000007E+02,  2.07151748904484E+02,  3.81100969819645E+02
 1.99125000000000E+03,  1.20801996576844E-01,  6.49332000000000E-01,  7.79856681511153E-01,  2.40310000000007E+02,  2.03966894353321E+02,  3.48883645068798E+02
 1.99133333300000E+03, -9.23460207976737E-02,  6.41329000000000E-01,  7.82465245491886E-01,  2.40490000000007E+02,  1.58932445337199E+02,  6.71127155771008E+02
 1.99141666700000E+03, -1.82285001330962E-01,  7.23244000000000E-01,  7.85696323824299E-01,  2.40670000000007E+02,  1.38573212279108E+02,  9.92094226478568E+02
 1.99150000000000E+03, -1.42268407598066E-01,  6.61970000000000E-01,  7.89478862299679E-01,  2.40850000000007E+02,  2.13408025325322E+02,  1.08055702257611E+03
 1.99158333300000E+03, -8.65660650575664E-02,  6.98591000000000E-01,  7.93738575477189E-01,  2.41030000000007E+02,  2.01498327016647E+02,  1.08027078409381E+03
 1.99166666700000E+03, -3.69177342608533E-02,  5.07387000000000E-01,  7.98398638952996E-01,  2.41210000000007E+02,  2.12880518139330E+02,  1.28045715553807E+03
 1.99175000000000E+03,  2.00121123790134E-04,  8.81268000000000E-01,  7.99821228782142E-01,  2.41390000000007E+02,  4.34329457205149E+02,  1.49023194128182E+03
 1.99183333300000E+03,  4.12165927779200E-02,  8.58126000000000E-01,  8.04881754323512E-01,  2.41570000000007E+02,  6.12763082323150E+02,  1.44528330612956E+03
 1.99191666700000E+03,  1.08854844495166E-01,  9.41105000000000E-01,  8.10160738723138E-01,  2.41750000000007E+02,  6.19079769673185E+02,  1.40780870444253E+03
 1.99200000000000E+03,  1.95828173616692E-01,  7.87943000000000E-01,  8.15577856066275E-01,  2.41930000000007E+02,  6.47549457940750E+02,  1.49695618546155E+03
 1.99208333300000E+03,  2.41399348858117E-01,  9.18829000000000E-01,  8.21053147848048E-01,  2.42110000000007E+02,  6.32638924330220E+02,  1.34206731196948E+03
 1.99216666700000E+03,  2.15489816841728E-01,  9.35221000000000E-01,  8.26507655147001E-01,  2.42290000000007E+02,  4.34269527852094E+02,  8.74194512462545E+02
 1.99225000000000E+03,  1.37895599571584E-01,  8.66032000000000E-01,  6.54813290755292E-01,  2.42470000000007E+02,  2.42400113397594E+02,  5.55443356404762E+02
 1.99233333300000E+03,  1.09190317956217E-01,  8.05540000000000E-01,  6.42058913842438E-01,  2.42650000000007E+02,  1.87851394850608E+02,  5.68108939444910E+02
 1.99241666700000E+03,  1.61904217483961E-01,  5.27382000000000E-01,  6.29419078567900E-01,  2.42830000000007E+02,  1.53750087764855E+02,  5.75679892884906E+02
 1.99250000000000E+03,  2.79505661190015E-01,  5.47989000000000E-01,  6.16944394265212E-01,  2.43010000000007E+02,  1.45154257545909E+02,  5.17872577902104E+02
 1.99258333300000E+03,  3.94102471063321E-01,  3.40952000000000E-01,  6.04683709878817E-01,  2.43190000000007E+02,  2.34533970825124E+02,  6.00831343966701E+02
 1.99266666700000E+03,  4.72153178665335E-01,  3.06026000000000E-01,  5.92683858706267E-01,  2.43370000000007E+02,  3.12699432389101E+02,  6.55232402679222E+02
 1.99275000000000E+03,  5.08949961379863E-01,  1.85608000000000E-01,  5.90949516840128E-01,  2.43550000000007E+02,  3.82935164545043E+02,  7.43175917908041E+02
 1.99283333300000E+03,  5.23203773286368E-01,  2.59565000000000E-01,  5.79303450850121E-01,  2.43730000000007E+02,  5.97821679998699E+02,  1.28148268789096E+03
 1.99291666700000E+03,  5.34236590097815E-01,  4.12724000000000E-01,  5.68010872385227E-01,  2.43910000000007E+02,  8.17124992334331E+02,  1.90958053404481E+03
 1.99300000000000E+03,  5.50686048100301E-01,  6.08152000000000E-01,  5.57110835975762E-01,  2.44090000000007E+02,  8.79086617037747E+02,  2.17366017689804E+03
 1.99308333300000E+03,  5.84240614709628E-01,  5.10427000000000E-01,  5.46639543678499E-01,  2.44270000000007E+02,  9.76428071251930E+02,  2.55892287859363E+03
 1.99316666700000E+03,  6.29797808391831E-01,  4.45942000000000E-01,  5.36630199381272E-01,  2.44450000000007E+02,  1.11429582914241E+03,  3.09129251724915E+03
 1.99325000000000E+03,  6.83162216598100E-01,  6.20762000000000E-01,  8.61740653756334E-01,  2.44630000000007E+02,  1.04215250496565E+03,  3.03384721426854E+03
 1.99333333300000E+03,  7.12425221858156E-01,  6.01410000000000E-01,  8.63609415140718E-01,  2.44810000000007E+02,  8.64760903081969E+02,  2.52974237353357E+03
 1.99341666700000E+03,  7.23487010147737E-01,  5.55273000000000E-01,  8.64821156610180E-01,  2.44990000000007E+02,  7.61194594911340E+02,  2.15437998158681E+03
 1.99350000000000E+03,  7.23638579358597E-01,  5.45839000000000E-01,  8.65342126016647E-01,  2.45170000000007E+02,  5.95348165928828E+02,  1.69298297482739E+03
 1.99358333300000E+03,  7.26283268384927E-01,  5.01133000000000E-01,  8.65144262789216E-01,  2.45350000000007E+02,  3.91291111297667E+02,  1.00419432702320E+03
 1.99366666700000E+03,  7.17655153281780E-01,  5.83187000000000E-01,  8.64205270274420E-01,  2.45530000000007E+02,  3.40559631178205E+02,  5.27472742493883E+02
 1.99375000000000E+03,  6.91676458572093E-01,  4.87907000000000E-01,  8.62057633838681E-01,  2.45710000000007E+02,  3.45561067342069E+02,  4.14008578865483E+02
 1.99383333300000E+03,  6.56605158642801E-01,  5.84396000000000E-01,  8.59431372072201E-01,  2.45890000000007E+02,  3.09773526071515E+02,  5.03862510161201E+02
 1.99391666700000E+03,  6.32396402455461E-01,  4.89454000000000E-01,  8.56031397416216E-01,  2.46070000000007E+02,  3.50132308978940E+02,  7.00176600250997E+02
 1.99400000000000E+03,  6.24659418553171E-01,  3.26183000000000E-01,  8.51859471894410E-01,  2.46250000000007E+02,  3.81825212749872E+02,  7.55416732044805E+02
 1.99408333300000E+03,  5.92407103418712E-01,  7.54000000000000E-02,  8.46922807137724E-01,  2.46430000000007E+02,  2.97509753753802E+02,  6.63346746297975E+02
 1.99416666700000E+03,  5.23631145709023E-01,  1.79541000000000E-01,  8.41233885911003E-01,  2.46610000000007E+02,  3.34991392879049E+02,  8.85433578114569E+02
 1.99425000000000E+03,  4.17969253263109E-01,  3.51292000000000E-01,  8.16639108232683E-01,  2.46790000000007E+02,  5.26788537316278E+02,  1.31283016821053E+03
 1.99433333300000E+03,  3.56620344504352E-01,  3.53479000000000E-01,  8.22116500026660E-01,  2.46970000000007E+02,  5.68587896478778E+02,  1.37188185637097E+03
 1.99441666700000E+03,  3.52005266690191E-01,  5.11572000000000E-01,  8.27557940897440E-01,  2.47150000000007E+02,  5.16706117434034E+02,  1.27962629726500E+03
 1.99450000000000E+03,  4.06531740306638E-01,  7.54610000000000E-01,  8.32886455937965E-01,  2.47330000000007E+02,  5.44390189155976E+02,  1.34927041261592E+03
 1.99458333300000E+03,  4.69628238525662E-01,  9.84941000000000E-01,  8.38027356738902E-01,  2.47510000000007E+02,  4.45644278165228E+02,  1.11256214389997E+03
 1.99466666700000E+03,  5.22148194504181E-01,  7.77977000000000E-01,  8.42908773827087E-01,  2.47690000000007E+02,  2.15215436292202E+02,  5.41038706862430E+02
 1.99475000000000E+03,  5.53739359705098E-01,  9.51128000000000E-01,  8.47873151724889E-01,  2.47870000000007E+02,  1.30588215692091E+02,  2.30143657368667E+02
 1.99483333300000E+03,  5.77504628292709E-01,  1.09523000000000E+00,  8.51993368626553E-01,  2.48050000000007E+02,  1.32279817986287E+02,  1.81239460269605E+02
 1.99491666700000E+03,  6.11978672792895E-01,  1.03268000000000E+00,  8.55654642372206E-01,  2.48230000000007E+02,  9.84486341307212E+01,  1.61672203637375E+02
 1.99500000000000E+03,  6.60873542883799E-01,  1.04577000000000E+00,  8.58801347253739E-01,  2.48410000000007E+02,  1.56881238210636E+02,  2.73714058472151E+02
 1.99508333300000E+03,  7.01304271714218E-01,  9.40039000000000E-01,  8.61382746150592E-01,  2.48590000000007E+02,  2.71020182291972E+02,  4.07826328713116E+02
 1.99516666700000E+03,  7.02110905921951E-01,  8.93002000000000E-01,  8.63353258321120E-01,  2.48770000000007E+02,  2.97809165339259E+02,  4.07332755406620E+02
 1.99525000000000E+03,  6.54166689611871E-01,  6.50942000000000E-01,  8.52151072898014E-01,  2.48950000000007E+02,  3.04400667585285E+02,  4.22656434424929E+02
 1.99533333300000E+03,  5.74346151382320E-01,  5.76900000000000E-01,  8.47263300418744E-01,  2.49130000000007E+02,  3.24701798515582E+02,  4.51052047972750E+02
 1.99541666700000E+03,  4.90503464934306E-01,  5.70293000000000E-01,  8.41622313418890E-01,  2.49310000000007E+02,  2.55801167428393E+02,  3.53998958043626E+02
 1.99550000000000E+03,  4.14864643159720E-01,  4.13219000000000E-01,  8.35245336281879E-01,  2.49490000000007E+02,  1.37970299496312E+02,  2.42061090282555E+02
 1.99558333300000E+03,  3.39213862232803E-01,  2.35493000000000E-01,  8.28154429590334E-01,  2.49670000000007E+02,  1.06560427688211E+02,  2.69475623500039E+02
 1.99566666700000E+03,  2.44707557351990E-01,  1.12717000000000E-01,  8.20376224508832E-01,  2.49850000000007E+02,  1.27231016480388E+02,  3.72003549003829E+02
 1.99575000000000E+03,  1.24287556928774E-01, -1.19293000000000E-01,  8.12879303169704E-01,  2.50030000000007E+02,  1.10248367328511E+02,  3.89203696500988E+02
 1.99583333300000E+03, -9.64402318367205E-03, -1.46225000000000E-01,  8.03888266712336E-01,  2.50210000000007E+02,  1.09860020678668E+02,  3.41697055272733E+02
 1.99591666700000E+03, -1.31951411041689E-01, -1.18647000000000E-01,  7.94309940851255E-01,  2.50390000000007E+02,  1.39257698973898E+02,  3.99038124695519E+02
 1.99600000000000E+03, -2.21528653666205E-01, -2.19458000000000E-01,  7.84185807276585E-01,  2.50570000000007E+02,  1.08790073660174E+02,  4.86483175331307E+02
 1.99608333300000E+03, -1.98368674341952E-01, -2.67792000000000E-01,  7.73560326491310E-01,  2.50750000000007E+02,  7.48586926522365E+01,  4.20532356402451E+02
 1.99616666700000E+03, -6.86169668681994E-02, -1.28719000000000E-01,  7.62480572791404E-01,  2.50930000000007E+02,  1.18672672576167E+02,  3.40218188340467E+02
 1.99625000000000E+03,  1.36360126355409E-01, -7.61000000000000E-02,  5.36955913433684E-01,  2.51110000000007E+02,  1.37651632322424E+02,  3.64494248782654E+02
 1.99633333300000E+03,  2.44633771457228E-01, -1.37159000000000E-01,  5.27421755907098E-01,  2.51290000000007E+02,  1.13958380437618E+02,  3.21572861344646E+02
 1.99641666700000E+03,  2.41819510181362E-01,  1.05272000000000E-01,  5.18405646057316E-01,  2.51470000000007E+02,  1.64229013787573E+02,  2.12762771244780E+02
 1.99650000000000E+03,  1.49837314225198E-01, -1.70000000000000E-02,  5.09931252410722E-01,  2.51650000000007E+02,  2.36627566934963E+02,  2.30814033883189E+02
 1.99658333300000E+03,  5.30367594306129E-02, -9.04000000000000E-02,  5.02018885603324E-01,  2.51830000000007E+02,  2.38764387473471E+02,  3.34951897023504E+02
 1.99666666700000E+03, -4.68752234470552E-02, -5.97000000000000E-02,  4.94685461504063E-01,  2.52010000000007E+02,  2.54628568910320E+02,  3.78667283647733E+02
 1.99675000000000E+03, -1.55394090254148E-01, -2.12000000000000E-02,  4.88167680864217E-01,  2.52190000000007E+02,  3.10260573422510E+02,  4.16958708047693E+02
 1.99683333300000E+03, -2.57413075553723E-01,  7.38000000000000E-02,  4.82008273152460E-01,  2.52370000000007E+02,  2.95743865294849E+02,  5.54878042987431E+02
 1.99691666700000E+03, -3.32722500423803E-01,  1.54823000000000E-01,  4.76457949518633E-01,  2.52550000000007E+02,  2.18693361540132E+02,  6.66105030062537E+02
 1.99700000000000E+03, -3.71062934859824E-01,  2.33383000000000E-01,  4.71520197489943E-01,  2.52730000000007E+02,  1.67172627149943E+02,  5.83656377087397E+02
 1.99708333300000E+03, -2.71205211123687E-01,  2.32119000000000E-01,  4.67195220034570E-01,  2.52910000000007E+02,  1.28992580870584E+02,  5.24910946803664E+02
 1.99716666700000E+03, -4.58706233477278E-02,  2.76972000000000E-01,  4.63480011120173E-01,  2.53090000000007E+02,  1.18895938020477E+02,  7.67132450254704E+02
 1.99725000000000E+03,  2.93275739467220E-01,  6.35742000000000E-01,  8.49123603104158E-01,  2.53270000000007E+02,  2.06961807340302E+02,  1.04265872835982E+03
 1.99733333300000E+03,  5.22166186433073E-01,  7.54700000000000E-01,  8.53115476677556E-01,  2.53450000000007E+02,  3.08772553068362E+02,  1.04392476622003E+03
 1.99741666700000E+03,  6.45871830585366E-01,  6.68453000000000E-01,  8.56631631425805E-01,  2.53630000000007E+02,  3.20499318529949E+02,  1.01843775600160E+03
 1.99750000000000E+03,  6.66772264407542E-01,  8.79990000000000E-01,  8.59617842511432E-01,  2.53810000000007E+02,  3.34002354287996E+02,  1.08890811664580E+03
 1.99758333300000E+03,  6.92660732758054E-01,  9.53503000000000E-01,  8.62024856985474E-01,  2.53990000000007E+02,  3.78719574638314E+02,  9.17259327852479E+02
 1.99766666700000E+03,  7.07584846891840E-01,  1.06266000000000E+00,  8.63808647723481E-01,  2.54170000000007E+02,  3.36397641836804E+02,  5.38221925767150E+02
 1.99775000000000E+03,  7.08766628696228E-01,  9.97187000000000E-01,  8.64912087223841E-01,  2.54350000000007E+02,  2.64294884626845E+02,  3.70949545986127E+02
 1.99783333300000E+03,  7.03680142712401E-01,  1.09356000000000E+00,  8.65355919782550E-01,  2.54530000000007E+02,  2.88964320209614E+02,  3.67826410341131E+02
 1.99791666700000E+03,  7.10568771381750E-01,  9.01865000000000E-01,  8.65078207097939E-01,  2.54710000000007E+02,  3.15487724962494E+02,  2.57929059678055E+02
 1.99800000000000E+03,  7.30821503738251E-01,  1.04394000000000E+00,  8.64057283586732E-01,  2.54890000000007E+02,  2.66047278887448E+02,  1.72099273360127E+02
 1.99808333300000E+03,  7.11459015765955E-01,  8.87989000000000E-01,  8.62277275204177E-01,  2.55070000000007E+02,  2.28918078340183E+02,  2.09232042245968E+02
 1.99816666700000E+03,  6.21312772297147E-01,  5.87711000000000E-01,  8.59728078482271E-01,  2.55250000000007E+02,  2.14413811219137E+02,  2.14016913956870E+02
 1.99825000000000E+03,  4.42909003409679E-01,  3.29212000000000E-01,  8.24260195624914E-01,  2.55430000000007E+02,  1.78632369518833E+02,  2.61013178194033E+02
 1.99833333300000E+03,  2.54120656866708E-01,  2.74040000000000E-01,  8.16142154843508E-01,  2.55610000000007E+02,  1.44040070974167E+02,  4.05842718513534E+02
 1.99841666700000E+03,  8.55096259779740E-02, -1.26547000000000E-01,  8.07385092805402E-01,  2.55790000000007E+02,  1.02006800854784E+02,  3.91714173260414E+02
 1.99850000000000E+03, -4.05863355831065E-02, -2.80600000000000E-01,  7.98025795764772E-01,  2.55970000000007E+02,  1.04191582805532E+02,  3.29599328536505E+02
 1.99858333300000E+03, -1.53086411610793E-01, -4.45019000000000E-01,  7.88104516428943E-01,  2.56150000000007E+02,  2.63327719432963E+02,  5.76282557719328E+02
 1.99866666700000E+03, -2.65772209985675E-01, -4.99434000000000E-01,  7.77664623008888E-01,  2.56330000000007E+02,  4.43602083496195E+02,  8.25616469307649E+02
 1.99875000000000E+03, -3.80962044209187E-01, -8.53813000000000E-01,  7.70297829577043E-01,  2.56510000000007E+02,  4.66848307733896E+02,  7.48513709117575E+02
 1.99883333300000E+03, -4.87576061693744E-01, -9.43964000000000E-01,  7.59091920085879E-01,  2.56690000000007E+02,  4.92770713562854E+02,  7.73808090847290E+02
 1.99891666700000E+03, -5.57445924201931E-01, -1.11812000000000E+00,  7.47496156270876E-01,  2.56870000000007E+02,  5.88016925685962E+02,  1.00723161558343E+03
 1.99900000000000E+03, -5.82256924876835E-01, -1.36163000000000E+00,  7.35562204862661E-01,  2.57050000000007E+02,  5.24119111195256E+02,  9.40509053804704E+02
 1.99908333300000E+03, -5.74074750154266E-01, -1.38940000000000E+00,  7.23343109570850E-01,  2.57230000000007E+02,  3.70545605076344E+02,  6.79015032267134E+02
 1.99916666700000E+03, -5.64231311752843E-01, -9.43489000000000E-01,  7.10892916425069E-01,  2.57410000000007E+02,  3.62322094574389E+02,  6.17079392195738E+02
 1.99925000000000E+03, -5.70167427256780E-01, -7.76377000000000E-01,  4.56401790484291E-01,  2.57590000000007E+02,  3.54664272574990E+02,  5.81624531905794E+02
 1.99933333300000E+03, -5.91883096508957E-01, -7.57700000000000E-01,  4.54877221566600E-01,  2.57770000000007E+02,  2.56442363161240E+02,  5.74428623219247E+02
 1.99941666700000E+03, -6.12685426805135E-01, -6.33368000000000E-01,  4.53908075207638E-01,  2.57950000000007E+02,  2.45413227253462E+02,  8.16845928538434E+02
 1.99950000000000E+03, -6.20209796496320E-01, -6.52309000000000E-01,  4.53475152175196E-01,  2.58130000000007E+02,  2.84462617985741E+02,  1.06739607315466E+03
 1.99958333300000E+03, -6.14788558837558E-01, -7.28989000000000E-01,  4.53556901875273E-01,  2.58310000000007E+02,  3.52891345230256E+02,  1.30747062715968E+03
 1.99966666700000E+03, -6.09459235211580E-01, -5.58542000000000E-01,  4.54129588994377E-01,  2.58490000000007E+02,  5.61129062269067E+02,  1.72346106549292E+03
 1.99975000000000E+03, -6.10006006842584E-01, -6.72483000000000E-01,  4.54640283258471E-01,  2.58670000000007E+02,  6.75262475512936E+02,  1.81554899295597E+03
 1.99983333300000E+03, -6.07571815762335E-01, -8.94754000000000E-01,  4.55920603467699E-01,  2.58850000000007E+02,  6.62982967595942E+02,  1.41544457430714E+03
 1.99991666700000E+03, -5.83615053867300E-01, -1.08267000000000E+00,  4.57622769794693E-01,  2.59030000000007E+02,  9.23216991645338E+02,  1.20771841744590E+03
 2.00000000000000E+03, -5.38135720889090E-01, -1.22025000000000E+00,  4.59716730803257E-01,  2.59210000000007E+02,  1.20373720083433E+03,  1.16283971065297E+03
 2.00008333300000E+03, -4.93810464326133E-01, -1.33937000000000E+00,  4.62171074064367E-01,  2.59390000000007E+02,  1.05604365273469E+03,  7.79465753500085E+02
 2.00016666700000E+03, -4.82530080009344E-01, -1.26742000000000E+00,  4.64953214997910E-01,  2.59570000000007E+02,  9.13284737391479E+02,  4.51640429759949E+02
 2.00025000000000E+03, -5.07468618764333E-01, -9.95537000000000E-01,  4.55181162868950E-01,  2.59750000000007E+02,  9.65464368214753E+02,  5.06536734336422E+02
 2.00033333300000E+03, -5.48514546507795E-01, -8.35871000000000E-01,  4.54084629183439E-01,  2.59930000000007E+02,  7.15055094347750E+02,  4.68827021134382E+02
 2.00041666700000E+03, -5.74112152113960E-01, -5.26957000000000E-01,  4.53528993891807E-01,  2.60110000000007E+02,  3.42762652683330E+02,  2.66454579841829E+02
 2.00050000000000E+03, -5.74765691411169E-01, -4.13071000000000E-01,  4.53493237967523E-01,  2.60290000000007E+02,  3.32050721917370E+02,  2.71855752067530E+02
 2.00058333300000E+03, -5.56434755684643E-01, -2.44308000000000E-01,  4.53954118322871E-01,  2.60470000000007E+02,  3.83973026273067E+02,  3.11213272852453E+02
 2.00066666700000E+03, -5.36745480864597E-01, -1.99903000000000E-01,  4.54886339650505E-01,  2.60650000000007E+02,  2.56957352303363E+02,  2.12845246716680E+02
 2.00075000000000E+03, -5.24250425438910E-01, -3.16942000000000E-01,  4.56961800307232E-01,  2.60830000000007E+02,  2.65501275866267E+02,  3.94292236513137E+02
 2.00083333300000E+03, -5.09785570714352E-01, -3.70184000000000E-01,  4.58917946637078E-01,  2.61010000000007E+02,  4.11111263845485E+02,  8.50744407551167E+02
 2.00091666700000E+03, -4.76492273832102E-01, -6.78545000000000E-01,  4.61245954716650E-01,  2.61190000000007E+02,  4.19508562746100E+02,  1.02512898990838E+03
 2.00100000000000E+03, -4.14658611586624E-01, -6.90548000000000E-01,  4.63913641085982E-01,  2.61370000000007E+02,  4.21352992037769E+02,  1.08585216698926E+03
 2.00108333300000E+03, -3.08462146049002E-01, -7.23131000000000E-01,  4.66887771104343E-01,  2.61550000000007E+02,  5.57218827281111E+02,  1.49986116697084E+03
 2.00116666700000E+03, -1.81027781307004E-01, -5.34748000000000E-01,  4.70134247893896E-01,  2.61730000000007E+02,  5.60166924289924E+02,  1.79648712868546E+03
 2.00125000000000E+03, -4.48495451834234E-02, -2.33028000000000E-01,  7.97112608120547E-01,  2.61910000000007E+02,  4.09080353443542E+02,  1.56747434666715E+03
 2.00133333300000E+03,  4.99772737588110E-02, -1.46500000000000E-01,  8.02015789161694E-01,  2.62090000000007E+02,  3.89327762091987E+02,  1.34086978438761E+03
 2.00141666700000E+03,  1.25933161827943E-01,  9.43000000000000E-02,  8.07182329032169E-01,  2.62270000000007E+02,  3.68327752379146E+02,  1.33008482063641E+03
 2.00150000000000E+03,  1.94201478172752E-01,  3.31900000000000E-01,  8.12531980806545E-01,  2.62450000000007E+02,  2.36569602484749E+02,  1.19397585940558E+03
 2.00158333300000E+03,  2.76203037596406E-01,  4.04491000000000E-01,  8.17984500792950E-01,  2.62630000000007E+02,  3.36964586597117E+02,  1.08212060425168E+03
 2.00166666700000E+03,  3.50805997655604E-01,  4.87787000000000E-01,  8.23460293915708E-01,  2.62810000000007E+02,  5.76093245467830E+02,  1.20271513538661E+03
 2.00175000000000E+03,  4.07610294546293E-01,  3.27957000000000E-01,  8.29557324543238E-01,  2.62990000000007E+02,  5.96299634763846E+02,  1.27418086342809E+03
 2.00183333300000E+03,  4.55614708789956E-01,  3.09725000000000E-01,  8.34824633890178E-01,  2.63170000000007E+02,  6.63718029232329E+02,  1.32882596372743E+03
 2.00191666700000E+03,  5.14866881135337E-01,  1.26755000000000E-01,  8.39877237829357E-01,  2.63350000000007E+02,  8.98680515380755E+02,  1.60711005709738E+03
 2.00200000000000E+03,  5.84270902311552E-01,  4.06542000000000E-01,  8.44644443725625E-01,  2.63530000000007E+02,  8.89702477744950E+02,  1.76854720461401E+03
 2.00208333300000E+03,  6.30281579012350E-01,  2.93737000000000E-01,  8.49059045490182E-01,  2.63710000000007E+02,  6.89131736863815E+02,  1.62928121557361E+03
 2.00216666700000E+03,  6.30423456459831E-01,  3.32170000000000E-01,  8.53057760971889E-01,  2.63890000000007E+02,  6.06591428472989E+02,  1.59229222841002E+03
 2.00225000000000E+03,  5.91101571935260E-01,  4.68752000000000E-01,  8.32719076001210E-01,  2.64070000000007E+02,  4.86942967829425E+02,  1.53967116026697E+03
 2.00233333300000E+03,  5.63940829359847E-01,  4.56470000000000E-01,  8.37867083844204E-01,  2.64250000000008E+02,  2.27750593444549E+02,  1.03402518385627E+03
 2.00241666700000E+03,  5.69188160083384E-01,  7.34882000000000E-01,  8.42757850732414E-01,  2.64430000000008E+02,  4.53931085513173E+01,  4.47494979989757E+02
 2.00250000000000E+03,  6.06459522240676E-01,  7.51850000000000E-01,  8.47322707404755E-01,  2.64610000000008E+02,  1.32127051341247E+01,  2.44548308710771E+02
 2.00258333300000E+03,  6.46544008046798E-01,  8.12721000000000E-01,  8.51496737056212E-01,  2.64790000000008E+02,  5.23244265000686E+01,  2.01889814149089E+02
 2.00266666700000E+03,  6.72095239665365E-01,  8.16708000000000E-01,  8.55219186840462E-01,  2.64970000000008E+02,  1.10363249529222E+02,  1.44689420018621E+02
 2.00275000000000E+03,  6.80642940572373E-01,  9.69748000000000E-01,  8.55571106000728E-01,  2.65150000000008E+02,  1.45779645820095E+02,  1.79750343431801E+02
 2.00283333300000E+03,  6.84456810114877E-01,  1.09921000000000E+00,  8.58731007920780E-01,  2.65330000000008E+02,  2.14366739292511E+02,  3.44103781416912E+02
 2.00291666700000E+03,  7.02840112987296E-01,  9.63915000000000E-01,  8.61326783005176E-01,  2.65510000000008E+02,  3.95823507430676E+02,  6.60628997557507E+02
 2.00300000000000E+03,  7.37567713914887E-01,  8.45602000000000E-01,  8.63312721712275E-01,  2.65690000000008E+02,  5.73643209275376E+02,  1.01337249916742E+03
 2.00308333300000E+03,  6.62556979793977E-01,  7.30099000000000E-01,  8.64648486452133E-01,  2.65870000000008E+02,  6.40947413657573E+02,  1.18258525111635E+03
 2.00316666700000E+03,  4.59487925986868E-01,  7.24621000000000E-01,  8.65299285731320E-01,  2.66050000000008E+02,  7.20496559277583E+02,  1.21353416971416E+03
 2.00325000000000E+03,  1.28413691092876E-01,  5.20002000000000E-01,  4.76629691426999E-01,  2.66230000000008E+02,  8.22074490185966E+02,  1.22305639020774E+03
 2.00333333300000E+03, -9.09704341921450E-02,  1.75070000000000E-01,  4.80455503905748E-01,  2.66410000000008E+02,  7.64302525630610E+02,  1.16722114601605E+03
 2.00341666700000E+03, -1.80282653664142E-01,  3.35062000000000E-01,  4.84418777658759E-01,  2.66590000000008E+02,  6.00087505857103E+02,  1.10291981141778E+03
 2.00350000000000E+03, -1.34114992603992E-01,  4.13559000000000E-01,  4.88483842635225E-01,  2.66770000000008E+02,  4.92550772541013E+02,  1.15057926496148E+03
 2.00358333300000E+03, -7.80969917142347E-02,  4.06483000000000E-01,  4.92615213270992E-01,  2.66950000000008E+02,  3.82712413442419E+02,  1.19680774775186E+03
 2.00366666700000E+03, -3.21423389523545E-02,  4.63627000000000E-01,  4.96777752040895E-01,  2.67130000000008E+02,  2.42333722917407E+02,  1.06141100499531E+03
 2.00375000000000E+03, -2.16611496905746E-03,  6.59058000000000E-01,  4.97670829945697E-01,  2.67310000000008E+02,  1.52370888835966E+02,  7.96980575643941E+02
 2.00383333300000E+03,  2.70584354753424E-02,  7.00525000000000E-01,  5.01824713812408E-01,  2.67490000000008E+02,  1.02533698006239E+02,  5.14204397744361E+02
 2.00391666700000E+03,  7.86379661720517E-02,  5.25913000000000E-01,  5.05933970790993E-01,  2.67670000000008E+02,  1.28110510951698E+02,  2.78429851007268E+02
 2.00400000000000E+03,  1.47966166421687E-01,  5.36112000000000E-01,  5.09965609244841E-01,  2.67850000000008E+02,  2.62507785862018E+02,  2.73888792247275E+02
 2.00408333300000E+03,  2.04976387618173E-01,  3.62669000000000E-01,  5.13887596757139E-01,  2.68030000000008E+02,  3.38406379719188E+02,  4.54228961368059E+02
 2.00416666700000E+03,  2.23369009767597E-01,  1.50221000000000E-01,  5.17668984162624E-01,  2.68210000000008E+02,  3.18930985598124E+02,  5.18971304089716E+02
 2.00425000000000E+03,  2.19131949865788E-01,  3.27902000000000E-01,  6.42491987940036E-01,  2.68390000000008E+02,  4.35623194508054E+02,  6.66613385440494E+02
 2.00433333300000E+03,  2.35823842381116E-01,  3.70581000000000E-01,  6.29847406893214E-01,  2.68570000000008E+02,  6.78882180646073E+02,  1.13017788033300E+03
 2.00441666700000E+03,  2.99925918545704E-01,  4.45513000000000E-01,  6.17366279528376E-01,  2.68750000000008E+02,  7.59928182755270E+02,  1.40971989076443E+03
 2.00450000000000E+03,  3.94626254445879E-01,  6.52620000000000E-01,  6.05097519096461E-01,  2.68930000000008E+02,  7.01403820530767E+02,  1.34075161567799E+03
 2.00458333300000E+03,  4.83060772495018E-01,  7.45012000000000E-01,  5.93088031575329E-01,  2.69110000000008E+02,  7.59347858371120E+02,  1.40649366726286E+03
 2.00466666700000E+03,  5.29355321035622E-01,  9.15777000000000E-01,  5.81382479775126E-01,  2.69290000000008E+02,  8.08814680065124E+02,  1.45900761749660E+03
 2.00475000000000E+03,  5.26305726852320E-01,  9.11226000000000E-01,  5.61053041873380E-01,  2.69470000000008E+02,  6.17525765246888E+02,  1.09685246247632E+03
 2.00483333300000E+03,  4.83630986328141E-01,  8.82776000000000E-01,  5.50420788106116E-01,  2.69650000000008E+02,  4.17342251015655E+02,  7.20423555767606E+02
 2.00491666700000E+03,  4.30156988649896E-01,  8.74254000000000E-01,  5.40238683772406E-01,  2.69830000000008E+02,  3.97942173202527E+02,  7.22593471119566E+02
 2.00500000000000E+03,  3.84752062822773E-01,  9.53033000000000E-01,  5.30537966777578E-01,  2.70010000000008E+02,  3.27227667154378E+02,  7.76347774091392E+02
 2.00508333300000E+03,  3.09438894256528E-01,  6.46378000000000E-01,  5.21346686691529E-01,  2.70190000000008E+02,  1.70274731741993E+02,  6.22376914386804E+02
 2.00516666700000E+03,  2.00862472518451E-01,  5.79502000000000E-01,  5.12689617531224E-01,  2.70370000000008E+02,  1.28509848500346E+02,  4.85780802417410E+02
 2.00525000000000E+03,  7.58326418187024E-02,  4.66282000000000E-01,  9.94463150405440E-01,  2.70550000000008E+02,  1.33655374136436E+02,  4.54466611168368E+02
 2.00533333300000E+03,  4.70529702243521E-02,  3.61370000000000E-01,  9.78201961228259E-01,  2.70730000000008E+02,  1.08452640238110E+02,  3.67350134731713E+02
 2.00541666700000E+03,  1.35977133354085E-01,  3.79513000000000E-01,  9.62014255455242E-01,  2.70910000000008E+02,  1.63533207203220E+02,  3.61821645138779E+02
 2.00550000000000E+03,  3.16866749863244E-01,  2.68480000000000E-01,  9.46008376306723E-01,  2.71090000000008E+02,  2.36167646672725E+02,  5.81139649253831E+02
 2.00558333300000E+03,  4.98341304051540E-01,  2.89652000000000E-01,  9.30289217179538E-01,  2.71270000000008E+02,  2.06616690262373E+02,  7.31254096272142E+02
 2.00566666700000E+03,  6.31637147712950E-01,  2.99917000000000E-01,  9.14957273283069E-01,  2.71450000000008E+02,  1.84758929940411E+02,  7.51474267642746E+02
 2.00575000000000E+03,  6.98395057737741E-01,  2.58038000000000E-01,  8.98813871987445E-01,  2.71630000000008E+02,  2.57965256333433E+02,  9.37539394847566E+02
 2.00583333300000E+03,  7.12273666027999E-01,  1.13955000000000E-01,  8.84590859925500E-01,  2.71810000000008E+02,  3.13187677236879E+02,  1.13573309551008E+03
 2.00591666700000E+03,  6.93928611867291E-01, -1.28326000000000E-01,  8.71028763267237E-01,  2.71990000000008E+02,  2.76983872153712E+02,  1.04934020131090E+03
 2.00600000000000E+03,  6.61142104662480E-01, -4.10257000000000E-01,  8.58201839062078E-01,  2.72170000000008E+02,  2.51135882367541E+02,  9.10042600584651E+02
 2.00608333300000E+03,  5.81977234894658E-01, -6.21172000000000E-01,  8.46176347673539E-01,  2.72350000000008E+02,  2.72807397030972E+02,  8.88067522004209E+02
 2.00616666700000E+03,  4.63886370782889E-01, -4.07778000000000E-01,  8.35010115819418E-01,  2.72530000000008E+02,  2.14553210710285E+02,  6.92482464192355E+02
 2.00625000000000E+03,  3.36901974584202E-01, -1.23697000000000E-01,  9.73383719436818E-01,  2.72710000000008E+02,  1.01656521081150E+02,  3.15152138726055E+02
 2.00633333300000E+03,  3.01624261713614E-01,  8.30000000000000E-02,  9.57238821417952E-01,  2.72890000000008E+02,  7.66854039244293E+01,  1.75693920571030E+02
 2.00641666700000E+03,  3.71808238869602E-01,  3.06562000000000E-01,  9.41307293775852E-01,  2.73070000000008E+02,  8.05947697200376E+01,  2.59369131337978E+02
 2.00650000000000E+03,  5.09183192189550E-01,  3.74149000000000E-01,  9.25692820085747E-01,  2.73250000000008E+02,  1.00578400489186E+02,  2.30091448111956E+02
 2.00658333300000E+03,  6.32198926953531E-01,  6.38712000000000E-01,  9.10494417743318E-01,  2.73430000000008E+02,  2.39162295584443E+02,  2.29034439217835E+02
 2.00666666700000E+03,  7.02532987327637E-01,  7.72917000000000E-01,  8.95805584123197E-01,  2.73610000000008E+02,  3.48039668191353E+02,  3.98891411095614E+02
 2.00675000000000E+03,  7.20962900839967E-01,  8.25268000000000E-01,  8.95241162590496E-01,  2.73790000000008E+02,  3.37013340957269E+02,  4.51802928352854E+02
 2.00683333300000E+03,  7.04292787913499E-01,  9.11776000000000E-01,  8.81174186186000E-01,  2.73970000000008E+02,  3.76651313257516E+02,  4.03288860032889E+02
 2.00691666700000E+03,  6.73160212403020E-01,  9.37464000000000E-01,  8.67787196278976E-01,  2.74150000000008E+02,  3.95794601826482E+02,  4.71009001052537E+02
 2.00700000000000E+03,  6.36829527678891E-01,  6.68922000000000E-01,  8.55152519058429E-01,  2.74330000000008E+02,  2.57128285955610E+02,  4.74005132746343E+02
 2.00708333300000E+03,  5.87856731056312E-01,  3.89109000000000E-01,  8.43334367374674E-01,  2.74510000000008E+02,  1.44758001274840E+02,  3.23773522153593E+02
 2.00716666700000E+03,  5.10642541824503E-01,  2.22431000000000E-01,  8.32388426794243E-01,  2.74690000000008E+02,  1.56348913992653E+02,  2.79195303160123E+02
 2.00725000000000E+03,  3.96421016317150E-01,  2.02272000000000E-01,  5.23782305425098E-01,  2.74870000000008E+02,  1.75730356628736E+02,  4.37244685182451E+02
 2.00733333300000E+03,  2.57501472586645E-01,  3.36000000000000E-02,  5.14978410925793E-01,  2.75050000000008E+02,  1.64261622320955E+02,  6.23763562218280E+02
 2.00741666700000E+03,  1.20995881502361E-01,  1.81263000000000E-01,  5.06724692780182E-01,  2.75230000000008E+02,  1.50177820252891E+02,  6.94289083311275E+02
 2.00750000000000E+03,  5.83096141500709E-03,  6.31000000000000E-02,  4.99040118397182E-01,  2.75410000000008E+02,  1.72154989022808E+02,  7.28675484521168E+02
 2.00758333300000E+03, -8.48869640022496E-02,  2.08000000000000E-02,  4.91940251574893E-01,  2.75590000000008E+02,  2.10693490023627E+02,  7.83559620256531E+02
 2.00766666700000E+03, -1.67968066462959E-01, -3.57342000000000E-01,  4.85437244436748E-01,  2.75770000000008E+02,  1.95818148795638E+02,  7.00956539129963E+02
 2.00775000000000E+03, -2.50678273671155E-01, -6.09152000000000E-01,  4.83173575101824E-01,  2.75950000000008E+02,  1.66425565233139E+02,  5.16451449049767E+02
 2.00783333300000E+03, -3.31020393882398E-01, -9.56905000000000E-01,  4.77502890801581E-01,  2.76130000000008E+02,  1.64021147135816E+02,  4.39300773042299E+02
 2.00791666700000E+03, -3.87955885140968E-01, -9.62166000000000E-01,  4.72444352998064E-01,  2.76310000000008E+02,  1.97196979034576E+02,  4.63245098425466E+02
 2.00800000000000E+03, -4.12133963860460E-01, -1.24928000000000E+00,  4.67998806202057E-01,  2.76490000000008E+02,  3.08523852343662E+02,  5.56152052477277E+02
 2.00808333300000E+03, -3.85176481684538E-01, -1.41260000000000E+00,  4.64163869769838E-01,  2.76670000000008E+02,  3.88373083318681E+02,  6.63690605628545E+02
 2.00816666700000E+03, -3.24599196513353E-01, -1.15769000000000E+00,  4.60934026102578E-01,  2.76850000000008E+02,  3.79175269989101E+02,  6.44428387757016E+02
 2.00825000000000E+03, -2.62918449929505E-01, -8.52688000000000E-01,  7.98330945765558E-01,  2.77030000000008E+02,  4.36561668485847E+02,  5.99465867811546E+02
 2.00833333300000E+03, -2.64059725809956E-01, -7.60731000000000E-01,  7.88426809471171E-01,  2.77210000000008E+02,  4.75548117073033E+02,  5.96369492226952E+02
 2.00841666700000E+03, -3.34139940961108E-01, -5.17107000000000E-01,  7.78002641914735E-01,  2.77390000000008E+02,  3.41546548800394E+02,  4.59680119224254E+02
 2.00850000000000E+03, -4.37932886728510E-01, -2.88660000000000E-01,  7.67104483562509E-01,  2.77570000000008E+02,  2.18375376796240E+02,  2.66004470272951E+02
 2.00858333300000E+03, -5.32599318658211E-01, -1.77279000000000E-01,  7.55780770947456E-01,  2.77750000000008E+02,  2.26063117271373E+02,  2.71205659473661E+02
 2.00866666700000E+03, -6.01948603575285E-01, -2.53103000000000E-01,  7.44081962246632E-01,  2.77930000000008E+02,  3.14606268954338E+02,  5.42780482963609E+02
 2.00875000000000E+03, -6.48743875689296E-01, -2.36692000000000E-01,  7.24917707244452E-01,  2.78110000000008E+02,  4.54778366610776E+02,  9.20138727363088E+02
 2.00883333300000E+03, -6.51657302507429E-01, -3.65955000000000E-01,  7.12493993130580E-01,  2.78290000000008E+02,  5.16595187883528E+02,  1.11260314809775E+03
 2.00891666700000E+03, -5.96383541078883E-01, -5.94566000000000E-01,  6.99886853589619E-01,  2.78470000000008E+02,  5.11275785435681E+02,  1.20674927696785E+03
 2.00900000000000E+03, -4.90674138563676E-01, -5.79697000000000E-01,  6.87151221568581E-01,  2.78650000000008E+02,  5.83839000377980E+02,  1.49584002205968E+03
 2.00908333300000E+03, -3.61126246962730E-01, -4.81422000000000E-01,  6.74341989684669E-01,  2.78830000000008E+02,  5.75996436889695E+02,  1.65977155235516E+03
 2.00916666700000E+03, -2.50458177679582E-01, -2.80859000000000E-01,  6.61513665731560E-01,  2.79010000000008E+02,  3.94207984417552E+02,  1.41916030136554E+03
 2.00925000000000E+03, -1.45672973140084E-01,  1.38000000000000E-02,  9.94636787242984E-01,  2.79190000000008E+02,  2.92601249286607E+02,  1.23127734567630E+03
 2.00933333300000E+03, -3.53179591557833E-02,  2.43250000000000E-01,  9.78375407779371E-01,  2.79370000000008E+02,  3.24847863793366E+02,  1.28641263137962E+03
 2.00941666700000E+03,  1.24060109852903E-01,  4.84682000000000E-01,  9.62186339809934E-01,  2.79550000000008E+02,  3.13338004157375E+02,  1.23336733530253E+03
 2.00950000000000E+03,  3.13246318536324E-01,  6.24250000000000E-01,  9.46177958034236E-01,  2.79730000000008E+02,  2.45776041357107E+02,  1.04371232593436E+03
 2.00958333300000E+03,  5.01877077279321E-01,  8.08283000000000E-01,  9.30455197818056E-01,  2.79910000000008E+02,  2.05899187088336E+02,  9.26326395301169E+02
 2.00966666700000E+03,  6.41598191335096E-01,  7.84868000000000E-01,  9.15118606098477E-01,  2.80090000000008E+02,  2.07249147818045E+02,  8.45435975385371E+02
 2.00975000000000E+03,  7.14870311293136E-01,  1.08826000000000E+00,  8.98743361384450E-01,  2.80270000000008E+02,  2.04527959736727E+02,  7.09915347239609E+02
 2.00983333300000E+03,  7.33688600932497E-01,  1.36454000000000E+00,  8.84523366010529E-01,  2.80450000000008E+02,  1.68631290756301E+02,  5.81446224600519E+02
 2.00991666700000E+03,  7.19985640392874E-01,  1.43401000000000E+00,  8.70964665007197E-01,  2.80630000000008E+02,  1.23115599217809E+02,  5.07224100630310E+02
 2.01000000000000E+03,  6.86989642117158E-01,  1.34118000000000E+00,  8.58141477810073E-01,  2.80810000000008E+02,  1.18136524999193E+02,  4.99437741600373E+02
 2.01008333300000E+03,  5.99543721080774E-01,  9.97189000000000E-01,  8.46120024823431E-01,  2.80990000000008E+02,  2.46744664034249E+02,  7.16095339172004E+02
 2.01016666700000E+03,  4.42127652571011E-01,  9.72570000000000E-01,  8.34958090911911E-01,  2.81170000000008E+02,  4.85235178136430E+02,  1.12397754126022E+03
 2.01025000000000E+03,  2.13435495245252E-01,  8.05683000000000E-01,  1.13523293263189E+00,  2.81350000000008E+02,  6.09511208605905E+02,  1.29436108856749E+03
 2.01033333300000E+03, -1.34583147223609E-02,  1.83041000000000E-01,  1.12401286679065E+00,  2.81530000000008E+02,  5.96373122778762E+02,  1.21090181485976E+03
 2.01041666700000E+03, -2.08615499483380E-01, -1.09787000000000E-01,  1.11184857843455E+00,  2.81710000000008E+02,  6.24160594531621E+02,  1.29590271690108E+03
 2.01050000000000E+03, -3.51376290921017E-01, -4.45011000000000E-01,  1.09882268438539E+00,  2.81890000000008E+02,  5.93383820342962E+02,  1.34726308845402E+03
 2.01058333300000E+03, -4.60756211370968E-01, -9.33369000000000E-01,  1.08502556191300E+00,  2.82070000000008E+02,  3.89000257118093E+02,  9.88975829780318E+02
 2.01066666700000E+03, -5.46946147308972E-01, -1.07898000000000E+00,  1.07055421956917E+00,  2.82250000000008E+02,  2.44425844301214E+02,  6.59631700638160E+02
 2.01075000000000E+03, -6.11537993817418E-01, -1.23755000000000E+00,  1.06812922583022E+00,  2.82430000000008E+02,  2.56860664630929E+02,  6.89977779276467E+02
 2.01083333300000E+03, -6.47221920851162E-01, -1.25373000000000E+00,  1.05300265590604E+00,  2.82610000000008E+02,  2.33256290928498E+02,  6.53524098539829E+02
 2.01091666700000E+03, -6.22205033428327E-01, -1.25240000000000E+00,  1.03742888507536E+00,  2.82790000000008E+02,  1.60119806118376E+02,  4.41238508754859E+02
 2.01100000000000E+03, -5.20540894224791E-01, -1.24773000000000E+00,  1.02151813775531E+00,  2.82970000000008E+02,  1.38579475993311E+02,  4.02191237994173E+02
 2.01108333300000E+03, -3.73963099761162E-01, -9.77102000000000E-01,  1.00538233303796E+00,  2.83150000000008E+02,  1.20510804705645E+02,  4.25578127763661E+02
 2.01116666700000E+03, -2.38890147329590E-01, -6.66689000000000E-01,  9.89133911986750E-01,  2.83330000000008E+02,  1.03574713060331E+02,  3.11342759065107E+02
 2.01125000000000E+03, -1.78900434352456E-01, -5.85087000000000E-01,  7.94346351011266E-01,  2.83510000000008E+02,  1.34583262401148E+02,  3.33158847522787E+02
 2.01133333300000E+03, -1.85461993765849E-01, -4.46609000000000E-01,  7.88894168121786E-01,  2.83690000000008E+02,  1.31304918531240E+02,  5.47051171066940E+02
 2.01141666700000E+03, -2.34221188285199E-01, -2.81467000000000E-01,  7.84453991096519E-01,  2.83870000000008E+02,  9.19612271531005E+01,  7.06183272405657E+02
 2.01150000000000E+03, -2.76106778913317E-01, -3.04150000000000E-01,  7.81012689955565E-01,  2.84050000000008E+02,  1.56357700178537E+02,  9.11300369276743E+02
 2.01158333300000E+03, -3.05104352866081E-01, -3.86648000000000E-01,  7.78548727852223E-01,  2.84230000000008E+02,  3.02932244680598E+02,  1.18402326391328E+03
 2.01166666700000E+03, -3.25725754329928E-01, -4.76463000000000E-01,  7.77032547807675E-01,  2.84410000000008E+02,  3.86261213255438E+02,  1.17440062379695E+03
 2.01175000000000E+03, -3.48170428093142E-01, -5.89043000000000E-01,  7.76539623654548E-01,  2.84590000000008E+02,  3.93660204505110E+02,  9.30460253179801E+02
 2.01183333300000E+03, -3.61579618699881E-01, -5.84564000000000E-01,  7.76499760841007E-01,  2.84770000000008E+02,  4.02275713533634E+02,  8.21672179078941E+02
 2.01191666700000E+03, -3.46417499149993E-01, -9.19155000000000E-01,  7.77294257581639E-01,  2.84950000000008E+02,  4.30733303532265E+02,  8.11477288776366E+02
 2.01200000000000E+03, -2.93553349648563E-01, -8.77728000000000E-01,  7.78868477230850E-01,  2.85130000000008E+02,  4.31173143753754E+02,  7.04241223662472E+02
 2.01208333300000E+03, -2.05785842817093E-01, -6.81273000000000E-01,  7.81162245212370E-01,  2.85310000000008E+02,  3.88878876956135E+02,  5.84959509688430E+02
 2.01216666700000E+03, -9.11425583315199E-02, -4.82489000000000E-01,  7.84110489809566E-01,  2.85490000000008E+02,  3.65204299140974E+02,  5.71871499257221E+02
 2.01225000000000E+03,  4.98242296199186E-02, -2.13678000000000E-01,  9.73564786528951E-01,  2.85670000000008E+02,  3.68155341240429E+02,  5.48566420497700E+02
 2.01233333300000E+03,  2.12107140072307E-01, -1.91000000000000E-01,  9.57418106477407E-01,  2.85850000000008E+02,  3.14896127326060E+02,  3.80365089242122E+02
 2.01241666700000E+03,  3.87191281497019E-01, -1.34000000000000E-02,  9.41483616226056E-01,  2.86030000000008E+02,  1.99655095602500E+02,  2.07719988975883E+02
 2.01250000000000E+03,  5.53074176389884E-01,  1.08490000000000E-01,  9.25865046344774E-01,  2.86210000000008E+02,  1.22067017289225E+02,  1.81821833356437E+02
 2.01258333300000E+03,  6.84578268752972E-01,  4.75512000000000E-01,  9.10661471186407E-01,  2.86390000000008E+02,  1.14452536685324E+02,  1.70292224486260E+02
 2.01266666700000E+03,  7.54015962547545E-01,  4.81377000000000E-01,  8.95966454186070E-01,  2.86570000000008E+02,  1.08188206990584E+02,  9.36065220570055E+01
 2.01275000000000E+03,  7.55793243877255E-01,  4.93208000000000E-01,  8.78874014868538E-01,  2.86750000000008E+02,  8.15921659632249E+01,  6.70803996997107E+01
 2.01283333300000E+03,  7.03284513409262E-01,  5.13275000000000E-01,  8.65608657684769E-01,  2.86930000000008E+02,  6.25667163446598E+01,  1.36935321417069E+02
 2.01291666700000E+03,  6.28268037811099E-01,  2.22584000000000E-01,  8.53106988106017E-01,  2.87110000000008E+02,  5.87028050213756E+01,  2.97938805277474E+02
 2.01300000000000E+03,  5.59537591075609E-01,  7.21000000000000E-02,  8.41431811823696E-01,  2.87290000000008E+02,  1.46764054701586E+02,  5.04856747682930E+02
 2.01308333300000E+03,  5.24506051354204E-01, -1.11061000000000E-01,  8.30637346818921E-01,  2.87470000000008E+02,  3.45794121580001E+02,  6.25134297102038E+02
 2.01316666700000E+03,  5.26861141239439E-01, -1.05478000000000E-01,  8.20768918473498E-01,  2.87650000000008E+02,  4.48677181759773E+02,  6.14889363085722E+02
 2.01325000000000E+03,  5.38041249381479E-01,  4.01000000000000E-02,  8.57116532168047E-01,  2.87830000000008E+02,  4.27868797572645E+02,  5.52828127417663E+02
 2.01333333300000E+03,  5.13314920449524E-01,  2.58000000000000E-02,  8.45164054896124E-01,  2.88010000000008E+02,  5.35689894280105E+02,  5.59192679109079E+02
 2.01341666700000E+03,  4.35936765838139E-01,  2.13000000000000E-02,  8.34075484446399E-01,  2.88190000000008E+02,  6.91171249600480E+02,  6.57836985805846E+02
 2.01350000000000E+03,  3.30378587103901E-01,  5.36000000000000E-02,  8.23899088816460E-01,  2.88370000000008E+02,  6.21805325809416E+02,  6.87234850180886E+02
 2.01358333300000E+03,  2.18715986965477E-01,  2.15471000000000E-01,  8.14674090744408E-01,  2.88550000000008E+02,  5.02438531836410E+02,  6.62127414143927E+02
 2.01366666700000E+03,  1.06563940868964E-01,  1.98097000000000E-01,  8.06430517509640E-01,  2.88730000000008E+02,  5.41558314512257E+02,  7.12171216429373E+02
 2.01375000000000E+03, -1.00340896585965E-02,  1.15208000000000E-01,  7.98089745479253E-01,  2.88910000000008E+02,  4.96489993558803E+02,  6.10018397098517E+02
 2.01383333300000E+03, -1.12073961092732E-01,  3.13946000000000E-01,  7.92030134067736E-01,  2.89090000000008E+02,  2.69592813732426E+02,  3.12409571305607E+02
 2.01391666700000E+03, -1.78552182304770E-01,  3.78000000000000E-02,  7.86986226275807E-01,  2.89270000000008E+02,  1.45385192687558E+02,  2.03168386883649E+02
 2.01400000000000E+03, -2.03531718520055E-01, -9.68000000000000E-02,  7.82950073537401E-01,  2.89450000000008E+02,  1.53334053532797E+02,  2.39904486191740E+02
 2.01408333300000E+03, -1.07668622648771E-01,  1.25788000000000E-01,  7.79905120391142E-01,  2.89630000000008E+02,  1.32172999736869E+02,  1.86631000986881E+02
 2.01416666700000E+03,  8.94504144773289E-02,  3.40721000000000E-01,  7.77826552542389E-01,  2.89810000000008E+02,  1.84566694628007E+02,  1.83663551051850E+02
 2.01425000000000E+03,  3.77475349144775E-01,  4.29293000000000E-01,  8.53536518540103E-01,  2.89990000000008E+02,  2.81981332749089E+02,  2.01255136081344E+02
 2.01433333300000E+03,  5.65640947210640E-01,  4.91039000000000E-01,  8.56995578631394E-01,  2.90170000000008E+02,  2.94889106540147E+02,  1.89967239545066E+02
 2.01441666700000E+03,  6.61289271543350E-01,  5.32703000000000E-01,  8.59918891394948E-01,  2.90350000000008E+02,  5.42644741659192E+02,  4.72133167896986E+02
 2.01450000000000E+03,  6.67543124119694E-01,  3.94609000000000E-01,  8.62257780928464E-01,  2.90530000000008E+02,  1.03756233958415E+03,  9.61290699455306E+02
 2.01458333300000E+03,  6.79103881320064E-01,  5.17471000000000E-01,  8.63968822795738E-01,  2.90710000000009E+02,  1.17681758854257E+03,  1.17713919440659E+03
 2.01466666700000E+03,  6.82522347761135E-01,  6.65268000000000E-01,  8.65014045176167E-01,  2.90890000000009E+02,  1.06567702647528E+03,  1.18469168758393E+03
 2.01475000000000E+03,  6.76367913510255E-01,  6.91578000000000E-01,  8.65258112961160E-01,  2.91070000000009E+02,  1.20272827153155E+03,  1.30678627819533E+03
 2.01483333300000E+03,  6.66281449163364E-01,  9.59095000000000E-01,  8.65282355514866E-01,  2.91250000000009E+02,  1.19124037073486E+03,  1.36773623027614E+03
 2.01491666700000E+03,  6.72043172805536E-01,  8.27524000000000E-01,  8.64571662640446E-01,  2.91430000000009E+02,  7.59610520751988E+02,  1.11695405872819E+03
 2.01500000000000E+03,  6.93653084792509E-01,  8.40473000000000E-01,  8.63107760477926E-01,  2.91610000000009E+02,  5.05226850433140E+02,  8.83846146191897E+02
 2.01508333300000E+03,  7.21787718119429E-01,  8.78399000000000E-01,  8.60878159596203E-01,  2.91790000000009E+02,  5.52261453584381E+02,  9.32903288682278E+02
 2.01516666700000E+03,  7.34260255055520E-01,  8.28732000000000E-01,  8.57876109377417E-01,  2.91970000000009E+02,  4.27674770840169E+02,  8.29702535763897E+02
 2.01525000000000E+03,  7.29963981613609E-01,  1.11749000000000E+00,  8.60924696168310E-01,  2.92150000000009E+02,  1.99545017485271E+02,  4.51290426943463E+02
 2.01533333300000E+03,  7.13348183065854E-01,  1.05961000000000E+00,  8.63017988510480E-01,  2.92330000000009E+02,  1.84743913190737E+02,  3.04986823174250E+02
 2.01541666700000E+03,  7.04877351413007E-01,  1.18875000000000E+00,  8.64467619522217E-01,  2.92510000000009E+02,  2.42016629235197E+02,  3.35791480596826E+02
 2.01550000000000E+03,  7.06764914342126E-01,  1.20439000000000E+00,  8.65237838473516E-01,  2.92690000000009E+02,  2.63750416561589E+02,  2.68806600893848E+02
 2.01558333300000E+03,  7.16626597922424E-01,  1.24488000000000E+00,  8.65298549396698E-01,  2.92870000000009E+02,  4.15286390924005E+02,  3.60898522115849E+02
 2.01566666700000E+03,  7.14746233867645E-01,  1.31625000000000E+00,  8.64625399731892E-01,  2.93050000000009E+02,  5.59662937632267E+02,  5.21606676930136E+02
 2.01575000000000E+03,  6.99034782162692E-01,  1.35137000000000E+00,  8.62701627658947E-01,  2.93230000000009E+02,  5.77095821320629E+02,  5.18278892491520E+02
 2.01583333300000E+03,  6.74089894605378E-01,  1.74877000000000E+00,  8.60309511842213E-01,  2.93410000000009E+02,  8.11220054478970E+02,  7.34816782570950E+02
 2.01591666700000E+03,  6.56589034806006E-01,  1.62736000000000E+00,  8.57144248471776E-01,  2.93590000000009E+02,  1.14166062213624E+03,  1.12762787079066E+03
 2.01600000000000E+03,  6.44969423813525E-01,  1.46515000000000E+00,  8.53205916834397E-01,  2.93770000000009E+02,  1.06846918975195E+03,  1.16063365105402E+03
 2.01608333300000E+03,  6.02850484528716E-01,  1.34515000000000E+00,  8.48500093165745E-01,  2.93950000000009E+02,  9.22933240644633E+02,  1.03290419070052E+03
 2.01616666700000E+03,  5.03852084314004E-01,  1.22228000000000E+00,  8.43037682497705E-01,  2.94130000000009E+02,  9.98413885028008E+02,  1.07544613209121E+03
 2.01625000000000E+03,  3.37284046711571E-01,  9.79942000000000E-01,  8.19838641885601E-01,  2.94310000000009E+02,  7.84699138182871E+02,  9.52650489461029E+02
 2.01633333300000E+03,  1.61614524434964E-01,  7.10199000000000E-01,  8.11029895788163E-01,  2.94490000000009E+02,  4.05066655577197E+02,  5.78262315552856E+02
 2.01641666700000E+03,  1.23942964016167E-02,  5.95284000000000E-01,  8.03212583711714E-01,  2.94670000000009E+02,  4.26916722371927E+02,  4.10475584309353E+02
 2.01650000000000E+03, -8.58607877742271E-02,  4.00249000000000E-01,  7.96403525805296E-01,  2.94850000000009E+02,  5.13120933504608E+02,  4.81612753630257E+02
 2.01658333300000E+03, -1.57512525148537E-01,  2.06512000000000E-01,  7.90610351897620E-01,  2.95030000000009E+02,  3.62680322478570E+02,  3.91801124528632E+02
 2.01666666700000E+03, -2.21134288522170E-01,  3.81000000000000E-02,  7.85831647798107E-01,  2.95210000000009E+02,  3.43777624766165E+02,  2.22406901688010E+02
 2.01675000000000E+03, -2.82524500081765E-01, -2.13503000000000E-01,  7.81234295566062E-01,  2.95390000000009E+02,  4.35998826442531E+02,  2.53354399001503E+02
 2.01683333300000E+03, -3.30493172722795E-01, -1.33015000000000E-01,  7.78698688153098E-01,  2.95570000000009E+02,  3.90643986026636E+02,  2.61897746999813E+02
 2.01691666700000E+03, -3.45372017978212E-01, -1.21000000000000E-02,  7.77113323439109E-01,  2.95750000000009E+02,  3.98784082811989E+02,  1.88031774343646E+02
 2.01700000000000E+03, -3.27445218265373E-01,  4.03000000000000E-03,  7.76441616738044E-01,  2.95930000000009E+02,  5.15159669667024E+02,  3.29802849758362E+02
 2.01708333300000E+03, -2.33162145463868E-01,  9.86000000000000E-02,  7.76639871493546E-01,  2.96110000000009E+02,  4.92348488435600E+02,  5.07256837762834E+02
 2.01716666700000E+03, -8.58428444835043E-02,  2.71000000000000E-02,  7.77657823718361E-01,  2.96290000000009E+02,  3.91683670122798E+02,  4.85866362787336E+02
 2.01725000000000E+03,  1.07196527348514E-01,  2.87523000000000E-01,  8.17468037155847E-01,  2.96470000000009E+02,  3.76675407149657E+02,  4.79383400710618E+02
 2.01733333300000E+03,  2.42869584668505E-01,  3.71149000000000E-01,  8.22945004787412E-01,  2.96650000000009E+02,  3.00456004032566E+02,  4.57568177684469E+02
 2.01741666700000E+03,  3.37164733914063E-01,  4.78403000000000E-01,  8.28374236439585E-01,  2.96830000000009E+02,  1.98032251408283E+02,  2.82075451313654E+02
 2.01750000000000E+03,  3.96389146933646E-01,  4.54380000000000E-01,  8.33679067913272E-01,  2.97010000000009E+02,  3.24023041828725E+02,  1.59514147233852E+02
 2.01758333300000E+03,  4.61056033417318E-01,  3.59623000000000E-01,  8.38785204507652E-01,  2.97190000000009E+02,  4.62668236409962E+02,  1.52331538775332E+02
 2.01766666700000E+03,  5.12230477276525E-01,  1.03907000000000E-01,  8.43621247840000E-01,  2.97370000000009E+02,  3.88843835735841E+02,  1.61645627677554E+02
 2.01775000000000E+03,  5.40771344954720E-01,  6.18000000000000E-02,  8.47012335924461E-01,  2.97550000000009E+02,  4.43917636098605E+02,  2.25713444501239E+02
 2.01783333300000E+03,  5.62518982867182E-01, -5.37000000000000E-02,  8.51216018865034E-01,  2.97730000000009E+02,  6.33676247377574E+02,  2.96210324925775E+02
 2.01791666700000E+03,  5.97031899876311E-01, -1.85556000000000E-01,  8.54972268851724E-01,  2.97910000000009E+02,  5.63115376219724E+02,  3.00540883145647E+02
 2.01800000000000E+03,  6.46945657104925E-01, -1.72457000000000E-01,  8.58224532615316E-01,  2.98090000000009E+02,  4.28693115002336E+02,  3.01121142080012E+02
 2.01808333300000E+03,  6.47903865478875E-01, -1.53572000000000E-01,  8.60921087148156E-01,  2.98270000000009E+02,  4.83327110846652E+02,  2.95262394465576E+02
 2.01816666700000E+03,  5.79279710918794E-01, -1.98000000000000E-02,  8.63015316800581E-01,  2.98450000000009E+02,  4.40997750948096E+02,  2.25914041433939E+02
 2.01825000000000E+03,  4.43389790751196E-01,  2.83873000000000E-01,  5.14798896014111E-01,  2.98630000000009E+02,  2.85226645140620E+02,  1.41961653611461E+02
 2.01833333300000E+03,  3.49956897749212E-01,  3.77979000000000E-01,  5.18542499256848E-01,  2.98810000000009E+02,  2.52373564184751E+02,  1.10099821815484E+02
 2.01841666700000E+03,  3.18452396849067E-01,  4.29342000000000E-01,  5.22108878759332E-01,  2.98990000000009E+02,  2.41065750010815E+02,  1.00384784679058E+02
 2.01850000000000E+03,  3.51505975149244E-01,  5.04230000000000E-01,  5.25469912862844E-01,  2.99170000000009E+02,  2.07151801840817E+02,  9.58873664252641E+01
 2.01858333300000E+03,  3.90431707514266E-01,  6.49332000000000E-01,  5.28598903343305E-01,  2.99350000000009E+02,  2.30435138836209E+02,  1.23595485702635E+02
 2.01866666700000E+03,  4.18073063239604E-01,  7.57158000000000E-01,  5.31470660863165E-01,  2.99530000000009E+02,  1.87780576354245E+02,  1.68879193870915E+02
 2.01875000000000E+03,  4.29170662543600E-01,  1.00710000000000E+00,  5.32193867256550E-01,  2.99710000000009E+02,  1.86552124451785E+02,  3.76731510414474E+02
 2.01883333300000E+03,  4.35969409836912E-01,  9.68655000000000E-01,  5.34705683469232E-01,  2.99890000000009E+02,  5.05442924279849E+02,  8.73854224085864E+02
 2.01891666700000E+03,  4.57060480833893E-01,  1.01379000000000E+00,  5.36909111307215E-01,  3.00070000000009E+02,  8.75198965192364E+02,  1.27259218948354E+03
 2.01900000000000E+03,  4.95073565505564E-01,  6.35902000000000E-01,  5.38784372964343E-01,  3.00250000000009E+02,  9.30962472740250E+02,  1.31639129501712E+03
 2.01908333300000E+03,  4.96373702477712E-01,  7.09799000000000E-01,  5.40313458166986E-01,  3.00430000000009E+02,  9.23664409215350E+02,  1.33254450897173E+03
 2.01916666700000E+03,  4.40757979636868E-01,  7.56641000000000E-01,  5.41480160212927E-01,  3.00610000000009E+02,  1.02089921860395E+03,  1.27379304055795E+03
 2.01925000000000E+03,  3.28226399169345E-01,  6.80853000000000E-01,  5.08475363176019E-01,  3.00790000000009E+02,  8.84317026770650E+02,  8.58305809358790E+02
 2.01933333300000E+03,  2.50513284533015E-01,  7.31400000000000E-01,  5.12441861546799E-01,  3.00970000000009E+02,  5.38633863984744E+02,  4.80466157262373E+02
 2.01941666700000E+03,  2.26943747558990E-01,  8.84672000000000E-01,  5.16279151095218E-01,  3.01150000000009E+02,  4.12489814210622E+02,  4.44081423061125E+02
 2.01950000000000E+03,  2.62723569644454E-01,  8.82710000000000E-01,  5.19957021942188E-01,  3.01330000000009E+02,  4.26592095076459E+02,  4.13982103094358E+02
 2.01958333300000E+03,  3.08096816187746E-01,  7.29092000000000E-01,  5.23446530459676E-01,  3.01510000000009E+02,  2.85394522595195E+02,  2.78387796093095E+02
 2.01966666700000E+03,  3.47085362818918E-01,  7.11348000000000E-01,  5.26720099747280E-01,  3.01690000000009E+02,  1.67596760879954E+02,  2.40060704729640E+02
 2.01975000000000E+03,  3.69277642295543E-01,  1.02376000000000E+00,  5.32779792934752E-01,  3.01870000000009E+02,  1.94959025409727E+02,  2.54214456711153E+02
 2.01983333300000E+03,  3.85521233766173E-01,  1.02919000000000E+00,  5.35224623670784E-01,  3.02050000000009E+02,  1.95516685542663E+02,  2.23957415519691E+02
 2.01991666700000E+03,  4.10666509579430E-01,  8.92685000000000E-01,  5.37356503455117E-01,  3.02230000000009E+02,  2.35516463849343E+02,  2.47069613885918E+02
 2.02000000000000E+03,  4.57129353860029E-01,  1.01360000000000E+00,  5.39156045150000E-01,  3.02410000000009E+02,  3.32302595377084E+02,  3.05228258929836E+02
 2.02008333300000E+03,  5.11973283898704E-01,  8.64479000000000E-01,  5.40605637982292E-01,  3.02590000000009E+02,  2.93867694174556E+02,  3.33993429176179E+02
 2.02016666700000E+03,  5.43418602157158E-01,  7.68970000000000E-01,  5.41689481547806E-01,  3.02770000000009E+02,  3.72421650439679E+02,  6.16342790073830E+02
 2.02025000000000E+03,  5.22722373714093E-01,  7.07573000000000E-01,  8.41686652910587E-01,  3.02950000000009E+02,  7.84815351552042E+02,  1.19139717879237E+03
 2.02033333300000E+03,  4.46142065324722E-01,  2.64740000000000E-01,  8.35317448600520E-01,  3.03130000000009E+02,  1.04667082291264E+03,  1.48115624652799E+03
 2.02041666700000E+03,  3.43305494660812E-01,  3.28493000000000E-01,  8.28234053796228E-01,  3.03310000000009E+02,  9.78811854259242E+02,  1.42639612878303E+03
 2.02050000000000E+03,  2.37586657920202E-01,  3.39149000000000E-01,  8.20463052212917E-01,  3.03490000000009E+02,  9.73596312733094E+02,  1.46310428198226E+03
 2.02058333300000E+03,  1.25407875612512E-01,  9.27000000000000E-02,  8.12035311635249E-01,  3.03670000000009E+02,  9.14802123667959E+02,  1.31488028496357E+03
 2.02066666700000E+03, -9.52693421998291E-03, -7.69000000000000E-02,  8.02985673224121E-01,  3.03850000000009E+02,  5.41477242221139E+02,  7.76603799286660E+02
 2.02075000000000E+03, -1.71135655480402E-01, -4.99672000000000E-01,  7.88910355531498E-01,  3.04030000000009E+02,  2.20966895573528E+02,  4.43576386337740E+02
 2.02083333300000E+03, -3.27088759618962E-01, -3.35115000000000E-01,  7.78509916743421E-01,  3.04210000000009E+02,  1.79744601143281E+02,  4.55138071423914E+02
 2.02091666700000E+03, -4.47776277810262E-01, -5.60526000000000E-01,  7.67633238523863E-01,  3.04390000000009E+02,  1.66720883369545E+02,  4.36739248886706E+02
 2.02100000000000E+03, -5.16563194119012E-01, -7.92437000000000E-01,  7.56328651817654E-01,  3.04570000000009E+02,  1.39693039018713E+02,  4.60092836582455E+02
 2.02108333300000E+03, -4.32316177017732E-01, -7.20793000000000E-01,  7.44646527109460E-01,  3.04750000000009E+02,  1.99873979310603E+02,  6.05741573207378E+02
 2.02116666700000E+03, -2.13722574959752E-01, -4.59919000000000E-01,  7.32638897714485E-01,  3.04930000000009E+02,  2.44486009316542E+02,  6.54360207221034E+02
 2.02125000000000E+03,  1.09988713904633E-01, -1.67267000000000E-01,  5.46965297943968E-01,  3.05110000000009E+02,  2.48665601048349E+02,  6.20454104514110E+02
 2.02133333300000E+03,  2.96076969144324E-01, -6.15000000000000E-02,  5.36940797220544E-01,  3.05290000000009E+02,  2.80296833590889E+02,  6.30322594911943E+02
 2.02141666700000E+03,  3.36052299720251E-01,  1.63742000000000E-01,  5.27407420107232E-01,  3.05470000000009E+02,  2.36680167412864E+02,  5.83425444127583E+02
 2.02150000000000E+03,  2.48720074115733E-01,  5.05000000000000E-02,  5.18392129800937E-01,  3.05650000000009E+02,  1.43397092378416E+02,  4.81139138832350E+02
 2.02158333300000E+03,  1.63109669948360E-01,  2.61000000000000E-04,  5.09918589679496E-01,  3.05830000000009E+02,  2.57775383957603E+02,  5.73232467033970E+02
 2.02166666700000E+03,  7.91604717775539E-02, -1.19743000000000E-01,  5.02007105157090E-01,  3.06010000000009E+02,  4.92207560113466E+02,  8.10997033752252E+02
 2.02175000000000E+03, -8.21786837548380E-03, -2.94973000000000E-01,  5.01026787532927E-01,  3.06190000000009E+02,  5.42912293250775E+02,  8.60906413054703E+02
 2.02183333300000E+03, -1.04224916497024E-01, -3.11945000000000E-01,  4.93770133931471E-01,  3.06370000000009E+02,  5.32210265729623E+02,  8.41085261526252E+02
 2.02191666700000E+03, -1.85336649450485E-01, -5.10736000000000E-01,  4.87107441682121E-01,  3.06550000000009E+02,  5.93089644686839E+02,  9.98376833756736E+02
 2.02200000000000E+03, -2.39106066822970E-01, -1.21767000000000E-01,  4.81048364713914E-01,  3.06730000000009E+02,  4.87227109242610E+02,  1.03794728437604E+03
 2.02208333300000E+03, -2.35867078169664E-01, -1.27031000000000E-01,  4.75599177831949E-01,  3.06910000000009E+02,  2.51307533276366E+02,  8.15610975410586E+02
 2.02216666700000E+03, -1.90259702213481E-01, -4.88888000000000E-01,  4.70762820939791E-01,  3.07090000000009E+02,  1.68663308387466E+02,  6.35435277734864E+02
 2.02225000000000E+03, -1.13775357165679E-01, -5.01627000000000E-01,  1.71534880711635E-01,  3.07270000000009E+02,  1.59126468443086E+02,  4.90913279302270E+02
 2.02233333300000E+03, -5.68947496954913E-02, -5.96439000000000E-01,  1.74401796901150E-01,  3.07450000000009E+02,  9.12895602263893E+01,  2.53450595316170E+02
 2.02241666700000E+03, -1.20021541310020E-02, -4.64956000000000E-01,  1.77280758173854E-01,  3.07630000000009E+02,  7.34282761769524E+01,  1.31358637162103E+02
 2.02250000000000E+03,  2.48785662827176E-02, -4.20561000000000E-01,  1.80160678166771E-01,  3.07810000000009E+02,  9.91533401975595E+01,  1.85279374240760E+02
 2.02258333300000E+03,  6.87381765414128E-02, -6.00718000000000E-01,  1.83030671384324E-01,  3.07990000000009E+02,  8.84027262550473E+01,  2.25731722313512E+02
 2.02266666700000E+03,  1.02811536768430E-01, -6.68402000000000E-01,  1.85880073190474E-01,  3.08170000000009E+02,  9.31315316764202E+01,  2.47974386620064E+02
 2.02275000000000E+03,  1.21922184897182E-01, -6.92142000000000E-01,  1.85984542293556E-01,  3.08350000000009E+02,  1.12966315381748E+02,  3.02018183424631E+02
 2.02283333300000E+03,  1.40540438446190E-01, -4.20635000000000E-01,  1.88801588993898E-01,  3.08530000000009E+02,  9.05156961923145E+01,  2.85586045753003E+02
 2.02291666700000E+03,  1.78288096532282E-01, -4.60217000000000E-01,  1.91577082454387E-01,  3.08710000000009E+02,  9.42944858751177E+01,  2.12524841521335E+02
 2.02300000000000E+03,  2.33589677968008E-01, -4.33558000000000E-01,  1.94301139790427E-01,  3.08890000000009E+02,  1.66155810161984E+02,  2.13096283686210E+02
 2.02308333300000E+03,  2.63140576336210E-01, -4.57712000000000E-01,  1.96964168278401E-01,  3.09070000000009E+02,  1.90984580856142E+02,  2.43875470108039E+02
 2.02316666700000E+03,  2.44462332067126E-01, -6.02000000000000E-02,  1.99556879677026E-01,  3.09250000000009E+02,  1.72206758626063E+02,  2.95689400403964E+02
 2.02325000000000E+03,  1.87926026312344E-01,  3.31112000000000E-01,  3.11932211417329E-01,  3.09430000000009E+02,  2.40662982964351E+02,  4.98011029518994E+02
 2.02333333300000E+03,  1.64434735146333E-01,  4.33029000000000E-01,  3.02918510739104E-01,  3.09610000000009E+02,  2.93829508854690E+02,  6.97811286403031E+02
 2.02341666700000E+03,  1.98029594525129E-01,  7.62133000000000E-01,  2.94011364713522E-01,  3.09790000000009E+02,  2.25497219963675E+02,  7.01907752245065E+02
 2.02350000000000E+03,  2.81646486032445E-01,  8.98581000000000E-01,  2.85228629624687E-01,  3.09970000000009E+02,  2.36598828308511E+02,  6.85096523973129E+02
 2.02358333300000E+03,  3.67794730800435E-01,  1.22211000000000E+00,  2.76587501366500E-01,  3.10150000000009E+02,  3.36107588764773E+02,  6.52417319524335E+02
 2.02366666700000E+03,  4.30870517411766E-01,  1.33290000000000E+00,  2.68104475118063E-01,  3.10330000000009E+02,  2.89952915272618E+02,  4.20847412716127E+02
 2.02375000000000E+03,  4.62216264912437E-01,  1.26885000000000E+00,  2.50042328380990E-01,  3.10510000000009E+02,  2.13978139979611E+02,  2.18469722109321E+02
 2.02383333300000E+03,  4.72700969387096E-01,  1.47618000000000E+00,  2.42168144514025E-01,  3.10690000000009E+02,  2.63729160741154E+02,  2.37738163953215E+02
 2.02391666700000E+03,  4.75895796907910E-01,  1.30812000000000E+00,  2.34512976513640E-01,  3.10870000000009E+02,  2.49010360453168E+02,  2.58475856122709E+02
 2.02400000000000E+03,  4.79927173734011E-01,  1.53018000000000E+00,  2.27089159202689E-01,  3.11050000000009E+02,  1.58498603474312E+02,  2.19862978060039E+02
 2.02408333300000E+03,  4.83896858669851E-01,  1.24818000000000E+00,  2.19908155324835E-01,  3.11230000000009E+02,  1.61859963196411E+02,  2.92438344305795E+02
 2.02416666700000E+03,  4.87035591453712E-01,  1.06701000000000E+00,  2.12980540344294E-01,  3.11410000000009E+02,  7.77979406525343E+01,  2.32546161155876E+02
