 1.96200547580006E+03	-1.56106655654812E-01
 1.96200821370009E+03	-1.71485103609165E-01
 1.96201095160012E+03	-1.35545739343590E-01
 1.96201368950015E+03	-4.79066056096382E-02
 1.96201642740018E+03	 8.30185734031880E-02
 1.96201916530022E+03	 2.34628679960237E-01
 1.96202190320025E+03	 3.65989285803195E-01
 1.96202464110028E+03	 4.28175539536988E-01
 1.96202737900031E+03	 3.89023564067721E-01
 1.96203011690034E+03	 2.54444362267186E-01
 1.96203285480037E+03	 6.72208904349785E-02
 1.96203559270040E+03	-1.16756973510225E-01
 1.96203833060043E+03	-2.55024911318006E-01
 1.96204106850046E+03	-3.28643449041978E-01
 1.96204380640049E+03	-3.35804937217649E-01
 1.96204654430052E+03	-2.83883955931664E-01
 1.96204928220055E+03	-1.89744054477988E-01
 1.96205202010058E+03	-8.20751905638077E-02
 1.96205475800062E+03	 6.01295866588451E-03
 1.96205749590065E+03	 5.39527561810015E-02
 1.96206023380068E+03	 6.54770919141980E-02
 1.96206297170071E+03	 6.17230199879244E-02
 1.96206570960074E+03	 5.99453239474665E-02
 1.96206844750077E+03	 5.76425814496394E-02
 1.96207118540080E+03	 3.75568123044103E-02
 1.96207392330083E+03	-1.18580479875195E-02
 1.96207666120086E+03	-8.11907323871211E-02
 1.96207939910089E+03	-1.43980687760405E-01
 1.96208213700092E+03	-1.73304624005303E-01
 1.96208487490095E+03	-1.53917246271422E-01
 1.96208761280098E+03	-8.24139124718603E-02
 1.96209035070101E+03	 3.62826056086559E-02
 1.96209308860105E+03	 1.85803949981551E-01
 1.96209582650108E+03	 3.31698260740714E-01
 1.96209856440111E+03	 4.25221468816132E-01
 1.96210130230114E+03	 4.24312072103351E-01
 1.96210404020117E+03	 3.19339373217468E-01
 1.96210677810120E+03	 1.41801804529583E-01
 1.96210951600123E+03	-5.28497519894112E-02
 1.96211225390126E+03	-2.14028089454874E-01
 1.96211499180129E+03	-3.13728632008650E-01
 1.96211772970132E+03	-3.44921528747217E-01
 1.96212046760135E+03	-3.12158109967505E-01
 1.96212320550138E+03	-2.28656957197229E-01
 1.96212594340141E+03	-1.19477156410072E-01
 1.96212868130145E+03	-1.86426715565284E-02
 1.96213141920148E+03	 4.56850838320728E-02
 1.96213415710151E+03	 6.74628216983462E-02
 1.96213689500154E+03	 6.37399944015090E-02
 1.96213963290157E+03	 5.67678616865478E-02
 1.96214237080160E+03	 5.30823006096576E-02
 1.96214510870163E+03	 3.97047759323440E-02
 1.96214784660166E+03	 7.61436921371111E-04
 1.96215058450169E+03	-6.27483402031104E-02
 1.96215332240172E+03	-1.29315171084844E-01
 1.96215606030175E+03	-1.70664195155293E-01
 1.96215879820178E+03	-1.67204918773810E-01
 1.96216153610181E+03	-1.12137952852073E-01
 1.96216427400185E+03	-7.56824284811303E-03
 1.96216701190188E+03	 1.35312197611069E-01
 1.96216974980191E+03	 2.89219441730472E-01
 1.96217248770194E+03	 4.08824130915081E-01
 1.96217522560197E+03	 4.45850171131386E-01
 1.96217796350200E+03	 3.76000056172853E-01
 1.96218070140203E+03	 2.16529871711523E-01
 1.96218343930206E+03	 1.80941561152531E-02
 1.96218617720209E+03	-1.62933060642806E-01
 1.96218891510212E+03	-2.88820401040797E-01
 1.96219165300215E+03	-3.45638149022744E-01
 1.96219439090218E+03	-3.34585513095039E-01
 1.96219712880221E+03	-2.65647522558090E-01
 1.96219986670224E+03	-1.59691608572203E-01
 1.96220260460228E+03	-4.93500695014973E-02
 1.96220534250231E+03	 3.18871665501927E-02
 1.96220808040234E+03	 6.78764661580907E-02
 1.96221081830237E+03	 6.83641138747959E-02
 1.96221355620240E+03	 5.71894211865956E-02
 1.96221629410243E+03	 4.94575664522458E-02
 1.96221903200246E+03	 3.92693371162745E-02
 1.96222176990249E+03	 9.67302354359363E-03
 1.96222450780252E+03	-4.60021131649778E-02
 1.96222724570255E+03	-1.13081069716869E-01
 1.96222998360258E+03	-1.64071409412380E-01
 1.96223272150261E+03	-1.75565841226245E-01
 1.96223545940264E+03	-1.36890623694081E-01
 1.96223819730268E+03	-4.75842037799620E-02
 1.96224093520271E+03	 8.51478179741061E-02
 1.96224367310274E+03	 2.40960944169379E-01
 1.96224641100277E+03	 3.80341845570187E-01
 1.96224914890280E+03	 4.52779117896486E-01
 1.96225188680283E+03	 4.21588364868162E-01
 1.96225462470286E+03	 2.88123938960434E-01
 1.96225736260289E+03	 9.39158843708704E-02
 1.96226010050292E+03	-1.02316515841652E-01
 1.96226283840295E+03	-2.53473324110103E-01
 1.96226557630298E+03	-3.37092706765022E-01
 1.96226831420301E+03	-3.49935188189749E-01
 1.96227105210304E+03	-2.99014569834555E-01
 1.96227379000308E+03	-2.01027461709405E-01
 1.96227652790311E+03	-8.54466211648758E-02
 1.96227926580314E+03	 1.15861152754851E-02
 1.96228200370317E+03	 6.47353108818630E-02
 1.96228474160320E+03	 7.41241130029859E-02
 1.96228747950323E+03	 6.13570564173944E-02
 1.96229021740326E+03	 4.82348400299281E-02
 1.96229295530329E+03	 3.76833114944630E-02
 1.96229569320332E+03	 1.51775914981867E-02
 1.96229843110335E+03	-3.17377200217331E-02
 1.96230116900338E+03	-9.63139970201063E-02
 1.96230390690341E+03	-1.54174734956885E-01
 1.96230664480344E+03	-1.79247790996427E-01
 1.96230938270347E+03	-1.56642946463894E-01
 1.96231212060351E+03	-8.31635814556978E-02
 1.96231485850354E+03	 3.69443569012476E-02
 1.96231759640357E+03	 1.89358697490822E-01
 1.96232033430360E+03	 3.41751705707749E-01
 1.96232307220363E+03	 4.45146574949303E-01
 1.96232581010366E+03	 4.53853634567874E-01
 1.96232854800369E+03	 3.53205177227280E-01
 1.96233128590372E+03	 1.71861467530811E-01
 1.96233402380375E+03	-3.33541787781969E-02
 1.96233676170378E+03	-2.07553215826684E-01
 1.96233949960381E+03	-3.18549724523369E-01
 1.96234223750384E+03	-3.57126988189284E-01
 1.96234497540387E+03	-3.27185870922468E-01
 1.96234771330391E+03	-2.41632386584318E-01
 1.96235045120394E+03	-1.25713479022808E-01
 1.96235318910397E+03	-1.55547863724982E-02
 1.96235592700400E+03	 5.62609377116159E-02
 1.96235866490403E+03	 7.91172568772429E-02
 1.96236140280406E+03	 6.86972327410014E-02
 1.96236414070409E+03	 5.04592119778035E-02
 1.96236687860412E+03	 3.65339879933883E-02
 1.96236961650415E+03	 1.80546354894473E-02
 1.96237235440418E+03	-2.03936081653574E-02
 1.96237509230421E+03	-8.00256971776789E-02
 1.96237783020424E+03	-1.41759580573882E-01
 1.96238056810427E+03	-1.78598142934470E-01
 1.96238330600431E+03	-1.71472418054122E-01
 1.96238604390434E+03	-1.13986794306281E-01
 1.96238878180437E+03	-8.07266622587549E-03
 1.96239151970440E+03	 1.36678903256938E-01
 1.96239425760443E+03	 2.95439315498393E-01
 1.96239699550446E+03	 4.23879111352253E-01
 1.96239973340449E+03	 4.71336040715649E-01
 1.96240247130452E+03	 4.08570286424425E-01
 1.96240520920455E+03	 2.48714879019717E-01
 1.96240794710458E+03	 4.21208279865417E-02
 1.96241068500461E+03	-1.51357236650622E-01
 1.96241342290464E+03	-2.89446870624824E-01
 1.96241616080467E+03	-3.55218606549663E-01
 1.96241889870471E+03	-3.48763195040201E-01
 1.96242163660474E+03	-2.79639158918029E-01
 1.96242437450477E+03	-1.68506654116979E-01
 1.96242711240480E+03	-4.91924261549699E-02
 1.96242985030483E+03	 4.11096788531454E-02
 1.96243258820486E+03	 8.12476396710627E-02
 1.96243532610489E+03	 7.79583772736670E-02
 1.96243806400492E+03	 5.65773701984908E-02
 1.96244080190495E+03	 3.73419187973254E-02
 1.96244353980498E+03	 1.94846911264439E-02
 1.96244627770501E+03	-1.19777439000259E-02
 1.96244901560504E+03	-6.50938586789274E-02
 1.96245175350507E+03	-1.27718246200572E-01
 1.96245449140510E+03	-1.74081165914142E-01
 1.96245722930514E+03	-1.81533386493171E-01
 1.96245996720517E+03	-1.39938395529941E-01
 1.96246270510520E+03	-4.90766893844936E-02
 1.96246544300523E+03	 8.48666008905602E-02
 1.96246818090526E+03	 2.43963610151853E-01
 1.96247091880529E+03	 3.90665472155325E-01
 1.96247365670532E+03	 4.73493533047257E-01
 1.96247639460535E+03	 4.51469623924322E-01
 1.96247913250538E+03	 3.21004693920797E-01
 1.96248187040541E+03	 1.21624879354543E-01
 1.96248460830544E+03	-8.57307944600328E-02
 1.96248734620547E+03	-2.49475862021635E-01
 1.96249008410550E+03	-3.43401817581613E-01
 1.96249282200554E+03	-3.62532544850555E-01
 1.96249555990557E+03	-3.13282217448300E-01
 1.96249829780560E+03	-2.11919302678046E-01
 1.96250103570563E+03	-8.83423157417276E-02
 1.96250377360566E+03	 1.85448262759930E-02
 1.96250651150569E+03	 7.84918862151308E-02
 1.96250924940572E+03	 8.73459581148050E-02
 1.96251198730575E+03	 6.63332470308772E-02
 1.96251472520578E+03	 4.13312829156529E-02
 1.96251746310581E+03	 2.09055843163987E-02
 1.96252020100584E+03	-6.03407777524703E-03
 1.96252293890587E+03	-5.21457033829251E-02
 1.96252567680590E+03	-1.12988866157897E-01
 1.96252841470594E+03	-1.66290711385230E-01
 1.96253115260597E+03	-1.87051642196717E-01
 1.96253389050600E+03	-1.61034689089804E-01
 1.96253662840603E+03	-8.55865349788216E-02
 1.96253936630606E+03	 3.54543502065426E-02
 1.96254210420609E+03	 1.89827586126922E-01
 1.96254484210612E+03	 3.47767037481004E-01
 1.96254758000615E+03	 4.60735018135670E-01
 1.96255031790618E+03	 4.79855256731041E-01
 1.96255305580621E+03	 3.85266159436333E-01
 1.96255579370624E+03	 2.02109444430026E-01
 1.96255853160627E+03	-1.21563293626370E-02
 1.96256126950630E+03	-1.98690993936204E-01
 1.96256400740633E+03	-3.21023352792677E-01
 1.96256674530637E+03	-3.67452567006796E-01
 1.96256948320640E+03	-3.40973242027961E-01
 1.96257222110643E+03	-2.53948393414334E-01
 1.96257495900646E+03	-1.31487093403272E-01
 1.96257769690649E+03	-1.14697436744484E-02
 1.96258043480652E+03	 6.91562970916755E-02
 1.96258317270655E+03	 9.47334019508519E-02
 1.96258591060658E+03	 7.87545782575628E-02
 1.96258864850661E+03	 4.92246238756435E-02
 1.96259138640664E+03	 2.38167543972562E-02
 1.96259412430667E+03	-1.67243671292556E-03
 1.96259686220670E+03	-4.14553704443067E-02
 1.96259960010673E+03	-9.84657501053385E-02
 1.96260233800677E+03	-1.55945313290960E-01
 1.96260507590680E+03	-1.88337476690678E-01
 1.96260781380683E+03	-1.77370555847846E-01
 1.96261055170686E+03	-1.17385873339969E-01
 1.96261328960689E+03	-1.04652011825304E-02
 1.96261602750692E+03	 1.35283174000989E-01
 1.96261876540695E+03	 2.97781563648065E-01
 1.96262150330698E+03	 4.34355256091227E-01
 1.96262424120701E+03	 4.92566261943060E-01
 1.96262697910704E+03	 4.38330178014887E-01
 1.96262971700707E+03	 2.80127591272535E-01
 1.96263245490710E+03	 6.72106958477692E-02
 1.96263519280713E+03	-1.37629303592591E-01
 1.96263793070717E+03	-2.87639511955160E-01
 1.96264066860720E+03	-3.62638853363253E-01
 1.96264340650723E+03	-3.61334529292859E-01
 1.96264614440726E+03	-2.92641448551050E-01
 1.96264888230729E+03	-1.76733476976521E-01
 1.96265162020732E+03	-4.82625585928748E-02
 1.96265435810735E+03	 5.20913042876125E-02
 1.96265709600738E+03	 9.79210301992477E-02
 1.96265983390741E+03	 9.22359262381153E-02
 1.96266257180744E+03	 6.10933024849820E-02
 1.96266530970747E+03	 2.95557093744090E-02
 1.96266804760750E+03	 2.33356856767693E-03
 1.96267078550753E+03	-3.28761972859116E-02
 1.96267352340756E+03	-8.48912253208640E-02
 1.96267626130760E+03	-1.43856028160839E-01
 1.96267899920763E+03	-1.85806097005908E-01
 1.96268173710766E+03	-1.89092663470826E-01
 1.96268447500769E+03	-1.44435459252889E-01
 1.96268721290772E+03	-5.22092565217099E-02
 1.96268995080775E+03	 8.21916721539313E-02
 1.96269268870778E+03	 2.43391894592024E-01
 1.96269542660781E+03	 3.96380459110125E-01
 1.96269816450784E+03	 4.89426055077825E-01
 1.96270090240787E+03	 4.77604287009710E-01
 1.96270364030790E+03	 3.52070801380279E-01
 1.96270637820793E+03	 1.49578172128287E-01
 1.96270911610796E+03	-6.74194663849978E-02
 1.96271185400800E+03	-2.43104570956189E-01
 1.96271459190803E+03	-3.47362359959323E-01
 1.96271732980806E+03	-3.73198500555181E-01
 1.96272006770809E+03	-3.26205741788770E-01
 1.96272280560812E+03	-2.21990643323300E-01
 1.96272554350815E+03	-9.05291000738179E-02
 1.96272828140818E+03	 2.68361016458565E-02
 1.96273101930821E+03	 9.49082185706071E-02
 1.96273375720824E+03	 1.04709785548286E-01
 1.96273649510827E+03	 7.62884698364173E-02
 1.96273923300830E+03	 3.90772682426772E-02
 1.96274197090833E+03	 7.38697108508038E-03
 1.96274470880836E+03	-2.58260423745161E-02
 1.96274744670840E+03	-7.27455754481289E-02
 1.96275018460843E+03	-1.30863362431122E-01
 1.96275292250846E+03	-1.79991665930597E-01
 1.96275566040849E+03	-1.96398719954842E-01
 1.96275839830852E+03	-1.66796246295443E-01
 1.96276113620855E+03	-8.94320542431884E-02
 1.96276387410858E+03	 3.19513670938019E-02
 1.96276661200861E+03	 1.87132011659142E-01
 1.96276934990864E+03	 3.49345784164279E-01
 1.96277208780867E+03	 4.71238058892622E-01
 1.96277482570870E+03	 5.01309431301876E-01
 1.96277756360873E+03	 4.14453267619832E-01
 1.96278030150876E+03	 2.31636248057527E-01
 1.96278303940880E+03	 1.01464496851439E-02
 1.96278577730883E+03	-1.87683065292548E-01
 1.96278851520886E+03	-3.21076312868814E-01
 1.96279125310889E+03	-3.75588944820510E-01
 1.96279399100892E+03	-3.53071824604949E-01
 1.96279672890895E+03	-2.65142488731012E-01
 1.96279946680898E+03	-1.36471187284307E-01
 1.96280220470901E+03	-6.32270101293353E-03
 1.96280494260904E+03	 8.41422984350074E-02
 1.96280768050907E+03	 1.13884415445772E-01
 1.96281041840910E+03	 9.34666065484381E-02
 1.96281315630913E+03	 5.27682933945326E-02
 1.96281589420916E+03	 1.48634945207252E-02
 1.96281863210919E+03	-1.93369916792285E-02
 1.96282137000923E+03	-6.21554903138452E-02
 1.96282410790926E+03	-1.17747223122154E-01
 1.96282684580929E+03	-1.71541961608741E-01
 1.96282958370932E+03	-1.99555411434671E-01
 1.96283232160935E+03	-1.84576512698505E-01
 1.96283505950938E+03	-1.22029217084856E-01
 1.96283779740941E+03	-1.45070882580960E-02
 1.96284053530944E+03	 1.31198536776838E-01
 1.96284327320947E+03	 2.96034860690524E-01
 1.96284601110950E+03	 4.39679876889944E-01
 1.96284874900953E+03	 5.08640616340172E-01
 1.96285148690956E+03	 4.64211362522992E-01
 1.96285422480959E+03	 3.09756591878502E-01
 1.96285696270963E+03	 9.26023632404851E-02
 1.96285970060966E+03	-1.22167096975783E-01
 1.96286243850969E+03	-2.83478415385452E-01
 1.96286517640972E+03	-3.67703125426881E-01
 1.96286791430975E+03	-3.71913658038230E-01
 1.96287065220978E+03	-3.04190510264440E-01
 1.96287339010981E+03	-1.83976088353217E-01
 1.96287612800984E+03	-4.63814145524150E-02
 1.96287886590987E+03	 6.47115909591292E-02
 1.96288160380990E+03	 1.17517124249490E-01
 1.96288434170993E+03	 1.10710288147064E-01
 1.96288707960996E+03	 7.03275038021298E-02
 1.96288981750999E+03	 2.58894880871757E-02
 1.96289255541003E+03	-1.21710820779117E-02
 1.96289529331006E+03	-5.28415712588309E-02
 1.96289803121009E+03	-1.05121446718637E-01
 1.96290076911012E+03	-1.61184662980224E-01
 1.96290350701015E+03	-1.98922595321696E-01
 1.96290624491018E+03	-1.97908919157195E-01
 1.96290898281021E+03	-1.50040429901848E-01
 1.96291172071024E+03	-5.66673885224940E-02
 1.96291445861027E+03	 7.73274224247532E-02
 1.96291719651030E+03	 2.39215782550092E-01
 1.96291993441033E+03	 3.97110130176247E-01
 1.96292267231036E+03	 4.99828909980456E-01
 1.96292541021039E+03	 4.98980994813214E-01
 1.96292814811042E+03	 3.80256591825896E-01
 1.96293088601046E+03	 1.76875870413988E-01
 1.96293362391049E+03	-4.79739006568933E-02
 1.96293636181052E+03	-2.34605370368648E-01
 1.96293909971055E+03	-3.48912924085171E-01
 1.96294183761058E+03	-3.81636918113950E-01
 1.96294457551061E+03	-3.37352195560182E-01
 1.96294731341064E+03	-2.30806481464122E-01
 1.96295005131067E+03	-9.17285056668957E-02
 1.96295278921070E+03	 3.64587472228769E-02
 1.96295552711073E+03	 1.13686490544538E-01
 1.96295826501076E+03	 1.25730912317267E-01
 1.96296100291079E+03	 9.07319402978890E-02
 1.96296374081082E+03	 4.11333480833092E-02
 1.96296647871086E+03	-2.99260391598125E-03
 1.96296921661089E+03	-4.41214860610508E-02
 1.96297195451092E+03	-9.33305026771897E-02
 1.96297469241095E+03	-1.49662833870655E-01
 1.96297743031098E+03	-1.94969273659149E-01
 1.96298016821101E+03	-2.06955470353726E-01
 1.96298290611104E+03	-1.73568886599940E-01
 1.96298564401107E+03	-9.43342865132297E-02
 1.96298838191110E+03	 2.67445330569535E-02
 1.96299111981113E+03	 1.81406995282491E-01
 1.96299385771116E+03	 3.46314033144182E-01
 1.96299659561119E+03	 4.76095370714299E-01
 1.96299933351122E+03	 5.17316190663843E-01
 1.96300207141126E+03	 4.39701178807529E-01
 1.96300480931129E+03	 2.59440610024839E-01
 1.96300754721132E+03	 3.28025938362860E-02
 1.96301028511135E+03	-1.74946619378297E-01
 1.96301302301138E+03	-3.18797889348447E-01
 1.96301576091141E+03	-3.81353403553065E-01
 1.96301849881144E+03	-3.63110187639502E-01
 1.96302123671147E+03	-2.74773704683156E-01
 1.96302397461150E+03	-1.40311709193749E-01
 1.96302671251153E+03	 2.80172934329187E-06
 1.96302945041156E+03	 1.01027313083773E-01
 1.96303218831159E+03	 1.36127890502770E-01
 1.96303492621162E+03	 1.12299829172792E-01
 1.96303766411165E+03	 6.06425438773764E-02
 1.96304040201169E+03	 9.42298685683306E-03
 1.96304313991172E+03	-3.49777545383542E-02
 1.96304587781175E+03	-8.23690332812704E-02
 1.96304861571178E+03	-1.37645017660740E-01
 1.96305135361181E+03	-1.88268322271576E-01
 1.96305409151184E+03	-2.11931290388515E-01
 1.96305682941187E+03	-1.92729943802920E-01
 1.96305956731190E+03	-1.27522610931012E-01
 1.96306230521193E+03	-1.98129520305441E-02
 1.96306504311196E+03	 1.24700474899241E-01
 1.96306778101199E+03	 2.90221726249846E-01
 1.96307051891202E+03	 4.39502302853799E-01
 1.96307325681205E+03	 5.18818598277931E-01
 1.96307599471209E+03	 4.85206563513489E-01
 1.96307873261212E+03	 3.36546417227587E-01
 1.96308147051215E+03	 1.17408853075055E-01
 1.96308420841218E+03	-1.05555862313287E-01
 1.96308694631221E+03	-2.77214381776957E-01
 1.96308968421224E+03	-3.70361647617354E-01
 1.96309242211227E+03	-3.80218087073241E-01
 1.96309516001230E+03	-3.13872726591915E-01
 1.96309789791233E+03	-1.89835000151403E-01
 1.96310063581236E+03	-4.33279953285377E-02
 1.96310337371239E+03	 7.88978919893966E-02
 1.96310611161242E+03	 1.39670261855626E-01
 1.96310884951245E+03	 1.32845747872344E-01
 1.96311158741249E+03	 8.37537062034378E-02
 1.96311432531252E+03	 2.59716037786950E-02
 1.96311706321255E+03	-2.41889538795413E-02
 1.96311980111258E+03	-7.18440894940251E-02
 1.96312253901261E+03	-1.25622866430257E-01
 1.96312527691264E+03	-1.79461674235862E-01
 1.96312801481267E+03	-2.13133391411045E-01
 1.96313075271270E+03	-2.07633420855777E-01
 1.96313349061273E+03	-1.56351057388009E-01
 1.96313622851276E+03	-6.20179249473310E-02
 1.96313896641279E+03	 7.06596104787051E-02
 1.96314170431282E+03	 2.31636113995905E-01
 1.96314444221285E+03	 3.92721443186114E-01
 1.96314718011289E+03	 5.04158899634966E-01
 1.96314991801292E+03	 5.14706908251332E-01
 1.96315265591295E+03	 4.04506988823209E-01
 1.96315539381298E+03	 2.02531684755038E-01
 1.96315813171301E+03	-2.81341953913955E-02
 1.96316086961304E+03	-2.24394642622560E-01
 1.96316360751307E+03	-3.48151361125411E-01
 1.96316634541310E+03	-3.87677523118105E-01
 1.96316908331313E+03	-3.46366700087355E-01
 1.96317182121316E+03	-2.37955394649950E-01
 1.96317455911319E+03	-9.16376654966006E-02
 1.96317729701322E+03	 4.74596087383825E-02
 1.96318003491325E+03	 1.34563248471445E-01
 1.96318277281328E+03	 1.49910317777780E-01
 1.96318551071332E+03	 1.09093903072639E-01
 1.96318824861335E+03	 4.70266084721901E-02
 1.96319098651338E+03	-1.05120504345010E-02
 1.96319372441341E+03	-6.09950564837384E-02
 1.96319646231344E+03	-1.13814799480988E-01
 1.96319920021347E+03	-1.69194758081479E-01
 1.96320193811350E+03	-2.10959192016788E-01
 1.96320467601353E+03	-2.18395621447028E-01
 1.96320741391356E+03	-1.80959299803425E-01
 1.96321015181359E+03	-9.98387154359506E-02
 1.96321288971362E+03	 2.02969953614218E-02
 1.96321562761365E+03	 1.73004090957375E-01
 1.96321836551368E+03	 3.38750006210428E-01
 1.96322110341372E+03	 4.74985656030437E-01
 1.96322384131375E+03	 5.27147667130382E-01
 1.96322657921378E+03	 4.60013528443556E-01
 1.96322931711381E+03	 2.84483117012068E-01
 1.96323205501384E+03	 5.49411685894528E-02
 1.96323479291387E+03	-1.61059626956254E-01
 1.96323753081390E+03	-3.14442644040404E-01
 1.96324026871393E+03	-3.84706379884850E-01
 1.96324300661396E+03	-3.70819993807188E-01
 1.96324574451399E+03	-2.82452698488689E-01
 1.96324848241402E+03	-1.42653479705339E-01
 1.96325122031405E+03	 7.66198296007451E-03
 1.96325395821408E+03	 1.19664526915249E-01
 1.96325669611412E+03	 1.61035348291681E-01
 1.96325943401415E+03	 1.34678547082238E-01
 1.96326217191418E+03	 7.22995741568915E-02
 1.96326490981421E+03	 7.10648026948216E-03
 1.96326764771424E+03	-4.87779087035574E-02
 1.96327038561427E+03	-1.02096495997061E-01
 1.96327312351430E+03	-1.58027063030733E-01
 1.96327586141433E+03	-2.05901756898050E-01
 1.96327859931436E+03	-2.25170103695340E-01
 1.96328133721439E+03	-2.01459879515325E-01
 1.96328407511442E+03	-1.33413081653041E-01
 1.96328681301445E+03	-2.58750317347310E-02
 1.96328955091448E+03	 1.16257128801260E-01
 1.96329228881451E+03	 2.80612156948752E-01
 1.96329502671455E+03	 4.33732670448508E-01
 1.96329776461458E+03	 5.22577785434695E-01
 1.96330050251461E+03	 5.00435831863092E-01
 1.96330324041464E+03	 3.59458435610157E-01
 1.96330597831467E+03	 1.40663272821557E-01
 1.96330871621470E+03	-8.85219228906192E-02
 1.96331145411473E+03	-2.69261266196042E-01
 1.96331419201476E+03	-3.70718773999406E-01
 1.96331692991479E+03	-3.86089118240687E-01
 1.96331966781482E+03	-3.21352900933624E-01
 1.96332240571485E+03	-1.93936143678364E-01
 1.96332514361488E+03	-3.88597287331746E-02
 1.96332788151491E+03	 9.46225955923889E-02
 1.96333061941495E+03	 1.64048297348918E-01
 1.96333335731498E+03	 1.58097307759968E-01
 1.96333609521501E+03	 1.00780782346281E-01
 1.96333883311504E+03	 2.93202141504667E-02
 1.96334157101507E+03	-3.40098653676901E-02
 1.96334430891510E+03	-8.99773213569200E-02
 1.96334704681513E+03	-1.46333083806603E-01
 1.96334978471516E+03	-1.98514185581479E-01
 1.96335252261519E+03	-2.28181899051880E-01
 1.96335526051522E+03	-2.17927539174147E-01
 1.96335799841525E+03	-1.62934386125916E-01
 1.96336073631528E+03	-6.77387236533547E-02
 1.96336347421531E+03	 6.27356177619743E-02
 1.96336621211535E+03	 2.21084402195673E-01
 1.96336895001538E+03	 3.83350045379358E-01
 1.96337168791541E+03	 5.02126069432578E-01
 1.96337442581544E+03	 5.24070948328011E-01
 1.96337716371547E+03	 4.23842345988977E-01
 1.96337990161550E+03	 2.25527544003476E-01
 1.96338263951553E+03	-8.75173717151229E-03
 1.96338537741556E+03	-2.13040613501524E-01
 1.96338811531559E+03	-3.45333381447823E-01
 1.96339085321562E+03	-3.91288978678262E-01
 1.96339359111565E+03	-3.52996420924691E-01
 1.96339632901568E+03	-2.43078711862946E-01
 1.96339906691571E+03	-8.99550334508460E-02
 1.96340180481574E+03	 5.99213359136154E-02
 1.96340454271578E+03	 1.57318290739172E-01
 1.96340728061581E+03	 1.76766163040198E-01
 1.96341001851584E+03	 1.30774021138224E-01
 1.96341275641587E+03	 5.62052525289164E-02
 1.96341549431590E+03	-1.55595073015486E-02
 1.96341823221593E+03	-7.66360462684798E-02
 1.96342097011596E+03	-1.34212978666030E-01
 1.96342370801599E+03	-1.89343216884727E-01
 1.96342644591602E+03	-2.27749151179669E-01
 1.96342918381605E+03	-2.30419933418524E-01
 1.96343192171608E+03	-1.88568295296470E-01
 1.96343465961611E+03	-1.05434664190568E-01
 1.96343739751614E+03	 1.31980734723763E-02
 1.96344013541618E+03	 1.62478496500333E-01
 1.96344287331621E+03	 3.26994521962855E-01
 1.96344561121624E+03	 4.67862808033256E-01
 1.96344834911627E+03	 5.30304436256578E-01
 1.96345108701630E+03	 4.74527943776600E-01
 1.96345382491633E+03	 3.05747149251466E-01
 1.96345656281636E+03	 7.56192363715898E-02
 1.96345930071639E+03	-1.46731283378997E-01
 1.96346203861642E+03	-3.08418743779639E-01
 1.96346477651645E+03	-3.85755869593566E-01
 1.96346751441648E+03	-3.76053842865164E-01
 1.96347025231651E+03	-2.87868669230136E-01
 1.96347299021654E+03	-1.43168722611343E-01
 1.96347572811658E+03	 1.68287832200601E-02
 1.96347846601661E+03	 1.39950063246636E-01
 1.96348120391664E+03	 1.88213501668115E-01
 1.96348394181667E+03	 1.60026917431798E-01
 1.96348667971670E+03	 8.71454715162370E-02
 1.96348941761673E+03	 7.44207036136736E-03
 1.96349215551676E+03	-6.10201962316255E-02
 1.96349489341679E+03	-1.21433823156080E-01
 1.96349763131682E+03	-1.78840408301787E-01
 1.96350036921685E+03	-2.24279182327278E-01
 1.96350310711688E+03	-2.39016685478418E-01
 1.96350584501691E+03	-2.10410119660857E-01
 1.96350858291694E+03	-1.39221738991849E-01
 1.96351132081698E+03	-3.20964477962778E-02
 1.96351405871701E+03	 1.06505632828980E-01
 1.96351679661704E+03	 2.67719721668565E-01
 1.96351953451707E+03	 4.22563713303243E-01
 1.96352227241710E+03	 5.19659810031158E-01
 1.96352501031713E+03	 5.09207829031535E-01
 1.96352774821716E+03	 3.77534846315004E-01
 1.96353048611719E+03	 1.61374162579900E-01
 1.96353322401722E+03	-7.18928343612055E-02
 1.96353596191725E+03	-2.60173773568077E-01
 1.96353869981728E+03	-3.69027805664905E-01
 1.96354143771731E+03	-3.89501977244477E-01
 1.96354417561734E+03	-3.26396628376410E-01
 1.96354691351737E+03	-1.95959536061515E-01
 1.96354965141741E+03	-3.27380393671054E-02
 1.96355238931744E+03	 1.11891407332766E-01
 1.96355512721747E+03	 1.90362678794308E-01
 1.96355786511750E+03	 1.85943916267536E-01
 1.96356060301753E+03	 1.20803002072070E-01
 1.96356334091756E+03	 3.53996472795259E-02
 1.96356607881759E+03	-4.20024928423509E-02
 1.96356881671762E+03	-1.07419746084549E-01
 1.96357155461765E+03	-1.67266471836349E-01
 1.96357429251768E+03	-2.18232218224415E-01
 1.96357703041771E+03	-2.43859930679023E-01
 1.96357976831774E+03	-2.28483345950622E-01
 1.96358250621777E+03	-1.69357681756283E-01
 1.96358524411781E+03	-7.32545554996956E-02
 1.96358798201784E+03	 5.42325509809650E-02
 1.96359071991787E+03	 2.08205801941171E-01
 1.96359345781790E+03	 3.69406903949766E-01
 1.96359619571793E+03	 4.93726554871042E-01
 1.96359893361796E+03	 5.26597490859639E-01
 1.96360167151799E+03	 4.37421810661480E-01
 1.96360440941802E+03	 2.44874289845692E-01
 1.96360714731805E+03	 9.25961353162897E-03
 1.96360988521808E+03	-2.01230874433838E-01
 1.96361262311811E+03	-3.40857304330838E-01
 1.96361536101814E+03	-3.92580134324454E-01
 1.96361809891817E+03	-3.57106447451625E-01
 1.96362083681821E+03	-2.45896710210849E-01
 1.96362357471824E+03	-8.64088422279462E-02
 1.96362631261827E+03	 7.39425540273905E-02
 1.96362905051830E+03	 1.81773591981385E-01
 1.96363178841833E+03	 2.05856391986047E-01
 1.96363452631836E+03	 1.55184924476596E-01
 1.96363726421839E+03	 6.80938876381026E-02
 1.96364000211842E+03	-1.85769799755211E-02
 1.96364274001845E+03	-9.13026494782033E-02
 1.96364547791848E+03	-1.54608914903038E-01
 1.96364821581851E+03	-2.10054188994225E-01
 1.96365095371854E+03	-2.45179541993883E-01
 1.96365369161857E+03	-2.42770873027579E-01
 1.96365642951860E+03	-1.96017920996648E-01
 1.96365916741864E+03	-1.10591149712503E-01
 1.96366190531867E+03	 6.12602067284177E-03
 1.96366464321870E+03	 1.50560999875538E-01
 1.96366738111873E+03	 3.11642794864043E-01
 1.96367011901876E+03	 4.54973828159321E-01
 1.96367285691879E+03	 5.26558217949823E-01
 1.96367559481882E+03	 4.82574910097629E-01
 1.96367833271885E+03	 3.22301707849600E-01
 1.96368107061888E+03	 9.38776413827603E-02
 1.96368380851891E+03	-1.32760092130827E-01
 1.96368654641894E+03	-3.01262629144158E-01
 1.96368928431897E+03	-3.84749084609279E-01
 1.96369202221900E+03	-3.78793149755457E-01
 1.96369476011904E+03	-2.90810740340529E-01
 1.96369749801907E+03	-1.41585626364539E-01
 1.96370023591910E+03	 2.76702742217097E-02
 1.96370297381913E+03	 1.61811713712394E-01
 1.96370571171916E+03	 2.17315325390976E-01
 1.96370844961919E+03	 1.87803335211613E-01
 1.96371118751922E+03	 1.04591333199677E-01
 1.96371392541925E+03	 9.93145302984210E-03
 1.96371666331928E+03	-7.20355737367677E-02
 1.96371940121931E+03	-1.40533903414357E-01
 1.96372213911934E+03	-2.00088519950598E-01
 1.96372487701937E+03	-2.43290161990753E-01
 1.96372761491940E+03	-2.53263691566591E-01
 1.96373035281944E+03	-2.19261074415444E-01
 1.96373309071947E+03	-1.44477220153455E-01
 1.96373582861950E+03	-3.78307989404566E-02
 1.96373856651953E+03	 9.62157712377842E-02
 1.96374130441956E+03	 2.52279905509611E-01
 1.96374404231959E+03	 4.06473043099363E-01
 1.96374678021962E+03	 5.10099385063427E-01
 1.96374951811965E+03	 5.11070448986806E-01
 1.96375225601968E+03	 3.89960036665095E-01
 1.96375499391971E+03	 1.78585632598241E-01
 1.96375773181974E+03	-5.65474678693592E-02
 1.96376046971977E+03	-2.50612532316491E-01
 1.96376320761980E+03	-3.65672808793354E-01
 1.96376594551983E+03	-3.90564663987461E-01
 1.96376868341987E+03	-3.28884920542576E-01
 1.96377142131990E+03	-1.95665254133171E-01
 1.96377415921993E+03	-2.47569593549683E-02
 1.96377689711996E+03	 1.30723671368742E-01
 1.96377963501999E+03	 2.18368044645162E-01
 1.96378237292002E+03	 2.15911941452014E-01
 1.96378511082005E+03	 1.43244129639594E-01
 1.96378784872008E+03	 4.36755952597699E-02
 1.96379058662011E+03	-4.85596393432244E-02
 1.96379332452014E+03	-1.24389772656700E-01
 1.96379606242017E+03	-1.88483859962528E-01
 1.96379880032020E+03	-2.38554199658275E-01
 1.96380153822023E+03	-2.60008534318536E-01
 1.96380427612027E+03	-2.39039143579650E-01
 1.96380701402030E+03	-1.75217522259194E-01
 1.96380975192033E+03	-7.79762250185432E-02
 1.96381248982036E+03	 4.59157000850316E-02
 1.96381522772039E+03	 1.93826266628154E-01
 1.96381796562042E+03	 3.51565378550555E-01
 1.96382070352045E+03	 4.79256204237321E-01
 1.96382344142048E+03	 5.22085438184605E-01
 1.96382617932051E+03	 4.44599462543496E-01
 1.96382891722054E+03	 2.59673029838960E-01
 1.96383165512057E+03	 2.49794034552902E-02
 1.96383439302060E+03	-1.89728871181833E-01
 1.96383713092063E+03	-3.35236261384976E-01
 1.96383986882067E+03	-3.91789323196131E-01
 1.96384260672070E+03	-3.58686213225532E-01
 1.96384534462073E+03	-2.46229609161817E-01
 1.96384808252076E+03	-8.07858588023045E-02
 1.96385082042079E+03	 8.96121938012773E-02
 1.96385355832082E+03	 2.07782422954405E-01
 1.96385629622085E+03	 2.36790434791597E-01
 1.96385903412088E+03	 1.81786907050010E-01
 1.96386177202091E+03	 8.21441897896307E-02
 1.96386450992094E+03	-2.00048229903944E-02
 1.96386724782097E+03	-1.05272197806692E-01
 1.96386998572100E+03	-1.75118707476507E-01
 1.96387272362103E+03	-2.31313691089557E-01
 1.96387546152107E+03	-2.63136970542204E-01
 1.96387819942110E+03	-2.55241214556062E-01
 1.96388093732113E+03	-2.02974751721392E-01
 1.96388367522116E+03	-1.14793042178694E-01
 1.96388641312119E+03	-1.95542487452395E-04
 1.96388915102122E+03	 1.38116854473776E-01
 1.96389188892125E+03	 2.93517798504511E-01
 1.96389462682128E+03	 4.36856421101525E-01
 1.96389736472131E+03	 5.15976809894661E-01
 1.96390010262134E+03	 4.83725076180520E-01
 1.96390284052137E+03	 3.33360503687333E-01
 1.96390557842140E+03	 1.08800269251453E-01
 1.96390831632143E+03	-1.19983310860338E-01
 1.96391105422146E+03	-2.93602300777608E-01
 1.96391379212150E+03	-3.82052166000410E-01
 1.96391653002153E+03	-3.79145455729189E-01
 1.96391926792156E+03	-2.91182027088449E-01
 1.96392200582159E+03	-1.37714479409956E-01
 1.96392474372162E+03	 4.03178174825773E-02
 1.96392748162165E+03	 1.85189408229943E-01
 1.96393021952168E+03	 2.48040082537765E-01
 1.96393295742171E+03	 2.17524062840604E-01
 1.96393569532174E+03	 1.24096665046285E-01
 1.96393843322177E+03	 1.41034116215964E-02
 1.96394117112180E+03	-8.21508047328594E-02
 1.96394390902183E+03	-1.59563847370623E-01
 1.96394664692186E+03	-2.21802600309932E-01
 1.96394938482190E+03	-2.62863322285050E-01
 1.96395212272193E+03	-2.67753031586497E-01
 1.96395486062196E+03	-2.27746309207415E-01
 1.96395759852199E+03	-1.48746891812124E-01
 1.96396033642202E+03	-4.24247551744054E-02
 1.96396307432205E+03	 8.62438510227395E-02
 1.96396581222208E+03	 2.35212169927167E-01
 1.96396855012211E+03	 3.86205237379596E-01
 1.96397128802214E+03	 4.94233457872644E-01
 1.96397402592217E+03	 5.05846110887277E-01
 1.96397676382220E+03	 3.96113807850675E-01
 1.96397950172223E+03	 1.91436965827362E-01
 1.96398223962226E+03	-4.33604730729351E-02
 1.96398497752230E+03	-2.41299632710520E-01
 1.96398771542233E+03	-3.61139185295806E-01
 1.96399045332236E+03	-3.89505796683825E-01
 1.96399319122239E+03	-3.28819952854149E-01
 1.96399592912242E+03	-1.92914512140980E-01
 1.96399866702245E+03	-1.47721992058086E-02
 1.96400140492248E+03	 1.51126659505541E-01
 1.96400414282251E+03	 2.47851604261159E-01
 1.96400688072254E+03	 2.47586932537350E-01
 1.96400961862257E+03	 1.67591298226787E-01
 1.96401235652260E+03	 5.36637531869482E-02
 1.96401509442263E+03	-5.40456622635674E-02
 1.96401783232266E+03	-1.41099103392108E-01
 1.96402057022269E+03	-2.10057933213626E-01
 1.96402330812273E+03	-2.59446666741505E-01
 1.96402604602276E+03	-2.76512345742775E-01
 1.96402878392279E+03	-2.49388803465514E-01
 1.96403152182282E+03	-1.80164609786607E-01
 1.96403425972285E+03	-8.13395940219485E-02
 1.96403699762288E+03	 3.85907622772547E-02
 1.96403973552291E+03	 1.78906371954458E-01
 1.96404247342294E+03	 3.30729406338997E-01
 1.96404521132297E+03	 4.59303405540287E-01
 1.96404794922300E+03	 5.10629017828354E-01
 1.96405068712303E+03	 4.44968219500379E-01
 1.96405342502306E+03	 2.69171753672094E-01
 1.96405616292309E+03	 3.75385766195666E-02
 1.96405890082313E+03	-1.79323322522908E-01
 1.96406163872316E+03	-3.29060513578402E-01
 1.96406437662319E+03	-3.89262900616543E-01
 1.96406711452322E+03	-3.57846122893587E-01
 1.96406985242325E+03	-2.44011639967845E-01
 1.96407259032328E+03	-7.29578625366283E-02
 1.96407532822331E+03	 1.06980468162515E-01
 1.96407806612334E+03	 2.35209947189349E-01
 1.96408080402337E+03	 2.69229243729208E-01
 1.96408354192340E+03	 2.10110714127257E-01
 1.96408627982343E+03	 9.78761139219483E-02
 1.96408901772346E+03	-2.02316623506087E-02
 1.96409175562349E+03	-1.18792665019822E-01
 1.96409449352353E+03	-1.95851438200995E-01
 1.96409723142356E+03	-2.53121481487850E-01
 1.96409996932359E+03	-2.81541908442817E-01
 1.96410270722362E+03	-2.67676134572611E-01
 1.96410544512365E+03	-2.09167456161615E-01
 1.96410818302368E+03	-1.17574465372118E-01
 1.96411092092371E+03	-5.04390227481042E-03
 1.96411365882374E+03	 1.26094822957827E-01
 1.96411639672377E+03	 2.73627075336072E-01
 1.96411913462380E+03	 4.14316090280036E-01
 1.96412187252383E+03	 4.98928836126635E-01
 1.96412461042386E+03	 4.77820800077374E-01
 1.96412734832389E+03	 3.38332164129336E-01
 1.96413008622392E+03	 1.19571580897054E-01
 1.96413282412396E+03	-1.09222314793563E-01
 1.96413556202399E+03	-2.86112690211472E-01
 1.96413829992402E+03	-3.78120052111921E-01
 1.96414103782405E+03	-3.77331722383447E-01
 1.96414377572408E+03	-2.89005354729575E-01
 1.96414651362411E+03	-1.31469085917193E-01
 1.96414925152414E+03	 5.48377208035584E-02
 1.96415198942417E+03	 2.10009533164727E-01
 1.96415472732420E+03	 2.80122706035945E-01
 1.96415746522423E+03	 2.48774214672005E-01
 1.96416020312426E+03	 1.45201054171186E-01
 1.96416294102429E+03	 1.95587604176064E-02
 1.96416567892432E+03	-9.16404472203316E-02
 1.96416841682436E+03	-1.78662748119647E-01
 1.96417115472439E+03	-2.44010306539836E-01
 1.96417389262442E+03	-2.82947940536699E-01
 1.96417663052445E+03	-2.82371040451449E-01
 1.96417936842448E+03	-2.35662552797829E-01
 1.96418210632451E+03	-1.51663203113029E-01
 1.96418484422454E+03	-4.52601152345174E-02
 1.96418758212457E+03	 7.74804884801242E-02
 1.96419032002460E+03	 2.17568597529478E-01
 1.96419305792463E+03	 3.62734887190069E-01
 1.96419579582466E+03	 4.72689426313061E-01
 1.96419853372469E+03	 4.93648578011266E-01
 1.96420127162472E+03	 3.95611892655674E-01
 1.96420400952476E+03	 1.99216539846332E-01
 1.96420674742479E+03	-3.31460397878975E-02
 1.96420948532482E+03	-2.32968745108784E-01
 1.96421222322485E+03	-3.55975927099752E-01
 1.96421496112488E+03	-3.86652902191067E-01
 1.96421769902491E+03	-3.26321720043882E-01
 1.96422043692494E+03	-1.87684071294467E-01
 1.96422317482497E+03	-2.72794503805909E-03
 1.96422591272500E+03	 1.73066514633180E-01
 1.96422865062503E+03	 2.78613759243169E-01
 1.96423138852506E+03	 2.80613010452301E-01
 1.96423412642509E+03	 1.93415713515327E-01
 1.96423686432512E+03	 6.49672325913849E-02
 1.96423960222516E+03	-5.87514274434013E-02
 1.96424234012519E+03	-1.57709460664935E-01
 1.96424507802522E+03	-2.32038288574997E-01
 1.96424781592525E+03	-2.80880678948964E-01
 1.96425055382528E+03	-2.93288451783174E-01
 1.96425329172531E+03	-2.59384379523035E-01
 1.96425602962534E+03	-1.83922298311823E-01
 1.96425876752537E+03	-8.28412974884015E-02
 1.96426150542540E+03	 3.30536752983470E-02
 1.96426424332543E+03	 1.64485399165537E-01
 1.96426698122546E+03	 3.07985119935915E-01
 1.96426971912549E+03	 4.34721417663253E-01
 1.96427245702552E+03	 4.92618400504398E-01
 1.96427519492555E+03	 4.38387782702986E-01
 1.96427793282559E+03	 2.72812418899389E-01
 1.96428067072562E+03	 4.61745505348561E-02
 1.96428340862565E+03	-1.70775139849835E-01
 1.96428614652568E+03	-3.22953516711287E-01
 1.96428888442571E+03	-3.85425334622686E-01
 1.96429162232574E+03	-3.54805056422720E-01
 1.96429436022577E+03	-2.39297144515300E-01
 1.96429709812580E+03	-6.29034071321017E-02
 1.96429983602583E+03	 1.26029469285791E-01
 1.96430257392586E+03	 2.63907613326183E-01
 1.96430531182589E+03	 3.02874209728432E-01
 1.96430804972592E+03	 2.39766670957680E-01
 1.96431078762595E+03	 1.14905845771292E-01
 1.96431352552599E+03	-1.95547550306136E-02
 1.96431626342602E+03	-1.32040555249460E-01
 1.96431900132605E+03	-2.16872181131671E-01
 1.96432173922608E+03	-2.75463429756649E-01
 1.96432447712611E+03	-3.00332106725241E-01
 1.96432721502614E+03	-2.79968980330315E-01
 1.96432995292617E+03	-2.14397325990595E-01
 1.96433269082620E+03	-1.18546742008693E-01
 1.96433542872623E+03	-7.74252977102467E-03
 1.96433816662626E+03	 1.15470372579964E-01
 1.96434090452629E+03	 2.53106242073126E-01
 1.96434364242632E+03	 3.88384315721403E-01
 1.96434638032635E+03	 4.76067731924919E-01
 1.96434911822639E+03	 4.64989275706012E-01
 1.96435185612642E+03	 3.36857399253818E-01
 1.96435459402645E+03	 1.25527565581218E-01
 1.96435733192648E+03	-1.01228678506122E-01
 1.96436006982651E+03	-2.79467282860458E-01
 1.96436280772654E+03	-3.73459570344082E-01
 1.96436554562657E+03	-3.73665157099330E-01
 1.96436828352660E+03	-2.84420405701944E-01
 1.96437102142663E+03	-1.22881555952611E-01
 1.96437375932666E+03	 7.12043733886825E-02
 1.96437649722669E+03	 2.36156017813887E-01
 1.96437923512672E+03	 3.13314168366550E-01
 1.96438197302675E+03	 2.81205605666196E-01
 1.96438471092678E+03	 1.67541387422187E-01
 1.96438744882682E+03	 2.60023916215688E-02
 1.96439018672685E+03	-1.00688197533399E-01
 1.96439292462688E+03	-1.97904515574242E-01
 1.96439566252691E+03	-2.66705447322891E-01
 1.96439840042694E+03	-3.03492976142642E-01
 1.96440113832697E+03	-2.97038253736873E-01
 1.96440387622700E+03	-2.42872581116788E-01
 1.96440661412703E+03	-1.52943142146603E-01
 1.96440935202706E+03	-4.57919953132886E-02
 1.96441208992709E+03	 7.07963687875106E-02
 1.96441482782712E+03	 2.00473008821553E-01
 1.96441756572715E+03	 3.37213295272110E-01
 1.96442030362718E+03	 4.46353163466032E-01
 1.96442304152722E+03	 4.74879868922795E-01
 1.96442577942725E+03	 3.88330487668481E-01
 1.96442851732728E+03	 2.01405651919937E-01
 1.96443125522731E+03	-2.66057453668581E-02
 1.96443399312734E+03	-2.26314329987739E-01
 1.96443673102737E+03	-3.50753231532084E-01
 1.96443946892740E+03	-3.82403509707981E-01
 1.96444220682743E+03	-3.21616248740355E-01
 1.96444494472746E+03	-1.80072786685555E-01
 1.96444768262749E+03	 1.13213046498301E-02
 1.96445042052752E+03	 1.96439072237480E-01
 1.96445315842755E+03	 3.10442477789590E-01
 1.96445589632758E+03	 3.14680618116570E-01
 1.96445863422762E+03	 2.20378667344151E-01
 1.96446137212765E+03	 7.72992848062249E-02
 1.96446411002768E+03	-6.28613312015846E-02
 1.96446684792771E+03	-1.74297290526814E-01
 1.96446958582774E+03	-2.54420053243736E-01
 1.96447232372777E+03	-3.02807720923359E-01
 1.96447506162780E+03	-3.10271252468460E-01
 1.96447779952783E+03	-2.68932115794269E-01
 1.96448053742786E+03	-1.86297509393871E-01
 1.96448327532789E+03	-8.20683924114253E-02
 1.96448601322792E+03	 3.00419109167058E-02
 1.96448875112795E+03	 1.51619875563408E-01
 1.96449148902798E+03	 2.84539454775272E-01
 1.96449422692801E+03	 4.06582180837991E-01
 1.96449696482805E+03	 4.68719997393169E-01
 1.96449970272808E+03	 4.24994414241728E-01
 1.96450244062811E+03	 2.70264771109172E-01
 1.96450517852814E+03	 5.02788501501618E-02
 1.96450791642817E+03	-1.64766475492904E-01
 1.96451065432820E+03	-3.17525840837819E-01
 1.96451339222823E+03	-3.80743889599008E-01
 1.96451613012826E+03	-3.49870242330245E-01
 1.96451886802829E+03	-2.32258310715634E-01
 1.96452160592832E+03	-5.07227108886305E-02
 1.96452434382835E+03	 1.46646607947628E-01
 1.96452708172838E+03	 2.93684466391595E-01
 1.96452981962841E+03	 3.37446781788384E-01
 1.96453255752845E+03	 2.70439893636811E-01
 1.96453529542848E+03	 1.32958112466912E-01
 1.96453803332851E+03	-1.81546552965872E-02
 1.96454077122854E+03	-1.45089575314332E-01
 1.96454350912857E+03	-2.38171324988967E-01
 1.96454624702860E+03	-2.98285717449357E-01
 1.96454898492863E+03	-3.19443795949384E-01
 1.96455172282866E+03	-2.92051487016010E-01
 1.96455446072869E+03	-2.18541175399625E-01
 1.96455719862872E+03	-1.17418820832985E-01
 1.96455993652875E+03	-7.70196134214036E-03
 1.96456267442878E+03	 1.07187233501748E-01
 1.96456541232881E+03	 2.33153323347656E-01
 1.96456815022885E+03	 3.60260841345773E-01
 1.96457088812888E+03	 4.48296099530811E-01
 1.96457362602891E+03	 4.45636232282157E-01
 1.96457636392894E+03	 3.28830282106282E-01
 1.96457910182897E+03	 1.26196076431966E-01
 1.96458183972900E+03	-9.66354953192054E-02
 1.96458457762903E+03	-2.74290326422371E-01
 1.96458731552906E+03	-3.68589312757056E-01
 1.96459005342909E+03	-3.68523817319523E-01
 1.96459279132912E+03	-2.77672757316570E-01
 1.96459552922915E+03	-1.12109021684795E-01
 1.96459826712918E+03	 8.92787823266229E-02
 1.96460100502921E+03	 2.63441622115221E-01
 1.96460374292925E+03	 3.47355542782211E-01
 1.96460648082928E+03	 3.14522418774016E-01
 1.96460921872931E+03	 1.90853434420929E-01
 1.96461195662934E+03	 3.32594524673327E-02
 1.96461469452937E+03	-1.09361534445147E-01
 1.96461743242940E+03	-2.17269796541978E-01
 1.96462017032943E+03	-2.89822061492840E-01
 1.96462290822946E+03	-3.24425994327393E-01
 1.96462564612949E+03	-3.11695136859235E-01
 1.96462838402952E+03	-2.49301080841301E-01
 1.96463112192955E+03	-1.52399486688263E-01
 1.96463385982958E+03	-4.35803833346568E-02
 1.96463659772961E+03	 6.69899241471859E-02
 1.96463933562964E+03	 1.85054950042663E-01
 1.96464207352968E+03	 3.10902662102568E-01
 1.96464481142971E+03	 4.16319158665343E-01
 1.96464754932974E+03	 4.50207498329463E-01
 1.96465028722977E+03	 3.74413003743275E-01
 1.96465302512980E+03	 1.97708897944550E-01
 1.96465576302983E+03	-2.42846812208471E-02
 1.96465850092986E+03	-2.21944274504381E-01
 1.96466123882989E+03	-3.46019372346928E-01
 1.96466397672992E+03	-3.77191913348082E-01
 1.96466671462995E+03	-3.15016642314052E-01
 1.96466945252998E+03	-1.70299652687664E-01
 1.96467219043001E+03	 2.71962602092484E-02
 1.96467492833004E+03	 2.21043993493536E-01
 1.96467766623008E+03	 3.43084735307387E-01
 1.96468040413011E+03	 3.49504663035029E-01
 1.96468314203014E+03	 2.48222922600551E-01
 1.96468587993017E+03	 9.04894313820962E-02
 1.96468861783020E+03	-6.64356527826059E-02
 1.96469135573023E+03	-1.90830186372721E-01
 1.96469409363026E+03	-2.77119538340143E-01
 1.96469683153029E+03	-3.25137842512311E-01
 1.96469956943032E+03	-3.27395144250093E-01
 1.96470230733035E+03	-2.77982587321305E-01
 1.96470504523038E+03	-1.87183481504493E-01
 1.96470778313041E+03	-7.87199117848357E-02
 1.96471052103044E+03	 3.01906751123690E-02
 1.96471325893048E+03	 1.41320941098199E-01
 1.96471599683051E+03	 2.61650110693428E-01
 1.96471873473054E+03	 3.76114912520868E-01
 1.96472147263057E+03	 4.39837892425139E-01
 1.96472421053060E+03	 4.05191904458085E-01
 1.96472694843063E+03	 2.61444430483482E-01
 1.96472968633066E+03	 4.94336329359650E-02
 1.96473242423069E+03	-1.61856050846896E-01
 1.96473516213072E+03	-3.13330978093703E-01
 1.96473790003075E+03	-3.75691219459898E-01
 1.96474063793078E+03	-3.43411491017427E-01
 1.96474337583081E+03	-2.23174748616374E-01
 1.96474611373084E+03	-3.66439761647379E-02
 1.96474885163087E+03	 1.68604044569699E-01
 1.96475158953091E+03	 3.24278997882415E-01
 1.96475432743094E+03	 3.72661684537062E-01
 1.96475706533097E+03	 3.01872826192119E-01
 1.96475980323100E+03	 1.51862123695395E-01
 1.96476254113103E+03	-1.60865576952311E-02
 1.96476527903106E+03	-1.57893343508377E-01
 1.96476801693109E+03	-2.59643552887413E-01
 1.96477075483112E+03	-3.21473769883027E-01
 1.96477349273115E+03	-3.38792849289376E-01
 1.96477623063118E+03	-3.03879718982823E-01
 1.96477896853121E+03	-2.21546761812481E-01
 1.96478170643124E+03	-1.14008942778148E-01
 1.96478444433127E+03	-4.45350359636388E-03
 1.96478718223131E+03	 1.02101380138660E-01
 1.96478992013134E+03	 2.14958506442363E-01
 1.96479265803137E+03	 3.31244141542287E-01
 1.96479539593140E+03	 4.16713010713429E-01
 1.96479813383143E+03	 4.20420750117856E-01
 1.96480087173146E+03	 3.14402192176603E-01
 1.96480360963148E+03	 1.21323590416422E-01
 1.96480634753152E+03	-9.59177134889534E-02
 1.96480908543155E+03	-2.71113609099894E-01
 1.96481182333158E+03	-3.63999881871873E-01
 1.96481456123161E+03	-3.62319556124949E-01
 1.96481729913164E+03	-2.69095798138697E-01
 1.96482003703167E+03	-9.94313753175732E-02
 1.96482277493171E+03	 1.08795144144393E-01
 1.96482551283174E+03	 2.91583041485907E-01
 1.96482825073177E+03	 3.81949240344066E-01
 1.96483098863180E+03	 3.48456976446694E-01
 1.96483372653183E+03	 2.14958266655364E-01
 1.96483646443186E+03	 4.12743299550896E-02
 1.96483920233189E+03	-1.17602212963820E-01
 1.96484194023192E+03	-2.36630001166523E-01
 1.96484467813195E+03	-3.13215766190141E-01
 1.96484741603198E+03	-3.45634378443397E-01
 1.96485015393201E+03	-3.26285462906548E-01
 1.96485289183204E+03	-2.54924267479005E-01
 1.96485562973207E+03	-1.49943379567549E-01
 1.96485836763211E+03	-3.83130523535351E-02
 1.96486110553214E+03	 6.67404559192652E-02
 1.96486384343217E+03	 1.72383081140714E-01
 1.96486658133220E+03	 2.85102327034121E-01
 1.96486931923223E+03	 3.83826305974353E-01
 1.96487205713226E+03	 4.20523758735757E-01
 1.96487479503229E+03	 3.54258689395484E-01
 1.96487753293232E+03	 1.88069030339094E-01
 1.96488027083235E+03	-2.65390960942191E-02
 1.96488300873238E+03	-2.20339730498928E-01
 1.96488574663241E+03	-3.42260497263298E-01
 1.96488848453244E+03	-3.71454567992680E-01
 1.96489122243247E+03	-3.06898626270372E-01
 1.96489396033250E+03	-1.58693255316263E-01
 1.96489669823254E+03	 4.45876617535104E-02
 1.96489943613257E+03	 2.46565538287237E-01
 1.96490217403260E+03	 3.76218789562468E-01
 1.96490491193263E+03	 3.84796159870299E-01
 1.96490764983266E+03	 2.76751065446562E-01
 1.96491038773269E+03	 1.04472815410973E-01
 1.96491312563272E+03	-6.94098869493506E-02
 1.96491586353275E+03	-2.07157527074233E-01
 1.96491860143278E+03	-2.99959624773834E-01
 1.96492133933281E+03	-3.47722503664488E-01
 1.96492407723284E+03	-3.44577007933196E-01
 1.96492681513287E+03	-2.86516254145589E-01
 1.96492955303290E+03	-1.86554595595478E-01
 1.96493229093294E+03	-7.26191329567319E-02
 1.96493502883297E+03	 3.39968393760406E-02
 1.96493776673300E+03	 1.34494735767476E-01
 1.96494050463303E+03	 2.40551646935249E-01
 1.96494324253306E+03	 3.44633760847799E-01
 1.96494598043309E+03	 4.07059199737473E-01
 1.96494871833312E+03	 3.79624522443739E-01
 1.96495145623315E+03	 2.46514138579941E-01
 1.96495419413318E+03	 4.34345597908657E-02
 1.96495693203321E+03	-1.62444150663360E-01
 1.96495966993324E+03	-3.10826619770190E-01
 1.96496240783327E+03	-3.70709056308676E-01
 1.96496514573330E+03	-3.35831989764997E-01
 1.96496788363334E+03	-2.12415576003967E-01
 1.96497062153337E+03	-2.10199825231960E-02
 1.96497335943340E+03	 1.91546914849417E-01
 1.96497609733343E+03	 3.55335276585937E-01
 1.96497883523346E+03	 4.08197390423338E-01
 1.96498157313349E+03	 3.33837688942351E-01
 1.96498431103352E+03	 1.71532105921063E-01
 1.96498704893355E+03	-1.32889437602781E-02
 1.96498978683358E+03	-1.70283911149561E-01
 1.96499252473361E+03	-2.81078807278574E-01
 1.96499526263364E+03	-3.44838298070633E-01
 1.96499800053367E+03	-3.58258038051352E-01
 1.96500073843370E+03	-3.15417391219220E-01
 1.96500347633373E+03	-2.23421584559892E-01
 1.96500621423377E+03	-1.08247151983724E-01
 1.96500895213380E+03	 2.32625639247619E-03
 1.96501169003383E+03	 1.00931078525033E-01
 1.96501442793386E+03	 1.99634026812566E-01
 1.96501716583389E+03	 3.02654836906289E-01
 1.96501990373392E+03	 3.82547975837353E-01
 1.96502264163395E+03	 3.90213112660383E-01
 1.96502537953398E+03	 2.93968360832723E-01
 1.96502811743401E+03	 1.10886657184857E-01
 1.96503085533404E+03	-9.93643426419130E-02
 1.96503359323407E+03	-2.70341138783164E-01
 1.96503633113410E+03	-3.60117737320637E-01
 1.96503906903413E+03	-3.55465876059360E-01
 1.96504180693417E+03	-2.59086849441221E-01
 1.96504454483420E+03	-8.52396778740078E-02
 1.96504728273423E+03	 1.29357551921609E-01
 1.96505002063426E+03	 3.20183261005448E-01
 1.96505275853429E+03	 4.16731323989640E-01
 1.96505549643432E+03	 3.82738969187587E-01
 1.96505823433435E+03	 2.39735550255545E-01
 1.96506097223438E+03	 5.00929118419495E-02
 1.96506371013441E+03	-1.25233503374067E-01
 1.96506644803444E+03	-2.55745202528925E-01
 1.96506918593447E+03	-3.36654496495356E-01
 1.96507192383450E+03	-3.66950957051643E-01
 1.96507466173453E+03	-3.40739229706814E-01
 1.96507739963457E+03	-2.59754602514569E-01
 1.96508013753460E+03	-1.45578564287552E-01
 1.96508287543463E+03	-2.98186610913084E-02
 1.96508561333466E+03	 7.05696241263915E-02
 1.96508835123469E+03	 1.63402342882862E-01
 1.96509108913472E+03	 2.61072053171675E-01
 1.96509382703475E+03	 3.50183794911071E-01
 1.96509656493478E+03	 3.86890000648514E-01
 1.96509930283481E+03	 3.28494144129499E-01
 1.96510204073484E+03	 1.72665452020787E-01
 1.96510477863487E+03	-3.35177488670247E-02
 1.96510751653490E+03	-2.21825083476870E-01
 1.96511025443493E+03	-3.39866467092559E-01
 1.96511299233496E+03	-3.65596876301285E-01
 1.96511573023500E+03	-2.97672432613547E-01
 1.96511846813503E+03	-1.45673036279199E-01
 1.96512120603506E+03	 6.30617096675860E-02
 1.96512394393509E+03	 2.72562862363865E-01
 1.96512668183512E+03	 4.09431128340505E-01
 1.96512941973515E+03	 4.20231219369841E-01
 1.96513215763518E+03	 3.05793802402045E-01
 1.96513489553521E+03	 1.19264337075974E-01
 1.96513763343524E+03	-7.16109686582033E-02
 1.96514037133527E+03	-2.23016362422836E-01
 1.96514310923530E+03	-3.22666572340047E-01
 1.96514584713533E+03	-3.70344089793133E-01
 1.96514858503536E+03	-3.61700477399092E-01
 1.96515132293540E+03	-2.94526122372590E-01
 1.96515406083543E+03	-1.84454235397369E-01
 1.96515679873546E+03	-6.37162128735435E-02
 1.96515953663549E+03	 4.17926999514509E-02
 1.96516227453552E+03	 1.31889643809274E-01
 1.96516501243555E+03	 2.22382645109688E-01
 1.96516775033558E+03	 3.13459470055134E-01
 1.96517048823561E+03	 3.71587212151384E-01
 1.96517322613564E+03	 3.49134033664343E-01
 1.96517596403567E+03	 2.25868312284334E-01
 1.96517870193570E+03	 3.22985871850728E-02
 1.96518143983573E+03	-1.66749697977193E-01
 1.96518417773576E+03	-3.10344260067631E-01
 1.96518691563580E+03	-3.66175777708633E-01
 1.96518965353583E+03	-3.27537844406381E-01
 1.96519239143586E+03	-2.00415069845967E-01
 1.96519512933589E+03	-4.31445339927660E-03
 1.96519786723592E+03	 2.14992516265365E-01
 1.96520060513595E+03	 3.86386850775921E-01
 1.96520334303598E+03	 4.43667879746828E-01
 1.96520608093601E+03	 3.66102512467837E-01
 1.96520881883604E+03	 1.91935004657193E-01
 1.96521155673607E+03	-9.60839022031428E-03
 1.96521429463610E+03	-1.81986252079613E-01
 1.96521703253613E+03	-3.02166325535701E-01
 1.96521977043616E+03	-3.68110093391446E-01
 1.96522250833620E+03	-3.77668288130400E-01
 1.96522524623623E+03	-3.26618461590231E-01
 1.96522798413626E+03	-2.24216510523254E-01
 1.96523072203629E+03	-1.00169060659154E-01
 1.96523345993632E+03	 1.28013610985352E-02
 1.96523619783635E+03	 1.04216109243522E-01
 1.96523893573638E+03	 1.88148806392514E-01
 1.96524167363641E+03	 2.75757242090388E-01
 1.96524441153644E+03	 3.47086180755299E-01
 1.96524714943647E+03	 3.56038779483738E-01
 1.96524988733650E+03	 2.68138194850602E-01
 1.96525262523653E+03	 9.50874902151208E-02
 1.96525536313656E+03	-1.07064320712784E-01
 1.96525810103659E+03	-2.72224199994302E-01
 1.96526083893663E+03	-3.57275303153303E-01
 1.96526357683666E+03	-3.48347052856443E-01
 1.96526631473669E+03	-2.48079051076231E-01
 1.96526905263672E+03	-7.00154980797558E-02
 1.96527179053675E+03	 1.50448207660839E-01
 1.96527452843678E+03	 3.48724064030917E-01
 1.96527726633681E+03	 4.51248808343144E-01
 1.96528000423684E+03	 4.17062233915201E-01
 1.96528274213687E+03	 2.65087139803095E-01
 1.96528548003690E+03	 5.98303067980092E-02
 1.96528821793693E+03	-1.31983353573335E-01
 1.96529095583696E+03	-2.74276237997455E-01
 1.96529369373699E+03	-3.59819792254984E-01
 1.96529643163703E+03	-3.88145728609285E-01
 1.96529916953706E+03	-3.54957045970953E-01
 1.96530190743709E+03	-2.63822400098525E-01
 1.96530464533712E+03	-1.39388335668190E-01
 1.96530738323715E+03	-1.80696655240513E-02
 1.96531012113718E+03	 7.88135717627581E-02
 1.96531285903721E+03	 1.58878986232556E-01
 1.96531559693724E+03	 2.39957515365648E-01
 1.96531833483727E+03	 3.16692223662074E-01
 1.96532107273730E+03	 3.50469901967714E-01
 1.96532381063733E+03	 2.97929929038528E-01
 1.96532654853736E+03	 1.51896733259227E-01
 1.96532928643739E+03	-4.51580406335322E-02
 1.96533202433743E+03	-2.26550044795003E-01
 1.96533476223746E+03	-3.39105142841725E-01
 1.96533750013749E+03	-3.59963745448881E-01
 1.96534023803752E+03	-2.87752920406828E-01
 1.96534297593755E+03	-1.31723278391718E-01
 1.96534571383758E+03	 8.20766430319598E-02
 1.96534845173761E+03	 2.98471987106264E-01
 1.96535118963764E+03	 4.42201586123781E-01
 1.96535392753767E+03	 4.55421587017651E-01
 1.96535666543770E+03	 3.35172235690152E-01
 1.96535940333773E+03	 1.34920704792572E-01
 1.96536214123776E+03	-7.27885386643237E-02
 1.96536487913779E+03	-2.38051991399934E-01
 1.96536761703782E+03	-3.44878764524643E-01
 1.96537035493786E+03	-3.92713395813602E-01
 1.96537309283789E+03	-3.78603797805170E-01
 1.96537583073792E+03	-3.01999478002285E-01
 1.96537856863795E+03	-1.80977244924416E-01
 1.96538130653798E+03	-5.20816072456144E-02
 1.96538404443801E+03	 5.37309332105568E-02
 1.96538678233804E+03	 1.34053739210374E-01
 1.96538952023807E+03	 2.08118817565911E-01
 1.96539225813810E+03	 2.83840454426841E-01
 1.96539499603813E+03	 3.34667084099936E-01
 1.96539773393816E+03	 3.14703983361695E-01
 1.96540047183819E+03	 2.00102268716801E-01
 1.96540320973822E+03	 1.62564184647991E-02
 1.96540594763826E+03	-1.74800816597066E-01
 1.96540868553829E+03	-3.12069166923223E-01
 1.96541142343832E+03	-3.62380104519513E-01
 1.96541416133835E+03	-3.18908433856298E-01
 1.96541689923838E+03	-1.87643286791146E-01
 1.96541963713841E+03	 1.29215622349664E-02
 1.96542237503844E+03	 2.38341751523797E-01
 1.96542511293847E+03	 4.16851267948308E-01
 1.96542785083850E+03	 4.78599692479130E-01
 1.96543058873853E+03	 3.98395133589798E-01
 1.96543332663856E+03	 2.13049268770881E-01
 1.96543606453859E+03	-4.83769319220356E-03
 1.96543880243862E+03	-1.92647199060365E-01
 1.96544154033866E+03	-3.22511477288961E-01
 1.96544427823869E+03	-3.90944332534135E-01
 1.96544701613872E+03	-3.96795464201733E-01
 1.96544975403875E+03	-3.37410966764498E-01
 1.96545249193878E+03	-2.24006134129986E-01
 1.96545522983881E+03	-8.99019671951395E-02
 1.96545796773884E+03	 2.69732850093667E-02
 1.96546070563887E+03	 1.12288656402010E-01
 1.96546344353890E+03	 1.81272204343954E-01
 1.96546618143893E+03	 2.51684471005945E-01
 1.96546891933896E+03	 3.11590285190855E-01
 1.96547165723899E+03	 3.19012585487681E-01
 1.96547439513902E+03	 2.37691733150907E-01
 1.96547713303905E+03	 7.43342892171799E-02
 1.96547987093909E+03	-1.18906772918636E-01
 1.96548260883912E+03	-2.76848364490262E-01
 1.96548534673915E+03	-3.55689335846182E-01
 1.96548808463918E+03	-3.41290605178274E-01
 1.96549082253921E+03	-2.36510754241005E-01
 1.96549356043924E+03	-5.43020918246211E-02
 1.96549629833927E+03	 1.71447538176596E-01
 1.96549903623930E+03	 3.76570718951518E-01
 1.96550177413933E+03	 4.84945464660622E-01
 1.96550451203936E+03	 4.51053493368281E-01
 1.96550724993939E+03	 2.90895435529592E-01
 1.96550998783942E+03	 7.06277613937002E-02
 1.96551272573945E+03	-1.37520958678025E-01
 1.96551546363949E+03	-2.91809850564323E-01
 1.96551820153952E+03	-3.82318703884498E-01
 1.96552093943955E+03	-4.08924769755025E-01
 1.96552367733958E+03	-3.68797797145341E-01
 1.96552641523961E+03	-2.67156394123015E-01
 1.96552915313964E+03	-1.31516843992754E-01
 1.96553189103967E+03	-3.17542178298528E-03
 1.96553462893970E+03	 9.16072457839245E-02
 1.96553736683973E+03	 1.59357105534924E-01
 1.96554010473976E+03	 2.22723167792649E-01
 1.96554284263979E+03	 2.84565542449278E-01
 1.96554558053982E+03	 3.12456591964585E-01
 1.96554831843985E+03	 2.63505594937778E-01
 1.96555105633989E+03	 1.26348692447905E-01
 1.96555379423992E+03	-6.11968986015826E-02
 1.96555653213995E+03	-2.34484883987291E-01
 1.96555927003998E+03	-3.40106761645900E-01
 1.96556200794001E+03	-3.54815855698607E-01
 1.96556474584004E+03	-2.77529841431852E-01
 1.96556748374007E+03	-1.17361242419690E-01
 1.96557022164010E+03	 1.01010047252218E-01
 1.96557295954013E+03	 3.23620549174976E-01
 1.96557569744016E+03	 4.73899427677288E-01
 1.96557843534019E+03	 4.89890864273998E-01
 1.96558117324022E+03	 3.64658852364039E-01
 1.96558391114025E+03	 1.51494857132321E-01
 1.96558664904029E+03	-7.26577849068493E-02
 1.96558938694032E+03	-2.51851111310822E-01
 1.96559212484035E+03	-3.66166649219951E-01
 1.96559486274038E+03	-4.14475573797390E-01
 1.96559760064041E+03	-3.95072755275278E-01
 1.96560033854044E+03	-3.08900755868005E-01
 1.96560307644047E+03	-1.76248988921535E-01
 1.96560581434050E+03	-3.78913845824352E-02
 1.96560855224053E+03	 6.97813696079203E-02
 1.96561129014056E+03	 1.41305219947629E-01
 1.96561402804059E+03	 1.98516738059803E-01
 1.96561676594062E+03	 2.56878937677649E-01
 1.96561950384065E+03	 2.97509482150233E-01
 1.96562224174068E+03	 2.77395455292449E-01
 1.96562497964072E+03	 1.69968617808251E-01
 1.96562771754075E+03	-4.26952673341560E-03
 1.96563045544078E+03	-1.86439257161811E-01
 1.96563319334081E+03	-3.16031907905956E-01
 1.96563593124084E+03	-3.59502613226963E-01
 1.96563866914087E+03	-3.10269488646559E-01
 1.96564140704090E+03	-1.74573447356270E-01
 1.96564414494093E+03	 3.00821752810536E-02
 1.96564688284096E+03	 2.60903004584718E-01
 1.96564962074099E+03	 4.46037115131771E-01
 1.96565235864102E+03	 5.12417836586453E-01
 1.96565509654105E+03	 4.30369839192152E-01
 1.96565783444108E+03	 2.34819647632835E-01
 1.96566057234112E+03	 1.23699660239408E-03
 1.96566331024115E+03	-2.01875734288248E-01
 1.96566604814118E+03	-3.41663756238031E-01
 1.96566878604121E+03	-4.12934161368017E-01
 1.96567152394124E+03	-4.15353674206707E-01
 1.96567426184127E+03	-3.47683976145697E-01
 1.96567699974130E+03	-2.22868060631511E-01
 1.96567973764133E+03	-7.76450222704689E-02
 1.96568247554136E+03	 4.46883594780237E-02
 1.96568521344139E+03	 1.25257686845885E-01
 1.96568795134142E+03	 1.79530838385451E-01
 1.96569068924145E+03	 2.31372522968070E-01
 1.96569342714148E+03	 2.77224550660902E-01
 1.96569616504152E+03	 2.80268133964846E-01
 1.96569890294155E+03	 2.03525670971495E-01
 1.96570164084158E+03	 4.92080686263348E-02
 1.96570437874161E+03	-1.34595317325939E-01
 1.96570711664164E+03	-2.84133103999855E-01
 1.96570985454167E+03	-3.55448873820316E-01
 1.96571259244170E+03	-3.34544873542585E-01
 1.96571533034173E+03	-2.24794373588944E-01
 1.96571806824176E+03	-3.86690791321761E-02
 1.96572080614179E+03	 1.91665547906676E-01
 1.96572354404182E+03	 4.02989759894364E-01
 1.96572628194185E+03	 5.17158885529480E-01
 1.96572901984188E+03	 4.84247374568183E-01
 1.96573175774191E+03	 3.16981620029106E-01
 1.96573449564195E+03	 8.26037331933072E-02
 1.96573723354198E+03	-1.41502731779599E-01
 1.96573997144201E+03	-3.07894268354464E-01
 1.96574270934204E+03	-4.03705248357288E-01
 1.96574544724207E+03	-4.28936687569255E-01
 1.96574818514210E+03	-3.82071103798241E-01
 1.96575092304213E+03	-2.69765456473151E-01
 1.96575366094216E+03	-1.22146850776326E-01
 1.96575639884219E+03	 1.46334754012545E-02
 1.96575913674222E+03	 1.08881749546962E-01
 1.96576187464225E+03	 1.65129742386264E-01
 1.96576461254228E+03	 2.10097422413720E-01
 1.96576735044231E+03	 2.54859660695180E-01
 1.96577008834235E+03	 2.73999171411343E-01
 1.96577282624238E+03	 2.26227432461734E-01
 1.96577556414241E+03	 9.67507094000356E-02
 1.96577830204244E+03	-8.11952732946745E-02
 1.96578103994247E+03	-2.45428840210436E-01
 1.96578377784250E+03	-3.42859265816591E-01
 1.96578651574253E+03	-3.50313126085657E-01
 1.96578925364256E+03	-2.67340185597718E-01
 1.96579199154259E+03	-1.03101461759989E-01
 1.96579472944262E+03	 1.19195483591480E-01
 1.96579746734265E+03	 3.47255246542815E-01
 1.96580020524268E+03	 5.03792168571518E-01
 1.96580294314271E+03	 5.23060071555161E-01
 1.96580568104275E+03	 3.93942208082967E-01
 1.96580841894278E+03	 1.68988120340007E-01
 1.96581115684281E+03	-7.09490590548524E-02
 1.96581389474284E+03	-2.63983990165287E-01
 1.96581663264287E+03	-3.86061894052722E-01
 1.96581937054290E+03	-4.35224147193676E-01
 1.96582210844293E+03	-4.10839667910700E-01
 1.96582484634296E+03	-3.15157530863335E-01
 1.96582758424299E+03	-1.70403320181760E-01
 1.96583032214302E+03	-2.14061154631564E-02
 1.96583306004305E+03	 8.97394686625795E-02
 1.96583579794308E+03	 1.53717885163503E-01
 1.96583853584311E+03	 1.94072395342372E-01
 1.96584127374314E+03	 2.33467771393382E-01
 1.96584401164318E+03	 2.61218083249654E-01
 1.96584674954321E+03	 2.38279353584597E-01
 1.96584948744324E+03	 1.36324390445273E-01
 1.96585222534327E+03	-2.86996383992226E-02
 1.96585496324330E+03	-2.01338029613847E-01
 1.96585770114333E+03	-3.22111754365407E-01
 1.96586043904336E+03	-3.57606158062496E-01
 1.96586317694339E+03	-3.01870647602113E-01
 1.96586591484342E+03	-1.61648219486297E-01
 1.96586865274345E+03	 4.65460341574342E-02
 1.96587139064348E+03	 2.81927437159274E-01
 1.96587412854351E+03	 4.73164275543689E-01
 1.96587686644354E+03	 5.44443311200089E-01
 1.96587960434358E+03	 4.61581186988869E-01
 1.96588234224361E+03	 2.57113477006291E-01
 1.96588508014364E+03	 8.78542016056521E-03
 1.96588781804367E+03	-2.09290213601014E-01
 1.96589055594370E+03	-3.59153011361131E-01
 1.96589329384373E+03	-4.33632308458826E-01
 1.96589603174376E+03	-4.33005422565425E-01
 1.96589876964379E+03	-3.57279264908111E-01
 1.96590150754382E+03	-2.20863412169960E-01
 1.96590424544385E+03	-6.36455687393352E-02
 1.96590698334388E+03	 6.56548533318362E-02
 1.96590972124391E+03	 1.43007829131848E-01
 1.96591245914394E+03	 1.83181753215090E-01
 1.96591519704398E+03	 2.15508462831897E-01
 1.96591793494401E+03	 2.44987238341544E-01
 1.96592067284404E+03	 2.40887988620800E-01
 1.96592341074407E+03	 1.66593353200516E-01
 1.96592614864410E+03	 2.04188343805696E-02
 1.96592888654413E+03	-1.53674997806621E-01
 1.96593162444416E+03	-2.93843710337542E-01
 1.96593436234419E+03	-3.56513375248311E-01
 1.96593710024422E+03	-3.28263141864219E-01
 1.96593983814425E+03	-2.13286795209002E-01
 1.96594257604428E+03	-2.36729547075993E-02
 1.96594531394431E+03	 2.10382589899537E-01
 1.96594805184434E+03	 4.27179477007563E-01
 1.96595078974438E+03	 5.47130495607287E-01
 1.96595352764441E+03	 5.16071492422084E-01
 1.96595626554444E+03	 3.43069040344300E-01
 1.96595900344447E+03	 9.58048495067156E-02
 1.96596174134450E+03	-1.43622521948301E-01
 1.96596447924453E+03	-3.22081396951919E-01
 1.96596721714456E+03	-4.23509258915662E-01
 1.96596995504459E+03	-4.47786164091678E-01
 1.96597269294462E+03	-3.94535623651553E-01
 1.96597543084465E+03	-2.71623544372139E-01
 1.96597816874468E+03	-1.11476295272757E-01
 1.96598090664471E+03	 3.50279529555104E-02
 1.96598364454474E+03	 1.30374721362015E-01
 1.96598638244477E+03	 1.76226783722220E-01
 1.96598912034481E+03	 2.02534490089931E-01
 1.96599185824484E+03	 2.28413418936639E-01
 1.96599459614487E+03	 2.36134546282005E-01
 1.96599733404490E+03	 1.87104048082914E-01
 1.96600007194493E+03	 6.39239680843546E-02
 1.96600280984496E+03	-1.04574020460652E-01
 1.96600554774499E+03	-2.59030711820823E-01
 1.96600828564502E+03	-3.47214621742025E-01
 1.96601102354505E+03	-3.46506371104484E-01
 1.96601376144508E+03	-2.57444484032766E-01
 1.96601649934511E+03	-8.94186737089530E-02
 1.96601923724514E+03	 1.35966021489468E-01
 1.96602197514517E+03	 3.68580598365404E-01
 1.96602471304521E+03	 5.31067660675592E-01
 1.96602745094524E+03	 5.54245353400376E-01
 1.96603018884527E+03	 4.22600045680961E-01
 1.96603292674530E+03	 1.87305868528203E-01
 1.96603566464533E+03	-6.74586055026521E-02
 1.96603840254536E+03	-2.74051017434170E-01
 1.96604114044539E+03	-4.04092686644974E-01
 1.96604387834542E+03	-4.54521783122391E-01
 1.96604661624545E+03	-4.25588803580368E-01
 1.96604935414548E+03	-3.20651311196637E-01
 1.96605209204551E+03	-1.63561820849643E-01
 1.96605482994554E+03	-2.94549177755827E-03
 1.96605756784557E+03	 1.13245579492476E-01
 1.96606030574561E+03	 1.71122776004254E-01
 1.96606304364564E+03	 1.94997949343589E-01
 1.96606578154567E+03	 2.14243094276246E-01
 1.96606851944570E+03	 2.26726861400848E-01
 1.96607125734573E+03	 1.98370820792940E-01
 1.96607399524576E+03	 1.00073379965357E-01
 1.96607673314579E+03	-5.63410852307209E-02
 1.96607947104582E+03	-2.19030498226339E-01
 1.96608220894585E+03	-3.30051361280346E-01
 1.96608494684588E+03	-3.56635660367111E-01
 1.96608768474591E+03	-2.93868999311012E-01
 1.96609042264594E+03	-1.49247323014311E-01
 1.96609316054597E+03	 6.17198027474125E-02
 1.96609589844600E+03	 3.00653477305392E-01
 1.96609863634604E+03	 4.97396773442645E-01
 1.96610137424607E+03	 5.73903891034517E-01
 1.96610411214610E+03	 4.91468921382402E-01
 1.96610685004613E+03	 2.79683935161217E-01
 1.96610958794616E+03	 1.78847635068421E-02
 1.96611232584619E+03	-2.14567215699465E-01
 1.96611506374622E+03	-3.74529973646387E-01
 1.96611780164625E+03	-4.52578530078829E-01
 1.96612053954628E+03	-4.49374189017148E-01
 1.96612327744631E+03	-3.65988823042662E-01
 1.96612601534634E+03	-2.18020715294906E-01
 1.96612875324637E+03	-4.81740704704693E-02
 1.96613149114640E+03	 8.94680507615470E-02
 1.96613422904644E+03	 1.65212795031587E-01
 1.96613696694647E+03	 1.92204203122203E-01
 1.96613970484650E+03	 2.04497041963761E-01
 1.96614244274653E+03	 2.15656927683621E-01
 1.96614518064656E+03	 2.01840529576048E-01
 1.96614791854659E+03	 1.27843853180642E-01
 1.96615065644662E+03	-1.12450418778767E-02
 1.96615339434665E+03	-1.75569325702858E-01
 1.96615613224668E+03	-3.05614225574245E-01
 1.96615887014671E+03	-3.58720890697083E-01
 1.96616160804674E+03	-3.22495309273090E-01
 1.96616434594677E+03	-2.02263492175748E-01
 1.96616708384680E+03	-9.81635571937739E-03
 1.96616982174684E+03	 2.26896697953187E-01
 1.96617255964687E+03	 4.48311424845763E-01
 1.96617529754690E+03	 5.74028917791320E-01
 1.96617803544693E+03	 5.45844454725981E-01
 1.96618077334696E+03	 3.68756614446281E-01
 1.96618351124699E+03	 1.10162638675566E-01
 1.96618624914702E+03	-1.43660325275653E-01
 1.96618898704705E+03	-3.33970926606572E-01
 1.96619172494708E+03	-4.41269559614399E-01
 1.96619446284711E+03	-4.65053329848490E-01
 1.96619720074714E+03	-4.05903623509680E-01
 1.96619993864717E+03	-2.72659636717312E-01
 1.96620267654720E+03	-9.96961055055564E-02
 1.96620541444723E+03	 5.76081359474453E-02
 1.96620815234727E+03	 1.55652814690766E-01
 1.96621089024730E+03	 1.92420750055481E-01
 1.96621362814733E+03	 2.00196196456527E-01
 1.96621636604736E+03	 2.05806974071190E-01
 1.96621910394739E+03	 1.99730396580839E-01
 1.96622184184742E+03	 1.47085317234382E-01
 1.96622457974745E+03	 2.87261988998962E-02
 1.96622731764748E+03	-1.30657879416356E-01
 1.96623005554751E+03	-2.74819615810557E-01
 1.96623279344754E+03	-3.52905305262654E-01
 1.96623553134757E+03	-3.43337557667655E-01
 1.96623826924760E+03	-2.48008784921567E-01
 1.96624100714763E+03	-7.67122075607260E-02
 1.96624374504767E+03	 1.50701430204617E-01
 1.96624648294770E+03	 3.86806430571646E-01
 1.96624922084773E+03	 5.54868626967195E-01
 1.96625195874776E+03	 5.82669458286907E-01
 1.96625469664779E+03	 4.50084824464074E-01
 1.96625743454782E+03	 2.06222216017774E-01
 1.96626017244785E+03	-6.20944408547053E-02
 1.96626291034788E+03	-2.81728352463301E-01
 1.96626564824791E+03	-4.19821315292426E-01
 1.96626838614794E+03	-4.71925711219688E-01
 1.96627112404797E+03	-4.38967875685727E-01
 1.96627386194800E+03	-3.25214321716068E-01
 1.96627659984803E+03	-1.55816540433869E-01
 1.96627933774807E+03	 1.71388632529093E-02
 1.96628207564810E+03	 1.39813275178846E-01
 1.96628481354813E+03	 1.93125936303032E-01
 1.96628755144816E+03	 2.01218820957056E-01
 1.96629028934819E+03	 1.99556994326337E-01
 1.96629302724822E+03	 1.94752616415436E-01
 1.96629576514825E+03	 1.58571511010511E-01
 1.96629850304828E+03	 6.21088111217030E-02
 1.96630124094831E+03	-8.64372215776235E-02
 1.96630397884834E+03	-2.38948192904648E-01
 1.96630671674837E+03	-3.39481191670849E-01
 1.96630945464840E+03	-3.56427003902176E-01
 1.96631219254843E+03	-2.86319749556855E-01
 1.96631493044847E+03	-1.37658950024996E-01
 1.96631766834850E+03	 7.50823712025870E-02
 1.96632040624853E+03	 3.16357245022485E-01
 1.96632314414856E+03	 5.17886270128311E-01
 1.96632588204859E+03	 5.99958506493858E-01
 1.96632861994862E+03	 5.19356842420651E-01
 1.96633135784865E+03	 3.02145133107044E-01
 1.96633409574868E+03	 2.84793645602134E-02
 1.96633683364871E+03	-2.17486378482471E-01
 1.96633957154874E+03	-3.87406561575722E-01
 1.96634230944877E+03	-4.69329972935670E-01
 1.96634504734880E+03	-4.64062276268486E-01
 1.96634778524883E+03	-3.73558698215856E-01
 1.96635052314886E+03	-2.14324976149252E-01
 1.96635326104890E+03	-3.15001114181924E-02
 1.96635599894893E+03	 1.15641062176137E-01
 1.96635873684896E+03	 1.91362282431493E-01
 1.96636147474899E+03	 2.06310942260344E-01
 1.96636421264902E+03	 1.98448813785221E-01
 1.96636695054905E+03	 1.89757521194268E-01
 1.96636968844908E+03	 1.63929055448103E-01
 1.96637242634911E+03	 8.81655780910303E-02
 1.96637516424914E+03	-4.49696386518748E-02
 1.96637790214917E+03	-1.99623975596540E-01
 1.96638064004920E+03	-3.18979130564438E-01
 1.96638337794923E+03	-3.61805292441292E-01
 1.96638611584926E+03	-3.17187580142463E-01
 1.96638885374930E+03	-1.91898341695487E-01
 1.96639159164933E+03	 2.49067793374005E-03
 1.96639432954936E+03	 2.40573817616682E-01
 1.96639706744939E+03	 4.65580071955355E-01
 1.96639980534942E+03	 5.96985757552473E-01
 1.96640254324945E+03	 5.72788376943984E-01
 1.96640528114948E+03	 3.93506184654055E-01
 1.96640801904951E+03	 1.25461453962897E-01
 1.96641075694954E+03	-1.41523758982761E-01
 1.96641349484957E+03	-3.43251360711907E-01
 1.96641623274960E+03	-4.56567848254258E-01
 1.96641897064963E+03	-4.80317017611352E-01
 1.96642170854966E+03	-4.15851561129904E-01
 1.96642444644970E+03	-2.72753883011315E-01
 1.96642718434973E+03	-8.69715127716778E-02
 1.96642992224976E+03	 8.19333920920904E-02
 1.96643266014979E+03	 1.84144399387742E-01
 1.96643539804982E+03	 2.13250173371449E-01
 1.96643813594985E+03	 2.02955569364960E-01
 1.96644087384988E+03	 1.87341387484657E-01
 1.96644361174991E+03	 1.65444387235912E-01
 1.96644634964994E+03	 1.07010204723872E-01
 1.96644908754997E+03	-8.00205443720700E-03
 1.96645182545000E+03	-1.58723461005037E-01
 1.96645456335003E+03	-2.92242951337297E-01
 1.96645730125006E+03	-3.59569243128634E-01
 1.96646003915009E+03	-3.40648393794160E-01
 1.96646277705013E+03	-2.39093650581055E-01
 1.96646551495016E+03	-6.52746989979782E-02
 1.96646825285019E+03	 1.62875249274830E-01
 1.96647099075022E+03	 4.01200516277319E-01
 1.96647372865025E+03	 5.74337550541308E-01
 1.96647646655028E+03	 6.07487248546276E-01
 1.96647920445031E+03	 4.75724448276143E-01
 1.96648194235034E+03	 2.25358440005244E-01
 1.96648468025037E+03	-5.49118797298552E-02
 1.96648741815040E+03	-2.86807430325139E-01
 1.96649015605043E+03	-4.32879861668272E-01
 1.96649289395046E+03	-4.87015121958141E-01
 1.96649563185049E+03	-4.50604588976981E-01
 1.96649836975053E+03	-3.28632814974260E-01
 1.96650110765056E+03	-1.47218055755925E-01
 1.96650384555059E+03	 3.84898337936256E-02
 1.96650658345062E+03	 1.68864317922732E-01
 1.96650932135065E+03	 2.19140938988590E-01
 1.96651205925068E+03	 2.12391609816997E-01
 1.96651479715071E+03	 1.89472766159075E-01
 1.96651753505074E+03	 1.65767055880425E-01
 1.96652027295077E+03	 1.19624943356232E-01
 1.96652301085080E+03	 2.32615676683181E-02
 1.96652574875083E+03	-1.18217844543967E-01
 1.96652848665086E+03	-2.60463725900803E-01
 1.96653122455089E+03	-3.49951257986315E-01
 1.96653396245093E+03	-3.56724004406866E-01
 1.96653670035096E+03	-2.79174621088121E-01
 1.96653943825099E+03	-1.27057316102644E-01
 1.96654217615102E+03	 8.62261757632141E-02
 1.96654491405105E+03	 3.28404932362615E-01
 1.96654765195108E+03	 5.33823152437338E-01
 1.96655038985111E+03	 6.21734175693580E-01
 1.96655312775114E+03	 5.44467114807900E-01
 1.96655586565117E+03	 3.23962755421433E-01
 1.96655860355120E+03	 4.03535800605202E-02
 1.96656134145123E+03	-2.17965996533695E-01
 1.96656407935126E+03	-3.97491433477743E-01
 1.96656681725129E+03	-4.83491192666369E-01
 1.96656955515132E+03	-4.76672177750083E-01
 1.96657229305136E+03	-3.79698975618309E-01
 1.96657503095139E+03	-2.09713176433799E-01
 1.96657776885142E+03	-1.38717777570868E-02
 1.96658050675145E+03	 1.43638653580694E-01
 1.96658324465148E+03	 2.20800171123181E-01
 1.96658598255151E+03	 2.24978275021234E-01
 1.96658872045154E+03	 1.97190998532594E-01
 1.96659145835157E+03	 1.67545169521682E-01
 1.96659419625160E+03	 1.27757756232929E-01
 1.96659693415163E+03	 4.83395520957598E-02
 1.96659967205166E+03	-7.99655917116381E-02
 1.96660240995169E+03	-2.25152983381070E-01
 1.96660514785172E+03	-3.33410697043339E-01
 1.96660788575176E+03	-3.65420775779960E-01
 1.96661062365179E+03	-3.12189984255521E-01
 1.96661336155182E+03	-1.82250750608301E-01
 1.96661609945185E+03	 1.29642304811914E-02
 1.96661883735188E+03	 2.50896858704488E-01
 1.96662157525191E+03	 4.78256826473510E-01
 1.96662431315194E+03	 6.15141580390746E-01
 1.96662705105197E+03	 5.96056042302601E-01
 1.96662978895200E+03	 4.16646353032547E-01
 1.96663252685203E+03	 1.41321825634533E-01
 1.96663526475206E+03	-1.37277363768364E-01
 1.96663800265209E+03	-3.49733306642633E-01
 1.96664074055212E+03	-4.69059599049900E-01
 1.96664347845216E+03	-4.93179528441978E-01
 1.96664621635219E+03	-4.24035762306772E-01
 1.96664895425222E+03	-2.71740516483156E-01
 1.96665169215225E+03	-7.34287192511056E-02
 1.96665443005228E+03	 1.07552050852934E-01
 1.96665716795231E+03	 2.15179742853620E-01
 1.96665990585234E+03	 2.38058735621714E-01
 1.96666264375237E+03	 2.10422093107879E-01
 1.96666538165240E+03	 1.73041364314943E-01
 1.96666811955243E+03	 1.33703338887402E-01
 1.96667085745246E+03	 6.75682088082583E-02
 1.96667359535249E+03	-4.54846642232835E-02
 1.96667633325252E+03	-1.88046708069569E-01
 1.96667907115256E+03	-3.10707898893434E-01
 1.96668180905259E+03	-3.66780717514245E-01
 1.96668454695262E+03	-3.38196259142408E-01
 1.96668728485265E+03	-2.30650982429226E-01
 1.96669002275268E+03	-5.52677456705429E-02
 1.96669276065271E+03	 1.72097834731467E-01
 1.96669549855274E+03	 4.11142192761789E-01
 1.96669823645277E+03	 5.88668716349515E-01
 1.96670097435280E+03	 6.27824069165667E-01
 1.96670371225283E+03	 4.98739400829743E-01
 1.96670645015286E+03	 2.44178362400806E-01
 1.96670918805289E+03	-4.61343210923479E-02
 1.96671192595292E+03	-2.89223789779466E-01
 1.96671466385295E+03	-4.43000093145120E-01
 1.96671740175299E+03	-4.99417703401253E-01
 1.96672013965302E+03	-4.60126678284077E-01
 1.96672287755305E+03	-3.30656746569347E-01
 1.96672561545308E+03	-1.37770086099433E-01
 1.96672835335311E+03	 6.07681078722416E-02
 1.96673109125314E+03	 1.99767274690532E-01
 1.96673382915317E+03	 2.48433510683002E-01
 1.96673656705320E+03	 2.27941457808371E-01
 1.96673930495323E+03	 1.83783308763966E-01
 1.96674204285326E+03	 1.39990973004513E-01
 1.96674478075329E+03	 8.20889726279344E-02
 1.96674751865332E+03	-1.57412655165692E-02
 1.96675025655335E+03	-1.50945585275769E-01
 1.96675299445339E+03	-2.82934700513713E-01
 1.96675573235342E+03	-3.60967061044978E-01
 1.96675847025345E+03	-3.57201697510994E-01
 1.96676120815348E+03	-2.72287952456632E-01
 1.96676394605351E+03	-1.17488190351342E-01
 1.96676668395354E+03	 9.48921523769621E-02
 1.96676942185357E+03	 3.36302853840756E-01
 1.96677215975360E+03	 5.44491301247061E-01
 1.96677489765363E+03	 6.38373145023785E-01
 1.96677763555366E+03	 5.65949893903339E-01
 1.96678037345369E+03	 3.44462299910314E-01
 1.96678311135372E+03	 5.31213890002670E-02
 1.96678584925375E+03	-2.16085224486991E-01
 1.96678858715379E+03	-4.04616879991467E-01
 1.96679132505382E+03	-4.94740696599312E-01
 1.96679406295385E+03	-4.86829391907127E-01
 1.96679680085388E+03	-3.84099059149044E-01
 1.96679953875391E+03	-2.04076724607424E-01
 1.96680227665394E+03	 4.49969618019213E-03
 1.96680501455397E+03	 1.72911185476428E-01
 1.96680775245400E+03	 2.52770815094328E-01
 1.96681049035403E+03	 2.47492393120444E-01
 1.96681322825406E+03	 2.00300240487340E-01
 1.96681596615409E+03	 1.49018292822990E-01
 1.96681870405412E+03	 9.37175776415344E-02
 1.96682144195415E+03	 9.00660147427709E-03
 1.96682417985418E+03	-1.15510851126081E-01
 1.96682691775422E+03	-2.51483064982732E-01
 1.96682965565425E+03	-3.48358376709950E-01
 1.96683239355428E+03	-3.69171182807035E-01
 1.96683513145431E+03	-3.07270865767290E-01
 1.96683786935434E+03	-1.73261100110525E-01
 1.96684060725437E+03	 2.14719818816274E-02
 1.96684334515440E+03	 2.57509441419841E-01
 1.96684608305443E+03	 4.85744115465305E-01
 1.96684882095446E+03	 6.27698785460928E-01
 1.96685155885449E+03	 6.14771311000505E-01
 1.96685429675452E+03	 4.37393570199014E-01
 1.96685703465455E+03	 1.57201801017574E-01
 1.96685977255458E+03	-1.31156204622310E-01
 1.96686251045462E+03	-3.53371360154495E-01
 1.96686524835465E+03	-4.78498769104322E-01
 1.96686798625468E+03	-5.03290486921546E-01
 1.96687072415471E+03	-4.30111786070109E-01
 1.96687346205474E+03	-2.69417346148170E-01
 1.96687619995477E+03	-5.91481410651566E-02
 1.96687893785480E+03	 1.34028241044317E-01
 1.96688167575483E+03	 2.48035280717074E-01
 1.96688441365486E+03	 2.66046876161220E-01
 1.96688715155489E+03	 2.21986472535665E-01
 1.96688988945492E+03	 1.62680859589052E-01
 1.96689262735495E+03	 1.04704110989650E-01
 1.96689536525498E+03	 2.92778112493609E-02
 1.96689810315502E+03	-8.30463660136317E-02
 1.96690084105505E+03	-2.17945397428335E-01
 1.96690357895508E+03	-3.29622476231880E-01
 1.96690631685511E+03	-3.74084202460047E-01
 1.96690905475514E+03	-3.35675847943321E-01
 1.96691179265517E+03	-2.22528821287051E-01
 1.96691453055520E+03	-4.67065689520043E-02
 1.96691726845523E+03	 1.78151696419679E-01
 1.96692000635526E+03	 4.16172534314582E-01
 1.96692274425529E+03	 5.97163424347859E-01
 1.96692548215532E+03	 6.42824451092159E-01
 1.96692822005535E+03	 5.18275783692206E-01
 1.96693095795538E+03	 2.62002090390535E-01
 1.96693369585541E+03	-3.61566089362373E-02
 1.96693643375545E+03	-2.89072023151174E-01
 1.96693917165548E+03	-4.50034471480754E-01
 1.96694190955551E+03	-5.08832735547957E-01
 1.96694464745554E+03	-4.67183611496876E-01
 1.96694738535557E+03	-3.31014991710541E-01
 1.96695012325560E+03	-1.27431158093387E-01
 1.96695286115563E+03	 8.36703290615542E-02
 1.96695559905566E+03	 2.31876526104312E-01
 1.96695833695569E+03	 2.80174479194294E-01
 1.96696107485572E+03	 2.47115615093830E-01
 1.96696381275575E+03	 1.82050941646178E-01
 1.96696655065578E+03	 1.17410838336687E-01
 1.96696928855581E+03	 4.63276404113652E-02
 1.96697202645585E+03	-5.43039216814454E-02
 1.96697476435588E+03	-1.83954208767121E-01
 1.96697750225591E+03	-3.05744476348496E-01
 1.96698024015594E+03	-3.72026259436423E-01
 1.96698297805597E+03	-3.57493645349485E-01
 1.96698571595600E+03	-2.65429810398301E-01
 1.96698845385603E+03	-1.08863637755492E-01
 1.96699119175606E+03	 1.00995288220420E-01
 1.96699392965609E+03	 3.39740943899847E-01
 1.96699666755612E+03	 5.49322176125434E-01
 1.96699940545615E+03	 6.49086801702872E-01
 1.96700214335618E+03	 5.82926542716070E-01
 1.96700488125621E+03	 3.62855083607195E-01
 1.96700761915625E+03	 6.62344061685997E-02
 1.96701035705628E+03	-2.12090365897244E-01
 1.96701309495631E+03	-4.08754315855314E-01
 1.96701583285634E+03	-5.02851477018829E-01
 1.96701857075637E+03	-4.94204616633778E-01
 1.96702130865640E+03	-3.86446917803985E-01
 1.96702404655643E+03	-1.97270642781548E-01
 1.96702678445646E+03	 2.34487300333124E-02
 1.96702952235649E+03	 2.02925828633018E-01
 1.96703226025652E+03	 2.86469524514408E-01
 1.96703499815655E+03	 2.73007967969394E-01
 1.96703773605658E+03	 2.07154228893349E-01
 1.96704047395661E+03	 1.33949518625077E-01
 1.96704321185665E+03	 6.19928993524214E-02
 1.96704594975668E+03	-2.93488772991430E-02
 1.96704868765671E+03	-1.50982340105790E-01
 1.96705142555674E+03	-2.77991989340334E-01
 1.96705416345677E+03	-3.63286501798458E-01
 1.96705690135680E+03	-3.72641321114593E-01
 1.96705963925683E+03	-3.02136905291830E-01
 1.96706237715686E+03	-1.64754872684995E-01
 1.96706511505689E+03	 2.80483767171694E-02
 1.96706785295692E+03	 2.60250596667008E-01
 1.96707059085695E+03	 4.87625080011228E-01
 1.96707332875698E+03	 6.33977291959247E-01
 1.96707606665701E+03	 6.28079982880844E-01
 1.96707880455704E+03	 4.54889417745051E-01
 1.96708154245708E+03	 1.72416824540416E-01
 1.96708428035711E+03	-1.23562105422404E-01
 1.96708701825714E+03	-3.54272388449440E-01
 1.96708975615717E+03	-4.84754025529409E-01
 1.96709249405720E+03	-5.10367679098609E-01
 1.96709523195723E+03	-4.33755800656570E-01
 1.96709796985726E+03	-2.65561005747416E-01
 1.96710070775729E+03	-4.41647429256979E-02
 1.96710344565732E+03	 1.60963660998050E-01
 1.96710618355735E+03	 2.81978281432631E-01
 1.96710892145738E+03	 2.96331401634770E-01
 1.96711165935741E+03	 2.36880814268836E-01
 1.96711439725744E+03	 1.55828923918017E-01
 1.96711713515748E+03	 7.84356444982993E-02
 1.96711987305751E+03	-7.51657790458807E-03
 1.96712261095754E+03	-1.20135428354697E-01
 1.96712534885757E+03	-2.47812934066924E-01
 1.96712808675760E+03	-3.48432377923403E-01
 1.96713082465763E+03	-3.81027942763985E-01
 1.96713356255766E+03	-3.32744460658819E-01
 1.96713630045769E+03	-2.14483662711234E-01
 1.96713903835772E+03	-3.94550726235745E-02
 1.96714177625775E+03	 1.81016041190740E-01
 1.96714451415778E+03	 4.16036860146055E-01
 1.96714725205781E+03	 5.99283942353993E-01
 1.96714998995784E+03	 6.51707500450339E-01
 1.96715272785788E+03	 5.33452048070602E-01
 1.96715546575791E+03	 2.78037499691868E-01
 1.96715820365794E+03	-2.55302925445406E-02
 1.96716094155797E+03	-2.86605372370828E-01
 1.96716367945800E+03	-4.53966435207571E-01
 1.96716641735803E+03	-5.15048800357170E-01
 1.96716915525806E+03	-4.71468135147143E-01
 1.96717189315809E+03	-3.29434799955602E-01
 1.96717463105812E+03	-1.16123094622691E-01
 1.96717736895815E+03	 1.06940723133820E-01
 1.96718010685818E+03	 2.64568483770330E-01
 1.96718284475821E+03	 3.13496512105410E-01
 1.96718558265824E+03	 2.69048371493627E-01
 1.96718832055827E+03	 1.83664724388176E-01
 1.96719105845831E+03	 9.78157447014295E-02
 1.96719379635834E+03	 1.25225139982841E-02
 1.96719653425837E+03	-9.19735542608346E-02
 1.96719927215840E+03	-2.16675646620954E-01
 1.96720201005843E+03	-3.28336188943859E-01
 1.96720474795846E+03	-3.82652708310423E-01
 1.96720748585849E+03	-3.57220732208385E-01
 1.96721022375852E+03	-2.58304932854707E-01
 1.96721296165855E+03	-1.00966483326369E-01
 1.96721569955858E+03	 1.04638470562349E-01
 1.96721843745861E+03	 3.38625945663294E-01
 1.96722117535864E+03	 5.47943739242173E-01
 1.96722391325867E+03	 6.53212123071960E-01
 1.96722665115871E+03	 5.94543245384458E-01
 1.96722938905874E+03	 3.78280255987267E-01
 1.96723212695877E+03	 7.90079207164972E-02
 1.96723486485880E+03	-2.06384628907653E-01
 1.96723760275883E+03	-4.10017147007803E-01
 1.96724034065886E+03	-5.07703945133736E-01
 1.96724307855889E+03	-4.98533560519197E-01
 1.96724581645892E+03	-3.86450701704352E-01
 1.96724855435895E+03	-1.89128627591915E-01
 1.96725129225898E+03	 4.28571028195198E-02
 1.96725403015901E+03	 2.33192606073256E-01
 1.96725676805904E+03	 3.21092996136891E-01
 1.96725950595907E+03	 3.00613786883217E-01
 1.96726224385911E+03	 2.16997242065727E-01
 1.96726498175914E+03	 1.21936043020650E-01
 1.96726771965917E+03	 3.25876517677211E-02
 1.96727045755920E+03	-6.63978214473554E-02
 1.96727319545923E+03	-1.85874168359858E-01
 1.96727593335926E+03	-3.04137809297478E-01
 1.96727867125929E+03	-3.77706970743201E-01
 1.96728140915932E+03	-3.75427453186807E-01
 1.96728414705935E+03	-2.96456907667562E-01
 1.96728688495938E+03	-1.56455176555483E-01
 1.96728962285941E+03	 3.28980333304725E-02
 1.96729236075944E+03	 2.59177304216683E-01
 1.96729509865947E+03	 4.83704648516047E-01
 1.96729783655950E+03	 6.33468509284211E-01
 1.96730057445954E+03	 6.35207149333963E-01
 1.96730331235957E+03	 4.68251276806320E-01
 1.96730605025960E+03	 1.86176683688325E-01
 1.96730878815963E+03	-1.15042852698860E-01
 1.96731152605966E+03	-3.52689733624264E-01
 1.96731426395969E+03	-4.87815420174316E-01
 1.96731700185972E+03	-5.14213365259238E-01
 1.96731973975975E+03	-4.34686287529864E-01
 1.96732247765978E+03	-2.59946601564222E-01
 1.96732521555981E+03	-2.84752184277815E-02
 1.96732795345984E+03	 1.88012699980473E-01
 1.96733069135987E+03	 3.16308257699330E-01
 1.96733342925990E+03	 3.28007895564094E-01
 1.96733616715994E+03	 2.54248594407273E-01
 1.96733890505997E+03	 1.51911046051004E-01
 1.96734164296000E+03	 5.47193004738737E-02
 1.96734438086003E+03	-4.26298237896640E-02
 1.96734711876006E+03	-1.56331261675823E-01
 1.96734985666009E+03	-2.77140882608529E-01
 1.96735259456012E+03	-3.66650510840552E-01
 1.96735533246015E+03	-3.87194352350714E-01
 1.96735807036018E+03	-3.29048763270159E-01
 1.96736080826021E+03	-2.06199321911986E-01
 1.96736354616024E+03	-3.32319208976825E-02
 1.96736628406027E+03	 1.80878186224707E-01
 1.96736902196030E+03	 4.10715820050254E-01
 1.96737175986034E+03	 5.94701670960137E-01
 1.96737449776037E+03	 6.53824499473708E-01
 1.96737723566040E+03	 5.43415729955420E-01
 1.96737997356043E+03	 2.91426939751553E-01
 1.96738271146046E+03	-1.49321226301597E-02
 1.96738544936049E+03	-2.82220340081976E-01
 1.96738818726052E+03	-4.54909533640181E-01
 1.96739092516055E+03	-5.17955018343952E-01
 1.96739366306058E+03	-4.72736095994569E-01
 1.96739640096061E+03	-3.25663859021303E-01
 1.96739913886064E+03	-1.03745411823890E-01
 1.96740187676067E+03	 1.30375514269155E-01
 1.96740461466070E+03	 2.97272186359998E-01
 1.96740735256074E+03	 3.47549813590714E-01
 1.96741009046077E+03	 2.92831413318134E-01
 1.96741282836080E+03	 1.87909565292370E-01
 1.96741556626083E+03	 8.08504522363154E-02
 1.96741830416086E+03	-1.92985884806677E-02
 1.96742104206089E+03	-1.28435873696445E-01
 1.96742377996092E+03	-2.48654071316113E-01
 1.96742651786095E+03	-3.50237401435082E-01
 1.96742925576098E+03	-3.92425047936982E-01
 1.96743199366101E+03	-3.56019034934409E-01
 1.96743473156104E+03	-2.50576006222370E-01
 1.96743746946107E+03	-9.34643709216924E-02
 1.96744020736110E+03	 1.06113131654808E-01
 1.96744294526113E+03	 3.33101201077363E-01
 1.96744568316117E+03	 5.40219967140382E-01
 1.96744842106120E+03	 6.50265960478983E-01
 1.96745115896123E+03	 6.00030648188260E-01
 1.96745389686126E+03	 3.89859353854369E-01
 1.96745663476129E+03	 9.06626002770954E-02
 1.96745937266132E+03	-1.99502626102912E-01
 1.96746211056135E+03	-4.08651324321734E-01
 1.96746484846138E+03	-5.09290735078975E-01
 1.96746758636141E+03	-4.99633106591839E-01
 1.96747032426144E+03	-3.83861039631196E-01
 1.96747306216147E+03	-1.79482574655420E-01
 1.96747580006150E+03	 6.26487273874508E-02
 1.96747853796153E+03	 2.63283380619639E-01
 1.96748127586157E+03	 3.55885533541301E-01
 1.96748401376160E+03	 3.29399572416346E-01
 1.96748675166163E+03	 2.29013276870351E-01
 1.96748948956166E+03	 1.12462974776038E-01
 1.96749222746169E+03	 5.36732851693554E-03
 1.96749496536172E+03	-1.01949383842598E-01
 1.96749770326175E+03	-2.19801760956616E-01
 1.96750044116178E+03	-3.29477002158112E-01
 1.96750317906181E+03	-3.91204404899616E-01
 1.96750591696184E+03	-3.77164511854119E-01
 1.96750865486187E+03	-2.89887505682554E-01
 1.96751139276190E+03	-1.48002897135758E-01
 1.96751413066193E+03	 3.63867102339731E-02
 1.96751686856197E+03	 2.54572571635425E-01
 1.96751960646200E+03	 4.74038246996267E-01
 1.96752234436203E+03	 6.25882945966663E-01
 1.96752508226206E+03	 6.35516237251181E-01
 1.96752782016209E+03	 4.76632130829355E-01
 1.96753055806212E+03	 1.97636216902289E-01
 1.96753329596215E+03	-1.06256574788844E-01
 1.96753603386218E+03	-3.49004462283452E-01
 1.96753877176221E+03	-4.87791643745177E-01
 1.96754150966224E+03	-5.14725256127116E-01
 1.96754424756227E+03	-4.32684529257503E-01
 1.96754698546230E+03	-2.52370078068521E-01
 1.96754972336233E+03	-1.20511282060406E-02
 1.96755246126236E+03	 2.14890011601930E-01
 1.96755519916240E+03	 3.50391863023006E-01
 1.96755793706243E+03	 3.60210508258838E-01
 1.96756067496246E+03	 2.73217833325488E-01
 1.96756341286249E+03	 1.50279651585488E-01
 1.96756615076252E+03	 3.32626354089207E-02
 1.96756888866255E+03	-7.60061187339899E-02
 1.96757162656258E+03	-1.91337509341621E-01
 1.96757436446261E+03	-3.05529148976684E-01
 1.96757710236264E+03	-3.83877223094082E-01
 1.96757984026267E+03	-3.92224949380745E-01
 1.96758257816270E+03	-3.24250996662182E-01
 1.96758531606273E+03	-1.97311091024083E-01
 1.96758805396276E+03	-2.76275771727221E-02
 1.96759079186280E+03	 1.78130380883447E-01
 1.96759352976283E+03	 4.00442008629891E-01
 1.96759626766286E+03	 5.83335195918930E-01
 1.96759900556289E+03	 6.48713765851370E-01
 1.96760174346292E+03	 5.47405339013947E-01
 1.96760448136295E+03	 3.01305019185208E-01
 1.96760721926297E+03	-5.11889708880816E-03
 1.96760995716301E+03	-2.76428287190017E-01
 1.96761269506304E+03	-4.53096277119356E-01
 1.96761543296307E+03	-5.17545578092769E-01
 1.96761817086310E+03	-4.70823317008966E-01
 1.96762090876313E+03	-3.19493217016050E-01
 1.96762364666316E+03	-9.01941974770246E-02
 1.96762638456320E+03	 1.53820156560922E-01
 1.96762912246323E+03	 3.29492037843416E-01
 1.96763186036326E+03	 3.81552104073198E-01
 1.96763459826329E+03	 3.17583172260088E-01
 1.96763733616332E+03	 1.94040226154837E-01
 1.96764007406335E+03	 6.60785721861386E-02
 1.96764281196338E+03	-4.92195349664425E-02
 1.96764554986341E+03	-1.63496646098132E-01
 1.96764828776344E+03	-2.79546940080277E-01
 1.96765102566347E+03	-3.71074064854343E-01
 1.96765376356350E+03	-4.00997904918178E-01
 1.96765650146353E+03	-3.53564775688803E-01
 1.96765923936356E+03	-2.41889710982224E-01
 1.96766197726359E+03	-8.59327380685951E-02
 1.96766471516363E+03	 1.05886042110895E-01
 1.96766745306366E+03	 3.23550800820812E-01
 1.96767019096369E+03	 5.26277177981997E-01
 1.96767292886372E+03	 6.39992324520903E-01
 1.96767566676375E+03	 5.98764340011681E-01
 1.96767840466378E+03	 3.96758572211525E-01
 1.96768114256381E+03	 1.00377940349711E-01
 1.96768388046384E+03	-1.92072436266085E-01
 1.96768661836387E+03	-4.05015238323766E-01
 1.96768935626390E+03	-5.07713801848054E-01
 1.96769209416393E+03	-4.97413069383324E-01
 1.96769483206396E+03	-3.78492398402903E-01
 1.96769756996399E+03	-1.68184815706275E-01
 1.96770030786403E+03	 8.27783066051659E-02
 1.96770304576406E+03	 2.92842604733918E-01
 1.96770578366409E+03	 3.90177344520759E-01
 1.96770852156412E+03	 3.58518055028334E-01
 1.96771125946415E+03	 2.42399691939914E-01
 1.96771399736418E+03	 1.04972887162158E-01
 1.96771673526421E+03	-1.98883576278869E-02
 1.96771947316424E+03	-1.35920916723138E-01
 1.96772221106427E+03	-2.52492956905100E-01
 1.96772494896430E+03	-3.53671027053412E-01
 1.96772768686433E+03	-4.03452352542857E-01
 1.96773042476436E+03	-3.77548248602844E-01
 1.96773316266439E+03	-2.82099089143197E-01
 1.96773590056443E+03	-1.38983340321598E-01
 1.96773863846446E+03	 3.90199185895411E-02
 1.96774137636449E+03	 2.46937660932452E-01
 1.96774411426452E+03	 4.58945106116733E-01
 1.96774685216455E+03	 6.11187004079900E-01
 1.96774959006458E+03	 6.28564480648634E-01
 1.96775232796461E+03	 4.79284188745230E-01
 1.96775506586464E+03	 2.05955125240535E-01
 1.96775780376467E+03	-9.79249285112142E-02
 1.96776054166470E+03	-3.43696101616165E-01
 1.96776327956473E+03	-4.84898987833797E-01
 1.96776601746476E+03	-5.11901958598860E-01
 1.96776875536479E+03	-4.27612564166121E-01
 1.96777149326483E+03	-2.42671436933300E-01
 1.96777423116486E+03	 5.14341529005665E-03
 1.96777696906489E+03	 2.41370345241721E-01
 1.96777970696492E+03	 3.83688647629940E-01
 1.96778244486495E+03	 3.92163997252825E-01
 1.96778518276498E+03	 2.92970615286550E-01
 1.96778792066501E+03	 1.50286512803442E-01
 1.96779065856504E+03	 1.37203666770586E-02
 1.96779339646507E+03	-1.07678237241086E-01
 1.96779613436510E+03	-2.24962870148209E-01
 1.96779887226513E+03	-3.32684267765156E-01
 1.96780161016516E+03	-3.99810454284252E-01
 1.96780434806519E+03	-3.95838398250665E-01
 1.96780708596522E+03	-3.18053003821765E-01
 1.96780982386526E+03	-1.87433774602005E-01
 1.96781256176529E+03	-2.21316059651954E-02
 1.96781529966532E+03	 1.73351479305938E-01
 1.96781803756535E+03	 3.85699917233462E-01
 1.96782077546538E+03	 5.65374392982545E-01
 1.96782351336541E+03	 6.36147697707905E-01
 1.96782625126544E+03	 5.44811854172626E-01
 1.96782898916547E+03	 3.06862218532083E-01
 1.96783172706550E+03	 3.12695505024413E-03
 1.96783446496553E+03	-2.69817230350931E-01
 1.96783720286556E+03	-4.48858555162869E-01
 1.96783994076559E+03	-5.13917988194506E-01
 1.96784267866562E+03	-4.65658642675220E-01
 1.96784541656566E+03	-3.10779289138771E-01
 1.96784815446569E+03	-7.53836769791662E-02
 1.96785089236572E+03	 1.77160034299405E-01
 1.96785363026575E+03	 3.60821175356287E-01
 1.96785636816578E+03	 4.14828767110697E-01
 1.96785910606581E+03	 3.42510861818026E-01
 1.96786184396584E+03	 2.01352880042674E-01
 1.96786458186587E+03	 5.30489330781751E-02
 1.96786731976590E+03	-7.73859188604772E-02
 1.96787005766593E+03	-1.97052468310655E-01
 1.96787279556596E+03	-3.09114487651499E-01
 1.96787553346599E+03	-3.90573790244062E-01
 1.96787827136602E+03	-4.08114782016741E-01
 1.96788100926606E+03	-3.49594947074544E-01
 1.96788374716609E+03	-2.31904026081739E-01
 1.96788648506612E+03	-7.78855605315412E-02
 1.96788922296615E+03	 1.04572455440211E-01
 1.96789196086618E+03	 3.10586803963341E-01
 1.96789469876621E+03	 5.06514132162446E-01
 1.96789743666624E+03	 6.22398046605039E-01
 1.96790017456627E+03	 5.90320611977844E-01
 1.96790291246630E+03	 3.98253088044721E-01
 1.96790565036633E+03	 1.07352389899402E-01
 1.96790838826636E+03	-1.84769176312694E-01
 1.96791112616639E+03	-3.99551515541405E-01
 1.96791386406642E+03	-5.03174896985305E-01
 1.96791660196645E+03	-4.91883182354949E-01
 1.96791933986649E+03	-3.70241987681896E-01
 1.96792207776652E+03	-1.55131107525679E-01
 1.96792481566655E+03	 1.03215188035530E-01
 1.96792755356658E+03	 3.21589369256973E-01
 1.96793029146661E+03	 4.23411938428763E-01
 1.96793302936664E+03	 3.87236840781896E-01
 1.96793576726667E+03	 2.56434303341405E-01
 1.96793850516670E+03	 9.89342462784443E-02
 1.96794124306673E+03	-4.34284921678796E-02
 1.96794398096676E+03	-1.68299556395300E-01
 1.96794671886679E+03	-2.83768603701574E-01
 1.96794945676682E+03	-3.76482161463019E-01
 1.96795219466685E+03	-4.14220238164321E-01
 1.96795493256689E+03	-3.76351275939936E-01
 1.96795767046692E+03	-2.72800530043895E-01
 1.96796040836695E+03	-1.28957953347275E-01
 1.96796314626698E+03	 4.14100158222235E-02
 1.96796588416701E+03	 2.36968077573026E-01
 1.96796862206704E+03	 4.39004038189798E-01
 1.96797135996707E+03	 5.89625011965086E-01
 1.96797409786710E+03	 6.14149508022495E-01
 1.96797683576713E+03	 4.75620470639177E-01
 1.96797957366716E+03	 2.10361301352309E-01
 1.96798231156719E+03	-9.07797127407482E-02
 1.96798504946722E+03	-3.37306119378983E-01
 1.96798778736725E+03	-4.79443759492155E-01
 1.96799052526729E+03	-5.05843101173375E-01
 1.96799326316732E+03	-4.19427473041162E-01
 1.96799600106735E+03	-2.30756884791391E-01
 1.96799873896738E+03	 2.31312829970171E-02
 1.96800147686741E+03	 2.67281086326228E-01
 1.96800421476744E+03	 4.15765860643699E-01
 1.96800695266747E+03	 4.23223614940239E-01
 1.96800969056750E+03	 3.12802495952346E-01
 1.96801242846753E+03	 1.51349719958883E-01
 1.96801516636756E+03	-4.24437943016057E-03
 1.96801790426759E+03	-1.37721428033059E-01
 1.96802064216762E+03	-2.57093182742008E-01
 1.96802338006765E+03	-3.58407561604126E-01
 1.96802611796768E+03	-4.14246216603532E-01
 1.96802885586772E+03	-3.97841111081325E-01
 1.96803159376775E+03	-3.10216881442547E-01
 1.96803433166778E+03	-1.76192100435500E-01
 1.96803706956781E+03	-1.61689303007504E-02
 1.96803980746784E+03	 1.67273892694151E-01
 1.96804254536787E+03	 3.67208071145596E-01
 1.96804528326790E+03	 5.41287486432677E-01
 1.96804802116793E+03	 6.16167196728293E-01
 1.96805075906796E+03	 5.35233990741204E-01
 1.96805349696799E+03	 3.07408401494045E-01
 1.96805623486802E+03	 9.05587562325079E-03
 1.96805897276805E+03	-2.63007755561465E-01
 1.96806171066808E+03	-4.42602018533230E-01
 1.96806444856812E+03	-5.07265859098528E-01
 1.96806718646815E+03	-4.57272485626434E-01
 1.96806992436818E+03	-2.99463218251930E-01
 1.96807266226821E+03	-5.92684648717026E-02
 1.96807540016824E+03	 2.00305824983047E-01
 1.96807813806827E+03	 3.90944754303149E-01
 1.96808087596830E+03	 4.46839933675857E-01
 1.96808361386833E+03	 3.66959625313352E-01
 1.96808635176836E+03	 2.09247203728613E-01
 1.96808908966839E+03	 4.13579508412188E-02
 1.96809182756842E+03	-1.03953355701413E-01
 1.96809456546845E+03	-2.29055273698267E-01
 1.96809730336848E+03	-3.37200336964201E-01
 1.96810004126852E+03	-4.08559605283390E-01
 1.96810277916855E+03	-4.13612671893536E-01
 1.96810551706858E+03	-3.43922789030687E-01
 1.96810825496861E+03	-2.20315372218393E-01
 1.96811099286864E+03	-6.88122660331638E-02
 1.96811373076867E+03	 1.02896719503403E-01
 1.96811646866870E+03	 2.95019343223646E-01
 1.96811920656873E+03	 4.81593800992086E-01
 1.96812194446876E+03	 5.97772749959130E-01
 1.96812468236879E+03	 5.74521974149823E-01
 1.96812742026882E+03	 3.93787371063770E-01
 1.96813015816885E+03	 1.10864520016517E-01
 1.96813289606888E+03	-1.78264601821650E-01
 1.96813563396892E+03	-3.92753746467722E-01
 1.96813837186895E+03	-4.95960829229148E-01
 1.96814110976898E+03	-4.83155161903547E-01
 1.96814384766901E+03	-3.59104796700004E-01
 1.96814658556904E+03	-1.40282331496007E-01
 1.96814932346907E+03	 1.23924128379569E-01
 1.96815206136910E+03	 3.49311006380806E-01
 1.96815479926913E+03	 4.55160585724778E-01
 1.96815753716916E+03	 4.14975578010837E-01
 1.96816027506919E+03	 2.70529552046924E-01
 1.96816301296922E+03	 9.39016030132445E-02
 1.96816575086925E+03	-6.54762563758130E-02
 1.96816848876928E+03	-1.99100634355395E-01
 1.96817122666931E+03	-3.13516170103932E-01
 1.96817396456935E+03	-3.97760570652803E-01
 1.96817670246938E+03	-4.23371736328247E-01
 1.96817944036941E+03	-3.73432657082599E-01
 1.96818217826944E+03	-2.61761520355752E-01
 1.96818491616947E+03	-1.17499404688550E-01
 1.96818765406950E+03	 4.42334219728051E-02
 1.96819039196953E+03	 2.25514007116330E-01
 1.96819312986956E+03	 4.15030644755213E-01
 1.96819586776959E+03	 5.61723367793859E-01
 1.96819860566962E+03	 5.92342096006296E-01
 1.96820134356965E+03	 4.65268392228578E-01
 1.96820408146968E+03	 2.10211748978125E-01
 1.96820681936971E+03	-8.55079489549592E-02
 1.96820955726975E+03	-3.30397775886010E-01
 1.96821229516978E+03	-4.71800145793309E-01
 1.96821503306981E+03	-4.96744521952675E-01
 1.96821777096984E+03	-4.08190985893066E-01
 1.96822050886987E+03	-2.16617977519082E-01
 1.96822324676990E+03	 4.19010974705693E-02
 1.96822598466993E+03	 2.92488543063435E-01
 1.96822872256996E+03	 4.46301390822514E-01
 1.96823146046999E+03	 4.52899539031487E-01
 1.96823419837002E+03	 3.32166330230541E-01
 1.96823693627005E+03	 1.53008496653985E-01
 1.96823967417008E+03	-2.09052999313213E-02
 1.96824241207011E+03	-1.66207733333411E-01
 1.96824514997015E+03	-2.87659051628016E-01
 1.96824788787018E+03	-3.82575884418098E-01
 1.96825062577021E+03	-4.27070757941406E-01
 1.96825336367024E+03	-3.98130609191895E-01
 1.96825610157027E+03	-3.00581438269512E-01
 1.96825883947030E+03	-1.63251858423427E-01
 1.96826157737033E+03	-9.14306357018331E-03
 1.96826431527036E+03	 1.60737281432173E-01
 1.96826705317039E+03	 3.45883383092717E-01
 1.96826979107042E+03	 5.11809038351530E-01
 1.96827252897045E+03	 5.89099337521594E-01
 1.96827526687048E+03	 5.18521650206557E-01
 1.96827800477051E+03	 3.02430199693634E-01
 1.96828074267054E+03	 1.20082758852586E-02
 1.96828348057058E+03	-2.56607226149160E-01
 1.96828621847061E+03	-4.34776995104516E-01
 1.96828895637064E+03	-4.97867136621002E-01
 1.96829169427067E+03	-4.45800313705246E-01
 1.96829443217070E+03	-2.85585911366659E-01
 1.96829717007073E+03	-4.18643859633034E-02
 1.96829990797076E+03	 2.23175107372222E-01
 1.96830264587079E+03	 4.19633242475628E-01
 1.96830538377082E+03	 4.77192411794528E-01
 1.96830812167085E+03	 3.90444430620556E-01
 1.96831085957088E+03	 2.17272984032998E-01
 1.96831359747091E+03	 3.07013991145723E-02
 1.96831633537094E+03	-1.29040143268790E-01
 1.96831907327098E+03	-2.59475448346574E-01
 1.96832181117101E+03	-3.63706633728598E-01
 1.96832454907104E+03	-4.24936213075489E-01
 1.96832728697107E+03	-4.17419184535512E-01
 1.96833002487110E+03	-3.36447754771582E-01
 1.96833276277113E+03	-2.06884177968175E-01
 1.96833550067116E+03	-5.82186939849495E-02
 1.96833823857119E+03	 1.01642423851344E-01
 1.96834097647122E+03	 2.77810653506024E-01
 1.96834371437125E+03	 4.52415958605835E-01
 1.96834645227128E+03	 5.66690027633107E-01
 1.96834919017131E+03	 5.51467461754114E-01
 1.96835192807134E+03	 3.83025592395396E-01
 1.96835466597138E+03	 1.10329517755331E-01
 1.96835740387141E+03	-1.73177393682189E-01
 1.96836014177144E+03	-3.85131257581045E-01
 1.96836287967147E+03	-4.86424965346895E-01
 1.96836561757150E+03	-4.71439764160627E-01
 1.96836835547153E+03	-3.45183428131671E-01
 1.96837109337156E+03	-1.23682854712713E-01
 1.96837383127159E+03	 1.44844902697635E-01
 1.96837656917162E+03	 3.75849155024702E-01
 1.96837930707165E+03	 4.85122905114866E-01
 1.96838204497168E+03	 4.41325268104878E-01
 1.96838478287171E+03	 2.84268674341942E-01
 1.96838752077174E+03	 8.95614129172513E-02
 1.96839025867177E+03	-8.61826466828834E-02
 1.96839299657181E+03	-2.28328198768474E-01
 1.96839573447184E+03	-3.41660370165971E-01
 1.96839847237187E+03	-4.17425253487270E-01
 1.96840121027190E+03	-4.30855957967567E-01
 1.96840394817193E+03	-3.68741207127180E-01
 1.96840668607196E+03	-2.48831469965724E-01
 1.96840942397199E+03	-1.04227966941245E-01
 1.96841216187202E+03	 4.81804377801119E-02
 1.96841489977205E+03	 2.13527149799365E-01
 1.96841763767208E+03	 3.88036300285718E-01
 1.96842037557211E+03	 5.28274883225795E-01
 1.96842311347214E+03	 5.63500998225440E-01
 1.96842585137217E+03	 4.48109851753334E-01
 1.96842858927221E+03	 2.05045305729635E-01
 1.96843132717224E+03	-8.27004636625651E-02
 1.96843406507227E+03	-3.23515966449062E-01
 1.96843680297230E+03	-4.62385505392345E-01
 1.96843954087233E+03	-4.84888919211581E-01
 1.96844227877236E+03	-3.94073474038856E-01
 1.96844501667239E+03	-2.00345940885466E-01
 1.96844775457242E+03	 6.13873205219761E-02
 1.96845049247245E+03	 3.16879494973008E-01
 1.96845323037248E+03	 4.75074938937167E-01
 1.96845596827251E+03	 4.80863921096527E-01
 1.96845870617254E+03	 3.50696574593534E-01
 1.96846144407257E+03	 1.54960473269478E-01
 1.96846418197261E+03	-3.64305105836862E-02
 1.96846691987264E+03	-1.93166189093966E-01
 1.96846965777267E+03	-3.16603439565990E-01
 1.96847239567270E+03	-4.05118141460427E-01
 1.96847513357273E+03	-4.38246370118718E-01
 1.96847787147276E+03	-3.96692365947045E-01
 1.96848060937279E+03	-2.89073868785113E-01
 1.96848334727282E+03	-1.48349930557823E-01
 1.96848608517285E+03	-4.83640342992779E-04
 1.96848882307288E+03	 1.54631642367644E-01
 1.96849156097291E+03	 3.22789198067146E-01
 1.96849429887294E+03	 4.77908236565228E-01
 1.96849703677297E+03	 5.55555294858761E-01
 1.96849977467301E+03	 4.94802717098637E-01
 1.96850251257304E+03	 2.91636645449115E-01
 1.96850525047307E+03	 1.14650020017806E-02
 1.96850798837310E+03	-2.51166346792443E-01
 1.96851072627313E+03	-4.25848419316438E-01
 1.96851346417316E+03	-4.86068676529395E-01
 1.96851620207319E+03	-4.31480575419506E-01
 1.96851893997322E+03	-2.69297225729538E-01
 1.96852167787325E+03	-2.32658027249907E-02
 1.96852441577328E+03	 2.45672145162698E-01
 1.96852715367331E+03	 4.46726661338820E-01
 1.96852989157334E+03	 5.05635707183795E-01
 1.96853262947337E+03	 4.12661988493081E-01
 1.96853536737340E+03	 2.25156832625749E-01
 1.96853810527344E+03	 2.09102432067844E-02
 1.96854084317347E+03	-1.52689646199916E-01
 1.96854358107350E+03	-2.88268231066248E-01
 1.96854631897353E+03	-3.88567333740681E-01
 1.96854905687356E+03	-4.39671238308592E-01
 1.96855179477359E+03	-4.19543462322757E-01
 1.96855453267362E+03	-3.27159910057156E-01
 1.96855727057365E+03	-1.91457395306739E-01
 1.96856000847368E+03	-4.56694383591727E-02
 1.96856274637371E+03	 1.01595227659318E-01
 1.96856548427374E+03	 2.60015499411408E-01
 1.96856822217377E+03	 4.20071271398731E-01
 1.96857096007380E+03	 5.29988118044059E-01
 1.96857369797384E+03	 5.21543828281816E-01
 1.96857643587387E+03	 3.65886928097891E-01
 1.96857917377390E+03	 1.05345697595918E-01
 1.96858191167393E+03	-1.70028540779106E-01
 1.96858464957396E+03	-3.77174887685184E-01
 1.96858738747399E+03	-4.74966343529398E-01
 1.96859012537402E+03	-4.57038780720867E-01
 1.96859286327405E+03	-3.28691562095209E-01
 1.96859560117408E+03	-1.05473654362668E-01
 1.96859833907411E+03	 1.65872871021744E-01
 1.96860107697414E+03	 4.01079858725981E-01
 1.96860381487417E+03	 5.13113859419120E-01
 1.96860655277420E+03	 4.66048234957205E-01
 1.96860929067424E+03	 2.97420613183858E-01
 1.96861202857427E+03	 8.57589549506643E-02
 1.96861476647430E+03	-1.05593612545572E-01
 1.96861750437433E+03	-2.55942345927440E-01
 1.96862024227436E+03	-3.68134712861283E-01
 1.96862298017439E+03	-4.35441782502888E-01
 1.96862571807442E+03	-4.36693238930516E-01
 1.96862845597445E+03	-3.62312997180708E-01
 1.96863119387448E+03	-2.33953963011360E-01
 1.96863393177451E+03	-8.88467286604057E-02
 1.96863666967454E+03	 5.39010631391649E-02
 1.96863940757457E+03	 2.01997218793125E-01
 1.96864214547460E+03	 3.59170833663040E-01
 1.96864488337463E+03	 4.90303004616789E-01
 1.96864762127467E+03	 5.28267118544567E-01
 1.96865035917470E+03	 4.24303320401096E-01
 1.96865309707473E+03	 1.94622043694951E-01
 1.96865583497476E+03	-8.28085918049772E-02
 1.96865857287479E+03	-3.17150427511333E-01
 1.96866131077482E+03	-4.51634926613091E-01
 1.96866404867485E+03	-4.70632368152397E-01
 1.96866678657488E+03	-3.77351559324774E-01
 1.96866952447491E+03	-1.82139511809269E-01
 1.96867226237494E+03	 8.14537690167654E-02
 1.96867500027497E+03	 3.40339977812150E-01
 1.96867773817500E+03	 5.01948553141778E-01
 1.96868047607503E+03	 5.06940240727597E-01
 1.96868321397507E+03	 3.68212039121838E-01
 1.96868595187510E+03	 1.57077910215871E-01
 1.96868868977513E+03	-5.08568677812756E-02
 1.96869142767516E+03	-2.18553388951540E-01
 1.96869416557519E+03	-3.43853254822239E-01
 1.96869690347522E+03	-4.25990816464768E-01
 1.96869964137525E+03	-4.47793078986863E-01
 1.96870237927528E+03	-3.93591156441609E-01
 1.96870511717531E+03	-2.75716181778197E-01
 1.96870785507534E+03	-1.31321113706764E-01
 1.96871059297537E+03	 1.03051693268236E-02
 1.96871333087540E+03	 1.49833629057426E-01
 1.96871606877543E+03	 2.99070061154667E-01
 1.96871880667547E+03	 4.40738575226984E-01
 1.96872154457550E+03	 5.16407155954876E-01
 1.96872428247553E+03	 4.64489684945371E-01
 1.96872702037556E+03	 2.74988374759987E-01
 1.96872975827559E+03	 7.08650101402238E-03
 1.96873249617562E+03	-2.47141776755664E-01
 1.96873523407565E+03	-4.16267049148221E-01
 1.96873797197568E+03	-4.72268007997142E-01
 1.96874070987571E+03	-4.14646715647658E-01
 1.96874344777574E+03	-2.50857998392600E-01
 1.96874618567577E+03	-3.65750049760751E-03
 1.96874892357580E+03	 2.67667989194531E-01
 1.96875166147583E+03	 4.72111535081355E-01
 1.96875439937586E+03	 5.32042858691605E-01
 1.96875713727590E+03	 4.33481915044790E-01
 1.96875987517593E+03	 2.32806674525696E-01
 1.96876261307596E+03	 1.19670440298489E-02
 1.96876535097599E+03	-1.74846420202724E-01
 1.96876808887602E+03	-3.15347321428204E-01
 1.96877082677605E+03	-4.11723035009976E-01
 1.96877356467608E+03	-4.52774040661197E-01
 1.96877630257611E+03	-4.20062395575725E-01
 1.96877904047614E+03	-3.16138860340743E-01
 1.96878177837617E+03	-1.73986368092545E-01
 1.96878451627620E+03	-3.08283670254961E-02
 1.96878725417623E+03	 1.03482514550921E-01
 1.96878999207626E+03	 2.42711933142393E-01
 1.96879272997630E+03	 3.85779329560743E-01
 1.96879546787633E+03	 4.88730176812673E-01
 1.96879820577636E+03	 4.85415330291426E-01
 1.96880094367639E+03	 3.42561812600994E-01
 1.96880368157642E+03	 9.57265710545423E-02
 1.96880641947645E+03	-1.69205692555742E-01
 1.96880915737648E+03	-3.69326397849478E-01
 1.96881189527651E+03	-4.62007674016549E-01
 1.96881463317654E+03	-4.40332051330993E-01
 1.96881737107657E+03	-3.09950140952220E-01
 1.96882010897660E+03	-8.58985363128258E-02
 1.96882284687663E+03	 1.86842629236226E-01
 1.96882558477666E+03	 4.24889849152052E-01
 1.96882832267670E+03	 5.39038729670556E-01
 1.96883106057673E+03	 4.89059147677568E-01
 1.96883379847676E+03	 3.09932593610127E-01
 1.96883653637679E+03	 8.25039200982719E-02
 1.96883927427682E+03	-1.23633917712407E-01
 1.96884201217685E+03	-2.81836957204966E-01
 1.96884475007688E+03	-3.92857355468815E-01
 1.96884748797691E+03	-4.51799637114728E-01
 1.96885022587694E+03	-4.40957451069593E-01
 1.96885296377697E+03	-3.54263708528191E-01
 1.96885570167700E+03	-2.17175759644780E-01
 1.96885843957703E+03	-7.11728400957567E-02
 1.96886117747706E+03	 6.19509998323632E-02
 1.96886391537710E+03	 1.91882678298572E-01
 1.96886665327713E+03	 3.29652551139945E-01
 1.96886939117716E+03	 4.49007506913029E-01
 1.96887212907719E+03	 4.87536147117534E-01
 1.96887486697722E+03	 3.94284999996980E-01
 1.96887760487725E+03	 1.78945363815191E-01
 1.96888034277728E+03	-8.61128689017311E-02
 1.96888308067731E+03	-3.11705210761954E-01
 1.96888581857734E+03	-4.39976716952368E-01
 1.96888855647737E+03	-4.54387196617784E-01
 1.96889129437740E+03	-3.58398852409704E-01
 1.96889403227743E+03	-1.62305014316418E-01
 1.96889677017746E+03	 1.01882499935053E-01
 1.96889950807749E+03	 3.62733617516716E-01
 1.96890224597753E+03	 5.26838710802110E-01
 1.96890498387756E+03	 5.31076390222270E-01
 1.96890772177759E+03	 3.84697262685132E-01
 1.96891045967762E+03	 1.59401643470246E-01
 1.96891319757765E+03	-6.40834056298149E-02
 1.96891593547768E+03	-2.42237447639262E-01
 1.96891867337771E+03	-3.69298084016808E-01
 1.96892141127774E+03	-4.45155371595647E-01
 1.96892414917777E+03	-4.55768435193632E-01
 1.96892688707780E+03	-3.88958060226094E-01
 1.96892962497783E+03	-2.60625984348353E-01
 1.96893236287786E+03	-1.12119487244212E-01
 1.96893510077789E+03	 2.35993261179730E-02
 1.96893783867793E+03	 1.47141023106925E-01
 1.96894057657796E+03	 2.75877819078686E-01
 1.96894331447799E+03	 4.01571942788202E-01
 1.96894605237802E+03	 4.72744262900723E-01
 1.96894879027805E+03	 4.28264423775700E-01
 1.96895152817808E+03	 2.52707176280987E-01
 1.96895426607811E+03	-1.26293585436734E-03
 1.96895700397814E+03	-2.44867830214461E-01
 1.96895974187817E+03	-4.06443960310497E-01
 1.96896247977820E+03	-4.56893177578342E-01
 1.96896521767823E+03	-3.95713217489878E-01
 1.96896795557826E+03	-2.30634049818926E-01
 1.96897069347829E+03	 1.66804932534129E-02
 1.96897343137833E+03	 2.88983161798319E-01
 1.96897616927836E+03	 4.95693095609172E-01
 1.96897890717839E+03	 5.56378341810845E-01
 1.96898164507842E+03	 4.52918480609930E-01
 1.96898438297845E+03	 2.40294048222706E-01
 1.96898712087848E+03	 4.00164680126763E-03
 1.96898985877851E+03	-1.95348331085539E-01
 1.96899259667854E+03	-3.40568423311604E-01
 1.96899533457857E+03	-4.33100114485065E-01
 1.96899807247860E+03	-4.64274483485201E-01
 1.96900081037863E+03	-4.19103693469620E-01
 1.96900354827866E+03	-3.03547411258041E-01
 1.96900628617869E+03	-1.54538448759519E-01
 1.96900902407872E+03	-1.34937926007862E-02
 1.96901176197876E+03	 1.07914828481927E-01
 1.96901449987879E+03	 2.26927669463974E-01
 1.96901723777882E+03	 3.50814888389571E-01
 1.96901997567885E+03	 4.44146333936330E-01
 1.96902271357888E+03	 4.43991867418883E-01
 1.96902545147891E+03	 3.13506953943968E-01
 1.96902818937894E+03	 8.15153864823332E-02
 1.96903092727897E+03	-1.70939465607202E-01
 1.96903366517900E+03	-3.61953746528806E-01
 1.96903640307903E+03	-4.47973470545457E-01
 1.96903914097906E+03	-4.21759838265736E-01
 1.96904187887909E+03	-2.89375844961847E-01
 1.96904461677912E+03	-6.53022364241614E-02
 1.96904735467916E+03	 2.07516767271129E-01
 1.96905009257919E+03	 4.47151676911437E-01
 1.96905283047922E+03	 5.62858902777113E-01
 1.96905556837925E+03	 5.10389452923835E-01
 1.96905830627928E+03	 3.21901635963720E-01
 1.96906104417931E+03	 7.99546069643532E-02
 1.96906378207934E+03	-1.40109001701695E-01
 1.96906651997937E+03	-3.05829933079807E-01
 1.96906925787940E+03	-4.15713724871904E-01
 1.96907199577943E+03	-4.66491528506122E-01
 1.96907473367946E+03	-4.43756680199258E-01
 1.96907747157949E+03	-3.44776578428583E-01
 1.96908020947952E+03	-1.98649418357922E-01
 1.96908294737956E+03	-5.11618746927791E-02
 1.96908568527959E+03	 7.27425398115020E-02
 1.96908842317962E+03	 1.84041349882406E-01
 1.96909116107965E+03	 3.00690864345152E-01
 1.96909389897968E+03	 4.05695304117019E-01
 1.96909663687971E+03	 4.42410977812698E-01
 1.96909937477974E+03	 3.58748141996319E-01
 1.96910211267977E+03	 1.58264478551900E-01
 1.96910485057980E+03	-9.27064131110802E-02
 1.96910758847983E+03	-3.07476736625348E-01
 1.96911032637986E+03	-4.27810341739926E-01
 1.96911306427989E+03	-4.36601937414141E-01
 1.96911580217992E+03	-3.37669824306917E-01
 1.96911854007995E+03	-1.41247919151580E-01
 1.96912127797999E+03	 1.22369701334161E-01
 1.96912401588002E+03	 3.83882055215402E-01
 1.96912675378005E+03	 5.49683097886664E-01
 1.96912949168008E+03	 5.53304644702588E-01
 1.96913222958011E+03	 4.00264943236725E-01
 1.96913496748014E+03	 1.62113960015290E-01
 1.96913770538017E+03	-7.58840103692642E-02
 1.96914044328020E+03	-2.63996619241190E-01
 1.96914318118023E+03	-3.92778058205132E-01
 1.96914591908026E+03	-4.62559757573916E-01
 1.96914865698029E+03	-4.62247396351951E-01
 1.96915139488032E+03	-3.82974293801971E-01
 1.96915413278035E+03	-2.44011361173035E-01
 1.96915687068039E+03	-9.08321289905575E-02
 1.96915960858042E+03	 3.96168689562108E-02
 1.96916234648045E+03	 1.47210991741638E-01
 1.96916508438048E+03	 2.54294992765337E-01
 1.96916782228051E+03	 3.61722033254928E-01
 1.96917056018054E+03	 4.25811960306577E-01
 1.96917329808057E+03	 3.87041658493877E-01
 1.96917603598060E+03	 2.25264631854304E-01
 1.96917877388063E+03	-1.35080095147762E-02
 1.96918151178066E+03	-2.44539464672763E-01
 1.96918424968069E+03	-3.96729995239682E-01
 1.96918698758072E+03	-4.40381695557498E-01
 1.96918972548075E+03	-3.75156079666678E-01
 1.96919246338079E+03	-2.09081895674662E-01
 1.96919520128082E+03	 3.73763038932415E-02
 1.96919793918085E+03	 3.09375135677943E-01
 1.96920067708088E+03	 5.17365939394512E-01
 1.96920341498091E+03	 5.78656732650246E-01
 1.96920615288094E+03	 4.71086368468039E-01
 1.96920889078097E+03	 2.47816667728739E-01
 1.96921162868100E+03	-2.73273371255021E-03
 1.96921436658103E+03	-2.13934912366068E-01
 1.96921710448106E+03	-3.63724028008807E-01
 1.96921984238109E+03	-4.52596063866876E-01
 1.96922258028112E+03	-4.74203631251578E-01
 1.96922531818115E+03	-4.16827292598828E-01
 1.96922805608119E+03	-2.89620294859528E-01
 1.96923079398122E+03	-1.33300930867571E-01
 1.96923353188125E+03	 6.37521218168581E-03
 1.96923626978128E+03	 1.15334413684895E-01
 1.96923900768131E+03	 2.13568326648106E-01
 1.96924174558134E+03	 3.16428214167618E-01
 1.96924448348137E+03	 3.97561856424468E-01
 1.96924722138140E+03	 3.98377584546961E-01
 1.96924995928143E+03	 2.79419135213221E-01
 1.96925269718146E+03	 6.29807560414870E-02
 1.96925543508149E+03	-1.75293566914790E-01
 1.96925817298152E+03	-3.55333901257215E-01
 1.96926091088155E+03	-4.33269543643435E-01
 1.96926364878158E+03	-4.01801318958626E-01
 1.96926638668162E+03	-2.67462062012899E-01
 1.96926912458165E+03	-4.41198004727597E-02
 1.96927186248168E+03	 2.27581465313752E-01
 1.96927460038171E+03	 4.67700679531075E-01
 1.96927733828174E+03	 5.84552420977481E-01
 1.96928007618177E+03	 5.30139402274865E-01
 1.96928281408180E+03	 3.33528617599940E-01
 1.96928555198183E+03	 7.83830998892192E-02
 1.96928828988186E+03	-1.54723941821848E-01
 1.96929102778189E+03	-3.27666365588546E-01
 1.96929376568192E+03	-4.36547276475154E-01
 1.96929650358195E+03	-4.79496503482678E-01
 1.96929924148198E+03	-4.45213906395024E-01
 1.96930197938202E+03	-3.34086754644823E-01
 1.96930471728205E+03	-1.78628853347456E-01
 1.96930745518208E+03	-2.89226177329896E-02
 1.96931019308211E+03	 8.65050770267743E-02
 1.96931293098214E+03	 1.79167088080174E-01
 1.96931566888217E+03	 2.73408043602295E-01
 1.96931840678220E+03	 3.61701922440729E-01
 1.96932114468223E+03	 3.94137530997917E-01
 1.96932388258226E+03	 3.18601984177866E-01
 1.96932662048229E+03	 1.33056964037282E-01
 1.96932935838232E+03	-1.02494269986494E-01
 1.96933209628235E+03	-3.04641909538798E-01
 1.96933483418238E+03	-4.15488123908303E-01
 1.96933757208242E+03	-4.17739374971234E-01
 1.96934030998245E+03	-3.15677435938147E-01
 1.96934304788248E+03	-1.19455841267481E-01
 1.96934578578251E+03	 1.42529730060883E-01
 1.96934852368254E+03	 4.03550027830768E-01
 1.96935126158257E+03	 5.70406002084921E-01
 1.96935399948260E+03	 5.73693188294564E-01
 1.96935673738263E+03	 4.15103985973188E-01
 1.96935947528266E+03	 1.65493997384837E-01
 1.96936221318269E+03	-8.59372329323716E-02
 1.96936495108272E+03	-2.83531998582137E-01
 1.96936768898275E+03	-4.14081513084031E-01
 1.96937042688278E+03	-4.78125461502039E-01
 1.96937316478281E+03	-4.67303923756567E-01
 1.96937590268285E+03	-3.75853033536117E-01
 1.96937864058288E+03	-2.26159830631900E-01
 1.96938137848291E+03	-6.76833503674037E-02
 1.96938411638294E+03	 5.83910883648363E-02
 1.96938685428297E+03	 1.50507929629382E-01
 1.96938959218300E+03	 2.35262175475453E-01
 1.96939233008303E+03	 3.22463523204934E-01
 1.96939506798306E+03	 3.76937751767814E-01
 1.96939780588309E+03	 3.41914090651303E-01
 1.96940054378312E+03	 1.93350795806122E-01
 1.96940328168315E+03	-2.93727640841139E-02
 1.96940601958318E+03	-2.46207630141045E-01
 1.96940875748321E+03	-3.87401397666377E-01
 1.96941149538325E+03	-4.23159750173833E-01
 1.96941423328328E+03	-3.53488694207009E-01
 1.96941697118331E+03	-1.86726651003386E-01
 1.96941970908334E+03	 5.79783135386248E-02
 1.96942244698337E+03	 3.28532595320165E-01
 1.96942518488340E+03	 5.36986751352956E-01
 1.96942792278343E+03	 5.98896986882213E-01
 1.96943066068346E+03	 4.88145712291625E-01
 1.96943339858349E+03	 2.55645935597940E-01
 1.96943613648352E+03	-7.89970171781322E-03
 1.96943887438355E+03	-2.30270267365577E-01
 1.96944161228358E+03	-3.84549239714643E-01
 1.96944435018361E+03	-4.70071923811411E-01
 1.96944708808365E+03	-4.82577818036569E-01
 1.96944982598368E+03	-4.13406444964944E-01
 1.96945256388371E+03	-2.74648491814988E-01
 1.96945530178374E+03	-1.10576303452257E-01
 1.96945803968377E+03	 2.86443801954893E-02
 1.96946077758380E+03	 1.25975963271211E-01
 1.96946351548383E+03	 2.03354127130248E-01
 1.96946625338386E+03	 2.83766506406386E-01
 1.96946899128389E+03	 3.50317553364137E-01
 1.96947172918392E+03	 3.49804319860549E-01
 1.96947446708395E+03	 2.41190142995734E-01
 1.96947720498398E+03	 4.05940230706318E-02
 1.96947994288401E+03	-1.82169164301593E-01
 1.96948268078404E+03	-3.49644149045452E-01
 1.96948541868408E+03	-4.18265025475252E-01
 1.96948815658411E+03	-3.80950392019256E-01
 1.96949089448414E+03	-2.44753289869050E-01
 1.96949363238417E+03	-2.28573971425103E-02
 1.96949637028420E+03	 2.46650207062074E-01
 1.96949910818423E+03	 4.86316865016302E-01
 1.96950184608426E+03	 6.04074021085670E-01
 1.96950458398429E+03	 5.48423356598044E-01
 1.96950732188432E+03	 3.45060445915246E-01
 1.96951005978435E+03	 7.81259291415345E-02
 1.96951279768438E+03	-1.67116642656444E-01
 1.96951553558441E+03	-3.47033467994649E-01
 1.96951827348444E+03	-4.55158605469574E-01
 1.96952101138448E+03	-4.90767922719976E-01
 1.96952374928451E+03	-4.45449038986130E-01
 1.96952648718454E+03	-3.22462978044825E-01
 1.96952922508457E+03	-1.57457574660835E-01
 1.96953196298460E+03	-4.72020623995766E-03
 1.96953470088463E+03	 1.03259438913782E-01
 1.96953743878466E+03	 1.77738579093542E-01
 1.96954017668469E+03	 2.48767183983099E-01
 1.96954291458472E+03	 3.18310567210024E-01
 1.96954565248475E+03	 3.44029648775641E-01
 1.96954839038478E+03	 2.74914070563936E-01
 1.96955112828481E+03	 1.03993267972989E-01
 1.96955386618484E+03	-1.15208285128840E-01
 1.96955660408488E+03	-3.03256776652707E-01
 1.96955934198491E+03	-4.03301708842330E-01
 1.96956207988494E+03	-3.98253976097631E-01
 1.96956481778497E+03	-2.92965811414826E-01
 1.96956755568500E+03	-9.74737281148306E-02
 1.96957029358503E+03	 1.61907811317388E-01
 1.96957303148506E+03	 4.21437463929907E-01
 1.96957576938509E+03	 5.88886632852413E-01
 1.96957850728512E+03	 5.92294974417919E-01
 1.96958124518515E+03	 4.29419375020427E-01
 1.96958398308518E+03	 1.69861200839778E-01
 1.96958672098521E+03	-9.38691813349687E-02
 1.96958945888524E+03	-3.00492052536064E-01
 1.96959219678528E+03	-4.32951842520326E-01
 1.96959493468531E+03	-4.91740686377388E-01
 1.96959767258534E+03	-4.70995488653647E-01
 1.96960041048537E+03	-3.67820364509474E-01
 1.96960314838540E+03	-2.07421730087253E-01
 1.96960588628543E+03	-4.30282967992462E-02
 1.96960862418546E+03	 7.97580907052590E-02
 1.96961136208549E+03	 1.57266117904364E-01
 1.96961409998552E+03	 2.19516247497006E-01
 1.96961683788555E+03	 2.84954352793641E-01
 1.96961957578558E+03	 3.27451541153741E-01
 1.96962231368561E+03	 2.94084281449840E-01
 1.96962505158564E+03	 1.57826125711861E-01
 1.96962778948567E+03	-4.84069591758519E-02
 1.96963052738571E+03	-2.49786769519103E-01
 1.96963326528574E+03	-3.78652282527347E-01
 1.96963600318577E+03	-4.05622912533713E-01
 1.96963874108580E+03	-3.31234622128213E-01
 1.96964147898583E+03	-1.64133369942694E-01
 1.96964421688586E+03	 7.79757323022255E-02
 1.96964695478589E+03	 3.46077970438735E-01
 1.96964969268592E+03	 5.54352746461547E-01
 1.96965243058595E+03	 6.17077887462027E-01
 1.96965516848598E+03	 5.04242958441753E-01
 1.96965790638601E+03	 2.64065768745459E-01
 1.96966064428604E+03	-1.11309864608550E-02
 1.96966338218607E+03	-2.43977155601348E-01
 1.96966612008611E+03	-4.02737121926665E-01
 1.96966885798614E+03	-4.85351772845894E-01
 1.96967159588617E+03	-4.89386968128199E-01
 1.96967433378620E+03	-4.09009661167390E-01
 1.96967707168623E+03	-2.58959923542884E-01
 1.96967980958626E+03	-8.67684852196735E-02
 1.96968254748629E+03	 5.30038009474502E-02
 1.96968528538632E+03	 1.39843774841641E-01
 1.96968802328635E+03	 1.96771182480883E-01
 1.96969076118638E+03	 2.53803697040855E-01
 1.96969349908641E+03	 3.03689744862278E-01
 1.96969623698644E+03	 2.99556156128841E-01
 1.96969897488647E+03	 1.99847353589883E-01
 1.96970171278651E+03	 1.49910425747668E-02
 1.96970445068654E+03	-1.91322408861601E-01
 1.96970718858657E+03	-3.44962005738459E-01
 1.96970992648660E+03	-4.03277905488011E-01
 1.96971266438663E+03	-3.59690347698227E-01
 1.96971540228666E+03	-2.21814590878016E-01
 1.96971814018669E+03	-2.06549570751701E-03
 1.96972087808672E+03	 2.64276208486946E-01
 1.96972361598675E+03	 5.02714510838929E-01
 1.96972635388678E+03	 6.21319699420646E-01
 1.96972909178681E+03	 5.65314928406608E-01
 1.96973182968684E+03	 3.56727283039945E-01
 1.96973456758687E+03	 7.95263205650168E-02
 1.96973730548690E+03	-1.76900808681044E-01
 1.96974004338694E+03	-3.63584753893503E-01
 1.96974278128697E+03	-4.71312118140392E-01
 1.96974551918700E+03	-5.00226739941609E-01
 1.96974825708703E+03	-4.44563356375007E-01
 1.96975099498706E+03	-3.10187617180739E-01
 1.96975373288709E+03	-1.35549925508226E-01
 1.96975647078712E+03	 2.10334623775937E-02
 1.96975920868715E+03	 1.22809088693133E-01
 1.96976194658718E+03	 1.79985439036927E-01
 1.96976468448721E+03	 2.27513225637647E-01
 1.96976742238724E+03	 2.76676329294655E-01
 1.96977016028727E+03	 2.93390160780342E-01
 1.96977289818730E+03	 2.28841684579930E-01
 1.96977563608734E+03	 7.18870872715356E-02
 1.96977837398737E+03	-1.30435370493335E-01
 1.96978111188740E+03	-3.03265092384563E-01
 1.96978384978743E+03	-3.91473847108796E-01
 1.96978658768746E+03	-3.78570131358887E-01
 1.96978932558749E+03	-2.70079791387786E-01
 1.96979206348752E+03	-7.58727470656959E-02
 1.96979480138755E+03	 1.80001126613096E-01
 1.96979753928758E+03	 4.37180424739016E-01
 1.96980027718761E+03	 6.04934633833878E-01
 1.96980301508764E+03	 6.09100168471491E-01
 1.96980575298767E+03	 4.43371063277263E-01
 1.96980849088770E+03	 1.75513683881858E-01
 1.96981122878774E+03	-9.93040571882363E-02
 1.96981396668777E+03	-3.14505471996273E-01
 1.96981670458780E+03	-4.49101922433608E-01
 1.96981944248783E+03	-5.03259518973472E-01
 1.96982218038786E+03	-4.73351264543480E-01
 1.96982491828789E+03	-3.59096447788620E-01
 1.96982765618792E+03	-1.88188811646844E-01
 1.96983039408795E+03	-1.73357052900660E-02
 1.96983313198798E+03	 1.03360645073848E-01
 1.96983586988801E+03	 1.67471207191147E-01
 1.96983860778804E+03	 2.07545420034310E-01
 1.96984134568807E+03	 2.50168430990175E-01
 1.96984408358810E+03	 2.78607516480363E-01
 1.96984682148813E+03	 2.44789996516436E-01
 1.96984955938817E+03	 1.19661771793807E-01
 1.96985229728820E+03	-7.00252026702735E-02
 1.96985503518823E+03	-2.55072938052474E-01
 1.96985777308826E+03	-3.70593890151241E-01
 1.96986051098829E+03	-3.88119459450831E-01
 1.96986324888832E+03	-3.08899141309505E-01
 1.96986598678835E+03	-1.41873777437237E-01
 1.96986872468838E+03	 9.68265756407207E-02
 1.96987146258841E+03	 3.61579087954793E-01
 1.96987420048844E+03	 5.69189131002212E-01
 1.96987693838847E+03	 6.33100293236608E-01
 1.96987967628850E+03	 5.19454671607881E-01
 1.96988241418853E+03	 2.73310054120126E-01
 1.96988515208857E+03	-1.20825860792291E-02
 1.96988788998860E+03	-2.54677788452397E-01
 1.96989062788863E+03	-4.17961069335758E-01
 1.96989336578866E+03	-4.98228469824204E-01
 1.96989610368869E+03	-4.94587546174839E-01
 1.96989884158872E+03	-4.03784506730129E-01
 1.96990157948875E+03	-2.42897586087382E-01
 1.96990431738878E+03	-6.23605263642797E-02
 1.96990705528881E+03	 7.89822690959972E-02
 1.96990979318884E+03	 1.56708055881333E-01
 1.96991253108887E+03	 1.94042256556181E-01
 1.96991526898890E+03	 2.27285310036888E-01
 1.96991800688893E+03	 2.58817383354117E-01
 1.96992074478897E+03	 2.48892432152833E-01
 1.96992348268900E+03	 1.56486126899874E-01
 1.96992622058903E+03	-1.30772203440490E-02
 1.96992895848906E+03	-2.02392572758815E-01
 1.96993169638909E+03	-3.41272912360640E-01
 1.96993443428912E+03	-3.88564729718420E-01
 1.96993717218915E+03	-3.38469127906224E-01
 1.96993991008918E+03	-1.99198289141014E-01
 1.96994264798921E+03	 1.76938772629904E-02
 1.96994538588924E+03	 2.79973424771607E-01
 1.96994812378927E+03	 5.16541696924559E-01
 1.96995086168930E+03	 6.36100557828733E-01
 1.96995359958933E+03	 5.80798674826119E-01
 1.96995633748937E+03	 3.68682297430053E-01
 1.96995907538940E+03	 8.28749459906758E-02
 1.96996181328943E+03	-1.83713354949077E-01
 1.96996455118946E+03	-3.76970099014717E-01
 1.96996728908949E+03	-4.84748747411289E-01
 1.96997002698952E+03	-5.07759969826496E-01
 1.96997276488955E+03	-4.42627115515046E-01
 1.96997550278958E+03	-2.97536208995722E-01
 1.96997824068961E+03	-1.13366291379635E-01
 1.96998097858964E+03	 4.78019582869709E-02
 1.96998371648967E+03	 1.44749689376849E-01
 1.96998645438970E+03	 1.85875191922465E-01
 1.96998919228973E+03	 2.10132715447255E-01
 1.96999193018976E+03	 2.37762712464671E-01
 1.96999466808980E+03	 2.43435742235546E-01
 1.96999740598983E+03	 1.81559340589973E-01
 1.97000014388986E+03	 3.76370727094763E-02
 1.97000288178989E+03	-1.47655577455766E-01
 1.97000561968992E+03	-3.04515104538194E-01
 1.97000835758995E+03	-3.80155514672334E-01
 1.97001109548998E+03	-3.59062606383756E-01
 1.97001383339001E+03	-2.47533594816359E-01
 1.97001657129004E+03	-5.52150611867447E-02
 1.97001930919007E+03	 1.96287266211001E-01
 1.97002204709010E+03	 4.50361983578971E-01
 1.97002478499013E+03	 6.18276471367864E-01
 1.97002752289016E+03	 6.23998176042956E-01
 1.97003026079020E+03	 4.57019193432688E-01
 1.97003299869023E+03	 1.82668773708016E-01
 1.97003573659026E+03	-1.01916265127453E-01
 1.97003847449029E+03	-3.25218152423660E-01
 1.97004121239032E+03	-4.62233857968065E-01
 1.97004395029035E+03	-5.12506418497482E-01
 1.97004668819038E+03	-4.74364430231379E-01
 1.97004942609041E+03	-3.49877980997905E-01
 1.97005216399044E+03	-1.68869299879371E-01
 1.97005490189047E+03	 8.83936683052198E-03
 1.97005763979050E+03	 1.28668659965552E-01
 1.97006037769053E+03	 1.80862731352094E-01
 1.97006311559056E+03	 1.99565527717628E-01
 1.97006585349060E+03	 2.18845134294033E-01
 1.97006859139063E+03	 2.31515135103361E-01
 1.97007132929066E+03	 1.95230420044672E-01
 1.97007406719069E+03	 7.98745562095447E-02
 1.97007680509072E+03	-9.35542361355776E-02
 1.97007954299075E+03	-2.61769906480405E-01
 1.97008228089078E+03	-3.63259882281952E-01
 1.97008501879081E+03	-3.70937210810876E-01
 1.97008775669084E+03	-2.86941635907812E-01
 1.97009049459087E+03	-1.20490826543082E-01
 1.97009323249090E+03	 1.13991288981954E-01
 1.97009597039093E+03	 3.74569930977733E-01
 1.97009870829096E+03	 5.81148079335960E-01
 1.97010144619099E+03	 6.46761226272745E-01
 1.97010418409103E+03	 5.33741111226280E-01
 1.97010692199106E+03	 2.83506087678968E-01
 1.97010965989109E+03	-1.04891643506145E-02
 1.97011239779112E+03	-2.62036414442771E-01
 1.97011513569115E+03	-4.29901235662789E-01
 1.97011787359118E+03	-5.08474391215335E-01
 1.97012061149121E+03	-4.98100150235665E-01
 1.97012334939124E+03	-3.97844116728959E-01
 1.97012608729127E+03	-2.26796439287174E-01
 1.97012882519130E+03	-3.78850817892909E-02
 1.97013156309133E+03	 1.05975817280750E-01
 1.97013430099136E+03	 1.76121252134753E-01
 1.97013703889139E+03	 1.95119998591617E-01
 1.97013977679143E+03	 2.04693594230760E-01
 1.97014251469146E+03	 2.16643195776339E-01
 1.97014525259149E+03	 1.98976692173671E-01
 1.97014799049152E+03	 1.12200948901813E-01
 1.97015072839155E+03	-4.27997774569281E-02
 1.97015346629158E+03	-2.14937207849997E-01
 1.97015620419161E+03	-3.38484126352534E-01
 1.97015894209164E+03	-3.74314717391893E-01
 1.97016167999167E+03	-3.17676902967618E-01
 1.97016441789170E+03	-1.77410410420649E-01
 1.97016715579173E+03	 3.58835043107493E-02
 1.97016989369176E+03	 2.93245146982150E-01
 1.97017263159179E+03	 5.27391047106957E-01
 1.97017536949183E+03	 6.48129815297804E-01
 1.97017810739186E+03	 5.94734386858378E-01
 1.97018084529189E+03	 3.80951059632082E-01
 1.97018358319192E+03	 8.83560236986420E-02
 1.97018632109195E+03	-1.87260752204403E-01
 1.97018905899198E+03	-3.86868045819895E-01
 1.97019179689201E+03	-4.95202856097490E-01
 1.97019453479204E+03	-5.13223895071492E-01
 1.97019727269207E+03	-4.39670894041074E-01
 1.97020001059210E+03	-2.84757740631838E-01
 1.97020274849213E+03	-9.13838490964784E-02
 1.97020548639216E+03	 7.49578308654364E-02
 1.97020822429219E+03	 1.68496706948542E-01
 1.97021096219222E+03	 1.95122651475382E-01
 1.97021370009226E+03	 1.96836120075800E-01
 1.97021643799229E+03	 2.02296370691760E-01
 1.97021917589232E+03	 1.95232694109752E-01
 1.97022191379235E+03	 1.34189545936487E-01
 1.97022465169238E+03	 2.16606333195461E-03
 1.97022738959241E+03	-1.66285486615549E-01
 1.97023012749244E+03	-3.06782067892508E-01
 1.97023286539247E+03	-3.69427879366387E-01
 1.97023560329250E+03	-3.40040424263205E-01
 1.97023834119253E+03	-2.25780950029756E-01
 1.97024107909256E+03	-3.60171132250287E-02
 1.97024381699259E+03	 2.10258249876692E-01
 1.97024655489262E+03	 4.60533148109208E-01
 1.97024929279266E+03	 6.28555321133275E-01
 1.97025203069269E+03	 6.36754272992143E-01
 1.97025476859272E+03	 4.70282213053830E-01
 1.97025750649275E+03	 1.91412572696458E-01
 1.97026024439278E+03	-1.01478220935929E-01
 1.97026298229281E+03	-3.32330086591968E-01
 1.97026572019284E+03	-4.72061611136927E-01
 1.97026845809287E+03	-5.19285096608034E-01
 1.97027119599290E+03	-4.73988786845276E-01
 1.97027393389293E+03	-3.40322985406783E-01
 1.97027667179296E+03	-1.49861041611663E-01
 1.97027940969299E+03	 3.48910096222421E-02
 1.97028214759302E+03	 1.55014982408843E-01
 1.97028488549306E+03	 1.96957774576005E-01
 1.97028762339309E+03	 1.95519844737493E-01
 1.97029036129312E+03	 1.91460192052578E-01
 1.97029309919315E+03	 1.87085585086549E-01
 1.97029583709318E+03	 1.46500339372589E-01
 1.97029857499321E+03	 3.94632797756441E-02
 1.97030131289324E+03	-1.18283127087700E-01
 1.97030405079327E+03	-2.69519893706120E-01
 1.97030678869330E+03	-3.56616387736934E-01
 1.97030952659333E+03	-3.54294484511648E-01
 1.97031226449336E+03	-2.65750867276119E-01
 1.97031500239339E+03	-1.00463819361122E-01
 1.97031774029342E+03	 1.28969626520755E-01
 1.97032047819346E+03	 3.84579567906587E-01
 1.97032321609349E+03	 5.89820561240527E-01
 1.97032595399352E+03	 6.57743604543134E-01
 1.97032869189355E+03	 5.46915304118176E-01
 1.97033142979358E+03	 2.94630512454075E-01
 1.97033416769361E+03	-6.21066787426336E-03
 1.97033690559364E+03	-2.65799034069273E-01
 1.97033964349367E+03	-4.38272051614504E-01
 1.97034238139370E+03	-5.15855761319904E-01
 1.97034511929373E+03	-4.99811560927936E-01
 1.97034785719376E+03	-3.91257179939097E-01
 1.97035059509379E+03	-2.10960592114153E-01
 1.97035333299382E+03	-1.38897265392569E-02
 1.97035607089385E+03	 1.33288397214094E-01
 1.97035880879389E+03	 1.97453286781058E-01
 1.97036154669392E+03	 1.99703371952822E-01
 1.97036428459395E+03	 1.86236010459730E-01
 1.97036702249398E+03	 1.77874105247439E-01
 1.97036976039401E+03	 1.50818163948479E-01
 1.97037249829404E+03	 6.80220628268087E-02
 1.97037523619407E+03	-7.33605733947234E-02
 1.97037797409410E+03	-2.28470202695029E-01
 1.97038071199413E+03	-3.36442712041890E-01
 1.97038344989416E+03	-3.60648201138595E-01
 1.97038618779419E+03	-2.97627534756592E-01
 1.97038892569422E+03	-1.56879490029990E-01
 1.97039166359425E+03	 5.20282059091226E-02
 1.97039440149429E+03	 3.03618386857697E-01
 1.97039713939432E+03	 5.34821787377730E-01
 1.97039987729435E+03	 6.57025480222471E-01
 1.97040261519438E+03	 6.06838627285164E-01
 1.97040535309441E+03	 3.93396471286503E-01
 1.97040809099444E+03	 9.60047000976799E-02
 1.97041082889446E+03	-1.87359378026338E-01
 1.97041356679450E+03	-3.93016948330553E-01
 1.97041630469453E+03	-5.02421483732501E-01
 1.97041904259456E+03	-5.16451441009955E-01
 1.97042178049459E+03	-4.35681091149395E-01
 1.97042451839462E+03	-2.72056992625651E-01
 1.97042725629465E+03	-7.00649533410703E-02
 1.97042999419469E+03	 1.01824913235720E-01
 1.97043273209472E+03	 1.93328942364424E-01
 1.97043546999475E+03	 2.07220981172529E-01
 1.97043820789478E+03	 1.87564156805173E-01
 1.97044094579481E+03	 1.70743913782129E-01
 1.97044368369484E+03	 1.49649352560278E-01
 1.97044642159487E+03	 8.77433140558659E-02
 1.97044915949490E+03	-3.36360595030130E-02
 1.97045189739493E+03	-1.85722179699044E-01
 1.97045463529496E+03	-3.09793658045201E-01
 1.97045737319499E+03	-3.59308292690780E-01
 1.97046011109502E+03	-3.21735174561452E-01
 1.97046284899505E+03	-2.05189028261717E-01
 1.97046558689508E+03	-1.87143133867874E-02
 1.97046832479512E+03	 2.21457671111486E-01
 1.97047106269515E+03	 4.67242838799368E-01
 1.97047380059518E+03	 6.35345620925556E-01
 1.97047653849521E+03	 6.47004247612761E-01
 1.97047927639524E+03	 4.82912902968579E-01
 1.97048201429527E+03	 2.01664092806339E-01
 1.97048475219530E+03	-9.78988365316132E-02
 1.97048749009533E+03	-3.35628448621097E-01
 1.97049022799536E+03	-4.78334287908712E-01
 1.97049296589539E+03	-5.23390850448536E-01
 1.97049570379542E+03	-4.72139777937924E-01
 1.97049844169545E+03	-3.30538946546951E-01
 1.97050117959548E+03	-1.31524702963729E-01
 1.97050391749552E+03	 6.02034326132104E-02
 1.97050665539555E+03	 1.81643690286765E-01
 1.97050939329558E+03	 2.15093807139094E-01
 1.97051213119561E+03	 1.95102290448933E-01
 1.97051486909564E+03	 1.68220231953233E-01
 1.97051760699567E+03	 1.45998218026467E-01
 1.97052034489570E+03	 9.95381534960151E-02
 1.97052308279573E+03	-6.47597942861646E-04
 1.97052582069576E+03	-1.43511235785632E-01
 1.97052855859579E+03	-2.77935463067477E-01
 1.97053129649582E+03	-3.50575269992395E-01
 1.97053403439585E+03	-3.38335523925210E-01
 1.97053677229588E+03	-2.45625023620057E-01
 1.97053951019592E+03	-8.21768996062362E-02
 1.97054224809595E+03	 1.41337937427061E-01
 1.97054498599598E+03	 3.91167358339817E-01
 1.97054772389601E+03	 5.94760929969771E-01
 1.97055046179604E+03	 6.65623697902301E-01
 1.97055319969607E+03	 5.58631543140411E-01
 1.97055593759610E+03	 3.06482670334648E-01
 1.97055867549613E+03	 7.33688779529040E-04
 1.97056141339616E+03	-2.65826358879343E-01
 1.97056415129619E+03	-4.42848302195923E-01
 1.97056688919622E+03	-5.20149304443221E-01
 1.97056962709625E+03	-4.99581011212629E-01
 1.97057236499628E+03	-3.84042093110359E-01
 1.97057510289632E+03	-1.95642474295449E-01
 1.97057784079635E+03	 9.10021623811463E-03
 1.97058057869638E+03	 1.60181449127246E-01
 1.97058331659641E+03	 2.19942725387267E-01
 1.97058605449644E+03	 2.07275666937183E-01
 1.97058879239647E+03	 1.71857686654819E-01
 1.97059153029650E+03	 1.42963964737308E-01
 1.97059426819653E+03	 1.05230653977075E-01
 1.97059700609656E+03	 2.48632565885315E-02
 1.97059974399659E+03	-1.03988064439097E-01
 1.97060248189662E+03	-2.42498793916836E-01
 1.97060521979665E+03	-3.34955465818698E-01
 1.97060795769668E+03	-3.47619093771693E-01
 1.97061069559671E+03	-2.78545291714682E-01
 1.97061343349675E+03	-1.37930297317956E-01
 1.97061617139678E+03	 6.57499255994913E-02
 1.97061890929681E+03	 3.10681488794977E-01
 1.97062164719684E+03	 5.38391916348070E-01
 1.97062438509687E+03	 6.62329426731561E-01
 1.97062712299690E+03	 6.16686203209828E-01
 1.97062986089693E+03	 4.05703289376213E-01
 1.97063259879696E+03	 1.05680147406882E-01
 1.97063533669699E+03	-1.83966010715854E-01
 1.97063807459702E+03	-3.95242219144415E-01
 1.97064081249705E+03	-5.06184383274796E-01
 1.97064355039708E+03	-5.17263179204638E-01
 1.97064628829711E+03	-4.30599958909058E-01
 1.97064902619715E+03	-2.59580303618321E-01
 1.97065176409718E+03	-4.98256331071541E-02
 1.97065450199721E+03	 1.27725997547344E-01
 1.97065723989724E+03	 2.18444304677236E-01
 1.97065997779727E+03	 2.21491555696320E-01
 1.97066271569730E+03	 1.82017134737476E-01
 1.97066545359733E+03	 1.43312196142712E-01
 1.97066819149736E+03	 1.07328750719140E-01
 1.97067092939739E+03	 4.30753853309579E-02
 1.97067366729742E+03	-6.89608025496186E-02
 1.97067640519745E+03	-2.05383576333470E-01
 1.97067914309748E+03	-3.13255589209256E-01
 1.97068188099751E+03	-3.49759393790274E-01
 1.97068461889755E+03	-3.04294534351752E-01
 1.97068735679758E+03	-1.86018328544029E-01
 1.97069009469761E+03	-3.63007852736589E-03
 1.97069283259764E+03	 2.29517989539582E-01
 1.97069557049767E+03	 4.70074810873971E-01
 1.97069830839770E+03	 6.38181778453426E-01
 1.97070104629773E+03	 6.54268418866136E-01
 1.97070378419776E+03	 4.94495288109568E-01
 1.97070652209779E+03	 2.13157735031544E-01
 1.97070925999782E+03	-9.12490687485727E-02
 1.97071199789785E+03	-3.35014055714427E-01
 1.97071473579788E+03	-4.80858306758180E-01
 1.97071747369791E+03	-5.24625542789007E-01
 1.97072021159794E+03	-4.68699972997610E-01
 1.97072294949798E+03	-3.20575310511949E-01
 1.97072568739801E+03	-1.14159167947438E-01
 1.97072842529804E+03	 8.41940946280345E-02
 1.97073116319807E+03	 2.07766790362724E-01
 1.97073390109810E+03	 2.34486824044322E-01
 1.97073663899813E+03	 1.97801538634175E-01
 1.97073937689816E+03	 1.49080734054964E-01
 1.97074211479819E+03	 1.08689096632978E-01
 1.97074485269822E+03	 5.50916475989696E-02
 1.97074759059825E+03	-3.96522574219632E-02
 1.97075032849828E+03	-1.68589702272560E-01
 1.97075306639831E+03	-2.86629521133146E-01
 1.97075580429834E+03	-3.45009167066681E-01
 1.97075854219838E+03	-3.23130606700320E-01
 1.97076128009841E+03	-2.26758209979651E-01
 1.97076401799844E+03	-6.58936297413027E-02
 1.97076675589847E+03	 1.50783720176397E-01
 1.97076949379850E+03	 3.93961676927055E-01
 1.97077223169853E+03	 5.95522658808212E-01
 1.97077496959856E+03	 6.69896353608152E-01
 1.97077770749859E+03	 5.68395046517163E-01
 1.97078044539862E+03	 3.18678252475447E-01
 1.97078318329865E+03	 1.01472338314184E-02
 1.97078592119868E+03	-2.62117282118418E-01
 1.97078865909871E+03	-4.43487853997845E-01
 1.97079139699874E+03	-5.21160191656771E-01
 1.97079413489878E+03	-4.97250454276531E-01
 1.97079687279881E+03	-3.76165930964247E-01
 1.97079961069884E+03	-1.81025764087802E-01
 1.97080234859887E+03	 3.06182485892617E-02
 1.97080508649890E+03	 1.85928158356623E-01
 1.97080782439893E+03	 2.42759322824823E-01
 1.97081056229896E+03	 2.17160360253198E-01
 1.97081330019899E+03	 1.61275984806766E-01
 1.97081603809902E+03	 1.12119143082419E-01
 1.97081877599905E+03	 6.28115298958593E-02
 1.97082151389908E+03	-1.65152858379154E-02
 1.97082425179911E+03	-1.33995372018365E-01
 1.97082698969914E+03	-2.56556295167309E-01
 1.97082972759917E+03	-3.33808906966214E-01
 1.97083246549921E+03	-3.35221058736672E-01
 1.97083520339924E+03	-2.60557951112702E-01
 1.97083794129927E+03	-1.20764809136537E-01
 1.97084067919930E+03	 7.67975914304628E-02
 1.97084341709933E+03	 3.14121809920214E-01
 1.97084615499936E+03	 5.37697990099678E-01
 1.97084889289939E+03	 6.63541686464248E-01
 1.97085163079942E+03	 6.23732004317969E-01
 1.97085436869945E+03	 4.17384020856611E-01
 1.97085710659948E+03	 1.17056871789878E-01
 1.97085984449951E+03	-1.77195978884853E-01
 1.97086258239954E+03	-3.93477749317407E-01
 1.97086532029957E+03	-5.06323655534607E-01
 1.97086805819961E+03	-5.15481492515614E-01
 1.97087079609964E+03	-4.24330474308055E-01
 1.97087353399967E+03	-2.47406107375725E-01
 1.97087627189970E+03	-3.10068956415306E-02
 1.97087900979973E+03	 1.52031822444344E-01
 1.97088174769976E+03	 2.43022918519771E-01
 1.97088448559979E+03	 2.37147921142409E-01
 1.97088722349982E+03	 1.79704002030932E-01
 1.97088996139985E+03	 1.19971003267946E-01
 1.97089269929988E+03	 6.86827603753971E-02
 1.97089543719991E+03	 8.57061830559567E-04
 1.97089817509994E+03	-1.03117209291619E-01
 1.97090091299997E+03	-2.24741934238259E-01
 1.97090365090001E+03	-3.16875298590477E-01
 1.97090638880004E+03	-3.40700553789638E-01
 1.97090912670007E+03	-2.87781620707280E-01
 1.97091186460010E+03	-1.68410381538802E-01
 1.97091460250013E+03	 9.04794612856189E-03
 1.97091734040016E+03	 2.34194671056858E-01
 1.97092007830019E+03	 4.68688389897388E-01
 1.97092281620022E+03	 6.36598771429873E-01
 1.97092555410025E+03	 6.57984170391026E-01
 1.97092829200028E+03	 5.04463005040686E-01
 1.97093102990031E+03	 2.25445733418052E-01
 1.97093376780034E+03	-8.17725073897158E-02
 1.97093650570037E+03	-3.30519394651398E-01
 1.97093924360041E+03	-4.79517169676321E-01
 1.97094198150044E+03	-5.22814559224078E-01
 1.97094471940047E+03	-4.63529020079618E-01
 1.97094745730050E+03	-3.10421267614352E-01
 1.97095019520053E+03	-9.79813683687799E-02
 1.97095293310056E+03	 1.06355262586915E-01
 1.97095567100059E+03	 2.32624349743381E-01
 1.97095840890062E+03	 2.54299435822630E-01
 1.97096114680065E+03	 2.02961511807937E-01
 1.97096388470068E+03	 1.33784757562453E-01
 1.97096662260071E+03	 7.53613444223891E-02
 1.97096936050074E+03	 1.37032246740000E-02
 1.97097209840077E+03	-7.68929636524884E-02
 1.97097483630080E+03	-1.92953510445230E-01
 1.97097757420084E+03	-2.95241177943313E-01
 1.97098031210087E+03	-3.39767194337934E-01
 1.97098305000090E+03	-3.08680984665522E-01
 1.97098578790093E+03	-2.09234746344722E-01
 1.97098852580096E+03	-5.17400795449409E-02
 1.97099126370099E+03	 1.57134235947349E-01
 1.97099400160102E+03	 3.92698636935764E-01
 1.97099673950105E+03	 5.91702115625757E-01
 1.97099947740108E+03	 6.70015936545140E-01
 1.97100221530111E+03	 5.75592092809256E-01
 1.97100495320114E+03	 3.30663819371635E-01
 1.97100769110117E+03	 2.16548071894293E-02
 1.97101042900120E+03	-2.54821327779510E-01
 1.97101316690124E+03	-4.40149760484195E-01
 1.97101590480127E+03	-5.18740460112009E-01
 1.97101864270130E+03	-4.92658568723044E-01
 1.97102138060133E+03	-3.67548765707465E-01
 1.97102411850136E+03	-1.67213783453704E-01
 1.97102685640139E+03	 5.02894121662661E-02
 1.97102959430142E+03	 2.09867617365011E-01
 1.97103233220145E+03	 2.65072275293312E-01
 1.97103507010148E+03	 2.28589377681823E-01
 1.97103780800151E+03	 1.54033153200410E-01
 1.97104054590154E+03	 8.53251034040201E-02
 1.97104328380157E+03	 2.39411210157833E-02
 1.97104602170160E+03	-5.55271891540201E-02
 1.97104875960164E+03	-1.62808551794091E-01
 1.97105149750167E+03	-2.70228381023219E-01
 1.97105423540170E+03	-3.32788020034763E-01
 1.97105697330173E+03	-3.23397145615690E-01
 1.97105971120176E+03	-2.43697167790613E-01
 1.97106244910179E+03	-1.05452387387848E-01
 1.97106518700182E+03	 8.50688332190736E-02
 1.97106792490185E+03	 3.13759862920471E-01
 1.97107066280188E+03	 5.32418830965157E-01
 1.97107340070191E+03	 6.60166884283477E-01
 1.97107613860194E+03	 6.27351284276785E-01
 1.97107887650197E+03	 4.27805615041293E-01
 1.97108161440200E+03	 1.29634738506203E-01
 1.97108435230203E+03	-1.67327925470056E-01
 1.97108709020207E+03	-3.87780358854212E-01
 1.97108982810210E+03	-5.02742074614900E-01
 1.97109256600213E+03	-5.10947411918532E-01
 1.97109530390216E+03	-4.16746217297707E-01
 1.97109804180219E+03	-2.35541446671594E-01
 1.97110077970222E+03	-1.38515411418420E-02
 1.97110351760225E+03	 1.74206971372389E-01
 1.97110625550228E+03	 2.66291866914645E-01
 1.97110899340231E+03	 2.53367805145836E-01
 1.97111173130234E+03	 1.80005916382364E-01
 1.97111446920237E+03	 1.00494808947058E-01
 1.97111720710240E+03	 3.39066031215165E-02
 1.97111994500243E+03	-3.84325947857111E-02
 1.97112268290247E+03	-1.35553954903294E-01
 1.97112542080250E+03	-2.43348614216688E-01
 1.97112815870253E+03	-3.20382322403152E-01
 1.97113089660256E+03	-3.32021136964856E-01
 1.97113363450259E+03	-2.72180609666350E-01
 1.97113637240262E+03	-1.52384721753301E-01
 1.97113911030265E+03	 1.92819941037259E-02
 1.97114184820268E+03	 2.35393729294635E-01
 1.97114458610271E+03	 4.62859040654765E-01
 1.97114732400274E+03	 6.30180791607912E-01
 1.97115006190277E+03	 6.57553946296987E-01
 1.97115279980280E+03	 5.12137336012545E-01
 1.97115553770283E+03	 2.37920052987312E-01
 1.97115827560287E+03	-6.98805859505456E-02
 1.97116101350290E+03	-3.22317349944476E-01
 1.97116375140293E+03	-4.74287928670183E-01
 1.97116648930296E+03	-5.17825072351103E-01
 1.97116922720299E+03	-4.56477900761175E-01
 1.97117196510302E+03	-3.00009540276714E-01
 1.97117470300305E+03	-8.31126473504201E-02
 1.97117744090308E+03	 1.26290144082297E-01
 1.97118017880311E+03	 2.55542604596281E-01
 1.97118291670314E+03	 2.73712583289818E-01
 1.97118565460317E+03	 2.09852209019013E-01
 1.97118839250320E+03	 1.21917807979551E-01
 1.97119113040323E+03	 4.60147512089519E-02
 1.97119386830326E+03	-2.42859079993733E-02
 1.97119660620330E+03	-1.11873752186935E-01
 1.97119934410333E+03	-2.16142676961439E-01
 1.97120208200336E+03	-3.03456188134222E-01
 1.97120481990339E+03	-3.34690621177144E-01
 1.97120755780342E+03	-2.94928732142357E-01
 1.97121029570345E+03	-1.93032229366527E-01
 1.97121303360348E+03	-3.96984199916594E-02
 1.97121577150351E+03	 1.60376100998344E-01
 1.97121850940354E+03	 3.87256861657334E-01
 1.97122124730357E+03	 5.82986031047063E-01
 1.97122398520360E+03	 6.65448981016624E-01
 1.97122672310363E+03	 5.79537651877096E-01
 1.97122946100366E+03	 3.41750553806431E-01
 1.97123219890370E+03	 3.47184710539709E-02
 1.97123493680373E+03	-2.44239663738559E-01
 1.97123767470376E+03	-4.32906955818338E-01
 1.97124041260379E+03	-5.12807119528592E-01
 1.97124315050382E+03	-4.85658037924449E-01
 1.97124588840385E+03	-3.58073593159217E-01
 1.97124862630388E+03	-1.54224877867110E-01
 1.97125136420391E+03	 6.78559359836391E-02
 1.97125410210394E+03	 2.31453899402411E-01
 1.97125684000397E+03	 2.86117879090089E-01
 1.97125957790400E+03	 2.40777157079961E-01
 1.97126231580403E+03	 1.49561357842004E-01
 1.97126505370406E+03	 6.23900756310606E-02
 1.97126779160410E+03	-1.11992764911089E-02
 1.97127052950413E+03	-9.17632567997534E-02
 1.97127326740416E+03	-1.89982138139071E-01
 1.97127600530419E+03	-2.83171891615796E-01
 1.97127874320422E+03	-3.31693020429491E-01
 1.97128148110425E+03	-3.12052707912007E-01
 1.97128421900428E+03	-2.27906623061700E-01
 1.97128695690431E+03	-9.19305965330980E-02
 1.97128969480434E+03	 9.06209937668964E-02
 1.97129243270437E+03	 3.09576228211811E-01
 1.97129517060440E+03	 5.22358623572789E-01
 1.97129790850443E+03	 6.51768111635308E-01
 1.97130064640446E+03	 6.26894329282031E-01
 1.97130338430450E+03	 4.36234135513656E-01
 1.97130612220453E+03	 1.42766313154242E-01
 1.97130886010456E+03	-1.54795370919836E-01
 1.97131159800459E+03	-3.78336748554909E-01
 1.97131433590462E+03	-4.95429289684390E-01
 1.97131707380465E+03	-5.03539425085475E-01
 1.97131981170468E+03	-4.07706091352330E-01
 1.97132254960471E+03	-2.23925382769952E-01
 1.97132528750474E+03	 1.51100841408193E-03
 1.97132802540477E+03	 1.93848333174592E-01
 1.97133076330480E+03	 2.87585575446653E-01
 1.97133350120483E+03	 2.69366347898766E-01
 1.97133623910486E+03	 1.82247839372237E-01
 1.97133897700489E+03	 8.45185116462510E-02
 1.97134171490493E+03	 3.01062060964168E-03
 1.97134445280496E+03	-7.44984240682623E-02
 1.97134719070499E+03	-1.65867310780610E-01
 1.97134992860502E+03	-2.60849471211779E-01
 1.97135266650505E+03	-3.23544729729891E-01
 1.97135540440508E+03	-3.23595245155940E-01
 1.97135814230511E+03	-2.57408781729518E-01
 1.97136088020514E+03	-1.37846018743280E-01
 1.97136361810517E+03	 2.71866642036282E-02
 1.97136635600520E+03	 2.33189452057463E-01
 1.97136909390523E+03	 4.52514342294778E-01
 1.97137183180526E+03	 6.18612817647912E-01
 1.97137456970529E+03	 6.52403767902794E-01
 1.97137730760533E+03	 5.16780954071471E-01
 1.97138004550536E+03	 2.49851249567611E-01
 1.97138278340539E+03	-5.61334305695422E-02
 1.97138552130542E+03	-3.10720530939530E-01
 1.97138825920545E+03	-4.65253627266051E-01
 1.97139099710548E+03	-5.09584744902364E-01
 1.97139373500551E+03	-4.47406949179471E-01
 1.97139647290554E+03	-2.89226521877870E-01
 1.97139921080557E+03	-6.95734361292308E-02
 1.97140194870560E+03	 1.43739990911895E-01
 1.97140468660563E+03	 2.75984588174969E-01
 1.97140742450566E+03	 2.91994132369722E-01
 1.97141016240569E+03	 2.17743885583560E-01
 1.97141290030573E+03	 1.12972780573419E-01
 1.97141563820576E+03	 2.04903087983298E-02
 1.97141837610579E+03	-5.87149780481529E-02
 1.97142111400582E+03	-1.44259163181427E-01
 1.97142385190585E+03	-2.37812457834188E-01
 1.97142658980588E+03	-3.11021555244451E-01
 1.97142932770591E+03	-3.29628148855642E-01
 1.97143206560594E+03	-2.81771391920182E-01
 1.97143480350597E+03	-1.78033759089501E-01
 1.97143754140600E+03	-2.96122980048790E-02
 1.97144027930603E+03	 1.60663279899423E-01
 1.97144301720606E+03	 3.77684242445648E-01
 1.97144575510609E+03	 5.69197457699720E-01
 1.97144849300612E+03	 6.55732990545794E-01
 1.97145123090616E+03	 5.79535539727183E-01
 1.97145396880619E+03	 3.51163621972279E-01
 1.97145670670622E+03	 4.86679921648460E-02
 1.97145944460625E+03	-2.30815182800851E-01
 1.97146218250628E+03	-4.21953049828210E-01
 1.97146492040631E+03	-5.03359001768195E-01
 1.97146765830634E+03	-4.76135258893781E-01
 1.97147039620637E+03	-3.47601683150794E-01
 1.97147313410640E+03	-1.41995818720742E-01
 1.97147587200643E+03	 8.31930283029079E-02
 1.97147860990646E+03	 2.50295300310342E-01
 1.97148134780649E+03	 3.05260219147444E-01
 1.97148408570652E+03	 2.52993369432230E-01
 1.97148682360656E+03	 1.47253326317180E-01
 1.97148956150659E+03	 4.30004320340971E-02
 1.97149229940662E+03	-4.25943123090233E-02
 1.97149503730665E+03	-1.24979778513305E-01
 1.97149777520668E+03	-2.15202518924661E-01
 1.97150051310671E+03	-2.95126078483052E-01
 1.97150325100674E+03	-3.30353843481042E-01
 1.97150598890677E+03	-3.01071326354822E-01
 1.97150872680680E+03	-2.13057946548240E-01
 1.97151146470683E+03	-8.00173071557835E-02
 1.97151420260686E+03	 9.36695923642319E-02
 1.97151694050689E+03	 3.01727790819883E-01
 1.97151967840692E+03	 5.07484428858974E-01
 1.97152241630696E+03	 6.38022364664669E-01
 1.97152515420699E+03	 6.21749727354193E-01
 1.97152789210702E+03	 4.41892704430187E-01
 1.97153063000705E+03	 1.55698488250071E-01
 1.97153336790708E+03	-1.40166378671190E-01
 1.97153610580711E+03	-3.65462867388139E-01
 1.97153884370714E+03	-4.84475005571568E-01
 1.97154158160717E+03	-4.93193170753367E-01
 1.97154431950720E+03	-3.97073228441232E-01
 1.97154705740723E+03	-2.12439653084220E-01
 1.97154979530726E+03	 1.50699157234370E-02
 1.97155253320729E+03	 2.10712212605176E-01
 1.97155527110732E+03	 3.06396068973835E-01
 1.97155800900735E+03	 2.84463563452432E-01
 1.97156074690739E+03	 1.85770987797043E-01
 1.97156348480742E+03	 7.16009020977654E-02
 1.97156622270745E+03	-2.41352860097566E-02
 1.97156896060748E+03	-1.07206460988972E-01
 1.97157169850751E+03	-1.93796285063451E-01
 1.97157443640754E+03	-2.76991241047499E-01
 1.97157717430757E+03	-3.26181486354032E-01
 1.97157991220760E+03	-3.15297608672696E-01
 1.97158265010763E+03	-2.43334669083385E-01
 1.97158538800766E+03	-1.24601446499248E-01
 1.97158812590769E+03	 3.30187165277559E-02
 1.97159086380772E+03	 2.27829655872654E-01
 1.97159360170775E+03	 4.37760926768779E-01
 1.97159633960779E+03	 6.01729274263868E-01
 1.97159907750782E+03	 6.42045946874835E-01
 1.97160181540785E+03	 5.17661707738374E-01
 1.97160455330788E+03	 2.60440165054187E-01
 1.97160729120791E+03	-4.12085814661221E-02
 1.97161002910794E+03	-2.96171694712246E-01
 1.97161276700797E+03	-4.52611003967364E-01
 1.97161550490800E+03	-4.98099648482499E-01
 1.97161824280803E+03	-4.36206572684254E-01
 1.97162098070806E+03	-2.77928485082210E-01
 1.97162371860809E+03	-5.72873641188920E-02
 1.97162645650812E+03	 1.58599178057662E-01
 1.97162919440815E+03	 2.93588307064229E-01
 1.97163193230819E+03	 3.08557797719851E-01
 1.97163467020822E+03	 2.25977334213000E-01
 1.97163740810825E+03	 1.06418135709700E-01
 1.97164014600828E+03	-1.47584139165997E-03
 1.97164288390831E+03	-8.95700761731448E-02
 1.97164562180834E+03	-1.73860151325287E-01
 1.97164835970837E+03	-2.57733493278154E-01
 1.97165109760840E+03	-3.17754453199369E-01
 1.97165383550843E+03	-3.24450497448766E-01
 1.97165657340846E+03	-2.69080898583604E-01
 1.97165931130849E+03	-1.64048932699432E-01
 1.97166204920852E+03	-2.12043281060927E-02
 1.97166478710855E+03	 1.58311712893581E-01
 1.97166752500859E+03	 3.64213020526921E-01
 1.97167026290862E+03	 5.50334746099994E-01
 1.97167300080865E+03	 6.40534851121833E-01
 1.97167573870868E+03	 5.74944675749867E-01
 1.97167847660871E+03	 3.58101967929474E-01
 1.97168121450874E+03	 6.27428288150372E-02
 1.97168395240877E+03	-2.15112905119765E-01
 1.97168669030880E+03	-4.07602877336051E-01
 1.97168942820883E+03	-4.90491126451934E-01
 1.97169216610886E+03	-4.64031098447902E-01
 1.97169490400889E+03	-3.35992506319210E-01
 1.97169764190892E+03	-1.30393569490346E-01
 1.97170037980895E+03	 9.63127628805809E-02
 1.97170311770898E+03	 2.66179712704463E-01
 1.97170585560902E+03	 3.22039024936181E-01
 1.97170859350905E+03	 2.64627276105190E-01
 1.97171133140908E+03	 1.46531453631135E-01
 1.97171406930911E+03	 2.67815146831526E-02
 1.97171680720914E+03	-7.03511000676556E-02
 1.97171954510917E+03	-1.55074756220536E-01
 1.97172228300920E+03	-2.38280680283423E-01
 1.97172502090923E+03	-3.05916822628707E-01
 1.97172775880926E+03	-3.28642208468800E-01
 1.97173049670929E+03	-2.90333132528857E-01
 1.97173323460932E+03	-1.98973650813440E-01
 1.97173597250935E+03	-6.94337441514159E-02
 1.97173871040938E+03	 9.45733973212846E-02
 1.97174144830942E+03	 2.90550591488772E-01
 1.97174418620945E+03	 4.87953318859723E-01
 1.97174692410948E+03	 6.18771156816789E-01
 1.97174966200951E+03	 6.11409356374993E-01
 1.97175239990954E+03	 4.44026611157554E-01
 1.97175513780957E+03	 1.67624067796598E-01
 1.97175787570960E+03	-1.24113474064080E-01
 1.97176061360963E+03	-3.49595899510221E-01
 1.97176335150966E+03	-4.70078071608416E-01
 1.97176608940969E+03	-4.79920450762924E-01
 1.97176882730972E+03	-3.84736754119792E-01
 1.97177156520975E+03	-2.00926186854823E-01
 1.97177430310978E+03	 2.69270560248410E-02
 1.97177704100982E+03	 2.24727076971611E-01
 1.97177977890985E+03	 3.22408126349568E-01
 1.97178251680988E+03	 2.98139530246719E-01
 1.97178525470991E+03	 1.89998995999208E-01
 1.97178799260994E+03	 6.12891234455857E-02
 1.97179073050997E+03	-4.77500270321895E-02
 1.97179346841000E+03	-1.36550686851618E-01
 1.97179620631003E+03	-2.19207175138801E-01
 1.97179894421006E+03	-2.91619919538298E-01
 1.97180168211009E+03	-3.28170846969862E-01
 1.97180442001012E+03	-3.07020040353316E-01
 1.97180715791015E+03	-2.29801309735722E-01
 1.97180989581018E+03	-1.12387379279012E-01
 1.97181263371021E+03	 3.71542253399329E-02
 1.97181537161025E+03	 2.19726815142260E-01
 1.97181810951028E+03	 4.18898518491095E-01
 1.97182084741031E+03	 5.79553886236637E-01
 1.97182358531034E+03	 6.26138995477696E-01
 1.97182632321037E+03	 5.14119654013302E-01
 1.97182906111040E+03	 2.68877124245757E-01
 1.97183179901043E+03	-2.58607090780305E-02
 1.97183453691046E+03	-2.79226194369739E-01
 1.97183727481049E+03	-4.36672736865012E-01
 1.97184001271052E+03	-4.83469791586776E-01
 1.97184275061055E+03	-4.22818987748765E-01
 1.97184548851058E+03	-2.65962824570156E-01
 1.97184822641061E+03	-4.60950266165695E-02
 1.97185096431065E+03	 1.70916291750422E-01
 1.97185370221068E+03	 3.08188523429617E-01
 1.97185644011071E+03	 3.23006671065961E-01
 1.97185917801074E+03	 2.34023437098677E-01
 1.97186191591077E+03	 1.01762354717130E-01
 1.97186465381080E+03	-2.01951379245506E-02
 1.97186739171083E+03	-1.16942376655557E-01
 1.97187012961086E+03	-2.00610133090739E-01
 1.97187286751089E+03	-2.75783426536987E-01
 1.97187560541092E+03	-3.23545890949091E-01
 1.97187834331095E+03	-3.19063841055109E-01
 1.97188108121098E+03	-2.56725666288286E-01
 1.97188381911101E+03	-1.50842258626286E-01
 1.97188655701105E+03	-1.41048476412867E-02
 1.97188929491108E+03	 1.53780007428008E-01
 1.97189203281111E+03	 3.47260444383743E-01
 1.97189477071114E+03	 5.26598468714914E-01
 1.97189750861117E+03	 6.19702113175644E-01
 1.97190024651120E+03	 5.65244269894350E-01
 1.97190298441123E+03	 3.61802346863884E-01
 1.97190572231126E+03	 7.61414790224679E-02
 1.97190846021129E+03	-1.97792501763862E-01
 1.97191119811132E+03	-3.90286610271419E-01
 1.97191393601135E+03	-4.74405109810320E-01
 1.97191667391138E+03	-4.49360793318755E-01
 1.97191941181141E+03	-3.23126669136676E-01
 1.97192214971144E+03	-1.19234827261661E-01
 1.97192488761148E+03	 1.07355123453027E-01
 1.97192762551151E+03	 2.79083306167788E-01
 1.97193036341154E+03	 3.36199949889353E-01
 1.97193310131157E+03	 2.75237501576084E-01
 1.97193583921160E+03	 1.46908517621810E-01
 1.97193857711163E+03	 1.33574492130544E-02
 1.97194131501166E+03	-9.46505997497939E-02
 1.97194405291169E+03	-1.82055727564381E-01
 1.97194679081172E+03	-2.59136467843579E-01
 1.97194952871175E+03	-3.15454659416202E-01
 1.97195226661178E+03	-3.26481013733403E-01
 1.97195500451181E+03	-2.79734419726138E-01
 1.97195774241184E+03	-1.85455439375095E-01
 1.97196048031188E+03	-5.98369578776732E-02
 1.97196321821191E+03	 9.38065721309982E-02
 1.97196595611194E+03	 2.76547766717101E-01
 1.97196869401197E+03	 4.64125153029662E-01
 1.97197143191200E+03	 5.94060189326580E-01
 1.97197416981203E+03	 5.95527894535222E-01
 1.97197690771206E+03	 4.41968801850480E-01
 1.97197964561209E+03	 1.77738205249868E-01
 1.97198238351212E+03	-1.07376578638323E-01
 1.97198512141215E+03	-3.31279380706942E-01
 1.97198785931218E+03	-4.52550326303782E-01
 1.97199059721221E+03	-4.63825594269783E-01
 1.97199333511224E+03	-3.70634449148596E-01
 1.97199607301228E+03	-1.89210192766062E-01
 1.97199881091231E+03	 3.72800953568824E-02
 1.97200154881234E+03	 2.35990248101664E-01
 1.97200428671237E+03	 3.35515715990296E-01
 1.97200702461240E+03	 3.10071957833651E-01
 1.97200976251243E+03	 1.94491345124931E-01
 1.97201250041246E+03	 5.31775549476880E-02
 1.97201523831249E+03	-6.80882568393729E-02
 1.97201797621252E+03	-1.62613577182232E-01
 1.97202071411255E+03	-2.42070301365537E-01
 1.97202345201258E+03	-3.04672444539157E-01
 1.97202618991261E+03	-3.29454829237994E-01
 1.97202892781264E+03	-2.98687450771771E-01
 1.97203166571268E+03	-2.16652820810181E-01
 1.97203440361271E+03	-1.00903384735635E-01
 1.97203714151274E+03	 4.00544754398463E-02
 1.97203987941277E+03	 2.09434777690155E-01
 1.97204261731280E+03	 3.96418371963580E-01
 1.97204535521283E+03	 5.52325570868446E-01
 1.97204809311286E+03	 6.04537898077313E-01
 1.97205083101289E+03	 5.05630242201700E-01
 1.97205356891292E+03	 2.74402722336775E-01
 1.97205630681295E+03	-1.08760988815993E-02
 1.97205904471298E+03	-2.60527802083958E-01
 1.97206178261301E+03	-4.17863576501049E-01
 1.97206452051304E+03	-4.65900411543859E-01
 1.97206725841307E+03	-4.07258771626233E-01
 1.97206999631311E+03	-2.53192490255926E-01
 1.97207273421314E+03	-3.57765225501495E-02
 1.97207547211317E+03	 1.80880642623011E-01
 1.97207821001320E+03	 3.19819732816288E-01
 1.97208094791323E+03	 3.35157072893314E-01
 1.97208368581326E+03	 2.41526247894442E-01
 1.97208642371329E+03	 9.86083157199061E-02
 1.97208916161332E+03	-3.59720271156760E-02
 1.97209189951335E+03	-1.40983044659284E-01
 1.97209463741338E+03	-2.24534557048409E-01
 1.97209737531341E+03	-2.91931835627472E-01
 1.97210011321344E+03	-3.28359553228664E-01
 1.97210285111347E+03	-3.13421301001497E-01
 1.97210558901351E+03	-2.44594045003998E-01
 1.97210832691354E+03	-1.38166625278518E-01
 1.97211106481357E+03	-7.88979143654355E-03
 1.97211380271360E+03	 1.47637073863881E-01
 1.97211654061363E+03	 3.27413686420301E-01
 1.97211927851366E+03	 4.98402363843499E-01
 1.97212201641369E+03	 5.93301043849452E-01
 1.97212475431372E+03	 5.50090894808429E-01
 1.97212749221375E+03	 3.61601127439471E-01
 1.97213023011378E+03	 8.80735092221545E-02
 1.97213296801381E+03	-1.79575208673900E-01
 1.97213570591384E+03	-3.70537449481843E-01
 1.97213844381387E+03	-4.55414080553598E-01
 1.97214118171391E+03	-4.32230734956219E-01
 1.97214391961394E+03	-3.08929619412949E-01
 1.97214665751397E+03	-1.08311733765268E-01
 1.97214939541400E+03	 1.16566639441397E-01
 1.97215213331403E+03	 2.89161322931992E-01
 1.97215487121406E+03	 3.47704214858069E-01
 1.97215760911409E+03	 2.84582442444969E-01
 1.97216034701412E+03	 1.48034145470968E-01
 1.97216308491415E+03	 2.40391914121667E-03
 1.97216582281418E+03	-1.15699158286550E-01
 1.97216856071421E+03	-2.06003137387156E-01
 1.97217129861424E+03	-2.77776747976600E-01
 1.97217403651427E+03	-3.23727486687208E-01
 1.97217677441430E+03	-3.23850573975296E-01
 1.97217951231434E+03	-2.69206864963737E-01
 1.97218225021437E+03	-1.72315360307304E-01
 1.97218498811440E+03	-5.08590032719456E-02
 1.97218772601443E+03	 9.19198054597486E-02
 1.97219046391446E+03	 2.60362630020014E-01
 1.97219320181449E+03	 4.36558477301306E-01
 1.97219593971452E+03	 5.64163045635936E-01
 1.97219867761455E+03	 5.73970251201935E-01
 1.97220141551458E+03	 4.35199008103375E-01
 1.97220415341461E+03	 1.85294274239910E-01
 1.97220689131464E+03	-9.07221508747280E-02
 1.97220962921467E+03	-3.11142257807160E-01
 1.97221236711470E+03	-4.32314151687162E-01
 1.97221510501474E+03	-4.45117048275658E-01
 1.97221784291477E+03	-3.54773856436986E-01
 1.97222058081480E+03	-1.77126669181270E-01
 1.97222331871483E+03	 4.63958351726199E-02
 1.97222605661486E+03	 2.44748526926996E-01
 1.97222879451489E+03	 3.45817946682732E-01
 1.97223153241492E+03	 3.20152518772458E-01
 1.97223427031495E+03	 1.98978994295908E-01
 1.97223700821498E+03	 4.69553811151554E-02
 1.97223974611501E+03	-8.53913398304603E-02
 1.97224248401504E+03	-1.85524861522207E-01
 1.97224522191507E+03	-2.62431853265614E-01
 1.97224795981510E+03	-3.16163049938304E-01
 1.97225069771514E+03	-3.30039662197313E-01
 1.97225343561517E+03	-2.90271979742585E-01
 1.97225617351520E+03	-2.03761765744735E-01
 1.97225891141523E+03	-8.98504335605287E-02
 1.97226164931526E+03	 4.22233495079856E-02
 1.97226438721529E+03	 1.97612395163729E-01
 1.97226712511532E+03	 3.70985079333706E-01
 1.97226986301535E+03	 5.20506666662665E-01
 1.97227260091538E+03	 5.77328963281308E-01
 1.97227533881541E+03	 4.91857043649685E-01
 1.97227807671544E+03	 2.76364299412189E-01
 1.97228081461547E+03	 2.97408965795843E-03
 1.97228355251550E+03	-2.40779581597979E-01
 1.97228629041553E+03	-3.96709966891259E-01
 1.97228902831557E+03	-4.45707224488873E-01
 1.97229176621560E+03	-3.89629758428031E-01
 1.97229450411563E+03	-2.39521103144976E-01
 1.97229724201566E+03	-2.60807363234227E-02
 1.97229997991569E+03	 1.88795241846183E-01
 1.97230271781572E+03	 3.28699861781644E-01
 1.97230545571575E+03	 3.45040428410250E-01
 1.97230819361578E+03	 2.48325587071465E-01
 1.97231093151581E+03	 9.66924253865462E-02
 1.97231366941584E+03	-4.90574817783126E-02
 1.97231640731587E+03	-1.61859553052762E-01
 1.97231914521590E+03	-2.45717427047103E-01
 1.97232188311593E+03	-3.06220362263829E-01
 1.97232462101597E+03	-3.32226152018040E-01
 1.97232735891600E+03	-3.07531379779312E-01
 1.97233009681603E+03	-2.32616766697648E-01
 1.97233283471606E+03	-1.25798582547310E-01
 1.97233557261609E+03	-2.12431585758909E-03
 1.97233831051612E+03	 1.40519141656451E-01
 1.97234104841615E+03	 3.05399431707878E-01
 1.97234378631618E+03	 4.66366100831030E-01
 1.97234652421621E+03	 5.61636821785294E-01
 1.97234926211624E+03	 5.29361366583137E-01
 1.97235200001627E+03	 3.56987800626162E-01
 1.97235473791630E+03	 9.78095985363758E-02
 1.97235747581633E+03	-1.61207653408204E-01
 1.97236021371637E+03	-3.48973250323363E-01
 1.97236295161640E+03	-4.33940786851998E-01
 1.97236568951643E+03	-4.12849843297847E-01
 1.97236842741646E+03	-2.93393457634600E-01
 1.97237116531649E+03	-9.74212232329771E-02
 1.97237390321652E+03	 1.24268534162381E-01
 1.97237664111655E+03	 2.96721723316797E-01
 1.97237937901658E+03	 3.56716676774463E-01
 1.97238211691661E+03	 2.92628544155380E-01
 1.97238485481664E+03	 1.49722740119495E-01
 1.97238759271667E+03	-6.31112869300595E-03
 1.97239033061670E+03	-1.33685029523678E-01
 1.97239306851673E+03	-2.27033088070701E-01
 1.97239580641677E+03	-2.94269863812665E-01
 1.97239854431680E+03	-3.30788777800861E-01
 1.97240128221683E+03	-3.20790988690180E-01
 1.97240402011686E+03	-2.58734254142031E-01
 1.97240675801689E+03	-1.59406590966051E-01
 1.97240949591692E+03	-4.21490869221311E-02
 1.97241223381695E+03	 8.94937403019850E-02
 1.97241497171698E+03	 2.42738654992595E-01
 1.97241770961701E+03	 4.05988915313250E-01
 1.97242044751704E+03	 5.29585698721649E-01
 1.97242318541707E+03	 5.46841742850271E-01
 1.97242592331710E+03	 4.23390684025595E-01
 1.97242866121713E+03	 1.89654108049225E-01
 1.97243139911716E+03	-7.49018052523692E-02
 1.97243413701720E+03	-2.89873042799437E-01
 1.97243687491723E+03	-4.09893046712971E-01
 1.97243961281726E+03	-4.24112250517433E-01
 1.97244235071729E+03	-3.37249217744694E-01
 1.97244508861732E+03	-1.64547499673429E-01
 1.97244782651735E+03	 5.45764164166503E-02
 1.97245056441738E+03	 2.51364525732674E-01
 1.97245330231741E+03	 3.53594929083902E-01
 1.97245604021744E+03	 3.28480551016027E-01
 1.97245877811747E+03	 2.03379044970783E-01
 1.97246151601750E+03	 4.24384725185413E-02
 1.97246425391753E+03	-9.98470252209681E-02
 1.97246699181756E+03	-2.05422575356114E-01
 1.97246972971760E+03	-2.80383700523578E-01
 1.97247246761763E+03	-3.26165618072775E-01
 1.97247520551766E+03	-3.29991963623443E-01
 1.97247794341769E+03	-2.81803509428253E-01
 1.97248068131772E+03	-1.91054286235241E-01
 1.97248341921775E+03	-7.89694501167486E-02
 1.97248615711778E+03	 4.41601402390669E-02
 1.97248889501781E+03	 1.84976976351544E-01
 1.97249163291784E+03	 3.43402638278711E-01
 1.97249437081787E+03	 4.84771855041401E-01
 1.97249710871790E+03	 5.44845301405584E-01
 1.97249984661793E+03	 4.72688789183043E-01
 1.97250258451796E+03	 2.74262959943473E-01
 1.97250532241800E+03	 1.49779432594370E-02
 1.97250806031803E+03	-2.20711728026525E-01
 1.97251079821806E+03	-3.73823174546159E-01
 1.97251353611809E+03	-4.23314194639905E-01
 1.97251627401812E+03	-3.70135905067062E-01
 1.97251901191815E+03	-2.24915853025029E-01
 1.97252174981818E+03	-1.67583368991079E-02
 1.97252448771821E+03	 1.95038868196822E-01
 1.97252722561824E+03	 3.35196307025324E-01
 1.97252996351827E+03	 3.52883181388595E-01
 1.97253270141830E+03	 2.54457295063511E-01
 1.97253543931833E+03	 9.59050764066888E-02
 1.97253817721836E+03	-5.96148644956869E-02
 1.97254091511839E+03	-1.79717541138207E-01
 1.97254365301843E+03	-2.64267990871539E-01
 1.97254639091846E+03	-3.18739856658929E-01
 1.97254912881849E+03	-3.35233546991990E-01
 1.97255186671852E+03	-3.01462052342636E-01
 1.97255460461855E+03	-2.20785682375206E-01
 1.97255734251858E+03	-1.13571638422392E-01
 1.97256008041861E+03	 3.59208774549455E-03
 1.97256281831864E+03	 1.33079949058643E-01
 1.97256555621867E+03	 2.82040428248242E-01
 1.97256829411870E+03	 4.31289830317047E-01
 1.97257103201873E+03	 5.25253375221854E-01
 1.97257376991876E+03	 5.03177144258069E-01
 1.97257650781879E+03	 3.47645336600368E-01
 1.97257924571883E+03	 1.04725446047987E-01
 1.97258198361886E+03	-1.43425166643100E-01
 1.97258472151889E+03	-3.26272828610860E-01
 1.97258745941892E+03	-4.10508072319536E-01
 1.97259019731895E+03	-3.91533558711062E-01
 1.97259293521898E+03	-2.76594104730876E-01
 1.97259567311901E+03	-8.63947930205597E-02
 1.97259841101904E+03	 1.30817618370987E-01
 1.97260114891907E+03	 3.02184346371963E-01
 1.97260388681910E+03	 3.63573704948534E-01
 1.97260662471913E+03	 2.99536015341795E-01
 1.97260936261916E+03	 1.51960612329741E-01
 1.97261210051919E+03	-1.29023952712695E-02
 1.97261483841923E+03	-1.48743817759171E-01
 1.97261757631926E+03	-2.45262894866944E-01
 1.97262031421929E+03	-3.08718641944007E-01
 1.97262305211932E+03	-3.36742072289528E-01
 1.97262579001935E+03	-3.17399864841151E-01
 1.97262852791938E+03	-2.48364448113814E-01
 1.97263126581941E+03	-1.46650315554942E-01
 1.97263400371944E+03	-3.34143369224889E-02
 1.97263674161947E+03	 8.70890879726865E-02
 1.97263947951950E+03	 2.24469789446067E-01
 1.97264221741953E+03	 3.73291546010151E-01
 1.97264495531956E+03	 4.91050910726873E-01
 1.97264769321959E+03	 5.14497969926988E-01
 1.97265043111962E+03	 4.06441534252768E-01
 1.97265316901966E+03	 1.90328463180564E-01
 1.97265590691969E+03	-6.06134462798112E-02
 1.97265864481972E+03	-2.68190486582174E-01
 1.97266138271975E+03	-3.85895071864195E-01
 1.97266412061978E+03	-4.01234358566146E-01
 1.97266685851981E+03	-3.18251830137692E-01
 1.97266959641984E+03	-1.51406002844774E-01
 1.97267233431987E+03	 6.21219515497326E-02
 1.97267507221990E+03	 2.56272197233803E-01
 1.97267781011993E+03	 3.59266161865750E-01
 1.97268054801996E+03	 3.35335147995927E-01
 1.97268328591999E+03	 2.07787537193760E-01
 1.97268602382002E+03	 3.95830061248102E-02
 1.97268876172006E+03	-1.11561318351588E-01
 1.97269149962009E+03	-2.22419852377951E-01
 1.97269423752012E+03	-2.96033765738348E-01
 1.97269697542015E+03	-3.34793298141713E-01
 1.97269971332018E+03	-3.29430404324074E-01
 1.97270245122021E+03	-2.73374809132867E-01
 1.97270518912024E+03	-1.78529878876102E-01
 1.97270792702027E+03	-6.80760079380423E-02
 1.97271066492030E+03	 4.63124625446514E-02
 1.97271340282033E+03	 1.72251838114396E-01
 1.97271614072036E+03	 3.14567624944127E-01
 1.97271887862039E+03	 4.45978446195270E-01
 1.97272161652042E+03	 5.07661337843747E-01
 1.97272435442046E+03	 4.48257476554551E-01
 1.97272709232049E+03	 2.67787345124004E-01
 1.97272983022052E+03	 2.45210583707346E-02
 1.97273256812055E+03	-2.01048352653517E-01
 1.97273530602058E+03	-3.49876445390518E-01
 1.97273804392061E+03	-3.99243025108832E-01
 1.97274078182064E+03	-3.49084211958478E-01
 1.97274351972067E+03	-2.09425320447395E-01
 1.97274625762070E+03	-7.59486090538240E-03
 1.97274899552073E+03	 2.00021239620881E-01
 1.97275173342076E+03	 3.39777946050915E-01
 1.97275447132079E+03	 3.59067140485952E-01
 1.97275720922082E+03	 2.60131689937112E-01
 1.97275994712086E+03	 9.62910570560455E-02
 1.97276268502089E+03	-6.77008936217252E-02
 1.97276542292092E+03	-1.94651451598929E-01
 1.97276816082095E+03	-2.80290389958402E-01
 1.97277089872098E+03	-3.29606242462244E-01
 1.97277363662101E+03	-3.37512931442006E-01
 1.97277637452104E+03	-2.95339324381259E-01
 1.97277911242107E+03	-2.09166179895935E-01
 1.97278185032110E+03	-1.01403717235549E-01
 1.97278458822113E+03	 9.58368989011684E-03
 1.97278732612116E+03	 1.25938904404382E-01
 1.97279006402119E+03	 2.58202914279335E-01
 1.97279280192122E+03	 3.94112677553645E-01
 1.97279553982125E+03	 4.84912827090207E-01
 1.97279827772129E+03	 4.71908258938036E-01
 1.97280101562132E+03	 3.33474287559198E-01
 1.97280375352135E+03	 1.08336398073455E-01
 1.97280649142138E+03	-1.26916915116293E-01
 1.97280922932141E+03	-3.03148073146602E-01
 1.97281196722144E+03	-3.85721578820574E-01
 1.97281470512147E+03	-3.68699149157564E-01
 1.97281744302150E+03	-2.58701424147113E-01
 1.97282018092153E+03	-7.51252576292785E-02
 1.97282291882156E+03	 1.36564166486463E-01
 1.97282565672159E+03	 3.06029957031763E-01
 1.97282839462162E+03	 3.68734464922617E-01
 1.97283113252165E+03	 3.05623975869997E-01
 1.97283387042169E+03	 1.54892308241196E-01
 1.97283660832172E+03	-1.73595295245903E-02
 1.97283934622175E+03	-1.60935611679446E-01
 1.97284208412178E+03	-2.60782253506647E-01
 1.97284482202181E+03	-3.21233996484450E-01
 1.97284755992184E+03	-3.41722549961575E-01
 1.97285029782187E+03	-3.13824780012062E-01
 1.97285303572190E+03	-2.38214558663988E-01
 1.97285577362193E+03	-1.34055334620798E-01
 1.97285851152196E+03	-2.44547413749336E-02
 1.97286124942199E+03	 8.51984214812154E-02
 1.97286398732202E+03	 2.06345781370476E-01
 1.97286672522205E+03	 3.39430704399809E-01
 1.97286946312209E+03	 4.49464026057154E-01
 1.97287220102212E+03	 4.77533830283274E-01
 1.97287493892215E+03	 3.84485522448183E-01
 1.97287767682218E+03	 1.87004975560296E-01
 1.97288041472221E+03	-4.84673644154334E-02
 1.97288315262224E+03	-2.46812357792100E-01
 1.97288589052227E+03	-3.60989644492338E-01
 1.97288862842230E+03	-3.77000183845111E-01
 1.97289136632233E+03	-2.98072013851064E-01
 1.97289410422236E+03	-1.37715885898435E-01
 1.97289684212239E+03	 6.92937504423734E-02
 1.97289958002242E+03	 2.59926345837594E-01
 1.97290231792245E+03	 3.63336002634044E-01
 1.97290505582248E+03	 3.41128983900576E-01
 1.97290779372252E+03	 2.12451809369995E-01
 1.97291053162255E+03	 3.84802498651393E-02
 1.97291326952258E+03	-1.20544588091261E-01
 1.97291600742261E+03	-2.36580052341567E-01
 1.97291874532264E+03	-3.09479204528457E-01
 1.97292148322267E+03	-3.42176641571405E-01
 1.97292422112270E+03	-3.28512813545427E-01
 1.97292695902273E+03	-2.65139894069653E-01
 1.97292969692276E+03	-1.66273035778737E-01
 1.97293243482279E+03	-5.70871613545792E-02
 1.97293517272282E+03	 4.90341574543523E-02
 1.97293791062285E+03	 1.60113054909759E-01
 1.97294064852288E+03	 2.85413898345249E-01
 1.97294338642292E+03	 4.05120932992982E-01
 1.97294612432295E+03	 4.66567289010535E-01
 1.97294886222298E+03	 4.18936663002928E-01
 1.97295160012301E+03	 2.56832142214586E-01
 1.97295433802304E+03	 3.11166498808231E-02
 1.97295707592307E+03	-1.82475062512886E-01
 1.97295981382310E+03	-3.25577197394207E-01
 1.97296255172313E+03	-3.74094366649066E-01
 1.97296528962316E+03	-3.26878564438644E-01
 1.97296802752319E+03	-1.93189765454043E-01
 1.97297076542322E+03	 1.55994214743012E-03
 1.97297350332325E+03	 2.04136171799047E-01
 1.97297624122328E+03	 3.42958334857692E-01
 1.97297897912332E+03	 3.64074763999077E-01
 1.97298171702335E+03	 2.65693085125374E-01
 1.97298445492338E+03	 9.80306859587487E-02
 1.97298719282341E+03	-7.32627832518162E-02
 1.97298993072344E+03	-2.06686086855667E-01
 1.97299266862347E+03	-2.93858532993245E-01
 1.97299540652350E+03	-3.38936697480558E-01
 1.97299814442353E+03	-3.39221561912130E-01
 1.97300088232356E+03	-2.89339455703095E-01
 1.97300362022359E+03	-1.97901154590281E-01
 1.97300635812362E+03	-8.93153634184790E-02
 1.97300909602365E+03	 1.60643498834352E-02
 1.97301183392368E+03	 1.19632398637279E-01
 1.97301457182371E+03	 2.34740002019626E-01
 1.97301730972375E+03	 3.55859251271874E-01
 1.97302004762378E+03	 4.41556916037160E-01
 1.97302278552381E+03	 4.36157248648406E-01
 1.97302552342384E+03	 3.14599599113708E-01
 1.97302826132387E+03	 1.08320954050693E-01
 1.97303099922390E+03	-1.12294735036262E-01
 1.97303373712393E+03	-2.80313233721413E-01
 1.97303647502396E+03	-3.60245259795206E-01
 1.97303921292399E+03	-3.44851886929076E-01
 1.97304195082402E+03	-2.39980553455339E-01
 1.97304468872405E+03	-6.35872306831189E-02
 1.97304742662408E+03	 1.41811442598829E-01
 1.97305016452411E+03	 3.08744710213725E-01
 1.97305290242415E+03	 3.72721006577917E-01
 1.97305564032418E+03	 3.11319199038031E-01
 1.97305837822421E+03	 1.58788310911186E-01
 1.97306111612424E+03	-1.95567245715348E-02
 1.97306385402427E+03	-1.70235258396553E-01
 1.97306659192430E+03	-2.73632089109116E-01
 1.97306932982433E+03	-3.31910925779238E-01
 1.97307206772436E+03	-3.45876620204080E-01
 1.97307480562439E+03	-3.10250275432669E-01
 1.97307754352442E+03	-2.28467876873414E-01
 1.97308028142445E+03	-1.21727673418991E-01
 1.97308301932448E+03	-1.51882944765839E-02
 1.97308575722451E+03	 8.42045986776824E-02
 1.97308849512455E+03	 1.89097883803820E-01
 1.97309123302458E+03	 3.05402137270836E-01
 1.97309397092461E+03	 4.05863806056331E-01
 1.97309670882464E+03	 4.36753539152385E-01
 1.97309944672467E+03	 3.57886493192237E-01
 1.97310218462470E+03	 1.79562492682448E-01
 1.97310492252473E+03	-3.89589459855280E-02
 1.97310766042476E+03	-2.26423878749278E-01
 1.97311039832479E+03	-3.35878743235422E-01
 1.97311313622482E+03	-3.51999554003714E-01
 1.97311587412485E+03	-2.77091714884396E-01
 1.97311861202488E+03	-1.23582095154211E-01
 1.97312134992491E+03	 7.62823127780194E-02
 1.97312408782495E+03	 2.62751624938568E-01
 1.97312682572498E+03	 3.66332182332573E-01
 1.97312956362501E+03	 3.46349128405405E-01
 1.97313230152504E+03	 2.17725969472826E-01
 1.97313503942507E+03	 3.93338997110068E-02
 1.97313777732510E+03	-1.26712436428458E-01
 1.97314051522513E+03	-2.47901871107205E-01
 1.97314325312516E+03	-3.20784219965769E-01
 1.97314599102519E+03	-3.48441536494351E-01
 1.97314872892522E+03	-3.27419051727537E-01
 1.97315146682525E+03	-2.57304797560948E-01
 1.97315420472528E+03	-1.54454749111114E-01
 1.97315694262531E+03	-4.60371494996108E-02
 1.97315968052534E+03	 5.25526494783045E-02
 1.97316241842538E+03	 1.49140712316347E-01
 1.97316515632541E+03	 2.56854271492909E-01
 1.97316789422544E+03	 3.63274488051192E-01
 1.97317063212547E+03	 4.22526786630944E-01
 1.97317337002550E+03	 3.85321339315982E-01
 1.97317610792553E+03	 2.41501161957456E-01
 1.97317884582556E+03	 3.44263681565496E-02
 1.97318158372559E+03	-1.65608851288612E-01
 1.97318432162562E+03	-3.01635625491829E-01
 1.97318705952565E+03	-3.48521551972372E-01
 1.97318979742568E+03	-3.04004281943844E-01
 1.97319253532571E+03	-1.76442207410365E-01
 1.97319527322574E+03	 1.07699624138274E-02
 1.97319801112578E+03	 2.07717872907108E-01
 1.97320074902581E+03	 3.45236254970851E-01
 1.97320348692584E+03	 3.68425443589132E-01
 1.97320622482587E+03	 2.71565149570986E-01
 1.97320896272590E+03	 1.01404388655759E-01
 1.97321170062593E+03	-7.61509788641263E-02
 1.97321443852595E+03	-2.15770078303961E-01
 1.97321717642599E+03	-3.04997853824248E-01
 1.97321991432602E+03	-3.46827647713560E-01
 1.97322265222605E+03	-3.40522819671705E-01
 1.97322539012608E+03	-2.83674663426150E-01
 1.97322812802611E+03	-1.87205256010615E-01
 1.97323086592614E+03	-7.74362004408747E-02
 1.97323360382618E+03	 2.31148578568825E-02
 1.97323634172621E+03	 1.14573202335419E-01
 1.97323907962624E+03	 2.12436588393367E-01
 1.97324181752627E+03	 3.17579548864100E-01
 1.97324455542630E+03	 3.96254713941607E-01
 1.97324729332633E+03	 3.96725773065692E-01
 1.97325003122636E+03	 2.91361061770516E-01
 1.97325276912639E+03	 1.04532724865511E-01
 1.97325550702642E+03	-1.00066916475236E-01
 1.97325824492645E+03	-2.58452911067440E-01
 1.97326098282648E+03	-3.34770966627090E-01
 1.97326372072651E+03	-3.20562591111695E-01
 1.97326645862654E+03	-2.20783632127436E-01
 1.97326919652657E+03	-5.18487428211618E-02
 1.97327193442661E+03	 1.46781389351813E-01
 1.97327467232664E+03	 3.10766039030997E-01
 1.97327741022667E+03	 3.76053676392340E-01
 1.97328014812670E+03	 3.17094239714376E-01
 1.97328288602673E+03	 1.63998124575804E-01
 1.97328562392676E+03	-1.92778099725342E-02
 1.97328836182679E+03	-1.76535895502472E-01
 1.97329109972682E+03	-2.83792364596629E-01
 1.97329383762685E+03	-3.40808456228985E-01
 1.97329657552688E+03	-3.49340669741008E-01
 1.97329931342691E+03	-3.06879742419401E-01
 1.97330205132694E+03	-2.19361968153489E-01
 1.97330478922697E+03	-1.09868495122358E-01
 1.97330752712701E+03	-5.66337194220667E-03
 1.97331026502704E+03	 8.43501228469065E-02
 1.97331300292707E+03	 1.73350293510032E-01
 1.97331574082710E+03	 2.72173239424648E-01
 1.97331847872713E+03	 3.61363501297081E-01
 1.97332121662716E+03	 3.93125505695541E-01
 1.97332395452719E+03	 3.27215507140714E-01
 1.97332669242722E+03	 1.68072247291889E-01
 1.97332943032725E+03	-3.24487631933692E-02
 1.97333216822728E+03	-2.07647279222517E-01
 1.97333490612731E+03	-3.11264078239255E-01
 1.97333764402734E+03	-3.26867193727275E-01
 1.97334038192737E+03	-2.55767759909155E-01
 1.97334311982741E+03	-1.09201913345632E-01
 1.97334585772744E+03	 8.31837508058441E-02
 1.97334859562747E+03	 2.65096537914425E-01
 1.97335133352750E+03	 3.68743973881648E-01
 1.97335407142753E+03	 3.51491350752445E-01
 1.97335680932756E+03	 2.24014634727967E-01
 1.97335954722759E+03	 4.24230249003555E-02
 1.97336228512762E+03	-1.29900418211628E-01
 1.97336502302765E+03	-2.56315114345259E-01
 1.97336776092768E+03	-3.29963930342366E-01
 1.97337049882771E+03	-3.53688307591504E-01
 1.97337323672774E+03	-3.26330476241409E-01
 1.97337597462777E+03	-2.50110800452032E-01
 1.97337871252780E+03	-1.43322958370636E-01
 1.97338145042784E+03	-3.50798599190827E-02
 1.97338418832787E+03	 5.69492595153025E-02
 1.97338692622790E+03	 1.39779501210558E-01
 1.97338966412793E+03	 2.29724854166128E-01
 1.97339240202796E+03	 3.21533145633070E-01
 1.97339513992799E+03	 3.76622482505260E-01
 1.97339787782802E+03	 3.48192644717083E-01
 1.97340061572805E+03	 2.22096455851117E-01
 1.97340335362808E+03	 3.42716994004652E-02
 1.97340609152811E+03	-1.50971492097625E-01
 1.97340882942814E+03	-2.78731390191461E-01
 1.97341156732817E+03	-3.23198397227899E-01
 1.97341430522820E+03	-2.81004139275718E-01
 1.97341704312824E+03	-1.59499602735960E-01
 1.97341978102827E+03	 2.00004518008084E-02
 1.97342251892830E+03	 2.11005127484754E-01
 1.97342525682833E+03	 3.47039947380246E-01
 1.97342799472836E+03	 3.72609640012289E-01
 1.97343073262839E+03	 2.78188182642048E-01
 1.97343347052842E+03	 1.06744992194661E-01
 1.97343620842845E+03	-7.61454415946274E-02
 1.97343894632848E+03	-2.21781162540344E-01
 1.97344168422851E+03	-3.13675035554682E-01
 1.97344442212854E+03	-3.53336005990028E-01
 1.97344716002857E+03	-3.41564779380952E-01
 1.97344989792860E+03	-2.78572897687017E-01
 1.97345263582864E+03	-1.77349210463426E-01
 1.97345537372867E+03	-6.59983994274074E-02
 1.97345811162870E+03	 3.06743757950659E-02
 1.97346084952873E+03	 1.11022024465820E-01
 1.97346358742876E+03	 1.91961135025919E-01
 1.97346632532879E+03	 2.80288187099973E-01
 1.97346906322882E+03	 3.50142184353820E-01
 1.97347180112885E+03	 3.54568187742170E-01
 1.97347453902888E+03	 2.64289917970942E-01
 1.97347727692891E+03	 9.70015375934667E-02
 1.97348001482894E+03	-9.06176736040936E-02
 1.97348275272897E+03	-2.38190339229293E-01
 1.97348549062900E+03	-3.09983938748532E-01
 1.97348822852904E+03	-2.96437919402077E-01
 1.97349096642907E+03	-2.01532133780719E-01
 1.97349370432910E+03	-4.00723758881393E-02
 1.97349644222913E+03	 1.51590263063124E-01
 1.97349918012916E+03	 3.12435701862358E-01
 1.97350191802919E+03	 3.79188695158418E-01
 1.97350465592922E+03	 3.23401631329504E-01
 1.97350739382925E+03	 1.70894067589387E-01
 1.97351013172928E+03	-1.62536332292828E-02
 1.97351286962931E+03	-1.79664702960091E-01
 1.97351560752934E+03	-2.91179394911369E-01
 1.97351834542937E+03	-3.47934850228608E-01
 1.97352108332940E+03	-3.52220363800475E-01
 1.97352382122943E+03	-3.03913245668034E-01
 1.97352655912947E+03	-2.11168373512491E-01
 1.97352929702950E+03	-9.87598981824470E-02
 1.97353203492953E+03	 3.94329354066847E-03
 1.97353477282956E+03	 8.57205930643291E-02
 1.97353751072959E+03	 1.59582017580308E-01
 1.97354024862962E+03	 2.40627130658593E-01
 1.97354298652965E+03	 3.17088086857651E-01
 1.97354572442968E+03	 3.47727168830559E-01
 1.97354846232971E+03	 2.93215405753587E-01
 1.97355120022974E+03	 1.52787471383754E-01
 1.97355393812977E+03	-2.91501644462244E-02
 1.97355667602980E+03	-1.91013806750381E-01
 1.97355941392983E+03	-2.87812174663072E-01
 1.97356215182987E+03	-3.02248977905989E-01
 1.97356488972990E+03	-2.34606769118860E-01
 1.97356762762993E+03	-9.48557294225714E-02
 1.97357036552996E+03	 8.99873288803653E-02
 1.97357310342999E+03	 2.67197314716157E-01
 1.97357584133002E+03	 3.70966481707026E-01
 1.97357857923005E+03	 3.56994856319800E-01
 1.97358131713008E+03	 2.31711078933484E-01
 1.97358405503011E+03	 4.80549270012044E-02
 1.97358679293014E+03	-1.29890534987525E-01
 1.97358953083017E+03	-2.61686966418248E-01
 1.97359226873020E+03	-3.36975308494430E-01
 1.97359500663023E+03	-3.57973444521787E-01
 1.97359774453027E+03	-3.25407378819452E-01
 1.97360048243030E+03	-2.43811101813100E-01
 1.97360322033033E+03	-1.33182266998158E-01
 1.97360595823036E+03	-2.44773572642186E-02
 1.97360869613039E+03	 6.21546082934216E-02
 1.97361143403042E+03	 1.32312464168748E-01
 1.97361417193045E+03	 2.04737329452818E-01
 1.97361690983048E+03	 2.80948636302328E-01
 1.97361964773051E+03	 3.29995295837950E-01
 1.97362238563054E+03	 3.08471800223610E-01
 1.97362512353057E+03	 1.99095995612943E-01
 1.97362786143060E+03	 3.06365793252768E-02
 1.97363059933063E+03	-1.38967361381291E-01
 1.97363333723066E+03	-2.57480285377737E-01
 1.97363607513070E+03	-2.98783231625095E-01
 1.97363881303073E+03	-2.58447522179109E-01
 1.97364155093076E+03	-1.42744509307895E-01
 1.97364428883079E+03	 2.91171641954696E-02
 1.97364702673082E+03	 2.14117175023500E-01
 1.97364976463085E+03	 3.48680801125871E-01
 1.97365250253088E+03	 3.77027711324251E-01
 1.97365524043091E+03	 2.85954954274794E-01
 1.97365797833094E+03	 1.14382970262621E-01
 1.97366071623097E+03	-7.29923472680887E-02
 1.97366345413100E+03	-2.24542229227368E-01
 1.97366619203103E+03	-3.19796235774789E-01
 1.97366892993106E+03	-3.58465021632122E-01
 1.97367166783110E+03	-3.42458869284241E-01
 1.97367440573113E+03	-2.74253107900585E-01
 1.97367714363116E+03	-1.68635195483828E-01
 1.97367988153119E+03	-5.53173335391360E-02
 1.97368261943122E+03	 3.85470825564875E-02
 1.97368535733125E+03	 1.09074011565783E-01
 1.97368809523128E+03	 1.73828804147171E-01
 1.97369083313131E+03	 2.44908630513109E-01
 1.97369357103134E+03	 3.04359497385145E-01
 1.97369630893137E+03	 3.10737147179669E-01
 1.97369904683140E+03	 2.34075021053643E-01
 1.97370178473143E+03	 8.59251116466378E-02
 1.97370452263146E+03	-8.41926883777340E-02
 1.97370726053150E+03	-2.20057650088945E-01
 1.97370999843153E+03	-2.86526499794876E-01
 1.97371273633156E+03	-2.73085570172284E-01
 1.97371547423159E+03	-1.82691033348631E-01
 1.97371821213162E+03	-2.85054716785442E-02
 1.97372095003165E+03	 1.56236842677869E-01
 1.97372368793168E+03	 3.13964796329913E-01
 1.97372642583171E+03	 3.82464271915320E-01
 1.97372916373174E+03	 3.30610967510618E-01
 1.97373190163177E+03	 1.79811723447035E-01
 1.97373463953180E+03	-1.02075991043637E-02
 1.97373737743183E+03	-1.79408892606662E-01
 1.97374011533186E+03	-2.95652551152406E-01
 1.97374285323189E+03	-3.53239172886597E-01
 1.97374559113193E+03	-3.54572144208468E-01
 1.97374832903196E+03	-3.01523013478133E-01
 1.97375106693199E+03	-2.04165427465688E-01
 1.97375380483202E+03	-8.87395443880925E-02
 1.97375654273205E+03	 1.33431448315302E-02
 1.97375928063208E+03	 8.82439154407985E-02
 1.97376201853211E+03	 1.48102655948732E-01
 1.97376475643214E+03	 2.11515640300839E-01
 1.97376749433217E+03	 2.74113515411214E-01
 1.97377023223220E+03	 3.01685304429149E-01
 1.97377297013223E+03	 2.56756757487906E-01
 1.97377570803226E+03	 1.34123678088352E-01
 1.97377844593229E+03	-2.91241185577801E-02
 1.97378118383233E+03	-1.76939538451864E-01
 1.97378392173236E+03	-2.66119657875066E-01
 1.97378665963239E+03	-2.78765049528609E-01
 1.97378939753242E+03	-2.14133644842476E-01
 1.97379213543245E+03	-8.08880375991275E-02
 1.97379487333248E+03	 9.65755446538588E-02
 1.97379761123251E+03	 2.69155310884822E-01
 1.97380034913254E+03	 3.73256638975800E-01
 1.97380308703257E+03	 3.63184075401008E-01
 1.97380582493260E+03	 2.41136161635924E-01
 1.97380856283263E+03	 5.65128961806981E-02
 1.97381130073266E+03	-1.26446555034288E-01
 1.97381403863269E+03	-2.63837852416988E-01
 1.97381677653273E+03	-3.41715841949181E-01
 1.97381951443276E+03	-3.61295503527501E-01
 1.97382225233279E+03	-3.24766304720464E-01
 1.97382499023282E+03	-2.38642850635027E-01
 1.97382772813285E+03	-1.24364526401268E-01
 1.97383046603288E+03	-1.45752812862356E-02
 1.97383320393291E+03	 6.79596721922248E-02
 1.97383594183294E+03	 1.26850263040213E-01
 1.97383867973297E+03	 1.82443367386057E-01
 1.97384141763300E+03	 2.42475344739017E-01
 1.97384415553303E+03	 2.83782974269177E-01
 1.97384689343306E+03	 2.67168001711460E-01
 1.97384963133309E+03	 1.73122897164605E-01
 1.97385236923313E+03	 2.36621467816841E-02
 1.97385510713316E+03	-1.29866582050206E-01
 1.97385784503319E+03	-2.38403018370090E-01
 1.97386058293322E+03	-2.75881818697196E-01
 1.97386332083325E+03	-2.36895155426801E-01
 1.97386605873328E+03	-1.26598670182319E-01
 1.97386879663331E+03	 3.78971838778515E-02
 1.97387153453334E+03	 2.17043689467720E-01
 1.97387427243337E+03	 3.50321051609214E-01
 1.97387701033340E+03	 3.81939506277619E-01
 1.97387974823343E+03	 2.95151573558345E-01
 1.97388248613346E+03	 1.24590265170297E-01
 1.97388522403349E+03	-6.64473440191742E-02
 1.97388796193352E+03	-2.23846384333981E-01
 1.97389069983356E+03	-3.23213858985307E-01
 1.97389343773359E+03	-3.62156019742383E-01
 1.97389617563362E+03	-3.43260566556278E-01
 1.97389891353365E+03	-2.70898197091045E-01
 1.97390165143368E+03	-1.61365375659947E-01
 1.97390438933371E+03	-4.57610135646356E-02
 1.97390712723374E+03	 4.64235210224858E-02
 1.97390986513377E+03	 1.08661378787655E-01
 1.97391260303380E+03	 1.58379096835887E-01
 1.97391534093383E+03	 2.12227213554281E-01
 1.97391807883386E+03	 2.59991632280594E-01
 1.97392081673389E+03	 2.66326329563257E-01
 1.97392355463392E+03	 2.01522178839578E-01
 1.97392629253396E+03	 7.16529280217033E-02
 1.97392903043399E+03	-8.08910782064688E-02
 1.97393176833402E+03	-2.04469974253473E-01
 1.97393450623405E+03	-2.64962648821304E-01
 1.97393724413408E+03	-2.51077181792122E-01
 1.97393998203411E+03	-1.64736950680201E-01
 1.97394271993414E+03	-1.74601886534167E-02
 1.97394545783417E+03	 1.60604370628498E-01
 1.97394819573420E+03	 3.15414094450640E-01
 1.97395093363423E+03	 3.86060488376594E-01
 1.97395367153426E+03	 3.38955072281776E-01
 1.97395640943429E+03	 1.90993024274850E-01
 1.97395914733432E+03	-9.04741244298119E-04
 1.97396188523436E+03	-1.75549280876814E-01
 1.97396462313439E+03	-2.97029669636138E-01
 1.97396736103442E+03	-3.56610066780698E-01
 1.97397009893445E+03	-3.56388746812896E-01
 1.97397283683448E+03	-2.99828930939376E-01
 1.97397557473451E+03	-1.98606681735081E-01
 1.97397831263454E+03	-8.01663664704525E-02
 1.97398105053457E+03	 2.21653902487857E-02
 1.97398378843460E+03	 9.17053010878849E-02
 1.97398652633463E+03	 1.39044081970895E-01
 1.97398926423466E+03	 1.85425080428937E-01
 1.97399200213469E+03	 2.33413080700875E-01
 1.97399474003472E+03	 2.56116994349101E-01
 1.97399747793475E+03	 2.18789315967001E-01
 1.97400021583479E+03	 1.12631893108115E-01
 1.97400295373482E+03	-3.22810726707117E-02
 1.97400569163485E+03	-1.65706471415641E-01
 1.97400842953488E+03	-2.46681324249048E-01
 1.97401116743491E+03	-2.56972787450389E-01
 1.97401390533494E+03	-1.94856311481141E-01
 1.97401664323497E+03	-6.76803510412386E-02
 1.97401938113500E+03	 1.02736728290199E-01
 1.97402211903503E+03	 2.70930023741389E-01
 1.97402485693506E+03	 3.75705072926985E-01
 1.97402759483509E+03	 3.70223116586083E-01
 1.97403033273512E+03	 2.52484036773698E-01
 1.97403307063515E+03	 6.80040472569686E-02
 1.97403580853519E+03	-1.19354671986090E-01
 1.97403854643522E+03	-2.62565399362320E-01
 1.97404128433525E+03	-3.44030183048597E-01
 1.97404402223528E+03	-3.63586723163926E-01
 1.97404676013531E+03	-3.24459577038818E-01
 1.97404949803534E+03	-2.34797263896446E-01
 1.97405223593537E+03	-1.17193038196567E-01
 1.97405497383540E+03	-5.76737404826312E-03
 1.97405771173543E+03	 7.40414224047559E-02
 1.97406044963546E+03	 1.23336723916588E-01
 1.97406318753549E+03	 1.63213961497145E-01
 1.97406592543552E+03	 2.06925781235565E-01
 1.97406866333555E+03	 2.39062987495071E-01
 1.97407140123559E+03	 2.25324704137999E-01
 1.97407413913562E+03	 1.44909049445903E-01
 1.97407687703565E+03	 1.36344894946138E-02
 1.97407961493568E+03	-1.23794507433433E-01
 1.97408235283571E+03	-2.21898469312538E-01
 1.97408509073574E+03	-2.55012211287569E-01
 1.97408782863577E+03	-2.16862441612914E-01
 1.97409056653580E+03	-1.11490909923306E-01
 1.97409330443583E+03	 4.60503658589780E-02
 1.97409604233586E+03	 2.19649685622086E-01
 1.97409878023589E+03	 3.51958418713530E-01
 1.97410151813592E+03	 3.87429457485089E-01
 1.97410425603595E+03	 3.05909070851895E-01
 1.97410699393598E+03	 1.37528150746808E-01
 1.97410973183602E+03	-5.63211792833173E-02
 1.97411246973605E+03	-2.19488691264397E-01
 1.97411520763608E+03	-3.23741444846433E-01
 1.97411794553611E+03	-3.64287133181368E-01
 1.97412068343614E+03	-3.43954289359105E-01
 1.97412342133617E+03	-2.68628477614189E-01
 1.97412615923620E+03	-1.55806709840423E-01
 1.97412889713623E+03	-3.77112175226564E-02
 1.97413163503626E+03	 5.39146144842462E-02
 1.97413437293629E+03	 1.09571723978226E-01
 1.97413711083632E+03	 1.45769572744674E-01
 1.97413984873635E+03	 1.82860421849622E-01
 1.97414258663638E+03	 2.18016848787541E-01
 1.97414532453642E+03	 2.22414799102870E-01
 1.97414806243645E+03	 1.67509998268462E-01
 1.97415080033648E+03	 5.46637349327251E-02
 1.97415353823651E+03	-8.06642954249235E-02
 1.97415627613654E+03	-1.91705439324078E-01
 1.97415901403657E+03	-2.45746520043535E-01
 1.97416175193660E+03	-2.30912179064607E-01
 1.97416448983663E+03	-1.48123186893094E-01
 1.97416722773666E+03	-7.28536470387858E-03
 1.97416996563669E+03	 1.64475863967490E-01
 1.97417270353672E+03	 3.16691334680976E-01
 1.97417544143675E+03	 3.89976580246258E-01
 1.97417817933678E+03	 3.48490310634519E-01
 1.97418091723682E+03	 2.04537404050837E-01
 1.97418365513685E+03	 1.18003619112699E-02
 1.97418639303688E+03	-1.67898339794216E-01
 1.97418913093691E+03	-2.95109959812602E-01
 1.97419186883694E+03	-3.57882257174692E-01
 1.97419460673697E+03	-3.57590581811323E-01
 1.97419734463700E+03	-2.98876784011381E-01
 1.97420008253703E+03	-1.94688230295084E-01
 1.97420282043706E+03	-7.33807488682828E-02
 1.97420555833709E+03	 2.99967975346391E-02
 1.97420829623712E+03	 9.57764784103995E-02
 1.97421103413715E+03	 1.32368344583773E-01
 1.97421377203718E+03	 1.62757178266509E-01
 1.97421650993722E+03	 1.95814790868793E-01
 1.97421924783725E+03	 2.12075618693915E-01
 1.97422198573728E+03	 1.80292604972033E-01
 1.97422472363731E+03	 8.89668165576152E-02
 1.97422746153734E+03	-3.83897876811379E-02
 1.97423019943737E+03	-1.57450558809939E-01
 1.97423293733740E+03	-2.29863792606556E-01
 1.97423567523743E+03	-2.37332932605148E-01
 1.97423841313746E+03	-1.77229967019224E-01
 1.97424115103749E+03	-5.56186557925679E-02
 1.97424388893752E+03	 1.08188754022727E-01
 1.97424662683755E+03	 2.72348073332393E-01
 1.97424936473758E+03	 3.78226212572927E-01
 1.97425210263761E+03	 3.78087024740212E-01
 1.97425484053765E+03	 2.65779728764126E-01
 1.97425757843768E+03	 8.26121618369706E-02
 1.97426031633771E+03	-1.08465744521635E-01
 1.97426305423774E+03	-2.57674496302738E-01
 1.97426579213777E+03	-3.43724620177622E-01
 1.97426853003780E+03	-3.64711728070874E-01
 1.97427126793783E+03	-3.24459559077460E-01
 1.97427400583786E+03	-2.32391150356445E-01
 1.97427674373789E+03	-1.11944073285510E-01
 1.97427948163792E+03	 1.54736483654175E-03
 1.97428221953795E+03	 8.00004834266328E-02
 1.97428495743798E+03	 1.21569762239143E-01
 1.97428769533801E+03	 1.47234858160555E-01
 1.97429043323805E+03	 1.74939572745272E-01
 1.97429317113808E+03	 1.96803719305673E-01
 1.97429590903811E+03	 1.83968023851255E-01
 1.97429864693814E+03	 1.15255576837452E-01
 1.97430138483817E+03	 9.65957852710267E-04
 1.97430412273820E+03	-1.20728751325581E-01
 1.97430686063823E+03	-2.08223948041343E-01
 1.97430959853826E+03	-2.36574782085608E-01
 1.97431233643829E+03	-1.98784850473790E-01
 1.97431507433832E+03	-9.78224633995123E-02
 1.97431781223835E+03	 5.32491237168554E-02
 1.97432055013838E+03	 2.21694519065393E-01
 1.97432328803841E+03	 3.53428754613808E-01
 1.97432602593845E+03	 3.93390186995041E-01
 1.97432876383848E+03	 3.18170122230578E-01
 1.97433150173851E+03	 1.53204001196329E-01
 1.97433423963854E+03	-4.25234816411753E-02
 1.97433697753857E+03	-2.11301856100809E-01
 1.97433971543860E+03	-3.21175740726274E-01
 1.97434245333863E+03	-3.64679795727491E-01
 1.97434519123866E+03	-3.44444639407954E-01
 1.97434792913869E+03	-2.67478807919914E-01
 1.97435066703872E+03	-1.52155841521165E-01
 1.97435340493875E+03	-3.15202661298322E-02
 1.97435614283878E+03	 6.05949574425472E-02
 1.97435888073881E+03	 1.11479994444228E-01
 1.97436161863884E+03	 1.35985580995424E-01
 1.97436435653888E+03	 1.57237380365855E-01
 1.97436709443891E+03	 1.79266368825190E-01
 1.97436983233894E+03	 1.80016632423462E-01
 1.97437257023897E+03	 1.32944985128411E-01
 1.97437530813900E+03	 3.55377945827052E-02
 1.97437804603903E+03	-8.33226531519563E-02
 1.97438078393906E+03	-1.81893205663175E-01
 1.97438352183909E+03	-2.29197774127863E-01
 1.97438625973912E+03	-2.12986031808875E-01
 1.97438899763915E+03	-1.33245078010755E-01
 1.97439173553918E+03	 1.66689708366151E-03
 1.97439447343921E+03	 1.67560941248332E-01
 1.97439721133924E+03	 3.17565266433988E-01
 1.97439994923928E+03	 3.94027370068392E-01
 1.97440268713931E+03	 3.59074540119144E-01
 1.97440542503934E+03	 2.20365515577928E-01
 1.97440816293937E+03	 2.79212462015361E-02
 1.97441090083940E+03	-1.56339375212955E-01
 1.97441363873943E+03	-2.89702701567784E-01
 1.97441637663946E+03	-3.56850844064916E-01
 1.97441911453949E+03	-3.58024603661942E-01
 1.97442185243952E+03	-2.98622133179888E-01
 1.97442459033955E+03	-1.92518697889577E-01
 1.97442732823958E+03	-6.86633910765058E-02
 1.97443006613961E+03	 3.64276664830178E-02
 1.97443280403964E+03	 1.00056095944837E-01
 1.97443554193968E+03	 1.27890510777185E-01
 1.97443827983971E+03	 1.43725951097540E-01
 1.97444101773974E+03	 1.61972264636193E-01
 1.97444375563977E+03	 1.70505178169774E-01
 1.97444649353980E+03	 1.42228551256304E-01
 1.97444923143983E+03	 6.38514912158566E-02
 1.97445196933986E+03	-4.70933026350867E-02
 1.97445470723989E+03	-1.52158385261103E-01
 1.97445744513992E+03	-2.15887518749966E-01
 1.97446018303995E+03	-2.20182243948218E-01
 1.97446292093998E+03	-1.61624400734435E-01
 1.97446565884001E+03	-4.50587741704649E-02
 1.97446839674004E+03	 1.12611190979094E-01
 1.97447113464007E+03	 2.73126787550755E-01
 1.97447387254011E+03	 3.80567092197897E-01
 1.97447661044014E+03	 3.86552210060855E-01
 1.97447934834017E+03	 2.80852392180402E-01
 1.97448208624020E+03	 1.00259868167235E-01
 1.97448482414023E+03	-9.37353393248879E-02
 1.97448756204026E+03	-2.49011021219270E-01
 1.97449029994029E+03	-3.40588646553473E-01
 1.97449303784032E+03	-3.64474291925971E-01
 1.97449577574035E+03	-3.24650069106556E-01
 1.97449851364038E+03	-2.31443378338450E-01
 1.97450125154041E+03	-1.08809977348770E-01
 1.97450398944044E+03	 7.01045131693037E-03
 1.97450672734047E+03	 8.54069723004674E-02
 1.97450946524051E+03	 1.21235281756598E-01
 1.97451220314054E+03	 1.34517653753229E-01
 1.97451494104057E+03	 1.46967495011537E-01
 1.97451767894060E+03	 1.57826728666286E-01
 1.97452041684063E+03	 1.44060158517668E-01
 1.97452315474066E+03	 8.49920908543535E-02
 1.97452589264069E+03	-1.38295386415565E-02
 1.97452863054072E+03	-1.20504945528937E-01
 1.97453136844075E+03	-1.97484854652017E-01
 1.97453410634078E+03	-2.20830590112403E-01
 1.97453684424081E+03	-1.82988888028183E-01
 1.97453958214084E+03	-8.59333399681794E-02
 1.97454232004087E+03	 5.91632977790782E-02
 1.97454505794091E+03	 2.22862633962725E-01
 1.97454779584094E+03	 3.54425895917522E-01
 1.97455053374097E+03	 3.99525733368552E-01
 1.97455327164100E+03	 3.31673792679802E-01
 1.97455600954103E+03	 1.71440901875221E-01
 1.97455874744106E+03	-2.51007404376710E-02
 1.97456148534109E+03	-1.99192822091187E-01
 1.97456422324112E+03	-3.15324451519953E-01
 1.97456696114115E+03	-3.63113214874223E-01
 1.97456969904118E+03	-3.44555810754754E-01
 1.97457243694121E+03	-2.67382558018637E-01
 1.97457517484124E+03	-1.50508216211162E-01
 1.97457791274127E+03	-2.74680894962734E-02
 1.97458065064131E+03	 6.60509412654471E-02
 1.97458338854134E+03	 1.13990719628308E-01
 1.97458612644137E+03	 1.28864391171065E-01
 1.97458886434140E+03	 1.35597966516292E-01
 1.97459160224143E+03	 1.44397302383330E-01
 1.97459434014146E+03	 1.40038489645742E-01
 1.97459707804149E+03	 9.87181006408033E-02
 1.97459981594152E+03	 1.49247983981432E-02
 1.97460255384155E+03	-8.85500967863895E-02
 1.97460529174158E+03	-1.75011494327033E-01
 1.97460802964161E+03	-2.15486763527072E-01
 1.97461076754164E+03	-1.97566296290586E-01
 1.97461350544167E+03	-1.20409313402023E-01
 1.97461624334170E+03	 9.07629010943721E-03
 1.97461898124174E+03	 1.69531053959127E-01
 1.97462171914177E+03	 3.17694510846528E-01
 1.97462445704180E+03	 3.97858666154630E-01
 1.97462719494183E+03	 3.70364440954088E-01
 1.97462993284186E+03	 2.38198742228490E-01
 1.97463267074189E+03	 4.73066440377995E-02
 1.97463540864192E+03	-1.40863374019721E-01
 1.97463814654195E+03	-2.80659503835268E-01
 1.97464088444198E+03	-3.53292796347869E-01
 1.97464362234201E+03	-3.57471768569339E-01
 1.97464636024204E+03	-2.98922416536230E-01
 1.97464909814207E+03	-1.92095715286679E-01
 1.97465183604210E+03	-6.61974822956348E-02
 1.97465457394214E+03	 4.10991680756581E-02
 1.97465731184217E+03	 1.04117137097690E-01
 1.97466004974220E+03	 1.25313736923629E-01
 1.97466278764223E+03	 1.28369786210155E-01
 1.97466552554226E+03	 1.32350281912586E-01
 1.97466826344229E+03	 1.32205197324545E-01
 1.97467100134232E+03	 1.05498447507664E-01
 1.97467373924235E+03	 3.80398480804854E-02
 1.97467647714238E+03	-5.79320652573108E-02
 1.97467921504241E+03	-1.49673896239331E-01
 1.97468195294244E+03	-2.04819595411040E-01
 1.97468469084247E+03	-2.05715766841974E-01
 1.97468742874250E+03	-1.48297902873881E-01
 1.97469016664254E+03	-3.62934027953901E-02
 1.97469290454257E+03	 1.15682259542497E-01
 1.97469564244260E+03	 2.72909511330764E-01
 1.97469838034263E+03	 3.82333425543858E-01
 1.97470111824266E+03	 3.95206530195459E-01
 1.97470385614269E+03	 2.97326540747652E-01
 1.97470659404272E+03	 1.20683594851287E-01
 1.97470933194275E+03	-7.52579568577957E-02
 1.97471206984278E+03	-2.36496414606931E-01
 1.97471480774281E+03	-3.34422250340373E-01
 1.97471754564284E+03	-3.62632455999889E-01
 1.97472028354287E+03	-3.24826867548118E-01
 1.97472302144290E+03	-2.31859616514069E-01
 1.97472575934293E+03	-1.07868262728510E-01
 1.97472849724297E+03	 1.03476712023083E-02
 1.97473123514300E+03	 8.98497755324312E-02
 1.97473397304303E+03	 1.21950383459147E-01
 1.97473671094306E+03	 1.24924680666662E-01
 1.97473944884309E+03	 1.23270650122788E-01
 1.97474218674312E+03	 1.22781697638773E-01
 1.97474492464315E+03	 1.06459999643136E-01
 1.97474766254318E+03	 5.49364282703699E-02
 1.97475040044321E+03	-3.01667417608883E-02
 1.97475313834324E+03	-1.22832039550819E-01
 1.97475587624327E+03	-1.89635653477023E-01
 1.97475861414330E+03	-2.07890766742928E-01
 1.97476135204333E+03	-1.69671902442224E-01
 1.97476408994337E+03	-7.60734245669600E-02
 1.97476682784340E+03	 6.34961981376842E-02
 1.97476956574343E+03	 2.22802470428895E-01
 1.97477230364346E+03	 3.54536195142976E-01
 1.97477504154349E+03	 4.05373597953874E-01
 1.97477777944352E+03	 3.45959445952669E-01
 1.97478051734355E+03	 1.91862836555967E-01
 1.97478325524358E+03	-4.26498820342241E-03
 1.97478599314361E+03	-1.83177059308075E-01
 1.97478873104364E+03	-3.06037569632594E-01
 1.97479146894367E+03	-3.59346284351427E-01
 1.97479420684370E+03	-3.44040292462463E-01
 1.97479694474373E+03	-2.68165082150327E-01
 1.97479968264377E+03	-1.50835396211718E-01
 1.97480242054380E+03	-2.57244284508056E-02
 1.97480515844383E+03	 6.99286529301393E-02
 1.97480789634386E+03	 1.16686090323830E-01
 1.97481063424389E+03	 1.24130785614076E-01
 1.97481337214392E+03	 1.18005561342320E-01
 1.97481611004395E+03	 1.13879625070906E-01
 1.97481884794398E+03	 1.03246978086615E-01
 1.97482158584401E+03	 6.56646438687092E-02
 1.97482432374404E+03	-6.49152531651702E-03
 1.97482706164407E+03	-9.59274048560860E-02
 1.97482979954410E+03	-1.70896914630887E-01
 1.97483253744413E+03	-2.04631653358317E-01
 1.97483527534416E+03	-1.84779298603403E-01
 1.97483801324420E+03	-1.09810678791464E-01
 1.97484075114423E+03	 1.46870772537528E-02
 1.97484348904426E+03	 1.70059092265431E-01
 1.97484622694429E+03	 3.16667816649365E-01
 1.97484896484432E+03	 4.00979611897617E-01
 1.97485170274435E+03	 3.81832125214860E-01
 1.97485444064438E+03	 2.57556309973551E-01
 1.97485717854441E+03	 6.96200583977085E-02
 1.97485991644444E+03	-1.21600181360925E-01
 1.97486265434447E+03	-2.67907446373060E-01
 1.97486539224450E+03	-3.46994295198807E-01
 1.97486813014453E+03	-3.55663348608544E-01
 1.97487086804456E+03	-2.99539184062230E-01
 1.97487360594460E+03	-1.93292246775731E-01
 1.97487634384463E+03	-6.60386985276202E-02
 1.97487908174466E+03	 4.37469303168553E-02
 1.97488181964469E+03	 1.07556413440400E-01
 1.97488455754472E+03	 1.24272719658034E-01
 1.97488729544475E+03	 1.16576650842107E-01
 1.97489003334478E+03	 1.07224845406668E-01
 1.97489277124481E+03	 9.78075204234791E-02
 1.97489550914484E+03	 7.09060939253158E-02
 1.97489824704487E+03	 1.22785578603166E-02
 1.97490098494490E+03	-7.03737866053219E-02
 1.97490372284493E+03	-1.49715832855746E-01
 1.97490646074496E+03	-1.96578927651174E-01
 1.97490919864500E+03	-1.93981065207385E-01
 1.97491193654503E+03	-1.37380828174903E-01
 1.97491467444506E+03	-2.95245762510923E-02
 1.97491741234509E+03	 1.17116392483373E-01
 1.97492015024512E+03	 2.71308581048205E-01
 1.97492288814515E+03	 3.83029872777874E-01
 1.97492562604518E+03	 4.03477660201840E-01
 1.97492836394521E+03	 3.14631909492670E-01
 1.97493110184524E+03	 1.43423653422410E-01
 1.97493383974527E+03	-5.32922478183674E-02
 1.97493657764530E+03	-2.20160046255829E-01
 1.97493931554533E+03	-3.25066846790544E-01
 1.97494205344536E+03	-3.58921399285816E-01
 1.97494479134540E+03	-3.24708248916554E-01
 1.97494752924543E+03	-2.33427957558503E-01
 1.97495026714546E+03	-1.09060658579960E-01
 1.97495300504549E+03	 1.14058957479117E-02
 1.97495574294552E+03	 9.29840806378768E-02
 1.97495848084555E+03	 1.23311327893354E-01
 1.97496121874558E+03	 1.18204595326787E-01
 1.97496395664561E+03	 1.03933622045109E-01
 1.97496669454564E+03	 9.21346526629429E-02
 1.97496943244567E+03	 7.18925443239739E-02
 1.97497217034570E+03	 2.58565573595096E-02
 1.97497490824573E+03	-4.74237368023523E-02
 1.97497764614576E+03	-1.27317107646807E-01
 1.97498038404579E+03	-1.84493082465790E-01
 1.97498312194583E+03	-1.97718667489160E-01
 1.97498585984586E+03	-1.58893261305203E-01
 1.97498859774589E+03	-6.83816863726578E-02
 1.97499133564592E+03	 6.60177113951567E-02
 1.97499407354595E+03	 2.21169128856792E-01
 1.97499681144598E+03	 3.53283812319725E-01
 1.97499954934601E+03	 4.10343059168843E-01
 1.97500228724604E+03	 3.60389240132033E-01
 1.97500502514607E+03	 2.13896845773277E-01
 1.97500776304610E+03	 1.95895608220393E-02
 1.97501050094613E+03	-1.63407377129599E-01
 1.97501323884616E+03	-2.93239635840385E-01
 1.97501597674619E+03	-3.53145504643661E-01
 1.97501871464623E+03	-3.42596986430649E-01
 1.97502145254626E+03	-2.69548440547836E-01
 1.97502419044629E+03	-1.52973828867408E-01
 1.97502692834632E+03	-2.63206478025085E-02
 1.97502966624635E+03	 7.19763989198866E-02
 1.97503240414638E+03	 1.19174875048615E-01
 1.97503514204641E+03	 1.21440162846234E-01
 1.97503787994644E+03	 1.04372239864252E-01
 1.97504061784647E+03	 8.79969184337548E-02
 1.97504335574650E+03	 7.02469632047438E-02
 1.97504609364653E+03	 3.45291967430537E-02
 1.97504883154656E+03	-2.80306266906492E-02
 1.97505156944659E+03	-1.04963110084894E-01
 1.97505430734663E+03	-1.69265298303129E-01
 1.97505704524666E+03	-1.96508559231285E-01
 1.97505978314669E+03	-1.74609359472403E-01
 1.97506252104672E+03	-1.01519051454775E-01
 1.97506525894675E+03	 1.83347881543879E-02
 1.97506799684678E+03	 1.68858898179807E-01
 1.97507073474681E+03	 3.14051225856554E-01
 1.97507347264684E+03	 4.02808405231472E-01
 1.97507621054687E+03	 3.92799190395196E-01
 1.97507894844690E+03	 2.77770230608001E-01
 1.97508168634693E+03	 9.43338474117133E-02
 1.97508442424696E+03	-9.88409938582843E-02
 1.97508716214699E+03	-2.51480101623227E-01
 1.97508990004702E+03	-3.37781776541875E-01
 1.97509263794706E+03	-3.52305323083299E-01
 1.97509537584709E+03	-3.00151267159798E-01
 1.97509811374712E+03	-1.95855165876533E-01
 1.97510085164715E+03	-6.80968435004556E-02
 1.97510358954718E+03	 4.42360275764163E-02
 1.97510632744721E+03	 1.10040954900415E-01
 1.97510906534724E+03	 1.24380922262437E-01
 1.97511180324727E+03	 1.08119273532301E-01
 1.97511454114730E+03	 8.66965034502289E-02
 1.97511727904733E+03	 6.77654990961476E-02
 1.97512001694736E+03	 3.91286863808001E-02
 1.97512275484739E+03	-1.27300261466569E-02
 1.97512549274742E+03	-8.38487023098577E-02
 1.97512823064746E+03	-1.51905344411750E-01
 1.97513096854749E+03	-1.90954099224561E-01
 1.97513370644752E+03	-1.84885596429430E-01
 1.97513644434755E+03	-1.28870970343027E-01
 1.97513918224758E+03	-2.48448072934246E-02
 1.97514192014761E+03	 1.16698146113911E-01
 1.97514465804764E+03	 2.67951213023968E-01
 1.97514739594767E+03	 3.82110129355190E-01
 1.97515013384770E+03	 4.10676750740278E-01
 1.97515287174773E+03	 3.32030949290668E-01
 1.97515560964776E+03	 1.67830502404823E-01
 1.97515834754779E+03	-2.82746709871077E-02
 1.97516108544782E+03	-2.00166280546581E-01
 1.97516382334786E+03	-3.12437156781382E-01
 1.97516656124789E+03	-3.53082451399650E-01
 1.97516929914792E+03	-3.23955590171897E-01
 1.97517203704795E+03	-2.35826866118120E-01
 1.97517477494798E+03	-1.12185108037940E-01
 1.97517751284801E+03	 1.01786730737779E-02
 1.97518025074804E+03	 9.45721057252865E-02
 1.97518298864807E+03	 1.24941260524624E-01
 1.97518572654810E+03	 1.14034698010333E-01
 1.97518846444813E+03	 8.88893786843481E-02
 1.97519120234816E+03	 6.61691388867180E-02
 1.97519394024819E+03	 4.09282777969054E-02
 1.97519667814822E+03	-1.56347014233113E-03
 1.97519941604825E+03	-6.49793242781694E-02
 1.97520215394829E+03	-1.33498430387304E-01
 1.97520489184832E+03	-1.81761138377728E-01
 1.97520762974835E+03	-1.90145184610977E-01
 1.97521036764838E+03	-1.50578287988713E-01
 1.97521310554841E+03	-6.28760567429708E-02
 1.97521584344844E+03	 6.65906754970759E-02
 1.97521858134847E+03	 2.17666062042715E-01
 1.97522131924850E+03	 3.50181896812653E-01
 1.97522405714853E+03	 4.13765766549418E-01
 1.97522679504856E+03	 3.74186979724202E-01
 1.97522953294859E+03	 2.36792073394979E-01
 1.97523227084862E+03	 4.58837250981640E-02
 1.97523500874865E+03	-1.40194361327636E-01
 1.97523774664869E+03	-2.76959916055033E-01
 1.97524048454872E+03	-3.44316604869307E-01
 1.97524322244875E+03	-3.39897677087734E-01
 1.97524596034878E+03	-2.71167814077055E-01
 1.97524869824881E+03	-1.56627088753139E-01
 1.97525143614884E+03	-2.91346741207491E-02
 1.97525417404887E+03	 7.20771997138095E-02
 1.97525691194890E+03	 1.21137091456538E-01
 1.97525964984893E+03	 1.20424588370108E-01
 1.97526238774896E+03	 9.44932548597833E-02
 1.97526512564899E+03	 6.68596322686083E-02
 1.97526786354902E+03	 4.14713802464450E-02
 1.97527060144905E+03	 5.93736719500903E-03
 1.97527333934909E+03	-4.90520542440670E-02
 1.97527607724912E+03	-1.15130285727460E-01
 1.97527881514915E+03	-1.69742809869425E-01
 1.97528155304918E+03	-1.90874277333845E-01
 1.97528429094921E+03	-1.66911111155627E-01
 1.97528702884924E+03	-9.54783990544354E-02
 1.97528976674927E+03	 1.99637125517180E-02
 1.97529250464930E+03	 1.65720289340308E-01
 1.97529524254933E+03	 3.09437099020149E-01
 1.97529798044936E+03	 4.02726672255581E-01
 1.97530071834939E+03	 4.02484861494253E-01
 1.97530345624942E+03	 2.98016789541431E-01
 1.97530619414945E+03	 1.20738659442833E-01
 1.97530893204949E+03	-7.30497625085867E-02
 1.97531166994952E+03	-2.31543368291342E-01
 1.97531440784955E+03	-3.25553858066749E-01
 1.97531714574958E+03	-3.47108969148332E-01
 1.97531988364961E+03	-3.00378344726637E-01
 1.97532262154964E+03	-1.99417069793021E-01
 1.97532535944967E+03	-7.21317049498888E-02
 1.97532809734970E+03	 4.25833879566038E-02
 1.97533083524973E+03	 1.11346433537047E-01
 1.97533357314976E+03	 1.25276696651918E-01
 1.97533631104979E+03	 1.02696385739797E-01
 1.97533904894982E+03	 7.07147465999522E-02
 1.97534178684985E+03	 4.23553338033158E-02
 1.97534452474988E+03	 1.06968014749423E-02
 1.97534726264992E+03	-3.63616206661424E-02
 1.97535000054995E+03	-9.77878994251686E-02
 1.97535273844998E+03	-1.55801833842421E-01
 1.97535547635001E+03	-1.87632684710663E-01
 1.97535821425004E+03	-1.78216903618076E-01
 1.97536095215007E+03	-1.22641605143669E-01
 1.97536369005010E+03	-2.22292202893771E-02
 1.97536642795013E+03	 1.14308653792480E-01
 1.97536916585016E+03	 2.62523398415352E-01
 1.97537190375019E+03	 3.79031698602720E-01
 1.97537464165022E+03	 4.16053084570016E-01
 1.97537737955025E+03	 3.48661463872575E-01
 1.97538011745028E+03	 1.93086905871818E-01
 1.97538285535032E+03	-8.19938884637822E-04
 1.97538559325035E+03	-1.76833403571606E-01
 1.97538833115038E+03	-2.96550943281869E-01
 1.97539106905041E+03	-3.44895711077540E-01
 1.97539380695044E+03	-3.22202402484273E-01
 1.97539654485047E+03	-2.38645401094615E-01
 1.97539928275050E+03	-1.16902236286186E-01
 1.97540202065053E+03	 6.81749216194929E-03
 1.97540475855056E+03	 9.45126772702634E-02
 1.97540749645059E+03	 1.26532809935154E-01
 1.97541023435062E+03	 1.12065534094546E-01
 1.97541297225065E+03	 7.79528542060185E-02
 1.97541571015068E+03	 4.49992102552813E-02
 1.97541844805072E+03	 1.39732648421030E-02
 1.97542118595075E+03	-2.67514590960881E-02
 1.97542392385078E+03	-8.22504357483615E-02
 1.97542666175081E+03	-1.40884297916855E-01
 1.97542939965084E+03	-1.81065809163755E-01
 1.97543213755087E+03	-1.84896019163272E-01
 1.97543487545090E+03	-1.44534877442083E-01
 1.97543761335093E+03	-5.94553524236323E-02
 1.97544035125096E+03	 6.51875141769818E-02
 1.97544308915099E+03	 2.12081352710989E-01
 1.97544582705102E+03	 3.44784431156223E-01
 1.97544856495105E+03	 4.14953658265118E-01
 1.97545130285108E+03	 3.86489745215962E-01
 1.97545404075111E+03	 2.59654217966280E-01
 1.97545677865115E+03	 7.38651076932166E-02
 1.97545951655118E+03	-1.14016111979647E-01
 1.97546225445121E+03	-2.57357399971358E-01
 1.97546499235124E+03	-3.32736876573192E-01
 1.97546773025127E+03	-3.35619623096727E-01
 1.97547046815130E+03	-2.72598571899249E-01
 1.97547320605133E+03	-1.61382043137727E-01
 1.97547594395136E+03	-3.38911240207463E-02
 1.97547868185139E+03	 7.02676903592447E-02
 1.97548141975142E+03	 1.22359853981031E-01
 1.97548415765145E+03	 1.20737088021389E-01
 1.97548689555148E+03	 8.80870219766251E-02
 1.97548963345151E+03	 5.04288061141608E-02
 1.97549237135155E+03	 1.71824955286567E-02
 1.97549510925158E+03	-1.96240108927580E-02
 1.97549784715161E+03	-6.89893826938202E-02
 1.97550058505164E+03	-1.25906195261977E-01
 1.97550332295167E+03	-1.71904610536038E-01
 1.97550606085170E+03	-1.87399562303967E-01
 1.97550879875173E+03	-1.61433884260390E-01
 1.97551153665176E+03	-9.15181544413634E-02
 1.97551427455179E+03	 1.96331345450295E-02
 1.97551701245182E+03	 1.60535856788468E-01
 1.97551975035185E+03	 3.02490013634462E-01
 1.97552248825188E+03	 4.00137185795876E-01
 1.97552522615191E+03	 4.10063757962012E-01
 1.97552796405195E+03	 3.17361922599845E-01
 1.97553070195198E+03	 1.47967792616123E-01
 1.97553343985201E+03	-4.48619401346944E-02
 1.97553617775204E+03	-2.08413295363934E-01
 1.97553891565207E+03	-3.10310951345177E-01
 1.97554165355210E+03	-3.39824824346021E-01
 1.97554439145213E+03	-2.99812985287636E-01
 1.97554712935216E+03	-2.03520716106150E-01
 1.97554986725219E+03	-7.77640718176942E-02
 1.97555260515222E+03	 3.89650381285441E-02
 1.97555534305225E+03	 1.11383654547971E-01
 1.97555808095228E+03	 1.26663659862003E-01
 1.97556081885231E+03	 9.99757399058327E-02
 1.97556355675234E+03	 5.91105580518563E-02
 1.97556629465238E+03	 2.16886175608678E-02
 1.97556903255241E+03	-1.40154969443561E-02
 1.97557177045244E+03	-5.80979598411621E-02
 1.97557450835247E+03	-1.11661468787238E-01
 1.97557724625250E+03	-1.60943749722470E-01
 1.97557998415253E+03	-1.86239192574164E-01
 1.97558272205256E+03	-1.73673696645701E-01
 1.97558545995259E+03	-1.18461556073717E-01
 1.97558819785262E+03	-2.15396682366027E-02
 1.97559093575265E+03	 1.09941797258274E-01
 1.97559367365268E+03	 2.54807366447400E-01
 1.97559641155271E+03	 3.73310027494068E-01
 1.97559914945274E+03	 4.18854659705908E-01
 1.97560188735278E+03	 3.63590693610646E-01
 1.97560462525281E+03	 2.18244395897228E-01
 1.97560736315284E+03	 2.82923514872941E-02
 1.97561010105287E+03	-1.50642130295854E-01
 1.97561283895290E+03	-2.77553466979426E-01
 1.97561557685293E+03	-3.34213067122806E-01
 1.97561831475296E+03	-3.19089254950066E-01
 1.97562105265299E+03	-2.41414116886273E-01
 1.97562379055302E+03	-1.22756102964952E-01
 1.97562652845305E+03	 1.62725955965165E-03
 1.97562926635308E+03	 9.28565628789504E-02
 1.97563200425311E+03	 1.27881310459507E-01
 1.97563474215314E+03	 1.11963293829626E-01
 1.97563748005318E+03	 7.08595931589300E-02
 1.97564021795321E+03	 2.85923592829483E-02
 1.97564295585324E+03	-8.72983820182615E-03
 1.97564569375327E+03	-4.92668557374597E-02
 1.97564843165330E+03	-9.87263598042937E-02
 1.97565116955333E+03	-1.48993867148748E-01
 1.97565390745336E+03	-1.81996085949708E-01
 1.97565664535339E+03	-1.81628141461929E-01
 1.97565938325342E+03	-1.40481157324874E-01
 1.97566212115345E+03	-5.79131510400326E-02
 1.97566485905348E+03	 6.18953594915740E-02
 1.97566759695351E+03	 2.04314931864415E-01
 1.97567033485354E+03	 3.36733742081644E-01
 1.97567307275358E+03	 4.13258847968375E-01
 1.97567581065361E+03	 3.96407778386885E-01
 1.97567854855364E+03	 2.81492677123806E-01
 1.97568128645367E+03	 1.02633903826787E-01
 1.97568402435370E+03	-8.55157724026256E-02
 1.97568676225373E+03	-2.34737806053172E-01
 1.97568950015376E+03	-3.18384886379057E-01
 1.97569223805379E+03	-3.29481119435006E-01
 1.97569497595382E+03	-2.73391562791100E-01
 1.97569771385385E+03	-1.66737667764518E-01
 1.97570045175388E+03	-4.01769054614949E-02
 1.97570318965391E+03	 6.67413960790454E-02
 1.97570592755394E+03	 1.22760844524908E-01
 1.97570866545397E+03	 1.22089829977105E-01
 1.97571140335401E+03	 8.48365308650146E-02
 1.97571414125404E+03	 3.85475227021794E-02
 1.97571687915407E+03	-2.51609366022942E-03
 1.97571961705410E+03	-4.18168570807185E-02
 1.97572235495413E+03	-8.73781879585292E-02
 1.97572509285416E+03	-1.36810981834656E-01
 1.97572783075419E+03	-1.75317109871558E-01
 1.97573056865422E+03	-1.85709449687703E-01
 1.97573330655425E+03	-1.57855612295282E-01
 1.97573604445428E+03	-8.93758081610346E-02
 1.97573878235431E+03	 1.75116624033140E-02
 1.97574152025434E+03	 1.53316895899679E-01
 1.97574425815437E+03	 2.92985172461312E-01
 1.97574699605441E+03	 3.94519638134556E-01
 1.97574973395444E+03	 4.14728220887950E-01
 1.97575247185447E+03	 3.34816789871024E-01
 1.97575520975450E+03	 1.75034873941605E-01
 1.97575794765453E+03	-1.50700260379761E-02
 1.97576068555456E+03	-1.82563651370556E-01
 1.97576342345459E+03	-2.92179354417651E-01
 1.97576616135462E+03	-3.30276582646945E-01
 1.97576889925465E+03	-2.98058091712671E-01
 1.97577163715468E+03	-2.07653863636682E-01
 1.97577437505471E+03	-8.45010399015859E-02
 1.97577711295474E+03	 3.37073372477375E-02
 1.97577985085477E+03	 1.10210510694675E-01
 1.97578258875481E+03	 1.28341430979762E-01
 1.97578532665484E+03	 9.96346723316969E-02
 1.97578806455487E+03	 5.16337067547587E-02
 1.97579080245490E+03	 5.73443200498592E-03
 1.97579354035493E+03	-3.47899240363738E-02
 1.97579627825496E+03	-7.75465006106365E-02
 1.97579901615499E+03	-1.25012754925602E-01
 1.97580175405502E+03	-1.66890068664189E-01
 1.97580449195505E+03	-1.86377552611105E-01
 1.97580722985508E+03	-1.70904456632403E-01
 1.97580996775511E+03	-1.16025126037565E-01
 1.97581270565514E+03	-2.25403536218828E-02
 1.97581544355517E+03	 1.03708581882789E-01
 1.97581818145520E+03	 2.44709136682876E-01
 1.97582091935524E+03	 3.64567114280449E-01
 1.97582365725527E+03	 4.18389419141893E-01
 1.97582639515530E+03	 3.75876388559991E-01
 1.97582913305533E+03	 2.42271367117000E-01
 1.97583187095536E+03	 5.81443990600374E-02
 1.97583460885539E+03	-1.22232225912912E-01
 1.97583734675542E+03	-2.55733824156899E-01
 1.97584008465545E+03	-3.20988142235616E-01
 1.97584282255548E+03	-3.14301066513199E-01
 1.97584556045551E+03	-2.43643660975427E-01
 1.97584829835554E+03	-1.29207311302015E-01
 1.97585103625557E+03	-4.95364785353045E-03
 1.97585377415560E+03	 8.98060856382544E-02
 1.97585651205564E+03	 1.28905516792138E-01
 1.97585924995567E+03	 1.13445956739332E-01
 1.97586198785570E+03	 6.73056114074957E-02
 1.97586472575573E+03	 1.67998794784427E-02
 1.97586746365576E+03	-2.70903059296410E-02
 1.97587020155579E+03	-6.88106879649125E-02
 1.97587293945582E+03	-1.13996408056538E-01
 1.97587567735585E+03	-1.57395762239668E-01
 1.97587841525588E+03	-1.84146770509035E-01
 1.97588115315591E+03	-1.79971412763596E-01
 1.97588389105594E+03	-1.38081146972901E-01
 1.97588662895597E+03	-5.79620544327108E-02
 1.97588936685600E+03	 5.69093267963514E-02
 1.97589210475604E+03	 1.94394332803409E-01
 1.97589484265607E+03	 3.25799486021184E-01
 1.97589758055610E+03	 4.08130325935888E-01
 1.97590031845613E+03	 4.03087684278590E-01
 1.97590305635616E+03	 3.01276790083230E-01
 1.97590579425619E+03	 1.31181187063370E-01
 1.97590853215622E+03	-5.54863139845376E-02
 1.97591127005625E+03	-2.09560353756422E-01
 1.97591400795628E+03	-3.01364293430971E-01
 1.97591674585631E+03	-3.21276348267510E-01
 1.97591948375634E+03	-2.73113099926320E-01
 1.97592222165637E+03	-1.72143702010237E-01
 1.97592495955640E+03	-4.74707738531061E-02
 1.97592769745643E+03	 6.18361355065415E-02
 1.97593043535647E+03	 1.22397280660146E-01
 1.97593317325650E+03	 1.24282650025167E-01
 1.97593591115653E+03	 8.44282099152415E-02
 1.97593864905656E+03	 3.09769052467850E-02
 1.97594138695659E+03	-1.76581389276669E-02
 1.97594412485662E+03	-6.04512252128595E-02
 1.97594686275665E+03	-1.03875297090617E-01
 1.97594960065668E+03	-1.47441285973659E-01
 1.97595233855671E+03	-1.79579146802085E-01
 1.97595507645674E+03	-1.85426109575845E-01
 1.97595781435677E+03	-1.55822461271167E-01
 1.97596055225680E+03	-8.87281715389578E-02
 1.97596329015683E+03	 1.38604765293932E-02
 1.97596602805687E+03	 1.44197237950396E-01
 1.97596876595690E+03	 2.80836069771522E-01
 1.97597150385693E+03	 3.85479767414402E-01
 1.97597424175696E+03	 4.15750102199069E-01
 1.97597697965699E+03	 3.49399237863908E-01
 1.97597971755702E+03	 2.00882275608851E-01
 1.97598245545705E+03	 1.54036387489120E-02
 1.97598519335708E+03	-1.54621780458398E-01
 1.97598793125711E+03	-2.71426984027260E-01
 1.97599066915714E+03	-3.18391306053851E-01
 1.97599340705717E+03	-2.94765910120636E-01
 1.97599614495720E+03	-2.11291025139959E-01
 1.97599888285723E+03	-9.17730676699507E-02
 1.97600162075727E+03	 2.72631783813359E-02
 1.97600435865730E+03	 1.08028447118322E-01
 1.97600709655733E+03	 1.30223990407881E-01
 1.97600983445736E+03	 1.01394447622679E-01
 1.97601257235739E+03	 4.79911702740255E-02
 1.97601531025742E+03	-5.65129431941133E-03
 1.97601804815744E+03	-5.15528337896694E-02
 1.97602078605748E+03	-9.44499319931038E-02
 1.97602352395751E+03	-1.37485046408381E-01
 1.97602626185754E+03	-1.73257870098899E-01
 1.97602899975757E+03	-1.87673352542076E-01
 1.97603173765760E+03	-1.69549203324797E-01
 1.97603447555763E+03	-1.14988508711545E-01
 1.97603721345767E+03	-2.49230530132131E-02
 1.97603995135770E+03	 9.58296841056677E-02
 1.97604268925773E+03	 2.32274015741592E-01
 1.97604542715776E+03	 3.52570629442225E-01
 1.97604816505779E+03	 4.14082202464827E-01
 1.97605090295782E+03	 3.84630140281348E-01
 1.97605364085785E+03	 2.64109362961559E-01
 1.97605637875788E+03	 8.77187198527034E-02
 1.97605911665791E+03	-9.23866896358968E-02
 1.97606185455794E+03	-2.31530966734252E-01
 1.97606459245797E+03	-3.05299836648489E-01
 1.97606733035800E+03	-3.07602869352716E-01
 1.97607006825803E+03	-2.44867133128461E-01
 1.97607280615806E+03	-1.35675110496449E-01
 1.97607554405810E+03	-1.23866397128784E-02
 1.97607828195813E+03	 8.56993101433783E-02
 1.97608101985816E+03	 1.29654113089492E-01
 1.97608375775819E+03	 1.16309955958620E-01
 1.97608649565822E+03	 6.69847454244022E-02
 1.97608923355825E+03	 9.39168393780253E-03
 1.97609197145828E+03	-4.11486079350783E-02
 1.97609470935831E+03	-8.52246729170100E-02
 1.97609744725834E+03	-1.27768053559467E-01
 1.97610018515837E+03	-1.65740128309900E-01
 1.97610292305840E+03	-1.87158225179420E-01
 1.97610566095843E+03	-1.79570634030452E-01
 1.97610839885846E+03	-1.36984367087027E-01
 1.97611113675850E+03	-5.92655012211830E-02
 1.97611387465853E+03	 5.05150611009008E-02
 1.97611661255856E+03	 1.82478022383865E-01
 1.97611935045859E+03	 3.11906119742212E-01
 1.97612208835862E+03	 3.99163042802013E-01
 1.97612482625865E+03	 4.05774109270131E-01
 1.97612756415868E+03	 3.17997095783266E-01
 1.97613030205871E+03	 1.58437261473622E-01
 1.97613303995874E+03	-2.48429929064908E-02
 1.97613577785877E+03	-1.82432891836547E-01
 1.97613851575880E+03	-2.81918947650961E-01
 1.97614125365883E+03	-3.10905790698908E-01
 1.97614399155886E+03	-2.71385513043175E-01
 1.97614672945890E+03	-1.77045188505550E-01
 1.97614946735893E+03	-5.51837580991125E-02
 1.97615220525896E+03	 5.60070589622875E-02
 1.97615494315899E+03	 1.21459873714799E-01
 1.97615768105902E+03	 1.27219526333317E-01
 1.97616041895905E+03	 8.65847406612360E-02
 1.97616315685908E+03	 2.74332585095063E-02
 1.97616589475911E+03	-2.83861949589340E-02
 1.97616863265914E+03	-7.54741341597031E-02
 1.97617137055917E+03	-1.18267235581182E-01
 1.97617410845920E+03	-1.57495050340412E-01
 1.97617684635923E+03	-1.84357422527058E-01
 1.97617958425926E+03	-1.86209340368246E-01
 1.97618232215929E+03	-1.54989675417853E-01
 1.97618506005933E+03	-8.92277096703968E-02
 1.97618779795936E+03	 9.00765152622497E-03
 1.97619053585939E+03	 1.33425219152962E-01
 1.97619327375942E+03	 2.66109542505428E-01
 1.97619601165945E+03	 3.72788169891802E-01
 1.97619874955948E+03	 4.12537383413790E-01
 1.97620148745951E+03	 3.60196711782832E-01
 1.97620422535954E+03	 2.24437058429528E-01
 1.97620696325957E+03	 4.55454253169549E-02
 1.97620970115960E+03	-1.25352222703702E-01
 1.97621243905963E+03	-2.48468592767746E-01
 1.97621517695966E+03	-3.04222605392176E-01
 1.97621791485969E+03	-2.89674529592362E-01
 1.97622065275973E+03	-2.13937846312643E-01
 1.97622339065976E+03	-9.89789498061052E-02
 1.97622612855979E+03	 2.01757620226208E-02
 1.97622886645982E+03	 1.05164168223673E-01
 1.97623160435985E+03	 1.32344319872535E-01
 1.97623434225988E+03	 1.05045431862007E-01
 1.97623708015991E+03	 4.78831789586438E-02
 1.97623981805994E+03	-1.26919527486899E-02
 1.97624255595997E+03	-6.43547340702403E-02
 1.97624529386000E+03	-1.08684419375507E-01
 1.97624803176003E+03	-1.48837729049349E-01
 1.97625076966006E+03	-1.79751739228807E-01
 1.97625350756009E+03	-1.89811001011160E-01
 1.97625624546013E+03	-1.69279668316995E-01
 1.97625898336016E+03	-1.15008520951614E-01
 1.97626172126019E+03	-2.83389193868914E-02
 1.97626445916022E+03	 8.66175271514023E-02
 1.97626719706025E+03	 2.17689347638928E-01
 1.97626993496028E+03	 3.37260855401910E-01
 1.97627267286031E+03	 4.05523293280983E-01
 1.97627541076034E+03	 3.89078451446152E-01
 1.97627814866037E+03	 2.82733751372646E-01
 1.97628088656040E+03	 1.15946225046010E-01
 1.97628362446043E+03	-6.20039086379922E-02
 1.97628636236046E+03	-2.05528038908528E-01
 1.97628910026049E+03	-2.87366686124858E-01
 1.97629183816053E+03	-2.98870244460233E-01
 1.97629457606056E+03	-2.44681848478309E-01
 1.97629731396059E+03	-1.41584169464324E-01
 1.97630005186062E+03	-2.00759645938136E-02
 1.97630278976065E+03	 8.09807233334339E-02
 1.97630552766068E+03	 1.30297862809368E-01
 1.97630826556071E+03	 1.20445244947311E-01
 1.97631100346074E+03	 6.96202135175749E-02
 1.97631374136077E+03	 6.09236727763719E-03
 1.97631647926080E+03	-5.10483767304208E-02
 1.97631921716083E+03	-9.84794826338524E-02
 1.97632195506086E+03	-1.39873495311157E-01
 1.97632469296089E+03	-1.73780508890931E-01
 1.97632743086092E+03	-1.90748538501648E-01
 1.97633016876096E+03	-1.80123239935207E-01
 1.97633290666099E+03	-1.36864900827149E-01
 1.97633564456102E+03	-6.14734319776436E-02
 1.97633838246105E+03	 4.30628927749227E-02
 1.97634112036108E+03	 1.68846794784298E-01
 1.97634385826111E+03	 2.95147263590728E-01
 1.97634659616114E+03	 3.86136004185666E-01
 1.97634933406117E+03	 4.03865589253177E-01
 1.97635207196120E+03	 3.30727463722304E-01
 1.97635480986123E+03	 1.83327052477772E-01
 1.97635754776126E+03	 5.41520110794271E-03
 1.97636028566129E+03	-1.54094885615324E-01
 1.97636302356132E+03	-2.60437186331714E-01
 1.97636576146136E+03	-2.98398869001039E-01
 1.97636849936139E+03	-2.67924078310937E-01
 1.97637123726142E+03	-1.80928359557805E-01
 1.97637397516145E+03	-6.27062783879413E-02
 1.97637671306148E+03	 4.97882966606473E-02
 1.97637945096151E+03	 1.20252842826436E-01
 1.97638218886154E+03	 1.30911932250711E-01
 1.97638492676157E+03	 9.10890931378891E-02
 1.97638766466160E+03	 2.76230300300200E-02
 1.97639040256163E+03	-3.49185059819303E-02
 1.97639314046166E+03	-8.69488589806803E-02
 1.97639587836169E+03	-1.30466857384006E-01
 1.97639861626172E+03	-1.66784705743296E-01
 1.97640135416176E+03	-1.89412171575494E-01
 1.97640409206179E+03	-1.87790116218435E-01
 1.97640682996182E+03	-1.55059024365581E-01
 1.97640956786185E+03	-9.05397996615613E-02
 1.97641230576188E+03	 3.31668481369983E-03
 1.97641504366191E+03	 1.21345341201786E-01
 1.97641778156194E+03	 2.49027765022213E-01
 1.97642051946197E+03	 3.56406372438902E-01
 1.97642325736200E+03	 4.04681809917069E-01
 1.97642599526203E+03	 3.66426389245361E-01
 1.97642873316206E+03	 2.44670863999097E-01
 1.97643147106209E+03	 7.42981808768732E-02
 1.97643420896212E+03	-9.56284964159095E-02
 1.97643694686215E+03	-2.23859190103693E-01
 1.97643968476219E+03	-2.87964083403025E-01
 1.97644242266222E+03	-2.82638061051057E-01
 1.97644516056225E+03	-2.15173614447833E-01
 1.97644789846228E+03	-1.05534138763445E-01
 1.97645063636231E+03	 1.30337667879746E-02
 1.97645337426234E+03	 1.02038806898099E-01
 1.97645611216237E+03	 1.34845419133816E-01
 1.97645885006240E+03	 1.10461187654018E-01
 1.97646158796243E+03	 5.10337773415820E-02
 1.97646432586246E+03	-1.56550318140763E-02
 1.97646706376249E+03	-7.33423600914531E-02
 1.97646980166252E+03	-1.20246636108316E-01
 1.97647253956255E+03	-1.58950060955484E-01
 1.97647527746259E+03	-1.86181692895772E-01
 1.97647801536262E+03	-1.92561637868173E-01
 1.97648075326265E+03	-1.69833366385907E-01
 1.97648349116268E+03	-1.15779294289378E-01
 1.97648622906271E+03	-3.24331488192241E-02
 1.97648896696274E+03	 7.64503515600088E-02
 1.97649170486277E+03	 2.01275191761467E-01
 1.97649444276280E+03	 3.18764079527779E-01
 1.97649718066283E+03	 3.92505474480509E-01
 1.97649991856286E+03	 3.88617525793474E-01
 1.97650265646289E+03	 2.97214893365434E-01
 1.97650539436292E+03	 1.41761015515806E-01
 1.97650813226295E+03	-3.20590492553681E-02
 1.97651087016299E+03	-1.78434607981227E-01
 1.97651360806302E+03	-2.67550066039752E-01
 1.97651634596305E+03	-2.88111168386881E-01
 1.97651908386308E+03	-2.42786281712908E-01
 1.97652182176311E+03	-1.46411337741465E-01
 1.97652455966314E+03	-2.74171514345906E-02
 1.97652729756317E+03	 7.61616280430780E-02
 1.97653003546320E+03	 1.31108677887117E-01
 1.97653277336323E+03	 1.25837881624958E-01
 1.97653551126326E+03	 7.49878121042003E-02
 1.97653824916329E+03	 6.61530931553589E-03
 1.97654098706332E+03	-5.70036733989142E-02
 1.97654372496335E+03	-1.08653233629382E-01
 1.97654646286338E+03	-1.50263854195019E-01
 1.97654920076342E+03	-1.81383109517511E-01
 1.97655193866345E+03	-1.94734527820328E-01
 1.97655467656348E+03	-1.81408446071514E-01
 1.97655741446351E+03	-1.37455556943705E-01
 1.97656015236354E+03	-6.42577573936111E-02
 1.97656289026357E+03	 3.49367779355811E-02
 1.97656562816360E+03	 1.53884889633558E-01
 1.97656836606363E+03	 2.75786688632578E-01
 1.97657110396366E+03	 3.69037194087107E-01
 1.97657384186369E+03	 3.96961018127039E-01
 1.97657657976372E+03	 3.38684132445551E-01
 1.97657931766375E+03	 2.04829170138669E-01
 1.97658205556378E+03	 3.42530439941211E-02
 1.97658479346382E+03	-1.25388711368402E-01
 1.97658753136385E+03	-2.37444174172960E-01
 1.97659026926388E+03	-2.83926238363468E-01
 1.97659300716391E+03	-2.62566572050532E-01
 1.97659574506394E+03	-1.83363320996297E-01
 1.97659848296397E+03	-6.94572484490838E-02
 1.97660122086400E+03	 4.37472090061786E-02
 1.97660395876403E+03	 1.19162366958733E-01
 1.97660669666406E+03	 1.35469312468136E-01
 1.97660943456409E+03	 9.77980027497542E-02
 1.97661217246412E+03	 3.12725973670227E-02
 1.97661491036415E+03	-3.75143412465411E-02
 1.97661764826418E+03	-9.50266288354077E-02
 1.97662038616422E+03	-1.40498419592059E-01
 1.97662312406425E+03	-1.75237281968056E-01
 1.97662586196428E+03	-1.94610260117257E-01
 1.97662859986431E+03	-1.89993504658457E-01
 1.97663133776434E+03	-1.55808730998734E-01
 1.97663407566437E+03	-9.23767671068957E-02
 1.97663681356440E+03	-2.84711755327455E-03
 1.97663955146443E+03	 1.08372123606148E-01
 1.97664228936446E+03	 2.29957969998424E-01
 1.97664502726449E+03	 3.36498991471698E-01
 1.97664776516452E+03	 3.91994675607906E-01
 1.97665050306455E+03	 3.67488766072772E-01
 1.97665324096458E+03	 2.60660074021631E-01
 1.97665597886462E+03	 1.00615463127109E-01
 1.97665871676465E+03	-6.63943301049105E-02
 1.97666145466468E+03	-1.98275363735210E-01
 1.97666419256471E+03	-2.69951230327428E-01
 1.97666693046474E+03	-2.73647362586563E-01
 1.97666966836477E+03	-2.14687715550652E-01
 1.97667240626480E+03	-1.10917685493804E-01
 1.97667514416483E+03	 6.42240012503215E-03
 1.97667788206486E+03	 9.91278747035478E-02
 1.97668061996489E+03	 1.37959082826855E-01
 1.97668335786492E+03	 1.17600700649528E-01
 1.97668609576495E+03	 5.72134202331086E-02
 1.97668883366498E+03	-1.48186390518973E-02
 1.97669157156501E+03	-7.87259294016371E-02
 1.97669430946505E+03	-1.29230832703647E-01
 1.97669704736508E+03	-1.67812149720003E-01
 1.97669978526511E+03	-1.92467714439078E-01
 1.97670252316514E+03	-1.95798785263146E-01
 1.97670526106517E+03	-1.71037867007927E-01
 1.97670799896520E+03	-1.17062910303723E-01
 1.97671073686523E+03	-3.68786425244199E-02
 1.97671347476526E+03	 6.57414079320325E-02
 1.97671621266529E+03	 1.83464648890634E-01
 1.97671895056532E+03	 2.97392303054084E-01
 1.97672168846535E+03	 3.75047573148653E-01
 1.97672442636538E+03	 3.82858429183717E-01
 1.97672716426541E+03	 3.06776033165451E-01
 1.97672990216545E+03	 1.64158637164557E-01
 1.97673264006548E+03	-3.55674239094736E-03
 1.97673537796551E+03	-1.51057336834449E-01
 1.97673811586554E+03	-2.46345258041001E-01
 1.97674085376557E+03	-2.75476867208327E-01
 1.97674359166560E+03	-2.39008560206261E-01
 1.97674632956563E+03	-1.49727896787925E-01
 1.97674906746566E+03	-3.38461373464686E-02
 1.97675180536569E+03	 7.17742750062567E-02
 1.97675454326572E+03	 1.32428045056963E-01
 1.97675728116575E+03	 1.32560429425076E-01
 1.97676001906578E+03	 8.29290355669790E-02
 1.97676275696581E+03	 1.06918839116917E-02
 1.97676549486585E+03	-5.92645775561132E-02
 1.97676823276588E+03	-1.15902296996381E-01
 1.97677097066591E+03	-1.58991605405101E-01
 1.97677370856594E+03	-1.88522515650795E-01
 1.97677644646597E+03	-1.99039387292326E-01
 1.97677918436600E+03	-1.83304750616554E-01
 1.97678192226603E+03	-1.38573459789040E-01
 1.97678466016606E+03	-6.73437680491368E-02
 1.97678739806609E+03	 2.65215389958554E-02
 1.97679013596612E+03	 1.38053339028276E-01
 1.97679287386615E+03	 2.54246778367370E-01
 1.97679561176618E+03	 3.48074249883325E-01
 1.97679834966621E+03	 3.84894010364162E-01
 1.97680108756624E+03	 3.41278028864336E-01
 1.97680382546628E+03	 2.22035061676670E-01
 1.97680656336631E+03	 6.06528044881402E-02
 1.97680930126634E+03	-9.72206259048192E-02
 1.97681203916637E+03	-2.13582153123299E-01
 1.97681477706640E+03	-2.67800127564052E-01
 1.97681751496643E+03	-2.55292500064080E-01
 1.97682025286646E+03	-1.84039497259518E-01
 1.97682299076649E+03	-7.49305167653442E-02
 1.97682572866652E+03	 3.84356997366744E-02
 1.97682846656655E+03	 1.18616797334199E-01
 1.97683120446658E+03	 1.41078076630614E-01
 1.97683394236661E+03	 1.06644128595630E-01
 1.97683668026664E+03	 3.81504361425343E-02
 1.97683941816668E+03	-3.64409173767835E-02
 1.97684215606671E+03	-9.99134664057112E-02
 1.97684489396674E+03	-1.48472651707297E-01
 1.97684763186677E+03	-1.82881523184286E-01
 1.97685036976680E+03	-1.99924435133017E-01
 1.97685310766683E+03	-1.92748597872198E-01
 1.97685584556686E+03	-1.57112727601631E-01
 1.97685858346689E+03	-9.45250724806327E-02
 1.97686132136692E+03	-9.14873926260320E-03
 1.97686405926695E+03	 9.49592052649224E-02
 1.97686679716698E+03	 2.09391620878054E-01
 1.97686953506701E+03	 3.13431869925819E-01
 1.97687227296704E+03	 3.74528810612058E-01
 1.97687501086708E+03	 3.63011429885644E-01
 1.97687774876711E+03	 2.71642533040046E-01
 1.97688048666714E+03	 1.23519009552415E-01
 1.97688322456717E+03	-3.86164701449815E-02
 1.97688596246720E+03	-1.72485212271685E-01
 1.97688870036723E+03	-2.50651013342026E-01
 1.97689143826726E+03	-2.62839137709873E-01
 1.97689417616729E+03	-2.12306615468563E-01
 1.97689691406732E+03	-1.14713457235625E-01
 1.97689965196735E+03	 8.74957264696602E-04
 1.97690238986738E+03	 9.69159692348255E-02
 1.97690512776741E+03	 1.41974837475419E-01
 1.97690786566744E+03	 1.26499024503720E-01
 1.97691060356747E+03	 6.62518969403165E-02
 1.97691334146751E+03	-1.04427123894680E-02
 1.97691607936754E+03	-8.07446891680059E-02
 1.97691881726757E+03	-1.35798291031771E-01
 1.97692155516760E+03	-1.75504192820308E-01
 1.97692429306763E+03	-1.98630592274108E-01
 1.97692703096766E+03	-1.99500234096712E-01
 1.97692976886769E+03	-1.72822794051961E-01
 1.97693250676772E+03	-1.18710783995575E-01
 1.97693524466775E+03	-4.14050886273515E-02
 1.97693798256778E+03	 5.49066426392700E-02
 1.97694072046781E+03	 1.64776264970357E-01
 1.97694345836784E+03	 2.73630083622634E-01
 1.97694619626787E+03	 3.53403424991695E-01
 1.97694893416791E+03	 3.71659919938711E-01
 1.97695167206794E+03	 3.10844305763887E-01
 1.97695440996797E+03	 1.82254210744764E-01
 1.97695714786800E+03	 2.25221486704349E-02
 1.97695988576803E+03	-1.24260630304350E-01
 1.97696262366806E+03	-2.24360474403369E-01
 1.97696536156809E+03	-2.61260336285072E-01
 1.97696809946812E+03	-2.33323812449323E-01
 1.97697083736815E+03	-1.51233466211923E-01
 1.97697357526818E+03	-3.88845708158060E-02
 1.97697631316821E+03	 6.83240929938114E-02
 1.97697905106824E+03	 1.34628044941104E-01
 1.97698178896827E+03	 1.40751511944321E-01
 1.97698452686831E+03	 9.33533272326711E-02
 1.97698726476834E+03	 1.80933040674214E-02
 1.97699000266837E+03	-5.80843111921919E-02
 1.97699274056840E+03	-1.20427369089288E-01
 1.97699547846843E+03	-1.66183198682755E-01
 1.97699821636846E+03	-1.95264535932054E-01
 1.97700095426849E+03	-2.03686398322620E-01
 1.97700369216852E+03	-1.85794111387092E-01
 1.97700643006855E+03	-1.40134471714565E-01
 1.97700916796858E+03	-7.05342288759470E-02
 1.97701190586861E+03	 1.81718469143227E-02
 1.97701464376864E+03	 1.21858457540373E-01
 1.97701738166867E+03	 2.31086102853209E-01
 1.97702011956871E+03	 3.23670731828260E-01
 1.97702285746874E+03	 3.67753175582997E-01
 1.97702559536877E+03	 3.38157075797138E-01
 1.97702833326880E+03	 2.34204510694216E-01
 1.97703107116883E+03	 8.36708776683135E-02
 1.97703380906886E+03	-7.05137007386355E-02
 1.97703654696889E+03	-1.89579540490111E-01
 1.97703928486892E+03	-2.50462238133505E-01
 1.97704202276895E+03	-2.46230114838317E-01
 1.97704476066898E+03	-1.82790649729838E-01
 1.97704749856901E+03	-7.87344925908969E-02
 1.97705023646904E+03	 3.43430579749952E-02
 1.97705297436907E+03	 1.19042472528916E-01
 1.97705571226910E+03	 1.47971408536153E-01
 1.97705845016914E+03	 1.17627109679150E-01
 1.97706118806917E+03	 4.80799150502430E-02
 1.97706392596920E+03	-3.19449185740362E-02
 1.97706666386923E+03	-1.01835451174660E-01
 1.97706940176926E+03	-1.54554510945643E-01
 1.97707213966929E+03	-1.89823607275821E-01
 1.97707487756932E+03	-2.05419091293876E-01
 1.97707761546935E+03	-1.96084654361886E-01
 1.97708035336938E+03	-1.58947382084987E-01
 1.97708309126941E+03	-9.68628998881055E-02
 1.97708582916944E+03	-1.53107618032649E-02
 1.97708856706947E+03	 8.15668697039299E-02
 1.97709130496950E+03	 1.87915333047642E-01
 1.97709404286954E+03	 2.87756916575175E-01
 1.97709678076957E+03	 3.52585615863830E-01
 1.97709951866960E+03	 3.52880238464813E-01
 1.97710225656963E+03	 2.77067145744289E-01
 1.97710499446966E+03	 1.42155730520535E-01
 1.97710773236969E+03	-1.32320221722067E-02
 1.97711047026972E+03	-1.47308639116586E-01
 1.97711320816975E+03	-2.30639523452560E-01
 1.97711594606978E+03	-2.50492365893617E-01
 1.97711868396981E+03	-2.08008947811778E-01
 1.97712142186984E+03	-1.16642030802321E-01
 1.97712415976987E+03	-3.17081501341556E-03
 1.97712689766990E+03	 9.58504234952377E-02
 1.97712963556994E+03	 1.47202134308723E-01
 1.97713237346997E+03	 1.37247573074440E-01
 1.97713511137000E+03	 7.80407164534102E-02
 1.97713784927003E+03	-2.74746088956500E-03
 1.97714058717006E+03	-7.96341071605701E-02
 1.97714332507009E+03	-1.40142390630254E-01
 1.97714606297012E+03	-1.82166405941216E-01
 1.97714880087015E+03	-2.04770362798858E-01
 1.97715153877018E+03	-2.03736283730006E-01
 1.97715427667021E+03	-1.75218523822501E-01
 1.97715701457024E+03	-1.20673714038652E-01
 1.97715975247027E+03	-4.58205795040422E-02
 1.97716249037030E+03	 4.43340725210161E-02
 1.97716522827033E+03	 1.45781268199384E-01
 1.97716796617037E+03	 2.48110023689793E-01
 1.97717070407040E+03	 3.28055976131570E-01
 1.97717344197043E+03	 3.55146837608296E-01
 1.97717617987046E+03	 3.09091436767834E-01
 1.97717891777049E+03	 1.95336536570992E-01
 1.97718165567052E+03	 4.52761709659970E-02
 1.97718439357055E+03	-9.89197474873277E-02
 1.97718713147058E+03	-2.02285042681690E-01
 1.97718986937061E+03	-2.45882343618754E-01
 1.97719260727064E+03	-2.25858789430649E-01
 1.97719534517067E+03	-1.50778664025758E-01
 1.97719808307070E+03	-4.21773893005611E-02
 1.97720082097073E+03	 6.62442727883134E-02
 1.97720355887077E+03	 1.38068634431944E-01
 1.97720629677080E+03	 1.50586678996188E-01
 1.97720903467083E+03	 1.06229575487806E-01
 1.97721177257086E+03	 2.86432655006813E-02
 1.97721451047089E+03	-5.36910328284936E-02
 1.97721724837092E+03	-1.22438321222678E-01
 1.97721998627095E+03	-1.72004960082913E-01
 1.97722272417098E+03	-2.01738339939038E-01
 1.97722546207101E+03	-2.08779745319402E-01
 1.97722819997104E+03	-1.88952662876814E-01
 1.97723093787107E+03	-1.42155152191519E-01
 1.97723367577110E+03	-7.37238390082489E-02
 1.97723641367113E+03	 1.01859273859253E-02
 1.97723915157117E+03	 1.05818464978194E-01
 1.97724188947120E+03	 2.06968257366284E-01
 1.97724462737123E+03	 2.96448561914762E-01
 1.97724736527126E+03	 3.45886986872136E-01
 1.97725010317129E+03	 3.29235530998719E-01
 1.97725284107132E+03	 2.40813601574697E-01
 1.97725557897135E+03	 1.02493419720836E-01
 1.97725831687138E+03	-4.61558831271486E-02
 1.97726105477141E+03	-1.66210882964185E-01
 1.97726379267144E+03	-2.32459879657368E-01
 1.97726653057147E+03	-2.35650504789811E-01
 1.97726926847150E+03	-1.79607375797887E-01
 1.97727200637153E+03	-8.06216414103900E-02
 1.97727474427156E+03	 3.18543933509247E-02
 1.97727748217160E+03	 1.20819125727586E-01
 1.97728022007163E+03	 1.56392820555782E-01
 1.97728295797166E+03	 1.30794617618346E-01
 1.97728569587169E+03	 6.09417489777123E-02
 1.97728843377172E+03	-2.42312734175529E-02
 1.97729117167175E+03	-1.01005950029217E-01
 1.97729390957178E+03	-1.58927180749130E-01
 1.97729664747181E+03	-1.96214392905844E-01
 1.97729938537184E+03	-2.11224487540674E-01
 1.97730212327187E+03	-2.00114231125122E-01
 1.97730486117190E+03	-1.61385262460465E-01
 1.97730759907193E+03	-9.93665415315202E-02
 1.97731033697196E+03	-2.11333235430941E-02
 1.97731307487200E+03	 6.86309780823787E-02
 1.97731581277203E+03	 1.66176143356124E-01
 1.97731855067206E+03	 2.60185004349876E-01
 1.97732128857209E+03	 3.26706686412158E-01
 1.97732402647212E+03	 3.37255589489109E-01
 1.97732676437215E+03	 2.76632703477663E-01
 1.97732950227218E+03	 1.55850131711462E-01
 1.97733224017221E+03	 8.90595613577816E-03
 1.97733497807224E+03	-1.23570765499792E-01
 1.97733771597227E+03	-2.10569195952407E-01
 1.97734045387230E+03	-2.37012221611737E-01
 1.97734319177233E+03	-2.01927470583654E-01
 1.97734592967236E+03	-1.16580674299872E-01
 1.97734866757240E+03	-5.40790291434232E-03
 1.97735140547243E+03	 9.62979376260539E-02
 1.97735414337246E+03	 1.53929282883112E-01
 1.97735688127249E+03	 1.49966065873234E-01
 1.97735961917252E+03	 9.25249458594768E-02
 1.97736235707255E+03	 8.09900749755137E-03
 1.97736509497258E+03	-7.55980026867481E-02
 1.97736783287261E+03	-1.42453073349922E-01
 1.97737057077264E+03	-1.87963156548269E-01
 1.97737330867267E+03	-2.11035095438503E-01
 1.97737604657270E+03	-2.08646011651449E-01
 1.97737878447273E+03	-1.78342056022211E-01
 1.97738152237276E+03	-1.22999812163216E-01
 1.97738426027280E+03	-5.00238067722865E-02
 1.97738699817283E+03	 3.43575942133976E-02
 1.97738973607286E+03	 1.27068465413050E-01
 1.97739247397289E+03	 2.21578908987300E-01
 1.97739521187292E+03	 2.99696929004436E-01
 1.97739794977295E+03	 3.33712526974440E-01
 1.97740068767298E+03	 3.01460944000637E-01
 1.97740342557301E+03	 2.02914078878295E-01
 1.97740616347304E+03	 6.39372128728661E-02
 1.97740890137307E+03	-7.58698188545342E-02
 1.97741163927310E+03	-1.80849066438445E-01
 1.97741437717313E+03	-2.29865933681394E-01
 1.97741711507316E+03	-2.16883399045695E-01
 1.97741985297319E+03	-1.48374754703394E-01
 1.97742259087323E+03	-4.35196324637020E-02
 1.97742532877326E+03	 6.58565378879856E-02
 1.97742806667329E+03	 1.43054983208462E-01
 1.97743080457332E+03	 1.62243346840414E-01
 1.97743354247335E+03	 1.21567811857400E-01
 1.97743628037338E+03	 4.22202951971755E-02
 1.97743901827341E+03	-4.62670929119734E-02
 1.97744175617344E+03	-1.22121586385346E-01
 1.97744449407347E+03	-1.76626185129206E-01
 1.97744723197350E+03	-2.08101308967023E-01
 1.97744996987353E+03	-2.14474952315867E-01
 1.97745270777356E+03	-1.92929349632269E-01
 1.97745544567359E+03	-1.44742348429781E-01
 1.97745818357363E+03	-7.69028448882300E-02
 1.97746092147366E+03	 2.78628934627548E-03
 1.97746365937369E+03	 9.04310557000609E-02
 1.97746639727372E+03	 1.82624433787901E-01
 1.97746913517375E+03	 2.67197850621128E-01
 1.97747187307378E+03	 3.19892599224114E-01
 1.97747461097381E+03	 3.14707819683221E-01
 1.97747734887384E+03	 2.41591283659000E-01
 1.97748008677387E+03	 1.16486648663967E-01
 1.97748282467390E+03	-2.49471736919267E-02
 1.97748556257393E+03	-1.44250721981115E-01
 1.97748830047396E+03	-2.14412185413604E-01
 1.97749103837399E+03	-2.23949270437014E-01
 1.97749377627403E+03	-1.74636190648932E-01
 1.97749651417406E+03	-8.05055597070529E-02
 1.97749925207409E+03	 3.12180617164747E-02
 1.97750198997412E+03	 1.24238715209422E-01
 1.97750472787415E+03	 1.66556764027131E-01
 1.97750746577418E+03	 1.46215262214570E-01
 1.97751020367421E+03	 7.66659732399863E-02
 1.97751294157424E+03	-1.34512633519694E-02
 1.97751567947427E+03	-9.75982835033466E-02
 1.97751841737430E+03	-1.61756386204002E-01
 1.97752115527433E+03	-2.02212126317613E-01
 1.97752389317436E+03	-2.17502667409712E-01
 1.97752663107439E+03	-2.05005544661106E-01
 1.97752936897442E+03	-1.64576938318373E-01
 1.97753210687446E+03	-1.02105208529435E-01
 1.97753484477449E+03	-2.65050603504299E-02
 1.97753758267452E+03	 5.65358812212960E-02
 1.97754032057455E+03	 1.44843843219134E-01
 1.97754305847458E+03	 2.31548831254257E-01
 1.97754579637461E+03	 2.97650283882490E-01
 1.97754853427464E+03	 3.16572065817908E-01
 1.97755127217467E+03	 2.70312538152360E-01
 1.97755401007470E+03	 1.64147816361069E-01
 1.97755674797473E+03	 2.70802291256987E-02
 1.97755948587476E+03	-1.02052166442082E-01
 1.97756222377479E+03	-1.91128228487799E-01
 1.97756496167482E+03	-2.22902848494831E-01
 1.97756769957486E+03	-1.94337882922396E-01
 1.97757043747489E+03	-1.14569965921731E-01
 1.97757317537492E+03	-5.68398834138419E-03
 1.97757591327495E+03	 9.85078091103197E-02
 1.97757865117498E+03	 1.62382740687975E-01
 1.97758138907501E+03	 1.64768737930543E-01
 1.97758412697504E+03	 1.09685333084055E-01
 1.97758686487507E+03	 2.19826703053581E-02
 1.97758960277510E+03	-6.87885524247894E-02
 1.97759234067513E+03	-1.42884689690898E-01
 1.97759507857516E+03	-1.93045546528979E-01
 1.97759781647519E+03	-2.17583876065462E-01
 1.97760055437522E+03	-2.14404595620556E-01
 1.97760329227526E+03	-1.82371938407741E-01
 1.97760603017529E+03	-1.25820836643525E-01
 1.97760876807532E+03	-5.40059342195979E-02
 1.97761150597535E+03	 2.52373426305329E-02
 1.97761424387538E+03	 1.09209520622551E-01
 1.97761698177541E+03	 1.94856908090339E-01
 1.97761971967544E+03	 2.69193053664133E-01
 1.97762245757547E+03	 3.08004503486215E-01
 1.97762519547550E+03	 2.88179120666099E-01
 1.97762793337553E+03	 2.04748734746163E-01
 1.97763067127556E+03	 7.79181518033190E-02
 1.97763340917559E+03	-5.58549841959449E-02
 1.97763614707562E+03	-1.60777894876858E-01
 1.97763888497565E+03	-2.13801608638017E-01
 1.97764162287569E+03	-2.06790021803077E-01
 1.97764436077572E+03	-1.44189721374229E-01
 1.97764709867575E+03	-4.28704858167292E-02
 1.97764983657578E+03	 6.73412730772901E-02
 1.97765257447581E+03	 1.49798520429921E-01
 1.97765531237584E+03	 1.75862975164964E-01
 1.97765805027587E+03	 1.39392851980029E-01
 1.97766078817590E+03	 5.87495691370212E-02
 1.97766352607593E+03	-3.59379511787634E-02
 1.97766626397596E+03	-1.19613723655100E-01
 1.97766900187599E+03	-1.80183748747289E-01
 1.97767173977602E+03	-2.14500883770169E-01
 1.97767447767605E+03	-2.20942631166085E-01
 1.97767721557609E+03	-1.97915180223278E-01
 1.97767995347612E+03	-1.48071841633776E-01
 1.97768269137615E+03	-8.01497650129455E-02
 1.97768542927618E+03	-3.89105187718686E-03
 1.97768816717621E+03	 7.61444139190240E-02
 1.97769090507624E+03	 1.58812424457082E-01
 1.97769364297627E+03	 2.36835970510564E-01
 1.97769638087630E+03	 2.90588788936446E-01
 1.97769911877633E+03	 2.95045005250678E-01
 1.97770185667636E+03	 2.36540946612924E-01
 1.97770459457639E+03	 1.25237284311100E-01
 1.97770733247642E+03	-7.55048587754990E-03
 1.97771007037645E+03	-1.24425308572475E-01
 1.97771280827649E+03	-1.96969335617737E-01
 1.97771554617652E+03	-2.11617498164030E-01
 1.97771828407655E+03	-1.68165529257117E-01
 1.97772102197658E+03	-7.84644795322190E-02
 1.97772375987661E+03	 3.25246161336137E-02
 1.97772649777664E+03	 1.29471119153376E-01
 1.97772923567667E+03	 1.78609766345352E-01
 1.97773197357670E+03	 1.63945849358200E-01
 1.97773471147673E+03	 9.52141799627612E-02
 1.97773744937676E+03	 2.98730725248626E-04
 1.97774018727679E+03	-9.17268905166113E-02
 1.97774292517682E+03	-1.63159186953529E-01
 1.97774566307685E+03	-2.07945115579177E-01
 1.97774840097689E+03	-2.24409292546779E-01
 1.97775113887692E+03	-2.10947490533540E-01
 1.97775387677695E+03	-1.68723103571677E-01
 1.97775661467698E+03	-1.05225126277577E-01
 1.97775935257701E+03	-3.14043360340465E-02
 1.97776209047704E+03	 4.55933544217438E-02
 1.97776482837707E+03	 1.24573116072803E-01
 1.97776756627710E+03	 2.02758172161276E-01
 1.97777030417713E+03	 2.66353762690387E-01
 1.97777304207716E+03	 2.91520588195101E-01
 1.97777577997719E+03	 2.58362160122632E-01
 1.97777851787722E+03	 1.66845861112470E-01
 1.97778125577725E+03	 4.07538235174964E-02
 1.97778399367728E+03	-8.34403321444102E-02
 1.97778673157732E+03	-1.72995786825516E-01
 1.97778946947735E+03	-2.08731485698839E-01
 1.97779220737738E+03	-1.85635714776815E-01
 1.97779494527741E+03	-1.10806803647410E-01
 1.97779768317744E+03	-4.01242696138068E-03
 1.97780042107747E+03	 1.02584751965877E-01
 1.97780315897750E+03	 1.72690271462544E-01
 1.97780589687753E+03	 1.81727870823393E-01
 1.97780863477756E+03	 1.29512365861066E-01
 1.97781137267759E+03	 3.88348636539691E-02
 1.97781411057762E+03	-5.92964565031764E-02
 1.97781684847765E+03	-1.41530981806476E-01
 1.97781958637768E+03	-1.97516947374411E-01
 1.97782232427772E+03	-2.24548534168569E-01
 1.97782506217775E+03	-2.21185710134968E-01
 1.97782780007778E+03	-1.87515310260686E-01
 1.97783053797781E+03	-1.29328677868025E-01
 1.97783327587784E+03	-5.78423201580562E-02
 1.97783601377787E+03	 1.71479944368450E-02
 1.97783875167790E+03	 9.27271477101371E-02
 1.97784148957793E+03	 1.68792605099079E-01
 1.97784422747796E+03	 2.37541093448004E-01
 1.97784696537799E+03	 2.78893545328419E-01
 1.97784970327802E+03	 2.69747901794154E-01
 1.97785244117805E+03	 2.00873756068949E-01
 1.97785517907808E+03	 8.68496311506795E-02
 1.97785791697812E+03	-3.94823367450478E-02
 1.97786065487815E+03	-1.42745533809976E-01
 1.97786339277818E+03	-1.98306390402271E-01
 1.97786613067821E+03	-1.96062647495190E-01
 1.97786886857824E+03	-1.38531422208492E-01
 1.97787160647827E+03	-4.03536658772254E-02
 1.97787434437830E+03	 7.07193539281651E-02
 1.97787708227833E+03	 1.58384985854803E-01
 1.97787982017836E+03	 1.91513851073387E-01
 1.97788255807839E+03	 1.59712293490575E-01
 1.97788529597842E+03	 7.81848691157362E-02
 1.97788803387845E+03	-2.27721115001555E-02
 1.97789077177848E+03	-1.14984283671768E-01
 1.97789350967851E+03	-1.82752494722075E-01
 1.97789624757855E+03	-2.21038083678050E-01
 1.97789898547858E+03	-2.28329991130321E-01
 1.97790172337861E+03	-2.04106827477649E-01
 1.97790446127864E+03	-1.52358629934911E-01
 1.97790719917867E+03	-8.36143014518924E-02
 1.97790993707870E+03	-9.79825255869324E-03
 1.97791267497873E+03	 6.33337462344364E-02
 1.97791541287876E+03	 1.36274914625489E-01
 1.97791815077879E+03	 2.06358459086129E-01
 1.97792088867882E+03	 2.58974226613270E-01
 1.97792362657885E+03	 2.70973086704868E-01
 1.97792636447888E+03	 2.25944201960867E-01
 1.97792910237891E+03	 1.28578928663152E-01
 1.97793184027895E+03	 5.54907503723222E-03
 1.97793457817898E+03	-1.07366683634122E-01
 1.97793731607901E+03	-1.80768588695720E-01
 1.97794005397904E+03	-1.99204822503927E-01
 1.97794279187907E+03	-1.60600194927812E-01
 1.97794552977910E+03	-7.47312335012220E-02
 1.97794826767913E+03	 3.56988293476466E-02
 1.97795100557916E+03	 1.36539528969304E-01
 1.97795374347919E+03	 1.92595512209914E-01
 1.97795648137922E+03	 1.83995976081505E-01
 1.97795921927925E+03	 1.16553613436673E-01
 1.97796195717928E+03	 1.69674971719978E-02
 1.97796469507931E+03	-8.34392937764298E-02
 1.97796743297935E+03	-1.63181036545861E-01
 1.97797017087938E+03	-2.13478950663737E-01
 1.97797290877941E+03	-2.32056075974875E-01
 1.97797564667944E+03	-2.18111555900412E-01
 1.97797838457947E+03	-1.74040332363455E-01
 1.97798112247950E+03	-1.08924869278005E-01
 1.97798386037953E+03	-3.58910390581455E-02
 1.97798659827956E+03	 3.60289758107826E-02
 1.97798933617959E+03	 1.05968152892715E-01
 1.97799207407962E+03	 1.74750510700944E-01
 1.97799481197965E+03	 2.33884076673376E-01
 1.97799754987968E+03	 2.63013414457905E-01
 1.97800028777971E+03	 2.41308109411515E-01
 1.97800302567974E+03	 1.64006528522936E-01
 1.97800576357978E+03	 4.96026066706161E-02
 1.97800850147981E+03	-6.82870530529770E-02
 1.97801123937984E+03	-1.56797255136093E-01
 1.97801397727987E+03	-1.95087386106968E-01
 1.97801671517990E+03	-1.76303623816780E-01
 1.97801945307993E+03	-1.05624750359181E-01
 1.97802219097996E+03	-5.69602307109895E-04
 1.97802492887999E+03	 1.08473476503987E-01
 1.97802766678002E+03	 1.84851172613787E-01
 1.97803040468005E+03	 2.00837954604918E-01
 1.97803314258008E+03	 1.51974649840506E-01
 1.97803588048011E+03	 5.86135114245498E-02
 1.97803861838014E+03	-4.71526061485989E-02
 1.97804135628018E+03	-1.38410302580872E-01
 1.97804409418021E+03	-2.01405741215066E-01
 1.97804683208024E+03	-2.31998827006504E-01
 1.97804956998027E+03	-2.29123561531005E-01
 1.97805230788030E+03	-1.93970964010180E-01
 1.97805504578033E+03	-1.33744755424095E-01
 1.97805778368036E+03	-6.16752831275279E-02
 1.97806052158039E+03	 1.01756343238095E-02
 1.97806325948042E+03	 7.80684514481096E-02
 1.97806599738045E+03	 1.44216983643012E-01
 1.97806873528048E+03	 2.05814112569530E-01
 1.97807147318051E+03	 2.47427666794050E-01
 1.97807421108054E+03	 2.46919021930295E-01
 1.97807694898058E+03	 1.91593210234656E-01
 1.97807968688061E+03	 9.06019306479240E-02
 1.97808242478064E+03	-2.71853101594761E-02
 1.97808516268067E+03	-1.27331532626227E-01
 1.97808790058070E+03	-1.83980720060168E-01
 1.97809063848073E+03	-1.85238876846555E-01
 1.97809337638076E+03	-1.31819643268500E-01
 1.97809611428079E+03	-3.62444420436533E-02
 1.97809885218082E+03	 7.58470328233725E-02
 1.97810159008085E+03	 1.68752221144223E-01
 1.97810432798088E+03	 2.09157843799700E-01
 1.97810706588091E+03	 1.82481841062104E-01
 1.97810980378094E+03	 1.00482289864450E-01
 1.97811254168098E+03	-6.79238299060195E-03
 1.97811527958101E+03	-1.08230207931062E-01
 1.97811801748104E+03	-1.84325109444357E-01
 1.97812075538107E+03	-2.27737216101908E-01
 1.97812349328110E+03	-2.36724804697347E-01
 1.97812623118113E+03	-2.11668894899423E-01
 1.97812896908116E+03	-1.57822287693210E-01
 1.97813170698119E+03	-8.74925012926445E-02
 1.97813444488122E+03	-1.49684947515373E-02
 1.97813718278125E+03	 5.22849217942380E-02
 1.97813992068128E+03	 1.15700021485907E-01
 1.97814265858131E+03	 1.76785055914161E-01
 1.97814539648134E+03	 2.26173529352163E-01
 1.97814813438137E+03	 2.43433764211055E-01
 1.97815087228141E+03	 2.10345386659827E-01
 1.97815361018144E+03	 1.26601122088163E-01
 1.97815634808147E+03	 1.40722041399729E-02
 1.97815908598150E+03	-9.35737194751854E-02
 1.97816182388153E+03	-1.66391433138599E-01
 1.97816456178156E+03	-1.87278203347315E-01
 1.97816729968159E+03	-1.52426858300390E-01
 1.97817003758162E+03	-6.96708945412240E-02
 1.97817277548165E+03	 4.05052307844144E-02
 1.97817551338168E+03	 1.45307602494223E-01
 1.97817825128171E+03	 2.08427013132262E-01
 1.97818098918174E+03	 2.06293264168016E-01
 1.97818372708177E+03	 1.40625534338703E-01
 1.97818646498181E+03	 3.65290011265739E-02
 1.97818920288184E+03	-7.27201039806928E-02
 1.97819194078187E+03	-1.61784062895470E-01
 1.97819467868190E+03	-2.18792373986858E-01
 1.97819741658193E+03	-2.40478428660164E-01
 1.97820015448196E+03	-2.26615172248995E-01
 1.97820289238199E+03	-1.80724427078762E-01
 1.97820563028202E+03	-1.13424774130845E-01
 1.97820836818205E+03	-4.00901340353596E-02
 1.97821110608208E+03	 2.79767185337498E-02
 1.97821384398211E+03	 8.95522663344028E-02
 1.97821658188214E+03	 1.48440518664563E-01
 1.97821931978217E+03	 2.01379592063434E-01
 1.97822205768221E+03	 2.32133819041344E-01
 1.97822479558224E+03	 2.19917802915930E-01
 1.97822753348227E+03	 1.55952074507983E-01
 1.97823027138230E+03	 5.35323027132570E-02
 1.97823300928233E+03	-5.69761366530607E-02
 1.97823574718236E+03	-1.43063999240762E-01
 1.97823848508239E+03	-1.82539577415586E-01
 1.97824122298242E+03	-1.66872360085510E-01
 1.97824396088245E+03	-9.94637865134587E-02
 1.97824669878248E+03	 4.32085208394018E-03
 1.97824943668251E+03	 1.15956258782190E-01
 1.97825217458254E+03	 1.98716240397871E-01
 1.97825491248257E+03	 2.21983836209618E-01
 1.97825765038260E+03	 1.76984605574581E-01
 1.97826038828264E+03	 8.12759904577285E-02
 1.97826312618267E+03	-3.23414360043953E-02
 1.97826586408270E+03	-1.33463115035527E-01
 1.97826860198273E+03	-2.04648749177914E-01
 1.97827133988276E+03	-2.39915398839198E-01
 1.97827407778279E+03	-2.38279128964521E-01
 1.97827681568282E+03	-2.01892718676580E-01
 1.97827955358285E+03	-1.39285795545919E-01
 1.97828229148288E+03	-6.56899531934032E-02
 1.97828502938291E+03	 4.32304266208604E-03
 1.97828776728294E+03	 6.55852669860559E-02
 1.97829050518297E+03	 1.21899679333798E-01
 1.97829324308300E+03	 1.75103012565305E-01
 1.97829598098304E+03	 2.14773857547660E-01
 1.97829871888307E+03	 2.20650554267166E-01
 1.97830145678310E+03	 1.77461958529430E-01
 1.97830419468313E+03	 8.92891098867745E-02
 1.97830693258316E+03	-1.92004682254165E-02
 1.97830967048319E+03	-1.14985742119908E-01
 1.97831240838322E+03	-1.71367482642307E-01
 1.97831514628325E+03	-1.74868551542402E-01
 1.97831788418328E+03	-1.24549868766352E-01
 1.97832062208331E+03	-3.09447107553229E-02
 1.97832335998334E+03	 8.24241803147012E-02
 1.97832609788337E+03	 1.80679678212902E-01
 1.97832883578340E+03	 2.28624259598196E-01
 1.97833157368344E+03	 2.07571291032766E-01
 1.97833431158347E+03	 1.25568181601418E-01
 1.97833704948350E+03	 1.20023970450956E-02
 1.97833978738353E+03	-9.92827841247115E-02
 1.97834252528356E+03	-1.84804157121793E-01
 1.97834526318359E+03	-2.34525590669759E-01
 1.97834800108362E+03	-2.46126204766459E-01
 1.97835073898365E+03	-2.20699263591704E-01
 1.97835347688368E+03	-1.64651317514376E-01
 1.97835621478371E+03	-9.19969628863638E-02
 1.97835895268374E+03	-1.95010854249615E-02
 1.97836169058377E+03	 4.31862187217643E-02
 1.97836442848380E+03	 9.76869506256973E-02
 1.97836716638383E+03	 1.49104780287774E-01
 1.97836990428387E+03	 1.93374794838790E-01
 1.97837264218390E+03	 2.13530009900455E-01
 1.97837538008393E+03	 1.90517103042987E-01
 1.97837811798396E+03	 1.19639370928372E-01
 1.97838085588399E+03	 1.79574304954058E-02
 1.97838359378402E+03	-8.33841914608643E-02
 1.97838633168405E+03	-1.54326163711907E-01
 1.97838906958408E+03	-1.76380500526436E-01
 1.97839180748411E+03	-1.44174018510768E-01
 1.97839454538414E+03	-6.37483517271856E-02
 1.97839728328417E+03	 4.65664960365166E-02
 1.97840002118420E+03	 1.55479501996238E-01
 1.97840275908423E+03	 2.25868508190695E-01
 1.97840549698427E+03	 2.30652617010333E-01
 1.97840823488430E+03	 1.67310929297794E-01
 1.97841097278433E+03	 5.89539549424015E-02
 1.97841371068436E+03	-5.95070181423141E-02
 1.97841644858439E+03	-1.58848305158018E-01
 1.97841918648442E+03	-2.23764922291332E-01
 1.97842192438445E+03	-2.49612295930597E-01
 1.97842466228448E+03	-2.36490829271480E-01
 1.97842740018451E+03	-1.88915512676709E-01
 1.97843013808454E+03	-1.18933810905946E-01
 1.97843287598457E+03	-4.41689015181496E-02
 1.97843561388460E+03	 2.14818189524208E-02
 1.97843835178463E+03	 7.57446792034853E-02
 1.97844108968467E+03	 1.24672131530643E-01
 1.97844382758470E+03	 1.69987423587880E-01
 1.97844656548473E+03	 2.00073868557072E-01
 1.97844930338476E+03	 1.95152044517261E-01
 1.97845204128479E+03	 1.43240236131947E-01
 1.97845477918482E+03	 5.26777006095457E-02
 1.97845751708485E+03	-4.97049353928825E-02
 1.97846025498488E+03	-1.32201728148943E-01
 1.97846299288491E+03	-1.71597658740476E-01
 1.97846573078494E+03	-1.57879233153184E-01
 1.97846846868497E+03	-9.28324460115049E-02
 1.97847120658500E+03	 1.02153676888748E-02
 1.97847394448503E+03	 1.24663676206983E-01
 1.97847668238507E+03	 2.13979409587770E-01
 1.97847942028510E+03	 2.44916005813196E-01
 1.97848215818513E+03	 2.04364892310908E-01
 1.97848489608516E+03	 1.06746256983106E-01
 1.97848763398519E+03	-1.48248711736517E-02
 1.97849037188522E+03	-1.26562470821342E-01
 1.97849310978525E+03	-2.07087615698373E-01
 1.97849584768528E+03	-2.48173899557728E-01
 1.97849858558531E+03	-2.48614629118553E-01
 1.97850132348534E+03	-2.11357271425800E-01
 1.97850406138537E+03	-1.46129750394187E-01
 1.97850679928540E+03	-7.00858821053035E-02
 1.97850953718543E+03	-4.77479432253683E-04
 1.97851227508546E+03	 5.55227966920501E-02
 1.97851501298550E+03	 1.02510777468452E-01
 1.97851775088553E+03	 1.46457600922192E-01
 1.97852048878556E+03	 1.82151824767935E-01
 1.97852322668559E+03	 1.92048761953265E-01
 1.97852596458562E+03	 1.59247108027234E-01
 1.97852870248565E+03	 8.32543731423681E-02
 1.97853144038568E+03	-1.55603161682903E-02
 1.97853417828571E+03	-1.06004560909783E-01
 1.97853691618574E+03	-1.60917231645282E-01
 1.97853965408577E+03	-1.65473062331268E-01
 1.97854239198580E+03	-1.17252286605117E-01
 1.97854512988583E+03	-2.49485450747049E-02
 1.97854786778586E+03	 9.00150882920787E-02
 1.97855060568590E+03	 1.93790713979760E-01
 1.97855334358593E+03	 2.49593450660163E-01
 1.97855608148596E+03	 2.34734629537873E-01
 1.97855881938599E+03	 1.53304535517824E-01
 1.97856155728602E+03	 3.36072081342075E-02
 1.97856429518605E+03	-8.80267921466796E-02
 1.97856703308608E+03	-1.84007574070193E-01
 1.97856977098611E+03	-2.41225863801373E-01
 1.97857250888614E+03	-2.56425832937318E-01
 1.97857524678617E+03	-2.31201486407938E-01
 1.97857798468620E+03	-1.72970411170925E-01
 1.97858072258623E+03	-9.73253056412289E-02
 1.97858346048626E+03	-2.35405544478124E-02
 1.97858619838630E+03	 3.61285089770502E-02
 1.97858893628633E+03	 8.27193123755004E-02
 1.97859167418636E+03	 1.24224243623321E-01
 1.97859441208639E+03	 1.61763346778767E-01
 1.97859714998642E+03	 1.82460443981703E-01
 1.97859988788645E+03	 1.67409116166205E-01
 1.97860262578648E+03	 1.08246429541945E-01
 1.97860536368651E+03	 1.73556451143689E-02
 1.97860810158654E+03	-7.69607811537304E-02
 1.97861083948657E+03	-1.44939604159562E-01
 1.97861357738660E+03	-1.66992884249843E-01
 1.97861631528663E+03	-1.36370288329172E-01
 1.97861905318666E+03	-5.74889202568206E-02
 1.97862179108669E+03	 5.33929735922389E-02
 1.97862452898673E+03	 1.66612925687385E-01
 1.97862726688676E+03	 2.44529029739542E-01
 1.97863000478679E+03	 2.56752709150292E-01
 1.97863274268682E+03	 1.96397091876338E-01
 1.97863548058685E+03	 8.41757642665433E-02
 1.97863821848688E+03	-4.37174188983185E-02
 1.97864095638691E+03	-1.54186158686860E-01
 1.97864369428694E+03	-2.28178073689792E-01
 1.97864643218697E+03	-2.59283032761691E-01
 1.97864917008700E+03	-2.47664512326042E-01
 1.97865190798703E+03	-1.98668717857590E-01
 1.97865464588706E+03	-1.25617454736148E-01
 1.97865738378709E+03	-4.83103415333406E-02
 1.97866012168713E+03	 1.65112813724468E-02
 1.97866285958716E+03	 6.48461101266168E-02
 1.97866559748719E+03	 1.04176896118642E-01
 1.97866833538722E+03	 1.40801147971441E-01
 1.97867107328725E+03	 1.68065081010002E-01
 1.97867381118728E+03	 1.68103763382996E-01
 1.97867654908731E+03	 1.26622068287413E-01
 1.97867928698734E+03	 4.73837530886293E-02
 1.97868202488737E+03	-4.64816419446197E-02
 1.97868476278740E+03	-1.24470580894683E-01
 1.97868750068743E+03	-1.62679423557078E-01
 1.97869023858746E+03	-1.49828051378245E-01
 1.97869297648749E+03	-8.62659133330163E-02
 1.97869571438753E+03	 1.65867735570586E-02
 1.97869845228756E+03	 1.34097644185920E-01
 1.97870119018759E+03	 2.30182119193492E-01
 1.97870392808762E+03	 2.69235719925025E-01
 1.97870666598765E+03	 2.33819114305603E-01
 1.97870940388768E+03	 1.34879607634977E-01
 1.97871214178771E+03	 5.42544286203804E-03
 1.97871487968774E+03	-1.17536672268102E-01
 1.97871761758777E+03	-2.08478899382905E-01
 1.97872035548780E+03	-2.56542301675187E-01
 1.97872309338783E+03	-2.59979181995018E-01
 1.97872583128786E+03	-2.22340075275554E-01
 1.97872856918789E+03	-1.54385482584636E-01
 1.97873130708792E+03	-7.50474015951371E-02
 1.97873404498796E+03	-4.34526910984646E-03
 1.97873678288799E+03	 4.80171579110113E-02
 1.97873952078802E+03	 8.65910450404263E-02
 1.97874225868805E+03	 1.20831821320369E-01
 1.97874499658808E+03	 1.50764962807957E-01
 1.97874773448811E+03	 1.62299849421608E-01
 1.97875047238814E+03	 1.37873954442578E-01
 1.97875321028817E+03	 7.30377004684035E-02
 1.97875594818820E+03	-1.61029696980428E-02
 1.97875868608823E+03	-1.00520975227278E-01
 1.97876142398826E+03	-1.52962920321523E-01
 1.97876416188829E+03	-1.57509174458316E-01
 1.97876689978832E+03	-1.10449861162198E-01
 1.97876963768836E+03	-1.88013743622249E-02
 1.97877237558839E+03	 9.80800546026223E-02
 1.97877511348842E+03	 2.07567753444259E-01
 1.97877785138845E+03	 2.71592143964711E-01
 1.97878058928848E+03	 2.63587537237000E-01
 1.97878332718851E+03	 1.83455481638874E-01
 1.97878606508854E+03	 5.79753343031643E-02
 1.97878880298857E+03	-7.43300517996372E-02
 1.97879154088860E+03	-1.81687349151993E-01
 1.97879427878863E+03	-2.47562137831823E-01
 1.97879701668866E+03	-2.67401581217272E-01
 1.97879975458869E+03	-2.43067283451442E-01
 1.97880249248872E+03	-1.82814085558958E-01
 1.97880523038876E+03	-1.03630168926275E-01
 1.97880796828879E+03	-2.72519900821938E-02
 1.97881070618882E+03	 3.11134917257828E-02
 1.97881344408885E+03	 7.11480162971718E-02
 1.97881618198888E+03	 1.02923225078950E-01
 1.97881891988891E+03	 1.32456971091103E-01
 1.97882165778893E+03	 1.51447819109516E-01
 1.97882439568897E+03	 1.42084806942518E-01
 1.97882713358900E+03	 9.31472382240040E-02
 1.97882987148903E+03	 1.26075549043117E-02
 1.97883260938906E+03	-7.42922975377402E-02
 1.97883534728909E+03	-1.38460572460652E-01
 1.97883808518912E+03	-1.59504551226522E-01
 1.97884082308916E+03	-1.29504842502063E-01
 1.97884356098919E+03	-5.14355605535904E-02
 1.97884629888922E+03	 6.04207836559555E-02
 1.97884903678925E+03	 1.78144239054955E-01
 1.97885177468928E+03	 2.63868708968137E-01
 1.97885451258931E+03	 2.84122479339759E-01
 1.97885725048934E+03	 2.27548753366655E-01
 1.97885998838937E+03	 1.12054449107049E-01
 1.97886272628940E+03	-2.52829119681816E-02
 1.97886546418943E+03	-1.47568753718890E-01
 1.97886820208946E+03	-2.31730048502876E-01
 1.97887093998949E+03	-2.69207712398144E-01
 1.97887367788952E+03	-2.59945859817848E-01
 1.97887641578955E+03	-2.09933532443347E-01
 1.97887915368959E+03	-1.33569844884730E-01
 1.97888189158962E+03	-5.26854742426937E-02
 1.97888462948965E+03	 1.29707304707475E-02
 1.97888736738968E+03	 5.70340197633406E-02
 1.97889010528971E+03	 8.75417711346786E-02
 1.97889284318974E+03	 1.14803851385380E-01
 1.97889558108977E+03	 1.37307619240257E-01
 1.97889831898980E+03	 1.39928112830536E-01
 1.97890105688983E+03	 1.06985802443335E-01
 1.97890379478986E+03	 3.81703228529035E-02
 1.97890653268989E+03	-4.71384696966078E-02
 1.97890927058992E+03	-1.19978627131472E-01
 1.97891200848995E+03	-1.56088183088910E-01
 1.97891474638999E+03	-1.43154137604973E-01
 1.97891748429002E+03	-8.02838344262836E-02
 1.97892022219005E+03	 2.28664816340788E-02
 1.97892296009008E+03	 1.43664953541002E-01
 1.97892569799011E+03	 2.46730509579966E-01
 1.97892843589014E+03	 2.94391990274918E-01
 1.97893117379017E+03	 2.64910211982067E-01
 1.97893391169020E+03	 1.65428935335732E-01
 1.97893664959023E+03	 2.83909895058839E-02
 1.97893938749026E+03	-1.06201906145535E-01
 1.97894212539029E+03	-2.08517030595033E-01
 1.97894486329032E+03	-2.64691887843815E-01
 1.97894760119035E+03	-2.72107290657761E-01
 1.97895033909039E+03	-2.34701766498386E-01
 1.97895307699042E+03	-1.64069280359696E-01
 1.97895581489045E+03	-8.07157035232019E-02
 1.97895855279048E+03	-7.42845177619094E-03
 1.97896129069051E+03	 4.31016696415123E-02
 1.97896402859054E+03	 7.45327485328560E-02
 1.97896676649057E+03	 9.90374422977133E-02
 1.97896950439060E+03	 1.21734158667567E-01
 1.97897224229063E+03	 1.32597354084688E-01
 1.97897498019066E+03	 1.14361164084584E-01
 1.97897771809069E+03	 5.93287968956509E-02
 1.97898045599072E+03	-2.04975334405171E-02
 1.97898319389075E+03	-9.85090146873035E-02
 1.97898593179078E+03	-1.47706216177050E-01
 1.97898866969082E+03	-1.51340503483903E-01
 1.97899140759085E+03	-1.04619149623147E-01
 1.97899414549088E+03	-1.30563244234458E-02
 1.97899688339091E+03	 1.06015186975786E-01
 1.97899962129094E+03	 2.21379453873903E-01
 1.97900235919097E+03	 2.94001622674288E-01
 1.97900509709100E+03	 2.93595171753746E-01
 1.97900783499103E+03	 2.15658736401213E-01
 1.97901057289106E+03	 8.49813164144693E-02
 1.97901331079109E+03	-5.80803510597771E-02
 1.97901604869112E+03	-1.77559597319385E-01
 1.97901878659115E+03	-2.53179334495938E-01
 1.97902152449118E+03	-2.78724672234572E-01
 1.97902426239122E+03	-2.56070953061311E-01
 1.97902700029125E+03	-1.94109321375198E-01
 1.97902973819128E+03	-1.10993691894703E-01
 1.97903247609131E+03	-3.07950998574748E-02
 1.97903521399134E+03	 2.80688890080783E-02
 1.97903795189137E+03	 6.31847921099081E-02
 1.97904068979140E+03	 8.58208837651170E-02
 1.97904342769143E+03	 1.06447832318608E-01
 1.97904616559146E+03	 1.21667588752798E-01
 1.97904890349149E+03	 1.15650750707816E-01
 1.97905164139152E+03	 7.51817443863818E-02
 1.97905437929155E+03	 4.20648123480242E-03
 1.97905711719158E+03	-7.52095662802656E-02
 1.97905985509162E+03	-1.34976203028455E-01
 1.97906259299165E+03	-1.54192197324873E-01
 1.97906533089168E+03	-1.23993384212234E-01
 1.97906806879171E+03	-4.61063490712046E-02
 1.97907080669174E+03	 6.70553651410552E-02
 1.97907354459177E+03	 1.89423944276071E-01
 1.97907628249180E+03	 2.83217979024377E-01
 1.97907902039183E+03	 3.12139742428821E-01
 1.97908175829186E+03	 2.60287297834835E-01
 1.97908449619189E+03	 1.42342575579562E-01
 1.97908723409192E+03	-4.18814951061340E-03
 1.97908997199195E+03	-1.38761602529980E-01
 1.97909270989198E+03	-2.34062844065298E-01
 1.97909544779201E+03	-2.79010702780153E-01
 1.97909818569205E+03	-2.73031043655975E-01
 1.97910092359208E+03	-2.22543854646541E-01
 1.97910366149211E+03	-1.42792914544507E-01
 1.97910639939214E+03	-5.74272392518529E-02
 1.97910913729217E+03	 1.07258039372508E-02
 1.97911187519220E+03	 5.23674974547857E-02
 1.97911461309223E+03	 7.51886578820315E-02
 1.97911735099226E+03	 9.28209529546908E-02
 1.97912008889229E+03	 1.08903842140196E-01
 1.97912282679232E+03	 1.11769983687848E-01
 1.97912556469235E+03	 8.52919204720099E-02
 1.97912830259238E+03	 2.56841965409806E-02
 1.97913104049241E+03	-5.13589537544815E-02
 1.97913377839245E+03	-1.18688814617260E-01
 1.97913651629248E+03	-1.52001382505999E-01
 1.97913925419251E+03	-1.38197224281690E-01
 1.97914199209254E+03	-7.53513376932926E-02
 1.97914472999257E+03	 2.84890883853404E-02
 1.97914746789260E+03	 1.52718804956197E-01
 1.97915020579263E+03	 2.62924630203207E-01
 1.97915294369266E+03	 3.19691647072044E-01
 1.97915568159269E+03	 2.97049512783470E-01
 1.97915841949272E+03	 1.98016453739482E-01
 1.97916115739275E+03	 5.39683708140794E-02
 1.97916389529278E+03	-9.24014515695126E-02
 1.97916663319281E+03	-2.06867831597376E-01
 1.97916937109285E+03	-2.72220831477298E-01
 1.97917210899288E+03	-2.84630270792578E-01
 1.97917484689291E+03	-2.48186416809158E-01
 1.97917758479294E+03	-1.75090406954641E-01
 1.97918032269297E+03	-8.71652882928491E-02
 1.97918306059300E+03	-9.87936144792085E-03
 1.97918579849303E+03	 4.07209216258267E-02
 1.97918853639306E+03	 6.65721859515150E-02
 1.97919127429309E+03	 8.17096495701224E-02
 1.97919401219312E+03	 9.60397381556069E-02
 1.97919675009315E+03	 1.04071344648339E-01
 1.97919948799318E+03	 8.97510797000643E-02
 1.97920222589321E+03	 4.29100312612810E-02
 1.97920496379325E+03	-2.82822411346904E-02
 1.97920770169328E+03	-9.98015134170008E-02
 1.97921043959331E+03	-1.45216001699930E-01
 1.97921317749334E+03	-1.47218700746157E-01
 1.97921591539337E+03	-1.00156966888123E-01
 1.97921865329340E+03	-8.23121752204137E-03
 1.97922139119343E+03	 1.13197386268865E-01
 1.97922412909346E+03	 2.34518159730095E-01
 1.97922686699349E+03	 3.16078986991335E-01
 1.97922960489352E+03	 3.24072426886002E-01
 1.97923234279355E+03	 2.49405640831279E-01
 1.97923508069358E+03	 1.14386595330328E-01
 1.97923781859361E+03	-3.92258042988702E-02
 1.97924055649364E+03	-1.71342937425478E-01
 1.97924329439368E+03	-2.57673889915458E-01
 1.97924603229371E+03	-2.89979332398128E-01
 1.97924877019374E+03	-2.69876154254475E-01
 1.97925150809377E+03	-2.06668764294380E-01
 1.97925424599380E+03	-1.19408814772227E-01
 1.97925698389383E+03	-3.42994715146537E-02
 1.97925972179386E+03	 2.68689143360299E-02
 1.97926245969389E+03	 5.89063673896293E-02
 1.97926519759392E+03	 7.33549056999162E-02
 1.97926793549395E+03	 8.45555428220215E-02
 1.97927067339398E+03	 9.41824580820769E-02
 1.97927341129401E+03	 8.91856499653449E-02
 1.97927614919404E+03	 5.52411026076832E-02
 1.97927888709408E+03	-7.24946562179430E-03
 1.97928162499411E+03	-7.94137330612259E-02
 1.97928436289414E+03	-1.34440659864756E-01
 1.97928710079417E+03	-1.51210413536154E-01
 1.97928983869420E+03	-1.20152123177916E-01
 1.97929257659423E+03	-4.19555038019860E-02
 1.97929531449426E+03	 7.27171397440846E-02
 1.97929805239429E+03	 1.99760043927076E-01
 1.97930079029432E+03	 3.01808927772236E-01
 1.97930352819435E+03	 3.40043205696694E-01
 1.97930626609438E+03	 2.93981120592797E-01
 1.97930900399441E+03	 1.74657316094762E-01
 1.97931174189444E+03	 1.94903480334693E-02
 1.97931447979448E+03	-1.27565784436554E-01
 1.97931721769451E+03	-2.34798748334447E-01
 1.97931995559454E+03	-2.88250907358426E-01
 1.97932269349457E+03	-2.86517979370667E-01
 1.97932543139460E+03	-2.36219536074005E-01
 1.97932816929463E+03	-1.53184326526074E-01
 1.97933090719466E+03	-6.26083930175287E-02
 1.97933364509469E+03	 9.62592815239479E-03
 1.97933638299472E+03	 5.08008661035402E-02
 1.97933912089475E+03	 6.73667769376608E-02
 1.97934185879478E+03	 7.54862136704399E-02
 1.97934459669481E+03	 8.38014952825445E-02
 1.97934733459484E+03	 8.46951435593054E-02
 1.97935007249487E+03	 6.25054760473697E-02
 1.97935281039491E+03	 1.06433080257912E-02
 1.97935554829494E+03	-5.87160394571587E-02
 1.97935828619497E+03	-1.20437808602679E-01
 1.97936102409500E+03	-1.50470687969101E-01
 1.97936376199503E+03	-1.35183944370502E-01
 1.97936649989506E+03	-7.18461332282342E-02
 1.97936923779509E+03	 3.29360170228406E-02
 1.97937197569512E+03	 1.60605373290412E-01
 1.97937471359515E+03	 2.77998029317900E-01
 1.97937745149518E+03	 3.44322776161040E-01
 1.97938018939521E+03	 3.29498716279405E-01
 1.97938292729524E+03	 2.32114636687157E-01
 1.97938566519527E+03	 8.19348178841848E-02
 1.97938840309531E+03	-7.60472646556276E-02
 1.97939114099534E+03	-2.03209151312289E-01
 1.97939387889537E+03	-2.78687965091499E-01
 1.97939661679540E+03	-2.97099397666716E-01
 1.97939935469543E+03	-2.62431604218530E-01
 1.97940209259546E+03	-1.87246863292679E-01
 1.97940483049549E+03	-9.43868612391194E-02
 1.97940756839552E+03	-1.18305731545356E-02
 1.97941030629555E+03	 4.07509723127780E-02
 1.97941304419558E+03	 6.27939264054108E-02
 1.97941578209561E+03	 6.92867567270938E-02
 1.97941851999564E+03	 7.44759245505956E-02
 1.97942125789567E+03	 7.77252592966562E-02
 1.97942399579571E+03	 6.50413861232751E-02
 1.97942673369574E+03	 2.45949809877087E-02
 1.97942947159577E+03	-3.89110734152546E-02
 1.97943220949580E+03	-1.04118570200276E-01
 1.97943494739583E+03	-1.45438209957322E-01
 1.97943768529586E+03	-1.45275166286908E-01
 1.97944042319589E+03	-9.73551312093001E-02
 1.97944316109592E+03	-4.76938094696785E-03
 1.97944589899595E+03	 1.19031265785850E-01
 1.97944863689598E+03	 2.46245289806189E-01
 1.97945137479601E+03	 3.36990815168613E-01
 1.97945411269604E+03	 3.54198018357988E-01
 1.97945685059607E+03	 2.84032923074240E-01
 1.97945958849610E+03	 1.45812061843884E-01
 1.97946232639614E+03	-1.78141850275807E-02
 1.97946506429617E+03	-1.62801175263190E-01
 1.97946780219620E+03	-2.60632650658486E-01
 1.97947054009623E+03	-3.00693031075628E-01
 1.97947327799626E+03	-2.84054237871013E-01
 1.97947601589629E+03	-2.20194919710811E-01
 1.97947875379632E+03	-1.28768973932076E-01
 1.97948149169635E+03	-3.78432886308880E-02
 1.97948422959638E+03	 2.73579034081887E-02
 1.97948696749641E+03	 5.82683314181419E-02
 1.97948970539644E+03	 6.57745823600898E-02
 1.97949244329647E+03	 6.73946390677960E-02
 1.97949518119650E+03	 6.98880486668658E-02
 1.97949791909654E+03	 6.36747213889732E-02
 1.97950065699657E+03	 3.42032604181291E-02
 1.97950339489660E+03	-2.11107907629406E-02
 1.97950613279663E+03	-8.65134185449772E-02
 1.97950887069666E+03	-1.36694378705579E-01
 1.97951160859669E+03	-1.50592860174052E-01
 1.97951434649672E+03	-1.18181217277505E-01
 1.97951708439675E+03	-3.93406561451861E-02
 1.97951982229678E+03	 7.68860343907304E-02
 1.97952256019681E+03	 2.08466420018629E-01
 1.97952529809684E+03	 3.18817226722445E-01
 1.97952803599687E+03	 3.66958236779454E-01
 1.97953077389690E+03	 3.27849453477168E-01
 1.97953351179694E+03	 2.08462437376098E-01
 1.97953624969697E+03	 4.55498513996759E-02
 1.97953898759700E+03	-1.13860287047911E-01
 1.97954172549703E+03	-2.33582611773256E-01
 1.97954446339706E+03	-2.96457921202656E-01
 1.97954720129709E+03	-2.99932256710101E-01
 1.97954993919712E+03	-2.50579067664331E-01
 1.97955267709715E+03	-1.64535130996325E-01
 1.97955541499718E+03	-6.82253285880550E-02
 1.97955815289721E+03	 9.52818999430552E-03
 1.97956089079724E+03	 5.22043013769284E-02
 1.97956362869727E+03	 6.41577466592866E-02
 1.97956636659730E+03	 6.32229574224655E-02
 1.97956910449734E+03	 6.27507026933634E-02
 1.97957184239737E+03	 5.96306304696335E-02
 1.97957458029740E+03	 3.95317482765407E-02
 1.97957731819743E+03	-6.22125900863665E-03
 1.97958005609746E+03	-6.87165899570216E-02
 1.97958279399749E+03	-1.24963917336499E-01
 1.97958553189752E+03	-1.51432428812246E-01
 1.97958826979755E+03	-1.34220483811182E-01
 1.97959100769758E+03	-7.00337369243891E-02
 1.97959374559761E+03	 3.57751909554511E-02
 1.97959648349764E+03	 1.66712246213457E-01
 1.97959922139767E+03	 2.91165406102476E-01
 1.97960195929770E+03	 3.67390879875255E-01
 1.97960469719773E+03	 3.61386183893625E-01
 1.97960743509777E+03	 2.67039524599593E-01
 1.97961017299780E+03	 1.11921483405553E-01
 1.97961291089783E+03	-5.71593792199813E-02
 1.97961564879786E+03	-1.97274434039561E-01
 1.97961838669789E+03	-2.83653363254217E-01
 1.97962112459792E+03	-3.09018435744984E-01
 1.97962386249795E+03	-2.76989174921573E-01
 1.97962660039798E+03	-2.00231543153387E-01
 1.97962933829801E+03	-1.02278081020802E-01
 1.97963207619804E+03	-1.33737390008203E-02
 1.97963481409807E+03	 4.30235121690882E-02
 1.97963755199810E+03	 6.31456451088014E-02
 1.97964028989813E+03	 6.20048282254097E-02
 1.97964302779817E+03	 5.76208204797752E-02
 1.97964576569820E+03	 5.43852449190196E-02
 1.97964850359823E+03	 4.11239813414900E-02
 1.97965124149826E+03	 5.16840496811533E-03
 1.97965397939829E+03	-5.18038781052851E-02
 1.97965671729832E+03	-1.11103076911744E-01
 1.97965945519835E+03	-1.48214954114575E-01
 1.97966219309838E+03	-1.45522931560379E-01
 1.97966493099841E+03	-9.63845576578719E-02
 1.97966766889844E+03	-3.00681709216511E-03
 1.97967040679847E+03	 1.22994830828635E-01
 1.97967314469850E+03	 2.55841800729741E-01
 1.97967588259853E+03	 3.55857657932872E-01
 1.97967862049857E+03	 3.83042738741174E-01
 1.97968135839860E+03	 3.18728496066284E-01
 1.97968409629863E+03	 1.78721311978154E-01
 1.97968683419866E+03	 5.97328429445464E-03
 1.97968957209869E+03	-1.51785817322054E-01
 1.97969230999872E+03	-2.61676089418704E-01
 1.97969504789875E+03	-3.10374308568756E-01
 1.97969778579878E+03	-2.98112264199243E-01
 1.97970052369881E+03	-2.34294757038894E-01
 1.97970326159884E+03	-1.38866933079230E-01
 1.97970599949887E+03	-4.14373565234728E-02
 1.97970873739890E+03	 2.93747676408824E-02
 1.97971147529893E+03	 6.11268414203222E-02
 1.97971421319896E+03	 6.31474742723407E-02
 1.97971695109900E+03	 5.53582353087114E-02
 1.97971968899903E+03	 4.94735328057870E-02
 1.97972242689906E+03	 3.99548374246346E-02
 1.97972516479909E+03	 1.28737157861112E-02
 1.97972790269912E+03	-3.67302401227959E-02
 1.97973064059915E+03	-9.60664304238370E-02
 1.97973337849918E+03	-1.41490960818725E-01
 1.97973611639921E+03	-1.52262957152894E-01
 1.97973885429924E+03	-1.18158081548855E-01
 1.97974159219927E+03	-3.84982894507932E-02
 1.97974433009930E+03	 7.91419101328268E-02
 1.97974706799933E+03	 2.14913076841708E-01
 1.97974980589936E+03	 3.33412301659247E-01
 1.97975254379940E+03	 3.91935701725987E-01
 1.97975528169943E+03	 3.60980984643808E-01
 1.97975801959946E+03	 2.43063332415117E-01
 1.97976075749949E+03	 7.36358054199217E-02
 1.97976349539952E+03	-9.76409362269503E-02
 1.97976623329955E+03	-2.30125624330893E-01
 1.97976897119958E+03	-3.03173583334436E-01
 1.97977170909961E+03	-3.12761265891680E-01
 1.97977444699964E+03	-2.65162081544940E-01
 1.97977718489967E+03	-1.76537163502129E-01
 1.97977992279970E+03	-7.41891530619307E-02
 1.97978266069973E+03	 1.03190644751929E-02
 1.97978539859976E+03	 5.63891656184425E-02
 1.97978813649980E+03	 6.54920535396740E-02
 1.97979087439983E+03	 5.62410433697996E-02
 1.97979361229986E+03	 4.62774545974416E-02
 1.97979635019989E+03	 3.73188925672592E-02
 1.97979908809992E+03	 1.71606883928548E-02
 1.97980182599995E+03	-2.42200024286037E-02
 1.97980456389998E+03	-8.08475474263419E-02
 1.97980730180001E+03	-1.31940528745363E-01
 1.97981003970004E+03	-1.54726297129198E-01
 1.97981277760007E+03	-1.35294929100553E-01
 1.97981551550010E+03	-7.00519855460609E-02
 1.97981825340013E+03	 3.66942192590470E-02
 1.97982099130016E+03	 1.70515544033227E-01
 1.97982372920019E+03	 3.01675427794691E-01
 1.97982646710023E+03	 3.87966132076250E-01
 1.97982920500026E+03	 3.91737801854263E-01
 1.97983194290029E+03	 3.01958634189809E-01
 1.97983468080032E+03	 1.43398247438870E-01
 1.97983741870035E+03	-3.58986645799293E-02
 1.97984015660038E+03	-1.88894756487567E-01
 1.97984289450041E+03	-2.86721790980475E-01
 1.97984563240044E+03	-3.19882453112150E-01
 1.97984837030047E+03	-2.91354677840231E-01
 1.97985110820050E+03	-2.13648060042945E-01
 1.97985384610053E+03	-1.10642848016734E-01
 1.97985658400056E+03	-1.45431308559635E-02
 1.97985932190059E+03	 4.73515229011177E-02
 1.97986205980063E+03	 6.74615172450815E-02
 1.97986479770066E+03	 5.99066223602224E-02
 1.97986753560069E+03	 4.58233747287195E-02
 1.97987027350072E+03	 3.46654730718496E-02
 1.97987301140075E+03	 1.87359166153897E-02
 1.97987574930078E+03	-1.46670001187435E-02
 1.97987848720081E+03	-6.63949651761155E-02
 1.97988122510084E+03	-1.20359208902586E-01
 1.97988396300087E+03	-1.53310130280224E-01
 1.97988670090090E+03	-1.47867413975275E-01
 1.97988943880093E+03	-9.72890490343205E-02
 1.97989217670096E+03	-3.14764371742933E-03
 1.97989491460099E+03	 1.24680926582753E-01
 1.97989765250103E+03	 2.62660504046101E-01
 1.97990039040106E+03	 3.71806933368393E-01
 1.97990312830109E+03	 4.09611089008985E-01
 1.97990586620112E+03	 3.52552505127831E-01
 1.97990860410115E+03	 2.12417609787541E-01
 1.97991134200118E+03	 3.17978136958667E-02
 1.97991407990121E+03	-1.38273917471106E-01
 1.97991681780124E+03	-2.60501595151344E-01
 1.97991955570127E+03	-3.18554624910034E-01
 1.97992229360130E+03	-3.11528083286948E-01
 1.97992503150133E+03	-2.48503293698305E-01
 1.97992776940136E+03	-1.49402731164717E-01
 1.97993050730139E+03	-4.50158222575212E-02
 1.97993324520143E+03	 3.27759036056392E-02
 1.97993598310146E+03	 6.72656823750307E-02
 1.97993872100149E+03	 6.53781139522042E-02
 1.97994145890152E+03	 4.86181030782380E-02
 1.97994419680155E+03	 3.33995628005302E-02
 1.97994693470158E+03	 1.86744603864989E-02
 1.97994967260161E+03	-8.06358687351128E-03
 1.97995241050164E+03	-5.35115980874869E-02
 1.97995514840167E+03	-1.07621583290960E-01
 1.97995788630170E+03	-1.48528324107713E-01
 1.97996062420173E+03	-1.56052046418670E-01
 1.97996336210176E+03	-1.20040100177666E-01
 1.97996610000179E+03	-3.95285262512496E-02
 1.97996883790182E+03	 7.91983229484087E-02
 1.97997157580186E+03	 2.18574952668592E-01
 1.97997431370189E+03	 3.44812709243187E-01
 1.97997705160192E+03	 4.14002089589635E-01
 1.97997978950195E+03	 3.92367386475212E-01
 1.97998252740198E+03	 2.77617165489331E-01
 1.97998526530201E+03	 1.03228505503493E-01
 1.97998800320204E+03	-7.90515675532247E-02
 1.97999074110207E+03	-2.24246207693561E-01
 1.97999347900210E+03	-3.07995001451964E-01
 1.97999621690213E+03	-3.24493384247689E-01
 1.97999895480216E+03	-2.79459590972403E-01
 1.98000169270219E+03	-1.88799440841462E-01
 1.98000443060222E+03	-8.03247618010038E-02
 1.98000716850226E+03	 1.19319685592659E-02
 1.98000990640229E+03	 6.31353986494995E-02
 1.98001264430232E+03	 7.11746508759766E-02
 1.98001538220235E+03	 5.45487277227103E-02
 1.98001812010238E+03	 3.46747088511841E-02
 1.98002085800241E+03	 1.82887064339785E-02
 1.98002359590244E+03	-3.97549726586239E-03
 1.98002633380247E+03	-4.27516287053033E-02
 1.98002907170250E+03	-9.46191590781042E-02
 1.98003180960253E+03	-1.41011252947975E-01
 1.98003454750256E+03	-1.60119638287373E-01
 1.98003728540259E+03	-1.38288077148751E-01
 1.98004002330262E+03	-7.19052440013666E-02
 1.98004276120266E+03	 3.55251078441258E-02
 1.98004549910269E+03	 1.71622598221158E-01
 1.98004823700272E+03	 3.08865311534190E-01
 1.98005097490275E+03	 4.05139094537239E-01
 1.98005371280278E+03	 4.19521423507340E-01
 1.98005645070281E+03	 3.35914478958283E-01
 1.98005918860284E+03	 1.75672833728678E-01
 1.98006192650287E+03	-1.25889732362997E-02
 1.98006466440290E+03	-1.78034969683459E-01
 1.98006740230293E+03	-2.87584870072793E-01
 1.98007014020296E+03	-3.29219378048138E-01
 1.98007287810299E+03	-3.05002834076804E-01
 1.98007561600302E+03	-2.27034812029195E-01
 1.98007835390305E+03	-1.19199162661389E-01
 1.98008109180309E+03	-1.53053997934161E-02
 1.98008382970312E+03	 5.35538756308206E-02
 1.98008656760315E+03	 7.54914587723436E-02
 1.98008930550318E+03	 6.28630579418263E-02
 1.98009204340321E+03	 3.92072707576526E-02
 1.98009478130324E+03	 1.89513440006079E-02
 1.98009751920327E+03	-1.57407225310779E-03
 1.98010025710330E+03	-3.43326569637884E-02
 1.98010299500333E+03	-8.21756652086906E-02
 1.98010573290336E+03	-1.31489841380740E-01
 1.98010847080339E+03	-1.60438351843950E-01
 1.98011120870342E+03	-1.52124137431855E-01
 1.98011394660345E+03	-9.99884095866331E-02
 1.98011668450349E+03	-5.24908944221105E-03
 1.98011942240352E+03	 1.23831723409587E-01
 1.98012216030355E+03	 2.66176726147806E-01
 1.98012489820358E+03	 3.84030941203715E-01
 1.98012763610361E+03	 4.32894252533942E-01
 1.98013037400364E+03	 3.84473488653710E-01
 1.98013311190367E+03	 2.46056391995991E-01
 1.98013584980370E+03	 5.91519639977447E-02
 1.98013858770373E+03	-1.22397111180461E-01
 1.98014132560376E+03	-2.56922609706339E-01
 1.98014406350379E+03	-3.24830392759398E-01
 1.98014680140382E+03	-3.23789372061612E-01
 1.98014953930385E+03	-2.62314097866618E-01
 1.98015227720389E+03	-1.60000055267373E-01
 1.98015501510392E+03	-4.84344524953138E-02
 1.98015775300395E+03	 3.74543352506385E-02
 1.98016049090398E+03	 7.64257990926537E-02
 1.98016322880401E+03	 7.22362462590955E-02
 1.98016596670404E+03	 4.71400344614222E-02
 1.98016870460407E+03	 2.18942409733727E-02
 1.98017144250410E+03	 2.70911059425172E-04
 1.98017418040413E+03	-2.80814567928888E-02
 1.98017691830416E+03	-7.09494167592956E-02
 1.98017965620419E+03	-1.20756546164975E-01
 1.98018239410422E+03	-1.57480656030613E-01
 1.98018513200425E+03	-1.61722576204452E-01
 1.98018786990428E+03	-1.23675646203090E-01
 1.98019060780432E+03	-4.23897961317676E-02
 1.98019334570435E+03	 7.69274512386289E-02
 1.98019608360438E+03	 2.19075934419474E-01
 1.98019882150441E+03	 3.52343033284760E-01
 1.98020155940444E+03	 4.32217994731208E-01
 1.98020429730447E+03	 4.20950462434250E-01
 1.98020703520450E+03	 3.11158879257758E-01
 1.98020977310453E+03	 1.33644619662035E-01
 1.98021251100456E+03	-5.84037378976409E-02
 1.98021524890459E+03	-2.15903879385628E-01
 1.98021798680462E+03	-3.10615043888371E-01
 1.98022072470465E+03	-3.34658754673479E-01
 1.98022346260468E+03	-2.92949366862339E-01
 1.98022620050472E+03	-2.00872175090492E-01
 1.98022893840475E+03	-8.63780595943345E-02
 1.98023167630478E+03	 1.43589384595445E-02
 1.98023441420481E+03	 7.22181819627721E-02
 1.98023715210484E+03	 8.09167398675378E-02
 1.98023989000487E+03	 5.79773632082442E-02
 1.98024262790490E+03	 2.80107148078919E-02
 1.98024536580493E+03	 2.84433685609309E-03
 1.98024810370496E+03	-2.34286736800297E-02
 1.98025084160499E+03	-6.13378001886714E-02
 1.98025357950502E+03	-1.09601328150971E-01
 1.98025631740505E+03	-1.51823175113768E-01
 1.98025905530508E+03	-1.67334486731951E-01
 1.98026179320512E+03	-1.42990993585900E-01
 1.98026453110515E+03	-7.54680877196188E-02
 1.98026726900518E+03	 3.22590154048416E-02
 1.98027000690521E+03	 1.69807196927285E-01
 1.98027274480524E+03	 3.12213345997112E-01
 1.98027548270527E+03	 4.18081276408989E-01
 1.98027822060530E+03	 4.43702517543152E-01
 1.98028095850533E+03	 3.67863258657847E-01
 1.98028369640536E+03	 2.07905786727714E-01
 1.98028643430539E+03	 1.22743784764737E-02
 1.98028917220542E+03	-1.64820072795993E-01
 1.98029191010545E+03	-2.86057929222605E-01
 1.98029464800548E+03	-3.36630581331676E-01
 1.98029738590552E+03	-3.17425997956402E-01
 1.98030012380555E+03	-2.39895283141198E-01
 1.98030286170558E+03	-1.27594976686231E-01
 1.98030559960561E+03	-1.55566035751521E-02
 1.98030833750564E+03	 6.14764168789107E-02
 1.98031107540567E+03	 8.69330984149956E-02
 1.98031381330570E+03	 7.06044622594076E-02
 1.98031655120573E+03	 3.76903063315412E-02
 1.98031928910576E+03	 7.40092684831041E-03
 1.98032202700579E+03	-1.94614357202896E-02
 1.98032476490582E+03	-5.34018420343363E-02
 1.98032750280585E+03	-9.87272244472567E-02
 1.98033024070588E+03	-1.44129327918708E-01
 1.98033297860591E+03	-1.69294136840758E-01
 1.98033571650595E+03	-1.58041217263715E-01
 1.98033845440598E+03	-1.04289973334420E-01
 1.98034119230601E+03	-9.21678027817858E-03
 1.98034393020604E+03	 1.20363808950473E-01
 1.98034666810607E+03	 2.66033623390077E-01
 1.98034940600610E+03	 3.91845941148465E-01
 1.98035214390613E+03	 4.51931101911449E-01
 1.98035488180616E+03	 4.13418010577112E-01
 1.98035761970619E+03	 2.78673719955880E-01
 1.98036035760622E+03	 8.73638055774948E-02
 1.98036309550625E+03	-1.04458438371965E-01
 1.98036583340628E+03	-2.50899710487562E-01
 1.98036857130631E+03	-3.28901356531364E-01
 1.98037130920635E+03	-3.34433254121243E-01
 1.98037404710638E+03	-2.75214176375615E-01
 1.98037678500641E+03	-1.70229766754532E-01
 1.98037952290644E+03	-5.14767954072224E-02
 1.98038226080647E+03	 4.33531651125283E-02
 1.98038499870650E+03	 8.83342794563022E-02
 1.98038773660653E+03	 8.33914264777644E-02
 1.98039047450656E+03	 5.07121786141891E-02
 1.98039321240659E+03	 1.49663904794743E-02
 1.98039595030662E+03	-1.50340503595208E-02
 1.98039868820665E+03	-4.68284058301552E-02
 1.98040142610668E+03	-8.86565379662024E-02
 1.98040416400671E+03	-1.35108351722008E-01
 1.98040690190675E+03	-1.68028021432115E-01
 1.98040963980678E+03	-1.68993768367388E-01
 1.98041237770681E+03	-1.28821911663362E-01
 1.98041511560684E+03	-4.69033731423085E-02
 1.98041785350687E+03	 7.23744530314051E-02
 1.98042059140690E+03	 2.16224760494762E-01
 1.98042332930693E+03	 3.55488089028558E-01
 1.98042606720696E+03	 4.45740918371222E-01
 1.98042880510699E+03	 4.45680142812626E-01
 1.98043154300702E+03	 3.42642222371429E-01
 1.98043428090705E+03	 1.64054721897975E-01
 1.98043701880708E+03	-3.61822516691167E-02
 1.98043975670711E+03	-2.05222504193638E-01
 1.98044249460714E+03	-3.10856482082331E-01
 1.98044523250718E+03	-3.42868071171738E-01
 1.98044797040721E+03	-3.05133490116779E-01
 1.98045070830724E+03	-2.12276503272584E-01
 1.98045344620727E+03	-9.20309107936333E-02
 1.98045618410730E+03	 1.76551683588798E-02
 1.98045892200733E+03	 8.34311867190814E-02
 1.98046165990736E+03	 9.43703836918793E-02
 1.98046439780739E+03	 6.62159540225506E-02
 1.98046713570742E+03	 2.61528233339230E-02
 1.98046987360745E+03	-8.92714493389607E-03
 1.98047261150748E+03	-4.09435707527421E-02
 1.98047534940751E+03	-7.96435017966914E-02
 1.98047808730754E+03	-1.25450080706342E-01
 1.98048082520758E+03	-1.64055163055141E-01
 1.98048356310761E+03	-1.76074631062387E-01
 1.98048630100764E+03	-1.49127365544600E-01
 1.98048903890767E+03	-8.04977591022014E-02
 1.98049177680770E+03	 2.70500884845760E-02
 1.98049451470773E+03	 1.65034659099358E-01
 1.98049725260776E+03	 3.11385268444902E-01
 1.98049999050779E+03	 4.26106036571678E-01
 1.98050272840782E+03	 4.63307276846142E-01
 1.98050546630785E+03	 3.96726644522450E-01
 1.98050820420788E+03	 2.39141297790430E-01
 1.98051094210791E+03	 3.80316344974870E-02
 1.98051368000794E+03	-1.49548749794234E-01
 1.98051641790798E+03	-2.82107905328896E-01
 1.98051915580801E+03	-3.41826820303902E-01
 1.98052189370804E+03	-3.28172339217107E-01
 1.98052463160807E+03	-2.51732140325938E-01
 1.98052736950810E+03	-1.35430900907000E-01
 1.98053010740813E+03	-1.51270206201311E-02
 1.98053284530816E+03	 7.10073810627279E-02
 1.98053558320819E+03	 1.01463222463051E-01
 1.98053832110822E+03	 8.27581901412536E-02
 1.98054105900825E+03	 4.10166800383846E-02
 1.98054379690828E+03	-3.64839864895120E-05
 1.98054653480831E+03	-3.47836200565886E-02
 1.98054927270834E+03	-7.16113654442883E-02
 1.98055201060837E+03	-1.15741533769366E-01
 1.98055474850841E+03	-1.57968829304088E-01
 1.98055748640844E+03	-1.79578613703071E-01
 1.98056022430847E+03	-1.65324350271182E-01
 1.98056296220850E+03	-1.09907257282637E-01
 1.98056570010853E+03	-1.48105125971525E-02
 1.98056843800856E+03	 1.14381872422130E-01
 1.98057117590859E+03	 2.62078443222516E-01
 1.98057391380862E+03	 3.94747633143776E-01
 1.98057665170865E+03	 4.65872742671397E-01
 1.98057938960868E+03	 4.38330539776691E-01
 1.98058212750871E+03	 3.09229414012238E-01
 1.98058486540874E+03	 1.15617089616513E-01
 1.98058760330877E+03	-8.49346062291153E-02
 1.98059034120881E+03	-2.42560371453350E-01
 1.98059307910884E+03	-3.30601722657592E-01
 1.98059581700887E+03	-3.43083049879464E-01
 1.98059855490890E+03	-2.86720380094135E-01
 1.98060129280893E+03	-1.79638784941020E-01
 1.98060403070896E+03	-5.38679761377452E-02
 1.98060676860899E+03	 5.04718397892025E-02
 1.98060950650902E+03	 1.02729860754089E-01
 1.98061224440905E+03	 9.84503980064939E-02
 1.98061498230908E+03	 5.89831170785371E-02
 1.98061772020911E+03	 1.24340550284196E-02
 1.98062045810914E+03	-2.72208788370165E-02
 1.98062319600917E+03	-6.41304856440849E-02
 1.98062593390921E+03	-1.06377541563775E-01
 1.98062867180924E+03	-1.50394143299149E-01
 1.98063140970927E+03	-1.79881025587738E-01
 1.98063414760930E+03	-1.77567364193425E-01
 1.98063688550933E+03	-1.35167803516562E-01
 1.98063962340936E+03	-5.27672623421927E-02
 1.98064236130939E+03	 6.57600441000525E-02
 1.98064509920942E+03	 2.10039717788522E-01
 1.98064783710945E+03	 3.53939917616702E-01
 1.98065057500948E+03	 4.53887435090074E-01
 1.98065331290951E+03	 4.65579118954582E-01
 1.98065605080954E+03	 3.70993293530530E-01
 1.98065878870957E+03	 1.93516410345728E-01
 1.98066152660961E+03	-1.30350763758199E-02
 1.98066426450964E+03	-1.92500226317251E-01
 1.98066700240967E+03	-3.08696422832276E-01
 1.98066974030970E+03	-3.48845878255047E-01
 1.98067247820973E+03	-3.15574912734956E-01
 1.98067521610976E+03	-2.22537582855000E-01
 1.98067795400979E+03	-9.69228209249867E-02
 1.98068069190982E+03	 2.19356784635719E-02
 1.98068342980985E+03	 9.66040106800541E-02
 1.98068616770988E+03	 1.11162468434524E-01
 1.98068890560991E+03	 7.88519161503349E-02
 1.98069164350994E+03	 2.88038971623097E-02
 1.98069438140997E+03	-1.71319205510879E-02
 1.98069711931000E+03	-5.64491222178020E-02
 1.98069985721004E+03	-9.74819129930322E-02
 1.98070259511007E+03	-1.41922243908232E-01
 1.98070533301010E+03	-1.77438909591572E-01
 1.98070807091013E+03	-1.86050317928804E-01
 1.98071080881016E+03	-1.56378603556494E-01
 1.98071354671019E+03	-8.66542629474310E-02
 1.98071628461022E+03	 2.02079730573332E-02
 1.98071902251025E+03	 1.57474424104491E-01
 1.98072176041028E+03	 3.06270412437849E-01
 1.98072449831031E+03	 4.28724737096694E-01
 1.98072723621034E+03	 4.77488236869489E-01
 1.98072997411037E+03	 4.21452997981214E-01
 1.98073271201040E+03	 2.68352189629184E-01
 1.98073544991044E+03	 6.38814658589802E-02
 1.98073818781047E+03	-1.32692122309750E-01
 1.98074092571050E+03	-2.75869349054444E-01
 1.98074366361053E+03	-3.44656168239481E-01
 1.98074640151056E+03	-3.36880419532569E-01
 1.98074913941059E+03	-2.62082344942391E-01
 1.98075187731062E+03	-1.42288094635944E-01
 1.98075461521065E+03	-1.37936870440803E-02
 1.98075735311068E+03	 8.20854225561636E-02
 1.98076009101071E+03	 1.18765542506677E-01
 1.98076282891074E+03	 9.88888038462226E-02
 1.98076556681077E+03	 4.87986741843560E-02
 1.98076830471080E+03	-3.58714158923739E-03
 1.98077104261084E+03	-4.75808603004453E-02
 1.98077378051087E+03	-8.88569247089983E-02
 1.98077651841090E+03	-1.33028424930455E-01
 1.98077925631093E+03	-1.72772287107878E-01
 1.98078199421096E+03	-1.91021522160495E-01
 1.98078473211099E+03	-1.73662132994599E-01
 1.98078747001102E+03	-1.16484129324219E-01
 1.98079020791105E+03	-2.16601437598316E-02
 1.98079294581108E+03	 1.06179545099700E-01
 1.98079568371111E+03	 2.54386342881520E-01
 1.98079842161114E+03	 3.92458140138578E-01
 1.98080115951117E+03	 4.74045209653297E-01
 1.98080389741120E+03	 4.58238936936068E-01
 1.98080663531123E+03	 3.36661930311639E-01
 1.98080937321127E+03	 1.42986561141493E-01
 1.98081211111130E+03	-6.44626929136297E-02
 1.98081484901133E+03	-2.32205063576947E-01
 1.98081758691136E+03	-3.29920952504824E-01
 1.98082032481139E+03	-3.49478830886422E-01
 1.98082306271142E+03	-2.96414257509339E-01
 1.98082580061145E+03	-1.87782093875721E-01
 1.98082853851148E+03	-5.52952853459511E-02
 1.98083127641151E+03	 5.88643174732685E-02
 1.98083401431154E+03	 1.19382356358138E-01
 1.98083675221157E+03	 1.16993540585091E-01
 1.98083949011160E+03	 7.15057704573967E-02
 1.98084222801163E+03	 1.39650034038048E-02
 1.98084496591167E+03	-3.64431218492013E-02
 1.98084770381170E+03	-7.99766447577315E-02
 1.98085044171173E+03	-1.23987594019995E-01
 1.98085317961176E+03	-1.66420789418101E-01
 1.98085591751179E+03	-1.92798620020564E-01
 1.98085865541182E+03	-1.87151305796922E-01
 1.98086139331185E+03	-1.42359986416968E-01
 1.98086413121188E+03	-5.95783995943573E-02
 1.98086686911191E+03	 5.74707599811534E-02
 1.98086960701194E+03	 2.00759607033686E-01
 1.98087234491197E+03	 3.47633174600278E-01
 1.98087508281200E+03	 4.56189245926409E-01
 1.98087782071203E+03	 4.79808763691232E-01
 1.98088055861207E+03	 3.95172519032633E-01
 1.98088329651210E+03	 2.21020881930546E-01
 1.98088603441213E+03	 1.02522559277655E-02
 1.98088877231216E+03	-1.78204541588998E-01
 1.98089151021219E+03	-3.04278413411594E-01
 1.98089424811222E+03	-3.52455228655759E-01
 1.98089698601225E+03	-3.23929830482237E-01
 1.98089972391228E+03	-2.31218381411824E-01
 1.98090246181231E+03	-1.00677804961265E-01
 1.98090519971234E+03	 2.73640295206787E-02
 1.98090793761237E+03	 1.11611912561217E-01
 1.98091067551240E+03	 1.30924651477577E-01
 1.98091341341243E+03	 9.54139923016234E-02
 1.98091615131246E+03	 3.55475025271891E-02
 1.98091888921250E+03	-2.20317177421967E-02
 1.98092162711253E+03	-7.00339079562395E-02
 1.98092436501256E+03	-1.14804080811161E-01
 1.98092710291259E+03	-1.58877609641719E-01
 1.98092984081262E+03	-1.91771236649052E-01
 1.98093257871265E+03	-1.96998642784653E-01
 1.98093531661268E+03	-1.64409645361442E-01
 1.98093805451271E+03	-9.35265475799948E-02
 1.98094079241274E+03	 1.21793287393892E-02
 1.98094353031277E+03	 1.47498599668563E-01
 1.98094626821280E+03	 2.97003997320840E-01
 1.98094900611283E+03	 4.25692928034555E-01
 1.98095174401286E+03	 4.85586663930069E-01
 1.98095448191290E+03	 4.41083001112033E-01
 1.98095721981293E+03	 2.94495707175111E-01
 1.98095995771296E+03	 8.89183796999190E-02
 1.98096269561299E+03	-1.14877148947383E-01
 1.98096543351302E+03	-2.67646584222029E-01
 1.98096817141305E+03	-3.45121122688111E-01
 1.98097090931308E+03	-3.43307016824369E-01
 1.98097364721311E+03	-2.70550329433583E-01
 1.98097638511314E+03	-1.47759199791981E-01
 1.98097912301317E+03	-1.12999287913708E-02
 1.98098186091320E+03	 9.46991945130907E-02
 1.98098459881323E+03	 1.38551994137547E-01
 1.98098733671326E+03	 1.18536882973541E-01
 1.98099007461330E+03	 6.05635439073769E-02
 1.98099281251333E+03	-3.60854634500718E-03
 1.98099555041336E+03	-5.80424158678315E-02
 1.98099828831339E+03	-1.05173303226562E-01
 1.98100102621342E+03	-1.50509544738995E-01
 1.98100376411345E+03	-1.88382122829808E-01
 1.98100650201348E+03	-2.03396892733227E-01
 1.98100923991351E+03	-1.82749701679226E-01
 1.98101197781354E+03	-1.23622599243190E-01
 1.98101471571357E+03	-2.92905409408991E-02
 1.98101745361360E+03	 9.62268316228630E-02
 1.98102019151363E+03	 2.43269088277676E-01
 1.98102292941366E+03	 3.84959861954648E-01
 1.98102566731370E+03	 4.76004552966325E-01
 1.98102840521373E+03	 4.72319872880508E-01
 1.98103114311376E+03	 3.59950535738847E-01
 1.98103388101379E+03	 1.68485882567136E-01
 1.98103661891382E+03	-4.38118284031414E-02
 1.98103935681385E+03	-2.20298583692261E-01
 1.98104209471388E+03	-3.27011945925168E-01
 1.98104483261391E+03	-3.53498856421425E-01
 1.98104757051394E+03	-3.03972307894516E-01
 1.98105030841397E+03	-1.94255281160750E-01
 1.98105304631400E+03	-5.54341000979791E-02
 1.98105578421403E+03	 6.86289242636842E-02
 1.98105852211406E+03	 1.38103950113005E-01
 1.98106126001409E+03	 1.38606831631369E-01
 1.98106399791413E+03	 8.77828296079101E-02
 1.98106673581416E+03	 1.91250808843520E-02
 1.98106947371419E+03	-4.29858084005454E-02
 1.98107221161422E+03	-9.44896685137001E-02
 1.98107494951425E+03	-1.41477518366328E-01
 1.98107768741428E+03	-1.83083101035714E-01
 1.98108042531431E+03	-2.06597895334198E-01
 1.98108316321434E+03	-1.97479553243662E-01
 1.98108590111437E+03	-1.50030032346205E-01
 1.98108863901440E+03	-6.68615364616519E-02
 1.98109137691443E+03	 4.80372719194554E-02
 1.98109411481446E+03	 1.88839372311949E-01
 1.98109685271449E+03	 3.36765147640178E-01
 1.98109959061453E+03	 4.52437703551592E-01
 1.98110232851456E+03	 4.87730351901921E-01
 1.98110506641459E+03	 4.14239751012032E-01
 1.98110780431462E+03	 2.45549258007380E-01
 1.98111054221465E+03	 3.27960255131462E-02
 1.98111328011468E+03	-1.62952391255947E-01
 1.98111601801471E+03	-2.97910661632208E-01
 1.98111875591474E+03	-3.53711188014869E-01
 1.98112149381477E+03	-3.29972909483934E-01
 1.98112423171480E+03	-2.37951308494804E-01
 1.98112696961483E+03	-1.02934372880830E-01
 1.98112970751486E+03	 3.41337124677253E-02
 1.98113244541489E+03	 1.28376644779679E-01
 1.98113518331493E+03	 1.53316338695364E-01
 1.98113792121496E+03	 1.15413164547019E-01
 1.98114065911499E+03	 4.58973880096029E-02
 1.98114339701502E+03	-2.39963264158179E-02
 1.98114613491505E+03	-8.19086265608064E-02
 1.98114887281508E+03	-1.31675065925139E-01
 1.98115161071511E+03	-1.76269054693391E-01
 1.98115434861514E+03	-2.06917078600381E-01
 1.98115708651517E+03	-2.08698185001375E-01
 1.98115982441520E+03	-1.72893459600061E-01
 1.98116256231523E+03	-1.00662771518511E-01
 1.98116530021526E+03	 3.51951455450401E-03
 1.98116803811529E+03	 1.35665957587911E-01
 1.98117077601532E+03	 2.83972863970219E-01
 1.98117351391536E+03	 4.17041840127063E-01
 1.98117625181539E+03	 4.87185799133974E-01
 1.98117898971542E+03	 4.54813815795153E-01
 1.98118172761545E+03	 3.16575388805647E-01
 1.98118446551548E+03	 1.12181749632016E-01
 1.98118720341551E+03	-9.68556549677348E-02
 1.98118994131554E+03	-2.57901326891702E-01
 1.98119267921557E+03	-3.43382975922921E-01
 1.98119541711560E+03	-3.47345519832027E-01
 1.98119815501563E+03	-2.76836325839100E-01
 1.98120089291566E+03	-1.51479812311343E-01
 1.98120363081569E+03	-7.38050183478323E-03
 1.98120636871572E+03	 1.08878176653251E-01
 1.98120910661576E+03	 1.60575386345097E-01
 1.98121184451579E+03	 1.41252717108686E-01
 1.98121458241582E+03	 7.58010407911561E-02
 1.98121732031585E+03	-5.38579906564918E-04
 1.98122005821588E+03	-6.64619661070240E-02
 1.98122279611591E+03	-1.20701944945985E-01
 1.98122553401594E+03	-1.68200073808592E-01
 1.98122827191597E+03	-2.04714745777418E-01
 1.98123100981600E+03	-2.16531449142696E-01
 1.98123374771603E+03	-1.92308916513323E-01
 1.98123648561606E+03	-1.30912070864743E-01
 1.98123922351609E+03	-3.71537936711363E-02
 1.98124196141612E+03	 8.51446484936762E-02
 1.98124469931616E+03	 2.29267122339319E-01
 1.98124743721619E+03	 3.72512453364877E-01
 1.98125017511622E+03	 4.71578850926421E-01
 1.98125291301625E+03	 4.79958084692573E-01
 1.98125565091628E+03	 3.78179274827231E-01
 1.98125838881631E+03	 1.91124145477408E-01
 1.98126112671634E+03	-2.38419860939049E-02
 1.98126386461637E+03	-2.07446918978694E-01
 1.98126660251640E+03	-3.22185461217589E-01
 1.98126934041643E+03	-3.55169696338895E-01
 1.98127207831646E+03	-3.09188868338216E-01
 1.98127481621649E+03	-1.98724871301642E-01
 1.98127755411652E+03	-5.39771302364979E-02
 1.98128029201655E+03	 7.98904795231861E-02
 1.98128302991659E+03	 1.58751076056848E-01
 1.98128576781662E+03	 1.62906215469149E-01
 1.98128850571665E+03	 1.07309331600968E-01
 1.98129124361668E+03	 2.74296085896671E-02
 1.98129398151671E+03	-4.72157208976223E-02
 1.98129671941674E+03	-1.07886056966305E-01
 1.98129945731677E+03	-1.58927174060738E-01
 1.98130219521680E+03	-2.00351471278824E-01
 1.98130493311683E+03	-2.21155503186377E-01
 1.98130767101686E+03	-2.08326643174520E-01
 1.98131040891689E+03	-1.57820564555840E-01
 1.98131314681692E+03	-7.41026080335171E-02
 1.98131588471695E+03	 3.81021539273508E-02
 1.98131862261699E+03	 1.74930075422202E-01
 1.98132136051702E+03	 3.21797835035508E-01
 1.98132409841705E+03	 4.42712146710399E-01
 1.98132683631708E+03	 4.88955668698899E-01
 1.98132957421711E+03	 4.27416508295573E-01
 1.98133231211714E+03	 2.66133715570099E-01
 1.98133505001717E+03	 5.36642526739432E-02
 1.98133778791720E+03	-1.47476665726561E-01
 1.98134052581723E+03	-2.90050120749073E-01
 1.98134326371726E+03	-3.52781651362930E-01
 1.98134600161729E+03	-3.33612955742137E-01
 1.98134873951732E+03	-2.42464932679825E-01
 1.98135147741735E+03	-1.03376194598675E-01
 1.98135421531739E+03	 4.24435792808745E-02
 1.98135695321742E+03	 1.46858047337656E-01
 1.98135969111745E+03	 1.78038413143950E-01
 1.98136242901748E+03	 1.38377642616359E-01
 1.98136516691751E+03	 5.93464201898405E-02
 1.98136790481754E+03	-2.34511788951282E-02
 1.98137064271757E+03	-9.23596933747090E-02
 1.98137338061760E+03	-1.48239475127603E-01
 1.98137611851763E+03	-1.94122220752668E-01
 1.98137885641766E+03	-2.22803466573717E-01
 1.98138159431769E+03	-2.20977008678044E-01
 1.98138433221772E+03	-1.81532383395739E-01
 1.98138707011775E+03	-1.07602279453592E-01
 1.98138980801779E+03	-5.14347776593074E-03
 1.98139254591782E+03	 1.22692165855728E-01
 1.98139528381785E+03	 2.67803368781707E-01
 1.98139802171788E+03	 4.03091606104108E-01
 1.98140075961791E+03	 4.82149609609378E-01
 1.98140349751794E+03	 4.62055704259613E-01
 1.98140623541797E+03	 3.33703409755459E-01
 1.98140897331800E+03	 1.32712233611662E-01
 1.98141171121803E+03	-7.94614757474986E-02
 1.98141444911806E+03	-2.47226530272130E-01
 1.98141718701809E+03	-3.39752726378781E-01
 1.98141992491812E+03	-3.49033036206995E-01
 1.98142266281815E+03	-2.80757294139106E-01
 1.98142540071818E+03	-1.53157840795877E-01
 1.98142813861822E+03	-1.79034480468911E-03
 1.98143087651825E+03	 1.24675330318401E-01
 1.98143361441828E+03	 1.84632073293129E-01
 1.98143635231831E+03	 1.66621654796752E-01
 1.98143909021834E+03	 9.40069803527441E-02
 1.98144182811837E+03	 5.15684582062940E-03
 1.98144456601840E+03	-7.31868569420777E-02
 1.98144730391843E+03	-1.35649596783002E-01
 1.98145004181846E+03	-1.86180694505474E-01
 1.98145277971849E+03	-2.21746929697195E-01
 1.98145551761852E+03	-2.30305474899826E-01
 1.98145825551855E+03	-2.02103633385732E-01
 1.98146099341858E+03	-1.37957736596260E-01
 1.98146373131862E+03	-4.46661816603751E-02
 1.98146646921865E+03	 7.36681974913178E-02
 1.98146920711868E+03	 2.13124985051966E-01
 1.98147194501871E+03	 3.55650622760227E-01
 1.98147468291874E+03	 4.60892714467663E-01
 1.98147742081877E+03	 4.80793706782904E-01
 1.98148015871880E+03	 3.90596787524717E-01
 1.98148289661883E+03	 2.09965930822429E-01
 1.98148563451886E+03	-5.45340220519229E-03
 1.98148837241889E+03	-1.94361466185222E-01
 1.98149111031892E+03	-3.15890981165718E-01
 1.98149384821895E+03	-3.54663902365369E-01
 1.98149658611898E+03	-3.11989502936044E-01
 1.98149932401902E+03	-2.00953825595834E-01
 1.98150206191905E+03	-5.06645711173467E-02
 1.98150479981908E+03	 9.27760812272732E-02
 1.98150753771911E+03	 1.81216548977116E-01
 1.98151027561914E+03	 1.89552039134069E-01
 1.98151301351917E+03	 1.29608305024178E-01
 1.98151575141920E+03	 3.83927744774531E-02
 1.98151848931923E+03	-4.95286535368152E-02
 1.98152122721926E+03	-1.20429218181720E-01
 1.98152396511929E+03	-1.76470341229879E-01
 1.98152670301932E+03	-2.18250766872106E-01
 1.98152944091935E+03	-2.36401139892470E-01
 1.98153217881938E+03	-2.19516076734845E-01
 1.98153491671941E+03	-1.65408342928367E-01
 1.98153765461945E+03	-8.07839018522497E-02
 1.98154039251948E+03	 2.83795371536727E-02
 1.98154313041951E+03	 1.59844367186781E-01
 1.98154586831954E+03	 3.03441142538379E-01
 1.98154860621957E+03	 4.27388791607843E-01
 1.98155134411960E+03	 4.83381923513071E-01
 1.98155408201963E+03	 4.34139476420476E-01
 1.98155681991966E+03	 2.81917853081255E-01
 1.98155955781969E+03	 7.19327400116147E-02
 1.98156229571972E+03	-1.32581967858663E-01
 1.98156503361975E+03	-2.81273646812149E-01
 1.98156777151978E+03	-3.49975186822845E-01
 1.98157050941981E+03	-3.34897510813456E-01
 1.98157324731985E+03	-2.44603419510197E-01
 1.98157598521988E+03	-1.01760840149137E-01
 1.98157872311991E+03	 5.24693429174456E-02
 1.98158146101994E+03	 1.67037026133445E-01
 1.98158419891997E+03	 2.04836379759242E-01
 1.98158693682000E+03	 1.63878609489411E-01
 1.98158967472003E+03	 7.54102245134007E-02
 1.98159241262006E+03	-2.08252753557131E-02
 1.98159515052009E+03	-1.01698881167080E-01
 1.98159788842012E+03	-1.64680299518125E-01
 1.98160062632015E+03	-2.12507353310260E-01
 1.98160336422018E+03	-2.39405682767655E-01
 1.98160610212021E+03	-2.33713759644860E-01
 1.98160884002025E+03	-1.90074681305443E-01
 1.98161157792028E+03	-1.13906683189862E-01
 1.98161431582031E+03	-1.31499702825189E-02
 1.98161705372034E+03	 1.09408384868911E-01
 1.98161979162037E+03	 2.49331827483273E-01
 1.98162252952040E+03	 3.84444314842387E-01
 1.98162526742042E+03	 4.70642977759212E-01
 1.98162800532046E+03	 4.62475649651839E-01
 1.98163074322049E+03	 3.45157628490194E-01
 1.98163348112052E+03	 1.49610469714162E-01
 1.98163621902055E+03	-6.35594998019559E-02
 1.98163895692058E+03	-2.36308662046380E-01
 1.98164169482061E+03	-3.34669187345386E-01
 1.98164443272064E+03	-3.48545468261313E-01
 1.98164717062068E+03	-2.82258571243986E-01
 1.98164990852071E+03	-1.52598217478608E-01
 1.98165264642074E+03	 5.66550173849730E-03
 1.98165538432077E+03	 1.42143046420615E-01
 1.98165812222080E+03	 2.10554362524942E-01
 1.98166086012083E+03	 1.94278738427892E-01
 1.98166359802086E+03	 1.14718687081712E-01
 1.98166633592089E+03	 1.30324320616767E-02
 1.98166907382092E+03	-7.85664678679112E-02
 1.98167181172095E+03	-1.50242560545182E-01
 1.98167454962098E+03	-2.04563142952997E-01
 1.98167728752101E+03	-2.39494976330860E-01
 1.98168002542104E+03	-2.44646579099749E-01
 1.98168276332108E+03	-2.11949028912077E-01
 1.98168550122111E+03	-1.44405809065310E-01
 1.98168823912114E+03	-5.12468676394603E-02
 1.98169097702117E+03	 6.26020206008240E-02
 1.98169371492120E+03	 1.95751692631241E-01
 1.98169645282123E+03	 3.35162274222894E-01
 1.98169919072126E+03	 4.44371469845646E-01
 1.98170192862129E+03	 4.74752998233938E-01
 1.98170466652132E+03	 3.96666378521808E-01
 1.98170740442135E+03	 2.24189420126608E-01
 1.98171014232138E+03	 1.04688233779961E-02
 1.98171288022141E+03	-1.81813757351822E-01
 1.98171561812144E+03	-3.08685654131410E-01
 1.98171835602148E+03	-3.52285366843457E-01
 1.98172109392151E+03	-3.12433689881346E-01
 1.98172383182154E+03	-2.00819995968759E-01
 1.98172656972157E+03	-4.53125562211681E-02
 1.98172930762160E+03	 1.07386672116772E-01
 1.98173204552163E+03	 2.05412665389850E-01
 1.98173478342166E+03	 2.18252251799369E-01
 1.98173752132169E+03	 1.54256137642304E-01
 1.98174025922172E+03	 5.15701920030942E-02
 1.98174299712175E+03	-5.02990373201408E-02
 1.98174573502178E+03	-1.32380988132837E-01
 1.98174847292181E+03	-1.94255103808599E-01
 1.98175121082184E+03	-2.36833120551824E-01
 1.98175394872188E+03	-2.52304259250062E-01
 1.98175668662191E+03	-2.30922170703268E-01
 1.98175942452194E+03	-1.72522467058454E-01
 1.98176216242197E+03	-8.64181069819584E-02
 1.98176490032200E+03	 1.96099242234611E-02
 1.98176763822203E+03	 1.44510046542627E-01
 1.98177037612206E+03	 2.82618086745741E-01
 1.98177311402209E+03	 4.07128773855201E-01
 1.98177585192212E+03	 4.71207382779719E-01
 1.98177858982215E+03	 4.34100188750138E-01
 1.98178132772218E+03	 2.92210737605009E-01
 1.98178406562221E+03	 8.67421608117104E-02
 1.98178680352224E+03	-1.19093607471462E-01
 1.98178954142227E+03	-2.72238800395784E-01
 1.98179227932231E+03	-3.45716986466146E-01
 1.98179501722234E+03	-3.34005985941793E-01
 1.98179775512237E+03	-2.44337019814535E-01
 1.98180049302240E+03	-9.79440956770114E-02
 1.98180323092243E+03	 6.43336943733533E-02
 1.98180596882246E+03	 1.88891513140895E-01
 1.98180870672249E+03	 2.33492728413207E-01
 1.98181144462252E+03	 1.91544384546648E-01
 1.98181418252255E+03	 9.36613459950955E-02
 1.98181692042258E+03	-1.65046815640371E-02
 1.98181965832261E+03	-1.10214289689935E-01
 1.98182239622264E+03	-1.81175602962634E-01
 1.98182513412267E+03	-2.31506627985298E-01
 1.98182787202271E+03	-2.56727477039173E-01
 1.98183060992274E+03	-2.46832209764708E-01
 1.98183334782277E+03	-1.98325118773924E-01
 1.98183608572280E+03	-1.19187468669359E-01
 1.98183882362283E+03	-1.98510199767615E-02
 1.98184156152286E+03	 9.67115207691636E-02
 1.98184429942289E+03	 2.29559605541962E-01
 1.98184703732292E+03	 3.61956934168479E-01
 1.98184977522295E+03	 4.53131055548807E-01
 1.98185251312298E+03	 4.56023778804122E-01
 1.98185525102301E+03	 3.50428083930472E-01
 1.98185798892304E+03	 1.62092739909200E-01
 1.98186072682307E+03	-4.99912115408923E-02
 1.98186346472311E+03	-2.25881838408199E-01
 1.98186620262314E+03	-3.28666309905028E-01
 1.98186894052317E+03	-3.46181073009082E-01
 1.98187167842320E+03	-2.81415293387644E-01
 1.98187441632323E+03	-1.49720826629837E-01
 1.98187715422326E+03	 1.51035015511489E-02
 1.98187989212329E+03	 1.61304660945470E-01
 1.98188263002332E+03	 2.38193509856045E-01
 1.98188536792335E+03	 2.23911407118713E-01
 1.98188810582338E+03	 1.37539000975964E-01
 1.98189084372341E+03	 2.27036309227949E-02
 1.98189358162344E+03	-8.29050230340394E-02
 1.98189631952347E+03	-1.64681491322503E-01
 1.98189905742350E+03	-2.23453266790946E-01
 1.98190179532354E+03	-2.57989244725473E-01
 1.98190453322357E+03	-2.59517436881077E-01
 1.98190727112360E+03	-2.21714466367721E-01
 1.98191000902363E+03	-1.49963539010109E-01
 1.98191274692366E+03	-5.63550673007438E-02
 1.98191548482369E+03	 5.27704177694732E-02
 1.98191822272372E+03	 1.78169115940167E-01
 1.98192096062375E+03	 3.12048391268308E-01
 1.98192369852378E+03	 4.22724185108924E-01
 1.98192643642381E+03	 4.62059427881584E-01
 1.98192917432384E+03	 3.96101731127700E-01
 1.98193191222387E+03	 2.33137329628919E-01
 1.98193465012390E+03	 2.31099616963262E-02
 1.98193738802394E+03	-1.70584813480577E-01
 1.98194012592397E+03	-3.01194197957096E-01
 1.98194286382400E+03	-3.48443813554625E-01
 1.98194560172403E+03	-3.10706707408814E-01
 1.98194833962406E+03	-1.98325975513312E-01
 1.98195107752409E+03	-3.78373524575499E-02
 1.98195381542412E+03	 1.23767084480638E-01
 1.98195655332415E+03	 2.31247033886671E-01
 1.98195929122418E+03	 2.48754300677636E-01
 1.98196202912421E+03	 1.80895409901189E-01
 1.98196476702424E+03	 6.65905216256760E-02
 1.98196750492427E+03	-4.98370371418736E-02
 1.98197024282430E+03	-1.43956612779607E-01
 1.98197298072434E+03	-2.12404124757916E-01
 1.98197571862437E+03	-2.56147819990182E-01
 1.98197845652440E+03	-2.68855785979052E-01
 1.98198119442443E+03	-2.42465587262755E-01
 1.98198393232446E+03	-1.78956301572054E-01
 1.98198667022449E+03	-9.05783929812326E-02
 1.98198940812452E+03	 1.25139151609086E-02
 1.98199214602455E+03	 1.29915408536008E-01
 1.98199488392458E+03	 2.60414584024508E-01
 1.98199762182461E+03	 3.82845949129866E-01
 1.98200035972464E+03	 4.52926031310960E-01
 1.98200309762467E+03	 4.27267245862483E-01
 1.98200583552470E+03	 2.96529821856285E-01
 1.98200857342474E+03	 9.73511065236825E-02
 1.98201131132477E+03	-1.07804437028699E-01
 1.98201404922480E+03	-2.63637926909273E-01
 1.98201678712483E+03	-3.40515257973803E-01
 1.98201952502486E+03	-3.31232146366629E-01
 1.98202226292489E+03	-2.41762812317229E-01
 1.98202500082492E+03	-9.18976972534765E-02
 1.98202773872495E+03	 7.80778535787796E-02
 1.98203047662498E+03	 2.12367862559244E-01
 1.98203321452501E+03	 2.63809534560502E-01
 1.98203595242504E+03	 2.21061915899656E-01
 1.98203869032507E+03	 1.13750749190515E-01
 1.98204142822510E+03	-1.07962190110312E-02
 1.98204416612513E+03	-1.18127748626792E-01
 1.98204690402517E+03	-1.97857764905521E-01
 1.98204964192520E+03	-2.51180677162137E-01
 1.98205237982523E+03	-2.74777754168209E-01
 1.98205511772526E+03	-2.60290177465812E-01
 1.98205785562529E+03	-2.06148872696516E-01
 1.98206059352532E+03	-1.23127860664753E-01
 1.98206333142535E+03	-2.46487961530094E-02
 1.98206606932538E+03	 8.55101683681076E-02
 1.98206880722541E+03	 2.09596348981112E-01
 1.98207154512544E+03	 3.36696046131086E-01
 1.98207428302547E+03	 4.30357526640864E-01
 1.98207702092550E+03	 4.42940138847802E-01
 1.98207975882553E+03	 3.49248860504680E-01
 1.98208249672557E+03	 1.69538724688562E-01
 1.98208523462560E+03	-3.95215839648933E-02
 1.98208797252563E+03	-2.16678014892695E-01
 1.98209071042566E+03	-3.22332843585136E-01
 1.98209344832569E+03	-3.42334222721092E-01
 1.98209618622572E+03	-2.78423666103754E-01
 1.98209892412575E+03	-1.44570113632938E-01
 1.98210166202578E+03	 2.65374174309375E-02
 1.98210439992581E+03	 1.82124420685970E-01
 1.98210713782584E+03	 2.67395261581071E-01
 1.98210987572587E+03	 2.55250368198096E-01
 1.98211261362590E+03	 1.62146766762081E-01
 1.98211535152593E+03	 3.38743959050848E-02
 1.98211808942597E+03	-8.64236728418413E-02
 1.98212082732600E+03	-1.79101566166516E-01
 1.98212356522603E+03	-2.42915687667645E-01
 1.98212630312606E+03	-2.77247004470338E-01
 1.98212904102609E+03	-2.74899098602036E-01
 1.98213177892612E+03	-2.31319964121371E-01
 1.98213451682615E+03	-1.54412450595274E-01
 1.98213725472618E+03	-5.95226374254805E-02
 1.98213999262621E+03	 4.49672641391215E-02
 1.98214273052624E+03	 1.61452469509993E-01
 1.98214546842627E+03	 2.87467737461276E-01
 1.98214820632630E+03	 3.96906694699255E-01
 1.98215094422633E+03	 4.43224017687071E-01
 1.98215368212636E+03	 3.88885185357025E-01
 1.98215642002640E+03	 2.36356304872038E-01
 1.98215915792643E+03	 3.17759107492905E-02
 1.98216189582646E+03	-1.61413676190447E-01
 1.98216463372649E+03	-2.94063529252856E-01
 1.98216737162652E+03	-3.43620971994382E-01
 1.98217010952655E+03	-3.07101702134058E-01
 1.98217284742658E+03	-1.93599611310513E-01
 1.98217558532661E+03	-2.82730565147956E-02
 1.98217832322664E+03	 1.41877578762882E-01
 1.98218106112667E+03	 2.58593813170117E-01
 1.98218379902670E+03	 2.80826942033840E-01
 1.98218653692673E+03	 2.09234311804526E-01
 1.98218927482676E+03	 8.31732297072266E-02
 1.98219201272680E+03	-4.83574155324961E-02
 1.98219475062683E+03	-1.55287915781465E-01
 1.98219748852686E+03	-2.30979138185316E-01
 1.98220022642689E+03	-2.76211689174441E-01
 1.98220296432692E+03	-2.86047009353007E-01
 1.98220570222695E+03	-2.54103308109445E-01
 1.98220844012698E+03	-1.84572308116933E-01
 1.98221117802701E+03	-9.29220974111017E-02
 1.98221391592704E+03	 7.74859422544347E-03
 1.98221665382707E+03	 1.17050751239899E-01
 1.98221939172710E+03	 2.38017750332022E-01
 1.98222212962713E+03	 3.55656887323860E-01
 1.98222486752716E+03	 4.29301567685121E-01
 1.98222760542720E+03	 4.13889195373236E-01
 1.98223034332723E+03	 2.94629160936344E-01
 1.98223308122726E+03	 1.03180605878830E-01
 1.98223581912729E+03	-9.94241835284648E-02
 1.98223855702732E+03	-2.56149722959973E-01
 1.98224129492735E+03	-3.34921318890084E-01
 1.98224403282738E+03	-3.26957806166014E-01
 1.98224677072741E+03	-2.37095842888109E-01
 1.98224950862744E+03	-8.37188811527596E-02
 1.98225224652747E+03	 9.36374245590304E-02
 1.98225498442750E+03	 2.37350803696928E-01
 1.98225772232753E+03	 2.95583477669489E-01
 1.98226046022756E+03	 2.52165926611342E-01
 1.98226319812759E+03	 1.35414848520260E-01
 1.98226593602763E+03	-3.90487254665399E-03
 1.98226867392766E+03	-1.25563043734191E-01
 1.98227141182769E+03	-2.14779643271408E-01
 1.98227414972772E+03	-2.71538013832002E-01
 1.98227688762775E+03	-2.93546394331907E-01
 1.98227962552778E+03	-2.74064225640495E-01
 1.98228236342781E+03	-2.13468721597467E-01
 1.98228510132784E+03	-1.25497268129909E-01
 1.98228783922787E+03	-2.70316765535812E-02
 1.98229057712790E+03	 7.66705419677582E-02
 1.98229331502793E+03	 1.90595804977628E-01
 1.98229605292796E+03	 3.09877890700558E-01
 1.98229879082799E+03	 4.03303443982730E-01
 1.98230152872803E+03	 4.23741278061125E-01
 1.98230426662806E+03	 3.41612779584611E-01
 1.98230700452809E+03	 1.71527451851038E-01
 1.98230974242812E+03	-3.27918213251677E-02
 1.98231248032815E+03	-2.09377674909758E-01
 1.98231521822818E+03	-3.16268135206099E-01
 1.98231795612821E+03	-3.37462007686155E-01
 1.98232069402824E+03	-2.73583119475140E-01
 1.98232343192827E+03	-1.37315568829461E-01
 1.98232616982830E+03	 3.98607348388122E-02
 1.98232890772833E+03	 2.04479158952487E-01
 1.98233164562836E+03	 2.97970851744351E-01
 1.98233438352839E+03	 2.88050090108743E-01
 1.98233712142843E+03	 1.88293199165215E-01
 1.98233985932846E+03	 4.63499903792509E-02
 1.98234259722849E+03	-8.92356646838294E-02
 1.98234533512852E+03	-1.93542223462750E-01
 1.98234807302855E+03	-2.62943909834558E-01
 1.98235081092858E+03	-2.97246635267252E-01
 1.98235354882861E+03	-2.90771804724338E-01
 1.98235628672864E+03	-2.40726903197881E-01
 1.98235902462867E+03	-1.57613900751308E-01
 1.98236176252870E+03	-6.03795420201420E-02
 1.98236450042873E+03	 3.99091638631038E-02
 1.98236723832876E+03	 1.46667530367551E-01
 1.98236997622879E+03	 2.62670642933157E-01
 1.98237271412883E+03	 3.68067497037712E-01
 1.98237545202886E+03	 4.19015751198904E-01
 1.98237818992889E+03	 3.75267232663665E-01
 1.98238092782892E+03	 2.33621711791215E-01
 1.98238366572895E+03	 3.59343827871582E-02
 1.98238640362898E+03	-1.54949546594307E-01
 1.98238914152901E+03	-2.87916252652073E-01
 1.98239187942904E+03	-3.38331709823966E-01
 1.98239461732907E+03	-3.01993818405229E-01
 1.98239735522910E+03	-1.86885232250096E-01
 1.98240009312913E+03	-1.67809998320637E-02
 1.98240283102916E+03	 1.61569974676610E-01
 1.98240556892919E+03	 2.87263711227163E-01
 1.98240830682922E+03	 3.14234382961645E-01
 1.98241104472926E+03	 2.39033241749188E-01
 1.98241378262929E+03	 1.01131046803120E-01
 1.98241652052932E+03	-4.59631939176842E-02
 1.98241925842935E+03	-1.66398470866259E-01
 1.98242199632938E+03	-2.49953470066323E-01
 1.98242473422941E+03	-2.96983204555579E-01
 1.98242747212944E+03	-3.03848012370094E-01
 1.98243021002947E+03	-2.65814294698504E-01
 1.98243294792950E+03	-1.89299652430371E-01
 1.98243568582953E+03	-9.32062739519429E-02
 1.98243842372956E+03	 5.86992050091392E-03
 1.98244116162959E+03	 1.06850515166315E-01
 1.98244389952962E+03	 2.16647426804696E-01
 1.98244663742966E+03	 3.26816920234689E-01
 1.98244937532969E+03	 4.01322830233181E-01
 1.98245211322972E+03	 3.94478012571537E-01
 1.98245485112975E+03	 2.86510893547339E-01
 1.98245758902978E+03	 1.03846654333182E-01
 1.98246032692981E+03	-9.45354556170514E-02
 1.98246306482984E+03	-2.50392537741245E-01
 1.98246580272987E+03	-3.29487111321636E-01
 1.98246854062990E+03	-3.21620337718625E-01
 1.98247127852993E+03	-2.30651594822650E-01
 1.98247401642996E+03	-7.36307559252880E-02
 1.98247675432999E+03	 1.10825210215113E-01
 1.98247949223002E+03	 2.63635441199728E-01
 1.98248223013006E+03	 3.28576418627643E-01
 1.98248496803009E+03	 2.84617431725540E-01
 1.98248770593012E+03	 1.58467821600190E-01
 1.98249044383015E+03	 4.07302334540706E-03
 1.98249318173018E+03	-1.32528188983427E-01
 1.98249591963021E+03	-2.31891245854699E-01
 1.98249865753024E+03	-2.92510661123526E-01
 1.98250139543027E+03	-3.12981846467955E-01
 1.98250413333030E+03	-2.88131866873512E-01
 1.98250687123033E+03	-2.20256064168685E-01
 1.98250960913036E+03	-1.26157378739675E-01
 1.98251234703039E+03	-2.66014818311977E-02
 1.98251508493042E+03	 7.09664389989346E-02
 1.98251782283045E+03	 1.73689055299557E-01
 1.98252056073049E+03	 2.82798275366337E-01
 1.98252329863052E+03	 3.73129869368460E-01
 1.98252603653055E+03	 3.99187861603690E-01
 1.98252877443058E+03	 3.27768041222521E-01
 1.98253151233061E+03	 1.67858827974268E-01
 1.98253425023064E+03	-3.02816559836621E-02
 1.98253698813067E+03	-2.04565138069816E-01
 1.98253972603070E+03	-3.11038019030450E-01
 1.98254246393073E+03	-3.32046847849732E-01
 1.98254520183076E+03	-2.67271094900142E-01
 1.98254793973079E+03	-1.28242962624128E-01
 1.98255067763082E+03	 5.48377190941904E-02
 1.98255341553085E+03	 2.28135006418203E-01
 1.98255615343089E+03	 3.29667036097275E-01
 1.98255889133092E+03	 3.22061580533644E-01
 1.98256162923095E+03	 2.15785061716304E-01
 1.98256436713098E+03	 6.00338925825767E-02
 1.98256710503101E+03	-9.13370395928683E-02
 1.98256984293104E+03	-2.07929639871081E-01
 1.98257258083107E+03	-2.83439080734773E-01
 1.98257531873110E+03	-3.17905954645727E-01
 1.98257805663113E+03	-3.07095394303273E-01
 1.98258079453116E+03	-2.49924105622647E-01
 1.98258353243119E+03	-1.59506808613458E-01
 1.98258627033122E+03	-5.86704519476031E-02
 1.98258900823125E+03	 3.81953325353950E-02
 1.98259174613129E+03	 1.34809203761131E-01
 1.98259448403132E+03	 2.38926810628816E-01
 1.98259722193135E+03	 3.37480664582108E-01
 1.98259995983138E+03	 3.90414490039468E-01
 1.98260269773141E+03	 3.55747576737100E-01
 1.98260543563144E+03	 2.24946220448984E-01
 1.98260817353147E+03	 3.52439933196751E-02
 1.98261091143150E+03	-1.51711327832549E-01
 1.98261364933153E+03	-2.83306985439304E-01
 1.98261638723156E+03	-3.33083658414955E-01
 1.98261912513159E+03	-2.95808819413508E-01
 1.98262186303162E+03	-1.78526343698395E-01
 1.98262460093165E+03	-3.64965367473046E-03
 1.98262733883168E+03	 1.82571262501379E-01
 1.98263007673172E+03	 3.16976457167609E-01
 1.98263281463175E+03	 3.48706124940434E-01
 1.98263555253178E+03	 2.70080610729152E-01
 1.98263829043181E+03	 1.20357321555627E-01
 1.98264102833184E+03	-4.26455934460574E-02
 1.98264376623187E+03	-1.77193330708153E-01
 1.98264650413190E+03	-2.69195508979989E-01
 1.98264924203193E+03	-3.18343118839411E-01
 1.98265197993196E+03	-3.22187941192510E-01
 1.98265471783199E+03	-2.77582417688595E-01
 1.98265745573202E+03	-1.93125121542083E-01
 1.98266019363205E+03	-9.12942033889368E-02
 1.98266293153208E+03	 7.30371273105274E-03
 1.98266566943212E+03	 1.00140187952589E-01
 1.98266840733215E+03	 1.97485914356684E-01
 1.98267114523218E+03	 2.97647012016034E-01
 1.98267388313221E+03	 3.70144154881692E-01
 1.98267662103224E+03	 3.69774741086056E-01
 1.98267935893227E+03	 2.72419494043478E-01
 1.98268209683230E+03	 9.91785939581025E-02
 1.98268483473233E+03	-9.35597035894519E-02
 1.98268757263236E+03	-2.46883200481543E-01
 1.98269031053239E+03	-3.24723837911217E-01
 1.98269304843242E+03	-3.15676939849128E-01
 1.98269578633245E+03	-2.22821326299737E-01
 1.98269852423248E+03	-6.19731523168358E-02
 1.98270126213252E+03	 1.29323226087658E-01
 1.98270400003255E+03	 2.90904840373797E-01
 1.98270673793258E+03	 3.62485325910631E-01
 1.98270947583261E+03	 3.18174559681780E-01
 1.98271221373264E+03	 1.82780540198922E-01
 1.98271495163267E+03	 1.31404042372925E-02
 1.98271768953270E+03	-1.38913505343963E-01
 1.98272042743273E+03	-2.49029372270420E-01
 1.98272316533276E+03	-3.13938592804419E-01
 1.98272590323279E+03	-3.32972873122222E-01
 1.98272864113282E+03	-3.02453168333273E-01
 1.98273137903285E+03	-2.26516873599453E-01
 1.98273411693288E+03	-1.25059799919355E-01
 1.98273685483292E+03	-2.30911295002304E-02
 1.98273959273295E+03	 6.90366702163349E-02
 1.98274233063298E+03	 1.59919888716057E-01
 1.98274506853301E+03	 2.56757442262978E-01
 1.98274780643304E+03	 3.41108660825015E-01
 1.98275054433307E+03	 3.70236017987410E-01
 1.98275328223310E+03	 3.08197479663524E-01
 1.98275602013313E+03	 1.58559559575184E-01
 1.98275875803316E+03	-3.22837940126054E-02
 1.98276149593319E+03	-2.02691924854672E-01
 1.98276423383322E+03	-3.07134460986441E-01
 1.98276697173325E+03	-3.26558373829967E-01
 1.98276970963328E+03	-2.59912649947173E-01
 1.98277244753331E+03	-1.17736838445695E-01
 1.98277518543335E+03	 7.11045489813734E-02
 1.98277792333338E+03	 2.52732229117256E-01
 1.98278066123341E+03	 3.62139059759600E-01
 1.98278339913344E+03	 3.57001051975411E-01
 1.98278613703347E+03	 2.44457019441571E-01
 1.98278887493350E+03	 7.49094921949518E-02
 1.98279161283353E+03	-9.26136687740209E-02
 1.98279435073356E+03	-2.22073774953868E-01
 1.98279708863359E+03	-3.04199679980361E-01
 1.98279982653362E+03	-3.39066977635687E-01
 1.98280256443365E+03	-3.23791360014306E-01
 1.98280530233368E+03	-2.58910812891099E-01
 1.98280804023371E+03	-1.60098147170706E-01
 1.98281077813375E+03	-5.42616362913060E-02
 1.98281351603378E+03	 4.02768023878236E-02
 1.98281625393381E+03	 1.26745637547862E-01
 1.98281899183384E+03	 2.17452244778827E-01
 1.98282172973387E+03	 3.06470692803452E-01
 1.98282446763390E+03	 3.58550084956911E-01
 1.98282720553393E+03	 3.31039562709604E-01
 1.98282994343396E+03	 2.10572033809254E-01
 1.98283268133399E+03	 2.95694750265143E-02
 1.98283541923402E+03	-1.52057474451717E-01
 1.98283815713405E+03	-2.80684953467787E-01
 1.98284089503408E+03	-3.28338707512220E-01
 1.98284363293411E+03	-2.88988861062512E-01
 1.98284637083415E+03	-1.68941059093601E-01
 1.98284910873418E+03	 1.07155461633528E-02
 1.98285184663421E+03	 2.04477125656333E-01
 1.98285458453424E+03	 3.47339445653151E-01
 1.98285732243427E+03	 3.83906490130239E-01
 1.98286006033430E+03	 3.02161070531630E-01
 1.98286279823433E+03	 1.40800048008716E-01
 1.98286553613436E+03	-3.83000397256377E-02
 1.98286827403439E+03	-1.87464354258327E-01
 1.98287101193442E+03	-2.88464917601218E-01
 1.98287374983445E+03	-3.40083671426568E-01
 1.98287648773448E+03	-3.40939181012807E-01
 1.98287922563451E+03	-2.89378453754887E-01
 1.98288196353454E+03	-1.96078503580850E-01
 1.98288470143458E+03	-8.71528426645729E-02
 1.98288743933461E+03	 1.23269146870140E-02
 1.98289017723464E+03	 9.75914486015418E-02
 1.98289291513467E+03	 1.81610737943389E-01
 1.98289565303470E+03	 2.69456668963742E-01
 1.98289839093473E+03	 3.37015139788275E-01
 1.98290112883476E+03	 3.40700166246327E-01
 1.98290386673479E+03	 2.52819724605637E-01
 1.98290660463482E+03	 8.92224545881213E-02
 1.98290934253485E+03	-9.67353677615009E-02
 1.98291208043488E+03	-2.46004417797890E-01
 1.98291481833491E+03	-3.21065014723642E-01
 1.98291755623494E+03	-3.09568604567828E-01
 1.98292029413498E+03	-2.14042176105741E-01
 1.98292303203501E+03	-4.91842161210804E-02
 1.98292576993504E+03	 1.48685532954003E-01
 1.98292850783507E+03	 3.18716428923126E-01
 1.98293124573510E+03	 3.96915600742668E-01
 1.98293398363513E+03	 3.52559511730396E-01
 1.98293672153516E+03	 2.08248869827448E-01
 1.98293945943519E+03	 2.33751772418900E-02
 1.98294219733522E+03	-1.44505636325869E-01
 1.98294493523525E+03	-2.65921371692133E-01
 1.98294767313528E+03	-3.35564688173171E-01
 1.98295041103531E+03	-3.53336377951614E-01
 1.98295314893534E+03	-3.16953667708297E-01
 1.98295588683538E+03	-2.32274142948256E-01
 1.98295862473541E+03	-1.22235929903437E-01
 1.98296136263544E+03	-1.63719295543445E-02
 1.98296410053547E+03	 7.13525665335870E-02
 1.98296683843550E+03	 1.50186596611773E-01
 1.98296957633553E+03	 2.32985104909739E-01
 1.98297231423556E+03	 3.08546427213312E-01
 1.98297505213559E+03	 3.37976213961469E-01
 1.98297779003562E+03	 2.83582418451203E-01
 1.98298052793565E+03	 1.43873550946499E-01
 1.98298326583568E+03	-3.88919682562785E-02
 1.98298600373571E+03	-2.04050680000479E-01
 1.98298874163574E+03	-3.04942000524155E-01
 1.98299147953577E+03	-3.21417601242135E-01
 1.98299421743581E+03	-2.51947236276317E-01
 1.98299695533584E+03	-1.06255291971289E-01
 1.98299969323587E+03	 8.81812768309824E-02
 1.98300243113590E+03	 2.77780740591294E-01
 1.98300516903593E+03	 3.94930375787135E-01
 1.98300790693596E+03	 3.92518633290980E-01
 1.98301064483599E+03	 2.74136724949409E-01
 1.98301338273602E+03	 9.10088762057917E-02
 1.98301612063605E+03	-9.28637837229782E-02
 1.98301885853608E+03	-2.35680345047892E-01
 1.98302159643611E+03	-3.24923315337627E-01
 1.98302433433614E+03	-3.60488759902041E-01
 1.98302707223617E+03	-3.40728422536352E-01
 1.98302981013621E+03	-2.67678363051869E-01
 1.98303254803624E+03	-1.59447445607777E-01
 1.98303528593627E+03	-4.71382089743741E-02
 1.98303802383630E+03	 4.64366283483995E-02
 1.98304076173633E+03	 1.23171439510800E-01
 1.98304349963636E+03	 1.99340229856861E-01
 1.98304623753639E+03	 2.76334575669068E-01
 1.98304897543642E+03	 3.24632221961306E-01
 1.98305171333645E+03	 3.02020948677727E-01
 1.98305445123648E+03	 1.90947849928524E-01
 1.98305718913651E+03	 1.89824112796405E-02
 1.98305992703654E+03	-1.56168008459655E-01
 1.98306266493657E+03	-2.80365503512589E-01
 1.98306540283661E+03	-3.24479292961176E-01
 1.98306814073664E+03	-2.81958035925730E-01
 1.98307087863667E+03	-1.58591925019352E-01
 1.98307361653670E+03	 2.58123519179492E-02
 1.98307635443673E+03	 2.26757092756892E-01
 1.98307909233676E+03	 3.77835867174582E-01
 1.98308183023679E+03	 4.19408004663343E-01
 1.98308456813682E+03	 3.35020269142353E-01
 1.98308730603685E+03	 1.62425768072033E-01
 1.98309004393688E+03	-3.27563793202016E-02
 1.98309278183691E+03	-1.96910603984121E-01
 1.98309551973694E+03	-3.07422095883678E-01
 1.98309825763697E+03	-3.61907614211425E-01
 1.98310099553701E+03	-3.59907124187456E-01
 1.98310373343704E+03	-3.01143028410299E-01
 1.98310647133707E+03	-1.98214081058990E-01
 1.98310920923710E+03	-8.08420049892780E-02
 1.98311194713713E+03	 2.10598883857762E-02
 1.98311468503716E+03	 9.96882297418148E-02
 1.98311742293719E+03	 1.69934837537764E-01
 1.98312016083722E+03	 2.43468175750675E-01
 1.98312289873725E+03	 3.03204882210191E-01
 1.98312563663728E+03	 3.08294360897457E-01
 1.98312837453731E+03	 2.28360362346101E-01
 1.98313111243734E+03	 7.42295711530359E-02
 1.98313385033737E+03	-1.04109344526449E-01
 1.98313658823740E+03	-2.47982869822623E-01
 1.98313932613744E+03	-3.18836607574215E-01
 1.98314206403747E+03	-3.03686471517781E-01
 1.98314480193750E+03	-2.04764141158694E-01
 1.98314753983753E+03	-3.57736177912611E-02
 1.98315027773756E+03	 1.68352729502822E-01
 1.98315301563759E+03	 3.46499807698653E-01
 1.98315575353762E+03	 4.31361685810533E-01
 1.98315849143765E+03	 3.87426015239397E-01
 1.98316122933768E+03	 2.34755257531954E-01
 1.98316396723771E+03	 3.48938140888271E-02
 1.98316670513774E+03	-1.49016019033681E-01
 1.98316944303777E+03	-2.82202741170803E-01
 1.98317218093780E+03	-3.57040869965194E-01
 1.98317491883784E+03	-3.73812671877797E-01
 1.98317765673787E+03	-3.31510400245634E-01
 1.98318039463790E+03	-2.37548707107811E-01
 1.98318313253793E+03	-1.17780433539861E-01
 1.98318587043796E+03	-6.45063574157490E-03
 1.98318860833799E+03	 7.81972926783381E-02
 1.98319134623802E+03	 1.45193857271770E-01
 1.98319408413805E+03	 2.12570675209774E-01
 1.98319682203808E+03	 2.76706995307465E-01
 1.98319955993811E+03	 3.03564217100270E-01
 1.98320229783814E+03	 2.54754131752936E-01
 1.98320503573817E+03	 1.24238020055546E-01
 1.98320777363820E+03	-5.00029367595643E-02
 1.98321051153824E+03	-2.08761179132936E-01
 1.98321324943827E+03	-3.04713266724017E-01
 1.98321598733830E+03	-3.16965982238280E-01
 1.98321872523833E+03	-2.43795011449653E-01
 1.98322146313836E+03	-9.42985387311539E-02
 1.98322420103839E+03	 1.05494580674546E-01
 1.98322693893842E+03	 3.02668015550972E-01
 1.98322967683845E+03	 4.27462434810674E-01
 1.98323241473848E+03	 4.28171425362075E-01
 1.98323515263851E+03	 3.04607008844874E-01
 1.98323789053854E+03	 1.08372347295907E-01
 1.98324062843857E+03	-9.18335520662242E-02
 1.98324336633860E+03	-2.48376573935062E-01
 1.98324610423863E+03	-3.45220608052495E-01
 1.98324884213867E+03	-3.81849212596824E-01
 1.98325158003870E+03	-3.57713193473427E-01
 1.98325431793873E+03	-2.76192511077607E-01
 1.98325705583876E+03	-1.57647090923958E-01
 1.98325979373879E+03	-3.73926036649719E-02
 1.98326253163882E+03	 5.67818709772590E-02
 1.98326526953885E+03	 1.24572774974712E-01
 1.98326800743888E+03	 1.85500871793286E-01
 1.98327074533891E+03	 2.48266484535020E-01
 1.98327348323894E+03	 2.89876088548512E-01
 1.98327622113897E+03	 2.69674864294948E-01
 1.98327895903900E+03	 1.66692716768176E-01
 1.98328169693903E+03	 3.74798710103796E-03
 1.98328443483907E+03	-1.64039546329455E-01
 1.98328717273910E+03	-2.82512315547451E-01
 1.98328991063913E+03	-3.21781805963142E-01
 1.98329264853916E+03	-2.75090115110225E-01
 1.98329538643919E+03	-1.47952082626560E-01
 1.98329812433922E+03	 4.10710078489970E-02
 1.98330086223925E+03	 2.48772117735922E-01
 1.98330360013928E+03	 4.07824862435746E-01
 1.98330633803931E+03	 4.54672574275175E-01
 1.98330907593934E+03	 3.68330682295851E-01
 1.98331181383937E+03	 1.85177635624783E-01
 1.98331455173940E+03	-2.58199590049270E-02
 1.98331728963943E+03	-2.05171735092822E-01
 1.98332002753947E+03	-3.25650086054465E-01
 1.98332276543950E+03	-3.83437344533515E-01
 1.98332550333953E+03	-3.78826724671390E-01
 1.98332824123956E+03	-3.12772340882747E-01
 1.98333097913959E+03	-1.99590259941052E-01
 1.98333371703962E+03	-7.24967539257383E-02
 1.98333645493965E+03	 3.34696112276403E-02
 1.98333919283968E+03	 1.06705517733058E-01
 1.98334193073971E+03	 1.63157985071374E-01
 1.98334466863974E+03	 2.20747300999172E-01
 1.98334740653977E+03	 2.69926071664014E-01
 1.98335014443980E+03	 2.73649653623616E-01
 1.98335288233983E+03	 1.99826736797682E-01
 1.98335562023986E+03	 5.46318281811194E-02
 1.98335835813990E+03	-1.15541881816148E-01
 1.98336109603993E+03	-2.52879214422900E-01
 1.98336383393996E+03	-3.18236199872885E-01
 1.98336657183999E+03	-2.98342891232908E-01
 1.98336930974002E+03	-1.95416130574195E-01
 1.98337204764005E+03	-2.22888509440892E-02
 1.98337478554008E+03	 1.87677966465424E-01
 1.98337752344011E+03	 3.73567583205513E-01
 1.98338026134014E+03	 4.65198258543617E-01
 1.98338299924017E+03	 4.22331686403326E-01
 1.98338573714020E+03	 2.62128285431530E-01
 1.98338847504023E+03	 4.78069537101628E-02
 1.98339121294026E+03	-1.52120813285586E-01
 1.98339395084030E+03	-2.97446884158666E-01
 1.98339668874033E+03	-3.77945004582375E-01
 1.98339942664036E+03	-3.94068860759269E-01
 1.98340216454039E+03	-3.45942605836497E-01
 1.98340490244042E+03	-2.42340507003907E-01
 1.98340764034045E+03	-1.11830242974021E-01
 1.98341037824048E+03	 6.54281555086953E-03
 1.98341311614051E+03	 8.96578113640369E-02
 1.98341585404054E+03	 1.45417640929222E-01
 1.98341859194057E+03	 1.96403346142335E-01
 1.98342132984060E+03	 2.46737826576043E-01
 1.98342406774063E+03	 2.68149220940042E-01
 1.98342680564066E+03	 2.22636747165207E-01
 1.98342954354070E+03	 1.00247540881065E-01
 1.98343228144073E+03	-6.53317635793053E-02
 1.98343501934076E+03	-2.16768987296488E-01
 1.98343775724079E+03	-3.06555040843579E-01
 1.98344049514082E+03	-3.13441400408638E-01
 1.98344323304085E+03	-2.35824957870878E-01
 1.98344597094088E+03	-8.23732095519009E-02
 1.98344870884091E+03	 1.22410344790431E-01
 1.98345144674094E+03	 3.26680030322505E-01
 1.98345418464097E+03	 4.59036998359853E-01
 1.98345692254100E+03	 4.63404877790229E-01
 1.98345966044103E+03	 3.35569959015759E-01
 1.98346239834106E+03	 1.27003364999797E-01
 1.98346513624110E+03	-8.92618557520371E-02
 1.98346787414113E+03	-2.59748135756978E-01
 1.98347061204116E+03	-3.64639940057885E-01
 1.98347334994119E+03	-4.02755937188223E-01
 1.98347608784122E+03	-3.74487079503451E-01
 1.98347882574125E+03	-2.84378332218152E-01
 1.98348156364128E+03	-1.54800596788282E-01
 1.98348430154131E+03	-2.52058562737339E-02
 1.98348703944134E+03	 7.12472658458714E-02
 1.98348977734137E+03	 1.31206324553334E-01
 1.98349251524140E+03	 1.76613176665165E-01
 1.98349525314143E+03	 2.23290281211611E-01
 1.98349799104146E+03	 2.55429248195446E-01
 1.98350072894149E+03	 2.35025472716395E-01
 1.98350346684153E+03	 1.38549816991611E-01
 1.98350620474156E+03	-1.57007807779013E-02
 1.98350894264159E+03	-1.75493220055246E-01
 1.98351168054162E+03	-2.87131236311719E-01
 1.98351441844165E+03	-3.20398813442385E-01
 1.98351715634168E+03	-2.68680653665615E-01
 1.98351989424171E+03	-1.37469992013309E-01
 1.98352263214174E+03	 5.58910687724581E-02
 1.98352537004177E+03	 2.69804246401933E-01
 1.98352810794180E+03	 4.36555162410730E-01
 1.98353084584183E+03	 4.89043716568941E-01
 1.98353358374186E+03	 4.01663088166685E-01
 1.98353632164189E+03	 2.08932647708050E-01
 1.98353905954193E+03	-1.73190165067831E-02
 1.98354179744196E+03	-2.11870907119679E-01
 1.98354453534199E+03	-3.42686820446509E-01
 1.98354727324202E+03	-4.04233452227699E-01
 1.98355001114205E+03	-3.97366438243430E-01
 1.98355274904208E+03	-3.24108317778898E-01
 1.98355548694211E+03	-2.00249558031304E-01
 1.98355822484214E+03	-6.23050620299022E-02
 1.98356096274217E+03	 4.93828490080131E-02
 1.98356370064220E+03	 1.18701870127919E-01
 1.98356643854223E+03	 1.61732542569673E-01
 1.98356917644226E+03	 2.02145254225831E-01
 1.98357191434229E+03	 2.38264404953174E-01
 1.98357465224233E+03	 2.37842058664879E-01
 1.98357739014236E+03	 1.68085882436024E-01
 1.98358012804239E+03	 3.10057984918349E-02
 1.98358286594242E+03	-1.30724062064954E-01
 1.98358560384245E+03	-2.60590313446916E-01
 1.98358834174248E+03	-3.19322413301896E-01
 1.98359107964251E+03	-2.93749102186729E-01
 1.98359381754254E+03	-1.86373385662829E-01
 1.98359655544257E+03	-9.27674075840702E-03
 1.98359929334260E+03	 2.05963294659229E-01
 1.98360203124263E+03	 3.99139632287799E-01
 1.98360476914266E+03	 4.97684343625021E-01
 1.98360750704269E+03	 4.56719344713620E-01
 1.98361024494272E+03	 2.90105212116805E-01
 1.98361298284276E+03	 6.21720700438658E-02
 1.98361572074279E+03	-1.53508018174818E-01
 1.98361845864282E+03	-3.11204042522861E-01
 1.98362119654285E+03	-3.97807049261739E-01
 1.98362393444288E+03	-4.13710284275936E-01
 1.98362667234291E+03	-3.60008314236308E-01
 1.98362941024294E+03	-2.46612398825773E-01
 1.98363214814297E+03	-1.04541407409185E-01
 1.98363488604300E+03	 2.23752708259649E-02
 1.98363762394303E+03	 1.05629505243810E-01
 1.98364036184306E+03	 1.51085275482159E-01
 1.98364309974309E+03	 1.85126139864054E-01
 1.98364583764312E+03	 2.19605673972768E-01
 1.98364857554316E+03	 2.32804495690368E-01
 1.98365131344319E+03	 1.88186057313307E-01
 1.98365405134322E+03	 7.26090676335836E-02
 1.98365678924325E+03	-8.44387910514586E-02
 1.98365952714328E+03	-2.27856440511170E-01
 1.98366226504331E+03	-3.10425545978101E-01
 1.98366500294334E+03	-3.10962628537126E-01
 1.98366774084337E+03	-2.28326975289520E-01
 1.98367047874340E+03	-7.09547655614804E-02
 1.98367321664343E+03	 1.38274173910794E-01
 1.98367595454346E+03	 3.49034615327017E-01
 1.98367869244349E+03	 4.88852237491347E-01
 1.98368143034352E+03	 4.97545728713418E-01
 1.98368416824356E+03	 3.66617608188737E-01
 1.98368690614359E+03	 1.46824207006962E-01
 1.98368964404362E+03	-8.49293446494590E-02
 1.98369238194365E+03	-2.69383450287417E-01
 1.98369511984368E+03	-3.82700678926236E-01
 1.98369785774371E+03	-4.22765243668808E-01
 1.98370059564374E+03	-3.90730040840849E-01
 1.98370333354377E+03	-2.92109497782151E-01
 1.98370607144380E+03	-1.51001233581388E-01
 1.98370880934383E+03	-1.08238154685557E-02
 1.98371154724386E+03	 8.96097026678423E-02
 1.98371428514389E+03	 1.43093206612740E-01
 1.98371702304392E+03	 1.73092918514327E-01
 1.98371976094395E+03	 2.02204728202518E-01
 1.98372249884399E+03	 2.22305178539597E-01
 1.98372523674402E+03	 1.99073317611178E-01
 1.98372797464405E+03	 1.07333968656366E-01
 1.98373071254408E+03	-3.87989859114915E-02
 1.98373345044411E+03	-1.90194476334559E-01
 1.98373618834414E+03	-2.94075820109245E-01
 1.98373892624417E+03	-3.20351126854249E-01
 1.98374166414420E+03	-2.62925340047019E-01
 1.98374440204423E+03	-1.27535145742586E-01
 1.98374713994426E+03	 6.96833337364888E-02
 1.98374987784429E+03	 2.89096835317806E-01
 1.98375261574432E+03	 4.63192346858722E-01
 1.98375535364435E+03	 5.21752076987866E-01
 1.98375809154439E+03	 4.34467796983572E-01
 1.98376082944442E+03	 2.33463279914546E-01
 1.98376356734445E+03	-7.15301663910579E-03
 1.98376630524448E+03	-2.16662623857610E-01
 1.98376904314451E+03	-3.58064465667001E-01
 1.98377178104454E+03	-4.23821011293620E-01
 1.98377451894457E+03	-4.15139464284344E-01
 1.98377725684460E+03	-3.34934508173267E-01
 1.98377999474463E+03	-2.00201212055863E-01
 1.98378273264466E+03	-5.04831590470433E-02
 1.98378547054469E+03	 6.85076870016008E-02
 1.98378820844472E+03	 1.35525742101347E-01
 1.98379094634475E+03	 1.65845821740452E-01
 1.98379368424479E+03	 1.88256091317436E-01
 1.98379642214482E+03	 2.09118613748822E-01
 1.98379916004485E+03	 2.01866467647354E-01
 1.98380189794488E+03	 1.34028723966642E-01
 1.98380463584491E+03	 4.02886531268842E-03
 1.98380737374494E+03	-1.49206147282677E-01
 1.98381011164497E+03	-2.70863130160412E-01
 1.98381284954500E+03	-3.22015060785252E-01
 1.98381558744503E+03	-2.90000983315423E-01
 1.98381832534506E+03	-1.77928548752049E-01
 1.98382106324509E+03	 2.75716344868373E-03
 1.98382380114512E+03	 2.22504053768556E-01
 1.98382653904515E+03	 4.22379837739277E-01
 1.98382927694519E+03	 5.27981417711446E-01
 1.98383201484522E+03	 4.89910508852033E-01
 1.98383475274525E+03	 3.18302362597010E-01
 1.98383749064528E+03	 7.79487412070875E-02
 1.98384022854531E+03	-1.52926588330941E-01
 1.98384296644534E+03	-3.23045341062606E-01
 1.98384570434537E+03	-4.16141916040489E-01
 1.98384844224540E+03	-4.32299133559068E-01
 1.98385118014543E+03	-3.73407505790044E-01
 1.98385391804546E+03	-2.50278428858268E-01
 1.98385665594549E+03	-9.60663038642085E-02
 1.98385939384552E+03	 4.07358491852703E-02
 1.98386213174555E+03	 1.25832616346773E-01
 1.98386486964558E+03	 1.62171872708260E-01
 1.98386760754562E+03	 1.79107249534356E-01
 1.98387034544565E+03	 1.96046341194957E-01
 1.98387308334568E+03	 1.98465949726367E-01
 1.98387582124571E+03	 1.52329143552530E-01
 1.98387855914574E+03	 4.20917048520045E-02
 1.98388129704577E+03	-1.06765862620456E-01
 1.98388403494580E+03	-2.41664716589955E-01
 1.98388677284583E+03	-3.16142833500328E-01
 1.98388951074586E+03	-3.09523189779489E-01
 1.98389224864589E+03	-2.21489909112857E-01
 1.98389498654592E+03	-6.04507473353128E-02
 1.98389772444595E+03	 1.52457022954448E-01
 1.98390046234598E+03	 3.68925282946660E-01
 1.98390320024602E+03	 5.16032487355924E-01
 1.98390593814605E+03	 5.29808643608521E-01
 1.98390867604608E+03	 3.97213409341945E-01
 1.98391141394611E+03	 1.67637753183146E-01
 1.98391415184614E+03	-7.87062225215274E-02
 1.98391688974617E+03	-2.76920570414546E-01
 1.98391962764620E+03	-3.98931509667598E-01
 1.98392236554623E+03	-4.41407640709722E-01
 1.98392510344626E+03	-4.06071175167134E-01
 1.98392784134629E+03	-2.99203348690718E-01
 1.98393057924632E+03	-1.46313399572066E-01
 1.98393331714635E+03	 5.46920239778987E-03
 1.98393605504638E+03	 1.11511884683405E-01
 1.98393879294642E+03	 1.60028010133675E-01
 1.98394153084645E+03	 1.75078605647325E-01
 1.98394426874648E+03	 1.85545579153881E-01
 1.98394700664651E+03	 1.91328679424075E-01
 1.98394974454654E+03	 1.62735548110626E-01
 1.98395248244657E+03	 7.38771949249790E-02
 1.98395522034660E+03	-6.48928116725557E-02
 1.98395795824663E+03	-2.07682836728577E-01
 1.98396069614666E+03	-3.03063801925778E-01
 1.98396343404669E+03	-3.21530065742040E-01
 1.98396617194672E+03	-2.57906086674828E-01
 1.98396890984675E+03	-1.18447319893993E-01
 1.98397164774678E+03	 8.19138025455641E-02
 1.98397438564681E+03	 3.05902602387958E-01
 1.98397712354685E+03	 4.86858434578157E-01
 1.98397986144688E+03	 5.51935135804843E-01
 1.98398259934691E+03	 4.66068858399026E-01
 1.98398533724694E+03	 2.58408478704064E-01
 1.98398807514697E+03	 4.66370617941339E-03
 1.98399081304700E+03	-2.19280215601271E-01
 1.98399355094703E+03	-3.71351713725580E-01
 1.98399628884706E+03	-4.41721059064480E-01
 1.98399902674709E+03	-4.31721457958589E-01
 1.98400176464712E+03	-3.44978510355595E-01
 1.98400450254715E+03	-1.99408449032802E-01
 1.98400724044718E+03	-3.72511905063787E-02
 1.98400997834721E+03	 9.04611948218625E-02
 1.98401271624725E+03	 1.56834787681811E-01
 1.98401545414728E+03	 1.75420253870999E-01
 1.98401819204731E+03	 1.79392853997398E-01
 1.98402092994734E+03	 1.83155858654917E-01
 1.98402366784737E+03	 1.66580845659421E-01
 1.98402640574740E+03	 9.85140873178107E-02
 1.98402914364743E+03	-2.55689044497200E-02
 1.98403188154746E+03	-1.70434191152516E-01
 1.98403461944749E+03	-2.83318859308166E-01
 1.98403735734752E+03	-3.26105738852260E-01
 1.98404009524755E+03	-2.87073805347273E-01
 1.98404283314758E+03	-1.70268554314998E-01
 1.98404557104761E+03	 1.33882015376911E-02
 1.98404830894765E+03	 2.36638043401897E-01
 1.98405104684768E+03	 4.42442983318703E-01
 1.98405378474771E+03	 5.55185144620187E-01
 1.98405652264774E+03	 5.21113132546255E-01
 1.98405926054777E+03	 3.46197562782571E-01
 1.98406199844780E+03	 9.49619522658594E-02
 1.98406473634783E+03	-1.50231971170440E-01
 1.98406747424786E+03	-3.32607157896386E-01
 1.98407021214789E+03	-4.32485691997780E-01
 1.98407295004792E+03	-4.49378587955231E-01
 1.98407568794795E+03	-3.85791899276343E-01
 1.98407842584798E+03	-2.53198115849557E-01
 1.98408116374801E+03	-8.65337000848227E-02
 1.98408390164804E+03	 6.12643705639155E-02
 1.98408663954808E+03	 1.49838835634393E-01
 1.98408937744811E+03	 1.78413220761462E-01
 1.98409211534814E+03	 1.78430901771210E-01
 1.98409485324817E+03	 1.76532583437282E-01
 1.98409759114820E+03	 1.65883625768702E-01
 1.98410032904823E+03	 1.15909843398187E-01
 1.98410306694826E+03	 9.47553919223006E-03
 1.98410580484829E+03	-1.31678557876570E-01
 1.98410854274832E+03	-2.57724909235608E-01
 1.98411128064835E+03	-3.23403309543934E-01
 1.98411401854838E+03	-3.08994898105139E-01
 1.98411675644841E+03	-2.15387156513262E-01
 1.98411949434844E+03	-5.11677460709080E-02
 1.98412223224848E+03	 1.64402413484490E-01
 1.98412497014851E+03	 3.85572402562747E-01
 1.98412770804854E+03	 5.39670082587666E-01
 1.98413044594857E+03	 5.59317320517094E-01
 1.98413318384860E+03	 4.26687662267471E-01
 1.98413592174863E+03	 1.89100304607145E-01
 1.98413865964866E+03	-7.05931424526646E-02
 1.98414139754869E+03	-2.82091425219520E-01
 1.98414413544872E+03	-4.12909806154348E-01
 1.98414687334875E+03	-4.58217327241728E-01
 1.98414961124878E+03	-4.20105382888798E-01
 1.98415234914881E+03	-3.05422656329930E-01
 1.98415508704884E+03	-1.40758879880833E-01
 1.98415782494888E+03	 2.33766135949613E-02
 1.98416056284891E+03	 1.36492873410215E-01
 1.98416330074894E+03	 1.81602017238764E-01
 1.98416603864897E+03	 1.82436625461196E-01
 1.98416877654900E+03	 1.73567645971867E-01
 1.98417151444903E+03	 1.63097673550888E-01
 1.98417425234906E+03	 1.26796045728247E-01
 1.98417699024909E+03	 3.89770452331185E-02
 1.98417972814912E+03	-9.32857418277401E-02
 1.98418246604915E+03	-2.27408893472264E-01
 1.98418520394918E+03	-3.13702877445873E-01
 1.98418794184921E+03	-3.23709502332073E-01
 1.98419067974924E+03	-2.53585857405563E-01
 1.98419341764928E+03	-1.10391810234692E-01
 1.98419615554931E+03	 9.21461342719051E-02
 1.98419889344934E+03	 3.19535824477265E-01
 1.98420163134937E+03	 5.06681164189889E-01
 1.98420436924940E+03	 5.78670553739543E-01
 1.98420710714943E+03	 4.95673193622573E-01
 1.98420984504946E+03	 2.83258106275829E-01
 1.98421258294949E+03	 1.79683428893747E-02
 1.98421532084952E+03	-2.19577517505722E-01
 1.98421805874955E+03	-3.82194409046160E-01
 1.98422079664958E+03	-4.57484049351180E-01
 1.98422353454961E+03	-4.46673164941339E-01
 1.98422627244964E+03	-3.53921073693447E-01
 1.98422901034967E+03	-1.97782040199641E-01
 1.98423174824971E+03	-2.28117517143201E-02
 1.98423448614974E+03	 1.14800548985721E-01
 1.98423722404977E+03	 1.82126344976436E-01
 1.98423996194980E+03	 1.90131299490963E-01
 1.98424269984983E+03	 1.75584431814294E-01
 1.98424543774986E+03	 1.60786240951154E-01
 1.98424817564989E+03	 1.32664173208198E-01
 1.98425091354992E+03	 6.23193752455380E-02
 1.98425365144995E+03	-5.70528799452037E-02
 1.98425638934998E+03	-1.93791606450209E-01
 1.98425912725001E+03	-2.97485015825023E-01
 1.98426186515004E+03	-3.31277743351521E-01
 1.98426460305007E+03	-2.84826257406765E-01
 1.98426734095011E+03	-1.63459187556388E-01
 1.98427007885014E+03	 2.23079690682269E-02
 1.98427281675017E+03	 2.47795522924315E-01
 1.98427555465020E+03	 4.58528325012762E-01
 1.98427829255023E+03	 5.78368939656986E-01
 1.98428103045026E+03	 5.49444197989856E-01
 1.98428376835029E+03	 3.73127648818681E-01
 1.98428650625032E+03	 1.12878190957489E-01
 1.98428924415035E+03	-1.45422682150289E-01
 1.98429198205038E+03	-3.39630858132843E-01
 1.98429471995041E+03	-4.46431380751121E-01
 1.98429745785044E+03	-4.64500159811313E-01
 1.98430019575047E+03	-3.96780724295488E-01
 1.98430293365051E+03	-2.55177688996862E-01
 1.98430567155054E+03	-7.60338728366041E-02
 1.98430840945057E+03	 8.35799328361794E-02
 1.98431114735060E+03	 1.77105602199369E-01
 1.98431388525063E+03	 1.99334006367888E-01
 1.98431662315066E+03	 1.82908528581600E-01
 1.98431936105069E+03	 1.61262897015662E-01
 1.98432209895072E+03	 1.35590296160404E-01
 1.98432483685075E+03	 7.96448030733790E-02
 1.98432757475078E+03	-2.44959552493330E-02
 1.98433031265081E+03	-1.58510635497139E-01
 1.98433305055084E+03	-2.75495217993627E-01
 1.98433578845087E+03	-3.31808598339765E-01
 1.98433852635090E+03	-3.09140602603196E-01
 1.98434126425094E+03	-2.09970972893420E-01
 1.98434400215097E+03	-4.32848526256054E-02
 1.98434674005100E+03	 1.73671318656701E-01
 1.98434947795103E+03	 3.98277677053435E-01
 1.98435221585106E+03	 5.58876386011647E-01
 1.98435495375109E+03	 5.85139334442527E-01
 1.98435769165112E+03	 4.54248693884026E-01
 1.98436042955115E+03	 2.10709330689291E-01
 1.98436316745118E+03	-6.07502108386730E-02
 1.98436590535121E+03	-2.84758348742010E-01
 1.98436864325124E+03	-4.24297755133577E-01
 1.98437138115127E+03	-4.72762706059650E-01
 1.98437411905130E+03	-4.32414699080954E-01
 1.98437685695134E+03	-3.10484270895044E-01
 1.98437959485137E+03	-1.34309646055635E-01
 1.98438233275140E+03	 4.26129822186224E-02
 1.98438507065143E+03	 1.64022694009265E-01
 1.98438780855146E+03	 2.07238584765569E-01
 1.98439054645149E+03	 1.94785159337968E-01
 1.98439328435152E+03	 1.66248419344378E-01
 1.98439602225155E+03	 1.37964715916811E-01
 1.98439876015158E+03	 9.18698145179037E-02
 1.98440149805161E+03	 3.35223962082657E-03
 1.98440423595164E+03	-1.23283840596497E-01
 1.98440697385167E+03	-2.48775126675981E-01
 1.98440971175170E+03	-3.25523345876763E-01
 1.98441244965174E+03	-3.26566466277408E-01
 1.98441518755177E+03	-2.49812562446065E-01
 1.98441792545180E+03	-1.03422741258243E-01
 1.98442066335183E+03	 1.00079002566714E-01
 1.98442340125186E+03	 3.29424385888938E-01
 1.98442613915189E+03	 5.21849229943668E-01
 1.98442887705191E+03	 6.01021165747884E-01
 1.98443161495195E+03	 5.22395103565497E-01
 1.98443435285198E+03	 3.07353631773582E-01
 1.98443709075201E+03	 3.24303943018775E-02
 1.98443982865204E+03	-2.17559834875314E-01
 1.98444256655207E+03	-3.90349977438776E-01
 1.98444530445210E+03	-4.70721777047299E-01
 1.98444804235213E+03	-4.59565863079163E-01
 1.98445078025217E+03	-3.61411307073007E-01
 1.98445351815220E+03	-1.95181105862304E-01
 1.98445625605223E+03	-7.33354751941907E-03
 1.98445899395226E+03	 1.41054692518178E-01
 1.98446173185229E+03	 2.10776419003273E-01
 1.98446446975232E+03	 2.09441591134648E-01
 1.98446720765235E+03	 1.76593466365724E-01
 1.98446994555238E+03	 1.42158670471982E-01
 1.98447268345241E+03	 1.00591823048115E-01
 1.98447542135244E+03	 2.61022793462591E-02
 1.98447815925247E+03	-8.97276467884018E-02
 1.98448089715250E+03	-2.18641863443513E-01
 1.98448363505253E+03	-3.12832469288932E-01
 1.98448637295257E+03	-3.37133382657912E-01
 1.98448911085260E+03	-2.83013267516756E-01
 1.98449184875263E+03	-1.57438601164724E-01
 1.98449458665266E+03	 2.93523849420346E-02
 1.98449732455269E+03	 2.55545823299943E-01
 1.98450006245272E+03	 4.69935549577121E-01
 1.98450280035275E+03	 5.96636279883228E-01
 1.98450553825278E+03	 5.73966264498918E-01
 1.98450827615281E+03	 3.98302577996682E-01
 1.98451101405284E+03	 1.31197780516880E-01
 1.98451375195287E+03	-1.38663449018969E-01
 1.98451648985290E+03	-3.43993359108413E-01
 1.98451922775293E+03	-4.57660325585947E-01
 1.98452196565297E+03	-4.77251554164134E-01
 1.98452470355300E+03	-4.05981180869329E-01
 1.98452744145303E+03	-2.55978503100994E-01
 1.98453017935306E+03	-6.46104495212516E-02
 1.98453291725309E+03	 1.07306902501028E-01
 1.98453565515312E+03	 2.07015057723453E-01
 1.98453839305315E+03	 2.24288950895597E-01
 1.98454113095318E+03	 1.92109331772913E-01
 1.98454386885321E+03	 1.50172201337869E-01
 1.98454660675324E+03	 1.07889914176875E-01
 1.98454934465327E+03	 4.40940045446064E-02
 1.98455208255330E+03	-5.91556486605710E-02
 1.98455482045333E+03	-1.86606604913431E-01
 1.98455755835337E+03	-2.94400782324514E-01
 1.98456029625340E+03	-3.40898186056970E-01
 1.98456303415343E+03	-3.09634869008773E-01
 1.98456577205346E+03	-2.05075910190890E-01
 1.98456850995349E+03	-3.68358999913394E-02
 1.98457124785352E+03	 1.79980852680655E-01
 1.98457398575355E+03	 4.06477400889080E-01
 1.98457672365358E+03	 5.72838083110465E-01
 1.98457946155361E+03	 6.06332559992082E-01
 1.98458219945364E+03	 4.79009951460635E-01
 1.98458493735367E+03	 2.31808471975800E-01
 1.98458767525370E+03	-4.95103227320916E-02
 1.98459041315373E+03	-2.84938623410253E-01
 1.98459315105376E+03	-4.32871276218814E-01
 1.98459588895380E+03	-4.84674816465646E-01
 1.98459862685383E+03	-4.42592366077970E-01
 1.98460136475386E+03	-3.14074125844346E-01
 1.98460410265389E+03	-1.26888153875742E-01
 1.98460684055392E+03	 6.29223597601996E-02
 1.98460957845395E+03	 1.93537887191714E-01
 1.98461231635398E+03	 2.36237618387923E-01
 1.98461505425401E+03	 2.11534831729845E-01
 1.98461779215404E+03	 1.63312942636352E-01
 1.98462053005407E+03	 1.16039816891145E-01
 1.98462326795410E+03	 5.83847589313653E-02
 1.98462600585413E+03	-3.23903939655600E-02
 1.98462874375416E+03	-1.54235967932335E-01
 1.98463148165420E+03	-2.71176749564933E-01
 1.98463421955423E+03	-3.38014529911336E-01
 1.98463695745426E+03	-3.29708324816490E-01
 1.98463969535429E+03	-2.46331587747758E-01
 1.98464243325432E+03	-9.74558919507468E-02
 1.98464517115435E+03	 1.05575082844329E-01
 1.98464790905438E+03	 3.35157248129461E-01
 1.98465064695441E+03	 5.31669005726297E-01
 1.98465338485444E+03	 6.18088390148716E-01
 1.98465612275447E+03	 5.45294987235730E-01
 1.98465886065450E+03	 3.29906139316729E-01
 1.98466159855453E+03	 4.75496856714541E-02
 1.98466433645456E+03	-2.13400443792937E-01
 1.98466707435460E+03	-3.95711825404969E-01
 1.98466981225463E+03	-4.81134462267280E-01
 1.98467255015466E+03	-4.70007205136602E-01
 1.98467528805469E+03	-3.67086776265191E-01
 1.98467802595472E+03	-1.91421365403814E-01
 1.98468076385475E+03	 9.05816144304213E-03
 1.98468350175478E+03	 1.68753654288681E-01
 1.98468623965481E+03	 2.42083756763285E-01
 1.98468897755484E+03	 2.32648364226840E-01
 1.98469171545487E+03	 1.81953733241943E-01
 1.98469445335490E+03	 1.27178400828285E-01
 1.98469719125493E+03	 7.06304789115352E-02
 1.98469992915496E+03	-9.62309717292252E-03
 1.98470266705499E+03	-1.22972491205857E-01
 1.98470540495503E+03	-2.44368378653409E-01
 1.98470814285506E+03	-3.28813944240981E-01
 1.98471088075509E+03	-3.43226086289143E-01
 1.98471361865512E+03	-2.81306367679816E-01
 1.98471635655515E+03	-1.52020325387892E-01
 1.98471909445518E+03	 3.45199791757011E-02
 1.98472183235521E+03	 2.59636499841301E-01
 1.98472457025524E+03	 4.76118443114435E-01
 1.98472730815527E+03	 6.09177718550258E-01
 1.98473004605530E+03	 5.93735592317375E-01
 1.98473278395533E+03	 4.20835902599473E-01
 1.98473552185536E+03	 1.49265173559924E-01
 1.98473825975539E+03	-1.30291931096486E-01
 1.98474099765543E+03	-3.45725061553820E-01
 1.98474373555546E+03	-4.65966016965596E-01
 1.98474647345549E+03	-4.87282345838667E-01
 1.98474921135552E+03	-4.13011809858493E-01
 1.98475194925555E+03	-2.55332068086068E-01
 1.98475468715558E+03	-5.22598838595979E-02
 1.98475742505561E+03	 1.32095937420583E-01
 1.98476016295564E+03	 2.38914238795729E-01
 1.98476290085567E+03	 2.52513290921377E-01
 1.98476563875570E+03	 2.05407546275300E-01
 1.98476837665573E+03	 1.42963380514296E-01
 1.98477111455576E+03	 8.28668049757216E-02
 1.98477385245579E+03	 9.64827604130271E-03
 1.98477659035583E+03	-9.39411094451461E-02
 1.98477932825586E+03	-2.15358547872461E-01
 1.98478206615589E+03	-3.13872445485726E-01
 1.98478480405592E+03	-3.50184756318902E-01
 1.98478754195595E+03	-3.10090624905158E-01
 1.98479027985598E+03	-2.00431024358858E-01
 1.98479301775601E+03	-3.17020814978758E-02
 1.98479575565604E+03	 1.83233327705095E-01
 1.98479849355607E+03	 4.09789939208575E-01
 1.98480123145610E+03	 5.80874202197816E-01
 1.98480396935613E+03	 6.21999774922563E-01
 1.98480670725616E+03	 5.00031510439364E-01
 1.98480944515619E+03	 2.51610295110613E-01
 1.98481218305622E+03	-3.73747949822596E-02
 1.98481492095626E+03	-2.82814170047513E-01
 1.98481765885629E+03	-4.38538684686142E-01
 1.98482039675632E+03	-4.93670907965159E-01
 1.98482313465635E+03	-4.50267484625893E-01
 1.98482587255638E+03	-3.15867386532423E-01
 1.98482861045641E+03	-1.18375261301507E-01
 1.98483134835644E+03	 8.40898400938132E-02
 1.98483408625647E+03	 2.24474889923643E-01
 1.98483682415650E+03	 2.67825279814641E-01
 1.98483956205653E+03	 2.31942504190931E-01
 1.98484229995656E+03	 1.64277620647209E-01
 1.98484503785659E+03	 9.72141189552675E-02
 1.98484777575662E+03	 2.65822570672538E-02
 1.98485051365666E+03	-6.77748739355852E-02
 1.98485325155669E+03	-1.85565346487377E-01
 1.98485598945672E+03	-2.94038825127494E-01
 1.98485872735675E+03	-3.50661558258750E-01
 1.98486146525678E+03	-3.32703966512703E-01
 1.98486420315681E+03	-2.42805767461858E-01
 1.98486694105684E+03	-9.22717035187503E-02
 1.98486967895687E+03	 1.08679050447257E-01
 1.98487241685690E+03	 3.36523195165801E-01
 1.98487515475693E+03	 5.35618047701018E-01
 1.98487789265696E+03	 6.29069900770859E-01
 1.98488063055699E+03	 5.63429619638693E-01
 1.98488336845702E+03	 3.50030894776812E-01
 1.98488610635706E+03	 6.26725425092957E-02
 1.98488884425709E+03	-2.07440560799504E-01
 1.98489158215712E+03	-3.98321119130598E-01
 1.98489432005715E+03	-4.88530357460893E-01
 1.98489705795718E+03	-4.77665120054602E-01
 1.98489979585721E+03	-3.70596782000919E-01
 1.98490253375724E+03	-1.86290206807805E-01
 1.98490527165727E+03	 2.62834184088003E-02
 1.98490800955730E+03	 1.97452977247855E-01
 1.98491074745733E+03	 2.75315208787824E-01
 1.98491348535736E+03	 2.58939999644503E-01
 1.98491622325739E+03	 1.91023557987089E-01
 1.98491896115742E+03	 1.15544402186621E-01
 1.98492169905746E+03	 4.28527236358896E-02
 1.98492443695749E+03	-4.44938418411640E-02
 1.98492717485752E+03	-1.56265549055024E-01
 1.98492991275755E+03	-2.70408008432713E-01
 1.98493265065758E+03	-3.44900426614626E-01
 1.98493538855761E+03	-3.49094301385172E-01
 1.98493812645764E+03	-2.79319699279835E-01
 1.98494086435767E+03	-1.46905521683909E-01
 1.98494360225770E+03	 3.79787027571698E-02
 1.98494634015773E+03	 2.60021566606463E-01
 1.98494907805776E+03	 4.76731714619532E-01
 1.98495181595779E+03	 6.15328002069090E-01
 1.98495455385782E+03	 6.07858242094480E-01
 1.98495729175785E+03	 4.39789648269043E-01
 1.98496002965789E+03	 1.66296959766135E-01
 1.98496276755792E+03	-1.20807908988468E-01
 1.98496550545795E+03	-3.45013221353377E-01
 1.98496824335798E+03	-4.71268004991770E-01
 1.98497098125801E+03	-4.94325168744286E-01
 1.98497371915804E+03	-4.17526764396652E-01
 1.98497645705807E+03	-2.52960460501632E-01
 1.98497919495810E+03	-3.89386457865332E-02
 1.98498193285813E+03	 1.57638251994976E-01
 1.98498467075816E+03	 2.72153080505484E-01
 1.98498740865819E+03	 2.83178190878114E-01
 1.98499014655822E+03	 2.22042092370369E-01
 1.98499288445825E+03	 1.39156569075226E-01
 1.98499562235829E+03	 6.04143501604979E-02
 1.98499836025832E+03	-2.34655117525390E-02
 1.98500109815835E+03	-1.28409326985347E-01
 1.98500383605838E+03	-2.44234004637001E-01
 1.98500657395841E+03	-3.33380949793717E-01
 1.98500931185844E+03	-3.59188955217538E-01
 1.98501204975847E+03	-3.10089303854425E-01
 1.98501478765850E+03	-1.95679774631680E-01
 1.98501752555853E+03	-2.76156902464208E-02
 1.98502026345856E+03	 1.83533051617271E-01
 1.98502300135859E+03	 4.08053317068860E-01
 1.98502573925862E+03	 5.82489132830953E-01
 1.98502847715865E+03	 6.31347158385307E-01
 1.98503121505869E+03	 5.16372967835344E-01
 1.98503395295872E+03	 2.69235373988203E-01
 1.98503669085875E+03	-2.49912615005091E-02
 1.98503942875878E+03	-2.78725291561922E-01
 1.98504216665881E+03	-4.41347371947946E-01
 1.98504490455884E+03	-4.99571107802941E-01
 1.98504764245887E+03	-4.55128151804208E-01
 1.98505038035890E+03	-3.15552054189501E-01
 1.98505311825893E+03	-1.08625079808426E-01
 1.98505585615896E+03	 1.05945426138035E-01
 1.98505859405899E+03	 2.56298470303213E-01
 1.98506133195902E+03	 3.01204638438241E-01
 1.98506406985905E+03	 2.55173366244217E-01
 1.98506680775908E+03	 1.68508747347545E-01
 1.98506954565912E+03	 8.12018085307486E-02
 1.98507228355915E+03	-3.46407971901171E-03
 1.98507502145918E+03	-1.02459674563550E-01
 1.98507775935921E+03	-2.16789928212839E-01
 1.98508049725924E+03	-3.16846424230363E-01
 1.98508323515927E+03	-3.62979187218150E-01
 1.98508597305930E+03	-3.35116147547257E-01
 1.98508871095933E+03	-2.38841030976312E-01
 1.98509144885936E+03	-8.75282819566228E-02
 1.98509418675939E+03	 1.09622891621643E-01
 1.98509692465942E+03	 3.33537420595220E-01
 1.98509966255945E+03	 5.33390838162281E-01
 1.98510240045948E+03	 6.33316892923693E-01
 1.98510513835952E+03	 5.75910104093714E-01
 1.98510787625955E+03	 3.66795939797167E-01
 1.98511061415958E+03	 7.70250585216734E-02
 1.98511335205961E+03	-2.00172640885645E-01
 1.98511608995964E+03	-3.98364948797587E-01
 1.98511882785967E+03	-4.92836287786776E-01
 1.98512156575970E+03	-4.82287821954054E-01
 1.98512430365973E+03	-3.71626886068106E-01
 1.98512704155976E+03	-1.79567260159079E-01
 1.98512977945979E+03	 4.43017162195858E-02
 1.98513251735982E+03	 2.26751326523593E-01
 1.98513525525985E+03	 3.09748547794846E-01
 1.98513799315988E+03	 2.87456657853449E-01
 1.98514073105992E+03	 2.03050226883551E-01
 1.98514346895995E+03	 1.06802688528277E-01
 1.98514620685998E+03	 1.71693116208202E-02
 1.98514894476001E+03	-7.82895205775093E-02
 1.98515168266004E+03	-1.89194923048069E-01
 1.98515442056007E+03	-2.96275403890344E-01
 1.98515715846010E+03	-3.60612294910687E-01
 1.98515989636013E+03	-3.54294145995732E-01
 1.98516263426016E+03	-2.76639369805986E-01
 1.98516537216019E+03	-1.41703488270404E-01
 1.98516811006022E+03	 4.00605065793070E-02
 1.98517084796025E+03	 2.56876202815189E-01
 1.98517358586028E+03	 4.71666906558248E-01
 1.98517632376031E+03	 6.14618552648206E-01
 1.98517906166035E+03	 6.15549667135717E-01
 1.98518179956038E+03	 4.54230104809792E-01
 1.98518453746041E+03	 1.81425430686764E-01
 1.98518727536044E+03	-1.10845825886159E-01
 1.98519001326047E+03	-3.42190618634618E-01
 1.98519275116050E+03	-4.73614954562019E-01
 1.98519548906053E+03	-4.98210819687488E-01
 1.98519822696056E+03	-4.19239035305053E-01
 1.98520096486059E+03	-2.48600341582508E-01
 1.98520370276062E+03	-2.45773396340411E-02
 1.98520644066065E+03	 1.83672141791006E-01
 1.98520917856068E+03	 3.06117136879196E-01
 1.98521191646071E+03	 3.15446267584360E-01
 1.98521465436075E+03	 2.41183096706442E-01
 1.98521739226078E+03	 1.38151238922804E-01
 1.98522013016081E+03	 4.02798311242254E-02
 1.98522286806084E+03	-5.51628390177123E-02
 1.98522560596087E+03	-1.62237167766286E-01
 1.98522834386090E+03	-2.72792878327116E-01
 1.98523108176093E+03	-3.52463718509730E-01
 1.98523381966096E+03	-3.67470564759264E-01
 1.98523655756099E+03	-3.09211872814451E-01
 1.98523929546102E+03	-1.90405971644994E-01
 1.98524203336105E+03	-2.41748435523821E-02
 1.98524477126108E+03	 1.81189183046980E-01
 1.98524750916111E+03	 4.01349543700907E-01
 1.98525024706115E+03	 5.77417142074494E-01
 1.98525298496118E+03	 6.33741897965315E-01
 1.98525572286121E+03	 5.27153482914725E-01
 1.98525846076124E+03	 2.83764541872130E-01
 1.98526119866127E+03	-1.31157442127768E-02
 1.98526393656130E+03	-2.73149257741407E-01
 1.98526667446133E+03	-4.41478300958700E-01
 1.98526941236136E+03	-5.02307112019953E-01
 1.98527215026139E+03	-4.56941347092325E-01
 1.98527488816142E+03	-3.12854041251358E-01
 1.98527762606145E+03	-9.74853223742112E-02
 1.98528036396148E+03	 1.28360163308151E-01
 1.98528310186151E+03	 2.88523049279840E-01
 1.98528583976155E+03	 3.35602986686452E-01
 1.98528857766158E+03	 2.80365698085426E-01
 1.98529131556161E+03	 1.75290041734168E-01
 1.98529405346164E+03	 6.75957071963603E-02
 1.98529679136167E+03	-3.18140889948975E-02
 1.98529952926170E+03	-1.36226553134049E-01
 1.98530226716173E+03	-2.47530405659000E-01
 1.98530500506176E+03	-3.39165525892710E-01
 1.98530774296179E+03	-3.74539850355682E-01
 1.98531048086182E+03	-3.36532254357731E-01
 1.98531321876185E+03	-2.34015612945733E-01
 1.98531595666188E+03	-8.27834989052318E-02
 1.98531869456191E+03	 1.08817776027734E-01
 1.98532143246194E+03	 3.26453428116955E-01
 1.98532417036198E+03	 5.24932773323446E-01
 1.98532690826201E+03	 6.30386155209874E-01
 1.98532964616204E+03	 5.81962758598133E-01
 1.98533238406207E+03	 3.79280710064814E-01
 1.98533512196210E+03	 8.97605329631779E-02
 1.98533785986213E+03	-1.92208756117863E-01
 1.98534059776216E+03	-3.96161507137150E-01
 1.98534333566219E+03	-4.94098724016738E-01
 1.98534607356222E+03	-4.83718596674357E-01
 1.98534881146225E+03	-3.69922729454339E-01
 1.98535154936228E+03	-1.71048594099140E-01
 1.98535428726231E+03	 6.30992397439032E-02
 1.98535702516234E+03	 2.56300131550585E-01
 1.98535976306238E+03	 3.44709279453381E-01
 1.98536250096241E+03	 3.17349651806096E-01
 1.98536523886244E+03	 2.17239267246015E-01
 1.98536797676247E+03	 1.00410043347587E-01
 1.98537071466250E+03	-6.62480759018411E-03
 1.98537345256253E+03	-1.10908998439634E-01
 1.98537619046256E+03	-2.21456666329222E-01
 1.98537892836259E+03	-3.21576658389960E-01
 1.98538166626262E+03	-3.75542767576054E-01
 1.98538440416265E+03	-3.58428150761814E-01
 1.98538714206268E+03	-2.72853782958418E-01
 1.98538987996271E+03	-1.35958909679860E-01
 1.98539261786274E+03	 4.12438055055543E-02
 1.98539535576278E+03	 2.50596331752781E-01
 1.98539809366281E+03	 4.61074109928794E-01
 1.98540083156284E+03	 6.06820816300476E-01
 1.98540356946287E+03	 6.16192838194821E-01
 1.98540630736290E+03	 4.63289883584397E-01
 1.98540904526293E+03	 1.93753893730382E-01
 1.98541178316296E+03	-1.01133380170379E-01
 1.98541452106299E+03	-3.37711041527474E-01
 1.98541725896302E+03	-4.73177211631464E-01
 1.98541999686305E+03	-4.98876514482859E-01
 1.98542273476308E+03	-4.17940924115981E-01
 1.98542547266311E+03	-2.42028508894216E-01
 1.98542821056314E+03	-9.10025075262645E-03
 1.98543094846317E+03	 2.09981637037986E-01
 1.98543368636321E+03	 3.40252557883395E-01
 1.98543642426324E+03	 3.48522485350527E-01
 1.98543916216327E+03	 2.61999119741395E-01
 1.98544190006330E+03	 1.39294831888272E-01
 1.98544463796333E+03	 2.21203442490541E-02
 1.98544737586336E+03	-8.54666626317739E-02
 1.98545011376339E+03	-1.95208614600288E-01
 1.98545285166342E+03	-3.00692683012346E-01
 1.98545558956345E+03	-3.70742406668385E-01
 1.98545832746348E+03	-3.74653684870399E-01
 1.98546106536351E+03	-3.07068300435889E-01
 1.98546380326354E+03	-1.84163844581808E-01
 1.98546654116357E+03	-2.08683324509435E-02
 1.98546927906361E+03	 1.76703965298240E-01
 1.98547201696364E+03	 3.90013247694688E-01
 1.98547475486367E+03	 5.65654426690781E-01
 1.98547749276370E+03	 6.28764011135940E-01
 1.98548023066373E+03	 5.31613902306654E-01
 1.98548296856376E+03	 2.94299774790553E-01
 1.98548570646379E+03	-2.56248318786104E-03
 1.98548844436382E+03	-2.66666140631575E-01
 1.98549118226385E+03	-4.39229509197749E-01
 1.98549392016388E+03	-5.01922830354172E-01
 1.98549665806391E+03	-4.55568301345126E-01
 1.98549939596394E+03	-3.07561678969235E-01
 1.98550213386397E+03	-8.48211754202546E-02
 1.98550487176401E+03	 1.51235327182212E-01
 1.98550760966404E+03	 3.20725542177873E-01
 1.98551034756407E+03	 3.70311963122634E-01
 1.98551308546410E+03	 3.06692481079912E-01
 1.98551582336413E+03	 1.83892589638071E-01
 1.98551856126416E+03	 5.59305327961582E-02
 1.98552129916419E+03	-5.86155441203525E-02
 1.98552403706422E+03	-1.68956868558124E-01
 1.98552677496425E+03	-2.77506214523221E-01
 1.98552951286428E+03	-3.60653581435344E-01
 1.98553225076431E+03	-3.84993979789583E-01
 1.98553498866434E+03	-3.36591174447593E-01
 1.98553772656437E+03	-2.27910679813663E-01
 1.98554046446440E+03	-7.75247519154420E-02
 1.98554320236444E+03	 1.06832662779986E-01
 1.98554594026447E+03	 3.15758749081116E-01
 1.98554867816450E+03	 5.10459174980497E-01
 1.98555141606453E+03	 6.20082394590589E-01
 1.98555415396456E+03	 5.80987741539503E-01
 1.98555689186459E+03	 3.86639604466749E-01
 1.98555962976462E+03	 1.00016757967689E-01
 1.98556236766465E+03	-1.84237316879752E-01
 1.98556510556468E+03	-3.92134331378699E-01
 1.98556784346471E+03	-4.92476083026231E-01
 1.98557058136474E+03	-4.81904687944249E-01
 1.98557331926477E+03	-3.65311356038928E-01
 1.98557605716480E+03	-1.60572334389292E-01
 1.98557879506484E+03	 8.26707336942530E-02
 1.98558153296487E+03	 2.85804975330578E-01
 1.98558427086490E+03	 3.79598657112051E-01
 1.98558700876493E+03	 3.47834406902459E-01
 1.98558974666496E+03	 2.32822017482530E-01
 1.98559248456499E+03	 9.58015143990728E-02
 1.98559522246502E+03	-2.87961300401801E-02
 1.98559796036505E+03	-1.42336274827496E-01
 1.98560069826508E+03	-2.52841082570105E-01
 1.98560343616511E+03	-3.46012038604576E-01
 1.98560617406514E+03	-3.89372306122704E-01
 1.98560891196517E+03	-3.61168088099480E-01
 1.98561164986520E+03	-2.67582777733077E-01
 1.98561438776524E+03	-1.29184029570522E-01
 1.98561712566527E+03	 4.21247224901332E-02
 1.98561986356530E+03	 2.41782491941489E-01
 1.98562260146533E+03	 4.45367143477400E-01
 1.98562533936536E+03	 5.91976507429447E-01
 1.98562807726539E+03	 6.09389845271098E-01
 1.98563081516542E+03	 4.66230862617569E-01
 1.98563355306545E+03	 2.02418793145379E-01
 1.98563629096548E+03	-9.24402091061154E-02
 1.98563902886551E+03	-3.32114456060883E-01
 1.98564176676554E+03	-4.70230368677690E-01
 1.98564450466557E+03	-4.96367305266868E-01
 1.98564724256560E+03	-4.13520413040717E-01
 1.98564998046564E+03	-2.33086788415366E-01
 1.98565271836567E+03	 7.55172598947722E-03
 1.98565545626570E+03	 2.36387971403049E-01
 1.98565819416573E+03	 3.74081685886981E-01
 1.98566093206576E+03	 3.81696209037831E-01
 1.98566366996579E+03	 2.83718907075517E-01
 1.98566640786582E+03	 1.41951036703455E-01
 1.98566914576585E+03	 5.56354703691698E-03
 1.98567188366588E+03	-1.14463870713836E-01
 1.98567462156591E+03	-2.27191383829996E-01
 1.98567735946594E+03	-3.27682887904019E-01
 1.98568009736597E+03	-3.87930577696995E-01
 1.98568283526600E+03	-3.80444385753661E-01
 1.98568557316603E+03	-3.03323472729994E-01
 1.98568831106607E+03	-1.76510229200664E-01
 1.98569104896610E+03	-1.71091492658641E-02
 1.98569378686613E+03	 1.70746609418614E-01
 1.98569652476616E+03	 3.74623229831918E-01
 1.98569926266619E+03	 5.47475520664550E-01
 1.98570200056622E+03	 6.16247727624835E-01
 1.98570473846625E+03	 5.29175560234779E-01
 1.98570747636628E+03	 3.00028326057850E-01
 1.98571021426631E+03	 5.85376728626789E-03
 1.98571295216634E+03	-2.59915539785173E-01
 1.98571569006637E+03	-4.34990892970706E-01
 1.98571842796640E+03	-4.98567727197990E-01
 1.98572116586643E+03	-4.50974566554281E-01
 1.98572390376647E+03	-2.99547693187432E-01
 1.98572664166650E+03	-7.05403781672044E-02
 1.98572937956653E+03	 1.74486142171983E-01
 1.98573211746656E+03	 3.52549216072156E-01
 1.98573485536659E+03	 4.04717385824694E-01
 1.98573759326662E+03	 3.33414395671464E-01
 1.98574033116665E+03	 1.93640384983870E-01
 1.98574306906668E+03	 4.57470623704879E-02
 1.98574580696671E+03	-8.40529911000663E-02
 1.98574854486674E+03	-2.00599076195249E-01
 1.98575128276677E+03	-3.06521291923108E-01
 1.98575402066680E+03	-3.81059917900577E-01
 1.98575675856683E+03	-3.94081651300656E-01
 1.98575949646687E+03	-3.35004615000353E-01
 1.98576223436690E+03	-2.20140392394513E-01
 1.98576497226693E+03	-7.12045789663383E-02
 1.98576771016696E+03	 1.04360633853929E-01
 1.98577044806699E+03	 3.02154026836629E-01
 1.98577318596702E+03	 4.90457062858682E-01
 1.98577592386705E+03	 6.02486795906704E-01
 1.98577866176708E+03	 5.72610202996574E-01
 1.98578139966711E+03	 3.88164898236495E-01
 1.98578413756714E+03	 1.06977885810573E-01
 1.98578687546717E+03	-1.76972462521218E-01
 1.98578961336720E+03	-3.86778618442541E-01
 1.98579235126723E+03	-4.88223740101242E-01
 1.98579508916726E+03	-4.76900152853296E-01
 1.98579782706730E+03	-3.57718484032350E-01
 1.98580056496733E+03	-1.48043359443208E-01
 1.98580330286736E+03	 1.02998040874641E-01
 1.98580604076739E+03	 3.15019250701621E-01
 1.98580877866742E+03	 4.13911000060477E-01
 1.98581151656745E+03	 3.78232527531918E-01
 1.98581425446748E+03	 2.49115142199652E-01
 1.98581699236751E+03	 9.24547198246508E-02
 1.98581973026754E+03	-4.96161697228098E-02
 1.98582246816757E+03	-1.72600002841104E-01
 1.98582520606760E+03	-2.83210116865513E-01
 1.98582794396763E+03	-3.69368853784483E-01
 1.98583068186766E+03	-4.01873715599851E-01
 1.98583341976770E+03	-3.62270700360012E-01
 1.98583615766773E+03	-2.60503795404163E-01
 1.98583889556776E+03	-1.20893788180029E-01
 1.98584163346779E+03	 4.33786603995285E-02
 1.98584437136782E+03	 2.31208441437671E-01
 1.98584710926785E+03	 4.25210920325681E-01
 1.98584984716788E+03	 5.70411557763868E-01
 1.98585258506791E+03	 5.95002208596914E-01
 1.98585532296794E+03	 4.62502418139461E-01
 1.98585806086797E+03	 2.06653011557639E-01
 1.98586079876800E+03	-8.55215703475829E-02
 1.98586353666803E+03	-3.25985554642202E-01
 1.98586627456806E+03	-4.65132032588694E-01
 1.98586901246810E+03	-4.90831215817557E-01
 1.98587175036813E+03	-4.05972404130893E-01
 1.98587448826816E+03	-2.21704112673937E-01
 1.98587722616819E+03	 2.53971417548896E-02
 1.98587996406822E+03	 2.62735230633569E-01
 1.98588270196825E+03	 4.07208546679445E-01
 1.98588543986828E+03	 4.14371084283862E-01
 1.98588817776831E+03	 3.05682080698342E-01
 1.98589091566834E+03	 1.45560915029684E-01
 1.98589365356837E+03	-9.73345660429255E-03
 1.98589639146840E+03	-1.42258551078054E-01
 1.98589912936843E+03	-2.58106639184583E-01
 1.98590186726846E+03	-3.53590313204897E-01
 1.98590460516849E+03	-4.03832004537851E-01
 1.98590734306853E+03	-3.84640219233026E-01
 1.98591008096856E+03	-2.97718125500220E-01
 1.98591281886859E+03	-1.67036954039325E-01
 1.98591555676862E+03	-1.22747846035084E-02
 1.98591829466865E+03	 1.64114017731346E-01
 1.98592103256868E+03	 3.55976644710536E-01
 1.98592377046871E+03	 5.23431814598461E-01
 1.98592650836874E+03	 5.96308338513670E-01
 1.98592924626877E+03	 5.19490376421710E-01
 1.98593198416880E+03	 3.00284326141459E-01
 1.98593472206883E+03	 1.13776210195491E-02
 1.98593745996886E+03	-2.53548492230794E-01
 1.98594019786889E+03	-4.29213147467040E-01
 1.98594293576893E+03	-4.92484101278846E-01
 1.98594567366896E+03	-4.43234363790995E-01
 1.98594841156899E+03	-2.88786851508418E-01
 1.98595114946902E+03	-5.46170627787228E-02
 1.98595388736905E+03	 1.98022029271437E-01
 1.98595662526908E+03	 3.83698903222378E-01
 1.98595936316911E+03	 4.38316689182809E-01
 1.98596210106914E+03	 3.59919628128104E-01
 1.98596483896917E+03	 2.03965174549441E-01
 1.98596757686920E+03	 3.66504030578977E-02
 1.98597031476923E+03	-1.08297004741294E-01
 1.98597305266926E+03	-2.31131957335179E-01
 1.98597579056929E+03	-3.34442422259986E-01
 1.98597852846933E+03	-4.00217267635635E-01
 1.98598126636936E+03	-4.01635592329337E-01
 1.98598400426939E+03	-3.31571914088105E-01
 1.98598674216942E+03	-2.10379694146684E-01
 1.98598948006945E+03	-6.32800580994536E-02
 1.98599221796948E+03	 1.02174728734044E-01
 1.98599495586951E+03	 2.86516104256682E-01
 1.98599769376954E+03	 4.65668481514953E-01
 1.98600043166957E+03	 5.77968589783426E-01
 1.98600316956960E+03	 5.56719080517729E-01
 1.98600590746963E+03	 3.83343273215928E-01
 1.98600864536966E+03	 1.09935249053306E-01
 1.98601138326969E+03	-1.71100920013032E-01
 1.98601412116973E+03	-3.80623101469531E-01
 1.98601685906976E+03	-4.81673651037790E-01
 1.98601959696979E+03	-4.68862897483051E-01
 1.98602233486982E+03	-3.47180404966753E-01
 1.98602507276985E+03	-1.33454756662757E-01
 1.98602781066988E+03	 1.24027682091443E-01
 1.98603054856991E+03	 3.43731309423842E-01
 1.98603328646994E+03	 4.47239401589651E-01
 1.98603602436997E+03	 4.07999556115622E-01
 1.98603876227000E+03	 2.65566577280367E-01
 1.98604150017003E+03	 8.99444026360153E-02
 1.98604423807006E+03	-6.93093364869213E-02
 1.98604697597009E+03	-2.01731920322076E-01
 1.98604971387012E+03	-3.12469474661850E-01
 1.98605245177016E+03	-3.91506533757018E-01
 1.98605518967019E+03	-4.12908671893591E-01
 1.98605792757022E+03	-3.61585931986516E-01
 1.98606066547025E+03	-2.51373720664548E-01
 1.98606340337028E+03	-1.10641878524812E-01
 1.98606614127031E+03	 4.57143651799725E-02
 1.98606887917034E+03	 2.19775910749525E-01
 1.98607161707037E+03	 4.01490846216751E-01
 1.98607435497040E+03	 5.42731558775366E-01
 1.98607709287043E+03	 5.73175741919598E-01
 1.98607983077046E+03	 4.51789507857278E-01
 1.98608256867049E+03	 2.05844613471350E-01
 1.98608530657052E+03	-8.10622060713106E-02
 1.98608804447056E+03	-3.19909706112957E-01
 1.98609078237059E+03	-4.58294299467809E-01
 1.98609352027062E+03	-4.82508932769302E-01
 1.98609625817065E+03	-3.95404056347870E-01
 1.98609899607068E+03	-2.07913755068321E-01
 1.98610173397071E+03	 4.43915373776291E-02
 1.98610447187074E+03	 2.88872066507575E-01
 1.98610720977077E+03	 4.39314403787715E-01
 1.98610994767080E+03	 4.46080560270137E-01
 1.98611268557083E+03	 3.27374279014850E-01
 1.98611542347086E+03	 1.49690860136179E-01
 1.98611816137089E+03	-2.40334714705890E-02
 1.98612089927092E+03	-1.68927747302887E-01
 1.98612363717096E+03	-2.87896126736370E-01
 1.98612637507099E+03	-3.78298387562848E-01
 1.98612911297102E+03	-4.18331022788711E-01
 1.98613185087105E+03	-3.87131807541951E-01
 1.98613458877108E+03	-2.90083911149085E-01
 1.98613732667111E+03	-1.55401591114748E-01
 1.98614006457114E+03	-5.75194383938037E-03
 1.98614280247117E+03	 1.57680405589392E-01
 1.98614554037120E+03	 3.35046654122439E-01
 1.98614827827123E+03	 4.94331097443367E-01
 1.98615101617126E+03	 5.69351279503154E-01
 1.98615375407129E+03	 5.02477361174202E-01
 1.98615649197132E+03	 2.94602200670892E-01
 1.98615922987135E+03	 1.33696884087642E-02
 1.98616196777139E+03	-2.48179037444781E-01
 1.98616470567142E+03	-4.22373914964869E-01
 1.98616744357145E+03	-4.83989735386095E-01
 1.98617018147148E+03	-4.32529013016467E-01
 1.98617291937151E+03	-2.75367675139584E-01
 1.98617565727154E+03	-3.71119305643119E-02
 1.98617839517157E+03	 2.21725655769792E-01
 1.98618113307160E+03	 4.13928643471927E-01
 1.98618387097163E+03	 4.70722979502029E-01
 1.98618660887166E+03	 3.85747167685224E-01
 1.98618934677169E+03	 2.14445412565394E-01
 1.98619208467172E+03	 2.83562969884856E-02
 1.98619482257175E+03	-1.31459725707482E-01
 1.98619756047179E+03	-2.60528422023649E-01
 1.98620029837182E+03	-3.61173635054283E-01
 1.98620303627185E+03	-4.18026521921375E-01
 1.98620577417188E+03	-4.07576405015394E-01
 1.98620851207191E+03	-3.26188003367759E-01
 1.98621124997194E+03	-1.98388349388766E-01
 1.98621398787197E+03	-5.32536584835237E-02
 1.98621672577200E+03	 1.01075786245013E-01
 1.98621946367203E+03	 2.69846845581165E-01
 1.98622220157206E+03	 4.37055427927669E-01
 1.98622493947209E+03	 5.47177478793977E-01
 1.98622767737212E+03	 5.33489405264869E-01
 1.98623041527215E+03	 3.71900633353365E-01
 1.98623315317219E+03	 1.08341612391411E-01
 1.98623589107222E+03	-1.67231143284544E-01
 1.98623862897225E+03	-3.74191015229608E-01
 1.98624136687228E+03	-4.73210563148619E-01
 1.98624410477231E+03	-4.58046265254233E-01
 1.98624684267234E+03	-3.33849401034463E-01
 1.98624958057237E+03	-1.16903869015691E-01
 1.98625231847240E+03	 1.45649922352501E-01
 1.98625505637243E+03	 3.71746856991420E-01
 1.98625779427246E+03	 4.79269937578516E-01
 1.98626053217249E+03	 4.36736338134475E-01
 1.98626327007252E+03	 2.81783757219192E-01
 1.98626600797255E+03	 8.79817589098089E-02
 1.98626874587258E+03	-8.80108854856760E-02
 1.98627148377262E+03	-2.29729333062461E-01
 1.98627422167265E+03	-3.40539460658272E-01
 1.98627695957268E+03	-4.12336623103197E-01
 1.98627969747271E+03	-4.22417149024071E-01
 1.98628243537274E+03	-3.59057914736876E-01
 1.98628517327277E+03	-2.40045393971756E-01
 1.98628791117280E+03	-9.80556067425471E-02
 1.98629064907283E+03	 4.98232230430495E-02
 1.98629338697286E+03	 2.08457987869497E-01
 1.98629612487289E+03	 3.75265389479583E-01
 1.98629886277292E+03	 5.09797733264382E-01
 1.98630160067295E+03	 5.44346798636266E-01
 1.98630433857298E+03	 4.34045823478585E-01
 1.98630707647302E+03	 1.99585620673386E-01
 1.98630981437305E+03	-7.96254201801246E-02
 1.98631255227308E+03	-3.14430237157705E-01
 1.98631529017311E+03	-4.50154409707239E-01
 1.98631802807314E+03	-4.71718963096113E-01
 1.98632076597317E+03	-3.82033637534572E-01
 1.98632350387320E+03	-1.91863953804944E-01
 1.98632624177323E+03	 6.44088781563193E-02
 1.98632897967326E+03	 3.14631664619879E-01
 1.98633171757329E+03	 4.70144404231424E-01
 1.98633445547332E+03	 4.76488170772348E-01
 1.98633719337335E+03	 3.48443772850829E-01
 1.98633993127338E+03	 1.54062770647028E-01
 1.98634266917342E+03	-3.74821874353678E-02
 1.98634540707345E+03	-1.94484902290714E-01
 1.98634814497348E+03	-3.16491080131173E-01
 1.98635088287351E+03	-4.01723487347401E-01
 1.98635362077354E+03	-4.31376984813500E-01
 1.98635635867357E+03	-3.87897355621659E-01
 1.98635909657360E+03	-2.80352144283180E-01
 1.98636183447363E+03	-1.41354810592693E-01
 1.98636457237366E+03	 3.01708100547240E-03
 1.98636731027369E+03	 1.52338829152923E-01
 1.98637004817372E+03	 3.12925679514587E-01
 1.98637278607375E+03	 4.61198371786052E-01
 1.98637552397378E+03	 5.36061415605930E-01
 1.98637826187382E+03	 4.78341524719925E-01
 1.98638099977385E+03	 2.82756826474656E-01
 1.98638373767388E+03	 1.13548587627248E-02
 1.98638647557391E+03	-2.44339675866893E-01
 1.98638921347394E+03	-4.14944049170802E-01
 1.98639195137397E+03	-4.73457328876607E-01
 1.98639468927400E+03	-4.19139387056649E-01
 1.98639742717403E+03	-2.59496901387501E-01
 1.98640016507406E+03	-1.81865797136336E-02
 1.98640290297409E+03	 2.45433197654436E-01
 1.98640564087412E+03	 4.43023476654262E-01
 1.98640837877415E+03	 5.01655916357369E-01
 1.98641111667418E+03	 4.10591847707508E-01
 1.98641385457421E+03	 2.24825762460578E-01
 1.98641659247425E+03	 2.07207367792271E-02
 1.98641933037428E+03	-1.53561672322974E-01
 1.98642206827431E+03	-2.88724392688030E-01
 1.98642480617434E+03	-3.86630256807806E-01
 1.98642754407437E+03	-4.34437260059670E-01
 1.98643028197440E+03	-4.11901419153820E-01
 1.98643301987443E+03	-3.18844661905845E-01
 1.98643575777446E+03	-1.84029948326864E-01
 1.98643849567449E+03	-4.07129562035742E-02
 1.98644123357452E+03	 1.01835599305781E-01
 1.98644397147455E+03	 2.53210641699812E-01
 1.98644670937458E+03	 4.05747821925400E-01
 1.98644944727461E+03	 5.11016144412649E-01
 1.98645218517465E+03	 5.03385120169384E-01
 1.98645492307468E+03	 3.53830690139945E-01
 1.98645766097471E+03	 1.01853894799023E-01
 1.98646039887474E+03	-1.65849166934557E-01
 1.98646313677477E+03	-3.67963437142813E-01
 1.98646587467480E+03	-4.63246682100293E-01
 1.98646861257483E+03	-4.44785621223794E-01
 1.98647135047486E+03	-3.17991852754588E-01
 1.98647408837489E+03	-9.86010929660956E-02
 1.98647682627492E+03	 1.67681712904005E-01
 1.98647956417495E+03	 3.98868761409578E-01
 1.98648230207498E+03	 5.09765490910524E-01
 1.98648503997501E+03	 4.64183438082006E-01
 1.98648777787505E+03	 2.97541736886936E-01
 1.98649051577508E+03	 8.64347114023455E-02
 1.98649325367511E+03	-1.05739460135963E-01
 1.98649599157514E+03	-2.56526087982713E-01
 1.98649872947517E+03	-3.67328355972946E-01
 1.98650146737520E+03	-4.31800636527742E-01
 1.98650420527523E+03	-4.30401670618807E-01
 1.98650694317526E+03	-3.54719426486405E-01
 1.98650968107529E+03	-2.26478069967459E-01
 1.98651241897532E+03	-8.28673031640652E-02
 1.98651515687535E+03	 5.63271613427008E-02
 1.98651789477538E+03	 1.98234679101709E-01
 1.98652063267541E+03	 3.47704352984257E-01
 1.98652337057544E+03	 4.72683966794261E-01
 1.98652610847548E+03	 5.09228092555835E-01
 1.98652884637551E+03	 4.09508304431419E-01
 1.98653158427554E+03	 1.87706195720454E-01
 1.98653432217557E+03	-8.16118489318619E-02
 1.98653706007560E+03	-3.10010615448688E-01
 1.98653979797563E+03	-4.41145850886089E-01
 1.98654253587566E+03	-4.58839169618307E-01
 1.98654527377569E+03	-3.66182553534647E-01
 1.98654801167572E+03	-1.73820489624583E-01
 1.98655074957575E+03	 8.52290644057054E-02
 1.98655348747578E+03	 3.39812335752749E-01
 1.98655622537581E+03	 4.99487113345904E-01
 1.98655896327584E+03	 5.05373092981426E-01
 1.98656170117588E+03	 3.68698390679404E-01
 1.98656443907591E+03	 1.58563685246678E-01
 1.98656717697594E+03	-5.00885731897597E-02
 1.98656991487597E+03	-2.18855111252164E-01
 1.98657265277600E+03	-3.43786745606530E-01
 1.98657539067603E+03	-4.23791559838961E-01
 1.98657812857606E+03	-4.42965158804779E-01
 1.98658086647609E+03	-3.86991349398350E-01
 1.98658360437612E+03	-2.68556097771772E-01
 1.98658634227615E+03	-1.24762579600520E-01
 1.98658908017618E+03	 1.44895957194182E-02
 1.98659181807621E+03	 1.48938528935569E-01
 1.98659455597624E+03	 2.90757703108388E-01
 1.98659729387628E+03	 4.25219761194962E-01
 1.98660003177631E+03	 4.97372040316244E-01
 1.98660276967634E+03	 4.47572521297907E-01
 1.98660550757637E+03	 2.64786376126762E-01
 1.98660824547640E+03	 5.05788871678354E-03
 1.98661098337643E+03	-2.42444466861545E-01
 1.98661372127646E+03	-4.07356599477908E-01
 1.98661645917649E+03	-4.61292039304372E-01
 1.98661919707652E+03	-4.03432520701378E-01
 1.98662193497655E+03	-2.41495734585196E-01
 1.98662467287658E+03	 1.88985728281429E-03
 1.98662741077661E+03	 2.68918141956760E-01
 1.98663014867664E+03	 4.70777615559272E-01
 1.98663288657667E+03	 5.30920831091198E-01
 1.98663562447671E+03	 4.34291143035759E-01
 1.98663836237674E+03	 2.35015576209296E-01
 1.98664110027677E+03	 1.37500336205733E-02
 1.98664383817680E+03	-1.74513389397554E-01
 1.98664657607683E+03	-3.15596426121742E-01
 1.98664931397686E+03	-4.10715910035067E-01
 1.98665205187689E+03	-4.49426695006411E-01
 1.98665478977692E+03	-4.14668908516198E-01
 1.98665752767695E+03	-3.09625515476847E-01
 1.98666026557698E+03	-1.67284706791638E-01
 1.98666300347701E+03	-2.53663617447007E-02
 1.98666574137704E+03	 1.05139401905103E-01
 1.98666847927707E+03	 2.37664741935784E-01
 1.98667121717711E+03	 3.72977520302714E-01
 1.98667395507714E+03	 4.70593730847608E-01
 1.98667669297717E+03	 4.67140969714547E-01
 1.98667943087720E+03	 3.29404089949957E-01
 1.98668216877723E+03	 9.03603386278469E-02
 1.98668490667726E+03	-1.67284950496880E-01
 1.98668764457729E+03	-3.62347841172587E-01
 1.98669038247732E+03	-4.52196482795492E-01
 1.98669312037735E+03	-4.29480497278066E-01
 1.98669585827738E+03	-2.99978557562866E-01
 1.98669859617741E+03	-7.88700220966126E-02
 1.98670133407744E+03	 1.89855617478370E-01
 1.98670407197747E+03	 4.24876685611209E-01
 1.98670680987751E+03	 5.38541265917143E-01
 1.98670954777754E+03	 4.90199675074042E-01
 1.98671228567757E+03	 3.12770860332954E-01
 1.98671502357760E+03	 8.53273691178680E-02
 1.98671776147763E+03	-1.22387003358827E-01
 1.98672049937766E+03	-2.81975274548849E-01
 1.98672323727769E+03	-3.92711530858463E-01
 1.98672597517772E+03	-4.49848572485366E-01
 1.98672871307775E+03	-4.36908488140500E-01
 1.98673145097778E+03	-3.48680829080836E-01
 1.98673418887781E+03	-2.10741285579896E-01
 1.98673692677784E+03	-6.49399623470098E-02
 1.98673966467787E+03	 6.57290303440882E-02
 1.98674240257791E+03	 1.90025220806186E-01
 1.98674514047794E+03	 3.20016852917357E-01
 1.98674787837797E+03	 4.32617156944469E-01
 1.98675061627800E+03	 4.68774021438459E-01
 1.98675335417803E+03	 3.78690839091631E-01
 1.98675609207806E+03	 1.70290796209803E-01
 1.98675882997809E+03	-8.72315536843241E-02
 1.98676156787812E+03	-3.07004513288477E-01
 1.98676430577815E+03	-4.31671892402790E-01
 1.98676704367818E+03	-4.44285632435811E-01
 1.98676978157821E+03	-3.48260538177190E-01
 1.98677251947824E+03	-1.54160311768566E-01
 1.98677525737827E+03	 1.06533258953536E-01
 1.98677799527830E+03	 3.64161083050920E-01
 1.98678073317834E+03	 5.27149418362935E-01
 1.98678347107837E+03	 5.32602922194211E-01
 1.98678620897840E+03	 3.88083570253031E-01
 1.98678894687843E+03	 1.63234313181930E-01
 1.98679168477846E+03	-6.17244933234951E-02
 1.98679442267849E+03	-2.41864780234614E-01
 1.98679716057852E+03	-3.69625410164654E-01
 1.98679989847855E+03	-4.44417816354585E-01
 1.98680263637858E+03	-4.53116415725409E-01
 1.98680537427861E+03	-3.84528916836228E-01
 1.98680811217864E+03	-2.54826948517149E-01
 1.98681085007867E+03	-1.05621515663291E-01
 1.98681358797870E+03	 2.89827491873839E-02
 1.98681632587874E+03	 1.48222805585438E-01
 1.98681906377877E+03	 2.69664380760354E-01
 1.98682180167880E+03	 3.87673018152684E-01
 1.98682453957883E+03	 4.54414951273068E-01
 1.98682727747886E+03	 4.10922100260931E-01
 1.98683001537889E+03	 2.40995249778809E-01
 1.98683275327892E+03	-5.57696997524127E-03
 1.98683549117895E+03	-2.42762742150139E-01
 1.98683822907898E+03	-3.99980709807176E-01
 1.98684096697901E+03	-4.47908414473625E-01
 1.98684370487904E+03	-3.85842784576315E-01
 1.98684644277907E+03	-2.21787473364697E-01
 1.98684918067910E+03	 2.27430407429115E-02
 1.98685191857914E+03	 2.91880728740144E-01
 1.98685465647917E+03	 4.96971620280537E-01
 1.98685739437920E+03	 5.58378651657151E-01
 1.98686013227923E+03	 4.56795574740822E-01
 1.98686287017926E+03	 2.45066998309733E-01
 1.98686560807929E+03	 7.59065443243885E-03
 1.98686834597932E+03	-1.94113682153532E-01
 1.98687108387935E+03	-3.40950446077774E-01
 1.98687382177938E+03	-4.33305052319643E-01
 1.98687655967941E+03	-4.62979472012020E-01
 1.98687929757944E+03	-4.15979505160256E-01
 1.98688203547947E+03	-2.98695474424232E-01
 1.98688477337950E+03	-1.48255063813928E-01
 1.98688751127953E+03	-7.07191430346390E-03
 1.98689024917957E+03	 1.11532260313783E-01
 1.98689298707960E+03	 2.24187640953764E-01
 1.98689572497963E+03	 3.40002943591070E-01
 1.98689846287966E+03	 4.27163077958367E-01
 1.98690120077969E+03	 4.25723935007712E-01
 1.98690393867972E+03	 2.99156553061099E-01
 1.98690667657975E+03	 7.39894964108358E-02
 1.98690941447978E+03	-1.71692009236999E-01
 1.98691215237981E+03	-3.57654177977923E-01
 1.98691489027984E+03	-4.40453205330143E-01
 1.98691762817987E+03	-4.12573078730494E-01
 1.98692036607990E+03	-2.80267318764664E-01
 1.98692310397993E+03	-5.81381826918714E-02
 1.98692584187997E+03	 2.11816403409075E-01
 1.98692857978000E+03	 4.49509057502322E-01
 1.98693131768003E+03	 5.65434924103631E-01
 1.98693405558006E+03	 5.14727467618571E-01
 1.98693679348009E+03	 3.27525757202853E-01
 1.98693953138012E+03	 8.48191902607724E-02
 1.98694226928015E+03	-1.37726764546993E-01
 1.98694500718018E+03	-3.05845311440479E-01
 1.98694774508021E+03	-4.16518498248279E-01
 1.98695048298024E+03	-4.66420443063563E-01
 1.98695322088027E+03	-4.42007738195426E-01
 1.98695595878030E+03	-3.41114676217133E-01
 1.98695869668033E+03	-1.93011836894693E-01
 1.98696143458037E+03	-4.42848575759460E-02
 1.98696417248040E+03	 7.83696328514718E-02
 1.98696691038043E+03	 1.84622515787805E-01
 1.98696964828046E+03	 2.93374365614049E-01
 1.98697238618049E+03	 3.90904943715170E-01
 1.98697512408052E+03	 4.24127429575098E-01
 1.98697786198055E+03	 3.42356895273691E-01
 1.98698059988058E+03	 1.47674517675290E-01
 1.98698333778061E+03	-9.64918395419898E-02
 1.98698607568064E+03	-3.05636021378906E-01
 1.98698881358067E+03	-4.22083259009054E-01
 1.98699155148070E+03	-4.28489920112936E-01
 1.98699428938073E+03	-3.28744488642389E-01
 1.98699702728076E+03	-1.33355983998993E-01
 1.98699976518080E+03	 1.27908185499187E-01
 1.98700250308083E+03	 3.87362336831176E-01
 1.98700524098086E+03	 5.52929817241165E-01
 1.98700797888089E+03	 5.58096940926400E-01
 1.98701071678092E+03	 4.06644326785181E-01
 1.98701345468095E+03	 1.68238181285590E-01
 1.98701619258098E+03	-7.21431126131764E-02
 1.98701893048101E+03	-2.63246447808179E-01
 1.98702166838104E+03	-3.93789569819639E-01
 1.98702440628107E+03	-4.63491594527125E-01
 1.98702714418110E+03	-4.61857813741967E-01
 1.98702988208113E+03	-3.80667414761301E-01
 1.98703261998116E+03	-2.39383717176537E-01
 1.98703535788120E+03	-8.40659079311200E-02
 1.98703809578123E+03	 4.66423881267492E-02
 1.98704083368126E+03	 1.50772632166292E-01
 1.98704357158129E+03	 2.50670800042954E-01
 1.98704630948132E+03	 3.49849783516035E-01
 1.98704904738135E+03	 4.08454966966304E-01
 1.98705178528138E+03	 3.69361529734477E-01
 1.98705452318141E+03	 2.11936386726366E-01
 1.98705726108144E+03	-2.03840812800825E-02
 1.98705999898147E+03	-2.45405481329753E-01
 1.98706273688150E+03	-3.93102183929377E-01
 1.98706547478153E+03	-4.33708009889793E-01
 1.98706821268156E+03	-3.66848464658514E-01
 1.98707095058160E+03	-2.00876789156845E-01
 1.98707368848163E+03	 4.39052835888532E-02
 1.98707642638166E+03	 3.13944722901864E-01
 1.98707916428169E+03	 5.21351414168454E-01
 1.98708190218172E+03	 5.83910221019941E-01
 1.98708464008175E+03	 4.78126316333766E-01
 1.98708737798178E+03	 2.55135543273719E-01
 1.98709011588181E+03	 2.50046654020714E-03
 1.98709285378184E+03	-2.12064143598572E-01
 1.98709559168187E+03	-3.64522457285315E-01
 1.98709832958190E+03	-4.54232709630560E-01
 1.98710106748193E+03	-4.75070310567073E-01
 1.98710380538196E+03	-4.15956594970872E-01
 1.98710654328200E+03	-2.86285500153041E-01
 1.98710928118203E+03	-1.27163364821953E-01
 1.98711201908206E+03	 1.41436326088191E-02
 1.98711475698209E+03	 1.21374114591724E-01
 1.98711749488212E+03	 2.13611478485757E-01
 1.98712023278215E+03	 3.08030253346363E-01
 1.98712297068218E+03	 3.82046358418120E-01
 1.98712570858221E+03	 3.80276828436513E-01
 1.98712844648224E+03	 2.63856581139267E-01
 1.98713118438227E+03	 5.31000842871869E-02
 1.98713392228230E+03	-1.79041945673768E-01
 1.98713666018233E+03	-3.54080114159050E-01
 1.98713939808236E+03	-4.28368434036593E-01
 1.98714213598239E+03	-3.94524142784998E-01
 1.98714487388243E+03	-2.59378523827752E-01
 1.98714761178246E+03	-3.69183856751991E-02
 1.98715034968249E+03	 2.33126376786135E-01
 1.98715308758252E+03	 4.72449811959073E-01
 1.98715582548255E+03	 5.90274950249283E-01
 1.98715856338258E+03	 5.37749125121910E-01
 1.98716130128261E+03	 3.41939517449639E-01
 1.98716403918264E+03	 8.51666748927479E-02
 1.98716677708267E+03	-1.51437962975760E-01
 1.98716951498270E+03	-3.27829362523936E-01
 1.98717225288273E+03	-4.38528937478776E-01
 1.98717499078276E+03	-4.81432513124108E-01
 1.98717772868279E+03	-4.45774412588144E-01
 1.98718046658283E+03	-3.32237291854276E-01
 1.98718320448286E+03	-1.73563873704156E-01
 1.98718594238289E+03	-2.10692143121480E-02
 1.98718868028292E+03	 9.43954517649404E-02
 1.98719141818295E+03	 1.82635437791907E-01
 1.98719415608298E+03	 2.68835218653574E-01
 1.98719689398301E+03	 3.48856531139198E-01
 1.98719963188304E+03	 3.76551821192871E-01
 1.98720236978307E+03	 3.01473018952486E-01
 1.98720510768310E+03	 1.20419752401772E-01
 1.98720784558313E+03	-1.09201755343586E-01
 1.98721058348316E+03	-3.05991355929541E-01
 1.98721332138319E+03	-4.12661311006623E-01
 1.98721605928323E+03	-4.11876043633441E-01
 1.98721879718326E+03	-3.08152023416513E-01
 1.98722153508329E+03	-1.11951532609824E-01
 1.98722427298332E+03	 1.48859804348684E-01
 1.98722701088335E+03	 4.09033702281408E-01
 1.98722974878338E+03	 5.76593449293380E-01
 1.98723248668340E+03	 5.81784271649046E-01
 1.98723522458344E+03	 4.24475744903026E-01
 1.98723796248347E+03	 1.73815321514356E-01
 1.98724070038350E+03	-8.10134839866919E-02
 1.98724343828353E+03	-2.82657661552241E-01
 1.98724617618356E+03	-4.16005469027702E-01
 1.98724891408359E+03	-4.80867608192430E-01
 1.98725165198362E+03	-4.69205785356837E-01
 1.98725438988366E+03	-3.75586788887557E-01
 1.98725712778369E+03	-2.22517823818496E-01
 1.98725986568372E+03	-6.03653547217519E-02
 1.98726260358375E+03	 6.74237052697908E-02
 1.98726534148378E+03	 1.56961208330356E-01
 1.98726807938381E+03	 2.34637320522426E-01
 1.98727081728384E+03	 3.12976028946930E-01
 1.98727355518387E+03	 3.60814134324893E-01
 1.98727629308390E+03	 3.24022325108929E-01
 1.98727903098393E+03	 1.78374335001940E-01
 1.98728176888396E+03	-3.89923489312754E-02
 1.98728450678399E+03	-2.50325200616622E-01
 1.98728724468402E+03	-3.86911897535536E-01
 1.98728998258406E+03	-4.19059002521751E-01
 1.98729272048409E+03	-3.46945074228408E-01
 1.98729545838412E+03	-1.79321723283488E-01
 1.98729819628415E+03	 6.48366759151131E-02
 1.98730093418418E+03	 3.34662666771938E-01
 1.98730367208421E+03	 5.43612001676953E-01
 1.98730640998424E+03	 6.07379347673742E-01
 1.98730914788427E+03	 4.98325092028835E-01
 1.98731188578430E+03	 2.65428001875318E-01
 1.98731462368433E+03	-1.19485444218646E-03
 1.98731736158436E+03	-2.27997739408043E-01
 1.98732009948439E+03	-3.85990543668091E-01
 1.98732283738442E+03	-4.73291983091357E-01
 1.98732557528446E+03	-4.85650889288146E-01
 1.98732831318449E+03	-4.14727308635211E-01
 1.98733105108452E+03	-2.72673787410837E-01
 1.98733378898455E+03	-1.04341382480489E-01
 1.98733652688458E+03	 3.80776639786107E-02
 1.98733926478461E+03	 1.34807881539104E-01
 1.98734200268464E+03	 2.06564576836819E-01
 1.98734474058467E+03	 2.78137870657531E-01
 1.98734747848470E+03	 3.36555347973971E-01
 1.98735021638473E+03	 3.32048722321833E-01
 1.98735295428476E+03	 2.24455456532418E-01
 1.98735569218479E+03	 2.82527240175886E-02
 1.98735843008482E+03	-1.89134029830059E-01
 1.98736116798486E+03	-3.51706248855041E-01
 1.98736390588489E+03	-4.16235962210349E-01
 1.98736664378492E+03	-3.75787895743218E-01
 1.98736938168495E+03	-2.37865152003535E-01
 1.98737211958498E+03	-1.57815913416116E-02
 1.98737485748501E+03	 2.53279838310832E-01
 1.98737759538504E+03	 4.93322074594662E-01
 1.98738033328507E+03	 6.12851243185197E-01
 1.98738307118510E+03	 5.59239355471034E-01
 1.98738580908513E+03	 3.56168575377349E-01
 1.98738854698516E+03	 8.66723897796627E-02
 1.98739128488519E+03	-1.63143726155317E-01
 1.98739402278522E+03	-3.47566354922164E-01
 1.98739676068525E+03	-4.58477483545855E-01
 1.98739949858529E+03	-4.94769174682686E-01
 1.98740223648532E+03	-4.48271638075919E-01
 1.98740497438535E+03	-3.22288690400746E-01
 1.98740771228538E+03	-1.52752544779205E-01
 1.98741045018541E+03	 4.38734019859002E-03
 1.98741318808544E+03	 1.13740514757902E-01
 1.98741592598547E+03	 1.84444468451113E-01
 1.98741866388550E+03	 2.47277275443132E-01
 1.98742140178553E+03	 3.07703465022831E-01
 1.98742413968556E+03	 3.27354854550959E-01
 1.98742687758559E+03	 2.57147272175532E-01
 1.98742961548562E+03	 8.92754043428114E-02
 1.98743235338565E+03	-1.24992522551084E-01
 1.98743509128569E+03	-3.08022320001240E-01
 1.98743782918572E+03	-4.03607662306001E-01
 1.98744056708575E+03	-3.94838515143934E-01
 1.98744330498578E+03	-2.87011441588076E-01
 1.98744604288581E+03	-9.05311253544118E-02
 1.98744878078584E+03	 1.68835969713229E-01
 1.98745151868587E+03	 4.28730067366738E-01
 1.98745425658590E+03	 5.97852259436632E-01
 1.98745699448593E+03	 6.03562045223332E-01
 1.98745973238596E+03	 4.41667946295258E-01
 1.98746247028599E+03	 1.80226171142018E-01
 1.98746520818602E+03	-8.79668306702132E-02
 1.98746794608605E+03	-2.99711100156396E-01
 1.98747068398609E+03	-4.35955911636805E-01
 1.98747342188612E+03	-4.96363887888353E-01
 1.98747615978615E+03	-4.75153131629673E-01
 1.98747889768618E+03	-3.69470171109315E-01
 1.98748163558621E+03	-2.04573206758755E-01
 1.98748437348624E+03	-3.49126191254952E-02
 1.98748711138627E+03	 9.10860625598925E-02
 1.98748984928630E+03	 1.66924011266879E-01
 1.98749258718633E+03	 2.22203814545439E-01
 1.98749532508636E+03	 2.78137800827287E-01
 1.98749806298639E+03	 3.12792326971914E-01
 1.98750080088642E+03	 2.76125606926381E-01
 1.98750353878645E+03	 1.41232598096614E-01
 1.98750627668648E+03	-6.08571356012532E-02
 1.98750901458652E+03	-2.57328868295864E-01
 1.98751175248655E+03	-3.81502541232653E-01
 1.98751449038658E+03	-4.04279036346049E-01
 1.98751722828661E+03	-3.26617162204257E-01
 1.98751996618664E+03	-1.57700219079356E-01
 1.98752270408667E+03	 8.49543631313881E-02
 1.98752544198670E+03	 3.53530043753663E-01
 1.98752817988673E+03	 5.63388475224406E-01
 1.98753091778676E+03	 6.28599286136650E-01
 1.98753365568679E+03	 5.17402428078152E-01
 1.98753639358682E+03	 2.76143980997698E-01
 1.98753913148685E+03	-3.15478705845739E-03
 1.98754186938688E+03	-2.41517562728074E-01
 1.98754460728692E+03	-4.04996077366005E-01
 1.98754734518695E+03	-4.90238886064854E-01
 1.98755008308698E+03	-4.94641728193707E-01
 1.98755282098701E+03	-4.12405476467481E-01
 1.98755555888704E+03	-2.58164620083782E-01
 1.98755829678707E+03	-8.02120216916953E-02
 1.98756103468710E+03	 6.43578263678441E-02
 1.98756377258713E+03	 1.51744087066286E-01
 1.98756651048716E+03	 2.03429661113516E-01
 1.98756924838719E+03	 2.51211276917950E-01
 1.98757198628722E+03	 2.91913531644437E-01
 1.98757472418725E+03	 2.82318560407134E-01
 1.98757746208728E+03	 1.82024301257601E-01
 1.98758019998732E+03	 1.66555351291234E-04
 1.98758293788735E+03	-2.01618425695670E-01
 1.98758567578738E+03	-3.50501164162970E-01
 1.98758841368741E+03	-4.04280823338049E-01
 1.98759115158744E+03	-3.56787392484093E-01
 1.98759388948747E+03	-2.16279274538939E-01
 1.98759662738750E+03	 4.67700091429150E-03
 1.98759936528753E+03	 2.71726208951842E-01
 1.98760210318756E+03	 5.11690434135569E-01
 1.98760484108759E+03	 6.32891933363559E-01
 1.98760757898762E+03	 5.79119838978364E-01
 1.98761031688765E+03	 3.70334968823874E-01
 1.98761305478768E+03	 8.96275835297587E-02
 1.98761579268771E+03	-1.72457404811741E-01
 1.98761853058775E+03	-3.64670523613399E-01
 1.98762126848778E+03	-4.76066002648234E-01
 1.98762400638781E+03	-5.06280627068602E-01
 1.98762674428784E+03	-4.49537366648324E-01
 1.98762948218787E+03	-3.11512216909104E-01
 1.98763222008790E+03	-1.30992100758938E-01
 1.98763495798793E+03	 3.16279048967991E-02
 1.98763769588796E+03	 1.36124700753327E-01
 1.98764043378799E+03	 1.90175188081339E-01
 1.98764317168802E+03	 2.29345177104618E-01
 1.98764590958805E+03	 2.68527657606113E-01
 1.98764864748808E+03	 2.77810181446427E-01
 1.98765138538811E+03	 2.10558488399305E-01
 1.98765412328815E+03	 5.51228384371450E-02
 1.98765686118818E+03	-1.43351444067161E-01
 1.98765959908821E+03	-3.11560585958082E-01
 1.98766233698824E+03	-3.95040593364964E-01
 1.98766507488827E+03	-3.77722938544665E-01
 1.98766781278830E+03	-2.65830217152461E-01
 1.98767055068833E+03	-6.96827450504365E-02
 1.98767328858836E+03	 1.87256808068874E-01
 1.98767602648839E+03	 4.45956716986072E-01
 1.98767876438842E+03	 6.16353397492437E-01
 1.98768150228845E+03	 6.23258925339970E-01
 1.98768424018848E+03	 4.58252228220862E-01
 1.98768697808851E+03	 1.87692493138768E-01
 1.98768971598855E+03	-9.26487475584003E-02
 1.98769245388858E+03	-3.14011887258843E-01
 1.98769519178861E+03	-4.53300174741442E-01
 1.98769792968864E+03	-5.09765898002467E-01
 1.98770066758867E+03	-4.79660509395186E-01
 1.98770340548870E+03	-3.62486020843637E-01
 1.98770614338873E+03	-1.85923262732367E-01
 1.98770888128876E+03	-8.20214887205135E-03
 1.98771161918879E+03	 1.17203154784557E-01
 1.98771435708882E+03	 1.80547655320518E-01
 1.98771709498885E+03	 2.13751750860119E-01
 1.98771983288888E+03	 2.46219207223082E-01
 1.98772257078891E+03	 2.65591630923843E-01
 1.98772530868895E+03	 2.26906831876544E-01
 1.98772804658898E+03	 1.01530567937392E-01
 1.98773078448901E+03	-8.53046176552362E-02
 1.98773352238904E+03	-2.66101988636126E-01
 1.98773626028907E+03	-3.76873368579502E-01
 1.98773899818910E+03	-3.89622305711203E-01
 1.98774173608913E+03	-3.06310637864243E-01
 1.98774447398916E+03	-1.36573649002943E-01
 1.98774721188919E+03	 1.03668040066771E-01
 1.98774994978922E+03	 3.70008043097787E-01
 1.98775268768925E+03	 5.80256373657293E-01
 1.98775542558928E+03	 6.47307198818766E-01
 1.98775816348931E+03	 5.35290659986583E-01
 1.98776090138934E+03	 2.87418145861205E-01
 1.98776363928938E+03	-3.07982968492870E-03
 1.98776637718941E+03	-2.52240806753053E-01
 1.98776911508944E+03	-4.21171075971913E-01
 1.98777185298947E+03	-5.04803247837756E-01
 1.98777459088950E+03	-5.01929222772314E-01
 1.98777732878953E+03	-4.09077614852608E-01
 1.98778006668956E+03	-2.43066316481632E-01
 1.98778280458959E+03	-5.52642494108051E-02
 1.98778554248962E+03	 9.24615592148604E-02
 1.98778828038965E+03	 1.71864071408755E-01
 1.98779101828968E+03	 2.04322024879948E-01
 1.98779375618971E+03	 2.27894297048564E-01
 1.98779649408974E+03	 2.49187350804346E-01
 1.98779923198978E+03	 2.32319238884534E-01
 1.98780196988981E+03	 1.37684465063890E-01
 1.98780470778984E+03	-3.03346171961949E-02
 1.98780744568987E+03	-2.16030190786626E-01
 1.98781018358990E+03	-3.50335173323427E-01
 1.98781292148993E+03	-3.92653913829272E-01
 1.98781565938996E+03	-3.37892261980311E-01
 1.98781839728999E+03	-1.95137575607047E-01
 1.98782113519002E+03	 2.38761932341359E-02
 1.98782387309005E+03	 2.87900613523253E-01
 1.98782661099008E+03	 5.27072767430726E-01
 1.98782934889011E+03	 6.50049984214625E-01
 1.98783208679014E+03	 5.97221673190937E-01
 1.98783482469018E+03	 3.84472984982074E-01
 1.98783756259021E+03	 9.42553093105476E-02
 1.98784030049024E+03	-1.79031548854577E-01
 1.98784303839027E+03	-3.78765567213924E-01
 1.98784577629030E+03	-4.90981314892846E-01
 1.98784851419033E+03	-5.15785912224640E-01
 1.98785125209036E+03	-4.49575169793419E-01
 1.98785398999039E+03	-3.00135264483747E-01
 1.98785672789042E+03	-1.08729861499137E-01
 1.98785946579045E+03	 6.00843258384741E-02
 1.98786220369048E+03	 1.61069310841304E-01
 1.98786494159051E+03	 1.99692541692982E-01
 1.98786767949054E+03	 2.15417265277771E-01
 1.98787041739057E+03	 2.32203444271082E-01
 1.98787315529061E+03	 2.29085066492384E-01
 1.98787589319064E+03	 1.62883313106749E-01
 1.98787863109067E+03	 1.89142235376792E-02
 1.98788136899070E+03	-1.63665383204177E-01
 1.98788410689073E+03	-3.16340746391219E-01
 1.98788684479076E+03	-3.86997963872815E-01
 1.98788958269079E+03	-3.60810394782171E-01
 1.98789232059082E+03	-2.45064424550654E-01
 1.98789505849085E+03	-4.99596057235474E-02
 1.98789779639088E+03	 2.03550848790974E-01
 1.98790053429091E+03	 4.60191336676342E-01
 1.98790327219094E+03	 6.31678276612785E-01
 1.98790601009097E+03	 6.40608919666761E-01
 1.98790874799101E+03	 4.74155017307517E-01
 1.98791148589104E+03	 1.96342403291490E-01
 1.98791422379107E+03	-9.47710242916494E-02
 1.98791696169110E+03	-3.25197417621331E-01
 1.98791969959113E+03	-4.67698231709180E-01
 1.98792243749116E+03	-5.20835734235546E-01
 1.98792517539119E+03	-4.82652635139923E-01
 1.98792791329122E+03	-3.54772944873207E-01
 1.98793065119125E+03	-1.66946156478622E-01
 1.98793338909128E+03	 1.91994438972661E-02
 1.98793612699131E+03	 1.45188256183457E-01
 1.98793886489134E+03	 1.97479115569824E-01
 1.98794160279137E+03	 2.09387927060262E-01
 1.98794434069141E+03	 2.17858526105838E-01
 1.98794707859144E+03	 2.20251674821326E-01
 1.98794981649147E+03	 1.77543223504470E-01
 1.98795255439150E+03	 6.03165003123126E-02
 1.98795529229153E+03	-1.11583678910542E-01
 1.98795803019156E+03	-2.76240836073856E-01
 1.98796076809159E+03	-3.72941827044219E-01
 1.98796350599162E+03	-3.75271518378354E-01
 1.98796624389165E+03	-2.86407686437361E-01
 1.98796898179168E+03	-1.16450145180382E-01
 1.98797171969171E+03	 1.20419121225313E-01
 1.98797445759174E+03	 3.83553802335199E-01
 1.98797719549177E+03	 5.93742627856339E-01
 1.98797993339180E+03	 6.63150470574050E-01
 1.98798267129184E+03	 5.51807674435892E-01
 1.98798540919187E+03	 2.99270119443818E-01
 1.98798814709190E+03	-7.63631066959254E-04
 1.98799088499193E+03	-2.59842648895070E-01
 1.98799362289196E+03	-4.34168209531059E-01
 1.98799636079199E+03	-5.16703939101478E-01
 1.98799909869202E+03	-5.07367532154484E-01
 1.98800183659205E+03	-4.04792731987979E-01
 1.98800457449208E+03	-2.27669732492154E-01
 1.98800731239211E+03	-3.00229079255076E-02
 1.98801005029214E+03	 1.21747911378865E-01
 1.98801278819217E+03	 1.94642031733023E-01
 1.98801552609220E+03	 2.09090001524080E-01
 1.98801826399224E+03	 2.08561515531545E-01
 1.98802100189227E+03	 2.09233052255420E-01
 1.98802373979230E+03	 1.83169440627392E-01
 1.98802647769233E+03	 9.25382172224452E-02
 1.98802921559236E+03	-6.23809122569426E-02
 1.98803195349239E+03	-2.31830081572493E-01
 1.98803469139242E+03	-3.51000738445692E-01
 1.98803742929245E+03	-3.81432109573014E-01
 1.98804016719248E+03	-3.19400321350330E-01
 1.98804290509251E+03	-1.74888581987744E-01
 1.98804564299254E+03	 4.12884690515036E-02
 1.98804838089257E+03	 3.01259966673431E-01
 1.98805111879260E+03	 5.38961689556458E-01
 1.98805385669264E+03	 6.63902247698832E-01
 1.98805659459267E+03	 6.13260745345174E-01
 1.98805933249270E+03	 3.98486720053327E-01
 1.98806207039273E+03	 1.00660768620142E-01
 1.98806480829276E+03	-1.82603792814739E-01
 1.98806754619279E+03	-3.89519305249681E-01
 1.98807028409282E+03	-5.02916001725850E-01
 1.98807302199285E+03	-5.23080462064340E-01
 1.98807575989288E+03	-4.48349499766491E-01
 1.98807849779291E+03	-2.88352317907011E-01
 1.98808123569294E+03	-8.64178326241676E-02
 1.98808397359297E+03	 8.91123633201646E-02
 1.98808671149300E+03	 1.87929047785131E-01
 1.98808944939304E+03	 2.12616790996213E-01
 1.98809218729307E+03	 2.05595390747091E-01
 1.98809492519310E+03	 1.99359064993852E-01
 1.98809766309313E+03	 1.82180611457865E-01
 1.98810040099316E+03	 1.15228172913411E-01
 1.98810313889319E+03	-1.83903678704206E-02
 1.98810587679322E+03	-1.85268980721405E-01
 1.98810861469325E+03	-3.22029199634435E-01
 1.98811135259328E+03	-3.79445709450672E-01
 1.98811409049331E+03	-3.44306568055691E-01
 1.98811682839334E+03	-2.25091468280560E-01
 1.98811956629337E+03	-3.18423255199792E-02
 1.98812230419340E+03	 2.17194320581434E-01
 1.98812504209343E+03	 4.70913918540909E-01
 1.98812777999347E+03	 6.43353710727673E-01
 1.98813051789350E+03	 6.55239424186255E-01
 1.98813325579353E+03	 4.89165445251616E-01
 1.98813599369356E+03	 2.06166009184625E-01
 1.98813873159359E+03	-9.41571320488515E-02
 1.98814146949362E+03	-3.32975108909362E-01
 1.98814420739365E+03	-4.78836357465410E-01
 1.98814694529368E+03	-5.29325030381985E-01
 1.98814968319371E+03	-4.84019109437546E-01
 1.98815242109374E+03	-3.46428112710438E-01
 1.98815515899377E+03	-1.48000203650572E-01
 1.98815789689380E+03	 4.66888514891898E-02
 1.98816063479383E+03	 1.74332814454285E-01
 1.98816337269387E+03	 2.17154878092344E-01
 1.98816611059390E+03	 2.08951510722312E-01
 1.98816884849393E+03	 1.93426464298198E-01
 1.98817158639396E+03	 1.77601871988171E-01
 1.98817432429399E+03	 1.29090818356911E-01
 1.98817706219402E+03	 1.86032404270520E-02
 1.98817980009405E+03	-1.38919808951586E-01
 1.98818253799408E+03	-2.87289051850997E-01
 1.98818527589411E+03	-3.69560306802437E-01
 1.98818801379414E+03	-3.61334960160316E-01
 1.98819075169417E+03	-2.67206165307416E-01
 1.98819348959420E+03	-9.77506673964252E-02
 1.98819622749423E+03	 1.34720603252633E-01
 1.98819896539427E+03	 3.93656254450519E-01
 1.98820170329430E+03	 6.03347295718993E-01
 1.98820444119433E+03	 6.75687567410175E-01
 1.98820717909436E+03	 5.66636228609431E-01
 1.98820991699439E+03	 3.11568050520397E-01
 1.98821265489442E+03	 3.86455238467109E-03
 1.98821539279445E+03	-2.64095149927829E-01
 1.98821813069448E+03	-4.43690069427199E-01
 1.98822086859451E+03	-5.25666566180214E-01
 1.98822360649454E+03	-5.10784766265886E-01
 1.98822634439457E+03	-3.99556476473588E-01
 1.98822908229460E+03	-2.12228800140381E-01
 1.98823182019463E+03	-5.01559747475730E-03
 1.98823455809466E+03	 1.51499305418676E-01
 1.98823729599470E+03	 2.19384316595091E-01
 1.98824003389473E+03	 2.17337878556026E-01
 1.98824277179476E+03	 1.93314303641805E-01
 1.98824550969479E+03	 1.72663901604826E-01
 1.98824824759482E+03	 1.35819522889539E-01
 1.98825098549485E+03	 4.76064488763508E-02
 1.98825372339488E+03	-9.51136621715229E-02
 1.98825646129491E+03	-2.48447637165678E-01
 1.98825919919494E+03	-3.52236980641061E-01
 1.98826193709497E+03	-3.70623320807676E-01
 1.98826467499500E+03	-3.01524359455105E-01
 1.98826741289503E+03	-1.55884237336183E-01
 1.98827015079506E+03	 5.64779693291033E-02
 1.98827288869510E+03	 3.11322008734197E-01
 1.98827562659513E+03	 5.46854724659746E-01
 1.98827836449516E+03	 6.73962376987620E-01
 1.98828110239519E+03	 6.26829723856021E-01
 1.98828384029522E+03	 4.12123784851144E-01
 1.98828657819525E+03	 1.08794534551895E-01
 1.98828931609528E+03	-1.83034642683579E-01
 1.98829205399531E+03	-3.96675113762878E-01
 1.98829479189534E+03	-5.11590035089359E-01
 1.98829752979537E+03	-5.27947185235587E-01
 1.98830026769540E+03	-4.45785531720590E-01
 1.98830300559543E+03	-2.76311457870429E-01
 1.98830574349546E+03	-6.44840374775301E-02
 1.98830848139550E+03	 1.18033358826215E-01
 1.98831121929553E+03	 2.15937937107675E-01
 1.98831395719556E+03	 2.28359900506009E-01
 1.98831669509559E+03	 1.99718466082502E-01
 1.98831943299562E+03	 1.70360864335316E-01
 1.98832217089565E+03	 1.37889895790533E-01
 1.98832490879568E+03	 6.85725079251417E-02
 1.98832764669571E+03	-5.58808894056958E-02
 1.98833038459574E+03	-2.07492522678380E-01
 1.98833312249577E+03	-3.28255548725640E-01
 1.98833586039580E+03	-3.72290585952190E-01
 1.98833859829583E+03	-3.28336207259604E-01
 1.98834133619586E+03	-2.06188290351484E-01
 1.98834407409589E+03	-1.57049307225677E-02
 1.98834681199593E+03	 2.27750624538544E-01
 1.98834954989596E+03	 4.77642732787313E-01
 1.98835228779599E+03	 6.50875285915750E-01
 1.98835502569602E+03	 6.66675921783882E-01
 1.98835776359605E+03	 5.02920796732914E-01
 1.98836050149608E+03	 2.16986779734996E-01
 1.98836323939611E+03	-9.07764401702155E-02
 1.98836597729614E+03	-3.37154169115415E-01
 1.98836871519617E+03	-4.86451547113497E-01
 1.98837145309620E+03	-5.34990241908295E-01
 1.98837419099623E+03	-4.83619587491130E-01
 1.98837692889626E+03	-3.37500009011500E-01
 1.98837966679629E+03	-1.29401116432735E-01
 1.98838240469633E+03	 7.36647924592644E-02
 1.98838514259636E+03	 2.03855346220886E-01
 1.98838788049639E+03	 2.38847603179856E-01
 1.98839061839642E+03	 2.12043678207761E-01
 1.98839335629645E+03	 1.73028236374661E-01
 1.98839609419648E+03	 1.38234580133547E-01
 1.98839883209651E+03	 8.24367302832708E-02
 1.98840156999654E+03	-2.26872376105390E-02
 1.98840430789657E+03	-1.66565594768558E-01
 1.98840704579660E+03	-2.98774671060126E-01
 1.98840978369663E+03	-3.66535938036954E-01
 1.98841252159666E+03	-3.47848530085896E-01
 1.98841525949669E+03	-2.48905077084793E-01
 1.98841799739673E+03	-8.07806052271457E-02
 1.98842073529676E+03	 1.46194439780499E-01
 1.98842347319679E+03	 3.99875026629756E-01
 1.98842621109682E+03	 6.08575111378483E-01
 1.98842894899685E+03	 6.84404568413652E-01
 1.98843168689688E+03	 5.79321943981710E-01
 1.98843442479691E+03	 3.24010190002286E-01
 1.98843716269694E+03	 1.07116701288284E-02
 1.98843990059697E+03	-2.64897245930574E-01
 1.98844263849700E+03	-4.49514928497969E-01
 1.98844537639703E+03	-5.31442016539379E-01
 1.98844811429706E+03	-5.11992859719155E-01
 1.98845085219709E+03	-3.93329974739863E-01
 1.98845359009713E+03	-1.96944509110957E-01
 1.98845632799716E+03	 1.92608479080387E-02
 1.98845906589719E+03	 1.80969929958562E-01
 1.98846180379722E+03	 2.45282686453273E-01
 1.98846454169725E+03	 2.28469135053243E-01
 1.98846727959728E+03	 1.82000462118661E-01
 1.98847001749731E+03	 1.39840232166900E-01
 1.98847275539734E+03	 9.10159743983675E-02
 1.98847549329737E+03	 3.77895353211193E-03
 1.98847823119740E+03	-1.27735975751902E-01
 1.98848096909743E+03	-2.65322184215971E-01
 1.98848370699746E+03	-3.53755569585941E-01
 1.98848644489749E+03	-3.60175646990375E-01
 1.98848918279752E+03	-2.84385039775923E-01
 1.98849192069756E+03	-1.38358188772085E-01
 1.98849465859759E+03	 6.91336287389170E-02
 1.98849739649762E+03	 3.17704279100647E-01
 1.98850013439765E+03	 5.50291274403811E-01
 1.98850287229768E+03	 6.79707478784260E-01
 1.98850561019771E+03	 6.37408513025553E-01
 1.98850834809774E+03	 4.24968547029434E-01
 1.98851108599777E+03	 1.18432683019594E-01
 1.98851382389780E+03	-1.80333419850521E-01
 1.98851656179783E+03	-4.00077295247409E-01
 1.98851929969786E+03	-5.16771412613087E-01
 1.98852203759789E+03	-5.30170205119394E-01
 1.98852477549792E+03	-4.41773571471116E-01
 1.98852751339796E+03	-2.64105314505889E-01
 1.98853025129799E+03	-4.33057564736263E-02
 1.98853298919802E+03	 1.46179080507987E-01
 1.98853572709805E+03	 2.44265353585774E-01
 1.98853846499808E+03	 2.46179078477362E-01
 1.98854120289811E+03	 1.97398178579082E-01
 1.98854394079814E+03	 1.45321021216214E-01
 1.98854667869817E+03	 9.67771842299232E-02
 1.98854941659820E+03	 2.37280017285624E-02
 1.98855215449823E+03	-9.27451110879931E-02
 1.98855489239826E+03	-2.29704906270430E-01
 1.98855763029829E+03	-3.34643307480063E-01
 1.98856036819832E+03	-3.65395681722422E-01
 1.98856310609836E+03	-3.12943208444812E-01
 1.98856584399839E+03	-1.88516884689704E-01
 1.98856858189842E+03	-1.78757984969438E-03
 1.98857131979845E+03	 2.34906765660267E-01
 1.98857405769848E+03	 4.79973725629701E-01
 1.98857679559851E+03	 6.53741727114908E-01
 1.98857953349854E+03	 6.74363903554001E-01
 1.98858227139857E+03	 5.14912077799069E-01
 1.98858500929860E+03	 2.28451889828216E-01
 1.98858774719863E+03	-8.47638316640560E-02
 1.98859048509866E+03	-3.37668612015986E-01
 1.98859322299869E+03	-4.90352826257230E-01
 1.98859596089872E+03	-5.37609217605761E-01
 1.98859869879875E+03	-4.81292976967848E-01
 1.98860143669879E+03	-3.27986099228740E-01
 1.98860417459882E+03	-1.11402871820228E-01
 1.98860691249885E+03	 9.95668962783132E-02
 1.98860965039888E+03	 2.32956565316068E-01
 1.98861238829891E+03	 2.61726170470645E-01
 1.98861512619894E+03	 2.18076861720382E-01
 1.98861786409897E+03	 1.56528601780253E-01
 1.98862060199900E+03	 1.02500772716706E-01
 1.98862333989903E+03	 3.82702227209788E-02
 1.98862607779906E+03	-6.27658822718473E-02
 1.98862881569909E+03	-1.93843315586482E-01
 1.98863155359912E+03	-3.10244065133456E-01
 1.98863429149915E+03	-3.63651425124942E-01
 1.98863702939919E+03	-3.34782403575194E-01
 1.98863976729922E+03	-2.31597350537570E-01
 1.98864250519925E+03	-6.57094060288449E-02
 1.98864524309928E+03	 1.54603245463447E-01
 1.98864798099931E+03	 4.01879311047829E-01
 1.98865071889934E+03	 6.08974677967766E-01
 1.98865345679937E+03	 6.88746715303138E-01
 1.98865619469940E+03	 5.89290991505325E-01
 1.98865893259943E+03	 3.36126750376610E-01
 1.98866167049946E+03	 1.95097053609214E-02
 1.98866440839949E+03	-2.62293303085766E-01
 1.98866714629952E+03	-4.51517079222127E-01
 1.98866988419955E+03	-5.33824647227216E-01
 1.98867262209959E+03	-5.10800579854557E-01
 1.98867535999962E+03	-3.86033563182547E-01
 1.98867809789965E+03	-1.81953626047428E-01
 1.98868083579968E+03	 4.23716000923815E-02
 1.98868357369971E+03	 2.09436748292607E-01
 1.98868631159974E+03	 2.71476893431057E-01
 1.98868904949977E+03	 2.41745872518062E-01
 1.98869178739980E+03	 1.74255045296010E-01
 1.98869452529983E+03	 1.10882271838954E-01
 1.98869726319986E+03	 4.92866627247487E-02
 1.98870000109989E+03	-3.82189893502706E-02
 1.98870273899992E+03	-1.59552408114354E-01
 1.98870547689995E+03	-2.81938155304971E-01
 1.98870821479998E+03	-3.55265597843917E-01
 1.98871095270002E+03	-3.49989737412414E-01
 1.98871369060005E+03	-2.68010550962024E-01
 1.98871642850008E+03	-1.22412764779316E-01
 1.98871916640011E+03	 7.90945293974293E-02
 1.98872190430014E+03	 3.20159750223082E-01
 1.98872464220017E+03	 5.48893519372563E-01
 1.98872738010020E+03	 6.80616752991965E-01
 1.98873011800023E+03	 6.44392939505622E-01
 1.98873285590026E+03	 4.36456039896289E-01
 1.98873559380029E+03	 1.29175798666743E-01
 1.98873833170032E+03	-1.74670243843119E-01
 1.98874106960035E+03	-3.99688603853846E-01
 1.98874380750038E+03	-5.18294557228728E-01
 1.98874654540042E+03	-5.29550538791515E-01
 1.98874928330045E+03	-4.36177927351718E-01
 1.98875202120048E+03	-2.51767303421849E-01
 1.98875475910051E+03	-2.31868631187679E-02
 1.98875749700054E+03	 1.72936041408174E-01
 1.98876023490057E+03	 2.72077320066096E-01
 1.98876297280060E+03	 2.65242521525886E-01
 1.98876571070063E+03	 1.98073054866089E-01
 1.98876844860066E+03	 1.24127112736425E-01
 1.98877118650069E+03	 5.91788948766370E-02
 1.98877392440072E+03	-1.86835950300391E-02
 1.98877666230075E+03	-1.28302719489849E-01
 1.98877940020078E+03	-2.51348236354116E-01
 1.98878213810082E+03	-3.40837309625464E-01
 1.98878487600085E+03	-3.58597365420201E-01
 1.98878761390088E+03	-2.98096388028726E-01
 1.98879035180091E+03	-1.72118532662355E-01
 1.98879308970094E+03	 9.82144930662711E-03
 1.98879582760097E+03	 2.38503515996226E-01
 1.98879856550100E+03	 4.77620048114513E-01
 1.98880130340103E+03	 6.51497604947037E-01
 1.98880404130106E+03	 6.77706594119126E-01
 1.98880677920109E+03	 5.24509650452103E-01
 1.98880951710112E+03	 2.40042564400014E-01
 1.98881225500115E+03	-7.64231692481310E-02
 1.98881499290118E+03	-3.34590010970368E-01
 1.98881773080122E+03	-4.90438273075959E-01
 1.98882046870125E+03	-5.36998266637771E-01
 1.98882320660128E+03	-4.76870326908059E-01
 1.98882594450131E+03	-3.17835824475758E-01
 1.98882868240134E+03	-9.41838486507439E-02
 1.98883142030137E+03	 1.23911518240340E-01
 1.98883415820140E+03	 2.60876024688292E-01
 1.98883689610143E+03	 2.84923677246968E-01
 1.98883963400146E+03	 2.26338695217497E-01
 1.98884237190149E+03	 1.43596642549306E-01
 1.98884510980152E+03	 7.05273191810107E-02
 1.98884784770155E+03	-2.92613812908396E-03
 1.98885058560158E+03	-1.01002525454750E-01
 1.98885332350161E+03	-2.20176557359111E-01
 1.98885606140165E+03	-3.21290181242652E-01
 1.98885879930168E+03	-3.60685289012719E-01
 1.98886153720171E+03	-3.22051913590117E-01
 1.98886427510174E+03	-2.15270780256499E-01
 1.98886701300177E+03	-5.25602472162043E-02
 1.98886975090180E+03	 1.59873363035281E-01
 1.98887248880183E+03	 3.99483219965004E-01
 1.98887522670186E+03	 6.04181991824552E-01
 1.98887796460189E+03	 6.88162510697331E-01
 1.98888070250192E+03	 5.95886222058087E-01
 1.98888344040195E+03	 3.47302005167422E-01
 1.98888617830198E+03	 2.98223093165605E-02
 1.98888891620201E+03	-2.56479145403102E-01
 1.98889165410205E+03	-4.49680734923865E-01
 1.98889439200208E+03	-5.32669316720826E-01
 1.98889712990211E+03	-5.07029172652462E-01
 1.98889986780214E+03	-3.77555477720092E-01
 1.98890260570217E+03	-1.67323245790573E-01
 1.98890534360220E+03	 6.39701400752482E-02
 1.98890808150223E+03	 2.36248763815520E-01
 1.98891081940226E+03	 2.97121008984829E-01
 1.98891355730229E+03	 2.56358752425521E-01
 1.98891629520232E+03	 1.69557831191920E-01
 1.98891903310235E+03	 8.57032815042532E-02
 1.98892177100238E+03	 1.09466864705923E-02
 1.98892450890241E+03	-7.78421328552156E-02
 1.98892724680245E+03	-1.89995274814810E-01
 1.98892998470248E+03	-2.97852291574872E-01
 1.98893272260251E+03	-3.56495676212679E-01
 1.98893546050254E+03	-3.39933580976488E-01
 1.98893819840257E+03	-2.52343338392345E-01
 1.98894093630260E+03	-1.08016107717735E-01
 1.98894367420263E+03	 8.63649315373936E-02
 1.98894641210266E+03	 3.18605729702746E-01
 1.98894915000269E+03	 5.42407558435368E-01
 1.98895188790272E+03	 6.76218808279253E-01
 1.98895462580275E+03	 6.47139299804584E-01
 1.98895736370278E+03	 4.45905381183699E-01
 1.98896010160281E+03	 1.40466740529392E-01
 1.98896283950284E+03	-1.66373540960610E-01
 1.98896557740288E+03	-3.95599191552979E-01
 1.98896831530291E+03	-5.16075754884724E-01
 1.98897105320294E+03	-5.25923128621363E-01
 1.98897379110297E+03	-4.28850027437196E-01
 1.98897652900300E+03	-2.39273745035860E-01
 1.98897926690303E+03	-4.34127967768736E-03
 1.98898200480306E+03	 1.97785457204394E-01
 1.98898474270309E+03	 2.98597669736599E-01
 1.98898748060312E+03	 2.84701244949759E-01
 1.98899021850315E+03	 2.01075299422167E-01
 1.98899295640318E+03	 1.06489605512806E-01
 1.98899569430321E+03	 2.52246407920695E-02
 1.98899843220324E+03	-5.82337029612227E-02
 1.98900117010328E+03	-1.62024093614499E-01
 1.98900390800331E+03	-2.71962018444193E-01
 1.98900664590334E+03	-3.46526093100620E-01
 1.98900938380337E+03	-3.51722660658709E-01
 1.98901212170340E+03	-2.83700840232174E-01
 1.98901485960343E+03	-1.56917670429337E-01
 1.98901759750346E+03	 1.91925051470282E-02
 1.98902033540349E+03	 2.38556232119119E-01
 1.98902307330352E+03	 4.70447921239965E-01
 1.98902581120355E+03	 6.43780484833487E-01
 1.98902854910358E+03	 6.76115128855076E-01
 1.98903128700361E+03	 5.31006638478451E-01
 1.98903402490364E+03	 2.51103284814767E-01
 1.98903676280368E+03	-6.62148360275610E-02
 1.98903950070371E+03	-3.28129670971373E-01
 1.98904223860374E+03	-4.86707187179964E-01
 1.98904497650377E+03	-5.33029109507225E-01
 1.98904771440380E+03	-4.70190978895655E-01
 1.98905045230383E+03	-3.06959095877655E-01
 1.98905319020386E+03	-7.78396289158857E-02
 1.98905592810389E+03	 1.46321309288999E-01
 1.98905866600392E+03	 2.86945278234855E-01
 1.98906140390395E+03	 3.07607177961291E-01
 1.98906414180398E+03	 2.36064361562321E-01
 1.98906687970401E+03	 1.33765141684474E-01
 1.98906961760404E+03	 4.22527326143856E-02
 1.98907235550407E+03	-4.08662543455299E-02
 1.98907509340411E+03	-1.36935124240388E-01
 1.98907783130414E+03	-2.45109398911464E-01
 1.98908056920417E+03	-3.31573562237122E-01
 1.98908330710420E+03	-3.57430423700744E-01
 1.98908604500423E+03	-3.09532222613106E-01
 1.98908878290426E+03	-1.99817531194403E-01
 1.98909152080429E+03	-4.12111982028207E-02
 1.98909425870432E+03	 1.62106705033994E-01
 1.98909699660435E+03	 3.92674032236775E-01
 1.98909973450438E+03	 5.93964098204735E-01
 1.98910247240441E+03	 6.82156241037484E-01
 1.98910521030444E+03	 5.98418378969344E-01
 1.98910794820447E+03	 3.56814407915725E-01
 1.98911068610451E+03	 4.10681473338889E-02
 1.98911342400454E+03	-2.47795791631987E-01
 1.98911616190457E+03	-4.44107196572735E-01
 1.98911889980460E+03	-5.27906699415235E-01
 1.98912163770463E+03	-5.00530071202101E-01
 1.98912437560466E+03	-3.67765311139871E-01
 1.98912711350469E+03	-1.53052006218130E-01
 1.98912985140472E+03	 8.38171676407065E-02
 1.98913258930475E+03	 2.60870158229415E-01
 1.98913532720478E+03	 3.21447503772548E-01
 1.98913806510481E+03	 2.71500765887373E-01
 1.98914080300484E+03	 1.67301336562892E-01
 1.98914354090487E+03	 6.40585361615891E-02
 1.98914627880491E+03	-2.38775431124947E-02
 1.98914901670494E+03	-1.14723389749784E-01
 1.98915175460497E+03	-2.18636919246763E-01
 1.98915449250500E+03	-3.12711594548055E-01
 1.98915723040503E+03	-3.57212221454988E-01
 1.98915996830506E+03	-3.29859104737463E-01
 1.98916270620509E+03	-2.37253904221090E-01
 1.98916544410512E+03	-9.50103205321211E-02
 1.98916818200515E+03	 9.11169978082415E-02
 1.98917091990518E+03	 3.13142839859778E-01
 1.98917365780521E+03	 5.30740578993445E-01
 1.98917639570524E+03	 6.66143017263027E-01
 1.98917913360527E+03	 6.45020486281924E-01
 1.98918187150531E+03	 4.52569390494474E-01
 1.98918460940534E+03	 1.51625094476995E-01
 1.98918734730537E+03	-1.55914014525550E-01
 1.98919008520540E+03	-3.88027068640315E-01
 1.98919282310543E+03	-5.10125204681344E-01
 1.98919556100546E+03	-5.19174580358497E-01
 1.98919829890549E+03	-4.19645304786889E-01
 1.98920103680552E+03	-2.26552166588969E-01
 1.98920377470555E+03	 1.31157162198058E-02
 1.98920651260558E+03	 2.20335216003333E-01
 1.98920925050561E+03	 3.23163553217142E-01
 1.98921198840564E+03	 3.03760283103035E-01
 1.98921472630567E+03	 2.05703660577697E-01
 1.98921746420570E+03	 9.20016825499690E-02
 1.98922020210574E+03	-5.12534692930756E-03
 1.98922294000577E+03	-9.46729283744013E-02
 1.98922567790580E+03	-1.93533965642390E-01
 1.98922841580583E+03	-2.91196350309735E-01
 1.98923115370586E+03	-3.51458448936256E-01
 1.98923389160589E+03	-3.44606368639483E-01
 1.98923662950592E+03	-2.69614568648093E-01
 1.98923936740595E+03	-1.42735712521327E-01
 1.98924210530598E+03	 2.65487158141806E-02
 1.98924484320601E+03	 2.35263722833816E-01
 1.98924758110604E+03	 4.58504904909070E-01
 1.98925031900607E+03	 6.30367665936296E-01
 1.98925305690610E+03	 6.69066196624154E-01
 1.98925579480614E+03	 5.33675784945295E-01
 1.98925853270617E+03	 2.60886748877175E-01
 1.98926127060620E+03	-5.47291126782513E-02
 1.98926400850623E+03	-3.18630837747029E-01
 1.98926674640626E+03	-4.79267223254694E-01
 1.98926948430629E+03	-5.25645069989934E-01
 1.98927222220632E+03	-4.61121286293053E-01
 1.98927496010635E+03	-2.95240123154166E-01
 1.98927769800638E+03	-6.23834964356900E-02
 1.98928043590641E+03	 1.66545725932076E-01
 1.98928317380644E+03	 3.10632724735304E-01
 1.98928591170647E+03	 3.29042719672199E-01
 1.98928864960650E+03	 2.46510284036587E-01
 1.98929138750654E+03	 1.26498108991263E-01
 1.98929412540657E+03	 1.74765022043029E-02
 1.98929686330660E+03	-7.54341226100186E-02
 1.98929960120663E+03	-1.70263493991830E-01
 1.98930233910666E+03	-2.68313247884172E-01
 1.98930507700669E+03	-3.40835690599028E-01
 1.98930781490672E+03	-3.53710363557946E-01
 1.98931055280675E+03	-2.97076287392304E-01
 1.98931329070678E+03	-1.85052086229646E-01
 1.98931602860681E+03	-3.14085141994833E-02
 1.98931876650684E+03	 1.61579475845036E-01
 1.98932150440687E+03	 3.81629898858837E-01
 1.98932424230690E+03	 5.78258120376575E-01
 1.98932698020693E+03	 6.70343507658231E-01
 1.98932971810697E+03	 5.96227220118342E-01
 1.98933245600700E+03	 3.63890588563418E-01
 1.98933519390703E+03	 5.25582574276253E-02
 1.98933793180706E+03	-2.36712186575934E-01
 1.98934066970709E+03	-4.35015462230296E-01
 1.98934340760712E+03	-5.19556328437931E-01
 1.98934614550715E+03	-4.91203836391010E-01
 1.98934888340718E+03	-3.56531682074175E-01
 1.98935162130721E+03	-1.39078329560247E-01
 1.98935435920724E+03	 1.01790132180629E-01
 1.98935709710727E+03	 2.82913285312872E-01
 1.98935983500730E+03	 3.43823169188095E-01
 1.98936257290733E+03	 2.86437799654896E-01
 1.98936531080737E+03	 1.66862367343973E-01
 1.98936804870740E+03	 4.56042716065091E-02
 1.98937078660743E+03	-5.52100811882689E-02
 1.98937352450746E+03	-1.48656833882490E-01
 1.98937626240749E+03	-2.45188805065234E-01
 1.98937900030752E+03	-3.26262050857427E-01
 1.98938173820755E+03	-3.57233536205233E-01
 1.98938447610758E+03	-3.19620023581293E-01
 1.98938721400761E+03	-2.22561220324057E-01
 1.98938995190764E+03	-8.31306701409529E-02
 1.98939268980767E+03	 9.36800836708157E-02
 1.98939542770770E+03	 3.04061358444385E-01
 1.98939816560773E+03	 5.13989692859692E-01
 1.98940090350777E+03	 6.50169377872095E-01
 1.98940364140780E+03	 6.37487888692620E-01
 1.98940637930783E+03	 4.55695316546029E-01
 1.98940911720786E+03	 1.61894618371349E-01
 1.98941185510789E+03	-1.43877161372587E-01
 1.98941459300792E+03	-3.77310749252384E-01
 1.98941733090795E+03	-5.00555320071875E-01
 1.98942006880798E+03	-5.09260707805698E-01
 1.98942280670801E+03	-4.08442979137121E-01
 1.98942554460804E+03	-2.13495574869069E-01
 1.98942828250807E+03	 2.91671572783832E-02
 1.98943102040810E+03	 2.40340733351822E-01
 1.98943375830813E+03	 3.45270125379794E-01
 1.98943649620816E+03	 3.21742554940072E-01
 1.98943923410820E+03	 2.11295082542876E-01
 1.98944197200823E+03	 8.02047836887374E-02
 1.98944470990826E+03	-3.20315427983955E-02
 1.98944744780829E+03	-1.27903174378025E-01
 1.98945018570832E+03	-2.22601701448402E-01
 1.98945292360835E+03	-3.08814724744714E-01
 1.98945566150838E+03	-3.55454046860096E-01
 1.98945839940841E+03	-3.37107446120511E-01
 1.98946113730844E+03	-2.55669717460909E-01
 1.98946387520847E+03	-1.29314369927168E-01
 1.98946661310850E+03	 3.22471852873758E-02
 1.98946935100853E+03	 2.29003297952391E-01
 1.98947208890856E+03	 4.42036860360759E-01
 1.98947482680860E+03	 6.11217186534064E-01
 1.98947756470863E+03	 6.56161001210075E-01
 1.98948030260866E+03	 5.31833877305632E-01
 1.98948304050869E+03	 2.68609899163791E-01
 1.98948577840872E+03	-4.26484004118569E-02
 1.98948851630875E+03	-3.06552250703113E-01
 1.98949125420878E+03	-4.68336431867592E-01
 1.98949399210881E+03	-5.14875631729206E-01
 1.98949673000884E+03	-4.49574794751083E-01
 1.98949946790887E+03	-2.82555871474557E-01
 1.98950220580890E+03	-4.77550559513860E-02
 1.98950494370893E+03	 1.84470279796996E-01
 1.98950768160896E+03	 3.31575863922013E-01
 1.98951041950900E+03	 3.48649566685612E-01
 1.98951315740903E+03	 2.57022013900004E-01
 1.98951589530906E+03	 1.21259381668953E-01
 1.98951863320909E+03	-4.08397110152905E-03
 1.98952137110912E+03	-1.06645634504792E-01
 1.98952410900915E+03	-2.00830169471142E-01
 1.98952684690918E+03	-2.89582612960761E-01
 1.98952958480921E+03	-3.48904990183678E-01
 1.98953232270924E+03	-3.49392949946951E-01
 1.98953506060927E+03	-2.84535367842738E-01
 1.98953779850930E+03	-1.70736791556358E-01
 1.98954053640933E+03	-2.27917407040021E-02
 1.98954327430936E+03	 1.58726812513452E-01
 1.98954601220940E+03	 3.66724170053892E-01
 1.98954875010943E+03	 5.57200863921643E-01
 1.98955148800946E+03	 6.52503601590176E-01
 1.98955422590949E+03	 5.88746100362062E-01
 1.98955696380952E+03	 3.67767634485815E-01
 1.98955970170955E+03	 6.35434501066155E-02
 1.98956243960958E+03	-2.23799002548998E-01
 1.98956517750961E+03	-4.22736672900859E-01
 1.98956791540964E+03	-5.07736627134216E-01
 1.98957065330967E+03	-4.79019070481187E-01
 1.98957339120970E+03	-3.43743002005416E-01
 1.98957612910973E+03	-1.25295447001614E-01
 1.98957886700976E+03	 1.17882093750495E-01
 1.98958160490979E+03	 3.02158234969942E-01
 1.98958434280983E+03	 3.63791589831761E-01
 1.98958708070986E+03	 3.00569249688260E-01
 1.98958981860989E+03	 1.67669890519904E-01
 1.98959255650992E+03	 2.99599973465683E-02
 1.98959529440995E+03	-8.31782952674072E-02
 1.98959803230998E+03	-1.79569106839848E-01
 1.98960077021001E+03	-2.69489439697759E-01
 1.98960350811004E+03	-3.38348973009382E-01
 1.98960624601007E+03	-3.56439654844114E-01
 1.98960898391010E+03	-3.09090242906942E-01
 1.98961172181013E+03	-2.08058662429880E-01
 1.98961445971016E+03	-7.20349297949309E-02
 1.98961719761019E+03	 9.45165321351142E-02
 1.98961993551023E+03	 2.91833086651475E-01
 1.98962267341026E+03	 4.92458442718824E-01
 1.98962541131029E+03	 6.28271039930933E-01
 1.98962814921032E+03	 6.24132356723404E-01
 1.98963088711035E+03	 4.54590317489662E-01
 1.98963362501038E+03	 1.70498754581806E-01
 1.98963636291041E+03	-1.30927282672195E-01
 1.98963910081044E+03	-3.63895073319489E-01
 1.98964183871047E+03	-4.87584810016821E-01
 1.98964457661050E+03	-4.96222592167104E-01
 1.98964731451053E+03	-3.95167308977959E-01
 1.98965005241056E+03	-1.99981864707603E-01
 1.98965279031059E+03	 4.38845877652428E-02
 1.98965552821063E+03	 2.57712430643703E-01
 1.98965826611066E+03	 3.64600094562021E-01
 1.98966100401069E+03	 3.38139314927918E-01
 1.98966374191072E+03	 2.17288105002242E-01
 1.98966647981075E+03	 7.06529179878929E-02
 1.98966921771078E+03	-5.57211136825678E-02
 1.98967195561081E+03	-1.57940218877855E-01
 1.98967469351084E+03	-2.49120969242445E-01
 1.98967743141087E+03	-3.24687865288805E-01
 1.98968016931090E+03	-3.58408494868859E-01
 1.98968290721093E+03	-3.29124105868054E-01
 1.98968564511096E+03	-2.41697212405996E-01
 1.98968838301099E+03	-1.16347084273802E-01
 1.98969112091102E+03	 3.67480002639401E-02
 1.98969385881106E+03	 2.20311229770624E-01
 1.98969659671109E+03	 4.21490635146549E-01
 1.98969933461112E+03	 5.86497910053541E-01
 1.98970207251115E+03	 6.37178901168804E-01
 1.98970481041118E+03	 5.24906883272083E-01
 1.98970754831121E+03	 2.73515229628599E-01
 1.98971028621124E+03	-3.07021299820984E-02
 1.98971302411127E+03	-2.92444763646614E-01
 1.98971576201130E+03	-4.54240164430067E-01
 1.98971849991133E+03	-5.00848160707513E-01
 1.98972123781136E+03	-4.35532254481955E-01
 1.98972397571139E+03	-2.68797820337148E-01
 1.98972671361142E+03	-3.38366335261272E-02
 1.98972945151146E+03	 2.00113267174675E-01
 1.98973218941149E+03	 3.49597716417119E-01
 1.98973492731152E+03	 3.66038426262518E-01
 1.98973766521155E+03	 2.67089752923247E-01
 1.98974040311158E+03	 1.17575306746891E-01
 1.98974314101161E+03	-2.27352415253299E-02
 1.98974587891164E+03	-1.34603651681771E-01
 1.98974861681167E+03	-2.28591913580058E-01
 1.98975135471170E+03	-3.08821860389799E-01
 1.98975409261173E+03	-3.55696295813896E-01
 1.98975683051176E+03	-3.44401130144984E-01
 1.98975956841179E+03	-2.71780917420582E-01
 1.98976230631182E+03	-1.56613317428591E-01
 1.98976504421186E+03	-1.49291495151064E-02
 1.98976778211189E+03	 1.54113626599033E-01
 1.98977052001192E+03	 3.48514533504025E-01
 1.98977325791195E+03	 5.31144757955269E-01
 1.98977599581198E+03	 6.28622514848704E-01
 1.98977873371201E+03	 5.75562970390378E-01
 1.98978147161204E+03	 3.67757170875115E-01
 1.98978420951207E+03	 7.32669936416613E-02
 1.98978694741210E+03	-2.09696071506853E-01
 1.98978968531213E+03	-4.07702921914427E-01
 1.98979242321216E+03	-4.92670966046796E-01
 1.98979516111219E+03	-4.64029599242337E-01
 1.98979789901222E+03	-3.29329636381944E-01
 1.98980063691225E+03	-1.11572192596457E-01
 1.98980337481229E+03	 1.32189596517454E-01
 1.98980611271232E+03	 3.18556824900537E-01
 1.98980885061235E+03	 3.81098029963052E-01
 1.98981158851238E+03	 3.13472867804703E-01
 1.98981432641241E+03	 1.69262499746417E-01
 1.98981706431244E+03	 1.67675409758175E-02
 1.98981980221247E+03	-1.07962440846101E-01
 1.98982254011250E+03	-2.07483448770239E-01
 1.98982527801253E+03	-2.91483837937556E-01
 1.98982801591256E+03	-3.48910276714051E-01
 1.98983075381259E+03	-3.54778039477868E-01
 1.98983349171262E+03	-2.98181801693688E-01
 1.98983622961265E+03	-1.93543639140056E-01
 1.98983896751269E+03	-6.13408351079967E-02
 1.98984170541272E+03	 9.41852200631394E-02
 1.98984444331275E+03	 2.77088161033131E-01
 1.98984718121278E+03	 4.66657917562892E-01
 1.98984991911281E+03	 6.00644073154807E-01
 1.98985265701284E+03	 6.04737344422222E-01
 1.98985539491287E+03	 4.48684800809013E-01
 1.98985813281290E+03	 1.76698630770991E-01
 1.98986087071293E+03	-1.17766441644341E-01
 1.98986360861296E+03	-3.48311436892426E-01
 1.98986634651299E+03	-4.71537965819916E-01
 1.98986908441302E+03	-4.80199508499019E-01
 1.98987182231305E+03	-3.79808361357002E-01
 1.98987456021309E+03	-1.85896799313336E-01
 1.98987729811312E+03	 5.74093309706096E-02
 1.98988003601315E+03	 2.72508771409416E-01
 1.98988277391318E+03	 3.81035146161391E-01
 1.98988551181321E+03	 3.52642343688743E-01
 1.98988824971324E+03	 2.23271844837513E-01
 1.98989098761327E+03	 6.29691733397726E-02
 1.98989372551330E+03	-7.64345958267713E-02
 1.98989646341333E+03	-1.84871576068960E-01
 1.98989920131336E+03	-2.73082137412717E-01
 1.98990193921339E+03	-3.38780463382409E-01
 1.98990467711342E+03	-3.60293331866441E-01
 1.98990741501345E+03	-3.20606882706731E-01
 1.98991015291349E+03	-2.27552991056828E-01
 1.98991289081352E+03	-1.03516189449871E-01
 1.98991562871355E+03	 4.05731122678183E-02
 1.98991836661358E+03	 2.09849244465750E-01
 1.98992110451361E+03	 3.97500730828614E-01
 1.98992384241364E+03	 5.56604352538578E-01
 1.98992658031367E+03	 6.12119385933511E-01
 1.98992931821370E+03	 5.12488778808922E-01
 1.98993205611373E+03	 2.74931143002696E-01
 1.98993479401376E+03	-1.96187215426554E-02
 1.98993753191379E+03	-2.76923070788253E-01
 1.98994026981382E+03	-4.37402800667446E-01
 1.98994300771385E+03	-4.83795355093801E-01
 1.98994574561388E+03	-4.19059404127346E-01
 1.98994848351392E+03	-2.53895048704472E-01
 1.98995122141395E+03	-2.04762063851923E-02
 1.98995395931398E+03	 2.13609923784312E-01
 1.98995669721401E+03	 3.64705601352227E-01
 1.98995943511404E+03	 3.81029957449528E-01
 1.98996217301407E+03	 2.76386175085407E-01
 1.98996491091410E+03	 1.15085304176692E-01
 1.98996764881413E+03	-3.87546315999449E-02
 1.98997038671416E+03	-1.59451621527506E-01
 1.98997312461419E+03	-2.53585796137700E-01
 1.98997586251422E+03	-3.26025384768458E-01
 1.98997860041425E+03	-3.61204759404561E-01
 1.98998133831428E+03	-3.38720475388522E-01
 1.98998407621432E+03	-2.58726182660005E-01
 1.98998681411435E+03	-1.42437467314008E-01
 1.98998955201438E+03	-7.36081596855280E-03
 1.98999228991441E+03	 1.48393357899948E-01
 1.98999502781444E+03	 3.27716614907376E-01
 1.98999776571447E+03	 5.00657110286599E-01
 1.99000050361450E+03	 5.98921136923877E-01
 1.99000324151453E+03	 5.56471008760576E-01
 1.99000597941456E+03	 3.63304627226180E-01
 1.99000871731459E+03	 8.10174430163555E-02
 1.99001145521462E+03	-1.95076338936850E-01
 1.99001419311465E+03	-3.90431054370834E-01
 1.99001693101468E+03	-4.74688672848846E-01
 1.99001966891472E+03	-4.46387906429582E-01
 1.99002240681475E+03	-3.13285224443308E-01
 1.99002514471478E+03	-9.77777392085250E-02
 1.99002788261481E+03	 1.44890395513443E-01
 1.99003062051484E+03	 3.32220362155046E-01
 1.99003335841487E+03	 3.95694245610640E-01
 1.99003609631489E+03	 3.24929557227431E-01
 1.99003883421493E+03	 1.71329923503550E-01
 1.99004157211496E+03	 5.74084160333703E-03
 1.99004431001499E+03	-1.29747495277856E-01
 1.99004704791502E+03	-2.32480760610406E-01
 1.99004978581505E+03	-3.11197491634897E-01
 1.99005252371508E+03	-3.57964164524087E-01
 1.99005526161511E+03	-3.52265124425001E-01
 1.99005799951515E+03	-2.86860949498526E-01
 1.99006073741518E+03	-1.78848348885720E-01
 1.99006347531521E+03	-5.06685454613681E-02
 1.99006621321524E+03	 9.32954861634468E-02
 1.99006895111527E+03	 2.60577791540435E-01
 1.99007168901530E+03	 4.37290910748535E-01
 1.99007442691533E+03	 5.67720213946717E-01
 1.99007716481536E+03	 5.79318068264188E-01
 1.99007990271539E+03	 4.37586916503252E-01
 1.99008264061542E+03	 1.79847815809143E-01
 1.99008537851545E+03	-1.05092084681967E-01
 1.99008811641548E+03	-3.31153818992527E-01
 1.99009085431551E+03	-4.52838595045039E-01
 1.99009359221555E+03	-4.61436910046785E-01
 1.99009633011558E+03	-3.62439964655466E-01
 1.99009906801561E+03	-1.71158329258838E-01
 1.99010180591564E+03	 6.99264077820921E-02
 1.99010454381567E+03	 2.84915272064885E-01
 1.99010728171570E+03	 3.94648006713864E-01
 1.99011001961573E+03	 3.65154805351328E-01
 1.99011275751576E+03	 2.29015920724423E-01
 1.99011549541579E+03	 5.68888901116196E-02
 1.99011823331582E+03	-9.43788077925534E-02
 1.99012097121585E+03	-2.08814394013599E-01
 1.99012370911588E+03	-2.94540862031131E-01
 1.99012644701591E+03	-3.51132796506452E-01
 1.99012918491595E+03	-3.61151413299103E-01
 1.99013192281598E+03	-3.11568620194384E-01
 1.99013466071601E+03	-2.13143418924628E-01
 1.99013739861604E+03	-9.05324907429587E-02
 1.99014013651607E+03	 4.42584256173127E-02
 1.99014287441610E+03	 1.98359224253152E-01
 1.99014561231613E+03	 3.70859882865712E-01
 1.99014835021616E+03	 5.22153409048675E-01
 1.99015108811619E+03	 5.81227191409995E-01
 1.99015382601622E+03	 4.94387674634784E-01
 1.99015656391625E+03	 2.72325306251785E-01
 1.99015930181628E+03	-1.00790052802183E-02
 1.99016203971631E+03	-2.60634723635963E-01
 1.99016477761634E+03	-4.18334378000504E-01
 1.99016751551638E+03	-4.64056976305891E-01
 1.99017025341641E+03	-4.00320258408829E-01
 1.99017299131644E+03	-2.37836177818600E-01
 1.99017572921647E+03	-7.51470750235031E-03
 1.99017846711650E+03	 2.25185342610878E-01
 1.99018120501653E+03	 3.77072244294659E-01
 1.99018394291656E+03	 3.93651796796420E-01
 1.99018668081659E+03	 2.84783036458668E-01
 1.99018941871662E+03	 1.13575494430952E-01
 1.99019215661665E+03	-5.23472889233208E-02
 1.99019489451668E+03	-1.81330645424845E-01
 1.99019763241671E+03	-2.75893705619945E-01
 1.99020037031674E+03	-3.41253663700694E-01
 1.99020310821678E+03	-3.65495139396981E-01
 1.99020584611681E+03	-3.32402804416600E-01
 1.99020858401684E+03	-2.45345402181220E-01
 1.99021132191687E+03	-1.28014032506897E-01
 1.99021405981690E+03	 3.54458629949345E-04
 1.99021679771693E+03	 1.42257816303907E-01
 1.99021953561696E+03	 3.05163373864210E-01
 1.99022227351699E+03	 4.66501385955804E-01
 1.99022501141702E+03	 5.63864715451019E-01
 1.99022774931705E+03	 5.31503187436700E-01
 1.99023048721708E+03	 3.54037646966118E-01
 1.99023322511711E+03	 8.61766810996474E-02
 1.99023596301714E+03	-1.80609282342412E-01
 1.99023870091718E+03	-3.71502252619215E-01
 1.99024143881721E+03	-4.54220050888338E-01
 1.99024417671724E+03	-4.26352785832231E-01
 1.99024691461727E+03	-2.95684632294673E-01
 1.99024965251730E+03	-8.38077465609958E-02
 1.99025239041733E+03	 1.56213115559602E-01
 1.99025512831736E+03	 3.43392242768897E-01
 1.99025786621739E+03	 4.07722763665736E-01
 1.99026060411742E+03	 3.34925883141526E-01
 1.99026334201745E+03	 1.73734745702830E-01
 1.99026607991748E+03	-3.29827887626386E-03
 1.99026881781751E+03	-1.48682090752034E-01
 1.99027155571754E+03	-2.54661830007577E-01
 1.99027429361758E+03	-3.28707756178947E-01
 1.99027703151761E+03	-3.65592652533666E-01
 1.99027976941764E+03	-3.48983573663972E-01
 1.99028250731767E+03	-2.75160646658237E-01
 1.99028524521770E+03	-1.63868552215561E-01
 1.99028798311773E+03	-3.96841130300712E-02
 1.99029072101776E+03	 9.24553580202599E-02
 1.99029345891779E+03	 2.43125529721356E-01
 1.99029619681782E+03	 4.05219404792103E-01
 1.99029893471785E+03	 5.30160174518169E-01
 1.99030167261788E+03	 5.48142025638495E-01
 1.99030441051791E+03	 4.21122558641694E-01
 1.99030714841794E+03	 1.79438651716459E-01
 1.99030988631797E+03	-9.35569070098260E-02
 1.99031262421801E+03	-3.13052135195451E-01
 1.99031536211804E+03	-4.31998266270052E-01
 1.99031810001807E+03	-4.40287815100208E-01
 1.99032083791810E+03	-3.43232438753412E-01
 1.99032357581813E+03	-1.55739529186146E-01
 1.99032631371816E+03	 8.16337169784856E-02
 1.99032905161819E+03	 2.95211456328746E-01
 1.99033178951822E+03	 4.05675929157190E-01
 1.99033452741825E+03	 3.75779898106559E-01
 1.99033726531828E+03	 2.34478686364281E-01
 1.99034000321831E+03	 5.22855274312588E-02
 1.99034274111834E+03	-1.09690520675794E-01
 1.99034547901837E+03	-2.29877611118484E-01
 1.99034821691841E+03	-3.13586122655350E-01
 1.99035095481844E+03	-3.61839129294030E-01
 1.99035369271847E+03	-3.61088053744141E-01
 1.99035643061850E+03	-3.02090138962248E-01
 1.99035916851853E+03	-1.98447111310672E-01
 1.99036190641856E+03	-7.71732995012577E-02
 1.99036464431859E+03	 4.83034676763148E-02
 1.99036738221862E+03	 1.86609761049962E-01
 1.99037012011865E+03	 3.42475322573915E-01
 1.99037285801868E+03	 4.83962179533257E-01
 1.99037559591871E+03	 5.44997241199787E-01
 1.99037833381874E+03	 4.70654344640371E-01
 1.99038107171877E+03	 2.65345903024898E-01
 1.99038380961881E+03	-2.67513080209117E-03
 1.99038654751884E+03	-2.44228648147990E-01
 1.99038928541887E+03	-3.97612453598477E-01
 1.99039202331890E+03	-4.42074709023976E-01
 1.99039476121893E+03	-3.79583777103442E-01
 1.99039749911896E+03	-2.20687474866949E-01
 1.99040023701899E+03	 5.18521055939320E-03
 1.99040297491902E+03	 2.35118830149143E-01
 1.99040571281905E+03	 3.87001097300814E-01
 1.99040845071908E+03	 4.04114572454499E-01
 1.99041118861911E+03	 2.92345277017937E-01
 1.99041392651914E+03	 1.12992473924197E-01
 1.99041666441917E+03	-6.36174202608977E-02
 1.99041940231920E+03	-2.00344098012054E-01
 1.99042214021924E+03	-2.95608770299068E-01
 1.99042487811927E+03	-3.54607507909489E-01
 1.99042761601930E+03	-3.68687332754166E-01
 1.99043035391933E+03	-3.25565190280221E-01
 1.99043309181936E+03	-2.31688281085611E-01
 1.99043582971939E+03	-1.13227971287696E-01
 1.99043856761942E+03	 8.59291164829389E-03
 1.99044130551945E+03	 1.36382498876505E-01
 1.99044404341948E+03	 2.81753389299695E-01
 1.99044678131951E+03	 4.29601324572433E-01
 1.99044951921954E+03	 5.24151808611350E-01
 1.99045225711957E+03	 5.00946961340728E-01
 1.99045499501960E+03	 3.39798977319288E-01
 1.99045773291964E+03	 8.82589786657841E-02
 1.99046047081967E+03	-1.66926551992032E-01
 1.99046320871970E+03	-3.51538398516753E-01
 1.99046594661973E+03	-4.31784842052639E-01
 1.99046868451976E+03	-4.04289503742632E-01
 1.99047142241979E+03	-2.76696052128184E-01
 1.99047416031982E+03	-6.96089275706030E-02
 1.99047689821985E+03	 1.66401979365816E-01
 1.99047963611988E+03	 3.52408168859772E-01
 1.99048237401991E+03	 4.17482365045523E-01
 1.99048511191994E+03	 3.43634414167807E-01
 1.99048784981997E+03	 1.76512667598572E-01
 1.99049058772000E+03	-1.04014507811874E-02
 1.99049332562004E+03	-1.64848279254927E-01
 1.99049606352007E+03	-2.74114242960347E-01
 1.99049880142010E+03	-3.44115282593031E-01
 1.99050153932013E+03	-3.71922263102800E-01
 1.99050427722016E+03	-3.45075060165291E-01
 1.99050701512019E+03	-2.63187694564894E-01
 1.99050975302022E+03	-1.48587045159631E-01
 1.99051249092025E+03	-2.81395133867789E-02
 1.99051522882028E+03	 9.22188978454538E-02
 1.99051796672031E+03	 2.25571191311979E-01
 1.99052070462034E+03	 3.71417694539484E-01
 1.99052344252037E+03	 4.88827368553165E-01
 1.99052618042040E+03	 5.11728423042327E-01
 1.99052891832043E+03	 3.99357000019802E-01
 1.99053165622047E+03	 1.75136121233204E-01
 1.99053439412050E+03	-8.37340635540424E-02
 1.99053713202053E+03	-2.94644499062455E-01
 1.99053986992056E+03	-4.09598921601220E-01
 1.99054260782059E+03	-4.17206417289780E-01
 1.99054534572062E+03	-3.22457984168132E-01
 1.99054808362065E+03	-1.39687322658089E-01
 1.99055082152068E+03	 9.27098206004461E-02
 1.99055355942071E+03	 3.03729205848312E-01
 1.99055629732074E+03	 4.14478435974747E-01
 1.99055903522077E+03	 3.84788783045705E-01
 1.99056177312080E+03	 2.39793474735119E-01
 1.99056451102083E+03	 4.91772220379471E-02
 1.99056724892087E+03	-1.22413994231159E-01
 1.99056998682090E+03	-2.48131734318628E-01
 1.99057272472093E+03	-3.30310525455260E-01
 1.99057546262096E+03	-3.71024623174725E-01
 1.99057820052099E+03	-3.60258252738170E-01
 1.99058093842102E+03	-2.92320365082608E-01
 1.99058367632105E+03	-1.83530388152618E-01
 1.99058641422108E+03	-6.33147885087725E-02
 1.99058915212111E+03	 5.31235814754102E-02
 1.99059189002114E+03	 1.75339392552102E-01
 1.99059462792117E+03	 3.13314308839420E-01
 1.99059736582120E+03	 4.43008346840913E-01
 1.99060010372123E+03	 5.04158498819345E-01
 1.99060284162127E+03	 4.41590391923008E-01
 1.99060557952130E+03	 2.53847240477239E-01
 1.99060831742133E+03	 2.12186728562785E-03
 1.99061105532136E+03	-2.28325190584143E-01
 1.99061379322139E+03	-3.75859849084323E-01
 1.99061653112142E+03	-4.18379557368935E-01
 1.99061926902145E+03	-3.57222289231889E-01
 1.99062200692148E+03	-2.02604611722683E-01
 1.99062474482151E+03	 1.77122538163734E-02
 1.99062748272154E+03	 2.43703530838569E-01
 1.99063022062157E+03	 3.94879572388526E-01
 1.99063295852160E+03	 4.12769661317410E-01
 1.99063569642163E+03	 2.99303738801206E-01
 1.99063843432167E+03	 1.13436503902761E-01
 1.99064117222170E+03	-7.25559394804993E-02
 1.99064391012173E+03	-2.16532768646078E-01
 1.99064664802176E+03	-3.12806532576567E-01
 1.99064938592179E+03	-3.66202542117073E-01
 1.99065212382182E+03	-3.70938955065331E-01
 1.99065486172185E+03	-3.18383705125913E-01
 1.99065759962188E+03	-2.17887567343093E-01
 1.99066033752191E+03	-9.80682652997446E-02
 1.99066307542194E+03	 1.76250659697354E-02
 1.99066581332197E+03	 1.31372578191456E-01
 1.99066855122200E+03	 2.58392583121906E-01
 1.99067128912203E+03	 3.90990800404740E-01
 1.99067402702206E+03	 4.80683412303933E-01
 1.99067676492210E+03	 4.65337671951015E-01
 1.99067950282213E+03	 3.20661125141261E-01
 1.99068224072216E+03	 8.69381362360111E-02
 1.99068497862219E+03	-1.54592102319496E-01
 1.99068771652222E+03	-3.31176374916839E-01
 1.99069045442225E+03	-4.07974131501552E-01
 1.99069319232228E+03	-3.80661428613754E-01
 1.99069593022231E+03	-2.56585215742297E-01
 1.99069866812234E+03	-5.51990013658136E-02
 1.99070140602237E+03	 1.75680527126799E-01
 1.99070414392240E+03	 3.59648269001080E-01
 1.99070688182243E+03	 4.25378595177604E-01
 1.99070961972246E+03	 3.51374380374860E-01
 1.99071235762250E+03	 1.79851958947452E-01
 1.99071509552253E+03	-1.54933410040241E-02
 1.99071783342256E+03	-1.78244463016938E-01
 1.99072057132259E+03	-2.90886654382079E-01
 1.99072330922262E+03	-3.57517717123524E-01
 1.99072604712265E+03	-3.77103100230276E-01
 1.99072878502268E+03	-3.40728474649277E-01
 1.99073152292271E+03	-2.51122953563798E-01
 1.99073426082274E+03	-1.33088796064001E-01
 1.99073699872277E+03	-1.59048477834589E-02
 1.99073973662280E+03	 9.30378918544872E-02
 1.99074247452283E+03	 2.08712608593009E-01
 1.99074521242286E+03	 3.36915255724253E-01
 1.99074795032290E+03	 4.44744277204528E-01
 1.99075068822293E+03	 4.70826604936279E-01
 1.99075342612296E+03	 3.72596559897973E-01
 1.99075616402299E+03	 1.66796864074112E-01
 1.99075890192302E+03	-7.60899744801466E-02
 1.99076163982305E+03	-2.76549903838358E-01
 1.99076437772308E+03	-3.86270390760336E-01
 1.99076711562311E+03	-3.92733472022258E-01
 1.99076985352314E+03	-3.00487278292319E-01
 1.99077259142317E+03	-1.23134396807379E-01
 1.99077532932320E+03	 1.03284077776034E-01
 1.99077806722323E+03	 3.10807054578201E-01
 1.99078080512326E+03	 4.21483947585390E-01
 1.99078354302329E+03	 3.92571533519766E-01
 1.99078628092333E+03	 2.45234915800977E-01
 1.99078901882336E+03	 4.77141598869682E-02
 1.99079175672339E+03	-1.32493844969739E-01
 1.99079449462342E+03	-2.63588521263451E-01
 1.99079723252345E+03	-3.44785120097953E-01
 1.99079997042348E+03	-3.78822285878990E-01
 1.99080270832351E+03	-3.58850414721238E-01
 1.99080544622354E+03	-2.82469999386290E-01
 1.99080818412357E+03	-1.68553986268783E-01
 1.99081092202360E+03	-4.89548635243447E-02
 1.99081365992363E+03	 5.90095945687126E-02
 1.99081639782366E+03	 1.65201958558372E-01
 1.99081913572369E+03	 2.84343915038488E-01
 1.99082187362373E+03	 4.00376694331453E-01
 1.99082461152376E+03	 4.59638351262212E-01
 1.99082734942379E+03	 4.07735776218831E-01
 1.99083008732382E+03	 2.37898169891927E-01
 1.99083282522385E+03	 3.98388143694962E-03
 1.99083556312388E+03	-2.13489347345504E-01
 1.99083830102391E+03	-3.53719236830147E-01
 1.99084103892394E+03	-3.93571899601352E-01
 1.99084377682397E+03	-3.33700854107166E-01
 1.99084651472400E+03	-1.83836085447292E-01
 1.99084925262403E+03	 3.00847300877590E-02
 1.99085199052406E+03	 2.51205829145202E-01
 1.99085472842409E+03	 4.01125310480036E-01
 1.99085746632413E+03	 4.20053450625545E-01
 1.99086020422416E+03	 3.06009913321524E-01
 1.99086294212419E+03	 1.15135599861135E-01
 1.99086568002422E+03	-7.90449211904321E-02
 1.99086841792425E+03	-2.29862189407295E-01
 1.99087115582428E+03	-3.27522961656652E-01
 1.99087389372431E+03	-3.76145636223085E-01
 1.99087663162434E+03	-3.72425802243817E-01
 1.99087936952437E+03	-3.11081569703069E-01
 1.99088210742440E+03	-2.04158051382788E-01
 1.99088484532443E+03	-8.26413514335168E-02
 1.99088758322446E+03	 2.75848847126165E-02
 1.99089032112449E+03	 1.27714910212576E-01
 1.99089305902452E+03	 2.35934880000736E-01
 1.99089579692456E+03	 3.51754101696483E-01
 1.99089853482459E+03	 4.34515321929259E-01
 1.99090127272462E+03	 4.25431818725640E-01
 1.99090401062465E+03	 2.96922331833109E-01
 1.99090674852468E+03	 8.20613327203997E-02
 1.99090948642471E+03	-1.44078366190193E-01
 1.99091222432474E+03	-3.11041508544934E-01
 1.99091496222477E+03	-3.83426305616939E-01
 1.99091770012480E+03	-3.56012929614575E-01
 1.99092043802483E+03	-2.35710422673629E-01
 1.99092317592486E+03	-4.06793232732681E-02
 1.99092591382489E+03	 1.84218510708345E-01
 1.99092865172492E+03	 3.65486403696184E-01
 1.99093138962496E+03	 4.31864796564663E-01
 1.99093412752499E+03	 3.58557271320484E-01
 1.99093686542502E+03	 1.84054962532726E-01
 1.99093960332505E+03	-1.83886513457947E-02
 1.99094234122508E+03	-1.88782329487190E-01
 1.99094507912511E+03	-3.04972134989407E-01
 1.99094781702514E+03	-3.68987417136265E-01
 1.99095055492517E+03	-3.81287462893953E-01
 1.99095329282520E+03	-3.36163751326451E-01
 1.99095603072523E+03	-2.39213643707185E-01
 1.99095876862526E+03	-1.17565402152791E-01
 1.99096150652529E+03	-2.98898408170185E-03
 1.99096424442532E+03	 9.52228359401448E-02
 1.99096698232536E+03	 1.93250838038908E-01
 1.99096972022539E+03	 3.02734778507718E-01
 1.99097245812542E+03	 3.99035748302386E-01
 1.99097519602545E+03	 4.26376060521911E-01
 1.99097793392548E+03	 3.41371119254077E-01
 1.99098067182551E+03	 1.54472817708268E-01
 1.99098340972554E+03	-7.09659142457787E-02
 1.99098614762557E+03	-2.59342579408327E-01
 1.99098888552560E+03	-3.62663777287662E-01
 1.99099162342563E+03	-3.67473840284378E-01
 1.99099436132566E+03	-2.77776699531004E-01
 1.99099709922569E+03	-1.06302357735398E-01
 1.99099983712572E+03	 1.13412734956012E-01
 1.99100257502576E+03	 3.16745543510299E-01
 1.99100531292579E+03	 4.27131190921112E-01
 1.99100805082582E+03	 3.99576667501816E-01
 1.99101078872585E+03	 2.51169488272022E-01
 1.99101352662588E+03	 4.81489065684146E-02
 1.99101626452591E+03	-1.39783060746207E-01
 1.99101900242594E+03	-2.76191705679589E-01
 1.99102174032597E+03	-3.57040338490536E-01
 1.99102447822600E+03	-3.85351312947938E-01
 1.99102721612603E+03	-3.57067183233968E-01
 1.99102995402606E+03	-2.72798342651766E-01
 1.99103269192609E+03	-1.53769454949493E-01
 1.99103542982612E+03	-3.42236181402957E-02
 1.99103816772615E+03	 6.60992763882549E-02
 1.99104090562619E+03	 1.56719471903957E-01
 1.99104364352622E+03	 2.56470848290358E-01
 1.99104638142625E+03	 3.57196995459335E-01
 1.99104911932628E+03	 4.12511405302459E-01
 1.99105185722631E+03	 3.69837840482692E-01
 1.99105459512634E+03	 2.17773855049860E-01
 1.99105733302637E+03	 2.73638267082432E-03
 1.99106007092640E+03	-2.00208258188501E-01
 1.99106280882643E+03	-3.31825726758906E-01
 1.99106554672646E+03	-3.68295056309582E-01
 1.99106828462649E+03	-3.09557668665562E-01
 1.99107102252652E+03	-1.64717163004113E-01
 1.99107376042655E+03	 4.22368022692877E-02
 1.99107649832659E+03	 2.57829176223338E-01
 1.99107923622662E+03	 4.06131427048662E-01
 1.99108197412665E+03	 4.26424316495133E-01
 1.99108471202668E+03	 3.12878003873481E-01
 1.99108744992671E+03	 1.18403963976018E-01
 1.99109018782674E+03	-8.28775135176309E-02
 1.99109292572677E+03	-2.40222509262550E-01
 1.99109566362680E+03	-3.39740580662504E-01
 1.99109840152683E+03	-3.84514691054333E-01
 1.99110113942686E+03	-3.73321144939953E-01
 1.99110387732689E+03	-3.03911862667401E-01
 1.99110661522692E+03	-1.90786133023148E-01
 1.99110935312695E+03	-6.71720363156387E-02
 1.99111209102699E+03	 3.84523414323580E-02
 1.99111482892702E+03	 1.25740919147796E-01
 1.99111756682705E+03	 2.15127550572351E-01
 1.99112030472708E+03	 3.12962442162944E-01
 1.99112304262711E+03	 3.86798688253928E-01
 1.99112578052714E+03	 3.82163633478349E-01
 1.99112851842717E+03	 2.69085585867148E-01
 1.99113125632720E+03	 7.36499789998081E-02
 1.99113399422723E+03	-1.35749144057982E-01
 1.99113673212726E+03	-2.91721321607832E-01
 1.99113947002729E+03	-3.58798246307000E-01
 1.99114220792732E+03	-3.30944265473862E-01
 1.99114494582735E+03	-2.14508057177539E-01
 1.99114768372738E+03	-2.62382277729656E-02
 1.99115042162742E+03	 1.92105887074364E-01
 1.99115315952745E+03	 3.70242299792338E-01
 1.99115589742748E+03	 4.37380172828511E-01
 1.99115863532751E+03	 3.65623521343918E-01
 1.99116137322754E+03	 1.89486313636282E-01
 1.99116411112757E+03	-1.88239521120285E-02
 1.99116684902760E+03	-1.96297180879601E-01
 1.99116958692763E+03	-3.16301344432776E-01
 1.99117232482766E+03	-3.78554482076559E-01
 1.99117506272769E+03	-3.84609154955663E-01
 1.99117780062772E+03	-3.31611909065587E-01
 1.99118053852775E+03	-2.27757517337121E-01
 1.99118327642778E+03	-1.02307595562034E-01
 1.99118601432782E+03	 1.04539690780761E-02
 1.99118875222785E+03	 9.89173000690570E-02
 1.99119149012788E+03	 1.79744182027379E-01
 1.99119422802791E+03	 2.69831369006999E-01
 1.99119696592794E+03	 3.52864964830720E-01
 1.99119970382797E+03	 3.79452596635487E-01
 1.99120244172800E+03	 3.06400421730731E-01
 1.99120517962803E+03	 1.38400779126830E-01
 1.99120791752806E+03	-6.85684331120597E-02
 1.99121065542809E+03	-2.43528977570081E-01
 1.99121339332812E+03	-3.39422052890384E-01
 1.99121613122815E+03	-3.42067385787949E-01
 1.99121886912818E+03	-2.54846606599962E-01
 1.99122160702822E+03	-8.94950875093675E-02
 1.99122434492825E+03	 1.23063993275959E-01
 1.99122708282828E+03	 3.21768670145124E-01
 1.99122982072831E+03	 4.31811829480009E-01
 1.99123255862834E+03	 4.06245972723918E-01
 1.99123529652837E+03	 2.57996005228245E-01
 1.99123803442840E+03	 5.07934973610632E-02
 1.99124077232843E+03	-1.44064474772027E-01
 1.99124351022846E+03	-2.85818804493785E-01
 1.99124624812849E+03	-3.67054067168972E-01
 1.99124898602852E+03	-3.90698048795875E-01
 1.99125172392855E+03	-3.55104321206769E-01
 1.99125446182858E+03	-2.63593614771839E-01
 1.99125719972861E+03	-1.39504720526411E-01
 1.99125993762865E+03	-1.93796888418044E-02
 1.99126267552868E+03	 7.43637373983313E-02
 1.99126541342871E+03	 1.50247177938328E-01
 1.99126815132874E+03	 2.30487109837662E-01
 1.99127088922877E+03	 3.14579419220371E-01
 1.99127362712880E+03	 3.63938196706693E-01
 1.99127636502883E+03	 3.28805944105548E-01
 1.99127910292886E+03	 1.93933268984549E-01
 1.99128184082889E+03	-1.64137092275096E-03
 1.99128457872892E+03	-1.88873497150755E-01
 1.99128731662895E+03	-3.10778752616537E-01
 1.99129005452898E+03	-3.43203884118158E-01
 1.99129279242901E+03	-2.85376593388013E-01
 1.99129553032905E+03	-1.45654219175082E-01
 1.99129826822908E+03	 5.40147612121309E-02
 1.99130100612911E+03	 2.63686518863040E-01
 1.99130374402914E+03	 4.10216757598971E-01
 1.99130648192917E+03	 4.32299218979434E-01
 1.99130921982920E+03	 3.20320780971680E-01
 1.99131195772923E+03	 1.23589709138407E-01
 1.99131469562926E+03	-8.37904847175642E-02
 1.99131743352929E+03	-2.47440084997322E-01
 1.99132017142932E+03	-3.49383254938342E-01
 1.99132290932935E+03	-3.91342921496782E-01
 1.99132564722938E+03	-3.73774995605989E-01
 1.99132838512941E+03	-2.97135568027681E-01
 1.99133112302945E+03	-1.78110106840426E-01
 1.99133386092948E+03	-5.19910921252342E-02
 1.99133659882951E+03	 5.00515527110712E-02
 1.99133933672954E+03	 1.25604123949659E-01
 1.99134207462957E+03	 1.96566504674127E-01
 1.99134481252960E+03	 2.75612868725804E-01
 1.99134755042963E+03	 3.38714866152449E-01
 1.99135028832966E+03	 3.36590048708182E-01
 1.99135302622969E+03	 2.37824139779757E-01
 1.99135576412972E+03	 6.18892170053522E-02
 1.99135850202975E+03	-1.29849142707294E-01
 1.99136123992978E+03	-2.73740652817519E-01
 1.99136397782981E+03	-3.34733412270130E-01
 1.99136671572985E+03	-3.06080031641914E-01
 1.99136945362988E+03	-1.93469289027109E-01
 1.99137219152991E+03	-1.21441169334284E-02
 1.99137492942994E+03	 1.99337058974762E-01
 1.99137766732997E+03	 3.74141811299427E-01
 1.99138040523000E+03	 4.42291613264788E-01
 1.99138314313003E+03	 3.72977220127090E-01
 1.99138588103006E+03	 1.96513760996437E-01
 1.99138861893009E+03	-1.65004055398314E-02
 1.99139135683012E+03	-2.00569866799226E-01
 1.99139409473015E+03	-3.24745443898719E-01
 1.99139683263018E+03	-3.86195992462592E-01
 1.99139957053021E+03	-3.87164706678947E-01
 1.99140230843024E+03	-3.27292409280372E-01
 1.99140504633028E+03	-2.17079607339689E-01
 1.99140778423031E+03	-8.76857935727151E-02
 1.99141052213034E+03	 2.41335002463301E-02
 1.99141326003037E+03	 1.04088390855770E-01
 1.99141599793040E+03	 1.68575470836942E-01
 1.99141873583043E+03	 2.39038728290411E-01
 1.99142147373046E+03	 3.07368408496255E-01
 1.99142421163049E+03	 3.31206504281926E-01
 1.99142694953052E+03	 2.68548624704625E-01
 1.99142968743055E+03	 1.18980506200014E-01
 1.99143242533058E+03	-6.89678041976448E-02
 1.99143516323061E+03	-2.29528038334431E-01
 1.99143790113064E+03	-3.17149468084259E-01
 1.99144063903068E+03	-3.17155124177563E-01
 1.99144337693071E+03	-2.32252064832945E-01
 1.99144611483074E+03	-7.30823381580679E-02
 1.99144885273077E+03	 1.32114077245175E-01
 1.99145159063080E+03	 3.25995771864003E-01
 1.99145432853083E+03	 4.35820523571974E-01
 1.99145706643086E+03	 4.12951657178719E-01
 1.99145980433089E+03	 2.66082596900798E-01
 1.99146254223092E+03	 5.59682498050871E-02
 1.99146528013095E+03	-1.45082877424838E-01
 1.99146801803098E+03	-2.92293144589356E-01
 1.99147075593101E+03	-3.74747337165650E-01
 1.99147349383104E+03	-3.94900714586225E-01
 1.99147623173108E+03	-3.53128937003760E-01
 1.99147896963111E+03	-2.55147902826608E-01
 1.99148170753114E+03	-1.26139497550326E-01
 1.99148444543117E+03	-4.79230310809873E-03
 1.99148718333120E+03	 8.36103899418743E-02
 1.99148992123123E+03	 1.45954213481031E-01
 1.99149265913126E+03	 2.07026618196667E-01
 1.99149539703129E+03	 2.73553636974414E-01
 1.99149813493132E+03	 3.15100067500274E-01
 1.99150087283135E+03	 2.85656974604407E-01
 1.99150361073138E+03	 1.66985994149875E-01
 1.99150634863141E+03	-9.02490865756501E-03
 1.99150908653144E+03	-1.79768257518548E-01
 1.99151182443147E+03	-2.91114650437296E-01
 1.99151456233151E+03	-3.18930446443809E-01
 1.99151730023154E+03	-2.61753723521884E-01
 1.99152003813157E+03	-1.27100396494671E-01
 1.99152277603160E+03	 6.51842076940595E-02
 1.99152551393163E+03	 2.68784538202492E-01
 1.99152825183166E+03	 4.13586488324000E-01
 1.99153098973169E+03	 4.37996686856249E-01
 1.99153372763172E+03	 3.28686150016058E-01
 1.99153646553175E+03	 1.31017646722817E-01
 1.99153920343178E+03	-8.15055743232933E-02
 1.99154194133181E+03	-2.51299049508898E-01
 1.99154467923184E+03	-3.56319562888317E-01
 1.99154741713187E+03	-3.96608568717081E-01
 1.99155015503191E+03	-3.73894718599364E-01
 1.99155289293194E+03	-2.90996401676631E-01
 1.99155563083197E+03	-1.66492397551511E-01
 1.99155836873200E+03	-3.75101576519566E-02
 1.99156110663203E+03	 6.20650242281951E-02
 1.99156384453206E+03	 1.27274565409695E-01
 1.99156658243209E+03	 1.80665700110260E-01
 1.99156932033212E+03	 2.40575254919023E-01
 1.99157205823215E+03	 2.91410892364519E-01
 1.99157479613218E+03	 2.89829919736927E-01
 1.99157753403221E+03	 2.03937964077113E-01
 1.99158027193224E+03	 4.71085862111126E-02
 1.99158300983227E+03	-1.26499591602031E-01
 1.99158574773231E+03	-2.57539175815876E-01
 1.99158848563234E+03	-3.11828838843731E-01
 1.99159122353237E+03	-2.82033452860843E-01
 1.99159396143240E+03	-1.73109632963294E-01
 1.99159669933243E+03	 1.27152403460110E-03
 1.99159943723246E+03	 2.05807358661851E-01
 1.99160217513249E+03	 3.77289632137243E-01
 1.99160491303252E+03	 4.46845434821901E-01
 1.99160765093255E+03	 3.80925770264414E-01
 1.99161038883258E+03	 2.05447939120410E-01
 1.99161312673261E+03	-1.11326420032924E-02
 1.99161586463264E+03	-2.01357645922478E-01
 1.99161860253267E+03	-3.30127976964015E-01
 1.99162134043270E+03	-3.91832025503908E-01
 1.99162407833274E+03	-3.88997814442582E-01
 1.99162681623277E+03	-3.23389450012891E-01
 1.99162955413280E+03	-2.07503197698968E-01
 1.99163229203283E+03	-7.41200131592138E-02
 1.99163502993286E+03	 3.76464055837480E-02
 1.99163776783289E+03	 1.10534384998813E-01
 1.99164050573292E+03	 1.59935615102818E-01
 1.99164324363295E+03	 2.11027190433499E-01
 1.99164598153298E+03	 2.63595893096944E-01
 1.99164871943301E+03	 2.82798870936734E-01
 1.99165145733304E+03	 2.28772219142932E-01
 1.99165419523307E+03	 9.67447048288190E-02
 1.99165693313310E+03	-7.21031908444437E-02
 1.99165967103314E+03	-2.17655274337108E-01
 1.99166240893317E+03	-2.96381633105185E-01
 1.99166514683320E+03	-2.93343090961567E-01
 1.99166788473323E+03	-2.10548265488745E-01
 1.99167062263326E+03	-5.74746782671694E-02
 1.99167336053329E+03	 1.40355095402610E-01
 1.99167609843332E+03	 3.29426937155434E-01
 1.99167883633335E+03	 4.39317667380462E-01
 1.99168157423338E+03	 4.19942393367972E-01
 1.99168431213341E+03	 2.75706807578261E-01
 1.99168705003344E+03	 6.39477679682232E-02
 1.99168978793347E+03	-1.42584188736978E-01
 1.99169252583350E+03	-2.95404550445635E-01
 1.99169526373354E+03	-3.79987695242746E-01
 1.99169800163357E+03	-3.97939008305386E-01
 1.99170073953360E+03	-3.51258729468946E-01
 1.99170347743363E+03	-2.47728664209059E-01
 1.99170621533366E+03	-1.14072411921223E-01
 1.99170895323369E+03	 9.08967741892188E-03
 1.99171169113372E+03	 9.35024013751935E-02
 1.99171442903375E+03	 1.43821636176264E-01
 1.99171716693378E+03	 1.86536622079669E-01
 1.99171990483381E+03	 2.35017103788631E-01
 1.99172264273384E+03	 2.67136331399892E-01
 1.99172538063387E+03	 2.41457325577886E-01
 1.99172811853390E+03	 1.37652396658373E-01
 1.99173085643394E+03	-1.91598610192478E-02
 1.99173359433397E+03	-1.73059387021186E-01
 1.99173633223400E+03	-2.73281471883406E-01
 1.99173907013403E+03	-2.96049241735965E-01
 1.99174180803406E+03	-2.39260639044865E-01
 1.99174454593409E+03	-1.09524490373920E-01
 1.99174728383412E+03	 7.54478085856396E-02
 1.99175002173415E+03	 2.73021513760414E-01
 1.99175275963418E+03	 4.16307284804828E-01
 1.99175549753421E+03	 4.43692065324956E-01
 1.99175823543424E+03	 3.38200975860803E-01
 1.99176097333427E+03	 1.40933107612155E-01
 1.99176371123430E+03	-7.57752621456825E-02
 1.99176644913433E+03	-2.51570467526568E-01
 1.99176918703437E+03	-3.60374187917194E-01
 1.99177192493440E+03	-4.00230807864319E-01
 1.99177466283443E+03	-3.73728578363663E-01
 1.99177740073446E+03	-2.85694489424774E-01
 1.99178013863449E+03	-1.56285995502174E-01
 1.99178287653452E+03	-2.41859528955257E-02
 1.99178561443455E+03	 7.40628916533816E-02
 1.99178835233458E+03	 1.30550649035182E-01
 1.99179109023461E+03	 1.67643273386303E-01
 1.99179382813464E+03	 2.08551961438001E-01
 1.99179656603467E+03	 2.45941353058673E-01
 1.99179930393470E+03	 2.43003269817726E-01
 1.99180204183473E+03	 1.68305773821984E-01
 1.99180477973477E+03	 2.97566065257825E-02
 1.99180751763480E+03	-1.25699263925587E-01
 1.99181025553483E+03	-2.43452437972469E-01
 1.99181299343486E+03	-2.90603405135641E-01
 1.99181573133489E+03	-2.59369358529542E-01
 1.99181846923492E+03	-1.53933870855317E-01
 1.99182120713495E+03	 1.36398630988001E-02
 1.99182394503498E+03	 2.11322335922100E-01
 1.99182668293501E+03	 3.79657303524540E-01
 1.99182942083504E+03	 4.51133950538377E-01
 1.99183215873507E+03	 3.89630619061063E-01
 1.99183489663510E+03	 2.16487250092804E-01
 1.99183763453513E+03	-2.49875967596385E-03
 1.99184037243517E+03	-1.98430779501504E-01
 1.99184311033520E+03	-3.32244442731016E-01
 1.99184584823523E+03	-3.95328743839220E-01
 1.99184858613526E+03	-3.90088385084581E-01
 1.99185132403529E+03	-3.20029286716770E-01
 1.99185406193532E+03	-1.99317513303331E-01
 1.99185679983535E+03	-6.20416957195032E-02
 1.99185953773538E+03	 5.05133624787987E-02
 1.99186227563541E+03	 1.17908853889629E-01
 1.99186501353544E+03	 1.53824745138847E-01
 1.99186775143547E+03	 1.86277083144840E-01
 1.99187048933550E+03	 2.22460755718536E-01
 1.99187322723553E+03	 2.35341695342303E-01
 1.99187596513556E+03	 1.88066314145591E-01
 1.99187870303560E+03	 7.23242667849273E-02
 1.99188144093563E+03	-7.77932240208015E-02
 1.99188417883566E+03	-2.08111304300307E-01
 1.99188691673569E+03	-2.77558366006518E-01
 1.99188965463572E+03	-2.71166815916693E-01
 1.99189239253575E+03	-1.90253552325724E-01
 1.99189513043578E+03	-4.30919470713589E-02
 1.99189786833581E+03	 1.47514097713995E-01
 1.99190060623584E+03	 3.31943489512613E-01
 1.99190334413587E+03	 4.42308537839783E-01
 1.99190608203590E+03	 4.27303646416396E-01
 1.99190881993593E+03	 2.87004826062513E-01
 1.99191155783596E+03	 7.49095747699498E-02
 1.99191429573600E+03	-1.36357769973517E-01
 1.99191703363603E+03	-2.94936660863438E-01
 1.99191977153606E+03	-3.82599969247028E-01
 1.99192250943609E+03	-3.99729624647943E-01
 1.99192524733612E+03	-3.49544225820641E-01
 1.99192798523615E+03	-2.41549387200741E-01
 1.99193072313618E+03	-1.03682753200407E-01
 1.99193346103621E+03	 2.17789930796819E-02
 1.99193619893624E+03	 1.03592884774781E-01
 1.99193893683627E+03	 1.43657834895406E-01
 1.99194167473630E+03	 1.69266099586749E-01
 1.99194441263633E+03	 1.99696668665787E-01
 1.99194715053636E+03	 2.21088975014142E-01
 1.99194988843640E+03	 1.97266449080598E-01
 1.99195262633643E+03	 1.06721017725258E-01
 1.99195536423646E+03	-3.16820935413267E-02
 1.99195810213649E+03	-1.68794370727358E-01
 1.99196084003652E+03	-2.57617783506535E-01
 1.99196357793655E+03	-2.75044789296359E-01
 1.99196631583658E+03	-2.18407477844737E-01
 1.99196905373661E+03	-9.33758216739768E-02
 1.99197179163664E+03	 8.44720325604105E-02
 1.99197452953667E+03	 2.76199082515611E-01
 1.99197726743670E+03	 4.18299355677442E-01
 1.99198000533673E+03	 4.49389415706623E-01
 1.99198274323676E+03	 3.48927712189605E-01
 1.99198548113679E+03	 1.53452352585583E-01
 1.99198821903683E+03	-6.64284668345459E-02
 1.99199095693686E+03	-2.48046307581570E-01
 1.99199369483689E+03	-3.61346376774095E-01
 1.99199643273692E+03	-4.02072436895674E-01
 1.99199917063695E+03	-3.73253962392451E-01
 1.99200190853698E+03	-2.81361470047585E-01
 1.99200464643701E+03	-1.47798234556787E-01
 1.99200738433704E+03	-1.24770635999517E-02
 1.99201012223707E+03	 8.55445009414086E-02
 1.99201286013710E+03	 1.35087182194563E-01
 1.99201559803713E+03	 1.57525251604811E-01
 1.99201833593716E+03	 1.80053180044002E-01
 1.99202107383719E+03	 2.03221202591926E-01
 1.99202381173723E+03	 1.97175525124052E-01
 1.99202654963726E+03	 1.31836773432493E-01
 1.99202928753729E+03	 1.03717289936575E-02
 1.99203202543732E+03	-1.27330453792710E-01
 1.99203476333735E+03	-2.31697764940749E-01
 1.99203750123738E+03	-2.71469967906886E-01
 1.99204023913741E+03	-2.38569064112240E-01
 1.99204297703744E+03	-1.36399507619021E-01
 1.99204571493747E+03	 2.45868083943053E-02
 1.99204845283750E+03	 2.15618958111166E-01
 1.99205119073753E+03	 3.81087620375664E-01
 1.99205392863756E+03	 4.55080047987448E-01
 1.99205666653759E+03	 3.99073835649236E-01
 1.99205940443763E+03	 2.29673220463282E-01
 1.99206214233766E+03	 9.51338452625715E-03
 1.99206488023769E+03	-1.91611421456315E-01
 1.99206761813772E+03	-3.30887899459172E-01
 1.99207035603775E+03	-3.96508574601527E-01
 1.99207309393778E+03	-3.90347558793896E-01
 1.99207583183781E+03	-3.17260991804447E-01
 1.99207856973784E+03	-1.92745325682190E-01
 1.99208130763787E+03	-5.18510445692939E-02
 1.99208404553790E+03	 6.22249901193857E-02
 1.99208678343793E+03	 1.25758957325323E-01
 1.99208952133796E+03	 1.50070460628144E-01
 1.99209225923799E+03	 1.65069153987782E-01
 1.99209499713803E+03	 1.84703842767722E-01
 1.99209773503806E+03	 1.89846366085927E-01
 1.99210047293809E+03	 1.47413526292439E-01
 1.99210321083812E+03	 4.64116318105914E-02
 1.99210594873815E+03	-8.57510156815258E-02
 1.99210868663818E+03	-2.00975726426596E-01
 1.99211142453821E+03	-2.61001618226551E-01
 1.99211416243824E+03	-2.51059557517242E-01
 1.99211690033827E+03	-1.71813449310084E-01
 1.99211963823830E+03	-3.03281865292590E-02
 1.99212237613833E+03	 1.53281446335940E-01
 1.99212511403836E+03	 3.33323358301072E-01
 1.99212785193839E+03	 4.44640721727182E-01
 1.99213058983842E+03	 4.34936023456134E-01
 1.99213332773846E+03	 2.99934707745451E-01
 1.99213606563849E+03	 8.88902801755695E-02
 1.99213880353852E+03	-1.26277928161436E-01
 1.99214154143855E+03	-2.90698519638768E-01
 1.99214427933858E+03	-3.82383800240919E-01
 1.99214701723861E+03	-4.00128588473626E-01
 1.99214975513864E+03	-3.47956144473099E-01
 1.99215249303867E+03	-2.36742514615860E-01
 1.99215523093870E+03	-9.52906240970336E-02
 1.99215796883873E+03	 3.27976072912885E-02
 1.99216070673876E+03	 1.13370580402109E-01
 1.99216344463879E+03	 1.45129597693598E-01
 1.99216618253882E+03	 1.55271551605473E-01
 1.99216892043886E+03	 1.68126036996159E-01
 1.99217165833889E+03	 1.77858802503641E-01
 1.99217439623892E+03	 1.54086097602111E-01
 1.99217713413895E+03	 7.50063360562071E-02
 1.99217987203898E+03	-4.61412216525728E-02
 1.99218260993901E+03	-1.66903676158651E-01
 1.99218534783904E+03	-2.44337406703804E-01
 1.99218808573907E+03	-2.56284545994491E-01
 1.99219082363910E+03	-1.99609284530147E-01
 1.99219356153913E+03	-7.90484545144758E-02
 1.99219629943916E+03	 9.19201992848584E-02
 1.99219903733919E+03	 2.78046555727234E-01
 1.99220177523922E+03	 4.19345980988351E-01
 1.99220451313926E+03	 4.54912584080030E-01
 1.99220725103929E+03	 3.60737893948805E-01
 1.99220998893932E+03	 1.68524253945473E-01
 1.99221272683935E+03	-5.34119288017532E-02
 1.99221546473938E+03	-2.40575258120244E-01
 1.99221820263941E+03	-3.59034153258709E-01
 1.99222094053944E+03	-4.01949658676845E-01
 1.99222367843947E+03	-3.72371995761579E-01
 1.99222641633950E+03	-2.78039898081452E-01
 1.99222915423953E+03	-1.41255659954939E-01
 1.99223189213956E+03	-2.79750453437170E-03
 1.99223463003959E+03	 9.59883552186278E-02
 1.99223736793962E+03	 1.40436773569417E-01
 1.99224010583965E+03	 1.50165932639118E-01
 1.99224284373969E+03	 1.55389243148124E-01
 1.99224558163972E+03	 1.63992567477969E-01
 1.99224831953975E+03	 1.53310494876819E-01
 1.99225105743978E+03	 9.54253846714970E-02
 1.99225379533981E+03	-1.04485070418995E-02
 1.99225653323984E+03	-1.31169849993608E-01
 1.99225927113987E+03	-2.22366569104310E-01
 1.99226200903990E+03	-2.54714068112122E-01
 1.99226474693993E+03	-2.20000522872799E-01
 1.99226748483996E+03	-1.20882310359743E-01
 1.99227022273999E+03	 3.37682228396487E-02
 1.99227296064002E+03	 2.18396421431278E-01
 1.99227569854005E+03	 3.81314698690271E-01
 1.99227843644009E+03	 4.58440977243346E-01
 1.99228117434012E+03	 4.09043545426969E-01
 1.99228391224015E+03	 2.44860488941924E-01
 1.99228665014018E+03	 2.48678790540312E-02
 1.99228938804021E+03	-1.80811372075790E-01
 1.99229212594024E+03	-3.25878618311655E-01
 1.99229486384027E+03	-3.95167134986211E-01
 1.99229760174030E+03	-3.89619898282178E-01
 1.99230033964033E+03	-3.15043164684651E-01
 1.99230307754036E+03	-1.87914059505667E-01
 1.99230581544039E+03	-4.38741995746233E-02
 1.99230855334042E+03	 7.22929230939715E-02
 1.99231129124045E+03	 1.33574150562611E-01
 1.99231402914049E+03	 1.48361040742242E-01
 1.99231676704052E+03	 1.47492044908580E-01
 1.99231950494055E+03	 1.50873274319002E-01
 1.99232224284058E+03	 1.47183677646473E-01
 1.99232498074061E+03	 1.07738663077933E-01
 1.99232771864064E+03	 1.97244058593765E-02
 1.99233045654067E+03	-9.56030960723031E-02
 1.99233319444070E+03	-1.96207429392762E-01
 1.99233593234073E+03	-2.46900846568368E-01
 1.99233867024076E+03	-2.33327474325376E-01
 1.99234140814079E+03	-1.55569260038030E-01
 1.99234414604082E+03	-1.95166228315857E-02
 1.99234688394085E+03	 1.57345462557013E-01
 1.99234962184088E+03	 3.33269478735409E-01
 1.99235235974092E+03	 4.46019696496473E-01
 1.99235509764095E+03	 4.42553435610811E-01
 1.99235783554098E+03	 3.14256928748772E-01
 1.99236057344101E+03	 1.05753319733608E-01
 1.99236331134104E+03	-1.12340913092319E-01
 1.99236604924107E+03	-2.82557866965737E-01
 1.99236878714110E+03	-3.79136903407397E-01
 1.99237152504113E+03	-3.98940964161961E-01
 1.99237426294116E+03	-3.46379897999817E-01
 1.99237700084119E+03	-2.33337903186786E-01
 1.99237973874122E+03	-8.91197405416302E-02
 1.99238247664125E+03	 4.17259608266444E-02
 1.99238521454128E+03	 1.22312565160235E-01
 1.99238795244132E+03	 1.47805589328949E-01
 1.99239069034135E+03	 1.44438885322293E-01
 1.99239342824138E+03	 1.40639895424146E-01
 1.99239616614141E+03	 1.38175412244829E-01
 1.99239890404144E+03	 1.12818161853078E-01
 1.99240164194147E+03	 4.33091933296505E-02
 1.99240437984150E+03	-6.20265691741293E-02
 1.99240711774153E+03	-1.67209102040544E-01
 1.99240985564156E+03	-2.33522074728017E-01
 1.99241259354159E+03	-2.40000053469517E-01
 1.99241533144162E+03	-1.83159083371171E-01
 1.99241806934165E+03	-6.68484554092207E-02
 1.99242080724168E+03	 9.74883104938440E-02
 1.99242354514172E+03	 2.78255018625713E-01
 1.99242628304175E+03	 4.19119137628605E-01
 1.99242902094178E+03	 4.59915921434862E-01
 1.99243175884181E+03	 3.73304780649953E-01
 1.99243449674184E+03	 1.85906735566291E-01
 1.99243723464187E+03	-3.68235608079535E-02
 1.99243997254190E+03	-2.29097362977250E-01
 1.99244271044193E+03	-3.53262577539188E-01
 1.99244544834196E+03	-3.99648827183827E-01
 1.99244818624199E+03	-3.70909966752539E-01
 1.99245092414202E+03	-2.75669769027437E-01
 1.99245366204205E+03	-1.36774002969202E-01
 1.99245639994208E+03	 4.52812714088357E-03
 1.99245913784212E+03	 1.04905494442797E-01
 1.99246187574215E+03	 1.46100439084060E-01
 1.99246461364218E+03	 1.45282420712573E-01
 1.99246735154221E+03	 1.34679475943847E-01
 1.99247008944224E+03	 1.28806970345336E-01
 1.99247282734227E+03	 1.12234525658854E-01
 1.99247556524230E+03	 5.99112534235497E-02
 1.99247830314233E+03	-3.20788451536736E-02
 1.99248104104236E+03	-1.36904491749026E-01
 1.99248377894239E+03	-2.15424613966103E-01
 1.99248651684242E+03	-2.40481757915061E-01
 1.99248925474245E+03	-2.03896962741259E-01
 1.99249199264248E+03	-1.07647570195479E-01
 1.99249473054251E+03	 4.09044817790444E-02
 1.99249746844255E+03	 2.19353125378206E-01
 1.99250020634258E+03	 3.79997252753667E-01
 1.99250294424261E+03	 4.60830524017358E-01
 1.99250568214264E+03	 4.19139291276240E-01
 1.99250842004267E+03	 2.61704072043398E-01
 1.99251115794270E+03	 4.33539037843675E-02
 1.99251389584273E+03	-1.66065399538553E-01
 1.99251663374276E+03	-3.17095486358297E-01
 1.99251937164279E+03	-3.91096060146639E-01
 1.99252210954282E+03	-3.87693479434676E-01
 1.99252484744285E+03	-3.13238840214193E-01
 1.99252758534288E+03	-1.84834009136820E-01
 1.99253032324291E+03	-3.83249134569021E-02
 1.99253306114295E+03	 8.03007334359901E-02
 1.99253579904298E+03	 1.40840467089738E-01
 1.99253853694301E+03	 1.48290033640506E-01
 1.99254127484304E+03	 1.33465164397149E-01
 1.99254401274307E+03	 1.21320344875305E-01
 1.99254675064310E+03	 1.08057143271323E-01
 1.99254948854313E+03	 6.98713212074234E-02
 1.99255222644316E+03	-7.02927585649457E-03
 1.99255496434319E+03	-1.06912029191939E-01
 1.99255770224322E+03	-1.93652429136175E-01
 1.99256044014325E+03	-2.35307966848860E-01
 1.99256317804328E+03	-2.18134612362001E-01
 1.99256591594331E+03	-1.41734668791308E-01
 1.99256865384335E+03	-1.08985074152623E-02
 1.99257139174338E+03	 1.59429488796326E-01
 1.99257412964341E+03	 3.31447908064825E-01
 1.99257686754344E+03	 4.46040526355488E-01
 1.99257960544347E+03	 4.49700843559049E-01
 1.99258234334350E+03	 3.29533868219262E-01
 1.99258508124353E+03	 1.25171151980229E-01
 1.99258781914356E+03	-9.46941081180878E-02
 1.99259055704359E+03	-2.70473384207179E-01
 1.99259329494362E+03	-3.72682532769084E-01
 1.99259603284365E+03	-3.95937936866355E-01
 1.99259877074368E+03	-3.44618808982489E-01
 1.99260150864371E+03	-2.31249875978481E-01
 1.99260424654374E+03	-8.52672070618480E-02
 1.99260698444378E+03	 4.82487013892874E-02
 1.99260972234381E+03	 1.29938718746204E-01
 1.99261246024384E+03	 1.51207781936946E-01
 1.99261519814387E+03	 1.36518580924018E-01
 1.99261793604390E+03	 1.17383911699047E-01
 1.99262067394393E+03	 1.02581927820057E-01
 1.99262341184396E+03	 7.42328727015302E-02
 1.99262614974399E+03	 1.23814615972434E-02
 1.99262888764402E+03	-7.87949670296673E-02
 1.99263162554405E+03	-1.69438739174321E-01
 1.99263436344408E+03	-2.25123678637606E-01
 1.99263710134411E+03	-2.26278782074854E-01
 1.99263983924414E+03	-1.69210772147226E-01
 1.99264257714418E+03	-5.69678392983744E-02
 1.99264531504421E+03	 1.00939648894213E-01
 1.99264805294424E+03	 2.76517297152656E-01
 1.99265079084427E+03	 4.17218145262380E-01
 1.99265352874430E+03	 4.63913139303153E-01
 1.99265626664433E+03	 3.86115537291821E-01
 1.99265900454436E+03	 2.05160030849225E-01
 1.99266174244439E+03	-1.69347478615280E-02
 1.99266448034442E+03	-2.13674487034169E-01
 1.99266721824445E+03	-3.43913932055210E-01
 1.99266995614448E+03	-3.94949403161770E-01
 1.99267269404451E+03	-3.68632376625975E-01
 1.99267543194454E+03	-2.74084547315131E-01
 1.99267816984458E+03	-1.34337071250410E-01
 1.99268090774461E+03	 9.30298380440481E-03
 1.99268364564464E+03	 1.11890861404821E-01
 1.99268638354467E+03	 1.51582315956587E-01
 1.99268912144470E+03	 1.42499490682063E-01
 1.99269185934473E+03	 1.17875652449114E-01
 1.99269459724476E+03	 9.80229287612617E-02
 1.99269733514479E+03	 7.46130488210744E-02
 1.99270007304482E+03	 2.60460432083449E-02
 1.99270281094485E+03	-5.38973106474304E-02
 1.99270554884488E+03	-1.44152943287994E-01
 1.99270828674491E+03	-2.10721398166050E-01
 1.99271102464494E+03	-2.28778539643668E-01
 1.99271376254497E+03	-1.90346672603826E-01
 1.99271650044501E+03	-9.68304051655298E-02
 1.99271923834504E+03	 4.58104453891257E-02
 1.99272197624507E+03	 2.18225576244863E-01
 1.99272471414510E+03	 3.76761206539182E-01
 1.99272745204513E+03	 4.61756876343441E-01
 1.99273018994516E+03	 4.28796427778485E-01
 1.99273292784519E+03	 2.79664943779254E-01
 1.99273566574522E+03	 6.45727703559715E-02
 1.99273840364525E+03	-1.47557171065439E-01
 1.99274114154528E+03	-3.04506599067992E-01
 1.99274387944531E+03	-3.84110270936706E-01
 1.99274661734534E+03	-3.84317896167328E-01
 1.99274935524537E+03	-3.11620200583251E-01
 1.99275209314541E+03	-1.83386811998172E-01
 1.99275483104544E+03	-3.52752118401124E-02
 1.99275756894547E+03	 8.59493380190534E-02
 1.99276030684550E+03	 1.47094898601006E-01
 1.99276304474553E+03	 1.49407571922519E-01
 1.99276578264556E+03	 1.22773929480120E-01
 1.99276852054559E+03	 9.62104664981181E-02
 1.99277125844562E+03	 7.29901041762098E-02
 1.99277399634565E+03	 3.45176601690885E-02
 1.99277673424568E+03	-3.31825606999660E-02
 1.99277947214571E+03	-1.19202408684873E-01
 1.99278221004574E+03	-1.93059870277301E-01
 1.99278494794577E+03	-2.26143355099417E-01
 1.99278768584581E+03	-2.05499866610082E-01
 1.99279042374584E+03	-1.30383205134156E-01
 1.99279316164587E+03	-4.59945331061557E-03
 1.99279589954590E+03	 1.59327092694756E-01
 1.99279863744593E+03	 3.27531265769667E-01
 1.99280137534596E+03	 4.44231997822927E-01
 1.99280411324599E+03	 4.55789436370180E-01
 1.99280685114602E+03	 3.45148049350160E-01
 1.99280958904605E+03	 1.46623533917841E-01
 1.99281232694608E+03	-7.36547507417784E-02
 1.99281506484611E+03	-2.54523102271830E-01
 1.99281780274614E+03	-3.62899080722019E-01
 1.99282054064617E+03	-3.90880484404440E-01
 1.99282327854621E+03	-3.42406803341181E-01
 1.99282601644624E+03	-2.30275230802923E-01
 1.99282875434627E+03	-8.36841249738238E-02
 1.99283149224630E+03	 5.21918545983951E-02
 1.99283423014633E+03	 1.35862364871743E-01
 1.99283696804636E+03	 1.54865598499825E-01
 1.99283970594638E+03	 1.31170154799001E-01
 1.99284244384642E+03	 9.83384506689473E-02
 1.99284518174645E+03	 7.14341249315919E-02
 1.99284791964648E+03	 3.89481864559717E-02
 1.99285065754651E+03	-1.71039391696367E-02
 1.99285339544654E+03	-9.58997184285583E-02
 1.99285613334657E+03	-1.73248661175130E-01
 1.99285887124660E+03	-2.18977007144967E-01
 1.99286160914664E+03	-2.15068265532533E-01
 1.99286434704667E+03	-1.57774144201997E-01
 1.99286708494670E+03	-4.94683695266761E-02
 1.99286982284673E+03	 1.02134090347892E-01
 1.99287256074676E+03	 2.72569197086293E-01
 1.99287529864679E+03	 4.13216927614070E-01
 1.99287803654682E+03	 4.66321016685287E-01
 1.99288077444685E+03	 3.98501515108571E-01
 1.99288351234688E+03	 2.25657328037685E-01
 1.99288625024691E+03	 5.80049031473588E-03
 1.99288898814694E+03	-1.94513847880840E-01
 1.99289172604697E+03	-3.30957326001076E-01
 1.99289446394700E+03	-3.87651607247003E-01
 1.99289720184704E+03	-3.65260518534066E-01
 1.99289993974707E+03	-2.73018190374265E-01
 1.99290267764710E+03	-1.33787639463530E-01
 1.99290541554713E+03	 1.14853031838457E-02
 1.99290815344716E+03	 1.16667249817469E-01
 1.99291089134719E+03	 1.56442931892515E-01
 1.99291362924722E+03	 1.41400027965498E-01
 1.99291636714725E+03	 1.04796884137169E-01
 1.99291910504728E+03	 7.18176208725848E-02
 1.99292184294731E+03	 4.09397324275071E-02
 1.99292458084734E+03	-5.53202322916962E-03
 1.99292731874737E+03	-7.53149148431974E-02
 1.99293005664740E+03	-1.52491318998329E-01
 1.99293279454744E+03	-2.08008988424038E-01
 1.99293553244747E+03	-2.19480404063149E-01
 1.99293827034750E+03	-1.79295620031440E-01
 1.99294100824753E+03	-8.84276684087404E-02
 1.99294374614756E+03	 4.84172345050240E-02
 1.99294648404759E+03	 2.14824708005521E-01
 1.99294922194762E+03	 3.71246806299538E-01
 1.99295195984765E+03	 4.60671963072222E-01
 1.99295469774768E+03	 4.37326876057456E-01
 1.99295743564771E+03	 2.98033275977287E-01
 1.99296017354774E+03	 8.79401044230677E-02
 1.99296291144777E+03	-1.25635324024700E-01
 1.99296564934780E+03	-2.88196314754654E-01
 1.99296838724783E+03	-3.74077561561640E-01
 1.99297112514787E+03	-3.79229255124699E-01
 1.99297386304790E+03	-3.09883670511897E-01
 1.99297660094793E+03	-1.83326372688651E-01
 1.99297933884796E+03	-3.46387770600528E-02
 1.99298207674799E+03	 8.90919226200124E-02
 1.99298481464802E+03	 1.51974298297259E-01
 1.99298755254805E+03	 1.51273139329192E-01
 1.99299029044808E+03	 1.15113316946893E-01
 1.99299302834811E+03	 7.55468687226203E-02
 1.99299576624814E+03	 4.23260891883730E-02
 1.99299850414817E+03	 2.24197471308302E-03
 1.99300124204820E+03	-5.81378450351397E-02
 1.99300397994823E+03	-1.31989454102795E-01
 1.99300671784827E+03	-1.94105954948209E-01
 1.99300945574830E+03	-2.19213253666147E-01
 1.99301219364833E+03	-1.95306926108226E-01
 1.99301493154836E+03	-1.21448438456721E-01
 1.99301766944839E+03	-6.16244568137349E-04
 1.99302040734842E+03	 1.56931258114847E-01
 1.99302314524845E+03	 3.21242555434320E-01
 1.99302588314848E+03	 4.40108307165790E-01
 1.99302862104851E+03	 4.60145468255842E-01
 1.99303135894854E+03	 3.60337240327395E-01
 1.99303409684857E+03	 1.69412074184224E-01
 1.99303683474860E+03	-4.97163004344241E-02
 1.99303957264863E+03	-2.34926288116886E-01
 1.99304231054867E+03	-3.49749266205512E-01
 1.99304504844870E+03	-3.83547973122090E-01
 1.99304778634873E+03	-3.39430252778210E-01
 1.99305052424876E+03	-2.30103438966819E-01
 1.99305326214879E+03	-8.41698815315848E-02
 1.99305600004882E+03	 5.35471369304508E-02
 1.99305873794885E+03	 1.39831784270094E-01
 1.99306147584888E+03	 1.58367257407963E-01
 1.99306421374891E+03	 1.28011159990629E-01
 1.99306695164894E+03	 8.33527825277411E-02
 1.99306968954897E+03	 4.49125450838359E-02
 1.99307242744900E+03	 7.42045841488972E-03
 1.99307516534903E+03	-4.45767345382397E-02
 1.99307790324907E+03	-1.12819662135403E-01
 1.99308064114910E+03	-1.78250585486486E-01
 1.99308337904913E+03	-2.14822706191104E-01
 1.99308611694916E+03	-2.06192836334006E-01
 1.99308885484919E+03	-1.48723146623537E-01
 1.99309159274922E+03	-4.42774334966685E-02
 1.99309433064925E+03	 1.01048565182757E-01
 1.99309706854928E+03	 2.66227256323889E-01
 1.99309980644931E+03	 4.06714655935766E-01
 1.99310254434934E+03	 4.66513296028768E-01
 1.99310528224937E+03	 4.09683533890166E-01
 1.99310802014940E+03	 2.46611820213738E-01
 1.99311075804943E+03	 3.07505143596298E-02
 1.99311349594946E+03	-1.71982251176782E-01
 1.99311623384950E+03	-3.14474975207051E-01
 1.99311897174953E+03	-3.77606505084110E-01
 1.99312170964956E+03	-3.60499405119840E-01
 1.99312444754959E+03	-2.72123423728950E-01
 1.99312718544962E+03	-1.34832184866420E-01
 1.99312992334965E+03	 1.12013089055050E-02
 1.99313266124968E+03	 1.19117067747032E-01
 1.99313539914971E+03	 1.60345584402990E-01
 1.99313813704974E+03	 1.41575836610721E-01
 1.99314087494977E+03	 9.51718952890010E-02
 1.99314361284980E+03	 5.02103031509742E-02
 1.99314635074983E+03	 1.15376571790164E-02
 1.99314908864986E+03	-3.43152152485282E-02
 1.99315182654990E+03	-9.58028582073052E-02
 1.99315456444993E+03	-1.61482963327680E-01
 1.99315730234996E+03	-2.06969423335219E-01
 1.99316004024999E+03	-2.12356576512372E-01
 1.99316277815002E+03	-1.70563219376831E-01
 1.99316551605005E+03	-8.23028408507868E-02
 1.99316825395008E+03	 4.87830197928998E-02
 1.99317099185011E+03	 2.09065352780621E-01
 1.99317372975014E+03	 3.63154991026364E-01
 1.99317646765017E+03	 4.57027012578006E-01
 1.99317920555020E+03	 4.43972087191514E-01
 1.99318194345023E+03	 3.15967150591614E-01
 1.99318468135026E+03	 1.12703168062215E-01
 1.99318741925030E+03	-1.00817920122573E-01
 1.99319015715033E+03	-2.68386096924690E-01
 1.99319289505036E+03	-3.60947840266465E-01
 1.99319563295039E+03	-3.72180241295489E-01
 1.99319837085042E+03	-3.07674704642078E-01
 1.99320110875045E+03	-1.84293043886590E-01
 1.99320384665048E+03	-3.61694920105187E-02
 1.99320658455051E+03	 8.97543989572050E-02
 1.99320932245054E+03	 1.55253733323864E-01
 1.99321206035057E+03	 1.53504426054873E-01
 1.99321479825060E+03	 1.10135046909232E-01
 1.99321753615063E+03	 5.92038654922583E-02
 1.99322027405066E+03	 1.62410416427877E-02
 1.99322301195069E+03	-2.65417487071827E-02
 1.99322574985073E+03	-8.13897401439736E-02
 1.99322848775076E+03	-1.44808704616273E-01
 1.99323122565079E+03	-1.96424381255565E-01
 1.99323396355082E+03	-2.14237513252978E-01
 1.99323670145085E+03	-1.87326729073088E-01
 1.99323943935088E+03	-1.14737394466464E-01
 1.99324217725091E+03	 1.18397713606276E-03
 1.99324491515094E+03	 1.52254029127515E-01
 1.99324765305097E+03	 3.12394445169103E-01
 1.99325039095100E+03	 4.33222793452204E-01
 1.99325312885103E+03	 4.62067781339920E-01
 1.99325586675106E+03	 3.74243060832866E-01
 1.99325860465109E+03	 1.92689898326357E-01
 1.99326134255113E+03	-2.35415421922914E-02
 1.99326408045116E+03	-2.12056482067862E-01
 1.99326681835119E+03	-3.33306081015295E-01
 1.99326955625122E+03	-3.73769187042665E-01
 1.99327229415125E+03	-3.35357414203943E-01
 1.99327503205128E+03	-2.30338812549704E-01
 1.99327776995131E+03	-8.63814723007798E-02
 1.99328050785134E+03	 5.24803988077332E-02
 1.99328324575137E+03	 1.41758179154778E-01
 1.99328598365140E+03	 1.61403114492633E-01
 1.99328872155143E+03	 1.26665672188861E-01
 1.99329145945146E+03	 7.21858325400405E-02
 1.99329419735149E+03	 2.30453601262654E-02
 1.99329693525153E+03	-2.00540565658810E-02
 1.99329967315156E+03	-6.95858029399961E-02
 1.99330241105159E+03	-1.29086688175551E-01
 1.99330514895162E+03	-1.84043652833364E-01
 1.99330788685165E+03	-2.12338766987387E-01
 1.99331062475168E+03	-1.99381727623494E-01
 1.99331336265171E+03	-1.41816973343566E-01
 1.99331610055174E+03	-4.11969171014322E-02
 1.99331883845177E+03	 9.77860525811168E-02
 1.99332157635180E+03	 2.57418726744906E-01
 1.99332431425183E+03	 3.97384361578862E-01
 1.99332705215186E+03	 4.63879281210053E-01
 1.99332979005189E+03	 4.18827804289290E-01
 1.99333252795192E+03	 2.67117801249625E-01
 1.99333526585196E+03	 5.71251372802163E-02
 1.99333800375199E+03	-1.46609318262563E-01
 1.99334074165202E+03	-2.94682432063624E-01
 1.99334347955205E+03	-3.64745675857971E-01
 1.99334621745208E+03	-3.54069782204602E-01
 1.99334895535211E+03	-2.71000086528621E-01
 1.99335169325214E+03	-1.37059736161002E-01
 1.99335443115217E+03	 8.74176612586733E-03
 1.99335716905220E+03	 1.19298400366332E-01
 1.99335990695223E+03	 1.63091099894410E-01
 1.99336264485226E+03	 1.42673685576805E-01
 1.99336538275229E+03	 8.86841652753637E-02
 1.99336812065232E+03	 3.30944182795298E-02
 1.99337085855236E+03	-1.34287131023453E-02
 1.99337359645239E+03	-5.99345013409162E-02
 1.99337633435242E+03	-1.14915648375392E-01
 1.99337907225245E+03	-1.70709644921878E-01
 1.99338181015248E+03	-2.07248466898660E-01
 1.99338454805251E+03	-2.07102031951956E-01
 1.99338728595254E+03	-1.63869986569931E-01
 1.99339002385257E+03	-7.82038269934260E-02
 1.99339276175260E+03	 4.70912489868126E-02
 1.99339549965263E+03	 2.00985440086169E-01
 1.99339823755266E+03	 3.52288040155218E-01
 1.99340097545269E+03	 4.50328669036414E-01
 1.99340371335272E+03	 4.47963091372789E-01
 1.99340645125276E+03	 3.32543257653757E-01
 1.99340918915279E+03	 1.37972062564841E-01
 1.99341192705282E+03	-7.37844108841270E-02
 1.99341466495285E+03	-2.45446795237566E-01
 1.99341740285288E+03	-3.44779063616924E-01
 1.99342014075291E+03	-3.62972472420837E-01
 1.99342287865294E+03	-3.04620253725979E-01
 1.99342561655297E+03	-1.85840274856726E-01
 1.99342835445300E+03	-3.94758939152459E-02
 1.99343109235303E+03	 8.81389579421579E-02
 1.99343383025306E+03	 1.56870317040433E-01
 1.99343656815309E+03	 1.55817388748543E-01
 1.99343930605312E+03	 1.07493568129375E-01
 1.99344204395316E+03	 4.69659134685482E-02
 1.99344478185319E+03	-5.23463881027038E-03
 1.99344751975322E+03	-5.15684915608419E-02
 1.99345025765325E+03	-1.02541728290085E-01
 1.99345299555328E+03	-1.57244564009929E-01
 1.99345573345331E+03	-1.99640667837933E-01
 1.99345847135334E+03	-2.10885114070128E-01
 1.99346120925337E+03	-1.81250368717956E-01
 1.99346394715340E+03	-1.09956131146558E-01
 1.99346668505343E+03	 1.05168937263996E-03
 1.99346942295346E+03	 1.45434226800957E-01
 1.99347216085349E+03	 3.00919757425812E-01
 1.99347489875352E+03	 4.23218236461896E-01
 1.99347763665355E+03	 4.60888442895426E-01
 1.99348037455359E+03	 3.85968658097378E-01
 1.99348311245362E+03	 2.15504012374844E-01
 1.99348585035365E+03	 4.05742997798232E-03
 1.99348858825368E+03	-1.86443968401126E-01
 1.99349132615371E+03	-3.13772694645128E-01
 1.99349406405374E+03	-3.61452717399222E-01
 1.99349680195377E+03	-3.29872803593283E-01
 1.99349953985380E+03	-2.30532899602966E-01
 1.99350227775383E+03	-8.98574594365275E-02
 1.99350501565386E+03	 4.93229519715291E-02
 1.99350775355389E+03	 1.41727119646041E-01
 1.99351049145392E+03	 1.63796684690461E-01
 1.99351322935395E+03	 1.26807422592044E-01
 1.99351596725399E+03	 6.45491766417203E-02
 1.99351870515402E+03	 5.73913707444569E-03
 1.99352144305405E+03	-4.33278383023015E-02
 1.99352418095408E+03	-9.18076697827411E-02
 1.99352691885411E+03	-1.44309571307127E-01
 1.99352965675414E+03	-1.90247463754262E-01
 1.99353239465417E+03	-2.11177487663146E-01
 1.99353513255420E+03	-1.94305770565839E-01
 1.99353787045423E+03	-1.36732014768252E-01
 1.99354060835426E+03	-3.99244458307704E-02
 1.99354334625429E+03	 9.25718764833812E-02
 1.99354608415432E+03	 2.46200494596428E-01
 1.99354882205435E+03	 3.85014561783327E-01
 1.99355155995439E+03	 4.57881467907679E-01
 1.99355429785442E+03	 4.25107359847077E-01
 1.99355703575445E+03	 2.86202327288047E-01
 1.99355977365448E+03	 8.40075043262632E-02
 1.99356251155451E+03	-1.19078830773660E-01
 1.99356524945454E+03	-2.71940381697151E-01
 1.99356798735457E+03	-3.49107351971218E-01
 1.99357072525460E+03	-3.45742117399646E-01
 1.99357346315463E+03	-2.69231016279194E-01
 1.99357620105466E+03	-1.39973355424472E-01
 1.99357893895469E+03	 4.54216590275969E-03
 1.99358167685472E+03	 1.17443566430083E-01
 1.99358441475475E+03	 1.64637508165855E-01
 1.99358715265478E+03	 1.44432082307742E-01
 1.99358989055482E+03	 8.50153850420540E-02
 1.99359262845485E+03	 2.02748583743830E-02
 1.99359536635488E+03	-3.39325473720619E-02
 1.99359810425491E+03	-8.21587458700883E-02
 1.99360084215494E+03	-1.32308321662440E-01
 1.99360358005497E+03	-1.79801363802547E-01
 1.99360631795500E+03	-2.08492308509465E-01
 1.99360905585503E+03	-2.03376417499723E-01
 1.99361179375506E+03	-1.58874284889002E-01
 1.99361453165509E+03	-7.57919864539298E-02
 1.99361726955512E+03	 4.36362617574828E-02
 1.99362000745515E+03	 1.90752772417425E-01
 1.99362274535518E+03	 3.38580364271883E-01
 1.99362548325522E+03	 4.40190261872808E-01
 1.99362822115525E+03	 4.48582126201255E-01
 1.99363095905528E+03	 3.46815217668843E-01
 1.99363369695531E+03	 1.62762458972754E-01
 1.99363643485534E+03	-4.53552478356089E-02
 1.99363917275537E+03	-2.19900633727503E-01
 1.99364191065540E+03	-3.25756970281303E-01
 1.99364464855543E+03	-3.51487822665733E-01
 1.99364738645546E+03	-3.00365790978571E-01
 1.99365012435549E+03	-1.87471328681442E-01
 1.99365286225552E+03	-4.40503922336370E-02
 1.99365560015555E+03	 8.46101700333189E-02
 1.99365833805558E+03	 1.56930141262768E-01
 1.99366107595562E+03	 1.58053650204696E-01
 1.99366381385565E+03	 1.06886346631911E-01
 1.99366655175568E+03	 3.85684416127237E-02
 1.99366928965571E+03	-2.21868117210006E-02
 1.99367202755574E+03	-7.27116973026872E-02
 1.99367476545577E+03	-1.21315229924801E-01
 1.99367750335580E+03	-1.68954972952875E-01
 1.99368024125583E+03	-2.03406799114725E-01
 1.99368297915586E+03	-2.08813664705784E-01
 1.99368571705589E+03	-1.76728960187145E-01
 1.99368845495592E+03	-1.06744873635635E-01
 1.99369119285595E+03	-6.68783826298254E-04
 1.99369393075598E+03	 1.36732314323923E-01
 1.99369666865601E+03	 2.86890087845050E-01
 1.99369940655605E+03	 4.09868919322149E-01
 1.99370214445608E+03	 4.56030966888138E-01
 1.99370488235611E+03	 3.94640464748595E-01
 1.99370762025614E+03	 2.36847008557096E-01
 1.99371035815617E+03	 3.21511540893333E-02
 1.99371309605620E+03	-1.58766787979847E-01
 1.99371583395623E+03	-2.91493875515501E-01
 1.99371857185626E+03	-3.46613435701595E-01
 1.99372130975629E+03	-3.22713021916007E-01
 1.99372404765632E+03	-2.30223986845350E-01
 1.99372678555635E+03	-9.40543708425862E-02
 1.99372952345638E+03	 4.45464875485769E-02
 1.99373226135641E+03	 1.39992329980012E-01
 1.99373499925645E+03	 1.65520407822046E-01
 1.99373773715648E+03	 1.28193468926009E-01
 1.99374047505651E+03	 6.01480437143272E-02
 1.99374321295654E+03	-7.18574147012224E-03
 1.99374595085657E+03	-6.23823285377123E-02
 1.99374868875660E+03	-1.11046416299742E-01
 1.99375142665663E+03	-1.58191785193617E-01
 1.99375416455666E+03	-1.96532853213666E-01
 1.99375690245669E+03	-2.11003843643944E-01
 1.99375964035672E+03	-1.90618666611282E-01
 1.99376237825675E+03	-1.33101266335270E-01
 1.99376511615678E+03	-4.00848455463085E-02
 1.99376785405681E+03	 8.57376142656974E-02
 1.99377059195685E+03	 2.32765071667400E-01
 1.99377332985688E+03	 3.69539991687011E-01
 1.99377606775691E+03	 4.48107009844106E-01
 1.99377880565694E+03	 4.27763702285430E-01
 1.99378154355697E+03	 3.02883270212281E-01
 1.99378428145700E+03	 1.10396540899187E-01
 1.99378701935703E+03	-9.02082677765076E-02
 1.99378975725706E+03	-2.46756232674856E-01
 1.99379249515709E+03	-3.30856040847332E-01
 1.99379523305712E+03	-3.35368979642606E-01
 1.99379797095715E+03	-2.66421863177112E-01
 1.99380070885718E+03	-1.43031203907261E-01
 1.99380344675721E+03	-8.51581985498064E-04
 1.99380618465725E+03	 1.13940329668161E-01
 1.99380892255728E+03	 1.65102846544591E-01
 1.99381166045731E+03	 1.46705366756021E-01
 1.99381439835734E+03	 8.38830840202014E-02
 1.99381713625737E+03	 1.15066689113674E-02
 1.99381987415740E+03	-5.00569089720674E-02
 1.99382261205743E+03	-1.00885146396822E-01
 1.99382534995746E+03	-1.47746032149744E-01
 1.99382808785749E+03	-1.88461517981130E-01
 1.99383082575752E+03	-2.10383083260155E-01
 1.99383356365755E+03	-2.00845008021973E-01
 1.99383630155758E+03	-1.55214131266869E-01
 1.99383903945761E+03	-7.46793327918102E-02
 1.99384177735764E+03	 3.87977774795168E-02
 1.99384451525768E+03	 1.78658783656353E-01
 1.99384725315771E+03	 3.22116643577854E-01
 1.99384999105774E+03	 4.26373693977613E-01
 1.99385272895777E+03	 4.45220586805238E-01
 1.99385546685780E+03	 3.57874785584805E-01
 1.99385820475783E+03	 1.86046683147410E-01
 1.99386094265786E+03	-1.64601996697177E-02
 1.99386368055789E+03	-1.92411966097373E-01
 1.99386641845792E+03	-3.04206135970270E-01
 1.99386915635795E+03	-3.37715276842222E-01
 1.99387189425798E+03	-2.94613051029345E-01
 1.99387463215801E+03	-1.88682383901152E-01
 1.99387737005804E+03	-4.93103588127701E-02
 1.99388010795808E+03	 7.96650655079961E-02
 1.99388284585811E+03	 1.55697807335478E-01
 1.99388558375814E+03	 1.60192815275091E-01
 1.99388832165817E+03	 1.08084741357515E-01
 1.99389105955820E+03	 3.37365347300492E-02
 1.99389379745823E+03	-3.47840042914976E-02
 1.99389653535826E+03	-8.99647171922072E-02
 1.99389927325829E+03	-1.37550112301581E-01
 1.99390201115832E+03	-1.79689436518701E-01
 1.99390474905835E+03	-2.07432214271080E-01
 1.99390748695838E+03	-2.07708344105242E-01
 1.99391022485841E+03	-1.73415993510645E-01
 1.99391296275844E+03	-1.04718888953487E-01
 1.99391570065848E+03	-3.57225524103201E-03
 1.99391843855851E+03	 1.26513073366780E-01
 1.99392117645854E+03	 2.70521003993752E-01
 1.99392391435857E+03	 3.93110859582114E-01
 1.99392665225860E+03	 4.47061247849895E-01
 1.99392939015863E+03	 3.99469053431212E-01
 1.99393212805866E+03	 2.55714196136980E-01
 1.99393486595869E+03	 5.97346257188465E-02
 1.99393760385872E+03	-1.29830284463338E-01
 1.99394034175875E+03	-2.66957154997071E-01
 1.99394307965878E+03	-3.29391986476233E-01
 1.99394581755881E+03	-3.13700207203082E-01
 1.99394855545884E+03	-2.28979646714287E-01
 1.99395129335887E+03	-9.83918552269874E-02
 1.99395403125891E+03	 3.87241715382794E-02
 1.99395676915894E+03	 1.36952636734280E-01
 1.99395950705897E+03	 1.66694924264804E-01
 1.99396224495900E+03	 1.30685428969678E-01
 1.99396498285903E+03	 5.87165249780900E-02
 1.99396772075906E+03	-1.59584050734778E-02
 1.99397045865909E+03	-7.73016844211831E-02
 1.99397319655912E+03	-1.27224903656331E-01
 1.99397593445915E+03	-1.70541209516401E-01
 1.99397867235918E+03	-2.02646791125813E-01
 1.99398141025921E+03	-2.11530778757399E-01
 1.99398414815924E+03	-1.87998108325017E-01
 1.99398688605927E+03	-1.30556822337264E-01
 1.99398962395931E+03	-4.12684069462451E-02
 1.99399236185934E+03	 7.76944454709418E-02
 1.99399509975937E+03	 2.17433391655493E-01
 1.99399783765940E+03	 3.51058984740923E-01
 1.99400057555943E+03	 4.34308850171132E-01
 1.99400331345946E+03	 4.26163768983147E-01
 1.99400605135949E+03	 3.16229358647630E-01
 1.99400878925952E+03	 1.35257068229021E-01
 1.99401152715955E+03	-6.09174836060420E-02
 1.99401426505958E+03	-2.19774560288375E-01
 1.99401700295961E+03	-3.10293138602032E-01
 1.99401974085964E+03	-3.22912235791438E-01
 1.99402247875967E+03	-2.62240655360379E-01
 1.99402521665971E+03	-1.45692968636379E-01
 1.99402795455974E+03	-6.82840345425984E-03
 1.99403069245977E+03	 1.09297849562326E-01
 1.99403343035980E+03	 1.64751164573511E-01
 1.99403616825983E+03	 1.49473164161406E-01
 1.99403890615986E+03	 8.50690762355111E-02
 1.99404164405989E+03	 6.53159628195777E-03
 1.99404438195992E+03	-6.19628854975959E-02
 1.99404711985995E+03	-1.16121713777728E-01
 1.99404985775998E+03	-1.61104745676559E-01
 1.99405259566001E+03	-1.96484386990235E-01
 1.99405533356004E+03	-2.12668980240177E-01
 1.99405807146007E+03	-1.99216923021346E-01
 1.99406080936010E+03	-1.52549344001665E-01
 1.99406354726014E+03	-7.44698083712154E-02
 1.99406628516017E+03	 3.30070912503791E-02
 1.99406902306020E+03	 1.65100260556446E-01
 1.99407176096023E+03	 3.03136108184242E-01
 1.99407449886026E+03	 4.08818737660615E-01
 1.99407723676029E+03	 4.37428828711547E-01
 1.99407997466032E+03	 3.64911365143269E-01
 1.99408271256035E+03	 2.06809581590771E-01
 1.99408545046038E+03	 1.19027388069657E-02
 1.99408818836041E+03	-1.63766760776190E-01
 1.99409092626044E+03	-2.80590587195116E-01
 1.99409366416047E+03	-3.21770204013442E-01
 1.99409640206050E+03	-2.87154441006838E-01
 1.99409913996054E+03	-1.89007539358856E-01
 1.99410187786057E+03	-5.46468383268929E-02
 1.99410461576060E+03	 7.38903922110426E-02
 1.99410735366063E+03	 1.53569947293006E-01
 1.99411009156066E+03	 1.62348943130696E-01
 1.99411282946069E+03	 1.10952873493157E-01
 1.99411556736072E+03	 3.22180045570566E-02
 1.99411830526075E+03	-4.32426104396681E-02
 1.99412104316078E+03	-1.03415855298233E-01
 1.99412378106081E+03	-1.51196290122968E-01
 1.99412651896084E+03	-1.89298109590181E-01
 1.99412925686087E+03	-2.11507370257625E-01
 1.99413199476090E+03	-2.07315678657116E-01
 1.99413473266094E+03	-1.71007319767937E-01
 1.99413747056097E+03	-1.03510556717490E-01
 1.99414020846100E+03	-7.23122831787573E-03
 1.99414294636103E+03	 1.15218197499408E-01
 1.99414568426106E+03	 2.52163889409056E-01
 1.99414842216109E+03	 3.73058136507250E-01
 1.99415116006112E+03	 4.33727454247840E-01
 1.99415389796115E+03	 3.99804642117611E-01
 1.99415663586118E+03	 2.71162153974423E-01
 1.99415937376121E+03	 8.57763318052885E-02
 1.99416211166124E+03	-1.00536056412645E-01
 1.99416484956127E+03	-2.40782797811970E-01
 1.99416758746130E+03	-3.10064822777953E-01
 1.99417032536134E+03	-3.02769434930365E-01
 1.99417306326137E+03	-2.26437861203243E-01
 1.99417580116140E+03	-1.02301915719122E-01
 1.99417853906143E+03	 3.24820036462592E-02
 1.99418127696146E+03	 1.33114705739494E-01
 1.99418401486149E+03	 1.67572404456738E-01
 1.99418675276152E+03	 1.34256701121085E-01
 1.99418949066155E+03	 6.00439742442377E-02
 1.99419222856158E+03	-2.08228676839617E-02
 1.99419496646161E+03	-8.82424159265268E-02
 1.99419770436164E+03	-1.40367893378763E-01
 1.99420044226167E+03	-1.81270303852911E-01
 1.99420318016170E+03	-2.08428288661250E-01
 1.99420591806173E+03	-2.12547175558987E-01
 1.99420865596177E+03	-1.86181976156796E-01
 1.99421139386180E+03	-1.28770684820053E-01
 1.99421413176183E+03	-4.30717333750442E-02
 1.99421686966186E+03	 6.88989900254117E-02
 1.99421960756189E+03	 2.00635695572637E-01
 1.99422234546192E+03	 3.29836660172897E-01
 1.99422508336195E+03	 4.16433713246220E-01
 1.99422782126198E+03	 4.19848205921248E-01
 1.99423055916201E+03	 3.25418053768057E-01
 1.99423329706204E+03	 1.57574300309461E-01
 1.99423603496207E+03	-3.21882511253831E-02
 1.99423877286210E+03	-1.91756341676680E-01
 1.99424151076213E+03	-2.87856817119553E-01
 1.99424424866217E+03	-3.08461941600852E-01
 1.99424698656220E+03	-2.56452911707604E-01
 1.99424972446223E+03	-1.47466841203353E-01
 1.99425246236226E+03	-1.27635617685785E-02
 1.99425520026229E+03	 1.04101062191525E-01
 1.99425793816232E+03	 1.63963571455522E-01
 1.99426067606235E+03	 1.52834816131893E-01
 1.99426341396238E+03	 8.84364611772220E-02
 1.99426615186241E+03	 5.10929858881558E-03
 1.99426888976244E+03	-6.98564308769171E-02
 1.99427162766247E+03	-1.27963237493092E-01
 1.99427436556250E+03	-1.72362559159363E-01
 1.99427710346253E+03	-2.03762616525460E-01
 1.99427984136257E+03	-2.15185253196881E-01
 1.99428257926260E+03	-1.98276116068525E-01
 1.99428531716263E+03	-1.50599257663553E-01
 1.99428805506266E+03	-7.48000767611208E-02
 1.99429079296269E+03	 2.67087488681810E-02
 1.99429353086272E+03	 1.50551374226928E-01
 1.99429626876275E+03	 2.82023348181635E-01
 1.99429900666278E+03	 3.87658038607964E-01
 1.99430174456281E+03	 4.24954507154848E-01
 1.99430448246284E+03	 3.67265803001251E-01
 1.99430722036287E+03	 2.24105500144548E-01
 1.99430995826290E+03	 3.87154062497427E-02
 1.99431269616293E+03	-1.34841618937708E-01
 1.99431543406296E+03	-2.55503089202438E-01
 1.99431817196300E+03	-3.03903626736833E-01
 1.99432090986303E+03	-2.77900396720792E-01
 1.99432364776306E+03	-1.88061053755606E-01
 1.99432638566309E+03	-5.94758639496498E-02
 1.99432912356312E+03	 6.79115546568350E-02
 1.99433186146315E+03	 1.51035769047170E-01
 1.99433459936318E+03	 1.64752077938849E-01
 1.99433733726321E+03	 1.15453224931348E-01
 1.99434007516324E+03	 3.38080961379499E-02
 1.99434281306327E+03	-4.77939352592363E-02
 1.99434555096330E+03	-1.13219169217653E-01
 1.99434828886333E+03	-1.62296886120891E-01
 1.99435102676336E+03	-1.97730538308441E-01
 1.99435376466340E+03	-2.15516913169334E-01
 1.99435650256343E+03	-2.07468137498659E-01
 1.99435924046346E+03	-1.69274205456909E-01
 1.99436197836349E+03	-1.02807976349423E-01
 1.99436471626352E+03	-1.12357695031481E-02
 1.99436745416355E+03	 1.03332011631002E-01
 1.99437019206358E+03	 2.32285966701516E-01
 1.99437292996361E+03	 3.50004793233766E-01
 1.99437566786364E+03	 4.15986477257996E-01
 1.99437840576367E+03	 3.95183645309078E-01
 1.99438114366370E+03	 2.82364915136998E-01
 1.99438388156373E+03	 1.09271494514522E-01
 1.99438661946376E+03	-7.18419171113758E-02
 1.99438935736380E+03	-2.13702552594914E-01
 1.99439209526383E+03	-2.89043155642474E-01
 1.99439483316386E+03	-2.89986984823042E-01
 1.99439757106389E+03	-2.22342436990535E-01
 1.99440030896392E+03	-1.05277191246577E-01
 1.99440304686395E+03	 2.64454631987140E-02
 1.99440578476398E+03	 1.29045595598862E-01
 1.99440852266401E+03	 1.68506087611886E-01
 1.99441126056404E+03	 1.38985572516413E-01
 1.99441399846407E+03	 6.39905751648923E-02
 1.99441673636410E+03	-2.20084002298494E-02
 1.99441947426413E+03	-9.54015544226776E-02
 1.99442221216416E+03	-1.50578397848091E-01
 1.99442495006419E+03	-1.90386311383480E-01
 1.99442768796423E+03	-2.13813194998694E-01
 1.99443042586426E+03	-2.13935127260361E-01
 1.99443316376429E+03	-1.84995445662038E-01
 1.99443590166432E+03	-1.27489353441652E-01
 1.99443863956435E+03	-4.51367017233468E-02
 1.99444137746438E+03	 5.98154678189624E-02
 1.99444411536441E+03	 1.82883006329497E-01
 1.99444685326444E+03	 3.06294558068526E-01
 1.99444959116447E+03	 3.94635607927199E-01
 1.99445232906450E+03	 4.08568014123666E-01
 1.99445506696453E+03	 3.29787615007214E-01
 1.99445780486456E+03	 1.76409374521804E-01
 1.99446054276459E+03	-5.01695278432183E-03
 1.99446328066463E+03	-1.63547788339113E-01
 1.99446601856466E+03	-2.64110399161665E-01
 1.99446875646469E+03	-2.92244605372346E-01
 1.99447149436472E+03	-2.48948595426966E-01
 1.99447423226475E+03	-1.47952265933424E-01
 1.99447697016478E+03	-1.80711732595209E-02
 1.99447970806481E+03	 9.89582407443268E-02
 1.99448244596484E+03	 1.63197612559355E-01
 1.99448518386487E+03	 1.56989925166547E-01
 1.99448792176490E+03	 9.39341214995979E-02
 1.99449065966493E+03	 7.04067430366612E-03
 1.99449339756496E+03	-7.39567884693606E-02
 1.99449613546499E+03	-1.36562783881467E-01
 1.99449887336503E+03	-1.81582154327086E-01
 1.99450161126506E+03	-2.10283522666518E-01
 1.99450434916509E+03	-2.17863534084919E-01
 1.99450708706512E+03	-1.97901541079672E-01
 1.99450982496515E+03	-1.49171801998613E-01
 1.99451256286518E+03	-7.53753874383180E-02
 1.99451530076521E+03	 2.03218942723486E-02
 1.99451803866524E+03	 1.35529294849404E-01
 1.99452077656527E+03	 2.59287361409490E-01
 1.99452351446530E+03	 3.63217592845156E-01
 1.99452625236533E+03	 4.07767383691761E-01
 1.99452899026536E+03	 3.64475227773007E-01
 1.99453172816539E+03	 2.37112913357853E-01
 1.99453446606543E+03	 6.29916911170447E-02
 1.99453720396546E+03	-1.06563891655801E-01
 1.99453994186549E+03	-2.29643168443476E-01
 1.99454267976552E+03	-2.84499994375023E-01
 1.99454541766555E+03	-2.66896701643376E-01
 1.99454815556558E+03	-1.85572528613212E-01
 1.99455089346561E+03	-6.32872385843574E-02
 1.99455363136564E+03	 6.23384086931775E-02
 1.99455636926567E+03	 1.48628832217970E-01
 1.99455910716570E+03	 1.67717168460763E-01
 1.99456184506573E+03	 1.21639029304638E-01
 1.99456458296576E+03	 3.83639835297492E-02
 1.99456732086579E+03	-4.86558721839330E-02
 1.99457005876582E+03	-1.19563567447984E-01
 1.99457279666586E+03	-1.70964314378221E-01
 1.99457553456589E+03	-2.05023836748815E-01
 1.99457827246592E+03	-2.19440738909671E-01
 1.99458101036595E+03	-2.08096663293429E-01
 1.99458374826598E+03	-1.68085756446343E-01
 1.99458648616601E+03	-1.02385915839646E-01
 1.99458922406604E+03	-1.52304173187431E-02
 1.99459196196607E+03	 9.13441155651637E-02
 1.99459469986610E+03	 2.11441107328987E-01
 1.99459743776613E+03	 3.24413166356223E-01
 1.99460017566616E+03	 3.94015852310184E-01
 1.99460291356619E+03	 3.85363654418885E-01
 1.99460565146622E+03	 2.88664444408901E-01
 1.99460838936626E+03	 1.29296377893202E-01
 1.99461112726629E+03	-4.47150778311337E-02
 1.99461386516632E+03	-1.86528049638955E-01
 1.99461660306635E+03	-2.66860180806798E-01
 1.99461934096638E+03	-2.75557305896288E-01
 1.99462207886641E+03	-2.16569092117372E-01
 1.99462481676644E+03	-1.06913508393863E-01
 1.99462755466647E+03	 2.11867271277308E-02
 1.99463029256650E+03	 1.25319984732469E-01
 1.99463303046653E+03	 1.69909430126261E-01
 1.99463576836656E+03	 1.45035460093431E-01
 1.99463850626659E+03	 7.04911516478770E-02
 1.99464124416662E+03	-1.97073069303046E-02
 1.99464398206666E+03	-9.89861203207194E-02
 1.99464671996669E+03	-1.58009321892986E-01
 1.99464945786672E+03	-1.97972197059060E-01
 1.99465219576675E+03	-2.18827101948469E-01
 1.99465493366678E+03	-2.15674452428510E-01
 1.99465767156681E+03	-1.84365966539816E-01
 1.99466040946684E+03	-1.26558447296754E-01
 1.99466314736687E+03	-4.71833956153392E-02
 1.99466588526690E+03	 5.08782368697765E-02
 1.99466862316693E+03	 1.64732502456694E-01
 1.99467136106696E+03	 2.80988561414426E-01
 1.99467409896699E+03	 3.69274791176746E-01
 1.99467683686702E+03	 3.92307742906929E-01
 1.99467957476705E+03	 3.28880367457319E-01
 1.99468231266709E+03	 1.90952643623396E-01
 1.99468505056712E+03	 1.96368578737260E-02
 1.99468778846715E+03	-1.36040378512495E-01
 1.99469052636718E+03	-2.39719426605162E-01
 1.99469326426721E+03	-2.74619522274812E-01
 1.99469600216724E+03	-2.39758086114544E-01
 1.99469874006727E+03	-1.46874281142559E-01
 1.99470147796730E+03	-2.22526412791441E-02
 1.99470421586733E+03	 9.44469442661691E-02
 1.99470695376736E+03	 1.62939228783129E-01
 1.99470969166739E+03	 1.62207398527164E-01
 1.99471242956742E+03	 1.01588863204893E-01
 1.99471516746745E+03	 1.21815633128954E-02
 1.99471790536749E+03	-7.44691945068129E-02
 1.99472064326752E+03	-1.42101266566026E-01
 1.99472338116755E+03	-1.88885915229024E-01
 1.99472611906758E+03	-2.16114375316535E-01
 1.99472885696761E+03	-2.20728287574764E-01
 1.99473159486764E+03	-1.98074233676150E-01
 1.99473433276767E+03	-1.48180804128755E-01
 1.99473707066770E+03	-7.59967326639779E-02
 1.99473980856773E+03	 1.42053465720413E-02
 1.99474254646776E+03	 1.20557132018458E-01
 1.99474528436779E+03	 2.35531495919029E-01
 1.99474802226782E+03	 3.36003648409744E-01
 1.99475076016785E+03	 3.86069676640851E-01
 1.99475349806789E+03	 3.56306495438318E-01
 1.99475623596792E+03	 2.45183519795490E-01
 1.99475897386795E+03	 8.38308496294628E-02
 1.99476171176798E+03	-7.98651320700771E-02
 1.99476444966801E+03	-2.03784872004413E-01
 1.99476718756804E+03	-2.64063030025998E-01
 1.99476992546807E+03	-2.54329815215899E-01
 1.99477266336810E+03	-1.81411605237707E-01
 1.99477540126813E+03	-6.56861355688391E-02
 1.99477813916816E+03	 5.77131510018337E-02
 1.99478087706819E+03	 1.46874889412366E-01
 1.99478361496822E+03	 1.71603769779680E-01
 1.99478635286825E+03	 1.29634724615711E-01
 1.99478909076828E+03	 4.58081830586817E-02
 1.99479182866832E+03	-4.60115519594652E-02
 1.99479456656835E+03	-1.22642960586044E-01
 1.99479730446838E+03	-1.77351481401144E-01
 1.99480004236841E+03	-2.11281349038594E-01
 1.99480278026844E+03	-2.23342708925410E-01
 1.99480551816847E+03	-2.09229736348281E-01
 1.99480825606850E+03	-1.67418315669521E-01
 1.99481099396853E+03	-1.02125867359277E-01
 1.99481373186856E+03	-1.89442994174184E-02
 1.99481646976859E+03	 7.97128618706858E-02
 1.99481920766862E+03	 1.90234687832899E-01
 1.99482194556865E+03	 2.96890498808541E-01
 1.99482468346868E+03	 3.68211178481956E-01
 1.99482742136872E+03	 3.70345124175304E-01
 1.99483015926875E+03	 2.89612521337934E-01
 1.99483289716878E+03	 1.45060452764915E-01
 1.99483563506881E+03	-2.00812942838475E-02
 1.99483837296884E+03	-1.60110580802952E-01
 1.99484111086887E+03	-2.44146998289402E-01
 1.99484384876890E+03	-2.59817627570868E-01
 1.99484658666893E+03	-2.09139638415877E-01
 1.99484932456896E+03	-1.06942716397468E-01
 1.99485206246899E+03	 1.71774346126502E-02
 1.99485480036902E+03	 1.22467179010809E-01
 1.99485753826905E+03	 1.72209043821501E-01
 1.99486027616908E+03	 1.52624632781967E-01
 1.99486301406912E+03	 7.95473657966825E-02
 1.99486575196915E+03	-1.40618212632400E-02
 1.99486848986918E+03	-9.91865791756300E-02
 1.99487122776921E+03	-1.62833038755993E-01
 1.99487396566924E+03	-2.04160152569763E-01
 1.99487670356927E+03	-2.23567034084034E-01
 1.99487944146930E+03	-2.17833954906956E-01
 1.99488217936933E+03	-1.84324545850937E-01
 1.99488491726936E+03	-1.25934816757049E-01
 1.99488765516939E+03	-4.90336389036788E-02
 1.99489039306942E+03	 4.24585315827415E-02
 1.99489313096945E+03	 1.46750395127648E-01
 1.99489586886948E+03	 2.54577703894025E-01
 1.99489860676952E+03	 3.40903144120894E-01
 1.99490134466955E+03	 3.71294332254923E-01
 1.99490408256958E+03	 3.22474770305802E-01
 1.99490682046961E+03	 2.00571567884789E-01
 1.99490955836964E+03	 4.09029325065352E-02
 1.99491229626967E+03	-1.10124455597257E-01
 1.99491503416970E+03	-2.15418632124374E-01
 1.99491777206973E+03	-2.56063009467548E-01
 1.99492050996976E+03	-2.29055500502108E-01
 1.99492324786979E+03	-1.44106257093495E-01
 1.99492598576982E+03	-2.49365516961742E-02
 1.99492872366985E+03	 9.10634193398178E-02
 1.99493146156988E+03	 1.63651996068071E-01
 1.99493419946991E+03	 1.68786283497885E-01
 1.99493693736995E+03	 1.11486409425654E-01
 1.99493967526998E+03	 2.04459369966487E-02
 1.99494241317001E+03	-7.15642050843559E-02
 1.99494515107004E+03	-1.44757928338146E-01
 1.99494788897007E+03	-1.94426160968384E-01
 1.99495062687010E+03	-2.21378181438464E-01
 1.99495336477013E+03	-2.23880819022029E-01
 1.99495610267016E+03	-1.98870624780595E-01
 1.99495884057019E+03	-1.47649774799754E-01
 1.99496157847022E+03	-7.65765560882865E-02
 1.99496431637025E+03	 8.62990130046996E-03
 1.99496705427028E+03	 1.06127902491541E-01
 1.99496979217031E+03	 2.11417423237706E-01
 1.99497253007035E+03	 3.06677820913176E-01
 1.99497526797038E+03	 3.60291934419130E-01
 1.99497800587041E+03	 3.42776485581246E-01
 1.99498074377044E+03	 2.47882882228135E-01
 1.99498348167047E+03	 1.00468637834399E-01
 1.99498621957050E+03	-5.56307608057609E-02
 1.99498895747053E+03	-1.78736196726586E-01
 1.99499169537056E+03	-2.43190327370311E-01
 1.99499443327059E+03	-2.40519457409482E-01
 1.99499717117062E+03	-1.75599880137094E-01
 1.99499990907065E+03	-6.64237785312751E-02
 1.99500264697068E+03	 5.44650424042704E-02
 1.99500538487071E+03	 1.46240703653225E-01
 1.99500812277075E+03	 1.76770550341847E-01
 1.99501086067078E+03	 1.39606702490090E-01
 1.99501359857081E+03	 5.61209698168303E-02
 1.99501633647084E+03	-3.99967080467146E-02
 1.99501907437087E+03	-1.22630228854006E-01
 1.99502181227090E+03	-1.81620960517117E-01
 1.99502455017093E+03	-2.16644042219189E-01
 1.99502728807096E+03	-2.27348304132985E-01
 1.99503002597099E+03	-2.10979192779951E-01
 1.99503276387102E+03	-1.67350959762316E-01
 1.99503550177105E+03	-1.02023234130883E-01
 1.99503823967108E+03	-2.22115039608020E-02
 1.99504097757111E+03	 6.88332164404818E-02
 1.99504371547114E+03	 1.69285929171302E-01
 1.99504645337118E+03	 2.68156315203306E-01
 1.99504919127121E+03	 3.39169880199818E-01
 1.99505192917124E+03	 3.50378766125932E-01
 1.99505466707127E+03	 2.85001529359635E-01
 1.99505740497130E+03	 1.55953130713868E-01
 1.99506014287133E+03	 1.22677227217016E-03
 1.99506288077136E+03	-1.35294812645786E-01
 1.99506561867139E+03	-2.21598690698098E-01
 1.99506835657142E+03	-2.43220352088572E-01
 1.99507109447145E+03	-2.00222903124407E-01
 1.99507383237148E+03	-1.05252919532265E-01
 1.99507657027151E+03	 1.47511670664628E-02
 1.99507930817154E+03	 1.20922723305097E-01
 1.99508204607158E+03	 1.75795915035654E-01
 1.99508478397161E+03	 1.61988542788926E-01
 1.99508752187164E+03	 9.12094094791674E-02
 1.99509025977167E+03	-5.16106544748225E-03
 1.99509299767170E+03	-9.61567083404378E-02
 1.99509573557173E+03	-1.65211915691845E-01
 1.99509847347176E+03	-2.09100468404988E-01
 1.99510121137179E+03	-2.28173993277152E-01
 1.99510394927182E+03	-2.20550534226938E-01
 1.99510668717185E+03	-1.84993365790647E-01
 1.99510942507188E+03	-1.25685026844164E-01
 1.99511216297191E+03	-5.06228729352191E-02
 1.99511490087194E+03	 3.48385632270378E-02
 1.99511763877198E+03	 1.29475800278597E-01
 1.99512037667201E+03	 2.27786839947073E-01
 1.99512311457204E+03	 3.10237594919958E-01
 1.99512585247207E+03	 3.45991426119567E-01
 1.99512859037210E+03	 3.10604368658189E-01
 1.99513132827213E+03	 2.04850108027199E-01
 1.99513406617216E+03	 5.80503760308657E-02
 1.99513680407219E+03	-8.66394625630842E-02
 1.99513954197222E+03	-1.91970997408244E-01
 1.99514227987225E+03	-2.37141528921048E-01
 1.99514501777228E+03	-2.17148942690035E-01
 1.99514775567231E+03	-1.39679089447737E-01
 1.99515049357234E+03	-2.59066196888654E-02
 1.99515323147237E+03	 8.91799115495038E-02
 1.99515596937241E+03	 1.65728308195906E-01
 1.99515870727244E+03	 1.77012210471234E-01
 1.99516144517247E+03	 1.23743332302915E-01
 1.99516418307250E+03	 3.17985658100084E-02
 1.99516692097253E+03	-6.53654813868600E-02
 1.99516965887256E+03	-1.44684647560563E-01
 1.99517239677259E+03	-1.98353637101562E-01
 1.99517513467262E+03	-2.26222695075011E-01
 1.99517787257265E+03	-2.27472765543719E-01
 1.99518061047268E+03	-2.00443016253305E-01
 1.99518334837271E+03	-1.47701965880783E-01
 1.99518608627274E+03	-7.71415750720888E-02
 1.99518882417277E+03	 3.76043225702495E-03
 1.99519156207281E+03	 9.26728220487347E-02
 1.99519429997284E+03	 1.87626391370782E-01
 1.99519703787287E+03	 2.76022719932009E-01
 1.99519977577290E+03	 3.31075080682764E-01
 1.99520251367293E+03	 3.24158034427015E-01
 1.99520525157296E+03	 2.45019886298825E-01
 1.99520798947299E+03	 1.12322776183293E-01
 1.99521072737302E+03	-3.46494028489266E-02
 1.99521346527305E+03	-1.55293000583192E-01
 1.99521620317308E+03	-2.22538474206170E-01
 1.99521894107311E+03	-2.25898934067750E-01
 1.99522167897314E+03	-1.68309057484396E-01
 1.99522441687317E+03	-6.54146779094943E-02
 1.99522715477321E+03	 5.28758168028095E-02
 1.99522989267324E+03	 1.47088383850156E-01
 1.99523263057327E+03	 1.83528852032784E-01
 1.99523536847330E+03	 1.51727291745227E-01
 1.99523810637333E+03	 6.93227678477569E-02
 1.99524084427336E+03	-3.06968108708728E-02
 1.99524358217339E+03	-1.19657558297642E-01
 1.99524632007342E+03	-1.83915391088399E-01
 1.99524905797345E+03	-2.21257841541437E-01
 1.99525179587348E+03	-2.31613872360121E-01
 1.99525453377351E+03	-2.13514583526369E-01
 1.99525727167354E+03	-1.68047802988677E-01
 1.99526000957357E+03	-1.02181107036555E-01
 1.99526274747361E+03	-2.49798704731501E-02
 1.99526548537364E+03	 5.90118746905401E-02
 1.99526822327367E+03	 1.49190998432306E-01
 1.99527096117370E+03	 2.39003341768805E-01
 1.99527369907373E+03	 3.07662735152646E-01
 1.99527643697376E+03	 3.25958229157247E-01
 1.99527917487379E+03	 2.74881970473995E-01
 1.99528191277382E+03	 1.61581738664049E-01
 1.99528465067385E+03	 1.85182859707408E-02
 1.99528738857388E+03	-1.12869782030403E-01
 1.99529012647391E+03	-1.99933051498624E-01
 1.99529286437394E+03	-2.26304565380251E-01
 1.99529560227397E+03	-1.90122355643373E-01
 1.99529834017400E+03	-1.01894541939929E-01
 1.99530107807404E+03	 1.40787084617627E-02
 1.99530381597407E+03	 1.20988762274017E-01
 1.99530655387410E+03	 1.80979296475473E-01
 1.99530929177413E+03	 1.73338360271596E-01
 1.99531202967416E+03	 1.05549098661123E-01
 1.99531476757419E+03	 6.95178370816570E-03
 1.99531750547422E+03	-9.00018248454997E-02
 1.99532024337425E+03	-1.65272896244815E-01
 1.99532298127428E+03	-2.12929263487548E-01
 1.99532571917431E+03	-2.32799599352361E-01
 1.99532845707434E+03	-2.23998709865519E-01
 1.99533119497437E+03	-1.86561332326775E-01
 1.99533393287440E+03	-1.25970599452346E-01
 1.99533667077444E+03	-5.19994009665695E-02
 1.99533940867447E+03	 2.81952360187961E-02
 1.99534214657450E+03	 1.13388670472996E-01
 1.99534488447453E+03	 2.01366231307239E-01
 1.99534762237456E+03	 2.78123683103105E-01
 1.99535036027459E+03	 3.17079559095201E-01
 1.99535309817462E+03	 2.93562138818401E-01
 1.99535583607465E+03	 2.03616634074310E-01
 1.99535857397468E+03	 7.05315160037509E-02
 1.99536131187471E+03	-6.63245568403490E-02
 1.99536404977474E+03	-1.70122013605229E-01
 1.99536678767477E+03	-2.18475813691169E-01
 1.99536952557480E+03	-2.04458553020502E-01
 1.99537226347484E+03	-1.33776254382413E-01
 1.99537500137487E+03	-2.51155338582591E-02
 1.99537773927490E+03	 8.90134037488290E-02
 1.99538047717493E+03	 1.69446751054914E-01
 1.99538321507496E+03	 1.87113444952720E-01
 1.99538595297499E+03	 1.38472659470271E-01
 1.99538869087502E+03	 4.62379815827750E-02
 1.99539142877505E+03	-5.59472022280408E-02
 1.99539416667508E+03	-1.41986782799285E-01
 1.99539690457511E+03	-2.00787804260244E-01
 1.99539964247514E+03	-2.30786303291623E-01
 1.99540238037517E+03	-2.31672294472324E-01
 1.99540511827520E+03	-2.02989638356197E-01
 1.99540785617523E+03	-1.48538007776167E-01
 1.99541059407527E+03	-7.78226656430723E-02
 1.99541333197530E+03	-3.50728179973451E-04
 1.99541606987533E+03	 8.05365483383158E-02
 1.99541880777536E+03	 1.64820848161007E-01
 1.99542154567539E+03	 2.44900685858280E-01
 1.99542428357542E+03	 2.99239826563491E-01
 1.99542702147545E+03	 3.00970818523275E-01
 1.99542975937548E+03	 2.36662564835080E-01
 1.99543249727551E+03	 1.19029113402276E-01
 1.99543523517554E+03	-1.75658796777858E-02
 1.99543797307557E+03	-1.34191026359940E-01
 1.99544071097560E+03	-2.02781514554732E-01
 1.99544344887563E+03	-2.10984911016364E-01
 1.99544618677567E+03	-1.59845698536563E-01
 1.99544892467570E+03	-6.27392437679252E-02
 1.99545166257573E+03	 5.30584837921366E-02
 1.99545440047576E+03	 1.49639072429519E-01
 1.99545713837579E+03	 1.92099432338118E-01
 1.99545987627582E+03	 1.66135351220253E-01
 1.99546261417585E+03	 8.54482578816460E-02
 1.99546535207588E+03	-1.81542351081564E-02
 1.99546808997591E+03	-1.13805243441660E-01
 1.99547082787594E+03	-1.84332441808203E-01
 1.99547356577597E+03	-2.25240758090728E-01
 1.99547630367600E+03	-2.36291201270323E-01
 1.99547904157603E+03	-2.17029217232405E-01
 1.99548177947607E+03	-1.69729287180150E-01
 1.99548451737610E+03	-1.02791524362281E-01
 1.99548725527613E+03	-2.73076094548091E-02
 1.99548999317616E+03	 5.04516258058407E-02
 1.99549273107619E+03	 1.30489760119877E-01
 1.99549546897622E+03	 2.10254871270642E-01
 1.99549820687625E+03	 2.74595065440850E-01
 1.99550094477628E+03	 2.97798224130798E-01
 1.99550368267631E+03	 2.59564948378914E-01
 1.99550642057634E+03	 1.61797445711609E-01
 1.99550915847637E+03	 3.12860231207320E-02
 1.99551189637640E+03	-9.35211744512442E-02
 1.99551463427643E+03	-1.79845373848642E-01
 1.99551737217646E+03	-2.09659133322639E-01
 1.99552011007650E+03	-1.79251698765052E-01
 1.99552284797653E+03	-9.70720298648146E-02
 1.99552558587656E+03	 1.51578667601429E-02
 1.99552832377659E+03	 1.22806342173663E-01
 1.99553106167662E+03	 1.87947246576480E-01
 1.99553379957665E+03	 1.86819482002790E-01
 1.99553653747668E+03	 1.22626939494431E-01
 1.99553927537671E+03	 2.22628129659308E-02
 1.99554201327674E+03	-8.07766844811181E-02
 1.99554475117677E+03	-1.63089039708548E-01
 1.99554748907680E+03	-2.15738891968446E-01
 1.99555022697683E+03	-2.37570881537695E-01
 1.99555296487686E+03	-2.28354292460052E-01
 1.99555570277690E+03	-1.89250519785361E-01
 1.99555844067693E+03	-1.27021826874660E-01
 1.99556117857696E+03	-5.33113531676187E-02
 1.99556391647699E+03	 2.25946789044550E-02
 1.99556665437702E+03	 9.88842484509031E-02
 1.99556939227705E+03	 1.76051018577956E-01
 1.99557213017708E+03	 2.45491706677856E-01
 1.99557486807711E+03	 2.85423208328014E-01
 1.99557760597714E+03	 2.71889292208183E-01
 1.99558034387717E+03	 1.96957614457699E-01
 1.99558308177720E+03	 7.80157118782826E-02
 1.99558581967723E+03	-4.97738192577650E-02
 1.99558855757726E+03	-1.50553034279342E-01
 1.99559129547730E+03	-2.00699131177187E-01
 1.99559403337733E+03	-1.91484438466789E-01
 1.99559677127736E+03	-1.26715488623569E-01
 1.99559950917739E+03	-2.26839023854987E-02
 1.99560224707742E+03	 9.06081523352417E-02
 1.99560498497745E+03	 1.74939222134897E-01
 1.99560772287748E+03	 1.99220441880252E-01
 1.99561046077751E+03	 1.55746352707821E-01
 1.99561319867754E+03	 6.37713463689615E-02
 1.99561593657757E+03	-4.33415006773419E-02
 1.99561867447760E+03	-1.36712804304076E-01
 1.99562141237763E+03	-2.01792474668369E-01
 1.99562415027766E+03	-2.35164956734837E-01
 1.99562688817770E+03	-2.36627166120861E-01
 1.99562962607773E+03	-2.06717919878104E-01
 1.99563236397776E+03	-1.50403788637334E-01
 1.99563510187779E+03	-7.88331152428285E-02
 1.99563783977782E+03	-3.75883111536496E-03
 1.99564057767785E+03	 6.99612004029063E-02
 1.99564331557787E+03	 1.43609227596182E-01
 1.99564605347791E+03	 2.14208429867722E-01
 1.99564879137794E+03	 2.65745201524940E-01
 1.99565152927797E+03	 2.73957142367205E-01
 1.99565426717800E+03	 2.23138289422450E-01
 1.99565700507803E+03	 1.20464998108581E-01
 1.99565974297806E+03	-4.84208618169841E-03
 1.99566248087809E+03	-1.16060261903836E-01
 1.99566521877813E+03	-1.84566439368308E-01
 1.99566795667816E+03	-1.96339450836308E-01
 1.99567069457819E+03	-1.50624220747235E-01
 1.99567343247822E+03	-5.86319729395418E-02
 1.99567617037825E+03	 5.49509647276978E-02
 1.99567890827828E+03	 1.53948888591639E-01
 1.99568164617831E+03	 2.02576122903158E-01
 1.99568438407834E+03	 1.82897059173165E-01
 1.99568712197837E+03	 1.04514625126088E-01
 1.99568985987840E+03	-2.38489699666879E-03
 1.99569259777843E+03	-1.05100381256317E-01
 1.99569533567846E+03	-1.82907391494781E-01
 1.99569807357849E+03	-2.28653863518312E-01
 1.99570081147853E+03	-2.41491805875452E-01
 1.99570354937856E+03	-2.21702031911931E-01
 1.99570628727859E+03	-1.72635864464890E-01
 1.99570902517862E+03	-1.04106429488413E-01
 1.99571176307865E+03	-2.93484004345573E-02
 1.99571450097868E+03	 4.32459911375834E-02
 1.99571723887871E+03	 1.13638555691708E-01
 1.99571997677874E+03	 1.82721483458365E-01
 1.99572271467877E+03	 2.40959962794870E-01
 1.99572545257880E+03	 2.66798955148732E-01
 1.99572819047883E+03	 2.39608506556135E-01
 1.99573092837886E+03	 1.56706251043663E-01
 1.99573366627889E+03	 3.92371872678449E-02
 1.99573640417893E+03	-7.77892710362934E-02
 1.99573914207896E+03	-1.61963413606921E-01
 1.99574187997899E+03	-1.93880818061134E-01
 1.99574461787902E+03	-1.68100876371968E-01
 1.99574735577905E+03	-9.11223427496915E-02
 1.99575009367908E+03	 1.78183001881327E-02
 1.99575283157911E+03	 1.26341726454026E-01
 1.99575556947914E+03	 1.96737121644505E-01
 1.99575830737917E+03	 2.02473720026754E-01
 1.99576104527920E+03	 1.42456205683339E-01
 1.99576378317923E+03	 4.07626635090009E-02
 1.99576652107926E+03	-6.84935376999043E-02
 1.99576925897929E+03	-1.58670370764660E-01
 1.99577199687932E+03	-2.17554738619068E-01
 1.99577473477936E+03	-2.42557629742611E-01
 1.99577747267939E+03	-2.33756680972124E-01
 1.99578021057942E+03	-1.93277519115178E-01
 1.99578294847945E+03	-1.29103192896193E-01
 1.99578568637948E+03	-5.47829753342743E-02
 1.99578842427951E+03	 1.79977089121494E-02
 1.99579116217954E+03	 8.62557809604640E-02
 1.99579390007957E+03	 1.52523352854944E-01
 1.99579663797960E+03	 2.13308251627665E-01
 1.99579937587963E+03	 2.52026417357358E-01
 1.99580211377966E+03	 2.46348401080275E-01
 1.99580485167969E+03	 1.85214995088289E-01
 1.99580758957972E+03	 8.04095157351329E-02
 1.99581032747976E+03	-3.74003931246287E-02
 1.99581306537979E+03	-1.33838098408114E-01
 1.99581580327982E+03	-1.84413610714787E-01
 1.99581854117985E+03	-1.78767625666574E-01
 1.99582127907988E+03	-1.18919113778730E-01
 1.99582401697991E+03	-1.88848568530050E-02
 1.99582675487994E+03	 9.38331445106645E-02
 1.99582949277997E+03	 1.82170438757785E-01
 1.99583223068000E+03	 2.13332443728717E-01
 1.99583496858003E+03	 1.75558091091213E-01
 1.99583770648006E+03	 8.43835319189247E-02
 1.99584044438009E+03	-2.75554339412015E-02
 1.99584318228012E+03	-1.28854203541784E-01
 1.99584592018016E+03	-2.01359945066815E-01
 1.99584865808019E+03	-2.39384348940063E-01
 1.99585139598022E+03	-2.42429273845406E-01
 1.99585413388025E+03	-2.11805408896083E-01
 1.99585687178028E+03	-1.53552305011830E-01
 1.99585960968031E+03	-8.04377422436627E-02
 1.99586234758034E+03	-6.61102110751376E-03
 1.99586508548037E+03	 6.10800942331766E-02
 1.99586782338040E+03	 1.24516289630059E-01
 1.99587056128043E+03	 1.84830557627452E-01
 1.99587329918046E+03	 2.31638614559716E-01
 1.99587603708049E+03	 2.44043492604987E-01
 1.99587877498052E+03	 2.05017200500412E-01
 1.99588151288055E+03	 1.16756939687968E-01
 1.99588425078059E+03	 3.27019111656018E-03
 1.99588698868062E+03	-1.01386088863595E-01
 1.99588972658065E+03	-1.68469975164391E-01
 1.99589246448068E+03	-1.82528011992867E-01
 1.99589520238071E+03	-1.41130935513920E-01
 1.99589794028074E+03	-5.34567150938613E-02
 1.99590067818077E+03	 5.83246650990539E-02
 1.99590341608080E+03	 1.59898927286038E-01
 1.99590615398083E+03	 2.14899512417097E-01
 1.99590889188086E+03	 2.01970453422910E-01
 1.99591162978089E+03	 1.26486884869444E-01
 1.99591436768092E+03	 1.65970673433531E-02
 1.99591710558095E+03	-9.35259846305171E-02
 1.99591984348099E+03	-1.79605720685492E-01
 1.99592258138102E+03	-2.31479888951224E-01
 1.99592531928105E+03	-2.47255461068253E-01
 1.99592805718108E+03	-2.27659969307772E-01
 1.99593079508111E+03	-1.76988327240927E-01
 1.99593353298114E+03	-1.06401614609336E-01
 1.99593627088117E+03	-3.13267762736614E-02
 1.99593900878120E+03	 3.73841611625437E-02
 1.99594174668123E+03	 9.89907863182682E-02
 1.99594448458126E+03	 1.57160013354549E-01
 1.99594722248129E+03	 2.07786458700173E-01
 1.99594996038132E+03	 2.33998649549302E-01
 1.99595269828135E+03	 2.15787753139833E-01
 1.99595543618139E+03	 1.46662998759387E-01
 1.99595817408142E+03	 4.23097238901261E-02
 1.99596091198145E+03	-6.60368676172870E-02
 1.99596364988148E+03	-1.46806961578263E-01
 1.99596638778151E+03	-1.79531524426157E-01
 1.99596912568154E+03	-1.57195925324525E-01
 1.99597186358157E+03	-8.44825954020831E-02
 1.99597460148160E+03	 2.17404474246391E-02
 1.99597733938163E+03	 1.31387562571378E-01
 1.99598007728166E+03	 2.07218462677725E-01
 1.99598281518169E+03	 2.20208561856461E-01
 1.99598555308172E+03	 1.64967368162253E-01
 1.99598829098175E+03	 6.24160478518124E-02
 1.99599102888179E+03	-5.31398760033693E-02
 1.99599376678182E+03	-1.51965529272718E-01
 1.99599650468185E+03	-2.18321544248210E-01
 1.99599924258188E+03	-2.47746533145057E-01
 1.99600198048191E+03	-2.40274486121666E-01
 1.99600471838194E+03	-1.98814284142478E-01
 1.99600745628197E+03	-1.32474327827548E-01
 1.99601019418200E+03	-5.66829279363867E-02
 1.99601293208203E+03	 1.42752842628979E-02
 1.99601566998206E+03	 7.56864819701839E-02
 1.99601840788209E+03	 1.31379723317780E-01
 1.99602114578212E+03	 1.82526252082174E-01
 1.99602388368215E+03	 2.17979568574856E-01
 1.99602662158218E+03	 2.17881856636534E-01
 1.99602935948222E+03	 1.68966283610120E-01
 1.99603209738225E+03	 7.78604220806842E-02
 1.99603483528228E+03	-2.94134721628104E-02
 1.99603757318231E+03	-1.20408620638758E-01
 1.99604031108234E+03	-1.70148986381858E-01
 1.99604304898237E+03	-1.66847949397995E-01
 1.99604578688240E+03	-1.10876111311393E-01
 1.99604852478243E+03	-1.41161567373363E-02
 1.99605126268246E+03	 9.83942967235753E-02
 1.99605400058249E+03	 1.90931427161258E-01
 1.99605673848252E+03	 2.29294079950693E-01
 1.99605947638255E+03	 1.97789822035638E-01
 1.99606221428258E+03	 1.08003302649181E-01
 1.99606495218262E+03	-8.59606981464501E-03
 1.99606769008265E+03	-1.18356178097037E-01
 1.99607042798268E+03	-1.99405953568043E-01
 1.99607316588271E+03	-2.43381056169076E-01
 1.99607590378274E+03	-2.49085169425592E-01
 1.99607864168277E+03	-2.18363069578852E-01
 1.99608137958280E+03	-1.58203862766021E-01
 1.99608411748283E+03	-8.29163221395278E-02
 1.99608685538286E+03	-9.12180537625881E-03
 1.99608959328289E+03	 5.39212612294330E-02
 1.99609233118292E+03	 1.07960940979748E-01
 1.99609506908295E+03	 1.57595078269027E-01
 1.99609780698298E+03	 1.98000588423066E-01
 1.99610054488302E+03	 2.12289878875409E-01
 1.99610328278305E+03	 1.83079037694556E-01
 1.99610602068308E+03	 1.08270773670008E-01
 1.99610875858311E+03	 6.74123058669450E-03
 1.99611149648314E+03	-9.04813514191889E-02
 1.99611423438317E+03	-1.54961068925363E-01
 1.99611697228320E+03	-1.70077636906362E-01
 1.99611971018323E+03	-1.31882805984841E-01
 1.99612244808326E+03	-4.76716953394103E-02
 1.99612518598329E+03	 6.28068108347205E-02
 1.99612792388332E+03	 1.67199934864363E-01
 1.99613066178335E+03	 2.28842938068484E-01
 1.99613339968338E+03	 2.23177020620954E-01
 1.99613613758341E+03	 1.51243577349318E-01
 1.99613887548345E+03	 3.87488301975972E-02
 1.99614161338348E+03	-7.90399984923255E-02
 1.99614435128351E+03	-1.74327097320715E-01
 1.99614708918354E+03	-2.33612451185532E-01
 1.99614982708357E+03	-2.53527082983752E-01
 1.99615256498360E+03	-2.34945490860396E-01
 1.99615530288363E+03	-1.82949414545902E-01
 1.99615804078366E+03	-1.09937669729379E-01
 1.99616077868369E+03	-3.35065367947155E-02
 1.99616351658372E+03	 3.27653232314522E-02
 1.99616625448375E+03	 8.67864303594609E-02
 1.99616899238378E+03	 1.34237534174718E-01
 1.99617173028381E+03	 1.76086072591582E-01
 1.99617446818385E+03	 2.00517060733111E-01
 1.99617720608388E+03	 1.89050091336819E-01
 1.99617994398391E+03	 1.32247771973067E-01
 1.99618268188394E+03	 4.06717178758727E-02
 1.99618541978397E+03	-5.84307982665363E-02
 1.99618815768400E+03	-1.34756255670984E-01
 1.99619089558403E+03	-1.67099024754101E-01
 1.99619363348406E+03	-1.47056749568052E-01
 1.99619637138409E+03	-7.76502156024730E-02
 1.99619910928412E+03	 2.64864566982212E-02
 1.99620184718415E+03	 1.37578497005508E-01
 1.99620458508418E+03	 2.19089699215026E-01
 1.99620732298421E+03	 2.39776360050007E-01
 1.99621006088425E+03	 1.89976288202649E-01
 1.99621279878428E+03	 8.71283819250524E-02
 1.99621553668431E+03	-3.47043909131565E-02
 1.99621827458434E+03	-1.42874585326066E-01
 1.99622101248437E+03	-2.17901397428119E-01
 1.99622375038440E+03	-2.53025605777876E-01
 1.99622648828443E+03	-2.47878815683493E-01
 1.99622922618446E+03	-2.05953124297400E-01
 1.99623196408449E+03	-1.37350888402279E-01
 1.99623470198452E+03	-5.92880568925937E-02
 1.99623743988455E+03	 1.12320897210138E-02
 1.99624017778458E+03	 6.72509358569331E-02
 1.99624291568461E+03	 1.13105647295068E-01
 1.99624565358464E+03	 1.54036998169398E-01
 1.99624839148468E+03	 1.84400795225800E-01
 1.99625112938471E+03	 1.87558053359744E-01
 1.99625386728474E+03	 1.48987910521785E-01
 1.99625660518477E+03	 7.07428577211754E-02
 1.99625934308480E+03	-2.58110214735345E-02
 1.99626208098483E+03	-1.10529780799604E-01
 1.99626481888486E+03	-1.58328013771680E-01
 1.99626755678489E+03	-1.56223156355059E-01
 1.99627029468492E+03	-1.03099806740726E-01
 1.99627303258495E+03	-8.86270769398594E-03
 1.99627577048498E+03	 1.03859985464185E-01
 1.99627850838501E+03	 2.00847431127095E-01
 1.99628124628504E+03	 2.46784142447619E-01
 1.99628398418508E+03	 2.22185323739927E-01
 1.99628672208511E+03	 1.34469888007394E-01
 1.99628945998514E+03	 1.34986194898091E-02
 1.99629219788517E+03	-1.05138433605679E-01
 1.99629493578520E+03	-1.95776622825299E-01
 1.99629767368523E+03	-2.46995359866258E-01
 1.99630041158526E+03	-2.56496403162933E-01
 1.99630314948529E+03	-2.26405398950947E-01
 1.99630588738532E+03	-1.64509161847332E-01
 1.99630862528535E+03	-8.65253032553729E-02
 1.99631136318538E+03	-1.15423887777243E-02
 1.99631410108541E+03	 4.84199543499795E-02
 1.99631683898544E+03	 9.42429010634349E-02
 1.99631957688548E+03	 1.33233988755342E-01
 1.99632231478551E+03	 1.65887977170903E-01
 1.99632505268554E+03	 1.79830251962255E-01
 1.99632779058557E+03	 1.58265153666028E-01
 1.99633052848560E+03	 9.55841900610574E-02
 1.99633326638563E+03	 5.75818981844022E-03
 1.99633600428566E+03	-8.34725421155366E-02
 1.99633874218569E+03	-1.44373016361355E-01
 1.99634148008572E+03	-1.59439599107811E-01
 1.99634421798575E+03	-1.23385090264480E-01
 1.99634695588578E+03	-4.17878451705389E-02
 1.99634969378581E+03	 6.79142117084866E-02
 1.99635243168584E+03	 1.75411068619428E-01
 1.99635516958588E+03	 2.44012089284546E-01
 1.99635790748591E+03	 2.46183132105826E-01
 1.99636064538594E+03	 1.78546236101727E-01
 1.99636338328597E+03	 6.39655518710983E-02
 1.99636612118600E+03	-6.16026048698119E-02
 1.99636885908603E+03	-1.66920887486724E-01
 1.99637159698606E+03	-2.34857715067301E-01
 1.99637433488609E+03	-2.60145096359692E-01
 1.99637707278612E+03	-2.43493261252125E-01
 1.99637981068615E+03	-1.90591128915069E-01
 1.99638254858618E+03	-1.14922212790628E-01
 1.99638528648621E+03	-3.61555901335158E-02
 1.99638802438624E+03	 2.92206317435007E-02
 1.99639076228627E+03	 7.71508989448972E-02
 1.99639350018631E+03	 1.14502834966453E-01
 1.99639623808634E+03	 1.46801538032489E-01
 1.99639897598637E+03	 1.67493871181972E-01
 1.99640171388640E+03	 1.60458444793324E-01
 1.99640445178643E+03	 1.14225787031174E-01
 1.99640718968646E+03	 3.47031040048756E-02
 1.99640992758649E+03	-5.49393863708605E-02
 1.99641266548652E+03	-1.26032640497426E-01
 1.99641540338655E+03	-1.56965202493517E-01
 1.99641814128658E+03	-1.38157071551711E-01
 1.99642087918661E+03	-7.11396039969773E-02
 1.99642361708664E+03	 3.15399996978431E-02
 1.99642635498667E+03	 1.44419642470033E-01
 1.99642909288671E+03	 2.31888983750127E-01
 1.99643183078674E+03	 2.60765559100715E-01
 1.99643456868677E+03	 2.17159406500260E-01
 1.99643730658680E+03	 1.14712864244018E-01
 1.99644004448683E+03	-1.32087211234737E-02
 1.99644278238686E+03	-1.31272132991913E-01
 1.99644552028689E+03	-2.16084201124703E-01
 1.99644825818692E+03	-2.58181193849107E-01
 1.99645099608695E+03	-2.56427637463259E-01
 1.99645373398698E+03	-2.14679959336143E-01
 1.99645647188701E+03	-1.43869684987457E-01
 1.99645920978704E+03	-6.28465010037290E-02
 1.99646194768707E+03	 8.63566592466206E-03
 1.99646468558711E+03	 6.09253438064809E-02
 1.99646742348714E+03	 9.80593697166873E-02
 1.99647016138717E+03	 1.28627551156963E-01
 1.99647289928720E+03	 1.52376277695513E-01
 1.99647563718723E+03	 1.56509092375525E-01
 1.99647837508726E+03	 1.26204223598645E-01
 1.99648111298729E+03	 5.96269009328390E-02
 1.99648385088732E+03	-2.63894963915376E-02
 1.99648658878735E+03	-1.04291258097522E-01
 1.99648932668738E+03	-1.49242150150789E-01
 1.99649206458741E+03	-1.47313341485661E-01
 1.99649480248744E+03	-9.60853691703161E-02
 1.99649754038747E+03	-3.65319385586456E-03
 1.99650027828750E+03	 1.09697411310783E-01
 1.99650301618754E+03	 2.11399521523798E-01
 1.99650575408757E+03	 2.65317768117462E-01
 1.99650849198760E+03	 2.48333557997535E-01
 1.99651122988763E+03	 1.63503383471258E-01
 1.99651396778766E+03	 3.86260972447633E-02
 1.99651670568769E+03	-8.91242791797959E-02
 1.99651944358772E+03	-1.90267160454727E-01
 1.99652218148775E+03	-2.49977095402155E-01
 1.99652491938778E+03	-2.64452320817974E-01
 1.99652765728781E+03	-2.35830953939655E-01
 1.99653039518784E+03	-1.72519389953472E-01
 1.99653313308787E+03	-9.14618961717514E-02
 1.99653587098790E+03	-1.41271194913659E-02
 1.99653860888794E+03	 4.44385823930333E-02
 1.99654134678797E+03	 8.35388721648492E-02
 1.99654408468800E+03	 1.12351755563709E-01
 1.99654682258803E+03	 1.36279879953038E-01
 1.99654956048806E+03	 1.47808413564516E-01
 1.99655229838809E+03	 1.31619170491441E-01
 1.99655503628812E+03	 7.94434029433352E-02
 1.99655777418815E+03	 7.02717596464933E-04
 1.99656051208818E+03	-8.03017868695738E-02
 1.99656324998821E+03	-1.36888153368559E-01
 1.99656598788824E+03	-1.50960262271325E-01
 1.99656872578827E+03	-1.16092049249655E-01
 1.99657146368830E+03	-3.63245023932399E-02
 1.99657420158834E+03	 7.30952126363144E-02
 1.99657693948837E+03	 1.83971026981609E-01
 1.99657967738840E+03	 2.59858460756178E-01
 1.99658241528843E+03	 2.70493409549590E-01
 1.99658515318846E+03	 2.08015884120458E-01
 1.99658789108849E+03	 9.20476200064324E-02
 1.99659062898852E+03	-4.12092030766459E-02
 1.99659336688855E+03	-1.57211964383446E-01
 1.99659610478858E+03	-2.34948825818782E-01
 1.99659884268861E+03	-2.66843036403633E-01
 1.99660158058864E+03	-2.53118888533900E-01
 1.99660431848867E+03	-1.99871467753765E-01
 1.99660705638870E+03	-1.21477442975211E-01
 1.99660979428873E+03	-3.95108837520530E-02
 1.99661253218877E+03	 2.65404252000638E-02
 1.99661527008880E+03	 7.01028717679983E-02
 1.99661800798883E+03	 9.83673466836787E-02
 1.99662074588886E+03	 1.20761543013786E-01
 1.99662348378889E+03	 1.36026693231031E-01
 1.99662622168892E+03	 1.31126811753263E-01
 1.99662895958895E+03	 9.34937996236394E-02
 1.99663169748898E+03	 2.49609102231634E-02
 1.99663443538901E+03	-5.53463917974215E-02
 1.99663717328904E+03	-1.20693523016919E-01
 1.99663991118907E+03	-1.49384983071492E-01
 1.99664264908910E+03	-1.30890474935749E-01
 1.99664538698913E+03	-6.54394742527147E-02
 1.99664812488917E+03	 3.63511985522635E-02
 1.99665086278920E+03	 1.51325301606871E-01
 1.99665360068923E+03	 2.45018364107429E-01
 1.99665633858926E+03	 2.82605162232100E-01
 1.99665907648929E+03	 2.46038715212326E-01
 1.99666181438932E+03	 1.44861499468331E-01
 1.99666455228935E+03	 1.12582239737873E-02
 1.99666729018938E+03	-1.17038532824680E-01
 1.99667002808941E+03	-2.12609934753235E-01
 1.99667276598944E+03	-2.62908342291852E-01
 1.99667550388947E+03	-2.65663270607710E-01
 1.99667824178950E+03	-2.24858916929673E-01
 1.99668097968953E+03	-1.52061805243660E-01
 1.99668371758957E+03	-6.75439531515382E-02
 1.99668645548960E+03	 6.24805271010996E-03
 1.99668919338963E+03	 5.66052761235248E-02
 1.99669193128966E+03	 8.64655115652566E-02
 1.99669466918969E+03	 1.06946720329007E-01
 1.99669740708972E+03	 1.22904039757091E-01
 1.99670014498975E+03	 1.25864908843146E-01
 1.99670288288978E+03	 1.01626184132058E-01
 1.99670562078981E+03	 4.52322204896205E-02
 1.99670835868984E+03	-3.07698954272961E-02
 1.99671109658987E+03	-1.01613317322778E-01
 1.99671383448990E+03	-1.43039878110202E-01
 1.99671657238993E+03	-1.40434137915511E-01
 1.99671931028997E+03	-9.02711654161721E-02
 1.99672204819000E+03	 9.85115643523335E-04
 1.99672478609003E+03	 1.15316493330795E-01
 1.99672752399006E+03	 2.21958131197160E-01
 1.99673026189009E+03	 2.84262238962343E-01
 1.99673299979012E+03	 2.75663902058233E-01
 1.99673573769015E+03	 1.94682278109964E-01
 1.99673847559018E+03	 6.65863837763636E-02
 1.99674121349021E+03	-7.02751411697458E-02
 1.99674395139024E+03	-1.82650686691593E-01
 1.99674668929027E+03	-2.52004305721166E-01
 1.99674942719030E+03	-2.72636438204029E-01
 1.99675216509033E+03	-2.46415589341243E-01
 1.99675490299036E+03	-1.82166555467443E-01
 1.99675764089040E+03	-9.78342359932607E-02
 1.99676037879043E+03	-1.71004567410005E-02
 1.99676311669046E+03	 4.17918985773116E-02
 1.99676585459049E+03	 7.59081031607126E-02
 1.99676859249052E+03	 9.54039348414727E-02
 1.99677133039055E+03	 1.10030430747630E-01
 1.99677406829058E+03	 1.17314537488524E-01
 1.99677680619061E+03	 1.04221150458487E-01
 1.99677954409064E+03	 6.07076210358090E-02
 1.99678228199067E+03	-7.88670484058274E-03
 1.99678501989070E+03	-8.07444708195639E-02
 1.99678775779073E+03	-1.32536528875711E-01
 1.99679049569076E+03	-1.44862869658940E-01
 1.99679323359080E+03	-1.10374380343129E-01
 1.99679597149083E+03	-3.17665698702009E-02
 1.99679870939086E+03	 7.77760468724432E-02
 1.99680144729089E+03	 1.92238914990603E-01
 1.99680418519092E+03	 2.75705846243901E-01
 1.99680692309095E+03	 2.95457230577814E-01
 1.99680966099098E+03	 2.39119385684401E-01
 1.99681239889101E+03	 1.22672056911315E-01
 1.99681513679104E+03	-1.79256530958284E-02
 1.99681787469107E+03	-1.45034339431366E-01
 1.99682061259110E+03	-2.33571915776831E-01
 1.99682335049113E+03	-2.73264530062493E-01
 1.99682608839116E+03	-2.63521131480975E-01
 1.99682882629120E+03	-2.10623094358077E-01
 1.99683156419123E+03	-1.29616344087161E-01
 1.99683430209126E+03	-4.37469396475389E-02
 1.99683703999129E+03	 2.45038970368977E-02
 1.99683977789132E+03	 6.55699998697517E-02
 1.99684251579135E+03	 8.60967007304840E-02
 1.99684525369138E+03	 9.86449208389088E-02
 1.99684799159141E+03	 1.07113625837235E-01
 1.99685072949144E+03	 1.02153501004531E-01
 1.99685346739147E+03	 7.10176464758800E-02
 1.99685620529150E+03	 1.21311842412588E-02
 1.99685894319153E+03	-5.92800585171282E-02
 1.99686168109156E+03	-1.18641947770879E-01
 1.99686441899159E+03	-1.44477787916291E-01
 1.99686715689163E+03	-1.25545598117162E-01
 1.99686989479166E+03	-6.09747308173957E-02
 1.99687263269169E+03	 4.03826580811903E-02
 1.99687537059172E+03	 1.57664640719306E-01
 1.99687810849175E+03	 2.57779519783013E-01
 1.99688084639178E+03	 3.04582663806243E-01
 1.99688358429181E+03	 2.75978648461484E-01
 1.99688632219184E+03	 1.77123452536461E-01
 1.99688906009187E+03	 3.85070527627773E-02
 1.99689179799190E+03	-1.00096147635520E-01
 1.99689453589193E+03	-2.07200618525829E-01
 1.99689727379196E+03	-2.66833693134611E-01
 1.99690001169199E+03	-2.75223465275086E-01
 1.99690274959203E+03	-2.36229959443451E-01
 1.99690548749206E+03	-1.61836468699433E-01
 1.99690822539209E+03	-7.34764133308797E-02
 1.99691096329212E+03	 3.85680057354003E-03
 1.99691370119215E+03	 5.41289798902231E-02
 1.99691643909218E+03	 7.84187616520819E-02
 1.99691917699221E+03	 8.94820642756809E-02
 1.99692191489224E+03	 9.68456870322545E-02
 1.99692465279227E+03	 9.66892910864113E-02
 1.99692739069230E+03	 7.62850920192724E-02
 1.99693012859233E+03	 2.83714700695688E-02
 1.99693286649236E+03	-3.84375293683361E-02
 1.99693560439239E+03	-1.02267394748727E-01
 1.99693834229243E+03	-1.39728485830459E-01
 1.99694108019246E+03	-1.35780924527914E-01
 1.99694381809249E+03	-8.60073544300942E-02
 1.99694655599252E+03	 4.56942561407615E-03
 1.99694929389255E+03	 1.20117555328988E-01
 1.99695203179258E+03	 2.31825907133504E-01
 1.99695476969261E+03	 3.02865617025686E-01
 1.99695750759264E+03	 3.03454515821437E-01
 1.99696024549267E+03	 2.27431009932339E-01
 1.99696298339270E+03	 9.70536680759824E-02
 1.99696572129273E+03	-4.86268679718543E-02
 1.99696845919276E+03	-1.72714318998512E-01
 1.99697119709279E+03	-2.52712952422877E-01
 1.99697393499282E+03	-2.80645891324994E-01
 1.99697667289286E+03	-2.57819172759352E-01
 1.99697941079289E+03	-1.93256031500078E-01
 1.99698214869292E+03	-1.05640522616360E-01
 1.99698488659295E+03	-2.06276691398038E-02
 1.99698762449298E+03	 4.02748828962296E-02
 1.99699036239301E+03	 7.13064217344064E-02
 1.99699310029304E+03	 8.26872848081377E-02
 1.99699583819307E+03	 8.78320887289041E-02
 1.99699857609310E+03	 8.93275105620603E-02
 1.99700131399313E+03	 7.71209780462878E-02
 1.99700405189316E+03	 4.02864191984324E-02
 1.99700678979319E+03	-1.93639414225252E-02
 1.99700952769322E+03	-8.44404578940637E-02
 1.99701226559326E+03	-1.31208256555816E-01
 1.99701500349329E+03	-1.41241578892379E-01
 1.99701774139332E+03	-1.06496072957756E-01
 1.99702047929335E+03	-2.85267813684488E-02
 1.99702321719338E+03	 8.14076956484350E-02
 1.99702595509341E+03	 1.99541600207354E-01
 1.99702869299344E+03	 2.90788137630026E-01
 1.99703143089347E+03	 3.20288650810332E-01
 1.99703416879350E+03	 2.71167845462686E-01
 1.99703690669353E+03	 1.55371552220754E-01
 1.99703964459356E+03	 8.07807550227294E-03
 1.99704238249359E+03	-1.30269143758649E-01
 1.99704512039362E+03	-2.30401114201142E-01
 1.99704785829366E+03	-2.78990227566875E-01
 1.99705059619369E+03	-2.74297390648766E-01
 1.99705333409372E+03	-2.22555046882473E-01
 1.99705607199375E+03	-1.39229798124632E-01
 1.99705880989378E+03	-4.89509795608828E-02
 1.99706154779381E+03	 2.29083283158481E-02
 1.99706428569384E+03	 6.34107050573071E-02
 1.99706702359387E+03	 7.78131495013689E-02
 1.99706976149390E+03	 8.09568802798124E-02
 1.99707249939393E+03	 8.16049710593766E-02
 1.99707523729396E+03	 7.45577484699210E-02
 1.99707797519399E+03	 4.77666063667962E-02
 1.99708071309402E+03	-3.02767556202091E-03
 1.99708345099406E+03	-6.62540738381753E-02
 1.99708618889409E+03	-1.19649336087565E-01
 1.99708892679412E+03	-1.42231772120086E-01
 1.99709166469415E+03	-1.22292311358574E-01
 1.99709440259418E+03	-5.80759834710758E-02
 1.99709714049421E+03	 4.31528162865115E-02
 1.99709987839424E+03	 1.62810676252176E-01
 1.99710261629427E+03	 2.69418511721829E-01
 1.99710535419430E+03	 3.25874724249894E-01
 1.99710809209433E+03	 3.06196195584589E-01
 1.99711082999436E+03	 2.10893688875401E-01
 1.99711356789439E+03	 6.82196291442282E-02
 1.99711630579442E+03	-8.04467035876837E-02
 1.99711904369445E+03	-1.99598722494181E-01
 1.99712178159449E+03	-2.69548637081278E-01
 1.99712451949452E+03	-2.84664957866777E-01
 1.99712725739455E+03	-2.48419708300717E-01
 1.99712999529458E+03	-1.72977072485997E-01
 1.99713273319461E+03	-8.06319378658238E-02
 1.99713547109464E+03	 1.30242537157161E-03
 1.99713820899467E+03	 5.33038614205355E-02
 1.99714094689470E+03	 7.38968039727350E-02
 1.99714368479473E+03	 7.65493539429844E-02
 1.99714642269476E+03	 7.48897974709554E-02
 1.99714916059479E+03	 6.99231264334120E-02
 1.99715189849482E+03	 5.11672608298121E-02
 1.99715463639485E+03	 9.88858740135871E-03
 1.99715737429489E+03	-4.87912961265296E-02
 1.99716011219492E+03	-1.05908599569787E-01
 1.99716285009495E+03	-1.39188457273773E-01
 1.99716558799498E+03	-1.33424896104709E-01
 1.99716832589501E+03	-8.35340632402060E-02
 1.99717106379504E+03	 6.69892307121370E-03
 1.99717380169507E+03	 1.23539044186363E-01
 1.99717653959510E+03	 2.40286715786275E-01
 1.99717927749513E+03	 3.20296554467646E-01
 1.99718201539516E+03	 3.30854178742940E-01
 1.99718475329519E+03	 2.61019787621883E-01
 1.99718749119522E+03	 1.29555961053954E-01
 1.99719022909525E+03	-2.43237953522765E-02
 1.99719296699529E+03	-1.60298746350034E-01
 1.99719570489532E+03	-2.51734669644454E-01
 1.99719844279535E+03	-2.88021982606483E-01
 1.99720118069538E+03	-2.69605014834862E-01
 1.99720391859541E+03	-2.05471880950431E-01
 1.99720665649544E+03	-1.14758965675395E-01
 1.99720939439547E+03	-2.47919348524783E-02
 1.99721213229550E+03	 3.96906209462733E-02
 1.99721487019553E+03	 6.96070734307528E-02
 1.99721760809556E+03	 7.43416560895834E-02
 1.99722034599559E+03	 7.01920440117531E-02
 1.99722308389562E+03	 6.46677307604685E-02
 1.99722582179565E+03	 5.12767513434950E-02
 1.99722855969568E+03	 1.90758952137601E-02
 1.99723129759572E+03	-3.30308548489215E-02
 1.99723403549575E+03	-9.09352795854964E-02
 1.99723677339578E+03	-1.32677596768017E-01
 1.99723951129581E+03	-1.40067529800207E-01
 1.99724224919584E+03	-1.04602125852183E-01
 1.99724498709587E+03	-2.69158900746084E-02
 1.99724772499590E+03	 8.35096316281036E-02
 1.99725046289593E+03	 2.05224027486955E-01
 1.99725320079596E+03	 3.04295974752902E-01
 1.99725593869599E+03	 3.44099089572069E-01
 1.99725867659602E+03	 3.03328416886000E-01
 1.99726141449605E+03	 1.89524147112744E-01
 1.99726415239608E+03	 3.64997960331823E-02
 1.99726689029612E+03	-1.12882882300573E-01
 1.99726962819615E+03	-2.25138956625789E-01
 1.99727236609618E+03	-2.83573936465428E-01
 1.99727510399621E+03	-2.84970839892469E-01
 1.99727784189624E+03	-2.35267130082385E-01
 1.99728057979627E+03	-1.50085619218908E-01
 1.99728331769630E+03	-5.51068099722091E-02
 1.99728605559633E+03	 2.15951707076629E-02
 1.99728879349636E+03	 6.34398126615252E-02
 1.99729153139639E+03	 7.35080806025856E-02
 1.99729426929642E+03	 6.80186964420058E-02
 1.99729700719645E+03	 6.01677799375162E-02
 1.99729974509648E+03	 4.92250394608996E-02
 1.99730248299652E+03	 2.46505621816579E-02
 1.99730522089655E+03	-1.97445608585250E-02
 1.99730795879658E+03	-7.57159232416450E-02
 1.99731069669661E+03	-1.23388402531243E-01
 1.99731343459664E+03	-1.42519562730766E-01
 1.99731617249667E+03	-1.21179320433520E-01
 1.99731891039670E+03	-5.69587271456767E-02
 1.99732164829673E+03	 4.42733990651014E-02
 1.99732438619676E+03	 1.66188945149665E-01
 1.99732712409679E+03	 2.79176495605082E-01
 1.99732986199682E+03	 3.45589010322708E-01
 1.99733259989685E+03	 3.35784637747315E-01
 1.99733533779688E+03	 2.45414195233852E-01
 1.99733807569691E+03	 9.99293764700988E-02
 1.99734081359695E+03	-5.82056110401015E-02
 1.99734355149698E+03	-1.89608001339479E-01
 1.99734628939701E+03	-2.70649329355971E-01
 1.99734902729704E+03	-2.93497063059459E-01
 1.99735176519707E+03	-2.60964217572642E-01
 1.99735450309710E+03	-1.85149552548053E-01
 1.99735724099713E+03	-8.88828723001529E-02
 1.99735997889716E+03	-1.50013451999029E-03
 1.99736271679719E+03	 5.39335791273142E-02
 1.99736545469722E+03	 7.27808530860588E-02
 1.99736819259725E+03	 6.82947376580587E-02
 1.99737093049728E+03	 5.75294866071964E-02
 1.99737366839731E+03	 4.63394139600983E-02
 1.99737640629735E+03	 2.71553815665318E-02
 1.99737914419738E+03	-9.40208913478534E-03
 1.99738188209741E+03	-6.11972618342426E-02
 1.99738461999744E+03	-1.12116225751832E-01
 1.99738735789747E+03	-1.41198163334315E-01
 1.99739009579750E+03	-1.33320406144876E-01
 1.99739283369753E+03	-8.29702683026612E-02
 1.99739557159756E+03	 7.08414892292038E-03
 1.99739830949759E+03	 1.25101824508224E-01
 1.99740104739762E+03	 2.46657398962600E-01
 1.99740378529765E+03	 3.35692912004981E-01
 1.99740652319768E+03	 3.56917010582018E-01
 1.99740926109771E+03	 2.94578088991611E-01
 1.99741199899775E+03	 1.63465851144429E-01
 1.99741473689778E+03	 2.35344861887205E-03
 1.99741747479781E+03	-1.45337049518595E-01
 1.99742021269784E+03	-2.48738682496047E-01
 1.99742295059787E+03	-2.94288704417080E-01
 1.99742568849790E+03	-2.81269945359183E-01
 1.99742842639793E+03	-2.18394192808251E-01
 1.99743116429796E+03	-1.24949205225091E-01
 1.99743390219799E+03	-2.95797716354397E-02
 1.99743664009802E+03	 3.98756133484301E-02
 1.99743937799805E+03	 7.06261424017028E-02
 1.99744211589808E+03	 7.03628332842138E-02
 1.99744485379811E+03	 5.74230364249047E-02
 1.99744759169815E+03	 4.39638751093495E-02
 1.99745032959818E+03	 2.75033511060196E-02
 1.99745306749821E+03	-2.10050898221277E-03
 1.99745580539824E+03	-4.81938072833882E-02
 1.99745854329827E+03	-9.97266415474978E-02
 1.99746128119830E+03	-1.36635530249458E-01
 1.99746401909833E+03	-1.41205343481154E-01
 1.99746675699836E+03	-1.04717264519682E-01
 1.99746949489839E+03	-2.71225674961272E-02
 1.99747223279842E+03	 8.37074272848442E-02
 1.99747497069845E+03	 2.08699002113740E-01
 1.99747770859848E+03	 3.15429282876234E-01
 1.99748044649851E+03	 3.65941266622202E-01
 1.99748318439854E+03	 3.34649956637756E-01
 1.99748592229858E+03	 2.24355879350949E-01
 1.99748866019861E+03	 6.68861856215204E-02
 1.99749139809864E+03	-9.29617048338974E-02
 1.99749413599867E+03	-2.17557995611875E-01
 1.99749687389870E+03	-2.86584297143045E-01
 1.99749961179873E+03	-2.95026412176882E-01
 1.99750234969876E+03	-2.48275382681647E-01
 1.99750508759879E+03	-1.61839310162988E-01
 1.99750782549882E+03	-6.20887001005267E-02
 1.99751056339885E+03	 2.04706951097348E-02
 1.99751330129888E+03	 6.54554938721091E-02
 1.99751603919891E+03	 7.30629384128921E-02
 1.99751877709894E+03	 5.99709650937738E-02
 1.99752151499898E+03	 4.32655572402670E-02
 1.99752425289901E+03	 2.68654513223836E-02
 1.99752699079904E+03	 2.46549280868064E-03
 1.99752972869907E+03	-3.72924913552467E-02
 1.99753246659910E+03	-8.70974632260290E-02
 1.99753520449913E+03	-1.29472225090919E-01
 1.99753794239916E+03	-1.45122959982843E-01
 1.99754068029919E+03	-1.22142343131627E-01
 1.99754341819922E+03	-5.77130681115484E-02
 1.99754615609925E+03	 4.34785916493799E-02
 1.99754889399928E+03	 1.67322544293014E-01
 1.99755163189931E+03	 2.86343076690757E-01
 1.99755436979934E+03	 3.62814890421331E-01
 1.99755710769938E+03	 3.63750349106307E-01
 1.99755984559941E+03	 2.79789192709835E-01
 1.99756258349944E+03	 1.33013205179631E-01
 1.99756532139947E+03	-3.36291957125098E-02
 1.99756805929950E+03	-1.77132421963798E-01
 1.99757079719953E+03	-2.69779518973429E-01
 1.99757353509956E+03	-3.01221926996657E-01
 1.99757627299959E+03	-2.73341331754787E-01
 1.99757901089962E+03	-1.97922001785821E-01
 1.99758174879965E+03	-9.79889843765211E-02
 1.99758448669968E+03	-4.54782544402171E-03
 1.99758722459971E+03	 5.58432260864425E-02
 1.99758996249974E+03	 7.48815188637123E-02
 1.99759270039977E+03	 6.47086453080333E-02
 1.99759543829981E+03	 4.50552366306787E-02
 1.99759817619984E+03	 2.65132906649790E-02
 1.99760091409987E+03	 4.98145285074174E-03
 1.99760365199990E+03	-2.87702663159585E-02
 1.99760638989993E+03	-7.50410886402767E-02
 1.99760912779996E+03	-1.20437651656028E-01
 1.99761186569999E+03	-1.45465500990710E-01
 1.99761460360002E+03	-1.35321786880253E-01
 1.99761734150005E+03	-8.43133003090465E-02
 1.99762007940008E+03	 5.56663303455275E-03
 1.99762281730011E+03	 1.24447151437825E-01
 1.99762555520014E+03	 2.50338858327889E-01
 1.99762829310017E+03	 3.48216266233597E-01
 1.99763103100021E+03	 3.80648578943134E-01
 1.99763376890024E+03	 3.27122260314824E-01
 1.99763650680027E+03	 1.98004647721446E-01
 1.99763924470030E+03	 3.09700276647430E-02
 1.99764198260033E+03	-1.27888504814042E-01
 1.99764472050036E+03	-2.43473612985360E-01
 1.99764745840039E+03	-2.98995415702771E-01
 1.99765019630042E+03	-2.92282029032037E-01
 1.99765293420045E+03	-2.31526574785433E-01
 1.99765567210048E+03	-1.35864778399753E-01
 1.99765841000051E+03	-3.48758718598430E-02
 1.99766114790054E+03	 4.07202796622262E-02
 1.99766388580057E+03	 7.41499827576982E-02
 1.99766662370061E+03	 7.06245115021894E-02
 1.99766936160064E+03	 4.96484818312343E-02
 1.99767209950067E+03	 2.76356840604993E-02
 1.99767483740070E+03	 6.43516356099472E-03
 1.99767757530073E+03	-2.25413445797962E-02
 1.99768031320076E+03	-6.42155340395023E-02
 1.99768305110079E+03	-1.10311242587070E-01
 1.99768578900082E+03	-1.42726818371326E-01
 1.99768852690085E+03	-1.44437416804053E-01
 1.99769126480088E+03	-1.06754642317270E-01
 1.99769400270091E+03	-2.92037327909709E-02
 1.99769674060094E+03	 8.17619384615201E-02
 1.99769947850097E+03	 2.09493177524196E-01
 1.99770221640100E+03	 3.23452400101593E-01
 1.99770495430104E+03	 3.84862075911300E-01
 1.99770769220107E+03	 3.64101938483295E-01
 1.99771043010110E+03	 2.58957754907325E-01
 1.99771316800113E+03	 9.86260569259379E-02
 1.99771590590116E+03	-7.07376980908916E-02
 1.99771864380119E+03	-2.07539283900525E-01
 1.99772138170122E+03	-2.87647874305936E-01
 1.99772411960125E+03	-3.03952126116445E-01
 1.99772685750128E+03	-2.61046061086970E-01
 1.99772959540131E+03	-1.74055286760961E-01
 1.99773233330134E+03	-6.96655351822632E-02
 1.99773507120137E+03	 1.95194863206301E-02
 1.99773780910140E+03	 6.92649569422138E-02
 1.99774054700144E+03	 7.62761519057508E-02
 1.99774328490147E+03	 5.67892584319339E-02
 1.99774602280150E+03	 3.11539346412904E-02
 1.99774876070153E+03	 7.98790439020860E-03
 1.99775149860156E+03	-1.81482410367740E-02
 1.99775423650159E+03	-5.50374333094516E-02
 1.99775697440162E+03	-9.98625534897778E-02
 1.99775971230165E+03	-1.37495004417359E-01
 1.99776245020168E+03	-1.49763267005635E-01
 1.99776518810171E+03	-1.25020980105672E-01
 1.99776792600174E+03	-6.03038079827687E-02
 1.99777066390177E+03	 4.06443999447600E-02
 1.99777340180180E+03	 1.65870668768224E-01
 1.99777613970184E+03	 2.90308883265965E-01
 1.99777887760187E+03	 3.76680034857068E-01
 1.99778161550190E+03	 3.89061114169718E-01
 1.99778435340193E+03	 3.13014696120111E-01
 1.99778709130196E+03	 1.66697261420765E-01
 1.99778982920199E+03	-7.13131205204186E-03
 1.99779256710202E+03	-1.62208985493220E-01
 1.99779530500205E+03	-2.66671920583740E-01
 1.99779804290208E+03	-3.07377562289374E-01
 1.99780078080211E+03	-2.85009499076641E-01
 1.99780351870214E+03	-2.10793541369593E-01
 1.99780625660217E+03	-1.07610961324091E-01
 1.99780899450220E+03	-7.74458567129711E-03
 1.99781173240224E+03	 5.89003277678647E-02
 1.99781447030227E+03	 7.99673131671330E-02
 1.99781720820230E+03	 6.56494275918041E-02
 1.99781994610233E+03	 3.75626197290314E-02
 1.99782268400236E+03	 1.08087631575304E-02
 1.99782542190239E+03	-1.48051852949323E-02
 1.99782815980242E+03	-4.76130025344450E-02
 1.99783089770245E+03	-8.97742515731409E-02
 1.99783363560248E+03	-1.30430915469465E-01
 1.99783637350251E+03	-1.51662623322148E-01
 1.99783911140254E+03	-1.39207024289159E-01
 1.99784184930257E+03	-8.74479138924752E-02
 1.99784458720260E+03	 2.12811119133198E-03
 1.99784732510263E+03	 1.21366041241582E-01
 1.99785006300267E+03	 2.50863174029955E-01
 1.99785280090270E+03	 3.57108943753094E-01
 1.99785553880273E+03	 4.01060994784912E-01
 1.99785827670276E+03	 3.57596531103243E-01
 1.99786101460279E+03	 2.32261149743166E-01
 1.99786375250282E+03	 6.09317343916131E-02
 1.99786649040285E+03	-1.08163478928384E-01
 1.99786922830288E+03	-2.35804919972990E-01
 1.99787196620291E+03	-3.01759571875038E-01
 1.99787470410294E+03	-3.02122360262311E-01
 1.99787744200297E+03	-2.44331156982090E-01
 1.99788017990300E+03	-1.47075301845315E-01
 1.99788291780303E+03	-4.04675986577496E-02
 1.99788565570307E+03	 4.21828960958682E-02
 1.99788839360310E+03	 7.99619856840982E-02
 1.99789113150313E+03	 7.49068298624317E-02
 1.99789386940316E+03	 4.68205002805186E-02
 1.99789660730319E+03	 1.58932380583667E-02
 1.99789934520322E+03	-1.14945917815548E-02
 1.99790208310325E+03	-4.17026974371979E-02
 1.99790482100328E+03	-8.05576761377128E-02
 1.99790755890331E+03	-1.22227169773276E-01
 1.99791029680334E+03	-1.50587363117354E-01
 1.99791303470337E+03	-1.49492801064964E-01
 1.99791577260340E+03	-1.10532676852973E-01
 1.99791851050343E+03	-3.30851295817363E-02
 1.99792124840347E+03	 7.75885167840898E-02
 1.99792398630350E+03	 2.07286315020656E-01
 1.99792672420353E+03	 3.27748269368200E-01
 1.99792946210356E+03	 3.99961321731898E-01
 1.99793220000359E+03	 3.90624942276820E-01
 1.99793493790362E+03	 2.92317243034647E-01
 1.99793767580365E+03	 1.30957847763602E-01
 1.99794041370368E+03	-4.66038155266900E-02
 1.99794315160371E+03	-1.95103664510652E-01
 1.99794588950374E+03	-2.86489494619640E-01
 1.99794862740377E+03	-3.11281901503002E-01
 1.99795136530380E+03	-2.73034987979916E-01
 1.99795410320383E+03	-1.86236526358538E-01
 1.99795684110386E+03	-7.75146932616494E-02
 1.99795957900390E+03	 1.88097002989802E-02
 1.99796231690393E+03	 7.47064959857732E-02
 1.99796505480396E+03	 8.28932104139648E-02
 1.99796779270399E+03	 5.83099537798087E-02
 1.99797053060402E+03	 2.38916386849381E-02
 1.99797326850405E+03	-7.10839820544650E-03
 1.99797600640408E+03	-3.67317909289952E-02
 1.99797874430411E+03	-7.24749536541950E-02
 1.99798148220414E+03	-1.13547218940663E-01
 1.99798422010417E+03	-1.47070199612477E-01
 1.99798695800420E+03	-1.56133626735317E-01
 1.99798969590423E+03	-1.29581770896324E-01
 1.99799243380426E+03	-6.45798790865036E-02
 1.99799517170430E+03	 3.57974658156032E-02
 1.99799790960433E+03	 1.61658274740985E-01
 1.99800064750436E+03	 2.90613921408459E-01
 1.99800338540439E+03	 3.86409390667740E-01
 1.99800612330442E+03	 4.10703382200790E-01
 1.99800886120445E+03	 3.44021543933599E-01
 1.99801159910448E+03	 2.00077544268205E-01
 1.99801433700451E+03	 2.07133463021222E-02
 1.99801707490454E+03	-1.45030744896843E-01
 1.99801981280457E+03	-2.61184041899882E-01
 1.99802255070460E+03	-3.11579662927123E-01
 1.99802528860463E+03	-2.95449515143611E-01
 1.99802802650466E+03	-2.23229798504783E-01
 1.99803076440470E+03	-1.17332943464036E-01
 1.99803350230473E+03	-1.09055645085837E-02
 1.99803624020476E+03	 6.30297721795078E-02
 1.99803897810479E+03	 8.77929530615017E-02
 1.99804171600482E+03	 7.08739416216043E-02
 1.99804445390485E+03	 3.49732364219353E-02
 1.99804719180488E+03	-6.17752013896394E-04
 1.99804992970491E+03	-3.18527538619946E-02
 1.99805266760494E+03	-6.54834975260015E-02
 1.99805540550497E+03	-1.04949926190097E-01
 1.99805814340500E+03	-1.41701734041186E-01
 1.99806088130503E+03	-1.59459918587298E-01
 1.99806361920506E+03	-1.44705281310862E-01
 1.99806635710509E+03	-9.21631856436795E-02
 1.99806909500513E+03	-3.11058492857028E-03
 1.99807183290516E+03	 1.15818366439579E-01
 1.99807457080519E+03	 2.47933647727436E-01
 1.99807730870522E+03	 3.61749845381610E-01
 1.99808004660525E+03	 4.17233698013907E-01
 1.99808278450528E+03	 3.84925530946153E-01
 1.99808552240531E+03	 2.65225033331850E-01
 1.99808826030534E+03	 9.14943985762852E-02
 1.99809099820537E+03	-8.65362794348786E-02
 1.99809373610540E+03	-2.25744129714231E-01
 1.99809647400543E+03	-3.02305497351175E-01
 1.99809921190546E+03	-3.10327177284466E-01
 1.99810194980549E+03	-2.56267989546910E-01
 1.99810468770553E+03	-1.58096349371311E-01
 1.99810742560556E+03	-4.60586550764092E-02
 1.99811016350559E+03	 4.42957561300191E-02
 1.99811290140562E+03	 8.78661177776607E-02
 1.99811563930565E+03	 8.29283987308057E-02
 1.99811837720568E+03	 4.87483695411449E-02
 1.99812111510571E+03	 8.75172395796669E-03
 1.99812385300574E+03	-2.60571004760855E-02
 1.99812659090577E+03	-5.92174797067357E-02
 1.99812932880580E+03	-9.68104589401066E-02
 1.99813206670583E+03	-1.35087916221840E-01
 1.99813480460586E+03	-1.59877999475775E-01
 1.99813754250589E+03	-1.56077339733937E-01
 1.99814028040593E+03	-1.15797691869975E-01
 1.99814301830596E+03	-3.85712757525458E-02
 1.99814575620599E+03	 7.12653598387887E-02
 1.99814849410602E+03	 2.01941236495419E-01
 1.99815123200605E+03	 3.27868011752320E-01
 1.99815396990608E+03	 4.10452520650909E-01
 1.99815670780611E+03	 4.13189870569751E-01
 1.99815944570614E+03	 3.23363176146151E-01
 1.99816218360617E+03	 1.62992136816498E-01
 1.99816492150620E+03	-2.11150419160758E-02
 1.99816765940623E+03	-1.80432436395784E-01
 1.99817039730626E+03	-2.82965955115759E-01
 1.99817313520629E+03	-3.16636007361546E-01
 1.99817587310633E+03	-2.83728815076574E-01
 1.99817861100636E+03	-1.97860039495615E-01
 1.99818134890639E+03	-8.52443913241922E-02
 1.99818408680642E+03	 1.84896420978032E-02
 1.99818682470645E+03	 8.16658383148628E-02
 1.99818956260648E+03	 9.26368382850385E-02
 1.99819230050651E+03	 6.42632162202442E-02
 1.99819503840654E+03	 2.13647851263985E-02
 1.99819777630657E+03	-1.83256416209296E-02
 1.99820051420660E+03	-5.30164766771933E-02
 1.99820325210663E+03	-8.92519688571840E-02
 1.99820599000666E+03	-1.27788846969962E-01
 1.99820872790669E+03	-1.57862337010971E-01
 1.99821146580672E+03	-1.63929910003891E-01
 1.99821420370676E+03	-1.35544678770309E-01
 1.99821694160679E+03	-7.02915710006203E-02
 1.99821967950682E+03	 2.91132510129585E-02
 1.99822241740685E+03	 1.54694971573987E-01
 1.99822515530688E+03	 2.86988336747779E-01
 1.99822789320691E+03	 3.91382491328633E-01
 1.99823063110694E+03	 4.27744852591790E-01
 1.99823336900697E+03	 3.71729698581933E-01
 1.99823610690700E+03	 2.32155093686438E-01
 1.99823884480703E+03	 4.91807445752419E-02
 1.99824158270706E+03	-1.25957173572584E-01
 1.99824432060709E+03	-2.53324879615900E-01
 1.99824705850712E+03	-3.13558383692198E-01
 1.99824979640716E+03	-3.04205554194704E-01
 1.99825253430719E+03	-2.34701943057168E-01
 1.99825527220722E+03	-1.26692155125714E-01
 1.99825801010725E+03	-1.37700944680436E-02
 1.99826074800728E+03	 6.82212869442903E-02
 1.99826348590731E+03	 9.81246908403944E-02
 1.99826622380734E+03	 8.00717993724070E-02
 1.99826896170737E+03	 3.70661355740138E-02
 1.99827169960740E+03	-7.79843532092465E-03
 1.99827443750743E+03	-4.60045364945008E-02
 1.99827717540746E+03	-8.21035263180890E-02
 1.99827991330749E+03	-1.20245682632919E-01
 1.99828265120752E+03	-1.53931603379439E-01
 1.99828538910756E+03	-1.68555837237593E-01
 1.99828812700759E+03	-1.51525263692568E-01
 1.99829086490762E+03	-9.81751314504003E-02
 1.99829360280765E+03	-9.90028540663165E-03
 1.99829634070768E+03	 1.07940558686704E-01
 1.99829907860771E+03	 2.41454913515146E-01
 1.99830181650774E+03	 3.61705047931042E-01
 1.99830455440777E+03	 4.28375784762737E-01
 1.99830729230780E+03	 4.08075129885474E-01
 1.99831003020783E+03	 2.95833394112587E-01
 1.99831276810786E+03	 1.21788332985798E-01
 1.99831550600789E+03	-6.35438692001183E-02
 1.99831824390792E+03	-2.13466719536949E-01
 1.99832098180795E+03	-3.00495567855800E-01
 1.99832371970799E+03	-3.16526599254623E-01
 1.99832645760802E+03	-2.66835480401268E-01
 1.99832919550805E+03	-1.68424510735474E-01
 1.99833193340808E+03	-5.12907960941546E-02
 1.99833467130811E+03	 4.71629422401092E-02
 1.99833740920814E+03	 9.77049643028301E-02
 1.99834014710817E+03	 9.43785552016260E-02
 1.99834288500820E+03	 5.51341501104244E-02
 1.99834562290823E+03	 6.05941351190020E-03
 1.99834836080826E+03	-3.72144919007735E-02
 1.99835109870829E+03	-7.48976223806444E-02
 1.99835383660832E+03	-1.12707421900194E-01
 1.99835657450835E+03	-1.48605163625617E-01
 1.99835931240839E+03	-1.70311549205989E-01
 1.99836205030842E+03	-1.63901995790949E-01
 1.99836478820845E+03	-1.22249874442390E-01
 1.99836752610848E+03	-4.53634376128588E-02
 1.99837026400851E+03	 6.30306977742952E-02
 1.99837300190854E+03	 1.93522299418283E-01
 1.99837573980857E+03	 3.23572157963997E-01
 1.99837847770860E+03	 4.15721345429791E-01
 1.99838121560863E+03	 4.30861910450339E-01
 1.99838395350866E+03	 3.51021477917486E-01
 1.99838669140869E+03	 1.93748518116294E-01
 1.99838942930872E+03	 5.02537622428081E-03
 1.99839216720875E+03	-1.63874877588808E-01
 1.99839490510879E+03	-2.77089801686460E-01
 1.99839764300882E+03	-3.19755530922118E-01
 1.99840038090885E+03	-2.92684684220482E-01
 1.99840311880888E+03	-2.08415210138305E-01
 1.99840585670891E+03	-9.24226735871443E-02
 1.99840859460894E+03	 1.87758637897922E-02
 1.99841133250897E+03	 9.00851968336427E-02
 1.99841407040900E+03	 1.05234279923683E-01
 1.99841680830903E+03	 7.43096284478870E-02
 1.99841954620906E+03	 2.33214936152184E-02
 1.99842228410909E+03	-2.57439156115519E-02
 1.99842502200912E+03	-6.69153804584720E-02
 1.99842775990915E+03	-1.05172371340490E-01
 1.99843049780918E+03	-1.42342210016036E-01
 1.99843323570922E+03	-1.69609712483632E-01
 1.99843597360925E+03	-1.72877199145086E-01
 1.99843871150928E+03	-1.42610308646050E-01
 1.99844144940931E+03	-7.71136668407395E-02
 1.99844418730934E+03	 2.09040599284458E-02
 1.99844692520936E+03	 1.45181765833139E-01
 1.99844966310940E+03	 2.79382369745675E-01
 1.99845240100943E+03	 3.91184688398061E-01
 1.99845513890946E+03	 4.39397835480986E-01
 1.99845787680949E+03	 3.95110236831983E-01
 1.99846061470952E+03	 2.61883911545431E-01
 1.99846335260955E+03	 7.74239215751755E-02
 1.99846609050958E+03	-1.05510155159525E-01
 1.99846882840962E+03	-2.43269672598459E-01
 1.99847156630965E+03	-3.13186698886886E-01
 1.99847430420968E+03	-3.10921950993785E-01
 1.99847704210971E+03	-2.44726032587069E-01
 1.99847978000974E+03	-1.35213213397353E-01
 1.99848251790977E+03	-1.60224291021616E-02
 1.99848525580980E+03	 7.45286457905952E-02
 1.99848799370983E+03	 1.10760183862905E-01
 1.99849073160986E+03	 9.28997930052439E-02
 1.99849346950989E+03	 4.35162143757728E-02
 1.99849620740992E+03	-1.09222234208693E-02
 1.99849894530995E+03	-5.72801698885246E-02
 1.99850168320998E+03	-9.73592487489556E-02
 1.99850442111002E+03	-1.35471539080278E-01
 1.99850715901005E+03	-1.66894736080092E-01
 1.99850989691008E+03	-1.78699891062670E-01
 1.99851263481011E+03	-1.59381712514295E-01
 1.99851537271014E+03	-1.05152795705851E-01
 1.99851811061017E+03	-1.78827369898994E-02
 1.99852084851020E+03	 9.80413756298944E-02
 1.99852358641023E+03	 2.31550613036465E-01
 1.99852632431026E+03	 3.56769065144839E-01
 1.99852906221029E+03	 4.33885039039607E-01
 1.99853180011032E+03	 4.26117201970656E-01
 1.99853453801035E+03	 3.23027487342177E-01
 1.99853727591038E+03	 1.50856775160204E-01
 1.99854001381042E+03	-3.98696644124339E-02
 1.99854275171045E+03	-1.99316497852564E-01
 1.99854548961048E+03	-2.96350792425486E-01
 1.99854822751051E+03	-3.20476571383835E-01
 1.99855096541054E+03	-2.75608475984606E-01
 1.99855370331057E+03	-1.77574765178306E-01
 1.99855644121060E+03	-5.57718790792194E-02
 1.99855917911063E+03	 5.09497158445503E-02
 1.99856191701066E+03	 1.09370466580002E-01
 1.99856465491069E+03	 1.08946637943853E-01
 1.99856739281072E+03	 6.56117427682250E-02
 1.99857013071075E+03	 7.53556181899591E-03
 1.99857286861078E+03	-4.50918120480986E-02
 1.99857560651081E+03	-8.87198763979058E-02
 1.99857834441085E+03	-1.28124605357790E-01
 1.99858108231088E+03	-1.62598742255920E-01
 1.99858382021091E+03	-1.81670889351671E-01
 1.99858655811094E+03	-1.72706806226580E-01
 1.99858929601097E+03	-1.29570110544425E-01
 1.99859203391100E+03	-5.30839349244957E-02
 1.99859477181103E+03	 5.32690649675365E-02
 1.99859750971106E+03	 1.82300725757829E-01
 1.99860024761109E+03	 3.14859971552051E-01
 1.99860298551112E+03	 4.15376898739025E-01
 1.99860572341115E+03	 4.42864270977921E-01
 1.99860846131118E+03	 3.74277747477786E-01
 1.99861119921121E+03	 2.22204613682038E-01
 1.99861393711125E+03	 3.09943399013732E-02
 1.99861667501128E+03	-1.45941285052322E-01
 1.99861941291131E+03	-2.69040696141832E-01
 1.99862215081134E+03	-3.20527721091297E-01
 1.99862488871137E+03	-2.99564891144774E-01
 1.99862762661140E+03	-2.17441843936987E-01
 1.99863036451143E+03	-9.86107342295945E-02
 1.99863310241146E+03	 1.99335982839007E-02
 1.99863584031149E+03	 9.99640086587044E-02
 1.99863857821152E+03	 1.20438992853163E-01
 1.99864131611155E+03	 8.80767594537752E-02
 1.99864405401158E+03	 2.94130645898863E-02
 1.99864679191161E+03	-2.95855287394028E-02
 1.99864952981165E+03	-7.84995444605418E-02
 1.99865226771168E+03	-1.20186848359069E-01
 1.99865500561171E+03	-1.57081482167086E-01
 1.99865774351174E+03	-1.82136298963165E-01
 1.99866048141177E+03	-1.82749620501369E-01
 1.99866321931180E+03	-1.50485424787747E-01
 1.99866595721183E+03	-8.46724226065200E-02
 1.99866869511186E+03	 1.15978703214244E-02
 1.99867143301189E+03	 1.33504881087578E-01
 1.99867417091192E+03	 2.67982713438609E-01
 1.99867690881195E+03	 3.85647824717717E-01
 1.99867964671198E+03	 4.45078153625478E-01
 1.99868238461201E+03	 4.13250239370748E-01
 1.99868512251204E+03	 2.88228263925080E-01
 1.99868786041208E+03	 1.04512872300688E-01
 1.99869059831211E+03	-8.43552186200729E-02
 1.99869333621214E+03	-2.31360920493273E-01
 1.99869607411217E+03	-3.10497613981092E-01
 1.99869881201220E+03	-3.15372497734814E-01
 1.99870154991223E+03	-2.52899371294224E-01
 1.99870428781226E+03	-1.42444360007837E-01
 1.99870702571229E+03	-1.73186895836274E-02
 1.99870976361232E+03	 8.20604366622204E-02
 1.99871250151235E+03	 1.25540889146530E-01
 1.99871523941238E+03	 1.09013075881514E-01
 1.99871797731241E+03	 5.39356254223427E-02
 1.99872071521244E+03	-1.02937185149769E-02
 1.99872345311248E+03	-6.58432767902996E-02
 1.99872619101251E+03	-1.11281637013221E-01
 1.99872892891254E+03	-1.50563373292692E-01
 1.99873166681257E+03	-1.80462813877183E-01
 1.99873440471260E+03	-1.89707035622047E-01
 1.99873714261263E+03	-1.68017768862756E-01
 1.99873988051266E+03	-1.12745560787699E-01
 1.99874261841269E+03	-2.66168055250806E-02
 1.99874535631272E+03	 8.65858240033887E-02
 1.99874809421275E+03	 2.18566748641938E-01
 1.99875083211278E+03	 3.46992898548620E-01
 1.99875357001281E+03	 4.33398493828759E-01
 1.99875630791284E+03	 4.38292971500045E-01
 1.99875904581288E+03	 3.45815308646549E-01
 1.99876178371291E+03	 1.77705705481967E-01
 1.99876452161294E+03	-1.63131148968120E-02
 1.99876725951297E+03	-1.83795531340712E-01
 1.99876999741300E+03	-2.90058643213925E-01
 1.99877273531303E+03	-3.22081097652854E-01
 1.99877547321306E+03	-2.82270723130413E-01
 1.99877821111309E+03	-1.85117116861173E-01
 1.99878094901312E+03	-5.91080695515715E-02
 1.99878368691315E+03	 5.58641954878470E-02
 1.99878642481318E+03	 1.22806149521706E-01
 1.99878916271321E+03	 1.26345378617146E-01
 1.99879190061324E+03	 7.97854537036544E-02
 1.99879463851328E+03	 1.28141962395667E-02
 1.99879737641331E+03	-4.99377509054569E-02
 1.99880011431334E+03	-1.00797368702178E-01
 1.99880285221337E+03	-1.43065067059071E-01
 1.99880559011340E+03	-1.76993497953505E-01
 1.99880832801343E+03	-1.93816825406495E-01
 1.99881106591346E+03	-1.82278551222979E-01
 1.99881380381349E+03	-1.37445464002372E-01
 1.99881654171352E+03	-6.13048230750726E-02
 1.99881927961355E+03	 4.24875476927958E-02
 1.99882201751358E+03	 1.68745868153367E-01
 1.99882475541361E+03	 3.01983833652872E-01
 1.99882749331364E+03	 4.09291029808422E-01
 1.99883023121367E+03	 4.48636128014906E-01
 1.99883296911371E+03	 3.92241556248117E-01
 1.99883570701374E+03	 2.47353496619052E-01
 1.99883844491377E+03	 5.58901029949114E-02
 1.99884118281380E+03	-1.27281560320241E-01
 1.99884392071383E+03	-2.59162954449757E-01
 1.99884665861386E+03	-3.18999757309993E-01
 1.99884939651389E+03	-3.04163495101830E-01
 1.99885213441392E+03	-2.24564746994968E-01
 1.99885487231395E+03	-1.03397914600052E-01
 1.99885761021398E+03	 2.22509707201341E-02
 1.99886034811401E+03	 1.11351028258744E-01
 1.99886308601404E+03	 1.38044548939227E-01
 1.99886582391407E+03	 1.05192051013252E-01
 1.99886856181411E+03	 3.92375037804017E-02
 1.99887129971414E+03	-3.01710408569167E-02
 1.99887403761417E+03	-8.79617511250031E-02
 1.99887677551420E+03	-1.34368649356260E-01
 1.99887951341423E+03	-1.71988791367232E-01
 1.99888225131426E+03	-1.95352325286707E-01
 1.99888498921429E+03	-1.93382094537019E-01
 1.99888772711432E+03	-1.58904723445685E-01
 1.99889046501435E+03	-9.25742315255628E-02
 1.99889320291438E+03	 1.70949859158292E-03
 1.99889594081441E+03	 1.20216681781289E-01
 1.99889867871444E+03	 2.53213229720527E-01
 1.99890141661447E+03	 3.74876250332461E-01
 1.99890415451451E+03	 4.44454138545428E-01
 1.99890689241454E+03	 4.25414938933521E-01
 1.99890963031457E+03	 3.10224678589092E-01
 1.99891236821460E+03	 1.29484912479306E-01
 1.99891510611463E+03	-6.32691230146487E-02
 1.99891784401466E+03	-2.18095122396886E-01
 1.99892058191469E+03	-3.05688406511327E-01
 1.99892331981472E+03	-3.17479560335829E-01
 1.99892605771475E+03	-2.58930762656841E-01
 1.99892879561478E+03	-1.47992640305955E-01
 1.99893153351481E+03	-1.73179259415733E-02
 1.99893427141484E+03	 9.09629235062556E-02
 1.99893700931487E+03	 1.42355616527447E-01
 1.99893974721490E+03	 1.28090014863463E-01
 1.99894248511494E+03	 6.79140500025610E-02
 1.99894522301497E+03	-6.28715776354906E-03
 1.99894796091500E+03	-7.19591341470696E-02
 1.99895069881503E+03	-1.24014131121126E-01
 1.99895343671506E+03	-1.65563079608451E-01
 1.99895617461509E+03	-1.94597770382927E-01
 1.99895891251512E+03	-2.01462601616888E-01
 1.99896165041515E+03	-1.77221524527203E-01
 1.99896438831518E+03	-1.20609519986340E-01
 1.99896712621521E+03	-3.56096521967633E-02
 1.99896986411524E+03	 7.41681384715320E-02
 1.99897260201527E+03	 2.03059736852334E-01
 1.99897533991530E+03	 3.32695711148138E-01
 1.99897807781534E+03	 4.26829545899512E-01
 1.99898081571537E+03	 4.44069144419686E-01
 1.99898355361540E+03	 3.63334609022490E-01
 1.99898629151543E+03	 2.01360996092930E-01
 1.99898902941546E+03	 6.25269414708327E-03
 1.99899176731549E+03	-1.67540063404182E-01
 1.99899450521552E+03	-2.81967081258536E-01
 1.99899724311555E+03	-3.21402587821338E-01
 1.99899998101558E+03	-2.86638828043030E-01
 1.99900271891561E+03	-1.90709404718156E-01
 1.99900545681564E+03	-6.09376153500780E-02
 1.99900819471567E+03	 6.21326544385376E-02
 1.99901093261570E+03	 1.38000373224286E-01
 1.99901367051574E+03	 1.46326052469595E-01
 1.99901640841577E+03	 9.72642571069584E-02
 1.99901914631580E+03	 2.14893402430159E-02
 1.99902188421583E+03	-5.20783666176265E-02
 1.99902462211586E+03	-1.11340302337231E-01
 1.99902736001589E+03	-1.57630958011450E-01
 1.99903009791592E+03	-1.91804077535414E-01
 1.99903283581595E+03	-2.06685619570692E-01
 1.99903557371598E+03	-1.92460951665777E-01
 1.99903831161601E+03	-1.45591331097277E-01
 1.99904104951604E+03	-6.95787482279156E-02
 1.99904378741607E+03	 3.12836014400129E-02
 1.99904652531610E+03	 1.53502485376066E-01
 1.99904926321613E+03	 2.85446619521561E-01
 1.99905200111617E+03	 3.97621504869423E-01
 1.99905473901620E+03	 4.47879189405849E-01
 1.99905747691623E+03	 4.04206633028774E-01
 1.99906021481626E+03	 2.68264591310093E-01
 1.99906295271629E+03	 7.87829406461729E-02
 1.99906569061632E+03	-1.08650849084281E-01
 1.99906842851635E+03	-2.47949092291529E-01
 1.99907116641638E+03	-3.15379445056272E-01
 1.99907390431641E+03	-3.06422397472898E-01
 1.99907664221644E+03	-2.29521836222233E-01
 1.99907938011647E+03	-1.06435485134047E-01
 1.99908211801650E+03	 2.60089923262626E-02
 1.99908485591653E+03	 1.24328206329447E-01
 1.99908759381657E+03	 1.57889250791747E-01
 1.99909033171660E+03	 1.25308777798571E-01
 1.99909306961663E+03	 5.23810485744065E-02
 1.99909580751666E+03	-2.78715968740045E-02
 1.99909854541669E+03	-9.55719373486829E-02
 1.99910128331672E+03	-1.47878335960160E-01
 1.99910402121675E+03	-1.87131133067347E-01
 1.99910675911678E+03	-2.09244123518183E-01
 1.99910949701681E+03	-2.04673430687294E-01
 1.99911223491684E+03	-1.67647268265938E-01
 1.99911497281687E+03	-1.00433760851356E-01
 1.99911771071690E+03	-8.19380868634223E-03
 1.99912044861693E+03	 1.06004736808999E-01
 1.99912318651697E+03	 2.35719128414260E-01
 1.99912592441700E+03	 3.59255030871011E-01
 1.99912866231703E+03	 4.37480705404018E-01
 1.99913140021706E+03	 4.31101239872594E-01
 1.99913413811709E+03	 3.27043069377342E-01
 1.99913687601712E+03	 1.51401205407601E-01
 1.99913961391715E+03	-4.30963822186892E-02
 1.99914235181718E+03	-2.04096061164151E-01
 1.99914508971721E+03	-2.99111207046441E-01
 1.99914782761724E+03	-3.17321119143600E-01
 1.99915056551727E+03	-2.62661941377528E-01
 1.99915330341730E+03	-1.51555054749675E-01
 1.99915604131733E+03	-1.57147845049339E-02
 1.99915877921737E+03	 1.01396262000531E-01
 1.99916151711740E+03	 1.61134681569801E-01
 1.99916425501743E+03	 1.49848231450310E-01
 1.99916699291746E+03	 8.50538602919435E-02
 1.99916973081749E+03	 6.99872915390764E-04
 1.99917246871752E+03	-7.59469224833330E-02
 1.99917520661755E+03	-1.35771279734924E-01
 1.99917794451758E+03	-1.80588093960094E-01
 1.99918068241761E+03	-2.09333981924052E-01
 1.99918342031764E+03	-2.13917897716049E-01
 1.99918615821767E+03	-1.86835688126445E-01
 1.99918889611770E+03	-1.28430904746611E-01
 1.99919163401773E+03	-4.43505313187352E-02
 1.99919437191776E+03	 6.14756079652953E-02
 1.99919710981780E+03	 1.85769411975521E-01
 1.99919984771783E+03	 3.14458179744852E-01
 1.99920258561786E+03	 4.14387502798254E-01
 1.99920532351789E+03	 4.43181254625018E-01
 1.99920806141792E+03	 3.74910452353339E-01
 1.99921079931795E+03	 2.20927779796396E-01
 1.99921353721798E+03	 2.69318269427973E-02
 1.99921627511801E+03	-1.51284285725205E-01
 1.99921901301804E+03	-2.72565005415783E-01
 1.99922175091807E+03	-3.18659154062756E-01
 1.99922448881810E+03	-2.88675472065478E-01
 1.99922722671813E+03	-1.94123436263974E-01
 1.99922996461816E+03	-6.09633833382289E-02
 1.99923270251820E+03	 6.99703933760763E-02
 1.99923544041823E+03	 1.54970981737232E-01
 1.99923817831826E+03	 1.68683808677837E-01
 1.99924091621829E+03	 1.17688383372567E-01
 1.99924365411832E+03	 3.31571384304333E-02
 1.99924639201835E+03	-5.18686385153585E-02
 1.99924912991838E+03	-1.20610158159640E-01
 1.99925186781841E+03	-1.71986532799366E-01
 1.99925460571844E+03	-2.07109795434572E-01
 1.99925734361847E+03	-2.20277044153579E-01
 1.99926008151850E+03	-2.03156958134113E-01
 1.99926281941853E+03	-1.53768658141356E-01
 1.99926555731856E+03	-7.74696039703885E-02
 1.99926829521860E+03	 2.03067774555494E-02
 1.99927103311863E+03	 1.37355304642678E-01
 1.99927377101866E+03	 2.65981394034844E-01
 1.99927650891869E+03	 3.80816056433988E-01
 1.99927924681872E+03	 4.40587994083344E-01
 1.99928198471875E+03	 4.09701101262116E-01
 1.99928472261878E+03	 2.84142419454207E-01
 1.99928746051881E+03	 9.87707983388683E-02
 1.99929019841884E+03	-9.08651192738198E-02
 1.99929293631887E+03	-2.36010599254924E-01
 1.99929567421890E+03	-3.10022524301961E-01
 1.99929841211893E+03	-3.06435293416666E-01
 1.99930115001896E+03	-2.32183266069221E-01
 1.99930388791899E+03	-1.07466336754983E-01
 1.99930662581903E+03	 3.14498044628796E-02
 1.99930936371906E+03	 1.38987584772729E-01
 1.99931210161909E+03	 1.79850856557676E-01
 1.99931483951912E+03	 1.48122514006173E-01
 1.99931757741915E+03	 6.84535776677705E-02
 1.99932031531918E+03	-2.30624413978096E-02
 1.99932305321921E+03	-1.01629026407112E-01
 1.99932579111924E+03	-1.60921552509238E-01
 1.99932852901927E+03	-2.02628565908952E-01
 1.99933126691930E+03	-2.23854881552098E-01
 1.99933400481933E+03	-2.16581039162859E-01
 1.99933674271936E+03	-1.76546519052227E-01
 1.99933948061939E+03	-1.07899401270588E-01
 1.99934221851943E+03	-1.75297339475996E-02
 1.99934495641946E+03	 9.16511151051078E-02
 1.99934769431949E+03	 2.16335163480079E-01
 1.99935043221952E+03	 3.39438679817540E-01
 1.99935317011955E+03	 4.24414626963512E-01
 1.99935590801958E+03	 4.30077213185508E-01
 1.99935864591961E+03	 3.38041170097487E-01
 1.99936138381964E+03	 1.69404295035907E-01
 1.99936412171967E+03	-2.46985501687730E-02
 1.99936685961970E+03	-1.90076856975137E-01
 1.99936959751973E+03	-2.91250541628113E-01
 1.99937233541976E+03	-3.15124918007001E-01
 1.99937507331979E+03	-2.64078199825341E-01
 1.99937781121983E+03	-1.52942968290291E-01
 1.99938054911986E+03	-1.22710258443414E-02
 1.99938328701989E+03	 1.13506012463210E-01
 1.99938602491992E+03	 1.81835019882262E-01
 1.99938876281995E+03	 1.74050210588095E-01
 1.99939150071998E+03	 1.04996705457246E-01
 1.99939423862001E+03	 1.02883109908178E-02
 1.99939697652004E+03	-7.81315628164246E-02
 1.99939971442007E+03	-1.46792938201050E-01
 1.99940245232010E+03	-1.95793908223978E-01
 1.99940519022013E+03	-2.24752258016610E-01
 1.99940792812016E+03	-2.27077504758934E-01
 1.99941066602019E+03	-1.96759951494696E-01
 1.99941340392022E+03	-1.35944818861734E-01
 1.99941614182026E+03	-5.23445667790950E-02
 1.99941887972029E+03	 4.92459360288607E-02
 1.99942161762032E+03	 1.67578626724114E-01
 1.99942435552035E+03	 2.93097213463680E-01
 1.99942709342038E+03	 3.96576932372505E-01
 1.99942983132041E+03	 4.35659631459352E-01
 1.99943256922044E+03	 3.80101700749752E-01
 1.99943530712047E+03	 2.35646493347796E-01
 1.99943804502050E+03	 4.48600479937959E-02
 1.99944078292053E+03	-1.35815141318566E-01
 1.99944352082056E+03	-2.62450717654834E-01
 1.99944625872059E+03	-3.14208922918249E-01
 1.99944899662062E+03	-2.88490594552964E-01
 1.99945173452066E+03	-1.95262118524566E-01
 1.99945447242069E+03	-5.89813601964302E-02
 1.99945721032072E+03	 7.95506477755915E-02
 1.99945994822075E+03	 1.73742597538127E-01
 1.99946268612078E+03	 1.93252573546999E-01
 1.99946542402081E+03	 1.40745622008924E-01
 1.99946816192084E+03	 4.74506907970358E-02
 1.99947089982087E+03	-4.96468399451952E-02
 1.99947363772090E+03	-1.28872331613836E-01
 1.99947637562093E+03	-1.86316312176020E-01
 1.99947911352096E+03	-2.23022683823332E-01
 1.99948185142099E+03	-2.34634730063928E-01
 1.99948458932102E+03	-2.14323438986255E-01
 1.99948732722106E+03	-1.61795043807522E-01
 1.99949006512109E+03	-8.45805773620907E-02
 1.99949280302112E+03	 1.02173347137157E-02
 1.99949554092115E+03	 1.21183388151584E-01
 1.99949827882118E+03	 2.44514409045444E-01
 1.99950101672121E+03	 3.59596074041678E-01
 1.99950375462124E+03	 4.27060461787703E-01
 1.99950649252127E+03	 4.08522713955097E-01
 1.99950923042130E+03	 2.94377596361955E-01
 1.99951196832133E+03	 1.15034759504348E-01
 1.99951470622136E+03	-7.47506927767881E-02
 1.99951744412139E+03	-2.24038480741432E-01
 1.99952018202142E+03	-3.03407595528136E-01
 1.99952291992146E+03	-3.04439030821575E-01
 1.99952565782149E+03	-2.32559831161271E-01
 1.99952839572152E+03	-1.06347988059801E-01
 1.99953113362155E+03	 3.87459089450299E-02
 1.99953387152158E+03	 1.55403190765281E-01
 1.99953660942161E+03	 2.03831815688122E-01
 1.99953934732164E+03	 1.73376489889141E-01
 1.99954208522167E+03	 8.71144187717027E-02
 1.99954482312170E+03	-1.60823341376267E-02
 1.99954756102173E+03	-1.06414270267821E-01
 1.99955029892176E+03	-1.73704495760232E-01
 1.99955303682179E+03	-2.18617425784233E-01
 1.99955577472182E+03	-2.39258791018365E-01
 1.99955851262185E+03	-2.29108314422759E-01
 1.99956125052189E+03	-1.85493456200673E-01
 1.99956398842192E+03	-1.14674059321069E-01
 1.99956672632195E+03	-2.57382160583189E-02
 1.99956946422198E+03	 7.79850312229112E-02
 1.99957220212201E+03	 1.96039970988804E-01
 1.99957494002204E+03	 3.16320596501916E-01
 1.99957767792207E+03	 4.05808853956885E-01
 1.99958041582210E+03	 4.22403418999440E-01
 1.99958315372213E+03	 3.42806998034704E-01
 1.99958589162216E+03	 1.82771236804237E-01
 1.99958862952219E+03	-8.90093284101529E-03
 1.99959136742222E+03	-1.76794196534527E-01
 1.99959410532225E+03	-2.82689781770516E-01
 1.99959684322229E+03	-3.11250161993308E-01
 1.99959958112232E+03	-2.63307217702493E-01
 1.99960231902235E+03	-1.52097626478370E-01
 1.99960505692238E+03	-6.84314068109568E-03
 1.99960779482241E+03	 1.27392461533618E-01
 1.99961053272244E+03	 2.04417585779156E-01
 1.99961327062247E+03	 2.00497923311361E-01
 1.99961600852250E+03	 1.27438940696905E-01
 1.99961874642253E+03	 2.21508818849465E-02
 1.99962148432256E+03	-7.88001519488894E-02
 1.99962422222259E+03	-1.57298988056717E-01
 1.99962696012262E+03	-2.11333830926334E-01
 1.99962969802265E+03	-2.40948779420937E-01
 1.99963243592269E+03	-2.40980048812587E-01
 1.99963517382272E+03	-2.06946298490049E-01
 1.99963791172275E+03	-1.42947915600189E-01
 1.99964064962278E+03	-5.91437861342624E-02
 1.99964338752281E+03	 3.82215251479704E-02
 1.99964612542284E+03	 1.49462457184142E-01
 1.99964886332287E+03	 2.69623552522954E-01
 1.99965160122290E+03	 3.74176109625204E-01
 1.99965433912293E+03	 4.21835033619355E-01
 1.99965707702296E+03	 3.78731808987965E-01
 1.99965981492299E+03	 2.44940279358937E-01
 1.99966255282302E+03	 5.92580880336352E-02
 1.99966529072305E+03	-1.21922284936110E-01
 1.99966802862308E+03	-2.52291236647324E-01
 1.99967076652312E+03	-3.08522736584363E-01
 1.99967350442315E+03	-2.86330415361338E-01
 1.99967624232318E+03	-1.94166073492994E-01
 1.99967898022321E+03	-5.49026083524621E-02
 1.99968171812324E+03	 9.09743107258321E-02
 1.99968445602327E+03	 1.94318641421740E-01
 1.99968719392330E+03	 2.19890024373692E-01
 1.99968993182333E+03	 1.66175799069049E-01
 1.99969266972336E+03	 6.40641528347188E-02
 1.99969540762339E+03	-4.56964096434862E-02
 1.99969814552342E+03	-1.36352248391169E-01
 1.99970088342345E+03	-2.00783035744847E-01
 1.99970362132348E+03	-2.39652440283117E-01
 1.99970635922352E+03	-2.49821281130565E-01
 1.99970909712355E+03	-2.25959257864543E-01
 1.99971183502358E+03	-1.69549075533212E-01
 1.99971457292361E+03	-9.05773456659346E-02
 1.99971731082364E+03	 1.64510896403741E-03
 1.99972004872367E+03	 1.05907888281634E-01
 1.99972278662370E+03	 2.22114056967945E-01
 1.99972552452373E+03	 3.34920679193393E-01
 1.99972826242376E+03	 4.07887128993881E-01
 1.99973100032379E+03	 4.00755472790374E-01
 1.99973373822382E+03	 2.98585207942648E-01
 1.99973647612385E+03	 1.26889181735189E-01
 1.99973921402388E+03	-6.10923690094089E-02
 1.99974195192392E+03	-2.12757171563738E-01
 1.99974468982395E+03	-2.96100938793543E-01
 1.99974742772398E+03	-3.00793169904540E-01
 1.99975016562401E+03	-2.30799927253269E-01
 1.99975290352404E+03	-1.03066884102179E-01
 1.99975564142407E+03	 4.79731599892855E-02
 1.99975837932410E+03	 1.73600540307918E-01
 1.99976111722413E+03	 2.29736461927606E-01
 1.99976385512416E+03	 2.00855401686795E-01
 1.99976659302419E+03	 1.08086061874782E-01
 1.99976933092422E+03	-7.20296450078938E-03
 1.99977206882425E+03	-1.10150991522143E-01
 1.99977480672428E+03	-1.86391925676641E-01
 1.99977754462431E+03	-2.35212716916924E-01
 1.99978028252435E+03	-2.55531663423284E-01
 1.99978302042438E+03	-2.42286396001570E-01
 1.99978575832441E+03	-1.94432908477627E-01
 1.99978849622444E+03	-1.20529701982106E-01
 1.99979123412447E+03	-3.23156820674933E-02
 1.99979397202450E+03	 6.58326684433173E-02
 1.99979670992453E+03	 1.75900051658382E-01
 1.99979944782456E+03	 2.90985285485855E-01
 1.99980218572459E+03	 3.82485798023946E-01
 1.99980492362462E+03	 4.08433706950816E-01
 1.99980766152465E+03	 3.41185264572556E-01
 1.99981039942468E+03	 1.90957405819567E-01
 1.99981313732471E+03	 3.55838378713291E-03
 1.99981587522475E+03	-1.64998938315941E-01
 1.99981861312478E+03	-2.74069588880557E-01
 1.99982135102481E+03	-3.06158472425292E-01
 1.99982408892484E+03	-2.60606267022006E-01
 1.99982682682487E+03	-1.49095427812486E-01
 1.99982956472490E+03	 5.96435185078888E-04
 1.99983230262493E+03	 1.43080615209072E-01
 1.99983504052496E+03	 2.28819255102674E-01
 1.99983777842499E+03	 2.29017107879612E-01
 1.99984051632502E+03	 1.52134488770927E-01
 1.99984325422505E+03	 3.60334624052313E-02
 1.99984599212508E+03	-7.81674928074722E-02
 1.99984873002511E+03	-1.67449422165146E-01
 1.99985146792515E+03	-2.27320449922614E-01
 1.99985420582518E+03	-2.58002551426654E-01
 1.99985694372521E+03	-2.55674803377596E-01
 1.99985968162524E+03	-2.17388114139889E-01
 1.99986241952527E+03	-1.49304173905551E-01
 1.99986515742530E+03	-6.43728830438838E-02
 1.99986789532533E+03	 2.91044372458277E-02
 1.99987063322536E+03	 1.32431052073257E-01
 1.99987337112539E+03	 2.45185437997523E-01
 1.99987610902542E+03	 3.48195928479394E-01
 1.99987884692545E+03	 4.02323027179086E-01
 1.99988158482548E+03	 3.70900935284574E-01
 1.99988432272551E+03	 2.48449388685486E-01
 1.99988706062555E+03	 6.94787740799939E-02
 1.99988979852558E+03	-1.10347773698341E-01
 1.99989253642561E+03	-2.42776211145235E-01
 1.99989527432564E+03	-3.02147801953372E-01
 1.99989801222567E+03	-2.82555390887696E-01
 1.99990075012570E+03	-1.91009218689735E-01
 1.99990348802573E+03	-4.87667004076437E-02
 1.99990622592576E+03	 1.04243308621248E-01
 1.99990896382579E+03	 2.16650834277776E-01
 1.99991170172582E+03	 2.48454250786774E-01
 1.99991443962585E+03	 1.93763156237793E-01
 1.99991717752588E+03	 8.27638021504852E-02
 1.99991991542591E+03	-4.02191884521612E-02
 1.99992265332594E+03	-1.43199583781097E-01
 1.99992539122598E+03	-2.15489980695922E-01
 1.99992812912601E+03	-2.57072203207181E-01
 1.99993086702604E+03	-2.65891048795594E-01
 1.99993360492607E+03	-2.38088295753608E-01
 1.99993634282610E+03	-1.76967830823978E-01
 1.99993908072613E+03	-9.52045924277780E-02
 1.99994181862616E+03	-4.84798948974792E-03
 1.99994455652619E+03	 9.24374217215146E-02
 1.99994729442622E+03	 1.99929789350596E-01
 1.99995003232625E+03	 3.07933858741531E-01
 1.99995277022628E+03	 3.83919628406462E-01
 1.99995550812631E+03	 3.86765938958107E-01
 1.99995824602634E+03	 2.96627081261026E-01
 1.99996098392638E+03	 1.33822006016783E-01
 1.99996372182641E+03	-5.05848215815269E-02
 1.99996645972644E+03	-2.02876038264255E-01
 1.99996919762647E+03	-2.88714512050346E-01
 1.99997193552650E+03	-2.95949722479209E-01
 1.99997467342653E+03	-2.27175458543793E-01
 1.99997741132656E+03	-9.77427289331035E-02
 1.99998014922659E+03	 5.90900523260522E-02
 1.99998288712662E+03	 1.93526766880415E-01
 1.99998562502665E+03	 2.57442573959558E-01
 1.99998836292668E+03	 2.30368510104239E-01
 1.99999110082671E+03	 1.31154588944359E-01
 1.99999383872674E+03	 3.38861009550134E-03
 1.99999657662678E+03	-1.12974903791740E-01
 1.99999931452681E+03	-1.99072219612560E-01
 2.00000205242684E+03	-2.52473819896192E-01
 2.00000479032687E+03	-2.72721330567195E-01
 2.00000752822690E+03	-2.56152466785029E-01
 2.00001026612693E+03	-2.03353770606855E-01
 2.00001300402696E+03	-1.25314609386455E-01
 2.00001574192699E+03	-3.68434062834541E-02
 2.00001847982702E+03	 5.59682650113143E-02
 2.00002121772705E+03	 1.57007896697674E-01
 2.00002395562708E+03	 2.64647096248081E-01
 2.00002669352711E+03	 3.55491552055147E-01
 2.00002943142714E+03	 3.88795227437498E-01
 2.00003216932717E+03	 3.33285371333281E-01
 2.00003490722721E+03	 1.93627147480165E-01
 2.00003764512724E+03	 1.20726841930128E-02
 2.00004038302727E+03	-1.55387544297275E-01
 2.00004312092730E+03	-2.66042194119359E-01
 2.00004585882733E+03	-3.00376872829151E-01
 2.00004859672736E+03	-2.56339098483825E-01
 2.00005133462739E+03	-1.44142565951474E-01
 2.00005407252742E+03	 9.94649140970227E-03
 2.00005681042745E+03	 1.60493854429274E-01
 2.00005954832748E+03	 2.54922191154645E-01
 2.00006228622751E+03	 2.59433039691804E-01
 2.00006502412754E+03	 1.78885101123994E-01
 2.00006776202757E+03	 5.17625317379385E-02
 2.00007049992761E+03	-7.63542292567790E-02
 2.00007323782764E+03	-1.77314015318038E-01
 2.00007597572767E+03	-2.43792974011774E-01
 2.00007871362770E+03	-2.75944968939917E-01
 2.00008145152773E+03	-2.71196767285041E-01
 2.00008418942776E+03	-2.28104461976170E-01
 2.00008692732779E+03	-1.54943534864431E-01
 2.00008966522782E+03	-6.77476832596428E-02
 2.00009240312785E+03	 2.25156790367844E-02
 2.00009514102788E+03	 1.17470740492094E-01
 2.00009787892791E+03	 2.21002840513731E-01
 2.00010061682794E+03	 3.19822499851230E-01
 2.00010335472797E+03	 3.77988285665432E-01
 2.00010609262801E+03	 3.56978312623140E-01
 2.00010883052804E+03	 2.46049679252367E-01
 2.00011156842807E+03	 7.50439881318333E-02
 2.00011430632810E+03	-1.01739912834389E-01
 2.00011704422813E+03	-2.34570617062567E-01
 2.00011978212816E+03	-2.95665705288564E-01
 2.00012252002819E+03	-2.77609266181081E-01
 2.00012525792822E+03	-1.86083840266927E-01
 2.00012799582825E+03	-4.07453900638805E-02
 2.00013073372828E+03	 1.19240304429631E-01
 2.00013347162831E+03	 2.40609401879734E-01
 2.00013620952834E+03	 2.78774739472242E-01
 2.00013894742837E+03	 2.23317717536191E-01
 2.00014168532840E+03	 1.03385179902572E-01
 2.00014442322844E+03	-3.33226653884616E-02
 2.00014716112847E+03	-1.49464311052024E-01
 2.00014989902850E+03	-2.30451677612122E-01
 2.00015263692853E+03	-2.75288877540427E-01
 2.00015537482856E+03	-2.82863565367847E-01
 2.00015811272859E+03	-2.50739355218573E-01
 2.00016085062862E+03	-1.84038076361877E-01
 2.00016358852865E+03	-9.82946484133195E-02
 2.00016632642868E+03	-8.79884956967860E-03
 2.00016906432871E+03	 8.16154515837341E-02
 2.00017180222874E+03	 1.79125881492826E-01
 2.00017454012877E+03	 2.79898865584521E-01
 2.00017727802880E+03	 3.56220947591762E-01
 2.00018001592884E+03	 3.67179578298696E-01
 2.00018275382887E+03	 2.88616191570075E-01
 2.00018549172890E+03	 1.35521937813603E-01
 2.00018822962893E+03	-4.37914005328956E-02
 2.00019096752896E+03	-1.95042768015817E-01
 2.00019370542899E+03	-2.81860997633144E-01
 2.00019644332902E+03	-2.90415973327000E-01
 2.00019918122905E+03	-2.22058121940583E-01
 2.00020191912908E+03	-9.06224782057413E-02
 2.00020465702911E+03	 7.19254146047373E-02
 2.00020739492914E+03	 2.15024557169781E-01
 2.00021013282917E+03	 2.86770490048676E-01
 2.00021287072920E+03	 2.61724111537288E-01
 2.00021560862924E+03	 1.56157085737399E-01
 2.00021834652927E+03	 1.55928776966152E-02
 2.00022108442930E+03	-1.14918035873494E-01
 2.00022382232933E+03	-2.11733161039044E-01
 2.00022656022936E+03	-2.70377199792665E-01
 2.00022929812939E+03	-2.90821031318694E-01
 2.00023203602942E+03	-2.70726962006891E-01
 2.00023477392945E+03	-2.12274310143075E-01
 2.00023751182948E+03	-1.28952973689957E-01
 2.00024024972951E+03	-3.90078089632804E-02
 2.00024298762954E+03	 4.90703389034346E-02
 2.00024572552957E+03	 1.40419158804967E-01
 2.00024846342960E+03	 2.38580353814100E-01
 2.00025120132964E+03	 3.26034751931823E-01
 2.00025393922967E+03	 3.64349384981211E-01
 2.00025667712970E+03	 3.19470525887076E-01
 2.00025941502973E+03	 1.90668933251515E-01
 2.00026215292976E+03	 1.62003713315748E-02
 2.00026489082979E+03	-1.48558494512984E-01
 2.00026762872982E+03	-2.59225611994417E-01
 2.00027036662985E+03	-2.94456266957049E-01
 2.00027310452988E+03	-2.50944757640743E-01
 2.00027584242991E+03	-1.37559566400250E-01
 2.00027858032994E+03	 2.09739521728392E-02
 2.00028131822997E+03	 1.79434102329991E-01
 2.00028405613000E+03	 2.82524118033328E-01
 2.00028679403003E+03	 2.91540675177332E-01
 2.00028953193007E+03	 2.07519396324653E-01
 2.00029226983010E+03	 6.92381995754628E-02
 2.00029500773013E+03	-7.33797366550017E-02
 2.00029774563016E+03	-1.86854738760462E-01
 2.00030048353019E+03	-2.60693928109277E-01
 2.00030322143022E+03	-2.94734744562876E-01
 2.00030595933025E+03	-2.87542880363999E-01
 2.00030869723028E+03	-2.39121266389145E-01
 2.00031143513031E+03	-1.59853808613018E-01
 2.00031417303034E+03	-6.90850031116122E-02
 2.00031691093037E+03	 1.89619550605074E-02
 2.00031964883040E+03	 1.05487993370123E-01
 2.00032238673043E+03	 1.98297422635117E-01
 2.00032512463047E+03	 2.90348038998869E-01
 2.00032786253050E+03	 3.49891821666779E-01
 2.00033060043053E+03	 3.37575762006346E-01
 2.00033333833056E+03	 2.37854015031359E-01
 2.00033607623059E+03	 7.56686418740568E-02
 2.00033881413062E+03	-9.66150257170539E-02
 2.00034155203065E+03	-2.28270330612323E-01
 2.00034428993068E+03	-2.89648605805435E-01
 2.00034702783071E+03	-2.71982147476011E-01
 2.00034976573074E+03	-1.79776571733095E-01
 2.00035250363077E+03	-3.11360409370273E-02
 2.00035524153080E+03	 1.35717000757970E-01
 2.00035797943083E+03	 2.65957380544190E-01
 2.00036071733087E+03	 3.10621110973361E-01
 2.00036345523090E+03	 2.54648006214940E-01
 2.00036619313093E+03	 1.25816936524228E-01
 2.00036893103096E+03	-2.50223746148893E-02
 2.00037166893099E+03	-1.55087024174603E-01
 2.00037440683102E+03	-2.45576110293680E-01
 2.00037714473105E+03	-2.94221152689116E-01
 2.00037988263108E+03	-3.00700430152721E-01
 2.00038262053111E+03	-2.63925071257138E-01
 2.00038535843114E+03	-1.90782223650125E-01
 2.00038809633117E+03	-9.97678090874635E-02
 2.00039083423120E+03	-9.86513966738269E-03
 2.00039357213123E+03	 7.41736857478200E-02
 2.00039631003126E+03	 1.60815163693915E-01
 2.00039904793130E+03	 2.52125060828552E-01
 2.00040178583133E+03	 3.26001552625843E-01
 2.00040452373136E+03	 3.42839331242863E-01
 2.00040726163139E+03	 2.74903254573115E-01
 2.00040999953142E+03	 1.31890660655726E-01
 2.00041273743145E+03	-4.11134960704080E-02
 2.00041547533148E+03	-1.89802481882432E-01
 2.00041821323151E+03	-2.76109836633638E-01
 2.00042095113154E+03	-2.84713790486186E-01
 2.00042368903157E+03	-2.15888268451229E-01
 2.00042642693160E+03	-8.20644249336646E-02
 2.00042916483163E+03	 8.61760158847552E-02
 2.00043190273166E+03	 2.37812956429689E-01
 2.00043464063170E+03	 3.17453455023414E-01
 2.00043737853173E+03	 2.94698528702089E-01
 2.00044011643176E+03	 1.82957753326693E-01
 2.00044285433179E+03	 2.93860856903223E-02
 2.00044559223182E+03	-1.15907843715772E-01
 2.00044833013185E+03	-2.24250990651775E-01
 2.00045106803188E+03	-2.88798986952819E-01
 2.00045380593191E+03	-3.09748557163156E-01
 2.00045654383194E+03	-2.85992042144517E-01
 2.00045928173197E+03	-2.21224136364418E-01
 2.00046201963200E+03	-1.31437180977593E-01
 2.00046475753203E+03	-3.86113494266644E-02
 2.00046749543206E+03	 4.56862627618776E-02
 2.00047023333210E+03	 1.27093610512139E-01
 2.00047297123213E+03	 2.14046273766887E-01
 2.00047570913216E+03	 2.95414968767226E-01
 2.00047844703219E+03	 3.36137107242713E-01
 2.00048118493222E+03	 3.00329296088594E-01
 2.00048392283225E+03	 1.82194293366678E-01
 2.00048666073228E+03	 1.56859626578369E-02
 2.00048939863231E+03	-1.44977060185231E-01
 2.00049213653234E+03	-2.54161626368698E-01
 2.00049487443237E+03	-2.88929091993277E-01
 2.00049761233240E+03	-2.44901162495445E-01
 2.00050035023243E+03	-1.29757033241468E-01
 2.00050308813246E+03	 3.33211550557073E-02
 2.00050582603249E+03	 1.99570983465921E-01
 2.00050856393253E+03	 3.11313123746221E-01
 2.00051130183256E+03	 3.25072840878966E-01
 2.00051403973259E+03	 2.37863345685162E-01
 2.00051677763262E+03	 8.84138629648795E-02
 2.00051951553265E+03	-6.91703672930845E-02
 2.00052225343268E+03	-1.95922729135811E-01
 2.00052499133271E+03	-2.77857641192501E-01
 2.00052772923274E+03	-3.14240799208643E-01
 2.00053046713277E+03	-3.04651798588407E-01
 2.00053320503280E+03	-2.50451323312483E-01
 2.00053594293283E+03	-1.64066843089263E-01
 2.00053868083286E+03	-6.83034471096062E-02
 2.00054141873289E+03	 1.88121788150799E-02
 2.00054415663293E+03	 9.72603285162487E-02
 2.00054689453296E+03	 1.78223499661306E-01
 2.00054963243299E+03	 2.61095415633972E-01
 2.00055237033302E+03	 3.19225503093531E-01
 2.00055510823305E+03	 3.13504877949341E-01
 2.00055784613308E+03	 2.24197017537870E-01
 2.00056058403311E+03	 7.12702998596044E-02
 2.00056332193314E+03	-9.53298711520391E-02
 2.00056605983317E+03	-2.24364099855532E-01
 2.00056879773320E+03	-2.84617342688112E-01
 2.00057153563323E+03	-2.66170860625323E-01
 2.00057427353326E+03	-1.72537353564647E-01
 2.00057701143329E+03	-2.03450901965885E-02
 2.00057974933333E+03	 1.53292753577161E-01
 2.00058248723336E+03	 2.92332300083207E-01
 2.00058522513339E+03	 3.43673509664677E-01
 2.00058796303342E+03	 2.87528530543356E-01
 2.00059070093345E+03	 1.49973473284396E-01
 2.00059343883348E+03	-1.52589923784346E-02
 2.00059617673351E+03	-1.59904492166038E-01
 2.00059891463354E+03	-2.60660258802813E-01
 2.00060165253357E+03	-3.13687491864547E-01
 2.00060439043360E+03	-3.19287989347726E-01
 2.00060712833363E+03	-2.77621935381866E-01
 2.00060986623366E+03	-1.97240535460808E-01
 2.00061260413369E+03	-9.96246752673358E-02
 2.00061534203373E+03	-7.83706063516479E-03
 2.00061807993376E+03	 7.06947307408220E-02
 2.00062081783379E+03	 1.45997540650936E-01
 2.00062355573382E+03	 2.25892716725445E-01
 2.00062629363385E+03	 2.94546445073357E-01
 2.00062903153388E+03	 3.14750024834903E-01
 2.00063176943391E+03	 2.56047141396017E-01
 2.00063450733394E+03	 1.23039772612784E-01
 2.00063724523397E+03	-4.27723784023886E-02
 2.00063998313400E+03	-1.87565601833557E-01
 2.00064272103403E+03	-2.71947820920640E-01
 2.00064545893406E+03	-2.79338909053294E-01
 2.00064819683409E+03	-2.09139011929203E-01
 2.00065093473412E+03	-7.25135167993859E-02
 2.00065367263416E+03	 1.01414916401385E-01
 2.00065641053419E+03	 2.61477725073769E-01
 2.00065914843422E+03	 3.49113023122133E-01
 2.00066188633425E+03	 3.29003527816756E-01
 2.00066462423428E+03	 2.11415704118209E-01
 2.00066736213431E+03	 4.47952562740966E-02
 2.00067010003434E+03	-1.15781503500180E-01
 2.00067283793437E+03	-2.36393861052900E-01
 2.00067557583440E+03	-3.07509248072702E-01
 2.00067831373443E+03	-3.29333272474304E-01
 2.00068105163446E+03	-3.01873457034389E-01
 2.00068378953449E+03	-2.30224646837021E-01
 2.00068652743452E+03	-1.32813780512767E-01
 2.00068926533456E+03	-3.55736004894814E-02
 2.00069200323459E+03	 4.62074653187281E-02
 2.00069474113462E+03	 1.17844007453554E-01
 2.00069747903465E+03	 1.92221995047193E-01
 2.00070021693468E+03	 2.64946116013421E-01
 2.00070295483471E+03	 3.05312936237363E-01
 2.00070569273474E+03	 2.76632360286154E-01
 2.00070843063477E+03	 1.68521315964919E-01
 2.00071116853480E+03	 1.04673423233426E-02
 2.00071390643483E+03	-1.44950801011842E-01
 2.00071664433486E+03	-2.51280757523572E-01
 2.00071938223489E+03	-2.84269626165421E-01
 2.00072212013492E+03	-2.38686505772470E-01
 2.00072485803496E+03	-1.21204483466421E-01
 2.00072759593499E+03	 4.65234214528055E-02
 2.00073033383502E+03	 2.20441876004325E-01
 2.00073307173505E+03	 3.40850449135403E-01
 2.00073580963508E+03	 3.59670569144609E-01
 2.00073854753511E+03	 2.69705889652992E-01
 2.00074128543514E+03	 1.09264974244344E-01
 2.00074402333517E+03	-6.35820409378368E-02
 2.00074676123520E+03	-2.04270118692265E-01
 2.00074949913523E+03	-2.95011755663743E-01
 2.00075223703526E+03	-3.34234869756210E-01
 2.00075497493529E+03	-3.22389226625411E-01
 2.00075771283532E+03	-2.62075101821809E-01
 2.00076045073535E+03	-1.67640448344421E-01
 2.00076318863539E+03	-6.54155499333201E-02
 2.00076592653542E+03	 2.22850256383754E-02
 2.00076866443545E+03	 9.33973897550761E-02
 2.00077140233548E+03	 1.61804848150789E-01
 2.00077414023551E+03	 2.33341942817133E-01
 2.00077687813554E+03	 2.87238999371046E-01
 2.00077961603557E+03	 2.85721641478410E-01
 2.00078235393560E+03	 2.05605046523396E-01
 2.00078509183563E+03	 6.19644272006634E-02
 2.00078782973566E+03	-9.80662867133593E-02
 2.00079056763569E+03	-2.23204596342348E-01
 2.00079330553572E+03	-2.81004725685759E-01
 2.00079604343575E+03	-2.60639834316846E-01
 2.00079878133579E+03	-1.64843826116834E-01
 2.00080151923582E+03	-8.86248336939153E-03
 2.00080425713585E+03	 1.71464503561424E-01
 2.00080699503588E+03	 3.19238084015928E-01
 2.00080973293591E+03	 3.77498635575903E-01
 2.00081247083594E+03	 3.21666161334039E-01
 2.00081520873597E+03	 1.75759702673049E-01
 2.00081794663600E+03	-3.92813186788322E-03
 2.00082068453603E+03	-1.63669837268349E-01
 2.00082342243606E+03	-2.75399501533372E-01
 2.00082616033609E+03	-3.33405358655658E-01
 2.00082889823612E+03	-3.38427536630292E-01
 2.00083163613615E+03	-2.91753375414370E-01
 2.00083437403619E+03	-2.03451378238871E-01
 2.00083711193622E+03	-9.79315899904105E-02
 2.00083984983625E+03	-2.63853713628968E-03
 2.00084258773628E+03	 7.15862402531578E-02
 2.00084532563631E+03	 1.35507419460961E-01
 2.00084806353634E+03	 2.02381136026684E-01
 2.00085080143637E+03	 2.63138653213005E-01
 2.00085353933640E+03	 2.84013182055827E-01
 2.00085627723643E+03	 2.32772009374316E-01
 2.00085901513646E+03	 1.09273435114311E-01
 2.00086175303649E+03	-4.88042210876966E-02
 2.00086449093652E+03	-1.88586486209372E-01
 2.00086722883655E+03	-2.69747125278890E-01
 2.00086996673658E+03	-2.74723390005147E-01
 2.00087270463662E+03	-2.02278409819186E-01
 2.00087544253665E+03	-6.24695793176020E-02
 2.00087818043668E+03	 1.17110650762679E-01
 2.00088091833671E+03	 2.85473284802622E-01
 2.00088365623674E+03	 3.81243107049107E-01
 2.00088639413677E+03	 3.64256431180393E-01
 2.00088913203680E+03	 2.41348416400271E-01
 2.00089186993683E+03	 6.18629222209072E-02
 2.00089460783686E+03	-1.14313839087379E-01
 2.00089734573689E+03	-2.47839399742146E-01
 2.00090008363692E+03	-3.26178606476346E-01
 2.00090282153695E+03	-3.49312336995142E-01
 2.00090555943698E+03	-3.18227571872965E-01
 2.00090829733702E+03	-2.39269870190568E-01
 2.00091103523705E+03	-1.33164704447972E-01
 2.00091377313708E+03	-2.99230085761078E-02
 2.00091651103711E+03	 5.08564811684102E-02
 2.00091924893714E+03	 1.13296078725665E-01
 2.00092198683717E+03	 1.74136584475351E-01
 2.00092472473720E+03	 2.35880421443361E-01
 2.00092746263723E+03	 2.73073068368115E-01
 2.00093020053726E+03	 2.49278240569121E-01
 2.00093293843729E+03	 1.50144694893602E-01
 2.00093567633732E+03	 6.69479601450831E-04
 2.00093841423735E+03	-1.48617046978960E-01
 2.00094115213738E+03	-2.50876561727794E-01
 2.00094389003742E+03	-2.80859923142916E-01
 2.00094662793745E+03	-2.32741463878800E-01
 2.00094936583748E+03	-1.12394516474105E-01
 2.00095210373751E+03	 6.00361412959165E-02
 2.00095484163754E+03	 2.41463983460895E-01
 2.00095757953757E+03	 3.70564205912546E-01
 2.00096031743760E+03	 3.94859690270477E-01
 2.00096305533763E+03	 3.02764032780632E-01
 2.00096579323766E+03	 1.31750609295911E-01
 2.00096853113769E+03	-5.64347048069184E-02
 2.00097126903772E+03	-2.11575554871169E-01
 2.00097400693775E+03	-3.11791703382525E-01
 2.00097674483778E+03	-3.54394644957520E-01
 2.00097948273782E+03	-3.40540267845063E-01
 2.00098222063785E+03	-2.73924206214668E-01
 2.00098495853788E+03	-1.70637937458841E-01
 2.00098769643791E+03	-6.05124509009755E-02
 2.00099043433794E+03	 2.94477798254310E-02
 2.00099317223797E+03	 9.43144160244913E-02
 2.00099591013800E+03	 1.49881482019006E-01
 2.00099864803803E+03	 2.08247721542880E-01
 2.00100138593806E+03	 2.55164598361143E-01
 2.00100412383809E+03	 2.55262967080950E-01
 2.00100686173812E+03	 1.82754317257741E-01
 2.00100959963815E+03	 4.80464109902826E-02
 2.00101233753818E+03	-1.04828504064555E-01
 2.00101507543821E+03	-2.24990259106783E-01
 2.00101781333825E+03	-2.79126589060276E-01
 2.00102055123828E+03	-2.55785441889580E-01
 2.00102328913831E+03	-1.57163769125375E-01
 2.00102602703834E+03	 2.77139588660635E-03
 2.00102876493837E+03	 1.89628224744454E-01
 2.00103150283840E+03	 3.46049277120628E-01
 2.00103424073843E+03	 4.11535082091112E-01
 2.00103697863846E+03	 3.56669829155797E-01
 2.00103971653849E+03	 2.03032179107073E-01
 2.00104245443852E+03	 9.08048642379136E-03
 2.00104519233855E+03	-1.66085263636475E-01
 2.00104793023858E+03	-2.89410027132460E-01
 2.00105066813861E+03	-3.53001869467350E-01
 2.00105340603865E+03	-3.57834061191529E-01
 2.00105614393868E+03	-3.06177556991027E-01
 2.00105888183871E+03	-2.09431495908261E-01
 2.00106161973874E+03	-9.48008603259536E-02
 2.00106435763877E+03	 5.68155137653503E-03
 2.00106709553880E+03	 7.70677419417416E-02
 2.00106983343883E+03	 1.29973261693673E-01
 2.00107257133886E+03	 1.82604907716827E-01
 2.00107530923889E+03	 2.32984640803906E-01
 2.00107804713892E+03	 2.51757262905271E-01
 2.00108078503895E+03	 2.05914872766758E-01
 2.00108352293898E+03	 9.10587831551519E-02
 2.00108626083901E+03	-5.90679117633537E-02
 2.00108899873905E+03	-1.92953837883368E-01
 2.00109173663908E+03	-2.69742840679566E-01
 2.00109447453911E+03	-2.71203953532053E-01
 2.00109721243914E+03	-1.95732482427155E-01
 2.00109995033917E+03	-5.24505448068267E-02
 2.00110268823920E+03	 1.32656557353660E-01
 2.00110542613923E+03	 3.09137419652240E-01
 2.00110816403926E+03	 4.13205636611924E-01
 2.00111090193929E+03	 3.99957128645112E-01
 2.00111363983932E+03	 2.72495384597829E-01
 2.00111637773935E+03	 8.06056019982614E-02
 2.00111911563938E+03	-1.11255932353859E-01
 2.00112185353941E+03	-2.58204683855070E-01
 2.00112459143944E+03	-3.44396687364292E-01
 2.00112732933948E+03	-3.69336613858535E-01
 2.00113006723951E+03	-3.34834877777743E-01
 2.00113280513954E+03	-2.48309612778849E-01
 2.00113554303957E+03	-1.32585731099294E-01
 2.00113828093960E+03	-2.17806457619930E-02
 2.00114101883963E+03	 5.96860450035111E-02
 2.00114375673966E+03	 1.13861842180430E-01
 2.00114649463969E+03	 1.60618114082144E-01
 2.00114923253972E+03	 2.09338231754580E-01
 2.00115197043975E+03	 2.40582673875275E-01
 2.00115470833978E+03	 2.19232415732554E-01
 2.00115744623981E+03	 1.27695213519785E-01
 2.00116018413984E+03	-1.34141496405350E-02
 2.00116292203988E+03	-1.55942615302118E-01
 2.00116565993991E+03	-2.53090714121068E-01
 2.00116839783994E+03	-2.78963686177553E-01
 2.00117113573997E+03	-2.27434929455880E-01
 2.00117387364000E+03	-1.03804779267127E-01
 2.00117661154003E+03	 7.32699181492528E-02
 2.00117934944006E+03	 2.61958618721306E-01
 2.00118208734009E+03	 3.99756099798208E-01
 2.00118482524012E+03	 4.30037371014571E-01
 2.00118756314015E+03	 3.36651964204651E-01
 2.00119030104018E+03	 1.55772342956893E-01
 2.00119303894021E+03	-4.75549284261332E-02
 2.00119577684024E+03	-2.17480852885401E-01
 2.00119851474028E+03	-3.27766841480495E-01
 2.00120125264031E+03	-3.74317272211958E-01
 2.00120399054034E+03	-3.58809650239961E-01
 2.00120672844037E+03	-2.85869178225845E-01
 2.00120946634040E+03	-1.73107387239119E-01
 2.00121220424043E+03	-5.37429269867278E-02
 2.00121494214046E+03	 4.02257894326485E-02
 2.00121768004049E+03	 1.00219260763422E-01
 2.00122041794052E+03	 1.43069609110694E-01
 2.00122315584055E+03	 1.86793335893867E-01
 2.00122589374058E+03	 2.24145273888938E-01
 2.00122863164061E+03	 2.23180077599079E-01
 2.00123136954064E+03	 1.56420786514015E-01
 2.00123410744067E+03	 2.99624037519589E-02
 2.00123684534071E+03	-1.15452616871741E-01
 2.00123958324074E+03	-2.29758714558435E-01
 2.00124232114077E+03	-2.79162418903120E-01
 2.00124505904080E+03	-2.51906286086522E-01
 2.00124779694083E+03	-1.49918209008607E-01
 2.00125053484085E+03	 1.40042531646547E-02
 2.00125327274089E+03	 2.07111141722916E-01
 2.00125601064092E+03	 3.72028677265345E-01
 2.00125874854095E+03	 4.45090904752404E-01
 2.00126148644098E+03	 3.92027794047554E-01
 2.00126422434101E+03	 2.31561334048094E-01
 2.00126696224104E+03	 2.38388514648792E-02
 2.00126970014107E+03	-1.66843960167014E-01
 2.00127243804111E+03	-3.02262125139342E-01
 2.00127517594114E+03	-3.72034993531750E-01
 2.00127791384117E+03	-3.77143828935179E-01
 2.00128065174120E+03	-3.20681214148196E-01
 2.00128338964123E+03	-2.15158323832053E-01
 2.00128612754126E+03	-9.03679101327989E-02
 2.00128886544129E+03	 1.69666706712925E-02
 2.00129160334132E+03	 8.71703006755505E-02
 2.00129434124135E+03	 1.29791476575967E-01
 2.00129707914138E+03	 1.67362403872130E-01
 2.00129981704141E+03	 2.05146813149104E-01
 2.00130255494144E+03	 2.19068514934382E-01
 2.00130529284147E+03	 1.76367866538780E-01
 2.00130803074151E+03	 6.89869082571712E-02
 2.00131076864154E+03	-7.32643648739202E-02
 2.00131350654157E+03	-2.00592965747373E-01
 2.00131624444160E+03	-2.72021234785995E-01
 2.00131898234163E+03	-2.68998292268797E-01
 2.00132172024166E+03	-1.89851647174800E-01
 2.00132445814169E+03	-4.29531207919570E-02
 2.00132719604172E+03	 1.47408705790072E-01
 2.00132993394175E+03	 3.31718784291857E-01
 2.00133267184178E+03	 4.44239805945936E-01
 2.00133540974181E+03	 4.35475657445406E-01
 2.00133814764184E+03	 3.04486641710345E-01
 2.00134088554187E+03	 1.00970792652843E-01
 2.00134362344191E+03	-1.06380319131184E-01
 2.00134636134194E+03	-2.67085670856023E-01
 2.00134909924197E+03	-3.61700728721934E-01
 2.00135183714200E+03	-3.88985885082970E-01
 2.00135457504203E+03	-3.51400797724374E-01
 2.00135731294206E+03	-2.57236683151131E-01
 2.00136005084209E+03	-1.31164455861586E-01
 2.00136278874212E+03	-1.13379306406558E-02
 2.00136552664215E+03	 7.25894819436577E-02
 2.00136826454218E+03	 1.19727434692945E-01
 2.00137100244221E+03	 1.52255052495833E-01
 2.00137374034224E+03	 1.86248383622916E-01
 2.00137647824227E+03	 2.08907732526379E-01
 2.00137921614230E+03	 1.87464529696752E-01
 2.00138195404234E+03	 1.01892161208913E-01
 2.00138469194237E+03	-3.13504092270932E-02
 2.00138742984240E+03	-1.66735133149479E-01
 2.00139016774243E+03	-2.57909468296113E-01
 2.00139290564246E+03	-2.78709695685637E-01
 2.00139564354249E+03	-2.23035615540312E-01
 2.00139838144252E+03	-9.58603488959182E-02
 2.00140111934255E+03	 8.56316089039507E-02
 2.00140385724258E+03	 2.81186784012722E-01
 2.00140659514261E+03	 4.27622080938840E-01
 2.00140933304264E+03	 4.64471436469933E-01
 2.00141207094267E+03	 3.70858507323944E-01
 2.00141480884270E+03	 1.81135361818084E-01
 2.00141754674274E+03	-3.68219736583155E-02
 2.00142028464277E+03	-2.21635049657367E-01
 2.00142302254280E+03	-3.42475777632278E-01
 2.00142576044283E+03	-3.93542121130828E-01
 2.00142849834286E+03	-3.76830032711626E-01
 2.00143123624289E+03	-2.97713017537545E-01
 2.00143397414292E+03	-1.75062806156412E-01
 2.00143671204295E+03	-4.52891060805721E-02
 2.00143944994298E+03	 5.44210173987736E-02
 2.00144218784301E+03	 1.11113135563731E-01
 2.00144492574304E+03	 1.41737029092962E-01
 2.00144766364307E+03	 1.69730975290295E-01
 2.00145040154310E+03	 1.95171064365648E-01
 2.00145313944314E+03	 1.90473700829082E-01
 2.00145587734317E+03	 1.27425883517489E-01
 2.00145861524320E+03	 8.27171801383534E-03
 2.00146135314323E+03	-1.29626867418544E-01
 2.00146409104326E+03	-2.37391706854282E-01
 2.00146682894329E+03	-2.81146602008018E-01
 2.00146956684332E+03	-2.49181398804819E-01
 2.00147230474335E+03	-1.43447768712074E-01
 2.00147504264338E+03	 2.43133036248218E-02
 2.00147778054341E+03	 2.23212981973526E-01
 2.00148051844344E+03	 3.96358214086677E-01
 2.00148325634347E+03	 4.77355239598222E-01
 2.00148599424350E+03	 4.27096128397549E-01
 2.00148873214353E+03	 2.60999600333201E-01
 2.00149147004357E+03	 4.03364709792398E-02
 2.00149420794360E+03	-1.65676775699570E-01
 2.00149694584363E+03	-3.13521087125772E-01
 2.00149968374366E+03	-3.90023401858448E-01
 2.00150242164369E+03	-3.95930312743256E-01
 2.00150515954372E+03	-3.34980362102647E-01
 2.00150789744375E+03	-2.20556287016368E-01
 2.00151063534378E+03	-8.47678204519392E-02
 2.00151337324381E+03	 3.09763825793407E-02
 2.00151611114384E+03	 1.01748260270093E-01
 2.00151884904387E+03	 1.35115878937003E-01
 2.00152158694390E+03	 1.57199757587324E-01
 2.00152432484393E+03	 1.80487771344643E-01
 2.00152706274397E+03	 1.86927498693722E-01
 2.00152980064400E+03	 1.45019720090099E-01
 2.00153253854403E+03	 4.37277798743577E-02
 2.00153527644406E+03	-9.09653193957327E-02
 2.00153801434409E+03	-2.11279178324882E-01
 2.00154075224412E+03	-2.76519176661929E-01
 2.00154349014415E+03	-2.68190845867463E-01
 2.00154622804418E+03	-1.84882905763852E-01
 2.00154896594421E+03	-3.44136400569954E-02
 2.00155170384424E+03	 1.60730042935658E-01
 2.00155444174427E+03	 3.52416043239048E-01
 2.00155717964430E+03	 4.73485598130017E-01
 2.00155991754433E+03	 4.70053078594150E-01
 2.00156265544437E+03	 3.36820484224404E-01
 2.00156539334440E+03	 1.22797564400978E-01
 2.00156813124443E+03	-9.95278625103107E-02
 2.00157086914446E+03	-2.74102079583623E-01
 2.00157360704449E+03	-3.77611660408753E-01
 2.00157634494452E+03	-4.07792137852379E-01
 2.00157908284455E+03	-3.67564008452257E-01
 2.00158182074458E+03	-2.65879721521726E-01
 2.00158455864461E+03	-1.28960155817583E-01
 2.00158729654464E+03	 1.16922797564067E-03
 2.00159003444467E+03	 8.93208400652514E-02
 2.00159277234470E+03	 1.30855644928359E-01
 2.00159551024473E+03	 1.49374244917991E-01
 2.00159824814476E+03	 1.67303166594092E-01
 2.00160098604480E+03	 1.78956296523958E-01
 2.00160372394483E+03	 1.54888486510285E-01
 2.00160646184486E+03	 7.34925885800539E-02
 2.00160919974489E+03	-5.26029552331383E-02
 2.00161193764492E+03	-1.80664588978408E-01
 2.00161467554495E+03	-2.65171296561950E-01
 2.00161741344498E+03	-2.80085705860936E-01
 2.00162015134501E+03	-2.19691476261800E-01
 2.00162288924504E+03	-8.88992014597290E-02
 2.00162562714507E+03	 9.65684592461284E-02
 2.00162836504510E+03	 2.98393991646356E-01
 2.00163110294513E+03	 4.53286462591127E-01
 2.00163384084516E+03	 4.97314105119979E-01
 2.00163657874520E+03	 4.04736488464709E-01
 2.00163931664523E+03	 2.07516678215131E-01
 2.00164205454526E+03	-2.42121522315734E-02
 2.00164479244529E+03	-2.23741234528354E-01
 2.00164753034532E+03	-3.55467420270276E-01
 2.00165026824535E+03	-4.11580779521227E-01
 2.00165300614538E+03	-3.94177902384643E-01
 2.00165574404541E+03	-3.09191393841631E-01
 2.00165848194544E+03	-1.76469332019827E-01
 2.00166121984547E+03	-3.53414692597039E-02
 2.00166395774550E+03	 7.17375207867380E-02
 2.00166669564553E+03	 1.26804307724818E-01
 2.00166943354556E+03	 1.45995208643550E-01
 2.00167217144560E+03	 1.57552194099458E-01
 2.00167490934563E+03	 1.69028288055247E-01
 2.00167764724566E+03	 1.58035954071582E-01
 2.00168038514569E+03	 9.65824064807757E-02
 2.00168312304572E+03	-1.63959803229266E-02
 2.00168586094575E+03	-1.46920740279855E-01
 2.00168859884578E+03	-2.47630707189365E-01
 2.00169133674581E+03	-2.84970596520153E-01
 2.00169407464584E+03	-2.47657786390014E-01
 2.00169681254587E+03	-1.37984675864551E-01
 2.00169955044590E+03	 3.32465990038033E-02
 2.00170228834593E+03	 2.37253520170041E-01
 2.00170502624596E+03	 4.18181537727380E-01
 2.00170776414600E+03	 5.07424399374112E-01
 2.00171050204603E+03	 4.61101014130116E-01
 2.00171323994606E+03	 2.90859764653154E-01
 2.00171597784609E+03	 5.84413693416388E-02
 2.00171871574612E+03	-1.62398600384675E-01
 2.00172145364615E+03	-3.22791558535008E-01
 2.00172419154618E+03	-4.06482154098210E-01
 2.00172692944621E+03	-4.13727210711363E-01
 2.00172966734624E+03	-3.48728202827619E-01
 2.00173240524627E+03	-2.25488758097452E-01
 2.00173514314630E+03	-7.81138035519418E-02
 2.00173788104633E+03	 4.74139668969424E-02
 2.00174061894636E+03	 1.20501464322527E-01
 2.00174335684639E+03	 1.45862902579167E-01
 2.00174609474643E+03	 1.52392573800764E-01
 2.00174883264646E+03	 1.59630231332363E-01
 2.00175157054649E+03	 1.56156007326664E-01
 2.00175430844652E+03	 1.12701017490329E-01
 2.00175704634655E+03	 1.59828431553782E-02
 2.00175978424658E+03	-1.11649011271705E-01
 2.00176252214661E+03	-2.24660838728632E-01
 2.00176526004664E+03	-2.83034392161748E-01
 2.00176799794667E+03	-2.68728873557763E-01
 2.00177073584670E+03	-1.80949776990326E-01
 2.00177347374673E+03	-2.71719938330483E-02
 2.00177621164676E+03	 1.72037583320968E-01
 2.00177894954679E+03	 3.70426180796975E-01
 2.00178168744683E+03	 5.00020803866351E-01
 2.00178442534686E+03	 5.02817080523314E-01
 2.00178716324689E+03	 3.68853929374054E-01
 2.00178990114692E+03	 1.45785661223678E-01
 2.00179263904695E+03	-9.06510393133113E-02
 2.00179537694698E+03	-2.78942999138579E-01
 2.00179811484701E+03	-3.91674097209611E-01
 2.00180085274704E+03	-4.25268868279357E-01
 2.00180359064707E+03	-3.82911847681498E-01
 2.00180632854710E+03	-2.74002732110756E-01
 2.00180906644713E+03	-1.25987825460543E-01
 2.00181180434716E+03	 1.54871095032481E-02
 2.00181454224719E+03	 1.09522516989644E-01
 2.00181728014723E+03	 1.47002356014718E-01
 2.00182001804726E+03	 1.52036686609049E-01
 2.00182275594729E+03	 1.52930986811046E-01
 2.00182549384732E+03	 1.51433520289876E-01
 2.00182823174735E+03	 1.22310069187538E-01
 2.00183096964738E+03	 4.32415207205435E-02
 2.00183370754741E+03	-7.65731431558004E-02
 2.00183644544744E+03	-1.97293040289668E-01
 2.00183918334747E+03	-2.74584745238457E-01
 2.00184192124750E+03	-2.82943006095742E-01
 2.00184465914753E+03	-2.17418383775199E-01
 2.00184739704756E+03	-8.31433919770192E-02
 2.00185013494759E+03	 1.05611996431894E-01
 2.00185287284762E+03	 3.12861162875182E-01
 2.00185561074766E+03	 4.75847595760609E-01
 2.00185834864769E+03	 5.27630301643986E-01
 2.00186108654772E+03	 4.37506494809694E-01
 2.00186382444775E+03	 2.34444754557513E-01
 2.00186656234778E+03	-9.83627020059223E-03
 2.00186930024781E+03	-2.23601058276651E-01
 2.00187203814784E+03	-3.66343540449216E-01
 2.00187477604787E+03	-4.27951454984220E-01
 2.00187751394790E+03	-4.10395842770276E-01
 2.00188025184793E+03	-3.19979961987703E-01
 2.00188298974796E+03	-1.77234286859862E-01
 2.00188572764799E+03	-2.40758422704752E-02
 2.00188846554802E+03	 9.18111767692012E-02
 2.00189120344806E+03	 1.46933097784849E-01
 2.00189394134809E+03	 1.55708173014578E-01
 2.00189667924812E+03	 1.50474453188070E-01
 2.00189941714815E+03	 1.46265324933740E-01
 2.00190215504818E+03	 1.26603393498690E-01
 2.00190489294821E+03	 6.46449287541737E-02
 2.00190763084824E+03	-4.33850733047052E-02
 2.00191036874827E+03	-1.66820230889949E-01
 2.00191310664830E+03	-2.60101623174807E-01
 2.00191584454833E+03	-2.90395568798618E-01
 2.00191858244836E+03	-2.47248122504788E-01
 2.00192132034839E+03	-1.33632577575344E-01
 2.00192405824842E+03	 4.04610468876972E-02
 2.00192679614846E+03	 2.48622820712133E-01
 2.00192953404849E+03	 4.36655446096213E-01
 2.00193227194852E+03	 5.34341343694070E-01
 2.00193500984855E+03	 4.93156090283720E-01
 2.00193774774858E+03	 3.20506976287878E-01
 2.00194048564861E+03	 7.78711121992301E-02
 2.00194322354864E+03	-1.56949215521402E-01
 2.00194596144867E+03	-3.29760623802197E-01
 2.00194869934870E+03	-4.20960687673402E-01
 2.00195143724873E+03	-4.30056546485033E-01
 2.00195417514876E+03	-3.61529875405164E-01
 2.00195691304879E+03	-2.29756909793267E-01
 2.00195965094882E+03	-7.04800358925541E-02
 2.00196238884885E+03	 6.59550439630234E-02
 2.00196512674889E+03	 1.43005622597344E-01
 2.00196786464892E+03	 1.61731693907793E-01
 2.00197060254895E+03	 1.52946453727481E-01
 2.00197334044898E+03	 1.42935520666863E-01
 2.00197607834901E+03	 1.27378463281302E-01
 2.00197881624904E+03	 8.01376194131200E-02
 2.00198155414907E+03	-1.35607497585463E-02
 2.00198429204910E+03	-1.34739593893392E-01
 2.00198702994913E+03	-2.40289938951700E-01
 2.00198976784916E+03	-2.91245452713925E-01
 2.00199250574919E+03	-2.70428943200847E-01
 2.00199524364922E+03	-1.78041507431233E-01
 2.00199798154925E+03	-2.14415479449171E-02
 2.00200071944929E+03	 1.80848902665876E-01
 2.00200345734932E+03	 3.84998390221080E-01
 2.00200619524935E+03	 5.22909258411704E-01
 2.00200893314938E+03	 5.32812225665550E-01
 2.00201167104941E+03	 3.99808201369073E-01
 2.00201440894944E+03	 1.69477285492885E-01
 2.00201714684947E+03	-7.98485151206145E-02
 2.00201988474950E+03	-2.81408201913338E-01
 2.00202262264953E+03	-4.03496115809619E-01
 2.00202536054956E+03	-4.40943652031893E-01
 2.00202809844959E+03	-3.97001670700631E-01
 2.00203083634962E+03	-2.81311842994596E-01
 2.00203357424965E+03	-1.22208340886675E-01
 2.00203631214969E+03	 3.13688649021127E-02
 2.00203905004972E+03	 1.32757592969880E-01
 2.00204178794975E+03	 1.67745131551822E-01
 2.00204452584978E+03	 1.60051079316022E-01
 2.00204726374981E+03	 1.43288660732736E-01
 2.00205000164984E+03	 1.26813909840555E-01
 2.00205273954987E+03	 9.03862670724312E-02
 2.00205547744990E+03	 1.18272580335305E-02
 2.00205821534993E+03	-1.02641863017692E-01
 2.00206095324996E+03	-2.16109814431705E-01
 2.00206369114999E+03	-2.85754797935893E-01
 2.00206642905002E+03	-2.87011073964664E-01
 2.00206916695005E+03	-2.16098887455682E-01
 2.00207190485009E+03	-7.86782989228580E-02
 2.00207464275012E+03	 1.12418076863499E-01
 2.00207738065015E+03	 3.23957581065974E-01
 2.00208011855018E+03	 4.94431837582316E-01
 2.00208285645021E+03	 5.54439153209606E-01
 2.00208559435024E+03	 4.68276040043853E-01
 2.00208833225027E+03	 2.61293779285782E-01
 2.00209107015030E+03	 6.03453670344008E-03
 2.00209380805033E+03	-2.21151834521056E-01
 2.00209654595036E+03	-3.74798295968365E-01
 2.00209928385039E+03	-4.42214375991464E-01
 2.00210202175042E+03	-4.25019268927425E-01
 2.00210475965045E+03	-3.29708529582532E-01
 2.00210749755048E+03	-1.77205422204900E-01
 2.00211023545052E+03	-1.16349054144938E-02
 2.00211297335055E+03	 1.14240669186034E-01
 2.00211571125058E+03	 1.71005707030919E-01
 2.00211844915061E+03	 1.70517160672439E-01
 2.00212118705064E+03	 1.48447282944469E-01
 2.00212392495067E+03	 1.27177573124703E-01
 2.00212666285070E+03	 9.67249844017625E-02
 2.00212940075073E+03	 3.22688198078816E-02
 2.00213213865076E+03	-7.20561885089654E-02
 2.00213487655079E+03	-1.88766182483491E-01
 2.00213761445082E+03	-2.74346342703915E-01
 2.00214035235085E+03	-2.97074251513743E-01
 2.00214309025088E+03	-2.47738664693947E-01
 2.00214582815092E+03	-1.30355825287762E-01
 2.00214856605095E+03	 4.57538926477895E-02
 2.00215130395098E+03	 2.56830025840756E-01
 2.00215404185101E+03	 4.51006160518550E-01
 2.00215677975104E+03	 5.57145933564756E-01
 2.00215951765107E+03	 5.22294518010801E-01
 2.00216225555110E+03	 3.49166495215736E-01
 2.00216499345113E+03	 9.81778358447395E-02
 2.00216773135116E+03	-1.49423738486953E-01
 2.00217046925119E+03	-3.34234858515827E-01
 2.00217320715122E+03	-4.33079184196649E-01
 2.00217594505125E+03	-4.44459242133422E-01
 2.00217868295128E+03	-3.72963014776421E-01
 2.00218142085132E+03	-2.33106059696426E-01
 2.00218415875135E+03	-6.18908876007394E-02
 2.00218689665138E+03	 8.62742726039641E-02
 2.00218963455141E+03	 1.68747888361192E-01
 2.00219237245144E+03	 1.82237117496826E-01
 2.00219511035147E+03	 1.58616050569354E-01
 2.00219784825150E+03	 1.30502243236459E-01
 2.00220058615153E+03	 1.01000873501128E-01
 2.00220332405156E+03	 4.79161010904697E-02
 2.00220606195159E+03	-4.42703885581571E-02
 2.00220879985162E+03	-1.59646863289646E-01
 2.00221153775165E+03	-2.57657433507260E-01
 2.00221427565168E+03	-3.00739630311877E-01
 2.00221701355171E+03	-2.72993163528246E-01
 2.00221975145175E+03	-1.76012439322325E-01
 2.00222248935178E+03	-1.72876332408725E-02
 2.00222522725181E+03	 1.86823966030143E-01
 2.00222796515184E+03	 3.95489131736789E-01
 2.00223070305187E+03	 5.41256714816926E-01
 2.00223344095190E+03	 5.59043181495407E-01
 2.00223617885193E+03	 4.28790047361998E-01
 2.00223891675196E+03	 1.93254563420481E-01
 2.00224165465199E+03	-6.73866559948541E-02
 2.00224439255202E+03	-2.81440426123249E-01
 2.00224713045205E+03	-4.12784554656772E-01
 2.00224986835208E+03	-4.54390781248550E-01
 2.00225260625211E+03	-4.09386373736060E-01
 2.00225534415215E+03	-2.87469106527947E-01
 2.00225808205218E+03	-1.17526138095148E-01
 2.00226081995221E+03	 4.85945878550506E-02
 2.00226355785224E+03	 1.58543741416028E-01
 2.00226629575227E+03	 1.92521260795818E-01
 2.00226903365230E+03	 1.73003818499359E-01
 2.00227177155233E+03	 1.38273802976088E-01
 2.00227450945236E+03	 1.05332981629730E-01
 2.00227724735239E+03	 5.95996711468252E-02
 2.00227998525242E+03	-2.01544445026326E-02
 2.00228272315245E+03	-1.30208661616050E-01
 2.00228546105248E+03	-2.36569052046652E-01
 2.00228819895251E+03	-2.98215330535058E-01
 2.00229093685255E+03	-2.91920936551157E-01
 2.00229367475258E+03	-2.15491112036770E-01
 2.00229641265261E+03	-7.54417590853839E-02
 2.00229915055264E+03	 1.16799578861000E-01
 2.00230188845267E+03	 3.31191397163444E-01
 2.00230462635270E+03	 5.08251515286668E-01
 2.00230736425273E+03	 5.76765813984843E-01
 2.00231010215276E+03	 4.96073571354783E-01
 2.00231284005279E+03	 2.87294406785155E-01
 2.00231557795282E+03	 2.29581529574425E-02
 2.00231831585285E+03	-2.16491798948927E-01
 2.00232105375288E+03	-3.80650334227388E-01
 2.00232379165291E+03	-4.54004560187692E-01
 2.00232652955294E+03	-4.37605193570291E-01
 2.00232926745298E+03	-3.37981114255283E-01
 2.00233200535301E+03	-1.76176984470630E-01
 2.00233474325304E+03	 1.88368516461715E-03
 2.00233748115307E+03	 1.38616689772468E-01
 2.00234021905310E+03	 1.98433729366593E-01
 2.00234295695313E+03	 1.89878756441534E-01
 2.00234569485316E+03	 1.51177376861055E-01
 2.00234843275319E+03	 1.11812706503957E-01
 2.00235117065322E+03	 6.87476131276087E-02
 2.00235390855325E+03	-1.86528867762662E-05
 2.00235664645328E+03	-1.01822530731540E-01
 2.00235938435331E+03	-2.12192275090958E-01
 2.00236212225334E+03	-2.89858243819837E-01
 2.00236486015338E+03	-3.04580002109759E-01
 2.00236759805341E+03	-2.48806642084055E-01
 2.00237033595344E+03	-1.27979189659592E-01
 2.00237307385347E+03	 4.90848556386663E-02
 2.00237581175350E+03	 2.61546435518918E-01
 2.00237854965353E+03	 4.60585758341321E-01
 2.00238128755356E+03	 5.74932131578210E-01
 2.00238402545359E+03	 5.47513872568375E-01
 2.00238676335362E+03	 3.75947676887072E-01
 2.00238950125365E+03	 1.18749841509943E-01
 2.00239223915368E+03	-1.40088799530526E-01
 2.00239497705371E+03	-3.36167095793848E-01
 2.00239771495374E+03	-4.42559448517303E-01
 2.00240045285378E+03	-4.56525216089444E-01
 2.00240319075381E+03	-3.82602444298320E-01
 2.00240592865384E+03	-2.35239347843112E-01
 2.00240866655387E+03	-5.23179542204914E-02
 2.00241140445390E+03	 1.08067425173460E-01
 2.00241414235393E+03	 1.97164327440842E-01
 2.00241688025396E+03	 2.06752670135445E-01
 2.00241961815399E+03	 1.68940874592339E-01
 2.00242235605402E+03	 1.22185073844321E-01
 2.00242509395405E+03	 7.72090177326439E-02
 2.00242783185408E+03	 1.64641051603531E-02
 2.00243056975411E+03	-7.55992465982437E-02
 2.00243330765414E+03	-1.85802760469062E-01
 2.00243604555418E+03	-2.76230134281340E-01
 2.00243878345421E+03	-3.11046059962391E-01
 2.00244152135424E+03	-2.76033658124272E-01
 2.00244425925427E+03	-1.74591599808230E-01
 2.00244699715430E+03	-1.46165859639999E-02
 2.00244973505433E+03	 1.89798555105308E-01
 2.00245247295436E+03	 4.01413617142406E-01
 2.00245521085439E+03	 5.54269818893928E-01
 2.00245794875442E+03	 5.80527864858489E-01
 2.00246068665445E+03	 4.54828004689653E-01
 2.00246342455448E+03	 2.16354057954598E-01
 2.00246616245451E+03	-5.37049252515268E-02
 2.00246890035454E+03	-2.79144763549757E-01
 2.00247163825457E+03	-4.19371966592550E-01
 2.00247437615461E+03	-4.65260691122441E-01
 2.00247711405464E+03	-4.19641819835952E-01
 2.00247985195467E+03	-2.92112415579291E-01
 2.00248258985470E+03	-1.11795026302539E-01
 2.00248532775473E+03	 6.69846550515096E-02
 2.00248806565476E+03	 1.86385520868414E-01
 2.00249080355479E+03	 2.20671812051459E-01
 2.00249354145482E+03	 1.90302689715561E-01
 2.00249627935485E+03	 1.37556088531348E-01
 2.00249901725488E+03	 8.69988947176612E-02
 2.00250175515491E+03	 3.02500338708395E-02
 2.00250449305494E+03	-5.22242479248974E-02
 2.00250723095497E+03	-1.58724698983004E-01
 2.00250996885501E+03	-2.58126208094342E-01
 2.00251270675504E+03	-3.11464684552007E-01
 2.00251544465507E+03	-2.97235087227685E-01
 2.00251818255510E+03	-2.15246992595491E-01
 2.00252092045513E+03	-7.32241160814674E-02
 2.00252365835516E+03	 1.18748757050442E-01
 2.00252639625519E+03	 3.34253226959971E-01
 2.00252913415522E+03	 5.16661989373007E-01
 2.00253187205525E+03	 5.93699595606484E-01
 2.00253460995528E+03	 5.19895153831275E-01
 2.00253734785531E+03	 3.11561029384370E-01
 2.00254008575534E+03	 4.03280350991418E-02
 2.00254282365537E+03	-2.09890302488619E-01
 2.00254556155541E+03	-3.83863845651783E-01
 2.00254829945544E+03	-4.63058557844045E-01
 2.00255103735547E+03	-4.47760337192232E-01
 2.00255377525550E+03	-3.44400290882747E-01
 2.00255651315553E+03	-1.73903414136322E-01
 2.00255925105556E+03	 1.64311814279392E-02
 2.00256198895559E+03	 1.64546559001534E-01
 2.00256472685562E+03	 2.28575756689424E-01
 2.00256746475565E+03	 2.13113073321169E-01
 2.00257020265568E+03	 1.58170291847664E-01
 2.00257294055571E+03	 9.99955968517788E-02
 2.00257567845574E+03	 4.28202331033412E-02
 2.00257841635577E+03	-3.18327216770571E-02
 2.00258115425580E+03	-1.32177178650187E-01
 2.00258389215584E+03	-2.36559263719016E-01
 2.00258663005587E+03	-3.06118426942735E-01
 2.00258936795590E+03	-3.12440383932022E-01
 2.00259210585593E+03	-2.50045528829148E-01
 2.00259484375596E+03	-1.26198072894924E-01
 2.00259758165599E+03	 5.05868431969525E-02
 2.00260031955602E+03	 2.62638964656529E-01
 2.00260305745605E+03	 4.64923855960806E-01
 2.00260579535608E+03	 5.86907477347963E-01
 2.00260853325611E+03	 5.67830570910141E-01
 2.00261127115614E+03	 3.99882953205777E-01
 2.00261400905617E+03	 1.38830587048486E-01
 2.00261674695620E+03	-1.29382092873797E-01
 2.00261948485624E+03	-3.35669760716411E-01
 2.00262222275627E+03	-4.49247023810855E-01
 2.00262496065630E+03	-4.65920100300548E-01
 2.00262769855633E+03	-3.90046877552941E-01
 2.00263043645636E+03	-2.35837790105255E-01
 2.00263317435639E+03	-4.16854496165239E-02
 2.00263591225642E+03	 1.31066675426640E-01
 2.00263865015645E+03	 2.27675862387609E-01
 2.00264138805648E+03	 2.34559457135253E-01
 2.00264412595651E+03	 1.83294586296713E-01
 2.00264686385654E+03	 1.17631842112914E-01
 2.00264960175657E+03	 5.59858043213943E-02
 2.00265233965660E+03	-1.39528476967203E-02
 2.00265507755664E+03	-1.07105859919671E-01
 2.00265781545667E+03	-2.12691422780599E-01
 2.00266055335670E+03	-2.95485815937796E-01
 2.00266329125673E+03	-3.21671156897172E-01
 2.00266602915676E+03	-2.79103035286269E-01
 2.00266876705679E+03	-1.73401670865266E-01
 2.00267150495682E+03	-1.31764135958964E-02
 2.00267424285685E+03	 1.89806186195042E-01
 2.00267698075688E+03	 4.02489139908895E-01
 2.00267971865691E+03	 5.61313209592091E-01
 2.00268245655694E+03	 5.96356322518917E-01
 2.00268519445697E+03	 4.76921167470315E-01
 2.00268793235700E+03	 2.37897901477229E-01
 2.00269067025703E+03	-3.94038551298478E-02
 2.00269340815707E+03	-2.74792714468131E-01
 2.00269614605710E+03	-4.23232298705730E-01
 2.00269888395713E+03	-4.73303274490632E-01
 2.00270162185716E+03	-4.27393709391581E-01
 2.00270435975719E+03	-2.94879938743266E-01
 2.00270709765722E+03	-1.04831864571135E-01
 2.00270983555725E+03	 8.64049488388926E-02
 2.00271257345728E+03	 2.15802094883688E-01
 2.00271531135731E+03	 2.51487759531260E-01
 2.00271804925734E+03	 2.11230326998608E-01
 2.00272078715737E+03	 1.40624438681574E-01
 2.00272352505740E+03	 7.16227604262193E-02
 2.00272626295743E+03	 2.46347213072122E-03
 2.00272900085747E+03	-8.40292286402809E-02
 2.00273173875750E+03	-1.87716693652668E-01
 2.00273447665753E+03	-2.80270235297597E-01
 2.00273721455756E+03	-3.25001099845784E-01
 2.00273995245759E+03	-3.02481203955017E-01
 2.00274269035762E+03	-2.14938203469721E-01
 2.00274542825765E+03	-7.16792808810961E-02
 2.00274816615768E+03	 1.18447110612020E-01
 2.00275090405771E+03	 3.33048876513073E-01
 2.00275364195774E+03	 5.19212885647104E-01
 2.00275637985777E+03	 6.04453645270487E-01
 2.00275911775780E+03	 5.38760323712240E-01
 2.00276185565783E+03	 3.33133909458395E-01
 2.00276459355787E+03	 5.73971147771150E-02
 2.00276733145790E+03	-2.01781400025032E-01
 2.00277006935793E+03	-3.84556210480464E-01
 2.00277280725796E+03	-4.69232503300641E-01
 2.00277554515799E+03	-4.55166011744813E-01
 2.00277828305802E+03	-3.48593768847857E-01
 2.00278102095805E+03	-1.70119647186073E-01
 2.00278375885808E+03	 3.20031178033391E-02
 2.00278649675811E+03	 1.91672012099871E-01
 2.00278923465814E+03	 2.60777383919370E-01
 2.00279197255817E+03	 2.39457661287626E-01
 2.00279471045820E+03	 1.68784882313900E-01
 2.00279744835823E+03	 9.13703899505369E-02
 2.00280018625827E+03	 1.89159283149868E-02
 2.00280292415830E+03	-6.29300365912836E-02
 2.00280566205833E+03	-1.62709100724055E-01
 2.00280839995836E+03	-2.61382462347404E-01
 2.00281113785839E+03	-3.22629386055580E-01
 2.00281387575842E+03	-3.20172187684652E-01
 2.00281661365845E+03	-2.50995906396658E-01
 2.00281935155848E+03	-1.24598381881808E-01
 2.00282208945851E+03	 5.05641291888172E-02
 2.00282482735854E+03	 2.60190885816227E-01
 2.00282756525857E+03	 4.63769987996100E-01
 2.00283030315860E+03	 5.92449835698156E-01
 2.00283304105863E+03	 5.82339519352599E-01
 2.00283577895866E+03	 4.19978994147513E-01
 2.00283851685870E+03	 1.57554023493761E-01
 2.00284125475873E+03	-1.17894802390469E-01
 2.00284399265876E+03	-3.33013181921176E-01
 2.00284673055879E+03	-4.53122331160115E-01
 2.00284946845882E+03	-4.72406122957413E-01
 2.00285220635885E+03	-3.94945320136797E-01
 2.00285494425888E+03	-2.34585081014109E-01
 2.00285768215891E+03	-2.98836113400648E-02
 2.00286042005894E+03	 1.55047705574716E-01
 2.00286315795897E+03	 2.59719538329980E-01
 2.00286589585900E+03	 2.64896879303455E-01
 2.00286863375903E+03	 2.00943254497429E-01
 2.00287137165906E+03	 1.16335295875973E-01
 2.00287410955910E+03	 3.71458316285610E-02
 2.00287684745913E+03	-4.32182179958235E-02
 2.00287958535916E+03	-1.38460601935586E-01
 2.00288232325919E+03	-2.39870255704123E-01
 2.00288506115922E+03	-3.14943418670585E-01
 2.00288779905925E+03	-3.32133067477019E-01
 2.00289053695928E+03	-2.81728082921959E-01
 2.00289327485931E+03	-1.71985695811202E-01
 2.00289601275934E+03	-1.25691781406091E-02
 2.00289875065937E+03	 1.87086417601033E-01
 2.00290148855940E+03	 3.98666357017672E-01
 2.00290422645943E+03	 5.61959841921219E-01
 2.00290696435946E+03	 6.05750528094296E-01
 2.00290970225950E+03	 4.94096670912303E-01
 2.00291244015953E+03	 2.56939336410484E-01
 2.00291517805956E+03	-2.52162112967176E-02
 2.00291791595959E+03	-2.68810238529371E-01
 2.00292065385962E+03	-4.24483739750546E-01
 2.00292339175965E+03	-4.78382977900736E-01
 2.00292612965968E+03	-4.32341571733083E-01
 2.00292886755971E+03	-2.95437030571691E-01
 2.00293160545974E+03	-9.64369795214250E-02
 2.00293434335977E+03	 1.06763517878192E-01
 2.00293708125980E+03	 2.46348007948604E-01
 2.00293981915983E+03	 2.84254143788633E-01
 2.00294255705986E+03	 2.35002588326453E-01
 2.00294529495989E+03	 1.46845629819512E-01
 2.00294803285993E+03	 5.88644598197199E-02
 2.00295077075996E+03	-2.37820272610005E-02
 2.00295350865999E+03	-1.15338556822311E-01
 2.00295624656002E+03	-2.16800005286300E-01
 2.00295898446005E+03	-3.02548698713040E-01
 2.00296172236008E+03	-3.38354840365922E-01
 2.00296446026011E+03	-3.07186626041511E-01
 2.00296719816014E+03	-2.14087500255622E-01
 2.00296993606017E+03	-7.03459365225285E-02
 2.00297267396020E+03	 1.16261713718680E-01
 2.00297541186023E+03	 3.27718176435033E-01
 2.00297814976026E+03	 5.15689013324768E-01
 2.00298088766029E+03	 6.08421179928010E-01
 2.00298362556033E+03	 5.51772622092119E-01
 2.00298636346036E+03	 3.51032919658430E-01
 2.00298910136039E+03	 7.33173171167886E-02
 2.00299183926042E+03	-1.92741182428768E-01
 2.00299457716045E+03	-3.82991501804875E-01
 2.00299731506048E+03	-4.72509918785310E-01
 2.00300005296051E+03	-4.59597676233103E-01
 2.00300279086054E+03	-3.50240969388480E-01
 2.00300552876057E+03	-1.64566289359648E-01
 2.00300826666060E+03	 4.86266443055502E-02
 2.00301100456063E+03	 2.19678719253661E-01
 2.00301374246066E+03	 2.94406193009053E-01
 2.00301648036069E+03	 2.68122334216873E-01
 2.00301921826073E+03	 1.82295363341964E-01
 2.00302195616076E+03	 8.54554948564440E-02
 2.00302469406079E+03	-3.13068521623855E-03
 2.00302743196082E+03	-9.31927849196173E-02
 2.00303016986085E+03	-1.93106900939896E-01
 2.00303290776088E+03	-2.86250275924687E-01
 2.00303564566091E+03	-3.38943200746455E-01
 2.00303838356094E+03	-3.27314774357968E-01
 2.00304112146097E+03	-2.51179196764931E-01
 2.00304385936100E+03	-1.22684405205044E-01
 2.00304659726103E+03	 4.94779673135485E-02
 2.00304933516106E+03	 2.54507828420031E-01
 2.00305207306109E+03	 4.57122891803967E-01
 2.00305481096112E+03	 5.91156588247609E-01
 2.00305754886116E+03	 5.90274082885103E-01
 2.00306028676119E+03	 4.35275950011148E-01
 2.00306302466122E+03	 1.73993482234822E-01
 2.00306576256125E+03	-1.06338309557016E-01
 2.00306850046128E+03	-3.28609071989879E-01
 2.00307123836131E+03	-4.54299998299732E-01
 2.00307397626134E+03	-4.75855498647384E-01
 2.00307671416137E+03	-3.97021001259044E-01
 2.00307945206140E+03	-2.31195006202837E-01
 2.00308218996143E+03	-1.67888467656670E-02
 2.00308492786146E+03	 1.79828205459307E-01
 2.00308766576149E+03	 2.92772551912863E-01
 2.00309040366152E+03	 2.97010607970523E-01
 2.00309314156156E+03	 2.21107212245658E-01
 2.00309587946159E+03	 1.17694456330913E-01
 2.00309861736162E+03	 2.03833957986507E-02
 2.00310135526165E+03	-7.13368680027728E-02
 2.00310409316168E+03	-1.69439092219872E-01
 2.00310683106171E+03	-2.66980562114557E-01
 2.00310956896174E+03	-3.34185858231715E-01
 2.00311230686177E+03	-3.41992158684997E-01
 2.00311504476180E+03	-2.83443745437296E-01
 2.00311778266183E+03	-1.69839264974095E-01
 2.00312052056186E+03	-1.22742059436507E-02
 2.00312325846189E+03	 1.82078567115335E-01
 2.00312599636192E+03	 3.90145622959462E-01
 2.00312873426196E+03	 5.56030171938796E-01
 2.00313147216199E+03	 6.08120108539096E-01
 2.00313421006202E+03	 5.05471202114313E-01
 2.00313694796205E+03	 2.72518945876554E-01
 2.00313968586208E+03	-1.19637926334239E-02
 2.00314242376211E+03	-2.61750981095099E-01
 2.00314516166214E+03	-4.23378744653655E-01
 2.00314789956217E+03	-4.80484641144761E-01
 2.00315063746220E+03	-4.34278004007020E-01
 2.00315337536223E+03	-2.93503336024554E-01
 2.00315611326226E+03	-8.64194358002901E-02
 2.00315885116229E+03	 1.27999207389090E-01
 2.00316158906232E+03	 2.77625476174822E-01
 2.00316432696236E+03	 3.18288541142628E-01
 2.00316706486239E+03	 2.60826584141292E-01
 2.00316980276242E+03	 1.55528689888210E-01
 2.00317254066245E+03	 4.82891847935239E-02
 2.00317527856248E+03	-4.86179036733311E-02
 2.00317801646251E+03	-1.46026021502804E-01
 2.00318075436254E+03	-2.45680284745189E-01
 2.00318349226257E+03	-3.24583940720276E-01
 2.00318623016260E+03	-3.51114333140359E-01
 2.00318896806263E+03	-3.10910628507853E-01
 2.00319170596266E+03	-2.12202830568287E-01
 2.00319444386269E+03	-6.86772497469328E-02
 2.00319718176272E+03	 1.12728037277268E-01
 2.00319991966275E+03	 3.18638035579417E-01
 2.00320265756279E+03	 5.06137332139844E-01
 2.00320539546282E+03	 6.05223518161070E-01
 2.00320813336285E+03	 5.58179806856449E-01
 2.00321087126288E+03	 3.64318445381859E-01
 2.00321360916291E+03	 8.71912833821327E-02
 2.00321634706294E+03	-1.83451023289382E-01
 2.00321908496297E+03	-3.79560757350166E-01
 2.00322182286300E+03	-4.72998993503414E-01
 2.00322456076303E+03	-4.60937793285396E-01
 2.00322729866306E+03	-3.49097435545533E-01
 2.00323003656309E+03	-1.57017391517565E-01
 2.00323277446312E+03	 6.63411918168403E-02
 2.00323551236315E+03	 2.48297070480437E-01
 2.00323825026319E+03	 3.28878930993995E-01
 2.00324098816322E+03	 2.98340108163570E-01
 2.00324372606325E+03	 1.97955171434642E-01
 2.00324646396328E+03	 8.17059135292369E-02
 2.00324920186331E+03	-2.35749591301798E-02
 2.00325193976334E+03	-1.22600359535342E-01
 2.00325467766337E+03	-2.23150745504667E-01
 2.00325741556340E+03	-3.10832666583426E-01
 2.00326015346343E+03	-3.54682059914302E-01
 2.00326289136346E+03	-3.33458969381172E-01
 2.00326562926349E+03	-2.50131457022905E-01
 2.00326836716352E+03	-1.19912497400697E-01
 2.00327110506355E+03	 4.79205628333879E-02
 2.00327384296359E+03	 2.46108190998710E-01
 2.00327658086362E+03	 4.45243967577684E-01
 2.00327931876365E+03	 5.82882026122801E-01
 2.00328205666368E+03	 5.91061369054157E-01
 2.00328479456371E+03	 4.44909845731041E-01
 2.00328753246374E+03	 1.87219900970595E-01
 2.00329027036377E+03	-9.54982939208928E-02
 2.00329300826380E+03	-3.22981025808303E-01
 2.00329574616383E+03	-4.53016950978554E-01
 2.00329848406386E+03	-4.76255619058750E-01
 2.00330122196389E+03	-3.96091015403881E-01
 2.00330395986392E+03	-2.25439081976559E-01
 2.00330669776395E+03	-2.28860524595260E-03
 2.00330943566398E+03	 2.05258320459300E-01
 2.00331217356402E+03	 3.26367348277382E-01
 2.00331491146405E+03	 3.30193809980339E-01
 2.00331764936408E+03	 2.43020847610654E-01
 2.00332038726411E+03	 1.21079510198899E-01
 2.00332312516414E+03	 5.32874487470034E-03
 2.00332586306417E+03	-9.83965485403664E-02
 2.00332860096420E+03	-1.99904076720809E-01
 2.00333133886423E+03	-2.93747512415228E-01
 2.00333407676426E+03	-3.52873907741595E-01
 2.00333681466429E+03	-3.50875149818782E-01
 2.00333955256432E+03	-2.83824622909667E-01
 2.00334229046435E+03	-1.66445646393459E-01
 2.00334502836438E+03	-1.16804763844769E-02
 2.00334776626442E+03	 1.75400984720651E-01
 2.00335050416445E+03	 3.77376657980707E-01
 2.00335324206448E+03	 5.43616711342678E-01
 2.00335597996451E+03	 6.03109285574475E-01
 2.00335871786454E+03	 5.10311385386045E-01
 2.00336145576457E+03	 2.83726757301022E-01
 2.00336419366460E+03	-5.03809751694459E-04
 2.00336693156463E+03	-2.54257433507753E-01
 2.00336966946466E+03	-4.20282699521984E-01
 2.00337240736469E+03	-4.79710159112161E-01
 2.00337514526472E+03	-4.33101881804111E-01
 2.00337788316475E+03	-2.88877841054441E-01
 2.00338062106478E+03	-7.46247469425220E-02
 2.00338335896482E+03	 1.50063708024973E-01
 2.00338609686485E+03	 3.09287634266927E-01
 2.00338883476488E+03	 3.52970809694094E-01
 2.00339157266491E+03	 2.87953217114471E-01
 2.00339431056494E+03	 1.65988895370324E-01
 2.00339704846497E+03	 3.94287858353987E-02
 2.00339978636500E+03	-7.22376814975958E-02
 2.00340252426503E+03	-1.76042062892802E-01
 2.00340526216506E+03	-2.74144468930265E-01
 2.00340800006509E+03	-3.46079538740228E-01
 2.00341073796512E+03	-3.62944455949524E-01
 2.00341347586515E+03	-3.13271983161688E-01
 2.00341621376518E+03	-2.08811568046160E-01
 2.00341895166521E+03	-6.60769228829852E-02
 2.00342168956525E+03	 1.08520272751067E-01
 2.00342442746528E+03	 3.06409026733781E-01
 2.00342716536531E+03	 4.90877397482180E-01
 2.00342990326534E+03	 5.94745755967508E-01
 2.00343264116537E+03	 5.57428671954104E-01
 2.00343537906540E+03	 3.72154263575440E-01
 2.00343811696543E+03	 9.81317103975045E-02
 2.00344085486546E+03	-1.74650332803348E-01
 2.00344359276549E+03	-3.74751379119213E-01
 2.00344633066552E+03	-4.70920262366998E-01
 2.00344906856555E+03	-4.59181403702249E-01
 2.00345180646558E+03	-3.45015191301943E-01
 2.00345454436561E+03	-1.47308284801011E-01
 2.00345728226565E+03	 8.51745974772326E-02
 2.00346002016568E+03	 2.77294749409516E-01
 2.00346275806571E+03	 3.63678998182461E-01
 2.00346549596574E+03	 3.29409935247203E-01
 2.00346823386577E+03	 2.15056658715865E-01
 2.00347097176580E+03	 7.95765844929532E-02
 2.00347370966583E+03	-4.27080436812389E-02
 2.00347644756586E+03	-1.51192315703009E-01
 2.00347918546589E+03	-2.52694289884350E-01
 2.00348192336592E+03	-3.34879673635155E-01
 2.00348466126595E+03	-3.69549915805481E-01
 2.00348739916598E+03	-3.38269411100577E-01
 2.00349013706601E+03	-2.47434690443113E-01
 2.00349287496605E+03	-1.15728114501966E-01
 2.00349561286608E+03	 4.65791034173770E-02
 2.00349835076611E+03	 2.35698245752964E-01
 2.00350108866614E+03	 4.28653357351452E-01
 2.00350382656617E+03	 5.67759570897594E-01
 2.00350656446620E+03	 5.84368113063522E-01
 2.00350930236623E+03	 4.48172828748485E-01
 2.00351204026626E+03	 1.96364310875619E-01
 2.00351477816629E+03	-8.61805353351582E-02
 2.00351751606632E+03	-3.16725226650709E-01
 2.00352025396635E+03	-4.49611046572803E-01
 2.00352299186638E+03	-4.73706246370737E-01
 2.00352572976641E+03	-3.92080343160001E-01
 2.00352846766645E+03	-2.17172006135636E-01
 2.00353120556648E+03	 1.36915784195474E-02
 2.00353394346651E+03	 2.31204508067790E-01
 2.00353668136654E+03	 3.60097089965948E-01
 2.00353941926657E+03	 3.63818361775104E-01
 2.00354215716660E+03	 2.65984940358338E-01
 2.00354489506663E+03	 1.25893847038665E-01
 2.00354763296666E+03	-8.39348184469007E-03
 2.00355037086669E+03	-1.24523154357300E-01
 2.00355310876672E+03	-2.29778651875373E-01
 2.00355584666675E+03	-3.19970515847044E-01
 2.00355858456678E+03	-3.70750710046820E-01
 2.00356132246681E+03	-3.58491342673469E-01
 2.00356406036684E+03	-2.82511735753022E-01
 2.00356679826688E+03	-1.61311342672825E-01
 2.00356953616691E+03	-1.01260116716615E-02
 2.00357227406694E+03	 1.67817005497120E-01
 2.00357501196697E+03	 3.61041022272014E-01
 2.00357774986700E+03	 5.25091526869399E-01
 2.00358048776703E+03	 5.90630926439889E-01
 2.00358322566706E+03	 5.08087920301876E-01
 2.00358596356709E+03	 2.89764871766506E-01
 2.00358870146712E+03	 8.33028317325980E-03
 2.00359143936715E+03	-2.47013955406817E-01
 2.00359417726718E+03	-4.15643825749164E-01
 2.00359691516721E+03	-4.76266984200811E-01
 2.00359965306724E+03	-4.28824895726885E-01
 2.00360239096728E+03	-2.81459810985576E-01
 2.00360512886731E+03	-6.09623189935248E-02
 2.00360786676734E+03	 1.72899197901086E-01
 2.00361060466737E+03	 3.41033169852724E-01
 2.00361334256740E+03	 3.87762041149482E-01
 2.00361608046743E+03	 3.15719714001873E-01
 2.00361881836746E+03	 1.77605263877831E-01
 2.00362155626749E+03	 3.18415375271630E-02
 2.00362429416752E+03	-9.48464726511387E-02
 2.00362703206755E+03	-2.05379159168178E-01
 2.00362976996758E+03	-3.02043140728444E-01
 2.00363250786761E+03	-3.66817447192108E-01
 2.00363524576764E+03	-3.73596090645422E-01
 2.00363798366768E+03	-3.13969991820606E-01
 2.00364072156771E+03	-2.03492493470209E-01
 2.00364345946774E+03	-6.19391568857405E-02
 2.00364619736777E+03	 1.04410952513114E-01
 2.00364893526780E+03	 2.91825944790574E-01
 2.00365167316783E+03	 4.70493886621111E-01
 2.00365441106786E+03	 5.77156794765463E-01
 2.00365714896789E+03	 5.49209756264281E-01
 2.00365988686792E+03	 3.73867015587437E-01
 2.00366262476795E+03	 1.05323008923496E-01
 2.00366536266798E+03	-1.67083363778289E-01
 2.00366810056801E+03	-3.69108997239744E-01
 2.00367083846804E+03	-4.66586505136157E-01
 2.00367357636807E+03	-4.54434529756024E-01
 2.00367631426811E+03	-3.37957529868673E-01
 2.00367905216814E+03	-1.35360873918632E-01
 2.00368179006817E+03	 1.05117326625126E-01
 2.00368452796820E+03	 3.06462501219120E-01
 2.00368726586823E+03	 3.98363401857782E-01
 2.00369000376826E+03	 3.60727803699796E-01
 2.00369274166829E+03	 2.32981147058352E-01
 2.00369547956832E+03	 7.85803564282065E-02
 2.00369821746835E+03	-6.08030730771448E-02
 2.00370095536838E+03	-1.79027311374784E-01
 2.00370369326841E+03	-2.81639560534097E-01
 2.00370643116844E+03	-3.58211244755934E-01
 2.00370916906847E+03	-3.83335120254610E-01
 2.00371190696851E+03	-3.41499104339604E-01
 2.00371464486854E+03	-2.42743619774308E-01
 2.00371738276857E+03	-1.09603745699879E-01
 2.00372012066860E+03	 4.61921009143140E-02
 2.00372285856863E+03	 2.24133234553375E-01
 2.00372559646866E+03	 4.08108287573830E-01
 2.00372833436869E+03	 5.46206496067514E-01
 2.00373107226872E+03	 5.70133084245810E-01
 2.00373381016875E+03	 4.44566097098278E-01
 2.00373654806878E+03	 2.00679102396302E-01
 2.00373928596881E+03	-7.91534341237537E-02
 2.00374202386884E+03	-3.10465340599175E-01
 2.00374476176887E+03	-4.44492819572087E-01
 2.00374749966891E+03	-4.68409594375706E-01
 2.00375023756894E+03	-3.85029389538940E-01
 2.00375297546897E+03	-2.06352654570016E-01
 2.00375571336900E+03	 3.11616924669675E-02
 2.00375845126903E+03	 2.57528964598832E-01
 2.00376118916906E+03	 3.93611813379679E-01
 2.00376392706909E+03	 3.97353840343252E-01
 2.00376666496912E+03	 2.89406970834573E-01
 2.00376940286915E+03	 1.31627199539828E-01
 2.00377214076918E+03	-2.11098927169764E-02
 2.00377487866921E+03	-1.49835105864875E-01
 2.00377761656924E+03	-2.59014631952366E-01
 2.00378035446927E+03	-3.45506111176111E-01
 2.00378309236930E+03	-3.87637548989667E-01
 2.00378583026934E+03	-3.64640350563715E-01
 2.00378856816937E+03	-2.79232964811584E-01
 2.00379130606940E+03	-1.53999789186885E-01
 2.00379404396943E+03	-6.94178091596880E-03
 2.00379678186946E+03	 1.60189551168409E-01
 2.00379951976949E+03	 3.42018024067234E-01
 2.00380225766952E+03	 5.01095390352328E-01
 2.00380499556955E+03	 5.70884457403931E-01
 2.00380773346958E+03	 4.98518721690292E-01
 2.00381047136961E+03	 2.90005167337355E-01
 2.00381320926964E+03	 1.37881822438652E-02
 2.00381594716967E+03	-2.40696165149814E-01
 2.00381868506970E+03	-4.09957559885071E-01
 2.00382142296974E+03	-4.70450101425052E-01
 2.00382416086977E+03	-4.21571270693497E-01
 2.00382689876980E+03	-2.71263855858982E-01
 2.00382963666983E+03	-4.54298744058044E-02
 2.00383237456986E+03	 1.96414250314258E-01
 2.00383511246989E+03	 3.72593664878587E-01
 2.00383785036992E+03	 4.22211751099783E-01
 2.00384058826995E+03	 3.43578682025831E-01
 2.00384332616998E+03	 1.89866157020757E-01
 2.00384606407001E+03	 2.51641338127095E-02
 2.00384880197004E+03	-1.16613104048110E-01
 2.00385153987007E+03	-2.34035087522451E-01
 2.00385427777010E+03	-3.29267185971520E-01
 2.00385701567014E+03	-3.86647233552246E-01
 2.00385975357017E+03	-3.82907040863089E-01
 2.00386249147020E+03	-3.12797973250672E-01
 2.00386522937023E+03	-1.95903581798670E-01
 2.00386796727026E+03	-5.56900229905252E-02
 2.00387070517029E+03	 1.01222295822545E-01
 2.00387344307032E+03	 2.75833828572470E-01
 2.00387618097035E+03	 4.45810974824140E-01
 2.00387891887038E+03	 5.52911456100445E-01
 2.00388165677041E+03	 5.33487863171110E-01
 2.00388439467044E+03	 3.68997077632711E-01
 2.00388713257047E+03	 1.08079861023034E-01
 2.00388987047050E+03	-1.61444964331767E-01
 2.00389260837054E+03	-3.63195603364281E-01
 2.00389534627057E+03	-4.60377182204037E-01
 2.00389808417060E+03	-4.46905990718589E-01
 2.00390082207063E+03	-3.28007087355878E-01
 2.00390355997066E+03	-1.21203928574261E-01
 2.00390629787069E+03	 1.26097687163895E-01
 2.00390903577072E+03	 3.35595199425894E-01
 2.00391177367075E+03	 4.32559375813003E-01
 2.00391451157078E+03	 3.91803957886398E-01
 2.00391724947081E+03	 2.51234864149612E-01
 2.00391998737084E+03	 7.83347974927499E-02
 2.00392272527087E+03	-7.80676264271577E-02
 2.00392546317090E+03	-2.06143087074273E-01
 2.00392820107093E+03	-3.09908443131197E-01
 2.00393093897097E+03	-3.80700541567934E-01
 2.00393367687100E+03	-3.95904854648256E-01
 2.00393641477103E+03	-3.42995794002712E-01
 2.00393915267106E+03	-2.35806457560204E-01
 2.00394189057109E+03	-1.01075410593174E-01
 2.00394462847112E+03	 4.75007137299262E-02
 2.00394736637115E+03	 2.12366617171883E-01
 2.00395010427118E+03	 3.84564457899408E-01
 2.00395284217121E+03	 5.18909955402427E-01
 2.00395558007124E+03	 5.48582797033266E-01
 2.00395831797127E+03	 4.33840787923366E-01
 2.00396105587130E+03	 1.99592724284565E-01
 2.00396379377133E+03	-7.50923819508258E-02
 2.00396653167137E+03	-3.04805857369849E-01
 2.00396926957140E+03	-4.38113253533382E-01
 2.00397200747143E+03	-4.60654571353242E-01
 2.00397474537146E+03	-3.75094567665137E-01
 2.00397748327149E+03	-1.93058611474313E-01
 2.00398022117152E+03	 5.00443702925102E-02
 2.00398295907155E+03	 2.84067249913221E-01
 2.00398569697158E+03	 4.26606482703723E-01
 2.00398843487161E+03	 4.30373284169948E-01
 2.00399117277164E+03	 3.12826034256191E-01
 2.00399391067167E+03	 1.37894781197073E-01
 2.00399664857170E+03	-3.30538303037030E-02
 2.00399938647173E+03	-1.74402218755030E-01
 2.00400212437177E+03	-2.87560297064066E-01
 2.00400486227180E+03	-3.70246226585703E-01
 2.00400760017183E+03	-4.03422386612719E-01
 2.00401033807186E+03	-3.69211603072877E-01
 2.00401307597189E+03	-2.73816271623622E-01
 2.00401581387192E+03	-1.44161217835845E-01
 2.00401855177195E+03	-1.49742748404094E-03
 2.00402128967198E+03	 1.53427034029729E-01
 2.00402402757201E+03	 3.21335750419242E-01
 2.00402676547204E+03	 4.72508502139515E-01
 2.00402950337207E+03	 5.44355436433945E-01
 2.00403224127210E+03	 4.81597044339321E-01
 2.00403497917213E+03	 2.84037009742280E-01
 2.00403771707216E+03	 1.52571449211983E-02
 2.00404045497220E+03	-2.35921283670637E-01
 2.00404319287223E+03	-4.03728823348093E-01
 2.00404593077226E+03	-4.62619372684376E-01
 2.00404866867229E+03	-4.11570870468411E-01
 2.00405140657232E+03	-2.58427685784893E-01
 2.00405414447234E+03	-2.81322509777751E-02
 2.00405688237238E+03	 2.20460859871237E-01
 2.00405962027241E+03	 4.03715644032174E-01
 2.00406235817244E+03	 4.55953462189498E-01
 2.00406509607247E+03	 3.71111539356434E-01
 2.00406783397250E+03	 2.02398820484969E-01
 2.00407057187253E+03	 1.91505934041636E-02
 2.00407330977256E+03	-1.37630275776204E-01
 2.00407604767260E+03	-2.61978697284685E-01
 2.00407878557263E+03	-3.55722179821184E-01
 2.00408152347266E+03	-4.05469561335976E-01
 2.00408426137269E+03	-3.90795246888887E-01
 2.00408699927272E+03	-3.09648923378115E-01
 2.00408973717275E+03	-1.85804102622476E-01
 2.00409247507278E+03	-4.68277320559310E-02
 2.00409521297281E+03	 9.97722075412137E-02
 2.00409795087284E+03	 2.59471882708805E-01
 2.00410068877287E+03	 4.17849553646188E-01
 2.00410342667290E+03	 5.22733592874515E-01
 2.00410616457293E+03	 5.10515248362261E-01
 2.00410890247296E+03	 3.57336249355433E-01
 2.00411164037300E+03	 1.05897559586076E-01
 2.00411437827303E+03	-1.58330057409923E-01
 2.00411711617306E+03	-3.57547757811979E-01
 2.00411985407309E+03	-4.52709841289243E-01
 2.00412259197312E+03	-4.36893468704632E-01
 2.00412532987315E+03	-3.15366393519757E-01
 2.00412806777318E+03	-1.04986194338455E-01
 2.00413080567321E+03	 1.47960879212841E-01
 2.00413354357324E+03	 3.64470740653238E-01
 2.00413628147327E+03	 4.65951829036748E-01
 2.00413901937330E+03	 4.22265316121088E-01
 2.00414175727333E+03	 2.69467705625202E-01
 2.00414449517336E+03	 7.85932429209741E-02
 2.00414723307340E+03	-9.46076391396526E-02
 2.00414997097343E+03	-2.32522304236540E-01
 2.00415270887346E+03	-3.37414651283039E-01
 2.00415544677349E+03	-4.02253435929072E-01
 2.00415818467352E+03	-4.07192905717551E-01
 2.00416092257355E+03	-3.42700515504709E-01
 2.00416366047358E+03	-2.26478754852860E-01
 2.00416639837361E+03	-8.97755838530604E-02
 2.00416913627364E+03	 5.11980279264753E-02
 2.00417187417367E+03	 2.01390483066338E-01
 2.00417461207370E+03	 3.59122441564059E-01
 2.00417734997373E+03	 4.86794382602540E-01
 2.00418008787376E+03	 5.20228416323557E-01
 2.00418282577379E+03	 4.16022939866899E-01
 2.00418556367383E+03	 1.92752987430274E-01
 2.00418830157386E+03	-7.45308138112370E-02
 2.00419103947389E+03	-3.00287963315011E-01
 2.00419377737392E+03	-4.30930458757450E-01
 2.00419651527395E+03	-4.50796590722024E-01
 2.00419925317398E+03	-3.62541750905324E-01
 2.00420199107401E+03	-1.77492619179770E-01
 2.00420472897404E+03	 7.01581390777138E-02
 2.00420746687407E+03	 3.10606897710482E-01
 2.00421020477410E+03	 4.58802893739988E-01
 2.00421294267413E+03	 4.62545950510972E-01
 2.00421568057416E+03	 3.35920507495845E-01
 2.00421841847419E+03	 1.44458770655870E-01
 2.00422115637423E+03	-4.43353713589507E-02
 2.00422389427426E+03	-1.98213817682489E-01
 2.00422663217429E+03	-3.15331656128041E-01
 2.00422937007432E+03	-3.94094975960891E-01
 2.00423210797435E+03	-4.18043270261236E-01
 2.00423484587438E+03	-3.72176599249102E-01
 2.00423758377441E+03	-2.66195400598913E-01
 2.00424032167444E+03	-1.31557034111535E-01
 2.00424305957447E+03	 6.75399971752839E-03
 2.00424579747450E+03	 1.48423900270635E-01
 2.00424853537453E+03	 3.00110006895382E-01
 2.00425127327456E+03	 4.40403976712643E-01
 2.00425401117459E+03	 5.11795819308147E-01
 2.00425674907463E+03	 4.57601585487490E-01
 2.00425948697466E+03	 2.71700630923094E-01
 2.00426222487469E+03	 1.23066984677199E-02
 2.00426496277472E+03	-2.33203682154919E-01
 2.00426770067475E+03	-3.97435410200107E-01
 2.00427043857478E+03	-4.53174148671933E-01
 2.00427317647481E+03	-3.99146104942128E-01
 2.00427591437484E+03	-2.43211532386646E-01
 2.00427865227487E+03	-9.29235869465845E-03
 2.00428139017490E+03	 2.44815401143635E-01
 2.00428412807493E+03	 4.34139811326264E-01
 2.00428686597496E+03	 4.88689896744881E-01
 2.00428960387499E+03	 3.98025672395247E-01
 2.00429234177502E+03	 2.14980318665558E-01
 2.00429507967506E+03	 1.36941678983893E-02
 2.00429781757509E+03	-1.57887185433756E-01
 2.00430055547512E+03	-2.89122384679164E-01
 2.00430329337515E+03	-3.81303975690794E-01
 2.00430603127518E+03	-4.23216482132600E-01
 2.00430876917521E+03	-3.97245834271460E-01
 2.00431150707524E+03	-3.04513689079435E-01
 2.00431424497527E+03	-1.73069963295926E-01
 2.00431698287530E+03	-3.49593260239859E-02
 2.00431972077533E+03	 1.00818361742113E-01
 2.00432245867536E+03	 2.43808708603234E-01
 2.00432519657539E+03	 3.87769526783543E-01
 2.00432793447542E+03	 4.87580432619909E-01
 2.00433067237546E+03	 4.80825520765104E-01
 2.00433341027549E+03	 3.38948613061581E-01
 2.00433614817552E+03	 9.84897065841615E-02
 2.00433888607555E+03	-1.58191131517708E-01
 2.00434162397558E+03	-3.52638359592991E-01
 2.00434436187561E+03	-4.44010799346541E-01
 2.00434709977564E+03	-4.24764774236624E-01
 2.00434983767567E+03	-3.00350470484132E-01
 2.00435257557570E+03	-8.69806258083901E-02
 2.00435531347573E+03	 1.70454475666097E-01
 2.00435805137576E+03	 3.92829505543284E-01
 2.00436078927579E+03	 4.98263605156026E-01
 2.00436352717582E+03	 4.51843559288756E-01
 2.00436626507586E+03	 2.87473464463474E-01
 2.00436900297589E+03	 7.92571377625022E-02
 2.00437174087592E+03	-1.10406621948269E-01
 2.00437447877595E+03	-2.58068258496405E-01
 2.00437721667598E+03	-3.64039779823072E-01
 2.00437995457601E+03	-4.22787094134813E-01
 2.00438269247604E+03	-4.17182804923894E-01
 2.00438543037607E+03	-3.40639256881824E-01
 2.00438816827610E+03	-2.14729887846903E-01
 2.00439090617613E+03	-7.54605434927481E-02
 2.00439364407616E+03	 5.78795987855966E-02
 2.00439638197619E+03	 1.92170914060275E-01
 2.00439911987622E+03	 3.32962234350500E-01
 2.00440185777625E+03	 4.50971695022995E-01
 2.00440459567629E+03	 4.85843080063452E-01
 2.00440733357632E+03	 3.91419770823550E-01
 2.00441007147635E+03	 1.80055032887275E-01
 2.00441280937638E+03	-7.78221103644639E-02
 2.00441554727641E+03	-2.97351581227502E-01
 2.00441828517644E+03	-4.23377877115084E-01
 2.00442102307647E+03	-4.39234358329480E-01
 2.00442376097650E+03	-3.47732724706903E-01
 2.00442649887653E+03	-1.59979795758834E-01
 2.00442923677656E+03	 9.12089947281167E-02
 2.00443197467659E+03	 3.36869746058999E-01
 2.00443471257662E+03	 4.89927913127518E-01
 2.00443745047665E+03	 4.93618499276526E-01
 2.00444018837669E+03	 3.58498290494475E-01
 2.00444292627672E+03	 1.51230307639318E-01
 2.00444566417675E+03	-5.49288960976193E-02
 2.00444840207678E+03	-2.21159698628941E-01
 2.00445113997681E+03	-3.42190769319159E-01
 2.00445387787684E+03	-4.16947073942604E-01
 2.00445661577687E+03	-4.31469000440405E-01
 2.00445935367690E+03	-3.73575375011322E-01
 2.00446209157693E+03	-2.56408258661860E-01
 2.00446482947696E+03	-1.16077304047241E-01
 2.00446756737699E+03	 1.82352795739584E-02
 2.00447030527702E+03	 1.45999749964952E-01
 2.00447304317705E+03	 2.79475006486532E-01
 2.00447578107709E+03	 4.05986649960632E-01
 2.00447851897712E+03	 4.74185392723488E-01
 2.00448125687715E+03	 4.27086874399697E-01
 2.00448399477718E+03	 2.53102919040485E-01
 2.00448673267721E+03	 4.71976180137514E-03
 2.00448947057724E+03	-2.32919292291120E-01
 2.00449220847727E+03	-3.91495339119054E-01
 2.00449494637730E+03	-4.42526925092741E-01
 2.00449768427733E+03	-3.84693271261928E-01
 2.00450042217736E+03	-2.25988667579064E-01
 2.00450316007739E+03	 1.07473724108995E-02
 2.00450589797742E+03	 2.69166007630437E-01
 2.00450863587745E+03	 4.63580190128727E-01
 2.00451137377749E+03	 5.20169941478375E-01
 2.00451411167752E+03	 4.24136232127162E-01
 2.00451684957755E+03	 2.27529201676224E-01
 2.00451958747758E+03	 8.83018466083611E-03
 2.00452232537761E+03	-1.77257580156794E-01
 2.00452506327764E+03	-3.15304533050010E-01
 2.00452780117767E+03	-4.05878591245806E-01
 2.00453053907770E+03	-4.39831164203004E-01
 2.00453327697773E+03	-4.02293897331856E-01
 2.00453601487776E+03	-2.97472441454120E-01
 2.00453875277779E+03	-1.57701549713494E-01
 2.00454149067782E+03	-1.98313239691023E-02
 2.00454422857785E+03	 1.05004210898616E-01
 2.00454696647788E+03	 2.29873150040229E-01
 2.00454970437792E+03	 3.56800726124479E-01
 2.00455244227795E+03	 4.48589885739762E-01
 2.00455518017798E+03	 4.45207768386495E-01
 2.00455791807801E+03	 3.14172193781758E-01
 2.00456065597804E+03	 8.58098398180906E-02
 2.00456339387807E+03	-1.61307283055992E-01
 2.00456613177810E+03	-3.48844929361304E-01
 2.00456886967813E+03	-4.34687158437937E-01
 2.00457160757816E+03	-4.10935367464234E-01
 2.00457434547819E+03	-2.83371461896602E-01
 2.00457708337822E+03	-6.75786346229084E-02
 2.00457982127825E+03	 1.93222405859135E-01
 2.00458255917828E+03	 4.20357066032179E-01
 2.00458529707832E+03	 5.29231185491281E-01
 2.00458803497835E+03	 4.80350724761082E-01
 2.00459077287838E+03	 3.05172028494703E-01
 2.00459351077841E+03	 8.03687190628922E-02
 2.00459624867844E+03	-1.25322312909594E-01
 2.00459898657847E+03	-2.82593230800574E-01
 2.00460172447850E+03	-3.89616358387871E-01
 2.00460446237853E+03	-4.42210359390288E-01
 2.00460720027856E+03	-4.25888547954742E-01
 2.00460993817859E+03	-3.36909050129849E-01
 2.00461267607862E+03	-2.00642107215990E-01
 2.00461541397865E+03	-5.80303148341823E-02
 2.00461815187868E+03	 6.79987711521193E-02
 2.00462088977872E+03	 1.85582810984940E-01
 2.00462362767875E+03	 3.07270274560130E-01
 2.00462636557878E+03	 4.12677225605871E-01
 2.00462910347881E+03	 4.46420437940520E-01
 2.00463184137884E+03	 3.60605970623901E-01
 2.00463457927887E+03	 1.61651212158070E-01
 2.00463731717890E+03	-8.51156065790690E-02
 2.00464005507893E+03	-2.96306529719244E-01
 2.00464279297896E+03	-4.15836263647899E-01
 2.00464553087899E+03	-4.26385029096867E-01
 2.00464826877902E+03	-3.31105111818469E-01
 2.00465100667905E+03	-1.40955118379364E-01
 2.00465374457908E+03	 1.12791836636268E-01
 2.00465648247911E+03	 3.62500398600056E-01
 2.00465922037915E+03	 5.19690876626118E-01
 2.00466195827918E+03	 5.23387132067154E-01
 2.00466469617921E+03	 3.80471181511437E-01
 2.00466743407924E+03	 1.58252207752847E-01
 2.00467017197927E+03	-6.46793389859266E-02
 2.00467290987930E+03	-2.43025991848793E-01
 2.00467564777933E+03	-3.67933652239543E-01
 2.00467838567936E+03	-4.38670489982305E-01
 2.00468112357939E+03	-4.43679447474711E-01
 2.00468386147942E+03	-3.73498927755396E-01
 2.00468659937945E+03	-2.44588533468963E-01
 2.00468933727948E+03	-9.77502234476280E-02
 2.00469207517951E+03	 3.32112172125641E-02
 2.00469481307955E+03	 1.46841477697102E-01
 2.00469755097958E+03	 2.60510657225977E-01
 2.00470028887961E+03	 3.70521179266721E-01
 2.00470302677964E+03	 4.32676476196162E-01
 2.00470576467967E+03	 3.90853857700469E-01
 2.00470850257970E+03	 2.28613754418484E-01
 2.00471124047973E+03	-7.49260300416646E-03
 2.00471397837976E+03	-2.35281695535994E-01
 2.00471671627979E+03	-3.86240509018432E-01
 2.00471945417982E+03	-4.31077692596824E-01
 2.00472219207985E+03	-3.68659215900862E-01
 2.00472492997988E+03	-2.07227073831846E-01
 2.00472766787991E+03	 3.15340121350040E-02
 2.00473040577995E+03	 2.93108330274806E-01
 2.00473314367998E+03	 4.91705909248376E-01
 2.00473588158001E+03	 5.50160338534574E-01
 2.00473861948004E+03	 4.49335011826886E-01
 2.00474135738007E+03	 2.40079248118528E-01
 2.00474409528010E+03	 4.71983021639204E-03
 2.00474683318013E+03	-1.95504393915770E-01
 2.00474957108016E+03	-3.40283855348296E-01
 2.00475230898019E+03	-4.29268735700111E-01
 2.00475504688022E+03	-4.55249458750554E-01
 2.00475778478025E+03	-4.06005054199961E-01
 2.00476052268028E+03	-2.88680574179336E-01
 2.00476326058031E+03	-1.39823659132063E-01
 2.00476599848034E+03	-1.35198981851886E-03
 2.00476873638038E+03	 1.12811041036058E-01
 2.00477147428041E+03	 2.18585843198337E-01
 2.00477421218044E+03	 3.26167255685329E-01
 2.00477695008047E+03	 4.07014157588991E-01
 2.00477968798050E+03	 4.04662130279257E-01
 2.00478242588053E+03	 2.83600628505014E-01
 2.00478516378056E+03	 6.80549172427652E-02
 2.00478790168059E+03	-1.67767327194529E-01
 2.00479063958062E+03	-3.46426737668290E-01
 2.00479337748065E+03	-4.25101965335844E-01
 2.00479611538068E+03	-3.95843345148636E-01
 2.00479885328071E+03	-2.64915839432950E-01
 2.00480159118074E+03	-4.72740437371078E-02
 2.00480432908078E+03	 2.15808814278568E-01
 2.00480706698081E+03	 4.46672557630683E-01
 2.00480980488084E+03	 5.58578926576584E-01
 2.00481254278087E+03	 5.07645396556855E-01
 2.00481528068090E+03	 3.22575900842728E-01
 2.00481801858093E+03	 8.20851973365179E-02
 2.00482075648096E+03	-1.39100860785703E-01
 2.00482349438099E+03	-3.05820637945474E-01
 2.00482623228102E+03	-4.13919782359978E-01
 2.00482897018105E+03	-4.60408169424717E-01
 2.00483170808108E+03	-4.33335068915427E-01
 2.00483444598111E+03	-3.31660058568263E-01
 2.00483718388114E+03	-1.84402434998241E-01
 2.00483992178118E+03	-3.75396320166120E-02
 2.00484265968121E+03	 8.18303496062161E-02
 2.00484539758124E+03	 1.82349212501920E-01
 2.00484813548127E+03	 2.83164306974976E-01
 2.00485087338130E+03	 3.73195812422762E-01
 2.00485361128133E+03	 4.03116956919528E-01
 2.00485634918136E+03	 3.24390443183092E-01
 2.00485908708139E+03	 1.37941692430870E-01
 2.00486182498142E+03	-9.63487381659567E-02
 2.00486456288145E+03	-2.97314971809365E-01
 2.00486730078148E+03	-4.08611308618562E-01
 2.00487003868151E+03	-4.12659170032535E-01
 2.00487277658154E+03	-3.13146723974666E-01
 2.00487551448158E+03	-1.20941442724873E-01
 2.00487825238161E+03	 1.34402474743118E-01
 2.00488099028164E+03	 3.87062716308826E-01
 2.00488372818167E+03	 5.47763093865320E-01
 2.00488646608170E+03	 5.51664148624077E-01
 2.00488920398173E+03	 4.01816584979671E-01
 2.00489194188176E+03	 1.65664669221352E-01
 2.00489467978179E+03	-7.33260935792028E-02
 2.00489741768182E+03	-2.63506149710822E-01
 2.00490015558185E+03	-3.92288996814574E-01
 2.00490289348188E+03	-4.59095231071155E-01
 2.00490563138191E+03	-4.54647658580572E-01
 2.00490836928194E+03	-3.72069461909703E-01
 2.00491110718197E+03	-2.30951441427582E-01
 2.00491384508201E+03	-7.67427837028556E-02
 2.00491658298204E+03	 5.17646570931863E-02
 2.00491932088207E+03	 1.51453118672817E-01
 2.00492205878210E+03	 2.44172075089031E-01
 2.00492479668213E+03	 3.35254736698378E-01
 2.00492753458216E+03	 3.88525702535529E-01
 2.00493027248219E+03	 3.49902446060382E-01
 2.00493301038222E+03	 1.98842771206755E-01
 2.00493574828225E+03	-2.40941534202571E-02
 2.00493848618228E+03	-2.40331734850072E-01
 2.00494122408231E+03	-3.81898453458451E-01
 2.00494396198234E+03	-4.19190531781330E-01
 2.00494669988237E+03	-3.51514573818259E-01
 2.00494943778241E+03	-1.87463050684121E-01
 2.00495217568244E+03	 5.25236262009968E-02
 2.00495491358247E+03	 3.16150910247753E-01
 2.00495765148250E+03	 5.18128187064249E-01
 2.00496038938253E+03	 5.78415639119331E-01
 2.00496312728256E+03	 4.73550207433894E-01
 2.00496586518259E+03	 2.52738549295128E-01
 2.00496860308262E+03	 1.61704608383980E-03
 2.00497134098265E+03	-2.12300134538687E-01
 2.00497407888268E+03	-3.63746050930204E-01
 2.00497681678271E+03	-4.51248338687327E-01
 2.00497955468274E+03	-4.69385230166102E-01
 2.00498229258277E+03	-4.08455765601500E-01
 2.00498503048281E+03	-2.78350398064372E-01
 2.00498776838284E+03	-1.19677501378164E-01
 2.00499050628287E+03	 2.03967954112912E-02
 2.00499324418290E+03	 1.24520160981002E-01
 2.00499598208293E+03	 2.10697025547770E-01
 2.00499871998296E+03	 2.97011134882961E-01
 2.00500145788299E+03	 3.64144573594653E-01
 2.00500419578302E+03	 3.60339899766051E-01
 2.00500693368305E+03	 2.48045937213573E-01
 2.00500967158308E+03	 4.56501664467766E-02
 2.00501240948311E+03	-1.77468310286979E-01
 2.00501514738314E+03	-3.45512348991039E-01
 2.00501788528317E+03	-4.15554063131514E-01
 2.00502062318320E+03	-3.79923337862467E-01
 2.00502336108324E+03	-2.45515385024096E-01
 2.00502609898327E+03	-2.66373415684715E-02
 2.00502883688330E+03	 2.37672295615605E-01
 2.00503157478333E+03	 4.71324669703083E-01
 2.00503431268336E+03	 5.85995159031898E-01
 2.00503705058339E+03	 5.33593609995835E-01
 2.00503978848342E+03	 3.39745134111861E-01
 2.00504252638345E+03	 8.46376962150956E-02
 2.00504526428348E+03	-1.51406601508936E-01
 2.00504800218351E+03	-3.27400431803195E-01
 2.00505074008354E+03	-4.36669779737434E-01
 2.00505347798357E+03	-4.77231540456724E-01
 2.00505621588360E+03	-4.39540409385314E-01
 2.00505895378364E+03	-3.25075356269944E-01
 2.00506169168367E+03	-1.66288058841419E-01
 2.00506442958370E+03	-1.41987783641888E-02
 2.00506716748373E+03	 9.94459158075040E-02
 2.00506990538376E+03	 1.82990282205970E-01
 2.00507264328379E+03	 2.61622195706106E-01
 2.00507538118382E+03	 3.33783807581739E-01
 2.00507811908385E+03	 3.57182316284434E-01
 2.00508085698388E+03	 2.83765882449661E-01
 2.00508359488391E+03	 1.09546357045958E-01
 2.00508633278394E+03	-1.11255953026392E-01
 2.00508907068397E+03	-3.00386345185720E-01
 2.00509180858400E+03	-4.01918312888114E-01
 2.00509454648404E+03	-3.98437038103723E-01
 2.00509728438407E+03	-2.94365831465337E-01
 2.00510002228410E+03	-1.00519209507630E-01
 2.00510276018413E+03	 1.55459964811487E-01
 2.00510549808416E+03	 4.10045546935896E-01
 2.00510823598419E+03	 5.73762315387393E-01
 2.00511097388422E+03	 5.78243052726364E-01
 2.00511371178425E+03	 4.22531190416011E-01
 2.00511644968428E+03	 1.73658183893224E-01
 2.00511918758431E+03	-8.05415131791136E-02
 2.00512192548434E+03	-2.82225448049914E-01
 2.00512466338437E+03	-4.14927509308205E-01
 2.00512740128440E+03	-4.78009215882513E-01
 2.00513013918443E+03	-4.64325458634226E-01
 2.00513287708447E+03	-3.69420294675149E-01
 2.00513561498450E+03	-2.15774794863487E-01
 2.00513835288453E+03	-5.33523394602528E-02
 2.00514109078456E+03	 7.37846895134739E-02
 2.00514382868459E+03	 1.60117911288801E-01
 2.00514656658462E+03	 2.31227307350042E-01
 2.00514930448465E+03	 3.01340580093729E-01
 2.00515204238468E+03	 3.43018260697949E-01
 2.00515478028471E+03	 3.05369677797265E-01
 2.00515751818474E+03	 1.64598311173942E-01
 2.00516025608477E+03	-4.46438772759729E-02
 2.00516299398480E+03	-2.47941285353974E-01
 2.00516573188483E+03	-3.78583322863046E-01
 2.00516846978487E+03	-4.07173894544263E-01
 2.00517120768490E+03	-3.33725234031641E-01
 2.00517394558493E+03	-1.67268340420790E-01
 2.00517668348496E+03	 7.31103242601749E-02
 2.00517942138499E+03	 3.37730569219734E-01
 2.00518215928502E+03	 5.42394685420191E-01
 2.00518489718505E+03	 6.04650270340648E-01
 2.00518763508508E+03	 4.96701950992555E-01
 2.00519037298511E+03	 2.65638896273983E-01
 2.00519311088514E+03	-1.77358813424625E-04
 2.00519584878517E+03	-2.27260308450517E-01
 2.00519858668520E+03	-3.85321608948695E-01
 2.00520132458523E+03	-4.71545319091495E-01
 2.00520406248527E+03	-4.82120738522887E-01
 2.00520680038530E+03	-4.09715209380877E-01
 2.00520953828533E+03	-2.66730190878140E-01
 2.00521227618536E+03	-9.76052229773893E-02
 2.00521501408539E+03	 4.51594708940188E-02
 2.00521775198542E+03	 1.40188858804076E-01
 2.00522048988545E+03	 2.06736127989002E-01
 2.00522322778548E+03	 2.70321698809218E-01
 2.00522596568551E+03	 3.21233795254302E-01
 2.00522870358554E+03	 3.13473007520295E-01
 2.00523144148557E+03	 2.08485420293769E-01
 2.00523417938560E+03	 1.92166389525037E-02
 2.00523691728563E+03	-1.90129322214448E-01
 2.00523965518567E+03	-3.46098270667637E-01
 2.00524239308570E+03	-4.06263865036933E-01
 2.00524513098573E+03	-3.63580981583308E-01
 2.00524786888576E+03	-2.25713822615866E-01
 2.00525060678579E+03	-6.28178163620972E-03
 2.00525334468582E+03	 2.58210077719351E-01
 2.00525608258585E+03	 4.93796587945546E-01
 2.00525882048588E+03	 6.11113436681059E-01
 2.00526155838591E+03	 5.58029301398412E-01
 2.00526429628594E+03	 3.56736103340572E-01
 2.00526703418597E+03	 8.82799544201792E-02
 2.00526977208600E+03	-1.61863623815964E-01
 2.00527250998603E+03	-3.46935538839652E-01
 2.00527524788606E+03	-4.57540800160410E-01
 2.00527798578610E+03	-4.92493826647043E-01
 2.00528072368613E+03	-4.44501137091417E-01
 2.00528346158616E+03	-3.17350128936205E-01
 2.00528619948619E+03	-1.46646279074859E-01
 2.00528893738622E+03	 1.16361882818460E-02
 2.00529167528625E+03	 1.20703412070931E-01
 2.00529441318628E+03	 1.87786717478217E-01
 2.00529715108631E+03	 2.43420940934668E-01
 2.00529988898634E+03	 2.95593639714150E-01
 2.00530262688637E+03	 3.09883735089818E-01
 2.00530536478640E+03	 2.39845437913447E-01
 2.00530810268643E+03	 7.72605031653252E-02
 2.00531084058646E+03	-1.29393380406303E-01
 2.00531357848650E+03	-3.05384851202191E-01
 2.00531631638653E+03	-3.95874783509822E-01
 2.00531905428656E+03	-3.84047701400924E-01
 2.00532179218659E+03	-2.75259357018133E-01
 2.00532453008662E+03	-8.02898308952882E-02
 2.00532726798665E+03	 1.75338066776438E-01
 2.00533000588668E+03	 4.30878109819918E-01
 2.00533274378671E+03	 5.97244668305470E-01
 2.00533548168674E+03	 6.02866671063756E-01
 2.00533821958677E+03	 4.42582236006619E-01
 2.00534095748680E+03	 1.82419342910971E-01
 2.00534369538683E+03	-8.59792130687645E-02
 2.00534643328686E+03	-2.98775734424438E-01
 2.00534917118690E+03	-4.35480309707538E-01
 2.00535190908693E+03	-4.95161231543208E-01
 2.00535464698696E+03	-4.72633686052241E-01
 2.00535738488699E+03	-3.65677120815826E-01
 2.00536012278702E+03	-1.99376853897923E-01
 2.00536286068705E+03	-2.79894076967989E-02
 2.00536559858708E+03	 9.89686117748255E-02
 2.00536833648711E+03	 1.72876350691979E-01
 2.00537107438714E+03	 2.22208960215401E-01
 2.00537381228717E+03	 2.69769223679045E-01
 2.00537655018720E+03	 2.97391147255128E-01
 2.00537928808723E+03	 2.58458872585646E-01
 2.00538202598726E+03	 1.26832268177758E-01
 2.00538476388729E+03	-6.85318053869315E-02
 2.00538750178733E+03	-2.57830485123411E-01
 2.00539023968736E+03	-3.76296441423653E-01
 2.00539297758739E+03	-3.95265807094947E-01
 2.00539571548742E+03	-3.15724004951474E-01
 2.00539845338745E+03	-1.47213069139093E-01
 2.00540119128748E+03	 9.26629819284886E-02
 2.00540392918751E+03	 3.57237279139819E-01
 2.00540666708754E+03	 5.63992800511148E-01
 2.00540940498757E+03	 6.28516531502995E-01
 2.00541214288760E+03	 5.18659104255995E-01
 2.00541488078763E+03	 2.78881581235702E-01
 2.00541761868766E+03	-3.68753152689675E-04
 2.00542035658769E+03	-2.39985599751070E-01
 2.00542309448773E+03	-4.04612211540799E-01
 2.00542583238776E+03	-4.89851760763393E-01
 2.00542857028779E+03	-4.93302649903814E-01
 2.00543130818782E+03	-4.09830184391071E-01
 2.00543404608785E+03	-2.54082257674680E-01
 2.00543678398788E+03	-7.40279409483844E-02
 2.00543952188791E+03	 7.25190899669078E-02
 2.00544225978794E+03	 1.59642784264954E-01
 2.00544499768797E+03	 2.06977977879199E-01
 2.00544773558800E+03	 2.46877159406985E-01
 2.00545047348803E+03	 2.79422317360217E-01
 2.00545321138806E+03	 2.65299138073000E-01
 2.00545594928809E+03	 1.65997520992562E-01
 2.00545868718813E+03	-1.04753742033316E-02
 2.00546142508816E+03	-2.05318992938889E-01
 2.00546416298819E+03	-3.48058375159256E-01
 2.00546690088822E+03	-3.97365837270007E-01
 2.00546963878825E+03	-3.47169733056058E-01
 2.00547237668828E+03	-2.06031516585291E-01
 2.00547511458831E+03	 1.31762901706423E-02
 2.00547785248834E+03	 2.76790751598519E-01
 2.00548059038837E+03	 5.13520437947484E-01
 2.00548332828840E+03	 6.33501888984720E-01
 2.00548606618843E+03	 5.80719353183575E-01
 2.00548880408846E+03	 3.73550362053072E-01
 2.00549154198849E+03	 9.32330267321268E-02
 2.00549427988852E+03	-1.70103935140775E-01
 2.00549701778856E+03	-3.64015807803848E-01
 2.00549975568859E+03	-4.76179601689326E-01
 2.00550249358862E+03	-5.05973142704036E-01
 2.00550523148865E+03	-4.48182090900454E-01
 2.00550796938868E+03	-3.08671941761469E-01
 2.00551070728871E+03	-1.25870444387394E-01
 2.00551344518874E+03	 3.94834644316579E-02
 2.00551618308877E+03	 1.45252497338307E-01
 2.00551892098880E+03	 1.96761329309735E-01
 2.00552165888883E+03	 2.29091615845486E-01
 2.00552439678886E+03	 2.59607764208779E-01
 2.00552713468889E+03	 2.62431053593793E-01
 2.00552987258892E+03	 1.93792298486008E-01
 2.00553261048896E+03	 4.19986119424974E-02
 2.00553534838899E+03	-1.50176623677382E-01
 2.00553808628902E+03	-3.12048355886499E-01
 2.00554082418905E+03	-3.90501137886156E-01
 2.00554356208908E+03	-3.69752400153398E-01
 2.00554629998911E+03	-2.56281343628662E-01
 2.00554903788914E+03	-6.08354939424066E-02
 2.00555177578917E+03	 1.93403686726473E-01
 2.00555451368920E+03	 4.48954563123443E-01
 2.00555725158923E+03	 6.17705992429185E-01
 2.00555998948926E+03	 6.25202620690163E-01
 2.00556272738929E+03	 4.61862401742460E-01
 2.00556546528932E+03	 1.92076116991849E-01
 2.00556820318936E+03	-8.93262455554852E-02
 2.00557094108939E+03	-3.12755967967894E-01
 2.00557367898942E+03	-4.53563753651156E-01
 2.00557641688945E+03	-5.10270089459474E-01
 2.00557915478948E+03	-4.79457602459641E-01
 2.00558189268951E+03	-3.60942074471459E-01
 2.00558463058954E+03	-1.82092624174355E-01
 2.00558736848957E+03	-1.15276455445707E-03
 2.00559010638960E+03	 1.26838056937915E-01
 2.00559284428963E+03	 1.89522758901297E-01
 2.00559558218966E+03	 2.17384451060032E-01
 2.00559832008969E+03	 2.41313573657320E-01
 2.00560105798972E+03	 2.52762441010014E-01
 2.00560379588976E+03	 2.10366340552584E-01
 2.00560653378979E+03	 8.65761304596251E-02
 2.00560927168982E+03	-9.50265316919528E-02
 2.00561200958985E+03	-2.69596355137057E-01
 2.00561474748988E+03	-3.74935891891096E-01
 2.00561748538991E+03	-3.83624868052146E-01
 2.00562022328994E+03	-2.97884574793025E-01
 2.00562296118997E+03	-1.27827357493595E-01
 2.00562569909000E+03	 1.10566935332104E-01
 2.00562843699003E+03	 3.74047121382008E-01
 2.00563117489006E+03	 5.82362721317094E-01
 2.00563391279009E+03	 6.49591916356064E-01
 2.00563665069012E+03	 5.39202847898232E-01
 2.00563938859015E+03	 2.92486234667436E-01
 2.00564212649019E+03	 1.27756123950464E-03
 2.00564486439022E+03	-2.50107545063507E-01
 2.00564760229025E+03	-4.21222214165527E-01
 2.00565034019028E+03	-5.05839800106086E-01
 2.00565307809031E+03	-5.02743571361168E-01
 2.00565581599034E+03	-4.08814108643054E-01
 2.00565855389037E+03	-2.40661685317760E-01
 2.00566129179040E+03	-4.94188297421010E-02
 2.00566402969043E+03	 1.01921434939190E-01
 2.00566676759046E+03	 1.82486037997269E-01
 2.00566950549049E+03	 2.11429115952201E-01
 2.00567224339052E+03	 2.27203859998593E-01
 2.00567498129055E+03	 2.39676043993719E-01
 2.00567771919059E+03	 2.16989456218274E-01
 2.00568045709062E+03	 1.21692813487530E-01
 2.00568319499065E+03	-4.25623401475650E-02
 2.00568593289068E+03	-2.22493613344489E-01
 2.00568867079071E+03	-3.51162711022685E-01
 2.00569140869074E+03	-3.88907901350981E-01
 2.00569414659077E+03	-3.30971697365294E-01
 2.00569688449080E+03	-1.86931000069829E-01
 2.00569962239083E+03	 3.11598215277871E-02
 2.00570236029086E+03	 2.92793348993879E-01
 2.00570509819089E+03	 5.29900959746817E-01
 2.00570783609092E+03	 6.52662971565041E-01
 2.00571057399095E+03	 6.01337985008169E-01
 2.00571331189099E+03	 3.90089925776540E-01
 2.00571604979102E+03	 9.96326844058920E-02
 2.00571878769105E+03	-1.75816338273523E-01
 2.00572152559108E+03	-3.78255138617914E-01
 2.00572426349111E+03	-4.92227533861836E-01
 2.00572700139114E+03	-5.17420150076106E-01
 2.00572973929117E+03	-4.50511016205951E-01
 2.00573247719120E+03	-2.99203559845164E-01
 2.00573521509123E+03	-1.04373655581438E-01
 2.00573795299126E+03	 6.87645277697623E-02
 2.00574069089129E+03	 1.72555794792695E-01
 2.00574342879132E+03	 2.09680956775375E-01
 2.00574616669135E+03	 2.18894621773539E-01
 2.00574890459138E+03	 2.26588176516085E-01
 2.00575164249142E+03	 2.15909570196853E-01
 2.00575438039145E+03	 1.46748935062450E-01
 2.00575711829148E+03	 4.73182290511352E-03
 2.00575985619151E+03	-1.72927626161662E-01
 2.00576259409154E+03	-3.20016399237450E-01
 2.00576533199157E+03	-3.85728948117482E-01
 2.00576806989160E+03	-3.55733240148706E-01
 2.00577080779163E+03	-2.37814168840852E-01
 2.00577354569166E+03	-4.26785426718789E-02
 2.00577628359169E+03	 2.09059483998820E-01
 2.00577902149172E+03	 4.63666462866300E-01
 2.00578175939175E+03	 6.34593692528144E-01
 2.00578449729178E+03	 6.44829867709782E-01
 2.00578723519182E+03	 4.80154104253189E-01
 2.00578997309185E+03	 2.02649271866415E-01
 2.00579271099188E+03	-9.03528407507980E-02
 2.00579544889191E+03	-3.23813547877457E-01
 2.00579818679194E+03	-4.68807425796873E-01
 2.00580092469197E+03	-5.23038470440947E-01
 2.00580366259200E+03	-4.84647458629488E-01
 2.00580640049203E+03	-3.55281715834328E-01
 2.00580913839206E+03	-1.64250382017025E-01
 2.00581187629209E+03	 2.66014182293951E-02
 2.00581461419212E+03	 1.56768418746700E-01
 2.00581735209215E+03	 2.09621206653451E-01
 2.00582008999218E+03	 2.16747943597235E-01
 2.00582282789222E+03	 2.16493221005000E-01
 2.00582556579225E+03	 2.10073215015852E-01
 2.00582830369228E+03	 1.62212628128798E-01
 2.00583104159231E+03	 4.48745510950437E-02
 2.00583377949234E+03	-1.23329470763233E-01
 2.00583651739237E+03	-2.82749559466438E-01
 2.00583925529240E+03	-3.74313699170199E-01
 2.00584199319243E+03	-3.72327419832275E-01
 2.00584473109246E+03	-2.80499769890067E-01
 2.00584746899249E+03	-1.09564673250809E-01
 2.00585020689252E+03	 1.26267431122905E-01
 2.00585294479255E+03	 3.87561151088791E-01
 2.00585568269258E+03	 5.96920199281638E-01
 2.00585842059261E+03	 6.67378343416412E-01
 2.00586115849265E+03	 5.58002000242207E-01
 2.00586389639268E+03	 3.06349018530320E-01
 2.00586663429271E+03	 4.88834477876396E-03
 2.00586937219274E+03	-2.57332198740023E-01
 2.00587211009277E+03	-4.34791290113568E-01
 2.00587484799280E+03	-5.19181034186593E-01
 2.00587758589283E+03	-5.10228481489386E-01
 2.00588032379286E+03	-4.06640767216687E-01
 2.00588306169289E+03	-2.26697352732572E-01
 2.00588579959292E+03	-2.42732301908779E-02
 2.00588853749295E+03	 1.32709329733827E-01
 2.00589127539298E+03	 2.08128584214081E-01
 2.00589401329301E+03	 2.19835855366042E-01
 2.00589675119305E+03	 2.11557143628515E-01
 2.00589948909308E+03	 2.02740772561111E-01
 2.00590222699311E+03	 1.69585771892266E-01
 2.00590496489314E+03	 7.66468554852251E-02
 2.00590770279317E+03	-7.61471706799796E-02
 2.00591044069320E+03	-2.41041723436179E-01
 2.00591317859323E+03	-3.55103358949003E-01
 2.00591591649326E+03	-3.80857325934230E-01
 2.00591865439329E+03	-3.15183848252702E-01
 2.00592139229332E+03	-1.68786106388400E-01
 2.00592413019335E+03	 4.71727760730696E-02
 2.00592686809338E+03	 3.05649909345975E-01
 2.00592960599341E+03	 5.42347271600796E-01
 2.00593234389345E+03	 6.68044966636764E-01
 2.00593508179348E+03	 6.19454372938350E-01
 2.00593781969351E+03	 4.06124685354996E-01
 2.00594055759354E+03	 1.07485853801154E-01
 2.00594329549357E+03	-1.78790222496458E-01
 2.00594603339360E+03	-3.89327351132050E-01
 2.00594877129363E+03	-5.05344712038492E-01
 2.00595150919366E+03	-5.26569970232944E-01
 2.00595424709369E+03	-4.51378213485582E-01
 2.00595698499372E+03	-2.89069529468702E-01
 2.00595972289375E+03	-8.25621887448318E-02
 2.00596246079378E+03	 9.88400495664542E-02
 2.00596519869381E+03	 2.01924628359555E-01
 2.00596793659385E+03	 2.26078945363233E-01
 2.00597067449388E+03	 2.12817727645327E-01
 2.00597341239391E+03	 1.97046184665187E-01
 2.00597615029394E+03	 1.71226904735153E-01
 2.00597888819397E+03	 9.97728032089919E-02
 2.00598162609400E+03	-3.35746234138078E-02
 2.00598436399403E+03	-1.96925649242384E-01
 2.00598710189406E+03	-3.28864077810638E-01
 2.00598983979409E+03	-3.81415434926216E-01
 2.00599257769412E+03	-3.42087856077535E-01
 2.00599531559415E+03	-2.20144797638421E-01
 2.00599805349418E+03	-2.62437565894468E-02
 2.00600079139421E+03	 2.21787344607901E-01
 2.00600352929424E+03	 4.74441041634735E-01
 2.00600626719428E+03	 6.47329241365127E-01
 2.00600900509431E+03	 6.61239064411728E-01
 2.00601174299434E+03	 4.97108017506053E-01
 2.00601448089437E+03	 2.14015854111114E-01
 2.00601721879440E+03	-8.89538871359565E-02
 2.00601995669443E+03	-3.31681629584775E-01
 2.00602269459446E+03	-4.80881977103976E-01
 2.00602543249449E+03	-5.33169665570188E-01
 2.00602817039452E+03	-4.88023796292568E-01
 2.00603090829455E+03	-3.48719697316350E-01
 2.00603364619458E+03	-1.46150156476597E-01
 2.00603638409461E+03	 5.46940829429326E-02
 2.00603912199464E+03	 1.88029416871904E-01
 2.00604185989468E+03	 2.32539753390422E-01
 2.00604459779471E+03	 2.20034913786188E-01
 2.00604733569474E+03	 1.95561190676578E-01
 2.00605007359477E+03	 1.70047418036866E-01
 2.00605281149480E+03	 1.14984771692468E-01
 2.00605554939483E+03	 2.72295361377606E-03
 2.00605828729486E+03	-1.52630264274582E-01
 2.00606102519489E+03	-2.96755252724894E-01
 2.00606376309492E+03	-3.74178456013914E-01
 2.00606650099495E+03	-3.61370726900595E-01
 2.00606923889498E+03	-2.63765775471424E-01
 2.00607197679501E+03	-9.27699498559367E-02
 2.00607471469504E+03	 1.39311343605834E-01
 2.00607745259508E+03	 3.97247383219711E-01
 2.00608019049511E+03	 6.07088038433584E-01
 2.00608292839514E+03	 6.81314722762509E-01
 2.00608566629517E+03	 5.74603811906300E-01
 2.00608840419520E+03	 3.20215443008864E-01
 2.00609114209523E+03	 1.04457879024927E-02
 2.00609387999526E+03	-2.61476824701121E-01
 2.00609661789529E+03	-4.45024532378154E-01
 2.00609935579532E+03	-5.29567182402712E-01
 2.00610209369535E+03	-5.15525123216384E-01
 2.00610483159538E+03	-4.03243070844205E-01
 2.00610756949541E+03	-2.12376567879978E-01
 2.00611030739544E+03	 9.21959362642543E-04
 2.00611304529547E+03	 1.64164536178124E-01
 2.00611578319551E+03	 2.35828919231550E-01
 2.00611852109554E+03	 2.31713570147640E-01
 2.00612125899557E+03	 1.99925582975356E-01
 2.00612399689560E+03	 1.69117654576484E-01
 2.00612673479563E+03	 1.23952904631190E-01
 2.00612947269566E+03	 3.18413112866357E-02
 2.00613221059569E+03	-1.10356600560807E-01
 2.00613494849572E+03	-2.60330430279998E-01
 2.00613768639575E+03	-3.59524371211546E-01
 2.00614042429578E+03	-3.73112112269329E-01
 2.00614316219581E+03	-2.99910578305577E-01
 2.00614590009584E+03	-1.51857251281017E-01
 2.00614863799587E+03	 6.08377591686519E-02
 2.00615137589591E+03	 3.14888276969817E-01
 2.00615411379594E+03	 5.50310769500367E-01
 2.00615685169597E+03	 6.79065420905438E-01
 2.00615958959600E+03	 6.34536033549615E-01
 2.00616232749603E+03	 4.21276295888067E-01
 2.00616506539606E+03	 1.16641254614463E-01
 2.00616780329609E+03	-1.78949360388351E-01
 2.00617054119612E+03	-3.96996865330254E-01
 2.00617327909615E+03	-5.15233452784591E-01
 2.00617601699618E+03	-5.33156855359283E-01
 2.00617875489621E+03	-4.50640978182430E-01
 2.00618149279624E+03	-2.78347432961647E-01
 2.00618423069627E+03	-6.08106359428108E-02
 2.00618696859631E+03	 1.29049922301455E-01
 2.00618970649634E+03	 2.32566438948844E-01
 2.00619244439637E+03	 2.45296384228063E-01
 2.00619518229640E+03	 2.10597055505836E-01
 2.00619792019643E+03	 1.71235012408911E-01
 2.00620065809646E+03	 1.29078582011731E-01
 2.00620339599649E+03	 5.37844382919738E-02
 2.00620613389652E+03	-7.20178926459285E-02
 2.00620887179655E+03	-2.21457136294349E-01
 2.00621160969658E+03	-3.38138125220179E-01
 2.00621434759661E+03	-3.77362410181558E-01
 2.00621708549664E+03	-3.28830206425900E-01
 2.00621982339667E+03	-2.03448004917799E-01
 2.00622256129670E+03	-1.18266790757425E-02
 2.00622529919674E+03	 2.31189244326831E-01
 2.00622803709677E+03	 4.80782607413937E-01
 2.00623077499680E+03	 6.55340377473548E-01
 2.00623351289683E+03	 6.73847937793181E-01
 2.00623625079686E+03	 5.12239085902084E-01
 2.00623898869689E+03	 2.25889211195007E-01
 2.00624172659692E+03	-8.51774890626709E-02
 2.00624446449695E+03	-3.36208455607335E-01
 2.00624720239698E+03	-4.89523954606650E-01
 2.00624994029701E+03	-5.40385502658814E-01
 2.00625267819704E+03	-4.89386835604893E-01
 2.00625541609707E+03	-3.41234539473569E-01
 2.00625815399710E+03	-1.28045758992199E-01
 2.00626089189714E+03	 8.25587774857980E-02
 2.00626362979717E+03	 2.19833568988086E-01
 2.00626636769720E+03	 2.57500164821058E-01
 2.00626910559723E+03	 2.26758009846995E-01
 2.00627184349726E+03	 1.78514096669900E-01
 2.00627458139729E+03	 1.33173057444408E-01
 2.00627731929732E+03	 6.94946658179637E-02
 2.00628005719735E+03	-3.89849950868943E-02
 2.00628279509738E+03	-1.82157871397485E-01
 2.00628553299741E+03	-3.11073778929956E-01
 2.00628827089744E+03	-3.74240858809474E-01
 2.00629100879747E+03	-3.50681537787751E-01
 2.00629374669750E+03	-2.47773545606334E-01
 2.00629648459754E+03	-7.76551673864361E-02
 2.00629922249757E+03	 1.49383714180614E-01
 2.00630196039760E+03	 4.02682696001369E-01
 2.00630469829763E+03	 6.12334374941300E-01
 2.00630743619766E+03	 6.90802894746994E-01
 2.00631017409769E+03	 5.88442306712842E-01
 2.00631291199772E+03	 3.33671364747924E-01
 2.00631564989775E+03	 1.77664110876815E-02
 2.00631838779778E+03	-2.62495787669265E-01
 2.00632112569781E+03	-4.51717074404104E-01
 2.00632386359784E+03	-5.36730063870290E-01
 2.00632660149787E+03	-5.18397367664612E-01
 2.00632933939790E+03	-3.98516800467843E-01
 2.00633207729794E+03	-1.97834431993849E-01
 2.00633481519797E+03	 2.57172642992276E-02
 2.00633755309800E+03	 1.95553891801004E-01
 2.00634029099803E+03	 2.64748434675976E-01
 2.00634302889806E+03	 2.46394573321197E-01
 2.00634576679809E+03	 1.92057894466727E-01
 2.00634850469812E+03	 1.39061401808341E-01
 2.00635124259815E+03	 8.07501889375277E-02
 2.00635398049818E+03	-1.18814212885719E-02
 2.00635671839821E+03	-1.44390868559318E-01
 2.00635945629824E+03	-2.79748863773452E-01
 2.00636219419827E+03	-3.64052645496072E-01
 2.00636493209830E+03	-3.65516514003164E-01
 2.00636766999833E+03	-2.85163065374992E-01
 2.00637040789837E+03	-1.36274972225009E-01
 2.00637314579840E+03	 7.19263545689968E-02
 2.00637588369843E+03	 3.20171689386133E-01
 2.00637862159846E+03	 5.53326476224810E-01
 2.00638135949849E+03	 6.85145425602134E-01
 2.00638409739852E+03	 6.45968805159740E-01
 2.00638683529855E+03	 4.35021070019949E-01
 2.00638957319858E+03	 1.26777686294949E-01
 2.00639231109861E+03	-1.76372223073383E-01
 2.00639504899864E+03	-4.01141322290318E-01
 2.00639778689867E+03	-5.21658927021543E-01
 2.00640052479870E+03	-5.36930384559459E-01
 2.00640326269873E+03	-4.48132422716102E-01
 2.00640600059877E+03	-2.67064418932040E-01
 2.00640873849880E+03	-3.94406461092609E-02
 2.00641147639883E+03	 1.58754222447814E-01
 2.00641421429886E+03	 2.63639935581164E-01
 2.00641695219889E+03	 2.66538439164068E-01
 2.00641969009892E+03	 2.11758822581178E-01
 2.00642242799895E+03	 1.49165344133087E-01
 2.00642516589898E+03	 8.99348530018749E-02
 2.00642790379901E+03	 9.53224782238052E-03
 2.00643064169904E+03	-1.09802987856965E-01
 2.00643337959907E+03	-2.45859759441957E-01
 2.00643611749910E+03	-3.47391596709968E-01
 2.00643885539913E+03	-3.73337666291552E-01
 2.00644159329917E+03	-3.15897259877093E-01
 2.00644433119920E+03	-1.87778006588759E-01
 2.00644706909923E+03	 4.29246241084466E-04
 2.00644980699926E+03	 2.37022080321425E-01
 2.00645254489929E+03	 4.82313875968669E-01
 2.00645528279932E+03	 6.58100944679404E-01
 2.00645802069935E+03	 6.82031357212091E-01
 2.00646075859938E+03	 5.24941388840025E-01
 2.00646349649941E+03	 2.37818099886948E-01
 2.00646623439944E+03	-7.92376806528876E-02
 2.00646897229947E+03	-3.37376059392054E-01
 2.00647171019950E+03	-4.94555595519548E-01
 2.00647444809953E+03	-5.44444098469687E-01
 2.00647718599956E+03	-4.88529250906244E-01
 2.00647992389960E+03	-3.32762660800671E-01
 2.00648266179963E+03	-1.10131707626058E-01
 2.00648539969966E+03	 1.09675333226706E-01
 2.00648813759969E+03	 2.51388569914489E-01
 2.00649087549972E+03	 2.83638755490074E-01
 2.00649361339975E+03	 2.36260722377274E-01
 2.00649635129978E+03	 1.65124180586249E-01
 2.00649908919981E+03	 9.97056109753105E-02
 2.00650182709984E+03	 2.63566231153954E-02
 2.00650456499987E+03	-7.94956982605815E-02
 2.00650730289990E+03	-2.11222800278014E-01
 2.00651004079993E+03	-3.25197388358703E-01
 2.00651277869996E+03	-3.74199645027409E-01
 2.00651551660000E+03	-3.40129133248950E-01
 2.00651825450003E+03	-2.32508150136082E-01
 2.00652099240006E+03	-6.42845960641809E-02
 2.00652373030009E+03	 1.56335932993206E-01
 2.00652646820012E+03	 4.03591250117302E-01
 2.00652920610015E+03	 6.12214957575269E-01
 2.00653194400018E+03	 6.95245471836654E-01
 2.00653468190021E+03	 5.98864326117399E-01
 2.00653741980024E+03	 3.46153688240432E-01
 2.00654015770027E+03	 2.64977036113251E-02
 2.00654289560030E+03	-2.60493393619325E-01
 2.00654563350033E+03	-4.54771353320563E-01
 2.00654837140036E+03	-5.40459516759710E-01
 2.00655110930040E+03	-5.18620672524629E-01
 2.00655384720043E+03	-3.92329106216361E-01
 2.00655658510046E+03	-1.83148741691784E-01
 2.00655932300049E+03	 4.97257220985780E-02
 2.00656206090052E+03	 2.26175918548196E-01
 2.00656479880055E+03	 2.94012785916096E-01
 2.00656753670058E+03	 2.63090103743314E-01
 2.00657027460061E+03	 1.87509518622608E-01
 2.00657301250064E+03	 1.12600512511651E-01
 2.00657575040067E+03	 4.04237628489486E-02
 2.00657848830070E+03	-5.38467047581864E-02
 2.00658122620073E+03	-1.77561588976840E-01
 2.00658396410076E+03	-2.98744930008038E-01
 2.00658670200079E+03	-3.68326890879754E-01
 2.00658943990083E+03	-3.57879241981857E-01
 2.00659217780086E+03	-2.70865540991862E-01
 2.00659491570089E+03	-1.22033290617440E-01
 2.00659765360092E+03	 8.03794163406113E-02
 2.00660039150095E+03	 3.21331777813050E-01
 2.00660312940098E+03	 5.51054574233423E-01
 2.00660586730101E+03	 6.85752341846356E-01
 2.00660860520104E+03	 6.53092419673739E-01
 2.00661134310107E+03	 4.46712240688506E-01
 2.00661408100110E+03	 1.37411298316064E-01
 2.00661681890113E+03	-1.71297115485743E-01
 2.00661955680116E+03	-4.01764553877604E-01
 2.00662229470119E+03	-5.24465755476286E-01
 2.00662503260123E+03	-5.37672242631232E-01
 2.00662777050126E+03	-4.43674176685906E-01
 2.00663050840129E+03	-2.55199325470376E-01
 2.00663324630132E+03	-1.87049282239846E-02
 2.00663598420135E+03	 1.87371804254656E-01
 2.00663872210138E+03	 2.94313293046143E-01
 2.00664146000141E+03	 2.88940649433045E-01
 2.00664419790144E+03	 2.15677560272745E-01
 2.00664693580147E+03	 1.30641483250501E-01
 2.00664967370150E+03	 5.40488287738070E-02
 2.00665241160153E+03	-3.24238429827206E-02
 2.00665514950156E+03	-1.46273717945010E-01
 2.00665788740159E+03	-2.69557049938291E-01
 2.00666062530163E+03	-3.56214177038468E-01
 2.00666336320166E+03	-3.69096953248297E-01
 2.00666610110169E+03	-3.03161076677060E-01
 2.00666883900172E+03	-1.73069414213206E-01
 2.00667157690175E+03	 1.05445247839994E-02
 2.00667431480178E+03	 2.39223341962226E-01
 2.00667705270181E+03	 4.78813761894052E-01
 2.00667979060184E+03	 6.55175272248223E-01
 2.00668252850187E+03	 6.85164021689097E-01
 2.00668526640190E+03	 5.34521081493121E-01
 2.00668800430193E+03	 2.49205230406723E-01
 2.00669074220196E+03	-7.15102807383859E-02
 2.00669348010199E+03	-3.35307167507316E-01
 2.00669621800203E+03	-4.95898519935037E-01
 2.00669895590206E+03	-5.45156532768443E-01
 2.00670169380209E+03	-4.85251671171740E-01
 2.00670443170212E+03	-3.23206572462596E-01
 2.00670716960215E+03	-9.25361002404519E-02
 2.00670990750218E+03	 1.35599032380913E-01
 2.00671264540221E+03	 2.81949183500253E-01
 2.00671538330224E+03	 3.10072933000927E-01
 2.00671812120227E+03	 2.47783630684368E-01
 2.00672085910230E+03	 1.54989456643104E-01
 2.00672359700233E+03	 6.96921393739863E-02
 2.00672633490236E+03	-1.40151145903120E-02
 2.00672907280239E+03	-1.18217318323420E-01
 2.00673181070242E+03	-2.39247374914084E-01
 2.00673454860246E+03	-3.38680066343261E-01
 2.00673728650249E+03	-3.73765830178370E-01
 2.00674002440252E+03	-3.29541890459065E-01
 2.00674276230255E+03	-2.17856360812320E-01
 2.00674550020258E+03	-5.25712742801193E-02
 2.00674823810261E+03	 1.60202867748532E-01
 2.00675097600264E+03	 3.99875968938431E-01
 2.00675371390267E+03	 6.06415886402335E-01
 2.00675645180270E+03	 6.94092647268081E-01
 2.00675918970273E+03	 6.05171405668763E-01
 2.00676192760276E+03	 3.56980054228216E-01
 2.00676466550279E+03	 3.61326814939234E-02
 2.00676740340282E+03	-2.55723054549197E-01
 2.00677014130286E+03	-4.54206266016575E-01
 2.00677287920289E+03	-5.40618492621952E-01
 2.00677561710292E+03	-5.15998921657212E-01
 2.00677835500295E+03	-3.84531371970543E-01
 2.00678109290298E+03	-1.68340910346819E-01
 2.00678383080301E+03	 7.26420631209096E-02
 2.00678656870304E+03	 2.55404034048109E-01
 2.00678930660307E+03	 3.22774892898394E-01
 2.00679204450310E+03	 2.80960583939919E-01
 2.00679478240313E+03	 1.85703883360173E-01
 2.00679752030316E+03	 8.95764555086002E-02
 2.00680025820319E+03	 3.21889541892210E-03
 2.00680299610322E+03	-9.35580493057710E-02
 2.00680573400326E+03	-2.09315444623543E-01
 2.00680847190329E+03	-3.16852749850444E-01
 2.00681120980332E+03	-3.72022524220579E-01
 2.00681394770335E+03	-3.49993053189556E-01
 2.00681668560338E+03	-2.56868232698862E-01
 2.00681942350341E+03	-1.08993839795613E-01
 2.00682216140344E+03	 8.63151806707280E-02
 2.00682489930347E+03	 3.18391808811170E-01
 2.00682763720350E+03	 5.43318412877154E-01
 2.00683037510353E+03	 6.80447393078903E-01
 2.00683311300356E+03	 6.55248811831002E-01
 2.00683585090359E+03	 4.55619821576836E-01
 2.00683858880362E+03	 1.47921087940999E-01
 2.00684132670365E+03	-1.64112185782902E-01
 2.00684406460369E+03	-3.98999576454294E-01
 2.00684680250372E+03	-5.23590007645608E-01
 2.00684954040375E+03	-5.35212913713534E-01
 2.00685227830378E+03	-4.37092389097124E-01
 2.00685501620381E+03	-2.42690408881976E-01
 2.00685775410383E+03	 1.22215574616360E-03
 2.00686049200387E+03	 2.14413318692408E-01
 2.00686322990390E+03	 3.23820372240558E-01
 2.00686596780393E+03	 3.11639109023829E-01
 2.00686870570396E+03	 2.21644930939445E-01
 2.00687144360399E+03	 1.15313691601062E-01
 2.00687418150402E+03	 2.14836673998314E-02
 2.00687691940405E+03	-7.17099946736142E-02
 2.00687965730409E+03	-1.80927773990327E-01
 2.00688239520412E+03	-2.92081508823539E-01
 2.00688513310415E+03	-3.64256080226437E-01
 2.00688787100418E+03	-3.64405071244230E-01
 2.00689060890421E+03	-2.90445634383507E-01
 2.00689334680424E+03	-1.59147870263523E-01
 2.00689608470427E+03	 1.87029417655313E-02
 2.00689882260430E+03	 2.37924923451574E-01
 2.00690156050433E+03	 4.70248022244764E-01
 2.00690429840436E+03	 6.46263143812746E-01
 2.00690703630439E+03	 6.82672110578441E-01
 2.00690977420442E+03	 5.40244608491974E-01
 2.00691251210445E+03	 2.59343487068053E-01
 2.00691525000449E+03	-6.25127433238171E-02
 2.00691798790452E+03	-3.30260511342110E-01
 2.00692072580455E+03	-4.93581099050049E-01
 2.00692346370458E+03	-5.42401909992711E-01
 2.00692620160461E+03	-4.79380246583375E-01
 2.00692893950464E+03	-3.12447889452382E-01
 2.00693167740467E+03	-7.53201233971701E-02
 2.00693441530470E+03	 1.59982817325749E-01
 2.00693715320473E+03	 3.10864208274430E-01
 2.00693989110476E+03	 3.35967467823910E-01
 2.00694262900479E+03	 2.60536799849834E-01
 2.00694536690482E+03	 1.47596405871206E-01
 2.00694810480485E+03	 4.30124092551563E-02
 2.00695084270488E+03	-5.13904172446818E-02
 2.00695358060492E+03	-1.54724519326951E-01
 2.00695631850495E+03	-2.65782639381315E-01
 2.00695905640498E+03	-3.51158762427152E-01
 2.00696179430501E+03	-3.72683769564718E-01
 2.00696453220504E+03	-3.18726440093719E-01
 2.00696727010507E+03	-2.03622331916642E-01
 2.00697000800510E+03	-4.22856110064081E-02
 2.00697274590513E+03	 1.61206848375831E-01
 2.00697548380516E+03	 3.91639851600006E-01
 2.00697822170519E+03	 5.94792765838001E-01
 2.00698095960522E+03	 6.86893743974228E-01
 2.00698369750525E+03	 6.06673763389510E-01
 2.00698643540528E+03	 3.65394743623677E-01
 2.00698917330532E+03	 4.60406254419392E-02
 2.00699191120535E+03	-2.48573636656878E-01
 2.00699464910538E+03	-4.50158404241717E-01
 2.00699738700541E+03	-5.37155005076314E-01
 2.00700012490544E+03	-5.10381993139426E-01
 2.00700286280547E+03	-3.74975846327829E-01
 2.00700560070550E+03	-1.53383067794995E-01
 2.00700833860553E+03	 9.42543091142269E-02
 2.00701107650556E+03	 2.82722674064129E-01
 2.00701381440559E+03	 3.50274002798168E-01
 2.00701655230562E+03	 2.99187537047988E-01
 2.00701929020565E+03	 1.86001975479864E-01
 2.00702202810568E+03	 6.96968591999017E-02
 2.00702476600572E+03	-3.07905409107848E-02
 2.00702750390575E+03	-1.30690289924717E-01
 2.00703024180578E+03	-2.39243173913216E-01
 2.00703297970581E+03	-3.33709570084176E-01
 2.00703571760584E+03	-3.74871187951084E-01
 2.00703845550587E+03	-3.41654679464456E-01
 2.00704119340590E+03	-2.42966451197929E-01
 2.00704393130593E+03	-9.69010497831055E-02
 2.00704666920596E+03	 9.00237890068748E-02
 2.00704940710599E+03	 3.11577485121312E-01
 2.00705214500602E+03	 5.30135132515646E-01
 2.00705488290605E+03	 6.68933595926491E-01
 2.00705762080608E+03	 6.51838708871780E-01
 2.00706035870612E+03	 4.60984320885596E-01
 2.00706309660615E+03	 1.57589941317643E-01
 2.00706583450618E+03	-1.55331916479578E-01
 2.00706857240621E+03	-3.93102301316482E-01
 2.00707131030624E+03	-5.19066576494162E-01
 2.00707404820627E+03	-5.29447733828134E-01
 2.00707678610630E+03	-4.28236286861412E-01
 2.00707952400633E+03	-2.29448384939584E-01
 2.00708226190636E+03	 2.02464722045468E-02
 2.00708499980639E+03	 2.39505821598992E-01
 2.00708773770642E+03	 3.51510038348741E-01
 2.00709047560645E+03	 3.33838075765573E-01
 2.00709321350648E+03	 2.28942292516849E-01
 2.00709595140651E+03	 1.02740737258023E-01
 2.00709868930655E+03	-7.84537645097762E-03
 2.00710142720658E+03	-1.08119465264228E-01
 2.00710416510661E+03	-2.13416390602923E-01
 2.00710690300664E+03	-3.13085642619462E-01
 2.00710964090667E+03	-3.71244562227458E-01
 2.00711237880670E+03	-3.59055068240254E-01
 2.00711511670673E+03	-2.77547635457456E-01
 2.00711785460676E+03	-1.45750141598910E-01
 2.00712059250679E+03	 2.52376582525086E-02
 2.00712333040682E+03	 2.33453083450559E-01
 2.00712606830685E+03	 4.56789335161130E-01
 2.00712880620688E+03	 6.31240815133837E-01
 2.00713154410691E+03	 6.74088940178569E-01
 2.00713428200695E+03	 5.41397596993267E-01
 2.00713701990698E+03	 2.67466188386276E-01
 2.00713975780701E+03	-5.28704389425426E-02
 2.00714249570704E+03	-3.22615849414720E-01
 2.00714523360707E+03	-4.87739854651803E-01
 2.00714797150710E+03	-5.36140424795305E-01
 2.00715070940713E+03	-4.70785481973443E-01
 2.00715344730716E+03	-3.00364520184507E-01
 2.00715618520719E+03	-5.84844846006476E-02
 2.00715892310722E+03	 1.82590569489708E-01
 2.00716166100725E+03	 3.37614408262080E-01
 2.00716439890728E+03	 3.60594487876416E-01
 2.00716713680731E+03	 2.73771355063250E-01
 2.00716987470735E+03	 1.42388524739001E-01
 2.00717261260738E+03	 1.94317062575717E-02
 2.00717535050741E+03	-8.56922577798660E-02
 2.00717808840744E+03	-1.88747825266670E-01
 2.00718082630747E+03	-2.90512134514953E-01
 2.00718356420750E+03	-3.62365515190573E-01
 2.00718630210753E+03	-3.70748217266758E-01
 2.00718904000756E+03	-3.07488551506767E-01
 2.00719177790759E+03	-1.89550761044163E-01
 2.00719451580762E+03	-3.30761537296958E-02
 2.00719725370765E+03	 1.59747281013895E-01
 2.00719999160768E+03	 3.79194331309781E-01
 2.00720272950771E+03	 5.77402011947152E-01
 2.00720546740774E+03	 6.73348324599873E-01
 2.00720820530778E+03	 6.02751139951300E-01
 2.00721094320781E+03	 3.70626254533868E-01
 2.00721368110784E+03	 5.55106699238872E-02
 2.00721641900787E+03	-2.39544997356098E-01
 2.00721915690790E+03	-4.42876194596393E-01
 2.00722189480793E+03	-5.30110797237309E-01
 2.00722463270796E+03	-5.01683295324423E-01
 2.00722737060799E+03	-3.63535161607110E-01
 2.00723010850802E+03	-1.38211043247261E-01
 2.00723284640805E+03	 1.14446646247260E-01
 2.00723558430808E+03	 3.07753130674165E-01
 2.00723832220811E+03	 3.75885511756067E-01
 2.00724106010814E+03	 3.17040400449296E-01
 2.00724379800818E+03	 1.87773134234846E-01
 2.00724653590821E+03	 5.25964910087681E-02
 2.00724927380824E+03	-6.16599903617636E-02
 2.00725201170827E+03	-1.65068225196987E-01
 2.00725474960830E+03	-2.67074983566242E-01
 2.00725748750833E+03	-3.49062242267169E-01
 2.00726022540836E+03	-3.76674382238054E-01
 2.00726296330839E+03	-3.32684275269905E-01
 2.00726570120842E+03	-2.28924955689747E-01
 2.00726843910845E+03	-8.54078731797367E-02
 2.00727117700848E+03	 9.19477755196945E-02
 2.00727391490851E+03	 3.01313318359456E-01
 2.00727665280854E+03	 5.11735193870908E-01
 2.00727939070858E+03	 6.51098934078893E-01
 2.00728212860861E+03	 6.42380815017741E-01
 2.00728486650864E+03	 4.62078983391061E-01
 2.00728760440867E+03	 1.65656986678930E-01
 2.00729034230870E+03	-1.45562895585402E-01
 2.00729308020873E+03	-3.84437356561539E-01
 2.00729581810876E+03	-5.11032123703545E-01
 2.00729855600879E+03	-5.20351644261507E-01
 2.00730129390882E+03	-4.16998265597641E-01
 2.00730403180885E+03	-2.15374040515731E-01
 2.00730676970888E+03	 3.83480668222744E-02
 2.00730950760891E+03	 2.62406709411433E-01
 2.00731224550894E+03	 3.76884147911638E-01
 2.00731498340897E+03	 3.54868754890628E-01
 2.00731772130901E+03	 2.36909873592703E-01
 2.00732045920904E+03	 9.24558261705709E-02
 2.00732319710907E+03	-3.41195561454659E-02
 2.00732593500910E+03	-1.41580776532735E-01
 2.00732867290913E+03	-2.43530666357071E-01
 2.00733141080916E+03	-3.32341720336677E-01
 2.00733414870919E+03	-3.76992974262620E-01
 2.00733688660922E+03	-3.52884903210590E-01
 2.00733962450925E+03	-2.64260312606696E-01
 2.00734236240928E+03	-1.32552726324400E-01
 2.00734510030931E+03	 3.06043608380914E-02
 2.00734783820934E+03	 2.26313453046354E-01
 2.00735057610937E+03	 4.38823873937120E-01
 2.00735331400941E+03	 6.10193374205001E-01
 2.00735605190944E+03	 6.59108802764166E-01
 2.00735878980947E+03	 5.37348497777737E-01
 2.00736152770950E+03	 2.72806299043201E-01
 2.00736426560953E+03	-4.32730376292163E-02
 2.00736700350956E+03	-3.12850761030113E-01
 2.00736974140959E+03	-4.78615494811934E-01
 2.00737247930962E+03	-5.26423955715867E-01
 2.00737521720965E+03	-4.59401255557180E-01
 2.00737795510968E+03	-2.86850953994271E-01
 2.00738069300971E+03	-4.19824945008673E-02
 2.00738343090974E+03	 2.03300113097921E-01
 2.00738616880977E+03	 3.61837958024063E-01
 2.00738890670981E+03	 3.83381696893307E-01
 2.00739164460984E+03	 2.86843370255706E-01
 2.00739438250987E+03	 1.38833612554760E-01
 2.00739712040990E+03	-1.34093323791010E-03
 2.00739985830993E+03	-1.16955376697234E-01
 2.00740259620996E+03	-2.20150618827873E-01
 2.00740533410999E+03	-3.13244113908653E-01
 2.00740807201002E+03	-3.72130939362537E-01
 2.00741080991005E+03	-3.67817046771735E-01
 2.00741354781008E+03	-2.95654804543377E-01
 2.00741628571011E+03	-1.75356301543194E-01
 2.00741902361014E+03	-2.45016105304172E-02
 2.00742176151017E+03	 1.56375696083943E-01
 2.00742449941021E+03	 3.63052684346673E-01
 2.00742723731024E+03	 5.54520280867782E-01
 2.00742997521027E+03	 6.53351218511245E-01
 2.00743271311030E+03	 5.92914199213437E-01
 2.00743545101033E+03	 3.71950722973502E-01
 2.00743818891036E+03	 6.38037104707409E-02
 2.00744092681039E+03	-2.29215527993396E-01
 2.00744366471042E+03	-4.32708068325617E-01
 2.00744640261045E+03	-5.19626522556541E-01
 2.00744914051048E+03	-4.89896207570684E-01
 2.00745187841051E+03	-3.50123424395129E-01
 2.00745461631054E+03	-1.22742424818582E-01
 2.00745735421057E+03	 1.33193079913297E-01
 2.00746009211060E+03	 3.30266673426150E-01
 2.00746283001064E+03	 3.99156976996610E-01
 2.00746556791067E+03	 3.33931940791333E-01
 2.00746830581070E+03	 1.90459983220507E-01
 2.00747104371073E+03	 3.78992688974266E-02
 2.00747378161076E+03	-8.95250775840733E-02
 2.00747651951079E+03	-1.96634650141048E-01
 2.00747925741082E+03	-2.92664744189763E-01
 2.00748199531085E+03	-3.62764352083925E-01
 2.00748473321088E+03	-3.77311283449737E-01
 2.00748747111091E+03	-3.22943619772931E-01
 2.00749020901094E+03	-2.14506240716149E-01
 2.00749294691097E+03	-7.41106384291332E-02
 2.00749568481100E+03	 9.26491796506384E-02
 2.00749842271104E+03	 2.88203611886149E-01
 2.00750116061107E+03	 4.88567691260214E-01
 2.00750389851110E+03	 6.27049628202559E-01
 2.00750663641113E+03	 6.26567236934689E-01
 2.00750937431116E+03	 4.58274158039589E-01
 2.00751211221119E+03	 1.71375909770266E-01
 2.00751485011122E+03	-1.35462497688847E-01
 2.00751758801125E+03	-3.73457767483328E-01
 2.00752032591128E+03	-4.99723759758363E-01
 2.00752306381131E+03	-5.07991704479215E-01
 2.00752580171134E+03	-4.03334059323324E-01
 2.00752853961137E+03	-2.00379173646122E-01
 2.00753127751140E+03	 5.55674772063392E-02
 2.00753401541144E+03	 2.83005553393971E-01
 2.00753675331147E+03	 3.99620679181986E-01
 2.00753949121150E+03	 3.74233771654072E-01
 2.00754222911153E+03	 2.45005822010497E-01
 2.00754496701156E+03	 8.40289722360147E-02
 2.00754770491159E+03	-5.75620532050487E-02
 2.00755044281162E+03	-1.72117779477783E-01
 2.00755318071165E+03	-2.71177702482423E-01
 2.00755591861168E+03	-3.49732000255367E-01
 2.00755865651171E+03	-3.81402925653139E-01
 2.00756139441174E+03	-3.45791102925559E-01
 2.00756413231177E+03	-2.50398907201638E-01
 2.00756687021180E+03	-1.19207217310955E-01
 2.00756960811183E+03	 3.53428742740424E-02
 2.00757234601187E+03	 2.17161178957728E-01
 2.00757508391190E+03	 4.16942344118871E-01
 2.00757782181193E+03	 5.83434095131030E-01
 2.00758055971196E+03	 6.37632902583557E-01
 2.00758329761199E+03	 5.27610274140746E-01
 2.00758603551202E+03	 2.74658544216761E-01
 2.00758877341205E+03	-3.44254133782759E-02
 2.00759151131208E+03	-3.01511673526548E-01
 2.00759424921211E+03	-4.66544240663202E-01
 2.00759698711214E+03	-5.13403465986641E-01
 2.00759972501217E+03	-4.45242531341228E-01
 2.00760246291220E+03	-2.71840083161268E-01
 2.00760520081223E+03	-2.57388984024496E-02
 2.00760793871227E+03	 2.22095451055907E-01
 2.00761067661230E+03	 3.83340965061198E-01
 2.00761341451233E+03	 4.03944323647733E-01
 2.00761615241236E+03	 2.99263967255216E-01
 2.00761889031239E+03	 1.36482966076409E-01
 2.00762162821242E+03	-1.95955916972410E-02
 2.00762436611245E+03	-1.45280028485363E-01
 2.00762710401248E+03	-2.48897693745691E-01
 2.00762984191251E+03	-3.33894633811421E-01
 2.00763257981254E+03	-3.80380196891267E-01
 2.00763531771257E+03	-3.63819550212293E-01
 2.00763805561260E+03	-2.83093886546762E-01
 2.00764079351263E+03	-1.60757299581139E-01
 2.00764353141267E+03	-1.60721163576709E-02
 2.00764626931270E+03	 1.51757310645814E-01
 2.00764900721273E+03	 3.43907638187717E-01
 2.00765174511276E+03	 5.26648720469271E-01
 2.00765448301279E+03	 6.27025983070498E-01
 2.00765722091282E+03	 5.76859800553337E-01
 2.00765995881285E+03	 3.68754631903348E-01
 2.00766269671288E+03	 7.02074280793919E-02
 2.00766543461291E+03	-2.18204939873963E-01
 2.00766817251294E+03	-4.20085905829030E-01
 2.00767091041297E+03	-5.05943047100500E-01
 2.00767364831300E+03	-4.75108005572979E-01
 2.00767638621303E+03	-3.34717105778910E-01
 2.00767912411306E+03	-1.06898276035989E-01
 2.00768186201310E+03	 1.50542211179516E-01
 2.00768459991313E+03	 3.50183588996148E-01
 2.00768733781316E+03	 4.19826931299599E-01
 2.00769007571319E+03	 3.49457038940271E-01
 2.00769281361322E+03	 1.93631096084273E-01
 2.00769555151325E+03	 2.52747097520689E-02
 2.00769828941328E+03	-1.14551278486205E-01
 2.00770102731331E+03	-2.25412357335366E-01
 2.00770376521334E+03	-3.15966091576891E-01
 2.00770650311337E+03	-3.74765708067276E-01
 2.00770924101340E+03	-3.76741128187736E-01
 2.00771197891343E+03	-3.12352194487509E-01
 2.00771471681346E+03	-1.99500816519174E-01
 2.00771745471350E+03	-6.25906067722512E-02
 2.00772019261353E+03	 9.27652346245524E-02
 2.00772293051356E+03	 2.72998403555999E-01
 2.00772566841359E+03	 4.61289388531380E-01
 2.00772840631362E+03	 5.97128942496389E-01
 2.00773114421365E+03	 6.04308816575156E-01
 2.00773388211368E+03	 4.49097022707379E-01
 2.00773662001371E+03	 1.74073368504322E-01
 2.00773935791374E+03	-1.25694506251696E-01
 2.00774209581377E+03	-3.60680425080817E-01
 2.00774483371380E+03	-4.85473510680814E-01
 2.00774757161383E+03	-4.92536118246924E-01
 2.00775030951386E+03	-3.87281124487189E-01
 2.00775304741390E+03	-1.84409058674112E-01
 2.00775578531393E+03	 7.19854247214902E-02
 2.00775852321396E+03	 3.01313466719983E-01
 2.00776126111399E+03	 4.19579769193658E-01
 2.00776399901402E+03	 3.91633154648174E-01
 2.00776673691405E+03	 2.52849428297123E-01
 2.00776947481408E+03	 7.71194310040919E-02
 2.00777221271411E+03	-7.83863063101947E-02
 2.00777495061414E+03	-1.99806713115222E-01
 2.00777768851417E+03	-2.96350303154050E-01
 2.00778042641420E+03	-3.65231730797150E-01
 2.00778316431423E+03	-3.84460443381316E-01
 2.00778590221426E+03	-3.37738914499480E-01
 2.00778864011430E+03	-2.35826043939800E-01
 2.00779137801433E+03	-1.05379781858394E-01
 2.00779411591436E+03	 4.00298832505870E-02
 2.00779685381439E+03	 2.06757685755272E-01
 2.00779959171442E+03	 3.91914759040340E-01
 2.00780232961445E+03	 5.51507410324174E-01
 2.00780506751448E+03	 6.09801756944683E-01
 2.00780780541451E+03	 5.11893437931792E-01
 2.00781054331454E+03	 2.72438096587462E-01
 2.00781328121457E+03	-2.69978852484353E-02
 2.00781601911460E+03	-2.89181798104545E-01
 2.00781875701463E+03	-4.51945043455554E-01
 2.00782149491466E+03	-4.97332257304579E-01
 2.00782423281469E+03	-4.28419927848270E-01
 2.00782697071473E+03	-2.55324504875272E-01
 2.00782970861476E+03	-9.67284330754990E-03
 2.00783244651479E+03	 2.39048757933474E-01
 2.00783518441482E+03	 4.02091965660953E-01
 2.00783792231485E+03	 4.22097787817175E-01
 2.00784066021488E+03	 3.10730867838144E-01
 2.00784339811491E+03	 1.35016635911593E-01
 2.00784613601494E+03	-3.55714975754680E-02
 2.00784887391497E+03	-1.70786239709827E-01
 2.00785161181500E+03	-2.75019634145762E-01
 2.00785434971503E+03	-3.52464394918061E-01
 2.00785708761506E+03	-3.87122874500238E-01
 2.00785982551509E+03	-3.58760270158576E-01
 2.00786256341513E+03	-2.69736024064148E-01
 2.00786530131516E+03	-1.45511191507680E-01
 2.00786803921519E+03	-7.29661527488635E-03
 2.00787077711522E+03	 1.46621580877152E-01
 2.00787351501525E+03	 3.22593815429868E-01
 2.00787625291528E+03	 4.94500043541333E-01
 2.00787899081531E+03	 5.94742193776550E-01
 2.00788172871534E+03	 5.54513861065184E-01
 2.00788446661537E+03	 3.60590277244023E-01
 2.00788720451540E+03	 7.40889924849445E-02
 2.00788994241543E+03	-2.07135728404384E-01
 2.00789268031546E+03	-4.05505000881531E-01
 2.00789541821549E+03	-4.89398330599327E-01
 2.00789815611553E+03	-4.57509581777503E-01
 2.00790089401556E+03	-3.17373562233418E-01
 2.00790363191559E+03	-9.06264824158581E-02
 2.00790636981562E+03	 1.66594411590278E-01
 2.00790910771565E+03	 3.67558090977258E-01
 2.00791184561568E+03	 4.37824699547041E-01
 2.00791458351571E+03	 3.63411206637130E-01
 2.00791732141574E+03	 1.97016333283724E-01
 2.00792005931577E+03	 1.44830769385488E-02
 2.00792279721580E+03	-1.36887952651065E-01
 2.00792553511583E+03	-2.51464774919834E-01
 2.00792827301586E+03	-3.37003820367447E-01
 2.00793101091589E+03	-3.85096147214810E-01
 2.00793374881592E+03	-3.75000614169998E-01
 2.00793648671596E+03	-3.00900039094175E-01
 2.00793922461599E+03	-1.83756972016161E-01
 2.00794196251602E+03	-5.04588444055904E-02
 2.00794470041605E+03	 9.29558973682315E-02
 2.00794743831608E+03	 2.56546266030978E-01
 2.00795017621611E+03	 4.30736945812548E-01
 2.00795291411614E+03	 5.61918207273536E-01
 2.00795565201617E+03	 5.75764862816714E-01
 2.00795838991620E+03	 4.34280226722266E-01
 2.00796112781623E+03	 1.73201646390219E-01
 2.00796386571626E+03	-1.16885815967256E-01
 2.00796660361629E+03	-3.46659290361326E-01
 2.00796934151632E+03	-4.68698551102453E-01
 2.00797207941636E+03	-4.74258360492188E-01
 2.00797481731639E+03	-3.68973090841992E-01
 2.00797755521642E+03	-1.67464155875048E-01
 2.00798029311645E+03	 8.76977668811498E-02
 2.00798303101648E+03	 3.17440900288231E-01
 2.00798576891651E+03	 4.36792045886787E-01
 2.00798850681654E+03	 4.06969422388893E-01
 2.00799124471657E+03	 2.60244471775117E-01
 2.00799398261660E+03	 7.15130575147996E-02
 2.00799672051663E+03	-9.67526653585029E-02
 2.00799945841666E+03	-2.24735147469975E-01
 2.00800219631669E+03	-3.19094052723015E-01
 2.00800493421672E+03	-3.78887389780956E-01
 2.00800767211676E+03	-3.86227096869700E-01
 2.00801041001679E+03	-3.28768323355432E-01
 2.00801314791682E+03	-2.20474798249368E-01
 2.00801588581685E+03	-9.07913309493681E-02
 2.00801862371688E+03	 4.52265774290596E-02
 2.00802136161691E+03	 1.95917049568208E-01
 2.00802409951694E+03	 3.64649887707432E-01
 2.00802683741697E+03	 5.15173657559909E-01
 2.00802957531700E+03	 5.76009656305783E-01
 2.00803231321703E+03	 4.90144478816441E-01
 2.00803505111706E+03	 2.65729828251585E-01
 2.00803778901709E+03	-2.15804845484345E-02
 2.00804052691712E+03	-2.76448631021008E-01
 2.00804326481715E+03	-4.35303283376958E-01
 2.00804600271719E+03	-4.78564060798638E-01
 2.00804874061722E+03	-4.09149151127687E-01
 2.00805147851725E+03	-2.37374921049041E-01
 2.00805421641728E+03	 6.27729252198453E-03
 2.00805695431731E+03	 2.54293797417947E-01
 2.00805969221734E+03	 4.18200880663302E-01
 2.00806243011737E+03	 4.37849948169329E-01
 2.00806516801740E+03	 3.21138528225106E-01
 2.00806790591743E+03	 1.34270445132359E-01
 2.00807064381746E+03	-4.94192201371591E-02
 2.00807338171749E+03	-1.93573481304177E-01
 2.00807611961752E+03	-2.98577134629502E-01
 2.00807885751755E+03	-3.69012248164457E-01
 2.00808159541759E+03	-3.92438245079211E-01
 2.00808433331762E+03	-3.52718245887443E-01
 2.00808707121765E+03	-2.55588768974749E-01
 2.00808980911768E+03	-1.29448301379137E-01
 2.00809254701771E+03	 2.26775655018415E-03
 2.00809528491774E+03	 1.41705598211292E-01
 2.00809802281777E+03	 3.00037280928061E-01
 2.00810076071780E+03	 4.58968144739660E-01
 2.00810349861783E+03	 5.57113527314574E-01
 2.00810623651786E+03	 5.26056698603266E-01
 2.00810897441789E+03	 3.47218166849064E-01
 2.00811171231792E+03	 7.49403880273620E-02
 2.00811445021795E+03	-1.96596617215183E-01
 2.00811718811799E+03	-3.89501793673429E-01
 2.00811992601802E+03	-4.70419371483845E-01
 2.00812266391805E+03	-4.37399256509457E-01
 2.00812540181808E+03	-2.98244854088592E-01
 2.00812813971811E+03	-7.39242244473275E-02
 2.00813087761814E+03	 1.81473641480179E-01
 2.00813361551817E+03	 3.82550539574022E-01
 2.00813635341820E+03	 4.53251308505939E-01
 2.00813909131823E+03	 3.75787248566815E-01
 2.00814182921826E+03	 2.00521625744617E-01
 2.00814456711829E+03	 5.40488944071709E-03
 2.00814730501832E+03	-1.56631407324449E-01
 2.00815004291835E+03	-2.74859489878590E-01
 2.00815278081839E+03	-3.55843842950276E-01
 2.00815551871842E+03	-3.93845608589142E-01
 2.00815825661845E+03	-3.72196725739411E-01
 2.00816099451848E+03	-2.88656108734235E-01
 2.00816373241851E+03	-1.67207098830050E-01
 2.00816647031854E+03	-3.74002610498142E-02
 2.00816920821857E+03	 9.38476592223397E-02
 2.00817194611860E+03	 2.39737398616341E-01
 2.00817468401863E+03	 3.97883605233901E-01
 2.00817742191866E+03	 5.22218583053548E-01
 2.00818015981869E+03	 5.41353344421547E-01
 2.00818289771872E+03	 4.13794185043980E-01
 2.00818563561875E+03	 1.68380400026110E-01
 2.00818837351878E+03	-1.09588025058010E-01
 2.00819111141882E+03	-3.31958234103329E-01
 2.00819384931885E+03	-4.49887263942010E-01
 2.00819658721888E+03	-4.53535099344355E-01
 2.00819932511891E+03	-3.48648138107483E-01
 2.00820206301894E+03	-1.49618493477101E-01
 2.00820480091897E+03	 1.02788322677372E-01
 2.00820753881900E+03	 3.31566047036374E-01
 2.00821027671903E+03	 4.51430462699625E-01
 2.00821301461906E+03	 4.20331495649130E-01
 2.00821575251909E+03	 2.67180703569391E-01
 2.00821849041912E+03	 6.71411707178437E-02
 2.00822122831915E+03	-1.12737560203345E-01
 2.00822396621918E+03	-2.46966993416282E-01
 2.00822670411922E+03	-3.39475273382015E-01
 2.00822944201925E+03	-3.90792522765247E-01
 2.00823217991928E+03	-3.86827007657035E-01
 2.00823491781931E+03	-3.18995209072239E-01
 2.00823765571934E+03	-2.04366997519844E-01
 2.00824039361937E+03	-7.52544284507281E-02
 2.00824313151940E+03	 5.14259511030999E-02
 2.00824586941943E+03	 1.85446318062090E-01
 2.00824860731946E+03	 3.36142060542699E-01
 2.00825134521949E+03	 4.75375758224554E-01
 2.00825408311952E+03	 5.36898676104797E-01
 2.00825682101955E+03	 4.62565311318131E-01
 2.00825955891958E+03	 2.54323219956416E-01
 2.00826229681962E+03	-1.86453643120053E-02
 2.00826503471965E+03	-2.63873494236375E-01
 2.00826777261968E+03	-4.17151616161677E-01
 2.00827051051971E+03	-4.57545149742441E-01
 2.00827324841974E+03	-3.87753472134720E-01
 2.00827598631977E+03	-2.18153180362135E-01
 2.00827872421980E+03	 2.21299913085444E-02
 2.00828146211983E+03	 2.67993480385604E-01
 2.00828420001986E+03	 4.31884586039710E-01
 2.00828693791989E+03	 4.51373905444007E-01
 2.00828967581992E+03	 3.30566201306547E-01
 2.00829241371995E+03	 1.34242491122533E-01
 2.00829515161998E+03	-6.11784884154774E-02
 2.00829788952001E+03	-2.13689647450672E-01
 2.00830062742005E+03	-3.19628838175414E-01
 2.00830336532008E+03	-3.83628041378503E-01
 2.00830610322011E+03	-3.96457300588575E-01
 2.00830884112014E+03	-3.45841504480588E-01
 2.00831157902017E+03	-2.40747240001273E-01
 2.00831431692020E+03	-1.12500481045516E-01
 2.00831705482023E+03	 1.29690031854583E-02
 2.00831979272026E+03	 1.37695255551991E-01
 2.00832253062029E+03	 2.77196098410791E-01
 2.00832526852032E+03	 4.21082005094180E-01
 2.00832800642035E+03	 5.14975725664844E-01
 2.00833074432038E+03	 4.91927684006793E-01
 2.00833348222041E+03	 3.28632029062125E-01
 2.00833622012045E+03	 7.24122261765080E-02
 2.00833895802048E+03	-1.87110884415612E-01
 2.00834169592051E+03	-3.72630616219263E-01
 2.00834443382054E+03	-4.49508945761803E-01
 2.00834717172057E+03	-4.15179278866207E-01
 2.00834990962060E+03	-2.77584672945247E-01
 2.00835264752063E+03	-5.68568309149269E-02
 2.00835538542066E+03	 1.95296931542884E-01
 2.00835812332069E+03	 3.95389853833027E-01
 2.00836086122072E+03	 4.66343592506388E-01
 2.00836359912075E+03	 3.86750758592738E-01
 2.00836633702078E+03	 2.04222206784324E-01
 2.00836907492081E+03	-1.94769637405205E-03
 2.00837181282085E+03	-1.73800356530639E-01
 2.00837455072088E+03	-2.95638115565259E-01
 2.00837728862091E+03	-3.72564579993497E-01
 2.00838002652094E+03	-4.01142259921231E-01
 2.00838276442097E+03	-3.68495350322382E-01
 2.00838550232100E+03	-2.75770838705037E-01
 2.00838824022103E+03	-1.49887556734099E-01
 2.00839097812106E+03	-2.32123509192947E-02
 2.00839371602109E+03	 9.59788284843497E-02
 2.00839645392112E+03	 2.23441813210937E-01
 2.00839919182115E+03	 3.63783509195285E-01
 2.00840192972118E+03	 4.79014294116122E-01
 2.00840466762121E+03	 5.01739817089820E-01
 2.00840740552124E+03	 3.87859620146323E-01
 2.00841014342128E+03	 1.59423661687901E-01
 2.00841288132131E+03	-1.04247033711503E-01
 2.00841561922134E+03	-3.17125244620293E-01
 2.00841835712137E+03	-4.29581410697703E-01
 2.00842109502140E+03	-4.30837012927068E-01
 2.00842383292143E+03	-3.26649501244953E-01
 2.00842657082146E+03	-1.31032223468690E-01
 2.00842930872149E+03	 1.17302659356373E-01
 2.00843204662152E+03	 3.43897237094008E-01
 2.00843478452155E+03	 4.63768674242144E-01
 2.00843752242158E+03	 4.31959397755967E-01
 2.00844026032161E+03	 2.73813826957044E-01
 2.00844299822164E+03	 6.40795975918839E-02
 2.00844573612168E+03	-1.26317778177722E-01
 2.00844847402171E+03	-2.66516708157143E-01
 2.00845121192174E+03	-3.57552767950253E-01
 2.00845394982177E+03	-4.01063265411469E-01
 2.00845668772180E+03	-3.86430591604686E-01
 2.00845942562183E+03	-3.08606952981872E-01
 2.00846216352186E+03	-1.87624382262328E-01
 2.00846490142189E+03	-5.87029396189984E-02
 2.00846763932192E+03	 5.90048972566180E-02
 2.00847037722195E+03	 1.76085132792998E-01
 2.00847311512198E+03	 3.07409681003989E-01
 2.00847585302201E+03	 4.33190126811327E-01
 2.00847859092204E+03	 4.93332099552162E-01
 2.00848132882208E+03	 4.29611553511794E-01
 2.00848406672211E+03	 2.38229719879063E-01
 2.00848680462214E+03	-1.85204003136136E-02
 2.00848954252217E+03	-2.51965181353089E-01
 2.00849228042220E+03	-3.98048758054520E-01
 2.00849501832223E+03	-4.34800104908243E-01
 2.00849775622226E+03	-3.64657932099711E-01
 2.00850049412229E+03	-1.97917832226553E-01
 2.00850323202232E+03	 3.78405424806742E-02
 2.00850596992235E+03	 2.80305162336843E-01
 2.00850870782238E+03	 4.43422823064147E-01
 2.00851144572241E+03	 4.62964447261367E-01
 2.00851418362244E+03	 3.39245642590964E-01
 2.00851692152248E+03	 1.35079100004410E-01
 2.00851965942251E+03	-7.07732395250992E-02
 2.00852239732254E+03	-2.31111912955662E-01
 2.00852513522257E+03	-3.38205451978110E-01
 2.00852787312260E+03	-3.96407067352575E-01
 2.00853061102263E+03	-3.99342810010294E-01
 2.00853334892266E+03	-3.38336686535056E-01
 2.00853608682269E+03	-2.25397115983229E-01
 2.00853882472272E+03	-9.47212104398915E-02
 2.00854156262275E+03	 2.50211458371916E-02
 2.00854430052278E+03	 1.35169737052006E-01
 2.00854703842281E+03	 2.54997074531097E-01
 2.00854977632284E+03	 3.81947570241529E-01
 2.00855251422287E+03	 4.69345910109231E-01
 2.00855525212291E+03	 4.52808450057227E-01
 2.00855799002294E+03	 3.05064171712632E-01
 2.00856072792297E+03	 6.63333564234123E-02
 2.00856346582300E+03	-1.79111755364169E-01
 2.00856620372303E+03	-3.55440650118751E-01
 2.00856894162306E+03	-4.27227283643871E-01
 2.00857167952309E+03	-3.91344241184392E-01
 2.00857441742312E+03	-2.55746731227857E-01
 2.00857715532315E+03	-3.95704225575059E-02
 2.00857989322318E+03	 2.08145078168632E-01
 2.00858263112321E+03	 4.06330246255902E-01
 2.00858536902324E+03	 4.77425480463567E-01
 2.00858810692327E+03	 3.96597432017037E-01
 2.00859084482331E+03	 2.08335625499451E-01
 2.00859358272334E+03	-7.43806871976753E-03
 2.00859632062337E+03	-1.88325564224296E-01
 2.00859905852340E+03	-3.13794919846871E-01
 2.00860179642343E+03	-3.87232073377739E-01
 2.00860453432346E+03	-4.07130233496329E-01
 2.00860727222349E+03	-3.64106087095463E-01
 2.00861001012352E+03	-2.62471876735369E-01
 2.00861274802355E+03	-1.31949408847032E-01
 2.00861548592358E+03	-7.83436297359469E-03
 2.00861822382361E+03	 9.97516970666255E-02
 2.00862096172364E+03	 2.08448266291004E-01
 2.00862369962367E+03	 3.29508439872782E-01
 2.00862643752371E+03	 4.33420313421685E-01
 2.00862917542374E+03	 4.57805877916143E-01
 2.00863191332377E+03	 3.56939304068050E-01
 2.00863465122380E+03	 1.46350081500482E-01
 2.00863738912383E+03	-1.01182688828345E-01
 2.00864012702386E+03	-3.02669440186535E-01
 2.00864286492389E+03	-4.08354997113736E-01
 2.00864560282392E+03	-4.06712252028123E-01
 2.00864834072395E+03	-3.03417011120994E-01
 2.00865107862398E+03	-1.11956228992658E-01
 2.00865381652401E+03	 1.31226102390683E-01
 2.00865655442404E+03	 3.54633549183055E-01
 2.00865929232407E+03	 4.74130558699865E-01
 2.00866203022410E+03	 4.42193816349831E-01
 2.00866476812414E+03	 2.80426652975484E-01
 2.00866750602417E+03	 6.25287533801271E-02
 2.00867024392420E+03	-1.37370656480690E-01
 2.00867298182423E+03	-2.83334557648077E-01
 2.00867571972426E+03	-3.73355492042972E-01
 2.00867845762429E+03	-4.09815283157776E-01
 2.00868119552432E+03	-3.85235861426061E-01
 2.00868393342435E+03	-2.97852075540010E-01
 2.00868667132438E+03	-1.70470683156547E-01
 2.00868940922441E+03	-4.12108585686104E-02
 2.00869214712444E+03	 6.81860735143246E-02
 2.00869488502447E+03	 1.68450402365590E-01
 2.00869762292450E+03	 2.79430979649459E-01
 2.00870036082454E+03	 3.89766090834372E-01
 2.00870309872457E+03	 4.46349581560586E-01
 2.00870583662460E+03	 3.91969985326841E-01
 2.00870857452463E+03	 2.17681493193508E-01
 2.00871131242466E+03	-2.13756183267095E-02
 2.00871405032469E+03	-2.41159168606882E-01
 2.00871678822472E+03	-3.78557109659819E-01
 2.00871952612475E+03	-4.10911462962488E-01
 2.00872226402478E+03	-3.40374758880628E-01
 2.00872500192481E+03	-1.77020676074990E-01
 2.00872773982484E+03	 5.32876154329788E-02
 2.00873047772487E+03	 2.91347724619770E-01
 2.00873321562490E+03	 4.53109365402153E-01
 2.00873595352494E+03	 4.72983053918145E-01
 2.00873869142497E+03	 3.47512374880828E-01
 2.00874142932500E+03	 1.37042436386713E-01
 2.00874416722503E+03	-7.80235552785083E-02
 2.00874690512506E+03	-2.45740569356251E-01
 2.00874964302509E+03	-3.54291952963291E-01
 2.00875238092512E+03	-4.07427877239117E-01
 2.00875511882515E+03	-4.01268541145139E-01
 2.00875785672518E+03	-3.30453924655138E-01
 2.00876059462521E+03	-2.09809161853883E-01
 2.00876333252524E+03	-7.62943969044626E-02
 2.00876607042527E+03	 3.84769460174634E-02
 2.00876880832530E+03	 1.34554822222244E-01
 2.00877154622533E+03	 2.34274586471117E-01
 2.00877428412537E+03	 3.42682868477739E-01
 2.00877702202540E+03	 4.21366982718666E-01
 2.00877975992543E+03	 4.09586472664551E-01
 2.00878249782546E+03	 2.76971315784591E-01
 2.00878523572549E+03	 5.67153484506487E-02
 2.00878797362552E+03	-1.72926095663297E-01
 2.00879071152555E+03	-3.38454122156657E-01
 2.00879344942558E+03	-4.04169296323445E-01
 2.00879618732561E+03	-3.66461427944738E-01
 2.00879892522564E+03	-2.33173753510202E-01
 2.00880166312567E+03	-2.22962208342418E-02
 2.00880440102570E+03	 2.20038161165026E-01
 2.00880713892573E+03	 4.15607187536129E-01
 2.00880987682577E+03	 4.86851929649725E-01
 2.00881261472580E+03	 4.05697153053100E-01
 2.00881535262583E+03	 2.13178050670650E-01
 2.00881809052586E+03	-1.08293101018932E-02
 2.00882082842589E+03	-2.00053835882063E-01
 2.00882356632592E+03	-3.29265497910565E-01
 2.00882630422595E+03	-3.99880446107325E-01
 2.00882904212598E+03	-4.11948294232216E-01
 2.00883178002601E+03	-3.59263806287148E-01
 2.00883451792604E+03	-2.49052426707138E-01
 2.00883725582607E+03	-1.13658084049152E-01
 2.00883999372610E+03	 8.63658605039038E-03
 2.00884273162613E+03	 1.05396524696326E-01
 2.00884546952617E+03	 1.95409795894515E-01
 2.00884820742620E+03	 2.96082856708605E-01
 2.00885094532623E+03	 3.86619399646793E-01
 2.00885368322626E+03	 4.10600387260849E-01
 2.00885642112629E+03	 3.21710449172763E-01
 2.00885915902632E+03	 1.29376435518497E-01
 2.00886189692635E+03	-1.00579225547848E-01
 2.00886463482638E+03	-2.89041840553087E-01
 2.00886737272641E+03	-3.86790686078612E-01
 2.00887011062644E+03	-3.81763044880426E-01
 2.00887284852647E+03	-2.79469463656009E-01
 2.00887558642650E+03	-9.27274145200339E-02
 2.00887832432653E+03	 1.44468931414600E-01
 2.00888106222657E+03	 3.63928236066458E-01
 2.00888380012660E+03	 4.82836567527106E-01
 2.00888653802663E+03	 4.51416266512044E-01
 2.00888927592666E+03	 2.87376123254213E-01
 2.00889201382669E+03	 6.27776412221132E-02
 2.00889475172672E+03	-1.45689260755361E-01
 2.00889748962675E+03	-2.97303503918104E-01
 2.00890022752678E+03	-3.86867474324395E-01
 2.00890296542681E+03	-4.17143493611776E-01
 2.00890570332684E+03	-3.83448167069462E-01
 2.00890844122687E+03	-2.87023917617487E-01
 2.00891117912690E+03	-1.53223463671649E-01
 2.00891391702693E+03	-2.29977189602863E-02
 2.00891665492696E+03	 7.90136893806740E-02
 2.00891939282700E+03	 1.62991486011749E-01
 2.00892213072703E+03	 2.53083090412966E-01
 2.00892486862706E+03	 3.46259554655267E-01
 2.00892760652709E+03	 3.97108559782904E-01
 2.00893034442712E+03	 3.50517987828868E-01
 2.00893308232715E+03	 1.93112728628171E-01
 2.00893582022718E+03	-2.72224342567025E-02
 2.00893855812721E+03	-2.31803043643234E-01
 2.00894129602724E+03	-3.59220130840544E-01
 2.00894403392727E+03	-3.86494098078146E-01
 2.00894677182730E+03	-3.15480382519231E-01
 2.00894950972733E+03	-1.55893704395020E-01
 2.00895224762736E+03	 6.82686254681784E-02
 2.00895498552740E+03	 3.01174455833977E-01
 2.00895772342743E+03	 4.61203998530369E-01
 2.00896046132746E+03	 4.81797668406153E-01
 2.00896319922749E+03	 3.55746179276461E-01
 2.00896593712752E+03	 1.40463876037066E-01
 2.00896867502755E+03	-8.26723734922557E-02
 2.00897141292758E+03	-2.57405524762511E-01
 2.00897415082761E+03	-3.67818717419118E-01
 2.00897688872764E+03	-4.16734715466659E-01
 2.00897962662767E+03	-4.02398719890867E-01
 2.00898236452770E+03	-3.22467445145602E-01
 2.00898510242773E+03	-1.94324837462283E-01
 2.00898784032776E+03	-5.75301710292407E-02
 2.00899057822780E+03	 5.32157027240392E-02
 2.00899331612783E+03	 1.36089767610148E-01
 2.00899605402786E+03	 2.15717376500404E-01
 2.00899879192789E+03	 3.04352545404403E-01
 2.00900152982792E+03	 3.72242622348522E-01
 2.00900426772795E+03	 3.63303115559188E-01
 2.00900700562798E+03	 2.45003308926426E-01
 2.00900974352801E+03	 4.37427931147602E-02
 2.00901248142804E+03	-1.68766527789972E-01
 2.00901521932807E+03	-3.22146525493437E-01
 2.00901795722810E+03	-3.80938398797014E-01
 2.00902069512813E+03	-3.41143983455262E-01
 2.00902343302816E+03	-2.10377206368757E-01
 2.00902617092819E+03	-5.34522854109996E-03
 2.00902890882823E+03	 2.30919104249553E-01
 2.00903164672826E+03	 4.23397713008782E-01
 2.00903438462829E+03	 4.94951821946322E-01
 2.00903712252832E+03	 4.14431224064873E-01
 2.00903986042835E+03	 2.19109079077306E-01
 2.00904259832838E+03	-1.18219955804134E-02
 2.00904533622841E+03	-2.08765010448519E-01
 2.00904807412844E+03	-3.41925670102280E-01
 2.00905081202847E+03	-4.10498704578383E-01
 2.00905354992850E+03	-4.15710572330694E-01
 2.00905628782853E+03	-3.54207760189797E-01
 2.00905902572856E+03	-2.35852343604587E-01
 2.00906176362859E+03	-9.53811003351911E-02
 2.00906450152863E+03	 2.59446984747096E-02
 2.00906723942866E+03	 1.12951189834696E-01
 2.00906997732869E+03	 1.84801189182266E-01
 2.00907271522872E+03	 2.64423439159950E-01
 2.00907545312875E+03	 3.39794654117341E-01
 2.00907819102878E+03	 3.61278654938370E-01
 2.00908092892881E+03	 2.83021394027240E-01
 2.00908366682884E+03	 1.08896422943973E-01
 2.00908640472887E+03	-1.02485892166802E-01
 2.00908914262890E+03	-2.76620337083927E-01
 2.00909188052893E+03	-3.65454816708494E-01
 2.00909461842896E+03	-3.56616671778404E-01
 2.00909735632899E+03	-2.55378605149785E-01
 2.00910009422903E+03	-7.37542645180181E-02
 2.00910283212906E+03	 1.56861043702937E-01
 2.00910557002909E+03	 3.71859351595643E-01
 2.00910830792912E+03	 4.90152978816775E-01
 2.00911104582915E+03	 4.59986590463864E-01
 2.00911378372918E+03	 2.95032305478656E-01
 2.00911652162921E+03	 6.51562409403674E-02
 2.00911925952924E+03	-1.51010106849009E-01
 2.00912199742927E+03	-3.08247094560074E-01
 2.00912473532930E+03	-3.98020552932966E-01
 2.00912747322933E+03	-4.23105621182853E-01
 2.00913021112936E+03	-3.81259377248441E-01
 2.00913294902939E+03	-2.76438965953413E-01
 2.00913568692942E+03	-1.36275590809974E-01
 2.00913842482946E+03	-4.41931106949012E-03
 2.00914116272949E+03	 9.13460242476346E-02
 2.00914390062952E+03	 1.59960370631624E-01
 2.00914663852955E+03	 2.29090290400335E-01
 2.00914937642958E+03	 3.03767337073275E-01
 2.00915211432961E+03	 3.46817933244177E-01
 2.00915485222964E+03	 3.06269761543973E-01
 2.00915759012967E+03	 1.65126657101058E-01
 2.00916032802970E+03	-3.59242299988687E-02
 2.00916306592973E+03	-2.24148044731537E-01
 2.00916580382976E+03	-3.40540344521402E-01
 2.00916854172979E+03	-3.62165736659756E-01
 2.00917127962982E+03	-2.90585359856018E-01
 2.00917401752986E+03	-1.35026858231479E-01
 2.00917675542989E+03	 8.25051693659600E-02
 2.00917949332992E+03	 3.09755187548076E-01
 2.00918223122995E+03	 4.67890822915665E-01
 2.00918496912998E+03	 4.89723973522741E-01
 2.00918770703001E+03	 3.64307527262916E-01
 2.00919044493004E+03	 1.45688649113505E-01
 2.00919318283007E+03	-8.44234241511394E-02
 2.00919592073010E+03	-2.65883924282316E-01
 2.00919865863013E+03	-3.78661564838564E-01
 2.00920139653016E+03	-4.24325397748643E-01
 2.00920413443019E+03	-4.02868796272811E-01
 2.00920687233022E+03	-3.14652820216024E-01
 2.00920961023026E+03	-1.79333453654464E-01
 2.00921234813029E+03	-3.88472863617778E-02
 2.00921508603032E+03	 6.89478525929468E-02
 2.00921782393035E+03	 1.39811203583467E-01
 2.00922056183038E+03	 1.99828439983736E-01
 2.00922329973041E+03	 2.67908096824304E-01
 2.00922603763044E+03	 3.23169366898487E-01
 2.00922877553047E+03	 3.15091861486972E-01
 2.00923151343050E+03	 2.09958973536380E-01
 2.00923425133053E+03	 2.77518963538328E-02
 2.00923698923056E+03	-1.66731146513376E-01
 2.00923972713059E+03	-3.06929363050567E-01
 2.00924246503062E+03	-3.58118316600066E-01
 2.00924520293066E+03	-3.16018564612125E-01
 2.00924794083069E+03	-1.87908906706700E-01
 2.00925067873072E+03	 1.09069948733258E-02
 2.00925341663075E+03	 2.40647664877947E-01
 2.00925615453078E+03	 4.29789740824257E-01
 2.00925889243081E+03	 5.01976226017275E-01
 2.00926163033084E+03	 4.23129727872261E-01
 2.00926436823087E+03	 2.26471348884390E-01
 2.00926710613090E+03	-1.01010442097504E-02
 2.00926984403093E+03	-2.14199442110528E-01
 2.00927258193096E+03	-3.51599884297337E-01
 2.00927531983099E+03	-4.19024330253330E-01
 2.00927805773102E+03	-4.18490364042825E-01
 2.00928079563105E+03	-3.49159366403780E-01
 2.00928353353109E+03	-2.23232902363736E-01
 2.00928627143112E+03	-7.75642142823184E-02
 2.00928900933115E+03	 4.36906769798345E-02
 2.00929174723118E+03	 1.22258794310265E-01
 2.00929448513121E+03	 1.76892527217622E-01
 2.00929722303124E+03	 2.35288882008069E-01
 2.00929996093127E+03	 2.94064159514570E-01
 2.00930269883130E+03	 3.11035948083650E-01
 2.00930543673133E+03	 2.41837807572881E-01
 2.00930817463136E+03	 8.54482464077329E-02
 2.00931091253139E+03	-1.06826093150482E-01
 2.00931365043142E+03	-2.65698814687270E-01
 2.00931638833145E+03	-3.44872220884665E-01
 2.00931912623149E+03	-3.31892654769060E-01
 2.00932186413152E+03	-2.31736445803334E-01
 2.00932460203155E+03	-5.54933234671642E-02
 2.00932733993158E+03	 1.68157350484581E-01
 2.00933007783161E+03	 3.78411213280358E-01
 2.00933281573164E+03	 4.96249792106721E-01
 2.00933555363167E+03	 4.68184705253417E-01
 2.00933829153170E+03	 3.03716172301993E-01
 2.00934102943173E+03	 6.99817860141352E-02
 2.00934376733176E+03	-1.53049925292724E-01
 2.00934650523179E+03	-3.15946820183817E-01
 2.00934924313182E+03	-4.06694870601635E-01
 2.00935198103185E+03	-4.27710390659990E-01
 2.00935471893189E+03	-3.78827685308324E-01
 2.00935745683192E+03	-2.66411060639845E-01
 2.00936019473195E+03	-1.20067308300743E-01
 2.00936293263198E+03	 1.40560608302659E-02
 2.00936567053201E+03	 1.04865797740805E-01
 2.00936840843204E+03	 1.59399817049066E-01
 2.00937114633207E+03	 2.07986283987949E-01
 2.00937388423210E+03	 2.63268423626218E-01
 2.00937662213213E+03	 2.96670652401879E-01
 2.00937936003216E+03	 2.60315282708274E-01
 2.00938209793219E+03	 1.34452737966564E-01
 2.00938483583222E+03	-4.72156743350285E-02
 2.00938757373225E+03	-2.18345984522859E-01
 2.00939031163228E+03	-3.22958794624880E-01
 2.00939304953232E+03	-3.38515445136239E-01
 2.00939578743235E+03	-2.66299312070719E-01
 2.00939852533238E+03	-1.14938038672410E-01
 2.00940126323241E+03	 9.56586984546688E-02
 2.00940400113244E+03	 3.16970145989154E-01
 2.00940673903247E+03	 4.73247680079511E-01
 2.00940947693250E+03	 4.96974662988668E-01
 2.00941221483253E+03	 3.73476944563093E-01
 2.00941495273256E+03	 1.53017914448364E-01
 2.00941769063259E+03	-8.29859631137426E-02
 2.00942042853262E+03	-2.70926487301652E-01
 2.00942316643265E+03	-3.86650035937693E-01
 2.00942590433268E+03	-4.30145116433671E-01
 2.00942864223272E+03	-4.02768640920193E-01
 2.00943138013275E+03	-3.07262284892761E-01
 2.00943411803278E+03	-1.65242301758179E-01
 2.00943685593281E+03	-2.07431374027349E-02
 2.00943959383284E+03	 8.52364038691452E-02
 2.00944233173287E+03	 1.45555768883518E-01
 2.00944506963290E+03	 1.86901768038831E-01
 2.00944780753293E+03	 2.34139353513237E-01
 2.00945054543296E+03	 2.75272334187373E-01
 2.00945328333299E+03	 2.66113158239444E-01
 2.00945602123302E+03	 1.72734361932841E-01
 2.00945875913305E+03	 9.20085655882971E-03
 2.00946149703308E+03	-1.66809338616227E-01
 2.00946423493312E+03	-2.93135731465492E-01
 2.00946697283315E+03	-3.36244536428364E-01
 2.00946971073318E+03	-2.91689789341262E-01
 2.00947244863321E+03	-1.66326575360543E-01
 2.00947518653324E+03	 2.60446290550101E-02
 2.00947792443327E+03	 2.49006101560948E-01
 2.00948066233330E+03	 4.34764061675324E-01
 2.00948340023333E+03	 5.08057752895310E-01
 2.00948613813336E+03	 4.32015842289222E-01
 2.00948887603339E+03	 2.35531532433157E-01
 2.00949161393342E+03	-5.38640636623891E-03
 2.00949435183345E+03	-2.16092682914264E-01
 2.00949708973348E+03	-3.58077729899533E-01
 2.00949982763351E+03	-4.25343705239119E-01
 2.00950256553355E+03	-4.20307945952574E-01
 2.00950530343358E+03	-3.44300126032038E-01
 2.00950804133361E+03	-2.11546959882814E-01
 2.00951077923364E+03	-6.06976213665234E-02
 2.00951351713367E+03	 6.13619628513883E-02
 2.00951625503370E+03	 1.32983699729164E-01
 2.00951899293373E+03	 1.71741276425403E-01
 2.00952173083376E+03	 2.09244500673813E-01
 2.00952446873379E+03	 2.50423794675113E-01
 2.00952720663382E+03	 2.61041884138431E-01
 2.00952994453385E+03	 1.99184284355876E-01
 2.00953268243388E+03	 5.96752865000228E-02
 2.00953542033391E+03	-1.13412752065087E-01
 2.00953815823395E+03	-2.56480127817208E-01
 2.00954089613398E+03	-3.25502165018568E-01
 2.00954363403401E+03	-3.08168492795081E-01
 2.00954637193404E+03	-2.09118398191632E-01
 2.00954910983407E+03	-3.84182666689057E-02
 2.00955184773410E+03	 1.78053980800144E-01
 2.00955458563413E+03	 3.83469084029086E-01
 2.00955732353416E+03	 5.01171968129350E-01
 2.00956006143419E+03	 4.76162902058574E-01
 2.00956279933422E+03	 3.13642832806804E-01
 2.00956553723425E+03	 7.75047314864393E-02
 2.00956827513428E+03	-1.51547365775229E-01
 2.00957101303431E+03	-3.20166783641772E-01
 2.00957375093435E+03	-4.12726627901634E-01
 2.00957648883438E+03	-4.30911014490064E-01
 2.00957922673441E+03	-3.76259434847690E-01
 2.00958196463444E+03	-2.57223352160941E-01
 2.00958470253447E+03	-1.05050969603755E-01
 2.00958744043450E+03	 3.18840450739172E-02
 2.00959017833453E+03	 1.19107716142892E-01
 2.00959291623456E+03	 1.61150606602687E-01
 2.00959565413459E+03	 1.90093863493936E-01
 2.00959839203462E+03	 2.25577421055273E-01
 2.00960112993465E+03	 2.47781561566860E-01
 2.00960386783468E+03	 2.13758204318293E-01
 2.00960660573471E+03	 1.01898996323791E-01
 2.00960934363475E+03	-6.07277199947657E-02
 2.00961208153478E+03	-2.14450579913099E-01
 2.00961481943481E+03	-3.06836830632336E-01
 2.00961755733484E+03	-3.16072275397853E-01
 2.00962029523487E+03	-2.43193609205613E-01
 2.00962303313490E+03	-9.61377138566978E-02
 2.00962577103493E+03	 1.07355442553677E-01
 2.00962850893496E+03	 3.22616619662965E-01
 2.00963124683499E+03	 4.77230192444487E-01
 2.00963398473502E+03	 5.03622175620858E-01
 2.00963672263505E+03	 3.83403732978517E-01
 2.00963946053508E+03	 1.62654407451492E-01
 2.00964219843511E+03	-7.81215150697676E-02
 2.00964493633514E+03	-2.72289637641114E-01
 2.00964767423518E+03	-3.91582778819624E-01
 2.00965041213521E+03	-4.34086431247550E-01
 2.00965315003524E+03	-4.02129387774153E-01
 2.00965588793527E+03	-3.00500005208541E-01
 2.00965862583530E+03	-1.52442067805027E-01
 2.00966136373532E+03	-3.75374008270763E-03
 2.00966410163536E+03	 1.01533512127092E-01
 2.00966683953539E+03	 1.52981304992404E-01
 2.00966957743542E+03	 1.77017915615586E-01
 2.00967231533545E+03	 2.03641414188846E-01
 2.00967505323548E+03	 2.29550350223403E-01
 2.00967779113551E+03	 2.17492094419968E-01
 2.00968052903554E+03	 1.34268865782242E-01
 2.00968326693558E+03	-1.13642140752500E-02
 2.00968600483561E+03	-1.68892032377855E-01
 2.00968874273564E+03	-2.81009075580995E-01
 2.00969148063567E+03	-3.15777300783367E-01
 2.00969421853570E+03	-2.68704262173707E-01
 2.00969695643573E+03	-1.46156141963215E-01
 2.00969969433576E+03	 3.96430776415501E-02
 2.00970243223579E+03	 2.55716392863730E-01
 2.00970517013582E+03	 4.38191178389555E-01
 2.00970790803585E+03	 5.13185400630569E-01
 2.00971064593588E+03	 4.41162960377204E-01
 2.00971338383591E+03	 2.46428868700084E-01
 2.00971612173594E+03	 2.51769451660585E-03
 2.00971885963598E+03	-2.14213736280280E-01
 2.00972159753601E+03	-3.61136763985937E-01
 2.00972433543604E+03	-4.29299139600177E-01
 2.00972707333607E+03	-4.21123335812741E-01
 2.00972981123610E+03	-3.39751466389377E-01
 2.00973254913613E+03	-2.01106934382386E-01
 2.00973528703616E+03	-4.52749650297331E-02
 2.00973802493619E+03	 7.83755242909573E-02
 2.00974076283622E+03	 1.44644617559310E-01
 2.00974350073625E+03	 1.69203507738915E-01
 2.00974623863628E+03	 1.86644545724148E-01
 2.00974897653631E+03	 2.09703101932480E-01
 2.00975171443634E+03	 2.12381602875116E-01
 2.00975445233637E+03	 1.56086987815778E-01
 2.00975719023641E+03	 3.22841833624315E-02
 2.00975992813644E+03	-1.21967557575718E-01
 2.00976266603647E+03	-2.49072672133309E-01
 2.00976540393650E+03	-3.07716926171799E-01
 2.00976814183653E+03	-2.85946621218514E-01
 2.00977087973656E+03	-1.88045314916389E-01
 2.00977361763659E+03	-2.29841693313360E-02
 2.00977635553662E+03	 1.86214071017075E-01
 2.00977909343665E+03	 3.86827950305178E-01
 2.00978183133668E+03	 5.04827160232586E-01
 2.00978456923671E+03	 4.83913679930458E-01
 2.00978730713674E+03	 3.24876071806145E-01
 2.00979004503677E+03	 8.78599384187980E-02
 2.00979278293681E+03	-1.46305418702284E-01
 2.00979552083684E+03	-3.20683203313894E-01
 2.00979825873687E+03	-4.15922297266859E-01
 2.00980099663690E+03	-4.32604527890206E-01
 2.00980373453693E+03	-3.73594546443502E-01
 2.00980647243696E+03	-2.49100410359024E-01
 2.00980921033699E+03	-9.16514220088778E-02
 2.00981194823702E+03	 4.84903190594242E-02
 2.00981468613705E+03	 1.33500784567353E-01
 2.00981742403708E+03	 1.64877112492539E-01
 2.00982016193711E+03	 1.75523432279072E-01
 2.00982289983714E+03	 1.91313945311546E-01
 2.00982563773717E+03	 2.01135750223848E-01
 2.00982837563721E+03	 1.67658281553304E-01
 2.00983111353724E+03	 6.83041870481449E-02
 2.00983385143727E+03	-7.60153544433209E-02
 2.00983658933730E+03	-2.12422336889931E-01
 2.00983932723733E+03	-2.92441266250195E-01
 2.00984206513736E+03	-2.95276514443469E-01
 2.00984480303739E+03	-2.21764959844384E-01
 2.00984754093742E+03	-7.90912106905905E-02
 2.00985027883745E+03	 1.17218449206454E-01
 2.00985301673748E+03	 3.26428073179699E-01
 2.00985575463751E+03	 4.79672226925278E-01
 2.00985849253754E+03	 5.09578770670159E-01
 2.00986123043757E+03	 3.94069283666910E-01
 2.00986396833761E+03	 1.74657135527374E-01
 2.00986670623764E+03	-6.96879892552140E-02
 2.00986944413767E+03	-2.69770321817760E-01
 2.00987218203770E+03	-3.93248635589400E-01
 2.00987491993773E+03	-4.35995535127278E-01
 2.00987765783776E+03	-4.00915206131133E-01
 2.00988039573779E+03	-2.94499560509393E-01
 2.00988313363782E+03	-1.41270611457306E-01
 2.00988587153785E+03	 1.15928175668053E-02
 2.00988860943788E+03	 1.17228972570558E-01
 2.00989134733791E+03	 1.61604602402864E-01
 2.00989408523794E+03	 1.70058442549449E-01
 2.00989682313797E+03	 1.76799430702993E-01
 2.00989956103800E+03	 1.86834821318401E-01
 2.00990229893804E+03	 1.70264118290126E-01
 2.00990503683807E+03	 9.54939949357915E-02
 2.00990777473810E+03	-3.33444446017803E-02
 2.00991051263813E+03	-1.72784965319560E-01
 2.00991325053816E+03	-2.70695668134519E-01
 2.00991598843819E+03	-2.97078265043218E-01
 2.00991872633822E+03	-2.47517274559149E-01
 2.00992146423825E+03	-1.27854166257182E-01
 2.00992420213828E+03	 5.13048052217074E-02
 2.00992694003831E+03	 2.60467535195308E-01
 2.00992967793834E+03	 4.39843470426007E-01
 2.00993241583837E+03	 5.17197490455093E-01
 2.00993515373840E+03	 4.50468943801121E-01
 2.00993789163844E+03	 2.59136358238217E-01
 2.00994062953847E+03	 1.36797818144131E-02
 2.00994336743850E+03	-2.08403250942804E-01
 2.00994610533853E+03	-3.60569626775894E-01
 2.00994884323856E+03	-4.30702057027948E-01
 2.00995158113859E+03	-4.20834895388386E-01
 2.00995431903862E+03	-3.35558526599496E-01
 2.00995705693865E+03	-1.92153607072124E-01
 2.00995979483868E+03	-3.17488665164758E-02
 2.00996253273871E+03	 9.41293676661572E-02
 2.00996527063874E+03	 1.56661694456861E-01
 2.00996800853877E+03	 1.68962904999847E-01
 2.00997074643880E+03	 1.67633205223048E-01
 2.00997348433884E+03	 1.72537396092094E-01
 2.00997622223887E+03	 1.66008283511133E-01
 2.00997896013890E+03	 1.13522046879082E-01
 2.00998169803893E+03	 4.00399939469904E-03
 2.00998443593896E+03	-1.32142190502268E-01
 2.00998717383899E+03	-2.43490606385368E-01
 2.00998991173902E+03	-2.91784729532985E-01
 2.00999264963905E+03	-2.65625492808152E-01
 2.00999538753908E+03	-1.68947879180516E-01
 2.00999812543911E+03	-9.59025996416562E-03
 2.01000086333914E+03	 1.92300760183967E-01
 2.01000360123917E+03	 3.88214611300868E-01
 2.01000633913920E+03	 5.06991189381064E-01
 2.01000907703923E+03	 4.91256310073628E-01
 2.01001181493927E+03	 3.37298666134005E-01
 2.01001455283930E+03	 1.01027798689136E-01
 2.01001729073933E+03	-1.37230569593708E-01
 2.01002002863936E+03	-3.17316157429072E-01
 2.01002276653939E+03	-4.16078282193725E-01
 2.01002550443942E+03	-4.32637399090079E-01
 2.01002824233945E+03	-3.70797233708160E-01
 2.01003098023948E+03	-2.42183291282907E-01
 2.01003371813951E+03	-8.02257764781669E-02
 2.01003645603954E+03	 6.33220730252407E-02
 2.01003919393957E+03	 1.47421494493924E-01
 2.01004193183960E+03	 1.70108613686107E-01
 2.01004466973963E+03	 1.64189930136514E-01
 2.01004740763967E+03	 1.60889821140110E-01
 2.01005014553970E+03	 1.57551080277306E-01
 2.01005288343973E+03	 1.22982665084956E-01
 2.01005562133976E+03	 3.44935650971158E-02
 2.01005835923979E+03	-9.25858250494423E-02
 2.01006109713982E+03	-2.12136567566001E-01
 2.01006383503985E+03	-2.79934213827167E-01
 2.01006657293988E+03	-2.76456145091543E-01
 2.01006931083991E+03	-2.02403291762669E-01
 2.01007204873994E+03	-6.41822410947848E-02
 2.01007478663997E+03	 1.24903677395476E-01
 2.01007752454000E+03	 3.28103832483518E-01
 2.01008026244003E+03	 4.80302700834886E-01
 2.01008300034007E+03	 5.14595856628230E-01
 2.01008573824010E+03	 4.05268528354308E-01
 2.01008847614013E+03	 1.88909468035800E-01
 2.01009121404016E+03	-5.76770501669452E-02
 2.01009395194019E+03	-2.63240450899544E-01
 2.01009668984022E+03	-3.91451834428170E-01
 2.01009942774025E+03	-4.35684690028916E-01
 2.01010216564028E+03	-3.99021260608903E-01
 2.01010490354031E+03	-2.89306136318396E-01
 2.01010764144034E+03	-1.31978690251165E-01
 2.01011037934037E+03	 2.48250784395417E-02
 2.01011311724040E+03	 1.31706138742320E-01
 2.01011585514043E+03	 1.70852062419251E-01
 2.01011859304046E+03	 1.65737395929867E-01
 2.01012133094050E+03	 1.53791726693267E-01
 2.01012406884053E+03	 1.47764912989934E-01
 2.01012680674056E+03	 1.25332532495732E-01
 2.01012954464059E+03	 5.72885001660966E-02
 2.01013228254062E+03	-5.61218970197517E-02
 2.01013502044065E+03	-1.78224122167516E-01
 2.01013775834068E+03	-2.62241672147320E-01
 2.01014049624071E+03	-2.80393072742067E-01
 2.01014323414074E+03	-2.28465362457323E-01
 2.01014597204077E+03	-1.11773995869120E-01
 2.01014870994080E+03	 6.06960218576748E-02
 2.01015144784083E+03	 2.62950167710779E-01
 2.01015418574086E+03	 4.39421371999912E-01
 2.01015692364090E+03	 5.19793264340581E-01
 2.01015966154093E+03	 4.59649920011015E-01
 2.01016239944096E+03	 2.73438293715033E-01
 2.01016513734099E+03	 2.80084004693413E-02
 2.01016787524102E+03	-1.98608290997026E-01
 2.01017061314105E+03	-3.56213313036310E-01
 2.01017335104108E+03	-4.29351661058818E-01
 2.01017608894111E+03	-4.19284526719118E-01
 2.01017882684114E+03	-3.31679974329722E-01
 2.01018156474117E+03	-1.84829057841437E-01
 2.01018430264120E+03	-2.04873097422260E-02
 2.01018704054123E+03	 1.08057928922065E-01
 2.01018977844126E+03	 1.68413129967681E-01
 2.01019251634130E+03	 1.70574499508292E-01
 2.01019525424133E+03	 1.52163371420421E-01
 2.01019799214136E+03	 1.39357426527835E-01
 2.01020073004139E+03	 1.22709906941517E-01
 2.01020346794142E+03	 7.23730615041110E-02
 2.01020620584145E+03	-2.44508882984517E-02
 2.01020894374148E+03	-1.43540331785202E-01
 2.01021168164151E+03	-2.39658156943882E-01
 2.01021441954154E+03	-2.77858917037606E-01
 2.01021715744157E+03	-2.47477685398442E-01
 2.01021989534160E+03	-1.52136876965037E-01
 2.01022263324163E+03	 1.45510504700066E-03
 2.01022537114166E+03	 1.96014006045168E-01
 2.01022810904170E+03	 3.87320718095524E-01
 2.01023084694173E+03	 5.07330520718372E-01
 2.01023358484176E+03	 4.97843265734255E-01
 2.01023632274179E+03	 3.50601220568017E-01
 2.01023906064182E+03	 1.16808887935430E-01
 2.01024179854185E+03	-1.24365220024908E-01
 2.01024453644188E+03	-3.09960992657010E-01
 2.01024727434191E+03	-4.13004761090919E-01
 2.01025001224194E+03	-4.30817598964927E-01
 2.01025275014197E+03	-3.67753591355439E-01
 2.01025548804200E+03	-2.36510485090949E-01
 2.01025822594203E+03	-7.10266933666710E-02
 2.01026096384206E+03	 7.58999348022335E-02
 2.01026370174209E+03	 1.60252847728259E-01
 2.01026643964213E+03	 1.76292247024460E-01
 2.01026917754216E+03	 1.55845901364387E-01
 2.01027191544219E+03	 1.34514075510503E-01
 2.01027465334222E+03	 1.17656771921286E-01
 2.01027739124225E+03	 8.05688800880656E-02
 2.01028012914228E+03	 1.24084937969251E-03
 2.01028286704231E+03	-1.09925861644032E-01
 2.01028560494234E+03	-2.13394580537669E-01
 2.01028834284237E+03	-2.69369063071059E-01
 2.01029108074240E+03	-2.59811083194484E-01
 2.01029381864243E+03	-1.85367233939090E-01
 2.01029655654246E+03	-5.16814107319368E-02
 2.01029929444249E+03	 1.30136380830661E-01
 2.01030203234253E+03	 3.27346155374399E-01
 2.01030477024256E+03	 4.78776792669859E-01
 2.01030750814259E+03	 5.18282384578653E-01
 2.01031024604262E+03	 4.16611136612348E-01
 2.01031298394265E+03	 2.05103506111931E-01
 2.01031572184268E+03	-4.22414229550575E-02
 2.01031845974271E+03	-2.52678098067496E-01
 2.01032119764274E+03	-3.86039489487521E-01
 2.01032393554277E+03	-4.32950414226526E-01
 2.01032667344280E+03	-3.96278874452683E-01
 2.01032941134283E+03	-2.84865859529658E-01
 2.01033214924286E+03	-1.24701418866430E-01
 2.01033488714289E+03	 3.55742136860184E-02
 2.01033762504293E+03	 1.44399908351188E-01
 2.01034036294296E+03	 1.80118363121827E-01
 2.01034310084299E+03	 1.63646373839864E-01
 2.01034583874302E+03	 1.34609895277348E-01
 2.01034857664305E+03	 1.12779765292297E-01
 2.01035131454308E+03	 8.34398555936117E-02
 2.01035405244311E+03	 2.04421876256058E-02
 2.01035679034314E+03	-7.90901795714538E-02
 2.01035952824317E+03	-1.84893041004308E-01
 2.01036226614320E+03	-2.55595864774019E-01
 2.01036500404323E+03	-2.65842036811770E-01
 2.01036774194326E+03	-2.11747728089794E-01
 2.01037047984329E+03	-9.81392495607562E-02
 2.01037321774332E+03	 6.75803140741023E-02
 2.01037595564336E+03	 2.62894775235583E-01
 2.01037869354339E+03	 4.36590621780152E-01
 2.01038143144342E+03	 5.20561670203326E-01
 2.01038416934345E+03	 4.68253966718964E-01
 2.01038690724348E+03	 2.88926081763107E-01
 2.01038964514351E+03	 4.52325487189168E-02
 2.01039238304354E+03	-1.84910704277164E-01
 2.01039512094357E+03	-3.47978360685321E-01
 2.01039785884360E+03	-4.25058063218283E-01
 2.01040059674363E+03	-4.16269855397344E-01
 2.01040333464366E+03	-3.27985706316531E-01
 2.01040607254369E+03	-1.79157041414341E-01
 2.01040881044372E+03	-1.17354783804617E-02
 2.01041154834376E+03	 1.19685910893290E-01
 2.01041428624379E+03	 1.79295867136891E-01
 2.01041702414382E+03	 1.73518663166824E-01
 2.01041976204385E+03	 1.40030545019244E-01
 2.01042249994388E+03	 1.10396093665143E-01
 2.01042523784391E+03	 8.30914574738121E-02
 2.01042797574394E+03	 3.33996398115126E-02
 2.01043071364397E+03	-5.24125485430183E-02
 2.01043345154400E+03	-1.55739874773732E-01
 2.01043618944403E+03	-2.37418702123935E-01
 2.01043892734406E+03	-2.65975135771661E-01
 2.01044166524409E+03	-2.31637666272428E-01
 2.01044440314412E+03	-1.37782648353256E-01
 2.01044714104416E+03	 9.96343034404817E-03
 2.01044987894419E+03	 1.97127180643927E-01
 2.01045261684422E+03	 3.83843058168294E-01
 2.01045535474425E+03	 5.05439113245263E-01
 2.01045809264428E+03	 5.03185557283571E-01
 2.01046083054431E+03	 3.64290353854194E-01
 2.01046356844434E+03	 1.34814361432830E-01
 2.01046630634437E+03	-1.07910550812594E-01
 2.01046904424440E+03	-2.98616869237315E-01
 2.01047178214443E+03	-4.06552151467642E-01
 2.01047452004446E+03	-4.26932874556118E-01
 2.01047725794449E+03	-3.64277264443928E-01
 2.01047999584452E+03	-2.32007460018264E-01
 2.01048273374455E+03	-6.41733371045859E-02
 2.01048547164459E+03	 8.58650582637222E-02
 2.01048820954462E+03	 1.71443475699549E-01
 2.01049094744465E+03	 1.82852359197796E-01
 2.01049368534468E+03	 1.50126935816422E-01
 2.01049642324471E+03	 1.12213984284516E-01
 2.01049916114474E+03	 8.18882160022621E-02
 2.01050189904477E+03	 4.11008221319925E-02
 2.01050463694480E+03	-3.07621499862806E-02
 2.01050737484483E+03	-1.27527154659781E-01
 2.01051011274486E+03	-2.15938387286763E-01
 2.01051285064489E+03	-2.60693986049874E-01
 2.01051558854492E+03	-2.45407404713799E-01
 2.01051832644495E+03	-1.70770109415277E-01
 2.01052106434499E+03	-4.17232650770134E-02
 2.01052380224502E+03	 1.32743708325612E-01
 2.01052654014505E+03	 3.23900506302602E-01
 2.01052927804508E+03	 4.74717982327846E-01
 2.01053201594511E+03	 5.20140091166278E-01
 2.01053475384514E+03	 4.27542043723309E-01
 2.01053749174517E+03	 2.22742050798501E-01
 2.01054022964520E+03	-2.37097312528177E-02
 2.01054296754523E+03	-2.38192839765487E-01
 2.01054570544526E+03	-3.76929397037880E-01
 2.01054844334529E+03	-4.27596529343190E-01
 2.01055118124532E+03	-3.92468407098252E-01
 2.01055391914535E+03	-2.81024310501661E-01
 2.01055665704539E+03	-1.19439024937426E-01
 2.01055939494542E+03	 4.36123842712964E-02
 2.01056213284545E+03	 1.54851016842801E-01
 2.01056487074548E+03	 1.88827384819295E-01
 2.01056760864551E+03	 1.63308446745594E-01
 2.01057034654554E+03	 1.19092948404166E-01
 2.01057308444557E+03	 8.21268062533167E-02
 2.01057582234560E+03	 4.51536188943943E-02
 2.01057856024563E+03	-1.43704153029783E-02
 2.01058129814566E+03	-1.01681160368700E-01
 2.01058403604569E+03	-1.92442022122331E-01
 2.01058677394572E+03	-2.50618995415042E-01
 2.01058951184575E+03	-2.53420699786095E-01
 2.01059224974579E+03	-1.97418979338589E-01
 2.01059498764582E+03	-8.70277802157922E-02
 2.01059772554585E+03	 7.18453492631584E-02
 2.01060046344588E+03	 2.60109101348791E-01
 2.01060320134591E+03	 4.31026327098611E-01
 2.01060593924594E+03	 5.19024016599408E-01
 2.01060867714597E+03	 4.75692992625501E-01
 2.01061141504600E+03	 3.05012556141889E-01
 2.01061415294603E+03	 6.48969820390284E-02
 2.01061689084606E+03	-1.67546658875596E-01
 2.01061962874609E+03	-3.35875655486186E-01
 2.01062236664612E+03	-4.17668403305319E-01
 2.01062510454615E+03	-4.11563198832044E-01
 2.01062784244618E+03	-3.24263721507300E-01
 2.01063058034622E+03	-1.75033665342485E-01
 2.01063331824625E+03	-5.58741155571779E-03
 2.01063605614628E+03	 1.28675039532433E-01
 2.01063879404631E+03	 1.88784383999437E-01
 2.01064153194634E+03	 1.77259917417921E-01
 2.01064426984637E+03	 1.30917882996123E-01
 2.01064700774640E+03	 8.57101522263047E-02
 2.01064974564643E+03	 4.75722417415975E-02
 2.01065248354646E+03	-2.78234400476088E-03
 2.01065522144649E+03	-7.92851356927055E-02
 2.01065795934652E+03	-1.68315134473452E-01
 2.01066069724655E+03	-2.36549220950896E-01
 2.01066343514658E+03	-2.56057869148196E-01
 2.01066617304662E+03	-2.18101174505280E-01
 2.01066891094665E+03	-1.25906370355115E-01
 2.01067164884668E+03	 1.58855494706625E-02
 2.01067438674671E+03	 1.95519170266989E-01
 2.01067712464674E+03	 3.77526461071467E-01
 2.01067986254677E+03	 5.00885445124630E-01
 2.01068260044680E+03	 5.06694069618081E-01
 2.01068533834683E+03	 3.77715202274469E-01
 2.01068807624686E+03	 1.54472884027142E-01
 2.01069081414689E+03	-8.82378258019155E-02
 2.01069355204692E+03	-2.83410061162952E-01
 2.01069628994695E+03	-3.96638256659509E-01
 2.01069902784698E+03	-4.20774338522670E-01
 2.01070176574702E+03	-3.60123703961497E-01
 2.01070450364705E+03	-2.28486875322968E-01
 2.01070724154708E+03	-5.96336679480162E-02
 2.01070997944711E+03	 9.30163064909781E-02
 2.01071271734714E+03	 1.80560935462432E-01
 2.01071545524717E+03	 1.89250367874344E-01
 2.01071819314720E+03	 1.46604605213581E-01
 2.01072093104723E+03	 9.38690199017334E-02
 2.01072366894726E+03	 5.04967134997810E-02
 2.01072640684729E+03	 5.09782518387057E-03
 2.01072914474732E+03	-6.09276606335492E-02
 2.01073188264735E+03	-1.44909715613687E-01
 2.01073462054738E+03	-2.19469156466610E-01
 2.01073735844741E+03	-2.53763843207343E-01
 2.01074009634745E+03	-2.33183011651250E-01
 2.01074283424748E+03	-1.58578525375189E-01
 2.01074557214751E+03	-3.42948155007532E-02
 2.01074831004754E+03	 1.32679586029450E-01
 2.01075104794757E+03	 3.17594341411788E-01
 2.01075378584760E+03	 4.67766126983074E-01
 2.01075652374763E+03	 5.19611640291138E-01
 2.01075926164766E+03	 4.37379022178241E-01
 2.01076199954769E+03	 2.41157821714306E-01
 2.01076473744772E+03	-2.58755509190047E-03
 2.01076747534775E+03	-2.20043024375556E-01
 2.01077021324778E+03	-3.64135892248004E-01
 2.01077295114781E+03	-4.19460568034560E-01
 2.01077568904785E+03	-3.87339573132604E-01
 2.01077842694788E+03	-2.77535441184214E-01
 2.01078116484791E+03	-1.16049759839430E-01
 2.01078390274794E+03	 4.88790631791067E-02
 2.01078664064797E+03	 1.62751045015426E-01
 2.01078937854800E+03	 1.96489347288593E-01
 2.01079211644803E+03	 1.64235409143510E-01
 2.01079485434806E+03	 1.06971390638113E-01
 2.01079759224809E+03	 5.58838548375203E-02
 2.01080033014812E+03	 1.08659001883716E-02
 2.01080306804815E+03	-4.66063085945874E-02
 2.01080580594818E+03	-1.23387370141304E-01
 2.01080854384821E+03	-2.00509175932758E-01
 2.01081128174825E+03	-2.47100223334024E-01
 2.01081401964828E+03	-2.43011205622937E-01
 2.01081675754831E+03	-1.85394675214815E-01
 2.01081949544834E+03	-7.83684149348972E-02
 2.01082223334837E+03	 7.35192652149195E-02
 2.01082497124840E+03	 2.54510305924951E-01
 2.01082770914843E+03	 4.22458772382094E-01
 2.01083044704846E+03	 5.14685725960040E-01
 2.01083318494849E+03	 4.81289347714792E-01
 2.01083592284852E+03	 3.20963222242019E-01
 2.01083866074855E+03	 8.63727803634926E-02
 2.01084139864858E+03	-1.46915549422108E-01
 2.01084413654861E+03	-3.20038535276543E-01
 2.01084687444864E+03	-4.07093982598722E-01
 2.01084961234868E+03	-4.04936315211175E-01
 2.01085235024871E+03	-3.20236533912576E-01
 2.01085508814874E+03	-1.72230330391684E-01
 2.01085782604877E+03	-1.97107936966167E-03
 2.01086056394880E+03	 1.34858708702803E-01
 2.01086330184883E+03	 1.96481675512499E-01
 2.01086603974886E+03	 1.81304657034094E-01
 2.01086877764889E+03	 1.24447462801118E-01
 2.01087151554892E+03	 6.52136151370096E-02
 2.01087425344895E+03	 1.63967769623288E-02
 2.01087699134898E+03	-3.57090376621649E-02
 2.01087972924901E+03	-1.04564098499412E-01
 2.01088246714904E+03	-1.80858776913700E-01
 2.01088520504908E+03	-2.36780156041111E-01
 2.01088794294911E+03	-2.47936737320272E-01
 2.01089068084914E+03	-2.06737099633485E-01
 2.01089341874917E+03	-1.16384764485392E-01
 2.01089615664920E+03	 1.93188967341919E-02
 2.01089889454923E+03	 1.91198005075845E-01
 2.01090163244926E+03	 3.68204284605063E-01
 2.01090437034929E+03	 4.93264424371513E-01
 2.01090710824932E+03	 5.07732427120220E-01
 2.01090984614935E+03	 3.90109457910288E-01
 2.01091258404938E+03	 1.75053389056480E-01
 2.01091532194941E+03	-6.58870258610165E-02
 2.01091805984944E+03	-2.64609864210105E-01
 2.01092079774948E+03	-3.83273818494611E-01
 2.01092353564951E+03	-4.12163736287118E-01
 2.01092627354954E+03	-3.55012541392761E-01
 2.01092901144957E+03	-2.25660485667245E-01
 2.01093174934960E+03	-5.72207420199226E-02
 2.01093448724963E+03	 9.73332702102221E-02
 2.01093722514966E+03	 1.87333690530217E-01
 2.01093996304969E+03	 1.95039154080574E-01
 2.01094270094972E+03	 1.44841397953131E-01
 2.01094543884975E+03	 7.92535333430092E-02
 2.01094817674978E+03	 2.35717000723503E-02
 2.01095091464981E+03	-2.70840977656156E-02
 2.01095365254984E+03	-8.87857761478355E-02
 2.01095639044988E+03	-1.61642747617663E-01
 2.01095912834991E+03	-2.23669129280283E-01
 2.01096186624994E+03	-2.48360437946648E-01
 2.01096460414997E+03	-2.22965015160711E-01
 2.01096734205000E+03	-1.48624425998661E-01
 2.01097007995003E+03	-2.92374192842257E-02
 2.01097281785006E+03	 1.30038613803019E-01
 2.01097555575009E+03	 3.08369727334533E-01
 2.01097829365012E+03	 4.57626101411321E-01
 2.01098103155015E+03	 5.16136430034481E-01
 2.01098376945018E+03	 4.45363379221714E-01
 2.01098650735021E+03	 2.59548047392147E-01
 2.01098924525024E+03	 2.04554861592410E-02
 2.01099198315027E+03	-1.98643256631770E-01
 2.01099472105031E+03	-3.47791417965419E-01
 2.01099745895034E+03	-4.08441420188470E-01
 2.01100019685037E+03	-3.80637969258581E-01
 2.01100293475040E+03	-2.74080987549621E-01
 2.01100567265043E+03	-1.14256620522896E-01
 2.01100841055046E+03	 5.14919864632164E-02
 2.01101114845049E+03	 1.67973312653876E-01
 2.01101388635052E+03	 2.02748408398042E-01
 2.01101662425055E+03	 1.65982571788978E-01
 2.01101936215058E+03	 9.79163363999284E-02
 2.01102210005061E+03	 3.39916935916049E-02
 2.01102483795064E+03	-1.91950498994097E-02
 2.01102757585067E+03	-7.58605364742696E-02
 2.01103031375071E+03	-1.43779759797486E-01
 2.01103305165074E+03	-2.08742772735312E-01
 2.01103578955077E+03	-2.44780149457512E-01
 2.01103852745080E+03	-2.34404190560473E-01
 2.01104126535083E+03	-1.75469817111289E-01
 2.01104400325086E+03	-7.19514953177972E-02
 2.01104674115089E+03	 7.27743386539446E-02
 2.01104947905092E+03	 2.46147830580397E-01
 2.01105221695095E+03	 4.10715666367261E-01
 2.01105495485098E+03	 5.07091522794090E-01
 2.01105769275101E+03	 4.84332296200472E-01
 2.01106043065104E+03	 3.35941361302186E-01
 2.01106316855107E+03	 1.08882292055270E-01
 2.01106590645111E+03	-1.23577257070393E-01
 2.01106864435114E+03	-3.00738027714088E-01
 2.01107138225117E+03	-3.93336000111639E-01
 2.01107412015120E+03	-3.96189057028747E-01
 2.01107685805123E+03	-3.15586331165302E-01
 2.01107959595126E+03	-1.70409568296411E-01
 2.01108233385129E+03	-6.49163745508099E-04
 2.01108507175132E+03	 1.38260569343064E-01
 2.01108780965135E+03	 2.02157195757294E-01
 2.01109054755138E+03	 1.85252009504122E-01
 2.01109328545141E+03	 1.20232395212079E-01
 2.01109602335144E+03	 4.87187473268886E-02
 2.01109876125147E+03	-1.03431969686237E-02
 2.01110149915150E+03	-6.50663534659332E-02
 2.01110423705154E+03	-1.27848816823558E-01
 2.01110697495157E+03	-1.93002799929176E-01
 2.01110971285160E+03	-2.37819844790597E-01
 2.01111245075163E+03	-2.41371751085180E-01
 2.01111518865166E+03	-1.97311311008533E-01
 2.01111792655169E+03	-1.08968394608745E-01
 2.01112066445172E+03	 2.05011134978090E-02
 2.01112340235175E+03	 1.84312843944965E-01
 2.01112614025178E+03	 3.55831692468680E-01
 2.01112887815181E+03	 4.82248445078687E-01
 2.01113161605184E+03	 5.05675839685670E-01
 2.01113435395187E+03	 4.00644776959335E-01
 2.01113709185190E+03	 1.95701611814046E-01
 2.01113982975194E+03	-4.15527067139061E-02
 2.01114256765197E+03	-2.42635392600022E-01
 2.01114530555200E+03	-3.66584011990693E-01
 2.01114804345203E+03	-4.00982042447774E-01
 2.01115078135206E+03	-3.48656500652268E-01
 2.01115351925209E+03	-2.23162383421403E-01
 2.01115625715212E+03	-5.66042093468497E-02
 2.01115899505215E+03	 9.89822195455313E-02
 2.01116173295218E+03	 1.91677328901173E-01
 2.01116447085221E+03	 1.99906533367495E-01
 2.01116720875224E+03	 1.44442077213846E-01
 2.01116994665227E+03	 6.80834288205981E-02
 2.01117268455230E+03	 1.07221528355236E-03
 2.01117542245234E+03	-5.52404206136141E-02
 2.01117816035237E+03	-1.13990198515431E-01
 2.01118089825240E+03	-1.77362365775457E-01
 2.01118363615243E+03	-2.28225889241267E-01
 2.01118637405246E+03	-2.44219849531076E-01
 2.01118911195249E+03	-2.14497661456520E-01
 2.01119184985252E+03	-1.40629948340485E-01
 2.01119458775255E+03	-2.62624869268012E-02
 2.01119732565258E+03	 1.25056817429539E-01
 2.01120006355261E+03	 2.96305786201924E-01
 2.01120280145264E+03	 4.44111545994684E-01
 2.01120553935267E+03	 5.09208172969561E-01
 2.01120827725270E+03	 4.50718720164552E-01
 2.01121101515273E+03	 2.77021211958815E-01
 2.01121375305277E+03	 4.46116687011575E-02
 2.01121649095280E+03	-1.74561073008989E-01
 2.01121922885283E+03	-3.28161546014688E-01
 2.01122196675286E+03	-3.94525609797248E-01
 2.01122470465289E+03	-3.72135600655160E-01
 2.01122744255292E+03	-2.70299118942903E-01
 2.01123018045295E+03	-1.13668005499611E-01
 2.01123291835298E+03	 5.17409740214377E-02
 2.01123565625301E+03	 1.70586217409523E-01
 2.01123839415304E+03	 2.07415899820931E-01
 2.01124113205307E+03	 1.68195622521443E-01
 2.01124386995310E+03	 9.15885241815693E-02
 2.01124660785313E+03	 1.62931563908954E-02
 2.01124934575317E+03	-4.49434018541435E-02
 2.01125208365320E+03	-1.01863694233254E-01
 2.01125482155323E+03	-1.62520326978414E-01
 2.01125755945326E+03	-2.16823657547622E-01
 2.01126029735329E+03	-2.43378812564894E-01
 2.01126303525332E+03	-2.27329465613495E-01
 2.01126577315335E+03	-1.67348874375866E-01
 2.01126851105338E+03	-6.74527114112180E-02
 2.01127124895341E+03	 6.99168782984672E-02
 2.01127398685344E+03	 2.35213968417310E-01
 2.01127672475347E+03	 3.95755989966602E-01
 2.01127946265350E+03	 4.95878178302615E-01
 2.01128220055353E+03	 4.84138678586117E-01
 2.01128493845357E+03	 3.49062736172845E-01
 2.01128767635360E+03	 1.31536362305967E-01
 2.01129041425363E+03	-9.82376320235045E-02
 2.01129315215366E+03	-2.78389424913305E-01
 2.01129589005369E+03	-3.76507268024418E-01
 2.01129862795372E+03	-3.85179286711299E-01
 2.01130136585375E+03	-3.09986853990505E-01
 2.01130410375378E+03	-1.69152876698140E-01
 2.01130684165381E+03	-1.23613165780786E-03
 2.01130957955384E+03	 1.39094773627608E-01
 2.01131231745387E+03	 2.05767830713404E-01
 2.01131505535390E+03	 1.88832782546817E-01
 2.01131779325393E+03	 1.17924515015026E-01
 2.01132053115397E+03	 3.59801352635252E-02
 2.01132326905400E+03	-3.26786278988547E-02
 2.01132600695403E+03	-9.06785140109357E-02
 2.01132874485406E+03	-1.48848523413321E-01
 2.01133148275409E+03	-2.04437350785367E-01
 2.01133422065412E+03	-2.39381647803832E-01
 2.01133695855415E+03	-2.36085336448340E-01
 2.01133969645418E+03	-1.89520351259672E-01
 2.01134243435421E+03	-1.03312129912798E-01
 2.01134517225424E+03	 1.97900761745590E-02
 2.01134791015427E+03	 1.75152461267262E-01
 2.01135064805430E+03	 3.40507777880377E-01
 2.01135338595433E+03	 4.67632091018774E-01
 2.01135612385436E+03	 4.99969983658070E-01
 2.01135886175440E+03	 4.08490468085294E-01
 2.01136159965443E+03	 2.15487197904344E-01
 2.01136433755446E+03	-1.60579869194812E-02
 2.01136707545449E+03	-2.18052165870311E-01
 2.01136981335452E+03	-3.46823503683565E-01
 2.01137255125455E+03	-3.87196538841873E-01
 2.01137528915458E+03	-3.40794248210006E-01
 2.01137802705461E+03	-2.20581775285335E-01
 2.01138076495464E+03	-5.73364614780415E-02
 2.01138350285467E+03	 9.83039334076205E-02
 2.01138624075470E+03	 1.93702194336080E-01
 2.01138897865473E+03	 2.03703486431831E-01
 2.01139171655476E+03	 1.45096380699223E-01
 2.01139445445480E+03	 6.00619823621110E-02
 2.01139719235483E+03	-1.71360879565702E-02
 2.01139993025486E+03	-7.92977210040852E-02
 2.01140266815489E+03	-1.36316249925073E-01
 2.01140540605492E+03	-1.91785152910032E-01
 2.01140814395495E+03	-2.32857019621908E-01
 2.01141088185498E+03	-2.41064325153639E-01
 2.01141361975501E+03	-2.07478147969011E-01
 2.01141635765504E+03	-1.34242835163049E-01
 2.01141909555507E+03	-2.49798553158292E-02
 2.01142183345510E+03	 1.18098624586285E-01
 2.01142457135513E+03	 2.81628142537042E-01
 2.01142730925516E+03	 4.27178943797351E-01
 2.01143004715520E+03	 4.98428402161635E-01
 2.01143278505523E+03	 4.52712147777767E-01
 2.01143552295526E+03	 2.92651776829493E-01
 2.01143826085529E+03	 6.89721184205939E-02
 2.01144099875532E+03	-1.48502595328018E-01
 2.01144373665535E+03	-3.05651561890162E-01
 2.01144647455538E+03	-3.77809396634587E-01
 2.01144921245541E+03	-3.61662433305285E-01
 2.01145195035544E+03	-2.65819789180509E-01
 2.01145468825547E+03	-1.13810701223353E-01
 2.01145742615550E+03	 5.00647993993533E-02
 2.01146016405553E+03	 1.70847433472353E-01
 2.01146290195556E+03	 2.10485873647369E-01
 2.01146563985559E+03	 1.70644985899336E-01
 2.01146837775563E+03	 8.76823253550746E-02
 2.01147111565566E+03	 2.57452045026806E-03
 2.01147385355569E+03	-6.64073057973694E-02
 2.01147659145572E+03	-1.24471401557859E-01
 2.01147932935575E+03	-1.79368963102826E-01
 2.01148206725578E+03	-2.24485831153680E-01
 2.01148480515581E+03	-2.42625932696753E-01
 2.01148754305584E+03	-2.21492402469922E-01
 2.01149028095587E+03	-1.60684392270916E-01
 2.01149301885590E+03	-6.44680875658381E-02
 2.01149575675593E+03	 6.53639227341223E-02
 2.01149849465596E+03	 2.22040569556312E-01
 2.01150123255599E+03	 3.77691670609696E-01
 2.01150397045603E+03	 4.80819433601293E-01
 2.01150670835606E+03	 4.80111938946566E-01
 2.01150944625609E+03	 3.59454960064298E-01
 2.01151218415612E+03	 1.53380796303117E-01
 2.01151492205615E+03	-7.17230073310492E-02
 2.01151765995618E+03	-2.53549012967195E-01
 2.01152039785621E+03	-3.56847391665964E-01
 2.01152313575624E+03	-3.71850947049440E-01
 2.01152587365627E+03	-3.03138939024929E-01
 2.01152861155630E+03	-1.67998073487083E-01
 2.01153134945633E+03	-3.23025909201178E-03
 2.01153408735636E+03	 1.37747590535351E-01
 2.01153682525639E+03	 2.07459770288442E-01
 2.01153956315643E+03	 1.91932746552070E-01
 2.01154230105646E+03	 1.17253008643520E-01
 2.01154503895649E+03	 2.67373420437829E-02
 2.01154777685652E+03	-5.07283558697391E-02
 2.01155051475655E+03	-1.12489069815679E-01
 2.01155325265658E+03	-1.67381385111587E-01
 2.01155599055661E+03	-2.14925728171788E-01
 2.01155872845664E+03	-2.41211021759458E-01
 2.01156146635667E+03	-2.31797752433267E-01
 2.01156420425670E+03	-1.83031494155652E-01
 2.01156694215673E+03	-9.90147864868191E-02
 2.01156968005676E+03	 1.76320515351262E-02
 2.01157241795679E+03	 1.64129974054700E-01
 2.01157515585682E+03	 3.22483973794314E-01
 2.01157789375686E+03	 4.49365914901367E-01
 2.01158063165689E+03	 4.90184272369606E-01
 2.01158336955692E+03	 4.12874055245072E-01
 2.01158610745695E+03	 2.33457422501449E-01
 2.01158884535698E+03	 9.68148316825923E-03
 2.01159158325701E+03	-1.91558176311453E-01
 2.01159432115704E+03	-3.24383071741073E-01
 2.01159705905707E+03	-3.70883379352567E-01
 2.01159979695710E+03	-3.31223825684746E-01
 2.01160253485713E+03	-2.17502150278059E-01
 2.01160527275716E+03	-5.88910672231271E-02
 2.01160801065719E+03	 9.57843942394565E-02
 2.01161074855722E+03	 1.93701616173627E-01
 2.01161348645726E+03	 2.06454472578391E-01
 2.01161622435729E+03	 1.46609005996987E-01
 2.01161896225732E+03	 5.49203146057483E-02
 2.01162170015735E+03	-3.12422396910285E-02
 2.01162443805738E+03	-9.92871150198392E-02
 2.01162717595741E+03	-1.55651673035405E-01
 2.01162991385744E+03	-2.04716307533929E-01
 2.01163265175747E+03	-2.37332534060056E-01
 2.01163538965750E+03	-2.38635227342741E-01
 2.01163812755753E+03	-2.01596444565145E-01
 2.01164086545756E+03	-1.29078735685102E-01
 2.01164360335759E+03	-2.49361102873102E-02
 2.01164634125762E+03	 1.09631074481258E-01
 2.01164907915766E+03	 2.64704142412103E-01
 2.01165181705769E+03	 4.06948534762494E-01
 2.01165455495772E+03	 4.83550800184871E-01
 2.01165729285775E+03	 4.50712369851259E-01
 2.01166003075778E+03	 3.05538226092332E-01
 2.01166276865781E+03	 9.25719480407316E-02
 2.01166550655784E+03	-1.21287822243403E-01
 2.01166824445787E+03	-2.80803325145870E-01
 2.01167098235790E+03	-3.58514058731687E-01
 2.01167372025793E+03	-3.49135582590732E-01
 2.01167645815796E+03	-2.60303219218792E-01
 2.01167919605799E+03	-1.14172029973939E-01
 2.01168193395802E+03	 4.70132595830459E-02
 2.01168467185806E+03	 1.69179506811152E-01
 2.01168740975809E+03	 2.12131548854900E-01
 2.01169014765812E+03	 1.73244512672950E-01
 2.01169288555815E+03	 8.59605738524719E-02
 2.01169562345818E+03	-7.39489122832485E-03
 2.01169836135821E+03	-8.36964011327716E-02
 2.01170109925824E+03	-1.43646972897706E-01
 2.01170383715827E+03	-1.94183851474750E-01
 2.01170657505830E+03	-2.31532902743823E-01
 2.01170931295833E+03	-2.42289948435362E-01
 2.01171205085836E+03	-2.16611923728716E-01
 2.01171478875839E+03	-1.55120016758740E-01
 2.01171752665842E+03	-6.25565656535284E-02
 2.01172026455845E+03	 5.96089194583928E-02
 2.01172300245849E+03	 2.07082008767069E-01
 2.01172574035852E+03	 3.56794860451465E-01
 2.01172847825855E+03	 4.61858865808242E-01
 2.01173121615858E+03	 4.71794233944665E-01
 2.01173395405861E+03	 3.66316469902044E-01
 2.01173669195864E+03	 1.73448384652024E-01
 2.01173942985867E+03	-4.49453597640712E-02
 2.01174216775870E+03	-2.26900521532872E-01
 2.01174490565873E+03	-3.34729331326208E-01
 2.01174764355876E+03	-3.56257105613519E-01
 2.01175038145879E+03	-2.94805982866246E-01
 2.01175311935882E+03	-1.66482423757096E-01
 2.01175585725885E+03	-6.05747364585513E-03
 2.01175859515889E+03	 1.34742216747237E-01
 2.01176133305892E+03	 2.07551236309937E-01
 2.01176407095895E+03	 1.94598221061095E-01
 2.01176680885898E+03	 1.18050442248538E-01
 2.01176954675901E+03	 2.07520820737062E-02
 2.01177228465904E+03	-6.46630614981383E-02
 2.01177502255907E+03	-1.30536328809193E-01
 2.01177776045910E+03	-1.83366763545661E-01
 2.01178049835913E+03	-2.24313763428975E-01
 2.01178323625916E+03	-2.43109312875519E-01
 2.01178597415919E+03	-2.28261769317084E-01
 2.01178871205922E+03	-1.77524687670965E-01
 2.01179144995925E+03	-9.56637507684169E-02
 2.01179418785929E+03	 1.45211635268670E-02
 2.01179692575932E+03	 1.51755227651189E-01
 2.01179966365935E+03	 3.02157893913750E-01
 2.01180240155938E+03	 4.27576181364465E-01
 2.01180513945941E+03	 4.76054829177017E-01
 2.01180787735944E+03	 4.13137605182064E-01
 2.01181061525947E+03	 2.48693240409530E-01
 2.01181335315950E+03	 3.47010459429022E-02
 2.01181609105953E+03	-1.63959926595871E-01
 2.01181882895956E+03	-2.99786444492983E-01
 2.01182156685959E+03	-3.52242892560687E-01
 2.01182430475962E+03	-3.19833011188172E-01
 2.01182704265965E+03	-2.13542777447339E-01
 2.01182978055968E+03	-6.07096193287912E-02
 2.01183251845972E+03	 9.20113151132393E-02
 2.01183525635975E+03	 1.92122066714080E-01
 2.01183799425978E+03	 2.08349105426697E-01
 2.01184073215981E+03	 1.48914277243762E-01
 2.01184347005984E+03	 5.24487994498770E-02
 2.01184620795987E+03	-4.14532408245628E-02
 2.01184894585990E+03	-1.15314072343592E-01
 2.01185168375993E+03	-1.71980988230808E-01
 2.01185442165996E+03	-2.16051225353787E-01
 2.01185715955999E+03	-2.41492264492864E-01
 2.01185989746002E+03	-2.36723052342312E-01
 2.01186263536005E+03	-1.96574519793759E-01
 2.01186537326008E+03	-1.24765766131407E-01
 2.01186811116012E+03	-2.56588786066787E-02
 2.01187084906015E+03	 1.00187835199749E-01
 2.01187358696018E+03	 2.46024352381754E-01
 2.01187632486021E+03	 3.83710249980504E-01
 2.01187906276024E+03	 4.64512569157432E-01
 2.01188180066027E+03	 4.44239906950438E-01
 2.01188453856030E+03	 3.14859836760469E-01
 2.01188727646033E+03	 1.14440296912557E-01
 2.01189001436036E+03	-9.38169653507959E-02
 2.01189275226039E+03	-2.54281904758522E-01
 2.01189549016042E+03	-3.36992224262554E-01
 2.01189822806045E+03	-3.34582798899325E-01
 2.01190096596048E+03	-2.53477403332932E-01
 2.01190370386052E+03	-1.14246805232047E-01
 2.01190644176055E+03	 4.31983343687883E-02
 2.01190917966058E+03	 1.66129452857024E-01
 2.01191191756061E+03	 2.12683328378687E-01
 2.01191465546064E+03	 1.76053064860098E-01
 2.01191739336067E+03	 8.62771625452440E-02
 2.01192013126070E+03	-1.38285378111719E-02
 2.01192286916073E+03	-9.69683092738216E-02
 2.01192560706076E+03	-1.59438791731178E-01
 2.01192834496079E+03	-2.06914999565061E-01
 2.01193108286082E+03	-2.37848167235604E-01
 2.01193382076085E+03	-2.42202191026910E-01
 2.01193655866088E+03	-2.12455568524241E-01
 2.01193929656091E+03	-1.50333088816899E-01
 2.01194203446095E+03	-6.12856360188791E-02
 2.01194477236098E+03	 5.31799187986268E-02
 2.01194751026101E+03	 1.90886198549421E-01
 2.01195024816104E+03	 3.33490370867241E-01
 2.01195298606107E+03	 4.39128058366590E-01
 2.01195572396110E+03	 4.58907449669775E-01
 2.01195846186113E+03	 3.68970536063337E-01
 2.01196119976116E+03	 1.90812679334209E-01
 2.01196393766119E+03	-1.88603854792536E-02
 2.01196667556122E+03	-1.99231680756296E-01
 2.01196941346125E+03	-3.10655969960100E-01
 2.01197215136128E+03	-3.38575150962472E-01
 2.01197488926131E+03	-2.84845426148856E-01
 2.01197762716135E+03	-1.64186998208186E-01
 2.01198036506138E+03	-9.12247253993666E-03
 2.01198310296141E+03	 1.30690488506901E-01
 2.01198584086144E+03	 2.06498106506963E-01
 2.01198857876147E+03	 1.97023855806451E-01
 2.01199131666150E+03	 1.20264086597485E-01
 2.01199405456153E+03	 1.78366409900044E-02
 2.01199679246156E+03	-7.46712310902677E-02
 2.01199953036159E+03	-1.44925355428464E-01
 2.01200226826162E+03	-1.96811027220582E-01
 2.01200500616165E+03	-2.32532037349286E-01
 2.01200774406168E+03	-2.44951110978803E-01
 2.01201048196171E+03	-2.25292334071613E-01
 2.01201321986175E+03	-1.72731526260703E-01
 2.01201595776178E+03	-9.28797026889529E-02
 2.01201869566181E+03	 1.09544250419246E-02
 2.01202143356184E+03	 1.38597734428275E-01
 2.01202417146187E+03	 2.80053499578914E-01
 2.01202690936190E+03	 4.02569226237106E-01
 2.01202964726193E+03	 4.57513907642060E-01
 2.01203238516196E+03	 4.08785585433097E-01
 2.01203512306199E+03	 2.60363600304499E-01
 2.01203786096202E+03	 5.80351089081768E-02
 2.01204059886205E+03	-1.36139684972390E-01
 2.01204333676208E+03	-2.73676810054702E-01
 2.01204607466211E+03	-3.31605475231545E-01
 2.01204881256215E+03	-3.06623136389724E-01
 2.01205155046218E+03	-2.08398082519505E-01
 2.01205428836221E+03	-6.22520946999721E-02
 2.01205702626224E+03	 8.76210516655808E-02
 2.01205976416227E+03	 1.89518534462401E-01
 2.01206250206230E+03	 2.09716471868141E-01
 2.01206523996233E+03	 1.52074566815359E-01
 2.01206797786236E+03	 5.25168015056713E-02
 2.01207071576239E+03	-4.79625761656682E-02
 2.01207345366242E+03	-1.27527263620637E-01
 2.01207619156245E+03	-1.85364548700111E-01
 2.01207892946248E+03	-2.25769758035667E-01
 2.01208166736251E+03	-2.45255691104726E-01
 2.01208440526254E+03	-2.35190675486944E-01
 2.01208714316258E+03	-1.92200304124784E-01
 2.01208988106261E+03	-1.20986346612829E-01
 2.01209261896264E+03	-2.67023630159435E-02
 2.01209535686267E+03	 9.03268102770106E-02
 2.01209809476270E+03	 2.26172472541516E-01
 2.01210083266273E+03	 3.57914658127977E-01
 2.01210357056276E+03	 4.41450715158707E-01
 2.01210630846279E+03	 4.33005806696816E-01
 2.01210904636282E+03	 3.19928155917802E-01
 2.01211178426285E+03	 1.33651867354239E-01
 2.01211452216288E+03	-6.70298435327937E-02
 2.01211726006291E+03	-2.26852293483996E-01
 2.01211999796294E+03	-3.13723887362869E-01
 2.01212273586298E+03	-3.18157388435608E-01
 2.01212547376301E+03	-2.45170529169029E-01
 2.01212821166304E+03	-1.13584148444353E-01
 2.01213094956307E+03	 3.92395383224108E-02
 2.01213368746310E+03	 1.62316689944807E-01
 2.01213642536313E+03	 2.12591012804499E-01
 2.01213916326316E+03	 1.79259390955104E-01
 2.01214190116319E+03	 8.85857430366667E-02
 2.01214463906322E+03	-1.68968061552196E-02
 2.01214737696325E+03	-1.06397019222382E-01
 2.01215011486328E+03	-1.71954203794066E-01
 2.01215285276331E+03	-2.17590975180806E-01
 2.01215559066334E+03	-2.43396553448653E-01
 2.01215832856338E+03	-2.42272935127302E-01
 2.01216106646341E+03	-2.08867333745223E-01
 2.01216380436344E+03	-1.46071939869411E-01
 2.01216654226347E+03	-6.02750734858019E-02
 2.01216928016350E+03	 4.65946929918890E-02
 2.01217201806353E+03	 1.74056820006305E-01
 2.01217475596356E+03	 3.08334544492010E-01
 2.01217749386359E+03	 4.12949197172833E-01
 2.01218023176362E+03	 4.41380431173589E-01
 2.01218296966365E+03	 3.66910620070166E-01
 2.01218570756368E+03	 2.04639913587633E-01
 2.01218844546371E+03	 5.57890452107153E-03
 2.01219118336374E+03	-1.71401994036086E-01
 2.01219392126377E+03	-2.85246152475494E-01
 2.01219665916381E+03	-3.19112020514024E-01
 2.01219939706384E+03	-2.73232698158751E-01
 2.01220213496387E+03	-1.60777545080378E-01
 2.01220487286390E+03	-1.18617817816481E-02
 2.01220761076393E+03	 1.26236589929820E-01
 2.01221034866396E+03	 2.04846260244495E-01
 2.01221308656399E+03	 1.99524369325951E-01
 2.01221582446402E+03	 1.23952033452273E-01
 2.01221856236405E+03	 1.78712916925842E-02
 2.01222130026408E+03	-8.09300293576147E-02
 2.01222403816411E+03	-1.55798861506735E-01
 2.01222677606414E+03	-2.07787779939155E-01
 2.01222951396417E+03	-2.39590012104634E-01
 2.01223225186421E+03	-2.46692617189316E-01
 2.01223498976424E+03	-2.22787451317275E-01
 2.01223772766427E+03	-1.68466694682455E-01
 2.01224046556430E+03	-9.03565206279619E-02
 2.01224320346433E+03	 7.38711335915939E-03
 2.01224594136436E+03	 1.25244130576901E-01
 2.01224867926439E+03	 2.56790027392011E-01
 2.01225141716442E+03	 3.74820828724806E-01
 2.01225415506445E+03	 4.34704148456270E-01
 2.01225689296448E+03	 3.99521199853998E-01
 2.01225963086451E+03	 2.67774495053322E-01
 2.01226236876454E+03	 7.87667591393190E-02
 2.01226510666457E+03	-1.09015769934828E-01
 2.01226784456461E+03	-2.46793290108550E-01
 2.01227058246464E+03	-3.09426773505364E-01
 2.01227332036467E+03	-2.91723508044458E-01
 2.01227605826470E+03	-2.01870657935084E-01
 2.01227879616473E+03	-6.30454734304121E-02
 2.01228153406476E+03	 8.32414383443334E-02
 2.01228427196479E+03	 1.86499905358978E-01
 2.01228700986482E+03	 2.10985151772418E-01
 2.01228974776485E+03	 1.56263252102340E-01
 2.01229248566488E+03	 5.50794065419433E-02
 2.01229522356491E+03	-5.09265244854935E-02
 2.01229796146494E+03	-1.36089036804406E-01
 2.01230069936497E+03	-1.95913849729800E-01
 2.01230343726500E+03	-2.33923080765226E-01
 2.01230617516504E+03	-2.48622475113084E-01
 2.01230891306507E+03	-2.33986715108755E-01
 2.01231165096510E+03	-1.88352311867050E-01
 2.01231438886513E+03	-1.17511638907386E-01
 2.01231712676516E+03	-2.76892527980989E-02
 2.01231986466519E+03	 8.05858181531571E-02
 2.01232260256522E+03	 2.05787023795788E-01
 2.01232534046525E+03	 3.30150528546156E-01
 2.01232807836528E+03	 4.14702822448485E-01
 2.01233081626531E+03	 4.16936677445811E-01
 2.01233355416534E+03	 3.20230012225931E-01
 2.01233629206537E+03	 1.49376787853480E-01
 2.01233902996540E+03	-4.18606963050314E-02
 2.01234176786544E+03	-1.99347257870353E-01
 2.01234450576547E+03	-2.89301643634707E-01
 2.01234724366550E+03	-3.00142526365112E-01
 2.01234998156553E+03	-2.35334729864201E-01
 2.01235271946556E+03	-1.11829261417940E-01
 2.01235545736559E+03	 3.57091169851040E-02
 2.01235819526562E+03	 1.58374759841094E-01
 2.01236093316565E+03	 2.12374398560044E-01
 2.01236367106568E+03	 1.83152381721648E-01
 2.01236640896571E+03	 9.29343090582024E-02
 2.01236914686574E+03	-1.67114347609582E-02
 2.01237188476577E+03	-1.12145769507318E-01
 2.01237462266580E+03	-1.81332007610142E-01
 2.01237736056584E+03	-2.26299584677059E-01
 2.01238009846587E+03	-2.48217562738173E-01
 2.01238283636590E+03	-2.42496987670386E-01
 2.01238557426593E+03	-2.05784833500402E-01
 2.01238831216596E+03	-1.42183643313475E-01
 2.01239105006599E+03	-5.92340661944793E-02
 2.01239378796602E+03	 4.03174998239218E-02
 2.01239652586605E+03	 1.57210818438735E-01
 2.01239926376608E+03	 2.81983228051328E-01
 2.01240200166611E+03	 3.83822866077866E-01
 2.01240473956614E+03	 4.19361263744598E-01
 2.01240747746617E+03	 3.59834525107151E-01
 2.01241021536620E+03	 2.14235983913295E-01
 2.01241295326624E+03	 2.74703430353018E-02
 2.01241569116627E+03	-1.44303441858949E-01
 2.01241842906630E+03	-2.59210542206019E-01
 2.01242116696633E+03	-2.98298271395505E-01
 2.01242390486636E+03	-2.60074837424782E-01
 2.01242664276639E+03	-1.56037565903639E-01
 2.01242938066642E+03	-1.37933087185630E-02
 2.01243211856645E+03	 1.21998543788791E-01
 2.01243485646648E+03	 2.03175715242099E-01
 2.01243759436651E+03	 2.02493560987008E-01
 2.01244033226654E+03	 1.29265115310438E-01
 2.01244307016657E+03	 2.08096186802654E-02
 2.01244580806660E+03	-8.35833981263261E-02
 2.01244854596663E+03	-1.63309363399927E-01
 2.01245128386667E+03	-2.16413938313496E-01
 2.01245402176670E+03	-2.45562055402875E-01
 2.01245675966673E+03	-2.48369525308908E-01
 2.01245949756676E+03	-2.20737555894834E-01
 2.01246223546679E+03	-1.64648219627578E-01
 2.01246497336681E+03	-8.78920261037147E-02
 2.01246771126685E+03	 4.19315463594699E-03
 2.01247044916688E+03	 1.12254602665988E-01
 2.01247318706691E+03	 2.33043181475478E-01
 2.01247592496694E+03	 3.44952487187644E-01
 2.01247866286697E+03	 4.07977617588253E-01
 2.01248140076700E+03	 3.85269449849701E-01
 2.01248413866703E+03	 2.70409999745282E-01
 2.01248687656707E+03	 9.60760475017613E-02
 2.01248961446710E+03	-8.34980902359933E-02
 2.01249235236713E+03	-2.19938457101892E-01
 2.01249509026716E+03	-2.86271814220422E-01
 2.01249782816719E+03	-2.75394517784799E-01
 2.01250056606722E+03	-1.93894366322223E-01
 2.01250330396725E+03	-6.27256501212896E-02
 2.01250604186728E+03	 7.94363330767583E-02
 2.01250877976731E+03	 1.83669995110336E-01
 2.01251151766734E+03	 2.12633313130072E-01
 2.01251425556737E+03	 1.61734466599713E-01
 2.01251699346740E+03	 6.01711167911085E-02
 2.01251973136743E+03	-5.04500166200205E-02
 2.01252246926747E+03	-1.41149929376076E-01
 2.01252520716750E+03	-2.03765050519901E-01
 2.01252794506753E+03	-2.40613945922968E-01
 2.01253068296756E+03	-2.51663061516825E-01
 2.01253342086759E+03	-2.33147103847116E-01
 2.01253615876762E+03	-1.85011965221095E-01
 2.01253889666765E+03	-1.14224790392433E-01
 2.01254163456768E+03	-2.83446232028506E-02
 2.01254437246771E+03	 7.14409133458489E-02
 2.01254711036774E+03	 1.85518911281357E-01
 2.01254984826777E+03	 3.01111861255778E-01
 2.01255258616780E+03	 3.84793363011173E-01
 2.01255532406783E+03	 3.96185230529014E-01
 2.01255806196786E+03	 3.15459863714130E-01
 2.01256079986790E+03	 1.60926009646751E-01
 2.01256353776793E+03	-1.91909802322653E-02
 2.01256627566796E+03	-1.72628032085579E-01
 2.01256901356799E+03	-2.64405611227948E-01
 2.01257175146802E+03	-2.80943941217959E-01
 2.01257448936805E+03	-2.24058510339404E-01
 2.01257722726808E+03	-1.08755911850538E-01
 2.01257996516811E+03	 3.30825540463269E-02
 2.01258270306814E+03	 1.54892724982999E-01
 2.01258544096817E+03	 2.12567436813127E-01
 2.01258817886820E+03	 1.88080127276446E-01
 2.01259091676823E+03	 9.94468013011396E-02
 2.01259365466826E+03	-1.33211538816835E-02
 2.01259639256830E+03	-1.14346582102755E-01
 2.01259913046833E+03	-1.87715803599250E-01
 2.01260186836836E+03	-2.33163951824329E-01
 2.01260460626839E+03	-2.52409412186203E-01
 2.01260734416842E+03	-2.42947758622781E-01
 2.01261008206845E+03	-2.03243614892914E-01
 2.01261281996848E+03	-1.38629112878629E-01
 2.01261555786851E+03	-5.79878380736985E-02
 2.01261829576854E+03	 3.47219049432855E-02
 2.01262103366857E+03	 1.40935560341383E-01
 2.01262377156860E+03	 2.55152434574689E-01
 2.01262650946863E+03	 3.52403099521989E-01
 2.01262924736866E+03	 3.93214802115672E-01
 2.01263198526870E+03	 3.47665865407572E-01
 2.01263472316873E+03	 2.19085994664552E-01
 2.01263746106876E+03	 4.60098138667945E-02
 2.01264019896879E+03	-1.18816314518390E-01
 2.01264293686882E+03	-2.33318483355022E-01
 2.01264567476885E+03	-2.76670843979747E-01
 2.01264841266888E+03	-2.45612063353180E-01
 2.01265115056891E+03	-1.49890211451844E-01
 2.01265388846894E+03	-1.45575067719415E-02
 2.01265662636897E+03	 1.18513276459402E-01
 2.01265936426900E+03	 2.02042221267107E-01
 2.01266210216903E+03	 2.06355001053079E-01
 2.01266484006906E+03	 1.36416941087341E-01
 2.01266757796909E+03	 2.66718065266077E-02
 2.01267031586913E+03	-8.27290138535184E-02
 2.01267305376916E+03	-1.67594912300760E-01
 2.01267579166919E+03	-2.22823629973129E-01
 2.01267852956922E+03	-2.50566347395652E-01
 2.01268126746925E+03	-2.50084222409051E-01
 2.01268400536928E+03	-2.19222061453826E-01
 2.01268674326931E+03	-1.61304212344629E-01
 2.01268948116934E+03	-8.54063193531201E-02
 2.01269221906937E+03	 1.63455514916976E-03
 2.01269495696940E+03	 1.00122688162691E-01
 2.01269769486943E+03	 2.09502656531283E-01
 2.01270043276946E+03	 3.13697512616279E-01
 2.01270317066949E+03	 3.77880820232862E-01
 2.01270590856953E+03	 3.66186299168296E-01
 2.01270864646956E+03	 2.67963284682800E-01
 2.01271138436959E+03	 1.09284289018846E-01
 2.01271412226962E+03	-6.04414722366982E-02
 2.01271686016965E+03	-1.93938706282301E-01
 2.01271959806968E+03	-2.62788744704542E-01
 2.01272233596971E+03	-2.58018654591310E-01
 2.01272507386974E+03	-1.84545103729604E-01
 2.01272781176977E+03	-6.10685510543152E-02
 2.01273054966980E+03	 7.66572527703113E-02
 2.01273328756983E+03	 1.81570050653119E-01
 2.01273602546986E+03	 2.15134006275096E-01
 2.01273876336989E+03	 1.68783042275699E-01
 2.01274150126993E+03	 6.78876617073314E-02
 2.01274423916996E+03	-4.65829163917916E-02
 2.01274697706999E+03	-1.42829295621178E-01
 2.01274971497002E+03	-2.09052973687648E-01
 2.01275245287005E+03	-2.45971965837176E-01
 2.01275519077008E+03	-2.54499979825630E-01
 2.01275792867011E+03	-2.32784416040615E-01
 2.01276066657014E+03	-1.82262148746383E-01
 2.01276340447017E+03	-1.11130509642238E-01
 2.01276614237020E+03	-2.85183802987585E-02
 2.01276888027023E+03	 6.32714948962191E-02
 2.01277161817026E+03	 1.65989116780721E-01
 2.01277435607029E+03	 2.71557939799781E-01
 2.01277709397033E+03	 3.52407650499663E-01
 2.01277983187036E+03	 3.71126620441244E-01
 2.01278256977039E+03	 3.05540117724762E-01
 2.01278530767042E+03	 1.67789824404325E-01
 2.01278804557045E+03	 1.97156477685669E-04
 2.01279078347048E+03	-1.47540153956495E-01
 2.01279352137051E+03	-2.39769417648804E-01
 2.01279625927054E+03	-2.61071070291169E-01
 2.01279899717057E+03	-2.11566392671613E-01
 2.01280173507060E+03	-1.04286458417429E-01
 2.01280447297063E+03	 3.16991036197102E-02
 2.01280721087066E+03	 1.52361872972828E-01
 2.01280994877069E+03	 2.13661486529613E-01
 2.01281268667072E+03	 1.94402074954998E-01
 2.01281542457076E+03	 1.08293985087320E-01
 2.01281816247079E+03	-6.71848439282402E-03
 2.01282090037082E+03	-1.13088041340961E-01
 2.01282363827085E+03	-1.91230512785225E-01
 2.01282637617088E+03	-2.38316125115926E-01
 2.01282911407091E+03	-2.56105748580934E-01
 2.01283185197094E+03	-2.43760209160912E-01
 2.01283458987097E+03	-2.01368028888285E-01
 2.01283732777100E+03	-1.35483924005292E-01
 2.01284006567103E+03	-5.64910670115340E-02
 2.01284280357106E+03	 3.00633183569697E-02
 2.01284554147109E+03	 1.25749822470506E-01
 2.01284827937112E+03	 2.28575642554912E-01
 2.01285101727116E+03	 3.19462569562163E-01
 2.01285375517119E+03	 3.63506641729491E-01
 2.01285649307122E+03	 3.30562254765739E-01
 2.01285923097125E+03	 2.18884370035495E-01
 2.01286196887128E+03	 6.05348110522188E-02
 2.01286470677131E+03	-9.57628174556214E-02
 2.01286744467134E+03	-2.08357862701236E-01
 2.01287018257137E+03	-2.54845429541341E-01
 2.01287292047140E+03	-2.30206802671011E-01
 2.01287565837143E+03	-1.42406831312191E-01
 2.01287839627146E+03	-1.39463038119737E-02
 2.01288113417149E+03	 1.16190401427356E-01
 2.01288387207152E+03	 2.01921921401990E-01
 2.01288660997156E+03	 2.11509344172224E-01
 2.01288934787159E+03	 1.45645310698588E-01
 2.01289208577162E+03	 3.55269782374738E-02
 2.01289482367165E+03	-7.84149856386254E-02
 2.01289756157168E+03	-1.68760494543181E-01
 2.01290029947171E+03	-2.27142308120756E-01
 2.01290303737174E+03	-2.54738644257607E-01
 2.01290577527177E+03	-2.51983489371597E-01
 2.01290851317180E+03	-2.18393346777261E-01
 2.01291125107183E+03	-1.58565358440075E-01
 2.01291398897186E+03	-8.29458632372720E-02
 2.01291672687189E+03	-1.57155450718897E-04
 2.01291946477192E+03	 8.92422821469908E-02
 2.01292220267195E+03	 1.86830062648627E-01
 2.01292494057199E+03	 2.81860383825234E-01
 2.01292767847202E+03	 3.45127715637610E-01
 2.01293041637205E+03	 3.42654163872164E-01
 2.01293315427208E+03	 2.60356175851467E-01
 2.01293589217211E+03	 1.17891867485793E-01
 2.01293863007214E+03	-4.05996087834759E-02
 2.01294136797217E+03	-1.69599955411009E-01
 2.01294410587220E+03	-2.39673811593240E-01
 2.01294684377223E+03	-2.40079816487290E-01
 2.01294958167226E+03	-1.74038074865726E-01
 2.01295231957229E+03	-5.80075975477733E-02
 2.01295505747232E+03	 7.52065092840760E-02
 2.01295779537235E+03	 1.80628082446856E-01
 2.01296053327239E+03	 2.18900948054358E-01
 2.01296327117242E+03	 1.77698741146976E-01
 2.01296600907245E+03	 7.83580460096899E-02
 2.01296874697248E+03	-3.93267272327827E-02
 2.01297148487251E+03	-1.41203688190822E-01
 2.01297422277254E+03	-2.11888008008018E-01
 2.01297696067257E+03	-2.50126333344950E-01
 2.01297969857260E+03	-2.57281709959103E-01
 2.01298243647263E+03	-2.33066032153990E-01
 2.01298517437266E+03	-1.80272140964762E-01
 2.01298791227269E+03	-1.08350033430231E-01
 2.01299065017272E+03	-2.81941050998314E-02
 2.01299338807275E+03	 5.63354710455936E-02
 2.01299612597279E+03	 1.47750448742649E-01
 2.01299886387282E+03	 2.42270182260170E-01
 2.01300160177285E+03	 3.18356162305820E-01
 2.01300433967288E+03	 3.42341629796785E-01
 2.01300707757291E+03	 2.90628675110985E-01
 2.01300981547294E+03	 1.69667342433604E-01
 2.01301255337297E+03	 1.56638563843686E-02
 2.01301529127300E+03	-1.24867273935862E-01
 2.01301802917303E+03	-2.16139493989788E-01
 2.01302076707306E+03	-2.41107903717374E-01
 2.01302350497309E+03	-1.98205617067832E-01
 2.01302624287312E+03	-9.84976157919853E-02
 2.01302898077315E+03	 3.17358387798200E-02
 2.01303171867318E+03	 1.51132549959021E-01
 2.01303445657322E+03	 2.16052972738536E-01
 2.01303719447325E+03	 2.02438973163021E-01
 2.01303993237328E+03	 1.19656670552551E-01
 2.01304267027331E+03	 3.14327303441257E-03
 2.01304540817334E+03	-1.08412278884335E-01
 2.01304814607337E+03	-1.91964270817673E-01
 2.01305088397340E+03	-2.41870842794364E-01
 2.01305362187343E+03	-2.59447348641976E-01
 2.01305635977346E+03	-2.45104497887196E-01
 2.01305909767349E+03	-2.00349661241511E-01
 2.01306183557352E+03	-1.32924842392250E-01
 2.01306457347355E+03	-5.48268618159651E-02
 2.01306731137358E+03	 2.64637692700605E-02
 2.01307004927362E+03	 1.12072147797281E-01
 2.01307278717365E+03	 2.02961583055606E-01
 2.01307552507368E+03	 2.85851147869124E-01
 2.01307826297371E+03	 3.30975348343200E-01
 2.01308100087374E+03	 3.08910209777528E-01
 2.01308373877377E+03	 2.13553872041680E-01
 2.01308647667380E+03	 7.05616414448717E-02
 2.01308921457383E+03	-7.58614955971486E-02
 2.01309195247386E+03	-1.85090708760065E-01
 2.01309469037389E+03	-2.33480382441694E-01
 2.01309742827392E+03	-2.14320920820325E-01
 2.01310016617395E+03	-1.33801421687325E-01
 2.01310290407398E+03	-1.19173319675525E-02
 2.01310564197402E+03	 1.15278762864438E-01
 2.01310837987405E+03	 2.03164095183171E-01
 2.01311111777408E+03	 2.18283245840663E-01
 2.01311385567411E+03	 1.57168855957807E-01
 2.01311659357414E+03	 4.74665292343498E-02
 2.01311933147417E+03	-7.06464156739674E-02
 2.01312206937420E+03	-1.66866849184296E-01
 2.01312480727423E+03	-2.29463705434504E-01
 2.01312754517426E+03	-2.58203686167033E-01
 2.01313028307429E+03	-2.54229150945638E-01
 2.01313302097432E+03	-2.18449976777169E-01
 2.01313575887435E+03	-1.56644047798499E-01
 2.01313849677438E+03	-8.06730209343397E-02
 2.01314123467442E+03	-1.18581671172110E-03
 2.01314397257445E+03	 7.98847711246163E-02
 2.01314671047448E+03	 1.65620920004038E-01
 2.01314944837451E+03	 2.50272904242204E-01
 2.01315218627454E+03	 3.10563209066182E-01
 2.01315492417457E+03	 3.15264497795549E-01
 2.01315766207460E+03	 2.47746221074562E-01
 2.01316039997463E+03	 1.21607131491307E-01
 2.01316313787466E+03	-2.45827410269835E-02
 2.01316587577469E+03	-1.47661793542089E-01
 2.01316861367472E+03	-2.17630133276279E-01
 2.01317135157475E+03	-2.22132497789333E-01
 2.01317408947478E+03	-1.62711820747342E-01
 2.01317682737481E+03	-5.36361292020541E-02
 2.01317956527485E+03	 7.52149342334622E-02
 2.01318230317488E+03	 1.81119461485910E-01
 2.01318504107491E+03	 2.24239752111278E-01
 2.01318777897494E+03	 1.88719161917631E-01
 2.01319051687497E+03	 9.17096690150275E-02
 2.01319325477500E+03	-2.86509175138116E-02
 2.01319599267503E+03	-1.36304067125617E-01
 2.01319873057506E+03	-2.12338290763217E-01
 2.01320146847509E+03	-2.53178933988541E-01
 2.01320420637512E+03	-2.60152044628578E-01
 2.01320694427515E+03	-2.34183632213086E-01
 2.01320968217518E+03	-1.79270663651332E-01
 2.01321242007521E+03	-1.06102151847094E-01
 2.01321515797525E+03	-2.74836004129562E-02
 2.01321789587528E+03	 5.07566129687207E-02
 2.01322063377531E+03	 1.31256591985158E-01
 2.01322337167534E+03	 2.14009388437285E-01
 2.01322610957537E+03	 2.83532209488746E-01
 2.01322884747540E+03	 3.10588210690633E-01
 2.01323158537543E+03	 2.71113364636147E-01
 2.01323432327546E+03	 1.66484965216296E-01
 2.01323706117549E+03	 2.67479755513525E-02
 2.01323979907552E+03	-1.05286295419602E-01
 2.01324253697555E+03	-1.94230730888454E-01
 2.01324527487558E+03	-2.21675807627426E-01
 2.01324801277561E+03	-1.84421052425604E-01
 2.01325075067565E+03	-9.16116284178444E-02
 2.01325348857568E+03	 3.31972486586746E-02
 2.01325622647571E+03	 1.51384744998336E-01
 2.01325896437574E+03	 2.20000075474212E-01
 2.01326170227577E+03	 2.12425241251675E-01
 2.01326444017580E+03	 1.33684843681825E-01
 2.01326717807583E+03	 1.63246023348123E-02
 2.01326991597586E+03	-1.00321417477889E-01
 2.01327265387589E+03	-1.89957598566348E-01
 2.01327539177592E+03	-2.43902354782205E-01
 2.01327812967595E+03	-2.62552037445512E-01
 2.01328086757598E+03	-2.47153383447043E-01
 2.01328360547601E+03	-2.00415823866673E-01
 2.01328634337604E+03	-1.31203637039569E-01
 2.01328908127608E+03	-5.31915881961664E-02
 2.01329181917611E+03	 2.39101380931479E-02
 2.01329455707614E+03	 1.00199171576992E-01
 2.01329729497617E+03	 1.78955923438386E-01
 2.01330003287620E+03	 2.52451123623206E-01
 2.01330277077623E+03	 2.96495113302712E-01
 2.01330550867626E+03	 2.83307196312364E-01
 2.01330824657629E+03	 2.03252139344224E-01
 2.01331098447632E+03	 7.58134908848324E-02
 2.01331372237635E+03	-5.96859220353079E-02
 2.01331646027638E+03	-1.64207956388235E-01
 2.01331919817641E+03	-2.13235068682986E-01
 2.01332193607644E+03	-1.98483123076039E-01
 2.01332467397648E+03	-1.24411640530381E-01
 2.01332741187651E+03	-8.59251940709421E-03
 2.01333014977654E+03	 1.15848381973885E-01
 2.01333288767657E+03	 2.05956002420850E-01
 2.01333562557660E+03	 2.26884467177295E-01
 2.01333836347663E+03	 1.71142980792758E-01
 2.01334110137666E+03	 6.25710616893130E-02
 2.01334383927669E+03	-5.94011676075775E-02
 2.01334657717672E+03	-1.61927932387086E-01
 2.01334931507675E+03	-2.29832236662339E-01
 2.01335205297678E+03	-2.61047576994610E-01
 2.01335479087681E+03	-2.56965139830871E-01
 2.01335752877684E+03	-2.19602301004258E-01
 2.01336026667688E+03	-1.55802553238213E-01
 2.01336300457691E+03	-7.88423177023219E-02
 2.01336574247694E+03	-1.58163633667332E-03
 2.01336848037697E+03	 7.21880877833978E-02
 2.01337121827700E+03	 1.46373706629806E-01
 2.01337395617703E+03	 2.19750514141598E-01
 2.01337669407706E+03	 2.75119804669741E-01
 2.01337943197709E+03	 2.84788640347292E-01
 2.01338216987712E+03	 2.30520565604786E-01
 2.01338490777715E+03	 1.20364024791045E-01
 2.01338764567718E+03	-1.28224420260316E-02
 2.01339038357721E+03	-1.28753735396668E-01
 2.01339312147724E+03	-1.97323639382880E-01
 2.01339585937727E+03	-2.04763511864421E-01
 2.01339859727731E+03	-1.51000574971124E-01
 2.01340133517734E+03	-4.81949137844443E-02
 2.01340407307737E+03	 7.66357612470628E-02
 2.01340681097740E+03	 1.83141967930347E-01
 2.01340954887743E+03	 2.31308840961879E-01
 2.01341228677746E+03	 2.01985624643686E-01
 2.01341502467749E+03	 1.08029838812122E-01
 2.01341776257752E+03	-1.45172950272430E-02
 2.01342050047755E+03	-1.28122255259454E-01
 2.01342323837758E+03	-2.10419270379225E-01
 2.01342597627761E+03	-2.55181051006312E-01
 2.01342871417764E+03	-2.63218630759068E-01
 2.01343145207767E+03	-2.36317656904218E-01
 2.01343418997771E+03	-1.79510181868210E-01
 2.01343692787774E+03	-1.04672462613634E-01
 2.01343966577777E+03	-2.66079199132366E-02
 2.01344240367780E+03	 4.65249561413923E-02
 2.01344514157783E+03	 1.16840807338154E-01
 2.01344787947786E+03	 1.87476569310748E-01
 2.01345061737789E+03	 2.48865964694771E-01
 2.01345335527792E+03	 2.76763226821578E-01
 2.01345609317795E+03	 2.47593326112508E-01
 2.01345883107798E+03	 1.58402072483826E-01
 2.01346156897801E+03	 3.31938301614761E-02
 2.01346430687804E+03	-8.93275830395623E-02
 2.01346704477807E+03	-1.74682220749689E-01
 2.01346978267811E+03	-2.03391562185324E-01
 2.01347252057814E+03	-1.70720685083978E-01
 2.01347525847817E+03	-8.39739800854234E-02
 2.01347799637820E+03	 3.59208518928280E-02
 2.01348073427823E+03	 1.53114620648794E-01
 2.01348347217826E+03	 2.25592064480110E-01
 2.01348621007829E+03	 2.24467999677211E-01
 2.01348894797832E+03	 1.50456513373132E-01
 2.01349168587835E+03	 3.28682998209955E-02
 2.01349442377838E+03	-8.87929915837464E-02
 2.01349716167841E+03	-1.85201254019039E-01
 2.01349989957844E+03	-2.44427150380914E-01
 2.01350263747847E+03	-2.65486519847252E-01
 2.01350537537851E+03	-2.50047345839321E-01
 2.01350811327854E+03	-2.01791825608479E-01
 2.01351085117857E+03	-1.30611161770654E-01
 2.01351358907860E+03	-5.18673023280710E-02
 2.01351632697863E+03	 2.22656992815014E-02
 2.01351906487866E+03	 9.02954535781093E-02
 2.01352180277869E+03	 1.57109629252952E-01
 2.01352454067872E+03	 2.20132200707296E-01
 2.01352727857875E+03	 2.61031237337110E-01
 2.01353001647878E+03	 2.54531638625028E-01
 2.01353275437881E+03	 1.88364674239239E-01
 2.01353549227884E+03	 7.62366812773613E-02
 2.01353823017887E+03	-4.76312966882356E-02
 2.01354096807890E+03	-1.46287308343085E-01
 2.01354370597894E+03	-1.94726332722186E-01
 2.01354644387897E+03	-1.83249560729406E-01
 2.01354918177900E+03	-1.14668407846592E-01
 2.01355191967903E+03	-4.24164272014354E-03
 2.01355465757906E+03	 1.17788925949720E-01
 2.01355739547909E+03	 2.10302600777342E-01
 2.01356013337912E+03	 2.37367043431859E-01
 2.01356287127915E+03	 1.87619118391849E-01
 2.01356560917918E+03	 8.08740168539358E-02
 2.01356834707921E+03	-4.46534544921765E-02
 2.01357108497924E+03	-1.53917596466552E-01
 2.01357382287927E+03	-2.28233139080536E-01
 2.01357656077930E+03	-2.63294624070554E-01
 2.01357929867934E+03	-2.60285065578256E-01
 2.01358203657937E+03	-2.22034570254441E-01
 2.01358477447940E+03	-1.56313926837036E-01
 2.01358751237943E+03	-7.77660828913262E-02
 2.01359025027946E+03	-1.57945681373587E-03
 2.01359298817949E+03	 6.61582791971163E-02
 2.01359572607952E+03	 1.29468117396165E-01
 2.01359846397955E+03	 1.91051757221426E-01
 2.01360120187958E+03	 2.39770211736532E-01
 2.01360393977961E+03	 2.52138483189654E-01
 2.01360667767964E+03	 2.09276360857290E-01
 2.01360941557967E+03	 1.14326380708019E-01
 2.01361215347970E+03	-5.54686946663535E-03
 2.01361489137974E+03	-1.13357560432276E-01
 2.01361762927977E+03	-1.79340165497844E-01
 2.01362036717980E+03	-1.88549815994559E-01
 2.01362310507983E+03	-1.39397728318432E-01
 2.01362584297986E+03	-4.20463289160774E-02
 2.01362858087989E+03	 7.92546827732094E-02
 2.01363131877992E+03	 1.86607065166510E-01
 2.01363405667995E+03	 2.40093280912338E-01
 2.01363679457998E+03	 2.17505968855573E-01
 2.01363953248001E+03	 1.27327234559470E-01
 2.01364227038004E+03	 3.08978939490089E-03
 2.01364500828007E+03	-1.16626291126930E-01
 2.01364774618010E+03	-2.06092201034484E-01
 2.01365048408013E+03	-2.56116728924208E-01
 2.01365322198017E+03	-2.66524701607646E-01
 2.01365595988020E+03	-2.39601112238631E-01
 2.01365869778023E+03	-1.81226646324653E-01
 2.01366143568026E+03	-1.04374302671154E-01
 2.01366417358029E+03	-2.58670210805984E-02
 2.01366691148032E+03	 4.35098288077889E-02
 2.01366964938035E+03	 1.04705622058817E-01
 2.01367238728038E+03	 1.63279991860291E-01
 2.01367512518041E+03	 2.15277824607171E-01
 2.01367786308044E+03	 2.41856585656031E-01
 2.01368060098047E+03	 2.20847902684518E-01
 2.01368333888050E+03	 1.45802603315115E-01
 2.01368607678053E+03	 3.49653683467268E-02
 2.01368881468057E+03	-7.73440811364307E-02
 2.01369155258060E+03	-1.58017225140133E-01
 2.01369429048063E+03	-1.86824568207561E-01
 2.01369702838066E+03	-1.57635085946880E-01
 2.01369976628069E+03	-7.60200826259218E-02
 2.01370250418072E+03	 3.95977803606737E-02
 2.01370524208075E+03	 1.56137675041351E-01
 2.01370797998078E+03	 2.32733667463973E-01
 2.01371071788081E+03	 2.38516321916107E-01
 2.01371345578084E+03	 1.69940032544230E-01
 2.01371619368087E+03	 5.27648669067946E-02
 2.01371893158090E+03	-7.38030829854866E-02
 2.01372166948093E+03	-1.77643448926501E-01
 2.01372440738097E+03	-2.43395035753289E-01
 2.01372714528100E+03	-2.68243840696246E-01
 2.01372988318103E+03	-2.53861834703748E-01
 2.01373262108106E+03	-2.04661553783961E-01
 2.01373535898109E+03	-1.31435787761957E-01
 2.01373809688112E+03	-5.11848229578060E-02
 2.01374083478115E+03	 2.12935292542321E-02
 2.01374357268118E+03	 8.23952179506798E-02
 2.01374631058121E+03	 1.37856043917684E-01
 2.01374904848124E+03	 1.89709188294084E-01
 2.01375178638127E+03	 2.25591102926632E-01
 2.01375452428130E+03	 2.23502269337019E-01
 2.01375726218133E+03	 1.69483814001170E-01
 2.01376000008136E+03	 7.20028713428554E-02
 2.01376273798140E+03	-3.98924625006142E-02
 2.01376547588143E+03	-1.31758310247491E-01
 2.01376821378146E+03	-1.78487268699078E-01
 2.01377095168149E+03	-1.69161509031931E-01
 2.01377368958152E+03	-1.05057257182749E-01
 2.01377642748155E+03	 7.47142478349331E-04
 2.01377916538158E+03	 1.20824266908997E-01
 2.01378190328161E+03	 2.16022515183080E-01
 2.01378464118164E+03	 2.49609432918513E-01
 2.01378737908167E+03	 2.06510976844883E-01
 2.01379011698170E+03	 1.02325372256752E-01
 2.01379285488173E+03	-2.64031493746847E-02
 2.01379559278176E+03	-1.42785234553123E-01
 2.01379833068180E+03	-2.24592005983920E-01
 2.01380106858183E+03	-2.64891849571230E-01
 2.01380380648186E+03	-2.64204516895711E-01
 2.01380654438189E+03	-2.25868240860680E-01
 2.01380928228192E+03	-1.58420142705109E-01
 2.01381202018195E+03	-7.77732570268786E-02
 2.01381475808198E+03	-1.48672067588993E-03
 2.01381749598201E+03	 6.16829770906024E-02
 2.01382023388204E+03	 1.15153787424524E-01
 2.01382297178207E+03	 1.64843500881348E-01
 2.01382570968210E+03	 2.05478819733670E-01
 2.01382844758213E+03	 2.18319046778664E-01
 2.01383118548216E+03	 1.84788153030843E-01
 2.01383392338220E+03	 1.03877449384997E-01
 2.01383666128223E+03	-2.76945887479104E-03
 2.01383939918226E+03	-1.01779634501380E-01
 2.01384213708229E+03	-1.64147951989739E-01
 2.01384487498232E+03	-1.74016610217059E-01
 2.01384761288235E+03	-1.28414129984085E-01
 2.01385035078238E+03	-3.56380699509871E-02
 2.01385308868241E+03	 8.27145905171726E-02
 2.01385582658244E+03	 1.91247681815162E-01
 2.01385856448247E+03	 2.50393600919148E-01
 2.01386130238250E+03	 2.35127560269906E-01
 2.01386404028253E+03	 1.49496892650223E-01
 2.01386677818256E+03	 2.41301886531853E-02
 2.01386951608260E+03	-1.01783505820119E-01
 2.01387225398263E+03	-1.99272318765507E-01
 2.01387499188266E+03	-2.55895314399506E-01
 2.01387772978269E+03	-2.70027834668267E-01
 2.01388046768272E+03	-2.44087313345472E-01
 2.01388320558275E+03	-1.84599456687545E-01
 2.01388594348278E+03	-1.05505717968317E-01
 2.01388868138281E+03	-2.56013415906001E-02
 2.01389141928284E+03	 4.14838730196316E-02
 2.01389415718287E+03	 9.49238458354482E-02
 2.01389689508290E+03	 1.41910481768522E-01
 2.01389963298293E+03	 1.83634022039049E-01
 2.01390237088296E+03	 2.06900402930524E-01
 2.01390510878299E+03	 1.91794379435722E-01
 2.01390784668303E+03	 1.29272033973649E-01
 2.01391058458306E+03	 3.22455283357323E-02
 2.01391332248309E+03	-6.94928193449969E-02
 2.01391606038312E+03	-1.44611494340679E-01
 2.01391879828315E+03	-1.72457527647331E-01
 2.01392153618318E+03	-1.45674971654700E-01
 2.01392427408321E+03	-6.82344855967092E-02
 2.01392701198324E+03	 4.38058907164063E-02
 2.01392974988327E+03	 1.60107712671631E-01
 2.01393248778330E+03	 2.41145520589641E-01
 2.01393522568333E+03	 2.54343360689171E-01
 2.01393796358336E+03	 1.91963378503671E-01
 2.01394070148339E+03	 7.59180114351461E-02
 2.01394343938343E+03	-5.53551562059234E-02
 2.01394617728346E+03	-1.67206221791387E-01
 2.01394891518349E+03	-2.40690234830909E-01
 2.01395165308352E+03	-2.70729717208294E-01
 2.01395439098355E+03	-2.58580949628940E-01
 2.01395712888358E+03	-2.09131178412744E-01
 2.01395986678361E+03	-1.33920920604233E-01
 2.01396260468364E+03	-5.14814530496836E-02
 2.01396534258367E+03	 2.06891796156501E-02
 2.01396808048370E+03	 7.64153238381127E-02
 2.01397081838373E+03	 1.21497963620261E-01
 2.01397355628376E+03	 1.61905035584063E-01
 2.01397629418379E+03	 1.91173605645256E-01
 2.01397903208383E+03	 1.91228952012298E-01
 2.01398176998386E+03	 1.47374181142860E-01
 2.01398450788389E+03	 6.34958597650441E-02
 2.01398724578392E+03	-3.64561876186339E-02
 2.01398998368395E+03	-1.20878442624035E-01
 2.01399272158398E+03	-1.64932552399316E-01
 2.01399545948401E+03	-1.56704438522699E-01
 2.01399819738404E+03	-9.60754689521637E-02
 2.01400093528407E+03	 5.90655077099493E-03
 2.01400367318410E+03	 1.24541273328811E-01
 2.01400641108413E+03	 2.22760212989307E-01
 2.01400914898416E+03	 2.63307440129196E-01
 2.01401188688419E+03	 2.27570877142496E-01
 2.01401462478422E+03	 1.26758845003336E-01
 2.01401736268426E+03	-4.70811941647579E-03
 2.01402010058429E+03	-1.28479241128949E-01
 2.01402283848432E+03	-2.18784442298906E-01
 2.01402557638435E+03	-2.65703651549880E-01
 2.01402831428438E+03	-2.68641908001647E-01
 2.01403105218441E+03	-2.31131091962821E-01
 2.01403379008444E+03	-1.62292380181026E-01
 2.01403652798447E+03	-7.91658891584030E-02
 2.01403926588450E+03	-1.64456751645112E-03
 2.01404200378453E+03	 5.85550732824676E-02
 2.01404474168456E+03	 1.03549835143560E-01
 2.01404747958459E+03	 1.41674037618467E-01
 2.01405021748462E+03	 1.73155075920060E-01
 2.01405295538466E+03	 1.84375726982087E-01
 2.01405569328469E+03	 1.57963715827843E-01
 2.01405843118472E+03	 8.95943335339859E-02
 2.01406116908475E+03	-4.29308246151363E-03
 2.01406390698478E+03	-9.41364948283558E-02
 2.01406664488481E+03	-1.52069559683839E-01
 2.01406938278484E+03	-1.61600047557222E-01
 2.01407212068487E+03	-1.18535546710543E-01
 2.01407485858490E+03	-2.94602407144175E-02
 2.01407759648493E+03	 8.65522157245449E-02
 2.01408033438496E+03	 1.96641355411575E-01
 2.01408307228499E+03	 2.61830369827546E-01
 2.01408581018502E+03	 2.54522961436997E-01
 2.01408854808506E+03	 1.74292061206930E-01
 2.01409128598509E+03	 4.84748176955797E-02
 2.01409402388512E+03	-8.35893244571214E-02
 2.01409676178515E+03	-1.89846445753652E-01
 2.01409949968518E+03	-2.54354754461306E-01
 2.01410223758521E+03	-2.73588866726140E-01
 2.01410497548524E+03	-2.49725792108571E-01
 2.01410771338527E+03	-1.89716459814943E-01
 2.01411045128530E+03	-1.08307283775682E-01
 2.01411318918533E+03	-2.61493991194343E-02
 2.01411592708536E+03	 4.01554068529793E-02
 2.01411866498539E+03	 8.74502508232701E-02
 2.01412140288542E+03	 1.23726363266442E-01
 2.01412414078545E+03	 1.54707301442940E-01
 2.01412687868549E+03	 1.72916351332272E-01
 2.01412961658552E+03	 1.61436901794429E-01
 2.01413235448555E+03	 1.09560493217298E-01
 2.01413509238558E+03	 2.54197393733919E-02
 2.01413783028561E+03	-6.57313520856909E-02
 2.01414056818564E+03	-1.34673503655372E-01
 2.01414330608567E+03	-1.60654754285295E-01
 2.01414604398570E+03	-1.35291269208321E-01
 2.01414878188573E+03	-6.11068576657934E-02
 2.01415151978576E+03	 4.80518619597224E-02
 2.01415425768579E+03	 1.64549443668229E-01
 2.01415699558582E+03	 2.50380378069727E-01
 2.01415973348585E+03	 2.71542936140557E-01
 2.01416247138589E+03	 2.16193352206009E-01
 2.01416520928592E+03	 1.02113612037332E-01
 2.01416794718595E+03	-3.35119124977657E-02
 2.01417068508598E+03	-1.53809763290844E-01
 2.01417342298601E+03	-2.36143118271049E-01
 2.01417616088604E+03	-2.72760040781568E-01
 2.01417889878607E+03	-2.64081183909056E-01
 2.01418163668610E+03	-2.15200486974921E-01
 2.01418437458613E+03	-1.38226460836261E-01
 2.01418711248616E+03	-5.30578980563358E-02
 2.01418985038619E+03	 2.01191475467597E-02
 2.01419258828622E+03	 7.21777890158185E-02
 2.01419532618625E+03	 1.08205169073416E-01
 2.01419806408629E+03	 1.37321525774459E-01
 2.01420080198632E+03	 1.58720305387991E-01
 2.01420353988635E+03	 1.58757994896721E-01
 2.01420627778638E+03	 1.22926385118963E-01
 2.01420901568641E+03	 5.12830349058424E-02
 2.01421175358644E+03	-3.71093434869334E-02
 2.01421449148647E+03	-1.13723144221723E-01
 2.01421722938650E+03	-1.54334105182057E-01
 2.01421996728653E+03	-1.46272769664904E-01
 2.01422270518656E+03	-8.81894256233736E-02
 2.01422544308659E+03	 1.07351016039011E-02
 2.01422818098662E+03	 1.28429746641478E-01
 2.01423091888665E+03	 2.30012964526796E-01
 2.01423365678669E+03	 2.77982478441672E-01
 2.01423639468672E+03	 2.50378491235878E-01
 2.01423913258675E+03	 1.53865857639079E-01
 2.01424187048678E+03	 2.02835532276358E-02
 2.01424460838681E+03	-1.10976241040711E-01
 2.01424734628684E+03	-2.10655451057231E-01
 2.01425008418687E+03	-2.65517967694527E-01
 2.01425282208690E+03	-2.73410732826182E-01
 2.01425555998693E+03	-2.37736146853837E-01
 2.01425829788696E+03	-1.67998100542989E-01
 2.01426103578699E+03	-8.21780701753539E-02
 2.01426377368702E+03	-2.38615850733077E-03
 2.01426651158705E+03	 5.65039790005485E-02
 2.01426924948708E+03	 9.46546763405975E-02
 2.01427198738712E+03	 1.21955642360988E-01
 2.01427472528715E+03	 1.43611830859305E-01
 2.01427746318718E+03	 1.51339659984705E-01
 2.01428020108721E+03	 1.29791014642185E-01
 2.01428293898724E+03	 7.22084903668295E-02
 2.01428567688727E+03	-9.73024369064319E-03
 2.01428841478730E+03	-9.03557575990498E-02
 2.01429115268733E+03	-1.43266387190975E-01
 2.01429389058736E+03	-1.51618518891676E-01
 2.01429662848739E+03	-1.10183687317449E-01
 2.01429936638742E+03	-2.40002447043528E-02
 2.01430210428745E+03	 9.02428688958949E-02
 2.01430484218748E+03	 2.02246298703410E-01
 2.01430758008752E+03	 2.73864002881283E-01
 2.01431031798755E+03	 2.75189704708033E-01
 2.01431305588758E+03	 2.01305793395480E-01
 2.01431579378761E+03	 7.58759446796542E-02
 2.01431853168764E+03	-6.20990833856316E-02
 2.01432126958767E+03	-1.77698686222962E-01
 2.01432400748770E+03	-2.51276004576997E-01
 2.01432674538773E+03	-2.76972930781765E-01
 2.01432948328776E+03	-2.56349659178316E-01
 2.01433222118779E+03	-1.96548210727000E-01
 2.01433495908782E+03	-1.12925461920822E-01
 2.01433769698785E+03	-2.78058896843127E-02
 2.01434043488788E+03	 3.92057156817038E-02
 2.01434317278792E+03	 8.21423528489436E-02
 2.01434591068795E+03	 1.08948690171364E-01
 2.01434864858798E+03	 1.29145231583284E-01
 2.01435138648801E+03	 1.40864769151184E-01
 2.01435412438804E+03	 1.30809970174584E-01
 2.01435686228807E+03	 8.75342413067963E-02
 2.01435960018810E+03	 1.50441389148550E-02
 2.01436233808813E+03	-6.58301847307962E-02
 2.01436507598816E+03	-1.28239014429333E-01
 2.01436781388819E+03	-1.51641548554118E-01
 2.01437055178822E+03	-1.26841836658691E-01
 2.01437328968825E+03	-5.50892477873089E-02
 2.01437602758828E+03	 5.18179927428604E-02
 2.01437876548831E+03	 1.68901403745853E-01
 2.01438150338835E+03	 2.59853464851762E-01
 2.01438424128838E+03	 2.89541005400981E-01
 2.01438697918841E+03	 2.42126911880728E-01
 2.01438971708844E+03	 1.30995361099947E-01
 2.01439245498847E+03	-8.42701459100723E-03
 2.01439519288850E+03	-1.37402532365791E-01
 2.01439793078853E+03	-2.29551912054921E-01
 2.01440066868856E+03	-2.74070530948263E-01
 2.01440340658859E+03	-2.70127669522376E-01
 2.01440614448862E+03	-2.22745449318393E-01
 2.01440888238865E+03	-1.44398582517462E-01
 2.01441162028868E+03	-5.61389674255464E-02
 2.01441435818871E+03	 1.92611530885580E-02
 2.01441709608875E+03	 6.94393680510315E-02
 2.01441983398878E+03	 9.80220500097587E-02
 2.01442257188881E+03	 1.16419455430292E-01
 2.01442530978884E+03	 1.29071678141285E-01
 2.01442804768887E+03	 1.27115786766866E-01
 2.01443078558890E+03	 9.71021295322890E-02
 2.01443352348893E+03	 3.60731948830797E-02
 2.01443626138896E+03	-4.14629086764621E-02
 2.01443899928899E+03	-1.10191226922484E-01
 2.01444173718902E+03	-1.46809805782942E-01
 2.01444447508905E+03	-1.38143996031670E-01
 2.01444721298908E+03	-8.17965382977696E-02
 2.01444995088911E+03	 1.47432188678187E-02
 2.01445268878915E+03	 1.31929534322487E-01
 2.01445542668918E+03	 2.37169976468941E-01
 2.01445816458921E+03	 2.93004503903012E-01
 2.01446090248924E+03	 2.74343327156849E-01
 2.01446364038927E+03	 1.83179086762967E-01
 2.01446637828930E+03	 4.83047791936627E-02
 2.01446911618933E+03	-9.03132812422818E-02
 2.01447185408936E+03	-2.00046975270618E-01
 2.01447459198939E+03	-2.64063914702957E-01
 2.01447732988942E+03	-2.78224715135722E-01
 2.01448006778945E+03	-2.45473203075515E-01
 2.01448280568948E+03	-1.75478757041076E-01
 2.01448554358951E+03	-8.69417271023213E-02
 2.01448828148954E+03	-3.99653121090934E-03
 2.01449101938958E+03	 5.52312006098292E-02
 2.01449375728961E+03	 8.83647223545982E-02
 2.01449649518964E+03	 1.05957476667388E-01
 2.01449923308967E+03	 1.17531527093355E-01
 2.01450197098970E+03	 1.20175152576205E-01
 2.01450470888973E+03	 1.01280156269114E-01
 2.01450744678976E+03	 5.25551060555511E-02
 2.01451018468979E+03	-1.85380643226847E-02
 2.01451292258982E+03	-9.01927411304040E-02
 2.01451566048985E+03	-1.37737616692630E-01
 2.01451839838988E+03	-1.44255532863946E-01
 2.01452113628991E+03	-1.03684750654969E-01
 2.01452387418994E+03	-1.96999725031401E-02
 2.01452661208998E+03	 9.32488928796092E-02
 2.01452934999001E+03	 2.07446942678135E-01
 2.01453208789004E+03	 2.85828056561879E-01
 2.01453482579007E+03	 2.96464501410782E-01
 2.01453756369010E+03	 2.29964435408494E-01
 2.01454030159013E+03	 1.05944111352940E-01
 2.01454303949016E+03	-3.74596321244645E-02
 2.01454577739019E+03	-1.62741845062254E-01
 2.01454851529022E+03	-2.46407540623624E-01
 2.01455125319025E+03	-2.79863101784843E-01
 2.01455399109028E+03	-2.63676308269211E-01
 2.01455672899031E+03	-2.04934603491091E-01
 2.01455946689034E+03	-1.19385500298715E-01
 2.01456220479038E+03	-3.07846177081252E-02
 2.01456494269041E+03	 3.83274662896876E-02
 2.01456768059044E+03	 7.87879741501373E-02
 2.01457041849047E+03	 9.76666245648091E-02
 2.01457315639050E+03	 1.07448260163524E-01
 2.01457589429053E+03	 1.11599254589090E-01
 2.01457863219056E+03	 1.00920772845732E-01
 2.01458137009059E+03	 6.41192196284403E-02
 2.01458410799062E+03	 1.80089573713921E-03
 2.01458684589065E+03	-6.94004210343716E-02
 2.01458958379068E+03	-1.25180756912177E-01
 2.01459232169071E+03	-1.45496816749554E-01
 2.01459505959074E+03	-1.20568194443510E-01
 2.01459779749078E+03	-5.05588402666447E-02
 2.01460053539081E+03	 5.46091648591965E-02
 2.01460327329084E+03	 1.72565136736518E-01
 2.01460601119087E+03	 2.68884260518369E-01
 2.01460874909090E+03	 3.07621271625365E-01
 2.01461148699093E+03	 2.69095935215479E-01
 2.01461422489096E+03	 1.62049879436546E-01
 2.01461696279099E+03	 1.96266910479786E-02
 2.01461970069102E+03	-1.17994189788584E-01
 2.01462243859105E+03	-2.20712498040788E-01
 2.01462517649108E+03	-2.74338030909648E-01
 2.01462791439111E+03	-2.76383826602556E-01
 2.01463065229114E+03	-2.31514240779598E-01
 2.01463339019117E+03	-1.52351190919240E-01
 2.01463612809121E+03	-6.08421386950964E-02
 2.01463886599124E+03	 1.78421601811933E-02
 2.01464160389127E+03	 6.79251132140448E-02
 2.01464434179130E+03	 9.08841450315785E-02
 2.01464707969133E+03	 9.95094438405340E-02
 2.01464981759136E+03	 1.02931652084529E-01
 2.01465255549139E+03	 9.72550900301995E-02
 2.01465529339142E+03	 7.08750819539542E-02
 2.01465803129145E+03	 1.86641620199464E-02
 2.01466076919148E+03	-4.89898621247880E-02
 2.01466350709151E+03	-1.10025354593442E-01
 2.01466624499154E+03	-1.42326444024158E-01
 2.01466898289157E+03	-1.32464740405735E-01
 2.01467172079161E+03	-7.71954436665959E-02
 2.01467445869164E+03	 1.74960863244078E-02
 2.01467719659167E+03	 1.34480407638346E-01
 2.01467993449170E+03	 2.43560190751815E-01
 2.01468267239173E+03	 3.07627828595467E-01
 2.01468541029176E+03	 2.98721255976927E-01
 2.01468814819179E+03	 2.14067732802431E-01
 2.01469088609182E+03	 7.89473329528910E-02
 2.01469362399185E+03	-6.66196433525211E-02
 2.01469636189188E+03	-1.86830969587999E-01
 2.01469909979191E+03	-2.61039453485088E-01
 2.01470183769194E+03	-2.82715752182029E-01
 2.01470457559197E+03	-2.54014228001240E-01
 2.01470731349201E+03	-1.84540674555681E-01
 2.01471005139204E+03	-9.34628440152697E-02
 2.01471278929207E+03	-6.67800920626364E-03
 2.01471552719210E+03	 5.44466551329951E-02
 2.01471826509213E+03	 8.44998532696183E-02
 2.01472100299216E+03	 9.38089253869555E-02
 2.01472374089219E+03	 9.54426037546157E-02
 2.01472647879222E+03	 9.17332345590948E-02
 2.01472921669225E+03	 7.34050214382442E-02
 2.01473195459228E+03	 3.15155920120560E-02
 2.01473469249231E+03	-3.00650187779976E-02
 2.01473743039234E+03	-9.32613048330070E-02
 2.01474016829237E+03	-1.35333691627094E-01
 2.01474290619240E+03	-1.39555811584247E-01
 2.01474564409244E+03	-9.92484750107557E-02
 2.01474838199247E+03	-1.69193075532170E-02
 2.01475111989250E+03	 9.50673505333458E-02
 2.01475385779253E+03	 2.11604887554716E-01
 2.01475659569256E+03	 2.96973282224493E-01
 2.01475933359259E+03	 3.17551127500346E-01
 2.01476207149262E+03	 2.59534308101306E-01
 2.01476480939265E+03	 1.38134502591091E-01
 2.01476754729268E+03	-9.93728885834250E-03
 2.01477028519271E+03	-1.44951401496908E-01
 2.01477302309274E+03	-2.39497698965173E-01
 2.01477576099277E+03	-2.81885579316946E-01
 2.01477849889280E+03	-2.71321711340131E-01
 2.01478123679284E+03	-2.14585463272204E-01
 2.01478397469287E+03	-1.27576708805902E-01
 2.01478671259290E+03	-3.51899529021604E-02
 2.01478945049293E+03	 3.72604573786931E-02
 2.01479218839296E+03	 7.71367415573372E-02
 2.01479492629299E+03	 8.98519990584670E-02
 2.01479766419302E+03	 8.99588827219870E-02
 2.01480040209305E+03	 8.58302009011542E-02
 2.01480313999308E+03	 7.26950467527199E-02
 2.01480587789311E+03	 4.02414889254344E-02
 2.01480861579314E+03	-1.35553516646837E-02
 2.01481135369317E+03	-7.59339940522942E-02
 2.01481409159320E+03	-1.25232193595989E-01
 2.01481682949324E+03	-1.42159499815733E-01
 2.01481956739327E+03	-1.16584353738090E-01
 2.01482230529330E+03	-4.77896070643160E-02
 2.01482504319333E+03	 5.59957072467424E-02
 2.01482778109336E+03	 1.74956282156865E-01
 2.01483051899339E+03	 2.76746230852860E-01
 2.01483325689342E+03	 3.24963151363961E-01
 2.01483599479345E+03	 2.96285723554263E-01
 2.01483873269348E+03	 1.94603467147995E-01
 2.01484147059351E+03	 5.02357171997365E-02
 2.01484420849354E+03	-9.56878738352279E-02
 2.01484694639357E+03	-2.09453361050426E-01
 2.01484968429360E+03	-2.73211489490637E-01
 2.01485242219363E+03	-2.82433674664478E-01
 2.01485516009367E+03	-2.41137309109176E-01
 2.01485789799370E+03	-1.61861000468539E-01
 2.01486063589373E+03	-6.71570894391483E-02
 2.01486337379376E+03	 1.56704504764483E-02
 2.01486611169379E+03	 6.73625946184378E-02
 2.01486884959382E+03	 8.66416967287427E-02
 2.01487158749385E+03	 8.67536519312249E-02
 2.01487432539388E+03	 8.08430166791011E-02
 2.01487706329391E+03	 7.00083215270759E-02
 2.01487980119394E+03	 4.51725711818935E-02
 2.01488253909397E+03	-1.15056516716570E-04
 2.01488527699400E+03	-5.90732907148052E-02
 2.01488801489403E+03	-1.12845403549963E-01
 2.01489075279407E+03	-1.40716361751945E-01
 2.01489349069410E+03	-1.29249812296086E-01
 2.01489622859413E+03	-7.45670574038424E-02
 2.01489896649416E+03	 1.86494719837577E-02
 2.01490170439419E+03	 1.35570358409957E-01
 2.01490444229422E+03	 2.48504752638329E-01
 2.01490718019425E+03	 3.21037125361324E-01
 2.01490991809428E+03	 3.22644360050052E-01
 2.01491265599431E+03	 2.45745830303016E-01
 2.01491539389434E+03	 1.11649218412512E-01
 2.01491813179437E+03	-4.01447487445093E-02
 2.01492086969440E+03	-1.70944589776150E-01
 2.01492360759443E+03	-2.56146375436181E-01
 2.01492634549447E+03	-2.86462987636337E-01
 2.01492908339450E+03	-2.62932196996380E-01
 2.01493182129453E+03	-1.94860053144527E-01
 2.01493455919456E+03	-1.01610416806867E-01
 2.01493729709459E+03	-1.05244650416669E-02
 2.01494003499462E+03	 5.39022288710142E-02
 2.01494277289465E+03	 8.28330346559765E-02
 2.01494551079468E+03	 8.55125768950840E-02
 2.01494824869471E+03	 7.77076590128299E-02
 2.01495098659474E+03	 6.67149909282659E-02
 2.01495372449477E+03	 4.70495415039728E-02
 2.01495646239480E+03	 9.95841983194427E-03
 2.01495920029483E+03	-4.36048789871114E-02
 2.01496193819487E+03	-9.90756525015712E-02
 2.01496467609490E+03	-1.35782640821088E-01
 2.01496741399493E+03	-1.37434576543292E-01
 2.01497015189496E+03	-9.69593078049782E-02
 2.01497288979499E+03	-1.59090313526920E-02
 2.01497562769502E+03	 9.52728874116030E-02
 2.01497836559505E+03	 2.14111031063348E-01
 2.01498110349508E+03	 3.06519030340933E-01
 2.01498384139511E+03	 3.37560269151801E-01
 2.01498657929514E+03	 2.89141921086564E-01
 2.01498931719517E+03	 1.71744938589609E-01
 2.01499205509520E+03	 2.00611819512040E-02
 2.01499479299523E+03	-1.24398388493053E-01
 2.01499753089526E+03	-2.30331560500680E-01
 2.01500026879530E+03	-2.82643934430029E-01
 2.01500300669533E+03	-2.78826925648306E-01
 2.01500574459536E+03	-2.25095034615309E-01
 2.01500848249539E+03	-1.37251478680868E-01
 2.01501122039542E+03	-4.09994600476361E-02
 2.01501395829545E+03	 3.58213497968457E-02
 2.01501669619548E+03	 7.69324266934054E-02
 2.01501943409551E+03	 8.53813310275623E-02
 2.01502217199554E+03	 7.68623448078075E-02
 2.01502490989557E+03	 6.41000019321037E-02
 2.01502764779560E+03	 4.69309800503005E-02
 2.01503038569563E+03	 1.67699023779671E-02
 2.01503312359566E+03	-3.02547847593509E-02
 2.01503586149570E+03	-8.48522939935456E-02
 2.01503859939573E+03	-1.28022594115283E-01
 2.01504133729576E+03	-1.41447667772869E-01
 2.01504407519579E+03	-1.14878297341580E-01
 2.01504681309582E+03	-4.69350442139461E-02
 2.01504955099585E+03	 5.56486496396303E-02
 2.01505228889588E+03	 1.75553396419657E-01
 2.01505502679591E+03	 2.82720623568659E-01
 2.01505776469594E+03	 3.40689506085155E-01
 2.01506050259597E+03	 3.22766580363900E-01
 2.01506324049600E+03	 2.27831828522654E-01
 2.01506597839603E+03	 8.28341230390714E-02
 2.01506871629606E+03	-7.07081742899442E-02
 2.01507145419610E+03	-1.95672023163732E-01
 2.01507419209613E+03	-2.70349499146243E-01
 2.01507692999616E+03	-2.87814569357318E-01
 2.01507966789619E+03	-2.51150430739434E-01
 2.01508240579622E+03	-1.72576589470978E-01
 2.01508514369625E+03	-7.49380009171265E-02
 2.01508788159628E+03	 1.26588302221256E-02
 2.01509061949631E+03	 6.75135396188872E-02
 2.01509335739634E+03	 8.50877644519557E-02
 2.01509609529637E+03	 7.81777446408562E-02
 2.01509883319640E+03	 6.31753399284908E-02
 2.01510157109643E+03	 4.60515828133380E-02
 2.01510430899646E+03	 2.08232412553109E-02
 2.01510704689649E+03	-1.94620784818881E-02
 2.01510978479653E+03	-7.10597889482781E-02
 2.01511252269656E+03	-1.18190959252555E-01
 2.01511526059659E+03	-1.41705550260944E-01
 2.01511799849662E+03	-1.28393719162692E-01
 2.01512073639665E+03	-7.39676588561134E-02
 2.01512347429668E+03	 1.79757746752982E-02
 2.01512621219671E+03	 1.34778468526630E-01
 2.01512895009674E+03	 2.51370069295931E-01
 2.01513168799677E+03	 3.32400343582261E-01
 2.01513442589680E+03	 3.45162469644040E-01
 2.01513716379683E+03	 2.77293988891480E-01
 2.01513990169686E+03	 1.45693743785489E-01
 2.01514263959689E+03	-1.12787630354429E-02
 2.01514537749693E+03	-1.52423684901171E-01
 2.01514811539696E+03	-2.49128999587729E-01
 2.01515085329699E+03	-2.89030056176985E-01
 2.01515359119702E+03	-2.71731414154708E-01
 2.01515632909705E+03	-2.06001433975561E-01
 2.01515906699708E+03	-1.11118981527852E-01
 2.01516180489711E+03	-1.55066730840321E-02
 2.01516454279714E+03	 5.34195099205598E-02
 2.01516728069717E+03	 8.31211771160879E-02
 2.01517001859720E+03	 8.09652310883875E-02
 2.01517275649723E+03	 6.45238507684413E-02
 2.01517549439726E+03	 4.56474418603304E-02
 2.01517823229729E+03	 2.29632005660158E-02
 2.01518097019733E+03	-1.13162232183810E-02
 2.01518370809736E+03	-5.84524667465259E-02
 2.01518644599739E+03	-1.07098542312417E-01
 2.01518918389742E+03	-1.38726018435715E-01
 2.01519192179745E+03	-1.37698389213683E-01
 2.01519465969748E+03	-9.67797929360323E-02
 2.01519739759751E+03	-1.67949459263604E-02
 2.01520013549754E+03	 9.35525181163028E-02
 2.01520287339757E+03	 2.14434890592095E-01
 2.01520561129760E+03	 3.13708283366598E-01
 2.01520834919763E+03	 3.55558848029057E-01
 2.01521108709766E+03	 3.17807133278926E-01
 2.01521382499769E+03	 2.05926873238410E-01
 2.01521656289772E+03	 5.19774799950482E-02
 2.01521930079776E+03	-1.01277436963241E-01
 2.01522203869779E+03	-2.18768489378233E-01
 2.01522477659782E+03	-2.81758905239993E-01
 2.01522751449785E+03	-2.85694071686103E-01
 2.01523025239788E+03	-2.35968752911350E-01
 2.01523299029791E+03	-1.48037874459249E-01
 2.01523572819794E+03	-4.80590840220278E-02
 2.01523846609797E+03	 3.39247702694597E-02
 2.01524120399800E+03	 7.79431047208208E-02
 2.01524394189803E+03	 8.40629512320052E-02
 2.01524667979806E+03	 6.81982524482453E-02
 2.01524941769809E+03	 4.67715567496595E-02
 2.01525215559812E+03	 2.42649033453402E-02
 2.01525489349816E+03	-5.53383662021192E-03
 2.01525763139819E+03	-4.75678323201396E-02
 2.01526036929822E+03	-9.55580414808673E-02
 2.01526310719825E+03	-1.33119330844257E-01
 2.01526584509828E+03	-1.43087627669642E-01
 2.01526858299830E+03	-1.15325128150280E-01
 2.01527132089834E+03	-4.80227924900569E-02
 2.01527405879837E+03	 5.33649119211318E-02
 2.01527679669840E+03	 1.73940895083899E-01
 2.01527953459843E+03	 2.86150439527660E-01
 2.01528227249846E+03	 3.53920996377501E-01
 2.01528501039849E+03	 3.47536933113012E-01
 2.01528774829852E+03	 2.60783219104798E-01
 2.01529048619856E+03	 1.16703578021072E-01
 2.01529322409859E+03	-4.34213662515357E-02
 2.01529596199862E+03	-1.79369004044911E-01
 2.01529869989865E+03	-2.65460498983885E-01
 2.01530143779868E+03	-2.92056997109688E-01
 2.01530417569871E+03	-2.61028302920592E-01
 2.01530691359874E+03	-1.84040275122042E-01
 2.01530965149877E+03	-8.39090480656651E-02
 2.01531238939880E+03	 8.83706442966148E-03
 2.01531512729883E+03	 6.82000590846282E-02
 2.01531786519886E+03	 8.59881248151064E-02
 2.01532060309889E+03	 7.36915163700774E-02
 2.01532334099892E+03	 5.01258413731054E-02
 2.01532607889896E+03	 2.58821360016146E-02
 2.01532881679899E+03	-1.48482926888899E-03
 2.01533155469902E+03	-3.86534647693009E-02
 2.01533429259905E+03	-8.43126660863821E-02
 2.01533703049908E+03	-1.25568186705083E-01
 2.01533976839911E+03	-1.44949657542931E-01
 2.01534250629914E+03	-1.29692615421918E-01
 2.01534524419917E+03	-7.53337390544908E-02
 2.01534798209920E+03	 1.53787835486846E-02
 2.01535071999923E+03	 1.31809369647215E-01
 2.01535345789926E+03	 2.51617685104829E-01
 2.01535619579929E+03	 3.40924968083821E-01
 2.01535893369932E+03	 3.65294025175635E-01
 2.01536167159935E+03	 3.07694043226520E-01
 2.01536440949939E+03	 1.80221705842151E-01
 2.01536714739942E+03	 1.94370262904472E-02
 2.01536988529945E+03	-1.31430776673144E-01
 2.01537262319948E+03	-2.39812509267737E-01
 2.01537536109951E+03	-2.90006678745278E-01
 2.01537809899954E+03	-2.79886167252799E-01
 2.01538083689957E+03	-2.17447581320391E-01
 2.01538357479960E+03	-1.21604137738315E-01
 2.01538631269963E+03	-2.14697892434431E-02
 2.01538905059966E+03	 5.29093400097973E-02
 2.01539178849969E+03	 8.51343549623723E-02
 2.01539452639972E+03	 7.99846381317460E-02
 2.01539726429975E+03	 5.59348675094274E-02
 2.01540000219979E+03	 2.88734942737741E-02
 2.01540274009982E+03	 1.72936927472446E-03
 2.01540547799985E+03	-3.16229349461294E-02
 2.01540821589988E+03	-7.39556818274759E-02
 2.01541095379991E+03	-1.16790700492728E-01
 2.01541369169994E+03	-1.43760184450975E-01
 2.01541642959997E+03	-1.40074604517631E-01
 2.01541916750000E+03	-9.85648660169310E-02
 2.01542190540003E+03	-1.95737009119550E-02
 2.01542464330006E+03	 8.97301581721341E-02
 2.01542738120009E+03	 2.12167727014725E-01
 2.01543011910012E+03	 3.17862587687216E-01
 2.01543285700015E+03	 3.70625809755242E-01
 2.01543559490019E+03	 3.44487802122149E-01
 2.01543833280022E+03	 2.39709869014031E-01
 2.01544107070025E+03	 8.51027986591760E-02
 2.01544380860028E+03	-7.59265241762545E-02
 2.01544654650031E+03	-2.04776272519112E-01
 2.01544928440034E+03	-2.78909651098109E-01
 2.01545202230037E+03	-2.91428106283159E-01
 2.01545476020040E+03	-2.46659483330379E-01
 2.01545749810043E+03	-1.59464273578316E-01
 2.01546023600046E+03	-5.60909596265962E-02
 2.01546297390049E+03	 3.15941415452256E-02
 2.01546571180052E+03	 7.99864476574044E-02
 2.01546844970055E+03	 8.56665264151868E-02
 2.01547118760058E+03	 6.38814708757304E-02
 2.01547392550062E+03	 3.40304008848367E-02
 2.01547666340065E+03	 5.15128396846930E-03
 2.01547940130068E+03	-2.60534311584875E-02
 2.01548213920071E+03	-6.48534544914673E-02
 2.01548487710074E+03	-1.07485017652119E-01
 2.01548761500077E+03	-1.40072594989270E-01
 2.01549035290080E+03	-1.46749326061884E-01
 2.01549309080083E+03	-1.17709614914487E-01
 2.01549582870086E+03	-5.09605829344111E-02
 2.01549856660089E+03	 4.90811858771485E-02
 2.01550130450092E+03	 1.69843337112261E-01
 2.01550404240095E+03	 2.86490960257057E-01
 2.01550678030098E+03	 3.63833614203603E-01
 2.01550951820102E+03	 3.69575714265308E-01
 2.01551225610105E+03	 2.92414520932008E-01
 2.01551499400108E+03	 1.50986697161546E-01
 2.01551773190111E+03	-1.43449908248451E-02
 2.01552046980114E+03	-1.60675477485262E-01
 2.01552320770117E+03	-2.58341470042933E-01
 2.01552594560120E+03	-2.94727402360751E-01
 2.01552868350123E+03	-2.70225246644036E-01
 2.01553142140126E+03	-1.95720441515897E-01
 2.01553415930129E+03	-9.36821808223437E-02
 2.01553689720132E+03	 4.35275528414833E-03
 2.01553963510135E+03	 6.93232591347525E-02
 2.01554237300138E+03	 8.91101348449201E-02
 2.01554511090142E+03	 7.31158507868987E-02
 2.01554784880145E+03	 4.17324329617054E-02
 2.01555058670148E+03	 9.81064855522566E-03
 2.01555332460151E+03	-2.12321969306763E-02
 2.01555606250154E+03	-5.70867992058573E-02
 2.01555880040157E+03	-9.82596577592343E-02
 2.01556153830160E+03	-1.34495979998061E-01
 2.01556427620163E+03	-1.50073592359164E-01
 2.01556701410166E+03	-1.32873592594400E-01
 2.01556975200169E+03	-7.84970716891676E-02
 2.01557248990172E+03	 1.08969003866428E-02
 2.01557522780175E+03	 1.26517296361542E-01
 2.01557796570178E+03	 2.48847722862259E-01
 2.01558070360182E+03	 3.45914003960479E-01
 2.01558344150185E+03	 3.82083322130586E-01
 2.01558617940188E+03	 3.35875184322204E-01
 2.01558891730191E+03	 2.14257144286378E-01
 2.01559165520194E+03	 5.13122532000629E-02
 2.01559439310197E+03	-1.08274104921267E-01
 2.01559713100200E+03	-2.28136857385557E-01
 2.01559986890203E+03	-2.89050412465257E-01
 2.01560260680206E+03	-2.86883857113338E-01
 2.01560534470209E+03	-2.28637706987902E-01
 2.01560808260212E+03	-1.32589270094439E-01
 2.01561082050215E+03	-2.81428022860329E-02
 2.01561355840218E+03	 5.23816882228420E-02
 2.01561629630221E+03	 8.86807662042499E-02
 2.01561903420225E+03	 8.23392247496547E-02
 2.01562177210228E+03	 5.18527384831090E-02
 2.01562451000231E+03	 1.65560914505770E-02
 2.01562724790234E+03	-1.62513001188269E-02
 2.01562998580237E+03	-5.04247977042088E-02
 2.01563272370240E+03	-8.95588614083551E-02
 2.01563546160243E+03	-1.27656292021617E-01
 2.01563819950246E+03	-1.50478230587703E-01
 2.01564093740249E+03	-1.44245681985705E-01
 2.01564367530252E+03	-1.02084642339023E-01
 2.01564641320255E+03	-2.41195884495909E-02
 2.01564915110258E+03	 8.37798124162306E-02
 2.01565188900261E+03	 2.07056809471752E-01
 2.01565462690265E+03	 3.18433357462758E-01
 2.01565736480268E+03	 3.81910988013684E-01
 2.01566010270271E+03	 3.68133660324730E-01
 2.01566284060274E+03	 2.72039038117304E-01
 2.01566557850277E+03	 1.18592312954780E-01
 2.01566831640280E+03	-4.88355916892171E-02
 2.01567105430283E+03	-1.88458072606443E-01
 2.01567379220286E+03	-2.73872272189411E-01
 2.01567653010289E+03	-2.95580274254184E-01
 2.01567926800292E+03	-2.56609628211530E-01
 2.01568200590295E+03	-1.70993472776748E-01
 2.01568474380298E+03	-6.47127656241502E-02
 2.01568748170301E+03	 2.89615916895406E-02
 2.01569021960305E+03	 8.29480166236993E-02
 2.01569295750308E+03	 8.99521345707229E-02
 2.01569569540311E+03	 6.37298835053003E-02
 2.01569843330314E+03	 2.58994885705393E-02
 2.01570117120317E+03	-1.01419400324237E-02
 2.01570390910320E+03	-4.43415915436182E-02
 2.01570664700323E+03	-8.15959494447334E-02
 2.01570938490326E+03	-1.20140709175953E-01
 2.01571212280329E+03	-1.48457683562595E-01
 2.01571486070332E+03	-1.52083829392392E-01
 2.01571759860335E+03	-1.21754999965677E-01
 2.01572033650338E+03	-5.55518625310819E-02
 2.01572307440341E+03	 4.28763735301281E-02
 2.01572581230344E+03	 1.63149151477083E-01
 2.01572855020348E+03	 2.83353644408660E-01
 2.01573128810351E+03	 3.69715805523905E-01
 2.01573402600354E+03	 3.87901059514391E-01
 2.01573676390357E+03	 3.21638788173568E-01
 2.01573950180360E+03	 1.84714028287639E-01
 2.01574223970363E+03	 1.58553064093373E-02
 2.01574497760366E+03	-1.39871281856155E-01
 2.01574771550369E+03	-2.48911103239679E-01
 2.01575045340372E+03	-2.95469846590792E-01
 2.01575319130375E+03	-2.78219074259259E-01
 2.01575592920378E+03	-2.07051112686920E-01
 2.01575866710381E+03	-1.03785257153508E-01
 2.01576140500384E+03	-5.39067949076420E-04
 2.01576414290388E+03	 7.08727985038687E-02
 2.01576688080391E+03	 9.42479247637343E-02
 2.01576961870394E+03	 7.62131836014691E-02
 2.01577235660397E+03	 3.78970273447670E-02
 2.01577509450400E+03	-2.03193770637127E-03
 2.01577783240403E+03	-3.80804607530647E-02
 2.01578057030406E+03	-7.43090263304215E-02
 2.01578330820409E+03	-1.12430649903107E-01
 2.01578604610412E+03	-1.44546620899796E-01
 2.01578878400415E+03	-1.56710263042610E-01
 2.01579152190418E+03	-1.37627630658966E-01
 2.01579425980421E+03	-8.32075687391058E-02
 2.01579699770424E+03	 4.69562273792013E-03
 2.01579973560428E+03	 1.18918705167446E-01
 2.01580247350431E+03	 2.42833258871406E-01
 2.01580521140434E+03	 3.46818152277053E-01
 2.01580794930437E+03	 3.94660719292080E-01
 2.01581068720440E+03	 3.60769255488936E-01
 2.01581342510443E+03	 2.46746060146106E-01
 2.01581616300446E+03	 8.35231518223788E-02
 2.01581890090449E+03	-8.34150163735970E-02
 2.01582163880452E+03	-2.14182559752054E-01
 2.01582437670455E+03	-2.85924435476419E-01
 2.01582711460458E+03	-2.92268484121449E-01
 2.01582985250461E+03	-2.39010382552047E-01
 2.01583259040464E+03	-1.43540796772825E-01
 2.01583532830467E+03	-3.51587883004978E-02
 2.01583806620471E+03	 5.19452420787044E-02
 2.01584080410474E+03	 9.36252772442916E-02
 2.01584354200477E+03	 8.77778836779361E-02
 2.01584627990480E+03	 5.20869033543936E-02
 2.01584901780483E+03	 8.69534007046569E-03
 2.01585175570486E+03	-3.07617405824262E-02
 2.01585449360489E+03	-6.73517664048104E-02
 2.01585723150492E+03	-1.04833648036869E-01
 2.01585996940495E+03	-1.39279992975885E-01
 2.01586270730498E+03	-1.58508063645559E-01
 2.01586544520501E+03	-1.49884337339008E-01
 2.01586818310504E+03	-1.07052629164716E-01
 2.01587092100507E+03	-3.02006568208517E-02
 2.01587365890511E+03	 7.58273012183205E-02
 2.01587639680514E+03	 1.99028912247906E-01
 2.01587913470517E+03	 3.15046314186971E-01
 2.01588187260520E+03	 3.88693383718100E-01
 2.01588461050523E+03	 3.87746383256329E-01
 2.01588734840526E+03	 3.01823873506460E-01
 2.01589008630529E+03	 1.51493374641815E-01
 2.01589282420532E+03	-2.06420792035494E-02
 2.01589556210535E+03	-1.70069013255415E-01
 2.01589830000538E+03	-2.66551715626342E-01
 2.01590103790541E+03	-2.97789115656635E-01
 2.01590377580544E+03	-2.65295173490524E-01
 2.01590651370547E+03	-1.82063019142594E-01
 2.01590925160551E+03	-7.34666283497951E-02
 2.01591198950554E+03	 2.62572328746217E-02
 2.01591472740557E+03	 8.67910811821479E-02
 2.01591746530560E+03	 9.66961753363309E-02
 2.01592020320563E+03	 6.74960399453157E-02
 2.01592294110566E+03	 2.22645076558667E-02
 2.01592567900569E+03	-2.15231555372310E-02
 2.01592841690572E+03	-6.01275744620978E-02
 2.01593115480575E+03	-9.74273163862258E-02
 2.01593389270578E+03	-1.33137936976359E-01
 2.01593663060581E+03	-1.57910560214573E-01
 2.01593936850584E+03	-1.58758739284897E-01
 2.01594210640587E+03	-1.27154555271550E-01
 2.01594484430591E+03	-6.15187281802779E-02
 2.01594758220594E+03	 3.49633471805002E-02
 2.01595032010597E+03	 1.53922726110008E-01
 2.01595305800600E+03	 2.76540671097013E-01
 2.01595579590603E+03	 3.71021531964626E-01
 2.01595853380606E+03	 4.01631769300600E-01
 2.01596127170609E+03	 3.47381796595804E-01
 2.01596400960612E+03	 2.16843950060471E-01
 2.01596674750615E+03	 4.63827381784981E-02
 2.01596948540618E+03	-1.17390767765417E-01
 2.01597222330621E+03	-2.37233953217320E-01
 2.01597496120624E+03	-2.94042525514377E-01
 2.01597769910627E+03	-2.84554089231159E-01
 2.01598043700630E+03	-2.17475132684769E-01
 2.01598317490634E+03	-1.13697841453063E-01
 2.01598591280637E+03	-5.49647739927495E-03
 2.01598865070640E+03	 7.29267411413907E-02
 2.01599138860643E+03	 1.01241672426820E-01
 2.01599412650646E+03	 8.27184074288619E-02
 2.01599686440649E+03	 3.84163395018183E-02
 2.01599960230652E+03	-9.67441778017108E-03
 2.01600234020655E+03	-5.18687420191860E-02
 2.01600507810658E+03	-9.00290740107031E-02
 2.01600781600661E+03	-1.26482194687634E-01
 2.01601055390664E+03	-1.55377045660053E-01
 2.01601329180667E+03	-1.64534390404480E-01
 2.01601602970670E+03	-1.43642468820680E-01
 2.01601876760674E+03	-8.91609989182233E-02
 2.01602150550677E+03	-2.94914870698095E-03
 2.01602424340680E+03	 1.09193247115180E-01
 2.01602698130683E+03	 2.33543594751319E-01
 2.01602971920686E+03	 3.43280785923501E-01
 2.01603245710689E+03	 4.02301970912882E-01
 2.01603519500692E+03	 3.81371991807933E-01
 2.01603793290695E+03	 2.76606355326543E-01
 2.01604067080698E+03	 1.15141942779352E-01
 2.01604340870701E+03	-5.74619764279885E-02
 2.01604614660704E+03	-1.98185430026842E-01
 2.01604888450707E+03	-2.80527688086407E-01
 2.01605162240710E+03	-2.95680514826280E-01
 2.01605436030714E+03	-2.48047281121543E-01
 2.01605709820717E+03	-1.53908726879595E-01
 2.01605983610720E+03	-4.20839986584663E-02
 2.01606257400723E+03	 5.17969457752593E-02
 2.01606531190726E+03	 9.98999797025356E-02
 2.01606804980729E+03	 9.60569712104265E-02
 2.01607078770732E+03	 5.63773918704926E-02
 2.01607352560735E+03	 5.15624975529373E-03
 2.01607626350738E+03	-4.17544342681878E-02
 2.01607900140741E+03	-8.22028520196927E-02
 2.01608173930744E+03	-1.19495011578235E-01
 2.01608447720747E+03	-1.51352341146760E-01
 2.01608721510750E+03	-1.67542868008747E-01
 2.01608995300753E+03	-1.56685765100674E-01
 2.01609269090757E+03	-1.13156084976533E-01
 2.01609542880760E+03	-3.75019157757068E-02
 2.01609816670763E+03	 6.61411596298625E-02
 2.01610090460766E+03	 1.88201803890955E-01
 2.01610364250769E+03	 3.07536149223978E-01
 2.01610638040772E+03	 3.90434986032334E-01
 2.01610911830775E+03	 4.02442071865136E-01
 2.01611185620778E+03	 3.27995797490400E-01
 2.01611459410781E+03	 1.82786450363130E-01
 2.01611733200784E+03	 7.88742831643089E-03
 2.01612006990787E+03	-1.50020132647752E-01
 2.01612280780790E+03	-2.57003823293621E-01
 2.01612554570793E+03	-2.97815254088998E-01
 2.01612828360797E+03	-2.72267765996274E-01
 2.01613102150800E+03	-1.92128192156808E-01
 2.01613375940803E+03	-8.18549401376965E-02
 2.01613649730806E+03	 2.37889060396929E-02
 2.01613923520809E+03	 9.15572069242961E-02
 2.01614197310812E+03	 1.05711724536925E-01
 2.01614471100815E+03	 7.48994634788933E-02
 2.01614744890818E+03	 2.29067372715476E-02
 2.01615018680821E+03	-2.90538247122042E-02
 2.01615292470824E+03	-7.33088603065116E-02
 2.01615566260827E+03	-1.12133794481112E-01
 2.01615840050830E+03	-1.46212883480014E-01
 2.01616113840833E+03	-1.68153376494902E-01
 2.01616387630837E+03	-1.66487944901110E-01
 2.01616661420840E+03	-1.33602463749779E-01
 2.01616935210843E+03	-6.85294530858642E-02
 2.01617209000846E+03	 2.56714307652868E-02
 2.01617482790849E+03	 1.42404467787902E-01
 2.01617756580852E+03	 2.66067875927239E-01
 2.01618030370855E+03	 3.67415617234912E-01
 2.01618304160858E+03	 4.10047423759918E-01
 2.01618577950861E+03	 3.68644125356681E-01
 2.01618851740864E+03	 2.46313464621587E-01
 2.01619125530867E+03	 7.63399327207945E-02
 2.01619399320870E+03	-9.38150298245053E-02
 2.01619673110873E+03	-2.23532905295268E-01
 2.01619946900876E+03	-2.90345709740751E-01
 2.01620220690880E+03	-2.88879415165151E-01
 2.01620494480883E+03	-2.26487200376321E-01
 2.01620768270886E+03	-1.22891523488773E-01
 2.01621042060889E+03	-1.01194093602974E-02
 2.01621315850892E+03	 7.56418191915513E-02
 2.01621589640895E+03	 1.09989237024905E-01
 2.01621863430898E+03	 9.23671982613234E-02
 2.01622137220901E+03	 4.30168373055539E-02
 2.01622411010904E+03	-1.32748581651298E-02
 2.01622684800907E+03	-6.25954805348921E-02
 2.01622958590910E+03	-1.04114415152504E-01
 2.01623232380913E+03	-1.40207097871113E-01
 2.01623506170916E+03	-1.66748030368029E-01
 2.01623779960920E+03	-1.73288153342275E-01
 2.01624053750923E+03	-1.50632016805896E-01
 2.01624327540926E+03	-9.60285567634553E-02
 2.01624601330929E+03	-1.16749491644561E-02
 2.01624875120932E+03	 9.76735431712541E-02
 2.01625148910935E+03	 2.21154956142655E-01
 2.01625422700938E+03	 3.35172514741245E-01
 2.01625696490941E+03	 4.04482497321800E-01
 2.01625970280944E+03	 3.96806124667187E-01
 2.01626244070947E+03	 3.02786015159741E-01
 2.01626517860950E+03	 1.45178660332394E-01
 2.01626791650953E+03	-3.11506849554698E-02
 2.01627065440956E+03	-1.80538290027378E-01
 2.01627339230960E+03	-2.72914407944416E-01
 2.01627613020963E+03	-2.96889573817532E-01
 2.01627886810966E+03	-2.55313986457969E-01
 2.01628160600969E+03	-1.63169048775867E-01
 2.01628434390972E+03	-4.84532358317795E-02
 2.01628708180975E+03	 5.22024657477489E-02
 2.01628981970978E+03	 1.07505843678370E-01
 2.01629255760981E+03	 1.06961951252864E-01
 2.01629529550984E+03	 6.44286996857610E-02
 2.01629803340987E+03	 5.70385251161661E-03
 2.01630077130990E+03	-4.93246507436466E-02
 2.01630350920993E+03	-9.49327895775093E-02
 2.01630624710996E+03	-1.33401653102813E-01
 2.01630898501000E+03	-1.63681432719205E-01
 2.01631172291003E+03	-1.77361224880847E-01
 2.01631446081006E+03	-1.64393794254737E-01
 2.01631719871009E+03	-1.20085418743499E-01
 2.01631993661012E+03	-4.56531454977143E-02
 2.01632267451015E+03	 5.51139130680772E-02
 2.01632541241018E+03	 1.74883106259555E-01
 2.01632815031021E+03	 2.95968845603715E-01
 2.01633088821024E+03	 3.86826140225479E-01
 2.01633362611027E+03	 4.11511694507580E-01
 2.01633636401030E+03	 3.49570619908898E-01
 2.01633910191033E+03	 2.11436481275161E-01
 2.01634183981036E+03	 3.58889339869972E-02
 2.01634457771039E+03	-1.28868575465676E-01
 2.01634731561043E+03	-2.45445162498277E-01
 2.01635005351046E+03	-2.95566792252794E-01
 2.01635279141049E+03	-2.77191202707366E-01
 2.01635552931052E+03	-2.00704002405938E-01
 2.01635826721055E+03	-8.93800339932807E-02
 2.01636100511058E+03	 2.19141626541078E-02
 2.01636374301061E+03	 9.73575649617643E-02
 2.01636648091064E+03	 1.16861433646860E-01
 2.01636921881067E+03	 8.56564125883362E-02
 2.01637195671070E+03	 2.75398861003254E-02
 2.01637469461073E+03	-3.29151312625464E-02
 2.01637743251076E+03	-8.39286410296158E-02
 2.01638017041079E+03	-1.25646795762092E-01
 2.01638290831083E+03	-1.59228442719946E-01
 2.01638564621086E+03	-1.79007887586780E-01
 2.01638838411089E+03	-1.75052987293346E-01
 2.01639112201092E+03	-1.40821019577034E-01
 2.01639385991095E+03	-7.62278468994668E-02
 2.01639659781098E+03	 1.54214292207515E-02
 2.01639933571101E+03	 1.28999051481167E-01
 2.01640207361104E+03	 2.52174307137762E-01
 2.01640481151107E+03	 3.58807826369164E-01
 2.01640754941110E+03	 4.12642601275747E-01
 2.01641028731113E+03	 3.84564331904271E-01
 2.01641302521116E+03	 2.72096590898665E-01
 2.01641576311119E+03	 1.04771505604360E-01
 2.01641850101123E+03	-6.98503441325327E-02
 2.01642123891126E+03	-2.08188328429917E-01
 2.01642397681129E+03	-2.84438444043218E-01
 2.01642671471132E+03	-2.90979320633286E-01
 2.01642945261135E+03	-2.33673137906853E-01
 2.01643219051138E+03	-1.30871372723232E-01
 2.01643492841141E+03	-1.39842201081467E-02
 2.01643766631144E+03	 7.92349286037873E-02
 2.01644040421147E+03	 1.20449056367601E-01
 2.01644314211150E+03	 1.04919012901496E-01
 2.01644588001153E+03	 5.13902242053636E-02
 2.01644861791156E+03	-1.30831424414728E-02
 2.01645135581159E+03	-7.03880927020727E-02
 2.01645409371162E+03	-1.16572767094914E-01
 2.01645683161166E+03	-1.53528921111675E-01
 2.01645956951169E+03	-1.78529995452835E-01
 2.01646230741172E+03	-1.82796501545413E-01
 2.01646504531175E+03	-1.58359593498801E-01
 2.01646778321178E+03	-1.03485461863965E-01
 2.01647052111181E+03	-2.10614544932122E-02
 2.01647325901184E+03	 8.48247384882061E-02
 2.01647599691187E+03	 2.06047716446378E-01
 2.01647873481190E+03	 3.22612458499286E-01
 2.01648147271193E+03	 4.00922234977620E-01
 2.01648421061196E+03	 4.06381529780983E-01
 2.01648694851199E+03	 3.24325393290534E-01
 2.01648968641202E+03	 1.72632776025588E-01
 2.01649242431206E+03	-5.31115285668823E-03
 2.01649516221209E+03	-1.61778882420263E-01
 2.01649790011212E+03	-2.63301027556959E-01
 2.01650063801215E+03	-2.95817045724159E-01
 2.01650337591218E+03	-2.60494415969361E-01
 2.01650611381221E+03	-1.70864417990821E-01
 2.01650885171224E+03	-5.38085640184370E-02
 2.01651158961227E+03	 5.34692066781504E-02
 2.01651432751230E+03	 1.16505248308461E-01
 2.01651706541233E+03	 1.20321597847897E-01
 2.01651980331236E+03	 7.59409602419377E-02
 2.01652254121239E+03	 1.00419163986140E-02
 2.01652527911242E+03	-5.36742143884097E-02
 2.01652801701246E+03	-1.05625311436153E-01
 2.01653075491249E+03	-1.46541578072351E-01
 2.01653349281252E+03	-1.76190509319447E-01
 2.01653623071255E+03	-1.87835402660335E-01
 2.01653896861258E+03	-1.72818716507094E-01
 2.01654170651261E+03	-1.27559947396903E-01
 2.01654444441264E+03	-5.42587711515568E-02
 2.01654718231267E+03	 4.32353523786859E-02
 2.01654992021270E+03	 1.59556500679075E-01
 2.01655265811273E+03	 2.80649605910983E-01
 2.01655539601276E+03	 3.77818568591437E-01
 2.01655813391279E+03	 4.14474579274549E-01
 2.01656087181282E+03	 3.65711125802776E-01
 2.01656360971285E+03	 2.36451030943171E-01
 2.01656634761289E+03	 6.24442108521169E-02
 2.01656908551292E+03	-1.07294209144898E-01
 2.01657182341295E+03	-2.32249364075303E-01
 2.01657456131298E+03	-2.91112944827444E-01
 2.01657729921301E+03	-2.79869199484741E-01
 2.01658003711304E+03	-2.07402706500764E-01
 2.01658277501307E+03	-9.55844439719767E-02
 2.01658551291310E+03	 2.10067907031842E-02
 2.01658825081313E+03	 1.04355628883704E-01
 2.01659098871316E+03	 1.30061695100460E-01
 2.01659372661319E+03	 9.95041596468832E-02
 2.01659646451322E+03	 3.58470928117467E-02
 2.01659920241325E+03	-3.33682792156935E-02
 2.01660194031329E+03	-9.21420501364203E-02
 2.01660467821332E+03	-1.38019942685811E-01
 2.01660741611335E+03	-1.72163327261911E-01
 2.01661015401338E+03	-1.90396048496007E-01
 2.01661289191341E+03	-1.84314363870759E-01
 2.01661562981344E+03	-1.48581789048050E-01
 2.01661836771347E+03	-8.42618709557909E-02
 2.01662110561350E+03	 4.69530539866390E-03
 2.01662384351353E+03	 1.14252656726122E-01
 2.01662658141356E+03	 2.35317274041656E-01
 2.01662931931359E+03	 3.45372489211638E-01
 2.01663205721362E+03	 4.09170502493956E-01
 2.01663479511365E+03	 3.94478065059735E-01
 2.01663753301369E+03	 2.93265881325156E-01
 2.01664027091372E+03	 1.30715656880546E-01
 2.01664300881375E+03	-4.62940275367524E-02
 2.01664574671378E+03	-1.91723508322180E-01
 2.01664848461381E+03	-2.76542303056803E-01
 2.01665122251384E+03	-2.90792865754187E-01
 2.01665396041387E+03	-2.38742091681180E-01
 2.01665669831390E+03	-1.37215113402774E-01
 2.01665943621393E+03	-1.66812025543722E-02
 2.01666217411396E+03	 8.39573445537548E-02
 2.01666491201399E+03	 1.32633917718090E-01
 2.01666764991402E+03	 1.20172490732567E-01
 2.01667038781405E+03	 6.32258681192090E-02
 2.01667312571409E+03	-9.40054635888447E-03
 2.01667586361412E+03	-7.54640741839943E-02
 2.01667860151415E+03	-1.27521498080931E-01
 2.01668133941418E+03	-1.66482732088163E-01
 2.01668407731421E+03	-1.90695547352316E-01
 2.01668681521424E+03	-1.92971161657952E-01
 2.01668955311427E+03	-1.66653115318903E-01
 2.01669229101430E+03	-1.11236162291649E-01
 2.01669502891433E+03	-3.06616774559722E-02
 2.01669776681436E+03	 7.12153437936789E-02
 2.01670050471439E+03	 1.88789963624056E-01
 2.01670324261442E+03	 3.05973923684581E-01
 2.01670598051445E+03	 3.91616875499375E-01
 2.01670871841448E+03	 4.09647198793550E-01
 2.01671145631452E+03	 3.40418503228925E-01
 2.01671419421455E+03	 1.96550659446930E-01
 2.01671693211458E+03	 1.91759825639989E-02
 2.01671967001461E+03	-1.42564543220663E-01
 2.01672240791464E+03	-2.52059519621012E-01
 2.01672514581467E+03	-2.92546500525338E-01
 2.01672788371470E+03	-2.63415920642735E-01
 2.01673062161473E+03	-1.76639772373934E-01
 2.01673335951476E+03	-5.77381804421974E-02
 2.01673609741479E+03	 5.59140725562203E-02
 2.01673883531482E+03	 1.27005899415710E-01
 2.01674157321485E+03	 1.36013308287234E-01
 2.01674431111488E+03	 9.06353021871471E-02
 2.01674704901492E+03	 1.78512314445200E-02
 2.01674978691495E+03	-5.50698336507572E-02
 2.01675252481498E+03	-1.14456340885761E-01
 2.01675526271501E+03	-1.59005039837249E-01
 2.01675800061504E+03	-1.88902416676939E-01
 2.01676073851507E+03	-1.98927620111804E-01
 2.01676347641510E+03	-1.81845523097516E-01
 2.01676621431513E+03	-1.35347924061907E-01
 2.01676895221516E+03	-6.29273682500750E-02
 2.01677169011519E+03	 3.10598356528208E-02
 2.01677442801522E+03	 1.42855990242085E-01
 2.01677716591525E+03	 2.62115083457903E-01
 2.01677990381528E+03	 3.63642623162716E-01
 2.01678264171532E+03	 4.11119995368949E-01
 2.01678537961535E+03	 3.75784362725941E-01
 2.01678811751538E+03	 2.56940457215872E-01
 2.01679085541541E+03	 8.66321240904748E-02
 2.01679359331544E+03	-8.60642452394747E-02
 2.01679633121547E+03	-2.17929940488417E-01
 2.01679906911550E+03	-2.84684528979280E-01
 2.01680180701553E+03	-2.80261999377404E-01
 2.01680454491556E+03	-2.11963688027150E-01
 2.01680728281559E+03	-1.00088418103616E-01
 2.01681002071562E+03	 2.14206256386771E-02
 2.01681275861565E+03	 1.12742610587477E-01
 2.01681549651568E+03	 1.45277529320505E-01
 2.01681823441571E+03	 1.16217357940550E-01
 2.01682097231575E+03	 4.75143230610925E-02
 2.01682371021578E+03	-3.07126939752417E-02
 2.01682644811581E+03	-9.81750392747103E-02
 2.01682918601584E+03	-1.49395208140575E-01
 2.01683192391587E+03	-1.85088769142939E-01
 2.01683466181590E+03	-2.02328412993809E-01
 2.01683739971593E+03	-1.94212223030740E-01
 2.01684013761596E+03	-1.56719145017753E-01
 2.01684287551599E+03	-9.23092170629715E-02
 2.01684561341602E+03	-5.99716020751201E-03
 2.01684835131605E+03	 9.88206626880412E-02
 2.01685108921608E+03	 2.16152615505665E-01
 2.01685382711611E+03	 3.27551219063381E-01
 2.01685656501615E+03	 3.99671597752364E-01
 2.01685930291618E+03	 3.97967680212086E-01
 2.01686204081621E+03	 3.09051734839931E-01
 2.01686477871624E+03	 1.53260560063918E-01
 2.01686751661627E+03	-2.39903455966324E-02
 2.01687025451630E+03	-1.74777298146878E-01
 2.01687299241633E+03	-2.67031637795613E-01
 2.01687573031636E+03	-2.88421059004039E-01
 2.01687846821639E+03	-2.41548904486384E-01
 2.01688120611642E+03	-1.41606741360614E-01
 2.01688394401645E+03	-1.78519674036889E-02
 2.01688668191648E+03	 9.00637369553107E-02
 2.01688941981651E+03	 1.46595977566968E-01
 2.01689215771655E+03	 1.37971665888917E-01
 2.01689489561658E+03	 7.82369074559911E-02
 2.01689763351661E+03	-2.54055558524732E-03
 2.01690037141664E+03	-7.80878449467770E-02
 2.01690310931667E+03	-1.37148420098351E-01
 2.01690584721670E+03	-1.79184753720077E-01
 2.01690858511673E+03	-2.03300213656773E-01
 2.01691132301676E+03	-2.03803563254061E-01
 2.01691406091679E+03	-1.75411277965599E-01
 2.01691679881682E+03	-1.19034199944051E-01
 2.01691953671685E+03	-4.00332402406536E-02
 2.01692227461688E+03	 5.74814037214898E-02
 2.01692501251691E+03	 1.70108114148908E-01
 2.01692775041694E+03	 2.85873132367456E-01
 2.01693048831698E+03	 3.76851969556970E-01
 2.01693322621701E+03	 4.06429936143638E-01
 2.01693596411704E+03	 3.50467725126048E-01
 2.01693870201707E+03	 2.16083901484515E-01
 2.01694143991710E+03	 4.14302947245198E-02
 2.01694417781713E+03	-1.23635575683325E-01
 2.01694691571716E+03	-2.39697518762458E-01
 2.01694965361719E+03	-2.87320874958795E-01
 2.01695239151722E+03	-2.64062832791231E-01
 2.01695512941725E+03	-1.80269845262085E-01
 2.01695786731728E+03	-5.99122059089532E-02
 2.01696060521731E+03	 5.98286160949019E-02
 2.01696334311734E+03	 1.39137376376388E-01
 2.01696608101738E+03	 1.53958857655487E-01
 2.01696881891741E+03	 1.08270827655495E-01
 2.01697155681744E+03	 2.88235439154407E-02
 2.01697429471747E+03	-5.38004560052667E-02
 2.01697703261750E+03	-1.21651313615286E-01
 2.01697977051753E+03	-1.70948238579330E-01
 2.01698250841756E+03	-2.01913201761215E-01
 2.01698524631759E+03	-2.10675316240948E-01
 2.01698798421762E+03	-1.91432316394884E-01
 2.01699072211765E+03	-1.43279413022364E-01
 2.01699346001768E+03	-7.12985325981442E-02
 2.01699619791771E+03	 1.91700090788595E-02
 2.01699893581774E+03	 1.25529763011805E-01
 2.01700167371778E+03	 2.41109694077703E-01
 2.01700441161781E+03	 3.44806318105685E-01
 2.01700714951784E+03	 4.01532396794920E-01
 2.01700988741787E+03	 3.79408114713559E-01
 2.01701262531790E+03	 2.72174648759778E-01
 2.01701536321793E+03	 1.07583630432806E-01
 2.01701810111796E+03	-6.59887985999631E-02
 2.01702083901799E+03	-2.03110868147286E-01
 2.01702357691802E+03	-2.76661085912443E-01
 2.01702631481805E+03	-2.78490269391717E-01
 2.01702905271808E+03	-2.14273104981943E-01
 2.01703179061811E+03	-1.02621520449036E-01
 2.01703452851814E+03	 2.34536526358819E-02
 2.01703726641818E+03	 1.22707628603880E-01
 2.01704000431821E+03	 1.62508468572297E-01
 2.01704274221824E+03	 1.35614792135456E-01
 2.01704548011827E+03	 6.22567669501588E-02
 2.01704821801830E+03	-2.52465082347003E-02
 2.01705095591833E+03	-1.02280440874575E-01
 2.01705369381836E+03	-1.59962157005521E-01
 2.01705643171839E+03	-1.98135840278377E-01
 2.01705916961842E+03	-2.14882174744950E-01
 2.01706190751845E+03	-2.04756991571718E-01
 2.01706464541848E+03	-1.65135399351642E-01
 2.01706738331851E+03	-1.00097945776457E-01
 2.01707012121854E+03	-1.61522298465427E-02
 2.01707285911857E+03	 8.34279877850184E-02
 2.01707559701861E+03	 1.95501033965408E-01
 2.01707833491864E+03	 3.06037473132115E-01
 2.01708107281867E+03	 3.84483830275665E-01
 2.01708381071870E+03	 3.94897280412966E-01
 2.01708654861873E+03	 3.18893870065254E-01
 2.01708928651876E+03	 1.71600430459971E-01
 2.01709202441879E+03	-3.78029319937775E-03
 2.01709476231882E+03	-1.58066240706116E-01
 2.01709750021885E+03	-2.56410996623144E-01
 2.01710023811888E+03	-2.84120762240213E-01
 2.01710297601891E+03	-2.42104651006401E-01
 2.01710571391894E+03	-1.43861699955229E-01
 2.01710845181897E+03	-1.72235432738165E-02
 2.01711118971901E+03	 9.77785584758595E-02
 2.01711392761904E+03	 1.62404197109868E-01
 2.01711666551907E+03	 1.58202237174645E-01
 2.01711940341910E+03	 9.61773736740851E-02
 2.01712214131913E+03	 7.20501706721342E-03
 2.01712487921916E+03	-7.85279840892822E-02
 2.01712761711919E+03	-1.45668423285307E-01
 2.01713035501922E+03	-1.91794606395972E-01
 2.01713309291925E+03	-2.16453981118573E-01
 2.01713583081928E+03	-2.15348024218194E-01
 2.01713856871931E+03	-1.84600692495764E-01
 2.01714130661934E+03	-1.26695366740878E-01
 2.01714404451937E+03	-4.87673677460347E-02
 2.01714678241941E+03	 4.42865771237294E-02
 2.01714952031944E+03	 1.50846338084568E-01
 2.01715225821947E+03	 2.63140976780812E-01
 2.01715499611950E+03	 3.57197604051167E-01
 2.01715773401953E+03	 3.96855482149039E-01
 2.01716047191956E+03	 3.54126480814191E-01
 2.01716320981959E+03	 2.30543012077787E-01
 2.01716594771962E+03	 6.06249740153264E-02
 2.01716868561965E+03	-1.05770508013026E-01
 2.01717142351968E+03	-2.26826853092185E-01
 2.01717416141971E+03	-2.80526520619775E-01
 2.01717689931974E+03	-2.62577186140657E-01
 2.01717963721977E+03	-1.81676166449805E-01
 2.01718237511980E+03	-6.01123396429936E-02
 2.01718511301984E+03	 6.54445170469608E-02
 2.01718785091987E+03	 1.53022245841457E-01
 2.01719058881990E+03	 1.74110813105286E-01
 2.01719332671993E+03	 1.28651440812391E-01
 2.01719606461996E+03	 4.26876499775227E-02
 2.01719880251999E+03	-5.01381606669415E-02
 2.01720154042002E+03	-1.27441339946942E-01
 2.01720427832005E+03	-1.82552011746878E-01
 2.01720701622008E+03	-2.15358161978527E-01
 2.01720975412011E+03	-2.23167545318378E-01
 2.01721249202014E+03	-2.01599640296515E-01
 2.01721522992017E+03	-1.51251305905142E-01
 2.01721796782020E+03	-7.90651232512478E-02
 2.01722070572024E+03	 8.13965656724448E-03
 2.01722344362027E+03	 1.08396119047942E-01
 2.01722618152030E+03	 2.18547132020394E-01
 2.01722891942033E+03	 3.22075148702340E-01
 2.01723165732036E+03	 3.86097096975332E-01
 2.01723439522039E+03	 3.76481670304352E-01
 2.01723713312042E+03	 2.81630792573830E-01
 2.01723987102045E+03	 1.24535336272168E-01
 2.01724260892048E+03	-4.78713879963494E-02
 2.01724534682051E+03	-1.88487497278846E-01
 2.01724808472054E+03	-2.67545664185438E-01
 2.01725082262057E+03	-2.74825839172121E-01
 2.01725356052060E+03	-2.14371534546486E-01
 2.01725629842064E+03	-1.03045580122542E-01
 2.01725903632067E+03	 2.73154707413848E-02
 2.01726177422070E+03	 1.34405136052534E-01
 2.01726451212073E+03	 1.81766571669513E-01
 2.01726725002076E+03	 1.57555723583439E-01
 2.01726998792079E+03	 7.98355208435211E-02
 2.01727272582082E+03	-1.72334643462474E-02
 2.01727546372085E+03	-1.04695971033833E-01
 2.01727820162088E+03	-1.69914905805124E-01
 2.01728093952091E+03	-2.11457305874500E-01
 2.01728367742094E+03	-2.28171695074854E-01
 2.01728641532097E+03	-2.16011465771428E-01
 2.01728915322100E+03	-1.73797578705431E-01
 2.01729189112103E+03	-1.07420742913789E-01
 2.01729462902107E+03	-2.53040194991763E-02
 2.01729736692110E+03	 6.88249654768683E-02
 2.01730010482113E+03	 1.74302602401554E-01
 2.01730284272116E+03	 2.81743275735001E-01
 2.01730558062119E+03	 3.64232422749399E-01
 2.01730831852122E+03	 3.85429182816821E-01
 2.01731105642125E+03	 3.22479756490463E-01
 2.01731379432128E+03	 1.85085906585094E-01
 2.01731653222131E+03	 1.35500811209813E-02
 2.01731927012134E+03	-1.42339582779794E-01
 2.01732200802137E+03	-2.45281674762627E-01
 2.01732474592140E+03	-2.78285792708265E-01
 2.01732748382143E+03	-2.40574341026602E-01
 2.01733022172147E+03	-1.43941391597326E-01
 2.01733295962150E+03	-1.46362410101368E-02
 2.01733569752153E+03	 1.07262700090927E-01
 2.01733843542156E+03	 1.80116116742046E-01
 2.01734117332159E+03	 1.80778104430595E-01
 2.01734391122162E+03	 1.16848540052109E-01
 2.01734664912165E+03	 1.95911065788414E-02
 2.01734938702168E+03	-7.70194115994811E-02
 2.01735212492171E+03	-1.53280756110493E-01
 2.01735486282174E+03	-2.04474521566744E-01
 2.01735760072177E+03	-2.30287122099576E-01
 2.01736033862180E+03	-2.27697475901949E-01
 2.01736307652183E+03	-1.94244808257221E-01
 2.01736581442187E+03	-1.34103398847589E-01
 2.01736855232190E+03	-5.65134129407566E-02
 2.01737129022193E+03	 3.22811520308334E-02
 2.01737402812196E+03	 1.31917642752764E-01
 2.01737676602199E+03	 2.38779339989344E-01
 2.01737950392202E+03	 3.33483087332195E-01
 2.01738224182205E+03	 3.81349234992301E-01
 2.01738497972208E+03	 3.51325347423777E-01
 2.01738771762211E+03	 2.39441213824209E-01
 2.01739045552214E+03	 7.60377272596534E-02
 2.01739319342217E+03	-8.97373763259327E-02
 2.01739593132220E+03	-2.14123310580300E-01
 2.01739866922223E+03	-2.72665484155916E-01
 2.01740140712227E+03	-2.59246477426092E-01
 2.01740414502230E+03	-1.80932018740358E-01
 2.01740688292233E+03	-5.82527778166629E-02
 2.01740962082236E+03	 7.29023997043809E-02
 2.01741235872239E+03	 1.68744266577431E-01
 2.01741509662242E+03	 1.96430758962654E-01
 2.01741783452245E+03	 1.51621752883759E-01
 2.01742057242248E+03	 5.92249548504522E-02
 2.01742331032251E+03	-4.43067099572268E-02
 2.01742604822254E+03	-1.32022987435129E-01
 2.01742878612257E+03	-1.93980193854006E-01
 2.01743152402260E+03	-2.29374356211830E-01
 2.01743426192263E+03	-2.36515455547568E-01
 2.01743699982266E+03	-2.12412336204070E-01
 2.01743973772270E+03	-1.59224496516627E-01
 2.01744247562273E+03	-8.59892693443460E-02
 2.01744521352276E+03	-1.50145024904433E-03
 2.01744795142279E+03	 9.22947519571595E-02
 2.01745068932282E+03	 1.95459666520087E-01
 2.01745342722285E+03	 2.96433512394676E-01
 2.01745616512288E+03	 3.65484910948647E-01
 2.01745890302291E+03	 3.67197351960566E-01
 2.01746164092294E+03	 2.85027337256292E-01
 2.01746437882297E+03	 1.36876432127646E-01
 2.01746711672300E+03	-3.24590418293691E-02
 2.01746985462303E+03	-1.74781382670848E-01
 2.01747259252306E+03	-2.57929518960528E-01
 2.01747533042310E+03	-2.69670063587307E-01
 2.01747806832313E+03	-2.12448901987955E-01
 2.01748080622316E+03	-1.01366955737969E-01
 2.01748354412319E+03	 3.31009845714514E-02
 2.01748628202322E+03	 1.47922503016759E-01
 2.01748901992325E+03	 2.03048529753672E-01
 2.01749175782328E+03	 1.81926087552627E-01
 2.01749449572331E+03	 1.00062823285446E-01
 2.01749723362334E+03	-6.87969010282160E-03
 2.01749997152337E+03	-1.05608691330835E-01
 2.01750270942340E+03	-1.79411586054727E-01
 2.01750544732343E+03	-2.25188402243430E-01
 2.01750818522346E+03	-2.42315052239106E-01
 2.01751092312350E+03	-2.28066692684633E-01
 2.01751366102353E+03	-1.82726656082643E-01
 2.01751639892356E+03	-1.14141903601790E-01
 2.01751913682359E+03	-3.30517992090321E-02
 2.01752187472362E+03	 5.57421727130554E-02
 2.01752461262365E+03	 1.53562777013525E-01
 2.01752735052368E+03	 2.55750180686055E-01
 2.01753008842371E+03	 3.39799271125051E-01
 2.01753282632374E+03	 3.70019536420270E-01
 2.01753556422377E+03	 3.19765941287436E-01
 2.01753830212380E+03	 1.93263790515089E-01
 2.01754104002383E+03	 2.73178929615926E-02
 2.01754377792386E+03	-1.28331378411454E-01
 2.01754651582389E+03	-2.34300453496849E-01
 2.01754925372393E+03	-2.71416910107628E-01
 2.01755199162396E+03	-2.37261975855464E-01
 2.01755472952399E+03	-1.41955731543055E-01
 2.01755746742402E+03	-1.00628087525969E-02
 2.01756020532405E+03	 1.18583410273874E-01
 2.01756294322408E+03	 1.99746540747281E-01
 2.01756568112411E+03	 2.05619399524215E-01
 2.01756841902414E+03	 1.40093815175340E-01
 2.01757115692417E+03	 3.44330521551954E-02
 2.01757389482420E+03	-7.37345436871047E-02
 2.01757663272423E+03	-1.60131632168750E-01
 2.01757937062426E+03	-2.17350131683823E-01
 2.01758210852429E+03	-2.44914291655291E-01
 2.01758484642433E+03	-2.40954684401928E-01
 2.01758758432436E+03	-2.04406200584215E-01
 2.01759032222439E+03	-1.41208114224763E-01
 2.01759306012442E+03	-6.29970693314949E-02
 2.01759579802445E+03	 2.20632389988061E-02
 2.01759853592448E+03	 1.14250381220251E-01
 2.01760127382451E+03	 2.13905100579590E-01
 2.01760401172454E+03	 3.06753039939576E-01
 2.01760674962457E+03	 3.60615722130908E-01
 2.01760948752460E+03	 3.42278644101908E-01
 2.01761222542463E+03	 2.42523949578639E-01
 2.01761496332466E+03	 8.70942954374485E-02
 2.01761770122469E+03	-7.62456142040837E-02
 2.01762043912473E+03	-2.02281373245054E-01
 2.01762317702476E+03	-2.64318553742166E-01
 2.01762591492479E+03	-2.54479576796707E-01
 2.01762865282482E+03	-1.78254914997403E-01
 2.01763139072485E+03	-5.43905317847262E-02
 2.01763412862488E+03	 8.22268154496366E-02
 2.01763686652491E+03	 1.86316620094679E-01
 2.01763960442494E+03	 2.20861383323639E-01
 2.01764234232497E+03	 1.77052438631310E-01
 2.01764508022500E+03	 7.82728845797513E-02
 2.01764781812503E+03	-3.64610762038239E-02
 2.01765055602506E+03	-1.35526034538580E-01
 2.01765329392509E+03	-2.05342274095608E-01
 2.01765603182512E+03	-2.44063855649568E-01
 2.01765876972516E+03	-2.50820317892484E-01
 2.01766150762519E+03	-2.23956194595554E-01
 2.01766424552522E+03	-1.67213925782804E-01
 2.01766698342525E+03	-9.19110513861316E-02
 2.01766972132528E+03	-9.29791250898270E-03
 2.01767245922531E+03	 7.80372455143772E-02
 2.01767519712534E+03	 1.72939064660937E-01
 2.01767793502537E+03	 2.69030396260047E-01
 2.01768067292540E+03	 3.40616397912150E-01
 2.01768341082543E+03	 3.52031171732335E-01
 2.01768614872546E+03	 2.82340668490671E-01
 2.01768888662549E+03	 1.44184492267998E-01
 2.01769162452552E+03	-2.03967069860858E-02
 2.01769436242556E+03	-1.62693249092102E-01
 2.01769710032559E+03	-2.48449992057369E-01
 2.01769983822562E+03	-2.63521800681053E-01
 2.01770257612565E+03	-2.08827179464237E-01
 2.01770531402568E+03	-9.77370212209162E-02
 2.01770805192571E+03	 4.07727233834219E-02
 2.01771078982574E+03	 1.63250766242521E-01
 2.01771352772577E+03	 2.26304528873827E-01
 2.01771626562580E+03	 2.08615901656649E-01
 2.01771900352583E+03	 1.22795307389481E-01
 2.01772174142586E+03	 5.67722548604582E-03
 2.01772447932589E+03	-1.05129733058006E-01
 2.01772721722592E+03	-1.88540758761103E-01
 2.01772995512596E+03	-2.39410942100002E-01
 2.01773269302599E+03	-2.57400446017073E-01
 2.01773543092602E+03	-2.41014493797517E-01
 2.01773816882605E+03	-1.91980708636837E-01
 2.01774090672608E+03	-1.20196778348777E-01
 2.01774364462611E+03	-3.90806574506136E-02
 2.01774638252614E+03	 4.48478415058551E-02
 2.01774912042617E+03	 1.34294158012026E-01
 2.01775185832620E+03	 2.29248157109613E-01
 2.01775459622623E+03	 3.12273978227507E-01
 2.01775733412626E+03	 3.49392919741226E-01
 2.01776007202629E+03	 3.10979970959959E-01
 2.01776280992632E+03	 1.95902323686752E-01
 2.01776554782636E+03	 3.69836593259187E-02
 2.01776828572639E+03	-1.16714141305239E-01
 2.01777102362642E+03	-2.24134358860810E-01
 2.01777376152645E+03	-2.64083472038861E-01
 2.01777649942648E+03	-2.32584361709271E-01
 2.01777923732651E+03	-1.38153540632278E-01
 2.01778197522654E+03	-3.61712574345027E-03
 2.01778471312657E+03	 1.31690294388091E-01
 2.01778745102660E+03	 2.21236155782941E-01
 2.01779018892663E+03	 2.32624201623177E-01
 2.01779292682666E+03	 1.65782720132669E-01
 2.01779566472669E+03	 5.16074385016623E-02
 2.01779840262672E+03	-6.87664745074416E-02
 2.01780114052675E+03	-1.66286220150477E-01
 2.01780387842679E+03	-2.30477178430462E-01
 2.01780661632682E+03	-2.60400937025817E-01
 2.01780935422685E+03	-2.55202263370799E-01
 2.01781209212688E+03	-2.15164359400903E-01
 2.01781483002691E+03	-1.48016544313403E-01
 2.01781756792694E+03	-6.80309466407666E-02
 2.01782030582697E+03	 1.41452486250914E-02
 2.01782304372700E+03	 9.87344679695881E-02
 2.01782578162703E+03	 1.89686203167992E-01
 2.01782851952706E+03	 2.78208187481407E-01
 2.01783125742709E+03	 3.35598135045891E-01
 2.01783399532712E+03	 3.27470558331167E-01
 2.01783673322715E+03	 2.39781263661722E-01
 2.01783947112719E+03	 9.34005548611069E-02
 2.01784220902722E+03	-6.59029849657620E-02
 2.01784494692725E+03	-1.91968100483411E-01
 2.01784768482728E+03	-2.56102500427742E-01
 2.01785042272731E+03	-2.48773040983223E-01
 2.01785316062734E+03	-1.73987327797999E-01
 2.01785589852737E+03	-4.87242073027946E-02
 2.01785863642740E+03	 9.33097492690198E-02
 2.01786137432743E+03	 2.05653263751352E-01
 2.01786411222746E+03	 2.47295238639329E-01
 2.01786685012749E+03	 2.04816581044259E-01
 2.01786958802752E+03	 9.97158454865583E-02
 2.01787232592755E+03	-2.66800794095737E-02
 2.01787506382759E+03	-1.37992657966968E-01
 2.01787780172762E+03	-2.16664439567301E-01
 2.01788053962765E+03	-2.59461812819983E-01
 2.01788327752768E+03	-2.66142688506939E-01
 2.01788601542771E+03	-2.36312072496657E-01
 2.01788875332774E+03	-1.75272803982186E-01
 2.01789149122777E+03	-9.67493927302052E-02
 2.01789422912780E+03	-1.48918901592879E-02
 2.01789696702783E+03	 6.63607717827832E-02
 2.01789970492786E+03	 1.52073871235411E-01
 2.01790244282789E+03	 2.41113597797847E-01
 2.01790518072792E+03	 3.12608406396303E-01
 2.01790791862795E+03	 3.31713143377660E-01
 2.01791065652798E+03	 2.73802874702128E-01
 2.01791339442802E+03	 1.46246889359967E-01
 2.01791613232805E+03	-1.21900869834012E-02
 2.01791887022808E+03	-1.52858382010322E-01
 2.01792160812811E+03	-2.39745456435961E-01
 2.01792434602814E+03	-2.56937991874613E-01
 2.01792708392817E+03	-2.03932496257202E-01
 2.01792982182820E+03	-9.24408642412157E-02
 2.01793255972823E+03	 5.01534671427877E-02
 2.01793529762826E+03	 1.80261437273257E-01
 2.01793803552829E+03	 2.51407039985268E-01
 2.01794077342832E+03	 2.37490265756744E-01
 2.01794351132835E+03	 1.47916049736021E-01
 2.01794624922838E+03	 2.03657599911844E-02
 2.01794898712842E+03	-1.03281966021868E-01
 2.01795172502845E+03	-1.97298419239149E-01
 2.01795446292848E+03	-2.54124682695832E-01
 2.01795720082851E+03	-2.73456163840456E-01
 2.01795993872854E+03	-2.54919678785861E-01
 2.01796267662857E+03	-2.01633951880103E-01
 2.01796541452860E+03	-1.25584058654136E-01
 2.01796815242863E+03	-4.31739982440829E-02
 2.01797089032866E+03	 3.67112599415882E-02
 2.01797362822869E+03	 1.17458694552227E-01
 2.01797636612872E+03	 2.03467294113191E-01
 2.01797910402875E+03	 2.82890413590919E-01
 2.01798184192878E+03	 3.24497898292355E-01
 2.01798457982882E+03	 2.96602657383501E-01
 2.01798731772885E+03	 1.92999790107271E-01
 2.01799005562888E+03	 4.21800282195543E-02
 2.01799279352891E+03	-1.08058180674248E-01
 2.01799553142894E+03	-2.15415552063420E-01
 2.01799826932897E+03	-2.56880304297882E-01
 2.01800100722900E+03	-2.27036140182861E-01
 2.01800374512903E+03	-1.32901707624720E-01
 2.01800648302906E+03	 4.44840665618828E-03
 2.01800922092909E+03	 1.46399808466200E-01
 2.01801195882912E+03	 2.44423321118894E-01
 2.01801469672915E+03	 2.61636942756856E-01
 2.01801743462918E+03	 1.93785727962203E-01
 2.01802017252921E+03	 7.10401167349072E-02
 2.01802291042925E+03	-6.21259352092161E-02
 2.01802564832928E+03	-1.71713022567546E-01
 2.01802838622931E+03	-2.43817753156054E-01
 2.01803112412934E+03	-2.76735678760012E-01
 2.01803386202937E+03	-2.70474740858958E-01
 2.01803659992940E+03	-2.26591420863003E-01
 2.01803933782943E+03	-1.54578203633826E-01
 2.01804207572946E+03	-7.15168775893220E-02
 2.01804481362949E+03	 8.92828508643534E-03
 2.01804755152952E+03	 8.61716217537343E-02
 2.01805028942955E+03	 1.67274941990076E-01
 2.01805302732958E+03	 2.49135631816287E-01
 2.01805576522961E+03	 3.07421232683123E-01
 2.01805850312965E+03	 3.07621996335396E-01
 2.01806124102968E+03	 2.31442084838402E-01
 2.01806397892971E+03	 9.47605313704606E-02
 2.01806671682974E+03	-5.91812671460431E-02
 2.01806945472977E+03	-1.83780262749692E-01
 2.01807219262979E+03	-2.48625410594010E-01
 2.01807493052983E+03	-2.42670965093445E-01
 2.01807766842986E+03	-1.68567493987055E-01
 2.01808040632989E+03	-4.15813314355673E-02
 2.01808314422992E+03	 1.05904366481033E-01
 2.01808588212995E+03	 2.26546419347217E-01
 2.01808862002998E+03	 2.75543533834742E-01
 2.01809135793001E+03	 2.34759621845260E-01
 2.01809409583005E+03	 1.23464803427479E-01
 2.01809683373008E+03	-1.49728503486356E-02
 2.01809957163011E+03	-1.39370258098421E-01
 2.01810230953014E+03	-2.27872120278299E-01
 2.01810504743017E+03	-2.75512792139916E-01
 2.01810778533020E+03	-2.82476012231695E-01
 2.01811052323023E+03	-2.49530242593896E-01
 2.01811326113026E+03	-1.83472777900882E-01
 2.01811599903029E+03	-1.00495393459417E-01
 2.01811873693032E+03	-1.80373933308582E-02
 2.01812147483035E+03	 5.78886528647015E-02
 2.01812421273038E+03	 1.33888061805238E-01
 2.01812695063041E+03	 2.13957791923659E-01
 2.01812968853045E+03	 2.82707327122786E-01
 2.01813242643048E+03	 3.07179823027589E-01
 2.01813516433051E+03	 2.59880984504754E-01
 2.01813790223054E+03	 1.43066224999191E-01
 2.01814064013057E+03	-8.17994145512558E-03
 2.01814337803060E+03	-1.45808273902154E-01
 2.01814611593063E+03	-2.32411335543178E-01
 2.01814885383066E+03	-2.50490451988504E-01
 2.01815159173069E+03	-1.98259259497000E-01
 2.01815432963072E+03	-8.58752058914330E-02
 2.01815706753075E+03	 6.09300424876908E-02
 2.01815980543078E+03	 1.98691884811095E-01
 2.01816254333081E+03	 2.78122951239986E-01
 2.01816528123084E+03	 2.68357184109192E-01
 2.01816801913088E+03	 1.75307472577575E-01
 2.01817075703091E+03	 3.71649520020835E-02
 2.01817349493094E+03	-1.00001885329675E-01
 2.01817623283097E+03	-2.05578047246628E-01
 2.01817897073100E+03	-2.69229022952729E-01
 2.01818170863103E+03	-2.90427295009109E-01
 2.01818444653106E+03	-2.69794867359899E-01
 2.01818718443109E+03	-2.11753873091181E-01
 2.01818992233112E+03	-1.30351896411329E-01
 2.01819266023115E+03	-4.52170931523413E-02
 2.01819539813118E+03	 3.17749668273767E-02
 2.01819813603121E+03	 1.03914888087644E-01
 2.01820087393124E+03	 1.79607793251256E-01
 2.01820361183128E+03	 2.52953997761659E-01
 2.01820634973131E+03	 2.96447353306198E-01
 2.01820908763134E+03	 2.77332447451268E-01
 2.01821182553137E+03	 1.84776072037966E-01
 2.01821456343140E+03	 4.27268575980556E-02
 2.01821730133143E+03	-1.02799935329614E-01
 2.01822003923146E+03	-2.08700232729339E-01
 2.01822277713149E+03	-2.50383641847580E-01
 2.01822551503152E+03	-2.21149241456433E-01
 2.01822825293155E+03	-1.26655003997910E-01
 2.01823099083158E+03	 1.37567043320680E-02
 2.01823372873161E+03	 1.62390050125811E-01
 2.01823646663164E+03	 2.69022208378385E-01
 2.01823920453168E+03	 2.92417074682400E-01
 2.01824194243171E+03	 2.23942843710580E-01
 2.01824468033174E+03	 9.26828217694358E-02
 2.01824741823177E+03	-5.37522861633295E-02
 2.01825015613180E+03	-1.76282293943315E-01
 2.01825289403183E+03	-2.57228600393021E-01
 2.01825563193186E+03	-2.93811570846483E-01
 2.01825836983189E+03	-2.86735572660675E-01
 2.01826110773192E+03	-2.38728339029684E-01
 2.01826384563195E+03	-1.60966093672486E-01
 2.01826658353198E+03	-7.34400684944739E-02
 2.01826932143201E+03	 6.68628355232520E-03
 2.01827205933204E+03	 7.72334546174806E-02
 2.01827479723207E+03	 1.47743712317491E-01
 2.01827753513211E+03	 2.20834235588541E-01
 2.01828027303214E+03	 2.77322422082414E-01
 2.01828301093217E+03	 2.83641215547936E-01
 2.01828574883220E+03	 2.17951337434940E-01
 2.01828848673223E+03	 9.11792579974089E-02
 2.01829122463226E+03	-5.63932709757043E-02
 2.01829396253229E+03	-1.78208226866253E-01
 2.01829670043232E+03	-2.42443975245619E-01
 2.01829943833235E+03	-2.36721968685005E-01
 2.01830217623238E+03	-1.62492918673319E-01
 2.01830491413241E+03	-3.33952325203766E-02
 2.01830765203244E+03	 1.19629937667048E-01
 2.01831038993247E+03	 2.48652870662700E-01
 2.01831312783251E+03	 3.05308575532975E-01
 2.01831586573254E+03	 2.66666389859975E-01
 2.01831860363257E+03	 1.49427857410660E-01
 2.01832134153260E+03	-1.29832890593767E-03
 2.01832407943263E+03	-1.39518665286464E-01
 2.01832681733266E+03	-2.38785890763097E-01
 2.01832955523269E+03	-2.92057842219056E-01
 2.01833229313272E+03	-2.99727373406260E-01
 2.01833503103275E+03	-2.63607561258531E-01
 2.01833776893278E+03	-1.91882067039088E-01
 2.01834050683281E+03	-1.03198991733918E-01
 2.01834324473284E+03	-1.86048351138523E-02
 2.01834598263287E+03	 5.31006809919956E-02
 2.01834872053291E+03	 1.19285781504830E-01
 2.01835145843294E+03	 1.88792139541023E-01
 2.01835419633297E+03	 2.52214548677179E-01
 2.01835693423300E+03	 2.79513269833565E-01
 2.01835967213303E+03	 2.41239892037966E-01
 2.01836241003306E+03	 1.34849893533948E-01
 2.01836514793309E+03	-8.52950564338448E-03
 2.01836788583312E+03	-1.41941439568293E-01
 2.01837062373315E+03	-2.26960836539422E-01
 2.01837336163318E+03	-2.44722632454066E-01
 2.01837609953321E+03	-1.92329467601761E-01
 2.01837883743324E+03	-7.85174133565647E-02
 2.01838157533327E+03	 7.26682883143869E-02
 2.01838431323330E+03	 2.18141243936553E-01
 2.01838705113334E+03	 3.06092412152965E-01
 2.01838978903337E+03	 3.00936004532397E-01
 2.01839252693340E+03	 2.04818262235834E-01
 2.01839526483343E+03	 5.60776644699411E-02
 2.01839800273346E+03	-9.51554763881377E-02
 2.01840074063349E+03	-2.13174761226690E-01
 2.01840347853352E+03	-2.84516942829858E-01
 2.01840621643355E+03	-3.08161565327052E-01
 2.01840895433358E+03	-2.85580419333063E-01
 2.01841169223361E+03	-2.22378724054739E-01
 2.01841443013364E+03	-1.34579346347588E-01
 2.01841716803367E+03	-4.51917610963327E-02
 2.01841990593370E+03	 3.03376138291016E-02
 2.01842264383374E+03	 9.43739006201926E-02
 2.01842538173377E+03	 1.58773644234772E-01
 2.01842811963380E+03	 2.23765542195993E-01
 2.01843085753383E+03	 2.66448658327362E-01
 2.01843359543386E+03	 2.54035300799527E-01
 2.01843633333389E+03	 1.71648501896931E-01
 2.01843907123392E+03	 3.86320559656697E-02
 2.01844180913395E+03	-1.01221446422056E-01
 2.01844454703398E+03	-2.04434749642671E-01
 2.01844728493401E+03	-2.45109834015959E-01
 2.01845002283404E+03	-2.15450280128291E-01
 2.01845276073407E+03	-1.19919133896184E-01
 2.01845549863410E+03	 2.38301415914098E-02
 2.01845823653414E+03	 1.79206928626738E-01
 2.01846097443417E+03	 2.94610145414942E-01
 2.01846371233420E+03	 3.24611820287957E-01
 2.01846645023423E+03	 2.56029648423685E-01
 2.01846918813426E+03	 1.16481096885199E-01
 2.01847192603429E+03	-4.35373037085379E-02
 2.01847466393432E+03	-1.79778670752039E-01
 2.01847740183435E+03	-2.70462714896173E-01
 2.01848013973438E+03	-3.11418146597779E-01
 2.01848287763441E+03	-3.03861364938072E-01
 2.01848561553444E+03	-2.51563803365331E-01
 2.01848835343447E+03	-1.67255343792783E-01
 2.01849109133450E+03	-7.38559509434863E-02
 2.01849382923454E+03	 7.56074532029669E-03
 2.01849656713457E+03	 7.24303313523403E-02
 2.01849930503460E+03	 1.32028007831863E-01
 2.01850204293463E+03	 1.94540923375460E-01
 2.01850478083466E+03	 2.46576675526637E-01
 2.01850751873469E+03	 2.56562664978394E-01
 2.01851025663472E+03	 1.99932414068641E-01
 2.01851299453475E+03	 8.28510130022675E-02
 2.01851573243478E+03	-5.76824120626012E-02
 2.01851847033481E+03	-1.75609167004004E-01
 2.01852120823484E+03	-2.38026134540585E-01
 2.01852394613487E+03	-2.31436942422770E-01
 2.01852668403490E+03	-1.56279679034984E-01
 2.01852942193493E+03	-2.46732462671377E-02
 2.01853215983497E+03	 1.33988083333497E-01
 2.01853489773500E+03	 2.71491192423684E-01
 2.01853763563503E+03	 3.36163415246462E-01
 2.01854037353506E+03	 3.00229221345184E-01
 2.01854311143509E+03	 1.77475248634444E-01
 2.01854584933512E+03	 1.44043971920994E-02
 2.01854858723515E+03	-1.38230948733740E-01
 2.01855132513518E+03	-2.49131177331724E-01
 2.01855406303521E+03	-3.08833634773881E-01
 2.01855680093524E+03	-3.17707281891785E-01
 2.01855953883527E+03	-2.78469633997586E-01
 2.01856227673530E+03	-2.00543678400365E-01
 2.01856501463533E+03	-1.04950411639116E-01
 2.01856775253537E+03	-1.65759347623008E-02
 2.01857049043540E+03	 5.23150564176175E-02
 2.01857322833543E+03	 1.09006083029034E-01
 2.01857596623546E+03	 1.66732869187947E-01
 2.01857870413549E+03	 2.22410023145161E-01
 2.01858144203552E+03	 2.49871628746426E-01
 2.01858417993555E+03	 2.18692585009597E-01
 2.01858691783558E+03	 1.21985447248117E-01
 2.01858965573561E+03	-1.32252494640937E-02
 2.01859239363564E+03	-1.41505194095734E-01
 2.01859513153567E+03	-2.23793308063122E-01
 2.01859786943570E+03	-2.40109853119862E-01
 2.01860060733573E+03	-1.86650608835107E-01
 2.01860334523577E+03	-7.08880663948222E-02
 2.01860608313580E+03	 8.48384041275584E-02
 2.01860882103583E+03	 2.38078094417058E-01
 2.01861155893586E+03	 3.34817413747249E-01
 2.01861429683589E+03	 3.34830486114642E-01
 2.01861703473592E+03	 2.36228259656804E-01
 2.01861977263595E+03	 7.70956610120473E-02
 2.01862251053598E+03	-8.85663354660109E-02
 2.01862524843601E+03	-2.19803171905566E-01
 2.01862798633604E+03	-2.99681833241805E-01
 2.01863072423607E+03	-3.26405688116354E-01
 2.01863346213610E+03	-3.02131375290513E-01
 2.01863620003613E+03	-2.33497494277552E-01
 2.01863893793616E+03	-1.38354988387288E-01
 2.01864167583620E+03	-4.31630634850091E-02
 2.01864441373623E+03	 3.25482993313367E-02
 2.01864715163626E+03	 8.93674563120248E-02
 2.01864988953629E+03	 1.41914745070584E-01
 2.01865262743632E+03	 1.96547452684240E-01
 2.01865536533635E+03	 2.35729393400384E-01
 2.01865810323638E+03	 2.27684603986763E-01
 2.01866084113641E+03	 1.54194755141108E-01
 2.01866357903644E+03	 3.00789907546003E-02
 2.01866631693647E+03	-1.03441876744658E-01
 2.01866905483650E+03	-2.02931178378904E-01
 2.01867179273653E+03	-2.41479969272491E-01
 2.01867453063656E+03	-2.10419343892329E-01
 2.01867726853660E+03	-1.13209974276577E-01
 2.01868000643663E+03	 3.41233671361784E-02
 2.01868274433666E+03	 1.96282004178493E-01
 2.01868548223669E+03	 3.20626439613890E-01
 2.01868822013672E+03	 3.57736725646229E-01
 2.01869095803675E+03	 2.89725010671572E-01
 2.01869369593678E+03	 1.42337249187605E-01
 2.01869643383681E+03	-3.13591453721671E-02
 2.01869917173684E+03	-1.81926718377199E-01
 2.01870190963687E+03	-2.83184121294541E-01
 2.01870464753690E+03	-3.29245054029062E-01
 2.01870738543693E+03	-3.21634800083464E-01
 2.01871012333696E+03	-2.65017861527152E-01
 2.01871286123700E+03	-1.73501532433041E-01
 2.01871559913703E+03	-7.28712284976319E-02
 2.01871833703706E+03	 1.15659073200445E-02
 2.01872107493709E+03	 7.20927924003270E-02
 2.01872381283712E+03	 1.20880526004318E-01
 2.01872655073715E+03	 1.71363285246235E-01
 2.01872928863718E+03	 2.16421142632586E-01
 2.01873202653721E+03	 2.27479230022355E-01
 2.01873476443724E+03	 1.78138715751736E-01
 2.01873750233727E+03	 7.01347744723212E-02
 2.01874024023730E+03	-6.30248045174119E-02
 2.01874297813733E+03	-1.76191083292064E-01
 2.01874571603736E+03	-2.35721719324009E-01
 2.01874845393739E+03	-2.27250838701830E-01
 2.01875119183743E+03	-1.50420750674952E-01
 2.01875392973746E+03	-1.59585592491601E-02
 2.01875666763749E+03	 1.48389692050354E-01
 2.01875940553752E+03	 2.94451288939482E-01
 2.01876214343755E+03	 3.67541861997233E-01
 2.01876488133758E+03	 3.35021333885641E-01
 2.01876761923761E+03	 2.07403002067381E-01
 2.01877035713764E+03	 3.21783118012790E-02
 2.01877309503767E+03	-1.35265662211417E-01
 2.01877583293770E+03	-2.58560845215928E-01
 2.01877857083773E+03	-3.25483799630889E-01
 2.01878130873776E+03	-3.36129473936154E-01
 2.01878404663779E+03	-2.93959626628943E-01
 2.01878678453783E+03	-2.09455732904895E-01
 2.01878952243786E+03	-1.05858288313804E-01
 2.01879226033789E+03	-1.20299482743579E-02
 2.01879499823792E+03	 5.56826578432065E-02
 2.01879773613795E+03	 1.03590482133507E-01
 2.01880047403798E+03	 1.48725517821117E-01
 2.01880321193801E+03	 1.94479643427143E-01
 2.01880594983804E+03	 2.19416932249465E-01
 2.01880868773807E+03	 1.93142171046565E-01
 2.01881142563810E+03	 1.05004564388776E-01
 2.01881416353813E+03	-2.20899795432213E-02
 2.01881690143816E+03	-1.44589029405545E-01
 2.01881963933819E+03	-2.23172206225051E-01
 2.01882237723823E+03	-2.37025924170341E-01
 2.01882511513826E+03	-1.81675404525194E-01
 2.01882785303829E+03	-6.35098790265255E-02
 2.01883059093832E+03	 9.68491887927606E-02
 2.01883332883835E+03	 2.57860320189009E-01
 2.01883606673838E+03	 3.63662491919797E-01
 2.01883880463841E+03	 3.69510326076935E-01
 2.01884154253844E+03	 2.69215710179583E-01
 2.01884428043847E+03	 1.00160505518429E-01
 2.01884701833850E+03	-8.00530561912808E-02
 2.01884975623853E+03	-2.25127172309750E-01
 2.01885249413856E+03	-3.14336605000643E-01
 2.01885523203859E+03	-3.44812609257566E-01
 2.01885796993863E+03	-3.19212620831888E-01
 2.01886070783866E+03	-2.45034212133396E-01
 2.01886344573869E+03	-1.41754800372066E-01
 2.01886618363872E+03	-3.92596086469912E-02
 2.01886892153875E+03	 3.84121052081729E-02
 2.01887165943878E+03	 8.92292435069525E-02
 2.01887439733881E+03	 1.29781239139775E-01
 2.01887713523884E+03	 1.72377548330633E-01
 2.01887987313887E+03	 2.05464302178708E-01
 2.01888261103890E+03	 1.99296184292880E-01
 2.01888534893893E+03	 1.33106435638912E-01
 2.01888808683896E+03	 1.74023999510070E-02
 2.01889082473899E+03	-1.09420834026516E-01
 2.01889356263902E+03	-2.04353603247911E-01
 2.01889630053906E+03	-2.39792818424074E-01
 2.01889903843909E+03	-2.06453255191035E-01
 2.01890177633912E+03	-1.07012066655177E-01
 2.01890451423915E+03	 4.40626120256922E-02
 2.01890725213918E+03	 2.12961465065342E-01
 2.01890999003921E+03	 3.46384145675072E-01
 2.01891272793924E+03	 3.91167251051108E-01
 2.01891546583927E+03	 3.24584755581675E-01
 2.01891820373930E+03	 1.70072736791790E-01
 2.01892094163933E+03	-1.71227937457015E-02
 2.01892367953936E+03	-1.82426810113386E-01
 2.01892641743939E+03	-2.94994444111905E-01
 2.01892915533942E+03	-3.46896987660526E-01
 2.01893189323946E+03	-3.39746946286063E-01
 2.01893463113949E+03	-2.78931759924422E-01
 2.01893736903952E+03	-1.79720739877901E-01
 2.01894010693955E+03	-7.06211149095954E-02
 2.01894284483958E+03	 1.86032534712628E-02
 2.01894558273961E+03	 7.63661563025451E-02
 2.01894832063964E+03	 1.14839100913530E-01
 2.01895105853967E+03	 1.52223028892483E-01
 2.01895379643970E+03	 1.87984981703291E-01
 2.01895653433973E+03	 1.97473281969790E-01
 2.01895927223976E+03	 1.53398603129541E-01
 2.01896201013979E+03	 5.35196824280833E-02
 2.01896474803982E+03	-7.22427600361217E-02
 2.01896748593986E+03	-1.80008071997199E-01
 2.01897022383989E+03	-2.35742845128909E-01
 2.01897296173992E+03	-2.24491219236313E-01
 2.01897569963995E+03	-1.45346449291848E-01
 2.01897843753998E+03	-7.78836467474581E-03
 2.01898117544001E+03	 1.62191117696127E-01
 2.01898391334004E+03	 3.16816714663811E-01
 2.01898665124007E+03	 3.98741283120760E-01
 2.01898938914010E+03	 3.70479357639044E-01
 2.01899212704013E+03	 2.38899710288652E-01
 2.01899486494016E+03	 5.20074874944748E-02
 2.01899760284019E+03	-1.30387175956646E-01
 2.01900034074022E+03	-2.66688480521876E-01
 2.01900307864025E+03	-3.41581440014809E-01
 2.01900581654029E+03	-3.54620797201551E-01
 2.01900855444032E+03	-3.09834779489168E-01
 2.01901129234035E+03	-2.18555753074802E-01
 2.01901403024038E+03	-1.06026646928935E-01
 2.01901676814041E+03	-5.12294973253167E-03
 2.01901950604044E+03	 6.31932654533037E-02
 2.01902224394047E+03	 1.03364929884725E-01
 2.01902498184050E+03	 1.35500470717819E-01
 2.01902771974053E+03	 1.69451509610469E-01
 2.01903045764056E+03	 1.89245595855989E-01
 2.01903319554059E+03	 1.65520548463562E-01
