 1.88000000000000E+03,  2.04850167993469E-01,  8.70000000000000E-01, -8.04878130620413E-01,  1.00000000000000E-02,  1.13890333535065E+05,  8.10679723599455E+04
 1.88008333300000E+03,  2.07228911401988E-01,  5.42500000000000E-01, -8.05422201409907E-01,  1.90000000000000E-01,  2.07876284913881E+05,  1.71282120577527E+05
 1.88016666700000E+03,  2.45644299890706E-01,  4.70000000000000E-01, -8.05968235675762E-01,  3.70000000000000E-01,  5.60778056856939E+05,  5.30298777252906E+05
 1.88025000000000E+03,  6.01804738167258E-01, -2.07500000000000E-01, -8.06516239942818E-01,  5.50000000000000E-01,  8.24954104345671E+05,  7.98076533748563E+05
 1.88033333300000E+03,  1.27245199137871E+00, -7.15000000000000E-01, -5.86012473101635E-01,  7.30000000000000E-01,  1.00977401395428E+06,  9.85102163003590E+05
 1.88041666700000E+03,  1.70063083811483E+00, -5.00000000000000E-03, -5.85725787717480E-01,  9.10000000000000E-01,  1.02668386139368E+06,  1.00584298423218E+06
 1.88050000000000E+03,  1.81620456105545E+00,  9.25000000000000E-01, -5.85437965922840E-01,  1.09000000000000E+00,  8.88133652106249E+05,  8.73284035946468E+05
 1.88058333300000E+03,  1.80965873608318E+00,  1.55000000000000E+00, -5.85149003098968E-01,  1.27000000000000E+00,  6.48203525951631E+05,  6.37286015207397E+05
 1.88066666700000E+03,  1.66492733800833E+00,  2.21000000000000E+00, -5.84858894607493E-01,  1.45000000000000E+00,  3.69598547901272E+05,  3.60235741649648E+05
 1.88075000000000E+03,  1.40629003334056E+00,  2.26250000000000E+00, -5.84567635790338E-01,  1.63000000000000E+00,  1.44084560161235E+05,  1.39630350278168E+05
 1.88083333300000E+03,  1.11618777825649E+00,  1.20750000000000E+00, -5.83287817243137E-01,  1.81000000000000E+00,  4.47623949187280E+04,  4.97172904470185E+04
 1.88091666700000E+03,  9.10036768702657E-01,  4.75000000000000E-01, -5.82990326844537E-01,  1.99000000000000E+00,  4.82063784615559E+04,  6.13757409933000E+04
 1.88100000000000E+03,  7.99858183441626E-01,  1.05000000000000E+00, -5.82691656086291E-01,  2.17000000000000E+00,  7.38486272696864E+04,  9.16094413392656E+04
 1.88108333300000E+03,  7.43180452324548E-01,  1.62250000000000E+00, -5.82391800162720E-01,  2.35000000000000E+00,  8.46167464801490E+04,  1.05279069239358E+05
 1.88116666700000E+03,  7.35645242666843E-01,  1.92000000000000E+00, -5.82090754247669E-01,  2.53000000000000E+00,  8.91848419161981E+04,  1.09704926308265E+05
 1.88125000000000E+03,  4.00147263031870E-01,  1.97500000000000E+00, -5.81788513494420E-01,  2.71000000000000E+00,  8.39486383206853E+04,  9.88634118693348E+04
 1.88133333300000E+03, -2.44473347441567E-01,  1.53250000000000E+00, -6.17848736558029E-01,  2.89000000000000E+00,  5.96195870824690E+04,  6.61406553554983E+04
 1.88141666700000E+03, -4.39025213864500E-01,  1.01500000000000E+00, -6.17687532519266E-01,  3.07000000000000E+00,  3.39588654574470E+04,  3.26389177615576E+04
 1.88150000000000E+03, -2.75641452271908E-01,  5.62500000000000E-01, -6.17525696733371E-01,  3.25000000000000E+00,  2.68843799111554E+04,  1.79190397676279E+04
 1.88158333300000E+03, -2.32920983214387E-01,  2.97500000000000E-01, -6.17363226686824E-01,  3.43000000000000E+00,  3.04792066703667E+04,  1.49418938914639E+04
 1.88166666700000E+03, -3.26999441466013E-01, -6.50000000000000E-02, -6.17200119855821E-01,  3.61000000000000E+00,  3.29699300453101E+04,  1.49468946193871E+04
 1.88175000000000E+03, -3.78363553246143E-01, -1.05500000000000E+00, -6.17036373706227E-01,  3.79000000000000E+00,  4.02752569436792E+04,  2.31268425729380E+04
 1.88183333300000E+03, -3.03255503433632E-01, -1.82500000000000E+00, -6.13104921295307E-01,  3.97000000000000E+00,  5.56524739654135E+04,  4.01173464678319E+04
 1.88191666700000E+03, -2.95721341161754E-01, -1.45500000000000E+00, -6.12925110919695E-01,  4.15000000000000E+00,  6.91366084241139E+04,  5.73456717341443E+04
 1.88200000000000E+03, -3.45542255919666E-01, -1.02750000000000E+00, -6.12744594649912E-01,  4.33000000000000E+00,  7.75333520249565E+04,  7.26820252713825E+04
 1.88208333300000E+03, -3.41537743788666E-01, -7.90000000000000E-01, -6.12563369668135E-01,  4.51000000000000E+00,  8.94378938000070E+04,  8.98978681483039E+04
 1.88216666700000E+03, -2.88174914283486E-01, -6.20000000000000E-01, -6.12381433144939E-01,  4.69000000000000E+00,  1.07653462930287E+05,  1.07811660833449E+05
 1.88225000000000E+03, -1.79697522623051E-01, -9.37500000000000E-01, -6.12198782239250E-01,  4.87000000000000E+00,  1.26100153850781E+05,  1.23783641595416E+05
 1.88233333300000E+03, -1.57313774917675E-02, -8.60000000000000E-01, -6.69620453329194E-01,  5.05000000000000E+00,  1.40915145701796E+05,  1.38548296670094E+05
 1.88241666700000E+03,  1.78474073102397E-01, -6.25000000000000E-02, -6.69660148762469E-01,  5.23000000000000E+00,  1.49586642727894E+05,  1.48824149734134E+05
 1.88250000000000E+03,  3.28991713425683E-01,  5.90000000000000E-01, -6.69699996672966E-01,  5.41000000000000E+00,  1.44928679660610E+05,  1.45399896808717E+05
 1.88258333300000E+03,  3.58493786982064E-01,  7.17500000000000E-01, -6.69739997643914E-01,  5.59000000000000E+00,  1.21762688044506E+05,  1.23942102075452E+05
 1.88266666700000E+03,  2.50855871410013E-01,  4.60000000000000E-01, -6.69780152260752E-01,  5.77000000000000E+00,  8.59885133503370E+04,  9.05019536258167E+04
 1.88275000000000E+03,  3.85186290900985E-02,  1.82500000000000E-01, -6.69820461111140E-01,  5.95000000000000E+00,  5.12449874890952E+04,  5.58841971642741E+04
 1.88283333300000E+03, -1.95651197899335E-01,  1.95000000000000E-01, -6.69341951313292E-01,  6.13000000000000E+00,  2.89294351236140E+04,  2.97799196407109E+04
 1.88291666700000E+03, -3.52341778198945E-01,  1.22500000000000E-01, -6.69380576901881E-01,  6.31000000000000E+00,  2.22755721363525E+04,  1.75207724333729E+04
 1.88300000000000E+03, -4.20259178384289E-01, -4.82500000000000E-01, -6.69419350874985E-01,  6.49000000000000E+00,  2.76429533680484E+04,  1.83996151752674E+04
 1.88308333300000E+03, -4.34314959150693E-01, -1.19750000000000E+00, -6.69458273800305E-01,  6.67000000000000E+00,  4.06751356697959E+04,  2.93819739003852E+04
 1.88316666700000E+03, -3.98979392244417E-01, -9.80000000000000E-01, -6.69497346247700E-01,  6.85000000000000E+00,  5.90540542243188E+04,  4.93328235666877E+04
 1.88325000000000E+03, -3.70945169726383E-02, -3.50000000000000E-02, -6.69536568789188E-01,  7.03000000000000E+00,  7.80298333823863E+04,  7.50375352645186E+04
 1.88333333300000E+03,  6.59562042990198E-01,  2.87500000000000E-01, -4.95932331276178E-01,  7.21000000000000E+00,  8.95906961278934E+04,  9.77160759327340E+04
 1.88341666700000E+03,  1.13300942980933E+00, -4.75000000000000E-02, -4.95283223807080E-01,  7.39000000000000E+00,  9.04931592308032E+04,  1.10380190376425E+05
 1.88350000000000E+03,  1.30580496628810E+00, -1.20000000000000E-01, -4.94631467485463E-01,  7.57000000000000E+00,  8.41745125433015E+04,  1.12710812756092E+05
 1.88358333300000E+03,  1.36592823531937E+00, -1.17500000000000E-01, -4.93977050988729E-01,  7.75000000000000E+00,  7.16652314956261E+04,  1.03400290232786E+05
 1.88366666700000E+03,  1.29648025172824E+00, -5.62500000000000E-01, -4.93319962942270E-01,  7.93000000000000E+00,  5.22674454732682E+04,  8.03024544722774E+04
 1.88375000000000E+03,  1.11192153210754E+00, -6.77500000000000E-01, -4.92660191919214E-01,  8.11000000000000E+00,  3.87917368747785E+04,  5.80212674780941E+04
 1.88383333300000E+03,  8.90048621130656E-01,  1.55000000000000E-01, -4.93927927487371E-01,  8.29000000000000E+00,  5.80464035260478E+04,  7.01487804184972E+04
 1.88391666700000E+03,  7.59956893299717E-01,  8.72500000000000E-01, -4.93270638881259E-01,  8.47000000000000E+00,  1.24838288735440E+05,  1.37109254904962E+05
 1.88400000000000E+03,  7.37463381654208E-01,  2.77500000000000E-01, -4.92610666440559E-01,  8.65000000000000E+00,  2.21789893984233E+05,  2.38825205126028E+05
 1.88408333300000E+03,  7.74308468765303E-01, -7.67500000000000E-01, -4.91947998681918E-01,  8.82999999999999E+00,  3.09796702868094E+05,  3.29201641726884E+05
 1.88416666700000E+03,  8.64836257557750E-01, -9.17500000000000E-01, -4.91282624069166E-01,  9.00999999999999E+00,  3.52087510164144E+05,  3.69327418811126E+05
 1.88425000000000E+03,  6.84177886805224E-01, -5.62500000000000E-01, -4.90614531013047E-01,  9.18999999999999E+00,  3.30296462675532E+05,  3.43567750902960E+05
 1.88433333300000E+03,  2.24359392620207E-01,  8.75000000000000E-02, -4.42121352884512E-01,  9.36999999999999E+00,  2.53152068598968E+05,  2.62452398444282E+05
 1.88441666700000E+03,  1.10415988262997E-01,  6.30000000000000E-01, -4.41250967323333E-01,  9.54999999999999E+00,  1.55615492804188E+05,  1.61651182763619E+05
 1.88450000000000E+03,  2.73897061283282E-01,  3.12500000000000E-01, -4.40376975260500E-01,  9.72999999999999E+00,  7.82931029642962E+04,  8.35901045805812E+04
 1.88458333300000E+03,  3.13435098082507E-01, -3.50000000000000E-01, -4.39499360899604E-01,  9.90999999999999E+00,  4.06095055814721E+04,  4.75824157394845E+04
 1.88466666700000E+03,  2.11167645333606E-01, -9.87500000000000E-01, -4.38618108369277E-01,  1.00900000000000E+01,  3.76236205928070E+04,  4.44827458418942E+04
 1.88475000000000E+03,  3.41918173850157E-03, -1.79750000000000E+00, -4.37733201722806E-01,  1.02700000000000E+01,  5.93002343539592E+04,  6.11161728986483E+04
 1.88483333300000E+03, -2.35607841324561E-01, -2.19250000000000E+00, -4.34272959520021E-01,  1.04500000000000E+01,  1.00617759506954E+05,  9.47823361878252E+04
 1.88491666700000E+03, -4.26060310084057E-01, -1.42750000000000E+00, -4.33370023071885E-01,  1.06300000000000E+01,  1.52379844222621E+05,  1.40534990639813E+05
 1.88500000000000E+03, -5.50014556602590E-01, -3.42500000000000E-01, -4.32463337343340E-01,  1.08100000000000E+01,  1.95336023214915E+05,  1.80707972914422E+05
 1.88508333300000E+03, -6.29175317178930E-01,  1.35000000000000E-01, -4.31552885859213E-01,  1.09900000000000E+01,  2.10037580334025E+05,  1.95587157919084E+05
 1.88516666700000E+03, -6.66754275447567E-01, -5.20000000000000E-01, -4.30638652065831E-01,  1.11700000000000E+01,  1.88663623293180E+05,  1.77007414956833E+05
 1.88525000000000E+03, -2.93870501330335E-01, -1.58250000000000E+00, -4.29720619330613E-01,  1.13500000000000E+01,  1.38049902750755E+05,  1.30531701394008E+05
 1.88533333300000E+03,  5.13268573600165E-01, -1.61250000000000E+00, -5.54446762358703E-01,  1.15300000000000E+01,  7.75147296698187E+04,  7.33992533416368E+04
 1.88541666700000E+03,  1.02963206839109E+00, -9.60000000000000E-01, -5.54034280563543E-01,  1.17100000000000E+01,  3.13847105382524E+04,  2.90102292016935E+04
 1.88550000000000E+03,  1.16064624358846E+00,  7.50000000000006E-03, -5.53620146105924E-01,  1.18900000000000E+01,  1.37994986102513E+04,  1.17596157255551E+04
 1.88558333300000E+03,  1.16920100479098E+00,  7.67500000000000E-01, -5.53204352138608E-01,  1.20700000000000E+01,  1.84830601062608E+04,  1.54556862256186E+04
 1.88566666700000E+03,  1.03928306396694E+00,  7.12500000000000E-01, -5.52786891784339E-01,  1.22500000000000E+01,  2.82191946331783E+04,  2.34859052368799E+04
 1.88575000000000E+03,  7.97354627284911E-01,  4.55000000000000E-01, -5.52367758135704E-01,  1.24300000000000E+01,  3.32362399372944E+04,  2.81536260270035E+04
 1.88583333300000E+03,  5.25631608684696E-01,  4.05000000000000E-01, -5.49829742927893E-01,  1.26100000000000E+01,  3.48477149819806E+04,  3.23729834358589E+04
 1.88591666700000E+03,  3.35081919382224E-01,  7.07500000000000E-01, -5.49398749666756E-01,  1.27900000000000E+01,  3.43741773393520E+04,  3.64433263392027E+04
 1.88600000000000E+03,  2.38117232471447E-01,  1.23750000000000E+00, -5.48966026954134E-01,  1.29700000000000E+01,  2.85557164244061E+04,  3.47324357450279E+04
 1.88608333300000E+03,  1.94709482011334E-01,  1.60250000000000E+00, -5.48531567605537E-01,  1.31500000000000E+01,  1.76285465578657E+04,  2.66296037151298E+04
 1.88616666700000E+03,  2.00461286520111E-01,  1.93750000000000E+00, -5.48095364404847E-01,  1.33300000000000E+01,  9.59043681860758E+03,  2.17972844039044E+04
 1.88625000000000E+03,  3.84345108941055E-01,  2.26750000000000E+00, -5.47657410104172E-01,  1.35100000000000E+01,  1.16723527078972E+04,  2.98674541148616E+04
 1.88633333300000E+03,  7.42330451459506E-01,  2.38500000000000E+00, -5.01773849167870E-01,  1.36900000000000E+01,  2.18549736887813E+04,  4.87391695075513E+04
 1.88641666700000E+03,  9.99990565555080E-01,  2.40250000000000E+00, -5.01148556505259E-01,  1.38700000000000E+01,  3.24766671462857E+04,  6.69714493141924E+04
 1.88650000000000E+03,  1.09124038125349E+00,  2.08250000000000E+00, -5.00520716625173E-01,  1.40500000000000E+01,  3.87129310174994E+04,  7.54945392604350E+04
 1.88658333300000E+03,  1.06862031329877E+00,  1.12750000000000E+00, -4.99890318670791E-01,  1.42300000000000E+01,  4.00355892441149E+04,  7.28996907352853E+04
 1.88666666700000E+03,  9.16822883612878E-01,  3.12500000000000E-01, -4.99257351735629E-01,  1.44100000000000E+01,  3.70640446345828E+04,  6.18586476274008E+04
 1.88675000000000E+03,  7.31680913509204E-01,  6.50000000000000E-02, -4.98621804863291E-01,  1.45900000000000E+01,  3.18461272570433E+04,  4.74101871670281E+04
 1.88683333300000E+03,  5.86583297268424E-01,  2.25000000000000E-02, -5.00921772021958E-01,  1.47700000000000E+01,  2.88994830982148E+04,  3.78346259039422E+04
 1.88691666700000E+03,  4.45202658620119E-01, -1.92500000000000E-01, -5.00293008185422E-01,  1.49500000000000E+01,  3.12008183954232E+04,  3.86705144699937E+04
 1.88700000000000E+03,  3.28078962003259E-01, -5.70000000000000E-01, -4.99661682335646E-01,  1.51300000000000E+01,  3.63433828951772E+04,  4.50150896250140E+04
 1.88708333300000E+03,  2.73039686957454E-01, -5.45000000000000E-01, -4.99027783548122E-01,  1.53100000000000E+01,  3.97193544603096E+04,  4.68665925427548E+04
 1.88716666700000E+03,  2.76248853786045E-01, -3.02500000000000E-01, -4.98391300848337E-01,  1.54900000000000E+01,  3.93626006335625E+04,  4.12701533300798E+04
 1.88725000000000E+03,  6.21222026887738E-01, -7.75000000000000E-02, -4.97752223211524E-01,  1.56700000000000E+01,  3.54773772553669E+04,  3.25973650109899E+04
 1.88733333300000E+03,  1.35119695605200E+00,  8.10000000000000E-01, -2.78971802748663E-01,  1.58500000000000E+01,  2.87567576914055E+04,  2.44362036891113E+04
 1.88741666700000E+03,  1.91664607140361E+00,  2.25750000000000E+00, -2.77411713223425E-01,  1.60300000000000E+01,  2.15542232287006E+04,  1.86151333155768E+04
 1.88750000000000E+03,  2.17687533128322E+00,  2.95250000000000E+00, -2.75844906301388E-01,  1.62100000000000E+01,  1.70257898025361E+04,  1.75007022533535E+04
 1.88758333300000E+03,  2.27911614845654E+00,  2.46250000000000E+00, -2.74271350924145E-01,  1.63900000000000E+01,  1.53171270621856E+04,  2.03742827134633E+04
 1.88766666700000E+03,  2.21129465842261E+00,  2.10000000000000E+00, -2.72691015877258E-01,  1.65700000000000E+01,  1.40101043508883E+04,  2.25766250394462E+04
 1.88775000000000E+03,  2.03272886457962E+00,  2.26250000000000E+00, -2.71103869789428E-01,  1.67500000000000E+01,  1.24262754771239E+04,  2.23945897516944E+04
 1.88783333300000E+03,  1.83616351409158E+00,  2.20000000000000E+00, -2.71208334017129E-01,  1.69300000000000E+01,  1.14003247380593E+04,  2.23116145006613E+04
 1.88791666700000E+03,  1.68510857934200E+00,  2.19750000000000E+00, -2.69614795796739E-01,  1.71100000000000E+01,  9.87072156954640E+03,  2.20081313843227E+04
 1.88800000000000E+03,  1.58664704187152E+00,  2.30250000000000E+00, -2.68014385405200E-01,  1.72900000000000E+01,  6.55943086263278E+03,  1.85306710083496E+04
 1.88808333300000E+03,  1.52299812202846E+00,  2.33000000000000E+00, -2.66407071006079E-01,  1.74700000000000E+01,  3.74736669120150E+03,  1.36516966240688E+04
 1.88816666700000E+03,  1.48898238138516E+00,  2.26750000000000E+00, -2.64792820602764E-01,  1.76500000000000E+01,  4.71897579347607E+03,  1.24670295054922E+04
 1.88825000000000E+03,  1.28817319951773E+00,  1.83750000000000E+00, -2.63171602037608E-01,  1.78300000000000E+01,  8.94869716811671E+03,  1.54714995654592E+04
 1.88833333300000E+03,  9.60497752315600E-01,  1.84750000000000E+00, -3.74915061013740E-01,  1.80100000000000E+01,  1.36755264103859E+04,  1.94304852525715E+04
 1.88841666700000E+03,  9.35047292636467E-01,  2.31250000000000E+00, -3.73763787213102E-01,  1.81900000000000E+01,  1.80510897331586E+04,  2.36005325175076E+04
 1.88850000000000E+03,  1.12398055683717E+00,  2.19250000000000E+00, -3.72607660458760E-01,  1.83700000000000E+01,  2.21269142860688E+04,  2.83426852667419E+04
 1.88858333300000E+03,  1.22340675519761E+00,  1.83750000000000E+00, -3.71446658945300E-01,  1.85500000000000E+01,  2.41313927453845E+04,  3.08619474242813E+04
 1.88866666700000E+03,  1.21786735531938E+00,  2.01500000000000E+00, -3.70280760760680E-01,  1.87300000000000E+01,  2.24153399703441E+04,  2.85493992253813E+04
 1.88875000000000E+03,  1.37301949769066E+00,  2.23250000000000E+00, -3.69109943885670E-01,  1.89100000000000E+01,  1.86633821761952E+04,  2.41066383612859E+04
 1.88883333300000E+03,  1.76776529639497E+00,  1.74250000000000E+00, -3.62898540206678E-01,  1.90900000000000E+01,  1.65411872255577E+04,  2.29962958391643E+04
 1.88891666700000E+03,  2.01584370972792E+00,  1.57500000000000E+00, -3.61696547585662E-01,  1.92700000000000E+01,  1.81414504834896E+04,  2.77641403543754E+04
 1.88900000000000E+03,  2.10087390547236E+00,  2.25500000000000E+00, -3.60489473699516E-01,  1.94500000000000E+01,  2.33843959003579E+04,  3.73084637118038E+04
 1.88908333300000E+03,  2.20435814914214E+00,  2.87000000000000E+00, -3.59277295624215E-01,  1.96300000000000E+01,  3.18682083412546E+04,  4.95875758379677E+04
 1.88916666700000E+03,  2.31445554339041E+00,  3.21500000000000E+00, -3.58059990323157E-01,  1.98100000000000E+01,  4.37632174108887E+04,  6.32056980467418E+04
 1.88925000000000E+03,  1.94072860895193E+00,  3.31000000000000E+00, -3.56837534646561E-01,  1.99900000000000E+01,  5.90640394343260E+04,  7.77184286449765E+04
 1.88933333300000E+03,  1.10703184025987E+00,  3.04750000000000E+00, -5.98582124752695E-01,  2.01700000000000E+01,  7.64954985233101E+04,  9.30202370150247E+04
 1.88941666700000E+03,  8.08279509111067E-01,  2.23500000000000E+00, -5.98345152841939E-01,  2.03500000000000E+01,  9.28803952914558E+04,  1.07046108302168E+05
 1.88950000000000E+03,  9.69947442156373E-01,  1.31250000000000E+00, -5.98107245738659E-01,  2.05300000000000E+01,  1.03708288763817E+05,  1.14491023516643E+05
 1.88958333300000E+03,  1.01037601642405E+00,  1.05250000000000E+00, -5.97868399672836E-01,  2.07100000000000E+01,  1.05585095801641E+05,  1.10606483927556E+05
 1.88966666700000E+03,  9.13418696860040E-01,  1.14000000000000E+00, -5.97628610858661E-01,  2.08900000000000E+01,  9.90403520321512E+04,  9.69626361302107E+04
 1.88975000000000E+03,  7.50638293733680E-01,  1.34500000000000E+00, -5.97387875494459E-01,  2.10700000000000E+01,  8.82716260835608E+04,  8.09168147005834E+04
 1.88983333300000E+03,  6.04386025854731E-01,  1.40000000000000E+00, -5.95858762634361E-01,  2.12500000000000E+01,  7.72691909688376E+04,  6.85081199190136E+04
 1.88991666700000E+03,  4.95120283691524E-01,  9.02500000000000E-01, -5.95611038421026E-01,  2.14300000000000E+01,  6.67810805318480E+04,  6.02160460191844E+04
 1.89000000000000E+03,  4.34504047427247E-01,  4.42500000000000E-01, -5.95362335634131E-01,  2.16100000000000E+01,  5.57400074657930E+04,  5.38618961525818E+04
 1.89008333300000E+03,  4.27180459048745E-01,  1.77500000000000E-01, -5.95112650321687E-01,  2.17900000000000E+01,  4.45373113466071E+04,  4.82075994326234E+04
 1.89016666700000E+03,  4.68644542034914E-01, -4.17500000000000E-01, -5.94861978515097E-01,  2.19700000000000E+01,  3.58245762187380E+04,  4.31989662011536E+04
 1.89025000000000E+03,  5.70050435872998E-02, -1.11000000000000E+00, -5.94610316229088E-01,  2.21500000000000E+01,  3.29539531736915E+04,  4.03367841547826E+04
 1.89033333300000E+03, -8.21966483596161E-01, -1.25000000000000E+00, -4.25509194730999E-01,  2.23300000000000E+01,  3.76443433972145E+04,  4.27212118823856E+04
 1.89041666700000E+03, -1.19047462370646E+00, -1.39000000000000E+00, -4.24569830383256E-01,  2.25100000000000E+01,  4.70359932377993E+04,  5.03254204123272E+04
 1.89050000000000E+03, -1.10254449275358E+00, -2.15500000000000E+00, -4.23626556427712E-01,  2.26900000000000E+01,  5.34319204194505E+04,  5.60952136564835E+04
 1.89058333300000E+03, -1.12474502078543E+00, -2.66250000000000E+00, -4.22679355623782E-01,  2.28700000000000E+01,  5.05786656947551E+04,  5.24924651735855E+04
 1.89066666700000E+03, -1.27164491043655E+00, -2.13000000000000E+00, -4.21728210648379E-01,  2.30500000000000E+01,  3.99840079754245E+04,  4.09200309570027E+04
 1.89075000000000E+03, -1.42035689704995E+00, -1.61500000000000E+00, -4.20773104095480E-01,  2.32300000000000E+01,  2.73815188364479E+04,  2.85286307285234E+04
 1.89083333300000E+03, -1.50717211290140E+00, -2.05750000000000E+00, -4.26056428052165E-01,  2.34100000000000E+01,  1.57898220047790E+04,  1.86087693177418E+04
 1.89091666700000E+03, -1.63267802008965E+00, -2.48000000000000E+00, -4.25119340829610E-01,  2.35900000000000E+01,  8.58063978659731E+03,  1.28231403782924E+04
 1.89100000000000E+03, -1.76857486051390E+00, -2.08250000000000E+00, -4.24178354037945E-01,  2.37700000000000E+01,  1.50541249115260E+04,  1.91382996887360E+04
 1.89108333300000E+03, -1.84081364147646E+00, -7.97500000000000E-01, -4.23233450484609E-01,  2.39500000000000E+01,  4.20190775819218E+04,  4.50379572272738E+04
 1.89116666700000E+03, -1.85208599119270E+00,  5.70000000000000E-01, -4.22284612894789E-01,  2.41300000000000E+01,  8.13017849721751E+04,  8.36207476836368E+04
 1.89125000000000E+03, -1.32747300739212E+00,  1.31750000000000E+00, -4.21331823910988E-01,  2.43100000000000E+01,  1.15085318416444E+05,  1.17229661647998E+05
 1.89133333300000E+03, -2.70477351930435E-01,  1.70750000000000E+00, -1.19088162510129E-01,  2.44900000000000E+01,  1.31162371134687E+05,  1.33293170076477E+05
 1.89141666700000E+03,  3.67417920267594E-01,  2.00250000000000E+00, -1.16829493705952E-01,  2.46700000000000E+01,  1.25622094352978E+05,  1.28131182439843E+05
 1.89150000000000E+03,  5.42329344752982E-01,  2.00750000000000E+00, -1.14560821613447E-01,  2.48500000000000E+01,  9.86168460063232E+04,  1.02256523505999E+05
 1.89158333300000E+03,  6.51242171710240E-01,  1.26250000000000E+00, -1.12282098500854E-01,  2.50300000000000E+01,  5.90491821318816E+04,  6.43735992386088E+04
 1.89166666700000E+03,  6.49589279521375E-01,  4.87500000000000E-01, -1.09993276393135E-01,  2.52100000000000E+01,  2.58693340796775E+04,  3.30964989195172E+04
 1.89175000000000E+03,  5.43023182831398E-01, -3.15000000000000E-01, -1.07694307070740E-01,  2.53900000000000E+01,  1.20284138335038E+04,  2.11301337183637E+04
 1.89183333300000E+03,  3.85989264260406E-01, -9.47500000000000E-01, -1.06898056805203E-01,  2.55700000000000E+01,  1.18303934383275E+04,  2.21570016064275E+04
 1.89191666700000E+03,  2.28440824245344E-01, -2.15000000000000E-01, -1.04585359708805E-01,  2.57500000000000E+01,  1.21401433855615E+04,  2.22401542863968E+04
 1.89200000000000E+03,  4.40892439477290E-02,  7.95000000000000E-01, -1.02262401341124E-01,  2.59300000000000E+01,  8.89932902644488E+03,  1.71178328198407E+04
 1.89208333300000E+03, -2.09630961140575E-01,  1.14000000000000E+00, -9.99291326556118E-02,  2.61100000000000E+01,  5.75074028377397E+03,  1.09930975262495E+04
 1.89216666700000E+03, -5.21160456189580E-01,  9.30000000000000E-01, -9.75855043557942E-02,  2.62900000000000E+01,  4.47379616719397E+03,  6.67603402228319E+03
 1.89225000000000E+03, -6.69363685659539E-01,  7.50000000000001E-02, -9.52314668940089E-02,  2.64700000000000E+01,  3.95128734466973E+03,  4.11435847123835E+03
 1.89233333300000E+03, -5.29414308969701E-01, -8.62500000000000E-01, -3.05509858570718E-01,  2.66500000000000E+01,  3.63449784636509E+03,  3.03190214112851E+03
 1.89241666700000E+03, -3.75970561297527E-01, -1.54750000000000E+00, -3.04063705952042E-01,  2.68300000000000E+01,  3.95887131549163E+03,  3.02689515190854E+03
 1.89250000000000E+03, -3.62171590107023E-01, -1.75500000000000E+00, -3.02611360793449E-01,  2.70100000000000E+01,  6.07791708007727E+03,  4.17667253417949E+03
 1.89258333300000E+03, -4.65179607693439E-01, -1.56000000000000E+00, -3.01152794665388E-01,  2.71900000000000E+01,  1.14252225489043E+04,  7.36372590085277E+03
 1.89266666700000E+03, -6.89196858263019E-01, -1.65500000000000E+00, -2.99687978996318E-01,  2.73700000000000E+01,  1.92328095689159E+04,  1.19474711300246E+04
 1.89275000000000E+03, -8.49861918023396E-01, -2.00500000000000E+00, -2.98216885071955E-01,  2.75500000000000E+01,  2.60220172858895E+04,  1.56886539060277E+04
 1.89283333300000E+03, -7.94843104737838E-01, -2.15250000000000E+00, -2.89681994450404E-01,  2.77300000000000E+01,  2.88920367325911E+04,  1.77775930540087E+04
 1.89291666700000E+03, -6.44514887212239E-01, -1.70250000000000E+00, -2.88167962934621E-01,  2.79100000000000E+01,  2.71128697033303E+04,  1.85402083986802E+04
 1.89300000000000E+03, -4.58744755375184E-01, -9.57500000000000E-01, -2.86647426637536E-01,  2.80900000000000E+01,  2.09377044925209E+04,  1.72258872379522E+04
 1.89308333300000E+03, -2.07425090300719E-01, -5.02500000000000E-01, -2.85120355567523E-01,  2.82700000000000E+01,  1.21304250296801E+04,  1.37682645734781E+04
 1.89316666700000E+03,  9.08644069382633E-02, -6.07500000000000E-01, -2.83586719582627E-01,  2.84500000000000E+01,  4.63838610956199E+03,  1.03571436517108E+04
 1.89325000000000E+03,  1.71466634736171E-01, -1.09000000000000E+00, -2.82046488389749E-01,  2.86300000000000E+01,  1.48133540259897E+03,  8.28074420679573E+03
 1.89333333300000E+03, -1.51528451233457E-02, -6.17500000000000E-01, -6.04461695031834E-01,  2.88100000000000E+01,  1.93668471996360E+03,  6.39115228890564E+03
 1.89341666700000E+03, -1.65855737645297E-02,  8.67500000000000E-01, -6.04247901085370E-01,  2.89900000000000E+01,  3.58854097544701E+03,  4.34641184458286E+03
 1.89350000000000E+03,  1.47769162906419E-01,  1.74000000000000E+00, -6.04033265193525E-01,  2.91700000000000E+01,  5.26560106727134E+03,  3.65844992673371E+03
 1.89358333300000E+03,  1.91010180761075E-01,  1.51250000000000E+00, -6.03817783975489E-01,  2.93500000000000E+01,  6.66318463757363E+03,  4.72838442053324E+03
 1.89366666700000E+03,  9.70187188495934E-02,  6.42500000000000E-01, -6.03601454036385E-01,  2.95300000000000E+01,  7.14516692770119E+03,  5.98229299509282E+03
 1.89375000000000E+03, -4.59533163014488E-02,  2.00000000000000E-02, -6.03384271967210E-01,  2.97100000000000E+01,  6.31141699784742E+03,  6.12995957620141E+03
 1.89383333300000E+03, -1.55087044052148E-01, -2.92500000000000E-01, -6.01412929462612E-01,  2.98900000000000E+01,  4.82405282461750E+03,  5.47238157962325E+03
 1.89391666700000E+03, -2.42728927631785E-01, -9.62500000000000E-01, -6.01187123009087E-01,  3.00700000000000E+01,  3.90965344292582E+03,  5.15200553553258E+03
 1.89400000000000E+03, -2.97527247240502E-01, -1.41500000000000E+00, -6.00960426328362E-01,  3.02500000000000E+01,  4.09055178320373E+03,  5.63106956298709E+03
 1.89408333300000E+03, -2.98535280646952E-01, -1.53500000000000E+00, -6.00732835838434E-01,  3.04300000000000E+01,  4.70856336368597E+03,  6.26108248857289E+03
 1.89416666700000E+03, -2.50215749505272E-01, -1.92250000000000E+00, -6.00504347942344E-01,  3.06100000000000E+01,  5.03587564558097E+03,  7.10352870019328E+03
 1.89425000000000E+03, -5.88267491801024E-01, -2.64500000000000E+00, -6.00274959028113E-01,  3.07900000000000E+01,  5.20264672113512E+03,  9.54420016615070E+03
 1.89433333300000E+03, -1.32598651603569E+00, -3.17500000000000E+00, -4.24324271871902E-01,  3.09700000000000E+01,  5.21354867504140E+03,  1.31386672410865E+04
 1.89441666700000E+03, -1.61651348840279E+00, -2.94500000000000E+00, -4.23379975749982E-01,  3.11500000000000E+01,  4.37335677919090E+03,  1.48208418703522E+04
 1.89450000000000E+03, -1.51401271861285E+00, -2.40000000000000E+00, -4.22431748271067E-01,  3.13300000000000E+01,  3.03517152327784E+03,  1.38167066843762E+04
 1.89458333300000E+03, -1.51975872516076E+00, -2.18500000000000E+00, -4.21479572090488E-01,  3.15100000000000E+01,  3.09860121560657E+03,  1.32691192852806E+04
 1.89466666700000E+03, -1.64889114101210E+00, -2.43000000000000E+00, -4.20523429780526E-01,  3.16900000000000E+01,  5.22583774355271E+03,  1.47088696021247E+04
 1.89475000000000E+03, -1.79623146505633E+00, -2.89000000000000E+00, -4.19563303829978E-01,  3.18700000000000E+01,  7.61761988536667E+03,  1.58518318267482E+04
 1.89483333300000E+03, -1.90162955860572E+00, -2.83500000000000E+00, -4.25328548380959E-01,  3.20500000000000E+01,  8.70890290392444E+03,  1.52974957586578E+04
 1.89491666700000E+03, -2.03433187948843E+00, -2.07250000000000E+00, -4.24388432263068E-01,  3.22300000000000E+01,  8.73933669042411E+03,  1.42232492293946E+04
 1.89500000000000E+03, -2.16220504374329E+00, -1.22000000000000E+00, -4.23444403222722E-01,  3.24100000000000E+01,  8.16367237322167E+03,  1.33492694203391E+04
 1.89508333300000E+03, -2.22500258827653E+00, -1.23000000000000E+00, -4.22496444003476E-01,  3.25900000000000E+01,  7.30140674204436E+03,  1.32464165937980E+04
 1.89516666700000E+03, -2.22572276755120E+00, -2.12000000000000E+00, -4.21544537266301E-01,  3.27700000000000E+01,  7.72508930318944E+03,  1.64878066315741E+04
 1.89525000000000E+03, -2.01307907330475E+00, -2.49750000000000E+00, -4.20588665589148E-01,  3.29500000000000E+01,  1.10722608346528E+04,  2.48904153771687E+04
 1.89533333300000E+03, -1.57940480141423E+00, -1.89250000000000E+00, -6.29317579697659E-02,  3.31300000000000E+01,  1.62486493571922E+04,  3.58115307746362E+04
 1.89541666700000E+03, -1.22608628288714E+00, -1.09500000000000E+00, -6.04234010258070E-02,  3.33100000000000E+01,  2.00376947774359E+04,  4.38946862363159E+04
 1.89550000000000E+03, -1.02176799447802E+00, -7.30000000000000E-01, -5.79038450996172E-02,  3.34900000000000E+01,  2.03617705102430E+04,  4.52129608025070E+04
 1.89558333300000E+03, -9.01299726964556E-01, -3.35000000000000E-01, -5.53730363702070E-02,  3.36700000000000E+01,  1.74343547195764E+04,  3.93165612952906E+04
 1.89566666700000E+03, -8.84408347148930E-01,  4.45000000000000E-01, -5.28309207429022E-02,  3.38500000000000E+01,  1.25466831274673E+04,  2.92284852370068E+04
 1.89575000000000E+03, -9.71816006543715E-01,  4.05000000000000E-01, -5.02774438480029E-02,  3.40300000000000E+01,  7.45951944999552E+03,  1.93721870141559E+04
 1.89583333300000E+03, -1.08857905685321E+00, -3.52500000000000E-01, -5.04601868970240E-02,  3.42100000000000E+01,  4.43092181588662E+03,  1.25898295519025E+04
 1.89591666700000E+03, -1.07883367409486E+00, -5.52500000000000E-01, -4.78961112123251E-02,  3.43900000000000E+01,  5.09393556491770E+03,  9.60317597011367E+03
 1.89600000000000E+03, -9.13895456571946E-01, -2.45000000000000E-01, -4.53205686219726E-02,  3.45700000000000E+01,  8.97919344444503E+03,  1.01047800089971E+04
 1.89608333300000E+03, -6.40780860029267E-01,  2.75000000000000E-02, -4.27335039430754E-02,  3.47500000000000E+01,  1.39143291833595E+04,  1.25499714887652E+04
 1.89616666700000E+03, -2.62925821317420E-01,  1.30000000000000E-01, -4.01348617124048E-02,  3.49300000000000E+01,  1.78740687144674E+04,  1.45417347055956E+04
 1.89625000000000E+03,  2.55244373807791E-01,  9.07500000000000E-01, -3.75245861850351E-02,  3.51100000000000E+01,  1.97515930011979E+04,  1.49094538620206E+04
 1.89633333300000E+03,  8.44752507701054E-01,  2.00500000000000E+00, -1.94683469265172E-01,  3.52900000000000E+01,  1.89462192399274E+04,  1.38877086282588E+04
 1.89641666700000E+03,  1.32239336771810E+00,  1.97000000000000E+00, -1.92757541630513E-01,  3.54700000000000E+01,  1.61301286270432E+04,  1.20668584271914E+04
 1.89650000000000E+03,  1.64067741101559E+00,  1.30750000000000E+00, -1.90823188621146E-01,  3.56500000000000E+01,  1.44676028947629E+04,  1.17360598052926E+04
 1.89658333300000E+03,  1.80148629610608E+00,  1.56500000000000E+00, -1.88880370541157E-01,  3.58300000000000E+01,  1.74849824637608E+04,  1.65884539955930E+04
 1.89666666700000E+03,  1.78206410093604E+00,  2.29000000000000E+00, -1.86929047492852E-01,  3.60100000000000E+01,  2.46937121095630E+04,  2.64569865279397E+04
 1.89675000000000E+03,  1.50050502691807E+00,  1.81250000000000E+00, -1.84969179375702E-01,  3.61900000000000E+01,  3.14262584696206E+04,  3.55015764655710E+04
 1.89683333300000E+03,  1.00164551958103E+00,  8.80000000000000E-01, -1.75724159648102E-01,  3.63700000000000E+01,  3.37913997563496E+04,  3.86145657645255E+04
 1.89691666700000E+03,  5.83789674788495E-01,  7.02500000000000E-01, -1.73715168844370E-01,  3.65500000000000E+01,  3.17116325616875E+04,  3.59578692925616E+04
 1.89700000000000E+03,  3.36392778488379E-01,  9.75000000000000E-01, -1.71697360687850E-01,  3.67300000000000E+01,  2.69601576191700E+04,  2.99070413881650E+04
 1.89708333300000E+03,  1.88372692343054E-01,  1.72500000000000E+00, -1.69670693488894E-01,  3.69100000000000E+01,  2.11539639236755E+04,  2.25782176079976E+04
 1.89716666700000E+03,  1.55112848618313E-01,  2.57250000000000E+00, -1.67635125345660E-01,  3.70900000000000E+01,  1.61626943780321E+04,  1.69898105580611E+04
 1.89725000000000E+03,  1.59975289314511E-01,  2.50750000000000E+00, -1.65590614143007E-01,  3.72700000000000E+01,  1.34497212937652E+04,  1.52907483874024E+04
 1.89733333300000E+03,  1.84958818098430E-01,  1.78250000000000E+00, -4.89652763679581E-01,  3.74500000000000E+01,  1.20957043663154E+04,  1.54177416018010E+04
 1.89741666700000E+03,  3.49420264785425E-01,  1.24500000000000E+00, -4.88978009442732E-01,  3.76300000000000E+01,  9.78661841877613E+03,  1.35757103641458E+04
 1.89750000000000E+03,  5.60007414190466E-01,  8.77500000000000E-01, -4.88300496575483E-01,  3.78100000000000E+01,  6.21898323789773E+03,  9.31126693134231E+03
 1.89758333300000E+03,  6.46546174349556E-01,  5.50000000000000E-01, -4.87620213250035E-01,  3.79900000000000E+01,  3.44958006394598E+03,  5.13644704686922E+03
 1.89766666700000E+03,  5.91646043252736E-01,  5.70000000000000E-01, -4.86937147584029E-01,  3.81700000000000E+01,  2.74252732695319E+03,  2.78973176042818E+03
 1.89775000000000E+03,  4.65860676460831E-01,  5.62500000000000E-01, -4.86251287640271E-01,  3.83500000000000E+01,  3.12317535408735E+03,  2.21614985161792E+03
 1.89783333300000E+03,  3.46032568979901E-01,  1.87500000000000E-01, -4.83925456521370E-01,  3.85300000000000E+01,  3.24129896751718E+03,  2.63510184023124E+03
 1.89791666700000E+03,  2.46790882042628E-01, -4.00000000000000E-02, -4.83227269736596E-01,  3.87100000000000E+01,  2.88257430428331E+03,  3.19152327534296E+03
 1.89800000000000E+03,  1.83312244236351E-01,  1.30000000000000E-01, -4.82526223731731E-01,  3.88900000000000E+01,  2.39522843787947E+03,  3.61431040705624E+03
 1.89808333300000E+03,  1.64512488979553E-01,  6.12500000000000E-01, -4.81822306214200E-01,  3.90700000000000E+01,  2.07935436931011E+03,  4.43172385616319E+03
 1.89816666700000E+03,  1.86051243329233E-01,  9.30000000000000E-01, -4.81115504834507E-01,  3.92500000000000E+01,  2.45088949500231E+03,  5.86715241091014E+03
 1.89825000000000E+03, -1.06625310665239E-01,  8.95000000000000E-01, -4.80405807185947E-01,  3.94299999999999E+01,  4.03979719135896E+03,  7.28771112870046E+03
 1.89833333300000E+03, -6.39446492537120E-01,  1.22000000000000E+00, -2.89478054388201E-01,  3.96099999999999E+01,  6.60438336084847E+03,  8.23610941176871E+03
 1.89841666700000E+03, -6.34831018761368E-01,  1.90750000000000E+00, -2.87963146796889E-01,  3.97899999999999E+01,  9.14432527651247E+03,  8.88518350604077E+03
 1.89850000000000E+03, -2.27475363535646E-01,  2.05000000000000E+00, -2.86441730385648E-01,  3.99699999999999E+01,  1.07463164113626E+04,  9.24250907031263E+03
 1.89858333300000E+03,  6.86320120260065E-02,  1.59750000000000E+00, -2.84913775142614E-01,  4.01499999999999E+01,  1.10110879722096E+04,  9.05566340900232E+03
 1.89866666700000E+03,  2.23304585313008E-01,  9.00000000000000E-01, -2.83379250905480E-01,  4.03299999999999E+01,  9.90334784002888E+03,  8.53124809642662E+03
 1.89875000000000E+03,  5.83025684987708E-02, -1.07500000000000E-01, -2.81838127360692E-01,  4.05099999999999E+01,  7.79981673522639E+03,  8.23657702725576E+03
 1.89883333300000E+03, -3.32477001954189E-01, -6.22500000000000E-01, -2.85624857762225E-01,  4.06899999999999E+01,  5.59134501524605E+03,  8.40088108153095E+03
 1.89891666700000E+03, -4.32913344363775E-01, -3.90000000000000E-01, -2.84093390872058E-01,  4.08699999999999E+01,  4.16280190816797E+03,  8.81261146600000E+03
 1.89900000000000E+03, -2.46073098762929E-01, -3.60000000000000E-01, -2.82555338784304E-01,  4.10499999999999E+01,  3.65469265849997E+03,  9.10329053192844E+03
 1.89908333300000E+03, -2.84311945567654E-02, -3.47500000000000E-01, -2.81010671104140E-01,  4.12299999999999E+01,  3.49001368740707E+03,  8.88285430623821E+03
 1.89916666700000E+03,  2.06735020998729E-01,  1.37500000000000E-01, -2.79459357284251E-01,  4.14099999999999E+01,  3.10711512071079E+03,  7.91789970598315E+03
 1.89925000000000E+03,  1.38852374118067E-01,  1.00500000000000E+00, -2.77901366624025E-01,  4.15899999999999E+01,  2.48820280056279E+03,  6.30292710192094E+03
 1.89933333300000E+03, -1.61133721899775E-01,  1.78500000000000E+00, -4.22862783586270E-02,  4.17699999999999E+01,  2.08348055594142E+03,  4.37073323484566E+03
 1.89941666700000E+03,  1.55292490052995E-02,  1.81250000000000E+00, -3.96856343212357E-02,  4.19499999999999E+01,  2.43723543942120E+03,  2.55272409015266E+03
 1.89950000000000E+03,  5.50456785847361E-01,  1.79000000000000E+00, -3.70733473471355E-02,  4.21299999999999E+01,  3.81745746721068E+03,  1.26696415946595E+03
 1.89958333300000E+03,  9.54276915556003E-01,  2.04250000000000E+00, -3.44493613593926E-02,  4.23099999999999E+01,  5.97890190761077E+03,  6.74434007594073E+02
 1.89966666700000E+03,  1.15187989923486E+00,  1.64500000000000E+00, -3.18136199964038E-02,  4.24899999999999E+01,  8.19073396318268E+03,  6.64237807851355E+02
 1.89975000000000E+03,  1.13838552922315E+00,  1.37500000000000E+00, -2.91660666105213E-02,  4.26699999999999E+01,  9.54196482498449E+03,  1.29586328916765E+03
 1.89983333300000E+03,  9.60631389612806E-01,  2.06750000000000E+00, -2.68842628222025E-02,  4.28499999999999E+01,  9.38085762126034E+03,  2.96374604839841E+03
 1.89991666700000E+03,  6.68125552243779E-01,  2.60750000000000E+00, -2.42146079716452E-02,  4.30299999999999E+01,  7.71370602092642E+03,  5.84432597078889E+03
 1.90000000000000E+03,  2.92876893401283E-01,  2.39250000000000E+00, -2.15329775938030E-02,  4.32099999999999E+01,  5.27810269636162E+03,  9.39656892260488E+03
 1.90008333300000E+03, -1.21517980516166E-01,  1.79000000000000E+00, -1.88393139244372E-02,  4.33899999999999E+01,  3.05540501092363E+03,  1.25306737916450E+04
 1.90016666700000E+03, -4.98359108507959E-01,  1.32750000000000E+00, -1.61335589065327E-02,  4.35699999999999E+01,  1.58729761632225E+03,  1.40979464232261E+04
 1.90025000000000E+03, -4.07082939651979E-01,  1.06750000000000E+00, -1.34156541889021E-02,  4.37499999999999E+01,  8.14659247618932E+02,  1.33911750588497E+04
 1.90033333300000E+03,  1.87228537687016E-01,  4.97500000000000E-01, -1.73391683337419E-01,  4.39299999999999E+01,  4.59546302172616E+02,  1.06312629044583E+04
 1.90041666700000E+03,  5.44285968122250E-01,  3.30000000000000E-01, -1.71372455142386E-01,  4.41099999999999E+01,  3.08228143711949E+02,  7.01566007719099E+03
 1.90050000000000E+03,  5.70702605107177E-01,  5.67500000000000E-01, -1.69344361189379E-01,  4.42899999999999E+01,  2.12470871080100E+02,  3.95334632377187E+03
 1.90058333300000E+03,  5.43785753807705E-01,  4.55000000000000E-01, -1.67307359542372E-01,  4.44699999999999E+01,  1.49661468573902E+02,  2.07353424968796E+03
 1.90066666700000E+03,  4.55050095795969E-01,  6.35000000000000E-01, -1.65261408051861E-01,  4.46499999999999E+01,  3.37855472294964E+02,  1.11419070529110E+03
 1.90075000000000E+03,  4.54325701251436E-01,  9.15000000000000E-01, -1.63206464353758E-01,  4.48299999999999E+01,  1.14526767883915E+03,  9.25192264198312E+02
 1.90083333300000E+03,  5.88205484236656E-01,  9.57500000000000E-01, -1.56069623112293E-01,  4.50099999999999E+01,  2.82703941642439E+03,  2.23154805040091E+03
 1.90091666700000E+03,  6.49453899792684E-01,  1.02000000000000E+00, -1.53974243060637E-01,  4.51899999999999E+01,  5.21436716543401E+03,  5.70108653303408E+03
 1.90100000000000E+03,  6.12385347203413E-01,  1.15500000000000E+00, -1.51869636563017E-01,  4.53699999999999E+01,  7.54261248329922E+03,  1.04335621779903E+04
 1.90108333300000E+03,  5.60528797824505E-01,  1.55750000000000E+00, -1.49755759846632E-01,  4.55499999999999E+01,  8.87262581689216E+03,  1.45108598509262E+04
 1.90116666700000E+03,  4.99357911068268E-01,  1.74750000000000E+00, -1.47632568915682E-01,  4.57299999999999E+01,  8.96479224371106E+03,  1.70029237924546E+04
 1.90125000000000E+03,  1.99626598395234E-01,  1.46500000000000E+00, -1.45500019550215E-01,  4.59099999999999E+01,  8.47643300507263E+03,  1.80473059400359E+04
 1.90133333300000E+03, -2.06089145178240E-01,  1.43750000000000E+00, -2.85192541068024E-01,  4.60899999999999E+01,  8.14797498954373E+03,  1.73329244647155E+04
 1.90141666700000E+03, -1.13175179482211E-01,  1.86250000000000E+00, -2.83659215456673E-01,  4.62699999999999E+01,  8.20678078828856E+03,  1.45829080732810E+04
 1.90150000000000E+03,  2.86986311540828E-01,  2.02750000000000E+00, -2.82119296069799E-01,  4.64499999999999E+01,  8.56290562646318E+03,  1.11133560941810E+04
 1.90158333300000E+03,  5.40255425991794E-01,  1.48000000000000E+00, -2.80572752469549E-01,  4.66299999999999E+01,  8.91750947737787E+03,  8.50080459703835E+03
 1.90166666700000E+03,  6.22625675650570E-01,  3.02500000000000E-01, -2.79019554065350E-01,  4.68099999999999E+01,  8.68869068184710E+03,  6.32286223095724E+03
 1.90175000000000E+03,  5.57992010982060E-01, -6.25000000000000E-01, -2.77459670113097E-01,  4.69899999999999E+01,  7.58597982587078E+03,  3.62210115634382E+03
 1.90183333300000E+03,  4.36420891100811E-01, -7.25000000000000E-01, -2.77249149599885E-01,  4.71699999999999E+01,  6.21422668802401E+03,  1.37733343489915E+03
 1.90191666700000E+03,  3.74725724006414E-01, -7.12500000000000E-01, -2.75681642593105E-01,  4.73499999999999E+01,  5.42531760820613E+03,  9.74701241838773E+02
 1.90200000000000E+03,  3.77994693408686E-01, -7.25000000000000E-01, -2.74107383893511E-01,  4.75299999999999E+01,  5.26750080570058E+03,  1.81341100001666E+03
 1.90208333300000E+03,  4.02691538967746E-01, -4.15000000000000E-01, -2.72526342270398E-01,  4.77099999999999E+01,  5.19169233561592E+03,  2.74684467903797E+03
 1.90216666700000E+03,  4.49265884146098E-01, -4.77500000000000E-01, -2.70938486336111E-01,  4.78899999999999E+01,  4.95841884836879E+03,  4.02872283743534E+03
 1.90225000000000E+03, -8.42180333007695E-02, -9.37500000000000E-01, -2.69343784545208E-01,  4.80699999999999E+01,  4.77200392463817E+03,  6.06292991218574E+03
 1.90233333300000E+03, -1.14468352062257E+00, -1.36000000000000E+00, -5.50556401756441E-02,  4.82499999999999E+01,  4.85961814702752E+03,  8.30078317528062E+03
 1.90241666700000E+03, -1.47010457571695E+00, -2.11500000000000E+00, -5.25121062463656E-02,  4.84299999999999E+01,  5.31314668673882E+03,  1.03882693648476E+04
 1.90250000000000E+03, -1.15860984103479E+00, -2.41500000000000E+00, -4.99572042284768E-02,  4.86099999999999E+01,  6.00989837858660E+03,  1.22916534741254E+04
 1.90258333300000E+03, -9.31866412988069E-01, -1.49000000000000E+00, -4.73908794412375E-02,  4.87899999999999E+01,  6.49852352227642E+03,  1.31984960855219E+04
 1.90266666700000E+03, -7.95772508648303E-01, -2.95000000000000E-01, -4.48130769260169E-02,  4.89699999999999E+01,  6.29526874365203E+03,  1.23753682288010E+04
 1.90275000000000E+03, -8.15274219154954E-01, -1.15000000000000E-01, -4.22237414449399E-02,  4.91499999999999E+01,  5.34091783873809E+03,  1.04808977076166E+04
 1.90283333300000E+03, -9.25398646289559E-01, -6.60000000000000E-01, -4.34051005714181E-02,  4.93299999999999E+01,  3.95174175264120E+03,  8.43591790499244E+03
 1.90291666700000E+03, -8.36958359241854E-01, -7.27500000000000E-01, -4.08094642254492E-02,  4.95099999999999E+01,  2.51182706655591E+03,  6.47064831759511E+03
 1.90300000000000E+03, -5.30152652124080E-01, -1.95000000000000E-01, -3.82022090572666E-02,  4.96899999999999E+01,  1.42690058960444E+03,  5.29877707520974E+03
 1.90308333300000E+03, -1.58460635982744E-01,  1.07500000000000E-01, -3.55832791123735E-02,  4.98699999999999E+01,  1.04264476931844E+03,  5.90213554817684E+03
 1.90316666700000E+03,  2.20177504341612E-01, -2.40000000000000E-01, -3.29526181521950E-02,  5.00499999999999E+01,  1.29974733379220E+03,  7.41541030186744E+03
 1.90325000000000E+03, -1.29320527910624E-01, -7.62500000000000E-01, -3.03101696527048E-02,  5.02299999999999E+01,  1.70338723227787E+03,  7.78077630504197E+03
 1.90333333300000E+03, -1.30260410945974E+00, -1.24750000000000E+00,  7.33978913333411E-03,  5.04099999999999E+01,  1.85368400549926E+03,  6.80791329201322E+03
 1.90341666700000E+03, -1.98004871811494E+00, -1.56250000000000E+00,  1.01632649142295E-02,  5.05899999999999E+01,  1.83975500191856E+03,  6.20918725712818E+03
 1.90350000000000E+03, -2.07330270591656E+00, -2.28250000000000E+00,  1.29994591910304E-02,  5.07699999999999E+01,  2.02772687187405E+03,  6.95560982131281E+03
 1.90358333300000E+03, -2.22160050608246E+00, -3.68750000000000E+00,  1.58484334864912E-02,  5.09499999999999E+01,  2.67983533906231E+03,  8.80666288223593E+03
 1.90366666700000E+03, -2.44392484196294E+00, -4.22500000000000E+00,  1.87102496338323E-02,  5.11299999999999E+01,  3.84855126244469E+03,  1.15921621538208E+04
 1.90375000000000E+03, -2.72975399980394E+00, -3.48750000000000E+00,  2.15849697781749E-02,  5.13099999999999E+01,  5.35237998218799E+03,  1.48868910720650E+04
 1.90383333300000E+03, -3.02795714761923E+00, -2.76000000000000E+00,  2.64773158869617E-02,  5.14899999999999E+01,  6.65755484499008E+03,  1.73606680504819E+04
 1.90391666700000E+03, -3.25145631845683E+00, -2.85750000000000E+00,  2.93870792441548E-02,  5.16699999999999E+01,  7.04732050466682E+03,  1.81113563750406E+04
 1.90400000000000E+03, -3.33990978161630E+00, -3.34500000000000E+00,  3.23099787361654E-02,  5.18499999999999E+01,  6.29330312239787E+03,  1.78204663209236E+04
 1.90408333300000E+03, -3.25056313125750E+00, -3.62000000000000E+00,  3.52460779906959E-02,  5.20299999999999E+01,  5.14067452232486E+03,  1.76658347080706E+04
 1.90416666700000E+03, -2.93171147198878E+00, -3.81250000000000E+00,  3.81954409555810E-02,  5.22099999999999E+01,  4.84293054822500E+03,  1.80749850278168E+04
 1.90425000000000E+03, -2.31104717632251E+00, -3.98000000000000E+00,  4.11581319002438E-02,  5.23899999999999E+01,  6.14205714941676E+03,  1.90135526182911E+04
 1.90433333300000E+03, -1.66202803083206E+00, -4.04250000000000E+00, -2.18504856641760E-01,  5.25699999999999E+01,  8.74402824837334E+03,  2.02988859919485E+04
 1.90441666700000E+03, -1.40553313378805E+00, -3.91000000000000E+00, -2.16682904019916E-01,  5.27499999999999E+01,  1.15802892002992E+04,  2.11325243405012E+04
 1.90450000000000E+03, -1.40113870910951E+00, -3.55750000000000E+00, -2.14853014652784E-01,  5.29299999999999E+01,  1.33969989763570E+04,  2.03183361626202E+04
 1.90458333300000E+03, -1.43149667889029E+00, -3.70750000000000E+00, -2.13015151325261E-01,  5.31099999999999E+01,  1.33841911930339E+04,  1.74508629277532E+04
 1.90466666700000E+03, -1.50861303183938E+00, -4.11500000000000E+00, -2.11169276633516E-01,  5.32899999999999E+01,  1.16668585165613E+04,  1.33278702796731E+04
 1.90475000000000E+03, -1.47602381380280E+00, -3.47250000000000E+00, -2.09315352983991E-01,  5.34699999999999E+01,  9.21282704385215E+03,  9.02926148613215E+03
 1.90483333300000E+03, -1.25380558447811E+00, -2.23500000000000E+00, -2.04292663108030E-01,  5.36499999999999E+01,  7.07172888431772E+03,  5.21754035050288E+03
 1.90491666700000E+03, -1.01776351159101E+00, -1.76000000000000E+00, -2.02408730476213E-01,  5.38299999999999E+01,  5.66643770017083E+03,  2.52475032418695E+03
 1.90500000000000E+03, -8.01401158565281E-01, -1.89750000000000E+00, -2.00516570105966E-01,  5.40099999999999E+01,  4.77580322779667E+03,  1.80237730779268E+03
 1.90508333300000E+03, -5.42043793573945E-01, -2.30750000000000E+00, -1.98616143305484E-01,  5.41899999999999E+01,  3.97656443992266E+03,  3.21968042061736E+03
 1.90516666700000E+03, -2.52581047288581E-01, -2.62000000000000E+00, -1.96707411186454E-01,  5.43699999999999E+01,  2.99768847864970E+03,  5.49586886123268E+03
 1.90525000000000E+03, -3.68063996324434E-01, -1.85500000000000E+00, -1.94790334663020E-01,  5.45499999999999E+01,  1.85948802207132E+03,  6.96750043602736E+03
 1.90533333300000E+03, -9.93671336143203E-01, -1.11500000000000E+00, -2.19488974433746E-01,  5.47299999999999E+01,  8.72278088420764E+02,  7.35806175734643E+03
 1.90541666700000E+03, -1.36439872279646E+00, -1.09250000000000E+00, -2.17671307707426E-01,  5.49099999999999E+01,  4.01785850719854E+02,  7.51059353151515E+03
 1.90550000000000E+03, -1.40126061580906E+00, -9.95000000000000E-01, -2.15845724326316E-01,  5.50899999999999E+01,  4.69188888043377E+02,  7.48448801642887E+03
 1.90558333300000E+03, -1.47941536593548E+00, -1.67500000000000E+00, -2.14012187177181E-01,  5.52699999999999E+01,  6.78724631150147E+02,  6.46731789560981E+03
 1.90566666700000E+03, -1.60528100032330E+00, -2.70500000000000E+00, -2.12170658958598E-01,  5.54499999999999E+01,  7.27074891167916E+02,  4.85649508689886E+03
 1.90575000000000E+03, -1.78362283262741E+00, -2.76000000000000E+00, -2.10321102179955E-01,  5.56299999999999E+01,  8.72887292124691E+02,  4.50924589466807E+03
 1.90583333300000E+03, -1.99607281417941E+00, -2.52250000000000E+00, -2.13687284611868E-01,  5.58099999999999E+01,  1.63215253470448E+03,  6.10774542223025E+03
 1.90591666700000E+03, -2.12940404997090E+00, -2.01500000000000E+00, -2.11844340100524E-01,  5.59899999999999E+01,  3.04808146996993E+03,  8.09835944573221E+03
 1.90600000000000E+03, -2.11152581232200E+00, -9.95000000000000E-01, -2.09993360383011E-01,  5.61699999999999E+01,  4.52795109754104E+03,  9.07436056714005E+03
 1.90608333300000E+03, -1.96290964718479E+00, -4.17500000000000E-01, -2.08134307744814E-01,  5.63499999999999E+01,  5.41335218874322E+03,  9.29122536723827E+03
 1.90616666700000E+03, -1.70513098519836E+00, -4.00000000000000E-01, -2.06267144280058E-01,  5.65299999999999E+01,  5.53131431798752E+03,  9.09472086734696E+03
 1.90625000000000E+03, -1.29822973501558E+00, -6.97500000000000E-01, -2.04391831890494E-01,  5.67099999999999E+01,  5.25447423854972E+03,  8.00148112692594E+03
 1.90633333300000E+03, -7.06372719477590E-01, -8.35000000000000E-01,  4.86265905574922E-02,  5.68899999999999E+01,  5.25814553162164E+03,  6.24194404858533E+03
 1.90641666700000E+03, -8.62711931495550E-02, -3.25000000000000E-01,  5.16364537897004E-02,  5.70699999999999E+01,  6.20182483042076E+03,  5.42416839255113E+03
 1.90650000000000E+03,  2.94875622164213E-01, -1.25000000000000E-01,  5.46599382986055E-02,  5.72499999999999E+01,  8.38597514957569E+03,  6.97382146671293E+03
 1.90658333300000E+03,  2.97928465773351E-01, -5.87500000000000E-01,  5.76971101487884E-02,  5.74299999999999E+01,  1.14993417954798E+04,  1.10030332856506E+04
 1.90666666700000E+03, -4.68511377479267E-02, -1.06250000000000E+00,  6.07480357359251E-02,  5.76099999999999E+01,  1.46232403068299E+04,  1.64811840549137E+04
 1.90675000000000E+03, -4.63535912803677E-01, -1.00000000000000E+00,  6.38127817882562E-02,  5.77899999999999E+01,  1.65797975103334E+04,  2.14945023720090E+04
 1.90683333300000E+03, -7.88823006169517E-01, -9.57500000000000E-01,  6.27737567078497E-02,  5.79699999999999E+01,  1.65412307666796E+04,  2.39762486150708E+04
 1.90691666700000E+03, -1.19056190897343E+00, -1.59000000000000E+00,  6.58476815720084E-02,  5.81499999999999E+01,  1.45117419863271E+04,  2.29832169503042E+04
 1.90700000000000E+03, -1.62431434724425E+00, -2.31750000000000E+00,  6.89355385083616E-02,  5.83299999999999E+01,  1.12613051376031E+04,  1.88404750978295E+04
 1.90708333300000E+03, -1.93710969910026E+00, -2.79750000000000E+00,  7.20373951374353E-02,  5.85099999999999E+01,  7.85077142129537E+03,  1.25635243820101E+04
 1.90716666700000E+03, -2.12242327316653E+00, -2.50250000000000E+00,  7.51533194177121E-02,  5.86899999999999E+01,  5.25443247732046E+03,  6.24488193197884E+03
 1.90725000000000E+03, -2.24025045236731E+00, -1.77250000000000E+00,  7.82833796471081E-02,  5.88699999999999E+01,  4.14928320737327E+03,  2.68477950786730E+03
 1.90733333300000E+03, -2.27478833876854E+00, -1.74250000000000E+00, -7.23824147154990E-02,  5.90499999999999E+01,  4.62249590447903E+03,  2.86741863721537E+03
 1.90741666700000E+03, -2.13975468465779E+00, -2.30500000000000E+00, -6.99162174251134E-02,  5.92299999999999E+01,  6.02114598513743E+03,  5.09398234820398E+03
 1.90750000000000E+03, -1.97876445374030E+00, -2.78750000000000E+00, -6.74390236297767E-02,  5.94099999999999E+01,  7.38064704147515E+03,  7.74168513138891E+03
 1.90758333300000E+03, -1.95740263932619E+00, -2.68250000000000E+00, -6.49507805385308E-02,  5.95899999999999E+01,  8.13502391796627E+03,  1.07066366047529E+04
 1.90766666700000E+03, -2.06597808261799E+00, -2.18750000000000E+00, -6.24514350918018E-02,  5.97699999999999E+01,  8.31708156690180E+03,  1.32857614381490E+04
 1.90775000000000E+03, -2.17914582935234E+00, -2.07250000000000E+00, -5.99409339600757E-02,  5.99499999999999E+01,  8.12221627005834E+03,  1.37283903164859E+04
 1.90783333300000E+03, -2.19057777410029E+00, -2.12250000000000E+00, -5.28321300920179E-02,  6.01299999999999E+01,  7.53473543775154E+03,  1.20832034133704E+04
 1.90791666700000E+03, -2.13255764288457E+00, -2.06250000000000E+00, -5.02786586028784E-02,  6.03099999999999E+01,  6.48836219095277E+03,  1.06486337121089E+04
 1.90800000000000E+03, -2.00745562073238E+00, -2.18000000000000E+00, -4.77137712260772E-02,  6.04899999999999E+01,  5.19130920220245E+03,  1.08144007182689E+04
 1.90808333300000E+03, -1.78340751132668E+00, -2.30750000000000E+00, -4.51374130379539E-02,  6.06699999999999E+01,  4.05464842145347E+03,  1.19604838330818E+04
 1.90816666700000E+03, -1.45515218674266E+00, -2.27250000000000E+00, -4.25495288357733E-02,  6.08499999999999E+01,  3.32737715955910E+03,  1.34046971864211E+04
 1.90825000000000E+03, -1.40583037410076E+00, -2.02250000000000E+00, -3.99500631363676E-02,  6.10299999999999E+01,  2.98421568513483E+03,  1.47526997028815E+04
 1.90833333300000E+03, -1.74393756600453E+00, -1.46500000000000E+00, -4.40914700329702E-01,  6.12099999999999E+01,  2.95650634367813E+03,  1.46997139836518E+04
 1.90841666700000E+03, -1.83351130685162E+00, -6.32500000000000E-01, -4.40039314694773E-01,  6.13899999999999E+01,  3.25826772812095E+03,  1.21307049519761E+04
 1.90850000000000E+03, -1.67115803153250E+00,  1.25000000000000E-02, -4.39160300656426E-01,  6.15699999999999E+01,  3.83821216117304E+03,  8.12373053120822E+03
 1.90858333300000E+03, -1.63513449192639E+00, -9.00000000000000E-02, -4.38277642314312E-01,  6.17499999999999E+01,  4.49065131781253E+03,  4.85423563470043E+03
 1.90866666700000E+03, -1.74312202070419E+00, -6.92500000000000E-01, -4.37391323692584E-01,  6.19299999999999E+01,  4.98083439091085E+03,  3.03848025692066E+03
 1.90875000000000E+03, -1.95962678382102E+00, -1.18250000000000E+00, -4.36501328739499E-01,  6.21099999999999E+01,  5.14878846870382E+03,  1.95872007054067E+03
 1.90883333300000E+03, -2.20812591441324E+00, -1.35000000000000E+00, -4.33738020811054E-01,  6.22899999999999E+01,  4.90360409755365E+03,  1.17022262969989E+03
 1.90891666700000E+03, -2.40387828676226E+00, -1.22500000000000E+00, -4.32832863235496E-01,  6.24699999999999E+01,  4.26845531357992E+03,  7.73451034865312E+02
 1.90900000000000E+03, -2.52995658433729E+00, -1.15500000000000E+00, -4.31923946620133E-01,  6.26499999999999E+01,  3.44059305408164E+03,  6.45184961293852E+02
 1.90908333300000E+03, -2.61055193708095E+00, -1.20250000000000E+00, -4.31011254443296E-01,  6.28299999999999E+01,  2.67645921041031E+03,  4.99637892615386E+02
 1.90916666700000E+03, -2.64864136507337E+00, -1.21000000000000E+00, -4.30094770104574E-01,  6.30099999999999E+01,  2.08624177146910E+03,  3.78294950784076E+02
 1.90925000000000E+03, -2.26136505011057E+00, -9.87500000000000E-01, -4.29174476924401E-01,  6.31899999999999E+01,  1.60252356486347E+03,  5.37120176055126E+02
 1.90933333300000E+03, -1.47058210751528E+00, -7.00000000000000E-01, -3.42569073221768E-01,  6.33699999999999E+01,  1.13871132714195E+03,  1.09709794703251E+03
 1.90941666700000E+03, -1.06708025370013E+00, -1.05000000000000E+00, -3.41280949158862E-01,  6.35499999999999E+01,  7.11533907788780E+02,  1.89976780390734E+03
 1.90950000000000E+03, -1.08426208765822E+00, -1.33500000000000E+00, -3.39987354041933E-01,  6.37299999999999E+01,  4.02555939455246E+02,  2.49453802738364E+03
 1.90958333300000E+03, -1.19172618843101E+00, -1.09000000000000E+00, -3.38688263026592E-01,  6.39099999999999E+01,  2.55156293583262E+02,  2.54783844429380E+03
 1.90966666700000E+03, -1.40613952683777E+00, -1.13000000000000E+00, -3.37383651145626E-01,  6.40899999999999E+01,  2.51961022102232E+02,  2.45520868440253E+03
 1.90975000000000E+03, -1.46537121396525E+00, -1.74250000000000E+00, -3.36073493308341E-01,  6.42699999999999E+01,  3.83619617855636E+02,  2.93530824668447E+03
 1.90983333300000E+03, -1.33514382867968E+00, -2.39250000000000E+00, -3.43284759883999E-01,  6.44499999999999E+01,  7.15063818872538E+02,  3.84290942107245E+03
 1.90991666700000E+03, -1.42608645472881E+00, -2.64000000000000E+00, -3.41999674868365E-01,  6.46299999999999E+01,  1.40888881725105E+03,  4.32614217669550E+03
 1.91000000000000E+03, -1.67828973908406E+00, -2.72500000000000E+00, -3.40709132594900E-01,  6.48099999999999E+01,  2.70050259214971E+03,  4.38935813196637E+03
 1.91008333300000E+03, -1.84638744873294E+00, -2.65250000000000E+00, -3.39413108287399E-01,  6.49900000000000E+01,  4.73839362200029E+03,  5.11678088863761E+03
 1.91016666700000E+03, -1.93438765395103E+00, -2.68250000000000E+00, -3.38111577047197E-01,  6.51700000000000E+01,  7.30058433566313E+03,  7.00952774929432E+03
 1.91025000000000E+03, -1.75309660944116E+00, -3.03250000000000E+00, -3.36804513852512E-01,  6.53500000000000E+01,  9.69420471998646E+03,  9.29794142998742E+03
 1.91033333300000E+03, -1.36431624805606E+00, -3.36250000000000E+00, -1.46882075864427E-02,  6.55300000000000E+01,  1.10768692376433E+04,  1.11279112177782E+04
 1.91041666700000E+03, -1.19880884667873E+00, -3.36000000000000E+00, -1.19638111157996E-02,  6.57100000000000E+01,  1.09438643159652E+04,  1.21458010220331E+04
 1.91050000000000E+03, -1.22580132959125E+00, -2.97500000000000E+00, -9.22717495722725E-03,  6.58900000000000E+01,  9.36017508871392E+03,  1.18273115594206E+04
 1.91058333300000E+03, -1.27911519158330E+00, -2.26250000000000E+00, -6.47824000832131E-03,  6.60700000000000E+01,  6.87712432547232E+03,  9.74754911447681E+03
 1.91066666700000E+03, -1.42823441157369E+00, -1.63250000000000E+00, -3.71694686754365E-03,  6.62500000000000E+01,  4.28539942517710E+03,  6.81622679031072E+03
 1.91075000000000E+03, -1.64389511034963E+00, -1.39000000000000E+00, -9.43235832809641E-04,  6.64300000000000E+01,  2.26547651778085E+03,  4.92111160222136E+03
 1.91083333300000E+03, -1.85589166090409E+00, -1.45000000000000E+00, -2.38745648837391E-03,  6.66100000000000E+01,  1.08189385254102E+03,  5.01501636906313E+03
 1.91091666700000E+03, -2.06981563515942E+00, -2.01750000000000E+00,  3.92234912076739E-04,  6.67900000000000E+01,  6.01873974449793E+02,  6.54402794935343E+03
 1.91100000000000E+03, -2.30945158613717E+00, -2.48250000000000E+00,  3.18443311280758E-03,  6.69700000000000E+01,  6.24984670372344E+02,  8.79486653333630E+03
 1.91108333300000E+03, -2.56918385897568E+00, -2.64750000000000E+00,  5.98919856733626E-03,  6.71500000000000E+01,  1.11956564374067E+03,  1.16626550334296E+04
 1.91116666700000E+03, -2.81534059295454E+00, -2.95250000000000E+00,  8.80659203466705E-03,  6.73300000000000E+01,  2.10678795180393E+03,  1.48190087912844E+04
 1.91125000000000E+03, -2.64716181025158E+00, -3.21000000000000E+00,  1.16366745807174E-02,  6.75100000000000E+01,  3.40768412860927E+03,  1.71060935904232E+04
 1.91133333300000E+03, -2.01670601045180E+00, -3.09750000000000E+00, -2.48787770363650E-01,  6.76900000000001E+01,  4.60917078685954E+03,  1.73775773249058E+04
 1.91141666700000E+03, -1.61398198322554E+00, -2.45500000000000E+00, -2.47097343989400E-01,  6.78700000000001E+01,  5.29658397276785E+03,  1.55975662102101E+04
 1.91150000000000E+03, -1.51933225177989E+00, -1.58250000000000E+00, -2.45399595453612E-01,  6.80500000000001E+01,  5.29867953312637E+03,  1.27873785661892E+04
 1.91158333300000E+03, -1.47165896703392E+00, -1.02750000000000E+00, -2.43694490651598E-01,  6.82300000000001E+01,  4.75232171333981E+03,  1.01695805509192E+04
 1.91166666700000E+03, -1.48721458854938E+00, -1.02500000000000E+00, -2.41981995306415E-01,  6.84100000000001E+01,  4.02864294448814E+03,  8.62574610171893E+03
 1.91175000000000E+03, -1.33793413380308E+00, -1.42500000000000E+00, -2.40262074967950E-01,  6.85900000000001E+01,  3.57618713783675E+03,  8.60603069202360E+03
 1.91183333300000E+03, -9.93385445865775E-01, -1.85250000000000E+00, -2.32495862771563E-01,  6.87700000000001E+01,  3.65230933518614E+03,  9.94446781065941E+03
 1.91191666700000E+03, -8.43664130285221E-01, -2.01500000000000E+00, -2.30734769138294E-01,  6.89500000000001E+01,  4.09827055723320E+03,  1.17147679573174E+04
 1.91200000000000E+03, -9.06589331562834E-01, -2.25000000000000E+00, -2.28966023646167E-01,  6.91300000000001E+01,  4.45970180504940E+03,  1.27141442211151E+04
 1.91208333300000E+03, -1.00645231217935E+00, -2.42500000000000E+00, -2.27189590523469E-01,  6.93100000000001E+01,  4.39160508512203E+03,  1.22859508670567E+04
 1.91216666700000E+03, -1.14071668897322E+00, -2.15000000000000E+00, -2.25405433817385E-01,  6.94900000000001E+01,  3.90883210244814E+03,  1.05652224138783E+04
 1.91225000000000E+03, -1.43494211912484E+00, -1.66250000000000E+00, -2.23613517393043E-01,  6.96700000000001E+01,  3.29130339656438E+03,  8.08035158203236E+03
 1.91233333300000E+03, -1.78375975620543E+00, -1.36000000000000E+00, -6.72495540941944E-01,  6.98500000000001E+01,  2.86238054993811E+03,  5.45006635434237E+03
 1.91241666700000E+03, -1.81035065094144E+00, -1.67000000000000E+00, -6.72546273752155E-01,  7.00300000000001E+01,  2.81943270542584E+03,  3.36357435960798E+03
 1.91250000000000E+03, -1.65496150329241E+00, -2.63750000000000E+00, -6.72597201208423E-01,  7.02100000000002E+01,  3.13347139715284E+03,  2.37969347801523E+03
 1.91258333300000E+03, -1.62059698277358E+00, -3.22000000000000E+00, -6.72648324053503E-01,  7.03900000000002E+01,  3.56173058117377E+03,  2.52307007634347E+03
 1.91266666700000E+03, -1.72338153394334E+00, -2.82750000000000E+00, -6.72699643032953E-01,  7.05700000000002E+01,  3.77965068176194E+03,  3.22376266770406E+03
 1.91275000000000E+03, -1.97370409065739E+00, -2.41000000000000E+00, -6.72751158895143E-01,  7.07500000000002E+01,  3.55158119100137E+03,  3.78922441055235E+03
 1.91283333300000E+03, -2.28872041956357E+00, -2.31750000000000E+00, -6.71003639419718E-01,  7.09300000000002E+01,  2.89317404349284E+03,  3.92200497074025E+03
 1.91291666700000E+03, -2.48347959997838E+00, -2.49000000000000E+00, -6.71048646471265E-01,  7.11100000000002E+01,  2.11892946553862E+03,  3.77396025107853E+03
 1.91300000000000E+03, -2.54666392112794E+00, -2.64250000000000E+00, -6.71093826305829E-01,  7.12900000000002E+01,  1.62517171784162E+03,  3.62250189205243E+03
 1.91308333300000E+03, -2.55599198981709E+00, -2.38000000000000E+00, -6.71139179583553E-01,  7.14700000000002E+01,  1.60433556718128E+03,  3.69274337466867E+03
 1.91316666700000E+03, -2.51591844759064E+00, -2.74750000000000E+00, -6.71184706967081E-01,  7.16500000000002E+01,  2.07112124567379E+03,  4.33270111199195E+03
 1.91325000000000E+03, -2.60257127013015E+00, -3.88000000000000E+00, -6.71230409121557E-01,  7.18300000000002E+01,  3.05039130256246E+03,  6.07260202239717E+03
 1.91333333300000E+03, -2.80717748396676E+00, -4.75500000000000E+00, -6.16051071944391E-01,  7.20100000000002E+01,  4.48996569634499E+03,  9.15548058432880E+03
 1.91341666700000E+03, -2.78275753243724E+00, -5.04500000000000E+00, -6.15882820863638E-01,  7.21900000000002E+01,  6.07780896671757E+03,  1.29894958370536E+04
 1.91350000000000E+03, -2.61155494570322E+00, -4.69000000000000E+00, -6.15713909981789E-01,  7.23700000000002E+01,  7.41730872096184E+03,  1.62891541118736E+04
 1.91358333300000E+03, -2.56115883454499E+00, -4.33500000000000E+00, -6.15544336670403E-01,  7.25500000000002E+01,  8.34325763111114E+03,  1.78642487449639E+04
 1.91366666700000E+03, -2.64770381532026E+00, -4.18000000000000E+00, -6.15374098290259E-01,  7.27300000000002E+01,  8.93138750848600E+03,  1.73224371347187E+04
 1.91375000000000E+03, -2.99925929001445E+00, -4.12000000000000E+00, -6.15203192191306E-01,  7.29100000000003E+01,  9.35366543750623E+03,  1.52427762333013E+04
 1.91383333300000E+03, -3.53831845597034E+00, -4.05000000000000E+00, -6.23010546955586E-01,  7.30900000000003E+01,  9.81231506424249E+03,  1.28602799314358E+04
 1.91391666700000E+03, -3.84983956253334E+00, -3.32750000000000E+00, -6.22869551793345E-01,  7.32700000000003E+01,  1.03589839928153E+04,  1.13772190084176E+04
 1.91400000000000E+03, -3.91701679065549E+00, -2.72750000000000E+00, -6.22728005138148E-01,  7.34500000000003E+01,  1.06715737410816E+04,  1.12099187594820E+04
 1.91408333300000E+03, -3.92983093870633E+00, -3.16750000000000E+00, -6.22585904803779E-01,  7.36300000000003E+01,  1.02633208970519E+04,  1.17767488735592E+04
 1.91416666700000E+03, -3.89274426188730E+00, -3.78750000000000E+00, -6.22443248595134E-01,  7.38100000000003E+01,  9.01301090392721E+03,  1.20566656855589E+04
 1.91425000000000E+03, -3.45677749682390E+00, -3.59250000000000E+00, -6.22300034308183E-01,  7.39900000000003E+01,  7.32868612575629E+03,  1.13723436605291E+04
 1.91433333300000E+03, -2.56518627751657E+00, -3.21750000000000E+00, -2.90651888894773E-01,  7.41700000000003E+01,  5.81461248353547E+03,  9.74867099992644E+03
 1.91441666700000E+03, -1.86486962178801E+00, -3.62250000000000E+00, -2.89142023297114E-01,  7.43500000000003E+01,  4.91958951484227E+03,  7.72530083012354E+03
 1.91450000000000E+03, -1.47257959115190E+00, -4.02750000000000E+00, -2.87625672119657E-01,  7.45300000000003E+01,  4.75278447947988E+03,  5.87526138845579E+03
 1.91458333300000E+03, -1.18060059620244E+00, -3.40250000000000E+00, -2.86102805466999E-01,  7.47100000000003E+01,  4.99570281135979E+03,  4.40712972818849E+03
 1.91466666700000E+03, -1.01915784063247E+00, -2.15500000000000E+00, -2.84573393293918E-01,  7.48900000000003E+01,  5.09700876683559E+03,  3.19465276354062E+03
 1.91475000000000E+03, -1.17587906156144E+00, -1.50500000000000E+00, -2.83037405404573E-01,  7.50700000000003E+01,  4.77963214809333E+03,  2.14896592278157E+03
 1.91483333300000E+03, -1.56592041971123E+00, -1.78000000000000E+00, -2.86767833095829E-01,  7.52500000000003E+01,  4.29768628503237E+03,  1.41755278973672E+03
 1.91491666700000E+03, -1.66423823333428E+00, -1.92500000000000E+00, -2.85241279568409E-01,  7.54300000000003E+01,  4.04747118591995E+03,  1.16640258421229E+03
 1.91500000000000E+03, -1.46540428945270E+00, -1.50750000000000E+00, -2.83708163513733E-01,  7.56100000000004E+01,  4.03706069160609E+03,  1.28750752576219E+03
 1.91508333300000E+03, -1.22724653418057E+00, -9.17500000000000E-01, -2.82168454650681E-01,  7.57900000000004E+01,  3.93305180218319E+03,  1.43047267280832E+03
 1.91516666700000E+03, -9.65264287144364E-01, -1.85000000000000E-01, -2.80622122546249E-01,  7.59700000000004E+01,  3.56471170306962E+03,  1.35980400126462E+03
 1.91525000000000E+03, -8.07592288106725E-01,  8.97500000000000E-01, -2.79069136614743E-01,  7.61500000000004E+01,  3.16728026629625E+03,  1.27228880090725E+03
 1.91533333300000E+03, -7.69156913888691E-01,  2.16500000000000E+00, -4.87438002921924E-01,  7.63300000000004E+01,  3.11155209227562E+03,  1.65561433202759E+03
 1.91541666700000E+03, -6.27284897810782E-01,  2.91000000000000E+00, -4.86754191926459E-01,  7.65100000000004E+01,  3.55038478706133E+03,  2.76589364497967E+03
 1.91550000000000E+03, -4.28562244209116E-01,  2.84750000000000E+00, -4.86067583454864E-01,  7.66900000000004E+01,  4.32775712298840E+03,  4.35443046028200E+03
 1.91558333300000E+03, -3.57619574377363E-01,  2.34250000000000E+00, -4.85378165500061E-01,  7.68700000000004E+01,  5.05393746586740E+03,  5.90582161814505E+03
 1.91566666700000E+03, -4.31436622152913E-01,  1.58000000000000E+00, -4.84685925999502E-01,  7.70500000000004E+01,  5.26005752191534E+03,  6.91001955568380E+03
 1.91575000000000E+03, -6.35133290277146E-01,  6.12500000000000E-01, -4.83990852834890E-01,  7.72300000000004E+01,  4.70259823327013E+03,  6.94971688772899E+03
 1.91583333300000E+03, -9.01158497701817E-01,  6.00000000000000E-02, -4.77844847151461E-01,  7.74100000000004E+01,  3.62296253944144E+03,  5.94715810682844E+03
 1.91591666700000E+03, -1.11033129016937E+00, -6.75000000000000E-02, -4.77121739583418E-01,  7.75900000000004E+01,  2.58703499942205E+03,  4.42593430243061E+03
 1.91600000000000E+03, -1.23391874500125E+00, -4.25000000000000E-01, -4.76395665518587E-01,  7.77700000000004E+01,  1.99841557593257E+03,  3.20501727934356E+03
 1.91608333300000E+03, -1.30686756779262E+00, -8.35000000000000E-01, -4.75666612166809E-01,  7.79500000000004E+01,  1.82697894310436E+03,  2.75638121658178E+03
 1.91616666700000E+03, -1.33256449703388E+00, -1.01750000000000E+00, -4.74934566678475E-01,  7.81300000000005E+01,  1.78442363066393E+03,  2.99830347791062E+03
 1.91625000000000E+03, -1.66059183493488E+00, -7.82500000000000E-01, -4.74199516144216E-01,  7.83100000000005E+01,  1.63196954695277E+03,  3.53951359874610E+03
 1.91633333300000E+03, -2.25765140693600E+00, -1.32500000000000E-01, -8.66524057749655E-01,  7.84900000000005E+01,  1.30247490019264E+03,  3.91809649012056E+03
 1.91641666700000E+03, -2.40481769575274E+00, -2.50000000000000E-03, -8.67286945454877E-01,  7.86700000000005E+01,  8.69963160127605E+02,  3.80666141539731E+03
 1.91650000000000E+03, -2.21041197415700E+00, -3.52500000000000E-01, -8.68052493515267E-01,  7.88500000000005E+01,  5.16938031818435E+02,  3.20587509285550E+03
 1.91658333300000E+03, -2.14187027020935E+00, -2.87500000000000E-01, -8.68820710003518E-01,  7.90300000000005E+01,  4.80394529628823E+02,  2.40644251101290E+03
 1.91666666700000E+03, -2.21588064478801E+00, -2.57500000000000E-01, -8.69591603006538E-01,  7.92100000000005E+01,  8.81667757269678E+02,  1.81046312524990E+03
 1.91675000000000E+03, -2.38949212537626E+00, -9.95000000000000E-01, -8.70365180625370E-01,  7.93900000000005E+01,  1.56365305068816E+03,  1.82228086025778E+03
 1.91683333300000E+03, -2.57768329559669E+00, -1.91750000000000E+00, -8.69966069393502E-01,  7.95700000000005E+01,  2.23008776213346E+03,  2.64383959140842E+03
 1.91691666700000E+03, -2.70053231734897E+00, -2.38500000000000E+00, -8.70740950639364E-01,  7.97500000000005E+01,  2.86313669459652E+03,  4.05402636485633E+03
 1.91700000000000E+03, -2.74889021954490E+00, -2.87500000000000E+00, -8.71518528552986E-01,  7.99300000000005E+01,  3.92792932141042E+03,  5.65087698917525E+03
 1.91708333300000E+03, -2.74878247943937E+00, -3.50000000000000E+00, -8.72298811270205E-01,  8.01100000000005E+01,  6.04442859399568E+03,  7.31583117649053E+03
 1.91716666700000E+03, -2.70412054161825E+00, -3.66000000000000E+00, -8.73081806940727E-01,  8.02900000000005E+01,  9.45140655382759E+03,  9.11828811576446E+03
 1.91725000000000E+03, -2.58176136847373E+00, -3.17750000000000E+00, -8.73867523728040E-01,  8.04700000000005E+01,  1.37446557664462E+04,  1.08520618685874E+04
 1.91733333300000E+03, -2.37575892454707E+00, -2.42000000000000E+00, -8.08766636215686E-01,  8.06500000000005E+01,  1.79634618121429E+04,  1.20354318029467E+04
 1.91741666700000E+03, -2.15901223759348E+00, -1.92500000000000E+00, -8.09324727810205E-01,  8.08300000000006E+01,  2.09121355523915E+04,  1.22966328315157E+04
 1.91750000000000E+03, -2.00943763161380E+00, -1.91500000000000E+00, -8.09884829371882E-01,  8.10100000000006E+01,  2.16909581571941E+04,  1.15367197775768E+04
 1.91758333300000E+03, -1.98220183563376E+00, -2.19750000000000E+00, -8.10446947545972E-01,  8.11900000000006E+01,  2.02111253160440E+04,  9.92220222588470E+03
 1.91766666700000E+03, -2.09346419412669E+00, -2.75250000000000E+00, -8.11011088994767E-01,  8.13700000000006E+01,  1.72285382988984E+04,  7.96904586934106E+03
 1.91775000000000E+03, -2.32420063403350E+00, -3.21750000000000E+00, -8.11577260397594E-01,  8.15500000000006E+01,  1.38054635476935E+04,  6.51911441939148E+03
 1.91783333300000E+03, -2.59447177527026E+00, -3.10500000000000E+00, -8.18193146711648E-01,  8.17300000000006E+01,  1.07205856368577E+04,  6.45056683475932E+03
 1.91791666700000E+03, -2.78076346887490E+00, -2.35500000000000E+00, -8.18785108336567E-01,  8.19100000000006E+01,  8.30656979873541E+03,  8.25298544725174E+03
 1.91800000000000E+03, -2.86808692270532E+00, -1.60000000000000E+00, -8.19379191247052E-01,  8.20900000000006E+01,  6.62073257588419E+03,  1.16089638184232E+04
 1.91808333300000E+03, -2.90120590559242E+00, -1.43000000000000E+00, -8.19975402367787E-01,  8.22700000000006E+01,  5.59789998182847E+03,  1.53064376955502E+04
 1.91816666700000E+03, -2.88420565696522E+00, -1.48000000000000E+00, -8.20573748640410E-01,  8.24500000000006E+01,  5.08545317151383E+03,  1.78336241311777E+04
 1.91825000000000E+03, -2.79567531735414E+00, -1.79500000000000E+00, -8.21174237023505E-01,  8.26300000000006E+01,  4.88209290258452E+03,  1.82959535489600E+04
 1.91833333300000E+03, -2.62121091444514E+00, -2.70000000000000E+00, -6.11422128733044E-01,  8.28100000000006E+01,  4.82023347445387E+03,  1.68728428324750E+04
 1.91841666700000E+03, -2.40317786775530E+00, -3.62000000000000E+00, -6.11235710288313E-01,  8.29900000000006E+01,  4.80354174960440E+03,  1.46086847164776E+04
 1.91850000000000E+03, -2.23007427414583E+00, -3.87000000000000E+00, -6.11048559557319E-01,  8.31700000000006E+01,  4.76221957863104E+03,  1.28021973396022E+04
 1.91858333300000E+03, -2.17811884556254E+00, -3.79500000000000E+00, -6.10860673613490E-01,  8.33500000000006E+01,  4.60837201639593E+03,  1.22320441686896E+04
 1.91866666700000E+03, -2.26344383437076E+00, -3.45750000000000E+00, -6.10672049518180E-01,  8.35300000000007E+01,  4.26298347540437E+03,  1.26933852485781E+04
 1.91875000000000E+03, -2.49802371890580E+00, -2.96000000000000E+00, -6.10482684320617E-01,  8.37100000000007E+01,  3.70866603638751E+03,  1.33377676163252E+04
 1.91883333300000E+03, -2.79865974633158E+00, -2.71000000000000E+00, -6.12320992011878E-01,  8.38900000000007E+01,  2.99680265864056E+03,  1.34663644295450E+04
 1.91891666700000E+03, -2.97686833779185E+00, -2.44250000000000E+00, -6.12138103770681E-01,  8.40700000000007E+01,  2.23312301353200E+03,  1.29316160067076E+04
 1.91900000000000E+03, -3.02165544711336E+00, -1.84750000000000E+00, -6.11954497346373E-01,  8.42500000000007E+01,  1.57981599542601E+03,  1.19547235724946E+04
 1.91908333300000E+03, -3.01266615326132E+00, -1.35250000000000E+00, -6.11770169870523E-01,  8.44300000000007E+01,  1.22855652227678E+03,  1.08178169880177E+04
 1.91916666700000E+03, -2.95437314283473E+00, -1.26250000000000E+00, -6.11585118462878E-01,  8.46100000000007E+01,  1.34760223392349E+03,  9.80489833552168E+03
 1.91925000000000E+03, -2.81686814470768E+00, -1.18500000000000E+00, -6.11399340231314E-01,  8.47900000000007E+01,  2.10251999144579E+03,  9.38966775264069E+03
 1.91933333300000E+03, -2.60574085069047E+00, -1.53250000000000E+00, -8.17781355220107E-01,  8.49700000000007E+01,  3.68054570352592E+03,  1.02638817370551E+04
 1.91941666700000E+03, -2.40056509238948E+00, -2.24500000000000E+00, -8.18371840799632E-01,  8.51500000000007E+01,  6.09183301765424E+03,  1.28161657830379E+04
 1.91950000000000E+03, -2.26931470147687E+00, -2.46000000000000E+00, -8.18964442843035E-01,  8.53300000000007E+01,  8.87146874767198E+03,  1.64969392237317E+04
 1.91958333300000E+03, -2.25898618926320E+00, -2.15250000000000E+00, -8.19559168263166E-01,  8.55100000000007E+01,  1.11564875134422E+04,  1.99289927663241E+04
 1.91966666700000E+03, -2.38534106204423E+00, -1.80500000000000E+00, -8.20156023989834E-01,  8.56900000000007E+01,  1.21873182610785E+04,  2.17005793077386E+04
 1.91975000000000E+03, -2.56741531952523E+00, -1.77250000000000E+00, -8.20755016969800E-01,  8.58700000000007E+01,  1.17183907629820E+04,  2.10712987986618E+04
 1.91983333300000E+03, -2.72288420162241E+00, -2.23000000000000E+00, -8.17574414023465E-01,  8.60500000000008E+01,  1.00950957522779E+04,  1.83474976591992E+04
 1.91991666700000E+03, -2.84984570080323E+00, -3.18500000000000E+00, -8.18164157710083E-01,  8.62300000000008E+01,  8.19595268361346E+03,  1.49154333719561E+04
 1.92000000000000E+03, -2.93688375560479E+00, -4.05250000000000E+00, -8.18756015436068E-01,  8.64100000000008E+01,  7.16245230372584E+03,  1.25372325166891E+04
 1.92008333300000E+03, -2.97008660131623E+00, -4.31250000000000E+00, -8.19349994108310E-01,  8.65900000000008E+01,  7.72369385531271E+03,  1.21455707507303E+04
 1.92016666700000E+03, -2.95356514081788E+00, -4.11750000000000E+00, -8.19946100650659E-01,  8.67700000000008E+01,  9.63113381483578E+03,  1.33447097214284E+04
 1.92025000000000E+03, -2.86702321024144E+00, -3.44500000000000E+00, -8.20544342003923E-01,  8.69500000000008E+01,  1.18999341276083E+04,  1.50558578259196E+04
 1.92033333300000E+03, -2.64188849922702E+00, -2.81000000000000E+00, -9.93028620425851E-01,  8.71300000000008E+01,  1.35565709280666E+04,  1.63392804514632E+04
 1.92041666700000E+03, -2.26806832527703E+00, -2.73500000000000E+00, -9.94215257727353E-01,  8.73100000000008E+01,  1.40972382848345E+04,  1.66781088703184E+04
 1.92050000000000E+03, -1.89775729577870E+00, -2.85000000000000E+00, -9.95405693727386E-01,  8.74900000000008E+01,  1.35920626728763E+04,  1.60260567779706E+04
 1.92058333300000E+03, -1.67099164260149E+00, -2.90500000000000E+00, -9.96599937088855E-01,  8.76700000000008E+01,  1.26982923972678E+04,  1.48692777836362E+04
 1.92066666700000E+03, -1.60887926190321E+00, -2.81500000000000E+00, -9.97797996462689E-01,  8.78500000000008E+01,  1.23161299663606E+04,  1.40251011110994E+04
 1.92075000000000E+03, -1.64412530480151E+00, -3.10250000000000E+00, -9.98999880487468E-01,  8.80300000000008E+01,  1.28121368606265E+04,  1.40554790053007E+04
 1.92083333300000E+03, -1.70142399475288E+00, -3.57000000000000E+00, -1.00129457821804E+00,  8.82100000000008E+01,  1.36121014418039E+04,  1.47211200241730E+04
 1.92091666700000E+03, -1.76136287286323E+00, -3.31750000000000E+00, -1.00250760421355E+00,  8.83900000000008E+01,  1.37104605047490E+04,  1.50734500591297E+04
 1.92100000000000E+03, -1.80287187690253E+00, -2.90250000000000E+00, -1.00400083160228E+00,  8.85700000000008E+01,  1.24672926020819E+04,  1.42092205554454E+04
 1.92108333300000E+03, -1.81438455414231E+00, -2.90000000000000E+00, -1.00548709059251E+00,  8.87500000000009E+01,  9.92037997808907E+03,  1.19152375763577E+04
 1.92116666700000E+03, -1.89208558149833E+00, -2.94500000000000E+00, -1.00696641746172E+00,  8.89300000000009E+01,  6.67361319686900E+03,  8.63652809560277E+03
 1.92125000000000E+03, -2.01579948570195E+00, -2.75250000000000E+00, -8.97457736634427E-01,  8.91100000000009E+01,  3.63518838501633E+03,  5.16628715770618E+03
 1.92133333300000E+03, -1.98178025189261E+00, -2.54500000000000E+00, -8.99450091834775E-01,  8.92900000000009E+01,  1.56686720895723E+03,  2.43075573344921E+03
 1.92141666700000E+03, -1.81590176064035E+00, -2.14750000000000E+00, -9.01432827740678E-01,  8.94700000000009E+01,  6.39125701126017E+02,  1.04184268855325E+03
 1.92150000000000E+03, -1.67260159934476E+00, -1.78750000000000E+00, -9.03405996301775E-01,  8.96500000000009E+01,  4.74286546946978E+02,  7.81708186063277E+02
 1.92158333300000E+03, -1.60409563786525E+00, -2.07750000000000E+00, -9.05369649157608E-01,  8.98300000000009E+01,  6.24921914436999E+02,  8.86869245720562E+02
 1.92166666700000E+03, -1.48642226935538E+00, -1.89000000000000E+00, -9.07323837639560E-01,  9.00100000000009E+01,  8.79578607442280E+02,  9.31383905925175E+02
 1.92175000000000E+03, -1.25524925091063E+00, -1.50250000000000E+00, -9.13414983526834E-01,  9.01900000000009E+01,  1.16673911580085E+03,  1.06561380718269E+03
 1.92183333300000E+03, -1.09771791247683E+00, -1.76000000000000E+00, -9.15330452377543E-01,  9.03700000000009E+01,  1.40619688720254E+03,  1.50155710567905E+03
 1.92191666700000E+03, -1.01603635338279E+00, -1.78250000000000E+00, -9.17236716318762E-01,  9.05500000000009E+01,  1.52356353447111E+03,  2.25595827838260E+03
 1.92200000000000E+03, -9.21179854413406E-01, -1.94250000000000E+00, -9.19133824829003E-01,  9.07300000000009E+01,  1.49437307069629E+03,  3.29492861920021E+03
 1.92208333300000E+03, -8.47104001775421E-01, -2.58500000000000E+00, -9.21021827092112E-01,  9.09100000000009E+01,  1.35054299949633E+03,  4.50570316206555E+03
 1.92216666700000E+03, -1.46730558083919E+00, -3.34500000000000E+00, -9.22900771999109E-01,  9.10900000000009E+01,  1.20180339553446E+03,  5.61918672779605E+03
 1.92225000000000E+03, -2.75512874380520E+00, -3.70750000000000E+00, -8.54267007816202E-01,  9.12700000000009E+01,  1.20961094749751E+03,  6.40128250862758E+03
 1.92233333300000E+03, -3.32678258102233E+00, -3.45250000000000E+00, -8.56469216266827E-01,  9.14500000000010E+01,  1.46806869466830E+03,  6.78160017144240E+03
 1.92241666700000E+03, -3.14580520782838E+00, -3.40250000000000E+00, -8.58660665114354E-01,  9.16300000000010E+01,  1.92804789970164E+03,  6.72716867494750E+03
 1.92250000000000E+03, -2.93060138673763E+00, -3.49500000000000E+00, -8.60841413131927E-01,  9.18100000000010E+01,  2.44671147404418E+03,  6.18936135726016E+03
 1.92258333300000E+03, -2.77909789930557E+00, -3.41750000000000E+00, -8.63011518740364E-01,  9.19900000000010E+01,  2.86766224102649E+03,  5.19060432826966E+03
 1.92266666700000E+03, -2.75051429372489E+00, -3.34000000000000E+00, -8.65171040010319E-01,  9.21700000000010E+01,  3.08572508454294E+03,  3.86463230534560E+03
 1.92275000000000E+03, -2.82061446454637E+00, -3.24250000000000E+00, -8.66656903749268E-01,  9.23500000000010E+01,  3.11012736527690E+03,  2.48287968251281E+03
 1.92283333300000E+03, -2.90494222007148E+00, -3.29500000000000E+00, -8.68798659086732E-01,  9.25300000000010E+01,  3.03425046416474E+03,  1.39167933495240E+03
 1.92291666700000E+03, -2.95850301397713E+00, -3.42250000000000E+00, -8.70929984625934E-01,  9.27100000000010E+01,  2.90282778869119E+03,  7.41726712006736E+02
 1.92300000000000E+03, -2.98297354642898E+00, -3.79500000000000E+00, -8.73050937163680E-01,  9.28900000000010E+01,  2.68173711238862E+03,  4.04026957791714E+02
 1.92308333300000E+03, -2.98151522924436E+00, -4.23500000000000E+00, -8.75161573156621E-01,  9.30700000000010E+01,  2.36257700093515E+03,  2.95640584572705E+02
 1.92316666700000E+03, -2.72320416888563E+00, -4.25750000000000E+00, -8.77261948723352E-01,  9.32500000000010E+01,  1.96743414623578E+03,  5.03606078254825E+02
 1.92325000000000E+03, -2.25619774575080E+00, -3.87250000000000E+00, -1.11725179786116E+00,  9.34300000000010E+01,  1.48301081227941E+03,  9.69768098640878E+02
 1.92333333300000E+03, -2.07543667755209E+00, -3.27500000000000E+00, -1.11569203561394E+00,  9.36100000000010E+01,  9.79791565515882E+02,  1.44374966481613E+03
 1.92341666700000E+03, -2.12345404375634E+00, -3.08750000000000E+00, -1.11413674224766E+00,  9.37900000000010E+01,  7.26989531411729E+02,  1.81388272287678E+03
 1.92350000000000E+03, -2.16523902752452E+00, -3.47000000000000E+00, -1.11258591204291E+00,  9.39700000000011E+01,  9.41236429877153E+02,  2.10798500459874E+03
 1.92358333300000E+03, -2.26139595276661E+00, -3.87000000000000E+00, -1.11103953921934E+00,  9.41500000000011E+01,  1.51693947405739E+03,  2.31026567236580E+03
 1.92366666700000E+03, -2.37811024052958E+00, -3.58750000000000E+00, -1.10949761793650E+00,  9.43300000000011E+01,  2.27858028872195E+03,  2.62421520798249E+03
 1.92375000000000E+03, -2.44135227517240E+00, -2.80000000000000E+00, -1.10552740580208E+00,  9.45100000000011E+01,  3.34210310686658E+03,  3.61967566645102E+03
 1.92383333300000E+03, -2.44607193456454E+00, -1.90500000000000E+00, -1.10400140867435E+00,  9.46900000000011E+01,  4.89523489818002E+03,  5.59575881840156E+03
 1.92391666700000E+03, -2.37890422751300E+00, -1.18500000000000E+00, -1.10247983554074E+00,  9.48700000000011E+01,  6.77876802647510E+03,  8.06066675477964E+03
 1.92400000000000E+03, -2.22857729313638E+00, -1.32250000000000E+00, -1.10096268023884E+00,  9.50500000000011E+01,  8.59232608289626E+03,  1.01820974405230E+04
 1.92408333300000E+03, -2.02641443056851E+00, -1.60250000000000E+00, -1.09944993655112E+00,  9.52300000000011E+01,  1.00299245615484E+04,  1.14182241863855E+04
 1.92416666700000E+03, -1.65975787172324E+00, -1.18000000000000E+00, -1.09794159820564E+00,  9.54100000000011E+01,  1.09157198505002E+04,  1.16188763666147E+04
 1.92425000000000E+03, -1.16763065237547E+00, -4.52500000000000E-01, -1.15402813206504E+00,  9.55900000000011E+01,  1.12809857040164E+04,  1.10787234224876E+04
 1.92433333300000E+03, -8.50194629082466E-01, -1.80000000000000E-01, -1.15236510512401E+00,  9.57700000000011E+01,  1.16413865003848E+04,  1.05721615326761E+04
 1.92441666700000E+03, -6.91038622150530E-01, -7.07500000000000E-01, -1.15070665908260E+00,  9.59500000000011E+01,  1.26982318698734E+04,  1.07389224003475E+04
 1.92450000000000E+03, -5.86670849064597E-01, -1.23500000000000E+00, -1.14905278983410E+00,  9.61300000000011E+01,  1.43996055757844E+04,  1.13414891063990E+04
 1.92458333300000E+03, -6.06628951408839E-01, -1.53000000000000E+00, -1.14740349319153E+00,  9.63100000000011E+01,  1.56931377592879E+04,  1.15158931612960E+04
 1.92466666700000E+03, -7.39732380039547E-01, -1.97250000000000E+00, -1.14575876488860E+00,  9.64900000000011E+01,  1.54711226368661E+04,  1.06355887826989E+04
 1.92475000000000E+03, -9.32846745580252E-01, -2.50000000000000E+00, -1.14735137640893E+00,  9.66700000000012E+01,  1.34179103059960E+04,  8.65414317299515E+03
 1.92483333300000E+03, -1.14795855846657E+00, -2.90750000000000E+00, -1.14570679259889E+00,  9.68500000000012E+01,  9.95976121561279E+03,  5.98197203549752E+03
 1.92491666700000E+03, -1.31820633417847E+00, -3.06000000000000E+00, -1.14406677264499E+00,  9.70300000000012E+01,  6.01806693247888E+03,  3.40863171422254E+03
 1.92500000000000E+03, -1.39950162236931E+00, -3.14500000000000E+00, -1.14243131212254E+00,  9.72100000000012E+01,  2.81846590304874E+03,  1.77143920825808E+03
 1.92508333300000E+03, -1.39963902215362E+00, -2.98750000000000E+00, -1.14080040653022E+00,  9.73900000000012E+01,  1.17689726728695E+03,  1.29780246844590E+03
 1.92516666700000E+03, -1.99430185088483E+00, -2.44250000000000E+00, -1.13917405129100E+00,  9.75700000000012E+01,  8.06038901907249E+02,  1.46807529129384E+03
 1.92525000000000E+03, -3.11808883995864E+00, -1.71250000000000E+00, -9.89139455936170E-01,  9.77500000000012E+01,  8.27776467699466E+02,  1.66060923626551E+03
 1.92533333300000E+03, -3.37061935241136E+00, -1.33500000000000E+00, -9.90695234973982E-01,  9.79300000000012E+01,  8.36080650393801E+02,  1.64840920876291E+03
 1.92541666700000E+03, -2.85411582576722E+00, -1.52750000000000E+00, -9.92243718964828E-01,  9.81100000000012E+01,  9.15748542085903E+02,  1.43687158878329E+03
 1.92550000000000E+03, -2.39150167772303E+00, -1.55000000000000E+00, -9.93784946095550E-01,  9.82900000000012E+01,  9.96701129760581E+02,  1.04837106430117E+03
 1.92558333300000E+03, -2.07392634625394E+00, -1.34250000000000E+00, -9.95318954329374E-01,  9.84700000000012E+01,  9.24057116588958E+02,  6.42433633412887E+02
 1.92566666700000E+03, -1.85700497735176E+00, -1.16750000000000E+00, -9.96845781407319E-01,  9.86500000000012E+01,  8.23661530025807E+02,  5.41638343358663E+02
 1.92575000000000E+03, -1.72760086762898E+00, -1.18750000000000E+00, -1.00246131086780E+00,  9.88300000000012E+01,  7.81239442321831E+02,  9.87953986951683E+02
 1.92583333300000E+03, -1.78059441689623E+00, -9.87500000000000E-01, -1.00395475435265E+00,  9.90100000000012E+01,  6.60431366049684E+02,  2.10539637425078E+03
 1.92591666700000E+03, -1.91302524440016E+00, -1.40000000000000E-01, -1.00544122831363E+00,  9.91900000000012E+01,  7.85272267561909E+02,  4.12400672019712E+03
 1.92600000000000E+03, -1.99461364016063E+00,  5.25000000000000E-01, -1.00692076903479E+00,  9.93700000000013E+01,  2.08474678300689E+03,  7.21127498151157E+03
 1.92608333300000E+03, -2.03003759134354E+00,  7.07500000000000E-01, -1.00839341258858E+00,  9.95500000000013E+01,  4.91656712942149E+03,  1.08744032409505E+04
 1.92616666700000E+03, -1.80035819244850E+00,  7.45000000000000E-01, -1.00985919483717E+00,  9.97300000000013E+01,  8.38351467712457E+03,  1.39181948492736E+04
 1.92625000000000E+03, -1.22395795181144E+00,  9.45000000000000E-01, -1.05741803584977E+00,  9.99100000000013E+01,  1.12370594509255E+04,  1.52869954524247E+04
 1.92633333300000E+03, -6.67156825831488E-01,  1.03750000000000E+00, -1.05603466130136E+00,  1.00090000000001E+02,  1.27623524404947E+04,  1.47315102678213E+04
 1.92641666700000E+03, -2.42170144228410E-01,  9.75000000000000E-01, -1.05465548179558E+00,  1.00270000000001E+02,  1.27014811774639E+04,  1.27065849297197E+04
 1.92650000000000E+03,  1.12459422225522E-01,  9.75000000000000E-01, -1.05328048970943E+00,  1.00450000000001E+02,  1.14326325957503E+04,  1.02690485499230E+04
 1.92658333300000E+03,  3.13039869991910E-01,  6.85000000000000E-01, -1.05190967738631E+00,  1.00630000000001E+02,  1.04435784086167E+04,  9.15124657548406E+03
 1.92666666700000E+03,  3.38126680883932E-01,  7.47500000000000E-01, -1.05054303713663E+00,  1.00810000000001E+02,  1.14404139493514E+04,  1.09501191567568E+04
 1.92675000000000E+03,  2.10269928637585E-01,  1.02250000000000E+00, -1.04656115495119E+00,  1.00990000000001E+02,  1.45641915071681E+04,  1.56172134235190E+04
 1.92683333300000E+03, -1.92301178070638E-02,  7.65000000000000E-01, -1.04521084065836E+00,  1.01170000000001E+02,  1.82114424310918E+04,  2.11875407707574E+04
 1.92691666700000E+03, -2.61715637024933E-01,  6.80000000000000E-01, -1.04386466005646E+00,  1.01350000000001E+02,  2.05902379664828E+04,  2.52535740544192E+04
 1.92700000000000E+03, -4.69662430483740E-01,  7.82500000000000E-01, -1.04252260527152E+00,  1.01530000000001E+02,  2.07710448106373E+04,  2.63464467131186E+04
 1.92708333300000E+03, -6.48153290368747E-01,  6.47500000000000E-01, -1.04118466840035E+00,  1.01710000000001E+02,  1.86704455633199E+04,  2.41766951494965E+04
 1.92716666700000E+03, -3.07560504819751E-01,  5.25000000000000E-01, -1.03985084151110E+00,  1.01890000000001E+02,  1.50897540268169E+04,  1.95540975729534E+04
 1.92725000000000E+03,  5.83244183734832E-01,  8.85000000000000E-01, -1.34846851824394E+00,  1.02070000000001E+02,  1.16008657949948E+04,  1.42346776215422E+04
 1.92733333300000E+03,  1.08500828301728E+00,  1.47750000000000E+00, -1.34633522493084E+00,  1.02250000000001E+02,  9.49935820927462E+03,  1.00090876846574E+04
 1.92741666700000E+03,  1.17667475545982E+00,  1.60000000000000E+00, -1.34420631444637E+00,  1.02430000000001E+02,  8.83550197887864E+03,  7.55980706151019E+03
 1.92750000000000E+03,  1.26979861525826E+00,  1.52000000000000E+00, -1.34208179670242E+00,  1.02610000000001E+02,  8.78334095279956E+03,  6.40547906294363E+03
 1.92758333300000E+03,  1.28820489351656E+00,  1.40250000000000E+00, -1.33996168141073E+00,  1.02790000000001E+02,  8.60766417216528E+03,  5.75971860970031E+03
 1.92766666700000E+03,  1.20771001015568E+00,  1.31250000000000E+00, -1.33784597808420E+00,  1.02970000000001E+02,  8.01995551517867E+03,  5.13111436760443E+03
 1.92775000000000E+03,  1.05083482331943E+00,  1.43000000000000E+00, -1.33401528599911E+00,  1.03150000000001E+02,  7.08729151712005E+03,  4.41709409084868E+03
 1.92783333300000E+03,  8.51150091813631E-01,  1.01750000000000E+00, -1.33191205593969E+00,  1.03330000000001E+02,  6.12922337301513E+03,  3.82923405191940E+03
 1.92791666700000E+03,  6.45103063944810E-01,  6.75000000000000E-02, -1.32981327234242E+00,  1.03510000000001E+02,  5.42344163021319E+03,  3.60092346826525E+03
 1.92800000000000E+03,  4.43599363038272E-01, -5.65000000000000E-01, -1.32771894378097E+00,  1.03690000000001E+02,  4.88467235893573E+03,  3.64145960931105E+03
 1.92808333300000E+03,  2.36680069764717E-01, -8.60000000000000E-01, -1.32562907863776E+00,  1.03870000000001E+02,  4.21631441273985E+03,  3.63700586431601E+03
 1.92816666700000E+03, -6.16204493994854E-03, -9.92500000000000E-01, -1.32354368510535E+00,  1.04050000000001E+02,  3.30123800412309E+03,  3.40401750025916E+03
 1.92825000000000E+03, -1.34672756743783E-01, -7.27500000000000E-01, -1.30465514648769E+00,  1.04230000000001E+02,  2.26789431663987E+03,  2.90543370935210E+03
 1.92833333300000E+03,  7.31042313074750E-02, -3.50000000000000E-02, -1.30261559682726E+00,  1.04410000000001E+02,  1.33657132402707E+03,  2.12189346823564E+03
 1.92841666700000E+03,  4.73564556552561E-01,  5.52500000000000E-01, -1.30058059770014E+00,  1.04590000000001E+02,  7.61116220504286E+02,  1.20279096922094E+03
 1.92850000000000E+03,  8.33244366480603E-01,  8.12500000000000E-01, -1.29855015509527E+00,  1.04770000000001E+02,  7.63004216748425E+02,  5.21132111866030E+02
 1.92858333300000E+03,  1.08022484990434E+00,  9.05000000000000E-01, -1.29652427482897E+00,  1.04950000000001E+02,  1.41071576786992E+03,  2.96697194643410E+02
 1.92866666700000E+03,  1.05389685660604E+00,  7.60000000000000E-01, -1.29450296254628E+00,  1.05130000000001E+02,  2.63702613663808E+03,  3.69713875366986E+02
 1.92875000000000E+03,  8.00607000809215E-01,  2.62500000000000E-01, -1.29763316564892E+00,  1.05310000000001E+02,  4.31714735794477E+03,  5.48809592884654E+02
 1.92883333300000E+03,  6.89367753736376E-01, -4.15000000000000E-01, -1.29560935105946E+00,  1.05490000000001E+02,  6.20120531141441E+03,  9.54518673723217E+02
 1.92891666700000E+03,  7.86108533633980E-01, -8.35000000000000E-01, -1.29359010695125E+00,  1.05670000000001E+02,  7.85705233767357E+03,  1.83754350665377E+03
 1.92900000000000E+03,  9.60272412937182E-01, -9.50000000000000E-01, -1.29157543872281E+00,  1.05850000000002E+02,  8.83926009976939E+03,  3.23110127634718E+03
 1.92908333300000E+03,  1.18955968066281E+00, -9.80000000000000E-01, -1.28956535160456E+00,  1.06030000000002E+02,  8.94090920624441E+03,  4.89267297241087E+03
 1.92916666700000E+03,  6.05714007904254E-01, -7.72500000000000E-01, -1.28755985066009E+00,  1.06210000000002E+02,  8.30040890672557E+03,  6.43558310067693E+03
 1.92925000000000E+03, -8.56805629779429E-01, -6.12500000000000E-01, -1.08343176762499E+00,  1.06390000000002E+02,  7.31485036730800E+03,  7.44788289151828E+03
 1.92933333300000E+03, -1.55766705754070E+00, -1.10750000000000E+00, -1.08197047455246E+00,  1.06570000000002E+02,  6.40267282848847E+03,  7.63516784181354E+03
 1.92941666700000E+03, -1.45359601780491E+00, -1.72250000000000E+00, -1.08051350914294E+00,  1.06750000000002E+02,  5.77952825698629E+03,  6.98166446306970E+03
 1.92950000000000E+03, -1.39742972340604E+00, -1.80000000000000E+00, -1.07906086449219E+00,  1.06930000000002E+02,  5.46581341249131E+03,  5.77847623111628E+03
 1.92958333300000E+03, -1.45991503453945E+00, -1.41750000000000E+00, -1.07761253365119E+00,  1.07110000000002E+02,  5.46678036028648E+03,  4.48210824047178E+03
 1.92966666700000E+03, -1.59361235575687E+00, -8.80000000000000E-01, -1.07616850962676E+00,  1.07290000000002E+02,  5.86428976256364E+03,  3.55461017225321E+03
 1.92975000000000E+03, -1.74853576505541E+00, -7.55000000000000E-01, -1.07879247588965E+00,  1.07470000000002E+02,  6.76951218322589E+03,  3.40648223921250E+03
 1.92983333300000E+03, -1.96864630808352E+00, -1.20750000000000E+00, -1.07734494270203E+00,  1.07650000000002E+02,  8.22386349405597E+03,  4.36728450293934E+03
 1.92991666700000E+03, -2.19090704712486E+00, -1.55750000000000E+00, -1.07590171503186E+00,  1.07830000000002E+02,  1.00355014976851E+04,  6.53119489287223E+03
 1.93000000000000E+03, -2.33642361613962E+00, -1.55500000000000E+00, -1.07446278583452E+00,  1.08010000000002E+02,  1.16671679090319E+04,  9.53651239812642E+03
 1.93008333300000E+03, -2.41620538234439E+00, -1.45750000000000E+00, -1.07302814802267E+00,  1.08190000000002E+02,  1.24379610096577E+04,  1.25678835400013E+04
 1.93016666700000E+03, -2.16087642743008E+00, -1.47250000000000E+00, -1.07159779446687E+00,  1.08370000000002E+02,  1.19401506248765E+04,  1.46900387691301E+04
 1.93025000000000E+03, -1.55252110708569E+00, -1.60250000000000E+00, -1.19218893500944E+00,  1.08550000000002E+02,  1.02430133597487E+04,  1.52345928423228E+04
 1.93033333300000E+03, -1.11655856008906E+00, -1.32000000000000E+00, -1.19042319018607E+00,  1.08730000000002E+02,  7.78010274012925E+03,  1.39905976897359E+04
 1.93041666700000E+03, -8.76467284020345E-01, -5.67500000000000E-01, -1.18866209485601E+00,  1.08910000000002E+02,  5.15759827207230E+03,  1.12772433654320E+04
 1.93050000000000E+03, -6.36939890947225E-01,  2.35000000000000E-01, -1.18690564694441E+00,  1.09090000000002E+02,  2.94688144529095E+03,  7.91473129160278E+03
 1.93058333300000E+03, -4.79754739140973E-01,  1.18000000000000E+00, -1.18515384427437E+00,  1.09270000000002E+02,  1.44967639352636E+03,  4.85776401701362E+03
 1.93066666700000E+03, -3.66612379309484E-01,  2.08000000000000E+00, -1.18340668456798E+00,  1.09450000000002E+02,  6.68498602666106E+02,  2.62390827283636E+03
 1.93075000000000E+03, -2.78615533726735E-01,  2.07250000000000E+00, -1.17828778866269E+00,  1.09630000000002E+02,  5.74615205013665E+02,  1.18797733110423E+03
 1.93083333300000E+03, -3.09264951570876E-01,  1.58750000000000E+00, -1.17655892253776E+00,  1.09810000000002E+02,  1.30121902467658E+03,  5.06935204435231E+02
 1.93091666700000E+03, -4.06918589587839E-01,  1.34500000000000E+00, -1.17483468666183E+00,  1.09990000000002E+02,  2.97134908421032E+03,  8.39343489707688E+02
 1.93100000000000E+03, -4.84174848948297E-01,  1.05750000000000E+00, -1.17311507817768E+00,  1.10170000000002E+02,  5.40044715165515E+03,  2.31068362410690E+03
 1.93108333300000E+03, -5.51059647136133E-01,  9.47500000000000E-01, -1.17140009413415E+00,  1.10350000000002E+02,  8.02347773219906E+03,  4.42620839766824E+03
 1.93116666700000E+03, -2.45887311008246E-01,  1.24250000000000E+00, -1.16968973148717E+00,  1.10530000000002E+02,  1.00772949711777E+04,  6.30325198480889E+03
 1.93125000000000E+03,  4.76097511051351E-01,  1.64750000000000E+00, -1.48644498666766E+00,  1.10710000000002E+02,  1.09118002173018E+04,  7.23435333364121E+03
 1.93133333300000E+03,  9.35674572533660E-01,  2.13250000000000E+00, -1.48407169493529E+00,  1.10890000000002E+02,  1.03062018197411E+04,  6.91346192528428E+03
 1.93141666700000E+03,  1.08453778537617E+00,  2.34750000000000E+00, -1.48170175383710E+00,  1.11070000000002E+02,  8.59362918485250E+03,  5.48030816767837E+03
 1.93150000000000E+03,  1.19250580736886E+00,  1.97750000000000E+00, -1.47933518769965E+00,  1.11250000000002E+02,  6.45590363266859E+03,  3.61533621812156E+03
 1.93158333300000E+03,  1.20448499996080E+00,  1.86000000000000E+00, -1.47697202058647E+00,  1.11430000000002E+02,  4.53386333943491E+03,  2.25944274098841E+03
 1.93166666700000E+03,  1.15965159558107E+00,  2.45500000000000E+00, -1.47461227629854E+00,  1.11610000000002E+02,  3.14409036283113E+03,  1.87604165510043E+03
 1.93175000000000E+03,  1.14947419617130E+00,  2.36250000000000E+00, -1.47064176216657E+00,  1.11790000000002E+02,  2.24634048160743E+03,  2.11865190164737E+03
 1.93183333300000E+03,  1.22008262256851E+00,  1.48000000000000E+00, -1.46829132708885E+00,  1.11970000000002E+02,  1.62067525288730E+03,  2.37397928658970E+03
 1.93191666700000E+03,  1.39878430895956E+00,  1.40250000000000E+00, -1.46594440030617E+00,  1.12150000000002E+02,  1.11235241350395E+03,  2.40990544682014E+03
 1.93200000000000E+03,  1.67443242101525E+00,  1.84250000000000E+00, -1.46360100439660E+00,  1.12330000000002E+02,  7.51729227125468E+02,  2.38407808865334E+03
 1.93208333300000E+03,  1.98351158437329E+00,  2.16750000000000E+00, -1.46126116167898E+00,  1.12510000000002E+02,  6.59563943416614E+02,  2.52554876116917E+03
 1.93216666700000E+03,  2.04023754444756E+00,  2.30000000000000E+00, -1.45892489421358E+00,  1.12690000000002E+02,  8.80068137627125E+02,  3.00845684881112E+03
 1.93225000000000E+03,  1.90479463397526E+00,  2.02250000000000E+00, -1.46478127980130E+00,  1.12870000000002E+02,  1.32855629544583E+03,  3.91910368629823E+03
 1.93233333300000E+03,  2.13149891470650E+00,  1.87000000000000E+00, -1.46243964403723E+00,  1.13050000000002E+02,  1.83912659579935E+03,  5.13711112816451E+03
 1.93241666700000E+03,  2.62407840390475E+00,  2.24250000000000E+00, -1.46010157244261E+00,  1.13230000000002E+02,  2.21352231768298E+03,  6.31958043577019E+03
 1.93250000000000E+03,  2.97714236919095E+00,  2.89250000000000E+00, -1.45776708694970E+00,  1.13410000000002E+02,  2.29679952599610E+03,  7.08255810173957E+03
 1.93258333300000E+03,  3.08677658041559E+00,  3.41250000000000E+00, -1.45543620923327E+00,  1.13590000000002E+02,  2.09750988217644E+03,  7.16941327380943E+03
 1.93266666700000E+03,  2.98640478424263E+00,  3.20250000000000E+00, -1.45310896071134E+00,  1.13770000000002E+02,  1.80714658873531E+03,  6.50717682801485E+03
 1.93275000000000E+03,  2.79490404471209E+00,  2.33250000000000E+00, -1.45541433615142E+00,  1.13950000000002E+02,  1.64098980515324E+03,  5.24474534935491E+03
 1.93283333300000E+03,  2.54271917625396E+00,  1.47750000000000E+00, -1.45308712181348E+00,  1.14130000000002E+02,  1.68281872479806E+03,  3.75504662727747E+03
 1.93291666700000E+03,  2.23621367119081E+00,  9.97500000000000E-01, -1.45076355802958E+00,  1.14310000000002E+02,  1.90142784690714E+03,  2.52993094643095E+03
 1.93300000000000E+03,  1.91253143124681E+00,  1.02750000000000E+00, -1.44844366570412E+00,  1.14490000000002E+02,  2.24539892014815E+03,  2.05809398512454E+03
 1.93308333300000E+03,  1.59886738141349E+00,  1.18500000000000E+00, -1.44612746548707E+00,  1.14670000000002E+02,  2.69064109685874E+03,  2.75222969898771E+03
 1.93316666700000E+03,  1.58526425866502E+00,  1.32750000000000E+00, -1.44381497777484E+00,  1.14850000000002E+02,  3.27775269951616E+03,  4.80525796173500E+03
 1.93325000000000E+03,  1.90896811486803E+00,  1.96750000000000E+00, -1.24820183863777E+00,  1.15030000000002E+02,  4.12747795595605E+03,  7.95956641168144E+03
 1.93333333300000E+03,  2.05088322114781E+00,  2.55000000000000E+00, -1.24629406538660E+00,  1.15210000000002E+02,  5.31420423370345E+03,  1.14401678722196E+04
 1.93341666700000E+03,  1.94314544822577E+00,  2.60000000000000E+00, -1.24439095027993E+00,  1.15390000000002E+02,  6.67858537017496E+03,  1.42193575077837E+04
 1.93350000000000E+03,  1.76842682955078E+00,  2.66500000000000E+00, -1.24249249488020E+00,  1.15570000000002E+02,  7.84580343706718E+03,  1.54539502696281E+04
 1.93358333300000E+03,  1.48486260383944E+00,  2.67000000000000E+00, -1.24059870061340E+00,  1.15750000000002E+02,  8.46034843713836E+03,  1.48439561579233E+04
 1.93366666700000E+03,  1.25334507572398E+00,  2.70500000000000E+00, -1.23870956877021E+00,  1.15930000000002E+02,  8.36671655376291E+03,  1.27698296374513E+04
 1.93375000000000E+03,  1.10918699430552E+00,  2.42000000000000E+00, -1.24121845722463E+00,  1.16110000000002E+02,  7.62920783054015E+03,  1.01083237672705E+04
 1.93383333300000E+03,  8.03531179442391E-01,  1.18750000000000E+00, -1.23932779817486E+00,  1.16290000000002E+02,  6.49780220442715E+03,  7.74490876507679E+03
 1.93391666700000E+03,  4.28392220720677E-01, -1.12500000000000E-01, -1.23744180234116E+00,  1.16470000000002E+02,  5.31531522846736E+03,  6.09733054234985E+03
 1.93400000000000E+03,  1.82974016556538E-01, -1.07000000000000E+00, -1.23556047079066E+00,  1.16650000000002E+02,  4.32213180150153E+03,  5.03565473998939E+03
 1.93408333300000E+03,  5.26032205854540E-02, -1.79750000000000E+00, -1.23368380445836E+00,  1.16830000000002E+02,  3.53527972888853E+03,  4.19907553419894E+03
 1.93416666700000E+03,  4.59546888208182E-02, -1.80500000000000E+00, -1.23181180414840E+00,  1.17010000000002E+02,  2.85618799577886E+03,  3.34397192197520E+03
 1.93425000000000E+03,  1.00966345378193E-01, -1.31750000000000E+00, -1.32505187233468E+00,  1.17190000000002E+02,  2.23471081702198E+03,  2.45392244271810E+03
 1.93433333300000E+03,  9.67785966106995E-02, -7.52500000000000E-01, -1.32296771693946E+00,  1.17370000000002E+02,  1.68413334996524E+03,  1.65295900619432E+03
 1.93441666700000E+03,  4.63310826707711E-02,  2.70000000000000E-01, -1.32088804333954E+00,  1.17550000000002E+02,  1.23186123180713E+03,  1.07450926404195E+03
 1.93450000000000E+03, -2.92325201622901E-02,  1.09000000000000E+00, -1.31881285930006E+00,  1.17730000000002E+02,  9.29461453955696E+02,  7.70705805696253E+02
 1.93458333300000E+03, -1.76278769780954E-01,  1.13500000000000E+00, -1.31674217240057E+00,  1.17910000000002E+02,  8.41513639294541E+02,  6.93729499920361E+02
 1.93466666700000E+03, -3.75665117702050E-01,  1.29250000000000E+00, -1.31467599003633E+00,  1.18090000000002E+02,  9.56103930208432E+02,  7.46032061124438E+02
 1.93475000000000E+03, -5.47381820244247E-01,  1.20750000000000E+00, -1.30998561124750E+00,  1.18270000000002E+02,  1.13907498037983E+03,  8.40534982295070E+02
 1.93483333300000E+03, -6.30861171394592E-01,  4.57500000000000E-01, -1.30793424539608E+00,  1.18450000000002E+02,  1.21869038616805E+03,  9.10456455237291E+02
 1.93491666700000E+03, -6.09014119049077E-01,  8.25000000000000E-02, -1.30588741366914E+00,  1.18630000000002E+02,  1.11990458655260E+03,  8.92829660712933E+02
 1.93500000000000E+03, -4.93160772814215E-01, -1.82500000000000E-01, -1.30384512251110E+00,  1.18810000000002E+02,  9.23661638336459E+02,  7.59201478083576E+02
 1.93508333300000E+03, -3.09447503444873E-01, -9.90000000000000E-01, -1.30180737819038E+00,  1.18990000000002E+02,  7.96234179421201E+02,  5.81575822596311E+02
 1.93516666700000E+03, -1.51643994341070E-02, -9.95000000000000E-01, -1.29977418680066E+00,  1.19170000000002E+02,  8.45502829841791E+02,  5.19642267821088E+02
 1.93525000000000E+03,  2.95435742789597E-01,  2.05000000000000E-01, -1.56925405872302E+00,  1.19350000000002E+02,  1.04759080595663E+03,  6.92090359258710E+02
 1.93533333300000E+03,  4.20946686147141E-01,  1.06750000000000E+00, -1.56678291399212E+00,  1.19530000000002E+02,  1.30730551387129E+03,  1.06857869596606E+03
 1.93541666700000E+03,  4.44106500385078E-01,  1.01000000000000E+00, -1.56431413088808E+00,  1.19710000000002E+02,  1.55373319967178E+03,  1.50065046751484E+03
 1.93550000000000E+03,  4.53100741017192E-01,  5.52500000000000E-01, -1.56184774273849E+00,  1.19890000000002E+02,  1.78724446861131E+03,  1.82007337789819E+03
 1.93558333300000E+03,  3.76831463278417E-01,  4.00000000000000E-02, -1.55938378261520E+00,  1.20070000000002E+02,  2.09669408444299E+03,  1.90256324263877E+03
 1.93566666700000E+03,  2.13514262447267E-01, -2.67500000000000E-01, -1.55692228333320E+00,  1.20250000000002E+02,  2.62352225188798E+03,  1.72912923984562E+03
 1.93575000000000E+03,  4.15231258024769E-02, -1.82500000000000E-01, -1.55322048102635E+00,  1.20430000000002E+02,  3.44036109117707E+03,  1.45021562085092E+03
 1.93583333300000E+03, -4.13373406361364E-02,  2.57500000000000E-01, -1.55076529054496E+00,  1.20610000000002E+02,  4.47634581918874E+03,  1.32812022693963E+03
 1.93591666700000E+03,  1.85799182909402E-02,  8.47500000000000E-01, -1.54831267390501E+00,  1.20790000000002E+02,  5.61084777230663E+03,  1.55678594447750E+03
 1.93600000000000E+03,  2.12236116609906E-01,  1.25000000000000E+00, -1.54586266275268E+00,  1.20970000000002E+02,  6.78429368573166E+03,  2.17635284443738E+03
 1.93608333300000E+03,  4.87284747720765E-01,  1.50250000000000E+00, -1.54341528847254E+00,  1.21150000000002E+02,  7.94214577342597E+03,  3.16606694004078E+03
 1.93616666700000E+03,  7.96658212765358E-01,  1.77250000000000E+00, -1.54097058218689E+00,  1.21330000000002E+02,  8.92576660937810E+03,  4.51025085259221E+03
 1.93625000000000E+03,  1.08172683886126E+00,  1.83250000000000E+00, -1.53751782542534E+00,  1.21510000000002E+02,  9.50309060235909E+03,  6.11094980219067E+03
 1.93633333300000E+03,  1.26459940273064E+00,  1.75750000000000E+00, -1.53507968695651E+00,  1.21690000000002E+02,  9.49561384814894E+03,  7.70805943720699E+03
 1.93641666700000E+03,  1.30670267475940E+00,  1.82000000000000E+00, -1.53264432075633E+00,  1.21870000000002E+02,  8.86927158956287E+03,  8.95067154238126E+03
 1.93650000000000E+03,  1.17956037156228E+00,  1.94250000000000E+00, -1.53021175678264E+00,  1.22050000000002E+02,  7.76429913745958E+03,  9.53921360261254E+03
 1.93658333300000E+03,  8.66553310525153E-01,  1.94000000000000E+00, -1.52778202472831E+00,  1.22230000000002E+02,  6.45048122367772E+03,  9.32843414336628E+03
 1.93666666700000E+03,  5.38344346375573E-01,  1.61000000000000E+00, -1.52535515402087E+00,  1.22410000000002E+02,  5.19419588441488E+03,  8.37700347050052E+03
 1.93675000000000E+03,  2.70606202513586E-01,  9.50000000000000E-01, -1.52666152548985E+00,  1.22590000000002E+02,  4.14789154700452E+03,  6.92511630343389E+03
 1.93683333300000E+03, -8.86437472096888E-02,  4.22500000000000E-01, -1.52423598531266E+00,  1.22770000000002E+02,  3.36653448621168E+03,  5.29368523195034E+03
 1.93691666700000E+03, -4.19215510972199E-01,  3.67500000000000E-01, -1.52181334901454E+00,  1.22950000000002E+02,  2.86278473333999E+03,  3.79047356024868E+03
 1.93700000000000E+03, -5.30413483673101E-01,  5.50000000000000E-01, -1.51939364536876E+00,  1.23130000000002E+02,  2.59548587214802E+03,  2.67748412373115E+03
 1.93708333300000E+03, -4.30754309539028E-01,  7.55000000000000E-01, -1.51697690288250E+00,  1.23310000000002E+02,  2.46572935219823E+03,  2.14538430323109E+03
 1.93716666700000E+03,  3.84946468854391E-01,  8.25000000000000E-01, -1.51456314979665E+00,  1.23490000000002E+02,  2.39126703931493E+03,  2.29531559994980E+03
 1.93725000000000E+03,  1.88656990334839E+00,  8.65000000000000E-01, -1.38213062829945E+00,  1.23670000000002E+02,  2.36150055587996E+03,  3.17838640236256E+03
 1.93733333300000E+03,  2.93065079355211E+00,  1.89750000000000E+00, -1.37993073909610E+00,  1.23850000000002E+02,  2.39196120182166E+03,  4.76886644996940E+03
 1.93741666700000E+03,  3.38320979467704E+00,  4.05250000000000E+00, -1.37773505226578E+00,  1.24030000000002E+02,  2.45270566487135E+03,  6.74865926829061E+03
 1.93750000000000E+03,  3.65540018483753E+00,  5.60750000000000E+00, -1.37554358099166E+00,  1.24210000000002E+02,  2.45480840700754E+03,  8.39376550241426E+03
 1.93758333300000E+03,  3.67959249088474E+00,  5.70000000000000E+00, -1.37335633823693E+00,  1.24390000000002E+02,  2.29326086710605E+03,  8.93595811144805E+03
 1.93766666700000E+03,  3.50655977198208E+00,  4.70250000000000E+00, -1.37117333674607E+00,  1.24570000000002E+02,  1.92751419459916E+03,  8.11807740548627E+03
 1.93775000000000E+03,  3.22943092769944E+00,  3.33500000000000E+00, -1.37097028831197E+00,  1.24750000000002E+02,  1.45930017021203E+03,  6.30663775679004E+03
 1.93783333300000E+03,  2.87814485377821E+00,  2.84500000000000E+00, -1.36879193732289E+00,  1.24930000000002E+02,  1.11419751647952E+03,  4.15819267158320E+03
 1.93791666700000E+03,  2.52064957714801E+00,  2.87250000000000E+00, -1.36661785357075E+00,  1.25110000000002E+02,  1.09680668713751E+03,  2.33578300377961E+03
 1.93800000000000E+03,  2.22255701252783E+00,  2.25750000000000E+00, -1.36444804913140E+00,  1.25290000000002E+02,  1.43502028106025E+03,  1.32938199765533E+03
 1.93808333300000E+03,  1.98488589573897E+00,  1.72750000000000E+00, -1.36228253586711E+00,  1.25470000000002E+02,  1.94922716076618E+03,  1.16668969038202E+03
 1.93816666700000E+03,  1.74743263921836E+00,  1.91250000000000E+00, -1.36012132542783E+00,  1.25650000000002E+02,  2.36847070460677E+03,  1.34426970049038E+03
 1.93825000000000E+03,  1.66085606679234E+00,  2.13250000000000E+00, -1.46519179932273E+00,  1.25830000000002E+02,  2.50955623858170E+03,  1.33727936598498E+03
 1.93833333300000E+03,  1.97583561101584E+00,  1.96750000000000E+00, -1.46284954154522E+00,  1.26010000000002E+02,  2.38557012895131E+03,  1.12785574500880E+03
 1.93841666700000E+03,  2.48086145001024E+00,  1.80000000000000E+00, -1.46051084406902E+00,  1.26190000000002E+02,  2.15132440472533E+03,  1.04036797490581E+03
 1.93850000000000E+03,  2.85357466751870E+00,  2.13000000000000E+00, -1.45817572887156E+00,  1.26370000000002E+02,  1.94793307613755E+03,  1.24088300212124E+03
 1.93858333300000E+03,  2.98679948770373E+00,  2.71500000000000E+00, -1.45584421767266E+00,  1.26550000000002E+02,  1.80652954603998E+03,  1.64190195889019E+03
 1.93866666700000E+03,  2.79968362690470E+00,  3.11750000000000E+00, -1.45351633193525E+00,  1.26730000000002E+02,  1.66580741438360E+03,  2.10464595238356E+03
 1.93875000000000E+03,  2.34314031266583E+00,  3.28500000000000E+00, -1.44926588162405E+00,  1.26910000000002E+02,  1.43676227498506E+03,  2.50039350540643E+03
 1.93883333300000E+03,  1.83023413294744E+00,  2.97000000000000E+00, -1.44694836983271E+00,  1.27090000000002E+02,  1.08848444970255E+03,  2.77703199150301E+03
 1.93891666700000E+03,  1.38945324124971E+00,  2.17000000000000E+00, -1.44463456334255E+00,  1.27270000000002E+02,  7.52013954899272E+02,  3.18795357611770E+03
 1.93900000000000E+03,  1.03859051225463E+00,  1.36000000000000E+00, -1.44232448238676E+00,  1.27450000000002E+02,  7.34178453059944E+02,  4.26237167551249E+03
 1.93908333300000E+03,  7.89176341579711E-01,  5.92500000000000E-01, -1.44001814694633E+00,  1.27630000000002E+02,  1.34785404043025E+03,  6.31866324018982E+03
 1.93916666700000E+03,  6.95647299211192E-01,  2.15000000000000E-01, -1.43771557675093E+00,  1.27810000000002E+02,  2.68128096723081E+03,  9.07669433849288E+03
 1.93925000000000E+03,  7.23881442822295E-01,  5.97500000000000E-01, -1.57326842906445E+00,  1.27990000000002E+02,  4.52351992380401E+03,  1.18340598349978E+04
 1.93933333300000E+03,  7.25231529726250E-01,  1.14500000000000E+00, -1.57079352415222E+00,  1.28170000000002E+02,  6.48734604384549E+03,  1.39523616364508E+04
 1.93941666700000E+03,  6.96154852165243E-01,  1.90000000000000E+00, -1.56832092625159E+00,  1.28350000000002E+02,  8.19141859661161E+03,  1.51846065448614E+04
 1.93950000000000E+03,  6.50936551509317E-01,  2.81500000000000E+00, -1.56585066910272E+00,  1.28530000000002E+02,  9.37319469118180E+03,  1.56645191823971E+04
 1.93958333300000E+03,  5.18501219538608E-01,  3.11750000000000E+00, -1.56338278619185E+00,  1.28710000000002E+02,  9.90676874342383E+03,  1.56308115634021E+04
 1.93966666700000E+03,  2.82520069257920E-01,  2.27250000000000E+00, -1.56091731075017E+00,  1.28890000000002E+02,  9.77639107736409E+03,  1.51407589755665E+04
 1.93975000000000E+03,  1.44341948878399E-04,  3.57500000000000E-01, -1.55840920915134E+00,  1.29070000000002E+02,  9.06216293087688E+03,  1.40529606400618E+04
 1.93983333300000E+03, -2.33656570778195E-01, -1.00000000000000E+00, -1.55594869289409E+00,  1.29250000000002E+02,  7.93040095978513E+03,  1.22513659116029E+04
 1.93991666700000E+03, -3.44309039454621E-01, -6.87500000000000E-01, -1.55349068285019E+00,  1.29430000000002E+02,  6.59235339190923E+03,  9.83578219227396E+03
 1.94000000000000E+03, -3.06921304088690E-01, -4.35000000000000E-01, -1.55103521121533E+00,  1.29610000000002E+02,  5.25765810484597E+03,  7.15557472273615E+03
 1.94008333300000E+03, -1.32713717024767E-01, -1.23500000000000E+00, -1.54858230992521E+00,  1.29790000000002E+02,  4.11522839328631E+03,  4.71623880600492E+03
 1.94016666700000E+03,  2.05482933415698E-01, -1.34500000000000E+00, -1.54613201065475E+00,  1.29970000000002E+02,  3.28300468964183E+03,  2.93572858878531E+03
 1.94025000000000E+03,  6.02606561966988E-01, -5.75000000000000E-01, -1.48924756884910E+00,  1.30150000000002E+02,  2.71291477625226E+03,  1.86769257175633E+03
 1.94033333300000E+03,  8.55508459451391E-01, -9.50000000000000E-02, -1.48687035804644E+00,  1.30330000000002E+02,  2.21596515553182E+03,  1.23838949238258E+03
 1.94041666700000E+03,  1.00543071862788E+00,  2.55000000000000E-01, -1.48449646885633E+00,  1.30510000000002E+02,  1.69105954061214E+03,  8.46072036453233E+02
 1.94050000000000E+03,  1.10751020958359E+00,  7.17500000000000E-01, -1.48212592591608E+00,  1.30690000000002E+02,  1.29292788891733E+03,  8.16956155277726E+02
 1.94058333300000E+03,  1.09343025120300E+00,  7.65000000000000E-01, -1.47975875359942E+00,  1.30870000000002E+02,  1.25983615277369E+03,  1.35136739886525E+03
 1.94066666700000E+03,  9.60865900004618E-01,  2.00000000000000E-01, -1.47739497601694E+00,  1.31050000000002E+02,  1.59383468325794E+03,  2.31989757228318E+03
 1.94075000000000E+03,  7.65382067677010E-01, -5.75000000000000E-01, -1.47796047591171E+00,  1.31230000000002E+02,  2.01880959970844E+03,  3.26149057587091E+03
 1.94083333300000E+03,  5.91961523149237E-01, -1.18750000000000E+00, -1.47559929645883E+00,  1.31410000000002E+02,  2.23940808267752E+03,  3.73819604366467E+03
 1.94091666700000E+03,  5.29560009123797E-01, -1.23500000000000E+00, -1.47324155355207E+00,  1.31590000000002E+02,  2.14500001365903E+03,  3.59211045509434E+03
 1.94100000000000E+03,  6.18206320945095E-01, -4.77500000000000E-01, -1.47088727057825E+00,  1.31770000000002E+02,  1.79793125065000E+03,  2.94086094907949E+03
 1.94108333300000E+03,  8.46305551587767E-01,  5.87500000000000E-01, -1.46853647066302E+00,  1.31950000000002E+02,  1.35462271908158E+03,  2.08816975360300E+03
 1.94116666700000E+03,  8.94703223579658E-01,  9.92500000000000E-01, -1.46618917667147E+00,  1.32130000000002E+02,  9.99825565294235E+02,  1.42670695270742E+03
 1.94125000000000E+03,  6.75922959931169E-01,  6.80000000000000E-01, -1.39460862091858E+00,  1.32310000000003E+02,  8.51966654094972E+02,  1.27679049303972E+03
 1.94133333300000E+03,  7.34597561774618E-01,  2.37500000000000E-01, -1.39238530152421E+00,  1.32490000000003E+02,  9.15614877606036E+02,  1.73404563439540E+03
 1.94141666700000E+03,  1.16895116304372E+00,  1.57500000000000E-01, -1.39016610602099E+00,  1.32670000000003E+02,  1.17472119450726E+03,  2.66534959499815E+03
 1.94150000000000E+03,  1.68650911680560E+00,  1.03000000000000E+00, -1.38795104885487E+00,  1.32850000000003E+02,  1.70234278990203E+03,  3.84720229892619E+03
 1.94158333300000E+03,  2.16450538278546E+00,  2.31500000000000E+00, -1.38574014424496E+00,  1.33030000000003E+02,  2.61697681717911E+03,  5.12406997739888E+03
 1.94166666700000E+03,  2.53977346226930E+00,  3.19500000000000E+00, -1.38353340618476E+00,  1.33210000000003E+02,  3.92632592923942E+03,  6.43752175989752E+03
 1.94175000000000E+03,  2.79825983908847E+00,  3.75500000000000E+00, -1.38098994364897E+00,  1.33390000000003E+02,  5.41269197192458E+03,  7.66475197292233E+03
 1.94183333300000E+03,  2.93681393302170E+00,  3.75250000000000E+00, -1.37879223079661E+00,  1.33570000000003E+02,  6.67703873346426E+03,  8.50260674626130E+03
 1.94191666700000E+03,  2.98719849095173E+00,  2.88750000000000E+00, -1.37659872717740E+00,  1.33750000000003E+02,  7.38052577747331E+03,  8.69693513383945E+03
 1.94200000000000E+03,  2.97387521718250E+00,  1.92500000000000E+00, -1.37440944586035E+00,  1.33930000000003E+02,  7.50080668688510E+03,  8.36099999842498E+03
 1.94208333300000E+03,  2.89758572818698E+00,  1.74750000000000E+00, -1.37222439969513E+00,  1.34110000000003E+02,  7.27831374502014E+03,  7.83623772606512E+03
 1.94216666700000E+03,  2.39213847070355E+00,  1.90500000000000E+00, -1.37004360131336E+00,  1.34290000000003E+02,  6.88973031400630E+03,  7.26717233510983E+03
 1.94225000000000E+03,  1.55160698885275E+00,  1.96250000000000E+00, -1.50109168862505E+00,  1.34470000000003E+02,  6.29722798617035E+03,  6.56135800180955E+03
 1.94233333300000E+03,  1.22809604490963E+00,  2.14500000000000E+00, -1.49869836931000E+00,  1.34650000000003E+02,  5.42054250891097E+03,  5.67336648831786E+03
 1.94241666700000E+03,  1.34418567495652E+00,  2.01250000000000E+00, -1.49630824544344E+00,  1.34830000000003E+02,  4.28189378884217E+03,  4.62686236024601E+03
 1.94250000000000E+03,  1.40199027603541E+00,  1.45250000000000E+00, -1.49392134297622E+00,  1.35010000000003E+02,  2.98331167637477E+03,  3.40649966235959E+03
 1.94258333300000E+03,  1.34885692603858E+00,  1.47500000000000E+00, -1.49153768759384E+00,  1.35190000000003E+02,  1.74922962563014E+03,  2.20117125860500E+03
 1.94266666700000E+03,  1.16723508762155E+00,  1.93000000000000E+00, -1.48915730471673E+00,  1.35370000000003E+02,  9.94404712408061E+02,  1.62893638355364E+03
 1.94275000000000E+03,  9.05329596934576E-01,  2.00500000000000E+00, -1.48514757647922E+00,  1.35550000000003E+02,  1.13356672438498E+03,  2.35237662850255E+03
 1.94283333300000E+03,  6.54430313027001E-01,  1.65750000000000E+00, -1.48277611282753E+00,  1.35730000000003E+02,  2.28116774990515E+03,  4.51078064985519E+03
 1.94291666700000E+03,  4.72359980162767E-01,  1.21250000000000E+00, -1.48040801313704E+00,  1.35910000000003E+02,  4.23388541469314E+03,  7.69170142942235E+03
 1.94300000000000E+03,  3.74407725518682E-01,  1.05500000000000E+00, -1.47804330159050E+00,  1.36090000000003E+02,  6.65238385601129E+03,  1.12618723568785E+04
 1.94308333300000E+03,  3.68534237632061E-01,  4.85000000000000E-01, -1.47568200210789E+00,  1.36270000000003E+02,  9.10842466688816E+03,  1.45528914003329E+04
 1.94316666700000E+03,  3.33833344844313E-01, -6.75000000000000E-01, -1.47332413834692E+00,  1.36450000000003E+02,  1.10627285339766E+04,  1.69484815838995E+04
 1.94325000000000E+03,  1.59089419410918E-01, -1.30750000000000E+00, -1.52705183946778E+00,  1.36630000000003E+02,  1.20115411698020E+04,  1.80367065774251E+04
 1.94333333300000E+03, -1.35072224690887E-04, -1.21000000000000E+00, -1.52462583502862E+00,  1.36810000000003E+02,  1.17172695266590E+04,  1.76994773784188E+04
 1.94341666700000E+03, -1.63029708657899E-02, -7.10000000000000E-01, -1.52220272981675E+00,  1.36990000000003E+02,  1.03187764389557E+04,  1.61063876188238E+04
 1.94350000000000E+03,  6.61842738183446E-02, -1.30000000000000E-01, -1.51978255264822E+00,  1.37170000000003E+02,  8.28795514225108E+03,  1.36981414782811E+04
 1.94358333300000E+03,  1.86126673981315E-01,  2.50000000000000E-01, -1.51736533207300E+00,  1.37350000000003E+02,  6.23735139285806E+03,  1.10584873593183E+04
 1.94366666700000E+03,  2.63117850544421E-01,  5.60000000000000E-01, -1.51495109637482E+00,  1.37530000000003E+02,  4.62485652268518E+03,  8.65523340975095E+03
 1.94375000000000E+03,  2.98845086418770E-01,  8.87500000000000E-01, -1.51370520497435E+00,  1.37710000000003E+02,  3.57482824928748E+03,  6.70150315041280E+03
 1.94383333300000E+03,  4.01181748456227E-01,  1.42500000000000E+00, -1.51129554936312E+00,  1.37890000000003E+02,  2.94730656218371E+03,  5.20804675686499E+03
 1.94391666700000E+03,  5.80469985489946E-01,  2.19000000000000E+00, -1.50888894862779E+00,  1.38070000000003E+02,  2.49691538136701E+03,  4.04408180641147E+03
 1.94400000000000E+03,  7.62832065220247E-01,  2.81000000000000E+00, -1.50648543011546E+00,  1.38250000000003E+02,  1.99977694264823E+03,  3.02497701578189E+03
 1.94408333300000E+03,  9.03496449529612E-01,  3.34000000000000E+00, -1.50408502090690E+00,  1.38430000000003E+02,  1.40110840329051E+03,  2.10751270862816E+03
 1.94416666700000E+03,  1.09264273801682E+00,  3.63750000000000E+00, -1.50168774781668E+00,  1.38610000000003E+02,  8.76797950935336E+02,  1.44256892730842E+03
 1.94425000000000E+03,  1.50570828338171E+00,  3.30250000000000E+00, -1.38628951521074E+00,  1.38790000000003E+02,  6.30182403808188E+02,  1.12959071484405E+03
 1.94433333300000E+03,  2.12052292746260E+00,  3.05500000000000E+00, -1.38408173980871E+00,  1.38970000000003E+02,  6.40838084286332E+02,  1.03692465304651E+03
 1.94441666700000E+03,  2.76059135713033E+00,  3.31000000000000E+00, -1.38187814132255E+00,  1.39150000000003E+02,  7.26182660150146E+02,  9.73817474976558E+02
 1.94450000000000E+03,  3.27040193774661E+00,  3.72750000000000E+00, -1.37967873335347E+00,  1.39330000000003E+02,  7.78306420907169E+02,  9.14956974284420E+02
 1.94458333300000E+03,  3.54025616241887E+00,  4.11000000000000E+00, -1.37748352928043E+00,  1.39510000000003E+02,  7.97108130978559E+02,  9.54205508265205E+02
 1.94466666700000E+03,  3.53936538198199E+00,  4.05750000000000E+00, -1.37529254226129E+00,  1.39690000000003E+02,  7.76101908980521E+02,  1.14329386141952E+03
 1.94475000000000E+03,  3.36809921216162E+00,  3.50000000000000E+00, -1.37628529445908E+00,  1.39870000000003E+02,  7.09812704039839E+02,  1.45693861176382E+03
 1.94483333300000E+03,  3.16264679405760E+00,  2.90250000000000E+00, -1.37409661819206E+00,  1.40050000000003E+02,  6.51694283879053E+02,  1.84825164058869E+03
 1.94491666700000E+03,  2.94988609768298E+00,  2.64000000000000E+00, -1.37191217889716E+00,  1.40230000000003E+02,  6.73810359045575E+02,  2.31306289471435E+03
 1.94500000000000E+03,  2.72249425844357E+00,  2.79750000000000E+00, -1.36973198917486E+00,  1.40410000000003E+02,  8.63559534809258E+02,  2.96238681132696E+03
 1.94508333300000E+03,  2.49981863995417E+00,  3.24750000000000E+00, -1.36755606140903E+00,  1.40590000000003E+02,  1.39006311801444E+03,  3.99598402804020E+03
 1.94516666700000E+03,  2.02130933745752E+00,  3.66750000000000E+00, -1.36538440776812E+00,  1.40770000000003E+02,  2.39102725701481E+03,  5.47688803454928E+03
 1.94525000000000E+03,  1.32905910332515E+00,  3.68750000000000E+00, -1.35122232934771E+00,  1.40950000000003E+02,  3.71815520906214E+03,  7.11711792788790E+03
 1.94533333300000E+03,  1.01995204942481E+00,  2.95750000000000E+00, -1.34908340651833E+00,  1.41130000000003E+02,  4.94154269819944E+03,  8.38158329561461E+03
 1.94541666700000E+03,  1.06112707563971E+00,  1.80250000000000E+00, -1.34694885345556E+00,  1.41310000000003E+02,  5.65127218797534E+03,  8.83413574279062E+03
 1.94550000000000E+03,  1.09409787971145E+00,  1.07250000000000E+00, -1.34481868033095E+00,  1.41490000000003E+02,  5.66258074083350E+03,  8.38349246020888E+03
 1.94558333300000E+03,  1.05437174941451E+00,  9.07500000000000E-01, -1.34269289711424E+00,  1.41670000000003E+02,  5.01871269081028E+03,  7.31087874790960E+03
 1.94566666700000E+03,  9.36420972324434E-01,  8.97500000000000E-01, -1.34057151357468E+00,  1.41850000000003E+02,  3.99860763377105E+03,  6.16295687228112E+03
 1.94575000000000E+03,  7.79956756842107E-01,  1.13250000000000E+00, -1.33612923948777E+00,  1.42030000000003E+02,  3.06667281747326E+03,  5.50298230626591E+03
 1.94583333300000E+03,  6.16612695757076E-01,  1.47000000000000E+00, -1.33402155852499E+00,  1.42210000000003E+02,  2.60445537485069E+03,  5.60994762970290E+03
 1.94591666700000E+03,  4.68718672202146E-01,  1.79250000000000E+00, -1.33191831523178E+00,  1.42390000000003E+02,  2.67891292968536E+03,  6.44831820969673E+03
 1.94600000000000E+03,  3.33874215036534E-01,  2.15750000000000E+00, -1.32981951837489E+00,  1.42570000000003E+02,  3.13380530516185E+03,  7.91546825594008E+03
 1.94608333300000E+03,  1.88943107621260E-01,  1.92500000000000E+00, -1.32772517652856E+00,  1.42750000000003E+02,  3.78412059112920E+03,  9.88305930644638E+03
 1.94616666700000E+03,  2.83052852968001E-01,  1.23750000000000E+00, -1.32563529807578E+00,  1.42930000000003E+02,  4.42746139760426E+03,  1.19233180314813E+04
 1.94625000000000E+03,  6.38411731815260E-01,  8.10000000000000E-01, -1.53258871364706E+00,  1.43110000000003E+02,  4.82104204831622E+03,  1.32903404417193E+04
 1.94633333300000E+03,  7.58236074561263E-01,  3.00000000000000E-01, -1.53015621404255E+00,  1.43290000000003E+02,  4.79789315168420E+03,  1.33622345989020E+04
 1.94641666700000E+03,  6.14894440165158E-01, -8.40000000000000E-01, -1.52772654703268E+00,  1.43470000000003E+02,  4.35606380672346E+03,  1.19807082893298E+04
 1.94650000000000E+03,  4.34218704175447E-01, -1.73500000000000E+00, -1.52529974203892E+00,  1.43650000000003E+02,  3.60092294320806E+03,  9.40901549150509E+03
 1.94658333300000E+03,  2.15722684634612E-01, -1.42500000000000E+00, -1.52287582821711E+00,  1.43830000000003E+02,  2.68439121599543E+03,  6.26474262101552E+03
 1.94666666700000E+03,  3.04995041009147E-02, -5.82500000000000E-01, -1.52045483445724E+00,  1.44010000000003E+02,  1.79865704063839E+03,  3.45564424099278E+03
 1.94675000000000E+03, -2.61092819103079E-02, -3.30000000000000E-01, -1.51627717364082E+00,  1.44190000000003E+02,  1.11644280397948E+03,  1.76155876951349E+03
 1.94683333300000E+03,  5.64868909175331E-02, -5.00000000000000E-01, -1.51386429201686E+00,  1.44370000000003E+02,  7.05301391347629E+02,  1.33004753506652E+03
 1.94691666700000E+03,  2.47435393380835E-01, -8.22500000000000E-01, -1.51145443582416E+00,  1.44550000000003E+02,  5.37665686822897E+02,  1.73262805297312E+03
 1.94700000000000E+03,  4.98281704628836E-01, -1.32500000000000E+00, -1.50904763269374E+00,  1.44730000000003E+02,  5.52970110284878E+02,  2.42952689921911E+03
 1.94708333300000E+03,  7.40432386605749E-01, -1.34750000000000E+00, -1.50664390999025E+00,  1.44910000000003E+02,  6.71145510347322E+02,  2.99910910991940E+03
 1.94716666700000E+03,  9.13102211056979E-01, -1.06500000000000E+00, -1.50424329481206E+00,  1.45090000000003E+02,  8.01892201659773E+02,  3.14462530885798E+03
 1.94725000000000E+03,  1.00820994447068E+00, -1.14750000000000E+00, -1.49750234670083E+00,  1.45270000000003E+02,  8.98135106753102E+02,  2.82930363370285E+03
 1.94733333300000E+03,  1.09417540680391E+00, -1.44250000000000E+00, -1.49511383106093E+00,  1.45450000000003E+02,  9.73086344395447E+02,  2.33120657182704E+03
 1.94741666700000E+03,  1.20388441359498E+00, -1.58500000000000E+00, -1.49272854970228E+00,  1.45630000000003E+02,  1.04031608630488E+03,  1.94517550920923E+03
 1.94750000000000E+03,  1.28093941507051E+00, -1.45750000000000E+00, -1.49034652817776E+00,  1.45810000000003E+02,  1.07131419265534E+03,  1.71187847275893E+03
 1.94758333300000E+03,  1.25294525080336E+00, -1.06000000000000E+00, -1.48796779177529E+00,  1.45990000000003E+02,  1.02938339214564E+03,  1.53361125461623E+03
 1.94766666700000E+03,  1.11205254333075E+00, -7.70000000000000E-01, -1.48559236551827E+00,  1.46170000000003E+02,  9.13686770293817E+02,  1.36515745875793E+03
 1.94775000000000E+03,  9.04299346813169E-01, -5.02500000000000E-01, -1.48618291027296E+00,  1.46350000000003E+02,  7.52825508851163E+02,  1.17457117505346E+03
 1.94783333300000E+03,  6.79061639437508E-01,  4.75000000000000E-02, -1.48380998710887E+00,  1.46530000000003E+02,  5.77655878812206E+02,  9.02451927282077E+02
 1.94791666700000E+03,  4.95705883858784E-01,  2.00000000000000E-01, -1.48144041727653E+00,  1.46710000000003E+02,  4.22074198603661E+02,  5.74155439044866E+02
 1.94800000000000E+03,  3.89292435314189E-01, -1.07500000000000E-01, -1.47907422507346E+00,  1.46890000000003E+02,  3.47678442162054E+02,  3.21720974242524E+02
 1.94808333300000E+03,  3.64301931419862E-01, -1.52500000000000E-01, -1.47671143453418E+00,  1.47070000000003E+02,  4.49711399587199E+02,  2.54698234467920E+02
 1.94816666700000E+03,  7.39059577394208E-01, -1.52500000000000E-01, -1.47435206943071E+00,  1.47250000000003E+02,  8.16867616984777E+02,  4.43476532344772E+02
 1.94825000000000E+03,  1.48309461041435E+00, -3.40000000000000E-01, -1.27912741737760E+00,  1.47430000000003E+02,  1.46748751041876E+03,  1.01600192031077E+03
 1.94833333300000E+03,  1.91550503108134E+00, -1.07500000000000E-01, -1.27714597817790E+00,  1.47610000000003E+02,  2.31321351570393E+03,  2.07657588607431E+03
 1.94841666700000E+03,  2.00445620904547E+00,  1.17500000000000E-01, -1.27516915302088E+00,  1.47790000000003E+02,  3.17596261078564E+03,  3.47186887239967E+03
 1.94850000000000E+03,  2.02262857019245E+00, -1.62500000000000E-01, -1.27319694580239E+00,  1.47970000000003E+02,  3.84923017130533E+03,  4.76224466416864E+03
 1.94858333300000E+03,  1.92762156875791E+00, -3.90000000000000E-01, -1.27122936026204E+00,  1.48150000000003E+02,  4.18933271196818E+03,  5.48945856239947E+03
 1.94866666700000E+03,  1.76010185409897E+00, -3.50000000000000E-01, -1.26926639998446E+00,  1.48330000000003E+02,  4.20603033997598E+03,  5.45236707848598E+03
 1.94875000000000E+03,  1.56336243356274E+00,  1.92500000000000E-01, -1.27088685915326E+00,  1.48510000000003E+02,  4.08319518030849E+03,  4.78017578103825E+03
 1.94883333300000E+03,  1.34424266633873E+00,  7.95000000000000E-01, -1.26892470547142E+00,  1.48690000000003E+02,  4.08272752838348E+03,  3.84951054110476E+03
 1.94891666700000E+03,  1.19586779662793E+00,  9.77500000000000E-01, -1.26696718106572E+00,  1.48870000000003E+02,  4.38877536668941E+03,  3.12899643161322E+03
 1.94900000000000E+03,  1.19155825682396E+00,  1.27000000000000E+00, -1.26501428918821E+00,  1.49050000000003E+02,  5.00655242930751E+03,  2.98072927011439E+03
 1.94908333300000E+03,  1.31305720437604E+00,  1.23000000000000E+00, -1.26306603294001E+00,  1.49230000000003E+02,  5.76424440821634E+03,  3.48509930410474E+03
 1.94916666700000E+03,  1.01310102768151E+00,  7.92500000000000E-01, -1.26112241527252E+00,  1.49410000000003E+02,  6.38151750828023E+03,  4.38544421334412E+03
 1.94925000000000E+03,  2.75472883620430E-01,  4.82500000000000E-01, -1.30186383212966E+00,  1.49590000000003E+02,  6.56658718242755E+03,  5.19783696591030E+03
 1.94933333300000E+03,  1.31699637704902E-01,  8.00000000000000E-02, -1.29983051438723E+00,  1.49770000000003E+02,  6.13349708340531E+03,  5.45232602954187E+03
 1.94941666700000E+03,  5.45009763688669E-01,  7.50000000000000E-02, -1.29780175533421E+00,  1.49950000000003E+02,  5.10914198456028E+03,  4.94420748875946E+03
 1.94950000000000E+03,  9.19660761310278E-01,  5.67500000000000E-01, -1.29577756072356E+00,  1.50130000000003E+02,  3.75715929425460E+03,  3.83450627581369E+03
 1.94958333300000E+03,  1.18423764387702E+00,  8.15000000000000E-01, -1.29375793613737E+00,  1.50310000000003E+02,  2.47151767537078E+03,  2.54624996484153E+03
 1.94966666700000E+03,  1.41562043014591E+00,  8.15000000000000E-01, -1.29174288698823E+00,  1.50490000000003E+02,  1.59243974244668E+03,  1.55364499526527E+03
 1.94975000000000E+03,  1.64507075513231E+00,  9.15000000000000E-01, -1.28641113691527E+00,  1.50670000000003E+02,  1.26414241411886E+03,  1.16835863841622E+03
 1.94983333300000E+03,  1.73097256251003E+00,  1.04500000000000E+00, -1.28441286361642E+00,  1.50850000000003E+02,  1.40482615145663E+03,  1.38387326128916E+03
 1.94991666700000E+03,  1.71523240770709E+00,  1.08750000000000E+00, -1.28241918876591E+00,  1.51030000000003E+02,  1.77151982962492E+03,  1.88865464668854E+03
 1.95000000000000E+03,  1.69915105309880E+00,  7.17500000000000E-01, -1.28043011684171E+00,  1.51210000000003E+02,  2.08559397912325E+03,  2.30799017167026E+03
 1.95008333300000E+03,  1.66643001734808E+00, -2.02500000000000E-01, -1.27844565216086E+00,  1.51390000000003E+02,  2.18015277376308E+03,  2.47714254603764E+03
 1.95016666700000E+03,  1.14599436759779E+00, -9.87500000000000E-01, -1.27646579888078E+00,  1.51570000000003E+02,  2.07161739743629E+03,  2.47525841636652E+03
 1.95025000000000E+03,  1.68451149206231E-01, -1.11000000000000E+00, -1.52349794011097E+00,  1.51750000000003E+02,  1.88482605673948E+03,  2.46024234583047E+03
 1.95033333300000E+03, -2.48252545219067E-01, -7.72500000000000E-01, -1.52107619382364E+00,  1.51930000000003E+02,  1.72816711757939E+03,  2.54828848175690E+03
 1.95041666700000E+03, -4.24337009137458E-02, -5.47500000000000E-01, -1.51865738889778E+00,  1.52110000000003E+02,  1.65832502493491E+03,  2.77683309766921E+03
 1.95050000000000E+03,  2.67236161603415E-01, -3.82500000000000E-01, -1.51624155375951E+00,  1.52290000000003E+02,  1.69432666534079E+03,  3.04739630765708E+03
 1.95058333300000E+03,  5.69926512373319E-01, -6.25000000000000E-02, -1.51382871656861E+00,  1.52470000000003E+02,  1.78110828456327E+03,  3.13133448898696E+03
 1.95066666700000E+03,  8.45958663914739E-01, -1.75000000000000E-01, -1.51141890521857E+00,  1.52650000000003E+02,  1.78649851175138E+03,  2.85247290066068E+03
 1.95075000000000E+03,  1.06286338538963E+00, -2.75000000000000E-01, -1.50702138811471E+00,  1.52830000000003E+02,  1.63812654649500E+03,  2.26571438954489E+03
 1.95083333300000E+03,  1.11663493533023E+00,  3.45000000000000E-01, -1.50462028288525E+00,  1.53010000000003E+02,  1.45011542701139E+03,  1.60321550690766E+03
 1.95091666700000E+03,  1.05787238120795E+00,  8.47500000000000E-01, -1.50222230781485E+00,  1.53190000000003E+02,  1.43549847297905E+03,  1.09831758598564E+03
 1.95100000000000E+03,  9.81190032447330E-01,  6.80000000000000E-01, -1.49982748951137E+00,  1.53370000000003E+02,  1.70345442872281E+03,  9.04561894040629E+02
 1.95108333300000E+03,  9.01306461250576E-01,  2.27500000000000E-01, -1.49743585431674E+00,  1.53550000000003E+02,  2.19073833323502E+03,  1.06995126312829E+03
 1.95116666700000E+03,  8.10561353992542E-01,  4.27500000000000E-01, -1.49504742830713E+00,  1.53730000000003E+02,  2.75028496619669E+03,  1.47671196639203E+03
 1.95125000000000E+03,  8.31130861881328E-01,  1.25500000000000E+00, -1.50876046004739E+00,  1.53910000000003E+02,  3.24116179012944E+03,  1.87205481717141E+03
 1.95133333300000E+03,  1.10473045870783E+00,  1.95500000000000E+00, -1.50635710697035E+00,  1.54090000000003E+02,  3.56441215762294E+03,  2.06071701402139E+03
 1.95141666700000E+03,  1.45345402875338E+00,  2.88000000000000E+00, -1.50395686463641E+00,  1.54270000000003E+02,  3.68443681037305E+03,  2.04645985315119E+03
 1.95150000000000E+03,  1.65548835609809E+00,  3.54000000000000E+00, -1.50155975984593E+00,  1.54450000000003E+02,  3.62127608922935E+03,  1.95519480328177E+03
 1.95158333300000E+03,  1.65717162442974E+00,  3.14250000000000E+00, -1.49916581913320E+00,  1.54630000000003E+02,  3.39385049057641E+03,  1.88924840472125E+03
 1.95166666700000E+03,  1.50528167376095E+00,  2.60000000000000E+00, -1.49677506876664E+00,  1.54810000000003E+02,  2.98197805186598E+03,  1.89417053447751E+03
 1.95175000000000E+03,  1.28194669330230E+00,  2.30500000000000E+00, -1.49737573898009E+00,  1.54990000000003E+02,  2.37238356201876E+03,  1.97726747168687E+03
 1.95183333300000E+03,  1.02425768784015E+00,  1.90750000000000E+00, -1.49498739402474E+00,  1.55170000000003E+02,  1.64088425022414E+03,  2.08108438916251E+03
 1.95191666700000E+03,  8.00431737463831E-01,  1.68500000000000E+00, -1.49260228471090E+00,  1.55350000000003E+02,  9.63901043243400E+02,  2.09337175657937E+03
 1.95200000000000E+03,  6.60647280192648E-01,  1.69500000000000E+00, -1.49022043657741E+00,  1.55530000000003E+02,  5.19182430428501E+02,  1.96619243342150E+03
 1.95208333300000E+03,  5.90433277156222E-01,  1.86250000000000E+00, -1.48784187489818E+00,  1.55710000000003E+02,  3.58583070708885E+02,  1.81921433582762E+03
 1.95216666700000E+03,  5.81496291489932E-01,  2.03250000000000E+00, -1.48546662468258E+00,  1.55890000000003E+02,  3.91308076550364E+02,  1.88281826082259E+03
 1.95225000000000E+03,  7.14768266043727E-01,  1.93000000000000E+00, -1.29381152762144E+00,  1.56070000000003E+02,  5.05491328254279E+02,  2.32913110142030E+03
 1.95233333300000E+03,  1.06033848814823E+00,  2.28250000000000E+00, -1.29179635685887E+00,  1.56250000000003E+02,  6.78789647763218E+02,  3.13541231646004E+03
 1.95241666700000E+03,  1.50578029541985E+00,  3.24000000000000E+00, -1.28978576664054E+00,  1.56430000000003E+02,  9.45928492934713E+02,  4.05598765239246E+03
 1.95250000000000E+03,  1.89280863349456E+00,  3.77250000000000E+00, -1.28777976204828E+00,  1.56610000000003E+02,  1.30208517069855E+03,  4.72393586946545E+03
 1.95258333300000E+03,  2.13088917310734E+00,  3.79750000000000E+00, -1.28577834799827E+00,  1.56790000000003E+02,  1.69010680842467E+03,  4.85813058290948E+03
 1.95266666700000E+03,  2.11847406590620E+00,  3.64750000000000E+00, -1.28378152924229E+00,  1.56970000000003E+02,  2.05530175317820E+03,  4.44337050887388E+03
 1.95275000000000E+03,  1.92747149407816E+00,  3.24750000000000E+00, -1.28584189941503E+00,  1.57150000000003E+02,  2.37018080295244E+03,  3.73959232449122E+03
 1.95283333300000E+03,  1.80283600953228E+00,  2.93500000000000E+00, -1.28384493450970E+00,  1.57330000000003E+02,  2.63353071509138E+03,  3.12840391047228E+03
 1.95291666700000E+03,  1.76870108704823E+00,  2.93750000000000E+00, -1.28185256934374E+00,  1.57510000000003E+02,  2.87222651708961E+03,  2.89273962445439E+03
 1.95300000000000E+03,  1.73267267113497E+00,  2.58750000000000E+00, -1.27986480834917E+00,  1.57690000000003E+02,  3.10394473191881E+03,  3.01829652027405E+03
 1.95308333300000E+03,  1.68154643512682E+00,  1.89000000000000E+00, -1.27788165579748E+00,  1.57870000000003E+02,  3.27939715190246E+03,  3.18708742403923E+03
 1.95316666700000E+03,  1.50363995050066E+00,  1.90000000000000E+00, -1.27590311580089E+00,  1.58050000000003E+02,  3.30192439092349E+03,  3.07476354162384E+03
 1.95325000000000E+03,  1.33170984453386E+00,  2.72250000000000E+00, -1.29003436329301E+00,  1.58230000000003E+02,  3.11137024524470E+03,  2.65086613044464E+03
 1.95333333300000E+03,  1.52216320427110E+00,  3.13000000000000E+00, -1.28802779088054E+00,  1.58410000000003E+02,  2.74308257323124E+03,  2.07693583914533E+03
 1.95341666700000E+03,  1.93375759335366E+00,  3.03750000000000E+00, -1.28602580841079E+00,  1.58590000000003E+02,  2.38474080983779E+03,  1.44940520930550E+03
 1.95350000000000E+03,  2.25320438073292E+00,  2.99750000000000E+00, -1.28402842065582E+00,  1.58770000000004E+02,  2.42464907745667E+03,  9.63947589414769E+02
 1.95358333300000E+03,  2.39116242816345E+00,  2.79500000000000E+00, -1.28203563222446E+00,  1.58950000000004E+02,  3.30210027812902E+03,  1.25962838873566E+03
 1.95366666700000E+03,  2.28836174532399E+00,  2.35750000000000E+00, -1.28004744756356E+00,  1.59130000000004E+02,  5.13600157520378E+03,  3.11451727769701E+03
 1.95375000000000E+03,  1.98721866983095E+00,  1.99000000000000E+00, -1.27552092419395E+00,  1.59310000000004E+02,  7.50260461339240E+03,  6.59399825049361E+03
 1.95383333300000E+03,  1.64882521044433E+00,  2.17500000000000E+00, -1.27354789415711E+00,  1.59490000000004E+02,  9.62775924016850E+03,  1.07325879239899E+04
 1.95391666700000E+03,  1.38503890177851E+00,  2.40750000000000E+00, -1.27157948514368E+00,  1.59670000000004E+02,  1.07673417867273E+04,  1.41321556805980E+04
 1.95400000000000E+03,  1.22268722625937E+00,  1.96000000000000E+00, -1.26961570076583E+00,  1.59850000000004E+02,  1.04831580262402E+04,  1.56983137625835E+04
 1.95408333300000E+03,  1.17253152705159E+00,  1.24000000000000E+00, -1.26765654448177E+00,  1.60030000000004E+02,  8.81455901795757E+03,  1.49669384274948E+04
 1.95416666700000E+03,  1.16197534733928E+00,  6.52500000000000E-01, -1.26570201959706E+00,  1.60210000000004E+02,  6.32320719590812E+03,  1.22600916248488E+04
 1.95425000000000E+03,  1.13813755255544E+00,  3.02500000000000E-01, -1.49795758876397E+00,  1.60390000000004E+02,  3.83437846480852E+03,  8.69952856144546E+03
 1.95433333300000E+03,  1.18107594416229E+00,  5.05000000000000E-01, -1.49556846009435E+00,  1.60570000000004E+02,  1.96734578888856E+03,  5.65523120385939E+03
 1.95441666700000E+03,  1.29000700753813E+00,  4.97500000000000E-01, -1.49318256080956E+00,  1.60750000000004E+02,  8.70626968894097E+02,  3.81437863432408E+03
 1.95450000000000E+03,  1.36474044514760E+00, -7.25000000000000E-02, -1.49079991651293E+00,  1.60930000000004E+02,  3.60868491346489E+02,  2.83920276240702E+03
 1.95458333300000E+03,  1.33510311698939E+00, -2.70000000000000E-01, -1.48842055254285E+00,  1.61110000000004E+02,  2.34835216442592E+02,  2.05443711699753E+03
 1.95466666700000E+03,  1.16869528825573E+00, -2.30000000000000E-01, -1.48604449397305E+00,  1.61290000000004E+02,  4.53863879170932E+02,  1.35030370315772E+03
 1.95475000000000E+03,  9.11121211940235E-01, -3.15000000000000E-01, -1.48185057731109E+00,  1.61470000000004E+02,  1.10878462529594E+03,  1.24953596913138E+03
 1.95483333300000E+03,  6.67989804403463E-01, -4.02500000000000E-01, -1.47948379838624E+00,  1.61650000000004E+02,  2.25864978728585E+03,  2.17528194597727E+03
 1.95491666700000E+03,  5.15152906748081E-01, -1.92500000000000E-01, -1.47712041698129E+00,  1.61830000000004E+02,  3.80335118005240E+03,  3.90158134718351E+03
 1.95500000000000E+03,  4.79059128315220E-01,  2.92500000000000E-01, -1.47476045691369E+00,  1.62010000000004E+02,  5.46018490942502E+03,  5.75477986197720E+03
 1.95508333300000E+03,  5.68861388230686E-01,  4.32500000000000E-01, -1.47240394173884E+00,  1.62190000000004E+02,  6.79889235766872E+03,  7.07938382423649E+03
 1.95516666700000E+03,  6.51978502527298E-01,  4.82500000000000E-01, -1.47005089475061E+00,  1.62370000000004E+02,  7.36138483463984E+03,  7.39787833411581E+03
 1.95525000000000E+03,  6.53044545202782E-01,  9.57500000000000E-01, -1.47836459010638E+00,  1.62550000000004E+02,  6.92367536706430E+03,  6.48979435861817E+03
 1.95533333300000E+03,  7.61080613960982E-01,  1.54000000000000E+00, -1.47600282534987E+00,  1.62730000000004E+02,  5.68832332014654E+03,  4.65484458922581E+03
 1.95541666700000E+03,  1.02288755246287E+00,  2.01500000000000E+00, -1.47364449311406E+00,  1.62910000000004E+02,  4.12718227354091E+03,  2.68588908319248E+03
 1.95550000000000E+03,  1.31713950447079E+00,  2.20000000000000E+00, -1.47128961683047E+00,  1.63090000000004E+02,  2.69097360179208E+03,  1.32204690290220E+03
 1.95558333300000E+03,  1.57678783676462E+00,  1.99250000000000E+00, -1.46893821966936E+00,  1.63270000000004E+02,  1.82159402350928E+03,  9.60824793618889E+02
 1.95566666700000E+03,  1.67314441208506E+00,  2.09000000000000E+00, -1.46659032454035E+00,  1.63450000000004E+02,  2.06851669297855E+03,  1.98129434838187E+03
 1.95575000000000E+03,  1.62665569924915E+00,  2.80750000000000E+00, -1.46690744818129E+00,  1.63630000000004E+02,  3.75345811479693E+03,  4.68873884820610E+03
 1.95583333300000E+03,  1.68777067994006E+00,  3.20750000000000E+00, -1.46456260004223E+00,  1.63810000000004E+02,  6.41523120385216E+03,  8.49666976259999E+03
 1.95591666700000E+03,  1.89250646812891E+00,  2.65000000000000E+00, -1.46222129596397E+00,  1.63990000000004E+02,  8.89412099848228E+03,  1.17725701055950E+04
 1.95600000000000E+03,  2.11534012628042E+00,  1.74500000000000E+00, -1.45988355811287E+00,  1.64170000000004E+02,  1.01371719073825E+04,  1.31188189873156E+04
 1.95608333300000E+03,  2.29672951180724E+00,  9.07500000000000E-01, -1.45754940839713E+00,  1.64350000000004E+02,  9.83207646583285E+03,  1.24539335099121E+04
 1.95616666700000E+03,  1.80267992985626E+00,  3.97500000000000E-01, -1.45521886846753E+00,  1.64530000000004E+02,  8.35078343659335E+03,  1.05156760612470E+04
 1.95625000000000E+03,  6.23421289529049E-01,  1.42500000000000E-01, -1.32404330893405E+00,  1.64710000000004E+02,  6.39384485362675E+03,  7.97380375057650E+03
 1.95633333300000E+03, -1.36640316456150E-02, -8.55000000000000E-01, -1.32196132018316E+00,  1.64890000000004E+02,  4.70369775344454E+03,  5.49767842868195E+03
 1.95641666700000E+03, -5.37085606197868E-02, -1.75750000000000E+00, -1.31988381700646E+00,  1.65070000000004E+02,  3.73141461986537E+03,  3.88191921989841E+03
 1.95650000000000E+03, -1.05144758067358E-01, -1.42500000000000E+00, -1.31781080707914E+00,  1.65250000000004E+02,  3.34366318743370E+03,  3.32259770817436E+03
 1.95658333300000E+03, -2.17821809781974E-01, -1.00750000000000E+00, -1.31574229789147E+00,  1.65430000000004E+02,  3.06160969564304E+03,  3.14256831986548E+03
 1.95666666700000E+03, -3.95149960711422E-01, -8.65000000000000E-01, -1.31367829675007E+00,  1.65610000000004E+02,  2.82618557479277E+03,  2.98886636105036E+03
 1.95675000000000E+03, -6.00213006096890E-01, -7.17500000000000E-01, -1.31376492115164E+00,  1.65790000000004E+02,  3.38387182387956E+03,  3.78103622498418E+03
 1.95683333300000E+03, -7.70166869174658E-01, -5.57500000000000E-01, -1.31170524534324E+00,  1.65970000000004E+02,  5.58792865971927E+03,  6.60232495760069E+03
 1.95691666700000E+03, -8.33513456019540E-01, -3.90000000000000E-01, -1.30965009136064E+00,  1.66150000000004E+02,  9.27169817520257E+03,  1.09445154882007E+04
 1.95700000000000E+03, -7.73347727894232E-01, -6.87500000000000E-01, -1.30759946597497E+00,  1.66330000000004E+02,  1.30727552314451E+04,  1.48838242584670E+04
 1.95708333300000E+03, -6.20908691891333E-01, -8.47500000000000E-01, -1.30555337577894E+00,  1.66510000000004E+02,  1.54885927693606E+04,  1.68753608409516E+04
 1.95716666700000E+03, -1.93314683516190E-01, -6.12500000000000E-01, -1.30351182718811E+00,  1.66690000000004E+02,  1.59243500909039E+04,  1.66670900543582E+04
 1.95725000000000E+03,  4.39948133467810E-01, -7.85000000000000E-01, -1.34544724932083E+00,  1.66870000000004E+02,  1.47063339568828E+04,  1.46703969262913E+04
 1.95733333300000E+03,  8.11843214940955E-01, -8.87500000000000E-01, -1.34332016876942E+00,  1.67050000000004E+02,  1.25378718289067E+04,  1.14988553680683E+04
 1.95741666700000E+03,  9.77339088195747E-01, -3.32500000000000E-01, -1.34119748503114E+00,  1.67230000000004E+02,  1.02526316898030E+04,  8.33384776640579E+03
 1.95750000000000E+03,  1.13688670690839E+00,  6.05000000000000E-01, -1.33907920773469E+00,  1.67410000000004E+02,  8.66833595144744E+03,  6.65268445919731E+03
 1.95758333300000E+03,  1.19989566796340E+00,  1.59250000000000E+00, -1.33696534631049E+00,  1.67590000000004E+02,  8.09809592139506E+03,  6.88429529037516E+03
 1.95766666700000E+03,  1.11652935980673E+00,  1.91500000000000E+00, -1.33485590999196E+00,  1.67770000000004E+02,  8.11891920645138E+03,  7.95832550029594E+03
 1.95775000000000E+03,  8.98097340556657E-01,  1.44250000000000E+00, -1.33081176290263E+00,  1.67950000000004E+02,  8.23053890580736E+03,  8.73161446807966E+03
 1.95783333300000E+03,  6.08202432468981E-01,  9.22500000000000E-01, -1.32871531263472E+00,  1.68130000000004E+02,  8.54821627793462E+03,  9.18873655801671E+03
 1.95791666700000E+03,  3.09962665249083E-01,  6.57500000000000E-01, -1.32662332181869E+00,  1.68310000000004E+02,  9.36927588812040E+03,  9.65913781671640E+03
 1.95800000000000E+03,  2.85367728368876E-02,  8.45000000000000E-01, -1.32453579873730E+00,  1.68490000000004E+02,  1.02639253222418E+04,  9.68256687053535E+03
 1.95808333300000E+03, -2.28180416639925E-01,  1.85750000000000E+00, -1.32245275148412E+00,  1.68670000000004E+02,  1.02506997425932E+04,  8.58890961756752E+03
 1.95816666700000E+03,  2.39214051069840E-01,  2.98750000000000E+00, -1.32037418796482E+00,  1.68850000000004E+02,  8.91241243069021E+03,  6.66658341731799E+03
 1.95825000000000E+03,  1.44005869478836E+00,  3.02250000000000E+00, -1.44890578121187E+00,  1.69030000000004E+02,  6.81432646075381E+03,  4.83464524870980E+03
 1.95833333300000E+03,  1.99929539395496E+00,  2.35250000000000E+00, -1.44658884343455E+00,  1.69210000000004E+02,  4.76628236957059E+03,  3.50486100949554E+03
 1.95841666700000E+03,  1.89711117825648E+00,  1.94750000000000E+00, -1.44427561411675E+00,  1.69390000000004E+02,  3.17634635515304E+03,  2.53905586584245E+03
 1.95850000000000E+03,  1.77339729684428E+00,  1.70500000000000E+00, -1.44196611345244E+00,  1.69570000000004E+02,  2.19100724192698E+03,  1.96132760138177E+03
 1.95858333300000E+03,  1.57909968229299E+00,  1.67500000000000E+00, -1.43966036138352E+00,  1.69750000000004E+02,  1.87878994802281E+03,  1.90167124645212E+03
 1.95866666700000E+03,  1.30448099554375E+00,  1.77250000000000E+00, -1.43735837760075E+00,  1.69930000000004E+02,  2.01440068320623E+03,  2.06632602557289E+03
 1.95875000000000E+03,  1.00627185867770E+00,  1.68250000000000E+00, -1.43443458104121E+00,  1.70110000000004E+02,  2.13345224499927E+03,  2.00469514013685E+03
 1.95883333300000E+03,  7.74586563218685E-01,  1.78250000000000E+00, -1.43214123258469E+00,  1.70290000000004E+02,  2.10730193183981E+03,  1.80309790170543E+03
 1.95891666700000E+03,  6.58746890449625E-01,  1.73750000000000E+00, -1.42985171510752E+00,  1.70470000000004E+02,  2.36003269669671E+03,  1.93223158729280E+03
 1.95900000000000E+03,  6.59524957986153E-01,  1.26250000000000E+00, -1.42756604723767E+00,  1.70650000000004E+02,  3.29621538883237E+03,  2.48690109261940E+03
 1.95908333300000E+03,  7.62654490293889E-01,  6.80000000000000E-01, -1.42528424735686E+00,  1.70830000000004E+02,  4.79731244695931E+03,  3.08497535295311E+03
 1.95916666700000E+03,  1.08777739324174E+00,  6.50000000000000E-02, -1.42300633360159E+00,  1.71010000000004E+02,  6.44622490976868E+03,  3.49163036172441E+03
 1.95925000000000E+03,  1.53420344286179E+00, -1.42500000000000E-01, -1.35716261794899E+00,  1.71190000000004E+02,  7.91268440669832E+03,  3.89657567916511E+03
 1.95933333300000E+03,  1.73177387691225E+00, -1.95000000000000E-01, -1.35501166027935E+00,  1.71370000000004E+02,  8.89483118474763E+03,  4.50561442036309E+03
 1.95941666700000E+03,  1.73335656016985E+00, -4.32500000000000E-01, -1.35286504317301E+00,  1.71550000000004E+02,  8.99600662720885E+03,  5.18657775828170E+03
 1.95950000000000E+03,  1.69181121214583E+00, -3.50000000000000E-01, -1.35072277736667E+00,  1.71730000000004E+02,  7.99691248203199E+03,  5.63601340982166E+03
 1.95958333300000E+03,  1.54472038654225E+00,  2.22500000000000E-01, -1.34858487339163E+00,  1.71910000000004E+02,  6.16213693514264E+03,  5.67872614815060E+03
 1.95966666700000E+03,  1.31658055480340E+00,  8.65000000000000E-01, -1.34645134157505E+00,  1.72090000000004E+02,  4.10208636820158E+03,  5.27634244920987E+03
 1.95975000000000E+03,  1.06048508618174E+00,  9.27500000000000E-01, -1.34637384397300E+00,  1.72270000000004E+02,  2.41159031498493E+03,  4.41129412255103E+03
 1.95983333300000E+03,  8.01102873916596E-01,  7.32500000000000E-01, -1.34424485397728E+00,  1.72450000000004E+02,  1.52315014139004E+03,  3.17597730533222E+03
 1.95991666700000E+03,  6.11006636377334E-01,  1.04000000000000E+00, -1.34212025654425E+00,  1.72630000000004E+02,  1.71216525121970E+03,  1.94369004252973E+03
 1.96000000000000E+03,  5.35853277381390E-01,  1.62250000000000E+00, -1.34000006138926E+00,  1.72810000000004E+02,  2.96868397037370E+03,  1.23164829992676E+03
 1.96008333300000E+03,  5.47732385010899E-01,  1.67000000000000E+00, -1.33788427802881E+00,  1.72990000000004E+02,  4.83430771400247E+03,  1.28596992635817E+03
 1.96016666700000E+03,  8.81066001040966E-01,  1.15000000000000E+00, -1.33577291578186E+00,  1.73170000000004E+02,  6.54116255053452E+03,  1.89069989109989E+03
 1.96025000000000E+03,  1.58355560301154E+00,  1.38500000000000E+00, -1.26129735775172E+00,  1.73350000000004E+02,  7.42861852837568E+03,  2.61677157918631E+03
 1.96033333300000E+03,  2.18677594983438E+00,  2.47500000000000E+00, -1.25935796313774E+00,  1.73530000000004E+02,  7.22520106309732E+03,  3.11647399685768E+03
 1.96041666700000E+03,  2.59494885366273E+00,  2.95000000000000E+00, -1.25742321232991E+00,  1.73710000000004E+02,  6.01231997915563E+03,  3.16339460027981E+03
 1.96050000000000E+03,  2.91313577421925E+00,  2.91000000000000E+00, -1.25549310785116E+00,  1.73890000000004E+02,  4.14318631689231E+03,  2.68701737632498E+03
 1.96058333300000E+03,  3.03758633984318E+00,  2.80000000000000E+00, -1.25356765207960E+00,  1.74070000000004E+02,  2.25455335102387E+03,  1.94682716647407E+03
 1.96066666700000E+03,  2.92138211159214E+00,  2.55250000000000E+00, -1.25164684724974E+00,  1.74250000000004E+02,  1.05199629735682E+03,  1.44916918568111E+03
 1.96075000000000E+03,  2.60504340441405E+00,  2.55250000000000E+00, -1.24925287933947E+00,  1.74430000000004E+02,  7.89665197936622E+02,  1.45221830949777E+03
 1.96083333300000E+03,  2.19596931526197E+00,  2.25500000000000E+00, -1.24734254535906E+00,  1.74610000000004E+02,  1.07162852212782E+03,  1.68523278210008E+03
 1.96091666700000E+03,  1.78158456389443E+00,  1.38750000000000E+00, -1.24543686860538E+00,  1.74790000000004E+02,  1.40271047047293E+03,  1.75724733882317E+03
 1.96100000000000E+03,  1.39881841646548E+00,  7.72500000000000E-01, -1.24353585071644E+00,  1.74970000000004E+02,  1.84230234915325E+03,  1.72288479821315E+03
 1.96108333300000E+03,  1.06524907011635E+00,  8.47500000000000E-01, -1.24163949319312E+00,  1.75150000000004E+02,  2.88851785257365E+03,  2.04854000002179E+03
 1.96116666700000E+03,  6.02440730102555E-01,  1.43000000000000E+00, -1.23974779740036E+00,  1.75330000000004E+02,  4.80434219047156E+03,  3.09894063443350E+03
 1.96125000000000E+03,  1.45571424165885E-01,  1.90750000000000E+00, -1.30322831943374E+00,  1.75510000000004E+02,  7.28192829144500E+03,  4.79578511321906E+03
 1.96133333300000E+03,  2.02777180182491E-01,  1.53250000000000E+00, -1.30119195152866E+00,  1.75690000000004E+02,  9.67681056227822E+03,  6.67186808568662E+03
 1.96141666700000E+03,  6.12832281739899E-01,  5.15000000000000E-01, -1.29916013836344E+00,  1.75870000000004E+02,  1.13161973003659E+04,  8.10733584081302E+03
 1.96150000000000E+03,  9.82720793286330E-01, -5.00000000000000E-03, -1.29713288580615E+00,  1.76050000000004E+02,  1.16552848703326E+04,  8.61151009836100E+03
 1.96158333300000E+03,  1.24156104519324E+00,  6.00000000000000E-02, -1.29511019955320E+00,  1.76230000000004E+02,  1.04920652715005E+04,  8.06751967965788E+03
 1.96166666700000E+03,  1.43463448610713E+00,  9.75000000000000E-02, -1.29309208513056E+00,  1.76410000000004E+02,  8.19699644572670E+03,  6.75171714835672E+03
 1.96175000000000E+03,  1.60763005189786E+00,  2.40000000000000E-01, -1.28909803962076E+00,  1.76590000000004E+02,  5.60394695503756E+03,  5.13176782629652E+03
 1.96183333300000E+03,  1.70485132634082E+00,  8.60000000000000E-01, -1.28709360709591E+00,  1.76770000000004E+02,  3.54777346539732E+03,  3.72206296504116E+03
 1.96191666700000E+03,  1.76451074217574E+00,  1.52500000000000E+00, -1.28509376675960E+00,  1.76950000000004E+02,  2.48409962846834E+03,  3.04831026303184E+03
 1.96200000000000E+03,  1.84025944675083E+00,  1.57500000000000E+00, -1.28309852330761E+00,  1.77130000000004E+02,  2.48200955868717E+03,  3.46762379517131E+03
 1.96208333300000E+03,  1.90390655501448E+00,  1.46000000000000E+00, -1.28110788127307E+00,  1.77310000000004E+02,  3.42907184837360E+03,  4.93390262158471E+03
 1.96216666700000E+03,  1.30813021070913E+00,  1.34000000000000E+00, -1.27912184502774E+00,  1.77490000000004E+02,  5.15417957566456E+03,  7.15728407077771E+03
 1.96225000000000E+03,  7.01606140127954E-02,  8.22500000000000E-01, -1.31726958775097E+00,  1.77670000000004E+02,  7.38299047402633E+03,  1.00403710785707E+04
 1.96233333300000E+03, -4.90291921803970E-01,  6.75000000000000E-02, -1.31520225643469E+00,  1.77850000000004E+02,  9.65685883458531E+03,  1.36535845645017E+04
 1.96241666700000E+03, -3.39804373652740E-01, -4.05000000000000E-01, -1.31313943504480E+00,  1.78030000000004E+02,  1.13895902410247E+04,  1.76706627221399E+04
 1.96250000000000E+03, -1.62387631290805E-01, -4.60000000000000E-01, -1.31108113065814E+00,  1.78210000000004E+02,  1.20894360775005E+04,  2.11601100510318E+04
 1.96258333300000E+03, -4.07289841914091E-02, -4.10000000000000E-01, -1.30902735017092E+00,  1.78390000000004E+02,  1.15608505106706E+04,  2.31194993445530E+04
 1.96266666700000E+03, -1.59448106279855E-02, -5.75000000000000E-02, -1.30697810029998E+00,  1.78570000000004E+02,  9.91115483429035E+03,  2.29720954944329E+04
 1.96275000000000E+03, -5.25507042671196E-02,  3.70000000000000E-01, -1.30536932318947E+00,  1.78750000000004E+02,  7.46583483997637E+03,  2.05356815206094E+04
 1.96283333300000E+03, -6.24351075214161E-02,  7.85000000000000E-01, -1.30332818393460E+00,  1.78930000000004E+02,  4.78960730783487E+03,  1.60837548370493E+04
 1.96291666700000E+03,  5.26797550940794E-03,  1.37250000000000E+00, -1.30129159307809E+00,  1.79110000000004E+02,  2.68210045598837E+03,  1.07621705022368E+04
 1.96300000000000E+03,  1.48917367891341E-01,  1.59000000000000E+00, -1.29925955666955E+00,  1.79290000000004E+02,  1.84569607654474E+03,  6.39524275198637E+03
 1.96308333300000E+03,  3.54029358549175E-01,  1.47000000000000E+00, -1.29723208058553E+00,  1.79470000000004E+02,  2.38778683681569E+03,  4.24105804654667E+03
 1.96316666700000E+03,  1.82340075113605E-01,  1.25500000000000E+00, -1.29520917053080E+00,  1.79650000000004E+02,  3.74836585128659E+03,  4.07224949601239E+03
 1.96325000000000E+03, -3.93933337555933E-01,  5.52500000000000E-01, -1.13144988359520E+00,  1.79830000000004E+02,  5.19551700237907E+03,  4.84548187798585E+03
 1.96333333300000E+03, -5.56093220198849E-01, -3.72500000000000E-01, -1.12984977235638E+00,  1.80010000000004E+02,  6.28805486914261E+03,  5.98809074631168E+03
 1.96341666700000E+03, -3.30934818028806E-01, -6.27500000000000E-01, -1.12825417846780E+00,  1.80190000000004E+02,  6.85583479953235E+03,  7.55069020485939E+03
 1.96350000000000E+03, -2.11490063276756E-01, -5.70000000000000E-01, -1.12666309679247E+00,  1.80370000000004E+02,  6.82124488801961E+03,  9.40327766912045E+03
 1.96358333300000E+03, -2.77225955259002E-01, -1.05000000000000E+00, -1.12507652212524E+00,  1.80550000000004E+02,  6.26652592393481E+03,  1.10050588405861E+04
 1.96366666700000E+03, -4.70583296774442E-01, -1.46000000000000E+00, -1.12349444919363E+00,  1.80730000000004E+02,  5.50657976304758E+03,  1.19595912497000E+04
 1.96375000000000E+03, -7.15450866568288E-01, -1.09250000000000E+00, -1.12408336213698E+00,  1.80910000000004E+02,  4.83285314311266E+03,  1.21932483008363E+04
 1.96383333300000E+03, -1.05260473012132E+00, -7.02500000000000E-01, -1.12250411099107E+00,  1.81090000000004E+02,  4.26471450032158E+03,  1.15786241597612E+04
 1.96391666700000E+03, -1.43527069731721E+00, -7.20000000000000E-01, -1.12092935285838E+00,  1.81270000000004E+02,  3.78532553763693E+03,  1.00441919320421E+04
 1.96400000000000E+03, -1.78312547343668E+00, -5.62500000000000E-01, -1.11935908229345E+00,  1.81450000000004E+02,  3.72745157228454E+03,  8.18568280499971E+03
 1.96408333300000E+03, -2.09074396177535E+00, -7.50000000000000E-02, -1.11779329378644E+00,  1.81630000000004E+02,  4.58329893627125E+03,  7.09119858272826E+03
 1.96416666700000E+03, -2.14278966483509E+00, -2.07500000000000E-01, -1.11623198176395E+00,  1.81810000000004E+02,  6.35751033413547E+03,  7.22026422426234E+03
 1.96425000000000E+03, -1.87320168394975E+00, -6.22500000000000E-01, -1.08052723213475E+00,  1.81990000000004E+02,  8.36185146270891E+03,  7.88875504180721E+03
 1.96433333300000E+03, -1.63947552760634E+00, -2.45000000000000E-01, -1.07907454675977E+00,  1.82170000000004E+02,  9.75674160856901E+03,  8.08660070642530E+03
 1.96441666700000E+03, -1.52816722060165E+00, -3.30000000000000E-01, -1.07762617526029E+00,  1.82350000000004E+02,  1.01183944884277E+04,  7.39699599942559E+03
 1.96450000000000E+03, -1.45993264286483E+00, -1.38500000000000E+00, -1.07618211064355E+00,  1.82530000000004E+02,  9.46000693821672E+03,  5.99350155094916E+03
 1.96458333300000E+03, -1.50508742693005E+00, -2.17000000000000E+00, -1.07474234587330E+00,  1.82710000000004E+02,  8.02837315900329E+03,  4.30472883196904E+03
 1.96466666700000E+03, -1.68683501028722E+00, -2.45500000000000E+00, -1.07330687387046E+00,  1.82890000000004E+02,  6.27301257160692E+03,  2.99271139820872E+03
 1.96475000000000E+03, -1.93251649654897E+00, -2.41500000000000E+00, -1.06870882600626E+00,  1.83070000000004E+02,  4.75645985734575E+03,  2.79674517676191E+03
 1.96483333300000E+03, -2.11514071351930E+00, -1.90250000000000E+00, -1.06729140528822E+00,  1.83250000000004E+02,  3.81630413447225E+03,  3.98622908509291E+03
 1.96491666700000E+03, -2.18238027439172E+00, -1.60750000000000E+00, -1.06587823968884E+00,  1.83430000000004E+02,  3.43848312515994E+03,  6.19037995727314E+03
 1.96500000000000E+03, -2.14430632405846E+00, -1.83000000000000E+00, -1.06446932187667E+00,  1.83610000000004E+02,  3.67902716698386E+03,  9.02073382872793E+03
 1.96508333300000E+03, -2.01549921359248E+00, -1.66750000000000E+00, -1.06306464448192E+00,  1.83790000000004E+02,  5.04817962313817E+03,  1.26172493007786E+04
 1.96516666700000E+03, -1.45103069703331E+00, -1.16500000000000E+00, -1.06166420009710E+00,  1.83970000000004E+02,  8.10332491452731E+03,  1.72673697408652E+04
 1.96525000000000E+03, -5.14354006847204E-01, -1.01750000000000E+00, -1.21149695766112E+00,  1.84150000000004E+02,  1.25715810159117E+04,  2.25777250255518E+04
 1.96533333300000E+03,  1.15995863306186E-02, -1.14500000000000E+00, -1.20968104559098E+00,  1.84330000000004E+02,  1.71076331921955E+04,  2.72740759255919E+04
 1.96541666700000E+03,  1.45678387559468E-01, -1.44250000000000E+00, -1.20786979860302E+00,  1.84510000000004E+02,  2.00779008890164E+04,  2.98547917618374E+04
 1.96550000000000E+03,  2.23598866178296E-01, -1.87500000000000E+00, -1.20606321578895E+00,  1.84690000000004E+02,  2.05400425726379E+04,  2.93965796075682E+04
 1.96558333300000E+03,  1.67458374540401E-01, -2.17000000000000E+00, -1.20426129612681E+00,  1.84870000000004E+02,  1.85523297712114E+04,  2.59335036536133E+04
 1.96566666700000E+03, -9.46082207698566E-02, -2.34750000000000E+00, -1.20246403848212E+00,  1.85050000000005E+02,  1.49225590116144E+04,  2.04478185863867E+04
 1.96575000000000E+03, -5.06164919355972E-01, -2.57750000000000E+00, -1.19775244884527E+00,  1.85230000000005E+02,  1.08677564917045E+04,  1.45849033746319E+04
 1.96583333300000E+03, -8.63871962836015E-01, -2.40500000000000E+00, -1.19597212144856E+00,  1.85410000000005E+02,  7.54110503466797E+03,  9.94495710296008E+03
 1.96591666700000E+03, -1.09031293745577E+00, -1.59250000000000E+00, -1.19419644937450E+00,  1.85590000000005E+02,  5.38683103333897E+03,  7.16739951827519E+03
 1.96600000000000E+03, -1.21274083352724E+00, -7.55000000000000E-01, -1.19242543087487E+00,  1.85770000000005E+02,  3.96861905053104E+03,  5.67330493776038E+03
 1.96608333300000E+03, -1.23629830153702E+00, -2.55000000000000E-01, -1.19065906409610E+00,  1.85950000000005E+02,  2.68288421481295E+03,  4.47926779109645E+03
 1.96616666700000E+03, -1.15092102718800E+00, -7.49999999999999E-03, -1.18889734708032E+00,  1.86130000000005E+02,  1.52440792717678E+03,  3.18646234862295E+03
 1.96625000000000E+03, -9.81967982946444E-01,  1.02500000000000E-01, -1.15556493862839E+00,  1.86310000000005E+02,  9.15363723096199E+02,  2.05915754975760E+03
 1.96633333300000E+03, -7.98754869113269E-01, -9.25000000000000E-02, -1.15389768608585E+00,  1.86490000000005E+02,  1.00198946254724E+03,  1.40578721090910E+03
 1.96641666700000E+03, -6.27167005533379E-01, -4.57500000000000E-01, -1.15223501815607E+00,  1.86670000000005E+02,  1.49132581146594E+03,  1.24808748991750E+03
 1.96650000000000E+03, -5.10570213603403E-01, -5.95000000000000E-01, -1.15057693080711E+00,  1.86850000000005E+02,  2.06155027674963E+03,  1.52675894840075E+03
 1.96658333300000E+03, -5.21760674815637E-01, -4.52500000000000E-01, -1.14892341992594E+00,  1.87030000000005E+02,  2.56552072740997E+03,  2.28545440635890E+03
 1.96666666700000E+03, -6.54594483219380E-01, -1.72500000000000E-01, -1.14727448131934E+00,  1.87210000000005E+02,  2.86539724522393E+03,  3.51991935005833E+03
 1.96675000000000E+03, -8.53309544141767E-01, -2.25000000000000E-02, -1.14811618809240E+00,  1.87390000000005E+02,  2.80556367863686E+03,  4.96618964837777E+03
 1.96683333300000E+03, -1.07049730901441E+00,  1.50000000000000E-01, -1.14646948469129E+00,  1.87570000000005E+02,  2.43886440100062E+03,  6.15956667927058E+03
 1.96691666700000E+03, -1.24147865762548E+00,  5.10000000000000E-01, -1.14482734717357E+00,  1.87750000000005E+02,  2.08110315316337E+03,  6.71708100964455E+03
 1.96700000000000E+03, -1.32735602877973E+00,  7.25000000000000E-01, -1.14318977115040E+00,  1.87930000000005E+02,  2.04304436925175E+03,  6.50107983049218E+03
 1.96708333300000E+03, -1.33492647012726E+00,  4.57500000000000E-01, -1.14155675215592E+00,  1.88110000000005E+02,  2.45262495500996E+03,  5.53838862481090E+03
 1.96716666700000E+03, -1.55015140650676E+00, -8.75000000000000E-02, -1.13992828564813E+00,  1.88290000000005E+02,  3.48389722697948E+03,  4.04789815420229E+03
 1.96725000000000E+03, -1.97448638529267E+00, -7.27500000000000E-01, -8.38907063856672E-01,  1.88470000000005E+02,  5.59935101065720E+03,  2.70845743428462E+03
 1.96733333300000E+03, -2.08158447580456E+00, -1.72500000000000E+00, -8.41184489939367E-01,  1.88650000000005E+02,  9.15367208626272E+03,  2.50782556696640E+03
 1.96741666700000E+03, -1.95834122602770E+00, -2.44750000000000E+00, -8.43450744692728E-01,  1.88830000000005E+02,  1.35854639724737E+04,  3.83042821940528E+03
 1.96750000000000E+03, -1.97517991919866E+00, -2.31500000000000E+00, -8.45705889359395E-01,  1.89010000000005E+02,  1.73367658135466E+04,  5.86783378845353E+03
 1.96758333300000E+03, -2.17795195020848E+00, -1.74250000000000E+00, -8.47949984814554E-01,  1.89190000000005E+02,  1.89309493108285E+04,  7.38110093277148E+03
 1.96766666700000E+03, -2.59668062299375E+00, -1.24750000000000E+00, -8.50183091568173E-01,  1.89370000000005E+02,  1.80538623367774E+04,  7.87422458394263E+03
 1.96775000000000E+03, -3.10454749472486E+00, -1.43000000000000E+00, -8.55171300738308E-01,  1.89550000000005E+02,  1.54940814146778E+04,  7.65010955159070E+03
 1.96783333300000E+03, -3.43970286772861E+00, -1.90750000000000E+00, -8.57369090218246E-01,  1.89730000000005E+02,  1.23868424716094E+04,  7.09667738477073E+03
 1.96791666700000E+03, -3.55124775109029E+00, -2.07000000000000E+00, -8.59556144237025E-01,  1.89910000000005E+02,  9.73140513412212E+03,  6.48313368801445E+03
 1.96800000000000E+03, -3.52092191113672E+00, -2.21250000000000E+00, -8.61732521423059E-01,  1.90090000000005E+02,  8.13566221059019E+03,  6.12770970940501E+03
 1.96808333300000E+03, -3.39226066681352E+00, -2.23000000000000E+00, -8.63898280053325E-01,  1.90270000000005E+02,  7.49213790636358E+03,  6.14548677943786E+03
 1.96816666700000E+03, -3.16106089102764E+00, -2.03000000000000E+00, -8.66053478055522E-01,  1.90450000000005E+02,  7.09000888990039E+03,  6.22118768084223E+03
 1.96825000000000E+03, -2.86455064062174E+00, -1.71250000000000E+00, -8.76159957171773E-01,  1.90630000000005E+02,  6.37159273778362E+03,  6.05365519113040E+03
 1.96833333300000E+03, -2.60603531266440E+00, -1.76750000000000E+00, -8.78255481368750E-01,  1.90810000000005E+02,  5.39639496640808E+03,  5.75593049382101E+03
 1.96841666700000E+03, -2.37210276910534E+00, -2.30000000000000E+00, -8.80340827286747E-01,  1.90990000000005E+02,  4.45365146064198E+03,  5.50850069388550E+03
 1.96850000000000E+03, -2.15502926492020E+00, -2.44250000000000E+00, -8.82416050216721E-01,  1.91170000000005E+02,  3.62436672520458E+03,  5.17597386594765E+03
 1.96858333300000E+03, -2.02675489992569E+00, -2.12000000000000E+00, -8.84481205118781E-01,  1.91350000000005E+02,  2.91349176344506E+03,  4.53465251027074E+03
 1.96866666700000E+03, -2.08150603997626E+00, -1.67000000000000E+00, -8.86536346624242E-01,  1.91530000000005E+02,  2.45189569245563E+03,  3.57923327466015E+03
 1.96875000000000E+03, -2.28281635087241E+00, -1.31500000000000E+00, -8.83946328705581E-01,  1.91710000000005E+02,  2.44266525031627E+03,  2.54814654167645E+03
 1.96883333300000E+03, -2.41784749415756E+00, -1.24250000000000E+00, -8.86004063131919E-01,  1.91890000000005E+02,  3.20619218147301E+03,  2.00458730308513E+03
 1.96891666700000E+03, -2.42564565220820E+00, -1.16250000000000E+00, -8.88051824407222E-01,  1.92070000000005E+02,  5.21827761432703E+03,  2.77758850305498E+03
 1.96900000000000E+03, -2.37306126132941E+00, -4.72500000000000E-01, -8.90089666595373E-01,  1.92250000000005E+02,  8.69388867000724E+03,  5.32640454304479E+03
 1.96908333300000E+03, -2.29285281749157E+00,  7.77500000000000E-01, -8.92117643437013E-01,  1.92430000000005E+02,  1.31180732121152E+04,  9.16921183157529E+03
 1.96916666700000E+03, -2.12339913492917E+00,  1.56000000000000E+00, -8.94135808351553E-01,  1.92610000000005E+02,  1.73922149896736E+04,  1.31498609535236E+04
 1.96925000000000E+03, -1.79485913259038E+00,  1.18000000000000E+00, -1.09951046494832E+00,  1.92790000000005E+02,  2.03173036907903E+04,  1.60525764714663E+04
 1.96933333300000E+03, -1.39545425625260E+00,  3.87500000000000E-01, -1.09800195020929E+00,  1.92970000000005E+02,  2.09585982543314E+04,  1.70213434388059E+04
 1.96941666700000E+03, -1.01792104973111E+00,  2.92500000000000E-01, -1.09649783474139E+00,  1.93150000000005E+02,  1.91026854362528E+04,  1.61091837568787E+04
 1.96950000000000E+03, -7.23974137103318E-01,  1.77500000000000E-01, -1.09499811216818E+00,  1.93330000000005E+02,  1.56384334262583E+04,  1.45826416185983E+04
 1.96958333300000E+03, -5.90867135779879E-01, -6.47500000000000E-01, -1.09350277606098E+00,  1.93510000000005E+02,  1.20817093658087E+04,  1.39514517143057E+04
 1.96966666700000E+03, -6.55277427141064E-01, -1.36000000000000E+00, -1.09201181993959E+00,  1.93690000000005E+02,  9.51159010995249E+03,  1.45618167750176E+04
 1.96975000000000E+03, -8.75651323067422E-01, -1.61250000000000E+00, -1.08700145796156E+00,  1.93870000000005E+02,  8.18927616883995E+03,  1.57578072172832E+04
 1.96983333300000E+03, -1.13436629547841E+00, -1.27000000000000E+00, -1.08552961819767E+00,  1.94050000000005E+02,  7.99941885051146E+03,  1.71411110775819E+04
 1.96991666700000E+03, -1.34619405333454E+00, -6.00000000000000E-01, -1.08406212268641E+00,  1.94230000000005E+02,  8.68548335261246E+03,  1.86986285417061E+04
 1.97000000000000E+03, -1.49764608800647E+00, -3.57500000000000E-01, -1.08259896463518E+00,  1.94410000000005E+02,  9.70976221265373E+03,  1.99532213123255E+04
 1.97008333300000E+03, -1.59946525783387E+00, -3.27500000000000E-01, -1.08114013720497E+00,  1.94590000000005E+02,  1.04009839161442E+04,  2.00874463476266E+04
 1.97016666700000E+03, -1.74496376627225E+00, -8.50000000000000E-02, -1.07968563351103E+00,  1.94770000000005E+02,  1.02971902870671E+04,  1.88006873657742E+04
 1.97025000000000E+03, -1.88415853269410E+00, -7.75000000000000E-02, -1.06815010018212E+00,  1.94950000000005E+02,  9.19064354353317E+03,  1.62429276440988E+04
 1.97033333300000E+03, -1.78546606165354E+00, -7.45000000000000E-01, -1.06673435611403E+00,  1.95130000000005E+02,  7.13509952713418E+03,  1.25108824021130E+04
 1.97041666700000E+03, -1.50282453394242E+00, -1.63500000000000E+00, -1.06532286428191E+00,  1.95310000000005E+02,  4.67547097700401E+03,  8.10968848955884E+03
 1.97050000000000E+03, -1.23092673119853E+00, -1.91500000000000E+00, -1.06391561733912E+00,  1.95490000000005E+02,  2.74831701957971E+03,  4.50016459063830E+03
 1.97058333300000E+03, -1.04379696330456E+00, -1.65500000000000E+00, -1.06251260790094E+00,  1.95670000000005E+02,  2.03510970739690E+03,  3.26796807695306E+03
 1.97066666700000E+03, -1.04294777125556E+00, -1.64000000000000E+00, -1.06111382854521E+00,  1.95850000000005E+02,  2.57732881700280E+03,  4.93238355691307E+03
 1.97075000000000E+03, -1.19022979051779E+00, -2.03500000000000E+00, -1.06194763359808E+00,  1.96030000000005E+02,  4.13644826690443E+03,  9.06215768865680E+03
 1.97083333300000E+03, -1.25179230895810E+00, -2.32250000000000E+00, -1.06055055914622E+00,  1.96210000000005E+02,  6.62946327463053E+03,  1.50387146436620E+04
 1.97091666700000E+03, -1.16205549906208E+00, -2.37000000000000E+00, -1.05915770429742E+00,  1.96390000000005E+02,  9.97778312421431E+03,  2.19970065823169E+04
 1.97100000000000E+03, -9.89188171894983E-01, -2.59250000000000E+00, -1.05776906154186E+00,  1.96570000000005E+02,  1.36847066744701E+04,  2.83595314064911E+04
 1.97108333300000E+03, -7.58628839605517E-01, -2.96000000000000E+00, -1.05638462333429E+00,  1.96750000000005E+02,  1.68134859613012E+04,  3.22795559739350E+04
 1.97116666700000E+03, -1.41653199151269E+00, -3.42250000000000E+00, -1.05500438209460E+00,  1.96930000000005E+02,  1.84777826887510E+04,  3.28685672477682E+04
 1.97125000000000E+03, -2.94998544153098E+00, -3.76500000000000E+00, -7.59840908018470E-01,  1.97110000000005E+02,  1.83678182147122E+04,  3.08404028299792E+04
 1.97133333300000E+03, -3.51315772264214E+00, -3.68000000000000E+00, -7.62509991161909E-01,  1.97290000000005E+02,  1.68430736890238E+04,  2.78116655931120E+04
 1.97141666700000E+03, -3.20955390526755E+00, -3.61250000000000E+00, -7.65165737827108E-01,  1.97470000000005E+02,  1.46059103412861E+04,  2.49589171191244E+04
 1.97150000000000E+03, -3.09949728895447E+00, -3.85000000000000E+00, -7.67808222255185E-01,  1.97650000000005E+02,  1.23096480326011E+04,  2.23587229859840E+04
 1.97158333300000E+03, -3.25227672439769E+00, -4.07250000000000E+00, -7.70437518241846E-01,  1.97830000000005E+02,  1.03099710680227E+04,  1.94547743541564E+04
 1.97166666700000E+03, -3.71197420722717E+00, -3.61500000000000E+00, -7.73053699140006E-01,  1.98010000000005E+02,  8.58043181826165E+03,  1.58338642920172E+04
 1.97175000000000E+03, -4.30528044329733E+00, -2.80750000000000E+00, -7.78902350138789E-01,  1.98190000000005E+02,  6.88160776993477E+03,  1.15421768856879E+04
 1.97183333300000E+03, -4.66436171992026E+00, -2.68250000000000E+00, -7.81476359417940E-01,  1.98370000000005E+02,  5.13729919908443E+03,  7.11383609574759E+03
 1.97191666700000E+03, -4.70736983888917E+00, -3.05250000000000E+00, -7.84037560750207E-01,  1.98550000000005E+02,  3.59728618148909E+03,  3.51516080883009E+03
 1.97200000000000E+03, -4.54023107430957E+00, -3.42000000000000E+00, -7.86586025204720E-01,  1.98730000000005E+02,  2.54193727178644E+03,  1.65295985067977E+03
 1.97208333300000E+03, -4.22381195034202E+00, -3.90250000000000E+00, -7.89121823423936E-01,  1.98910000000005E+02,  1.95039924656277E+03,  1.60454876680471E+03
 1.97216666700000E+03, -4.06797318001387E+00, -4.07000000000000E+00, -7.91645025626166E-01,  1.99090000000005E+02,  1.59195378333197E+03,  2.52312509511279E+03
 1.97225000000000E+03, -4.20275647786644E+00, -4.01000000000000E+00, -7.48418351100310E-01,  1.99270000000005E+02,  1.31911513342937E+03,  3.41522180736509E+03
 1.97233333300000E+03, -4.20403514441044E+00, -4.49000000000000E+00, -7.51144594381866E-01,  1.99450000000005E+02,  1.11982681137817E+03,  3.76821466591975E+03
 1.97241666700000E+03, -3.93383035044245E+00, -4.66000000000000E+00, -7.53857182630354E-01,  1.99630000000005E+02,  9.87818742978619E+02,  3.46463149628408E+03
 1.97250000000000E+03, -3.59965651778450E+00, -4.16250000000000E+00, -7.56556191997355E-01,  1.99810000000005E+02,  9.11606044280037E+02,  2.58550856777159E+03
 1.97258333300000E+03, -3.32782869004178E+00, -3.72000000000000E+00, -7.59241698177858E-01,  1.99990000000005E+02,  9.65119088386501E+02,  1.49438500493201E+03
 1.97266666700000E+03, -3.26280072513340E+00, -3.29750000000000E+00, -7.61913776412928E-01,  2.00170000000005E+02,  1.31426212911307E+03,  7.61264735115753E+02
 1.97275000000000E+03, -3.37852395335024E+00, -2.99000000000000E+00, -7.61054831136338E-01,  2.00350000000005E+02,  2.14163070944118E+03,  7.49390601427271E+02
 1.97283333300000E+03, -3.48278981256632E+00, -3.08750000000000E+00, -7.63717847781818E-01,  2.00530000000005E+02,  3.56398050265409E+03,  1.36882831834051E+03
 1.97291666700000E+03, -3.57738996646356E+00, -3.49250000000000E+00, -7.66367561723852E-01,  2.00710000000005E+02,  5.52248860016002E+03,  2.25711453843135E+03
 1.97300000000000E+03, -3.75320193906277E+00, -3.84000000000000E+00, -7.69004047000933E-01,  2.00890000000005E+02,  7.69853867923586E+03,  3.08207153549189E+03
 1.97308333300000E+03, -4.00031758529088E+00, -3.87000000000000E+00, -7.71627377207333E-01,  2.01070000000005E+02,  9.62608471110871E+03,  3.74013629559373E+03
 1.97316666700000E+03, -3.71578869291440E+00, -3.47250000000000E+00, -7.74237625495718E-01,  2.01250000000005E+02,  1.09861892127184E+04,  4.44803698032390E+03
 1.97325000000000E+03, -2.73881964646776E+00, -2.71250000000000E+00, -9.58393814050365E-01,  2.01430000000005E+02,  1.17811452685453E+04,  5.59977523374129E+03
 1.97333333300000E+03, -2.05690125198806E+00, -2.05250000000000E+00, -9.60094564810073E-01,  2.01610000000005E+02,  1.21762548970245E+04,  7.34507190869523E+03
 1.97341666700000E+03, -1.81709448506732E+00, -1.66500000000000E+00, -9.61787256886026E-01,  2.01790000000005E+02,  1.21953997484075E+04,  9.27705708073944E+03
 1.97350000000000E+03, -1.65774964727997E+00, -1.39500000000000E+00, -9.63471932956799E-01,  2.01970000000005E+02,  1.16240703328989E+04,  1.06100723216301E+04
 1.97358333300000E+03, -1.66274409691805E+00, -1.36000000000000E+00, -9.65148635449004E-01,  2.02150000000005E+02,  1.02169167357627E+04,  1.06688512704820E+04
 1.97366666700000E+03, -1.79945128372022E+00, -1.63500000000000E+00, -9.66817406538881E-01,  2.02330000000005E+02,  7.98957631890257E+03,  9.25499935674184E+03
 1.97375000000000E+03, -1.99349322499468E+00, -2.03500000000000E+00, -9.65446187207404E-01,  2.02510000000005E+02,  5.33500414500100E+03,  6.75197479075450E+03
 1.97383333300000E+03, -2.25014875580469E+00, -2.28750000000000E+00, -9.67113551234611E-01,  2.02690000000005E+02,  2.87674659647962E+03,  4.01603361504999E+03
 1.97391666700000E+03, -2.53478383403910E+00, -2.51000000000000E+00, -9.68773033222343E-01,  2.02870000000005E+02,  1.14916790376437E+03,  1.99852722283599E+03
 1.97400000000000E+03, -2.80033989161563E+00, -2.78750000000000E+00, -9.70424674806984E-01,  2.03050000000005E+02,  3.13105514333380E+02,  1.18721816384922E+03
 1.97408333300000E+03, -3.05120268965199E+00, -3.21500000000000E+00, -9.72068517379530E-01,  2.03230000000005E+02,  1.28588267821647E+02,  1.32617991537016E+03
 1.97416666700000E+03, -3.19130532977528E+00, -4.13000000000000E+00, -9.73704602087132E-01,  2.03410000000005E+02,  2.11763399211626E+02,  1.75494490264767E+03
 1.97425000000000E+03, -3.19120640927992E+00, -4.97750000000000E+00, -9.73332850118522E-01,  2.03590000000005E+02,  3.17860853232694E+02,  2.02954392768760E+03
 1.97433333300000E+03, -3.20533803848868E+00, -5.03500000000000E+00, -9.74962970940807E-01,  2.03770000000005E+02,  3.82872436509510E+02,  2.17341714844568E+03
 1.97441666700000E+03, -3.25819549472307E+00, -4.88000000000000E+00, -9.76585406231546E-01,  2.03950000000005E+02,  3.89122523823509E+02,  2.41659163378846E+03
 1.97450000000000E+03, -3.32335124150724E+00, -4.96750000000000E+00, -9.78200196469881E-01,  2.04130000000005E+02,  3.19020182509960E+02,  2.85524086509900E+03
 1.97458333300000E+03, -3.45389644733369E+00, -5.00000000000000E+00, -9.79807381896868E-01,  2.04310000000005E+02,  2.29223467599671E+02,  3.36885616697158E+03
 1.97466666700000E+03, -3.62957948779718E+00, -5.08000000000000E+00, -9.81407002516972E-01,  2.04490000000005E+02,  2.36579438474990E+02,  3.73365282495664E+03
 1.97475000000000E+03, -3.76555879789778E+00, -4.98000000000000E+00, -9.84726417700234E-01,  2.04670000000005E+02,  3.80350004320647E+02,  3.77790344347005E+03
 1.97483333300000E+03, -3.79800222659929E+00, -4.41250000000000E+00, -9.86302911182181E-01,  2.04850000000005E+02,  5.69664166480846E+02,  3.50539439841791E+03
 1.97491666700000E+03, -3.70232781607818E+00, -3.66250000000000E+00, -9.87872001055613E-01,  2.05030000000005E+02,  6.88482430190157E+02,  3.08675994573233E+03
 1.97500000000000E+03, -3.48677065268921E+00, -3.22250000000000E+00, -9.89433726143650E-01,  2.05210000000005E+02,  7.00126283715097E+02,  2.69284022387288E+03
 1.97508333300000E+03, -3.18581996496587E+00, -3.25500000000000E+00, -9.90988125041776E-01,  2.05390000000005E+02,  6.75171116131046E+02,  2.36468238022475E+03
 1.97516666700000E+03, -2.85622200069626E+00, -3.36250000000000E+00, -9.92535236119279E-01,  2.05570000000005E+02,  7.88655372747257E+02,  2.06929531907506E+03
 1.97525000000000E+03, -2.59324401042919E+00, -3.57750000000000E+00, -8.17501763849577E-01,  2.05750000000005E+02,  1.22835585572669E+03,  1.80170551004391E+03
 1.97533333300000E+03, -2.42300304231163E+00, -3.65000000000000E+00, -8.19884500233230E-01,  2.05930000000005E+02,  1.98971485252696E+03,  1.59581040841094E+03
 1.97541666700000E+03, -2.27215749860166E+00, -3.23250000000000E+00, -8.22255486445787E-01,  2.06110000000005E+02,  2.80637098368591E+03,  1.53964050730047E+03
 1.97550000000000E+03, -2.13342456540731E+00, -2.66500000000000E+00, -8.24614787204531E-01,  2.06290000000005E+02,  3.38780972043623E+03,  1.81614677604798E+03
 1.97558333300000E+03, -2.06161673509827E+00, -2.55250000000000E+00, -8.26962466838155E-01,  2.06470000000005E+02,  3.66855151003314E+03,  2.59814611909079E+03
 1.97566666700000E+03, -2.03597090374593E+00, -3.13750000000000E+00, -8.29298589289119E-01,  2.06650000000005E+02,  3.74268556882718E+03,  3.84522703441196E+03
 1.97575000000000E+03, -2.01292882703678E+00, -3.57250000000000E+00, -8.33129905158212E-01,  2.06830000000005E+02,  3.66420956096513E+03,  5.29011879575618E+03
 1.97583333300000E+03, -2.00171345503975E+00, -3.50500000000000E+00, -8.35435698543338E-01,  2.07010000000005E+02,  3.42485476683131E+03,  6.60192011171906E+03
 1.97591666700000E+03, -1.99310412929865E+00, -3.53250000000000E+00, -8.37730164944274E-01,  2.07190000000005E+02,  3.02462697483271E+03,  7.44871471774966E+03
 1.97600000000000E+03, -1.98804829445988E+00, -3.93750000000000E+00, -8.40013366537763E-01,  2.07370000000005E+02,  2.46237752445777E+03,  7.51892917248593E+03
 1.97608333300000E+03, -2.02429608849625E+00, -4.50750000000000E+00, -8.42285365127394E-01,  2.07550000000005E+02,  1.75709015052504E+03,  6.74563478472182E+03
 1.97616666700000E+03, -2.24987753589877E+00, -4.74250000000000E+00, -8.44546222145869E-01,  2.07730000000005E+02,  1.04418634722911E+03,  5.49197079612779E+03
 1.97625000000000E+03, -2.62043176419591E+00, -4.69250000000000E+00, -8.51478629531751E-01,  2.07910000000005E+02,  5.29891575332548E+02,  4.29301351491199E+03
 1.97633333300000E+03, -2.78286207912018E+00, -4.82250000000000E+00, -8.53694470433395E-01,  2.08090000000005E+02,  3.06176820571054E+02,  3.42766300489148E+03
 1.97641666700000E+03, -2.70937850372129E+00, -4.51250000000000E+00, -8.55899477221311E-01,  2.08270000000005E+02,  3.41049021337917E+02,  2.88867434612500E+03
 1.97650000000000E+03, -2.59229816144430E+00, -3.31500000000000E+00, -8.58093709115387E-01,  2.08450000000005E+02,  6.55204178658908E+02,  2.62691762393052E+03
 1.97658333300000E+03, -2.50992634380831E+00, -2.28500000000000E+00, -8.60277224980437E-01,  2.08630000000005E+02,  1.31679246317708E+03,  2.57374590170147E+03
 1.97666666700000E+03, -2.54383991287733E+00, -2.27000000000000E+00, -8.62450083328387E-01,  2.08810000000005E+02,  2.20730259806534E+03,  2.53574394448002E+03
 1.97675000000000E+03, -2.67308327677832E+00, -3.09750000000000E+00, -8.62093857579071E-01,  2.08990000000005E+02,  2.96299254582153E+03,  2.34224622655175E+03
 1.97683333300000E+03, -2.75178088303996E+00, -4.00250000000000E+00, -8.64257853844367E-01,  2.09170000000005E+02,  3.24456921185059E+03,  2.05444156229199E+03
 1.97691666700000E+03, -2.73389623987363E+00, -4.28250000000000E+00, -8.66411299092846E-01,  2.09350000000005E+02,  2.99371926705404E+03,  1.85255294265316E+03
 1.97700000000000E+03, -2.66898966603828E+00, -3.96750000000000E+00, -8.68554250847490E-01,  2.09530000000005E+02,  2.41399522408307E+03,  1.81965552925948E+03
 1.97708333300000E+03, -2.58790133469355E+00, -3.20500000000000E+00, -8.70686766286652E-01,  2.09710000000005E+02,  1.80654383211329E+03,  1.99574481419570E+03
 1.97716666700000E+03, -2.48861308801639E+00, -2.40000000000000E+00, -8.72808902246173E-01,  2.09890000000005E+02,  1.43534580136334E+03,  2.47767901113286E+03
 1.97725000000000E+03, -2.34335232746951E+00, -2.07750000000000E+00, -9.48873021757289E-01,  2.10070000000005E+02,  1.41098622694644E+03,  3.23476184858183E+03
 1.97733333300000E+03, -2.14144020204507E+00, -1.77000000000000E+00, -9.50618967902009E-01,  2.10250000000005E+02,  1.62333117408549E+03,  3.93849648580184E+03
 1.97741666700000E+03, -1.90462381900521E+00, -1.33500000000000E+00, -9.52356615532439E-01,  2.10430000000005E+02,  1.86757404177499E+03,  4.21450736740374E+03
 1.97750000000000E+03, -1.69999498055199E+00, -1.27000000000000E+00, -9.54086008744858E-01,  2.10610000000005E+02,  2.09482698459699E+03,  4.03374218099075E+03
 1.97758333300000E+03, -1.60453173653892E+00, -1.68000000000000E+00, -9.55807191374654E-01,  2.10790000000005E+02,  2.44512128645306E+03,  3.69162279166336E+03
 1.97766666700000E+03, -1.64789643534406E+00, -2.19250000000000E+00, -9.57520206997968E-01,  2.10970000000005E+02,  2.96490704619477E+03,  3.43667186149474E+03
 1.97775000000000E+03, -1.78417485200330E+00, -2.16750000000000E+00, -9.58423197924978E-01,  2.11150000000005E+02,  3.41189460338633E+03,  3.27147510757203E+03
 1.97783333300000E+03, -1.92341474775148E+00, -1.89500000000000E+00, -9.60123809416445E-01,  2.11330000000005E+02,  3.46110202044090E+03,  3.09670740421457E+03
 1.97791666700000E+03, -2.01818980812135E+00, -1.75250000000000E+00, -9.61816362961939E-01,  2.11510000000006E+02,  3.02237136669261E+03,  2.87837310954470E+03
 1.97800000000000E+03, -2.07727128078120E+00, -1.51750000000000E+00, -9.63500901235679E-01,  2.11690000000006E+02,  2.25842186586105E+03,  2.62584660098665E+03
 1.97808333300000E+03, -2.12597878000701E+00, -1.50500000000000E+00, -9.65177466659948E-01,  2.11870000000006E+02,  1.41537699933563E+03,  2.36179236544205E+03
 1.97816666700000E+03, -2.20400855606029E+00, -1.75500000000000E+00, -9.66846101406683E-01,  2.12050000000006E+02,  7.84559308695550E+02,  2.24350736095995E+03
 1.97825000000000E+03, -2.24938092882912E+00, -1.99000000000000E+00, -8.75124586237523E-01,  2.12230000000006E+02,  7.17108153463474E+02,  2.62143446304714E+03
 1.97833333300000E+03, -2.13458672529664E+00, -2.44750000000000E+00, -8.77225141557489E-01,  2.12410000000006E+02,  1.45122416863729E+03,  3.78608079138565E+03
 1.97841666700000E+03, -1.91085587412841E+00, -2.97000000000000E+00, -8.79315491256879E-01,  2.12590000000006E+02,  2.88140873842353E+03,  5.60741145015710E+03
 1.97850000000000E+03, -1.70846907234876E+00, -2.88500000000000E+00, -8.81395690790280E-01,  2.12770000000006E+02,  4.56783682341598E+03,  7.50803689778776E+03
 1.97858333300000E+03, -1.59412166897194E+00, -2.40250000000000E+00, -8.83465795280419E-01,  2.12950000000006E+02,  5.96502026650831E+03,  8.83288476984085E+03
 1.97866666700000E+03, -1.57357971756655E+00, -2.13750000000000E+00, -8.85525859520221E-01,  2.13130000000006E+02,  6.64081585432446E+03,  9.25900081943332E+03
 1.97875000000000E+03, -1.60969815171642E+00, -1.91500000000000E+00, -8.88513459957845E-01,  2.13310000000006E+02,  6.41955522621486E+03,  8.97006672894285E+03
 1.97883333300000E+03, -1.67161078167482E+00, -1.67750000000000E+00, -8.90549066835356E-01,  2.13490000000006E+02,  5.48019199260319E+03,  8.57610783630967E+03
 1.97891666700000E+03, -1.72019592723256E+00, -1.79750000000000E+00, -8.92574820472873E-01,  2.13670000000006E+02,  4.31337155597896E+03,  8.80330222846290E+03
 1.97900000000000E+03, -1.73977785407740E+00, -1.90250000000000E+00, -8.94590774217448E-01,  2.13850000000006E+02,  3.46278926443252E+03,  1.00513698352730E+04
 1.97908333300000E+03, -1.74468513884168E+00, -1.91250000000000E+00, -8.96596981097346E-01,  2.14030000000006E+02,  3.23024098906156E+03,  1.21313478869227E+04
 1.97916666700000E+03, -1.92753665295916E+00, -2.21250000000000E+00, -8.98593493824024E-01,  2.14210000000006E+02,  3.59421696865158E+03,  1.44252340192717E+04
 1.97925000000000E+03, -2.23068535806986E+00, -2.15000000000000E+00, -8.25884981801344E-01,  2.14390000000006E+02,  4.33027300697889E+03,  1.62848519659869E+04
 1.97933333300000E+03, -2.19766050320308E+00, -1.38750000000000E+00, -8.28226407675474E-01,  2.14570000000006E+02,  5.13704026137193E+03,  1.73024642884709E+04
 1.97941666700000E+03, -1.86489060102598E+00, -8.42500000000000E-01, -8.30556310763397E-01,  2.14750000000006E+02,  5.70668910214004E+03,  1.73518853467139E+04
 1.97950000000000E+03, -1.53964143280675E+00, -9.67500000000000E-01, -8.32874754417181E-01,  2.14930000000006E+02,  5.81255220045390E+03,  1.65298823261612E+04
 1.97958333300000E+03, -1.32734643842405E+00, -1.18750000000000E+00, -8.35181801608584E-01,  2.15110000000006E+02,  5.39380460522741E+03,  1.50803823308186E+04
 1.97966666700000E+03, -1.29419151891938E+00, -1.15750000000000E+00, -8.37477514931368E-01,  2.15290000000006E+02,  4.56098030426080E+03,  1.33229512192440E+04
 1.97975000000000E+03, -1.40827968650806E+00, -1.02750000000000E+00, -8.38310031839662E-01,  2.15470000000006E+02,  3.55119519049123E+03,  1.16071578379682E+04
 1.97983333300000E+03, -1.57398074753371E+00, -8.95000000000000E-01, -8.40590387580299E-01,  2.15650000000006E+02,  2.66067970192903E+03,  1.02372714837697E+04
 1.97991666700000E+03, -1.75753155252566E+00, -6.17500000000000E-01, -8.42859555925591E-01,  2.15830000000006E+02,  2.09449613176944E+03,  9.31273377293911E+03
 1.98000000000000E+03, -1.96881619697138E+00, -4.55000000000000E-01, -8.45117598214581E-01,  2.16010000000006E+02,  1.81098887942765E+03,  8.64255258399708E+03
 1.98008333300000E+03, -2.19994185548261E+00, -8.42500000000000E-01, -8.47364575418266E-01,  2.16190000000006E+02,  1.59349230118115E+03,  7.95044154592334E+03
 1.98016666700000E+03, -2.16128626873034E+00, -9.92500000000000E-01, -8.49600548141846E-01,  2.16370000000006E+02,  1.32000213990352E+03,  7.23823240031501E+03
 1.98025000000000E+03, -1.73489744249520E+00, -1.30000000000000E-01, -8.93220338588595E-01,  2.16550000000006E+02,  1.07953195514231E+03,  6.89115450225337E+03
 1.98033333300000E+03, -1.35872761668272E+00,  8.15000000000000E-01, -8.95233170728896E-01,  2.16730000000006E+02,  1.01478359778986E+03,  7.37316234796547E+03
 1.98041666700000E+03, -1.16168362969556E+00,  8.92500000000000E-01, -8.97236272889541E-01,  2.16910000000006E+02,  1.18992116605873E+03,  8.83397814321165E+03
 1.98050000000000E+03, -1.03528804872117E+00,  4.80000000000000E-01, -8.99229697681126E-01,  2.17090000000006E+02,  1.66281821827037E+03,  1.10060778755558E+04
 1.98058333300000E+03, -1.03133764958719E+00,  1.20000000000000E-01, -9.01213497400038E-01,  2.17270000000006E+02,  2.54293334800847E+03,  1.34168928950612E+04
 1.98066666700000E+03, -1.14919321713452E+00, -2.35000000000000E-01, -9.03187724030411E-01,  2.17450000000006E+02,  3.85135480779019E+03,  1.56579339733508E+04
 1.98075000000000E+03, -1.33350961854824E+00, -9.17500000000000E-01, -9.02644892714014E-01,  2.17630000000006E+02,  5.34853864676451E+03,  1.74783179279373E+04
 1.98083333300000E+03, -1.49321784922585E+00, -1.86000000000000E+00, -9.04612215382192E-01,  2.17810000000006E+02,  6.56497570216252E+03,  1.86815921332047E+04
 1.98091666700000E+03, -1.54667416304132E+00, -2.28000000000000E+00, -9.06570053883598E-01,  2.17990000000006E+02,  7.03950413444533E+03,  1.90085280722696E+04
 1.98100000000000E+03, -1.46954986817000E+00, -2.04750000000000E+00, -9.08518459361448E-01,  2.18170000000006E+02,  6.60788643005931E+03,  1.82245968543186E+04
 1.98108333300000E+03, -1.28158066728369E+00, -1.40750000000000E+00, -9.10457482653888E-01,  2.18350000000006E+02,  5.56672415406474E+03,  1.64114115803217E+04
 1.98116666700000E+03, -1.39404180311296E+00, -7.35000000000000E-01, -9.12387174295904E-01,  2.18530000000006E+02,  4.56394806501597E+03,  1.41546467535330E+04
 1.98125000000000E+03, -1.86624120747145E+00, -7.32500000000000E-01, -8.70463182915907E-01,  2.18710000000006E+02,  4.20090845863000E+03,  1.23078285463063E+04
 1.98133333300000E+03, -1.98793849038865E+00, -8.62500000000000E-01, -8.72586406828875E-01,  2.18890000000006E+02,  4.59294645275720E+03,  1.14204258592105E+04
 1.98141666700000E+03, -1.76114858498786E+00, -8.07500000000000E-01, -8.74699301837375E-01,  2.19070000000006E+02,  5.26487874328460E+03,  1.13350286712499E+04
 1.98150000000000E+03, -1.59565793726181E+00, -9.67500000000000E-01, -8.76801924134005E-01,  2.19250000000006E+02,  5.51228836785656E+03,  1.13645460818804E+04
 1.98158333300000E+03, -1.54410533651379E+00, -9.52500000000000E-01, -8.78894329574939E-01,  2.19430000000006E+02,  4.92651438410993E+03,  1.09130352732003E+04
 1.98166666700000E+03, -1.59639425286506E+00, -9.85000000000000E-01, -8.80976573682008E-01,  2.19610000000006E+02,  3.63899141841022E+03,  9.98824945308039E+03
 1.98175000000000E+03, -1.68876903609021E+00, -1.41750000000000E+00, -8.83850840751715E-01,  2.19790000000006E+02,  2.15239628056885E+03,  9.16479570409773E+03
 1.98183333300000E+03, -1.75828141827857E+00, -1.22000000000000E+00, -8.85909038115954E-01,  2.19970000000006E+02,  9.95209007767234E+02,  9.02609112762848E+03
 1.98191666700000E+03, -1.76435884285957E+00, -6.30000000000000E-01, -8.87957259818863E-01,  2.20150000000006E+02,  4.60132976463421E+02,  9.54993690396061E+03
 1.98200000000000E+03, -1.70914539049013E+00, -6.70000000000000E-01, -8.89995559939336E-01,  2.20330000000006E+02,  5.04715140931941E+02,  1.00158682538962E+04
 1.98208333300000E+03, -1.62556343902633E+00, -8.50000000000000E-01, -8.92023992232932E-01,  2.20510000000006E+02,  8.29302692341456E+02,  9.62333086891715E+03
 1.98216666700000E+03, -1.48361592082855E+00, -1.11000000000000E+00, -8.94042610133884E-01,  2.20690000000006E+02,  1.11994113038845E+03,  8.28878517931350E+03
 1.98225000000000E+03, -1.23126763467173E+00, -1.64750000000000E+00, -6.79303204140391E-01,  2.20870000000006E+02,  1.27157320058827E+03,  6.78097622283258E+03
 1.98233333300000E+03, -9.40414604668311E-01, -1.93000000000000E+00, -6.82378113135235E-01,  2.21050000000006E+02,  1.36244252586809E+03,  6.00894140746663E+03
 1.98241666700000E+03, -7.42152531254172E-01, -2.02750000000000E+00, -6.85437413010898E-01,  2.21230000000006E+02,  1.46010407405047E+03,  6.22312186323647E+03
 1.98250000000000E+03, -7.28213563257090E-01, -2.43000000000000E+00, -6.88481191599301E-01,  2.21410000000006E+02,  1.54971233911090E+03,  6.91306179710741E+03
 1.98258333300000E+03, -9.36652251813492E-01, -2.93750000000000E+00, -6.91509536209249E-01,  2.21590000000006E+02,  1.60681050175344E+03,  7.32573820893485E+03
 1.98266666700000E+03, -1.32127675294584E+00, -3.29250000000000E+00, -6.94522533629332E-01,  2.21770000000006E+02,  1.59883738340285E+03,  7.00316324379964E+03
 1.98275000000000E+03, -1.73314722058813E+00, -3.72250000000000E+00, -6.98056869970276E-01,  2.21950000000006E+02,  1.44041641357670E+03,  6.00594165033159E+03
 1.98283333300000E+03, -1.98938452724488E+00, -4.01750000000000E+00, -7.01036715825123E-01,  2.22130000000006E+02,  1.09947610431620E+03,  4.82869355037471E+03
 1.98291666700000E+03, -2.00648748808950E+00, -3.74500000000000E+00, -7.04001487014404E-01,  2.22310000000006E+02,  7.37114463431674E+02,  4.07086776322810E+03
 1.98300000000000E+03, -1.81834961577047E+00, -2.75750000000000E+00, -7.06951268183724E-01,  2.22490000000006E+02,  6.08124735533842E+02,  4.06549705706960E+03
 1.98308333300000E+03, -1.51989576957203E+00, -1.11500000000000E+00, -7.09886143473382E-01,  2.22670000000006E+02,  8.33478455289320E+02,  4.78656205216182E+03
 1.98316666700000E+03, -1.24790407056160E+00,  2.42500000000000E-01, -7.12806196521226E-01,  2.22850000000006E+02,  1.36026606216171E+03,  6.04230221311680E+03
 1.98325000000000E+03, -1.04842618494111E+00,  3.25000000000000E-01, -6.81043613544669E-01,  2.23030000000006E+02,  2.08913221784093E+03,  7.61759767930035E+03
 1.98333333300000E+03, -8.63585376563973E-01, -2.85000000000000E-01, -6.84109686662035E-01,  2.23210000000006E+02,  2.94705337568087E+03,  9.23298254948484E+03
 1.98341666700000E+03, -7.44476310139793E-01, -4.87500000000000E-01, -6.87160200382914E-01,  2.23390000000006E+02,  3.88129105119733E+03,  1.05225996861537E+04
 1.98350000000000E+03, -7.94404341522019E-01, -6.65000000000000E-01, -6.90195242243112E-01,  2.23570000000006E+02,  4.83788685893775E+03,  1.11370726347986E+04
 1.98358333300000E+03, -1.03086276199979E+00, -1.42500000000000E+00, -6.93214899256958E-01,  2.23750000000006E+02,  5.70512958512334E+03,  1.08777561711001E+04
 1.98366666700000E+03, -1.31252611703099E+00, -2.01750000000000E+00, -6.96219257920210E-01,  2.23930000000006E+02,  6.27539526549246E+03,  9.78776186141136E+03
 1.98375000000000E+03, -1.56079728583302E+00, -1.96750000000000E+00, -6.94754527622859E-01,  2.24110000000006E+02,  6.32315808307962E+03,  8.12629690652689E+03
 1.98383333300000E+03, -1.85189488282964E+00, -1.34250000000000E+00, -6.97751089420896E-01,  2.24290000000006E+02,  5.73841524442512E+03,  6.20957042025595E+03
 1.98391666700000E+03, -2.05490364911105E+00, -7.30000000000000E-01, -7.00732482657062E-01,  2.24470000000006E+02,  4.61955673211657E+03,  4.35821475156965E+03
 1.98400000000000E+03, -2.02018584151831E+00, -8.15000000000000E-01, -7.03698792537285E-01,  2.24650000000006E+02,  3.31901621599085E+03,  3.05858938321170E+03
 1.98408333300000E+03, -1.78899110518762E+00, -1.07500000000000E+00, -7.06650103759036E-01,  2.24830000000006E+02,  2.35010841999962E+03,  2.88122221413195E+03
 1.98416666700000E+03, -1.59889979636168E+00, -1.29250000000000E+00, -7.09586500514192E-01,  2.25010000000006E+02,  2.09504994170172E+03,  3.93024510802805E+03
 1.98425000000000E+03, -1.63980005689300E+00, -1.56750000000000E+00, -8.46180589169574E-01,  2.25190000000006E+02,  2.59520209669091E+03,  5.60361329935206E+03
 1.98433333300000E+03, -1.74426897575678E+00, -2.08750000000000E+00, -8.48422359622715E-01,  2.25370000000006E+02,  3.68180126389375E+03,  7.26590189415903E+03
 1.98441666700000E+03, -1.79884692377615E+00, -2.75500000000000E+00, -8.50653154102925E-01,  2.25550000000006E+02,  5.18722977360396E+03,  8.96742165757429E+03
 1.98450000000000E+03, -1.87081727346992E+00, -2.75750000000000E+00, -8.52873032680846E-01,  2.25730000000006E+02,  6.92975938796599E+03,  1.11635534205522E+04
 1.98458333300000E+03, -1.99649277763507E+00, -2.36750000000000E+00, -8.55082055066837E-01,  2.25910000000006E+02,  8.66947159821223E+03,  1.39529003727269E+04
 1.98466666700000E+03, -2.16283779340531E+00, -2.52000000000000E+00, -8.57280280613172E-01,  2.26090000000006E+02,  1.02285822948131E+04,  1.69113348458935E+04
 1.98475000000000E+03, -2.35340166393796E+00, -3.35500000000000E+00, -8.55529392837041E-01,  2.26270000000006E+02,  1.15245807138489E+04,  1.94141128590810E+04
 1.98483333300000E+03, -2.54404474820414E+00, -3.83000000000000E+00, -8.57725432733625E-01,  2.26450000000006E+02,  1.24089225004792E+04,  2.08337255515534E+04
 1.98491666700000E+03, -2.63971541618201E+00, -3.59000000000000E+00, -8.59910746725999E-01,  2.26630000000006E+02,  1.26432346318610E+04,  2.07497235798038E+04
 1.98500000000000E+03, -2.59757582321124E+00, -3.44500000000000E+00, -8.62085393385284E-01,  2.26810000000006E+02,  1.21175264640488E+04,  1.93203452752586E+04
 1.98508333300000E+03, -2.46242486672116E+00, -3.48000000000000E+00, -8.64249430931521E-01,  2.26990000000006E+02,  1.09803203082237E+04,  1.72440086400271E+04
 1.98516666700000E+03, -2.65599596382165E+00, -3.66500000000000E+00, -8.66402917235818E-01,  2.27170000000006E+02,  9.54241610338119E+03,  1.51303584486777E+04
 1.98525000000000E+03, -3.23920919535629E+00, -3.79750000000000E+00, -7.47705858093432E-01,  2.27350000000006E+02,  8.14509537109856E+03,  1.30975269581355E+04
 1.98533333300000E+03, -3.45782057464279E+00, -3.06750000000000E+00, -7.50435671347436E-01,  2.27530000000006E+02,  7.07107578190010E+03,  1.10733395805407E+04
 1.98541666700000E+03, -3.21923074647288E+00, -1.92500000000000E+00, -7.53151809654046E-01,  2.27710000000006E+02,  6.45898060093930E+03,  9.19382665802783E+03
 1.98550000000000E+03, -2.90859644004127E+00, -1.84750000000000E+00, -7.55854349284234E-01,  2.27890000000006E+02,  6.28675130678009E+03,  7.73248273067354E+03
 1.98558333300000E+03, -2.64348536292476E+00, -2.46500000000000E+00, -7.58543366051681E-01,  2.28070000000006E+02,  6.43735664676973E+03,  6.80840045118777E+03
 1.98566666700000E+03, -2.50646743440212E+00, -2.61000000000000E+00, -7.61218935315453E-01,  2.28250000000006E+02,  6.74261468724061E+03,  6.28866026190817E+03
 1.98575000000000E+03, -2.56836030957869E+00, -2.64000000000000E+00, -7.66930649833027E-01,  2.28430000000006E+02,  7.01103854688176E+03,  5.92499639695247E+03
 1.98583333300000E+03, -2.85131721940581E+00, -2.99000000000000E+00, -7.69564324878246E-01,  2.28610000000006E+02,  7.08717244789740E+03,  5.56949237930110E+03
 1.98591666700000E+03, -3.23846573436839E+00, -3.34000000000000E+00, -7.72184860482619E-01,  2.28790000000006E+02,  6.85085087384752E+03,  5.26050070501215E+03
 1.98600000000000E+03, -3.60285505028394E+00, -3.30500000000000E+00, -7.74792329705019E-01,  2.28970000000006E+02,  6.16668521704260E+03,  5.04547617262944E+03
 1.98608333300000E+03, -3.87649660596565E+00, -3.02500000000000E+00, -7.77386805165867E-01,  2.29150000000006E+02,  4.98159170898318E+03,  4.76766212606241E+03
 1.98616666700000E+03, -3.69056986100671E+00, -3.02500000000000E+00, -7.79968359049721E-01,  2.29330000000006E+02,  3.51183463191776E+03,  4.17097517569768E+03
 1.98625000000000E+03, -3.04662179797931E+00, -2.99000000000000E+00, -4.16466513843828E-01,  2.29510000000006E+02,  2.18536629879038E+03,  3.20557390293201E+03
 1.98633333300000E+03, -2.55704215902130E+00, -2.67000000000000E+00, -4.20902300535683E-01,  2.29690000000006E+02,  1.35028549150108E+03,  2.11119469882836E+03
 1.98641666700000E+03, -2.17264113877027E+00, -2.56000000000000E+00, -4.25314761750147E-01,  2.29870000000006E+02,  1.13367554881589E+03,  1.24044042244827E+03
 1.98650000000000E+03, -1.70695104505423E+00, -2.64000000000000E+00, -4.29704029966557E-01,  2.30050000000006E+02,  1.53241899960666E+03,  9.00012647109196E+02
 1.98658333300000E+03, -1.41864894245707E+00, -2.59750000000000E+00, -4.34070236926813E-01,  2.30230000000006E+02,  2.45509440515409E+03,  1.24150118079962E+03
 1.98666666700000E+03, -1.44012312632009E+00, -2.64000000000000E+00, -4.38413513638248E-01,  2.30410000000006E+02,  3.66046896346322E+03,  2.10973243996145E+03
 1.98675000000000E+03, -1.66384629303749E+00, -3.20000000000000E+00, -4.43784669615694E-01,  2.30590000000006E+02,  4.79492961514002E+03,  3.05167827747073E+03
 1.98683333300000E+03, -1.84451316353262E+00, -3.77750000000000E+00, -4.48076964297305E-01,  2.30770000000006E+02,  5.53752007602763E+03,  3.65796136667213E+03
 1.98691666700000E+03, -1.83612969509865E+00, -3.61000000000000E+00, -4.52346748693981E-01,  2.30950000000006E+02,  5.70321470507769E+03,  3.89289381542444E+03
 1.98700000000000E+03, -1.66996481186110E+00, -2.92500000000000E+00, -4.56594150727845E-01,  2.31130000000006E+02,  5.29852717034137E+03,  3.98480640520612E+03
 1.98708333300000E+03, -1.44248773397501E+00, -1.92750000000000E+00, -4.60819297601746E-01,  2.31310000000006E+02,  4.55206267702420E+03,  4.06298489956400E+03
 1.98716666700000E+03, -1.28806195307248E+00, -6.97500000000000E-01, -4.65022315802212E-01,  2.31490000000006E+02,  3.81537461659203E+03,  4.06129105597217E+03
 1.98725000000000E+03, -1.17769279463055E+00,  1.70000000000000E-01, -4.60932728475532E-01,  2.31670000000006E+02,  3.33374201895783E+03,  3.93437919492024E+03
 1.98733333300000E+03, -8.95819534041330E-01,  8.52500000000000E-01, -4.65135152732863E-01,  2.31850000000006E+02,  3.09911843418776E+03,  3.76839402125268E+03
 1.98741666700000E+03, -4.52335326744121E-01,  1.81500000000000E+00, -4.69315577465817E-01,  2.32030000000006E+02,  2.91898590960729E+03,  3.63524433983054E+03
 1.98750000000000E+03, -2.25061420413178E-03,  2.53750000000000E+00, -4.73474127718128E-01,  2.32210000000006E+02,  2.60116055103115E+03,  3.49546655557007E+03
 1.98758333300000E+03,  3.19463582469314E-01,  2.51500000000000E+00, -4.77610927826243E-01,  2.32390000000006E+02,  2.10402611263063E+03,  3.33213868518554E+03
 1.98766666700000E+03,  3.77786949176311E-01,  1.71750000000000E+00, -4.81726101422318E-01,  2.32570000000006E+02,  1.57586934528969E+03,  3.28550722031086E+03
 1.98775000000000E+03,  2.19318389842685E-01,  4.75000000000000E-01, -4.79978694105793E-01,  2.32750000000006E+02,  1.26168760447349E+03,  3.56694961027474E+03
 1.98783333300000E+03, -3.81356191787245E-02, -1.95000000000000E-01, -4.84081493878810E-01,  2.32930000000006E+02,  1.34256901836224E+03,  4.27633443271298E+03
 1.98791666700000E+03, -3.96503410097281E-01, -1.35000000000000E-01, -4.88162860407091E-01,  2.33110000000006E+02,  1.83944264413620E+03,  5.34274241295494E+03
 1.98800000000000E+03, -7.74545217456463E-01, -4.62500000000000E-01, -4.92222915523330E-01,  2.33290000000006E+02,  2.62881529939112E+03,  6.58875416335983E+03
 1.98808333300000E+03, -9.57835235236822E-01, -7.82500000000000E-01, -4.96261780366749E-01,  2.33470000000006E+02,  3.50578295916969E+03,  7.78667245271883E+03
 1.98816666700000E+03, -9.73009833131025E-01, -2.90000000000000E-01, -5.00279575386140E-01,  2.33650000000006E+02,  4.25884653605234E+03,  8.68322707241308E+03
 1.98825000000000E+03, -9.04161996429628E-01,  4.92500000000000E-01, -6.76576625368087E-01,  2.33830000000006E+02,  4.76950569819418E+03,  9.09031279838041E+03
 1.98833333300000E+03, -6.40797843447261E-01,  1.14250000000000E+00, -6.79665382459621E-01,  2.34010000000006E+02,  5.08080641930827E+03,  9.04672090345507E+03
 1.98841666700000E+03, -3.18634719262074E-01,  1.35250000000000E+00, -6.82738452485293E-01,  2.34190000000006E+02,  5.34003721443734E+03,  8.83914989680411E+03
 1.98850000000000E+03, -1.84080281680210E-01,  8.45000000000000E-01, -6.85795923741089E-01,  2.34370000000006E+02,  5.64099499086319E+03,  8.72614767504502E+03
 1.98858333300000E+03, -3.04777289038937E-01, -1.02500000000000E-01, -6.88837883997305E-01,  2.34550000000006E+02,  5.91573136999956E+03,  8.64085512876593E+03
 1.98866666700000E+03, -5.38646473537910E-01, -1.02250000000000E+00, -6.91864420501457E-01,  2.34730000000006E+02,  5.98042699674145E+03,  8.30736761951142E+03
 1.98875000000000E+03, -7.76177318024587E-01, -1.56000000000000E+00, -6.90020137829987E-01,  2.34910000000006E+02,  5.68984963646455E+03,  7.63668741984185E+03
 1.98883333300000E+03, -1.13526109612292E+00, -1.67250000000000E+00, -6.93040682228189E-01,  2.35090000000006E+02,  5.06188776584541E+03,  6.80299020982677E+03
 1.98891666700000E+03, -1.52248402700798E+00, -1.84000000000000E+00, -6.96045923287598E-01,  2.35270000000006E+02,  4.26511148076860E+03,  5.92483892300471E+03
 1.98900000000000E+03, -1.74209580049457E+00, -2.00750000000000E+00, -6.99035947018036E-01,  2.35450000000006E+02,  3.48829882053650E+03,  4.94999690725890E+03
 1.98908333300000E+03, -1.74978309805731E+00, -2.07000000000000E+00, -7.02010838916358E-01,  2.35630000000006E+02,  2.82715272860326E+03,  3.93841890070229E+03
 1.98916666700000E+03, -1.41456928973618E+00, -2.48250000000000E+00, -7.04970683969334E-01,  2.35810000000006E+02,  2.29453809373024E+03,  3.18346555209515E+03
 1.98925000000000E+03, -9.23940810916952E-01, -2.55000000000000E+00, -6.00101675816206E-01,  2.35990000000006E+02,  1.90097712100097E+03,  2.90670343902716E+03
 1.98933333300000E+03, -7.61304377000969E-01, -1.33500000000000E+00, -6.03581450462279E-01,  2.36170000000006E+02,  1.67832781165685E+03,  3.02485512212374E+03
 1.98941666700000E+03, -8.77453616830664E-01,  4.25000000000000E-01, -6.07043329307834E-01,  2.36350000000006E+02,  1.63385848925647E+03,  3.31384520859833E+03
 1.98950000000000E+03, -1.10145283673858E+00,  1.29000000000000E+00, -6.10487413715161E-01,  2.36530000000006E+02,  1.72169634294136E+03,  3.62372662004379E+03
 1.98958333300000E+03, -1.49753912465726E+00,  6.65000000000000E-01, -6.13913804450953E-01,  2.36710000000006E+02,  1.85665985106079E+03,  3.87180476952630E+03
 1.98966666700000E+03, -2.04069538286516E+00, -6.05000000000000E-01, -6.17322601689374E-01,  2.36890000000006E+02,  1.93642220862522E+03,  4.00781709466086E+03
 1.98975000000000E+03, -2.52594232428537E+00, -1.33250000000000E+00, -6.22826147861243E-01,  2.37070000000006E+02,  1.88311900229847E+03,  4.05444167862129E+03
 1.98983333300000E+03, -2.68920119659904E+00, -1.54500000000000E+00, -6.26189226683457E-01,  2.37250000000006E+02,  1.70112797854281E+03,  4.05703924667750E+03
 1.98991666700000E+03, -2.51986420055816E+00, -1.99500000000000E+00, -6.29535070264797E-01,  2.37430000000006E+02,  1.46915701143174E+03,  3.97560393532585E+03
 1.99000000000000E+03, -2.19474673153751E+00, -2.39000000000000E+00, -6.32863776078568E-01,  2.37610000000006E+02,  1.25376222778511E+03,  3.73230961272667E+03
 1.99008333300000E+03, -1.90575055332840E+00, -2.10750000000000E+00, -6.36175441022750E-01,  2.37790000000007E+02,  1.06349794226738E+03,  3.34973176586921E+03
 1.99016666700000E+03, -1.80537054196356E+00, -1.69500000000000E+00, -6.39470161423029E-01,  2.37970000000007E+02,  8.91501819058973E+02,  2.94159002027235E+03
 1.99025000000000E+03, -1.73304734529015E+00, -1.28500000000000E+00, -2.96599256772607E-01,  2.38150000000007E+02,  7.52989265901179E+02,  2.58096044557022E+03
 1.99033333300000E+03, -1.36212127784379E+00, -8.32500000000000E-01, -3.01668700411552E-01,  2.38330000000007E+02,  6.77431252870148E+02,  2.24662381520100E+03
 1.99041666700000E+03, -8.07115397888149E-01, -5.90000000000000E-01, -3.06711229317832E-01,  2.38510000000007E+02,  7.02392212727554E+02,  1.88318329537272E+03
 1.99050000000000E+03, -4.48906158313841E-01, -2.27500000000000E-01, -3.11726995431937E-01,  2.38690000000007E+02,  8.55391351618407E+02,  1.47456554311905E+03
 1.99058333300000E+03, -4.35949997517933E-01,  4.67500000000000E-01, -3.16716149892359E-01,  2.38870000000007E+02,  1.10318190916494E+03,  1.06968176664594E+03
 1.99066666700000E+03, -6.77648239855511E-01,  1.04000000000000E+00, -3.21678843037786E-01,  2.39050000000007E+02,  1.34973275322787E+03,  7.42766261829465E+02
 1.99075000000000E+03, -9.91270100291015E-01,  6.87500000000000E-01, -3.27606073956985E-01,  2.39230000000007E+02,  1.51721260343631E+03,  5.19691077727798E+02
 1.99083333300000E+03, -1.19216858970041E+00, -1.87500000000000E-01, -3.32511041879920E-01,  2.39410000000007E+02,  1.60144105504523E+03,  3.65443014243985E+02
 1.99091666700000E+03, -1.10951740922020E+00, -9.12500000000000E-01, -3.37390024424500E-01,  2.39590000000007E+02,  1.64142926406181E+03,  2.61050586280045E+02
 1.99100000000000E+03, -6.25412616296832E-01, -1.46750000000000E+00, -3.42243168593916E-01,  2.39770000000007E+02,  1.67245294040098E+03,  2.61901409541071E+02
 1.99108333300000E+03,  1.89362183784992E-01, -1.35500000000000E+00, -3.47070620603542E-01,  2.39950000000007E+02,  1.70361088119207E+03,  4.57291589333925E+02
 1.99116666700000E+03,  4.19244294839513E-01, -1.08000000000000E+00, -3.51872525883343E-01,  2.40130000000007E+02,  1.70370498247722E+03,  8.99194879867275E+02
 1.99125000000000E+03, -4.35492477297507E-01, -1.33250000000000E+00, -2.86192008132443E-01,  2.40310000000007E+02,  1.61398973661778E+03,  1.60143464448494E+03
 1.99133333300000E+03, -1.21762765810609E+00, -1.53750000000000E+00, -2.91316733955128E-01,  2.40490000000007E+02,  1.39413347518670E+03,  2.59496287195875E+03
 1.99141666700000E+03, -1.27309805664223E+00, -1.41500000000000E+00, -2.96414233145557E-01,  2.40670000000007E+02,  1.05811161431516E+03,  3.92225047313717E+03
 1.99150000000000E+03, -9.29688507539946E-01, -1.25000000000000E+00, -3.01484659284002E-01,  2.40850000000007E+02,  6.85127836631673E+02,  5.51322115140877E+03
 1.99158333300000E+03, -5.42778502300114E-01, -1.02500000000000E+00, -3.06528165144407E-01,  2.41030000000007E+02,  3.99972435668002E+02,  7.07847342668679E+03
 1.99166666700000E+03, -4.17165119723293E-01, -1.23250000000000E+00, -3.11544902696490E-01,  2.41210000000007E+02,  2.94729173784203E+02,  8.21369219187133E+03
 1.99175000000000E+03, -5.64640704452361E-01, -2.17500000000000E+00, -3.12309403204413E-01,  2.41390000000007E+02,  3.61113974137939E+02,  8.67922924950508E+03
 1.99183333300000E+03, -8.37289424076979E-01, -2.61500000000000E+00, -3.17295468236280E-01,  2.41570000000007E+02,  5.56097519446482E+02,  8.60798951610931E+03
 1.99191666700000E+03, -1.10656283015780E+00, -2.32000000000000E+00, -3.22255089409840E-01,  2.41750000000007E+02,  9.27248041297472E+02,  8.49452040964187E+03
 1.99200000000000E+03, -1.28494876268109E+00, -1.84750000000000E+00, -3.27188416173463E-01,  2.41930000000007E+02,  1.60864651094579E+03,  9.00025384220057E+03
 1.99208333300000E+03, -1.31056729175173E+00, -1.30500000000000E+00, -3.32095597180477E-01,  2.42110000000007E+02,  2.69721729332755E+03,  1.06297451825047E+04
 1.99216666700000E+03, -1.26818415027577E+00, -1.28500000000000E+00, -3.36976780291469E-01,  2.42290000000007E+02,  4.13815471602737E+03,  1.33752271051263E+04
 1.99225000000000E+03, -1.18083593129098E+00, -1.83500000000000E+00, -4.53954484739566E-01,  2.42470000000007E+02,  5.64869667506374E+03,  1.65725465271753E+04
 1.99233333300000E+03, -8.78906850047127E-01, -2.07500000000000E+00, -4.58193461536821E-01,  2.42650000000007E+02,  6.75835427273443E+03,  1.91686988187604E+04
 1.99241666700000E+03, -4.47173992104582E-01, -1.98250000000000E+00, -4.62410231057969E-01,  2.42830000000007E+02,  7.08439794728374E+03,  2.02820868295132E+04
 1.99250000000000E+03, -7.27201494838374E-02, -2.55000000000000E+00, -4.66604919519615E-01,  2.43010000000007E+02,  6.62240222186010E+03,  1.96573653730161E+04
 1.99258333300000E+03,  2.21898282929345E-01, -3.50000000000000E+00, -4.70777652426138E-01,  2.43190000000007E+02,  5.67385727070388E+03,  1.76724871681792E+04
 1.99266666700000E+03,  3.62454681902345E-01, -3.67500000000000E+00, -4.74928554572686E-01,  2.43370000000007E+02,  4.54166343891684E+03,  1.49531312039142E+04
 1.99275000000000E+03,  3.54234289788031E-01, -3.38750000000000E+00, -4.75499400415525E-01,  2.43550000000007E+02,  3.42920890010943E+03,  1.20129739937262E+04
 1.99283333300000E+03,  3.29009083575434E-01, -3.26250000000000E+00, -4.79625611493617E-01,  2.43730000000007E+02,  2.49629193317782E+03,  9.18736368641047E+03
 1.99291666700000E+03,  2.27056680357831E-01, -2.99000000000000E+00, -4.83730256250426E-01,  2.43910000000007E+02,  1.77604575046165E+03,  6.68432243754852E+03
 1.99300000000000E+03, -4.55567170314700E-02, -2.51000000000000E+00, -4.87813457275068E-01,  2.44090000000007E+02,  1.13945976603363E+03,  4.57593941334873E+03
 1.99308333300000E+03, -3.70328020312391E-01, -2.27500000000000E+00, -4.91875336459891E-01,  2.44270000000007E+02,  5.51752333562966E+02,  2.86717271626034E+03
 1.99316666700000E+03, -8.82376330183856E-01, -2.25250000000000E+00, -4.95916015003507E-01,  2.44450000000007E+02,  2.27341905701566E+02,  1.64231077175675E+03
 1.99325000000000E+03, -1.58584761820494E+00, -2.02000000000000E+00, -4.11226319245574E-01,  2.44630000000007E+02,  3.37658579552429E+02,  1.00260719660339E+03
 1.99333333300000E+03, -1.93407248183003E+00, -1.84000000000000E+00, -4.15689673973090E-01,  2.44810000000007E+02,  7.37158766070045E+02,  8.50520140352197E+02
 1.99341666700000E+03, -1.82712854046465E+00, -2.14250000000000E+00, -4.20129546668838E-01,  2.44990000000007E+02,  1.15454689943813E+03,  9.27028472960535E+02
 1.99350000000000E+03, -1.52737792561437E+00, -2.54250000000000E+00, -4.24546070681973E-01,  2.45170000000007E+02,  1.46139183107972E+03,  1.05118190366750E+03
 1.99358333300000E+03, -1.19119112105742E+00, -2.38000000000000E+00, -4.28939378620872E-01,  2.45350000000007E+02,  1.61921862261899E+03,  1.14668168860474E+03
 1.99366666700000E+03, -1.01974226658891E+00, -2.13750000000000E+00, -4.33309602355977E-01,  2.45530000000007E+02,  1.60674990594007E+03,  1.13092317589545E+03
 1.99375000000000E+03, -1.09876931048513E+00, -2.56000000000000E+00, -4.38983805560112E-01,  2.45710000000007E+02,  1.53592372568581E+03,  9.91434844485419E+02
 1.99383333300000E+03, -1.31186964074202E+00, -3.07000000000000E+00, -4.43301289294194E-01,  2.45890000000007E+02,  1.60812561367293E+03,  8.57300649739700E+02
 1.99391666700000E+03, -1.44295213807721E+00, -3.14000000000000E+00, -4.47596119608673E-01,  2.46070000000007E+02,  1.84909700077034E+03,  8.26043329643877E+02
 1.99400000000000E+03, -1.37940037868559E+00, -3.12500000000000E+00, -4.51868425229177E-01,  2.46250000000007E+02,  2.06914067491939E+03,  8.66915675427933E+02
 1.99408333300000E+03, -1.16416092393056E+00, -3.12250000000000E+00, -4.56118334158779E-01,  2.46430000000007E+02,  2.09843063988982E+03,  9.64390342877214E+02
 1.99416666700000E+03, -6.47828871008689E-01, -2.80750000000000E+00, -4.60345973680944E-01,  2.46610000000007E+02,  1.89716369309029E+03,  1.11944415272412E+03
 1.99425000000000E+03, -1.23054021061578E-01, -2.35500000000000E+00, -2.81027547391542E-01,  2.46790000000007E+02,  1.51959403606328E+03,  1.20456873187633E+03
 1.99433333300000E+03, -2.92748036473973E-01, -2.23000000000000E+00, -2.86179719900923E-01,  2.46970000000007E+02,  1.14834347768547E+03,  1.12986390950028E+03
 1.99441666700000E+03, -7.66354990089940E-01, -2.34500000000000E+00, -2.91304511019193E-01,  2.47150000000007E+02,  1.02989293226615E+03,  1.11811604039867E+03
 1.99450000000000E+03, -8.70452169171648E-01, -2.44000000000000E+00, -2.96402075136960E-01,  2.47330000000007E+02,  1.20925788964449E+03,  1.47678549471260E+03
 1.99458333300000E+03, -6.48448007622332E-01, -2.27750000000000E+00, -3.01472565836429E-01,  2.47510000000007E+02,  1.46654508092402E+03,  2.16322031533575E+03
 1.99466666700000E+03, -4.00732795034692E-01, -1.64000000000000E+00, -3.06516135893468E-01,  2.47690000000007E+02,  1.59080611346867E+03,  2.87012593344062E+03
 1.99475000000000E+03, -3.73721799154278E-01, -8.70000000000000E-01, -3.10917931438384E-01,  2.47870000000007E+02,  1.52725870131488E+03,  3.38899045097571E+03
 1.99483333300000E+03, -5.63771708801298E-01, -6.17500000000000E-01, -3.15911377849663E-01,  2.48050000000007E+02,  1.26447173051795E+03,  3.62936952716397E+03
 1.99491666700000E+03, -8.20291157029993E-01, -8.02500000000000E-01, -3.20878338695626E-01,  2.48230000000007E+02,  8.48044305975823E+02,  3.53999442631905E+03
 1.99500000000000E+03, -1.01285283133587E+00, -7.82500000000000E-01, -3.25818963646172E-01,  2.48410000000007E+02,  4.94429565466226E+02,  3.30383991226965E+03
 1.99508333300000E+03, -1.07389839873211E+00, -4.57500000000000E-01, -3.30733401575520E-01,  2.48590000000007E+02,  4.26274031728416E+02,  3.34768123115652E+03
 1.99516666700000E+03, -3.02304505590342E-01,  2.75000000000000E-02, -3.35621800564505E-01,  2.48770000000007E+02,  6.12331979160720E+02,  3.89691304283184E+03
 1.99525000000000E+03,  1.16652424743001E+00,  9.52500000000000E-01, -3.56330643163742E-01,  2.48950000000007E+02,  8.60226634491648E+02,  4.75942855107191E+03
 1.99533333300000E+03,  1.70341546907529E+00,  2.31000000000000E+00, -3.61083571476529E-01,  2.49130000000007E+02,  1.08406293706063E+03,  5.69921941685401E+03
 1.99541666700000E+03,  1.27365150060344E+00,  3.13500000000000E+00, -3.65811375124290E-01,  2.49310000000007E+02,  1.32472679211928E+03,  6.71065092723527E+03
 1.99550000000000E+03,  8.44721742078776E-01,  2.78750000000000E+00, -3.70514196471840E-01,  2.49490000000007E+02,  1.61532242244880E+03,  7.77674534005935E+03
 1.99558333300000E+03,  6.45407088366039E-01,  1.68500000000000E+00, -3.75192177110927E-01,  2.49670000000007E+02,  1.95780410710353E+03,  8.68222458804446E+03
 1.99566666700000E+03,  5.93493063395142E-01,  8.32500000000000E-01, -3.79845457862825E-01,  2.49850000000007E+02,  2.37178723674594E+03,  9.27518041619321E+03
 1.99575000000000E+03,  5.06222881785189E-01,  8.12500000000000E-01, -3.81737529784117E-01,  2.50030000000007E+02,  2.94109841498862E+03,  9.75992100463223E+03
 1.99583333300000E+03,  3.07985869662348E-01,  8.45000000000000E-01, -3.86356267198641E-01,  2.50210000000007E+02,  3.87345082724570E+03,  1.06586285045905E+04
 1.99591666700000E+03, -3.69160095158968E-02,  3.52500000000000E-01, -3.90950640695804E-01,  2.50390000000007E+02,  5.44608001871219E+03,  1.25555388561973E+04
 1.99600000000000E+03, -4.73689139920433E-01, -1.75000000000000E-01, -3.95520788490782E-01,  2.50570000000007E+02,  7.75654540872569E+03,  1.57031275154881E+04
 1.99608333300000E+03, -8.75444131037086E-01, -4.80000000000000E-01, -4.00066848039989E-01,  2.50750000000007E+02,  1.05097459180860E+04,  1.95743688721684E+04
 1.99616666700000E+03, -1.33892266209672E+00, -4.97500000000000E-01, -4.04588956043786E-01,  2.50930000000007E+02,  1.30796213518150E+04,  2.28472540462530E+04
 1.99625000000000E+03, -1.76947650529799E+00, -4.12500000000000E-01, -4.18589216465646E-01,  2.51110000000007E+02,  1.48096948278241E+04,  2.41497675083962E+04
 1.99633333300000E+03, -1.71675747042220E+00, -7.62500000000000E-01, -4.23013839748936E-01,  2.51290000000007E+02,  1.53822255706753E+04,  2.29895368173979E+04
 1.99641666700000E+03, -1.24766748218686E+00, -1.19500000000000E+00, -4.27415200956553E-01,  2.51470000000007E+02,  1.50114174424414E+04,  1.99808496098964E+04
 1.99650000000000E+03, -7.85492555171582E-01, -1.00750000000000E+00, -4.31793432215070E-01,  2.51650000000007E+02,  1.42131861669348E+04,  1.62715498757088E+04
 1.99658333300000E+03, -5.71224002328349E-01, -4.62500000000000E-01, -4.36148664914991E-01,  2.51830000000007E+02,  1.32983539931085E+04,  1.28018392463533E+04
 1.99666666700000E+03, -6.58015670952067E-01, -5.45000000000000E-01, -4.40481029713632E-01,  2.52010000000007E+02,  1.21359712596227E+04,  9.92292247591586E+03
 1.99675000000000E+03, -8.85979516851260E-01, -1.31500000000000E+00, -4.44781272482578E-01,  2.52190000000007E+02,  1.04367306586175E+04,  7.48053694732576E+03
 1.99683333300000E+03, -1.03437123069872E+00, -1.77000000000000E+00, -4.49068339751335E-01,  2.52370000000007E+02,  8.20541393127356E+03,  5.21160061911271E+03
 1.99691666700000E+03, -9.97079980891867E-01, -1.59000000000000E+00, -4.53332926440912E-01,  2.52550000000007E+02,  5.92662218729640E+03,  3.13304080279821E+03
 1.99700000000000E+03, -8.21237846967061E-01, -1.08750000000000E+00, -4.57575160306501E-01,  2.52730000000007E+02,  4.35160853453093E+03,  1.58177931842561E+03
 1.99708333300000E+03, -5.97653754533538E-01, -5.47500000000000E-01, -4.61795168384704E-01,  2.52910000000007E+02,  4.00314378791378E+03,  8.71596209443368E+02
 1.99716666700000E+03, -4.24101465211950E-01, -1.97500000000000E-01, -4.65993076996493E-01,  2.53090000000007E+02,  4.75416445820923E+03,  9.26226047758046E+02
 1.99725000000000E+03, -3.39458343643667E-01, -5.00000000000000E-03, -3.12160842012719E-01,  2.53270000000007E+02,  5.90732819705003E+03,  1.29021318886152E+03
 1.99733333300000E+03, -2.74119670270727E-01,  8.25000000000000E-02, -3.17147695087471E-01,  2.53450000000007E+02,  6.74856421259186E+03,  1.51924342405373E+03
 1.99741666700000E+03, -2.07037085100264E-01,  1.37500000000000E-01, -3.22108099851044E-01,  2.53630000000007E+02,  7.01823661521580E+03,  1.51063771157978E+03
 1.99750000000000E+03, -1.68073093790093E-01,  2.07500000000000E-01, -3.27042205775470E-01,  2.53810000000007E+02,  6.89710278683685E+03,  1.41813553516326E+03
 1.99758333300000E+03, -1.53597384244178E-01,  3.47500000000000E-01, -3.31950161537666E-01,  2.53990000000007E+02,  6.67544289432627E+03,  1.36080646609916E+03
 1.99766666700000E+03, -3.47770754049329E-02,  8.07500000000000E-01, -3.36832115021742E-01,  2.54170000000007E+02,  6.47352910352108E+03,  1.35007727598596E+03
 1.99775000000000E+03,  3.75332951150389E-01,  1.00000000000000E+00, -3.42675895720767E-01,  2.54350000000007E+02,  6.17809003809157E+03,  1.39568203874788E+03
 1.99783333300000E+03,  1.04076166346570E+00,  8.07500000000000E-01, -3.47501057366264E-01,  2.54530000000007E+02,  5.58293216786892E+03,  1.48577366298010E+03
 1.99791666700000E+03,  1.66615289096206E+00,  9.55000000000000E-01, -3.52300685248487E-01,  2.54710000000007E+02,  4.62281179813892E+03,  1.52304244445252E+03
 1.99800000000000E+03,  1.88238230345756E+00,  1.55000000000000E+00, -3.57074923944544E-01,  2.54890000000007E+02,  3.49110825025089E+03,  1.45838352659465E+03
 1.99808333300000E+03,  1.54928911041239E+00,  2.43000000000000E+00, -3.61823917251274E-01,  2.55070000000007E+02,  2.50739074641102E+03,  1.42939375890603E+03
 1.99816666700000E+03,  7.61790197511558E-01,  2.91000000000000E+00, -3.66547808187760E-01,  2.55250000000007E+02,  1.86784294796793E+03,  1.62571313041247E+03
 1.99825000000000E+03,  2.02130350232869E-01,  3.06500000000000E+00, -3.39784291567258E-01,  2.55430000000007E+02,  1.53487406587753E+03,  2.08644418704509E+03
 1.99833333300000E+03,  6.71348887545440E-01,  3.71500000000000E+00, -3.44624759498861E-01,  2.55610000000007E+02,  1.33832781119724E+03,  2.71993027017856E+03
 1.99841666700000E+03,  1.73107875673834E+00,  4.47000000000000E+00, -3.49439607019114E-01,  2.55790000000007E+02,  1.14234232451070E+03,  3.44771637254115E+03
 1.99850000000000E+03,  2.49003162688077E+00,  4.78750000000000E+00, -3.54228979171927E-01,  2.55970000000007E+02,  9.37060863233286E+02,  4.31747037842153E+03
 1.99858333300000E+03,  2.55209453226190E+00,  4.65750000000000E+00, -3.58993020219459E-01,  2.56150000000007E+02,  8.31814564125832E+02,  5.56308038167696E+03
 1.99866666700000E+03,  2.08106940528772E+00,  4.14250000000000E+00, -3.63731873644608E-01,  2.56330000000007E+02,  9.66370875240905E+02,  7.46451783149829E+03
 1.99875000000000E+03,  1.44070567482995E+00,  3.57500000000000E+00, -3.65056625400261E-01,  2.56510000000007E+02,  1.37733822776304E+03,  9.98351407530806E+03
 1.99883333300000E+03,  7.59204227565909E-01,  3.07750000000000E+00, -3.69763434294391E-01,  2.56690000000007E+02,  1.93138875892359E+03,  1.25915645503000E+04
 1.99891666700000E+03,  3.32386769291634E-01,  2.15500000000000E+00, -3.74445379877711E-01,  2.56870000000007E+02,  2.41070243342813E+03,  1.45402192704319E+04
 1.99900000000000E+03,  3.05599275404955E-01,  9.37500000000000E-01, -3.79102603094594E-01,  2.57050000000007E+02,  2.65841791491800E+03,  1.52275292776600E+04
 1.99908333300000E+03,  4.01520037557185E-01,  4.30000000000000E-01, -3.83735244121132E-01,  2.57230000000007E+02,  2.63338818154007E+03,  1.43935850508787E+04
 1.99916666700000E+03,  3.25043313767774E-01,  4.60000000000000E-01, -3.88343442367768E-01,  2.57410000000007E+02,  2.38482080844174E+03,  1.22611584119247E+04
 1.99925000000000E+03,  2.35419709063843E-01,  6.77500000000000E-01, -4.98395341229341E-01,  2.57590000000007E+02,  2.03329569356134E+03,  9.51989721036747E+03
 1.99933333300000E+03,  5.54654547996617E-01,  1.23000000000000E+00, -5.02402009954281E-01,  2.57770000000007E+02,  1.73040018445485E+03,  6.95780932534527E+03
 1.99941666700000E+03,  1.15375954940336E+00,  1.64000000000000E+00, -5.06387791857340E-01,  2.57950000000007E+02,  1.56723143522305E+03,  5.09295498419909E+03
 1.99950000000000E+03,  1.57864296346051E+00,  2.04750000000000E+00, -5.10352805653907E-01,  2.58130000000007E+02,  1.53865782235972E+03,  4.17702270618183E+03
 1.99958333300000E+03,  1.56336497957755E+00,  2.33250000000000E+00, -5.14297169379742E-01,  2.58310000000007E+02,  1.61227628872266E+03,  4.26412646761683E+03
 1.99966666700000E+03,  1.17713367598195E+00,  1.57500000000000E+00, -5.18221000394053E-01,  2.58490000000007E+02,  1.76912512971646E+03,  5.09882904573632E+03
 1.99975000000000E+03,  6.18464419762431E-01,  2.65000000000000E-01, -5.19777901644667E-01,  2.58670000000007E+02,  1.95592296877744E+03,  6.17260557432021E+03
 1.99983333300000E+03, -3.46351816125759E-02, -3.25000000000000E-01, -5.23673218672742E-01,  2.58850000000007E+02,  2.07402203402055E+03,  7.03376716580870E+03
 1.99991666700000E+03, -5.73593090398246E-01, -4.17500000000000E-01, -5.27548281705322E-01,  2.59030000000007E+02,  2.05142128918034E+03,  7.44944995556731E+03
 2.00000000000000E+03, -8.16449081429761E-01, -6.37500000000000E-01, -5.31403205825557E-01,  2.59210000000007E+02,  1.89605718791005E+03,  7.39852121622429E+03
 2.00008333300000E+03, -8.02717467093683E-01, -3.00000000000000E-01, -5.35238105453611E-01,  2.59390000000007E+02,  1.70194539630294E+03,  7.09562512026133E+03
 2.00016666700000E+03, -9.29235234365026E-01,  3.70000000000000E-01, -5.39053094349759E-01,  2.59570000000007E+02,  1.62691386742797E+03,  6.81186741386962E+03
 2.00025000000000E+03, -1.21943757693758E+00,  5.72500000000000E-01, -4.23650045738928E-01,  2.59750000000007E+02,  1.77981319964848E+03,  6.50361322023120E+03
 2.00033333300000E+03, -1.05017394216082E+00,  4.25000000000000E-01, -4.28048062960270E-01,  2.59930000000007E+02,  2.07569080660246E+03,  5.86499095465601E+03
 2.00041666700000E+03, -5.49452364340347E-01,  1.92500000000000E-01, -4.32422969227284E-01,  2.60110000000007E+02,  2.28057180844488E+03,  4.78804510728046E+03
 2.00050000000000E+03, -2.38951439190022E-01,  4.12500000000000E-01, -4.36774895824553E-01,  2.60290000000007E+02,  2.22327720607199E+03,  3.46438883958919E+03
 2.00058333300000E+03, -2.05203304975296E-01,  7.90000000000000E-01, -4.41103973303888E-01,  2.60470000000007E+02,  1.89671408965384E+03,  2.13771038343534E+03
 2.00066666700000E+03, -3.17914891316458E-01,  5.07500000000000E-01, -4.45410331487221E-01,  2.60650000000007E+02,  1.42195521338706E+03,  1.10890964109933E+03
 2.00075000000000E+03, -3.81675267766854E-01, -2.37500000000000E-01, -4.52153967009844E-01,  2.60830000000007E+02,  1.03732359139943E+03,  7.37640294549919E+02
 2.00083333300000E+03, -3.40001647441048E-01, -8.42500000000000E-01, -4.56402379398489E-01,  2.61010000000007E+02,  1.00683586247505E+03,  1.04251817725060E+03
 2.00091666700000E+03, -2.31984991949933E-01, -1.24500000000000E+00, -4.60628530884998E-01,  2.61190000000007E+02,  1.37753756086413E+03,  1.57907000171160E+03
 2.00100000000000E+03, -7.60234380992242E-02, -1.18000000000000E+00, -4.64832547988260E-01,  2.61370000000007E+02,  1.94488334666611E+03,  1.98884128165105E+03
 2.00108333300000E+03,  1.53433868095001E-01, -5.77500000000000E-01, -4.69014556513681E-01,  2.61550000000007E+02,  2.56559545742308E+03,  2.31325087668424E+03
 2.00116666700000E+03,  1.16257951339653E-01, -1.87500000000000E-01, -4.73174681556168E-01,  2.61730000000007E+02,  3.32196970332849E+03,  2.66077412721256E+03
 2.00125000000000E+03, -3.01166197895834E-01, -2.07500000000000E-01, -2.09274879506218E-01,  2.61910000000007E+02,  4.30164659948212E+03,  3.06120580842161E+03
 2.00133333300000E+03, -3.03506791352039E-01,  2.60000000000000E-01, -2.14809228785793E-01,  2.62090000000007E+02,  5.43916145789530E+03,  3.71097887109859E+03
 2.00141666700000E+03,  4.00855462124025E-01,  1.14500000000000E+00, -2.20314049104418E-01,  2.62270000000007E+02,  6.60723066280332E+03,  4.88826890763515E+03
 2.00150000000000E+03,  1.17188979194722E+00,  1.45250000000000E+00, -2.25789505860505E-01,  2.62450000000007E+02,  7.63155223835822E+03,  6.61511674640675E+03
 2.00158333300000E+03,  1.36754274343643E+00,  1.77750000000000E+00, -2.31235763621025E-01,  2.62630000000007E+02,  8.25579391064679E+03,  8.69286902410910E+03
 2.00166666700000E+03,  8.65554179961507E-01,  2.34000000000000E+00, -2.36652986122891E-01,  2.62810000000007E+02,  8.33580376053116E+03,  1.08641511671064E+04
 2.00175000000000E+03,  2.16096794321424E-01,  2.20000000000000E+00, -2.42829761847090E-01,  2.62990000000007E+02,  7.99435369421295E+03,  1.27033109008491E+04
 2.00183333300000E+03,  5.13968992227216E-02,  1.78000000000000E+00, -2.48185201527285E-01,  2.63170000000007E+02,  7.41380236380074E+03,  1.36609415250932E+04
 2.00191666700000E+03,  4.25878892084157E-01,  1.74750000000000E+00, -2.53512115791983E-01,  2.63350000000007E+02,  6.63514687898120E+03,  1.34466803651685E+04
 2.00200000000000E+03,  9.66852383697185E-01,  1.69000000000000E+00, -2.58810664952088E-01,  2.63530000000007E+02,  5.67417589076826E+03,  1.22100335403235E+04
 2.00208333300000E+03,  1.37924006007677E+00,  1.47750000000000E+00, -2.64081008496478E-01,  2.63710000000007E+02,  4.63253751010007E+03,  1.04307770609652E+04
 2.00216666700000E+03,  9.65362367742719E-01,  1.04000000000000E+00, -2.69323305093734E-01,  2.63890000000007E+02,  3.67874502977792E+03,  8.86920625999361E+03
 2.00225000000000E+03, -8.69379979072119E-02,  2.12500000000000E-01, -2.97321128070014E-01,  2.64070000000007E+02,  3.14703464732189E+03,  8.36498183499945E+03
 2.00233333300000E+03, -2.74163848671554E-01, -6.30000000000000E-01, -3.02386738592839E-01,  2.64250000000008E+02,  3.51580026152358E+03,  9.30515162988065E+03
 2.00241666700000E+03,  2.75878704199742E-01, -1.03250000000000E+00, -3.07425456018425E-01,  2.64430000000008E+02,  4.94290407173920E+03,  1.13757598643319E+04
 2.00250000000000E+03,  6.02512990940919E-01, -5.17500000000000E-01, -3.12437432173188E-01,  2.64610000000008E+02,  6.93071974366962E+03,  1.39084609151410E+04
 2.00258333300000E+03,  5.92279923136600E-01,  4.02500000000000E-01, -3.17422818081856E-01,  2.64790000000008E+02,  8.69440686693360E+03,  1.62237877034069E+04
 2.00266666700000E+03,  3.94772002941261E-01,  7.77500000000000E-01, -3.22381763969667E-01,  2.64970000000008E+02,  9.68684824468764E+03,  1.77038099055961E+04
 2.00275000000000E+03,  1.55076573580523E-01,  6.40000000000000E-01, -3.21137929615234E-01,  2.65150000000008E+02,  9.68716960467819E+03,  1.79908115273217E+04
 2.00283333300000E+03, -1.06633511927836E-01,  2.22500000000000E-01, -3.26077178413585E-01,  2.65330000000008E+02,  8.79014666032172E+03,  1.72231729463205E+04
 2.00291666700000E+03, -2.82688199183849E-01,  3.25000000000000E-02, -3.30990247971339E-01,  2.65510000000008E+02,  7.47989416870820E+03,  1.58350588077517E+04
 2.00300000000000E+03, -2.12503343276036E-01,  6.75000000000000E-02, -3.35877286327813E-01,  2.65690000000008E+02,  6.35164875308143E+03,  1.41743463682643E+04
 2.00308333300000E+03,  2.17962866216524E-01,  1.80000000000000E-01, -3.40738440731397E-01,  2.65870000000008E+02,  5.64962920256073E+03,  1.25061585928169E+04
 2.00316666700000E+03,  4.27055729693336E-01,  5.65000000000000E-01, -3.45573857641921E-01,  2.66050000000008E+02,  5.31185904506595E+03,  1.11749299980516E+04
 2.00325000000000E+03,  1.18837985112104E-01,  8.92500000000000E-01, -5.76384027565213E-01,  2.66230000000008E+02,  5.31381529677966E+03,  1.04129082175140E+04
 2.00333333300000E+03,  2.12673268833700E-01,  1.30500000000000E+00, -5.79986022333580E-01,  2.66410000000008E+02,  5.62582323737435E+03,  1.00519727662228E+04
 2.00341666700000E+03,  8.04450849893272E-01,  1.93250000000000E+00, -5.83569428516829E-01,  2.66590000000008E+02,  6.02425269715655E+03,  9.67819204733684E+03
 2.00350000000000E+03,  1.29255463557323E+00,  2.77000000000000E+00, -5.87134351536021E-01,  2.66770000000008E+02,  6.26321653553825E+03,  9.03315855280274E+03
 2.00358333300000E+03,  1.49574344109112E+00,  3.73250000000000E+00, -5.90680896195984E-01,  2.66950000000008E+02,  6.25354222320190E+03,  8.10427673464798E+03
 2.00366666700000E+03,  1.42134558905302E+00,  4.19750000000000E+00, -5.94209166688415E-01,  2.67130000000008E+02,  5.93249590971124E+03,  6.95934114876839E+03
 2.00375000000000E+03,  1.18551003003209E+00,  3.65500000000000E+00, -5.94116358000898E-01,  2.67310000000008E+02,  5.26259830166406E+03,  5.73463682560324E+03
 2.00383333300000E+03,  8.47724381804414E-01,  2.58000000000000E+00, -5.97626935751058E-01,  2.67490000000008E+02,  4.44026568347637E+03,  4.66752502155717E+03
 2.00391666700000E+03,  4.77026846421138E-01,  2.04250000000000E+00, -6.01119443182315E-01,  2.67670000000008E+02,  3.76845469739888E+03,  3.87062405985438E+03
 2.00400000000000E+03,  1.29650531840708E-01,  1.97250000000000E+00, -6.04593982681398E-01,  2.67850000000008E+02,  3.29576534504027E+03,  3.16447077594338E+03
 2.00408333300000E+03, -2.13052767950479E-01,  1.80250000000000E+00, -6.08050656034175E-01,  2.68030000000008E+02,  2.86033727658477E+03,  2.34685882085102E+03
 2.00416666700000E+03, -4.42423927210574E-01,  1.41750000000000E+00, -6.11489564428738E-01,  2.68210000000008E+02,  2.40359517243653E+03,  1.48204012570285E+03
 2.00425000000000E+03, -4.01141774013497E-01,  7.85000000000000E-01, -4.34453220355798E-01,  2.68390000000008E+02,  1.99565070698896E+03,  7.69949970813584E+02
 2.00433333300000E+03, -2.10471936797302E-01,  5.77500000000000E-01, -4.38794486204200E-01,  2.68570000000008E+02,  1.69256037586096E+03,  3.56331473319214E+02
 2.00441666700000E+03, -4.27374057719474E-02,  1.30500000000000E+00, -4.43112963504489E-01,  2.68750000000008E+02,  1.52957426400001E+03,  3.53189557530799E+02
 2.00450000000000E+03,  1.10205605509814E-01,  2.20750000000000E+00, -4.47408781739565E-01,  2.68930000000008E+02,  1.49079159402060E+03,  7.40404493533864E+02
 2.00458333300000E+03,  2.66909402516266E-01,  2.58750000000000E+00, -4.51682069666718E-01,  2.69110000000008E+02,  1.45796987118790E+03,  1.24778258490329E+03
 2.00466666700000E+03,  4.43017514910350E-01,  2.43500000000000E+00, -4.55932955320555E-01,  2.69290000000008E+02,  1.37875483972154E+03,  1.66715612642543E+03
 2.00475000000000E+03,  6.13233720112657E-01,  2.20000000000000E+00, -4.64862457306829E-01,  2.69470000000008E+02,  1.39459865281163E+03,  2.14941698160523E+03
 2.00483333300000E+03,  7.32569772641399E-01,  2.01250000000000E+00, -4.69044309288608E-01,  2.69650000000008E+02,  1.63602312013370E+03,  2.88050860020242E+03
 2.00491666700000E+03,  8.95387741433903E-01,  1.60000000000000E+00, -4.73204278677249E-01,  2.69830000000008E+02,  2.10211890205144E+03,  3.79459252623458E+03
 2.00500000000000E+03,  1.12649825144145E+00,  1.17000000000000E+00, -4.77342489855112E-01,  2.70010000000008E+02,  2.84330596486843E+03,  4.92223832839600E+03
 2.00508333300000E+03,  1.27608248824449E+00,  1.45000000000000E+00, -4.81459066500080E-01,  2.70190000000008E+02,  3.91101384691036E+03,  6.51135727619931E+03
 2.00516666700000E+03,  1.19992311280588E+00,  2.30000000000000E+00, -4.85554131588560E-01,  2.70370000000008E+02,  5.05492006705326E+03,  8.46601549496950E+03
 2.00525000000000E+03,  9.72495525512179E-01,  2.73500000000000E+00, -1.08770689502370E-01,  2.70550000000008E+02,  5.88801178179611E+03,  1.02403571584129E+04
 2.00533333300000E+03,  9.09904666816222E-01,  2.84250000000000E+00, -1.14842457448443E-01,  2.70730000000008E+02,  6.38585534617355E+03,  1.15652297979179E+04
 2.00541666700000E+03,  1.18099154862788E+00,  3.31500000000000E+00, -1.20881704938070E-01,  2.70910000000008E+02,  6.83322924133246E+03,  1.26864938574966E+04
 2.00550000000000E+03,  1.60115992436420E+00,  3.98250000000000E+00, -1.26888611892338E-01,  2.71090000000008E+02,  7.34572231963910E+03,  1.37070143750524E+04
 2.00558333300000E+03,  1.89257115958261E+00,  4.19500000000000E+00, -1.32863357387921E-01,  2.71270000000008E+02,  7.79304263586724E+03,  1.42699707622712E+04
 2.00566666700000E+03,  2.06048035514187E+00,  3.62000000000000E+00, -1.38806119657186E-01,  2.71450000000008E+02,  8.01352019084305E+03,  1.39881026873868E+04
 2.00575000000000E+03,  2.21312693239987E+00,  2.41750000000000E+00, -1.46238564423993E-01,  2.71630000000008E+02,  7.79180798558147E+03,  1.27212343849268E+04
 2.00583333300000E+03,  2.18921750245365E+00,  1.66500000000000E+00, -1.52109751182451E-01,  2.71810000000008E+02,  6.89019250237082E+03,  1.05050033114332E+04
 2.00591666700000E+03,  1.86701249859844E+00,  1.57000000000000E+00, -1.57949529589861E-01,  2.71990000000008E+02,  5.41168409563264E+03,  7.68206344535275E+03
 2.00600000000000E+03,  1.50684605717255E+00,  1.17750000000000E+00, -1.63758074286515E-01,  2.72170000000008E+02,  3.92221940914070E+03,  5.04490706648720E+03
 2.00608333300000E+03,  1.49779914846238E+00,  6.65000000000000E-01, -1.69535559070363E-01,  2.72350000000008E+02,  3.01825813447245E+03,  3.44164952493082E+03
 2.00616666700000E+03,  1.32519932414292E+00,  8.12500000000000E-01, -1.75282156897647E-01,  2.72530000000008E+02,  2.90916499597721E+03,  3.14686149571420E+03
 2.00625000000000E+03,  5.43427837504922E-01,  1.74000000000000E+00, -2.06876072083290E-01,  2.72710000000008E+02,  3.40054964782870E+03,  3.69986287029102E+03
 2.00633333300000E+03,  1.45152945053655E-01,  2.69750000000000E+00, -2.12423222802031E-01,  2.72890000000008E+02,  4.06110066498183E+03,  4.31423094629940E+03
 2.00641666700000E+03,  6.33775631361670E-01,  3.20250000000000E+00, -2.17940772886252E-01,  2.73070000000008E+02,  4.45479903227592E+03,  4.43426800628987E+03
 2.00650000000000E+03,  1.43392345865179E+00,  3.54000000000000E+00, -2.23428888093782E-01,  2.73250000000008E+02,  4.42913178353861E+03,  4.01455802637793E+03
 2.00658333300000E+03,  1.87617171403334E+00,  3.68250000000000E+00, -2.28887733350427E-01,  2.73430000000008E+02,  4.17721159255929E+03,  3.38552372744880E+03
 2.00666666700000E+03,  1.81061692264527E+00,  3.48750000000000E+00, -2.34317472751332E-01,  2.73610000000008E+02,  3.96538582836190E+03,  2.91284858762231E+03
 2.00675000000000E+03,  1.47551934960142E+00,  3.13250000000000E+00, -2.32679061423682E-01,  2.73790000000008E+02,  3.90461899447323E+03,  2.75983502939987E+03
 2.00683333300000E+03,  8.71779288011571E-01,  2.53750000000000E+00, -2.38088590735426E-01,  2.73970000000008E+02,  4.01110788346209E+03,  2.88948005508765E+03
 2.00691666700000E+03,  3.57189570227070E-01,  1.83500000000000E+00, -2.43469290875801E-01,  2.74150000000008E+02,  4.33594693929505E+03,  3.26637284591131E+03
 2.00700000000000E+03,  4.11645711827327E-01,  1.65500000000000E+00, -2.48821323706323E-01,  2.74330000000008E+02,  4.95559227927021E+03,  4.03389991557908E+03
 2.00708333300000E+03,  9.41576002028111E-01,  1.66000000000000E+00, -2.54144850263376E-01,  2.74510000000008E+02,  5.88297764715698E+03,  5.37345188217757E+03
 2.00716666700000E+03,  1.45502803602224E+00,  1.40500000000000E+00, -2.59440030759841E-01,  2.74690000000008E+02,  6.99861003973109E+03,  7.15702728225225E+03
 2.00725000000000E+03,  1.74718336096413E+00,  1.22250000000000E+00, -5.06955259075096E-01,  2.74870000000008E+02,  8.04455399509201E+03,  8.87998571344095E+03
 2.00733333300000E+03,  2.01085834167589E+00,  1.00750000000000E+00, -5.10917316859591E-01,  2.75050000000008E+02,  8.71386390690684E+03,  9.96787883350030E+03
 2.00741666700000E+03,  2.11460642576050E+00,  8.72500000000000E-01, -5.14858741373436E-01,  2.75230000000008E+02,  8.80543016437538E+03,  1.00740641082397E+04
 2.00750000000000E+03,  1.85875518043979E+00,  8.32500000000000E-01, -5.18779649879476E-01,  2.75410000000008E+02,  8.34217257487267E+03,  9.22569095471908E+03
 2.00758333300000E+03,  1.35203483739017E+00,  6.72500000000000E-01, -5.22680158967521E-01,  2.75590000000008E+02,  7.55621199939559E+03,  7.88060504982161E+03
 2.00766666700000E+03,  8.66698750026434E-01,  8.52500000000000E-01, -5.26560384557429E-01,  2.75770000000008E+02,  6.72487490959906E+03,  6.69512251501323E+03
 2.00775000000000E+03,  5.16787685954926E-01,  1.30500000000000E+00, -5.26108918318157E-01,  2.75950000000008E+02,  5.98721726052518E+03,  6.01112104907041E+03
 2.00783333300000E+03,  2.03175715232711E-01,  1.38250000000000E+00, -5.29971321744579E-01,  2.76130000000008E+02,  5.32537453075201E+03,  5.64457224811750E+03
 2.00791666700000E+03,  2.87312729122515E-02,  9.00000000000000E-01, -5.33813658185905E-01,  2.76310000000008E+02,  4.70337750664246E+03,  5.24413967307599E+03
 2.00800000000000E+03,  7.45578612708753E-02,  5.77500000000000E-01, -5.37636041647561E-01,  2.76490000000008E+02,  4.17130574680878E+03,  4.69924398023617E+03
 2.00808333300000E+03,  2.44102735117845E-01,  9.42500000000000E-01, -5.41438585477031E-01,  2.76670000000008E+02,  3.84518494049914E+03,  4.18214533106900E+03
 2.00816666700000E+03,  6.05189480539115E-01,  1.05250000000000E+00, -5.45221402366952E-01,  2.76850000000008E+02,  3.83833919249711E+03,  3.98261008233949E+03
 2.00825000000000E+03,  1.15575727585702E+00,  8.72500000000000E-01, -3.77752517530730E-01,  2.77030000000008E+02,  4.20054451870754E+03,  4.30791414093662E+03
 2.00833333300000E+03,  1.60973195095475E+00,  1.43750000000000E+00, -3.82392283708538E-01,  2.77210000000008E+02,  4.87692911497451E+03,  5.10290964641766E+03
 2.00841666700000E+03,  1.80498261946899E+00,  2.05500000000000E+00, -3.87007566695385E-01,  2.77390000000008E+02,  5.72335837433161E+03,  6.08771961928554E+03
 2.00850000000000E+03,  1.71789789280203E+00,  1.93750000000000E+00, -3.91598505360053E-01,  2.77570000000008E+02,  6.57324569944007E+03,  7.02587275776884E+03
 2.00858333300000E+03,  1.36982458145714E+00,  1.71500000000000E+00, -3.96165237810237E-01,  2.77750000000008E+02,  7.28763062490362E+03,  7.86881962963240E+03
 2.00866666700000E+03,  8.20758292151966E-01,  1.51250000000000E+00, -4.00707901395247E-01,  2.77930000000008E+02,  7.76651930634060E+03,  8.63617457328959E+03
 2.00875000000000E+03,  1.63292346377653E-01,  8.37500000000000E-01, -4.08427018011098E-01,  2.78110000000008E+02,  7.95951464199062E+03,  9.29520853687513E+03
 2.00883333300000E+03, -4.05938244669852E-01,  1.35000000000000E-01, -4.12905105056948E-01,  2.78290000000008E+02,  7.88800575690166E+03,  9.76749185714264E+03
 2.00891666700000E+03, -7.56182992274408E-01, -2.25000000000000E-01, -4.17359626418492E-01,  2.78470000000008E+02,  7.64938071687001E+03,  9.94637839276890E+03
 2.00900000000000E+03, -8.23314663273909E-01, -8.30000000000000E-01, -4.21790715908939E-01,  2.78650000000008E+02,  7.37069460200540E+03,  9.73021576625018E+03
 2.00908333300000E+03, -6.09077166788211E-01, -1.53750000000000E+00, -4.26198506598944E-01,  2.78830000000008E+02,  7.12074984386911E+03,  9.12409730477580E+03
 2.00916666700000E+03,  1.55768020882627E-02, -1.70750000000000E+00, -4.30583130819447E-01,  2.79010000000008E+02,  6.85613209161696E+03,  8.27389720199829E+03
 2.00925000000000E+03,  8.34490131616204E-01, -1.38000000000000E+00, -1.11368039716871E-01,  2.79190000000008E+02,  6.46289157640573E+03,  7.34181553168954E+03
 2.00933333300000E+03,  1.32283585817136E+00, -5.05000000000000E-01, -1.17425895531831E-01,  2.79370000000008E+02,  5.84950448706395E+03,  6.38863773738975E+03
 2.00941666700000E+03,  1.70171722150391E+00,  8.50000000000000E-01, -1.23451307841149E-01,  2.79550000000008E+02,  5.01402894760568E+03,  5.41118727194035E+03
 2.00950000000000E+03,  2.13772965706067E+00,  1.65250000000000E+00, -1.29444456205243E-01,  2.79730000000008E+02,  4.06871237260096E+03,  4.43907171504140E+03
 2.00958333300000E+03,  2.41082172260075E+00,  1.30250000000000E+00, -1.35405519340148E-01,  2.79910000000008E+02,  3.21495224529876E+03,  3.54925194832219E+03
 2.00966666700000E+03,  2.59310464936535E+00,  9.05000000000000E-01, -1.41334675117666E-01,  2.80090000000008E+02,  2.65467690474689E+03,  2.82648916926060E+03
 2.00975000000000E+03,  2.71686723726706E+00,  9.65000000000000E-01, -1.48054646253685E-01,  2.80270000000008E+02,  2.48773145404267E+03,  2.34866366729008E+03
 2.00983333300000E+03,  2.58635141901157E+00,  7.90000000000000E-01, -1.53916117046441E-01,  2.80450000000008E+02,  2.66835463423022E+03,  2.15907292080899E+03
 2.00991666700000E+03,  2.18884417856782E+00,  5.10000000000000E-01, -1.59746233497985E-01,  2.80630000000008E+02,  3.03265126889872E+03,  2.19640499335778E+03
 2.01000000000000E+03,  1.88542657821668E+00,  6.72500000000000E-01, -1.65545169988475E-01,  2.80810000000008E+02,  3.37629290505403E+03,  2.29660063584178E+03
 2.01008333300000E+03,  2.00524402069457E+00,  1.53000000000000E+00, -1.71313100055916E-01,  2.80990000000008E+02,  3.54747278378959E+03,  2.30879274132454E+03
 2.01016666700000E+03,  2.19390280177183E+00,  2.77000000000000E+00, -1.77050196396811E-01,  2.81170000000008E+02,  3.49815465120679E+03,  2.16634722329528E+03
 2.01025000000000E+03,  2.12200151393678E+00,  3.82000000000000E+00, -1.64873417612266E-01,  2.81350000000008E+02,  3.29502610452124E+03,  1.86705376291019E+03
 2.01033333300000E+03,  2.30810901975813E+00,  4.30500000000000E+00, -1.70644939129991E-01,  2.81530000000008E+02,  3.12789254787888E+03,  1.50271675809405E+03
 2.01041666700000E+03,  2.90917834447717E+00,  4.33750000000000E+00, -1.76385606911577E-01,  2.81710000000008E+02,  3.24125048435917E+03,  1.27232803327526E+03
 2.01050000000000E+03,  3.40212471290625E+00,  4.51000000000000E+00, -1.82095592910340E-01,  2.81890000000008E+02,  3.73231915456425E+03,  1.30965908500899E+03
 2.01058333300000E+03,  3.41883557486456E+00,  4.70250000000000E+00, -1.87775068239529E-01,  2.82070000000008E+02,  4.41680971920442E+03,  1.53332234846204E+03
 2.01066666700000E+03,  3.08291067247131E+00,  4.19500000000000E+00, -1.93424203173195E-01,  2.82250000000008E+02,  4.96270538804851E+03,  1.76580036786097E+03
 2.01075000000000E+03,  2.59005207346116E+00,  3.15500000000000E+00, -1.93868869808130E-01,  2.82430000000008E+02,  5.12709955090637E+03,  1.88534890797618E+03
 2.01083333300000E+03,  1.82450616214309E+00,  2.33000000000000E+00, -1.99485459218672E-01,  2.82610000000008E+02,  4.85678318646083E+03,  1.83899718600127E+03
 2.01091666700000E+03,  9.42686974469903E-01,  1.81000000000000E+00, -2.05072059541891E-01,  2.82790000000008E+02,  4.31025217880586E+03,  1.75850606004441E+03
 2.01100000000000E+03,  3.91734418185438E-01,  1.33000000000000E+00, -2.10628838474188E-01,  2.82970000000008E+02,  3.85763571421526E+03,  2.04717100426071E+03
 2.01108333300000E+03,  4.71891602900648E-01,  8.60000000000000E-01, -2.16155962877027E-01,  2.83150000000008E+02,  3.88930541620564E+03,  2.99675875837275E+03
 2.01116666700000E+03,  1.20391442213512E+00,  6.00000000000000E-01, -2.21653598778145E-01,  2.83330000000008E+02,  4.47628410767443E+03,  4.34048198032423E+03
 2.01125000000000E+03,  1.90984726950077E+00,  8.00000000000000E-01, -3.66286457017096E-01,  2.83510000000008E+02,  5.27514404543034E+03,  5.48780894133910E+03
 2.01133333300000E+03,  2.00942386887933E+00,  1.25750000000000E+00, -3.70986768504933E-01,  2.83690000000008E+02,  5.80963129061188E+03,  6.03853893533998E+03
 2.01141666700000E+03,  2.01969874865061E+00,  1.32500000000000E+00, -3.75662253511202E-01,  2.83870000000008E+02,  5.78181224132337E+03,  5.83626106186210E+03
 2.01150000000000E+03,  2.26125570853199E+00,  1.09500000000000E+00, -3.80313052779672E-01,  2.84050000000008E+02,  5.16370466054551E+03,  4.93158536742054E+03
 2.01158333300000E+03,  2.37230481686385E+00,  1.14750000000000E+00, -3.84939306286516E-01,  2.84230000000008E+02,  4.17767145218349E+03,  3.79102615340450E+03
 2.01166666700000E+03,  2.18194666011958E+00,  1.07000000000000E+00, -3.89541153242951E-01,  2.84410000000008E+02,  3.22885359490009E+03,  3.06400939143537E+03
 2.01175000000000E+03,  1.75752869067937E+00,  3.22500000000000E-01, -3.91940073241545E-01,  2.84590000000008E+02,  2.69653787554129E+03,  2.89306783951986E+03
 2.01183333300000E+03,  1.21143441766827E+00, -4.82500000000000E-01, -3.96505005128620E-01,  2.84770000000008E+02,  2.68682596366488E+03,  2.88064407727632E+03
 2.01191666700000E+03,  6.97161938037675E-01, -7.37500000000000E-01, -4.01045878368126E-01,  2.84950000000008E+02,  3.01374697400203E+03,  2.72886373391052E+03
 2.01200000000000E+03,  2.89267002013636E-01, -6.05000000000000E-01, -4.05562829497442E-01,  2.85130000000008E+02,  3.41333836003111E+03,  2.42205007847905E+03
 2.01208333300000E+03, -5.38215715559525E-02, -2.57500000000000E-01, -4.10055994301234E-01,  2.85310000000008E+02,  3.73107823410298E+03,  1.98120478555342E+03
 2.01216666700000E+03,  4.88745929675894E-02,  1.60000000000000E-01, -4.14525507814224E-01,  2.85490000000008E+02,  3.96166987528923E+03,  1.55258725285640E+03
 2.01225000000000E+03,  6.51814475769966E-01,  6.95000000000000E-01, -2.40961931009797E-01,  2.85670000000008E+02,  4.22061000582209E+03,  1.44408433986730E+03
 2.01233333300000E+03,  1.17150554893729E+00,  1.59000000000000E+00, -2.46327321528493E-01,  2.85850000000008E+02,  4.67243563680300E+03,  1.71297234432065E+03
 2.01241666700000E+03,  1.75640280691689E+00,  2.66750000000000E+00, -2.51664130727671E-01,  2.86030000000008E+02,  5.39257154499081E+03,  2.13210823078784E+03
 2.01250000000000E+03,  2.52611266837146E+00,  3.52250000000000E+00, -2.56972519204298E-01,  2.86210000000008E+02,  6.25670542309407E+03,  2.68454957551377E+03
 2.01258333300000E+03,  3.06330630925307E+00,  4.03250000000000E+00, -2.62252646732730E-01,  2.86390000000008E+02,  6.97374697139417E+03,  3.50508008845963E+03
 2.01266666700000E+03,  3.20559431351132E+00,  3.96250000000000E+00, -2.67504672266418E-01,  2.86570000000008E+02,  7.24090863604907E+03,  4.37200619771973E+03
 2.01275000000000E+03,  2.95201307902506E+00,  3.00250000000000E+00, -2.74858053576528E-01,  2.86750000000008E+02,  6.91652292155397E+03,  4.88829828196286E+03
 2.01283333300000E+03,  2.32743267162189E+00,  1.82250000000000E+00, -2.80043025611609E-01,  2.86930000000008E+02,  6.10282958621377E+03,  4.97672827856443E+03
 2.01291666700000E+03,  1.46413408845834E+00,  1.25750000000000E+00, -2.85200431399241E-01,  2.87110000000008E+02,  5.07001289737479E+03,  4.67658348139777E+03
 2.01300000000000E+03,  6.80031272620097E-01,  1.10000000000000E+00, -2.90330426295058E-01,  2.87290000000008E+02,  4.10141230534932E+03,  3.90018716492304E+03
 2.01308333300000E+03,  3.20374263289917E-01,  1.11000000000000E+00, -2.95433164843884E-01,  2.87470000000008E+02,  3.41723714283513E+03,  2.88006123116964E+03
 2.01316666700000E+03,  8.15036566745586E-01,  1.23750000000000E+00, -3.00508800781754E-01,  2.87650000000008E+02,  3.15417611182297E+03,  2.29065367600330E+03
 2.01325000000000E+03,  1.99427646175845E+00,  1.14750000000000E+00, -1.69966382094354E-01,  2.87830000000008E+02,  3.28897976758690E+03,  2.50341070442184E+03
 2.01333333300000E+03,  2.98622861439809E+00,  7.80000000000000E-01, -1.75710676982695E-01,  2.88010000000008E+02,  3.60874073555472E+03,  3.21627727717541E+03
 2.01341666700000E+03,  3.55499260267684E+00,  7.77500000000000E-01, -1.81424269867486E-01,  2.88190000000008E+02,  3.85618513452141E+03,  3.96834979240496E+03
 2.01350000000000E+03,  3.74087754770082E+00,  1.37000000000000E+00, -1.87107331960932E-01,  2.88370000000008E+02,  3.88346011324050E+03,  4.48988587189575E+03
 2.01358333300000E+03,  3.41876258495695E+00,  1.90250000000000E+00, -1.92760033635935E-01,  2.88550000000008E+02,  3.65811144498646E+03,  4.58815763487579E+03
 2.01366666700000E+03,  2.72447196201979E+00,  2.44750000000000E+00, -1.98382544427021E-01,  2.88730000000008E+02,  3.26626905848762E+03,  4.26301431584569E+03
 2.01375000000000E+03,  1.85894425490315E+00,  2.51250000000000E+00, -2.02694404515655E-01,  2.88910000000008E+02,  2.96044495886945E+03,  3.90193223742950E+03
 2.01383333300000E+03,  1.06699054921336E+00,  1.41750000000000E+00, -2.08263874485885E-01,  2.89090000000008E+02,  3.02701587607353E+03,  3.95963532242717E+03
 2.01391666700000E+03,  7.58153896659432E-01,  1.65000000000000E-01, -2.13803618903293E-01,  2.89270000000008E+02,  3.50432588613603E+03,  4.50870388515209E+03
 2.01400000000000E+03,  1.11550074104387E+00, -5.07500000000000E-01, -2.19313804150844E-01,  2.89450000000008E+02,  4.11937851288896E+03,  5.27580666556304E+03
 2.01408333300000E+03,  1.75063450441794E+00, -7.52500000000000E-01, -2.24794595778500E-01,  2.89630000000008E+02,  4.52012917361996E+03,  5.93768244932376E+03
 2.01416666700000E+03,  1.82384947802656E+00, -9.27500000000000E-01, -2.30246158504540E-01,  2.89810000000008E+02,  4.49842005521485E+03,  6.28111920026435E+03
 2.01425000000000E+03,  1.32862635637471E+00, -8.57500000000000E-01, -3.30528691928167E-01,  2.89990000000008E+02,  4.05578174982363E+03,  6.25373078967806E+03
 2.01433333300000E+03,  1.28042730267907E+00, -2.70000000000000E-01, -3.35418175375911E-01,  2.90170000000008E+02,  3.39352240431942E+03,  5.95534871751616E+03
 2.01441666700000E+03,  1.89213679733975E+00,  6.77500000000000E-01, -3.40281761037910E-01,  2.90350000000008E+02,  2.82506645271445E+03,  5.56095066695561E+03
 2.01450000000000E+03,  2.78717520564363E+00,  1.91500000000000E+00, -3.45119595448150E-01,  2.90530000000008E+02,  2.59949858781734E+03,  5.28590367045880E+03
 2.01458333300000E+03,  3.67434454307142E+00,  2.81750000000000E+00, -3.49931824354232E-01,  2.90710000000009E+02,  2.78444696290647E+03,  5.38255713707556E+03
 2.01466666700000E+03,  4.16109092187830E+00,  2.93500000000000E+00, -3.54718592719797E-01,  2.90890000000009E+02,  3.30526577407104E+03,  6.01318467140995E+03
 2.01475000000000E+03,  4.09878620995652E+00,  2.21500000000000E+00, -3.56265825564222E-01,  2.91070000000009E+02,  4.02528665816798E+03,  7.05344696132024E+03
 2.01483333300000E+03,  3.58787716887560E+00,  1.01500000000000E+00, -3.61019096578127E-01,  2.91250000000009E+02,  4.74423035891566E+03,  8.05139128991724E+03
 2.01491666700000E+03,  2.82858066180291E+00,  2.47500000000000E-01, -3.65747240985386E-01,  2.91430000000009E+02,  5.17911340047408E+03,  8.43137584473330E+03
 2.01500000000000E+03,  2.18059381599865E+00, -9.00000000000000E-02, -3.70450401161346E-01,  2.91610000000009E+02,  5.07070102966561E+03,  7.83362576485527E+03
 2.01508333300000E+03,  1.93525918395460E+00, -5.45000000000000E-01, -3.75128718708253E-01,  2.91790000000009E+02,  4.38228695931190E+03,  6.34865169926657E+03
 2.01516666700000E+03,  1.46527279639088E+00, -1.01500000000000E+00, -3.79782334457841E-01,  2.91970000000009E+02,  3.35944344896031E+03,  4.45538408950356E+03
 2.01525000000000E+03,  6.15165486922414E-01, -7.52500000000000E-01, -4.23117858407971E-01,  2.92150000000009E+02,  2.36246632156926E+03,  2.75515163534131E+03
 2.01533333300000E+03,  5.02023585251056E-01, -7.00000000000000E-02, -4.27518672865181E-01,  2.92330000000009E+02,  1.68572786247419E+03,  1.71790179062455E+03
 2.01541666700000E+03,  1.01337425983506E+00,  3.97500000000000E-01, -4.31896360478964E-01,  2.92510000000009E+02,  1.49416919411901E+03,  1.49174280744950E+03
 2.01550000000000E+03,  1.34722749944640E+00,  9.90000000000000E-01, -4.36251052622508E-01,  2.92690000000009E+02,  1.74447778979569E+03,  1.82457303830226E+03
 2.01558333300000E+03,  1.39723843665894E+00,  1.78750000000000E+00, -4.40582879935882E-01,  2.92870000000009E+02,  2.13489076596043E+03,  2.24961978146816E+03
 2.01566666700000E+03,  1.27336577075436E+00,  2.57500000000000E+00, -4.44891972328920E-01,  2.93050000000009E+02,  2.32872865060544E+03,  2.43291050550731E+03
 2.01575000000000E+03,  1.17697348332115E+00,  2.65500000000000E+00, -4.51043029353499E-01,  2.93230000000009E+02,  2.27091721681755E+03,  2.31536440949719E+03
 2.01583333300000E+03,  1.20077448402992E+00,  2.13250000000000E+00, -4.55297264480391E-01,  2.93410000000009E+02,  2.13061091595952E+03,  1.95768172033957E+03
 2.01591666700000E+03,  1.31448862163158E+00,  2.00500000000000E+00, -4.59529205612915E-01,  2.93590000000009E+02,  1.99975090889218E+03,  1.40593324981520E+03
 2.01600000000000E+03,  1.47617553402133E+00,  1.93000000000000E+00, -4.63738979456403E-01,  2.93770000000009E+02,  1.87936438650463E+03,  7.99775774099217E+02
 2.01608333300000E+03,  1.69716450246617E+00,  1.63750000000000E+00, -4.67926712001929E-01,  2.93950000000009E+02,  1.86689590260341E+03,  4.89690100029286E+02
 2.01616666700000E+03,  2.01270153332188E+00,  1.58250000000000E+00, -4.72092528529292E-01,  2.94130000000009E+02,  2.06775279866049E+03,  8.08938365415331E+02
 2.01625000000000E+03,  2.48462512195063E+00,  2.02500000000000E+00, -2.56462996985827E-01,  2.94310000000009E+02,  2.38210866932273E+03,  1.69880707893428E+03
 2.01633333300000E+03,  3.07904900451433E+00,  2.99500000000000E+00, -2.61745836754014E-01,  2.94490000000009E+02,  2.62288099974502E+03,  2.78249220943123E+03
 2.01641666700000E+03,  3.56874404855491E+00,  3.79500000000000E+00, -2.67000559269188E-01,  2.94670000000009E+02,  2.75003543068274E+03,  3.78778661533704E+03
 2.01650000000000E+03,  3.76046175394287E+00,  4.13500000000000E+00, -2.72227322744393E-01,  2.94850000000009E+02,  2.77285434548340E+03,  4.56491974477960E+03
 2.01658333300000E+03,  3.52748303434191E+00,  4.32000000000000E+00, -2.77426284575161E-01,  2.95030000000009E+02,  2.57595602910759E+03,  4.81581423641396E+03
 2.01666666700000E+03,  2.72242905700169E+00,  4.19250000000000E+00, -2.82597601341370E-01,  2.95210000000009E+02,  2.10286260049866E+03,  4.39084074281118E+03
 2.01675000000000E+03,  1.63746405752166E+00,  3.83250000000000E+00, -2.90160619666291E-01,  2.95390000000009E+02,  1.59305156067616E+03,  3.79483531054197E+03
 2.01683333300000E+03,  9.77486386545275E-01,  3.55250000000000E+00, -2.95264260277354E-01,  2.95570000000009E+02,  1.39245837352149E+03,  3.76766511748609E+03
 2.01691666700000E+03,  9.53499048563726E-01,  3.02500000000000E+00, -3.00340793188507E-01,  2.95750000000009E+02,  1.59706259916582E+03,  4.42326487185631E+03
 2.01700000000000E+03,  1.24078878307279E+00,  2.34000000000000E+00, -3.05390371355790E-01,  2.95930000000009E+02,  2.03601525849965E+03,  5.31717343122699E+03
 2.01708333300000E+03,  1.49530476886083E+00,  1.92500000000000E+00, -3.10413146930541E-01,  2.96110000000009E+02,  2.48752172136632E+03,  6.08636811979831E+03
 2.01716666700000E+03,  2.23258585057523E+00,  1.92000000000000E+00, -3.15409271261532E-01,  2.96290000000009E+02,  2.75856188676177E+03,  6.48512296134526E+03
 2.01725000000000E+03,  3.45446475159579E+00,  2.42750000000000E+00, -3.57890826965840E-01,  2.96470000000009E+02,  2.67909146883942E+03,  6.18293678748043E+03
 2.01733333300000E+03,  3.79445311102120E+00,  2.85750000000000E+00, -3.62635506868487E-01,  2.96650000000009E+02,  2.21435556325047E+03,  5.11567673581385E+03
 2.01741666700000E+03,  3.33439591036306E+00,  2.89000000000000E+00, -3.67355108840564E-01,  2.96830000000009E+02,  1.57080088219443E+03,  3.77696088846858E+03
 2.01750000000000E+03,  3.00612039178012E+00,  2.86500000000000E+00, -3.72049774993287E-01,  2.97010000000009E+02,  1.08625978466445E+03,  2.77603359747245E+03
 2.01758333300000E+03,  2.93068903075183E+00,  2.99000000000000E+00, -3.76719646665655E-01,  2.97190000000009E+02,  9.87369348011931E+02,  2.30344384549640E+03
 2.01766666700000E+03,  2.92878682096624E+00,  3.41750000000000E+00, -3.81364864427046E-01,  2.97370000000009E+02,  1.25413764810794E+03,  2.19554264686036E+03
 2.01775000000000E+03,  2.82203946006633E+00,  3.73000000000000E+00, -3.82236103483362E-01,  2.97550000000009E+02,  1.69022824378882E+03,  2.28168413535087E+03
 2.01783333300000E+03,  2.59145671317681E+00,  3.56250000000000E+00, -3.86852210446565E-01,  2.97730000000009E+02,  2.08172895718310E+03,  2.47122300977535E+03
 2.01791666700000E+03,  2.22599251508650E+00,  2.94250000000000E+00, -3.91443968413548E-01,  2.97910000000009E+02,  2.26888050431721E+03,  2.60233455330903E+03
 2.01800000000000E+03,  1.78409938707484E+00,  1.74000000000000E+00, -3.96011515517646E-01,  2.98090000000009E+02,  2.14269586744036E+03,  2.46792967693831E+03
 2.01808333300000E+03,  1.38895739647393E+00,  8.82500000000000E-01, -4.00554989133721E-01,  2.98270000000009E+02,  1.71402553382437E+03,  2.10479694034303E+03
 2.01816666700000E+03,  8.48941056945361E-01,  7.85000000000000E-01, -4.05074525880878E-01,  2.98450000000009E+02,  1.19012992842959E+03,  1.80669741857152E+03
 2.01825000000000E+03,  2.84923080080318E-01,  4.57500000000000E-01, -6.24008313451446E-01,  2.98630000000009E+02,  8.49250648750653E+02,  1.71027680918768E+03
 2.01833333300000E+03,  3.36014464851144E-01, -6.25000000000000E-02, -6.27365332817843E-01,  2.98810000000009E+02,  8.11131838759137E+02,  1.72177242683544E+03
 2.01841666700000E+03,  8.93536669076351E-01, -2.05000000000000E-01, -6.30705151215135E-01,  2.98990000000009E+02,  9.91782894370806E+02,  1.90345492234494E+03
 2.01850000000000E+03,  1.42976483134731E+00,  1.47500000000000E-01, -6.34027865914385E-01,  2.99170000000009E+02,  1.22383175769920E+03,  2.37151190818529E+03
 2.01858333300000E+03,  1.69625182343267E+00,  8.17500000000000E-01, -6.37333573612390E-01,  2.99350000000009E+02,  1.34974039842626E+03,  2.85016108220064E+03
 2.01866666700000E+03,  1.62408606785249E+00,  1.25750000000000E+00, -6.40622370434726E-01,  2.99530000000009E+02,  1.28921325856201E+03,  2.98275096415233E+03
 2.01875000000000E+03,  1.28545325300166E+00,  6.27500000000000E-01, -6.41738228410588E-01,  2.99710000000009E+02,  1.09686298108720E+03,  2.88123067932927E+03
 2.01883333300000E+03,  7.33669129742797E-01, -5.87500000000000E-01, -6.45004506695936E-01,  2.99890000000009E+02,  9.17042395323617E+02,  2.81705261380027E+03
 2.01891666700000E+03,  1.10002029327864E-01, -8.30000000000000E-01, -6.48254096867712E-01,  3.00070000000009E+02,  8.81615701834448E+02,  2.91412407194712E+03
 2.01900000000000E+03, -3.85029421576675E-01, -2.15000000000000E-01, -6.51487093165271E-01,  3.00250000000009E+02,  1.05173905615649E+03,  3.53774156413376E+03
 2.01908333300000E+03, -6.23352098846602E-01,  4.75000000000000E-01, -6.54703589269854E-01,  3.00430000000009E+02,  1.37087711038017E+03,  5.07892747697768E+03
 2.01916666700000E+03,  1.64176158587646E-01,  9.22500000000000E-01, -6.57903678307585E-01,  3.00610000000009E+02,  1.67902974785831E+03,  7.08807672748333E+03
 2.01925000000000E+03,  1.79720811889952E+00,  9.47500000000000E-01, -5.95751869962150E-01,  3.00790000000009E+02,  1.85062126571782E+03,  8.56363737125773E+03
 2.01933333300000E+03,  2.58157844417248E+00,  9.90000000000000E-01, -5.99254027921054E-01,  3.00970000000009E+02,  1.84706245442070E+03,  8.99552205092591E+03
 2.01941666700000E+03,  2.52508094143203E+00,  1.77500000000000E+00, -6.02738163270291E-01,  3.01150000000009E+02,  1.64059848023937E+03,  8.37189146905412E+03
 2.01950000000000E+03,  2.37748959378107E+00,  2.84750000000000E+00, -6.06204378116663E-01,  3.01330000000009E+02,  1.31989271692287E+03,  6.90389029999716E+03
 2.01958333300000E+03,  2.05207739195293E+00,  2.99250000000000E+00, -6.09652773967547E-01,  3.01510000000009E+02,  1.22335871762375E+03,  5.43009807318884E+03
 2.01966666700000E+03,  1.41815232263777E+00,  2.27500000000000E+00, -6.13083451733971E-01,  3.01690000000009E+02,  1.64315521942911E+03,  5.01930184831808E+03
 2.01975000000000E+03,  6.54928321571109E-01,  1.48750000000000E+00, -6.21024922935349E-01,  3.01870000000009E+02,  2.49834736201614E+03,  5.80088701776156E+03
 2.01983333300000E+03,  2.65903153179194E-01,  1.16500000000000E+00, -6.24397236514199E-01,  3.02050000000009E+02,  3.53710879983754E+03,  7.21558221490492E+03
 2.01991666700000E+03,  3.33887141418566E-01,  1.14500000000000E+00, -6.27752262615559E-01,  3.02230000000009E+02,  4.51316218084055E+03,  8.95290024537942E+03
 2.02000000000000E+03,  6.37424411212678E-01,  1.59000000000000E+00, -6.31090099020909E-01,  3.02410000000009E+02,  4.99429215118083E+03,  1.05092172942214E+04
 2.02008333300000E+03,  1.00064109858618E+00,  2.75000000000000E+00, -6.34410842934776E-01,  3.02590000000009E+02,  4.61659082423811E+03,  1.09565369227871E+04
 2.02016666700000E+03,  2.05824031505752E+00,  3.46250000000000E+00, -6.37714590987776E-01,  3.02770000000009E+02,  3.66873787486982E+03,  1.01681688483703E+04
 2.02025000000000E+03,  3.72070859366980E+00,  3.24000000000000E+00, -3.56699682165179E-01,  3.02950000000009E+02,  2.77412997481355E+03,  8.87782840638859E+03
 2.02033333300000E+03,  4.31367287549505E+00,  2.74250000000000E+00, -3.61450659342819E-01,  3.03130000000009E+02,  2.15468794761537E+03,  7.33022398964072E+03
 2.02041666700000E+03,  3.87489216404043E+00,  2.74250000000000E+00, -3.66176522909980E-01,  3.03310000000009E+02,  1.86454891410465E+03,  5.67723903426710E+03
 2.02050000000000E+03,  3.46987524268125E+00,  3.42500000000000E+00, -3.70877415171504E-01,  3.03490000000009E+02,  2.12131616683842E+03,  4.98237456608103E+03
 2.02058333300000E+03,  3.30368717745990E+00,  3.75500000000000E+00, -3.75553477659373E-01,  3.03670000000009E+02,  2.67155267102712E+03,  5.71217848990355E+03
 2.02066666700000E+03,  3.26955575470937E+00,  3.30250000000000E+00, -3.80204851135291E-01,  3.03850000000009E+02,  2.76890190789359E+03,  6.56177953160399E+03
 2.02075000000000E+03,  3.08953067580679E+00,  2.50000000000000E+00, -3.87772405699430E-01,  3.04030000000009E+02,  2.34205284829527E+03,  6.48254993894620E+03
 2.02083333300000E+03,  2.65507682330423E+00,  1.72500000000000E+00, -3.92359310993910E-01,  3.04210000000009E+02,  1.97797758756048E+03,  5.83266772282542E+03
 2.02091666700000E+03,  2.13444493217064E+00,  1.44500000000000E+00, -3.96922032958081E-01,  3.04390000000009E+02,  1.64413257467879E+03,  4.68372824295426E+03
 2.02100000000000E+03,  1.69363170790259E+00,  1.42000000000000E+00, -4.01460708815452E-01,  3.04570000000009E+02,  1.01009986834909E+03,  2.91647009079870E+03
 2.02108333300000E+03,  1.34296724098078E+00,  1.32500000000000E+00, -4.05975475034322E-01,  3.04750000000009E+02,  7.02286066449312E+02,  2.10702648789820E+03
 2.02116666700000E+03,  1.31346501560342E+00,  1.08000000000000E+00, -4.10466467330536E-01,  3.04930000000009E+02,  1.41275718739917E+03,  3.95458149316333E+03
 2.02125000000000E+03,  1.63552024157146E+00,  7.67500000000000E-01, -5.26528359707891E-01,  3.05110000000009E+02,  2.45767406268892E+03,  7.33725977441621E+03
 2.02133333300000E+03,  1.87253875331547E+00,  8.75000000000000E-01, -5.30388583468045E-01,  3.05290000000009E+02,  2.91848152877901E+03,  9.86557578771853E+03
 2.02141666700000E+03,  2.05547074970936E+00,  1.43000000000000E+00, -5.34228752626793E-01,  3.05470000000009E+02,  3.01424621415151E+03,  1.08141522929240E+04
 2.02150000000000E+03,  2.33266697886843E+00,  2.04000000000000E+00, -5.38048981118127E-01,  3.05650000000009E+02,  2.95470083664290E+03,  1.02406184934161E+04
 2.02158333300000E+03,  2.55169909007047E+00,  2.78750000000000E+00, -5.41849382218432E-01,  3.05830000000009E+02,  2.22897482178832E+03,  7.95951178058595E+03
 2.02166666700000E+03,  2.57628702573828E+00,  3.84750000000000E+00, -5.45630068549585E-01,  3.06010000000009E+02,  1.18217148701603E+03,  5.33914245229755E+03
 2.02175000000000E+03,  2.44461787707261E+00,  4.53250000000000E+00, -5.43624817546773E-01,  3.06190000000009E+02,  1.20319635997333E+03,  4.95580324910341E+03
 2.02183333300000E+03,  2.38925132449830E+00,  4.08250000000000E+00, -5.47396297064008E-01,  3.06370000000009E+02,  2.55099971672845E+03,  7.15539909891177E+03
 2.02191666700000E+03,  2.45281099725475E+00,  2.85250000000000E+00, -5.51148226068643E-01,  3.06550000000009E+02,  4.02684770088948E+03,  9.82576038333385E+03
 2.02200000000000E+03,  2.52110064083296E+00,  1.88250000000000E+00, -5.54880715579889E-01,  3.06730000000009E+02,  4.91914659677508E+03,  1.15457450405440E+04
 2.02208333300000E+03,  2.51378181839477E+00,  1.16500000000000E+00, -5.58593875973215E-01,  3.06910000000009E+02,  5.29212105466689E+03,  1.21238514023507E+04
 2.02216666700000E+03,  2.40115159709911E+00,  6.87500000000000E-01, -5.62287816983452E-01,  3.07090000000009E+02,  4.89527978707016E+03,  1.11213606116200E+04
 2.02225000000000E+03,  2.35031621358061E+00,  1.10000000000000E+00, -8.89022911329873E-01,  3.07270000000009E+02,  3.73460423416040E+03,  8.67899557238637E+03
 2.02233333300000E+03,  2.53122154033635E+00,  1.79000000000000E+00, -8.91056051703787E-01,  3.07450000000009E+02,  2.85712273258988E+03,  6.40772875227177E+03
 2.02241666700000E+03,  2.81419688804215E+00,  1.86000000000000E+00, -8.93079352194583E-01,  3.07630000000009E+02,  2.98842829109490E+03,  5.34715088235654E+03
 2.02250000000000E+03,  3.00888651453045E+00,  2.11000000000000E+00, -8.95092866069489E-01,  3.07810000000009E+02,  3.21502761120576E+03,  3.76073856307377E+03
 2.02258333300000E+03,  3.09129544047489E+00,  3.62000000000000E+00, -8.97096646277439E-01,  3.07990000000009E+02,  5.24907903183422E+03,  4.88653673969638E+03
